snapshot_utc,station_id,num_bikes_available,num_ebikes_available,num_docks_available,num_bikes_disabled,num_docks_disabled,is_installed,is_renting,is_returning,last_reported
2026-06-18T00:04:20Z,1,8,0,15,0,0,1,1,1,1781740752
2026-06-18T00:04:20Z,2,13,5,13,1,0,1,1,1,1781741029
2026-06-18T00:04:20Z,3,16,5,3,0,0,1,1,1,1781741016
2026-06-18T00:04:20Z,4,13,1,10,0,0,1,1,1,1781740939
2026-06-18T00:04:20Z,5,2,0,20,1,0,1,1,1,1781740978
2026-06-18T00:04:20Z,6,7,1,8,0,0,1,1,1,1781739969
2026-06-18T00:04:20Z,7,12,0,11,0,0,1,1,1,1781741016
2026-06-18T00:04:20Z,8,41,3,2,0,0,1,1,1,1781740409
2026-06-18T00:04:20Z,9,2,1,21,0,0,1,1,1,1781741031
2026-06-18T00:04:20Z,10,8,6,12,3,0,1,1,1,1781739745
2026-06-18T00:04:20Z,11,0,0,19,0,0,1,1,1,1781741038
2026-06-18T00:04:20Z,12,0,0,23,0,0,1,1,1,1781740633
2026-06-18T00:04:20Z,13,11,0,20,0,0,1,1,1,1781740891
2026-06-18T00:04:20Z,14,39,0,4,0,0,1,1,1,1781740974
2026-06-18T00:04:20Z,15,14,1,0,1,0,1,1,1,1781740622
2026-06-18T00:04:20Z,16,6,1,18,3,0,1,1,1,1781740000
2026-06-18T00:04:20Z,17,22,2,3,2,0,1,1,1,1781741005
2026-06-18T00:04:20Z,18,17,0,1,1,0,1,1,1,1781739806
2026-06-18T00:04:20Z,19,11,0,16,0,0,1,1,1,1781740813
2026-06-18T00:04:20Z,20,24,1,3,0,0,1,1,1,1781740412
2026-06-18T00:04:20Z,21,16,1,1,2,0,1,1,1,1781741040
2026-06-18T00:04:20Z,22,8,1,58,0,0,1,1,1,1781739770
2026-06-18T00:04:20Z,23,19,0,12,0,0,1,1,1,1781741051
2026-06-18T00:04:20Z,24,7,2,2,2,0,1,1,1,1781741048
2026-06-18T00:04:20Z,25,69,1,12,0,0,1,1,1,1781740806
2026-06-18T00:04:20Z,26,2,0,25,0,0,1,1,1,1781740989
2026-06-18T00:04:20Z,28,5,2,8,2,0,1,1,1,1781740945
2026-06-18T00:04:20Z,30,3,1,24,2,0,1,1,1,1781740933
2026-06-18T00:04:20Z,31,17,1,1,1,0,1,1,1,1781741056
2026-06-18T00:04:20Z,32,1,1,25,1,0,1,1,1,1781740751
2026-06-18T00:04:20Z,34,28,2,8,1,0,1,1,1,1781740996
2026-06-18T00:04:20Z,35,45,0,1,1,0,1,1,1,1781740972
2026-06-18T00:04:20Z,36,0,0,0,0,0,0,1,1,86400
2026-06-18T00:04:20Z,37,4,0,18,1,0,1,1,1,1781740994
2026-06-18T00:04:20Z,38,2,0,21,0,0,1,1,1,1781740880
2026-06-18T00:04:20Z,39,5,3,26,0,0,1,1,1,1781740946
2026-06-18T00:04:20Z,40,4,0,17,0,0,1,1,1,1781740762
2026-06-18T00:04:20Z,41,0,0,26,1,0,1,1,1,1781738601
2026-06-18T00:04:20Z,42,10,3,20,1,0,1,1,1,1781740792
2026-06-18T00:04:20Z,43,19,7,2,2,0,1,1,1,1781741055
2026-06-18T00:04:20Z,45,0,0,31,0,0,1,1,1,1781738983
2026-06-18T00:04:20Z,46,0,0,31,0,0,1,1,1,1781740575
2026-06-18T00:04:20Z,47,4,0,11,0,0,1,1,1,1781740184
2026-06-18T00:04:20Z,48,11,0,16,0,0,1,1,1,1781740614
2026-06-18T00:04:20Z,49,2,0,17,5,0,1,1,1,1781741056
2026-06-18T00:04:20Z,50,4,3,15,0,0,1,1,1,1781740898
2026-06-18T00:04:20Z,51,39,0,40,0,0,1,1,1,1781740369
2026-06-18T00:04:20Z,52,25,1,0,2,0,1,1,1,1781741052
2026-06-18T00:04:20Z,55,1,0,20,2,0,1,1,1,1781741032
2026-06-18T00:04:20Z,56,1,1,26,0,0,1,1,1,1781739981
2026-06-18T00:04:20Z,57,0,0,25,2,0,1,1,1,1781740848
2026-06-18T00:04:20Z,58,0,0,26,2,0,1,1,1,1781740345
2026-06-18T00:04:20Z,59,1,0,24,2,0,1,1,1,1781741055
2026-06-18T00:04:20Z,61,0,0,38,1,0,1,1,1,1781737989
2026-06-18T00:04:20Z,62,29,15,19,1,0,1,1,1,1781741034
2026-06-18T00:04:20Z,63,1,1,17,1,0,1,1,1,1781740633
2026-06-18T00:04:20Z,64,9,0,6,4,0,1,1,1,1781740519
2026-06-18T00:04:20Z,65,6,3,11,2,0,1,1,1,1781740361
2026-06-18T00:04:20Z,67,21,0,18,0,0,1,1,1,1781740960
2026-06-18T00:04:20Z,68,0,0,36,0,0,1,1,1,1781740859
2026-06-18T00:04:20Z,69,12,0,3,0,0,1,1,1,1781740214
2026-06-18T00:04:20Z,71,16,1,11,0,0,1,1,1,1781741050
2026-06-18T00:04:20Z,72,2,2,27,2,0,1,1,1,1781740671
2026-06-18T00:04:20Z,73,0,0,23,0,0,1,1,1,1781740258
2026-06-18T00:04:20Z,74,6,2,12,0,1,1,1,1,1781740778
2026-06-18T00:04:20Z,75,0,0,34,1,0,1,1,1,1781739261
2026-06-18T00:04:20Z,76,0,0,19,0,0,1,1,1,1781740831
2026-06-18T00:04:20Z,77,12,1,14,1,0,1,1,1,1781741017
2026-06-18T00:04:20Z,78,9,1,14,0,0,1,1,1,1781740835
2026-06-18T00:04:20Z,79,0,0,16,1,0,1,1,1,1781740413
2026-06-18T00:04:20Z,80,13,0,9,0,1,1,1,1,1781740743
2026-06-18T00:04:20Z,81,0,0,22,1,0,1,1,1,1781739472
2026-06-18T00:04:20Z,82,0,0,21,2,0,1,1,1,1781740771
2026-06-18T00:04:20Z,83,4,3,29,1,0,1,1,1,1781740832
2026-06-18T00:04:20Z,84,9,2,17,1,0,1,1,1,1781740947
2026-06-18T00:04:20Z,85,5,1,14,0,0,1,1,1,1781741055
2026-06-18T00:04:20Z,86,0,0,27,0,0,1,1,1,1781740510
2026-06-18T00:04:20Z,87,0,0,19,0,0,1,1,1,1781737114
2026-06-18T00:04:20Z,88,25,1,2,3,1,1,1,1,1781741006
2026-06-18T00:04:20Z,89,4,1,31,0,0,1,1,1,1781740926
2026-06-18T00:04:20Z,90,1,1,15,3,0,1,1,1,1781740470
2026-06-18T00:04:20Z,91,16,1,0,1,0,1,1,1,1781737624
2026-06-18T00:04:20Z,92,10,0,8,1,0,1,1,1,1781740870
2026-06-18T00:04:20Z,93,10,0,13,0,0,1,1,1,1781740955
2026-06-18T00:04:20Z,94,2,0,17,0,0,1,1,1,1781740550
2026-06-18T00:04:20Z,95,27,1,6,1,0,1,1,1,1781740783
2026-06-18T00:04:20Z,96,31,7,0,0,0,1,1,1,1781740234
2026-06-18T00:04:20Z,97,8,1,9,0,0,1,1,1,1781740766
2026-06-18T00:04:20Z,98,32,3,2,1,0,1,1,1,1781740973
2026-06-18T00:04:20Z,99,5,1,10,0,0,1,1,1,1781741031
2026-06-18T00:04:20Z,100,14,0,12,1,0,1,1,1,1781739952
2026-06-18T00:04:20Z,101,4,1,10,1,0,1,1,1,1781740754
2026-06-18T00:04:20Z,102,9,2,13,1,0,1,1,1,1781740951
2026-06-18T00:04:20Z,103,28,2,0,4,0,1,1,1,1781740503
2026-06-18T00:04:20Z,104,14,1,12,1,0,1,1,1,1781740966
2026-06-18T00:04:20Z,105,5,0,14,0,0,1,1,1,1781740379
2026-06-18T00:04:20Z,106,13,1,6,2,0,1,1,1,1781741003
2026-06-18T00:04:20Z,107,21,2,15,1,0,1,1,1,1781741041
2026-06-18T00:04:20Z,108,28,0,4,2,1,1,1,1,1781741026
2026-06-18T00:04:20Z,109,17,1,6,0,0,1,1,1,1781740976
2026-06-18T00:04:20Z,110,17,1,6,0,0,1,1,1,1781740983
2026-06-18T00:04:20Z,111,35,1,0,1,0,1,1,1,1781740983
2026-06-18T00:04:20Z,112,8,0,9,2,0,1,1,1,1781740934
2026-06-18T00:04:20Z,113,17,2,2,0,0,1,1,1,1781741006
2026-06-18T00:04:20Z,114,0,0,31,0,0,1,1,1,1781737328
2026-06-18T00:04:20Z,115,3,2,18,4,1,1,1,1,1781740445
2026-06-18T00:04:20Z,116,8,2,18,0,1,1,1,1,1781740779
2026-06-18T00:04:20Z,118,11,4,12,0,0,1,1,1,1781740022
2026-06-18T00:04:20Z,119,7,3,30,2,0,1,1,1,1781741043
2026-06-18T00:04:20Z,120,3,1,22,2,0,1,1,1,1781740805
2026-06-18T00:04:20Z,121,2,1,15,2,0,1,1,1,1781740906
2026-06-18T00:04:20Z,122,19,2,0,2,0,1,1,1,1781740900
2026-06-18T00:04:20Z,123,3,2,44,0,0,1,1,1,1781740922
2026-06-18T00:04:20Z,124,15,0,12,0,0,1,1,1,1781741042
2026-06-18T00:04:20Z,125,2,1,20,1,0,1,1,1,1781740902
2026-06-18T00:04:20Z,126,6,2,25,0,0,1,1,1,1781741019
2026-06-18T00:04:20Z,127,1,0,29,1,0,1,1,1,1781740859
2026-06-18T00:04:20Z,128,5,3,11,3,0,1,1,1,1781740801
2026-06-18T00:04:20Z,129,3,2,15,1,0,1,1,1,1781740480
2026-06-18T00:04:20Z,130,11,2,5,1,0,1,1,1,1781740855
2026-06-18T00:04:20Z,131,2,1,9,0,0,1,1,1,1781740948
2026-06-18T00:04:20Z,132,0,0,12,3,0,1,1,1,1781738379
2026-06-18T00:04:20Z,133,2,1,21,0,0,1,1,1,1781740771
2026-06-18T00:04:20Z,134,6,5,15,0,0,1,1,1,1781740758
2026-06-18T00:04:20Z,135,3,0,16,0,0,1,1,1,1781740276
2026-06-18T00:04:20Z,136,11,1,11,0,0,1,1,1,1781740858
2026-06-18T00:04:20Z,137,0,0,19,0,0,1,1,1,1781741015
2026-06-18T00:04:20Z,138,10,3,27,0,0,1,1,1,1781740723
2026-06-18T00:04:20Z,139,2,2,16,1,0,1,1,1,1781740891
2026-06-18T00:04:20Z,140,7,2,15,1,0,1,1,1,1781740975
2026-06-18T00:04:20Z,141,18,4,4,0,0,1,1,1,1781741043
2026-06-18T00:04:20Z,142,13,4,6,0,0,1,1,1,1781740782
2026-06-18T00:04:20Z,143,17,0,13,1,0,1,1,1,1781741050
2026-06-18T00:04:20Z,144,18,4,9,0,0,1,1,1,1781741024
2026-06-18T00:04:20Z,145,17,3,12,2,0,1,1,1,1781740747
2026-06-18T00:04:20Z,146,16,4,7,0,0,1,1,1,1781740897
2026-06-18T00:04:20Z,147,3,3,14,2,0,1,1,1,1781740790
2026-06-18T00:04:20Z,148,9,2,16,2,0,1,1,1,1781740820
2026-06-18T00:04:20Z,149,3,1,15,1,0,1,1,1,1781741039
2026-06-18T00:04:20Z,150,33,3,0,2,0,1,1,1,1781739938
2026-06-18T00:04:20Z,151,12,0,10,1,0,1,1,1,1781741047
2026-06-18T00:04:20Z,152,10,6,14,3,0,1,1,1,1781740804
2026-06-18T00:04:20Z,153,4,0,16,3,0,1,1,1,1781740843
2026-06-18T00:04:20Z,154,0,0,21,2,0,1,1,1,1781740226
2026-06-18T00:04:20Z,155,9,1,1,5,0,1,1,1,1781740746
2026-06-18T00:04:20Z,156,8,0,10,1,0,1,1,1,1781741035
2026-06-18T00:04:20Z,157,8,2,18,1,0,1,1,1,1781740959
2026-06-18T00:04:20Z,158,3,0,15,1,0,1,1,1,1781740385
2026-06-18T00:04:20Z,159,7,2,12,0,0,1,1,1,1781740931
2026-06-18T00:04:20Z,160,6,0,11,2,0,1,1,1,1781741045
2026-06-18T00:04:20Z,161,0,0,18,3,1,1,1,1,1781740933
2026-06-18T00:04:20Z,162,5,2,21,1,0,1,1,1,1781740666
2026-06-18T00:04:20Z,163,12,2,18,1,0,1,1,1,1781740960
2026-06-18T00:04:20Z,164,20,3,7,0,0,1,1,1,1781741052
2026-06-18T00:04:20Z,165,15,8,15,1,0,1,1,1,1781741035
2026-06-18T00:04:20Z,166,35,4,3,0,0,1,1,1,1781740916
2026-06-18T00:04:20Z,167,10,5,11,1,1,1,1,1,1781740835
2026-06-18T00:04:20Z,168,15,0,12,0,0,1,1,1,1781741022
2026-06-18T00:04:20Z,169,17,1,3,3,0,1,1,1,1781740995
2026-06-18T00:04:20Z,170,2,1,16,1,0,1,1,1,1781740572
2026-06-18T00:04:20Z,171,5,3,7,1,0,1,1,1,1781740210
2026-06-18T00:04:20Z,173,35,5,2,0,0,1,1,1,1781741034
2026-06-18T00:04:20Z,174,14,2,10,1,0,1,1,1,1781740673
2026-06-18T00:04:20Z,175,31,0,0,0,0,1,1,1,1781740997
2026-06-18T00:04:20Z,176,6,3,6,2,1,1,1,1,1781741036
2026-06-18T00:04:20Z,177,24,3,3,0,0,1,1,1,1781740760
2026-06-18T00:04:20Z,178,9,1,1,5,0,1,1,1,1781741053
2026-06-18T00:04:20Z,179,5,2,10,0,0,1,1,1,1781740765
2026-06-18T00:04:20Z,180,0,0,29,1,0,1,1,1,1781738621
2026-06-18T00:04:20Z,181,7,7,7,0,1,1,1,1,1781740884
2026-06-18T00:04:20Z,182,6,2,13,0,0,1,1,1,1781740973
2026-06-18T00:04:20Z,183,16,11,5,2,0,1,1,1,1781741009
2026-06-18T00:04:20Z,184,17,8,4,2,0,1,1,1,1781741053
2026-06-18T00:04:20Z,185,5,2,7,2,1,1,1,1,1781740533
2026-06-18T00:04:20Z,186,2,1,17,0,0,1,1,1,1781740966
2026-06-18T00:04:20Z,187,10,0,17,2,0,1,1,1,1781741005
2026-06-18T00:04:20Z,188,13,0,11,3,0,1,1,1,1781741055
2026-06-18T00:04:20Z,189,5,3,10,0,0,1,1,1,1781740663
2026-06-18T00:04:20Z,190,2,0,20,1,0,1,1,1,1781740948
2026-06-18T00:04:20Z,191,1,1,35,2,1,1,1,1,1781741022
2026-06-18T00:04:20Z,192,23,8,7,1,0,1,1,1,1781740629
2026-06-18T00:04:20Z,193,9,1,4,2,0,1,1,1,1781740864
2026-06-18T00:04:20Z,194,1,0,14,0,0,1,1,1,1781739967
2026-06-18T00:04:20Z,195,3,3,16,0,0,1,1,1,1781741048
2026-06-18T00:04:20Z,196,3,3,22,2,0,1,1,1,1781741000
2026-06-18T00:04:20Z,197,3,0,15,1,0,1,1,1,1781740852
2026-06-18T00:04:20Z,198,1,0,21,0,0,1,1,1,1781740404
2026-06-18T00:04:20Z,199,0,0,13,2,0,1,1,1,1781740985
2026-06-18T00:04:20Z,200,7,7,18,1,0,1,1,1,1781740959
2026-06-18T00:04:20Z,201,5,1,18,0,0,1,1,1,1781740250
2026-06-18T00:04:20Z,202,6,0,20,0,0,1,1,1,1781741053
2026-06-18T00:04:20Z,203,29,4,1,1,0,1,1,1,1781740912
2026-06-18T00:04:20Z,204,22,7,13,0,0,1,1,1,1781740743
2026-06-18T00:04:20Z,205,0,0,27,0,0,1,1,1,1781740682
2026-06-18T00:04:20Z,206,3,1,8,3,1,1,1,1,1781740885
2026-06-18T00:04:20Z,207,21,0,0,0,0,1,1,1,1781740684
2026-06-18T00:04:20Z,208,0,0,27,2,0,1,1,1,1781740542
2026-06-18T00:04:20Z,209,18,1,12,1,0,1,1,1,1781740964
2026-06-18T00:04:20Z,210,9,5,18,0,0,1,1,1,1781740976
2026-06-18T00:04:20Z,211,2,1,21,0,0,1,1,1,1781740779
2026-06-18T00:04:20Z,212,33,1,2,0,0,1,1,1,1781740629
2026-06-18T00:04:20Z,213,0,0,23,0,0,1,1,1,1781740083
2026-06-18T00:04:20Z,214,19,12,24,4,0,1,1,1,1781741022
2026-06-18T00:04:20Z,215,10,0,13,0,0,1,1,1,1781740862
2026-06-18T00:04:20Z,216,12,3,7,0,0,1,1,1,1781740369
2026-06-18T00:04:20Z,217,25,8,2,2,0,1,1,1,1781740996
2026-06-18T00:04:20Z,218,16,13,17,6,0,1,1,1,1781740903
2026-06-18T00:04:20Z,219,12,0,14,0,0,1,1,1,1781741054
2026-06-18T00:04:20Z,220,7,6,35,1,0,1,1,1,1781740946
2026-06-18T00:04:20Z,221,6,3,7,1,0,1,1,1,1781740884
2026-06-18T00:04:20Z,222,5,0,14,0,0,1,1,1,1781740973
2026-06-18T00:04:20Z,223,1,0,32,2,0,1,1,1,1781741041
2026-06-18T00:04:20Z,224,3,2,19,0,0,1,1,1,1781740653
2026-06-18T00:04:20Z,225,7,1,12,0,0,1,1,1,1781740403
2026-06-18T00:04:20Z,226,0,0,29,1,1,1,1,1,1781741054
2026-06-18T00:04:20Z,227,3,3,24,0,0,1,1,1,1781741007
2026-06-18T00:04:20Z,228,1,1,18,0,0,1,1,1,1781740368
2026-06-18T00:04:20Z,230,5,5,18,0,0,1,1,1,1781740660
2026-06-18T00:04:20Z,232,3,0,14,2,0,1,1,1,1781740477
2026-06-18T00:04:20Z,233,22,2,9,0,0,1,1,1,1781740906
2026-06-18T00:04:20Z,234,1,0,17,1,0,1,1,1,1781740241
2026-06-18T00:04:20Z,236,0,0,18,1,0,1,1,1,1781740200
2026-06-18T00:04:20Z,237,2,1,21,0,0,1,1,1,1781741044
2026-06-18T00:04:20Z,239,0,0,26,1,0,1,1,1,1781740611
2026-06-18T00:04:20Z,241,1,0,21,1,0,1,1,1,1781740995
2026-06-18T00:04:20Z,242,1,1,18,4,0,1,1,1,1781740957
2026-06-18T00:04:20Z,243,25,24,5,1,0,1,1,1,1781741050
2026-06-18T00:04:20Z,244,7,4,20,0,0,1,1,1,1781740889
2026-06-18T00:04:20Z,245,3,0,19,1,0,1,1,1,1781740971
2026-06-18T00:04:20Z,246,0,0,23,0,0,1,1,1,1781740775
2026-06-18T00:04:20Z,247,1,1,20,2,0,1,1,1,1781739728
2026-06-18T00:04:20Z,248,7,7,12,4,0,1,1,1,1781740656
2026-06-18T00:04:20Z,249,2,0,16,1,0,1,1,1,1781740892
2026-06-18T00:04:20Z,250,3,1,23,1,0,1,1,1,1781740873
2026-06-18T00:04:20Z,251,14,7,13,0,0,1,1,1,1781740693
2026-06-18T00:04:20Z,253,3,3,13,3,0,1,1,1,1781740877
2026-06-18T00:04:20Z,254,7,5,30,6,0,1,1,1,1781740814
2026-06-18T00:04:20Z,255,1,0,22,0,0,1,1,1,1781740752
2026-06-18T00:04:20Z,256,0,0,21,2,0,1,1,1,1781740271
2026-06-18T00:04:20Z,257,10,5,8,1,0,1,1,1,1781740009
2026-06-18T00:04:20Z,258,3,0,12,4,0,1,1,1,1781740721
2026-06-18T00:04:20Z,259,4,3,19,0,0,1,1,1,1781740248
2026-06-18T00:04:20Z,260,9,6,9,1,0,1,1,1,1781740945
2026-06-18T00:04:20Z,261,8,0,8,3,0,1,1,1,1781740322
2026-06-18T00:04:20Z,262,16,5,6,1,0,1,1,1,1781740947
2026-06-18T00:04:20Z,263,4,0,10,1,0,1,1,1,1781740982
2026-06-18T00:04:20Z,264,1,0,18,0,0,1,1,1,1781739448
2026-06-18T00:04:20Z,265,14,1,1,0,0,1,1,1,1781740893
2026-06-18T00:04:20Z,266,2,1,17,0,0,1,1,1,1781738913
2026-06-18T00:04:20Z,267,3,0,9,3,0,1,1,1,1781736504
2026-06-18T00:04:20Z,268,4,3,16,3,0,1,1,1,1781741021
2026-06-18T00:04:20Z,269,4,1,17,2,0,1,1,1,1781740545
2026-06-18T00:04:20Z,270,21,1,6,0,0,1,1,1,1781740564
2026-06-18T00:04:20Z,271,0,0,18,1,0,1,1,1,1781738886
2026-06-18T00:04:20Z,272,6,3,16,1,0,1,1,1,1781740973
2026-06-18T00:04:20Z,273,10,2,5,0,0,1,1,1,1781740883
2026-06-18T00:04:20Z,274,4,0,14,1,0,1,1,1,1781739629
2026-06-18T00:04:20Z,275,9,1,13,1,0,1,1,1,1781740908
2026-06-18T00:04:20Z,276,5,2,21,0,1,1,1,1,1781740193
2026-06-18T00:04:20Z,277,9,8,12,2,0,1,1,1,1781741037
2026-06-18T00:04:20Z,278,25,0,5,1,0,1,1,1,1781740749
2026-06-18T00:04:20Z,279,2,2,16,1,0,1,1,1,1781740993
2026-06-18T00:04:20Z,280,13,0,16,2,0,1,1,1,1781740901
2026-06-18T00:04:20Z,281,3,0,19,1,0,1,1,1,1781740968
2026-06-18T00:04:20Z,282,4,0,12,0,0,1,1,1,1781740304
2026-06-18T00:04:20Z,283,33,2,2,0,0,1,1,1,1781741017
2026-06-18T00:04:20Z,284,7,1,28,0,0,1,1,1,1781741011
2026-06-18T00:04:20Z,285,0,0,23,0,0,1,1,1,1781739583
2026-06-18T00:04:20Z,286,2,1,21,0,0,1,1,1,1781740763
2026-06-18T00:04:20Z,287,16,0,5,2,0,1,1,1,1781739992
2026-06-18T00:04:20Z,288,11,8,8,0,0,1,1,1,1781741010
2026-06-18T00:04:20Z,289,2,2,21,4,0,1,1,1,1781740784
2026-06-18T00:04:20Z,290,5,0,31,3,0,1,1,1,1781741027
2026-06-18T00:04:20Z,291,3,0,20,0,0,1,1,1,1781740576
2026-06-18T00:04:20Z,292,9,2,14,0,0,1,1,1,1781740531
2026-06-18T00:04:20Z,293,11,4,12,0,0,1,1,1,1781739959
2026-06-18T00:04:20Z,294,4,3,15,3,0,1,1,1,1781740808
2026-06-18T00:04:20Z,297,17,1,1,1,0,1,1,1,1781740439
2026-06-18T00:04:20Z,301,13,1,5,1,0,1,1,1,1781740870
2026-06-18T00:04:20Z,302,23,2,0,0,0,1,1,1,1781740151
2026-06-18T00:04:20Z,303,18,2,1,0,0,1,1,1,1781740904
2026-06-18T00:04:20Z,304,0,0,0,0,0,0,1,1,86400
2026-06-18T00:04:20Z,305,12,0,7,0,0,1,1,1,1781740178
2026-06-18T00:04:20Z,306,21,0,11,0,0,1,1,1,1781740365
2026-06-18T00:04:20Z,307,22,1,0,1,0,1,1,1,1781741049
2026-06-18T00:04:20Z,308,9,1,7,3,0,1,1,1,1781740839
2026-06-18T00:04:20Z,309,3,1,7,3,1,1,1,1,1781741005
2026-06-18T00:04:20Z,311,4,0,11,0,0,1,1,1,1781740327
2026-06-18T00:04:20Z,312,7,2,15,1,0,1,1,1,1781740160
2026-06-18T00:04:20Z,313,6,0,8,1,0,1,1,1,1781740133
2026-06-18T00:04:20Z,314,2,1,15,2,0,1,1,1,1781740905
2026-06-18T00:04:20Z,315,3,2,28,0,0,1,1,1,1781740866
2026-06-18T00:04:20Z,316,8,2,4,3,0,1,1,1,1781740908
2026-06-18T00:04:20Z,317,3,3,27,0,1,1,1,1,1781740937
2026-06-18T00:04:20Z,318,12,0,5,0,0,1,1,1,1781739315
2026-06-18T00:04:20Z,319,8,1,16,3,0,1,1,1,1781741056
2026-06-18T00:04:20Z,320,5,0,14,0,0,1,1,1,1781740976
2026-06-18T00:04:20Z,321,9,1,10,0,0,1,1,1,1781737270
2026-06-18T00:04:20Z,322,28,0,0,1,0,1,1,1,1781741024
2026-06-18T00:04:20Z,323,12,0,7,0,0,1,1,1,1781740740
2026-06-18T00:04:20Z,324,11,0,15,1,0,1,1,1,1781741038
2026-06-18T00:04:20Z,325,0,0,25,2,0,1,1,1,1781740323
2026-06-18T00:04:20Z,327,8,0,17,0,2,1,1,1,1781740951
2026-06-18T00:04:20Z,328,7,1,15,1,0,1,1,1,1781741003
2026-06-18T00:04:20Z,329,18,1,1,0,0,1,1,1,1781738208
2026-06-18T00:04:20Z,330,14,0,8,0,0,1,1,1,1781741047
2026-06-18T00:04:20Z,331,3,0,19,1,0,1,1,1,1781740529
2026-06-18T00:04:20Z,332,1,0,17,1,0,1,1,1,1781739499
2026-06-18T00:04:20Z,333,2,0,21,0,0,1,1,1,1781741046
2026-06-18T00:04:20Z,334,6,3,15,2,0,1,1,1,1781741025
2026-06-18T00:04:20Z,335,0,0,22,0,1,1,1,1,1781740739
2026-06-18T00:04:20Z,336,1,1,18,0,0,1,1,1,1781740890
2026-06-18T00:04:20Z,337,3,1,16,4,0,1,1,1,1781741047
2026-06-18T00:04:20Z,338,5,1,14,0,0,1,1,1,1781740747
2026-06-18T00:04:20Z,339,7,3,15,1,0,1,1,1,1781740794
2026-06-18T00:04:20Z,340,4,2,10,1,0,1,1,1,1781740956
2026-06-18T00:04:20Z,341,4,0,13,2,0,1,1,1,1781740477
2026-06-18T00:04:20Z,342,4,1,11,0,0,1,1,1,1781740938
2026-06-18T00:04:20Z,343,1,1,21,1,0,1,1,1,1781739429
2026-06-18T00:04:20Z,344,2,0,21,0,0,1,1,1,1781740386
2026-06-18T00:04:20Z,345,4,0,14,1,0,1,1,1,1781740952
2026-06-18T00:04:20Z,346,2,2,21,0,0,1,1,1,1781740162
2026-06-18T00:04:20Z,347,20,0,26,1,0,1,1,1,1781741052
2026-06-18T00:04:20Z,348,1,0,22,0,0,1,1,1,1781740238
2026-06-18T00:04:20Z,349,1,0,17,1,0,1,1,1,1781741000
2026-06-18T00:04:20Z,350,2,1,23,2,0,1,1,1,1781740565
2026-06-18T00:04:20Z,351,19,1,3,1,0,1,1,1,1781741029
2026-06-18T00:04:20Z,355,14,4,9,0,0,1,1,1,1781740944
2026-06-18T00:04:20Z,356,0,0,16,3,0,1,1,1,1781739514
2026-06-18T00:04:20Z,357,13,13,6,0,0,1,1,1,1781741042
2026-06-18T00:04:20Z,358,8,4,19,0,0,1,1,1,1781740975
2026-06-18T00:04:20Z,359,5,0,19,3,0,1,1,1,1781740682
2026-06-18T00:04:20Z,360,6,3,12,1,0,1,1,1,1781740908
2026-06-18T00:04:20Z,362,6,0,9,4,0,1,1,1,1781740956
2026-06-18T00:04:20Z,363,22,0,1,2,1,1,1,1,1781741039
2026-06-18T00:04:20Z,364,2,1,16,0,1,1,1,1,1781740163
2026-06-18T00:04:20Z,365,12,8,10,1,0,1,1,1,1781740688
2026-06-18T00:04:20Z,366,7,5,16,0,0,1,1,1,1781740853
2026-06-18T00:04:20Z,367,0,0,18,1,0,1,1,1,1781740499
2026-06-18T00:04:20Z,368,1,0,22,0,0,1,1,1,1781740670
2026-06-18T00:04:20Z,370,3,3,23,1,0,1,1,1,1781739609
2026-06-18T00:04:20Z,371,1,0,17,1,0,1,1,1,1781740693
2026-06-18T00:04:20Z,372,8,0,7,0,0,1,1,1,1781740952
2026-06-18T00:04:20Z,373,1,0,24,1,0,1,1,1,1781740344
2026-06-18T00:04:20Z,374,15,2,2,0,0,1,1,1,1781741046
2026-06-18T00:04:20Z,375,6,2,19,2,0,1,1,1,1781741026
2026-06-18T00:04:20Z,376,4,1,35,0,0,1,1,1,1781740939
2026-06-18T00:04:20Z,377,6,1,20,1,0,1,1,1,1781739790
2026-06-18T00:04:20Z,378,14,2,8,2,0,1,1,1,1781740874
2026-06-18T00:04:20Z,379,23,2,3,1,0,1,1,1,1781741055
2026-06-18T00:04:20Z,380,12,3,11,0,0,1,1,1,1781741027
2026-06-18T00:04:20Z,381,0,0,23,0,0,1,1,1,1781740807
2026-06-18T00:04:20Z,383,8,0,7,0,0,1,1,1,1781740755
2026-06-18T00:04:20Z,384,2,1,16,1,0,1,1,1,1781741045
2026-06-18T00:04:20Z,385,5,4,13,0,0,1,1,1,1781740960
2026-06-18T00:04:20Z,387,1,1,22,0,0,1,1,1,1781739981
2026-06-18T00:04:20Z,388,4,1,43,2,0,1,1,1,1781740948
2026-06-18T00:04:20Z,389,1,1,12,2,0,1,1,1,1781740736
2026-06-18T00:04:20Z,390,9,2,18,0,0,1,1,1,1781741002
2026-06-18T00:04:20Z,391,4,2,11,0,0,1,1,1,1781740989
2026-06-18T00:04:20Z,392,2,0,16,1,0,1,1,1,1781739729
2026-06-18T00:04:20Z,393,1,1,9,1,0,1,1,1,1781740601
2026-06-18T00:04:20Z,394,6,0,7,4,1,1,1,1,1781740996
2026-06-18T00:04:20Z,396,14,12,24,4,0,1,1,1,1781740688
2026-06-18T00:04:20Z,397,10,0,21,0,0,1,1,1,1781740457
2026-06-18T00:04:20Z,399,13,0,5,0,1,1,1,1,1781741032
2026-06-18T00:04:20Z,400,9,0,12,2,0,1,1,1,1781740237
2026-06-18T00:04:20Z,401,7,3,24,0,0,1,1,1,1781740919
2026-06-18T00:04:20Z,403,1,0,25,4,1,1,1,1,1781740818
2026-06-18T00:04:20Z,404,16,1,7,0,0,1,1,1,1781740728
2026-06-18T00:04:20Z,406,23,0,8,4,0,1,1,1,1781740779
2026-06-18T00:04:20Z,407,10,1,23,1,0,1,1,1,1781740686
2026-06-18T00:04:20Z,408,3,1,27,3,0,1,1,1,1781741005
2026-06-18T00:04:20Z,409,3,0,19,1,0,1,1,1,1781738437
2026-06-18T00:04:20Z,413,3,0,20,0,0,1,1,1,1781740594
2026-06-18T00:04:20Z,414,13,1,2,0,0,1,1,1,1781741004
2026-06-18T00:04:20Z,417,18,6,1,0,0,1,1,1,1781740898
2026-06-18T00:04:20Z,418,5,4,8,2,0,1,1,1,1781740919
2026-06-18T00:04:20Z,419,0,0,23,0,0,1,1,1,1781737887
2026-06-18T00:04:20Z,421,14,3,5,0,0,1,1,1,1781740751
2026-06-18T00:04:20Z,422,2,2,25,0,0,1,1,1,1781740334
2026-06-18T00:04:20Z,423,20,0,2,0,1,1,1,1,1781740954
2026-06-18T00:04:20Z,424,3,1,11,1,0,1,1,1,1781740864
2026-06-18T00:04:20Z,425,0,0,21,1,0,1,1,1,1781740877
2026-06-18T00:04:20Z,426,0,0,33,4,0,1,1,1,1781740248
2026-06-18T00:04:20Z,427,9,2,4,1,1,1,1,1,1781740685
2026-06-18T00:04:20Z,428,15,2,3,1,0,1,1,1,1781740821
2026-06-18T00:04:20Z,429,15,4,1,7,0,1,1,1,1781740982
2026-06-18T00:04:20Z,430,17,0,11,3,0,1,1,1,1781741049
2026-06-18T00:04:20Z,431,9,0,20,2,2,1,1,1,1781741056
2026-06-18T00:04:20Z,432,20,1,11,0,0,1,1,1,1781740982
2026-06-18T00:04:20Z,433,9,3,13,1,0,1,1,1,1781741009
2026-06-18T00:04:20Z,437,2,2,16,1,0,1,1,1,1781741037
2026-06-18T00:04:20Z,438,2,0,15,1,1,1,1,1,1781740780
2026-06-18T00:04:20Z,439,6,2,9,0,0,1,1,1,1781740941
2026-06-18T00:04:20Z,440,1,1,14,0,0,1,1,1,1781740670
2026-06-18T00:04:20Z,441,11,3,4,0,0,1,1,1,1781741012
2026-06-18T00:04:20Z,442,2,1,16,1,0,1,1,1,1781740987
2026-06-18T00:04:20Z,443,9,0,17,1,0,1,1,1,1781727263
2026-06-18T00:04:20Z,444,4,3,19,0,0,1,1,1,1781738095
2026-06-18T00:04:20Z,445,3,3,17,3,0,1,1,1,1781734465
2026-06-18T00:04:20Z,446,8,0,14,1,0,1,1,1,1781739864
2026-06-18T00:04:20Z,447,12,1,8,3,0,1,1,1,1781736303
2026-06-18T00:04:20Z,448,0,0,14,0,1,1,1,1,1781739598
2026-06-18T00:04:20Z,452,5,5,13,1,0,1,1,1,1781741009
2026-06-18T00:04:20Z,453,3,1,11,1,0,1,1,1,1781740105
2026-06-18T00:04:20Z,454,17,0,0,1,1,1,1,1,1781739823
2026-06-18T00:04:20Z,455,1,1,37,0,1,1,1,1,1781740715
2026-06-18T00:04:20Z,456,19,0,2,2,0,1,1,1,1781741049
2026-06-18T00:04:20Z,457,3,1,21,3,0,1,1,1,1781740790
2026-06-18T00:04:20Z,458,11,2,10,2,0,1,1,1,1781740607
2026-06-18T00:04:20Z,459,3,0,12,0,0,1,1,1,1781739895
2026-06-18T00:04:20Z,460,17,1,3,3,0,1,1,1,1781740355
2026-06-18T00:04:20Z,461,4,0,11,3,1,1,1,1,1781740786
2026-06-18T00:04:20Z,462,9,0,10,2,0,1,1,1,1781740975
2026-06-18T00:04:20Z,463,18,2,0,1,0,1,1,1,1781738824
2026-06-18T00:04:20Z,464,11,1,2,1,0,1,1,1,1781740842
2026-06-18T00:04:20Z,465,4,0,10,1,0,1,1,1,1781739913
2026-06-18T00:04:20Z,466,7,0,4,4,0,1,1,1,1781740929
2026-06-18T00:04:20Z,467,3,2,11,1,0,1,1,1,1781740989
2026-06-18T00:04:20Z,468,4,0,15,0,0,1,1,1,1781737367
2026-06-18T00:04:20Z,469,13,3,9,1,0,1,1,1,1781739303
2026-06-18T00:04:20Z,470,12,3,3,0,0,1,1,1,1781736558
2026-06-18T00:04:20Z,471,0,0,26,1,0,1,1,1,1781738837
2026-06-18T00:04:20Z,472,10,4,9,0,0,1,1,1,1781738680
2026-06-18T00:04:20Z,473,7,1,12,0,0,1,1,1,1781740734
2026-06-18T00:04:20Z,474,18,0,1,0,0,1,1,1,1781739795
2026-06-18T00:04:20Z,475,14,6,5,0,0,1,1,1,1781740487
2026-06-18T00:04:20Z,476,15,0,7,1,0,1,1,1,1781740417
2026-06-18T00:04:20Z,477,0,0,13,2,0,1,1,1,1781740951
2026-06-18T00:04:20Z,478,25,4,4,2,0,1,1,1,1781740986
2026-06-18T00:04:20Z,479,17,1,4,5,1,1,1,1,1781740798
2026-06-18T00:04:20Z,480,6,0,7,2,0,1,1,1,1781739611
2026-06-18T00:04:20Z,481,30,0,3,2,0,1,1,1,1781741045
2026-06-18T00:04:20Z,482,0,0,18,1,0,1,1,1,1781740402
2026-06-18T00:04:20Z,483,5,0,20,2,0,1,1,1,1781740949
2026-06-18T00:04:20Z,484,9,1,10,0,0,1,1,1,1781740507
2026-06-18T00:04:20Z,485,10,0,7,2,0,1,1,1,1781739522
2026-06-18T00:04:20Z,486,16,1,11,0,0,1,1,1,1781740052
2026-06-18T00:04:20Z,487,3,2,16,0,0,1,1,1,1781741048
2026-06-18T00:04:20Z,489,6,3,9,0,0,1,1,1,1781741023
2026-06-18T00:04:20Z,490,5,0,8,3,0,1,1,1,1781740681
2026-06-18T00:04:20Z,491,5,0,14,2,0,1,1,1,1781740940
2026-06-18T00:04:20Z,492,3,1,7,1,0,1,1,1,1781740346
2026-06-18T00:04:20Z,493,0,0,27,0,0,1,1,1,1781738140
2026-06-18T00:04:20Z,495,10,1,4,1,0,1,1,1,1781740905
2026-06-18T00:04:20Z,496,11,2,16,0,0,1,1,1,1781740987
2026-06-18T00:04:20Z,497,4,4,15,0,0,1,1,1,1781740777
2026-06-18T00:04:20Z,498,16,9,7,0,0,1,1,1,1781741011
2026-06-18T00:04:20Z,499,17,2,1,1,0,1,1,1,1781740810
2026-06-18T00:04:20Z,500,2,2,10,3,0,1,1,1,1781741053
2026-06-18T00:04:20Z,501,4,3,16,1,0,1,1,1,1781740617
2026-06-18T00:04:20Z,502,2,2,17,0,0,1,1,1,1781740745
2026-06-18T00:04:20Z,503,13,0,18,0,0,1,1,1,1781740986
2026-06-18T00:04:20Z,504,2,1,37,0,0,1,1,1,1781740929
2026-06-18T00:04:20Z,505,4,1,14,0,0,1,1,1,1781740183
2026-06-18T00:04:20Z,511,1,1,21,1,0,1,1,1,1781739731
2026-06-18T00:04:20Z,512,17,0,1,1,0,1,1,1,1781741022
2026-06-18T00:04:20Z,514,7,6,3,1,0,1,1,1,1781740796
2026-06-18T00:04:20Z,515,6,0,8,5,0,1,1,1,1781740809
2026-06-18T00:04:20Z,516,4,0,23,0,0,1,1,1,1781740380
2026-06-18T00:04:20Z,517,3,0,20,0,0,1,1,1,1781737697
2026-06-18T00:04:20Z,518,9,0,4,2,0,1,1,1,1781735729
2026-06-18T00:04:20Z,519,12,2,6,1,0,1,1,1,1781740789
2026-06-18T00:04:20Z,520,14,6,10,3,0,1,1,1,1781741027
2026-06-18T00:04:20Z,521,2,1,21,0,0,1,1,1,1781740028
2026-06-18T00:04:20Z,522,3,1,20,0,0,1,1,1,1781740945
2026-06-18T00:04:20Z,523,0,0,23,0,0,1,1,1,1781740506
2026-06-18T00:04:20Z,524,2,1,21,0,0,1,1,1,1781740917
2026-06-18T00:04:20Z,525,6,0,13,0,0,1,1,1,1781740881
2026-06-18T00:04:20Z,526,7,3,7,1,0,1,1,1,1781740050
2026-06-18T00:04:20Z,527,1,0,23,2,0,1,1,1,1781741029
2026-06-18T00:04:20Z,528,14,3,9,0,0,1,1,1,1781740905
2026-06-18T00:04:20Z,529,3,0,15,1,0,1,1,1,1781740915
2026-06-18T00:04:20Z,530,17,4,3,1,0,1,1,1,1781740910
2026-06-18T00:04:20Z,531,8,1,13,1,1,1,1,1,1781741024
2026-06-18T00:04:20Z,532,13,11,27,2,1,1,1,1,1781741055
2026-06-18T00:04:20Z,533,4,0,14,1,0,1,1,1,1781739714
2026-06-18T00:04:20Z,534,1,0,22,0,0,1,1,1,1781740429
2026-06-18T00:04:20Z,535,2,0,11,2,0,1,1,1,1781740550
2026-06-18T00:04:20Z,536,15,2,7,1,0,1,1,1,1781741029
2026-06-18T00:04:20Z,537,8,1,13,0,0,1,1,1,1781740923
2026-06-18T00:04:20Z,538,4,1,13,2,0,1,1,1,1781741019
2026-06-18T00:04:20Z,539,4,3,13,2,0,1,1,1,1781740607
2026-06-18T00:04:20Z,540,1,1,18,0,0,1,1,1,1781740642
2026-06-18T00:04:20Z,541,19,3,8,0,0,1,1,1,1781740867
2026-06-18T00:04:20Z,542,2,0,21,0,0,1,1,1,1781740602
2026-06-18T00:04:20Z,543,2,1,14,3,0,1,1,1,1781740946
2026-06-18T00:04:20Z,544,2,1,22,1,0,1,1,1,1781740612
2026-06-18T00:04:20Z,545,17,7,0,2,0,1,1,1,1781741012
2026-06-18T00:04:20Z,546,1,0,18,0,0,1,1,1,1781741038
2026-06-18T00:04:20Z,547,6,0,16,0,0,1,1,1,1781740943
2026-06-18T00:04:20Z,548,15,1,6,2,0,1,1,1,1781740839
2026-06-18T00:04:20Z,549,21,5,0,2,0,1,1,1,1781740985
2026-06-18T00:04:20Z,550,0,0,19,0,0,1,1,1,1781739830
2026-06-18T00:04:20Z,551,6,0,17,0,0,1,1,1,1781739824
2026-06-18T00:04:20Z,552,11,1,16,0,0,1,1,1,1781741038
2026-06-18T00:04:20Z,553,13,1,10,0,0,1,1,1,1781740676
2026-06-18T00:04:20Z,554,0,0,17,2,0,1,1,1,1781739747
2026-06-18T00:04:20Z,555,7,2,6,2,0,1,1,1,1781740884
2026-06-18T00:04:20Z,556,13,4,10,0,0,1,1,1,1781740908
2026-06-18T00:04:20Z,557,0,0,23,0,0,0,1,1,1781719859
2026-06-18T00:04:20Z,558,5,5,31,1,0,1,1,1,1781740922
2026-06-18T00:04:20Z,559,0,0,18,1,0,1,1,1,1781741050
2026-06-18T00:04:20Z,560,12,0,15,0,0,1,1,1,1781740793
2026-06-18T00:04:20Z,561,10,0,12,1,0,1,1,1,1781740885
2026-06-18T00:04:20Z,562,6,0,27,2,0,1,1,1,1781738977
2026-06-18T00:04:20Z,563,8,0,6,0,0,1,1,1,1781740968
2026-06-18T00:04:20Z,564,11,0,7,1,0,1,1,1,1781740990
2026-06-18T00:04:20Z,565,15,2,2,2,0,1,1,1,1781740608
2026-06-18T00:04:20Z,566,13,1,4,2,0,1,1,1,1781740525
2026-06-18T00:04:20Z,567,27,1,0,0,0,1,1,1,1781741003
2026-06-18T00:04:20Z,568,12,0,7,0,0,1,1,1,1781740975
2026-06-18T00:04:20Z,569,19,3,0,0,0,1,1,1,1781740430
2026-06-18T00:04:20Z,570,18,1,1,0,0,1,1,1,1781740784
2026-06-18T00:04:20Z,571,3,0,20,0,0,1,1,1,1781740059
2026-06-18T00:04:20Z,572,14,2,5,0,0,1,1,1,1781740363
2026-06-18T00:04:20Z,573,13,1,2,0,0,1,1,1,1781740749
2026-06-18T00:04:20Z,574,5,4,9,1,0,1,1,1,1781740439
2026-06-18T00:04:20Z,575,6,2,14,1,0,1,1,1,1781740913
2026-06-18T00:04:20Z,576,0,0,19,0,0,1,1,1,1781740967
2026-06-18T00:04:20Z,577,10,0,21,0,0,1,1,1,1781740997
2026-06-18T00:04:20Z,578,2,0,20,1,0,1,1,1,1781740420
2026-06-18T00:04:20Z,579,43,5,0,0,0,1,1,1,1781741004
2026-06-18T00:04:20Z,580,11,3,19,1,0,1,1,1,1781741046
2026-06-18T00:04:20Z,581,14,1,3,2,0,1,1,1,1781741039
2026-06-18T00:04:20Z,582,34,0,24,2,1,1,1,1,1781741048
2026-06-18T00:04:20Z,583,8,0,14,1,0,1,1,1,1781739890
2026-06-18T00:04:20Z,584,0,0,18,1,0,1,1,1,1781740050
2026-06-18T00:04:20Z,585,6,1,21,0,0,1,1,1,1781739591
2026-06-18T00:04:20Z,586,2,1,33,0,0,1,1,1,1781740945
2026-06-18T00:04:20Z,587,14,0,9,4,0,1,1,1,1781741052
2026-06-18T00:04:20Z,588,10,2,8,1,0,1,1,1,1781740958
2026-06-18T00:04:20Z,589,19,4,2,2,0,1,1,1,1781741056
2026-06-18T00:04:20Z,590,5,0,26,0,0,1,1,1,1781741049
2026-06-18T00:04:20Z,591,9,5,12,1,0,1,1,1,1781740993
2026-06-18T00:04:20Z,592,2,1,21,0,0,1,1,1,1781740761
2026-06-18T00:04:20Z,593,8,0,31,0,0,1,1,1,1781741050
2026-06-18T00:04:20Z,594,20,0,1,0,0,1,1,1,1781740677
2026-06-18T00:04:20Z,595,0,0,3,0,0,0,1,1,1779985765
2026-06-18T00:04:20Z,605,0,0,3,0,0,0,1,1,1780413752
2026-06-18T00:04:20Z,606,0,0,3,0,0,0,1,1,1781723852
2026-06-18T00:04:20Z,607,30,3,0,3,0,1,1,1,1781741046
2026-06-18T00:04:20Z,608,1,0,52,1,0,1,1,1,1781740718
2026-06-18T00:04:20Z,609,2,1,19,2,0,1,1,1,1781740741
2026-06-18T00:04:20Z,610,22,0,11,2,0,1,1,1,1781741052
2026-06-18T00:04:20Z,611,25,2,1,1,0,1,1,1,1781741007
2026-06-18T00:04:20Z,612,3,0,11,1,0,1,1,1,1781735572
2026-06-18T00:04:20Z,613,6,2,7,1,0,1,1,1,1781740767
2026-06-18T00:04:20Z,614,0,0,23,3,1,1,1,1,1781739396
2026-06-18T00:04:20Z,617,8,0,6,1,0,1,1,1,1781739827
2026-06-18T00:04:20Z,618,13,1,5,1,0,1,1,1,1781740870
2026-06-18T00:04:20Z,619,4,4,15,0,0,1,1,1,1781741006
2026-06-18T00:04:20Z,620,0,0,23,0,0,1,1,1,1781739112
2026-06-18T00:04:20Z,621,21,7,2,0,0,1,1,1,1781741048
2026-06-18T00:04:20Z,622,2,1,19,2,0,1,1,1,1781739013
2026-06-18T00:04:20Z,623,1,1,28,1,0,1,1,1,1781741036
2026-06-18T00:04:20Z,624,0,0,12,3,0,1,1,1,1781739311
2026-06-18T00:04:20Z,625,6,2,14,1,0,1,1,1,1781740970
2026-06-18T00:04:20Z,626,0,0,44,0,2,1,1,1,1781740318
2026-06-18T00:04:20Z,627,15,2,4,0,0,1,1,1,1781738614
2026-06-18T00:04:20Z,628,6,6,12,0,1,1,1,1,1781740578
2026-06-18T00:04:20Z,629,7,5,3,1,0,1,1,1,1781737741
2026-06-18T00:04:20Z,630,5,0,19,3,0,1,1,1,1781739431
2026-06-18T00:04:20Z,631,0,0,23,0,0,1,1,1,1781740606
2026-06-18T00:04:20Z,632,3,0,18,2,0,1,1,1,1781740985
2026-06-18T00:04:20Z,633,3,0,8,3,1,1,1,1,1781740535
2026-06-18T00:04:20Z,634,8,1,9,2,0,1,1,1,1781741041
2026-06-18T00:04:20Z,635,12,0,7,0,0,1,1,1,1781739715
2026-06-18T00:04:20Z,636,5,2,10,0,0,1,1,1,1781739434
2026-06-18T00:04:20Z,637,7,3,9,3,0,1,1,1,1781734708
2026-06-18T00:04:20Z,638,2,0,16,1,0,1,1,1,1781737981
2026-06-18T00:04:20Z,639,3,1,10,4,2,1,1,1,1781741056
2026-06-18T00:04:20Z,640,0,0,22,1,0,1,1,1,1781740822
2026-06-18T00:04:20Z,641,8,1,18,1,0,1,1,1,1781740892
2026-06-18T00:04:20Z,642,5,2,13,1,0,1,1,1,1781740739
2026-06-18T00:04:20Z,643,0,0,26,1,0,1,1,1,1781739824
2026-06-18T00:04:20Z,644,1,1,13,0,1,1,1,1,1781738741
2026-06-18T00:04:20Z,645,7,0,13,2,1,1,1,1,1781740953
2026-06-18T00:04:20Z,646,9,0,7,3,0,1,1,1,1781738236
2026-06-18T00:04:20Z,647,4,0,25,2,0,1,1,1,1781741040
2026-06-18T00:04:20Z,648,7,2,11,1,0,1,1,1,1781740793
2026-06-18T00:04:20Z,649,3,3,27,1,0,1,1,1,1781737293
2026-06-18T00:04:20Z,650,13,3,5,1,0,1,1,1,1781739116
2026-06-18T00:04:20Z,651,0,0,22,1,0,1,1,1,1781740744
2026-06-18T00:04:20Z,652,2,2,19,1,1,1,1,1,1781741009
2026-06-18T00:04:20Z,653,1,0,16,2,0,1,1,1,1781740430
2026-06-18T00:04:20Z,654,1,1,14,0,0,1,1,1,1781740680
2026-06-18T00:04:20Z,655,3,3,12,0,0,1,1,1,1781737672
2026-06-18T00:04:20Z,656,1,1,17,1,0,1,1,1,1781740889
2026-06-18T00:04:20Z,657,4,2,9,4,0,1,1,1,1781740901
2026-06-18T00:04:20Z,658,4,0,18,1,0,1,1,1,1781741036
2026-06-18T00:04:20Z,659,5,5,9,1,0,1,1,1,1781741017
2026-06-18T00:04:20Z,660,4,4,27,0,0,1,1,1,1781740640
2026-06-18T00:04:20Z,661,0,0,18,1,0,1,1,1,1781740347
2026-06-18T00:04:20Z,662,10,9,9,4,0,1,1,1,1781737813
2026-06-18T00:04:20Z,663,2,1,13,0,0,1,1,1,1781740884
2026-06-18T00:04:20Z,664,2,0,25,0,0,1,1,1,1781740970
2026-06-18T00:04:20Z,665,8,1,7,0,0,1,1,1,1781740698
2026-06-18T00:04:20Z,666,13,7,0,2,0,1,1,1,1781740066
2026-06-18T00:04:20Z,667,15,5,4,0,0,1,1,1,1781740845
2026-06-18T00:04:20Z,668,14,2,3,2,0,1,1,1,1781740944
2026-06-18T00:04:20Z,669,9,5,4,1,0,1,1,1,1781740797
2026-06-18T00:04:20Z,670,19,3,7,1,0,1,1,1,1781740875
2026-06-18T00:04:20Z,671,15,1,12,0,0,1,1,1,1781741004
2026-06-18T00:04:20Z,672,17,1,3,3,0,1,1,1,1781740509
2026-06-18T00:04:20Z,673,9,1,14,0,0,1,1,1,1781739470
2026-06-18T00:04:20Z,674,2,0,21,0,0,1,1,1,1781740921
2026-06-18T00:04:20Z,675,9,4,5,0,1,1,1,1,1781741027
2026-06-18T00:04:20Z,676,12,0,10,0,1,1,1,1,1781741048
2026-06-18T00:04:20Z,681,4,1,7,4,0,1,1,1,1781741051
2026-06-18T00:04:20Z,682,8,4,7,4,0,1,1,1,1781701179
2026-06-18T00:04:20Z,683,4,0,13,2,0,1,1,1,1781735114
2026-06-18T00:04:20Z,684,9,1,17,1,0,1,1,1,1781739311
2026-06-18T00:04:20Z,685,6,0,20,0,1,1,1,1,1781740418
2026-06-18T00:04:20Z,686,7,1,19,1,0,1,1,1,1781735860
2026-06-18T00:04:20Z,687,8,2,22,0,1,1,1,1,1781739214
2026-06-18T00:04:20Z,688,17,4,2,0,0,1,1,1,1781738610
2026-06-18T00:04:20Z,692,0,0,21,0,0,1,1,1,1781739443
2026-06-18T00:04:20Z,693,3,2,7,1,0,1,1,1,1781739799
2026-06-18T00:04:20Z,694,3,1,17,1,0,1,1,1,1781739739
2026-06-18T00:04:20Z,695,10,5,12,1,0,1,1,1,1781740354
2026-06-18T00:04:20Z,696,4,0,17,2,0,1,1,1,1781739756
2026-06-18T00:04:20Z,697,22,5,0,1,0,1,1,1,1781740992
2026-06-18T00:04:20Z,698,26,2,1,0,0,1,1,1,1781740872
2026-06-18T00:04:20Z,699,3,0,12,0,0,1,1,1,1781740825
2026-06-18T00:04:20Z,700,12,1,6,1,0,1,1,1,1781740671
2026-06-18T00:04:20Z,701,7,0,11,1,0,1,1,1,1781740919
2026-06-18T00:04:20Z,702,4,2,18,1,0,1,1,1,1781740948
2026-06-18T00:04:20Z,703,17,3,4,2,0,1,1,1,1781740090
2026-06-18T00:04:20Z,704,10,0,4,1,0,1,1,1,1781740866
2026-06-18T00:04:20Z,705,2,1,11,2,0,1,1,1,1781740440
2026-06-18T00:04:20Z,706,7,2,7,1,0,1,1,1,1781739719
2026-06-18T00:04:20Z,707,13,2,1,1,0,1,1,1,1781739538
2026-06-18T00:04:20Z,708,15,2,4,0,0,1,1,1,1781740988
2026-06-18T00:04:20Z,709,9,2,3,3,0,1,1,1,1781740773
2026-06-18T00:04:20Z,710,17,0,1,1,0,1,1,1,1781740432
2026-06-18T00:04:20Z,711,3,3,13,3,0,1,1,1,1781740152
2026-06-18T00:04:20Z,712,2,1,10,3,0,1,1,1,1781740629
2026-06-18T00:04:20Z,713,13,5,10,0,0,1,1,1,1781740775
2026-06-18T00:04:20Z,716,3,0,8,4,0,1,1,1,1781740404
2026-06-18T00:04:20Z,717,10,2,11,4,0,1,1,1,1781740914
2026-06-18T00:04:20Z,718,0,0,15,0,0,1,1,1,1781739928
2026-06-18T00:04:20Z,719,13,0,16,0,0,1,1,1,1781740314
2026-06-18T00:04:20Z,720,1,0,17,1,0,1,1,1,1781740294
2026-06-18T00:04:20Z,721,3,0,17,3,0,1,1,1,1781741002
2026-06-18T00:04:20Z,722,4,1,11,0,0,1,1,1,1781739598
2026-06-18T00:04:20Z,723,6,0,16,1,0,1,1,1,1781741049
2026-06-18T00:04:20Z,724,10,6,12,1,0,1,1,1,1781739747
2026-06-18T00:04:20Z,725,22,4,1,0,0,1,1,1,1781740993
2026-06-18T00:04:20Z,726,14,1,5,0,0,1,1,1,1781740876
2026-06-18T00:04:20Z,727,12,8,11,0,0,1,1,1,1781739700
2026-06-18T00:04:20Z,728,3,1,8,4,0,1,1,1,1781740249
2026-06-18T00:04:20Z,729,8,0,10,1,0,1,1,1,1781740633
2026-06-18T00:04:20Z,730,4,3,11,0,0,1,1,1,1781739894
2026-06-18T00:04:20Z,731,6,0,9,0,0,1,1,1,1781740339
2026-06-18T00:04:20Z,732,11,1,4,0,0,1,1,1,1781740668
2026-06-18T00:04:20Z,733,25,0,0,2,0,1,1,1,1781739526
2026-06-18T00:04:20Z,734,0,0,14,0,0,1,1,1,1781740967
2026-06-18T00:04:20Z,735,0,0,18,1,0,1,1,1,1781739800
2026-06-18T00:04:20Z,736,3,2,13,3,0,1,1,1,1781741042
2026-06-18T00:04:20Z,737,1,1,14,0,0,1,1,1,1781740523
2026-06-18T00:04:20Z,738,8,0,10,1,0,1,1,1,1781740858
2026-06-18T00:04:20Z,739,12,3,14,1,0,1,1,1,1781740753
2026-06-18T00:04:20Z,741,13,1,10,0,0,1,1,1,1781740426
2026-06-18T00:04:20Z,742,34,3,4,1,0,1,1,1,1781740775
2026-06-18T00:04:20Z,743,0,0,19,0,0,1,1,1,1781740666
2026-06-18T00:04:20Z,744,2,2,13,0,0,1,1,1,1781740640
2026-06-18T00:04:20Z,745,2,0,17,0,0,1,1,1,1781740686
2026-06-18T00:04:20Z,746,21,1,2,0,0,1,1,1,1781740541
2026-06-18T00:04:20Z,747,16,1,3,0,0,1,1,1,1781740786
2026-06-18T00:04:20Z,748,14,5,8,1,0,1,1,1,1781740450
2026-06-18T00:04:20Z,749,6,1,16,1,0,1,1,1,1781740920
2026-06-18T00:04:20Z,750,3,0,7,1,0,1,1,1,1781741019
2026-06-18T00:04:20Z,751,3,1,19,1,0,1,1,1,1781740984
2026-06-18T00:04:20Z,752,2,2,13,2,0,1,1,1,1781740747
2026-06-18T00:04:20Z,753,14,0,0,1,0,1,1,1,1781740925
2026-06-18T00:04:20Z,754,2,2,13,0,0,1,1,1,1781739550
2026-06-18T00:04:20Z,755,8,2,11,0,0,1,1,1,1781740589
2026-06-18T00:04:20Z,756,0,0,37,0,0,1,1,1,1781740215
2026-06-18T00:04:20Z,757,5,2,14,0,0,1,1,1,1781740348
2026-06-18T00:04:20Z,758,0,0,23,0,0,1,1,1,1781740731
2026-06-18T00:04:20Z,759,4,1,9,2,0,1,1,1,1781740868
2026-06-18T00:04:20Z,760,16,0,2,1,0,1,1,1,1781739304
2026-06-18T00:04:20Z,761,9,2,14,0,0,1,1,1,1781740991
2026-06-18T00:04:20Z,762,6,1,8,1,0,1,1,1,1781741003
2026-06-18T00:04:20Z,768,2,0,13,4,0,1,1,1,1781741004
2026-06-18T00:04:20Z,769,16,3,0,3,0,1,1,1,1781740989
2026-06-18T00:04:20Z,770,9,4,10,0,0,1,1,1,1781740596
2026-06-18T00:04:20Z,771,1,0,14,0,0,1,1,1,1781740262
2026-06-18T00:04:20Z,772,7,2,8,0,0,1,1,1,1781740143
2026-06-18T00:04:20Z,773,3,2,13,3,0,1,1,1,1781740421
2026-06-18T00:04:20Z,774,4,1,10,1,0,1,1,1,1781739990
2026-06-18T00:04:20Z,775,1,0,17,1,0,1,1,1,1781739662
2026-06-18T00:04:20Z,776,2,0,17,2,0,1,1,1,1781740216
2026-06-18T00:04:20Z,777,11,6,3,1,0,1,1,1,1781740877
2026-06-18T00:04:20Z,778,5,0,12,2,0,1,1,1,1781740753
2026-06-18T00:04:20Z,779,6,4,11,2,0,1,1,1,1781739747
2026-06-18T00:04:20Z,780,8,1,9,2,0,1,1,1,1781740881
2026-06-18T00:04:20Z,781,2,2,7,2,0,1,1,1,1781741047
2026-06-18T00:04:20Z,782,5,4,14,0,0,1,1,1,1781739788
2026-06-18T00:04:20Z,783,1,0,17,1,0,1,1,1,1781737773
2026-06-18T00:04:20Z,784,12,1,6,1,0,1,1,1,1781740294
2026-06-18T00:04:20Z,785,10,2,2,2,0,1,1,1,1781739915
2026-06-18T00:04:20Z,786,3,3,15,1,0,1,1,1,1781731918
2026-06-18T00:04:20Z,787,8,1,7,0,0,1,1,1,1781739994
2026-06-18T00:04:20Z,788,6,0,9,0,0,1,1,1,1781740752
2026-06-18T00:04:20Z,789,7,0,7,1,0,1,1,1,1781740904
2026-06-18T00:04:20Z,790,6,2,16,1,0,1,1,1,1781740696
2026-06-18T00:04:20Z,791,4,2,15,0,0,1,1,1,1781739686
2026-06-18T00:04:20Z,793,1,1,14,0,0,1,1,1,1781740569
2026-06-18T00:04:20Z,794,1,1,28,0,0,1,1,1,1781740289
2026-06-18T00:04:20Z,796,8,0,9,2,0,1,1,1,1781740809
2026-06-18T00:04:20Z,797,13,0,1,1,0,1,1,1,1781740905
2026-06-18T00:04:20Z,798,21,1,4,0,0,1,1,1,1781740762
2026-06-18T00:04:20Z,799,1,1,17,1,0,1,1,1,1781741056
2026-06-18T00:04:20Z,800,3,1,17,1,0,1,1,1,1781739486
2026-06-18T00:04:20Z,801,1,0,20,0,0,1,1,1,1781741053
2026-06-18T00:04:20Z,802,4,0,25,2,0,1,1,1,1781740709
2026-06-18T00:04:20Z,803,9,1,5,1,0,1,1,1,1781740760
2026-06-18T00:04:20Z,806,0,0,15,0,0,1,1,1,1781740431
2026-06-18T00:04:20Z,807,3,3,20,2,0,1,1,1,1781740839
2026-06-18T00:04:20Z,808,1,0,22,2,0,1,1,1,1781740956
2026-06-18T00:04:20Z,809,7,1,16,0,0,1,1,1,1781739331
2026-06-18T00:04:20Z,810,6,4,13,0,0,1,1,1,1781740724
2026-06-18T00:04:20Z,815,8,3,6,1,0,1,1,1,1781739737
2026-06-18T00:04:20Z,817,7,0,6,2,0,1,1,1,1781740374
2026-06-18T00:04:20Z,818,5,1,13,5,0,1,1,1,1781740877
2026-06-18T00:04:20Z,819,4,2,10,1,0,1,1,1,1781739899
2026-06-18T00:04:20Z,820,3,1,14,0,0,1,1,1,1781740541
2026-06-18T00:04:20Z,821,5,1,10,0,0,1,1,1,1781740576
2026-06-18T00:04:20Z,822,9,0,13,1,0,1,1,1,1781741021
2026-06-18T00:04:20Z,823,15,4,0,0,0,1,1,1,1781741027
2026-06-18T00:04:20Z,824,12,11,7,0,0,1,1,1,1781740982
2026-06-18T00:04:20Z,825,2,1,13,0,0,1,1,1,1781734941
2026-06-18T00:04:20Z,826,4,0,15,0,0,1,1,1,1781740693
2026-06-18T00:04:20Z,827,14,4,7,0,0,1,1,1,1781741009
2026-06-18T00:04:20Z,828,1,0,16,1,0,1,1,1,1781739652
2026-06-18T00:04:20Z,829,3,2,24,0,0,1,1,1,1781734461
2026-06-18T00:04:20Z,830,3,0,20,0,0,1,1,1,1781741044
2026-06-18T00:04:20Z,831,9,8,5,1,0,1,1,1,1781739694
2026-06-18T00:04:20Z,832,8,6,8,2,0,1,1,1,1781740535
2026-06-18T00:04:20Z,833,8,2,11,0,0,1,1,1,1781740290
2026-06-18T00:04:20Z,834,11,5,12,1,0,1,1,1,1781741054
2026-06-18T00:04:20Z,835,6,0,12,0,0,1,1,1,1781740946
2026-06-18T00:04:20Z,837,4,0,11,0,0,1,1,1,1781740272
2026-06-18T00:04:20Z,838,0,0,14,1,0,1,1,1,1781740702
2026-06-18T00:04:20Z,839,28,0,0,1,0,1,1,1,1781740968
2026-06-18T00:04:20Z,840,2,1,22,5,0,1,1,1,1781741008
2026-06-18T00:04:20Z,841,2,0,12,1,0,1,1,1,1781740506
2026-06-18T00:04:20Z,842,6,1,17,0,0,1,1,1,1781739511
2026-06-18T00:04:20Z,843,7,5,23,1,0,1,1,1,1781740404
2026-06-18T00:04:20Z,844,12,3,11,0,0,1,1,1,1781740902
2026-06-18T00:04:20Z,845,2,0,17,0,0,1,1,1,1781740128
2026-06-18T00:04:20Z,846,8,2,10,0,1,1,1,1,1781740015
2026-06-18T00:04:20Z,847,14,4,11,2,0,1,1,1,1781740586
2026-06-18T00:04:20Z,848,4,1,15,0,0,1,1,1,1781740365
2026-06-18T00:04:20Z,849,6,3,4,5,0,1,1,1,1781740274
2026-06-18T00:04:20Z,850,3,1,8,0,0,1,1,1,1781741054
2026-06-18T00:04:20Z,851,1,1,34,2,0,1,1,1,1781740850
2026-06-18T00:04:20Z,852,7,0,11,1,0,1,1,1,1781740762
2026-06-18T00:04:20Z,853,2,0,20,1,0,1,1,1,1781740396
2026-06-18T00:04:20Z,854,8,0,7,0,0,1,1,1,1781739181
2026-06-18T00:04:20Z,855,15,0,11,1,0,1,1,1,1781740863
2026-06-18T00:04:20Z,857,0,0,19,0,0,1,1,1,1781739765
2026-06-18T00:04:20Z,858,0,0,18,1,0,1,1,1,1781740303
2026-06-18T00:04:20Z,859,8,1,13,0,0,1,1,1,1781741005
2026-06-18T00:04:20Z,861,2,0,9,0,0,1,1,1,1781739784
2026-06-18T00:04:20Z,862,0,0,15,0,0,1,1,1,1781739763
2026-06-18T00:04:20Z,863,7,1,12,0,0,1,1,1,1781740154
2026-06-18T00:04:20Z,866,8,2,9,2,0,1,1,1,1781740622
2026-06-18T00:04:20Z,867,8,1,6,1,0,1,1,1,1781740027
2026-06-18T00:04:20Z,868,11,4,3,1,0,1,1,1,1781740089
2026-06-18T00:04:20Z,870,8,0,4,3,0,1,1,1,1781740566
2026-06-18T00:04:20Z,871,7,0,4,0,0,1,1,1,1781739327
2026-06-18T00:04:20Z,872,11,2,3,1,0,1,1,1,1781740391
2026-06-18T00:04:20Z,873,0,0,32,1,0,1,1,1,1781740760
2026-06-18T00:04:20Z,874,8,0,7,0,0,1,1,1,1781740602
2026-06-18T00:04:20Z,875,12,2,3,0,0,1,1,1,1781739962
2026-06-18T00:04:20Z,877,12,6,6,1,0,1,1,1,1781739814
2026-06-18T00:04:20Z,878,0,0,19,0,0,1,1,1,1781739470
2026-06-18T00:04:20Z,879,4,1,13,2,0,1,1,1,1781740087
2026-06-18T00:04:20Z,880,2,1,20,1,0,1,1,1,1781740765
2026-06-18T00:04:20Z,881,7,0,9,3,0,1,1,1,1781739984
2026-06-18T00:04:20Z,882,11,5,8,0,0,1,1,1,1781740774
2026-06-18T00:04:20Z,883,0,0,18,1,0,0,1,1,1781529111
2026-06-18T00:04:20Z,884,11,6,10,0,0,1,1,1,1781705947
2026-06-18T00:04:20Z,885,0,0,19,0,0,1,1,1,1781732630
2026-06-18T00:04:20Z,886,1,1,24,4,0,1,1,1,1781740265
2026-06-18T00:04:20Z,887,6,3,10,1,0,1,1,1,1781740977
2026-06-18T00:04:20Z,888,40,5,0,1,0,1,1,1,1781740527
2026-06-18T00:04:20Z,889,11,0,8,0,0,1,1,1,1781741024
2026-06-18T00:04:20Z,890,2,1,13,0,0,1,1,1,1781688127
2026-06-18T00:04:20Z,891,9,1,13,1,0,1,1,1,1781740914
2026-06-18T00:04:20Z,892,10,1,4,1,0,1,1,1,1781740763
2026-06-18T00:04:20Z,895,15,0,3,1,0,1,1,1,1781741044
2026-06-18T00:04:20Z,896,2,0,32,1,0,1,1,1,1781740580
2026-06-18T00:04:20Z,897,13,1,7,1,0,1,1,1,1781740515
2026-06-18T00:04:20Z,898,10,2,9,0,0,1,1,1,1781740256
2026-06-18T00:04:20Z,899,17,1,2,0,0,1,1,1,1781741041
2026-06-18T00:04:20Z,900,19,2,7,1,0,1,1,1,1781740930
2026-06-18T00:04:20Z,901,10,5,9,0,0,1,1,1,1781740972
2026-06-18T00:04:20Z,902,1,0,14,0,0,1,1,1,1781739833
2026-06-18T00:04:20Z,903,4,0,15,0,0,1,1,1,1781740058
2026-06-18T00:04:20Z,904,15,3,3,1,0,1,1,1,1781739988
2026-06-18T00:04:20Z,905,0,0,27,0,0,1,1,1,1781739964
2026-06-18T00:04:20Z,906,5,2,22,0,0,1,1,1,1781740962
2026-06-18T00:04:20Z,907,26,0,4,1,0,1,1,1,1781740517
2026-06-18T00:04:20Z,908,9,2,13,1,0,1,1,1,1781740922
2026-06-18T00:04:20Z,909,1,0,21,1,0,1,1,1,1781740732
2026-06-18T00:04:20Z,910,23,1,5,3,0,1,1,1,1781741055
2026-06-18T00:04:20Z,911,10,1,9,0,0,1,1,1,1781740065
2026-06-18T00:04:20Z,912,3,0,19,1,0,1,1,1,1781741010
2026-06-18T00:04:20Z,913,4,2,13,2,0,1,1,1,1781740686
2026-06-18T00:04:20Z,914,1,0,18,0,0,1,1,1,1781740298
2026-06-18T00:04:20Z,915,12,1,11,0,0,1,1,1,1781740906
2026-06-18T00:04:20Z,916,9,5,13,1,0,1,1,1,1781740712
2026-06-18T00:04:20Z,917,3,0,32,0,0,1,1,1,1781740315
2026-06-18T00:04:20Z,918,12,5,6,1,0,1,1,1,1781740532
2026-06-18T00:04:20Z,919,12,1,23,4,0,1,1,1,1781740936
2026-06-18T00:04:20Z,920,12,7,7,0,0,1,1,1,1781740484
2026-06-18T00:04:20Z,921,9,1,10,2,0,1,1,1,1781741055
2026-06-18T00:04:20Z,922,5,2,16,0,0,1,1,1,1781740419
2026-06-18T00:04:20Z,923,2,1,16,1,0,1,1,1,1781740998
2026-06-18T00:04:20Z,924,1,0,19,1,0,1,1,1,1781741009
2026-06-18T00:04:20Z,925,16,6,5,0,0,1,1,1,1781740268
2026-06-18T00:04:20Z,926,10,1,11,0,0,1,1,1,1781739581
2026-06-18T00:04:20Z,927,0,0,34,1,0,1,1,1,1781739469
2026-06-18T00:04:20Z,928,3,0,14,2,0,1,1,1,1781740960
2026-06-18T00:04:20Z,929,3,1,18,1,1,1,1,1,1781740831
2026-06-18T00:04:20Z,930,30,0,1,0,0,1,1,1,1781741009
2026-06-18T00:04:20Z,931,0,0,23,0,0,1,1,1,1781740748
2026-06-18T00:04:20Z,932,9,1,10,0,0,1,1,1,1781741046
2026-06-18T00:04:20Z,933,7,0,16,0,0,1,1,1,1781740874
2026-06-18T00:04:20Z,934,3,0,27,1,0,1,1,1,1781741018
2026-06-18T00:04:20Z,935,4,0,14,1,0,1,1,1,1781740866
2026-06-18T00:04:20Z,936,1,0,18,0,0,1,1,1,1781740603
2026-06-18T00:04:20Z,940,9,0,2,0,0,1,1,1,1781738732
2026-06-18T00:04:20Z,941,17,1,8,0,0,1,1,1,1781738569
2026-06-18T00:04:20Z,942,14,1,6,1,0,1,1,1,1781740668
2026-06-18T00:04:20Z,943,7,7,7,1,0,1,1,1,1781740038
2026-06-18T00:04:20Z,944,4,4,10,1,0,1,1,1,1781709152
2026-06-18T00:04:20Z,945,6,4,8,1,0,1,1,1,1781740208
2026-06-18T00:04:20Z,946,12,9,7,0,0,1,1,1,1781739297
2026-06-18T00:04:20Z,947,6,5,11,0,0,1,1,1,1781739412
2026-06-18T00:04:20Z,948,3,2,26,2,0,1,1,1,1781741023
2026-06-18T00:04:20Z,949,0,0,14,1,0,1,1,1,1781741034
2026-06-18T00:04:20Z,950,4,1,13,0,0,1,1,1,1781740711
2026-06-18T00:04:20Z,951,3,0,19,1,0,1,1,1,1781740333
2026-06-18T00:04:20Z,952,24,0,28,3,0,1,1,1,1781740476
2026-06-18T00:04:20Z,953,12,3,1,2,0,1,1,1,1781740642
2026-06-18T00:04:20Z,954,12,0,6,1,0,1,1,1,1781740878
2026-06-18T00:04:20Z,955,2,2,21,4,0,1,1,1,1781740668
2026-06-18T00:04:20Z,956,17,0,1,1,0,1,1,1,1781740419
2026-06-18T00:04:20Z,957,13,3,16,0,0,1,1,1,1781741048
2026-06-18T00:04:20Z,958,27,1,3,1,0,1,1,1,1781741055
2026-06-18T00:04:20Z,959,3,1,17,3,0,1,1,1,1781740954
2026-06-18T00:04:20Z,960,11,4,8,4,0,1,1,1,1781740994
2026-06-18T00:04:20Z,961,6,1,17,0,0,1,1,1,1781741049
2026-06-18T00:04:20Z,962,2,0,27,6,0,1,1,1,1781740974
2026-06-18T00:04:20Z,963,2,0,21,0,0,1,1,1,1781740697
2026-06-18T00:04:20Z,964,11,3,10,2,0,1,1,1,1781741056
2026-06-18T00:04:20Z,965,25,4,0,2,0,1,1,1,1781741001
2026-06-18T00:04:20Z,966,30,4,0,1,0,1,1,1,1781740957
2026-06-18T00:04:20Z,967,20,0,0,1,0,1,1,1,1781741048
2026-06-18T00:04:20Z,968,19,0,0,0,0,1,1,1,1781740833
2026-06-18T00:04:20Z,969,5,4,21,1,0,1,1,1,1781740899
2026-06-18T00:04:20Z,970,4,1,14,1,0,1,1,1,1781740814
2026-06-18T00:04:20Z,971,16,1,6,1,0,1,1,1,1781740256
2026-06-18T00:04:20Z,972,14,3,8,1,0,1,1,1,1781739340
2026-06-18T00:04:20Z,973,4,1,17,2,0,1,1,1,1781740224
2026-06-18T00:04:20Z,974,0,0,27,0,0,1,1,1,1781740594
2026-06-18T00:04:20Z,977,0,0,20,1,0,1,1,1,1781740665
2026-06-18T00:04:20Z,978,18,7,3,2,0,1,1,1,1781740616
2026-06-18T00:04:20Z,979,3,1,13,1,0,1,1,1,1781740488
2026-06-18T00:04:20Z,980,0,0,21,0,0,1,1,1,1781739300
2026-06-18T00:04:20Z,981,5,0,15,1,0,1,1,1,1781741033
2026-06-18T00:04:20Z,982,8,1,10,1,0,1,1,1,1781739310
2026-06-18T00:04:20Z,983,5,4,18,0,0,1,1,1,1781740056
2026-06-18T00:04:20Z,984,15,2,8,0,0,1,1,1,1781741049
2026-06-18T00:04:20Z,985,2,0,29,0,0,1,1,1,1781740955
2026-06-18T00:04:20Z,986,12,3,7,0,0,1,1,1,1781740261
2026-06-18T00:04:20Z,987,4,0,19,0,0,1,1,1,1781739425
2026-06-18T00:04:20Z,988,12,3,6,1,0,1,1,1,1781741045
2026-06-18T00:04:20Z,989,10,6,7,2,0,1,1,1,1781740229
2026-06-18T00:04:20Z,990,4,2,11,0,0,1,1,1,1781739866
2026-06-18T00:04:20Z,991,13,5,5,1,0,1,1,1,1781740583
2026-06-18T00:04:20Z,992,4,1,19,0,0,1,1,1,1781740521
2026-06-18T00:04:20Z,993,1,0,25,1,0,1,1,1,1781740005
2026-06-18T00:04:20Z,994,4,3,16,1,0,1,1,1,1781740343
2026-06-18T00:04:20Z,995,14,5,12,1,0,1,1,1,1781741047
2026-06-18T00:04:20Z,996,8,2,13,2,0,1,1,1,1781740237
2026-06-18T00:04:20Z,997,16,8,7,0,0,1,1,1,1781740795
2026-06-18T00:04:20Z,998,6,2,17,0,0,1,1,1,1781740865
2026-06-18T00:04:20Z,999,11,1,7,2,1,1,1,1,1781740693
2026-06-18T00:04:20Z,1000,12,5,8,1,0,1,1,1,1781739714
2026-06-18T00:04:20Z,1001,7,0,20,0,0,1,1,1,1781739948
2026-06-18T00:04:20Z,1002,13,0,17,1,0,1,1,1,1781740659
2026-06-18T00:04:20Z,1003,7,0,15,1,0,1,1,1,1781741022
2026-06-18T00:04:20Z,1004,9,1,13,1,0,1,1,1,1781739348
2026-06-18T00:04:20Z,1005,11,0,11,1,0,1,1,1,1781740787
2026-06-18T00:04:20Z,1006,12,5,7,0,0,1,1,1,1781740771
2026-06-18T00:04:20Z,1007,8,4,13,0,0,1,1,1,1781739760
2026-06-18T00:04:20Z,1008,13,0,8,2,0,1,1,1,1781740556
2026-06-18T00:04:20Z,1009,12,3,19,0,0,1,1,1,1781739448
2026-06-18T00:04:20Z,1010,13,3,14,0,0,1,1,1,1781741020
2026-06-18T00:04:20Z,1011,6,4,12,1,0,1,1,1,1781740563
2026-06-18T00:04:20Z,1012,4,3,17,2,0,1,1,1,1781739872
2026-06-18T00:04:20Z,1013,6,0,15,2,0,1,1,1,1781740444
2026-06-18T00:04:20Z,1014,11,1,12,0,0,1,1,1,1781740391
2026-06-18T00:04:20Z,1015,5,3,26,0,0,1,1,1,1781739351
2026-06-18T00:04:20Z,1016,14,3,17,0,0,1,1,1,1781739723
2026-06-18T00:04:20Z,1017,8,0,12,1,0,1,1,1,1781739317
2026-06-18T00:04:20Z,1018,7,1,12,2,0,1,1,1,1781739814
2026-06-18T00:04:20Z,1019,9,4,3,3,0,1,1,1,1781740167
2026-06-18T00:04:20Z,1020,15,3,5,1,0,1,1,1,1781740681
2026-06-18T00:04:20Z,1021,3,1,12,0,0,1,1,1,1781739385
2026-06-18T00:04:20Z,1022,10,1,17,0,0,1,1,1,1781740947
2026-06-18T00:04:20Z,1023,7,0,16,0,0,1,1,1,1781741048
2026-06-18T00:04:20Z,1024,10,5,8,1,0,1,1,1,1781739973
2026-06-18T00:04:20Z,1025,15,0,4,0,0,1,1,1,1781740103
2026-06-18T00:04:20Z,1026,6,4,24,1,0,1,1,1,1781739389
2026-06-18T00:04:20Z,1028,12,1,11,0,0,1,1,1,1781740652
2026-06-18T00:04:20Z,1029,9,6,4,2,0,1,1,1,1781740460
2026-06-18T00:04:20Z,1030,9,3,14,0,0,1,1,1,1781740624
2026-06-18T00:04:20Z,1031,1,0,17,1,0,1,1,1,1781739881
2026-06-18T00:04:20Z,1032,9,2,9,1,0,1,1,1,1781740917
2026-06-18T00:04:20Z,1033,12,7,5,2,0,1,1,1,1781740570
2026-06-18T00:04:20Z,1034,1,0,14,0,0,1,1,1,1781739858
2026-06-18T00:04:20Z,1035,2,0,17,0,0,1,1,1,1781740122
2026-06-18T00:04:20Z,1036,13,1,2,0,0,1,1,1,1781740739
2026-06-18T00:04:20Z,1037,12,0,7,0,0,1,1,1,1781740482
2026-06-18T00:04:20Z,1038,5,0,10,0,0,1,1,1,1781740194
2026-06-18T00:04:20Z,1039,5,1,13,1,0,1,1,1,1781740142
2026-06-18T00:04:20Z,1040,9,1,9,1,0,1,1,1,1781740568
2026-06-18T00:04:20Z,1041,6,2,13,0,0,1,1,1,1781740293
2026-06-18T00:04:20Z,1042,5,0,10,0,0,1,1,1,1781739931
2026-06-18T00:04:20Z,1043,7,5,10,2,0,1,1,1,1781740523
2026-06-18T00:04:20Z,1044,1,0,13,1,0,1,1,1,1781740468
2026-06-18T00:04:20Z,1045,3,0,16,0,0,1,1,1,1781740108
2026-06-18T00:04:20Z,1046,7,0,5,3,0,1,1,1,1781740922
2026-06-18T00:04:20Z,1047,8,3,12,1,0,1,1,1,1781739562
2026-06-18T00:04:20Z,1048,16,2,3,0,0,1,1,1,1781740150
2026-06-18T00:04:20Z,1049,2,0,19,0,0,1,1,1,1781739567
2026-06-18T00:04:20Z,1050,4,0,15,2,0,1,1,1,1781740987
2026-06-18T00:04:20Z,1051,3,0,18,0,0,1,1,1,1781741010
2026-06-18T00:04:20Z,1052,4,1,18,0,0,1,1,1,1781739942
2026-06-18T00:04:20Z,1053,4,0,11,0,0,1,1,1,1781740202
2026-06-18T00:04:20Z,1054,6,3,9,0,0,1,1,1,1781740242
2026-06-18T00:04:20Z,1055,4,1,15,0,0,1,1,1,1781739317
2026-06-18T00:04:20Z,1057,3,1,16,0,0,1,1,1,1781740897
2026-06-18T00:04:20Z,1058,20,0,35,1,0,1,1,1,1781740925
2026-06-18T00:04:20Z,1059,2,2,16,1,0,1,1,1,1781739699
2026-06-18T00:04:20Z,1060,14,4,22,0,0,1,1,1,1781740944
2026-06-18T00:04:20Z,1061,15,0,20,2,0,1,1,1,1781741051
2026-06-18T00:04:20Z,1062,5,0,11,1,0,1,1,1,1781740897
2026-06-18T00:04:20Z,1063,12,1,4,3,0,1,1,1,1781740403
2026-06-18T00:04:20Z,1064,6,3,17,0,0,1,1,1,1781740470
2026-06-18T00:04:20Z,1065,11,3,11,1,0,1,1,1,1781740479
2026-06-18T00:04:20Z,1066,3,0,19,1,0,1,1,1,1781740838
2026-06-18T00:04:20Z,1067,14,0,6,3,0,1,1,1,1781740989
2026-06-18T00:04:20Z,1068,11,3,12,0,0,1,1,1,1781740980
2026-06-18T00:04:20Z,1069,4,1,19,0,0,1,1,1,1781739749
2026-06-18T00:04:20Z,1070,10,0,13,0,0,1,1,1,1781740609
2026-06-18T00:04:20Z,1071,8,1,15,0,0,1,1,1,1781740596
2026-06-18T00:04:20Z,1072,9,1,13,1,0,1,1,1,1781740751
2026-06-18T00:04:20Z,1073,4,0,23,0,0,1,1,1,1781740192
2026-06-18T00:04:20Z,1074,34,0,17,2,0,1,1,1,1781740822
2026-06-18T00:04:20Z,1075,12,7,7,2,0,1,1,1,1781740519
2026-06-18T00:04:20Z,1076,10,8,11,0,0,1,1,1,1781740687
2026-06-18T00:04:20Z,1077,10,8,11,0,0,1,1,1,1781740505
2026-06-18T00:04:20Z,1078,10,8,11,0,0,1,1,1,1781740373
2026-06-18T00:04:20Z,1079,10,8,11,0,0,1,1,1,1781740789
2026-06-18T00:04:20Z,1080,8,6,13,0,0,1,1,1,1781740587
2026-06-18T00:04:20Z,1081,11,8,8,0,0,1,1,1,1781740872
2026-06-18T00:04:20Z,1082,12,12,11,0,0,1,1,1,1781740983
2026-06-18T00:04:20Z,1083,11,8,10,0,0,1,1,1,1781740530
2026-06-18T00:04:20Z,1084,12,9,9,0,0,1,1,1,1781740800
2026-06-18T00:04:20Z,1085,14,9,7,0,0,1,1,1,1781740380
2026-06-18T00:04:20Z,1086,13,11,8,0,0,1,1,1,1781740292
2026-06-18T00:04:20Z,1087,6,6,9,0,0,1,1,1,1781740547
2026-06-18T00:04:20Z,1088,8,5,7,0,0,1,1,1,1781739594
2026-06-18T00:04:20Z,1089,8,7,7,0,0,1,1,1,1781740969
2026-06-18T00:04:20Z,1090,10,10,5,0,0,1,1,1,1781740958
2026-06-18T00:04:20Z,1091,9,7,6,0,0,1,1,1,1781740073
2026-06-18T00:04:20Z,1092,7,6,8,0,0,1,1,1,1781740822
2026-06-18T00:04:20Z,1093,10,8,5,0,0,1,1,1,1781740894
2026-06-18T00:04:20Z,1094,11,9,8,0,0,1,1,1,1781739624
2026-06-18T00:04:20Z,1095,10,8,5,0,0,1,1,1,1781740378
2026-06-18T00:04:20Z,1096,10,7,9,0,0,1,1,1,1781739871
2026-06-18T00:04:20Z,1097,9,7,6,0,0,1,1,1,1781740944
2026-06-18T00:04:20Z,1098,8,8,11,0,0,1,1,1,1781739268
2026-06-18T00:04:20Z,1099,5,4,10,0,0,1,1,1,1781740687
2026-06-18T00:04:20Z,1100,11,6,13,5,0,1,1,1,1781740263
2026-06-18T00:04:20Z,1101,11,5,10,0,0,1,1,1,1781739719
2026-06-18T00:04:20Z,1102,10,5,2,1,0,1,1,1,1781740734
2026-06-18T00:04:20Z,1103,9,5,11,1,0,1,1,1,1781741015
2026-06-18T00:04:20Z,1104,10,6,11,0,0,1,1,1,1781739707
2026-06-18T00:04:20Z,1105,8,3,5,0,0,1,1,1,1781740585
2026-06-18T00:04:20Z,1106,8,4,12,1,0,1,1,1,1781739993
2026-06-18T00:04:20Z,1107,10,5,5,0,0,1,1,1,1781739929
2026-06-18T00:04:20Z,1108,7,1,17,3,0,1,1,1,1781739546
2026-06-18T00:04:20Z,1109,10,8,5,0,0,1,1,1,1781740202
2026-06-18T00:04:20Z,1110,10,3,10,1,0,1,1,1,1781739935
2026-06-18T00:04:20Z,1111,12,4,8,1,0,1,1,1,1781740014
2026-06-18T00:04:20Z,1112,51,1,1,1,0,1,1,1,1781740477
2026-06-18T00:04:20Z,1113,9,2,12,0,0,1,1,1,1781739775
2026-06-18T00:04:20Z,1115,4,1,18,1,0,1,1,1,1781740639
2026-06-18T00:04:20Z,1116,0,0,19,0,0,1,1,1,1781740032
2026-06-18T00:04:20Z,1117,1,1,20,2,0,1,1,1,1781740595
2026-06-18T00:04:20Z,1118,19,0,0,2,0,1,1,1,1781740442
2026-06-18T00:04:20Z,1119,17,1,0,0,0,1,1,1,1781740586
2026-06-18T00:04:20Z,1120,17,4,1,1,0,1,1,1,1781740882
2026-06-18T00:04:20Z,1121,13,0,7,1,0,1,1,1,1781740942
2026-06-18T00:04:20Z,1122,3,3,15,3,0,1,1,1,1781740863
2026-06-18T00:04:20Z,1123,7,5,16,0,0,1,1,1,1781740307
2026-06-18T00:04:20Z,1124,11,0,3,1,0,1,1,1,1781740009
2026-06-18T00:04:20Z,1125,3,1,20,0,0,1,1,1,1781740355
2026-06-18T00:04:20Z,1126,3,0,16,0,2,1,1,1,1781740866
2026-06-18T00:04:20Z,1127,14,3,5,0,0,1,1,1,1781740124
2026-06-18T00:04:20Z,1128,11,3,4,0,0,1,1,1,1781739773
2026-06-18T00:04:20Z,1129,19,2,2,0,0,1,1,1,1781740960
2026-06-18T00:04:20Z,1130,5,1,8,2,0,1,1,1,1781740778
2026-06-18T00:04:20Z,1131,0,0,49,0,0,1,1,1,1781739924
2026-06-18T00:04:20Z,1132,2,0,19,0,0,1,1,1,1781740722
2026-06-18T00:04:20Z,1133,2,2,19,0,0,1,1,1,1781740610
2026-06-18T00:04:20Z,1134,10,5,9,0,0,1,1,1,1781740558
2026-06-18T00:04:20Z,1135,10,5,11,0,0,1,1,1,1781739951
2026-06-18T00:04:20Z,1136,22,0,1,0,0,1,1,1,1781740992
2026-06-18T00:04:20Z,1137,8,1,4,3,0,1,1,1,1781740622
2026-06-18T00:04:20Z,1138,19,2,0,0,0,1,1,1,1781739896
2026-06-18T00:04:20Z,1139,21,0,0,0,0,1,1,1,1781738994
2026-06-18T00:04:20Z,1140,17,9,2,4,0,1,1,1,1781740551
2026-06-18T00:04:20Z,1141,4,3,15,2,0,1,1,1,1781741039
2026-06-18T00:04:20Z,1142,11,0,10,0,0,1,1,1,1781740333
2026-06-18T00:04:20Z,1143,26,0,1,2,0,1,1,1,1781741039
2026-06-18T00:04:20Z,1144,7,0,14,0,0,1,1,1,1781739468
2026-06-18T00:04:20Z,1145,9,5,12,0,0,1,1,1,1781739751
2026-06-18T00:04:20Z,1146,1,0,13,4,1,1,1,1,1781741006
2026-06-18T00:04:20Z,1147,13,0,6,0,0,1,1,1,1781740851
2026-06-18T00:04:20Z,1148,20,2,11,0,0,1,1,1,1781741055
2026-06-18T00:04:20Z,1149,6,1,18,1,0,1,1,1,1781740716
2026-06-18T00:04:20Z,1150,9,1,10,0,0,1,1,1,1781740609
2026-06-18T00:04:20Z,1151,8,0,13,0,0,1,1,1,1781740932
2026-06-18T00:04:20Z,1152,2,0,27,0,0,1,1,1,1781740788
2026-06-18T00:04:20Z,1153,14,8,8,1,0,1,1,1,1781740637
2026-06-18T00:04:20Z,1154,9,0,7,3,0,1,1,1,1781739981
2026-06-18T00:04:20Z,1155,14,3,4,3,0,1,1,1,1781740943
2026-06-18T00:04:20Z,1158,9,2,9,1,0,1,1,1,1781740100
2026-06-18T00:04:20Z,1159,8,1,10,1,0,1,1,1,1781740568
2026-06-18T00:04:20Z,1160,4,0,15,0,0,1,1,1,1781740912
2026-06-18T00:04:20Z,1161,2,1,17,0,0,1,1,1,1781740414
2026-06-18T00:04:20Z,1162,6,0,13,0,0,1,1,1,1781739610
2026-06-18T00:04:20Z,1163,0,0,18,1,0,1,1,1,1781739847
2026-06-18T00:04:20Z,1164,7,1,11,1,0,1,1,1,1781740206
2026-06-18T00:04:20Z,1165,1,0,20,0,0,1,1,1,1781740546
2026-06-18T00:04:20Z,1166,4,0,17,0,0,1,1,1,1781739985
2026-06-18T00:04:20Z,1167,4,0,11,0,0,1,1,1,1781740159
2026-06-18T00:04:20Z,1168,5,0,18,0,0,1,1,1,1781740634
2026-06-18T00:04:20Z,1169,12,11,7,0,0,1,1,1,1781740966
2026-06-18T00:04:20Z,1170,4,0,17,0,0,1,1,1,1781740961
2026-06-18T00:04:20Z,1171,12,4,11,0,0,1,1,1,1781739561
2026-06-18T00:04:20Z,1172,7,1,8,0,0,1,1,1,1781739943
2026-06-18T00:04:20Z,1173,9,3,10,0,0,1,1,1,1781740178
2026-06-18T00:04:20Z,1174,4,3,11,0,0,1,1,1,1781739881
2026-06-18T00:04:20Z,1175,6,3,12,1,0,1,1,1,1781739951
2026-06-18T00:04:20Z,1176,15,1,5,1,0,1,1,1,1781740828
2026-06-18T00:04:20Z,1177,11,3,10,0,0,1,1,1,1781739304
2026-06-18T00:04:20Z,1178,2,0,13,0,0,1,1,1,1781740143
2026-06-18T00:04:20Z,1181,15,0,0,0,0,1,1,1,1781740067
2026-06-18T00:04:20Z,1182,2,2,18,0,0,1,1,1,1781740942
2026-06-18T00:04:20Z,1183,3,2,34,0,0,1,1,1,1781741041
2026-06-18T00:04:20Z,1184,7,4,13,1,0,1,1,1,1781740706
2026-06-18T00:04:20Z,1185,7,1,8,6,0,1,1,1,1781739678
2026-06-18T00:04:20Z,1186,5,0,9,5,0,1,1,1,1781740002
2026-06-18T00:04:20Z,1190,10,5,11,0,0,1,1,1,1781740357
2026-06-18T00:04:20Z,1192,11,6,10,0,0,1,1,1,1781739457
2026-06-18T00:04:20Z,1193,6,4,7,0,0,1,1,1,1781740467
2026-06-18T00:04:20Z,1197,9,6,8,0,0,1,1,1,1781739817
2026-06-18T00:04:20Z,1198,10,7,11,0,0,1,1,1,1781739650
2026-06-18T00:04:20Z,1199,9,6,9,1,0,1,1,1,1781740964
2026-06-18T00:04:20Z,1209,0,0,3,0,0,0,1,1,1781706467
2026-06-18T00:04:20Z,1210,0,0,3,0,0,0,1,1,1781706409
2026-06-18T00:04:20Z,1211,0,0,3,0,0,0,1,1,1781706470
2026-06-18T00:04:20Z,1212,0,0,2,1,0,0,1,1,1781706574
2026-06-18T00:04:20Z,1213,0,0,3,0,0,0,1,1,1781707221
2026-06-18T00:04:20Z,1214,0,0,3,0,0,0,1,1,1781708001
2026-06-18T00:04:20Z,1215,0,0,3,0,0,0,1,1,1781707105
2026-06-18T00:09:20Z,1,9,0,14,0,0,1,1,1,1781741134
2026-06-18T00:09:20Z,2,14,5,12,1,0,1,1,1,1781741198
2026-06-18T00:09:20Z,3,18,6,1,0,0,1,1,1,1781741294
2026-06-18T00:09:20Z,4,12,0,11,0,0,1,1,1,1781741134
2026-06-18T00:09:20Z,5,2,0,20,1,0,1,1,1,1781741293
2026-06-18T00:09:20Z,6,8,1,7,0,0,1,1,1,1781741278
2026-06-18T00:09:20Z,7,20,0,3,0,0,1,1,1,1781741321
2026-06-18T00:09:20Z,8,41,3,2,0,0,1,1,1,1781741251
2026-06-18T00:09:20Z,9,8,1,15,0,0,1,1,1,1781741309
2026-06-18T00:09:20Z,10,8,6,12,3,0,1,1,1,1781739745
2026-06-18T00:09:20Z,11,0,0,19,0,0,1,1,1,1781741038
2026-06-18T00:09:20Z,12,0,0,23,0,0,1,1,1,1781740633
2026-06-18T00:09:20Z,13,14,0,17,0,0,1,1,1,1781741203
2026-06-18T00:09:20Z,14,41,0,2,0,0,1,1,1,1781741234
2026-06-18T00:09:20Z,15,14,1,0,1,0,1,1,1,1781740622
2026-06-18T00:09:20Z,16,6,1,18,3,0,1,1,1,1781740000
2026-06-18T00:09:20Z,17,22,1,3,2,0,1,1,1,1781741114
2026-06-18T00:09:20Z,18,17,0,1,1,0,1,1,1,1781739806
2026-06-18T00:09:20Z,19,8,0,19,0,0,1,1,1,1781741259
2026-06-18T00:09:20Z,20,27,1,0,0,0,1,1,1,1781741276
2026-06-18T00:09:20Z,21,17,0,0,2,0,1,1,1,1781741357
2026-06-18T00:09:20Z,22,8,1,58,0,0,1,1,1,1781741342
2026-06-18T00:09:20Z,23,16,0,14,1,0,1,1,1,1781741225
2026-06-18T00:09:20Z,24,8,2,1,2,0,1,1,1,1781741357
2026-06-18T00:09:20Z,25,69,1,12,0,0,1,1,1,1781741168
2026-06-18T00:09:20Z,26,0,0,27,0,0,1,1,1,1781741268
2026-06-18T00:09:20Z,28,5,2,8,2,0,1,1,1,1781740945
2026-06-18T00:09:20Z,30,3,1,24,2,0,1,1,1,1781740933
2026-06-18T00:09:20Z,31,18,1,0,1,0,1,1,1,1781741089
2026-06-18T00:09:20Z,32,1,1,25,1,0,1,1,1,1781740751
2026-06-18T00:09:20Z,34,29,2,7,1,0,1,1,1,1781741105
2026-06-18T00:09:20Z,35,45,0,1,1,0,1,1,1,1781741270
2026-06-18T00:09:20Z,36,0,0,0,0,0,0,1,1,86400
2026-06-18T00:09:20Z,37,7,2,15,1,0,1,1,1,1781741354
2026-06-18T00:09:20Z,38,3,0,20,0,0,1,1,1,1781741240
2026-06-18T00:09:20Z,39,4,2,27,0,0,1,1,1,1781741312
2026-06-18T00:09:20Z,40,2,0,19,0,0,1,1,1,1781741293
2026-06-18T00:09:20Z,41,0,0,26,1,0,1,1,1,1781738601
2026-06-18T00:09:20Z,42,11,3,19,1,0,1,1,1,1781741201
2026-06-18T00:09:20Z,43,19,7,2,2,0,1,1,1,1781741338
2026-06-18T00:09:20Z,45,0,0,31,0,0,1,1,1,1781738983
2026-06-18T00:09:20Z,46,3,0,28,0,0,1,1,1,1781741201
2026-06-18T00:09:20Z,47,5,0,10,0,0,1,1,1,1781741332
2026-06-18T00:09:20Z,48,11,1,16,0,0,1,1,1,1781741247
2026-06-18T00:09:20Z,49,1,0,18,4,0,1,1,1,1781741357
2026-06-18T00:09:20Z,50,4,3,15,0,0,1,1,1,1781740898
2026-06-18T00:09:20Z,51,39,0,40,0,0,1,1,1,1781740369
2026-06-18T00:09:20Z,52,24,1,1,2,0,1,1,1,1781741352
2026-06-18T00:09:20Z,55,2,0,19,2,0,1,1,1,1781741238
2026-06-18T00:09:20Z,56,0,0,27,0,0,1,1,1,1781741277
2026-06-18T00:09:20Z,57,0,0,25,2,0,1,1,1,1781740848
2026-06-18T00:09:20Z,58,0,0,26,2,0,1,1,1,1781741064
2026-06-18T00:09:20Z,59,1,0,24,2,0,1,1,1,1781741356
2026-06-18T00:09:20Z,61,0,0,38,1,0,1,1,1,1781737989
2026-06-18T00:09:20Z,62,24,14,23,2,0,1,1,1,1781741339
2026-06-18T00:09:20Z,63,1,1,17,1,0,1,1,1,1781740633
2026-06-18T00:09:20Z,64,9,0,6,4,0,1,1,1,1781740519
2026-06-18T00:09:20Z,65,7,3,10,2,0,1,1,1,1781741310
2026-06-18T00:09:20Z,67,21,0,18,0,0,1,1,1,1781741294
2026-06-18T00:09:20Z,68,1,0,35,0,0,1,1,1,1781741220
2026-06-18T00:09:20Z,69,13,0,2,0,0,1,1,1,1781741183
2026-06-18T00:09:20Z,71,15,1,12,0,0,1,1,1,1781741230
2026-06-18T00:09:20Z,72,3,3,26,2,0,1,1,1,1781741309
2026-06-18T00:09:20Z,73,0,0,23,0,0,1,1,1,1781740258
2026-06-18T00:09:20Z,74,8,3,10,0,1,1,1,1,1781741333
2026-06-18T00:09:20Z,75,0,0,34,1,0,1,1,1,1781739261
2026-06-18T00:09:20Z,76,0,0,19,0,0,1,1,1,1781740831
2026-06-18T00:09:20Z,77,12,1,14,1,0,1,1,1,1781741017
2026-06-18T00:09:20Z,78,8,1,15,0,0,1,1,1,1781741298
2026-06-18T00:09:20Z,79,1,0,15,1,0,1,1,1,1781741336
2026-06-18T00:09:20Z,80,14,0,8,0,1,1,1,1,1781741298
2026-06-18T00:09:20Z,81,2,0,20,1,0,1,1,1,1781741174
2026-06-18T00:09:20Z,82,0,0,21,2,0,1,1,1,1781740771
2026-06-18T00:09:20Z,83,7,3,26,1,0,1,1,1,1781741297
2026-06-18T00:09:20Z,84,8,2,18,1,0,1,1,1,1781741236
2026-06-18T00:09:20Z,85,4,1,15,0,0,1,1,1,1781741061
2026-06-18T00:09:20Z,86,0,0,27,0,0,1,1,1,1781740510
2026-06-18T00:09:20Z,87,0,0,19,0,0,1,1,1,1781737114
2026-06-18T00:09:20Z,88,26,1,1,3,1,1,1,1,1781741327
2026-06-18T00:09:20Z,89,3,1,32,0,0,1,1,1,1781741274
2026-06-18T00:09:20Z,90,2,1,15,2,0,1,1,1,1781741248
2026-06-18T00:09:20Z,91,16,1,0,1,0,1,1,1,1781737624
2026-06-18T00:09:20Z,92,10,0,8,1,0,1,1,1,1781741185
2026-06-18T00:09:20Z,93,10,0,13,0,0,1,1,1,1781740955
2026-06-18T00:09:20Z,94,3,0,16,0,0,1,1,1,1781741258
2026-06-18T00:09:20Z,95,28,1,5,1,0,1,1,1,1781741246
2026-06-18T00:09:20Z,96,31,7,0,0,0,1,1,1,1781740234
2026-06-18T00:09:20Z,97,9,1,8,0,0,1,1,1,1781741282
2026-06-18T00:09:20Z,98,32,3,2,1,0,1,1,1,1781740973
2026-06-18T00:09:20Z,99,5,1,10,0,0,1,1,1,1781741031
2026-06-18T00:09:20Z,100,14,0,12,1,0,1,1,1,1781739952
2026-06-18T00:09:20Z,101,6,1,8,1,0,1,1,1,1781741299
2026-06-18T00:09:20Z,102,7,2,15,1,0,1,1,1,1781741289
2026-06-18T00:09:20Z,103,28,2,0,4,0,1,1,1,1781740503
2026-06-18T00:09:20Z,104,16,1,10,1,0,1,1,1,1781741317
2026-06-18T00:09:20Z,105,5,0,14,0,0,1,1,1,1781740379
2026-06-18T00:09:20Z,106,18,1,1,2,0,1,1,1,1781741314
2026-06-18T00:09:20Z,107,30,2,6,1,0,1,1,1,1781741329
2026-06-18T00:09:20Z,108,30,0,2,3,0,1,1,1,1781741340
2026-06-18T00:09:20Z,109,14,1,9,0,0,1,1,1,1781741337
2026-06-18T00:09:20Z,110,17,1,6,0,0,1,1,1,1781740983
2026-06-18T00:09:20Z,111,34,0,1,1,0,1,1,1,1781741288
2026-06-18T00:09:20Z,112,8,0,9,2,0,1,1,1,1781740934
2026-06-18T00:09:20Z,113,17,2,2,0,0,1,1,1,1781741006
2026-06-18T00:09:20Z,114,0,0,31,0,0,1,1,1,1781737328
2026-06-18T00:09:20Z,115,3,2,18,4,1,1,1,1,1781740445
2026-06-18T00:09:20Z,116,8,2,18,0,1,1,1,1,1781741334
2026-06-18T00:09:20Z,118,11,4,12,0,0,1,1,1,1781740022
2026-06-18T00:09:20Z,119,8,4,29,2,0,1,1,1,1781741353
2026-06-18T00:09:20Z,120,2,1,23,2,0,1,1,1,1781741203
2026-06-18T00:09:20Z,121,3,1,14,2,0,1,1,1,1781741178
2026-06-18T00:09:20Z,122,19,2,0,2,0,1,1,1,1781741201
2026-06-18T00:09:20Z,123,3,2,44,0,0,1,1,1,1781740922
2026-06-18T00:09:20Z,124,13,0,14,0,0,1,1,1,1781741237
2026-06-18T00:09:20Z,125,1,0,21,1,0,1,1,1,1781741075
2026-06-18T00:09:20Z,126,6,2,25,0,0,1,1,1,1781741019
2026-06-18T00:09:20Z,127,0,0,30,1,0,1,1,1,1781741248
2026-06-18T00:09:20Z,128,3,3,13,3,0,1,1,1,1781741235
2026-06-18T00:09:20Z,129,3,2,15,1,0,1,1,1,1781740480
2026-06-18T00:09:20Z,130,9,2,7,1,0,1,1,1,1781741234
2026-06-18T00:09:20Z,131,1,1,10,0,0,1,1,1,1781741257
2026-06-18T00:09:20Z,132,0,0,12,3,0,1,1,1,1781738379
2026-06-18T00:09:20Z,133,3,1,20,0,0,1,1,1,1781741160
2026-06-18T00:09:20Z,134,9,4,12,0,0,1,1,1,1781741254
2026-06-18T00:09:20Z,135,3,0,16,0,0,1,1,1,1781740276
2026-06-18T00:09:20Z,136,11,0,11,0,0,1,1,1,1781741210
2026-06-18T00:09:20Z,137,1,0,18,0,0,1,1,1,1781741353
2026-06-18T00:09:20Z,138,10,3,27,0,0,1,1,1,1781740723
2026-06-18T00:09:20Z,139,4,4,15,0,0,1,1,1,1781741279
2026-06-18T00:09:20Z,140,8,2,14,1,0,1,1,1,1781741291
2026-06-18T00:09:20Z,141,20,4,2,0,0,1,1,1,1781741287
2026-06-18T00:09:20Z,142,13,4,6,0,0,1,1,1,1781740782
2026-06-18T00:09:20Z,143,17,0,13,1,0,1,1,1,1781741298
2026-06-18T00:09:20Z,144,17,4,10,0,0,1,1,1,1781741230
2026-06-18T00:09:20Z,145,18,3,11,2,0,1,1,1,1781741211
2026-06-18T00:09:20Z,146,16,4,7,0,0,1,1,1,1781740897
2026-06-18T00:09:20Z,147,2,2,15,2,0,1,1,1,1781741349
2026-06-18T00:09:20Z,148,8,2,17,2,0,1,1,1,1781741222
2026-06-18T00:09:20Z,149,3,1,15,1,0,1,1,1,1781741039
2026-06-18T00:09:20Z,150,33,3,0,2,0,1,1,1,1781739938
2026-06-18T00:09:20Z,151,12,0,9,2,0,1,1,1,1781741312
2026-06-18T00:09:20Z,152,3,2,5,12,7,1,1,1,1781741300
2026-06-18T00:09:20Z,153,7,1,13,3,0,1,1,1,1781741316
2026-06-18T00:09:20Z,154,0,0,21,2,0,1,1,1,1781740226
2026-06-18T00:09:20Z,155,9,1,1,5,0,1,1,1,1781741061
2026-06-18T00:09:20Z,156,8,0,10,1,0,1,1,1,1781741035
2026-06-18T00:09:20Z,157,7,2,19,1,0,1,1,1,1781741345
2026-06-18T00:09:20Z,158,2,0,16,1,0,1,1,1,1781741275
2026-06-18T00:09:20Z,159,6,1,13,0,0,1,1,1,1781741132
2026-06-18T00:09:20Z,160,6,0,11,2,0,1,1,1,1781741045
2026-06-18T00:09:20Z,161,0,0,18,3,1,1,1,1,1781741356
2026-06-18T00:09:20Z,162,4,3,22,1,0,1,1,1,1781741353
2026-06-18T00:09:20Z,163,13,2,18,0,0,1,1,1,1781741299
2026-06-18T00:09:20Z,164,21,3,6,0,0,1,1,1,1781741303
2026-06-18T00:09:20Z,165,13,8,18,0,0,1,1,1,1781741197
2026-06-18T00:09:20Z,166,35,3,3,0,0,1,1,1,1781741107
2026-06-18T00:09:20Z,167,10,5,11,1,1,1,1,1,1781741230
2026-06-18T00:09:20Z,168,14,0,13,0,0,1,1,1,1781741068
2026-06-18T00:09:20Z,169,18,1,1,4,0,1,1,1,1781741315
2026-06-18T00:09:20Z,170,2,1,16,1,0,1,1,1,1781741304
2026-06-18T00:09:20Z,171,5,3,7,1,0,1,1,1,1781740210
2026-06-18T00:09:20Z,173,31,5,6,0,0,1,1,1,1781741302
2026-06-18T00:09:20Z,174,15,2,9,1,0,1,1,1,1781741258
2026-06-18T00:09:20Z,175,31,0,0,0,0,1,1,1,1781740997
2026-06-18T00:09:20Z,176,7,3,6,1,1,1,1,1,1781741202
2026-06-18T00:09:20Z,177,23,3,4,0,0,1,1,1,1781741268
2026-06-18T00:09:20Z,178,10,1,0,5,0,1,1,1,1781741356
2026-06-18T00:09:20Z,179,7,2,8,0,0,1,1,1,1781741323
2026-06-18T00:09:20Z,180,0,0,29,1,0,1,1,1,1781738621
2026-06-18T00:09:20Z,181,7,7,7,0,1,1,1,1,1781741259
2026-06-18T00:09:20Z,182,7,3,12,0,0,1,1,1,1781741233
2026-06-18T00:09:20Z,183,17,11,4,2,0,1,1,1,1781741325
2026-06-18T00:09:20Z,184,17,9,5,1,0,1,1,1,1781741210
2026-06-18T00:09:20Z,185,4,1,8,2,1,1,1,1,1781741073
2026-06-18T00:09:20Z,186,2,1,17,0,0,1,1,1,1781740966
2026-06-18T00:09:20Z,187,11,0,16,2,0,1,1,1,1781741264
2026-06-18T00:09:20Z,188,13,0,11,3,0,1,1,1,1781741055
2026-06-18T00:09:20Z,189,5,3,10,0,0,1,1,1,1781740663
2026-06-18T00:09:20Z,190,1,0,21,1,0,1,1,1,1781741152
2026-06-18T00:09:20Z,191,1,1,35,2,1,1,1,1,1781741262
2026-06-18T00:09:20Z,192,22,7,8,1,0,1,1,1,1781741138
2026-06-18T00:09:20Z,193,5,1,8,2,0,1,1,1,1781741275
2026-06-18T00:09:20Z,194,0,0,15,0,0,1,1,1,1781741235
2026-06-18T00:09:20Z,195,4,3,15,0,0,1,1,1,1781741276
2026-06-18T00:09:20Z,196,3,3,22,2,0,1,1,1,1781741107
2026-06-18T00:09:20Z,197,3,0,15,1,0,1,1,1,1781740852
2026-06-18T00:09:20Z,198,1,0,21,0,0,1,1,1,1781740404
2026-06-18T00:09:20Z,199,0,0,13,2,0,1,1,1,1781741139
2026-06-18T00:09:20Z,200,7,7,18,1,0,1,1,1,1781740959
2026-06-18T00:09:20Z,201,5,1,18,0,0,1,1,1,1781740250
2026-06-18T00:09:20Z,202,5,0,21,0,0,1,1,1,1781741196
2026-06-18T00:09:20Z,203,29,4,1,1,0,1,1,1,1781740912
2026-06-18T00:09:20Z,204,20,7,15,0,0,1,1,1,1781741208
2026-06-18T00:09:20Z,205,0,0,27,0,0,1,1,1,1781740682
2026-06-18T00:09:20Z,206,2,0,9,3,1,1,1,1,1781741270
2026-06-18T00:09:20Z,207,21,0,0,0,0,1,1,1,1781740684
2026-06-18T00:09:20Z,208,2,1,25,2,0,1,1,1,1781741175
2026-06-18T00:09:20Z,209,15,1,16,0,0,1,1,1,1781741356
2026-06-18T00:09:20Z,210,9,6,17,1,0,1,1,1,1781741121
2026-06-18T00:09:20Z,211,1,1,22,0,0,1,1,1,1781741212
2026-06-18T00:09:20Z,212,34,1,1,0,0,1,1,1,1781741330
2026-06-18T00:09:20Z,213,0,0,23,0,0,1,1,1,1781740083
2026-06-18T00:09:20Z,214,16,12,27,4,0,1,1,1,1781741341
2026-06-18T00:09:20Z,215,14,3,8,1,0,1,1,1,1781741143
2026-06-18T00:09:20Z,216,13,3,6,0,0,1,1,1,1781741320
2026-06-18T00:09:20Z,217,26,8,1,2,0,1,1,1,1781741291
2026-06-18T00:09:20Z,218,18,13,16,5,0,1,1,1,1781741348
2026-06-18T00:09:20Z,219,10,0,16,0,0,1,1,1,1781741257
2026-06-18T00:09:20Z,220,8,7,34,1,0,1,1,1,1781741350
2026-06-18T00:09:20Z,221,6,3,7,1,0,1,1,1,1781740884
2026-06-18T00:09:20Z,222,5,0,14,0,0,1,1,1,1781741323
2026-06-18T00:09:20Z,223,0,0,33,2,0,1,1,1,1781741156
2026-06-18T00:09:20Z,224,2,2,20,0,0,1,1,1,1781741109
2026-06-18T00:09:20Z,225,7,1,12,0,0,1,1,1,1781740403
2026-06-18T00:09:20Z,226,0,0,29,1,1,1,1,1,1781741054
2026-06-18T00:09:20Z,227,3,3,24,0,0,1,1,1,1781741007
2026-06-18T00:09:20Z,228,2,1,17,0,0,1,1,1,1781741253
2026-06-18T00:09:20Z,230,5,5,18,0,0,1,1,1,1781740660
2026-06-18T00:09:20Z,232,4,1,13,2,0,1,1,1,1781741117
2026-06-18T00:09:20Z,233,22,2,9,0,0,1,1,1,1781741232
2026-06-18T00:09:20Z,234,1,0,17,1,0,1,1,1,1781740241
2026-06-18T00:09:20Z,236,1,0,17,1,0,1,1,1,1781741341
2026-06-18T00:09:20Z,237,1,0,22,0,0,1,1,1,1781741292
2026-06-18T00:09:20Z,239,1,0,25,1,0,1,1,1,1781741207
2026-06-18T00:09:20Z,241,2,1,20,1,0,1,1,1,1781741189
2026-06-18T00:09:20Z,242,1,1,17,5,0,1,1,1,1781741133
2026-06-18T00:09:20Z,243,24,24,6,1,0,1,1,1,1781741130
2026-06-18T00:09:20Z,244,7,4,20,0,0,1,1,1,1781740889
2026-06-18T00:09:20Z,245,4,0,18,1,0,1,1,1,1781741341
2026-06-18T00:09:20Z,246,0,0,23,0,0,1,1,1,1781740775
2026-06-18T00:09:20Z,247,1,1,20,2,0,1,1,1,1781739728
2026-06-18T00:09:20Z,248,7,7,12,4,0,1,1,1,1781741177
2026-06-18T00:09:20Z,249,1,0,17,1,0,1,1,1,1781741301
2026-06-18T00:09:20Z,250,1,0,24,2,0,1,1,1,1781741167
2026-06-18T00:09:20Z,251,16,8,11,0,0,1,1,1,1781741233
2026-06-18T00:09:20Z,253,3,3,13,3,0,1,1,1,1781740877
2026-06-18T00:09:20Z,254,7,5,30,6,0,1,1,1,1781741130
2026-06-18T00:09:20Z,255,1,0,22,0,0,1,1,1,1781741139
2026-06-18T00:09:20Z,256,0,0,21,2,0,1,1,1,1781740271
2026-06-18T00:09:20Z,257,10,5,8,1,0,1,1,1,1781741250
2026-06-18T00:09:20Z,258,1,0,14,4,0,1,1,1,1781741306
2026-06-18T00:09:20Z,259,3,3,20,0,0,1,1,1,1781741239
2026-06-18T00:09:20Z,260,8,6,10,1,0,1,1,1,1781741263
2026-06-18T00:09:20Z,261,8,0,8,3,0,1,1,1,1781741334
2026-06-18T00:09:20Z,262,15,5,7,1,0,1,1,1,1781741261
2026-06-18T00:09:20Z,263,5,0,9,1,0,1,1,1,1781741151
2026-06-18T00:09:20Z,264,1,0,18,0,0,1,1,1,1781739448
2026-06-18T00:09:20Z,265,14,1,1,0,0,1,1,1,1781740893
2026-06-18T00:09:20Z,266,2,1,17,0,0,1,1,1,1781738913
2026-06-18T00:09:20Z,267,3,0,9,3,0,1,1,1,1781736504
2026-06-18T00:09:20Z,268,3,3,17,3,0,1,1,1,1781741253
2026-06-18T00:09:20Z,269,4,1,17,2,0,1,1,1,1781741264
2026-06-18T00:09:20Z,270,21,1,6,0,0,1,1,1,1781740564
2026-06-18T00:09:20Z,271,1,0,17,1,0,1,1,1,1781741108
2026-06-18T00:09:20Z,272,6,3,16,1,0,1,1,1,1781740973
2026-06-18T00:09:20Z,273,10,2,5,0,0,1,1,1,1781740883
2026-06-18T00:09:20Z,274,3,0,15,1,0,1,1,1,1781741161
2026-06-18T00:09:20Z,275,9,1,13,1,0,1,1,1,1781740908
2026-06-18T00:09:20Z,276,5,2,21,0,1,1,1,1,1781740193
2026-06-18T00:09:20Z,277,6,5,14,3,0,1,1,1,1781741258
2026-06-18T00:09:20Z,278,26,1,5,0,0,1,1,1,1781741240
2026-06-18T00:09:20Z,279,1,1,18,0,0,1,1,1,1781741143
2026-06-18T00:09:20Z,280,12,0,17,2,0,1,1,1,1781741322
2026-06-18T00:09:20Z,281,3,0,19,1,0,1,1,1,1781741350
2026-06-18T00:09:20Z,282,4,0,12,0,0,1,1,1,1781740304
2026-06-18T00:09:20Z,283,33,2,2,0,0,1,1,1,1781741017
2026-06-18T00:09:20Z,284,7,1,28,0,0,1,1,1,1781741109
2026-06-18T00:09:20Z,285,0,0,23,0,0,1,1,1,1781739583
2026-06-18T00:09:20Z,286,1,1,22,0,0,1,1,1,1781741239
2026-06-18T00:09:20Z,287,16,0,5,2,0,1,1,1,1781739992
2026-06-18T00:09:20Z,288,11,8,8,0,0,1,1,1,1781741010
2026-06-18T00:09:20Z,289,3,2,20,4,0,1,1,1,1781741173
2026-06-18T00:09:20Z,290,8,0,28,3,0,1,1,1,1781741248
2026-06-18T00:09:20Z,291,6,0,17,0,0,1,1,1,1781741262
2026-06-18T00:09:20Z,292,9,2,14,0,0,1,1,1,1781740531
2026-06-18T00:09:20Z,293,11,4,12,0,0,1,1,1,1781739959
2026-06-18T00:09:20Z,294,2,1,17,3,0,1,1,1,1781741356
2026-06-18T00:09:20Z,297,18,1,0,1,0,1,1,1,1781741192
2026-06-18T00:09:20Z,301,14,1,4,1,0,1,1,1,1781741214
2026-06-18T00:09:20Z,302,23,2,0,0,0,1,1,1,1781740151
2026-06-18T00:09:20Z,303,18,2,1,0,0,1,1,1,1781740904
2026-06-18T00:09:20Z,304,0,0,0,0,0,0,1,1,86400
2026-06-18T00:09:20Z,305,12,0,7,0,0,1,1,1,1781740178
2026-06-18T00:09:20Z,306,20,0,12,0,0,1,1,1,1781741192
2026-06-18T00:09:20Z,307,22,1,0,1,0,1,1,1,1781741110
2026-06-18T00:09:20Z,308,9,1,7,3,0,1,1,1,1781740839
2026-06-18T00:09:20Z,309,3,1,7,3,1,1,1,1,1781741329
2026-06-18T00:09:20Z,311,5,0,10,0,0,1,1,1,1781741119
2026-06-18T00:09:20Z,312,7,2,15,1,0,1,1,1,1781740160
2026-06-18T00:09:20Z,313,6,0,8,1,0,1,1,1,1781741349
2026-06-18T00:09:20Z,314,2,1,15,2,0,1,1,1,1781741220
2026-06-18T00:09:20Z,315,2,2,29,0,0,1,1,1,1781741130
2026-06-18T00:09:20Z,316,9,2,3,3,0,1,1,1,1781741060
2026-06-18T00:09:20Z,317,1,1,27,2,1,1,1,1,1781741264
2026-06-18T00:09:20Z,318,12,0,5,0,0,1,1,1,1781739315
2026-06-18T00:09:20Z,319,8,1,17,2,0,1,1,1,1781741321
2026-06-18T00:09:20Z,320,5,0,14,0,0,1,1,1,1781740976
2026-06-18T00:09:20Z,321,9,1,10,0,0,1,1,1,1781737270
2026-06-18T00:09:20Z,322,28,0,1,0,0,1,1,1,1781741299
2026-06-18T00:09:20Z,323,12,0,6,1,0,1,1,1,1781741296
2026-06-18T00:09:20Z,324,22,0,4,1,0,1,1,1,1781741324
2026-06-18T00:09:20Z,325,0,0,25,2,0,1,1,1,1781740323
2026-06-18T00:09:20Z,327,11,0,14,0,2,1,1,1,1781741220
2026-06-18T00:09:20Z,328,8,1,14,1,0,1,1,1,1781741273
2026-06-18T00:09:20Z,329,18,1,1,0,0,1,1,1,1781738208
2026-06-18T00:09:20Z,330,14,0,8,0,0,1,1,1,1781741356
2026-06-18T00:09:20Z,331,3,0,19,1,0,1,1,1,1781740529
2026-06-18T00:09:20Z,332,1,0,17,1,0,1,1,1,1781739499
2026-06-18T00:09:20Z,333,1,0,22,0,0,1,1,1,1781741238
2026-06-18T00:09:20Z,334,6,3,15,2,0,1,1,1,1781741025
2026-06-18T00:09:20Z,335,2,0,20,0,1,1,1,1,1781741219
2026-06-18T00:09:20Z,336,1,1,18,0,0,1,1,1,1781740890
2026-06-18T00:09:20Z,337,4,1,15,4,0,1,1,1,1781741093
2026-06-18T00:09:20Z,338,5,1,14,0,0,1,1,1,1781740747
2026-06-18T00:09:20Z,339,6,4,16,1,0,1,1,1,1781741189
2026-06-18T00:09:20Z,340,4,2,10,1,0,1,1,1,1781741333
2026-06-18T00:09:20Z,341,4,1,13,2,0,1,1,1,1781741165
2026-06-18T00:09:20Z,342,4,1,11,0,0,1,1,1,1781740938
2026-06-18T00:09:20Z,343,2,2,20,1,0,1,1,1,1781741321
2026-06-18T00:09:20Z,344,2,1,21,0,0,1,1,1,1781741321
2026-06-18T00:09:20Z,345,4,0,14,1,0,1,1,1,1781740952
2026-06-18T00:09:20Z,346,2,2,21,0,0,1,1,1,1781740162
2026-06-18T00:09:20Z,347,8,0,38,1,0,1,1,1,1781741355
2026-06-18T00:09:20Z,348,1,0,22,0,0,1,1,1,1781740238
2026-06-18T00:09:20Z,349,1,0,17,1,0,1,1,1,1781741315
2026-06-18T00:09:20Z,350,3,1,22,2,0,1,1,1,1781741261
2026-06-18T00:09:20Z,351,20,1,2,1,0,1,1,1,1781741343
2026-06-18T00:09:20Z,355,14,4,9,0,0,1,1,1,1781740944
2026-06-18T00:09:20Z,356,0,0,16,3,0,1,1,1,1781739514
2026-06-18T00:09:20Z,357,14,14,5,0,0,1,1,1,1781741072
2026-06-18T00:09:20Z,358,8,4,19,0,0,1,1,1,1781740975
2026-06-18T00:09:20Z,359,5,0,18,4,0,1,1,1,1781741116
2026-06-18T00:09:20Z,360,6,3,12,1,0,1,1,1,1781740908
2026-06-18T00:09:20Z,362,6,0,9,4,0,1,1,1,1781740956
2026-06-18T00:09:20Z,363,21,0,2,2,1,1,1,1,1781741278
2026-06-18T00:09:20Z,364,2,1,16,0,1,1,1,1,1781740163
2026-06-18T00:09:20Z,365,12,8,10,1,0,1,1,1,1781740688
2026-06-18T00:09:20Z,366,7,5,16,0,0,1,1,1,1781740853
2026-06-18T00:09:20Z,367,0,0,18,1,0,1,1,1,1781740499
2026-06-18T00:09:20Z,368,0,0,23,0,0,1,1,1,1781741086
2026-06-18T00:09:20Z,370,4,4,22,1,0,1,1,1,1781741145
2026-06-18T00:09:20Z,371,1,0,17,1,0,1,1,1,1781740693
2026-06-18T00:09:20Z,372,9,0,6,0,0,1,1,1,1781741131
2026-06-18T00:09:20Z,373,2,0,23,1,0,1,1,1,1781741244
2026-06-18T00:09:20Z,374,15,3,2,0,0,1,1,1,1781741318
2026-06-18T00:09:20Z,375,4,2,22,1,0,1,1,1,1781741312
2026-06-18T00:09:20Z,376,5,1,34,0,0,1,1,1,1781741330
2026-06-18T00:09:20Z,377,6,1,20,1,0,1,1,1,1781739790
2026-06-18T00:09:20Z,378,14,2,8,2,0,1,1,1,1781741189
2026-06-18T00:09:20Z,379,23,2,3,1,0,1,1,1,1781741281
2026-06-18T00:09:20Z,380,11,3,12,0,0,1,1,1,1781741335
2026-06-18T00:09:20Z,381,1,0,22,0,0,1,1,1,1781741354
2026-06-18T00:09:20Z,383,9,1,6,0,0,1,1,1,1781741240
2026-06-18T00:09:20Z,384,1,1,17,1,0,1,1,1,1781741310
2026-06-18T00:09:20Z,385,5,4,13,0,0,1,1,1,1781740960
2026-06-18T00:09:20Z,387,1,1,22,0,0,1,1,1,1781739981
2026-06-18T00:09:20Z,388,5,0,41,3,0,1,1,1,1781741295
2026-06-18T00:09:20Z,389,1,1,12,2,0,1,1,1,1781740736
2026-06-18T00:09:20Z,390,10,2,17,0,0,1,1,1,1781741216
2026-06-18T00:09:20Z,391,5,3,10,0,0,1,1,1,1781741319
2026-06-18T00:09:20Z,392,2,0,16,1,0,1,1,1,1781739729
2026-06-18T00:09:20Z,393,1,1,9,1,0,1,1,1,1781740601
2026-06-18T00:09:20Z,394,6,0,7,4,1,1,1,1,1781741343
2026-06-18T00:09:20Z,396,12,12,26,4,0,1,1,1,1781741356
2026-06-18T00:09:20Z,397,9,0,22,0,0,1,1,1,1781741289
2026-06-18T00:09:20Z,399,13,0,5,0,1,1,1,1,1781741346
2026-06-18T00:09:20Z,400,9,0,12,2,0,1,1,1,1781740237
2026-06-18T00:09:20Z,401,8,3,23,0,0,1,1,1,1781741329
2026-06-18T00:09:20Z,403,1,0,25,4,1,1,1,1,1781741125
2026-06-18T00:09:20Z,404,18,1,5,0,0,1,1,1,1781741312
2026-06-18T00:09:20Z,406,25,2,6,4,0,1,1,1,1781741233
2026-06-18T00:09:20Z,407,10,1,23,1,0,1,1,1,1781740686
2026-06-18T00:09:20Z,408,2,0,28,3,0,1,1,1,1781741303
2026-06-18T00:09:20Z,409,5,0,17,1,0,1,1,1,1781741324
2026-06-18T00:09:20Z,413,2,0,21,0,0,1,1,1,1781741199
2026-06-18T00:09:20Z,414,13,1,2,0,0,1,1,1,1781741004
2026-06-18T00:09:20Z,417,18,6,1,0,0,1,1,1,1781740898
2026-06-18T00:09:20Z,418,5,4,8,2,0,1,1,1,1781740919
2026-06-18T00:09:20Z,419,0,0,23,0,0,1,1,1,1781737887
2026-06-18T00:09:20Z,421,14,3,5,0,0,1,1,1,1781740751
2026-06-18T00:09:20Z,422,2,2,25,0,0,1,1,1,1781740334
2026-06-18T00:09:20Z,423,20,0,2,0,1,1,1,1,1781740954
2026-06-18T00:09:20Z,424,3,1,11,1,0,1,1,1,1781740864
2026-06-18T00:09:20Z,425,1,0,20,1,0,1,1,1,1781741071
2026-06-18T00:09:20Z,426,4,0,29,4,0,1,1,1,1781741287
2026-06-18T00:09:20Z,427,10,2,3,1,1,1,1,1,1781741078
2026-06-18T00:09:20Z,428,13,2,5,1,0,1,1,1,1781741221
2026-06-18T00:09:20Z,429,9,3,7,7,0,1,1,1,1781741347
2026-06-18T00:09:20Z,430,17,0,11,3,0,1,1,1,1781741049
2026-06-18T00:09:20Z,431,7,0,22,2,2,1,1,1,1781741132
2026-06-18T00:09:20Z,432,23,1,8,0,0,1,1,1,1781741335
2026-06-18T00:09:20Z,433,9,3,13,1,0,1,1,1,1781741009
2026-06-18T00:09:20Z,437,5,5,13,1,0,1,1,1,1781741233
2026-06-18T00:09:20Z,438,2,0,13,3,1,1,1,1,1781741357
2026-06-18T00:09:20Z,439,6,2,9,0,0,1,1,1,1781740941
2026-06-18T00:09:20Z,440,2,1,13,0,0,1,1,1,1781741171
2026-06-18T00:09:20Z,441,11,3,4,0,0,1,1,1,1781741012
2026-06-18T00:09:20Z,442,2,1,16,1,0,1,1,1,1781740987
2026-06-18T00:09:20Z,443,9,0,17,1,0,1,1,1,1781727263
2026-06-18T00:09:20Z,444,4,3,19,0,0,1,1,1,1781738095
2026-06-18T00:09:20Z,445,3,3,17,3,0,1,1,1,1781734465
2026-06-18T00:09:20Z,446,8,0,14,1,0,1,1,1,1781739864
2026-06-18T00:09:20Z,447,12,1,8,3,0,1,1,1,1781736303
2026-06-18T00:09:20Z,448,0,0,14,0,1,1,1,1,1781739598
2026-06-18T00:09:20Z,452,6,5,12,1,0,1,1,1,1781741101
2026-06-18T00:09:20Z,453,3,1,11,1,0,1,1,1,1781740105
2026-06-18T00:09:20Z,454,17,0,0,1,1,1,1,1,1781739823
2026-06-18T00:09:20Z,455,0,0,38,0,1,1,1,1,1781741276
2026-06-18T00:09:20Z,456,19,0,2,2,0,1,1,1,1781741350
2026-06-18T00:09:20Z,457,4,1,21,2,0,1,1,1,1781741354
2026-06-18T00:09:20Z,458,11,2,11,1,0,1,1,1,1781741143
2026-06-18T00:09:20Z,459,4,0,11,0,0,1,1,1,1781741200
2026-06-18T00:09:20Z,460,17,1,3,3,0,1,1,1,1781740355
2026-06-18T00:09:20Z,461,4,0,11,3,1,1,1,1,1781741106
2026-06-18T00:09:20Z,462,9,0,10,2,0,1,1,1,1781741290
2026-06-18T00:09:20Z,463,18,2,0,1,0,1,1,1,1781738824
2026-06-18T00:09:20Z,464,11,1,2,1,0,1,1,1,1781740842
2026-06-18T00:09:20Z,465,0,0,14,1,0,1,1,1,1781741152
2026-06-18T00:09:20Z,466,7,0,4,4,0,1,1,1,1781741233
2026-06-18T00:09:20Z,467,4,2,10,1,0,1,1,1,1781741166
2026-06-18T00:09:20Z,468,4,0,15,0,0,1,1,1,1781737367
2026-06-18T00:09:20Z,469,13,3,9,1,0,1,1,1,1781739303
2026-06-18T00:09:20Z,470,12,3,3,0,0,1,1,1,1781736558
2026-06-18T00:09:20Z,471,0,0,26,1,0,1,1,1,1781738837
2026-06-18T00:09:20Z,472,10,4,9,0,0,1,1,1,1781738680
2026-06-18T00:09:20Z,473,7,1,12,0,0,1,1,1,1781740734
2026-06-18T00:09:20Z,474,18,0,1,0,0,1,1,1,1781739795
2026-06-18T00:09:20Z,475,14,6,5,0,0,1,1,1,1781740487
2026-06-18T00:09:20Z,476,15,0,7,1,0,1,1,1,1781740417
2026-06-18T00:09:20Z,477,0,0,13,2,0,1,1,1,1781740951
2026-06-18T00:09:20Z,478,29,4,0,2,0,1,1,1,1781741266
2026-06-18T00:09:20Z,479,17,1,4,5,1,1,1,1,1781741113
2026-06-18T00:09:20Z,480,5,0,8,2,0,1,1,1,1781741263
2026-06-18T00:09:20Z,481,33,0,0,2,0,1,1,1,1781741307
2026-06-18T00:09:20Z,482,0,0,18,1,0,1,1,1,1781740402
2026-06-18T00:09:20Z,483,8,0,18,1,0,1,1,1,1781741283
2026-06-18T00:09:20Z,484,8,1,10,1,0,1,1,1,1781741338
2026-06-18T00:09:20Z,485,11,0,6,2,0,1,1,1,1781741347
2026-06-18T00:09:20Z,486,16,1,11,0,0,1,1,1,1781740052
2026-06-18T00:09:20Z,487,3,2,16,0,0,1,1,1,1781741181
2026-06-18T00:09:20Z,489,6,2,9,0,0,1,1,1,1781741195
2026-06-18T00:09:20Z,490,5,0,8,3,0,1,1,1,1781740681
2026-06-18T00:09:20Z,491,5,0,14,2,0,1,1,1,1781740940
2026-06-18T00:09:20Z,492,3,1,7,1,0,1,1,1,1781740346
2026-06-18T00:09:20Z,493,0,0,27,0,0,1,1,1,1781738140
2026-06-18T00:09:20Z,495,9,1,5,1,0,1,1,1,1781741220
2026-06-18T00:09:20Z,496,12,2,15,0,0,1,1,1,1781741201
2026-06-18T00:09:20Z,497,2,2,17,0,0,1,1,1,1781741267
2026-06-18T00:09:20Z,498,16,9,7,0,0,1,1,1,1781741011
2026-06-18T00:09:20Z,499,17,2,1,1,0,1,1,1,1781740810
2026-06-18T00:09:20Z,500,2,2,10,3,0,1,1,1,1781741357
2026-06-18T00:09:20Z,501,7,4,13,1,0,1,1,1,1781741348
2026-06-18T00:09:20Z,502,2,2,17,0,0,1,1,1,1781740745
2026-06-18T00:09:20Z,503,8,0,23,0,0,1,1,1,1781741342
2026-06-18T00:09:20Z,504,1,0,38,0,0,1,1,1,1781741225
2026-06-18T00:09:20Z,505,5,1,13,0,0,1,1,1,1781741353
2026-06-18T00:09:20Z,511,1,1,21,1,0,1,1,1,1781739731
2026-06-18T00:09:20Z,512,17,0,1,1,0,1,1,1,1781741022
2026-06-18T00:09:20Z,514,8,7,2,1,0,1,1,1,1781741154
2026-06-18T00:09:20Z,515,6,0,8,5,0,1,1,1,1781740809
2026-06-18T00:09:20Z,516,4,0,23,0,0,1,1,1,1781741332
2026-06-18T00:09:20Z,517,4,0,19,0,0,1,1,1,1781741124
2026-06-18T00:09:20Z,518,9,0,4,2,0,1,1,1,1781735729
2026-06-18T00:09:20Z,519,12,2,6,1,0,1,1,1,1781740789
2026-06-18T00:09:20Z,520,15,6,9,3,0,1,1,1,1781741233
2026-06-18T00:09:20Z,521,2,1,21,0,0,1,1,1,1781740028
2026-06-18T00:09:20Z,522,3,1,20,0,0,1,1,1,1781740945
2026-06-18T00:09:20Z,523,1,0,22,0,0,1,1,1,1781741222
2026-06-18T00:09:20Z,524,2,1,21,0,0,1,1,1,1781740917
2026-06-18T00:09:20Z,525,7,0,12,0,0,1,1,1,1781741354
2026-06-18T00:09:20Z,526,7,3,7,1,0,1,1,1,1781740050
2026-06-18T00:09:20Z,527,0,0,24,2,0,1,1,1,1781741274
2026-06-18T00:09:20Z,528,12,1,10,1,0,1,1,1,1781741330
2026-06-18T00:09:20Z,529,2,0,15,2,0,1,1,1,1781741181
2026-06-18T00:09:20Z,530,17,4,3,1,0,1,1,1,1781740910
2026-06-18T00:09:20Z,531,8,1,13,1,1,1,1,1,1781741024
2026-06-18T00:09:20Z,532,13,11,27,2,1,1,1,1,1781741055
2026-06-18T00:09:20Z,533,4,0,14,1,0,1,1,1,1781739714
2026-06-18T00:09:20Z,534,1,0,22,0,0,1,1,1,1781740429
2026-06-18T00:09:20Z,535,2,0,11,2,0,1,1,1,1781741352
2026-06-18T00:09:20Z,536,16,2,6,1,0,1,1,1,1781741263
2026-06-18T00:09:20Z,537,7,1,14,0,0,1,1,1,1781741338
2026-06-18T00:09:20Z,538,4,1,13,2,0,1,1,1,1781741019
2026-06-18T00:09:20Z,539,4,3,13,2,0,1,1,1,1781740607
2026-06-18T00:09:20Z,540,1,1,18,0,0,1,1,1,1781740642
2026-06-18T00:09:20Z,541,20,4,7,0,0,1,1,1,1781741304
2026-06-18T00:09:20Z,542,2,1,21,0,0,1,1,1,1781741303
2026-06-18T00:09:20Z,543,2,1,14,3,0,1,1,1,1781741168
2026-06-18T00:09:20Z,544,1,1,23,1,0,1,1,1,1781741178
2026-06-18T00:09:20Z,545,17,7,0,2,0,1,1,1,1781741012
2026-06-18T00:09:20Z,546,0,0,19,0,0,1,1,1,1781741194
2026-06-18T00:09:20Z,547,5,0,17,0,0,1,1,1,1781741336
2026-06-18T00:09:20Z,548,17,2,4,2,0,1,1,1,1781741316
2026-06-18T00:09:20Z,549,16,4,5,2,0,1,1,1,1781741348
2026-06-18T00:09:20Z,550,0,0,19,0,0,1,1,1,1781739830
2026-06-18T00:09:20Z,551,6,0,17,0,0,1,1,1,1781739824
2026-06-18T00:09:20Z,552,10,1,17,0,0,1,1,1,1781741114
2026-06-18T00:09:20Z,553,13,1,10,0,0,1,1,1,1781740676
2026-06-18T00:09:20Z,554,0,0,17,2,0,1,1,1,1781739747
2026-06-18T00:09:20Z,555,8,2,5,2,0,1,1,1,1781741250
2026-06-18T00:09:20Z,556,13,4,10,0,0,1,1,1,1781740908
2026-06-18T00:09:20Z,557,0,0,23,0,0,0,1,1,1781719859
2026-06-18T00:09:20Z,558,7,5,29,1,0,1,1,1,1781741327
2026-06-18T00:09:20Z,559,0,0,18,1,0,1,1,1,1781741345
2026-06-18T00:09:20Z,560,9,0,18,0,0,1,1,1,1781741314
2026-06-18T00:09:20Z,561,10,0,12,1,0,1,1,1,1781740885
2026-06-18T00:09:20Z,562,6,0,27,2,0,1,1,1,1781738977
2026-06-18T00:09:20Z,563,10,1,4,0,0,1,1,1,1781741152
2026-06-18T00:09:20Z,564,11,0,7,1,0,1,1,1,1781741305
2026-06-18T00:09:20Z,565,15,2,2,2,0,1,1,1,1781741187
2026-06-18T00:09:20Z,566,13,1,4,2,0,1,1,1,1781740525
2026-06-18T00:09:20Z,567,27,1,0,0,0,1,1,1,1781741003
2026-06-18T00:09:20Z,568,14,1,5,0,0,1,1,1,1781741303
2026-06-18T00:09:20Z,569,19,3,0,0,0,1,1,1,1781740430
2026-06-18T00:09:20Z,570,18,1,1,0,0,1,1,1,1781740784
2026-06-18T00:09:20Z,571,4,0,19,0,0,1,1,1,1781741224
2026-06-18T00:09:20Z,572,14,2,5,0,0,1,1,1,1781740363
2026-06-18T00:09:20Z,573,5,1,10,0,0,1,1,1,1781741303
2026-06-18T00:09:20Z,574,5,4,9,1,0,1,1,1,1781740439
2026-06-18T00:09:20Z,575,6,2,14,1,0,1,1,1,1781741222
2026-06-18T00:09:20Z,576,0,0,19,0,0,1,1,1,1781740967
2026-06-18T00:09:20Z,577,12,0,19,0,0,1,1,1,1781741355
2026-06-18T00:09:20Z,578,3,1,19,1,0,1,1,1,1781741229
2026-06-18T00:09:20Z,579,43,5,0,0,0,1,1,1,1781741004
2026-06-18T00:09:20Z,580,13,3,17,1,0,1,1,1,1781741283
2026-06-18T00:09:20Z,581,13,1,4,2,0,1,1,1,1781741303
2026-06-18T00:09:20Z,582,36,0,22,2,1,1,1,1,1781741289
2026-06-18T00:09:20Z,583,9,0,13,1,0,1,1,1,1781741117
2026-06-18T00:09:20Z,584,0,0,18,1,0,1,1,1,1781740050
2026-06-18T00:09:20Z,585,6,1,21,0,0,1,1,1,1781739591
2026-06-18T00:09:20Z,586,0,0,35,0,0,1,1,1,1781741189
2026-06-18T00:09:20Z,587,15,0,8,4,0,1,1,1,1781741350
2026-06-18T00:09:20Z,588,10,2,8,1,0,1,1,1,1781740958
2026-06-18T00:09:20Z,589,19,3,2,2,0,1,1,1,1781741351
2026-06-18T00:09:20Z,590,5,0,26,0,0,1,1,1,1781741049
2026-06-18T00:09:20Z,591,9,5,12,1,0,1,1,1,1781740993
2026-06-18T00:09:20Z,592,1,1,22,0,0,1,1,1,1781741143
2026-06-18T00:09:20Z,593,19,0,20,0,0,1,1,1,1781741351
2026-06-18T00:09:20Z,594,19,0,2,0,0,1,1,1,1781741071
2026-06-18T00:09:20Z,595,0,0,3,0,0,0,1,1,1779985765
2026-06-18T00:09:20Z,605,0,0,3,0,0,0,1,1,1780413752
2026-06-18T00:09:20Z,606,0,0,3,0,0,0,1,1,1781723852
2026-06-18T00:09:20Z,607,30,3,1,2,0,1,1,1,1781741315
2026-06-18T00:09:20Z,608,2,1,51,1,0,1,1,1,1781741169
2026-06-18T00:09:20Z,609,1,1,20,2,0,1,1,1,1781741251
2026-06-18T00:09:20Z,610,25,0,9,1,0,1,1,1,1781741174
2026-06-18T00:09:20Z,611,25,2,1,1,0,1,1,1,1781741007
2026-06-18T00:09:20Z,612,3,0,11,1,0,1,1,1,1781735572
2026-06-18T00:09:20Z,613,6,2,7,1,0,1,1,1,1781741103
2026-06-18T00:09:20Z,614,0,0,23,3,1,1,1,1,1781739396
2026-06-18T00:09:20Z,617,9,0,4,2,0,1,1,1,1781741137
2026-06-18T00:09:20Z,618,13,1,5,1,0,1,1,1,1781740870
2026-06-18T00:09:20Z,619,4,4,15,0,0,1,1,1,1781741006
2026-06-18T00:09:20Z,620,0,0,23,0,0,1,1,1,1781739112
2026-06-18T00:09:20Z,621,22,7,1,0,0,1,1,1,1781741102
2026-06-18T00:09:20Z,622,2,1,19,2,0,1,1,1,1781739013
2026-06-18T00:09:20Z,623,1,1,28,1,0,1,1,1,1781741036
2026-06-18T00:09:20Z,624,0,0,12,3,0,1,1,1,1781739311
2026-06-18T00:09:20Z,625,7,2,13,1,0,1,1,1,1781741313
2026-06-18T00:09:20Z,626,0,0,44,0,2,1,1,1,1781740318
2026-06-18T00:09:20Z,627,15,2,4,0,0,1,1,1,1781738614
2026-06-18T00:09:20Z,628,6,6,12,0,1,1,1,1,1781740578
2026-06-18T00:09:20Z,629,7,5,3,1,0,1,1,1,1781741266
2026-06-18T00:09:20Z,630,5,0,19,3,0,1,1,1,1781739431
2026-06-18T00:09:20Z,631,0,0,23,0,0,1,1,1,1781740606
2026-06-18T00:09:20Z,632,3,0,18,2,0,1,1,1,1781741300
2026-06-18T00:09:20Z,633,3,0,8,3,1,1,1,1,1781740535
2026-06-18T00:09:20Z,634,7,1,10,2,0,1,1,1,1781741213
2026-06-18T00:09:20Z,635,13,0,6,0,0,1,1,1,1781741171
2026-06-18T00:09:20Z,636,5,2,10,0,0,1,1,1,1781739434
2026-06-18T00:09:20Z,637,7,3,9,3,0,1,1,1,1781734708
2026-06-18T00:09:20Z,638,4,0,14,1,0,1,1,1,1781741334
2026-06-18T00:09:20Z,639,3,1,10,4,2,1,1,1,1781741354
2026-06-18T00:09:20Z,640,0,0,22,1,0,1,1,1,1781740822
2026-06-18T00:09:20Z,641,7,0,19,1,0,1,1,1,1781741087
2026-06-18T00:09:20Z,642,4,2,14,1,0,1,1,1,1781741334
2026-06-18T00:09:20Z,643,0,0,26,1,0,1,1,1,1781739824
2026-06-18T00:09:20Z,644,1,1,13,0,1,1,1,1,1781738741
2026-06-18T00:09:20Z,645,7,0,13,2,1,1,1,1,1781740953
2026-06-18T00:09:20Z,646,9,0,7,3,0,1,1,1,1781738236
2026-06-18T00:09:20Z,647,3,0,26,2,0,1,1,1,1781741058
2026-06-18T00:09:20Z,648,7,2,11,1,0,1,1,1,1781740793
2026-06-18T00:09:20Z,649,3,3,27,1,0,1,1,1,1781737293
2026-06-18T00:09:20Z,650,13,3,5,1,0,1,1,1,1781739116
2026-06-18T00:09:20Z,651,3,1,19,1,0,1,1,1,1781741306
2026-06-18T00:09:20Z,652,2,2,19,1,1,1,1,1,1781741325
2026-06-18T00:09:20Z,653,0,0,17,2,0,1,1,1,1781741220
2026-06-18T00:09:20Z,654,1,1,14,0,0,1,1,1,1781740680
2026-06-18T00:09:20Z,655,3,3,12,0,0,1,1,1,1781737672
2026-06-18T00:09:20Z,656,1,1,17,1,0,1,1,1,1781741076
2026-06-18T00:09:20Z,657,3,2,10,4,0,1,1,1,1781741215
2026-06-18T00:09:20Z,658,2,0,20,1,0,1,1,1,1781741155
2026-06-18T00:09:20Z,659,6,6,8,1,0,1,1,1,1781741178
2026-06-18T00:09:20Z,660,0,0,31,0,0,1,1,1,1781741241
2026-06-18T00:09:20Z,661,0,0,19,0,0,1,1,1,1781741268
2026-06-18T00:09:20Z,662,10,9,9,4,0,1,1,1,1781737813
2026-06-18T00:09:20Z,663,2,1,13,0,0,1,1,1,1781740884
2026-06-18T00:09:20Z,664,2,0,25,0,0,1,1,1,1781740970
2026-06-18T00:09:20Z,665,8,1,7,0,0,1,1,1,1781740698
2026-06-18T00:09:20Z,666,13,7,0,2,0,1,1,1,1781740066
2026-06-18T00:09:20Z,667,15,5,4,0,0,1,1,1,1781740845
2026-06-18T00:09:20Z,668,15,2,2,2,0,1,1,1,1781741350
2026-06-18T00:09:20Z,669,9,5,4,1,0,1,1,1,1781740797
2026-06-18T00:09:20Z,670,19,3,7,1,0,1,1,1,1781740875
2026-06-18T00:09:20Z,671,3,1,24,0,0,1,1,1,1781741358
2026-06-18T00:09:20Z,672,17,1,3,3,0,1,1,1,1781740509
2026-06-18T00:09:20Z,673,11,1,12,0,0,1,1,1,1781741242
2026-06-18T00:09:20Z,674,2,0,21,0,0,1,1,1,1781740921
2026-06-18T00:09:20Z,675,8,3,6,0,1,1,1,1,1781741342
2026-06-18T00:09:20Z,676,12,0,10,0,1,1,1,1,1781741048
2026-06-18T00:09:20Z,681,5,3,6,4,0,1,1,1,1781741275
2026-06-18T00:09:20Z,682,8,4,7,4,0,1,1,1,1781701179
2026-06-18T00:09:20Z,683,4,0,13,2,0,1,1,1,1781735114
2026-06-18T00:09:20Z,684,9,1,17,1,0,1,1,1,1781741127
2026-06-18T00:09:20Z,685,6,0,20,0,1,1,1,1,1781740418
2026-06-18T00:09:20Z,686,7,1,19,1,0,1,1,1,1781735860
2026-06-18T00:09:20Z,687,8,2,22,0,1,1,1,1,1781739214
2026-06-18T00:09:20Z,688,17,4,2,0,0,1,1,1,1781738610
2026-06-18T00:09:20Z,692,0,0,21,0,0,1,1,1,1781741258
2026-06-18T00:09:20Z,693,3,2,7,1,0,1,1,1,1781741146
2026-06-18T00:09:20Z,694,3,1,17,1,0,1,1,1,1781739739
2026-06-18T00:09:20Z,695,10,5,12,1,0,1,1,1,1781740354
2026-06-18T00:09:20Z,696,4,0,17,2,0,1,1,1,1781739756
2026-06-18T00:09:20Z,697,22,5,0,1,0,1,1,1,1781741136
2026-06-18T00:09:20Z,698,27,1,0,0,0,1,1,1,1781741284
2026-06-18T00:09:20Z,699,3,0,12,0,0,1,1,1,1781740825
2026-06-18T00:09:20Z,700,12,1,6,1,0,1,1,1,1781741254
2026-06-18T00:09:20Z,701,7,0,11,1,0,1,1,1,1781740919
2026-06-18T00:09:20Z,702,4,2,18,1,0,1,1,1,1781740948
2026-06-18T00:09:20Z,703,17,3,4,2,0,1,1,1,1781741211
2026-06-18T00:09:20Z,704,10,0,4,1,0,1,1,1,1781740866
2026-06-18T00:09:20Z,705,2,1,11,2,0,1,1,1,1781740440
2026-06-18T00:09:20Z,706,7,2,7,1,0,1,1,1,1781739719
2026-06-18T00:09:20Z,707,13,2,1,1,0,1,1,1,1781741353
2026-06-18T00:09:20Z,708,16,2,3,0,0,1,1,1,1781741153
2026-06-18T00:09:20Z,709,9,2,3,3,0,1,1,1,1781740773
2026-06-18T00:09:20Z,710,17,0,1,1,0,1,1,1,1781740432
2026-06-18T00:09:20Z,711,3,3,13,3,0,1,1,1,1781740152
2026-06-18T00:09:20Z,712,2,1,10,3,0,1,1,1,1781740629
2026-06-18T00:09:20Z,713,12,5,11,0,0,1,1,1,1781741097
2026-06-18T00:09:20Z,716,2,0,9,4,0,1,1,1,1781741261
2026-06-18T00:09:20Z,717,9,2,12,4,0,1,1,1,1781741172
2026-06-18T00:09:20Z,718,0,0,15,0,0,1,1,1,1781739928
2026-06-18T00:09:20Z,719,13,0,16,0,0,1,1,1,1781740314
2026-06-18T00:09:20Z,720,1,0,17,1,0,1,1,1,1781740294
2026-06-18T00:09:20Z,721,3,0,17,3,0,1,1,1,1781741317
2026-06-18T00:09:20Z,722,4,1,11,0,0,1,1,1,1781739598
2026-06-18T00:09:20Z,723,6,0,16,1,0,1,1,1,1781741049
2026-06-18T00:09:20Z,724,10,6,12,1,0,1,1,1,1781739747
2026-06-18T00:09:20Z,725,23,4,0,0,0,1,1,1,1781741129
2026-06-18T00:09:20Z,726,15,1,4,0,0,1,1,1,1781741289
2026-06-18T00:09:20Z,727,12,8,11,0,0,1,1,1,1781739700
2026-06-18T00:09:20Z,728,3,1,8,4,0,1,1,1,1781740249
2026-06-18T00:09:20Z,729,9,0,9,1,0,1,1,1,1781741258
2026-06-18T00:09:20Z,730,4,3,11,0,0,1,1,1,1781739894
2026-06-18T00:09:20Z,731,6,0,9,0,0,1,1,1,1781740339
2026-06-18T00:09:20Z,732,11,1,4,0,0,1,1,1,1781740668
2026-06-18T00:09:20Z,733,25,0,0,2,0,1,1,1,1781741344
2026-06-18T00:09:20Z,734,0,0,14,0,0,1,1,1,1781740967
2026-06-18T00:09:20Z,735,1,1,18,0,0,1,1,1,1781741335
2026-06-18T00:09:20Z,736,3,2,13,3,0,1,1,1,1781741042
2026-06-18T00:09:20Z,737,1,1,14,0,0,1,1,1,1781740523
2026-06-18T00:09:20Z,738,8,0,10,1,0,1,1,1,1781740858
2026-06-18T00:09:20Z,739,12,3,14,1,0,1,1,1,1781740753
2026-06-18T00:09:20Z,741,13,1,10,0,0,1,1,1,1781740426
2026-06-18T00:09:20Z,742,34,3,4,1,0,1,1,1,1781741352
2026-06-18T00:09:20Z,743,0,0,19,0,0,1,1,1,1781740666
2026-06-18T00:09:20Z,744,2,2,13,0,0,1,1,1,1781740640
2026-06-18T00:09:20Z,745,2,0,17,0,0,1,1,1,1781740686
2026-06-18T00:09:20Z,746,21,1,2,0,0,1,1,1,1781740541
2026-06-18T00:09:20Z,747,16,1,3,0,0,1,1,1,1781740786
2026-06-18T00:09:20Z,748,14,5,8,1,0,1,1,1,1781740450
2026-06-18T00:09:20Z,749,8,1,14,1,0,1,1,1,1781741304
2026-06-18T00:09:20Z,750,4,0,6,1,0,1,1,1,1781741301
2026-06-18T00:09:20Z,751,0,0,22,1,0,1,1,1,1781741205
2026-06-18T00:09:20Z,752,2,2,13,2,0,1,1,1,1781741328
2026-06-18T00:09:20Z,753,14,0,0,1,0,1,1,1,1781740925
2026-06-18T00:09:20Z,754,2,2,13,0,0,1,1,1,1781739550
2026-06-18T00:09:20Z,755,8,2,11,0,0,1,1,1,1781740589
2026-06-18T00:09:20Z,756,0,0,37,0,0,1,1,1,1781740215
2026-06-18T00:09:20Z,757,5,2,14,0,0,1,1,1,1781740348
2026-06-18T00:09:20Z,758,0,0,23,0,0,1,1,1,1781740731
2026-06-18T00:09:20Z,759,4,1,9,2,0,1,1,1,1781740868
2026-06-18T00:09:20Z,760,16,0,2,1,0,1,1,1,1781741119
2026-06-18T00:09:20Z,761,9,2,14,0,0,1,1,1,1781740991
2026-06-18T00:09:20Z,762,6,1,8,1,0,1,1,1,1781741003
2026-06-18T00:09:20Z,768,2,0,13,4,0,1,1,1,1781741004
2026-06-18T00:09:20Z,769,16,3,0,3,0,1,1,1,1781740989
2026-06-18T00:09:20Z,770,9,4,10,0,0,1,1,1,1781740596
2026-06-18T00:09:20Z,771,1,0,14,0,0,1,1,1,1781740262
2026-06-18T00:09:20Z,772,7,2,8,0,0,1,1,1,1781740143
2026-06-18T00:09:20Z,773,3,2,13,3,0,1,1,1,1781740421
2026-06-18T00:09:20Z,774,4,1,10,1,0,1,1,1,1781739990
2026-06-18T00:09:20Z,775,1,0,17,1,0,1,1,1,1781739662
2026-06-18T00:09:20Z,776,2,0,17,2,0,1,1,1,1781740216
2026-06-18T00:09:20Z,777,11,6,3,1,0,1,1,1,1781740877
2026-06-18T00:09:20Z,778,5,0,12,2,0,1,1,1,1781740753
2026-06-18T00:09:20Z,779,6,4,11,2,0,1,1,1,1781739747
2026-06-18T00:09:20Z,780,7,1,10,2,0,1,1,1,1781741326
2026-06-18T00:09:20Z,781,2,2,7,2,0,1,1,1,1781741047
2026-06-18T00:09:20Z,782,5,4,14,0,0,1,1,1,1781739788
2026-06-18T00:09:20Z,783,1,0,17,1,0,1,1,1,1781737773
2026-06-18T00:09:20Z,784,12,1,6,1,0,1,1,1,1781740294
2026-06-18T00:09:20Z,785,10,2,2,2,0,1,1,1,1781739915
2026-06-18T00:09:20Z,786,3,3,15,1,0,1,1,1,1781731918
2026-06-18T00:09:20Z,787,8,1,7,0,0,1,1,1,1781739994
2026-06-18T00:09:20Z,788,6,0,9,0,0,1,1,1,1781740752
2026-06-18T00:09:20Z,789,7,0,7,1,0,1,1,1,1781740904
2026-06-18T00:09:20Z,790,6,2,16,1,0,1,1,1,1781740696
2026-06-18T00:09:20Z,791,4,2,15,0,0,1,1,1,1781739686
2026-06-18T00:09:20Z,793,1,1,14,0,0,1,1,1,1781740569
2026-06-18T00:09:20Z,794,1,1,28,0,0,1,1,1,1781740289
2026-06-18T00:09:20Z,796,8,0,9,2,0,1,1,1,1781740809
2026-06-18T00:09:20Z,797,13,0,1,1,0,1,1,1,1781740905
2026-06-18T00:09:20Z,798,21,1,4,0,0,1,1,1,1781740762
2026-06-18T00:09:20Z,799,1,1,17,1,0,1,1,1,1781741056
2026-06-18T00:09:20Z,800,3,1,17,1,0,1,1,1,1781741303
2026-06-18T00:09:20Z,801,1,0,20,0,0,1,1,1,1781741053
2026-06-18T00:09:20Z,802,4,0,25,2,0,1,1,1,1781740709
2026-06-18T00:09:20Z,803,9,1,5,1,0,1,1,1,1781740760
2026-06-18T00:09:20Z,806,0,0,15,0,0,1,1,1,1781740431
2026-06-18T00:09:20Z,807,1,1,22,2,0,1,1,1,1781741328
2026-06-18T00:09:20Z,808,2,0,21,2,0,1,1,1,1781741275
2026-06-18T00:09:20Z,809,7,1,16,0,0,1,1,1,1781741148
2026-06-18T00:09:20Z,810,6,4,13,0,0,1,1,1,1781740724
2026-06-18T00:09:20Z,815,8,3,6,1,0,1,1,1,1781739737
2026-06-18T00:09:20Z,817,7,0,6,2,0,1,1,1,1781740374
2026-06-18T00:09:20Z,818,5,1,13,5,0,1,1,1,1781740877
2026-06-18T00:09:20Z,819,4,2,10,1,0,1,1,1,1781739899
2026-06-18T00:09:20Z,820,3,1,14,0,0,1,1,1,1781740541
2026-06-18T00:09:20Z,821,5,1,10,0,0,1,1,1,1781740576
2026-06-18T00:09:20Z,822,2,0,21,0,0,1,1,1,1781741344
2026-06-18T00:09:20Z,823,15,4,0,0,0,1,1,1,1781741027
2026-06-18T00:09:20Z,824,12,11,7,0,0,1,1,1,1781740982
2026-06-18T00:09:20Z,825,2,1,13,0,0,1,1,1,1781734941
2026-06-18T00:09:20Z,826,4,0,15,0,0,1,1,1,1781740693
2026-06-18T00:09:20Z,827,13,4,8,0,0,1,1,1,1781741218
2026-06-18T00:09:20Z,828,1,0,16,1,0,1,1,1,1781739652
2026-06-18T00:09:20Z,829,3,2,24,0,0,1,1,1,1781734461
2026-06-18T00:09:20Z,830,3,0,20,0,0,1,1,1,1781741044
2026-06-18T00:09:20Z,831,9,8,5,1,0,1,1,1,1781739694
2026-06-18T00:09:20Z,832,8,6,8,2,0,1,1,1,1781740535
2026-06-18T00:09:20Z,833,7,2,12,0,0,1,1,1,1781741141
2026-06-18T00:09:20Z,834,18,4,5,1,0,1,1,1,1781741355
2026-06-18T00:09:20Z,835,6,0,12,0,0,1,1,1,1781741353
2026-06-18T00:09:20Z,837,6,1,9,0,0,1,1,1,1781741265
2026-06-18T00:09:20Z,838,0,0,14,1,0,1,1,1,1781740702
2026-06-18T00:09:20Z,839,28,0,0,1,0,1,1,1,1781741350
2026-06-18T00:09:20Z,840,2,1,22,5,0,1,1,1,1781741008
2026-06-18T00:09:20Z,841,2,0,12,1,0,1,1,1,1781740506
2026-06-18T00:09:20Z,842,6,1,17,0,0,1,1,1,1781741328
2026-06-18T00:09:20Z,843,7,5,23,1,0,1,1,1,1781740404
2026-06-18T00:09:20Z,844,12,3,11,0,0,1,1,1,1781740902
2026-06-18T00:09:20Z,845,2,0,17,0,0,1,1,1,1781740128
2026-06-18T00:09:20Z,846,8,2,10,0,1,1,1,1,1781740015
2026-06-18T00:09:20Z,847,14,4,11,2,0,1,1,1,1781740586
2026-06-18T00:09:20Z,848,3,1,16,0,0,1,1,1,1781741085
2026-06-18T00:09:20Z,849,5,3,5,6,0,1,1,1,1781741329
2026-06-18T00:09:20Z,850,3,1,8,0,0,1,1,1,1781741054
2026-06-18T00:09:20Z,851,1,1,34,2,0,1,1,1,1781740850
2026-06-18T00:09:20Z,852,9,0,9,1,0,1,1,1,1781741338
2026-06-18T00:09:20Z,853,2,0,20,1,0,1,1,1,1781740396
2026-06-18T00:09:20Z,854,8,0,7,0,0,1,1,1,1781739181
2026-06-18T00:09:20Z,855,15,0,11,1,0,1,1,1,1781740863
2026-06-18T00:09:20Z,857,0,0,19,0,0,1,1,1,1781739765
2026-06-18T00:09:20Z,858,0,0,18,1,0,1,1,1,1781740303
2026-06-18T00:09:20Z,859,8,1,13,0,0,1,1,1,1781741005
2026-06-18T00:09:20Z,861,2,0,9,0,0,1,1,1,1781739784
2026-06-18T00:09:20Z,862,0,0,15,0,0,1,1,1,1781739763
2026-06-18T00:09:20Z,863,7,1,12,0,0,1,1,1,1781741352
2026-06-18T00:09:20Z,866,8,2,9,2,0,1,1,1,1781740622
2026-06-18T00:09:20Z,867,8,1,6,1,0,1,1,1,1781741116
2026-06-18T00:09:20Z,868,11,4,3,1,0,1,1,1,1781740089
2026-06-18T00:09:20Z,870,7,0,5,3,0,1,1,1,1781741080
2026-06-18T00:09:20Z,871,7,0,4,0,0,1,1,1,1781741139
2026-06-18T00:09:20Z,872,11,2,3,1,0,1,1,1,1781740391
2026-06-18T00:09:20Z,873,0,0,32,1,0,1,1,1,1781740760
2026-06-18T00:09:20Z,874,8,0,7,0,0,1,1,1,1781740602
2026-06-18T00:09:20Z,875,12,2,3,0,0,1,1,1,1781739962
2026-06-18T00:09:20Z,877,12,6,6,1,0,1,1,1,1781739814
2026-06-18T00:09:20Z,878,0,0,19,0,0,1,1,1,1781741287
2026-06-18T00:09:20Z,879,4,1,13,2,0,1,1,1,1781740087
2026-06-18T00:09:20Z,880,2,1,20,1,0,1,1,1,1781740765
2026-06-18T00:09:20Z,881,7,0,9,3,0,1,1,1,1781739984
2026-06-18T00:09:20Z,882,11,5,8,0,0,1,1,1,1781740774
2026-06-18T00:09:20Z,883,0,0,18,1,0,0,1,1,1781529111
2026-06-18T00:09:20Z,884,11,6,10,0,0,1,1,1,1781705947
2026-06-18T00:09:20Z,885,0,0,19,0,0,1,1,1,1781732630
2026-06-18T00:09:20Z,886,4,1,22,3,0,1,1,1,1781741269
2026-06-18T00:09:20Z,887,6,3,10,1,0,1,1,1,1781740977
2026-06-18T00:09:20Z,888,40,5,0,1,0,1,1,1,1781741176
2026-06-18T00:09:20Z,889,11,0,8,0,0,1,1,1,1781741024
2026-06-18T00:09:20Z,890,2,1,13,0,0,1,1,1,1781688127
2026-06-18T00:09:20Z,891,9,1,13,1,0,1,1,1,1781740914
2026-06-18T00:09:20Z,892,10,1,4,1,0,1,1,1,1781740763
2026-06-18T00:09:20Z,895,15,0,3,1,0,1,1,1,1781741044
2026-06-18T00:09:20Z,896,2,0,32,1,0,1,1,1,1781740580
2026-06-18T00:09:20Z,897,13,1,7,1,0,1,1,1,1781740515
2026-06-18T00:09:20Z,898,10,2,9,0,0,1,1,1,1781740256
2026-06-18T00:09:20Z,899,17,1,2,0,0,1,1,1,1781741122
2026-06-18T00:09:20Z,900,19,2,7,1,0,1,1,1,1781740930
2026-06-18T00:09:20Z,901,8,4,9,2,0,1,1,1,1781741058
2026-06-18T00:09:20Z,902,1,0,14,0,0,1,1,1,1781739833
2026-06-18T00:09:20Z,903,4,0,15,0,0,1,1,1,1781740058
2026-06-18T00:09:20Z,904,14,3,3,2,0,1,1,1,1781741320
2026-06-18T00:09:20Z,905,0,0,27,0,0,1,1,1,1781739964
2026-06-18T00:09:20Z,906,5,3,22,0,0,1,1,1,1781741339
2026-06-18T00:09:20Z,907,25,0,5,1,0,1,1,1,1781741253
2026-06-18T00:09:20Z,908,9,2,13,1,0,1,1,1,1781740922
2026-06-18T00:09:20Z,909,0,0,22,1,0,1,1,1,1781741265
2026-06-18T00:09:20Z,910,25,1,3,3,0,1,1,1,1781741327
2026-06-18T00:09:20Z,911,10,1,9,0,0,1,1,1,1781740065
2026-06-18T00:09:20Z,912,2,0,20,1,0,1,1,1,1781741357
2026-06-18T00:09:20Z,913,4,2,13,2,0,1,1,1,1781740686
2026-06-18T00:09:20Z,914,1,0,18,0,0,1,1,1,1781741061
2026-06-18T00:09:20Z,915,12,1,11,0,0,1,1,1,1781740906
2026-06-18T00:09:20Z,916,8,5,14,1,0,1,1,1,1781741347
2026-06-18T00:09:20Z,917,4,0,31,0,0,1,1,1,1781741197
2026-06-18T00:09:20Z,918,12,5,6,1,0,1,1,1,1781740532
2026-06-18T00:09:20Z,919,11,0,23,5,0,1,1,1,1781741285
2026-06-18T00:09:20Z,920,12,7,7,0,0,1,1,1,1781740484
2026-06-18T00:09:20Z,921,9,1,10,2,0,1,1,1,1781741055
2026-06-18T00:09:20Z,922,7,2,14,0,0,1,1,1,1781741259
2026-06-18T00:09:20Z,923,1,1,17,1,0,1,1,1,1781741184
2026-06-18T00:09:20Z,924,1,0,19,1,0,1,1,1,1781741009
2026-06-18T00:09:20Z,925,16,6,5,0,0,1,1,1,1781740268
2026-06-18T00:09:20Z,926,10,1,11,0,0,1,1,1,1781741075
2026-06-18T00:09:20Z,927,0,0,34,1,0,1,1,1,1781741140
2026-06-18T00:09:20Z,928,3,0,14,2,0,1,1,1,1781740960
2026-06-18T00:09:20Z,929,3,1,18,1,1,1,1,1,1781741195
2026-06-18T00:09:20Z,930,30,0,1,0,0,1,1,1,1781741162
2026-06-18T00:09:20Z,931,0,0,23,0,0,1,1,1,1781741314
2026-06-18T00:09:20Z,932,11,1,8,0,0,1,1,1,1781741340
2026-06-18T00:09:20Z,933,8,0,15,0,0,1,1,1,1781741338
2026-06-18T00:09:20Z,934,5,0,25,1,0,1,1,1,1781741183
2026-06-18T00:09:20Z,935,6,0,13,0,0,1,1,1,1781741159
2026-06-18T00:09:20Z,936,1,0,18,0,0,1,1,1,1781740603
2026-06-18T00:09:20Z,940,10,0,1,0,0,1,1,1,1781741066
2026-06-18T00:09:20Z,941,17,1,8,0,0,1,1,1,1781738569
2026-06-18T00:09:20Z,942,14,1,6,1,0,1,1,1,1781740668
2026-06-18T00:09:20Z,943,7,7,7,1,0,1,1,1,1781740038
2026-06-18T00:09:20Z,944,4,4,10,1,0,1,1,1,1781709152
2026-06-18T00:09:20Z,945,6,4,8,1,0,1,1,1,1781740208
2026-06-18T00:09:20Z,946,12,9,7,0,0,1,1,1,1781741111
2026-06-18T00:09:20Z,947,6,5,11,0,0,1,1,1,1781741226
2026-06-18T00:09:20Z,948,2,2,27,2,0,1,1,1,1781741277
2026-06-18T00:09:20Z,949,0,0,14,1,0,1,1,1,1781741234
2026-06-18T00:09:20Z,950,4,1,13,0,0,1,1,1,1781740711
2026-06-18T00:09:20Z,951,4,1,18,1,0,1,1,1,1781741322
2026-06-18T00:09:20Z,952,23,0,29,3,0,1,1,1,1781741167
2026-06-18T00:09:20Z,953,12,3,1,2,0,1,1,1,1781740642
2026-06-18T00:09:20Z,954,11,0,7,1,0,1,1,1,1781741209
2026-06-18T00:09:20Z,955,3,3,20,4,0,1,1,1,1781741214
2026-06-18T00:09:20Z,956,17,0,1,1,0,1,1,1,1781741198
2026-06-18T00:09:20Z,957,14,3,15,0,0,1,1,1,1781741261
2026-06-18T00:09:20Z,958,26,1,5,0,0,1,1,1,1781741161
2026-06-18T00:09:20Z,959,4,2,16,3,0,1,1,1,1781741142
2026-06-18T00:09:20Z,960,14,4,6,3,0,1,1,1,1781741353
2026-06-18T00:09:20Z,961,6,1,17,0,0,1,1,1,1781741116
2026-06-18T00:09:20Z,962,0,0,29,6,0,1,1,1,1781741270
2026-06-18T00:09:20Z,963,2,0,21,0,0,1,1,1,1781740697
2026-06-18T00:09:20Z,964,10,3,11,2,0,1,1,1,1781741061
2026-06-18T00:09:20Z,965,25,4,0,2,0,1,1,1,1781741001
2026-06-18T00:09:20Z,966,30,4,0,1,0,1,1,1,1781741289
2026-06-18T00:09:20Z,967,20,0,0,1,0,1,1,1,1781741048
2026-06-18T00:09:20Z,968,19,0,0,0,0,1,1,1,1781740833
2026-06-18T00:09:20Z,969,5,4,21,1,0,1,1,1,1781741175
2026-06-18T00:09:20Z,970,5,1,13,1,0,1,1,1,1781741309
2026-06-18T00:09:20Z,971,16,1,6,1,0,1,1,1,1781741141
2026-06-18T00:09:20Z,972,14,3,8,1,0,1,1,1,1781741157
2026-06-18T00:09:20Z,973,3,1,18,2,0,1,1,1,1781741249
2026-06-18T00:09:20Z,974,0,0,27,0,0,1,1,1,1781740594
2026-06-18T00:09:20Z,977,0,0,20,1,0,1,1,1,1781741174
2026-06-18T00:09:20Z,978,18,7,3,2,0,1,1,1,1781740616
2026-06-18T00:09:20Z,979,3,1,13,1,0,1,1,1,1781740488
2026-06-18T00:09:20Z,980,0,0,21,0,0,1,1,1,1781741117
2026-06-18T00:09:20Z,981,3,0,18,0,0,1,1,1,1781741200
2026-06-18T00:09:20Z,982,8,1,10,1,0,1,1,1,1781741126
2026-06-18T00:09:20Z,983,5,4,18,0,0,1,1,1,1781740056
2026-06-18T00:09:20Z,984,15,2,8,0,0,1,1,1,1781741049
2026-06-18T00:09:20Z,985,3,0,28,0,0,1,1,1,1781741206
2026-06-18T00:09:20Z,986,12,3,7,0,0,1,1,1,1781740261
2026-06-18T00:09:20Z,987,4,0,19,0,0,1,1,1,1781741242
2026-06-18T00:09:20Z,988,11,2,7,1,0,1,1,1,1781741076
2026-06-18T00:09:20Z,989,10,6,7,2,0,1,1,1,1781740229
2026-06-18T00:09:20Z,990,4,2,11,0,0,1,1,1,1781739866
2026-06-18T00:09:20Z,991,13,5,5,1,0,1,1,1,1781740583
2026-06-18T00:09:20Z,992,4,1,19,0,0,1,1,1,1781740521
2026-06-18T00:09:20Z,993,1,0,25,1,0,1,1,1,1781740005
2026-06-18T00:09:20Z,994,4,3,16,1,0,1,1,1,1781740343
2026-06-18T00:09:20Z,995,14,5,12,1,0,1,1,1,1781741133
2026-06-18T00:09:20Z,996,8,2,13,2,0,1,1,1,1781740237
2026-06-18T00:09:20Z,997,16,8,7,0,0,1,1,1,1781740795
2026-06-18T00:09:20Z,998,6,2,17,0,0,1,1,1,1781741352
2026-06-18T00:09:20Z,999,11,1,7,2,1,1,1,1,1781740693
2026-06-18T00:09:20Z,1000,12,5,8,1,0,1,1,1,1781739714
2026-06-18T00:09:20Z,1001,7,0,20,0,0,1,1,1,1781739948
2026-06-18T00:09:20Z,1002,13,0,17,1,0,1,1,1,1781740659
2026-06-18T00:09:20Z,1003,7,0,15,1,0,1,1,1,1781741022
2026-06-18T00:09:20Z,1004,9,1,13,1,0,1,1,1,1781741169
2026-06-18T00:09:20Z,1005,11,0,11,1,0,1,1,1,1781740787
2026-06-18T00:09:20Z,1006,12,5,7,0,0,1,1,1,1781740771
2026-06-18T00:09:20Z,1007,8,4,13,0,0,1,1,1,1781739760
2026-06-18T00:09:20Z,1008,13,0,8,2,0,1,1,1,1781740556
2026-06-18T00:09:20Z,1009,12,3,19,0,0,1,1,1,1781741268
2026-06-18T00:09:20Z,1010,13,3,14,0,0,1,1,1,1781741020
2026-06-18T00:09:20Z,1011,5,4,13,1,0,1,1,1,1781741289
2026-06-18T00:09:20Z,1012,4,3,17,2,0,1,1,1,1781739872
2026-06-18T00:09:20Z,1013,6,0,15,2,0,1,1,1,1781740444
2026-06-18T00:09:20Z,1014,11,1,12,0,0,1,1,1,1781740391
2026-06-18T00:09:20Z,1015,5,3,26,0,0,1,1,1,1781741171
2026-06-18T00:09:20Z,1016,14,3,17,0,0,1,1,1,1781739723
2026-06-18T00:09:20Z,1017,9,0,11,1,0,1,1,1,1781741174
2026-06-18T00:09:20Z,1018,7,1,12,2,0,1,1,1,1781739814
2026-06-18T00:09:20Z,1019,9,4,3,3,0,1,1,1,1781740167
2026-06-18T00:09:20Z,1020,15,3,5,1,0,1,1,1,1781740681
2026-06-18T00:09:20Z,1021,3,1,12,0,0,1,1,1,1781741203
2026-06-18T00:09:20Z,1022,10,1,17,0,0,1,1,1,1781740947
2026-06-18T00:09:20Z,1023,7,0,16,0,0,1,1,1,1781741048
2026-06-18T00:09:20Z,1024,10,5,8,1,0,1,1,1,1781739973
2026-06-18T00:09:20Z,1025,15,0,4,0,0,1,1,1,1781740103
2026-06-18T00:09:20Z,1026,6,4,24,1,0,1,1,1,1781741208
2026-06-18T00:09:20Z,1028,12,1,11,0,0,1,1,1,1781740652
2026-06-18T00:09:20Z,1029,9,6,4,2,0,1,1,1,1781740460
2026-06-18T00:09:20Z,1030,9,3,14,0,0,1,1,1,1781740624
2026-06-18T00:09:20Z,1031,1,0,17,1,0,1,1,1,1781739881
2026-06-18T00:09:20Z,1032,9,2,9,1,0,1,1,1,1781740917
2026-06-18T00:09:20Z,1033,12,7,5,2,0,1,1,1,1781741339
2026-06-18T00:09:20Z,1034,1,0,14,0,0,1,1,1,1781739858
2026-06-18T00:09:20Z,1035,2,0,17,0,0,1,1,1,1781740122
2026-06-18T00:09:20Z,1036,13,1,2,0,0,1,1,1,1781740739
2026-06-18T00:09:20Z,1037,12,0,7,0,0,1,1,1,1781740482
2026-06-18T00:09:20Z,1038,5,0,10,0,0,1,1,1,1781740194
2026-06-18T00:09:20Z,1039,5,1,13,1,0,1,1,1,1781740142
2026-06-18T00:09:20Z,1040,9,1,9,1,0,1,1,1,1781740568
2026-06-18T00:09:20Z,1041,6,2,13,0,0,1,1,1,1781740293
2026-06-18T00:09:20Z,1042,5,0,10,0,0,1,1,1,1781739931
2026-06-18T00:09:20Z,1043,7,5,10,2,0,1,1,1,1781740523
2026-06-18T00:09:20Z,1044,2,0,13,0,0,1,1,1,1781741321
2026-06-18T00:09:20Z,1045,3,0,16,0,0,1,1,1,1781740108
2026-06-18T00:09:20Z,1046,7,0,5,3,0,1,1,1,1781740922
2026-06-18T00:09:20Z,1047,8,3,12,1,0,1,1,1,1781739562
2026-06-18T00:09:20Z,1048,16,2,3,0,0,1,1,1,1781740150
2026-06-18T00:09:20Z,1049,2,0,19,0,0,1,1,1,1781739567
2026-06-18T00:09:20Z,1050,4,0,15,2,0,1,1,1,1781740987
2026-06-18T00:09:20Z,1051,3,0,18,0,0,1,1,1,1781741111
2026-06-18T00:09:20Z,1052,4,1,18,0,0,1,1,1,1781739942
2026-06-18T00:09:20Z,1053,4,0,11,0,0,1,1,1,1781740202
2026-06-18T00:09:20Z,1054,6,3,9,0,0,1,1,1,1781740242
2026-06-18T00:09:20Z,1055,4,1,15,0,0,1,1,1,1781741133
2026-06-18T00:09:20Z,1057,4,1,15,0,0,1,1,1,1781741201
2026-06-18T00:09:20Z,1058,20,0,35,1,0,1,1,1,1781740925
2026-06-18T00:09:20Z,1059,2,2,16,1,0,1,1,1,1781739699
2026-06-18T00:09:20Z,1060,14,4,22,0,0,1,1,1,1781740944
2026-06-18T00:09:20Z,1061,14,0,21,2,0,1,1,1,1781741058
2026-06-18T00:09:20Z,1062,6,0,10,1,0,1,1,1,1781741311
2026-06-18T00:09:20Z,1063,12,1,4,3,0,1,1,1,1781740403
2026-06-18T00:09:20Z,1064,6,3,17,0,0,1,1,1,1781740470
2026-06-18T00:09:20Z,1065,11,3,11,1,0,1,1,1,1781740479
2026-06-18T00:09:20Z,1066,3,0,19,1,0,1,1,1,1781740838
2026-06-18T00:09:20Z,1067,14,0,6,3,0,1,1,1,1781740989
2026-06-18T00:09:20Z,1068,11,3,12,0,0,1,1,1,1781740980
2026-06-18T00:09:20Z,1069,4,1,19,0,0,1,1,1,1781739749
2026-06-18T00:09:20Z,1070,10,0,13,0,0,1,1,1,1781740609
2026-06-18T00:09:20Z,1071,8,1,15,0,0,1,1,1,1781740596
2026-06-18T00:09:20Z,1072,9,1,13,1,0,1,1,1,1781740751
2026-06-18T00:09:20Z,1073,5,0,22,0,0,1,1,1,1781741343
2026-06-18T00:09:20Z,1074,33,0,18,2,0,1,1,1,1781741301
2026-06-18T00:09:20Z,1075,12,7,7,2,0,1,1,1,1781740519
2026-06-18T00:09:20Z,1076,9,8,12,0,0,1,1,1,1781741316
2026-06-18T00:09:20Z,1077,10,8,11,0,0,1,1,1,1781740505
2026-06-18T00:09:20Z,1078,10,8,11,0,0,1,1,1,1781741115
2026-06-18T00:09:20Z,1079,10,8,11,0,0,1,1,1,1781740789
2026-06-18T00:09:20Z,1080,8,6,13,0,0,1,1,1,1781740587
2026-06-18T00:09:20Z,1081,11,8,8,0,0,1,1,1,1781740872
2026-06-18T00:09:20Z,1082,12,12,11,0,0,1,1,1,1781740983
2026-06-18T00:09:20Z,1083,11,8,10,0,0,1,1,1,1781740530
2026-06-18T00:09:20Z,1084,12,9,9,0,0,1,1,1,1781740800
2026-06-18T00:09:20Z,1085,14,9,7,0,0,1,1,1,1781740380
2026-06-18T00:09:20Z,1086,13,11,8,0,0,1,1,1,1781740292
2026-06-18T00:09:20Z,1087,6,6,9,0,0,1,1,1,1781740547
2026-06-18T00:09:20Z,1088,8,5,7,0,0,1,1,1,1781739594
2026-06-18T00:09:20Z,1089,8,7,7,0,0,1,1,1,1781740969
2026-06-18T00:09:20Z,1090,10,10,5,0,0,1,1,1,1781740958
2026-06-18T00:09:20Z,1091,9,7,6,0,0,1,1,1,1781740073
2026-06-18T00:09:20Z,1092,7,6,8,0,0,1,1,1,1781740822
2026-06-18T00:09:20Z,1093,10,8,5,0,0,1,1,1,1781740894
2026-06-18T00:09:20Z,1094,11,9,8,0,0,1,1,1,1781739624
2026-06-18T00:09:20Z,1095,10,8,5,0,0,1,1,1,1781740378
2026-06-18T00:09:20Z,1096,10,7,9,0,0,1,1,1,1781739871
2026-06-18T00:09:20Z,1097,9,7,6,0,0,1,1,1,1781740944
2026-06-18T00:09:20Z,1098,8,8,11,0,0,1,1,1,1781741084
2026-06-18T00:09:20Z,1099,5,4,10,0,0,1,1,1,1781740687
2026-06-18T00:09:20Z,1100,11,6,13,5,0,1,1,1,1781740263
2026-06-18T00:09:20Z,1101,11,5,10,0,0,1,1,1,1781739719
2026-06-18T00:09:20Z,1102,10,5,2,1,0,1,1,1,1781740734
2026-06-18T00:09:20Z,1103,9,5,11,1,0,1,1,1,1781741015
2026-06-18T00:09:20Z,1104,10,6,11,0,0,1,1,1,1781739707
2026-06-18T00:09:20Z,1105,8,3,5,0,0,1,1,1,1781740585
2026-06-18T00:09:20Z,1106,8,4,12,1,0,1,1,1,1781739993
2026-06-18T00:09:20Z,1107,10,5,5,0,0,1,1,1,1781739929
2026-06-18T00:09:20Z,1108,7,1,17,3,0,1,1,1,1781739546
2026-06-18T00:09:20Z,1109,10,8,5,0,0,1,1,1,1781740202
2026-06-18T00:09:20Z,1110,10,3,10,1,0,1,1,1,1781739935
2026-06-18T00:09:20Z,1111,12,4,8,1,0,1,1,1,1781740014
2026-06-18T00:09:20Z,1112,50,1,3,0,0,1,1,1,1781741357
2026-06-18T00:09:20Z,1113,9,2,12,0,0,1,1,1,1781739775
2026-06-18T00:09:20Z,1115,4,1,18,1,0,1,1,1,1781740639
2026-06-18T00:09:20Z,1116,0,0,19,0,0,1,1,1,1781740032
2026-06-18T00:09:20Z,1117,0,0,21,2,0,1,1,1,1781741237
2026-06-18T00:09:20Z,1118,19,0,0,2,0,1,1,1,1781740442
2026-06-18T00:09:20Z,1119,17,1,0,0,0,1,1,1,1781740586
2026-06-18T00:09:20Z,1120,16,4,2,1,0,1,1,1,1781741351
2026-06-18T00:09:20Z,1121,13,0,7,1,0,1,1,1,1781740942
2026-06-18T00:09:20Z,1122,3,3,15,3,0,1,1,1,1781740863
2026-06-18T00:09:20Z,1123,5,5,18,0,0,1,1,1,1781741273
2026-06-18T00:09:20Z,1124,11,0,3,1,0,1,1,1,1781740009
2026-06-18T00:09:20Z,1125,3,1,20,0,0,1,1,1,1781740355
2026-06-18T00:09:20Z,1126,3,0,16,0,2,1,1,1,1781741196
2026-06-18T00:09:20Z,1127,14,3,5,0,0,1,1,1,1781740124
2026-06-18T00:09:20Z,1128,11,3,4,0,0,1,1,1,1781739773
2026-06-18T00:09:20Z,1129,19,1,2,0,0,1,1,1,1781741304
2026-06-18T00:09:20Z,1130,5,1,8,2,0,1,1,1,1781741212
2026-06-18T00:09:20Z,1131,0,0,49,0,0,1,1,1,1781739924
2026-06-18T00:09:20Z,1132,2,0,19,0,0,1,1,1,1781740722
2026-06-18T00:09:20Z,1133,0,0,21,0,0,1,1,1,1781741303
2026-06-18T00:09:20Z,1134,10,5,9,0,0,1,1,1,1781740558
2026-06-18T00:09:20Z,1135,10,5,11,0,0,1,1,1,1781739951
2026-06-18T00:09:20Z,1136,23,0,0,0,0,1,1,1,1781741342
2026-06-18T00:09:20Z,1137,8,1,4,3,0,1,1,1,1781740622
2026-06-18T00:09:20Z,1138,19,2,0,0,0,1,1,1,1781739896
2026-06-18T00:09:20Z,1139,21,0,0,0,0,1,1,1,1781738994
2026-06-18T00:09:20Z,1140,17,8,3,3,0,1,1,1,1781741345
2026-06-18T00:09:20Z,1141,2,1,17,2,0,1,1,1,1781741311
2026-06-18T00:09:20Z,1142,11,0,10,0,0,1,1,1,1781740333
2026-06-18T00:09:20Z,1143,18,1,9,2,0,1,1,1,1781741357
2026-06-18T00:09:20Z,1144,7,0,14,0,0,1,1,1,1781741284
2026-06-18T00:09:20Z,1145,9,5,12,0,0,1,1,1,1781739751
2026-06-18T00:09:20Z,1146,0,0,13,5,1,1,1,1,1781741184
2026-06-18T00:09:20Z,1147,11,0,8,0,0,1,1,1,1781741313
2026-06-18T00:09:20Z,1148,16,1,15,0,0,1,1,1,1781741348
2026-06-18T00:09:20Z,1149,6,3,18,1,0,1,1,1,1781741308
2026-06-18T00:09:20Z,1150,9,1,10,0,0,1,1,1,1781740609
2026-06-18T00:09:20Z,1151,8,0,13,0,0,1,1,1,1781740932
2026-06-18T00:09:20Z,1152,2,0,27,0,0,1,1,1,1781741213
2026-06-18T00:09:20Z,1153,14,8,8,1,0,1,1,1,1781740637
2026-06-18T00:09:20Z,1154,9,0,7,3,0,1,1,1,1781739981
2026-06-18T00:09:20Z,1155,13,3,5,3,0,1,1,1,1781741090
2026-06-18T00:09:20Z,1158,9,2,9,1,0,1,1,1,1781740100
2026-06-18T00:09:20Z,1159,8,0,10,1,0,1,1,1,1781741321
2026-06-18T00:09:20Z,1160,4,0,15,0,0,1,1,1,1781740912
2026-06-18T00:09:20Z,1161,2,1,17,0,0,1,1,1,1781740414
2026-06-18T00:09:20Z,1162,6,0,13,0,0,1,1,1,1781739610
2026-06-18T00:09:20Z,1163,0,0,18,1,0,1,1,1,1781739847
2026-06-18T00:09:20Z,1164,7,1,11,1,0,1,1,1,1781740206
2026-06-18T00:09:20Z,1165,1,0,20,0,0,1,1,1,1781740546
2026-06-18T00:09:20Z,1166,4,0,17,0,0,1,1,1,1781739985
2026-06-18T00:09:20Z,1167,4,0,11,0,0,1,1,1,1781740159
2026-06-18T00:09:20Z,1168,5,0,18,0,0,1,1,1,1781740634
2026-06-18T00:09:20Z,1169,12,11,7,0,0,1,1,1,1781740966
2026-06-18T00:09:20Z,1170,4,0,17,0,0,1,1,1,1781741191
2026-06-18T00:09:20Z,1171,12,4,11,0,0,1,1,1,1781739561
2026-06-18T00:09:20Z,1172,7,1,8,0,0,1,1,1,1781739943
2026-06-18T00:09:20Z,1173,9,3,10,0,0,1,1,1,1781740178
2026-06-18T00:09:20Z,1174,4,3,11,0,0,1,1,1,1781739881
2026-06-18T00:09:20Z,1175,6,3,12,1,0,1,1,1,1781739951
2026-06-18T00:09:20Z,1176,15,1,5,1,0,1,1,1,1781740828
2026-06-18T00:09:20Z,1177,11,3,10,0,0,1,1,1,1781741120
2026-06-18T00:09:20Z,1178,2,0,13,0,0,1,1,1,1781740143
2026-06-18T00:09:20Z,1181,15,0,0,0,0,1,1,1,1781740067
2026-06-18T00:09:20Z,1182,1,1,19,0,0,1,1,1,1781741357
2026-06-18T00:09:20Z,1183,1,0,35,1,0,1,1,1,1781741334
2026-06-18T00:09:20Z,1184,8,4,12,1,0,1,1,1,1781741334
2026-06-18T00:09:20Z,1185,7,1,8,6,0,1,1,1,1781739678
2026-06-18T00:09:20Z,1186,5,0,9,5,0,1,1,1,1781741222
2026-06-18T00:09:20Z,1190,10,5,11,0,0,1,1,1,1781740357
2026-06-18T00:09:20Z,1192,11,6,10,0,0,1,1,1,1781741272
2026-06-18T00:09:20Z,1193,6,4,7,0,0,1,1,1,1781740467
2026-06-18T00:09:20Z,1197,9,6,8,0,0,1,1,1,1781739817
2026-06-18T00:09:20Z,1198,10,7,11,0,0,1,1,1,1781739650
2026-06-18T00:09:20Z,1199,9,6,9,1,0,1,1,1,1781740964
2026-06-18T00:09:20Z,1209,0,0,3,0,0,0,1,1,1781706467
2026-06-18T00:09:20Z,1210,0,0,3,0,0,0,1,1,1781706409
2026-06-18T00:09:20Z,1211,0,0,3,0,0,0,1,1,1781706470
2026-06-18T00:09:20Z,1212,0,0,2,1,0,0,1,1,1781706574
2026-06-18T00:09:20Z,1213,0,0,3,0,0,0,1,1,1781707221
2026-06-18T00:09:20Z,1214,0,0,3,0,0,0,1,1,1781708001
2026-06-18T00:09:20Z,1215,0,0,3,0,0,0,1,1,1781707105
2026-06-18T00:14:20Z,1,0,0,23,0,0,1,1,1,1781741479
2026-06-18T00:14:20Z,2,15,6,11,1,0,1,1,1,1781741487
2026-06-18T00:14:20Z,3,19,7,0,0,0,1,1,1,1781741433
2026-06-18T00:14:20Z,4,13,0,10,0,0,1,1,1,1781741447
2026-06-18T00:14:20Z,5,2,0,20,1,0,1,1,1,1781741608
2026-06-18T00:14:20Z,6,8,1,7,0,0,1,1,1,1781741278
2026-06-18T00:14:20Z,7,20,0,3,0,0,1,1,1,1781741321
2026-06-18T00:14:20Z,8,42,4,1,0,0,1,1,1,1781741547
2026-06-18T00:14:20Z,9,8,1,15,0,0,1,1,1,1781741611
2026-06-18T00:14:20Z,10,9,7,11,3,0,1,1,1,1781741625
2026-06-18T00:14:20Z,11,0,0,19,0,0,1,1,1,1781741038
2026-06-18T00:14:20Z,12,0,0,23,0,0,1,1,1,1781740633
2026-06-18T00:14:20Z,13,14,0,17,0,0,1,1,1,1781741203
2026-06-18T00:14:20Z,14,42,0,1,0,0,1,1,1,1781741433
2026-06-18T00:14:20Z,15,14,1,0,1,0,1,1,1,1781740622
2026-06-18T00:14:20Z,16,6,1,18,3,0,1,1,1,1781740000
2026-06-18T00:14:20Z,17,21,1,4,2,0,1,1,1,1781741627
2026-06-18T00:14:20Z,18,17,0,1,1,0,1,1,1,1781739806
2026-06-18T00:14:20Z,19,10,1,17,0,0,1,1,1,1781741534
2026-06-18T00:14:20Z,20,24,1,3,0,0,1,1,1,1781741605
2026-06-18T00:14:20Z,21,17,0,0,2,0,1,1,1,1781741603
2026-06-18T00:14:20Z,22,8,1,58,0,0,1,1,1,1781741640
2026-06-18T00:14:20Z,23,15,0,16,0,0,1,1,1,1781741463
2026-06-18T00:14:20Z,24,8,2,1,2,0,1,1,1,1781741647
2026-06-18T00:14:20Z,25,73,1,7,1,0,1,1,1,1781741520
2026-06-18T00:14:20Z,26,0,0,27,0,0,1,1,1,1781741268
2026-06-18T00:14:20Z,28,5,2,8,2,0,1,1,1,1781740945
2026-06-18T00:14:20Z,30,4,0,23,2,0,1,1,1,1781741410
2026-06-18T00:14:20Z,31,18,1,0,1,0,1,1,1,1781741089
2026-06-18T00:14:20Z,32,2,2,25,0,0,1,1,1,1781741570
2026-06-18T00:14:20Z,34,32,3,4,1,0,1,1,1,1781741616
2026-06-18T00:14:20Z,35,44,0,1,2,0,1,1,1,1781741641
2026-06-18T00:14:20Z,36,0,0,0,0,0,0,1,1,86400
2026-06-18T00:14:20Z,37,6,2,16,1,0,1,1,1,1781741384
2026-06-18T00:14:20Z,38,3,0,20,0,0,1,1,1,1781741462
2026-06-18T00:14:20Z,39,4,2,27,0,0,1,1,1,1781741312
2026-06-18T00:14:20Z,40,2,0,19,0,0,1,1,1,1781741293
2026-06-18T00:14:20Z,41,0,0,26,1,0,1,1,1,1781738601
2026-06-18T00:14:20Z,42,11,3,19,1,0,1,1,1,1781741201
2026-06-18T00:14:20Z,43,21,7,1,1,0,1,1,1,1781741582
2026-06-18T00:14:20Z,45,0,0,31,0,0,1,1,1,1781738983
2026-06-18T00:14:20Z,46,3,0,28,0,0,1,1,1,1781741201
2026-06-18T00:14:20Z,47,5,0,10,0,0,1,1,1,1781741496
2026-06-18T00:14:20Z,48,12,1,15,0,0,1,1,1,1781741629
2026-06-18T00:14:20Z,49,1,0,18,4,0,1,1,1,1781741647
2026-06-18T00:14:20Z,50,5,3,14,0,0,1,1,1,1781741569
2026-06-18T00:14:20Z,51,39,0,40,0,0,1,1,1,1781740369
2026-06-18T00:14:20Z,52,25,1,0,2,0,1,1,1,1781741642
2026-06-18T00:14:20Z,55,0,0,21,2,0,1,1,1,1781741562
2026-06-18T00:14:20Z,56,0,0,27,0,0,1,1,1,1781741277
2026-06-18T00:14:20Z,57,0,0,25,2,0,1,1,1,1781740848
2026-06-18T00:14:20Z,58,0,0,27,1,0,1,1,1,1781741608
2026-06-18T00:14:20Z,59,1,0,24,2,0,1,1,1,1781741646
2026-06-18T00:14:20Z,61,1,1,37,1,0,1,1,1,1781741481
2026-06-18T00:14:20Z,62,20,14,27,2,0,1,1,1,1781741600
2026-06-18T00:14:20Z,63,1,1,17,1,0,1,1,1,1781740633
2026-06-18T00:14:20Z,64,9,0,6,4,0,1,1,1,1781740519
2026-06-18T00:14:20Z,65,7,3,10,2,0,1,1,1,1781741310
2026-06-18T00:14:20Z,67,23,0,16,0,0,1,1,1,1781741467
2026-06-18T00:14:20Z,68,6,1,30,0,0,1,1,1,1781741596
2026-06-18T00:14:20Z,69,13,0,2,0,0,1,1,1,1781741183
2026-06-18T00:14:20Z,71,18,2,9,0,0,1,1,1,1781741647
2026-06-18T00:14:20Z,72,2,2,27,2,0,1,1,1,1781741642
2026-06-18T00:14:20Z,73,0,0,23,0,0,1,1,1,1781740258
2026-06-18T00:14:20Z,74,8,3,10,0,1,1,1,1,1781741333
2026-06-18T00:14:20Z,75,0,0,34,1,0,1,1,1,1781739261
2026-06-18T00:14:20Z,76,0,0,19,0,0,1,1,1,1781740831
2026-06-18T00:14:20Z,77,14,0,12,1,0,1,1,1,1781741628
2026-06-18T00:14:20Z,78,7,1,16,0,0,1,1,1,1781741452
2026-06-18T00:14:20Z,79,1,0,15,1,0,1,1,1,1781741336
2026-06-18T00:14:20Z,80,15,1,7,0,1,1,1,1,1781741646
2026-06-18T00:14:20Z,81,2,0,20,1,0,1,1,1,1781741174
2026-06-18T00:14:20Z,82,1,1,20,2,0,1,1,1,1781741376
2026-06-18T00:14:20Z,83,5,1,28,1,0,1,1,1,1781741642
2026-06-18T00:14:20Z,84,8,2,18,1,0,1,1,1,1781741236
2026-06-18T00:14:20Z,85,3,1,16,0,0,1,1,1,1781741545
2026-06-18T00:14:20Z,86,0,0,27,0,0,1,1,1,1781740510
2026-06-18T00:14:20Z,87,0,0,19,0,0,1,1,1,1781737114
2026-06-18T00:14:20Z,88,27,1,0,3,1,1,1,1,1781741614
2026-06-18T00:14:20Z,89,1,0,34,0,0,1,1,1,1781741608
2026-06-18T00:14:20Z,90,2,1,15,2,0,1,1,1,1781741500
2026-06-18T00:14:20Z,91,16,1,0,1,0,1,1,1,1781737624
2026-06-18T00:14:20Z,92,10,0,8,1,0,1,1,1,1781741500
2026-06-18T00:14:20Z,93,9,0,14,0,0,1,1,1,1781741616
2026-06-18T00:14:20Z,94,3,0,16,0,0,1,1,1,1781741258
2026-06-18T00:14:20Z,95,28,1,4,2,0,1,1,1,1781741639
2026-06-18T00:14:20Z,96,28,7,3,0,0,1,1,1,1781741531
2026-06-18T00:14:20Z,97,9,1,8,0,0,1,1,1,1781741282
2026-06-18T00:14:20Z,98,32,3,2,1,0,1,1,1,1781740973
2026-06-18T00:14:20Z,99,6,1,9,0,0,1,1,1,1781741585
2026-06-18T00:14:20Z,100,13,0,13,1,0,1,1,1,1781741419
2026-06-18T00:14:20Z,101,6,1,8,1,0,1,1,1,1781741299
2026-06-18T00:14:20Z,102,7,2,15,1,0,1,1,1,1781741289
2026-06-18T00:14:20Z,103,27,1,1,4,0,1,1,1,1781741641
2026-06-18T00:14:20Z,104,14,1,12,1,0,1,1,1,1781741596
2026-06-18T00:14:20Z,105,5,0,14,0,0,1,1,1,1781740379
2026-06-18T00:14:20Z,106,19,1,0,2,0,1,1,1,1781741514
2026-06-18T00:14:20Z,107,27,1,9,1,0,1,1,1,1781741611
2026-06-18T00:14:20Z,108,30,0,2,3,0,1,1,1,1781741340
2026-06-18T00:14:20Z,109,6,1,17,0,0,1,1,1,1781741610
2026-06-18T00:14:20Z,110,20,1,3,0,0,1,1,1,1781741477
2026-06-18T00:14:20Z,111,35,0,0,1,0,1,1,1,1781741541
2026-06-18T00:14:20Z,112,9,1,8,2,0,1,1,1,1781741627
2026-06-18T00:14:20Z,113,17,2,2,0,0,1,1,1,1781741006
2026-06-18T00:14:20Z,114,0,0,31,0,0,1,1,1,1781737328
2026-06-18T00:14:20Z,115,2,2,19,4,1,1,1,1,1781741583
2026-06-18T00:14:20Z,116,8,2,18,0,1,1,1,1,1781741408
2026-06-18T00:14:20Z,118,11,4,12,0,0,1,1,1,1781740022
2026-06-18T00:14:20Z,119,10,4,27,2,0,1,1,1,1781741648
2026-06-18T00:14:20Z,120,2,1,23,2,0,1,1,1,1781741609
2026-06-18T00:14:20Z,121,4,1,13,2,0,1,1,1,1781741468
2026-06-18T00:14:20Z,122,18,2,1,2,0,1,1,1,1781741637
2026-06-18T00:14:20Z,123,3,2,44,0,0,1,1,1,1781740922
2026-06-18T00:14:20Z,124,13,0,14,0,0,1,1,1,1781741544
2026-06-18T00:14:20Z,125,0,0,22,1,0,1,1,1,1781741535
2026-06-18T00:14:20Z,126,6,2,25,0,0,1,1,1,1781741019
2026-06-18T00:14:20Z,127,0,0,30,1,0,1,1,1,1781741248
2026-06-18T00:14:20Z,128,4,4,12,3,0,1,1,1,1781741583
2026-06-18T00:14:20Z,129,3,2,15,1,0,1,1,1,1781740480
2026-06-18T00:14:20Z,130,9,2,7,1,0,1,1,1,1781741234
2026-06-18T00:14:20Z,131,2,1,9,0,0,1,1,1,1781741393
2026-06-18T00:14:20Z,132,0,0,12,3,0,1,1,1,1781738379
2026-06-18T00:14:20Z,133,4,1,19,0,0,1,1,1,1781741647
2026-06-18T00:14:20Z,134,5,3,16,0,0,1,1,1,1781741488
2026-06-18T00:14:20Z,135,1,0,18,0,0,1,1,1,1781741489
2026-06-18T00:14:20Z,136,13,0,9,0,0,1,1,1,1781741604
2026-06-18T00:14:20Z,137,1,0,18,0,0,1,1,1,1781741353
2026-06-18T00:14:20Z,138,14,4,23,0,0,1,1,1,1781741616
2026-06-18T00:14:20Z,139,5,5,14,0,0,1,1,1,1781741615
2026-06-18T00:14:20Z,140,8,2,14,1,0,1,1,1,1781741644
2026-06-18T00:14:20Z,141,18,5,4,0,0,1,1,1,1781741634
2026-06-18T00:14:20Z,142,13,4,6,0,0,1,1,1,1781740782
2026-06-18T00:14:20Z,143,15,0,15,1,0,1,1,1,1781741616
2026-06-18T00:14:20Z,144,17,4,10,0,0,1,1,1,1781741230
2026-06-18T00:14:20Z,145,19,4,10,2,0,1,1,1,1781741526
2026-06-18T00:14:20Z,146,15,4,8,0,0,1,1,1,1781741597
2026-06-18T00:14:20Z,147,2,2,15,2,0,1,1,1,1781741425
2026-06-18T00:14:20Z,148,8,2,17,2,0,1,1,1,1781741625
2026-06-18T00:14:20Z,149,3,1,15,1,0,1,1,1,1781741039
2026-06-18T00:14:20Z,150,33,3,0,2,0,1,1,1,1781739938
2026-06-18T00:14:20Z,151,12,0,9,2,0,1,1,1,1781741312
2026-06-18T00:14:20Z,152,1,0,0,15,11,1,1,1,1781741640
2026-06-18T00:14:20Z,153,7,1,13,3,0,1,1,1,1781741474
2026-06-18T00:14:20Z,154,4,0,17,2,0,1,1,1,1781741572
2026-06-18T00:14:20Z,155,7,1,3,5,0,1,1,1,1781741486
2026-06-18T00:14:20Z,156,10,0,8,1,0,1,1,1,1781741630
2026-06-18T00:14:20Z,157,6,0,20,1,0,1,1,1,1781741610
2026-06-18T00:14:20Z,158,3,0,15,1,0,1,1,1,1781741571
2026-06-18T00:14:20Z,159,2,0,17,0,0,1,1,1,1781741642
2026-06-18T00:14:20Z,160,7,0,10,2,0,1,1,1,1781741576
2026-06-18T00:14:20Z,161,2,0,16,3,1,1,1,1,1781741616
2026-06-18T00:14:20Z,162,3,2,23,1,0,1,1,1,1781741569
2026-06-18T00:14:20Z,163,13,3,18,0,0,1,1,1,1781741517
2026-06-18T00:14:20Z,164,20,3,7,0,0,1,1,1,1781741391
2026-06-18T00:14:20Z,165,11,8,20,0,0,1,1,1,1781741645
2026-06-18T00:14:20Z,166,32,3,6,0,0,1,1,1,1781741437
2026-06-18T00:14:20Z,167,10,5,11,1,1,1,1,1,1781741230
2026-06-18T00:14:20Z,168,12,0,15,0,0,1,1,1,1781741644
2026-06-18T00:14:20Z,169,16,1,2,5,0,1,1,1,1781741521
2026-06-18T00:14:20Z,170,0,0,18,1,0,1,1,1,1781741588
2026-06-18T00:14:20Z,171,5,3,7,1,0,1,1,1,1781740210
2026-06-18T00:14:20Z,173,29,4,8,0,0,1,1,1,1781741555
2026-06-18T00:14:20Z,174,15,2,9,1,0,1,1,1,1781741568
2026-06-18T00:14:20Z,175,30,0,1,0,0,1,1,1,1781741455
2026-06-18T00:14:20Z,176,7,4,6,1,1,1,1,1,1781741556
2026-06-18T00:14:20Z,177,25,3,2,0,0,1,1,1,1781741646
2026-06-18T00:14:20Z,178,10,1,0,5,0,1,1,1,1781741643
2026-06-18T00:14:20Z,179,10,2,5,0,0,1,1,1,1781741480
2026-06-18T00:14:20Z,180,0,0,29,1,0,1,1,1,1781738621
2026-06-18T00:14:20Z,181,7,7,7,0,1,1,1,1,1781741514
2026-06-18T00:14:20Z,182,7,3,12,0,0,1,1,1,1781741622
2026-06-18T00:14:20Z,183,16,11,5,2,0,1,1,1,1781741640
2026-06-18T00:14:20Z,184,17,9,5,1,0,1,1,1,1781741210
2026-06-18T00:14:20Z,185,4,1,7,3,1,1,1,1,1781741575
2026-06-18T00:14:20Z,186,1,0,18,0,0,1,1,1,1781741602
2026-06-18T00:14:20Z,187,10,0,17,2,0,1,1,1,1781741555
2026-06-18T00:14:20Z,188,11,2,13,3,0,1,1,1,1781741630
2026-06-18T00:14:20Z,189,6,3,9,0,0,1,1,1,1781741430
2026-06-18T00:14:20Z,190,1,0,21,1,0,1,1,1,1781741152
2026-06-18T00:14:20Z,191,1,1,35,2,1,1,1,1,1781741577
2026-06-18T00:14:20Z,192,21,7,9,1,0,1,1,1,1781741493
2026-06-18T00:14:20Z,193,5,3,9,1,0,1,1,1,1781741621
2026-06-18T00:14:20Z,194,1,0,14,0,0,1,1,1,1781741585
2026-06-18T00:14:20Z,195,1,1,18,0,0,1,1,1,1781741409
2026-06-18T00:14:20Z,196,5,4,20,2,0,1,1,1,1781741422
2026-06-18T00:14:20Z,197,2,0,16,1,0,1,1,1,1781741429
2026-06-18T00:14:20Z,198,0,0,22,0,0,1,1,1,1781741386
2026-06-18T00:14:20Z,199,1,1,12,2,0,1,1,1,1781741429
2026-06-18T00:14:20Z,200,6,6,19,1,0,1,1,1,1781741583
2026-06-18T00:14:20Z,201,3,1,20,0,0,1,1,1,1781741474
2026-06-18T00:14:20Z,202,4,0,22,0,0,1,1,1,1781741491
2026-06-18T00:14:20Z,203,28,4,2,1,0,1,1,1,1781741505
2026-06-18T00:14:20Z,204,20,6,15,0,0,1,1,1,1781741640
2026-06-18T00:14:20Z,205,0,0,27,0,0,1,1,1,1781740682
2026-06-18T00:14:20Z,206,2,0,9,3,1,1,1,1,1781741270
2026-06-18T00:14:20Z,207,21,0,0,0,0,1,1,1,1781740684
2026-06-18T00:14:20Z,208,2,1,25,2,0,1,1,1,1781741478
2026-06-18T00:14:20Z,209,16,1,15,0,0,1,1,1,1781741545
2026-06-18T00:14:20Z,210,7,7,19,1,0,1,1,1,1781741635
2026-06-18T00:14:20Z,211,1,1,22,0,0,1,1,1,1781741212
2026-06-18T00:14:20Z,212,34,1,1,0,0,1,1,1,1781741370
2026-06-18T00:14:20Z,213,0,0,23,0,0,1,1,1,1781740083
2026-06-18T00:14:20Z,214,14,12,29,4,0,1,1,1,1781741522
2026-06-18T00:14:20Z,215,13,2,9,1,0,1,1,1,1781741644
2026-06-18T00:14:20Z,216,15,3,4,0,0,1,1,1,1781741614
2026-06-18T00:14:20Z,217,27,8,0,2,0,1,1,1,1781741469
2026-06-18T00:14:20Z,218,25,14,9,5,0,1,1,1,1781741643
2026-06-18T00:14:20Z,219,10,0,16,0,0,1,1,1,1781741563
2026-06-18T00:14:20Z,220,7,5,35,1,0,1,1,1,1781741452
2026-06-18T00:14:20Z,221,4,2,9,1,0,1,1,1,1781741522
2026-06-18T00:14:20Z,222,6,2,13,0,0,1,1,1,1781741628
2026-06-18T00:14:20Z,223,0,0,33,2,0,1,1,1,1781741470
2026-06-18T00:14:20Z,224,2,2,20,0,0,1,1,1,1781741109
2026-06-18T00:14:20Z,225,6,1,13,0,0,1,1,1,1781741432
2026-06-18T00:14:20Z,226,1,0,28,1,1,1,1,1,1781741549
2026-06-18T00:14:20Z,227,3,3,24,0,0,1,1,1,1781741007
2026-06-18T00:14:20Z,228,2,1,17,0,0,1,1,1,1781741253
2026-06-18T00:14:20Z,230,5,5,18,0,0,1,1,1,1781741646
2026-06-18T00:14:20Z,232,4,1,13,2,0,1,1,1,1781741117
2026-06-18T00:14:20Z,233,23,2,8,0,0,1,1,1,1781741571
2026-06-18T00:14:20Z,234,0,0,18,1,0,1,1,1,1781741416
2026-06-18T00:14:20Z,236,1,0,17,1,0,1,1,1,1781741341
2026-06-18T00:14:20Z,237,2,0,21,0,0,1,1,1,1781741596
2026-06-18T00:14:20Z,239,4,1,22,1,0,1,1,1,1781741633
2026-06-18T00:14:20Z,241,3,2,19,1,0,1,1,1,1781741441
2026-06-18T00:14:20Z,242,2,1,16,5,0,1,1,1,1781741633
2026-06-18T00:14:20Z,243,25,24,5,1,0,1,1,1,1781741516
2026-06-18T00:14:20Z,244,7,4,20,0,0,1,1,1,1781740889
2026-06-18T00:14:20Z,245,4,0,18,1,0,1,1,1,1781741341
2026-06-18T00:14:20Z,246,1,0,22,0,0,1,1,1,1781741363
2026-06-18T00:14:20Z,247,1,1,20,2,0,1,1,1,1781739728
2026-06-18T00:14:20Z,248,7,7,12,4,0,1,1,1,1781741642
2026-06-18T00:14:20Z,249,2,0,16,1,0,1,1,1,1781741470
2026-06-18T00:14:20Z,250,0,0,26,1,0,1,1,1,1781741525
2026-06-18T00:14:20Z,251,14,8,13,0,0,1,1,1,1781741481
2026-06-18T00:14:20Z,253,4,3,12,3,0,1,1,1,1781741493
2026-06-18T00:14:20Z,254,6,5,31,6,0,1,1,1,1781741580
2026-06-18T00:14:20Z,255,1,0,22,0,0,1,1,1,1781741139
2026-06-18T00:14:20Z,256,1,0,20,2,0,1,1,1,1781741489
2026-06-18T00:14:20Z,257,10,5,8,1,0,1,1,1,1781741250
2026-06-18T00:14:20Z,258,1,0,14,4,0,1,1,1,1781741306
2026-06-18T00:14:20Z,259,3,3,20,0,0,1,1,1,1781741239
2026-06-18T00:14:20Z,260,7,4,10,2,0,1,1,1,1781741532
2026-06-18T00:14:20Z,261,7,0,10,2,0,1,1,1,1781741608
2026-06-18T00:14:20Z,262,15,5,7,1,0,1,1,1,1781741576
2026-06-18T00:14:20Z,263,4,0,10,1,0,1,1,1,1781741465
2026-06-18T00:14:20Z,264,1,0,18,0,0,1,1,1,1781741397
2026-06-18T00:14:20Z,265,14,1,1,0,0,1,1,1,1781740893
2026-06-18T00:14:20Z,266,2,1,17,0,0,1,1,1,1781738913
2026-06-18T00:14:20Z,267,3,0,9,3,0,1,1,1,1781736504
2026-06-18T00:14:20Z,268,2,2,18,3,0,1,1,1,1781741401
2026-06-18T00:14:20Z,269,3,1,18,2,0,1,1,1,1781741496
2026-06-18T00:14:20Z,270,22,1,5,0,0,1,1,1,1781741505
2026-06-18T00:14:20Z,271,1,0,17,1,0,1,1,1,1781741108
2026-06-18T00:14:20Z,272,5,2,17,1,0,1,1,1,1781741431
2026-06-18T00:14:20Z,273,11,2,4,0,0,1,1,1,1781741469
2026-06-18T00:14:20Z,274,2,0,16,1,0,1,1,1,1781741549
2026-06-18T00:14:20Z,275,9,1,13,1,0,1,1,1,1781740908
2026-06-18T00:14:20Z,276,5,2,21,0,1,1,1,1,1781740193
2026-06-18T00:14:20Z,277,6,5,14,3,0,1,1,1,1781741258
2026-06-18T00:14:20Z,278,26,1,5,0,0,1,1,1,1781741240
2026-06-18T00:14:20Z,279,1,1,18,0,0,1,1,1,1781741143
2026-06-18T00:14:20Z,280,12,0,17,2,0,1,1,1,1781741532
2026-06-18T00:14:20Z,281,4,0,18,1,0,1,1,1,1781741506
2026-06-18T00:14:20Z,282,4,0,12,0,0,1,1,1,1781740304
2026-06-18T00:14:20Z,283,32,2,3,0,0,1,1,1,1781741373
2026-06-18T00:14:20Z,284,6,1,29,0,0,1,1,1,1781741382
2026-06-18T00:14:20Z,285,0,0,23,0,0,1,1,1,1781739583
2026-06-18T00:14:20Z,286,0,0,23,0,0,1,1,1,1781741449
2026-06-18T00:14:20Z,287,16,0,5,2,0,1,1,1,1781739992
2026-06-18T00:14:20Z,288,10,7,9,0,0,1,1,1,1781741369
2026-06-18T00:14:20Z,289,3,2,20,4,0,1,1,1,1781741173
2026-06-18T00:14:20Z,290,7,0,29,3,0,1,1,1,1781741619
2026-06-18T00:14:20Z,291,6,0,17,0,0,1,1,1,1781741482
2026-06-18T00:14:20Z,292,8,3,15,0,0,1,1,1,1781741645
2026-06-18T00:14:20Z,293,11,4,12,0,0,1,1,1,1781739959
2026-06-18T00:14:20Z,294,0,0,19,3,0,1,1,1,1781741626
2026-06-18T00:14:20Z,297,18,1,0,1,0,1,1,1,1781741192
2026-06-18T00:14:20Z,301,10,1,8,1,0,1,1,1,1781741538
2026-06-18T00:14:20Z,302,23,2,0,0,0,1,1,1,1781740151
2026-06-18T00:14:20Z,303,18,2,1,0,0,1,1,1,1781740904
2026-06-18T00:14:20Z,304,0,0,0,0,0,0,1,1,86400
2026-06-18T00:14:20Z,305,12,0,7,0,0,1,1,1,1781740178
2026-06-18T00:14:20Z,306,22,0,10,0,0,1,1,1,1781741561
2026-06-18T00:14:20Z,307,22,1,0,1,0,1,1,1,1781741648
2026-06-18T00:14:20Z,308,9,1,7,3,0,1,1,1,1781740839
2026-06-18T00:14:20Z,309,3,1,7,3,1,1,1,1,1781741648
2026-06-18T00:14:20Z,311,5,0,10,0,0,1,1,1,1781741119
2026-06-18T00:14:20Z,312,7,2,15,1,0,1,1,1,1781740160
2026-06-18T00:14:20Z,313,6,0,8,1,0,1,1,1,1781741349
2026-06-18T00:14:20Z,314,2,1,15,2,0,1,1,1,1781741536
2026-06-18T00:14:20Z,315,3,2,28,0,0,1,1,1,1781741423
2026-06-18T00:14:20Z,316,10,2,2,3,0,1,1,1,1781741589
2026-06-18T00:14:20Z,317,1,1,27,2,1,1,1,1,1781741445
2026-06-18T00:14:20Z,318,12,0,5,0,0,1,1,1,1781739315
2026-06-18T00:14:20Z,319,6,1,19,2,0,1,1,1,1781741526
2026-06-18T00:14:20Z,320,5,0,14,0,0,1,1,1,1781740976
2026-06-18T00:14:20Z,321,9,1,10,0,0,1,1,1,1781737270
2026-06-18T00:14:20Z,322,28,0,1,0,0,1,1,1,1781741299
2026-06-18T00:14:20Z,323,12,0,6,1,0,1,1,1,1781741546
2026-06-18T00:14:20Z,324,23,0,3,1,0,1,1,1,1781741647
2026-06-18T00:14:20Z,325,0,0,25,2,0,1,1,1,1781740323
2026-06-18T00:14:20Z,327,13,0,12,0,2,1,1,1,1781741608
2026-06-18T00:14:20Z,328,10,1,12,1,0,1,1,1,1781741643
2026-06-18T00:14:20Z,329,18,1,1,0,0,1,1,1,1781738208
2026-06-18T00:14:20Z,330,14,1,8,0,0,1,1,1,1781741618
2026-06-18T00:14:20Z,331,3,0,19,1,0,1,1,1,1781740529
2026-06-18T00:14:20Z,332,0,0,18,1,0,1,1,1,1781741456
2026-06-18T00:14:20Z,333,3,0,20,0,0,1,1,1,1781741531
2026-06-18T00:14:20Z,334,6,3,15,2,0,1,1,1,1781741025
2026-06-18T00:14:20Z,335,2,0,20,0,1,1,1,1,1781741219
2026-06-18T00:14:20Z,336,2,1,17,0,0,1,1,1,1781741362
2026-06-18T00:14:20Z,337,2,1,17,4,0,1,1,1,1781741620
2026-06-18T00:14:20Z,338,5,1,14,0,0,1,1,1,1781740747
2026-06-18T00:14:20Z,339,7,4,15,1,0,1,1,1,1781741537
2026-06-18T00:14:20Z,340,6,2,8,1,0,1,1,1,1781741456
2026-06-18T00:14:20Z,341,3,1,14,2,0,1,1,1,1781741555
2026-06-18T00:14:20Z,342,4,1,11,0,0,1,1,1,1781740938
2026-06-18T00:14:20Z,343,2,2,20,1,0,1,1,1,1781741321
2026-06-18T00:14:20Z,344,2,1,21,0,0,1,1,1,1781741321
2026-06-18T00:14:20Z,345,3,0,15,1,0,1,1,1,1781741610
2026-06-18T00:14:20Z,346,2,2,21,0,0,1,1,1,1781740162
2026-06-18T00:14:20Z,347,5,1,41,1,0,1,1,1,1781741648
2026-06-18T00:14:20Z,348,1,0,22,0,0,1,1,1,1781740238
2026-06-18T00:14:20Z,349,1,0,17,1,0,1,1,1,1781741630
2026-06-18T00:14:20Z,350,5,1,20,2,0,1,1,1,1781741420
2026-06-18T00:14:20Z,351,20,1,2,1,0,1,1,1,1781741512
2026-06-18T00:14:20Z,355,14,4,9,0,0,1,1,1,1781740944
2026-06-18T00:14:20Z,356,0,0,16,3,0,1,1,1,1781739514
2026-06-18T00:14:20Z,357,14,14,5,0,0,1,1,1,1781741072
2026-06-18T00:14:20Z,358,8,4,19,0,0,1,1,1,1781741528
2026-06-18T00:14:20Z,359,7,0,16,4,0,1,1,1,1781741597
2026-06-18T00:14:20Z,360,6,3,12,1,0,1,1,1,1781740908
2026-06-18T00:14:20Z,362,8,1,7,4,0,1,1,1,1781741511
2026-06-18T00:14:20Z,363,22,0,1,2,1,1,1,1,1781741380
2026-06-18T00:14:20Z,364,1,1,17,0,1,1,1,1,1781741563
2026-06-18T00:14:20Z,365,12,8,10,1,0,1,1,1,1781740688
2026-06-18T00:14:20Z,366,7,5,16,0,0,1,1,1,1781740853
2026-06-18T00:14:20Z,367,0,0,19,0,0,1,1,1,1781741611
2026-06-18T00:14:20Z,368,0,0,23,0,0,1,1,1,1781741086
2026-06-18T00:14:20Z,370,4,4,22,1,0,1,1,1,1781741145
2026-06-18T00:14:20Z,371,1,0,17,1,0,1,1,1,1781740693
2026-06-18T00:14:20Z,372,7,0,8,0,0,1,1,1,1781741467
2026-06-18T00:14:20Z,373,1,0,24,1,0,1,1,1,1781741455
2026-06-18T00:14:20Z,374,17,3,0,0,0,1,1,1,1781741468
2026-06-18T00:14:20Z,375,5,1,21,1,0,1,1,1,1781741588
2026-06-18T00:14:20Z,376,5,1,34,0,0,1,1,1,1781741330
2026-06-18T00:14:20Z,377,5,0,21,1,0,1,1,1,1781741486
2026-06-18T00:14:20Z,378,14,2,8,2,0,1,1,1,1781741504
2026-06-18T00:14:20Z,379,23,2,3,1,0,1,1,1,1781741281
2026-06-18T00:14:20Z,380,9,1,13,1,0,1,1,1,1781741598
2026-06-18T00:14:20Z,381,1,0,22,0,0,1,1,1,1781741436
2026-06-18T00:14:20Z,383,9,1,6,0,0,1,1,1,1781741240
2026-06-18T00:14:20Z,384,1,1,17,1,0,1,1,1,1781741310
2026-06-18T00:14:20Z,385,5,3,13,0,0,1,1,1,1781741464
2026-06-18T00:14:20Z,387,0,0,23,0,0,1,1,1,1781741499
2026-06-18T00:14:20Z,388,4,0,42,3,0,1,1,1,1781741641
2026-06-18T00:14:20Z,389,1,1,12,2,0,1,1,1,1781740736
2026-06-18T00:14:20Z,390,9,2,17,1,0,1,1,1,1781741545
2026-06-18T00:14:20Z,391,5,3,10,0,0,1,1,1,1781741319
2026-06-18T00:14:20Z,392,3,0,15,1,0,1,1,1,1781741625
2026-06-18T00:14:20Z,393,1,1,9,1,0,1,1,1,1781740601
2026-06-18T00:14:20Z,394,6,0,7,4,1,1,1,1,1781741343
2026-06-18T00:14:20Z,396,11,11,26,5,0,1,1,1,1781741614
2026-06-18T00:14:20Z,397,6,0,25,0,0,1,1,1,1781741484
2026-06-18T00:14:20Z,399,12,0,6,0,1,1,1,1,1781741508
2026-06-18T00:14:20Z,400,9,0,12,2,0,1,1,1,1781741452
2026-06-18T00:14:20Z,401,8,3,23,0,0,1,1,1,1781741645
2026-06-18T00:14:20Z,403,0,0,26,4,1,1,1,1,1781741628
2026-06-18T00:14:20Z,404,21,1,2,0,0,1,1,1,1781741522
2026-06-18T00:14:20Z,406,24,2,6,5,0,1,1,1,1781741420
2026-06-18T00:14:20Z,407,10,1,23,1,0,1,1,1,1781740686
2026-06-18T00:14:20Z,408,3,0,27,3,0,1,1,1,1781741447
2026-06-18T00:14:20Z,409,4,0,18,1,0,1,1,1,1781741418
2026-06-18T00:14:20Z,413,2,0,21,0,0,1,1,1,1781741199
2026-06-18T00:14:20Z,414,14,1,1,0,0,1,1,1,1781741385
2026-06-18T00:14:20Z,417,17,7,2,0,0,1,1,1,1781741640
2026-06-18T00:14:20Z,418,5,4,8,2,0,1,1,1,1781740919
2026-06-18T00:14:20Z,419,0,0,23,0,0,1,1,1,1781737887
2026-06-18T00:14:20Z,421,14,3,5,0,0,1,1,1,1781740751
2026-06-18T00:14:20Z,422,2,2,25,0,0,1,1,1,1781740334
2026-06-18T00:14:20Z,423,19,0,3,0,1,1,1,1,1781741493
2026-06-18T00:14:20Z,424,3,1,11,1,0,1,1,1,1781740864
2026-06-18T00:14:20Z,425,1,0,20,1,0,1,1,1,1781741071
2026-06-18T00:14:20Z,426,5,0,28,4,0,1,1,1,1781741458
2026-06-18T00:14:20Z,427,12,2,0,2,1,1,1,1,1781741648
2026-06-18T00:14:20Z,428,12,2,6,1,0,1,1,1,1781741491
2026-06-18T00:14:20Z,429,5,3,11,7,0,1,1,1,1781741549
2026-06-18T00:14:20Z,430,18,0,10,3,0,1,1,1,1781741627
2026-06-18T00:14:20Z,431,7,0,22,2,2,1,1,1,1781741132
2026-06-18T00:14:20Z,432,23,1,8,0,0,1,1,1,1781741600
2026-06-18T00:14:20Z,433,12,3,10,1,0,1,1,1,1781741491
2026-06-18T00:14:20Z,437,4,4,14,1,0,1,1,1,1781741639
2026-06-18T00:14:20Z,438,3,0,13,2,1,1,1,1,1781741515
2026-06-18T00:14:20Z,439,6,2,9,0,0,1,1,1,1781740941
2026-06-18T00:14:20Z,440,2,1,13,0,0,1,1,1,1781741609
2026-06-18T00:14:20Z,441,11,3,4,0,0,1,1,1,1781741646
2026-06-18T00:14:20Z,442,2,1,16,1,0,1,1,1,1781740987
2026-06-18T00:14:20Z,443,9,0,17,1,0,1,1,1,1781727263
2026-06-18T00:14:20Z,444,4,3,19,0,0,1,1,1,1781738095
2026-06-18T00:14:20Z,445,3,3,17,3,0,1,1,1,1781734465
2026-06-18T00:14:20Z,446,8,0,14,1,0,1,1,1,1781739864
2026-06-18T00:14:20Z,447,12,1,8,3,0,1,1,1,1781736303
2026-06-18T00:14:20Z,448,0,0,14,0,1,1,1,1,1781739598
2026-06-18T00:14:20Z,452,6,5,12,1,0,1,1,1,1781741101
2026-06-18T00:14:20Z,453,4,1,10,1,0,1,1,1,1781741560
2026-06-18T00:14:20Z,454,17,0,0,1,1,1,1,1,1781739823
2026-06-18T00:14:20Z,455,0,0,38,0,1,1,1,1,1781741276
2026-06-18T00:14:20Z,456,19,0,2,2,0,1,1,1,1781741640
2026-06-18T00:14:20Z,457,1,0,24,2,0,1,1,1,1781741513
2026-06-18T00:14:20Z,458,11,2,11,1,0,1,1,1,1781741143
2026-06-18T00:14:20Z,459,5,0,10,0,0,1,1,1,1781741432
2026-06-18T00:14:20Z,460,18,1,2,3,0,1,1,1,1781741575
2026-06-18T00:14:20Z,461,4,0,11,3,1,1,1,1,1781741426
2026-06-18T00:14:20Z,462,9,0,10,2,0,1,1,1,1781741607
2026-06-18T00:14:20Z,463,16,2,2,1,0,1,1,1,1781741591
2026-06-18T00:14:20Z,464,11,1,2,1,0,1,1,1,1781740842
2026-06-18T00:14:20Z,465,1,1,13,1,0,1,1,1,1781741599
2026-06-18T00:14:20Z,466,7,0,4,4,0,1,1,1,1781741537
2026-06-18T00:14:20Z,467,4,2,10,1,0,1,1,1,1781741166
2026-06-18T00:14:20Z,468,4,0,15,0,0,1,1,1,1781737367
2026-06-18T00:14:20Z,469,13,3,9,1,0,1,1,1,1781739303
2026-06-18T00:14:20Z,470,12,3,3,0,0,1,1,1,1781736558
2026-06-18T00:14:20Z,471,0,0,26,1,0,1,1,1,1781738837
2026-06-18T00:14:20Z,472,10,4,9,0,0,1,1,1,1781738680
2026-06-18T00:14:20Z,473,8,1,11,0,0,1,1,1,1781741572
2026-06-18T00:14:20Z,474,18,0,1,0,0,1,1,1,1781739795
2026-06-18T00:14:20Z,475,14,5,5,0,0,1,1,1,1781741544
2026-06-18T00:14:20Z,476,15,0,6,2,0,1,1,1,1781741434
2026-06-18T00:14:20Z,477,0,0,13,2,0,1,1,1,1781740951
2026-06-18T00:14:20Z,478,27,3,2,2,0,1,1,1,1781741635
2026-06-18T00:14:20Z,479,15,1,6,5,1,1,1,1,1781741603
2026-06-18T00:14:20Z,480,5,0,8,2,0,1,1,1,1781741263
2026-06-18T00:14:20Z,481,32,0,1,2,0,1,1,1,1781741619
2026-06-18T00:14:20Z,482,1,1,17,1,0,1,1,1,1781741462
2026-06-18T00:14:20Z,483,9,0,17,1,0,1,1,1,1781741530
2026-06-18T00:14:20Z,484,8,1,10,1,0,1,1,1,1781741338
2026-06-18T00:14:20Z,485,11,0,6,2,0,1,1,1,1781741347
2026-06-18T00:14:20Z,486,16,1,11,0,0,1,1,1,1781740052
2026-06-18T00:14:20Z,487,3,2,16,0,0,1,1,1,1781741181
2026-06-18T00:14:20Z,489,4,1,9,2,0,1,1,1,1781741636
2026-06-18T00:14:20Z,490,5,0,8,3,0,1,1,1,1781740681
2026-06-18T00:14:20Z,491,6,0,13,2,0,1,1,1,1781741615
2026-06-18T00:14:20Z,492,4,1,6,1,0,1,1,1,1781741418
2026-06-18T00:14:20Z,493,0,0,27,0,0,1,1,1,1781738140
2026-06-18T00:14:20Z,495,9,1,5,1,0,1,1,1,1781741535
2026-06-18T00:14:20Z,496,12,2,15,0,0,1,1,1,1781741611
2026-06-18T00:14:20Z,497,2,2,17,0,0,1,1,1,1781741267
2026-06-18T00:14:20Z,498,13,8,10,0,0,1,1,1,1781741584
2026-06-18T00:14:20Z,499,17,2,1,1,0,1,1,1,1781740810
2026-06-18T00:14:20Z,500,2,2,10,3,0,1,1,1,1781741365
2026-06-18T00:14:20Z,501,7,4,13,1,0,1,1,1,1781741348
2026-06-18T00:14:20Z,502,2,2,17,0,0,1,1,1,1781740745
2026-06-18T00:14:20Z,503,3,0,28,0,0,1,1,1,1781741588
2026-06-18T00:14:20Z,504,1,0,38,0,0,1,1,1,1781741569
2026-06-18T00:14:20Z,505,4,1,14,0,0,1,1,1,1781741419
2026-06-18T00:14:20Z,511,1,1,22,0,0,1,1,1,1781741432
2026-06-18T00:14:20Z,512,17,0,1,1,0,1,1,1,1781741022
2026-06-18T00:14:20Z,514,8,7,2,1,0,1,1,1,1781741154
2026-06-18T00:14:20Z,515,6,0,8,5,0,1,1,1,1781740809
2026-06-18T00:14:20Z,516,5,1,22,0,0,1,1,1,1781741616
2026-06-18T00:14:20Z,517,5,0,18,0,0,1,1,1,1781741555
2026-06-18T00:14:20Z,518,8,0,5,2,0,1,1,1,1781741555
2026-06-18T00:14:20Z,519,13,3,5,1,0,1,1,1,1781741590
2026-06-18T00:14:20Z,520,15,6,10,2,0,1,1,1,1781741516
2026-06-18T00:14:20Z,521,3,1,20,0,0,1,1,1,1781741516
2026-06-18T00:14:20Z,522,2,0,21,0,0,1,1,1,1781741375
2026-06-18T00:14:20Z,523,1,0,22,0,0,1,1,1,1781741222
2026-06-18T00:14:20Z,524,2,1,21,0,0,1,1,1,1781741638
2026-06-18T00:14:20Z,525,7,0,12,0,0,1,1,1,1781741354
2026-06-18T00:14:20Z,526,7,3,7,1,0,1,1,1,1781740050
2026-06-18T00:14:20Z,527,0,0,24,2,0,1,1,1,1781741274
2026-06-18T00:14:20Z,528,12,0,10,1,0,1,1,1,1781741528
2026-06-18T00:14:20Z,529,2,0,15,2,0,1,1,1,1781741181
2026-06-18T00:14:20Z,530,17,4,3,1,0,1,1,1,1781740910
2026-06-18T00:14:20Z,531,8,1,13,1,1,1,1,1,1781741024
2026-06-18T00:14:20Z,532,13,11,27,2,1,1,1,1,1781741370
2026-06-18T00:14:20Z,533,4,0,14,1,0,1,1,1,1781739714
2026-06-18T00:14:20Z,534,1,0,22,0,0,1,1,1,1781740429
2026-06-18T00:14:20Z,535,2,0,11,2,0,1,1,1,1781741411
2026-06-18T00:14:20Z,536,15,2,7,1,0,1,1,1,1781741532
2026-06-18T00:14:20Z,537,7,1,14,0,0,1,1,1,1781741338
2026-06-18T00:14:20Z,538,4,2,13,2,0,1,1,1,1781741532
2026-06-18T00:14:20Z,539,2,2,15,2,0,1,1,1,1781741434
2026-06-18T00:14:20Z,540,1,1,18,0,0,1,1,1,1781740642
2026-06-18T00:14:20Z,541,22,4,5,0,0,1,1,1,1781741479
2026-06-18T00:14:20Z,542,0,0,23,0,0,1,1,1,1781741622
2026-06-18T00:14:20Z,543,2,1,14,3,0,1,1,1,1781741483
2026-06-18T00:14:20Z,544,0,0,24,1,0,1,1,1,1781741474
2026-06-18T00:14:20Z,545,17,7,0,2,0,1,1,1,1781741012
2026-06-18T00:14:20Z,546,0,0,19,0,0,1,1,1,1781741194
2026-06-18T00:14:20Z,547,2,0,20,0,0,1,1,1,1781741598
2026-06-18T00:14:20Z,548,16,1,5,2,0,1,1,1,1781741470
2026-06-18T00:14:20Z,549,16,4,5,2,0,1,1,1,1781741619
2026-06-18T00:14:20Z,550,0,0,19,0,0,1,1,1,1781739830
2026-06-18T00:14:20Z,551,6,0,17,0,0,1,1,1,1781739824
2026-06-18T00:14:20Z,552,10,1,17,0,0,1,1,1,1781741114
2026-06-18T00:14:20Z,553,14,1,9,0,0,1,1,1,1781741443
2026-06-18T00:14:20Z,554,0,0,17,2,0,1,1,1,1781739747
2026-06-18T00:14:20Z,555,8,2,5,2,0,1,1,1,1781741250
2026-06-18T00:14:20Z,556,14,4,9,0,0,1,1,1,1781741434
2026-06-18T00:14:20Z,557,0,0,23,0,0,0,1,1,1781719859
2026-06-18T00:14:20Z,558,5,5,31,1,0,1,1,1,1781741563
2026-06-18T00:14:20Z,559,0,0,18,1,0,1,1,1,1781741641
2026-06-18T00:14:20Z,560,8,0,19,0,0,1,1,1,1781741453
2026-06-18T00:14:20Z,561,10,0,12,1,0,1,1,1,1781740885
2026-06-18T00:14:20Z,562,6,0,27,2,0,1,1,1,1781738977
2026-06-18T00:14:20Z,563,9,1,5,0,0,1,1,1,1781741468
2026-06-18T00:14:20Z,564,11,0,7,1,0,1,1,1,1781741620
2026-06-18T00:14:20Z,565,16,2,1,2,0,1,1,1,1781741647
2026-06-18T00:14:20Z,566,14,1,3,2,0,1,1,1,1781741455
2026-06-18T00:14:20Z,567,26,1,1,0,0,1,1,1,1781741526
2026-06-18T00:14:20Z,568,14,1,5,0,0,1,1,1,1781741303
2026-06-18T00:14:20Z,569,19,3,0,0,0,1,1,1,1781740430
2026-06-18T00:14:20Z,570,18,1,1,0,0,1,1,1,1781740784
2026-06-18T00:14:20Z,571,6,2,17,0,0,1,1,1,1781741497
2026-06-18T00:14:20Z,572,14,2,5,0,0,1,1,1,1781741611
2026-06-18T00:14:20Z,573,3,1,12,0,0,1,1,1,1781741638
2026-06-18T00:14:20Z,574,4,4,10,1,0,1,1,1,1781741633
2026-06-18T00:14:20Z,575,5,2,15,1,0,1,1,1,1781741606
2026-06-18T00:14:20Z,576,1,0,18,0,0,1,1,1,1781741608
2026-06-18T00:14:20Z,577,12,0,19,0,0,1,1,1,1781741518
2026-06-18T00:14:20Z,578,3,1,19,1,0,1,1,1,1781741229
2026-06-18T00:14:20Z,579,43,5,0,0,0,1,1,1,1781741004
2026-06-18T00:14:20Z,580,17,4,13,1,0,1,1,1,1781741584
2026-06-18T00:14:20Z,581,12,1,5,2,0,1,1,1,1781741602
2026-06-18T00:14:20Z,582,41,1,17,2,1,1,1,1,1781741607
2026-06-18T00:14:20Z,583,8,0,14,1,0,1,1,1,1781741633
2026-06-18T00:14:20Z,584,0,0,18,1,0,1,1,1,1781740050
2026-06-18T00:14:20Z,585,6,1,21,0,0,1,1,1,1781739591
2026-06-18T00:14:20Z,586,2,0,33,0,0,1,1,1,1781741552
2026-06-18T00:14:20Z,587,16,1,8,3,0,1,1,1,1781741640
2026-06-18T00:14:20Z,588,13,4,5,1,0,1,1,1,1781741627
2026-06-18T00:14:20Z,589,19,3,2,2,0,1,1,1,1781741351
2026-06-18T00:14:20Z,590,3,0,28,0,0,1,1,1,1781741545
2026-06-18T00:14:20Z,591,9,5,12,1,0,1,1,1,1781740993
2026-06-18T00:14:20Z,592,3,1,20,0,0,1,1,1,1781741580
2026-06-18T00:14:20Z,593,28,0,11,0,0,1,1,1,1781741513
2026-06-18T00:14:20Z,594,19,0,2,0,0,1,1,1,1781741071
2026-06-18T00:14:20Z,595,0,0,3,0,0,0,1,1,1779985765
2026-06-18T00:14:20Z,605,0,0,3,0,0,0,1,1,1780413752
2026-06-18T00:14:20Z,606,0,0,3,0,0,0,1,1,1781723852
2026-06-18T00:14:20Z,607,30,3,1,2,0,1,1,1,1781741315
2026-06-18T00:14:20Z,608,1,1,52,1,0,1,1,1,1781741629
2026-06-18T00:14:20Z,609,1,1,20,2,0,1,1,1,1781741251
2026-06-18T00:14:20Z,610,24,0,10,1,0,1,1,1,1781741640
2026-06-18T00:14:20Z,611,25,1,1,1,0,1,1,1,1781741619
2026-06-18T00:14:20Z,612,3,0,11,1,0,1,1,1,1781735572
2026-06-18T00:14:20Z,613,6,2,7,1,0,1,1,1,1781741438
2026-06-18T00:14:20Z,614,1,1,22,3,1,1,1,1,1781741372
2026-06-18T00:14:20Z,617,9,0,4,2,0,1,1,1,1781741137
2026-06-18T00:14:20Z,618,13,1,5,1,0,1,1,1,1781740870
2026-06-18T00:14:20Z,619,3,3,16,0,0,1,1,1,1781741499
2026-06-18T00:14:20Z,620,0,0,23,0,0,1,1,1,1781739112
2026-06-18T00:14:20Z,621,22,7,1,0,0,1,1,1,1781741538
2026-06-18T00:14:20Z,622,2,1,19,2,0,1,1,1,1781739013
2026-06-18T00:14:20Z,623,1,1,28,1,0,1,1,1,1781741036
2026-06-18T00:14:20Z,624,0,0,12,3,0,1,1,1,1781739311
2026-06-18T00:14:20Z,625,7,2,13,1,0,1,1,1,1781741313
2026-06-18T00:14:20Z,626,0,0,44,0,2,1,1,1,1781740318
2026-06-18T00:14:20Z,627,15,2,4,0,0,1,1,1,1781738614
2026-06-18T00:14:20Z,628,5,5,13,0,1,1,1,1,1781741526
2026-06-18T00:14:20Z,629,7,5,3,1,0,1,1,1,1781741266
2026-06-18T00:14:20Z,630,5,0,19,3,0,1,1,1,1781739431
2026-06-18T00:14:20Z,631,0,0,23,0,0,1,1,1,1781740606
2026-06-18T00:14:20Z,632,3,0,18,2,0,1,1,1,1781741614
2026-06-18T00:14:20Z,633,3,0,8,3,1,1,1,1,1781740535
2026-06-18T00:14:20Z,634,6,0,10,3,0,1,1,1,1781741636
2026-06-18T00:14:20Z,635,14,0,5,0,0,1,1,1,1781741591
2026-06-18T00:14:20Z,636,5,2,10,0,0,1,1,1,1781739434
2026-06-18T00:14:20Z,637,7,3,9,3,0,1,1,1,1781734708
2026-06-18T00:14:20Z,638,4,0,14,1,0,1,1,1,1781741334
2026-06-18T00:14:20Z,639,3,1,10,4,2,1,1,1,1781741644
2026-06-18T00:14:20Z,640,0,0,22,1,0,1,1,1,1781740822
2026-06-18T00:14:20Z,641,9,0,17,1,0,1,1,1,1781741577
2026-06-18T00:14:20Z,642,5,2,13,1,0,1,1,1,1781741581
2026-06-18T00:14:20Z,643,0,0,26,1,0,1,1,1,1781739824
2026-06-18T00:14:20Z,644,1,1,13,0,1,1,1,1,1781738741
2026-06-18T00:14:20Z,645,7,0,13,2,1,1,1,1,1781740953
2026-06-18T00:14:20Z,646,9,0,7,3,0,1,1,1,1781738236
2026-06-18T00:14:20Z,647,3,1,26,2,0,1,1,1,1781741641
2026-06-18T00:14:20Z,648,7,2,11,1,0,1,1,1,1781740793
2026-06-18T00:14:20Z,649,4,3,26,1,0,1,1,1,1781741459
2026-06-18T00:14:20Z,650,13,3,5,1,0,1,1,1,1781739116
2026-06-18T00:14:20Z,651,3,1,19,1,0,1,1,1,1781741306
2026-06-18T00:14:20Z,652,2,2,19,1,1,1,1,1,1781741640
2026-06-18T00:14:20Z,653,0,0,17,2,0,1,1,1,1781741220
2026-06-18T00:14:20Z,654,0,0,15,0,0,1,1,1,1781741444
2026-06-18T00:14:20Z,655,3,3,12,0,0,1,1,1,1781737672
2026-06-18T00:14:20Z,656,1,1,17,1,0,1,1,1,1781741076
2026-06-18T00:14:20Z,657,3,2,10,4,0,1,1,1,1781741530
2026-06-18T00:14:20Z,658,2,0,20,1,0,1,1,1,1781741648
2026-06-18T00:14:20Z,659,6,6,8,1,0,1,1,1,1781741178
2026-06-18T00:14:20Z,660,0,0,31,0,0,1,1,1,1781741241
2026-06-18T00:14:20Z,661,0,0,19,0,0,1,1,1,1781741268
2026-06-18T00:14:20Z,662,11,9,8,4,0,1,1,1,1781741418
2026-06-18T00:14:20Z,663,3,2,12,0,0,1,1,1,1781741624
2026-06-18T00:14:20Z,664,2,0,25,0,0,1,1,1,1781740970
2026-06-18T00:14:20Z,665,8,1,7,0,0,1,1,1,1781740698
2026-06-18T00:14:20Z,666,13,7,0,2,0,1,1,1,1781740066
2026-06-18T00:14:20Z,667,14,5,5,0,0,1,1,1,1781741412
2026-06-18T00:14:20Z,668,14,2,3,2,0,1,1,1,1781741542
2026-06-18T00:14:20Z,669,9,5,4,1,0,1,1,1,1781740797
2026-06-18T00:14:20Z,670,20,3,6,1,0,1,1,1,1781741637
2026-06-18T00:14:20Z,671,2,0,25,0,0,1,1,1,1781741376
2026-06-18T00:14:20Z,672,17,1,3,3,0,1,1,1,1781740509
2026-06-18T00:14:20Z,673,11,1,12,0,0,1,1,1,1781741242
2026-06-18T00:14:20Z,674,2,0,21,0,0,1,1,1,1781740921
2026-06-18T00:14:20Z,675,8,3,6,0,1,1,1,1,1781741342
2026-06-18T00:14:20Z,676,12,0,10,0,1,1,1,1,1781741048
2026-06-18T00:14:20Z,681,5,3,6,4,0,1,1,1,1781741634
2026-06-18T00:14:20Z,682,8,4,7,4,0,1,1,1,1781701179
2026-06-18T00:14:20Z,683,4,0,13,2,0,1,1,1,1781735114
2026-06-18T00:14:20Z,684,9,1,17,1,0,1,1,1,1781741127
2026-06-18T00:14:20Z,685,6,0,20,0,1,1,1,1,1781740418
2026-06-18T00:14:20Z,686,7,1,19,1,0,1,1,1,1781735860
2026-06-18T00:14:20Z,687,8,2,22,0,1,1,1,1,1781739214
2026-06-18T00:14:20Z,688,17,4,2,0,0,1,1,1,1781738610
2026-06-18T00:14:20Z,692,0,0,21,0,0,1,1,1,1781741258
2026-06-18T00:14:20Z,693,3,2,7,1,0,1,1,1,1781741146
2026-06-18T00:14:20Z,694,4,1,16,1,0,1,1,1,1781741553
2026-06-18T00:14:20Z,695,10,5,12,1,0,1,1,1,1781740354
2026-06-18T00:14:20Z,696,4,0,17,2,0,1,1,1,1781741574
2026-06-18T00:14:20Z,697,22,5,0,1,0,1,1,1,1781741136
2026-06-18T00:14:20Z,698,27,1,0,0,0,1,1,1,1781741284
2026-06-18T00:14:20Z,699,3,0,12,0,0,1,1,1,1781740825
2026-06-18T00:14:20Z,700,12,1,6,1,0,1,1,1,1781741606
2026-06-18T00:14:20Z,701,7,0,11,1,0,1,1,1,1781740919
2026-06-18T00:14:20Z,702,4,2,18,1,0,1,1,1,1781740948
2026-06-18T00:14:20Z,703,17,3,4,2,0,1,1,1,1781741211
2026-06-18T00:14:20Z,704,10,0,4,1,0,1,1,1,1781740866
2026-06-18T00:14:20Z,705,2,1,11,2,0,1,1,1,1781740440
2026-06-18T00:14:20Z,706,7,2,7,1,0,1,1,1,1781741533
2026-06-18T00:14:20Z,707,13,2,1,1,0,1,1,1,1781741353
2026-06-18T00:14:20Z,708,17,2,2,0,0,1,1,1,1781741454
2026-06-18T00:14:20Z,709,9,2,3,3,0,1,1,1,1781740773
2026-06-18T00:14:20Z,710,17,0,1,1,0,1,1,1,1781740432
2026-06-18T00:14:20Z,711,3,3,13,3,0,1,1,1,1781741430
2026-06-18T00:14:20Z,712,3,2,9,3,0,1,1,1,1781741622
2026-06-18T00:14:20Z,713,12,5,11,0,0,1,1,1,1781741097
2026-06-18T00:14:20Z,716,2,0,9,4,0,1,1,1,1781741261
2026-06-18T00:14:20Z,717,9,2,12,4,0,1,1,1,1781741172
2026-06-18T00:14:20Z,718,0,0,15,0,0,1,1,1,1781739928
2026-06-18T00:14:20Z,719,13,0,16,0,0,1,1,1,1781740314
2026-06-18T00:14:20Z,720,1,0,17,1,0,1,1,1,1781740294
2026-06-18T00:14:20Z,721,3,0,17,3,0,1,1,1,1781741405
2026-06-18T00:14:20Z,722,4,1,11,0,0,1,1,1,1781741413
2026-06-18T00:14:20Z,723,6,0,16,1,0,1,1,1,1781741049
2026-06-18T00:14:20Z,724,10,6,12,1,0,1,1,1,1781741565
2026-06-18T00:14:20Z,725,23,4,0,0,0,1,1,1,1781741129
2026-06-18T00:14:20Z,726,14,1,4,1,0,1,1,1,1781741596
2026-06-18T00:14:20Z,727,12,8,11,0,0,1,1,1,1781741518
2026-06-18T00:14:20Z,728,3,1,8,4,0,1,1,1,1781740249
2026-06-18T00:14:20Z,729,10,0,8,1,0,1,1,1,1781741553
2026-06-18T00:14:20Z,730,4,3,11,0,0,1,1,1,1781739894
2026-06-18T00:14:20Z,731,6,0,9,0,0,1,1,1,1781740339
2026-06-18T00:14:20Z,732,11,1,4,0,0,1,1,1,1781740668
2026-06-18T00:14:20Z,733,25,0,0,2,0,1,1,1,1781741345
2026-06-18T00:14:20Z,734,0,0,14,0,0,1,1,1,1781740967
2026-06-18T00:14:20Z,735,1,1,18,0,0,1,1,1,1781741335
2026-06-18T00:14:20Z,736,1,0,15,3,0,1,1,1,1781741522
2026-06-18T00:14:20Z,737,3,1,12,0,0,1,1,1,1781741407
2026-06-18T00:14:20Z,738,8,0,10,1,0,1,1,1,1781740858
2026-06-18T00:14:20Z,739,12,3,14,1,0,1,1,1,1781740753
2026-06-18T00:14:20Z,741,13,1,10,0,0,1,1,1,1781740426
2026-06-18T00:14:20Z,742,37,4,1,1,0,1,1,1,1781741624
2026-06-18T00:14:20Z,743,0,0,19,0,0,1,1,1,1781740666
2026-06-18T00:14:20Z,744,2,2,13,0,0,1,1,1,1781740640
2026-06-18T00:14:20Z,745,2,0,17,0,0,1,1,1,1781740686
2026-06-18T00:14:20Z,746,21,1,2,0,0,1,1,1,1781740541
2026-06-18T00:14:20Z,747,16,1,3,0,0,1,1,1,1781740786
2026-06-18T00:14:20Z,748,14,5,8,1,0,1,1,1,1781740450
2026-06-18T00:14:20Z,749,8,1,14,1,0,1,1,1,1781741566
2026-06-18T00:14:20Z,750,3,0,7,1,0,1,1,1,1781741487
2026-06-18T00:14:20Z,751,0,0,22,1,0,1,1,1,1781741557
2026-06-18T00:14:20Z,752,1,1,14,2,0,1,1,1,1781741477
2026-06-18T00:14:20Z,753,14,0,0,1,0,1,1,1,1781741464
2026-06-18T00:14:20Z,754,2,2,13,0,0,1,1,1,1781741361
2026-06-18T00:14:20Z,755,9,2,10,0,0,1,1,1,1781741618
2026-06-18T00:14:20Z,756,0,0,37,0,0,1,1,1,1781741520
2026-06-18T00:14:20Z,757,5,2,14,0,0,1,1,1,1781741576
2026-06-18T00:14:20Z,758,1,1,21,1,0,1,1,1,1781741628
2026-06-18T00:14:20Z,759,4,1,9,2,0,1,1,1,1781740868
2026-06-18T00:14:20Z,760,16,0,2,1,0,1,1,1,1781741119
2026-06-18T00:14:20Z,761,9,2,14,0,0,1,1,1,1781741611
2026-06-18T00:14:20Z,762,6,1,8,1,0,1,1,1,1781741003
2026-06-18T00:14:20Z,768,2,0,13,4,0,1,1,1,1781741004
2026-06-18T00:14:20Z,769,15,4,1,3,0,1,1,1,1781741618
2026-06-18T00:14:20Z,770,9,4,10,0,0,1,1,1,1781740596
2026-06-18T00:14:20Z,771,1,0,14,0,0,1,1,1,1781740262
2026-06-18T00:14:20Z,772,8,2,7,0,0,1,1,1,1781741492
2026-06-18T00:14:20Z,773,3,2,13,3,0,1,1,1,1781741622
2026-06-18T00:14:20Z,774,4,1,10,1,0,1,1,1,1781741559
2026-06-18T00:14:20Z,775,1,0,17,1,0,1,1,1,1781741480
2026-06-18T00:14:20Z,776,2,0,17,2,0,1,1,1,1781740216
2026-06-18T00:14:20Z,777,11,6,3,1,0,1,1,1,1781740877
2026-06-18T00:14:20Z,778,5,0,12,2,0,1,1,1,1781740753
2026-06-18T00:14:20Z,779,7,4,11,1,0,1,1,1,1781741642
2026-06-18T00:14:20Z,780,8,2,9,2,0,1,1,1,1781741630
2026-06-18T00:14:20Z,781,2,2,7,2,0,1,1,1,1781741047
2026-06-18T00:14:20Z,782,4,4,15,0,0,1,1,1,1781741605
2026-06-18T00:14:20Z,783,1,0,17,1,0,1,1,1,1781737773
2026-06-18T00:14:20Z,784,12,1,6,1,0,1,1,1,1781740294
2026-06-18T00:14:20Z,785,10,2,2,2,0,1,1,1,1781739915
2026-06-18T00:14:20Z,786,3,3,15,1,0,1,1,1,1781731918
2026-06-18T00:14:20Z,787,8,1,7,0,0,1,1,1,1781739994
2026-06-18T00:14:20Z,788,8,2,7,0,0,1,1,1,1781741413
2026-06-18T00:14:20Z,789,8,0,6,1,0,1,1,1,1781741573
2026-06-18T00:14:20Z,790,6,2,16,1,0,1,1,1,1781740696
2026-06-18T00:14:20Z,791,3,2,16,0,0,1,1,1,1781741418
2026-06-18T00:14:20Z,793,1,1,14,0,0,1,1,1,1781740569
2026-06-18T00:14:20Z,794,1,1,28,0,0,1,1,1,1781740289
2026-06-18T00:14:20Z,796,7,0,10,2,0,1,1,1,1781741442
2026-06-18T00:14:20Z,797,13,0,1,1,0,1,1,1,1781740905
2026-06-18T00:14:20Z,798,22,1,3,0,0,1,1,1,1781741402
2026-06-18T00:14:20Z,799,1,1,17,1,0,1,1,1,1781741056
2026-06-18T00:14:20Z,800,3,1,17,1,0,1,1,1,1781741303
2026-06-18T00:14:20Z,801,1,0,20,0,0,1,1,1,1781741053
2026-06-18T00:14:20Z,802,4,0,25,2,0,1,1,1,1781740709
2026-06-18T00:14:20Z,803,9,1,5,1,0,1,1,1,1781740760
2026-06-18T00:14:20Z,806,1,0,14,0,0,1,1,1,1781741376
2026-06-18T00:14:20Z,807,1,1,22,2,0,1,1,1,1781741328
2026-06-18T00:14:20Z,808,3,1,20,2,0,1,1,1,1781741410
2026-06-18T00:14:20Z,809,7,1,16,0,0,1,1,1,1781741148
2026-06-18T00:14:20Z,810,6,4,13,0,0,1,1,1,1781740724
2026-06-18T00:14:20Z,815,7,2,7,1,0,1,1,1,1781741573
2026-06-18T00:14:20Z,817,7,0,6,2,0,1,1,1,1781741599
2026-06-18T00:14:20Z,818,5,1,13,5,0,1,1,1,1781740877
2026-06-18T00:14:20Z,819,4,2,10,1,0,1,1,1,1781739899
2026-06-18T00:14:20Z,820,3,1,14,0,0,1,1,1,1781740541
2026-06-18T00:14:20Z,821,5,1,10,0,0,1,1,1,1781740576
2026-06-18T00:14:20Z,822,1,0,22,0,0,1,1,1,1781741402
2026-06-18T00:14:20Z,823,14,4,1,0,0,1,1,1,1781741647
2026-06-18T00:14:20Z,824,12,11,7,0,0,1,1,1,1781740982
2026-06-18T00:14:20Z,825,2,1,13,0,0,1,1,1,1781734941
2026-06-18T00:14:20Z,826,4,0,15,0,0,1,1,1,1781740693
2026-06-18T00:14:20Z,827,13,4,8,0,0,1,1,1,1781741218
2026-06-18T00:14:20Z,828,1,0,16,1,0,1,1,1,1781741470
2026-06-18T00:14:20Z,829,3,2,24,0,0,1,1,1,1781734461
2026-06-18T00:14:20Z,830,3,0,20,0,0,1,1,1,1781741044
2026-06-18T00:14:20Z,831,9,8,5,1,0,1,1,1,1781741507
2026-06-18T00:14:20Z,832,8,6,8,2,0,1,1,1,1781740535
2026-06-18T00:14:20Z,833,7,2,12,0,0,1,1,1,1781741141
2026-06-18T00:14:20Z,834,17,9,6,1,0,1,1,1,1781741643
2026-06-18T00:14:20Z,835,3,0,15,0,0,1,1,1,1781741569
2026-06-18T00:14:20Z,837,6,1,9,0,0,1,1,1,1781741265
2026-06-18T00:14:20Z,838,1,1,13,1,0,1,1,1,1781741491
2026-06-18T00:14:20Z,839,27,0,1,1,0,1,1,1,1781741567
2026-06-18T00:14:20Z,840,2,1,22,5,0,1,1,1,1781741008
2026-06-18T00:14:20Z,841,2,0,12,1,0,1,1,1,1781740506
2026-06-18T00:14:20Z,842,6,1,17,0,0,1,1,1,1781741328
2026-06-18T00:14:20Z,843,7,5,23,1,0,1,1,1,1781740404
2026-06-18T00:14:20Z,844,15,6,8,0,0,1,1,1,1781741595
2026-06-18T00:14:20Z,845,2,0,17,0,0,1,1,1,1781740128
2026-06-18T00:14:20Z,846,8,2,10,0,1,1,1,1,1781740015
2026-06-18T00:14:20Z,847,15,4,10,2,0,1,1,1,1781741357
2026-06-18T00:14:20Z,848,3,1,16,0,0,1,1,1,1781741085
2026-06-18T00:14:20Z,849,5,3,5,6,0,1,1,1,1781741613
2026-06-18T00:14:20Z,850,5,2,6,0,0,1,1,1,1781741592
2026-06-18T00:14:20Z,851,0,0,35,2,0,1,1,1,1781741640
2026-06-18T00:14:20Z,852,10,0,8,1,0,1,1,1,1781741586
2026-06-18T00:14:20Z,853,2,0,20,1,0,1,1,1,1781740396
2026-06-18T00:14:20Z,854,8,0,7,0,0,1,1,1,1781739181
2026-06-18T00:14:20Z,855,15,0,11,1,0,1,1,1,1781740863
2026-06-18T00:14:20Z,857,0,0,19,0,0,1,1,1,1781741579
2026-06-18T00:14:20Z,858,0,0,18,1,0,1,1,1,1781740303
2026-06-18T00:14:20Z,859,8,1,13,0,0,1,1,1,1781741005
2026-06-18T00:14:20Z,861,2,0,9,0,0,1,1,1,1781741595
2026-06-18T00:14:20Z,862,0,0,15,0,0,1,1,1,1781741576
2026-06-18T00:14:20Z,863,7,1,12,0,0,1,1,1,1781741352
2026-06-18T00:14:20Z,866,8,2,9,2,0,1,1,1,1781740622
2026-06-18T00:14:20Z,867,8,1,6,1,0,1,1,1,1781741116
2026-06-18T00:14:20Z,868,11,4,3,1,0,1,1,1,1781740089
2026-06-18T00:14:20Z,870,7,0,5,3,0,1,1,1,1781741080
2026-06-18T00:14:20Z,871,7,0,4,0,0,1,1,1,1781741139
2026-06-18T00:14:20Z,872,11,2,3,1,0,1,1,1,1781740391
2026-06-18T00:14:20Z,873,0,0,32,1,0,1,1,1,1781740760
2026-06-18T00:14:20Z,874,10,1,5,0,0,1,1,1,1781741523
2026-06-18T00:14:20Z,875,12,2,3,0,0,1,1,1,1781739962
2026-06-18T00:14:20Z,877,12,6,6,1,0,1,1,1,1781741631
2026-06-18T00:14:20Z,878,0,0,19,0,0,1,1,1,1781741287
2026-06-18T00:14:20Z,879,4,1,13,2,0,1,1,1,1781740087
2026-06-18T00:14:20Z,880,2,1,20,1,0,1,1,1,1781740765
2026-06-18T00:14:20Z,881,9,0,9,1,0,1,1,1,1781741611
2026-06-18T00:14:20Z,882,11,5,8,0,0,1,1,1,1781740774
2026-06-18T00:14:20Z,883,0,0,18,1,0,0,1,1,1781529111
2026-06-18T00:14:20Z,884,11,6,10,0,0,1,1,1,1781705947
2026-06-18T00:14:20Z,885,0,0,19,0,0,1,1,1,1781732630
2026-06-18T00:14:20Z,886,3,1,23,3,0,1,1,1,1781741512
2026-06-18T00:14:20Z,887,5,3,11,1,0,1,1,1,1781741384
2026-06-18T00:14:20Z,888,40,5,0,1,0,1,1,1,1781741565
2026-06-18T00:14:20Z,889,10,0,9,0,0,1,1,1,1781741591
2026-06-18T00:14:20Z,890,2,1,13,0,0,1,1,1,1781688127
2026-06-18T00:14:20Z,891,9,1,13,1,0,1,1,1,1781740914
2026-06-18T00:14:20Z,892,10,1,4,1,0,1,1,1,1781740763
2026-06-18T00:14:20Z,895,15,0,3,1,0,1,1,1,1781741044
2026-06-18T00:14:20Z,896,2,0,32,1,0,1,1,1,1781741445
2026-06-18T00:14:20Z,897,13,1,7,1,0,1,1,1,1781740515
2026-06-18T00:14:20Z,898,10,2,9,0,0,1,1,1,1781740256
2026-06-18T00:14:20Z,899,18,1,1,0,0,1,1,1,1781741505
2026-06-18T00:14:20Z,900,21,2,5,1,0,1,1,1,1781741548
2026-06-18T00:14:20Z,901,8,4,9,2,0,1,1,1,1781741568
2026-06-18T00:14:20Z,902,2,0,13,0,0,1,1,1,1781741647
2026-06-18T00:14:20Z,903,4,0,15,0,0,1,1,1,1781740058
2026-06-18T00:14:20Z,904,14,3,3,2,0,1,1,1,1781741320
2026-06-18T00:14:20Z,905,0,0,27,0,0,1,1,1,1781739964
2026-06-18T00:14:20Z,906,8,3,19,0,0,1,1,1,1781741580
2026-06-18T00:14:20Z,907,24,0,6,1,0,1,1,1,1781741640
2026-06-18T00:14:20Z,908,9,2,13,1,0,1,1,1,1781740922
2026-06-18T00:14:20Z,909,5,2,17,1,0,1,1,1,1781741599
2026-06-18T00:14:20Z,910,22,1,6,3,0,1,1,1,1781741548
2026-06-18T00:14:20Z,911,10,1,9,0,0,1,1,1,1781740065
2026-06-18T00:14:20Z,912,1,0,21,1,0,1,1,1,1781741636
2026-06-18T00:14:20Z,913,4,2,13,2,0,1,1,1,1781740686
2026-06-18T00:14:20Z,914,0,0,19,0,0,1,1,1,1781741410
2026-06-18T00:14:20Z,915,12,1,11,0,0,1,1,1,1781741530
2026-06-18T00:14:20Z,916,8,5,14,1,0,1,1,1,1781741347
2026-06-18T00:14:20Z,917,4,0,31,0,0,1,1,1,1781741197
2026-06-18T00:14:20Z,918,11,5,7,1,0,1,1,1,1781741492
2026-06-18T00:14:20Z,919,11,1,23,5,0,1,1,1,1781741564
2026-06-18T00:14:20Z,920,12,7,7,0,0,1,1,1,1781740484
2026-06-18T00:14:20Z,921,10,1,9,2,0,1,1,1,1781741603
2026-06-18T00:14:20Z,922,7,2,14,0,0,1,1,1,1781741259
2026-06-18T00:14:20Z,923,0,0,18,1,0,1,1,1,1781741507
2026-06-18T00:14:20Z,924,1,0,19,1,0,1,1,1,1781741009
2026-06-18T00:14:20Z,925,16,6,5,0,0,1,1,1,1781740268
2026-06-18T00:14:20Z,926,10,1,11,0,0,1,1,1,1781741075
2026-06-18T00:14:20Z,927,0,0,34,1,0,1,1,1,1781741140
2026-06-18T00:14:20Z,928,2,0,15,2,0,1,1,1,1781741609
2026-06-18T00:14:20Z,929,5,2,16,1,1,1,1,1,1781741605
2026-06-18T00:14:20Z,930,30,0,1,0,0,1,1,1,1781741162
2026-06-18T00:14:20Z,931,2,0,21,0,0,1,1,1,1781741502
2026-06-18T00:14:20Z,932,11,1,8,0,0,1,1,1,1781741459
2026-06-18T00:14:20Z,933,10,2,13,0,0,1,1,1,1781741554
2026-06-18T00:14:20Z,934,4,0,26,1,0,1,1,1,1781741447
2026-06-18T00:14:20Z,935,6,0,13,0,0,1,1,1,1781741159
2026-06-18T00:14:20Z,936,1,0,18,0,0,1,1,1,1781740603
2026-06-18T00:14:20Z,940,10,0,1,0,0,1,1,1,1781741066
2026-06-18T00:14:20Z,941,17,1,8,0,0,1,1,1,1781738569
2026-06-18T00:14:20Z,942,15,1,5,1,0,1,1,1,1781741473
2026-06-18T00:14:20Z,943,7,7,7,1,0,1,1,1,1781740038
2026-06-18T00:14:20Z,944,4,4,10,1,0,1,1,1,1781709152
2026-06-18T00:14:20Z,945,6,4,8,1,0,1,1,1,1781740208
2026-06-18T00:14:20Z,946,12,9,7,0,0,1,1,1,1781741111
2026-06-18T00:14:20Z,947,6,5,11,0,0,1,1,1,1781741226
2026-06-18T00:14:20Z,948,0,0,29,2,0,1,1,1,1781741623
2026-06-18T00:14:20Z,949,0,0,14,1,0,1,1,1,1781741234
2026-06-18T00:14:20Z,950,5,2,12,0,0,1,1,1,1781741598
2026-06-18T00:14:20Z,951,4,1,18,1,0,1,1,1,1781741322
2026-06-18T00:14:20Z,952,23,0,29,3,0,1,1,1,1781741167
2026-06-18T00:14:20Z,953,12,3,1,2,0,1,1,1,1781740642
2026-06-18T00:14:20Z,954,11,0,7,1,0,1,1,1,1781741209
2026-06-18T00:14:20Z,955,3,3,20,4,0,1,1,1,1781741214
2026-06-18T00:14:20Z,956,18,0,0,1,0,1,1,1,1781741410
2026-06-18T00:14:20Z,957,16,3,13,0,0,1,1,1,1781741632
2026-06-18T00:14:20Z,958,29,1,2,0,0,1,1,1,1781741617
2026-06-18T00:14:20Z,959,4,2,16,3,0,1,1,1,1781741142
2026-06-18T00:14:20Z,960,10,4,9,4,0,1,1,1,1781741563
2026-06-18T00:14:20Z,961,6,1,16,1,0,1,1,1,1781741629
2026-06-18T00:14:20Z,962,0,0,29,6,0,1,1,1,1781741270
2026-06-18T00:14:20Z,963,2,0,21,0,0,1,1,1,1781740697
2026-06-18T00:14:20Z,964,9,3,12,2,0,1,1,1,1781741446
2026-06-18T00:14:20Z,965,25,4,0,2,0,1,1,1,1781741001
2026-06-18T00:14:20Z,966,29,4,1,1,0,1,1,1,1781741591
2026-06-18T00:14:20Z,967,15,0,5,1,0,1,1,1,1781741647
2026-06-18T00:14:20Z,968,19,0,0,0,0,1,1,1,1781741538
2026-06-18T00:14:20Z,969,7,5,19,1,0,1,1,1,1781741611
2026-06-18T00:14:20Z,970,6,1,12,1,0,1,1,1,1781741363
2026-06-18T00:14:20Z,971,16,1,6,1,0,1,1,1,1781741590
2026-06-18T00:14:20Z,972,14,3,8,1,0,1,1,1,1781741157
2026-06-18T00:14:20Z,973,1,1,20,2,0,1,1,1,1781741608
2026-06-18T00:14:20Z,974,0,0,27,0,0,1,1,1,1781740594
2026-06-18T00:14:20Z,977,0,0,20,1,0,1,1,1,1781741174
2026-06-18T00:14:20Z,978,18,7,3,2,0,1,1,1,1781740616
2026-06-18T00:14:20Z,979,3,1,13,1,0,1,1,1,1781740488
2026-06-18T00:14:20Z,980,0,0,21,0,0,1,1,1,1781741117
2026-06-18T00:14:20Z,981,2,0,19,0,0,1,1,1,1781741600
2026-06-18T00:14:20Z,982,7,1,11,1,0,1,1,1,1781741372
2026-06-18T00:14:20Z,983,5,4,18,0,0,1,1,1,1781740056
2026-06-18T00:14:20Z,984,15,2,8,0,0,1,1,1,1781741049
2026-06-18T00:14:20Z,985,2,1,29,0,0,1,1,1,1781741609
2026-06-18T00:14:20Z,986,12,3,7,0,0,1,1,1,1781740261
2026-06-18T00:14:20Z,987,4,0,19,0,0,1,1,1,1781741242
2026-06-18T00:14:20Z,988,11,2,7,1,0,1,1,1,1781741076
2026-06-18T00:14:20Z,989,10,6,7,2,0,1,1,1,1781740229
2026-06-18T00:14:20Z,990,3,1,12,0,0,1,1,1,1781741486
2026-06-18T00:14:20Z,991,13,5,5,1,0,1,1,1,1781740583
2026-06-18T00:14:20Z,992,4,1,19,0,0,1,1,1,1781740521
2026-06-18T00:14:20Z,993,1,0,25,1,0,1,1,1,1781740005
2026-06-18T00:14:20Z,994,4,3,16,1,0,1,1,1,1781740343
2026-06-18T00:14:20Z,995,14,5,12,1,0,1,1,1,1781741133
2026-06-18T00:14:20Z,996,8,2,13,2,0,1,1,1,1781740237
2026-06-18T00:14:20Z,997,16,8,7,0,0,1,1,1,1781740795
2026-06-18T00:14:20Z,998,5,2,18,0,0,1,1,1,1781741639
2026-06-18T00:14:20Z,999,11,1,7,2,1,1,1,1,1781740693
2026-06-18T00:14:20Z,1000,12,5,8,1,0,1,1,1,1781741531
2026-06-18T00:14:20Z,1001,7,0,20,0,0,1,1,1,1781739948
2026-06-18T00:14:20Z,1002,13,0,17,1,0,1,1,1,1781740659
2026-06-18T00:14:20Z,1003,7,0,15,1,0,1,1,1,1781741022
2026-06-18T00:14:20Z,1004,9,1,13,1,0,1,1,1,1781741169
2026-06-18T00:14:20Z,1005,12,0,10,1,0,1,1,1,1781741368
2026-06-18T00:14:20Z,1006,12,5,7,0,0,1,1,1,1781740771
2026-06-18T00:14:20Z,1007,8,4,13,0,0,1,1,1,1781741578
2026-06-18T00:14:20Z,1008,14,1,7,2,0,1,1,1,1781741478
2026-06-18T00:14:20Z,1009,12,3,19,0,0,1,1,1,1781741268
2026-06-18T00:14:20Z,1010,13,3,14,0,0,1,1,1,1781741020
2026-06-18T00:14:20Z,1011,5,4,13,1,0,1,1,1,1781741289
2026-06-18T00:14:20Z,1012,4,3,17,2,0,1,1,1,1781739872
2026-06-18T00:14:20Z,1013,6,0,15,2,0,1,1,1,1781740444
2026-06-18T00:14:20Z,1014,11,1,12,0,0,1,1,1,1781740391
2026-06-18T00:14:20Z,1015,5,3,26,0,0,1,1,1,1781741171
2026-06-18T00:14:20Z,1016,14,3,17,0,0,1,1,1,1781741543
2026-06-18T00:14:20Z,1017,8,0,12,1,0,1,1,1,1781741636
2026-06-18T00:14:20Z,1018,7,1,12,2,0,1,1,1,1781741631
2026-06-18T00:14:20Z,1019,8,4,4,3,0,1,1,1,1781741539
2026-06-18T00:14:20Z,1020,15,3,5,1,0,1,1,1,1781740681
2026-06-18T00:14:20Z,1021,3,1,12,0,0,1,1,1,1781741203
2026-06-18T00:14:20Z,1022,10,1,17,0,0,1,1,1,1781740947
2026-06-18T00:14:20Z,1023,7,0,16,0,0,1,1,1,1781741048
2026-06-18T00:14:20Z,1024,10,5,8,1,0,1,1,1,1781739973
2026-06-18T00:14:20Z,1025,15,0,4,0,0,1,1,1,1781740103
2026-06-18T00:14:20Z,1026,6,4,24,1,0,1,1,1,1781741208
2026-06-18T00:14:20Z,1028,12,1,11,0,0,1,1,1,1781740652
2026-06-18T00:14:20Z,1029,9,6,4,2,0,1,1,1,1781740460
2026-06-18T00:14:20Z,1030,9,3,14,0,0,1,1,1,1781740624
2026-06-18T00:14:20Z,1031,1,0,17,1,0,1,1,1,1781739881
2026-06-18T00:14:20Z,1032,9,2,9,1,0,1,1,1,1781740917
2026-06-18T00:14:20Z,1033,12,7,5,2,0,1,1,1,1781741339
2026-06-18T00:14:20Z,1034,1,0,14,0,0,1,1,1,1781739858
2026-06-18T00:14:20Z,1035,2,0,17,0,0,1,1,1,1781740122
2026-06-18T00:14:20Z,1036,13,1,2,0,0,1,1,1,1781740739
2026-06-18T00:14:20Z,1037,12,0,7,0,0,1,1,1,1781740482
2026-06-18T00:14:20Z,1038,5,0,10,0,0,1,1,1,1781740194
2026-06-18T00:14:20Z,1039,5,1,13,1,0,1,1,1,1781740142
2026-06-18T00:14:20Z,1040,9,1,9,1,0,1,1,1,1781740568
2026-06-18T00:14:20Z,1041,6,2,13,0,0,1,1,1,1781740293
2026-06-18T00:14:20Z,1042,5,0,10,0,0,1,1,1,1781739931
2026-06-18T00:14:20Z,1043,7,5,10,2,0,1,1,1,1781740523
2026-06-18T00:14:20Z,1044,2,0,13,0,0,1,1,1,1781741321
2026-06-18T00:14:20Z,1045,3,0,16,0,0,1,1,1,1781740108
2026-06-18T00:14:20Z,1046,7,0,5,3,0,1,1,1,1781740922
2026-06-18T00:14:20Z,1047,8,3,12,1,0,1,1,1,1781741378
2026-06-18T00:14:20Z,1048,16,2,3,0,0,1,1,1,1781740150
2026-06-18T00:14:20Z,1049,2,0,19,0,0,1,1,1,1781741383
2026-06-18T00:14:20Z,1050,4,0,15,2,0,1,1,1,1781740987
2026-06-18T00:14:20Z,1051,3,0,18,0,0,1,1,1,1781741111
2026-06-18T00:14:20Z,1052,4,1,18,0,0,1,1,1,1781739942
2026-06-18T00:14:20Z,1053,4,0,11,0,0,1,1,1,1781740202
2026-06-18T00:14:20Z,1054,6,3,9,0,0,1,1,1,1781740242
2026-06-18T00:14:20Z,1055,4,1,15,0,0,1,1,1,1781741133
2026-06-18T00:14:20Z,1057,4,1,15,0,0,1,1,1,1781741596
2026-06-18T00:14:20Z,1058,19,0,36,1,0,1,1,1,1781741591
2026-06-18T00:14:20Z,1059,2,2,16,1,0,1,1,1,1781741512
2026-06-18T00:14:20Z,1060,17,7,19,0,0,1,1,1,1781741567
2026-06-18T00:14:20Z,1061,17,1,18,2,0,1,1,1,1781741581
2026-06-18T00:14:20Z,1062,6,0,10,1,0,1,1,1,1781741311
2026-06-18T00:14:20Z,1063,12,1,4,3,0,1,1,1,1781740403
2026-06-18T00:14:20Z,1064,6,3,17,0,0,1,1,1,1781740470
2026-06-18T00:14:20Z,1065,10,3,12,1,0,1,1,1,1781741420
2026-06-18T00:14:20Z,1066,3,0,19,1,0,1,1,1,1781740838
2026-06-18T00:14:20Z,1067,14,0,6,3,0,1,1,1,1781740989
2026-06-18T00:14:20Z,1068,11,3,12,0,0,1,1,1,1781740980
2026-06-18T00:14:20Z,1069,4,1,19,0,0,1,1,1,1781741566
2026-06-18T00:14:20Z,1070,10,0,13,0,0,1,1,1,1781740609
2026-06-18T00:14:20Z,1071,8,1,15,0,0,1,1,1,1781740596
2026-06-18T00:14:20Z,1072,9,1,13,1,0,1,1,1,1781740751
2026-06-18T00:14:20Z,1073,6,1,21,0,0,1,1,1,1781741499
2026-06-18T00:14:20Z,1074,38,0,15,0,0,1,1,1,1781741600
2026-06-18T00:14:20Z,1075,12,7,7,2,0,1,1,1,1781740519
2026-06-18T00:14:20Z,1076,9,8,12,0,0,1,1,1,1781741316
2026-06-18T00:14:20Z,1077,10,8,11,0,0,1,1,1,1781740505
2026-06-18T00:14:20Z,1078,10,8,11,0,0,1,1,1,1781741115
2026-06-18T00:14:20Z,1079,10,8,11,0,0,1,1,1,1781740789
2026-06-18T00:14:20Z,1080,8,6,13,0,0,1,1,1,1781740587
2026-06-18T00:14:20Z,1081,11,8,8,0,0,1,1,1,1781740872
2026-06-18T00:14:20Z,1082,12,12,11,0,0,1,1,1,1781740983
2026-06-18T00:14:20Z,1083,11,8,10,0,0,1,1,1,1781740530
2026-06-18T00:14:20Z,1084,12,9,9,0,0,1,1,1,1781740800
2026-06-18T00:14:20Z,1085,13,9,8,0,0,1,1,1,1781741526
2026-06-18T00:14:20Z,1086,13,11,8,0,0,1,1,1,1781740292
2026-06-18T00:14:20Z,1087,6,6,9,0,0,1,1,1,1781740547
2026-06-18T00:14:20Z,1088,8,5,7,0,0,1,1,1,1781741409
2026-06-18T00:14:20Z,1089,8,7,7,0,0,1,1,1,1781740969
2026-06-18T00:14:20Z,1090,10,10,5,0,0,1,1,1,1781740958
2026-06-18T00:14:20Z,1091,9,7,6,0,0,1,1,1,1781740073
2026-06-18T00:14:20Z,1092,7,6,8,0,0,1,1,1,1781740822
2026-06-18T00:14:20Z,1093,10,8,5,0,0,1,1,1,1781740894
2026-06-18T00:14:20Z,1094,11,9,8,0,0,1,1,1,1781741438
2026-06-18T00:14:20Z,1095,10,8,5,0,0,1,1,1,1781740378
2026-06-18T00:14:20Z,1096,10,7,9,0,0,1,1,1,1781739871
2026-06-18T00:14:20Z,1097,9,7,6,0,0,1,1,1,1781740944
2026-06-18T00:14:20Z,1098,8,8,11,0,0,1,1,1,1781741084
2026-06-18T00:14:20Z,1099,4,4,11,0,0,1,1,1,1781741596
2026-06-18T00:14:20Z,1100,11,6,13,5,0,1,1,1,1781740263
2026-06-18T00:14:20Z,1101,11,5,10,0,0,1,1,1,1781741536
2026-06-18T00:14:20Z,1102,10,5,2,1,0,1,1,1,1781740734
2026-06-18T00:14:20Z,1103,9,5,11,1,0,1,1,1,1781741015
2026-06-18T00:14:20Z,1104,10,6,11,0,0,1,1,1,1781741523
2026-06-18T00:14:20Z,1105,8,3,5,0,0,1,1,1,1781740585
2026-06-18T00:14:20Z,1106,8,4,12,1,0,1,1,1,1781739993
2026-06-18T00:14:20Z,1107,10,5,5,0,0,1,1,1,1781739929
2026-06-18T00:14:20Z,1108,7,1,17,3,0,1,1,1,1781741366
2026-06-18T00:14:20Z,1109,10,8,5,0,0,1,1,1,1781740202
2026-06-18T00:14:20Z,1110,10,3,10,1,0,1,1,1,1781741565
2026-06-18T00:14:20Z,1111,12,4,8,1,0,1,1,1,1781740014
2026-06-18T00:14:20Z,1112,49,1,3,1,0,1,1,1,1781741422
2026-06-18T00:14:20Z,1113,9,2,12,0,0,1,1,1,1781741419
2026-06-18T00:14:20Z,1115,4,1,18,1,0,1,1,1,1781740639
2026-06-18T00:14:20Z,1116,0,0,19,0,0,1,1,1,1781740032
2026-06-18T00:14:20Z,1117,0,0,21,2,0,1,1,1,1781741237
2026-06-18T00:14:20Z,1118,19,0,0,2,0,1,1,1,1781740442
2026-06-18T00:14:20Z,1119,17,1,0,0,0,1,1,1,1781740586
2026-06-18T00:14:20Z,1120,17,5,2,0,0,1,1,1,1781741604
2026-06-18T00:14:20Z,1121,14,0,6,1,0,1,1,1,1781741488
2026-06-18T00:14:20Z,1122,4,3,14,3,0,1,1,1,1781741375
2026-06-18T00:14:20Z,1123,3,3,20,0,0,1,1,1,1781741555
2026-06-18T00:14:20Z,1124,11,0,3,1,0,1,1,1,1781740009
2026-06-18T00:14:20Z,1125,3,1,20,0,0,1,1,1,1781740355
2026-06-18T00:14:20Z,1126,3,0,16,0,2,1,1,1,1781741196
2026-06-18T00:14:20Z,1127,14,3,5,0,0,1,1,1,1781740124
2026-06-18T00:14:20Z,1128,13,3,2,0,0,1,1,1,1781741642
2026-06-18T00:14:20Z,1129,19,1,2,0,0,1,1,1,1781741304
2026-06-18T00:14:20Z,1130,3,1,10,2,0,1,1,1,1781741563
2026-06-18T00:14:20Z,1131,0,0,49,0,0,1,1,1,1781739924
2026-06-18T00:14:20Z,1132,2,0,19,0,0,1,1,1,1781740722
2026-06-18T00:14:20Z,1133,0,0,21,0,0,1,1,1,1781741303
2026-06-18T00:14:20Z,1134,10,5,9,0,0,1,1,1,1781740558
2026-06-18T00:14:20Z,1135,10,5,11,0,0,1,1,1,1781739951
2026-06-18T00:14:20Z,1136,21,0,2,0,0,1,1,1,1781741427
2026-06-18T00:14:20Z,1137,8,1,4,3,0,1,1,1,1781741641
2026-06-18T00:14:20Z,1138,19,2,0,0,0,1,1,1,1781741488
2026-06-18T00:14:20Z,1139,21,0,0,0,0,1,1,1,1781738994
2026-06-18T00:14:20Z,1140,18,8,2,3,0,1,1,1,1781741477
2026-06-18T00:14:20Z,1141,1,1,18,2,0,1,1,1,1781741410
2026-06-18T00:14:20Z,1142,11,0,10,0,0,1,1,1,1781740333
2026-06-18T00:14:20Z,1143,20,1,8,1,0,1,1,1,1781741604
2026-06-18T00:14:20Z,1144,7,0,14,0,0,1,1,1,1781741284
2026-06-18T00:14:20Z,1145,9,5,12,0,0,1,1,1,1781741567
2026-06-18T00:14:20Z,1146,5,0,8,5,1,1,1,1,1781741648
2026-06-18T00:14:20Z,1147,11,0,8,0,0,1,1,1,1781741313
2026-06-18T00:14:20Z,1148,16,1,15,0,0,1,1,1,1781741348
2026-06-18T00:14:20Z,1149,4,3,20,1,0,1,1,1,1781741601
2026-06-18T00:14:20Z,1150,9,1,10,0,0,1,1,1,1781740609
2026-06-18T00:14:20Z,1151,8,0,13,0,0,1,1,1,1781740932
2026-06-18T00:14:20Z,1152,3,0,26,0,0,1,1,1,1781741565
2026-06-18T00:14:20Z,1153,14,8,8,1,0,1,1,1,1781740637
2026-06-18T00:14:20Z,1154,9,0,7,3,0,1,1,1,1781739981
2026-06-18T00:14:20Z,1155,16,3,4,1,0,1,1,1,1781741637
2026-06-18T00:14:20Z,1158,9,2,9,1,0,1,1,1,1781740100
2026-06-18T00:14:20Z,1159,8,0,10,1,0,1,1,1,1781741321
2026-06-18T00:14:20Z,1160,4,0,15,0,0,1,1,1,1781740912
2026-06-18T00:14:20Z,1161,3,1,16,0,0,1,1,1,1781741530
2026-06-18T00:14:20Z,1162,6,0,13,0,0,1,1,1,1781741425
2026-06-18T00:14:20Z,1163,0,0,18,1,0,1,1,1,1781739847
2026-06-18T00:14:20Z,1164,7,1,11,1,0,1,1,1,1781740206
2026-06-18T00:14:20Z,1165,1,0,20,0,0,1,1,1,1781740546
2026-06-18T00:14:20Z,1166,3,0,17,1,0,1,1,1,1781741565
2026-06-18T00:14:20Z,1167,4,0,11,0,0,1,1,1,1781740159
2026-06-18T00:14:20Z,1168,5,0,18,0,0,1,1,1,1781740634
2026-06-18T00:14:20Z,1169,12,11,7,0,0,1,1,1,1781740966
2026-06-18T00:14:20Z,1170,4,0,17,0,0,1,1,1,1781741191
2026-06-18T00:14:20Z,1171,12,4,11,0,0,1,1,1,1781741378
2026-06-18T00:14:20Z,1172,7,1,8,0,0,1,1,1,1781739943
2026-06-18T00:14:20Z,1173,9,3,10,0,0,1,1,1,1781740178
2026-06-18T00:14:20Z,1174,4,3,11,0,0,1,1,1,1781739881
2026-06-18T00:14:20Z,1175,6,3,12,1,0,1,1,1,1781739951
2026-06-18T00:14:20Z,1176,15,1,5,1,0,1,1,1,1781740828
2026-06-18T00:14:20Z,1177,11,3,10,0,0,1,1,1,1781741120
2026-06-18T00:14:20Z,1178,2,0,13,0,0,1,1,1,1781740143
2026-06-18T00:14:20Z,1181,15,0,0,0,0,1,1,1,1781740067
2026-06-18T00:14:20Z,1182,2,1,18,0,0,1,1,1,1781741469
2026-06-18T00:14:20Z,1183,0,0,35,2,0,1,1,1,1781741618
2026-06-18T00:14:20Z,1184,8,4,12,1,0,1,1,1,1781741334
2026-06-18T00:14:20Z,1185,7,1,8,6,0,1,1,1,1781741494
2026-06-18T00:14:20Z,1186,5,0,9,5,0,1,1,1,1781741222
2026-06-18T00:14:20Z,1190,10,5,11,0,0,1,1,1,1781740357
2026-06-18T00:14:20Z,1192,11,6,10,0,0,1,1,1,1781741272
2026-06-18T00:14:20Z,1193,6,4,7,0,0,1,1,1,1781740467
2026-06-18T00:14:20Z,1197,9,6,8,0,0,1,1,1,1781741626
2026-06-18T00:14:20Z,1198,10,7,11,0,0,1,1,1,1781741461
2026-06-18T00:14:20Z,1199,9,6,9,1,0,1,1,1,1781740964
2026-06-18T00:14:20Z,1209,0,0,3,0,0,0,1,1,1781706467
2026-06-18T00:14:20Z,1210,0,0,3,0,0,0,1,1,1781706409
2026-06-18T00:14:20Z,1211,0,0,3,0,0,0,1,1,1781706470
2026-06-18T00:14:20Z,1212,0,0,2,1,0,0,1,1,1781706574
2026-06-18T00:14:20Z,1213,0,0,3,0,0,0,1,1,1781707221
2026-06-18T00:14:20Z,1214,0,0,3,0,0,0,1,1,1781708001
2026-06-18T00:14:20Z,1215,0,0,3,0,0,0,1,1,1781707105
2026-06-18T00:19:20Z,1,0,0,23,0,0,1,1,1,1781741479
2026-06-18T00:19:20Z,2,16,6,10,1,0,1,1,1,1781741869
2026-06-18T00:19:20Z,3,19,7,0,0,0,1,1,1,1781741433
2026-06-18T00:19:20Z,4,13,0,10,0,0,1,1,1,1781741447
2026-06-18T00:19:20Z,5,2,0,20,1,0,1,1,1,1781741923
2026-06-18T00:19:20Z,6,8,1,7,0,0,1,1,1,1781741278
2026-06-18T00:19:20Z,7,23,0,0,0,0,1,1,1,1781741947
2026-06-18T00:19:20Z,8,43,4,0,0,0,1,1,1,1781741827
2026-06-18T00:19:20Z,9,4,1,19,0,0,1,1,1,1781741748
2026-06-18T00:19:20Z,10,9,7,11,3,0,1,1,1,1781741807
2026-06-18T00:19:20Z,11,0,0,19,0,0,1,1,1,1781741038
2026-06-18T00:19:20Z,12,0,0,23,0,0,1,1,1,1781740633
2026-06-18T00:19:20Z,13,15,0,16,0,0,1,1,1,1781741909
2026-06-18T00:19:20Z,14,41,0,2,0,0,1,1,1,1781741736
2026-06-18T00:19:20Z,15,14,1,0,1,0,1,1,1,1781740622
2026-06-18T00:19:20Z,16,6,1,18,3,0,1,1,1,1781740000
2026-06-18T00:19:20Z,17,20,1,5,2,0,1,1,1,1781741902
2026-06-18T00:19:20Z,18,15,0,3,1,0,1,1,1,1781741921
2026-06-18T00:19:20Z,19,13,2,14,0,0,1,1,1,1781741878
2026-06-18T00:19:20Z,20,16,1,11,0,0,1,1,1,1781741943
2026-06-18T00:19:20Z,21,16,0,1,2,0,1,1,1,1781741735
2026-06-18T00:19:20Z,22,8,2,58,0,0,1,1,1,1781741949
2026-06-18T00:19:20Z,23,11,0,20,0,0,1,1,1,1781741857
2026-06-18T00:19:20Z,24,9,2,1,1,0,1,1,1,1781741670
2026-06-18T00:19:20Z,25,77,4,4,0,0,1,1,1,1781741948
2026-06-18T00:19:20Z,26,0,0,27,0,0,1,1,1,1781741268
2026-06-18T00:19:20Z,28,6,2,7,2,0,1,1,1,1781741873
2026-06-18T00:19:20Z,30,4,0,23,2,0,1,1,1,1781741410
2026-06-18T00:19:20Z,31,18,1,0,1,0,1,1,1,1781741089
2026-06-18T00:19:20Z,32,12,2,15,0,0,1,1,1,1781741938
2026-06-18T00:19:20Z,34,32,3,4,1,0,1,1,1,1781741923
2026-06-18T00:19:20Z,35,45,1,1,1,0,1,1,1,1781741900
2026-06-18T00:19:20Z,36,0,0,0,0,0,0,1,1,86400
2026-06-18T00:19:20Z,37,0,0,22,1,0,1,1,1,1781741929
2026-06-18T00:19:20Z,38,3,0,20,0,0,1,1,1,1781741462
2026-06-18T00:19:20Z,39,5,3,26,0,0,1,1,1,1781741861
2026-06-18T00:19:20Z,40,1,0,20,0,0,1,1,1,1781741716
2026-06-18T00:19:20Z,41,0,0,26,1,0,1,1,1,1781738601
2026-06-18T00:19:20Z,42,11,3,19,1,0,1,1,1,1781741714
2026-06-18T00:19:20Z,43,22,8,0,1,0,1,1,1,1781741942
2026-06-18T00:19:20Z,45,0,0,31,0,0,1,1,1,1781738983
2026-06-18T00:19:20Z,46,4,0,27,0,0,1,1,1,1781741815
2026-06-18T00:19:20Z,47,4,0,11,0,0,1,1,1,1781741835
2026-06-18T00:19:20Z,48,12,0,15,0,0,1,1,1,1781741887
2026-06-18T00:19:20Z,49,2,0,17,4,0,1,1,1,1781741948
2026-06-18T00:19:20Z,50,6,3,13,0,0,1,1,1,1781741780
2026-06-18T00:19:20Z,51,38,0,41,0,0,1,1,1,1781741828
2026-06-18T00:19:20Z,52,25,1,0,2,0,1,1,1,1781741943
2026-06-18T00:19:20Z,55,2,1,19,2,0,1,1,1,1781741938
2026-06-18T00:19:20Z,56,0,0,27,0,0,1,1,1,1781741277
2026-06-18T00:19:20Z,57,0,0,25,2,0,1,1,1,1781740848
2026-06-18T00:19:20Z,58,0,0,27,1,0,1,1,1,1781741888
2026-06-18T00:19:20Z,59,1,0,24,2,0,1,1,1,1781741946
2026-06-18T00:19:20Z,61,1,1,37,1,0,1,1,1,1781741481
2026-06-18T00:19:20Z,62,18,14,29,2,0,1,1,1,1781741939
2026-06-18T00:19:20Z,63,1,1,17,1,0,1,1,1,1781740633
2026-06-18T00:19:20Z,64,9,0,6,4,0,1,1,1,1781740519
2026-06-18T00:19:20Z,65,8,3,9,2,0,1,1,1,1781741755
2026-06-18T00:19:20Z,67,21,0,18,0,0,1,1,1,1781741831
2026-06-18T00:19:20Z,68,10,3,26,0,0,1,1,1,1781741948
2026-06-18T00:19:20Z,69,13,0,2,0,0,1,1,1,1781741183
2026-06-18T00:19:20Z,71,19,2,8,0,0,1,1,1,1781741909
2026-06-18T00:19:20Z,72,2,2,27,2,0,1,1,1,1781741892
2026-06-18T00:19:20Z,73,0,0,23,0,0,1,1,1,1781740258
2026-06-18T00:19:20Z,74,8,3,10,0,1,1,1,1,1781741333
2026-06-18T00:19:20Z,75,0,0,34,1,0,1,1,1,1781739261
2026-06-18T00:19:20Z,76,0,0,19,0,0,1,1,1,1781740831
2026-06-18T00:19:20Z,77,14,0,12,1,0,1,1,1,1781741914
2026-06-18T00:19:20Z,78,8,2,15,0,0,1,1,1,1781741833
2026-06-18T00:19:20Z,79,1,0,15,1,0,1,1,1,1781741336
2026-06-18T00:19:20Z,80,15,2,7,0,1,1,1,1,1781741780
2026-06-18T00:19:20Z,81,5,0,17,1,0,1,1,1,1781741950
2026-06-18T00:19:20Z,82,2,1,19,2,0,1,1,1,1781741927
2026-06-18T00:19:20Z,83,3,1,30,1,0,1,1,1,1781741902
2026-06-18T00:19:20Z,84,7,3,19,1,0,1,1,1,1781741934
2026-06-18T00:19:20Z,85,1,0,18,0,0,1,1,1,1781741940
2026-06-18T00:19:20Z,86,0,0,27,0,0,1,1,1,1781740510
2026-06-18T00:19:20Z,87,0,0,19,0,0,1,1,1,1781737114
2026-06-18T00:19:20Z,88,27,0,0,3,1,1,1,1,1781741946
2026-06-18T00:19:20Z,89,1,0,34,0,0,1,1,1,1781741608
2026-06-18T00:19:20Z,90,2,1,15,2,0,1,1,1,1781741500
2026-06-18T00:19:20Z,91,16,1,0,1,0,1,1,1,1781737624
2026-06-18T00:19:20Z,92,10,0,8,1,0,1,1,1,1781741815
2026-06-18T00:19:20Z,93,9,0,14,0,0,1,1,1,1781741616
2026-06-18T00:19:20Z,94,2,0,17,0,0,1,1,1,1781741746
2026-06-18T00:19:20Z,95,28,1,4,2,0,1,1,1,1781741950
2026-06-18T00:19:20Z,96,28,7,3,0,0,1,1,1,1781741928
2026-06-18T00:19:20Z,97,10,1,7,0,0,1,1,1,1781741678
2026-06-18T00:19:20Z,98,34,3,0,1,0,1,1,1,1781741793
2026-06-18T00:19:20Z,99,6,1,9,0,0,1,1,1,1781741585
2026-06-18T00:19:20Z,100,12,0,14,1,0,1,1,1,1781741797
2026-06-18T00:19:20Z,101,5,0,9,1,0,1,1,1,1781741809
2026-06-18T00:19:20Z,102,7,2,15,1,0,1,1,1,1781741289
2026-06-18T00:19:20Z,103,24,1,3,5,0,1,1,1,1781741827
2026-06-18T00:19:20Z,104,14,1,12,1,0,1,1,1,1781741910
2026-06-18T00:19:20Z,105,5,0,14,0,0,1,1,1,1781740379
2026-06-18T00:19:20Z,106,18,1,1,2,0,1,1,1,1781741890
2026-06-18T00:19:20Z,107,27,1,9,1,0,1,1,1,1781741611
2026-06-18T00:19:20Z,108,30,0,2,3,0,1,1,1,1781741932
2026-06-18T00:19:20Z,109,1,1,22,0,0,1,1,1,1781741865
2026-06-18T00:19:20Z,110,21,1,2,0,0,1,1,1,1781741915
2026-06-18T00:19:20Z,111,35,0,0,1,0,1,1,1,1781741541
2026-06-18T00:19:20Z,112,14,2,3,2,0,1,1,1,1781741946
2026-06-18T00:19:20Z,113,17,2,2,0,0,1,1,1,1781741661
2026-06-18T00:19:20Z,114,0,0,31,0,0,1,1,1,1781737328
2026-06-18T00:19:20Z,115,0,0,20,5,1,1,1,1,1781741772
2026-06-18T00:19:20Z,116,9,2,17,0,1,1,1,1,1781741790
2026-06-18T00:19:20Z,118,12,4,11,0,0,1,1,1,1781741732
2026-06-18T00:19:20Z,119,10,4,27,3,0,1,1,1,1781741944
2026-06-18T00:19:20Z,120,1,1,24,2,0,1,1,1,1781741893
2026-06-18T00:19:20Z,121,6,1,11,2,0,1,1,1,1781741700
2026-06-18T00:19:20Z,122,17,2,2,2,0,1,1,1,1781741788
2026-06-18T00:19:20Z,123,3,2,44,0,0,1,1,1,1781740922
2026-06-18T00:19:20Z,124,13,0,14,0,0,1,1,1,1781741544
2026-06-18T00:19:20Z,125,0,0,22,1,0,1,1,1,1781741535
2026-06-18T00:19:20Z,126,6,2,25,0,0,1,1,1,1781741019
2026-06-18T00:19:20Z,127,0,0,30,1,0,1,1,1,1781741248
2026-06-18T00:19:20Z,128,4,4,12,3,0,1,1,1,1781741583
2026-06-18T00:19:20Z,129,3,2,15,1,0,1,1,1,1781740480
2026-06-18T00:19:20Z,130,9,2,7,1,0,1,1,1,1781741234
2026-06-18T00:19:20Z,131,0,0,10,1,0,1,1,1,1781741817
2026-06-18T00:19:20Z,132,1,0,11,3,0,1,1,1,1781741729
2026-06-18T00:19:20Z,133,1,1,22,0,0,1,1,1,1781741813
2026-06-18T00:19:20Z,134,4,2,17,0,0,1,1,1,1781741813
2026-06-18T00:19:20Z,135,1,0,18,0,0,1,1,1,1781741489
2026-06-18T00:19:20Z,136,16,0,6,0,0,1,1,1,1781741762
2026-06-18T00:19:20Z,137,0,0,19,0,0,1,1,1,1781741754
2026-06-18T00:19:20Z,138,14,4,23,0,0,1,1,1,1781741616
2026-06-18T00:19:20Z,139,6,5,13,0,0,1,1,1,1781741690
2026-06-18T00:19:20Z,140,8,2,14,1,0,1,1,1,1781741799
2026-06-18T00:19:20Z,141,15,3,7,0,0,1,1,1,1781741901
2026-06-18T00:19:20Z,142,13,4,6,0,0,1,1,1,1781740782
2026-06-18T00:19:20Z,143,16,0,14,1,0,1,1,1,1781741719
2026-06-18T00:19:20Z,144,17,4,10,0,0,1,1,1,1781741230
2026-06-18T00:19:20Z,145,14,4,15,2,0,1,1,1,1781741944
2026-06-18T00:19:20Z,146,12,4,11,0,0,1,1,1,1781741900
2026-06-18T00:19:20Z,147,2,2,15,2,0,1,1,1,1781741742
2026-06-18T00:19:20Z,148,8,2,17,2,0,1,1,1,1781741888
2026-06-18T00:19:20Z,149,4,1,14,1,0,1,1,1,1781741863
2026-06-18T00:19:20Z,150,33,3,0,2,0,1,1,1,1781739938
2026-06-18T00:19:20Z,151,12,3,9,2,0,1,1,1,1781741930
2026-06-18T00:19:20Z,152,15,7,9,3,0,1,1,1,1781741908
2026-06-18T00:19:20Z,153,7,1,13,3,0,1,1,1,1781741789
2026-06-18T00:19:20Z,154,4,0,17,2,0,1,1,1,1781741931
2026-06-18T00:19:20Z,155,7,1,3,5,0,1,1,1,1781741690
2026-06-18T00:19:20Z,156,10,0,8,1,0,1,1,1,1781741916
2026-06-18T00:19:20Z,157,9,0,17,1,0,1,1,1,1781741934
2026-06-18T00:19:20Z,158,5,0,13,1,0,1,1,1,1781741928
2026-06-18T00:19:20Z,159,0,0,19,0,0,1,1,1,1781741839
2026-06-18T00:19:20Z,160,9,2,9,1,0,1,1,1,1781741946
2026-06-18T00:19:20Z,161,3,0,15,3,1,1,1,1,1781741925
2026-06-18T00:19:20Z,162,4,3,22,1,0,1,1,1,1781741942
2026-06-18T00:19:20Z,163,11,3,20,0,0,1,1,1,1781741800
2026-06-18T00:19:20Z,164,17,3,10,0,0,1,1,1,1781741944
2026-06-18T00:19:20Z,165,8,8,23,0,0,1,1,1,1781741908
2026-06-18T00:19:20Z,166,31,3,7,0,0,1,1,1,1781741720
2026-06-18T00:19:20Z,167,11,5,10,1,1,1,1,1,1781741899
2026-06-18T00:19:20Z,168,11,0,16,0,0,1,1,1,1781741926
2026-06-18T00:19:20Z,169,12,0,5,6,0,1,1,1,1781741896
2026-06-18T00:19:20Z,170,1,0,17,1,0,1,1,1,1781741867
2026-06-18T00:19:20Z,171,5,3,7,1,0,1,1,1,1781740210
2026-06-18T00:19:20Z,173,27,4,10,0,0,1,1,1,1781741948
2026-06-18T00:19:20Z,174,15,3,9,1,0,1,1,1,1781741753
2026-06-18T00:19:20Z,175,30,0,1,0,0,1,1,1,1781741455
2026-06-18T00:19:20Z,176,10,4,3,1,1,1,1,1,1781741828
2026-06-18T00:19:20Z,177,24,3,3,0,0,1,1,1,1781741942
2026-06-18T00:19:20Z,178,9,1,1,5,0,1,1,1,1781741946
2026-06-18T00:19:20Z,179,10,2,5,0,0,1,1,1,1781741791
2026-06-18T00:19:20Z,180,1,0,28,1,0,1,1,1,1781741772
2026-06-18T00:19:20Z,181,7,6,7,0,1,1,1,1,1781741941
2026-06-18T00:19:20Z,182,4,3,15,0,0,1,1,1,1781741877
2026-06-18T00:19:20Z,183,15,12,6,2,0,1,1,1,1781741911
2026-06-18T00:19:20Z,184,17,9,5,1,0,1,1,1,1781741210
2026-06-18T00:19:20Z,185,4,1,7,3,1,1,1,1,1781741575
2026-06-18T00:19:20Z,186,1,0,18,0,0,1,1,1,1781741602
2026-06-18T00:19:20Z,187,10,0,17,2,0,1,1,1,1781741870
2026-06-18T00:19:20Z,188,12,4,13,2,0,1,1,1,1781741876
2026-06-18T00:19:20Z,189,6,3,9,0,0,1,1,1,1781741430
2026-06-18T00:19:20Z,190,1,0,21,1,0,1,1,1,1781741152
2026-06-18T00:19:20Z,191,1,1,35,2,1,1,1,1,1781741892
2026-06-18T00:19:20Z,192,22,8,9,0,0,1,1,1,1781741788
2026-06-18T00:19:20Z,193,6,3,8,1,0,1,1,1,1781741883
2026-06-18T00:19:20Z,194,0,0,15,0,0,1,1,1,1781741916
2026-06-18T00:19:20Z,195,1,1,18,0,0,1,1,1,1781741409
2026-06-18T00:19:20Z,196,6,4,19,2,0,1,1,1,1781741931
2026-06-18T00:19:20Z,197,0,0,18,1,0,1,1,1,1781741816
2026-06-18T00:19:20Z,198,0,0,22,0,0,1,1,1,1781741386
2026-06-18T00:19:20Z,199,1,1,12,2,0,1,1,1,1781741429
2026-06-18T00:19:20Z,200,6,6,19,1,0,1,1,1,1781741583
2026-06-18T00:19:20Z,201,3,1,20,0,0,1,1,1,1781741474
2026-06-18T00:19:20Z,202,4,0,22,0,0,1,1,1,1781741491
2026-06-18T00:19:20Z,203,28,4,2,1,0,1,1,1,1781741664
2026-06-18T00:19:20Z,204,18,5,16,1,0,1,1,1,1781741938
2026-06-18T00:19:20Z,205,1,0,26,0,0,1,1,1,1781741943
2026-06-18T00:19:20Z,206,2,1,9,3,1,1,1,1,1781741875
2026-06-18T00:19:20Z,207,20,0,1,0,0,1,1,1,1781741801
2026-06-18T00:19:20Z,208,3,1,24,2,0,1,1,1,1781741868
2026-06-18T00:19:20Z,209,14,1,17,0,0,1,1,1,1781741887
2026-06-18T00:19:20Z,210,7,7,19,1,0,1,1,1,1781741635
2026-06-18T00:19:20Z,211,1,1,22,0,0,1,1,1,1781741212
2026-06-18T00:19:20Z,212,35,1,0,0,0,1,1,1,1781741650
2026-06-18T00:19:20Z,213,0,0,23,0,0,1,1,1,1781740083
2026-06-18T00:19:20Z,214,13,11,30,4,0,1,1,1,1781741945
2026-06-18T00:19:20Z,215,12,2,10,1,0,1,1,1,1781741912
2026-06-18T00:19:20Z,216,15,3,4,0,0,1,1,1,1781741614
2026-06-18T00:19:20Z,217,24,8,3,2,0,1,1,1,1781741846
2026-06-18T00:19:20Z,218,19,13,16,4,0,1,1,1,1781741943
2026-06-18T00:19:20Z,219,11,0,15,0,0,1,1,1,1781741949
2026-06-18T00:19:20Z,220,4,3,38,1,0,1,1,1,1781741840
2026-06-18T00:19:20Z,221,5,2,8,1,0,1,1,1,1781741720
2026-06-18T00:19:20Z,222,6,4,13,0,0,1,1,1,1781741758
2026-06-18T00:19:20Z,223,0,0,33,2,0,1,1,1,1781741786
2026-06-18T00:19:20Z,224,2,2,20,0,0,1,1,1,1781741109
2026-06-18T00:19:20Z,225,8,1,11,0,0,1,1,1,1781741947
2026-06-18T00:19:20Z,226,1,0,28,1,1,1,1,1,1781741685
2026-06-18T00:19:20Z,227,5,4,22,0,0,1,1,1,1781741856
2026-06-18T00:19:20Z,228,1,0,18,0,0,1,1,1,1781741874
2026-06-18T00:19:20Z,230,5,5,18,0,0,1,1,1,1781741646
2026-06-18T00:19:20Z,232,5,1,12,2,0,1,1,1,1781741927
2026-06-18T00:19:20Z,233,26,3,5,0,0,1,1,1,1781741944
2026-06-18T00:19:20Z,234,0,0,18,1,0,1,1,1,1781741416
2026-06-18T00:19:20Z,236,1,0,17,1,0,1,1,1,1781741341
2026-06-18T00:19:20Z,237,2,0,21,0,0,1,1,1,1781741596
2026-06-18T00:19:20Z,239,4,1,22,1,0,1,1,1,1781741633
2026-06-18T00:19:20Z,241,3,2,19,1,0,1,1,1,1781741441
2026-06-18T00:19:20Z,242,1,0,17,5,0,1,1,1,1781741932
2026-06-18T00:19:20Z,243,22,21,8,1,0,1,1,1,1781741911
2026-06-18T00:19:20Z,244,9,5,18,0,0,1,1,1,1781741933
2026-06-18T00:19:20Z,245,5,0,17,1,0,1,1,1,1781741888
2026-06-18T00:19:20Z,246,1,0,22,0,0,1,1,1,1781741836
2026-06-18T00:19:20Z,247,1,1,20,2,0,1,1,1,1781739728
2026-06-18T00:19:20Z,248,5,5,14,4,0,1,1,1,1781741703
2026-06-18T00:19:20Z,249,2,0,16,1,0,1,1,1,1781741470
2026-06-18T00:19:20Z,250,3,2,23,1,0,1,1,1,1781741773
2026-06-18T00:19:20Z,251,12,9,15,0,0,1,1,1,1781741907
2026-06-18T00:19:20Z,253,3,2,13,3,0,1,1,1,1781741870
2026-06-18T00:19:20Z,254,6,5,31,6,0,1,1,1,1781741833
2026-06-18T00:19:20Z,255,1,0,22,0,0,1,1,1,1781741139
2026-06-18T00:19:20Z,256,2,0,19,2,0,1,1,1,1781741922
2026-06-18T00:19:20Z,257,9,5,9,1,0,1,1,1,1781741675
2026-06-18T00:19:20Z,258,0,0,16,3,0,1,1,1,1781741948
2026-06-18T00:19:20Z,259,3,3,20,0,0,1,1,1,1781741945
2026-06-18T00:19:20Z,260,6,4,11,2,0,1,1,1,1781741773
2026-06-18T00:19:20Z,261,7,0,10,2,0,1,1,1,1781741608
2026-06-18T00:19:20Z,262,15,5,7,1,0,1,1,1,1781741891
2026-06-18T00:19:20Z,263,2,0,12,1,0,1,1,1,1781741874
2026-06-18T00:19:20Z,264,2,0,17,0,0,1,1,1,1781741924
2026-06-18T00:19:20Z,265,14,1,1,0,0,1,1,1,1781740893
2026-06-18T00:19:20Z,266,2,1,17,0,0,1,1,1,1781738913
2026-06-18T00:19:20Z,267,4,1,8,3,0,1,1,1,1781741826
2026-06-18T00:19:20Z,268,3,3,17,3,0,1,1,1,1781741745
2026-06-18T00:19:20Z,269,4,2,17,2,0,1,1,1,1781741755
2026-06-18T00:19:20Z,270,22,1,5,0,0,1,1,1,1781741505
2026-06-18T00:19:20Z,271,1,0,17,1,0,1,1,1,1781741108
2026-06-18T00:19:20Z,272,4,2,18,1,0,1,1,1,1781741692
2026-06-18T00:19:20Z,273,12,2,3,0,0,1,1,1,1781741839
2026-06-18T00:19:20Z,274,2,0,16,1,0,1,1,1,1781741549
2026-06-18T00:19:20Z,275,9,1,13,1,0,1,1,1,1781741896
2026-06-18T00:19:20Z,276,5,2,21,0,1,1,1,1,1781740193
2026-06-18T00:19:20Z,277,5,5,16,2,0,1,1,1,1781741766
2026-06-18T00:19:20Z,278,26,1,5,0,0,1,1,1,1781741240
2026-06-18T00:19:20Z,279,2,1,17,0,0,1,1,1,1781741783
2026-06-18T00:19:20Z,280,12,0,17,2,0,1,1,1,1781741846
2026-06-18T00:19:20Z,281,4,0,18,1,0,1,1,1,1781741506
2026-06-18T00:19:20Z,282,4,0,12,0,0,1,1,1,1781740304
2026-06-18T00:19:20Z,283,32,2,3,0,0,1,1,1,1781741373
2026-06-18T00:19:20Z,284,5,1,30,0,0,1,1,1,1781741762
2026-06-18T00:19:20Z,285,0,0,23,0,0,1,1,1,1781739583
2026-06-18T00:19:20Z,286,0,0,23,0,0,1,1,1,1781741449
2026-06-18T00:19:20Z,287,14,0,7,2,0,1,1,1,1781741781
2026-06-18T00:19:20Z,288,10,7,9,0,0,1,1,1,1781741950
2026-06-18T00:19:20Z,289,4,2,19,4,0,1,1,1,1781741796
2026-06-18T00:19:20Z,290,8,0,28,3,0,1,1,1,1781741757
2026-06-18T00:19:20Z,291,5,0,18,0,0,1,1,1,1781741840
2026-06-18T00:19:20Z,292,7,3,16,0,0,1,1,1,1781741651
2026-06-18T00:19:20Z,293,12,4,11,0,0,1,1,1,1781741739
2026-06-18T00:19:20Z,294,0,0,19,3,0,1,1,1,1781741626
2026-06-18T00:19:20Z,297,18,1,0,1,0,1,1,1,1781741773
2026-06-18T00:19:20Z,301,9,1,9,1,0,1,1,1,1781741786
2026-06-18T00:19:20Z,302,23,2,0,0,0,1,1,1,1781740151
2026-06-18T00:19:20Z,303,18,2,1,0,0,1,1,1,1781740904
2026-06-18T00:19:20Z,304,0,0,0,0,0,0,1,1,86400
2026-06-18T00:19:20Z,305,12,0,7,0,0,1,1,1,1781740178
2026-06-18T00:19:20Z,306,23,0,9,0,0,1,1,1,1781741949
2026-06-18T00:19:20Z,307,21,1,0,2,0,1,1,1,1781741687
2026-06-18T00:19:20Z,308,10,1,6,3,0,1,1,1,1781741855
2026-06-18T00:19:20Z,309,3,1,7,3,1,1,1,1,1781741927
2026-06-18T00:19:20Z,311,7,0,8,0,0,1,1,1,1781741830
2026-06-18T00:19:20Z,312,5,2,17,1,0,1,1,1,1781741830
2026-06-18T00:19:20Z,313,6,0,8,1,0,1,1,1,1781741349
2026-06-18T00:19:20Z,314,2,1,15,2,0,1,1,1,1781741850
2026-06-18T00:19:20Z,315,3,2,28,0,0,1,1,1,1781741423
2026-06-18T00:19:20Z,316,9,2,3,3,0,1,1,1,1781741740
2026-06-18T00:19:20Z,317,2,2,26,2,1,1,1,1,1781741760
2026-06-18T00:19:20Z,318,11,0,6,0,0,1,1,1,1781741755
2026-06-18T00:19:20Z,319,5,0,20,2,0,1,1,1,1781741659
2026-06-18T00:19:20Z,320,5,0,14,0,0,1,1,1,1781740976
2026-06-18T00:19:20Z,321,9,1,10,0,0,1,1,1,1781737270
2026-06-18T00:19:20Z,322,28,0,1,0,0,1,1,1,1781741299
2026-06-18T00:19:20Z,323,12,0,6,1,0,1,1,1,1781741861
2026-06-18T00:19:20Z,324,21,0,4,2,0,1,1,1,1781741886
2026-06-18T00:19:20Z,325,1,0,24,2,0,1,1,1,1781741691
2026-06-18T00:19:20Z,327,13,0,12,0,2,1,1,1,1781741608
2026-06-18T00:19:20Z,328,11,1,10,2,0,1,1,1,1781741771
2026-06-18T00:19:20Z,329,18,1,1,0,0,1,1,1,1781738208
2026-06-18T00:19:20Z,330,13,1,9,0,0,1,1,1,1781741672
2026-06-18T00:19:20Z,331,4,0,18,1,0,1,1,1,1781741740
2026-06-18T00:19:20Z,332,0,0,18,1,0,1,1,1,1781741456
2026-06-18T00:19:20Z,333,2,0,21,0,0,1,1,1,1781741920
2026-06-18T00:19:20Z,334,6,3,15,2,0,1,1,1,1781741025
2026-06-18T00:19:20Z,335,2,0,20,0,1,1,1,1,1781741219
2026-06-18T00:19:20Z,336,4,1,15,0,0,1,1,1,1781741903
2026-06-18T00:19:20Z,337,3,1,16,4,0,1,1,1,1781741741
2026-06-18T00:19:20Z,338,3,1,16,0,0,1,1,1,1781741705
2026-06-18T00:19:20Z,339,8,4,14,1,0,1,1,1,1781741928
2026-06-18T00:19:20Z,340,6,2,8,1,0,1,1,1,1781741456
2026-06-18T00:19:20Z,341,2,0,15,2,0,1,1,1,1781741944
2026-06-18T00:19:20Z,342,4,1,11,0,0,1,1,1,1781740938
2026-06-18T00:19:20Z,343,1,1,21,1,0,1,1,1,1781741817
2026-06-18T00:19:20Z,344,2,1,21,0,0,1,1,1,1781741321
2026-06-18T00:19:20Z,345,4,0,14,1,0,1,1,1,1781741702
2026-06-18T00:19:20Z,346,2,2,21,0,0,1,1,1,1781740162
2026-06-18T00:19:20Z,347,1,1,45,1,0,1,1,1,1781741913
2026-06-18T00:19:20Z,348,1,0,22,0,0,1,1,1,1781740238
2026-06-18T00:19:20Z,349,1,0,17,1,0,1,1,1,1781741945
2026-06-18T00:19:20Z,350,5,1,20,2,0,1,1,1,1781741420
2026-06-18T00:19:20Z,351,19,1,3,1,0,1,1,1,1781741931
2026-06-18T00:19:20Z,355,14,4,9,0,0,1,1,1,1781740944
2026-06-18T00:19:20Z,356,0,0,16,3,0,1,1,1,1781741922
2026-06-18T00:19:20Z,357,14,14,5,0,0,1,1,1,1781741072
2026-06-18T00:19:20Z,358,8,4,19,0,0,1,1,1,1781741867
2026-06-18T00:19:20Z,359,8,1,15,4,0,1,1,1,1781741891
2026-06-18T00:19:20Z,360,6,3,12,1,0,1,1,1,1781740908
2026-06-18T00:19:20Z,362,8,1,7,4,0,1,1,1,1781741511
2026-06-18T00:19:20Z,363,22,0,1,2,1,1,1,1,1781741816
2026-06-18T00:19:20Z,364,1,1,17,0,1,1,1,1,1781741563
2026-06-18T00:19:20Z,365,12,8,10,1,0,1,1,1,1781740688
2026-06-18T00:19:20Z,366,7,5,16,0,0,1,1,1,1781741927
2026-06-18T00:19:20Z,367,1,1,17,1,0,1,1,1,1781741942
2026-06-18T00:19:20Z,368,2,0,21,0,0,1,1,1,1781741843
2026-06-18T00:19:20Z,370,4,4,22,1,0,1,1,1,1781741145
2026-06-18T00:19:20Z,371,1,0,17,1,0,1,1,1,1781740693
2026-06-18T00:19:20Z,372,6,0,9,0,0,1,1,1,1781741787
2026-06-18T00:19:20Z,373,1,0,24,1,0,1,1,1,1781741769
2026-06-18T00:19:20Z,374,17,3,0,0,0,1,1,1,1781741468
2026-06-18T00:19:20Z,375,5,1,21,1,0,1,1,1,1781741588
2026-06-18T00:19:20Z,376,4,1,35,0,0,1,1,1,1781741930
2026-06-18T00:19:20Z,377,5,0,21,1,0,1,1,1,1781741486
2026-06-18T00:19:20Z,378,16,4,7,1,0,1,1,1,1781741922
2026-06-18T00:19:20Z,379,23,2,3,1,0,1,1,1,1781741933
2026-06-18T00:19:20Z,380,10,2,12,1,0,1,1,1,1781741695
2026-06-18T00:19:20Z,381,1,0,22,0,0,1,1,1,1781741853
2026-06-18T00:19:20Z,383,9,0,6,0,0,1,1,1,1781741885
2026-06-18T00:19:20Z,384,2,1,16,1,0,1,1,1,1781741840
2026-06-18T00:19:20Z,385,6,3,12,0,0,1,1,1,1781741870
2026-06-18T00:19:20Z,387,1,0,22,0,0,1,1,1,1781741916
2026-06-18T00:19:20Z,388,4,0,42,3,0,1,1,1,1781741739
2026-06-18T00:19:20Z,389,2,2,11,2,0,1,1,1,1781741757
2026-06-18T00:19:20Z,390,9,2,17,1,0,1,1,1,1781741949
2026-06-18T00:19:20Z,391,5,3,10,0,0,1,1,1,1781741319
2026-06-18T00:19:20Z,392,3,0,15,1,0,1,1,1,1781741625
2026-06-18T00:19:20Z,393,1,1,9,1,0,1,1,1,1781740601
2026-06-18T00:19:20Z,394,6,0,7,4,1,1,1,1,1781741691
2026-06-18T00:19:20Z,396,10,10,27,5,0,1,1,1,1781741815
2026-06-18T00:19:20Z,397,5,0,26,0,0,1,1,1,1781741889
2026-06-18T00:19:20Z,399,13,0,5,0,1,1,1,1,1781741726
2026-06-18T00:19:20Z,400,9,0,12,2,0,1,1,1,1781741452
2026-06-18T00:19:20Z,401,10,3,21,0,0,1,1,1,1781741870
2026-06-18T00:19:20Z,403,0,0,26,4,1,1,1,1,1781741801
2026-06-18T00:19:20Z,404,20,1,3,0,0,1,1,1,1781741742
2026-06-18T00:19:20Z,406,25,2,6,4,0,1,1,1,1781741934
2026-06-18T00:19:20Z,407,10,1,23,1,0,1,1,1,1781740686
2026-06-18T00:19:20Z,408,3,0,27,3,0,1,1,1,1781741934
2026-06-18T00:19:20Z,409,4,0,18,1,0,1,1,1,1781741418
2026-06-18T00:19:20Z,413,2,0,21,0,0,1,1,1,1781741199
2026-06-18T00:19:20Z,414,14,1,1,0,0,1,1,1,1781741385
2026-06-18T00:19:20Z,417,19,7,0,0,0,1,1,1,1781741815
2026-06-18T00:19:20Z,418,5,4,8,2,0,1,1,1,1781740919
2026-06-18T00:19:20Z,419,0,0,23,0,0,1,1,1,1781737887
2026-06-18T00:19:20Z,421,14,3,5,0,0,1,1,1,1781740751
2026-06-18T00:19:20Z,422,3,3,24,0,0,1,1,1,1781741939
2026-06-18T00:19:20Z,423,19,0,3,0,1,1,1,1,1781741493
2026-06-18T00:19:20Z,424,3,1,11,1,0,1,1,1,1781740864
2026-06-18T00:19:20Z,425,2,0,19,1,0,1,1,1,1781741909
2026-06-18T00:19:20Z,426,5,0,28,4,0,1,1,1,1781741458
2026-06-18T00:19:20Z,427,12,2,0,2,1,1,1,1,1781741759
2026-06-18T00:19:20Z,428,12,2,6,1,0,1,1,1,1781741491
2026-06-18T00:19:20Z,429,3,3,14,6,0,1,1,1,1781741921
2026-06-18T00:19:20Z,430,18,0,10,3,0,1,1,1,1781741807
2026-06-18T00:19:20Z,431,8,0,21,2,2,1,1,1,1781741833
2026-06-18T00:19:20Z,432,24,2,7,0,0,1,1,1,1781741884
2026-06-18T00:19:20Z,433,12,3,10,1,0,1,1,1,1781741491
2026-06-18T00:19:20Z,437,4,2,14,1,0,1,1,1,1781741876
2026-06-18T00:19:20Z,438,3,0,14,1,1,1,1,1,1781741875
2026-06-18T00:19:20Z,439,8,2,7,0,0,1,1,1,1781741859
2026-06-18T00:19:20Z,440,4,2,11,0,0,1,1,1,1781741826
2026-06-18T00:19:20Z,441,12,3,3,0,0,1,1,1,1781741903
2026-06-18T00:19:20Z,442,2,1,16,1,0,1,1,1,1781740987
2026-06-18T00:19:20Z,443,9,0,17,1,0,1,1,1,1781727263
2026-06-18T00:19:20Z,444,4,3,19,0,0,1,1,1,1781738095
2026-06-18T00:19:20Z,445,3,3,17,3,0,1,1,1,1781734465
2026-06-18T00:19:20Z,446,8,0,14,1,0,1,1,1,1781739864
2026-06-18T00:19:20Z,447,12,1,8,3,0,1,1,1,1781736303
2026-06-18T00:19:20Z,448,0,0,14,0,1,1,1,1,1781739598
2026-06-18T00:19:20Z,452,6,5,12,1,0,1,1,1,1781741101
2026-06-18T00:19:20Z,453,4,1,10,1,0,1,1,1,1781741560
2026-06-18T00:19:20Z,454,17,0,0,1,1,1,1,1,1781739823
2026-06-18T00:19:20Z,455,0,0,38,0,1,1,1,1,1781741276
2026-06-18T00:19:20Z,456,18,0,3,2,0,1,1,1,1781741950
2026-06-18T00:19:20Z,457,1,0,24,2,0,1,1,1,1781741513
2026-06-18T00:19:20Z,458,9,1,13,1,0,1,1,1,1781741927
2026-06-18T00:19:20Z,459,2,0,13,0,0,1,1,1,1781741932
2026-06-18T00:19:20Z,460,17,1,3,3,0,1,1,1,1781741830
2026-06-18T00:19:20Z,461,4,0,11,3,1,1,1,1,1781741747
2026-06-18T00:19:20Z,462,9,0,10,2,0,1,1,1,1781741922
2026-06-18T00:19:20Z,463,16,2,2,1,0,1,1,1,1781741591
2026-06-18T00:19:20Z,464,11,1,2,1,0,1,1,1,1781740842
2026-06-18T00:19:20Z,465,1,1,13,1,0,1,1,1,1781741599
2026-06-18T00:19:20Z,466,7,0,4,4,0,1,1,1,1781741843
2026-06-18T00:19:20Z,467,4,2,10,1,0,1,1,1,1781741166
2026-06-18T00:19:20Z,468,5,1,14,0,0,1,1,1,1781741800
2026-06-18T00:19:20Z,469,13,3,9,1,0,1,1,1,1781739303
2026-06-18T00:19:20Z,470,12,3,3,0,0,1,1,1,1781736558
2026-06-18T00:19:20Z,471,0,0,26,1,0,1,1,1,1781738837
2026-06-18T00:19:20Z,472,9,4,10,0,0,1,1,1,1781741936
2026-06-18T00:19:20Z,473,8,1,11,0,0,1,1,1,1781741572
2026-06-18T00:19:20Z,474,19,0,0,0,0,1,1,1,1781741877
2026-06-18T00:19:20Z,475,15,5,4,0,0,1,1,1,1781741767
2026-06-18T00:19:20Z,476,15,0,6,2,0,1,1,1,1781741895
2026-06-18T00:19:20Z,477,0,0,13,2,0,1,1,1,1781740951
2026-06-18T00:19:20Z,478,27,3,2,2,0,1,1,1,1781741635
2026-06-18T00:19:20Z,479,17,1,4,5,1,1,1,1,1781741744
2026-06-18T00:19:20Z,480,5,0,8,2,0,1,1,1,1781741263
2026-06-18T00:19:20Z,481,33,0,0,2,0,1,1,1,1781741947
2026-06-18T00:19:20Z,482,1,1,17,1,0,1,1,1,1781741462
2026-06-18T00:19:20Z,483,10,0,16,1,0,1,1,1,1781741798
2026-06-18T00:19:20Z,484,8,1,10,1,0,1,1,1,1781741338
2026-06-18T00:19:20Z,485,11,0,7,1,0,1,1,1,1781741692
2026-06-18T00:19:20Z,486,17,1,10,0,0,1,1,1,1781741786
2026-06-18T00:19:20Z,487,3,2,16,0,0,1,1,1,1781741181
2026-06-18T00:19:20Z,489,1,1,12,2,0,1,1,1,1781741921
2026-06-18T00:19:20Z,490,5,0,8,3,0,1,1,1,1781740681
2026-06-18T00:19:20Z,491,5,0,14,2,0,1,1,1,1781741774
2026-06-18T00:19:20Z,492,4,1,6,1,0,1,1,1,1781741418
2026-06-18T00:19:20Z,493,0,0,27,0,0,1,1,1,1781738140
2026-06-18T00:19:20Z,495,8,0,6,1,0,1,1,1,1781741888
2026-06-18T00:19:20Z,496,12,2,15,0,0,1,1,1,1781741611
2026-06-18T00:19:20Z,497,2,2,17,0,0,1,1,1,1781741267
2026-06-18T00:19:20Z,498,12,8,11,0,0,1,1,1,1781741901
2026-06-18T00:19:20Z,499,17,2,1,1,0,1,1,1,1781740810
2026-06-18T00:19:20Z,500,2,2,10,3,0,1,1,1,1781741662
2026-06-18T00:19:20Z,501,6,3,14,1,0,1,1,1,1781741872
2026-06-18T00:19:20Z,502,3,3,16,0,0,1,1,1,1781741809
2026-06-18T00:19:20Z,503,0,0,31,0,0,1,1,1,1781741756
2026-06-18T00:19:20Z,504,1,0,38,0,0,1,1,1,1781741569
2026-06-18T00:19:20Z,505,5,1,13,0,0,1,1,1,1781741894
2026-06-18T00:19:20Z,511,0,0,23,0,0,1,1,1,1781741816
2026-06-18T00:19:20Z,512,17,0,1,1,0,1,1,1,1781741022
2026-06-18T00:19:20Z,514,8,8,2,1,0,1,1,1,1781741875
2026-06-18T00:19:20Z,515,6,0,8,5,0,1,1,1,1781740809
2026-06-18T00:19:20Z,516,4,1,23,0,0,1,1,1,1781741700
2026-06-18T00:19:20Z,517,5,0,18,0,0,1,1,1,1781741555
2026-06-18T00:19:20Z,518,8,0,5,2,0,1,1,1,1781741555
2026-06-18T00:19:20Z,519,12,2,6,1,0,1,1,1,1781741901
2026-06-18T00:19:20Z,520,15,6,10,2,0,1,1,1,1781741516
2026-06-18T00:19:20Z,521,3,1,20,0,0,1,1,1,1781741516
2026-06-18T00:19:20Z,522,0,0,23,0,0,1,1,1,1781741808
2026-06-18T00:19:20Z,523,1,0,22,0,0,1,1,1,1781741222
2026-06-18T00:19:20Z,524,1,1,22,0,0,1,1,1,1781741793
2026-06-18T00:19:20Z,525,5,0,14,0,0,1,1,1,1781741934
2026-06-18T00:19:20Z,526,7,3,7,1,0,1,1,1,1781740050
2026-06-18T00:19:20Z,527,0,0,24,2,0,1,1,1,1781741274
2026-06-18T00:19:20Z,528,11,0,11,1,0,1,1,1,1781741680
2026-06-18T00:19:20Z,529,4,0,13,2,0,1,1,1,1781741906
2026-06-18T00:19:20Z,530,18,4,2,1,0,1,1,1,1781741678
2026-06-18T00:19:20Z,531,9,2,13,0,1,1,1,1,1781741852
2026-06-18T00:19:20Z,532,13,11,27,2,1,1,1,1,1781741686
2026-06-18T00:19:20Z,533,4,0,14,1,0,1,1,1,1781739714
2026-06-18T00:19:20Z,534,1,0,22,0,0,1,1,1,1781740429
2026-06-18T00:19:20Z,535,2,0,11,2,0,1,1,1,1781741878
2026-06-18T00:19:20Z,536,15,2,7,1,0,1,1,1,1781741946
2026-06-18T00:19:20Z,537,5,1,16,0,0,1,1,1,1781741837
2026-06-18T00:19:20Z,538,5,3,12,2,0,1,1,1,1781741859
2026-06-18T00:19:20Z,539,2,2,15,2,0,1,1,1,1781741434
2026-06-18T00:19:20Z,540,2,1,17,0,0,1,1,1,1781741851
2026-06-18T00:19:20Z,541,21,4,5,1,0,1,1,1,1781741940
2026-06-18T00:19:20Z,542,0,0,23,0,0,1,1,1,1781741622
2026-06-18T00:19:20Z,543,0,0,16,3,0,1,1,1,1781741950
2026-06-18T00:19:20Z,544,0,0,24,1,0,1,1,1,1781741474
2026-06-18T00:19:20Z,545,16,7,1,2,0,1,1,1,1781741862
2026-06-18T00:19:20Z,546,0,0,19,0,0,1,1,1,1781741194
2026-06-18T00:19:20Z,547,2,0,20,0,0,1,1,1,1781741598
2026-06-18T00:19:20Z,548,15,0,6,2,0,1,1,1,1781741785
2026-06-18T00:19:20Z,549,16,4,5,2,0,1,1,1,1781741766
2026-06-18T00:19:20Z,550,0,0,19,0,0,1,1,1,1781739830
2026-06-18T00:19:20Z,551,6,0,17,0,0,1,1,1,1781739824
2026-06-18T00:19:20Z,552,10,1,17,0,0,1,1,1,1781741114
2026-06-18T00:19:20Z,553,16,1,7,0,0,1,1,1,1781741869
2026-06-18T00:19:20Z,554,0,0,17,2,0,1,1,1,1781739747
2026-06-18T00:19:20Z,555,8,2,5,2,0,1,1,1,1781741250
2026-06-18T00:19:20Z,556,15,4,8,0,0,1,1,1,1781741777
2026-06-18T00:19:20Z,557,0,0,23,0,0,0,1,1,1781719859
2026-06-18T00:19:20Z,558,2,2,34,1,0,1,1,1,1781741889
2026-06-18T00:19:20Z,559,0,0,18,1,0,1,1,1,1781741951
2026-06-18T00:19:20Z,560,8,0,19,0,0,1,1,1,1781741662
2026-06-18T00:19:20Z,561,10,0,12,1,0,1,1,1,1781740885
2026-06-18T00:19:20Z,562,6,0,27,2,0,1,1,1,1781738977
2026-06-18T00:19:20Z,563,10,1,4,0,0,1,1,1,1781741725
2026-06-18T00:19:20Z,564,11,0,7,1,0,1,1,1,1781741935
2026-06-18T00:19:20Z,565,16,2,1,2,0,1,1,1,1781741647
2026-06-18T00:19:20Z,566,14,1,3,2,0,1,1,1,1781741455
2026-06-18T00:19:20Z,567,25,1,2,0,0,1,1,1,1781741741
2026-06-18T00:19:20Z,568,15,1,4,0,0,1,1,1,1781741650
2026-06-18T00:19:20Z,569,19,3,0,0,0,1,1,1,1781740430
2026-06-18T00:19:20Z,570,17,1,2,0,0,1,1,1,1781741725
2026-06-18T00:19:20Z,571,5,1,18,0,0,1,1,1,1781741948
2026-06-18T00:19:20Z,572,15,2,4,0,0,1,1,1,1781741846
2026-06-18T00:19:20Z,573,3,0,12,0,0,1,1,1,1781741796
2026-06-18T00:19:20Z,574,4,4,10,1,0,1,1,1,1781741943
2026-06-18T00:19:20Z,575,6,2,14,1,0,1,1,1,1781741852
2026-06-18T00:19:20Z,576,1,0,18,0,0,1,1,1,1781741608
2026-06-18T00:19:20Z,577,12,0,19,0,0,1,1,1,1781741518
2026-06-18T00:19:20Z,578,2,1,19,2,0,1,1,1,1781741911
2026-06-18T00:19:20Z,579,43,5,0,0,0,1,1,1,1781741004
2026-06-18T00:19:20Z,580,20,3,10,1,0,1,1,1,1781741900
2026-06-18T00:19:20Z,581,13,1,4,2,0,1,1,1,1781741864
2026-06-18T00:19:20Z,582,45,3,13,2,1,1,1,1,1781741929
2026-06-18T00:19:20Z,583,9,0,13,1,0,1,1,1,1781741721
2026-06-18T00:19:20Z,584,0,0,18,1,0,1,1,1,1781740050
2026-06-18T00:19:20Z,585,5,1,22,0,0,1,1,1,1781741668
2026-06-18T00:19:20Z,586,1,0,34,0,0,1,1,1,1781741772
2026-06-18T00:19:20Z,587,16,1,8,3,0,1,1,1,1781741941
2026-06-18T00:19:20Z,588,13,4,5,1,0,1,1,1,1781741627
2026-06-18T00:19:20Z,589,20,4,3,0,0,1,1,1,1781741945
2026-06-18T00:19:20Z,590,3,0,28,0,0,1,1,1,1781741545
2026-06-18T00:19:20Z,591,9,5,12,1,0,1,1,1,1781740993
2026-06-18T00:19:20Z,592,5,1,18,0,0,1,1,1,1781741917
2026-06-18T00:19:20Z,593,28,0,11,0,0,1,1,1,1781741947
2026-06-18T00:19:20Z,594,20,0,1,0,0,1,1,1,1781741896
2026-06-18T00:19:20Z,595,0,0,3,0,0,0,1,1,1779985765
2026-06-18T00:19:20Z,605,0,0,3,0,0,0,1,1,1780413752
2026-06-18T00:19:20Z,606,0,0,3,0,0,0,1,1,1781723852
2026-06-18T00:19:20Z,607,30,3,1,2,0,1,1,1,1781741315
2026-06-18T00:19:20Z,608,0,0,53,1,0,1,1,1,1781741766
2026-06-18T00:19:20Z,609,4,3,19,0,0,1,1,1,1781741920
2026-06-18T00:19:20Z,610,23,0,11,1,0,1,1,1,1781741926
2026-06-18T00:19:20Z,611,25,0,1,1,0,1,1,1,1781741855
2026-06-18T00:19:20Z,612,3,0,11,1,0,1,1,1,1781735572
2026-06-18T00:19:20Z,613,6,2,7,1,0,1,1,1,1781741773
2026-06-18T00:19:20Z,614,1,1,22,3,1,1,1,1,1781741372
2026-06-18T00:19:20Z,617,9,0,4,2,0,1,1,1,1781741137
2026-06-18T00:19:20Z,618,14,1,4,1,0,1,1,1,1781741764
2026-06-18T00:19:20Z,619,3,3,16,0,0,1,1,1,1781741499
2026-06-18T00:19:20Z,620,0,0,23,0,0,1,1,1,1781739112
2026-06-18T00:19:20Z,621,22,7,1,0,0,1,1,1,1781741538
2026-06-18T00:19:20Z,622,1,1,20,2,0,1,1,1,1781741777
2026-06-18T00:19:20Z,623,2,1,27,1,0,1,1,1,1781741846
2026-06-18T00:19:20Z,624,0,0,12,3,0,1,1,1,1781739311
2026-06-18T00:19:20Z,625,7,2,13,1,0,1,1,1,1781741313
2026-06-18T00:19:20Z,626,0,0,44,0,2,1,1,1,1781740318
2026-06-18T00:19:20Z,627,15,2,4,0,0,1,1,1,1781738614
2026-06-18T00:19:20Z,628,5,5,13,0,1,1,1,1,1781741526
2026-06-18T00:19:20Z,629,7,5,3,1,0,1,1,1,1781741266
2026-06-18T00:19:20Z,630,5,0,19,3,0,1,1,1,1781739431
2026-06-18T00:19:20Z,631,0,0,23,0,0,1,1,1,1781740606
2026-06-18T00:19:20Z,632,3,0,18,2,0,1,1,1,1781741929
2026-06-18T00:19:20Z,633,3,0,8,3,1,1,1,1,1781741940
2026-06-18T00:19:20Z,634,6,0,10,3,0,1,1,1,1781741636
2026-06-18T00:19:20Z,635,12,0,7,0,0,1,1,1,1781741683
2026-06-18T00:19:20Z,636,5,2,10,0,0,1,1,1,1781739434
2026-06-18T00:19:20Z,637,7,3,9,3,0,1,1,1,1781734708
2026-06-18T00:19:20Z,638,4,0,14,1,0,1,1,1,1781741334
2026-06-18T00:19:20Z,639,3,1,10,4,2,1,1,1,1781741950
2026-06-18T00:19:20Z,640,0,0,22,1,0,1,1,1,1781740822
2026-06-18T00:19:20Z,641,8,0,18,1,0,1,1,1,1781741937
2026-06-18T00:19:20Z,642,6,2,12,1,0,1,1,1,1781741885
2026-06-18T00:19:20Z,643,0,0,26,1,0,1,1,1,1781739824
2026-06-18T00:19:20Z,644,1,1,13,0,1,1,1,1,1781738741
2026-06-18T00:19:20Z,645,7,0,13,2,1,1,1,1,1781740953
2026-06-18T00:19:20Z,646,9,0,7,3,0,1,1,1,1781738236
2026-06-18T00:19:20Z,647,4,1,25,2,0,1,1,1,1781741806
2026-06-18T00:19:20Z,648,7,2,11,1,0,1,1,1,1781740793
2026-06-18T00:19:20Z,649,4,3,26,1,0,1,1,1,1781741459
2026-06-18T00:19:20Z,650,13,3,5,1,0,1,1,1,1781739116
2026-06-18T00:19:20Z,651,2,0,20,1,0,1,1,1,1781741667
2026-06-18T00:19:20Z,652,2,2,19,1,1,1,1,1,1781741640
2026-06-18T00:19:20Z,653,0,0,17,2,0,1,1,1,1781741220
2026-06-18T00:19:20Z,654,0,0,15,0,0,1,1,1,1781741444
2026-06-18T00:19:20Z,655,3,3,12,0,0,1,1,1,1781737672
2026-06-18T00:19:20Z,656,0,0,18,1,0,1,1,1,1781741815
2026-06-18T00:19:20Z,657,2,1,11,4,0,1,1,1,1781741845
2026-06-18T00:19:20Z,658,2,0,20,1,0,1,1,1,1781741648
2026-06-18T00:19:20Z,659,5,5,9,1,0,1,1,1,1781741939
2026-06-18T00:19:20Z,660,0,0,31,0,0,1,1,1,1781741241
2026-06-18T00:19:20Z,661,0,0,19,0,0,1,1,1,1781741268
2026-06-18T00:19:20Z,662,11,9,8,4,0,1,1,1,1781741418
2026-06-18T00:19:20Z,663,3,2,12,0,0,1,1,1,1781741624
2026-06-18T00:19:20Z,664,2,0,25,0,0,1,1,1,1781740970
2026-06-18T00:19:20Z,665,8,1,7,0,0,1,1,1,1781740698
2026-06-18T00:19:20Z,666,13,7,0,2,0,1,1,1,1781740066
2026-06-18T00:19:20Z,667,18,5,1,0,0,1,1,1,1781741827
2026-06-18T00:19:20Z,668,14,2,3,2,0,1,1,1,1781741542
2026-06-18T00:19:20Z,669,11,5,2,1,0,1,1,1,1781741921
2026-06-18T00:19:20Z,670,20,3,6,1,0,1,1,1,1781741802
2026-06-18T00:19:20Z,671,0,0,27,0,0,1,1,1,1781741805
2026-06-18T00:19:20Z,672,17,1,3,3,0,1,1,1,1781740509
2026-06-18T00:19:20Z,673,11,1,12,0,0,1,1,1,1781741242
2026-06-18T00:19:20Z,674,1,0,22,0,0,1,1,1,1781741740
2026-06-18T00:19:20Z,675,8,3,6,0,1,1,1,1,1781741656
2026-06-18T00:19:20Z,676,12,0,10,0,1,1,1,1,1781741048
2026-06-18T00:19:20Z,681,4,2,7,4,0,1,1,1,1781741930
2026-06-18T00:19:20Z,682,8,4,7,4,0,1,1,1,1781701179
2026-06-18T00:19:20Z,683,4,0,13,2,0,1,1,1,1781735114
2026-06-18T00:19:20Z,684,9,1,17,1,0,1,1,1,1781741127
2026-06-18T00:19:20Z,685,6,0,20,0,1,1,1,1,1781740418
2026-06-18T00:19:20Z,686,7,1,19,1,0,1,1,1,1781735860
2026-06-18T00:19:20Z,687,8,2,22,0,1,1,1,1,1781739214
2026-06-18T00:19:20Z,688,17,4,2,0,0,1,1,1,1781738610
2026-06-18T00:19:20Z,692,0,0,21,0,0,1,1,1,1781741258
2026-06-18T00:19:20Z,693,3,2,7,1,0,1,1,1,1781741146
2026-06-18T00:19:20Z,694,4,1,16,1,0,1,1,1,1781741553
2026-06-18T00:19:20Z,695,10,5,12,1,0,1,1,1,1781740354
2026-06-18T00:19:20Z,696,4,0,17,2,0,1,1,1,1781741574
2026-06-18T00:19:20Z,697,22,5,0,1,0,1,1,1,1781741136
2026-06-18T00:19:20Z,698,27,1,0,0,0,1,1,1,1781741870
2026-06-18T00:19:20Z,699,3,0,12,0,0,1,1,1,1781740825
2026-06-18T00:19:20Z,700,11,0,7,1,0,1,1,1,1781741666
2026-06-18T00:19:20Z,701,8,0,10,1,0,1,1,1,1781741879
2026-06-18T00:19:20Z,702,4,2,18,1,0,1,1,1,1781740948
2026-06-18T00:19:20Z,703,17,3,4,2,0,1,1,1,1781741211
2026-06-18T00:19:20Z,704,10,0,4,1,0,1,1,1,1781740866
2026-06-18T00:19:20Z,705,2,1,11,2,0,1,1,1,1781740440
2026-06-18T00:19:20Z,706,7,2,7,1,0,1,1,1,1781741533
2026-06-18T00:19:20Z,707,13,2,1,1,0,1,1,1,1781741353
2026-06-18T00:19:20Z,708,18,2,1,0,0,1,1,1,1781741675
2026-06-18T00:19:20Z,709,8,2,3,4,0,1,1,1,1781741853
2026-06-18T00:19:20Z,710,17,0,1,1,0,1,1,1,1781740432
2026-06-18T00:19:20Z,711,3,3,13,3,0,1,1,1,1781741430
2026-06-18T00:19:20Z,712,4,2,8,3,0,1,1,1,1781741814
2026-06-18T00:19:20Z,713,12,4,10,1,0,1,1,1,1781741880
2026-06-18T00:19:20Z,716,2,0,9,4,0,1,1,1,1781741261
2026-06-18T00:19:20Z,717,9,2,12,4,0,1,1,1,1781741172
2026-06-18T00:19:20Z,718,0,0,15,0,0,1,1,1,1781741740
2026-06-18T00:19:20Z,719,13,0,16,0,0,1,1,1,1781741735
2026-06-18T00:19:20Z,720,1,0,17,1,0,1,1,1,1781740294
2026-06-18T00:19:20Z,721,3,0,17,3,0,1,1,1,1781741889
2026-06-18T00:19:20Z,722,4,1,11,0,0,1,1,1,1781741413
2026-06-18T00:19:20Z,723,6,0,16,1,0,1,1,1,1781741049
2026-06-18T00:19:20Z,724,11,6,11,1,0,1,1,1,1781741900
2026-06-18T00:19:20Z,725,23,4,0,0,0,1,1,1,1781741129
2026-06-18T00:19:20Z,726,14,1,4,1,0,1,1,1,1781741596
2026-06-18T00:19:20Z,727,12,8,11,0,0,1,1,1,1781741518
2026-06-18T00:19:20Z,728,3,1,8,4,0,1,1,1,1781740249
2026-06-18T00:19:20Z,729,4,0,14,1,0,1,1,1,1781741902
2026-06-18T00:19:20Z,730,4,3,11,0,0,1,1,1,1781741708
2026-06-18T00:19:20Z,731,6,0,9,0,0,1,1,1,1781740339
2026-06-18T00:19:20Z,732,11,1,4,0,0,1,1,1,1781740668
2026-06-18T00:19:20Z,733,25,0,0,2,0,1,1,1,1781741862
2026-06-18T00:19:20Z,734,0,0,14,0,0,1,1,1,1781740967
2026-06-18T00:19:20Z,735,0,0,18,1,0,1,1,1,1781741616
2026-06-18T00:19:20Z,736,2,1,14,3,0,1,1,1,1781741931
2026-06-18T00:19:20Z,737,3,1,12,0,0,1,1,1,1781741407
2026-06-18T00:19:20Z,738,8,0,10,1,0,1,1,1,1781740858
2026-06-18T00:19:20Z,739,12,3,14,1,0,1,1,1,1781740753
2026-06-18T00:19:20Z,741,13,1,10,0,0,1,1,1,1781740426
2026-06-18T00:19:20Z,742,37,4,1,1,0,1,1,1,1781741814
2026-06-18T00:19:20Z,743,0,0,19,0,0,1,1,1,1781740666
2026-06-18T00:19:20Z,744,2,2,13,0,0,1,1,1,1781740640
2026-06-18T00:19:20Z,745,2,0,17,0,0,1,1,1,1781740686
2026-06-18T00:19:20Z,746,22,1,1,0,0,1,1,1,1781741735
2026-06-18T00:19:20Z,747,16,1,3,0,0,1,1,1,1781741708
2026-06-18T00:19:20Z,748,14,5,8,1,0,1,1,1,1781740450
2026-06-18T00:19:20Z,749,8,1,14,1,0,1,1,1,1781741947
2026-06-18T00:19:20Z,750,3,0,6,2,0,1,1,1,1781741695
2026-06-18T00:19:20Z,751,0,0,22,1,0,1,1,1,1781741737
2026-06-18T00:19:20Z,752,2,2,13,2,0,1,1,1,1781741904
2026-06-18T00:19:20Z,753,14,0,0,1,0,1,1,1,1781741464
2026-06-18T00:19:20Z,754,2,2,13,0,0,1,1,1,1781741361
2026-06-18T00:19:20Z,755,12,3,7,0,0,1,1,1,1781741905
2026-06-18T00:19:20Z,756,1,0,36,0,0,1,1,1,1781741817
2026-06-18T00:19:20Z,757,5,2,14,0,0,1,1,1,1781741851
2026-06-18T00:19:20Z,758,3,2,19,1,0,1,1,1,1781741893
2026-06-18T00:19:20Z,759,4,1,9,2,0,1,1,1,1781740868
2026-06-18T00:19:20Z,760,16,0,2,1,0,1,1,1,1781741119
2026-06-18T00:19:20Z,761,9,2,14,0,0,1,1,1,1781741611
2026-06-18T00:19:20Z,762,6,1,8,1,0,1,1,1,1781741003
2026-06-18T00:19:20Z,768,2,0,13,4,0,1,1,1,1781741004
2026-06-18T00:19:20Z,769,15,4,1,3,0,1,1,1,1781741618
2026-06-18T00:19:20Z,770,9,4,10,0,0,1,1,1,1781740596
2026-06-18T00:19:20Z,771,1,0,14,0,0,1,1,1,1781740262
2026-06-18T00:19:20Z,772,7,1,8,0,0,1,1,1,1781741739
2026-06-18T00:19:20Z,773,3,2,13,3,0,1,1,1,1781741622
2026-06-18T00:19:20Z,774,4,1,10,1,0,1,1,1,1781741559
2026-06-18T00:19:20Z,775,1,0,17,1,0,1,1,1,1781741480
2026-06-18T00:19:20Z,776,2,0,17,2,0,1,1,1,1781740216
2026-06-18T00:19:20Z,777,11,6,3,1,0,1,1,1,1781740877
2026-06-18T00:19:20Z,778,5,0,12,2,0,1,1,1,1781740753
2026-06-18T00:19:20Z,779,7,4,11,1,0,1,1,1,1781741642
2026-06-18T00:19:20Z,780,8,1,9,2,0,1,1,1,1781741886
2026-06-18T00:19:20Z,781,2,2,7,2,0,1,1,1,1781741047
2026-06-18T00:19:20Z,782,4,4,15,0,0,1,1,1,1781741605
2026-06-18T00:19:20Z,783,1,0,17,1,0,1,1,1,1781737773
2026-06-18T00:19:20Z,784,11,0,7,1,0,1,1,1,1781741784
2026-06-18T00:19:20Z,785,10,2,2,2,0,1,1,1,1781741652
2026-06-18T00:19:20Z,786,3,3,15,1,0,1,1,1,1781731918
2026-06-18T00:19:20Z,787,8,1,7,0,0,1,1,1,1781741810
2026-06-18T00:19:20Z,788,8,2,7,0,0,1,1,1,1781741654
2026-06-18T00:19:20Z,789,8,0,6,1,0,1,1,1,1781741573
2026-06-18T00:19:20Z,790,6,2,16,1,0,1,1,1,1781740696
2026-06-18T00:19:20Z,791,3,2,16,0,0,1,1,1,1781741418
2026-06-18T00:19:20Z,793,1,1,14,0,0,1,1,1,1781740569
2026-06-18T00:19:20Z,794,1,1,28,0,0,1,1,1,1781740289
2026-06-18T00:19:20Z,796,7,0,10,2,0,1,1,1,1781741442
2026-06-18T00:19:20Z,797,12,0,2,1,0,1,1,1,1781741946
2026-06-18T00:19:20Z,798,22,1,3,0,0,1,1,1,1781741402
2026-06-18T00:19:20Z,799,1,1,17,1,0,1,1,1,1781741056
2026-06-18T00:19:20Z,800,3,1,17,1,0,1,1,1,1781741303
2026-06-18T00:19:20Z,801,1,0,20,0,0,1,1,1,1781741894
2026-06-18T00:19:20Z,802,4,0,25,2,0,1,1,1,1781740709
2026-06-18T00:19:20Z,803,8,1,6,1,0,1,1,1,1781741748
2026-06-18T00:19:20Z,806,0,0,15,0,0,1,1,1,1781741813
2026-06-18T00:19:20Z,807,1,1,22,2,0,1,1,1,1781741770
2026-06-18T00:19:20Z,808,3,1,20,2,0,1,1,1,1781741410
2026-06-18T00:19:20Z,809,7,1,16,0,0,1,1,1,1781741148
2026-06-18T00:19:20Z,810,6,4,13,0,0,1,1,1,1781740724
2026-06-18T00:19:20Z,815,8,2,6,1,0,1,1,1,1781741947
2026-06-18T00:19:20Z,817,7,0,6,2,0,1,1,1,1781741599
2026-06-18T00:19:20Z,818,6,2,13,4,0,1,1,1,1781741665
2026-06-18T00:19:20Z,819,4,2,10,1,0,1,1,1,1781741712
2026-06-18T00:19:20Z,820,3,1,14,0,0,1,1,1,1781740541
2026-06-18T00:19:20Z,821,5,1,10,0,0,1,1,1,1781740576
2026-06-18T00:19:20Z,822,1,0,22,0,0,1,1,1,1781741402
2026-06-18T00:19:20Z,823,13,4,2,0,0,1,1,1,1781741905
2026-06-18T00:19:20Z,824,11,10,7,1,0,1,1,1,1781741664
2026-06-18T00:19:20Z,825,2,1,13,0,0,1,1,1,1781734941
2026-06-18T00:19:20Z,826,3,0,16,0,0,1,1,1,1781741745
2026-06-18T00:19:20Z,827,13,4,8,0,0,1,1,1,1781741218
2026-06-18T00:19:20Z,828,1,0,16,1,0,1,1,1,1781741470
2026-06-18T00:19:20Z,829,3,2,24,0,0,1,1,1,1781734461
2026-06-18T00:19:20Z,830,3,0,20,0,0,1,1,1,1781741044
2026-06-18T00:19:20Z,831,9,8,5,1,0,1,1,1,1781741507
2026-06-18T00:19:20Z,832,8,6,8,2,0,1,1,1,1781740535
2026-06-18T00:19:20Z,833,7,2,12,0,0,1,1,1,1781741141
2026-06-18T00:19:20Z,834,13,11,11,0,0,1,1,1,1781741947
2026-06-18T00:19:20Z,835,1,0,17,0,0,1,1,1,1781741858
2026-06-18T00:19:20Z,837,6,1,9,0,0,1,1,1,1781741265
2026-06-18T00:19:20Z,838,1,1,13,1,0,1,1,1,1781741491
2026-06-18T00:19:20Z,839,28,0,0,1,0,1,1,1,1781741941
2026-06-18T00:19:20Z,840,3,1,23,3,0,1,1,1,1781741111
2026-06-18T00:19:20Z,841,2,0,12,1,0,1,1,1,1781740506
2026-06-18T00:19:20Z,842,6,1,17,0,0,1,1,1,1781741328
2026-06-18T00:19:20Z,843,7,5,23,1,0,1,1,1,1781740404
2026-06-18T00:19:20Z,844,15,6,8,0,0,1,1,1,1781741595
2026-06-18T00:19:20Z,845,2,0,17,0,0,1,1,1,1781741945
2026-06-18T00:19:20Z,846,8,2,10,0,1,1,1,1,1781741837
2026-06-18T00:19:20Z,847,15,4,10,2,0,1,1,1,1781741881
2026-06-18T00:19:20Z,848,3,1,16,0,0,1,1,1,1781741085
2026-06-18T00:19:20Z,849,5,3,5,5,0,1,1,1,1781741838
2026-06-18T00:19:20Z,850,5,2,6,0,0,1,1,1,1781741592
2026-06-18T00:19:20Z,851,0,0,35,2,0,1,1,1,1781741640
2026-06-18T00:19:20Z,852,10,0,8,1,0,1,1,1,1781741586
2026-06-18T00:19:20Z,853,2,0,20,1,0,1,1,1,1781740396
2026-06-18T00:19:20Z,854,8,0,7,0,0,1,1,1,1781739181
2026-06-18T00:19:20Z,855,16,0,10,1,0,1,1,1,1781741908
2026-06-18T00:19:20Z,857,0,0,19,0,0,1,1,1,1781741579
2026-06-18T00:19:20Z,858,0,0,18,1,0,1,1,1,1781740303
2026-06-18T00:19:20Z,859,8,1,13,0,0,1,1,1,1781741005
2026-06-18T00:19:20Z,861,2,0,9,0,0,1,1,1,1781741595
2026-06-18T00:19:20Z,862,0,0,15,0,0,1,1,1,1781741576
2026-06-18T00:19:20Z,863,7,1,12,0,0,1,1,1,1781741352
2026-06-18T00:19:20Z,866,8,2,9,2,0,1,1,1,1781740622
2026-06-18T00:19:20Z,867,8,1,6,1,0,1,1,1,1781741116
2026-06-18T00:19:20Z,868,11,4,3,1,0,1,1,1,1781741903
2026-06-18T00:19:20Z,870,8,0,5,2,0,1,1,1,1781741835
2026-06-18T00:19:20Z,871,7,0,4,0,0,1,1,1,1781741139
2026-06-18T00:19:20Z,872,11,2,3,1,0,1,1,1,1781740391
2026-06-18T00:19:20Z,873,0,0,32,1,0,1,1,1,1781740760
2026-06-18T00:19:20Z,874,10,1,5,0,0,1,1,1,1781741788
2026-06-18T00:19:20Z,875,12,2,3,0,0,1,1,1,1781741778
2026-06-18T00:19:20Z,877,12,6,6,1,0,1,1,1,1781741942
2026-06-18T00:19:20Z,878,0,0,19,0,0,1,1,1,1781741287
2026-06-18T00:19:20Z,879,4,1,13,2,0,1,1,1,1781741902
2026-06-18T00:19:20Z,880,2,1,20,1,0,1,1,1,1781740765
2026-06-18T00:19:20Z,881,7,0,9,3,0,1,1,1,1781741922
2026-06-18T00:19:20Z,882,11,5,8,0,0,1,1,1,1781740774
2026-06-18T00:19:20Z,883,0,0,18,1,0,0,1,1,1781529111
2026-06-18T00:19:20Z,884,11,6,10,0,0,1,1,1,1781705947
2026-06-18T00:19:20Z,885,0,0,19,0,0,1,1,1,1781732630
2026-06-18T00:19:20Z,886,5,1,21,3,0,1,1,1,1781741690
2026-06-18T00:19:20Z,887,5,3,11,1,0,1,1,1,1781741384
2026-06-18T00:19:20Z,888,39,5,1,1,0,1,1,1,1781741939
2026-06-18T00:19:20Z,889,10,0,9,0,0,1,1,1,1781741591
2026-06-18T00:19:20Z,890,2,1,13,0,0,1,1,1,1781688127
2026-06-18T00:19:20Z,891,9,1,13,1,0,1,1,1,1781741947
2026-06-18T00:19:20Z,892,10,1,4,1,0,1,1,1,1781740763
2026-06-18T00:19:20Z,895,15,0,3,1,0,1,1,1,1781741044
2026-06-18T00:19:20Z,896,3,1,32,0,0,1,1,1,1781741790
2026-06-18T00:19:20Z,897,13,1,7,1,0,1,1,1,1781740515
2026-06-18T00:19:20Z,898,10,2,9,0,0,1,1,1,1781740256
2026-06-18T00:19:20Z,899,19,1,0,0,0,1,1,1,1781741881
2026-06-18T00:19:20Z,900,20,2,7,0,0,1,1,1,1781741891
2026-06-18T00:19:20Z,901,7,4,10,2,0,1,1,1,1781741744
2026-06-18T00:19:20Z,902,2,0,13,0,0,1,1,1,1781741647
2026-06-18T00:19:20Z,903,4,0,15,0,0,1,1,1,1781741873
2026-06-18T00:19:20Z,904,15,3,3,1,0,1,1,1,1781741804
2026-06-18T00:19:20Z,905,0,0,27,0,0,1,1,1,1781741784
2026-06-18T00:19:20Z,906,6,3,20,1,0,1,1,1,1781741888
2026-06-18T00:19:20Z,907,24,0,7,0,0,1,1,1,1781741884
2026-06-18T00:19:20Z,908,9,2,13,1,0,1,1,1,1781740922
2026-06-18T00:19:20Z,909,7,2,15,1,0,1,1,1,1781741772
2026-06-18T00:19:20Z,910,23,1,5,3,0,1,1,1,1781741789
2026-06-18T00:19:20Z,911,10,1,9,0,0,1,1,1,1781741793
2026-06-18T00:19:20Z,912,1,0,21,1,0,1,1,1,1781741636
2026-06-18T00:19:20Z,913,4,2,13,2,0,1,1,1,1781741949
2026-06-18T00:19:20Z,914,0,0,19,0,0,1,1,1,1781741698
2026-06-18T00:19:20Z,915,12,1,10,1,0,1,1,1,1781741905
2026-06-18T00:19:20Z,916,8,5,14,1,0,1,1,1,1781741347
2026-06-18T00:19:20Z,917,4,0,31,0,0,1,1,1,1781741733
2026-06-18T00:19:20Z,918,11,5,7,1,0,1,1,1,1781741492
2026-06-18T00:19:20Z,919,10,0,24,5,0,1,1,1,1781741914
2026-06-18T00:19:20Z,920,12,7,7,0,0,1,1,1,1781740484
2026-06-18T00:19:20Z,921,9,1,10,2,0,1,1,1,1781741788
2026-06-18T00:19:20Z,922,7,2,14,0,0,1,1,1,1781741259
2026-06-18T00:19:20Z,923,1,0,17,1,0,1,1,1,1781741919
2026-06-18T00:19:20Z,924,1,0,19,1,0,1,1,1,1781741009
2026-06-18T00:19:20Z,925,16,6,5,0,0,1,1,1,1781740268
2026-06-18T00:19:20Z,926,10,1,11,0,0,1,1,1,1781741075
2026-06-18T00:19:20Z,927,0,0,34,1,0,1,1,1,1781741140
2026-06-18T00:19:20Z,928,2,0,15,2,0,1,1,1,1781741609
2026-06-18T00:19:20Z,929,7,3,14,1,1,1,1,1,1781741942
2026-06-18T00:19:20Z,930,30,0,1,0,0,1,1,1,1781741162
2026-06-18T00:19:20Z,931,1,0,22,0,0,1,1,1,1781741881
2026-06-18T00:19:20Z,932,11,1,8,0,0,1,1,1,1781741459
2026-06-18T00:19:20Z,933,10,2,13,0,0,1,1,1,1781741554
2026-06-18T00:19:20Z,934,3,0,27,1,0,1,1,1,1781741872
2026-06-18T00:19:20Z,935,6,0,13,0,0,1,1,1,1781741159
2026-06-18T00:19:20Z,936,2,0,17,0,0,1,1,1,1781741875
2026-06-18T00:19:20Z,940,10,0,1,0,0,1,1,1,1781741066
2026-06-18T00:19:20Z,941,17,1,8,0,0,1,1,1,1781738569
2026-06-18T00:19:20Z,942,16,1,4,1,0,1,1,1,1781741747
2026-06-18T00:19:20Z,943,7,7,7,1,0,1,1,1,1781741851
2026-06-18T00:19:20Z,944,4,4,10,1,0,1,1,1,1781709152
2026-06-18T00:19:20Z,945,6,4,8,1,0,1,1,1,1781740208
2026-06-18T00:19:20Z,946,12,9,7,0,0,1,1,1,1781741111
2026-06-18T00:19:20Z,947,6,5,11,0,0,1,1,1,1781741226
2026-06-18T00:19:20Z,948,0,0,29,2,0,1,1,1,1781741623
2026-06-18T00:19:20Z,949,0,0,14,1,0,1,1,1,1781741692
2026-06-18T00:19:20Z,950,5,2,12,0,0,1,1,1,1781741598
2026-06-18T00:19:20Z,951,2,0,19,2,0,1,1,1,1781741789
2026-06-18T00:19:20Z,952,23,0,29,3,0,1,1,1,1781741167
2026-06-18T00:19:20Z,953,12,3,1,2,0,1,1,1,1781740642
2026-06-18T00:19:20Z,954,10,0,8,1,0,1,1,1,1781741948
2026-06-18T00:19:20Z,955,3,3,20,4,0,1,1,1,1781741214
2026-06-18T00:19:20Z,956,18,0,0,1,0,1,1,1,1781741410
2026-06-18T00:19:20Z,957,16,1,12,1,0,1,1,1,1781741822
2026-06-18T00:19:20Z,958,28,1,3,0,0,1,1,1,1781741813
2026-06-18T00:19:20Z,959,4,2,16,3,0,1,1,1,1781741886
2026-06-18T00:19:20Z,960,10,4,9,4,0,1,1,1,1781741563
2026-06-18T00:19:20Z,961,6,1,16,1,0,1,1,1,1781741629
2026-06-18T00:19:20Z,962,0,0,29,6,0,1,1,1,1781741806
2026-06-18T00:19:20Z,963,3,0,20,0,0,1,1,1,1781741891
2026-06-18T00:19:20Z,964,8,3,13,2,0,1,1,1,1781741815
2026-06-18T00:19:20Z,965,25,4,0,2,0,1,1,1,1781741903
2026-06-18T00:19:20Z,966,29,4,1,1,0,1,1,1,1781741591
2026-06-18T00:19:20Z,967,9,0,11,1,0,1,1,1,1781741862
2026-06-18T00:19:20Z,968,19,0,0,0,0,1,1,1,1781741538
2026-06-18T00:19:20Z,969,6,5,20,1,0,1,1,1,1781741775
2026-06-18T00:19:20Z,970,7,1,11,1,0,1,1,1,1781741925
2026-06-18T00:19:20Z,971,14,1,8,1,0,1,1,1,1781741869
2026-06-18T00:19:20Z,972,14,3,8,1,0,1,1,1,1781741157
2026-06-18T00:19:20Z,973,1,1,20,2,0,1,1,1,1781741880
2026-06-18T00:19:20Z,974,1,0,26,0,0,1,1,1,1781741933
2026-06-18T00:19:20Z,977,0,0,20,1,0,1,1,1,1781741174
2026-06-18T00:19:20Z,978,19,7,2,2,0,1,1,1,1781741779
2026-06-18T00:19:20Z,979,3,1,13,1,0,1,1,1,1781741947
2026-06-18T00:19:20Z,980,0,0,21,0,0,1,1,1,1781741117
2026-06-18T00:19:20Z,981,1,0,20,0,0,1,1,1,1781741911
2026-06-18T00:19:20Z,982,7,1,11,1,0,1,1,1,1781741372
2026-06-18T00:19:20Z,983,4,3,19,0,0,1,1,1,1781741874
2026-06-18T00:19:20Z,984,14,1,8,1,0,1,1,1,1781741765
2026-06-18T00:19:20Z,985,3,1,28,0,0,1,1,1,1781741777
2026-06-18T00:19:20Z,986,12,3,7,0,0,1,1,1,1781740261
2026-06-18T00:19:20Z,987,4,0,19,0,0,1,1,1,1781741242
2026-06-18T00:19:20Z,988,11,2,7,1,0,1,1,1,1781741934
2026-06-18T00:19:20Z,989,10,6,7,2,0,1,1,1,1781740229
2026-06-18T00:19:20Z,990,3,1,12,0,0,1,1,1,1781741680
2026-06-18T00:19:20Z,991,13,5,5,1,0,1,1,1,1781740583
2026-06-18T00:19:20Z,992,4,1,19,0,0,1,1,1,1781740521
2026-06-18T00:19:20Z,993,1,0,25,1,0,1,1,1,1781741692
2026-06-18T00:19:20Z,994,4,3,16,1,0,1,1,1,1781740343
2026-06-18T00:19:20Z,995,14,5,12,1,0,1,1,1,1781741133
2026-06-18T00:19:20Z,996,8,2,13,2,0,1,1,1,1781740237
2026-06-18T00:19:20Z,997,16,8,7,0,0,1,1,1,1781740795
2026-06-18T00:19:20Z,998,5,2,18,0,0,1,1,1,1781741639
2026-06-18T00:19:20Z,999,11,1,7,2,1,1,1,1,1781740693
2026-06-18T00:19:20Z,1000,12,5,8,1,0,1,1,1,1781741531
2026-06-18T00:19:20Z,1001,7,0,20,0,0,1,1,1,1781741768
2026-06-18T00:19:20Z,1002,13,0,17,1,0,1,1,1,1781740659
2026-06-18T00:19:20Z,1003,7,0,15,1,0,1,1,1,1781741700
2026-06-18T00:19:20Z,1004,9,1,13,1,0,1,1,1,1781741169
2026-06-18T00:19:20Z,1005,12,0,10,1,0,1,1,1,1781741368
2026-06-18T00:19:20Z,1006,12,5,7,0,0,1,1,1,1781740771
2026-06-18T00:19:20Z,1007,8,4,13,0,0,1,1,1,1781741578
2026-06-18T00:19:20Z,1008,14,1,7,2,0,1,1,1,1781741478
2026-06-18T00:19:20Z,1009,13,3,18,0,0,1,1,1,1781741726
2026-06-18T00:19:20Z,1010,13,3,14,0,0,1,1,1,1781741020
2026-06-18T00:19:20Z,1011,5,4,13,1,0,1,1,1,1781741289
2026-06-18T00:19:20Z,1012,4,3,17,2,0,1,1,1,1781741691
2026-06-18T00:19:20Z,1013,6,0,15,2,0,1,1,1,1781740444
2026-06-18T00:19:20Z,1014,11,1,12,0,0,1,1,1,1781740391
2026-06-18T00:19:20Z,1015,5,3,26,0,0,1,1,1,1781741171
2026-06-18T00:19:20Z,1016,14,3,17,0,0,1,1,1,1781741543
2026-06-18T00:19:20Z,1017,8,0,12,1,0,1,1,1,1781741636
2026-06-18T00:19:20Z,1018,7,1,12,2,0,1,1,1,1781741631
2026-06-18T00:19:20Z,1019,8,4,5,2,0,1,1,1,1781741830
2026-06-18T00:19:20Z,1020,15,3,5,1,0,1,1,1,1781740681
2026-06-18T00:19:20Z,1021,3,1,12,0,0,1,1,1,1781741203
2026-06-18T00:19:20Z,1022,10,1,17,0,0,1,1,1,1781740947
2026-06-18T00:19:20Z,1023,7,0,16,0,0,1,1,1,1781741048
2026-06-18T00:19:20Z,1024,10,5,8,1,0,1,1,1,1781741789
2026-06-18T00:19:20Z,1025,15,0,4,0,0,1,1,1,1781741918
2026-06-18T00:19:20Z,1026,6,4,24,1,0,1,1,1,1781741208
2026-06-18T00:19:20Z,1028,12,1,11,0,0,1,1,1,1781740652
2026-06-18T00:19:20Z,1029,10,7,3,2,0,1,1,1,1781741749
2026-06-18T00:19:20Z,1030,9,3,14,0,0,1,1,1,1781740624
2026-06-18T00:19:20Z,1031,2,1,16,1,0,1,1,1,1781741819
2026-06-18T00:19:20Z,1032,9,2,9,1,0,1,1,1,1781740917
2026-06-18T00:19:20Z,1033,12,7,5,2,0,1,1,1,1781741339
2026-06-18T00:19:20Z,1034,1,0,14,0,0,1,1,1,1781741672
2026-06-18T00:19:20Z,1035,2,0,17,0,0,1,1,1,1781741937
2026-06-18T00:19:20Z,1036,13,1,2,0,0,1,1,1,1781740739
2026-06-18T00:19:20Z,1037,13,0,6,0,0,1,1,1,1781741648
2026-06-18T00:19:20Z,1038,5,0,10,0,0,1,1,1,1781740194
2026-06-18T00:19:20Z,1039,5,1,13,1,0,1,1,1,1781740142
2026-06-18T00:19:20Z,1040,8,1,9,2,0,1,1,1,1781741833
2026-06-18T00:19:20Z,1041,6,2,13,0,0,1,1,1,1781740293
2026-06-18T00:19:20Z,1042,5,0,10,0,0,1,1,1,1781741744
2026-06-18T00:19:20Z,1043,7,5,10,2,0,1,1,1,1781740523
2026-06-18T00:19:20Z,1044,1,0,13,1,0,1,1,1,1781741803
2026-06-18T00:19:20Z,1045,3,0,16,0,0,1,1,1,1781741923
2026-06-18T00:19:20Z,1046,7,0,5,3,0,1,1,1,1781741757
2026-06-18T00:19:20Z,1047,8,3,12,1,0,1,1,1,1781741378
2026-06-18T00:19:20Z,1048,16,2,3,0,0,1,1,1,1781740150
2026-06-18T00:19:20Z,1049,2,0,19,0,0,1,1,1,1781741383
2026-06-18T00:19:20Z,1050,6,0,13,2,0,1,1,1,1781741687
2026-06-18T00:19:20Z,1051,3,0,18,0,0,1,1,1,1781741111
2026-06-18T00:19:20Z,1052,4,1,18,0,0,1,1,1,1781741758
2026-06-18T00:19:20Z,1053,4,0,11,0,0,1,1,1,1781740202
2026-06-18T00:19:20Z,1054,6,3,9,0,0,1,1,1,1781740242
2026-06-18T00:19:20Z,1055,4,1,15,0,0,1,1,1,1781741133
2026-06-18T00:19:20Z,1057,5,1,14,0,0,1,1,1,1781741853
2026-06-18T00:19:20Z,1058,19,0,36,1,0,1,1,1,1781741591
2026-06-18T00:19:20Z,1059,2,2,16,1,0,1,1,1,1781741512
2026-06-18T00:19:20Z,1060,15,7,21,0,0,1,1,1,1781741699
2026-06-18T00:19:20Z,1061,16,0,19,2,0,1,1,1,1781741936
2026-06-18T00:19:20Z,1062,6,0,10,1,0,1,1,1,1781741311
2026-06-18T00:19:20Z,1063,12,1,4,3,0,1,1,1,1781740403
2026-06-18T00:19:20Z,1064,7,3,16,0,0,1,1,1,1781741802
2026-06-18T00:19:20Z,1065,10,3,12,1,0,1,1,1,1781741420
2026-06-18T00:19:20Z,1066,3,0,19,1,0,1,1,1,1781740838
2026-06-18T00:19:20Z,1067,14,0,6,3,0,1,1,1,1781740989
2026-06-18T00:19:20Z,1068,11,3,12,0,0,1,1,1,1781740980
2026-06-18T00:19:20Z,1069,4,1,19,0,0,1,1,1,1781741566
2026-06-18T00:19:20Z,1070,10,0,13,0,0,1,1,1,1781740609
2026-06-18T00:19:20Z,1071,8,1,15,0,0,1,1,1,1781740596
2026-06-18T00:19:20Z,1072,9,1,13,1,0,1,1,1,1781740751
2026-06-18T00:19:20Z,1073,8,1,19,0,0,1,1,1,1781741865
2026-06-18T00:19:20Z,1074,37,0,15,1,0,1,1,1,1781741821
2026-06-18T00:19:20Z,1075,12,7,7,2,0,1,1,1,1781740519
2026-06-18T00:19:20Z,1076,9,8,12,0,0,1,1,1,1781741316
2026-06-18T00:19:20Z,1077,10,8,11,0,0,1,1,1,1781740505
2026-06-18T00:19:20Z,1078,11,8,10,0,0,1,1,1,1781741944
2026-06-18T00:19:20Z,1079,10,8,11,0,0,1,1,1,1781740789
2026-06-18T00:19:20Z,1080,8,6,13,0,0,1,1,1,1781740587
2026-06-18T00:19:20Z,1081,11,8,8,0,0,1,1,1,1781740872
2026-06-18T00:19:20Z,1082,12,12,11,0,0,1,1,1,1781740983
2026-06-18T00:19:20Z,1083,11,8,10,0,0,1,1,1,1781740530
2026-06-18T00:19:20Z,1084,12,9,9,0,0,1,1,1,1781740800
2026-06-18T00:19:20Z,1085,12,8,9,0,0,1,1,1,1781741806
2026-06-18T00:19:20Z,1086,13,11,8,0,0,1,1,1,1781740292
2026-06-18T00:19:20Z,1087,6,6,9,0,0,1,1,1,1781740547
2026-06-18T00:19:20Z,1088,8,5,7,0,0,1,1,1,1781741409
2026-06-18T00:19:20Z,1089,8,7,7,0,0,1,1,1,1781740969
2026-06-18T00:19:20Z,1090,10,10,5,0,0,1,1,1,1781740958
2026-06-18T00:19:20Z,1091,9,7,6,0,0,1,1,1,1781741887
2026-06-18T00:19:20Z,1092,7,6,8,0,0,1,1,1,1781740822
2026-06-18T00:19:20Z,1093,10,8,5,0,0,1,1,1,1781740894
2026-06-18T00:19:20Z,1094,11,9,8,0,0,1,1,1,1781741438
2026-06-18T00:19:20Z,1095,11,9,4,0,0,1,1,1,1781741724
2026-06-18T00:19:20Z,1096,10,7,9,0,0,1,1,1,1781741687
2026-06-18T00:19:20Z,1097,9,7,6,0,0,1,1,1,1781740944
2026-06-18T00:19:20Z,1098,8,8,11,0,0,1,1,1,1781741084
2026-06-18T00:19:20Z,1099,4,4,11,0,0,1,1,1,1781741596
2026-06-18T00:19:20Z,1100,11,6,13,5,0,1,1,1,1781740263
2026-06-18T00:19:20Z,1101,11,5,10,0,0,1,1,1,1781741536
2026-06-18T00:19:20Z,1102,10,5,2,1,0,1,1,1,1781740734
2026-06-18T00:19:20Z,1103,9,5,11,1,0,1,1,1,1781741015
2026-06-18T00:19:20Z,1104,10,6,11,0,0,1,1,1,1781741523
2026-06-18T00:19:20Z,1105,8,3,5,0,0,1,1,1,1781740585
2026-06-18T00:19:20Z,1106,8,4,12,1,0,1,1,1,1781741810
2026-06-18T00:19:20Z,1107,10,5,5,0,0,1,1,1,1781741743
2026-06-18T00:19:20Z,1108,7,1,17,3,0,1,1,1,1781741366
2026-06-18T00:19:20Z,1109,10,8,5,0,0,1,1,1,1781740202
2026-06-18T00:19:20Z,1110,10,3,10,1,0,1,1,1,1781741565
2026-06-18T00:19:20Z,1111,11,4,9,1,0,1,1,1,1781741890
2026-06-18T00:19:20Z,1112,49,1,3,1,0,1,1,1,1781741422
2026-06-18T00:19:20Z,1113,8,2,13,0,0,1,1,1,1781741752
2026-06-18T00:19:20Z,1115,4,1,18,1,0,1,1,1,1781740639
2026-06-18T00:19:20Z,1116,0,0,19,0,0,1,1,1,1781741848
2026-06-18T00:19:20Z,1117,0,0,21,2,0,1,1,1,1781741237
2026-06-18T00:19:20Z,1118,19,0,0,2,0,1,1,1,1781741846
2026-06-18T00:19:20Z,1119,16,0,1,0,0,1,1,1,1781741778
2026-06-18T00:19:20Z,1120,17,5,2,0,0,1,1,1,1781741921
2026-06-18T00:19:20Z,1121,14,0,6,1,0,1,1,1,1781741488
2026-06-18T00:19:20Z,1122,4,3,14,3,0,1,1,1,1781741375
2026-06-18T00:19:20Z,1123,2,2,21,0,0,1,1,1,1781741824
2026-06-18T00:19:20Z,1124,12,0,2,1,0,1,1,1,1781741850
2026-06-18T00:19:20Z,1125,2,1,21,0,0,1,1,1,1781741869
2026-06-18T00:19:20Z,1126,4,0,15,0,2,1,1,1,1781741849
2026-06-18T00:19:20Z,1127,14,3,5,0,0,1,1,1,1781741939
2026-06-18T00:19:20Z,1128,13,3,2,0,0,1,1,1,1781741642
2026-06-18T00:19:20Z,1129,18,1,2,1,0,1,1,1,1781741920
2026-06-18T00:19:20Z,1130,2,1,11,2,0,1,1,1,1781741934
2026-06-18T00:19:20Z,1131,0,0,49,0,0,1,1,1,1781741752
2026-06-18T00:19:20Z,1132,2,0,19,0,0,1,1,1,1781740722
2026-06-18T00:19:20Z,1133,1,0,20,0,0,1,1,1,1781741932
2026-06-18T00:19:20Z,1134,10,5,9,0,0,1,1,1,1781740558
2026-06-18T00:19:20Z,1135,10,5,11,0,0,1,1,1,1781741768
2026-06-18T00:19:20Z,1136,22,0,1,0,0,1,1,1,1781741688
2026-06-18T00:19:20Z,1137,8,1,4,3,0,1,1,1,1781741641
2026-06-18T00:19:20Z,1138,19,2,0,0,0,1,1,1,1781741488
2026-06-18T00:19:20Z,1139,21,0,0,0,0,1,1,1,1781738994
2026-06-18T00:19:20Z,1140,18,8,2,3,0,1,1,1,1781741948
2026-06-18T00:19:20Z,1141,1,1,18,2,0,1,1,1,1781741682
2026-06-18T00:19:20Z,1142,11,0,10,0,0,1,1,1,1781740333
2026-06-18T00:19:20Z,1143,16,1,12,1,0,1,1,1,1781741941
2026-06-18T00:19:20Z,1144,7,0,14,0,0,1,1,1,1781741284
2026-06-18T00:19:20Z,1145,9,5,12,0,0,1,1,1,1781741567
2026-06-18T00:19:20Z,1146,5,0,8,5,1,1,1,1,1781741932
2026-06-18T00:19:20Z,1147,11,0,8,0,0,1,1,1,1781741824
2026-06-18T00:19:20Z,1148,13,1,18,0,0,1,1,1,1781741911
2026-06-18T00:19:20Z,1149,4,3,20,1,0,1,1,1,1781741601
2026-06-18T00:19:20Z,1150,11,1,8,0,0,1,1,1,1781741922
2026-06-18T00:19:20Z,1151,8,0,13,0,0,1,1,1,1781740932
2026-06-18T00:19:20Z,1152,3,0,26,0,0,1,1,1,1781741867
2026-06-18T00:19:20Z,1153,14,8,8,1,0,1,1,1,1781740637
2026-06-18T00:19:20Z,1154,9,0,7,3,0,1,1,1,1781741795
2026-06-18T00:19:20Z,1155,14,3,5,2,0,1,1,1,1781741913
2026-06-18T00:19:20Z,1158,9,2,9,1,0,1,1,1,1781741916
2026-06-18T00:19:20Z,1159,8,0,10,1,0,1,1,1,1781741321
2026-06-18T00:19:20Z,1160,4,0,15,0,0,1,1,1,1781740912
2026-06-18T00:19:20Z,1161,3,1,16,0,0,1,1,1,1781741530
2026-06-18T00:19:20Z,1162,6,0,13,0,0,1,1,1,1781741425
2026-06-18T00:19:20Z,1163,0,0,18,1,0,1,1,1,1781741663
2026-06-18T00:19:20Z,1164,7,1,11,1,0,1,1,1,1781740206
2026-06-18T00:19:20Z,1165,1,0,20,0,0,1,1,1,1781740546
2026-06-18T00:19:20Z,1166,4,0,17,0,0,1,1,1,1781741802
2026-06-18T00:19:20Z,1167,4,0,11,0,0,1,1,1,1781740159
2026-06-18T00:19:20Z,1168,5,0,18,0,0,1,1,1,1781740634
2026-06-18T00:19:20Z,1169,12,11,7,0,0,1,1,1,1781740966
2026-06-18T00:19:20Z,1170,4,0,17,0,0,1,1,1,1781741191
2026-06-18T00:19:20Z,1171,12,4,11,0,0,1,1,1,1781741378
2026-06-18T00:19:20Z,1172,7,1,8,0,0,1,1,1,1781741757
2026-06-18T00:19:20Z,1173,9,3,10,0,0,1,1,1,1781740178
2026-06-18T00:19:20Z,1174,4,3,11,0,0,1,1,1,1781741695
2026-06-18T00:19:20Z,1175,6,3,12,1,0,1,1,1,1781741761
2026-06-18T00:19:20Z,1176,15,1,5,1,0,1,1,1,1781740828
2026-06-18T00:19:20Z,1177,11,3,10,0,0,1,1,1,1781741120
2026-06-18T00:19:20Z,1178,2,0,13,0,0,1,1,1,1781740143
2026-06-18T00:19:20Z,1181,15,0,0,0,0,1,1,1,1781740067
2026-06-18T00:19:20Z,1182,3,1,17,0,0,1,1,1,1781741879
2026-06-18T00:19:20Z,1183,1,1,35,1,0,1,1,1,1781741618
2026-06-18T00:19:20Z,1184,9,5,10,2,0,1,1,1,1781741740
2026-06-18T00:19:20Z,1185,7,1,8,6,0,1,1,1,1781741494
2026-06-18T00:19:20Z,1186,5,0,9,5,0,1,1,1,1781741222
2026-06-18T00:19:20Z,1190,10,5,11,0,0,1,1,1,1781740357
2026-06-18T00:19:20Z,1192,11,6,10,0,0,1,1,1,1781741272
2026-06-18T00:19:20Z,1193,6,4,7,0,0,1,1,1,1781740467
2026-06-18T00:19:20Z,1197,9,6,8,0,0,1,1,1,1781741626
2026-06-18T00:19:20Z,1198,10,7,11,0,0,1,1,1,1781741461
2026-06-18T00:19:20Z,1199,9,6,9,1,0,1,1,1,1781740964
2026-06-18T00:19:20Z,1209,0,0,3,0,0,0,1,1,1781706467
2026-06-18T00:19:20Z,1210,0,0,3,0,0,0,1,1,1781706409
2026-06-18T00:19:20Z,1211,0,0,3,0,0,0,1,1,1781706470
2026-06-18T00:19:20Z,1212,0,0,2,1,0,0,1,1,1781706574
2026-06-18T00:19:20Z,1213,0,0,3,0,0,0,1,1,1781707221
2026-06-18T00:19:20Z,1214,0,0,3,0,0,0,1,1,1781708001
2026-06-18T00:19:20Z,1215,0,0,3,0,0,0,1,1,1781707105
