snapshot_utc,station_id,num_bikes_available,num_ebikes_available,num_docks_available,num_bikes_disabled,num_docks_disabled,is_installed,is_renting,is_returning,last_reported
2026-08-05T00:03:11Z,1,0,0,23,0,0,1,1,1,1785885301
2026-08-05T00:03:11Z,2,15,1,10,2,0,1,1,1,1785887550
2026-08-05T00:03:11Z,3,11,0,2,1,0,1,1,1,1785888147
2026-08-05T00:03:11Z,4,8,0,13,1,0,1,1,1,1785887946
2026-08-05T00:03:11Z,5,8,2,12,2,1,1,1,1,1785888066
2026-08-05T00:03:11Z,6,5,1,10,0,0,1,1,1,1785887864
2026-08-05T00:03:11Z,7,13,0,26,0,0,1,1,1,1785887894
2026-08-05T00:03:11Z,8,39,1,3,1,0,1,1,1,1785888084
2026-08-05T00:03:11Z,9,0,0,23,0,0,1,1,1,1785887474
2026-08-05T00:03:11Z,10,13,3,8,2,0,1,1,1,1785885955
2026-08-05T00:03:11Z,11,5,0,13,1,0,1,1,1,1785887870
2026-08-05T00:03:11Z,12,2,0,21,0,0,1,1,1,1785888148
2026-08-05T00:03:11Z,13,30,0,0,0,0,1,1,1,1785887681
2026-08-05T00:03:11Z,14,41,0,1,0,1,1,1,1,1785887279
2026-08-05T00:03:11Z,15,15,0,0,0,0,1,1,1,1785887209
2026-08-05T00:03:11Z,16,12,4,13,1,1,1,1,1,1785887934
2026-08-05T00:03:11Z,17,25,0,1,1,0,1,1,1,1785888162
2026-08-05T00:03:11Z,18,15,0,0,2,1,1,1,1,1785887969
2026-08-05T00:03:11Z,19,4,1,22,1,0,1,1,1,1785887611
2026-08-05T00:03:11Z,20,34,0,1,0,0,1,1,1,1785888042
2026-08-05T00:03:11Z,21,18,1,1,0,0,1,1,1,1785888122
2026-08-05T00:03:11Z,22,9,0,54,2,0,1,1,1,1785888140
2026-08-05T00:03:11Z,23,8,0,23,0,0,1,1,1,1785888087
2026-08-05T00:03:11Z,24,1,0,7,3,0,1,1,1,1785888181
2026-08-05T00:03:11Z,25,26,7,53,2,0,1,1,1,1785888162
2026-08-05T00:03:11Z,26,1,0,26,0,0,1,1,1,1785888153
2026-08-05T00:03:11Z,28,8,0,7,0,0,1,1,1,1785887337
2026-08-05T00:03:11Z,30,6,0,23,0,0,1,1,1,1785888070
2026-08-05T00:03:11Z,31,2,0,16,1,0,1,1,1,1785887942
2026-08-05T00:03:11Z,32,17,0,10,0,0,1,1,1,1785887693
2026-08-05T00:03:11Z,34,16,0,21,0,0,1,1,1,1785887415
2026-08-05T00:03:11Z,35,27,0,19,1,0,1,1,1,1785888115
2026-08-05T00:03:11Z,36,0,0,0,0,0,0,1,1,86400
2026-08-05T00:03:11Z,37,9,0,12,2,0,1,1,1,1785888127
2026-08-05T00:03:11Z,38,2,0,21,0,0,1,1,1,1785888030
2026-08-05T00:03:11Z,39,16,0,21,2,0,1,1,1,1785888038
2026-08-05T00:03:11Z,40,1,0,20,0,0,1,1,1,1785887699
2026-08-05T00:03:11Z,41,32,0,11,0,0,1,1,1,1785888112
2026-08-05T00:03:11Z,42,2,2,28,1,0,1,1,1,1785888072
2026-08-05T00:03:11Z,43,17,9,6,0,0,1,1,1,1785888128
2026-08-05T00:03:11Z,45,0,0,29,0,0,1,1,1,1785884787
2026-08-05T00:03:11Z,46,0,0,30,0,1,1,1,1,1785888025
2026-08-05T00:03:11Z,47,5,1,8,2,0,1,1,1,1785888069
2026-08-05T00:03:11Z,48,1,0,26,0,0,1,1,1,1785888022
2026-08-05T00:03:11Z,49,3,0,16,4,0,1,1,1,1785888180
2026-08-05T00:03:11Z,50,2,0,16,1,0,1,1,1,1785888168
2026-08-05T00:03:11Z,51,2,0,73,2,0,1,1,1,1785886927
2026-08-05T00:03:11Z,52,3,0,21,3,0,1,1,1,1785888088
2026-08-05T00:03:11Z,55,0,0,23,0,0,1,1,1,1785887403
2026-08-05T00:03:11Z,56,7,0,34,2,0,1,1,1,1785888177
2026-08-05T00:03:11Z,57,0,0,27,0,0,1,1,1,1785886760
2026-08-05T00:03:11Z,58,5,4,22,1,0,1,1,1,1785887852
2026-08-05T00:03:11Z,59,2,1,24,1,0,1,1,1,1785887920
2026-08-05T00:03:11Z,61,0,0,39,0,0,1,1,1,1785886325
2026-08-05T00:03:11Z,62,3,1,45,0,0,1,1,1,1785887965
2026-08-05T00:03:11Z,63,1,1,18,0,0,1,1,1,1785887480
2026-08-05T00:03:11Z,64,5,1,12,2,0,1,1,1,1785887675
2026-08-05T00:03:11Z,65,11,1,6,2,0,1,1,1,1785888016
2026-08-05T00:03:11Z,67,1,0,37,1,0,1,1,1,1785887513
2026-08-05T00:03:11Z,68,32,0,5,0,0,1,1,1,1785887962
2026-08-05T00:03:11Z,69,9,2,6,0,0,1,1,1,1785887803
2026-08-05T00:03:11Z,71,1,0,25,1,0,1,1,1,1785888178
2026-08-05T00:03:11Z,72,2,0,27,1,1,1,1,1,1785887966
2026-08-05T00:03:11Z,73,0,0,30,1,0,1,1,1,1785887602
2026-08-05T00:03:11Z,74,5,4,14,0,0,1,1,1,1785887474
2026-08-05T00:03:11Z,75,1,0,30,1,0,1,1,1,1785887945
2026-08-05T00:03:11Z,76,12,0,7,0,0,1,1,1,1785887520
2026-08-05T00:03:11Z,77,3,0,24,0,0,1,1,1,1785888167
2026-08-05T00:03:11Z,78,0,0,22,1,0,1,1,1,1785887718
2026-08-05T00:03:11Z,79,2,2,14,1,0,1,1,1,1785887729
2026-08-05T00:03:11Z,80,17,0,3,3,0,1,1,1,1785888146
2026-08-05T00:03:11Z,81,2,0,29,0,0,1,1,1,1785887944
2026-08-05T00:03:11Z,82,2,0,21,0,0,1,1,1,1785888064
2026-08-05T00:03:11Z,83,22,10,8,3,1,1,1,1,1785888182
2026-08-05T00:03:11Z,84,18,1,9,0,0,1,1,1,1785887950
2026-08-05T00:03:11Z,85,3,2,12,0,0,1,1,1,1785887264
2026-08-05T00:03:11Z,86,6,0,21,0,0,1,1,1,1785888177
2026-08-05T00:03:11Z,87,1,0,18,0,0,1,1,1,1785887025
2026-08-05T00:03:11Z,88,8,1,34,1,0,1,1,1,1785888172
2026-08-05T00:03:11Z,89,0,0,35,0,0,1,1,1,1785887383
2026-08-05T00:03:11Z,90,8,0,9,1,0,1,1,1,1785888081
2026-08-05T00:03:11Z,91,8,0,9,0,0,1,1,1,1785888134
2026-08-05T00:03:11Z,92,10,0,7,2,0,1,1,1,1785887982
2026-08-05T00:03:11Z,93,21,4,1,1,0,1,1,1,1785888131
2026-08-05T00:03:11Z,94,10,0,8,1,0,1,1,1,1785888139
2026-08-05T00:03:11Z,95,2,0,31,1,1,1,1,1,1785888173
2026-08-05T00:03:11Z,96,5,4,25,1,0,1,1,1,1785887898
2026-08-05T00:03:11Z,97,5,0,11,1,0,1,1,1,1785887998
2026-08-05T00:03:11Z,98,10,1,23,1,0,1,1,1,1785888072
2026-08-05T00:03:11Z,99,8,1,7,0,0,1,1,1,1785887688
2026-08-05T00:03:11Z,100,25,1,1,1,0,1,1,1,1785888174
2026-08-05T00:03:11Z,101,14,0,0,1,0,1,1,1,1785887561
2026-08-05T00:03:11Z,102,22,0,1,0,0,1,1,1,1785887321
2026-08-05T00:03:11Z,103,25,2,0,4,1,1,1,1,1785888058
2026-08-05T00:03:11Z,104,0,0,25,2,0,1,1,1,1785888181
2026-08-05T00:03:11Z,105,14,0,3,2,0,1,1,1,1785888047
2026-08-05T00:03:11Z,106,2,0,19,0,0,1,1,1,1785888078
2026-08-05T00:03:11Z,107,11,0,26,0,0,1,1,1,1785888160
2026-08-05T00:03:11Z,108,27,0,8,0,0,1,1,1,1785888161
2026-08-05T00:03:11Z,109,19,0,3,1,0,1,1,1,1785888142
2026-08-05T00:03:11Z,110,0,0,0,13,10,1,1,1,1785888064
2026-08-05T00:03:11Z,111,3,0,33,0,0,1,1,1,1785887900
2026-08-05T00:03:11Z,112,13,2,1,1,0,1,1,1,1785887767
2026-08-05T00:03:11Z,113,18,0,0,1,0,1,1,1,1785888126
2026-08-05T00:03:11Z,114,7,5,19,5,0,1,1,1,1785887717
2026-08-05T00:03:11Z,115,0,0,25,3,0,1,1,1,1785887906
2026-08-05T00:03:11Z,116,25,6,1,1,0,1,1,1,1785886250
2026-08-05T00:03:11Z,118,1,1,20,2,0,1,1,1,1785887866
2026-08-05T00:03:11Z,119,4,0,31,3,0,1,1,1,1785888152
2026-08-05T00:03:11Z,120,4,1,19,3,0,1,1,1,1785888178
2026-08-05T00:03:11Z,121,2,0,15,1,1,1,1,1,1785888174
2026-08-05T00:03:11Z,122,13,0,7,1,0,1,1,1,1785888080
2026-08-05T00:03:11Z,123,37,0,10,0,0,1,1,1,1785886473
2026-08-05T00:03:11Z,124,12,0,23,0,0,1,1,1,1785888134
2026-08-05T00:03:11Z,125,0,0,23,0,0,1,1,1,1785887711
2026-08-05T00:03:11Z,126,4,3,25,2,0,1,1,1,1785888014
2026-08-05T00:03:11Z,127,15,13,19,1,0,1,1,1,1785887966
2026-08-05T00:03:11Z,128,5,3,14,0,0,1,1,1,1785888140
2026-08-05T00:03:11Z,129,2,1,17,0,0,1,1,1,1785887929
2026-08-05T00:03:11Z,130,16,1,0,1,0,1,1,1,1785887678
2026-08-05T00:03:11Z,131,4,1,6,1,0,1,1,1,1785887256
2026-08-05T00:03:11Z,132,2,0,12,0,1,1,1,1,1785888083
2026-08-05T00:03:11Z,133,2,0,21,0,0,1,1,1,1785887976
2026-08-05T00:03:11Z,134,1,0,0,15,7,1,1,1,1785888165
2026-08-05T00:03:11Z,135,3,0,15,1,0,1,1,1,1785888131
2026-08-05T00:03:11Z,136,20,0,2,0,0,1,1,1,1785888098
2026-08-05T00:03:11Z,137,1,0,18,0,0,1,1,1,1785888138
2026-08-05T00:03:11Z,138,37,3,0,0,0,1,1,1,1785887953
2026-08-05T00:03:11Z,139,14,1,4,1,0,1,1,1,1785887586
2026-08-05T00:03:11Z,140,21,0,1,1,0,1,1,1,1785888181
2026-08-05T00:03:11Z,141,35,1,1,0,0,1,1,1,1785888105
2026-08-05T00:03:11Z,142,15,5,8,0,0,1,1,1,1785888178
2026-08-05T00:03:11Z,143,23,0,6,2,0,1,1,1,1785888159
2026-08-05T00:03:11Z,144,25,1,1,1,0,1,1,1,1785888040
2026-08-05T00:03:11Z,145,22,9,3,1,0,1,1,1,1785888125
2026-08-05T00:03:11Z,146,22,4,0,1,0,1,1,1,1785888067
2026-08-05T00:03:11Z,147,12,3,5,2,0,1,1,1,1785888128
2026-08-05T00:03:11Z,148,15,5,9,3,0,1,1,1,1785888180
2026-08-05T00:03:11Z,149,10,1,16,1,0,1,1,1,1785888182
2026-08-05T00:03:11Z,150,6,0,28,1,0,1,1,1,1785887964
2026-08-05T00:03:11Z,151,20,1,3,0,0,1,1,1,1785888147
2026-08-05T00:03:11Z,152,20,2,4,2,0,1,1,1,1785887957
2026-08-05T00:03:11Z,153,25,4,1,2,0,1,1,1,1785888144
2026-08-05T00:03:11Z,154,19,1,3,1,0,1,1,1,1785888175
2026-08-05T00:03:11Z,155,12,7,1,1,0,1,1,1,1785887968
2026-08-05T00:03:11Z,156,14,0,5,0,0,1,1,1,1785888126
2026-08-05T00:03:11Z,157,19,3,8,0,0,1,1,1,1785888021
2026-08-05T00:03:11Z,158,7,1,12,0,0,1,1,1,1785888173
2026-08-05T00:03:11Z,159,5,1,14,0,0,1,1,1,1785888027
2026-08-05T00:03:11Z,160,9,3,10,0,0,1,1,1,1785887911
2026-08-05T00:03:11Z,161,21,0,0,1,0,1,1,1,1785888001
2026-08-05T00:03:11Z,162,9,9,15,2,1,1,1,1,1785888171
2026-08-05T00:03:11Z,163,14,1,16,0,1,1,1,1,1785888157
2026-08-05T00:03:11Z,164,26,1,0,1,0,1,1,1,1785888120
2026-08-05T00:03:11Z,165,29,4,0,1,1,1,1,1,1785888120
2026-08-05T00:03:11Z,166,34,4,2,3,0,1,1,1,1785888177
2026-08-05T00:03:11Z,167,13,3,8,2,0,1,1,1,1785888179
2026-08-05T00:03:11Z,168,12,1,14,1,0,1,1,1,1785888115
2026-08-05T00:03:11Z,169,1,1,22,0,0,1,1,1,1785888144
2026-08-05T00:03:11Z,170,5,5,13,1,0,1,1,1,1785887950
2026-08-05T00:03:11Z,171,10,1,1,2,0,1,1,1,1785888134
2026-08-05T00:03:11Z,173,29,1,8,2,0,1,1,1,1785888002
2026-08-05T00:03:11Z,174,16,0,9,1,0,1,1,1,1785887956
2026-08-05T00:03:11Z,175,30,3,0,1,0,1,1,1,1785888001
2026-08-05T00:03:11Z,176,12,2,0,2,1,1,1,1,1785887988
2026-08-05T00:03:11Z,177,24,5,3,0,0,1,1,1,1785887717
2026-08-05T00:03:11Z,178,11,0,1,2,1,1,1,1,1785888175
2026-08-05T00:03:11Z,179,11,2,3,0,0,1,1,1,1785888180
2026-08-05T00:03:11Z,180,1,0,28,1,0,1,1,1,1785887292
2026-08-05T00:03:11Z,181,9,7,6,0,0,1,1,1,1785888092
2026-08-05T00:03:11Z,182,11,5,6,0,0,1,1,1,1785887762
2026-08-05T00:03:11Z,183,17,5,5,1,0,1,1,1,1785888179
2026-08-05T00:03:11Z,184,3,0,20,0,0,1,1,1,1785887986
2026-08-05T00:03:11Z,185,5,2,6,3,1,1,1,1,1785887457
2026-08-05T00:03:11Z,186,4,3,15,0,0,1,1,1,1785888068
2026-08-05T00:03:11Z,187,0,0,27,1,0,1,1,1,1785886273
2026-08-05T00:03:11Z,188,12,1,8,7,0,1,1,1,1785888076
2026-08-05T00:03:11Z,189,4,2,10,1,0,1,1,1,1785887349
2026-08-05T00:03:11Z,190,7,0,15,1,0,1,1,1,1785888131
2026-08-05T00:03:11Z,191,2,0,35,2,0,1,1,1,1785888138
2026-08-05T00:03:11Z,192,10,2,19,2,0,1,1,1,1785887789
2026-08-05T00:03:11Z,193,3,2,11,1,0,1,1,1,1785887851
2026-08-05T00:03:11Z,194,18,0,9,0,0,1,1,1,1785887900
2026-08-05T00:03:11Z,195,0,0,18,0,0,1,1,1,1785887378
2026-08-05T00:03:11Z,196,9,2,18,0,0,1,1,1,1785888177
2026-08-05T00:03:11Z,197,2,0,16,0,1,1,1,1,1785887648
2026-08-05T00:03:11Z,198,3,0,19,1,0,1,1,1,1785888016
2026-08-05T00:03:11Z,199,5,3,8,2,0,1,1,1,1785888105
2026-08-05T00:03:11Z,200,4,1,22,0,0,1,1,1,1785887985
2026-08-05T00:03:11Z,201,8,6,14,1,0,1,1,1,1785887829
2026-08-05T00:03:11Z,202,9,2,14,0,4,1,1,1,1785888005
2026-08-05T00:03:11Z,203,20,0,10,1,0,1,1,1,1785887753
2026-08-05T00:03:11Z,204,3,0,30,2,0,1,1,1,1785888148
2026-08-05T00:03:11Z,205,5,3,21,1,0,1,1,1,1785887589
2026-08-05T00:03:11Z,206,4,2,9,2,0,1,1,1,1785887981
2026-08-05T00:03:11Z,207,20,1,1,0,0,1,1,1,1785887934
2026-08-05T00:03:11Z,208,3,0,25,1,0,1,1,1,1785888166
2026-08-05T00:03:11Z,209,9,1,20,2,0,1,1,1,1785888180
2026-08-05T00:03:11Z,210,13,7,13,1,0,1,1,1,1785888176
2026-08-05T00:03:11Z,211,2,1,20,1,0,1,1,1,1785888142
2026-08-05T00:03:11Z,212,29,2,5,1,0,1,1,1,1785888037
2026-08-05T00:03:11Z,213,3,1,19,1,0,1,1,1,1785888051
2026-08-05T00:03:11Z,214,26,22,13,8,0,1,1,1,1785888175
2026-08-05T00:03:11Z,215,0,0,23,0,0,1,1,1,1785887733
2026-08-05T00:03:11Z,216,17,3,1,1,0,1,1,1,1785888182
2026-08-05T00:03:11Z,217,28,1,0,1,0,1,1,1,1785888061
2026-08-05T00:03:11Z,218,29,22,7,3,0,1,1,1,1785888176
2026-08-05T00:03:11Z,219,9,0,17,0,0,1,1,1,1785887741
2026-08-05T00:03:11Z,220,41,7,1,1,0,1,1,1,1785887563
2026-08-05T00:03:11Z,221,14,12,0,1,0,1,1,1,1785888043
2026-08-05T00:03:11Z,222,18,8,1,0,0,1,1,1,1785888063
2026-08-05T00:03:11Z,223,1,0,31,3,0,1,1,1,1785888135
2026-08-05T00:03:11Z,224,17,15,5,0,0,1,1,1,1785888177
2026-08-05T00:03:11Z,225,0,0,16,3,0,1,1,1,1785886429
2026-08-05T00:03:11Z,226,23,3,7,1,0,1,1,1,1785888040
2026-08-05T00:03:11Z,227,12,9,15,0,0,1,1,1,1785888107
2026-08-05T00:03:11Z,228,2,2,15,2,0,1,1,1,1785887933
2026-08-05T00:03:11Z,230,16,3,9,1,0,1,1,1,1785888077
2026-08-05T00:03:11Z,232,7,1,9,1,0,1,1,1,1785887602
2026-08-05T00:03:11Z,233,21,0,9,1,0,1,1,1,1785887938
2026-08-05T00:03:11Z,234,13,4,2,3,1,1,1,1,1785887595
2026-08-05T00:03:11Z,236,2,2,15,2,0,1,1,1,1785888093
2026-08-05T00:03:11Z,237,11,1,11,1,0,1,1,1,1785888178
2026-08-05T00:03:11Z,239,25,9,0,2,0,1,1,1,1785888064
2026-08-05T00:03:11Z,241,5,4,18,0,0,1,1,1,1785888129
2026-08-05T00:03:11Z,242,3,3,20,0,0,1,1,1,1785887809
2026-08-05T00:03:11Z,243,11,6,16,4,0,1,1,1,1785888179
2026-08-05T00:03:11Z,244,3,1,22,2,0,1,1,1,1785887995
2026-08-05T00:03:11Z,245,6,5,15,2,0,1,1,1,1785887650
2026-08-05T00:03:11Z,246,2,2,21,0,0,1,1,1,1785887724
2026-08-05T00:03:11Z,247,10,10,10,3,0,1,1,1,1785888029
2026-08-05T00:03:11Z,248,7,5,11,5,0,1,1,1,1785887623
2026-08-05T00:03:11Z,249,10,2,8,1,0,1,1,1,1785888113
2026-08-05T00:03:11Z,250,1,0,26,0,0,1,1,1,1785888027
2026-08-05T00:03:11Z,251,3,2,23,1,0,1,1,1,1785888144
2026-08-05T00:03:11Z,253,0,0,19,0,0,1,1,1,1785887925
2026-08-05T00:03:11Z,254,5,1,34,4,0,1,1,1,1785888180
2026-08-05T00:03:11Z,255,0,0,22,0,1,1,1,1,1785887956
2026-08-05T00:03:11Z,256,10,5,12,1,0,1,1,1,1785888175
2026-08-05T00:03:11Z,257,4,4,14,1,0,1,1,1,1785887402
2026-08-05T00:03:11Z,258,3,3,15,1,0,1,1,1,1785888039
2026-08-05T00:03:11Z,259,6,0,15,1,1,1,1,1,1785887494
2026-08-05T00:03:11Z,260,12,8,1,6,0,1,1,1,1785886515
2026-08-05T00:03:11Z,261,0,0,16,2,1,1,1,1,1785888143
2026-08-05T00:03:11Z,262,12,4,9,2,0,1,1,1,1785888138
2026-08-05T00:03:11Z,263,8,4,7,0,0,1,1,1,1785887993
2026-08-05T00:03:11Z,264,4,1,14,1,0,1,1,1,1785888048
2026-08-05T00:03:11Z,265,3,0,8,1,3,1,1,1,1785888006
2026-08-05T00:03:11Z,266,13,11,5,1,0,1,1,1,1785888178
2026-08-05T00:03:11Z,267,4,2,11,0,0,1,1,1,1785875350
2026-08-05T00:03:11Z,268,14,0,8,1,0,1,1,1,1785887458
2026-08-05T00:03:11Z,269,3,2,20,0,0,1,1,1,1785887998
2026-08-05T00:03:11Z,270,18,2,8,1,0,1,1,1,1785888120
2026-08-05T00:03:11Z,271,2,0,15,2,0,1,1,1,1785888019
2026-08-05T00:03:11Z,272,2,1,21,0,0,1,1,1,1785887893
2026-08-05T00:03:11Z,273,2,1,13,0,0,1,1,1,1785887567
2026-08-05T00:03:11Z,274,7,0,11,1,0,1,1,1,1785888169
2026-08-05T00:03:11Z,275,3,0,20,0,0,1,1,1,1785888123
2026-08-05T00:03:11Z,276,4,1,23,0,0,1,1,1,1785888029
2026-08-05T00:03:11Z,277,1,0,19,2,1,1,1,1,1785887550
2026-08-05T00:03:11Z,278,6,6,24,1,0,1,1,1,1785888153
2026-08-05T00:03:11Z,279,0,0,19,0,0,1,1,1,1785888140
2026-08-05T00:03:11Z,280,5,0,23,3,0,1,1,1,1785888052
2026-08-05T00:03:11Z,281,14,1,5,0,0,1,1,1,1785888075
2026-08-05T00:03:11Z,282,0,0,18,0,0,1,1,1,1785886296
2026-08-05T00:03:11Z,283,24,4,10,1,0,1,1,1,1785888020
2026-08-05T00:03:11Z,284,5,3,29,1,0,1,1,1,1785888107
2026-08-05T00:03:11Z,285,15,2,8,0,0,1,1,1,1785887907
2026-08-05T00:03:11Z,286,8,7,13,2,0,1,1,1,1785887940
2026-08-05T00:03:11Z,287,5,1,15,3,0,1,1,1,1785888136
2026-08-05T00:03:11Z,288,11,8,7,1,0,1,1,1,1785888145
2026-08-05T00:03:11Z,289,11,8,13,3,0,1,1,1,1785888178
2026-08-05T00:03:11Z,290,13,0,23,3,0,1,1,1,1785888097
2026-08-05T00:03:11Z,291,12,1,10,1,0,1,1,1,1785888179
2026-08-05T00:03:11Z,292,12,1,11,0,0,1,1,1,1785887994
2026-08-05T00:03:11Z,293,6,5,16,1,0,1,1,1,1785886798
2026-08-05T00:03:11Z,294,1,1,18,3,0,1,1,1,1785887763
2026-08-05T00:03:11Z,297,12,0,5,2,0,1,1,1,1785888158
2026-08-05T00:03:11Z,301,17,0,2,0,0,1,1,1,1785888004
2026-08-05T00:03:11Z,302,22,1,1,0,0,1,1,1,1785888165
2026-08-05T00:03:11Z,303,0,0,19,0,0,1,1,1,1785885565
2026-08-05T00:03:11Z,304,0,0,0,0,0,0,1,1,86400
2026-08-05T00:03:11Z,305,13,1,6,0,0,1,1,1,1785887723
2026-08-05T00:03:11Z,306,24,0,8,0,0,1,1,1,1785887867
2026-08-05T00:03:11Z,307,14,0,4,5,0,1,1,1,1785888098
2026-08-05T00:03:11Z,308,15,0,0,4,0,1,1,1,1785888153
2026-08-05T00:03:11Z,309,1,1,13,0,0,1,1,1,1785887779
2026-08-05T00:03:11Z,311,3,0,10,2,0,1,1,1,1785888001
2026-08-05T00:03:11Z,312,4,2,16,3,0,1,1,1,1785887949
2026-08-05T00:03:11Z,313,6,0,9,0,0,1,1,1,1785886730
2026-08-05T00:03:11Z,314,6,2,13,0,0,1,1,1,1785887990
2026-08-05T00:03:11Z,315,13,5,14,3,1,1,1,1,1785888172
2026-08-05T00:03:11Z,316,26,3,4,0,0,1,1,1,1785888074
2026-08-05T00:03:11Z,317,23,17,6,1,1,1,1,1,1785888175
2026-08-05T00:03:11Z,318,4,2,14,1,0,1,1,1,1785887066
2026-08-05T00:03:11Z,319,6,1,15,2,0,1,1,1,1785887987
2026-08-05T00:03:11Z,320,8,1,10,1,0,1,1,1,1785887666
2026-08-05T00:03:11Z,321,2,0,13,4,0,1,1,1,1785888138
2026-08-05T00:03:11Z,322,3,0,25,1,0,1,1,1,1785888182
2026-08-05T00:03:11Z,323,2,0,15,2,0,1,1,1,1785888182
2026-08-05T00:03:11Z,324,12,2,13,2,0,1,1,1,1785888183
2026-08-05T00:03:11Z,325,3,0,22,2,0,1,1,1,1785888098
2026-08-05T00:03:11Z,327,6,0,19,2,0,1,1,1,1785887996
2026-08-05T00:03:11Z,328,3,0,18,1,0,1,1,1,1785887488
2026-08-05T00:03:11Z,329,16,1,2,1,0,1,1,1,1785887653
2026-08-05T00:03:11Z,330,9,0,13,0,0,1,1,1,1785887525
2026-08-05T00:03:11Z,331,1,0,18,4,0,1,1,1,1785888129
2026-08-05T00:03:11Z,332,14,3,3,2,0,1,1,1,1785886864
2026-08-05T00:03:11Z,333,20,11,0,3,0,1,1,1,1785888175
2026-08-05T00:03:11Z,334,23,4,0,0,0,1,1,1,1785887383
2026-08-05T00:03:11Z,335,18,4,4,0,1,1,1,1,1785887709
2026-08-05T00:03:11Z,336,10,2,9,0,0,1,1,1,1785887801
2026-08-05T00:03:11Z,337,10,0,10,3,0,1,1,1,1785888010
2026-08-05T00:03:11Z,338,2,1,16,1,0,1,1,1,1785888061
2026-08-05T00:03:11Z,339,3,3,20,0,0,1,1,1,1785888118
2026-08-05T00:03:11Z,340,8,1,6,1,0,1,1,1,1785887616
2026-08-05T00:03:11Z,341,9,3,10,0,0,1,1,1,1785887827
2026-08-05T00:03:11Z,342,11,4,3,1,0,1,1,1,1785887961
2026-08-05T00:03:11Z,343,2,0,21,0,0,1,1,1,1785887117
2026-08-05T00:03:11Z,344,10,5,13,0,0,1,1,1,1785888177
2026-08-05T00:03:11Z,345,19,0,0,0,0,1,1,1,1785887428
2026-08-05T00:03:11Z,346,2,0,21,0,0,1,1,1,1785887919
2026-08-05T00:03:11Z,347,7,2,35,2,0,1,1,1,1785888175
2026-08-05T00:03:11Z,348,1,0,21,0,1,1,1,1,1785887899
2026-08-05T00:03:11Z,349,16,5,3,0,0,1,1,1,1785887051
2026-08-05T00:03:11Z,350,6,0,19,1,1,1,1,1,1785888119
2026-08-05T00:03:11Z,351,13,2,7,3,0,1,1,1,1785887981
2026-08-05T00:03:11Z,355,5,1,18,0,0,1,1,1,1785887419
2026-08-05T00:03:11Z,356,3,0,14,2,0,1,1,1,1785888179
2026-08-05T00:03:11Z,357,18,7,0,1,0,1,1,1,1785888047
2026-08-05T00:03:11Z,358,15,1,12,0,0,1,1,1,1785887699
2026-08-05T00:03:11Z,359,10,2,17,0,0,1,1,1,1785888158
2026-08-05T00:03:11Z,360,9,1,10,0,0,1,1,1,1785887177
2026-08-05T00:03:11Z,362,8,7,8,3,0,1,1,1,1785887449
2026-08-05T00:03:11Z,363,22,0,5,0,0,1,1,1,1785888177
2026-08-05T00:03:11Z,364,3,0,16,0,0,1,1,1,1785886495
2026-08-05T00:03:11Z,365,4,2,16,3,0,1,1,1,1785887439
2026-08-05T00:03:11Z,366,8,2,11,4,0,1,1,1,1785887857
2026-08-05T00:03:11Z,367,5,0,13,1,0,1,1,1,1785887807
2026-08-05T00:03:11Z,368,0,0,22,1,0,1,1,1,1785884142
2026-08-05T00:03:11Z,370,9,3,17,1,0,1,1,1,1785887965
2026-08-05T00:03:11Z,371,3,1,15,1,0,1,1,1,1785887910
2026-08-05T00:03:11Z,372,6,2,8,1,0,1,1,1,1785887776
2026-08-05T00:03:11Z,373,6,2,20,1,0,1,1,1,1785887985
2026-08-05T00:03:11Z,374,5,1,14,0,0,1,1,1,1785887736
2026-08-05T00:03:11Z,375,11,10,14,2,0,1,1,1,1785888054
2026-08-05T00:03:11Z,376,34,7,0,5,0,1,1,1,1785888179
2026-08-05T00:03:11Z,377,0,0,26,1,0,1,1,1,1785888006
2026-08-05T00:03:11Z,378,6,4,16,1,1,1,1,1,1785888162
2026-08-05T00:03:11Z,379,26,1,0,1,0,1,1,1,1785888063
2026-08-05T00:03:11Z,380,7,0,16,0,0,1,1,1,1785887569
2026-08-05T00:03:11Z,381,10,0,13,0,0,1,1,1,1785887505
2026-08-05T00:03:11Z,383,8,0,7,0,0,1,1,1,1785887907
2026-08-05T00:03:11Z,384,5,1,20,2,0,1,1,1,1785887849
2026-08-05T00:03:11Z,385,0,0,18,0,0,1,1,1,1785888064
2026-08-05T00:03:11Z,387,3,1,20,0,0,1,1,1,1785887872
2026-08-05T00:03:11Z,388,1,1,46,2,0,1,1,1,1785888085
2026-08-05T00:03:11Z,389,4,2,10,1,0,1,1,1,1785886844
2026-08-05T00:03:11Z,390,7,0,12,0,0,1,1,1,1785887358
2026-08-05T00:03:11Z,391,5,4,9,1,0,1,1,1,1785887764
2026-08-05T00:03:11Z,392,1,0,16,2,0,1,1,1,1785887877
2026-08-05T00:03:11Z,393,1,1,9,1,0,1,1,1,1785887804
2026-08-05T00:03:11Z,394,1,1,10,2,0,1,1,1,1785887669
2026-08-05T00:03:11Z,396,24,20,15,3,0,1,1,1,1785888028
2026-08-05T00:03:11Z,397,7,2,4,20,0,1,1,1,1785887981
2026-08-05T00:03:11Z,399,1,0,13,3,0,1,1,1,1785888094
2026-08-05T00:03:11Z,400,16,10,5,2,0,1,1,1,1785887579
2026-08-05T00:03:11Z,401,17,1,22,0,0,1,1,1,1785888161
2026-08-05T00:03:11Z,403,16,5,13,2,0,1,1,1,1785887916
2026-08-05T00:03:11Z,404,6,2,17,0,0,1,1,1,1785887760
2026-08-05T00:03:11Z,406,23,1,12,0,0,1,1,1,1785888178
2026-08-05T00:03:11Z,407,0,0,34,0,0,1,1,1,1785887817
2026-08-05T00:03:11Z,408,25,10,5,3,0,1,1,1,1785888161
2026-08-05T00:03:11Z,409,0,0,21,2,0,1,1,1,1785886238
2026-08-05T00:03:11Z,413,4,0,18,1,0,1,1,1,1785887964
2026-08-05T00:03:11Z,414,2,0,13,0,0,1,1,1,1785888163
2026-08-05T00:03:11Z,417,6,3,13,0,0,1,1,1,1785888058
2026-08-05T00:03:11Z,418,3,3,10,2,0,1,1,1,1785886980
2026-08-05T00:03:11Z,419,12,4,11,0,0,1,1,1,1785887309
2026-08-05T00:03:11Z,421,18,0,1,0,0,1,1,1,1785887921
2026-08-05T00:03:11Z,422,3,2,23,1,0,1,1,1,1785887585
2026-08-05T00:03:11Z,423,7,2,16,0,0,1,1,1,1785888169
2026-08-05T00:03:11Z,424,4,0,7,3,1,1,1,1,1785888136
2026-08-05T00:03:11Z,425,4,0,16,1,1,1,1,1,1785888135
2026-08-05T00:03:11Z,426,0,0,35,2,0,1,1,1,1785888082
2026-08-05T00:03:11Z,427,12,0,1,2,0,1,1,1,1785887969
2026-08-05T00:03:11Z,428,15,0,3,1,0,1,1,1,1785888010
2026-08-05T00:03:11Z,429,9,2,13,1,0,1,1,1,1785888179
2026-08-05T00:03:11Z,430,15,2,16,0,0,1,1,1,1785888021
2026-08-05T00:03:11Z,431,1,1,30,2,0,1,1,1,1785887806
2026-08-05T00:03:11Z,432,0,0,30,1,0,0,1,1,1785508564
2026-08-05T00:03:11Z,433,8,2,11,4,0,1,1,1,1785887503
2026-08-05T00:03:11Z,437,5,4,10,3,1,1,1,1,1785888084
2026-08-05T00:03:11Z,438,5,1,13,1,0,1,1,1,1785888014
2026-08-05T00:03:11Z,439,6,1,8,1,0,1,1,1,1785888149
2026-08-05T00:03:11Z,440,11,0,4,0,0,1,1,1,1785887917
2026-08-05T00:03:11Z,441,5,1,2,8,0,1,1,1,1785887852
2026-08-05T00:03:11Z,442,11,2,5,3,0,1,1,1,1785887991
2026-08-05T00:03:11Z,443,3,1,24,0,0,1,1,1,1785876072
2026-08-05T00:03:11Z,444,5,2,18,0,0,1,1,1,1785886281
2026-08-05T00:03:11Z,445,8,2,14,1,0,1,1,1,1785888044
2026-08-05T00:03:11Z,446,4,2,18,1,0,1,1,1,1785887699
2026-08-05T00:03:11Z,447,4,0,17,1,1,1,1,1,1785886559
2026-08-05T00:03:11Z,448,6,2,9,0,0,1,1,1,1785886982
2026-08-05T00:03:11Z,452,16,4,3,0,0,1,1,1,1785887842
2026-08-05T00:03:11Z,453,7,1,4,4,0,1,1,1,1785887864
2026-08-05T00:03:11Z,454,0,0,18,1,0,1,1,1,1785888015
2026-08-05T00:03:11Z,455,0,0,39,0,0,1,1,1,1785886047
2026-08-05T00:03:11Z,456,15,0,3,2,0,1,1,1,1785888025
2026-08-05T00:03:11Z,457,0,0,24,3,0,1,1,1,1785887783
2026-08-05T00:03:11Z,458,8,0,13,2,0,1,1,1,1785887955
2026-08-05T00:03:11Z,459,11,2,3,1,0,1,1,1,1785887737
2026-08-05T00:03:11Z,460,20,1,1,2,0,1,1,1,1785887967
2026-08-05T00:03:11Z,461,12,2,7,0,0,1,1,1,1785887798
2026-08-05T00:03:11Z,462,7,0,14,0,0,1,1,1,1785888161
2026-08-05T00:03:11Z,463,10,0,9,0,0,1,1,1,1785887640
2026-08-05T00:03:11Z,464,2,1,12,0,0,1,1,1,1785888056
2026-08-05T00:03:11Z,465,8,5,7,0,0,1,1,1,1785887996
2026-08-05T00:03:11Z,466,4,0,7,4,0,1,1,1,1785888072
2026-08-05T00:03:11Z,467,3,2,16,0,0,1,1,1,1785887600
2026-08-05T00:03:11Z,468,10,3,8,1,0,1,1,1,1785887413
2026-08-05T00:03:11Z,469,3,0,20,0,0,1,1,1,1785888139
2026-08-05T00:03:11Z,470,1,1,13,1,0,1,1,1,1785887346
2026-08-05T00:03:11Z,471,6,1,19,2,0,1,1,1,1785887674
2026-08-05T00:03:11Z,472,7,2,10,2,0,1,1,1,1785888159
2026-08-05T00:03:11Z,473,1,1,16,2,0,1,1,1,1785887337
2026-08-05T00:03:11Z,474,3,0,16,0,0,1,1,1,1785887759
2026-08-05T00:03:11Z,475,9,1,7,3,0,1,1,1,1785887626
2026-08-05T00:03:11Z,477,3,3,11,1,0,1,1,1,1785888120
2026-08-05T00:03:11Z,478,26,1,4,1,0,1,1,1,1785888047
2026-08-05T00:03:11Z,479,0,0,26,1,0,1,1,1,1785888145
2026-08-05T00:03:11Z,480,2,0,11,2,0,1,1,1,1785888174
2026-08-05T00:03:11Z,481,31,0,2,2,0,1,1,1,1785888164
2026-08-05T00:03:11Z,482,6,1,12,1,0,1,1,1,1785887998
2026-08-05T00:03:11Z,483,8,5,17,2,0,1,1,1,1785888179
2026-08-05T00:03:11Z,484,0,0,18,1,0,1,1,1,1785888060
2026-08-05T00:03:11Z,485,5,0,12,1,1,1,1,1,1785888152
2026-08-05T00:03:11Z,486,10,0,14,3,0,1,1,1,1785888057
2026-08-05T00:03:11Z,487,4,4,14,1,0,1,1,1,1785888128
2026-08-05T00:03:11Z,489,11,4,4,0,0,1,1,1,1785888060
2026-08-05T00:03:11Z,490,15,0,0,1,0,1,1,1,1785886193
2026-08-05T00:03:11Z,491,14,3,4,3,0,1,1,1,1785884624
2026-08-05T00:03:11Z,492,6,1,1,4,0,1,1,1,1785888179
2026-08-05T00:03:11Z,493,1,0,25,1,0,1,1,1,1785886814
2026-08-05T00:03:11Z,495,6,2,4,5,0,1,1,1,1785888154
2026-08-05T00:03:11Z,496,27,1,0,0,0,1,1,1,1785888108
2026-08-05T00:03:11Z,497,6,3,11,1,0,1,1,1,1785887605
2026-08-05T00:03:11Z,498,1,0,21,1,0,1,1,1,1785888167
2026-08-05T00:03:11Z,499,13,0,6,0,0,1,1,1,1785887343
2026-08-05T00:03:11Z,500,7,2,7,1,0,1,1,1,1785888096
2026-08-05T00:03:11Z,501,2,1,19,0,0,1,1,1,1785887737
2026-08-05T00:03:11Z,502,1,0,18,0,0,1,1,1,1785886211
2026-08-05T00:03:11Z,503,22,1,8,1,0,1,1,1,1785888176
2026-08-05T00:03:11Z,504,15,2,23,1,0,1,1,1,1785888177
2026-08-05T00:03:11Z,505,3,2,9,0,0,1,1,1,1785888127
2026-08-05T00:03:11Z,511,4,1,17,2,0,1,1,1,1785887909
2026-08-05T00:03:11Z,512,1,0,25,1,0,1,1,1,1785888038
2026-08-05T00:03:11Z,514,10,3,0,1,0,1,1,1,1785888068
2026-08-05T00:03:11Z,515,4,1,14,1,0,1,1,1,1785887975
2026-08-05T00:03:11Z,516,9,0,18,0,0,1,1,1,1785887914
2026-08-05T00:03:11Z,517,8,0,15,0,0,1,1,1,1785888025
2026-08-05T00:03:11Z,518,1,1,14,0,0,1,1,1,1785887853
2026-08-05T00:03:11Z,519,1,0,17,1,0,1,1,1,1785887691
2026-08-05T00:03:11Z,520,3,2,15,8,1,1,1,1,1785888182
2026-08-05T00:03:11Z,521,10,4,13,0,0,1,1,1,1785887396
2026-08-05T00:03:11Z,522,22,0,1,0,0,1,1,1,1785887683
2026-08-05T00:03:11Z,523,7,3,14,2,0,1,1,1,1785887736
2026-08-05T00:03:11Z,524,21,3,1,1,0,1,1,1,1785888150
2026-08-05T00:03:11Z,525,17,3,2,0,0,1,1,1,1785888024
2026-08-05T00:03:11Z,526,12,4,2,1,0,1,1,1,1785888105
2026-08-05T00:03:11Z,527,3,3,23,0,0,1,1,1,1785886998
2026-08-05T00:03:11Z,528,10,3,12,1,0,1,1,1,1785887724
2026-08-05T00:03:11Z,530,1,0,18,2,0,1,1,1,1785888019
2026-08-05T00:03:11Z,531,6,0,15,1,1,1,1,1,1785887797
2026-08-05T00:03:11Z,532,4,4,25,2,0,1,1,1,1785887604
2026-08-05T00:03:11Z,533,9,0,9,1,0,1,1,1,1785887614
2026-08-05T00:03:11Z,534,19,11,4,0,0,1,1,1,1785888049
2026-08-05T00:03:11Z,535,0,0,15,0,0,1,1,1,1785887975
2026-08-05T00:03:11Z,536,14,2,9,0,0,1,1,1,1785888080
2026-08-05T00:03:11Z,537,0,0,20,0,0,1,1,1,1785884044
2026-08-05T00:03:11Z,538,8,4,14,0,1,1,1,1,1785888162
2026-08-05T00:03:11Z,539,0,0,30,2,0,1,1,1,1785888132
2026-08-05T00:03:11Z,540,3,2,16,0,0,1,1,1,1785887858
2026-08-05T00:03:11Z,541,17,2,8,2,0,1,1,1,1785887754
2026-08-05T00:03:11Z,542,2,1,21,0,0,1,1,1,1785888126
2026-08-05T00:03:11Z,543,5,2,14,0,0,1,1,1,1785888007
2026-08-05T00:03:11Z,544,11,0,6,5,0,1,1,1,1785888182
2026-08-05T00:03:11Z,545,11,2,5,3,0,1,1,1,1785888048
2026-08-05T00:03:11Z,546,5,4,14,0,0,1,1,1,1785887755
2026-08-05T00:03:11Z,547,0,0,25,0,0,1,1,1,1785888080
2026-08-05T00:03:11Z,548,15,0,8,0,0,1,1,1,1785888072
2026-08-05T00:03:11Z,549,18,1,4,1,0,1,1,1,1785888136
2026-08-05T00:03:11Z,550,7,6,12,0,0,1,1,1,1785887992
2026-08-05T00:03:11Z,551,9,3,12,2,0,1,1,1,1785886126
2026-08-05T00:03:11Z,552,3,3,24,0,0,1,1,1,1785887121
2026-08-05T00:03:11Z,553,1,1,22,0,0,1,1,1,1785887896
2026-08-05T00:03:11Z,554,0,0,19,0,0,1,1,1,1785887579
2026-08-05T00:03:11Z,555,7,2,7,1,0,1,1,1,1785887765
2026-08-05T00:03:11Z,556,6,3,16,1,0,1,1,1,1785888178
2026-08-05T00:03:11Z,557,3,1,19,1,0,1,1,1,1785888050
2026-08-05T00:03:11Z,558,3,0,34,0,0,1,1,1,1785887973
2026-08-05T00:03:11Z,559,1,0,17,1,0,1,1,1,1785887909
2026-08-05T00:03:11Z,560,21,0,4,2,0,1,1,1,1785888074
2026-08-05T00:03:11Z,561,2,0,20,1,0,1,1,1,1785888060
2026-08-05T00:03:11Z,562,19,1,12,4,0,1,1,1,1785888181
2026-08-05T00:03:11Z,563,11,0,2,1,0,1,1,1,1785888042
2026-08-05T00:03:11Z,564,14,0,5,0,0,1,1,1,1785887904
2026-08-05T00:03:11Z,565,1,0,17,1,0,1,1,1,1785887686
2026-08-05T00:03:11Z,566,3,2,15,1,0,1,1,1,1785888142
2026-08-05T00:03:11Z,567,22,0,2,3,0,1,1,1,1785887707
2026-08-05T00:03:11Z,568,10,1,8,1,0,1,1,1,1785888069
2026-08-05T00:03:11Z,569,1,0,16,2,0,1,1,1,1785887858
2026-08-05T00:03:11Z,570,6,0,13,0,0,1,1,1,1785887777
2026-08-05T00:03:11Z,571,9,0,13,1,0,1,1,1,1785888079
2026-08-05T00:03:11Z,572,7,0,11,1,0,1,1,1,1785887965
2026-08-05T00:03:11Z,573,13,1,1,1,0,1,1,1,1785887615
2026-08-05T00:03:11Z,574,11,8,3,1,0,1,1,1,1785887456
2026-08-05T00:03:11Z,575,1,1,20,0,0,1,1,1,1785888177
2026-08-05T00:03:11Z,576,11,4,8,0,0,1,1,1,1785887853
2026-08-05T00:03:11Z,577,13,0,18,0,0,1,1,1,1785887541
2026-08-05T00:03:11Z,578,15,6,7,1,0,1,1,1,1785888177
2026-08-05T00:03:11Z,579,9,0,33,1,0,1,1,1,1785888114
2026-08-05T00:03:11Z,580,2,0,27,0,0,1,1,1,1785886445
2026-08-05T00:03:11Z,581,17,1,2,0,0,1,1,1,1785888098
2026-08-05T00:03:11Z,582,3,1,57,1,0,1,1,1,1785888116
2026-08-05T00:03:11Z,583,16,1,6,1,0,1,1,1,1785888092
2026-08-05T00:03:11Z,584,3,3,12,4,0,1,1,1,1785888130
2026-08-05T00:03:11Z,585,26,2,0,1,0,1,1,1,1785887916
2026-08-05T00:03:11Z,586,0,0,35,0,0,1,1,1,1785887611
2026-08-05T00:03:11Z,587,9,0,14,1,0,1,1,1,1785888043
2026-08-05T00:03:11Z,588,7,1,12,0,0,1,1,1,1785886154
2026-08-05T00:03:11Z,589,15,11,6,1,0,1,1,1,1785888098
2026-08-05T00:03:11Z,590,9,2,21,1,0,1,1,1,1785887416
2026-08-05T00:03:11Z,591,14,2,14,2,0,1,1,1,1785887770
2026-08-05T00:03:11Z,592,2,0,21,0,0,1,1,1,1785888003
2026-08-05T00:03:11Z,593,4,0,34,0,0,1,1,1,1785886000
2026-08-05T00:03:11Z,594,19,0,0,2,0,1,1,1,1785886189
2026-08-05T00:03:11Z,595,0,0,3,0,0,0,1,1,1784046673
2026-08-05T00:03:11Z,605,0,0,2,1,0,0,1,1,1783975843
2026-08-05T00:03:11Z,606,0,0,0,0,0,0,1,1,86400
2026-08-05T00:03:11Z,607,28,1,2,2,0,1,1,1,1785888163
2026-08-05T00:03:11Z,608,13,2,37,0,0,1,1,1,1785888130
2026-08-05T00:03:11Z,609,4,4,19,0,0,1,1,1,1785888125
2026-08-05T00:03:11Z,610,13,0,22,0,0,1,1,1,1785888177
2026-08-05T00:03:11Z,611,5,0,20,2,0,1,1,1,1785887939
2026-08-05T00:03:11Z,612,2,0,13,0,0,1,1,1,1785887596
2026-08-05T00:03:11Z,613,4,3,9,2,0,1,1,1,1785886886
2026-08-05T00:03:11Z,614,1,1,22,3,1,1,1,1,1785887520
2026-08-05T00:03:11Z,617,8,1,7,0,0,1,1,1,1785887097
2026-08-05T00:03:11Z,618,5,2,13,1,0,1,1,1,1785887955
2026-08-05T00:03:11Z,619,12,0,7,0,0,1,1,1,1785887789
2026-08-05T00:03:11Z,620,1,0,26,0,0,1,1,1,1785887599
2026-08-05T00:03:11Z,621,12,0,11,0,0,1,1,1,1785887790
2026-08-05T00:03:11Z,622,1,1,22,0,0,1,1,1,1785887258
2026-08-05T00:03:11Z,623,2,1,27,1,0,1,1,1,1785887407
2026-08-05T00:03:11Z,624,1,0,14,0,0,1,1,1,1785888020
2026-08-05T00:03:11Z,625,4,1,7,11,0,1,1,1,1785887968
2026-08-05T00:03:11Z,626,21,0,24,0,2,1,1,1,1785888172
2026-08-05T00:03:11Z,627,7,1,11,1,0,1,1,1,1785885719
2026-08-05T00:03:11Z,628,9,5,7,2,1,1,1,1,1785887718
2026-08-05T00:03:11Z,629,1,0,9,1,0,1,1,1,1785887890
2026-08-05T00:03:11Z,630,21,2,2,4,0,1,1,1,1785888076
2026-08-05T00:03:11Z,631,9,0,14,0,0,1,1,1,1785887993
2026-08-05T00:03:11Z,632,16,2,4,3,0,1,1,1,1785887812
2026-08-05T00:03:11Z,633,12,4,2,1,0,1,1,1,1785888068
2026-08-05T00:03:11Z,634,12,4,7,0,0,1,1,1,1785888067
2026-08-05T00:03:11Z,635,17,1,2,0,0,1,1,1,1785887824
2026-08-05T00:03:11Z,636,3,0,12,0,0,1,1,1,1785886443
2026-08-05T00:03:11Z,637,12,10,6,1,0,1,1,1,1785886219
2026-08-05T00:03:11Z,638,7,2,8,4,0,1,1,1,1785887562
2026-08-05T00:03:11Z,639,4,0,14,1,0,1,1,1,1785886680
2026-08-05T00:03:11Z,640,0,0,21,2,0,1,1,1,1785887282
2026-08-05T00:03:11Z,641,2,0,24,1,0,1,1,1,1785888119
2026-08-05T00:03:11Z,642,4,1,8,17,0,1,1,1,1785888096
2026-08-05T00:03:11Z,643,0,0,18,9,0,1,1,1,1785888182
2026-08-05T00:03:11Z,644,7,0,7,1,0,1,1,1,1785888145
2026-08-05T00:03:11Z,645,5,2,16,1,1,1,1,1,1785887261
2026-08-05T00:03:11Z,646,11,0,8,0,0,1,1,1,1785887746
2026-08-05T00:03:11Z,647,23,1,7,1,0,1,1,1,1785888171
2026-08-05T00:03:11Z,648,4,1,14,1,0,1,1,1,1785888134
2026-08-05T00:03:11Z,649,1,1,30,0,0,1,1,1,1785886897
2026-08-05T00:03:11Z,650,5,1,9,0,0,1,1,1,1785884638
2026-08-05T00:03:11Z,651,13,7,9,1,0,1,1,1,1785887801
2026-08-05T00:03:11Z,652,5,2,16,2,0,1,1,1,1785888117
2026-08-05T00:03:11Z,653,2,1,17,0,0,1,1,1,1785888160
2026-08-05T00:03:11Z,654,2,2,12,1,0,1,1,1,1785887890
2026-08-05T00:03:11Z,655,0,0,1,8,4,1,1,1,1785888175
2026-08-05T00:03:11Z,656,17,2,2,0,0,1,1,1,1785888129
2026-08-05T00:03:11Z,657,4,4,9,2,2,1,1,1,1785888087
2026-08-05T00:03:11Z,659,7,5,3,5,0,1,1,1,1785887233
2026-08-05T00:03:11Z,660,1,1,24,6,0,1,1,1,1785888179
2026-08-05T00:03:11Z,661,7,4,11,1,0,1,1,1,1785888111
2026-08-05T00:03:11Z,662,3,2,18,2,0,1,1,1,1785883903
2026-08-05T00:03:11Z,663,3,1,12,0,0,1,1,1,1785887937
2026-08-05T00:03:11Z,664,1,0,25,1,0,1,1,1,1785887048
2026-08-05T00:03:11Z,665,3,0,11,1,0,1,1,1,1785887543
2026-08-05T00:03:11Z,666,11,6,1,3,0,1,1,1,1785886604
2026-08-05T00:03:11Z,667,15,0,1,3,0,1,1,1,1785888121
2026-08-05T00:03:11Z,668,5,0,14,0,0,1,1,1,1785888053
2026-08-05T00:03:11Z,669,10,1,2,2,0,1,1,1,1785887391
2026-08-05T00:03:11Z,670,10,0,17,0,0,1,1,1,1785887935
2026-08-05T00:03:11Z,671,26,0,1,0,0,1,1,1,1785888160
2026-08-05T00:03:11Z,672,12,2,7,3,1,1,1,1,1785888140
2026-08-05T00:03:11Z,673,9,0,14,0,0,1,1,1,1785888157
2026-08-05T00:03:11Z,674,21,8,0,2,0,1,1,1,1785888047
2026-08-05T00:03:11Z,675,3,0,9,3,0,1,1,1,1785887350
2026-08-05T00:03:11Z,676,7,1,15,0,0,1,1,1,1785888108
2026-08-05T00:03:11Z,681,9,1,4,2,0,1,1,1,1785887865
2026-08-05T00:03:11Z,682,5,1,14,0,0,1,1,1,1785886590
2026-08-05T00:03:11Z,683,2,1,17,0,0,1,1,1,1785884929
2026-08-05T00:03:11Z,684,1,0,26,0,0,1,1,1,1785880555
2026-08-05T00:03:11Z,685,8,4,17,1,1,1,1,1,1785888138
2026-08-05T00:03:11Z,686,12,2,13,2,0,1,1,1,1785888138
2026-08-05T00:03:11Z,687,12,2,17,1,1,1,1,1,1785887873
2026-08-05T00:03:11Z,688,8,1,11,0,0,1,1,1,1785885805
2026-08-05T00:03:11Z,692,0,0,21,0,0,1,1,1,1785887056
2026-08-05T00:03:11Z,693,4,0,4,3,0,1,1,1,1785887346
2026-08-05T00:03:11Z,694,1,0,19,1,0,1,1,1,1785888076
2026-08-05T00:03:11Z,695,3,0,18,2,0,1,1,1,1785887344
2026-08-05T00:03:11Z,696,6,4,17,0,0,1,1,1,1785887891
2026-08-05T00:03:11Z,697,22,0,1,0,0,1,1,1,1785888142
2026-08-05T00:03:11Z,698,26,1,1,0,0,1,1,1,1785888138
2026-08-05T00:03:11Z,699,5,4,10,0,0,1,1,1,1785887348
2026-08-05T00:03:11Z,700,8,0,10,1,0,1,1,1,1785887247
2026-08-05T00:03:11Z,701,5,2,14,0,0,1,1,1,1785887507
2026-08-05T00:03:11Z,702,4,1,19,0,0,1,1,1,1785888059
2026-08-05T00:03:11Z,704,7,0,8,0,0,1,1,1,1785887435
2026-08-05T00:03:11Z,705,1,0,14,0,0,1,1,1,1785886881
2026-08-05T00:03:11Z,706,5,4,8,2,0,1,1,1,1785886661
2026-08-05T00:03:11Z,707,5,3,10,0,0,1,1,1,1785888092
2026-08-05T00:03:11Z,708,18,0,1,0,0,1,1,1,1785887363
2026-08-05T00:03:11Z,709,5,2,7,3,0,1,1,1,1785887085
2026-08-05T00:03:11Z,710,9,2,10,0,0,1,1,1,1785888067
2026-08-05T00:03:11Z,711,4,3,18,1,0,1,1,1,1785887709
2026-08-05T00:03:11Z,712,3,1,12,0,0,1,1,1,1785888017
2026-08-05T00:03:11Z,713,5,2,18,0,0,1,1,1,1785888078
2026-08-05T00:03:11Z,716,8,5,6,1,0,1,1,1,1785886752
2026-08-05T00:03:11Z,717,18,10,5,2,0,1,1,1,1785888099
2026-08-05T00:03:11Z,718,2,0,13,0,0,1,1,1,1785887790
2026-08-05T00:03:11Z,719,25,0,4,0,0,1,1,1,1785887669
2026-08-05T00:03:11Z,720,3,2,16,0,0,1,1,1,1785888096
2026-08-05T00:03:11Z,721,9,0,12,2,0,1,1,1,1785887953
2026-08-05T00:03:11Z,722,11,0,4,0,0,1,1,1,1785886852
2026-08-05T00:03:11Z,723,14,2,8,1,0,1,1,1,1785887893
2026-08-05T00:03:11Z,724,0,0,23,0,0,1,1,1,1785886659
2026-08-05T00:03:11Z,725,21,1,2,0,0,1,1,1,1785888129
2026-08-05T00:03:11Z,726,13,0,6,0,0,1,1,1,1785887770
2026-08-05T00:03:11Z,727,7,4,12,4,0,1,1,1,1785886495
2026-08-05T00:03:11Z,728,7,1,6,2,0,1,1,1,1785887921
2026-08-05T00:03:11Z,729,16,1,2,1,0,1,1,1,1785888159
2026-08-05T00:03:11Z,730,3,0,12,0,0,1,1,1,1785887669
2026-08-05T00:03:11Z,731,4,0,10,1,0,1,1,1,1785887443
2026-08-05T00:03:11Z,732,9,0,5,1,0,1,1,1,1785886698
2026-08-05T00:03:11Z,733,18,2,8,1,0,1,1,1,1785887966
2026-08-05T00:03:11Z,734,5,3,8,1,0,1,1,1,1785887331
2026-08-05T00:03:11Z,735,1,1,26,0,0,1,1,1,1785888151
2026-08-05T00:03:11Z,736,11,2,8,0,0,1,1,1,1785887740
2026-08-05T00:03:11Z,737,11,4,3,0,1,1,1,1,1785888139
2026-08-05T00:03:11Z,738,5,1,14,0,0,1,1,1,1785887552
2026-08-05T00:03:11Z,739,7,1,19,1,0,1,1,1,1785886732
2026-08-05T00:03:11Z,741,14,5,9,0,0,1,1,1,1785888060
2026-08-05T00:03:11Z,742,21,1,16,2,0,1,1,1,1785888124
2026-08-05T00:03:11Z,743,0,0,18,1,0,1,1,1,1785888112
2026-08-05T00:03:11Z,744,2,2,12,1,0,1,1,1,1785887310
2026-08-05T00:03:11Z,745,9,3,9,1,0,1,1,1,1785887956
2026-08-05T00:03:11Z,746,11,0,9,0,0,1,1,1,1785887616
2026-08-05T00:03:11Z,747,0,0,4,0,0,0,1,1,1783446606
2026-08-05T00:03:11Z,748,11,0,12,0,0,1,1,1,1785887451
2026-08-05T00:03:11Z,749,8,1,14,1,0,1,1,1,1785887958
2026-08-05T00:03:11Z,750,0,0,11,0,0,1,1,1,1785888053
2026-08-05T00:03:11Z,751,4,4,18,1,0,1,1,1,1785888134
2026-08-05T00:03:11Z,752,3,1,13,1,0,1,1,1,1785888053
2026-08-05T00:03:11Z,753,15,0,0,0,0,1,1,1,1785888063
2026-08-05T00:03:11Z,754,2,0,13,0,0,1,1,1,1785887540
2026-08-05T00:03:11Z,755,7,2,15,1,0,1,1,1,1785887923
2026-08-05T00:03:11Z,756,8,8,29,0,0,1,1,1,1785887735
2026-08-05T00:03:11Z,757,3,0,16,0,0,1,1,1,1785888062
2026-08-05T00:03:11Z,758,20,11,3,0,0,1,1,1,1785887889
2026-08-05T00:03:11Z,759,4,3,10,1,0,1,1,1,1785887573
2026-08-05T00:03:11Z,760,5,0,14,0,0,1,1,1,1785885673
2026-08-05T00:03:11Z,761,8,2,14,1,0,1,1,1,1785887871
2026-08-05T00:03:11Z,762,4,2,9,2,0,1,1,1,1785888009
2026-08-05T00:03:11Z,768,2,1,15,2,0,1,1,1,1785887050
2026-08-05T00:03:11Z,769,12,3,7,0,0,1,1,1,1785888152
2026-08-05T00:03:11Z,770,6,3,11,2,0,1,1,1,1785887793
2026-08-05T00:03:11Z,771,4,2,9,2,0,1,1,1,1785886824
2026-08-05T00:03:11Z,772,4,3,11,0,0,1,1,1,1785887314
2026-08-05T00:03:11Z,773,11,6,7,1,0,1,1,1,1785887941
2026-08-05T00:03:11Z,774,4,0,10,1,0,1,1,1,1785888143
2026-08-05T00:03:11Z,775,7,2,10,2,0,1,1,1,1785887995
2026-08-05T00:03:11Z,776,5,1,15,1,0,1,1,1,1785886736
2026-08-05T00:03:11Z,777,13,6,1,0,0,1,1,1,1785886503
2026-08-05T00:03:11Z,778,16,3,2,1,0,1,1,1,1785887801
2026-08-05T00:03:11Z,779,13,1,6,0,0,1,1,1,1785886631
2026-08-05T00:03:11Z,780,3,1,13,3,0,1,1,1,1785887883
2026-08-05T00:03:11Z,781,2,1,5,4,0,1,1,1,1785887540
2026-08-05T00:03:11Z,782,0,0,17,2,0,1,1,1,1785887344
2026-08-05T00:03:11Z,783,4,1,14,1,0,1,1,1,1785888152
2026-08-05T00:03:11Z,784,7,1,12,0,0,1,1,1,1785888140
2026-08-05T00:03:11Z,785,9,1,4,6,0,1,1,1,1785887819
2026-08-05T00:03:11Z,786,4,1,14,1,0,1,1,1,1785888064
2026-08-05T00:03:11Z,787,2,1,12,1,0,1,1,1,1785887463
2026-08-05T00:03:11Z,788,7,4,8,0,0,1,1,1,1785886820
2026-08-05T00:03:11Z,789,9,2,2,4,0,1,1,1,1785886835
2026-08-05T00:03:11Z,790,6,1,17,0,0,1,1,1,1785887719
2026-08-05T00:03:11Z,791,12,1,5,1,1,1,1,1,1785887829
2026-08-05T00:03:11Z,793,5,1,9,1,0,1,1,1,1785886728
2026-08-05T00:03:11Z,794,14,2,12,3,0,1,1,1,1785887910
2026-08-05T00:03:11Z,796,5,0,13,1,0,1,1,1,1785887361
2026-08-05T00:03:11Z,797,4,1,11,0,0,1,1,1,1785886742
2026-08-05T00:03:11Z,798,5,0,19,1,0,1,1,1,1785888135
2026-08-05T00:03:11Z,799,7,3,9,3,0,1,1,1,1785887329
2026-08-05T00:03:11Z,800,18,0,1,2,0,1,1,1,1785888125
2026-08-05T00:03:11Z,801,11,5,7,3,0,1,1,1,1785888108
2026-08-05T00:03:11Z,802,1,0,28,2,0,1,1,1,1785886837
2026-08-05T00:03:11Z,803,15,3,0,0,0,1,1,1,1785887578
2026-08-05T00:03:11Z,806,11,4,3,1,0,1,1,1,1785887785
2026-08-05T00:03:11Z,807,0,0,25,0,0,1,1,1,1785887217
2026-08-05T00:03:11Z,808,4,0,19,2,0,1,1,1,1785886945
2026-08-05T00:03:11Z,809,5,3,18,0,0,1,1,1,1785887607
2026-08-05T00:03:11Z,810,5,1,12,2,0,1,1,1,1785887773
2026-08-05T00:03:11Z,815,8,2,5,1,1,1,1,1,1785887698
2026-08-05T00:03:11Z,817,4,1,10,1,0,1,1,1,1785887855
2026-08-05T00:03:11Z,818,10,3,13,0,0,1,1,1,1785886837
2026-08-05T00:03:11Z,819,8,0,7,0,0,1,1,1,1785886132
2026-08-05T00:03:11Z,820,3,2,14,0,0,1,1,1,1785887745
2026-08-05T00:03:11Z,821,1,0,13,1,0,1,1,1,1785887338
2026-08-05T00:03:11Z,822,18,0,3,2,0,1,1,1,1785888171
2026-08-05T00:03:11Z,823,14,0,0,1,0,1,1,1,1785887976
2026-08-05T00:03:11Z,824,12,9,2,5,0,1,1,1,1785888134
2026-08-05T00:03:11Z,825,3,0,12,0,0,1,1,1,1785885243
2026-08-05T00:03:11Z,826,12,0,6,1,0,1,1,1,1785887802
2026-08-05T00:03:11Z,827,9,0,9,3,0,1,1,1,1785887247
2026-08-05T00:03:11Z,828,6,0,11,1,0,1,1,1,1785887678
2026-08-05T00:03:11Z,829,19,11,8,0,0,1,1,1,1785887793
2026-08-05T00:03:11Z,830,23,1,0,0,0,1,1,1,1785887916
2026-08-05T00:03:11Z,831,10,7,2,3,0,1,1,1,1785887954
2026-08-05T00:03:11Z,832,11,4,6,1,0,1,1,1,1785887026
2026-08-05T00:03:11Z,833,10,7,8,1,0,1,1,1,1785887661
2026-08-05T00:03:11Z,834,3,0,20,1,0,1,1,1,1785888182
2026-08-05T00:03:11Z,835,13,1,4,1,0,1,1,1,1785887953
2026-08-05T00:03:11Z,838,6,6,5,4,0,1,1,1,1785888092
2026-08-05T00:03:11Z,839,19,0,9,1,0,1,1,1,1785887460
2026-08-05T00:03:11Z,840,8,4,20,1,0,1,1,1,1785888148
2026-08-05T00:03:11Z,841,11,5,0,4,0,1,1,1,1785887923
2026-08-05T00:03:11Z,842,10,4,13,0,0,1,1,1,1785887128
2026-08-05T00:03:11Z,843,19,2,12,0,0,1,1,1,1785887901
2026-08-05T00:03:11Z,844,0,0,23,0,0,1,1,1,1785886710
2026-08-05T00:03:11Z,845,10,5,9,0,0,1,1,1,1785887470
2026-08-05T00:03:11Z,846,5,1,14,0,0,1,1,1,1785888091
2026-08-05T00:03:11Z,847,4,0,23,0,0,1,1,1,1785887100
2026-08-05T00:03:11Z,848,0,0,18,1,0,1,1,1,1785885130
2026-08-05T00:03:11Z,849,1,0,13,1,0,1,1,1,1785887732
2026-08-05T00:03:11Z,850,4,1,5,2,0,1,1,1,1785887064
2026-08-05T00:03:11Z,851,3,3,30,4,0,1,1,1,1785888120
2026-08-05T00:03:11Z,852,11,7,8,0,0,1,1,1,1785887910
2026-08-05T00:03:11Z,853,9,4,14,0,0,1,1,1,1785886469
2026-08-05T00:03:11Z,854,3,0,12,0,0,1,1,1,1785888043
2026-08-05T00:03:11Z,855,20,4,6,1,0,1,1,1,1785888123
2026-08-05T00:03:11Z,857,6,5,12,1,0,1,1,1,1785887521
2026-08-05T00:03:11Z,858,5,2,13,1,0,1,1,1,1785887397
2026-08-05T00:03:11Z,859,9,4,10,2,0,1,1,1,1785888148
2026-08-05T00:03:11Z,861,6,0,4,1,0,1,1,1,1785879885
2026-08-05T00:03:11Z,862,6,1,8,1,0,1,1,1,1785888006
2026-08-05T00:03:11Z,863,8,2,10,1,0,1,1,1,1785888088
2026-08-05T00:03:11Z,866,8,1,11,0,0,1,1,1,1785887182
2026-08-05T00:03:11Z,867,7,1,8,0,0,1,1,1,1785887531
2026-08-05T00:03:11Z,868,10,1,5,0,0,1,1,1,1785888110
2026-08-05T00:03:11Z,870,9,2,6,0,0,1,1,1,1785886558
2026-08-05T00:03:11Z,871,1,1,9,1,0,1,1,1,1785887291
2026-08-05T00:03:11Z,872,5,2,9,1,0,1,1,1,1785886702
2026-08-05T00:03:11Z,873,1,1,32,0,0,1,1,1,1785887972
2026-08-05T00:03:11Z,874,4,0,8,3,0,1,1,1,1785888170
2026-08-05T00:03:11Z,875,11,8,4,0,0,1,1,1,1785887975
2026-08-05T00:03:11Z,877,13,13,6,0,0,1,1,1,1785886965
2026-08-05T00:03:11Z,878,1,1,18,0,0,1,1,1,1785887389
2026-08-05T00:03:11Z,879,0,0,19,0,0,1,1,1,1785888082
2026-08-05T00:03:11Z,880,2,1,21,0,0,1,1,1,1785886989
2026-08-05T00:03:11Z,881,4,2,15,0,0,1,1,1,1785887325
2026-08-05T00:03:11Z,882,10,6,8,1,0,1,1,1,1785866274
2026-08-05T00:03:11Z,883,12,6,7,0,0,1,1,1,1785886836
2026-08-05T00:03:11Z,884,8,2,12,1,0,1,1,1,1785887024
2026-08-05T00:03:11Z,885,1,0,17,1,0,1,1,1,1785885216
2026-08-05T00:03:11Z,886,3,3,25,1,0,1,1,1,1785888092
2026-08-05T00:03:11Z,887,5,0,10,2,0,1,1,1,1785887833
2026-08-05T00:03:11Z,888,6,0,33,2,0,1,1,1,1785888070
2026-08-05T00:03:11Z,889,14,0,2,3,0,1,1,1,1785887254
2026-08-05T00:03:11Z,890,9,3,6,0,0,1,1,1,1785884134
2026-08-05T00:03:11Z,891,0,0,22,1,0,1,1,1,1785886716
2026-08-05T00:03:11Z,892,3,0,12,0,0,1,1,1,1785888084
2026-08-05T00:03:11Z,895,4,0,15,0,0,1,1,1,1785887041
2026-08-05T00:03:11Z,896,7,0,28,0,0,1,1,1,1785886745
2026-08-05T00:03:11Z,897,21,1,0,0,0,1,1,1,1785887200
2026-08-05T00:03:11Z,898,6,2,12,1,0,1,1,1,1785886588
2026-08-05T00:03:11Z,899,14,2,5,0,0,1,1,1,1785887074
2026-08-05T00:03:11Z,900,15,2,12,0,0,1,1,1,1785887649
2026-08-05T00:03:11Z,901,11,0,7,1,0,1,1,1,1785887986
2026-08-05T00:03:11Z,902,9,2,6,0,0,1,1,1,1785887970
2026-08-05T00:03:11Z,903,1,0,18,0,0,1,1,1,1785886906
2026-08-05T00:03:11Z,904,12,4,6,1,0,1,1,1,1785887094
2026-08-05T00:03:11Z,905,7,0,20,0,0,1,1,1,1785888113
2026-08-05T00:03:11Z,906,11,11,15,1,0,1,1,1,1785887860
2026-08-05T00:03:11Z,907,29,0,1,1,0,1,1,1,1785888083
2026-08-05T00:03:11Z,908,13,4,10,0,0,1,1,1,1785887391
2026-08-05T00:03:11Z,909,13,3,9,1,0,1,1,1,1785888116
2026-08-05T00:03:11Z,910,17,0,14,0,0,1,1,1,1785888160
2026-08-05T00:03:11Z,911,2,0,16,1,0,1,1,1,1785888074
2026-08-05T00:03:11Z,912,20,1,2,1,0,1,1,1,1785888178
2026-08-05T00:03:11Z,913,2,2,17,0,0,1,1,1,1785887673
2026-08-05T00:03:11Z,914,3,0,16,0,0,1,1,1,1785888112
2026-08-05T00:03:11Z,915,11,0,11,1,0,1,1,1,1785888017
2026-08-05T00:03:11Z,916,3,1,19,1,0,1,1,1,1785888182
2026-08-05T00:03:11Z,917,14,0,21,0,0,1,1,1,1785888088
2026-08-05T00:03:11Z,918,11,6,8,0,0,1,1,1,1785887959
2026-08-05T00:03:11Z,919,12,0,27,0,0,1,1,1,1785888176
2026-08-05T00:03:11Z,920,9,5,9,1,0,1,1,1,1785887479
2026-08-05T00:03:11Z,921,12,3,9,0,0,1,1,1,1785888105
2026-08-05T00:03:11Z,922,5,2,16,0,0,1,1,1,1785886480
2026-08-05T00:03:11Z,923,7,7,11,1,0,1,1,1,1785888074
2026-08-05T00:03:11Z,924,5,2,16,0,0,1,1,1,1785887924
2026-08-05T00:03:11Z,925,13,1,8,0,0,1,1,1,1785888076
2026-08-05T00:03:11Z,926,6,0,15,0,0,1,1,1,1785887911
2026-08-05T00:03:11Z,927,4,0,31,0,0,1,1,1,1785887528
2026-08-05T00:03:11Z,928,0,0,19,0,0,0,1,1,1785500252
2026-08-05T00:03:11Z,929,0,0,23,0,0,1,1,1,1785888138
2026-08-05T00:03:11Z,930,24,0,5,2,0,1,1,1,1785888046
2026-08-05T00:03:11Z,931,0,0,23,0,0,1,1,1,1785888124
2026-08-05T00:03:11Z,932,16,1,1,2,0,1,1,1,1785888179
2026-08-05T00:03:11Z,933,21,0,0,2,0,1,1,1,1785888066
2026-08-05T00:03:11Z,934,5,0,26,0,0,1,1,1,1785888151
2026-08-05T00:03:11Z,935,10,0,8,1,0,1,1,1,1785888043
2026-08-05T00:03:11Z,936,3,0,16,0,0,1,1,1,1785888015
2026-08-05T00:03:11Z,940,9,0,2,0,0,1,1,1,1785888114
2026-08-05T00:03:11Z,941,22,3,1,2,0,1,1,1,1785888070
2026-08-05T00:03:11Z,942,4,2,17,0,0,1,1,1,1785888069
2026-08-05T00:03:11Z,943,9,9,6,0,0,1,1,1,1785888165
2026-08-05T00:03:11Z,944,5,3,8,2,0,1,1,1,1785886463
2026-08-05T00:03:11Z,945,5,5,10,0,0,1,1,1,1785887739
2026-08-05T00:03:11Z,946,8,5,11,0,0,1,1,1,1785871660
2026-08-05T00:03:11Z,947,6,5,10,1,0,1,1,1,1785888154
2026-08-05T00:03:11Z,948,1,1,27,3,0,1,1,1,1785887996
2026-08-05T00:03:11Z,949,0,0,15,0,0,1,1,1,1785887294
2026-08-05T00:03:11Z,950,13,2,3,1,0,1,1,1,1785888126
2026-08-05T00:03:11Z,951,10,0,11,2,0,1,1,1,1785887539
2026-08-05T00:03:11Z,952,30,0,25,0,0,1,1,1,1785887964
2026-08-05T00:03:11Z,953,8,1,6,1,0,1,1,1,1785887933
2026-08-05T00:03:11Z,954,11,1,8,0,0,1,1,1,1785888181
2026-08-05T00:03:11Z,955,4,4,20,3,0,1,1,1,1785887640
2026-08-05T00:03:11Z,956,17,2,4,2,0,1,1,1,1785887761
2026-08-05T00:03:11Z,957,27,3,0,2,0,1,1,1,1785887841
2026-08-05T00:03:11Z,958,19,0,11,1,0,1,1,1,1785888123
2026-08-05T00:03:11Z,959,11,5,11,1,0,1,1,1,1785886869
2026-08-05T00:03:11Z,960,18,4,5,0,0,1,1,1,1785888171
2026-08-05T00:03:11Z,961,2,2,19,1,0,1,1,1,1785887370
2026-08-05T00:03:11Z,962,8,3,25,2,0,1,1,1,1785888129
2026-08-05T00:03:11Z,963,22,3,0,0,0,1,1,1,1785888090
2026-08-05T00:03:11Z,964,13,5,10,0,0,1,1,1,1785887641
2026-08-05T00:03:11Z,965,3,1,21,3,0,1,1,1,1785887156
2026-08-05T00:03:11Z,966,1,0,30,0,0,1,1,1,1785887725
2026-08-05T00:03:11Z,967,14,0,3,4,0,1,1,1,1785888106
2026-08-05T00:03:11Z,968,17,0,2,0,0,1,1,1,1785887761
2026-08-05T00:03:11Z,969,1,0,23,3,0,1,1,1,1785888139
2026-08-05T00:03:11Z,970,13,5,3,3,0,1,1,1,1785888044
2026-08-05T00:03:11Z,971,15,0,6,2,0,1,1,1,1785887456
2026-08-05T00:03:11Z,972,5,4,16,2,0,1,1,1,1785887350
2026-08-05T00:03:11Z,973,3,2,17,3,0,1,1,1,1785887869
2026-08-05T00:03:11Z,974,9,0,18,0,0,1,1,1,1785888173
2026-08-05T00:03:11Z,977,3,3,17,1,0,1,1,1,1785887936
2026-08-05T00:03:11Z,978,5,0,18,0,0,1,1,1,1785887187
2026-08-05T00:03:11Z,979,4,0,13,0,0,1,1,1,1785888164
2026-08-05T00:03:11Z,980,1,1,20,0,0,1,1,1,1785887237
2026-08-05T00:03:11Z,981,8,0,13,0,0,1,1,1,1785887507
2026-08-05T00:03:11Z,982,4,2,14,1,0,1,1,1,1785886763
2026-08-05T00:03:11Z,983,10,3,13,0,0,1,1,1,1785887594
2026-08-05T00:03:11Z,984,7,0,16,0,0,1,1,1,1785887190
2026-08-05T00:03:11Z,985,20,0,9,2,0,1,1,1,1785887868
2026-08-05T00:03:11Z,986,3,0,16,0,0,1,1,1,1785887100
2026-08-05T00:03:11Z,987,9,1,14,0,0,1,1,1,1785887674
2026-08-05T00:03:11Z,988,0,0,19,0,0,1,1,1,1785887098
2026-08-05T00:03:11Z,989,9,4,10,0,0,1,1,1,1785887809
2026-08-05T00:03:11Z,990,11,1,4,0,0,1,1,1,1785888090
2026-08-05T00:03:11Z,991,3,0,15,1,0,1,1,1,1785886453
2026-08-05T00:03:11Z,992,10,0,13,0,0,1,1,1,1785887976
2026-08-05T00:03:11Z,993,0,0,26,1,0,1,1,1,1785888123
2026-08-05T00:03:11Z,994,6,1,15,0,0,1,1,1,1785886785
2026-08-05T00:03:11Z,995,7,0,19,1,0,1,1,1,1785887679
2026-08-05T00:03:11Z,996,4,1,19,0,0,1,1,1,1785887322
2026-08-05T00:03:11Z,997,15,8,5,3,0,1,1,1,1785888181
2026-08-05T00:03:11Z,998,1,1,22,0,0,1,1,1,1785887450
2026-08-05T00:03:11Z,999,10,3,9,1,1,1,1,1,1785887626
2026-08-05T00:03:11Z,1000,1,0,20,0,0,1,1,1,1785887780
2026-08-05T00:03:11Z,1001,4,0,23,0,0,1,1,1,1785887848
2026-08-05T00:03:11Z,1002,2,0,28,1,0,1,1,1,1785887157
2026-08-05T00:03:11Z,1003,1,0,22,0,0,1,1,1,1785887101
2026-08-05T00:03:11Z,1004,10,1,13,0,0,1,1,1,1785886890
2026-08-05T00:03:11Z,1005,20,1,3,0,0,1,1,1,1785887270
2026-08-05T00:03:11Z,1006,17,5,2,0,0,1,1,1,1785888140
2026-08-05T00:03:11Z,1007,3,0,18,0,0,1,1,1,1785886529
2026-08-05T00:03:11Z,1008,8,8,15,0,0,1,1,1,1785887004
2026-08-05T00:03:11Z,1009,19,2,11,1,0,1,1,1,1785887065
2026-08-05T00:03:11Z,1010,6,1,20,1,0,1,1,1,1785887306
2026-08-05T00:03:11Z,1011,6,2,12,1,0,1,1,1,1785886963
2026-08-05T00:03:11Z,1012,3,2,19,1,0,1,1,1,1785887823
2026-08-05T00:03:11Z,1013,2,1,5,2,0,1,1,1,1785887994
2026-08-05T00:03:11Z,1014,9,4,14,0,0,1,1,1,1785887591
2026-08-05T00:03:11Z,1015,7,4,24,0,0,1,1,1,1785886778
2026-08-05T00:03:11Z,1016,7,4,24,0,0,1,1,1,1785887708
2026-08-05T00:03:11Z,1017,16,7,5,0,0,1,1,1,1785886391
2026-08-05T00:03:11Z,1018,3,1,18,1,0,1,1,1,1785887055
2026-08-05T00:03:11Z,1019,8,4,6,1,0,1,1,1,1785886432
2026-08-05T00:03:11Z,1020,9,2,12,0,0,1,1,1,1785887951
2026-08-05T00:03:11Z,1021,10,3,5,0,0,1,1,1,1785887164
2026-08-05T00:03:11Z,1022,17,3,10,0,0,1,1,1,1785887574
2026-08-05T00:03:11Z,1023,13,0,10,0,0,1,1,1,1785886918
2026-08-05T00:03:11Z,1024,2,1,17,0,0,1,1,1,1785887482
2026-08-05T00:03:11Z,1025,1,0,17,0,1,1,1,1,1785887734
2026-08-05T00:03:11Z,1026,17,12,14,0,0,1,1,1,1785887227
2026-08-05T00:03:11Z,1028,2,0,21,0,0,1,1,1,1785887225
2026-08-05T00:03:11Z,1029,12,8,2,1,0,1,1,1,1785887600
2026-08-05T00:03:11Z,1030,13,4,10,0,0,1,1,1,1785888012
2026-08-05T00:03:11Z,1031,10,4,9,0,0,1,1,1,1785887952
2026-08-05T00:03:11Z,1032,9,1,10,0,0,1,1,1,1785886727
2026-08-05T00:03:11Z,1033,10,5,9,0,0,1,1,1,1785887612
2026-08-05T00:03:11Z,1034,1,0,14,0,0,1,1,1,1785886428
2026-08-05T00:03:11Z,1035,1,0,16,2,0,1,1,1,1785886812
2026-08-05T00:03:11Z,1036,15,2,0,0,0,1,1,1,1785887062
2026-08-05T00:03:11Z,1037,1,0,18,0,0,1,1,1,1785887013
2026-08-05T00:03:11Z,1038,3,0,12,0,0,1,1,1,1785887877
2026-08-05T00:03:11Z,1039,2,1,17,0,0,1,1,1,1785887650
2026-08-05T00:03:11Z,1040,4,1,15,0,0,1,1,1,1785886900
2026-08-05T00:03:11Z,1041,15,0,4,0,0,1,1,1,1785887176
2026-08-05T00:03:11Z,1042,9,5,5,1,0,1,1,1,1785886610
2026-08-05T00:03:11Z,1043,10,4,8,1,0,1,1,1,1785887436
2026-08-05T00:03:11Z,1044,4,3,11,0,0,1,1,1,1785887909
2026-08-05T00:03:11Z,1045,7,1,12,0,0,1,1,1,1785887409
2026-08-05T00:03:11Z,1046,9,0,6,0,0,1,1,1,1785887604
2026-08-05T00:03:11Z,1047,10,4,11,0,0,1,1,1,1785887738
2026-08-05T00:03:11Z,1048,4,0,15,0,0,1,1,1,1785887813
2026-08-05T00:03:11Z,1049,1,0,20,0,0,1,1,1,1785887105
2026-08-05T00:03:11Z,1050,17,1,4,0,0,1,1,1,1785886414
2026-08-05T00:03:11Z,1051,14,7,7,0,0,1,1,1,1785888118
2026-08-05T00:03:11Z,1052,21,2,1,0,0,1,1,1,1785887196
2026-08-05T00:03:11Z,1053,2,1,13,0,0,1,1,1,1785888122
2026-08-05T00:03:11Z,1054,14,0,1,0,0,1,1,1,1785887121
2026-08-05T00:03:11Z,1055,9,0,10,0,0,1,1,1,1785887803
2026-08-05T00:03:11Z,1057,9,1,10,0,0,1,1,1,1785888001
2026-08-05T00:03:11Z,1058,4,0,50,2,0,1,1,1,1785888040
2026-08-05T00:03:11Z,1059,9,2,9,1,0,1,1,1,1785886429
2026-08-05T00:03:11Z,1060,29,16,8,0,0,1,1,1,1785888119
2026-08-05T00:03:11Z,1061,17,0,19,1,0,1,1,1,1785888165
2026-08-05T00:03:11Z,1062,1,0,16,0,0,1,1,1,1785887001
2026-08-05T00:03:11Z,1063,9,2,10,0,0,1,1,1,1785887689
2026-08-05T00:03:11Z,1064,6,1,17,0,0,1,1,1,1785887492
2026-08-05T00:03:11Z,1065,12,2,11,0,0,1,1,1,1785887747
2026-08-05T00:03:11Z,1066,13,3,10,0,0,1,1,1,1785887556
2026-08-05T00:03:11Z,1067,7,2,16,0,0,1,1,1,1785886778
2026-08-05T00:03:11Z,1068,7,4,16,0,0,1,1,1,1785887471
2026-08-05T00:03:11Z,1069,10,0,13,0,0,1,1,1,1785887706
2026-08-05T00:03:11Z,1070,13,3,10,0,0,1,1,1,1785887541
2026-08-05T00:03:11Z,1071,9,5,14,0,0,1,1,1,1785887571
2026-08-05T00:03:11Z,1072,10,1,12,1,0,1,1,1,1785887956
2026-08-05T00:03:11Z,1073,8,1,18,1,0,1,1,1,1785887322
2026-08-05T00:03:11Z,1074,16,1,35,2,0,1,1,1,1785888150
2026-08-05T00:03:11Z,1075,9,8,12,0,0,1,1,1,1785886412
2026-08-05T00:03:11Z,1076,11,9,10,0,0,1,1,1,1785888157
2026-08-05T00:03:11Z,1077,10,7,11,0,0,1,1,1,1785887762
2026-08-05T00:03:11Z,1078,8,7,13,0,0,1,1,1,1785886423
2026-08-05T00:03:11Z,1079,11,9,10,0,0,1,1,1,1785887939
2026-08-05T00:03:11Z,1080,10,7,11,0,0,1,1,1,1785886955
2026-08-05T00:03:11Z,1081,9,8,10,0,0,1,1,1,1785887383
2026-08-05T00:03:11Z,1082,14,14,9,0,0,1,1,1,1785886833
2026-08-05T00:03:11Z,1083,7,6,13,1,0,1,1,1,1785887233
2026-08-05T00:03:11Z,1084,11,7,10,0,0,1,1,1,1785886865
2026-08-05T00:03:11Z,1085,11,10,10,0,0,1,1,1,1785887279
2026-08-05T00:03:11Z,1086,8,8,13,0,0,1,1,1,1785887807
2026-08-05T00:03:11Z,1087,8,8,7,0,0,1,1,1,1785887647
2026-08-05T00:03:11Z,1088,8,8,7,0,0,1,1,1,1785886791
2026-08-05T00:03:11Z,1089,10,6,5,0,0,1,1,1,1785888007
2026-08-05T00:03:11Z,1090,9,8,6,0,0,1,1,1,1785887339
2026-08-05T00:03:11Z,1091,9,7,6,0,0,1,1,1,1785886854
2026-08-05T00:03:11Z,1092,10,8,5,0,0,1,1,1,1785886946
2026-08-05T00:03:11Z,1093,8,6,7,0,0,1,1,1,1785887027
2026-08-05T00:03:11Z,1094,11,9,8,0,0,1,1,1,1785886676
2026-08-05T00:03:11Z,1095,10,8,5,0,0,1,1,1,1785888037
2026-08-05T00:03:11Z,1096,11,7,8,0,0,1,1,1,1785887185
2026-08-05T00:03:11Z,1097,9,7,6,0,0,1,1,1,1785887115
2026-08-05T00:03:11Z,1098,10,8,9,0,0,1,1,1,1785886520
2026-08-05T00:03:11Z,1099,8,7,7,0,0,1,1,1,1785886506
2026-08-05T00:03:11Z,1100,8,4,20,1,0,1,1,1,1785887042
2026-08-05T00:03:11Z,1101,12,6,9,0,0,1,1,1,1785886711
2026-08-05T00:03:11Z,1102,10,5,2,0,1,1,1,1,1785887327
2026-08-05T00:03:11Z,1103,13,6,8,0,0,1,1,1,1785883075
2026-08-05T00:03:11Z,1104,12,7,9,0,0,1,1,1,1785886873
2026-08-05T00:03:11Z,1105,9,5,4,0,0,1,1,1,1785886903
2026-08-05T00:03:11Z,1106,8,3,13,0,0,1,1,1,1785886807
2026-08-05T00:03:11Z,1107,11,6,4,0,0,1,1,1,1785886547
2026-08-05T00:03:11Z,1108,7,5,17,3,0,1,1,1,1785888176
2026-08-05T00:03:11Z,1109,9,5,6,0,0,1,1,1,1785886472
2026-08-05T00:03:11Z,1110,12,3,9,0,0,1,1,1,1785888137
2026-08-05T00:03:11Z,1111,20,0,1,0,0,1,1,1,1785888116
2026-08-05T00:03:11Z,1112,13,0,40,0,0,1,1,1,1785887785
2026-08-05T00:03:11Z,1113,7,3,13,1,0,1,1,1,1785887721
2026-08-05T00:03:11Z,1115,8,4,15,0,0,1,1,1,1785887741
2026-08-05T00:03:11Z,1116,1,0,18,0,0,1,1,1,1785886747
2026-08-05T00:03:11Z,1117,5,0,17,1,0,1,1,1,1785887968
2026-08-05T00:03:11Z,1118,14,0,7,0,0,1,1,1,1785887861
2026-08-05T00:03:11Z,1119,14,2,3,0,0,1,1,1,1785887641
2026-08-05T00:03:11Z,1120,14,3,5,0,0,1,1,1,1785888053
2026-08-05T00:03:11Z,1121,20,1,0,1,0,1,1,1,1785888164
2026-08-05T00:03:11Z,1122,3,2,14,4,0,1,1,1,1785887793
2026-08-05T00:03:11Z,1123,4,3,18,0,1,1,1,1,1785887988
2026-08-05T00:03:11Z,1124,12,0,2,1,0,1,1,1,1785887255
2026-08-05T00:03:11Z,1125,2,2,20,1,0,1,1,1,1785887511
2026-08-05T00:03:11Z,1126,5,0,14,2,0,1,1,1,1785888182
2026-08-05T00:03:11Z,1127,18,0,0,1,0,1,1,1,1785887091
2026-08-05T00:03:11Z,1128,9,1,5,1,0,1,1,1,1785887830
2026-08-05T00:03:11Z,1129,8,2,13,0,0,1,1,1,1785887573
2026-08-05T00:03:11Z,1130,12,0,3,0,0,1,1,1,1785888109
2026-08-05T00:03:11Z,1131,0,0,49,0,0,1,1,1,1785886698
2026-08-05T00:03:11Z,1132,7,2,12,2,0,1,1,1,1785888177
2026-08-05T00:03:11Z,1133,14,3,6,1,0,1,1,1,1785888056
2026-08-05T00:03:11Z,1134,8,5,11,0,0,1,1,1,1785887322
2026-08-05T00:03:11Z,1135,9,3,11,1,0,1,1,1,1785888052
2026-08-05T00:03:11Z,1136,18,0,5,0,0,1,1,1,1785888073
2026-08-05T00:03:11Z,1137,2,2,12,1,0,1,1,1,1785888126
2026-08-05T00:03:11Z,1138,6,0,13,0,0,1,1,1,1785887330
2026-08-05T00:03:11Z,1139,5,1,16,0,0,1,1,1,1785887465
2026-08-05T00:03:11Z,1140,12,1,10,1,0,1,1,1,1785887917
2026-08-05T00:03:11Z,1141,1,0,19,1,0,1,1,1,1785888143
2026-08-05T00:03:11Z,1142,3,0,18,0,0,1,1,1,1785887492
2026-08-05T00:03:11Z,1143,7,0,21,1,0,1,1,1,1785888182
2026-08-05T00:03:11Z,1144,14,0,7,0,0,1,1,1,1785887902
2026-08-05T00:03:11Z,1145,8,4,12,1,0,1,1,1,1785887722
2026-08-05T00:03:11Z,1146,2,0,16,1,0,1,1,1,1785888169
2026-08-05T00:03:11Z,1147,9,0,7,3,0,1,1,1,1785888178
2026-08-05T00:03:11Z,1148,20,0,11,0,0,1,1,1,1785887947
2026-08-05T00:03:11Z,1149,5,5,18,2,0,1,1,1,1785888080
2026-08-05T00:03:11Z,1150,9,0,10,0,0,1,1,1,1785886841
2026-08-05T00:03:11Z,1151,5,0,16,0,0,1,1,1,1785887523
2026-08-05T00:03:11Z,1152,4,0,25,0,0,1,1,1,1785887654
2026-08-05T00:03:11Z,1153,14,0,9,0,0,1,1,1,1785888149
2026-08-05T00:03:11Z,1154,7,1,11,1,0,1,1,1,1785887747
2026-08-05T00:03:11Z,1155,10,5,10,1,0,1,1,1,1785887125
2026-08-05T00:03:11Z,1158,1,1,17,1,0,1,1,1,1785886633
2026-08-05T00:03:11Z,1159,9,2,10,0,0,1,1,1,1785887104
2026-08-05T00:03:11Z,1160,3,1,16,0,0,1,1,1,1785886825
2026-08-05T00:03:11Z,1161,2,0,16,1,0,1,1,1,1785887193
2026-08-05T00:03:11Z,1162,3,0,16,0,0,1,1,1,1785887975
2026-08-05T00:03:11Z,1163,3,0,15,1,0,1,1,1,1785886743
2026-08-05T00:03:11Z,1164,5,1,14,0,0,1,1,1,1785886803
2026-08-05T00:03:11Z,1165,12,1,9,0,0,1,1,1,1785887709
2026-08-05T00:03:11Z,1166,9,6,12,0,0,1,1,1,1785888130
2026-08-05T00:03:11Z,1167,1,0,14,0,0,1,1,1,1785887942
2026-08-05T00:03:11Z,1168,8,0,15,0,0,1,1,1,1785887373
2026-08-05T00:03:11Z,1169,3,0,16,0,0,1,1,1,1785886632
2026-08-05T00:03:11Z,1170,5,0,16,0,0,1,1,1,1785887223
2026-08-05T00:03:11Z,1171,9,5,13,1,0,1,1,1,1785887222
2026-08-05T00:03:11Z,1172,7,3,6,2,0,1,1,1,1785886501
2026-08-05T00:03:11Z,1173,9,2,10,0,0,1,1,1,1785886961
2026-08-05T00:03:11Z,1174,8,1,7,0,0,1,1,1,1785888041
2026-08-05T00:03:11Z,1175,5,1,14,0,0,1,1,1,1785886490
2026-08-05T00:03:11Z,1176,13,1,7,0,1,1,1,1,1785886723
2026-08-05T00:03:11Z,1177,9,5,12,0,0,1,1,1,1785888077
2026-08-05T00:03:11Z,1178,1,0,14,0,0,1,1,1,1785887625
2026-08-05T00:03:11Z,1181,6,0,9,0,0,1,1,1,1785886675
2026-08-05T00:03:11Z,1182,13,1,7,0,0,1,1,1,1785888033
2026-08-05T00:03:11Z,1183,17,0,28,0,0,1,1,1,1785888182
2026-08-05T00:03:11Z,1184,16,9,3,2,0,1,1,1,1785888153
2026-08-05T00:03:11Z,1185,8,4,13,0,0,1,1,1,1785886507
2026-08-05T00:03:11Z,1186,8,4,11,0,0,1,1,1,1785887265
2026-08-05T00:03:11Z,1187,10,5,11,0,0,1,1,1,1785887810
2026-08-05T00:03:11Z,1188,10,5,5,0,0,1,1,1,1785886545
2026-08-05T00:03:11Z,1189,8,3,11,0,0,1,1,1,1785887157
2026-08-05T00:03:11Z,1190,10,5,11,0,0,1,1,1,1785886611
2026-08-05T00:03:11Z,1191,10,4,5,0,0,1,1,1,1785886528
2026-08-05T00:03:11Z,1192,7,3,14,0,0,1,1,1,1785887052
2026-08-05T00:03:11Z,1193,8,5,3,2,0,1,1,1,1785887195
2026-08-05T00:03:11Z,1197,6,4,10,1,0,1,1,1,1785887976
2026-08-05T00:03:11Z,1198,8,3,11,2,0,1,1,1,1785887641
2026-08-05T00:03:11Z,1199,10,1,8,1,0,1,1,1,1785887275
2026-08-05T00:03:11Z,1200,9,4,6,0,0,1,1,1,1785886576
2026-08-05T00:03:11Z,1201,9,5,6,0,0,1,1,1,1785886551
2026-08-05T00:03:11Z,1202,12,7,3,0,0,1,1,1,1785886667
2026-08-05T00:03:11Z,1203,8,2,7,0,0,1,1,1,1785887599
2026-08-05T00:03:11Z,1204,9,4,10,0,0,1,1,1,1785886664
2026-08-05T00:03:11Z,1206,8,3,13,0,0,1,1,1,1785887919
2026-08-05T00:03:11Z,1207,9,5,6,0,0,1,1,1,1785886881
2026-08-05T00:03:11Z,1208,11,6,8,0,0,1,1,1,1785887196
2026-08-05T00:03:11Z,1216,2,0,18,1,0,1,1,1,1785888063
2026-08-05T00:03:11Z,1218,8,4,12,1,0,1,1,1,1785886800
2026-08-05T00:03:11Z,1219,7,1,5,3,0,1,1,1,1785886436
2026-08-05T00:03:11Z,1220,8,4,11,0,0,1,1,1,1785888165
2026-08-05T00:03:11Z,1221,1,1,20,0,0,1,1,1,1785887794
2026-08-05T00:03:11Z,1222,22,1,7,0,0,1,1,1,1785887832
2026-08-05T00:03:11Z,1223,8,1,20,1,0,1,1,1,1785888077
2026-08-05T00:03:11Z,1226,0,0,3,0,0,0,1,1,1781868931
2026-08-05T00:03:11Z,1227,8,1,16,1,0,1,1,1,1785888030
2026-08-05T00:03:11Z,1228,1,1,28,0,0,1,1,1,1785887523
2026-08-05T00:03:11Z,1229,34,3,9,2,0,1,1,1,1785888168
2026-08-05T00:08:10Z,1,0,0,23,0,0,1,1,1,1785885301
2026-08-05T00:08:10Z,2,15,1,10,2,0,1,1,1,1785888429
2026-08-05T00:08:10Z,3,10,0,3,1,0,1,1,1,1785888253
2026-08-05T00:08:10Z,4,8,0,13,1,0,1,1,1,1785887946
2026-08-05T00:08:10Z,5,8,2,12,2,1,1,1,1,1785888066
2026-08-05T00:08:10Z,6,5,1,10,0,0,1,1,1,1785887864
2026-08-05T00:08:10Z,7,13,0,26,0,0,1,1,1,1785887894
2026-08-05T00:08:10Z,8,41,2,1,1,0,1,1,1,1785888407
2026-08-05T00:08:10Z,9,0,0,23,0,0,1,1,1,1785888423
2026-08-05T00:08:10Z,10,13,3,8,2,0,1,1,1,1785885955
2026-08-05T00:08:10Z,11,2,0,16,1,0,1,1,1,1785888412
2026-08-05T00:08:10Z,12,2,0,21,0,0,1,1,1,1785888148
2026-08-05T00:08:10Z,13,30,0,0,0,0,1,1,1,1785887681
2026-08-05T00:08:10Z,14,41,0,1,0,1,1,1,1,1785887279
2026-08-05T00:08:10Z,15,15,0,0,0,0,1,1,1,1785887209
2026-08-05T00:08:10Z,16,12,4,13,1,1,1,1,1,1785887934
2026-08-05T00:08:10Z,17,24,0,2,1,0,1,1,1,1785888478
2026-08-05T00:08:10Z,18,15,0,0,2,1,1,1,1,1785888323
2026-08-05T00:08:10Z,19,3,1,23,1,0,1,1,1,1785888317
2026-08-05T00:08:10Z,20,34,0,1,0,0,1,1,1,1785888448
2026-08-05T00:08:10Z,21,19,2,0,0,0,1,1,1,1785888376
2026-08-05T00:08:10Z,22,8,0,55,2,0,1,1,1,1785888220
2026-08-05T00:08:10Z,23,8,0,23,0,0,1,1,1,1785888087
2026-08-05T00:08:10Z,24,1,0,7,3,0,1,1,1,1785888481
2026-08-05T00:08:10Z,25,29,7,50,2,0,1,1,1,1785888448
2026-08-05T00:08:10Z,26,0,0,27,0,0,1,1,1,1785888329
2026-08-05T00:08:10Z,28,9,0,6,0,0,1,1,1,1785888376
2026-08-05T00:08:10Z,30,5,0,24,0,0,1,1,1,1785888431
2026-08-05T00:08:10Z,31,2,0,16,1,0,1,1,1,1785888255
2026-08-05T00:08:10Z,32,14,0,13,0,0,1,1,1,1785888376
2026-08-05T00:08:10Z,34,20,1,16,1,0,1,1,1,1785888390
2026-08-05T00:08:10Z,35,28,0,18,1,0,1,1,1,1785888463
2026-08-05T00:08:10Z,36,0,0,0,0,0,0,1,1,86400
2026-08-05T00:08:10Z,37,11,1,11,1,0,1,1,1,1785888466
2026-08-05T00:08:10Z,38,1,0,22,0,0,1,1,1,1785888301
2026-08-05T00:08:10Z,39,16,0,21,2,0,1,1,1,1785888038
2026-08-05T00:08:10Z,40,0,0,21,0,0,1,1,1,1785888435
2026-08-05T00:08:10Z,41,31,0,12,0,0,1,1,1,1785888263
2026-08-05T00:08:10Z,42,2,2,28,1,0,1,1,1,1785888072
2026-08-05T00:08:10Z,43,16,9,7,0,0,1,1,1,1785888446
2026-08-05T00:08:10Z,45,0,0,29,0,0,1,1,1,1785884787
2026-08-05T00:08:10Z,46,0,0,31,0,0,1,1,1,1785888267
2026-08-05T00:08:10Z,47,4,1,9,2,0,1,1,1,1785888477
2026-08-05T00:08:10Z,48,0,0,27,0,0,1,1,1,1785888480
2026-08-05T00:08:10Z,49,2,0,17,4,0,1,1,1,1785888480
2026-08-05T00:08:10Z,50,2,0,16,1,0,1,1,1,1785888168
2026-08-05T00:08:10Z,51,2,0,74,1,0,1,1,1,1785888320
2026-08-05T00:08:10Z,52,3,0,21,3,0,1,1,1,1785888482
2026-08-05T00:08:10Z,55,0,0,23,0,0,1,1,1,1785887403
2026-08-05T00:08:10Z,56,5,0,36,2,0,1,1,1,1785888443
2026-08-05T00:08:10Z,57,0,0,27,0,0,1,1,1,1785886760
2026-08-05T00:08:10Z,58,5,4,22,1,0,1,1,1,1785887852
2026-08-05T00:08:10Z,59,2,1,24,1,0,1,1,1,1785888235
2026-08-05T00:08:10Z,61,1,0,38,0,0,1,1,1,1785888361
2026-08-05T00:08:10Z,62,1,1,47,0,0,1,1,1,1785888445
2026-08-05T00:08:10Z,63,1,1,18,0,0,1,1,1,1785888418
2026-08-05T00:08:10Z,64,6,1,11,2,0,1,1,1,1785888431
2026-08-05T00:08:10Z,65,11,1,6,2,0,1,1,1,1785888016
2026-08-05T00:08:10Z,67,2,0,36,1,0,1,1,1,1785888421
2026-08-05T00:08:10Z,68,32,0,5,0,0,1,1,1,1785887962
2026-08-05T00:08:10Z,69,6,1,9,0,0,1,1,1,1785888422
2026-08-05T00:08:10Z,71,1,0,25,1,0,1,1,1,1785888408
2026-08-05T00:08:10Z,72,2,0,27,1,1,1,1,1,1785887966
2026-08-05T00:08:10Z,73,2,0,28,1,0,1,1,1,1785888410
2026-08-05T00:08:10Z,74,5,4,14,0,0,1,1,1,1785887474
2026-08-05T00:08:10Z,75,2,1,29,1,0,1,1,1,1785888311
2026-08-05T00:08:10Z,76,12,0,7,0,0,1,1,1,1785887520
2026-08-05T00:08:10Z,77,7,0,20,0,0,1,1,1,1785888263
2026-08-05T00:08:10Z,78,0,0,22,1,0,1,1,1,1785887718
2026-08-05T00:08:10Z,79,4,2,12,1,0,1,1,1,1785888236
2026-08-05T00:08:10Z,80,16,0,4,3,0,1,1,1,1785888474
2026-08-05T00:08:10Z,81,4,1,27,0,0,1,1,1,1785888355
2026-08-05T00:08:10Z,82,0,0,23,0,0,1,1,1,1785888419
2026-08-05T00:08:10Z,83,24,11,6,3,1,1,1,1,1785888482
2026-08-05T00:08:10Z,84,18,1,9,0,0,1,1,1,1785887950
2026-08-05T00:08:10Z,85,2,1,13,0,0,1,1,1,1785888427
2026-08-05T00:08:10Z,86,7,0,20,0,0,1,1,1,1785888411
2026-08-05T00:08:10Z,87,1,0,18,0,0,1,1,1,1785887025
2026-08-05T00:08:10Z,88,9,1,33,1,0,1,1,1,1785888480
2026-08-05T00:08:10Z,89,0,0,35,0,0,1,1,1,1785887383
2026-08-05T00:08:10Z,90,9,0,8,1,0,1,1,1,1785888325
2026-08-05T00:08:10Z,91,7,0,10,0,0,1,1,1,1785888256
2026-08-05T00:08:10Z,92,12,0,5,2,0,1,1,1,1785888476
2026-08-05T00:08:10Z,93,22,5,1,0,0,1,1,1,1785888482
2026-08-05T00:08:10Z,94,10,0,8,1,0,1,1,1,1785888139
2026-08-05T00:08:10Z,95,0,0,33,1,1,1,1,1,1785888473
2026-08-05T00:08:10Z,96,4,4,26,1,0,1,1,1,1785888396
2026-08-05T00:08:10Z,97,7,0,9,1,0,1,1,1,1785888392
2026-08-05T00:08:10Z,98,10,1,23,1,0,1,1,1,1785888072
2026-08-05T00:08:10Z,99,8,1,7,0,0,1,1,1,1785887688
2026-08-05T00:08:10Z,100,25,1,1,1,0,1,1,1,1785888482
2026-08-05T00:08:10Z,101,14,0,0,1,0,1,1,1,1785887561
2026-08-05T00:08:10Z,102,22,0,1,0,0,1,1,1,1785888459
2026-08-05T00:08:10Z,103,25,2,0,4,1,1,1,1,1785888207
2026-08-05T00:08:10Z,104,0,0,25,2,0,1,1,1,1785888479
2026-08-05T00:08:10Z,105,14,0,3,2,0,1,1,1,1785888047
2026-08-05T00:08:10Z,106,2,0,19,0,0,1,1,1,1785888078
2026-08-05T00:08:10Z,107,9,0,28,0,0,1,1,1,1785888478
2026-08-05T00:08:10Z,108,30,0,5,0,0,1,1,1,1785888410
2026-08-05T00:08:10Z,109,20,0,2,1,0,1,1,1,1785888441
2026-08-05T00:08:10Z,110,0,0,0,13,10,1,1,1,1785888389
2026-08-05T00:08:10Z,111,2,0,34,0,0,1,1,1,1785888474
2026-08-05T00:08:10Z,112,13,2,1,1,0,1,1,1,1785888322
2026-08-05T00:08:10Z,113,18,0,0,1,0,1,1,1,1785888442
2026-08-05T00:08:10Z,114,7,5,19,5,0,1,1,1,1785887717
2026-08-05T00:08:10Z,115,0,0,25,3,0,1,1,1,1785887906
2026-08-05T00:08:10Z,116,25,6,1,1,0,1,1,1,1785886250
2026-08-05T00:08:10Z,118,1,1,20,2,0,1,1,1,1785887866
2026-08-05T00:08:10Z,119,5,0,30,3,0,1,1,1,1785888215
2026-08-05T00:08:10Z,120,4,1,19,3,0,1,1,1,1785888178
2026-08-05T00:08:10Z,121,2,0,15,1,1,1,1,1,1785888475
2026-08-05T00:08:10Z,122,12,0,8,1,0,1,1,1,1785888327
2026-08-05T00:08:10Z,123,35,0,12,0,0,1,1,1,1785888424
2026-08-05T00:08:10Z,124,11,0,24,0,0,1,1,1,1785888465
2026-08-05T00:08:10Z,125,0,0,23,0,0,1,1,1,1785887711
2026-08-05T00:08:10Z,126,4,3,25,2,0,1,1,1,1785888014
2026-08-05T00:08:10Z,127,16,13,18,1,0,1,1,1,1785888282
2026-08-05T00:08:10Z,128,4,3,15,0,0,1,1,1,1785888273
2026-08-05T00:08:10Z,129,2,1,17,0,0,1,1,1,1785888237
2026-08-05T00:08:10Z,130,16,1,0,1,0,1,1,1,1785887678
2026-08-05T00:08:10Z,131,4,1,6,1,0,1,1,1,1785887256
2026-08-05T00:08:10Z,132,2,0,12,0,1,1,1,1,1785888083
2026-08-05T00:08:10Z,133,2,0,21,0,0,1,1,1,1785887976
2026-08-05T00:08:10Z,134,0,0,0,16,7,1,1,1,1785888481
2026-08-05T00:08:10Z,135,2,0,17,0,0,1,1,1,1785888448
2026-08-05T00:08:10Z,136,20,0,2,0,0,1,1,1,1785888098
2026-08-05T00:08:10Z,137,1,0,18,0,0,1,1,1,1785888138
2026-08-05T00:08:10Z,138,36,3,0,1,0,1,1,1,1785888398
2026-08-05T00:08:10Z,139,16,1,2,1,0,1,1,1,1785888453
2026-08-05T00:08:10Z,140,20,0,2,1,0,1,1,1,1785888479
2026-08-05T00:08:10Z,141,36,1,0,0,0,1,1,1,1785888478
2026-08-05T00:08:10Z,142,16,4,7,0,0,1,1,1,1785888439
2026-08-05T00:08:10Z,143,24,1,5,2,0,1,1,1,1785888455
2026-08-05T00:08:10Z,144,24,1,2,1,0,1,1,1,1785888299
2026-08-05T00:08:10Z,145,23,10,2,1,0,1,1,1,1785888447
2026-08-05T00:08:10Z,146,22,4,0,1,0,1,1,1,1785888067
2026-08-05T00:08:10Z,147,12,2,5,2,0,1,1,1,1785888454
2026-08-05T00:08:10Z,148,16,6,8,3,0,1,1,1,1785888422
2026-08-05T00:08:10Z,149,10,1,16,1,0,1,1,1,1785888477
2026-08-05T00:08:10Z,150,6,0,28,1,0,1,1,1,1785888279
2026-08-05T00:08:10Z,151,16,1,7,0,0,1,1,1,1785888428
2026-08-05T00:08:10Z,152,20,2,4,2,0,1,1,1,1785888368
2026-08-05T00:08:10Z,153,26,4,0,2,0,1,1,1,1785888228
2026-08-05T00:08:10Z,154,20,1,2,1,0,1,1,1,1785888414
2026-08-05T00:08:10Z,155,10,7,3,1,0,1,1,1,1785888382
2026-08-05T00:08:10Z,156,14,0,5,0,0,1,1,1,1785888126
2026-08-05T00:08:10Z,157,18,3,9,0,0,1,1,1,1785888304
2026-08-05T00:08:10Z,158,6,0,13,0,0,1,1,1,1785888238
2026-08-05T00:08:10Z,159,6,1,13,0,0,1,1,1,1785888473
2026-08-05T00:08:10Z,160,12,3,7,0,0,1,1,1,1785888313
2026-08-05T00:08:10Z,161,19,0,2,1,0,1,1,1,1785888398
2026-08-05T00:08:10Z,162,11,10,13,2,1,1,1,1,1785888396
2026-08-05T00:08:10Z,163,14,1,16,0,1,1,1,1,1785888451
2026-08-05T00:08:10Z,164,24,0,2,1,0,1,1,1,1785888336
2026-08-05T00:08:10Z,165,25,4,4,1,1,1,1,1,1785888475
2026-08-05T00:08:10Z,166,28,3,8,3,0,1,1,1,1785888472
2026-08-05T00:08:10Z,167,12,3,10,1,0,1,1,1,1785888323
2026-08-05T00:08:10Z,168,10,2,16,1,0,1,1,1,1785888473
2026-08-05T00:08:10Z,169,1,0,22,0,0,1,1,1,1785888455
2026-08-05T00:08:10Z,170,5,5,13,1,0,1,1,1,1785888414
2026-08-05T00:08:10Z,171,8,0,3,2,0,1,1,1,1785888449
2026-08-05T00:08:10Z,173,29,1,9,1,0,1,1,1,1785888304
2026-08-05T00:08:10Z,174,13,0,12,1,0,1,1,1,1785888433
2026-08-05T00:08:10Z,175,30,3,0,1,0,1,1,1,1785888001
2026-08-05T00:08:10Z,176,12,1,0,2,1,1,1,1,1785888482
2026-08-05T00:08:10Z,177,24,5,3,0,0,1,1,1,1785887717
2026-08-05T00:08:10Z,178,12,0,0,2,1,1,1,1,1785888482
2026-08-05T00:08:10Z,179,9,3,5,0,0,1,1,1,1785888311
2026-08-05T00:08:10Z,180,0,0,29,1,0,1,1,1,1785888377
2026-08-05T00:08:10Z,181,8,7,7,0,0,1,1,1,1785888238
2026-08-05T00:08:10Z,182,10,5,7,0,0,1,1,1,1785888358
2026-08-05T00:08:10Z,183,19,5,3,1,0,1,1,1,1785888468
2026-08-05T00:08:10Z,184,4,0,19,0,0,1,1,1,1785888457
2026-08-05T00:08:10Z,185,5,2,6,3,1,1,1,1,1785887457
2026-08-05T00:08:10Z,186,5,2,14,0,0,1,1,1,1785888328
2026-08-05T00:08:10Z,187,0,0,27,1,0,1,1,1,1785886273
2026-08-05T00:08:10Z,188,14,1,6,7,0,1,1,1,1785888393
2026-08-05T00:08:10Z,189,4,2,10,1,0,1,1,1,1785887349
2026-08-05T00:08:10Z,190,9,0,13,1,0,1,1,1,1785888463
2026-08-05T00:08:10Z,191,2,0,35,2,0,1,1,1,1785888138
2026-08-05T00:08:10Z,192,12,2,17,2,0,1,1,1,1785888469
2026-08-05T00:08:10Z,193,3,1,11,1,0,1,1,1,1785888395
2026-08-05T00:08:10Z,194,16,0,10,1,0,1,1,1,1785888436
2026-08-05T00:08:10Z,195,2,1,16,0,0,1,1,1,1785888412
2026-08-05T00:08:10Z,196,12,2,15,0,0,1,1,1,1785888450
2026-08-05T00:08:10Z,197,1,0,17,0,1,1,1,1,1785888458
2026-08-05T00:08:10Z,198,5,0,17,1,0,1,1,1,1785888360
2026-08-05T00:08:10Z,199,4,3,9,2,0,1,1,1,1785888436
2026-08-05T00:08:10Z,200,3,0,23,0,0,1,1,1,1785888322
2026-08-05T00:08:10Z,201,8,6,14,1,0,1,1,1,1785887829
2026-08-05T00:08:10Z,202,9,2,14,0,4,1,1,1,1785888322
2026-08-05T00:08:10Z,203,19,0,11,1,0,1,1,1,1785888238
2026-08-05T00:08:10Z,204,21,0,12,2,0,1,1,1,1785888468
2026-08-05T00:08:10Z,205,5,3,21,1,0,1,1,1,1785887589
2026-08-05T00:08:10Z,206,5,2,8,2,0,1,1,1,1785888353
2026-08-05T00:08:10Z,207,18,1,3,0,0,1,1,1,1785888455
2026-08-05T00:08:10Z,208,2,0,26,1,0,1,1,1,1785888217
2026-08-05T00:08:10Z,209,9,0,20,2,0,1,1,1,1785888466
2026-08-05T00:08:10Z,210,13,7,13,1,0,1,1,1,1785888263
2026-08-05T00:08:10Z,211,2,1,20,1,0,1,1,1,1785888142
2026-08-05T00:08:10Z,212,27,2,7,1,0,1,1,1,1785888397
2026-08-05T00:08:10Z,213,3,1,19,1,0,1,1,1,1785888366
2026-08-05T00:08:10Z,214,25,22,13,9,0,1,1,1,1785888396
2026-08-05T00:08:10Z,215,0,0,23,0,0,1,1,1,1785887733
2026-08-05T00:08:10Z,216,16,2,2,1,0,1,1,1,1785888187
2026-08-05T00:08:10Z,217,27,1,1,1,0,1,1,1,1785888458
2026-08-05T00:08:10Z,218,24,20,9,6,0,1,1,1,1785888476
2026-08-05T00:08:10Z,219,6,0,20,0,0,1,1,1,1785888463
2026-08-05T00:08:10Z,220,41,7,1,1,0,1,1,1,1785888255
2026-08-05T00:08:10Z,221,14,13,0,1,0,1,1,1,1785888419
2026-08-05T00:08:10Z,222,18,8,1,0,0,1,1,1,1785888378
2026-08-05T00:08:10Z,223,1,0,31,3,0,1,1,1,1785888451
2026-08-05T00:08:10Z,224,17,15,5,0,0,1,1,1,1785888198
2026-08-05T00:08:10Z,225,1,0,15,3,0,1,1,1,1785888443
2026-08-05T00:08:10Z,226,23,3,7,1,0,1,1,1,1785888040
2026-08-05T00:08:10Z,227,13,9,14,0,0,1,1,1,1785888469
2026-08-05T00:08:10Z,228,2,2,15,2,0,1,1,1,1785887933
2026-08-05T00:08:10Z,230,18,3,7,1,0,1,1,1,1785888367
2026-08-05T00:08:10Z,232,5,1,11,1,0,1,1,1,1785888346
2026-08-05T00:08:10Z,233,22,0,8,1,0,1,1,1,1785888436
2026-08-05T00:08:10Z,234,14,4,1,3,1,1,1,1,1785888453
2026-08-05T00:08:10Z,236,2,2,15,2,0,1,1,1,1785888093
2026-08-05T00:08:10Z,237,13,1,9,1,0,1,1,1,1785888442
2026-08-05T00:08:10Z,239,25,10,1,1,0,1,1,1,1785888477
2026-08-05T00:08:10Z,241,5,4,18,0,0,1,1,1,1785888456
2026-08-05T00:08:10Z,242,4,3,19,0,0,1,1,1,1785888305
2026-08-05T00:08:10Z,243,15,8,12,4,0,1,1,1,1785888458
2026-08-05T00:08:10Z,244,7,1,18,2,0,1,1,1,1785888465
2026-08-05T00:08:10Z,245,6,5,15,2,0,1,1,1,1785887650
2026-08-05T00:08:10Z,246,2,2,21,0,0,1,1,1,1785887724
2026-08-05T00:08:10Z,247,12,11,10,1,0,1,1,1,1785888456
2026-08-05T00:08:10Z,248,6,5,12,5,0,1,1,1,1785888344
2026-08-05T00:08:10Z,249,11,2,7,1,0,1,1,1,1785888375
2026-08-05T00:08:10Z,250,2,0,25,0,0,1,1,1,1785888274
2026-08-05T00:08:10Z,251,4,2,22,1,0,1,1,1,1785888387
2026-08-05T00:08:10Z,253,0,0,19,0,0,1,1,1,1785887925
2026-08-05T00:08:10Z,254,5,1,34,4,0,1,1,1,1785888325
2026-08-05T00:08:10Z,255,0,0,22,0,1,1,1,1,1785888271
2026-08-05T00:08:10Z,256,8,5,14,1,0,1,1,1,1785888315
2026-08-05T00:08:10Z,257,4,4,14,1,0,1,1,1,1785887402
2026-08-05T00:08:10Z,258,4,4,15,0,0,1,1,1,1785888479
2026-08-05T00:08:10Z,259,7,0,14,1,1,1,1,1,1785888426
2026-08-05T00:08:10Z,260,13,8,0,6,0,1,1,1,1785888481
2026-08-05T00:08:10Z,261,0,0,16,2,1,1,1,1,1785888274
2026-08-05T00:08:10Z,262,13,4,8,2,0,1,1,1,1785888366
2026-08-05T00:08:10Z,263,9,4,6,0,0,1,1,1,1785888473
2026-08-05T00:08:10Z,264,4,1,14,1,0,1,1,1,1785888048
2026-08-05T00:08:10Z,265,3,0,8,1,3,1,1,1,1785888322
2026-08-05T00:08:10Z,266,13,11,5,1,0,1,1,1,1785888256
2026-08-05T00:08:10Z,267,4,2,11,0,0,1,1,1,1785875350
2026-08-05T00:08:10Z,268,14,0,8,1,0,1,1,1,1785887458
2026-08-05T00:08:10Z,269,1,1,22,0,0,1,1,1,1785888326
2026-08-05T00:08:10Z,270,18,2,8,1,0,1,1,1,1785888120
2026-08-05T00:08:10Z,271,2,0,15,2,0,1,1,1,1785888019
2026-08-05T00:08:10Z,272,3,1,20,0,0,1,1,1,1785888376
2026-08-05T00:08:10Z,273,3,1,12,0,0,1,1,1,1785888417
2026-08-05T00:08:10Z,274,7,0,11,1,0,1,1,1,1785888169
2026-08-05T00:08:10Z,275,3,0,20,0,0,1,1,1,1785888123
2026-08-05T00:08:10Z,276,5,1,22,0,0,1,1,1,1785888387
2026-08-05T00:08:10Z,277,2,0,18,2,1,1,1,1,1785888201
2026-08-05T00:08:10Z,278,8,7,22,1,0,1,1,1,1785888363
2026-08-05T00:08:10Z,279,0,0,19,0,0,1,1,1,1785888140
2026-08-05T00:08:10Z,280,7,0,21,3,0,1,1,1,1785888462
2026-08-05T00:08:10Z,281,15,1,4,0,0,1,1,1,1785888456
2026-08-05T00:08:10Z,282,0,0,18,0,0,1,1,1,1785886296
2026-08-05T00:08:10Z,283,24,4,10,1,0,1,1,1,1785888020
2026-08-05T00:08:10Z,284,4,3,30,1,0,1,1,1,1785888296
2026-08-05T00:08:10Z,285,15,2,8,0,0,1,1,1,1785887907
2026-08-05T00:08:10Z,286,8,7,13,2,0,1,1,1,1785887940
2026-08-05T00:08:10Z,287,5,1,15,3,0,1,1,1,1785888136
2026-08-05T00:08:10Z,288,12,8,6,1,0,1,1,1,1785888334
2026-08-05T00:08:10Z,289,5,4,17,5,0,1,1,1,1785888442
2026-08-05T00:08:10Z,290,12,0,24,3,0,1,1,1,1785888458
2026-08-05T00:08:10Z,291,8,0,14,1,0,1,1,1,1785888480
2026-08-05T00:08:10Z,292,12,1,11,0,0,1,1,1,1785888327
2026-08-05T00:08:10Z,293,6,5,16,1,0,1,1,1,1785886798
2026-08-05T00:08:10Z,294,2,1,17,3,0,1,1,1,1785888322
2026-08-05T00:08:10Z,297,11,0,6,2,0,1,1,1,1785888396
2026-08-05T00:08:10Z,301,17,0,2,0,0,1,1,1,1785888004
2026-08-05T00:08:10Z,302,23,1,0,0,0,1,1,1,1785888449
2026-08-05T00:08:10Z,303,1,0,18,0,0,1,1,1,1785888260
2026-08-05T00:08:10Z,304,0,0,0,0,0,0,1,1,86400
2026-08-05T00:08:10Z,305,13,1,6,0,0,1,1,1,1785887723
2026-08-05T00:08:10Z,306,24,0,8,0,0,1,1,1,1785887867
2026-08-05T00:08:10Z,307,14,0,4,5,0,1,1,1,1785888098
2026-08-05T00:08:10Z,308,14,0,1,4,0,1,1,1,1785888417
2026-08-05T00:08:10Z,309,1,1,13,0,0,1,1,1,1785887779
2026-08-05T00:08:10Z,311,3,0,10,2,0,1,1,1,1785888001
2026-08-05T00:08:10Z,312,4,2,16,3,0,1,1,1,1785888264
2026-08-05T00:08:10Z,313,6,0,9,0,0,1,1,1,1785886730
2026-08-05T00:08:10Z,314,6,2,13,0,0,1,1,1,1785887990
2026-08-05T00:08:10Z,315,10,5,17,3,1,1,1,1,1785888470
2026-08-05T00:08:10Z,316,27,3,3,0,0,1,1,1,1785888208
2026-08-05T00:08:10Z,317,23,17,6,1,1,1,1,1,1785888445
2026-08-05T00:08:10Z,318,5,2,13,1,0,1,1,1,1785888343
2026-08-05T00:08:10Z,319,7,0,14,2,0,1,1,1,1785888422
2026-08-05T00:08:10Z,320,8,1,10,1,0,1,1,1,1785887666
2026-08-05T00:08:10Z,321,2,0,13,4,0,1,1,1,1785888197
2026-08-05T00:08:10Z,322,1,0,27,1,0,1,1,1,1785888440
2026-08-05T00:08:10Z,323,3,0,14,2,0,1,1,1,1785888479
2026-08-05T00:08:10Z,324,9,2,16,2,0,1,1,1,1785888478
2026-08-05T00:08:10Z,325,4,0,21,2,0,1,1,1,1785888354
2026-08-05T00:08:10Z,327,8,0,17,2,0,1,1,1,1785888396
2026-08-05T00:08:10Z,328,3,0,18,1,0,1,1,1,1785887488
2026-08-05T00:08:10Z,329,16,1,2,1,0,1,1,1,1785887653
2026-08-05T00:08:10Z,330,10,0,12,0,0,1,1,1,1785888293
2026-08-05T00:08:10Z,331,1,0,18,4,0,1,1,1,1785888251
2026-08-05T00:08:10Z,332,14,3,3,2,0,1,1,1,1785888406
2026-08-05T00:08:10Z,333,19,10,1,3,0,1,1,1,1785888471
2026-08-05T00:08:10Z,334,23,4,0,0,0,1,1,1,1785887383
2026-08-05T00:08:10Z,335,18,4,4,0,1,1,1,1,1785887709
2026-08-05T00:08:10Z,336,10,2,9,0,0,1,1,1,1785887801
2026-08-05T00:08:10Z,337,12,0,8,3,0,1,1,1,1785888341
2026-08-05T00:08:10Z,338,2,1,16,1,0,1,1,1,1785888061
2026-08-05T00:08:10Z,339,1,1,22,0,0,1,1,1,1785888331
2026-08-05T00:08:10Z,340,9,2,5,1,0,1,1,1,1785888239
2026-08-05T00:08:10Z,341,9,2,10,0,0,1,1,1,1785888343
2026-08-05T00:08:10Z,342,11,4,3,1,0,1,1,1,1785887961
2026-08-05T00:08:10Z,343,4,2,19,0,0,1,1,1,1785888250
2026-08-05T00:08:10Z,344,10,5,13,0,0,1,1,1,1785888177
2026-08-05T00:08:10Z,345,19,0,0,0,0,1,1,1,1785887428
2026-08-05T00:08:10Z,346,2,0,21,0,0,1,1,1,1785887919
2026-08-05T00:08:10Z,347,4,1,38,2,0,1,1,1,1785888470
2026-08-05T00:08:10Z,348,1,0,21,0,1,1,1,1,1785888213
2026-08-05T00:08:10Z,349,16,5,3,0,0,1,1,1,1785887051
2026-08-05T00:08:10Z,350,6,0,19,1,1,1,1,1,1785888119
2026-08-05T00:08:10Z,351,13,2,7,3,0,1,1,1,1785888184
2026-08-05T00:08:10Z,355,5,1,18,0,0,1,1,1,1785887419
2026-08-05T00:08:10Z,356,4,1,13,2,0,1,1,1,1785888445
2026-08-05T00:08:10Z,357,18,7,0,1,0,1,1,1,1785888047
2026-08-05T00:08:10Z,358,15,1,12,0,0,1,1,1,1785887699
2026-08-05T00:08:10Z,359,8,2,19,0,0,1,1,1,1785888481
2026-08-05T00:08:10Z,360,9,1,10,0,0,1,1,1,1785887177
2026-08-05T00:08:10Z,362,7,6,9,3,0,1,1,1,1785888328
2026-08-05T00:08:10Z,363,24,1,3,0,0,1,1,1,1785888269
2026-08-05T00:08:10Z,364,3,0,16,0,0,1,1,1,1785886495
2026-08-05T00:08:10Z,365,4,2,16,3,0,1,1,1,1785887439
2026-08-05T00:08:10Z,366,8,2,11,4,0,1,1,1,1785887857
2026-08-05T00:08:10Z,367,5,0,13,1,0,1,1,1,1785887807
2026-08-05T00:08:10Z,368,0,0,22,1,0,1,1,1,1785884142
2026-08-05T00:08:10Z,370,7,2,19,1,0,1,1,1,1785888302
2026-08-05T00:08:10Z,371,3,1,15,1,0,1,1,1,1785888225
2026-08-05T00:08:10Z,372,7,2,7,1,0,1,1,1,1785888244
2026-08-05T00:08:10Z,373,6,2,20,1,0,1,1,1,1785887985
2026-08-05T00:08:10Z,374,5,1,14,0,0,1,1,1,1785887736
2026-08-05T00:08:10Z,375,11,9,14,2,0,1,1,1,1785888323
2026-08-05T00:08:10Z,376,32,6,2,5,0,1,1,1,1785888197
2026-08-05T00:08:10Z,377,2,0,24,1,0,1,1,1,1785888384
2026-08-05T00:08:10Z,378,6,4,16,1,1,1,1,1,1785888478
2026-08-05T00:08:10Z,379,26,0,0,1,0,1,1,1,1785888323
2026-08-05T00:08:10Z,380,7,0,16,0,0,1,1,1,1785887569
2026-08-05T00:08:10Z,381,11,0,12,0,0,1,1,1,1785888205
2026-08-05T00:08:10Z,383,8,0,7,0,0,1,1,1,1785887907
2026-08-05T00:08:10Z,384,5,1,20,2,0,1,1,1,1785887849
2026-08-05T00:08:10Z,385,1,0,17,0,0,1,1,1,1785888304
2026-08-05T00:08:10Z,387,2,1,21,0,0,1,1,1,1785888318
2026-08-05T00:08:10Z,388,0,0,47,2,0,1,1,1,1785888432
2026-08-05T00:08:10Z,389,4,2,10,1,0,1,1,1,1785886844
2026-08-05T00:08:10Z,390,7,0,12,0,0,1,1,1,1785887358
2026-08-05T00:08:10Z,391,4,4,10,1,0,1,1,1,1785888482
2026-08-05T00:08:10Z,392,1,0,16,2,0,1,1,1,1785888192
2026-08-05T00:08:10Z,393,1,1,9,1,0,1,1,1,1785887804
2026-08-05T00:08:10Z,394,1,1,10,2,0,1,1,1,1785887669
2026-08-05T00:08:10Z,396,26,21,13,3,0,1,1,1,1785888455
2026-08-05T00:08:10Z,397,5,2,6,20,0,1,1,1,1785888442
2026-08-05T00:08:10Z,399,2,0,12,3,0,1,1,1,1785888223
2026-08-05T00:08:10Z,400,16,10,5,2,0,1,1,1,1785887579
2026-08-05T00:08:10Z,401,17,1,22,0,0,1,1,1,1785888161
2026-08-05T00:08:10Z,403,16,5,13,2,0,1,1,1,1785888189
2026-08-05T00:08:10Z,404,4,0,19,0,0,1,1,1,1785888429
2026-08-05T00:08:10Z,406,24,1,11,0,0,1,1,1,1785888472
2026-08-05T00:08:10Z,407,0,0,34,0,0,1,1,1,1785887817
2026-08-05T00:08:10Z,408,24,10,6,3,0,1,1,1,1785888461
2026-08-05T00:08:10Z,409,0,0,21,2,0,1,1,1,1785886238
2026-08-05T00:08:10Z,413,4,0,18,1,0,1,1,1,1785887964
2026-08-05T00:08:10Z,414,4,1,11,0,0,1,1,1,1785888380
2026-08-05T00:08:10Z,417,6,3,13,0,0,1,1,1,1785888058
2026-08-05T00:08:10Z,418,3,3,10,2,0,1,1,1,1785886980
2026-08-05T00:08:10Z,419,12,4,11,0,0,1,1,1,1785887309
2026-08-05T00:08:10Z,421,18,0,1,0,0,1,1,1,1785888365
2026-08-05T00:08:10Z,422,3,2,23,1,0,1,1,1,1785887585
2026-08-05T00:08:10Z,423,7,2,16,0,0,1,1,1,1785888169
2026-08-05T00:08:10Z,424,3,0,9,3,0,1,1,1,1785888398
2026-08-05T00:08:10Z,425,14,0,6,1,1,1,1,1,1785888397
2026-08-05T00:08:10Z,426,1,0,35,1,0,1,1,1,1785888234
2026-08-05T00:08:10Z,427,12,0,1,2,0,1,1,1,1785888322
2026-08-05T00:08:10Z,428,16,0,2,1,0,1,1,1,1785888250
2026-08-05T00:08:10Z,429,5,1,17,1,0,1,1,1,1785888459
2026-08-05T00:08:10Z,430,15,2,16,0,0,1,1,1,1785888021
2026-08-05T00:08:10Z,431,1,1,30,2,0,1,1,1,1785887806
2026-08-05T00:08:10Z,432,0,0,30,1,0,0,1,1,1785508564
2026-08-05T00:08:10Z,433,8,2,11,4,0,1,1,1,1785887503
2026-08-05T00:08:10Z,437,5,4,9,4,1,1,1,1,1785888483
2026-08-05T00:08:10Z,438,5,1,13,1,0,1,1,1,1785888329
2026-08-05T00:08:10Z,439,6,1,8,1,0,1,1,1,1785888149
2026-08-05T00:08:10Z,440,10,0,5,0,0,1,1,1,1785888355
2026-08-05T00:08:10Z,441,5,1,2,8,0,1,1,1,1785887852
2026-08-05T00:08:10Z,442,13,2,3,3,0,1,1,1,1785888334
2026-08-05T00:08:10Z,443,3,1,24,0,0,1,1,1,1785876072
2026-08-05T00:08:10Z,444,5,2,18,0,0,1,1,1,1785886281
2026-08-05T00:08:10Z,445,8,2,14,1,0,1,1,1,1785888359
2026-08-05T00:08:10Z,446,6,2,16,1,0,1,1,1,1785888479
2026-08-05T00:08:10Z,447,5,0,16,1,1,1,1,1,1785888266
2026-08-05T00:08:10Z,448,6,2,9,0,0,1,1,1,1785886982
2026-08-05T00:08:10Z,452,17,4,2,0,0,1,1,1,1785888333
2026-08-05T00:08:10Z,453,7,1,4,4,0,1,1,1,1785887864
2026-08-05T00:08:10Z,454,0,0,18,1,0,1,1,1,1785888015
2026-08-05T00:08:10Z,455,2,0,37,0,0,1,1,1,1785888414
2026-08-05T00:08:10Z,456,16,0,2,2,0,1,1,1,1785888339
2026-08-05T00:08:10Z,457,1,0,23,3,0,1,1,1,1785888476
2026-08-05T00:08:10Z,458,7,0,14,2,0,1,1,1,1785888413
2026-08-05T00:08:10Z,459,11,2,3,1,0,1,1,1,1785887737
2026-08-05T00:08:10Z,460,18,1,3,2,0,1,1,1,1785888421
2026-08-05T00:08:10Z,461,13,2,5,1,0,1,1,1,1785888379
2026-08-05T00:08:10Z,462,7,0,14,0,0,1,1,1,1785888383
2026-08-05T00:08:10Z,463,11,0,8,0,0,1,1,1,1785888187
2026-08-05T00:08:10Z,464,2,1,12,0,0,1,1,1,1785888056
2026-08-05T00:08:10Z,465,7,5,8,0,0,1,1,1,1785888469
2026-08-05T00:08:10Z,466,4,0,8,3,0,1,1,1,1785888465
2026-08-05T00:08:10Z,467,3,2,16,0,0,1,1,1,1785887600
2026-08-05T00:08:10Z,468,10,3,8,1,0,1,1,1,1785887413
2026-08-05T00:08:10Z,469,4,0,19,0,0,1,1,1,1785888386
2026-08-05T00:08:10Z,470,2,1,12,1,0,1,1,1,1785888193
2026-08-05T00:08:10Z,471,6,1,19,2,0,1,1,1,1785887674
2026-08-05T00:08:10Z,472,8,2,9,2,0,1,1,1,1785888447
2026-08-05T00:08:10Z,473,1,1,16,2,0,1,1,1,1785887337
2026-08-05T00:08:10Z,474,2,0,17,0,0,1,1,1,1785888399
2026-08-05T00:08:10Z,475,9,1,7,3,0,1,1,1,1785888312
2026-08-05T00:08:10Z,477,2,2,12,1,0,1,1,1,1785888306
2026-08-05T00:08:10Z,478,26,0,4,1,0,1,1,1,1785888257
2026-08-05T00:08:10Z,479,0,0,26,1,0,1,1,1,1785888145
2026-08-05T00:08:10Z,480,2,0,11,2,0,1,1,1,1785888202
2026-08-05T00:08:10Z,481,30,0,3,2,0,1,1,1,1785888472
2026-08-05T00:08:10Z,482,6,1,12,1,0,1,1,1,1785888337
2026-08-05T00:08:10Z,483,14,2,10,3,0,1,1,1,1785888470
2026-08-05T00:08:10Z,484,0,0,18,1,0,1,1,1,1785888379
2026-08-05T00:08:10Z,485,4,0,13,1,1,1,1,1,1785888467
2026-08-05T00:08:10Z,486,11,1,13,3,0,1,1,1,1785888366
2026-08-05T00:08:10Z,487,7,4,11,1,0,1,1,1,1785888398
2026-08-05T00:08:10Z,489,12,4,3,0,0,1,1,1,1785888358
2026-08-05T00:08:10Z,490,15,0,0,1,0,1,1,1,1785886193
2026-08-05T00:08:10Z,491,14,3,4,3,0,1,1,1,1785884624
2026-08-05T00:08:10Z,492,6,1,1,4,0,1,1,1,1785888480
2026-08-05T00:08:10Z,493,1,0,25,1,0,1,1,1,1785886814
2026-08-05T00:08:10Z,495,5,2,5,5,0,1,1,1,1785888376
2026-08-05T00:08:10Z,496,27,1,0,0,0,1,1,1,1785888108
2026-08-05T00:08:10Z,497,7,3,10,1,0,1,1,1,1785888478
2026-08-05T00:08:10Z,498,0,0,22,1,0,1,1,1,1785888240
2026-08-05T00:08:10Z,499,13,0,6,0,0,1,1,1,1785887343
2026-08-05T00:08:10Z,500,9,2,5,1,0,1,1,1,1785888203
2026-08-05T00:08:10Z,501,2,1,19,0,0,1,1,1,1785887737
2026-08-05T00:08:10Z,502,1,0,18,0,0,1,1,1,1785886211
2026-08-05T00:08:10Z,503,21,1,9,1,0,1,1,1,1785888465
2026-08-05T00:08:10Z,504,21,2,17,1,0,1,1,1,1785888477
2026-08-05T00:08:10Z,505,2,2,10,0,0,1,1,1,1785888251
2026-08-05T00:08:10Z,511,3,1,18,2,0,1,1,1,1785888445
2026-08-05T00:08:10Z,512,0,0,26,1,0,1,1,1,1785888363
2026-08-05T00:08:10Z,514,10,3,0,1,0,1,1,1,1785888480
2026-08-05T00:08:10Z,515,4,1,14,1,0,1,1,1,1785887975
2026-08-05T00:08:10Z,516,6,0,21,0,0,1,1,1,1785888338
2026-08-05T00:08:10Z,517,8,0,15,0,0,1,1,1,1785888025
2026-08-05T00:08:10Z,518,1,1,14,0,0,1,1,1,1785887853
2026-08-05T00:08:10Z,519,3,0,15,1,0,1,1,1,1785888383
2026-08-05T00:08:10Z,520,3,2,15,8,1,1,1,1,1785888480
2026-08-05T00:08:10Z,521,10,4,13,0,0,1,1,1,1785887396
2026-08-05T00:08:10Z,522,23,0,0,0,0,1,1,1,1785888432
2026-08-05T00:08:10Z,523,7,3,15,1,0,1,1,1,1785888414
2026-08-05T00:08:10Z,524,22,3,0,1,0,1,1,1,1785888219
2026-08-05T00:08:10Z,525,18,5,1,0,0,1,1,1,1785888239
2026-08-05T00:08:10Z,526,12,4,2,1,0,1,1,1,1785888105
2026-08-05T00:08:10Z,527,3,3,23,0,0,1,1,1,1785886998
2026-08-05T00:08:10Z,528,10,3,12,1,0,1,1,1,1785887724
2026-08-05T00:08:10Z,530,5,1,14,2,0,1,1,1,1785888452
2026-08-05T00:08:10Z,531,6,0,15,1,1,1,1,1,1785887797
2026-08-05T00:08:10Z,532,3,3,26,2,0,1,1,1,1785888353
2026-08-05T00:08:10Z,533,9,0,9,1,0,1,1,1,1785887614
2026-08-05T00:08:10Z,534,17,11,6,0,0,1,1,1,1785888435
2026-08-05T00:08:10Z,535,0,0,15,0,0,1,1,1,1785887975
2026-08-05T00:08:10Z,536,16,2,7,0,0,1,1,1,1785888398
2026-08-05T00:08:10Z,537,0,0,20,0,0,1,1,1,1785884044
2026-08-05T00:08:10Z,538,7,4,15,0,1,1,1,1,1785888386
2026-08-05T00:08:10Z,539,1,0,29,1,0,1,1,1,1785888453
2026-08-05T00:08:10Z,540,3,2,16,0,0,1,1,1,1785887858
2026-08-05T00:08:10Z,541,15,2,10,2,0,1,1,1,1785888459
2026-08-05T00:08:10Z,542,2,1,21,0,0,1,1,1,1785888126
2026-08-05T00:08:10Z,543,4,2,15,0,0,1,1,1,1785888359
2026-08-05T00:08:10Z,544,12,0,5,5,0,1,1,1,1785888471
2026-08-05T00:08:10Z,545,10,2,4,5,0,1,1,1,1785888474
2026-08-05T00:08:10Z,546,4,3,15,0,0,1,1,1,1785888236
2026-08-05T00:08:10Z,547,0,0,25,0,0,1,1,1,1785888080
2026-08-05T00:08:10Z,548,15,0,8,0,0,1,1,1,1785888072
2026-08-05T00:08:10Z,549,17,0,5,1,0,1,1,1,1785888307
2026-08-05T00:08:10Z,550,7,6,12,0,0,1,1,1,1785887992
2026-08-05T00:08:10Z,551,9,3,12,2,0,1,1,1,1785886126
2026-08-05T00:08:10Z,552,5,3,22,0,0,1,1,1,1785888304
2026-08-05T00:08:10Z,553,3,1,20,0,0,1,1,1,1785888339
2026-08-05T00:08:10Z,554,0,0,19,0,0,1,1,1,1785887579
2026-08-05T00:08:10Z,555,8,2,6,1,0,1,1,1,1785888357
2026-08-05T00:08:10Z,556,4,2,18,1,0,1,1,1,1785888386
2026-08-05T00:08:10Z,557,2,0,19,2,0,1,1,1,1785888245
2026-08-05T00:08:10Z,558,1,0,36,0,0,1,1,1,1785888309
2026-08-05T00:08:10Z,559,0,0,18,1,0,1,1,1,1785888223
2026-08-05T00:08:10Z,560,21,0,4,3,0,1,1,1,1785888471
2026-08-05T00:08:10Z,561,5,0,17,1,0,1,1,1,1785888313
2026-08-05T00:08:10Z,562,17,1,14,4,0,1,1,1,1785888388
2026-08-05T00:08:10Z,563,11,0,2,1,0,1,1,1,1785888042
2026-08-05T00:08:10Z,564,14,0,5,0,0,1,1,1,1785887904
2026-08-05T00:08:10Z,565,1,0,17,1,0,1,1,1,1785887686
2026-08-05T00:08:10Z,566,3,2,15,1,0,1,1,1,1785888452
2026-08-05T00:08:10Z,567,22,0,2,3,0,1,1,1,1785888253
2026-08-05T00:08:10Z,568,10,1,8,1,0,1,1,1,1785888069
2026-08-05T00:08:10Z,569,1,0,16,2,0,1,1,1,1785887858
2026-08-05T00:08:10Z,570,7,0,12,0,0,1,1,1,1785888250
2026-08-05T00:08:10Z,571,10,0,12,1,0,1,1,1,1785888458
2026-08-05T00:08:10Z,572,7,0,11,1,0,1,1,1,1785887965
2026-08-05T00:08:10Z,573,14,1,0,1,0,1,1,1,1785888318
2026-08-05T00:08:10Z,574,11,8,3,1,0,1,1,1,1785887456
2026-08-05T00:08:10Z,575,2,1,19,0,0,1,1,1,1785888253
2026-08-05T00:08:10Z,576,11,4,8,0,0,1,1,1,1785887853
2026-08-05T00:08:10Z,577,13,0,18,0,0,1,1,1,1785888218
2026-08-05T00:08:10Z,578,16,7,6,1,0,1,1,1,1785888192
2026-08-05T00:08:10Z,579,9,0,33,1,0,1,1,1,1785888352
2026-08-05T00:08:10Z,580,2,0,27,0,0,1,1,1,1785886445
2026-08-05T00:08:10Z,581,17,0,2,0,0,1,1,1,1785888426
2026-08-05T00:08:10Z,582,3,1,57,1,0,1,1,1,1785888398
2026-08-05T00:08:10Z,583,16,1,6,1,0,1,1,1,1785888407
2026-08-05T00:08:10Z,584,2,2,13,4,0,1,1,1,1785888280
2026-08-05T00:08:10Z,585,26,2,0,0,1,1,1,1,1785888301
2026-08-05T00:08:10Z,586,1,0,34,0,0,1,1,1,1785888376
2026-08-05T00:08:10Z,587,13,0,10,1,0,1,1,1,1785888456
2026-08-05T00:08:10Z,588,7,1,12,0,0,1,1,1,1785886154
2026-08-05T00:08:10Z,589,13,11,8,1,0,1,1,1,1785888458
2026-08-05T00:08:10Z,590,9,2,21,1,0,1,1,1,1785887416
2026-08-05T00:08:10Z,591,15,2,13,2,0,1,1,1,1785888453
2026-08-05T00:08:10Z,592,2,0,21,0,0,1,1,1,1785888003
2026-08-05T00:08:10Z,593,3,0,35,0,0,1,1,1,1785888280
2026-08-05T00:08:10Z,594,19,0,0,2,0,1,1,1,1785886189
2026-08-05T00:08:10Z,595,0,0,3,0,0,0,1,1,1784046673
2026-08-05T00:08:10Z,605,0,0,2,1,0,0,1,1,1783975843
2026-08-05T00:08:10Z,606,0,0,0,0,0,0,1,1,86400
2026-08-05T00:08:10Z,607,27,1,3,2,0,1,1,1,1785888379
2026-08-05T00:08:10Z,608,12,2,38,0,0,1,1,1,1785888453
2026-08-05T00:08:10Z,609,3,3,20,0,0,1,1,1,1785888208
2026-08-05T00:08:10Z,610,13,0,22,0,0,1,1,1,1785888479
2026-08-05T00:08:10Z,611,5,0,20,2,0,1,1,1,1785888459
2026-08-05T00:08:10Z,612,2,0,13,0,0,1,1,1,1785887596
2026-08-05T00:08:10Z,613,7,3,6,2,0,1,1,1,1785888472
2026-08-05T00:08:10Z,614,0,0,23,3,1,1,1,1,1785888363
2026-08-05T00:08:10Z,617,8,1,7,0,0,1,1,1,1785887097
2026-08-05T00:08:10Z,618,5,2,13,1,0,1,1,1,1785887955
2026-08-05T00:08:10Z,619,11,0,8,0,0,1,1,1,1785888441
2026-08-05T00:08:10Z,620,1,0,26,0,0,1,1,1,1785887599
2026-08-05T00:08:10Z,621,11,0,12,0,0,1,1,1,1785888378
2026-08-05T00:08:10Z,622,1,1,22,0,0,1,1,1,1785887258
2026-08-05T00:08:10Z,623,2,1,27,1,0,1,1,1,1785887407
2026-08-05T00:08:10Z,624,1,0,14,0,0,1,1,1,1785888020
2026-08-05T00:08:10Z,625,3,1,8,11,0,1,1,1,1785888412
2026-08-05T00:08:10Z,626,22,0,23,0,2,1,1,1,1785888480
2026-08-05T00:08:10Z,627,7,1,11,1,0,1,1,1,1785885719
2026-08-05T00:08:10Z,628,9,5,7,2,1,1,1,1,1785887718
2026-08-05T00:08:10Z,629,1,0,9,1,0,1,1,1,1785888205
2026-08-05T00:08:10Z,630,20,2,3,4,0,1,1,1,1785888445
2026-08-05T00:08:10Z,631,9,0,14,0,0,1,1,1,1785887993
2026-08-05T00:08:10Z,632,16,2,4,3,0,1,1,1,1785887812
2026-08-05T00:08:10Z,633,12,4,2,1,0,1,1,1,1785888068
2026-08-05T00:08:10Z,634,10,4,8,1,0,1,1,1,1785888452
2026-08-05T00:08:10Z,635,17,1,2,0,0,1,1,1,1785887824
2026-08-05T00:08:10Z,636,5,0,10,0,0,1,1,1,1785888462
2026-08-05T00:08:10Z,637,12,10,6,1,0,1,1,1,1785886219
2026-08-05T00:08:10Z,638,7,2,8,4,0,1,1,1,1785887562
2026-08-05T00:08:10Z,639,4,0,14,1,0,1,1,1,1785886680
2026-08-05T00:08:10Z,640,0,0,21,2,0,1,1,1,1785887282
2026-08-05T00:08:10Z,641,2,0,24,1,0,1,1,1,1785888437
2026-08-05T00:08:10Z,642,4,1,8,17,0,1,1,1,1785888096
2026-08-05T00:08:10Z,643,0,0,18,9,0,1,1,1,1785888480
2026-08-05T00:08:10Z,644,7,0,7,1,0,1,1,1,1785888145
2026-08-05T00:08:10Z,645,4,2,17,1,1,1,1,1,1785888251
2026-08-05T00:08:10Z,646,11,0,8,0,0,1,1,1,1785887746
2026-08-05T00:08:10Z,647,23,1,7,1,0,1,1,1,1785888171
2026-08-05T00:08:10Z,648,4,1,14,1,0,1,1,1,1785888134
2026-08-05T00:08:10Z,649,2,1,29,0,0,1,1,1,1785888439
2026-08-05T00:08:10Z,650,4,1,10,0,0,1,1,1,1785888448
2026-08-05T00:08:10Z,651,11,5,11,1,0,1,1,1,1785888352
2026-08-05T00:08:10Z,652,2,1,19,2,0,1,1,1,1785888421
2026-08-05T00:08:10Z,653,2,1,17,0,0,1,1,1,1785888160
2026-08-05T00:08:10Z,654,2,2,12,1,0,1,1,1,1785887890
2026-08-05T00:08:10Z,655,0,0,1,8,4,1,1,1,1785888446
2026-08-05T00:08:10Z,656,14,2,5,0,0,1,1,1,1785888446
2026-08-05T00:08:10Z,657,4,4,9,2,2,1,1,1,1785888402
2026-08-05T00:08:10Z,659,7,5,3,5,0,1,1,1,1785887233
2026-08-05T00:08:10Z,660,2,2,23,6,0,1,1,1,1785888480
2026-08-05T00:08:10Z,661,7,4,11,1,0,1,1,1,1785888111
2026-08-05T00:08:10Z,662,4,2,17,2,0,1,1,1,1785888435
2026-08-05T00:08:10Z,663,5,1,10,0,0,1,1,1,1785888322
2026-08-05T00:08:10Z,664,1,0,25,1,0,1,1,1,1785887048
2026-08-05T00:08:10Z,665,3,0,11,1,0,1,1,1,1785887543
2026-08-05T00:08:10Z,666,11,6,0,4,0,1,1,1,1785888281
2026-08-05T00:08:10Z,667,16,0,0,3,0,1,1,1,1785888262
2026-08-05T00:08:10Z,668,1,0,16,2,0,1,1,1,1785888392
2026-08-05T00:08:10Z,669,10,1,2,2,0,1,1,1,1785887391
2026-08-05T00:08:10Z,670,10,0,17,0,0,1,1,1,1785887935
2026-08-05T00:08:10Z,671,26,0,1,0,0,1,1,1,1785888319
2026-08-05T00:08:10Z,672,12,2,7,3,1,1,1,1,1785888140
2026-08-05T00:08:10Z,673,10,0,13,0,0,1,1,1,1785888248
2026-08-05T00:08:10Z,674,21,8,0,2,0,1,1,1,1785888368
2026-08-05T00:08:10Z,675,3,0,9,3,0,1,1,1,1785887350
2026-08-05T00:08:10Z,676,7,1,15,0,0,1,1,1,1785888108
2026-08-05T00:08:10Z,681,9,1,4,2,0,1,1,1,1785887865
2026-08-05T00:08:10Z,682,5,1,14,0,0,1,1,1,1785886590
2026-08-05T00:08:10Z,683,2,1,17,0,0,1,1,1,1785884929
2026-08-05T00:08:10Z,684,1,0,26,0,0,1,1,1,1785880555
2026-08-05T00:08:10Z,685,8,4,17,1,1,1,1,1,1785888138
2026-08-05T00:08:10Z,686,11,2,14,2,0,1,1,1,1785888455
2026-08-05T00:08:10Z,687,12,2,17,1,1,1,1,1,1785888188
2026-08-05T00:08:10Z,688,8,1,11,0,0,1,1,1,1785885805
2026-08-05T00:08:10Z,692,0,0,21,0,0,1,1,1,1785887056
2026-08-05T00:08:10Z,693,4,0,4,3,0,1,1,1,1785887346
2026-08-05T00:08:10Z,694,1,0,19,1,0,1,1,1,1785888076
2026-08-05T00:08:10Z,695,3,0,18,2,0,1,1,1,1785887344
2026-08-05T00:08:10Z,696,6,4,17,0,0,1,1,1,1785887891
2026-08-05T00:08:10Z,697,22,0,1,0,0,1,1,1,1785888142
2026-08-05T00:08:10Z,698,27,1,0,0,0,1,1,1,1785888272
2026-08-05T00:08:10Z,699,5,4,10,0,0,1,1,1,1785888239
2026-08-05T00:08:10Z,700,8,0,10,1,0,1,1,1,1785887247
2026-08-05T00:08:10Z,701,5,2,14,0,0,1,1,1,1785888443
2026-08-05T00:08:10Z,702,4,1,19,0,0,1,1,1,1785888268
2026-08-05T00:08:10Z,704,7,0,8,0,0,1,1,1,1785887435
2026-08-05T00:08:10Z,705,2,0,13,0,0,1,1,1,1785888277
2026-08-05T00:08:10Z,706,5,4,8,2,0,1,1,1,1785888259
2026-08-05T00:08:10Z,707,5,3,10,0,0,1,1,1,1785888092
2026-08-05T00:08:10Z,708,18,0,1,0,0,1,1,1,1785887363
2026-08-05T00:08:10Z,709,5,2,7,3,0,1,1,1,1785888197
2026-08-05T00:08:10Z,710,9,2,10,0,0,1,1,1,1785888456
2026-08-05T00:08:10Z,711,4,3,18,1,0,1,1,1,1785887709
2026-08-05T00:08:10Z,712,3,1,12,0,0,1,1,1,1785888465
2026-08-05T00:08:10Z,713,5,2,18,0,0,1,1,1,1785888078
2026-08-05T00:08:10Z,716,8,5,6,1,0,1,1,1,1785886752
2026-08-05T00:08:10Z,717,18,10,5,2,0,1,1,1,1785888099
2026-08-05T00:08:10Z,718,1,0,14,0,0,1,1,1,1785888313
2026-08-05T00:08:10Z,719,24,0,5,0,0,1,1,1,1785888465
2026-08-05T00:08:10Z,720,3,2,16,0,0,1,1,1,1785888096
2026-08-05T00:08:10Z,721,10,0,12,1,0,1,1,1,1785888419
2026-08-05T00:08:10Z,722,11,0,4,0,0,1,1,1,1785888406
2026-08-05T00:08:10Z,723,14,2,8,1,0,1,1,1,1785887893
2026-08-05T00:08:10Z,724,0,0,23,0,0,1,1,1,1785888475
2026-08-05T00:08:10Z,725,22,1,1,0,0,1,1,1,1785888311
2026-08-05T00:08:10Z,726,13,0,6,0,0,1,1,1,1785887770
2026-08-05T00:08:10Z,727,7,4,12,4,0,1,1,1,1785888316
2026-08-05T00:08:10Z,728,7,1,6,2,0,1,1,1,1785887921
2026-08-05T00:08:10Z,729,16,1,2,1,0,1,1,1,1785888267
2026-08-05T00:08:10Z,730,3,0,12,0,0,1,1,1,1785887669
2026-08-05T00:08:10Z,731,4,0,10,1,0,1,1,1,1785887443
2026-08-05T00:08:10Z,732,9,0,5,1,0,1,1,1,1785888446
2026-08-05T00:08:10Z,733,18,2,8,1,0,1,1,1,1785887966
2026-08-05T00:08:10Z,734,5,3,8,1,0,1,1,1,1785887331
2026-08-05T00:08:10Z,735,1,1,26,0,0,1,1,1,1785888151
2026-08-05T00:08:10Z,736,13,2,6,0,0,1,1,1,1785888412
2026-08-05T00:08:10Z,737,10,3,3,1,1,1,1,1,1785888197
2026-08-05T00:08:10Z,738,5,1,14,0,0,1,1,1,1785887552
2026-08-05T00:08:10Z,739,7,1,19,1,0,1,1,1,1785886732
2026-08-05T00:08:10Z,741,14,5,9,0,0,1,1,1,1785888060
2026-08-05T00:08:10Z,742,21,1,17,1,0,1,1,1,1785888396
2026-08-05T00:08:10Z,743,0,0,18,1,0,1,1,1,1785888112
2026-08-05T00:08:10Z,744,2,2,12,1,0,1,1,1,1785887310
2026-08-05T00:08:10Z,745,9,3,9,1,0,1,1,1,1785887956
2026-08-05T00:08:10Z,746,11,0,9,0,0,1,1,1,1785888312
2026-08-05T00:08:10Z,747,0,0,4,0,0,0,1,1,1783446606
2026-08-05T00:08:10Z,748,11,0,12,0,0,1,1,1,1785887451
2026-08-05T00:08:10Z,749,9,1,13,1,0,1,1,1,1785888201
2026-08-05T00:08:10Z,750,1,1,10,0,0,1,1,1,1785888324
2026-08-05T00:08:10Z,751,6,5,16,1,0,1,1,1,1785888404
2026-08-05T00:08:10Z,752,3,1,13,1,0,1,1,1,1785888053
2026-08-05T00:08:10Z,753,14,0,1,0,0,1,1,1,1785888370
2026-08-05T00:08:10Z,754,2,0,13,0,0,1,1,1,1785887540
2026-08-05T00:08:10Z,755,7,2,15,1,0,1,1,1,1785887923
2026-08-05T00:08:10Z,756,8,8,29,0,0,1,1,1,1785887735
2026-08-05T00:08:10Z,757,4,0,15,0,0,1,1,1,1785888343
2026-08-05T00:08:10Z,758,22,14,1,0,0,1,1,1,1785888458
2026-08-05T00:08:10Z,759,4,3,10,1,0,1,1,1,1785888483
2026-08-05T00:08:10Z,760,5,0,14,0,0,1,1,1,1785885673
2026-08-05T00:08:10Z,761,9,2,13,1,0,1,1,1,1785888207
2026-08-05T00:08:10Z,762,4,2,9,2,0,1,1,1,1785888326
2026-08-05T00:08:10Z,768,2,1,15,2,0,1,1,1,1785887050
2026-08-05T00:08:10Z,769,12,3,7,0,0,1,1,1,1785888152
2026-08-05T00:08:10Z,770,6,3,11,2,0,1,1,1,1785887793
2026-08-05T00:08:10Z,771,4,2,9,2,0,1,1,1,1785888454
2026-08-05T00:08:10Z,772,4,3,11,0,0,1,1,1,1785887314
2026-08-05T00:08:10Z,773,11,6,7,1,0,1,1,1,1785887941
2026-08-05T00:08:10Z,774,4,0,10,1,0,1,1,1,1785888143
2026-08-05T00:08:10Z,775,7,2,10,2,0,1,1,1,1785887995
2026-08-05T00:08:10Z,776,5,1,15,1,0,1,1,1,1785886736
2026-08-05T00:08:10Z,777,13,6,1,0,0,1,1,1,1785886503
2026-08-05T00:08:10Z,778,16,3,2,1,0,1,1,1,1785887801
2026-08-05T00:08:10Z,779,13,1,6,0,0,1,1,1,1785888460
2026-08-05T00:08:10Z,780,3,2,14,2,0,1,1,1,1785888396
2026-08-05T00:08:10Z,781,2,1,5,4,0,1,1,1,1785887540
2026-08-05T00:08:10Z,782,0,0,17,2,0,1,1,1,1785887344
2026-08-05T00:08:10Z,783,4,1,14,1,0,1,1,1,1785888152
2026-08-05T00:08:10Z,784,4,0,15,0,0,1,1,1,1785888441
2026-08-05T00:08:10Z,785,9,1,4,6,0,1,1,1,1785887819
2026-08-05T00:08:10Z,786,4,1,14,1,0,1,1,1,1785888064
2026-08-05T00:08:10Z,787,2,1,12,1,0,1,1,1,1785887463
2026-08-05T00:08:10Z,788,7,4,8,0,0,1,1,1,1785886820
2026-08-05T00:08:10Z,789,9,2,2,4,0,1,1,1,1785886835
2026-08-05T00:08:10Z,790,6,1,17,0,0,1,1,1,1785887719
2026-08-05T00:08:10Z,791,13,1,5,0,1,1,1,1,1785888386
2026-08-05T00:08:10Z,793,5,1,9,1,0,1,1,1,1785886728
2026-08-05T00:08:10Z,794,16,3,10,3,0,1,1,1,1785888351
2026-08-05T00:08:10Z,796,5,0,13,1,0,1,1,1,1785887361
2026-08-05T00:08:10Z,797,4,1,11,0,0,1,1,1,1785886742
2026-08-05T00:08:10Z,798,4,0,20,1,0,1,1,1,1785888450
2026-08-05T00:08:10Z,799,6,2,10,3,0,1,1,1,1785888269
2026-08-05T00:08:10Z,800,19,0,0,2,0,1,1,1,1785888316
2026-08-05T00:08:10Z,801,11,5,7,3,0,1,1,1,1785888419
2026-08-05T00:08:10Z,802,1,0,28,2,0,1,1,1,1785886837
2026-08-05T00:08:10Z,803,14,3,1,0,0,1,1,1,1785888458
2026-08-05T00:08:10Z,806,8,1,6,1,0,1,1,1,1785888322
2026-08-05T00:08:10Z,807,0,0,25,0,0,1,1,1,1785888440
2026-08-05T00:08:10Z,808,2,0,21,2,0,1,1,1,1785888481
2026-08-05T00:08:10Z,809,5,3,18,0,0,1,1,1,1785887607
2026-08-05T00:08:10Z,810,5,1,12,2,0,1,1,1,1785887773
2026-08-05T00:08:10Z,815,8,2,5,1,1,1,1,1,1785887698
2026-08-05T00:08:10Z,817,4,1,10,1,0,1,1,1,1785887855
2026-08-05T00:08:10Z,818,10,3,13,0,0,1,1,1,1785886837
2026-08-05T00:08:10Z,819,8,0,7,0,0,1,1,1,1785886132
2026-08-05T00:08:10Z,820,5,2,12,0,0,1,1,1,1785888394
2026-08-05T00:08:10Z,821,1,0,13,1,0,1,1,1,1785888362
2026-08-05T00:08:10Z,822,17,0,4,2,0,1,1,1,1785888419
2026-08-05T00:08:10Z,823,14,0,0,1,0,1,1,1,1785888311
2026-08-05T00:08:10Z,824,10,8,3,6,0,1,1,1,1785888473
2026-08-05T00:08:10Z,825,3,0,12,0,0,1,1,1,1785885243
2026-08-05T00:08:10Z,826,12,0,6,1,0,1,1,1,1785887802
2026-08-05T00:08:10Z,827,9,0,9,3,0,1,1,1,1785888483
2026-08-05T00:08:10Z,828,6,0,11,1,0,1,1,1,1785888357
2026-08-05T00:08:10Z,829,19,11,8,0,0,1,1,1,1785887793
2026-08-05T00:08:10Z,830,22,1,1,0,0,1,1,1,1785888315
2026-08-05T00:08:10Z,831,10,7,2,3,0,1,1,1,1785887954
2026-08-05T00:08:10Z,832,11,4,6,1,0,1,1,1,1785887026
2026-08-05T00:08:10Z,833,10,7,8,1,0,1,1,1,1785887661
2026-08-05T00:08:10Z,834,4,1,19,1,0,1,1,1,1785888427
2026-08-05T00:08:10Z,835,13,1,4,1,0,1,1,1,1785888413
2026-08-05T00:08:10Z,838,7,6,4,4,0,1,1,1,1785888277
2026-08-05T00:08:10Z,839,19,0,9,1,0,1,1,1,1785887460
2026-08-05T00:08:10Z,840,8,4,20,1,0,1,1,1,1785888148
2026-08-05T00:08:10Z,841,10,5,1,4,0,1,1,1,1785888207
2026-08-05T00:08:10Z,842,10,4,13,0,0,1,1,1,1785887128
2026-08-05T00:08:10Z,843,19,2,12,0,0,1,1,1,1785887901
2026-08-05T00:08:10Z,844,0,0,23,0,0,1,1,1,1785886710
2026-08-05T00:08:10Z,845,10,5,9,0,0,1,1,1,1785887470
2026-08-05T00:08:10Z,846,5,1,14,0,0,1,1,1,1785888091
2026-08-05T00:08:10Z,847,4,0,23,0,0,1,1,1,1785887100
2026-08-05T00:08:10Z,848,0,0,18,1,0,1,1,1,1785885130
2026-08-05T00:08:10Z,849,1,0,13,1,0,1,1,1,1785887732
2026-08-05T00:08:10Z,850,4,1,5,2,0,1,1,1,1785887064
2026-08-05T00:08:10Z,851,3,3,30,4,0,1,1,1,1785888120
2026-08-05T00:08:10Z,852,8,4,11,0,0,1,1,1,1785888299
2026-08-05T00:08:10Z,853,9,4,14,0,0,1,1,1,1785888288
2026-08-05T00:08:10Z,854,3,0,12,0,0,1,1,1,1785888043
2026-08-05T00:08:10Z,855,20,4,6,1,0,1,1,1,1785888123
2026-08-05T00:08:10Z,857,5,4,13,1,0,1,1,1,1785888355
2026-08-05T00:08:10Z,858,5,2,13,1,0,1,1,1,1785887397
2026-08-05T00:08:10Z,859,9,4,10,2,0,1,1,1,1785888148
2026-08-05T00:08:10Z,861,6,0,4,1,0,1,1,1,1785879885
2026-08-05T00:08:10Z,862,6,1,8,1,0,1,1,1,1785888006
2026-08-05T00:08:10Z,863,8,1,9,2,0,1,1,1,1785888317
2026-08-05T00:08:10Z,866,8,1,11,0,0,1,1,1,1785887182
2026-08-05T00:08:10Z,867,7,1,8,0,0,1,1,1,1785887531
2026-08-05T00:08:10Z,868,10,1,5,0,0,1,1,1,1785888110
2026-08-05T00:08:10Z,870,8,1,6,1,0,1,1,1,1785888372
2026-08-05T00:08:10Z,871,1,1,9,1,0,1,1,1,1785887291
2026-08-05T00:08:10Z,872,5,2,9,1,0,1,1,1,1785888277
2026-08-05T00:08:10Z,873,1,1,32,0,0,1,1,1,1785888303
2026-08-05T00:08:10Z,874,4,0,8,3,0,1,1,1,1785888170
2026-08-05T00:08:10Z,875,11,8,4,0,0,1,1,1,1785887975
2026-08-05T00:08:10Z,877,13,13,6,0,0,1,1,1,1785886965
2026-08-05T00:08:10Z,878,1,1,18,0,0,1,1,1,1785887389
2026-08-05T00:08:10Z,879,0,0,19,0,0,1,1,1,1785888082
2026-08-05T00:08:10Z,880,2,1,21,0,0,1,1,1,1785886989
2026-08-05T00:08:10Z,881,4,2,15,0,0,1,1,1,1785887325
2026-08-05T00:08:10Z,882,10,6,8,1,0,1,1,1,1785866274
2026-08-05T00:08:10Z,883,12,6,7,0,0,1,1,1,1785886836
2026-08-05T00:08:10Z,884,8,2,12,1,0,1,1,1,1785887024
2026-08-05T00:08:10Z,885,1,0,17,1,0,1,1,1,1785885216
2026-08-05T00:08:10Z,886,1,1,27,1,0,1,1,1,1785888387
2026-08-05T00:08:10Z,887,5,0,10,2,0,1,1,1,1785887833
2026-08-05T00:08:10Z,888,6,0,33,2,0,1,1,1,1785888431
2026-08-05T00:08:10Z,889,13,0,3,3,0,1,1,1,1785888245
2026-08-05T00:08:10Z,890,9,3,6,0,0,1,1,1,1785884134
2026-08-05T00:08:10Z,891,0,0,22,1,0,1,1,1,1785886716
2026-08-05T00:08:10Z,892,3,0,12,0,0,1,1,1,1785888084
2026-08-05T00:08:10Z,895,3,0,16,0,0,1,1,1,1785888255
2026-08-05T00:08:10Z,896,7,0,28,0,0,1,1,1,1785886745
2026-08-05T00:08:10Z,897,21,1,0,0,0,1,1,1,1785887200
2026-08-05T00:08:10Z,898,6,2,12,1,0,1,1,1,1785888404
2026-08-05T00:08:10Z,899,14,2,5,0,0,1,1,1,1785888423
2026-08-05T00:08:10Z,900,14,1,13,0,0,1,1,1,1785888433
2026-08-05T00:08:10Z,901,13,0,5,1,0,1,1,1,1785888216
2026-08-05T00:08:10Z,902,9,2,6,0,0,1,1,1,1785887970
2026-08-05T00:08:10Z,903,1,0,18,0,0,1,1,1,1785886906
2026-08-05T00:08:10Z,904,12,4,6,1,0,1,1,1,1785887094
2026-08-05T00:08:10Z,905,7,0,20,0,0,1,1,1,1785888113
2026-08-05T00:08:10Z,906,13,13,13,1,0,1,1,1,1785888291
2026-08-05T00:08:10Z,907,26,0,4,1,0,1,1,1,1785888450
2026-08-05T00:08:10Z,908,13,4,10,0,0,1,1,1,1785887391
2026-08-05T00:08:10Z,909,13,3,9,1,0,1,1,1,1785888116
2026-08-05T00:08:10Z,910,15,0,16,0,0,1,1,1,1785888448
2026-08-05T00:08:10Z,911,3,0,16,0,0,1,1,1,1785888303
2026-08-05T00:08:10Z,912,22,1,0,1,0,1,1,1,1785888418
2026-08-05T00:08:10Z,913,2,2,17,0,0,1,1,1,1785887673
2026-08-05T00:08:10Z,914,2,0,17,0,0,1,1,1,1785888456
2026-08-05T00:08:10Z,915,11,0,11,1,0,1,1,1,1785888017
2026-08-05T00:08:10Z,916,4,2,18,1,0,1,1,1,1785888375
2026-08-05T00:08:10Z,917,17,0,18,0,0,1,1,1,1785888482
2026-08-05T00:08:10Z,918,10,6,9,0,0,1,1,1,1785888483
2026-08-05T00:08:10Z,919,12,0,27,0,0,1,1,1,1785888466
2026-08-05T00:08:10Z,920,9,5,9,1,0,1,1,1,1785887479
2026-08-05T00:08:10Z,921,13,3,8,0,0,1,1,1,1785888478
2026-08-05T00:08:10Z,922,5,0,16,0,0,1,1,1,1785888415
2026-08-05T00:08:10Z,923,7,7,12,0,0,1,1,1,1785888315
2026-08-05T00:08:10Z,924,5,2,16,0,0,1,1,1,1785887924
2026-08-05T00:08:10Z,925,12,1,8,1,0,1,1,1,1785888214
2026-08-05T00:08:10Z,926,6,0,15,0,0,1,1,1,1785887911
2026-08-05T00:08:10Z,927,4,0,31,0,0,1,1,1,1785888202
2026-08-05T00:08:10Z,928,0,0,19,0,0,0,1,1,1785500252
2026-08-05T00:08:10Z,929,0,0,23,0,0,1,1,1,1785888138
2026-08-05T00:08:10Z,930,23,0,6,2,0,1,1,1,1785888318
2026-08-05T00:08:10Z,931,5,0,18,0,0,1,1,1,1785888482
2026-08-05T00:08:10Z,932,17,1,0,2,0,1,1,1,1785888440
2026-08-05T00:08:10Z,933,21,0,0,2,0,1,1,1,1785888066
2026-08-05T00:08:10Z,934,3,0,28,0,0,1,1,1,1785888479
2026-08-05T00:08:10Z,935,9,0,9,1,0,1,1,1,1785888298
2026-08-05T00:08:10Z,936,4,0,15,0,0,1,1,1,1785888280
2026-08-05T00:08:10Z,940,8,0,3,0,0,1,1,1,1785888266
2026-08-05T00:08:10Z,941,22,3,1,2,0,1,1,1,1785888070
2026-08-05T00:08:10Z,942,4,2,17,0,0,1,1,1,1785888069
2026-08-05T00:08:10Z,943,9,9,6,0,0,1,1,1,1785888165
2026-08-05T00:08:10Z,944,5,3,8,2,0,1,1,1,1785888277
2026-08-05T00:08:10Z,945,5,5,10,0,0,1,1,1,1785887739
2026-08-05T00:08:10Z,946,8,5,11,0,0,1,1,1,1785871660
2026-08-05T00:08:10Z,947,6,5,10,1,0,1,1,1,1785888154
2026-08-05T00:08:10Z,948,0,0,28,3,0,1,1,1,1785888388
2026-08-05T00:08:10Z,949,0,0,15,0,0,1,1,1,1785888313
2026-08-05T00:08:10Z,950,13,2,3,1,0,1,1,1,1785888126
2026-08-05T00:08:10Z,951,10,0,11,2,0,1,1,1,1785888331
2026-08-05T00:08:10Z,952,29,0,26,0,0,1,1,1,1785888261
2026-08-05T00:08:10Z,953,9,1,5,1,0,1,1,1,1785888328
2026-08-05T00:08:10Z,954,8,1,11,0,0,1,1,1,1785888460
2026-08-05T00:08:10Z,955,4,4,20,3,0,1,1,1,1785888467
2026-08-05T00:08:10Z,956,19,2,2,2,0,1,1,1,1785888399
2026-08-05T00:08:10Z,957,26,3,1,2,0,1,1,1,1785888479
2026-08-05T00:08:10Z,958,20,0,10,1,0,1,1,1,1785888469
2026-08-05T00:08:10Z,959,11,5,11,1,0,1,1,1,1785886869
2026-08-05T00:08:10Z,960,23,4,0,0,0,1,1,1,1785888364
2026-08-05T00:08:10Z,961,2,2,19,1,0,1,1,1,1785887370
2026-08-05T00:08:10Z,962,8,3,25,2,0,1,1,1,1785888129
2026-08-05T00:08:10Z,963,22,3,0,0,0,1,1,1,1785888090
2026-08-05T00:08:10Z,964,14,5,9,0,0,1,1,1,1785888395
2026-08-05T00:08:10Z,965,3,1,21,3,0,1,1,1,1785888299
2026-08-05T00:08:10Z,966,1,0,30,0,0,1,1,1,1785887725
2026-08-05T00:08:10Z,967,14,0,3,4,0,1,1,1,1785888482
2026-08-05T00:08:10Z,968,17,0,2,0,0,1,1,1,1785887761
2026-08-05T00:08:10Z,969,1,0,23,3,0,1,1,1,1785888139
2026-08-05T00:08:10Z,970,13,5,3,3,0,1,1,1,1785888044
2026-08-05T00:08:10Z,971,15,0,6,2,0,1,1,1,1785887456
2026-08-05T00:08:10Z,972,5,4,16,2,0,1,1,1,1785887350
2026-08-05T00:08:10Z,973,2,1,18,3,0,1,1,1,1785888438
2026-08-05T00:08:10Z,974,8,0,19,0,0,1,1,1,1785888429
2026-08-05T00:08:10Z,977,3,3,17,1,0,1,1,1,1785888300
2026-08-05T00:08:10Z,978,5,0,18,0,0,1,1,1,1785888219
2026-08-05T00:08:10Z,979,3,0,14,0,0,1,1,1,1785888458
2026-08-05T00:08:10Z,980,1,1,20,0,0,1,1,1,1785888469
2026-08-05T00:08:10Z,981,8,0,13,0,0,1,1,1,1785887507
2026-08-05T00:08:10Z,982,4,2,14,1,0,1,1,1,1785886763
2026-08-05T00:08:10Z,983,10,3,13,0,0,1,1,1,1785887594
2026-08-05T00:08:10Z,984,7,0,16,0,0,1,1,1,1785887190
2026-08-05T00:08:10Z,985,19,0,10,2,0,1,1,1,1785888401
2026-08-05T00:08:10Z,986,2,0,16,1,0,1,1,1,1785888385
2026-08-05T00:08:10Z,987,9,1,14,0,0,1,1,1,1785887674
2026-08-05T00:08:10Z,988,0,0,19,0,0,1,1,1,1785887098
2026-08-05T00:08:10Z,989,9,4,10,0,0,1,1,1,1785887809
2026-08-05T00:08:10Z,990,12,1,3,0,0,1,1,1,1785888352
2026-08-05T00:08:10Z,991,3,0,15,1,0,1,1,1,1785888276
2026-08-05T00:08:10Z,992,10,0,13,0,0,1,1,1,1785887976
2026-08-05T00:08:10Z,993,0,0,26,1,0,1,1,1,1785888234
2026-08-05T00:08:10Z,994,6,1,15,0,0,1,1,1,1785886785
2026-08-05T00:08:10Z,995,7,0,19,1,0,1,1,1,1785887679
2026-08-05T00:08:10Z,996,4,1,19,0,0,1,1,1,1785887322
2026-08-05T00:08:10Z,997,17,9,5,1,0,1,1,1,1785888399
2026-08-05T00:08:10Z,998,1,1,22,0,0,1,1,1,1785887450
2026-08-05T00:08:10Z,999,10,3,9,1,1,1,1,1,1785887626
2026-08-05T00:08:10Z,1000,1,0,20,0,0,1,1,1,1785887780
2026-08-05T00:08:10Z,1001,4,0,23,0,0,1,1,1,1785887848
2026-08-05T00:08:10Z,1002,2,0,28,1,0,1,1,1,1785887157
2026-08-05T00:08:10Z,1003,1,0,22,0,0,1,1,1,1785887101
2026-08-05T00:08:10Z,1004,10,1,13,0,0,1,1,1,1785888388
2026-08-05T00:08:10Z,1005,20,1,3,0,0,1,1,1,1785887270
2026-08-05T00:08:10Z,1006,17,5,2,0,0,1,1,1,1785888140
2026-08-05T00:08:10Z,1007,3,0,18,0,0,1,1,1,1785888346
2026-08-05T00:08:10Z,1008,8,8,15,0,0,1,1,1,1785888191
2026-08-05T00:08:10Z,1009,19,2,11,1,0,1,1,1,1785887065
2026-08-05T00:08:10Z,1010,6,1,20,1,0,1,1,1,1785887306
2026-08-05T00:08:10Z,1011,7,3,11,1,0,1,1,1,1785888253
2026-08-05T00:08:10Z,1012,3,2,19,1,0,1,1,1,1785887823
2026-08-05T00:08:10Z,1013,2,1,5,2,0,1,1,1,1785887994
2026-08-05T00:08:10Z,1014,9,4,14,0,0,1,1,1,1785887591
2026-08-05T00:08:10Z,1015,7,4,24,0,0,1,1,1,1785886778
2026-08-05T00:08:10Z,1016,7,4,24,0,0,1,1,1,1785887708
2026-08-05T00:08:10Z,1017,16,7,5,0,0,1,1,1,1785888208
2026-08-05T00:08:10Z,1018,3,1,18,1,0,1,1,1,1785887055
2026-08-05T00:08:10Z,1019,8,4,6,1,0,1,1,1,1785888246
2026-08-05T00:08:10Z,1020,9,2,12,0,0,1,1,1,1785887951
2026-08-05T00:08:10Z,1021,10,3,5,0,0,1,1,1,1785887164
2026-08-05T00:08:10Z,1022,17,3,10,0,0,1,1,1,1785887574
2026-08-05T00:08:10Z,1023,13,0,10,0,0,1,1,1,1785886918
2026-08-05T00:08:10Z,1024,2,1,17,0,0,1,1,1,1785887482
2026-08-05T00:08:10Z,1025,1,0,17,0,1,1,1,1,1785887734
2026-08-05T00:08:10Z,1026,17,12,14,0,0,1,1,1,1785887227
2026-08-05T00:08:10Z,1028,2,0,21,0,0,1,1,1,1785887225
2026-08-05T00:08:10Z,1029,12,8,2,1,0,1,1,1,1785887600
2026-08-05T00:08:10Z,1030,13,4,10,0,0,1,1,1,1785888012
2026-08-05T00:08:10Z,1031,10,4,9,0,0,1,1,1,1785887952
2026-08-05T00:08:10Z,1032,9,1,10,0,0,1,1,1,1785886727
2026-08-05T00:08:10Z,1033,9,4,9,1,0,1,1,1,1785888398
2026-08-05T00:08:10Z,1034,1,0,14,0,0,1,1,1,1785888242
2026-08-05T00:08:10Z,1035,1,0,16,2,0,1,1,1,1785886812
2026-08-05T00:08:10Z,1036,15,2,0,0,0,1,1,1,1785887062
2026-08-05T00:08:10Z,1037,1,0,18,0,0,1,1,1,1785887013
2026-08-05T00:08:10Z,1038,3,0,12,0,0,1,1,1,1785887877
2026-08-05T00:08:10Z,1039,2,1,17,0,0,1,1,1,1785887650
2026-08-05T00:08:10Z,1040,4,1,15,0,0,1,1,1,1785886900
2026-08-05T00:08:10Z,1041,15,0,4,0,0,1,1,1,1785888460
2026-08-05T00:08:10Z,1042,9,5,5,1,0,1,1,1,1785888205
2026-08-05T00:08:10Z,1043,10,4,8,1,0,1,1,1,1785887436
2026-08-05T00:08:10Z,1044,4,3,11,0,0,1,1,1,1785887909
2026-08-05T00:08:10Z,1045,7,1,12,0,0,1,1,1,1785887409
2026-08-05T00:08:10Z,1046,9,0,6,0,0,1,1,1,1785887604
2026-08-05T00:08:10Z,1047,10,4,11,0,0,1,1,1,1785887738
2026-08-05T00:08:10Z,1048,4,0,15,0,0,1,1,1,1785887813
2026-08-05T00:08:10Z,1049,1,0,20,0,0,1,1,1,1785887105
2026-08-05T00:08:10Z,1050,17,1,4,0,0,1,1,1,1785888231
2026-08-05T00:08:10Z,1051,14,7,7,0,0,1,1,1,1785888118
2026-08-05T00:08:10Z,1052,21,2,1,0,0,1,1,1,1785887196
2026-08-05T00:08:10Z,1053,2,1,13,0,0,1,1,1,1785888122
2026-08-05T00:08:10Z,1054,14,0,1,0,0,1,1,1,1785888371
2026-08-05T00:08:10Z,1055,9,0,10,0,0,1,1,1,1785887803
2026-08-05T00:08:10Z,1057,10,0,9,0,0,1,1,1,1785888408
2026-08-05T00:08:10Z,1058,4,0,50,2,0,1,1,1,1785888040
2026-08-05T00:08:10Z,1059,9,2,9,1,0,1,1,1,1785888242
2026-08-05T00:08:10Z,1060,30,16,7,0,0,1,1,1,1785888318
2026-08-05T00:08:10Z,1061,16,0,20,1,0,1,1,1,1785888214
2026-08-05T00:08:10Z,1062,1,0,16,0,0,1,1,1,1785888484
2026-08-05T00:08:10Z,1063,9,2,10,0,0,1,1,1,1785887689
2026-08-05T00:08:10Z,1064,6,1,17,0,0,1,1,1,1785887492
2026-08-05T00:08:10Z,1065,12,2,11,0,0,1,1,1,1785887747
2026-08-05T00:08:10Z,1066,13,3,10,0,0,1,1,1,1785887556
2026-08-05T00:08:10Z,1067,7,2,16,0,0,1,1,1,1785886778
2026-08-05T00:08:10Z,1068,7,4,16,0,0,1,1,1,1785887471
2026-08-05T00:08:10Z,1069,10,0,13,0,0,1,1,1,1785887706
2026-08-05T00:08:10Z,1070,13,3,10,0,0,1,1,1,1785887541
2026-08-05T00:08:10Z,1071,9,5,14,0,0,1,1,1,1785887571
2026-08-05T00:08:10Z,1072,10,1,12,1,0,1,1,1,1785887956
2026-08-05T00:08:10Z,1073,8,1,18,1,0,1,1,1,1785888322
2026-08-05T00:08:10Z,1074,12,1,39,2,0,1,1,1,1785888466
2026-08-05T00:08:10Z,1075,9,8,12,0,0,1,1,1,1785888229
2026-08-05T00:08:10Z,1076,11,9,10,0,0,1,1,1,1785888227
2026-08-05T00:08:10Z,1077,10,7,11,0,0,1,1,1,1785887762
2026-08-05T00:08:10Z,1078,9,7,12,0,0,1,1,1,1785888266
2026-08-05T00:08:10Z,1079,11,9,10,0,0,1,1,1,1785887939
2026-08-05T00:08:10Z,1080,10,7,11,0,0,1,1,1,1785886955
2026-08-05T00:08:10Z,1081,9,8,10,0,0,1,1,1,1785887383
2026-08-05T00:08:10Z,1082,14,14,9,0,0,1,1,1,1785886833
2026-08-05T00:08:10Z,1083,7,6,13,1,0,1,1,1,1785887233
2026-08-05T00:08:10Z,1084,11,7,10,0,0,1,1,1,1785886865
2026-08-05T00:08:10Z,1085,11,10,10,0,0,1,1,1,1785887279
2026-08-05T00:08:10Z,1086,8,8,13,0,0,1,1,1,1785887807
2026-08-05T00:08:10Z,1087,8,8,7,0,0,1,1,1,1785887647
2026-08-05T00:08:10Z,1088,8,8,7,0,0,1,1,1,1785886791
2026-08-05T00:08:10Z,1089,10,6,5,0,0,1,1,1,1785888007
2026-08-05T00:08:10Z,1090,9,8,6,0,0,1,1,1,1785887339
2026-08-05T00:08:10Z,1091,9,7,6,0,0,1,1,1,1785886854
2026-08-05T00:08:10Z,1092,10,8,5,0,0,1,1,1,1785886946
2026-08-05T00:08:10Z,1093,8,6,7,0,0,1,1,1,1785887027
2026-08-05T00:08:10Z,1094,11,9,8,0,0,1,1,1,1785886676
2026-08-05T00:08:10Z,1095,10,8,5,0,0,1,1,1,1785888037
2026-08-05T00:08:10Z,1096,11,7,8,0,0,1,1,1,1785887185
2026-08-05T00:08:10Z,1097,9,7,6,0,0,1,1,1,1785887115
2026-08-05T00:08:10Z,1098,10,8,9,0,0,1,1,1,1785888335
2026-08-05T00:08:10Z,1099,8,7,7,0,0,1,1,1,1785888321
2026-08-05T00:08:10Z,1100,8,4,20,1,0,1,1,1,1785887042
2026-08-05T00:08:10Z,1101,12,6,9,0,0,1,1,1,1785886711
2026-08-05T00:08:10Z,1102,10,5,2,0,1,1,1,1,1785887327
2026-08-05T00:08:10Z,1103,13,6,8,0,0,1,1,1,1785883075
2026-08-05T00:08:10Z,1104,12,7,9,0,0,1,1,1,1785888295
2026-08-05T00:08:10Z,1105,9,5,4,0,0,1,1,1,1785886903
2026-08-05T00:08:10Z,1106,8,3,13,0,0,1,1,1,1785886807
2026-08-05T00:08:10Z,1107,11,6,4,0,0,1,1,1,1785888360
2026-08-05T00:08:10Z,1108,7,5,17,3,0,1,1,1,1785888176
2026-08-05T00:08:10Z,1109,9,5,6,0,0,1,1,1,1785888287
2026-08-05T00:08:10Z,1110,13,3,8,0,0,1,1,1,1785888197
2026-08-05T00:08:10Z,1111,20,0,1,0,0,1,1,1,1785888116
2026-08-05T00:08:10Z,1112,14,0,39,0,0,1,1,1,1785888298
2026-08-05T00:08:10Z,1113,7,3,13,1,0,1,1,1,1785887721
2026-08-05T00:08:10Z,1115,8,4,15,0,0,1,1,1,1785887741
2026-08-05T00:08:10Z,1116,1,0,18,0,0,1,1,1,1785886747
2026-08-05T00:08:10Z,1117,6,1,16,1,0,1,1,1,1785888208
2026-08-05T00:08:10Z,1118,14,0,7,0,0,1,1,1,1785888262
2026-08-05T00:08:10Z,1119,14,2,3,0,0,1,1,1,1785887641
2026-08-05T00:08:10Z,1120,14,3,5,0,0,1,1,1,1785888053
2026-08-05T00:08:10Z,1121,20,1,0,1,0,1,1,1,1785888164
2026-08-05T00:08:10Z,1122,3,2,14,4,0,1,1,1,1785888355
2026-08-05T00:08:10Z,1123,3,2,18,1,1,1,1,1,1785888290
2026-08-05T00:08:10Z,1124,12,0,2,1,0,1,1,1,1785887255
2026-08-05T00:08:10Z,1125,2,2,20,1,0,1,1,1,1785887511
2026-08-05T00:08:10Z,1126,7,0,13,1,0,1,1,1,1785888344
2026-08-05T00:08:10Z,1127,17,0,1,1,0,1,1,1,1785888444
2026-08-05T00:08:10Z,1128,7,1,7,1,0,1,1,1,1785888286
2026-08-05T00:08:10Z,1129,7,2,14,0,0,1,1,1,1785888471
2026-08-05T00:08:10Z,1130,11,0,4,0,0,1,1,1,1785888339
2026-08-05T00:08:10Z,1131,0,0,49,0,0,1,1,1,1785886698
2026-08-05T00:08:10Z,1132,6,2,13,2,0,1,1,1,1785888235
2026-08-05T00:08:10Z,1133,12,2,8,1,0,1,1,1,1785888442
2026-08-05T00:08:10Z,1134,8,5,11,0,0,1,1,1,1785887322
2026-08-05T00:08:10Z,1135,9,3,11,1,0,1,1,1,1785888459
2026-08-05T00:08:10Z,1136,18,0,5,0,0,1,1,1,1785888073
2026-08-05T00:08:10Z,1137,2,2,12,1,0,1,1,1,1785888126
2026-08-05T00:08:10Z,1138,5,0,14,0,0,1,1,1,1785888470
2026-08-05T00:08:10Z,1139,5,1,16,0,0,1,1,1,1785887465
2026-08-05T00:08:10Z,1140,12,1,10,1,0,1,1,1,1785887917
2026-08-05T00:08:10Z,1141,1,1,19,1,0,1,1,1,1785888454
2026-08-05T00:08:10Z,1142,3,0,18,0,0,1,1,1,1785887492
2026-08-05T00:08:10Z,1143,9,0,19,1,0,1,1,1,1785888384
2026-08-05T00:08:10Z,1144,14,0,7,0,0,1,1,1,1785888477
2026-08-05T00:08:10Z,1145,8,4,12,1,0,1,1,1,1785887722
2026-08-05T00:08:10Z,1146,2,0,16,1,0,1,1,1,1785888436
2026-08-05T00:08:10Z,1147,8,0,8,3,0,1,1,1,1785888467
2026-08-05T00:08:10Z,1148,23,1,8,0,0,1,1,1,1785888297
2026-08-05T00:08:10Z,1149,4,4,19,2,0,1,1,1,1785888449
2026-08-05T00:08:10Z,1150,10,0,9,0,0,1,1,1,1785888282
2026-08-05T00:08:10Z,1151,5,0,16,0,0,1,1,1,1785887523
2026-08-05T00:08:10Z,1152,4,0,25,0,0,1,1,1,1785887654
2026-08-05T00:08:10Z,1153,14,0,9,0,0,1,1,1,1785888149
2026-08-05T00:08:10Z,1154,7,1,11,1,0,1,1,1,1785887747
2026-08-05T00:08:10Z,1155,13,7,7,1,0,1,1,1,1785888472
2026-08-05T00:08:10Z,1158,0,0,18,1,0,1,1,1,1785888448
2026-08-05T00:08:10Z,1159,9,2,10,0,0,1,1,1,1785887104
2026-08-05T00:08:10Z,1160,3,1,16,0,0,1,1,1,1785886825
2026-08-05T00:08:10Z,1161,2,0,16,1,0,1,1,1,1785887193
2026-08-05T00:08:10Z,1162,3,0,16,0,0,1,1,1,1785887975
2026-08-05T00:08:10Z,1163,3,0,15,1,0,1,1,1,1785886743
2026-08-05T00:08:10Z,1164,5,1,14,0,0,1,1,1,1785886803
2026-08-05T00:08:10Z,1165,12,1,9,0,0,1,1,1,1785887709
2026-08-05T00:08:10Z,1166,9,6,12,0,0,1,1,1,1785888130
2026-08-05T00:08:10Z,1167,1,0,14,0,0,1,1,1,1785887942
2026-08-05T00:08:10Z,1168,8,0,15,0,0,1,1,1,1785887373
2026-08-05T00:08:10Z,1169,3,0,16,0,0,1,1,1,1785888447
2026-08-05T00:08:10Z,1170,5,0,16,0,0,1,1,1,1785887223
2026-08-05T00:08:10Z,1171,9,5,13,1,0,1,1,1,1785887222
2026-08-05T00:08:10Z,1172,7,3,6,2,0,1,1,1,1785888318
2026-08-05T00:08:10Z,1173,9,2,10,0,0,1,1,1,1785886961
2026-08-05T00:08:10Z,1174,8,1,7,0,0,1,1,1,1785888041
2026-08-05T00:08:10Z,1175,5,1,14,0,0,1,1,1,1785886490
2026-08-05T00:08:10Z,1176,14,1,6,0,1,1,1,1,1785888475
2026-08-05T00:08:10Z,1177,8,5,12,1,0,1,1,1,1785888302
2026-08-05T00:08:10Z,1178,1,0,14,0,0,1,1,1,1785887625
2026-08-05T00:08:10Z,1181,6,0,9,0,0,1,1,1,1785886675
2026-08-05T00:08:10Z,1182,13,1,7,0,0,1,1,1,1785888033
2026-08-05T00:08:10Z,1183,18,0,27,0,0,1,1,1,1785888229
2026-08-05T00:08:10Z,1184,17,9,2,2,0,1,1,1,1785888445
2026-08-05T00:08:10Z,1185,8,4,13,0,0,1,1,1,1785888324
2026-08-05T00:08:10Z,1186,8,4,11,0,0,1,1,1,1785887265
2026-08-05T00:08:10Z,1187,10,5,11,0,0,1,1,1,1785887810
2026-08-05T00:08:10Z,1188,10,5,5,0,0,1,1,1,1785888359
2026-08-05T00:08:10Z,1189,8,3,11,0,0,1,1,1,1785887157
2026-08-05T00:08:10Z,1190,10,5,11,0,0,1,1,1,1785888427
2026-08-05T00:08:10Z,1191,10,4,5,0,0,1,1,1,1785888341
2026-08-05T00:08:10Z,1192,7,3,14,0,0,1,1,1,1785887052
2026-08-05T00:08:10Z,1193,8,5,3,2,0,1,1,1,1785887195
2026-08-05T00:08:10Z,1197,6,4,10,1,0,1,1,1,1785887976
2026-08-05T00:08:10Z,1198,8,3,11,2,0,1,1,1,1785887641
2026-08-05T00:08:10Z,1199,10,1,8,1,0,1,1,1,1785887275
2026-08-05T00:08:10Z,1200,9,4,6,0,0,1,1,1,1785888389
2026-08-05T00:08:10Z,1201,9,5,6,0,0,1,1,1,1785888365
2026-08-05T00:08:10Z,1202,12,7,3,0,0,1,1,1,1785888482
2026-08-05T00:08:10Z,1203,8,2,7,0,0,1,1,1,1785888396
2026-08-05T00:08:10Z,1204,8,3,11,0,0,1,1,1,1785888480
2026-08-05T00:08:10Z,1206,8,3,13,0,0,1,1,1,1785887919
2026-08-05T00:08:10Z,1207,9,5,6,0,0,1,1,1,1785886881
2026-08-05T00:08:10Z,1208,11,6,8,0,0,1,1,1,1785887196
2026-08-05T00:08:10Z,1216,2,0,18,1,0,1,1,1,1785888063
2026-08-05T00:08:10Z,1218,8,4,12,1,0,1,1,1,1785886800
2026-08-05T00:08:10Z,1219,7,1,5,3,0,1,1,1,1785888251
2026-08-05T00:08:10Z,1220,8,4,11,0,0,1,1,1,1785888165
2026-08-05T00:08:10Z,1221,1,1,20,0,0,1,1,1,1785887794
2026-08-05T00:08:10Z,1222,22,1,7,0,0,1,1,1,1785887832
2026-08-05T00:08:10Z,1223,7,0,21,1,0,1,1,1,1785888338
2026-08-05T00:08:10Z,1226,0,0,3,0,0,0,1,1,1781868931
2026-08-05T00:08:10Z,1227,8,1,16,1,0,1,1,1,1785888030
2026-08-05T00:08:10Z,1228,1,1,28,0,0,1,1,1,1785887523
2026-08-05T00:08:10Z,1229,30,2,14,1,0,1,1,1,1785888370
