snapshot_utc,station_id,num_bikes_available,num_ebikes_available,num_docks_available,num_bikes_disabled,num_docks_disabled,is_installed,is_renting,is_returning,last_reported
2026-06-21T00:19:05Z,1,16,1,6,1,0,1,1,1,1782000837
2026-06-21T00:19:05Z,2,10,0,17,0,0,1,1,1,1782000702
2026-06-21T00:19:05Z,3,19,3,0,0,0,1,1,1,1782000933
2026-06-21T00:19:05Z,4,8,0,15,0,0,1,1,1,1781997490
2026-06-21T00:19:05Z,5,3,0,19,1,0,1,1,1,1782000949
2026-06-21T00:19:05Z,6,7,0,8,0,0,1,1,1,1782000639
2026-06-21T00:19:05Z,7,18,1,5,0,0,1,1,1,1782001079
2026-06-21T00:19:05Z,8,14,1,29,0,0,1,1,1,1782001131
2026-06-21T00:19:05Z,9,23,0,0,0,0,1,1,1,1781999344
2026-06-21T00:19:05Z,10,12,8,7,4,0,1,1,1,1782000546
2026-06-21T00:19:05Z,11,2,2,17,0,0,1,1,1,1782001115
2026-06-21T00:19:05Z,12,4,0,19,0,0,1,1,1,1781999631
2026-06-21T00:19:05Z,13,17,1,13,1,0,1,1,1,1782000795
2026-06-21T00:19:05Z,14,22,2,21,0,0,1,1,1,1782001119
2026-06-21T00:19:05Z,15,14,10,0,1,0,1,1,1,1782001130
2026-06-21T00:19:05Z,16,3,3,24,0,0,1,1,1,1781983361
2026-06-21T00:19:05Z,17,13,0,13,1,0,1,1,1,1782000484
2026-06-21T00:19:05Z,18,1,0,18,0,0,1,1,1,1782000413
2026-06-21T00:19:05Z,19,18,1,9,0,0,1,1,1,1782000724
2026-06-21T00:19:05Z,20,21,2,5,1,0,1,1,1,1782001135
2026-06-21T00:19:05Z,21,16,0,3,0,0,1,1,1,1782001116
2026-06-21T00:19:05Z,22,7,0,59,0,0,1,1,1,1782000994
2026-06-21T00:19:05Z,23,21,2,9,1,0,1,1,1,1782000685
2026-06-21T00:19:05Z,24,1,0,8,2,0,1,1,1,1782001125
2026-06-21T00:19:05Z,25,56,0,24,1,0,1,1,1,1782001065
2026-06-21T00:19:05Z,26,22,1,5,0,0,1,1,1,1781998434
2026-06-21T00:19:05Z,28,0,0,14,1,0,1,1,1,1781997654
2026-06-21T00:19:05Z,30,3,0,25,1,0,1,1,1,1782000457
2026-06-21T00:19:05Z,31,19,0,0,0,0,1,1,1,1781999370
2026-06-21T00:19:05Z,32,18,0,9,0,0,1,1,1,1781999882
2026-06-21T00:19:05Z,34,11,2,25,1,0,1,1,1,1781999927
2026-06-21T00:19:05Z,35,24,4,22,1,0,1,1,1,1782001004
2026-06-21T00:19:05Z,36,0,0,0,0,0,0,1,1,86400
2026-06-21T00:19:05Z,37,12,0,11,0,0,1,1,1,1782000932
2026-06-21T00:19:05Z,38,6,0,17,0,0,1,1,1,1782001125
2026-06-21T00:19:05Z,39,20,0,11,0,0,1,1,1,1781998879
2026-06-21T00:19:05Z,40,8,0,13,0,0,1,1,1,1781999723
2026-06-21T00:19:05Z,41,1,1,25,1,0,1,1,1,1782000309
2026-06-21T00:19:05Z,42,24,7,7,0,0,1,1,1,1782000243
2026-06-21T00:19:05Z,43,13,1,9,1,0,1,1,1,1782000950
2026-06-21T00:19:05Z,45,1,0,30,0,0,1,1,1,1782000483
2026-06-21T00:19:05Z,46,22,3,7,2,0,1,1,1,1782001022
2026-06-21T00:19:05Z,47,6,6,9,0,0,1,1,1,1782000460
2026-06-21T00:19:05Z,48,2,0,25,0,0,1,1,1,1782000755
2026-06-21T00:19:05Z,49,4,0,15,3,1,1,1,1,1782001084
2026-06-21T00:19:05Z,50,4,2,15,0,0,1,1,1,1782001133
2026-06-21T00:19:05Z,51,0,0,79,0,0,1,1,1,1781985992
2026-06-21T00:19:05Z,52,24,2,1,2,0,1,1,1,1782001027
2026-06-21T00:19:05Z,55,7,1,15,1,0,1,1,1,1782000962
2026-06-21T00:19:05Z,56,3,0,24,0,0,1,1,1,1782000568
2026-06-21T00:19:05Z,57,15,0,10,2,0,1,1,1,1782000315
2026-06-21T00:19:05Z,58,16,15,11,1,0,1,1,1,1782000921
2026-06-21T00:19:05Z,59,2,0,24,1,0,1,1,1,1782001131
2026-06-21T00:19:05Z,61,1,0,38,0,0,1,1,1,1782000240
2026-06-21T00:19:05Z,62,15,4,33,1,0,1,1,1,1782000504
2026-06-21T00:19:05Z,63,14,2,5,0,0,1,1,1,1781998829
2026-06-21T00:19:05Z,64,8,0,11,0,0,1,1,1,1782000149
2026-06-21T00:19:05Z,65,4,2,14,1,0,1,1,1,1781995943
2026-06-21T00:19:05Z,67,7,1,32,0,0,1,1,1,1782000127
2026-06-21T00:19:05Z,68,32,1,4,1,0,1,1,1,1782001033
2026-06-21T00:19:05Z,69,3,0,12,0,0,1,1,1,1782000147
2026-06-21T00:19:05Z,71,16,1,10,1,0,1,1,1,1782001126
2026-06-21T00:19:05Z,72,20,1,9,1,1,1,1,1,1782001050
2026-06-21T00:19:05Z,73,8,0,15,0,0,1,1,1,1782000987
2026-06-21T00:19:05Z,74,7,2,11,0,1,1,1,1,1782001135
2026-06-21T00:19:05Z,75,24,2,10,1,0,1,1,1,1782001005
2026-06-21T00:19:05Z,76,19,0,0,0,0,1,1,1,1781999776
2026-06-21T00:19:05Z,77,2,0,24,1,0,1,1,1,1782000908
2026-06-21T00:19:05Z,78,15,4,6,2,0,1,1,1,1782000088
2026-06-21T00:19:05Z,79,4,0,13,0,0,1,1,1,1782001115
2026-06-21T00:19:05Z,80,2,0,19,1,1,1,1,1,1782000950
2026-06-21T00:19:05Z,81,24,3,7,0,0,1,1,1,1782000951
2026-06-21T00:19:05Z,82,22,10,0,1,0,1,1,1,1781999762
2026-06-21T00:19:05Z,83,23,3,7,4,0,1,1,1,1782001129
2026-06-21T00:19:05Z,84,21,0,4,2,0,1,1,1,1781999338
2026-06-21T00:19:05Z,85,6,1,13,0,0,1,1,1,1782001035
2026-06-21T00:19:05Z,86,15,2,12,0,0,1,1,1,1782000480
2026-06-21T00:19:05Z,87,1,1,17,1,0,1,1,1,1781999536
2026-06-21T00:19:05Z,88,28,1,1,2,0,1,1,1,1782001061
2026-06-21T00:19:05Z,89,35,0,0,0,0,1,1,1,1781993365
2026-06-21T00:19:05Z,90,12,1,5,2,0,1,1,1,1782000674
2026-06-21T00:19:05Z,91,2,1,14,1,0,1,1,1,1781998383
2026-06-21T00:19:05Z,92,0,0,18,1,0,1,1,1,1782001029
2026-06-21T00:19:05Z,93,11,1,12,0,0,1,1,1,1782001043
2026-06-21T00:19:05Z,94,13,0,5,1,0,1,1,1,1781997262
2026-06-21T00:19:05Z,95,26,1,5,3,0,1,1,1,1782001125
2026-06-21T00:19:05Z,96,22,0,9,0,0,1,1,1,1782000550
2026-06-21T00:19:05Z,97,2,0,15,0,0,1,1,1,1782000588
2026-06-21T00:19:05Z,98,27,1,5,3,0,1,1,1,1782000953
2026-06-21T00:19:05Z,99,3,0,12,0,0,1,1,1,1781998131
2026-06-21T00:19:05Z,100,0,0,27,0,0,1,1,1,1782000071
2026-06-21T00:19:05Z,101,11,0,3,1,0,1,1,1,1782000778
2026-06-21T00:19:05Z,102,16,0,7,0,0,1,1,1,1782001108
2026-06-21T00:19:05Z,103,1,1,28,3,0,1,1,1,1782001016
2026-06-21T00:19:05Z,104,10,0,15,1,1,1,1,1,1782001039
2026-06-21T00:19:05Z,105,0,0,19,0,0,1,1,1,1781999583
2026-06-21T00:19:05Z,106,21,1,0,0,0,1,1,1,1781997920
2026-06-21T00:19:05Z,107,4,0,33,0,0,1,1,1,1782000789
2026-06-21T00:19:05Z,108,0,0,35,0,0,1,1,1,1782000127
2026-06-21T00:19:05Z,109,12,0,11,0,0,1,1,1,1782001087
2026-06-21T00:19:05Z,110,12,0,11,0,0,1,1,1,1781999285
2026-06-21T00:19:05Z,111,36,1,0,0,0,1,1,1,1782000818
2026-06-21T00:19:05Z,112,2,0,14,3,0,1,1,1,1782001127
2026-06-21T00:19:05Z,113,10,0,9,0,0,1,1,1,1782000765
2026-06-21T00:19:05Z,114,15,0,15,1,0,1,1,1,1781998814
2026-06-21T00:19:05Z,115,3,3,20,2,1,1,1,1,1781998265
2026-06-21T00:19:05Z,116,18,7,9,0,0,1,1,1,1782000103
2026-06-21T00:19:05Z,118,3,1,20,0,0,1,1,1,1782000174
2026-06-21T00:19:05Z,119,14,0,21,4,0,1,1,1,1782001127
2026-06-21T00:19:05Z,120,16,0,10,1,0,1,1,1,1782000787
2026-06-21T00:19:05Z,121,4,3,13,2,0,1,1,1,1782000813
2026-06-21T00:19:05Z,122,16,4,1,4,0,1,1,1,1782000933
2026-06-21T00:19:05Z,123,37,4,10,0,0,1,1,1,1782000718
2026-06-21T00:19:05Z,124,18,2,9,0,0,1,1,1,1782001117
2026-06-21T00:19:05Z,125,17,3,5,1,0,1,1,1,1782000864
2026-06-21T00:19:05Z,126,15,1,16,0,0,1,1,1,1781997507
2026-06-21T00:19:05Z,127,23,5,8,0,0,1,1,1,1782000705
2026-06-21T00:19:05Z,128,13,4,2,4,0,1,1,1,1782001010
2026-06-21T00:19:05Z,129,2,0,15,2,0,1,1,1,1782001000
2026-06-21T00:19:05Z,130,0,0,16,1,0,1,1,1,1782000288
2026-06-21T00:19:05Z,131,11,2,0,0,0,1,1,1,1781997891
2026-06-21T00:19:05Z,132,4,0,9,1,1,1,1,1,1781999893
2026-06-21T00:19:05Z,133,10,2,13,0,0,1,1,1,1781999348
2026-06-21T00:19:05Z,134,2,0,19,0,0,1,1,1,1782001044
2026-06-21T00:19:05Z,135,4,1,14,1,0,1,1,1,1782001002
2026-06-21T00:19:05Z,136,2,1,20,0,0,1,1,1,1782000488
2026-06-21T00:19:05Z,137,14,1,4,1,0,1,1,1,1782001021
2026-06-21T00:19:05Z,138,25,0,12,0,0,1,1,1,1782000299
2026-06-21T00:19:05Z,139,4,0,15,0,0,1,1,1,1782000994
2026-06-21T00:19:05Z,140,2,0,20,1,0,1,1,1,1782001033
2026-06-21T00:19:05Z,141,3,0,19,0,0,1,1,1,1782001051
2026-06-21T00:19:05Z,142,1,0,18,0,0,1,1,1,1782000777
2026-06-21T00:19:05Z,143,25,0,6,0,0,1,1,1,1782000950
2026-06-21T00:19:05Z,144,22,0,5,0,0,1,1,1,1782000986
2026-06-21T00:19:05Z,145,22,1,8,1,0,1,1,1,1782000992
2026-06-21T00:19:05Z,146,22,1,1,0,0,1,1,1,1782001103
2026-06-21T00:19:05Z,147,17,1,1,1,0,1,1,1,1782000870
2026-06-21T00:19:05Z,148,14,3,13,0,0,1,1,1,1782000647
2026-06-21T00:19:05Z,149,11,2,8,0,0,1,1,1,1782000974
2026-06-21T00:19:05Z,150,3,0,31,1,0,1,1,1,1782001064
2026-06-21T00:19:05Z,151,7,2,15,1,0,1,1,1,1782001060
2026-06-21T00:19:05Z,152,0,0,0,0,0,1,1,1,86400
2026-06-21T00:19:05Z,153,4,0,16,3,0,1,1,1,1782001104
2026-06-21T00:19:05Z,154,0,0,21,2,0,1,1,1,1782000954
2026-06-21T00:19:05Z,155,4,0,8,2,0,1,1,1,1782000698
2026-06-21T00:19:05Z,156,13,4,6,0,0,1,1,1,1782000396
2026-06-21T00:19:05Z,157,10,1,17,0,0,1,1,1,1782000973
2026-06-21T00:19:05Z,158,10,0,9,0,0,1,1,1,1782000839
2026-06-21T00:19:05Z,159,7,7,9,3,0,1,1,1,1782000443
2026-06-21T00:19:05Z,160,9,0,9,1,0,1,1,1,1782000957
2026-06-21T00:19:05Z,161,0,0,18,2,0,1,1,1,1782001095
2026-06-21T00:19:05Z,162,27,0,0,0,0,1,1,1,1782001028
2026-06-21T00:19:05Z,163,4,0,27,0,0,1,1,1,1782000936
2026-06-21T00:19:05Z,164,3,0,24,0,0,1,1,1,1782001061
2026-06-21T00:19:05Z,165,25,2,5,1,0,1,1,1,1782001057
2026-06-21T00:19:05Z,166,21,4,17,0,0,1,1,1,1782001041
2026-06-21T00:19:05Z,167,0,0,22,0,1,1,1,1,1781999970
2026-06-21T00:19:05Z,168,12,1,14,0,1,1,1,1,1782000950
2026-06-21T00:19:05Z,169,11,0,12,0,0,1,1,1,1782001127
2026-06-21T00:19:05Z,170,16,2,2,1,0,1,1,1,1782000596
2026-06-21T00:19:05Z,171,4,1,8,1,0,1,1,1,1781993294
2026-06-21T00:19:05Z,173,35,1,2,0,0,1,1,1,1782001070
2026-06-21T00:19:05Z,174,17,1,8,0,0,1,1,1,1782001039
2026-06-21T00:19:05Z,175,30,0,1,0,0,1,1,1,1782000474
2026-06-21T00:19:05Z,176,1,0,13,0,1,1,1,1,1782000852
2026-06-21T00:19:05Z,177,21,1,6,0,0,1,1,1,1782000703
2026-06-21T00:19:05Z,178,4,1,6,5,0,1,1,1,1782000962
2026-06-21T00:19:05Z,179,11,1,4,1,0,1,1,1,1782001133
2026-06-21T00:19:05Z,180,3,0,26,1,0,1,1,1,1781999490
2026-06-21T00:19:05Z,181,7,0,7,0,1,1,1,1,1782001114
2026-06-21T00:19:05Z,182,13,4,6,0,0,1,1,1,1782000794
2026-06-21T00:19:05Z,183,15,1,7,0,0,1,1,1,1782000915
2026-06-21T00:19:05Z,184,13,1,7,3,0,1,1,1,1782001128
2026-06-21T00:19:05Z,185,4,1,8,2,1,1,1,1,1782000236
2026-06-21T00:19:05Z,186,14,1,5,0,0,1,1,1,1782000833
2026-06-21T00:19:05Z,187,8,0,20,1,0,1,1,1,1782000940
2026-06-21T00:19:05Z,188,7,1,19,1,0,1,1,1,1782001031
2026-06-21T00:19:05Z,189,3,2,12,0,0,1,1,1,1782000487
2026-06-21T00:19:05Z,190,3,0,20,0,0,1,1,1,1782000770
2026-06-21T00:19:05Z,191,23,15,14,1,1,1,1,1,1782000855
2026-06-21T00:19:05Z,192,24,1,6,1,0,1,1,1,1782000513
2026-06-21T00:19:05Z,193,8,1,6,1,0,1,1,1,1782000924
2026-06-21T00:19:05Z,194,7,5,7,1,0,1,1,1,1782000118
2026-06-21T00:19:05Z,195,10,5,9,0,0,1,1,1,1782000545
2026-06-21T00:19:05Z,196,19,4,5,3,0,1,1,1,1782001004
2026-06-21T00:19:05Z,197,3,0,16,0,0,1,1,1,1782000711
2026-06-21T00:19:05Z,198,16,0,5,1,0,1,1,1,1782000441
2026-06-21T00:19:05Z,199,9,7,5,0,1,1,1,1,1781999871
2026-06-21T00:19:05Z,200,16,0,9,1,0,1,1,1,1782001032
2026-06-21T00:19:05Z,201,8,3,14,1,0,1,1,1,1782001067
2026-06-21T00:19:05Z,202,24,0,2,0,0,1,1,1,1782000769
2026-06-21T00:19:05Z,203,31,2,0,0,0,1,1,1,1782000680
2026-06-21T00:19:05Z,204,34,9,1,0,0,1,1,1,1782001106
2026-06-21T00:19:05Z,205,14,0,13,0,0,1,1,1,1782000747
2026-06-21T00:19:05Z,206,3,3,11,1,0,1,1,1,1782000532
2026-06-21T00:19:05Z,207,3,0,18,0,0,1,1,1,1782000946
2026-06-21T00:19:05Z,208,2,0,26,1,0,1,1,1,1781999845
2026-06-21T00:19:05Z,209,16,4,14,1,0,1,1,1,1782001058
2026-06-21T00:19:05Z,210,18,2,9,0,0,1,1,1,1782000528
2026-06-21T00:19:05Z,211,8,7,15,0,0,1,1,1,1782000843
2026-06-21T00:19:05Z,212,33,5,2,0,0,1,1,1,1782000445
2026-06-21T00:19:05Z,213,23,3,0,0,0,1,1,1,1781999568
2026-06-21T00:19:05Z,214,34,9,12,1,0,1,1,1,1782000944
2026-06-21T00:19:05Z,215,17,6,6,0,0,1,1,1,1782000858
2026-06-21T00:19:05Z,216,9,0,10,0,0,1,1,1,1782000771
2026-06-21T00:19:05Z,217,25,1,4,0,0,1,1,1,1782000955
2026-06-21T00:19:05Z,218,29,6,6,4,0,1,1,1,1782001132
2026-06-21T00:19:05Z,219,3,1,23,0,0,1,1,1,1782000911
2026-06-21T00:19:05Z,220,26,12,16,1,0,1,1,1,1781999701
2026-06-21T00:19:05Z,221,0,0,13,1,0,1,1,1,1781999680
2026-06-21T00:19:05Z,222,8,1,11,0,0,1,1,1,1782001085
2026-06-21T00:19:05Z,223,9,3,23,3,0,1,1,1,1782000910
2026-06-21T00:19:05Z,224,7,6,15,0,0,1,1,1,1782000826
2026-06-21T00:19:05Z,225,2,0,16,1,0,1,1,1,1781999698
2026-06-21T00:19:05Z,226,20,7,9,1,1,1,1,1,1782001127
2026-06-21T00:19:05Z,227,14,9,12,1,0,1,1,1,1782000904
2026-06-21T00:19:05Z,228,9,4,9,1,0,1,1,1,1782000786
2026-06-21T00:19:05Z,230,6,1,16,1,0,1,1,1,1782000567
2026-06-21T00:19:05Z,232,1,0,16,2,0,1,1,1,1782000079
2026-06-21T00:19:05Z,233,14,12,16,1,0,1,1,1,1782000137
2026-06-21T00:19:05Z,234,8,0,10,1,0,1,1,1,1782000816
2026-06-21T00:19:05Z,236,16,7,3,0,0,1,1,1,1782000170
2026-06-21T00:19:05Z,237,6,0,16,1,0,1,1,1,1782001026
2026-06-21T00:19:05Z,239,23,16,4,0,0,1,1,1,1782000785
2026-06-21T00:19:05Z,241,18,2,5,0,0,1,1,1,1781999563
2026-06-21T00:19:05Z,242,16,4,6,1,0,1,1,1,1782000140
2026-06-21T00:19:05Z,243,16,3,13,2,0,1,1,1,1782001087
2026-06-21T00:19:05Z,244,26,3,1,0,0,1,1,1,1782000853
2026-06-21T00:19:05Z,245,17,1,5,1,0,1,1,1,1782001119
2026-06-21T00:19:05Z,246,7,5,14,2,0,1,1,1,1781999380
2026-06-21T00:19:05Z,247,22,2,0,1,0,1,1,1,1781998528
2026-06-21T00:19:05Z,248,11,7,9,3,0,1,1,1,1782001029
2026-06-21T00:19:05Z,249,12,6,7,0,0,1,1,1,1782000948
2026-06-21T00:19:05Z,250,23,7,3,1,0,1,1,1,1782000136
2026-06-21T00:19:05Z,251,23,11,2,2,0,1,1,1,1782000953
2026-06-21T00:19:05Z,253,12,2,7,0,0,1,1,1,1782000995
2026-06-21T00:19:05Z,254,24,6,19,0,0,1,1,1,1782001117
2026-06-21T00:19:05Z,255,12,1,11,0,0,1,1,1,1782001066
2026-06-21T00:19:05Z,256,1,1,20,2,0,1,1,1,1782001111
2026-06-21T00:19:05Z,257,17,16,1,1,0,1,1,1,1781999370
2026-06-21T00:19:05Z,258,4,1,13,2,0,1,1,1,1782001048
2026-06-21T00:19:05Z,259,12,1,11,0,0,1,1,1,1782000365
2026-06-21T00:19:05Z,260,5,4,11,3,0,1,1,1,1782001067
2026-06-21T00:19:05Z,261,8,1,11,0,0,1,1,1,1782000950
2026-06-21T00:19:05Z,262,10,5,12,1,0,1,1,1,1782001033
2026-06-21T00:19:05Z,263,4,2,11,0,0,1,1,1,1782000539
2026-06-21T00:19:05Z,264,1,0,17,1,0,1,1,1,1782001068
2026-06-21T00:19:05Z,265,6,0,9,0,0,1,1,1,1782000958
2026-06-21T00:19:05Z,266,4,0,15,0,0,1,1,1,1782000602
2026-06-21T00:19:05Z,267,4,0,10,1,0,1,1,1,1781995157
2026-06-21T00:19:05Z,268,8,6,13,2,0,1,1,1,1781999577
2026-06-21T00:19:05Z,269,19,0,3,1,0,1,1,1,1781998263
2026-06-21T00:19:05Z,270,5,0,20,2,0,1,1,1,1782000962
2026-06-21T00:19:05Z,271,7,3,10,1,1,1,1,1,1782001079
2026-06-21T00:19:05Z,272,12,7,11,0,0,1,1,1,1782000074
2026-06-21T00:19:05Z,273,7,6,8,0,0,1,1,1,1781999046
2026-06-21T00:19:05Z,274,8,2,11,0,0,1,1,1,1782000407
2026-06-21T00:19:05Z,275,12,0,10,1,0,1,1,1,1782000984
2026-06-21T00:19:05Z,276,3,1,22,1,1,1,1,1,1782001027
2026-06-21T00:19:05Z,277,19,6,2,2,0,1,1,1,1781998727
2026-06-21T00:19:05Z,278,16,2,14,0,1,1,1,1,1782001111
2026-06-21T00:19:05Z,279,17,7,2,0,0,1,1,1,1782000096
2026-06-21T00:19:05Z,280,1,0,28,2,0,1,1,1,1782001020
2026-06-21T00:19:05Z,281,15,2,8,0,0,1,1,1,1782000859
2026-06-21T00:19:05Z,282,2,0,14,0,0,1,1,1,1782000455
2026-06-21T00:19:05Z,283,15,5,19,1,0,1,1,1,1782000913
2026-06-21T00:19:05Z,284,32,0,3,0,0,1,1,1,1782000377
2026-06-21T00:19:05Z,285,7,6,15,1,0,1,1,1,1782000203
2026-06-21T00:19:05Z,286,11,10,9,3,0,1,1,1,1782000654
2026-06-21T00:19:05Z,287,2,0,20,1,0,1,1,1,1781999485
2026-06-21T00:19:05Z,288,1,0,17,1,0,1,1,1,1782000719
2026-06-21T00:19:05Z,289,13,7,14,0,0,1,1,1,1782000982
2026-06-21T00:19:05Z,290,0,0,36,2,1,0,1,1,1781808916
2026-06-21T00:19:05Z,291,1,0,22,0,0,1,1,1,1782001056
2026-06-21T00:19:05Z,292,6,1,17,0,0,1,1,1,1782001129
2026-06-21T00:19:05Z,293,9,3,12,2,0,1,1,1,1782000933
2026-06-21T00:19:05Z,294,17,10,3,2,0,1,1,1,1782000858
2026-06-21T00:19:05Z,297,5,1,13,1,0,1,1,1,1782000344
2026-06-21T00:19:05Z,301,2,0,16,1,0,1,1,1,1781999943
2026-06-21T00:19:05Z,302,22,6,0,1,0,1,1,1,1782001131
2026-06-21T00:19:05Z,303,4,0,15,0,0,1,1,1,1781998610
2026-06-21T00:19:05Z,304,0,0,0,0,0,0,1,1,86400
2026-06-21T00:19:05Z,305,4,0,15,0,0,1,1,1,1782000901
2026-06-21T00:19:05Z,306,3,1,29,0,0,1,1,1,1782000944
2026-06-21T00:19:05Z,307,4,1,19,0,0,1,1,1,1782001088
2026-06-21T00:19:05Z,308,6,0,13,0,0,1,1,1,1782001121
2026-06-21T00:19:05Z,309,0,0,8,5,1,1,1,1,1782001072
2026-06-21T00:19:05Z,311,1,0,13,1,0,1,1,1,1781999773
2026-06-21T00:19:05Z,312,16,10,4,3,0,1,1,1,1782000215
2026-06-21T00:19:05Z,313,2,0,13,0,0,1,1,1,1781993278
2026-06-21T00:19:05Z,314,7,2,11,1,0,1,1,1,1782000878
2026-06-21T00:19:05Z,315,18,10,11,2,0,1,1,1,1782000212
2026-06-21T00:19:05Z,316,11,0,3,1,0,1,1,1,1782000821
2026-06-21T00:19:05Z,317,23,18,5,2,1,1,1,1,1782001132
2026-06-21T00:19:05Z,318,7,2,10,0,0,1,1,1,1781999657
2026-06-21T00:19:05Z,319,3,1,21,3,0,1,1,1,1782000793
2026-06-21T00:19:05Z,320,1,1,18,0,0,1,1,1,1781994065
2026-06-21T00:19:05Z,321,7,0,12,0,0,1,1,1,1781982767
2026-06-21T00:19:05Z,322,6,0,23,0,0,1,1,1,1782001056
2026-06-21T00:19:05Z,323,9,1,9,1,0,1,1,1,1782001084
2026-06-21T00:19:05Z,324,3,3,24,0,0,1,1,1,1782000575
2026-06-21T00:19:05Z,325,0,0,25,2,0,1,1,1,1781999915
2026-06-21T00:19:05Z,327,0,0,25,0,2,1,1,1,1782000578
2026-06-21T00:19:05Z,328,14,0,8,1,0,1,1,1,1782000816
2026-06-21T00:19:05Z,329,14,0,5,0,0,1,1,1,1781999255
2026-06-21T00:19:05Z,330,6,1,16,0,0,1,1,1,1782000415
2026-06-21T00:19:05Z,331,6,0,17,0,0,1,1,1,1782000933
2026-06-21T00:19:05Z,332,17,4,0,2,0,1,1,1,1782000504
2026-06-21T00:19:05Z,333,5,4,18,0,0,1,1,1,1782000656
2026-06-21T00:19:05Z,334,12,3,10,1,0,1,1,1,1782000862
2026-06-21T00:19:05Z,335,14,0,6,2,1,1,1,1,1782000975
2026-06-21T00:19:05Z,336,8,2,11,0,0,1,1,1,1781999699
2026-06-21T00:19:05Z,337,10,1,10,3,0,1,1,1,1782000846
2026-06-21T00:19:05Z,338,2,1,17,0,0,1,1,1,1781999857
2026-06-21T00:19:05Z,339,17,9,5,1,0,1,1,1,1782000843
2026-06-21T00:19:05Z,340,9,1,5,1,0,1,1,1,1782000326
2026-06-21T00:19:05Z,341,3,2,16,0,0,1,1,1,1782000338
2026-06-21T00:19:05Z,342,14,3,0,1,0,1,1,1,1782000861
2026-06-21T00:19:05Z,343,10,7,13,0,0,1,1,1,1781994317
2026-06-21T00:19:05Z,344,3,0,20,0,0,1,1,1,1781999196
2026-06-21T00:19:05Z,345,2,0,16,1,0,1,1,1,1782000711
2026-06-21T00:19:05Z,346,21,2,2,0,0,1,1,1,1782001120
2026-06-21T00:19:05Z,347,20,1,26,1,0,1,1,1,1782001117
2026-06-21T00:19:05Z,348,12,0,10,1,0,1,1,1,1782000952
2026-06-21T00:19:05Z,349,14,2,4,1,0,1,1,1,1782000843
2026-06-21T00:19:05Z,350,5,0,21,0,1,1,1,1,1782001134
2026-06-21T00:19:05Z,351,1,0,21,1,0,1,1,1,1782001087
2026-06-21T00:19:05Z,355,22,3,1,0,0,1,1,1,1782000399
2026-06-21T00:19:05Z,356,17,3,2,0,0,1,1,1,1781995862
2026-06-21T00:19:05Z,357,2,0,17,0,0,1,1,1,1782000932
2026-06-21T00:19:05Z,358,20,1,7,0,0,1,1,1,1782000403
2026-06-21T00:19:05Z,359,0,0,25,2,0,1,1,1,1782001038
2026-06-21T00:19:05Z,360,4,1,14,1,0,1,1,1,1781998444
2026-06-21T00:19:05Z,362,1,0,17,1,0,1,1,1,1781999608
2026-06-21T00:19:05Z,363,23,3,1,1,1,1,1,1,1782000208
2026-06-21T00:19:05Z,364,2,0,15,1,1,1,1,1,1781999292
2026-06-21T00:19:05Z,365,6,0,16,1,0,1,1,1,1781999407
2026-06-21T00:19:05Z,366,2,2,20,1,0,1,1,1,1781999293
2026-06-21T00:19:05Z,367,14,1,5,0,0,1,1,1,1781999498
2026-06-21T00:19:05Z,368,15,2,8,0,0,1,1,1,1781999929
2026-06-21T00:19:05Z,370,14,7,10,3,0,1,1,1,1781999026
2026-06-21T00:19:05Z,371,4,3,14,1,0,1,1,1,1782000980
2026-06-21T00:19:05Z,372,5,2,10,0,0,1,1,1,1781999916
2026-06-21T00:19:05Z,373,6,1,20,0,0,1,1,1,1781999943
2026-06-21T00:19:05Z,374,1,0,16,0,0,1,1,1,1782000997
2026-06-21T00:19:05Z,375,8,2,19,0,0,1,1,1,1782000917
2026-06-21T00:19:05Z,376,12,1,25,2,0,1,1,1,1782000881
2026-06-21T00:19:05Z,377,7,4,18,2,0,1,1,1,1782000456
2026-06-21T00:19:05Z,378,21,3,1,2,0,1,1,1,1782001000
2026-06-21T00:19:05Z,379,18,3,8,1,0,1,1,1,1782000407
2026-06-21T00:19:05Z,380,13,0,10,0,0,1,1,1,1782000121
2026-06-21T00:19:05Z,381,3,0,19,1,0,1,1,1,1782000450
2026-06-21T00:19:05Z,383,11,2,4,0,0,1,1,1,1781999501
2026-06-21T00:19:05Z,384,9,0,9,1,0,1,1,1,1782000290
2026-06-21T00:19:05Z,385,0,0,18,0,0,1,1,1,1781996557
2026-06-21T00:19:05Z,387,14,1,9,0,0,1,1,1,1782000888
2026-06-21T00:19:05Z,388,28,2,17,3,0,1,1,1,1782001080
2026-06-21T00:19:05Z,389,9,3,5,1,0,1,1,1,1782000691
2026-06-21T00:19:05Z,390,16,0,11,0,0,1,1,1,1782001105
2026-06-21T00:19:05Z,391,10,10,5,0,0,1,1,1,1781999549
2026-06-21T00:19:05Z,392,11,10,7,1,0,1,1,1,1781994275
2026-06-21T00:19:05Z,393,8,8,3,0,0,1,1,1,1781999498
2026-06-21T00:19:05Z,394,10,2,5,0,0,1,1,1,1782000470
2026-06-21T00:19:05Z,396,19,7,22,1,0,1,1,1,1782001134
2026-06-21T00:19:05Z,397,26,6,3,2,0,1,1,1,1781996779
2026-06-21T00:19:05Z,399,8,1,10,0,1,1,1,1,1782001108
2026-06-21T00:19:05Z,400,8,1,13,2,0,1,1,1,1781999583
2026-06-21T00:19:05Z,401,21,1,10,0,0,1,1,1,1782001097
2026-06-21T00:19:05Z,403,10,0,17,3,1,1,1,1,1782001009
2026-06-21T00:19:05Z,404,23,2,0,0,0,1,1,1,1782000997
2026-06-21T00:19:05Z,406,22,8,12,1,0,1,1,1,1782001086
2026-06-21T00:19:05Z,407,4,2,30,0,0,1,1,1,1782000418
2026-06-21T00:19:05Z,408,20,10,13,0,0,1,1,1,1782001103
2026-06-21T00:19:05Z,409,7,2,15,1,0,1,1,1,1782000877
2026-06-21T00:19:05Z,413,17,5,4,2,0,1,1,1,1782001050
2026-06-21T00:19:05Z,414,7,0,7,1,0,1,1,1,1782000801
2026-06-21T00:19:05Z,417,4,3,15,0,0,1,1,1,1782000740
2026-06-21T00:19:05Z,418,6,4,9,0,0,1,1,1,1781999792
2026-06-21T00:19:05Z,419,5,1,17,1,0,1,1,1,1781999168
2026-06-21T00:19:05Z,421,0,0,19,0,0,1,1,1,1781999755
2026-06-21T00:19:05Z,422,8,0,19,0,0,1,1,1,1781995508
2026-06-21T00:19:05Z,423,15,0,8,0,0,1,1,1,1781997700
2026-06-21T00:19:05Z,424,9,2,4,2,0,1,1,1,1782000818
2026-06-21T00:19:05Z,425,22,2,0,0,0,1,1,1,1782000268
2026-06-21T00:19:05Z,426,1,0,34,2,0,1,1,1,1782000541
2026-06-21T00:19:05Z,427,1,0,11,2,1,1,1,1,1782001049
2026-06-21T00:19:05Z,428,2,1,17,0,0,1,1,1,1781999625
2026-06-21T00:19:05Z,429,11,0,12,0,0,1,1,1,1782001099
2026-06-21T00:19:05Z,430,6,0,24,1,0,1,1,1,1782000792
2026-06-21T00:19:05Z,431,2,0,27,2,2,1,1,1,1781997720
2026-06-21T00:19:05Z,432,26,0,2,3,0,1,1,1,1782001115
2026-06-21T00:19:05Z,433,10,1,13,0,0,1,1,1,1781996011
2026-06-21T00:19:05Z,437,10,4,7,2,0,1,1,1,1782001083
2026-06-21T00:19:05Z,438,10,6,8,0,1,1,1,1,1782001124
2026-06-21T00:19:05Z,439,10,7,5,0,0,1,1,1,1782001054
2026-06-21T00:19:05Z,440,6,4,8,1,0,1,1,1,1782001085
2026-06-21T00:19:05Z,441,8,2,1,6,0,1,1,1,1782000946
2026-06-21T00:19:05Z,442,15,3,4,0,0,1,1,1,1782000310
2026-06-21T00:19:05Z,443,7,0,19,1,0,1,1,1,1781977804
2026-06-21T00:19:05Z,444,16,4,7,0,0,1,1,1,1781994533
2026-06-21T00:19:05Z,445,2,2,18,3,0,1,1,1,1782000821
2026-06-21T00:19:05Z,446,4,3,18,1,0,1,1,1,1782000415
2026-06-21T00:19:05Z,447,11,0,9,3,0,1,1,1,1781997401
2026-06-21T00:19:05Z,448,4,2,10,0,1,1,1,1,1781989899
2026-06-21T00:19:05Z,452,8,0,9,2,0,1,1,1,1782000619
2026-06-21T00:19:05Z,453,14,4,1,0,0,1,1,1,1782000059
2026-06-21T00:19:05Z,454,11,0,6,1,1,1,1,1,1782001035
2026-06-21T00:19:05Z,455,12,1,26,0,1,1,1,1,1781999572
2026-06-21T00:19:05Z,456,16,0,6,1,0,1,1,1,1782001135
2026-06-21T00:19:05Z,457,11,0,14,2,0,1,1,1,1782000981
2026-06-21T00:19:05Z,458,4,2,19,0,0,1,1,1,1781999813
2026-06-21T00:19:05Z,459,2,0,13,0,0,1,1,1,1781996679
2026-06-21T00:19:05Z,460,4,0,16,3,0,1,1,1,1782000976
2026-06-21T00:19:05Z,461,8,2,8,2,1,1,1,1,1782000824
2026-06-21T00:19:05Z,462,5,0,14,2,0,1,1,1,1782000906
2026-06-21T00:19:05Z,463,7,0,11,1,0,1,1,1,1781999782
2026-06-21T00:19:05Z,464,2,0,12,0,0,1,1,1,1781999028
2026-06-21T00:19:05Z,465,13,0,1,1,0,1,1,1,1781999998
2026-06-21T00:19:05Z,466,2,0,10,3,0,1,1,1,1781992918
2026-06-21T00:19:05Z,467,9,1,6,0,0,1,1,1,1781999583
2026-06-21T00:19:05Z,468,8,2,11,0,0,1,1,1,1781994188
2026-06-21T00:19:05Z,469,10,0,13,0,0,1,1,1,1781994524
2026-06-21T00:19:05Z,470,4,1,11,0,0,1,1,1,1781999741
2026-06-21T00:19:05Z,471,9,0,18,0,0,1,1,1,1782000243
2026-06-21T00:19:05Z,472,9,5,9,1,0,1,1,1,1782000192
2026-06-21T00:19:05Z,473,3,1,15,1,0,1,1,1,1781993264
2026-06-21T00:19:05Z,474,8,2,10,1,0,1,1,1,1782000962
2026-06-21T00:19:05Z,475,2,1,16,1,0,1,1,1,1781999668
2026-06-21T00:19:05Z,476,6,1,16,1,0,1,1,1,1781996874
2026-06-21T00:19:05Z,477,8,5,6,1,0,1,1,1,1782001069
2026-06-21T00:19:05Z,478,24,0,6,1,0,1,1,1,1782001131
2026-06-21T00:19:05Z,479,2,1,22,2,1,1,1,1,1782001129
2026-06-21T00:19:05Z,480,8,3,7,0,0,1,1,1,1781999273
2026-06-21T00:19:05Z,481,0,0,35,0,0,1,1,1,1781994472
2026-06-21T00:19:05Z,482,15,5,3,1,0,1,1,1,1782000209
2026-06-21T00:19:05Z,483,15,0,11,1,0,1,1,1,1782000881
2026-06-21T00:19:05Z,484,13,3,5,1,0,1,1,1,1782000997
2026-06-21T00:19:05Z,485,8,4,11,0,0,1,1,1,1782000381
2026-06-21T00:19:05Z,486,5,0,22,0,0,1,1,1,1782000253
2026-06-21T00:19:05Z,487,14,2,5,0,0,1,1,1,1781998215
2026-06-21T00:19:05Z,489,1,1,14,0,0,1,1,1,1781999483
2026-06-21T00:19:05Z,490,10,4,6,0,0,1,1,1,1781998574
2026-06-21T00:19:05Z,491,4,0,16,1,0,1,1,1,1782000051
2026-06-21T00:19:05Z,492,6,5,2,3,0,1,1,1,1782001008
2026-06-21T00:19:05Z,493,7,0,20,0,0,1,1,1,1782000321
2026-06-21T00:19:05Z,495,4,2,10,1,0,1,1,1,1782001030
2026-06-21T00:19:05Z,496,4,1,23,0,0,1,1,1,1782001019
2026-06-21T00:19:05Z,497,16,1,3,0,0,1,1,1,1782000890
2026-06-21T00:19:05Z,498,20,1,3,0,0,1,1,1,1782001073
2026-06-21T00:19:05Z,499,1,1,18,0,0,1,1,1,1781998191
2026-06-21T00:19:05Z,500,11,8,3,1,0,1,1,1,1782000986
2026-06-21T00:19:05Z,501,8,1,12,1,0,1,1,1,1782000829
2026-06-21T00:19:05Z,502,8,1,11,0,0,1,1,1,1782000596
2026-06-21T00:19:05Z,503,0,0,31,0,0,1,1,1,1781997969
2026-06-21T00:19:05Z,504,2,1,37,0,0,1,1,1,1782000734
2026-06-21T00:19:05Z,505,0,0,17,0,1,1,1,1,1782001133
2026-06-21T00:19:05Z,511,13,1,9,1,0,1,1,1,1782000518
2026-06-21T00:19:05Z,512,1,1,18,0,0,1,1,1,1782000878
2026-06-21T00:19:05Z,514,6,3,3,2,0,1,1,1,1782000099
2026-06-21T00:19:05Z,515,8,4,10,1,0,1,1,1,1782000574
2026-06-21T00:19:05Z,516,16,0,11,0,0,1,1,1,1782000799
2026-06-21T00:19:05Z,517,2,0,21,0,0,1,1,1,1781995722
2026-06-21T00:19:05Z,518,0,0,14,1,0,1,1,1,1781996086
2026-06-21T00:19:05Z,519,12,2,6,1,0,1,1,1,1781999016
2026-06-21T00:19:05Z,520,8,0,17,1,1,1,1,1,1782000724
2026-06-21T00:19:05Z,521,6,1,17,0,0,1,1,1,1782000385
2026-06-21T00:19:05Z,522,4,0,19,0,0,1,1,1,1782001118
2026-06-21T00:19:05Z,523,14,1,8,1,0,1,1,1,1781994240
2026-06-21T00:19:05Z,524,6,0,17,0,0,1,1,1,1782001102
2026-06-21T00:19:05Z,525,0,0,19,0,0,1,1,1,1781999230
2026-06-21T00:19:05Z,526,13,6,2,0,0,1,1,1,1782000811
2026-06-21T00:19:05Z,527,14,14,10,2,0,1,1,1,1782000144
2026-06-21T00:19:05Z,528,9,3,14,0,0,1,1,1,1782000061
2026-06-21T00:19:05Z,529,7,2,10,2,0,1,1,1,1782000828
2026-06-21T00:19:05Z,530,9,0,11,1,0,1,1,1,1782001105
2026-06-21T00:19:05Z,531,14,1,8,0,1,1,1,1,1782000890
2026-06-21T00:19:05Z,532,19,4,11,1,0,1,1,1,1781994646
2026-06-21T00:19:05Z,533,6,0,12,1,0,1,1,1,1782000895
2026-06-21T00:19:05Z,534,11,2,12,0,0,1,1,1,1782000428
2026-06-21T00:19:05Z,535,10,0,5,0,0,1,1,1,1781999681
2026-06-21T00:19:05Z,536,11,0,12,0,0,1,1,1,1782000578
2026-06-21T00:19:05Z,537,11,5,10,0,0,1,1,1,1782000604
2026-06-21T00:19:05Z,538,5,2,12,2,0,1,1,1,1781999951
2026-06-21T00:19:05Z,539,8,6,11,0,0,1,1,1,1782001102
2026-06-21T00:19:05Z,540,10,2,9,0,0,1,1,1,1782000979
2026-06-21T00:19:05Z,541,3,0,23,1,0,1,1,1,1782000650
2026-06-21T00:19:05Z,542,22,3,0,1,0,1,1,1,1782000457
2026-06-21T00:19:05Z,543,2,1,16,1,0,1,1,1,1782000875
2026-06-21T00:19:05Z,544,16,2,8,1,0,1,1,1,1782001070
2026-06-21T00:19:05Z,545,10,1,8,1,0,1,1,1,1782001091
2026-06-21T00:19:05Z,546,10,4,9,0,0,1,1,1,1782000823
2026-06-21T00:19:05Z,547,14,1,8,0,0,1,1,1,1782000650
2026-06-21T00:19:05Z,548,8,0,14,1,0,1,1,1,1782001102
2026-06-21T00:19:05Z,549,0,0,20,1,0,1,1,1,1782000659
2026-06-21T00:19:05Z,550,9,7,9,1,0,1,1,1,1782000562
2026-06-21T00:19:05Z,551,9,5,14,0,0,1,1,1,1781995831
2026-06-21T00:19:05Z,552,15,1,12,0,0,1,1,1,1782000243
2026-06-21T00:19:05Z,553,14,0,9,0,0,1,1,1,1782000548
2026-06-21T00:19:05Z,554,14,6,3,2,0,1,1,1,1781998793
2026-06-21T00:19:05Z,555,11,2,4,0,0,1,1,1,1781996702
2026-06-21T00:19:05Z,556,1,1,22,0,0,1,1,1,1782000472
2026-06-21T00:19:05Z,557,0,0,23,0,0,0,1,1,1781719859
2026-06-21T00:19:05Z,558,19,1,17,1,0,1,1,1,1782001131
2026-06-21T00:19:05Z,559,4,0,15,0,0,1,1,1,1781995096
2026-06-21T00:19:05Z,560,0,0,26,1,0,1,1,1,1782000424
2026-06-21T00:19:05Z,561,14,0,8,1,0,1,1,1,1782001036
2026-06-21T00:19:05Z,562,3,0,29,3,0,1,1,1,1782001131
2026-06-21T00:19:05Z,563,2,0,12,0,0,1,1,1,1782000915
2026-06-21T00:19:05Z,564,9,0,9,1,0,1,1,1,1782000835
2026-06-21T00:19:05Z,565,0,0,17,1,1,1,1,1,1782000697
2026-06-21T00:19:05Z,566,7,1,10,2,0,1,1,1,1782000382
2026-06-21T00:19:05Z,567,2,0,24,1,0,1,1,1,1782000957
2026-06-21T00:19:05Z,568,8,0,11,0,0,1,1,1,1781997927
2026-06-21T00:19:05Z,569,6,0,13,0,0,1,1,1,1781999403
2026-06-21T00:19:05Z,570,8,1,11,0,0,1,1,1,1782000756
2026-06-21T00:19:05Z,571,6,0,17,0,0,1,1,1,1782000467
2026-06-21T00:19:05Z,572,3,3,15,1,0,1,1,1,1782000376
2026-06-21T00:19:05Z,573,1,0,13,1,0,1,1,1,1782000478
2026-06-21T00:19:05Z,574,3,3,9,3,0,1,1,1,1782000633
2026-06-21T00:19:05Z,575,15,1,4,2,0,1,1,1,1782001045
2026-06-21T00:19:05Z,576,13,2,4,2,0,1,1,1,1782000747
2026-06-21T00:19:05Z,577,9,0,22,0,0,1,1,1,1782000763
2026-06-21T00:19:05Z,578,19,5,2,2,0,1,1,1,1782000974
2026-06-21T00:19:05Z,579,19,4,24,0,0,1,1,1,1782000906
2026-06-21T00:19:05Z,580,28,0,1,2,0,1,1,1,1782001132
2026-06-21T00:19:05Z,581,3,0,15,1,0,1,1,1,1782001125
2026-06-21T00:19:05Z,582,28,1,30,3,0,1,1,1,1782001103
2026-06-21T00:19:05Z,583,1,0,22,0,0,1,1,1,1782000927
2026-06-21T00:19:05Z,584,9,9,7,3,0,1,1,1,1782000684
2026-06-21T00:19:05Z,585,16,1,11,0,0,1,1,1,1782000581
2026-06-21T00:19:05Z,586,32,2,2,1,0,1,1,1,1782000245
2026-06-21T00:19:05Z,587,1,1,23,3,0,1,1,1,1782001132
2026-06-21T00:19:05Z,588,4,2,15,0,0,1,1,1,1782000160
2026-06-21T00:19:05Z,589,17,7,6,0,0,1,1,1,1781998937
2026-06-21T00:19:05Z,590,2,0,29,0,0,1,1,1,1782000862
2026-06-21T00:19:05Z,591,17,0,4,1,0,1,1,1,1782000972
2026-06-21T00:19:05Z,592,5,0,18,0,0,1,1,1,1782001115
2026-06-21T00:19:05Z,593,23,2,16,0,0,1,1,1,1782000774
2026-06-21T00:19:05Z,594,4,0,16,1,0,1,1,1,1782000631
2026-06-21T00:19:05Z,595,0,0,3,0,0,0,1,1,1779985765
2026-06-21T00:19:05Z,605,0,0,3,0,0,0,1,1,1780413752
2026-06-21T00:19:05Z,606,0,0,3,0,0,0,1,1,1781723852
2026-06-21T00:19:05Z,607,10,4,23,0,0,1,1,1,1782001064
2026-06-21T00:19:05Z,608,31,0,23,0,0,1,1,1,1782000623
2026-06-21T00:19:05Z,609,14,1,9,0,0,1,1,1,1781999530
2026-06-21T00:19:05Z,610,0,0,34,1,0,0,1,1,1781869880
2026-06-21T00:19:05Z,611,24,2,3,0,0,1,1,1,1782001121
2026-06-21T00:19:05Z,612,7,1,8,0,0,1,1,1,1781998677
2026-06-21T00:19:05Z,613,1,0,11,2,0,1,1,1,1782000939
2026-06-21T00:19:05Z,614,11,1,11,4,1,1,1,1,1782000338
2026-06-21T00:19:05Z,617,1,0,14,0,0,1,1,1,1782000252
2026-06-21T00:19:05Z,618,7,2,10,2,0,1,1,1,1782000915
2026-06-21T00:19:05Z,619,18,1,1,0,0,1,1,1,1782001035
2026-06-21T00:19:05Z,620,8,8,15,0,0,1,1,1,1782001135
2026-06-21T00:19:05Z,621,15,5,8,0,0,1,1,1,1782000738
2026-06-21T00:19:05Z,622,5,0,17,1,0,1,1,1,1782000908
2026-06-21T00:19:05Z,623,11,2,18,1,0,1,1,1,1782000669
2026-06-21T00:19:05Z,624,4,3,8,3,0,1,1,1,1781999173
2026-06-21T00:19:05Z,625,8,2,13,0,0,1,1,1,1782000366
2026-06-21T00:19:05Z,626,23,0,21,0,2,1,1,1,1782000995
2026-06-21T00:19:05Z,627,16,1,3,0,0,1,1,1,1781990733
2026-06-21T00:19:05Z,628,6,5,11,0,2,1,1,1,1782001116
2026-06-21T00:19:05Z,629,2,1,8,1,0,1,1,1,1781996755
2026-06-21T00:19:05Z,630,5,2,20,2,0,1,1,1,1781981887
2026-06-21T00:19:05Z,631,14,3,9,0,0,1,1,1,1781999559
2026-06-21T00:19:05Z,632,4,3,15,4,0,1,1,1,1782000934
2026-06-21T00:19:05Z,633,4,1,9,2,0,1,1,1,1781988354
2026-06-21T00:19:05Z,634,6,3,11,1,1,1,1,1,1781999518
2026-06-21T00:19:05Z,635,12,2,7,0,0,1,1,1,1781996334
2026-06-21T00:19:05Z,636,1,0,14,0,0,1,1,1,1781945782
2026-06-21T00:19:05Z,637,11,5,8,0,0,1,1,1,1781996952
2026-06-21T00:19:05Z,638,5,4,13,1,0,1,1,1,1781991778
2026-06-21T00:19:05Z,639,8,3,3,6,2,1,1,1,1782001024
2026-06-21T00:19:05Z,640,9,2,10,4,0,1,1,1,1782001078
2026-06-21T00:19:05Z,641,4,1,23,0,0,1,1,1,1782001121
2026-06-21T00:19:05Z,642,4,2,13,2,0,1,1,1,1782001109
2026-06-21T00:19:05Z,643,2,0,22,3,0,1,1,1,1782001069
2026-06-21T00:19:05Z,644,1,1,13,0,1,1,1,1,1781998498
2026-06-21T00:19:05Z,645,10,3,12,0,1,1,1,1,1781996541
2026-06-21T00:19:05Z,646,3,1,15,1,0,1,1,1,1782000320
2026-06-21T00:19:05Z,647,20,1,11,0,0,1,1,1,1782000697
2026-06-21T00:19:05Z,648,13,0,5,1,0,1,1,1,1782000007
2026-06-21T00:19:05Z,649,14,2,17,0,0,1,1,1,1782000126
2026-06-21T00:19:05Z,650,12,0,5,0,0,1,1,1,1781998519
2026-06-21T00:19:05Z,651,17,4,4,2,0,1,1,1,1782000827
2026-06-21T00:19:05Z,652,9,5,11,3,0,1,1,1,1782001107
2026-06-21T00:19:05Z,653,3,2,15,0,1,1,1,1,1782000987
2026-06-21T00:19:05Z,654,4,1,11,0,0,1,1,1,1781996001
2026-06-21T00:19:05Z,655,2,0,13,0,0,1,1,1,1781995716
2026-06-21T00:19:05Z,656,4,0,15,0,0,1,1,1,1782000111
2026-06-21T00:19:05Z,657,4,3,6,7,0,1,1,1,1782000938
2026-06-21T00:19:05Z,658,10,3,13,0,0,1,1,1,1781996346
2026-06-21T00:19:05Z,659,9,9,5,1,0,1,1,1,1781998457
2026-06-21T00:19:05Z,660,25,4,6,0,0,1,1,1,1781999469
2026-06-21T00:19:05Z,661,10,5,8,1,0,1,1,1,1781999167
2026-06-21T00:19:05Z,662,5,0,18,0,0,1,1,1,1781987092
2026-06-21T00:19:05Z,663,7,1,8,0,0,1,1,1,1782001056
2026-06-21T00:19:05Z,664,5,0,20,2,0,1,1,1,1782000932
2026-06-21T00:19:05Z,665,8,1,7,0,0,1,1,1,1782000563
2026-06-21T00:19:05Z,666,6,2,8,1,0,1,1,1,1781992374
2026-06-21T00:19:05Z,667,18,3,1,0,0,1,1,1,1782001119
2026-06-21T00:19:05Z,668,6,1,12,1,0,1,1,1,1782000928
2026-06-21T00:19:05Z,669,5,2,8,1,0,1,1,1,1782001105
2026-06-21T00:19:05Z,670,1,0,26,0,0,1,1,1,1781992728
2026-06-21T00:19:05Z,671,3,0,24,0,0,1,1,1,1781999735
2026-06-21T00:19:05Z,672,7,0,13,3,0,1,1,1,1781996970
2026-06-21T00:19:05Z,673,7,1,16,0,0,1,1,1,1781998216
2026-06-21T00:19:05Z,674,13,10,9,1,0,1,1,1,1782000026
2026-06-21T00:19:05Z,675,11,1,2,1,1,1,1,1,1782001135
2026-06-21T00:19:05Z,676,7,1,14,1,1,1,1,1,1782001130
2026-06-21T00:19:05Z,681,9,0,1,5,0,1,1,1,1781997748
2026-06-21T00:19:05Z,682,11,4,7,1,0,1,1,1,1781981475
2026-06-21T00:19:05Z,683,5,2,11,3,0,1,1,1,1781973210
2026-06-21T00:19:05Z,684,11,0,15,1,0,1,1,1,1782000750
2026-06-21T00:19:05Z,685,7,2,18,1,1,1,1,1,1781987383
2026-06-21T00:19:05Z,686,4,0,22,0,1,1,1,1,1782001122
2026-06-21T00:19:05Z,687,13,4,17,0,1,1,1,1,1781986019
2026-06-21T00:19:05Z,688,10,5,8,1,0,1,1,1,1781997843
2026-06-21T00:19:05Z,692,12,11,9,0,0,1,1,1,1782000941
2026-06-21T00:19:05Z,693,3,1,8,0,0,1,1,1,1782000084
2026-06-21T00:19:05Z,694,7,2,13,1,0,1,1,1,1782001120
2026-06-21T00:19:05Z,695,17,8,5,1,0,1,1,1,1782000415
2026-06-21T00:19:05Z,696,7,3,15,1,0,1,1,1,1781999752
2026-06-21T00:19:05Z,697,12,1,10,1,0,1,1,1,1782001054
2026-06-21T00:19:05Z,698,8,1,17,2,0,1,1,1,1782001039
2026-06-21T00:19:05Z,699,7,0,8,0,0,1,1,1,1781999856
2026-06-21T00:19:05Z,700,6,0,13,0,0,1,1,1,1782001107
2026-06-21T00:19:05Z,701,5,0,13,1,0,1,1,1,1781999482
2026-06-21T00:19:05Z,702,18,2,4,1,0,1,1,1,1782001128
2026-06-21T00:19:05Z,703,11,7,12,0,0,1,1,1,1782000395
2026-06-21T00:19:05Z,704,2,0,13,0,0,1,1,1,1781999999
2026-06-21T00:19:05Z,705,2,0,13,0,0,1,1,1,1782000553
2026-06-21T00:19:05Z,706,9,2,6,0,0,1,1,1,1781999835
2026-06-21T00:19:05Z,707,2,2,13,0,0,1,1,1,1781999920
2026-06-21T00:19:05Z,708,8,0,11,0,0,1,1,1,1782000323
2026-06-21T00:19:05Z,709,4,1,7,4,0,1,1,1,1782000268
2026-06-21T00:19:05Z,710,0,0,19,0,0,1,1,1,1782000151
2026-06-21T00:19:05Z,711,6,4,10,3,0,1,1,1,1781999915
2026-06-21T00:19:05Z,712,8,3,5,2,0,1,1,1,1782000193
2026-06-21T00:19:05Z,713,14,4,8,1,0,1,1,1,1782000771
2026-06-21T00:19:05Z,716,3,1,8,4,0,1,1,1,1782000375
2026-06-21T00:19:05Z,717,7,1,15,3,0,1,1,1,1782000597
2026-06-21T00:19:05Z,718,3,2,12,0,0,1,1,1,1782000955
2026-06-21T00:19:05Z,719,4,0,25,0,0,1,1,1,1781999940
2026-06-21T00:19:05Z,720,7,1,11,1,0,1,1,1,1781999799
2026-06-21T00:19:05Z,721,7,1,16,0,0,1,1,1,1781999600
2026-06-21T00:19:05Z,722,7,0,8,0,0,1,1,1,1782001073
2026-06-21T00:19:05Z,723,7,0,15,1,0,1,1,1,1782000565
2026-06-21T00:19:05Z,724,3,0,20,0,0,1,1,1,1781999761
2026-06-21T00:19:05Z,725,6,1,17,0,0,1,1,1,1782001039
2026-06-21T00:19:05Z,726,4,1,15,0,0,1,1,1,1782001123
2026-06-21T00:19:05Z,727,3,0,19,1,0,1,1,1,1781999767
2026-06-21T00:19:05Z,728,2,0,9,4,0,1,1,1,1781999675
2026-06-21T00:19:05Z,729,0,0,18,1,0,1,1,1,1782000333
2026-06-21T00:19:05Z,730,2,1,13,0,0,1,1,1,1781999355
2026-06-21T00:19:05Z,731,1,0,14,0,0,1,1,1,1782000652
2026-06-21T00:19:05Z,732,5,3,10,0,0,1,1,1,1782000151
2026-06-21T00:19:05Z,733,2,0,24,1,0,1,1,1,1781999636
2026-06-21T00:19:05Z,734,8,3,6,0,0,1,1,1,1782000076
2026-06-21T00:19:05Z,735,13,5,6,0,0,1,1,1,1782001013
2026-06-21T00:19:05Z,736,6,0,10,3,0,1,1,1,1782000686
2026-06-21T00:19:05Z,737,3,0,12,0,0,1,1,1,1781999963
2026-06-21T00:19:05Z,738,19,6,0,0,0,1,1,1,1782000311
2026-06-21T00:19:05Z,739,13,3,14,0,0,1,1,1,1781999491
2026-06-21T00:19:05Z,741,3,0,20,0,0,1,1,1,1782000556
2026-06-21T00:19:05Z,742,19,0,20,0,0,1,1,1,1782000914
2026-06-21T00:19:05Z,743,3,2,16,0,0,1,1,1,1782000365
2026-06-21T00:19:05Z,744,4,1,11,0,0,1,1,1,1782000403
2026-06-21T00:19:05Z,745,2,0,17,0,0,1,1,1,1782000378
2026-06-21T00:19:05Z,746,1,0,22,0,0,1,1,1,1782000239
2026-06-21T00:19:05Z,747,1,0,18,0,0,1,1,1,1781999502
2026-06-21T00:19:05Z,748,10,6,13,0,0,1,1,1,1782000865
2026-06-21T00:19:05Z,749,5,0,17,1,0,1,1,1,1782000612
2026-06-21T00:19:05Z,750,2,1,9,0,0,1,1,1,1782000832
2026-06-21T00:19:05Z,751,16,14,6,1,0,1,1,1,1782001104
2026-06-21T00:19:05Z,752,9,3,7,1,0,1,1,1,1782000420
2026-06-21T00:19:05Z,753,6,1,9,0,0,1,1,1,1782001083
2026-06-21T00:19:05Z,754,5,2,10,0,0,1,1,1,1782000558
2026-06-21T00:19:05Z,755,16,9,3,0,0,1,1,1,1782000357
2026-06-21T00:19:05Z,756,28,8,9,0,0,1,1,1,1782000680
2026-06-21T00:19:05Z,757,2,2,17,0,0,1,1,1,1781999409
2026-06-21T00:19:05Z,758,19,6,4,0,0,1,1,1,1782000970
2026-06-21T00:19:05Z,759,8,3,5,2,0,1,1,1,1782000432
2026-06-21T00:19:05Z,760,11,1,7,0,1,1,1,1,1782000833
2026-06-21T00:19:05Z,761,17,9,6,0,0,1,1,1,1782000197
2026-06-21T00:19:05Z,762,6,0,9,0,0,1,1,1,1781999373
2026-06-21T00:19:05Z,768,7,2,7,5,0,1,1,1,1782000572
2026-06-21T00:19:05Z,769,17,3,2,0,0,1,1,1,1782000992
2026-06-21T00:19:05Z,770,5,1,13,1,0,1,1,1,1782000356
2026-06-21T00:19:05Z,771,4,2,11,0,0,1,1,1,1781999664
2026-06-21T00:19:05Z,772,0,0,15,0,0,1,1,1,1781999579
2026-06-21T00:19:05Z,773,5,2,12,2,0,1,1,1,1782000309
2026-06-21T00:19:05Z,774,7,1,7,1,0,1,1,1,1782000880
2026-06-21T00:19:05Z,775,8,4,10,1,0,1,1,1,1781996242
2026-06-21T00:19:05Z,776,3,1,17,1,0,1,1,1,1782000491
2026-06-21T00:19:05Z,777,4,4,6,5,0,1,1,1,1782000277
2026-06-21T00:19:05Z,778,1,0,16,2,0,1,1,1,1781975796
2026-06-21T00:19:05Z,779,8,4,10,1,0,1,1,1,1782000601
2026-06-21T00:19:05Z,780,1,0,15,2,1,1,1,1,1782000914
2026-06-21T00:19:05Z,781,4,1,6,1,0,1,1,1,1782000025
2026-06-21T00:19:05Z,782,8,4,11,0,0,1,1,1,1781999574
2026-06-21T00:19:05Z,783,2,0,16,0,1,1,1,1,1781972765
2026-06-21T00:19:05Z,784,12,0,7,0,0,1,1,1,1782000005
2026-06-21T00:19:05Z,785,6,4,6,2,0,1,1,1,1782000495
2026-06-21T00:19:05Z,786,6,1,12,1,0,1,1,1,1781987590
2026-06-21T00:19:05Z,787,7,1,8,0,0,1,1,1,1781999542
2026-06-21T00:19:05Z,788,2,2,13,0,0,1,1,1,1782001096
2026-06-21T00:19:05Z,789,4,0,11,0,0,1,1,1,1781999395
2026-06-21T00:19:05Z,790,17,1,6,0,0,1,1,1,1782001073
2026-06-21T00:19:05Z,791,3,0,16,0,0,1,1,1,1781998853
2026-06-21T00:19:05Z,793,0,0,15,0,0,1,1,1,1781999695
2026-06-21T00:19:05Z,794,28,2,1,0,0,1,1,1,1782000427
2026-06-21T00:19:05Z,796,7,1,11,1,0,1,1,1,1782000508
2026-06-21T00:19:05Z,797,5,2,10,0,0,1,1,1,1781999508
2026-06-21T00:19:05Z,798,0,0,25,0,0,1,1,1,1781999339
2026-06-21T00:19:05Z,799,1,1,17,1,0,1,1,1,1782000249
2026-06-21T00:19:05Z,800,5,0,15,1,0,1,1,1,1782000321
2026-06-21T00:19:05Z,801,9,5,12,0,0,1,1,1,1782001057
2026-06-21T00:19:05Z,802,1,0,29,1,0,1,1,1,1782001077
2026-06-21T00:19:05Z,803,8,0,7,0,0,1,1,1,1781999732
2026-06-21T00:19:05Z,806,15,10,0,0,0,1,1,1,1782000839
2026-06-21T00:19:05Z,807,16,2,5,4,0,1,1,1,1782000656
2026-06-21T00:19:05Z,808,9,1,15,1,0,1,1,1,1781997803
2026-06-21T00:19:05Z,809,7,1,16,0,0,1,1,1,1782001048
2026-06-21T00:19:05Z,810,11,6,8,0,0,1,1,1,1782000292
2026-06-21T00:19:05Z,815,9,1,6,0,0,1,1,1,1782000376
2026-06-21T00:19:05Z,817,6,3,6,3,0,1,1,1,1782000170
2026-06-21T00:19:05Z,818,6,1,17,0,0,1,1,1,1782000093
2026-06-21T00:19:05Z,819,2,0,11,2,0,1,1,1,1782001100
2026-06-21T00:19:05Z,820,0,0,17,0,0,1,1,1,1781999801
2026-06-21T00:19:05Z,821,1,0,12,2,0,1,1,1,1781999946
2026-06-21T00:19:05Z,822,12,1,11,0,0,1,1,1,1782001074
2026-06-21T00:19:05Z,823,15,1,0,0,0,1,1,1,1781999882
2026-06-21T00:19:05Z,824,9,3,9,1,0,1,1,1,1782000417
2026-06-21T00:19:05Z,825,1,0,14,0,0,1,1,1,1781996982
2026-06-21T00:19:05Z,826,3,0,16,0,0,1,1,1,1782000085
2026-06-21T00:19:05Z,827,15,1,5,1,0,1,1,1,1781999364
2026-06-21T00:19:05Z,828,17,2,0,1,0,1,1,1,1781999523
2026-06-21T00:19:05Z,829,8,4,19,0,0,1,1,1,1781992528
2026-06-21T00:19:05Z,830,6,0,17,0,0,1,1,1,1781999456
2026-06-21T00:19:05Z,831,3,1,11,1,0,1,1,1,1782000744
2026-06-21T00:19:05Z,832,4,2,12,2,0,1,1,1,1782000255
2026-06-21T00:19:05Z,833,10,1,9,0,0,1,1,1,1781999737
2026-06-21T00:19:05Z,834,1,0,22,1,0,1,1,1,1782001122
2026-06-21T00:19:05Z,835,16,2,2,0,0,1,1,1,1782000513
2026-06-21T00:19:05Z,837,7,2,7,1,0,1,1,1,1782000429
2026-06-21T00:19:05Z,838,1,0,13,1,0,1,1,1,1782001093
2026-06-21T00:19:05Z,839,21,0,8,0,0,1,1,1,1782000655
2026-06-21T00:19:05Z,840,26,4,2,1,0,1,1,1,1782000780
2026-06-21T00:19:05Z,841,5,0,9,1,0,1,1,1,1782000237
2026-06-21T00:19:05Z,842,9,3,13,0,1,1,1,1,1782000852
2026-06-21T00:19:05Z,843,7,6,24,0,0,1,1,1,1782000991
2026-06-21T00:19:05Z,844,6,3,16,1,0,1,1,1,1781999854
2026-06-21T00:19:05Z,845,0,0,19,0,0,1,1,1,1781999745
2026-06-21T00:19:05Z,846,8,2,10,0,1,1,1,1,1782000377
2026-06-21T00:19:05Z,847,14,3,13,0,0,1,1,1,1782000586
2026-06-21T00:19:05Z,848,15,0,4,0,0,1,1,1,1782000524
2026-06-21T00:19:05Z,849,10,3,1,4,0,1,1,1,1782000980
2026-06-21T00:19:05Z,850,4,0,7,0,0,1,1,1,1782001045
2026-06-21T00:19:05Z,851,21,8,15,1,0,1,1,1,1782000684
2026-06-21T00:19:05Z,852,7,0,11,1,0,1,1,1,1782000178
2026-06-21T00:19:05Z,853,2,0,20,1,0,1,1,1,1781996821
2026-06-21T00:19:05Z,854,10,4,5,0,0,1,1,1,1781985782
2026-06-21T00:19:05Z,855,6,2,20,1,0,1,1,1,1781999819
2026-06-21T00:19:05Z,857,13,5,6,0,0,1,1,1,1782001069
2026-06-21T00:19:05Z,858,0,0,18,1,0,1,1,1,1781999946
2026-06-21T00:19:05Z,859,8,2,13,0,0,1,1,1,1782000737
2026-06-21T00:19:05Z,861,2,1,9,0,0,1,1,1,1782000497
2026-06-21T00:19:05Z,862,0,0,15,0,0,1,1,1,1782000774
2026-06-21T00:19:05Z,863,1,1,18,0,0,1,1,1,1782001085
2026-06-21T00:19:05Z,866,4,2,15,0,0,1,1,1,1781998336
2026-06-21T00:19:05Z,867,3,1,12,0,0,1,1,1,1782000238
2026-06-21T00:19:05Z,868,14,4,1,0,0,1,1,1,1781999557
2026-06-21T00:19:05Z,870,12,3,3,0,0,1,1,1,1781999451
2026-06-21T00:19:05Z,871,7,0,4,0,0,1,1,1,1782000262
2026-06-21T00:19:05Z,872,11,1,4,0,0,1,1,1,1781999723
2026-06-21T00:19:05Z,873,0,0,33,0,0,1,1,1,1782001096
2026-06-21T00:19:05Z,874,12,1,3,0,0,1,1,1,1782001009
2026-06-21T00:19:05Z,875,14,4,1,0,0,1,1,1,1781999621
2026-06-21T00:19:05Z,877,15,6,4,0,0,1,1,1,1781999642
2026-06-21T00:19:05Z,878,2,1,17,0,0,1,1,1,1781999398
2026-06-21T00:19:05Z,879,5,2,11,3,0,1,1,1,1782000226
2026-06-21T00:19:05Z,880,2,1,20,1,0,1,1,1,1782000207
2026-06-21T00:19:05Z,881,8,0,7,4,0,1,1,1,1781999864
2026-06-21T00:19:05Z,882,11,5,8,0,0,1,1,1,1782000500
2026-06-21T00:19:05Z,883,0,0,18,1,0,0,1,1,1781529111
2026-06-21T00:19:05Z,884,11,6,10,0,0,1,1,1,1781983424
2026-06-21T00:19:05Z,885,1,1,18,0,0,1,1,1,1781978002
2026-06-21T00:19:05Z,886,18,2,8,3,0,1,1,1,1782000623
2026-06-21T00:19:05Z,887,9,2,8,0,0,1,1,1,1781999819
2026-06-21T00:19:05Z,888,40,10,0,1,0,1,1,1,1782000794
2026-06-21T00:19:05Z,889,0,0,19,0,0,1,1,1,1782000479
2026-06-21T00:19:05Z,890,0,0,15,0,0,1,1,1,1781998737
2026-06-21T00:19:05Z,891,0,0,23,0,0,1,1,1,1782000504
2026-06-21T00:19:05Z,892,7,2,8,0,0,1,1,1,1781999678
2026-06-21T00:19:05Z,895,11,0,7,1,0,1,1,1,1782000267
2026-06-21T00:19:05Z,896,10,0,24,1,0,1,1,1,1782001002
2026-06-21T00:19:05Z,897,8,1,12,1,0,1,1,1,1782000373
2026-06-21T00:19:05Z,898,6,0,13,0,0,1,1,1,1782000851
2026-06-21T00:19:05Z,899,2,1,17,0,0,1,1,1,1782001025
2026-06-21T00:19:05Z,900,6,0,21,0,0,1,1,1,1782001114
2026-06-21T00:19:05Z,901,9,0,10,0,0,1,1,1,1782000908
2026-06-21T00:19:05Z,902,6,0,9,0,0,1,1,1,1782001015
2026-06-21T00:19:05Z,903,4,1,15,0,0,1,1,1,1781999664
2026-06-21T00:19:05Z,904,13,4,4,2,0,1,1,1,1782000787
2026-06-21T00:19:05Z,905,11,0,15,1,0,1,1,1,1782001069
2026-06-21T00:19:05Z,906,14,10,13,0,0,1,1,1,1781999868
2026-06-21T00:19:05Z,907,0,0,31,0,0,1,1,1,1782000045
2026-06-21T00:19:05Z,908,4,0,19,0,0,1,1,1,1782000848
2026-06-21T00:19:05Z,909,5,1,16,2,0,1,1,1,1781999727
2026-06-21T00:19:05Z,910,10,0,20,1,0,1,1,1,1782000823
2026-06-21T00:19:05Z,911,10,0,9,0,0,1,1,1,1781999612
2026-06-21T00:19:05Z,912,1,0,20,2,0,1,1,1,1782000858
2026-06-21T00:19:05Z,913,1,1,18,0,0,1,1,1,1781984093
2026-06-21T00:19:05Z,914,11,1,8,0,0,1,1,1,1782000792
2026-06-21T00:19:05Z,915,18,1,5,0,0,1,1,1,1782000737
2026-06-21T00:19:05Z,916,6,2,17,0,0,1,1,1,1782001051
2026-06-21T00:19:05Z,917,12,0,23,0,0,1,1,1,1782000578
2026-06-21T00:19:05Z,918,2,1,17,0,0,1,1,1,1782001094
2026-06-21T00:19:05Z,919,2,0,35,2,0,1,1,1,1782000972
2026-06-21T00:19:05Z,920,6,1,13,0,0,1,1,1,1782000018
2026-06-21T00:19:05Z,921,7,0,13,1,0,1,1,1,1781996777
2026-06-21T00:19:05Z,922,3,1,18,0,0,1,1,1,1782000497
2026-06-21T00:19:05Z,923,1,0,17,1,0,1,1,1,1782001123
2026-06-21T00:19:05Z,924,12,1,9,0,0,1,1,1,1782000745
2026-06-21T00:19:05Z,925,13,2,8,0,0,1,1,1,1782000363
2026-06-21T00:19:05Z,926,13,1,8,0,0,1,1,1,1782000734
2026-06-21T00:19:05Z,927,5,3,30,0,0,1,1,1,1781999972
2026-06-21T00:19:05Z,928,5,0,14,0,0,1,1,1,1782000167
2026-06-21T00:19:05Z,929,13,1,6,3,1,1,1,1,1782000302
2026-06-21T00:19:05Z,930,6,0,25,0,0,1,1,1,1782000482
2026-06-21T00:19:05Z,931,2,1,19,2,0,1,1,1,1782001053
2026-06-21T00:19:05Z,932,5,0,14,0,0,1,1,1,1782001104
2026-06-21T00:19:05Z,933,6,1,16,1,0,1,1,1,1782000809
2026-06-21T00:19:05Z,934,8,0,23,0,0,1,1,1,1782000520
2026-06-21T00:19:05Z,935,2,0,17,0,0,1,1,1,1782000792
2026-06-21T00:19:05Z,936,9,1,10,0,0,1,1,1,1781999540
2026-06-21T00:19:05Z,940,6,0,5,0,0,1,1,1,1781999675
2026-06-21T00:19:05Z,941,14,0,10,1,0,1,1,1,1781995158
2026-06-21T00:19:05Z,942,14,1,7,0,0,1,1,1,1782000779
2026-06-21T00:19:05Z,943,7,7,7,1,0,1,1,1,1781999453
2026-06-21T00:19:05Z,944,4,4,11,0,0,1,1,1,1781986245
2026-06-21T00:19:05Z,945,7,4,8,0,0,1,1,1,1781999626
2026-06-21T00:19:05Z,946,12,9,7,0,0,1,1,1,1782000605
2026-06-21T00:19:05Z,947,6,5,11,0,0,1,1,1,1782000565
2026-06-21T00:19:05Z,948,13,7,16,2,0,1,1,1,1782000911
2026-06-21T00:19:05Z,949,11,0,3,1,0,1,1,1,1782001106
2026-06-21T00:19:05Z,950,11,1,6,0,0,1,1,1,1782000841
2026-06-21T00:19:05Z,951,15,5,7,1,0,1,1,1,1782000398
2026-06-21T00:19:05Z,952,16,0,37,2,0,1,1,1,1782000904
2026-06-21T00:19:05Z,953,3,1,11,1,0,1,1,1,1782000025
2026-06-21T00:19:05Z,954,0,0,19,0,0,1,1,1,1782000831
2026-06-21T00:19:05Z,955,10,1,13,3,1,1,1,1,1782000611
2026-06-21T00:19:05Z,956,7,0,12,0,0,1,1,1,1781990307
2026-06-21T00:19:05Z,957,18,0,11,0,0,1,1,1,1782000143
2026-06-21T00:19:05Z,958,1,0,30,0,0,1,1,1,1781999674
2026-06-21T00:19:05Z,959,15,0,7,1,0,1,1,1,1782000735
2026-06-21T00:19:05Z,960,11,0,10,2,0,1,1,1,1782001123
2026-06-21T00:19:05Z,961,19,2,4,0,0,1,1,1,1782000899
2026-06-21T00:19:05Z,962,7,0,24,4,0,1,1,1,1782000650
2026-06-21T00:19:05Z,963,5,0,18,0,0,1,1,1,1782000367
2026-06-21T00:19:05Z,964,7,3,16,0,0,1,1,1,1782000937
2026-06-21T00:19:05Z,965,11,4,15,1,0,1,1,1,1782000657
2026-06-21T00:19:05Z,966,31,1,0,0,0,1,1,1,1782000815
2026-06-21T00:19:05Z,967,6,0,14,1,0,1,1,1,1782001036
2026-06-21T00:19:05Z,968,2,0,17,0,0,1,1,1,1782000887
2026-06-21T00:19:05Z,969,10,9,17,0,0,1,1,1,1781999729
2026-06-21T00:19:05Z,970,8,1,10,1,0,1,1,1,1782000406
2026-06-21T00:19:05Z,971,5,0,18,0,0,1,1,1,1782000068
2026-06-21T00:19:05Z,972,6,2,17,0,0,1,1,1,1781999692
2026-06-21T00:19:05Z,973,9,1,13,1,0,1,1,1,1782000015
2026-06-21T00:19:05Z,974,7,0,20,0,0,1,1,1,1782000579
2026-06-21T00:19:05Z,977,5,3,16,0,0,1,1,1,1782000720
2026-06-21T00:19:05Z,978,9,4,14,0,0,1,1,1,1782000595
2026-06-21T00:19:05Z,979,4,0,12,1,0,1,1,1,1782001087
2026-06-21T00:19:05Z,980,6,0,15,0,0,1,1,1,1782000705
2026-06-21T00:19:05Z,981,7,0,13,1,0,1,1,1,1781999773
2026-06-21T00:19:05Z,982,8,0,10,1,0,1,1,1,1782000749
2026-06-21T00:19:05Z,983,13,6,10,0,0,1,1,1,1782000008
2026-06-21T00:19:05Z,984,6,3,17,0,0,1,1,1,1782000222
2026-06-21T00:19:05Z,985,5,0,26,0,0,1,1,1,1782000802
2026-06-21T00:19:05Z,986,14,4,5,0,0,1,1,1,1781999951
2026-06-21T00:19:05Z,987,6,0,17,0,0,1,1,1,1782001111
2026-06-21T00:19:05Z,988,9,2,10,0,0,1,1,1,1781999770
2026-06-21T00:19:05Z,989,13,10,5,1,0,1,1,1,1782000003
2026-06-21T00:19:05Z,990,7,0,7,1,0,1,1,1,1782001092
2026-06-21T00:19:05Z,991,15,6,4,0,0,1,1,1,1782000286
2026-06-21T00:19:05Z,992,0,0,23,0,0,1,1,1,1782000408
2026-06-21T00:19:05Z,993,18,6,9,0,0,1,1,1,1782000774
2026-06-21T00:19:05Z,994,1,0,20,0,0,1,1,1,1781977886
2026-06-21T00:19:05Z,995,21,3,5,1,0,1,1,1,1781999514
2026-06-21T00:19:05Z,996,12,5,11,0,0,1,1,1,1782000399
2026-06-21T00:19:05Z,997,8,5,15,0,0,1,1,1,1782000822
2026-06-21T00:19:05Z,998,1,0,22,0,0,1,1,1,1782000792
2026-06-21T00:19:05Z,999,12,2,7,1,1,1,1,1,1782000830
2026-06-21T00:19:05Z,1000,14,6,6,1,0,1,1,1,1781999545
2026-06-21T00:19:05Z,1001,8,6,19,0,0,1,1,1,1782000732
2026-06-21T00:19:05Z,1002,24,7,7,0,0,1,1,1,1782001045
2026-06-21T00:19:05Z,1003,8,1,15,0,0,1,1,1,1782000204
2026-06-21T00:19:05Z,1004,11,1,12,0,0,1,1,1,1782001073
2026-06-21T00:19:05Z,1005,12,0,10,1,0,1,1,1,1782000432
2026-06-21T00:19:05Z,1006,14,3,5,0,0,1,1,1,1782000459
2026-06-21T00:19:05Z,1007,8,4,13,0,0,1,1,1,1781999550
2026-06-21T00:19:05Z,1008,18,4,5,0,0,1,1,1,1782000476
2026-06-21T00:19:05Z,1009,8,0,22,1,0,1,1,1,1781999865
2026-06-21T00:19:05Z,1010,12,3,15,0,0,1,1,1,1781999456
2026-06-21T00:19:05Z,1011,7,5,12,0,0,1,1,1,1782000230
2026-06-21T00:19:05Z,1012,5,4,16,2,0,1,1,1,1781999804
2026-06-21T00:19:05Z,1013,7,0,14,2,0,1,1,1,1782000356
2026-06-21T00:19:05Z,1014,15,2,8,0,0,1,1,1,1782000258
2026-06-21T00:19:05Z,1015,4,2,26,1,0,1,1,1,1781999754
2026-06-21T00:19:05Z,1016,15,4,16,0,0,1,1,1,1782000140
2026-06-21T00:19:05Z,1017,12,2,8,1,0,1,1,1,1782001038
2026-06-21T00:19:05Z,1018,7,3,13,1,0,1,1,1,1781999584
2026-06-21T00:19:05Z,1019,12,6,2,1,0,1,1,1,1781999409
2026-06-21T00:19:05Z,1020,7,3,14,0,0,1,1,1,1782000487
2026-06-21T00:19:05Z,1021,3,1,12,0,0,1,1,1,1781999882
2026-06-21T00:19:05Z,1022,11,2,16,0,0,1,1,1,1782001067
2026-06-21T00:19:05Z,1023,7,0,16,0,0,1,1,1,1782000948
2026-06-21T00:19:05Z,1024,12,7,7,0,0,1,1,1,1781999678
2026-06-21T00:19:05Z,1025,14,0,5,0,0,1,1,1,1781999730
2026-06-21T00:19:05Z,1026,5,4,25,1,0,1,1,1,1781999816
2026-06-21T00:19:05Z,1028,14,3,9,0,0,1,1,1,1782000578
2026-06-21T00:19:05Z,1029,10,7,3,2,0,1,1,1,1782000032
2026-06-21T00:19:05Z,1030,8,2,15,0,0,1,1,1,1782000508
2026-06-21T00:19:05Z,1031,4,1,15,0,0,1,1,1,1781999517
2026-06-21T00:19:05Z,1032,9,1,10,0,0,1,1,1,1781999911
2026-06-21T00:19:05Z,1033,6,0,13,0,0,1,1,1,1782001097
2026-06-21T00:19:05Z,1034,2,0,13,0,0,1,1,1,1782001065
2026-06-21T00:19:05Z,1035,1,0,17,1,0,1,1,1,1781999727
2026-06-21T00:19:05Z,1036,11,0,3,1,0,1,1,1,1782000274
2026-06-21T00:19:05Z,1037,3,0,16,0,0,1,1,1,1782000138
2026-06-21T00:19:05Z,1038,4,0,11,0,0,1,1,1,1781999567
2026-06-21T00:19:05Z,1039,5,2,14,0,0,1,1,1,1782000149
2026-06-21T00:19:05Z,1040,16,5,3,0,0,1,1,1,1782000315
2026-06-21T00:19:05Z,1041,5,1,14,0,0,1,1,1,1781999957
2026-06-21T00:19:05Z,1042,8,0,7,0,0,1,1,1,1782001109
2026-06-21T00:19:05Z,1043,11,7,8,0,0,1,1,1,1782000262
2026-06-21T00:19:05Z,1044,4,1,11,0,0,1,1,1,1782000684
2026-06-21T00:19:05Z,1045,3,0,16,0,0,1,1,1,1781999737
2026-06-21T00:19:05Z,1046,8,1,4,3,0,1,1,1,1781999354
2026-06-21T00:19:05Z,1047,7,3,14,0,0,1,1,1,1781999329
2026-06-21T00:19:05Z,1048,0,0,19,0,0,1,1,1,1781999781
2026-06-21T00:19:05Z,1049,1,0,20,0,0,1,1,1,1781999342
2026-06-21T00:19:05Z,1050,8,0,13,0,0,1,1,1,1782000115
2026-06-21T00:19:05Z,1051,4,0,17,0,0,1,1,1,1782000839
2026-06-21T00:19:05Z,1052,6,2,16,0,0,1,1,1,1781999767
2026-06-21T00:19:05Z,1053,1,0,14,0,0,1,1,1,1781999597
2026-06-21T00:19:05Z,1054,8,4,6,1,0,1,1,1,1782000360
2026-06-21T00:19:05Z,1055,2,1,17,0,0,1,1,1,1782000749
2026-06-21T00:19:05Z,1057,6,0,13,0,0,1,1,1,1782001006
2026-06-21T00:19:05Z,1058,14,0,42,0,0,1,1,1,1782001027
2026-06-21T00:19:05Z,1059,2,0,16,1,0,1,1,1,1782000871
2026-06-21T00:19:05Z,1060,31,0,5,0,0,1,1,1,1782001108
2026-06-21T00:19:05Z,1061,22,0,15,0,0,1,1,1,1782000212
2026-06-21T00:19:05Z,1062,5,0,12,0,0,1,1,1,1781999665
2026-06-21T00:19:05Z,1063,14,2,3,2,0,1,1,1,1781999940
2026-06-21T00:19:05Z,1064,10,3,13,0,0,1,1,1,1782000455
2026-06-21T00:19:05Z,1065,9,4,14,0,0,1,1,1,1782000407
2026-06-21T00:19:05Z,1066,7,0,16,0,0,1,1,1,1782001108
2026-06-21T00:19:05Z,1067,14,3,9,0,0,1,1,1,1782000940
2026-06-21T00:19:05Z,1068,11,2,11,1,0,1,1,1,1782000660
2026-06-21T00:19:05Z,1069,3,0,19,1,0,1,1,1,1781999606
2026-06-21T00:19:05Z,1070,10,0,13,0,0,1,1,1,1781995069
2026-06-21T00:19:05Z,1071,7,1,16,0,0,1,1,1,1782000315
2026-06-21T00:19:05Z,1072,8,0,13,2,0,1,1,1,1782000682
2026-06-21T00:19:05Z,1073,21,1,6,0,0,1,1,1,1782000642
2026-06-21T00:19:05Z,1074,0,0,52,1,0,1,1,1,1782001118
2026-06-21T00:19:05Z,1075,14,11,6,1,0,1,1,1,1782000919
2026-06-21T00:19:05Z,1076,10,5,10,1,0,1,1,1,1781999400
2026-06-21T00:19:05Z,1077,9,8,12,0,0,1,1,1,1782000408
2026-06-21T00:19:05Z,1078,12,7,9,0,0,1,1,1,1782001002
2026-06-21T00:19:05Z,1079,8,7,13,0,0,1,1,1,1782000668
2026-06-21T00:19:05Z,1080,12,8,9,0,0,1,1,1,1782000456
2026-06-21T00:19:05Z,1081,12,9,7,0,0,1,1,1,1782000955
2026-06-21T00:19:05Z,1082,13,10,9,1,0,1,1,1,1782000821
2026-06-21T00:19:05Z,1083,11,9,10,0,0,1,1,1,1782000580
2026-06-21T00:19:05Z,1084,9,7,12,0,0,1,1,1,1782000495
2026-06-21T00:19:05Z,1085,16,11,5,0,0,1,1,1,1782000689
2026-06-21T00:19:05Z,1086,15,11,6,0,0,1,1,1,1782000618
2026-06-21T00:19:05Z,1087,10,9,5,0,0,1,1,1,1782000005
2026-06-21T00:19:05Z,1088,8,5,7,0,0,1,1,1,1782000972
2026-06-21T00:19:05Z,1089,7,7,8,0,0,1,1,1,1782000470
2026-06-21T00:19:05Z,1090,8,8,7,0,0,1,1,1,1782000539
2026-06-21T00:19:05Z,1091,7,6,8,0,0,1,1,1,1781999576
2026-06-21T00:19:05Z,1092,6,6,9,0,0,1,1,1,1782000320
2026-06-21T00:19:05Z,1093,7,6,8,0,0,1,1,1,1782000070
2026-06-21T00:19:05Z,1094,13,11,6,0,0,1,1,1,1782001034
2026-06-21T00:19:05Z,1095,6,6,9,0,0,1,1,1,1781999699
2026-06-21T00:19:05Z,1096,9,7,10,0,0,1,1,1,1781999643
2026-06-21T00:19:05Z,1097,7,6,8,0,0,1,1,1,1782000456
2026-06-21T00:19:05Z,1098,10,10,9,0,0,1,1,1,1782000833
2026-06-21T00:19:05Z,1099,6,6,9,0,0,1,1,1,1782000146
2026-06-21T00:19:05Z,1100,13,7,16,0,0,1,1,1,1781999464
2026-06-21T00:19:05Z,1101,11,6,10,0,0,1,1,1,1781999544
2026-06-21T00:19:05Z,1102,10,6,3,0,0,1,1,1,1782000048
2026-06-21T00:19:05Z,1103,9,5,11,1,0,1,1,1,1782000817
2026-06-21T00:19:05Z,1104,10,5,11,0,0,1,1,1,1781999536
2026-06-21T00:19:05Z,1105,9,5,3,1,0,1,1,1,1781999855
2026-06-21T00:19:05Z,1106,8,4,13,0,0,1,1,1,1781999818
2026-06-21T00:19:05Z,1107,11,6,4,0,0,1,1,1,1781999352
2026-06-21T00:19:05Z,1108,7,2,20,0,0,1,1,1,1781999715
2026-06-21T00:19:05Z,1109,9,4,6,0,0,1,1,1,1781999645
2026-06-21T00:19:05Z,1110,16,5,4,1,0,1,1,1,1781999774
2026-06-21T00:19:05Z,1111,13,0,8,0,0,1,1,1,1782000766
2026-06-21T00:19:05Z,1112,26,0,27,0,0,1,1,1,1782000141
2026-06-21T00:19:05Z,1113,2,0,19,0,0,1,1,1,1782001017
2026-06-21T00:19:05Z,1115,8,1,15,0,0,1,1,1,1782000519
2026-06-21T00:19:05Z,1116,3,2,16,0,0,1,1,1,1781999661
2026-06-21T00:19:05Z,1117,19,6,3,1,0,1,1,1,1782000693
2026-06-21T00:19:05Z,1118,9,1,11,1,0,1,1,1,1782001085
2026-06-21T00:19:05Z,1119,7,1,10,0,0,1,1,1,1782000129
2026-06-21T00:19:05Z,1120,6,2,13,0,0,1,1,1,1782000066
2026-06-21T00:19:05Z,1121,3,1,17,1,0,1,1,1,1782000849
2026-06-21T00:19:05Z,1122,14,2,6,1,0,1,1,1,1781999737
2026-06-21T00:19:05Z,1123,1,0,21,1,0,1,1,1,1782001047
2026-06-21T00:19:05Z,1124,0,0,14,1,0,1,1,1,1782000720
2026-06-21T00:19:05Z,1125,9,5,14,0,0,1,1,1,1782000249
2026-06-21T00:19:05Z,1126,7,2,14,0,0,1,1,1,1782000694
2026-06-21T00:19:05Z,1127,15,1,4,0,0,1,1,1,1781999757
2026-06-21T00:19:05Z,1128,7,1,7,1,0,1,1,1,1782000999
2026-06-21T00:19:05Z,1129,3,0,18,0,0,1,1,1,1782000199
2026-06-21T00:19:05Z,1130,0,0,14,1,0,1,1,1,1782001091
2026-06-21T00:19:05Z,1131,0,0,49,0,0,1,1,1,1781999651
2026-06-21T00:19:05Z,1132,16,4,4,1,0,1,1,1,1782001024
2026-06-21T00:19:05Z,1133,2,1,19,0,0,1,1,1,1782001051
2026-06-21T00:19:05Z,1134,12,7,7,0,0,1,1,1,1782000254
2026-06-21T00:19:05Z,1135,10,5,11,0,0,1,1,1,1781999776
2026-06-21T00:19:05Z,1136,11,1,12,0,0,1,1,1,1782001054
2026-06-21T00:19:05Z,1137,7,6,8,0,0,1,1,1,1782001109
2026-06-21T00:19:05Z,1138,13,0,6,0,0,1,1,1,1781999345
2026-06-21T00:19:05Z,1139,13,0,7,1,0,1,1,1,1782000035
2026-06-21T00:19:05Z,1140,15,0,7,1,0,1,1,1,1782000848
2026-06-21T00:19:05Z,1141,11,1,10,0,0,1,1,1,1782001129
2026-06-21T00:19:05Z,1142,1,0,20,0,0,1,1,1,1782000073
2026-06-21T00:19:05Z,1143,0,0,28,1,0,1,1,1,1782000806
2026-06-21T00:19:05Z,1144,4,1,17,0,0,1,1,1,1782001027
2026-06-21T00:19:05Z,1145,5,0,15,1,0,1,1,1,1781999579
2026-06-21T00:19:05Z,1146,7,1,8,4,0,1,1,1,1782001075
2026-06-21T00:19:05Z,1147,7,2,12,0,0,1,1,1,1781999799
2026-06-21T00:19:05Z,1148,12,0,16,3,0,1,1,1,1782000557
2026-06-21T00:19:05Z,1149,15,11,10,0,0,1,1,1,1781999560
2026-06-21T00:19:05Z,1150,4,0,15,0,0,1,1,1,1782000288
2026-06-21T00:19:05Z,1151,2,0,19,0,0,1,1,1,1782000541
2026-06-21T00:19:05Z,1152,8,3,21,0,0,1,1,1,1782001131
2026-06-21T00:19:05Z,1153,6,1,17,0,0,1,1,1,1782000786
2026-06-21T00:19:05Z,1154,13,3,5,1,0,1,1,1,1781999383
2026-06-21T00:19:05Z,1155,13,9,5,3,0,1,1,1,1782000698
2026-06-21T00:19:05Z,1158,10,1,9,0,0,1,1,1,1781999737
2026-06-21T00:19:05Z,1159,14,4,4,1,0,1,1,1,1782000648
2026-06-21T00:19:05Z,1160,9,1,10,0,0,1,1,1,1781999999
2026-06-21T00:19:05Z,1161,4,2,15,0,0,1,1,1,1782000106
2026-06-21T00:19:05Z,1162,7,0,12,0,0,1,1,1,1782001089
2026-06-21T00:19:05Z,1163,3,2,16,0,0,1,1,1,1781999477
2026-06-21T00:19:05Z,1164,8,2,10,1,0,1,1,1,1781999888
2026-06-21T00:19:05Z,1165,2,0,19,0,0,1,1,1,1782000294
2026-06-21T00:19:05Z,1166,5,0,15,1,0,1,1,1,1781999865
2026-06-21T00:19:05Z,1167,1,0,13,1,0,1,1,1,1781999528
2026-06-21T00:19:05Z,1168,6,0,17,0,0,1,1,1,1782000501
2026-06-21T00:19:05Z,1169,11,9,8,0,0,1,1,1,1782000761
2026-06-21T00:19:05Z,1170,2,0,19,0,0,1,1,1,1781999859
2026-06-21T00:19:05Z,1171,15,6,8,0,0,1,1,1,1782000794
2026-06-21T00:19:05Z,1172,10,1,5,0,0,1,1,1,1781999352
2026-06-21T00:19:05Z,1173,5,0,14,0,0,1,1,1,1782000533
2026-06-21T00:19:05Z,1174,1,1,14,0,0,1,1,1,1782001114
2026-06-21T00:19:05Z,1175,6,1,13,0,0,1,1,1,1782000568
2026-06-21T00:19:05Z,1176,11,0,9,1,0,1,1,1,1782000227
2026-06-21T00:19:05Z,1177,10,1,11,0,0,1,1,1,1782000849
2026-06-21T00:19:05Z,1178,5,0,10,0,0,1,1,1,1782001127
2026-06-21T00:19:05Z,1181,9,2,6,0,0,1,1,1,1782000544
2026-06-21T00:19:05Z,1182,14,0,5,1,0,1,1,1,1782000852
2026-06-21T00:19:05Z,1183,1,1,36,0,0,1,1,1,1782000435
2026-06-21T00:19:05Z,1184,5,0,14,2,0,1,1,1,1782001134
2026-06-21T00:19:05Z,1185,10,4,11,0,0,1,1,1,1781999537
2026-06-21T00:19:05Z,1186,10,5,9,0,0,1,1,1,1781999738
2026-06-21T00:19:05Z,1190,11,6,10,0,0,1,1,1,1781999916
2026-06-21T00:19:05Z,1192,9,5,12,0,0,1,1,1,1781999864
2026-06-21T00:19:05Z,1193,6,4,7,0,0,1,1,1,1782000790
2026-06-21T00:19:05Z,1197,7,4,9,1,0,1,1,1,1782000353
2026-06-21T00:19:05Z,1198,11,8,10,0,0,1,1,1,1782000433
2026-06-21T00:19:05Z,1199,10,7,9,0,0,1,1,1,1782000004
2026-06-21T00:19:05Z,1224,0,0,3,0,0,0,1,1,1781869449
2026-06-21T00:19:05Z,1225,0,0,3,0,0,0,1,1,1781868919
2026-06-21T00:19:05Z,1226,0,0,3,0,0,0,1,1,1781868931
2026-06-21T00:24:05Z,1,14,1,8,1,0,1,1,1,1782001239
2026-06-21T00:24:05Z,2,10,0,17,0,0,1,1,1,1782001419
2026-06-21T00:24:05Z,3,19,3,0,0,0,1,1,1,1782000933
2026-06-21T00:24:05Z,4,8,0,15,0,0,1,1,1,1781997490
2026-06-21T00:24:05Z,5,3,0,19,1,0,1,1,1,1782001264
2026-06-21T00:24:05Z,6,7,0,8,0,0,1,1,1,1782000639
2026-06-21T00:24:05Z,7,19,1,4,0,0,1,1,1,1782001313
2026-06-21T00:24:05Z,8,13,1,30,0,0,1,1,1,1782001181
2026-06-21T00:24:05Z,9,23,0,0,0,0,1,1,1,1781999344
2026-06-21T00:24:05Z,10,12,8,7,4,0,1,1,1,1782001317
2026-06-21T00:24:05Z,11,2,2,17,0,0,1,1,1,1782001115
2026-06-21T00:24:05Z,12,4,0,19,0,0,1,1,1,1781999631
2026-06-21T00:24:05Z,13,17,1,13,1,0,1,1,1,1782000795
2026-06-21T00:24:05Z,14,24,2,19,0,0,1,1,1,1782001371
2026-06-21T00:24:05Z,15,14,10,0,1,0,1,1,1,1782001130
2026-06-21T00:24:05Z,16,3,3,24,0,0,1,1,1,1781983361
2026-06-21T00:24:05Z,17,12,0,14,1,0,1,1,1,1782001400
2026-06-21T00:24:05Z,18,1,0,18,0,0,1,1,1,1782000413
2026-06-21T00:24:05Z,19,15,1,12,0,0,1,1,1,1782001428
2026-06-21T00:24:05Z,20,12,0,14,1,0,1,1,1,1782001416
2026-06-21T00:24:05Z,21,16,0,3,0,0,1,1,1,1782001116
2026-06-21T00:24:05Z,22,7,0,59,0,0,1,1,1,1782000994
2026-06-21T00:24:05Z,23,21,2,9,1,0,1,1,1,1782000685
2026-06-21T00:24:05Z,24,1,0,8,2,0,1,1,1,1782001436
2026-06-21T00:24:05Z,25,54,0,25,2,0,1,1,1,1782001437
2026-06-21T00:24:05Z,26,19,0,8,0,0,1,1,1,1782001434
2026-06-21T00:24:05Z,28,0,0,14,1,0,1,1,1,1781997654
2026-06-21T00:24:05Z,30,3,0,25,1,0,1,1,1,1782000457
2026-06-21T00:24:05Z,31,19,0,0,0,0,1,1,1,1781999370
2026-06-21T00:24:05Z,32,18,0,9,0,0,1,1,1,1781999882
2026-06-21T00:24:05Z,34,11,2,25,1,0,1,1,1,1781999927
2026-06-21T00:24:05Z,35,24,4,22,1,0,1,1,1,1782001319
2026-06-21T00:24:05Z,36,0,0,0,0,0,0,1,1,86400
2026-06-21T00:24:05Z,37,12,0,11,0,0,1,1,1,1782000932
2026-06-21T00:24:05Z,38,6,0,17,0,0,1,1,1,1782001125
2026-06-21T00:24:05Z,39,21,0,10,0,0,1,1,1,1782001330
2026-06-21T00:24:05Z,40,8,0,13,0,0,1,1,1,1781999723
2026-06-21T00:24:05Z,41,1,1,25,1,0,1,1,1,1782000309
2026-06-21T00:24:05Z,42,24,7,7,0,0,1,1,1,1782000243
2026-06-21T00:24:05Z,43,13,1,9,1,0,1,1,1,1782001263
2026-06-21T00:24:05Z,45,1,0,30,0,0,1,1,1,1782000483
2026-06-21T00:24:05Z,46,22,3,7,2,0,1,1,1,1782001022
2026-06-21T00:24:05Z,47,6,6,9,0,0,1,1,1,1782000460
2026-06-21T00:24:05Z,48,2,0,25,0,0,1,1,1,1782000755
2026-06-21T00:24:05Z,49,4,0,15,3,1,1,1,1,1782001398
2026-06-21T00:24:05Z,50,4,2,15,0,0,1,1,1,1782001133
2026-06-21T00:24:05Z,51,0,0,79,0,0,1,1,1,1781985992
2026-06-21T00:24:05Z,52,25,2,0,2,0,1,1,1,1782001178
2026-06-21T00:24:05Z,55,7,1,15,1,0,1,1,1,1782001277
2026-06-21T00:24:05Z,56,3,0,24,0,0,1,1,1,1782000568
2026-06-21T00:24:05Z,57,14,0,11,2,0,1,1,1,1782001294
2026-06-21T00:24:05Z,58,16,15,11,1,0,1,1,1,1782000921
2026-06-21T00:24:05Z,59,4,0,23,0,0,1,1,1,1782001361
2026-06-21T00:24:05Z,61,1,0,38,0,0,1,1,1,1782000240
2026-06-21T00:24:05Z,62,14,4,34,1,0,1,1,1,1782001302
2026-06-21T00:24:05Z,63,12,2,6,1,0,1,1,1,1782001431
2026-06-21T00:24:05Z,64,8,0,11,0,0,1,1,1,1782000149
2026-06-21T00:24:05Z,65,4,2,14,1,0,1,1,1,1781995943
2026-06-21T00:24:05Z,67,7,1,32,0,0,1,1,1,1782000127
2026-06-21T00:24:05Z,68,32,1,4,1,0,1,1,1,1782001033
2026-06-21T00:24:05Z,69,3,0,12,0,0,1,1,1,1782000147
2026-06-21T00:24:05Z,71,16,1,10,1,0,1,1,1,1782001126
2026-06-21T00:24:05Z,72,20,1,10,1,0,1,1,1,1782001178
2026-06-21T00:24:05Z,73,8,0,15,0,0,1,1,1,1782000987
2026-06-21T00:24:05Z,74,6,2,12,0,1,1,1,1,1782001144
2026-06-21T00:24:05Z,75,26,2,8,1,0,1,1,1,1782001272
2026-06-21T00:24:05Z,76,19,0,0,0,0,1,1,1,1781999776
2026-06-21T00:24:05Z,77,3,0,23,1,0,1,1,1,1782001222
2026-06-21T00:24:05Z,78,15,4,6,2,0,1,1,1,1782000088
2026-06-21T00:24:05Z,79,10,0,7,0,0,1,1,1,1782001334
2026-06-21T00:24:05Z,80,2,0,19,1,1,1,1,1,1782001265
2026-06-21T00:24:05Z,81,26,3,5,0,0,1,1,1,1782001333
2026-06-21T00:24:05Z,82,22,10,0,1,0,1,1,1,1781999762
2026-06-21T00:24:05Z,83,23,3,7,4,0,1,1,1,1782001438
2026-06-21T00:24:05Z,84,21,0,4,2,0,1,1,1,1781999338
2026-06-21T00:24:05Z,85,7,1,12,0,0,1,1,1,1782001166
2026-06-21T00:24:05Z,86,15,2,12,0,0,1,1,1,1782000480
2026-06-21T00:24:05Z,87,1,1,17,1,0,1,1,1,1781999536
2026-06-21T00:24:05Z,88,29,1,0,2,0,1,1,1,1782001350
2026-06-21T00:24:05Z,89,35,0,0,0,0,1,1,1,1781993365
2026-06-21T00:24:05Z,90,12,1,5,2,0,1,1,1,1782000674
2026-06-21T00:24:05Z,91,2,1,14,1,0,1,1,1,1781998383
2026-06-21T00:24:05Z,92,0,0,18,1,0,1,1,1,1782001344
2026-06-21T00:24:05Z,93,11,1,12,0,0,1,1,1,1782001043
2026-06-21T00:24:05Z,94,13,0,5,1,0,1,1,1,1781997262
2026-06-21T00:24:05Z,95,26,1,5,3,0,1,1,1,1782001436
2026-06-21T00:24:05Z,96,22,0,9,0,0,1,1,1,1782000550
2026-06-21T00:24:05Z,97,2,0,15,0,0,1,1,1,1782000588
2026-06-21T00:24:05Z,98,27,1,5,3,0,1,1,1,1782000953
2026-06-21T00:24:05Z,99,3,0,12,0,0,1,1,1,1781998131
2026-06-21T00:24:05Z,100,0,0,27,0,0,1,1,1,1782000071
2026-06-21T00:24:05Z,101,9,0,5,1,0,1,1,1,1782001243
2026-06-21T00:24:05Z,102,16,0,7,0,0,1,1,1,1782001108
2026-06-21T00:24:05Z,103,2,1,27,3,0,1,1,1,1782001148
2026-06-21T00:24:05Z,104,10,0,15,1,1,1,1,1,1782001354
2026-06-21T00:24:05Z,105,0,0,19,0,0,1,1,1,1781999583
2026-06-21T00:24:05Z,106,21,1,0,0,0,1,1,1,1781997920
2026-06-21T00:24:05Z,107,4,0,32,1,0,1,1,1,1782001355
2026-06-21T00:24:05Z,108,2,1,33,0,0,1,1,1,1782001301
2026-06-21T00:24:05Z,109,12,0,11,0,0,1,1,1,1782001414
2026-06-21T00:24:05Z,110,12,0,11,0,0,1,1,1,1781999285
2026-06-21T00:24:05Z,111,36,0,0,0,0,1,1,1,1782001375
2026-06-21T00:24:05Z,112,2,0,14,3,0,1,1,1,1782001127
2026-06-21T00:24:05Z,113,10,0,9,0,0,1,1,1,1782000765
2026-06-21T00:24:05Z,114,13,0,17,1,0,1,1,1,1782001249
2026-06-21T00:24:05Z,115,0,0,23,2,1,1,1,1,1782001353
2026-06-21T00:24:05Z,116,18,7,9,0,0,1,1,1,1782000103
2026-06-21T00:24:05Z,118,3,1,20,0,0,1,1,1,1782000174
2026-06-21T00:24:05Z,119,13,0,22,4,0,1,1,1,1782001437
2026-06-21T00:24:05Z,120,16,0,10,1,0,1,1,1,1782000787
2026-06-21T00:24:05Z,121,5,4,12,2,0,1,1,1,1782001362
2026-06-21T00:24:05Z,122,17,4,0,4,0,1,1,1,1782001198
2026-06-21T00:24:05Z,123,37,4,10,0,0,1,1,1,1782000718
2026-06-21T00:24:05Z,124,20,2,7,0,0,1,1,1,1782001411
2026-06-21T00:24:05Z,125,17,3,5,1,0,1,1,1,1782000864
2026-06-21T00:24:05Z,126,15,1,16,0,0,1,1,1,1781997507
2026-06-21T00:24:05Z,127,24,5,7,0,0,1,1,1,1782001402
2026-06-21T00:24:05Z,128,13,4,2,4,0,1,1,1,1782001010
2026-06-21T00:24:05Z,129,2,0,15,2,0,1,1,1,1782001264
2026-06-21T00:24:05Z,130,0,0,16,1,0,1,1,1,1782000288
2026-06-21T00:24:05Z,131,11,2,0,0,0,1,1,1,1781997891
2026-06-21T00:24:05Z,132,4,0,9,1,1,1,1,1,1782001261
2026-06-21T00:24:05Z,133,9,2,14,0,0,1,1,1,1782001354
2026-06-21T00:24:05Z,134,3,0,18,0,0,1,1,1,1782001263
2026-06-21T00:24:05Z,135,5,1,13,1,0,1,1,1,1782001263
2026-06-21T00:24:05Z,136,2,1,20,0,0,1,1,1,1782000488
2026-06-21T00:24:05Z,137,13,1,5,1,0,1,1,1,1782001156
2026-06-21T00:24:05Z,138,25,0,12,0,0,1,1,1,1782000299
2026-06-21T00:24:05Z,139,3,0,16,0,0,1,1,1,1782001401
2026-06-21T00:24:05Z,140,2,0,20,1,0,1,1,1,1782001033
2026-06-21T00:24:05Z,141,1,0,21,0,0,1,1,1,1782001295
2026-06-21T00:24:05Z,142,1,0,18,0,0,1,1,1,1782000777
2026-06-21T00:24:05Z,143,22,0,9,0,0,1,1,1,1782001397
2026-06-21T00:24:05Z,144,22,0,5,0,0,1,1,1,1782000986
2026-06-21T00:24:05Z,145,23,1,7,1,0,1,1,1,1782001253
2026-06-21T00:24:05Z,146,22,1,1,0,0,1,1,1,1782001103
2026-06-21T00:24:05Z,147,12,1,6,1,0,1,1,1,1782001405
2026-06-21T00:24:05Z,148,14,3,13,0,0,1,1,1,1782000647
2026-06-21T00:24:05Z,149,11,2,8,0,0,1,1,1,1782001238
2026-06-21T00:24:05Z,150,3,0,31,1,0,1,1,1,1782001064
2026-06-21T00:24:05Z,151,6,2,16,1,0,1,1,1,1782001309
2026-06-21T00:24:05Z,152,0,0,0,0,0,1,1,1,86400
2026-06-21T00:24:05Z,153,2,0,18,3,0,1,1,1,1782001419
2026-06-21T00:24:05Z,154,0,0,21,2,0,1,1,1,1782001399
2026-06-21T00:24:05Z,155,4,0,8,2,0,1,1,1,1782000698
2026-06-21T00:24:05Z,156,14,4,5,0,0,1,1,1,1782001230
2026-06-21T00:24:05Z,157,10,1,17,0,0,1,1,1,1782001328
2026-06-21T00:24:05Z,158,10,0,9,0,0,1,1,1,1782000839
2026-06-21T00:24:05Z,159,7,7,9,3,0,1,1,1,1782000443
2026-06-21T00:24:05Z,160,9,0,9,1,0,1,1,1,1782001272
2026-06-21T00:24:05Z,161,0,0,18,2,0,1,1,1,1782001095
2026-06-21T00:24:05Z,162,26,0,1,0,0,1,1,1,1782001241
2026-06-21T00:24:05Z,163,5,1,26,0,0,1,1,1,1782001305
2026-06-21T00:24:05Z,164,3,0,24,0,0,1,1,1,1782001435
2026-06-21T00:24:05Z,165,25,2,5,1,0,1,1,1,1782001057
2026-06-21T00:24:05Z,166,18,4,20,0,0,1,1,1,1782001362
2026-06-21T00:24:05Z,167,0,0,22,0,1,1,1,1,1782001310
2026-06-21T00:24:05Z,168,12,1,14,0,1,1,1,1,1782001265
2026-06-21T00:24:05Z,169,10,0,13,0,0,1,1,1,1782001313
2026-06-21T00:24:05Z,170,16,2,2,1,0,1,1,1,1782000596
2026-06-21T00:24:05Z,171,4,1,8,1,0,1,1,1,1781993294
2026-06-21T00:24:05Z,173,35,1,2,0,0,1,1,1,1782001070
2026-06-21T00:24:05Z,174,17,1,8,0,0,1,1,1,1782001332
2026-06-21T00:24:05Z,175,31,0,0,0,0,1,1,1,1782001297
2026-06-21T00:24:05Z,176,1,1,13,0,1,1,1,1,1782001286
2026-06-21T00:24:05Z,177,22,1,5,0,0,1,1,1,1782001260
2026-06-21T00:24:05Z,178,2,1,8,6,0,1,1,1,1782001428
2026-06-21T00:24:05Z,179,11,1,4,0,0,1,1,1,1782001182
2026-06-21T00:24:05Z,180,3,0,26,1,0,1,1,1,1781999490
2026-06-21T00:24:05Z,181,8,0,6,0,1,1,1,1,1782001429
2026-06-21T00:24:05Z,182,13,3,5,1,0,1,1,1,1782001427
2026-06-21T00:24:05Z,183,13,1,9,0,0,1,1,1,1782001290
2026-06-21T00:24:05Z,184,12,1,8,3,0,1,1,1,1782001277
2026-06-21T00:24:05Z,185,5,2,7,2,1,1,1,1,1782001243
2026-06-21T00:24:05Z,186,15,1,4,0,0,1,1,1,1782001285
2026-06-21T00:24:05Z,187,7,0,21,1,0,1,1,1,1782001255
2026-06-21T00:24:05Z,188,7,1,19,1,0,1,1,1,1782001031
2026-06-21T00:24:05Z,189,3,2,12,0,0,1,1,1,1782000487
2026-06-21T00:24:05Z,190,3,0,20,0,0,1,1,1,1782000770
2026-06-21T00:24:05Z,191,23,15,14,1,1,1,1,1,1782001170
2026-06-21T00:24:05Z,192,24,0,6,1,0,1,1,1,1782001420
2026-06-21T00:24:05Z,193,6,1,8,1,0,1,1,1,1782001425
2026-06-21T00:24:05Z,194,7,5,7,1,0,1,1,1,1782000118
2026-06-21T00:24:05Z,195,6,4,13,0,0,1,1,1,1782001434
2026-06-21T00:24:05Z,196,20,3,3,4,0,1,1,1,1782001424
2026-06-21T00:24:05Z,197,3,0,16,0,0,1,1,1,1782000711
2026-06-21T00:24:05Z,198,16,0,5,1,0,1,1,1,1782000441
2026-06-21T00:24:05Z,199,9,7,5,0,1,1,1,1,1781999871
2026-06-21T00:24:05Z,200,16,0,9,1,0,1,1,1,1782001032
2026-06-21T00:24:05Z,201,6,3,16,1,0,1,1,1,1782001426
2026-06-21T00:24:05Z,202,25,0,1,0,0,1,1,1,1782001339
2026-06-21T00:24:05Z,203,31,2,0,0,0,1,1,1,1782000680
2026-06-21T00:24:05Z,204,34,9,1,0,0,1,1,1,1782001430
2026-06-21T00:24:05Z,205,14,0,13,0,0,1,1,1,1782000747
2026-06-21T00:24:05Z,206,3,3,11,1,0,1,1,1,1782000532
2026-06-21T00:24:05Z,207,3,0,18,0,0,1,1,1,1782000946
2026-06-21T00:24:05Z,208,2,0,26,1,0,1,1,1,1781999845
2026-06-21T00:24:05Z,209,15,4,15,1,0,1,1,1,1782001430
2026-06-21T00:24:05Z,210,19,2,8,0,0,1,1,1,1782001368
2026-06-21T00:24:05Z,211,7,7,16,0,0,1,1,1,1782001311
2026-06-21T00:24:05Z,212,32,4,3,0,0,1,1,1,1782001175
2026-06-21T00:24:05Z,213,23,3,0,0,0,1,1,1,1781999568
2026-06-21T00:24:05Z,214,34,9,12,1,0,1,1,1,1782000944
2026-06-21T00:24:05Z,215,17,6,6,0,0,1,1,1,1782000858
2026-06-21T00:24:05Z,216,10,0,9,0,0,1,1,1,1782001141
2026-06-21T00:24:05Z,217,25,1,4,0,0,1,1,1,1782000955
2026-06-21T00:24:05Z,218,30,6,5,4,0,1,1,1,1782001382
2026-06-21T00:24:05Z,219,3,1,23,0,0,1,1,1,1782000911
2026-06-21T00:24:05Z,220,26,12,16,1,0,1,1,1,1781999701
2026-06-21T00:24:05Z,221,0,0,13,1,0,1,1,1,1781999680
2026-06-21T00:24:05Z,222,7,1,12,0,0,1,1,1,1782001326
2026-06-21T00:24:05Z,223,9,3,23,3,0,1,1,1,1782001226
2026-06-21T00:24:05Z,224,6,5,16,0,0,1,1,1,1782001406
2026-06-21T00:24:05Z,225,2,0,16,1,0,1,1,1,1781999698
2026-06-21T00:24:05Z,226,20,9,10,0,1,1,1,1,1782001404
2026-06-21T00:24:05Z,227,11,8,15,1,0,1,1,1,1782001243
2026-06-21T00:24:05Z,228,9,4,9,1,0,1,1,1,1782000786
2026-06-21T00:24:05Z,230,5,0,18,0,0,1,1,1,1782001436
2026-06-21T00:24:05Z,232,1,0,16,2,0,1,1,1,1782000079
2026-06-21T00:24:05Z,233,14,12,16,1,0,1,1,1,1782000137
2026-06-21T00:24:05Z,234,8,0,10,1,0,1,1,1,1782000816
2026-06-21T00:24:05Z,236,16,7,3,0,0,1,1,1,1782000170
2026-06-21T00:24:05Z,237,6,0,16,1,0,1,1,1,1782001026
2026-06-21T00:24:05Z,239,22,16,5,0,0,1,1,1,1782001305
2026-06-21T00:24:05Z,241,18,2,5,0,0,1,1,1,1781999563
2026-06-21T00:24:05Z,242,16,4,6,1,0,1,1,1,1782000140
2026-06-21T00:24:05Z,243,16,3,13,2,0,1,1,1,1782001087
2026-06-21T00:24:05Z,244,26,3,1,0,0,1,1,1,1782001395
2026-06-21T00:24:05Z,245,17,1,5,1,0,1,1,1,1782001206
2026-06-21T00:24:05Z,246,7,5,14,2,0,1,1,1,1781999380
2026-06-21T00:24:05Z,247,22,2,0,1,0,1,1,1,1781998528
2026-06-21T00:24:05Z,248,10,7,10,3,0,1,1,1,1782001408
2026-06-21T00:24:05Z,249,12,6,7,0,0,1,1,1,1782000948
2026-06-21T00:24:05Z,250,23,7,3,1,0,1,1,1,1782000136
2026-06-21T00:24:05Z,251,24,11,1,2,0,1,1,1,1782001307
2026-06-21T00:24:05Z,253,12,2,7,0,0,1,1,1,1782000995
2026-06-21T00:24:05Z,254,21,6,22,0,0,1,1,1,1782001198
2026-06-21T00:24:05Z,255,12,1,11,0,0,1,1,1,1782001066
2026-06-21T00:24:05Z,256,1,1,20,2,0,1,1,1,1782001111
2026-06-21T00:24:05Z,257,17,16,1,1,0,1,1,1,1782001332
2026-06-21T00:24:05Z,258,2,1,15,2,0,1,1,1,1782001406
2026-06-21T00:24:05Z,259,12,1,11,0,0,1,1,1,1782000365
2026-06-21T00:24:05Z,260,5,4,11,3,0,1,1,1,1782001067
2026-06-21T00:24:05Z,261,8,1,11,0,0,1,1,1,1782001216
2026-06-21T00:24:05Z,262,10,5,12,1,0,1,1,1,1782001348
2026-06-21T00:24:05Z,263,5,2,10,0,0,1,1,1,1782001183
2026-06-21T00:24:05Z,264,1,0,17,1,0,1,1,1,1782001068
2026-06-21T00:24:05Z,265,6,0,9,0,0,1,1,1,1782000958
2026-06-21T00:24:05Z,266,4,0,15,0,0,1,1,1,1782000602
2026-06-21T00:24:05Z,267,4,0,10,1,0,1,1,1,1781995157
2026-06-21T00:24:05Z,268,8,6,13,2,0,1,1,1,1781999577
2026-06-21T00:24:05Z,269,19,0,3,1,0,1,1,1,1781998263
2026-06-21T00:24:05Z,270,4,0,21,2,0,1,1,1,1782001303
2026-06-21T00:24:05Z,271,7,3,10,1,1,1,1,1,1782001394
2026-06-21T00:24:05Z,272,12,7,11,0,0,1,1,1,1782000074
2026-06-21T00:24:05Z,273,6,6,9,0,0,1,1,1,1782001247
2026-06-21T00:24:05Z,274,8,2,11,0,0,1,1,1,1782000407
2026-06-21T00:24:05Z,275,12,0,10,1,0,1,1,1,1782000984
2026-06-21T00:24:05Z,276,2,1,23,1,1,1,1,1,1782001272
2026-06-21T00:24:05Z,277,19,6,2,2,0,1,1,1,1781998727
2026-06-21T00:24:05Z,278,18,3,12,0,1,1,1,1,1782001382
2026-06-21T00:24:05Z,279,17,7,2,0,0,1,1,1,1782001390
2026-06-21T00:24:05Z,280,1,0,28,2,0,1,1,1,1782001336
2026-06-21T00:24:05Z,281,13,2,10,0,0,1,1,1,1782001382
2026-06-21T00:24:05Z,282,2,0,14,0,0,1,1,1,1782000455
2026-06-21T00:24:05Z,283,15,5,19,1,0,1,1,1,1782001436
2026-06-21T00:24:05Z,284,32,0,3,0,0,1,1,1,1782000377
2026-06-21T00:24:05Z,285,7,6,15,1,0,1,1,1,1782000203
2026-06-21T00:24:05Z,286,12,10,8,3,0,1,1,1,1782001196
2026-06-21T00:24:05Z,287,2,0,20,1,0,1,1,1,1781999485
2026-06-21T00:24:05Z,288,1,0,17,1,0,1,1,1,1782000719
2026-06-21T00:24:05Z,289,14,7,13,0,0,1,1,1,1782001263
2026-06-21T00:24:05Z,290,0,0,36,2,1,0,1,1,1781808916
2026-06-21T00:24:05Z,291,1,0,22,0,0,1,1,1,1782001056
2026-06-21T00:24:05Z,292,7,1,16,0,0,1,1,1,1782001242
2026-06-21T00:24:05Z,293,9,3,12,2,0,1,1,1,1782000933
2026-06-21T00:24:05Z,294,19,10,1,2,0,1,1,1,1782001300
2026-06-21T00:24:05Z,297,5,1,13,1,0,1,1,1,1782000344
2026-06-21T00:24:05Z,301,2,0,16,1,0,1,1,1,1781999943
2026-06-21T00:24:05Z,302,20,6,2,1,0,1,1,1,1782001398
2026-06-21T00:24:05Z,303,3,0,16,0,0,1,1,1,1782001199
2026-06-21T00:24:05Z,304,0,0,0,0,0,0,1,1,86400
2026-06-21T00:24:05Z,305,4,0,15,0,0,1,1,1,1782000901
2026-06-21T00:24:05Z,306,3,1,29,0,0,1,1,1,1782000944
2026-06-21T00:24:05Z,307,2,1,21,0,0,1,1,1,1782001428
2026-06-21T00:24:05Z,308,6,0,13,0,0,1,1,1,1782001121
2026-06-21T00:24:05Z,309,0,0,8,5,1,1,1,1,1782001312
2026-06-21T00:24:05Z,311,1,0,13,1,0,1,1,1,1781999773
2026-06-21T00:24:05Z,312,16,10,4,3,0,1,1,1,1782000215
2026-06-21T00:24:05Z,313,2,0,13,0,0,1,1,1,1781993278
2026-06-21T00:24:05Z,314,7,2,11,1,0,1,1,1,1782001194
2026-06-21T00:24:05Z,315,18,10,11,2,0,1,1,1,1782001426
2026-06-21T00:24:05Z,316,10,0,4,1,0,1,1,1,1782001227
2026-06-21T00:24:05Z,317,24,19,5,1,1,1,1,1,1782001138
2026-06-21T00:24:05Z,318,7,2,10,0,0,1,1,1,1781999657
2026-06-21T00:24:05Z,319,3,1,21,3,0,1,1,1,1782000793
2026-06-21T00:24:05Z,320,1,1,18,0,0,1,1,1,1781994065
2026-06-21T00:24:05Z,321,7,0,12,0,0,1,1,1,1781982767
2026-06-21T00:24:05Z,322,6,0,23,0,0,1,1,1,1782001056
2026-06-21T00:24:05Z,323,9,1,9,1,0,1,1,1,1782001399
2026-06-21T00:24:05Z,324,3,3,24,0,0,1,1,1,1782000575
2026-06-21T00:24:05Z,325,0,0,25,2,0,1,1,1,1781999915
2026-06-21T00:24:05Z,327,0,0,25,0,2,1,1,1,1782000578
2026-06-21T00:24:05Z,328,15,1,7,1,0,1,1,1,1782001240
2026-06-21T00:24:05Z,329,14,0,5,0,0,1,1,1,1782001421
2026-06-21T00:24:05Z,330,6,1,16,0,0,1,1,1,1782000415
2026-06-21T00:24:05Z,331,6,0,17,0,0,1,1,1,1782000933
2026-06-21T00:24:05Z,332,17,4,0,2,0,1,1,1,1782000504
2026-06-21T00:24:05Z,333,5,4,18,0,0,1,1,1,1782000656
2026-06-21T00:24:05Z,334,12,3,10,1,0,1,1,1,1782000862
2026-06-21T00:24:05Z,335,14,0,6,2,1,1,1,1,1782000975
2026-06-21T00:24:05Z,336,8,2,11,0,0,1,1,1,1781999699
2026-06-21T00:24:05Z,337,10,1,10,3,0,1,1,1,1782000846
2026-06-21T00:24:05Z,338,2,1,17,0,0,1,1,1,1781999857
2026-06-21T00:24:05Z,339,16,9,6,1,0,1,1,1,1782001379
2026-06-21T00:24:05Z,340,9,1,5,1,0,1,1,1,1782000326
2026-06-21T00:24:05Z,341,3,2,16,0,0,1,1,1,1782000338
2026-06-21T00:24:05Z,342,14,3,0,1,0,1,1,1,1782000861
2026-06-21T00:24:05Z,343,10,7,13,0,0,1,1,1,1781994317
2026-06-21T00:24:05Z,344,4,0,19,0,0,1,1,1,1782001373
2026-06-21T00:24:05Z,345,3,0,15,1,0,1,1,1,1782001366
2026-06-21T00:24:05Z,346,21,2,2,0,0,1,1,1,1782001120
2026-06-21T00:24:05Z,347,19,1,26,2,0,1,1,1,1782001340
2026-06-21T00:24:05Z,348,12,0,10,1,0,1,1,1,1782001269
2026-06-21T00:24:05Z,349,14,2,4,1,0,1,1,1,1782001158
2026-06-21T00:24:05Z,350,5,0,21,0,1,1,1,1,1782001134
2026-06-21T00:24:05Z,351,1,0,21,1,0,1,1,1,1782001402
2026-06-21T00:24:05Z,355,22,3,1,0,0,1,1,1,1782000399
2026-06-21T00:24:05Z,356,18,4,1,0,0,1,1,1,1782001229
2026-06-21T00:24:05Z,357,2,0,17,0,0,1,1,1,1782000932
2026-06-21T00:24:05Z,358,20,1,7,0,0,1,1,1,1782000403
2026-06-21T00:24:05Z,359,0,0,25,2,0,1,1,1,1782001259
2026-06-21T00:24:05Z,360,4,1,14,1,0,1,1,1,1781998444
2026-06-21T00:24:05Z,362,1,0,17,1,0,1,1,1,1781999608
2026-06-21T00:24:05Z,363,23,3,1,1,1,1,1,1,1782000208
2026-06-21T00:24:05Z,364,2,0,15,1,1,1,1,1,1781999292
2026-06-21T00:24:05Z,365,6,0,16,1,0,1,1,1,1781999407
2026-06-21T00:24:05Z,366,2,2,20,1,0,1,1,1,1781999293
2026-06-21T00:24:05Z,367,14,1,5,0,0,1,1,1,1781999498
2026-06-21T00:24:05Z,368,15,2,8,0,0,1,1,1,1782001399
2026-06-21T00:24:05Z,370,13,6,11,3,0,1,1,1,1782001389
2026-06-21T00:24:05Z,371,4,3,14,1,0,1,1,1,1782000980
2026-06-21T00:24:05Z,372,5,2,10,0,0,1,1,1,1781999916
2026-06-21T00:24:05Z,373,6,1,20,0,0,1,1,1,1781999943
2026-06-21T00:24:05Z,374,1,0,16,0,0,1,1,1,1782000997
2026-06-21T00:24:05Z,375,8,2,19,0,0,1,1,1,1782000917
2026-06-21T00:24:05Z,376,10,1,27,2,0,1,1,1,1782001397
2026-06-21T00:24:05Z,377,7,4,18,2,0,1,1,1,1782000456
2026-06-21T00:24:05Z,378,21,3,1,2,0,1,1,1,1782001436
2026-06-21T00:24:05Z,379,18,3,8,1,0,1,1,1,1782000407
2026-06-21T00:24:05Z,380,13,0,10,0,0,1,1,1,1782000121
2026-06-21T00:24:05Z,381,3,0,19,1,0,1,1,1,1782000450
2026-06-21T00:24:05Z,383,11,2,4,0,0,1,1,1,1781999501
2026-06-21T00:24:05Z,384,9,0,9,1,0,1,1,1,1782000290
2026-06-21T00:24:05Z,385,0,0,18,0,0,1,1,1,1781996557
2026-06-21T00:24:05Z,387,14,1,9,0,0,1,1,1,1782000888
2026-06-21T00:24:05Z,388,28,2,17,3,0,1,1,1,1782001080
2026-06-21T00:24:05Z,389,9,3,5,1,0,1,1,1,1782000691
2026-06-21T00:24:05Z,390,15,0,12,0,0,1,1,1,1782001387
2026-06-21T00:24:05Z,391,10,10,5,0,0,1,1,1,1781999549
2026-06-21T00:24:05Z,392,11,10,7,1,0,1,1,1,1781994275
2026-06-21T00:24:05Z,393,8,8,3,0,0,1,1,1,1781999498
2026-06-21T00:24:05Z,394,9,2,6,0,0,1,1,1,1782001375
2026-06-21T00:24:05Z,396,19,8,22,1,0,1,1,1,1782001210
2026-06-21T00:24:05Z,397,27,6,2,2,0,1,1,1,1782001417
2026-06-21T00:24:05Z,399,8,1,10,0,1,1,1,1,1782001438
2026-06-21T00:24:05Z,400,8,1,13,2,0,1,1,1,1782001401
2026-06-21T00:24:05Z,401,21,1,10,0,0,1,1,1,1782001097
2026-06-21T00:24:05Z,403,10,0,17,3,1,1,1,1,1782001222
2026-06-21T00:24:05Z,404,23,2,0,0,0,1,1,1,1782000997
2026-06-21T00:24:05Z,406,24,8,10,1,0,1,1,1,1782001310
2026-06-21T00:24:05Z,407,4,2,30,0,0,1,1,1,1782000418
2026-06-21T00:24:05Z,408,20,10,13,0,0,1,1,1,1782001103
2026-06-21T00:24:05Z,409,9,2,13,1,0,1,1,1,1782001286
2026-06-21T00:24:05Z,413,17,5,4,2,0,1,1,1,1782001050
2026-06-21T00:24:05Z,414,7,0,7,1,0,1,1,1,1782000801
2026-06-21T00:24:05Z,417,3,3,16,0,0,1,1,1,1782001435
2026-06-21T00:24:05Z,418,6,4,9,0,0,1,1,1,1781999792
2026-06-21T00:24:05Z,419,5,1,17,1,0,1,1,1,1781999168
2026-06-21T00:24:05Z,421,1,0,18,0,0,1,1,1,1782001415
2026-06-21T00:24:05Z,422,8,0,19,0,0,1,1,1,1781995508
2026-06-21T00:24:05Z,423,15,0,8,0,0,1,1,1,1781997700
2026-06-21T00:24:05Z,424,8,2,5,2,0,1,1,1,1782001374
2026-06-21T00:24:05Z,425,22,2,0,0,0,1,1,1,1782000268
2026-06-21T00:24:05Z,426,0,0,35,2,0,1,1,1,1782001295
2026-06-21T00:24:05Z,427,1,0,11,2,1,1,1,1,1782001049
2026-06-21T00:24:05Z,428,2,1,17,0,0,1,1,1,1781999625
2026-06-21T00:24:05Z,429,12,0,11,0,0,1,1,1,1782001392
2026-06-21T00:24:05Z,430,6,0,24,1,0,1,1,1,1782000792
2026-06-21T00:24:05Z,431,2,0,27,2,2,1,1,1,1781997720
2026-06-21T00:24:05Z,432,26,0,2,3,0,1,1,1,1782001115
2026-06-21T00:24:05Z,433,10,1,13,0,0,1,1,1,1781996011
2026-06-21T00:24:05Z,437,10,4,7,2,0,1,1,1,1782001321
2026-06-21T00:24:05Z,438,10,7,8,0,1,1,1,1,1782001358
2026-06-21T00:24:05Z,439,10,7,5,0,0,1,1,1,1782001054
2026-06-21T00:24:05Z,440,6,4,8,1,0,1,1,1,1782001085
2026-06-21T00:24:05Z,441,9,2,0,6,0,1,1,1,1782001159
2026-06-21T00:24:05Z,442,15,3,4,0,0,1,1,1,1782000310
2026-06-21T00:24:05Z,443,7,0,19,1,0,1,1,1,1781977804
2026-06-21T00:24:05Z,444,16,4,7,0,0,1,1,1,1781994533
2026-06-21T00:24:05Z,445,2,2,18,3,0,1,1,1,1782000821
2026-06-21T00:24:05Z,446,4,3,18,1,0,1,1,1,1782000415
2026-06-21T00:24:05Z,447,11,0,9,3,0,1,1,1,1781997401
2026-06-21T00:24:05Z,448,4,2,10,0,1,1,1,1,1781989899
2026-06-21T00:24:05Z,452,8,0,9,2,0,1,1,1,1782000619
2026-06-21T00:24:05Z,453,14,4,1,0,0,1,1,1,1782000059
2026-06-21T00:24:05Z,454,11,0,6,1,1,1,1,1,1782001035
2026-06-21T00:24:05Z,455,11,1,27,0,1,1,1,1,1782001231
2026-06-21T00:24:05Z,456,16,0,6,1,0,1,1,1,1782001435
2026-06-21T00:24:05Z,457,11,0,14,2,0,1,1,1,1782000981
2026-06-21T00:24:05Z,458,4,2,19,0,0,1,1,1,1781999813
2026-06-21T00:24:05Z,459,1,0,14,0,0,1,1,1,1782001248
2026-06-21T00:24:05Z,460,4,0,16,3,0,1,1,1,1782001291
2026-06-21T00:24:05Z,461,8,2,8,2,1,1,1,1,1782001144
2026-06-21T00:24:05Z,462,5,0,14,2,0,1,1,1,1782001222
2026-06-21T00:24:05Z,463,7,0,11,1,0,1,1,1,1781999782
2026-06-21T00:24:05Z,464,2,0,12,0,0,1,1,1,1781999028
2026-06-21T00:24:05Z,465,13,0,1,1,0,1,1,1,1781999998
2026-06-21T00:24:05Z,466,2,0,10,3,0,1,1,1,1781992918
2026-06-21T00:24:05Z,467,9,1,6,0,0,1,1,1,1781999583
2026-06-21T00:24:05Z,468,8,2,11,0,0,1,1,1,1781994188
2026-06-21T00:24:05Z,469,10,0,13,0,0,1,1,1,1781994524
2026-06-21T00:24:05Z,470,4,1,11,0,0,1,1,1,1781999741
2026-06-21T00:24:05Z,471,9,0,18,0,0,1,1,1,1782000243
2026-06-21T00:24:05Z,472,9,5,9,1,0,1,1,1,1782000192
2026-06-21T00:24:05Z,473,3,1,15,1,0,1,1,1,1781993264
2026-06-21T00:24:05Z,474,8,2,10,1,0,1,1,1,1782000962
2026-06-21T00:24:05Z,475,2,1,17,0,0,1,1,1,1782001267
2026-06-21T00:24:05Z,476,3,1,19,1,0,1,1,1,1782001328
2026-06-21T00:24:05Z,477,8,5,6,1,0,1,1,1,1782001069
2026-06-21T00:24:05Z,478,22,0,7,2,0,1,1,1,1782001270
2026-06-21T00:24:05Z,479,2,1,22,2,1,1,1,1,1782001129
2026-06-21T00:24:05Z,480,8,3,7,0,0,1,1,1,1781999273
2026-06-21T00:24:05Z,481,0,0,35,0,0,1,1,1,1781994472
2026-06-21T00:24:05Z,482,15,5,3,1,0,1,1,1,1782001184
2026-06-21T00:24:05Z,483,16,0,10,1,0,1,1,1,1782001147
2026-06-21T00:24:05Z,484,13,3,5,1,0,1,1,1,1782000997
2026-06-21T00:24:05Z,485,8,4,11,0,0,1,1,1,1782000381
2026-06-21T00:24:05Z,486,2,0,25,0,0,1,1,1,1782001277
2026-06-21T00:24:05Z,487,14,2,5,0,0,1,1,1,1781998215
2026-06-21T00:24:05Z,489,0,0,15,0,0,1,1,1,1782001318
2026-06-21T00:24:05Z,490,7,1,7,2,0,1,1,1,1782001436
2026-06-21T00:24:05Z,491,4,0,16,1,0,1,1,1,1782000051
2026-06-21T00:24:05Z,492,5,5,3,3,0,1,1,1,1782001141
2026-06-21T00:24:05Z,493,7,0,20,0,0,1,1,1,1782000321
2026-06-21T00:24:05Z,495,4,2,10,1,0,1,1,1,1782001345
2026-06-21T00:24:05Z,496,4,1,23,0,0,1,1,1,1782001019
2026-06-21T00:24:05Z,497,16,1,3,0,0,1,1,1,1782000890
2026-06-21T00:24:05Z,498,19,1,4,0,0,1,1,1,1782001388
2026-06-21T00:24:05Z,499,1,1,18,0,0,1,1,1,1781998191
2026-06-21T00:24:05Z,500,10,7,4,1,0,1,1,1,1782001313
2026-06-21T00:24:05Z,501,8,1,12,1,0,1,1,1,1782000829
2026-06-21T00:24:05Z,502,8,1,11,0,0,1,1,1,1782000596
2026-06-21T00:24:05Z,503,0,0,31,0,0,1,1,1,1781997969
2026-06-21T00:24:05Z,504,2,1,37,0,0,1,1,1,1782000734
2026-06-21T00:24:05Z,505,0,0,17,0,1,1,1,1,1782001133
2026-06-21T00:24:05Z,511,13,1,9,1,0,1,1,1,1782000518
2026-06-21T00:24:05Z,512,1,1,18,0,0,1,1,1,1782000878
2026-06-21T00:24:05Z,514,6,3,3,2,0,1,1,1,1782000099
2026-06-21T00:24:05Z,515,7,3,11,1,0,1,1,1,1782001223
2026-06-21T00:24:05Z,516,16,0,11,0,0,1,1,1,1782000799
2026-06-21T00:24:05Z,517,2,0,21,0,0,1,1,1,1782001167
2026-06-21T00:24:05Z,518,0,0,14,1,0,1,1,1,1781996086
2026-06-21T00:24:05Z,519,12,2,6,1,0,1,1,1,1781999016
2026-06-21T00:24:05Z,520,8,0,17,1,1,1,1,1,1782000724
2026-06-21T00:24:05Z,521,6,1,17,0,0,1,1,1,1782000385
2026-06-21T00:24:05Z,522,5,0,18,0,0,1,1,1,1782001339
2026-06-21T00:24:05Z,523,14,1,8,1,0,1,1,1,1781994240
2026-06-21T00:24:05Z,524,6,0,17,0,0,1,1,1,1782001102
2026-06-21T00:24:05Z,525,0,0,19,0,0,1,1,1,1781999230
2026-06-21T00:24:05Z,526,13,6,2,0,0,1,1,1,1782000811
2026-06-21T00:24:05Z,527,15,14,9,2,0,1,1,1,1782001186
2026-06-21T00:24:05Z,528,9,3,14,0,0,1,1,1,1782000061
2026-06-21T00:24:05Z,529,7,2,10,2,0,1,1,1,1782000828
2026-06-21T00:24:05Z,530,9,0,11,1,0,1,1,1,1782001252
2026-06-21T00:24:05Z,531,14,1,8,0,1,1,1,1,1782000890
2026-06-21T00:24:05Z,532,19,4,11,1,0,1,1,1,1781994646
2026-06-21T00:24:05Z,533,6,0,12,1,0,1,1,1,1782000895
2026-06-21T00:24:05Z,534,12,3,11,0,0,1,1,1,1782001178
2026-06-21T00:24:05Z,535,10,0,5,0,0,1,1,1,1781999681
2026-06-21T00:24:05Z,536,11,0,12,0,0,1,1,1,1782000578
2026-06-21T00:24:05Z,537,10,5,11,0,0,1,1,1,1782001382
2026-06-21T00:24:05Z,538,7,3,10,2,0,1,1,1,1782001252
2026-06-21T00:24:05Z,539,7,5,12,0,0,1,1,1,1782001149
2026-06-21T00:24:05Z,540,10,2,9,0,0,1,1,1,1782000979
2026-06-21T00:24:05Z,541,3,0,23,1,0,1,1,1,1782001390
2026-06-21T00:24:05Z,542,22,3,0,1,0,1,1,1,1782000457
2026-06-21T00:24:05Z,543,4,2,14,1,0,1,1,1,1782001399
2026-06-21T00:24:05Z,544,14,3,10,1,0,1,1,1,1782001375
2026-06-21T00:24:05Z,545,9,1,9,1,0,1,1,1,1782001286
2026-06-21T00:24:05Z,546,10,4,9,0,0,1,1,1,1782000823
2026-06-21T00:24:05Z,547,14,1,8,0,0,1,1,1,1782000650
2026-06-21T00:24:05Z,548,8,0,14,1,0,1,1,1,1782001416
2026-06-21T00:24:05Z,549,0,0,20,1,0,1,1,1,1782000659
2026-06-21T00:24:05Z,550,8,7,10,1,0,1,1,1,1782001145
2026-06-21T00:24:05Z,551,9,5,14,0,0,1,1,1,1781995831
2026-06-21T00:24:05Z,552,17,1,10,0,0,1,1,1,1782001300
2026-06-21T00:24:05Z,553,14,0,9,0,0,1,1,1,1782000548
2026-06-21T00:24:05Z,554,14,6,3,2,0,1,1,1,1781998793
2026-06-21T00:24:05Z,555,11,2,4,0,0,1,1,1,1781996702
2026-06-21T00:24:05Z,556,1,1,22,0,0,1,1,1,1782000472
2026-06-21T00:24:05Z,557,0,0,23,0,0,0,1,1,1781719859
2026-06-21T00:24:05Z,558,19,1,17,1,0,1,1,1,1782001375
2026-06-21T00:24:05Z,559,4,0,15,0,0,1,1,1,1781995096
2026-06-21T00:24:05Z,560,2,0,24,1,0,1,1,1,1782001394
2026-06-21T00:24:05Z,561,14,0,8,1,0,1,1,1,1782001036
2026-06-21T00:24:05Z,562,4,0,28,3,0,1,1,1,1782001139
2026-06-21T00:24:05Z,563,3,0,11,0,0,1,1,1,1782001435
2026-06-21T00:24:05Z,564,9,0,9,1,0,1,1,1,1782001150
2026-06-21T00:24:05Z,565,0,0,17,1,1,1,1,1,1782000697
2026-06-21T00:24:05Z,566,6,1,11,2,0,1,1,1,1782001174
2026-06-21T00:24:05Z,567,2,0,24,1,0,1,1,1,1782000957
2026-06-21T00:24:05Z,568,8,0,11,0,0,1,1,1,1781997927
2026-06-21T00:24:05Z,569,6,0,13,0,0,1,1,1,1781999403
2026-06-21T00:24:05Z,570,8,1,11,0,0,1,1,1,1782000756
2026-06-21T00:24:05Z,571,6,0,17,0,0,1,1,1,1782000467
2026-06-21T00:24:05Z,572,3,3,15,1,0,1,1,1,1782000376
2026-06-21T00:24:05Z,573,1,0,13,1,0,1,1,1,1782000478
2026-06-21T00:24:05Z,574,3,3,9,3,0,1,1,1,1782000633
2026-06-21T00:24:05Z,575,15,1,4,2,0,1,1,1,1782001360
2026-06-21T00:24:05Z,576,13,2,4,2,0,1,1,1,1782000747
2026-06-21T00:24:05Z,577,10,0,21,0,0,1,1,1,1782001423
2026-06-21T00:24:05Z,578,19,5,2,2,0,1,1,1,1782000974
2026-06-21T00:24:05Z,579,19,4,24,0,0,1,1,1,1782000906
2026-06-21T00:24:05Z,580,28,0,1,2,0,1,1,1,1782001135
2026-06-21T00:24:05Z,581,3,0,15,1,0,1,1,1,1782001340
2026-06-21T00:24:05Z,582,28,1,29,4,0,1,1,1,1782001418
2026-06-21T00:24:05Z,583,1,0,22,0,0,1,1,1,1782000927
2026-06-21T00:24:05Z,584,9,9,7,3,0,1,1,1,1782000684
2026-06-21T00:24:05Z,585,16,1,11,0,0,1,1,1,1782000581
2026-06-21T00:24:05Z,586,32,2,2,1,0,1,1,1,1782000245
2026-06-21T00:24:05Z,587,1,1,23,3,0,1,1,1,1782001433
2026-06-21T00:24:05Z,588,6,2,13,0,0,1,1,1,1782001267
2026-06-21T00:24:05Z,589,17,7,6,0,0,1,1,1,1781998937
2026-06-21T00:24:05Z,590,2,0,29,0,0,1,1,1,1782000862
2026-06-21T00:24:05Z,591,17,0,4,1,0,1,1,1,1782000972
2026-06-21T00:24:05Z,592,4,0,19,0,0,1,1,1,1782001396
2026-06-21T00:24:05Z,593,23,2,16,0,0,1,1,1,1782000774
2026-06-21T00:24:05Z,594,4,0,16,1,0,1,1,1,1782000631
2026-06-21T00:24:05Z,595,0,0,3,0,0,0,1,1,1779985765
2026-06-21T00:24:05Z,605,0,0,3,0,0,0,1,1,1780413752
2026-06-21T00:24:05Z,606,0,0,3,0,0,0,1,1,1781723852
2026-06-21T00:24:05Z,607,10,4,23,0,0,1,1,1,1782001064
2026-06-21T00:24:05Z,608,28,0,26,0,0,1,1,1,1782001324
2026-06-21T00:24:05Z,609,16,1,7,0,0,1,1,1,1782001286
2026-06-21T00:24:05Z,610,0,0,34,1,0,0,1,1,1781869880
2026-06-21T00:24:05Z,611,25,2,2,0,0,1,1,1,1782001428
2026-06-21T00:24:05Z,612,7,1,8,0,0,1,1,1,1781998677
2026-06-21T00:24:05Z,613,1,0,11,2,0,1,1,1,1782001286
2026-06-21T00:24:05Z,614,11,1,11,4,1,1,1,1,1782000338
2026-06-21T00:24:05Z,617,1,0,14,0,0,1,1,1,1782000252
2026-06-21T00:24:05Z,618,7,2,10,2,0,1,1,1,1782000915
2026-06-21T00:24:05Z,619,18,1,1,0,0,1,1,1,1782001035
2026-06-21T00:24:05Z,620,8,8,15,0,0,1,1,1,1782001135
2026-06-21T00:24:05Z,621,11,5,12,0,0,1,1,1,1782001372
2026-06-21T00:24:05Z,622,5,0,17,1,0,1,1,1,1782000908
2026-06-21T00:24:05Z,623,11,2,18,1,0,1,1,1,1782000669
2026-06-21T00:24:05Z,624,4,3,8,3,0,1,1,1,1781999173
2026-06-21T00:24:05Z,625,8,2,13,0,0,1,1,1,1782000366
2026-06-21T00:24:05Z,626,23,0,21,0,2,1,1,1,1782000995
2026-06-21T00:24:05Z,627,16,1,3,0,0,1,1,1,1781990733
2026-06-21T00:24:05Z,628,5,4,12,0,2,1,1,1,1782001205
2026-06-21T00:24:05Z,629,2,1,8,1,0,1,1,1,1781996755
2026-06-21T00:24:05Z,630,5,2,20,2,0,1,1,1,1781981887
2026-06-21T00:24:05Z,631,14,3,9,0,0,1,1,1,1781999559
2026-06-21T00:24:05Z,632,4,3,15,4,0,1,1,1,1782001249
2026-06-21T00:24:05Z,633,4,1,9,2,0,1,1,1,1781988354
2026-06-21T00:24:05Z,634,6,3,11,1,1,1,1,1,1781999518
2026-06-21T00:24:05Z,635,12,2,7,0,0,1,1,1,1781996334
2026-06-21T00:24:05Z,636,1,0,14,0,0,1,1,1,1781945782
2026-06-21T00:24:05Z,637,11,5,8,0,0,1,1,1,1781996952
2026-06-21T00:24:05Z,638,5,4,13,1,0,1,1,1,1781991778
2026-06-21T00:24:05Z,639,8,3,3,6,2,1,1,1,1782001339
2026-06-21T00:24:05Z,640,9,2,10,4,0,1,1,1,1782001393
2026-06-21T00:24:05Z,641,5,1,22,0,0,1,1,1,1782001254
2026-06-21T00:24:05Z,642,5,3,12,2,0,1,1,1,1782001380
2026-06-21T00:24:05Z,643,3,1,21,3,0,1,1,1,1782001374
2026-06-21T00:24:05Z,644,0,0,14,0,1,1,1,1,1782001411
2026-06-21T00:24:05Z,645,10,3,12,0,1,1,1,1,1781996541
2026-06-21T00:24:05Z,646,3,1,15,1,0,1,1,1,1782000320
2026-06-21T00:24:05Z,647,19,1,12,0,0,1,1,1,1782001194
2026-06-21T00:24:05Z,648,13,0,5,1,0,1,1,1,1782000007
2026-06-21T00:24:05Z,649,14,2,17,0,0,1,1,1,1782000126
2026-06-21T00:24:05Z,650,12,0,5,0,0,1,1,1,1781998519
2026-06-21T00:24:05Z,651,17,4,4,2,0,1,1,1,1782000827
2026-06-21T00:24:05Z,652,8,5,11,4,0,1,1,1,1782001316
2026-06-21T00:24:05Z,653,3,2,15,0,1,1,1,1,1782000987
2026-06-21T00:24:05Z,654,4,1,11,0,0,1,1,1,1781996001
2026-06-21T00:24:05Z,655,2,0,13,0,0,1,1,1,1781995716
2026-06-21T00:24:05Z,656,3,0,16,0,0,1,1,1,1782001257
2026-06-21T00:24:05Z,657,4,3,6,7,0,1,1,1,1782001253
2026-06-21T00:24:05Z,658,10,3,13,0,0,1,1,1,1781996346
2026-06-21T00:24:05Z,659,9,9,5,1,0,1,1,1,1781998457
2026-06-21T00:24:05Z,660,25,4,6,0,0,1,1,1,1781999469
2026-06-21T00:24:05Z,661,10,5,8,1,0,1,1,1,1781999167
2026-06-21T00:24:05Z,662,5,0,18,0,0,1,1,1,1781987092
2026-06-21T00:24:05Z,663,7,1,8,0,0,1,1,1,1782001056
2026-06-21T00:24:05Z,664,5,0,20,2,0,1,1,1,1782000932
2026-06-21T00:24:05Z,665,8,1,7,0,0,1,1,1,1782000563
2026-06-21T00:24:05Z,666,6,2,8,1,0,1,1,1,1781992374
2026-06-21T00:24:05Z,667,18,3,1,0,0,1,1,1,1782001119
2026-06-21T00:24:05Z,668,6,1,12,1,0,1,1,1,1782000928
2026-06-21T00:24:05Z,669,6,3,7,1,0,1,1,1,1782001203
2026-06-21T00:24:05Z,670,1,0,26,0,0,1,1,1,1781992728
2026-06-21T00:24:05Z,671,3,0,24,0,0,1,1,1,1782001298
2026-06-21T00:24:05Z,672,7,0,13,3,0,1,1,1,1781996970
2026-06-21T00:24:05Z,673,7,1,16,0,0,1,1,1,1781998216
2026-06-21T00:24:05Z,674,13,10,9,1,0,1,1,1,1782000026
2026-06-21T00:24:05Z,675,10,1,3,1,1,1,1,1,1782001361
2026-06-21T00:24:05Z,676,9,1,12,1,1,1,1,1,1782001425
2026-06-21T00:24:05Z,681,9,0,1,5,0,1,1,1,1781997748
2026-06-21T00:24:05Z,682,11,4,7,1,0,1,1,1,1781981475
2026-06-21T00:24:05Z,683,5,2,11,3,0,1,1,1,1781973210
2026-06-21T00:24:05Z,684,11,0,15,1,0,1,1,1,1782000750
2026-06-21T00:24:05Z,685,7,2,18,1,1,1,1,1,1781987383
2026-06-21T00:24:05Z,686,4,0,22,0,1,1,1,1,1782001436
2026-06-21T00:24:05Z,687,13,4,17,0,1,1,1,1,1781986019
2026-06-21T00:24:05Z,688,10,5,8,1,0,1,1,1,1781997843
2026-06-21T00:24:05Z,692,11,10,10,0,0,1,1,1,1782001342
2026-06-21T00:24:05Z,693,3,1,8,0,0,1,1,1,1782000084
2026-06-21T00:24:05Z,694,7,2,13,1,0,1,1,1,1782001120
2026-06-21T00:24:05Z,695,17,8,5,1,0,1,1,1,1782000415
2026-06-21T00:24:05Z,696,7,3,15,1,0,1,1,1,1781999752
2026-06-21T00:24:05Z,697,13,1,9,1,0,1,1,1,1782001373
2026-06-21T00:24:05Z,698,7,1,18,2,0,1,1,1,1782001226
2026-06-21T00:24:05Z,699,7,0,8,0,0,1,1,1,1781999856
2026-06-21T00:24:05Z,700,6,0,12,1,0,1,1,1,1782001320
2026-06-21T00:24:05Z,701,5,0,13,1,0,1,1,1,1782001302
2026-06-21T00:24:05Z,702,18,2,4,1,0,1,1,1,1782001128
2026-06-21T00:24:05Z,703,11,7,12,0,0,1,1,1,1782000395
2026-06-21T00:24:05Z,704,2,0,13,0,0,1,1,1,1781999999
2026-06-21T00:24:05Z,705,2,0,13,0,0,1,1,1,1782000553
2026-06-21T00:24:05Z,706,9,2,6,0,0,1,1,1,1781999835
2026-06-21T00:24:05Z,707,2,2,13,0,0,1,1,1,1781999920
2026-06-21T00:24:05Z,708,8,0,11,0,0,1,1,1,1782000323
2026-06-21T00:24:05Z,709,4,1,7,4,0,1,1,1,1782000268
2026-06-21T00:24:05Z,710,0,0,19,0,0,1,1,1,1782000151
2026-06-21T00:24:05Z,711,6,4,10,3,0,1,1,1,1782001261
2026-06-21T00:24:05Z,712,8,3,5,2,0,1,1,1,1782000193
2026-06-21T00:24:05Z,713,14,4,8,1,0,1,1,1,1782000771
2026-06-21T00:24:05Z,716,3,1,8,4,0,1,1,1,1782000375
2026-06-21T00:24:05Z,717,7,1,15,3,0,1,1,1,1782000597
2026-06-21T00:24:05Z,718,3,2,12,0,0,1,1,1,1782000955
2026-06-21T00:24:05Z,719,4,0,25,0,0,1,1,1,1781999940
2026-06-21T00:24:05Z,720,7,1,11,1,0,1,1,1,1781999799
2026-06-21T00:24:05Z,721,7,1,16,0,0,1,1,1,1782001419
2026-06-21T00:24:05Z,722,7,0,8,0,0,1,1,1,1782001073
2026-06-21T00:24:05Z,723,7,0,15,1,0,1,1,1,1782000565
2026-06-21T00:24:05Z,724,3,0,20,0,0,1,1,1,1781999761
2026-06-21T00:24:05Z,725,6,1,17,0,0,1,1,1,1782001039
2026-06-21T00:24:05Z,726,4,1,15,0,0,1,1,1,1782001123
2026-06-21T00:24:05Z,727,3,0,19,1,0,1,1,1,1781999767
2026-06-21T00:24:05Z,728,2,0,9,4,0,1,1,1,1781999675
2026-06-21T00:24:05Z,729,0,0,18,1,0,1,1,1,1782000333
2026-06-21T00:24:05Z,730,2,1,13,0,0,1,1,1,1782001171
2026-06-21T00:24:05Z,731,1,0,14,0,0,1,1,1,1782000652
2026-06-21T00:24:05Z,732,5,3,10,0,0,1,1,1,1782000151
2026-06-21T00:24:05Z,733,2,0,24,1,0,1,1,1,1781999636
2026-06-21T00:24:05Z,734,8,3,6,0,0,1,1,1,1782000076
2026-06-21T00:24:05Z,735,13,5,6,0,0,1,1,1,1782001013
2026-06-21T00:24:05Z,736,6,0,10,3,0,1,1,1,1782000686
2026-06-21T00:24:05Z,737,3,0,12,0,0,1,1,1,1781999963
2026-06-21T00:24:05Z,738,19,6,0,0,0,1,1,1,1782000311
2026-06-21T00:24:05Z,739,13,3,14,0,0,1,1,1,1782001312
2026-06-21T00:24:05Z,741,3,0,20,0,0,1,1,1,1782000556
2026-06-21T00:24:05Z,742,19,0,20,0,0,1,1,1,1782000914
2026-06-21T00:24:05Z,743,3,2,16,0,0,1,1,1,1782000365
2026-06-21T00:24:05Z,744,4,1,11,0,0,1,1,1,1782000403
2026-06-21T00:24:05Z,745,2,0,17,0,0,1,1,1,1782000378
2026-06-21T00:24:05Z,746,1,0,22,0,0,1,1,1,1782000239
2026-06-21T00:24:05Z,747,1,0,18,0,0,1,1,1,1782001317
2026-06-21T00:24:05Z,748,10,6,13,0,0,1,1,1,1782000865
2026-06-21T00:24:05Z,749,5,0,17,1,0,1,1,1,1782000612
2026-06-21T00:24:05Z,750,2,1,9,0,0,1,1,1,1782000832
2026-06-21T00:24:05Z,751,14,14,8,1,0,1,1,1,1782001271
2026-06-21T00:24:05Z,752,9,3,7,1,0,1,1,1,1782000420
2026-06-21T00:24:05Z,753,6,1,9,0,0,1,1,1,1782001083
2026-06-21T00:24:05Z,754,5,2,10,0,0,1,1,1,1782000558
2026-06-21T00:24:05Z,755,16,9,3,0,0,1,1,1,1782000357
2026-06-21T00:24:05Z,756,28,8,9,0,0,1,1,1,1782000680
2026-06-21T00:24:05Z,757,1,1,18,0,0,1,1,1,1782001413
2026-06-21T00:24:05Z,758,20,6,3,0,0,1,1,1,1782001281
2026-06-21T00:24:05Z,759,8,3,5,2,0,1,1,1,1782000432
2026-06-21T00:24:05Z,760,11,1,7,0,1,1,1,1,1782000833
2026-06-21T00:24:05Z,761,18,9,5,0,0,1,1,1,1782001337
2026-06-21T00:24:05Z,762,6,0,9,0,0,1,1,1,1782001188
2026-06-21T00:24:05Z,768,6,1,7,6,0,1,1,1,1782001254
2026-06-21T00:24:05Z,769,17,3,2,0,0,1,1,1,1782000992
2026-06-21T00:24:05Z,770,5,1,13,1,0,1,1,1,1782000356
2026-06-21T00:24:05Z,771,4,2,11,0,0,1,1,1,1781999664
2026-06-21T00:24:05Z,772,0,0,15,0,0,1,1,1,1782001392
2026-06-21T00:24:05Z,773,6,2,11,2,0,1,1,1,1782001435
2026-06-21T00:24:05Z,774,7,1,7,1,0,1,1,1,1782000880
2026-06-21T00:24:05Z,775,8,4,10,1,0,1,1,1,1781996242
2026-06-21T00:24:05Z,776,3,1,17,1,0,1,1,1,1782000491
2026-06-21T00:24:05Z,777,4,4,6,5,0,1,1,1,1782000277
2026-06-21T00:24:05Z,778,1,0,16,2,0,1,1,1,1781975796
2026-06-21T00:24:05Z,779,8,4,10,1,0,1,1,1,1782000601
2026-06-21T00:24:05Z,780,1,0,15,2,1,1,1,1,1782000914
2026-06-21T00:24:05Z,781,4,1,6,1,0,1,1,1,1782000025
2026-06-21T00:24:05Z,782,8,4,11,0,0,1,1,1,1782001390
2026-06-21T00:24:05Z,783,1,0,17,0,1,1,1,1,1782001403
2026-06-21T00:24:05Z,784,12,0,7,0,0,1,1,1,1782000005
2026-06-21T00:24:05Z,785,6,4,6,2,0,1,1,1,1782000495
2026-06-21T00:24:05Z,786,6,1,12,1,0,1,1,1,1781987590
2026-06-21T00:24:05Z,787,7,1,8,0,0,1,1,1,1782001355
2026-06-21T00:24:05Z,788,3,2,12,0,0,1,1,1,1782001435
2026-06-21T00:24:05Z,789,4,0,11,0,0,1,1,1,1782001207
2026-06-21T00:24:05Z,790,17,1,6,0,0,1,1,1,1782001073
2026-06-21T00:24:05Z,791,2,0,17,0,0,1,1,1,1782001327
2026-06-21T00:24:05Z,793,0,0,15,0,0,1,1,1,1781999695
2026-06-21T00:24:05Z,794,28,2,1,0,0,1,1,1,1782000427
2026-06-21T00:24:05Z,796,7,1,11,1,0,1,1,1,1782000508
2026-06-21T00:24:05Z,797,5,2,10,0,0,1,1,1,1782001322
2026-06-21T00:24:05Z,798,0,0,25,0,0,1,1,1,1782001160
2026-06-21T00:24:05Z,799,1,1,17,1,0,1,1,1,1782000249
2026-06-21T00:24:05Z,800,5,0,15,1,0,1,1,1,1782001141
2026-06-21T00:24:05Z,801,9,5,12,0,0,1,1,1,1782001057
2026-06-21T00:24:05Z,802,1,0,29,1,0,1,1,1,1782001077
2026-06-21T00:24:05Z,803,8,0,7,0,0,1,1,1,1781999732
2026-06-21T00:24:05Z,806,15,10,0,0,0,1,1,1,1782000839
2026-06-21T00:24:05Z,807,16,2,5,4,0,1,1,1,1782000656
2026-06-21T00:24:05Z,808,9,1,15,1,0,1,1,1,1781997803
2026-06-21T00:24:05Z,809,7,1,16,0,0,1,1,1,1782001048
2026-06-21T00:24:05Z,810,11,6,8,0,0,1,1,1,1782000292
2026-06-21T00:24:05Z,815,9,1,6,0,0,1,1,1,1782000376
2026-06-21T00:24:05Z,817,6,3,6,3,0,1,1,1,1782000170
2026-06-21T00:24:05Z,818,6,1,17,0,0,1,1,1,1782000093
2026-06-21T00:24:05Z,819,2,0,11,2,0,1,1,1,1782001100
2026-06-21T00:24:05Z,820,0,0,17,0,0,1,1,1,1781999801
2026-06-21T00:24:05Z,821,1,0,12,2,0,1,1,1,1781999946
2026-06-21T00:24:05Z,822,13,2,10,0,0,1,1,1,1782001353
2026-06-21T00:24:05Z,823,15,1,0,0,0,1,1,1,1781999882
2026-06-21T00:24:05Z,824,10,3,8,1,0,1,1,1,1782001434
2026-06-21T00:24:05Z,825,1,0,14,0,0,1,1,1,1781996982
2026-06-21T00:24:05Z,826,3,0,16,0,0,1,1,1,1782000085
2026-06-21T00:24:05Z,827,15,1,5,1,0,1,1,1,1782001183
2026-06-21T00:24:05Z,828,17,2,0,1,0,1,1,1,1782001341
2026-06-21T00:24:05Z,829,8,4,19,0,0,1,1,1,1781992528
2026-06-21T00:24:05Z,830,6,0,17,0,0,1,1,1,1782001278
2026-06-21T00:24:05Z,831,3,1,11,1,0,1,1,1,1782000744
2026-06-21T00:24:05Z,832,4,2,12,2,0,1,1,1,1782000255
2026-06-21T00:24:05Z,833,10,1,9,0,0,1,1,1,1781999737
2026-06-21T00:24:05Z,834,5,0,19,0,0,1,1,1,1782001426
2026-06-21T00:24:05Z,835,17,2,1,0,0,1,1,1,1782001371
2026-06-21T00:24:05Z,837,7,2,7,1,0,1,1,1,1782000429
2026-06-21T00:24:05Z,838,1,0,13,1,0,1,1,1,1782001093
2026-06-21T00:24:05Z,839,21,0,8,0,0,1,1,1,1782000655
2026-06-21T00:24:05Z,840,26,4,2,1,0,1,1,1,1782000780
2026-06-21T00:24:05Z,841,5,0,9,1,0,1,1,1,1782000237
2026-06-21T00:24:05Z,842,9,3,13,0,1,1,1,1,1782000852
2026-06-21T00:24:05Z,843,7,6,24,0,0,1,1,1,1782000991
2026-06-21T00:24:05Z,844,6,3,16,1,0,1,1,1,1781999854
2026-06-21T00:24:05Z,845,0,0,19,0,0,1,1,1,1781999745
2026-06-21T00:24:05Z,846,8,2,10,0,1,1,1,1,1782000377
2026-06-21T00:24:05Z,847,14,3,13,0,0,1,1,1,1782000586
2026-06-21T00:24:05Z,848,15,0,4,0,0,1,1,1,1782000524
2026-06-21T00:24:05Z,849,10,3,1,4,0,1,1,1,1782000980
2026-06-21T00:24:05Z,850,4,0,7,0,0,1,1,1,1782001045
2026-06-21T00:24:05Z,851,20,8,16,1,0,1,1,1,1782001315
2026-06-21T00:24:05Z,852,6,0,12,1,0,1,1,1,1782001143
2026-06-21T00:24:05Z,853,2,0,20,1,0,1,1,1,1781996821
2026-06-21T00:24:05Z,854,10,4,5,0,0,1,1,1,1781985782
2026-06-21T00:24:05Z,855,6,2,20,1,0,1,1,1,1781999819
2026-06-21T00:24:05Z,857,13,5,6,0,0,1,1,1,1782001069
2026-06-21T00:24:05Z,858,0,0,18,1,0,1,1,1,1781999946
2026-06-21T00:24:05Z,859,8,2,13,0,0,1,1,1,1782000737
2026-06-21T00:24:05Z,861,2,1,9,0,0,1,1,1,1782000497
2026-06-21T00:24:05Z,862,0,0,15,0,0,1,1,1,1782000774
2026-06-21T00:24:05Z,863,1,1,18,0,0,1,1,1,1782001085
2026-06-21T00:24:05Z,866,4,2,15,0,0,1,1,1,1781998336
2026-06-21T00:24:05Z,867,3,1,12,0,0,1,1,1,1782000238
2026-06-21T00:24:05Z,868,14,4,1,0,0,1,1,1,1782001372
2026-06-21T00:24:05Z,870,12,3,3,0,0,1,1,1,1782001265
2026-06-21T00:24:05Z,871,7,0,4,0,0,1,1,1,1782000262
2026-06-21T00:24:05Z,872,11,1,4,0,0,1,1,1,1781999723
2026-06-21T00:24:05Z,873,0,0,33,0,0,1,1,1,1782001405
2026-06-21T00:24:05Z,874,12,1,3,0,0,1,1,1,1782001009
2026-06-21T00:24:05Z,875,14,4,1,0,0,1,1,1,1782001437
2026-06-21T00:24:05Z,877,15,6,4,0,0,1,1,1,1781999642
2026-06-21T00:24:05Z,878,2,1,17,0,0,1,1,1,1782001215
2026-06-21T00:24:05Z,879,5,2,11,3,0,1,1,1,1782000226
2026-06-21T00:24:05Z,880,2,1,20,1,0,1,1,1,1782000207
2026-06-21T00:24:05Z,881,9,0,7,3,0,1,1,1,1782001205
2026-06-21T00:24:05Z,882,11,5,8,0,0,1,1,1,1782000500
2026-06-21T00:24:05Z,883,0,0,18,1,0,0,1,1,1781529111
2026-06-21T00:24:05Z,884,11,6,10,0,0,1,1,1,1781983424
2026-06-21T00:24:05Z,885,1,1,18,0,0,1,1,1,1781978002
2026-06-21T00:24:05Z,886,18,2,8,3,0,1,1,1,1782000623
2026-06-21T00:24:05Z,887,9,2,8,0,0,1,1,1,1781999819
2026-06-21T00:24:05Z,888,40,10,0,1,0,1,1,1,1782001387
2026-06-21T00:24:05Z,889,0,0,19,0,0,1,1,1,1782000479
2026-06-21T00:24:05Z,890,0,0,15,0,0,1,1,1,1781998737
2026-06-21T00:24:05Z,891,4,1,19,0,0,1,1,1,1782001338
2026-06-21T00:24:05Z,892,7,2,8,0,0,1,1,1,1781999678
2026-06-21T00:24:05Z,895,11,0,7,1,0,1,1,1,1782000267
2026-06-21T00:24:05Z,896,10,0,24,1,0,1,1,1,1782001002
2026-06-21T00:24:05Z,897,8,1,12,1,0,1,1,1,1782000373
2026-06-21T00:24:05Z,898,6,0,13,0,0,1,1,1,1782000851
2026-06-21T00:24:05Z,899,2,1,17,0,0,1,1,1,1782001025
2026-06-21T00:24:05Z,900,4,0,23,0,0,1,1,1,1782001304
2026-06-21T00:24:05Z,901,9,0,10,0,0,1,1,1,1782000908
2026-06-21T00:24:05Z,902,6,0,9,0,0,1,1,1,1782001015
2026-06-21T00:24:05Z,903,4,1,15,0,0,1,1,1,1781999664
2026-06-21T00:24:05Z,904,14,5,4,1,0,1,1,1,1782001423
2026-06-21T00:24:05Z,905,11,0,15,1,0,1,1,1,1782001069
2026-06-21T00:24:05Z,906,12,9,15,0,0,1,1,1,1782001178
2026-06-21T00:24:05Z,907,0,0,31,0,0,1,1,1,1782000045
2026-06-21T00:24:05Z,908,4,0,19,0,0,1,1,1,1782000848
2026-06-21T00:24:05Z,909,5,1,16,2,0,1,1,1,1781999727
2026-06-21T00:24:05Z,910,10,0,20,1,0,1,1,1,1782000823
2026-06-21T00:24:05Z,911,10,0,9,0,0,1,1,1,1782001427
2026-06-21T00:24:05Z,912,1,0,20,2,0,1,1,1,1782001259
2026-06-21T00:24:05Z,913,1,1,18,0,0,1,1,1,1781984093
2026-06-21T00:24:05Z,914,11,1,8,0,0,1,1,1,1782000792
2026-06-21T00:24:05Z,915,19,1,4,0,0,1,1,1,1782001152
2026-06-21T00:24:05Z,916,6,2,17,0,0,1,1,1,1782001051
2026-06-21T00:24:05Z,917,12,0,23,0,0,1,1,1,1782000578
2026-06-21T00:24:05Z,918,10,1,9,0,0,1,1,1,1782001410
2026-06-21T00:24:05Z,919,3,0,34,2,0,1,1,1,1782001212
2026-06-21T00:24:05Z,920,6,1,13,0,0,1,1,1,1782000018
2026-06-21T00:24:05Z,921,7,0,13,1,0,1,1,1,1781996777
2026-06-21T00:24:05Z,922,3,1,18,0,0,1,1,1,1782000497
2026-06-21T00:24:05Z,923,2,1,17,0,0,1,1,1,1782001300
2026-06-21T00:24:05Z,924,12,1,9,0,0,1,1,1,1782000745
2026-06-21T00:24:05Z,925,13,2,8,0,0,1,1,1,1782000363
2026-06-21T00:24:05Z,926,13,1,8,0,0,1,1,1,1782000734
2026-06-21T00:24:05Z,927,5,3,30,0,0,1,1,1,1781999972
2026-06-21T00:24:05Z,928,5,0,14,0,0,1,1,1,1782000167
2026-06-21T00:24:05Z,929,13,1,6,3,1,1,1,1,1782001405
2026-06-21T00:24:05Z,930,6,0,25,0,0,1,1,1,1782000482
2026-06-21T00:24:05Z,931,2,1,19,2,0,1,1,1,1782001335
2026-06-21T00:24:05Z,932,4,0,15,0,0,1,1,1,1782001248
2026-06-21T00:24:05Z,933,10,1,13,0,0,1,1,1,1782001374
2026-06-21T00:24:05Z,934,10,0,21,0,0,1,1,1,1782001231
2026-06-21T00:24:05Z,935,2,0,17,0,0,1,1,1,1782000792
2026-06-21T00:24:05Z,936,9,1,10,0,0,1,1,1,1782001356
2026-06-21T00:24:05Z,940,5,0,6,0,0,1,1,1,1782001232
2026-06-21T00:24:05Z,941,14,0,10,1,0,1,1,1,1781995158
2026-06-21T00:24:05Z,942,14,1,7,0,0,1,1,1,1782000779
2026-06-21T00:24:05Z,943,7,7,7,1,0,1,1,1,1782001266
2026-06-21T00:24:05Z,944,4,4,11,0,0,1,1,1,1781986245
2026-06-21T00:24:05Z,945,7,4,8,0,0,1,1,1,1782001438
2026-06-21T00:24:05Z,946,12,9,7,0,0,1,1,1,1782000605
2026-06-21T00:24:05Z,947,6,5,11,0,0,1,1,1,1782000565
2026-06-21T00:24:05Z,948,13,7,16,2,0,1,1,1,1782000911
2026-06-21T00:24:05Z,949,10,0,4,1,0,1,1,1,1782001251
2026-06-21T00:24:05Z,950,11,1,6,0,0,1,1,1,1782000841
2026-06-21T00:24:05Z,951,14,5,7,2,0,1,1,1,1782001219
2026-06-21T00:24:05Z,952,17,0,36,2,0,1,1,1,1782001256
2026-06-21T00:24:05Z,953,3,1,11,1,0,1,1,1,1782000025
2026-06-21T00:24:05Z,954,0,0,19,0,0,1,1,1,1782000831
2026-06-21T00:24:05Z,955,10,1,13,3,1,1,1,1,1782000611
2026-06-21T00:24:05Z,956,7,0,12,0,0,1,1,1,1781990307
2026-06-21T00:24:05Z,957,19,0,10,0,0,1,1,1,1782001185
2026-06-21T00:24:05Z,958,1,0,30,0,0,1,1,1,1781999674
2026-06-21T00:24:05Z,959,15,0,7,1,0,1,1,1,1782000735
2026-06-21T00:24:05Z,960,10,0,11,2,0,1,1,1,1782001138
2026-06-21T00:24:05Z,961,19,2,4,0,0,1,1,1,1782000899
2026-06-21T00:24:05Z,962,7,0,24,4,0,1,1,1,1782000650
2026-06-21T00:24:05Z,963,5,0,18,0,0,1,1,1,1782000367
2026-06-21T00:24:05Z,964,7,3,16,0,0,1,1,1,1782000937
2026-06-21T00:24:05Z,965,11,4,15,1,0,1,1,1,1782000657
2026-06-21T00:24:05Z,966,30,1,1,0,0,1,1,1,1782001256
2026-06-21T00:24:05Z,967,7,0,13,1,0,1,1,1,1782001165
2026-06-21T00:24:05Z,968,2,0,17,0,0,1,1,1,1782000887
2026-06-21T00:24:05Z,969,9,8,18,0,0,1,1,1,1782001434
2026-06-21T00:24:05Z,970,8,1,10,1,0,1,1,1,1782000406
2026-06-21T00:24:05Z,971,5,0,18,0,0,1,1,1,1782001384
2026-06-21T00:24:05Z,972,6,2,17,0,0,1,1,1,1781999692
2026-06-21T00:24:05Z,973,9,1,13,1,0,1,1,1,1782000015
2026-06-21T00:24:05Z,974,6,0,21,0,0,1,1,1,1782001227
2026-06-21T00:24:05Z,977,5,3,16,0,0,1,1,1,1782000720
2026-06-21T00:24:05Z,978,9,4,14,0,0,1,1,1,1782000595
2026-06-21T00:24:05Z,979,4,0,12,1,0,1,1,1,1782001378
2026-06-21T00:24:05Z,980,6,0,15,0,0,1,1,1,1782000705
2026-06-21T00:24:05Z,981,8,0,12,1,0,1,1,1,1782001239
2026-06-21T00:24:05Z,982,8,0,10,1,0,1,1,1,1782000749
2026-06-21T00:24:05Z,983,13,6,10,0,0,1,1,1,1782000008
2026-06-21T00:24:05Z,984,6,3,17,0,0,1,1,1,1782000222
2026-06-21T00:24:05Z,985,5,0,26,0,0,1,1,1,1782001382
2026-06-21T00:24:05Z,986,14,4,5,0,0,1,1,1,1781999951
2026-06-21T00:24:05Z,987,6,0,17,0,0,1,1,1,1782001111
2026-06-21T00:24:05Z,988,9,2,10,0,0,1,1,1,1781999770
2026-06-21T00:24:05Z,989,13,10,5,1,0,1,1,1,1782000003
2026-06-21T00:24:05Z,990,7,0,7,1,0,1,1,1,1782001092
2026-06-21T00:24:05Z,991,15,6,4,0,0,1,1,1,1782000286
2026-06-21T00:24:05Z,992,0,0,23,0,0,1,1,1,1782000408
2026-06-21T00:24:05Z,993,18,6,9,0,0,1,1,1,1782000774
2026-06-21T00:24:05Z,994,1,0,20,0,0,1,1,1,1781977886
2026-06-21T00:24:05Z,995,22,3,4,1,0,1,1,1,1782001330
2026-06-21T00:24:05Z,996,12,5,11,0,0,1,1,1,1782000399
2026-06-21T00:24:05Z,997,8,5,15,0,0,1,1,1,1782000822
2026-06-21T00:24:05Z,998,1,0,22,0,0,1,1,1,1782000792
2026-06-21T00:24:05Z,999,12,2,7,1,1,1,1,1,1782000830
2026-06-21T00:24:05Z,1000,14,6,6,1,0,1,1,1,1782001362
2026-06-21T00:24:05Z,1001,8,6,19,0,0,1,1,1,1782000732
2026-06-21T00:24:05Z,1002,24,7,7,0,0,1,1,1,1782001045
2026-06-21T00:24:05Z,1003,8,1,15,0,0,1,1,1,1782000204
2026-06-21T00:24:05Z,1004,10,1,12,1,0,1,1,1,1782001174
2026-06-21T00:24:05Z,1005,12,0,10,1,0,1,1,1,1782000432
2026-06-21T00:24:05Z,1006,14,3,5,0,0,1,1,1,1782000459
2026-06-21T00:24:05Z,1007,8,4,13,0,0,1,1,1,1782001366
2026-06-21T00:24:05Z,1008,18,4,5,0,0,1,1,1,1782000476
2026-06-21T00:24:05Z,1009,8,0,22,1,0,1,1,1,1781999865
2026-06-21T00:24:05Z,1010,12,3,15,0,0,1,1,1,1782001275
2026-06-21T00:24:05Z,1011,7,5,12,0,0,1,1,1,1782000230
2026-06-21T00:24:05Z,1012,5,4,16,2,0,1,1,1,1781999804
2026-06-21T00:24:05Z,1013,7,0,14,2,0,1,1,1,1782000356
2026-06-21T00:24:05Z,1014,15,2,8,0,0,1,1,1,1782000258
2026-06-21T00:24:05Z,1015,4,2,26,1,0,1,1,1,1781999754
2026-06-21T00:24:05Z,1016,15,4,16,0,0,1,1,1,1782000140
2026-06-21T00:24:05Z,1017,12,2,8,1,0,1,1,1,1782001038
2026-06-21T00:24:05Z,1018,7,3,13,1,0,1,1,1,1782001400
2026-06-21T00:24:05Z,1019,12,6,2,1,0,1,1,1,1782001226
2026-06-21T00:24:05Z,1020,7,3,14,0,0,1,1,1,1782000487
2026-06-21T00:24:05Z,1021,3,1,12,0,0,1,1,1,1781999882
2026-06-21T00:24:05Z,1022,11,2,16,0,0,1,1,1,1782001067
2026-06-21T00:24:05Z,1023,7,0,16,0,0,1,1,1,1782000948
2026-06-21T00:24:05Z,1024,12,7,7,0,0,1,1,1,1781999678
2026-06-21T00:24:05Z,1025,14,0,5,0,0,1,1,1,1781999730
2026-06-21T00:24:05Z,1026,5,4,25,1,0,1,1,1,1781999816
2026-06-21T00:24:05Z,1028,14,3,9,0,0,1,1,1,1782000578
2026-06-21T00:24:05Z,1029,10,7,3,2,0,1,1,1,1782000032
2026-06-21T00:24:05Z,1030,8,2,15,0,0,1,1,1,1782000508
2026-06-21T00:24:05Z,1031,4,1,15,0,0,1,1,1,1782001332
2026-06-21T00:24:05Z,1032,9,1,10,0,0,1,1,1,1781999911
2026-06-21T00:24:05Z,1033,6,0,13,0,0,1,1,1,1782001097
2026-06-21T00:24:05Z,1034,2,0,13,0,0,1,1,1,1782001065
2026-06-21T00:24:05Z,1035,1,0,17,1,0,1,1,1,1781999727
2026-06-21T00:24:05Z,1036,11,0,3,1,0,1,1,1,1782000274
2026-06-21T00:24:05Z,1037,3,0,16,0,0,1,1,1,1782000138
2026-06-21T00:24:05Z,1038,4,0,11,0,0,1,1,1,1782001380
2026-06-21T00:24:05Z,1039,5,2,14,0,0,1,1,1,1782000149
2026-06-21T00:24:05Z,1040,16,5,3,0,0,1,1,1,1782000315
2026-06-21T00:24:05Z,1041,5,1,14,0,0,1,1,1,1781999957
2026-06-21T00:24:05Z,1042,8,0,7,0,0,1,1,1,1782001109
2026-06-21T00:24:05Z,1043,11,7,8,0,0,1,1,1,1782000262
2026-06-21T00:24:05Z,1044,4,1,11,0,0,1,1,1,1782000684
2026-06-21T00:24:05Z,1045,3,0,16,0,0,1,1,1,1781999737
2026-06-21T00:24:05Z,1046,8,1,4,3,0,1,1,1,1782001169
2026-06-21T00:24:05Z,1047,7,3,14,0,0,1,1,1,1782001146
2026-06-21T00:24:05Z,1048,0,0,19,0,0,1,1,1,1781999781
2026-06-21T00:24:05Z,1049,1,0,20,0,0,1,1,1,1782001159
2026-06-21T00:24:05Z,1050,8,0,13,0,0,1,1,1,1782000115
2026-06-21T00:24:05Z,1051,4,0,17,0,0,1,1,1,1782000839
2026-06-21T00:24:05Z,1052,6,2,16,0,0,1,1,1,1781999767
2026-06-21T00:24:05Z,1053,1,0,14,0,0,1,1,1,1782001411
2026-06-21T00:24:05Z,1054,8,4,6,1,0,1,1,1,1782000360
2026-06-21T00:24:05Z,1055,2,1,17,0,0,1,1,1,1782000749
2026-06-21T00:24:05Z,1057,6,0,13,0,0,1,1,1,1782001006
2026-06-21T00:24:05Z,1058,14,0,42,0,0,1,1,1,1782001027
2026-06-21T00:24:05Z,1059,2,0,16,1,0,1,1,1,1782000871
2026-06-21T00:24:05Z,1060,31,0,5,0,0,1,1,1,1782001108
2026-06-21T00:24:05Z,1061,22,0,15,0,0,1,1,1,1782000212
2026-06-21T00:24:05Z,1062,4,0,13,0,0,1,1,1,1782001335
2026-06-21T00:24:05Z,1063,14,2,3,2,0,1,1,1,1781999940
2026-06-21T00:24:05Z,1064,10,3,13,0,0,1,1,1,1782000455
2026-06-21T00:24:05Z,1065,9,4,14,0,0,1,1,1,1782000407
2026-06-21T00:24:05Z,1066,7,0,16,0,0,1,1,1,1782001108
2026-06-21T00:24:05Z,1067,14,3,9,0,0,1,1,1,1782000940
2026-06-21T00:24:05Z,1068,11,2,11,1,0,1,1,1,1782000660
2026-06-21T00:24:05Z,1069,3,0,19,1,0,1,1,1,1782001425
2026-06-21T00:24:05Z,1070,10,0,13,0,0,1,1,1,1781995069
2026-06-21T00:24:05Z,1071,7,1,16,0,0,1,1,1,1782000315
2026-06-21T00:24:05Z,1072,8,0,13,2,0,1,1,1,1782000682
2026-06-21T00:24:05Z,1073,19,1,8,0,0,1,1,1,1782001195
2026-06-21T00:24:05Z,1074,0,0,52,1,0,1,1,1,1782001118
2026-06-21T00:24:05Z,1075,14,11,6,1,0,1,1,1,1782000919
2026-06-21T00:24:05Z,1076,10,5,10,1,0,1,1,1,1782001217
2026-06-21T00:24:05Z,1077,9,8,12,0,0,1,1,1,1782000408
2026-06-21T00:24:05Z,1078,12,7,9,0,0,1,1,1,1782001002
2026-06-21T00:24:05Z,1079,8,7,13,0,0,1,1,1,1782000668
2026-06-21T00:24:05Z,1080,12,8,9,0,0,1,1,1,1782000456
2026-06-21T00:24:05Z,1081,12,9,7,0,0,1,1,1,1782000955
2026-06-21T00:24:05Z,1082,13,10,9,1,0,1,1,1,1782000821
2026-06-21T00:24:05Z,1083,11,9,10,0,0,1,1,1,1782000580
2026-06-21T00:24:05Z,1084,9,7,12,0,0,1,1,1,1782000495
2026-06-21T00:24:05Z,1085,16,11,5,0,0,1,1,1,1782000689
2026-06-21T00:24:05Z,1086,15,11,6,0,0,1,1,1,1782000618
2026-06-21T00:24:05Z,1087,10,9,5,0,0,1,1,1,1782000005
2026-06-21T00:24:05Z,1088,8,5,7,0,0,1,1,1,1782000972
2026-06-21T00:24:05Z,1089,7,7,8,0,0,1,1,1,1782000470
2026-06-21T00:24:05Z,1090,8,8,7,0,0,1,1,1,1782000539
2026-06-21T00:24:05Z,1091,7,6,8,0,0,1,1,1,1782001391
2026-06-21T00:24:05Z,1092,6,6,9,0,0,1,1,1,1782000320
2026-06-21T00:24:05Z,1093,7,6,8,0,0,1,1,1,1782000070
2026-06-21T00:24:05Z,1094,13,11,6,0,0,1,1,1,1782001034
2026-06-21T00:24:05Z,1095,6,6,9,0,0,1,1,1,1781999699
2026-06-21T00:24:05Z,1096,9,7,10,0,0,1,1,1,1781999643
2026-06-21T00:24:05Z,1097,7,6,8,0,0,1,1,1,1782000456
2026-06-21T00:24:05Z,1098,10,10,9,0,0,1,1,1,1782000833
2026-06-21T00:24:05Z,1099,6,6,9,0,0,1,1,1,1782000146
2026-06-21T00:24:05Z,1100,13,7,16,0,0,1,1,1,1782001284
2026-06-21T00:24:05Z,1101,11,6,10,0,0,1,1,1,1782001361
2026-06-21T00:24:05Z,1102,10,6,3,0,0,1,1,1,1782000048
2026-06-21T00:24:05Z,1103,9,5,11,1,0,1,1,1,1782000817
2026-06-21T00:24:05Z,1104,10,5,11,0,0,1,1,1,1782001353
2026-06-21T00:24:05Z,1105,9,5,3,1,0,1,1,1,1781999855
2026-06-21T00:24:05Z,1106,8,4,13,0,0,1,1,1,1781999818
2026-06-21T00:24:05Z,1107,11,6,4,0,0,1,1,1,1782001167
2026-06-21T00:24:05Z,1108,7,2,20,0,0,1,1,1,1781999715
2026-06-21T00:24:05Z,1109,9,4,6,0,0,1,1,1,1781999645
2026-06-21T00:24:05Z,1110,16,5,4,1,0,1,1,1,1782001331
2026-06-21T00:24:05Z,1111,13,0,8,0,0,1,1,1,1782000766
2026-06-21T00:24:05Z,1112,26,0,27,0,0,1,1,1,1782001425
2026-06-21T00:24:05Z,1113,2,0,19,0,0,1,1,1,1782001017
2026-06-21T00:24:05Z,1115,8,1,15,0,0,1,1,1,1782000519
2026-06-21T00:24:05Z,1116,3,2,16,0,0,1,1,1,1781999661
2026-06-21T00:24:05Z,1117,19,6,3,1,0,1,1,1,1782000693
2026-06-21T00:24:05Z,1118,9,1,11,1,0,1,1,1,1782001177
2026-06-21T00:24:05Z,1119,7,1,10,0,0,1,1,1,1782000129
2026-06-21T00:24:05Z,1120,6,2,13,0,0,1,1,1,1782000066
2026-06-21T00:24:05Z,1121,3,1,17,1,0,1,1,1,1782000849
2026-06-21T00:24:05Z,1122,13,2,7,1,0,1,1,1,1782001361
2026-06-21T00:24:05Z,1123,1,0,21,1,0,1,1,1,1782001047
2026-06-21T00:24:05Z,1124,1,0,13,1,0,1,1,1,1782001189
2026-06-21T00:24:05Z,1125,9,5,14,0,0,1,1,1,1782000249
2026-06-21T00:24:05Z,1126,7,2,14,0,0,1,1,1,1782000694
2026-06-21T00:24:05Z,1127,15,1,4,0,0,1,1,1,1781999757
2026-06-21T00:24:05Z,1128,8,1,6,1,0,1,1,1,1782001434
2026-06-21T00:24:05Z,1129,3,0,18,0,0,1,1,1,1782000199
2026-06-21T00:24:05Z,1130,0,0,14,1,0,1,1,1,1782001091
2026-06-21T00:24:05Z,1131,0,0,49,0,0,1,1,1,1781999651
2026-06-21T00:24:05Z,1132,16,4,4,1,0,1,1,1,1782001024
2026-06-21T00:24:05Z,1133,1,1,20,0,0,1,1,1,1782001305
2026-06-21T00:24:05Z,1134,12,7,7,0,0,1,1,1,1782000254
2026-06-21T00:24:05Z,1135,10,5,11,0,0,1,1,1,1781999776
2026-06-21T00:24:05Z,1136,11,1,12,0,0,1,1,1,1782001054
2026-06-21T00:24:05Z,1137,7,6,8,0,0,1,1,1,1782001109
2026-06-21T00:24:05Z,1138,13,0,6,0,0,1,1,1,1782001162
2026-06-21T00:24:05Z,1139,13,0,7,1,0,1,1,1,1782000035
2026-06-21T00:24:05Z,1140,15,0,7,1,0,1,1,1,1782000848
2026-06-21T00:24:05Z,1141,12,1,9,0,0,1,1,1,1782001398
2026-06-21T00:24:05Z,1142,1,0,20,0,0,1,1,1,1782000073
2026-06-21T00:24:05Z,1143,0,0,28,1,0,1,1,1,1782000806
2026-06-21T00:24:05Z,1144,4,1,17,0,0,1,1,1,1782001027
2026-06-21T00:24:05Z,1145,5,0,15,1,0,1,1,1,1782001395
2026-06-21T00:24:05Z,1146,6,1,9,4,0,1,1,1,1782001333
2026-06-21T00:24:05Z,1147,7,2,12,0,0,1,1,1,1781999799
2026-06-21T00:24:05Z,1148,12,0,16,3,0,1,1,1,1782000557
2026-06-21T00:24:05Z,1149,15,11,10,0,0,1,1,1,1782001379
2026-06-21T00:24:05Z,1150,4,0,15,0,0,1,1,1,1782000288
2026-06-21T00:24:05Z,1151,2,0,19,0,0,1,1,1,1782000541
2026-06-21T00:24:05Z,1152,19,4,9,1,0,1,1,1,1782001403
2026-06-21T00:24:05Z,1153,6,1,17,0,0,1,1,1,1782000786
2026-06-21T00:24:05Z,1154,13,3,5,1,0,1,1,1,1782001199
2026-06-21T00:24:05Z,1155,13,9,5,3,0,1,1,1,1782001310
2026-06-21T00:24:05Z,1158,10,1,9,0,0,1,1,1,1781999737
2026-06-21T00:24:05Z,1159,14,4,4,1,0,1,1,1,1782000648
2026-06-21T00:24:05Z,1160,9,1,10,0,0,1,1,1,1781999999
2026-06-21T00:24:05Z,1161,4,2,15,0,0,1,1,1,1782000106
2026-06-21T00:24:05Z,1162,7,0,12,0,0,1,1,1,1782001089
2026-06-21T00:24:05Z,1163,3,2,16,0,0,1,1,1,1782001292
2026-06-21T00:24:05Z,1164,8,2,10,1,0,1,1,1,1781999888
2026-06-21T00:24:05Z,1165,2,0,19,0,0,1,1,1,1782000294
2026-06-21T00:24:05Z,1166,4,0,15,2,0,1,1,1,1782001198
2026-06-21T00:24:05Z,1167,1,0,13,1,0,1,1,1,1782001341
2026-06-21T00:24:05Z,1168,6,0,17,0,0,1,1,1,1782000501
2026-06-21T00:24:05Z,1169,11,9,8,0,0,1,1,1,1782000761
2026-06-21T00:24:05Z,1170,2,0,19,0,0,1,1,1,1781999859
2026-06-21T00:24:05Z,1171,15,6,8,0,0,1,1,1,1782001359
2026-06-21T00:24:05Z,1172,10,1,5,0,0,1,1,1,1782001166
2026-06-21T00:24:05Z,1173,5,0,14,0,0,1,1,1,1782000533
2026-06-21T00:24:05Z,1174,1,1,14,0,0,1,1,1,1782001114
2026-06-21T00:24:05Z,1175,6,1,13,0,0,1,1,1,1782000568
2026-06-21T00:24:05Z,1176,11,0,9,1,0,1,1,1,1782000227
2026-06-21T00:24:05Z,1177,10,1,11,0,0,1,1,1,1782000849
2026-06-21T00:24:05Z,1178,5,0,10,0,0,1,1,1,1782001127
2026-06-21T00:24:05Z,1181,9,2,6,0,0,1,1,1,1782000544
2026-06-21T00:24:05Z,1182,13,0,6,1,0,1,1,1,1782001184
2026-06-21T00:24:05Z,1183,1,1,36,0,0,1,1,1,1782001355
2026-06-21T00:24:05Z,1184,16,1,3,2,0,1,1,1,1782001295
2026-06-21T00:24:05Z,1185,10,4,11,0,0,1,1,1,1782001353
2026-06-21T00:24:05Z,1186,10,5,9,0,0,1,1,1,1781999738
2026-06-21T00:24:05Z,1190,11,6,10,0,0,1,1,1,1781999916
2026-06-21T00:24:05Z,1192,9,5,12,0,0,1,1,1,1781999864
2026-06-21T00:24:05Z,1193,6,4,7,0,0,1,1,1,1782000790
2026-06-21T00:24:05Z,1197,7,4,9,1,0,1,1,1,1782000353
2026-06-21T00:24:05Z,1198,11,8,10,0,0,1,1,1,1782000433
2026-06-21T00:24:05Z,1199,10,7,9,0,0,1,1,1,1782000004
2026-06-21T00:24:05Z,1224,0,0,3,0,0,0,1,1,1781869449
2026-06-21T00:24:05Z,1225,0,0,3,0,0,0,1,1,1781868919
2026-06-21T00:24:05Z,1226,0,0,3,0,0,0,1,1,1781868931
2026-06-21T00:29:05Z,1,14,1,8,1,0,1,1,1,1782001239
2026-06-21T00:29:05Z,2,9,0,17,1,0,1,1,1,1782001458
2026-06-21T00:29:05Z,3,19,3,0,0,0,1,1,1,1782000933
2026-06-21T00:29:05Z,4,8,0,15,0,0,1,1,1,1781997490
2026-06-21T00:29:05Z,5,3,0,19,1,0,1,1,1,1782001579
2026-06-21T00:29:05Z,6,7,0,8,0,0,1,1,1,1782000639
2026-06-21T00:29:05Z,7,22,2,1,0,0,1,1,1,1782001611
2026-06-21T00:29:05Z,8,13,1,30,0,0,1,1,1,1782001181
2026-06-21T00:29:05Z,9,23,0,0,0,0,1,1,1,1782001738
2026-06-21T00:29:05Z,10,12,8,7,4,0,1,1,1,1782001557
2026-06-21T00:29:05Z,11,2,2,17,0,0,1,1,1,1782001115
2026-06-21T00:29:05Z,12,4,0,19,0,0,1,1,1,1781999631
2026-06-21T00:29:05Z,13,18,1,12,1,0,1,1,1,1782001687
2026-06-21T00:29:05Z,14,25,2,18,0,0,1,1,1,1782001564
2026-06-21T00:29:05Z,15,9,4,5,1,0,1,1,1,1782001732
2026-06-21T00:29:05Z,16,3,3,24,0,0,1,1,1,1781983361
2026-06-21T00:29:05Z,17,12,0,14,1,0,1,1,1,1782001569
2026-06-21T00:29:05Z,18,1,0,18,0,0,1,1,1,1782000413
2026-06-21T00:29:05Z,19,14,1,13,0,0,1,1,1,1782001606
2026-06-21T00:29:05Z,20,14,0,12,1,0,1,1,1,1782001666
2026-06-21T00:29:05Z,21,15,0,4,0,0,1,1,1,1782001685
2026-06-21T00:29:05Z,22,7,0,59,0,0,1,1,1,1782000994
2026-06-21T00:29:05Z,23,21,2,9,1,0,1,1,1,1782000685
2026-06-21T00:29:05Z,24,1,0,8,2,0,1,1,1,1782001737
2026-06-21T00:29:05Z,25,54,0,25,2,0,1,1,1,1782001581
2026-06-21T00:29:05Z,26,19,1,8,0,0,1,1,1,1782001487
2026-06-21T00:29:05Z,28,0,0,14,1,0,1,1,1,1781997654
2026-06-21T00:29:05Z,30,3,0,25,1,0,1,1,1,1782000457
2026-06-21T00:29:05Z,31,19,0,0,0,0,1,1,1,1781999370
2026-06-21T00:29:05Z,32,18,0,9,0,0,1,1,1,1781999882
2026-06-21T00:29:05Z,34,14,2,22,1,0,1,1,1,1782001603
2026-06-21T00:29:05Z,35,24,4,22,1,0,1,1,1,1782001634
2026-06-21T00:29:05Z,36,0,0,0,0,0,0,1,1,86400
2026-06-21T00:29:05Z,37,12,0,11,0,0,1,1,1,1782000932
2026-06-21T00:29:05Z,38,6,0,17,0,0,1,1,1,1782001125
2026-06-21T00:29:05Z,39,21,0,10,0,0,1,1,1,1782001330
2026-06-21T00:29:05Z,40,8,0,13,0,0,1,1,1,1781999723
2026-06-21T00:29:05Z,41,1,1,25,1,0,1,1,1,1782000309
2026-06-21T00:29:05Z,42,24,7,7,0,0,1,1,1,1782000243
2026-06-21T00:29:05Z,43,13,1,9,1,0,1,1,1,1782001578
2026-06-21T00:29:05Z,45,1,0,30,0,0,1,1,1,1782001655
2026-06-21T00:29:05Z,46,23,3,6,2,0,1,1,1,1782001582
2026-06-21T00:29:05Z,47,6,6,9,0,0,1,1,1,1782000460
2026-06-21T00:29:05Z,48,2,0,25,0,0,1,1,1,1782000755
2026-06-21T00:29:05Z,49,5,0,14,3,1,1,1,1,1782001713
2026-06-21T00:29:05Z,50,4,2,15,0,0,1,1,1,1782001133
2026-06-21T00:29:05Z,51,0,0,79,0,0,1,1,1,1781985992
2026-06-21T00:29:05Z,52,25,2,0,2,0,1,1,1,1782001178
2026-06-21T00:29:05Z,55,7,1,15,1,0,1,1,1,1782001592
2026-06-21T00:29:05Z,56,3,0,24,0,0,1,1,1,1782000568
2026-06-21T00:29:05Z,57,14,0,11,2,0,1,1,1,1782001294
2026-06-21T00:29:05Z,58,15,14,13,0,0,1,1,1,1782001723
2026-06-21T00:29:05Z,59,3,0,23,1,0,1,1,1,1782001739
2026-06-21T00:29:05Z,61,1,0,38,0,0,1,1,1,1782000240
2026-06-21T00:29:05Z,62,15,4,33,1,0,1,1,1,1782001566
2026-06-21T00:29:05Z,63,13,2,5,1,0,1,1,1,1782001495
2026-06-21T00:29:05Z,64,8,0,11,0,0,1,1,1,1782000149
2026-06-21T00:29:05Z,65,5,2,13,1,0,1,1,1,1782001511
2026-06-21T00:29:05Z,67,7,1,32,0,0,1,1,1,1782000127
2026-06-21T00:29:05Z,68,34,1,2,1,0,1,1,1,1782001592
2026-06-21T00:29:05Z,69,3,0,12,0,0,1,1,1,1782000147
2026-06-21T00:29:05Z,71,17,1,9,1,0,1,1,1,1782001717
2026-06-21T00:29:05Z,72,21,1,9,1,0,1,1,1,1782001479
2026-06-21T00:29:05Z,73,8,0,15,0,0,1,1,1,1782000987
2026-06-21T00:29:05Z,74,6,2,12,0,1,1,1,1,1782001144
2026-06-21T00:29:05Z,75,28,2,6,1,0,1,1,1,1782001658
2026-06-21T00:29:05Z,76,19,0,0,0,0,1,1,1,1781999776
2026-06-21T00:29:05Z,77,3,0,23,1,0,1,1,1,1782001222
2026-06-21T00:29:05Z,78,15,4,6,2,0,1,1,1,1782000088
2026-06-21T00:29:05Z,79,10,0,7,0,0,1,1,1,1782001334
2026-06-21T00:29:05Z,80,2,0,19,1,1,1,1,1,1782001580
2026-06-21T00:29:05Z,81,26,3,5,0,0,1,1,1,1782001333
2026-06-21T00:29:05Z,82,22,10,0,1,0,1,1,1,1781999762
2026-06-21T00:29:05Z,83,23,3,7,4,0,1,1,1,1782001735
2026-06-21T00:29:05Z,84,21,0,4,2,0,1,1,1,1782001736
2026-06-21T00:29:05Z,85,7,1,12,0,0,1,1,1,1782001166
2026-06-21T00:29:05Z,86,15,2,12,0,0,1,1,1,1782000480
2026-06-21T00:29:05Z,87,1,1,17,1,0,1,1,1,1781999536
2026-06-21T00:29:05Z,88,29,1,0,2,0,1,1,1,1782001350
2026-06-21T00:29:05Z,89,35,0,0,0,0,1,1,1,1781993365
2026-06-21T00:29:05Z,90,12,1,5,2,0,1,1,1,1782000674
2026-06-21T00:29:05Z,91,2,1,14,1,0,1,1,1,1781998383
2026-06-21T00:29:05Z,92,0,0,18,1,0,1,1,1,1782001659
2026-06-21T00:29:05Z,93,11,1,12,0,0,1,1,1,1782001043
2026-06-21T00:29:05Z,94,13,0,5,1,0,1,1,1,1781997262
2026-06-21T00:29:05Z,95,26,1,5,3,0,1,1,1,1782001736
2026-06-21T00:29:05Z,96,22,0,9,0,0,1,1,1,1782000550
2026-06-21T00:29:05Z,97,3,0,14,0,0,1,1,1,1782001605
2026-06-21T00:29:05Z,98,27,1,5,3,0,1,1,1,1782000953
2026-06-21T00:29:05Z,99,3,0,12,0,0,1,1,1,1781998131
2026-06-21T00:29:05Z,100,0,0,27,0,0,1,1,1,1782000071
2026-06-21T00:29:05Z,101,9,0,5,1,0,1,1,1,1782001243
2026-06-21T00:29:05Z,102,16,0,7,0,0,1,1,1,1782001108
2026-06-21T00:29:05Z,103,4,0,25,3,0,1,1,1,1782001683
2026-06-21T00:29:05Z,104,10,0,15,1,1,1,1,1,1782001670
2026-06-21T00:29:05Z,105,0,0,19,0,0,1,1,1,1781999583
2026-06-21T00:29:05Z,106,21,1,0,0,0,1,1,1,1781997920
2026-06-21T00:29:05Z,107,4,0,33,0,0,1,1,1,1782001634
2026-06-21T00:29:05Z,108,1,1,33,1,0,1,1,1,1782001736
2026-06-21T00:29:05Z,109,14,0,9,0,0,1,1,1,1782001634
2026-06-21T00:29:05Z,110,12,0,11,0,0,1,1,1,1781999285
2026-06-21T00:29:05Z,111,36,0,0,0,0,1,1,1,1782001375
2026-06-21T00:29:05Z,112,1,0,15,3,0,1,1,1,1782001647
2026-06-21T00:29:05Z,113,10,0,9,0,0,1,1,1,1782000765
2026-06-21T00:29:05Z,114,13,0,17,1,0,1,1,1,1782001249
2026-06-21T00:29:05Z,115,0,0,23,2,1,1,1,1,1782001353
2026-06-21T00:29:05Z,116,18,7,9,0,0,1,1,1,1782000103
2026-06-21T00:29:05Z,118,3,1,20,0,0,1,1,1,1782000174
2026-06-21T00:29:05Z,119,11,0,24,4,0,1,1,1,1782001732
2026-06-21T00:29:05Z,120,17,0,9,1,0,1,1,1,1782001515
2026-06-21T00:29:05Z,121,5,4,12,2,0,1,1,1,1782001362
2026-06-21T00:29:05Z,122,17,4,0,4,0,1,1,1,1782001198
2026-06-21T00:29:05Z,123,37,4,10,0,0,1,1,1,1782000718
2026-06-21T00:29:05Z,124,22,2,5,0,0,1,1,1,1782001659
2026-06-21T00:29:05Z,125,15,3,7,1,0,1,1,1,1782001732
2026-06-21T00:29:05Z,126,15,1,16,0,0,1,1,1,1781997507
2026-06-21T00:29:05Z,127,23,5,8,0,0,1,1,1,1782001462
2026-06-21T00:29:05Z,128,14,5,2,3,0,1,1,1,1782001618
2026-06-21T00:29:05Z,129,1,0,16,2,0,1,1,1,1782001686
2026-06-21T00:29:05Z,130,0,0,16,1,0,1,1,1,1782000288
2026-06-21T00:29:05Z,131,11,2,0,0,0,1,1,1,1781997891
2026-06-21T00:29:05Z,132,4,0,9,1,1,1,1,1,1782001261
2026-06-21T00:29:05Z,133,8,2,15,0,0,1,1,1,1782001571
2026-06-21T00:29:05Z,134,4,0,17,0,0,1,1,1,1782001480
2026-06-21T00:29:05Z,135,5,1,13,1,0,1,1,1,1782001263
2026-06-21T00:29:05Z,136,2,1,20,0,0,1,1,1,1782000488
2026-06-21T00:29:05Z,137,13,1,5,1,0,1,1,1,1782001642
2026-06-21T00:29:05Z,138,25,0,12,0,0,1,1,1,1782000299
2026-06-21T00:29:05Z,139,0,0,19,0,0,1,1,1,1782001594
2026-06-21T00:29:05Z,140,2,0,20,1,0,1,1,1,1782001033
2026-06-21T00:29:05Z,141,0,0,22,0,0,1,1,1,1782001481
2026-06-21T00:29:05Z,142,2,0,17,0,0,1,1,1,1782001671
2026-06-21T00:29:05Z,143,21,0,10,0,0,1,1,1,1782001450
2026-06-21T00:29:05Z,144,22,0,5,0,0,1,1,1,1782000986
2026-06-21T00:29:05Z,145,25,2,5,1,0,1,1,1,1782001689
2026-06-21T00:29:05Z,146,23,1,0,0,0,1,1,1,1782001659
2026-06-21T00:29:05Z,147,10,1,8,1,0,1,1,1,1782001576
2026-06-21T00:29:05Z,148,12,3,15,0,0,1,1,1,1782001669
2026-06-21T00:29:05Z,149,10,2,9,0,0,1,1,1,1782001690
2026-06-21T00:29:05Z,150,2,0,32,1,0,1,1,1,1782001556
2026-06-21T00:29:05Z,151,6,2,16,1,0,1,1,1,1782001607
2026-06-21T00:29:05Z,152,0,0,0,0,0,1,1,1,86400
2026-06-21T00:29:05Z,153,2,0,18,3,0,1,1,1,1782001734
2026-06-21T00:29:05Z,154,0,0,21,2,0,1,1,1,1782001399
2026-06-21T00:29:05Z,155,3,0,9,2,0,1,1,1,1782001448
2026-06-21T00:29:05Z,156,14,4,5,0,0,1,1,1,1782001230
2026-06-21T00:29:05Z,157,6,0,21,0,0,1,1,1,1782001620
2026-06-21T00:29:05Z,158,10,0,9,0,0,1,1,1,1782000839
2026-06-21T00:29:05Z,159,7,7,9,3,0,1,1,1,1782000443
2026-06-21T00:29:05Z,160,8,0,10,1,0,1,1,1,1782001679
2026-06-21T00:29:05Z,161,0,0,18,2,0,1,1,1,1782001667
2026-06-21T00:29:05Z,162,26,0,1,0,0,1,1,1,1782001241
2026-06-21T00:29:05Z,163,4,1,27,0,0,1,1,1,1782001690
2026-06-21T00:29:05Z,164,1,0,26,0,0,1,1,1,1782001737
2026-06-21T00:29:05Z,165,25,2,5,1,0,1,1,1,1782001738
2026-06-21T00:29:05Z,166,18,4,20,0,0,1,1,1,1782001362
2026-06-21T00:29:05Z,167,0,0,22,0,1,1,1,1,1782001310
2026-06-21T00:29:05Z,168,12,1,14,0,1,1,1,1,1782001580
2026-06-21T00:29:05Z,169,7,0,16,0,0,1,1,1,1782001651
2026-06-21T00:29:05Z,170,14,2,4,1,0,1,1,1,1782001628
2026-06-21T00:29:05Z,171,4,1,8,1,0,1,1,1,1781993294
2026-06-21T00:29:05Z,173,33,0,4,0,0,1,1,1,1782001726
2026-06-21T00:29:05Z,174,17,1,8,0,0,1,1,1,1782001332
2026-06-21T00:29:05Z,175,31,0,0,0,0,1,1,1,1782001297
2026-06-21T00:29:05Z,176,2,2,12,0,1,1,1,1,1782001551
2026-06-21T00:29:05Z,177,22,1,5,0,0,1,1,1,1782001260
2026-06-21T00:29:05Z,178,3,2,7,6,0,1,1,1,1782001632
2026-06-21T00:29:05Z,179,9,1,5,1,0,1,1,1,1782001707
2026-06-21T00:29:05Z,180,3,0,26,1,0,1,1,1,1781999490
2026-06-21T00:29:05Z,181,6,0,8,0,1,1,1,1,1782001728
2026-06-21T00:29:05Z,182,13,3,5,1,0,1,1,1,1782001427
2026-06-21T00:29:05Z,183,13,1,9,0,0,1,1,1,1782001290
2026-06-21T00:29:05Z,184,12,1,8,3,0,1,1,1,1782001277
2026-06-21T00:29:05Z,185,5,2,7,2,1,1,1,1,1782001243
2026-06-21T00:29:05Z,186,16,1,3,0,0,1,1,1,1782001705
2026-06-21T00:29:05Z,187,7,0,21,1,0,1,1,1,1782001571
2026-06-21T00:29:05Z,188,7,1,19,1,0,1,1,1,1782001031
2026-06-21T00:29:05Z,189,3,2,12,0,0,1,1,1,1782000487
2026-06-21T00:29:05Z,190,2,0,21,0,0,1,1,1,1782001673
2026-06-21T00:29:05Z,191,23,15,14,1,1,1,1,1,1782001485
2026-06-21T00:29:05Z,192,24,0,6,1,0,1,1,1,1782001420
2026-06-21T00:29:05Z,193,7,3,7,1,0,1,1,1,1782001704
2026-06-21T00:29:05Z,194,7,5,7,1,0,1,1,1,1782000118
2026-06-21T00:29:05Z,195,6,4,13,0,0,1,1,1,1782001434
2026-06-21T00:29:05Z,196,20,2,3,4,0,1,1,1,1782001646
2026-06-21T00:29:05Z,197,3,0,16,0,0,1,1,1,1782000711
2026-06-21T00:29:05Z,198,16,0,5,1,0,1,1,1,1782000441
2026-06-21T00:29:05Z,199,9,7,5,0,1,1,1,1,1781999871
2026-06-21T00:29:05Z,200,17,0,8,1,0,1,1,1,1782001675
2026-06-21T00:29:05Z,201,7,3,15,1,0,1,1,1,1782001462
2026-06-21T00:29:05Z,202,25,0,1,0,0,1,1,1,1782001339
2026-06-21T00:29:05Z,203,31,2,0,0,0,1,1,1,1782000680
2026-06-21T00:29:05Z,204,35,11,0,0,0,1,1,1,1782001611
2026-06-21T00:29:05Z,205,14,0,13,0,0,1,1,1,1782000747
2026-06-21T00:29:05Z,206,3,3,11,1,0,1,1,1,1782000532
2026-06-21T00:29:05Z,207,3,0,18,0,0,1,1,1,1782000946
2026-06-21T00:29:05Z,208,2,0,26,1,0,1,1,1,1781999845
2026-06-21T00:29:05Z,209,13,4,17,1,0,1,1,1,1782001622
2026-06-21T00:29:05Z,210,18,1,9,0,0,1,1,1,1782001643
2026-06-21T00:29:05Z,211,7,7,16,0,0,1,1,1,1782001311
2026-06-21T00:29:05Z,212,32,4,3,0,0,1,1,1,1782001175
2026-06-21T00:29:05Z,213,23,3,0,0,0,1,1,1,1781999568
2026-06-21T00:29:05Z,214,34,9,12,1,0,1,1,1,1782000944
2026-06-21T00:29:05Z,215,17,6,6,0,0,1,1,1,1782000858
2026-06-21T00:29:05Z,216,10,0,9,0,0,1,1,1,1782001141
2026-06-21T00:29:05Z,217,25,1,4,0,0,1,1,1,1782000955
2026-06-21T00:29:05Z,218,27,6,8,4,0,1,1,1,1782001650
2026-06-21T00:29:05Z,219,3,1,23,0,0,1,1,1,1782000911
2026-06-21T00:29:05Z,220,25,11,17,1,0,1,1,1,1782001717
2026-06-21T00:29:05Z,221,4,1,10,0,0,1,1,1,1782001733
2026-06-21T00:29:05Z,222,3,1,16,0,0,1,1,1,1782001634
2026-06-21T00:29:05Z,223,9,3,23,3,0,1,1,1,1782001541
2026-06-21T00:29:05Z,224,6,5,16,0,0,1,1,1,1782001406
2026-06-21T00:29:05Z,225,2,0,16,1,0,1,1,1,1781999698
2026-06-21T00:29:05Z,226,17,9,13,0,1,1,1,1,1782001488
2026-06-21T00:29:05Z,227,11,8,15,1,0,1,1,1,1782001243
2026-06-21T00:29:05Z,228,8,4,10,1,0,1,1,1,1782001607
2026-06-21T00:29:05Z,230,6,1,17,0,0,1,1,1,1782001604
2026-06-21T00:29:05Z,232,1,0,17,1,0,1,1,1,1782001570
2026-06-21T00:29:05Z,233,15,12,15,1,0,1,1,1,1782001722
2026-06-21T00:29:05Z,234,9,1,9,1,0,1,1,1,1782001451
2026-06-21T00:29:05Z,236,16,7,3,0,0,1,1,1,1782000170
2026-06-21T00:29:05Z,237,6,0,17,0,0,1,1,1,1782001644
2026-06-21T00:29:05Z,239,22,16,5,0,0,1,1,1,1782001305
2026-06-21T00:29:05Z,241,18,2,5,0,0,1,1,1,1781999563
2026-06-21T00:29:05Z,242,16,4,6,1,0,1,1,1,1782000140
2026-06-21T00:29:05Z,243,17,3,12,2,0,1,1,1,1782001661
2026-06-21T00:29:05Z,244,24,3,3,0,0,1,1,1,1782001733
2026-06-21T00:29:05Z,245,17,1,5,1,0,1,1,1,1782001206
2026-06-21T00:29:05Z,246,7,5,14,2,0,1,1,1,1781999380
2026-06-21T00:29:05Z,247,22,2,0,1,0,1,1,1,1781998528
2026-06-21T00:29:05Z,248,10,7,10,3,0,1,1,1,1782001700
2026-06-21T00:29:05Z,249,13,7,6,0,0,1,1,1,1782001697
2026-06-21T00:29:05Z,250,23,7,3,1,0,1,1,1,1782000136
2026-06-21T00:29:05Z,251,23,11,2,2,0,1,1,1,1782001684
2026-06-21T00:29:05Z,253,12,2,7,0,0,1,1,1,1782000995
2026-06-21T00:29:05Z,254,21,6,22,0,0,1,1,1,1782001198
2026-06-21T00:29:05Z,255,11,0,12,0,0,1,1,1,1782001576
2026-06-21T00:29:05Z,256,1,1,20,2,0,1,1,1,1782001111
2026-06-21T00:29:05Z,257,18,17,0,1,0,1,1,1,1782001611
2026-06-21T00:29:05Z,258,2,1,15,2,0,1,1,1,1782001406
2026-06-21T00:29:05Z,259,12,1,11,0,0,1,1,1,1782000365
2026-06-21T00:29:05Z,260,5,4,11,3,0,1,1,1,1782001067
2026-06-21T00:29:05Z,261,8,1,11,0,0,1,1,1,1782001216
2026-06-21T00:29:05Z,262,10,5,12,1,0,1,1,1,1782001663
2026-06-21T00:29:05Z,263,5,2,10,0,0,1,1,1,1782001551
2026-06-21T00:29:05Z,264,1,0,17,1,0,1,1,1,1782001068
2026-06-21T00:29:05Z,265,3,0,12,0,0,1,1,1,1782001481
2026-06-21T00:29:05Z,266,4,0,15,0,0,1,1,1,1782000602
2026-06-21T00:29:05Z,267,4,0,10,1,0,1,1,1,1781995157
2026-06-21T00:29:05Z,268,8,6,13,2,0,1,1,1,1781999577
2026-06-21T00:29:05Z,269,19,0,3,1,0,1,1,1,1781998263
2026-06-21T00:29:05Z,270,4,0,21,2,0,1,1,1,1782001303
2026-06-21T00:29:05Z,271,7,3,10,1,1,1,1,1,1782001709
2026-06-21T00:29:05Z,272,11,7,12,0,0,1,1,1,1782001489
2026-06-21T00:29:05Z,273,6,6,9,0,0,1,1,1,1782001247
2026-06-21T00:29:05Z,274,9,2,10,0,0,1,1,1,1782001539
2026-06-21T00:29:05Z,275,12,0,10,1,0,1,1,1,1782000984
2026-06-21T00:29:05Z,276,4,1,21,1,1,1,1,1,1782001641
2026-06-21T00:29:05Z,277,19,6,2,2,0,1,1,1,1781998727
2026-06-21T00:29:05Z,278,18,3,12,0,1,1,1,1,1782001382
2026-06-21T00:29:05Z,279,17,7,2,0,0,1,1,1,1782001390
2026-06-21T00:29:05Z,280,1,0,28,2,0,1,1,1,1782001651
2026-06-21T00:29:05Z,281,12,2,11,0,0,1,1,1,1782001567
2026-06-21T00:29:05Z,282,2,0,14,0,0,1,1,1,1782000455
2026-06-21T00:29:05Z,283,24,5,11,0,0,1,1,1,1782001717
2026-06-21T00:29:05Z,284,30,0,5,0,0,1,1,1,1782001666
2026-06-21T00:29:05Z,285,7,6,15,1,0,1,1,1,1782000203
2026-06-21T00:29:05Z,286,12,10,8,3,0,1,1,1,1782001561
2026-06-21T00:29:05Z,287,2,0,20,1,0,1,1,1,1781999485
2026-06-21T00:29:05Z,288,2,1,16,1,0,1,1,1,1782001457
2026-06-21T00:29:05Z,289,14,6,13,0,0,1,1,1,1782001573
2026-06-21T00:29:05Z,290,0,0,36,2,1,0,1,1,1781808916
2026-06-21T00:29:05Z,291,1,0,22,0,0,1,1,1,1782001700
2026-06-21T00:29:05Z,292,6,1,17,0,0,1,1,1,1782001470
2026-06-21T00:29:05Z,293,9,3,12,2,0,1,1,1,1782000933
2026-06-21T00:29:05Z,294,20,10,0,2,0,1,1,1,1782001738
2026-06-21T00:29:05Z,297,5,0,12,2,0,1,1,1,1782001627
2026-06-21T00:29:05Z,301,0,0,18,1,0,1,1,1,1782001721
2026-06-21T00:29:05Z,302,11,3,11,1,0,1,1,1,1782001731
2026-06-21T00:29:05Z,303,3,0,16,0,0,1,1,1,1782001199
2026-06-21T00:29:05Z,304,0,0,0,0,0,0,1,1,86400
2026-06-21T00:29:05Z,305,4,0,15,0,0,1,1,1,1782000901
2026-06-21T00:29:05Z,306,3,1,29,0,0,1,1,1,1782000944
2026-06-21T00:29:05Z,307,2,1,20,1,0,1,1,1,1782001739
2026-06-21T00:29:05Z,308,6,0,13,0,0,1,1,1,1782001121
2026-06-21T00:29:05Z,309,2,0,6,5,1,1,1,1,1782001604
2026-06-21T00:29:05Z,311,1,0,13,1,0,1,1,1,1781999773
2026-06-21T00:29:05Z,312,16,10,4,3,0,1,1,1,1782000215
2026-06-21T00:29:05Z,313,2,0,13,0,0,1,1,1,1781993278
2026-06-21T00:29:05Z,314,7,2,11,1,0,1,1,1,1782001509
2026-06-21T00:29:05Z,315,16,9,12,3,0,1,1,1,1782001603
2026-06-21T00:29:05Z,316,11,0,3,1,0,1,1,1,1782001559
2026-06-21T00:29:05Z,317,24,19,5,1,1,1,1,1,1782001453
2026-06-21T00:29:05Z,318,7,2,10,0,0,1,1,1,1781999657
2026-06-21T00:29:05Z,319,5,3,20,2,0,1,1,1,1782001707
2026-06-21T00:29:05Z,320,1,1,18,0,0,1,1,1,1781994065
2026-06-21T00:29:05Z,321,7,0,12,0,0,1,1,1,1781982767
2026-06-21T00:29:05Z,322,6,0,23,0,0,1,1,1,1782001056
2026-06-21T00:29:05Z,323,9,1,9,1,0,1,1,1,1782001714
2026-06-21T00:29:05Z,324,4,3,23,0,0,1,1,1,1782001536
2026-06-21T00:29:05Z,325,0,0,25,2,0,1,1,1,1781999915
2026-06-21T00:29:05Z,327,0,0,25,0,2,1,1,1,1782000578
2026-06-21T00:29:05Z,328,14,0,8,1,0,1,1,1,1782001502
2026-06-21T00:29:05Z,329,14,0,5,0,0,1,1,1,1782001421
2026-06-21T00:29:05Z,330,7,1,15,0,0,1,1,1,1782001448
2026-06-21T00:29:05Z,331,4,0,19,0,0,1,1,1,1782001610
2026-06-21T00:29:05Z,332,17,4,0,2,0,1,1,1,1782000504
2026-06-21T00:29:05Z,333,5,4,18,0,0,1,1,1,1782000656
2026-06-21T00:29:05Z,334,12,3,10,1,0,1,1,1,1782000862
2026-06-21T00:29:05Z,335,14,0,6,2,1,1,1,1,1782000975
2026-06-21T00:29:05Z,336,8,2,11,0,0,1,1,1,1781999699
2026-06-21T00:29:05Z,337,10,1,10,3,0,1,1,1,1782000846
2026-06-21T00:29:05Z,338,2,1,17,0,0,1,1,1,1781999857
2026-06-21T00:29:05Z,339,15,9,7,1,0,1,1,1,1782001608
2026-06-21T00:29:05Z,340,10,2,4,1,0,1,1,1,1782001455
2026-06-21T00:29:05Z,341,3,2,16,0,0,1,1,1,1782000338
2026-06-21T00:29:05Z,342,14,3,0,1,0,1,1,1,1782000861
2026-06-21T00:29:05Z,343,13,10,10,0,0,1,1,1,1782001500
2026-06-21T00:29:05Z,344,4,0,19,0,0,1,1,1,1782001373
2026-06-21T00:29:05Z,345,3,0,15,1,0,1,1,1,1782001366
2026-06-21T00:29:05Z,346,21,2,2,0,0,1,1,1,1782001120
2026-06-21T00:29:05Z,347,19,1,26,2,0,1,1,1,1782001710
2026-06-21T00:29:05Z,348,12,0,10,1,0,1,1,1,1782001583
2026-06-21T00:29:05Z,349,14,2,4,1,0,1,1,1,1782001473
2026-06-21T00:29:05Z,350,5,0,21,0,1,1,1,1,1782001134
2026-06-21T00:29:05Z,351,1,0,21,1,0,1,1,1,1782001717
2026-06-21T00:29:05Z,355,22,3,1,0,0,1,1,1,1782000399
2026-06-21T00:29:05Z,356,18,4,1,0,0,1,1,1,1782001229
2026-06-21T00:29:05Z,357,2,0,17,0,0,1,1,1,1782000932
2026-06-21T00:29:05Z,358,20,1,7,0,0,1,1,1,1782000403
2026-06-21T00:29:05Z,359,0,0,25,2,0,1,1,1,1782001259
2026-06-21T00:29:05Z,360,4,1,14,1,0,1,1,1,1781998444
2026-06-21T00:29:05Z,362,1,0,17,1,0,1,1,1,1781999608
2026-06-21T00:29:05Z,363,23,3,1,1,1,1,1,1,1782000208
2026-06-21T00:29:05Z,364,2,0,15,1,1,1,1,1,1781999292
2026-06-21T00:29:05Z,365,7,0,15,1,0,1,1,1,1782001537
2026-06-21T00:29:05Z,366,2,2,20,1,0,1,1,1,1781999293
2026-06-21T00:29:05Z,367,14,1,5,0,0,1,1,1,1781999498
2026-06-21T00:29:05Z,368,15,2,8,0,0,1,1,1,1782001399
2026-06-21T00:29:05Z,370,13,6,11,3,0,1,1,1,1782001389
2026-06-21T00:29:05Z,371,4,3,14,1,0,1,1,1,1782000980
2026-06-21T00:29:05Z,372,5,2,10,0,0,1,1,1,1781999916
2026-06-21T00:29:05Z,373,6,1,20,0,0,1,1,1,1781999943
2026-06-21T00:29:05Z,374,2,1,15,0,0,1,1,1,1782001724
2026-06-21T00:29:05Z,375,8,2,19,0,0,1,1,1,1782000917
2026-06-21T00:29:05Z,376,9,0,28,2,0,1,1,1,1782001546
2026-06-21T00:29:05Z,377,7,4,18,2,0,1,1,1,1782000456
2026-06-21T00:29:05Z,378,20,3,1,3,0,1,1,1,1782001669
2026-06-21T00:29:05Z,379,18,3,8,1,0,1,1,1,1782000407
2026-06-21T00:29:05Z,380,14,0,9,0,0,1,1,1,1782001728
2026-06-21T00:29:05Z,381,2,0,20,1,0,1,1,1,1782001662
2026-06-21T00:29:05Z,383,11,2,4,0,0,1,1,1,1781999501
2026-06-21T00:29:05Z,384,9,0,9,1,0,1,1,1,1782000290
2026-06-21T00:29:05Z,385,0,0,18,0,0,1,1,1,1781996557
2026-06-21T00:29:05Z,387,14,1,9,0,0,1,1,1,1782000888
2026-06-21T00:29:05Z,388,28,2,17,3,0,1,1,1,1782001080
2026-06-21T00:29:05Z,389,9,3,5,1,0,1,1,1,1782000691
2026-06-21T00:29:05Z,390,13,0,14,0,0,1,1,1,1782001700
2026-06-21T00:29:05Z,391,10,10,5,0,0,1,1,1,1781999549
2026-06-21T00:29:05Z,392,11,10,7,1,0,1,1,1,1781994275
2026-06-21T00:29:05Z,393,8,8,3,0,0,1,1,1,1781999498
2026-06-21T00:29:05Z,394,9,2,6,0,0,1,1,1,1782001375
2026-06-21T00:29:05Z,396,19,8,22,1,0,1,1,1,1782001210
2026-06-21T00:29:05Z,397,27,6,2,2,0,1,1,1,1782001417
2026-06-21T00:29:05Z,399,4,1,14,0,1,1,1,1,1782001739
2026-06-21T00:29:05Z,400,8,1,13,2,0,1,1,1,1782001401
2026-06-21T00:29:05Z,401,28,1,3,0,0,1,1,1,1782001649
2026-06-21T00:29:05Z,403,10,0,17,3,1,1,1,1,1782001537
2026-06-21T00:29:05Z,404,23,2,0,0,0,1,1,1,1782000997
2026-06-21T00:29:05Z,406,25,8,10,0,0,1,1,1,1782001728
2026-06-21T00:29:05Z,407,4,2,30,0,0,1,1,1,1782000418
2026-06-21T00:29:05Z,408,20,10,13,0,0,1,1,1,1782001103
2026-06-21T00:29:05Z,409,9,2,13,1,0,1,1,1,1782001286
2026-06-21T00:29:05Z,413,17,5,4,2,0,1,1,1,1782001050
2026-06-21T00:29:05Z,414,7,0,7,1,0,1,1,1,1782000801
2026-06-21T00:29:05Z,417,3,3,16,0,0,1,1,1,1782001435
2026-06-21T00:29:05Z,418,6,4,9,0,0,1,1,1,1781999792
2026-06-21T00:29:05Z,419,5,1,17,1,0,1,1,1,1781999168
2026-06-21T00:29:05Z,421,1,0,18,0,0,1,1,1,1782001415
2026-06-21T00:29:05Z,422,8,0,19,0,0,1,1,1,1781995508
2026-06-21T00:29:05Z,423,15,0,8,0,0,1,1,1,1781997700
2026-06-21T00:29:05Z,424,7,2,6,2,0,1,1,1,1782001558
2026-06-21T00:29:05Z,425,22,2,0,0,0,1,1,1,1782000268
2026-06-21T00:29:05Z,426,1,0,34,2,0,1,1,1,1782001734
2026-06-21T00:29:05Z,427,1,0,11,2,1,1,1,1,1782001049
2026-06-21T00:29:05Z,428,2,1,17,0,0,1,1,1,1781999625
2026-06-21T00:29:05Z,429,14,1,9,0,0,1,1,1,1782001591
2026-06-21T00:29:05Z,430,6,0,24,1,0,1,1,1,1782000792
2026-06-21T00:29:05Z,431,2,0,27,2,2,1,1,1,1781997720
2026-06-21T00:29:05Z,432,25,0,3,3,0,1,1,1,1782001600
2026-06-21T00:29:05Z,433,9,1,14,0,0,1,1,1,1782001530
2026-06-21T00:29:05Z,437,7,2,10,2,0,1,1,1,1782001710
2026-06-21T00:29:05Z,438,10,7,8,0,1,1,1,1,1782001439
2026-06-21T00:29:05Z,439,9,7,6,0,0,1,1,1,1782001579
2026-06-21T00:29:05Z,440,6,4,8,1,0,1,1,1,1782001085
2026-06-21T00:29:05Z,441,9,2,0,6,0,1,1,1,1782001159
2026-06-21T00:29:05Z,442,15,3,4,0,0,1,1,1,1782000310
2026-06-21T00:29:05Z,443,7,0,19,1,0,1,1,1,1781977804
2026-06-21T00:29:05Z,444,16,4,7,0,0,1,1,1,1781994533
2026-06-21T00:29:05Z,445,2,2,18,3,0,1,1,1,1782000821
2026-06-21T00:29:05Z,446,4,3,18,1,0,1,1,1,1782000415
2026-06-21T00:29:05Z,447,11,0,9,3,0,1,1,1,1781997401
2026-06-21T00:29:05Z,448,4,2,10,0,1,1,1,1,1781989899
2026-06-21T00:29:05Z,452,8,0,9,2,0,1,1,1,1782000619
2026-06-21T00:29:05Z,453,14,4,0,1,0,1,1,1,1782001636
2026-06-21T00:29:05Z,454,11,0,6,1,1,1,1,1,1782001035
2026-06-21T00:29:05Z,455,11,1,27,0,1,1,1,1,1782001231
2026-06-21T00:29:05Z,456,16,0,6,1,0,1,1,1,1782001735
2026-06-21T00:29:05Z,457,11,0,14,2,0,1,1,1,1782000981
2026-06-21T00:29:05Z,458,4,2,19,0,0,1,1,1,1781999813
2026-06-21T00:29:05Z,459,1,0,14,0,0,1,1,1,1782001248
2026-06-21T00:29:05Z,460,4,0,16,3,0,1,1,1,1782001606
2026-06-21T00:29:05Z,461,8,2,8,2,1,1,1,1,1782001464
2026-06-21T00:29:05Z,462,5,0,14,2,0,1,1,1,1782001537
2026-06-21T00:29:05Z,463,7,0,11,1,0,1,1,1,1781999782
2026-06-21T00:29:05Z,464,2,0,12,0,0,1,1,1,1781999028
2026-06-21T00:29:05Z,465,12,0,2,1,0,1,1,1,1782001713
2026-06-21T00:29:05Z,466,2,0,10,3,0,1,1,1,1781992918
2026-06-21T00:29:05Z,467,10,2,5,0,0,1,1,1,1782001528
2026-06-21T00:29:05Z,468,8,2,11,0,0,1,1,1,1781994188
2026-06-21T00:29:05Z,469,10,0,13,0,0,1,1,1,1781994524
2026-06-21T00:29:05Z,470,4,1,11,0,0,1,1,1,1781999741
2026-06-21T00:29:05Z,471,8,0,19,0,0,1,1,1,1782001710
2026-06-21T00:29:05Z,472,10,6,8,1,0,1,1,1,1782001491
2026-06-21T00:29:05Z,473,3,1,15,1,0,1,1,1,1781993264
2026-06-21T00:29:05Z,474,7,2,11,1,0,1,1,1,1782001527
2026-06-21T00:29:05Z,475,5,1,14,0,0,1,1,1,1782001542
2026-06-21T00:29:05Z,476,3,1,19,1,0,1,1,1,1782001328
2026-06-21T00:29:05Z,477,8,5,6,1,0,1,1,1,1782001069
2026-06-21T00:29:05Z,478,22,0,7,2,0,1,1,1,1782001270
2026-06-21T00:29:05Z,479,2,1,22,2,1,1,1,1,1782001445
2026-06-21T00:29:05Z,480,8,3,7,0,0,1,1,1,1781999273
2026-06-21T00:29:05Z,481,0,0,35,0,0,1,1,1,1781994472
2026-06-21T00:29:05Z,482,15,5,3,1,0,1,1,1,1782001184
2026-06-21T00:29:05Z,483,17,0,9,1,0,1,1,1,1782001599
2026-06-21T00:29:05Z,484,13,3,5,1,0,1,1,1,1782000997
2026-06-21T00:29:05Z,485,8,4,11,0,0,1,1,1,1782000381
2026-06-21T00:29:05Z,486,2,0,25,0,0,1,1,1,1782001277
2026-06-21T00:29:05Z,487,14,2,5,0,0,1,1,1,1781998215
2026-06-21T00:29:05Z,489,0,0,15,0,0,1,1,1,1782001318
2026-06-21T00:29:05Z,490,7,1,7,2,0,1,1,1,1782001436
2026-06-21T00:29:05Z,491,4,0,16,1,0,1,1,1,1782000051
2026-06-21T00:29:05Z,492,5,5,3,3,0,1,1,1,1782001141
2026-06-21T00:29:05Z,493,7,0,20,0,0,1,1,1,1782000321
2026-06-21T00:29:05Z,495,4,2,10,1,0,1,1,1,1782001660
2026-06-21T00:29:05Z,496,4,1,23,0,0,1,1,1,1782001019
2026-06-21T00:29:05Z,497,16,1,3,0,0,1,1,1,1782000890
2026-06-21T00:29:05Z,498,19,1,4,0,0,1,1,1,1782001388
2026-06-21T00:29:05Z,499,1,1,18,0,0,1,1,1,1781998191
2026-06-21T00:29:05Z,500,10,7,4,1,0,1,1,1,1782001313
2026-06-21T00:29:05Z,501,8,1,12,1,0,1,1,1,1782000829
2026-06-21T00:29:05Z,502,8,1,11,0,0,1,1,1,1782000596
2026-06-21T00:29:05Z,503,0,0,31,0,0,1,1,1,1781997969
2026-06-21T00:29:05Z,504,1,0,38,0,0,1,1,1,1782001598
2026-06-21T00:29:05Z,505,0,0,17,0,1,1,1,1,1782001448
2026-06-21T00:29:05Z,511,13,1,9,1,0,1,1,1,1782000518
2026-06-21T00:29:05Z,512,1,1,18,0,0,1,1,1,1782000878
2026-06-21T00:29:05Z,514,7,3,2,2,0,1,1,1,1782001705
2026-06-21T00:29:05Z,515,7,3,11,1,0,1,1,1,1782001223
2026-06-21T00:29:05Z,516,16,0,11,0,0,1,1,1,1782000799
2026-06-21T00:29:05Z,517,2,0,21,0,0,1,1,1,1782001167
2026-06-21T00:29:05Z,518,0,0,14,1,0,1,1,1,1781996086
2026-06-21T00:29:05Z,519,12,2,6,1,0,1,1,1,1781999016
2026-06-21T00:29:05Z,520,8,0,17,1,1,1,1,1,1782000724
2026-06-21T00:29:05Z,521,6,1,17,0,0,1,1,1,1782000385
2026-06-21T00:29:05Z,522,5,0,18,0,0,1,1,1,1782001339
2026-06-21T00:29:05Z,523,14,1,8,1,0,1,1,1,1781994240
2026-06-21T00:29:05Z,524,6,0,17,0,0,1,1,1,1782001102
2026-06-21T00:29:05Z,525,0,0,19,0,0,1,1,1,1781999230
2026-06-21T00:29:05Z,526,13,6,2,0,0,1,1,1,1782000811
2026-06-21T00:29:05Z,527,15,14,9,2,0,1,1,1,1782001186
2026-06-21T00:29:05Z,528,9,3,14,0,0,1,1,1,1782000061
2026-06-21T00:29:05Z,529,7,2,10,2,0,1,1,1,1782000828
2026-06-21T00:29:05Z,530,9,0,11,1,0,1,1,1,1782001252
2026-06-21T00:29:05Z,531,13,1,9,0,1,1,1,1,1782001471
2026-06-21T00:29:05Z,532,19,4,11,1,0,1,1,1,1781994646
2026-06-21T00:29:05Z,533,6,0,12,1,0,1,1,1,1782001537
2026-06-21T00:29:05Z,534,13,3,10,0,0,1,1,1,1782001619
2026-06-21T00:29:05Z,535,10,0,5,0,0,1,1,1,1781999681
2026-06-21T00:29:05Z,536,12,2,11,0,0,1,1,1,1782001734
2026-06-21T00:29:05Z,537,11,5,10,0,0,1,1,1,1782001440
2026-06-21T00:29:05Z,538,8,3,9,2,0,1,1,1,1782001555
2026-06-21T00:29:05Z,539,7,5,12,0,0,1,1,1,1782001149
2026-06-21T00:29:05Z,540,10,2,9,0,0,1,1,1,1782000979
2026-06-21T00:29:05Z,541,1,0,25,1,0,1,1,1,1782001734
2026-06-21T00:29:05Z,542,22,3,0,1,0,1,1,1,1782000457
2026-06-21T00:29:05Z,543,4,2,14,1,0,1,1,1,1782001495
2026-06-21T00:29:05Z,544,15,3,9,1,0,1,1,1,1782001695
2026-06-21T00:29:05Z,545,9,1,9,1,0,1,1,1,1782001286
2026-06-21T00:29:05Z,546,10,4,9,0,0,1,1,1,1782000823
2026-06-21T00:29:05Z,547,14,1,8,0,0,1,1,1,1782000650
2026-06-21T00:29:05Z,548,8,0,14,1,0,1,1,1,1782001732
2026-06-21T00:29:05Z,549,0,0,20,1,0,1,1,1,1782000659
2026-06-21T00:29:05Z,550,8,7,10,1,0,1,1,1,1782001737
2026-06-21T00:29:05Z,551,9,5,14,0,0,1,1,1,1781995831
2026-06-21T00:29:05Z,552,19,1,8,0,0,1,1,1,1782001520
2026-06-21T00:29:05Z,553,14,0,9,0,0,1,1,1,1782000548
2026-06-21T00:29:05Z,554,14,6,3,2,0,1,1,1,1781998793
2026-06-21T00:29:05Z,555,12,3,3,0,0,1,1,1,1782001652
2026-06-21T00:29:05Z,556,1,1,22,0,0,1,1,1,1782000472
2026-06-21T00:29:05Z,557,0,0,23,0,0,0,1,1,1781719859
2026-06-21T00:29:05Z,558,22,1,14,1,0,1,1,1,1782001712
2026-06-21T00:29:05Z,559,4,0,15,0,0,1,1,1,1781995096
2026-06-21T00:29:05Z,560,1,0,25,1,0,1,1,1,1782001733
2026-06-21T00:29:05Z,561,14,0,8,1,0,1,1,1,1782001036
2026-06-21T00:29:05Z,562,4,0,28,3,0,1,1,1,1782001139
2026-06-21T00:29:05Z,563,3,0,11,0,0,1,1,1,1782001435
2026-06-21T00:29:05Z,564,9,0,9,1,0,1,1,1,1782001465
2026-06-21T00:29:05Z,565,0,0,17,1,1,1,1,1,1782000697
2026-06-21T00:29:05Z,566,5,1,12,2,0,1,1,1,1782001651
2026-06-21T00:29:05Z,567,2,0,24,1,0,1,1,1,1782000957
2026-06-21T00:29:05Z,568,8,0,11,0,0,1,1,1,1781997927
2026-06-21T00:29:05Z,569,6,0,13,0,0,1,1,1,1781999403
2026-06-21T00:29:05Z,570,8,1,11,0,0,1,1,1,1782000756
2026-06-21T00:29:05Z,571,6,0,17,0,0,1,1,1,1782000467
2026-06-21T00:29:05Z,572,4,3,14,1,0,1,1,1,1782001553
2026-06-21T00:29:05Z,573,1,0,13,1,0,1,1,1,1782000478
2026-06-21T00:29:05Z,574,3,3,9,3,0,1,1,1,1782000633
2026-06-21T00:29:05Z,575,15,1,4,2,0,1,1,1,1782001675
2026-06-21T00:29:05Z,576,13,2,4,2,0,1,1,1,1782000747
2026-06-21T00:29:05Z,577,11,0,20,0,0,1,1,1,1782001441
2026-06-21T00:29:05Z,578,19,5,2,2,0,1,1,1,1782000974
2026-06-21T00:29:05Z,579,21,4,22,0,0,1,1,1,1782001525
2026-06-21T00:29:05Z,580,28,0,0,3,0,1,1,1,1782001737
2026-06-21T00:29:05Z,581,2,0,16,1,0,1,1,1,1782001659
2026-06-21T00:29:05Z,582,30,1,27,4,0,1,1,1,1782001734
2026-06-21T00:29:05Z,583,1,0,22,0,0,1,1,1,1782000927
2026-06-21T00:29:05Z,584,8,8,8,3,0,1,1,1,1782001660
2026-06-21T00:29:05Z,585,15,1,12,0,0,1,1,1,1782001482
2026-06-21T00:29:05Z,586,32,2,2,1,0,1,1,1,1782000245
2026-06-21T00:29:05Z,587,1,1,23,3,0,1,1,1,1782001733
2026-06-21T00:29:05Z,588,5,2,14,0,0,1,1,1,1782001727
2026-06-21T00:29:05Z,589,17,7,6,0,0,1,1,1,1781998937
2026-06-21T00:29:05Z,590,3,0,28,0,0,1,1,1,1782001676
2026-06-21T00:29:05Z,591,16,0,5,1,0,1,1,1,1782001607
2026-06-21T00:29:05Z,592,3,0,20,0,0,1,1,1,1782001483
2026-06-21T00:29:05Z,593,25,2,14,0,0,1,1,1,1782001716
2026-06-21T00:29:05Z,594,2,0,18,1,0,1,1,1,1782001623
2026-06-21T00:29:05Z,595,0,0,3,0,0,0,1,1,1779985765
2026-06-21T00:29:05Z,605,0,0,3,0,0,0,1,1,1780413752
2026-06-21T00:29:05Z,606,0,0,3,0,0,0,1,1,1781723852
2026-06-21T00:29:05Z,607,11,4,22,0,0,1,1,1,1782001545
2026-06-21T00:29:05Z,608,27,0,27,0,0,1,1,1,1782001706
2026-06-21T00:29:05Z,609,16,1,7,0,0,1,1,1,1782001286
2026-06-21T00:29:05Z,610,0,0,34,1,0,0,1,1,1781869880
2026-06-21T00:29:05Z,611,26,2,1,0,0,1,1,1,1782001499
2026-06-21T00:29:05Z,612,7,1,8,0,0,1,1,1,1781998677
2026-06-21T00:29:05Z,613,1,0,11,2,0,1,1,1,1782001632
2026-06-21T00:29:05Z,614,11,1,11,4,1,1,1,1,1782000338
2026-06-21T00:29:05Z,617,1,0,14,0,0,1,1,1,1782000252
2026-06-21T00:29:05Z,618,7,2,10,2,0,1,1,1,1782000915
2026-06-21T00:29:05Z,619,17,1,2,0,0,1,1,1,1782001604
2026-06-21T00:29:05Z,620,8,8,15,0,0,1,1,1,1782001135
2026-06-21T00:29:05Z,621,7,5,16,0,0,1,1,1,1782001561
2026-06-21T00:29:05Z,622,5,0,17,1,0,1,1,1,1782000908
2026-06-21T00:29:05Z,623,11,2,18,1,0,1,1,1,1782000669
2026-06-21T00:29:05Z,624,4,3,8,3,0,1,1,1,1781999173
2026-06-21T00:29:05Z,625,9,2,12,0,0,1,1,1,1782001552
2026-06-21T00:29:05Z,626,22,0,22,0,2,1,1,1,1782001509
2026-06-21T00:29:05Z,627,16,1,3,0,0,1,1,1,1781990733
2026-06-21T00:29:05Z,628,5,4,12,0,2,1,1,1,1782001520
2026-06-21T00:29:05Z,629,2,1,8,1,0,1,1,1,1781996755
2026-06-21T00:29:05Z,630,5,2,20,2,0,1,1,1,1781981887
2026-06-21T00:29:05Z,631,14,3,9,0,0,1,1,1,1781999559
2026-06-21T00:29:05Z,632,4,3,15,4,0,1,1,1,1782001564
2026-06-21T00:29:05Z,633,4,1,9,2,0,1,1,1,1781988354
2026-06-21T00:29:05Z,634,6,3,11,1,1,1,1,1,1781999518
2026-06-21T00:29:05Z,635,13,2,6,0,0,1,1,1,1782001728
2026-06-21T00:29:05Z,636,1,0,14,0,0,1,1,1,1781945782
2026-06-21T00:29:05Z,637,11,5,8,0,0,1,1,1,1781996952
2026-06-21T00:29:05Z,638,5,4,13,1,0,1,1,1,1781991778
2026-06-21T00:29:05Z,639,8,3,3,6,2,1,1,1,1782001654
2026-06-21T00:29:05Z,640,10,2,9,4,0,1,1,1,1782001716
2026-06-21T00:29:05Z,641,4,1,23,0,0,1,1,1,1782001692
2026-06-21T00:29:05Z,642,5,3,12,2,0,1,1,1,1782001380
2026-06-21T00:29:05Z,643,3,1,21,3,0,1,1,1,1782001374
2026-06-21T00:29:05Z,644,0,0,14,0,1,1,1,1,1782001411
2026-06-21T00:29:05Z,645,10,3,12,0,1,1,1,1,1781996541
2026-06-21T00:29:05Z,646,3,1,15,1,0,1,1,1,1782000320
2026-06-21T00:29:05Z,647,18,0,13,0,0,1,1,1,1782001462
2026-06-21T00:29:05Z,648,13,0,5,1,0,1,1,1,1782000007
2026-06-21T00:29:05Z,649,14,2,17,0,0,1,1,1,1782000126
2026-06-21T00:29:05Z,650,12,0,5,0,0,1,1,1,1781998519
2026-06-21T00:29:05Z,651,17,4,4,2,0,1,1,1,1782000827
2026-06-21T00:29:05Z,652,8,5,11,4,0,1,1,1,1782001637
2026-06-21T00:29:05Z,653,3,2,15,0,1,1,1,1,1782000987
2026-06-21T00:29:05Z,654,4,1,11,0,0,1,1,1,1781996001
2026-06-21T00:29:05Z,655,2,0,13,0,0,1,1,1,1781995716
2026-06-21T00:29:05Z,656,4,0,15,0,0,1,1,1,1782001574
2026-06-21T00:29:05Z,657,4,3,6,7,0,1,1,1,1782001568
2026-06-21T00:29:05Z,658,9,3,14,0,0,1,1,1,1782001659
2026-06-21T00:29:05Z,659,9,9,5,1,0,1,1,1,1781998457
2026-06-21T00:29:05Z,660,25,4,6,0,0,1,1,1,1781999469
2026-06-21T00:29:05Z,661,10,5,8,1,0,1,1,1,1781999167
2026-06-21T00:29:05Z,662,5,0,18,0,0,1,1,1,1781987092
2026-06-21T00:29:05Z,663,8,1,7,0,0,1,1,1,1782001716
2026-06-21T00:29:05Z,664,5,0,20,2,0,1,1,1,1782000932
2026-06-21T00:29:05Z,665,8,1,7,0,0,1,1,1,1782000563
2026-06-21T00:29:05Z,666,6,2,8,1,0,1,1,1,1781992374
2026-06-21T00:29:05Z,667,19,3,0,0,0,1,1,1,1782001686
2026-06-21T00:29:05Z,668,6,1,12,1,0,1,1,1,1782000928
2026-06-21T00:29:05Z,669,6,3,7,1,0,1,1,1,1782001203
2026-06-21T00:29:05Z,670,1,0,26,0,0,1,1,1,1781992728
2026-06-21T00:29:05Z,671,2,0,25,0,0,1,1,1,1782001600
2026-06-21T00:29:05Z,672,7,0,13,3,0,1,1,1,1781996970
2026-06-21T00:29:05Z,673,7,1,16,0,0,1,1,1,1781998216
2026-06-21T00:29:05Z,674,15,12,7,1,0,1,1,1,1782001569
2026-06-21T00:29:05Z,675,11,2,2,1,1,1,1,1,1782001676
2026-06-21T00:29:05Z,676,9,1,12,1,1,1,1,1,1782001735
2026-06-21T00:29:05Z,681,9,0,1,5,0,1,1,1,1781997748
2026-06-21T00:29:05Z,682,11,4,7,1,0,1,1,1,1781981475
2026-06-21T00:29:05Z,683,5,2,11,3,0,1,1,1,1781973210
2026-06-21T00:29:05Z,684,12,0,14,1,0,1,1,1,1782001608
2026-06-21T00:29:05Z,685,7,2,18,1,1,1,1,1,1781987383
2026-06-21T00:29:05Z,686,4,0,22,0,1,1,1,1,1782001436
2026-06-21T00:29:05Z,687,13,4,17,0,1,1,1,1,1781986019
2026-06-21T00:29:05Z,688,10,5,8,1,0,1,1,1,1781997843
2026-06-21T00:29:05Z,692,11,10,10,0,0,1,1,1,1782001342
2026-06-21T00:29:05Z,693,3,1,8,0,0,1,1,1,1782000084
2026-06-21T00:29:05Z,694,7,2,13,1,0,1,1,1,1782001120
2026-06-21T00:29:05Z,695,17,8,5,1,0,1,1,1,1782000415
2026-06-21T00:29:05Z,696,8,4,14,1,0,1,1,1,1782001703
2026-06-21T00:29:05Z,697,13,1,9,1,0,1,1,1,1782001373
2026-06-21T00:29:05Z,698,7,1,18,2,0,1,1,1,1782001226
2026-06-21T00:29:05Z,699,7,0,8,0,0,1,1,1,1782001670
2026-06-21T00:29:05Z,700,6,0,12,1,0,1,1,1,1782001320
2026-06-21T00:29:05Z,701,5,0,13,1,0,1,1,1,1782001302
2026-06-21T00:29:05Z,702,18,2,4,1,0,1,1,1,1782001128
2026-06-21T00:29:05Z,703,11,7,12,0,0,1,1,1,1782001689
2026-06-21T00:29:05Z,704,2,0,13,0,0,1,1,1,1781999999
2026-06-21T00:29:05Z,705,2,0,13,0,0,1,1,1,1782001719
2026-06-21T00:29:05Z,706,9,2,6,0,0,1,1,1,1782001654
2026-06-21T00:29:05Z,707,2,2,13,0,0,1,1,1,1782001737
2026-06-21T00:29:05Z,708,8,0,11,0,0,1,1,1,1782000323
2026-06-21T00:29:05Z,709,4,1,7,4,0,1,1,1,1782000268
2026-06-21T00:29:05Z,710,0,0,19,0,0,1,1,1,1782000151
2026-06-21T00:29:05Z,711,6,4,10,3,0,1,1,1,1782001261
2026-06-21T00:29:05Z,712,8,3,5,2,0,1,1,1,1782001692
2026-06-21T00:29:05Z,713,14,4,8,1,0,1,1,1,1782000771
2026-06-21T00:29:05Z,716,3,1,8,4,0,1,1,1,1782001630
2026-06-21T00:29:05Z,717,7,1,15,3,0,1,1,1,1782000597
2026-06-21T00:29:05Z,718,3,2,12,0,0,1,1,1,1782000955
2026-06-21T00:29:05Z,719,4,0,25,0,0,1,1,1,1781999940
2026-06-21T00:29:05Z,720,7,1,11,1,0,1,1,1,1782001612
2026-06-21T00:29:05Z,721,7,1,16,0,0,1,1,1,1782001419
2026-06-21T00:29:05Z,722,7,0,8,0,0,1,1,1,1782001073
2026-06-21T00:29:05Z,723,7,0,15,1,0,1,1,1,1782000565
2026-06-21T00:29:05Z,724,3,0,20,0,0,1,1,1,1782001582
2026-06-21T00:29:05Z,725,6,1,17,0,0,1,1,1,1782001039
2026-06-21T00:29:05Z,726,4,1,15,0,0,1,1,1,1782001123
2026-06-21T00:29:05Z,727,3,0,19,1,0,1,1,1,1782001585
2026-06-21T00:29:05Z,728,2,0,9,4,0,1,1,1,1782001489
2026-06-21T00:29:05Z,729,0,0,18,1,0,1,1,1,1782000333
2026-06-21T00:29:05Z,730,2,1,13,0,0,1,1,1,1782001171
2026-06-21T00:29:05Z,731,1,0,14,0,0,1,1,1,1782001720
2026-06-21T00:29:05Z,732,5,3,10,0,0,1,1,1,1782000151
2026-06-21T00:29:05Z,733,2,0,24,1,0,1,1,1,1782001454
2026-06-21T00:29:05Z,734,8,3,6,0,0,1,1,1,1782000076
2026-06-21T00:29:05Z,735,13,5,6,0,0,1,1,1,1782001013
2026-06-21T00:29:05Z,736,6,0,10,3,0,1,1,1,1782000686
2026-06-21T00:29:05Z,737,3,0,12,0,0,1,1,1,1781999963
2026-06-21T00:29:05Z,738,19,6,0,0,0,1,1,1,1782000311
2026-06-21T00:29:05Z,739,13,3,14,0,0,1,1,1,1782001312
2026-06-21T00:29:05Z,741,3,0,20,0,0,1,1,1,1782000556
2026-06-21T00:29:05Z,742,19,0,20,0,0,1,1,1,1782001523
2026-06-21T00:29:05Z,743,3,2,16,0,0,1,1,1,1782000365
2026-06-21T00:29:05Z,744,4,1,11,0,0,1,1,1,1782000403
2026-06-21T00:29:05Z,745,2,0,17,0,0,1,1,1,1782000378
2026-06-21T00:29:05Z,746,1,0,22,0,0,1,1,1,1782000239
2026-06-21T00:29:05Z,747,1,0,18,0,0,1,1,1,1782001317
2026-06-21T00:29:05Z,748,10,6,13,0,0,1,1,1,1782000865
2026-06-21T00:29:05Z,749,5,0,17,1,0,1,1,1,1782000612
2026-06-21T00:29:05Z,750,2,1,9,0,0,1,1,1,1782000832
2026-06-21T00:29:05Z,751,12,12,10,1,0,1,1,1,1782001606
2026-06-21T00:29:05Z,752,11,3,5,1,0,1,1,1,1782001542
2026-06-21T00:29:05Z,753,6,1,9,0,0,1,1,1,1782001083
2026-06-21T00:29:05Z,754,5,2,10,0,0,1,1,1,1782000558
2026-06-21T00:29:05Z,755,15,8,4,0,0,1,1,1,1782001684
2026-06-21T00:29:05Z,756,28,8,9,0,0,1,1,1,1782000680
2026-06-21T00:29:05Z,757,0,0,19,0,0,1,1,1,1782001699
2026-06-21T00:29:05Z,758,17,6,6,0,0,1,1,1,1782001541
2026-06-21T00:29:05Z,759,8,3,5,2,0,1,1,1,1782000432
2026-06-21T00:29:05Z,760,11,1,7,0,1,1,1,1,1782000833
2026-06-21T00:29:05Z,761,18,9,5,0,0,1,1,1,1782001337
2026-06-21T00:29:05Z,762,6,0,9,0,0,1,1,1,1782001188
2026-06-21T00:29:05Z,768,6,1,7,6,0,1,1,1,1782001254
2026-06-21T00:29:05Z,769,17,3,2,0,0,1,1,1,1782001532
2026-06-21T00:29:05Z,770,5,1,13,1,0,1,1,1,1782000356
2026-06-21T00:29:05Z,771,4,2,11,0,0,1,1,1,1782001478
2026-06-21T00:29:05Z,772,1,0,14,0,0,1,1,1,1782001653
2026-06-21T00:29:05Z,773,6,2,11,2,0,1,1,1,1782001435
2026-06-21T00:29:05Z,774,7,1,7,1,0,1,1,1,1782000880
2026-06-21T00:29:05Z,775,8,4,10,1,0,1,1,1,1781996242
2026-06-21T00:29:05Z,776,3,1,17,1,0,1,1,1,1782000491
2026-06-21T00:29:05Z,777,4,4,6,5,0,1,1,1,1782000277
2026-06-21T00:29:05Z,778,1,0,16,2,0,1,1,1,1781975796
2026-06-21T00:29:05Z,779,8,4,10,1,0,1,1,1,1782000601
2026-06-21T00:29:05Z,780,2,0,14,2,1,1,1,1,1782001512
2026-06-21T00:29:05Z,781,4,1,6,1,0,1,1,1,1782000025
2026-06-21T00:29:05Z,782,8,4,11,0,0,1,1,1,1782001390
2026-06-21T00:29:05Z,783,1,0,17,0,1,1,1,1,1782001403
2026-06-21T00:29:05Z,784,12,0,7,0,0,1,1,1,1782001509
2026-06-21T00:29:05Z,785,7,4,5,2,0,1,1,1,1782001525
2026-06-21T00:29:05Z,786,6,1,12,1,0,1,1,1,1781987590
2026-06-21T00:29:05Z,787,7,1,8,0,0,1,1,1,1782001355
2026-06-21T00:29:05Z,788,3,2,12,0,0,1,1,1,1782001435
2026-06-21T00:29:05Z,789,4,0,11,0,0,1,1,1,1782001207
2026-06-21T00:29:05Z,790,17,1,6,0,0,1,1,1,1782001073
2026-06-21T00:29:05Z,791,2,0,17,0,0,1,1,1,1782001327
2026-06-21T00:29:05Z,793,0,0,15,0,0,1,1,1,1782001507
2026-06-21T00:29:05Z,794,28,2,1,0,0,1,1,1,1782000427
2026-06-21T00:29:05Z,796,7,1,11,1,0,1,1,1,1782000508
2026-06-21T00:29:05Z,797,4,2,11,0,0,1,1,1,1782001563
2026-06-21T00:29:05Z,798,0,0,25,0,0,1,1,1,1782001160
2026-06-21T00:29:05Z,799,1,1,17,1,0,1,1,1,1782000249
2026-06-21T00:29:05Z,800,5,0,15,1,0,1,1,1,1782001141
2026-06-21T00:29:05Z,801,9,5,12,0,0,1,1,1,1782001057
2026-06-21T00:29:05Z,802,1,0,29,1,0,1,1,1,1782001077
2026-06-21T00:29:05Z,803,8,0,7,0,0,1,1,1,1782001545
2026-06-21T00:29:05Z,806,15,10,0,0,0,1,1,1,1782000839
2026-06-21T00:29:05Z,807,16,2,5,4,0,1,1,1,1782000656
2026-06-21T00:29:05Z,808,9,1,15,1,0,1,1,1,1781997803
2026-06-21T00:29:05Z,809,7,1,16,0,0,1,1,1,1782001048
2026-06-21T00:29:05Z,810,11,6,8,0,0,1,1,1,1782000292
2026-06-21T00:29:05Z,815,9,1,6,0,0,1,1,1,1782000376
2026-06-21T00:29:05Z,817,7,4,5,3,0,1,1,1,1782001558
2026-06-21T00:29:05Z,818,6,1,17,0,0,1,1,1,1782000093
2026-06-21T00:29:05Z,819,2,0,11,2,0,1,1,1,1782001100
2026-06-21T00:29:05Z,820,0,0,17,0,0,1,1,1,1782001614
2026-06-21T00:29:05Z,821,1,0,12,2,0,1,1,1,1782001609
2026-06-21T00:29:05Z,822,14,2,9,0,0,1,1,1,1782001505
2026-06-21T00:29:05Z,823,15,1,0,0,0,1,1,1,1782001696
2026-06-21T00:29:05Z,824,9,3,9,1,0,1,1,1,1782001554
2026-06-21T00:29:05Z,825,1,0,14,0,0,1,1,1,1781996982
2026-06-21T00:29:05Z,826,3,0,16,0,0,1,1,1,1782000085
2026-06-21T00:29:05Z,827,15,1,5,1,0,1,1,1,1782001183
2026-06-21T00:29:05Z,828,17,2,0,1,0,1,1,1,1782001341
2026-06-21T00:29:05Z,829,8,4,19,0,0,1,1,1,1781992528
2026-06-21T00:29:05Z,830,6,0,17,0,0,1,1,1,1782001278
2026-06-21T00:29:05Z,831,3,1,11,1,0,1,1,1,1782000744
2026-06-21T00:29:05Z,832,4,2,12,2,0,1,1,1,1782000255
2026-06-21T00:29:05Z,833,10,1,9,0,0,1,1,1,1782001551
2026-06-21T00:29:05Z,834,2,0,22,0,0,1,1,1,1782001710
2026-06-21T00:29:05Z,835,17,2,1,0,0,1,1,1,1782001371
2026-06-21T00:29:05Z,837,7,2,7,1,0,1,1,1,1782000429
2026-06-21T00:29:05Z,838,1,0,13,1,0,1,1,1,1782001093
2026-06-21T00:29:05Z,839,19,0,10,0,0,1,1,1,1782001681
2026-06-21T00:29:05Z,840,26,4,2,1,0,1,1,1,1782000780
2026-06-21T00:29:05Z,841,6,0,8,1,0,1,1,1,1782001683
2026-06-21T00:29:05Z,842,9,3,13,0,1,1,1,1,1782000852
2026-06-21T00:29:05Z,843,7,6,24,0,0,1,1,1,1782000991
2026-06-21T00:29:05Z,844,6,3,16,1,0,1,1,1,1782001673
2026-06-21T00:29:05Z,845,0,0,19,0,0,1,1,1,1782001560
2026-06-21T00:29:05Z,846,8,2,10,0,1,1,1,1,1782000377
2026-06-21T00:29:05Z,847,14,3,13,0,0,1,1,1,1782000586
2026-06-21T00:29:05Z,848,15,0,4,0,0,1,1,1,1782000524
2026-06-21T00:29:05Z,849,10,3,1,4,0,1,1,1,1782000980
2026-06-21T00:29:05Z,850,5,0,6,0,0,1,1,1,1782001726
2026-06-21T00:29:05Z,851,20,8,16,1,0,1,1,1,1782001696
2026-06-21T00:29:05Z,852,6,0,12,1,0,1,1,1,1782001143
2026-06-21T00:29:05Z,853,2,0,20,1,0,1,1,1,1781996821
2026-06-21T00:29:05Z,854,10,4,5,0,0,1,1,1,1781985782
2026-06-21T00:29:05Z,855,6,2,20,1,0,1,1,1,1782001593
2026-06-21T00:29:05Z,857,13,5,6,0,0,1,1,1,1782001069
2026-06-21T00:29:05Z,858,0,0,18,1,0,1,1,1,1781999946
2026-06-21T00:29:05Z,859,8,2,13,0,0,1,1,1,1782000737
2026-06-21T00:29:05Z,861,2,1,9,0,0,1,1,1,1782000497
2026-06-21T00:29:05Z,862,0,0,15,0,0,1,1,1,1782000774
2026-06-21T00:29:05Z,863,1,1,18,0,0,1,1,1,1782001085
2026-06-21T00:29:05Z,866,4,2,15,0,0,1,1,1,1781998336
2026-06-21T00:29:05Z,867,3,1,12,0,0,1,1,1,1782000238
2026-06-21T00:29:05Z,868,14,4,1,0,0,1,1,1,1782001372
2026-06-21T00:29:05Z,870,12,3,3,0,0,1,1,1,1782001265
2026-06-21T00:29:05Z,871,7,0,4,0,0,1,1,1,1782000262
2026-06-21T00:29:05Z,872,11,1,4,0,0,1,1,1,1782001536
2026-06-21T00:29:05Z,873,0,0,33,0,0,1,1,1,1782001405
2026-06-21T00:29:05Z,874,12,1,3,0,0,1,1,1,1782001009
2026-06-21T00:29:05Z,875,14,4,1,0,0,1,1,1,1782001437
2026-06-21T00:29:05Z,877,15,6,4,0,0,1,1,1,1782001460
2026-06-21T00:29:05Z,878,2,1,17,0,0,1,1,1,1782001215
2026-06-21T00:29:05Z,879,5,2,11,3,0,1,1,1,1782000226
2026-06-21T00:29:05Z,880,2,1,20,1,0,1,1,1,1782000207
2026-06-21T00:29:05Z,881,8,0,7,4,0,1,1,1,1782001684
2026-06-21T00:29:05Z,882,11,5,8,0,0,1,1,1,1782000500
2026-06-21T00:29:05Z,883,0,0,18,1,0,0,1,1,1781529111
2026-06-21T00:29:05Z,884,11,6,10,0,0,1,1,1,1781983424
2026-06-21T00:29:05Z,885,1,1,18,0,0,1,1,1,1781978002
2026-06-21T00:29:05Z,886,18,2,8,3,0,1,1,1,1782000623
2026-06-21T00:29:05Z,887,9,2,8,0,0,1,1,1,1782001632
2026-06-21T00:29:05Z,888,40,10,0,1,0,1,1,1,1782001387
2026-06-21T00:29:05Z,889,0,0,19,0,0,1,1,1,1782000479
2026-06-21T00:29:05Z,890,0,0,15,0,0,1,1,1,1781998737
2026-06-21T00:29:05Z,891,4,1,19,0,0,1,1,1,1782001338
2026-06-21T00:29:05Z,892,7,2,8,0,0,1,1,1,1781999678
2026-06-21T00:29:05Z,895,11,0,7,1,0,1,1,1,1782000267
2026-06-21T00:29:05Z,896,10,0,24,1,0,1,1,1,1782001002
2026-06-21T00:29:05Z,897,8,1,12,1,0,1,1,1,1782000373
2026-06-21T00:29:05Z,898,6,0,13,0,0,1,1,1,1782001698
2026-06-21T00:29:05Z,899,2,1,17,0,0,1,1,1,1782001025
2026-06-21T00:29:05Z,900,4,0,23,0,0,1,1,1,1782001736
2026-06-21T00:29:05Z,901,8,0,11,0,0,1,1,1,1782001736
2026-06-21T00:29:05Z,902,6,0,9,0,0,1,1,1,1782001015
2026-06-21T00:29:05Z,903,4,1,15,0,0,1,1,1,1782001479
2026-06-21T00:29:05Z,904,15,6,3,1,0,1,1,1,1782001505
2026-06-21T00:29:05Z,905,11,0,15,1,0,1,1,1,1782001069
2026-06-21T00:29:05Z,906,12,9,15,0,0,1,1,1,1782001689
2026-06-21T00:29:05Z,907,0,0,31,0,0,1,1,1,1782000045
2026-06-21T00:29:05Z,908,4,0,19,0,0,1,1,1,1782000848
2026-06-21T00:29:05Z,909,5,1,17,1,0,1,1,1,1782001543
2026-06-21T00:29:05Z,910,10,0,20,1,0,1,1,1,1782001629
2026-06-21T00:29:05Z,911,10,0,9,0,0,1,1,1,1782001427
2026-06-21T00:29:05Z,912,11,0,10,2,0,1,1,1,1782001719
2026-06-21T00:29:05Z,913,1,1,18,0,0,1,1,1,1781984093
2026-06-21T00:29:05Z,914,11,1,8,0,0,1,1,1,1782000792
2026-06-21T00:29:05Z,915,19,1,4,0,0,1,1,1,1782001152
2026-06-21T00:29:05Z,916,5,1,18,0,0,1,1,1,1782001486
2026-06-21T00:29:05Z,917,12,0,23,0,0,1,1,1,1782000578
2026-06-21T00:29:05Z,918,11,1,7,1,0,1,1,1,1782001542
2026-06-21T00:29:05Z,919,4,0,33,2,0,1,1,1,1782001632
2026-06-21T00:29:05Z,920,6,1,13,0,0,1,1,1,1782000018
2026-06-21T00:29:05Z,921,7,0,13,1,0,1,1,1,1781996777
2026-06-21T00:29:05Z,922,3,1,18,0,0,1,1,1,1782000497
2026-06-21T00:29:05Z,923,3,1,16,0,0,1,1,1,1782001449
2026-06-21T00:29:05Z,924,12,1,9,0,0,1,1,1,1782000745
2026-06-21T00:29:05Z,925,12,1,8,1,0,1,1,1,1782001517
2026-06-21T00:29:05Z,926,13,1,8,0,0,1,1,1,1782000734
2026-06-21T00:29:05Z,927,5,3,30,0,0,1,1,1,1781999972
2026-06-21T00:29:05Z,928,5,0,14,0,0,1,1,1,1782000167
2026-06-21T00:29:05Z,929,11,0,8,3,1,1,1,1,1782001600
2026-06-21T00:29:05Z,930,6,0,25,0,0,1,1,1,1782000482
2026-06-21T00:29:05Z,931,2,1,19,2,0,1,1,1,1782001335
2026-06-21T00:29:05Z,932,4,0,15,0,0,1,1,1,1782001663
2026-06-21T00:29:05Z,933,10,1,13,0,0,1,1,1,1782001374
2026-06-21T00:29:05Z,934,10,0,21,0,0,1,1,1,1782001231
2026-06-21T00:29:05Z,935,1,0,18,0,0,1,1,1,1782001702
2026-06-21T00:29:05Z,936,9,1,10,0,0,1,1,1,1782001356
2026-06-21T00:29:05Z,940,5,0,6,0,0,1,1,1,1782001232
2026-06-21T00:29:05Z,941,14,0,10,1,0,1,1,1,1781995158
2026-06-21T00:29:05Z,942,15,2,6,0,0,1,1,1,1782001476
2026-06-21T00:29:05Z,943,7,7,7,1,0,1,1,1,1782001266
2026-06-21T00:29:05Z,944,4,4,11,0,0,1,1,1,1781986245
2026-06-21T00:29:05Z,945,7,4,8,0,0,1,1,1,1782001440
2026-06-21T00:29:05Z,946,12,9,7,0,0,1,1,1,1782000605
2026-06-21T00:29:05Z,947,6,5,11,0,0,1,1,1,1782000565
2026-06-21T00:29:05Z,948,13,7,16,2,0,1,1,1,1782000911
2026-06-21T00:29:05Z,949,9,0,5,1,0,1,1,1,1782001679
2026-06-21T00:29:05Z,950,11,1,6,0,0,1,1,1,1782000841
2026-06-21T00:29:05Z,951,12,5,9,2,0,1,1,1,1782001531
2026-06-21T00:29:05Z,952,17,0,36,2,0,1,1,1,1782001707
2026-06-21T00:29:05Z,953,3,1,11,1,0,1,1,1,1782000025
2026-06-21T00:29:05Z,954,0,0,19,0,0,1,1,1,1782000831
2026-06-21T00:29:05Z,955,10,1,13,3,1,1,1,1,1782000611
2026-06-21T00:29:05Z,956,7,0,12,0,0,1,1,1,1781990307
2026-06-21T00:29:05Z,957,19,0,10,0,0,1,1,1,1782001444
2026-06-21T00:29:05Z,958,2,0,29,0,0,1,1,1,1782001584
2026-06-21T00:29:05Z,959,15,0,7,1,0,1,1,1,1782001525
2026-06-21T00:29:05Z,960,9,0,12,2,0,1,1,1,1782001596
2026-06-21T00:29:05Z,961,19,2,4,0,0,1,1,1,1782000899
2026-06-21T00:29:05Z,962,8,0,23,4,0,1,1,1,1782001638
2026-06-21T00:29:05Z,963,4,0,19,0,0,1,1,1,1782001735
2026-06-21T00:29:05Z,964,8,3,15,0,0,1,1,1,1782001679
2026-06-21T00:29:05Z,965,11,4,15,1,0,1,1,1,1782000657
2026-06-21T00:29:05Z,966,31,1,0,0,0,1,1,1,1782001491
2026-06-21T00:29:05Z,967,7,0,13,1,0,1,1,1,1782001165
2026-06-21T00:29:05Z,968,2,0,17,0,0,1,1,1,1782000887
2026-06-21T00:29:05Z,969,10,8,17,0,0,1,1,1,1782001656
2026-06-21T00:29:05Z,970,7,0,11,1,0,1,1,1,1782001519
2026-06-21T00:29:05Z,971,5,0,18,0,0,1,1,1,1782001384
2026-06-21T00:29:05Z,972,6,2,17,0,0,1,1,1,1782001509
2026-06-21T00:29:05Z,973,9,1,13,1,0,1,1,1,1782000015
2026-06-21T00:29:05Z,974,5,0,22,0,0,1,1,1,1782001624
2026-06-21T00:29:05Z,977,5,3,16,0,0,1,1,1,1782000720
2026-06-21T00:29:05Z,978,9,4,14,0,0,1,1,1,1782000595
2026-06-21T00:29:05Z,979,4,0,12,1,0,1,1,1,1782001378
2026-06-21T00:29:05Z,980,6,0,15,0,0,1,1,1,1782000705
2026-06-21T00:29:05Z,981,8,0,12,1,0,1,1,1,1782001589
2026-06-21T00:29:05Z,982,8,0,10,1,0,1,1,1,1782000749
2026-06-21T00:29:05Z,983,13,6,10,0,0,1,1,1,1782000008
2026-06-21T00:29:05Z,984,6,3,17,0,0,1,1,1,1782000222
2026-06-21T00:29:05Z,985,5,0,26,0,0,1,1,1,1782001382
2026-06-21T00:29:05Z,986,14,4,5,0,0,1,1,1,1781999951
2026-06-21T00:29:05Z,987,6,0,17,0,0,1,1,1,1782001111
2026-06-21T00:29:05Z,988,9,2,10,0,0,1,1,1,1782001586
2026-06-21T00:29:05Z,989,13,10,5,1,0,1,1,1,1782000003
2026-06-21T00:29:05Z,990,7,0,7,1,0,1,1,1,1782001092
2026-06-21T00:29:05Z,991,15,6,4,0,0,1,1,1,1782001656
2026-06-21T00:29:05Z,992,0,0,23,0,0,1,1,1,1782000408
2026-06-21T00:29:05Z,993,17,6,10,0,0,1,1,1,1782001671
2026-06-21T00:29:05Z,994,1,0,20,0,0,1,1,1,1781977886
2026-06-21T00:29:05Z,995,22,3,4,1,0,1,1,1,1782001330
2026-06-21T00:29:05Z,996,12,5,11,0,0,1,1,1,1782000399
2026-06-21T00:29:05Z,997,8,5,15,0,0,1,1,1,1782000822
2026-06-21T00:29:05Z,998,1,0,22,0,0,1,1,1,1782000792
2026-06-21T00:29:05Z,999,12,2,7,1,1,1,1,1,1782000830
2026-06-21T00:29:05Z,1000,14,6,6,1,0,1,1,1,1782001362
2026-06-21T00:29:05Z,1001,8,6,19,0,0,1,1,1,1782000732
2026-06-21T00:29:05Z,1002,24,7,7,0,0,1,1,1,1782001045
2026-06-21T00:29:05Z,1003,8,1,15,0,0,1,1,1,1782001568
2026-06-21T00:29:05Z,1004,10,1,12,1,0,1,1,1,1782001174
2026-06-21T00:29:05Z,1005,12,0,10,1,0,1,1,1,1782000432
2026-06-21T00:29:05Z,1006,14,3,5,0,0,1,1,1,1782000459
2026-06-21T00:29:05Z,1007,8,4,13,0,0,1,1,1,1782001366
2026-06-21T00:29:05Z,1008,18,4,5,0,0,1,1,1,1782000476
2026-06-21T00:29:05Z,1009,8,0,22,1,0,1,1,1,1782001685
2026-06-21T00:29:05Z,1010,12,3,15,0,0,1,1,1,1782001275
2026-06-21T00:29:05Z,1011,7,5,12,0,0,1,1,1,1782000230
2026-06-21T00:29:05Z,1012,5,4,16,2,0,1,1,1,1782001622
2026-06-21T00:29:05Z,1013,7,0,14,2,0,1,1,1,1782000356
2026-06-21T00:29:05Z,1014,15,2,8,0,0,1,1,1,1782000258
2026-06-21T00:29:05Z,1015,4,2,26,1,0,1,1,1,1782001575
2026-06-21T00:29:05Z,1016,15,4,16,0,0,1,1,1,1782000140
2026-06-21T00:29:05Z,1017,12,2,8,1,0,1,1,1,1782001038
2026-06-21T00:29:05Z,1018,7,3,13,1,0,1,1,1,1782001400
2026-06-21T00:29:05Z,1019,12,6,2,1,0,1,1,1,1782001226
2026-06-21T00:29:05Z,1020,7,3,14,0,0,1,1,1,1782000487
2026-06-21T00:29:05Z,1021,3,1,12,0,0,1,1,1,1782001693
2026-06-21T00:29:05Z,1022,11,2,16,0,0,1,1,1,1782001067
2026-06-21T00:29:05Z,1023,7,0,16,0,0,1,1,1,1782000948
2026-06-21T00:29:05Z,1024,12,7,7,0,0,1,1,1,1782001493
2026-06-21T00:29:05Z,1025,14,0,5,0,0,1,1,1,1782001544
2026-06-21T00:29:05Z,1026,5,4,25,1,0,1,1,1,1782001631
2026-06-21T00:29:05Z,1028,14,3,9,0,0,1,1,1,1782000578
2026-06-21T00:29:05Z,1029,10,7,3,2,0,1,1,1,1782000032
2026-06-21T00:29:05Z,1030,8,2,15,0,0,1,1,1,1782000508
2026-06-21T00:29:05Z,1031,4,1,15,0,0,1,1,1,1782001332
2026-06-21T00:29:05Z,1032,9,1,10,0,0,1,1,1,1782001726
2026-06-21T00:29:05Z,1033,6,0,13,0,0,1,1,1,1782001097
2026-06-21T00:29:05Z,1034,2,0,13,0,0,1,1,1,1782001065
2026-06-21T00:29:05Z,1035,2,0,16,1,0,1,1,1,1782001543
2026-06-21T00:29:05Z,1036,11,0,3,1,0,1,1,1,1782000274
2026-06-21T00:29:05Z,1037,3,0,16,0,0,1,1,1,1782000138
2026-06-21T00:29:05Z,1038,4,0,11,0,0,1,1,1,1782001380
2026-06-21T00:29:05Z,1039,5,2,14,0,0,1,1,1,1782001597
2026-06-21T00:29:05Z,1040,16,5,3,0,0,1,1,1,1782000315
2026-06-21T00:29:05Z,1041,5,1,14,0,0,1,1,1,1781999957
2026-06-21T00:29:05Z,1042,8,0,7,0,0,1,1,1,1782001109
2026-06-21T00:29:05Z,1043,11,7,8,0,0,1,1,1,1782000262
2026-06-21T00:29:05Z,1044,4,1,11,0,0,1,1,1,1782000684
2026-06-21T00:29:05Z,1045,3,0,16,0,0,1,1,1,1782001553
2026-06-21T00:29:05Z,1046,8,1,4,3,0,1,1,1,1782001169
2026-06-21T00:29:05Z,1047,7,3,14,0,0,1,1,1,1782001704
2026-06-21T00:29:05Z,1048,2,0,17,0,0,1,1,1,1782001596
2026-06-21T00:29:05Z,1049,1,0,20,0,0,1,1,1,1782001159
2026-06-21T00:29:05Z,1050,8,0,13,0,0,1,1,1,1782000115
2026-06-21T00:29:05Z,1051,4,0,17,0,0,1,1,1,1782000839
2026-06-21T00:29:05Z,1052,6,2,16,0,0,1,1,1,1782001584
2026-06-21T00:29:05Z,1053,1,0,14,0,0,1,1,1,1782001411
2026-06-21T00:29:05Z,1054,9,5,6,0,0,1,1,1,1782001517
2026-06-21T00:29:05Z,1055,2,1,17,0,0,1,1,1,1782000749
2026-06-21T00:29:05Z,1057,6,0,13,0,0,1,1,1,1782001006
2026-06-21T00:29:05Z,1058,13,0,43,0,0,1,1,1,1782001685
2026-06-21T00:29:05Z,1059,2,0,16,1,0,1,1,1,1782000871
2026-06-21T00:29:05Z,1060,29,0,7,0,0,1,1,1,1782001612
2026-06-21T00:29:05Z,1061,22,0,15,0,0,1,1,1,1782000212
2026-06-21T00:29:05Z,1062,4,0,13,0,0,1,1,1,1782001477
2026-06-21T00:29:05Z,1063,14,2,3,2,0,1,1,1,1782001705
2026-06-21T00:29:05Z,1064,10,3,13,0,0,1,1,1,1782000455
2026-06-21T00:29:05Z,1065,9,4,14,0,0,1,1,1,1782000407
2026-06-21T00:29:05Z,1066,7,0,16,0,0,1,1,1,1782001108
2026-06-21T00:29:05Z,1067,14,3,9,0,0,1,1,1,1782000940
2026-06-21T00:29:05Z,1068,11,2,11,1,0,1,1,1,1782000660
2026-06-21T00:29:05Z,1069,3,0,19,1,0,1,1,1,1782001425
2026-06-21T00:29:05Z,1070,10,0,13,0,0,1,1,1,1781995069
2026-06-21T00:29:05Z,1071,7,1,16,0,0,1,1,1,1782000315
2026-06-21T00:29:05Z,1072,8,0,13,2,0,1,1,1,1782000682
2026-06-21T00:29:05Z,1073,19,1,8,0,0,1,1,1,1782001195
2026-06-21T00:29:05Z,1074,0,0,52,1,0,1,1,1,1782001118
2026-06-21T00:29:05Z,1075,14,11,6,1,0,1,1,1,1782000919
2026-06-21T00:29:05Z,1076,10,5,10,1,0,1,1,1,1782001217
2026-06-21T00:29:05Z,1077,9,8,12,0,0,1,1,1,1782000408
2026-06-21T00:29:05Z,1078,10,5,11,0,0,1,1,1,1782001683
2026-06-21T00:29:05Z,1079,8,7,13,0,0,1,1,1,1782000668
2026-06-21T00:29:05Z,1080,12,8,9,0,0,1,1,1,1782000456
2026-06-21T00:29:05Z,1081,12,9,7,0,0,1,1,1,1782000955
2026-06-21T00:29:05Z,1082,13,10,9,1,0,1,1,1,1782000821
2026-06-21T00:29:05Z,1083,11,9,10,0,0,1,1,1,1782000580
2026-06-21T00:29:05Z,1084,9,7,12,0,0,1,1,1,1782000495
2026-06-21T00:29:05Z,1085,16,11,5,0,0,1,1,1,1782000689
2026-06-21T00:29:05Z,1086,15,11,6,0,0,1,1,1,1782000618
2026-06-21T00:29:05Z,1087,10,9,5,0,0,1,1,1,1782000005
2026-06-21T00:29:05Z,1088,8,5,7,0,0,1,1,1,1782000972
2026-06-21T00:29:05Z,1089,7,7,8,0,0,1,1,1,1782000470
2026-06-21T00:29:05Z,1090,8,8,7,0,0,1,1,1,1782000539
2026-06-21T00:29:05Z,1091,7,6,8,0,0,1,1,1,1782001391
2026-06-21T00:29:05Z,1092,6,6,9,0,0,1,1,1,1782000320
2026-06-21T00:29:05Z,1093,7,6,8,0,0,1,1,1,1782000070
2026-06-21T00:29:05Z,1094,13,11,6,0,0,1,1,1,1782001034
2026-06-21T00:29:05Z,1095,6,6,9,0,0,1,1,1,1782001511
2026-06-21T00:29:05Z,1096,9,7,10,0,0,1,1,1,1782001460
2026-06-21T00:29:05Z,1097,7,6,8,0,0,1,1,1,1782000456
2026-06-21T00:29:05Z,1098,10,10,9,0,0,1,1,1,1782000833
2026-06-21T00:29:05Z,1099,6,6,9,0,0,1,1,1,1782000146
2026-06-21T00:29:05Z,1100,13,7,16,0,0,1,1,1,1782001284
2026-06-21T00:29:05Z,1101,11,6,10,0,0,1,1,1,1782001361
2026-06-21T00:29:05Z,1102,10,6,3,0,0,1,1,1,1782000048
2026-06-21T00:29:05Z,1103,9,5,11,1,0,1,1,1,1782000817
2026-06-21T00:29:05Z,1104,10,5,11,0,0,1,1,1,1782001353
2026-06-21T00:29:05Z,1105,9,5,3,1,0,1,1,1,1782001668
2026-06-21T00:29:05Z,1106,8,4,13,0,0,1,1,1,1782001635
2026-06-21T00:29:05Z,1107,11,6,4,0,0,1,1,1,1782001167
2026-06-21T00:29:05Z,1108,7,2,20,0,0,1,1,1,1782001534
2026-06-21T00:29:05Z,1109,9,4,6,0,0,1,1,1,1782001458
2026-06-21T00:29:05Z,1110,16,5,4,1,0,1,1,1,1782001595
2026-06-21T00:29:05Z,1111,13,0,8,0,0,1,1,1,1782001665
2026-06-21T00:29:05Z,1112,23,0,30,0,0,1,1,1,1782001633
2026-06-21T00:29:05Z,1113,2,0,19,0,0,1,1,1,1782001017
2026-06-21T00:29:05Z,1115,8,1,15,0,0,1,1,1,1782000519
2026-06-21T00:29:05Z,1116,3,2,16,0,0,1,1,1,1782001477
2026-06-21T00:29:05Z,1117,19,6,3,1,0,1,1,1,1782000693
2026-06-21T00:29:05Z,1118,10,2,10,1,0,1,1,1,1782001457
2026-06-21T00:29:05Z,1119,7,1,10,0,0,1,1,1,1782000129
2026-06-21T00:29:05Z,1120,6,2,13,0,0,1,1,1,1782001567
2026-06-21T00:29:05Z,1121,3,1,17,1,0,1,1,1,1782000849
2026-06-21T00:29:05Z,1122,13,2,7,1,0,1,1,1,1782001361
2026-06-21T00:29:05Z,1123,1,0,21,1,0,1,1,1,1782001047
2026-06-21T00:29:05Z,1124,0,0,14,1,0,1,1,1,1782001540
2026-06-21T00:29:05Z,1125,9,5,14,0,0,1,1,1,1782000249
2026-06-21T00:29:05Z,1126,7,2,14,0,0,1,1,1,1782000694
2026-06-21T00:29:05Z,1127,15,1,4,0,0,1,1,1,1782001573
2026-06-21T00:29:05Z,1128,7,0,7,1,0,1,1,1,1782001580
2026-06-21T00:29:05Z,1129,3,0,18,0,0,1,1,1,1782000199
2026-06-21T00:29:05Z,1130,0,0,14,1,0,1,1,1,1782001091
2026-06-21T00:29:05Z,1131,0,0,49,0,0,1,1,1,1782001479
2026-06-21T00:29:05Z,1132,16,4,4,1,0,1,1,1,1782001024
2026-06-21T00:29:05Z,1133,1,1,20,0,0,1,1,1,1782001684
2026-06-21T00:29:05Z,1134,12,7,7,0,0,1,1,1,1782000254
2026-06-21T00:29:05Z,1135,10,5,11,0,0,1,1,1,1782001593
2026-06-21T00:29:05Z,1136,11,1,12,0,0,1,1,1,1782001054
2026-06-21T00:29:05Z,1137,7,6,8,0,0,1,1,1,1782001109
2026-06-21T00:29:05Z,1138,13,0,6,0,0,1,1,1,1782001162
2026-06-21T00:29:05Z,1139,13,0,7,1,0,1,1,1,1782000035
2026-06-21T00:29:05Z,1140,14,0,8,1,0,1,1,1,1782001692
2026-06-21T00:29:05Z,1141,8,0,13,0,0,1,1,1,1782001609
2026-06-21T00:29:05Z,1142,1,0,20,0,0,1,1,1,1782000073
2026-06-21T00:29:05Z,1143,0,0,28,1,0,1,1,1,1782000806
2026-06-21T00:29:05Z,1144,4,1,17,0,0,1,1,1,1782001027
2026-06-21T00:29:05Z,1145,5,0,15,1,0,1,1,1,1782001395
2026-06-21T00:29:05Z,1146,7,1,8,4,0,1,1,1,1782001687
2026-06-21T00:29:05Z,1147,7,2,12,0,0,1,1,1,1782001466
2026-06-21T00:29:05Z,1148,12,0,16,3,0,1,1,1,1782000557
2026-06-21T00:29:05Z,1149,15,11,10,0,0,1,1,1,1782001379
2026-06-21T00:29:05Z,1150,4,0,15,0,0,1,1,1,1782001563
2026-06-21T00:29:05Z,1151,2,0,19,0,0,1,1,1,1782000541
2026-06-21T00:29:05Z,1152,20,5,8,1,0,1,1,1,1782001586
2026-06-21T00:29:05Z,1153,6,1,17,0,0,1,1,1,1782000786
2026-06-21T00:29:05Z,1154,13,3,5,1,0,1,1,1,1782001199
2026-06-21T00:29:05Z,1155,13,9,5,3,0,1,1,1,1782001310
2026-06-21T00:29:05Z,1158,10,1,9,0,0,1,1,1,1782001552
2026-06-21T00:29:05Z,1159,14,4,4,1,0,1,1,1,1782000648
2026-06-21T00:29:05Z,1160,9,1,10,0,0,1,1,1,1781999999
2026-06-21T00:29:05Z,1161,4,2,15,0,0,1,1,1,1782000106
2026-06-21T00:29:05Z,1162,7,0,12,0,0,1,1,1,1782001089
2026-06-21T00:29:05Z,1163,3,2,16,0,0,1,1,1,1782001292
2026-06-21T00:29:05Z,1164,8,2,10,1,0,1,1,1,1782001703
2026-06-21T00:29:05Z,1165,2,0,19,0,0,1,1,1,1782000294
2026-06-21T00:29:05Z,1166,5,0,15,1,0,1,1,1,1782001686
2026-06-21T00:29:05Z,1167,1,0,13,1,0,1,1,1,1782001341
2026-06-21T00:29:05Z,1168,6,0,17,0,0,1,1,1,1782000501
2026-06-21T00:29:05Z,1169,11,9,8,0,0,1,1,1,1782000761
2026-06-21T00:29:05Z,1170,2,0,19,0,0,1,1,1,1782001675
2026-06-21T00:29:05Z,1171,15,6,8,0,0,1,1,1,1782001359
2026-06-21T00:29:05Z,1172,10,1,5,0,0,1,1,1,1782001166
2026-06-21T00:29:05Z,1173,5,0,14,0,0,1,1,1,1782000533
2026-06-21T00:29:05Z,1174,1,1,14,0,0,1,1,1,1782001114
2026-06-21T00:29:05Z,1175,6,1,13,0,0,1,1,1,1782000568
2026-06-21T00:29:05Z,1176,11,0,9,1,0,1,1,1,1782001523
2026-06-21T00:29:05Z,1177,10,1,11,0,0,1,1,1,1782000849
2026-06-21T00:29:05Z,1178,5,0,10,0,0,1,1,1,1782001127
2026-06-21T00:29:05Z,1181,9,2,6,0,0,1,1,1,1782000544
2026-06-21T00:29:05Z,1182,13,0,6,1,0,1,1,1,1782001184
2026-06-21T00:29:05Z,1183,1,1,36,0,0,1,1,1,1782001355
2026-06-21T00:29:05Z,1184,14,0,5,2,0,1,1,1,1782001503
2026-06-21T00:29:05Z,1185,10,4,11,0,0,1,1,1,1782001353
2026-06-21T00:29:05Z,1186,10,5,9,0,0,1,1,1,1782001555
2026-06-21T00:29:05Z,1190,11,6,10,0,0,1,1,1,1782001733
2026-06-21T00:29:05Z,1192,9,5,12,0,0,1,1,1,1782001682
2026-06-21T00:29:05Z,1193,6,4,7,0,0,1,1,1,1782000790
2026-06-21T00:29:05Z,1197,7,4,9,1,0,1,1,1,1782000353
2026-06-21T00:29:05Z,1198,11,8,10,0,0,1,1,1,1782000433
2026-06-21T00:29:05Z,1199,10,7,9,0,0,1,1,1,1782000004
2026-06-21T00:29:05Z,1224,0,0,3,0,0,0,1,1,1781869449
2026-06-21T00:29:05Z,1225,0,0,3,0,0,0,1,1,1781868919
2026-06-21T00:29:05Z,1226,0,0,3,0,0,0,1,1,1781868931
2026-06-21T00:34:05Z,1,14,1,8,1,0,1,1,1,1782001239
2026-06-21T00:34:05Z,2,9,0,17,1,0,1,1,1,1782001458
2026-06-21T00:34:05Z,3,19,3,0,0,0,1,1,1,1782001910
2026-06-21T00:34:05Z,4,8,0,15,0,0,1,1,1,1781997490
2026-06-21T00:34:05Z,5,3,0,19,1,0,1,1,1,1782001894
2026-06-21T00:34:05Z,6,7,0,8,0,0,1,1,1,1782000639
2026-06-21T00:34:05Z,7,22,2,1,0,0,1,1,1,1782001611
2026-06-21T00:34:05Z,8,13,1,30,0,0,1,1,1,1782001181
2026-06-21T00:34:05Z,9,22,0,1,0,0,1,1,1,1782001742
2026-06-21T00:34:05Z,10,12,8,7,4,0,1,1,1,1782001957
2026-06-21T00:34:05Z,11,2,2,17,0,0,1,1,1,1782001115
2026-06-21T00:34:05Z,12,3,0,20,0,0,1,1,1,1782001762
2026-06-21T00:34:05Z,13,21,2,9,1,0,1,1,1,1782001952
2026-06-21T00:34:05Z,14,25,2,18,0,0,1,1,1,1782001564
2026-06-21T00:34:05Z,15,14,5,0,1,0,1,1,1,1782001957
2026-06-21T00:34:05Z,16,3,3,24,0,0,1,1,1,1781983361
2026-06-21T00:34:05Z,17,12,0,14,1,0,1,1,1,1782001988
2026-06-21T00:34:05Z,18,1,0,18,0,0,1,1,1,1782001962
2026-06-21T00:34:05Z,19,15,1,12,0,0,1,1,1,1782001791
2026-06-21T00:34:05Z,20,21,2,5,1,0,1,1,1,1782001992
2026-06-21T00:34:05Z,21,17,0,2,0,0,1,1,1,1782002011
2026-06-21T00:34:05Z,22,7,0,59,0,0,1,1,1,1782000994
2026-06-21T00:34:05Z,23,21,2,9,1,0,1,1,1,1782000685
2026-06-21T00:34:05Z,24,1,0,8,2,0,1,1,1,1782002037
2026-06-21T00:34:05Z,25,50,0,27,4,0,1,1,1,1782001896
2026-06-21T00:34:05Z,26,19,1,8,0,0,1,1,1,1782001487
2026-06-21T00:34:05Z,28,0,0,14,1,0,1,1,1,1781997654
2026-06-21T00:34:05Z,30,3,0,25,1,0,1,1,1,1782000457
2026-06-21T00:34:05Z,31,19,0,0,0,0,1,1,1,1781999370
2026-06-21T00:34:05Z,32,18,0,9,0,0,1,1,1,1781999882
2026-06-21T00:34:05Z,34,14,2,22,1,0,1,1,1,1782001603
2026-06-21T00:34:05Z,35,24,4,22,1,0,1,1,1,1782001976
2026-06-21T00:34:05Z,36,0,0,0,0,0,0,1,1,86400
2026-06-21T00:34:05Z,37,13,0,10,0,0,1,1,1,1782002040
2026-06-21T00:34:05Z,38,8,0,15,0,0,1,1,1,1782001860
2026-06-21T00:34:05Z,39,21,0,10,0,0,1,1,1,1782001330
2026-06-21T00:34:05Z,40,8,0,13,0,0,1,1,1,1781999723
2026-06-21T00:34:05Z,41,1,1,25,1,0,1,1,1,1782000309
2026-06-21T00:34:05Z,42,24,7,7,0,0,1,1,1,1782000243
2026-06-21T00:34:05Z,43,11,1,11,1,0,1,1,1,1782002035
2026-06-21T00:34:05Z,45,1,0,30,0,0,1,1,1,1782001655
2026-06-21T00:34:05Z,46,24,3,5,2,0,1,1,1,1782001925
2026-06-21T00:34:05Z,47,6,6,9,0,0,1,1,1,1782000460
2026-06-21T00:34:05Z,48,2,0,25,0,0,1,1,1,1782000755
2026-06-21T00:34:05Z,49,5,0,14,3,1,1,1,1,1782002028
2026-06-21T00:34:05Z,50,5,2,14,0,0,1,1,1,1782001918
2026-06-21T00:34:05Z,51,0,0,79,0,0,1,1,1,1781985992
2026-06-21T00:34:05Z,52,25,2,0,2,0,1,1,1,1782001909
2026-06-21T00:34:05Z,55,5,1,17,1,0,1,1,1,1782001907
2026-06-21T00:34:05Z,56,3,0,24,0,0,1,1,1,1782000568
2026-06-21T00:34:05Z,57,13,0,12,2,0,1,1,1,1782001855
2026-06-21T00:34:05Z,58,15,13,13,0,0,1,1,1,1782002038
2026-06-21T00:34:05Z,59,3,0,23,1,0,1,1,1,1782002039
2026-06-21T00:34:05Z,61,2,1,37,0,0,1,1,1,1782001910
2026-06-21T00:34:05Z,62,15,4,33,1,0,1,1,1,1782001566
2026-06-21T00:34:05Z,63,13,2,6,0,0,1,1,1,1782002033
2026-06-21T00:34:05Z,64,10,0,9,0,0,1,1,1,1782002039
2026-06-21T00:34:05Z,65,5,2,13,1,0,1,1,1,1782001511
2026-06-21T00:34:05Z,67,7,1,32,0,0,1,1,1,1782000127
2026-06-21T00:34:05Z,68,36,1,0,1,0,1,1,1,1782001859
2026-06-21T00:34:05Z,69,3,0,12,0,0,1,1,1,1782000147
2026-06-21T00:34:05Z,71,17,1,9,1,0,1,1,1,1782001717
2026-06-21T00:34:05Z,72,22,2,8,1,0,1,1,1,1782001786
2026-06-21T00:34:05Z,73,8,0,15,0,0,1,1,1,1782000987
2026-06-21T00:34:05Z,74,6,2,12,0,1,1,1,1,1782001144
2026-06-21T00:34:05Z,75,29,2,5,1,0,1,1,1,1782001975
2026-06-21T00:34:05Z,76,19,0,0,0,0,1,1,1,1781999776
2026-06-21T00:34:05Z,77,3,0,23,1,0,1,1,1,1782001222
2026-06-21T00:34:05Z,78,15,4,6,2,0,1,1,1,1782000088
2026-06-21T00:34:05Z,79,9,0,8,0,0,1,1,1,1782001851
2026-06-21T00:34:05Z,80,2,0,19,1,1,1,1,1,1782001895
2026-06-21T00:34:05Z,81,26,3,5,0,0,1,1,1,1782001333
2026-06-21T00:34:05Z,82,22,10,0,1,0,1,1,1,1781999762
2026-06-21T00:34:05Z,83,22,3,8,4,0,1,1,1,1782002030
2026-06-21T00:34:05Z,84,20,0,5,2,0,1,1,1,1782001745
2026-06-21T00:34:05Z,85,6,0,13,0,0,1,1,1,1782001946
2026-06-21T00:34:05Z,86,17,3,10,0,0,1,1,1,1782002024
2026-06-21T00:34:05Z,87,1,1,17,1,0,1,1,1,1781999536
2026-06-21T00:34:05Z,88,29,1,0,2,0,1,1,1,1782001350
2026-06-21T00:34:05Z,89,35,0,0,0,0,1,1,1,1781993365
2026-06-21T00:34:05Z,90,10,1,7,2,0,1,1,1,1782001995
2026-06-21T00:34:05Z,91,2,1,14,1,0,1,1,1,1781998383
2026-06-21T00:34:05Z,92,0,0,18,1,0,1,1,1,1782001974
2026-06-21T00:34:05Z,93,11,1,12,0,0,1,1,1,1782001043
2026-06-21T00:34:05Z,94,13,0,5,1,0,1,1,1,1781997262
2026-06-21T00:34:05Z,95,26,1,5,3,0,1,1,1,1782002037
2026-06-21T00:34:05Z,96,24,0,7,0,0,1,1,1,1782001782
2026-06-21T00:34:05Z,97,5,0,12,0,0,1,1,1,1782002000
2026-06-21T00:34:05Z,98,27,1,5,3,0,1,1,1,1782000953
2026-06-21T00:34:05Z,99,3,0,12,0,0,1,1,1,1781998131
2026-06-21T00:34:05Z,100,0,0,27,0,0,1,1,1,1782000071
2026-06-21T00:34:05Z,101,12,0,2,1,0,1,1,1,1782001944
2026-06-21T00:34:05Z,102,16,0,7,0,0,1,1,1,1782001108
2026-06-21T00:34:05Z,103,4,0,25,3,0,1,1,1,1782001683
2026-06-21T00:34:05Z,104,10,0,15,1,1,1,1,1,1782001984
2026-06-21T00:34:05Z,105,0,0,19,0,0,1,1,1,1781999583
2026-06-21T00:34:05Z,106,21,1,0,0,0,1,1,1,1781997920
2026-06-21T00:34:05Z,107,4,0,33,0,0,1,1,1,1782001634
2026-06-21T00:34:05Z,108,0,0,34,1,0,1,1,1,1782001742
2026-06-21T00:34:05Z,109,13,0,10,0,0,1,1,1,1782002021
2026-06-21T00:34:05Z,110,12,0,11,0,0,1,1,1,1781999285
2026-06-21T00:34:05Z,111,36,0,0,0,0,1,1,1,1782001968
2026-06-21T00:34:05Z,112,0,0,16,3,0,1,1,1,1782001866
2026-06-21T00:34:05Z,113,10,0,9,0,0,1,1,1,1782000765
2026-06-21T00:34:05Z,114,13,0,17,1,0,1,1,1,1782001249
2026-06-21T00:34:05Z,115,0,0,23,2,1,1,1,1,1782001353
2026-06-21T00:34:05Z,116,19,7,8,0,0,1,1,1,1782001959
2026-06-21T00:34:05Z,118,3,1,20,0,0,1,1,1,1782000174
2026-06-21T00:34:05Z,119,12,0,23,4,0,1,1,1,1782002041
2026-06-21T00:34:05Z,120,17,0,9,1,0,1,1,1,1782001515
2026-06-21T00:34:05Z,121,5,4,12,2,0,1,1,1,1782001362
2026-06-21T00:34:05Z,122,16,4,1,4,0,1,1,1,1782001789
2026-06-21T00:34:05Z,123,37,4,10,0,0,1,1,1,1782000718
2026-06-21T00:34:05Z,124,23,2,4,0,0,1,1,1,1782001905
2026-06-21T00:34:05Z,125,14,3,8,1,0,1,1,1,1782001812
2026-06-21T00:34:05Z,126,15,1,16,0,0,1,1,1,1781997507
2026-06-21T00:34:05Z,127,23,5,8,0,0,1,1,1,1782001462
2026-06-21T00:34:05Z,128,14,5,2,3,0,1,1,1,1782001618
2026-06-21T00:34:05Z,129,1,0,16,2,0,1,1,1,1782001686
2026-06-21T00:34:05Z,130,0,0,16,1,0,1,1,1,1782000288
2026-06-21T00:34:05Z,131,10,2,1,0,0,1,1,1,1782001929
2026-06-21T00:34:05Z,132,4,0,9,1,1,1,1,1,1782001261
2026-06-21T00:34:05Z,133,8,2,15,0,0,1,1,1,1782001571
2026-06-21T00:34:05Z,134,5,0,16,0,0,1,1,1,1782001887
2026-06-21T00:34:05Z,135,5,1,13,1,0,1,1,1,1782001263
2026-06-21T00:34:05Z,136,2,1,20,0,0,1,1,1,1782000488
2026-06-21T00:34:05Z,137,13,1,5,1,0,1,1,1,1782001642
2026-06-21T00:34:05Z,138,25,0,12,0,0,1,1,1,1782000299
2026-06-21T00:34:05Z,139,0,0,19,0,0,1,1,1,1782001594
2026-06-21T00:34:05Z,140,2,0,20,1,0,1,1,1,1782001033
2026-06-21T00:34:05Z,141,0,0,22,0,0,1,1,1,1782001481
2026-06-21T00:34:05Z,142,3,0,16,0,0,1,1,1,1782002038
2026-06-21T00:34:05Z,143,19,0,12,0,0,1,1,1,1782002039
2026-06-21T00:34:05Z,144,21,0,6,0,0,1,1,1,1782001941
2026-06-21T00:34:05Z,145,26,2,4,1,0,1,1,1,1782001973
2026-06-21T00:34:05Z,146,23,1,0,0,0,1,1,1,1782001659
2026-06-21T00:34:05Z,147,10,1,8,1,0,1,1,1,1782001576
2026-06-21T00:34:05Z,148,13,3,14,0,0,1,1,1,1782002013
2026-06-21T00:34:05Z,149,10,2,9,0,0,1,1,1,1782001690
2026-06-21T00:34:05Z,150,2,0,32,1,0,1,1,1,1782001556
2026-06-21T00:34:05Z,151,4,2,18,1,0,1,1,1,1782001998
2026-06-21T00:34:05Z,152,0,0,0,0,0,1,1,1,86400
2026-06-21T00:34:05Z,153,2,0,18,3,0,1,1,1,1782001734
2026-06-21T00:34:05Z,154,0,0,21,2,0,1,1,1,1782001852
2026-06-21T00:34:05Z,155,1,0,11,2,0,1,1,1,1782002003
2026-06-21T00:34:05Z,156,14,4,5,0,0,1,1,1,1782001230
2026-06-21T00:34:05Z,157,6,0,21,0,0,1,1,1,1782001620
2026-06-21T00:34:05Z,158,10,0,9,0,0,1,1,1,1782000839
2026-06-21T00:34:05Z,159,7,7,9,3,0,1,1,1,1782000443
2026-06-21T00:34:05Z,160,8,0,10,1,0,1,1,1,1782001902
2026-06-21T00:34:05Z,161,2,0,18,0,0,1,1,1,1782002025
2026-06-21T00:34:05Z,162,25,0,2,0,0,1,1,1,1782002037
2026-06-21T00:34:05Z,163,4,1,27,0,0,1,1,1,1782001690
2026-06-21T00:34:05Z,164,1,0,26,0,0,1,1,1,1782001812
2026-06-21T00:34:05Z,165,20,2,10,1,0,1,1,1,1782001966
2026-06-21T00:34:05Z,166,18,4,20,0,0,1,1,1,1782001362
2026-06-21T00:34:05Z,167,1,0,21,0,1,1,1,1,1782001922
2026-06-21T00:34:05Z,168,13,2,13,0,1,1,1,1,1782002018
2026-06-21T00:34:05Z,169,9,1,14,0,0,1,1,1,1782002037
2026-06-21T00:34:05Z,170,15,2,3,1,0,1,1,1,1782001959
2026-06-21T00:34:05Z,171,4,1,8,1,0,1,1,1,1781993294
2026-06-21T00:34:05Z,173,35,0,2,0,0,1,1,1,1782001798
2026-06-21T00:34:05Z,174,14,1,11,0,0,1,1,1,1782001889
2026-06-21T00:34:05Z,175,31,0,0,0,0,1,1,1,1782001297
2026-06-21T00:34:05Z,176,4,2,10,0,1,1,1,1,1782001828
2026-06-21T00:34:05Z,177,23,1,4,0,0,1,1,1,1782002005
2026-06-21T00:34:05Z,178,2,1,8,5,0,1,1,1,1782001966
2026-06-21T00:34:05Z,179,9,1,6,0,0,1,1,1,1782001828
2026-06-21T00:34:05Z,180,4,0,25,1,0,1,1,1,1782002025
2026-06-21T00:34:05Z,181,5,0,9,0,1,1,1,1,1782002038
2026-06-21T00:34:05Z,182,14,3,4,1,0,1,1,1,1782002028
2026-06-21T00:34:05Z,183,15,1,7,0,0,1,1,1,1782002040
2026-06-21T00:34:05Z,184,12,1,8,3,0,1,1,1,1782001277
2026-06-21T00:34:05Z,185,5,2,7,2,1,1,1,1,1782001243
2026-06-21T00:34:05Z,186,16,1,3,0,0,1,1,1,1782001705
2026-06-21T00:34:05Z,187,8,0,20,1,0,1,1,1,1782001886
2026-06-21T00:34:05Z,188,6,1,20,1,0,1,1,1,1782001813
2026-06-21T00:34:05Z,189,4,2,11,0,0,1,1,1,1782001886
2026-06-21T00:34:05Z,190,3,0,20,0,0,1,1,1,1782001997
2026-06-21T00:34:05Z,191,23,15,14,1,1,1,1,1,1782001800
2026-06-21T00:34:05Z,192,24,0,6,1,0,1,1,1,1782001420
2026-06-21T00:34:05Z,193,8,1,6,1,0,1,1,1,1782001910
2026-06-21T00:34:05Z,194,7,5,7,1,0,1,1,1,1782000118
2026-06-21T00:34:05Z,195,7,4,12,0,0,1,1,1,1782001940
2026-06-21T00:34:05Z,196,20,2,3,4,0,1,1,1,1782001784
2026-06-21T00:34:05Z,197,3,0,16,0,0,1,1,1,1782000711
2026-06-21T00:34:05Z,198,16,0,5,1,0,1,1,1,1782000441
2026-06-21T00:34:05Z,199,9,7,5,0,1,1,1,1,1781999871
2026-06-21T00:34:05Z,200,17,0,8,1,0,1,1,1,1782002021
2026-06-21T00:34:05Z,201,7,3,15,1,0,1,1,1,1782001462
2026-06-21T00:34:05Z,202,25,0,1,0,0,1,1,1,1782001339
2026-06-21T00:34:05Z,203,31,2,0,0,0,1,1,1,1782000680
2026-06-21T00:34:05Z,204,35,11,0,0,0,1,1,1,1782001872
2026-06-21T00:34:05Z,205,16,0,11,0,0,1,1,1,1782001853
2026-06-21T00:34:05Z,206,3,3,11,1,0,1,1,1,1782000532
2026-06-21T00:34:05Z,207,3,0,18,0,0,1,1,1,1782000946
2026-06-21T00:34:05Z,208,2,0,26,1,0,1,1,1,1781999845
2026-06-21T00:34:05Z,209,16,5,14,1,0,1,1,1,1782002022
2026-06-21T00:34:05Z,210,18,1,9,0,0,1,1,1,1782001643
2026-06-21T00:34:05Z,211,9,7,14,0,0,1,1,1,1782001881
2026-06-21T00:34:05Z,212,32,4,3,0,0,1,1,1,1782001175
2026-06-21T00:34:05Z,213,22,3,1,0,0,1,1,1,1782002039
2026-06-21T00:34:05Z,214,32,9,14,1,0,1,1,1,1782001898
2026-06-21T00:34:05Z,215,18,7,5,0,0,1,1,1,1782001991
2026-06-21T00:34:05Z,216,9,0,10,0,0,1,1,1,1782001995
2026-06-21T00:34:05Z,217,27,1,2,0,0,1,1,1,1782001972
2026-06-21T00:34:05Z,218,27,7,8,4,0,1,1,1,1782002036
2026-06-21T00:34:05Z,219,4,1,22,0,0,1,1,1,1782001944
2026-06-21T00:34:05Z,220,24,10,18,1,0,1,1,1,1782001887
2026-06-21T00:34:05Z,221,9,1,5,0,0,1,1,1,1782001985
2026-06-21T00:34:05Z,222,4,2,15,0,0,1,1,1,1782002018
2026-06-21T00:34:05Z,223,9,3,23,3,0,1,1,1,1782001856
2026-06-21T00:34:05Z,224,5,5,17,0,0,1,1,1,1782001931
2026-06-21T00:34:05Z,225,3,0,15,1,0,1,1,1,1782001984
2026-06-21T00:34:05Z,226,17,9,13,0,1,1,1,1,1782001803
2026-06-21T00:34:05Z,227,11,8,15,1,0,1,1,1,1782001243
2026-06-21T00:34:05Z,228,8,4,10,1,0,1,1,1,1782001607
2026-06-21T00:34:05Z,230,6,1,17,0,0,1,1,1,1782001604
2026-06-21T00:34:05Z,232,1,0,17,1,0,1,1,1,1782001570
2026-06-21T00:34:05Z,233,15,12,15,1,0,1,1,1,1782001722
2026-06-21T00:34:05Z,234,9,1,9,1,0,1,1,1,1782001451
2026-06-21T00:34:05Z,236,16,7,3,0,0,1,1,1,1782000170
2026-06-21T00:34:05Z,237,4,0,19,0,0,1,1,1,1782002023
2026-06-21T00:34:05Z,239,21,16,6,0,0,1,1,1,1782001978
2026-06-21T00:34:05Z,241,18,2,5,0,0,1,1,1,1781999563
2026-06-21T00:34:05Z,242,15,4,7,1,0,1,1,1,1782001839
2026-06-21T00:34:05Z,243,15,3,14,2,0,1,1,1,1782001968
2026-06-21T00:34:05Z,244,24,3,3,0,0,1,1,1,1782001943
2026-06-21T00:34:05Z,245,17,1,5,1,0,1,1,1,1782001206
2026-06-21T00:34:05Z,246,7,5,14,2,0,1,1,1,1781999380
2026-06-21T00:34:05Z,247,20,2,2,1,0,1,1,1,1782001963
2026-06-21T00:34:05Z,248,10,7,10,3,0,1,1,1,1782001700
2026-06-21T00:34:05Z,249,15,7,4,0,0,1,1,1,1782002021
2026-06-21T00:34:05Z,250,23,7,3,1,0,1,1,1,1782000136
2026-06-21T00:34:05Z,251,23,11,2,2,0,1,1,1,1782001684
2026-06-21T00:34:05Z,253,12,2,7,0,0,1,1,1,1782001884
2026-06-21T00:34:05Z,254,23,6,20,0,0,1,1,1,1782001869
2026-06-21T00:34:05Z,255,10,0,13,0,0,1,1,1,1782001989
2026-06-21T00:34:05Z,256,1,1,20,2,0,1,1,1,1782001111
2026-06-21T00:34:05Z,257,18,17,0,1,0,1,1,1,1782001611
2026-06-21T00:34:05Z,258,2,1,15,2,0,1,1,1,1782002025
2026-06-21T00:34:05Z,259,12,1,11,0,0,1,1,1,1782000365
2026-06-21T00:34:05Z,260,6,5,10,3,0,1,1,1,1782001770
2026-06-21T00:34:05Z,261,7,1,12,0,0,1,1,1,1782001926
2026-06-21T00:34:05Z,262,9,5,13,1,0,1,1,1,1782001978
2026-06-21T00:34:05Z,263,4,2,10,1,0,1,1,1,1782001971
2026-06-21T00:34:05Z,264,1,0,17,1,0,1,1,1,1782001068
2026-06-21T00:34:05Z,265,4,0,11,0,0,1,1,1,1782001995
2026-06-21T00:34:05Z,266,5,0,14,0,0,1,1,1,1782001817
2026-06-21T00:34:05Z,267,4,0,10,1,0,1,1,1,1781995157
2026-06-21T00:34:05Z,268,8,6,13,2,0,1,1,1,1781999577
2026-06-21T00:34:05Z,269,19,0,3,1,0,1,1,1,1781998263
2026-06-21T00:34:05Z,270,5,0,21,1,0,1,1,1,1782001980
2026-06-21T00:34:05Z,271,7,3,10,1,1,1,1,1,1782002024
2026-06-21T00:34:05Z,272,11,7,12,0,0,1,1,1,1782001489
2026-06-21T00:34:05Z,273,4,4,11,0,0,1,1,1,1782001933
2026-06-21T00:34:05Z,274,9,2,10,0,0,1,1,1,1782001539
2026-06-21T00:34:05Z,275,11,0,11,1,0,1,1,1,1782001987
2026-06-21T00:34:05Z,276,4,1,21,1,1,1,1,1,1782001641
2026-06-21T00:34:05Z,277,19,6,2,2,0,1,1,1,1781998727
2026-06-21T00:34:05Z,278,18,3,12,0,1,1,1,1,1782001382
2026-06-21T00:34:05Z,279,17,7,2,0,0,1,1,1,1782001920
2026-06-21T00:34:05Z,280,1,0,28,2,0,1,1,1,1782001965
2026-06-21T00:34:05Z,281,7,2,16,0,0,1,1,1,1782001801
2026-06-21T00:34:05Z,282,2,0,14,0,0,1,1,1,1782000455
2026-06-21T00:34:05Z,283,26,5,9,0,0,1,1,1,1782001873
2026-06-21T00:34:05Z,284,29,0,6,0,0,1,1,1,1782002039
2026-06-21T00:34:05Z,285,7,6,15,1,0,1,1,1,1782000203
2026-06-21T00:34:05Z,286,12,10,8,3,0,1,1,1,1782001561
2026-06-21T00:34:05Z,287,2,0,20,1,0,1,1,1,1781999485
2026-06-21T00:34:05Z,288,2,1,16,1,0,1,1,1,1782001457
2026-06-21T00:34:05Z,289,15,6,12,0,0,1,1,1,1782001994
2026-06-21T00:34:05Z,290,0,0,36,2,1,0,1,1,1781808916
2026-06-21T00:34:05Z,291,1,0,22,0,0,1,1,1,1782001700
2026-06-21T00:34:05Z,292,5,0,18,0,0,1,1,1,1782001999
2026-06-21T00:34:05Z,293,9,3,12,2,0,1,1,1,1782000933
2026-06-21T00:34:05Z,294,20,10,0,2,0,1,1,1,1782001944
2026-06-21T00:34:05Z,297,5,0,12,2,0,1,1,1,1782001627
2026-06-21T00:34:05Z,301,0,0,18,1,0,1,1,1,1782001721
2026-06-21T00:34:05Z,302,17,3,5,1,0,1,1,1,1782002034
2026-06-21T00:34:05Z,303,4,0,15,0,0,1,1,1,1782001818
2026-06-21T00:34:05Z,304,0,0,0,0,0,0,1,1,86400
2026-06-21T00:34:05Z,305,4,0,15,0,0,1,1,1,1782000901
2026-06-21T00:34:05Z,306,3,1,29,0,0,1,1,1,1782000944
2026-06-21T00:34:05Z,307,3,1,20,0,0,1,1,1,1782001748
2026-06-21T00:34:05Z,308,6,0,13,0,0,1,1,1,1782001121
2026-06-21T00:34:05Z,309,3,1,5,5,1,1,1,1,1782001920
2026-06-21T00:34:05Z,311,1,0,13,1,0,1,1,1,1781999773
2026-06-21T00:34:05Z,312,16,10,4,3,0,1,1,1,1782000215
2026-06-21T00:34:05Z,313,2,0,13,0,0,1,1,1,1781993278
2026-06-21T00:34:05Z,314,4,0,14,1,0,1,1,1,1782001889
2026-06-21T00:34:05Z,315,18,11,12,1,0,1,1,1,1782002003
2026-06-21T00:34:05Z,316,8,0,6,1,0,1,1,1,1782001781
2026-06-21T00:34:05Z,317,25,20,4,1,1,1,1,1,1782001906
2026-06-21T00:34:05Z,318,7,2,10,0,0,1,1,1,1781999657
2026-06-21T00:34:05Z,319,5,3,20,2,0,1,1,1,1782001707
2026-06-21T00:34:05Z,320,1,1,18,0,0,1,1,1,1781994065
2026-06-21T00:34:05Z,321,7,0,12,0,0,1,1,1,1781982767
2026-06-21T00:34:05Z,322,6,0,23,0,0,1,1,1,1782001056
2026-06-21T00:34:05Z,323,9,1,9,1,0,1,1,1,1782002029
2026-06-21T00:34:05Z,324,5,3,22,0,0,1,1,1,1782002033
2026-06-21T00:34:05Z,325,2,0,23,2,0,1,1,1,1782002040
2026-06-21T00:34:05Z,327,0,0,25,0,2,1,1,1,1782000578
2026-06-21T00:34:05Z,328,14,0,8,1,0,1,1,1,1782001502
2026-06-21T00:34:05Z,329,14,0,5,0,0,1,1,1,1782001421
2026-06-21T00:34:05Z,330,7,1,15,0,0,1,1,1,1782001448
2026-06-21T00:34:05Z,331,4,0,19,0,0,1,1,1,1782001610
2026-06-21T00:34:05Z,332,17,4,0,2,0,1,1,1,1782000504
2026-06-21T00:34:05Z,333,5,4,18,0,0,1,1,1,1782000656
2026-06-21T00:34:05Z,334,12,3,10,1,0,1,1,1,1782000862
2026-06-21T00:34:05Z,335,14,0,6,2,1,1,1,1,1782000975
2026-06-21T00:34:05Z,336,8,2,11,0,0,1,1,1,1781999699
2026-06-21T00:34:05Z,337,13,1,8,2,0,1,1,1,1782001949
2026-06-21T00:34:05Z,338,1,0,18,0,0,1,1,1,1782001787
2026-06-21T00:34:05Z,339,15,9,7,1,0,1,1,1,1782001608
2026-06-21T00:34:05Z,340,10,2,4,1,0,1,1,1,1782001455
2026-06-21T00:34:05Z,341,3,2,16,0,0,1,1,1,1782000338
2026-06-21T00:34:05Z,342,15,3,0,0,0,1,1,1,1782001987
2026-06-21T00:34:05Z,343,13,10,10,0,0,1,1,1,1782001500
2026-06-21T00:34:05Z,344,4,0,19,0,0,1,1,1,1782001373
2026-06-21T00:34:05Z,345,2,0,16,1,0,1,1,1,1782001828
2026-06-21T00:34:05Z,346,21,2,2,0,0,1,1,1,1782001120
2026-06-21T00:34:05Z,347,18,0,27,2,0,1,1,1,1782002038
2026-06-21T00:34:05Z,348,12,0,10,1,0,1,1,1,1782001898
2026-06-21T00:34:05Z,349,14,2,4,1,0,1,1,1,1782001788
2026-06-21T00:34:05Z,350,5,0,21,0,1,1,1,1,1782001134
2026-06-21T00:34:05Z,351,1,0,21,1,0,1,1,1,1782002031
2026-06-21T00:34:05Z,355,22,3,1,0,0,1,1,1,1782000399
2026-06-21T00:34:05Z,356,18,4,1,0,0,1,1,1,1782001229
2026-06-21T00:34:05Z,357,5,0,14,0,0,1,1,1,1782001858
2026-06-21T00:34:05Z,358,20,1,7,0,0,1,1,1,1782000403
2026-06-21T00:34:05Z,359,0,0,25,2,0,1,1,1,1782001259
2026-06-21T00:34:05Z,360,4,1,14,1,0,1,1,1,1781998444
2026-06-21T00:34:05Z,362,1,0,17,1,0,1,1,1,1781999608
2026-06-21T00:34:05Z,363,23,3,1,1,1,1,1,1,1782002015
2026-06-21T00:34:05Z,364,2,0,15,1,1,1,1,1,1781999292
2026-06-21T00:34:05Z,365,4,0,18,1,0,1,1,1,1782001907
2026-06-21T00:34:05Z,366,2,2,20,1,0,1,1,1,1781999293
2026-06-21T00:34:05Z,367,14,1,5,0,0,1,1,1,1781999498
2026-06-21T00:34:05Z,368,15,2,8,0,0,1,1,1,1782001399
2026-06-21T00:34:05Z,370,15,6,9,3,0,1,1,1,1782001779
2026-06-21T00:34:05Z,371,4,3,14,1,0,1,1,1,1782000980
2026-06-21T00:34:05Z,372,5,2,10,0,0,1,1,1,1781999916
2026-06-21T00:34:05Z,373,6,1,20,0,0,1,1,1,1781999943
2026-06-21T00:34:05Z,374,2,1,15,0,0,1,1,1,1782001724
2026-06-21T00:34:05Z,375,8,2,19,0,0,1,1,1,1782000917
2026-06-21T00:34:05Z,376,9,0,28,2,0,1,1,1,1782001546
2026-06-21T00:34:05Z,377,7,4,18,2,0,1,1,1,1782000456
2026-06-21T00:34:05Z,378,19,3,2,3,0,1,1,1,1782001958
2026-06-21T00:34:05Z,379,18,3,8,1,0,1,1,1,1782000407
2026-06-21T00:34:05Z,380,14,0,9,0,0,1,1,1,1782001757
2026-06-21T00:34:05Z,381,2,0,20,1,0,1,1,1,1782001662
2026-06-21T00:34:05Z,383,11,2,4,0,0,1,1,1,1781999501
2026-06-21T00:34:05Z,384,9,0,9,1,0,1,1,1,1782000290
2026-06-21T00:34:05Z,385,1,0,17,0,0,1,1,1,1782001850
2026-06-21T00:34:05Z,387,14,1,9,0,0,1,1,1,1782000888
2026-06-21T00:34:05Z,388,30,2,15,3,0,1,1,1,1782001844
2026-06-21T00:34:05Z,389,9,3,5,1,0,1,1,1,1782000691
2026-06-21T00:34:05Z,390,13,0,14,0,0,1,1,1,1782001700
2026-06-21T00:34:05Z,391,10,10,5,0,0,1,1,1,1781999549
2026-06-21T00:34:05Z,392,11,10,7,1,0,1,1,1,1781994275
2026-06-21T00:34:05Z,393,8,8,3,0,0,1,1,1,1781999498
2026-06-21T00:34:05Z,394,9,2,6,0,0,1,1,1,1782001375
2026-06-21T00:34:05Z,396,19,8,22,1,0,1,1,1,1782001782
2026-06-21T00:34:05Z,397,27,6,2,2,0,1,1,1,1782001417
2026-06-21T00:34:05Z,399,3,1,15,0,1,1,1,1,1782001774
2026-06-21T00:34:05Z,400,8,1,13,2,0,1,1,1,1782001401
2026-06-21T00:34:05Z,401,30,1,1,0,0,1,1,1,1782001748
2026-06-21T00:34:05Z,403,10,0,17,3,1,1,1,1,1782002024
2026-06-21T00:34:05Z,404,23,2,0,0,0,1,1,1,1782000997
2026-06-21T00:34:05Z,406,25,8,10,0,0,1,1,1,1782001728
2026-06-21T00:34:05Z,407,4,2,30,0,0,1,1,1,1782000418
2026-06-21T00:34:05Z,408,20,9,12,1,0,1,1,1,1782001888
2026-06-21T00:34:05Z,409,9,2,13,1,0,1,1,1,1782001286
2026-06-21T00:34:05Z,413,17,5,4,2,0,1,1,1,1782001050
2026-06-21T00:34:05Z,414,7,0,7,1,0,1,1,1,1782000801
2026-06-21T00:34:05Z,417,4,3,15,0,0,1,1,1,1782002030
2026-06-21T00:34:05Z,418,6,4,9,0,0,1,1,1,1781999792
2026-06-21T00:34:05Z,419,5,1,17,1,0,1,1,1,1781999168
2026-06-21T00:34:05Z,421,0,0,19,0,0,1,1,1,1782001999
2026-06-21T00:34:05Z,422,8,0,19,0,0,1,1,1,1781995508
2026-06-21T00:34:05Z,423,15,0,8,0,0,1,1,1,1781997700
2026-06-21T00:34:05Z,424,7,2,6,2,0,1,1,1,1782001558
2026-06-21T00:34:05Z,425,22,2,0,0,0,1,1,1,1782000268
2026-06-21T00:34:05Z,426,2,0,33,2,0,1,1,1,1782001741
2026-06-21T00:34:05Z,427,1,0,11,2,1,1,1,1,1782001049
2026-06-21T00:34:05Z,428,2,0,17,0,0,1,1,1,1782001846
2026-06-21T00:34:05Z,429,14,1,9,0,0,1,1,1,1782001591
2026-06-21T00:34:05Z,430,6,0,23,2,0,1,1,1,1782002031
2026-06-21T00:34:05Z,431,3,0,26,2,2,1,1,1,1782001749
2026-06-21T00:34:05Z,432,26,0,2,3,0,1,1,1,1782001846
2026-06-21T00:34:05Z,433,9,1,14,0,0,1,1,1,1782001530
2026-06-21T00:34:05Z,437,9,2,8,2,0,1,1,1,1782001963
2026-06-21T00:34:05Z,438,10,7,8,0,1,1,1,1,1782001754
2026-06-21T00:34:05Z,439,9,7,6,0,0,1,1,1,1782001579
2026-06-21T00:34:05Z,440,6,4,8,1,0,1,1,1,1782001085
2026-06-21T00:34:05Z,441,9,2,1,5,0,1,1,1,1782001985
2026-06-21T00:34:05Z,442,15,3,4,0,0,1,1,1,1782000310
2026-06-21T00:34:05Z,443,7,0,19,1,0,1,1,1,1781977804
2026-06-21T00:34:05Z,444,14,4,8,1,0,1,1,1,1782002035
2026-06-21T00:34:05Z,445,2,2,18,3,0,1,1,1,1782000821
2026-06-21T00:34:05Z,446,4,3,18,1,0,1,1,1,1782000415
2026-06-21T00:34:05Z,447,11,0,9,3,0,1,1,1,1781997401
2026-06-21T00:34:05Z,448,4,2,10,0,1,1,1,1,1781989899
2026-06-21T00:34:05Z,452,8,0,9,2,0,1,1,1,1782000619
2026-06-21T00:34:05Z,453,14,4,0,1,0,1,1,1,1782001636
2026-06-21T00:34:05Z,454,10,0,7,1,1,1,1,1,1782001824
2026-06-21T00:34:05Z,455,11,1,27,0,1,1,1,1,1782001231
2026-06-21T00:34:05Z,456,15,0,7,1,0,1,1,1,1782002035
2026-06-21T00:34:05Z,457,14,1,11,2,0,1,1,1,1782001924
2026-06-21T00:34:05Z,458,3,2,20,0,0,1,1,1,1782001862
2026-06-21T00:34:05Z,459,1,0,14,0,0,1,1,1,1782001248
2026-06-21T00:34:05Z,460,4,0,16,3,0,1,1,1,1782001921
2026-06-21T00:34:05Z,461,8,2,8,2,1,1,1,1,1782001784
2026-06-21T00:34:05Z,462,5,0,14,2,0,1,1,1,1782001853
2026-06-21T00:34:05Z,463,10,1,8,1,0,1,1,1,1782002025
2026-06-21T00:34:05Z,464,2,0,12,0,0,1,1,1,1781999028
2026-06-21T00:34:05Z,465,12,0,2,1,0,1,1,1,1782001713
2026-06-21T00:34:05Z,466,2,0,10,3,0,1,1,1,1781992918
2026-06-21T00:34:05Z,467,10,2,5,0,0,1,1,1,1782001528
2026-06-21T00:34:05Z,468,8,2,10,1,0,1,1,1,1782002001
2026-06-21T00:34:05Z,469,10,0,13,0,0,1,1,1,1781994524
2026-06-21T00:34:05Z,470,4,1,11,0,0,1,1,1,1781999741
2026-06-21T00:34:05Z,471,8,0,19,0,0,1,1,1,1782001710
2026-06-21T00:34:05Z,472,10,6,8,1,0,1,1,1,1782001491
2026-06-21T00:34:05Z,473,3,1,15,1,0,1,1,1,1781993264
2026-06-21T00:34:05Z,474,7,2,11,1,0,1,1,1,1782001527
2026-06-21T00:34:05Z,475,5,1,14,0,0,1,1,1,1782001542
2026-06-21T00:34:05Z,476,2,0,20,1,0,1,1,1,1782002014
2026-06-21T00:34:05Z,477,8,5,6,1,0,1,1,1,1782001069
2026-06-21T00:34:05Z,478,22,0,7,2,0,1,1,1,1782001270
2026-06-21T00:34:05Z,479,1,1,23,2,1,1,1,1,1782001849
2026-06-21T00:34:05Z,480,8,3,7,0,0,1,1,1,1781999273
2026-06-21T00:34:05Z,481,0,0,35,0,0,1,1,1,1781994472
2026-06-21T00:34:05Z,482,16,5,2,1,0,1,1,1,1782001795
2026-06-21T00:34:05Z,483,18,0,8,1,0,1,1,1,1782001744
2026-06-21T00:34:05Z,484,13,3,5,1,0,1,1,1,1782000997
2026-06-21T00:34:05Z,485,9,4,10,0,0,1,1,1,1782001806
2026-06-21T00:34:05Z,486,2,0,25,0,0,1,1,1,1782001277
2026-06-21T00:34:05Z,487,14,2,5,0,0,1,1,1,1781998215
2026-06-21T00:34:05Z,489,0,0,15,0,0,1,1,1,1782001318
2026-06-21T00:34:05Z,490,7,1,7,2,0,1,1,1,1782001436
2026-06-21T00:34:05Z,491,4,0,16,1,0,1,1,1,1782000051
2026-06-21T00:34:05Z,492,5,5,3,3,0,1,1,1,1782001141
2026-06-21T00:34:05Z,493,8,0,19,0,0,1,1,1,1782001976
2026-06-21T00:34:05Z,495,4,2,10,1,0,1,1,1,1782001975
2026-06-21T00:34:05Z,496,4,1,23,0,0,1,1,1,1782001019
2026-06-21T00:34:05Z,497,14,1,5,0,0,1,1,1,1782001961
2026-06-21T00:34:05Z,498,20,2,3,0,0,1,1,1,1782002011
2026-06-21T00:34:05Z,499,1,1,18,0,0,1,1,1,1781998191
2026-06-21T00:34:05Z,500,10,7,4,1,0,1,1,1,1782001313
2026-06-21T00:34:05Z,501,8,1,12,1,0,1,1,1,1782000829
2026-06-21T00:34:05Z,502,8,1,11,0,0,1,1,1,1782000596
2026-06-21T00:34:05Z,503,0,0,31,0,0,1,1,1,1781997969
2026-06-21T00:34:05Z,504,1,0,38,0,0,1,1,1,1782001598
2026-06-21T00:34:05Z,505,0,0,17,0,1,1,1,1,1782001763
2026-06-21T00:34:05Z,511,13,1,9,1,0,1,1,1,1782000518
2026-06-21T00:34:05Z,512,1,1,18,0,0,1,1,1,1782000878
2026-06-21T00:34:05Z,514,5,2,3,3,0,1,1,1,1782001951
2026-06-21T00:34:05Z,515,7,3,11,1,0,1,1,1,1782001223
2026-06-21T00:34:05Z,516,18,0,9,0,0,1,1,1,1782001768
2026-06-21T00:34:05Z,517,3,1,20,0,0,1,1,1,1782002020
2026-06-21T00:34:05Z,518,0,0,14,1,0,1,1,1,1781996086
2026-06-21T00:34:05Z,519,12,2,6,1,0,1,1,1,1781999016
2026-06-21T00:34:05Z,520,8,0,17,1,1,1,1,1,1782000724
2026-06-21T00:34:05Z,521,6,1,17,0,0,1,1,1,1782000385
2026-06-21T00:34:05Z,522,5,0,18,0,0,1,1,1,1782001339
2026-06-21T00:34:05Z,523,14,1,8,1,0,1,1,1,1781994240
2026-06-21T00:34:05Z,524,6,0,17,0,0,1,1,1,1782001102
2026-06-21T00:34:05Z,525,0,0,19,0,0,1,1,1,1781999230
2026-06-21T00:34:05Z,526,13,6,2,0,0,1,1,1,1782000811
2026-06-21T00:34:05Z,527,15,14,9,2,0,1,1,1,1782001186
2026-06-21T00:34:05Z,528,9,3,14,0,0,1,1,1,1782000061
2026-06-21T00:34:05Z,529,7,2,10,2,0,1,1,1,1782002036
2026-06-21T00:34:05Z,530,10,0,11,0,0,1,1,1,1782001986
2026-06-21T00:34:05Z,531,13,1,9,0,1,1,1,1,1782001471
2026-06-21T00:34:05Z,532,19,4,11,1,0,1,1,1,1781994646
2026-06-21T00:34:05Z,533,7,0,11,1,0,1,1,1,1782001941
2026-06-21T00:34:05Z,534,13,3,10,0,0,1,1,1,1782001619
2026-06-21T00:34:05Z,535,9,0,6,0,0,1,1,1,1782001883
2026-06-21T00:34:05Z,536,12,2,11,0,0,1,1,1,1782001734
2026-06-21T00:34:05Z,537,6,5,15,0,0,1,1,1,1782001923
2026-06-21T00:34:05Z,538,8,3,9,2,0,1,1,1,1782001555
2026-06-21T00:34:05Z,539,7,5,12,0,0,1,1,1,1782001149
2026-06-21T00:34:05Z,540,10,2,9,0,0,1,1,1,1782000979
2026-06-21T00:34:05Z,541,3,1,23,1,0,1,1,1,1782002039
2026-06-21T00:34:05Z,542,22,3,0,1,0,1,1,1,1782000457
2026-06-21T00:34:05Z,543,5,3,13,1,0,1,1,1,1782001837
2026-06-21T00:34:05Z,544,10,4,14,1,0,1,1,1,1782002040
2026-06-21T00:34:05Z,545,9,1,9,1,0,1,1,1,1782001286
2026-06-21T00:34:05Z,546,9,4,10,0,0,1,1,1,1782001830
2026-06-21T00:34:05Z,547,14,1,8,0,0,1,1,1,1782000650
2026-06-21T00:34:05Z,548,8,0,14,1,0,1,1,1,1782001732
2026-06-21T00:34:05Z,549,3,0,17,1,0,1,1,1,1782002015
2026-06-21T00:34:05Z,550,9,8,10,0,0,1,1,1,1782001750
2026-06-21T00:34:05Z,551,9,5,14,0,0,1,1,1,1781995831
2026-06-21T00:34:05Z,552,18,1,9,0,0,1,1,1,1782002019
2026-06-21T00:34:05Z,553,14,0,9,0,0,1,1,1,1782000548
2026-06-21T00:34:05Z,554,14,6,3,2,0,1,1,1,1781998793
2026-06-21T00:34:05Z,555,12,3,3,0,0,1,1,1,1782001652
2026-06-21T00:34:05Z,556,1,1,22,0,0,1,1,1,1782000472
2026-06-21T00:34:05Z,557,0,0,23,0,0,0,1,1,1781719859
2026-06-21T00:34:05Z,558,23,1,13,1,0,1,1,1,1782001825
2026-06-21T00:34:05Z,559,4,0,15,0,0,1,1,1,1781995096
2026-06-21T00:34:05Z,560,1,0,25,1,0,1,1,1,1782001733
2026-06-21T00:34:05Z,561,13,0,9,1,0,1,1,1,1782001961
2026-06-21T00:34:05Z,562,4,0,28,3,0,1,1,1,1782002020
2026-06-21T00:34:05Z,563,3,0,11,0,0,1,1,1,1782001435
2026-06-21T00:34:05Z,564,9,0,9,1,0,1,1,1,1782001780
2026-06-21T00:34:05Z,565,0,0,17,1,1,1,1,1,1782000697
2026-06-21T00:34:05Z,566,5,1,12,2,0,1,1,1,1782001651
2026-06-21T00:34:05Z,567,2,0,24,1,0,1,1,1,1782000957
2026-06-21T00:34:05Z,568,8,0,11,0,0,1,1,1,1781997927
2026-06-21T00:34:05Z,569,6,0,13,0,0,1,1,1,1781999403
2026-06-21T00:34:05Z,570,8,1,11,0,0,1,1,1,1782000756
2026-06-21T00:34:05Z,571,6,0,17,0,0,1,1,1,1782000467
2026-06-21T00:34:05Z,572,3,2,15,1,0,1,1,1,1782001747
2026-06-21T00:34:05Z,573,1,0,13,1,0,1,1,1,1782000478
2026-06-21T00:34:05Z,574,3,3,9,3,0,1,1,1,1782000633
2026-06-21T00:34:05Z,575,14,1,5,2,0,1,1,1,1782001990
2026-06-21T00:34:05Z,576,13,2,4,2,0,1,1,1,1782000747
2026-06-21T00:34:05Z,577,11,0,20,0,0,1,1,1,1782001441
2026-06-21T00:34:05Z,578,19,5,2,2,0,1,1,1,1782000974
2026-06-21T00:34:05Z,579,23,4,20,0,0,1,1,1,1782001842
2026-06-21T00:34:05Z,580,28,0,1,2,0,1,1,1,1782001768
2026-06-21T00:34:05Z,581,2,0,16,1,0,1,1,1,1782001949
2026-06-21T00:34:05Z,582,31,2,26,4,0,1,1,1,1782002011
2026-06-21T00:34:05Z,583,2,0,21,0,0,1,1,1,1782001963
2026-06-21T00:34:05Z,584,8,8,8,3,0,1,1,1,1782001660
2026-06-21T00:34:05Z,585,16,1,11,0,0,1,1,1,1782001922
2026-06-21T00:34:05Z,586,32,2,2,1,0,1,1,1,1782000245
2026-06-21T00:34:05Z,587,0,0,24,3,0,1,1,1,1782002033
2026-06-21T00:34:05Z,588,5,2,14,0,0,1,1,1,1782001727
2026-06-21T00:34:05Z,589,17,7,6,0,0,1,1,1,1781998937
2026-06-21T00:34:05Z,590,3,0,28,0,0,1,1,1,1782001676
2026-06-21T00:34:05Z,591,16,0,5,1,0,1,1,1,1782001607
2026-06-21T00:34:05Z,592,3,0,20,0,0,1,1,1,1782001483
2026-06-21T00:34:05Z,593,30,2,9,0,0,1,1,1,1782001802
2026-06-21T00:34:05Z,594,7,0,13,1,0,1,1,1,1782001940
2026-06-21T00:34:05Z,595,0,0,3,0,0,0,1,1,1779985765
2026-06-21T00:34:05Z,605,0,0,3,0,0,0,1,1,1780413752
2026-06-21T00:34:05Z,606,0,0,3,0,0,0,1,1,1781723852
2026-06-21T00:34:05Z,607,11,4,22,0,0,1,1,1,1782001545
2026-06-21T00:34:05Z,608,27,0,27,0,0,1,1,1,1782001706
2026-06-21T00:34:05Z,609,17,1,6,0,0,1,1,1,1782001844
2026-06-21T00:34:05Z,610,0,0,34,1,0,0,1,1,1781869880
2026-06-21T00:34:05Z,611,26,1,1,0,0,1,1,1,1782002018
2026-06-21T00:34:05Z,612,7,1,8,0,0,1,1,1,1781998677
2026-06-21T00:34:05Z,613,1,0,11,2,0,1,1,1,1782001979
2026-06-21T00:34:05Z,614,8,1,14,4,1,1,1,1,1782001956
2026-06-21T00:34:05Z,617,1,0,14,0,0,1,1,1,1782000252
2026-06-21T00:34:05Z,618,7,2,10,2,0,1,1,1,1782000915
2026-06-21T00:34:05Z,619,15,1,4,0,0,1,1,1,1782001871
2026-06-21T00:34:05Z,620,8,8,15,0,0,1,1,1,1782001135
2026-06-21T00:34:05Z,621,5,5,18,0,0,1,1,1,1782001844
2026-06-21T00:34:05Z,622,5,0,17,1,0,1,1,1,1782000908
2026-06-21T00:34:05Z,623,11,2,18,1,0,1,1,1,1782000669
2026-06-21T00:34:05Z,624,4,3,8,3,0,1,1,1,1781999173
2026-06-21T00:34:05Z,625,10,2,11,0,0,1,1,1,1782001845
2026-06-21T00:34:05Z,626,20,0,24,0,2,1,1,1,1782001934
2026-06-21T00:34:05Z,627,16,1,3,0,0,1,1,1,1781990733
2026-06-21T00:34:05Z,628,5,4,12,0,2,1,1,1,1782001835
2026-06-21T00:34:05Z,629,1,1,9,1,0,1,1,1,1782001776
2026-06-21T00:34:05Z,630,5,2,20,2,0,1,1,1,1781981887
2026-06-21T00:34:05Z,631,14,3,9,0,0,1,1,1,1781999559
2026-06-21T00:34:05Z,632,4,3,15,4,0,1,1,1,1782001880
2026-06-21T00:34:05Z,633,4,1,9,2,0,1,1,1,1781988354
2026-06-21T00:34:05Z,634,6,3,11,1,1,1,1,1,1781999518
2026-06-21T00:34:05Z,635,13,2,6,0,0,1,1,1,1782001728
2026-06-21T00:34:05Z,636,1,0,14,0,0,1,1,1,1781945782
2026-06-21T00:34:05Z,637,11,5,8,0,0,1,1,1,1781996952
2026-06-21T00:34:05Z,638,5,4,13,1,0,1,1,1,1781991778
2026-06-21T00:34:05Z,639,8,3,3,6,2,1,1,1,1782001969
2026-06-21T00:34:05Z,640,10,2,9,4,0,1,1,1,1782002024
2026-06-21T00:34:05Z,641,5,1,22,0,0,1,1,1,1782001992
2026-06-21T00:34:05Z,642,5,3,12,2,0,1,1,1,1782001380
2026-06-21T00:34:05Z,643,3,1,21,4,0,1,1,1,1782002034
2026-06-21T00:34:05Z,644,0,0,14,0,1,1,1,1,1782001411
2026-06-21T00:34:05Z,645,10,3,12,0,1,1,1,1,1781996541
2026-06-21T00:34:05Z,646,3,1,15,1,0,1,1,1,1782000320
2026-06-21T00:34:05Z,647,18,0,13,0,0,1,1,1,1782001462
2026-06-21T00:34:05Z,648,13,0,5,1,0,1,1,1,1782000007
2026-06-21T00:34:05Z,649,14,2,17,0,0,1,1,1,1782000126
2026-06-21T00:34:05Z,650,12,0,5,0,0,1,1,1,1781998519
2026-06-21T00:34:05Z,651,17,4,4,2,0,1,1,1,1782000827
2026-06-21T00:34:05Z,652,8,5,11,4,0,1,1,1,1782001992
2026-06-21T00:34:05Z,653,3,2,15,0,1,1,1,1,1782000987
2026-06-21T00:34:05Z,654,4,1,11,0,0,1,1,1,1781996001
2026-06-21T00:34:05Z,655,2,0,13,0,0,1,1,1,1781995716
2026-06-21T00:34:05Z,656,4,0,15,0,0,1,1,1,1782001574
2026-06-21T00:34:05Z,657,4,3,6,7,0,1,1,1,1782001883
2026-06-21T00:34:05Z,658,9,3,14,0,0,1,1,1,1782001659
2026-06-21T00:34:05Z,659,9,9,5,1,0,1,1,1,1781998457
2026-06-21T00:34:05Z,660,25,4,6,0,0,1,1,1,1781999469
2026-06-21T00:34:05Z,661,11,5,7,1,0,1,1,1,1782001787
2026-06-21T00:34:05Z,662,5,0,18,0,0,1,1,1,1781987092
2026-06-21T00:34:05Z,663,8,1,7,0,0,1,1,1,1782001716
2026-06-21T00:34:05Z,664,5,0,20,2,0,1,1,1,1782000932
2026-06-21T00:34:05Z,665,8,1,7,0,0,1,1,1,1782000563
2026-06-21T00:34:05Z,666,6,2,8,1,0,1,1,1,1781992374
2026-06-21T00:34:05Z,667,19,2,0,0,0,1,1,1,1782001915
2026-06-21T00:34:05Z,668,6,1,12,1,0,1,1,1,1782000928
2026-06-21T00:34:05Z,669,6,3,7,1,0,1,1,1,1782001203
2026-06-21T00:34:05Z,670,1,0,26,0,0,1,1,1,1781992728
2026-06-21T00:34:05Z,671,2,0,25,0,0,1,1,1,1782001600
2026-06-21T00:34:05Z,672,7,0,13,3,0,1,1,1,1781996970
2026-06-21T00:34:05Z,673,6,1,17,0,0,1,1,1,1782001761
2026-06-21T00:34:05Z,674,15,12,7,1,0,1,1,1,1782001569
2026-06-21T00:34:05Z,675,11,2,2,1,1,1,1,1,1782001990
2026-06-21T00:34:05Z,676,10,1,11,1,1,1,1,1,1782002030
2026-06-21T00:34:05Z,681,9,0,1,5,0,1,1,1,1781997748
2026-06-21T00:34:05Z,682,11,4,7,1,0,1,1,1,1781981475
2026-06-21T00:34:05Z,683,5,2,11,3,0,1,1,1,1781973210
2026-06-21T00:34:05Z,684,12,0,14,1,0,1,1,1,1782001608
2026-06-21T00:34:05Z,685,7,2,18,1,1,1,1,1,1781987383
2026-06-21T00:34:05Z,686,4,0,22,0,1,1,1,1,1782001751
2026-06-21T00:34:05Z,687,13,4,17,0,1,1,1,1,1781986019
2026-06-21T00:34:05Z,688,10,5,8,1,0,1,1,1,1781997843
2026-06-21T00:34:05Z,692,10,9,11,0,0,1,1,1,1782001787
2026-06-21T00:34:05Z,693,3,1,8,0,0,1,1,1,1782001895
2026-06-21T00:34:05Z,694,7,2,13,1,0,1,1,1,1782001120
2026-06-21T00:34:05Z,695,18,8,5,0,0,1,1,1,1782001994
2026-06-21T00:34:05Z,696,9,4,13,1,0,1,1,1,1782001775
2026-06-21T00:34:05Z,697,13,1,9,1,0,1,1,1,1782001373
2026-06-21T00:34:05Z,698,9,1,16,2,0,1,1,1,1782002036
2026-06-21T00:34:05Z,699,7,0,8,0,0,1,1,1,1782001670
2026-06-21T00:34:05Z,700,6,0,12,1,0,1,1,1,1782001320
2026-06-21T00:34:05Z,701,5,0,13,1,0,1,1,1,1782001302
2026-06-21T00:34:05Z,702,18,2,4,1,0,1,1,1,1782001128
2026-06-21T00:34:05Z,703,11,7,12,0,0,1,1,1,1782001689
2026-06-21T00:34:05Z,704,1,0,14,0,0,1,1,1,1782002002
2026-06-21T00:34:05Z,705,2,0,13,0,0,1,1,1,1782001719
2026-06-21T00:34:05Z,706,9,2,6,0,0,1,1,1,1782001654
2026-06-21T00:34:05Z,707,2,2,13,0,0,1,1,1,1782001737
2026-06-21T00:34:05Z,708,8,0,11,0,0,1,1,1,1782000323
2026-06-21T00:34:05Z,709,4,1,7,4,0,1,1,1,1782000268
2026-06-21T00:34:05Z,710,0,0,19,0,0,1,1,1,1782001966
2026-06-21T00:34:05Z,711,6,4,10,3,0,1,1,1,1782001261
2026-06-21T00:34:05Z,712,6,2,7,2,0,1,1,1,1782001996
2026-06-21T00:34:05Z,713,14,4,8,1,0,1,1,1,1782000771
2026-06-21T00:34:05Z,716,3,1,8,4,0,1,1,1,1782001630
2026-06-21T00:34:05Z,717,7,1,15,3,0,1,1,1,1782000597
2026-06-21T00:34:05Z,718,3,2,12,0,0,1,1,1,1782000955
2026-06-21T00:34:05Z,719,4,0,25,0,0,1,1,1,1782001758
2026-06-21T00:34:05Z,720,7,1,11,1,0,1,1,1,1782001612
2026-06-21T00:34:05Z,721,7,1,16,0,0,1,1,1,1782001419
2026-06-21T00:34:05Z,722,7,0,8,0,0,1,1,1,1782001073
2026-06-21T00:34:05Z,723,7,0,15,1,0,1,1,1,1782000565
2026-06-21T00:34:05Z,724,3,0,20,0,0,1,1,1,1782001582
2026-06-21T00:34:05Z,725,6,1,17,0,0,1,1,1,1782001039
2026-06-21T00:34:05Z,726,4,1,15,0,0,1,1,1,1782001123
2026-06-21T00:34:05Z,727,3,0,19,1,0,1,1,1,1782001585
2026-06-21T00:34:05Z,728,2,0,9,4,0,1,1,1,1782001489
2026-06-21T00:34:05Z,729,0,0,18,1,0,1,1,1,1782000333
2026-06-21T00:34:05Z,730,2,1,13,0,0,1,1,1,1782001171
2026-06-21T00:34:05Z,731,1,0,14,0,0,1,1,1,1782001720
2026-06-21T00:34:05Z,732,5,3,10,0,0,1,1,1,1782001966
2026-06-21T00:34:05Z,733,1,0,25,1,0,1,1,1,1782001958
2026-06-21T00:34:05Z,734,8,3,6,0,0,1,1,1,1782001889
2026-06-21T00:34:05Z,735,13,5,6,0,0,1,1,1,1782001013
2026-06-21T00:34:05Z,736,6,0,10,3,0,1,1,1,1782000686
2026-06-21T00:34:05Z,737,3,0,12,0,0,1,1,1,1782001777
2026-06-21T00:34:05Z,738,19,6,0,0,0,1,1,1,1782000311
2026-06-21T00:34:05Z,739,13,3,14,0,0,1,1,1,1782001312
2026-06-21T00:34:05Z,741,3,0,20,0,0,1,1,1,1782000556
2026-06-21T00:34:05Z,742,19,0,20,0,0,1,1,1,1782001848
2026-06-21T00:34:05Z,743,3,2,16,0,0,1,1,1,1782001794
2026-06-21T00:34:05Z,744,3,0,11,1,0,1,1,1,1782001778
2026-06-21T00:34:05Z,745,2,0,17,0,0,1,1,1,1782000378
2026-06-21T00:34:05Z,746,1,0,22,0,0,1,1,1,1782000239
2026-06-21T00:34:05Z,747,1,0,18,0,0,1,1,1,1782001317
2026-06-21T00:34:05Z,748,10,6,13,0,0,1,1,1,1782000865
2026-06-21T00:34:05Z,749,5,0,17,1,0,1,1,1,1782001801
2026-06-21T00:34:05Z,750,2,1,9,0,0,1,1,1,1782000832
2026-06-21T00:34:05Z,751,12,12,10,1,0,1,1,1,1782001606
2026-06-21T00:34:05Z,752,9,3,7,1,0,1,1,1,1782001990
2026-06-21T00:34:05Z,753,6,1,9,0,0,1,1,1,1782001083
2026-06-21T00:34:05Z,754,5,2,10,0,0,1,1,1,1782000558
2026-06-21T00:34:05Z,755,15,8,4,0,0,1,1,1,1782001684
2026-06-21T00:34:05Z,756,28,8,9,0,0,1,1,1,1782000680
2026-06-21T00:34:05Z,757,0,0,19,0,0,1,1,1,1782001699
2026-06-21T00:34:05Z,758,18,6,5,0,0,1,1,1,1782001977
2026-06-21T00:34:05Z,759,8,3,5,2,0,1,1,1,1782000432
2026-06-21T00:34:05Z,760,11,1,7,0,1,1,1,1,1782000833
2026-06-21T00:34:05Z,761,18,9,5,0,0,1,1,1,1782002016
2026-06-21T00:34:05Z,762,6,0,9,0,0,1,1,1,1782001188
2026-06-21T00:34:05Z,768,6,1,7,6,0,1,1,1,1782001254
2026-06-21T00:34:05Z,769,17,3,2,0,0,1,1,1,1782001532
2026-06-21T00:34:05Z,770,5,1,13,1,0,1,1,1,1782000356
2026-06-21T00:34:05Z,771,4,2,11,0,0,1,1,1,1782001478
2026-06-21T00:34:05Z,772,1,0,14,0,0,1,1,1,1782001653
2026-06-21T00:34:05Z,773,6,2,11,2,0,1,1,1,1782001435
2026-06-21T00:34:05Z,774,7,1,7,1,0,1,1,1,1782000880
2026-06-21T00:34:05Z,775,8,4,10,1,0,1,1,1,1781996242
2026-06-21T00:34:05Z,776,3,1,17,1,0,1,1,1,1782000491
2026-06-21T00:34:05Z,777,4,4,6,5,0,1,1,1,1782000277
2026-06-21T00:34:05Z,778,1,0,16,2,0,1,1,1,1781975796
2026-06-21T00:34:05Z,779,8,4,10,1,0,1,1,1,1782000601
2026-06-21T00:34:05Z,780,3,0,13,2,1,1,1,1,1782001904
2026-06-21T00:34:05Z,781,4,1,6,1,0,1,1,1,1782001805
2026-06-21T00:34:05Z,782,8,4,11,0,0,1,1,1,1782001390
2026-06-21T00:34:05Z,783,1,0,17,0,1,1,1,1,1782001403
2026-06-21T00:34:05Z,784,12,0,7,0,0,1,1,1,1782001509
2026-06-21T00:34:05Z,785,6,4,6,2,0,1,1,1,1782001898
2026-06-21T00:34:05Z,786,6,1,12,1,0,1,1,1,1781987590
2026-06-21T00:34:05Z,787,7,1,8,0,0,1,1,1,1782001355
2026-06-21T00:34:05Z,788,3,2,12,0,0,1,1,1,1782001435
2026-06-21T00:34:05Z,789,4,0,11,0,0,1,1,1,1782001207
2026-06-21T00:34:05Z,790,17,1,6,0,0,1,1,1,1782001073
2026-06-21T00:34:05Z,791,2,0,17,0,0,1,1,1,1782001327
2026-06-21T00:34:05Z,793,0,0,15,0,0,1,1,1,1782001507
2026-06-21T00:34:05Z,794,28,2,1,0,0,1,1,1,1782000427
2026-06-21T00:34:05Z,796,7,1,11,1,0,1,1,1,1782000508
2026-06-21T00:34:05Z,797,4,2,11,0,0,1,1,1,1782001563
2026-06-21T00:34:05Z,798,0,0,25,0,0,1,1,1,1782001160
2026-06-21T00:34:05Z,799,1,1,17,1,0,1,1,1,1782000249
2026-06-21T00:34:05Z,800,2,0,18,1,0,1,1,1,1782002010
2026-06-21T00:34:05Z,801,10,6,11,0,0,1,1,1,1782001811
2026-06-21T00:34:05Z,802,1,0,29,1,0,1,1,1,1782001077
2026-06-21T00:34:05Z,803,8,0,7,0,0,1,1,1,1782001545
2026-06-21T00:34:05Z,806,13,8,2,0,0,1,1,1,1782002034
2026-06-21T00:34:05Z,807,16,2,5,4,0,1,1,1,1782000656
2026-06-21T00:34:05Z,808,9,1,15,1,0,1,1,1,1781997803
2026-06-21T00:34:05Z,809,7,1,16,0,0,1,1,1,1782001048
2026-06-21T00:34:05Z,810,11,6,8,0,0,1,1,1,1782000292
2026-06-21T00:34:05Z,815,9,1,6,0,0,1,1,1,1782000376
2026-06-21T00:34:05Z,817,6,3,6,3,0,1,1,1,1782001989
2026-06-21T00:34:05Z,818,6,1,17,0,0,1,1,1,1782001913
2026-06-21T00:34:05Z,819,2,0,11,2,0,1,1,1,1782001100
2026-06-21T00:34:05Z,820,0,0,17,0,0,1,1,1,1782001614
2026-06-21T00:34:05Z,821,1,0,12,2,0,1,1,1,1782001609
2026-06-21T00:34:05Z,822,14,2,9,0,0,1,1,1,1782001505
2026-06-21T00:34:05Z,823,15,1,0,0,0,1,1,1,1782001696
2026-06-21T00:34:05Z,824,9,2,9,1,0,1,1,1,1782001948
2026-06-21T00:34:05Z,825,1,0,14,0,0,1,1,1,1781996982
2026-06-21T00:34:05Z,826,3,0,16,0,0,1,1,1,1782001898
2026-06-21T00:34:05Z,827,15,1,5,1,0,1,1,1,1782001183
2026-06-21T00:34:05Z,828,16,2,1,1,0,1,1,1,1782001753
2026-06-21T00:34:05Z,829,8,4,19,0,0,1,1,1,1781992528
2026-06-21T00:34:05Z,830,6,0,17,0,0,1,1,1,1782001278
2026-06-21T00:34:05Z,831,3,1,11,1,0,1,1,1,1782000744
2026-06-21T00:34:05Z,832,4,2,12,2,0,1,1,1,1782000255
2026-06-21T00:34:05Z,833,10,1,9,0,0,1,1,1,1782001551
2026-06-21T00:34:05Z,834,5,0,19,0,0,1,1,1,1782002030
2026-06-21T00:34:05Z,835,17,2,1,0,0,1,1,1,1782001371
2026-06-21T00:34:05Z,837,7,2,7,1,0,1,1,1,1782000429
2026-06-21T00:34:05Z,838,1,0,13,1,0,1,1,1,1782001093
2026-06-21T00:34:05Z,839,19,0,10,0,0,1,1,1,1782001681
2026-06-21T00:34:05Z,840,26,4,2,1,0,1,1,1,1782000780
2026-06-21T00:34:05Z,841,6,0,8,1,0,1,1,1,1782001683
2026-06-21T00:34:05Z,842,9,3,13,0,1,1,1,1,1782001841
2026-06-21T00:34:05Z,843,7,6,24,0,0,1,1,1,1782000991
2026-06-21T00:34:05Z,844,6,3,16,1,0,1,1,1,1782001673
2026-06-21T00:34:05Z,845,0,0,19,0,0,1,1,1,1782001560
2026-06-21T00:34:05Z,846,8,2,10,0,1,1,1,1,1782000377
2026-06-21T00:34:05Z,847,14,3,13,0,0,1,1,1,1782002003
2026-06-21T00:34:05Z,848,15,0,4,0,0,1,1,1,1782001846
2026-06-21T00:34:05Z,849,10,3,1,4,0,1,1,1,1782000980
2026-06-21T00:34:05Z,850,5,0,6,0,0,1,1,1,1782001726
2026-06-21T00:34:05Z,851,20,8,16,1,0,1,1,1,1782001696
2026-06-21T00:34:05Z,852,6,0,12,1,0,1,1,1,1782001993
2026-06-21T00:34:05Z,853,2,0,20,1,0,1,1,1,1781996821
2026-06-21T00:34:05Z,854,10,4,5,0,0,1,1,1,1781985782
2026-06-21T00:34:05Z,855,6,2,20,1,0,1,1,1,1782001593
2026-06-21T00:34:05Z,857,13,5,6,0,0,1,1,1,1782001069
2026-06-21T00:34:05Z,858,0,0,18,1,0,1,1,1,1782001762
2026-06-21T00:34:05Z,859,8,2,13,0,0,1,1,1,1782000737
2026-06-21T00:34:05Z,861,2,1,9,0,0,1,1,1,1782000497
2026-06-21T00:34:05Z,862,0,0,15,0,0,1,1,1,1782000774
2026-06-21T00:34:05Z,863,1,1,18,0,0,1,1,1,1782001085
2026-06-21T00:34:05Z,866,4,2,15,0,0,1,1,1,1781998336
2026-06-21T00:34:05Z,867,3,1,12,0,0,1,1,1,1782000238
2026-06-21T00:34:05Z,868,14,4,1,0,0,1,1,1,1782001372
2026-06-21T00:34:05Z,870,12,3,3,0,0,1,1,1,1782001265
2026-06-21T00:34:05Z,871,7,0,4,0,0,1,1,1,1782000262
2026-06-21T00:34:05Z,872,11,1,4,0,0,1,1,1,1782001536
2026-06-21T00:34:05Z,873,0,0,33,0,0,1,1,1,1782001405
2026-06-21T00:34:05Z,874,12,1,3,0,0,1,1,1,1782001009
2026-06-21T00:34:05Z,875,14,4,1,0,0,1,1,1,1782001437
2026-06-21T00:34:05Z,877,15,6,4,0,0,1,1,1,1782001460
2026-06-21T00:34:05Z,878,2,1,17,0,0,1,1,1,1782001215
2026-06-21T00:34:05Z,879,5,2,11,3,0,1,1,1,1782002042
2026-06-21T00:34:05Z,880,2,1,20,1,0,1,1,1,1782002024
2026-06-21T00:34:05Z,881,8,0,7,4,0,1,1,1,1782001684
2026-06-21T00:34:05Z,882,11,5,8,0,0,1,1,1,1782000500
2026-06-21T00:34:05Z,883,0,0,18,1,0,0,1,1,1781529111
2026-06-21T00:34:05Z,884,11,6,10,0,0,1,1,1,1781983424
2026-06-21T00:34:05Z,885,1,1,18,0,0,1,1,1,1781978002
2026-06-21T00:34:05Z,886,18,2,8,3,0,1,1,1,1782000623
2026-06-21T00:34:05Z,887,9,2,8,0,0,1,1,1,1782001632
2026-06-21T00:34:05Z,888,40,10,0,1,0,1,1,1,1782001387
2026-06-21T00:34:05Z,889,0,0,19,0,0,1,1,1,1782000479
2026-06-21T00:34:05Z,890,0,0,15,0,0,1,1,1,1781998737
2026-06-21T00:34:05Z,891,4,1,19,0,0,1,1,1,1782002021
2026-06-21T00:34:05Z,892,7,2,8,0,0,1,1,1,1781999678
2026-06-21T00:34:05Z,895,11,0,7,1,0,1,1,1,1782002042
2026-06-21T00:34:05Z,896,10,0,24,1,0,1,1,1,1782001002
2026-06-21T00:34:05Z,897,8,1,12,1,0,1,1,1,1782000373
2026-06-21T00:34:05Z,898,6,0,13,0,0,1,1,1,1782001698
2026-06-21T00:34:05Z,899,2,1,17,0,0,1,1,1,1782001025
2026-06-21T00:34:05Z,900,5,0,22,0,0,1,1,1,1782001951
2026-06-21T00:34:05Z,901,9,0,9,1,0,1,1,1,1782001792
2026-06-21T00:34:05Z,902,6,0,9,0,0,1,1,1,1782001015
2026-06-21T00:34:05Z,903,4,1,15,0,0,1,1,1,1782001479
2026-06-21T00:34:05Z,904,15,6,3,1,0,1,1,1,1782001505
2026-06-21T00:34:05Z,905,11,0,15,1,0,1,1,1,1782001069
2026-06-21T00:34:05Z,906,12,9,15,0,0,1,1,1,1782001689
2026-06-21T00:34:05Z,907,0,0,31,0,0,1,1,1,1782001865
2026-06-21T00:34:05Z,908,4,0,19,0,0,1,1,1,1782000848
2026-06-21T00:34:05Z,909,5,1,16,2,0,1,1,1,1782001974
2026-06-21T00:34:05Z,910,10,0,20,1,0,1,1,1,1782001629
2026-06-21T00:34:05Z,911,10,0,9,0,0,1,1,1,1782001427
2026-06-21T00:34:05Z,912,11,0,10,2,0,1,1,1,1782001937
2026-06-21T00:34:05Z,913,1,1,18,0,0,1,1,1,1781984093
2026-06-21T00:34:05Z,914,11,1,8,0,0,1,1,1,1782000792
2026-06-21T00:34:05Z,915,19,1,4,0,0,1,1,1,1782001152
2026-06-21T00:34:05Z,916,5,1,18,0,0,1,1,1,1782001486
2026-06-21T00:34:05Z,917,12,0,23,0,0,1,1,1,1782000578
2026-06-21T00:34:05Z,918,10,1,9,0,0,1,1,1,1782001977
2026-06-21T00:34:05Z,919,3,0,34,2,0,1,1,1,1782002018
2026-06-21T00:34:05Z,920,6,1,13,0,0,1,1,1,1782001832
2026-06-21T00:34:05Z,921,7,0,13,1,0,1,1,1,1781996777
2026-06-21T00:34:05Z,922,3,1,18,0,0,1,1,1,1782000497
2026-06-21T00:34:05Z,923,1,1,18,0,0,1,1,1,1782001970
2026-06-21T00:34:05Z,924,12,1,9,0,0,1,1,1,1782000745
2026-06-21T00:34:05Z,925,12,1,8,1,0,1,1,1,1782001517
2026-06-21T00:34:05Z,926,13,1,8,0,0,1,1,1,1782000734
2026-06-21T00:34:05Z,927,5,3,30,0,0,1,1,1,1782001795
2026-06-21T00:34:05Z,928,5,0,14,0,0,1,1,1,1782001981
2026-06-21T00:34:05Z,929,12,0,7,3,1,1,1,1,1782001844
2026-06-21T00:34:05Z,930,5,0,26,0,0,1,1,1,1782001882
2026-06-21T00:34:05Z,931,2,1,19,2,0,1,1,1,1782001335
2026-06-21T00:34:05Z,932,2,0,17,0,0,1,1,1,1782002001
2026-06-21T00:34:05Z,933,9,1,13,1,0,1,1,1,1782001849
2026-06-21T00:34:05Z,934,10,0,21,0,0,1,1,1,1782001231
2026-06-21T00:34:05Z,935,0,0,18,1,0,1,1,1,1782001894
2026-06-21T00:34:05Z,936,9,1,10,0,0,1,1,1,1782001356
2026-06-21T00:34:05Z,940,5,0,6,0,0,1,1,1,1782001232
2026-06-21T00:34:05Z,941,14,0,10,1,0,1,1,1,1781995158
2026-06-21T00:34:05Z,942,15,2,6,0,0,1,1,1,1782001881
2026-06-21T00:34:05Z,943,7,7,7,1,0,1,1,1,1782001266
2026-06-21T00:34:05Z,944,4,4,11,0,0,1,1,1,1781986245
2026-06-21T00:34:05Z,945,7,4,8,0,0,1,1,1,1782001440
2026-06-21T00:34:05Z,946,12,9,7,0,0,1,1,1,1782000605
2026-06-21T00:34:05Z,947,6,5,11,0,0,1,1,1,1782000565
2026-06-21T00:34:05Z,948,13,7,16,2,0,1,1,1,1782001818
2026-06-21T00:34:05Z,949,9,0,5,1,0,1,1,1,1782002000
2026-06-21T00:34:05Z,950,11,1,6,0,0,1,1,1,1782000841
2026-06-21T00:34:05Z,951,13,5,9,1,0,1,1,1,1782001926
2026-06-21T00:34:05Z,952,17,0,36,2,0,1,1,1,1782001707
2026-06-21T00:34:05Z,953,3,1,11,1,0,1,1,1,1782001839
2026-06-21T00:34:05Z,954,0,0,19,0,0,1,1,1,1782000831
2026-06-21T00:34:05Z,955,10,1,13,3,1,1,1,1,1782000611
2026-06-21T00:34:05Z,956,7,0,12,0,0,1,1,1,1781990307
2026-06-21T00:34:05Z,957,19,0,10,0,0,1,1,1,1782001444
2026-06-21T00:34:05Z,958,2,0,29,0,0,1,1,1,1782001584
2026-06-21T00:34:05Z,959,14,0,8,1,0,1,1,1,1782001797
2026-06-21T00:34:05Z,960,9,0,12,2,0,1,1,1,1782001910
2026-06-21T00:34:05Z,961,18,1,5,0,0,1,1,1,1782001919
2026-06-21T00:34:05Z,962,7,0,24,4,0,1,1,1,1782001797
2026-06-21T00:34:05Z,963,4,0,19,0,0,1,1,1,1782001735
2026-06-21T00:34:05Z,964,7,3,16,0,0,1,1,1,1782002033
2026-06-21T00:34:05Z,965,11,4,15,1,0,1,1,1,1782000657
2026-06-21T00:34:05Z,966,31,1,0,0,0,1,1,1,1782001491
2026-06-21T00:34:05Z,967,6,0,14,1,0,1,1,1,1782001982
2026-06-21T00:34:05Z,968,2,0,17,0,0,1,1,1,1782000887
2026-06-21T00:34:05Z,969,10,8,17,0,0,1,1,1,1782001656
2026-06-21T00:34:05Z,970,7,0,11,1,0,1,1,1,1782001519
2026-06-21T00:34:05Z,971,4,0,19,0,0,1,1,1,1782001928
2026-06-21T00:34:05Z,972,5,2,18,0,0,1,1,1,1782002022
2026-06-21T00:34:05Z,973,9,1,13,1,0,1,1,1,1782001833
2026-06-21T00:34:05Z,974,3,0,24,0,0,1,1,1,1782001800
2026-06-21T00:34:05Z,977,5,3,16,0,0,1,1,1,1782000720
2026-06-21T00:34:05Z,978,9,4,14,0,0,1,1,1,1782000595
2026-06-21T00:34:05Z,979,4,0,12,1,0,1,1,1,1782001378
2026-06-21T00:34:05Z,980,6,0,15,0,0,1,1,1,1782000705
2026-06-21T00:34:05Z,981,8,0,12,1,0,1,1,1,1782001589
2026-06-21T00:34:05Z,982,8,0,10,1,0,1,1,1,1782000749
2026-06-21T00:34:05Z,983,13,6,10,0,0,1,1,1,1782001825
2026-06-21T00:34:05Z,984,6,3,17,0,0,1,1,1,1782002039
2026-06-21T00:34:05Z,985,4,0,27,0,0,1,1,1,1782002027
2026-06-21T00:34:05Z,986,14,4,5,0,0,1,1,1,1782001767
2026-06-21T00:34:05Z,987,6,0,17,0,0,1,1,1,1782001111
2026-06-21T00:34:05Z,988,9,2,10,0,0,1,1,1,1782001586
2026-06-21T00:34:05Z,989,13,10,5,1,0,1,1,1,1782001820
2026-06-21T00:34:05Z,990,7,0,7,1,0,1,1,1,1782001092
2026-06-21T00:34:05Z,991,15,6,4,0,0,1,1,1,1782001818
2026-06-21T00:34:05Z,992,0,0,23,0,0,1,1,1,1782000408
2026-06-21T00:34:05Z,993,17,6,10,0,0,1,1,1,1782001671
2026-06-21T00:34:05Z,994,0,0,21,0,0,1,1,1,1782001986
2026-06-21T00:34:05Z,995,22,3,4,1,0,1,1,1,1782001330
2026-06-21T00:34:05Z,996,12,5,11,0,0,1,1,1,1782000399
2026-06-21T00:34:05Z,997,8,5,15,0,0,1,1,1,1782000822
2026-06-21T00:34:05Z,998,1,0,22,0,0,1,1,1,1782000792
2026-06-21T00:34:05Z,999,12,2,7,1,1,1,1,1,1782000830
2026-06-21T00:34:05Z,1000,14,6,6,1,0,1,1,1,1782001362
2026-06-21T00:34:05Z,1001,8,6,19,0,0,1,1,1,1782001926
2026-06-21T00:34:05Z,1002,24,7,7,0,0,1,1,1,1782001045
2026-06-21T00:34:05Z,1003,8,1,15,0,0,1,1,1,1782001568
2026-06-21T00:34:05Z,1004,10,1,12,1,0,1,1,1,1782001174
2026-06-21T00:34:05Z,1005,12,0,10,1,0,1,1,1,1782000432
2026-06-21T00:34:05Z,1006,14,3,5,0,0,1,1,1,1782000459
2026-06-21T00:34:05Z,1007,8,4,13,0,0,1,1,1,1782001366
2026-06-21T00:34:05Z,1008,18,4,5,0,0,1,1,1,1782000476
2026-06-21T00:34:05Z,1009,8,0,22,1,0,1,1,1,1782001685
2026-06-21T00:34:05Z,1010,12,3,15,0,0,1,1,1,1782001275
2026-06-21T00:34:05Z,1011,7,5,12,0,0,1,1,1,1782000230
2026-06-21T00:34:05Z,1012,5,4,16,2,0,1,1,1,1782001622
2026-06-21T00:34:05Z,1013,7,0,14,2,0,1,1,1,1782000356
2026-06-21T00:34:05Z,1014,15,2,8,0,0,1,1,1,1782000258
2026-06-21T00:34:05Z,1015,4,2,26,1,0,1,1,1,1782001575
2026-06-21T00:34:05Z,1016,15,4,16,0,0,1,1,1,1782001961
2026-06-21T00:34:05Z,1017,12,2,8,1,0,1,1,1,1782001038
2026-06-21T00:34:05Z,1018,7,3,13,1,0,1,1,1,1782001400
2026-06-21T00:34:05Z,1019,12,6,2,1,0,1,1,1,1782001226
2026-06-21T00:34:05Z,1020,7,3,14,0,0,1,1,1,1782000487
2026-06-21T00:34:05Z,1021,3,1,12,0,0,1,1,1,1782001693
2026-06-21T00:34:05Z,1022,11,2,16,0,0,1,1,1,1782001067
2026-06-21T00:34:05Z,1023,7,0,16,0,0,1,1,1,1782000948
2026-06-21T00:34:05Z,1024,12,7,7,0,0,1,1,1,1782001493
2026-06-21T00:34:05Z,1025,14,0,5,0,0,1,1,1,1782001544
2026-06-21T00:34:05Z,1026,5,4,25,1,0,1,1,1,1782001631
2026-06-21T00:34:05Z,1028,14,3,9,0,0,1,1,1,1782000578
2026-06-21T00:34:05Z,1029,10,7,3,2,0,1,1,1,1782001850
2026-06-21T00:34:05Z,1030,8,2,15,0,0,1,1,1,1782000508
2026-06-21T00:34:05Z,1031,4,1,15,0,0,1,1,1,1782001332
2026-06-21T00:34:05Z,1032,9,1,10,0,0,1,1,1,1782001726
2026-06-21T00:34:05Z,1033,6,0,13,0,0,1,1,1,1782001097
2026-06-21T00:34:05Z,1034,2,0,13,0,0,1,1,1,1782001065
2026-06-21T00:34:05Z,1035,3,1,16,0,0,1,1,1,1782002039
2026-06-21T00:34:05Z,1036,11,0,3,1,0,1,1,1,1782000274
2026-06-21T00:34:05Z,1037,3,0,16,0,0,1,1,1,1782001954
2026-06-21T00:34:05Z,1038,4,0,11,0,0,1,1,1,1782001380
2026-06-21T00:34:05Z,1039,5,2,14,0,0,1,1,1,1782001597
2026-06-21T00:34:05Z,1040,16,5,3,0,0,1,1,1,1782000315
2026-06-21T00:34:05Z,1041,5,1,14,0,0,1,1,1,1782001772
2026-06-21T00:34:05Z,1042,8,0,7,0,0,1,1,1,1782001109
2026-06-21T00:34:05Z,1043,11,7,8,0,0,1,1,1,1782000262
2026-06-21T00:34:05Z,1044,4,1,11,0,0,1,1,1,1782000684
2026-06-21T00:34:05Z,1045,3,0,16,0,0,1,1,1,1782001553
2026-06-21T00:34:05Z,1046,8,1,4,3,0,1,1,1,1782001169
2026-06-21T00:34:05Z,1047,7,3,14,0,0,1,1,1,1782001704
2026-06-21T00:34:05Z,1048,2,0,17,0,0,1,1,1,1782001596
2026-06-21T00:34:05Z,1049,1,0,20,0,0,1,1,1,1782001159
2026-06-21T00:34:05Z,1050,8,0,13,0,0,1,1,1,1782001931
2026-06-21T00:34:05Z,1051,4,0,17,0,0,1,1,1,1782000839
2026-06-21T00:34:05Z,1052,6,2,16,0,0,1,1,1,1782001584
2026-06-21T00:34:05Z,1053,1,0,14,0,0,1,1,1,1782001411
2026-06-21T00:34:05Z,1054,9,5,6,0,0,1,1,1,1782001517
2026-06-21T00:34:05Z,1055,2,1,17,0,0,1,1,1,1782000749
2026-06-21T00:34:05Z,1057,6,0,13,0,0,1,1,1,1782001006
2026-06-21T00:34:05Z,1058,12,0,44,0,0,1,1,1,1782001847
2026-06-21T00:34:05Z,1059,2,0,16,1,0,1,1,1,1782000871
2026-06-21T00:34:05Z,1060,29,0,7,0,0,1,1,1,1782001612
2026-06-21T00:34:05Z,1061,22,0,15,0,0,1,1,1,1782000212
2026-06-21T00:34:05Z,1062,4,0,13,0,0,1,1,1,1782001477
2026-06-21T00:34:05Z,1063,14,2,3,2,0,1,1,1,1782001754
2026-06-21T00:34:05Z,1064,10,3,13,0,0,1,1,1,1782000455
2026-06-21T00:34:05Z,1065,9,4,14,0,0,1,1,1,1782000407
2026-06-21T00:34:05Z,1066,7,0,16,0,0,1,1,1,1782001108
2026-06-21T00:34:05Z,1067,14,3,9,0,0,1,1,1,1782000940
2026-06-21T00:34:05Z,1068,11,2,11,1,0,1,1,1,1782000660
2026-06-21T00:34:05Z,1069,3,0,19,1,0,1,1,1,1782001425
2026-06-21T00:34:05Z,1070,10,0,13,0,0,1,1,1,1781995069
2026-06-21T00:34:05Z,1071,7,1,16,0,0,1,1,1,1782000315
2026-06-21T00:34:05Z,1072,8,0,13,2,0,1,1,1,1782000682
2026-06-21T00:34:05Z,1073,19,1,8,0,0,1,1,1,1782001195
2026-06-21T00:34:05Z,1074,0,0,52,1,0,1,1,1,1782001118
2026-06-21T00:34:05Z,1075,14,11,6,1,0,1,1,1,1782002029
2026-06-21T00:34:05Z,1076,10,5,10,1,0,1,1,1,1782001217
2026-06-21T00:34:05Z,1077,9,8,12,0,0,1,1,1,1782000408
2026-06-21T00:34:05Z,1078,10,5,11,0,0,1,1,1,1782001683
2026-06-21T00:34:05Z,1079,8,7,13,0,0,1,1,1,1782000668
2026-06-21T00:34:05Z,1080,12,8,9,0,0,1,1,1,1782000456
2026-06-21T00:34:05Z,1081,12,9,7,0,0,1,1,1,1782000955
2026-06-21T00:34:05Z,1082,13,10,9,1,0,1,1,1,1782000821
2026-06-21T00:34:05Z,1083,11,9,10,0,0,1,1,1,1782000580
2026-06-21T00:34:05Z,1084,9,7,12,0,0,1,1,1,1782000495
2026-06-21T00:34:05Z,1085,16,11,5,0,0,1,1,1,1782000689
2026-06-21T00:34:05Z,1086,15,11,6,0,0,1,1,1,1782000618
2026-06-21T00:34:05Z,1087,10,9,5,0,0,1,1,1,1782001819
2026-06-21T00:34:05Z,1088,8,5,7,0,0,1,1,1,1782000972
2026-06-21T00:34:05Z,1089,7,7,8,0,0,1,1,1,1782000470
2026-06-21T00:34:05Z,1090,8,8,7,0,0,1,1,1,1782000539
2026-06-21T00:34:05Z,1091,7,6,8,0,0,1,1,1,1782001391
2026-06-21T00:34:05Z,1092,6,6,9,0,0,1,1,1,1782000320
2026-06-21T00:34:05Z,1093,7,6,8,0,0,1,1,1,1782001885
2026-06-21T00:34:05Z,1094,13,11,6,0,0,1,1,1,1782001034
2026-06-21T00:34:05Z,1095,6,6,9,0,0,1,1,1,1782001511
2026-06-21T00:34:05Z,1096,9,7,10,0,0,1,1,1,1782001460
2026-06-21T00:34:05Z,1097,7,6,8,0,0,1,1,1,1782000456
2026-06-21T00:34:05Z,1098,10,10,9,0,0,1,1,1,1782000833
2026-06-21T00:34:05Z,1099,6,6,9,0,0,1,1,1,1782001961
2026-06-21T00:34:05Z,1100,13,7,16,0,0,1,1,1,1782001284
2026-06-21T00:34:05Z,1101,11,6,10,0,0,1,1,1,1782001361
2026-06-21T00:34:05Z,1102,10,6,3,0,0,1,1,1,1782001861
2026-06-21T00:34:05Z,1103,9,5,11,1,0,1,1,1,1782000817
2026-06-21T00:34:05Z,1104,10,5,11,0,0,1,1,1,1782001353
2026-06-21T00:34:05Z,1105,9,5,3,1,0,1,1,1,1782001668
2026-06-21T00:34:05Z,1106,8,4,13,0,0,1,1,1,1782001635
2026-06-21T00:34:05Z,1107,11,6,4,0,0,1,1,1,1782001167
2026-06-21T00:34:05Z,1108,7,2,20,0,0,1,1,1,1782001534
2026-06-21T00:34:05Z,1109,9,4,6,0,0,1,1,1,1782001458
2026-06-21T00:34:05Z,1110,16,5,4,1,0,1,1,1,1782001595
2026-06-21T00:34:05Z,1111,13,0,8,0,0,1,1,1,1782001665
2026-06-21T00:34:05Z,1112,23,0,30,0,0,1,1,1,1782001633
2026-06-21T00:34:05Z,1113,2,0,19,0,0,1,1,1,1782001017
2026-06-21T00:34:05Z,1115,8,1,15,0,0,1,1,1,1782000519
2026-06-21T00:34:05Z,1116,3,2,16,0,0,1,1,1,1782001477
2026-06-21T00:34:05Z,1117,19,7,3,1,0,1,1,1,1782001926
2026-06-21T00:34:05Z,1118,10,2,10,1,0,1,1,1,1782002033
2026-06-21T00:34:05Z,1119,7,1,10,0,0,1,1,1,1782001943
2026-06-21T00:34:05Z,1120,6,2,13,0,0,1,1,1,1782001567
2026-06-21T00:34:05Z,1121,3,1,17,1,0,1,1,1,1782000849
2026-06-21T00:34:05Z,1122,13,2,7,1,0,1,1,1,1782001361
2026-06-21T00:34:05Z,1123,1,0,21,1,0,1,1,1,1782001047
2026-06-21T00:34:05Z,1124,0,0,14,1,0,1,1,1,1782001540
2026-06-21T00:34:05Z,1125,9,4,14,0,0,1,1,1,1782001895
2026-06-21T00:34:05Z,1126,7,2,14,0,0,1,1,1,1782001916
2026-06-21T00:34:05Z,1127,15,1,4,0,0,1,1,1,1782001573
2026-06-21T00:34:05Z,1128,7,0,7,1,0,1,1,1,1782001580
2026-06-21T00:34:05Z,1129,3,0,18,0,0,1,1,1,1782002013
2026-06-21T00:34:05Z,1130,0,0,14,1,0,1,1,1,1782001091
2026-06-21T00:34:05Z,1131,0,0,49,0,0,1,1,1,1782001479
2026-06-21T00:34:05Z,1132,15,4,5,1,0,1,1,1,1782001896
2026-06-21T00:34:05Z,1133,3,2,18,0,0,1,1,1,1782001903
2026-06-21T00:34:05Z,1134,12,7,7,0,0,1,1,1,1782000254
2026-06-21T00:34:05Z,1135,10,5,11,0,0,1,1,1,1782001593
2026-06-21T00:34:05Z,1136,10,0,13,0,0,1,1,1,1782001944
2026-06-21T00:34:05Z,1137,7,6,8,0,0,1,1,1,1782001109
2026-06-21T00:34:05Z,1138,13,0,6,0,0,1,1,1,1782001162
2026-06-21T00:34:05Z,1139,13,0,7,1,0,1,1,1,1782000035
2026-06-21T00:34:05Z,1140,14,0,8,1,0,1,1,1,1782001692
2026-06-21T00:34:05Z,1141,8,0,13,0,0,1,1,1,1782001609
2026-06-21T00:34:05Z,1142,1,0,20,0,0,1,1,1,1782001889
2026-06-21T00:34:05Z,1143,0,0,28,1,0,1,1,1,1782000806
2026-06-21T00:34:05Z,1144,4,1,17,0,0,1,1,1,1782001027
2026-06-21T00:34:05Z,1145,5,0,15,1,0,1,1,1,1782001395
2026-06-21T00:34:05Z,1146,7,2,9,3,0,1,1,1,1782001880
2026-06-21T00:34:05Z,1147,7,2,12,0,0,1,1,1,1782001466
2026-06-21T00:34:05Z,1148,12,0,16,3,0,1,1,1,1782000557
2026-06-21T00:34:05Z,1149,15,11,10,0,0,1,1,1,1782001379
2026-06-21T00:34:05Z,1150,4,0,15,0,0,1,1,1,1782001563
2026-06-21T00:34:05Z,1151,2,0,19,0,0,1,1,1,1782001778
2026-06-21T00:34:05Z,1152,20,5,8,1,0,1,1,1,1782002037
2026-06-21T00:34:05Z,1153,6,1,17,0,0,1,1,1,1782000786
2026-06-21T00:34:05Z,1154,13,3,5,1,0,1,1,1,1782001199
2026-06-21T00:34:05Z,1155,13,9,5,3,0,1,1,1,1782001310
2026-06-21T00:34:05Z,1158,10,1,9,0,0,1,1,1,1782001552
2026-06-21T00:34:05Z,1159,14,4,4,1,0,1,1,1,1782000648
2026-06-21T00:34:05Z,1160,9,1,10,0,0,1,1,1,1782001814
2026-06-21T00:34:05Z,1161,4,2,15,0,0,1,1,1,1782001921
2026-06-21T00:34:05Z,1162,7,0,12,0,0,1,1,1,1782001089
2026-06-21T00:34:05Z,1163,3,2,16,0,0,1,1,1,1782001292
2026-06-21T00:34:05Z,1164,8,2,10,1,0,1,1,1,1782001703
2026-06-21T00:34:05Z,1165,2,0,19,0,0,1,1,1,1782000294
2026-06-21T00:34:05Z,1166,5,0,15,1,0,1,1,1,1782001686
2026-06-21T00:34:05Z,1167,1,0,13,1,0,1,1,1,1782001341
2026-06-21T00:34:05Z,1168,6,0,17,0,0,1,1,1,1782000501
2026-06-21T00:34:05Z,1169,11,9,8,0,0,1,1,1,1782000761
2026-06-21T00:34:05Z,1170,2,0,19,0,0,1,1,1,1782001675
2026-06-21T00:34:05Z,1171,15,6,8,0,0,1,1,1,1782001359
2026-06-21T00:34:05Z,1172,10,1,5,0,0,1,1,1,1782001166
2026-06-21T00:34:05Z,1173,5,0,14,0,0,1,1,1,1782000533
2026-06-21T00:34:05Z,1174,1,1,14,0,0,1,1,1,1782001114
2026-06-21T00:34:05Z,1175,6,1,13,0,0,1,1,1,1782000568
2026-06-21T00:34:05Z,1176,11,0,9,1,0,1,1,1,1782001523
2026-06-21T00:34:05Z,1177,10,1,11,0,0,1,1,1,1782000849
2026-06-21T00:34:05Z,1178,5,0,10,0,0,1,1,1,1782001127
2026-06-21T00:34:05Z,1181,9,2,6,0,0,1,1,1,1782000544
2026-06-21T00:34:05Z,1182,14,1,6,0,0,1,1,1,1782001781
2026-06-21T00:34:05Z,1183,1,1,36,0,0,1,1,1,1782001355
2026-06-21T00:34:05Z,1184,14,0,5,2,0,1,1,1,1782001503
2026-06-21T00:34:05Z,1185,10,4,11,0,0,1,1,1,1782001353
2026-06-21T00:34:05Z,1186,10,5,9,0,0,1,1,1,1782001555
2026-06-21T00:34:05Z,1190,11,6,10,0,0,1,1,1,1782001733
2026-06-21T00:34:05Z,1192,9,5,12,0,0,1,1,1,1782001682
2026-06-21T00:34:05Z,1193,6,4,7,0,0,1,1,1,1782000790
2026-06-21T00:34:05Z,1197,7,4,9,1,0,1,1,1,1782000353
2026-06-21T00:34:05Z,1198,11,8,10,0,0,1,1,1,1782000433
2026-06-21T00:34:05Z,1199,10,7,9,0,0,1,1,1,1782001822
2026-06-21T00:34:05Z,1224,0,0,3,0,0,0,1,1,1781869449
2026-06-21T00:34:05Z,1225,0,0,3,0,0,0,1,1,1781868919
2026-06-21T00:34:05Z,1226,0,0,3,0,0,0,1,1,1781868931
