snapshot_utc,station_id,num_bikes_available,num_ebikes_available,num_docks_available,num_bikes_disabled,num_docks_disabled,is_installed,is_renting,is_returning,last_reported
2026-07-29T00:02:43Z,1,8,0,14,1,0,1,1,1,1785283176
2026-07-29T00:02:43Z,2,2,1,23,2,0,1,1,1,1785282551
2026-07-29T00:02:43Z,3,8,0,3,3,0,1,1,1,1785282732
2026-07-29T00:02:43Z,4,3,2,18,1,0,1,1,1,1785280075
2026-07-29T00:02:43Z,5,0,0,23,0,0,1,1,1,1785275992
2026-07-29T00:02:43Z,6,8,0,7,0,0,1,1,1,1785282977
2026-07-29T00:02:43Z,7,14,0,25,0,0,1,1,1,1785281622
2026-07-29T00:02:43Z,8,8,2,34,1,0,1,1,1,1785283006
2026-07-29T00:02:43Z,9,5,0,18,0,0,1,1,1,1785281365
2026-07-29T00:02:43Z,10,5,1,17,1,0,1,1,1,1785282467
2026-07-29T00:02:43Z,11,13,3,5,1,0,1,1,1,1785282090
2026-07-29T00:02:43Z,12,19,0,3,1,0,1,1,1,1785283316
2026-07-29T00:02:43Z,13,13,0,17,0,0,1,1,1,1785281216
2026-07-29T00:02:43Z,14,18,0,24,0,1,1,1,1,1785280309
2026-07-29T00:02:43Z,15,4,1,11,0,0,1,1,1,1785280302
2026-07-29T00:02:43Z,16,15,2,10,2,0,1,1,1,1785278874
2026-07-29T00:02:43Z,17,3,0,23,1,0,1,1,1,1785282919
2026-07-29T00:02:43Z,18,14,0,2,2,0,1,1,1,1785282920
2026-07-29T00:02:43Z,19,18,0,9,0,0,1,1,1,1785282932
2026-07-29T00:02:43Z,20,9,1,25,1,0,1,1,1,1785282286
2026-07-29T00:02:43Z,21,13,0,6,0,0,1,1,1,1785283355
2026-07-29T00:02:43Z,22,31,0,33,1,0,1,1,1,1785277433
2026-07-29T00:02:43Z,23,4,0,27,0,0,1,1,1,1785282534
2026-07-29T00:02:43Z,24,2,0,7,2,0,1,1,1,1785283356
2026-07-29T00:02:43Z,25,10,0,69,1,1,1,1,1,1785283321
2026-07-29T00:02:43Z,26,1,0,26,0,0,1,1,1,1785282426
2026-07-29T00:02:43Z,28,12,2,3,0,0,1,1,1,1785281878
2026-07-29T00:02:43Z,30,16,0,11,2,0,1,1,1,1785283111
2026-07-29T00:02:43Z,31,6,0,12,1,0,1,1,1,1785283113
2026-07-29T00:02:43Z,32,20,0,7,0,0,1,1,1,1785282981
2026-07-29T00:02:43Z,34,16,0,21,0,0,1,1,1,1785283319
2026-07-29T00:02:43Z,35,20,1,27,0,0,1,1,1,1785282926
2026-07-29T00:02:43Z,36,0,0,0,0,0,0,1,1,86400
2026-07-29T00:02:43Z,37,5,1,18,0,0,1,1,1,1785282697
2026-07-29T00:02:43Z,38,1,0,22,0,0,1,1,1,1785276199
2026-07-29T00:02:43Z,39,36,2,2,1,0,1,1,1,1785277440
2026-07-29T00:02:43Z,40,1,0,19,1,0,1,1,1,1785282862
2026-07-29T00:02:43Z,41,37,0,4,2,0,1,1,1,1785281712
2026-07-29T00:02:43Z,42,28,4,2,1,0,1,1,1,1785283329
2026-07-29T00:02:43Z,43,23,4,0,0,0,1,1,1,1785282013
2026-07-29T00:02:43Z,45,4,0,25,0,0,1,1,1,1785276861
2026-07-29T00:02:43Z,46,10,4,19,2,0,1,1,1,1785283232
2026-07-29T00:02:43Z,47,7,3,7,1,0,1,1,1,1785281873
2026-07-29T00:02:43Z,48,18,0,9,0,0,1,1,1,1785281427
2026-07-29T00:02:43Z,49,1,0,18,4,0,1,1,1,1785283356
2026-07-29T00:02:43Z,50,4,1,13,2,0,1,1,1,1785282074
2026-07-29T00:02:43Z,51,30,0,46,1,0,1,1,1,1785281428
2026-07-29T00:02:43Z,52,12,0,12,3,0,1,1,1,1785283252
2026-07-29T00:02:43Z,55,0,0,23,0,0,1,1,1,1785282165
2026-07-29T00:02:43Z,56,1,0,42,0,0,1,1,1,1785282919
2026-07-29T00:02:43Z,57,8,0,18,1,0,1,1,1,1785282572
2026-07-29T00:02:43Z,58,6,2,22,0,0,1,1,1,1785281523
2026-07-29T00:02:43Z,59,1,0,25,1,0,1,1,1,1785283158
2026-07-29T00:02:43Z,61,18,0,21,0,0,1,1,1,1785282699
2026-07-29T00:02:43Z,62,10,7,39,0,0,1,1,1,1785283234
2026-07-29T00:02:43Z,63,8,2,11,0,0,1,1,1,1785278246
2026-07-29T00:02:43Z,64,12,0,7,0,0,1,1,1,1785275024
2026-07-29T00:02:43Z,65,9,3,7,3,0,1,1,1,1785277861
2026-07-29T00:02:43Z,67,3,3,36,0,0,1,1,1,1785282553
2026-07-29T00:02:43Z,68,8,1,29,0,0,1,1,1,1785282353
2026-07-29T00:02:43Z,69,15,1,0,0,0,1,1,1,1785280943
2026-07-29T00:02:43Z,71,1,0,24,2,0,1,1,1,1785283231
2026-07-29T00:02:43Z,72,19,4,10,1,0,1,1,1,1785283046
2026-07-29T00:02:43Z,73,5,0,26,0,0,1,1,1,1785282647
2026-07-29T00:02:43Z,74,4,1,15,0,0,1,1,1,1785281755
2026-07-29T00:02:43Z,75,10,0,21,1,0,1,1,1,1785280946
2026-07-29T00:02:43Z,76,4,0,15,0,0,1,1,1,1785278116
2026-07-29T00:02:43Z,77,25,1,1,1,0,1,1,1,1785281988
2026-07-29T00:02:43Z,78,3,2,20,0,0,1,1,1,1785282579
2026-07-29T00:02:43Z,79,1,0,15,1,0,1,1,1,1785281842
2026-07-29T00:02:43Z,80,12,0,9,2,0,1,1,1,1785283080
2026-07-29T00:02:43Z,81,9,1,21,1,0,1,1,1,1785282628
2026-07-29T00:02:43Z,82,3,2,19,1,0,1,1,1,1785282193
2026-07-29T00:02:43Z,83,18,6,14,2,0,1,1,1,1785283346
2026-07-29T00:02:43Z,84,26,6,1,0,0,1,1,1,1785282588
2026-07-29T00:02:43Z,85,5,2,10,0,0,1,1,1,1785281755
2026-07-29T00:02:43Z,86,24,1,3,0,0,1,1,1,1785282959
2026-07-29T00:02:43Z,87,10,0,9,0,0,1,1,1,1785277619
2026-07-29T00:02:43Z,88,34,1,8,1,0,1,1,1,1785283121
2026-07-29T00:02:43Z,89,8,6,27,0,0,1,1,1,1785277461
2026-07-29T00:02:43Z,90,15,0,2,1,0,1,1,1,1785282889
2026-07-29T00:02:43Z,91,11,0,6,0,0,1,1,1,1785278664
2026-07-29T00:02:43Z,92,9,0,8,2,0,1,1,1,1785283354
2026-07-29T00:02:43Z,93,18,1,5,0,0,1,1,1,1785283325
2026-07-29T00:02:43Z,94,0,0,18,1,0,1,1,1,1785275121
2026-07-29T00:02:43Z,95,20,1,13,1,1,1,1,1,1785282673
2026-07-29T00:02:43Z,96,28,4,2,1,0,1,1,1,1785281987
2026-07-29T00:02:43Z,97,4,0,12,1,0,1,1,1,1785283299
2026-07-29T00:02:43Z,98,20,0,15,0,0,1,1,1,1785281994
2026-07-29T00:02:43Z,99,4,1,11,0,0,1,1,1,1785278853
2026-07-29T00:02:43Z,100,16,1,11,0,0,1,1,1,1785283063
2026-07-29T00:02:43Z,101,12,2,2,1,0,1,1,1,1785282837
2026-07-29T00:02:43Z,102,9,0,14,0,0,1,1,1,1785282772
2026-07-29T00:02:43Z,103,10,4,14,4,0,1,1,1,1785282128
2026-07-29T00:02:43Z,104,0,0,25,2,0,1,1,1,1785283110
2026-07-29T00:02:43Z,105,12,2,6,1,0,1,1,1,1785278256
2026-07-29T00:02:43Z,106,4,1,17,0,0,1,1,1,1785281291
2026-07-29T00:02:43Z,107,14,0,23,0,0,1,1,1,1785279666
2026-07-29T00:02:43Z,108,30,5,4,1,0,1,1,1,1785283143
2026-07-29T00:02:43Z,109,9,0,14,0,0,1,1,1,1785282934
2026-07-29T00:02:43Z,110,22,0,1,0,0,1,1,1,1785278269
2026-07-29T00:02:43Z,111,10,4,25,1,0,1,1,1,1785283264
2026-07-29T00:02:43Z,112,13,0,1,1,0,1,1,1,1785277798
2026-07-29T00:02:43Z,113,16,1,1,2,0,1,1,1,1785283346
2026-07-29T00:02:43Z,114,7,3,18,6,0,1,1,1,1785283357
2026-07-29T00:02:43Z,115,10,1,12,7,0,1,1,1,1785282995
2026-07-29T00:02:43Z,116,19,13,8,0,0,1,1,1,1785279777
2026-07-29T00:02:43Z,118,14,4,6,3,0,1,1,1,1785283086
2026-07-29T00:02:43Z,119,11,0,25,2,0,1,1,1,1785283082
2026-07-29T00:02:43Z,120,4,1,22,1,0,1,1,1,1785280598
2026-07-29T00:02:43Z,121,1,0,16,1,1,1,1,1,1785283347
2026-07-29T00:02:43Z,122,16,1,5,0,0,1,1,1,1785283131
2026-07-29T00:02:43Z,123,11,11,35,1,0,1,1,1,1785282610
2026-07-29T00:02:43Z,124,18,2,17,0,0,1,1,1,1785283318
2026-07-29T00:02:43Z,125,5,4,18,0,0,1,1,1,1785281270
2026-07-29T00:02:43Z,126,25,3,6,0,0,1,1,1,1785283334
2026-07-29T00:02:43Z,127,33,4,0,2,0,1,1,1,1785283146
2026-07-29T00:02:43Z,128,12,3,7,0,0,1,1,1,1785283017
2026-07-29T00:02:43Z,129,18,4,0,1,0,1,1,1,1785277737
2026-07-29T00:02:43Z,130,14,1,3,0,0,1,1,1,1785283254
2026-07-29T00:02:43Z,131,3,3,8,0,0,1,1,1,1785279003
2026-07-29T00:02:43Z,132,8,2,6,0,1,1,1,1,1785282250
2026-07-29T00:02:43Z,134,16,6,5,2,0,1,1,1,1785283066
2026-07-29T00:02:43Z,135,3,0,16,0,0,1,1,1,1785282141
2026-07-29T00:02:43Z,136,11,1,12,0,0,1,1,1,1785279335
2026-07-29T00:02:43Z,137,1,0,18,0,0,1,1,1,1785283293
2026-07-29T00:02:43Z,138,13,0,23,1,0,1,1,1,1785283224
2026-07-29T00:02:43Z,139,15,3,4,0,0,1,1,1,1785282997
2026-07-29T00:02:43Z,140,21,5,1,1,0,1,1,1,1785283353
2026-07-29T00:02:43Z,141,30,1,5,3,0,1,1,1,1785282868
2026-07-29T00:02:43Z,142,22,0,0,1,0,1,1,1,1785281760
2026-07-29T00:02:43Z,143,30,4,0,1,0,1,1,1,1785282662
2026-07-29T00:02:43Z,144,27,0,0,0,0,1,1,1,1785282076
2026-07-29T00:02:43Z,145,19,1,10,0,0,1,1,1,1785281599
2026-07-29T00:02:43Z,146,7,0,15,1,0,1,1,1,1785281362
2026-07-29T00:02:43Z,147,4,0,12,3,0,1,1,1,1785283090
2026-07-29T00:02:43Z,148,14,4,7,5,0,1,1,1,1785283310
2026-07-29T00:02:43Z,149,21,1,6,0,0,1,1,1,1785281269
2026-07-29T00:02:43Z,150,32,3,2,1,0,1,1,1,1785283068
2026-07-29T00:02:43Z,151,22,0,1,0,0,1,1,1,1785281942
2026-07-29T00:02:43Z,152,25,4,0,2,0,1,1,1,1785283330
2026-07-29T00:02:43Z,153,29,4,1,1,0,1,1,1,1785283322
2026-07-29T00:02:43Z,154,14,0,6,3,0,1,1,1,1785283137
2026-07-29T00:02:43Z,155,3,0,10,1,0,1,1,1,1785283069
2026-07-29T00:02:43Z,156,12,0,7,0,0,1,1,1,1785283181
2026-07-29T00:02:43Z,157,24,4,1,2,0,1,1,1,1785283356
2026-07-29T00:02:43Z,158,15,2,1,0,0,1,1,1,1785283008
2026-07-29T00:02:43Z,159,8,2,11,0,0,1,1,1,1785280720
2026-07-29T00:02:43Z,160,11,3,8,0,0,1,1,1,1785281182
2026-07-29T00:02:43Z,161,11,1,10,2,0,1,1,1,1785283248
2026-07-29T00:02:43Z,162,24,7,2,1,0,1,1,1,1785282257
2026-07-29T00:02:43Z,163,30,5,0,0,1,1,1,1,1785283113
2026-07-29T00:02:43Z,164,27,5,0,0,0,1,1,1,1785281678
2026-07-29T00:02:43Z,165,30,12,1,0,0,1,1,1,1785282993
2026-07-29T00:02:43Z,166,30,5,6,3,0,1,1,1,1785283355
2026-07-29T00:02:43Z,167,19,10,3,1,0,1,1,1,1785282542
2026-07-29T00:02:43Z,168,0,0,26,1,0,1,1,1,1785283232
2026-07-29T00:02:43Z,169,22,1,0,0,1,1,1,1,1785283283
2026-07-29T00:02:43Z,170,2,2,16,1,0,1,1,1,1785279283
2026-07-29T00:02:43Z,171,9,2,2,2,0,1,1,1,1785283325
2026-07-29T00:02:43Z,173,26,2,13,0,0,1,1,1,1785283069
2026-07-29T00:02:43Z,174,20,2,6,0,0,1,1,1,1785282201
2026-07-29T00:02:43Z,175,29,2,2,0,0,1,1,1,1785283123
2026-07-29T00:02:43Z,176,14,0,0,0,1,1,1,1,1785282892
2026-07-29T00:02:43Z,177,26,0,1,0,0,1,1,1,1785282399
2026-07-29T00:02:43Z,178,11,1,2,1,1,1,1,1,1785283260
2026-07-29T00:02:43Z,179,13,0,0,2,0,1,1,1,1785282873
2026-07-29T00:02:43Z,180,8,0,22,0,0,1,1,1,1785278832
2026-07-29T00:02:43Z,181,5,1,8,2,0,1,1,1,1785283107
2026-07-29T00:02:43Z,182,8,4,9,0,0,1,1,1,1785282747
2026-07-29T00:02:43Z,183,14,2,9,0,0,1,1,1,1785282814
2026-07-29T00:02:43Z,184,1,0,21,1,0,1,1,1,1785280580
2026-07-29T00:02:43Z,185,4,2,8,2,1,1,1,1,1785282988
2026-07-29T00:02:43Z,186,0,0,19,0,0,1,1,1,1785281672
2026-07-29T00:02:43Z,187,1,1,26,1,0,1,1,1,1785280058
2026-07-29T00:02:43Z,188,18,2,0,7,2,1,1,1,1785283097
2026-07-29T00:02:43Z,189,15,7,0,0,0,1,1,1,1785282523
2026-07-29T00:02:43Z,190,1,0,22,0,0,1,1,1,1785279861
2026-07-29T00:02:43Z,191,0,0,38,1,0,1,1,1,1785283161
2026-07-29T00:02:43Z,192,20,8,10,1,0,1,1,1,1785281842
2026-07-29T00:02:43Z,193,13,8,2,0,0,1,1,1,1785283078
2026-07-29T00:02:43Z,194,0,0,27,0,0,1,1,1,1785282587
2026-07-29T00:02:43Z,195,1,1,18,0,0,1,1,1,1785281107
2026-07-29T00:02:43Z,196,18,9,9,0,0,1,1,1,1785282351
2026-07-29T00:02:43Z,197,15,0,2,1,1,1,1,1,1785283099
2026-07-29T00:02:43Z,198,9,3,13,1,0,1,1,1,1785283353
2026-07-29T00:02:43Z,199,12,8,2,1,0,1,1,1,1785282775
2026-07-29T00:02:43Z,200,6,6,20,0,0,1,1,1,1785283253
2026-07-29T00:02:43Z,201,9,7,14,0,0,1,1,1,1785283204
2026-07-29T00:02:43Z,202,0,0,27,0,0,1,1,1,1785277454
2026-07-29T00:02:43Z,203,23,3,7,1,0,1,1,1,1785282847
2026-07-29T00:02:43Z,204,29,3,4,2,0,1,1,1,1785281864
2026-07-29T00:02:43Z,205,11,2,16,0,0,1,1,1,1785283028
2026-07-29T00:02:43Z,206,7,5,7,1,0,1,1,1,1785281972
2026-07-29T00:02:43Z,207,7,1,14,0,0,1,1,1,1785282177
2026-07-29T00:02:43Z,208,1,1,27,1,0,1,1,1,1785282848
2026-07-29T00:02:43Z,209,27,1,2,1,1,1,1,1,1785283354
2026-07-29T00:02:43Z,210,10,8,17,0,0,1,1,1,1785282729
2026-07-29T00:02:43Z,211,12,6,10,1,0,1,1,1,1785279476
2026-07-29T00:02:43Z,212,26,2,8,1,0,1,1,1,1785283073
2026-07-29T00:02:43Z,213,11,0,11,1,0,1,1,1,1785283118
2026-07-29T00:02:43Z,214,6,4,37,4,0,1,1,1,1785283239
2026-07-29T00:02:43Z,215,11,5,12,0,0,1,1,1,1785283326
2026-07-29T00:02:43Z,216,18,3,0,1,0,1,1,1,1785283213
2026-07-29T00:02:43Z,217,24,3,4,1,0,1,1,1,1785283106
2026-07-29T00:02:43Z,218,8,8,28,3,0,1,1,1,1785283031
2026-07-29T00:02:43Z,219,11,1,14,1,0,1,1,1,1785281704
2026-07-29T00:02:43Z,220,25,19,17,0,1,1,1,1,1785283267
2026-07-29T00:02:43Z,221,15,7,0,0,0,1,1,1,1785282332
2026-07-29T00:02:43Z,222,13,2,6,0,0,1,1,1,1785282597
2026-07-29T00:02:43Z,223,1,0,33,1,0,1,1,1,1785283150
2026-07-29T00:02:43Z,224,6,6,16,0,0,1,1,1,1785283216
2026-07-29T00:02:43Z,225,8,3,7,4,0,1,1,1,1785282874
2026-07-29T00:02:43Z,226,17,15,14,0,0,1,1,1,1785283081
2026-07-29T00:02:43Z,227,9,9,15,3,0,1,1,1,1785283096
2026-07-29T00:02:43Z,228,6,5,13,0,0,1,1,1,1785281670
2026-07-29T00:02:43Z,230,25,3,1,0,0,1,1,1,1785282844
2026-07-29T00:02:43Z,232,11,0,5,1,0,1,1,1,1785279736
2026-07-29T00:02:43Z,233,30,4,0,1,0,1,1,1,1785281404
2026-07-29T00:02:43Z,234,2,0,11,4,2,1,1,1,1785283205
2026-07-29T00:02:43Z,236,2,1,16,1,0,1,1,1,1785275886
2026-07-29T00:02:43Z,237,21,0,1,1,0,1,1,1,1785282814
2026-07-29T00:02:43Z,239,4,4,23,0,0,1,1,1,1785282136
2026-07-29T00:02:43Z,241,19,7,3,1,0,1,1,1,1785282247
2026-07-29T00:02:43Z,242,17,9,2,4,0,1,1,1,1785283243
2026-07-29T00:02:43Z,243,25,5,0,6,0,1,1,1,1785282472
2026-07-29T00:02:43Z,244,22,5,4,1,0,1,1,1,1785283140
2026-07-29T00:02:43Z,245,18,9,5,0,0,1,1,1,1785283232
2026-07-29T00:02:43Z,246,3,0,20,0,0,1,1,1,1785280632
2026-07-29T00:02:43Z,247,20,8,2,1,0,1,1,1,1785282251
2026-07-29T00:02:43Z,248,15,3,6,2,0,1,1,1,1785282438
2026-07-29T00:02:43Z,249,12,5,6,1,0,1,1,1,1785283253
2026-07-29T00:02:43Z,250,24,3,0,3,0,1,1,1,1785283348
2026-07-29T00:02:43Z,251,23,3,0,4,0,1,1,1,1785282030
2026-07-29T00:02:43Z,253,5,3,11,1,2,1,1,1,1785283123
2026-07-29T00:02:43Z,254,34,5,9,0,0,1,1,1,1785283149
2026-07-29T00:02:43Z,255,2,0,20,0,1,1,1,1,1785283296
2026-07-29T00:02:43Z,256,10,3,12,1,0,1,1,1,1785282717
2026-07-29T00:02:43Z,257,11,2,8,0,0,1,1,1,1785283207
2026-07-29T00:02:43Z,258,13,7,4,2,0,1,1,1,1785282477
2026-07-29T00:02:43Z,259,9,3,12,1,1,1,1,1,1785283211
2026-07-29T00:02:43Z,260,16,6,1,2,0,1,1,1,1785282140
2026-07-29T00:02:43Z,261,9,2,9,0,1,1,1,1,1785281480
2026-07-29T00:02:43Z,262,22,11,1,0,0,1,1,1,1785281671
2026-07-29T00:02:43Z,263,11,4,4,0,0,1,1,1,1785282691
2026-07-29T00:02:43Z,264,16,6,2,1,0,1,1,1,1785282530
2026-07-29T00:02:43Z,265,3,1,11,1,0,1,1,1,1785282993
2026-07-29T00:02:43Z,266,10,7,6,3,0,1,1,1,1785283128
2026-07-29T00:02:43Z,267,3,2,11,1,0,1,1,1,1785283205
2026-07-29T00:02:43Z,268,18,4,4,1,0,1,1,1,1785281627
2026-07-29T00:02:43Z,269,7,0,15,1,0,1,1,1,1785282294
2026-07-29T00:02:43Z,270,10,1,16,1,0,1,1,1,1785281332
2026-07-29T00:02:43Z,271,11,0,6,2,0,1,1,1,1785280907
2026-07-29T00:02:43Z,272,18,3,5,0,0,1,1,1,1785282816
2026-07-29T00:02:43Z,273,13,5,1,1,0,1,1,1,1785281246
2026-07-29T00:02:43Z,274,8,3,9,2,0,1,1,1,1785282913
2026-07-29T00:02:43Z,275,21,1,1,1,0,1,1,1,1785280433
2026-07-29T00:02:43Z,276,19,0,8,0,0,1,1,1,1785282359
2026-07-29T00:02:43Z,277,8,8,11,4,0,1,1,1,1785281783
2026-07-29T00:02:43Z,278,18,10,11,1,1,1,1,1,1785280741
2026-07-29T00:02:43Z,279,4,2,14,1,0,1,1,1,1785282121
2026-07-29T00:02:43Z,280,3,2,26,2,0,1,1,1,1785283217
2026-07-29T00:02:43Z,281,8,1,11,0,0,1,1,1,1785280643
2026-07-29T00:02:43Z,282,12,2,6,1,0,1,1,1,1785283317
2026-07-29T00:02:43Z,283,35,2,0,0,0,1,1,1,1785281664
2026-07-29T00:02:43Z,284,26,9,8,1,0,1,1,1,1785283205
2026-07-29T00:02:43Z,285,10,7,13,0,0,1,1,1,1785281685
2026-07-29T00:02:43Z,286,11,11,10,2,0,1,1,1,1785283213
2026-07-29T00:02:43Z,287,8,1,12,3,0,1,1,1,1785279065
2026-07-29T00:02:43Z,288,8,6,11,0,0,1,1,1,1785282878
2026-07-29T00:02:43Z,289,6,2,21,0,0,1,1,1,1785278819
2026-07-29T00:02:43Z,290,9,1,29,1,0,1,1,1,1785283334
2026-07-29T00:02:43Z,291,18,0,4,1,0,1,1,1,1785283155
2026-07-29T00:02:43Z,292,11,4,11,1,0,1,1,1,1785283126
2026-07-29T00:02:43Z,293,20,3,1,2,0,1,1,1,1785280600
2026-07-29T00:02:43Z,294,5,3,16,1,0,1,1,1,1785283311
2026-07-29T00:02:43Z,297,11,1,6,1,1,1,1,1,1785283261
2026-07-29T00:02:43Z,301,15,0,3,1,0,1,1,1,1785282894
2026-07-29T00:02:43Z,302,2,2,21,0,0,1,1,1,1785282511
2026-07-29T00:02:43Z,303,3,0,16,0,0,1,1,1,1785279501
2026-07-29T00:02:43Z,304,0,0,0,0,0,0,1,1,86400
2026-07-29T00:02:43Z,305,4,0,15,0,0,1,1,1,1785282002
2026-07-29T00:02:43Z,306,3,0,28,1,0,1,1,1,1785281340
2026-07-29T00:02:43Z,307,18,2,5,0,0,1,1,1,1785283107
2026-07-29T00:02:43Z,308,4,0,13,2,0,1,1,1,1785281378
2026-07-29T00:02:43Z,309,11,4,3,0,0,1,1,1,1785282576
2026-07-29T00:02:43Z,311,2,1,12,1,0,1,1,1,1785281996
2026-07-29T00:02:43Z,312,9,9,11,2,1,1,1,1,1785283308
2026-07-29T00:02:43Z,313,7,3,8,0,0,1,1,1,1785281132
2026-07-29T00:02:43Z,314,5,4,12,1,0,1,1,1,1785279718
2026-07-29T00:02:43Z,315,29,5,0,2,0,1,1,1,1785282528
2026-07-29T00:02:43Z,316,22,2,2,6,1,1,1,1,1785283346
2026-07-29T00:02:43Z,317,9,6,19,3,0,1,1,1,1785282065
2026-07-29T00:02:43Z,318,12,4,7,0,0,1,1,1,1785282997
2026-07-29T00:02:43Z,319,10,2,13,0,0,1,1,1,1785283144
2026-07-29T00:02:43Z,320,18,1,0,1,0,1,1,1,1785279180
2026-07-29T00:02:43Z,321,4,1,13,2,0,1,1,1,1785274503
2026-07-29T00:02:43Z,322,17,1,12,0,0,1,1,1,1785283266
2026-07-29T00:02:43Z,323,9,0,10,0,0,1,1,1,1785281588
2026-07-29T00:02:43Z,324,0,0,24,3,0,1,1,1,1785283351
2026-07-29T00:02:43Z,325,1,0,24,2,0,1,1,1,1785281985
2026-07-29T00:02:43Z,327,25,3,2,0,0,1,1,1,1785282274
2026-07-29T00:02:43Z,328,23,0,0,0,0,1,1,1,1785282899
2026-07-29T00:02:43Z,329,15,0,3,1,0,1,1,1,1785276885
2026-07-29T00:02:43Z,330,9,1,13,0,0,1,1,1,1785281187
2026-07-29T00:02:43Z,331,2,0,20,2,0,1,1,1,1785283339
2026-07-29T00:02:43Z,332,7,0,11,1,0,1,1,1,1785283003
2026-07-29T00:02:43Z,333,13,8,9,1,0,1,1,1,1785283304
2026-07-29T00:02:43Z,334,10,1,12,1,0,1,1,1,1785283284
2026-07-29T00:02:43Z,335,18,2,3,1,1,1,1,1,1785282975
2026-07-29T00:02:43Z,336,8,2,11,0,0,1,1,1,1785282722
2026-07-29T00:02:43Z,337,11,1,9,3,0,1,1,1,1785283073
2026-07-29T00:02:43Z,338,16,5,3,0,0,1,1,1,1785283012
2026-07-29T00:02:43Z,339,8,2,12,3,0,1,1,1,1785283172
2026-07-29T00:02:43Z,340,10,5,4,1,0,1,1,1,1785282670
2026-07-29T00:02:43Z,341,11,2,7,1,0,1,1,1,1785283023
2026-07-29T00:02:43Z,342,7,1,8,0,0,1,1,1,1785283273
2026-07-29T00:02:43Z,343,12,1,9,2,0,1,1,1,1785281492
2026-07-29T00:02:43Z,344,13,1,10,0,0,1,1,1,1785283275
2026-07-29T00:02:43Z,345,7,0,11,1,0,1,1,1,1785281098
2026-07-29T00:02:43Z,346,7,4,16,0,0,1,1,1,1785277413
2026-07-29T00:02:43Z,347,5,1,37,2,0,1,1,1,1785283355
2026-07-29T00:02:43Z,348,17,2,5,0,1,1,1,1,1785283068
2026-07-29T00:02:43Z,349,5,4,13,1,0,1,1,1,1785283190
2026-07-29T00:02:43Z,350,14,2,11,1,1,1,1,1,1785281168
2026-07-29T00:02:43Z,351,1,1,20,2,0,1,1,1,1785283324
2026-07-29T00:02:43Z,355,22,1,0,1,0,1,1,1,1785281868
2026-07-29T00:02:43Z,356,4,0,14,1,0,1,1,1,1785281950
2026-07-29T00:02:43Z,357,18,5,1,0,0,1,1,1,1785279773
2026-07-29T00:02:43Z,358,26,4,0,1,0,1,1,1,1785278774
2026-07-29T00:02:43Z,359,9,1,18,0,0,1,1,1,1785281634
2026-07-29T00:02:43Z,360,10,4,8,1,0,1,1,1,1785276632
2026-07-29T00:02:43Z,362,10,3,8,1,0,1,1,1,1785283156
2026-07-29T00:02:43Z,363,14,0,13,0,0,1,1,1,1785282793
2026-07-29T00:02:43Z,364,14,2,5,0,0,1,1,1,1785281917
2026-07-29T00:02:43Z,365,8,1,13,2,0,1,1,1,1785282223
2026-07-29T00:02:43Z,366,12,3,6,5,0,1,1,1,1785283221
2026-07-29T00:02:43Z,367,7,3,10,2,0,1,1,1,1785282907
2026-07-29T00:02:43Z,368,18,2,4,1,0,1,1,1,1785283209
2026-07-29T00:02:43Z,370,14,12,12,1,0,1,1,1,1785281844
2026-07-29T00:02:43Z,371,2,1,16,1,0,1,1,1,1785280198
2026-07-29T00:02:43Z,372,12,2,3,0,0,1,1,1,1785282745
2026-07-29T00:02:43Z,373,19,6,3,3,1,1,1,1,1785283211
2026-07-29T00:02:43Z,374,12,5,5,2,0,1,1,1,1785283357
2026-07-29T00:02:43Z,375,24,4,0,3,0,1,1,1,1785276760
2026-07-29T00:02:43Z,376,28,2,6,5,0,1,1,1,1785282385
2026-07-29T00:02:43Z,377,12,3,15,0,0,1,1,1,1785283051
2026-07-29T00:02:43Z,378,7,3,15,1,1,1,1,1,1785283293
2026-07-29T00:02:43Z,379,5,1,21,1,0,1,1,1,1785281033
2026-07-29T00:02:43Z,380,16,0,6,1,0,1,1,1,1785281151
2026-07-29T00:02:43Z,381,1,1,22,0,0,1,1,1,1785282648
2026-07-29T00:02:43Z,383,12,0,1,2,0,1,1,1,1785283353
2026-07-29T00:02:43Z,384,11,1,15,1,0,1,1,1,1785282019
2026-07-29T00:02:43Z,385,13,1,4,1,0,1,1,1,1785283253
2026-07-29T00:02:43Z,387,10,1,13,0,0,1,1,1,1785282035
2026-07-29T00:02:43Z,388,22,3,26,1,0,1,1,1,1785282938
2026-07-29T00:02:43Z,389,3,1,12,0,0,1,1,1,1785283142
2026-07-29T00:02:43Z,390,26,1,9,0,0,1,1,1,1785280025
2026-07-29T00:02:43Z,391,10,7,5,0,0,1,1,1,1785277473
2026-07-29T00:02:43Z,392,4,4,12,3,0,1,1,1,1785283252
2026-07-29T00:02:43Z,393,0,0,10,1,0,1,1,1,1785276486
2026-07-29T00:02:43Z,394,7,2,5,1,0,1,1,1,1785282803
2026-07-29T00:02:43Z,396,6,3,35,1,0,1,1,1,1785281932
2026-07-29T00:02:43Z,397,23,6,8,0,0,1,1,1,1785283177
2026-07-29T00:02:43Z,399,10,2,6,1,0,1,1,1,1785282961
2026-07-29T00:02:43Z,400,10,7,11,2,0,1,1,1,1785281944
2026-07-29T00:02:43Z,401,10,6,21,8,0,1,1,1,1785281041
2026-07-29T00:02:43Z,403,15,1,13,3,0,1,1,1,1785283126
2026-07-29T00:02:43Z,404,4,0,19,0,0,1,1,1,1785283260
2026-07-29T00:02:43Z,406,32,0,2,1,0,1,1,1,1785282940
2026-07-29T00:02:43Z,407,15,3,19,0,0,1,1,1,1785277358
2026-07-29T00:02:43Z,408,2,1,30,0,0,1,1,1,1785282768
2026-07-29T00:02:43Z,409,0,0,19,4,0,1,1,1,1785280762
2026-07-29T00:02:43Z,413,5,1,17,1,0,1,1,1,1785282047
2026-07-29T00:02:43Z,414,4,0,11,0,0,1,1,1,1785283212
2026-07-29T00:02:43Z,417,9,4,10,0,0,1,1,1,1785282112
2026-07-29T00:02:43Z,418,9,4,6,0,0,1,1,1,1785283031
2026-07-29T00:02:43Z,419,17,2,6,0,0,1,1,1,1785279236
2026-07-29T00:02:43Z,421,17,2,2,0,0,1,1,1,1785283288
2026-07-29T00:02:43Z,422,13,5,14,0,0,1,1,1,1785283210
2026-07-29T00:02:43Z,423,12,4,11,0,0,1,1,1,1785278090
2026-07-29T00:02:43Z,424,8,5,5,2,0,1,1,1,1785283244
2026-07-29T00:02:43Z,425,10,3,8,4,0,1,1,1,1785283205
2026-07-29T00:02:43Z,426,2,0,33,2,0,1,1,1,1785281696
2026-07-29T00:02:43Z,427,7,0,7,1,0,1,1,1,1785283243
2026-07-29T00:02:43Z,428,9,1,9,1,0,1,1,1,1785280874
2026-07-29T00:02:43Z,429,17,6,0,6,0,1,1,1,1785283084
2026-07-29T00:02:43Z,430,13,3,16,2,0,1,1,1,1785280128
2026-07-29T00:02:43Z,431,11,2,19,3,0,1,1,1,1785283240
2026-07-29T00:02:43Z,432,16,0,15,0,0,1,1,1,1785282840
2026-07-29T00:02:43Z,433,20,4,1,2,0,1,1,1,1785282259
2026-07-29T00:02:43Z,437,10,4,8,1,0,1,1,1,1785282483
2026-07-29T00:02:43Z,438,3,2,15,1,0,1,1,1,1785283270
2026-07-29T00:02:43Z,439,12,3,3,0,0,1,1,1,1785279183
2026-07-29T00:02:43Z,440,4,1,9,2,0,1,1,1,1785282363
2026-07-29T00:02:43Z,441,6,1,8,1,0,1,1,1,1785281689
2026-07-29T00:02:43Z,442,7,4,12,0,0,1,1,1,1785278527
2026-07-29T00:02:43Z,443,5,2,22,0,0,1,1,1,1785273463
2026-07-29T00:02:43Z,444,3,0,20,0,0,1,1,1,1785279636
2026-07-29T00:02:43Z,445,5,1,17,0,1,1,1,1,1785283330
2026-07-29T00:02:43Z,446,4,0,18,1,0,1,1,1,1785282689
2026-07-29T00:02:43Z,447,1,0,20,1,1,1,1,1,1785272036
2026-07-29T00:02:43Z,448,8,0,7,0,0,1,1,1,1785282409
2026-07-29T00:02:43Z,452,4,4,14,1,0,1,1,1,1785281182
2026-07-29T00:02:43Z,453,6,3,8,1,0,1,1,1,1785283193
2026-07-29T00:02:43Z,454,7,0,12,0,0,1,1,1,1785282710
2026-07-29T00:02:43Z,455,7,4,32,0,0,1,1,1,1785282994
2026-07-29T00:02:43Z,456,18,3,0,2,0,1,1,1,1785283340
2026-07-29T00:02:43Z,457,21,0,4,2,0,1,1,1,1785279620
2026-07-29T00:02:43Z,458,10,2,11,2,0,1,1,1,1785281184
2026-07-29T00:02:43Z,459,5,1,10,0,0,1,1,1,1785281255
2026-07-29T00:02:43Z,460,12,1,10,1,0,1,1,1,1785283002
2026-07-29T00:02:43Z,461,3,0,15,1,0,1,1,1,1785282260
2026-07-29T00:02:43Z,462,5,0,16,0,0,1,1,1,1785281376
2026-07-29T00:02:43Z,463,4,0,15,0,0,1,1,1,1785281472
2026-07-29T00:02:43Z,464,0,0,14,0,0,1,1,1,1785276567
2026-07-29T00:02:43Z,465,8,7,6,1,0,1,1,1,1785281875
2026-07-29T00:02:43Z,466,9,3,4,2,0,1,1,1,1785278069
2026-07-29T00:02:43Z,467,2,0,13,0,0,1,1,1,1785282341
2026-07-29T00:02:43Z,468,13,5,5,1,0,1,1,1,1785272127
2026-07-29T00:02:43Z,469,11,2,12,0,0,1,1,1,1785279752
2026-07-29T00:02:43Z,470,4,0,10,0,1,1,1,1,1785283120
2026-07-29T00:02:43Z,471,11,0,16,0,0,1,1,1,1785279952
2026-07-29T00:02:43Z,472,5,5,13,1,0,1,1,1,1785283212
2026-07-29T00:02:43Z,473,5,3,14,0,0,1,1,1,1785276653
2026-07-29T00:02:43Z,474,16,1,2,1,0,1,1,1,1785282605
2026-07-29T00:02:43Z,475,9,1,9,1,0,1,1,1,1785283274
2026-07-29T00:02:43Z,476,4,1,10,8,0,1,1,1,1785283095
2026-07-29T00:02:43Z,477,5,3,10,0,0,1,1,1,1785283133
2026-07-29T00:02:43Z,478,28,1,3,0,0,1,1,1,1785280998
2026-07-29T00:02:43Z,479,5,0,21,1,0,1,1,1,1785282582
2026-07-29T00:02:43Z,480,2,0,10,3,0,1,1,1,1785278066
2026-07-29T00:02:43Z,481,7,0,27,1,0,1,1,1,1785283075
2026-07-29T00:02:43Z,482,10,6,9,0,0,1,1,1,1785283148
2026-07-29T00:02:43Z,483,19,0,4,4,0,1,1,1,1785283357
2026-07-29T00:02:43Z,484,5,0,14,0,0,1,1,1,1785279955
2026-07-29T00:02:43Z,485,13,2,4,1,1,1,1,1,1785283219
2026-07-29T00:02:43Z,486,12,0,13,2,0,1,1,1,1785283263
2026-07-29T00:02:43Z,487,15,3,2,2,0,1,1,1,1785283343
2026-07-29T00:02:43Z,489,12,6,3,0,0,1,1,1,1785281173
2026-07-29T00:02:43Z,490,8,2,8,0,0,1,1,1,1785282031
2026-07-29T00:02:43Z,491,8,5,12,1,0,1,1,1,1785280874
2026-07-29T00:02:43Z,492,6,1,2,3,0,1,1,1,1785283354
2026-07-29T00:02:43Z,493,0,0,27,0,0,1,1,1,1785275960
2026-07-29T00:02:43Z,495,1,1,14,0,0,1,1,1,1785281926
2026-07-29T00:02:43Z,496,20,0,7,0,0,1,1,1,1785282489
2026-07-29T00:02:43Z,497,11,2,8,0,0,1,1,1,1785283078
2026-07-29T00:02:43Z,498,23,7,0,0,0,1,1,1,1785277252
2026-07-29T00:02:43Z,499,8,3,11,0,0,1,1,1,1785279364
2026-07-29T00:02:43Z,500,5,4,9,1,0,1,1,1,1785282462
2026-07-29T00:02:43Z,501,1,0,20,0,0,1,1,1,1785282469
2026-07-29T00:02:43Z,502,0,0,18,1,0,1,1,1,1785278582
2026-07-29T00:02:43Z,503,7,2,23,1,0,1,1,1,1785283310
2026-07-29T00:02:43Z,504,26,4,13,0,0,1,1,1,1785282909
2026-07-29T00:02:43Z,505,6,3,5,1,0,1,1,1,1785282910
2026-07-29T00:02:43Z,511,3,2,20,0,0,1,1,1,1785282769
2026-07-29T00:02:43Z,512,7,0,20,0,0,1,1,1,1785283312
2026-07-29T00:02:43Z,514,5,1,3,3,0,1,1,1,1785278442
2026-07-29T00:02:43Z,515,14,8,4,1,0,1,1,1,1785283237
2026-07-29T00:02:43Z,516,3,1,23,1,0,1,1,1,1785280965
2026-07-29T00:02:43Z,517,11,1,11,1,0,1,1,1,1785281647
2026-07-29T00:02:43Z,518,7,0,7,1,0,1,1,1,1785276509
2026-07-29T00:02:43Z,519,9,1,10,0,0,1,1,1,1785282948
2026-07-29T00:02:43Z,520,10,0,14,2,1,1,1,1,1785278564
2026-07-29T00:02:43Z,521,3,1,20,0,0,1,1,1,1785280379
2026-07-29T00:02:43Z,522,22,1,1,0,0,1,1,1,1785281450
2026-07-29T00:02:43Z,523,5,2,17,1,0,1,1,1,1785276794
2026-07-29T00:02:43Z,524,15,0,8,0,0,1,1,1,1785283116
2026-07-29T00:02:43Z,525,8,2,11,0,0,1,1,1,1785281562
2026-07-29T00:02:43Z,526,8,3,4,3,0,1,1,1,1785276090
2026-07-29T00:02:43Z,527,7,7,17,2,0,1,1,1,1785283129
2026-07-29T00:02:43Z,528,16,1,6,1,0,1,1,1,1785280560
2026-07-29T00:02:43Z,529,1,0,16,2,0,1,1,1,1785283356
2026-07-29T00:02:43Z,530,12,1,8,1,0,1,1,1,1785280927
2026-07-29T00:02:43Z,531,13,0,9,0,1,1,1,1,1785283301
2026-07-29T00:02:43Z,532,0,0,29,1,1,1,1,1,1785283193
2026-07-29T00:02:43Z,533,2,1,15,2,0,1,1,1,1785283225
2026-07-29T00:02:43Z,534,12,5,11,0,0,1,1,1,1785283012
2026-07-29T00:02:43Z,535,1,0,14,0,0,1,1,1,1785281933
2026-07-29T00:02:43Z,536,2,0,21,0,0,1,1,1,1785279258
2026-07-29T00:02:43Z,537,0,0,20,0,0,1,1,1,1785277298
2026-07-29T00:02:43Z,538,12,4,9,0,2,1,1,1,1785283327
2026-07-29T00:02:43Z,539,2,2,29,0,0,1,1,1,1785280923
2026-07-29T00:02:43Z,540,0,0,19,0,0,1,1,1,1785282712
2026-07-29T00:02:43Z,541,26,4,0,1,0,1,1,1,1785282000
2026-07-29T00:02:43Z,542,0,0,23,0,0,1,1,1,1785283083
2026-07-29T00:02:43Z,543,13,2,4,2,0,1,1,1,1785282894
2026-07-29T00:02:43Z,544,15,1,5,2,0,1,1,1,1785282908
2026-07-29T00:02:43Z,545,14,1,4,1,0,1,1,1,1785282523
2026-07-29T00:02:43Z,546,1,1,18,0,0,1,1,1,1785283013
2026-07-29T00:02:43Z,547,11,0,14,0,0,1,1,1,1785281469
2026-07-29T00:02:43Z,548,4,0,18,1,0,1,1,1,1785281589
2026-07-29T00:02:43Z,549,21,3,1,1,0,1,1,1,1785282717
2026-07-29T00:02:43Z,550,4,3,15,0,0,1,1,1,1785282150
2026-07-29T00:02:43Z,551,11,1,12,0,0,1,1,1,1785281839
2026-07-29T00:02:43Z,552,27,3,0,0,0,1,1,1,1785280133
2026-07-29T00:02:43Z,553,20,2,1,1,1,1,1,1,1785283227
2026-07-29T00:02:43Z,554,3,3,16,0,0,1,1,1,1785281942
2026-07-29T00:02:43Z,555,1,0,14,0,0,1,1,1,1785279527
2026-07-29T00:02:43Z,556,13,2,9,1,0,1,1,1,1785283356
2026-07-29T00:02:43Z,557,0,0,21,2,0,1,1,1,1785282603
2026-07-29T00:02:43Z,558,12,2,24,1,0,1,1,1,1785282963
2026-07-29T00:02:43Z,559,2,1,16,1,0,1,1,1,1785281777
2026-07-29T00:02:43Z,560,27,0,0,0,0,1,1,1,1785277821
2026-07-29T00:02:43Z,561,12,1,10,1,0,1,1,1,1785281421
2026-07-29T00:02:43Z,562,8,6,21,6,0,1,1,1,1785279621
2026-07-29T00:02:43Z,563,12,0,2,0,0,1,1,1,1785282166
2026-07-29T00:02:43Z,564,7,2,12,0,0,1,1,1,1785278834
2026-07-29T00:02:43Z,565,3,1,16,0,0,1,1,1,1785283018
2026-07-29T00:02:43Z,566,14,3,4,1,0,1,1,1,1785283136
2026-07-29T00:02:43Z,567,3,0,23,1,0,1,1,1,1785281451
2026-07-29T00:02:43Z,568,10,0,8,1,0,1,1,1,1785281688
2026-07-29T00:02:43Z,569,4,1,15,0,0,1,1,1,1785277964
2026-07-29T00:02:43Z,570,9,0,10,0,0,1,1,1,1785279804
2026-07-29T00:02:43Z,571,3,0,20,0,0,1,1,1,1785278228
2026-07-29T00:02:43Z,572,13,1,6,0,0,1,1,1,1785283123
2026-07-29T00:02:43Z,573,12,0,1,2,0,1,1,1,1785282264
2026-07-29T00:02:43Z,574,9,4,6,0,0,1,1,1,1785281741
2026-07-29T00:02:43Z,575,16,1,4,1,0,1,1,1,1785283090
2026-07-29T00:02:43Z,576,11,5,7,1,0,1,1,1,1785281138
2026-07-29T00:02:43Z,577,22,0,9,0,0,1,1,1,1785281416
2026-07-29T00:02:43Z,578,20,4,2,1,0,1,1,1,1785281542
2026-07-29T00:02:43Z,579,17,5,26,0,0,1,1,1,1785276813
2026-07-29T00:02:43Z,580,18,0,11,0,0,1,1,1,1785281150
2026-07-29T00:02:43Z,581,17,2,2,0,0,1,1,1,1785283329
2026-07-29T00:02:43Z,582,14,1,46,1,0,1,1,1,1785283174
2026-07-29T00:02:43Z,583,18,1,5,0,0,1,1,1,1785283273
2026-07-29T00:02:43Z,584,1,0,14,4,0,1,1,1,1785274849
2026-07-29T00:02:43Z,585,18,0,9,0,0,1,1,1,1785282362
2026-07-29T00:02:43Z,586,27,1,8,0,0,1,1,1,1785283073
2026-07-29T00:02:43Z,587,7,1,16,1,0,1,1,1,1785283172
2026-07-29T00:02:43Z,588,7,1,12,0,0,1,1,1,1785278834
2026-07-29T00:02:43Z,589,6,1,17,0,0,1,1,1,1785282100
2026-07-29T00:02:43Z,590,14,2,17,0,0,1,1,1,1785281110
2026-07-29T00:02:43Z,591,24,5,4,2,0,1,1,1,1785282699
2026-07-29T00:02:43Z,592,21,0,2,0,0,1,1,1,1785281944
2026-07-29T00:02:43Z,593,8,2,30,0,0,1,1,1,1785280546
2026-07-29T00:02:43Z,594,12,1,8,0,1,1,1,1,1785283336
2026-07-29T00:02:43Z,595,0,0,3,0,0,0,1,1,1784046673
2026-07-29T00:02:43Z,605,0,0,2,1,0,0,1,1,1783975843
2026-07-29T00:02:43Z,606,0,0,0,0,0,0,1,1,86400
2026-07-29T00:02:43Z,607,27,0,2,3,0,1,1,1,1785281390
2026-07-29T00:02:43Z,608,44,1,5,1,0,1,1,1,1785282958
2026-07-29T00:02:43Z,609,7,7,15,1,0,1,1,1,1785283043
2026-07-29T00:02:43Z,610,35,0,0,0,0,1,1,1,1785280951
2026-07-29T00:02:43Z,611,19,3,8,0,0,1,1,1,1785283320
2026-07-29T00:02:43Z,612,7,2,8,0,0,1,1,1,1785276529
2026-07-29T00:02:43Z,613,12,3,1,2,0,1,1,1,1785276942
2026-07-29T00:02:43Z,614,0,0,25,2,0,1,1,1,1785283193
2026-07-29T00:02:43Z,617,5,1,9,1,0,1,1,1,1785282986
2026-07-29T00:02:43Z,618,3,2,12,4,0,1,1,1,1785282495
2026-07-29T00:02:43Z,619,17,13,2,0,0,1,1,1,1785281756
2026-07-29T00:02:43Z,620,5,2,21,1,0,1,1,1,1785282773
2026-07-29T00:02:43Z,621,22,8,1,0,0,1,1,1,1785281133
2026-07-29T00:02:43Z,622,2,0,18,2,1,1,1,1,1785283109
2026-07-29T00:02:43Z,623,4,1,26,0,0,1,1,1,1785277677
2026-07-29T00:02:43Z,624,6,2,7,2,0,1,1,1,1785279166
2026-07-29T00:02:43Z,625,5,1,10,6,0,1,1,1,1785280213
2026-07-29T00:02:43Z,626,28,0,17,0,0,1,1,1,1785282601
2026-07-29T00:02:43Z,627,19,4,0,0,0,1,1,1,1785280328
2026-07-29T00:02:43Z,628,8,7,9,1,1,1,1,1,1785283273
2026-07-29T00:02:43Z,629,6,1,4,1,0,1,1,1,1785283330
2026-07-29T00:02:43Z,630,3,3,21,3,0,1,1,1,1785283128
2026-07-29T00:02:43Z,631,0,0,23,0,0,1,1,1,1785279262
2026-07-29T00:02:43Z,632,20,2,3,0,0,1,1,1,1785276390
2026-07-29T00:02:43Z,633,7,4,7,1,0,1,1,1,1785278449
2026-07-29T00:02:43Z,634,1,0,18,0,0,1,1,1,1785277116
2026-07-29T00:02:43Z,635,6,0,12,1,0,1,1,1,1785276587
2026-07-29T00:02:43Z,636,11,1,4,0,0,1,1,1,1785273816
2026-07-29T00:02:43Z,637,8,2,6,5,0,1,1,1,1785275662
2026-07-29T00:02:43Z,638,7,0,9,3,0,1,1,1,1785283123
2026-07-29T00:02:43Z,639,4,0,15,0,0,1,1,1,1785281592
2026-07-29T00:02:43Z,640,1,1,21,1,0,1,1,1,1785281368
2026-07-29T00:02:43Z,641,22,1,3,1,0,1,1,1,1785281318
2026-07-29T00:02:43Z,642,7,0,7,5,0,1,1,1,1785283357
2026-07-29T00:02:43Z,643,1,1,22,4,0,1,1,1,1785282778
2026-07-29T00:02:43Z,644,9,4,6,0,0,1,1,1,1785283091
2026-07-29T00:02:43Z,645,15,1,7,0,1,1,1,1,1785280305
2026-07-29T00:02:43Z,646,5,2,13,1,0,1,1,1,1785276458
2026-07-29T00:02:43Z,647,31,0,0,0,0,1,1,1,1785276964
2026-07-29T00:02:43Z,648,5,0,13,1,0,1,1,1,1785281994
2026-07-29T00:02:43Z,649,8,7,23,0,0,1,1,1,1785282070
2026-07-29T00:02:43Z,650,6,3,8,0,0,1,1,1,1785231661
2026-07-29T00:02:43Z,651,1,1,21,1,0,1,1,1,1785278436
2026-07-29T00:02:43Z,652,13,1,8,2,0,1,1,1,1785283086
2026-07-29T00:02:43Z,653,3,0,16,0,0,1,1,1,1785278570
2026-07-29T00:02:43Z,654,4,4,11,0,0,1,1,1,1785279327
2026-07-29T00:02:43Z,655,6,4,2,4,1,1,1,1,1785283236
2026-07-29T00:02:43Z,656,16,0,3,0,0,1,1,1,1785283205
2026-07-29T00:02:43Z,657,4,0,11,1,1,1,1,1,1785283319
2026-07-29T00:02:43Z,658,10,1,5,0,0,1,1,1,1785280166
2026-07-29T00:02:43Z,659,6,3,8,1,0,1,1,1,1785277752
2026-07-29T00:02:43Z,660,7,7,19,5,0,1,1,1,1785283345
2026-07-29T00:02:43Z,661,9,7,9,1,0,1,1,1,1785282588
2026-07-29T00:02:43Z,662,8,5,6,8,1,1,1,1,1785283147
2026-07-29T00:02:43Z,663,12,3,3,0,0,1,1,1,1785283350
2026-07-29T00:02:43Z,664,21,0,6,0,0,1,1,1,1785283089
2026-07-29T00:02:43Z,665,11,0,4,0,0,1,1,1,1785282716
2026-07-29T00:02:43Z,666,10,6,2,3,0,1,1,1,1785278708
2026-07-29T00:02:43Z,667,15,0,1,1,0,1,1,1,1785283321
2026-07-29T00:02:43Z,668,16,0,3,0,0,1,1,1,1785280187
2026-07-29T00:02:43Z,669,14,1,0,0,0,1,1,1,1785280178
2026-07-29T00:02:43Z,670,12,2,13,2,0,1,1,1,1785282785
2026-07-29T00:02:43Z,671,13,0,14,0,0,1,1,1,1785282473
2026-07-29T00:02:43Z,672,8,2,11,3,1,1,1,1,1785280233
2026-07-29T00:02:43Z,673,9,0,13,1,0,1,1,1,1785281559
2026-07-29T00:02:43Z,674,10,10,11,2,0,1,1,1,1785283220
2026-07-29T00:02:43Z,675,7,1,5,3,0,1,1,1,1785283099
2026-07-29T00:02:43Z,676,4,0,18,0,0,1,1,1,1785282330
2026-07-29T00:02:43Z,681,9,2,4,2,0,1,1,1,1785281313
2026-07-29T00:02:43Z,682,4,1,15,0,0,1,1,1,1785229117
2026-07-29T00:02:43Z,683,4,1,15,0,0,1,1,1,1785278028
2026-07-29T00:02:43Z,684,5,3,22,0,0,1,1,1,1785282451
2026-07-29T00:02:43Z,685,5,0,21,0,1,1,1,1,1785276226
2026-07-29T00:02:43Z,686,11,0,14,1,1,1,1,1,1785283301
2026-07-29T00:02:43Z,687,11,1,17,2,1,1,1,1,1785283097
2026-07-29T00:02:43Z,688,3,1,11,5,0,1,1,1,1785283135
2026-07-29T00:02:43Z,692,15,2,5,1,0,1,1,1,1785282770
2026-07-29T00:02:43Z,693,5,0,3,3,0,1,1,1,1785282551
2026-07-29T00:02:43Z,694,10,4,10,0,0,1,1,1,1785281984
2026-07-29T00:02:43Z,695,5,3,18,0,0,1,1,1,1785281653
2026-07-29T00:02:43Z,696,13,8,9,1,0,1,1,1,1785283300
2026-07-29T00:02:43Z,697,12,1,10,1,0,1,1,1,1785283340
2026-07-29T00:02:43Z,698,19,0,8,0,0,1,1,1,1785282930
2026-07-29T00:02:43Z,699,2,2,12,1,0,1,1,1,1785282464
2026-07-29T00:02:43Z,700,17,2,2,0,0,1,1,1,1785282244
2026-07-29T00:02:43Z,701,4,1,11,4,0,1,1,1,1785282854
2026-07-29T00:02:43Z,702,12,4,9,2,0,1,1,1,1785282341
2026-07-29T00:02:43Z,704,7,0,7,1,0,1,1,1,1785283229
2026-07-29T00:02:43Z,705,4,1,11,0,0,1,1,1,1785282712
2026-07-29T00:02:43Z,706,11,1,2,2,0,1,1,1,1785282771
2026-07-29T00:02:43Z,707,4,1,11,0,0,1,1,1,1785282854
2026-07-29T00:02:43Z,708,15,0,4,0,0,1,1,1,1785283009
2026-07-29T00:02:43Z,709,12,0,0,3,0,1,1,1,1785282627
2026-07-29T00:02:43Z,710,11,3,7,1,0,1,1,1,1785281850
2026-07-29T00:02:43Z,711,1,0,18,0,0,1,1,1,1785281590
2026-07-29T00:02:43Z,712,14,8,1,0,0,1,1,1,1785281916
2026-07-29T00:02:43Z,713,15,4,8,0,0,1,1,1,1785282649
2026-07-29T00:02:43Z,716,3,0,12,0,0,1,1,1,1785282257
2026-07-29T00:02:43Z,717,6,1,17,2,0,1,1,1,1785282147
2026-07-29T00:02:43Z,718,1,0,14,0,0,1,1,1,1785282921
2026-07-29T00:02:43Z,719,3,0,26,0,0,1,1,1,1785282954
2026-07-29T00:02:43Z,720,3,2,16,0,0,1,1,1,1785282628
2026-07-29T00:02:43Z,721,9,1,13,1,0,1,1,1,1785283002
2026-07-29T00:02:43Z,722,4,0,11,0,0,1,1,1,1785282334
2026-07-29T00:02:43Z,723,12,2,11,0,0,1,1,1,1785281825
2026-07-29T00:02:43Z,724,6,0,17,0,0,1,1,1,1785283176
2026-07-29T00:02:43Z,725,15,3,8,0,0,1,1,1,1785282646
2026-07-29T00:02:43Z,726,19,1,0,0,0,1,1,1,1785281861
2026-07-29T00:02:43Z,727,9,5,13,1,0,1,1,1,1785282934
2026-07-29T00:02:43Z,728,8,2,7,0,0,1,1,1,1785282924
2026-07-29T00:02:43Z,729,12,0,7,0,0,1,1,1,1785282826
2026-07-29T00:02:43Z,730,4,4,10,1,0,1,1,1,1785281719
2026-07-29T00:02:43Z,731,8,3,7,0,0,1,1,1,1785282527
2026-07-29T00:02:43Z,732,5,1,10,0,0,1,1,1,1785281880
2026-07-29T00:02:43Z,733,9,0,17,1,0,1,1,1,1785283329
2026-07-29T00:02:43Z,734,12,0,2,0,0,1,1,1,1785282104
2026-07-29T00:02:43Z,735,2,2,25,0,0,1,1,1,1785282815
2026-07-29T00:02:43Z,736,6,3,12,1,0,1,1,1,1785282913
2026-07-29T00:02:43Z,737,4,1,11,0,0,1,1,1,1785282731
2026-07-29T00:02:43Z,738,4,1,14,1,0,1,1,1,1785283193
2026-07-29T00:02:43Z,739,14,2,11,2,0,1,1,1,1785282719
2026-07-29T00:02:43Z,741,3,0,19,1,0,1,1,1,1785282753
2026-07-29T00:02:43Z,742,27,5,12,0,0,1,1,1,1785283142
2026-07-29T00:02:43Z,743,5,0,13,1,0,1,1,1,1785282629
2026-07-29T00:02:43Z,744,5,3,10,0,0,1,1,1,1785282560
2026-07-29T00:02:43Z,745,14,2,4,1,0,1,1,1,1785283107
2026-07-29T00:02:43Z,746,16,0,5,2,0,1,1,1,1785282148
2026-07-29T00:02:43Z,747,0,0,4,0,0,0,1,1,1783446606
2026-07-29T00:02:43Z,748,9,1,11,0,0,1,1,1,1785282015
2026-07-29T00:02:43Z,749,10,0,13,0,0,1,1,1,1785282794
2026-07-29T00:02:43Z,750,10,4,0,1,0,1,1,1,1785282853
2026-07-29T00:02:43Z,751,4,4,19,0,0,1,1,1,1785283220
2026-07-29T00:02:43Z,752,8,2,8,1,0,1,1,1,1785279810
2026-07-29T00:02:43Z,753,11,0,4,0,0,1,1,1,1785282709
2026-07-29T00:02:43Z,754,4,0,11,0,0,1,1,1,1785282337
2026-07-29T00:02:43Z,755,10,5,13,0,0,1,1,1,1785282429
2026-07-29T00:02:43Z,756,13,10,25,0,0,1,1,1,1785283355
2026-07-29T00:02:43Z,757,2,1,17,0,0,1,1,1,1785282716
2026-07-29T00:02:43Z,758,18,6,5,0,0,1,1,1,1785282653
2026-07-29T00:02:43Z,759,5,2,10,0,0,1,1,1,1785281562
2026-07-29T00:02:43Z,760,7,7,12,0,0,1,1,1,1785271741
2026-07-29T00:02:43Z,761,4,0,18,1,0,1,1,1,1785282520
2026-07-29T00:02:43Z,762,8,5,3,4,0,1,1,1,1785282063
2026-07-29T00:02:43Z,768,8,1,10,1,0,1,1,1,1785281733
2026-07-29T00:02:43Z,769,18,2,1,0,0,1,1,1,1785283113
2026-07-29T00:02:43Z,770,4,2,11,1,3,1,1,1,1785282266
2026-07-29T00:02:43Z,771,14,5,1,0,0,1,1,1,1785282404
2026-07-29T00:02:43Z,772,2,0,13,0,0,1,1,1,1785283229
2026-07-29T00:02:43Z,773,18,6,1,0,0,1,1,1,1785282625
2026-07-29T00:02:43Z,774,2,2,10,2,1,1,1,1,1785282918
2026-07-29T00:02:43Z,775,7,2,10,2,0,1,1,1,1785281159
2026-07-29T00:02:43Z,776,2,0,18,1,0,1,1,1,1785282816
2026-07-29T00:02:43Z,777,9,3,5,1,0,1,1,1,1785282379
2026-07-29T00:02:43Z,778,13,2,4,2,0,1,1,1,1785282821
2026-07-29T00:02:43Z,779,7,3,12,0,0,1,1,1,1785283120
2026-07-29T00:02:43Z,780,14,4,2,3,0,1,1,1,1785282652
2026-07-29T00:02:43Z,781,3,1,6,2,0,1,1,1,1785282493
2026-07-29T00:02:43Z,782,6,2,10,3,0,1,1,1,1785282655
2026-07-29T00:02:43Z,783,3,0,14,2,0,1,1,1,1785281554
2026-07-29T00:02:43Z,784,7,2,12,0,0,1,1,1,1785282879
2026-07-29T00:02:43Z,785,7,2,9,3,0,1,1,1,1785281974
2026-07-29T00:02:43Z,786,12,3,6,0,0,1,1,1,1785283325
2026-07-29T00:02:43Z,787,9,2,6,0,0,1,1,1,1785282581
2026-07-29T00:02:43Z,788,5,1,10,0,0,1,1,1,1785282614
2026-07-29T00:02:43Z,789,9,4,4,2,0,1,1,1,1785282904
2026-07-29T00:02:43Z,790,7,1,16,0,0,1,1,1,1785282823
2026-07-29T00:02:43Z,791,13,2,4,1,1,1,1,1,1785283344
2026-07-29T00:02:43Z,793,3,1,11,1,0,1,1,1,1785283249
2026-07-29T00:02:43Z,794,12,0,14,3,0,1,1,1,1785282815
2026-07-29T00:02:43Z,796,3,1,15,1,0,1,1,1,1785283311
2026-07-29T00:02:43Z,797,1,0,14,0,0,1,1,1,1785278746
2026-07-29T00:02:43Z,798,11,1,11,3,0,1,1,1,1785282635
2026-07-29T00:02:43Z,799,10,1,6,3,0,1,1,1,1785282566
2026-07-29T00:02:43Z,800,2,0,18,1,0,1,1,1,1785283298
2026-07-29T00:02:43Z,801,1,1,20,0,0,1,1,1,1785282481
2026-07-29T00:02:43Z,802,11,0,20,0,0,1,1,1,1785282158
2026-07-29T00:02:43Z,803,2,0,13,0,0,1,1,1,1785282615
2026-07-29T00:02:43Z,806,3,1,12,0,0,1,1,1,1785282802
2026-07-29T00:02:43Z,807,14,14,8,3,0,1,1,1,1785282582
2026-07-29T00:02:43Z,808,1,0,23,1,0,1,1,1,1785276758
2026-07-29T00:02:43Z,809,3,1,19,1,0,1,1,1,1785282402
2026-07-29T00:02:43Z,810,5,4,12,2,0,1,1,1,1785283230
2026-07-29T00:02:43Z,815,6,1,5,3,1,1,1,1,1785282579
2026-07-29T00:02:43Z,817,7,2,1,7,0,1,1,1,1785282991
2026-07-29T00:02:43Z,818,7,0,16,0,0,1,1,1,1785282720
2026-07-29T00:02:43Z,819,4,1,11,0,0,1,1,1,1785274400
2026-07-29T00:02:43Z,820,3,0,14,0,0,1,1,1,1785282157
2026-07-29T00:02:43Z,821,5,2,10,0,0,1,1,1,1785283130
2026-07-29T00:02:43Z,822,3,0,20,0,0,1,1,1,1785283316
2026-07-29T00:02:43Z,823,10,0,5,0,0,1,1,1,1785283205
2026-07-29T00:02:43Z,824,17,11,0,2,0,1,1,1,1785282593
2026-07-29T00:02:43Z,825,11,4,4,0,0,1,1,1,1785279200
2026-07-29T00:02:43Z,826,16,0,2,1,0,1,1,1,1785283304
2026-07-29T00:02:43Z,827,8,5,12,1,0,1,1,1,1785282879
2026-07-29T00:02:43Z,828,6,6,12,0,0,1,1,1,1785282349
2026-07-29T00:02:43Z,829,20,5,6,1,0,1,1,1,1785283241
2026-07-29T00:02:43Z,830,6,0,16,1,0,1,1,1,1785282915
2026-07-29T00:02:43Z,831,4,2,10,1,0,1,1,1,1785282624
2026-07-29T00:02:43Z,832,12,4,4,2,0,1,1,1,1785282262
2026-07-29T00:02:43Z,833,11,2,8,0,0,1,1,1,1785282048
2026-07-29T00:02:43Z,834,3,0,20,1,0,1,1,1,1785283356
2026-07-29T00:02:43Z,835,4,2,12,2,0,1,1,1,1785282702
2026-07-29T00:02:43Z,837,4,3,3,8,0,1,1,1,1785282266
2026-07-29T00:02:43Z,838,10,3,3,2,0,1,1,1,1785281737
2026-07-29T00:02:43Z,839,4,0,24,1,0,1,1,1,1785282962
2026-07-29T00:02:43Z,840,26,1,1,2,0,1,1,1,1785282966
2026-07-29T00:02:43Z,841,6,1,9,0,0,1,1,1,1785282624
2026-07-29T00:02:43Z,842,9,1,14,0,0,1,1,1,1785281885
2026-07-29T00:02:43Z,843,11,3,20,0,0,1,1,1,1785283020
2026-07-29T00:02:43Z,844,4,0,19,0,0,1,1,1,1785283262
2026-07-29T00:02:43Z,845,6,4,12,1,0,1,1,1,1785282371
2026-07-29T00:02:43Z,846,16,9,2,1,0,1,1,1,1785283207
2026-07-29T00:02:43Z,847,13,2,14,0,0,1,1,1,1785282533
2026-07-29T00:02:43Z,848,3,0,15,1,0,1,1,1,1785280435
2026-07-29T00:02:43Z,849,6,2,9,0,0,1,1,1,1785283325
2026-07-29T00:02:43Z,850,9,1,1,1,0,1,1,1,1785282823
2026-07-29T00:02:43Z,851,4,4,31,2,0,1,1,1,1785282297
2026-07-29T00:02:43Z,852,8,6,11,0,0,1,1,1,1785282271
2026-07-29T00:02:43Z,853,8,3,15,0,0,1,1,1,1785282702
2026-07-29T00:02:43Z,854,15,4,0,0,0,1,1,1,1785283196
2026-07-29T00:02:43Z,855,25,3,2,0,0,1,1,1,1785282771
2026-07-29T00:02:43Z,857,2,1,17,0,0,1,1,1,1785282455
2026-07-29T00:02:43Z,858,3,1,15,1,0,1,1,1,1785282731
2026-07-29T00:02:43Z,859,6,2,14,1,0,1,1,1,1785282911
2026-07-29T00:02:43Z,861,9,1,1,1,0,1,1,1,1785228807
2026-07-29T00:02:43Z,862,2,1,13,0,0,1,1,1,1785282615
2026-07-29T00:02:43Z,863,5,0,11,3,0,1,1,1,1785276449
2026-07-29T00:02:43Z,866,6,1,13,0,0,1,1,1,1785282513
2026-07-29T00:02:43Z,867,9,0,6,0,0,1,1,1,1785282284
2026-07-29T00:02:43Z,868,10,1,5,0,0,1,1,1,1785282285
2026-07-29T00:02:43Z,870,10,3,5,0,0,1,1,1,1785282448
2026-07-29T00:02:43Z,871,1,0,9,1,0,1,1,1,1785282092
2026-07-29T00:02:43Z,872,5,1,8,2,0,1,1,1,1785282403
2026-07-29T00:02:43Z,873,0,0,32,1,0,1,1,1,1785283204
2026-07-29T00:02:43Z,874,11,0,1,3,0,1,1,1,1785283310
2026-07-29T00:02:43Z,875,14,11,1,0,0,1,1,1,1785283185
2026-07-29T00:02:43Z,877,14,12,5,0,0,1,1,1,1785281606
2026-07-29T00:02:43Z,878,4,4,15,0,0,1,1,1,1785282211
2026-07-29T00:02:43Z,879,1,0,18,0,0,1,1,1,1785283165
2026-07-29T00:02:43Z,880,4,0,18,1,0,1,1,1,1785283184
2026-07-29T00:02:43Z,881,2,0,17,0,0,1,1,1,1785283107
2026-07-29T00:02:43Z,882,11,3,5,3,0,1,1,1,1785268479
2026-07-29T00:02:43Z,883,8,6,11,0,0,1,1,1,1785282685
2026-07-29T00:02:43Z,884,13,5,8,0,0,1,1,1,1785283293
2026-07-29T00:02:43Z,885,5,0,14,0,0,1,1,1,1785281897
2026-07-29T00:02:43Z,886,6,3,20,3,0,1,1,1,1785282282
2026-07-29T00:02:43Z,887,0,0,14,3,0,1,1,1,1785283122
2026-07-29T00:02:43Z,888,16,1,22,3,0,1,1,1,1785282781
2026-07-29T00:02:43Z,889,3,0,14,2,0,1,1,1,1785282584
2026-07-29T00:02:43Z,890,2,1,13,0,0,1,1,1,1785275839
2026-07-29T00:02:43Z,891,8,1,15,0,0,1,1,1,1785283124
2026-07-29T00:02:43Z,892,8,0,7,0,0,1,1,1,1785275183
2026-07-29T00:02:43Z,895,1,0,18,0,0,1,1,1,1785270561
2026-07-29T00:02:43Z,896,0,0,35,0,0,1,1,1,1785279220
2026-07-29T00:02:43Z,897,6,0,15,0,0,1,1,1,1785282113
2026-07-29T00:02:43Z,898,2,0,17,0,0,1,1,1,1785282063
2026-07-29T00:02:43Z,899,3,0,16,0,0,1,1,1,1785283085
2026-07-29T00:02:43Z,900,22,1,4,1,0,1,1,1,1785282935
2026-07-29T00:02:43Z,901,11,4,8,0,0,1,1,1,1785282289
2026-07-29T00:02:43Z,902,10,0,5,0,0,1,1,1,1785282180
2026-07-29T00:02:43Z,903,8,0,11,0,0,1,1,1,1785282766
2026-07-29T00:02:43Z,904,7,4,11,1,0,1,1,1,1785282376
2026-07-29T00:02:43Z,905,1,0,25,1,0,1,1,1,1785282992
2026-07-29T00:02:43Z,906,16,14,11,0,0,1,1,1,1785282636
2026-07-29T00:02:43Z,907,25,3,6,0,0,1,1,1,1785282237
2026-07-29T00:02:43Z,908,1,1,21,1,0,1,1,1,1785282213
2026-07-29T00:02:43Z,909,13,10,8,2,0,1,1,1,1785283195
2026-07-29T00:02:43Z,910,4,2,27,0,0,1,1,1,1785283021
2026-07-29T00:02:43Z,911,6,0,13,0,0,1,1,1,1785282000
2026-07-29T00:02:43Z,912,17,2,4,2,0,1,1,1,1785283337
2026-07-29T00:02:43Z,913,9,2,10,0,0,1,1,1,1785282864
2026-07-29T00:02:43Z,914,4,0,14,1,0,1,1,1,1785282900
2026-07-29T00:02:43Z,915,22,1,0,1,0,1,1,1,1785282336
2026-07-29T00:02:43Z,916,22,1,1,0,0,1,1,1,1785282735
2026-07-29T00:02:43Z,917,1,0,34,0,0,1,1,1,1785282011
2026-07-29T00:02:43Z,918,18,5,0,1,0,1,1,1,1785282321
2026-07-29T00:02:43Z,919,35,1,4,0,0,1,1,1,1785283342
2026-07-29T00:02:43Z,920,10,5,9,0,0,1,1,1,1785282867
2026-07-29T00:02:43Z,921,13,0,8,0,0,1,1,1,1785281944
2026-07-29T00:02:43Z,922,3,0,18,0,0,1,1,1,1785283208
2026-07-29T00:02:43Z,923,7,3,10,2,0,1,1,1,1785281705
2026-07-29T00:02:43Z,924,12,0,9,0,0,1,1,1,1785283029
2026-07-29T00:02:43Z,925,13,1,6,2,0,1,1,1,1785282765
2026-07-29T00:02:43Z,926,1,1,20,0,0,1,1,1,1785282687
2026-07-29T00:02:43Z,927,10,0,25,0,0,1,1,1,1785283214
2026-07-29T00:02:43Z,928,1,0,17,1,0,1,1,1,1785283331
2026-07-29T00:02:43Z,929,3,0,20,0,0,1,1,1,1785283306
2026-07-29T00:02:43Z,930,14,2,16,1,0,1,1,1,1785283135
2026-07-29T00:02:43Z,931,1,1,22,0,0,1,1,1,1785282321
2026-07-29T00:02:43Z,932,2,0,15,2,0,1,1,1,1785282586
2026-07-29T00:02:43Z,933,4,0,19,0,0,1,1,1,1785282498
2026-07-29T00:02:43Z,934,22,0,9,0,0,1,1,1,1785283266
2026-07-29T00:02:43Z,935,11,2,7,1,0,1,1,1,1785281935
2026-07-29T00:02:43Z,936,4,2,15,0,0,1,1,1,1785283249
2026-07-29T00:02:43Z,940,11,1,0,0,0,1,1,1,1785282728
2026-07-29T00:02:43Z,941,22,4,0,3,0,1,1,1,1785282664
2026-07-29T00:02:43Z,942,10,3,11,0,0,1,1,1,1785283116
2026-07-29T00:02:43Z,943,7,6,7,1,0,1,1,1,1785282747
2026-07-29T00:02:43Z,944,10,8,5,0,0,1,1,1,1785282754
2026-07-29T00:02:43Z,945,9,7,6,0,0,1,1,1,1785282437
2026-07-29T00:02:43Z,946,7,5,12,0,0,1,1,1,1785282692
2026-07-29T00:02:43Z,947,8,7,9,0,0,1,1,1,1785281946
2026-07-29T00:02:43Z,948,9,9,16,6,0,1,1,1,1785282882
2026-07-29T00:02:43Z,949,3,1,10,2,0,1,1,1,1785282438
2026-07-29T00:02:43Z,950,17,0,0,0,0,1,1,1,1785283040
2026-07-29T00:02:43Z,951,5,2,17,1,0,1,1,1,1785282528
2026-07-29T00:02:43Z,952,16,1,38,1,0,1,1,1,1785282910
2026-07-29T00:02:43Z,953,12,0,1,2,0,1,1,1,1785282781
2026-07-29T00:02:43Z,954,17,3,1,1,0,1,1,1,1785282282
2026-07-29T00:02:43Z,955,11,10,12,4,0,1,1,1,1785282766
2026-07-29T00:02:43Z,956,21,2,2,0,0,1,1,1,1785282181
2026-07-29T00:02:43Z,957,19,1,10,0,0,1,1,1,1785283129
2026-07-29T00:02:43Z,958,5,0,26,0,0,1,1,1,1785282294
2026-07-29T00:02:43Z,959,16,3,1,6,0,1,1,1,1785282771
2026-07-29T00:02:43Z,960,13,1,8,2,0,1,1,1,1785283110
2026-07-29T00:02:43Z,961,9,1,11,3,0,1,1,1,1785282856
2026-07-29T00:02:43Z,962,15,4,15,4,0,1,1,1,1785282891
2026-07-29T00:02:43Z,963,0,0,22,1,0,1,1,1,1785282078
2026-07-29T00:02:43Z,964,18,3,5,0,0,1,1,1,1785283289
2026-07-29T00:02:43Z,965,14,7,12,1,0,1,1,1,1785282866
2026-07-29T00:02:43Z,966,21,1,9,1,0,1,1,1,1785283210
2026-07-29T00:02:43Z,967,8,0,11,2,0,1,1,1,1785283183
2026-07-29T00:02:43Z,968,15,0,4,0,0,1,1,1,1785282197
2026-07-29T00:02:43Z,969,23,10,1,3,0,1,1,1,1785283347
2026-07-29T00:02:43Z,970,9,5,9,1,0,1,1,1,1785282453
2026-07-29T00:02:43Z,971,14,2,7,2,0,1,1,1,1785282272
2026-07-29T00:02:43Z,972,4,3,17,2,0,1,1,1,1785281845
2026-07-29T00:02:43Z,973,4,3,18,1,0,1,1,1,1785283068
2026-07-29T00:02:43Z,974,14,0,13,0,0,1,1,1,1785282456
2026-07-29T00:02:43Z,977,4,4,15,2,0,1,1,1,1785282443
2026-07-29T00:02:43Z,978,3,1,20,0,0,1,1,1,1785283048
2026-07-29T00:02:43Z,979,5,1,12,0,0,1,1,1,1785283109
2026-07-29T00:02:43Z,980,3,1,18,0,0,1,1,1,1785283356
2026-07-29T00:02:43Z,981,18,0,3,0,0,1,1,1,1785281752
2026-07-29T00:02:43Z,982,4,3,14,1,0,1,1,1,1785282210
2026-07-29T00:02:43Z,983,0,0,21,2,0,1,1,1,1785282401
2026-07-29T00:02:43Z,984,2,0,21,0,0,1,1,1,1785283007
2026-07-29T00:02:43Z,985,10,1,20,1,0,1,1,1,1785282742
2026-07-29T00:02:43Z,986,2,1,17,0,0,1,1,1,1785282208
2026-07-29T00:02:43Z,987,7,2,16,0,0,1,1,1,1785282400
2026-07-29T00:02:43Z,988,6,0,12,1,0,1,1,1,1785282058
2026-07-29T00:02:43Z,989,9,4,10,0,0,1,1,1,1785283135
2026-07-29T00:02:43Z,990,14,4,0,1,0,1,1,1,1785282541
2026-07-29T00:02:43Z,991,11,2,8,0,0,1,1,1,1785282334
2026-07-29T00:02:43Z,992,9,6,12,2,0,1,1,1,1785282671
2026-07-29T00:02:43Z,993,2,0,25,0,0,1,1,1,1785283000
2026-07-29T00:02:43Z,994,2,1,19,0,0,1,1,1,1785282735
2026-07-29T00:02:43Z,995,5,2,22,0,0,1,1,1,1785282004
2026-07-29T00:02:43Z,996,2,2,21,0,0,1,1,1,1785281850
2026-07-29T00:02:43Z,997,14,6,9,0,0,1,1,1,1785283348
2026-07-29T00:02:43Z,998,9,4,14,0,0,1,1,1,1785282247
2026-07-29T00:02:43Z,999,11,8,8,1,1,1,1,1,1785282169
2026-07-29T00:02:43Z,1000,0,0,21,0,0,1,1,1,1785282964
2026-07-29T00:02:43Z,1001,3,2,24,0,0,1,1,1,1785282127
2026-07-29T00:02:43Z,1002,12,3,17,2,0,1,1,1,1785281896
2026-07-29T00:02:43Z,1003,1,0,22,0,0,1,1,1,1785281962
2026-07-29T00:02:43Z,1004,7,1,16,0,0,1,1,1,1785283171
2026-07-29T00:02:43Z,1005,17,1,6,0,0,1,1,1,1785282141
2026-07-29T00:02:43Z,1006,5,1,13,1,0,1,1,1,1785282145
2026-07-29T00:02:43Z,1007,5,1,16,0,0,1,1,1,1785282825
2026-07-29T00:02:43Z,1008,5,4,15,3,0,1,1,1,1785282841
2026-07-29T00:02:43Z,1009,22,6,8,1,0,1,1,1,1785282316
2026-07-29T00:02:43Z,1010,17,11,10,0,0,1,1,1,1785283326
2026-07-29T00:02:43Z,1011,7,3,12,0,0,1,1,1,1785282523
2026-07-29T00:02:43Z,1012,3,3,19,1,0,1,1,1,1785282989
2026-07-29T00:02:43Z,1013,3,1,19,1,0,1,1,1,1785282340
2026-07-29T00:02:43Z,1014,9,4,14,0,0,1,1,1,1785282385
2026-07-29T00:02:43Z,1015,16,10,13,2,0,1,1,1,1785282183
2026-07-29T00:02:43Z,1016,18,10,13,0,0,1,1,1,1785283079
2026-07-29T00:02:43Z,1017,12,3,8,1,0,1,1,1,1785283185
2026-07-29T00:02:43Z,1018,10,5,12,0,0,1,1,1,1785281973
2026-07-29T00:02:43Z,1019,2,1,13,0,0,1,1,1,1785282299
2026-07-29T00:02:43Z,1020,17,3,4,0,0,1,1,1,1785283078
2026-07-29T00:02:43Z,1021,5,2,10,0,0,1,1,1,1785283074
2026-07-29T00:02:43Z,1022,14,0,13,0,0,1,1,1,1785281891
2026-07-29T00:02:43Z,1023,21,2,2,0,0,1,1,1,1785281672
2026-07-29T00:02:43Z,1024,4,1,15,0,0,1,1,1,1785282047
2026-07-29T00:02:43Z,1025,4,1,14,0,1,1,1,1,1785281774
2026-07-29T00:02:43Z,1026,13,8,17,1,0,1,1,1,1785282574
2026-07-29T00:02:43Z,1028,4,3,19,0,0,1,1,1,1785282058
2026-07-29T00:02:43Z,1029,6,5,9,0,0,1,1,1,1785283335
2026-07-29T00:02:43Z,1030,11,4,11,1,0,1,1,1,1785282718
2026-07-29T00:02:43Z,1031,2,1,17,0,0,1,1,1,1785283345
2026-07-29T00:02:43Z,1032,8,2,11,0,0,1,1,1,1785282157
2026-07-29T00:02:43Z,1033,8,5,11,0,0,1,1,1,1785282933
2026-07-29T00:02:43Z,1034,0,0,15,0,0,1,1,1,1785282367
2026-07-29T00:02:43Z,1035,1,0,17,1,0,1,1,1,1785282223
2026-07-29T00:02:43Z,1036,15,0,0,0,0,1,1,1,1785282931
2026-07-29T00:02:43Z,1037,7,1,12,0,0,1,1,1,1785282354
2026-07-29T00:02:43Z,1038,0,0,15,0,0,1,1,1,1785282084
2026-07-29T00:02:43Z,1039,4,0,15,0,0,1,1,1,1785282329
2026-07-29T00:02:43Z,1040,8,5,11,0,0,1,1,1,1785282136
2026-07-29T00:02:43Z,1041,5,0,13,1,0,1,1,1,1785282090
2026-07-29T00:02:43Z,1042,11,0,2,2,0,1,1,1,1785282353
2026-07-29T00:02:43Z,1043,8,2,10,1,0,1,1,1,1785282237
2026-07-29T00:02:43Z,1044,0,0,15,0,0,1,1,1,1785282157
2026-07-29T00:02:43Z,1045,2,2,17,0,0,1,1,1,1785282153
2026-07-29T00:02:43Z,1046,9,0,6,0,0,1,1,1,1785281761
2026-07-29T00:02:43Z,1047,3,1,18,0,0,1,1,1,1785282823
2026-07-29T00:02:43Z,1048,5,0,14,0,0,1,1,1,1785282151
2026-07-29T00:02:43Z,1049,2,0,19,0,0,1,1,1,1785281997
2026-07-29T00:02:43Z,1050,13,5,8,0,0,1,1,1,1785281769
2026-07-29T00:02:43Z,1051,4,1,17,0,0,1,1,1,1785283085
2026-07-29T00:02:43Z,1052,17,3,5,0,0,1,1,1,1785281836
2026-07-29T00:02:43Z,1053,5,1,10,0,0,1,1,1,1785282217
2026-07-29T00:02:43Z,1054,11,0,4,0,0,1,1,1,1785282462
2026-07-29T00:02:43Z,1055,9,3,10,0,0,1,1,1,1785282288
2026-07-29T00:02:43Z,1057,7,0,11,1,0,1,1,1,1785282180
2026-07-29T00:02:43Z,1058,29,0,27,0,0,1,1,1,1785282263
2026-07-29T00:02:43Z,1059,0,0,18,1,0,1,1,1,1785282368
2026-07-29T00:02:43Z,1060,23,2,14,0,0,1,1,1,1785283341
2026-07-29T00:02:43Z,1061,18,2,18,1,0,1,1,1,1785283154
2026-07-29T00:02:43Z,1062,0,0,16,1,0,1,1,1,1785282988
2026-07-29T00:02:43Z,1063,12,2,6,1,0,1,1,1,1785282218
2026-07-29T00:02:43Z,1064,7,3,16,0,0,1,1,1,1785282273
2026-07-29T00:02:43Z,1065,13,1,9,1,0,1,1,1,1785282524
2026-07-29T00:02:43Z,1066,10,1,13,0,0,1,1,1,1785282435
2026-07-29T00:02:43Z,1067,7,2,16,0,0,1,1,1,1785282670
2026-07-29T00:02:43Z,1068,15,5,8,0,0,1,1,1,1785282069
2026-07-29T00:02:43Z,1069,13,4,10,0,0,1,1,1,1785282192
2026-07-29T00:02:43Z,1070,11,2,12,0,0,1,1,1,1785282272
2026-07-29T00:02:43Z,1071,3,3,20,0,0,1,1,1,1785282332
2026-07-29T00:02:43Z,1072,12,1,10,1,0,1,1,1,1785282585
2026-07-29T00:02:43Z,1073,10,3,15,2,0,1,1,1,1785283156
2026-07-29T00:02:43Z,1074,27,2,26,0,0,1,1,1,1785283086
2026-07-29T00:02:43Z,1075,8,6,13,0,0,1,1,1,1785282198
2026-07-29T00:02:43Z,1076,6,5,15,0,0,1,1,1,1785282063
2026-07-29T00:02:43Z,1077,8,6,13,0,0,1,1,1,1785282133
2026-07-29T00:02:43Z,1078,9,6,12,0,0,1,1,1,1785281725
2026-07-29T00:02:43Z,1079,7,5,14,0,0,1,1,1,1785282730
2026-07-29T00:02:43Z,1080,10,7,11,0,0,1,1,1,1785282450
2026-07-29T00:02:43Z,1081,9,7,7,3,0,1,1,1,1785283319
2026-07-29T00:02:43Z,1082,14,12,9,0,0,1,1,1,1785283089
2026-07-29T00:02:43Z,1083,11,9,10,0,0,1,1,1,1785282146
2026-07-29T00:02:43Z,1084,10,8,11,0,0,1,1,1,1785282375
2026-07-29T00:02:43Z,1085,13,10,8,0,0,1,1,1,1785283231
2026-07-29T00:02:43Z,1086,13,9,8,0,0,1,1,1,1785282176
2026-07-29T00:02:43Z,1087,8,8,7,0,0,1,1,1,1785282993
2026-07-29T00:02:43Z,1088,9,7,6,0,0,1,1,1,1785281956
2026-07-29T00:02:43Z,1089,8,7,7,0,0,1,1,1,1785283020
2026-07-29T00:02:43Z,1090,9,8,6,0,0,1,1,1,1785283196
2026-07-29T00:02:43Z,1091,11,7,4,0,0,1,1,1,1785282526
2026-07-29T00:02:43Z,1092,6,5,9,0,0,1,1,1,1785281293
2026-07-29T00:02:43Z,1093,10,9,5,0,0,1,1,1,1785283004
2026-07-29T00:02:43Z,1094,13,11,6,0,0,1,1,1,1785281744
2026-07-29T00:02:43Z,1095,13,13,2,0,0,1,1,1,1785283094
2026-07-29T00:02:43Z,1096,10,8,9,0,0,1,1,1,1785283002
2026-07-29T00:02:43Z,1097,8,7,7,0,0,1,1,1,1785283236
2026-07-29T00:02:43Z,1098,10,8,9,0,0,1,1,1,1785282964
2026-07-29T00:02:43Z,1099,8,6,7,0,0,1,1,1,1785282977
2026-07-29T00:02:43Z,1100,9,5,7,13,0,1,1,1,1785280955
2026-07-29T00:02:43Z,1101,12,5,9,0,0,1,1,1,1785281748
2026-07-29T00:02:43Z,1102,10,5,3,0,0,1,1,1,1785283257
2026-07-29T00:02:43Z,1103,10,5,11,0,0,1,1,1,1785236516
2026-07-29T00:02:43Z,1104,10,5,11,0,0,1,1,1,1785283312
2026-07-29T00:02:43Z,1105,8,4,5,0,0,1,1,1,1785283168
2026-07-29T00:02:43Z,1106,10,5,11,0,0,1,1,1,1785281831
2026-07-29T00:02:43Z,1107,11,5,4,0,0,1,1,1,1785282437
2026-07-29T00:02:43Z,1108,8,3,16,3,0,1,1,1,1785282343
2026-07-29T00:02:43Z,1109,7,4,8,0,0,1,1,1,1785282417
2026-07-29T00:02:43Z,1110,6,3,15,0,0,1,1,1,1785283223
2026-07-29T00:02:43Z,1111,19,0,2,0,0,1,1,1,1785283221
2026-07-29T00:02:43Z,1112,31,1,22,0,0,1,1,1,1785282042
2026-07-29T00:02:43Z,1113,0,0,21,0,0,1,1,1,1785281586
2026-07-29T00:02:43Z,1115,16,6,6,1,0,1,1,1,1785282419
2026-07-29T00:02:43Z,1116,3,1,16,0,0,1,1,1,1785282187
2026-07-29T00:02:43Z,1117,8,1,15,0,0,1,1,1,1785283122
2026-07-29T00:02:43Z,1118,11,0,10,0,0,1,1,1,1785283228
2026-07-29T00:02:43Z,1119,12,3,5,0,0,1,1,1,1785283272
2026-07-29T00:02:43Z,1120,16,4,3,0,0,1,1,1,1785282344
2026-07-29T00:02:43Z,1121,15,0,4,2,0,1,1,1,1785280155
2026-07-29T00:02:43Z,1122,6,2,12,3,0,1,1,1,1785283152
2026-07-29T00:02:43Z,1123,7,0,15,1,0,1,1,1,1785283338
2026-07-29T00:02:43Z,1124,14,2,0,1,0,1,1,1,1785283344
2026-07-29T00:02:43Z,1125,11,1,12,0,0,1,1,1,1785282283
2026-07-29T00:02:43Z,1126,13,1,8,0,0,1,1,1,1785283164
2026-07-29T00:02:43Z,1127,3,1,16,0,0,1,1,1,1785282497
2026-07-29T00:02:43Z,1128,8,0,6,1,0,1,1,1,1785282358
2026-07-29T00:02:43Z,1129,15,0,5,1,0,1,1,1,1785283120
2026-07-29T00:02:43Z,1130,0,0,14,1,0,1,1,1,1785282184
2026-07-29T00:02:43Z,1131,24,0,25,0,0,1,1,1,1785283255
2026-07-29T00:02:43Z,1132,13,3,7,1,0,1,1,1,1785281897
2026-07-29T00:02:43Z,1133,13,5,8,0,0,1,1,1,1785282082
2026-07-29T00:02:43Z,1134,10,5,9,0,0,1,1,1,1785282651
2026-07-29T00:02:43Z,1135,10,5,11,0,0,1,1,1,1785281636
2026-07-29T00:02:43Z,1136,13,0,10,0,0,1,1,1,1785282174
2026-07-29T00:02:43Z,1137,6,0,8,1,0,1,1,1,1785282298
2026-07-29T00:02:43Z,1138,15,2,4,0,0,1,1,1,1785282158
2026-07-29T00:02:43Z,1139,21,0,0,0,0,1,1,1,1785282582
2026-07-29T00:02:43Z,1140,20,4,2,1,0,1,1,1,1785283164
2026-07-29T00:02:43Z,1141,0,0,21,0,0,1,1,1,1785283268
2026-07-29T00:02:43Z,1142,13,1,8,0,0,1,1,1,1785282756
2026-07-29T00:02:43Z,1143,25,0,1,3,0,1,1,1,1785282879
2026-07-29T00:02:43Z,1144,15,2,5,1,0,1,1,1,1785282968
2026-07-29T00:02:43Z,1145,9,5,11,1,0,1,1,1,1785282413
2026-07-29T00:02:43Z,1146,17,0,1,1,0,1,1,1,1785282591
2026-07-29T00:02:43Z,1147,8,0,11,0,0,1,1,1,1785282078
2026-07-29T00:02:43Z,1148,17,2,14,0,0,1,1,1,1785282228
2026-07-29T00:02:43Z,1149,3,3,22,0,0,1,1,1,1785283344
2026-07-29T00:02:43Z,1150,13,0,6,0,0,1,1,1,1785282925
2026-07-29T00:02:43Z,1151,3,1,18,0,0,1,1,1,1785282762
2026-07-29T00:02:43Z,1152,6,1,22,1,0,1,1,1,1785281595
2026-07-29T00:02:43Z,1153,15,2,6,2,0,1,1,1,1785283203
2026-07-29T00:02:43Z,1154,14,3,5,0,0,1,1,1,1785282243
2026-07-29T00:02:43Z,1155,15,1,4,2,0,1,1,1,1785283042
2026-07-29T00:02:43Z,1158,2,0,17,0,0,1,1,1,1785282104
2026-07-29T00:02:43Z,1159,12,1,7,0,0,1,1,1,1785282416
2026-07-29T00:02:43Z,1160,15,1,4,0,0,1,1,1,1785282753
2026-07-29T00:02:43Z,1161,5,1,13,1,0,1,1,1,1785282524
2026-07-29T00:02:43Z,1162,3,0,16,0,0,1,1,1,1785282746
2026-07-29T00:02:43Z,1163,2,1,16,1,0,1,1,1,1785282210
2026-07-29T00:02:43Z,1164,9,1,10,0,0,1,1,1,1785282278
2026-07-29T00:02:43Z,1165,8,1,12,1,0,1,1,1,1785282908
2026-07-29T00:02:43Z,1166,5,2,15,1,0,1,1,1,1785282341
2026-07-29T00:02:43Z,1167,3,0,12,0,0,1,1,1,1785282180
2026-07-29T00:02:43Z,1168,2,0,21,0,0,1,1,1,1785282273
2026-07-29T00:02:43Z,1169,4,2,14,1,0,1,1,1,1785282906
2026-07-29T00:02:43Z,1170,8,4,12,1,0,1,1,1,1785283272
2026-07-29T00:02:43Z,1171,12,9,10,1,0,1,1,1,1785281818
2026-07-29T00:02:43Z,1172,7,2,6,2,0,1,1,1,1785282428
2026-07-29T00:02:43Z,1173,10,3,9,0,0,1,1,1,1785282308
2026-07-29T00:02:43Z,1174,4,2,10,1,0,1,1,1,1785282207
2026-07-29T00:02:43Z,1175,1,0,18,0,0,1,1,1,1785276365
2026-07-29T00:02:43Z,1176,14,0,7,0,0,1,1,1,1785283249
2026-07-29T00:02:43Z,1177,4,4,17,0,0,1,1,1,1785283171
2026-07-29T00:02:43Z,1178,1,0,14,0,0,1,1,1,1785282411
2026-07-29T00:02:43Z,1181,12,0,3,0,0,1,1,1,1785282843
2026-07-29T00:02:43Z,1182,1,0,19,0,0,1,1,1,1785282533
2026-07-29T00:02:43Z,1183,4,2,40,1,0,1,1,1,1785283299
2026-07-29T00:02:43Z,1184,9,2,12,0,0,1,1,1,1785283334
2026-07-29T00:02:43Z,1185,8,4,13,0,0,1,1,1,1785268003
2026-07-29T00:02:43Z,1186,10,5,9,0,0,1,1,1,1785282574
2026-07-29T00:02:43Z,1187,10,5,10,1,0,1,1,1,1785281712
2026-07-29T00:02:43Z,1188,9,3,6,0,0,1,1,1,1785282473
2026-07-29T00:02:43Z,1189,10,5,9,0,0,1,1,1,1785282340
2026-07-29T00:02:43Z,1190,10,5,11,0,0,1,1,1,1785281621
2026-07-29T00:02:43Z,1191,10,5,5,0,0,1,1,1,1785282453
2026-07-29T00:02:43Z,1192,9,6,12,0,0,1,1,1,1785281986
2026-07-29T00:02:43Z,1193,7,4,4,2,0,1,1,1,1785283338
2026-07-29T00:02:43Z,1197,9,7,7,1,0,1,1,1,1785283299
2026-07-29T00:02:43Z,1198,10,0,6,5,0,1,1,1,1785282486
2026-07-29T00:02:43Z,1199,2,0,17,0,0,1,1,1,1785282695
2026-07-29T00:02:43Z,1200,11,5,4,0,0,1,1,1,1785282502
2026-07-29T00:02:43Z,1201,8,4,7,0,0,1,1,1,1785282486
2026-07-29T00:02:43Z,1202,10,5,5,0,0,1,1,1,1785282557
2026-07-29T00:02:43Z,1203,9,4,6,0,0,1,1,1,1785282471
2026-07-29T00:02:43Z,1204,8,4,11,0,0,1,1,1,1785282023
2026-07-29T00:02:43Z,1206,10,5,11,0,0,1,1,1,1785282939
2026-07-29T00:02:43Z,1207,9,4,5,1,0,1,1,1,1785282791
2026-07-29T00:02:43Z,1208,11,6,8,0,0,1,1,1,1785282487
2026-07-29T00:02:43Z,1216,7,0,13,1,0,1,1,1,1785283238
2026-07-29T00:02:43Z,1218,1,0,20,0,0,1,1,1,1785281813
2026-07-29T00:02:43Z,1219,10,5,4,1,0,1,1,1,1785281762
2026-07-29T00:02:43Z,1220,17,8,1,1,0,1,1,1,1785283135
2026-07-29T00:02:43Z,1221,3,3,18,0,0,1,1,1,1785282923
2026-07-29T00:02:43Z,1222,17,0,11,1,0,1,1,1,1785281625
2026-07-29T00:02:43Z,1223,11,2,18,0,0,1,1,1,1785281991
2026-07-29T00:02:43Z,1226,0,0,3,0,0,0,1,1,1781868931
2026-07-29T00:02:43Z,1227,9,1,16,0,0,1,1,1,1785282436
2026-07-29T00:02:43Z,1228,1,1,28,0,0,1,1,1,1785283202
2026-07-29T00:02:43Z,1229,14,1,31,0,0,1,1,1,1785283116
2026-07-29T00:02:43Z,1230,0,0,3,0,0,0,1,1,1784903368
2026-07-29T00:02:43Z,1231,0,0,3,0,0,0,1,1,1784903330
2026-07-29T00:02:43Z,1232,0,0,3,0,0,0,1,1,1784902406
2026-07-29T00:02:43Z,1233,0,0,3,0,0,0,1,1,1784903104
2026-07-29T00:02:43Z,1234,0,0,3,0,0,0,1,1,1784902919
2026-07-29T00:07:43Z,1,8,0,14,1,0,1,1,1,1785283176
2026-07-29T00:07:43Z,2,2,1,23,2,0,1,1,1,1785282551
2026-07-29T00:07:43Z,3,10,0,1,3,0,1,1,1,1785283384
2026-07-29T00:07:43Z,4,3,2,18,1,0,1,1,1,1785280075
2026-07-29T00:07:43Z,5,0,0,23,0,0,1,1,1,1785275992
2026-07-29T00:07:43Z,6,8,0,7,0,0,1,1,1,1785282977
2026-07-29T00:07:43Z,7,14,0,25,0,0,1,1,1,1785281622
2026-07-29T00:07:43Z,8,8,2,34,1,0,1,1,1,1785283006
2026-07-29T00:07:43Z,9,5,0,18,0,0,1,1,1,1785281365
2026-07-29T00:07:43Z,10,5,1,17,1,0,1,1,1,1785282467
2026-07-29T00:07:43Z,11,13,3,5,1,0,1,1,1,1785282090
2026-07-29T00:07:43Z,12,19,0,3,1,0,1,1,1,1785283316
2026-07-29T00:07:43Z,13,13,0,17,0,0,1,1,1,1785281216
2026-07-29T00:07:43Z,14,18,0,24,0,1,1,1,1,1785280309
2026-07-29T00:07:43Z,15,4,1,11,0,0,1,1,1,1785280302
2026-07-29T00:07:43Z,16,15,2,10,2,0,1,1,1,1785278874
2026-07-29T00:07:43Z,17,3,0,23,1,0,1,1,1,1785282919
2026-07-29T00:07:43Z,18,14,0,2,2,0,1,1,1,1785282920
2026-07-29T00:07:43Z,19,16,0,11,0,0,1,1,1,1785283595
2026-07-29T00:07:43Z,20,9,1,25,1,0,1,1,1,1785282286
2026-07-29T00:07:43Z,21,13,0,6,0,0,1,1,1,1785283386
2026-07-29T00:07:43Z,22,31,0,33,1,0,1,1,1,1785277433
2026-07-29T00:07:43Z,23,4,0,27,0,0,1,1,1,1785282534
2026-07-29T00:07:43Z,24,2,0,7,2,0,1,1,1,1785283656
2026-07-29T00:07:43Z,25,10,0,69,1,1,1,1,1,1785283636
2026-07-29T00:07:43Z,26,1,0,26,0,0,1,1,1,1785282426
2026-07-29T00:07:43Z,28,12,2,3,0,0,1,1,1,1785281878
2026-07-29T00:07:43Z,30,16,0,11,2,0,1,1,1,1785283111
2026-07-29T00:07:43Z,31,6,0,12,1,0,1,1,1,1785283429
2026-07-29T00:07:43Z,32,20,0,7,0,0,1,1,1,1785282981
2026-07-29T00:07:43Z,34,16,0,21,0,0,1,1,1,1785283319
2026-07-29T00:07:43Z,35,20,1,27,0,0,1,1,1,1785283414
2026-07-29T00:07:43Z,36,0,0,0,0,0,0,1,1,86400
2026-07-29T00:07:43Z,37,5,1,18,0,0,1,1,1,1785282697
2026-07-29T00:07:43Z,38,1,0,22,0,0,1,1,1,1785276199
2026-07-29T00:07:43Z,39,36,2,2,1,0,1,1,1,1785277440
2026-07-29T00:07:43Z,40,1,0,19,1,0,1,1,1,1785282862
2026-07-29T00:07:43Z,41,37,0,4,2,0,1,1,1,1785281712
2026-07-29T00:07:43Z,42,29,5,1,1,0,1,1,1,1785283583
2026-07-29T00:07:43Z,43,23,4,0,0,0,1,1,1,1785282013
2026-07-29T00:07:43Z,45,4,0,25,0,0,1,1,1,1785276861
2026-07-29T00:07:43Z,46,10,4,19,2,0,1,1,1,1785283232
2026-07-29T00:07:43Z,47,7,3,7,1,0,1,1,1,1785281873
2026-07-29T00:07:43Z,48,18,0,9,0,0,1,1,1,1785281427
2026-07-29T00:07:43Z,49,1,0,18,4,0,1,1,1,1785283656
2026-07-29T00:07:43Z,50,4,1,13,2,0,1,1,1,1785282074
2026-07-29T00:07:43Z,51,30,0,46,1,0,1,1,1,1785281428
2026-07-29T00:07:43Z,52,12,0,12,3,0,1,1,1,1785283567
2026-07-29T00:07:43Z,55,0,0,23,0,0,1,1,1,1785282165
2026-07-29T00:07:43Z,56,1,0,42,0,0,1,1,1,1785282919
2026-07-29T00:07:43Z,57,8,0,18,1,0,1,1,1,1785282572
2026-07-29T00:07:43Z,58,6,2,22,0,0,1,1,1,1785281523
2026-07-29T00:07:43Z,59,1,0,25,1,0,1,1,1,1785283494
2026-07-29T00:07:43Z,61,18,0,21,0,0,1,1,1,1785282699
2026-07-29T00:07:43Z,62,10,7,39,0,0,1,1,1,1785283234
2026-07-29T00:07:43Z,63,8,2,11,0,0,1,1,1,1785278246
2026-07-29T00:07:43Z,64,12,0,7,0,0,1,1,1,1785275024
2026-07-29T00:07:43Z,65,9,3,7,3,0,1,1,1,1785277861
2026-07-29T00:07:43Z,67,4,3,35,0,0,1,1,1,1785283371
2026-07-29T00:07:43Z,68,8,1,29,0,0,1,1,1,1785282353
2026-07-29T00:07:43Z,69,15,1,0,0,0,1,1,1,1785280943
2026-07-29T00:07:43Z,71,1,0,24,2,0,1,1,1,1785283231
2026-07-29T00:07:43Z,72,19,4,10,1,0,1,1,1,1785283046
2026-07-29T00:07:43Z,73,5,0,26,0,0,1,1,1,1785282647
2026-07-29T00:07:43Z,74,4,1,15,0,0,1,1,1,1785281755
2026-07-29T00:07:43Z,75,10,0,21,1,0,1,1,1,1785280946
2026-07-29T00:07:43Z,76,4,0,15,0,0,1,1,1,1785278116
2026-07-29T00:07:43Z,77,25,1,1,1,0,1,1,1,1785281988
2026-07-29T00:07:43Z,78,3,2,20,0,0,1,1,1,1785282579
2026-07-29T00:07:43Z,79,0,0,16,1,0,1,1,1,1785283497
2026-07-29T00:07:43Z,80,11,0,10,2,0,1,1,1,1785283412
2026-07-29T00:07:43Z,81,9,1,21,1,0,1,1,1,1785282628
2026-07-29T00:07:43Z,82,2,2,20,1,0,1,1,1,1785283390
2026-07-29T00:07:43Z,83,18,7,14,2,0,1,1,1,1785283658
2026-07-29T00:07:43Z,84,27,6,0,0,0,1,1,1,1785283419
2026-07-29T00:07:43Z,85,6,2,9,0,0,1,1,1,1785283554
2026-07-29T00:07:43Z,86,24,1,3,0,0,1,1,1,1785282959
2026-07-29T00:07:43Z,87,10,0,9,0,0,1,1,1,1785277619
2026-07-29T00:07:43Z,88,34,1,8,1,0,1,1,1,1785283121
2026-07-29T00:07:43Z,89,8,6,27,0,0,1,1,1,1785277461
2026-07-29T00:07:43Z,90,15,0,2,1,0,1,1,1,1785282889
2026-07-29T00:07:43Z,91,11,0,6,0,0,1,1,1,1785278664
2026-07-29T00:07:43Z,92,3,0,14,2,0,1,1,1,1785283582
2026-07-29T00:07:43Z,93,18,1,5,0,0,1,1,1,1785283325
2026-07-29T00:07:43Z,94,0,0,18,1,0,1,1,1,1785275121
2026-07-29T00:07:43Z,95,20,1,13,1,1,1,1,1,1785282673
2026-07-29T00:07:43Z,96,28,4,2,1,0,1,1,1,1785281987
2026-07-29T00:07:43Z,97,4,0,12,1,0,1,1,1,1785283614
2026-07-29T00:07:43Z,98,19,0,16,0,0,1,1,1,1785283463
2026-07-29T00:07:43Z,99,4,1,11,0,0,1,1,1,1785278853
2026-07-29T00:07:43Z,100,15,1,12,0,0,1,1,1,1785283412
2026-07-29T00:07:43Z,101,12,2,2,1,0,1,1,1,1785282837
2026-07-29T00:07:43Z,102,9,0,14,0,0,1,1,1,1785282772
2026-07-29T00:07:43Z,103,9,4,15,4,0,1,1,1,1785283537
2026-07-29T00:07:43Z,104,0,0,25,2,0,1,1,1,1785283425
2026-07-29T00:07:43Z,105,12,2,6,1,0,1,1,1,1785278256
2026-07-29T00:07:43Z,106,4,1,17,0,0,1,1,1,1785281291
2026-07-29T00:07:43Z,107,15,0,22,0,0,1,1,1,1785283543
2026-07-29T00:07:43Z,108,29,4,4,2,0,1,1,1,1785283622
2026-07-29T00:07:43Z,109,9,0,14,0,0,1,1,1,1785282934
2026-07-29T00:07:43Z,110,22,0,1,0,0,1,1,1,1785278269
2026-07-29T00:07:43Z,111,10,4,25,1,0,1,1,1,1785283264
2026-07-29T00:07:43Z,112,13,0,1,1,0,1,1,1,1785277798
2026-07-29T00:07:43Z,113,17,1,0,2,0,1,1,1,1785283593
2026-07-29T00:07:43Z,114,7,3,18,6,0,1,1,1,1785283657
2026-07-29T00:07:43Z,115,10,1,12,7,0,1,1,1,1785282995
2026-07-29T00:07:43Z,116,18,13,9,0,0,1,1,1,1785283449
2026-07-29T00:07:43Z,118,14,4,6,3,0,1,1,1,1785283399
2026-07-29T00:07:43Z,119,12,1,24,2,0,1,1,1,1785283583
2026-07-29T00:07:43Z,120,4,1,22,1,0,1,1,1,1785280598
2026-07-29T00:07:43Z,121,1,0,16,1,1,1,1,1,1785283658
2026-07-29T00:07:43Z,122,15,1,6,0,0,1,1,1,1785283465
2026-07-29T00:07:43Z,123,11,11,35,1,0,1,1,1,1785282610
2026-07-29T00:07:43Z,124,17,2,18,0,0,1,1,1,1785283542
2026-07-29T00:07:43Z,125,5,4,18,0,0,1,1,1,1785281270
2026-07-29T00:07:43Z,126,25,3,6,0,0,1,1,1,1785283334
2026-07-29T00:07:43Z,127,33,4,0,2,0,1,1,1,1785283461
2026-07-29T00:07:43Z,128,12,3,7,0,0,1,1,1,1785283017
2026-07-29T00:07:43Z,129,18,4,0,1,0,1,1,1,1785277737
2026-07-29T00:07:43Z,130,14,1,3,0,0,1,1,1,1785283254
2026-07-29T00:07:43Z,131,3,3,8,0,0,1,1,1,1785279003
2026-07-29T00:07:43Z,132,7,2,7,0,1,1,1,1,1785283450
2026-07-29T00:07:43Z,134,16,6,5,2,0,1,1,1,1785283381
2026-07-29T00:07:43Z,135,3,0,16,0,0,1,1,1,1785282141
2026-07-29T00:07:43Z,136,11,1,12,0,0,1,1,1,1785279335
2026-07-29T00:07:43Z,137,2,0,17,0,0,1,1,1,1785283524
2026-07-29T00:07:43Z,138,14,0,22,1,0,1,1,1,1785283585
2026-07-29T00:07:43Z,139,15,3,4,0,0,1,1,1,1785282997
2026-07-29T00:07:43Z,140,21,5,1,1,0,1,1,1,1785283658
2026-07-29T00:07:43Z,141,31,1,4,3,0,1,1,1,1785283361
2026-07-29T00:07:43Z,142,21,0,1,1,0,1,1,1,1785283455
2026-07-29T00:07:43Z,143,29,3,1,1,0,1,1,1,1785283500
2026-07-29T00:07:43Z,144,27,0,0,0,0,1,1,1,1785282076
2026-07-29T00:07:43Z,145,19,1,10,0,0,1,1,1,1785281599
2026-07-29T00:07:43Z,146,7,0,15,1,0,1,1,1,1785281362
2026-07-29T00:07:43Z,147,6,0,10,3,0,1,1,1,1785283535
2026-07-29T00:07:43Z,148,15,5,6,5,0,1,1,1,1785283625
2026-07-29T00:07:43Z,149,21,1,6,0,0,1,1,1,1785281269
2026-07-29T00:07:43Z,150,32,3,1,2,0,1,1,1,1785283515
2026-07-29T00:07:43Z,151,22,0,1,0,0,1,1,1,1785281942
2026-07-29T00:07:43Z,152,24,4,1,2,0,1,1,1,1785283645
2026-07-29T00:07:43Z,153,30,4,0,1,0,1,1,1,1785283624
2026-07-29T00:07:43Z,154,14,0,6,3,0,1,1,1,1785283451
2026-07-29T00:07:43Z,155,3,0,10,1,0,1,1,1,1785283384
2026-07-29T00:07:43Z,156,12,0,7,0,0,1,1,1,1785283181
2026-07-29T00:07:43Z,157,24,4,1,2,0,1,1,1,1785283356
2026-07-29T00:07:43Z,158,15,2,1,0,0,1,1,1,1785283008
2026-07-29T00:07:43Z,159,9,2,10,0,0,1,1,1,1785283474
2026-07-29T00:07:43Z,160,12,3,7,0,0,1,1,1,1785283515
2026-07-29T00:07:43Z,161,9,0,13,1,0,1,1,1,1785283546
2026-07-29T00:07:43Z,162,24,7,2,1,0,1,1,1,1785282257
2026-07-29T00:07:43Z,163,30,5,0,0,1,1,1,1,1785283427
2026-07-29T00:07:43Z,164,26,4,1,0,0,1,1,1,1785283612
2026-07-29T00:07:43Z,165,29,12,2,0,0,1,1,1,1785283387
2026-07-29T00:07:43Z,166,30,5,6,3,0,1,1,1,1785283656
2026-07-29T00:07:43Z,167,19,10,3,1,0,1,1,1,1785282542
2026-07-29T00:07:43Z,168,0,0,26,1,0,1,1,1,1785283547
2026-07-29T00:07:43Z,169,22,1,0,0,1,1,1,1,1785283283
2026-07-29T00:07:43Z,170,2,2,16,1,0,1,1,1,1785279283
2026-07-29T00:07:43Z,171,9,2,2,2,0,1,1,1,1785283640
2026-07-29T00:07:43Z,173,26,2,13,0,0,1,1,1,1785283069
2026-07-29T00:07:43Z,174,20,2,6,0,0,1,1,1,1785282201
2026-07-29T00:07:43Z,175,29,2,2,0,0,1,1,1,1785283123
2026-07-29T00:07:43Z,176,14,0,0,0,1,1,1,1,1785282892
2026-07-29T00:07:43Z,177,26,0,1,0,0,1,1,1,1785282399
2026-07-29T00:07:43Z,178,11,1,2,1,1,1,1,1,1785283621
2026-07-29T00:07:43Z,179,13,0,0,2,0,1,1,1,1785283429
2026-07-29T00:07:43Z,180,7,0,23,0,0,1,1,1,1785283430
2026-07-29T00:07:43Z,181,5,1,8,2,0,1,1,1,1785283107
2026-07-29T00:07:43Z,182,8,4,9,0,0,1,1,1,1785282747
2026-07-29T00:07:43Z,183,13,2,10,0,0,1,1,1,1785283587
2026-07-29T00:07:43Z,184,1,0,21,1,0,1,1,1,1785280580
2026-07-29T00:07:43Z,185,4,2,8,2,1,1,1,1,1785282988
2026-07-29T00:07:43Z,186,0,0,19,0,0,1,1,1,1785281672
2026-07-29T00:07:43Z,187,1,1,26,1,0,1,1,1,1785280058
2026-07-29T00:07:43Z,188,18,2,0,7,2,1,1,1,1785283416
2026-07-29T00:07:43Z,189,15,7,0,0,0,1,1,1,1785282523
2026-07-29T00:07:43Z,190,1,0,22,0,0,1,1,1,1785279861
2026-07-29T00:07:43Z,191,1,1,37,1,0,1,1,1,1785283381
2026-07-29T00:07:43Z,192,20,8,10,1,0,1,1,1,1785281842
2026-07-29T00:07:43Z,193,13,8,2,0,0,1,1,1,1785283078
2026-07-29T00:07:43Z,194,0,0,27,0,0,1,1,1,1785282587
2026-07-29T00:07:43Z,195,1,1,18,0,0,1,1,1,1785281107
2026-07-29T00:07:43Z,196,17,9,10,0,0,1,1,1,1785283506
2026-07-29T00:07:43Z,197,14,0,3,1,1,1,1,1,1785283637
2026-07-29T00:07:43Z,198,9,3,13,1,0,1,1,1,1785283353
2026-07-29T00:07:43Z,199,12,8,2,1,0,1,1,1,1785282775
2026-07-29T00:07:43Z,200,6,6,20,0,0,1,1,1,1785283253
2026-07-29T00:07:43Z,201,9,7,14,0,0,1,1,1,1785283204
2026-07-29T00:07:43Z,202,0,0,27,0,0,1,1,1,1785277454
2026-07-29T00:07:43Z,203,23,3,7,1,0,1,1,1,1785282847
2026-07-29T00:07:43Z,204,29,3,4,2,0,1,1,1,1785281864
2026-07-29T00:07:43Z,205,11,2,16,0,0,1,1,1,1785283028
2026-07-29T00:07:43Z,206,7,5,7,1,0,1,1,1,1785281972
2026-07-29T00:07:43Z,207,7,1,14,0,0,1,1,1,1785282177
2026-07-29T00:07:43Z,208,1,1,27,1,0,1,1,1,1785283582
2026-07-29T00:07:43Z,209,27,1,2,1,1,1,1,1,1785283643
2026-07-29T00:07:43Z,210,10,8,17,0,0,1,1,1,1785282729
2026-07-29T00:07:43Z,211,12,6,10,1,0,1,1,1,1785279476
2026-07-29T00:07:43Z,212,26,2,8,1,0,1,1,1,1785283388
2026-07-29T00:07:43Z,213,11,0,11,1,0,1,1,1,1785283434
2026-07-29T00:07:43Z,214,6,4,37,4,0,1,1,1,1785283239
2026-07-29T00:07:43Z,215,11,5,12,0,0,1,1,1,1785283326
2026-07-29T00:07:43Z,216,18,3,0,1,0,1,1,1,1785283213
2026-07-29T00:07:43Z,217,24,3,4,1,0,1,1,1,1785283421
2026-07-29T00:07:43Z,218,11,10,25,3,0,1,1,1,1785283654
2026-07-29T00:07:43Z,219,12,1,13,1,0,1,1,1,1785283626
2026-07-29T00:07:43Z,220,24,19,18,0,1,1,1,1,1785283557
2026-07-29T00:07:43Z,221,15,7,0,0,0,1,1,1,1785282332
2026-07-29T00:07:43Z,222,13,2,6,0,0,1,1,1,1785282597
2026-07-29T00:07:43Z,223,1,0,33,1,0,1,1,1,1785283466
2026-07-29T00:07:43Z,224,6,6,16,0,0,1,1,1,1785283216
2026-07-29T00:07:43Z,225,8,3,7,4,0,1,1,1,1785282874
2026-07-29T00:07:43Z,226,17,15,14,0,0,1,1,1,1785283081
2026-07-29T00:07:43Z,227,9,9,15,3,0,1,1,1,1785283096
2026-07-29T00:07:43Z,228,6,5,13,0,0,1,1,1,1785281670
2026-07-29T00:07:43Z,230,26,3,0,0,0,1,1,1,1785283519
2026-07-29T00:07:43Z,232,11,0,5,1,0,1,1,1,1785279736
2026-07-29T00:07:43Z,233,30,4,0,1,0,1,1,1,1785281404
2026-07-29T00:07:43Z,234,4,0,9,4,2,1,1,1,1785283631
2026-07-29T00:07:43Z,236,2,1,16,1,0,1,1,1,1785275886
2026-07-29T00:07:43Z,237,21,0,1,1,0,1,1,1,1785282814
2026-07-29T00:07:43Z,239,6,4,21,0,0,1,1,1,1785283458
2026-07-29T00:07:43Z,241,19,7,3,1,0,1,1,1,1785282247
2026-07-29T00:07:43Z,242,17,9,3,3,0,1,1,1,1785283394
2026-07-29T00:07:43Z,243,25,5,0,6,0,1,1,1,1785282472
2026-07-29T00:07:43Z,244,22,5,4,1,0,1,1,1,1785283140
2026-07-29T00:07:43Z,245,18,9,5,0,0,1,1,1,1785283232
2026-07-29T00:07:43Z,246,3,0,20,0,0,1,1,1,1785280632
2026-07-29T00:07:43Z,247,20,8,2,1,0,1,1,1,1785282251
2026-07-29T00:07:43Z,248,15,3,6,2,0,1,1,1,1785282438
2026-07-29T00:07:43Z,249,12,5,6,1,0,1,1,1,1785283568
2026-07-29T00:07:43Z,250,23,3,1,3,0,1,1,1,1785283594
2026-07-29T00:07:43Z,251,23,3,0,4,0,1,1,1,1785282030
2026-07-29T00:07:43Z,253,5,3,11,1,2,1,1,1,1785283404
2026-07-29T00:07:43Z,254,35,5,8,0,0,1,1,1,1785283466
2026-07-29T00:07:43Z,255,2,0,20,0,1,1,1,1,1785283611
2026-07-29T00:07:43Z,256,10,3,12,1,0,1,1,1,1785282717
2026-07-29T00:07:43Z,257,11,2,8,0,0,1,1,1,1785283207
2026-07-29T00:07:43Z,258,13,7,4,2,0,1,1,1,1785282477
2026-07-29T00:07:43Z,259,9,3,12,1,1,1,1,1,1785283211
2026-07-29T00:07:43Z,260,16,6,1,2,0,1,1,1,1785282140
2026-07-29T00:07:43Z,261,9,2,9,0,1,1,1,1,1785281480
2026-07-29T00:07:43Z,262,21,11,1,1,0,1,1,1,1785283564
2026-07-29T00:07:43Z,263,12,4,3,0,0,1,1,1,1785283369
2026-07-29T00:07:43Z,264,16,6,2,1,0,1,1,1,1785282530
2026-07-29T00:07:43Z,265,3,1,11,1,0,1,1,1,1785282993
2026-07-29T00:07:43Z,266,10,7,6,3,0,1,1,1,1785283128
2026-07-29T00:07:43Z,267,3,2,11,1,0,1,1,1,1785283521
2026-07-29T00:07:43Z,268,18,4,4,1,0,1,1,1,1785281627
2026-07-29T00:07:43Z,269,7,0,15,1,0,1,1,1,1785282294
2026-07-29T00:07:43Z,270,10,1,16,1,0,1,1,1,1785281332
2026-07-29T00:07:43Z,271,11,0,6,2,0,1,1,1,1785280907
2026-07-29T00:07:43Z,272,18,3,5,0,0,1,1,1,1785283622
2026-07-29T00:07:43Z,273,13,5,1,1,0,1,1,1,1785281246
2026-07-29T00:07:43Z,274,8,3,9,2,0,1,1,1,1785282913
2026-07-29T00:07:43Z,275,21,1,1,1,0,1,1,1,1785280433
2026-07-29T00:07:43Z,276,19,0,8,0,0,1,1,1,1785282359
2026-07-29T00:07:43Z,277,8,8,11,4,0,1,1,1,1785281783
2026-07-29T00:07:43Z,278,18,10,11,1,1,1,1,1,1785280741
2026-07-29T00:07:43Z,279,3,2,15,1,0,1,1,1,1785283547
2026-07-29T00:07:43Z,280,3,2,26,2,0,1,1,1,1785283532
2026-07-29T00:07:43Z,281,8,1,11,0,0,1,1,1,1785280643
2026-07-29T00:07:43Z,282,12,2,6,1,0,1,1,1,1785283632
2026-07-29T00:07:43Z,283,35,2,0,0,0,1,1,1,1785281664
2026-07-29T00:07:43Z,284,26,9,8,1,0,1,1,1,1785283205
2026-07-29T00:07:43Z,285,10,7,13,0,0,1,1,1,1785281685
2026-07-29T00:07:43Z,286,11,11,10,2,0,1,1,1,1785283213
2026-07-29T00:07:43Z,287,8,1,12,3,0,1,1,1,1785279065
2026-07-29T00:07:43Z,288,8,6,11,0,0,1,1,1,1785282878
2026-07-29T00:07:43Z,289,6,2,21,0,0,1,1,1,1785278819
2026-07-29T00:07:43Z,290,9,1,29,1,0,1,1,1,1785283334
2026-07-29T00:07:43Z,291,18,0,4,1,0,1,1,1,1785283155
2026-07-29T00:07:43Z,292,13,4,10,0,0,1,1,1,1785283594
2026-07-29T00:07:43Z,293,21,3,0,2,0,1,1,1,1785283412
2026-07-29T00:07:43Z,294,3,3,18,1,0,1,1,1,1785283375
2026-07-29T00:07:43Z,297,11,1,6,1,1,1,1,1,1785283577
2026-07-29T00:07:43Z,301,16,0,2,1,0,1,1,1,1785283632
2026-07-29T00:07:43Z,302,2,2,21,0,0,1,1,1,1785282511
2026-07-29T00:07:43Z,303,3,0,16,0,0,1,1,1,1785279501
2026-07-29T00:07:43Z,304,0,0,0,0,0,0,1,1,86400
2026-07-29T00:07:43Z,305,4,0,15,0,0,1,1,1,1785282002
2026-07-29T00:07:43Z,306,3,0,28,1,0,1,1,1,1785281340
2026-07-29T00:07:43Z,307,18,2,5,0,0,1,1,1,1785283107
2026-07-29T00:07:43Z,308,3,0,14,2,0,1,1,1,1785283444
2026-07-29T00:07:43Z,309,11,4,3,0,0,1,1,1,1785282576
2026-07-29T00:07:43Z,311,2,1,12,1,0,1,1,1,1785281996
2026-07-29T00:07:43Z,312,9,9,11,2,1,1,1,1,1785283623
2026-07-29T00:07:43Z,313,7,3,8,0,0,1,1,1,1785281132
2026-07-29T00:07:43Z,314,5,4,12,1,0,1,1,1,1785279718
2026-07-29T00:07:43Z,315,29,5,0,2,0,1,1,1,1785282528
2026-07-29T00:07:43Z,316,22,2,2,6,1,1,1,1,1785283346
2026-07-29T00:07:43Z,317,9,6,19,3,0,1,1,1,1785282065
2026-07-29T00:07:43Z,318,12,4,7,0,0,1,1,1,1785282997
2026-07-29T00:07:43Z,319,8,2,15,0,0,1,1,1,1785283656
2026-07-29T00:07:43Z,320,18,1,0,1,0,1,1,1,1785283625
2026-07-29T00:07:43Z,321,4,1,13,2,0,1,1,1,1785274503
2026-07-29T00:07:43Z,322,17,1,12,0,0,1,1,1,1785283266
2026-07-29T00:07:43Z,323,9,0,10,0,0,1,1,1,1785281588
2026-07-29T00:07:43Z,324,0,0,24,3,0,1,1,1,1785283647
2026-07-29T00:07:43Z,325,1,0,24,2,0,1,1,1,1785281985
2026-07-29T00:07:43Z,327,26,3,1,0,0,1,1,1,1785283497
2026-07-29T00:07:43Z,328,23,0,0,0,0,1,1,1,1785282899
2026-07-29T00:07:43Z,329,15,0,3,1,0,1,1,1,1785276885
2026-07-29T00:07:43Z,330,7,1,15,0,0,1,1,1,1785283629
2026-07-29T00:07:43Z,331,3,0,19,2,0,1,1,1,1785283489
2026-07-29T00:07:43Z,332,7,0,11,1,0,1,1,1,1785283003
2026-07-29T00:07:43Z,333,12,8,10,1,0,1,1,1,1785283377
2026-07-29T00:07:43Z,334,11,1,11,1,0,1,1,1,1785283630
2026-07-29T00:07:43Z,335,18,2,3,1,1,1,1,1,1785282975
2026-07-29T00:07:43Z,336,9,2,10,0,0,1,1,1,1785283414
2026-07-29T00:07:43Z,337,11,1,9,3,0,1,1,1,1785283388
2026-07-29T00:07:43Z,338,16,5,3,0,0,1,1,1,1785283012
2026-07-29T00:07:43Z,339,7,2,14,2,0,1,1,1,1785283588
2026-07-29T00:07:43Z,340,10,5,4,1,0,1,1,1,1785282670
2026-07-29T00:07:43Z,341,11,2,7,1,0,1,1,1,1785283023
2026-07-29T00:07:43Z,342,7,1,8,0,0,1,1,1,1785283273
2026-07-29T00:07:43Z,343,12,1,9,2,0,1,1,1,1785281492
2026-07-29T00:07:43Z,344,13,1,10,0,0,1,1,1,1785283275
2026-07-29T00:07:43Z,345,7,0,11,1,0,1,1,1,1785281098
2026-07-29T00:07:43Z,346,7,4,16,0,0,1,1,1,1785277413
2026-07-29T00:07:43Z,347,7,1,35,2,0,1,1,1,1785283657
2026-07-29T00:07:43Z,348,17,2,5,0,1,1,1,1,1785283383
2026-07-29T00:07:43Z,349,5,4,13,1,0,1,1,1,1785283505
2026-07-29T00:07:43Z,350,14,2,11,1,1,1,1,1,1785281168
2026-07-29T00:07:43Z,351,1,1,20,2,0,1,1,1,1785283639
2026-07-29T00:07:43Z,355,22,1,0,1,0,1,1,1,1785281868
2026-07-29T00:07:43Z,356,4,0,14,1,0,1,1,1,1785281950
2026-07-29T00:07:43Z,357,19,5,0,0,0,1,1,1,1785283495
2026-07-29T00:07:43Z,358,26,4,0,1,0,1,1,1,1785278774
2026-07-29T00:07:43Z,359,9,1,18,0,0,1,1,1,1785283449
2026-07-29T00:07:43Z,360,10,4,8,1,0,1,1,1,1785276632
2026-07-29T00:07:43Z,362,10,3,8,1,0,1,1,1,1785283156
2026-07-29T00:07:43Z,363,16,1,11,0,0,1,1,1,1785283538
2026-07-29T00:07:43Z,364,14,2,5,0,0,1,1,1,1785281917
2026-07-29T00:07:43Z,365,8,1,13,2,0,1,1,1,1785282223
2026-07-29T00:07:43Z,366,12,3,6,5,0,1,1,1,1785283536
2026-07-29T00:07:43Z,367,7,3,10,2,0,1,1,1,1785282907
2026-07-29T00:07:43Z,368,18,2,4,1,0,1,1,1,1785283209
2026-07-29T00:07:43Z,370,14,12,12,1,0,1,1,1,1785281844
2026-07-29T00:07:43Z,371,2,1,16,1,0,1,1,1,1785280198
2026-07-29T00:07:43Z,372,12,2,3,0,0,1,1,1,1785282745
2026-07-29T00:07:43Z,373,19,6,3,3,1,1,1,1,1785283211
2026-07-29T00:07:43Z,374,12,5,5,2,0,1,1,1,1785283357
2026-07-29T00:07:43Z,375,24,4,0,3,0,1,1,1,1785276760
2026-07-29T00:07:43Z,376,28,2,6,5,0,1,1,1,1785282385
2026-07-29T00:07:43Z,377,12,3,15,0,0,1,1,1,1785283051
2026-07-29T00:07:43Z,378,7,3,15,1,1,1,1,1,1785283608
2026-07-29T00:07:43Z,379,5,1,21,1,0,1,1,1,1785281033
2026-07-29T00:07:43Z,380,16,0,6,1,0,1,1,1,1785281151
2026-07-29T00:07:43Z,381,1,1,22,0,0,1,1,1,1785282648
2026-07-29T00:07:43Z,383,12,0,1,2,0,1,1,1,1785283653
2026-07-29T00:07:43Z,384,11,1,15,1,0,1,1,1,1785282019
2026-07-29T00:07:43Z,385,13,1,4,1,0,1,1,1,1785283253
2026-07-29T00:07:43Z,387,10,1,13,0,0,1,1,1,1785282035
2026-07-29T00:07:43Z,388,23,3,25,1,0,1,1,1,1785283426
2026-07-29T00:07:43Z,389,3,1,12,0,0,1,1,1,1785283142
2026-07-29T00:07:43Z,390,25,1,10,0,0,1,1,1,1785283420
2026-07-29T00:07:43Z,391,10,7,5,0,0,1,1,1,1785277473
2026-07-29T00:07:43Z,392,4,4,12,3,0,1,1,1,1785283567
2026-07-29T00:07:43Z,393,0,0,10,1,0,1,1,1,1785276486
2026-07-29T00:07:43Z,394,7,2,5,1,0,1,1,1,1785282803
2026-07-29T00:07:43Z,396,6,3,35,1,0,1,1,1,1785281932
2026-07-29T00:07:43Z,397,23,6,8,0,0,1,1,1,1785283177
2026-07-29T00:07:43Z,399,9,1,7,1,0,1,1,1,1785283499
2026-07-29T00:07:43Z,400,10,7,11,2,0,1,1,1,1785281944
2026-07-29T00:07:43Z,401,10,6,21,8,0,1,1,1,1785281041
2026-07-29T00:07:43Z,403,16,2,13,2,0,1,1,1,1785283489
2026-07-29T00:07:43Z,404,1,0,22,0,0,1,1,1,1785283572
2026-07-29T00:07:43Z,406,32,0,2,1,0,1,1,1,1785282940
2026-07-29T00:07:43Z,407,15,3,19,0,0,1,1,1,1785277358
2026-07-29T00:07:43Z,408,2,1,30,0,0,1,1,1,1785282768
2026-07-29T00:07:43Z,409,0,0,19,4,0,1,1,1,1785280762
2026-07-29T00:07:43Z,413,5,1,17,1,0,1,1,1,1785282047
2026-07-29T00:07:43Z,414,5,0,10,0,0,1,1,1,1785283524
2026-07-29T00:07:43Z,417,9,4,10,0,0,1,1,1,1785282112
2026-07-29T00:07:43Z,418,9,4,6,0,0,1,1,1,1785283031
2026-07-29T00:07:43Z,419,17,2,6,0,0,1,1,1,1785279236
2026-07-29T00:07:43Z,421,18,3,1,0,0,1,1,1,1785283444
2026-07-29T00:07:43Z,422,13,5,14,0,0,1,1,1,1785283210
2026-07-29T00:07:43Z,423,12,4,11,0,0,1,1,1,1785278090
2026-07-29T00:07:43Z,424,8,5,5,2,0,1,1,1,1785283400
2026-07-29T00:07:43Z,425,9,3,9,4,0,1,1,1,1785283520
2026-07-29T00:07:43Z,426,2,0,33,2,0,1,1,1,1785281696
2026-07-29T00:07:43Z,427,7,0,7,1,0,1,1,1,1785283563
2026-07-29T00:07:43Z,428,9,1,9,1,0,1,1,1,1785280874
2026-07-29T00:07:43Z,429,17,6,0,6,0,1,1,1,1785283084
2026-07-29T00:07:43Z,430,14,4,15,2,0,1,1,1,1785283409
2026-07-29T00:07:43Z,431,11,2,19,3,0,1,1,1,1785283240
2026-07-29T00:07:43Z,432,16,0,15,0,0,1,1,1,1785282840
2026-07-29T00:07:43Z,433,20,4,0,3,0,1,1,1,1785283559
2026-07-29T00:07:43Z,437,10,4,8,1,0,1,1,1,1785282483
2026-07-29T00:07:43Z,438,3,2,15,1,0,1,1,1,1785283585
2026-07-29T00:07:43Z,439,11,2,4,0,0,1,1,1,1785283605
2026-07-29T00:07:43Z,440,4,1,9,2,0,1,1,1,1785282363
2026-07-29T00:07:43Z,441,6,1,8,1,0,1,1,1,1785281689
2026-07-29T00:07:43Z,442,7,4,12,0,0,1,1,1,1785278527
2026-07-29T00:07:43Z,443,5,2,22,0,0,1,1,1,1785273463
2026-07-29T00:07:43Z,444,3,0,20,0,0,1,1,1,1785279636
2026-07-29T00:07:43Z,445,5,1,17,0,1,1,1,1,1785283645
2026-07-29T00:07:43Z,446,4,0,18,1,0,1,1,1,1785282689
2026-07-29T00:07:43Z,447,1,0,20,1,1,1,1,1,1785272036
2026-07-29T00:07:43Z,448,8,0,7,0,0,1,1,1,1785282409
2026-07-29T00:07:43Z,452,4,4,14,1,0,1,1,1,1785281182
2026-07-29T00:07:43Z,453,6,3,8,1,0,1,1,1,1785283193
2026-07-29T00:07:43Z,454,7,0,12,0,0,1,1,1,1785282710
2026-07-29T00:07:43Z,455,7,4,32,0,0,1,1,1,1785282994
2026-07-29T00:07:43Z,456,17,3,1,2,0,1,1,1,1785283655
2026-07-29T00:07:43Z,457,21,0,4,2,0,1,1,1,1785279620
2026-07-29T00:07:43Z,458,10,2,11,2,0,1,1,1,1785281184
2026-07-29T00:07:43Z,459,5,1,10,0,0,1,1,1,1785281255
2026-07-29T00:07:43Z,460,12,1,10,1,0,1,1,1,1785283002
2026-07-29T00:07:43Z,461,3,0,15,1,0,1,1,1,1785282260
2026-07-29T00:07:43Z,462,5,0,16,0,0,1,1,1,1785281376
2026-07-29T00:07:43Z,463,4,0,15,0,0,1,1,1,1785281472
2026-07-29T00:07:43Z,464,0,0,14,0,0,1,1,1,1785276567
2026-07-29T00:07:43Z,465,8,7,6,1,0,1,1,1,1785281875
2026-07-29T00:07:43Z,466,9,3,4,2,0,1,1,1,1785278069
2026-07-29T00:07:43Z,467,2,0,13,0,0,1,1,1,1785282341
2026-07-29T00:07:43Z,468,13,5,5,1,0,1,1,1,1785272127
2026-07-29T00:07:43Z,469,11,2,12,0,0,1,1,1,1785279752
2026-07-29T00:07:43Z,470,4,0,10,0,1,1,1,1,1785283435
2026-07-29T00:07:43Z,471,11,0,16,0,0,1,1,1,1785279952
2026-07-29T00:07:43Z,472,6,5,12,1,0,1,1,1,1785283527
2026-07-29T00:07:43Z,473,5,3,14,0,0,1,1,1,1785276653
2026-07-29T00:07:43Z,474,16,1,2,1,0,1,1,1,1785282605
2026-07-29T00:07:43Z,475,9,1,9,1,0,1,1,1,1785283274
2026-07-29T00:07:43Z,476,3,0,10,9,0,1,1,1,1785283410
2026-07-29T00:07:43Z,477,5,3,10,0,0,1,1,1,1785283133
2026-07-29T00:07:43Z,478,28,1,3,0,0,1,1,1,1785280998
2026-07-29T00:07:43Z,479,5,0,21,1,0,1,1,1,1785282582
2026-07-29T00:07:43Z,480,2,0,10,3,0,1,1,1,1785278066
2026-07-29T00:07:43Z,481,7,0,27,1,0,1,1,1,1785283391
2026-07-29T00:07:43Z,482,10,6,9,0,0,1,1,1,1785283148
2026-07-29T00:07:43Z,483,19,0,4,4,0,1,1,1,1785283655
2026-07-29T00:07:43Z,484,5,0,14,0,0,1,1,1,1785279955
2026-07-29T00:07:43Z,485,13,2,4,1,1,1,1,1,1785283534
2026-07-29T00:07:43Z,486,12,0,13,2,0,1,1,1,1785283584
2026-07-29T00:07:43Z,487,15,3,2,2,0,1,1,1,1785283658
2026-07-29T00:07:43Z,489,12,6,3,0,0,1,1,1,1785281173
2026-07-29T00:07:43Z,490,9,2,7,0,0,1,1,1,1785283491
2026-07-29T00:07:43Z,491,8,5,12,1,0,1,1,1,1785280874
2026-07-29T00:07:43Z,492,6,1,2,3,0,1,1,1,1785283654
2026-07-29T00:07:43Z,493,0,0,27,0,0,1,1,1,1785275960
2026-07-29T00:07:43Z,495,1,1,14,0,0,1,1,1,1785281926
2026-07-29T00:07:43Z,496,20,0,7,0,0,1,1,1,1785282489
2026-07-29T00:07:43Z,497,11,2,8,0,0,1,1,1,1785283078
2026-07-29T00:07:43Z,498,23,7,0,0,0,1,1,1,1785277252
2026-07-29T00:07:43Z,499,8,3,11,0,0,1,1,1,1785279364
2026-07-29T00:07:43Z,500,5,4,9,1,0,1,1,1,1785282462
2026-07-29T00:07:43Z,501,0,0,21,0,0,1,1,1,1785283404
2026-07-29T00:07:43Z,502,0,0,18,1,0,1,1,1,1785278582
2026-07-29T00:07:43Z,503,2,2,28,1,0,1,1,1,1785283522
2026-07-29T00:07:43Z,504,24,4,15,0,0,1,1,1,1785283654
2026-07-29T00:07:43Z,505,7,3,4,1,0,1,1,1,1785283650
2026-07-29T00:07:43Z,511,3,2,20,0,0,1,1,1,1785282769
2026-07-29T00:07:43Z,512,7,0,20,0,0,1,1,1,1785283312
2026-07-29T00:07:43Z,514,5,1,3,3,0,1,1,1,1785278442
2026-07-29T00:07:43Z,515,14,8,4,1,0,1,1,1,1785283556
2026-07-29T00:07:43Z,516,3,1,23,1,0,1,1,1,1785280965
2026-07-29T00:07:43Z,517,11,1,11,1,0,1,1,1,1785281647
2026-07-29T00:07:43Z,518,7,0,7,1,0,1,1,1,1785276509
2026-07-29T00:07:43Z,519,9,1,10,0,0,1,1,1,1785282948
2026-07-29T00:07:43Z,520,10,0,14,2,1,1,1,1,1785278564
2026-07-29T00:07:43Z,521,3,1,20,0,0,1,1,1,1785280379
2026-07-29T00:07:43Z,522,22,1,1,0,0,1,1,1,1785281450
2026-07-29T00:07:43Z,523,5,2,17,1,0,1,1,1,1785276794
2026-07-29T00:07:43Z,524,15,0,8,0,0,1,1,1,1785283116
2026-07-29T00:07:43Z,525,8,2,11,0,0,1,1,1,1785281562
2026-07-29T00:07:43Z,526,8,3,4,3,0,1,1,1,1785276090
2026-07-29T00:07:43Z,527,7,7,17,2,0,1,1,1,1785283443
2026-07-29T00:07:43Z,528,16,1,6,1,0,1,1,1,1785280560
2026-07-29T00:07:43Z,529,1,0,16,2,0,1,1,1,1785283654
2026-07-29T00:07:43Z,530,12,1,8,1,0,1,1,1,1785280927
2026-07-29T00:07:43Z,531,13,0,9,0,1,1,1,1,1785283301
2026-07-29T00:07:43Z,532,0,0,29,1,1,1,1,1,1785283193
2026-07-29T00:07:43Z,533,2,1,15,2,0,1,1,1,1785283225
2026-07-29T00:07:43Z,534,12,5,11,0,0,1,1,1,1785283012
2026-07-29T00:07:43Z,535,2,0,13,0,0,1,1,1,1785283564
2026-07-29T00:07:43Z,536,2,0,21,0,0,1,1,1,1785279258
2026-07-29T00:07:43Z,537,0,0,20,0,0,1,1,1,1785277298
2026-07-29T00:07:43Z,538,12,4,9,0,2,1,1,1,1785283641
2026-07-29T00:07:43Z,539,2,2,29,0,0,1,1,1,1785280923
2026-07-29T00:07:43Z,540,0,0,19,0,0,1,1,1,1785282712
2026-07-29T00:07:43Z,541,26,4,0,1,0,1,1,1,1785282000
2026-07-29T00:07:43Z,542,0,0,23,0,0,1,1,1,1785283083
2026-07-29T00:07:43Z,543,13,2,4,2,0,1,1,1,1785282894
2026-07-29T00:07:43Z,544,15,1,5,2,0,1,1,1,1785282908
2026-07-29T00:07:43Z,545,14,1,4,1,0,1,1,1,1785282523
2026-07-29T00:07:43Z,546,1,1,18,0,0,1,1,1,1785283013
2026-07-29T00:07:43Z,547,11,0,14,0,0,1,1,1,1785281469
2026-07-29T00:07:43Z,548,4,0,18,1,0,1,1,1,1785281589
2026-07-29T00:07:43Z,549,21,3,1,1,0,1,1,1,1785282717
2026-07-29T00:07:43Z,550,4,3,15,0,0,1,1,1,1785282150
2026-07-29T00:07:43Z,551,11,1,12,0,0,1,1,1,1785281839
2026-07-29T00:07:43Z,552,27,3,0,0,0,1,1,1,1785280133
2026-07-29T00:07:43Z,553,20,2,1,1,1,1,1,1,1785283542
2026-07-29T00:07:43Z,554,3,3,16,0,0,1,1,1,1785281942
2026-07-29T00:07:43Z,555,1,0,14,0,0,1,1,1,1785279527
2026-07-29T00:07:43Z,556,14,3,8,1,0,1,1,1,1785283656
2026-07-29T00:07:43Z,557,0,0,21,2,0,1,1,1,1785282603
2026-07-29T00:07:43Z,558,12,2,24,1,0,1,1,1,1785282963
2026-07-29T00:07:43Z,559,2,1,16,1,0,1,1,1,1785281777
2026-07-29T00:07:43Z,560,27,0,0,0,0,1,1,1,1785277821
2026-07-29T00:07:43Z,561,12,1,10,1,0,1,1,1,1785281421
2026-07-29T00:07:43Z,562,8,6,21,6,0,1,1,1,1785279621
2026-07-29T00:07:43Z,563,12,0,2,0,0,1,1,1,1785282166
2026-07-29T00:07:43Z,564,7,2,12,0,0,1,1,1,1785278834
2026-07-29T00:07:43Z,565,3,1,16,0,0,1,1,1,1785283018
2026-07-29T00:07:43Z,566,14,3,4,1,0,1,1,1,1785283451
2026-07-29T00:07:43Z,567,3,0,23,1,0,1,1,1,1785283603
2026-07-29T00:07:43Z,568,10,0,8,1,0,1,1,1,1785281688
2026-07-29T00:07:43Z,569,4,1,15,0,0,1,1,1,1785277964
2026-07-29T00:07:43Z,570,9,0,10,0,0,1,1,1,1785279804
2026-07-29T00:07:43Z,571,3,0,20,0,0,1,1,1,1785278228
2026-07-29T00:07:43Z,572,12,1,7,0,0,1,1,1,1785283606
2026-07-29T00:07:43Z,573,12,0,1,2,0,1,1,1,1785282264
2026-07-29T00:07:43Z,574,10,4,5,0,0,1,1,1,1785283584
2026-07-29T00:07:43Z,575,16,1,4,1,0,1,1,1,1785283090
2026-07-29T00:07:43Z,576,11,5,7,1,0,1,1,1,1785281138
2026-07-29T00:07:43Z,577,23,0,8,0,0,1,1,1,1785283553
2026-07-29T00:07:43Z,578,21,4,1,1,0,1,1,1,1785283543
2026-07-29T00:07:43Z,579,17,5,26,0,0,1,1,1,1785276813
2026-07-29T00:07:43Z,580,18,0,11,0,0,1,1,1,1785281150
2026-07-29T00:07:43Z,581,17,2,2,0,0,1,1,1,1785283329
2026-07-29T00:07:43Z,582,14,1,46,1,0,1,1,1,1785283490
2026-07-29T00:07:43Z,583,18,1,5,0,0,1,1,1,1785283273
2026-07-29T00:07:43Z,584,1,0,14,4,0,1,1,1,1785274849
2026-07-29T00:07:43Z,585,18,0,9,0,0,1,1,1,1785282362
2026-07-29T00:07:43Z,586,27,1,8,0,0,1,1,1,1785283073
2026-07-29T00:07:43Z,587,7,1,16,1,0,1,1,1,1785283172
2026-07-29T00:07:43Z,588,8,2,11,0,0,1,1,1,1785283538
2026-07-29T00:07:43Z,589,6,1,17,0,0,1,1,1,1785282100
2026-07-29T00:07:43Z,590,14,2,17,0,0,1,1,1,1785281110
2026-07-29T00:07:43Z,591,25,5,3,2,0,1,1,1,1785283585
2026-07-29T00:07:43Z,592,21,0,2,0,0,1,1,1,1785281944
2026-07-29T00:07:43Z,593,8,2,30,0,0,1,1,1,1785280546
2026-07-29T00:07:43Z,594,12,1,8,0,1,1,1,1,1785283651
2026-07-29T00:07:43Z,595,0,0,3,0,0,0,1,1,1784046673
2026-07-29T00:07:43Z,605,0,0,2,1,0,0,1,1,1783975843
2026-07-29T00:07:43Z,606,0,0,0,0,0,0,1,1,86400
2026-07-29T00:07:43Z,607,27,0,2,3,0,1,1,1,1785281390
2026-07-29T00:07:43Z,608,44,1,5,1,0,1,1,1,1785282958
2026-07-29T00:07:43Z,609,7,7,15,1,0,1,1,1,1785283043
2026-07-29T00:07:43Z,610,35,0,0,0,0,1,1,1,1785280951
2026-07-29T00:07:43Z,611,11,3,16,0,0,1,1,1,1785283612
2026-07-29T00:07:43Z,612,7,2,8,0,0,1,1,1,1785276529
2026-07-29T00:07:43Z,613,12,3,1,2,0,1,1,1,1785276942
2026-07-29T00:07:43Z,614,0,0,25,2,0,1,1,1,1785283193
2026-07-29T00:07:43Z,617,5,1,9,1,0,1,1,1,1785282986
2026-07-29T00:07:43Z,618,4,2,11,4,0,1,1,1,1785283517
2026-07-29T00:07:43Z,619,18,13,1,0,0,1,1,1,1785283557
2026-07-29T00:07:43Z,620,5,2,22,0,0,1,1,1,1785283512
2026-07-29T00:07:43Z,621,21,8,2,0,0,1,1,1,1785283651
2026-07-29T00:07:43Z,622,2,0,18,2,1,1,1,1,1785283391
2026-07-29T00:07:43Z,623,4,1,26,0,0,1,1,1,1785277677
2026-07-29T00:07:43Z,624,6,2,7,2,0,1,1,1,1785279166
2026-07-29T00:07:43Z,625,5,1,10,6,0,1,1,1,1785280213
2026-07-29T00:07:43Z,626,28,0,17,0,0,1,1,1,1785282601
2026-07-29T00:07:43Z,627,19,4,0,0,0,1,1,1,1785280328
2026-07-29T00:07:43Z,628,8,7,9,1,1,1,1,1,1785283588
2026-07-29T00:07:43Z,629,6,1,4,1,0,1,1,1,1785283505
2026-07-29T00:07:43Z,630,3,3,21,3,0,1,1,1,1785283443
2026-07-29T00:07:43Z,631,0,0,23,0,0,1,1,1,1785279262
2026-07-29T00:07:43Z,632,20,2,3,0,0,1,1,1,1785276390
2026-07-29T00:07:43Z,633,7,4,7,1,0,1,1,1,1785278449
2026-07-29T00:07:43Z,634,1,0,18,0,0,1,1,1,1785277116
2026-07-29T00:07:43Z,635,6,0,12,1,0,1,1,1,1785276587
2026-07-29T00:07:43Z,636,11,1,4,0,0,1,1,1,1785273816
2026-07-29T00:07:43Z,637,8,2,6,5,0,1,1,1,1785275662
2026-07-29T00:07:43Z,638,7,0,9,3,0,1,1,1,1785283123
2026-07-29T00:07:43Z,639,4,0,15,0,0,1,1,1,1785281592
2026-07-29T00:07:43Z,640,1,1,21,1,0,1,1,1,1785281368
2026-07-29T00:07:43Z,641,19,1,6,1,0,1,1,1,1785283650
2026-07-29T00:07:43Z,642,7,0,7,5,0,1,1,1,1785283658
2026-07-29T00:07:43Z,643,1,1,22,4,0,1,1,1,1785282778
2026-07-29T00:07:43Z,644,9,4,6,0,0,1,1,1,1785283091
2026-07-29T00:07:43Z,645,15,1,7,0,1,1,1,1,1785280305
2026-07-29T00:07:43Z,646,5,2,13,1,0,1,1,1,1785276458
2026-07-29T00:07:43Z,647,31,0,0,0,0,1,1,1,1785276964
2026-07-29T00:07:43Z,648,5,0,13,1,0,1,1,1,1785281994
2026-07-29T00:07:43Z,649,8,7,23,0,0,1,1,1,1785282070
2026-07-29T00:07:43Z,650,6,3,8,0,0,1,1,1,1785231661
2026-07-29T00:07:43Z,651,1,1,21,1,0,1,1,1,1785278436
2026-07-29T00:07:43Z,652,13,1,8,2,0,1,1,1,1785283401
2026-07-29T00:07:43Z,653,3,0,16,0,0,1,1,1,1785278570
2026-07-29T00:07:43Z,654,4,4,11,0,0,1,1,1,1785279327
2026-07-29T00:07:43Z,655,6,4,2,4,1,1,1,1,1785283555
2026-07-29T00:07:43Z,656,16,0,3,0,0,1,1,1,1785283205
2026-07-29T00:07:43Z,657,4,0,11,1,1,1,1,1,1785283633
2026-07-29T00:07:43Z,658,10,1,5,0,0,1,1,1,1785280166
2026-07-29T00:07:43Z,659,6,3,8,1,0,1,1,1,1785277752
2026-07-29T00:07:43Z,660,7,7,19,5,0,1,1,1,1785283345
2026-07-29T00:07:43Z,661,9,7,9,1,0,1,1,1,1785282588
2026-07-29T00:07:43Z,662,8,5,6,8,1,1,1,1,1785283465
2026-07-29T00:07:43Z,663,12,3,3,0,0,1,1,1,1785283350
2026-07-29T00:07:43Z,664,21,0,6,0,0,1,1,1,1785283089
2026-07-29T00:07:43Z,665,11,0,4,0,0,1,1,1,1785282716
2026-07-29T00:07:43Z,666,10,6,2,3,0,1,1,1,1785278708
2026-07-29T00:07:43Z,667,16,0,0,1,0,1,1,1,1785283360
2026-07-29T00:07:43Z,668,16,0,3,0,0,1,1,1,1785280187
2026-07-29T00:07:43Z,669,14,1,0,0,0,1,1,1,1785280178
2026-07-29T00:07:43Z,670,12,2,13,2,0,1,1,1,1785282785
2026-07-29T00:07:43Z,671,13,0,14,0,0,1,1,1,1785282473
2026-07-29T00:07:43Z,672,8,2,11,3,1,1,1,1,1785280233
2026-07-29T00:07:43Z,673,9,0,13,1,0,1,1,1,1785281559
2026-07-29T00:07:43Z,674,10,10,11,2,0,1,1,1,1785283541
2026-07-29T00:07:43Z,675,7,1,5,3,0,1,1,1,1785283413
2026-07-29T00:07:43Z,676,3,0,19,0,0,1,1,1,1785283623
2026-07-29T00:07:43Z,681,9,2,4,2,0,1,1,1,1785281313
2026-07-29T00:07:43Z,682,4,1,15,0,0,1,1,1,1785229117
2026-07-29T00:07:43Z,683,4,1,15,0,0,1,1,1,1785278028
2026-07-29T00:07:43Z,684,5,3,22,0,0,1,1,1,1785282451
2026-07-29T00:07:43Z,685,5,0,21,0,1,1,1,1,1785276226
2026-07-29T00:07:43Z,686,11,0,14,1,1,1,1,1,1785283615
2026-07-29T00:07:43Z,687,11,1,17,2,1,1,1,1,1785283412
2026-07-29T00:07:43Z,688,3,1,11,5,0,1,1,1,1785283450
2026-07-29T00:07:43Z,692,15,2,5,1,0,1,1,1,1785282770
2026-07-29T00:07:43Z,693,5,0,3,3,0,1,1,1,1785282551
2026-07-29T00:07:43Z,694,10,4,10,0,0,1,1,1,1785281984
2026-07-29T00:07:43Z,695,6,3,17,0,0,1,1,1,1785283471
2026-07-29T00:07:43Z,696,13,8,9,1,0,1,1,1,1785283300
2026-07-29T00:07:43Z,697,12,1,10,1,0,1,1,1,1785283340
2026-07-29T00:07:43Z,698,19,0,8,0,0,1,1,1,1785282930
2026-07-29T00:07:43Z,699,2,2,12,1,0,1,1,1,1785282464
2026-07-29T00:07:43Z,700,18,2,1,0,0,1,1,1,1785283432
2026-07-29T00:07:43Z,701,5,2,11,3,0,1,1,1,1785283586
2026-07-29T00:07:43Z,702,10,4,11,2,0,1,1,1,1785283610
2026-07-29T00:07:43Z,704,7,0,7,1,0,1,1,1,1785283229
2026-07-29T00:07:43Z,705,4,1,11,0,0,1,1,1,1785282712
2026-07-29T00:07:43Z,706,11,1,2,2,0,1,1,1,1785283624
2026-07-29T00:07:43Z,707,4,1,11,0,0,1,1,1,1785282854
2026-07-29T00:07:43Z,708,14,0,4,1,0,1,1,1,1785283457
2026-07-29T00:07:43Z,709,12,0,0,3,0,1,1,1,1785282627
2026-07-29T00:07:43Z,710,10,3,8,1,0,1,1,1,1785283378
2026-07-29T00:07:43Z,711,1,0,18,0,0,1,1,1,1785283405
2026-07-29T00:07:43Z,712,14,8,1,0,0,1,1,1,1785281916
2026-07-29T00:07:43Z,713,15,4,8,0,0,1,1,1,1785282649
2026-07-29T00:07:43Z,716,3,0,12,0,0,1,1,1,1785282257
2026-07-29T00:07:43Z,717,6,1,17,2,0,1,1,1,1785282147
2026-07-29T00:07:43Z,718,1,0,14,0,0,1,1,1,1785282921
2026-07-29T00:07:43Z,719,3,0,26,0,0,1,1,1,1785282954
2026-07-29T00:07:43Z,720,3,2,16,0,0,1,1,1,1785282628
2026-07-29T00:07:43Z,721,9,1,13,1,0,1,1,1,1785283002
2026-07-29T00:07:43Z,722,4,0,11,0,0,1,1,1,1785282334
2026-07-29T00:07:43Z,723,12,2,11,0,0,1,1,1,1785283644
2026-07-29T00:07:43Z,724,6,0,17,0,0,1,1,1,1785283176
2026-07-29T00:07:43Z,725,15,3,8,0,0,1,1,1,1785282646
2026-07-29T00:07:43Z,726,19,1,0,0,0,1,1,1,1785281861
2026-07-29T00:07:43Z,727,9,5,13,1,0,1,1,1,1785282934
2026-07-29T00:07:43Z,728,8,2,7,0,0,1,1,1,1785282924
2026-07-29T00:07:43Z,729,12,0,7,0,0,1,1,1,1785283595
2026-07-29T00:07:43Z,730,4,4,10,1,0,1,1,1,1785283533
2026-07-29T00:07:43Z,731,8,3,7,0,0,1,1,1,1785282527
2026-07-29T00:07:43Z,732,5,1,10,0,0,1,1,1,1785281880
2026-07-29T00:07:43Z,733,9,0,18,0,0,1,1,1,1785283605
2026-07-29T00:07:43Z,734,12,0,2,0,0,1,1,1,1785282104
2026-07-29T00:07:43Z,735,2,2,25,0,0,1,1,1,1785282815
2026-07-29T00:07:43Z,736,6,3,12,1,0,1,1,1,1785282913
2026-07-29T00:07:43Z,737,4,1,11,0,0,1,1,1,1785282731
2026-07-29T00:07:43Z,738,4,1,14,1,0,1,1,1,1785283193
2026-07-29T00:07:43Z,739,15,2,11,1,0,1,1,1,1785283553
2026-07-29T00:07:43Z,741,3,0,19,1,0,1,1,1,1785282753
2026-07-29T00:07:43Z,742,24,5,14,1,0,1,1,1,1785283557
2026-07-29T00:07:43Z,743,5,0,13,1,0,1,1,1,1785282629
2026-07-29T00:07:43Z,744,5,3,10,0,0,1,1,1,1785282560
2026-07-29T00:07:43Z,745,14,2,4,1,0,1,1,1,1785283107
2026-07-29T00:07:43Z,746,15,0,6,2,0,1,1,1,1785283616
2026-07-29T00:07:43Z,747,0,0,4,0,0,0,1,1,1783446606
2026-07-29T00:07:43Z,748,9,1,11,0,0,1,1,1,1785282015
2026-07-29T00:07:43Z,749,10,0,13,0,0,1,1,1,1785282794
2026-07-29T00:07:43Z,750,10,4,0,1,0,1,1,1,1785282853
2026-07-29T00:07:43Z,751,4,4,19,0,0,1,1,1,1785283427
2026-07-29T00:07:43Z,752,8,2,8,1,0,1,1,1,1785279810
2026-07-29T00:07:43Z,753,12,0,3,0,0,1,1,1,1785283536
2026-07-29T00:07:43Z,754,4,0,11,0,0,1,1,1,1785282337
2026-07-29T00:07:43Z,755,10,5,13,0,0,1,1,1,1785282429
2026-07-29T00:07:43Z,756,12,10,26,0,0,1,1,1,1785283362
2026-07-29T00:07:43Z,757,2,1,17,0,0,1,1,1,1785282716
2026-07-29T00:07:43Z,758,18,6,5,0,0,1,1,1,1785283611
2026-07-29T00:07:43Z,759,5,2,10,0,0,1,1,1,1785283376
2026-07-29T00:07:43Z,760,7,7,12,0,0,1,1,1,1785271741
2026-07-29T00:07:43Z,761,5,0,17,1,0,1,1,1,1785283595
2026-07-29T00:07:43Z,762,8,5,3,4,0,1,1,1,1785282063
2026-07-29T00:07:43Z,768,8,1,10,1,0,1,1,1,1785283550
2026-07-29T00:07:43Z,769,18,2,1,0,0,1,1,1,1785283113
2026-07-29T00:07:43Z,770,4,2,11,1,3,1,1,1,1785282266
2026-07-29T00:07:43Z,771,14,5,1,0,0,1,1,1,1785282404
2026-07-29T00:07:43Z,772,2,0,13,0,0,1,1,1,1785283229
2026-07-29T00:07:43Z,773,18,6,1,0,0,1,1,1,1785282625
2026-07-29T00:07:43Z,774,2,2,10,2,1,1,1,1,1785282918
2026-07-29T00:07:43Z,775,7,2,10,2,0,1,1,1,1785281159
2026-07-29T00:07:43Z,776,2,0,18,1,0,1,1,1,1785282816
2026-07-29T00:07:43Z,777,9,3,5,1,0,1,1,1,1785282379
2026-07-29T00:07:43Z,778,13,2,4,2,0,1,1,1,1785282821
2026-07-29T00:07:43Z,779,7,3,12,0,0,1,1,1,1785283120
2026-07-29T00:07:43Z,780,14,4,2,3,0,1,1,1,1785283447
2026-07-29T00:07:43Z,781,3,1,6,2,0,1,1,1,1785282493
2026-07-29T00:07:43Z,782,6,2,10,3,0,1,1,1,1785282655
2026-07-29T00:07:43Z,783,3,0,14,2,0,1,1,1,1785283367
2026-07-29T00:07:43Z,784,6,2,13,0,0,1,1,1,1785283428
2026-07-29T00:07:43Z,785,7,2,9,3,0,1,1,1,1785281974
2026-07-29T00:07:43Z,786,12,3,6,0,0,1,1,1,1785283325
2026-07-29T00:07:43Z,787,9,2,6,0,0,1,1,1,1785282581
2026-07-29T00:07:43Z,788,5,1,10,0,0,1,1,1,1785282614
2026-07-29T00:07:43Z,789,9,4,4,2,0,1,1,1,1785282904
2026-07-29T00:07:43Z,790,7,1,16,0,0,1,1,1,1785282823
2026-07-29T00:07:43Z,791,13,2,4,1,1,1,1,1,1785283344
2026-07-29T00:07:43Z,793,3,1,11,1,0,1,1,1,1785283249
2026-07-29T00:07:43Z,794,13,0,13,3,0,1,1,1,1785283503
2026-07-29T00:07:43Z,796,3,1,15,1,0,1,1,1,1785283311
2026-07-29T00:07:43Z,797,1,0,14,0,0,1,1,1,1785278746
2026-07-29T00:07:43Z,798,11,1,11,3,0,1,1,1,1785282635
2026-07-29T00:07:43Z,799,10,1,6,3,0,1,1,1,1785282566
2026-07-29T00:07:43Z,800,2,0,18,1,0,1,1,1,1785283641
2026-07-29T00:07:43Z,801,1,1,20,0,0,1,1,1,1785282481
2026-07-29T00:07:43Z,802,11,0,20,0,0,1,1,1,1785282158
2026-07-29T00:07:43Z,803,2,0,13,0,0,1,1,1,1785282615
2026-07-29T00:07:43Z,806,3,1,12,0,0,1,1,1,1785282802
2026-07-29T00:07:43Z,807,14,14,8,3,0,1,1,1,1785282582
2026-07-29T00:07:43Z,808,1,0,23,1,0,1,1,1,1785276758
2026-07-29T00:07:43Z,809,3,1,19,1,0,1,1,1,1785282402
2026-07-29T00:07:43Z,810,5,4,12,2,0,1,1,1,1785283230
2026-07-29T00:07:43Z,815,5,1,6,3,1,1,1,1,1785283563
2026-07-29T00:07:43Z,817,7,2,1,7,0,1,1,1,1785282991
2026-07-29T00:07:43Z,818,6,0,16,1,0,1,1,1,1785283551
2026-07-29T00:07:43Z,819,4,1,11,0,0,1,1,1,1785274400
2026-07-29T00:07:43Z,820,3,0,14,0,0,1,1,1,1785282157
2026-07-29T00:07:43Z,821,5,2,10,0,0,1,1,1,1785283130
2026-07-29T00:07:43Z,822,3,0,19,1,0,1,1,1,1785283411
2026-07-29T00:07:43Z,823,10,0,5,0,0,1,1,1,1785283205
2026-07-29T00:07:43Z,824,17,11,0,2,0,1,1,1,1785283554
2026-07-29T00:07:43Z,825,11,4,4,0,0,1,1,1,1785279200
2026-07-29T00:07:43Z,826,16,0,2,1,0,1,1,1,1785283304
2026-07-29T00:07:43Z,827,8,5,12,1,0,1,1,1,1785282879
2026-07-29T00:07:43Z,828,6,6,12,0,0,1,1,1,1785282349
2026-07-29T00:07:43Z,829,20,5,6,1,0,1,1,1,1785283241
2026-07-29T00:07:43Z,830,6,0,16,1,0,1,1,1,1785282915
2026-07-29T00:07:43Z,831,4,2,10,1,0,1,1,1,1785282624
2026-07-29T00:07:43Z,832,12,4,4,2,0,1,1,1,1785282262
2026-07-29T00:07:43Z,833,11,2,8,0,0,1,1,1,1785282048
2026-07-29T00:07:43Z,834,3,0,20,1,0,1,1,1,1785283356
2026-07-29T00:07:43Z,835,5,2,12,1,0,1,1,1,1785283588
2026-07-29T00:07:43Z,837,5,3,2,8,0,1,1,1,1785283610
2026-07-29T00:07:43Z,838,10,3,3,2,0,1,1,1,1785283485
2026-07-29T00:07:43Z,839,4,0,24,1,0,1,1,1,1785282962
2026-07-29T00:07:43Z,840,26,1,1,2,0,1,1,1,1785282966
2026-07-29T00:07:43Z,841,6,1,9,0,0,1,1,1,1785282624
2026-07-29T00:07:43Z,842,9,1,14,0,0,1,1,1,1785281885
2026-07-29T00:07:43Z,843,11,3,20,0,0,1,1,1,1785283020
2026-07-29T00:07:43Z,844,4,0,19,0,0,1,1,1,1785283262
2026-07-29T00:07:43Z,845,6,4,12,1,0,1,1,1,1785282371
2026-07-29T00:07:43Z,846,16,9,2,1,0,1,1,1,1785283207
2026-07-29T00:07:43Z,847,13,2,14,0,0,1,1,1,1785282533
2026-07-29T00:07:43Z,848,3,0,15,1,0,1,1,1,1785280435
2026-07-29T00:07:43Z,849,6,2,9,0,0,1,1,1,1785283325
2026-07-29T00:07:43Z,850,9,1,1,1,0,1,1,1,1785282823
2026-07-29T00:07:43Z,851,4,4,31,2,0,1,1,1,1785282297
2026-07-29T00:07:43Z,852,8,6,11,0,0,1,1,1,1785282271
2026-07-29T00:07:43Z,853,8,3,15,0,0,1,1,1,1785282702
2026-07-29T00:07:43Z,854,15,4,0,0,0,1,1,1,1785283196
2026-07-29T00:07:43Z,855,25,3,2,0,0,1,1,1,1785282771
2026-07-29T00:07:43Z,857,2,1,17,0,0,1,1,1,1785282455
2026-07-29T00:07:43Z,858,3,1,15,1,0,1,1,1,1785282731
2026-07-29T00:07:43Z,859,6,2,14,1,0,1,1,1,1785282911
2026-07-29T00:07:43Z,861,9,1,1,1,0,1,1,1,1785228807
2026-07-29T00:07:43Z,862,2,1,13,0,0,1,1,1,1785282615
2026-07-29T00:07:43Z,863,5,0,11,3,0,1,1,1,1785276449
2026-07-29T00:07:43Z,866,6,1,13,0,0,1,1,1,1785282513
2026-07-29T00:07:43Z,867,9,0,6,0,0,1,1,1,1785282284
2026-07-29T00:07:43Z,868,10,1,5,0,0,1,1,1,1785282285
2026-07-29T00:07:43Z,870,10,3,5,0,0,1,1,1,1785282448
2026-07-29T00:07:43Z,871,1,0,9,1,0,1,1,1,1785282092
2026-07-29T00:07:43Z,872,5,1,8,2,0,1,1,1,1785282403
2026-07-29T00:07:43Z,873,0,0,32,1,0,1,1,1,1785283204
2026-07-29T00:07:43Z,874,11,0,1,3,0,1,1,1,1785283456
2026-07-29T00:07:43Z,875,14,11,1,0,0,1,1,1,1785283185
2026-07-29T00:07:43Z,877,14,12,5,0,0,1,1,1,1785283435
2026-07-29T00:07:43Z,878,4,4,15,0,0,1,1,1,1785282211
2026-07-29T00:07:43Z,879,1,0,18,0,0,1,1,1,1785283165
2026-07-29T00:07:43Z,880,4,0,18,1,0,1,1,1,1785283184
2026-07-29T00:07:43Z,881,2,0,17,0,0,1,1,1,1785283107
2026-07-29T00:07:43Z,882,11,3,5,3,0,1,1,1,1785268479
2026-07-29T00:07:43Z,883,8,6,11,0,0,1,1,1,1785282685
2026-07-29T00:07:43Z,884,13,5,8,0,0,1,1,1,1785283293
2026-07-29T00:07:43Z,885,5,0,14,0,0,1,1,1,1785281897
2026-07-29T00:07:43Z,886,6,3,20,3,0,1,1,1,1785282282
2026-07-29T00:07:43Z,887,0,0,14,3,0,1,1,1,1785283122
2026-07-29T00:07:43Z,888,16,1,22,3,0,1,1,1,1785283579
2026-07-29T00:07:43Z,889,4,0,13,2,0,1,1,1,1785283631
2026-07-29T00:07:43Z,890,2,1,13,0,0,1,1,1,1785275839
2026-07-29T00:07:43Z,891,8,1,15,0,0,1,1,1,1785283124
2026-07-29T00:07:43Z,892,8,0,7,0,0,1,1,1,1785275183
2026-07-29T00:07:43Z,895,1,0,18,0,0,1,1,1,1785270561
2026-07-29T00:07:43Z,896,0,0,35,0,0,1,1,1,1785279220
2026-07-29T00:07:43Z,897,6,0,15,0,0,1,1,1,1785282113
2026-07-29T00:07:43Z,898,2,0,17,0,0,1,1,1,1785282063
2026-07-29T00:07:43Z,899,3,0,16,0,0,1,1,1,1785283085
2026-07-29T00:07:43Z,900,22,1,4,1,0,1,1,1,1785282935
2026-07-29T00:07:43Z,901,12,5,7,0,0,1,1,1,1785283397
2026-07-29T00:07:43Z,902,10,0,5,0,0,1,1,1,1785282180
2026-07-29T00:07:43Z,903,8,0,11,0,0,1,1,1,1785282766
2026-07-29T00:07:43Z,904,7,4,11,1,0,1,1,1,1785282376
2026-07-29T00:07:43Z,905,2,0,24,1,0,1,1,1,1785283520
2026-07-29T00:07:43Z,906,16,14,11,0,0,1,1,1,1785282636
2026-07-29T00:07:43Z,907,24,3,6,1,0,1,1,1,1785283604
2026-07-29T00:07:43Z,908,1,1,21,1,0,1,1,1,1785282213
2026-07-29T00:07:43Z,909,13,11,10,0,0,1,1,1,1785283636
2026-07-29T00:07:43Z,910,4,2,27,0,0,1,1,1,1785283570
2026-07-29T00:07:43Z,911,6,0,13,0,0,1,1,1,1785282000
2026-07-29T00:07:43Z,912,17,2,4,2,0,1,1,1,1785283337
2026-07-29T00:07:43Z,913,9,2,10,0,0,1,1,1,1785282864
2026-07-29T00:07:43Z,914,4,0,14,1,0,1,1,1,1785282900
2026-07-29T00:07:43Z,915,21,0,0,2,0,1,1,1,1785283558
2026-07-29T00:07:43Z,916,22,1,1,0,0,1,1,1,1785282735
2026-07-29T00:07:43Z,917,1,0,34,0,0,1,1,1,1785283649
2026-07-29T00:07:43Z,918,18,5,0,1,0,1,1,1,1785282321
2026-07-29T00:07:43Z,919,25,1,14,0,0,1,1,1,1785283635
2026-07-29T00:07:43Z,920,10,5,9,0,0,1,1,1,1785282867
2026-07-29T00:07:43Z,921,13,0,8,0,0,1,1,1,1785281944
2026-07-29T00:07:43Z,922,3,0,18,0,0,1,1,1,1785283208
2026-07-29T00:07:43Z,923,8,4,9,2,0,1,1,1,1785283521
2026-07-29T00:07:43Z,924,12,0,9,0,0,1,1,1,1785283029
2026-07-29T00:07:43Z,925,13,1,6,2,0,1,1,1,1785282765
2026-07-29T00:07:43Z,926,1,1,20,0,0,1,1,1,1785282687
2026-07-29T00:07:43Z,927,10,0,25,0,0,1,1,1,1785283522
2026-07-29T00:07:43Z,928,1,0,17,1,0,1,1,1,1785283608
2026-07-29T00:07:43Z,929,3,0,20,0,0,1,1,1,1785283306
2026-07-29T00:07:43Z,930,14,2,16,1,0,1,1,1,1785283584
2026-07-29T00:07:43Z,931,1,1,22,0,0,1,1,1,1785282321
2026-07-29T00:07:43Z,932,2,0,15,2,0,1,1,1,1785282586
2026-07-29T00:07:43Z,933,4,0,19,0,0,1,1,1,1785282498
2026-07-29T00:07:43Z,934,22,0,9,0,0,1,1,1,1785283266
2026-07-29T00:07:43Z,935,11,2,7,1,0,1,1,1,1785283413
2026-07-29T00:07:43Z,936,3,2,16,0,0,1,1,1,1785283414
2026-07-29T00:07:43Z,940,10,1,1,0,0,1,1,1,1785283588
2026-07-29T00:07:43Z,941,22,4,0,3,0,1,1,1,1785282664
2026-07-29T00:07:43Z,942,10,3,11,0,0,1,1,1,1785283116
2026-07-29T00:07:43Z,943,7,6,7,1,0,1,1,1,1785282747
2026-07-29T00:07:43Z,944,10,8,5,0,0,1,1,1,1785282754
2026-07-29T00:07:43Z,945,9,7,6,0,0,1,1,1,1785282437
2026-07-29T00:07:43Z,946,7,5,12,0,0,1,1,1,1785282692
2026-07-29T00:07:43Z,947,8,7,9,0,0,1,1,1,1785281946
2026-07-29T00:07:43Z,948,9,9,16,6,0,1,1,1,1785282882
2026-07-29T00:07:43Z,949,3,1,10,2,0,1,1,1,1785282438
2026-07-29T00:07:43Z,950,16,0,1,0,0,1,1,1,1785283621
2026-07-29T00:07:43Z,951,5,2,17,1,0,1,1,1,1785282528
2026-07-29T00:07:43Z,952,13,1,41,1,0,1,1,1,1785283572
2026-07-29T00:07:43Z,953,13,0,1,1,0,1,1,1,1785283457
2026-07-29T00:07:43Z,954,17,3,1,1,0,1,1,1,1785282282
2026-07-29T00:07:43Z,955,12,10,11,4,0,1,1,1,1785283498
2026-07-29T00:07:43Z,956,21,2,2,0,0,1,1,1,1785282181
2026-07-29T00:07:43Z,957,19,1,10,0,0,1,1,1,1785283129
2026-07-29T00:07:43Z,958,5,0,26,0,0,1,1,1,1785282294
2026-07-29T00:07:43Z,959,16,3,1,6,0,1,1,1,1785282771
2026-07-29T00:07:43Z,960,13,1,8,2,0,1,1,1,1785283110
2026-07-29T00:07:43Z,961,11,1,9,3,0,1,1,1,1785283444
2026-07-29T00:07:43Z,962,15,4,15,4,0,1,1,1,1785282891
2026-07-29T00:07:43Z,963,0,0,22,1,0,1,1,1,1785282078
2026-07-29T00:07:43Z,964,18,3,5,0,0,1,1,1,1785283289
2026-07-29T00:07:43Z,965,14,7,12,1,0,1,1,1,1785282866
2026-07-29T00:07:43Z,966,22,2,8,1,0,1,1,1,1785283468
2026-07-29T00:07:43Z,967,9,0,10,2,0,1,1,1,1785283563
2026-07-29T00:07:43Z,968,15,0,4,0,0,1,1,1,1785282197
2026-07-29T00:07:43Z,969,23,10,1,3,0,1,1,1,1785283429
2026-07-29T00:07:43Z,970,9,5,9,1,0,1,1,1,1785282453
2026-07-29T00:07:43Z,971,14,2,7,2,0,1,1,1,1785282272
2026-07-29T00:07:43Z,972,4,3,17,2,0,1,1,1,1785281845
2026-07-29T00:07:43Z,973,4,3,18,1,0,1,1,1,1785283068
2026-07-29T00:07:43Z,974,14,0,13,0,0,1,1,1,1785282456
2026-07-29T00:07:43Z,977,4,4,15,2,0,1,1,1,1785282443
2026-07-29T00:07:43Z,978,3,1,20,0,0,1,1,1,1785283048
2026-07-29T00:07:43Z,979,5,1,12,0,0,1,1,1,1785283109
2026-07-29T00:07:43Z,980,3,1,18,0,0,1,1,1,1785283602
2026-07-29T00:07:43Z,981,18,0,3,0,0,1,1,1,1785283569
2026-07-29T00:07:43Z,982,4,3,14,1,0,1,1,1,1785282210
2026-07-29T00:07:43Z,983,0,0,21,2,0,1,1,1,1785282401
2026-07-29T00:07:43Z,984,2,0,21,0,0,1,1,1,1785283007
2026-07-29T00:07:43Z,985,10,1,20,1,0,1,1,1,1785282742
2026-07-29T00:07:43Z,986,2,1,17,0,0,1,1,1,1785282208
2026-07-29T00:07:43Z,987,7,2,16,0,0,1,1,1,1785282400
2026-07-29T00:07:43Z,988,6,0,12,1,0,1,1,1,1785282058
2026-07-29T00:07:43Z,989,9,4,10,0,0,1,1,1,1785283135
2026-07-29T00:07:43Z,990,14,4,0,1,0,1,1,1,1785282541
2026-07-29T00:07:43Z,991,11,2,8,0,0,1,1,1,1785282334
2026-07-29T00:07:43Z,992,9,6,12,2,0,1,1,1,1785282671
2026-07-29T00:07:43Z,993,2,0,25,0,0,1,1,1,1785283000
2026-07-29T00:07:43Z,994,2,1,19,0,0,1,1,1,1785282735
2026-07-29T00:07:43Z,995,5,2,22,0,0,1,1,1,1785282004
2026-07-29T00:07:43Z,996,2,2,21,0,0,1,1,1,1785281850
2026-07-29T00:07:43Z,997,14,6,9,0,0,1,1,1,1785283655
2026-07-29T00:07:43Z,998,9,4,14,0,0,1,1,1,1785282247
2026-07-29T00:07:43Z,999,11,8,8,1,1,1,1,1,1785282169
2026-07-29T00:07:43Z,1000,0,0,21,0,0,1,1,1,1785282964
2026-07-29T00:07:43Z,1001,3,2,24,0,0,1,1,1,1785282127
2026-07-29T00:07:43Z,1002,12,3,17,2,0,1,1,1,1785281896
2026-07-29T00:07:43Z,1003,1,0,22,0,0,1,1,1,1785281962
2026-07-29T00:07:43Z,1004,8,2,15,0,0,1,1,1,1785283566
2026-07-29T00:07:43Z,1005,17,1,6,0,0,1,1,1,1785282141
2026-07-29T00:07:43Z,1006,5,1,13,1,0,1,1,1,1785282145
2026-07-29T00:07:43Z,1007,5,1,16,0,0,1,1,1,1785283485
2026-07-29T00:07:43Z,1008,5,4,15,3,0,1,1,1,1785282841
2026-07-29T00:07:43Z,1009,22,6,8,1,0,1,1,1,1785282316
2026-07-29T00:07:43Z,1010,17,11,10,0,0,1,1,1,1785283326
2026-07-29T00:07:43Z,1011,7,3,12,0,0,1,1,1,1785282523
2026-07-29T00:07:43Z,1012,3,3,19,1,0,1,1,1,1785282989
2026-07-29T00:07:43Z,1013,3,1,19,1,0,1,1,1,1785282340
2026-07-29T00:07:43Z,1014,9,4,14,0,0,1,1,1,1785282385
2026-07-29T00:07:43Z,1015,16,10,13,2,0,1,1,1,1785282183
2026-07-29T00:07:43Z,1016,18,10,13,0,0,1,1,1,1785283079
2026-07-29T00:07:43Z,1017,12,3,8,1,0,1,1,1,1785283185
2026-07-29T00:07:43Z,1018,10,5,12,0,0,1,1,1,1785281973
2026-07-29T00:07:43Z,1019,2,1,13,0,0,1,1,1,1785282299
2026-07-29T00:07:43Z,1020,17,3,4,0,0,1,1,1,1785283078
2026-07-29T00:07:43Z,1021,5,2,10,0,0,1,1,1,1785283074
2026-07-29T00:07:43Z,1022,14,0,13,0,0,1,1,1,1785281891
2026-07-29T00:07:43Z,1023,21,2,2,0,0,1,1,1,1785283489
2026-07-29T00:07:43Z,1024,4,1,15,0,0,1,1,1,1785282047
2026-07-29T00:07:43Z,1025,4,1,14,0,1,1,1,1,1785283593
2026-07-29T00:07:43Z,1026,13,8,17,1,0,1,1,1,1785282574
2026-07-29T00:07:43Z,1028,4,3,19,0,0,1,1,1,1785282058
2026-07-29T00:07:43Z,1029,6,5,9,0,0,1,1,1,1785283335
2026-07-29T00:07:43Z,1030,11,4,11,1,0,1,1,1,1785282718
2026-07-29T00:07:43Z,1031,2,1,17,0,0,1,1,1,1785283345
2026-07-29T00:07:43Z,1032,8,2,11,0,0,1,1,1,1785282157
2026-07-29T00:07:43Z,1033,8,5,11,0,0,1,1,1,1785282933
2026-07-29T00:07:43Z,1034,0,0,15,0,0,1,1,1,1785282367
2026-07-29T00:07:43Z,1035,1,0,17,1,0,1,1,1,1785282223
2026-07-29T00:07:43Z,1036,15,0,0,0,0,1,1,1,1785282931
2026-07-29T00:07:43Z,1037,7,1,12,0,0,1,1,1,1785282354
2026-07-29T00:07:43Z,1038,0,0,15,0,0,1,1,1,1785282084
2026-07-29T00:07:43Z,1039,4,0,15,0,0,1,1,1,1785282329
2026-07-29T00:07:43Z,1040,8,5,11,0,0,1,1,1,1785282136
2026-07-29T00:07:43Z,1041,5,0,13,1,0,1,1,1,1785282090
2026-07-29T00:07:43Z,1042,11,0,2,2,0,1,1,1,1785282353
2026-07-29T00:07:43Z,1043,8,2,10,1,0,1,1,1,1785282237
2026-07-29T00:07:43Z,1044,0,0,15,0,0,1,1,1,1785282157
2026-07-29T00:07:43Z,1045,2,2,17,0,0,1,1,1,1785282153
2026-07-29T00:07:43Z,1046,9,0,6,0,0,1,1,1,1785283575
2026-07-29T00:07:43Z,1047,3,1,18,0,0,1,1,1,1785282823
2026-07-29T00:07:43Z,1048,5,0,14,0,0,1,1,1,1785282151
2026-07-29T00:07:43Z,1049,2,0,19,0,0,1,1,1,1785281997
2026-07-29T00:07:43Z,1050,13,5,8,0,0,1,1,1,1785283586
2026-07-29T00:07:43Z,1051,4,1,17,0,0,1,1,1,1785283085
2026-07-29T00:07:43Z,1052,17,3,5,0,0,1,1,1,1785283652
2026-07-29T00:07:43Z,1053,5,1,10,0,0,1,1,1,1785282217
2026-07-29T00:07:43Z,1054,11,0,4,0,0,1,1,1,1785282462
2026-07-29T00:07:43Z,1055,9,3,10,0,0,1,1,1,1785282288
2026-07-29T00:07:43Z,1057,8,0,10,1,0,1,1,1,1785283457
2026-07-29T00:07:43Z,1058,29,0,27,0,0,1,1,1,1785282263
2026-07-29T00:07:43Z,1059,0,0,18,1,0,1,1,1,1785282368
2026-07-29T00:07:43Z,1060,23,2,14,0,0,1,1,1,1785283501
2026-07-29T00:07:43Z,1061,18,2,18,1,0,1,1,1,1785283154
2026-07-29T00:07:43Z,1062,0,0,16,1,0,1,1,1,1785282988
2026-07-29T00:07:43Z,1063,12,2,6,1,0,1,1,1,1785282218
2026-07-29T00:07:43Z,1064,7,3,16,0,0,1,1,1,1785282273
2026-07-29T00:07:43Z,1065,13,1,9,1,0,1,1,1,1785282524
2026-07-29T00:07:43Z,1066,10,1,13,0,0,1,1,1,1785282435
2026-07-29T00:07:43Z,1067,7,2,16,0,0,1,1,1,1785282670
2026-07-29T00:07:43Z,1068,15,5,8,0,0,1,1,1,1785282069
2026-07-29T00:07:43Z,1069,13,4,10,0,0,1,1,1,1785282192
2026-07-29T00:07:43Z,1070,11,2,12,0,0,1,1,1,1785282272
2026-07-29T00:07:43Z,1071,3,3,20,0,0,1,1,1,1785282332
2026-07-29T00:07:43Z,1072,12,1,10,1,0,1,1,1,1785282585
2026-07-29T00:07:43Z,1073,10,3,15,2,0,1,1,1,1785283156
2026-07-29T00:07:43Z,1074,27,2,26,0,0,1,1,1,1785283086
2026-07-29T00:07:43Z,1075,8,6,13,0,0,1,1,1,1785282198
2026-07-29T00:07:43Z,1076,6,5,15,0,0,1,1,1,1785282063
2026-07-29T00:07:43Z,1077,8,6,13,0,0,1,1,1,1785282133
2026-07-29T00:07:43Z,1078,9,6,12,0,0,1,1,1,1785283542
2026-07-29T00:07:43Z,1079,7,5,14,0,0,1,1,1,1785282730
2026-07-29T00:07:43Z,1080,10,7,11,0,0,1,1,1,1785282450
2026-07-29T00:07:43Z,1081,9,7,7,3,0,1,1,1,1785283319
2026-07-29T00:07:43Z,1082,14,12,9,0,0,1,1,1,1785283089
2026-07-29T00:07:43Z,1083,11,9,10,0,0,1,1,1,1785282146
2026-07-29T00:07:43Z,1084,10,8,11,0,0,1,1,1,1785282375
2026-07-29T00:07:43Z,1085,13,10,8,0,0,1,1,1,1785283231
2026-07-29T00:07:43Z,1086,13,9,8,0,0,1,1,1,1785282176
2026-07-29T00:07:43Z,1087,8,8,7,0,0,1,1,1,1785282993
2026-07-29T00:07:43Z,1088,9,7,6,0,0,1,1,1,1785281956
2026-07-29T00:07:43Z,1089,8,7,7,0,0,1,1,1,1785283020
2026-07-29T00:07:43Z,1090,9,8,6,0,0,1,1,1,1785283196
2026-07-29T00:07:43Z,1091,11,7,4,0,0,1,1,1,1785282526
2026-07-29T00:07:43Z,1092,6,5,9,0,0,1,1,1,1785281293
2026-07-29T00:07:43Z,1093,10,9,5,0,0,1,1,1,1785283004
2026-07-29T00:07:43Z,1094,13,11,6,0,0,1,1,1,1785283559
2026-07-29T00:07:43Z,1095,13,13,2,0,0,1,1,1,1785283094
2026-07-29T00:07:43Z,1096,10,8,9,0,0,1,1,1,1785283002
2026-07-29T00:07:43Z,1097,8,7,7,0,0,1,1,1,1785283236
2026-07-29T00:07:43Z,1098,10,8,9,0,0,1,1,1,1785282964
2026-07-29T00:07:43Z,1099,8,6,7,0,0,1,1,1,1785282977
2026-07-29T00:07:43Z,1100,9,5,7,13,0,1,1,1,1785280955
2026-07-29T00:07:43Z,1101,12,5,9,0,0,1,1,1,1785283565
2026-07-29T00:07:43Z,1102,10,5,3,0,0,1,1,1,1785283257
2026-07-29T00:07:43Z,1103,10,5,11,0,0,1,1,1,1785236516
2026-07-29T00:07:43Z,1104,10,5,11,0,0,1,1,1,1785283312
2026-07-29T00:07:43Z,1105,8,4,5,0,0,1,1,1,1785283168
2026-07-29T00:07:43Z,1106,10,5,11,0,0,1,1,1,1785283648
2026-07-29T00:07:43Z,1107,11,5,4,0,0,1,1,1,1785282437
2026-07-29T00:07:43Z,1108,8,3,16,3,0,1,1,1,1785282343
2026-07-29T00:07:43Z,1109,7,4,8,0,0,1,1,1,1785282417
2026-07-29T00:07:43Z,1110,6,3,15,0,0,1,1,1,1785283223
2026-07-29T00:07:43Z,1111,19,0,2,0,0,1,1,1,1785283221
2026-07-29T00:07:43Z,1112,31,1,22,0,0,1,1,1,1785282042
2026-07-29T00:07:43Z,1113,0,0,21,0,0,1,1,1,1785283401
2026-07-29T00:07:43Z,1115,16,6,6,1,0,1,1,1,1785282419
2026-07-29T00:07:43Z,1116,3,1,16,0,0,1,1,1,1785282187
2026-07-29T00:07:43Z,1117,8,1,15,0,0,1,1,1,1785283122
2026-07-29T00:07:43Z,1118,11,0,10,0,0,1,1,1,1785283228
2026-07-29T00:07:43Z,1119,12,3,5,0,0,1,1,1,1785283272
2026-07-29T00:07:43Z,1120,16,4,2,1,0,1,1,1,1785283462
2026-07-29T00:07:43Z,1121,16,0,3,2,0,1,1,1,1785283509
2026-07-29T00:07:43Z,1122,6,2,12,3,0,1,1,1,1785283152
2026-07-29T00:07:43Z,1123,8,1,14,1,0,1,1,1,1785283540
2026-07-29T00:07:43Z,1124,14,2,0,1,0,1,1,1,1785283344
2026-07-29T00:07:43Z,1125,11,1,12,0,0,1,1,1,1785282283
2026-07-29T00:07:43Z,1126,13,1,8,0,0,1,1,1,1785283164
2026-07-29T00:07:43Z,1127,3,1,16,0,0,1,1,1,1785282497
2026-07-29T00:07:43Z,1128,8,0,6,1,0,1,1,1,1785282358
2026-07-29T00:07:43Z,1129,15,0,5,1,0,1,1,1,1785283120
2026-07-29T00:07:43Z,1130,0,0,14,1,0,1,1,1,1785282184
2026-07-29T00:07:43Z,1131,24,0,25,0,0,1,1,1,1785283255
2026-07-29T00:07:43Z,1132,13,3,7,1,0,1,1,1,1785283497
2026-07-29T00:07:43Z,1133,13,5,8,0,0,1,1,1,1785282082
2026-07-29T00:07:43Z,1134,10,5,9,0,0,1,1,1,1785282651
2026-07-29T00:07:43Z,1135,10,5,11,0,0,1,1,1,1785283453
2026-07-29T00:07:43Z,1136,13,0,10,0,0,1,1,1,1785282174
2026-07-29T00:07:43Z,1137,6,0,8,1,0,1,1,1,1785282298
2026-07-29T00:07:43Z,1138,15,2,4,0,0,1,1,1,1785282158
2026-07-29T00:07:43Z,1139,21,0,0,0,0,1,1,1,1785282582
2026-07-29T00:07:43Z,1140,20,4,2,1,0,1,1,1,1785283643
2026-07-29T00:07:43Z,1141,1,0,20,0,0,1,1,1,1785283476
2026-07-29T00:07:43Z,1142,13,1,8,0,0,1,1,1,1785282756
2026-07-29T00:07:43Z,1143,25,0,1,3,0,1,1,1,1785282879
2026-07-29T00:07:43Z,1144,15,2,5,1,0,1,1,1,1785282968
2026-07-29T00:07:43Z,1145,9,5,11,1,0,1,1,1,1785282413
2026-07-29T00:07:43Z,1146,15,0,3,1,0,1,1,1,1785283519
2026-07-29T00:07:43Z,1147,8,0,11,0,0,1,1,1,1785282078
2026-07-29T00:07:43Z,1148,17,2,14,0,0,1,1,1,1785282228
2026-07-29T00:07:43Z,1149,3,3,22,0,0,1,1,1,1785283344
2026-07-29T00:07:43Z,1150,13,0,6,0,0,1,1,1,1785283640
2026-07-29T00:07:43Z,1151,4,1,17,0,0,1,1,1,1785283368
2026-07-29T00:07:43Z,1152,7,1,21,1,0,1,1,1,1785283650
2026-07-29T00:07:43Z,1153,15,2,6,2,0,1,1,1,1785283203
2026-07-29T00:07:43Z,1154,14,3,5,0,0,1,1,1,1785283612
2026-07-29T00:07:43Z,1155,15,1,4,2,0,1,1,1,1785283042
2026-07-29T00:07:43Z,1158,2,0,17,0,0,1,1,1,1785282104
2026-07-29T00:07:43Z,1159,12,1,7,0,0,1,1,1,1785282416
2026-07-29T00:07:43Z,1160,15,1,4,0,0,1,1,1,1785282753
2026-07-29T00:07:43Z,1161,5,1,13,1,0,1,1,1,1785282524
2026-07-29T00:07:43Z,1162,3,0,16,0,0,1,1,1,1785282746
2026-07-29T00:07:43Z,1163,2,1,16,1,0,1,1,1,1785282210
2026-07-29T00:07:43Z,1164,9,1,10,0,0,1,1,1,1785282278
2026-07-29T00:07:43Z,1165,8,1,12,1,0,1,1,1,1785282908
2026-07-29T00:07:43Z,1166,5,2,15,1,0,1,1,1,1785282341
2026-07-29T00:07:43Z,1167,3,0,12,0,0,1,1,1,1785282180
2026-07-29T00:07:43Z,1168,2,0,21,0,0,1,1,1,1785282273
2026-07-29T00:07:43Z,1169,4,2,14,1,0,1,1,1,1785282906
2026-07-29T00:07:43Z,1170,8,4,12,1,0,1,1,1,1785283272
2026-07-29T00:07:43Z,1171,12,9,10,1,0,1,1,1,1785283638
2026-07-29T00:07:43Z,1172,7,2,6,2,0,1,1,1,1785282428
2026-07-29T00:07:43Z,1173,10,3,9,0,0,1,1,1,1785282308
2026-07-29T00:07:43Z,1174,4,2,10,1,0,1,1,1,1785282207
2026-07-29T00:07:43Z,1175,1,0,18,0,0,1,1,1,1785276365
2026-07-29T00:07:43Z,1176,14,0,7,0,0,1,1,1,1785283249
2026-07-29T00:07:43Z,1177,4,4,17,0,0,1,1,1,1785283171
2026-07-29T00:07:43Z,1178,1,0,14,0,0,1,1,1,1785282411
2026-07-29T00:07:43Z,1181,12,0,3,0,0,1,1,1,1785282843
2026-07-29T00:07:43Z,1182,1,0,19,0,0,1,1,1,1785282533
2026-07-29T00:07:43Z,1183,3,2,40,2,0,1,1,1,1785283588
2026-07-29T00:07:43Z,1184,9,2,12,0,0,1,1,1,1785283334
2026-07-29T00:07:43Z,1185,8,4,13,0,0,1,1,1,1785268003
2026-07-29T00:07:43Z,1186,10,5,9,0,0,1,1,1,1785282574
2026-07-29T00:07:43Z,1187,10,5,10,1,0,1,1,1,1785283523
2026-07-29T00:07:43Z,1188,9,3,6,0,0,1,1,1,1785282473
2026-07-29T00:07:43Z,1189,10,5,9,0,0,1,1,1,1785282340
2026-07-29T00:07:43Z,1190,10,5,11,0,0,1,1,1,1785283437
2026-07-29T00:07:43Z,1191,10,5,5,0,0,1,1,1,1785282453
2026-07-29T00:07:43Z,1192,9,6,12,0,0,1,1,1,1785281986
2026-07-29T00:07:43Z,1193,7,4,4,2,0,1,1,1,1785283338
2026-07-29T00:07:43Z,1197,9,7,7,1,0,1,1,1,1785283299
2026-07-29T00:07:43Z,1198,10,0,6,5,0,1,1,1,1785282486
2026-07-29T00:07:43Z,1199,2,0,17,0,0,1,1,1,1785282695
2026-07-29T00:07:43Z,1200,11,5,4,0,0,1,1,1,1785282502
2026-07-29T00:07:43Z,1201,8,4,7,0,0,1,1,1,1785282486
2026-07-29T00:07:43Z,1202,10,5,5,0,0,1,1,1,1785282557
2026-07-29T00:07:43Z,1203,9,4,6,0,0,1,1,1,1785282471
2026-07-29T00:07:43Z,1204,8,4,11,0,0,1,1,1,1785282023
2026-07-29T00:07:43Z,1206,10,5,11,0,0,1,1,1,1785282939
2026-07-29T00:07:43Z,1207,9,4,5,1,0,1,1,1,1785282791
2026-07-29T00:07:43Z,1208,11,6,8,0,0,1,1,1,1785282487
2026-07-29T00:07:43Z,1216,7,0,13,1,0,1,1,1,1785283238
2026-07-29T00:07:43Z,1218,1,0,20,0,0,1,1,1,1785283628
2026-07-29T00:07:43Z,1219,10,5,4,1,0,1,1,1,1785283576
2026-07-29T00:07:43Z,1220,17,8,1,1,0,1,1,1,1785283135
2026-07-29T00:07:43Z,1221,3,3,18,0,0,1,1,1,1785282923
2026-07-29T00:07:43Z,1222,17,0,11,1,0,1,1,1,1785283447
2026-07-29T00:07:43Z,1223,12,2,17,0,0,1,1,1,1785283603
2026-07-29T00:07:43Z,1226,0,0,3,0,0,0,1,1,1781868931
2026-07-29T00:07:43Z,1227,9,1,16,0,0,1,1,1,1785282436
2026-07-29T00:07:43Z,1228,1,1,28,0,0,1,1,1,1785283202
2026-07-29T00:07:43Z,1229,14,1,30,1,0,1,1,1,1785283656
2026-07-29T00:07:43Z,1230,0,0,3,0,0,0,1,1,1784903368
2026-07-29T00:07:43Z,1231,0,0,3,0,0,0,1,1,1784903330
2026-07-29T00:07:43Z,1232,0,0,3,0,0,0,1,1,1784902406
2026-07-29T00:07:43Z,1233,0,0,3,0,0,0,1,1,1784903104
2026-07-29T00:07:43Z,1234,0,0,3,0,0,0,1,1,1784902919
2026-07-29T00:12:43Z,1,7,0,15,1,0,1,1,1,1785283879
2026-07-29T00:12:43Z,2,0,0,25,2,0,1,1,1,1785283751
2026-07-29T00:12:43Z,3,10,0,1,3,0,1,1,1,1785283384
2026-07-29T00:12:43Z,4,3,2,18,1,0,1,1,1,1785280075
2026-07-29T00:12:43Z,5,0,0,23,0,0,1,1,1,1785275992
2026-07-29T00:12:43Z,6,8,0,7,0,0,1,1,1,1785282977
2026-07-29T00:12:43Z,7,14,0,25,0,0,1,1,1,1785281622
2026-07-29T00:12:43Z,8,8,2,34,1,0,1,1,1,1785283006
2026-07-29T00:12:43Z,9,5,0,18,0,0,1,1,1,1785281365
2026-07-29T00:12:43Z,10,5,1,17,1,0,1,1,1,1785282467
2026-07-29T00:12:43Z,11,12,2,6,1,0,1,1,1,1785283906
2026-07-29T00:12:43Z,12,20,1,2,1,0,1,1,1,1785283919
2026-07-29T00:12:43Z,13,13,0,17,0,0,1,1,1,1785281216
2026-07-29T00:12:43Z,14,18,0,24,0,1,1,1,1,1785280309
2026-07-29T00:12:43Z,15,4,1,11,0,0,1,1,1,1785280302
2026-07-29T00:12:43Z,16,15,2,10,2,0,1,1,1,1785278874
2026-07-29T00:12:43Z,17,3,0,23,1,0,1,1,1,1785282919
2026-07-29T00:12:43Z,18,14,0,2,2,0,1,1,1,1785282920
2026-07-29T00:12:43Z,19,16,0,11,0,0,1,1,1,1785283595
2026-07-29T00:12:43Z,20,11,1,23,1,0,1,1,1,1785283915
2026-07-29T00:12:43Z,21,13,0,6,0,0,1,1,1,1785283950
2026-07-29T00:12:43Z,22,31,0,33,1,0,1,1,1,1785277433
2026-07-29T00:12:43Z,23,4,0,27,0,0,1,1,1,1785282534
2026-07-29T00:12:43Z,24,2,0,7,2,0,1,1,1,1785283956
2026-07-29T00:12:43Z,25,12,0,67,1,1,1,1,1,1785283951
2026-07-29T00:12:43Z,26,1,0,26,0,0,1,1,1,1785282426
2026-07-29T00:12:43Z,28,12,2,3,0,0,1,1,1,1785281878
2026-07-29T00:12:43Z,30,15,0,12,2,0,1,1,1,1785283713
2026-07-29T00:12:43Z,31,6,0,12,1,0,1,1,1,1785283745
2026-07-29T00:12:43Z,32,20,0,7,0,0,1,1,1,1785282981
2026-07-29T00:12:43Z,34,16,0,21,0,0,1,1,1,1785283319
2026-07-29T00:12:43Z,35,20,1,27,0,0,1,1,1,1785283414
2026-07-29T00:12:43Z,36,0,0,0,0,0,0,1,1,86400
2026-07-29T00:12:43Z,37,3,1,20,0,0,1,1,1,1785283780
2026-07-29T00:12:43Z,38,1,0,22,0,0,1,1,1,1785276199
2026-07-29T00:12:43Z,39,36,2,2,1,0,1,1,1,1785277440
2026-07-29T00:12:43Z,40,1,0,19,1,0,1,1,1,1785283945
2026-07-29T00:12:43Z,41,37,0,4,2,0,1,1,1,1785281712
2026-07-29T00:12:43Z,42,30,5,0,1,0,1,1,1,1785283804
2026-07-29T00:12:43Z,43,23,4,0,0,0,1,1,1,1785282013
2026-07-29T00:12:43Z,45,4,0,25,0,0,1,1,1,1785276861
2026-07-29T00:12:43Z,46,10,4,19,2,0,1,1,1,1785283232
2026-07-29T00:12:43Z,47,7,3,7,1,0,1,1,1,1785281873
2026-07-29T00:12:43Z,48,18,0,9,0,0,1,1,1,1785281427
2026-07-29T00:12:43Z,49,1,0,18,4,0,1,1,1,1785283957
2026-07-29T00:12:43Z,50,4,1,13,2,0,1,1,1,1785282074
2026-07-29T00:12:43Z,51,30,0,46,1,0,1,1,1,1785281428
2026-07-29T00:12:43Z,52,10,0,14,3,0,1,1,1,1785283898
2026-07-29T00:12:43Z,55,0,0,23,0,0,1,1,1,1785282165
2026-07-29T00:12:43Z,56,0,0,43,0,0,1,1,1,1785283958
2026-07-29T00:12:43Z,57,8,0,18,1,0,1,1,1,1785282572
2026-07-29T00:12:43Z,58,5,2,23,0,0,1,1,1,1785283957
2026-07-29T00:12:43Z,59,1,0,25,1,0,1,1,1,1785283788
2026-07-29T00:12:43Z,61,18,0,21,0,0,1,1,1,1785282699
2026-07-29T00:12:43Z,62,10,7,39,0,0,1,1,1,1785283234
2026-07-29T00:12:43Z,63,8,2,11,0,0,1,1,1,1785278246
2026-07-29T00:12:43Z,64,12,0,7,0,0,1,1,1,1785275024
2026-07-29T00:12:43Z,65,9,3,7,3,0,1,1,1,1785277861
2026-07-29T00:12:43Z,67,4,3,35,0,0,1,1,1,1785283371
2026-07-29T00:12:43Z,68,8,1,29,0,0,1,1,1,1785282353
2026-07-29T00:12:43Z,69,15,1,0,0,0,1,1,1,1785280943
2026-07-29T00:12:43Z,71,1,0,24,2,0,1,1,1,1785283231
2026-07-29T00:12:43Z,72,19,4,10,1,0,1,1,1,1785283046
2026-07-29T00:12:43Z,73,5,0,26,0,0,1,1,1,1785282647
2026-07-29T00:12:43Z,74,4,1,15,0,0,1,1,1,1785281755
2026-07-29T00:12:43Z,75,10,0,21,1,0,1,1,1,1785280946
2026-07-29T00:12:43Z,76,4,0,15,0,0,1,1,1,1785278116
2026-07-29T00:12:43Z,77,25,1,1,1,0,1,1,1,1785281988
2026-07-29T00:12:43Z,78,3,2,20,0,0,1,1,1,1785282579
2026-07-29T00:12:43Z,79,0,0,16,1,0,1,1,1,1785283497
2026-07-29T00:12:43Z,80,11,0,10,2,0,1,1,1,1785283711
2026-07-29T00:12:43Z,81,9,1,21,1,0,1,1,1,1785282628
2026-07-29T00:12:43Z,82,3,2,19,1,0,1,1,1,1785283709
2026-07-29T00:12:43Z,83,19,7,13,2,0,1,1,1,1785283954
2026-07-29T00:12:43Z,84,27,6,0,0,0,1,1,1,1785283419
2026-07-29T00:12:43Z,85,8,3,7,0,0,1,1,1,1785283870
2026-07-29T00:12:43Z,86,24,1,3,0,0,1,1,1,1785282959
2026-07-29T00:12:43Z,87,10,0,9,0,0,1,1,1,1785277619
2026-07-29T00:12:43Z,88,35,1,7,1,0,1,1,1,1785283796
2026-07-29T00:12:43Z,89,9,6,26,0,0,1,1,1,1785283911
2026-07-29T00:12:43Z,90,16,0,1,1,0,1,1,1,1785283884
2026-07-29T00:12:43Z,91,10,0,7,0,0,1,1,1,1785283817
2026-07-29T00:12:43Z,92,4,0,13,2,0,1,1,1,1785283904
2026-07-29T00:12:43Z,93,18,1,5,0,0,1,1,1,1785283325
2026-07-29T00:12:43Z,94,0,0,18,1,0,1,1,1,1785275121
2026-07-29T00:12:43Z,95,20,1,13,1,1,1,1,1,1785282673
2026-07-29T00:12:43Z,96,28,4,2,1,0,1,1,1,1785281987
2026-07-29T00:12:43Z,97,4,0,12,1,0,1,1,1,1785283929
2026-07-29T00:12:43Z,98,19,0,16,0,0,1,1,1,1785283463
2026-07-29T00:12:43Z,99,4,1,11,0,0,1,1,1,1785278853
2026-07-29T00:12:43Z,100,15,1,12,0,0,1,1,1,1785283412
2026-07-29T00:12:43Z,101,12,2,2,1,0,1,1,1,1785282837
2026-07-29T00:12:43Z,102,9,0,14,0,0,1,1,1,1785282772
2026-07-29T00:12:43Z,103,9,4,15,4,0,1,1,1,1785283537
2026-07-29T00:12:43Z,104,0,0,25,2,0,1,1,1,1785283740
2026-07-29T00:12:43Z,105,12,2,6,1,0,1,1,1,1785278256
2026-07-29T00:12:43Z,106,4,1,17,0,0,1,1,1,1785281291
2026-07-29T00:12:43Z,107,15,0,22,0,0,1,1,1,1785283543
2026-07-29T00:12:43Z,108,29,4,4,2,0,1,1,1,1785283622
2026-07-29T00:12:43Z,109,8,0,15,0,0,1,1,1,1785283889
2026-07-29T00:12:43Z,110,22,0,1,0,0,1,1,1,1785278269
2026-07-29T00:12:43Z,111,10,4,25,1,0,1,1,1,1785283264
2026-07-29T00:12:43Z,112,13,0,1,1,0,1,1,1,1785277798
2026-07-29T00:12:43Z,113,17,1,0,2,0,1,1,1,1785283699
2026-07-29T00:12:43Z,114,7,3,18,6,0,1,1,1,1785283955
2026-07-29T00:12:43Z,115,10,1,12,7,0,1,1,1,1785282995
2026-07-29T00:12:43Z,116,18,13,9,0,0,1,1,1,1785283449
2026-07-29T00:12:43Z,118,15,4,5,3,0,1,1,1,1785283834
2026-07-29T00:12:43Z,119,12,1,24,2,0,1,1,1,1785283583
2026-07-29T00:12:43Z,120,5,1,21,1,0,1,1,1,1785283686
2026-07-29T00:12:43Z,121,2,0,15,1,1,1,1,1,1785283958
2026-07-29T00:12:43Z,122,15,1,6,0,0,1,1,1,1785283465
2026-07-29T00:12:43Z,123,11,11,35,1,0,1,1,1,1785282610
2026-07-29T00:12:43Z,124,17,2,18,0,0,1,1,1,1785283542
2026-07-29T00:12:43Z,125,5,4,18,0,0,1,1,1,1785281270
2026-07-29T00:12:43Z,126,25,3,6,0,0,1,1,1,1785283334
2026-07-29T00:12:43Z,127,33,4,0,2,0,1,1,1,1785283776
2026-07-29T00:12:43Z,128,12,3,7,0,0,1,1,1,1785283017
2026-07-29T00:12:43Z,129,18,4,0,1,0,1,1,1,1785277737
2026-07-29T00:12:43Z,130,14,1,3,0,0,1,1,1,1785283254
2026-07-29T00:12:43Z,131,3,3,8,0,0,1,1,1,1785279003
2026-07-29T00:12:43Z,132,7,2,7,0,1,1,1,1,1785283450
2026-07-29T00:12:43Z,134,16,6,5,2,0,1,1,1,1785283697
2026-07-29T00:12:43Z,135,2,0,17,0,0,1,1,1,1785283694
2026-07-29T00:12:43Z,136,11,1,12,0,0,1,1,1,1785279335
2026-07-29T00:12:43Z,137,3,1,16,0,0,1,1,1,1785283764
2026-07-29T00:12:43Z,138,15,0,22,0,0,1,1,1,1785283900
2026-07-29T00:12:43Z,139,15,3,4,0,0,1,1,1,1785283815
2026-07-29T00:12:43Z,140,21,5,1,1,0,1,1,1,1785283956
2026-07-29T00:12:43Z,141,34,1,1,3,0,1,1,1,1785283816
2026-07-29T00:12:43Z,142,21,0,1,1,0,1,1,1,1785283944
2026-07-29T00:12:43Z,143,29,3,1,1,0,1,1,1,1785283500
2026-07-29T00:12:43Z,144,27,0,0,0,0,1,1,1,1785282076
2026-07-29T00:12:43Z,145,20,1,9,0,0,1,1,1,1785283752
2026-07-29T00:12:43Z,146,7,0,15,1,0,1,1,1,1785281362
2026-07-29T00:12:43Z,147,6,0,10,3,0,1,1,1,1785283535
2026-07-29T00:12:43Z,148,17,5,4,5,0,1,1,1,1785283941
2026-07-29T00:12:43Z,149,21,1,6,0,0,1,1,1,1785281269
2026-07-29T00:12:43Z,150,32,2,2,1,0,1,1,1,1785283954
2026-07-29T00:12:43Z,151,22,0,1,0,0,1,1,1,1785281942
2026-07-29T00:12:43Z,152,23,4,2,2,0,1,1,1,1785283754
2026-07-29T00:12:43Z,153,30,4,0,1,0,1,1,1,1785283940
2026-07-29T00:12:43Z,154,14,0,6,3,0,1,1,1,1785283767
2026-07-29T00:12:43Z,155,3,0,10,1,0,1,1,1,1785283699
2026-07-29T00:12:43Z,156,12,0,7,0,0,1,1,1,1785283181
2026-07-29T00:12:43Z,157,24,4,1,2,0,1,1,1,1785283671
2026-07-29T00:12:43Z,158,15,2,1,0,0,1,1,1,1785283008
2026-07-29T00:12:43Z,159,9,2,10,0,0,1,1,1,1785283474
2026-07-29T00:12:43Z,160,12,3,7,0,0,1,1,1,1785283515
2026-07-29T00:12:43Z,161,9,0,13,1,0,1,1,1,1785283546
2026-07-29T00:12:43Z,162,24,6,2,1,0,1,1,1,1785283936
2026-07-29T00:12:43Z,163,30,5,0,0,1,1,1,1,1785283743
2026-07-29T00:12:43Z,164,26,4,1,0,0,1,1,1,1785283612
2026-07-29T00:12:43Z,165,29,12,2,0,0,1,1,1,1785283387
2026-07-29T00:12:43Z,166,30,5,6,3,0,1,1,1,1785283960
2026-07-29T00:12:43Z,167,19,10,3,1,0,1,1,1,1785282542
2026-07-29T00:12:43Z,168,1,0,25,1,0,1,1,1,1785283878
2026-07-29T00:12:43Z,169,22,1,0,0,1,1,1,1,1785283283
2026-07-29T00:12:43Z,170,2,2,16,1,0,1,1,1,1785279283
2026-07-29T00:12:43Z,171,9,2,2,2,0,1,1,1,1785283956
2026-07-29T00:12:43Z,173,26,2,13,0,0,1,1,1,1785283069
2026-07-29T00:12:43Z,174,19,2,7,0,0,1,1,1,1785283820
2026-07-29T00:12:43Z,175,29,2,2,0,0,1,1,1,1785283123
2026-07-29T00:12:43Z,176,14,0,0,1,0,1,1,1,1785283922
2026-07-29T00:12:43Z,177,26,0,1,0,0,1,1,1,1785282399
2026-07-29T00:12:43Z,178,11,1,2,1,1,1,1,1,1785283893
2026-07-29T00:12:43Z,179,13,0,0,2,0,1,1,1,1785283429
2026-07-29T00:12:43Z,180,7,0,23,0,0,1,1,1,1785283430
2026-07-29T00:12:43Z,181,4,0,9,2,0,1,1,1,1785283852
2026-07-29T00:12:43Z,182,9,4,8,0,0,1,1,1,1785283851
2026-07-29T00:12:43Z,183,13,2,10,0,0,1,1,1,1785283587
2026-07-29T00:12:43Z,184,1,0,21,1,0,1,1,1,1785280580
2026-07-29T00:12:43Z,185,4,2,8,2,1,1,1,1,1785282988
2026-07-29T00:12:43Z,186,1,0,18,0,0,1,1,1,1785283910
2026-07-29T00:12:43Z,187,1,1,26,1,0,1,1,1,1785280058
2026-07-29T00:12:43Z,188,18,2,0,7,2,1,1,1,1785283734
2026-07-29T00:12:43Z,189,15,7,0,0,0,1,1,1,1785282523
2026-07-29T00:12:43Z,190,1,0,22,0,0,1,1,1,1785279861
2026-07-29T00:12:43Z,191,2,2,36,1,0,1,1,1,1785283719
2026-07-29T00:12:43Z,192,20,8,10,1,0,1,1,1,1785281842
2026-07-29T00:12:43Z,193,13,8,2,0,0,1,1,1,1785283078
2026-07-29T00:12:43Z,194,0,0,27,0,0,1,1,1,1785283849
2026-07-29T00:12:43Z,195,1,1,18,0,0,1,1,1,1785281107
2026-07-29T00:12:43Z,196,17,9,10,0,0,1,1,1,1785283506
2026-07-29T00:12:43Z,197,14,0,3,1,1,1,1,1,1785283637
2026-07-29T00:12:43Z,198,9,3,13,1,0,1,1,1,1785283353
2026-07-29T00:12:43Z,199,10,8,4,1,0,1,1,1,1785283852
2026-07-29T00:12:43Z,200,6,6,20,0,0,1,1,1,1785283253
2026-07-29T00:12:43Z,201,8,7,15,0,0,1,1,1,1785283829
2026-07-29T00:12:43Z,202,0,0,27,0,0,1,1,1,1785277454
2026-07-29T00:12:43Z,203,25,3,5,1,0,1,1,1,1785283837
2026-07-29T00:12:43Z,204,29,3,4,2,0,1,1,1,1785281864
2026-07-29T00:12:43Z,205,11,2,16,0,0,1,1,1,1785283028
2026-07-29T00:12:43Z,206,8,5,6,1,0,1,1,1,1785283883
2026-07-29T00:12:43Z,207,6,1,15,0,0,1,1,1,1785283850
2026-07-29T00:12:43Z,208,1,1,27,1,0,1,1,1,1785283582
2026-07-29T00:12:43Z,209,25,1,4,1,1,1,1,1,1785283692
2026-07-29T00:12:43Z,210,10,8,17,0,0,1,1,1,1785282729
2026-07-29T00:12:43Z,211,11,6,11,1,0,1,1,1,1785283909
2026-07-29T00:12:43Z,212,26,2,8,1,0,1,1,1,1785283704
2026-07-29T00:12:43Z,213,11,0,11,1,0,1,1,1,1785283749
2026-07-29T00:12:43Z,214,6,4,37,4,0,1,1,1,1785283239
2026-07-29T00:12:43Z,215,11,5,12,0,0,1,1,1,1785283326
2026-07-29T00:12:43Z,216,18,3,0,1,0,1,1,1,1785283213
2026-07-29T00:12:43Z,217,25,3,3,1,0,1,1,1,1785283736
2026-07-29T00:12:43Z,218,10,10,26,3,0,1,1,1,1785283912
2026-07-29T00:12:43Z,219,12,1,13,1,0,1,1,1,1785283626
2026-07-29T00:12:43Z,220,24,19,18,0,1,1,1,1,1785283557
2026-07-29T00:12:43Z,221,15,7,0,0,0,1,1,1,1785282332
2026-07-29T00:12:43Z,222,13,2,6,0,0,1,1,1,1785282597
2026-07-29T00:12:43Z,223,1,0,33,1,0,1,1,1,1785283781
2026-07-29T00:12:43Z,224,6,6,16,0,0,1,1,1,1785283216
2026-07-29T00:12:43Z,225,8,3,7,4,0,1,1,1,1785282874
2026-07-29T00:12:43Z,226,17,15,14,0,0,1,1,1,1785283081
2026-07-29T00:12:43Z,227,9,9,15,3,0,1,1,1,1785283096
2026-07-29T00:12:43Z,228,6,5,13,0,0,1,1,1,1785281670
2026-07-29T00:12:43Z,230,25,3,1,0,0,1,1,1,1785283704
2026-07-29T00:12:43Z,232,11,0,5,1,0,1,1,1,1785279736
2026-07-29T00:12:43Z,233,30,4,0,1,0,1,1,1,1785281404
2026-07-29T00:12:43Z,234,4,0,9,4,2,1,1,1,1785283839
2026-07-29T00:12:43Z,236,2,1,16,1,0,1,1,1,1785275886
2026-07-29T00:12:43Z,237,21,0,1,1,0,1,1,1,1785282814
2026-07-29T00:12:43Z,239,6,4,21,0,0,1,1,1,1785283458
2026-07-29T00:12:43Z,241,19,7,3,1,0,1,1,1,1785282247
2026-07-29T00:12:43Z,242,17,9,3,3,0,1,1,1,1785283394
2026-07-29T00:12:43Z,243,25,5,0,6,0,1,1,1,1785282472
2026-07-29T00:12:43Z,244,22,5,4,1,0,1,1,1,1785283140
2026-07-29T00:12:43Z,245,18,9,5,0,0,1,1,1,1785283232
2026-07-29T00:12:43Z,246,3,0,20,0,0,1,1,1,1785280632
2026-07-29T00:12:43Z,247,20,8,2,1,0,1,1,1,1785282251
2026-07-29T00:12:43Z,248,15,3,6,2,0,1,1,1,1785282438
2026-07-29T00:12:43Z,249,12,5,6,1,0,1,1,1,1785283882
2026-07-29T00:12:43Z,250,23,3,1,3,0,1,1,1,1785283594
2026-07-29T00:12:43Z,251,23,3,0,4,0,1,1,1,1785282030
2026-07-29T00:12:43Z,253,5,3,10,1,3,1,1,1,1785283785
2026-07-29T00:12:43Z,254,35,5,8,0,0,1,1,1,1785283784
2026-07-29T00:12:43Z,255,1,0,21,0,1,1,1,1,1785283926
2026-07-29T00:12:43Z,256,10,3,12,1,0,1,1,1,1785282717
2026-07-29T00:12:43Z,257,11,2,8,0,0,1,1,1,1785283207
2026-07-29T00:12:43Z,258,12,7,5,2,0,1,1,1,1785283753
2026-07-29T00:12:43Z,259,9,3,12,1,1,1,1,1,1785283211
2026-07-29T00:12:43Z,260,16,6,1,2,0,1,1,1,1785282140
2026-07-29T00:12:43Z,261,8,2,10,0,1,1,1,1,1785283841
2026-07-29T00:12:43Z,262,21,11,1,1,0,1,1,1,1785283564
2026-07-29T00:12:43Z,263,12,4,3,0,0,1,1,1,1785283369
2026-07-29T00:12:43Z,264,16,6,2,1,0,1,1,1,1785282530
2026-07-29T00:12:43Z,265,3,1,11,1,0,1,1,1,1785282993
2026-07-29T00:12:43Z,266,10,7,6,3,0,1,1,1,1785283128
2026-07-29T00:12:43Z,267,3,2,11,1,0,1,1,1,1785283838
2026-07-29T00:12:43Z,268,18,4,4,1,0,1,1,1,1785281627
2026-07-29T00:12:43Z,269,7,0,15,1,0,1,1,1,1785282294
2026-07-29T00:12:43Z,270,9,0,17,1,0,1,1,1,1785283907
2026-07-29T00:12:43Z,271,11,0,6,2,0,1,1,1,1785280907
2026-07-29T00:12:43Z,272,19,3,4,0,0,1,1,1,1785283703
2026-07-29T00:12:43Z,273,13,5,1,1,0,1,1,1,1785281246
2026-07-29T00:12:43Z,274,8,3,9,2,0,1,1,1,1785282913
2026-07-29T00:12:43Z,275,21,1,1,1,0,1,1,1,1785280433
2026-07-29T00:12:43Z,276,19,0,8,0,0,1,1,1,1785282359
2026-07-29T00:12:43Z,277,8,8,11,4,0,1,1,1,1785283931
2026-07-29T00:12:43Z,278,18,10,11,1,1,1,1,1,1785280741
2026-07-29T00:12:43Z,279,3,2,15,1,0,1,1,1,1785283547
2026-07-29T00:12:43Z,280,3,2,26,2,0,1,1,1,1785283847
2026-07-29T00:12:43Z,281,8,1,11,0,0,1,1,1,1785280643
2026-07-29T00:12:43Z,282,12,2,6,1,0,1,1,1,1785283947
2026-07-29T00:12:43Z,283,35,2,0,0,0,1,1,1,1785281664
2026-07-29T00:12:43Z,284,26,9,8,1,0,1,1,1,1785283205
2026-07-29T00:12:43Z,285,10,7,13,0,0,1,1,1,1785281685
2026-07-29T00:12:43Z,286,12,11,9,2,0,1,1,1,1785283684
2026-07-29T00:12:43Z,287,8,1,12,3,0,1,1,1,1785279065
2026-07-29T00:12:43Z,288,8,6,11,0,0,1,1,1,1785282878
2026-07-29T00:12:43Z,289,6,2,21,0,0,1,1,1,1785278819
2026-07-29T00:12:43Z,290,9,1,29,1,0,1,1,1,1785283334
2026-07-29T00:12:43Z,291,18,0,4,1,0,1,1,1,1785283155
2026-07-29T00:12:43Z,292,12,4,11,0,0,1,1,1,1785283684
2026-07-29T00:12:43Z,293,21,3,0,2,0,1,1,1,1785283412
2026-07-29T00:12:43Z,294,3,3,18,1,0,1,1,1,1785283375
2026-07-29T00:12:43Z,297,11,1,6,1,1,1,1,1,1785283894
2026-07-29T00:12:43Z,301,16,0,2,1,0,1,1,1,1785283632
2026-07-29T00:12:43Z,302,3,2,20,0,0,1,1,1,1785283842
2026-07-29T00:12:43Z,303,3,0,16,0,0,1,1,1,1785279501
2026-07-29T00:12:43Z,304,0,0,0,0,0,0,1,1,86400
2026-07-29T00:12:43Z,305,4,0,15,0,0,1,1,1,1785282002
2026-07-29T00:12:43Z,306,3,0,28,1,0,1,1,1,1785281340
2026-07-29T00:12:43Z,307,18,2,5,0,0,1,1,1,1785283107
2026-07-29T00:12:43Z,308,3,0,14,2,0,1,1,1,1785283444
2026-07-29T00:12:43Z,309,11,4,3,0,0,1,1,1,1785282576
2026-07-29T00:12:43Z,311,2,1,12,1,0,1,1,1,1785281996
2026-07-29T00:12:43Z,312,9,9,11,2,1,1,1,1,1785283938
2026-07-29T00:12:43Z,313,7,3,8,0,0,1,1,1,1785281132
2026-07-29T00:12:43Z,314,5,4,12,1,0,1,1,1,1785279718
2026-07-29T00:12:43Z,315,29,5,0,2,0,1,1,1,1785282528
2026-07-29T00:12:43Z,316,22,2,2,6,1,1,1,1,1785283664
2026-07-29T00:12:43Z,317,9,6,19,3,0,1,1,1,1785282065
2026-07-29T00:12:43Z,318,12,4,7,0,0,1,1,1,1785282997
2026-07-29T00:12:43Z,319,8,2,15,0,0,1,1,1,1785283656
2026-07-29T00:12:43Z,320,18,1,0,1,0,1,1,1,1785283625
2026-07-29T00:12:43Z,321,4,1,13,2,0,1,1,1,1785274503
2026-07-29T00:12:43Z,322,17,1,12,0,0,1,1,1,1785283266
2026-07-29T00:12:43Z,323,9,0,10,0,0,1,1,1,1785281588
2026-07-29T00:12:43Z,324,0,0,24,3,0,1,1,1,1785283957
2026-07-29T00:12:43Z,325,1,0,24,2,0,1,1,1,1785281985
2026-07-29T00:12:43Z,327,26,3,1,0,0,1,1,1,1785283497
2026-07-29T00:12:43Z,328,23,0,0,0,0,1,1,1,1785282899
2026-07-29T00:12:43Z,329,16,0,2,1,0,1,1,1,1785283722
2026-07-29T00:12:43Z,330,3,1,19,0,0,1,1,1,1785283772
2026-07-29T00:12:43Z,331,3,0,19,2,0,1,1,1,1785283489
2026-07-29T00:12:43Z,332,7,0,11,1,0,1,1,1,1785283003
2026-07-29T00:12:43Z,333,11,8,11,1,0,1,1,1,1785283765
2026-07-29T00:12:43Z,334,12,1,10,1,0,1,1,1,1785283948
2026-07-29T00:12:43Z,335,18,2,3,1,1,1,1,1,1785282975
2026-07-29T00:12:43Z,336,9,2,10,0,0,1,1,1,1785283414
2026-07-29T00:12:43Z,337,11,1,9,3,0,1,1,1,1785283703
2026-07-29T00:12:43Z,338,16,5,3,0,0,1,1,1,1785283012
2026-07-29T00:12:43Z,339,5,2,16,2,0,1,1,1,1785283847
2026-07-29T00:12:43Z,340,10,5,4,1,0,1,1,1,1785282670
2026-07-29T00:12:43Z,341,11,2,7,1,0,1,1,1,1785283023
2026-07-29T00:12:43Z,342,7,1,8,0,0,1,1,1,1785283273
2026-07-29T00:12:43Z,343,13,1,8,2,0,1,1,1,1785283676
2026-07-29T00:12:43Z,344,13,1,10,0,0,1,1,1,1785283275
2026-07-29T00:12:43Z,345,7,0,11,1,0,1,1,1,1785281098
2026-07-29T00:12:43Z,346,7,4,16,0,0,1,1,1,1785277413
2026-07-29T00:12:43Z,347,20,1,21,3,0,1,1,1,1785283959
2026-07-29T00:12:43Z,348,17,2,5,0,1,1,1,1,1785283698
2026-07-29T00:12:43Z,349,5,4,13,1,0,1,1,1,1785283820
2026-07-29T00:12:43Z,350,14,2,11,1,1,1,1,1,1785281168
2026-07-29T00:12:43Z,351,1,1,20,2,0,1,1,1,1785283954
2026-07-29T00:12:43Z,355,23,2,0,0,0,1,1,1,1785283908
2026-07-29T00:12:43Z,356,4,0,14,1,0,1,1,1,1785281950
2026-07-29T00:12:43Z,357,19,5,0,0,0,1,1,1,1785283495
2026-07-29T00:12:43Z,358,26,4,0,1,0,1,1,1,1785278774
2026-07-29T00:12:43Z,359,9,1,18,0,0,1,1,1,1785283449
2026-07-29T00:12:43Z,360,10,4,8,1,0,1,1,1,1785276632
2026-07-29T00:12:43Z,362,10,3,8,1,0,1,1,1,1785283156
2026-07-29T00:12:43Z,363,16,1,11,0,0,1,1,1,1785283538
2026-07-29T00:12:43Z,364,14,2,5,0,0,1,1,1,1785281917
2026-07-29T00:12:43Z,365,7,1,14,2,0,1,1,1,1785283890
2026-07-29T00:12:43Z,366,12,3,6,5,0,1,1,1,1785283850
2026-07-29T00:12:43Z,367,7,3,10,2,0,1,1,1,1785282907
2026-07-29T00:12:43Z,368,18,2,4,1,0,1,1,1,1785283209
2026-07-29T00:12:43Z,370,14,12,12,1,0,1,1,1,1785281844
2026-07-29T00:12:43Z,371,2,1,16,1,0,1,1,1,1785280198
2026-07-29T00:12:43Z,372,12,2,3,0,0,1,1,1,1785282745
2026-07-29T00:12:43Z,373,19,6,3,3,1,1,1,1,1785283211
2026-07-29T00:12:43Z,374,11,4,6,2,0,1,1,1,1785283756
2026-07-29T00:12:43Z,375,24,4,0,3,0,1,1,1,1785276760
2026-07-29T00:12:43Z,376,28,2,6,5,0,1,1,1,1785282385
2026-07-29T00:12:43Z,377,12,3,15,0,0,1,1,1,1785283051
2026-07-29T00:12:43Z,378,9,3,13,1,1,1,1,1,1785283923
2026-07-29T00:12:43Z,379,5,1,21,1,0,1,1,1,1785281033
2026-07-29T00:12:43Z,380,16,0,6,1,0,1,1,1,1785281151
2026-07-29T00:12:43Z,381,1,1,22,0,0,1,1,1,1785282648
2026-07-29T00:12:43Z,383,12,0,1,2,0,1,1,1,1785283955
2026-07-29T00:12:43Z,384,11,1,15,1,0,1,1,1,1785282019
2026-07-29T00:12:43Z,385,13,1,4,1,0,1,1,1,1785283253
2026-07-29T00:12:43Z,387,10,1,13,0,0,1,1,1,1785282035
2026-07-29T00:12:43Z,388,23,3,25,1,0,1,1,1,1785283426
2026-07-29T00:12:43Z,389,3,1,12,0,0,1,1,1,1785283142
2026-07-29T00:12:43Z,390,25,1,10,0,0,1,1,1,1785283420
2026-07-29T00:12:43Z,391,10,7,5,0,0,1,1,1,1785277473
2026-07-29T00:12:43Z,392,4,4,12,3,0,1,1,1,1785283881
2026-07-29T00:12:43Z,393,0,0,10,1,0,1,1,1,1785276486
2026-07-29T00:12:43Z,394,8,3,4,1,0,1,1,1,1785283931
2026-07-29T00:12:43Z,396,6,3,35,1,0,1,1,1,1785281932
2026-07-29T00:12:43Z,397,23,6,8,0,0,1,1,1,1785283931
2026-07-29T00:12:43Z,399,9,1,7,1,0,1,1,1,1785283499
2026-07-29T00:12:43Z,400,10,7,11,2,0,1,1,1,1785283763
2026-07-29T00:12:43Z,401,10,6,21,8,0,1,1,1,1785281041
2026-07-29T00:12:43Z,403,16,2,13,2,0,1,1,1,1785283724
2026-07-29T00:12:43Z,404,1,0,22,0,0,1,1,1,1785283572
2026-07-29T00:12:43Z,406,32,0,2,1,0,1,1,1,1785282940
2026-07-29T00:12:43Z,407,15,3,19,0,0,1,1,1,1785277358
2026-07-29T00:12:43Z,408,2,1,30,0,0,1,1,1,1785282768
2026-07-29T00:12:43Z,409,0,0,19,4,0,1,1,1,1785280762
2026-07-29T00:12:43Z,413,5,1,17,1,0,1,1,1,1785282047
2026-07-29T00:12:43Z,414,5,0,10,0,0,1,1,1,1785283524
2026-07-29T00:12:43Z,417,9,4,10,0,0,1,1,1,1785282112
2026-07-29T00:12:43Z,418,9,4,6,0,0,1,1,1,1785283031
2026-07-29T00:12:43Z,419,17,2,6,0,0,1,1,1,1785279236
2026-07-29T00:12:43Z,421,18,3,1,0,0,1,1,1,1785283444
2026-07-29T00:12:43Z,422,13,5,14,0,0,1,1,1,1785283210
2026-07-29T00:12:43Z,423,12,4,11,0,0,1,1,1,1785278090
2026-07-29T00:12:43Z,424,8,5,5,2,0,1,1,1,1785283716
2026-07-29T00:12:43Z,425,9,3,9,4,0,1,1,1,1785283838
2026-07-29T00:12:43Z,426,2,0,33,2,0,1,1,1,1785281696
2026-07-29T00:12:43Z,427,7,0,7,1,0,1,1,1,1785283883
2026-07-29T00:12:43Z,428,9,1,9,1,0,1,1,1,1785280874
2026-07-29T00:12:43Z,429,17,6,0,6,0,1,1,1,1785283944
2026-07-29T00:12:43Z,430,13,3,16,2,0,1,1,1,1785283754
2026-07-29T00:12:43Z,431,12,2,18,3,0,1,1,1,1785283846
2026-07-29T00:12:43Z,432,18,0,13,0,0,1,1,1,1785283870
2026-07-29T00:12:43Z,433,20,4,1,2,0,1,1,1,1785283847
2026-07-29T00:12:43Z,437,10,4,8,1,0,1,1,1,1785283955
2026-07-29T00:12:43Z,438,4,3,14,1,0,1,1,1,1785283900
2026-07-29T00:12:43Z,439,10,2,4,1,0,1,1,1,1785283951
2026-07-29T00:12:43Z,440,3,0,10,2,0,1,1,1,1785283806
2026-07-29T00:12:43Z,441,5,1,9,1,0,1,1,1,1785283940
2026-07-29T00:12:43Z,442,7,4,12,0,0,1,1,1,1785278527
2026-07-29T00:12:43Z,443,5,2,22,0,0,1,1,1,1785273463
2026-07-29T00:12:43Z,444,3,0,20,0,0,1,1,1,1785279636
2026-07-29T00:12:43Z,445,5,1,17,0,1,1,1,1,1785283645
2026-07-29T00:12:43Z,446,4,0,18,1,0,1,1,1,1785282689
2026-07-29T00:12:43Z,447,1,0,20,1,1,1,1,1,1785272036
2026-07-29T00:12:43Z,448,8,0,7,0,0,1,1,1,1785282409
2026-07-29T00:12:43Z,452,4,4,14,1,0,1,1,1,1785281182
2026-07-29T00:12:43Z,453,6,3,8,1,0,1,1,1,1785283193
2026-07-29T00:12:43Z,454,7,0,12,0,0,1,1,1,1785282710
2026-07-29T00:12:43Z,455,7,4,32,0,0,1,1,1,1785282994
2026-07-29T00:12:43Z,456,17,3,1,2,0,1,1,1,1785283655
2026-07-29T00:12:43Z,457,19,0,5,3,0,1,1,1,1785283785
2026-07-29T00:12:43Z,458,7,2,14,2,0,1,1,1,1785283797
2026-07-29T00:12:43Z,459,5,1,10,0,0,1,1,1,1785281255
2026-07-29T00:12:43Z,460,12,1,10,1,0,1,1,1,1785283002
2026-07-29T00:12:43Z,461,3,0,15,1,0,1,1,1,1785283928
2026-07-29T00:12:43Z,462,5,0,16,0,0,1,1,1,1785281376
2026-07-29T00:12:43Z,463,4,0,15,0,0,1,1,1,1785281472
2026-07-29T00:12:43Z,464,0,0,14,0,0,1,1,1,1785276567
2026-07-29T00:12:43Z,465,8,7,6,1,0,1,1,1,1785281875
2026-07-29T00:12:43Z,466,9,3,4,2,0,1,1,1,1785278069
2026-07-29T00:12:43Z,467,2,0,13,0,0,1,1,1,1785282341
2026-07-29T00:12:43Z,468,13,5,5,1,0,1,1,1,1785272127
2026-07-29T00:12:43Z,469,11,2,12,0,0,1,1,1,1785279752
2026-07-29T00:12:43Z,470,4,0,10,0,1,1,1,1,1785283750
2026-07-29T00:12:43Z,471,11,0,16,0,0,1,1,1,1785279952
2026-07-29T00:12:43Z,472,6,5,12,1,0,1,1,1,1785283843
2026-07-29T00:12:43Z,473,4,2,15,0,0,1,1,1,1785283933
2026-07-29T00:12:43Z,474,16,1,2,1,0,1,1,1,1785282605
2026-07-29T00:12:43Z,475,9,1,9,1,0,1,1,1,1785283274
2026-07-29T00:12:43Z,476,3,0,10,9,0,1,1,1,1785283724
2026-07-29T00:12:43Z,477,5,3,10,0,0,1,1,1,1785283133
2026-07-29T00:12:43Z,478,28,1,3,0,0,1,1,1,1785280998
2026-07-29T00:12:43Z,479,6,0,20,1,0,1,1,1,1785283773
2026-07-29T00:12:43Z,480,2,0,10,3,0,1,1,1,1785278066
2026-07-29T00:12:43Z,481,7,0,27,1,0,1,1,1,1785283706
2026-07-29T00:12:43Z,482,10,6,9,0,0,1,1,1,1785283148
2026-07-29T00:12:43Z,483,19,0,4,4,0,1,1,1,1785283836
2026-07-29T00:12:43Z,484,5,0,14,0,0,1,1,1,1785279955
2026-07-29T00:12:43Z,485,12,2,5,1,1,1,1,1,1785283913
2026-07-29T00:12:43Z,486,12,0,13,2,0,1,1,1,1785283895
2026-07-29T00:12:43Z,487,15,3,2,2,0,1,1,1,1785283658
2026-07-29T00:12:43Z,489,12,6,3,0,0,1,1,1,1785281173
2026-07-29T00:12:43Z,490,9,2,7,0,0,1,1,1,1785283491
2026-07-29T00:12:43Z,491,8,5,12,1,0,1,1,1,1785280874
2026-07-29T00:12:43Z,492,6,1,2,3,0,1,1,1,1785283957
2026-07-29T00:12:43Z,493,8,0,19,0,0,1,1,1,1785283928
2026-07-29T00:12:43Z,495,1,1,14,0,0,1,1,1,1785281926
2026-07-29T00:12:43Z,496,20,0,7,0,0,1,1,1,1785282489
2026-07-29T00:12:43Z,497,11,2,8,0,0,1,1,1,1785283078
2026-07-29T00:12:43Z,498,23,7,0,0,0,1,1,1,1785277252
2026-07-29T00:12:43Z,499,8,3,11,0,0,1,1,1,1785279364
2026-07-29T00:12:43Z,500,5,4,9,1,0,1,1,1,1785282462
2026-07-29T00:12:43Z,501,0,0,21,0,0,1,1,1,1785283404
2026-07-29T00:12:43Z,502,0,0,18,1,0,1,1,1,1785278582
2026-07-29T00:12:43Z,503,2,2,28,1,0,1,1,1,1785283522
2026-07-29T00:12:43Z,504,23,3,16,0,0,1,1,1,1785283891
2026-07-29T00:12:43Z,505,8,3,3,1,0,1,1,1,1785283769
2026-07-29T00:12:43Z,511,3,2,20,0,0,1,1,1,1785282769
2026-07-29T00:12:43Z,512,7,0,20,0,0,1,1,1,1785283312
2026-07-29T00:12:43Z,514,5,1,3,3,0,1,1,1,1785278442
2026-07-29T00:12:43Z,515,14,8,4,1,0,1,1,1,1785283872
2026-07-29T00:12:43Z,516,3,1,23,1,0,1,1,1,1785280965
2026-07-29T00:12:43Z,517,11,1,11,1,0,1,1,1,1785281647
2026-07-29T00:12:43Z,518,7,0,7,1,0,1,1,1,1785276509
2026-07-29T00:12:43Z,519,9,1,10,0,0,1,1,1,1785282948
2026-07-29T00:12:43Z,520,10,0,14,2,1,1,1,1,1785278564
2026-07-29T00:12:43Z,521,3,1,20,0,0,1,1,1,1785280379
2026-07-29T00:12:43Z,522,22,1,1,0,0,1,1,1,1785281450
2026-07-29T00:12:43Z,523,5,2,17,1,0,1,1,1,1785276794
2026-07-29T00:12:43Z,524,15,0,8,0,0,1,1,1,1785283116
2026-07-29T00:12:43Z,525,8,2,11,0,0,1,1,1,1785281562
2026-07-29T00:12:43Z,526,8,3,4,3,0,1,1,1,1785276090
2026-07-29T00:12:43Z,527,7,7,17,2,0,1,1,1,1785283757
2026-07-29T00:12:43Z,528,16,1,6,1,0,1,1,1,1785280560
2026-07-29T00:12:43Z,529,1,0,16,2,0,1,1,1,1785283957
2026-07-29T00:12:43Z,530,13,1,7,1,0,1,1,1,1785283909
2026-07-29T00:12:43Z,531,13,0,9,0,1,1,1,1,1785283301
2026-07-29T00:12:43Z,532,0,0,29,1,1,1,1,1,1785283193
2026-07-29T00:12:43Z,533,2,1,15,2,0,1,1,1,1785283225
2026-07-29T00:12:43Z,534,12,5,11,0,0,1,1,1,1785283012
2026-07-29T00:12:43Z,535,2,0,13,0,0,1,1,1,1785283564
2026-07-29T00:12:43Z,536,1,0,22,0,0,1,1,1,1785283924
2026-07-29T00:12:43Z,537,0,0,20,0,0,1,1,1,1785277298
2026-07-29T00:12:43Z,538,12,4,9,0,2,1,1,1,1785283956
2026-07-29T00:12:43Z,539,2,2,29,0,0,1,1,1,1785280923
2026-07-29T00:12:43Z,540,0,0,19,0,0,1,1,1,1785282712
2026-07-29T00:12:43Z,541,26,4,0,1,0,1,1,1,1785282000
2026-07-29T00:12:43Z,542,0,0,23,0,0,1,1,1,1785283083
2026-07-29T00:12:43Z,543,12,2,5,2,0,1,1,1,1785283673
2026-07-29T00:12:43Z,544,15,1,5,2,0,1,1,1,1785282908
2026-07-29T00:12:43Z,545,14,1,4,1,0,1,1,1,1785282523
2026-07-29T00:12:43Z,546,1,1,18,0,0,1,1,1,1785283013
2026-07-29T00:12:43Z,547,12,1,13,0,0,1,1,1,1785283958
2026-07-29T00:12:43Z,548,4,0,18,1,0,1,1,1,1785281589
2026-07-29T00:12:43Z,549,20,3,2,1,0,1,1,1,1785283836
2026-07-29T00:12:43Z,550,4,3,15,0,0,1,1,1,1785282150
2026-07-29T00:12:43Z,551,11,1,12,0,0,1,1,1,1785281839
2026-07-29T00:12:43Z,552,27,3,0,0,0,1,1,1,1785280133
2026-07-29T00:12:43Z,553,20,2,1,1,1,1,1,1,1785283857
2026-07-29T00:12:43Z,554,3,3,16,0,0,1,1,1,1785281942
2026-07-29T00:12:43Z,555,1,0,14,0,0,1,1,1,1785279527
2026-07-29T00:12:43Z,556,14,3,8,1,0,1,1,1,1785283959
2026-07-29T00:12:43Z,557,0,0,21,2,0,1,1,1,1785282603
2026-07-29T00:12:43Z,558,12,2,25,0,0,1,1,1,1785283883
2026-07-29T00:12:43Z,559,1,0,17,1,0,1,1,1,1785283702
2026-07-29T00:12:43Z,560,27,0,0,0,0,1,1,1,1785277821
2026-07-29T00:12:43Z,561,11,1,11,1,0,1,1,1,1785283833
2026-07-29T00:12:43Z,562,8,6,21,6,0,1,1,1,1785279621
2026-07-29T00:12:43Z,563,12,0,2,0,0,1,1,1,1785282166
2026-07-29T00:12:43Z,564,7,2,12,0,0,1,1,1,1785278834
2026-07-29T00:12:43Z,565,2,0,17,0,0,1,1,1,1785283807
2026-07-29T00:12:43Z,566,15,3,3,1,0,1,1,1,1785283840
2026-07-29T00:12:43Z,567,3,0,23,1,0,1,1,1,1785283603
2026-07-29T00:12:43Z,568,10,0,8,1,0,1,1,1,1785281688
2026-07-29T00:12:43Z,569,4,1,15,0,0,1,1,1,1785277964
2026-07-29T00:12:43Z,570,9,0,10,0,0,1,1,1,1785279804
2026-07-29T00:12:43Z,571,3,0,20,0,0,1,1,1,1785278228
2026-07-29T00:12:43Z,572,12,1,7,0,0,1,1,1,1785283606
2026-07-29T00:12:43Z,573,12,0,1,2,0,1,1,1,1785282264
2026-07-29T00:12:43Z,574,10,4,5,0,0,1,1,1,1785283584
2026-07-29T00:12:43Z,575,16,0,4,1,0,1,1,1,1785283920
2026-07-29T00:12:43Z,576,11,5,7,1,0,1,1,1,1785281138
2026-07-29T00:12:43Z,577,23,0,8,0,0,1,1,1,1785283553
2026-07-29T00:12:43Z,578,21,4,1,1,0,1,1,1,1785283543
2026-07-29T00:12:43Z,579,17,5,26,0,0,1,1,1,1785276813
2026-07-29T00:12:43Z,580,18,0,11,0,0,1,1,1,1785281150
2026-07-29T00:12:43Z,581,17,2,2,0,0,1,1,1,1785283329
2026-07-29T00:12:43Z,582,14,1,46,1,0,1,1,1,1785283804
2026-07-29T00:12:43Z,583,18,1,5,0,0,1,1,1,1785283273
2026-07-29T00:12:43Z,584,1,0,14,4,0,1,1,1,1785274849
2026-07-29T00:12:43Z,585,18,0,9,0,0,1,1,1,1785282362
2026-07-29T00:12:43Z,586,27,1,8,0,0,1,1,1,1785283073
2026-07-29T00:12:43Z,587,7,1,16,1,0,1,1,1,1785283172
2026-07-29T00:12:43Z,588,8,2,11,0,0,1,1,1,1785283538
2026-07-29T00:12:43Z,589,6,1,17,0,0,1,1,1,1785282100
2026-07-29T00:12:43Z,590,14,2,17,0,0,1,1,1,1785281110
2026-07-29T00:12:43Z,591,26,5,2,2,0,1,1,1,1785283788
2026-07-29T00:12:43Z,592,22,0,1,0,0,1,1,1,1785283897
2026-07-29T00:12:43Z,593,7,2,31,0,0,1,1,1,1785283740
2026-07-29T00:12:43Z,594,12,1,8,0,1,1,1,1,1785283651
2026-07-29T00:12:43Z,595,0,0,3,0,0,0,1,1,1784046673
2026-07-29T00:12:43Z,605,0,0,2,1,0,0,1,1,1783975843
2026-07-29T00:12:43Z,606,0,0,0,0,0,0,1,1,86400
2026-07-29T00:12:43Z,607,26,0,3,3,0,1,1,1,1785283732
2026-07-29T00:12:43Z,608,44,1,5,1,0,1,1,1,1785282958
2026-07-29T00:12:43Z,609,7,7,15,1,0,1,1,1,1785283043
2026-07-29T00:12:43Z,610,35,0,0,0,0,1,1,1,1785280951
2026-07-29T00:12:43Z,611,5,3,22,0,0,1,1,1,1785283891
2026-07-29T00:12:43Z,612,7,2,8,0,0,1,1,1,1785276529
2026-07-29T00:12:43Z,613,12,3,1,2,0,1,1,1,1785276942
2026-07-29T00:12:43Z,614,0,0,25,2,0,1,1,1,1785283193
2026-07-29T00:12:43Z,617,5,1,9,1,0,1,1,1,1785282986
2026-07-29T00:12:43Z,618,3,2,12,4,0,1,1,1,1785283873
2026-07-29T00:12:43Z,619,19,14,0,0,0,1,1,1,1785283770
2026-07-29T00:12:43Z,620,5,2,22,0,0,1,1,1,1785283512
2026-07-29T00:12:43Z,621,18,8,5,0,0,1,1,1,1785283898
2026-07-29T00:12:43Z,622,2,0,19,1,1,1,1,1,1785283739
2026-07-29T00:12:43Z,623,3,0,27,0,0,1,1,1,1785283707
2026-07-29T00:12:43Z,624,6,2,7,2,0,1,1,1,1785279166
2026-07-29T00:12:43Z,625,5,1,10,6,0,1,1,1,1785280213
2026-07-29T00:12:43Z,626,28,0,17,0,0,1,1,1,1785282601
2026-07-29T00:12:43Z,627,19,4,0,0,0,1,1,1,1785280328
2026-07-29T00:12:43Z,628,8,7,9,1,1,1,1,1,1785283903
2026-07-29T00:12:43Z,629,6,1,4,1,0,1,1,1,1785283820
2026-07-29T00:12:43Z,630,3,3,21,3,0,1,1,1,1785283758
2026-07-29T00:12:43Z,631,0,0,23,0,0,1,1,1,1785279262
2026-07-29T00:12:43Z,632,20,2,3,0,0,1,1,1,1785276390
2026-07-29T00:12:43Z,633,7,4,7,1,0,1,1,1,1785278449
2026-07-29T00:12:43Z,634,1,0,18,0,0,1,1,1,1785277116
2026-07-29T00:12:43Z,635,6,0,12,1,0,1,1,1,1785276587
2026-07-29T00:12:43Z,636,11,1,4,0,0,1,1,1,1785273816
2026-07-29T00:12:43Z,637,8,2,6,5,0,1,1,1,1785275662
2026-07-29T00:12:43Z,638,7,0,9,3,0,1,1,1,1785283123
2026-07-29T00:12:43Z,639,4,0,15,0,0,1,1,1,1785281592
2026-07-29T00:12:43Z,640,1,1,21,1,0,1,1,1,1785281368
2026-07-29T00:12:43Z,641,11,1,14,1,0,1,1,1,1785283959
2026-07-29T00:12:43Z,642,7,0,7,5,0,1,1,1,1785283958
2026-07-29T00:12:43Z,643,1,1,22,4,0,1,1,1,1785282778
2026-07-29T00:12:43Z,644,8,3,6,1,0,1,1,1,1785283919
2026-07-29T00:12:43Z,645,15,1,7,0,1,1,1,1,1785280305
2026-07-29T00:12:43Z,646,5,2,13,1,0,1,1,1,1785276458
2026-07-29T00:12:43Z,647,31,0,0,0,0,1,1,1,1785276964
2026-07-29T00:12:43Z,648,5,0,13,1,0,1,1,1,1785281994
2026-07-29T00:12:43Z,649,8,7,23,0,0,1,1,1,1785282070
2026-07-29T00:12:43Z,650,6,3,8,0,0,1,1,1,1785231661
2026-07-29T00:12:43Z,651,1,1,21,1,0,1,1,1,1785278436
2026-07-29T00:12:43Z,652,13,1,8,2,0,1,1,1,1785283716
2026-07-29T00:12:43Z,653,3,0,16,0,0,1,1,1,1785278570
2026-07-29T00:12:43Z,654,4,4,11,0,0,1,1,1,1785279327
2026-07-29T00:12:43Z,655,6,4,2,4,1,1,1,1,1785283871
2026-07-29T00:12:43Z,656,16,0,3,0,0,1,1,1,1785283205
2026-07-29T00:12:43Z,657,4,0,11,1,1,1,1,1,1785283948
2026-07-29T00:12:43Z,658,10,1,5,0,0,1,1,1,1785280166
2026-07-29T00:12:43Z,659,6,3,8,1,0,1,1,1,1785277752
2026-07-29T00:12:43Z,660,7,7,19,5,0,1,1,1,1785283660
2026-07-29T00:12:43Z,661,9,7,9,1,0,1,1,1,1785282588
2026-07-29T00:12:43Z,662,8,5,6,8,1,1,1,1,1785283781
2026-07-29T00:12:43Z,663,12,3,3,0,0,1,1,1,1785283350
2026-07-29T00:12:43Z,664,21,0,6,0,0,1,1,1,1785283089
2026-07-29T00:12:43Z,665,11,0,4,0,0,1,1,1,1785282716
2026-07-29T00:12:43Z,666,10,6,2,3,0,1,1,1,1785278708
2026-07-29T00:12:43Z,667,16,0,0,1,0,1,1,1,1785283360
2026-07-29T00:12:43Z,668,16,0,3,0,0,1,1,1,1785280187
2026-07-29T00:12:43Z,669,14,1,0,0,0,1,1,1,1785280178
2026-07-29T00:12:43Z,670,12,2,13,2,0,1,1,1,1785282785
2026-07-29T00:12:43Z,671,13,0,14,0,0,1,1,1,1785282473
2026-07-29T00:12:43Z,672,8,2,11,3,1,1,1,1,1785280233
2026-07-29T00:12:43Z,673,9,0,13,1,0,1,1,1,1785281559
2026-07-29T00:12:43Z,674,9,9,12,2,0,1,1,1,1785283871
2026-07-29T00:12:43Z,675,8,1,4,3,0,1,1,1,1785283851
2026-07-29T00:12:43Z,676,3,0,19,0,0,1,1,1,1785283623
2026-07-29T00:12:43Z,681,9,2,4,2,0,1,1,1,1785281313
2026-07-29T00:12:43Z,682,4,1,15,0,0,1,1,1,1785229117
2026-07-29T00:12:43Z,683,4,1,15,0,0,1,1,1,1785278028
2026-07-29T00:12:43Z,684,5,3,22,0,0,1,1,1,1785282451
2026-07-29T00:12:43Z,685,5,0,21,0,1,1,1,1,1785276226
2026-07-29T00:12:43Z,686,11,0,14,1,1,1,1,1,1785283931
2026-07-29T00:12:43Z,687,11,1,17,2,1,1,1,1,1785283726
2026-07-29T00:12:43Z,688,3,1,11,5,0,1,1,1,1785283764
2026-07-29T00:12:43Z,692,15,2,5,1,0,1,1,1,1785282770
2026-07-29T00:12:43Z,693,5,0,3,3,0,1,1,1,1785282551
2026-07-29T00:12:43Z,694,10,4,10,0,0,1,1,1,1785283799
2026-07-29T00:12:43Z,695,7,3,16,0,0,1,1,1,1785283780
2026-07-29T00:12:43Z,696,13,8,9,1,0,1,1,1,1785283300
2026-07-29T00:12:43Z,697,13,1,9,1,0,1,1,1,1785283929
2026-07-29T00:12:43Z,698,19,0,8,0,0,1,1,1,1785282930
2026-07-29T00:12:43Z,699,2,2,12,1,0,1,1,1,1785282464
2026-07-29T00:12:43Z,700,18,2,1,0,0,1,1,1,1785283432
2026-07-29T00:12:43Z,701,4,1,11,4,0,1,1,1,1785283895
2026-07-29T00:12:43Z,702,10,4,11,2,0,1,1,1,1785283610
2026-07-29T00:12:43Z,704,7,0,7,1,0,1,1,1,1785283229
2026-07-29T00:12:43Z,705,4,1,11,0,0,1,1,1,1785282712
2026-07-29T00:12:43Z,706,11,1,2,2,0,1,1,1,1785283624
2026-07-29T00:12:43Z,707,4,1,11,0,0,1,1,1,1785282854
2026-07-29T00:12:43Z,708,14,0,4,1,0,1,1,1,1785283457
2026-07-29T00:12:43Z,709,12,0,0,3,0,1,1,1,1785282627
2026-07-29T00:12:43Z,710,10,3,8,1,0,1,1,1,1785283666
2026-07-29T00:12:43Z,711,1,0,18,0,0,1,1,1,1785283405
2026-07-29T00:12:43Z,712,14,8,1,0,0,1,1,1,1785283673
2026-07-29T00:12:43Z,713,15,4,8,0,0,1,1,1,1785282649
2026-07-29T00:12:43Z,716,3,0,12,0,0,1,1,1,1785282257
2026-07-29T00:12:43Z,717,5,1,18,2,0,1,1,1,1785283792
2026-07-29T00:12:43Z,718,1,0,14,0,0,1,1,1,1785282921
2026-07-29T00:12:43Z,719,3,0,26,0,0,1,1,1,1785282954
2026-07-29T00:12:43Z,720,3,2,16,0,0,1,1,1,1785282628
2026-07-29T00:12:43Z,721,9,1,13,1,0,1,1,1,1785283002
2026-07-29T00:12:43Z,722,4,0,11,0,0,1,1,1,1785282334
2026-07-29T00:12:43Z,723,12,2,11,0,0,1,1,1,1785283644
2026-07-29T00:12:43Z,724,6,0,17,0,0,1,1,1,1785283176
2026-07-29T00:12:43Z,725,15,3,8,0,0,1,1,1,1785282646
2026-07-29T00:12:43Z,726,19,1,0,0,0,1,1,1,1785283677
2026-07-29T00:12:43Z,727,9,5,13,1,0,1,1,1,1785282934
2026-07-29T00:12:43Z,728,8,2,7,0,0,1,1,1,1785282924
2026-07-29T00:12:43Z,729,13,1,6,0,0,1,1,1,1785283869
2026-07-29T00:12:43Z,730,4,4,10,1,0,1,1,1,1785283533
2026-07-29T00:12:43Z,731,8,3,7,0,0,1,1,1,1785282527
2026-07-29T00:12:43Z,732,5,1,10,0,0,1,1,1,1785283694
2026-07-29T00:12:43Z,733,8,0,18,1,0,1,1,1,1785283849
2026-07-29T00:12:43Z,734,12,0,2,0,0,1,1,1,1785283916
2026-07-29T00:12:43Z,735,2,2,25,0,0,1,1,1,1785283950
2026-07-29T00:12:43Z,736,6,3,12,1,0,1,1,1,1785282913
2026-07-29T00:12:43Z,737,4,1,11,0,0,1,1,1,1785282731
2026-07-29T00:12:43Z,738,4,1,14,1,0,1,1,1,1785283193
2026-07-29T00:12:43Z,739,15,2,11,1,0,1,1,1,1785283553
2026-07-29T00:12:43Z,741,3,0,19,1,0,1,1,1,1785282753
2026-07-29T00:12:43Z,742,24,5,14,1,0,1,1,1,1785283557
2026-07-29T00:12:43Z,743,5,0,13,1,0,1,1,1,1785282629
2026-07-29T00:12:43Z,744,5,3,10,0,0,1,1,1,1785282560
2026-07-29T00:12:43Z,745,14,2,4,1,0,1,1,1,1785283107
2026-07-29T00:12:43Z,746,15,0,6,2,0,1,1,1,1785283916
2026-07-29T00:12:43Z,747,0,0,4,0,0,0,1,1,1783446606
2026-07-29T00:12:43Z,748,9,1,11,0,0,1,1,1,1785283835
2026-07-29T00:12:43Z,749,10,0,13,0,0,1,1,1,1785282794
2026-07-29T00:12:43Z,750,10,4,0,1,0,1,1,1,1785282853
2026-07-29T00:12:43Z,751,5,5,18,0,0,1,1,1,1785283793
2026-07-29T00:12:43Z,752,8,2,8,1,0,1,1,1,1785279810
2026-07-29T00:12:43Z,753,12,0,3,0,0,1,1,1,1785283536
2026-07-29T00:12:43Z,754,4,0,11,0,0,1,1,1,1785282337
2026-07-29T00:12:43Z,755,10,5,13,0,0,1,1,1,1785282429
2026-07-29T00:12:43Z,756,12,10,26,0,0,1,1,1,1785283362
2026-07-29T00:12:43Z,757,3,1,16,0,0,1,1,1,1785283723
2026-07-29T00:12:43Z,758,17,6,6,0,0,1,1,1,1785283943
2026-07-29T00:12:43Z,759,5,2,10,0,0,1,1,1,1785283376
2026-07-29T00:12:43Z,760,7,7,12,0,0,1,1,1,1785271741
2026-07-29T00:12:43Z,761,5,0,17,1,0,1,1,1,1785283595
2026-07-29T00:12:43Z,762,8,5,3,4,0,1,1,1,1785283899
2026-07-29T00:12:43Z,768,8,1,10,1,0,1,1,1,1785283550
2026-07-29T00:12:43Z,769,18,2,1,0,0,1,1,1,1785283113
2026-07-29T00:12:43Z,770,4,2,11,1,3,1,1,1,1785282266
2026-07-29T00:12:43Z,771,14,5,1,0,0,1,1,1,1785282404
2026-07-29T00:12:43Z,772,2,0,13,0,0,1,1,1,1785283229
2026-07-29T00:12:43Z,773,18,6,1,0,0,1,1,1,1785282625
2026-07-29T00:12:43Z,774,2,2,10,2,1,1,1,1,1785282918
2026-07-29T00:12:43Z,775,7,2,10,2,0,1,1,1,1785281159
2026-07-29T00:12:43Z,776,2,0,18,1,0,1,1,1,1785282816
2026-07-29T00:12:43Z,777,9,3,5,1,0,1,1,1,1785282379
2026-07-29T00:12:43Z,778,13,2,4,2,0,1,1,1,1785282821
2026-07-29T00:12:43Z,779,7,3,12,0,0,1,1,1,1785283120
2026-07-29T00:12:43Z,780,14,4,2,3,0,1,1,1,1785283447
2026-07-29T00:12:43Z,781,3,1,6,2,0,1,1,1,1785282493
2026-07-29T00:12:43Z,782,6,2,10,3,0,1,1,1,1785282655
2026-07-29T00:12:43Z,783,3,0,14,2,0,1,1,1,1785283367
2026-07-29T00:12:43Z,784,6,2,13,0,0,1,1,1,1785283428
2026-07-29T00:12:43Z,785,7,2,9,3,0,1,1,1,1785283792
2026-07-29T00:12:43Z,786,12,3,6,0,0,1,1,1,1785283325
2026-07-29T00:12:43Z,787,9,2,6,0,0,1,1,1,1785282581
2026-07-29T00:12:43Z,788,5,1,10,0,0,1,1,1,1785282614
2026-07-29T00:12:43Z,789,9,4,4,2,0,1,1,1,1785282904
2026-07-29T00:12:43Z,790,7,1,16,0,0,1,1,1,1785282823
2026-07-29T00:12:43Z,791,14,3,4,0,1,1,1,1,1785283818
2026-07-29T00:12:43Z,793,3,1,11,1,0,1,1,1,1785283249
2026-07-29T00:12:43Z,794,12,0,14,3,0,1,1,1,1785283787
2026-07-29T00:12:43Z,796,3,1,15,1,0,1,1,1,1785283311
2026-07-29T00:12:43Z,797,1,0,14,0,0,1,1,1,1785278746
2026-07-29T00:12:43Z,798,9,1,13,3,0,1,1,1,1785283909
2026-07-29T00:12:43Z,799,10,1,6,3,0,1,1,1,1785282566
2026-07-29T00:12:43Z,800,3,0,17,1,0,1,1,1,1785283835
2026-07-29T00:12:43Z,801,1,1,20,0,0,1,1,1,1785282481
2026-07-29T00:12:43Z,802,11,0,20,0,0,1,1,1,1785282158
2026-07-29T00:12:43Z,803,2,0,13,0,0,1,1,1,1785282615
2026-07-29T00:12:43Z,806,3,1,12,0,0,1,1,1,1785282802
2026-07-29T00:12:43Z,807,14,14,8,3,0,1,1,1,1785282582
2026-07-29T00:12:43Z,808,1,0,23,1,0,1,1,1,1785276758
2026-07-29T00:12:43Z,809,3,1,19,1,0,1,1,1,1785282402
2026-07-29T00:12:43Z,810,5,4,12,2,0,1,1,1,1785283230
2026-07-29T00:12:43Z,815,5,1,6,3,1,1,1,1,1785283563
2026-07-29T00:12:43Z,817,7,2,1,7,0,1,1,1,1785282991
2026-07-29T00:12:43Z,818,6,0,16,1,0,1,1,1,1785283551
2026-07-29T00:12:43Z,819,4,1,11,0,0,1,1,1,1785274400
2026-07-29T00:12:43Z,820,3,0,14,0,0,1,1,1,1785282157
2026-07-29T00:12:43Z,821,5,2,10,0,0,1,1,1,1785283130
2026-07-29T00:12:43Z,822,3,0,19,1,0,1,1,1,1785283411
2026-07-29T00:12:43Z,823,4,0,11,0,0,1,1,1,1785283905
2026-07-29T00:12:43Z,824,17,11,0,2,0,1,1,1,1785283554
2026-07-29T00:12:43Z,825,11,4,4,0,0,1,1,1,1785279200
2026-07-29T00:12:43Z,826,16,0,2,1,0,1,1,1,1785283304
2026-07-29T00:12:43Z,827,8,5,12,1,0,1,1,1,1785282879
2026-07-29T00:12:43Z,828,6,6,12,0,0,1,1,1,1785282349
2026-07-29T00:12:43Z,829,20,5,6,1,0,1,1,1,1785283241
2026-07-29T00:12:43Z,830,6,0,16,1,0,1,1,1,1785282915
2026-07-29T00:12:43Z,831,4,2,10,1,0,1,1,1,1785282624
2026-07-29T00:12:43Z,832,11,3,5,2,0,1,1,1,1785283842
2026-07-29T00:12:43Z,833,11,2,8,0,0,1,1,1,1785283864
2026-07-29T00:12:43Z,834,3,0,20,1,0,1,1,1,1785283356
2026-07-29T00:12:43Z,835,5,2,12,1,0,1,1,1,1785283588
2026-07-29T00:12:43Z,837,5,3,2,8,0,1,1,1,1785283610
2026-07-29T00:12:43Z,838,10,3,3,2,0,1,1,1,1785283485
2026-07-29T00:12:43Z,839,4,0,24,1,0,1,1,1,1785282962
2026-07-29T00:12:43Z,840,26,1,1,2,0,1,1,1,1785282966
2026-07-29T00:12:43Z,841,6,1,9,0,0,1,1,1,1785282624
2026-07-29T00:12:43Z,842,9,1,14,0,0,1,1,1,1785283705
2026-07-29T00:12:43Z,843,11,3,20,0,0,1,1,1,1785283020
2026-07-29T00:12:43Z,844,4,0,19,0,0,1,1,1,1785283262
2026-07-29T00:12:43Z,845,6,4,12,1,0,1,1,1,1785282371
2026-07-29T00:12:43Z,846,16,9,2,1,0,1,1,1,1785283207
2026-07-29T00:12:43Z,847,13,2,14,0,0,1,1,1,1785282533
2026-07-29T00:12:43Z,848,3,0,15,1,0,1,1,1,1785280435
2026-07-29T00:12:43Z,849,6,2,9,0,0,1,1,1,1785283325
2026-07-29T00:12:43Z,850,8,1,2,1,0,1,1,1,1785283918
2026-07-29T00:12:43Z,851,4,4,31,2,0,1,1,1,1785282297
2026-07-29T00:12:43Z,852,8,6,11,0,0,1,1,1,1785282271
2026-07-29T00:12:43Z,853,8,3,15,0,0,1,1,1,1785282702
2026-07-29T00:12:43Z,854,15,4,0,0,0,1,1,1,1785283196
2026-07-29T00:12:43Z,855,25,3,2,0,0,1,1,1,1785282771
2026-07-29T00:12:43Z,857,2,1,17,0,0,1,1,1,1785282455
2026-07-29T00:12:43Z,858,3,1,15,1,0,1,1,1,1785282731
2026-07-29T00:12:43Z,859,6,2,14,1,0,1,1,1,1785282911
2026-07-29T00:12:43Z,861,9,1,1,1,0,1,1,1,1785228807
2026-07-29T00:12:43Z,862,2,1,13,0,0,1,1,1,1785282615
2026-07-29T00:12:43Z,863,5,0,11,3,0,1,1,1,1785276449
2026-07-29T00:12:43Z,866,6,1,13,0,0,1,1,1,1785282513
2026-07-29T00:12:43Z,867,9,0,6,0,0,1,1,1,1785282284
2026-07-29T00:12:43Z,868,10,1,5,0,0,1,1,1,1785282285
2026-07-29T00:12:43Z,870,10,3,5,0,0,1,1,1,1785282448
2026-07-29T00:12:43Z,871,1,0,9,1,0,1,1,1,1785283904
2026-07-29T00:12:43Z,872,5,1,8,2,0,1,1,1,1785282403
2026-07-29T00:12:43Z,873,0,0,32,1,0,1,1,1,1785283204
2026-07-29T00:12:43Z,874,11,0,1,3,0,1,1,1,1785283927
2026-07-29T00:12:43Z,875,14,11,1,0,0,1,1,1,1785283185
2026-07-29T00:12:43Z,877,14,12,5,0,0,1,1,1,1785283435
2026-07-29T00:12:43Z,878,4,4,15,0,0,1,1,1,1785282211
2026-07-29T00:12:43Z,879,1,0,18,0,0,1,1,1,1785283165
2026-07-29T00:12:43Z,880,3,0,19,1,0,1,1,1,1785283758
2026-07-29T00:12:43Z,881,2,0,17,0,0,1,1,1,1785283107
2026-07-29T00:12:43Z,882,11,3,5,3,0,1,1,1,1785268479
2026-07-29T00:12:43Z,883,8,6,11,0,0,1,1,1,1785282685
2026-07-29T00:12:43Z,884,13,5,8,0,0,1,1,1,1785283293
2026-07-29T00:12:43Z,885,5,0,14,0,0,1,1,1,1785283716
2026-07-29T00:12:43Z,886,6,3,20,3,0,1,1,1,1785282282
2026-07-29T00:12:43Z,887,0,0,14,3,0,1,1,1,1785283122
2026-07-29T00:12:43Z,888,17,1,21,3,0,1,1,1,1785283946
2026-07-29T00:12:43Z,889,4,0,13,2,0,1,1,1,1785283631
2026-07-29T00:12:43Z,890,2,1,13,0,0,1,1,1,1785275839
2026-07-29T00:12:43Z,891,7,1,15,1,0,1,1,1,1785283808
2026-07-29T00:12:43Z,892,8,0,7,0,0,1,1,1,1785275183
2026-07-29T00:12:43Z,895,1,0,18,0,0,1,1,1,1785270561
2026-07-29T00:12:43Z,896,0,0,35,0,0,1,1,1,1785279220
2026-07-29T00:12:43Z,897,6,0,15,0,0,1,1,1,1785283930
2026-07-29T00:12:43Z,898,2,0,17,0,0,1,1,1,1785283878
2026-07-29T00:12:43Z,899,3,0,16,0,0,1,1,1,1785283085
2026-07-29T00:12:43Z,900,21,0,5,1,0,1,1,1,1785283832
2026-07-29T00:12:43Z,901,12,5,7,0,0,1,1,1,1785283397
2026-07-29T00:12:43Z,902,10,0,5,0,0,1,1,1,1785282180
2026-07-29T00:12:43Z,903,8,0,11,0,0,1,1,1,1785282766
2026-07-29T00:12:43Z,904,7,4,11,1,0,1,1,1,1785282376
2026-07-29T00:12:43Z,905,1,0,25,1,0,1,1,1,1785283943
2026-07-29T00:12:43Z,906,16,14,11,0,0,1,1,1,1785282636
2026-07-29T00:12:43Z,907,25,3,6,0,0,1,1,1,1785283852
2026-07-29T00:12:43Z,908,1,1,21,1,0,1,1,1,1785282213
2026-07-29T00:12:43Z,909,14,11,9,0,0,1,1,1,1785283874
2026-07-29T00:12:43Z,910,4,2,27,0,0,1,1,1,1785283570
2026-07-29T00:12:43Z,911,6,0,13,0,0,1,1,1,1785283818
2026-07-29T00:12:43Z,912,16,2,5,2,0,1,1,1,1785283666
2026-07-29T00:12:43Z,913,9,2,10,0,0,1,1,1,1785282864
2026-07-29T00:12:43Z,914,3,0,15,1,0,1,1,1,1785283841
2026-07-29T00:12:43Z,915,21,0,0,2,0,1,1,1,1785283558
2026-07-29T00:12:43Z,916,22,1,1,0,0,1,1,1,1785282735
2026-07-29T00:12:43Z,917,0,0,35,0,0,1,1,1,1785283837
2026-07-29T00:12:43Z,918,18,5,0,1,0,1,1,1,1785282321
2026-07-29T00:12:43Z,919,16,1,23,0,0,1,1,1,1785283941
2026-07-29T00:12:43Z,920,10,5,9,0,0,1,1,1,1785282867
2026-07-29T00:12:43Z,921,13,0,8,0,0,1,1,1,1785283761
2026-07-29T00:12:43Z,922,3,0,18,0,0,1,1,1,1785283208
2026-07-29T00:12:43Z,923,8,4,9,2,0,1,1,1,1785283521
2026-07-29T00:12:43Z,924,12,0,9,0,0,1,1,1,1785283029
2026-07-29T00:12:43Z,925,13,1,6,2,0,1,1,1,1785282765
2026-07-29T00:12:43Z,926,1,1,20,0,0,1,1,1,1785282687
2026-07-29T00:12:43Z,927,10,0,25,0,0,1,1,1,1785283830
2026-07-29T00:12:43Z,928,1,0,17,1,0,1,1,1,1785283608
2026-07-29T00:12:43Z,929,2,0,21,0,0,1,1,1,1785283696
2026-07-29T00:12:43Z,930,14,2,16,1,0,1,1,1,1785283584
2026-07-29T00:12:43Z,931,1,1,22,0,0,1,1,1,1785282321
2026-07-29T00:12:43Z,932,2,0,15,2,0,1,1,1,1785282586
2026-07-29T00:12:43Z,933,4,0,19,0,0,1,1,1,1785282498
2026-07-29T00:12:43Z,934,22,0,9,0,0,1,1,1,1785283266
2026-07-29T00:12:43Z,935,11,2,7,1,0,1,1,1,1785283413
2026-07-29T00:12:43Z,936,3,2,16,0,0,1,1,1,1785283414
2026-07-29T00:12:43Z,940,10,1,1,0,0,1,1,1,1785283588
2026-07-29T00:12:43Z,941,22,4,0,3,0,1,1,1,1785282664
2026-07-29T00:12:43Z,942,10,3,11,0,0,1,1,1,1785283116
2026-07-29T00:12:43Z,943,7,6,7,1,0,1,1,1,1785282747
2026-07-29T00:12:43Z,944,10,8,5,0,0,1,1,1,1785282754
2026-07-29T00:12:43Z,945,9,7,6,0,0,1,1,1,1785282437
2026-07-29T00:12:43Z,946,7,5,12,0,0,1,1,1,1785282692
2026-07-29T00:12:43Z,947,8,7,9,0,0,1,1,1,1785283761
2026-07-29T00:12:43Z,948,9,9,16,6,0,1,1,1,1785283796
2026-07-29T00:12:43Z,949,2,0,11,2,0,1,1,1,1785283838
2026-07-29T00:12:43Z,950,16,0,1,0,0,1,1,1,1785283621
2026-07-29T00:12:43Z,951,5,2,17,1,0,1,1,1,1785282528
2026-07-29T00:12:43Z,952,11,1,43,1,0,1,1,1,1785283734
2026-07-29T00:12:43Z,953,13,0,1,1,0,1,1,1,1785283457
2026-07-29T00:12:43Z,954,17,3,1,1,0,1,1,1,1785282282
2026-07-29T00:12:43Z,955,12,10,11,4,0,1,1,1,1785283498
2026-07-29T00:12:43Z,956,20,1,3,0,0,1,1,1,1785283949
2026-07-29T00:12:43Z,957,19,1,10,0,0,1,1,1,1785283129
2026-07-29T00:12:43Z,958,6,0,25,0,0,1,1,1,1785283926
2026-07-29T00:12:43Z,959,16,3,1,6,0,1,1,1,1785282771
2026-07-29T00:12:43Z,960,14,1,7,2,0,1,1,1,1785283919
2026-07-29T00:12:43Z,961,11,1,9,3,0,1,1,1,1785283444
2026-07-29T00:12:43Z,962,15,4,15,4,0,1,1,1,1785282891
2026-07-29T00:12:43Z,963,0,0,22,1,0,1,1,1,1785283895
2026-07-29T00:12:43Z,964,18,3,5,0,0,1,1,1,1785283289
2026-07-29T00:12:43Z,965,14,7,12,1,0,1,1,1,1785282866
2026-07-29T00:12:43Z,966,22,2,8,1,0,1,1,1,1785283468
2026-07-29T00:12:43Z,967,9,0,10,2,0,1,1,1,1785283563
2026-07-29T00:12:43Z,968,15,0,4,0,0,1,1,1,1785282197
2026-07-29T00:12:43Z,969,22,9,1,4,0,1,1,1,1785283816
2026-07-29T00:12:43Z,970,9,5,9,1,0,1,1,1,1785282453
2026-07-29T00:12:43Z,971,15,2,6,2,0,1,1,1,1785283766
2026-07-29T00:12:43Z,972,4,3,17,2,0,1,1,1,1785283662
2026-07-29T00:12:43Z,973,4,3,18,1,0,1,1,1,1785283068
2026-07-29T00:12:43Z,974,14,0,13,0,0,1,1,1,1785282456
2026-07-29T00:12:43Z,977,4,4,15,2,0,1,1,1,1785282443
2026-07-29T00:12:43Z,978,3,1,20,0,0,1,1,1,1785283048
2026-07-29T00:12:43Z,979,6,1,11,0,0,1,1,1,1785283883
2026-07-29T00:12:43Z,980,3,1,18,0,0,1,1,1,1785283602
2026-07-29T00:12:43Z,981,18,0,3,0,0,1,1,1,1785283569
2026-07-29T00:12:43Z,982,4,3,14,1,0,1,1,1,1785282210
2026-07-29T00:12:43Z,983,0,0,21,2,0,1,1,1,1785282401
2026-07-29T00:12:43Z,984,2,0,21,0,0,1,1,1,1785283007
2026-07-29T00:12:43Z,985,10,1,20,1,0,1,1,1,1785283938
2026-07-29T00:12:43Z,986,2,1,17,0,0,1,1,1,1785282208
2026-07-29T00:12:43Z,987,7,2,16,0,0,1,1,1,1785282400
2026-07-29T00:12:43Z,988,6,0,12,1,0,1,1,1,1785283877
2026-07-29T00:12:43Z,989,9,4,10,0,0,1,1,1,1785283135
2026-07-29T00:12:43Z,990,14,4,0,1,0,1,1,1,1785282541
2026-07-29T00:12:43Z,991,11,2,8,0,0,1,1,1,1785282334
2026-07-29T00:12:43Z,992,9,6,12,2,0,1,1,1,1785282671
2026-07-29T00:12:43Z,993,2,0,25,0,0,1,1,1,1785283830
2026-07-29T00:12:43Z,994,2,1,19,0,0,1,1,1,1785282735
2026-07-29T00:12:43Z,995,5,2,22,0,0,1,1,1,1785283822
2026-07-29T00:12:43Z,996,2,2,21,0,0,1,1,1,1785283668
2026-07-29T00:12:43Z,997,13,6,9,1,0,1,1,1,1785283844
2026-07-29T00:12:43Z,998,9,4,14,0,0,1,1,1,1785282247
2026-07-29T00:12:43Z,999,11,8,8,2,0,1,1,1,1785283795
2026-07-29T00:12:43Z,1000,0,0,21,0,0,1,1,1,1785282964
2026-07-29T00:12:43Z,1001,3,2,24,0,0,1,1,1,1785283945
2026-07-29T00:12:43Z,1002,12,3,17,2,0,1,1,1,1785283717
2026-07-29T00:12:43Z,1003,1,0,22,0,0,1,1,1,1785283778
2026-07-29T00:12:43Z,1004,8,2,15,0,0,1,1,1,1785283566
2026-07-29T00:12:43Z,1005,17,1,6,0,0,1,1,1,1785283958
2026-07-29T00:12:43Z,1006,5,1,13,1,0,1,1,1,1785283960
2026-07-29T00:12:43Z,1007,5,1,16,0,0,1,1,1,1785283485
2026-07-29T00:12:43Z,1008,5,4,15,3,0,1,1,1,1785282841
2026-07-29T00:12:43Z,1009,22,6,8,1,0,1,1,1,1785282316
2026-07-29T00:12:43Z,1010,17,11,10,0,0,1,1,1,1785283326
2026-07-29T00:12:43Z,1011,7,3,12,0,0,1,1,1,1785282523
2026-07-29T00:12:43Z,1012,3,3,19,1,0,1,1,1,1785282989
2026-07-29T00:12:43Z,1013,3,1,19,1,0,1,1,1,1785282340
2026-07-29T00:12:43Z,1014,9,4,14,0,0,1,1,1,1785282385
2026-07-29T00:12:43Z,1015,16,10,13,2,0,1,1,1,1785282183
2026-07-29T00:12:43Z,1016,18,10,13,0,0,1,1,1,1785283079
2026-07-29T00:12:43Z,1017,12,3,8,1,0,1,1,1,1785283185
2026-07-29T00:12:43Z,1018,10,5,12,0,0,1,1,1,1785283794
2026-07-29T00:12:43Z,1019,2,1,13,0,0,1,1,1,1785282299
2026-07-29T00:12:43Z,1020,17,3,4,0,0,1,1,1,1785283078
2026-07-29T00:12:43Z,1021,5,2,10,0,0,1,1,1,1785283074
2026-07-29T00:12:43Z,1022,14,0,13,0,0,1,1,1,1785283709
2026-07-29T00:12:43Z,1023,21,2,2,0,0,1,1,1,1785283489
2026-07-29T00:12:43Z,1024,4,1,15,0,0,1,1,1,1785283863
2026-07-29T00:12:43Z,1025,4,1,14,0,1,1,1,1,1785283593
2026-07-29T00:12:43Z,1026,13,8,17,1,0,1,1,1,1785282574
2026-07-29T00:12:43Z,1028,4,3,19,0,0,1,1,1,1785283876
2026-07-29T00:12:43Z,1029,6,5,9,0,0,1,1,1,1785283335
2026-07-29T00:12:43Z,1030,11,4,11,1,0,1,1,1,1785282718
2026-07-29T00:12:43Z,1031,2,1,17,0,0,1,1,1,1785283345
2026-07-29T00:12:43Z,1032,8,2,11,0,0,1,1,1,1785282157
2026-07-29T00:12:43Z,1033,8,5,11,0,0,1,1,1,1785282933
2026-07-29T00:12:43Z,1034,0,0,15,0,0,1,1,1,1785282367
2026-07-29T00:12:43Z,1035,1,0,17,1,0,1,1,1,1785282223
2026-07-29T00:12:43Z,1036,15,0,0,0,0,1,1,1,1785282931
2026-07-29T00:12:43Z,1037,7,1,12,0,0,1,1,1,1785282354
2026-07-29T00:12:43Z,1038,0,0,15,0,0,1,1,1,1785283897
2026-07-29T00:12:43Z,1039,4,0,15,0,0,1,1,1,1785282329
2026-07-29T00:12:43Z,1040,8,5,11,0,0,1,1,1,1785283952
2026-07-29T00:12:43Z,1041,5,0,13,1,0,1,1,1,1785283905
2026-07-29T00:12:43Z,1042,11,0,2,2,0,1,1,1,1785282353
2026-07-29T00:12:43Z,1043,8,2,10,1,0,1,1,1,1785282237
2026-07-29T00:12:43Z,1044,0,0,15,0,0,1,1,1,1785282157
2026-07-29T00:12:43Z,1045,2,2,17,0,0,1,1,1,1785282153
2026-07-29T00:12:43Z,1046,9,0,6,0,0,1,1,1,1785283575
2026-07-29T00:12:43Z,1047,3,1,18,0,0,1,1,1,1785282823
2026-07-29T00:12:43Z,1048,5,0,14,0,0,1,1,1,1785282151
2026-07-29T00:12:43Z,1049,2,0,19,0,0,1,1,1,1785283814
2026-07-29T00:12:43Z,1050,13,5,8,0,0,1,1,1,1785283586
2026-07-29T00:12:43Z,1051,4,1,17,0,0,1,1,1,1785283085
2026-07-29T00:12:43Z,1052,17,3,5,0,0,1,1,1,1785283652
2026-07-29T00:12:43Z,1053,5,1,10,0,0,1,1,1,1785282217
2026-07-29T00:12:43Z,1054,11,0,4,0,0,1,1,1,1785282462
2026-07-29T00:12:43Z,1055,9,3,10,0,0,1,1,1,1785282288
2026-07-29T00:12:43Z,1057,8,0,10,1,0,1,1,1,1785283457
2026-07-29T00:12:43Z,1058,29,0,27,0,0,1,1,1,1785282263
2026-07-29T00:12:43Z,1059,0,0,18,1,0,1,1,1,1785282368
2026-07-29T00:12:43Z,1060,23,2,14,0,0,1,1,1,1785283501
2026-07-29T00:12:43Z,1061,18,2,18,1,0,1,1,1,1785283154
2026-07-29T00:12:43Z,1062,0,0,16,1,0,1,1,1,1785282988
2026-07-29T00:12:43Z,1063,12,2,6,1,0,1,1,1,1785282218
2026-07-29T00:12:43Z,1064,7,3,16,0,0,1,1,1,1785282273
2026-07-29T00:12:43Z,1065,13,1,9,1,0,1,1,1,1785282524
2026-07-29T00:12:43Z,1066,10,1,13,0,0,1,1,1,1785282435
2026-07-29T00:12:43Z,1067,7,2,16,0,0,1,1,1,1785282670
2026-07-29T00:12:43Z,1068,15,5,8,0,0,1,1,1,1785283886
2026-07-29T00:12:43Z,1069,13,4,10,0,0,1,1,1,1785282192
2026-07-29T00:12:43Z,1070,11,2,12,0,0,1,1,1,1785282272
2026-07-29T00:12:43Z,1071,3,3,20,0,0,1,1,1,1785282332
2026-07-29T00:12:43Z,1072,12,1,10,1,0,1,1,1,1785282585
2026-07-29T00:12:43Z,1073,10,3,15,2,0,1,1,1,1785283156
2026-07-29T00:12:43Z,1074,27,2,26,0,0,1,1,1,1785283086
2026-07-29T00:12:43Z,1075,8,6,13,0,0,1,1,1,1785282198
2026-07-29T00:12:43Z,1076,6,5,15,0,0,1,1,1,1785283880
2026-07-29T00:12:43Z,1077,8,6,13,0,0,1,1,1,1785283950
2026-07-29T00:12:43Z,1078,9,6,12,0,0,1,1,1,1785283542
2026-07-29T00:12:43Z,1079,7,5,14,0,0,1,1,1,1785282730
2026-07-29T00:12:43Z,1080,10,7,11,0,0,1,1,1,1785282450
2026-07-29T00:12:43Z,1081,9,7,7,3,0,1,1,1,1785283319
2026-07-29T00:12:43Z,1082,14,12,9,0,0,1,1,1,1785283089
2026-07-29T00:12:43Z,1083,11,9,10,0,0,1,1,1,1785282146
2026-07-29T00:12:43Z,1084,10,8,11,0,0,1,1,1,1785282375
2026-07-29T00:12:43Z,1085,13,10,8,0,0,1,1,1,1785283231
2026-07-29T00:12:43Z,1086,13,9,8,0,0,1,1,1,1785282176
2026-07-29T00:12:43Z,1087,8,8,7,0,0,1,1,1,1785282993
2026-07-29T00:12:43Z,1088,9,7,6,0,0,1,1,1,1785283771
2026-07-29T00:12:43Z,1089,8,7,7,0,0,1,1,1,1785283020
2026-07-29T00:12:43Z,1090,9,8,6,0,0,1,1,1,1785283196
2026-07-29T00:12:43Z,1091,11,7,4,0,0,1,1,1,1785282526
2026-07-29T00:12:43Z,1092,6,5,9,0,0,1,1,1,1785281293
2026-07-29T00:12:43Z,1093,10,9,5,0,0,1,1,1,1785283004
2026-07-29T00:12:43Z,1094,13,11,6,0,0,1,1,1,1785283559
2026-07-29T00:12:43Z,1095,13,13,2,0,0,1,1,1,1785283094
2026-07-29T00:12:43Z,1096,10,8,9,0,0,1,1,1,1785283002
2026-07-29T00:12:43Z,1097,8,7,7,0,0,1,1,1,1785283236
2026-07-29T00:12:43Z,1098,10,8,9,0,0,1,1,1,1785282964
2026-07-29T00:12:43Z,1099,8,6,7,0,0,1,1,1,1785282977
2026-07-29T00:12:43Z,1100,9,5,7,13,0,1,1,1,1785283927
2026-07-29T00:12:43Z,1101,12,5,9,0,0,1,1,1,1785283565
2026-07-29T00:12:43Z,1102,10,5,3,0,0,1,1,1,1785283257
2026-07-29T00:12:43Z,1103,10,5,11,0,0,1,1,1,1785236516
2026-07-29T00:12:43Z,1104,10,5,11,0,0,1,1,1,1785283312
2026-07-29T00:12:43Z,1105,8,4,5,0,0,1,1,1,1785283168
2026-07-29T00:12:43Z,1106,10,5,11,0,0,1,1,1,1785283648
2026-07-29T00:12:43Z,1107,11,5,4,0,0,1,1,1,1785282437
2026-07-29T00:12:43Z,1108,8,3,16,3,0,1,1,1,1785282343
2026-07-29T00:12:43Z,1109,7,4,8,0,0,1,1,1,1785282417
2026-07-29T00:12:43Z,1110,6,3,15,0,0,1,1,1,1785283223
2026-07-29T00:12:43Z,1111,19,0,2,0,0,1,1,1,1785283221
2026-07-29T00:12:43Z,1112,30,1,23,0,0,1,1,1,1785283917
2026-07-29T00:12:43Z,1113,0,0,21,0,0,1,1,1,1785283401
2026-07-29T00:12:43Z,1115,16,6,6,1,0,1,1,1,1785282419
2026-07-29T00:12:43Z,1116,3,1,16,0,0,1,1,1,1785282187
2026-07-29T00:12:43Z,1117,8,1,15,0,0,1,1,1,1785283122
2026-07-29T00:12:43Z,1118,11,0,10,0,0,1,1,1,1785283228
2026-07-29T00:12:43Z,1119,12,3,5,0,0,1,1,1,1785283272
2026-07-29T00:12:43Z,1120,17,4,1,1,0,1,1,1,1785283941
2026-07-29T00:12:43Z,1121,17,0,2,2,0,1,1,1,1785283779
2026-07-29T00:12:43Z,1122,6,2,12,3,0,1,1,1,1785283152
2026-07-29T00:12:43Z,1123,8,1,14,1,0,1,1,1,1785283540
2026-07-29T00:12:43Z,1124,14,2,0,1,0,1,1,1,1785283344
2026-07-29T00:12:43Z,1125,10,0,13,0,0,1,1,1,1785283738
2026-07-29T00:12:43Z,1126,13,1,8,0,0,1,1,1,1785283164
2026-07-29T00:12:43Z,1127,3,1,16,0,0,1,1,1,1785282497
2026-07-29T00:12:43Z,1128,8,0,6,1,0,1,1,1,1785282358
2026-07-29T00:12:43Z,1129,16,0,5,0,0,1,1,1,1785283809
2026-07-29T00:12:43Z,1130,0,0,14,1,0,1,1,1,1785282184
2026-07-29T00:12:43Z,1131,24,0,25,0,0,1,1,1,1785283255
2026-07-29T00:12:43Z,1132,13,3,7,1,0,1,1,1,1785283788
2026-07-29T00:12:43Z,1133,13,5,8,0,0,1,1,1,1785283821
2026-07-29T00:12:43Z,1134,10,5,9,0,0,1,1,1,1785282651
2026-07-29T00:12:43Z,1135,10,5,11,0,0,1,1,1,1785283453
2026-07-29T00:12:43Z,1136,13,0,10,0,0,1,1,1,1785282174
2026-07-29T00:12:43Z,1137,6,0,8,1,0,1,1,1,1785282298
2026-07-29T00:12:43Z,1138,15,2,4,0,0,1,1,1,1785282158
2026-07-29T00:12:43Z,1139,21,0,0,0,0,1,1,1,1785282582
2026-07-29T00:12:43Z,1140,18,2,3,2,0,1,1,1,1785283763
2026-07-29T00:12:43Z,1141,1,0,20,0,0,1,1,1,1785283476
2026-07-29T00:12:43Z,1142,13,1,8,0,0,1,1,1,1785282756
2026-07-29T00:12:43Z,1143,25,0,2,2,0,1,1,1,1785283677
2026-07-29T00:12:43Z,1144,15,2,5,1,0,1,1,1,1785282968
2026-07-29T00:12:43Z,1145,9,5,11,1,0,1,1,1,1785282413
2026-07-29T00:12:43Z,1146,14,0,4,1,0,1,1,1,1785283799
2026-07-29T00:12:43Z,1147,8,0,11,0,0,1,1,1,1785283893
2026-07-29T00:12:43Z,1148,18,2,13,0,0,1,1,1,1785283764
2026-07-29T00:12:43Z,1149,3,3,22,0,0,1,1,1,1785283344
2026-07-29T00:12:43Z,1150,13,0,6,0,0,1,1,1,1785283640
2026-07-29T00:12:43Z,1151,4,1,17,0,0,1,1,1,1785283368
2026-07-29T00:12:43Z,1152,7,1,21,1,0,1,1,1,1785283952
2026-07-29T00:12:43Z,1153,15,2,6,2,0,1,1,1,1785283203
2026-07-29T00:12:43Z,1154,14,3,5,0,0,1,1,1,1785283612
2026-07-29T00:12:43Z,1155,15,1,4,2,0,1,1,1,1785283836
2026-07-29T00:12:43Z,1158,2,0,17,0,0,1,1,1,1785283919
2026-07-29T00:12:43Z,1159,12,1,7,0,0,1,1,1,1785282416
2026-07-29T00:12:43Z,1160,15,1,4,0,0,1,1,1,1785282753
2026-07-29T00:12:43Z,1161,5,1,13,1,0,1,1,1,1785282524
2026-07-29T00:12:43Z,1162,3,0,16,0,0,1,1,1,1785282746
2026-07-29T00:12:43Z,1163,2,1,16,1,0,1,1,1,1785282210
2026-07-29T00:12:43Z,1164,9,1,10,0,0,1,1,1,1785282278
2026-07-29T00:12:43Z,1165,8,1,12,1,0,1,1,1,1785282908
2026-07-29T00:12:43Z,1166,5,2,15,1,0,1,1,1,1785282341
2026-07-29T00:12:43Z,1167,3,0,12,0,0,1,1,1,1785282180
2026-07-29T00:12:43Z,1168,2,0,21,0,0,1,1,1,1785282273
2026-07-29T00:12:43Z,1169,4,2,14,1,0,1,1,1,1785283917
2026-07-29T00:12:43Z,1170,8,4,12,1,0,1,1,1,1785283272
2026-07-29T00:12:43Z,1171,12,9,10,1,0,1,1,1,1785283955
2026-07-29T00:12:43Z,1172,7,2,6,2,0,1,1,1,1785282428
2026-07-29T00:12:43Z,1173,10,3,9,0,0,1,1,1,1785282308
2026-07-29T00:12:43Z,1174,4,2,10,1,0,1,1,1,1785282207
2026-07-29T00:12:43Z,1175,1,0,18,0,0,1,1,1,1785276365
2026-07-29T00:12:43Z,1176,14,0,7,0,0,1,1,1,1785283249
2026-07-29T00:12:43Z,1177,4,4,17,0,0,1,1,1,1785283171
2026-07-29T00:12:43Z,1178,1,0,14,0,0,1,1,1,1785282411
2026-07-29T00:12:43Z,1181,12,0,3,0,0,1,1,1,1785282843
2026-07-29T00:12:43Z,1182,1,0,19,0,0,1,1,1,1785282533
2026-07-29T00:12:43Z,1183,2,2,41,2,0,1,1,1,1785283666
2026-07-29T00:12:43Z,1184,9,2,12,0,0,1,1,1,1785283334
2026-07-29T00:12:43Z,1185,8,4,13,0,0,1,1,1,1785268003
2026-07-29T00:12:43Z,1186,10,5,9,0,0,1,1,1,1785282574
2026-07-29T00:12:43Z,1187,10,5,10,1,0,1,1,1,1785283523
2026-07-29T00:12:43Z,1188,9,3,6,0,0,1,1,1,1785282473
2026-07-29T00:12:43Z,1189,10,5,9,0,0,1,1,1,1785282340
2026-07-29T00:12:43Z,1190,10,5,11,0,0,1,1,1,1785283437
2026-07-29T00:12:43Z,1191,10,5,5,0,0,1,1,1,1785282453
2026-07-29T00:12:43Z,1192,9,6,12,0,0,1,1,1,1785283804
2026-07-29T00:12:43Z,1193,7,4,4,2,0,1,1,1,1785283695
2026-07-29T00:12:43Z,1197,9,7,7,1,0,1,1,1,1785283299
2026-07-29T00:12:43Z,1198,10,0,6,5,0,1,1,1,1785282486
2026-07-29T00:12:43Z,1199,2,0,17,0,0,1,1,1,1785282695
2026-07-29T00:12:43Z,1200,11,5,4,0,0,1,1,1,1785282502
2026-07-29T00:12:43Z,1201,8,4,7,0,0,1,1,1,1785282486
2026-07-29T00:12:43Z,1202,10,5,5,0,0,1,1,1,1785282557
2026-07-29T00:12:43Z,1203,9,4,6,0,0,1,1,1,1785282471
2026-07-29T00:12:43Z,1204,8,4,11,0,0,1,1,1,1785283842
2026-07-29T00:12:43Z,1206,10,5,11,0,0,1,1,1,1785282939
2026-07-29T00:12:43Z,1207,9,4,5,1,0,1,1,1,1785282791
2026-07-29T00:12:43Z,1208,11,6,8,0,0,1,1,1,1785282487
2026-07-29T00:12:43Z,1216,7,0,13,1,0,1,1,1,1785283238
2026-07-29T00:12:43Z,1218,1,0,20,0,0,1,1,1,1785283628
2026-07-29T00:12:43Z,1219,10,5,4,1,0,1,1,1,1785283576
2026-07-29T00:12:43Z,1220,17,8,1,1,0,1,1,1,1785283135
2026-07-29T00:12:43Z,1221,3,3,18,0,0,1,1,1,1785282923
2026-07-29T00:12:43Z,1222,17,0,11,1,0,1,1,1,1785283447
2026-07-29T00:12:43Z,1223,12,2,17,0,0,1,1,1,1785283813
2026-07-29T00:12:43Z,1226,0,0,3,0,0,0,1,1,1781868931
2026-07-29T00:12:43Z,1227,9,1,16,0,0,1,1,1,1785282436
2026-07-29T00:12:43Z,1228,1,1,28,0,0,1,1,1,1785283202
2026-07-29T00:12:43Z,1229,15,1,30,0,0,1,1,1,1785283776
2026-07-29T00:12:43Z,1230,0,0,3,0,0,0,1,1,1784903368
2026-07-29T00:12:43Z,1231,0,0,3,0,0,0,1,1,1784903330
2026-07-29T00:12:43Z,1232,0,0,3,0,0,0,1,1,1784902406
2026-07-29T00:12:43Z,1233,0,0,3,0,0,0,1,1,1784903104
2026-07-29T00:12:43Z,1234,0,0,3,0,0,0,1,1,1784902919
2026-07-29T00:17:43Z,1,7,0,15,1,0,1,1,1,1785283879
2026-07-29T00:17:43Z,2,0,0,25,2,0,1,1,1,1785283751
2026-07-29T00:17:43Z,3,11,1,1,2,0,1,1,1,1785284121
2026-07-29T00:17:43Z,4,2,1,19,1,0,1,1,1,1785284161
2026-07-29T00:17:43Z,5,0,0,23,0,0,1,1,1,1785275992
2026-07-29T00:17:43Z,6,9,0,6,0,0,1,1,1,1785284099
2026-07-29T00:17:43Z,7,14,0,25,0,0,1,1,1,1785281622
2026-07-29T00:17:43Z,8,8,2,34,1,0,1,1,1,1785283006
2026-07-29T00:17:43Z,9,4,0,19,0,0,1,1,1,1785283990
2026-07-29T00:17:43Z,10,5,1,17,1,0,1,1,1,1785282467
2026-07-29T00:17:43Z,11,12,2,6,1,0,1,1,1,1785283906
2026-07-29T00:17:43Z,12,20,1,2,1,0,1,1,1,1785283919
2026-07-29T00:17:43Z,13,14,0,16,0,0,1,1,1,1785284132
2026-07-29T00:17:43Z,14,18,0,24,0,1,1,1,1,1785280309
2026-07-29T00:17:43Z,15,4,1,11,0,0,1,1,1,1785280302
2026-07-29T00:17:43Z,16,15,2,10,2,0,1,1,1,1785278874
2026-07-29T00:17:43Z,17,3,0,23,1,0,1,1,1,1785282919
2026-07-29T00:17:43Z,18,14,0,2,2,0,1,1,1,1785282920
2026-07-29T00:17:43Z,19,15,0,12,0,0,1,1,1,1785284040
2026-07-29T00:17:43Z,20,11,1,23,1,0,1,1,1,1785283915
2026-07-29T00:17:43Z,21,12,0,7,0,0,1,1,1,1785283960
2026-07-29T00:17:43Z,22,31,0,33,1,0,1,1,1,1785277433
2026-07-29T00:17:43Z,23,3,0,28,0,0,1,1,1,1785284237
2026-07-29T00:17:43Z,24,2,0,7,2,0,1,1,1,1785284257
2026-07-29T00:17:43Z,25,12,0,67,1,1,1,1,1,1785283951
2026-07-29T00:17:43Z,26,1,0,26,0,0,1,1,1,1785282426
2026-07-29T00:17:43Z,28,11,2,4,0,0,1,1,1,1785284122
2026-07-29T00:17:43Z,30,15,0,12,2,0,1,1,1,1785283713
2026-07-29T00:17:43Z,31,6,0,12,1,0,1,1,1,1785284059
2026-07-29T00:17:43Z,32,20,0,7,0,0,1,1,1,1785282981
2026-07-29T00:17:43Z,34,16,0,21,0,0,1,1,1,1785283319
2026-07-29T00:17:43Z,35,20,1,27,0,0,1,1,1,1785283414
2026-07-29T00:17:43Z,36,0,0,0,0,0,0,1,1,86400
2026-07-29T00:17:43Z,37,3,1,20,0,0,1,1,1,1785284260
2026-07-29T00:17:43Z,38,1,0,22,0,0,1,1,1,1785276199
2026-07-29T00:17:43Z,39,36,2,2,1,0,1,1,1,1785277440
2026-07-29T00:17:43Z,40,1,0,19,1,0,1,1,1,1785283945
2026-07-29T00:17:43Z,41,37,0,4,2,0,1,1,1,1785281712
2026-07-29T00:17:43Z,42,30,5,0,1,0,1,1,1,1785284022
2026-07-29T00:17:43Z,43,23,4,0,0,0,1,1,1,1785282013
2026-07-29T00:17:43Z,45,4,0,25,0,0,1,1,1,1785276861
2026-07-29T00:17:43Z,46,11,5,19,1,0,1,1,1,1785284219
2026-07-29T00:17:43Z,47,7,3,7,1,0,1,1,1,1785281873
2026-07-29T00:17:43Z,48,18,0,9,0,0,1,1,1,1785281427
2026-07-29T00:17:43Z,49,1,0,18,4,0,1,1,1,1785284261
2026-07-29T00:17:43Z,50,4,1,13,2,0,1,1,1,1785282074
2026-07-29T00:17:43Z,51,30,0,46,1,0,1,1,1,1785281428
2026-07-29T00:17:43Z,52,10,0,14,3,0,1,1,1,1785284197
2026-07-29T00:17:43Z,55,0,0,23,0,0,1,1,1,1785282165
2026-07-29T00:17:43Z,56,0,0,43,0,0,1,1,1,1785283958
2026-07-29T00:17:43Z,57,8,0,18,1,0,1,1,1,1785282572
2026-07-29T00:17:43Z,58,4,2,24,0,0,1,1,1,1785283963
2026-07-29T00:17:43Z,59,1,0,25,1,0,1,1,1,1785284103
2026-07-29T00:17:43Z,61,19,0,20,0,0,1,1,1,1785284214
2026-07-29T00:17:43Z,62,9,6,40,0,0,1,1,1,1785283996
2026-07-29T00:17:43Z,63,8,2,11,0,0,1,1,1,1785278246
2026-07-29T00:17:43Z,64,12,0,7,0,0,1,1,1,1785275024
2026-07-29T00:17:43Z,65,9,3,7,3,0,1,1,1,1785277861
2026-07-29T00:17:43Z,67,4,3,35,0,0,1,1,1,1785283371
2026-07-29T00:17:43Z,68,8,1,29,0,0,1,1,1,1785282353
2026-07-29T00:17:43Z,69,15,1,0,0,0,1,1,1,1785280943
2026-07-29T00:17:43Z,71,1,0,24,2,0,1,1,1,1785283231
2026-07-29T00:17:43Z,72,19,4,10,1,0,1,1,1,1785283046
2026-07-29T00:17:43Z,73,5,0,26,0,0,1,1,1,1785282647
2026-07-29T00:17:43Z,74,4,1,15,0,0,1,1,1,1785281755
2026-07-29T00:17:43Z,75,10,0,21,1,0,1,1,1,1785280946
2026-07-29T00:17:43Z,76,4,0,15,0,0,1,1,1,1785278116
2026-07-29T00:17:43Z,77,25,1,1,1,0,1,1,1,1785281988
2026-07-29T00:17:43Z,78,2,1,21,0,0,1,1,1,1785284194
2026-07-29T00:17:43Z,79,0,0,16,1,0,1,1,1,1785283497
2026-07-29T00:17:43Z,80,12,0,9,2,0,1,1,1,1785284200
2026-07-29T00:17:43Z,81,9,1,21,1,0,1,1,1,1785282628
2026-07-29T00:17:43Z,82,3,2,19,1,0,1,1,1,1785283709
2026-07-29T00:17:43Z,83,19,7,13,2,0,1,1,1,1785284261
2026-07-29T00:17:43Z,84,27,6,0,0,0,1,1,1,1785283419
2026-07-29T00:17:43Z,85,10,3,5,0,0,1,1,1,1785284067
2026-07-29T00:17:43Z,86,25,1,2,0,0,1,1,1,1785284251
2026-07-29T00:17:43Z,87,10,0,9,0,0,1,1,1,1785277619
2026-07-29T00:17:43Z,88,35,1,7,1,0,1,1,1,1785283796
2026-07-29T00:17:43Z,89,9,6,26,0,0,1,1,1,1785283911
2026-07-29T00:17:43Z,90,16,0,1,1,0,1,1,1,1785283884
2026-07-29T00:17:43Z,91,10,0,7,0,0,1,1,1,1785283817
2026-07-29T00:17:43Z,92,4,0,13,2,0,1,1,1,1785284214
2026-07-29T00:17:43Z,93,18,1,5,0,0,1,1,1,1785283325
2026-07-29T00:17:43Z,94,0,0,18,1,0,1,1,1,1785275121
2026-07-29T00:17:43Z,95,20,1,13,1,1,1,1,1,1785282673
2026-07-29T00:17:43Z,96,28,4,2,1,0,1,1,1,1785281987
2026-07-29T00:17:43Z,97,4,0,12,1,0,1,1,1,1785284243
2026-07-29T00:17:43Z,98,19,0,16,0,0,1,1,1,1785283463
2026-07-29T00:17:43Z,99,5,1,10,0,0,1,1,1,1785284056
2026-07-29T00:17:43Z,100,15,1,12,0,0,1,1,1,1785283412
2026-07-29T00:17:43Z,101,12,2,2,1,0,1,1,1,1785282837
2026-07-29T00:17:43Z,102,9,0,14,0,0,1,1,1,1785282772
2026-07-29T00:17:43Z,103,10,4,14,4,0,1,1,1,1785284192
2026-07-29T00:17:43Z,104,0,0,25,2,0,1,1,1,1785284055
2026-07-29T00:17:43Z,105,12,2,6,1,0,1,1,1,1785278256
2026-07-29T00:17:43Z,106,4,1,17,0,0,1,1,1,1785281291
2026-07-29T00:17:43Z,107,15,0,22,0,0,1,1,1,1785283543
2026-07-29T00:17:43Z,108,29,4,4,2,0,1,1,1,1785284077
2026-07-29T00:17:43Z,109,7,0,16,0,0,1,1,1,1785284046
2026-07-29T00:17:43Z,110,22,0,1,0,0,1,1,1,1785278269
2026-07-29T00:17:43Z,111,9,4,26,1,0,1,1,1,1785284261
2026-07-29T00:17:43Z,112,13,0,1,1,0,1,1,1,1785277798
2026-07-29T00:17:43Z,113,17,1,0,2,0,1,1,1,1785284015
2026-07-29T00:17:43Z,114,7,3,18,6,0,1,1,1,1785284261
2026-07-29T00:17:43Z,115,10,1,12,7,0,1,1,1,1785282995
2026-07-29T00:17:43Z,116,18,13,9,0,0,1,1,1,1785283449
2026-07-29T00:17:43Z,118,15,4,5,3,0,1,1,1,1785284029
2026-07-29T00:17:43Z,119,13,1,23,2,0,1,1,1,1785284225
2026-07-29T00:17:43Z,120,7,1,19,1,0,1,1,1,1785283986
2026-07-29T00:17:43Z,121,2,0,15,1,1,1,1,1,1785284259
2026-07-29T00:17:43Z,122,15,1,6,0,0,1,1,1,1785283465
2026-07-29T00:17:43Z,123,11,11,35,1,0,1,1,1,1785282610
2026-07-29T00:17:43Z,124,17,2,18,0,0,1,1,1,1785283542
2026-07-29T00:17:43Z,125,5,4,18,0,0,1,1,1,1785281270
2026-07-29T00:17:43Z,126,25,3,6,0,0,1,1,1,1785283334
2026-07-29T00:17:43Z,127,33,4,0,2,0,1,1,1,1785284091
2026-07-29T00:17:43Z,128,10,1,9,0,0,1,1,1,1785284174
2026-07-29T00:17:43Z,129,18,4,0,1,0,1,1,1,1785277737
2026-07-29T00:17:43Z,130,14,1,3,0,0,1,1,1,1785283254
2026-07-29T00:17:43Z,131,3,3,8,0,0,1,1,1,1785279003
2026-07-29T00:17:43Z,132,5,2,9,0,1,1,1,1,1785284042
2026-07-29T00:17:43Z,134,16,6,5,2,0,1,1,1,1785284012
2026-07-29T00:17:43Z,135,2,0,17,0,0,1,1,1,1785283694
2026-07-29T00:17:43Z,136,11,1,12,0,0,1,1,1,1785279335
2026-07-29T00:17:43Z,137,3,1,16,0,0,1,1,1,1785283764
2026-07-29T00:17:43Z,138,14,0,22,1,0,1,1,1,1785284255
2026-07-29T00:17:43Z,139,15,3,4,0,0,1,1,1,1785283815
2026-07-29T00:17:43Z,140,20,5,1,2,0,1,1,1,1785284259
2026-07-29T00:17:43Z,141,34,1,1,3,0,1,1,1,1785283816
2026-07-29T00:17:43Z,142,22,1,1,0,0,1,1,1,1785283960
2026-07-29T00:17:43Z,143,29,3,1,1,0,1,1,1,1785283500
2026-07-29T00:17:43Z,144,27,0,0,0,0,1,1,1,1785282076
2026-07-29T00:17:43Z,145,20,1,9,0,0,1,1,1,1785283752
2026-07-29T00:17:43Z,146,7,0,15,1,0,1,1,1,1785281362
2026-07-29T00:17:43Z,147,3,0,13,3,0,1,1,1,1785284217
2026-07-29T00:17:43Z,148,18,5,3,5,0,1,1,1,1785284256
2026-07-29T00:17:43Z,149,21,1,6,0,0,1,1,1,1785281269
2026-07-29T00:17:43Z,150,31,1,3,1,0,1,1,1,1785284187
2026-07-29T00:17:43Z,151,22,0,1,0,0,1,1,1,1785281942
2026-07-29T00:17:43Z,152,23,4,2,2,0,1,1,1,1785283961
2026-07-29T00:17:43Z,153,30,4,0,1,0,1,1,1,1785284255
2026-07-29T00:17:43Z,154,14,0,6,3,0,1,1,1,1785284081
2026-07-29T00:17:43Z,155,4,0,9,1,0,1,1,1,1785284241
2026-07-29T00:17:43Z,156,12,0,7,0,0,1,1,1,1785283181
2026-07-29T00:17:43Z,157,24,4,1,2,0,1,1,1,1785283987
2026-07-29T00:17:43Z,158,14,2,2,0,0,1,1,1,1785284087
2026-07-29T00:17:43Z,159,9,2,10,0,0,1,1,1,1785283474
2026-07-29T00:17:43Z,160,12,3,7,0,0,1,1,1,1785283515
2026-07-29T00:17:43Z,161,9,0,13,1,0,1,1,1,1785283546
2026-07-29T00:17:43Z,162,24,7,2,1,0,1,1,1,1785284103
2026-07-29T00:17:43Z,163,30,5,0,0,1,1,1,1,1785284058
2026-07-29T00:17:43Z,164,26,4,1,0,0,1,1,1,1785283612
2026-07-29T00:17:43Z,165,28,11,3,0,0,1,1,1,1785284256
2026-07-29T00:17:43Z,166,30,5,6,3,0,1,1,1,1785284261
2026-07-29T00:17:43Z,167,19,10,3,1,0,1,1,1,1785282542
2026-07-29T00:17:43Z,168,0,0,26,1,0,1,1,1,1785284176
2026-07-29T00:17:43Z,169,22,1,0,0,1,1,1,1,1785283283
2026-07-29T00:17:43Z,170,2,2,16,1,0,1,1,1,1785279283
2026-07-29T00:17:43Z,171,9,2,2,2,0,1,1,1,1785284075
2026-07-29T00:17:43Z,173,26,2,13,0,0,1,1,1,1785283069
2026-07-29T00:17:43Z,174,16,2,10,0,0,1,1,1,1785284258
2026-07-29T00:17:43Z,175,29,2,2,0,0,1,1,1,1785283123
2026-07-29T00:17:43Z,176,14,0,0,1,0,1,1,1,1785283967
2026-07-29T00:17:43Z,177,26,0,1,0,0,1,1,1,1785282399
2026-07-29T00:17:43Z,178,12,1,1,1,1,1,1,1,1785284207
2026-07-29T00:17:43Z,179,13,0,0,2,0,1,1,1,1785283429
2026-07-29T00:17:43Z,180,7,0,23,0,0,1,1,1,1785283430
2026-07-29T00:17:43Z,181,4,0,9,2,0,1,1,1,1785283852
2026-07-29T00:17:43Z,182,10,4,7,0,0,1,1,1,1785284144
2026-07-29T00:17:43Z,183,13,2,10,0,0,1,1,1,1785283587
2026-07-29T00:17:43Z,184,1,0,21,1,0,1,1,1,1785280580
2026-07-29T00:17:43Z,185,4,2,8,2,1,1,1,1,1785282988
2026-07-29T00:17:43Z,186,1,0,18,0,0,1,1,1,1785283910
2026-07-29T00:17:43Z,187,0,0,27,1,0,1,1,1,1785284243
2026-07-29T00:17:43Z,188,18,2,0,7,2,1,1,1,1785284052
2026-07-29T00:17:43Z,189,15,7,0,0,0,1,1,1,1785284145
2026-07-29T00:17:43Z,190,1,0,22,0,0,1,1,1,1785279861
2026-07-29T00:17:43Z,191,2,2,36,1,0,1,1,1,1785283719
2026-07-29T00:17:43Z,192,20,8,10,1,0,1,1,1,1785281842
2026-07-29T00:17:43Z,193,12,8,3,0,0,1,1,1,1785284176
2026-07-29T00:17:43Z,194,0,0,27,0,0,1,1,1,1785283849
2026-07-29T00:17:43Z,195,1,1,18,0,0,1,1,1,1785281107
2026-07-29T00:17:43Z,196,17,9,10,0,0,1,1,1,1785283506
2026-07-29T00:17:43Z,197,14,0,3,1,1,1,1,1,1785283637
2026-07-29T00:17:43Z,198,9,3,13,1,0,1,1,1,1785283353
2026-07-29T00:17:43Z,199,13,9,1,1,0,1,1,1,1785284128
2026-07-29T00:17:43Z,200,6,6,20,0,0,1,1,1,1785283253
2026-07-29T00:17:43Z,201,7,7,16,0,0,1,1,1,1785284223
2026-07-29T00:17:43Z,202,0,0,27,0,0,1,1,1,1785277454
2026-07-29T00:17:43Z,203,26,3,4,1,0,1,1,1,1785284200
2026-07-29T00:17:43Z,204,30,4,3,2,0,1,1,1,1785284137
2026-07-29T00:17:43Z,205,11,2,16,0,0,1,1,1,1785283028
2026-07-29T00:17:43Z,206,8,5,6,1,0,1,1,1,1785283883
2026-07-29T00:17:43Z,207,6,1,15,0,0,1,1,1,1785283850
2026-07-29T00:17:43Z,208,1,1,27,1,0,1,1,1,1785283582
2026-07-29T00:17:43Z,209,25,1,4,1,1,1,1,1,1785283986
2026-07-29T00:17:43Z,210,12,8,15,0,0,1,1,1,1785284106
2026-07-29T00:17:43Z,211,11,6,11,1,0,1,1,1,1785283909
2026-07-29T00:17:43Z,212,26,2,8,1,0,1,1,1,1785284102
2026-07-29T00:17:43Z,213,11,0,11,1,0,1,1,1,1785284063
2026-07-29T00:17:43Z,214,6,4,37,4,0,1,1,1,1785283239
2026-07-29T00:17:43Z,215,11,5,12,0,0,1,1,1,1785283326
2026-07-29T00:17:43Z,216,18,3,0,1,0,1,1,1,1785283213
2026-07-29T00:17:43Z,217,26,3,2,1,0,1,1,1,1785284052
2026-07-29T00:17:43Z,218,10,10,26,3,0,1,1,1,1785283912
2026-07-29T00:17:43Z,219,12,1,13,1,0,1,1,1,1785283626
2026-07-29T00:17:43Z,220,24,19,18,0,1,1,1,1,1785283557
2026-07-29T00:17:43Z,221,15,7,0,0,0,1,1,1,1785282332
2026-07-29T00:17:43Z,222,13,2,6,0,0,1,1,1,1785282597
2026-07-29T00:17:43Z,223,1,0,33,1,0,1,1,1,1785284096
2026-07-29T00:17:43Z,224,6,6,16,0,0,1,1,1,1785283216
2026-07-29T00:17:43Z,225,8,3,7,4,0,1,1,1,1785282874
2026-07-29T00:17:43Z,226,17,15,14,0,0,1,1,1,1785283081
2026-07-29T00:17:43Z,227,9,9,15,3,0,1,1,1,1785283096
2026-07-29T00:17:43Z,228,6,5,13,0,0,1,1,1,1785281670
2026-07-29T00:17:43Z,230,25,3,1,0,0,1,1,1,1785283704
2026-07-29T00:17:43Z,232,11,0,5,1,0,1,1,1,1785279736
2026-07-29T00:17:43Z,233,30,4,0,1,0,1,1,1,1785281404
2026-07-29T00:17:43Z,234,4,0,9,4,2,1,1,1,1785284155
2026-07-29T00:17:43Z,236,2,1,16,1,0,1,1,1,1785275886
2026-07-29T00:17:43Z,237,21,0,1,1,0,1,1,1,1785282814
2026-07-29T00:17:43Z,239,6,4,21,0,0,1,1,1,1785283458
2026-07-29T00:17:43Z,241,17,5,5,1,0,1,1,1,1785284030
2026-07-29T00:17:43Z,242,18,10,3,2,0,1,1,1,1785284129
2026-07-29T00:17:43Z,243,25,5,0,6,0,1,1,1,1785282472
2026-07-29T00:17:43Z,244,22,5,4,1,0,1,1,1,1785283140
2026-07-29T00:17:43Z,245,17,9,6,0,0,1,1,1,1785284226
2026-07-29T00:17:43Z,246,3,0,20,0,0,1,1,1,1785280632
2026-07-29T00:17:43Z,247,20,8,2,1,0,1,1,1,1785282251
2026-07-29T00:17:43Z,248,15,3,6,2,0,1,1,1,1785282438
2026-07-29T00:17:43Z,249,12,5,6,1,0,1,1,1,1785284197
2026-07-29T00:17:43Z,250,23,3,1,3,0,1,1,1,1785283594
2026-07-29T00:17:43Z,251,23,3,0,4,0,1,1,1,1785282030
2026-07-29T00:17:43Z,253,5,3,11,1,2,1,1,1,1785284039
2026-07-29T00:17:43Z,254,35,5,8,0,0,1,1,1,1785284100
2026-07-29T00:17:43Z,255,1,0,21,0,1,1,1,1,1785284241
2026-07-29T00:17:43Z,256,10,3,12,1,0,1,1,1,1785282717
2026-07-29T00:17:43Z,257,11,2,8,0,0,1,1,1,1785283207
2026-07-29T00:17:43Z,258,12,7,5,2,0,1,1,1,1785283753
2026-07-29T00:17:43Z,259,9,3,12,1,1,1,1,1,1785283211
2026-07-29T00:17:43Z,260,16,6,1,2,0,1,1,1,1785282140
2026-07-29T00:17:43Z,261,7,1,11,0,1,1,1,1,1785284077
2026-07-29T00:17:43Z,262,21,11,2,0,0,1,1,1,1785283965
2026-07-29T00:17:43Z,263,12,4,3,0,0,1,1,1,1785283369
2026-07-29T00:17:43Z,264,16,6,2,1,0,1,1,1,1785282530
2026-07-29T00:17:43Z,265,3,1,11,1,0,1,1,1,1785282993
2026-07-29T00:17:43Z,266,10,7,6,3,0,1,1,1,1785284202
2026-07-29T00:17:43Z,267,3,2,11,1,0,1,1,1,1785284155
2026-07-29T00:17:43Z,268,18,4,4,1,0,1,1,1,1785281627
2026-07-29T00:17:43Z,269,7,0,15,1,0,1,1,1,1785282294
2026-07-29T00:17:43Z,270,9,0,17,1,0,1,1,1,1785283907
2026-07-29T00:17:43Z,271,11,0,6,2,0,1,1,1,1785280907
2026-07-29T00:17:43Z,272,20,3,3,0,0,1,1,1,1785284245
2026-07-29T00:17:43Z,273,13,5,1,1,0,1,1,1,1785281246
2026-07-29T00:17:43Z,274,8,3,9,2,0,1,1,1,1785282913
2026-07-29T00:17:43Z,275,21,1,1,1,0,1,1,1,1785280433
2026-07-29T00:17:43Z,276,19,0,8,0,0,1,1,1,1785282359
2026-07-29T00:17:43Z,277,8,8,11,4,0,1,1,1,1785283931
2026-07-29T00:17:43Z,278,18,10,11,1,1,1,1,1,1785280741
2026-07-29T00:17:43Z,279,3,2,15,1,0,1,1,1,1785283547
2026-07-29T00:17:43Z,280,3,2,26,2,0,1,1,1,1785284163
2026-07-29T00:17:43Z,281,9,1,10,0,0,1,1,1,1785283963
2026-07-29T00:17:43Z,282,12,2,6,1,0,1,1,1,1785283947
2026-07-29T00:17:43Z,283,35,2,0,0,0,1,1,1,1785281664
2026-07-29T00:17:43Z,284,26,9,8,1,0,1,1,1,1785283205
2026-07-29T00:17:43Z,285,10,7,13,0,0,1,1,1,1785281685
2026-07-29T00:17:43Z,286,12,11,9,2,0,1,1,1,1785283684
2026-07-29T00:17:43Z,287,8,1,12,3,0,1,1,1,1785279065
2026-07-29T00:17:43Z,288,9,7,10,0,0,1,1,1,1785284201
2026-07-29T00:17:43Z,289,7,2,20,0,0,1,1,1,1785283963
2026-07-29T00:17:43Z,290,9,1,29,1,0,1,1,1,1785283334
2026-07-29T00:17:43Z,291,18,0,4,1,0,1,1,1,1785283155
2026-07-29T00:17:43Z,292,12,4,11,0,0,1,1,1,1785283684
2026-07-29T00:17:43Z,293,21,3,0,2,0,1,1,1,1785283412
2026-07-29T00:17:43Z,294,3,3,18,1,0,1,1,1,1785283375
2026-07-29T00:17:43Z,297,10,1,7,1,1,1,1,1,1785284208
2026-07-29T00:17:43Z,301,16,0,2,1,0,1,1,1,1785283632
2026-07-29T00:17:43Z,302,3,2,20,0,0,1,1,1,1785283842
2026-07-29T00:17:43Z,303,3,0,16,0,0,1,1,1,1785279501
2026-07-29T00:17:43Z,304,0,0,0,0,0,0,1,1,86400
2026-07-29T00:17:43Z,305,4,0,15,0,0,1,1,1,1785282002
2026-07-29T00:17:43Z,306,3,0,28,1,0,1,1,1,1785281340
2026-07-29T00:17:43Z,307,18,2,5,0,0,1,1,1,1785283107
2026-07-29T00:17:43Z,308,1,0,16,2,0,1,1,1,1785284187
2026-07-29T00:17:43Z,309,11,4,3,0,0,1,1,1,1785282576
2026-07-29T00:17:43Z,311,2,1,12,1,0,1,1,1,1785281996
2026-07-29T00:17:43Z,312,9,9,11,2,1,1,1,1,1785284253
2026-07-29T00:17:43Z,313,7,3,8,0,0,1,1,1,1785281132
2026-07-29T00:17:43Z,314,5,4,12,1,0,1,1,1,1785279718
2026-07-29T00:17:43Z,315,27,4,2,2,0,1,1,1,1785284057
2026-07-29T00:17:43Z,316,22,2,2,6,1,1,1,1,1785283980
2026-07-29T00:17:43Z,317,9,6,19,3,0,1,1,1,1785282065
2026-07-29T00:17:43Z,318,12,4,7,0,0,1,1,1,1785282997
2026-07-29T00:17:43Z,319,8,2,15,0,0,1,1,1,1785283656
2026-07-29T00:17:43Z,320,18,1,0,1,0,1,1,1,1785283625
2026-07-29T00:17:43Z,321,4,1,13,2,0,1,1,1,1785274503
2026-07-29T00:17:43Z,322,17,1,12,0,0,1,1,1,1785283266
2026-07-29T00:17:43Z,323,9,0,10,0,0,1,1,1,1785281588
2026-07-29T00:17:43Z,324,0,0,24,3,0,1,1,1,1785284252
2026-07-29T00:17:43Z,325,1,0,24,2,0,1,1,1,1785281985
2026-07-29T00:17:43Z,327,26,3,1,0,0,1,1,1,1785284094
2026-07-29T00:17:43Z,328,8,0,15,0,0,1,1,1,1785284232
2026-07-29T00:17:43Z,329,16,0,2,1,0,1,1,1,1785283722
2026-07-29T00:17:43Z,330,3,1,19,0,0,1,1,1,1785283772
2026-07-29T00:17:43Z,331,3,0,19,2,0,1,1,1,1785283489
2026-07-29T00:17:43Z,332,7,0,11,1,0,1,1,1,1785283003
2026-07-29T00:17:43Z,333,11,8,11,1,0,1,1,1,1785283765
2026-07-29T00:17:43Z,334,12,1,10,1,0,1,1,1,1785283977
2026-07-29T00:17:43Z,335,18,2,3,1,1,1,1,1,1785282975
2026-07-29T00:17:43Z,336,9,2,10,0,0,1,1,1,1785283414
2026-07-29T00:17:43Z,337,11,1,9,3,0,1,1,1,1785284018
2026-07-29T00:17:43Z,338,15,5,4,0,0,1,1,1,1785284146
2026-07-29T00:17:43Z,339,4,2,17,2,0,1,1,1,1785284243
2026-07-29T00:17:43Z,340,10,5,4,1,0,1,1,1,1785282670
2026-07-29T00:17:43Z,341,11,2,7,1,0,1,1,1,1785283023
2026-07-29T00:17:43Z,342,7,1,8,0,0,1,1,1,1785283273
2026-07-29T00:17:43Z,343,13,1,8,2,0,1,1,1,1785283676
2026-07-29T00:17:43Z,344,13,1,10,0,0,1,1,1,1785284174
2026-07-29T00:17:43Z,345,7,0,11,1,0,1,1,1,1785281098
2026-07-29T00:17:43Z,346,7,4,16,0,0,1,1,1,1785277413
2026-07-29T00:17:43Z,347,32,1,9,3,0,1,1,1,1785284256
2026-07-29T00:17:43Z,348,17,2,5,0,1,1,1,1,1785284013
2026-07-29T00:17:43Z,349,5,4,13,1,0,1,1,1,1785284135
2026-07-29T00:17:43Z,350,14,2,11,1,1,1,1,1,1785281168
2026-07-29T00:17:43Z,351,2,1,19,2,0,1,1,1,1785284077
2026-07-29T00:17:43Z,355,23,2,0,0,0,1,1,1,1785283908
2026-07-29T00:17:43Z,356,4,0,14,1,0,1,1,1,1785281950
2026-07-29T00:17:43Z,357,19,5,0,0,0,1,1,1,1785283495
2026-07-29T00:17:43Z,358,26,4,0,1,0,1,1,1,1785278774
2026-07-29T00:17:43Z,359,10,1,17,0,0,1,1,1,1785284168
2026-07-29T00:17:43Z,360,10,4,8,1,0,1,1,1,1785276632
2026-07-29T00:17:43Z,362,11,4,7,1,0,1,1,1,1785283980
2026-07-29T00:17:43Z,363,16,0,11,0,0,1,1,1,1785284155
2026-07-29T00:17:43Z,364,14,2,5,0,0,1,1,1,1785281917
2026-07-29T00:17:43Z,365,7,1,14,2,0,1,1,1,1785283890
2026-07-29T00:17:43Z,366,13,4,5,5,0,1,1,1,1785284230
2026-07-29T00:17:43Z,367,7,3,10,2,0,1,1,1,1785282907
2026-07-29T00:17:43Z,368,19,3,3,1,0,1,1,1,1785284218
2026-07-29T00:17:43Z,370,14,12,12,1,0,1,1,1,1785281844
2026-07-29T00:17:43Z,371,2,1,16,1,0,1,1,1,1785280198
2026-07-29T00:17:43Z,372,12,2,3,0,0,1,1,1,1785282745
2026-07-29T00:17:43Z,373,19,6,3,3,1,1,1,1,1785283211
2026-07-29T00:17:43Z,374,11,4,6,2,0,1,1,1,1785283988
2026-07-29T00:17:43Z,375,24,4,0,3,0,1,1,1,1785276760
2026-07-29T00:17:43Z,376,29,2,5,5,0,1,1,1,1785284028
2026-07-29T00:17:43Z,377,12,3,15,0,0,1,1,1,1785283051
2026-07-29T00:17:43Z,378,9,3,13,1,1,1,1,1,1785284238
2026-07-29T00:17:43Z,379,5,1,21,1,0,1,1,1,1785281033
2026-07-29T00:17:43Z,380,16,0,6,1,0,1,1,1,1785281151
2026-07-29T00:17:43Z,381,1,1,22,0,0,1,1,1,1785282648
2026-07-29T00:17:43Z,383,12,0,1,2,0,1,1,1,1785284243
2026-07-29T00:17:43Z,384,11,1,15,1,0,1,1,1,1785282019
2026-07-29T00:17:43Z,385,13,1,4,1,0,1,1,1,1785283253
2026-07-29T00:17:43Z,387,10,1,13,0,0,1,1,1,1785282035
2026-07-29T00:17:43Z,388,23,3,25,1,0,1,1,1,1785284220
2026-07-29T00:17:43Z,389,4,2,11,0,0,1,1,1,1785284229
2026-07-29T00:17:43Z,390,25,1,10,0,0,1,1,1,1785283420
2026-07-29T00:17:43Z,391,10,7,5,0,0,1,1,1,1785277473
2026-07-29T00:17:43Z,392,4,4,12,3,0,1,1,1,1785284196
2026-07-29T00:17:43Z,393,0,0,10,1,0,1,1,1,1785276486
2026-07-29T00:17:43Z,394,8,3,4,1,0,1,1,1,1785283931
2026-07-29T00:17:43Z,396,6,3,35,1,0,1,1,1,1785281932
2026-07-29T00:17:43Z,397,22,6,9,0,0,1,1,1,1785284110
2026-07-29T00:17:43Z,399,8,1,8,1,0,1,1,1,1785284187
2026-07-29T00:17:43Z,400,9,6,11,3,0,1,1,1,1785284170
2026-07-29T00:17:43Z,401,10,6,21,8,0,1,1,1,1785281041
2026-07-29T00:17:43Z,403,15,2,14,2,0,1,1,1,1785284052
2026-07-29T00:17:43Z,404,1,0,22,0,0,1,1,1,1785283572
2026-07-29T00:17:43Z,406,32,0,2,1,0,1,1,1,1785282940
2026-07-29T00:17:43Z,407,15,3,19,0,0,1,1,1,1785277358
2026-07-29T00:17:43Z,408,2,1,30,0,0,1,1,1,1785284194
2026-07-29T00:17:43Z,409,0,0,19,4,0,1,1,1,1785280762
2026-07-29T00:17:43Z,413,5,1,17,1,0,1,1,1,1785282047
2026-07-29T00:17:43Z,414,5,0,10,0,0,1,1,1,1785283524
2026-07-29T00:17:43Z,417,9,4,10,0,0,1,1,1,1785282112
2026-07-29T00:17:43Z,418,9,4,6,0,0,1,1,1,1785283031
2026-07-29T00:17:43Z,419,17,2,6,0,0,1,1,1,1785279236
2026-07-29T00:17:43Z,421,18,3,1,0,0,1,1,1,1785283444
2026-07-29T00:17:43Z,422,13,5,14,0,0,1,1,1,1785283210
2026-07-29T00:17:43Z,423,12,4,11,0,0,1,1,1,1785278090
2026-07-29T00:17:43Z,424,8,5,5,2,0,1,1,1,1785284030
2026-07-29T00:17:43Z,425,9,3,9,4,0,1,1,1,1785284154
2026-07-29T00:17:43Z,426,2,0,33,2,0,1,1,1,1785281696
2026-07-29T00:17:43Z,427,8,0,6,1,0,1,1,1,1785284204
2026-07-29T00:17:43Z,428,7,1,11,1,0,1,1,1,1785284056
2026-07-29T00:17:43Z,429,17,6,0,6,0,1,1,1,1785283944
2026-07-29T00:17:43Z,430,13,3,16,2,0,1,1,1,1785283754
2026-07-29T00:17:43Z,431,12,2,18,3,0,1,1,1,1785284160
2026-07-29T00:17:43Z,432,18,0,13,0,0,1,1,1,1785283870
2026-07-29T00:17:43Z,433,20,4,1,2,0,1,1,1,1785283847
2026-07-29T00:17:43Z,437,8,4,10,1,0,1,1,1,1785284235
2026-07-29T00:17:43Z,438,4,3,14,1,0,1,1,1,1785284215
2026-07-29T00:17:43Z,439,10,2,4,1,0,1,1,1,1785283951
2026-07-29T00:17:43Z,440,3,0,10,2,0,1,1,1,1785283806
2026-07-29T00:17:43Z,441,5,1,9,1,0,1,1,1,1785283940
2026-07-29T00:17:43Z,442,7,4,12,0,0,1,1,1,1785278527
2026-07-29T00:17:43Z,443,5,2,22,0,0,1,1,1,1785273463
2026-07-29T00:17:43Z,444,3,0,20,0,0,1,1,1,1785279636
2026-07-29T00:17:43Z,445,5,1,17,0,1,1,1,1,1785283960
2026-07-29T00:17:43Z,446,4,0,18,1,0,1,1,1,1785282689
2026-07-29T00:17:43Z,447,1,0,20,1,1,1,1,1,1785272036
2026-07-29T00:17:43Z,448,8,0,7,0,0,1,1,1,1785282409
2026-07-29T00:17:43Z,452,4,4,14,1,0,1,1,1,1785281182
2026-07-29T00:17:43Z,453,7,3,7,1,0,1,1,1,1785284004
2026-07-29T00:17:43Z,454,7,0,12,0,0,1,1,1,1785282710
2026-07-29T00:17:43Z,455,7,4,32,0,0,1,1,1,1785282994
2026-07-29T00:17:43Z,456,17,3,1,2,0,1,1,1,1785283970
2026-07-29T00:17:43Z,457,19,0,5,3,0,1,1,1,1785283785
2026-07-29T00:17:43Z,458,7,2,14,2,0,1,1,1,1785284255
2026-07-29T00:17:43Z,459,5,1,10,0,0,1,1,1,1785281255
2026-07-29T00:17:43Z,460,12,1,10,1,0,1,1,1,1785283002
2026-07-29T00:17:43Z,461,2,0,16,1,0,1,1,1,1785284097
2026-07-29T00:17:43Z,462,5,0,16,0,0,1,1,1,1785281376
2026-07-29T00:17:43Z,463,4,0,15,0,0,1,1,1,1785281472
2026-07-29T00:17:43Z,464,0,0,14,0,0,1,1,1,1785276567
2026-07-29T00:17:43Z,465,8,7,6,1,0,1,1,1,1785281875
2026-07-29T00:17:43Z,466,9,3,4,2,0,1,1,1,1785278069
2026-07-29T00:17:43Z,467,3,0,12,0,0,1,1,1,1785284015
2026-07-29T00:17:43Z,468,13,5,5,1,0,1,1,1,1785272127
2026-07-29T00:17:43Z,469,11,2,12,0,0,1,1,1,1785279752
2026-07-29T00:17:43Z,470,4,0,10,0,1,1,1,1,1785284065
2026-07-29T00:17:43Z,471,11,0,16,0,0,1,1,1,1785279952
2026-07-29T00:17:43Z,472,6,5,12,1,0,1,1,1,1785284158
2026-07-29T00:17:43Z,473,4,2,15,0,0,1,1,1,1785283933
2026-07-29T00:17:43Z,474,16,1,2,1,0,1,1,1,1785282605
2026-07-29T00:17:43Z,475,9,1,9,1,0,1,1,1,1785283274
2026-07-29T00:17:43Z,476,3,0,10,9,0,1,1,1,1785284039
2026-07-29T00:17:43Z,477,5,3,10,0,0,1,1,1,1785284225
2026-07-29T00:17:43Z,478,28,1,3,0,0,1,1,1,1785280998
2026-07-29T00:17:43Z,479,5,0,21,1,0,1,1,1,1785284172
2026-07-29T00:17:43Z,480,2,0,10,3,0,1,1,1,1785278066
2026-07-29T00:17:43Z,481,7,0,27,1,0,1,1,1,1785284021
2026-07-29T00:17:43Z,482,10,6,9,0,0,1,1,1,1785283148
2026-07-29T00:17:43Z,483,19,0,4,4,0,1,1,1,1785283969
2026-07-29T00:17:43Z,484,5,0,14,0,0,1,1,1,1785279955
2026-07-29T00:17:43Z,485,12,2,5,1,1,1,1,1,1785284164
2026-07-29T00:17:43Z,486,13,1,12,2,0,1,1,1,1785284211
2026-07-29T00:17:43Z,487,15,3,2,2,0,1,1,1,1785283973
2026-07-29T00:17:43Z,489,12,6,3,0,0,1,1,1,1785281173
2026-07-29T00:17:43Z,490,9,2,7,0,0,1,1,1,1785283491
2026-07-29T00:17:43Z,491,9,5,11,1,0,1,1,1,1785284018
2026-07-29T00:17:43Z,492,6,1,2,3,0,1,1,1,1785284258
2026-07-29T00:17:43Z,493,20,0,7,0,0,1,1,1,1785284169
2026-07-29T00:17:43Z,495,1,1,14,0,0,1,1,1,1785281926
2026-07-29T00:17:43Z,496,20,0,7,0,0,1,1,1,1785282489
2026-07-29T00:17:43Z,497,12,2,7,0,0,1,1,1,1785284060
2026-07-29T00:17:43Z,498,23,7,0,0,0,1,1,1,1785277252
2026-07-29T00:17:43Z,499,8,3,11,0,0,1,1,1,1785279364
2026-07-29T00:17:43Z,500,5,4,9,1,0,1,1,1,1785282462
2026-07-29T00:17:43Z,501,0,0,21,0,0,1,1,1,1785283404
2026-07-29T00:17:43Z,502,0,0,18,1,0,1,1,1,1785278582
2026-07-29T00:17:43Z,503,2,2,28,1,0,1,1,1,1785283522
2026-07-29T00:17:43Z,504,23,3,16,0,0,1,1,1,1785283891
2026-07-29T00:17:43Z,505,7,3,3,2,0,1,1,1,1785284221
2026-07-29T00:17:43Z,511,3,2,20,0,0,1,1,1,1785282769
2026-07-29T00:17:43Z,512,7,0,20,0,0,1,1,1,1785283312
2026-07-29T00:17:43Z,514,5,1,3,3,0,1,1,1,1785278442
2026-07-29T00:17:43Z,515,14,8,4,1,0,1,1,1,1785284190
2026-07-29T00:17:43Z,516,3,1,23,1,0,1,1,1,1785280965
2026-07-29T00:17:43Z,517,11,1,11,1,0,1,1,1,1785281647
2026-07-29T00:17:43Z,518,7,0,7,1,0,1,1,1,1785276509
2026-07-29T00:17:43Z,519,9,1,10,0,0,1,1,1,1785282948
2026-07-29T00:17:43Z,520,10,0,14,2,1,1,1,1,1785278564
2026-07-29T00:17:43Z,521,3,1,20,0,0,1,1,1,1785280379
2026-07-29T00:17:43Z,522,22,1,1,0,0,1,1,1,1785281450
2026-07-29T00:17:43Z,523,6,3,16,1,0,1,1,1,1785284162
2026-07-29T00:17:43Z,524,15,0,8,0,0,1,1,1,1785283116
2026-07-29T00:17:43Z,525,8,2,11,0,0,1,1,1,1785281562
2026-07-29T00:17:43Z,526,8,3,4,3,0,1,1,1,1785276090
2026-07-29T00:17:43Z,527,7,7,17,2,0,1,1,1,1785284073
2026-07-29T00:17:43Z,528,16,1,6,1,0,1,1,1,1785280560
2026-07-29T00:17:43Z,529,1,0,16,2,0,1,1,1,1785284257
2026-07-29T00:17:43Z,530,17,1,3,1,0,1,1,1,1785284247
2026-07-29T00:17:43Z,531,15,1,7,0,1,1,1,1,1785284033
2026-07-29T00:17:43Z,532,0,0,29,1,1,1,1,1,1785283193
2026-07-29T00:17:43Z,533,3,1,14,2,0,1,1,1,1785284250
2026-07-29T00:17:43Z,534,12,6,11,0,0,1,1,1,1785284166
2026-07-29T00:17:43Z,535,2,0,13,0,0,1,1,1,1785283564
2026-07-29T00:17:43Z,536,2,0,21,0,0,1,1,1,1785283995
2026-07-29T00:17:43Z,537,0,0,20,0,0,1,1,1,1785277298
2026-07-29T00:17:43Z,538,12,4,9,0,2,1,1,1,1785283956
2026-07-29T00:17:43Z,539,2,2,29,0,0,1,1,1,1785280923
2026-07-29T00:17:43Z,540,0,0,19,0,0,1,1,1,1785282712
2026-07-29T00:17:43Z,541,25,4,1,1,0,1,1,1,1785284231
2026-07-29T00:17:43Z,542,0,0,23,0,0,1,1,1,1785283083
2026-07-29T00:17:43Z,543,13,3,4,2,0,1,1,1,1785284166
2026-07-29T00:17:43Z,544,15,1,5,2,0,1,1,1,1785282908
2026-07-29T00:17:43Z,545,17,1,1,1,0,1,1,1,1785284174
2026-07-29T00:17:43Z,546,0,0,19,0,0,1,1,1,1785284052
2026-07-29T00:17:43Z,547,12,1,13,0,0,1,1,1,1785283958
2026-07-29T00:17:43Z,548,4,0,18,1,0,1,1,1,1785281589
2026-07-29T00:17:43Z,549,20,3,2,1,0,1,1,1,1785283836
2026-07-29T00:17:43Z,550,4,3,15,0,0,1,1,1,1785282150
2026-07-29T00:17:43Z,551,11,1,12,0,0,1,1,1,1785281839
2026-07-29T00:17:43Z,552,27,3,0,0,0,1,1,1,1785280133
2026-07-29T00:17:43Z,553,20,2,1,1,1,1,1,1,1785284172
2026-07-29T00:17:43Z,554,3,3,16,0,0,1,1,1,1785281942
2026-07-29T00:17:43Z,555,1,0,14,0,0,1,1,1,1785279527
2026-07-29T00:17:43Z,556,14,3,8,1,0,1,1,1,1785284257
2026-07-29T00:17:43Z,557,0,0,21,2,0,1,1,1,1785282603
2026-07-29T00:17:43Z,558,12,2,25,0,0,1,1,1,1785283883
2026-07-29T00:17:43Z,559,1,0,17,1,0,1,1,1,1785283702
2026-07-29T00:17:43Z,560,27,0,0,0,0,1,1,1,1785277821
2026-07-29T00:17:43Z,561,11,1,11,1,0,1,1,1,1785283833
2026-07-29T00:17:43Z,562,8,6,21,6,0,1,1,1,1785279621
2026-07-29T00:17:43Z,563,12,0,2,0,0,1,1,1,1785282166
2026-07-29T00:17:43Z,564,7,2,12,0,0,1,1,1,1785278834
2026-07-29T00:17:43Z,565,2,0,17,0,0,1,1,1,1785283807
2026-07-29T00:17:43Z,566,15,3,3,1,0,1,1,1,1785284081
2026-07-29T00:17:43Z,567,3,0,23,1,0,1,1,1,1785283603
2026-07-29T00:17:43Z,568,10,0,8,1,0,1,1,1,1785281688
2026-07-29T00:17:43Z,569,4,1,15,0,0,1,1,1,1785277964
2026-07-29T00:17:43Z,570,9,0,10,0,0,1,1,1,1785279804
2026-07-29T00:17:43Z,571,3,0,20,0,0,1,1,1,1785278228
2026-07-29T00:17:43Z,572,12,1,7,0,0,1,1,1,1785283606
2026-07-29T00:17:43Z,573,13,0,0,2,0,1,1,1,1785284220
2026-07-29T00:17:43Z,574,10,4,5,0,0,1,1,1,1785283584
2026-07-29T00:17:43Z,575,16,0,4,1,0,1,1,1,1785283920
2026-07-29T00:17:43Z,576,11,5,7,1,0,1,1,1,1785281138
2026-07-29T00:17:43Z,577,23,0,8,0,0,1,1,1,1785283553
2026-07-29T00:17:43Z,578,20,4,2,1,0,1,1,1,1785283975
2026-07-29T00:17:43Z,579,16,5,27,0,0,1,1,1,1785284253
2026-07-29T00:17:43Z,580,18,0,11,0,0,1,1,1,1785281150
2026-07-29T00:17:43Z,581,17,2,2,0,0,1,1,1,1785283329
2026-07-29T00:17:43Z,582,15,1,45,1,0,1,1,1,1785284207
2026-07-29T00:17:43Z,583,18,1,5,0,0,1,1,1,1785283273
2026-07-29T00:17:43Z,584,2,1,13,4,0,1,1,1,1785284175
2026-07-29T00:17:43Z,585,18,0,9,0,0,1,1,1,1785282362
2026-07-29T00:17:43Z,586,26,1,9,0,0,1,1,1,1785284215
2026-07-29T00:17:43Z,587,6,1,17,1,0,1,1,1,1785284038
2026-07-29T00:17:43Z,588,8,2,11,0,0,1,1,1,1785283538
2026-07-29T00:17:43Z,589,6,1,17,0,0,1,1,1,1785282100
2026-07-29T00:17:43Z,590,14,2,17,0,0,1,1,1,1785281110
2026-07-29T00:17:43Z,591,26,5,2,2,0,1,1,1,1785283788
2026-07-29T00:17:43Z,592,22,0,1,0,0,1,1,1,1785283897
2026-07-29T00:17:43Z,593,7,2,31,0,0,1,1,1,1785283740
2026-07-29T00:17:43Z,594,12,1,8,0,1,1,1,1,1785283966
2026-07-29T00:17:43Z,595,0,0,3,0,0,0,1,1,1784046673
2026-07-29T00:17:43Z,605,0,0,2,1,0,0,1,1,1783975843
2026-07-29T00:17:43Z,606,0,0,0,0,0,0,1,1,86400
2026-07-29T00:17:43Z,607,26,0,3,3,0,1,1,1,1785283732
2026-07-29T00:17:43Z,608,45,1,4,1,0,1,1,1,1785284036
2026-07-29T00:17:43Z,609,8,7,14,1,0,1,1,1,1785284089
2026-07-29T00:17:43Z,610,35,0,0,0,0,1,1,1,1785280951
2026-07-29T00:17:43Z,611,3,2,24,0,0,1,1,1,1785284079
2026-07-29T00:17:43Z,612,6,2,8,1,0,1,1,1,1785284073
2026-07-29T00:17:43Z,613,12,3,1,2,0,1,1,1,1785276942
2026-07-29T00:17:43Z,614,0,0,25,2,0,1,1,1,1785283193
2026-07-29T00:17:43Z,617,5,1,9,1,0,1,1,1,1785282986
2026-07-29T00:17:43Z,618,2,2,13,4,0,1,1,1,1785284154
2026-07-29T00:17:43Z,619,19,14,0,0,0,1,1,1,1785283770
2026-07-29T00:17:43Z,620,4,1,23,0,0,1,1,1,1785284052
2026-07-29T00:17:43Z,621,18,8,5,0,0,1,1,1,1785283898
2026-07-29T00:17:43Z,622,2,0,19,1,1,1,1,1,1785284021
2026-07-29T00:17:43Z,623,3,0,27,0,0,1,1,1,1785284170
2026-07-29T00:17:43Z,624,6,2,7,2,0,1,1,1,1785279166
2026-07-29T00:17:43Z,625,5,1,10,6,0,1,1,1,1785280213
2026-07-29T00:17:43Z,626,28,0,17,0,0,1,1,1,1785282601
2026-07-29T00:17:43Z,627,19,4,0,0,0,1,1,1,1785280328
2026-07-29T00:17:43Z,628,8,7,9,1,1,1,1,1,1785284218
2026-07-29T00:17:43Z,629,6,1,4,1,0,1,1,1,1785284135
2026-07-29T00:17:43Z,630,3,3,21,3,0,1,1,1,1785284073
2026-07-29T00:17:43Z,631,0,0,23,0,0,1,1,1,1785279262
2026-07-29T00:17:43Z,632,20,2,3,0,0,1,1,1,1785276390
2026-07-29T00:17:43Z,633,7,4,7,1,0,1,1,1,1785278449
2026-07-29T00:17:43Z,634,1,0,18,0,0,1,1,1,1785277116
2026-07-29T00:17:43Z,635,6,0,12,1,0,1,1,1,1785276587
2026-07-29T00:17:43Z,636,11,1,4,0,0,1,1,1,1785273816
2026-07-29T00:17:43Z,637,8,2,6,5,0,1,1,1,1785275662
2026-07-29T00:17:43Z,638,7,0,9,3,0,1,1,1,1785283123
2026-07-29T00:17:43Z,639,4,0,15,0,0,1,1,1,1785281592
2026-07-29T00:17:43Z,640,1,1,21,1,0,1,1,1,1785281368
2026-07-29T00:17:43Z,641,2,1,23,1,0,1,1,1,1785284236
2026-07-29T00:17:43Z,642,7,0,7,5,0,1,1,1,1785284259
2026-07-29T00:17:43Z,643,1,1,22,4,0,1,1,1,1785282778
2026-07-29T00:17:43Z,644,8,3,6,1,0,1,1,1,1785283919
2026-07-29T00:17:43Z,645,15,1,7,0,1,1,1,1,1785280305
2026-07-29T00:17:43Z,646,5,2,13,1,0,1,1,1,1785276458
2026-07-29T00:17:43Z,647,31,0,0,0,0,1,1,1,1785276964
2026-07-29T00:17:43Z,648,5,0,13,1,0,1,1,1,1785281994
2026-07-29T00:17:43Z,649,8,7,23,0,0,1,1,1,1785282070
2026-07-29T00:17:43Z,650,6,3,8,0,0,1,1,1,1785231661
2026-07-29T00:17:43Z,651,1,1,21,1,0,1,1,1,1785278436
2026-07-29T00:17:43Z,652,14,1,7,2,0,1,1,1,1785284139
2026-07-29T00:17:43Z,653,3,0,16,0,0,1,1,1,1785278570
2026-07-29T00:17:43Z,654,4,4,11,0,0,1,1,1,1785279327
2026-07-29T00:17:43Z,655,6,4,2,4,1,1,1,1,1785284189
2026-07-29T00:17:43Z,656,16,0,3,0,0,1,1,1,1785283205
2026-07-29T00:17:43Z,657,4,0,11,1,1,1,1,1,1785283948
2026-07-29T00:17:43Z,658,10,1,5,0,0,1,1,1,1785280166
2026-07-29T00:17:43Z,659,6,3,8,1,0,1,1,1,1785277752
2026-07-29T00:17:43Z,660,7,7,19,5,0,1,1,1,1785283975
2026-07-29T00:17:43Z,661,9,7,9,1,0,1,1,1,1785282588
2026-07-29T00:17:43Z,662,8,5,6,8,1,1,1,1,1785284099
2026-07-29T00:17:43Z,663,12,3,3,0,0,1,1,1,1785283350
2026-07-29T00:17:43Z,664,21,0,6,0,0,1,1,1,1785283089
2026-07-29T00:17:43Z,665,11,0,4,0,0,1,1,1,1785282716
2026-07-29T00:17:43Z,666,10,6,2,3,0,1,1,1,1785278708
2026-07-29T00:17:43Z,667,16,0,0,1,0,1,1,1,1785283360
2026-07-29T00:17:43Z,668,16,0,3,0,0,1,1,1,1785280187
2026-07-29T00:17:43Z,669,14,1,0,0,0,1,1,1,1785280178
2026-07-29T00:17:43Z,670,12,2,13,2,0,1,1,1,1785282785
2026-07-29T00:17:43Z,671,12,0,15,0,0,1,1,1,1785284167
2026-07-29T00:17:43Z,672,8,2,11,3,1,1,1,1,1785280233
2026-07-29T00:17:43Z,673,9,0,13,1,0,1,1,1,1785281559
2026-07-29T00:17:43Z,674,7,7,14,2,0,1,1,1,1785284184
2026-07-29T00:17:43Z,675,9,1,3,3,0,1,1,1,1785284166
2026-07-29T00:17:43Z,676,5,0,17,0,0,1,1,1,1785284182
2026-07-29T00:17:43Z,681,9,2,4,2,0,1,1,1,1785281313
2026-07-29T00:17:43Z,682,4,1,15,0,0,1,1,1,1785229117
2026-07-29T00:17:43Z,683,4,1,15,0,0,1,1,1,1785278028
2026-07-29T00:17:43Z,684,5,3,22,0,0,1,1,1,1785282451
2026-07-29T00:17:43Z,685,5,0,21,0,1,1,1,1,1785276226
2026-07-29T00:17:43Z,686,11,0,14,1,1,1,1,1,1785284246
2026-07-29T00:17:43Z,687,11,1,17,2,1,1,1,1,1785284042
2026-07-29T00:17:43Z,688,3,1,11,5,0,1,1,1,1785284080
2026-07-29T00:17:43Z,692,15,2,5,1,0,1,1,1,1785282770
2026-07-29T00:17:43Z,693,5,0,3,3,0,1,1,1,1785282551
2026-07-29T00:17:43Z,694,10,4,10,0,0,1,1,1,1785283799
2026-07-29T00:17:43Z,695,7,3,16,0,0,1,1,1,1785283780
2026-07-29T00:17:43Z,696,13,8,9,1,0,1,1,1,1785283300
2026-07-29T00:17:43Z,697,13,1,9,1,0,1,1,1,1785283929
2026-07-29T00:17:43Z,698,18,0,9,0,0,1,1,1,1785284234
2026-07-29T00:17:43Z,699,2,2,12,1,0,1,1,1,1785282464
2026-07-29T00:17:43Z,700,18,2,1,0,0,1,1,1,1785284062
2026-07-29T00:17:43Z,701,5,2,10,4,0,1,1,1,1785284169
2026-07-29T00:17:43Z,702,10,4,11,2,0,1,1,1,1785283976
2026-07-29T00:17:43Z,704,7,0,7,1,0,1,1,1,1785283229
2026-07-29T00:17:43Z,705,4,1,11,0,0,1,1,1,1785282712
2026-07-29T00:17:43Z,706,11,1,2,2,0,1,1,1,1785283624
2026-07-29T00:17:43Z,707,4,1,11,0,0,1,1,1,1785282854
2026-07-29T00:17:43Z,708,14,0,4,1,0,1,1,1,1785283457
2026-07-29T00:17:43Z,709,12,0,0,3,0,1,1,1,1785282627
2026-07-29T00:17:43Z,710,9,3,9,1,0,1,1,1,1785284144
2026-07-29T00:17:43Z,711,0,0,19,0,0,1,1,1,1785283992
2026-07-29T00:17:43Z,712,14,8,1,0,0,1,1,1,1785283673
2026-07-29T00:17:43Z,713,16,4,7,0,0,1,1,1,1785284126
2026-07-29T00:17:43Z,716,3,0,12,0,0,1,1,1,1785284073
2026-07-29T00:17:43Z,717,5,1,18,2,0,1,1,1,1785283964
2026-07-29T00:17:43Z,718,1,0,14,0,0,1,1,1,1785284181
2026-07-29T00:17:43Z,719,3,0,26,0,0,1,1,1,1785282954
2026-07-29T00:17:43Z,720,3,2,16,0,0,1,1,1,1785282628
2026-07-29T00:17:43Z,721,9,1,13,1,0,1,1,1,1785283002
2026-07-29T00:17:43Z,722,4,0,11,0,0,1,1,1,1785284148
2026-07-29T00:17:43Z,723,12,2,11,0,0,1,1,1,1785283644
2026-07-29T00:17:43Z,724,6,0,17,0,0,1,1,1,1785283176
2026-07-29T00:17:43Z,725,15,3,8,0,0,1,1,1,1785282646
2026-07-29T00:17:43Z,726,19,1,0,0,0,1,1,1,1785283677
2026-07-29T00:17:43Z,727,9,5,13,1,0,1,1,1,1785282934
2026-07-29T00:17:43Z,728,8,2,7,0,0,1,1,1,1785282924
2026-07-29T00:17:43Z,729,13,1,6,0,0,1,1,1,1785283869
2026-07-29T00:17:43Z,730,4,4,10,1,0,1,1,1,1785283533
2026-07-29T00:17:43Z,731,7,3,8,0,0,1,1,1,1785284082
2026-07-29T00:17:43Z,732,5,1,10,0,0,1,1,1,1785283694
2026-07-29T00:17:43Z,733,8,0,18,1,0,1,1,1,1785283849
2026-07-29T00:17:43Z,734,12,0,2,0,0,1,1,1,1785283916
2026-07-29T00:17:43Z,735,2,2,25,0,0,1,1,1,1785283950
2026-07-29T00:17:43Z,736,6,3,12,1,0,1,1,1,1785282913
2026-07-29T00:17:43Z,737,4,1,11,0,0,1,1,1,1785282731
2026-07-29T00:17:43Z,738,4,1,14,1,0,1,1,1,1785283193
2026-07-29T00:17:43Z,739,15,2,11,1,0,1,1,1,1785283553
2026-07-29T00:17:43Z,741,3,0,19,1,0,1,1,1,1785282753
2026-07-29T00:17:43Z,742,24,5,14,1,0,1,1,1,1785283557
2026-07-29T00:17:43Z,743,5,0,13,1,0,1,1,1,1785282629
2026-07-29T00:17:43Z,744,5,3,10,0,0,1,1,1,1785282560
2026-07-29T00:17:43Z,745,14,2,4,1,0,1,1,1,1785283107
2026-07-29T00:17:43Z,746,15,0,6,2,0,1,1,1,1785283916
2026-07-29T00:17:43Z,747,0,0,4,0,0,0,1,1,1783446606
2026-07-29T00:17:43Z,748,9,1,11,0,0,1,1,1,1785283835
2026-07-29T00:17:43Z,749,10,0,13,0,0,1,1,1,1785282794
2026-07-29T00:17:43Z,750,10,4,0,1,0,1,1,1,1785282853
2026-07-29T00:17:43Z,751,4,4,19,0,0,1,1,1,1785284147
2026-07-29T00:17:43Z,752,8,2,8,1,0,1,1,1,1785279810
2026-07-29T00:17:43Z,753,12,0,3,0,0,1,1,1,1785283536
2026-07-29T00:17:43Z,754,4,0,11,0,0,1,1,1,1785284148
2026-07-29T00:17:43Z,755,10,5,13,0,0,1,1,1,1785284246
2026-07-29T00:17:43Z,756,11,10,27,0,0,1,1,1,1785284200
2026-07-29T00:17:43Z,757,3,1,16,0,0,1,1,1,1785283967
2026-07-29T00:17:43Z,758,17,6,6,0,0,1,1,1,1785283943
2026-07-29T00:17:43Z,759,5,2,10,0,0,1,1,1,1785283376
2026-07-29T00:17:43Z,760,7,7,12,0,0,1,1,1,1785271741
2026-07-29T00:17:43Z,761,5,0,17,1,0,1,1,1,1785284144
2026-07-29T00:17:43Z,762,8,5,3,4,0,1,1,1,1785283899
2026-07-29T00:17:43Z,768,8,1,10,1,0,1,1,1,1785283550
2026-07-29T00:17:43Z,769,19,2,0,0,0,1,1,1,1785284077
2026-07-29T00:17:43Z,770,4,2,11,1,3,1,1,1,1785284087
2026-07-29T00:17:43Z,771,14,5,1,0,0,1,1,1,1785284218
2026-07-29T00:17:43Z,772,2,0,13,0,0,1,1,1,1785283229
2026-07-29T00:17:43Z,773,18,6,1,0,0,1,1,1,1785282625
2026-07-29T00:17:43Z,774,2,2,10,2,1,1,1,1,1785282918
2026-07-29T00:17:43Z,775,7,2,10,2,0,1,1,1,1785281159
2026-07-29T00:17:43Z,776,2,0,18,1,0,1,1,1,1785282816
2026-07-29T00:17:43Z,777,9,3,5,1,0,1,1,1,1785284195
2026-07-29T00:17:43Z,778,13,2,4,2,0,1,1,1,1785282821
2026-07-29T00:17:43Z,779,7,3,12,0,0,1,1,1,1785283120
2026-07-29T00:17:43Z,780,14,4,2,3,0,1,1,1,1785283447
2026-07-29T00:17:43Z,781,3,1,6,2,0,1,1,1,1785282493
2026-07-29T00:17:43Z,782,6,2,10,3,0,1,1,1,1785282655
2026-07-29T00:17:43Z,783,3,0,14,2,0,1,1,1,1785283367
2026-07-29T00:17:43Z,784,5,1,14,0,0,1,1,1,1785284151
2026-07-29T00:17:43Z,785,7,2,9,3,0,1,1,1,1785283792
2026-07-29T00:17:43Z,786,12,3,6,0,0,1,1,1,1785283325
2026-07-29T00:17:43Z,787,9,2,6,0,0,1,1,1,1785282581
2026-07-29T00:17:43Z,788,5,1,10,0,0,1,1,1,1785282614
2026-07-29T00:17:43Z,789,9,4,4,2,0,1,1,1,1785282904
2026-07-29T00:17:43Z,790,7,1,16,0,0,1,1,1,1785282823
2026-07-29T00:17:43Z,791,14,3,4,0,1,1,1,1,1785283818
2026-07-29T00:17:43Z,793,3,1,11,1,0,1,1,1,1785283249
2026-07-29T00:17:43Z,794,12,0,14,3,0,1,1,1,1785283787
2026-07-29T00:17:43Z,796,3,1,15,1,0,1,1,1,1785283311
2026-07-29T00:17:43Z,797,1,0,14,0,0,1,1,1,1785278746
2026-07-29T00:17:43Z,798,8,0,14,3,0,1,1,1,1785284061
2026-07-29T00:17:43Z,799,10,1,6,3,0,1,1,1,1785282566
2026-07-29T00:17:43Z,800,3,0,17,1,0,1,1,1,1785283835
2026-07-29T00:17:43Z,801,1,1,20,0,0,1,1,1,1785282481
2026-07-29T00:17:43Z,802,11,0,20,0,0,1,1,1,1785283979
2026-07-29T00:17:43Z,803,2,0,13,0,0,1,1,1,1785282615
2026-07-29T00:17:43Z,806,3,1,12,0,0,1,1,1,1785282802
2026-07-29T00:17:43Z,807,14,14,8,3,0,1,1,1,1785282582
2026-07-29T00:17:43Z,808,1,0,23,1,0,1,1,1,1785276758
2026-07-29T00:17:43Z,809,3,1,19,1,0,1,1,1,1785284222
2026-07-29T00:17:43Z,810,5,4,12,2,0,1,1,1,1785283230
2026-07-29T00:17:43Z,815,5,1,6,3,1,1,1,1,1785284235
2026-07-29T00:17:43Z,817,7,2,1,7,0,1,1,1,1785282991
2026-07-29T00:17:43Z,818,6,0,16,1,0,1,1,1,1785283551
2026-07-29T00:17:43Z,819,4,1,11,0,0,1,1,1,1785274400
2026-07-29T00:17:43Z,820,3,0,14,0,0,1,1,1,1785283970
2026-07-29T00:17:43Z,821,5,2,10,0,0,1,1,1,1785283130
2026-07-29T00:17:43Z,822,3,0,19,1,0,1,1,1,1785283411
2026-07-29T00:17:43Z,823,5,0,10,0,0,1,1,1,1785284256
2026-07-29T00:17:43Z,824,17,11,0,2,0,1,1,1,1785283554
2026-07-29T00:17:43Z,825,11,4,4,0,0,1,1,1,1785279200
2026-07-29T00:17:43Z,826,16,0,2,1,0,1,1,1,1785283304
2026-07-29T00:17:43Z,827,8,5,12,1,0,1,1,1,1785282879
2026-07-29T00:17:43Z,828,6,6,12,0,0,1,1,1,1785284166
2026-07-29T00:17:43Z,829,20,5,6,1,0,1,1,1,1785283241
2026-07-29T00:17:43Z,830,6,0,16,1,0,1,1,1,1785282915
2026-07-29T00:17:43Z,831,4,2,10,1,0,1,1,1,1785282624
2026-07-29T00:17:43Z,832,11,3,5,2,0,1,1,1,1785284078
2026-07-29T00:17:43Z,833,11,2,8,0,0,1,1,1,1785283864
2026-07-29T00:17:43Z,834,3,0,20,1,0,1,1,1,1785283356
2026-07-29T00:17:43Z,835,4,2,12,2,0,1,1,1,1785284135
2026-07-29T00:17:43Z,837,5,3,2,8,0,1,1,1,1785284080
2026-07-29T00:17:43Z,838,10,3,3,2,0,1,1,1,1785283485
2026-07-29T00:17:43Z,839,4,0,24,1,0,1,1,1,1785282962
2026-07-29T00:17:43Z,840,26,1,1,2,0,1,1,1,1785282966
2026-07-29T00:17:43Z,841,6,1,9,0,0,1,1,1,1785282624
2026-07-29T00:17:43Z,842,9,1,14,0,0,1,1,1,1785283705
2026-07-29T00:17:43Z,843,11,3,20,0,0,1,1,1,1785283020
2026-07-29T00:17:43Z,844,4,0,19,0,0,1,1,1,1785283262
2026-07-29T00:17:43Z,845,6,4,12,1,0,1,1,1,1785284187
2026-07-29T00:17:43Z,846,16,9,2,1,0,1,1,1,1785283207
2026-07-29T00:17:43Z,847,13,2,14,0,0,1,1,1,1785282533
2026-07-29T00:17:43Z,848,3,0,15,1,0,1,1,1,1785280435
2026-07-29T00:17:43Z,849,6,2,9,0,0,1,1,1,1785283325
2026-07-29T00:17:43Z,850,8,1,2,1,0,1,1,1,1785283918
2026-07-29T00:17:43Z,851,4,4,31,2,0,1,1,1,1785284121
2026-07-29T00:17:43Z,852,8,6,11,0,0,1,1,1,1785284086
2026-07-29T00:17:43Z,853,8,3,15,0,0,1,1,1,1785282702
2026-07-29T00:17:43Z,854,15,4,0,0,0,1,1,1,1785283196
2026-07-29T00:17:43Z,855,25,3,2,0,0,1,1,1,1785282771
2026-07-29T00:17:43Z,857,2,1,17,0,0,1,1,1,1785282455
2026-07-29T00:17:43Z,858,3,1,15,1,0,1,1,1,1785282731
2026-07-29T00:17:43Z,859,6,2,14,1,0,1,1,1,1785282911
2026-07-29T00:17:43Z,861,9,1,1,1,0,1,1,1,1785228807
2026-07-29T00:17:43Z,862,2,1,13,0,0,1,1,1,1785282615
2026-07-29T00:17:43Z,863,5,0,11,3,0,1,1,1,1785276449
2026-07-29T00:17:43Z,866,6,1,13,0,0,1,1,1,1785282513
2026-07-29T00:17:43Z,867,9,0,6,0,0,1,1,1,1785284095
2026-07-29T00:17:43Z,868,10,1,5,0,0,1,1,1,1785284099
2026-07-29T00:17:43Z,870,10,3,5,0,0,1,1,1,1785284261
2026-07-29T00:17:43Z,871,1,0,9,1,0,1,1,1,1785283904
2026-07-29T00:17:43Z,872,5,1,8,2,0,1,1,1,1785284217
2026-07-29T00:17:43Z,873,0,0,32,1,0,1,1,1,1785283204
2026-07-29T00:17:43Z,874,11,0,1,3,0,1,1,1,1785283927
2026-07-29T00:17:43Z,875,13,10,1,1,0,1,1,1,1785284019
2026-07-29T00:17:43Z,877,14,12,5,0,0,1,1,1,1785283435
2026-07-29T00:17:43Z,878,4,4,15,0,0,1,1,1,1785284027
2026-07-29T00:17:43Z,879,1,0,18,0,0,1,1,1,1785283165
2026-07-29T00:17:43Z,880,3,0,19,1,0,1,1,1,1785284021
2026-07-29T00:17:43Z,881,2,0,17,0,0,1,1,1,1785283107
2026-07-29T00:17:43Z,882,11,3,5,3,0,1,1,1,1785268479
2026-07-29T00:17:43Z,883,8,6,11,0,0,1,1,1,1785282685
2026-07-29T00:17:43Z,884,13,5,8,0,0,1,1,1,1785283293
2026-07-29T00:17:43Z,885,5,0,14,0,0,1,1,1,1785283716
2026-07-29T00:17:43Z,886,6,3,20,3,0,1,1,1,1785284103
2026-07-29T00:17:43Z,887,0,0,14,3,0,1,1,1,1785283122
2026-07-29T00:17:43Z,888,17,1,21,3,0,1,1,1,1785284006
2026-07-29T00:17:43Z,889,4,0,13,2,0,1,1,1,1785283631
2026-07-29T00:17:43Z,890,2,1,13,0,0,1,1,1,1785275839
2026-07-29T00:17:43Z,891,7,1,15,1,0,1,1,1,1785283808
2026-07-29T00:17:43Z,892,8,0,7,0,0,1,1,1,1785275183
2026-07-29T00:17:43Z,895,1,0,18,0,0,1,1,1,1785270561
2026-07-29T00:17:43Z,896,0,0,35,0,0,1,1,1,1785279220
2026-07-29T00:17:43Z,897,6,0,15,0,0,1,1,1,1785283930
2026-07-29T00:17:43Z,898,2,0,17,0,0,1,1,1,1785283878
2026-07-29T00:17:43Z,899,3,0,16,0,0,1,1,1,1785283085
2026-07-29T00:17:43Z,900,21,0,5,1,0,1,1,1,1785283832
2026-07-29T00:17:43Z,901,12,5,7,0,0,1,1,1,1785284105
2026-07-29T00:17:43Z,902,10,0,5,0,0,1,1,1,1785283994
2026-07-29T00:17:43Z,903,8,0,11,0,0,1,1,1,1785282766
2026-07-29T00:17:43Z,904,7,4,11,1,0,1,1,1,1785284191
2026-07-29T00:17:43Z,905,1,0,25,1,0,1,1,1,1785283943
2026-07-29T00:17:43Z,906,16,14,11,0,0,1,1,1,1785282636
2026-07-29T00:17:43Z,907,25,3,6,0,0,1,1,1,1785283852
2026-07-29T00:17:43Z,908,1,1,21,1,0,1,1,1,1785284030
2026-07-29T00:17:43Z,909,13,10,9,1,0,1,1,1,1785284152
2026-07-29T00:17:43Z,910,4,2,27,0,0,1,1,1,1785283570
2026-07-29T00:17:43Z,911,6,0,13,0,0,1,1,1,1785283818
2026-07-29T00:17:43Z,912,16,2,5,2,0,1,1,1,1785284018
2026-07-29T00:17:43Z,913,9,2,10,0,0,1,1,1,1785282864
2026-07-29T00:17:43Z,914,3,0,15,1,0,1,1,1,1785283841
2026-07-29T00:17:43Z,915,22,1,0,1,0,1,1,1,1785284153
2026-07-29T00:17:43Z,916,22,1,1,0,0,1,1,1,1785282735
2026-07-29T00:17:43Z,917,0,0,35,0,0,1,1,1,1785283837
2026-07-29T00:17:43Z,918,18,5,0,1,0,1,1,1,1785284137
2026-07-29T00:17:43Z,919,9,1,30,0,0,1,1,1,1785284224
2026-07-29T00:17:43Z,920,10,5,9,0,0,1,1,1,1785282867
2026-07-29T00:17:43Z,921,13,0,8,0,0,1,1,1,1785283761
2026-07-29T00:17:43Z,922,3,0,18,0,0,1,1,1,1785283208
2026-07-29T00:17:43Z,923,8,4,9,2,0,1,1,1,1785283521
2026-07-29T00:17:43Z,924,12,0,9,0,0,1,1,1,1785283029
2026-07-29T00:17:43Z,925,13,1,6,2,0,1,1,1,1785282765
2026-07-29T00:17:43Z,926,1,1,20,0,0,1,1,1,1785282687
2026-07-29T00:17:43Z,927,10,0,25,0,0,1,1,1,1785284138
2026-07-29T00:17:43Z,928,1,0,17,1,0,1,1,1,1785283608
2026-07-29T00:17:43Z,929,1,0,22,0,0,1,1,1,1785284174
2026-07-29T00:17:43Z,930,13,2,17,1,0,1,1,1,1785284104
2026-07-29T00:17:43Z,931,1,1,22,0,0,1,1,1,1785284138
2026-07-29T00:17:43Z,932,2,0,15,2,0,1,1,1,1785282586
2026-07-29T00:17:43Z,933,4,0,19,0,0,1,1,1,1785282498
2026-07-29T00:17:43Z,934,23,0,8,0,0,1,1,1,1785284148
2026-07-29T00:17:43Z,935,11,2,7,1,0,1,1,1,1785283413
2026-07-29T00:17:43Z,936,3,2,16,0,0,1,1,1,1785283414
2026-07-29T00:17:43Z,940,10,1,1,0,0,1,1,1,1785283588
2026-07-29T00:17:43Z,941,22,4,0,3,0,1,1,1,1785282664
2026-07-29T00:17:43Z,942,10,3,11,0,0,1,1,1,1785283116
2026-07-29T00:17:43Z,943,7,6,7,1,0,1,1,1,1785282747
2026-07-29T00:17:43Z,944,10,8,5,0,0,1,1,1,1785282754
2026-07-29T00:17:43Z,945,9,7,6,0,0,1,1,1,1785284251
2026-07-29T00:17:43Z,946,7,5,12,0,0,1,1,1,1785282692
2026-07-29T00:17:43Z,947,8,7,9,0,0,1,1,1,1785283761
2026-07-29T00:17:43Z,948,9,9,16,6,0,1,1,1,1785283796
2026-07-29T00:17:43Z,949,2,0,11,2,0,1,1,1,1785284251
2026-07-29T00:17:43Z,950,16,0,1,0,0,1,1,1,1785284260
2026-07-29T00:17:43Z,951,5,2,17,1,0,1,1,1,1785283994
2026-07-29T00:17:43Z,952,10,1,44,1,0,1,1,1,1785284229
2026-07-29T00:17:43Z,953,13,0,1,1,0,1,1,1,1785283457
2026-07-29T00:17:43Z,954,17,3,1,1,0,1,1,1,1785284098
2026-07-29T00:17:43Z,955,12,10,11,4,0,1,1,1,1785283498
2026-07-29T00:17:43Z,956,20,1,3,0,0,1,1,1,1785283996
2026-07-29T00:17:43Z,957,19,1,10,0,0,1,1,1,1785283129
2026-07-29T00:17:43Z,958,6,0,25,0,0,1,1,1,1785284113
2026-07-29T00:17:43Z,959,17,3,0,6,0,1,1,1,1785284007
2026-07-29T00:17:43Z,960,15,1,6,2,0,1,1,1,1785284241
2026-07-29T00:17:43Z,961,11,1,9,3,0,1,1,1,1785283444
2026-07-29T00:17:43Z,962,15,4,15,4,0,1,1,1,1785282891
2026-07-29T00:17:43Z,963,0,0,22,1,0,1,1,1,1785283895
2026-07-29T00:17:43Z,964,18,3,5,0,0,1,1,1,1785283289
2026-07-29T00:17:43Z,965,14,7,12,1,0,1,1,1,1785284261
2026-07-29T00:17:43Z,966,22,2,8,1,0,1,1,1,1785284150
2026-07-29T00:17:43Z,967,9,0,10,2,0,1,1,1,1785283563
2026-07-29T00:17:43Z,968,16,0,3,0,0,1,1,1,1785284145
2026-07-29T00:17:43Z,969,22,9,1,4,0,1,1,1,1785283816
2026-07-29T00:17:43Z,970,9,5,9,1,0,1,1,1,1785282453
2026-07-29T00:17:43Z,971,15,2,6,2,0,1,1,1,1785284093
2026-07-29T00:17:43Z,972,4,3,17,2,0,1,1,1,1785283662
2026-07-29T00:17:43Z,973,4,3,18,1,0,1,1,1,1785283068
2026-07-29T00:17:43Z,974,14,0,13,0,0,1,1,1,1785282456
2026-07-29T00:17:43Z,977,4,4,15,2,0,1,1,1,1785284259
2026-07-29T00:17:43Z,978,3,1,20,0,0,1,1,1,1785283048
2026-07-29T00:17:43Z,979,6,1,11,0,0,1,1,1,1785283883
2026-07-29T00:17:43Z,980,3,1,18,0,0,1,1,1,1785283602
2026-07-29T00:17:43Z,981,18,0,3,0,0,1,1,1,1785283569
2026-07-29T00:17:43Z,982,4,3,14,1,0,1,1,1,1785284025
2026-07-29T00:17:43Z,983,0,0,21,2,0,1,1,1,1785284219
2026-07-29T00:17:43Z,984,2,0,21,0,0,1,1,1,1785283007
2026-07-29T00:17:43Z,985,11,1,19,1,0,1,1,1,1785283961
2026-07-29T00:17:43Z,986,2,1,17,0,0,1,1,1,1785284024
2026-07-29T00:17:43Z,987,7,2,16,0,0,1,1,1,1785284217
2026-07-29T00:17:43Z,988,6,0,12,1,0,1,1,1,1785283877
2026-07-29T00:17:43Z,989,9,4,10,0,0,1,1,1,1785283135
2026-07-29T00:17:43Z,990,14,4,0,1,0,1,1,1,1785282541
2026-07-29T00:17:43Z,991,11,2,8,0,0,1,1,1,1785284149
2026-07-29T00:17:43Z,992,9,6,12,2,0,1,1,1,1785282671
2026-07-29T00:17:43Z,993,2,0,25,0,0,1,1,1,1785283830
2026-07-29T00:17:43Z,994,2,1,19,0,0,1,1,1,1785282735
2026-07-29T00:17:43Z,995,5,2,22,0,0,1,1,1,1785283822
2026-07-29T00:17:43Z,996,2,2,21,0,0,1,1,1,1785283668
2026-07-29T00:17:43Z,997,13,6,9,1,0,1,1,1,1785284151
2026-07-29T00:17:43Z,998,9,4,14,0,0,1,1,1,1785284064
2026-07-29T00:17:43Z,999,11,8,8,1,1,1,1,1,1785283984
2026-07-29T00:17:43Z,1000,0,0,21,0,0,1,1,1,1785282964
2026-07-29T00:17:43Z,1001,3,2,24,0,0,1,1,1,1785283945
2026-07-29T00:17:43Z,1002,12,3,17,2,0,1,1,1,1785283717
2026-07-29T00:17:43Z,1003,1,0,22,0,0,1,1,1,1785283778
2026-07-29T00:17:43Z,1004,8,2,15,0,0,1,1,1,1785283566
2026-07-29T00:17:43Z,1005,17,1,6,0,0,1,1,1,1785283958
2026-07-29T00:17:43Z,1006,5,1,13,1,0,1,1,1,1785283961
2026-07-29T00:17:43Z,1007,5,1,16,0,0,1,1,1,1785283485
2026-07-29T00:17:43Z,1008,5,4,15,3,0,1,1,1,1785282841
2026-07-29T00:17:43Z,1009,22,6,8,1,0,1,1,1,1785284133
2026-07-29T00:17:43Z,1010,17,11,10,0,0,1,1,1,1785283326
2026-07-29T00:17:43Z,1011,7,3,12,0,0,1,1,1,1785282523
2026-07-29T00:17:43Z,1012,3,3,19,1,0,1,1,1,1785282989
2026-07-29T00:17:43Z,1013,3,1,19,1,0,1,1,1,1785284157
2026-07-29T00:17:43Z,1014,9,4,14,0,0,1,1,1,1785284202
2026-07-29T00:17:43Z,1015,16,10,13,2,0,1,1,1,1785284005
2026-07-29T00:17:43Z,1016,18,10,13,0,0,1,1,1,1785283079
2026-07-29T00:17:43Z,1017,12,3,8,1,0,1,1,1,1785283185
2026-07-29T00:17:43Z,1018,10,5,12,0,0,1,1,1,1785283794
2026-07-29T00:17:43Z,1019,2,1,13,0,0,1,1,1,1785284113
2026-07-29T00:17:43Z,1020,17,3,4,0,0,1,1,1,1785283078
2026-07-29T00:17:43Z,1021,5,2,10,0,0,1,1,1,1785283074
2026-07-29T00:17:43Z,1022,14,0,13,0,0,1,1,1,1785283709
2026-07-29T00:17:43Z,1023,21,2,2,0,0,1,1,1,1785283489
2026-07-29T00:17:43Z,1024,4,1,15,0,0,1,1,1,1785283863
2026-07-29T00:17:43Z,1025,4,1,14,0,1,1,1,1,1785283593
2026-07-29T00:17:43Z,1026,13,8,17,1,0,1,1,1,1785284254
2026-07-29T00:17:43Z,1028,4,3,19,0,0,1,1,1,1785283876
2026-07-29T00:17:43Z,1029,6,5,9,0,0,1,1,1,1785283335
2026-07-29T00:17:43Z,1030,11,4,11,1,0,1,1,1,1785282718
2026-07-29T00:17:43Z,1031,2,1,17,0,0,1,1,1,1785283345
2026-07-29T00:17:43Z,1032,8,2,11,0,0,1,1,1,1785283975
2026-07-29T00:17:43Z,1033,8,5,11,0,0,1,1,1,1785282933
2026-07-29T00:17:43Z,1034,0,0,15,0,0,1,1,1,1785284184
2026-07-29T00:17:43Z,1035,1,0,17,1,0,1,1,1,1785284060
2026-07-29T00:17:43Z,1036,15,0,0,0,0,1,1,1,1785282931
2026-07-29T00:17:43Z,1037,7,1,12,0,0,1,1,1,1785284169
2026-07-29T00:17:43Z,1038,0,0,15,0,0,1,1,1,1785283897
2026-07-29T00:17:43Z,1039,4,0,15,0,0,1,1,1,1785284144
2026-07-29T00:17:43Z,1040,9,5,10,0,0,1,1,1,1785284107
2026-07-29T00:17:43Z,1041,5,0,13,1,0,1,1,1,1785283905
2026-07-29T00:17:43Z,1042,11,0,2,2,0,1,1,1,1785284243
2026-07-29T00:17:43Z,1043,8,2,10,1,0,1,1,1,1785284053
2026-07-29T00:17:43Z,1044,0,0,15,0,0,1,1,1,1785283970
2026-07-29T00:17:43Z,1045,2,2,17,0,0,1,1,1,1785283969
2026-07-29T00:17:43Z,1046,9,0,6,0,0,1,1,1,1785283575
2026-07-29T00:17:43Z,1047,3,1,18,0,0,1,1,1,1785282823
2026-07-29T00:17:43Z,1048,5,0,14,0,0,1,1,1,1785283966
2026-07-29T00:17:43Z,1049,2,0,19,0,0,1,1,1,1785283814
2026-07-29T00:17:43Z,1050,13,5,8,0,0,1,1,1,1785283586
2026-07-29T00:17:43Z,1051,4,1,17,0,0,1,1,1,1785283085
2026-07-29T00:17:43Z,1052,17,3,5,0,0,1,1,1,1785283652
2026-07-29T00:17:43Z,1053,5,1,10,0,0,1,1,1,1785284030
2026-07-29T00:17:43Z,1054,11,0,4,0,0,1,1,1,1785282462
2026-07-29T00:17:43Z,1055,9,3,10,0,0,1,1,1,1785284103
2026-07-29T00:17:43Z,1057,9,0,9,1,0,1,1,1,1785284051
2026-07-29T00:17:43Z,1058,29,0,27,0,0,1,1,1,1785284094
2026-07-29T00:17:43Z,1059,0,0,18,1,0,1,1,1,1785284182
2026-07-29T00:17:43Z,1060,23,2,14,0,0,1,1,1,1785283501
2026-07-29T00:17:43Z,1061,18,2,18,1,0,1,1,1,1785283154
2026-07-29T00:17:43Z,1062,0,0,16,1,0,1,1,1,1785282988
2026-07-29T00:17:43Z,1063,12,2,6,1,0,1,1,1,1785284033
2026-07-29T00:17:43Z,1064,7,3,16,0,0,1,1,1,1785284091
2026-07-29T00:17:43Z,1065,13,1,9,1,0,1,1,1,1785282524
2026-07-29T00:17:43Z,1066,10,1,13,0,0,1,1,1,1785284252
2026-07-29T00:17:43Z,1067,7,2,16,0,0,1,1,1,1785282670
2026-07-29T00:17:43Z,1068,15,5,8,0,0,1,1,1,1785283886
2026-07-29T00:17:43Z,1069,13,4,10,0,0,1,1,1,1785284009
2026-07-29T00:17:43Z,1070,11,2,12,0,0,1,1,1,1785284089
2026-07-29T00:17:43Z,1071,3,3,20,0,0,1,1,1,1785284149
2026-07-29T00:17:43Z,1072,12,1,10,1,0,1,1,1,1785282585
2026-07-29T00:17:43Z,1073,10,3,15,2,0,1,1,1,1785283156
2026-07-29T00:17:43Z,1074,28,2,25,0,0,1,1,1,1785284173
2026-07-29T00:17:43Z,1075,8,6,13,0,0,1,1,1,1785284015
2026-07-29T00:17:43Z,1076,6,5,15,0,0,1,1,1,1785283880
2026-07-29T00:17:43Z,1077,8,6,13,0,0,1,1,1,1785283950
2026-07-29T00:17:43Z,1078,9,6,12,0,0,1,1,1,1785283542
2026-07-29T00:17:43Z,1079,7,5,14,0,0,1,1,1,1785282730
2026-07-29T00:17:43Z,1080,10,7,11,0,0,1,1,1,1785282450
2026-07-29T00:17:43Z,1081,9,7,7,3,0,1,1,1,1785283319
2026-07-29T00:17:43Z,1082,14,12,9,0,0,1,1,1,1785283089
2026-07-29T00:17:43Z,1083,11,9,10,0,0,1,1,1,1785283963
2026-07-29T00:17:43Z,1084,10,8,11,0,0,1,1,1,1785284193
2026-07-29T00:17:43Z,1085,13,10,8,0,0,1,1,1,1785283231
2026-07-29T00:17:43Z,1086,13,9,8,0,0,1,1,1,1785283996
2026-07-29T00:17:43Z,1087,8,8,7,0,0,1,1,1,1785282993
2026-07-29T00:17:43Z,1088,9,7,6,0,0,1,1,1,1785283771
2026-07-29T00:17:43Z,1089,8,7,7,0,0,1,1,1,1785283020
2026-07-29T00:17:43Z,1090,9,8,6,0,0,1,1,1,1785283196
2026-07-29T00:17:43Z,1091,11,7,4,0,0,1,1,1,1785282526
2026-07-29T00:17:43Z,1092,6,5,9,0,0,1,1,1,1785283106
2026-07-29T00:17:43Z,1093,10,9,5,0,0,1,1,1,1785283004
2026-07-29T00:17:43Z,1094,13,11,6,0,0,1,1,1,1785283559
2026-07-29T00:17:43Z,1095,13,13,2,0,0,1,1,1,1785283094
2026-07-29T00:17:43Z,1096,10,8,9,0,0,1,1,1,1785283002
2026-07-29T00:17:43Z,1097,8,7,7,0,0,1,1,1,1785283236
2026-07-29T00:17:43Z,1098,10,8,9,0,0,1,1,1,1785282964
2026-07-29T00:17:43Z,1099,8,6,7,0,0,1,1,1,1785282977
2026-07-29T00:17:43Z,1100,9,5,7,13,0,1,1,1,1785284239
2026-07-29T00:17:43Z,1101,12,5,9,0,0,1,1,1,1785283565
2026-07-29T00:17:43Z,1102,10,5,3,0,0,1,1,1,1785283257
2026-07-29T00:17:43Z,1103,10,5,11,0,0,1,1,1,1785236516
2026-07-29T00:17:43Z,1104,10,5,11,0,0,1,1,1,1785283312
2026-07-29T00:17:43Z,1105,8,4,5,0,0,1,1,1,1785283168
2026-07-29T00:17:43Z,1106,10,5,11,0,0,1,1,1,1785283648
2026-07-29T00:17:43Z,1107,11,5,4,0,0,1,1,1,1785284253
2026-07-29T00:17:43Z,1108,8,3,16,3,0,1,1,1,1785284162
2026-07-29T00:17:43Z,1109,7,4,8,0,0,1,1,1,1785284231
2026-07-29T00:17:43Z,1110,6,3,15,0,0,1,1,1,1785283223
2026-07-29T00:17:43Z,1111,19,0,2,0,0,1,1,1,1785283221
2026-07-29T00:17:43Z,1112,30,1,23,0,0,1,1,1,1785284250
2026-07-29T00:17:43Z,1113,0,0,21,0,0,1,1,1,1785283401
2026-07-29T00:17:43Z,1115,16,6,6,1,0,1,1,1,1785284237
2026-07-29T00:17:43Z,1116,3,1,16,0,0,1,1,1,1785284003
2026-07-29T00:17:43Z,1117,8,1,15,0,0,1,1,1,1785284046
2026-07-29T00:17:43Z,1118,11,0,10,0,0,1,1,1,1785283228
2026-07-29T00:17:43Z,1119,12,3,5,0,0,1,1,1,1785283272
2026-07-29T00:17:43Z,1120,17,4,1,1,0,1,1,1,1785283997
2026-07-29T00:17:43Z,1121,17,0,2,2,0,1,1,1,1785283779
2026-07-29T00:17:43Z,1122,6,2,12,3,0,1,1,1,1785283152
2026-07-29T00:17:43Z,1123,8,1,14,1,0,1,1,1,1785283540
2026-07-29T00:17:43Z,1124,14,2,0,1,0,1,1,1,1785283344
2026-07-29T00:17:43Z,1125,10,0,13,0,0,1,1,1,1785284100
2026-07-29T00:17:43Z,1126,12,1,9,0,0,1,1,1,1785284256
2026-07-29T00:17:43Z,1127,3,1,16,0,0,1,1,1,1785282497
2026-07-29T00:17:43Z,1128,8,0,6,1,0,1,1,1,1785284173
2026-07-29T00:17:43Z,1129,16,0,5,0,0,1,1,1,1785283809
2026-07-29T00:17:43Z,1130,0,0,14,1,0,1,1,1,1785283997
2026-07-29T00:17:43Z,1131,24,0,25,0,0,1,1,1,1785283255
2026-07-29T00:17:43Z,1132,13,3,7,1,0,1,1,1,1785283788
2026-07-29T00:17:43Z,1133,13,5,8,0,0,1,1,1,1785283821
2026-07-29T00:17:43Z,1134,10,5,9,0,0,1,1,1,1785282651
2026-07-29T00:17:43Z,1135,10,5,11,0,0,1,1,1,1785283453
2026-07-29T00:17:43Z,1136,12,0,11,0,0,1,1,1,1785284041
2026-07-29T00:17:43Z,1137,6,0,8,1,0,1,1,1,1785284112
2026-07-29T00:17:43Z,1138,15,2,4,0,0,1,1,1,1785283974
2026-07-29T00:17:43Z,1139,21,0,0,0,0,1,1,1,1785282582
2026-07-29T00:17:43Z,1140,18,2,3,2,0,1,1,1,1785283763
2026-07-29T00:17:43Z,1141,1,0,20,0,0,1,1,1,1785283476
2026-07-29T00:17:43Z,1142,13,1,8,0,0,1,1,1,1785282756
2026-07-29T00:17:43Z,1143,25,0,2,2,0,1,1,1,1785283677
2026-07-29T00:17:43Z,1144,15,2,5,1,0,1,1,1,1785282968
2026-07-29T00:17:43Z,1145,9,5,11,1,0,1,1,1,1785284230
2026-07-29T00:17:43Z,1146,14,0,4,1,0,1,1,1,1785283799
2026-07-29T00:17:43Z,1147,9,0,10,0,0,1,1,1,1785284179
2026-07-29T00:17:43Z,1148,18,2,13,0,0,1,1,1,1785284048
2026-07-29T00:17:43Z,1149,3,3,22,0,0,1,1,1,1785283344
2026-07-29T00:17:43Z,1150,13,0,6,0,0,1,1,1,1785283640
2026-07-29T00:17:43Z,1151,4,1,17,0,0,1,1,1,1785283368
2026-07-29T00:17:43Z,1152,7,1,21,1,0,1,1,1,1785284244
2026-07-29T00:17:43Z,1153,15,2,6,2,0,1,1,1,1785283203
2026-07-29T00:17:43Z,1154,14,3,5,0,0,1,1,1,1785283612
2026-07-29T00:17:43Z,1155,15,1,4,2,0,1,1,1,1785283836
2026-07-29T00:17:43Z,1158,2,0,17,0,0,1,1,1,1785283919
2026-07-29T00:17:43Z,1159,12,1,7,0,0,1,1,1,1785284231
2026-07-29T00:17:43Z,1160,15,1,4,0,0,1,1,1,1785282753
2026-07-29T00:17:43Z,1161,5,1,13,1,0,1,1,1,1785282524
2026-07-29T00:17:43Z,1162,3,0,16,0,0,1,1,1,1785282746
2026-07-29T00:17:43Z,1163,2,1,16,1,0,1,1,1,1785284026
2026-07-29T00:17:43Z,1164,9,1,10,0,0,1,1,1,1785284093
2026-07-29T00:17:43Z,1165,8,1,12,1,0,1,1,1,1785282908
2026-07-29T00:17:43Z,1166,5,2,15,1,0,1,1,1,1785284158
2026-07-29T00:17:43Z,1167,3,0,12,0,0,1,1,1,1785283994
2026-07-29T00:17:43Z,1168,2,0,21,0,0,1,1,1,1785284090
2026-07-29T00:17:43Z,1169,4,2,14,1,0,1,1,1,1785283917
2026-07-29T00:17:43Z,1170,8,4,12,1,0,1,1,1,1785283272
2026-07-29T00:17:43Z,1171,12,9,10,1,0,1,1,1,1785283955
2026-07-29T00:17:43Z,1172,7,2,6,2,0,1,1,1,1785284250
2026-07-29T00:17:43Z,1173,10,3,9,0,0,1,1,1,1785284124
2026-07-29T00:17:43Z,1174,4,2,10,1,0,1,1,1,1785284021
2026-07-29T00:17:43Z,1175,1,0,18,0,0,1,1,1,1785276365
2026-07-29T00:17:43Z,1176,14,0,7,0,0,1,1,1,1785283249
2026-07-29T00:17:43Z,1177,4,4,17,0,0,1,1,1,1785283171
2026-07-29T00:17:43Z,1178,1,0,14,0,0,1,1,1,1785284222
2026-07-29T00:17:43Z,1181,12,0,3,0,0,1,1,1,1785282843
2026-07-29T00:17:43Z,1182,1,0,19,0,0,1,1,1,1785282533
2026-07-29T00:17:43Z,1183,2,2,42,1,0,1,1,1,1785284140
2026-07-29T00:17:43Z,1184,9,2,12,0,0,1,1,1,1785283334
2026-07-29T00:17:43Z,1185,8,4,13,0,0,1,1,1,1785268003
2026-07-29T00:17:43Z,1186,10,5,9,0,0,1,1,1,1785282574
2026-07-29T00:17:43Z,1187,10,5,10,1,0,1,1,1,1785283523
2026-07-29T00:17:43Z,1188,9,3,6,0,0,1,1,1,1785282473
2026-07-29T00:17:43Z,1189,10,5,9,0,0,1,1,1,1785284155
2026-07-29T00:17:43Z,1190,10,5,11,0,0,1,1,1,1785283437
2026-07-29T00:17:43Z,1191,10,5,5,0,0,1,1,1,1785282453
2026-07-29T00:17:43Z,1192,9,6,12,0,0,1,1,1,1785283804
2026-07-29T00:17:43Z,1193,7,4,4,2,0,1,1,1,1785283695
2026-07-29T00:17:43Z,1197,9,7,7,1,0,1,1,1,1785283299
2026-07-29T00:17:43Z,1198,10,0,6,5,0,1,1,1,1785282486
2026-07-29T00:17:43Z,1199,2,0,17,0,0,1,1,1,1785282695
2026-07-29T00:17:43Z,1200,11,5,4,0,0,1,1,1,1785282502
2026-07-29T00:17:43Z,1201,8,4,7,0,0,1,1,1,1785282486
2026-07-29T00:17:43Z,1202,10,5,5,0,0,1,1,1,1785282557
2026-07-29T00:17:43Z,1203,9,4,6,0,0,1,1,1,1785282471
2026-07-29T00:17:43Z,1204,8,4,11,0,0,1,1,1,1785283842
2026-07-29T00:17:43Z,1206,10,5,11,0,0,1,1,1,1785282939
2026-07-29T00:17:43Z,1207,9,4,5,1,0,1,1,1,1785282791
2026-07-29T00:17:43Z,1208,11,6,8,0,0,1,1,1,1785282487
2026-07-29T00:17:43Z,1216,7,0,13,1,0,1,1,1,1785283238
2026-07-29T00:17:43Z,1218,1,0,20,0,0,1,1,1,1785283628
2026-07-29T00:17:43Z,1219,10,5,4,1,0,1,1,1,1785283576
2026-07-29T00:17:43Z,1220,17,8,1,1,0,1,1,1,1785283135
2026-07-29T00:17:43Z,1221,3,3,18,0,0,1,1,1,1785282923
2026-07-29T00:17:43Z,1222,17,0,11,1,0,1,1,1,1785283447
2026-07-29T00:17:43Z,1223,12,2,17,0,0,1,1,1,1785283813
2026-07-29T00:17:43Z,1226,0,0,3,0,0,0,1,1,1781868931
2026-07-29T00:17:43Z,1227,9,1,16,0,0,1,1,1,1785282436
2026-07-29T00:17:43Z,1228,1,1,28,0,0,1,1,1,1785283202
2026-07-29T00:17:43Z,1229,15,1,30,0,0,1,1,1,1785284138
2026-07-29T00:17:43Z,1230,0,0,3,0,0,0,1,1,1784903368
2026-07-29T00:17:43Z,1231,0,0,3,0,0,0,1,1,1784903330
2026-07-29T00:17:43Z,1232,0,0,3,0,0,0,1,1,1784902406
2026-07-29T00:17:43Z,1233,0,0,3,0,0,0,1,1,1784903104
2026-07-29T00:17:43Z,1234,0,0,3,0,0,0,1,1,1784902919
