snapshot_utc,station_id,num_bikes_available,num_ebikes_available,num_docks_available,num_bikes_disabled,num_docks_disabled,is_installed,is_renting,is_returning,last_reported
2026-07-10T00:01:53Z,1,7,5,16,0,0,1,1,1,1783641465
2026-07-10T00:01:53Z,2,13,4,14,0,0,1,1,1,1783641611
2026-07-10T00:01:53Z,3,4,1,14,0,0,1,1,1,1783641178
2026-07-10T00:01:53Z,4,23,0,0,0,0,1,1,1,1783638718
2026-07-10T00:01:53Z,5,17,10,3,3,0,1,1,1,1783641472
2026-07-10T00:01:53Z,6,15,0,0,0,0,1,1,1,1783640399
2026-07-10T00:01:53Z,7,6,0,17,0,0,1,1,1,1783641552
2026-07-10T00:01:53Z,8,8,5,35,0,0,1,1,1,1783640851
2026-07-10T00:01:53Z,9,9,2,13,1,0,1,1,1,1783640442
2026-07-10T00:01:53Z,10,9,3,14,0,0,1,1,1,1783640892
2026-07-10T00:01:53Z,11,6,0,13,0,0,1,1,1,1783640647
2026-07-10T00:01:53Z,12,14,9,9,0,0,1,1,1,1783641584
2026-07-10T00:01:53Z,13,20,3,10,0,0,1,1,1,1783640542
2026-07-10T00:01:53Z,14,5,0,38,0,0,1,1,1,1783641232
2026-07-10T00:01:53Z,15,5,0,9,1,0,1,1,1,1783640326
2026-07-10T00:01:53Z,16,3,1,23,1,0,1,1,1,1783640062
2026-07-10T00:01:53Z,17,10,1,16,1,0,1,1,1,1783641409
2026-07-10T00:01:53Z,18,3,1,16,0,0,1,1,1,1783640941
2026-07-10T00:01:53Z,19,15,1,12,0,0,1,1,1,1783641610
2026-07-10T00:01:53Z,20,8,0,19,0,0,1,1,1,1783641379
2026-07-10T00:01:53Z,21,10,2,8,1,0,1,1,1,1783641701
2026-07-10T00:01:53Z,22,40,0,25,2,0,1,1,1,1783641700
2026-07-10T00:01:53Z,23,22,11,9,0,0,1,1,1,1783640918
2026-07-10T00:01:53Z,24,7,2,3,1,0,1,1,1,1783641694
2026-07-10T00:01:53Z,25,71,0,4,6,0,1,1,1,1783641570
2026-07-10T00:01:53Z,26,6,4,21,0,0,1,1,1,1783638633
2026-07-10T00:01:53Z,28,9,0,6,0,0,1,1,1,1783640674
2026-07-10T00:01:53Z,30,14,2,15,0,0,1,1,1,1783641445
2026-07-10T00:01:53Z,31,15,3,4,0,0,1,1,1,1783641261
2026-07-10T00:01:53Z,32,22,3,5,0,0,1,1,1,1783640694
2026-07-10T00:01:53Z,34,29,0,8,0,0,1,1,1,1783640563
2026-07-10T00:01:53Z,35,24,0,20,3,0,1,1,1,1783641451
2026-07-10T00:01:53Z,36,0,0,0,0,0,0,1,1,86400
2026-07-10T00:01:53Z,37,18,0,4,1,0,1,1,1,1783641349
2026-07-10T00:01:53Z,38,4,0,19,0,0,1,1,1,1783641257
2026-07-10T00:01:53Z,39,6,0,25,0,0,1,1,1,1783641479
2026-07-10T00:01:53Z,40,18,0,3,0,0,1,1,1,1783639762
2026-07-10T00:01:53Z,41,1,1,26,0,0,1,1,1,1783640508
2026-07-10T00:01:53Z,42,26,0,3,2,0,1,1,1,1783641402
2026-07-10T00:01:53Z,43,20,2,3,0,0,1,1,1,1783641344
2026-07-10T00:01:53Z,45,9,0,19,3,0,1,1,1,1783641674
2026-07-10T00:01:53Z,46,7,1,22,1,1,1,1,1,1783640745
2026-07-10T00:01:53Z,47,14,1,1,0,0,1,1,1,1783639427
2026-07-10T00:01:53Z,48,17,0,10,0,0,1,1,1,1783638925
2026-07-10T00:01:53Z,49,3,1,17,3,0,1,1,1,1783641693
2026-07-10T00:01:53Z,50,9,0,10,0,0,1,1,1,1783641073
2026-07-10T00:01:53Z,51,64,0,13,1,0,1,1,1,1783638218
2026-07-10T00:01:53Z,52,25,1,0,2,0,1,1,1,1783640618
2026-07-10T00:01:53Z,55,1,1,18,2,1,1,1,1,1783641337
2026-07-10T00:01:53Z,56,5,0,22,0,0,1,1,1,1783641288
2026-07-10T00:01:53Z,57,7,2,19,1,0,1,1,1,1783641488
2026-07-10T00:01:53Z,58,1,0,27,0,0,1,1,1,1783641270
2026-07-10T00:01:53Z,59,2,2,24,1,0,1,1,1,1783641021
2026-07-10T00:01:53Z,61,19,1,19,1,0,1,1,1,1783641511
2026-07-10T00:01:53Z,62,23,14,25,1,0,1,1,1,1783641088
2026-07-10T00:01:53Z,63,5,3,14,0,0,1,1,1,1783640571
2026-07-10T00:01:53Z,64,9,0,9,1,0,1,1,1,1783639495
2026-07-10T00:01:53Z,65,4,3,12,3,0,1,1,1,1783640223
2026-07-10T00:01:53Z,67,6,2,33,0,0,1,1,1,1783640618
2026-07-10T00:01:53Z,68,14,0,21,2,0,1,1,1,1783640766
2026-07-10T00:01:53Z,69,8,0,6,0,1,1,1,1,1783639379
2026-07-10T00:01:53Z,71,6,1,20,1,0,1,1,1,1783640810
2026-07-10T00:01:53Z,72,6,3,25,0,0,1,1,1,1783640934
2026-07-10T00:01:53Z,73,18,1,5,0,0,1,1,1,1783641136
2026-07-10T00:01:53Z,74,4,2,15,0,0,1,1,1,1783641689
2026-07-10T00:01:53Z,75,5,1,30,0,0,1,1,1,1783639593
2026-07-10T00:01:53Z,76,6,0,11,2,0,1,1,1,1783639839
2026-07-10T00:01:53Z,77,14,0,12,1,0,1,1,1,1783641678
2026-07-10T00:01:53Z,78,13,9,10,0,0,1,1,1,1783641599
2026-07-10T00:01:53Z,79,1,0,16,0,0,1,1,1,1783641430
2026-07-10T00:01:53Z,80,17,1,4,2,0,1,1,1,1783641562
2026-07-10T00:01:53Z,81,18,0,4,9,0,1,1,1,1783641622
2026-07-10T00:01:53Z,82,8,7,15,0,0,1,1,1,1783640750
2026-07-10T00:01:53Z,83,19,2,11,4,0,1,1,1,1783641542
2026-07-10T00:01:53Z,84,27,0,0,0,0,1,1,1,1783641092
2026-07-10T00:01:53Z,85,5,1,8,1,0,1,1,1,1783641039
2026-07-10T00:01:53Z,86,12,1,14,1,0,1,1,1,1783641080
2026-07-10T00:01:53Z,87,12,0,7,0,0,1,1,1,1783641262
2026-07-10T00:01:53Z,88,31,0,0,0,0,1,1,1,1783640770
2026-07-10T00:01:53Z,89,34,3,1,0,0,1,1,1,1783640817
2026-07-10T00:01:53Z,90,10,1,7,2,0,1,1,1,1783641563
2026-07-10T00:01:53Z,91,11,0,5,1,0,1,1,1,1783641357
2026-07-10T00:01:53Z,92,6,0,11,2,0,1,1,1,1783641444
2026-07-10T00:01:53Z,93,16,1,7,0,0,1,1,1,1783641158
2026-07-10T00:01:53Z,94,12,0,7,0,0,1,1,1,1783639103
2026-07-10T00:01:53Z,95,18,5,15,1,1,1,1,1,1783640920
2026-07-10T00:01:53Z,96,23,3,7,1,0,1,1,1,1783641307
2026-07-10T00:01:53Z,97,2,0,15,0,0,1,1,1,1783640760
2026-07-10T00:01:53Z,98,31,2,3,1,0,1,1,1,1783641349
2026-07-10T00:01:53Z,99,3,0,11,0,0,1,1,1,1783639997
2026-07-10T00:01:53Z,100,12,2,14,1,0,1,1,1,1783640173
2026-07-10T00:01:53Z,101,2,0,12,1,0,1,1,1,1783641571
2026-07-10T00:01:53Z,102,12,0,11,0,0,1,1,1,1783641480
2026-07-10T00:01:53Z,103,11,0,17,4,0,1,1,1,1783641697
2026-07-10T00:01:53Z,104,13,1,12,2,0,1,1,1,1783641560
2026-07-10T00:01:53Z,105,14,0,5,0,0,1,1,1,1783622293
2026-07-10T00:01:53Z,106,17,5,3,1,0,1,1,1,1783639187
2026-07-10T00:01:53Z,107,0,0,36,1,0,1,1,1,1783640483
2026-07-10T00:01:53Z,108,9,0,24,1,1,1,1,1,1783641394
2026-07-10T00:01:53Z,109,5,2,18,0,0,1,1,1,1783641552
2026-07-10T00:01:53Z,110,15,0,8,0,0,1,1,1,1783640824
2026-07-10T00:01:53Z,111,26,1,9,1,0,1,1,1,1783640819
2026-07-10T00:01:53Z,112,16,0,2,1,0,1,1,1,1783641075
2026-07-10T00:01:53Z,113,10,1,8,1,0,1,1,1,1783641624
2026-07-10T00:01:53Z,114,2,2,25,4,0,1,1,1,1783641642
2026-07-10T00:01:53Z,115,4,4,19,3,0,1,1,1,1783638273
2026-07-10T00:01:53Z,116,3,1,24,0,0,1,1,1,1783640085
2026-07-10T00:01:53Z,118,2,1,20,1,0,1,1,1,1783639141
2026-07-10T00:01:53Z,119,6,1,30,2,0,1,1,1,1783641381
2026-07-10T00:01:53Z,120,12,1,13,2,0,1,1,1,1783641335
2026-07-10T00:01:53Z,121,9,1,9,0,1,1,1,1,1783641663
2026-07-10T00:01:53Z,122,2,0,17,2,0,1,1,1,1783638995
2026-07-10T00:01:53Z,123,0,0,47,0,0,1,1,1,1783638275
2026-07-10T00:01:53Z,124,18,2,8,1,0,1,1,1,1783641690
2026-07-10T00:01:53Z,125,0,0,21,2,0,1,1,1,1783641634
2026-07-10T00:01:53Z,126,23,0,8,0,0,1,1,1,1783641667
2026-07-10T00:01:53Z,127,16,3,11,0,0,1,1,1,1783641078
2026-07-10T00:01:53Z,128,5,1,14,0,0,1,1,1,1783641315
2026-07-10T00:01:53Z,129,9,1,8,2,0,1,1,1,1783640174
2026-07-10T00:01:53Z,130,13,1,3,1,0,1,1,1,1783641696
2026-07-10T00:01:53Z,131,2,1,9,0,0,1,1,1,1783641603
2026-07-10T00:01:53Z,132,0,0,14,0,1,1,1,1,1783637236
2026-07-10T00:01:53Z,133,3,1,20,0,0,1,1,1,1783641425
2026-07-10T00:01:53Z,134,2,0,21,0,0,1,1,1,1783641656
2026-07-10T00:01:53Z,135,6,1,13,0,0,1,1,1,1783640869
2026-07-10T00:01:53Z,136,10,1,12,0,0,1,1,1,1783640668
2026-07-10T00:01:53Z,137,11,2,6,2,0,1,1,1,1783641700
2026-07-10T00:01:53Z,138,19,0,18,0,0,1,1,1,1783639450
2026-07-10T00:01:53Z,139,19,5,0,0,0,1,1,1,1783641376
2026-07-10T00:01:53Z,140,19,1,3,1,0,1,1,1,1783641699
2026-07-10T00:01:53Z,141,8,0,15,1,1,1,1,1,1783641417
2026-07-10T00:01:53Z,142,9,2,10,0,0,1,1,1,1783640874
2026-07-10T00:01:53Z,143,26,0,0,5,0,1,1,1,1783641652
2026-07-10T00:01:53Z,144,21,2,6,0,0,1,1,1,1783641251
2026-07-10T00:01:53Z,145,26,2,3,2,0,1,1,1,1783641558
2026-07-10T00:01:53Z,146,12,1,11,0,0,1,1,1,1783641330
2026-07-10T00:01:53Z,147,3,2,15,1,0,1,1,1,1783639436
2026-07-10T00:01:53Z,148,3,2,23,1,0,1,1,1,1783641609
2026-07-10T00:01:53Z,149,2,2,17,0,0,1,1,1,1783641401
2026-07-10T00:01:53Z,150,7,2,25,3,0,1,1,1,1783641474
2026-07-10T00:01:53Z,151,10,2,12,1,0,1,1,1,1783641697
2026-07-10T00:01:53Z,152,23,1,3,0,0,1,1,1,1783641602
2026-07-10T00:01:53Z,153,15,4,8,0,0,1,1,1,1783641650
2026-07-10T00:01:53Z,154,11,0,8,4,0,1,1,1,1783641687
2026-07-10T00:01:53Z,155,2,1,10,2,0,1,1,1,1783641039
2026-07-10T00:01:53Z,156,2,2,17,0,0,1,1,1,1783641679
2026-07-10T00:01:53Z,157,23,8,1,3,0,1,1,1,1783641701
2026-07-10T00:01:53Z,158,10,2,8,1,0,1,1,1,1783641652
2026-07-10T00:01:53Z,159,3,1,16,0,0,1,1,1,1783641504
2026-07-10T00:01:53Z,160,10,1,8,1,0,1,1,1,1783641455
2026-07-10T00:01:53Z,161,17,2,5,0,0,1,1,1,1783641361
2026-07-10T00:01:53Z,162,21,3,5,1,0,1,1,1,1783641558
2026-07-10T00:01:53Z,163,15,3,16,0,0,1,1,1,1783641113
2026-07-10T00:01:53Z,164,26,4,1,0,0,1,1,1,1783641463
2026-07-10T00:01:53Z,165,27,0,3,1,0,1,1,1,1783641655
2026-07-10T00:01:53Z,166,21,1,16,2,0,1,1,1,1783640698
2026-07-10T00:01:53Z,167,13,9,8,2,0,1,1,1,1783640935
2026-07-10T00:01:53Z,168,12,0,13,2,0,1,1,1,1783641522
2026-07-10T00:01:53Z,169,7,1,10,5,1,1,1,1,1783641664
2026-07-10T00:01:53Z,170,17,0,1,1,0,1,1,1,1783639731
2026-07-10T00:01:53Z,171,5,4,6,2,0,1,1,1,1783641447
2026-07-10T00:01:53Z,173,6,6,33,0,0,1,1,1,1783640477
2026-07-10T00:01:53Z,174,19,6,5,1,0,1,1,1,1783641261
2026-07-10T00:01:53Z,175,28,0,2,1,0,1,1,1,1783641602
2026-07-10T00:01:53Z,176,14,2,0,0,1,1,1,1,1783641536
2026-07-10T00:01:53Z,177,19,2,4,4,0,1,1,1,1783641562
2026-07-10T00:01:53Z,178,12,1,1,2,0,1,1,1,1783641664
2026-07-10T00:01:53Z,179,7,4,7,1,0,1,1,1,1783641574
2026-07-10T00:01:53Z,180,22,0,7,1,0,1,1,1,1783638449
2026-07-10T00:01:53Z,181,5,2,10,0,0,1,1,1,1783641693
2026-07-10T00:01:53Z,182,12,6,7,0,0,1,1,1,1783640398
2026-07-10T00:01:53Z,183,16,3,5,2,0,1,1,1,1783640803
2026-07-10T00:01:53Z,184,8,0,11,4,0,1,1,1,1783641148
2026-07-10T00:01:53Z,185,8,2,1,5,1,1,1,1,1783640410
2026-07-10T00:01:53Z,186,19,1,0,0,0,1,1,1,1783641195
2026-07-10T00:01:53Z,187,23,0,4,2,0,1,1,1,1783641690
2026-07-10T00:01:53Z,188,24,6,0,3,0,1,1,1,1783641497
2026-07-10T00:01:53Z,189,8,3,7,0,0,1,1,1,1783640992
2026-07-10T00:01:53Z,190,9,1,14,0,0,1,1,1,1783641171
2026-07-10T00:01:53Z,191,24,0,13,2,0,1,1,1,1783641401
2026-07-10T00:01:53Z,192,15,6,16,0,0,1,1,1,1783641405
2026-07-10T00:01:53Z,193,10,2,4,1,0,1,1,1,1783641417
2026-07-10T00:01:53Z,194,12,0,3,0,0,1,1,1,1783641700
2026-07-10T00:01:53Z,195,14,1,5,0,0,1,1,1,1783641594
2026-07-10T00:01:53Z,196,10,7,16,1,0,1,1,1,1783641364
2026-07-10T00:01:53Z,197,0,0,17,1,1,1,1,1,1783639406
2026-07-10T00:01:53Z,198,2,1,19,2,0,1,1,1,1783640982
2026-07-10T00:01:53Z,199,1,0,13,1,0,1,1,1,1783641057
2026-07-10T00:01:53Z,200,18,5,6,2,0,1,1,1,1783641392
2026-07-10T00:01:53Z,201,3,0,20,0,0,1,1,1,1783641148
2026-07-10T00:01:53Z,202,23,1,4,0,0,1,1,1,1783641258
2026-07-10T00:01:53Z,203,21,0,9,1,0,1,1,1,1783641668
2026-07-10T00:01:53Z,204,20,0,14,1,0,1,1,1,1783640963
2026-07-10T00:01:53Z,205,6,1,21,0,0,1,1,1,1783641309
2026-07-10T00:01:53Z,206,3,3,9,3,0,1,1,1,1783639930
2026-07-10T00:01:53Z,207,7,3,12,2,0,1,1,1,1783640804
2026-07-10T00:01:53Z,208,4,1,24,1,0,1,1,1,1783640820
2026-07-10T00:01:53Z,209,30,3,0,0,1,1,1,1,1783641491
2026-07-10T00:01:53Z,210,17,3,9,1,0,1,1,1,1783641098
2026-07-10T00:01:53Z,211,8,4,14,1,0,1,1,1,1783641556
2026-07-10T00:01:53Z,212,25,0,10,0,0,1,1,1,1783640407
2026-07-10T00:01:53Z,213,16,1,7,0,0,1,1,1,1783640425
2026-07-10T00:01:53Z,214,40,11,5,2,0,1,1,1,1783641559
2026-07-10T00:01:53Z,215,12,4,11,0,0,1,1,1,1783641093
2026-07-10T00:01:53Z,216,15,2,4,0,0,1,1,1,1783641575
2026-07-10T00:01:53Z,217,12,4,15,2,0,1,1,1,1783641688
2026-07-10T00:01:53Z,218,12,7,26,1,0,1,1,1,1783641578
2026-07-10T00:01:53Z,219,0,0,3,0,0,0,1,1,1783102064
2026-07-10T00:01:53Z,220,12,3,31,0,0,1,1,1,1783641604
2026-07-10T00:01:53Z,221,9,6,4,1,0,1,1,1,1783641359
2026-07-10T00:01:53Z,222,18,10,1,0,0,1,1,1,1783641137
2026-07-10T00:01:53Z,223,18,9,15,2,0,1,1,1,1783641683
2026-07-10T00:01:53Z,224,2,1,20,0,0,1,1,1,1783641193
2026-07-10T00:01:53Z,225,3,0,13,3,0,1,1,1,1783641290
2026-07-10T00:01:53Z,226,13,13,17,1,0,1,1,1,1783640556
2026-07-10T00:01:53Z,227,12,9,13,2,0,1,1,1,1783641228
2026-07-10T00:01:53Z,228,8,8,11,0,0,1,1,1,1783640802
2026-07-10T00:01:53Z,230,9,1,14,0,0,1,1,1,1783640832
2026-07-10T00:01:53Z,232,7,1,10,2,0,1,1,1,1783639989
2026-07-10T00:01:53Z,233,11,6,19,1,0,1,1,1,1783641218
2026-07-10T00:01:53Z,234,8,4,8,3,0,1,1,1,1783640507
2026-07-10T00:01:53Z,236,3,3,16,0,0,1,1,1,1783640229
2026-07-10T00:01:53Z,237,16,1,6,1,0,1,1,1,1783641286
2026-07-10T00:01:53Z,239,25,19,0,2,0,1,1,1,1783641338
2026-07-10T00:01:53Z,241,4,0,19,0,0,1,1,1,1783638362
2026-07-10T00:01:53Z,242,1,1,21,1,0,1,1,1,1783640571
2026-07-10T00:01:53Z,243,7,3,21,3,0,1,1,1,1783641009
2026-07-10T00:01:53Z,244,5,4,21,1,0,1,1,1,1783641672
2026-07-10T00:01:53Z,245,14,1,9,0,0,1,1,1,1783641440
2026-07-10T00:01:53Z,246,2,2,21,0,0,1,1,1,1783639508
2026-07-10T00:01:53Z,247,15,2,8,0,0,1,1,1,1783639174
2026-07-10T00:01:53Z,248,9,7,11,3,0,1,1,1,1783640738
2026-07-10T00:01:53Z,249,2,0,17,0,0,1,1,1,1783641533
2026-07-10T00:01:53Z,250,10,4,16,1,0,1,1,1,1783641215
2026-07-10T00:01:53Z,251,6,3,21,0,0,1,1,1,1783641195
2026-07-10T00:01:53Z,253,11,2,7,1,0,1,1,1,1783641396
2026-07-10T00:01:53Z,254,26,20,12,5,0,1,1,1,1783641592
2026-07-10T00:01:53Z,255,18,4,5,0,0,1,1,1,1783641611
2026-07-10T00:01:53Z,256,14,4,8,1,0,1,1,1,1783641638
2026-07-10T00:01:53Z,257,14,6,5,0,0,1,1,1,1783640801
2026-07-10T00:01:53Z,258,9,6,8,2,0,1,1,1,1783639857
2026-07-10T00:01:53Z,259,5,4,16,2,0,1,1,1,1783640733
2026-07-10T00:01:53Z,260,9,5,9,1,0,1,1,1,1783640989
2026-07-10T00:01:53Z,261,6,2,12,1,0,1,1,1,1783641172
2026-07-10T00:01:53Z,262,15,2,7,1,0,1,1,1,1783641567
2026-07-10T00:01:53Z,263,6,2,9,0,0,1,1,1,1783641630
2026-07-10T00:01:53Z,264,7,2,12,0,0,1,1,1,1783640207
2026-07-10T00:01:53Z,265,13,0,2,0,0,1,1,1,1783641250
2026-07-10T00:01:53Z,266,15,1,4,0,0,1,1,1,1783641661
2026-07-10T00:01:53Z,267,12,1,1,2,0,1,1,1,1783626571
2026-07-10T00:01:53Z,268,6,3,16,1,0,1,1,1,1783641244
2026-07-10T00:01:53Z,269,8,2,15,0,0,1,1,1,1783638953
2026-07-10T00:01:53Z,270,4,0,22,1,0,1,1,1,1783641338
2026-07-10T00:01:53Z,271,2,0,14,2,1,1,1,1,1783641538
2026-07-10T00:01:53Z,272,9,1,12,2,0,1,1,1,1783641616
2026-07-10T00:01:53Z,273,3,3,12,0,0,1,1,1,1783640101
2026-07-10T00:01:53Z,274,13,2,5,1,0,1,1,1,1783640308
2026-07-10T00:01:53Z,275,20,2,3,0,0,1,1,1,1783640403
2026-07-10T00:01:53Z,276,20,1,6,0,1,1,1,1,1783639693
2026-07-10T00:01:53Z,277,2,2,18,3,0,1,1,1,1783640682
2026-07-10T00:01:53Z,278,23,3,5,2,1,1,1,1,1783641647
2026-07-10T00:01:53Z,279,9,4,10,0,0,1,1,1,1783641350
2026-07-10T00:01:53Z,280,10,0,19,2,0,1,1,1,1783641531
2026-07-10T00:01:53Z,281,20,1,3,0,0,1,1,1,1783641408
2026-07-10T00:01:53Z,282,15,3,4,0,0,1,1,1,1783633282
2026-07-10T00:01:53Z,283,19,3,14,2,0,1,1,1,1783641493
2026-07-10T00:01:53Z,284,30,3,5,0,0,1,1,1,1783638636
2026-07-10T00:01:53Z,285,2,1,21,0,0,1,1,1,1783638638
2026-07-10T00:01:53Z,286,13,11,8,2,0,1,1,1,1783640195
2026-07-10T00:01:53Z,287,18,2,4,1,0,1,1,1,1783641043
2026-07-10T00:01:53Z,288,2,1,15,2,0,1,1,1,1783640890
2026-07-10T00:01:53Z,289,25,8,1,1,0,1,1,1,1783640417
2026-07-10T00:01:53Z,290,10,0,27,2,0,1,1,1,1783641099
2026-07-10T00:01:53Z,291,6,0,17,0,0,1,1,1,1783641614
2026-07-10T00:01:53Z,292,11,0,12,0,0,1,1,1,1783641605
2026-07-10T00:01:53Z,293,9,0,13,1,0,1,1,1,1783641644
2026-07-10T00:01:53Z,294,8,7,13,1,0,1,1,1,1783641474
2026-07-10T00:01:53Z,297,16,0,2,1,0,1,1,1,1783641690
2026-07-10T00:01:53Z,301,16,0,2,1,0,1,1,1,1783640897
2026-07-10T00:01:53Z,302,22,0,0,1,0,1,1,1,1783639078
2026-07-10T00:01:53Z,303,8,1,10,1,0,1,1,1,1783641452
2026-07-10T00:01:53Z,304,0,0,0,0,0,0,1,1,86400
2026-07-10T00:01:53Z,305,3,1,16,0,0,1,1,1,1783640914
2026-07-10T00:01:53Z,306,1,0,31,0,0,1,1,1,1783636308
2026-07-10T00:01:53Z,307,9,0,13,1,0,1,1,1,1783641269
2026-07-10T00:01:53Z,308,2,0,17,0,0,1,1,1,1783641054
2026-07-10T00:01:53Z,309,2,1,10,1,0,1,1,1,1783640766
2026-07-10T00:01:53Z,311,1,0,14,0,0,1,1,1,1783641033
2026-07-10T00:01:53Z,312,6,4,13,3,1,1,1,1,1783638971
2026-07-10T00:01:53Z,313,3,0,12,0,0,1,1,1,1783637889
2026-07-10T00:01:53Z,314,16,1,1,2,0,1,1,1,1783637245
2026-07-10T00:01:53Z,315,0,0,31,0,0,0,1,1,1783017696
2026-07-10T00:01:53Z,316,15,0,0,0,0,1,1,1,1783641107
2026-07-10T00:01:53Z,317,8,7,20,3,0,1,1,1,1783640245
2026-07-10T00:01:53Z,318,8,2,9,0,0,1,1,1,1783636387
2026-07-10T00:01:53Z,319,1,0,26,0,0,1,1,1,1783640990
2026-07-10T00:01:53Z,320,11,0,7,1,0,1,1,1,1783641331
2026-07-10T00:01:53Z,321,12,1,5,2,0,1,1,1,1783637760
2026-07-10T00:01:53Z,322,19,0,10,0,0,1,1,1,1783641001
2026-07-10T00:01:53Z,323,13,0,5,1,0,1,1,1,1783639917
2026-07-10T00:01:53Z,324,3,1,23,1,0,1,1,1,1783640844
2026-07-10T00:01:53Z,325,2,1,23,2,0,1,1,1,1783641392
2026-07-10T00:01:53Z,327,9,1,16,0,2,1,1,1,1783641267
2026-07-10T00:01:53Z,328,12,1,10,0,1,1,1,1,1783641518
2026-07-10T00:01:53Z,329,11,1,7,1,0,1,1,1,1783640867
2026-07-10T00:01:53Z,330,16,0,6,0,0,1,1,1,1783641219
2026-07-10T00:01:53Z,331,9,0,14,0,0,1,1,1,1783641349
2026-07-10T00:01:53Z,332,14,0,3,2,0,1,1,1,1783640887
2026-07-10T00:01:53Z,333,1,0,21,1,0,1,1,1,1783641356
2026-07-10T00:01:53Z,334,3,2,20,0,0,1,1,1,1783638096
2026-07-10T00:01:53Z,335,5,1,17,1,0,1,1,1,1783640993
2026-07-10T00:01:53Z,336,10,3,9,0,0,1,1,1,1783641436
2026-07-10T00:01:53Z,337,15,0,4,4,0,1,1,1,1783641668
2026-07-10T00:01:53Z,338,7,3,12,0,0,1,1,1,1783640622
2026-07-10T00:01:53Z,339,0,0,23,0,0,1,1,1,1783641415
2026-07-10T00:01:53Z,340,7,0,6,2,0,1,1,1,1783640319
2026-07-10T00:01:53Z,341,4,0,14,1,0,1,1,1,1783641418
2026-07-10T00:01:53Z,342,5,3,10,0,0,1,1,1,1783641113
2026-07-10T00:01:53Z,343,3,1,20,0,0,1,1,1,1783641366
2026-07-10T00:01:53Z,344,4,1,17,2,0,1,1,1,1783640931
2026-07-10T00:01:53Z,345,10,2,8,1,0,1,1,1,1783640676
2026-07-10T00:01:53Z,346,3,1,20,0,0,1,1,1,1783640513
2026-07-10T00:01:53Z,347,10,3,36,1,0,1,1,1,1783641694
2026-07-10T00:01:53Z,348,19,4,2,2,0,1,1,1,1783641476
2026-07-10T00:01:53Z,349,6,0,11,2,0,1,1,1,1783641698
2026-07-10T00:01:53Z,350,7,0,18,1,1,1,1,1,1783641556
2026-07-10T00:01:53Z,351,12,0,9,2,0,1,1,1,1783641599
2026-07-10T00:01:53Z,355,1,1,21,1,0,1,1,1,1783640220
2026-07-10T00:01:53Z,356,3,2,16,0,0,1,1,1,1783638303
2026-07-10T00:01:53Z,357,5,3,14,0,0,1,1,1,1783640213
2026-07-10T00:01:53Z,358,0,0,27,0,0,1,1,1,1783641067
2026-07-10T00:01:53Z,359,3,0,21,3,0,1,1,1,1783641269
2026-07-10T00:01:53Z,360,6,2,12,1,0,1,1,1,1783639175
2026-07-10T00:01:53Z,362,8,4,9,1,0,1,1,1,1783638751
2026-07-10T00:01:53Z,363,23,0,3,1,0,1,1,1,1783640916
2026-07-10T00:01:53Z,364,5,0,11,2,1,1,1,1,1783641699
2026-07-10T00:01:53Z,365,7,4,15,1,0,1,1,1,1783641427
2026-07-10T00:01:53Z,366,20,10,0,3,0,1,1,1,1783641564
2026-07-10T00:01:53Z,367,0,0,17,2,0,1,1,1,1783640627
2026-07-10T00:01:53Z,368,2,0,21,0,0,1,1,1,1783639590
2026-07-10T00:01:53Z,370,13,3,13,1,0,1,1,1,1783641673
2026-07-10T00:01:53Z,371,9,1,9,1,0,1,1,1,1783634797
2026-07-10T00:01:53Z,372,4,0,10,1,0,1,1,1,1783639946
2026-07-10T00:01:53Z,373,22,5,1,3,0,1,1,1,1783641469
2026-07-10T00:01:53Z,374,12,4,5,1,0,1,1,1,1783641066
2026-07-10T00:01:53Z,375,6,1,21,0,0,1,1,1,1783641648
2026-07-10T00:01:53Z,376,17,0,16,3,3,1,1,1,1783641542
2026-07-10T00:01:53Z,377,14,6,12,1,0,1,1,1,1783638288
2026-07-10T00:01:53Z,378,8,2,16,0,0,1,1,1,1783641697
2026-07-10T00:01:53Z,379,9,0,18,0,0,1,1,1,1783641237
2026-07-10T00:01:53Z,380,9,1,14,0,0,1,1,1,1783641698
2026-07-10T00:01:53Z,381,6,0,17,0,0,1,1,1,1783641413
2026-07-10T00:01:53Z,383,7,0,7,1,0,1,1,1,1783640893
2026-07-10T00:01:53Z,384,0,0,18,1,0,1,1,1,1783639292
2026-07-10T00:01:53Z,385,3,1,14,1,0,1,1,1,1783641262
2026-07-10T00:01:53Z,387,16,3,7,0,0,1,1,1,1783641126
2026-07-10T00:01:53Z,388,11,0,34,4,0,1,1,1,1783641081
2026-07-10T00:01:53Z,389,1,1,13,1,0,1,1,1,1783640468
2026-07-10T00:01:53Z,390,23,2,4,0,0,1,1,1,1783640885
2026-07-10T00:01:53Z,391,3,2,12,0,0,1,1,1,1783641590
2026-07-10T00:01:53Z,392,5,5,13,1,0,1,1,1,1783639848
2026-07-10T00:01:53Z,393,6,6,3,2,0,1,1,1,1783636681
2026-07-10T00:01:53Z,394,9,5,5,0,1,1,1,1,1783636783
2026-07-10T00:01:53Z,396,1,0,39,2,0,1,1,1,1783640887
2026-07-10T00:01:53Z,397,22,19,8,1,0,1,1,1,1783640378
2026-07-10T00:01:53Z,399,16,1,1,0,0,1,1,1,1783640858
2026-07-10T00:01:53Z,400,6,1,15,2,0,1,1,1,1783640363
2026-07-10T00:01:53Z,401,11,1,20,0,0,1,1,1,1783641446
2026-07-10T00:01:53Z,403,2,2,27,2,0,1,1,1,1783641603
2026-07-10T00:01:53Z,404,9,0,14,0,0,1,1,1,1783641648
2026-07-10T00:01:53Z,406,23,1,12,0,0,1,1,1,1783641660
2026-07-10T00:01:53Z,407,15,2,19,0,0,1,1,1,1783640483
2026-07-10T00:01:53Z,408,8,5,23,2,0,1,1,1,1783641356
2026-07-10T00:01:53Z,409,20,5,2,1,0,1,1,1,1783641223
2026-07-10T00:01:53Z,413,1,1,21,1,0,1,1,1,1783639757
2026-07-10T00:01:53Z,414,5,0,8,2,0,1,1,1,1783641216
2026-07-10T00:01:53Z,417,5,3,14,0,0,1,1,1,1783640998
2026-07-10T00:01:53Z,418,1,0,14,0,0,1,1,1,1783638148
2026-07-10T00:01:53Z,419,4,0,18,1,0,1,1,1,1783640313
2026-07-10T00:01:53Z,421,8,0,11,0,0,1,1,1,1783640941
2026-07-10T00:01:53Z,422,4,2,23,0,0,1,1,1,1783641418
2026-07-10T00:01:53Z,423,6,2,16,1,0,1,1,1,1783641236
2026-07-10T00:01:53Z,424,1,0,11,3,0,1,1,1,1783641471
2026-07-10T00:01:53Z,425,17,2,5,0,0,1,1,1,1783641520
2026-07-10T00:01:53Z,426,33,3,2,2,0,1,1,1,1783641566
2026-07-10T00:01:53Z,427,4,0,10,0,1,1,1,1,1783637779
2026-07-10T00:01:53Z,428,2,0,17,0,0,1,1,1,1783641580
2026-07-10T00:01:53Z,429,12,8,8,3,0,1,1,1,1783641481
2026-07-10T00:01:53Z,430,14,1,16,1,0,1,1,1,1783639874
2026-07-10T00:01:53Z,431,21,1,6,4,2,1,1,1,1783641101
2026-07-10T00:01:53Z,432,10,1,20,1,0,1,1,1,1783640805
2026-07-10T00:01:53Z,433,18,2,3,2,0,1,1,1,1783641677
2026-07-10T00:01:53Z,437,2,1,16,2,0,1,1,1,1783641686
2026-07-10T00:01:53Z,438,9,1,9,1,0,1,1,1,1783641530
2026-07-10T00:01:53Z,439,2,1,13,0,0,1,1,1,1783640643
2026-07-10T00:01:53Z,440,1,0,11,3,0,1,1,1,1783639971
2026-07-10T00:01:53Z,441,6,3,9,0,0,1,1,1,1783641070
2026-07-10T00:01:53Z,442,3,0,16,0,0,1,1,1,1783635648
2026-07-10T00:01:53Z,443,3,0,24,0,0,1,1,1,1783612749
2026-07-10T00:01:53Z,444,0,0,22,1,0,1,1,1,1783638333
2026-07-10T00:01:53Z,445,8,6,13,1,1,1,1,1,1783641441
2026-07-10T00:01:53Z,446,3,0,20,0,0,1,1,1,1783637074
2026-07-10T00:01:53Z,447,3,0,18,2,0,1,1,1,1783623613
2026-07-10T00:01:53Z,448,10,1,1,3,1,1,1,1,1783638455
2026-07-10T00:01:53Z,452,9,3,9,1,0,1,1,1,1783640683
2026-07-10T00:01:53Z,453,0,0,14,1,0,1,1,1,1783641114
2026-07-10T00:01:53Z,454,11,0,6,1,1,1,1,1,1783640245
2026-07-10T00:01:53Z,455,24,7,15,0,0,1,1,1,1783641103
2026-07-10T00:01:53Z,456,12,1,9,2,0,1,1,1,1783641700
2026-07-10T00:01:53Z,457,14,1,10,3,0,1,1,1,1783641565
2026-07-10T00:01:53Z,458,1,0,22,0,0,1,1,1,1783641410
2026-07-10T00:01:53Z,459,2,0,13,0,0,1,1,1,1783639340
2026-07-10T00:01:53Z,460,11,1,12,0,0,1,1,1,1783641665
2026-07-10T00:01:53Z,461,0,0,17,2,0,1,1,1,1783641493
2026-07-10T00:01:53Z,462,3,0,17,1,0,1,1,1,1783640804
2026-07-10T00:01:53Z,463,8,0,10,1,0,1,1,1,1783639535
2026-07-10T00:01:53Z,464,7,3,6,1,0,1,1,1,1783641616
2026-07-10T00:01:53Z,465,6,4,8,1,0,1,1,1,1783637917
2026-07-10T00:01:53Z,466,5,2,8,2,0,1,1,1,1783641358
2026-07-10T00:01:53Z,467,3,1,12,0,0,1,1,1,1783640859
2026-07-10T00:01:53Z,468,4,1,15,0,0,1,1,1,1783637471
2026-07-10T00:01:53Z,469,12,2,9,1,1,1,1,1,1783641217
2026-07-10T00:01:53Z,470,12,5,3,0,0,1,1,1,1783640623
2026-07-10T00:01:53Z,471,23,0,3,1,0,1,1,1,1783640379
2026-07-10T00:01:53Z,472,5,3,12,2,0,1,1,1,1783640138
2026-07-10T00:01:53Z,473,9,2,10,0,0,1,1,1,1783641545
2026-07-10T00:01:53Z,474,10,2,9,0,0,1,1,1,1783641253
2026-07-10T00:01:53Z,475,14,1,4,1,0,1,1,1,1783639564
2026-07-10T00:01:53Z,476,17,0,4,2,0,1,1,1,1783638989
2026-07-10T00:01:53Z,477,7,2,6,2,0,1,1,1,1783640751
2026-07-10T00:01:53Z,478,2,0,28,1,0,1,1,1,1783641411
2026-07-10T00:01:53Z,479,12,1,12,3,0,1,1,1,1783641480
2026-07-10T00:01:53Z,480,11,3,0,4,0,1,1,1,1783637544
2026-07-10T00:01:53Z,481,21,1,14,0,0,1,1,1,1783640895
2026-07-10T00:01:53Z,482,10,3,8,1,0,1,1,1,1783640584
2026-07-10T00:01:53Z,483,18,0,8,1,0,1,1,1,1783641548
2026-07-10T00:01:53Z,484,4,2,15,0,0,1,1,1,1783640090
2026-07-10T00:01:53Z,485,10,0,7,2,0,1,1,1,1783641616
2026-07-10T00:01:53Z,486,10,0,17,0,0,1,1,1,1783640803
2026-07-10T00:01:53Z,487,3,1,15,1,0,1,1,1,1783641482
2026-07-10T00:01:53Z,489,5,2,10,0,0,1,1,1,1783641606
2026-07-10T00:01:53Z,490,11,0,4,1,0,1,1,1,1783641410
2026-07-10T00:01:53Z,491,14,3,1,6,0,1,1,1,1783640296
2026-07-10T00:01:53Z,492,6,1,2,3,0,1,1,1,1783641701
2026-07-10T00:01:53Z,493,9,3,18,0,0,1,1,1,1783638832
2026-07-10T00:01:53Z,495,7,1,4,4,0,1,1,1,1783641396
2026-07-10T00:01:53Z,496,9,1,18,0,0,1,1,1,1783641643
2026-07-10T00:01:53Z,497,11,5,8,0,0,1,1,1,1783640755
2026-07-10T00:01:53Z,498,14,2,9,0,0,1,1,1,1783641073
2026-07-10T00:01:53Z,499,7,1,10,2,0,1,1,1,1783641382
2026-07-10T00:01:53Z,500,2,0,13,0,0,1,1,1,1783640236
2026-07-10T00:01:53Z,501,7,4,12,2,0,1,1,1,1783640185
2026-07-10T00:01:53Z,502,0,0,19,0,0,1,1,1,1783640539
2026-07-10T00:01:53Z,503,3,0,28,0,0,1,1,1,1783640175
2026-07-10T00:01:53Z,504,0,0,0,34,5,1,1,1,1783641413
2026-07-10T00:01:53Z,505,12,1,3,3,0,1,1,1,1783641615
2026-07-10T00:01:53Z,511,0,0,23,0,0,1,1,1,1783633515
2026-07-10T00:01:53Z,512,7,0,12,0,0,1,1,1,1783641547
2026-07-10T00:01:53Z,514,6,4,4,1,0,1,1,1,1783641576
2026-07-10T00:01:53Z,515,13,1,6,0,0,1,1,1,1783641283
2026-07-10T00:01:53Z,516,12,0,14,1,0,1,1,1,1783640780
2026-07-10T00:01:53Z,517,12,7,11,0,0,1,1,1,1783641214
2026-07-10T00:01:53Z,518,8,0,6,1,0,1,1,1,1783640992
2026-07-10T00:01:53Z,519,8,1,11,0,0,1,1,1,1783638854
2026-07-10T00:01:53Z,520,26,5,0,0,1,1,1,1,1783639743
2026-07-10T00:01:53Z,521,7,4,16,0,0,1,1,1,1783641238
2026-07-10T00:01:53Z,522,16,0,7,0,0,1,1,1,1783641260
2026-07-10T00:01:53Z,523,21,0,2,0,0,1,1,1,1783639502
2026-07-10T00:01:53Z,524,23,0,0,0,0,1,1,1,1783639659
2026-07-10T00:01:53Z,525,11,2,8,0,0,1,1,1,1783641255
2026-07-10T00:01:53Z,526,5,1,9,1,0,1,1,1,1783640617
2026-07-10T00:01:53Z,527,3,2,23,0,0,1,1,1,1783640453
2026-07-10T00:01:53Z,528,5,0,18,0,0,1,1,1,1783634448
2026-07-10T00:01:53Z,529,12,2,0,7,0,1,1,1,1783641518
2026-07-10T00:01:53Z,530,10,0,9,2,0,1,1,1,1783639207
2026-07-10T00:01:53Z,531,13,1,9,0,1,1,1,1,1783641539
2026-07-10T00:01:53Z,532,19,2,11,1,0,1,1,1,1783641669
2026-07-10T00:01:53Z,533,8,0,10,1,0,1,1,1,1783640325
2026-07-10T00:01:53Z,534,4,4,18,1,0,1,1,1,1783641645
2026-07-10T00:01:53Z,535,3,3,12,0,0,1,1,1,1783640251
2026-07-10T00:01:53Z,536,16,1,7,0,0,1,1,1,1783641212
2026-07-10T00:01:53Z,537,3,0,18,0,0,1,1,1,1783640950
2026-07-10T00:01:53Z,538,8,2,11,0,0,1,1,1,1783639770
2026-07-10T00:01:53Z,539,29,5,0,2,0,1,1,1,1783640905
2026-07-10T00:01:53Z,540,1,1,18,0,0,1,1,1,1783639343
2026-07-10T00:01:53Z,541,12,1,13,2,0,1,1,1,1783641634
2026-07-10T00:01:53Z,542,18,0,5,0,0,1,1,1,1783641437
2026-07-10T00:01:53Z,543,7,0,9,3,0,1,1,1,1783641549
2026-07-10T00:01:53Z,544,16,0,6,0,0,1,1,1,1783641202
2026-07-10T00:01:53Z,545,14,7,3,2,0,1,1,1,1783641589
2026-07-10T00:01:53Z,546,11,2,8,0,0,1,1,1,1783641015
2026-07-10T00:01:53Z,547,0,0,17,1,0,0,1,1,1783637858
2026-07-10T00:01:53Z,548,11,0,11,1,0,1,1,1,1783641599
2026-07-10T00:01:53Z,549,21,2,0,0,0,1,1,1,1783640795
2026-07-10T00:01:53Z,550,3,3,15,1,0,1,1,1,1783640484
2026-07-10T00:01:53Z,551,8,2,14,1,0,1,1,1,1783631220
2026-07-10T00:01:53Z,552,13,2,14,0,0,1,1,1,1783640942
2026-07-10T00:01:53Z,553,18,1,4,1,0,1,1,1,1783641042
2026-07-10T00:01:53Z,554,9,4,10,0,0,1,1,1,1783641015
2026-07-10T00:01:53Z,555,9,2,3,3,0,1,1,1,1783641648
2026-07-10T00:01:53Z,556,7,2,16,0,0,1,1,1,1783640328
2026-07-10T00:01:53Z,557,18,1,4,1,0,1,1,1,1783639185
2026-07-10T00:01:53Z,558,26,11,11,0,0,1,1,1,1783641430
2026-07-10T00:01:53Z,559,8,7,10,1,0,1,1,1,1783641700
2026-07-10T00:01:53Z,560,12,3,15,0,0,1,1,1,1783641590
2026-07-10T00:01:53Z,561,7,4,15,1,0,1,1,1,1783641053
2026-07-10T00:01:53Z,562,4,0,28,3,0,1,1,1,1783639067
2026-07-10T00:01:53Z,563,14,2,1,0,0,1,1,1,1783641136
2026-07-10T00:01:53Z,564,12,1,7,0,0,1,1,1,1783641559
2026-07-10T00:01:53Z,565,16,0,3,0,0,1,1,1,1783641172
2026-07-10T00:01:53Z,566,8,1,10,1,0,1,1,1,1783640493
2026-07-10T00:01:53Z,567,22,5,4,1,0,1,1,1,1783641366
2026-07-10T00:01:53Z,568,8,0,11,0,0,1,1,1,1783641305
2026-07-10T00:01:53Z,569,2,0,17,0,0,1,1,1,1783641332
2026-07-10T00:01:53Z,570,7,1,12,0,0,1,1,1,1783641259
2026-07-10T00:01:53Z,571,2,0,21,0,0,1,1,1,1783639193
2026-07-10T00:01:53Z,572,3,0,15,1,0,1,1,1,1783638877
2026-07-10T00:01:53Z,573,7,1,8,0,0,1,1,1,1783640417
2026-07-10T00:01:53Z,574,9,1,6,0,0,1,1,1,1783640375
2026-07-10T00:01:53Z,575,4,2,17,0,0,1,1,1,1783640901
2026-07-10T00:01:53Z,576,4,0,14,1,0,1,1,1,1783639677
2026-07-10T00:01:53Z,577,9,0,22,0,0,1,1,1,1783640582
2026-07-10T00:01:53Z,578,5,3,16,2,0,1,1,1,1783641091
2026-07-10T00:01:53Z,579,28,0,15,0,0,1,1,1,1783640630
2026-07-10T00:01:53Z,580,3,0,27,1,0,1,1,1,1783641459
2026-07-10T00:01:53Z,581,10,2,9,0,0,1,1,1,1783641590
2026-07-10T00:01:53Z,582,50,0,10,0,0,1,1,1,1783641700
2026-07-10T00:01:53Z,583,7,0,15,1,0,1,1,1,1783641544
2026-07-10T00:01:53Z,584,4,1,10,5,0,1,1,1,1783640176
2026-07-10T00:01:53Z,585,7,0,19,0,0,1,1,1,1783641539
2026-07-10T00:01:53Z,586,27,0,8,0,0,1,1,1,1783641395
2026-07-10T00:01:53Z,587,20,0,4,1,0,1,1,1,1783640745
2026-07-10T00:01:53Z,588,7,4,12,0,0,1,1,1,1783641437
2026-07-10T00:01:53Z,589,1,0,22,0,0,1,1,1,1783641510
2026-07-10T00:01:53Z,590,11,2,20,0,0,1,1,1,1783641025
2026-07-10T00:01:53Z,591,5,0,16,1,0,1,1,1,1783641637
2026-07-10T00:01:53Z,592,9,0,13,1,0,1,1,1,1783640963
2026-07-10T00:01:53Z,593,9,0,29,1,0,1,1,1,1783641643
2026-07-10T00:01:53Z,594,2,0,17,1,1,1,1,1,1783641559
2026-07-10T00:01:53Z,595,0,0,3,0,0,0,1,1,1779985765
2026-07-10T00:01:53Z,605,0,0,3,0,0,0,1,1,1780413752
2026-07-10T00:01:53Z,606,0,0,0,0,0,0,1,1,86400
2026-07-10T00:01:53Z,607,10,1,22,1,0,1,1,1,1783641153
2026-07-10T00:01:53Z,608,23,0,30,1,0,1,1,1,1783641675
2026-07-10T00:01:53Z,609,12,6,11,0,0,1,1,1,1783641271
2026-07-10T00:01:53Z,610,12,0,23,0,0,1,1,1,1783641668
2026-07-10T00:01:53Z,611,26,0,1,0,0,1,1,1,1783641383
2026-07-10T00:01:53Z,612,3,1,12,0,0,1,1,1,1783626776
2026-07-10T00:01:53Z,613,9,2,3,3,0,1,1,1,1783620761
2026-07-10T00:01:53Z,614,10,1,15,2,0,1,1,1,1783641110
2026-07-10T00:01:53Z,617,11,3,2,2,0,1,1,1,1783639807
2026-07-10T00:01:53Z,618,12,1,5,2,0,1,1,1,1783640566
2026-07-10T00:01:53Z,619,10,3,9,0,0,1,1,1,1783641495
2026-07-10T00:01:53Z,620,8,5,15,0,0,1,1,1,1783639272
2026-07-10T00:01:53Z,621,18,4,4,1,0,1,1,1,1783641665
2026-07-10T00:01:53Z,622,4,0,18,1,0,1,1,1,1783641536
2026-07-10T00:01:53Z,623,8,0,19,2,1,1,1,1,1783640546
2026-07-10T00:01:53Z,624,0,0,12,2,1,1,1,1,1783632705
2026-07-10T00:01:53Z,625,3,2,15,3,0,1,1,1,1783639451
2026-07-10T00:01:53Z,626,29,2,14,1,2,1,1,1,1783641589
2026-07-10T00:01:53Z,627,9,3,8,0,0,1,1,1,1783634780
2026-07-10T00:01:53Z,628,14,5,3,1,1,1,1,1,1783641460
2026-07-10T00:01:53Z,629,8,0,3,0,0,1,1,1,1783635916
2026-07-10T00:01:53Z,630,16,0,10,1,0,1,1,1,1783625231
2026-07-10T00:01:53Z,631,22,0,1,0,0,1,1,1,1783641060
2026-07-10T00:01:53Z,632,13,4,5,5,0,1,1,1,1783629426
2026-07-10T00:01:53Z,633,5,0,7,2,1,1,1,1,1783632678
2026-07-10T00:01:53Z,634,5,1,12,2,0,1,1,1,1783618462
2026-07-10T00:01:53Z,635,9,0,9,1,0,1,1,1,1783641622
2026-07-10T00:01:53Z,636,0,0,14,1,0,1,1,1,1783622937
2026-07-10T00:01:53Z,637,8,1,10,1,0,1,1,1,1783629788
2026-07-10T00:01:53Z,638,8,6,9,2,0,1,1,1,1783638375
2026-07-10T00:01:53Z,639,0,0,0,3,16,0,1,1,1782287204
2026-07-10T00:01:53Z,640,0,0,22,1,0,1,1,1,1783639257
2026-07-10T00:01:53Z,641,16,1,11,0,0,1,1,1,1783641617
2026-07-10T00:01:53Z,642,10,1,4,5,0,1,1,1,1783640251
2026-07-10T00:01:53Z,643,8,7,16,3,0,1,1,1,1783641188
2026-07-10T00:01:53Z,644,8,5,1,5,1,1,1,1,1783641542
2026-07-10T00:01:53Z,645,21,4,1,0,1,1,1,1,1783641429
2026-07-10T00:01:53Z,646,11,1,5,3,0,1,1,1,1783638751
2026-07-10T00:01:53Z,647,6,4,24,1,0,1,1,1,1783641367
2026-07-10T00:01:53Z,648,17,0,1,1,0,1,1,1,1783638314
2026-07-10T00:01:53Z,649,28,2,3,0,0,1,1,1,1783640676
2026-07-10T00:01:53Z,650,6,1,9,1,0,1,1,1,1783641628
2026-07-10T00:01:53Z,651,5,2,17,1,0,1,1,1,1783641480
2026-07-10T00:01:53Z,652,8,2,12,3,0,1,1,1,1783641506
2026-07-10T00:01:53Z,653,6,3,8,5,0,1,1,1,1783641466
2026-07-10T00:01:53Z,654,5,3,9,1,0,1,1,1,1783641355
2026-07-10T00:01:53Z,655,3,2,11,0,0,1,1,1,1783641147
2026-07-10T00:01:53Z,656,14,3,3,2,0,1,1,1,1783641571
2026-07-10T00:01:53Z,657,4,0,12,1,0,1,1,1,1783641681
2026-07-10T00:01:53Z,658,12,1,11,0,0,1,1,1,1783633556
2026-07-10T00:01:53Z,659,8,7,6,1,0,1,1,1,1783639004
2026-07-10T00:01:53Z,660,8,3,22,1,0,1,1,1,1783639119
2026-07-10T00:01:53Z,661,1,1,17,1,0,1,1,1,1783638927
2026-07-10T00:01:53Z,662,1,0,21,1,0,1,1,1,1783627066
2026-07-10T00:01:53Z,663,13,1,1,0,0,1,1,1,1783641370
2026-07-10T00:01:53Z,664,3,3,23,1,0,1,1,1,1783641680
2026-07-10T00:01:53Z,665,10,1,5,0,0,1,1,1,1783641622
2026-07-10T00:01:53Z,666,11,7,2,2,0,1,1,1,1783635835
2026-07-10T00:01:53Z,667,7,1,5,5,0,1,1,1,1783641535
2026-07-10T00:01:53Z,668,8,1,10,1,0,1,1,1,1783639612
2026-07-10T00:01:53Z,669,6,2,6,2,0,1,1,1,1783641392
2026-07-10T00:01:53Z,670,22,0,1,4,0,1,1,1,1783639242
2026-07-10T00:01:53Z,671,11,0,16,0,0,1,1,1,1783640102
2026-07-10T00:01:53Z,672,7,1,12,4,0,1,1,1,1783639187
2026-07-10T00:01:53Z,673,14,1,8,0,0,1,1,1,1783639843
2026-07-10T00:01:53Z,674,19,12,1,3,0,1,1,1,1783641546
2026-07-10T00:01:53Z,675,4,2,9,1,1,1,1,1,1783641569
2026-07-10T00:01:53Z,676,7,0,14,0,2,1,1,1,1783641290
2026-07-10T00:01:53Z,681,5,3,5,5,0,1,1,1,1783639955
2026-07-10T00:01:53Z,682,11,4,6,2,0,1,1,1,1783623552
2026-07-10T00:01:53Z,683,8,0,10,1,0,1,1,1,1783640341
2026-07-10T00:01:53Z,684,9,0,16,2,0,1,1,1,1783623944
2026-07-10T00:01:53Z,685,12,2,14,0,1,1,1,1,1783634473
2026-07-10T00:01:53Z,686,10,2,15,2,0,1,1,1,1783641628
2026-07-10T00:01:53Z,687,7,2,22,1,1,1,1,1,1783641570
2026-07-10T00:01:53Z,688,7,3,12,0,0,1,1,1,1783635701
2026-07-10T00:01:53Z,692,11,0,10,0,0,1,1,1,1783641180
2026-07-10T00:01:53Z,693,5,3,6,0,0,1,1,1,1783640276
2026-07-10T00:01:53Z,694,9,3,11,1,0,1,1,1,1783640840
2026-07-10T00:01:53Z,695,3,0,19,1,0,1,1,1,1783640648
2026-07-10T00:01:53Z,696,9,4,14,0,0,1,1,1,1783641323
2026-07-10T00:01:53Z,697,3,1,19,1,0,1,1,1,1783641409
2026-07-10T00:01:53Z,698,25,2,2,0,0,1,1,1,1783641647
2026-07-10T00:01:53Z,699,1,0,13,1,0,1,1,1,1783640732
2026-07-10T00:01:53Z,700,7,0,12,0,0,1,1,1,1783641048
2026-07-10T00:01:53Z,701,15,1,3,1,0,1,1,1,1783641551
2026-07-10T00:01:53Z,702,1,1,21,1,0,1,1,1,1783641308
2026-07-10T00:01:53Z,703,23,3,0,0,0,1,1,1,1783640936
2026-07-10T00:01:53Z,704,6,0,9,0,0,1,1,1,1783641215
2026-07-10T00:01:53Z,705,1,1,13,1,0,1,1,1,1783640710
2026-07-10T00:01:53Z,706,14,1,1,0,0,1,1,1,1783641054
2026-07-10T00:01:53Z,707,4,3,10,1,0,1,1,1,1783641017
2026-07-10T00:01:53Z,708,14,0,3,2,0,1,1,1,1783641274
2026-07-10T00:01:53Z,709,12,2,0,3,0,1,1,1,1783641205
2026-07-10T00:01:53Z,710,5,0,14,0,0,1,1,1,1783640091
2026-07-10T00:01:53Z,711,1,0,13,5,0,1,1,1,1783641144
2026-07-10T00:01:53Z,712,6,1,9,0,0,1,1,1,1783641312
2026-07-10T00:01:53Z,713,13,4,8,2,0,1,1,1,1783641349
2026-07-10T00:01:53Z,716,1,0,14,0,0,1,1,1,1783641018
2026-07-10T00:01:53Z,717,0,0,21,4,0,1,1,1,1783641114
2026-07-10T00:01:53Z,718,13,1,2,0,0,1,1,1,1783640606
2026-07-10T00:01:53Z,719,16,1,13,0,0,1,1,1,1783641254
2026-07-10T00:01:53Z,720,3,0,14,2,0,1,1,1,1783640717
2026-07-10T00:01:53Z,721,8,0,12,3,0,1,1,1,1783641277
2026-07-10T00:01:53Z,722,6,0,8,1,0,1,1,1,1783641057
2026-07-10T00:01:53Z,723,3,3,17,3,0,1,1,1,1783641469
2026-07-10T00:01:53Z,724,18,0,5,0,0,1,1,1,1783641233
2026-07-10T00:01:53Z,725,13,2,10,0,0,1,1,1,1783641180
2026-07-10T00:01:53Z,726,8,1,11,0,0,1,1,1,1783641677
2026-07-10T00:01:53Z,727,6,0,16,1,0,1,1,1,1783641178
2026-07-10T00:01:53Z,728,6,1,6,3,0,1,1,1,1783640735
2026-07-10T00:01:53Z,729,18,1,1,0,0,1,1,1,1783641209
2026-07-10T00:01:53Z,730,13,2,1,1,0,1,1,1,1783640639
2026-07-10T00:01:53Z,731,7,5,8,0,0,1,1,1,1783641024
2026-07-10T00:01:53Z,732,2,0,13,0,0,1,1,1,1783640693
2026-07-10T00:01:53Z,733,20,1,7,0,0,1,1,1,1783641690
2026-07-10T00:01:53Z,734,11,7,3,0,0,1,1,1,1783640768
2026-07-10T00:01:53Z,735,3,3,23,1,0,1,1,1,1783641490
2026-07-10T00:01:53Z,736,7,1,12,0,0,1,1,1,1783640037
2026-07-10T00:01:53Z,737,9,6,6,0,0,1,1,1,1783641630
2026-07-10T00:01:53Z,738,0,0,18,1,0,1,1,1,1783640984
2026-07-10T00:01:53Z,739,8,2,16,3,0,1,1,1,1783639900
2026-07-10T00:01:53Z,741,11,1,10,2,0,1,1,1,1783641310
2026-07-10T00:01:53Z,742,32,13,4,3,0,1,1,1,1783641578
2026-07-10T00:01:53Z,743,0,0,19,0,0,1,1,1,1783640973
2026-07-10T00:01:53Z,744,8,1,6,1,0,1,1,1,1783640949
2026-07-10T00:01:53Z,745,10,1,8,1,0,1,1,1,1783640986
2026-07-10T00:01:53Z,746,8,2,15,0,0,1,1,1,1783641281
2026-07-10T00:01:53Z,747,0,0,19,0,0,0,1,1,1783446606
2026-07-10T00:01:53Z,748,13,2,8,2,0,1,1,1,1783610740
2026-07-10T00:01:53Z,749,9,0,13,1,0,1,1,1,1783640749
2026-07-10T00:01:53Z,750,5,3,4,2,0,1,1,1,1783640864
2026-07-10T00:01:53Z,751,5,3,17,1,0,1,1,1,1783641285
2026-07-10T00:01:53Z,752,6,0,10,1,0,1,1,1,1783641016
2026-07-10T00:01:53Z,753,5,0,10,0,0,1,1,1,1783641624
2026-07-10T00:01:53Z,754,6,1,8,1,0,1,1,1,1783640454
2026-07-10T00:01:53Z,755,4,2,14,0,0,1,1,1,1783641483
2026-07-10T00:01:53Z,756,4,1,33,0,0,1,1,1,1783641575
2026-07-10T00:01:53Z,757,10,3,9,0,0,1,1,1,1783640948
2026-07-10T00:01:53Z,758,5,4,16,2,0,1,1,1,1783641227
2026-07-10T00:01:53Z,759,1,0,13,1,0,1,1,1,1783640811
2026-07-10T00:01:53Z,760,16,5,2,1,0,1,1,1,1783628587
2026-07-10T00:01:53Z,761,7,1,16,0,0,1,1,1,1783641266
2026-07-10T00:01:53Z,762,6,4,6,3,0,1,1,1,1783641355
2026-07-10T00:01:53Z,768,12,3,3,4,0,1,1,1,1783640946
2026-07-10T00:01:53Z,769,7,4,12,0,0,1,1,1,1783640869
2026-07-10T00:01:53Z,770,4,0,13,2,0,1,1,1,1783640161
2026-07-10T00:01:53Z,771,9,0,5,1,0,1,1,1,1783640604
2026-07-10T00:01:53Z,772,3,1,11,1,0,1,1,1,1783640668
2026-07-10T00:01:53Z,773,12,0,6,1,0,1,1,1,1783641208
2026-07-10T00:01:53Z,774,10,7,4,1,0,1,1,1,1783641308
2026-07-10T00:01:53Z,775,11,1,5,3,0,1,1,1,1783636244
2026-07-10T00:01:53Z,776,6,2,14,1,0,1,1,1,1783639913
2026-07-10T00:01:53Z,777,0,0,12,3,0,1,1,1,1783641381
2026-07-10T00:01:53Z,778,13,1,3,3,0,1,1,1,1783641000
2026-07-10T00:01:53Z,779,12,4,6,1,0,1,1,1,1783640234
2026-07-10T00:01:53Z,780,9,5,9,1,0,1,1,1,1783641210
2026-07-10T00:01:53Z,781,2,0,8,1,0,1,1,1,1783640243
2026-07-10T00:01:53Z,782,4,1,13,2,0,1,1,1,1783641480
2026-07-10T00:01:53Z,783,10,5,9,0,0,1,1,1,1783641010
2026-07-10T00:01:53Z,784,0,0,18,1,0,1,1,1,1783641176
2026-07-10T00:01:53Z,785,8,6,6,4,0,1,1,1,1783641375
2026-07-10T00:01:53Z,786,4,0,13,2,0,1,1,1,1783640614
2026-07-10T00:01:53Z,787,6,2,9,0,0,1,1,1,1783640597
2026-07-10T00:01:53Z,788,4,1,11,0,0,1,1,1,1783640678
2026-07-10T00:01:53Z,789,11,0,2,2,0,1,1,1,1783640511
2026-07-10T00:01:53Z,790,6,3,17,0,0,1,1,1,1783641239
2026-07-10T00:01:53Z,791,6,0,13,0,0,1,1,1,1783641362
2026-07-10T00:01:53Z,793,9,2,4,2,0,1,1,1,1783641185
2026-07-10T00:01:53Z,794,3,1,25,1,0,1,1,1,1783641364
2026-07-10T00:01:53Z,796,2,0,16,1,0,1,1,1,1783640961
2026-07-10T00:01:53Z,797,4,2,10,1,0,1,1,1,1783640600
2026-07-10T00:01:53Z,798,12,0,11,2,0,1,1,1,1783641676
2026-07-10T00:01:53Z,799,13,1,5,1,0,1,1,1,1783640923
2026-07-10T00:01:53Z,800,14,0,7,0,0,1,1,1,1783641098
2026-07-10T00:01:53Z,801,1,0,18,2,0,1,1,1,1783641185
2026-07-10T00:01:53Z,802,2,0,29,0,0,1,1,1,1783641531
2026-07-10T00:01:53Z,803,6,0,9,0,0,1,1,1,1783640727
2026-07-10T00:01:53Z,806,7,1,8,0,0,1,1,1,1783640506
2026-07-10T00:01:53Z,807,12,8,13,0,0,1,1,1,1783641406
2026-07-10T00:01:53Z,808,13,2,9,3,0,1,1,1,1783640675
2026-07-10T00:01:53Z,809,4,2,18,1,0,1,1,1,1783641230
2026-07-10T00:01:53Z,810,7,5,7,5,0,1,1,1,1783640934
2026-07-10T00:01:53Z,815,13,2,1,1,0,1,1,1,1783641246
2026-07-10T00:01:53Z,817,5,2,0,10,0,1,1,1,1783640853
2026-07-10T00:01:53Z,818,5,0,17,1,0,1,1,1,1783641381
2026-07-10T00:01:53Z,819,1,0,11,3,0,1,1,1,1783640653
2026-07-10T00:01:53Z,820,11,1,5,1,0,1,1,1,1783640636
2026-07-10T00:01:53Z,821,4,1,11,0,0,1,1,1,1783641032
2026-07-10T00:01:53Z,822,3,0,20,0,0,1,1,1,1783641241
2026-07-10T00:01:53Z,823,13,0,2,0,0,1,1,1,1783640712
2026-07-10T00:01:53Z,824,11,7,5,3,0,1,1,1,1783641662
2026-07-10T00:01:53Z,825,8,2,6,1,0,1,1,1,1783640580
2026-07-10T00:01:53Z,826,13,0,6,0,0,1,1,1,1783640639
2026-07-10T00:01:53Z,827,20,3,1,0,0,1,1,1,1783641345
2026-07-10T00:01:53Z,828,7,2,10,1,0,1,1,1,1783641516
2026-07-10T00:01:53Z,829,10,3,17,0,0,1,1,1,1783641454
2026-07-10T00:01:53Z,830,20,0,3,0,0,1,1,1,1783641454
2026-07-10T00:01:53Z,831,13,10,2,0,0,1,1,1,1783640462
2026-07-10T00:01:53Z,832,4,0,14,0,0,1,1,1,1783640884
2026-07-10T00:01:53Z,833,12,5,6,1,0,1,1,1,1783640828
2026-07-10T00:01:53Z,834,24,0,0,0,0,1,1,1,1783641665
2026-07-10T00:01:53Z,835,3,0,15,0,0,1,1,1,1783640925
2026-07-10T00:01:53Z,837,7,1,2,6,0,1,1,1,1783640479
2026-07-10T00:01:53Z,838,3,1,9,3,0,1,1,1,1783640691
2026-07-10T00:01:53Z,839,8,0,21,0,0,1,1,1,1783641592
2026-07-10T00:01:53Z,840,1,0,28,0,0,1,1,1,1783641466
2026-07-10T00:01:53Z,841,10,5,4,1,0,1,1,1,1783640341
2026-07-10T00:01:53Z,842,16,6,6,0,0,1,1,1,1783641152
2026-07-10T00:01:53Z,843,3,2,28,0,0,1,1,1,1783641690
2026-07-10T00:01:53Z,844,5,1,17,1,0,1,1,1,1783641373
2026-07-10T00:01:53Z,845,10,2,8,1,0,1,1,1,1783640896
2026-07-10T00:01:53Z,846,9,1,8,1,0,1,1,1,1783640887
2026-07-10T00:01:53Z,847,0,0,27,0,0,1,1,1,1783641528
2026-07-10T00:01:53Z,848,7,1,12,0,0,1,1,1,1783641537
2026-07-10T00:01:53Z,849,9,4,2,3,0,1,1,1,1783640859
2026-07-10T00:01:53Z,850,2,0,8,1,0,1,1,1,1783640817
2026-07-10T00:01:53Z,851,2,2,34,1,0,1,1,1,1783641210
2026-07-10T00:01:53Z,852,6,0,12,1,0,1,1,1,1783641491
2026-07-10T00:01:53Z,853,13,2,9,1,0,1,1,1,1783641275
2026-07-10T00:01:53Z,854,9,3,6,0,0,1,1,1,1783640940
2026-07-10T00:01:53Z,855,26,8,1,0,0,1,1,1,1783638682
2026-07-10T00:01:53Z,857,1,0,15,3,0,1,1,1,1783641107
2026-07-10T00:01:53Z,858,3,0,14,2,0,1,1,1,1783640882
2026-07-10T00:01:53Z,859,1,0,17,3,0,1,1,1,1783640949
2026-07-10T00:01:53Z,861,2,0,8,1,0,1,1,1,1783640406
2026-07-10T00:01:53Z,862,0,0,15,0,0,1,1,1,1783640464
2026-07-10T00:01:53Z,863,10,1,8,1,0,1,1,1,1783640969
2026-07-10T00:01:53Z,866,10,0,9,0,0,1,1,1,1783640893
2026-07-10T00:01:53Z,867,14,1,0,1,0,1,1,1,1783640474
2026-07-10T00:01:53Z,868,9,3,4,2,0,1,1,1,1783641130
2026-07-10T00:01:53Z,870,15,4,0,0,0,1,1,1,1783640677
2026-07-10T00:01:53Z,871,0,0,10,1,0,1,1,1,1783640406
2026-07-10T00:01:53Z,872,5,0,10,0,0,1,1,1,1783640697
2026-07-10T00:01:53Z,873,1,0,31,1,0,1,1,1,1783639977
2026-07-10T00:01:53Z,874,6,0,8,1,0,1,1,1,1783640447
2026-07-10T00:01:53Z,875,5,2,8,2,0,1,1,1,1783641011
2026-07-10T00:01:53Z,877,5,3,12,2,0,1,1,1,1783640981
2026-07-10T00:01:53Z,878,3,1,16,0,0,1,1,1,1783641056
2026-07-10T00:01:53Z,879,4,0,13,2,0,1,1,1,1783640990
2026-07-10T00:01:53Z,880,8,1,15,0,0,1,1,1,1783641167
2026-07-10T00:01:53Z,881,4,1,12,3,0,1,1,1,1783641148
2026-07-10T00:01:53Z,882,10,5,8,1,0,1,1,1,1783640944
2026-07-10T00:01:53Z,883,11,5,8,0,0,1,1,1,1783640720
2026-07-10T00:01:53Z,884,8,4,12,1,0,1,1,1,1783641227
2026-07-10T00:01:53Z,885,17,0,2,0,0,1,1,1,1783640784
2026-07-10T00:01:53Z,886,2,0,27,0,0,1,1,1,1783641593
2026-07-10T00:01:53Z,887,2,2,14,1,0,1,1,1,1783640971
2026-07-10T00:01:53Z,888,15,1,26,0,0,1,1,1,1783641551
2026-07-10T00:01:53Z,889,16,2,3,0,0,1,1,1,1783641487
2026-07-10T00:01:53Z,890,3,1,12,0,0,1,1,1,1783640856
2026-07-10T00:01:53Z,891,17,2,5,1,0,1,1,1,1783641203
2026-07-10T00:01:53Z,892,15,2,0,0,0,1,1,1,1783635737
2026-07-10T00:01:53Z,895,6,0,12,1,0,1,1,1,1783638263
2026-07-10T00:01:53Z,896,4,2,31,0,0,1,1,1,1783640343
2026-07-10T00:01:53Z,897,16,0,4,1,0,1,1,1,1783641125
2026-07-10T00:01:53Z,898,10,1,9,0,0,1,1,1,1783640876
2026-07-10T00:01:53Z,899,4,0,15,0,0,1,1,1,1783640874
2026-07-10T00:01:53Z,900,25,3,2,0,0,1,1,1,1783641566
2026-07-10T00:01:53Z,901,8,0,11,0,0,1,1,1,1783641185
2026-07-10T00:01:53Z,902,4,0,11,0,0,1,1,1,1783640637
2026-07-10T00:01:53Z,903,11,1,8,0,0,1,1,1,1783640859
2026-07-10T00:01:53Z,904,17,1,1,1,0,1,1,1,1783640879
2026-07-10T00:01:53Z,905,15,1,9,3,0,1,1,1,1783641411
2026-07-10T00:01:53Z,906,1,1,26,0,0,1,1,1,1783641482
2026-07-10T00:01:53Z,907,21,0,7,3,0,1,1,1,1783641560
2026-07-10T00:01:53Z,908,7,2,15,1,0,1,1,1,1783641100
2026-07-10T00:01:53Z,909,4,3,19,0,0,1,1,1,1783641303
2026-07-10T00:01:53Z,910,11,2,19,1,0,1,1,1,1783641565
2026-07-10T00:01:53Z,911,14,1,5,0,0,1,1,1,1783640874
2026-07-10T00:01:53Z,912,20,4,0,3,0,1,1,1,1783641699
2026-07-10T00:01:53Z,913,6,1,13,0,0,1,1,1,1783640728
2026-07-10T00:01:53Z,914,6,0,12,1,0,1,1,1,1783641091
2026-07-10T00:01:53Z,915,23,5,0,0,0,1,1,1,1783641200
2026-07-10T00:01:53Z,916,16,2,7,0,0,1,1,1,1783641397
2026-07-10T00:01:53Z,917,2,1,33,0,0,1,1,1,1783641257
2026-07-10T00:01:53Z,918,2,0,17,0,0,1,1,1,1783641426
2026-07-10T00:01:53Z,919,19,4,19,1,0,1,1,1,1783641449
2026-07-10T00:01:53Z,920,5,1,13,1,0,1,1,1,1783640756
2026-07-10T00:01:53Z,921,16,1,3,2,0,1,1,1,1783641078
2026-07-10T00:01:53Z,922,4,2,17,0,0,1,1,1,1783641334
2026-07-10T00:01:53Z,923,3,3,14,2,0,1,1,1,1783641640
2026-07-10T00:01:53Z,924,7,2,13,1,0,1,1,1,1783641060
2026-07-10T00:01:53Z,925,8,0,11,2,0,1,1,1,1783639966
2026-07-10T00:01:53Z,926,8,2,12,1,0,1,1,1,1783640639
2026-07-10T00:01:53Z,927,24,1,10,1,0,1,1,1,1783641514
2026-07-10T00:01:53Z,928,13,2,6,0,0,1,1,1,1783640041
2026-07-10T00:01:53Z,929,14,3,7,2,0,1,1,1,1783641273
2026-07-10T00:01:53Z,930,11,0,19,1,0,1,1,1,1783641564
2026-07-10T00:01:53Z,931,0,0,22,1,0,1,1,1,1783641291
2026-07-10T00:01:53Z,932,6,0,12,1,0,1,1,1,1783641283
2026-07-10T00:01:53Z,933,10,0,13,0,0,1,1,1,1783641477
2026-07-10T00:01:53Z,934,21,0,10,0,0,1,1,1,1783641519
2026-07-10T00:01:53Z,935,2,0,16,1,0,1,1,1,1783641491
2026-07-10T00:01:53Z,936,15,0,4,0,0,1,1,1,1783640861
2026-07-10T00:01:53Z,940,5,3,6,0,0,1,1,1,1783638950
2026-07-10T00:01:53Z,941,6,1,19,0,0,1,1,1,1783641011
2026-07-10T00:01:53Z,942,7,0,13,1,0,1,1,1,1783641171
2026-07-10T00:01:53Z,943,4,4,10,1,0,1,1,1,1783640473
2026-07-10T00:01:53Z,944,8,7,6,1,0,1,1,1,1783640698
2026-07-10T00:01:53Z,945,6,3,8,1,0,1,1,1,1783640654
2026-07-10T00:01:53Z,946,10,7,9,0,0,1,1,1,1783640734
2026-07-10T00:01:53Z,947,8,6,9,0,0,1,1,1,1783640610
2026-07-10T00:01:53Z,948,2,2,26,3,0,1,1,1,1783641640
2026-07-10T00:01:53Z,949,7,0,7,1,0,1,1,1,1783641223
2026-07-10T00:01:53Z,950,13,0,0,4,0,1,1,1,1783641516
2026-07-10T00:01:53Z,951,2,1,20,1,0,1,1,1,1783641409
2026-07-10T00:01:53Z,952,24,0,27,4,0,1,1,1,1783641054
2026-07-10T00:01:53Z,953,8,2,7,0,0,1,1,1,1783640631
2026-07-10T00:01:53Z,954,16,3,0,3,0,1,1,1,1783640913
2026-07-10T00:01:53Z,955,8,3,13,6,0,1,1,1,1783641215
2026-07-10T00:01:53Z,956,4,2,15,0,0,1,1,1,1783641700
2026-07-10T00:01:53Z,957,10,0,18,1,0,1,1,1,1783641389
2026-07-10T00:01:53Z,958,4,0,27,0,0,1,1,1,1783641549
2026-07-10T00:01:53Z,959,1,0,22,0,0,1,1,1,1783641658
2026-07-10T00:01:53Z,960,18,1,3,2,0,1,1,1,1783641475
2026-07-10T00:01:53Z,961,2,1,18,3,0,1,1,1,1783640930
2026-07-10T00:01:53Z,962,8,0,21,6,0,1,1,1,1783639968
2026-07-10T00:01:53Z,963,13,0,10,0,0,1,1,1,1783641105
2026-07-10T00:01:53Z,964,4,1,17,2,0,1,1,1,1783641299
2026-07-10T00:01:53Z,965,1,0,24,2,0,1,1,1,1783641673
2026-07-10T00:01:53Z,966,11,1,20,0,0,1,1,1,1783641684
2026-07-10T00:01:53Z,967,12,2,6,3,0,1,1,1,1783641351
2026-07-10T00:01:53Z,968,1,0,17,1,0,1,1,1,1783640947
2026-07-10T00:01:53Z,969,24,10,0,3,0,1,1,1,1783639558
2026-07-10T00:01:53Z,970,2,2,16,1,0,1,1,1,1783641437
2026-07-10T00:01:53Z,971,17,2,6,0,0,1,1,1,1783641325
2026-07-10T00:01:53Z,972,8,1,14,1,0,1,1,1,1783641412
2026-07-10T00:01:53Z,973,3,1,19,1,0,1,1,1,1783641134
2026-07-10T00:01:53Z,974,12,0,15,0,0,1,1,1,1783641312
2026-07-10T00:01:53Z,977,14,1,6,1,0,1,1,1,1783640880
2026-07-10T00:01:53Z,978,16,3,6,1,0,1,1,1,1783641696
2026-07-10T00:01:53Z,979,10,0,7,0,0,1,1,1,1783641274
2026-07-10T00:01:53Z,980,1,0,20,0,0,1,1,1,1783641070
2026-07-10T00:01:53Z,981,6,0,14,1,0,1,1,1,1783641126
2026-07-10T00:01:53Z,982,2,1,15,2,0,1,1,1,1783640866
2026-07-10T00:01:53Z,983,1,1,22,0,0,1,1,1,1783641170
2026-07-10T00:01:53Z,984,18,6,1,4,0,1,1,1,1783641396
2026-07-10T00:01:53Z,985,2,0,29,0,0,1,1,1,1783641424
2026-07-10T00:01:53Z,986,6,6,11,2,0,1,1,1,1783640963
2026-07-10T00:01:53Z,987,0,0,22,1,0,1,1,1,1783639914
2026-07-10T00:01:53Z,988,7,4,11,1,0,1,1,1,1783640987
2026-07-10T00:01:53Z,989,11,9,8,0,0,1,1,1,1783641030
2026-07-10T00:01:53Z,990,8,1,6,1,0,1,1,1,1783640665
2026-07-10T00:01:53Z,991,17,9,1,1,0,1,1,1,1783641064
2026-07-10T00:01:53Z,992,1,0,21,1,0,1,1,1,1783641207
2026-07-10T00:01:53Z,993,12,3,15,0,0,1,1,1,1783641415
2026-07-10T00:01:53Z,994,5,1,16,0,0,1,1,1,1783641400
2026-07-10T00:01:53Z,995,7,1,20,0,0,1,1,1,1783641295
2026-07-10T00:01:53Z,996,2,2,19,2,0,1,1,1,1783641329
2026-07-10T00:01:53Z,997,13,7,9,0,1,1,1,1,1783641663
2026-07-10T00:01:53Z,998,8,2,15,0,0,1,1,1,1783641141
2026-07-10T00:01:53Z,999,7,2,12,1,1,1,1,1,1783641092
2026-07-10T00:01:53Z,1000,6,0,15,0,0,1,1,1,1783640987
2026-07-10T00:01:53Z,1001,7,0,20,0,0,1,1,1,1783641318
2026-07-10T00:01:53Z,1002,10,6,21,0,0,1,1,1,1783641511
2026-07-10T00:01:53Z,1003,1,1,22,0,0,1,1,1,1783641098
2026-07-10T00:01:53Z,1004,7,1,16,0,0,1,1,1,1783640017
2026-07-10T00:01:53Z,1005,5,1,17,1,0,1,1,1,1783641121
2026-07-10T00:01:53Z,1006,13,0,6,0,0,1,1,1,1783640878
2026-07-10T00:01:53Z,1007,2,2,18,1,0,1,1,1,1783641009
2026-07-10T00:01:53Z,1008,13,6,10,0,0,1,1,1,1783641256
2026-07-10T00:01:53Z,1009,7,1,22,2,0,1,1,1,1783641603
2026-07-10T00:01:53Z,1010,15,13,11,1,0,1,1,1,1783641463
2026-07-10T00:01:53Z,1011,4,3,15,0,0,1,1,1,1783640886
2026-07-10T00:01:53Z,1012,1,1,21,1,0,1,1,1,1783641131
2026-07-10T00:01:53Z,1013,4,2,18,1,0,1,1,1,1783641199
2026-07-10T00:01:53Z,1014,12,5,11,0,0,1,1,1,1783641140
2026-07-10T00:01:53Z,1015,7,2,23,1,0,1,1,1,1783641558
2026-07-10T00:01:53Z,1016,18,6,12,1,0,1,1,1,1783641625
2026-07-10T00:01:53Z,1017,9,1,11,1,0,1,1,1,1783641021
2026-07-10T00:01:53Z,1018,5,5,15,1,0,1,1,1,1783641084
2026-07-10T00:01:53Z,1019,13,1,1,1,0,1,1,1,1783640648
2026-07-10T00:01:53Z,1020,16,0,5,0,0,1,1,1,1783641006
2026-07-10T00:01:53Z,1021,9,3,4,2,0,1,1,1,1783640743
2026-07-10T00:01:53Z,1022,12,1,15,0,0,1,1,1,1783641319
2026-07-10T00:01:53Z,1023,13,0,9,1,0,1,1,1,1783636102
2026-07-10T00:01:53Z,1024,5,0,14,0,0,1,1,1,1783640854
2026-07-10T00:01:53Z,1025,13,0,5,1,0,1,1,1,1783640881
2026-07-10T00:01:53Z,1026,9,7,21,1,0,1,1,1,1783641625
2026-07-10T00:01:53Z,1028,16,4,7,0,0,1,1,1,1783641226
2026-07-10T00:01:53Z,1029,12,10,2,1,0,1,1,1,1783640812
2026-07-10T00:01:53Z,1030,19,5,4,0,0,1,1,1,1783641284
2026-07-10T00:01:53Z,1031,1,1,17,1,0,1,1,1,1783640910
2026-07-10T00:01:53Z,1032,8,1,9,2,0,1,1,1,1783640907
2026-07-10T00:01:53Z,1033,17,5,2,0,0,1,1,1,1783641010
2026-07-10T00:01:53Z,1034,11,0,4,0,0,1,1,1,1783640666
2026-07-10T00:01:53Z,1035,7,1,11,1,0,1,1,1,1783640869
2026-07-10T00:01:53Z,1036,12,3,3,0,0,1,1,1,1783640754
2026-07-10T00:01:53Z,1037,3,0,15,1,0,1,1,1,1783640891
2026-07-10T00:01:53Z,1038,1,1,14,0,0,1,1,1,1783640636
2026-07-10T00:01:53Z,1039,12,5,7,0,0,1,1,1,1783640957
2026-07-10T00:01:53Z,1040,0,0,18,1,0,1,1,1,1783640935
2026-07-10T00:01:53Z,1041,2,0,17,0,0,1,1,1,1783640878
2026-07-10T00:01:53Z,1042,10,2,4,1,0,1,1,1,1783640665
2026-07-10T00:01:53Z,1043,6,4,13,0,0,1,1,1,1783640933
2026-07-10T00:01:53Z,1044,1,1,14,0,0,1,1,1,1783640621
2026-07-10T00:01:53Z,1045,0,0,19,0,0,1,1,1,1783640872
2026-07-10T00:01:53Z,1046,9,1,3,3,0,1,1,1,1783640646
2026-07-10T00:01:53Z,1047,2,0,16,3,0,1,1,1,1783640960
2026-07-10T00:01:53Z,1048,14,0,5,0,0,1,1,1,1783640847
2026-07-10T00:01:53Z,1049,6,2,15,0,0,1,1,1,1783641064
2026-07-10T00:01:53Z,1050,13,1,7,1,0,1,1,1,1783641068
2026-07-10T00:01:53Z,1051,18,2,3,0,0,1,1,1,1783641056
2026-07-10T00:01:53Z,1052,11,2,11,0,0,1,1,1,1783641098
2026-07-10T00:01:53Z,1053,3,1,12,0,0,1,1,1,1783635252
2026-07-10T00:01:53Z,1054,10,1,5,0,0,1,1,1,1783640669
2026-07-10T00:01:53Z,1055,8,0,11,0,0,1,1,1,1783640879
2026-07-10T00:01:53Z,1057,19,0,0,0,0,1,1,1,1783641379
2026-07-10T00:01:53Z,1058,41,1,14,1,0,1,1,1,1783641137
2026-07-10T00:01:53Z,1059,10,1,9,0,0,1,1,1,1783640706
2026-07-10T00:01:53Z,1060,10,4,27,0,0,1,1,1,1783641558
2026-07-10T00:01:53Z,1061,35,0,2,0,0,1,1,1,1783640091
2026-07-10T00:01:53Z,1062,16,0,1,0,0,1,1,1,1783640516
2026-07-10T00:01:53Z,1063,13,3,5,1,0,1,1,1,1783640898
2026-07-10T00:01:53Z,1064,10,3,13,0,0,1,1,1,1783641129
2026-07-10T00:01:53Z,1065,11,2,11,1,0,1,1,1,1783641182
2026-07-10T00:01:53Z,1066,13,3,8,2,0,1,1,1,1783641237
2026-07-10T00:01:53Z,1067,7,0,16,0,0,1,1,1,1783641136
2026-07-10T00:01:53Z,1068,14,2,8,1,0,1,1,1,1783640755
2026-07-10T00:01:53Z,1069,4,1,19,0,0,1,1,1,1783641147
2026-07-10T00:01:53Z,1070,3,0,15,5,0,1,1,1,1783641171
2026-07-10T00:01:53Z,1071,1,0,22,0,0,1,1,1,1783641115
2026-07-10T00:01:53Z,1072,12,1,8,3,0,1,1,1,1783641246
2026-07-10T00:01:53Z,1073,7,1,19,1,0,1,1,1,1783641452
2026-07-10T00:01:53Z,1074,51,3,0,2,0,1,1,1,1783641346
2026-07-10T00:01:53Z,1075,6,5,15,0,0,1,1,1,1783641075
2026-07-10T00:01:53Z,1076,10,9,11,0,0,1,1,1,1783641108
2026-07-10T00:01:53Z,1077,11,7,10,0,0,1,1,1,1783641510
2026-07-10T00:01:53Z,1078,7,4,14,0,0,1,1,1,1783640773
2026-07-10T00:01:53Z,1079,14,12,7,0,0,1,1,1,1783641118
2026-07-10T00:01:53Z,1080,10,8,11,0,0,1,1,1,1783641198
2026-07-10T00:01:53Z,1081,15,11,4,0,0,1,1,1,1783640795
2026-07-10T00:01:53Z,1082,10,8,12,1,0,1,1,1,1783641500
2026-07-10T00:01:53Z,1083,9,7,12,0,0,1,1,1,1783641125
2026-07-10T00:01:53Z,1084,9,7,12,0,0,1,1,1,1783641220
2026-07-10T00:01:53Z,1085,10,6,10,1,0,1,1,1,1783641467
2026-07-10T00:01:53Z,1086,12,11,9,0,0,1,1,1,1783640487
2026-07-10T00:01:53Z,1087,7,7,8,0,0,1,1,1,1783641555
2026-07-10T00:01:53Z,1088,7,5,8,0,0,1,1,1,1783640852
2026-07-10T00:01:53Z,1089,6,6,9,0,0,1,1,1,1783641481
2026-07-10T00:01:53Z,1090,10,8,5,0,0,1,1,1,1783641407
2026-07-10T00:01:53Z,1091,6,4,9,0,0,1,1,1,1783641539
2026-07-10T00:01:53Z,1092,10,9,5,0,0,1,1,1,1783640803
2026-07-10T00:01:53Z,1093,8,8,7,0,0,1,1,1,1783640749
2026-07-10T00:01:53Z,1094,16,13,3,0,0,1,1,1,1783640858
2026-07-10T00:01:53Z,1095,8,7,7,0,0,1,1,1,1783640507
2026-07-10T00:01:53Z,1096,8,6,11,0,0,1,1,1,1783640983
2026-07-10T00:01:53Z,1097,10,8,5,0,0,1,1,1,1783640775
2026-07-10T00:01:53Z,1098,11,8,8,0,0,1,1,1,1783640968
2026-07-10T00:01:53Z,1099,6,4,9,0,0,1,1,1,1783640725
2026-07-10T00:01:53Z,1100,11,6,18,0,0,1,1,1,1783641567
2026-07-10T00:01:53Z,1101,9,4,11,1,0,1,1,1,1783641151
2026-07-10T00:01:53Z,1102,8,5,5,0,0,1,1,1,1783640555
2026-07-10T00:01:53Z,1103,11,6,9,1,0,1,1,1,1783621072
2026-07-10T00:01:53Z,1104,8,4,13,0,0,1,1,1,1783641043
2026-07-10T00:01:53Z,1105,9,4,4,0,0,1,1,1,1783640541
2026-07-10T00:01:53Z,1106,10,5,10,1,0,1,1,1,1783641057
2026-07-10T00:01:53Z,1107,9,4,5,1,0,1,1,1,1783640684
2026-07-10T00:01:53Z,1108,10,4,14,3,0,1,1,1,1783641387
2026-07-10T00:01:53Z,1109,8,5,7,0,0,1,1,1,1783641142
2026-07-10T00:01:53Z,1110,16,6,5,0,0,1,1,1,1783641017
2026-07-10T00:01:53Z,1111,20,3,1,0,0,1,1,1,1783641012
2026-07-10T00:01:53Z,1112,24,1,28,1,0,1,1,1,1783641415
2026-07-10T00:01:53Z,1113,1,0,20,0,0,1,1,1,1783640833
2026-07-10T00:01:53Z,1115,5,0,15,3,0,1,1,1,1783641336
2026-07-10T00:01:53Z,1116,5,0,14,0,0,1,1,1,1783640868
2026-07-10T00:01:53Z,1117,1,1,22,0,0,1,1,1,1783641104
2026-07-10T00:01:53Z,1118,11,0,9,1,0,1,1,1,1783641343
2026-07-10T00:01:53Z,1119,3,0,14,0,0,1,1,1,1783640781
2026-07-10T00:01:53Z,1120,16,2,2,1,0,1,1,1,1783640895
2026-07-10T00:01:53Z,1121,11,1,9,1,0,1,1,1,1783641136
2026-07-10T00:01:53Z,1122,11,3,10,0,0,1,1,1,1783641684
2026-07-10T00:01:53Z,1123,11,1,11,1,0,1,1,1,1783640222
2026-07-10T00:01:53Z,1124,5,0,9,1,0,1,1,1,1783641486
2026-07-10T00:01:53Z,1125,9,0,14,0,0,1,1,1,1783641220
2026-07-10T00:01:53Z,1126,6,0,15,0,0,1,1,1,1783641532
2026-07-10T00:01:53Z,1127,10,1,9,0,0,1,1,1,1783640878
2026-07-10T00:01:53Z,1128,11,4,3,1,0,1,1,1,1783641487
2026-07-10T00:01:53Z,1129,10,1,10,1,0,1,1,1,1783641020
2026-07-10T00:01:53Z,1130,5,0,10,0,0,1,1,1,1783641283
2026-07-10T00:01:53Z,1131,28,0,20,1,0,1,1,1,1783640815
2026-07-10T00:01:53Z,1132,13,11,8,0,0,1,1,1,1783641660
2026-07-10T00:01:53Z,1133,3,1,15,3,0,1,1,1,1783641539
2026-07-10T00:01:53Z,1134,10,5,9,0,0,1,1,1,1783641058
2026-07-10T00:01:53Z,1135,9,4,12,0,0,1,1,1,1783641059
2026-07-10T00:01:53Z,1136,22,0,1,0,0,1,1,1,1783641142
2026-07-10T00:01:53Z,1137,8,1,7,0,0,1,1,1,1783640657
2026-07-10T00:01:53Z,1138,3,0,16,0,0,1,1,1,1783640900
2026-07-10T00:01:53Z,1139,15,2,6,0,0,1,1,1,1783641041
2026-07-10T00:01:53Z,1140,14,6,7,2,0,1,1,1,1783641508
2026-07-10T00:01:53Z,1141,2,2,18,1,0,1,1,1,1783641042
2026-07-10T00:01:53Z,1142,11,0,9,1,0,1,1,1,1783641165
2026-07-10T00:01:53Z,1143,23,1,6,0,0,1,1,1,1783641567
2026-07-10T00:01:53Z,1144,15,2,5,1,0,1,1,1,1783640997
2026-07-10T00:01:53Z,1145,11,5,8,1,0,1,1,1,1783639966
2026-07-10T00:01:53Z,1146,14,3,4,1,0,1,1,1,1783641508
2026-07-10T00:01:53Z,1147,12,0,7,0,0,1,1,1,1783640874
2026-07-10T00:01:53Z,1148,14,5,15,2,0,1,1,1,1783641677
2026-07-10T00:01:53Z,1149,7,7,18,0,0,1,1,1,1783641404
2026-07-10T00:01:53Z,1150,1,0,18,0,0,1,1,1,1783641046
2026-07-10T00:01:53Z,1151,3,0,17,1,0,1,1,1,1783640952
2026-07-10T00:01:53Z,1152,2,0,25,2,0,1,1,1,1783641440
2026-07-10T00:01:53Z,1153,18,0,4,1,0,1,1,1,1783640944
2026-07-10T00:01:53Z,1154,5,0,12,2,0,1,1,1,1783640695
2026-07-10T00:01:53Z,1155,7,0,12,2,0,1,1,1,1783641098
2026-07-10T00:01:53Z,1158,3,1,15,1,0,1,1,1,1783640888
2026-07-10T00:01:53Z,1159,1,1,17,1,0,1,1,1,1783641583
2026-07-10T00:01:53Z,1160,16,3,2,1,0,1,1,1,1783640363
2026-07-10T00:01:53Z,1161,8,2,11,0,0,1,1,1,1783640947
2026-07-10T00:01:53Z,1162,12,2,6,1,0,1,1,1,1783640936
2026-07-10T00:01:53Z,1163,0,0,19,0,0,1,1,1,1783640865
2026-07-10T00:01:53Z,1164,6,1,13,0,0,1,1,1,1783640858
2026-07-10T00:01:53Z,1165,5,1,16,0,0,1,1,1,1783640978
2026-07-10T00:01:53Z,1166,5,2,14,1,0,1,1,1,1783640958
2026-07-10T00:01:53Z,1167,9,0,5,1,0,1,1,1,1783640659
2026-07-10T00:01:53Z,1168,3,1,20,0,0,1,1,1,1783641188
2026-07-10T00:01:53Z,1169,2,1,16,1,0,1,1,1,1783640875
2026-07-10T00:01:53Z,1170,6,2,13,2,0,1,1,1,1783641059
2026-07-10T00:01:53Z,1171,16,14,7,0,0,1,1,1,1783641361
2026-07-10T00:01:53Z,1172,7,1,5,3,0,1,1,1,1783640693
2026-07-10T00:01:53Z,1173,0,0,18,1,0,1,1,1,1783640879
2026-07-10T00:01:53Z,1174,0,0,14,1,0,1,1,1,1783640645
2026-07-10T00:01:53Z,1175,8,0,11,0,0,1,1,1,1783640825
2026-07-10T00:01:53Z,1176,17,4,4,0,0,1,1,1,1783641046
2026-07-10T00:01:53Z,1177,13,3,8,0,0,1,1,1,1783641041
2026-07-10T00:01:53Z,1178,7,1,8,0,0,1,1,1,1783640428
2026-07-10T00:01:53Z,1181,8,0,6,1,0,1,1,1,1783638565
2026-07-10T00:01:53Z,1182,1,0,19,0,0,1,1,1,1783640939
2026-07-10T00:01:53Z,1183,23,0,14,0,0,1,1,1,1783641701
2026-07-10T00:01:53Z,1184,6,4,14,1,0,1,1,1,1783641567
2026-07-10T00:01:53Z,1185,8,5,13,0,0,1,1,1,1783606587
2026-07-10T00:01:53Z,1186,9,5,9,1,0,1,1,1,1783640920
2026-07-10T00:01:53Z,1188,8,4,7,0,0,1,1,1,1783641496
2026-07-10T00:01:53Z,1189,10,5,9,0,0,1,1,1,1783639937
2026-07-10T00:01:53Z,1190,10,5,11,0,0,1,1,1,1783641037
2026-07-10T00:01:53Z,1191,8,4,6,1,0,1,1,1,1783640291
2026-07-10T00:01:53Z,1192,9,5,12,0,0,1,1,1,1783641104
2026-07-10T00:01:53Z,1193,10,5,2,1,0,1,1,1,1783640513
2026-07-10T00:01:53Z,1197,7,3,9,1,0,1,1,1,1783640589
2026-07-10T00:01:53Z,1198,10,6,10,1,0,1,1,1,1783641075
2026-07-10T00:01:53Z,1199,8,3,11,0,0,1,1,1,1783640876
2026-07-10T00:01:53Z,1200,9,5,6,0,0,1,1,1,1783639996
2026-07-10T00:01:53Z,1201,10,5,5,0,0,1,1,1,1783640022
2026-07-10T00:01:53Z,1202,9,5,6,0,0,1,1,1,1783639990
2026-07-10T00:01:53Z,1203,10,5,5,0,0,1,1,1,1783640019
2026-07-10T00:01:53Z,1218,8,3,12,1,0,1,1,1,1783641010
2026-07-10T00:01:53Z,1222,17,1,12,0,0,1,1,1,1783641169
2026-07-10T00:01:53Z,1223,17,1,12,0,0,1,1,1,1783641392
2026-07-10T00:01:53Z,1226,0,0,3,0,0,0,1,1,1781868931
2026-07-10T00:06:53Z,1,7,5,16,0,0,1,1,1,1783641465
2026-07-10T00:06:53Z,2,13,4,14,0,0,1,1,1,1783641611
2026-07-10T00:06:53Z,3,4,1,14,0,0,1,1,1,1783641178
2026-07-10T00:06:53Z,4,23,0,0,0,0,1,1,1,1783638718
2026-07-10T00:06:53Z,5,17,10,3,3,0,1,1,1,1783641787
2026-07-10T00:06:53Z,6,15,0,0,0,0,1,1,1,1783640399
2026-07-10T00:06:53Z,7,6,0,17,0,0,1,1,1,1783641552
2026-07-10T00:06:53Z,8,8,5,35,0,0,1,1,1,1783640851
2026-07-10T00:06:53Z,9,9,2,13,1,0,1,1,1,1783640442
2026-07-10T00:06:53Z,10,9,3,14,0,0,1,1,1,1783640892
2026-07-10T00:06:53Z,11,6,0,13,0,0,1,1,1,1783640647
2026-07-10T00:06:53Z,12,14,9,9,0,0,1,1,1,1783641584
2026-07-10T00:06:53Z,13,20,3,10,0,0,1,1,1,1783640542
2026-07-10T00:06:53Z,14,6,0,37,0,0,1,1,1,1783641800
2026-07-10T00:06:53Z,15,5,0,9,1,0,1,1,1,1783640326
2026-07-10T00:06:53Z,16,3,1,23,1,0,1,1,1,1783640062
2026-07-10T00:06:53Z,17,10,1,16,1,0,1,1,1,1783641409
2026-07-10T00:06:53Z,18,4,1,15,0,0,1,1,1,1783641729
2026-07-10T00:06:53Z,19,15,1,12,0,0,1,1,1,1783641610
2026-07-10T00:06:53Z,20,8,0,19,0,0,1,1,1,1783641379
2026-07-10T00:06:53Z,21,2,2,16,1,0,1,1,1,1783641930
2026-07-10T00:06:53Z,22,40,0,25,2,0,1,1,1,1783641700
2026-07-10T00:06:53Z,23,22,11,9,0,0,1,1,1,1783640918
2026-07-10T00:06:53Z,24,7,2,3,1,0,1,1,1,1783642005
2026-07-10T00:06:53Z,25,71,0,4,6,0,1,1,1,1783641885
2026-07-10T00:06:53Z,26,6,4,21,0,0,1,1,1,1783638633
2026-07-10T00:06:53Z,28,9,0,6,0,0,1,1,1,1783640674
2026-07-10T00:06:53Z,30,14,2,15,0,0,1,1,1,1783641445
2026-07-10T00:06:53Z,31,15,3,4,0,0,1,1,1,1783641261
2026-07-10T00:06:53Z,32,21,3,6,0,0,1,1,1,1783641950
2026-07-10T00:06:53Z,34,29,0,8,0,0,1,1,1,1783640563
2026-07-10T00:06:53Z,35,24,0,20,3,0,1,1,1,1783641766
2026-07-10T00:06:53Z,36,0,0,0,0,0,0,1,1,86400
2026-07-10T00:06:53Z,37,18,0,5,0,0,1,1,1,1783641850
2026-07-10T00:06:53Z,38,4,0,19,0,0,1,1,1,1783641257
2026-07-10T00:06:53Z,39,6,0,25,0,0,1,1,1,1783641479
2026-07-10T00:06:53Z,40,18,0,3,0,0,1,1,1,1783639762
2026-07-10T00:06:53Z,41,1,1,26,0,0,1,1,1,1783640508
2026-07-10T00:06:53Z,42,26,0,3,2,0,1,1,1,1783641749
2026-07-10T00:06:53Z,43,20,2,3,0,0,1,1,1,1783641344
2026-07-10T00:06:53Z,45,9,0,19,3,0,1,1,1,1783641990
2026-07-10T00:06:53Z,46,7,1,22,1,1,1,1,1,1783640745
2026-07-10T00:06:53Z,47,14,1,1,0,0,1,1,1,1783639427
2026-07-10T00:06:53Z,48,17,0,10,0,0,1,1,1,1783638925
2026-07-10T00:06:53Z,49,3,1,17,3,0,1,1,1,1783642003
2026-07-10T00:06:53Z,50,9,0,10,0,0,1,1,1,1783641073
2026-07-10T00:06:53Z,51,64,0,13,1,0,1,1,1,1783638218
2026-07-10T00:06:53Z,52,25,1,0,2,0,1,1,1,1783640618
2026-07-10T00:06:53Z,55,2,2,17,2,1,1,1,1,1783641807
2026-07-10T00:06:53Z,56,5,0,22,0,0,1,1,1,1783641288
2026-07-10T00:06:53Z,57,5,1,22,0,0,1,1,1,1783641976
2026-07-10T00:06:53Z,58,1,0,27,0,0,1,1,1,1783641270
2026-07-10T00:06:53Z,59,2,2,24,1,0,1,1,1,1783641021
2026-07-10T00:06:53Z,61,19,1,19,1,0,1,1,1,1783641511
2026-07-10T00:06:53Z,62,23,14,25,1,0,1,1,1,1783641088
2026-07-10T00:06:53Z,63,5,3,14,0,0,1,1,1,1783640571
2026-07-10T00:06:53Z,64,9,0,9,1,0,1,1,1,1783639495
2026-07-10T00:06:53Z,65,4,3,12,3,0,1,1,1,1783640223
2026-07-10T00:06:53Z,67,7,2,32,0,0,1,1,1,1783641708
2026-07-10T00:06:53Z,68,14,0,21,2,0,1,1,1,1783640766
2026-07-10T00:06:53Z,69,8,0,6,0,1,1,1,1,1783639379
2026-07-10T00:06:53Z,71,5,1,21,1,0,1,1,1,1783641833
2026-07-10T00:06:53Z,72,6,3,25,0,0,1,1,1,1783640934
2026-07-10T00:06:53Z,73,18,1,5,0,0,1,1,1,1783641136
2026-07-10T00:06:53Z,74,4,2,15,0,0,1,1,1,1783641689
2026-07-10T00:06:53Z,75,5,1,30,0,0,1,1,1,1783639593
2026-07-10T00:06:53Z,76,6,0,11,2,0,1,1,1,1783639839
2026-07-10T00:06:53Z,77,4,0,22,1,0,1,1,1,1783641916
2026-07-10T00:06:53Z,78,13,9,10,0,0,1,1,1,1783641599
2026-07-10T00:06:53Z,79,1,0,16,0,0,1,1,1,1783641430
2026-07-10T00:06:53Z,80,17,1,4,2,0,1,1,1,1783641877
2026-07-10T00:06:53Z,81,18,0,4,9,0,1,1,1,1783641940
2026-07-10T00:06:53Z,82,8,7,15,0,0,1,1,1,1783640750
2026-07-10T00:06:53Z,83,18,2,12,4,0,1,1,1,1783641849
2026-07-10T00:06:53Z,84,26,0,1,0,0,1,1,1,1783641811
2026-07-10T00:06:53Z,85,5,1,8,1,0,1,1,1,1783641039
2026-07-10T00:06:53Z,86,12,1,14,1,0,1,1,1,1783641080
2026-07-10T00:06:53Z,87,12,0,7,0,0,1,1,1,1783641262
2026-07-10T00:06:53Z,88,31,0,0,0,0,1,1,1,1783640770
2026-07-10T00:06:53Z,89,34,3,1,0,0,1,1,1,1783640817
2026-07-10T00:06:53Z,90,11,1,6,2,0,1,1,1,1783641920
2026-07-10T00:06:53Z,91,11,0,5,1,0,1,1,1,1783641357
2026-07-10T00:06:53Z,92,6,0,11,2,0,1,1,1,1783641760
2026-07-10T00:06:53Z,93,16,1,7,0,0,1,1,1,1783641158
2026-07-10T00:06:53Z,94,11,0,8,0,0,1,1,1,1783641897
2026-07-10T00:06:53Z,95,19,5,14,1,1,1,1,1,1783641951
2026-07-10T00:06:53Z,96,24,3,6,1,0,1,1,1,1783641796
2026-07-10T00:06:53Z,97,1,0,16,0,0,1,1,1,1783641985
2026-07-10T00:06:53Z,98,31,2,3,1,0,1,1,1,1783641349
2026-07-10T00:06:53Z,99,3,0,11,0,0,1,1,1,1783639997
2026-07-10T00:06:53Z,100,12,2,14,1,0,1,1,1,1783640173
2026-07-10T00:06:53Z,101,3,0,11,1,0,1,1,1,1783641926
2026-07-10T00:06:53Z,102,12,0,11,0,0,1,1,1,1783641480
2026-07-10T00:06:53Z,103,11,0,17,4,0,1,1,1,1783641697
2026-07-10T00:06:53Z,104,13,1,12,2,0,1,1,1,1783641875
2026-07-10T00:06:53Z,105,14,0,5,0,0,1,1,1,1783622293
2026-07-10T00:06:53Z,106,17,5,3,1,0,1,1,1,1783639187
2026-07-10T00:06:53Z,107,0,0,36,1,0,1,1,1,1783640483
2026-07-10T00:06:53Z,108,9,0,24,1,1,1,1,1,1783641394
2026-07-10T00:06:53Z,109,5,3,18,0,0,1,1,1,1783642004
2026-07-10T00:06:53Z,110,15,0,8,0,0,1,1,1,1783640824
2026-07-10T00:06:53Z,111,26,1,9,1,0,1,1,1,1783640819
2026-07-10T00:06:53Z,112,16,0,2,1,0,1,1,1,1783641075
2026-07-10T00:06:53Z,113,10,0,9,0,0,1,1,1,1783641860
2026-07-10T00:06:53Z,114,2,2,25,4,0,1,1,1,1783641957
2026-07-10T00:06:53Z,115,3,3,20,3,0,1,1,1,1783641960
2026-07-10T00:06:53Z,116,3,1,24,0,0,1,1,1,1783640085
2026-07-10T00:06:53Z,118,2,1,20,1,0,1,1,1,1783639141
2026-07-10T00:06:53Z,119,6,1,30,2,0,1,1,1,1783641381
2026-07-10T00:06:53Z,120,12,1,13,2,0,1,1,1,1783641335
2026-07-10T00:06:53Z,121,9,1,9,0,1,1,1,1,1783641977
2026-07-10T00:06:53Z,122,3,1,17,1,0,1,1,1,1783641852
2026-07-10T00:06:53Z,123,0,0,47,0,0,1,1,1,1783638275
2026-07-10T00:06:53Z,124,18,2,8,1,0,1,1,1,1783641690
2026-07-10T00:06:53Z,125,1,0,20,2,0,1,1,1,1783641821
2026-07-10T00:06:53Z,126,23,0,8,0,0,1,1,1,1783641667
2026-07-10T00:06:53Z,127,16,3,11,0,0,1,1,1,1783641078
2026-07-10T00:06:53Z,128,5,1,14,0,0,1,1,1,1783641315
2026-07-10T00:06:53Z,129,9,1,8,2,0,1,1,1,1783640174
2026-07-10T00:06:53Z,130,12,1,4,1,0,1,1,1,1783642003
2026-07-10T00:06:53Z,131,2,1,9,0,0,1,1,1,1783641603
2026-07-10T00:06:53Z,132,0,0,14,0,1,1,1,1,1783637236
2026-07-10T00:06:53Z,133,3,1,20,0,0,1,1,1,1783641425
2026-07-10T00:06:53Z,134,2,0,21,0,0,1,1,1,1783641656
2026-07-10T00:06:53Z,135,6,1,13,0,0,1,1,1,1783640869
2026-07-10T00:06:53Z,136,10,1,12,0,0,1,1,1,1783640668
2026-07-10T00:06:53Z,137,12,2,6,1,0,1,1,1,1783641713
2026-07-10T00:06:53Z,138,18,0,19,0,0,1,1,1,1783641982
2026-07-10T00:06:53Z,139,18,5,1,0,0,1,1,1,1783641817
2026-07-10T00:06:53Z,140,19,1,3,1,0,1,1,1,1783642002
2026-07-10T00:06:53Z,141,9,0,14,1,1,1,1,1,1783641979
2026-07-10T00:06:53Z,142,10,2,9,0,0,1,1,1,1783641733
2026-07-10T00:06:53Z,143,26,0,0,5,0,1,1,1,1783641967
2026-07-10T00:06:53Z,144,21,2,6,0,0,1,1,1,1783641251
2026-07-10T00:06:53Z,145,26,2,3,2,0,1,1,1,1783641850
2026-07-10T00:06:53Z,146,13,1,10,0,0,1,1,1,1783641928
2026-07-10T00:06:53Z,147,3,2,15,1,0,1,1,1,1783639436
2026-07-10T00:06:53Z,148,4,2,22,1,0,1,1,1,1783641979
2026-07-10T00:06:53Z,149,2,2,17,0,0,1,1,1,1783641401
2026-07-10T00:06:53Z,150,7,2,25,3,0,1,1,1,1783641994
2026-07-10T00:06:53Z,151,11,2,11,1,0,1,1,1,1783641784
2026-07-10T00:06:53Z,152,23,1,3,0,0,1,1,1,1783641602
2026-07-10T00:06:53Z,153,16,4,7,0,0,1,1,1,1783641843
2026-07-10T00:06:53Z,154,13,0,6,4,0,1,1,1,1783641986
2026-07-10T00:06:53Z,155,1,1,11,2,0,1,1,1,1783642002
2026-07-10T00:06:53Z,156,2,2,17,0,0,1,1,1,1783641679
2026-07-10T00:06:53Z,157,23,8,1,3,0,1,1,1,1783641917
2026-07-10T00:06:53Z,158,10,2,8,1,0,1,1,1,1783641967
2026-07-10T00:06:53Z,159,3,1,16,0,0,1,1,1,1783641504
2026-07-10T00:06:53Z,160,12,1,6,1,0,1,1,1,1783641953
2026-07-10T00:06:53Z,161,17,3,5,0,0,1,1,1,1783641952
2026-07-10T00:06:53Z,162,21,3,5,1,0,1,1,1,1783641558
2026-07-10T00:06:53Z,163,16,3,15,0,0,1,1,1,1783641955
2026-07-10T00:06:53Z,164,25,3,2,0,0,1,1,1,1783641941
2026-07-10T00:06:53Z,165,25,0,5,1,0,1,1,1,1783641989
2026-07-10T00:06:53Z,166,21,1,16,2,0,1,1,1,1783640698
2026-07-10T00:06:53Z,167,13,9,8,2,0,1,1,1,1783640935
2026-07-10T00:06:53Z,168,12,0,13,2,0,1,1,1,1783642001
2026-07-10T00:06:53Z,169,5,0,12,5,1,1,1,1,1783641942
2026-07-10T00:06:53Z,170,18,1,0,1,0,1,1,1,1783641966
2026-07-10T00:06:53Z,171,5,4,6,2,0,1,1,1,1783641762
2026-07-10T00:06:53Z,173,6,6,33,0,0,1,1,1,1783642002
2026-07-10T00:06:53Z,174,19,6,5,1,0,1,1,1,1783641261
2026-07-10T00:06:53Z,175,28,0,2,1,0,1,1,1,1783641602
2026-07-10T00:06:53Z,176,12,2,2,1,0,1,1,1,1783642001
2026-07-10T00:06:53Z,177,21,2,2,4,0,1,1,1,1783641879
2026-07-10T00:06:53Z,178,13,1,0,2,0,1,1,1,1783641978
2026-07-10T00:06:53Z,179,6,4,8,1,0,1,1,1,1783641859
2026-07-10T00:06:53Z,180,22,0,7,1,0,1,1,1,1783638449
2026-07-10T00:06:53Z,181,6,3,9,0,0,1,1,1,1783641979
2026-07-10T00:06:53Z,182,11,6,8,0,0,1,1,1,1783641875
2026-07-10T00:06:53Z,183,15,3,6,2,0,1,1,1,1783641727
2026-07-10T00:06:53Z,184,8,0,11,4,0,1,1,1,1783641148
2026-07-10T00:06:53Z,185,8,2,1,5,1,1,1,1,1783640410
2026-07-10T00:06:53Z,186,19,1,0,0,0,1,1,1,1783641195
2026-07-10T00:06:53Z,187,23,0,4,2,0,1,1,1,1783641931
2026-07-10T00:06:53Z,188,24,6,0,3,0,1,1,1,1783641497
2026-07-10T00:06:53Z,189,8,3,7,0,0,1,1,1,1783640992
2026-07-10T00:06:53Z,190,9,1,14,0,0,1,1,1,1783641928
2026-07-10T00:06:53Z,191,23,0,14,2,0,1,1,1,1783641901
2026-07-10T00:06:53Z,192,16,6,15,0,0,1,1,1,1783641975
2026-07-10T00:06:53Z,193,11,3,3,1,0,1,1,1,1783641793
2026-07-10T00:06:53Z,194,11,0,4,0,0,1,1,1,1783641705
2026-07-10T00:06:53Z,195,13,0,6,0,0,1,1,1,1783641903
2026-07-10T00:06:53Z,196,11,8,15,1,0,1,1,1,1783641887
2026-07-10T00:06:53Z,197,0,0,17,1,1,1,1,1,1783639406
2026-07-10T00:06:53Z,198,2,1,19,2,0,1,1,1,1783640982
2026-07-10T00:06:53Z,199,1,0,13,1,0,1,1,1,1783641057
2026-07-10T00:06:53Z,200,17,5,7,2,0,1,1,1,1783642000
2026-07-10T00:06:53Z,201,3,0,20,0,0,1,1,1,1783641148
2026-07-10T00:06:53Z,202,23,1,4,0,0,1,1,1,1783641258
2026-07-10T00:06:53Z,203,22,1,8,1,0,1,1,1,1783641859
2026-07-10T00:06:53Z,204,21,0,13,1,0,1,1,1,1783641930
2026-07-10T00:06:53Z,205,6,1,21,0,0,1,1,1,1783641309
2026-07-10T00:06:53Z,206,3,3,9,3,0,1,1,1,1783639930
2026-07-10T00:06:53Z,207,7,3,12,2,0,1,1,1,1783640804
2026-07-10T00:06:53Z,208,4,1,24,1,0,1,1,1,1783640820
2026-07-10T00:06:53Z,209,30,3,0,0,1,1,1,1,1783641808
2026-07-10T00:06:53Z,210,17,3,9,1,0,1,1,1,1783641098
2026-07-10T00:06:53Z,211,8,4,14,1,0,1,1,1,1783641556
2026-07-10T00:06:53Z,212,25,0,10,0,0,1,1,1,1783640407
2026-07-10T00:06:53Z,213,16,1,7,0,0,1,1,1,1783640425
2026-07-10T00:06:53Z,214,38,11,7,2,0,1,1,1,1783641743
2026-07-10T00:06:53Z,215,12,4,11,0,0,1,1,1,1783641093
2026-07-10T00:06:53Z,216,15,2,4,0,0,1,1,1,1783641575
2026-07-10T00:06:53Z,217,12,4,15,2,0,1,1,1,1783642005
2026-07-10T00:06:53Z,218,13,7,25,1,0,1,1,1,1783641714
2026-07-10T00:06:53Z,219,0,0,3,0,0,0,1,1,1783102064
2026-07-10T00:06:53Z,220,26,3,17,0,0,1,1,1,1783641955
2026-07-10T00:06:53Z,221,10,6,3,1,0,1,1,1,1783641827
2026-07-10T00:06:53Z,222,18,10,1,0,0,1,1,1,1783642005
2026-07-10T00:06:53Z,223,18,9,15,2,0,1,1,1,1783641998
2026-07-10T00:06:53Z,224,2,1,20,0,0,1,1,1,1783641193
2026-07-10T00:06:53Z,225,3,0,13,3,0,1,1,1,1783641290
2026-07-10T00:06:53Z,226,13,13,17,1,0,1,1,1,1783640556
2026-07-10T00:06:53Z,227,12,9,13,2,0,1,1,1,1783641228
2026-07-10T00:06:53Z,228,7,7,12,0,0,1,1,1,1783641725
2026-07-10T00:06:53Z,230,7,1,16,0,0,1,1,1,1783641883
2026-07-10T00:06:53Z,232,8,2,9,2,0,1,1,1,1783641947
2026-07-10T00:06:53Z,233,11,6,19,1,0,1,1,1,1783641218
2026-07-10T00:06:53Z,234,9,5,7,3,0,1,1,1,1783641869
2026-07-10T00:06:53Z,236,3,3,16,0,0,1,1,1,1783640229
2026-07-10T00:06:53Z,237,16,1,6,1,0,1,1,1,1783641286
2026-07-10T00:06:53Z,239,25,19,0,2,0,1,1,1,1783641338
2026-07-10T00:06:53Z,241,4,0,19,0,0,1,1,1,1783638362
2026-07-10T00:06:53Z,242,1,1,21,1,0,1,1,1,1783640571
2026-07-10T00:06:53Z,243,7,3,21,3,0,1,1,1,1783641009
2026-07-10T00:06:53Z,244,5,4,21,1,0,1,1,1,1783641986
2026-07-10T00:06:53Z,245,14,1,9,0,0,1,1,1,1783641440
2026-07-10T00:06:53Z,246,2,2,21,0,0,1,1,1,1783639508
2026-07-10T00:06:53Z,247,15,2,8,0,0,1,1,1,1783639174
2026-07-10T00:06:53Z,248,6,6,14,3,0,1,1,1,1783641846
2026-07-10T00:06:53Z,249,3,0,16,0,0,1,1,1,1783641841
2026-07-10T00:06:53Z,250,10,4,16,1,0,1,1,1,1783641215
2026-07-10T00:06:53Z,251,6,3,21,0,0,1,1,1,1783641195
2026-07-10T00:06:53Z,253,12,2,7,0,0,1,1,1,1783641967
2026-07-10T00:06:53Z,254,26,20,12,5,0,1,1,1,1783641759
2026-07-10T00:06:53Z,255,19,4,4,0,0,1,1,1,1783641809
2026-07-10T00:06:53Z,256,14,4,8,1,0,1,1,1,1783641638
2026-07-10T00:06:53Z,257,14,6,5,0,0,1,1,1,1783640801
2026-07-10T00:06:53Z,258,9,6,8,2,0,1,1,1,1783639857
2026-07-10T00:06:53Z,259,5,4,16,2,0,1,1,1,1783640733
2026-07-10T00:06:53Z,260,9,5,9,1,0,1,1,1,1783640989
2026-07-10T00:06:53Z,261,6,2,12,1,0,1,1,1,1783641172
2026-07-10T00:06:53Z,262,15,2,7,1,0,1,1,1,1783641883
2026-07-10T00:06:53Z,263,4,2,11,0,0,1,1,1,1783641850
2026-07-10T00:06:53Z,264,8,3,11,0,0,1,1,1,1783641778
2026-07-10T00:06:53Z,265,14,0,1,0,0,1,1,1,1783641821
2026-07-10T00:06:53Z,266,15,1,4,0,0,1,1,1,1783641661
2026-07-10T00:06:53Z,267,12,1,1,2,0,1,1,1,1783626571
2026-07-10T00:06:53Z,268,6,3,16,1,0,1,1,1,1783641244
2026-07-10T00:06:53Z,269,8,2,15,0,0,1,1,1,1783638953
2026-07-10T00:06:53Z,270,5,0,21,1,0,1,1,1,1783641981
2026-07-10T00:06:53Z,271,2,0,14,2,1,1,1,1,1783641853
2026-07-10T00:06:53Z,272,8,1,13,2,0,1,1,1,1783641934
2026-07-10T00:06:53Z,273,3,3,12,0,0,1,1,1,1783640101
2026-07-10T00:06:53Z,274,13,2,5,1,0,1,1,1,1783640308
2026-07-10T00:06:53Z,275,20,2,3,0,0,1,1,1,1783640403
2026-07-10T00:06:53Z,276,20,1,6,0,1,1,1,1,1783639693
2026-07-10T00:06:53Z,277,1,1,19,3,0,1,1,1,1783642005
2026-07-10T00:06:53Z,278,25,3,3,2,1,1,1,1,1783641955
2026-07-10T00:06:53Z,279,8,4,11,0,0,1,1,1,1783641736
2026-07-10T00:06:53Z,280,11,1,18,2,0,1,1,1,1783641816
2026-07-10T00:06:53Z,281,22,1,1,0,0,1,1,1,1783641959
2026-07-10T00:06:53Z,282,15,3,4,0,0,1,1,1,1783633282
2026-07-10T00:06:53Z,283,19,3,14,2,0,1,1,1,1783641493
2026-07-10T00:06:53Z,284,30,3,5,0,0,1,1,1,1783638636
2026-07-10T00:06:53Z,285,2,1,21,0,0,1,1,1,1783638638
2026-07-10T00:06:53Z,286,13,11,8,2,0,1,1,1,1783640195
2026-07-10T00:06:53Z,287,18,2,4,1,0,1,1,1,1783641043
2026-07-10T00:06:53Z,288,2,1,15,2,0,1,1,1,1783640890
2026-07-10T00:06:53Z,289,25,8,1,1,0,1,1,1,1783640417
2026-07-10T00:06:53Z,290,10,0,27,2,0,1,1,1,1783641099
2026-07-10T00:06:53Z,291,6,0,17,0,0,1,1,1,1783641614
2026-07-10T00:06:53Z,292,10,0,13,0,0,1,1,1,1783641832
2026-07-10T00:06:53Z,293,9,1,13,1,0,1,1,1,1783641742
2026-07-10T00:06:53Z,294,11,9,10,1,0,1,1,1,1783641927
2026-07-10T00:06:53Z,297,15,0,3,1,0,1,1,1,1783641912
2026-07-10T00:06:53Z,301,16,0,2,1,0,1,1,1,1783640897
2026-07-10T00:06:53Z,302,22,0,0,1,0,1,1,1,1783639078
2026-07-10T00:06:53Z,303,8,1,10,1,0,1,1,1,1783641452
2026-07-10T00:06:53Z,304,0,0,0,0,0,0,1,1,86400
2026-07-10T00:06:53Z,305,3,1,16,0,0,1,1,1,1783640914
2026-07-10T00:06:53Z,306,1,0,31,0,0,1,1,1,1783636308
2026-07-10T00:06:53Z,307,10,0,12,1,0,1,1,1,1783641928
2026-07-10T00:06:53Z,308,3,0,16,0,0,1,1,1,1783641946
2026-07-10T00:06:53Z,309,2,1,10,1,0,1,1,1,1783640766
2026-07-10T00:06:53Z,311,1,0,14,0,0,1,1,1,1783641033
2026-07-10T00:06:53Z,312,6,4,13,3,1,1,1,1,1783638971
2026-07-10T00:06:53Z,313,3,0,12,0,0,1,1,1,1783637889
2026-07-10T00:06:53Z,314,17,2,0,2,0,1,1,1,1783641869
2026-07-10T00:06:53Z,315,0,0,31,0,0,0,1,1,1783017696
2026-07-10T00:06:53Z,316,15,0,0,0,0,1,1,1,1783641107
2026-07-10T00:06:53Z,317,8,7,20,3,0,1,1,1,1783640245
2026-07-10T00:06:53Z,318,8,2,9,0,0,1,1,1,1783636387
2026-07-10T00:06:53Z,319,1,0,26,0,0,1,1,1,1783640990
2026-07-10T00:06:53Z,320,12,0,6,1,0,1,1,1,1783641959
2026-07-10T00:06:53Z,321,12,1,5,2,0,1,1,1,1783637760
2026-07-10T00:06:53Z,322,20,0,9,0,0,1,1,1,1783641872
2026-07-10T00:06:53Z,323,13,0,5,1,0,1,1,1,1783639917
2026-07-10T00:06:53Z,324,2,1,24,1,0,1,1,1,1783641923
2026-07-10T00:06:53Z,325,2,1,23,2,0,1,1,1,1783641392
2026-07-10T00:06:53Z,327,9,1,16,0,2,1,1,1,1783641267
2026-07-10T00:06:53Z,328,12,1,10,0,1,1,1,1,1783641833
2026-07-10T00:06:53Z,329,11,1,7,1,0,1,1,1,1783640867
2026-07-10T00:06:53Z,330,16,0,6,0,0,1,1,1,1783641219
2026-07-10T00:06:53Z,331,9,0,14,0,0,1,1,1,1783641349
2026-07-10T00:06:53Z,332,14,0,3,2,0,1,1,1,1783640887
2026-07-10T00:06:53Z,333,1,0,21,1,0,1,1,1,1783641356
2026-07-10T00:06:53Z,334,4,2,19,0,0,1,1,1,1783641776
2026-07-10T00:06:53Z,335,5,1,17,1,0,1,1,1,1783640993
2026-07-10T00:06:53Z,336,11,3,8,0,0,1,1,1,1783641977
2026-07-10T00:06:53Z,337,15,0,4,4,0,1,1,1,1783641983
2026-07-10T00:06:53Z,338,7,3,12,0,0,1,1,1,1783640622
2026-07-10T00:06:53Z,339,0,0,23,0,0,1,1,1,1783641415
2026-07-10T00:06:53Z,340,8,1,5,2,0,1,1,1,1783641955
2026-07-10T00:06:53Z,341,4,0,14,1,0,1,1,1,1783641418
2026-07-10T00:06:53Z,342,5,3,10,0,0,1,1,1,1783641113
2026-07-10T00:06:53Z,343,3,1,20,0,0,1,1,1,1783641366
2026-07-10T00:06:53Z,344,4,1,17,2,0,1,1,1,1783640931
2026-07-10T00:06:53Z,345,10,2,8,1,0,1,1,1,1783640676
2026-07-10T00:06:53Z,346,3,1,20,0,0,1,1,1,1783640513
2026-07-10T00:06:53Z,347,8,3,38,1,0,1,1,1,1783641999
2026-07-10T00:06:53Z,348,19,4,3,1,0,1,1,1,1783641893
2026-07-10T00:06:53Z,349,6,0,11,2,0,1,1,1,1783641954
2026-07-10T00:06:53Z,350,7,0,18,1,1,1,1,1,1783641556
2026-07-10T00:06:53Z,351,12,0,9,2,0,1,1,1,1783641914
2026-07-10T00:06:53Z,355,1,1,21,1,0,1,1,1,1783640220
2026-07-10T00:06:53Z,356,3,2,16,0,0,1,1,1,1783638303
2026-07-10T00:06:53Z,357,5,3,14,0,0,1,1,1,1783640213
2026-07-10T00:06:53Z,358,1,0,26,0,0,1,1,1,1783641862
2026-07-10T00:06:53Z,359,3,0,21,3,0,1,1,1,1783641269
2026-07-10T00:06:53Z,360,6,2,12,1,0,1,1,1,1783639175
2026-07-10T00:06:53Z,362,8,4,9,1,0,1,1,1,1783638751
2026-07-10T00:06:53Z,363,23,0,3,1,0,1,1,1,1783640916
2026-07-10T00:06:53Z,364,5,0,11,2,1,1,1,1,1783642002
2026-07-10T00:06:53Z,365,7,4,15,1,0,1,1,1,1783641427
2026-07-10T00:06:53Z,366,20,10,0,3,0,1,1,1,1783641879
2026-07-10T00:06:53Z,367,0,0,17,2,0,1,1,1,1783640627
2026-07-10T00:06:53Z,368,2,0,21,0,0,1,1,1,1783639590
2026-07-10T00:06:53Z,370,12,3,14,1,0,1,1,1,1783641720
2026-07-10T00:06:53Z,371,9,1,9,1,0,1,1,1,1783634797
2026-07-10T00:06:53Z,372,4,0,10,1,0,1,1,1,1783639946
2026-07-10T00:06:53Z,373,22,5,1,3,0,1,1,1,1783641469
2026-07-10T00:06:53Z,374,12,4,5,1,0,1,1,1,1783641066
2026-07-10T00:06:53Z,375,7,1,20,0,0,1,1,1,1783641990
2026-07-10T00:06:53Z,376,17,0,16,3,3,1,1,1,1783641840
2026-07-10T00:06:53Z,377,14,6,12,1,0,1,1,1,1783638288
2026-07-10T00:06:53Z,378,8,2,16,0,0,1,1,1,1783641697
2026-07-10T00:06:53Z,379,9,0,18,0,0,1,1,1,1783641237
2026-07-10T00:06:53Z,380,10,1,13,0,0,1,1,1,1783641955
2026-07-10T00:06:53Z,381,6,0,17,0,0,1,1,1,1783641413
2026-07-10T00:06:53Z,383,7,0,7,1,0,1,1,1,1783640893
2026-07-10T00:06:53Z,384,1,0,17,1,0,1,1,1,1783641952
2026-07-10T00:06:53Z,385,3,1,14,1,0,1,1,1,1783641262
2026-07-10T00:06:53Z,387,16,3,7,0,0,1,1,1,1783641126
2026-07-10T00:06:53Z,388,11,0,34,4,0,1,1,1,1783641081
2026-07-10T00:06:53Z,389,1,1,13,1,0,1,1,1,1783640468
2026-07-10T00:06:53Z,390,23,2,4,0,0,1,1,1,1783640885
2026-07-10T00:06:53Z,391,3,2,12,0,0,1,1,1,1783641590
2026-07-10T00:06:53Z,392,5,5,13,1,0,1,1,1,1783639848
2026-07-10T00:06:53Z,393,7,6,2,2,0,1,1,1,1783641720
2026-07-10T00:06:53Z,394,8,4,6,0,1,1,1,1,1783641728
2026-07-10T00:06:53Z,396,1,0,39,2,0,1,1,1,1783640887
2026-07-10T00:06:53Z,397,22,19,8,1,0,1,1,1,1783640378
2026-07-10T00:06:53Z,399,16,1,1,0,0,1,1,1,1783640858
2026-07-10T00:06:53Z,400,6,1,15,2,0,1,1,1,1783640363
2026-07-10T00:06:53Z,401,12,1,19,0,0,1,1,1,1783641969
2026-07-10T00:06:53Z,403,2,2,27,2,0,1,1,1,1783641919
2026-07-10T00:06:53Z,404,9,0,14,0,0,1,1,1,1783642001
2026-07-10T00:06:53Z,406,23,1,12,0,0,1,1,1,1783641660
2026-07-10T00:06:53Z,407,15,2,19,0,0,1,1,1,1783640483
2026-07-10T00:06:53Z,408,9,6,22,2,0,1,1,1,1783641733
2026-07-10T00:06:53Z,409,20,5,2,1,0,1,1,1,1783641223
2026-07-10T00:06:53Z,413,1,1,21,1,0,1,1,1,1783639757
2026-07-10T00:06:53Z,414,5,0,8,2,0,1,1,1,1783641216
2026-07-10T00:06:53Z,417,5,3,14,0,0,1,1,1,1783640998
2026-07-10T00:06:53Z,418,1,0,14,0,0,1,1,1,1783638148
2026-07-10T00:06:53Z,419,4,0,18,1,0,1,1,1,1783640313
2026-07-10T00:06:53Z,421,8,0,11,0,0,1,1,1,1783640941
2026-07-10T00:06:53Z,422,4,2,23,0,0,1,1,1,1783641418
2026-07-10T00:06:53Z,423,6,2,16,1,0,1,1,1,1783641236
2026-07-10T00:06:53Z,424,2,0,11,2,0,1,1,1,1783641723
2026-07-10T00:06:53Z,425,17,2,5,0,0,1,1,1,1783641520
2026-07-10T00:06:53Z,426,33,3,2,2,0,1,1,1,1783641566
2026-07-10T00:06:53Z,427,4,0,10,0,1,1,1,1,1783637779
2026-07-10T00:06:53Z,428,2,0,17,0,0,1,1,1,1783641580
2026-07-10T00:06:53Z,429,12,8,8,3,0,1,1,1,1783641975
2026-07-10T00:06:53Z,430,14,1,16,1,0,1,1,1,1783641847
2026-07-10T00:06:53Z,431,21,1,6,4,2,1,1,1,1783641101
2026-07-10T00:06:53Z,432,11,1,19,1,0,1,1,1,1783641791
2026-07-10T00:06:53Z,433,18,2,3,2,0,1,1,1,1783641677
2026-07-10T00:06:53Z,437,1,1,17,2,0,1,1,1,1783641757
2026-07-10T00:06:53Z,438,9,1,9,1,0,1,1,1,1783641846
2026-07-10T00:06:53Z,439,1,0,14,0,0,1,1,1,1783641788
2026-07-10T00:06:53Z,440,1,0,11,3,0,1,1,1,1783639971
2026-07-10T00:06:53Z,441,6,3,9,0,0,1,1,1,1783641070
2026-07-10T00:06:53Z,442,3,0,16,0,0,1,1,1,1783635648
2026-07-10T00:06:53Z,443,3,0,24,0,0,1,1,1,1783612749
2026-07-10T00:06:53Z,444,0,0,22,1,0,1,1,1,1783638333
2026-07-10T00:06:53Z,445,8,6,13,1,1,1,1,1,1783641757
2026-07-10T00:06:53Z,446,3,0,20,0,0,1,1,1,1783637074
2026-07-10T00:06:53Z,447,3,0,18,2,0,1,1,1,1783623613
2026-07-10T00:06:53Z,448,10,1,1,3,1,1,1,1,1783638455
2026-07-10T00:06:53Z,452,9,3,9,1,0,1,1,1,1783640683
2026-07-10T00:06:53Z,453,0,0,14,1,0,1,1,1,1783641114
2026-07-10T00:06:53Z,454,11,0,6,1,1,1,1,1,1783640245
2026-07-10T00:06:53Z,455,24,7,15,0,0,1,1,1,1783641103
2026-07-10T00:06:53Z,456,12,1,9,2,0,1,1,1,1783642000
2026-07-10T00:06:53Z,457,14,1,10,3,0,1,1,1,1783641565
2026-07-10T00:06:53Z,458,2,0,21,0,0,1,1,1,1783641763
2026-07-10T00:06:53Z,459,2,0,13,0,0,1,1,1,1783639340
2026-07-10T00:06:53Z,460,11,1,12,0,0,1,1,1,1783641665
2026-07-10T00:06:53Z,461,0,0,18,1,0,1,1,1,1783641866
2026-07-10T00:06:53Z,462,3,0,17,1,0,1,1,1,1783640804
2026-07-10T00:06:53Z,463,8,0,10,1,0,1,1,1,1783639535
2026-07-10T00:06:53Z,464,7,3,6,1,0,1,1,1,1783641931
2026-07-10T00:06:53Z,465,6,4,8,1,0,1,1,1,1783637917
2026-07-10T00:06:53Z,466,5,2,8,2,0,1,1,1,1783641358
2026-07-10T00:06:53Z,467,3,1,12,0,0,1,1,1,1783640859
2026-07-10T00:06:53Z,468,4,1,15,0,0,1,1,1,1783637471
2026-07-10T00:06:53Z,469,12,2,9,1,1,1,1,1,1783641217
2026-07-10T00:06:53Z,470,12,5,3,0,0,1,1,1,1783640623
2026-07-10T00:06:53Z,471,23,0,3,1,0,1,1,1,1783640379
2026-07-10T00:06:53Z,472,5,3,12,2,0,1,1,1,1783640138
2026-07-10T00:06:53Z,473,9,2,10,0,0,1,1,1,1783641826
2026-07-10T00:06:53Z,474,10,2,9,0,0,1,1,1,1783641253
2026-07-10T00:06:53Z,475,14,1,4,1,0,1,1,1,1783639564
2026-07-10T00:06:53Z,476,17,0,4,2,0,1,1,1,1783638989
2026-07-10T00:06:53Z,477,7,2,6,2,0,1,1,1,1783640751
2026-07-10T00:06:53Z,478,2,0,28,1,0,1,1,1,1783641411
2026-07-10T00:06:53Z,479,11,1,13,3,0,1,1,1,1783641998
2026-07-10T00:06:53Z,480,11,3,0,4,0,1,1,1,1783637544
2026-07-10T00:06:53Z,481,22,1,13,0,0,1,1,1,1783641998
2026-07-10T00:06:53Z,482,10,3,8,1,0,1,1,1,1783640584
2026-07-10T00:06:53Z,483,18,0,8,1,0,1,1,1,1783641863
2026-07-10T00:06:53Z,484,4,2,15,0,0,1,1,1,1783640090
2026-07-10T00:06:53Z,485,10,0,7,2,0,1,1,1,1783641931
2026-07-10T00:06:53Z,486,10,0,17,0,0,1,1,1,1783640803
2026-07-10T00:06:53Z,487,3,1,15,1,0,1,1,1,1783641797
2026-07-10T00:06:53Z,489,5,2,10,0,0,1,1,1,1783641606
2026-07-10T00:06:53Z,490,11,0,4,1,0,1,1,1,1783641410
2026-07-10T00:06:53Z,491,14,3,1,6,0,1,1,1,1783640296
2026-07-10T00:06:53Z,492,6,1,2,3,0,1,1,1,1783642004
2026-07-10T00:06:53Z,493,9,3,18,0,0,1,1,1,1783638832
2026-07-10T00:06:53Z,495,7,1,4,4,0,1,1,1,1783641711
2026-07-10T00:06:53Z,496,9,1,18,0,0,1,1,1,1783641643
2026-07-10T00:06:53Z,497,11,5,8,0,0,1,1,1,1783640755
2026-07-10T00:06:53Z,498,14,2,9,0,0,1,1,1,1783641073
2026-07-10T00:06:53Z,499,7,1,10,2,0,1,1,1,1783641382
2026-07-10T00:06:53Z,500,2,0,13,0,0,1,1,1,1783640236
2026-07-10T00:06:53Z,501,7,4,12,2,0,1,1,1,1783640185
2026-07-10T00:06:53Z,502,0,0,19,0,0,1,1,1,1783640539
2026-07-10T00:06:53Z,503,2,0,29,0,0,1,1,1,1783641791
2026-07-10T00:06:53Z,504,0,0,0,34,5,1,1,1,1783641745
2026-07-10T00:06:53Z,505,12,1,3,3,0,1,1,1,1783641931
2026-07-10T00:06:53Z,511,0,0,23,0,0,1,1,1,1783633515
2026-07-10T00:06:53Z,512,7,0,12,0,0,1,1,1,1783641547
2026-07-10T00:06:53Z,514,7,4,3,1,0,1,1,1,1783641824
2026-07-10T00:06:53Z,515,14,2,5,0,0,1,1,1,1783641885
2026-07-10T00:06:53Z,516,12,0,14,1,0,1,1,1,1783641771
2026-07-10T00:06:53Z,517,12,7,11,0,0,1,1,1,1783641214
2026-07-10T00:06:53Z,518,8,0,6,1,0,1,1,1,1783640992
2026-07-10T00:06:53Z,519,8,1,11,0,0,1,1,1,1783638854
2026-07-10T00:06:53Z,520,26,5,0,0,1,1,1,1,1783639743
2026-07-10T00:06:53Z,521,7,4,16,0,0,1,1,1,1783641238
2026-07-10T00:06:53Z,522,17,1,6,0,0,1,1,1,1783641814
2026-07-10T00:06:53Z,523,21,0,2,0,0,1,1,1,1783639502
2026-07-10T00:06:53Z,524,23,0,0,0,0,1,1,1,1783639659
2026-07-10T00:06:53Z,525,11,2,8,0,0,1,1,1,1783641255
2026-07-10T00:06:53Z,526,5,1,9,1,0,1,1,1,1783640617
2026-07-10T00:06:53Z,527,3,2,23,0,0,1,1,1,1783640453
2026-07-10T00:06:53Z,528,5,0,18,0,0,1,1,1,1783634448
2026-07-10T00:06:53Z,529,12,2,0,7,0,1,1,1,1783641801
2026-07-10T00:06:53Z,530,10,0,9,2,0,1,1,1,1783639207
2026-07-10T00:06:53Z,531,13,1,9,0,1,1,1,1,1783641539
2026-07-10T00:06:53Z,532,19,2,11,1,0,1,1,1,1783641669
2026-07-10T00:06:53Z,533,8,0,10,1,0,1,1,1,1783640325
2026-07-10T00:06:53Z,534,3,3,19,1,0,1,1,1,1783641963
2026-07-10T00:06:53Z,535,3,3,12,0,0,1,1,1,1783640251
2026-07-10T00:06:53Z,536,14,1,9,0,0,1,1,1,1783641835
2026-07-10T00:06:53Z,537,3,0,18,0,0,1,1,1,1783640950
2026-07-10T00:06:53Z,538,8,2,11,0,0,1,1,1,1783639770
2026-07-10T00:06:53Z,539,28,5,1,2,0,1,1,1,1783641966
2026-07-10T00:06:53Z,540,1,1,18,0,0,1,1,1,1783639343
2026-07-10T00:06:53Z,541,12,1,13,2,0,1,1,1,1783641634
2026-07-10T00:06:53Z,542,18,0,5,0,0,1,1,1,1783641437
2026-07-10T00:06:53Z,543,8,0,8,3,0,1,1,1,1783641942
2026-07-10T00:06:53Z,544,16,0,6,0,0,1,1,1,1783641202
2026-07-10T00:06:53Z,545,14,7,3,2,0,1,1,1,1783641784
2026-07-10T00:06:53Z,546,11,2,8,0,0,1,1,1,1783641015
2026-07-10T00:06:53Z,547,0,0,17,1,0,0,1,1,1783637858
2026-07-10T00:06:53Z,548,16,0,6,1,0,1,1,1,1783641914
2026-07-10T00:06:53Z,549,19,1,2,0,0,1,1,1,1783641935
2026-07-10T00:06:53Z,550,2,2,16,1,0,1,1,1,1783641910
2026-07-10T00:06:53Z,551,8,2,14,1,0,1,1,1,1783631220
2026-07-10T00:06:53Z,552,13,2,14,0,0,1,1,1,1783640942
2026-07-10T00:06:53Z,553,17,1,5,1,0,1,1,1,1783641730
2026-07-10T00:06:53Z,554,9,4,10,0,0,1,1,1,1783641015
2026-07-10T00:06:53Z,555,9,2,3,3,0,1,1,1,1783641648
2026-07-10T00:06:53Z,556,7,2,16,0,0,1,1,1,1783640328
2026-07-10T00:06:53Z,557,18,1,4,1,0,1,1,1,1783639185
2026-07-10T00:06:53Z,558,25,10,12,0,0,1,1,1,1783641764
2026-07-10T00:06:53Z,559,8,7,10,1,0,1,1,1,1783641995
2026-07-10T00:06:53Z,560,12,3,15,0,0,1,1,1,1783641590
2026-07-10T00:06:53Z,561,6,4,16,1,0,1,1,1,1783641717
2026-07-10T00:06:53Z,562,4,0,28,3,0,1,1,1,1783639067
2026-07-10T00:06:53Z,563,14,2,1,0,0,1,1,1,1783641136
2026-07-10T00:06:53Z,564,12,1,7,0,0,1,1,1,1783641559
2026-07-10T00:06:53Z,565,16,0,3,0,0,1,1,1,1783641172
2026-07-10T00:06:53Z,566,8,1,10,1,0,1,1,1,1783640493
2026-07-10T00:06:53Z,567,22,5,4,1,0,1,1,1,1783641366
2026-07-10T00:06:53Z,568,8,0,11,0,0,1,1,1,1783641305
2026-07-10T00:06:53Z,569,3,0,16,0,0,1,1,1,1783641814
2026-07-10T00:06:53Z,570,7,1,12,0,0,1,1,1,1783641259
2026-07-10T00:06:53Z,571,2,0,21,0,0,1,1,1,1783639193
2026-07-10T00:06:53Z,572,3,0,15,1,0,1,1,1,1783638877
2026-07-10T00:06:53Z,573,7,1,8,0,0,1,1,1,1783640417
2026-07-10T00:06:53Z,574,10,2,5,0,0,1,1,1,1783641939
2026-07-10T00:06:53Z,575,4,2,17,0,0,1,1,1,1783640901
2026-07-10T00:06:53Z,576,4,0,14,1,0,1,1,1,1783639677
2026-07-10T00:06:53Z,577,9,0,22,0,0,1,1,1,1783640582
2026-07-10T00:06:53Z,578,5,3,16,2,0,1,1,1,1783641091
2026-07-10T00:06:53Z,579,29,0,14,0,0,1,1,1,1783641919
2026-07-10T00:06:53Z,580,3,0,27,1,0,1,1,1,1783641774
2026-07-10T00:06:53Z,581,11,2,8,0,0,1,1,1,1783641752
2026-07-10T00:06:53Z,582,50,0,10,0,0,1,1,1,1783642003
2026-07-10T00:06:53Z,583,8,0,14,1,0,1,1,1,1783641824
2026-07-10T00:06:53Z,584,4,1,10,5,0,1,1,1,1783640176
2026-07-10T00:06:53Z,585,7,0,19,0,0,1,1,1,1783641539
2026-07-10T00:06:53Z,586,27,0,8,0,0,1,1,1,1783641395
2026-07-10T00:06:53Z,587,21,0,3,1,0,1,1,1,1783641785
2026-07-10T00:06:53Z,588,7,4,12,0,0,1,1,1,1783641437
2026-07-10T00:06:53Z,589,1,0,22,0,0,1,1,1,1783641510
2026-07-10T00:06:53Z,590,11,2,20,0,0,1,1,1,1783641025
2026-07-10T00:06:53Z,591,4,0,17,1,0,1,1,1,1783641778
2026-07-10T00:06:53Z,592,9,0,13,1,0,1,1,1,1783640963
2026-07-10T00:06:53Z,593,9,0,29,1,0,1,1,1,1783641643
2026-07-10T00:06:53Z,594,2,0,17,1,1,1,1,1,1783641874
2026-07-10T00:06:53Z,595,0,0,3,0,0,0,1,1,1779985765
2026-07-10T00:06:53Z,605,0,0,3,0,0,0,1,1,1780413752
2026-07-10T00:06:53Z,606,0,0,0,0,0,0,1,1,86400
2026-07-10T00:06:53Z,607,10,1,22,1,0,1,1,1,1783641153
2026-07-10T00:06:53Z,608,23,0,30,1,0,1,1,1,1783641675
2026-07-10T00:06:53Z,609,12,6,11,0,0,1,1,1,1783641271
2026-07-10T00:06:53Z,610,12,0,23,0,0,1,1,1,1783641668
2026-07-10T00:06:53Z,611,26,0,1,0,0,1,1,1,1783641383
2026-07-10T00:06:53Z,612,3,1,12,0,0,1,1,1,1783626776
2026-07-10T00:06:53Z,613,9,2,3,3,0,1,1,1,1783620761
2026-07-10T00:06:53Z,614,10,1,15,2,0,1,1,1,1783641110
2026-07-10T00:06:53Z,617,11,3,2,2,0,1,1,1,1783639807
2026-07-10T00:06:53Z,618,12,1,5,2,0,1,1,1,1783640566
2026-07-10T00:06:53Z,619,10,3,9,0,0,1,1,1,1783641495
2026-07-10T00:06:53Z,620,8,5,15,0,0,1,1,1,1783639272
2026-07-10T00:06:53Z,621,20,4,2,1,0,1,1,1,1783641979
2026-07-10T00:06:53Z,622,5,0,17,1,0,1,1,1,1783641851
2026-07-10T00:06:53Z,623,8,0,19,2,1,1,1,1,1783640546
2026-07-10T00:06:53Z,624,0,0,12,2,1,1,1,1,1783632705
2026-07-10T00:06:53Z,625,3,2,15,3,0,1,1,1,1783639451
2026-07-10T00:06:53Z,626,29,2,14,1,2,1,1,1,1783641589
2026-07-10T00:06:53Z,627,9,3,8,0,0,1,1,1,1783634780
2026-07-10T00:06:53Z,628,14,5,3,1,1,1,1,1,1783641775
2026-07-10T00:06:53Z,629,8,0,3,0,0,1,1,1,1783635916
2026-07-10T00:06:53Z,630,16,0,10,1,0,1,1,1,1783625231
2026-07-10T00:06:53Z,631,21,0,2,0,0,1,1,1,1783641836
2026-07-10T00:06:53Z,632,13,4,5,5,0,1,1,1,1783629426
2026-07-10T00:06:53Z,633,5,0,7,2,1,1,1,1,1783632678
2026-07-10T00:06:53Z,634,5,1,12,2,0,1,1,1,1783618462
2026-07-10T00:06:53Z,635,9,0,9,1,0,1,1,1,1783641937
2026-07-10T00:06:53Z,636,0,0,14,1,0,1,1,1,1783622937
2026-07-10T00:06:53Z,637,8,1,10,1,0,1,1,1,1783629788
2026-07-10T00:06:53Z,638,8,6,9,2,0,1,1,1,1783638375
2026-07-10T00:06:53Z,639,0,0,0,3,16,0,1,1,1782287204
2026-07-10T00:06:53Z,640,0,0,22,1,0,1,1,1,1783639257
2026-07-10T00:06:53Z,641,16,1,11,0,0,1,1,1,1783641617
2026-07-10T00:06:53Z,642,10,1,4,5,0,1,1,1,1783640251
2026-07-10T00:06:53Z,643,8,7,16,3,0,1,1,1,1783641188
2026-07-10T00:06:53Z,644,8,5,1,5,1,1,1,1,1783641857
2026-07-10T00:06:53Z,645,21,4,1,0,1,1,1,1,1783641744
2026-07-10T00:06:53Z,646,11,1,5,3,0,1,1,1,1783638751
2026-07-10T00:06:53Z,647,6,4,24,1,0,1,1,1,1783641367
2026-07-10T00:06:53Z,648,17,0,1,1,0,1,1,1,1783638314
2026-07-10T00:06:53Z,649,28,2,3,0,0,1,1,1,1783640676
2026-07-10T00:06:53Z,650,6,1,9,1,0,1,1,1,1783641943
2026-07-10T00:06:53Z,651,5,2,17,1,0,1,1,1,1783641480
2026-07-10T00:06:53Z,652,8,2,12,3,0,1,1,1,1783641821
2026-07-10T00:06:53Z,653,6,3,8,5,0,1,1,1,1783641782
2026-07-10T00:06:53Z,654,5,3,9,1,0,1,1,1,1783641355
2026-07-10T00:06:53Z,655,3,2,11,0,0,1,1,1,1783641147
2026-07-10T00:06:53Z,656,15,4,2,2,0,1,1,1,1783641761
2026-07-10T00:06:53Z,657,4,0,12,1,0,1,1,1,1783641996
2026-07-10T00:06:53Z,658,12,1,11,0,0,1,1,1,1783633556
2026-07-10T00:06:53Z,659,8,7,6,1,0,1,1,1,1783639004
2026-07-10T00:06:53Z,660,8,3,22,1,0,1,1,1,1783639119
2026-07-10T00:06:53Z,661,1,1,17,1,0,1,1,1,1783638927
2026-07-10T00:06:53Z,662,3,0,19,1,0,1,1,1,1783641995
2026-07-10T00:06:53Z,663,13,1,1,0,0,1,1,1,1783641370
2026-07-10T00:06:53Z,664,3,3,23,1,0,1,1,1,1783641680
2026-07-10T00:06:53Z,665,7,0,8,0,0,1,1,1,1783641774
2026-07-10T00:06:53Z,666,11,7,2,2,0,1,1,1,1783635835
2026-07-10T00:06:53Z,667,7,1,5,5,0,1,1,1,1783641535
2026-07-10T00:06:53Z,668,8,1,10,1,0,1,1,1,1783639612
2026-07-10T00:06:53Z,669,6,2,6,2,0,1,1,1,1783641392
2026-07-10T00:06:53Z,670,22,0,1,4,0,1,1,1,1783639242
2026-07-10T00:06:53Z,671,11,0,16,0,0,1,1,1,1783640102
2026-07-10T00:06:53Z,672,7,1,12,4,0,1,1,1,1783639187
2026-07-10T00:06:53Z,673,14,1,8,0,0,1,1,1,1783639843
2026-07-10T00:06:53Z,674,19,12,1,3,0,1,1,1,1783641868
2026-07-10T00:06:53Z,675,4,2,9,1,1,1,1,1,1783641884
2026-07-10T00:06:53Z,676,7,0,14,0,2,1,1,1,1783641290
2026-07-10T00:06:53Z,681,6,3,4,5,0,1,1,1,1783641929
2026-07-10T00:06:53Z,682,11,4,6,2,0,1,1,1,1783623552
2026-07-10T00:06:53Z,683,8,0,10,1,0,1,1,1,1783640341
2026-07-10T00:06:53Z,684,9,0,16,2,0,1,1,1,1783623944
2026-07-10T00:06:53Z,685,12,2,14,0,1,1,1,1,1783634473
2026-07-10T00:06:53Z,686,10,2,15,2,0,1,1,1,1783641943
2026-07-10T00:06:53Z,687,7,2,22,1,1,1,1,1,1783641886
2026-07-10T00:06:53Z,688,7,3,12,0,0,1,1,1,1783635701
2026-07-10T00:06:53Z,692,11,0,10,0,0,1,1,1,1783641180
2026-07-10T00:06:53Z,693,5,3,6,0,0,1,1,1,1783640276
2026-07-10T00:06:53Z,694,9,3,11,1,0,1,1,1,1783640840
2026-07-10T00:06:53Z,695,3,0,19,1,0,1,1,1,1783640648
2026-07-10T00:06:53Z,696,9,4,14,0,0,1,1,1,1783641323
2026-07-10T00:06:53Z,697,3,1,19,1,0,1,1,1,1783641409
2026-07-10T00:06:53Z,698,27,2,0,0,0,1,1,1,1783641990
2026-07-10T00:06:53Z,699,1,0,13,1,0,1,1,1,1783640732
2026-07-10T00:06:53Z,700,7,0,12,0,0,1,1,1,1783641048
2026-07-10T00:06:53Z,701,15,1,3,1,0,1,1,1,1783641551
2026-07-10T00:06:53Z,702,1,1,21,1,0,1,1,1,1783641308
2026-07-10T00:06:53Z,703,23,3,0,0,0,1,1,1,1783640936
2026-07-10T00:06:53Z,704,6,0,9,0,0,1,1,1,1783641215
2026-07-10T00:06:53Z,705,1,1,13,1,0,1,1,1,1783640710
2026-07-10T00:06:53Z,706,14,1,1,0,0,1,1,1,1783641054
2026-07-10T00:06:53Z,707,5,3,9,1,0,1,1,1,1783641775
2026-07-10T00:06:53Z,708,14,0,3,2,0,1,1,1,1783641274
2026-07-10T00:06:53Z,709,13,2,0,2,0,1,1,1,1783641976
2026-07-10T00:06:53Z,710,5,0,14,0,0,1,1,1,1783641907
2026-07-10T00:06:53Z,711,1,0,13,5,0,1,1,1,1783641144
2026-07-10T00:06:53Z,712,6,1,9,0,0,1,1,1,1783641312
2026-07-10T00:06:53Z,713,13,4,8,2,0,1,1,1,1783641349
2026-07-10T00:06:53Z,716,1,0,14,0,0,1,1,1,1783641018
2026-07-10T00:06:53Z,717,0,0,21,4,0,1,1,1,1783641114
2026-07-10T00:06:53Z,718,13,1,2,0,0,1,1,1,1783640606
2026-07-10T00:06:53Z,719,16,1,13,0,0,1,1,1,1783641254
2026-07-10T00:06:53Z,720,3,0,14,2,0,1,1,1,1783640717
2026-07-10T00:06:53Z,721,8,0,12,3,0,1,1,1,1783641277
2026-07-10T00:06:53Z,722,6,0,8,1,0,1,1,1,1783641057
2026-07-10T00:06:53Z,723,3,3,17,3,0,1,1,1,1783641469
2026-07-10T00:06:53Z,724,18,0,5,0,0,1,1,1,1783641233
2026-07-10T00:06:53Z,725,13,2,10,0,0,1,1,1,1783641180
2026-07-10T00:06:53Z,726,8,1,11,0,0,1,1,1,1783641677
2026-07-10T00:06:53Z,727,6,0,16,1,0,1,1,1,1783641178
2026-07-10T00:06:53Z,728,6,1,6,3,0,1,1,1,1783640735
2026-07-10T00:06:53Z,729,18,1,1,0,0,1,1,1,1783641209
2026-07-10T00:06:53Z,730,13,2,1,1,0,1,1,1,1783640639
2026-07-10T00:06:53Z,731,7,5,8,0,0,1,1,1,1783641024
2026-07-10T00:06:53Z,732,2,0,13,0,0,1,1,1,1783640693
2026-07-10T00:06:53Z,733,20,1,7,0,0,1,1,1,1783641690
2026-07-10T00:06:53Z,734,11,7,3,0,0,1,1,1,1783640768
2026-07-10T00:06:53Z,735,3,3,23,1,0,1,1,1,1783641490
2026-07-10T00:06:53Z,736,7,1,12,0,0,1,1,1,1783641850
2026-07-10T00:06:53Z,737,9,6,6,0,0,1,1,1,1783641630
2026-07-10T00:06:53Z,738,2,0,16,1,0,1,1,1,1783641950
2026-07-10T00:06:53Z,739,8,2,16,3,0,1,1,1,1783641722
2026-07-10T00:06:53Z,741,11,1,10,2,0,1,1,1,1783641310
2026-07-10T00:06:53Z,742,33,13,3,3,0,1,1,1,1783641973
2026-07-10T00:06:53Z,743,0,0,19,0,0,1,1,1,1783640973
2026-07-10T00:06:53Z,744,8,1,6,1,0,1,1,1,1783640949
2026-07-10T00:06:53Z,745,10,1,8,1,0,1,1,1,1783640986
2026-07-10T00:06:53Z,746,8,2,15,0,0,1,1,1,1783641281
2026-07-10T00:06:53Z,747,0,0,19,0,0,0,1,1,1783446606
2026-07-10T00:06:53Z,748,13,2,8,2,0,1,1,1,1783610740
2026-07-10T00:06:53Z,749,9,0,13,1,0,1,1,1,1783640749
2026-07-10T00:06:53Z,750,5,3,4,2,0,1,1,1,1783640864
2026-07-10T00:06:53Z,751,4,3,18,1,0,1,1,1,1783641910
2026-07-10T00:06:53Z,752,6,0,10,1,0,1,1,1,1783641016
2026-07-10T00:06:53Z,753,4,0,10,1,0,1,1,1,1783641996
2026-07-10T00:06:53Z,754,6,1,8,1,0,1,1,1,1783640454
2026-07-10T00:06:53Z,755,4,2,14,1,0,1,1,1,1783641834
2026-07-10T00:06:53Z,756,4,1,33,0,0,1,1,1,1783641920
2026-07-10T00:06:53Z,757,10,3,9,0,0,1,1,1,1783640948
2026-07-10T00:06:53Z,758,7,4,14,2,0,1,1,1,1783641984
2026-07-10T00:06:53Z,759,1,0,13,1,0,1,1,1,1783640811
2026-07-10T00:06:53Z,760,16,5,2,1,0,1,1,1,1783628587
2026-07-10T00:06:53Z,761,7,1,16,0,0,1,1,1,1783641266
2026-07-10T00:06:53Z,762,6,4,6,3,0,1,1,1,1783641355
2026-07-10T00:06:53Z,768,12,3,3,4,0,1,1,1,1783640946
2026-07-10T00:06:53Z,769,7,3,11,0,0,1,1,1,1783641944
2026-07-10T00:06:53Z,770,4,0,13,2,0,1,1,1,1783640161
2026-07-10T00:06:53Z,771,9,0,5,1,0,1,1,1,1783640604
2026-07-10T00:06:53Z,772,3,1,11,1,0,1,1,1,1783640668
2026-07-10T00:06:53Z,773,11,0,6,2,0,1,1,1,1783641974
2026-07-10T00:06:53Z,774,10,7,4,1,0,1,1,1,1783641308
2026-07-10T00:06:53Z,775,11,1,5,3,0,1,1,1,1783636244
2026-07-10T00:06:53Z,776,6,2,14,1,0,1,1,1,1783641736
2026-07-10T00:06:53Z,777,0,0,12,3,0,1,1,1,1783641381
2026-07-10T00:06:53Z,778,13,1,3,3,0,1,1,1,1783641000
2026-07-10T00:06:53Z,779,12,4,6,1,0,1,1,1,1783640234
2026-07-10T00:06:53Z,780,10,5,8,1,0,1,1,1,1783641869
2026-07-10T00:06:53Z,781,2,0,8,1,0,1,1,1,1783640243
2026-07-10T00:06:53Z,782,4,1,13,2,0,1,1,1,1783641480
2026-07-10T00:06:53Z,783,10,5,9,0,0,1,1,1,1783641010
2026-07-10T00:06:53Z,784,0,0,18,1,0,1,1,1,1783641176
2026-07-10T00:06:53Z,785,8,6,6,4,0,1,1,1,1783641375
2026-07-10T00:06:53Z,786,4,0,13,2,0,1,1,1,1783640614
2026-07-10T00:06:53Z,787,6,2,9,0,0,1,1,1,1783640597
2026-07-10T00:06:53Z,788,4,1,11,0,0,1,1,1,1783640678
2026-07-10T00:06:53Z,789,11,0,2,2,0,1,1,1,1783640511
2026-07-10T00:06:53Z,790,6,3,17,0,0,1,1,1,1783641239
2026-07-10T00:06:53Z,791,6,0,13,0,0,1,1,1,1783641362
2026-07-10T00:06:53Z,793,9,2,4,2,0,1,1,1,1783641854
2026-07-10T00:06:53Z,794,3,1,25,1,0,1,1,1,1783641364
2026-07-10T00:06:53Z,796,2,0,16,1,0,1,1,1,1783640961
2026-07-10T00:06:53Z,797,4,2,10,1,0,1,1,1,1783640600
2026-07-10T00:06:53Z,798,11,0,12,2,0,1,1,1,1783641732
2026-07-10T00:06:53Z,799,13,1,5,1,0,1,1,1,1783640923
2026-07-10T00:06:53Z,800,14,0,7,0,0,1,1,1,1783641098
2026-07-10T00:06:53Z,801,1,0,18,2,0,1,1,1,1783641185
2026-07-10T00:06:53Z,802,2,0,29,0,0,1,1,1,1783641531
2026-07-10T00:06:53Z,803,6,0,9,0,0,1,1,1,1783640727
2026-07-10T00:06:53Z,806,7,1,8,0,0,1,1,1,1783640506
2026-07-10T00:06:53Z,807,12,8,13,0,0,1,1,1,1783641406
2026-07-10T00:06:53Z,808,13,2,9,3,0,1,1,1,1783640675
2026-07-10T00:06:53Z,809,4,2,18,1,0,1,1,1,1783641230
2026-07-10T00:06:53Z,810,7,5,7,5,0,1,1,1,1783640934
2026-07-10T00:06:53Z,815,13,2,1,1,0,1,1,1,1783641246
2026-07-10T00:06:53Z,817,5,2,0,10,0,1,1,1,1783640853
2026-07-10T00:06:53Z,818,5,0,17,1,0,1,1,1,1783641381
2026-07-10T00:06:53Z,819,1,0,11,3,0,1,1,1,1783640653
2026-07-10T00:06:53Z,820,11,1,5,1,0,1,1,1,1783640636
2026-07-10T00:06:53Z,821,5,2,10,0,0,1,1,1,1783641752
2026-07-10T00:06:53Z,822,3,0,20,0,0,1,1,1,1783641241
2026-07-10T00:06:53Z,823,13,0,2,0,0,1,1,1,1783640712
2026-07-10T00:06:53Z,824,12,8,4,3,0,1,1,1,1783641739
2026-07-10T00:06:53Z,825,8,2,6,1,0,1,1,1,1783640580
2026-07-10T00:06:53Z,826,13,0,6,0,0,1,1,1,1783640639
2026-07-10T00:06:53Z,827,20,3,1,0,0,1,1,1,1783641345
2026-07-10T00:06:53Z,828,7,2,10,1,0,1,1,1,1783641516
2026-07-10T00:06:53Z,829,10,3,17,0,0,1,1,1,1783641454
2026-07-10T00:06:53Z,830,20,0,3,0,0,1,1,1,1783641454
2026-07-10T00:06:53Z,831,13,10,2,0,0,1,1,1,1783640462
2026-07-10T00:06:53Z,832,4,0,14,0,0,1,1,1,1783640884
2026-07-10T00:06:53Z,833,12,5,6,1,0,1,1,1,1783640828
2026-07-10T00:06:53Z,834,24,0,0,0,0,1,1,1,1783641878
2026-07-10T00:06:53Z,835,4,1,14,0,0,1,1,1,1783641719
2026-07-10T00:06:53Z,837,7,1,2,6,0,1,1,1,1783640479
2026-07-10T00:06:53Z,838,3,1,9,3,0,1,1,1,1783640691
2026-07-10T00:06:53Z,839,8,0,21,0,0,1,1,1,1783641592
2026-07-10T00:06:53Z,840,1,0,28,0,0,1,1,1,1783641466
2026-07-10T00:06:53Z,841,10,5,4,1,0,1,1,1,1783640341
2026-07-10T00:06:53Z,842,16,6,6,0,0,1,1,1,1783641152
2026-07-10T00:06:53Z,843,3,2,28,0,0,1,1,1,1783641690
2026-07-10T00:06:53Z,844,5,1,17,1,0,1,1,1,1783641373
2026-07-10T00:06:53Z,845,10,2,8,1,0,1,1,1,1783640896
2026-07-10T00:06:53Z,846,9,1,8,1,0,1,1,1,1783640887
2026-07-10T00:06:53Z,847,0,0,27,0,0,1,1,1,1783641528
2026-07-10T00:06:53Z,848,7,1,12,0,0,1,1,1,1783641537
2026-07-10T00:06:53Z,849,9,4,2,3,0,1,1,1,1783640859
2026-07-10T00:06:53Z,850,2,0,8,1,0,1,1,1,1783640817
2026-07-10T00:06:53Z,851,2,2,34,1,0,1,1,1,1783641210
2026-07-10T00:06:53Z,852,6,0,12,1,0,1,1,1,1783641491
2026-07-10T00:06:53Z,853,13,2,9,1,0,1,1,1,1783641275
2026-07-10T00:06:53Z,854,9,3,6,0,0,1,1,1,1783640940
2026-07-10T00:06:53Z,855,26,8,1,0,0,1,1,1,1783641962
2026-07-10T00:06:53Z,857,1,0,15,3,0,1,1,1,1783641107
2026-07-10T00:06:53Z,858,3,0,14,2,0,1,1,1,1783640882
2026-07-10T00:06:53Z,859,1,0,17,3,0,1,1,1,1783640949
2026-07-10T00:06:53Z,861,2,0,8,1,0,1,1,1,1783640406
2026-07-10T00:06:53Z,862,0,0,15,0,0,1,1,1,1783640464
2026-07-10T00:06:53Z,863,11,2,7,1,0,1,1,1,1783641904
2026-07-10T00:06:53Z,866,10,0,9,0,0,1,1,1,1783640893
2026-07-10T00:06:53Z,867,14,1,0,1,0,1,1,1,1783640474
2026-07-10T00:06:53Z,868,9,3,4,2,0,1,1,1,1783641130
2026-07-10T00:06:53Z,870,15,4,0,0,0,1,1,1,1783640677
2026-07-10T00:06:53Z,871,0,0,10,1,0,1,1,1,1783640406
2026-07-10T00:06:53Z,872,5,0,10,0,0,1,1,1,1783640697
2026-07-10T00:06:53Z,873,1,0,31,1,0,1,1,1,1783641800
2026-07-10T00:06:53Z,874,6,0,8,1,0,1,1,1,1783640447
2026-07-10T00:06:53Z,875,5,2,8,2,0,1,1,1,1783641011
2026-07-10T00:06:53Z,877,5,3,12,2,0,1,1,1,1783640981
2026-07-10T00:06:53Z,878,3,1,16,0,0,1,1,1,1783641056
2026-07-10T00:06:53Z,879,4,0,13,2,0,1,1,1,1783640990
2026-07-10T00:06:53Z,880,8,1,15,0,0,1,1,1,1783641167
2026-07-10T00:06:53Z,881,4,1,12,3,0,1,1,1,1783641148
2026-07-10T00:06:53Z,882,10,5,8,1,0,1,1,1,1783640944
2026-07-10T00:06:53Z,883,11,5,8,0,0,1,1,1,1783640720
2026-07-10T00:06:53Z,884,8,4,12,1,0,1,1,1,1783641227
2026-07-10T00:06:53Z,885,17,0,2,0,0,1,1,1,1783640784
2026-07-10T00:06:53Z,886,2,0,27,0,0,1,1,1,1783641887
2026-07-10T00:06:53Z,887,2,2,14,1,0,1,1,1,1783640971
2026-07-10T00:06:53Z,888,15,1,26,0,0,1,1,1,1783641873
2026-07-10T00:06:53Z,889,16,2,3,0,0,1,1,1,1783641487
2026-07-10T00:06:53Z,890,3,1,12,0,0,1,1,1,1783640856
2026-07-10T00:06:53Z,891,17,2,5,1,0,1,1,1,1783641203
2026-07-10T00:06:53Z,892,15,2,0,0,0,1,1,1,1783635737
2026-07-10T00:06:53Z,895,6,0,12,1,0,1,1,1,1783638263
2026-07-10T00:06:53Z,896,4,2,31,0,0,1,1,1,1783641967
2026-07-10T00:06:53Z,897,16,0,4,1,0,1,1,1,1783641125
2026-07-10T00:06:53Z,898,10,1,9,0,0,1,1,1,1783640876
2026-07-10T00:06:53Z,899,4,0,15,0,0,1,1,1,1783640874
2026-07-10T00:06:53Z,900,25,3,2,0,0,1,1,1,1783641566
2026-07-10T00:06:53Z,901,8,0,11,0,0,1,1,1,1783641886
2026-07-10T00:06:53Z,902,4,0,11,0,0,1,1,1,1783640637
2026-07-10T00:06:53Z,903,11,1,8,0,0,1,1,1,1783640859
2026-07-10T00:06:53Z,904,17,1,1,1,0,1,1,1,1783640879
2026-07-10T00:06:53Z,905,14,1,10,3,0,1,1,1,1783641990
2026-07-10T00:06:53Z,906,1,1,26,0,0,1,1,1,1783641482
2026-07-10T00:06:53Z,907,21,0,7,3,0,1,1,1,1783641560
2026-07-10T00:06:53Z,908,7,2,15,1,0,1,1,1,1783641100
2026-07-10T00:06:53Z,909,4,3,19,0,0,1,1,1,1783641303
2026-07-10T00:06:53Z,910,11,2,19,1,0,1,1,1,1783641565
2026-07-10T00:06:53Z,911,14,1,5,0,0,1,1,1,1783640874
2026-07-10T00:06:53Z,912,18,2,2,3,0,1,1,1,1783641804
2026-07-10T00:06:53Z,913,6,1,13,0,0,1,1,1,1783640728
2026-07-10T00:06:53Z,914,6,0,12,1,0,1,1,1,1783641091
2026-07-10T00:06:53Z,915,23,5,0,0,0,1,1,1,1783641200
2026-07-10T00:06:53Z,916,16,2,7,0,0,1,1,1,1783641397
2026-07-10T00:06:53Z,917,2,1,33,0,0,1,1,1,1783641257
2026-07-10T00:06:53Z,918,2,0,17,0,0,1,1,1,1783641426
2026-07-10T00:06:53Z,919,19,4,19,1,0,1,1,1,1783641449
2026-07-10T00:06:53Z,920,5,1,13,1,0,1,1,1,1783640756
2026-07-10T00:06:53Z,921,16,1,3,2,0,1,1,1,1783641078
2026-07-10T00:06:53Z,922,4,2,17,0,0,1,1,1,1783641334
2026-07-10T00:06:53Z,923,3,3,14,2,0,1,1,1,1783641640
2026-07-10T00:06:53Z,924,7,2,13,1,0,1,1,1,1783641060
2026-07-10T00:06:53Z,925,8,0,11,2,0,1,1,1,1783641784
2026-07-10T00:06:53Z,926,8,2,12,1,0,1,1,1,1783640639
2026-07-10T00:06:53Z,927,23,1,10,2,0,1,1,1,1783642003
2026-07-10T00:06:53Z,928,13,2,6,0,0,1,1,1,1783641856
2026-07-10T00:06:53Z,929,14,3,7,2,0,1,1,1,1783641273
2026-07-10T00:06:53Z,930,11,0,19,1,0,1,1,1,1783641564
2026-07-10T00:06:53Z,931,0,0,22,1,0,1,1,1,1783641291
2026-07-10T00:06:53Z,932,6,0,12,1,0,1,1,1,1783641283
2026-07-10T00:06:53Z,933,11,0,12,0,0,1,1,1,1783641872
2026-07-10T00:06:53Z,934,21,0,10,0,0,1,1,1,1783641519
2026-07-10T00:06:53Z,935,2,0,16,1,0,1,1,1,1783641983
2026-07-10T00:06:53Z,936,15,0,4,0,0,1,1,1,1783640861
2026-07-10T00:06:53Z,940,5,3,6,0,0,1,1,1,1783638950
2026-07-10T00:06:53Z,941,6,1,19,0,0,1,1,1,1783641011
2026-07-10T00:06:53Z,942,7,0,13,1,0,1,1,1,1783641171
2026-07-10T00:06:53Z,943,4,4,10,1,0,1,1,1,1783640473
2026-07-10T00:06:53Z,944,8,7,6,1,0,1,1,1,1783640698
2026-07-10T00:06:53Z,945,6,3,8,1,0,1,1,1,1783640654
2026-07-10T00:06:53Z,946,10,7,9,0,0,1,1,1,1783640734
2026-07-10T00:06:53Z,947,8,6,9,0,0,1,1,1,1783640610
2026-07-10T00:06:53Z,948,2,2,26,3,0,1,1,1,1783641640
2026-07-10T00:06:53Z,949,7,0,7,1,0,1,1,1,1783641223
2026-07-10T00:06:53Z,950,13,0,0,4,0,1,1,1,1783641516
2026-07-10T00:06:53Z,951,3,2,19,1,0,1,1,1,1783641943
2026-07-10T00:06:53Z,952,23,0,28,4,0,1,1,1,1783641939
2026-07-10T00:06:53Z,953,8,2,7,0,0,1,1,1,1783640631
2026-07-10T00:06:53Z,954,16,3,0,3,0,1,1,1,1783640913
2026-07-10T00:06:53Z,955,8,3,13,6,0,1,1,1,1783641215
2026-07-10T00:06:53Z,956,4,2,15,0,0,1,1,1,1783641700
2026-07-10T00:06:53Z,957,9,0,19,1,0,1,1,1,1783641798
2026-07-10T00:06:53Z,958,4,0,27,0,0,1,1,1,1783641549
2026-07-10T00:06:53Z,959,1,0,22,0,0,1,1,1,1783641658
2026-07-10T00:06:53Z,960,16,1,4,3,0,1,1,1,1783641983
2026-07-10T00:06:53Z,961,2,1,18,3,0,1,1,1,1783640930
2026-07-10T00:06:53Z,962,8,0,21,6,0,1,1,1,1783641792
2026-07-10T00:06:53Z,963,13,0,10,0,0,1,1,1,1783641105
2026-07-10T00:06:53Z,964,6,1,15,2,0,1,1,1,1783641963
2026-07-10T00:06:53Z,965,1,0,24,2,0,1,1,1,1783641673
2026-07-10T00:06:53Z,966,11,1,20,0,0,1,1,1,1783641684
2026-07-10T00:06:53Z,967,12,2,6,3,0,1,1,1,1783641351
2026-07-10T00:06:53Z,968,1,0,17,1,0,1,1,1,1783640947
2026-07-10T00:06:53Z,969,24,10,0,3,0,1,1,1,1783639558
2026-07-10T00:06:53Z,970,2,2,16,1,0,1,1,1,1783641437
2026-07-10T00:06:53Z,971,17,2,6,0,0,1,1,1,1783641325
2026-07-10T00:06:53Z,972,8,1,14,1,0,1,1,1,1783641412
2026-07-10T00:06:53Z,973,3,1,19,1,0,1,1,1,1783641134
2026-07-10T00:06:53Z,974,11,0,16,0,0,1,1,1,1783641937
2026-07-10T00:06:53Z,977,14,1,6,1,0,1,1,1,1783640880
2026-07-10T00:06:53Z,978,16,3,6,1,0,1,1,1,1783641696
2026-07-10T00:06:53Z,979,10,0,7,0,0,1,1,1,1783641274
2026-07-10T00:06:53Z,980,0,0,21,0,0,1,1,1,1783641855
2026-07-10T00:06:53Z,981,6,0,14,1,0,1,1,1,1783641126
2026-07-10T00:06:53Z,982,2,1,15,2,0,1,1,1,1783640866
2026-07-10T00:06:53Z,983,1,1,22,0,0,1,1,1,1783641170
2026-07-10T00:06:53Z,984,18,6,1,4,0,1,1,1,1783641396
2026-07-10T00:06:53Z,985,2,0,29,0,0,1,1,1,1783641424
2026-07-10T00:06:53Z,986,6,6,11,2,0,1,1,1,1783640963
2026-07-10T00:06:53Z,987,0,0,22,1,0,1,1,1,1783641732
2026-07-10T00:06:53Z,988,7,4,11,1,0,1,1,1,1783640987
2026-07-10T00:06:53Z,989,11,9,8,0,0,1,1,1,1783641030
2026-07-10T00:06:53Z,990,8,1,6,1,0,1,1,1,1783640665
2026-07-10T00:06:53Z,991,17,9,1,1,0,1,1,1,1783641064
2026-07-10T00:06:53Z,992,1,0,21,1,0,1,1,1,1783641207
2026-07-10T00:06:53Z,993,12,3,15,0,0,1,1,1,1783641415
2026-07-10T00:06:53Z,994,5,1,16,0,0,1,1,1,1783641400
2026-07-10T00:06:53Z,995,7,1,20,0,0,1,1,1,1783641295
2026-07-10T00:06:53Z,996,2,2,19,2,0,1,1,1,1783641329
2026-07-10T00:06:53Z,997,13,7,9,0,1,1,1,1,1783641970
2026-07-10T00:06:53Z,998,8,2,15,0,0,1,1,1,1783641141
2026-07-10T00:06:53Z,999,7,2,12,1,1,1,1,1,1783641092
2026-07-10T00:06:53Z,1000,6,0,15,0,0,1,1,1,1783640987
2026-07-10T00:06:53Z,1001,7,0,20,0,0,1,1,1,1783641318
2026-07-10T00:06:53Z,1002,10,6,21,0,0,1,1,1,1783641511
2026-07-10T00:06:53Z,1003,1,1,22,0,0,1,1,1,1783641098
2026-07-10T00:06:53Z,1004,7,1,16,0,0,1,1,1,1783641834
2026-07-10T00:06:53Z,1005,5,1,17,1,0,1,1,1,1783641121
2026-07-10T00:06:53Z,1006,13,0,6,0,0,1,1,1,1783640878
2026-07-10T00:06:53Z,1007,2,2,18,1,0,1,1,1,1783641009
2026-07-10T00:06:53Z,1008,13,6,10,0,0,1,1,1,1783641256
2026-07-10T00:06:53Z,1009,8,1,21,2,0,1,1,1,1783641704
2026-07-10T00:06:53Z,1010,15,13,11,1,0,1,1,1,1783641463
2026-07-10T00:06:53Z,1011,4,3,15,0,0,1,1,1,1783640886
2026-07-10T00:06:53Z,1012,1,1,21,1,0,1,1,1,1783641131
2026-07-10T00:06:53Z,1013,4,2,18,1,0,1,1,1,1783641199
2026-07-10T00:06:53Z,1014,12,5,11,0,0,1,1,1,1783641140
2026-07-10T00:06:53Z,1015,7,2,23,1,0,1,1,1,1783641558
2026-07-10T00:06:53Z,1016,17,6,12,2,0,1,1,1,1783641733
2026-07-10T00:06:53Z,1017,9,1,11,1,0,1,1,1,1783641021
2026-07-10T00:06:53Z,1018,5,5,15,1,0,1,1,1,1783641084
2026-07-10T00:06:53Z,1019,13,1,1,1,0,1,1,1,1783640648
2026-07-10T00:06:53Z,1020,16,0,5,0,0,1,1,1,1783641006
2026-07-10T00:06:53Z,1021,9,3,4,2,0,1,1,1,1783640743
2026-07-10T00:06:53Z,1022,12,1,15,0,0,1,1,1,1783641319
2026-07-10T00:06:53Z,1023,13,0,9,1,0,1,1,1,1783636102
2026-07-10T00:06:53Z,1024,5,0,14,0,0,1,1,1,1783640854
2026-07-10T00:06:53Z,1025,13,0,5,1,0,1,1,1,1783640881
2026-07-10T00:06:53Z,1026,9,7,21,1,0,1,1,1,1783641625
2026-07-10T00:06:53Z,1028,16,4,7,0,0,1,1,1,1783641226
2026-07-10T00:06:53Z,1029,12,10,2,1,0,1,1,1,1783640812
2026-07-10T00:06:53Z,1030,19,5,4,0,0,1,1,1,1783641284
2026-07-10T00:06:53Z,1031,1,1,17,1,0,1,1,1,1783640910
2026-07-10T00:06:53Z,1032,8,1,9,2,0,1,1,1,1783640907
2026-07-10T00:06:53Z,1033,17,5,2,0,0,1,1,1,1783641010
2026-07-10T00:06:53Z,1034,11,0,4,0,0,1,1,1,1783640666
2026-07-10T00:06:53Z,1035,7,1,11,1,0,1,1,1,1783640869
2026-07-10T00:06:53Z,1036,12,3,3,0,0,1,1,1,1783640754
2026-07-10T00:06:53Z,1037,3,0,15,1,0,1,1,1,1783640891
2026-07-10T00:06:53Z,1038,1,1,14,0,0,1,1,1,1783640636
2026-07-10T00:06:53Z,1039,12,5,7,0,0,1,1,1,1783640957
2026-07-10T00:06:53Z,1040,0,0,18,1,0,1,1,1,1783640935
2026-07-10T00:06:53Z,1041,2,0,17,0,0,1,1,1,1783640878
2026-07-10T00:06:53Z,1042,10,2,4,1,0,1,1,1,1783640665
2026-07-10T00:06:53Z,1043,6,4,13,0,0,1,1,1,1783640933
2026-07-10T00:06:53Z,1044,1,1,14,0,0,1,1,1,1783640621
2026-07-10T00:06:53Z,1045,0,0,19,0,0,1,1,1,1783640872
2026-07-10T00:06:53Z,1046,9,1,3,3,0,1,1,1,1783640646
2026-07-10T00:06:53Z,1047,2,0,16,3,0,1,1,1,1783640960
2026-07-10T00:06:53Z,1048,14,0,5,0,0,1,1,1,1783640847
2026-07-10T00:06:53Z,1049,6,2,15,0,0,1,1,1,1783641064
2026-07-10T00:06:53Z,1050,13,1,7,1,0,1,1,1,1783641068
2026-07-10T00:06:53Z,1051,18,2,3,0,0,1,1,1,1783641056
2026-07-10T00:06:53Z,1052,11,2,11,0,0,1,1,1,1783641098
2026-07-10T00:06:53Z,1053,3,1,12,0,0,1,1,1,1783635252
2026-07-10T00:06:53Z,1054,10,1,5,0,0,1,1,1,1783640669
2026-07-10T00:06:53Z,1055,8,0,11,0,0,1,1,1,1783640879
2026-07-10T00:06:53Z,1057,19,0,0,0,0,1,1,1,1783641379
2026-07-10T00:06:53Z,1058,41,1,14,1,0,1,1,1,1783641137
2026-07-10T00:06:53Z,1059,10,1,9,0,0,1,1,1,1783640706
2026-07-10T00:06:53Z,1060,10,4,27,0,0,1,1,1,1783641558
2026-07-10T00:06:53Z,1061,35,0,2,0,0,1,1,1,1783641915
2026-07-10T00:06:53Z,1062,16,0,1,0,0,1,1,1,1783640516
2026-07-10T00:06:53Z,1063,13,3,5,1,0,1,1,1,1783640898
2026-07-10T00:06:53Z,1064,10,3,13,0,0,1,1,1,1783641129
2026-07-10T00:06:53Z,1065,11,2,11,1,0,1,1,1,1783641182
2026-07-10T00:06:53Z,1066,13,3,8,2,0,1,1,1,1783641237
2026-07-10T00:06:53Z,1067,7,0,16,0,0,1,1,1,1783641136
2026-07-10T00:06:53Z,1068,14,2,8,1,0,1,1,1,1783640755
2026-07-10T00:06:53Z,1069,4,1,19,0,0,1,1,1,1783641147
2026-07-10T00:06:53Z,1070,3,0,15,5,0,1,1,1,1783641171
2026-07-10T00:06:53Z,1071,1,0,22,0,0,1,1,1,1783641115
2026-07-10T00:06:53Z,1072,12,1,8,3,0,1,1,1,1783641246
2026-07-10T00:06:53Z,1073,7,1,19,1,0,1,1,1,1783641452
2026-07-10T00:06:53Z,1074,51,3,0,2,0,1,1,1,1783641346
2026-07-10T00:06:53Z,1075,6,5,15,0,0,1,1,1,1783641075
2026-07-10T00:06:53Z,1076,10,9,11,0,0,1,1,1,1783641108
2026-07-10T00:06:53Z,1077,11,7,10,0,0,1,1,1,1783641510
2026-07-10T00:06:53Z,1078,7,4,14,0,0,1,1,1,1783640773
2026-07-10T00:06:53Z,1079,14,12,7,0,0,1,1,1,1783641118
2026-07-10T00:06:53Z,1080,10,8,11,0,0,1,1,1,1783641198
2026-07-10T00:06:53Z,1081,15,11,4,0,0,1,1,1,1783640795
2026-07-10T00:06:53Z,1082,10,8,12,1,0,1,1,1,1783641500
2026-07-10T00:06:53Z,1083,9,7,12,0,0,1,1,1,1783641125
2026-07-10T00:06:53Z,1084,9,7,12,0,0,1,1,1,1783641220
2026-07-10T00:06:53Z,1085,10,6,10,1,0,1,1,1,1783641467
2026-07-10T00:06:53Z,1086,12,11,9,0,0,1,1,1,1783640487
2026-07-10T00:06:53Z,1087,7,7,8,0,0,1,1,1,1783641555
2026-07-10T00:06:53Z,1088,7,5,8,0,0,1,1,1,1783640852
2026-07-10T00:06:53Z,1089,6,6,9,0,0,1,1,1,1783641481
2026-07-10T00:06:53Z,1090,10,8,5,0,0,1,1,1,1783641407
2026-07-10T00:06:53Z,1091,6,4,9,0,0,1,1,1,1783641539
2026-07-10T00:06:53Z,1092,10,9,5,0,0,1,1,1,1783640803
2026-07-10T00:06:53Z,1093,8,8,7,0,0,1,1,1,1783640749
2026-07-10T00:06:53Z,1094,16,13,3,0,0,1,1,1,1783640858
2026-07-10T00:06:53Z,1095,8,7,7,0,0,1,1,1,1783640507
2026-07-10T00:06:53Z,1096,8,6,11,0,0,1,1,1,1783640983
2026-07-10T00:06:53Z,1097,10,8,5,0,0,1,1,1,1783640775
2026-07-10T00:06:53Z,1098,11,8,8,0,0,1,1,1,1783640968
2026-07-10T00:06:53Z,1099,6,4,9,0,0,1,1,1,1783640725
2026-07-10T00:06:53Z,1100,11,6,18,0,0,1,1,1,1783641567
2026-07-10T00:06:53Z,1101,9,4,11,1,0,1,1,1,1783641151
2026-07-10T00:06:53Z,1102,8,5,5,0,0,1,1,1,1783640555
2026-07-10T00:06:53Z,1103,11,6,9,1,0,1,1,1,1783621072
2026-07-10T00:06:53Z,1104,8,4,13,0,0,1,1,1,1783641043
2026-07-10T00:06:53Z,1105,9,4,4,0,0,1,1,1,1783640541
2026-07-10T00:06:53Z,1106,10,5,10,1,0,1,1,1,1783641057
2026-07-10T00:06:53Z,1107,9,4,5,1,0,1,1,1,1783640684
2026-07-10T00:06:53Z,1108,10,4,14,3,0,1,1,1,1783641387
2026-07-10T00:06:53Z,1109,8,5,7,0,0,1,1,1,1783641142
2026-07-10T00:06:53Z,1110,16,6,5,0,0,1,1,1,1783641017
2026-07-10T00:06:53Z,1111,20,3,1,0,0,1,1,1,1783641012
2026-07-10T00:06:53Z,1112,24,0,28,1,0,1,1,1,1783641823
2026-07-10T00:06:53Z,1113,1,0,20,0,0,1,1,1,1783640833
2026-07-10T00:06:53Z,1115,5,0,15,3,0,1,1,1,1783641336
2026-07-10T00:06:53Z,1116,5,0,14,0,0,1,1,1,1783640868
2026-07-10T00:06:53Z,1117,1,1,22,0,0,1,1,1,1783641104
2026-07-10T00:06:53Z,1118,11,0,9,1,0,1,1,1,1783641343
2026-07-10T00:06:53Z,1119,3,0,14,0,0,1,1,1,1783640781
2026-07-10T00:06:53Z,1120,16,2,2,1,0,1,1,1,1783640895
2026-07-10T00:06:53Z,1121,11,1,9,1,0,1,1,1,1783641136
2026-07-10T00:06:53Z,1122,10,3,11,0,0,1,1,1,1783641861
2026-07-10T00:06:53Z,1123,11,1,11,1,0,1,1,1,1783641857
2026-07-10T00:06:53Z,1124,5,0,9,1,0,1,1,1,1783641486
2026-07-10T00:06:53Z,1125,9,0,14,0,0,1,1,1,1783641220
2026-07-10T00:06:53Z,1126,6,0,15,0,0,1,1,1,1783641532
2026-07-10T00:06:53Z,1127,10,1,9,0,0,1,1,1,1783640878
2026-07-10T00:06:53Z,1128,11,4,3,1,0,1,1,1,1783641487
2026-07-10T00:06:53Z,1129,10,1,10,1,0,1,1,1,1783641020
2026-07-10T00:06:53Z,1130,5,0,10,0,0,1,1,1,1783641283
2026-07-10T00:06:53Z,1131,28,0,20,1,0,1,1,1,1783640815
2026-07-10T00:06:53Z,1132,13,11,8,0,0,1,1,1,1783641660
2026-07-10T00:06:53Z,1133,3,1,15,3,0,1,1,1,1783641539
2026-07-10T00:06:53Z,1134,10,5,9,0,0,1,1,1,1783641058
2026-07-10T00:06:53Z,1135,9,4,12,0,0,1,1,1,1783641059
2026-07-10T00:06:53Z,1136,22,0,1,0,0,1,1,1,1783641142
2026-07-10T00:06:53Z,1137,8,1,7,0,0,1,1,1,1783640657
2026-07-10T00:06:53Z,1138,3,0,16,0,0,1,1,1,1783640900
2026-07-10T00:06:53Z,1139,15,2,6,0,0,1,1,1,1783641041
2026-07-10T00:06:53Z,1140,14,6,7,2,0,1,1,1,1783641508
2026-07-10T00:06:53Z,1141,2,2,18,1,0,1,1,1,1783641042
2026-07-10T00:06:53Z,1142,11,0,9,1,0,1,1,1,1783641165
2026-07-10T00:06:53Z,1143,25,1,4,0,0,1,1,1,1783641845
2026-07-10T00:06:53Z,1144,15,2,5,1,0,1,1,1,1783640997
2026-07-10T00:06:53Z,1145,11,5,8,1,0,1,1,1,1783641787
2026-07-10T00:06:53Z,1146,14,3,4,1,0,1,1,1,1783641508
2026-07-10T00:06:53Z,1147,12,0,7,0,0,1,1,1,1783640874
2026-07-10T00:06:53Z,1148,14,5,15,2,0,1,1,1,1783641677
2026-07-10T00:06:53Z,1149,7,7,18,0,0,1,1,1,1783641404
2026-07-10T00:06:53Z,1150,1,0,18,0,0,1,1,1,1783641046
2026-07-10T00:06:53Z,1151,3,0,17,1,0,1,1,1,1783640952
2026-07-10T00:06:53Z,1152,2,0,25,2,0,1,1,1,1783641440
2026-07-10T00:06:53Z,1153,18,0,4,1,0,1,1,1,1783640944
2026-07-10T00:06:53Z,1154,5,0,12,2,0,1,1,1,1783640695
2026-07-10T00:06:53Z,1155,7,0,12,2,0,1,1,1,1783641098
2026-07-10T00:06:53Z,1158,3,1,15,1,0,1,1,1,1783640888
2026-07-10T00:06:53Z,1159,1,1,17,1,0,1,1,1,1783641583
2026-07-10T00:06:53Z,1160,16,3,2,1,0,1,1,1,1783640363
2026-07-10T00:06:53Z,1161,8,2,11,0,0,1,1,1,1783640947
2026-07-10T00:06:53Z,1162,12,2,6,1,0,1,1,1,1783640936
2026-07-10T00:06:53Z,1163,0,0,19,0,0,1,1,1,1783640865
2026-07-10T00:06:53Z,1164,6,1,13,0,0,1,1,1,1783640858
2026-07-10T00:06:53Z,1165,5,1,16,0,0,1,1,1,1783640978
2026-07-10T00:06:53Z,1166,5,2,14,1,0,1,1,1,1783640958
2026-07-10T00:06:53Z,1167,9,0,5,1,0,1,1,1,1783640659
2026-07-10T00:06:53Z,1168,3,1,20,0,0,1,1,1,1783641188
2026-07-10T00:06:53Z,1169,2,1,16,1,0,1,1,1,1783640875
2026-07-10T00:06:53Z,1170,6,2,13,2,0,1,1,1,1783641059
2026-07-10T00:06:53Z,1171,16,14,7,0,0,1,1,1,1783641361
2026-07-10T00:06:53Z,1172,7,1,5,3,0,1,1,1,1783640693
2026-07-10T00:06:53Z,1173,0,0,18,1,0,1,1,1,1783640879
2026-07-10T00:06:53Z,1174,0,0,14,1,0,1,1,1,1783640645
2026-07-10T00:06:53Z,1175,8,0,11,0,0,1,1,1,1783640825
2026-07-10T00:06:53Z,1176,17,4,4,0,0,1,1,1,1783641046
2026-07-10T00:06:53Z,1177,13,3,8,0,0,1,1,1,1783641041
2026-07-10T00:06:53Z,1178,7,1,8,0,0,1,1,1,1783640428
2026-07-10T00:06:53Z,1181,8,0,6,1,0,1,1,1,1783638565
2026-07-10T00:06:53Z,1182,1,0,19,0,0,1,1,1,1783640939
2026-07-10T00:06:53Z,1183,19,0,18,0,0,1,1,1,1783641945
2026-07-10T00:06:53Z,1184,6,4,14,1,0,1,1,1,1783641567
2026-07-10T00:06:53Z,1185,8,5,13,0,0,1,1,1,1783606587
2026-07-10T00:06:53Z,1186,9,5,9,1,0,1,1,1,1783640920
2026-07-10T00:06:53Z,1188,8,4,7,0,0,1,1,1,1783641496
2026-07-10T00:06:53Z,1189,10,5,9,0,0,1,1,1,1783641747
2026-07-10T00:06:53Z,1190,10,5,11,0,0,1,1,1,1783641037
2026-07-10T00:06:53Z,1191,8,4,6,1,0,1,1,1,1783640291
2026-07-10T00:06:53Z,1192,9,5,12,0,0,1,1,1,1783641104
2026-07-10T00:06:53Z,1193,10,5,2,1,0,1,1,1,1783640513
2026-07-10T00:06:53Z,1197,7,3,9,1,0,1,1,1,1783641752
2026-07-10T00:06:53Z,1198,10,6,10,1,0,1,1,1,1783641075
2026-07-10T00:06:53Z,1199,8,3,11,0,0,1,1,1,1783640876
2026-07-10T00:06:53Z,1200,9,5,6,0,0,1,1,1,1783641805
2026-07-10T00:06:53Z,1201,10,5,5,0,0,1,1,1,1783641830
2026-07-10T00:06:53Z,1202,9,5,6,0,0,1,1,1,1783641799
2026-07-10T00:06:53Z,1203,10,5,5,0,0,1,1,1,1783641828
2026-07-10T00:06:53Z,1218,8,3,12,1,0,1,1,1,1783641010
2026-07-10T00:06:53Z,1222,17,1,12,0,0,1,1,1,1783641169
2026-07-10T00:06:53Z,1223,17,1,12,0,0,1,1,1,1783641392
2026-07-10T00:06:53Z,1226,0,0,3,0,0,0,1,1,1781868931
