snapshot_utc,station_id,num_bikes_available,num_ebikes_available,num_docks_available,num_bikes_disabled,num_docks_disabled,is_installed,is_renting,is_returning,last_reported
2026-08-03T00:03:16Z,1,6,0,17,0,0,1,1,1,1785711895
2026-08-03T00:03:16Z,2,11,0,13,3,0,1,1,1,1785714952
2026-08-03T00:03:16Z,3,3,0,10,1,0,1,1,1,1785715355
2026-08-03T00:03:16Z,4,2,1,19,1,0,1,1,1,1785714020
2026-08-03T00:03:16Z,5,12,4,9,1,1,1,1,1,1785707300
2026-08-03T00:03:16Z,6,13,1,2,0,0,1,1,1,1785715184
2026-08-03T00:03:16Z,7,5,1,34,0,0,1,1,1,1785715074
2026-08-03T00:03:16Z,8,2,0,40,1,0,1,1,1,1785714788
2026-08-03T00:03:16Z,9,20,2,3,0,0,1,1,1,1785714555
2026-08-03T00:03:16Z,10,9,2,12,2,0,1,1,1,1785713840
2026-08-03T00:03:16Z,11,13,3,5,1,0,1,1,1,1785715054
2026-08-03T00:03:16Z,12,2,0,21,0,0,1,1,1,1785715338
2026-08-03T00:03:16Z,13,15,1,15,0,0,1,1,1,1785714764
2026-08-03T00:03:16Z,14,9,0,33,0,1,1,1,1,1785715059
2026-08-03T00:03:16Z,15,3,0,12,0,0,1,1,1,1785713396
2026-08-03T00:03:16Z,16,8,1,17,1,1,1,1,1,1785709998
2026-08-03T00:03:16Z,17,5,1,21,1,0,1,1,1,1785715383
2026-08-03T00:03:16Z,18,4,4,12,2,0,1,1,1,1785714941
2026-08-03T00:03:16Z,19,16,2,11,0,0,1,1,1,1785715189
2026-08-03T00:03:16Z,20,13,0,22,0,0,1,1,1,1785715101
2026-08-03T00:03:16Z,21,13,0,5,1,0,1,1,1,1785715032
2026-08-03T00:03:16Z,22,26,1,38,1,0,1,1,1,1785715251
2026-08-03T00:03:16Z,23,10,5,20,1,0,1,1,1,1785713264
2026-08-03T00:03:16Z,24,4,0,6,1,0,1,1,1,1785715384
2026-08-03T00:03:16Z,25,56,0,21,4,0,1,1,1,1785715389
2026-08-03T00:03:16Z,26,10,2,17,0,0,1,1,1,1785713780
2026-08-03T00:03:16Z,28,1,0,14,0,0,1,1,1,1785713041
2026-08-03T00:03:16Z,30,3,0,26,0,0,1,1,1,1785714590
2026-08-03T00:03:16Z,31,10,0,8,1,0,1,1,1,1785715205
2026-08-03T00:03:16Z,32,6,0,21,0,0,1,1,1,1785715389
2026-08-03T00:03:16Z,34,6,1,31,0,0,1,1,1,1785712564
2026-08-03T00:03:16Z,35,27,3,19,1,0,1,1,1,1785714282
2026-08-03T00:03:16Z,36,0,0,0,0,0,0,1,1,86400
2026-08-03T00:03:16Z,37,16,1,6,1,0,1,1,1,1785715113
2026-08-03T00:03:16Z,38,7,1,16,0,0,1,1,1,1785712218
2026-08-03T00:03:16Z,39,35,6,4,0,0,1,1,1,1785714892
2026-08-03T00:03:16Z,40,4,0,17,0,0,1,1,1,1785715382
2026-08-03T00:03:16Z,41,2,0,41,0,0,1,1,1,1785715348
2026-08-03T00:03:16Z,42,17,9,14,0,0,1,1,1,1785715312
2026-08-03T00:03:16Z,43,21,3,2,0,0,1,1,1,1785714268
2026-08-03T00:03:16Z,45,1,0,28,0,0,1,1,1,1785714153
2026-08-03T00:03:16Z,46,0,0,30,1,0,1,1,1,1785715287
2026-08-03T00:03:16Z,47,6,1,7,2,0,1,1,1,1785715338
2026-08-03T00:03:16Z,48,11,1,16,0,0,1,1,1,1785714906
2026-08-03T00:03:16Z,49,5,0,15,3,0,1,1,1,1785715391
2026-08-03T00:03:16Z,50,10,3,8,1,0,1,1,1,1785715388
2026-08-03T00:03:16Z,51,36,0,40,1,0,1,1,1,1785713893
2026-08-03T00:03:16Z,52,5,1,19,3,0,1,1,1,1785715261
2026-08-03T00:03:16Z,55,0,0,23,0,0,1,1,1,1785712742
2026-08-03T00:03:16Z,56,2,1,41,0,0,1,1,1,1785713536
2026-08-03T00:03:16Z,57,11,6,16,0,0,1,1,1,1785715341
2026-08-03T00:03:16Z,58,1,1,27,0,0,1,1,1,1785713094
2026-08-03T00:03:16Z,59,7,1,19,1,0,1,1,1,1785715371
2026-08-03T00:03:16Z,61,4,0,35,0,0,1,1,1,1785708823
2026-08-03T00:03:16Z,62,1,0,0,15,33,1,1,1,1785715388
2026-08-03T00:03:16Z,63,14,1,5,0,0,1,1,1,1785715028
2026-08-03T00:03:16Z,64,7,1,10,2,0,1,1,1,1785714326
2026-08-03T00:03:16Z,65,11,5,7,1,0,1,1,1,1785712939
2026-08-03T00:03:16Z,67,31,1,8,0,0,1,1,1,1785714770
2026-08-03T00:03:16Z,68,4,0,33,0,0,1,1,1,1785712882
2026-08-03T00:03:16Z,69,13,1,2,0,0,1,1,1,1785715115
2026-08-03T00:03:16Z,71,11,0,15,1,0,1,1,1,1785715344
2026-08-03T00:03:16Z,72,22,4,4,4,1,1,1,1,1785715179
2026-08-03T00:03:16Z,73,3,0,28,0,0,1,1,1,1785714809
2026-08-03T00:03:16Z,74,4,0,15,0,0,1,1,1,1785713267
2026-08-03T00:03:16Z,75,0,0,31,1,0,1,1,1,1785714912
2026-08-03T00:03:16Z,76,3,1,15,1,0,1,1,1,1785715386
2026-08-03T00:03:16Z,77,20,1,7,0,0,1,1,1,1785715279
2026-08-03T00:03:16Z,78,9,1,13,1,0,1,1,1,1785714745
2026-08-03T00:03:16Z,79,4,0,11,2,0,1,1,1,1785714837
2026-08-03T00:03:16Z,80,3,0,17,3,0,1,1,1,1785715391
2026-08-03T00:03:16Z,81,5,2,25,1,0,1,1,1,1785715011
2026-08-03T00:03:16Z,82,20,8,3,0,0,1,1,1,1785715389
2026-08-03T00:03:16Z,83,21,1,9,4,0,1,1,1,1785715376
2026-08-03T00:03:16Z,84,11,2,16,0,0,1,1,1,1785714691
2026-08-03T00:03:16Z,85,10,1,5,0,0,1,1,1,1785715273
2026-08-03T00:03:16Z,86,22,3,5,0,0,1,1,1,1785714145
2026-08-03T00:03:16Z,87,7,0,12,0,0,1,1,1,1785710562
2026-08-03T00:03:16Z,88,16,0,26,1,0,1,1,1,1785713692
2026-08-03T00:03:16Z,89,32,3,3,0,0,1,1,1,1785709147
2026-08-03T00:03:16Z,90,4,2,13,1,0,1,1,1,1785715190
2026-08-03T00:03:16Z,91,6,0,9,2,0,1,1,1,1785712977
2026-08-03T00:03:16Z,92,8,0,9,2,0,1,1,1,1785715363
2026-08-03T00:03:16Z,93,11,2,12,0,0,1,1,1,1785715028
2026-08-03T00:03:16Z,94,7,0,11,1,0,1,1,1,1785715116
2026-08-03T00:03:16Z,95,21,1,11,2,1,1,1,1,1785715165
2026-08-03T00:03:16Z,96,20,1,10,1,0,1,1,1,1785715049
2026-08-03T00:03:16Z,97,3,1,13,1,0,1,1,1,1785715255
2026-08-03T00:03:16Z,98,30,1,4,1,0,1,1,1,1785714793
2026-08-03T00:03:16Z,99,9,1,6,0,0,1,1,1,1785715276
2026-08-03T00:03:16Z,100,4,0,22,1,0,1,1,1,1785715260
2026-08-03T00:03:16Z,101,13,0,0,2,0,1,1,1,1785714719
2026-08-03T00:03:16Z,102,9,0,14,0,0,1,1,1,1785714148
2026-08-03T00:03:16Z,103,19,0,9,2,0,1,1,1,1785715291
2026-08-03T00:03:16Z,104,12,1,13,2,0,1,1,1,1785715382
2026-08-03T00:03:16Z,105,13,0,4,2,0,1,1,1,1785708568
2026-08-03T00:03:16Z,106,10,0,11,0,0,1,1,1,1785708842
2026-08-03T00:03:16Z,107,15,0,22,0,0,1,1,1,1785714381
2026-08-03T00:03:16Z,108,15,0,19,1,0,1,1,1,1785715358
2026-08-03T00:03:16Z,109,6,0,17,0,0,1,1,1,1785715363
2026-08-03T00:03:16Z,110,10,0,10,3,0,1,1,1,1785715286
2026-08-03T00:03:16Z,111,15,0,21,0,0,1,1,1,1785713935
2026-08-03T00:03:16Z,112,6,2,8,1,0,1,1,1,1785715317
2026-08-03T00:03:16Z,113,6,0,12,1,0,1,1,1,1785715293
2026-08-03T00:03:16Z,114,9,3,22,0,0,1,1,1,1785715108
2026-08-03T00:03:16Z,115,19,5,6,3,0,1,1,1,1785715135
2026-08-03T00:03:16Z,116,11,8,16,0,0,1,1,1,1785714992
2026-08-03T00:03:16Z,118,4,0,19,0,0,1,1,1,1785710695
2026-08-03T00:03:16Z,119,23,2,13,2,0,1,1,1,1785714679
2026-08-03T00:03:16Z,120,14,2,10,2,0,1,1,1,1785714771
2026-08-03T00:03:16Z,121,2,0,15,1,1,1,1,1,1785715138
2026-08-03T00:03:16Z,122,13,0,7,1,0,1,1,1,1785715008
2026-08-03T00:03:16Z,123,20,3,27,0,0,1,1,1,1785714959
2026-08-03T00:03:16Z,124,30,5,5,0,0,1,1,1,1785715389
2026-08-03T00:03:16Z,125,9,8,14,0,0,1,1,1,1785715110
2026-08-03T00:03:16Z,126,12,0,19,0,0,1,1,1,1785714715
2026-08-03T00:03:16Z,127,29,1,5,1,0,1,1,1,1785715190
2026-08-03T00:03:16Z,128,17,0,2,0,0,1,1,1,1785714923
2026-08-03T00:03:16Z,129,8,4,10,1,0,1,1,1,1785714272
2026-08-03T00:03:16Z,130,12,0,5,0,0,1,1,1,1785711734
2026-08-03T00:03:16Z,131,6,1,5,0,0,1,1,1,1785714711
2026-08-03T00:03:16Z,132,4,0,10,0,1,1,1,1,1785714877
2026-08-03T00:03:16Z,134,16,7,3,3,1,1,1,1,1785715249
2026-08-03T00:03:16Z,135,11,1,8,0,0,1,1,1,1785715362
2026-08-03T00:03:16Z,136,6,0,16,0,0,1,1,1,1785713993
2026-08-03T00:03:16Z,137,18,3,0,1,0,1,1,1,1785715385
2026-08-03T00:03:16Z,138,22,1,15,0,0,1,1,1,1785714833
2026-08-03T00:03:16Z,139,18,1,1,0,0,1,1,1,1785715274
2026-08-03T00:03:16Z,140,21,3,1,1,0,1,1,1,1785715391
2026-08-03T00:03:16Z,141,22,1,13,1,0,1,1,1,1785714140
2026-08-03T00:03:16Z,142,5,0,18,0,0,1,1,1,1785715383
2026-08-03T00:03:16Z,143,26,0,4,1,0,1,1,1,1785715321
2026-08-03T00:03:16Z,144,18,0,9,0,0,1,1,1,1785715271
2026-08-03T00:03:16Z,146,4,0,17,2,0,1,1,1,1785713962
2026-08-03T00:03:16Z,147,7,0,10,2,0,1,1,1,1785714580
2026-08-03T00:03:16Z,148,11,0,13,3,0,1,1,1,1785715310
2026-08-03T00:03:16Z,149,7,0,19,1,0,1,1,1,1785714470
2026-08-03T00:03:16Z,150,26,4,7,2,0,1,1,1,1785715349
2026-08-03T00:03:16Z,151,6,2,17,0,0,1,1,1,1785714944
2026-08-03T00:03:16Z,152,15,1,9,2,0,1,1,1,1785715357
2026-08-03T00:03:16Z,153,25,0,1,2,0,1,1,1,1785714235
2026-08-03T00:03:16Z,154,8,0,12,3,0,1,1,1,1785715391
2026-08-03T00:03:16Z,155,12,2,1,1,0,1,1,1,1785715369
2026-08-03T00:03:16Z,156,9,0,10,0,0,1,1,1,1785715347
2026-08-03T00:03:16Z,157,23,1,1,3,0,1,1,1,1785715349
2026-08-03T00:03:16Z,158,4,0,12,0,0,1,1,1,1785714342
2026-08-03T00:03:16Z,159,13,11,6,0,0,1,1,1,1785715274
2026-08-03T00:03:16Z,160,11,2,8,0,0,1,1,1,1785715288
2026-08-03T00:03:16Z,161,16,0,6,0,0,1,1,1,1785715351
2026-08-03T00:03:16Z,162,20,2,5,2,0,1,1,1,1785715107
2026-08-03T00:03:16Z,163,23,0,7,0,1,1,1,1,1785715352
2026-08-03T00:03:16Z,164,26,0,1,0,0,1,1,1,1785715059
2026-08-03T00:03:16Z,165,23,6,7,0,1,1,1,1,1785715271
2026-08-03T00:03:16Z,166,31,0,4,4,0,1,1,1,1785715391
2026-08-03T00:03:16Z,167,14,0,8,1,0,1,1,1,1785714413
2026-08-03T00:03:16Z,168,15,0,11,1,0,1,1,1,1785715304
2026-08-03T00:03:16Z,169,18,0,4,0,1,1,1,1,1785715347
2026-08-03T00:03:16Z,170,14,4,4,1,0,1,1,1,1785714561
2026-08-03T00:03:16Z,171,5,1,6,2,0,1,1,1,1785715290
2026-08-03T00:03:16Z,173,28,3,10,1,0,1,1,1,1785715313
2026-08-03T00:03:16Z,174,25,1,1,0,0,1,1,1,1785715357
2026-08-03T00:03:16Z,175,29,2,1,1,0,1,1,1,1785714992
2026-08-03T00:03:16Z,176,2,0,9,3,1,1,1,1,1785715388
2026-08-03T00:03:16Z,177,16,0,11,0,0,1,1,1,1785715364
2026-08-03T00:03:16Z,178,8,2,4,2,1,1,1,1,1785715386
2026-08-03T00:03:16Z,179,14,2,0,1,0,1,1,1,1785714926
2026-08-03T00:03:16Z,180,7,0,23,0,0,1,1,1,1785715319
2026-08-03T00:03:16Z,181,6,2,8,1,0,1,1,1,1785715022
2026-08-03T00:03:16Z,182,13,2,4,0,0,1,1,1,1785714355
2026-08-03T00:03:16Z,183,14,2,8,1,0,1,1,1,1785715112
2026-08-03T00:03:16Z,184,15,1,5,2,1,1,1,1,1785715278
2026-08-03T00:03:16Z,185,8,5,4,2,1,1,1,1,1785715180
2026-08-03T00:03:16Z,186,17,5,2,0,0,1,1,1,1785715050
2026-08-03T00:03:16Z,187,21,0,7,0,0,1,1,1,1785715337
2026-08-03T00:03:16Z,188,19,0,1,7,0,1,1,1,1785715254
2026-08-03T00:03:16Z,189,13,4,2,0,0,1,1,1,1785713636
2026-08-03T00:03:16Z,190,8,1,15,0,0,1,1,1,1785715230
2026-08-03T00:03:16Z,191,17,9,22,0,0,1,1,1,1785715340
2026-08-03T00:03:16Z,192,4,4,25,2,0,1,1,1,1785714846
2026-08-03T00:03:16Z,193,9,9,5,1,0,1,1,1,1785714249
2026-08-03T00:03:16Z,194,6,3,21,0,0,1,1,1,1785715145
2026-08-03T00:03:16Z,195,10,6,8,0,0,1,1,1,1785714529
2026-08-03T00:03:16Z,196,23,0,3,1,0,1,1,1,1785714529
2026-08-03T00:03:16Z,197,9,1,9,0,1,1,1,1,1785714777
2026-08-03T00:03:16Z,198,10,3,13,0,0,1,1,1,1785714270
2026-08-03T00:03:16Z,199,5,2,9,1,0,1,1,1,1785715293
2026-08-03T00:03:16Z,200,11,6,15,0,0,1,1,1,1785713989
2026-08-03T00:03:16Z,201,21,3,2,0,0,1,1,1,1785715281
2026-08-03T00:03:16Z,202,17,0,10,0,0,1,1,1,1785715164
2026-08-03T00:03:16Z,203,6,1,24,1,0,1,1,1,1785714215
2026-08-03T00:03:16Z,204,8,1,25,2,0,1,1,1,1785715270
2026-08-03T00:03:16Z,205,11,1,16,0,0,1,1,1,1785713308
2026-08-03T00:03:16Z,206,4,4,10,1,0,1,1,1,1785714307
2026-08-03T00:03:16Z,207,11,1,10,0,0,1,1,1,1785714811
2026-08-03T00:03:16Z,208,3,0,26,0,0,1,1,1,1785713526
2026-08-03T00:03:16Z,209,20,1,9,2,0,1,1,1,1785715261
2026-08-03T00:03:16Z,210,19,6,8,0,0,1,1,1,1785715044
2026-08-03T00:03:16Z,211,18,2,3,2,0,1,1,1,1785709062
2026-08-03T00:03:16Z,212,32,5,2,1,0,1,1,1,1785715155
2026-08-03T00:03:16Z,213,10,0,12,1,0,1,1,1,1785715391
2026-08-03T00:03:16Z,214,29,17,11,7,0,1,1,1,1785715186
2026-08-03T00:03:16Z,215,13,10,10,0,0,1,1,1,1785715385
2026-08-03T00:03:16Z,216,12,2,6,1,0,1,1,1,1785714885
2026-08-03T00:03:16Z,217,18,0,10,1,0,1,1,1,1785715284
2026-08-03T00:03:16Z,218,21,11,12,6,0,1,1,1,1785715263
2026-08-03T00:03:16Z,219,3,2,22,1,0,1,1,1,1785715320
2026-08-03T00:03:16Z,220,37,5,6,0,0,1,1,1,1785714676
2026-08-03T00:03:16Z,221,4,1,10,1,0,1,1,1,1785713300
2026-08-03T00:03:16Z,222,7,0,12,0,0,1,1,1,1785715229
2026-08-03T00:03:16Z,223,19,1,14,2,0,1,1,1,1785715326
2026-08-03T00:03:16Z,224,13,9,9,0,0,1,1,1,1785714860
2026-08-03T00:03:16Z,225,7,3,9,3,0,1,1,1,1785714464
2026-08-03T00:03:16Z,226,19,12,10,2,0,1,1,1,1785715210
2026-08-03T00:03:16Z,227,8,4,19,0,0,1,1,1,1785715250
2026-08-03T00:03:16Z,228,8,6,10,1,0,1,1,1,1785715376
2026-08-03T00:03:16Z,230,9,0,17,0,0,1,1,1,1785714939
2026-08-03T00:03:16Z,232,6,1,10,1,0,1,1,1,1785714466
2026-08-03T00:03:16Z,233,26,4,4,1,0,1,1,1,1785715356
2026-08-03T00:03:16Z,234,7,7,8,2,2,1,1,1,1785714232
2026-08-03T00:03:16Z,236,16,5,3,0,0,1,1,1,1785713155
2026-08-03T00:03:16Z,237,22,0,0,1,0,1,1,1,1785715021
2026-08-03T00:03:16Z,239,15,8,11,1,0,1,1,1,1785713240
2026-08-03T00:03:16Z,241,8,4,14,1,0,1,1,1,1785715086
2026-08-03T00:03:16Z,242,1,1,20,2,0,1,1,1,1785711809
2026-08-03T00:03:16Z,243,18,10,12,1,0,1,1,1,1785715325
2026-08-03T00:03:16Z,244,24,7,2,1,0,1,1,1,1785712637
2026-08-03T00:03:16Z,245,20,4,1,2,0,1,1,1,1785714566
2026-08-03T00:03:16Z,246,10,2,12,1,0,1,1,1,1785713425
2026-08-03T00:03:16Z,247,8,5,15,0,0,1,1,1,1785707048
2026-08-03T00:03:16Z,248,14,2,7,2,0,1,1,1,1785714566
2026-08-03T00:03:16Z,249,16,5,3,0,0,1,1,1,1785713590
2026-08-03T00:03:16Z,250,6,3,20,1,0,1,1,1,1785714629
2026-08-03T00:03:16Z,251,5,1,20,2,0,1,1,1,1785715173
2026-08-03T00:03:16Z,253,9,3,10,0,0,1,1,1,1785714034
2026-08-03T00:03:16Z,254,37,9,5,1,0,1,1,1,1785715061
2026-08-03T00:03:16Z,255,15,1,7,0,1,1,1,1,1785715304
2026-08-03T00:03:16Z,256,13,4,8,2,0,1,1,1,1785715164
2026-08-03T00:03:16Z,257,4,2,14,1,0,1,1,1,1785715179
2026-08-03T00:03:16Z,258,14,2,3,2,0,1,1,1,1785715127
2026-08-03T00:03:16Z,259,14,3,8,0,1,1,1,1,1785713662
2026-08-03T00:03:16Z,260,2,0,15,2,0,1,1,1,1785712257
2026-08-03T00:03:16Z,261,11,0,7,0,1,1,1,1,1785712714
2026-08-03T00:03:16Z,262,8,8,12,3,0,1,1,1,1785715354
2026-08-03T00:03:16Z,263,5,2,9,1,0,1,1,1,1785714013
2026-08-03T00:03:16Z,264,12,1,6,1,0,1,1,1,1785715200
2026-08-03T00:03:16Z,265,6,1,9,0,0,1,1,1,1785714714
2026-08-03T00:03:16Z,266,8,6,10,1,0,1,1,1,1785714791
2026-08-03T00:03:16Z,267,8,0,5,2,0,1,1,1,1785711860
2026-08-03T00:03:16Z,268,4,4,19,0,0,1,1,1,1785711832
2026-08-03T00:03:16Z,269,20,7,3,0,0,1,1,1,1785714613
2026-08-03T00:03:16Z,270,18,4,8,1,0,1,1,1,1785714275
2026-08-03T00:03:16Z,271,14,2,3,2,0,1,1,1,1785713445
2026-08-03T00:03:16Z,272,18,8,3,2,0,1,1,1,1785715332
2026-08-03T00:03:16Z,273,13,8,1,1,0,1,1,1,1785711825
2026-08-03T00:03:16Z,274,6,2,11,2,0,1,1,1,1785714188
2026-08-03T00:03:16Z,275,9,0,10,1,3,1,1,1,1785715286
2026-08-03T00:03:16Z,276,6,5,20,1,0,1,1,1,1785713979
2026-08-03T00:03:16Z,277,7,7,13,3,0,1,1,1,1785715280
2026-08-03T00:03:16Z,278,22,3,9,0,0,1,1,1,1785715286
2026-08-03T00:03:16Z,279,10,0,9,0,0,1,1,1,1785714013
2026-08-03T00:03:16Z,280,0,0,29,2,0,1,1,1,1785715270
2026-08-03T00:03:16Z,281,13,0,6,0,0,1,1,1,1785714253
2026-08-03T00:03:16Z,282,18,6,0,0,0,1,1,1,1785713770
2026-08-03T00:03:16Z,283,32,6,3,0,0,1,1,1,1785715343
2026-08-03T00:03:16Z,284,21,3,13,1,0,1,1,1,1785715384
2026-08-03T00:03:16Z,285,10,3,12,1,0,1,1,1,1785715378
2026-08-03T00:03:16Z,286,3,2,19,1,0,1,1,1,1785714737
2026-08-03T00:03:16Z,287,6,1,16,1,0,1,1,1,1785715201
2026-08-03T00:03:16Z,288,4,3,15,0,0,1,1,1,1785712978
2026-08-03T00:03:16Z,289,5,3,20,2,0,1,1,1,1785714893
2026-08-03T00:03:16Z,290,12,3,25,2,0,1,1,1,1785715070
2026-08-03T00:03:16Z,291,19,1,3,1,0,1,1,1,1785715172
2026-08-03T00:03:16Z,292,14,2,9,0,0,1,1,1,1785712584
2026-08-03T00:03:16Z,293,4,2,19,0,0,1,1,1,1785715115
2026-08-03T00:03:16Z,294,15,2,2,5,0,1,1,1,1785715284
2026-08-03T00:03:16Z,297,2,0,15,1,1,1,1,1,1785715316
2026-08-03T00:03:16Z,301,8,0,11,0,0,1,1,1,1785714495
2026-08-03T00:03:16Z,302,6,0,17,0,0,1,1,1,1785715280
2026-08-03T00:03:16Z,303,8,2,11,0,0,1,1,1,1785713510
2026-08-03T00:03:16Z,304,0,0,0,0,0,0,1,1,86400
2026-08-03T00:03:16Z,305,5,0,12,2,0,1,1,1,1785714077
2026-08-03T00:03:16Z,306,14,1,18,0,0,1,1,1,1785712233
2026-08-03T00:03:16Z,307,2,0,21,0,0,1,1,1,1785711729
2026-08-03T00:03:16Z,308,4,0,14,1,0,1,1,1,1785714579
2026-08-03T00:03:16Z,309,12,1,2,0,0,1,1,1,1785712842
2026-08-03T00:03:16Z,311,13,1,2,0,0,1,1,1,1785715124
2026-08-03T00:03:16Z,312,14,11,5,4,0,1,1,1,1785715077
2026-08-03T00:03:16Z,313,7,0,8,0,0,1,1,1,1785714034
2026-08-03T00:03:16Z,314,18,2,1,0,0,1,1,1,1785712608
2026-08-03T00:03:16Z,315,13,2,16,2,0,1,1,1,1785713405
2026-08-03T00:03:16Z,316,19,5,6,5,1,1,1,1,1785715083
2026-08-03T00:03:16Z,317,19,8,10,1,1,1,1,1,1785715208
2026-08-03T00:03:16Z,318,6,3,13,0,0,1,1,1,1785714380
2026-08-03T00:03:16Z,319,12,0,10,1,0,1,1,1,1785713891
2026-08-03T00:03:16Z,320,12,2,6,1,0,1,1,1,1785711849
2026-08-03T00:03:16Z,321,2,0,13,4,0,1,1,1,1785715360
2026-08-03T00:03:16Z,322,2,0,27,0,0,1,1,1,1785715137
2026-08-03T00:03:16Z,323,5,0,13,1,0,1,1,1,1785714618
2026-08-03T00:03:16Z,324,8,0,18,1,0,1,1,1,1785715382
2026-08-03T00:03:16Z,325,4,3,21,2,0,1,1,1,1785715352
2026-08-03T00:03:16Z,327,27,2,0,0,0,1,1,1,1785712790
2026-08-03T00:03:16Z,328,10,0,12,0,0,1,1,1,1785714678
2026-08-03T00:03:16Z,329,19,3,0,0,0,1,1,1,1785713713
2026-08-03T00:03:16Z,330,10,2,11,1,0,1,1,1,1785714960
2026-08-03T00:03:16Z,331,3,1,19,1,0,1,1,1,1785714418
2026-08-03T00:03:16Z,332,7,1,11,1,0,1,1,1,1785712002
2026-08-03T00:03:16Z,333,5,4,16,2,0,1,1,1,1785715322
2026-08-03T00:03:16Z,334,14,6,9,0,0,1,1,1,1785713854
2026-08-03T00:03:16Z,335,10,2,11,1,1,1,1,1,1785712208
2026-08-03T00:03:16Z,336,6,1,13,0,0,1,1,1,1785714430
2026-08-03T00:03:16Z,337,3,1,17,3,0,1,1,1,1785715372
2026-08-03T00:03:16Z,338,9,2,9,1,0,1,1,1,1785714487
2026-08-03T00:03:16Z,339,17,0,5,1,0,1,1,1,1785715379
2026-08-03T00:03:16Z,340,5,2,9,1,0,1,1,1,1785714179
2026-08-03T00:03:16Z,341,2,1,17,0,0,1,1,1,1785712875
2026-08-03T00:03:16Z,342,8,2,4,3,0,1,1,1,1785714190
2026-08-03T00:03:16Z,343,15,7,8,0,0,1,1,1,1785714098
2026-08-03T00:03:16Z,344,4,2,19,0,0,1,1,1,1785715220
2026-08-03T00:03:16Z,345,6,0,13,0,0,1,1,1,1785714093
2026-08-03T00:03:16Z,346,7,2,16,0,0,1,1,1,1785714256
2026-08-03T00:03:16Z,347,32,7,8,4,0,1,1,1,1785715388
2026-08-03T00:03:16Z,348,16,0,6,0,1,1,1,1,1785715263
2026-08-03T00:03:16Z,349,4,0,15,0,0,1,1,1,1785714748
2026-08-03T00:03:16Z,350,7,1,18,1,1,1,1,1,1785714659
2026-08-03T00:03:16Z,351,2,1,18,3,0,1,1,1,1785715360
2026-08-03T00:03:16Z,355,11,3,12,0,0,1,1,1,1785712531
2026-08-03T00:03:16Z,356,5,0,14,0,0,1,1,1,1785714796
2026-08-03T00:03:16Z,357,7,6,12,0,0,1,1,1,1785714474
2026-08-03T00:03:16Z,358,21,3,6,0,0,1,1,1,1785714206
2026-08-03T00:03:16Z,359,11,1,16,0,0,1,1,1,1785715007
2026-08-03T00:03:16Z,360,8,4,11,0,0,1,1,1,1785715179
2026-08-03T00:03:16Z,362,15,7,4,0,0,1,1,1,1785714482
2026-08-03T00:03:16Z,363,9,0,18,0,0,1,1,1,1785715162
2026-08-03T00:03:16Z,364,4,0,13,2,0,1,1,1,1785714209
2026-08-03T00:03:16Z,365,7,6,12,4,0,1,1,1,1785713980
2026-08-03T00:03:16Z,366,1,1,21,1,0,1,1,1,1785715208
2026-08-03T00:03:16Z,367,11,7,7,1,0,1,1,1,1785714874
2026-08-03T00:03:16Z,368,22,0,0,1,0,1,1,1,1785715035
2026-08-03T00:03:16Z,370,21,14,6,0,0,1,1,1,1785714760
2026-08-03T00:03:16Z,371,11,1,6,2,0,1,1,1,1785713638
2026-08-03T00:03:16Z,372,14,2,0,1,0,1,1,1,1785714014
2026-08-03T00:03:16Z,373,12,1,12,3,0,1,1,1,1785713489
2026-08-03T00:03:16Z,374,14,5,4,1,0,1,1,1,1785714418
2026-08-03T00:03:16Z,375,20,2,4,3,0,1,1,1,1785713504
2026-08-03T00:03:16Z,376,15,1,23,1,0,1,1,1,1785714232
2026-08-03T00:03:16Z,377,15,0,11,1,0,1,1,1,1785715000
2026-08-03T00:03:16Z,378,1,0,21,1,1,1,1,1,1785715330
2026-08-03T00:03:16Z,379,21,4,6,0,0,1,1,1,1785715359
2026-08-03T00:03:16Z,380,20,6,3,0,0,1,1,1,1785714327
2026-08-03T00:03:16Z,381,3,0,20,0,0,1,1,1,1785715102
2026-08-03T00:03:16Z,383,2,1,12,1,0,1,1,1,1785714589
2026-08-03T00:03:16Z,384,25,2,1,1,0,1,1,1,1785714175
2026-08-03T00:03:16Z,385,11,1,7,0,0,1,1,1,1785714610
2026-08-03T00:03:16Z,387,15,2,7,1,0,1,1,1,1785715287
2026-08-03T00:03:16Z,388,13,2,33,3,0,1,1,1,1785715151
2026-08-03T00:03:16Z,389,0,0,14,1,0,1,1,1,1785707165
2026-08-03T00:03:16Z,390,23,2,12,0,0,1,1,1,1785715111
2026-08-03T00:03:16Z,391,7,2,8,0,0,1,1,1,1785710470
2026-08-03T00:03:16Z,392,7,2,10,2,0,1,1,1,1785715268
2026-08-03T00:03:16Z,393,1,0,8,2,0,1,1,1,1785709017
2026-08-03T00:03:16Z,394,6,4,5,2,0,1,1,1,1785715167
2026-08-03T00:03:16Z,396,1,1,40,1,0,1,1,1,1785715296
2026-08-03T00:03:16Z,397,19,2,12,0,0,1,1,1,1785714812
2026-08-03T00:03:16Z,399,6,0,9,2,0,1,1,1,1785715364
2026-08-03T00:03:16Z,400,12,9,9,2,0,1,1,1,1785714791
2026-08-03T00:03:16Z,401,3,1,36,0,0,1,1,1,1785715233
2026-08-03T00:03:16Z,403,27,20,2,2,0,1,1,1,1785715380
2026-08-03T00:03:16Z,404,18,1,4,1,0,1,1,1,1785714679
2026-08-03T00:03:16Z,406,7,2,27,1,0,1,1,1,1785715374
2026-08-03T00:03:16Z,407,1,0,33,0,0,1,1,1,1785714657
2026-08-03T00:03:16Z,408,16,5,15,2,0,1,1,1,1785714867
2026-08-03T00:03:16Z,409,2,0,19,2,0,1,1,1,1785712936
2026-08-03T00:03:16Z,413,7,5,15,0,1,1,1,1,1785714271
2026-08-03T00:03:16Z,414,7,0,7,1,0,1,1,1,1785714791
2026-08-03T00:03:16Z,417,14,4,5,0,0,1,1,1,1785715149
2026-08-03T00:03:16Z,418,9,4,5,1,0,1,1,1,1785714473
2026-08-03T00:03:16Z,419,21,0,2,0,0,1,1,1,1785711682
2026-08-03T00:03:16Z,421,8,1,11,0,0,1,1,1,1785714216
2026-08-03T00:03:16Z,422,14,2,13,0,0,1,1,1,1785715188
2026-08-03T00:03:16Z,423,20,0,3,0,0,1,1,1,1785711659
2026-08-03T00:03:16Z,424,4,0,7,4,0,1,1,1,1785715334
2026-08-03T00:03:16Z,425,8,0,13,0,1,1,1,1,1785715300
2026-08-03T00:03:16Z,426,1,0,35,1,0,1,1,1,1785714999
2026-08-03T00:03:16Z,427,5,0,9,1,0,1,1,1,1785715110
2026-08-03T00:03:16Z,428,12,0,7,0,0,1,1,1,1785715014
2026-08-03T00:03:16Z,429,10,2,10,3,0,1,1,1,1785715340
2026-08-03T00:03:16Z,430,17,1,10,4,0,1,1,1,1785712292
2026-08-03T00:03:16Z,431,26,0,6,1,0,1,1,1,1785713009
2026-08-03T00:03:16Z,432,0,0,30,1,0,0,1,1,1785508564
2026-08-03T00:03:16Z,433,9,4,11,3,0,1,1,1,1785713233
2026-08-03T00:03:16Z,437,18,12,0,1,0,1,1,1,1785715113
2026-08-03T00:03:16Z,438,5,1,12,2,0,1,1,1,1785715079
2026-08-03T00:03:16Z,439,5,0,8,2,0,1,1,1,1785712714
2026-08-03T00:03:16Z,440,15,3,0,0,0,1,1,1,1785713607
2026-08-03T00:03:16Z,441,5,0,4,6,0,1,1,1,1785715340
2026-08-03T00:03:16Z,442,6,0,12,1,0,1,1,1,1785706313
2026-08-03T00:03:16Z,443,3,1,24,0,0,1,1,1,1785681142
2026-08-03T00:03:16Z,444,2,1,21,0,0,1,1,1,1785709563
2026-08-03T00:03:16Z,445,8,1,14,1,0,1,1,1,1785715374
2026-08-03T00:03:16Z,446,6,0,17,0,0,1,1,1,1785709514
2026-08-03T00:03:16Z,447,3,0,18,1,1,1,1,1,1785689470
2026-08-03T00:03:16Z,448,2,0,12,1,0,1,1,1,1785715369
2026-08-03T00:03:16Z,452,17,0,1,1,0,1,1,1,1785714612
2026-08-03T00:03:16Z,453,9,5,1,5,0,1,1,1,1785715374
2026-08-03T00:03:16Z,454,13,1,6,0,0,1,1,1,1785715167
2026-08-03T00:03:16Z,455,1,0,38,0,0,1,1,1,1785713306
2026-08-03T00:03:16Z,456,13,0,4,3,0,1,1,1,1785715360
2026-08-03T00:03:16Z,457,13,1,11,3,0,1,1,1,1785713896
2026-08-03T00:03:16Z,458,16,0,5,2,0,1,1,1,1785715090
2026-08-03T00:03:16Z,459,5,2,10,0,0,1,1,1,1785713776
2026-08-03T00:03:16Z,460,13,0,10,0,0,1,1,1,1785714260
2026-08-03T00:03:16Z,461,15,0,4,0,0,1,1,1,1785715298
2026-08-03T00:03:16Z,462,4,2,17,0,0,1,1,1,1785713853
2026-08-03T00:03:16Z,463,15,0,4,0,0,1,1,1,1785710910
2026-08-03T00:03:16Z,464,0,0,13,1,0,1,1,1,1785712280
2026-08-03T00:03:16Z,465,2,0,13,0,0,1,1,1,1785710508
2026-08-03T00:03:16Z,466,1,1,12,2,0,1,1,1,1785715326
2026-08-03T00:03:16Z,467,2,1,17,0,0,1,1,1,1785712798
2026-08-03T00:03:16Z,468,4,0,14,1,0,1,1,1,1785706929
2026-08-03T00:03:16Z,469,8,2,15,0,0,1,1,1,1785714792
2026-08-03T00:03:16Z,470,14,1,0,1,0,1,1,1,1785703758
2026-08-03T00:03:16Z,471,18,0,9,0,0,1,1,1,1785709288
2026-08-03T00:03:16Z,472,12,5,5,2,0,1,1,1,1785715201
2026-08-03T00:03:16Z,473,10,3,8,1,0,1,1,1,1785708322
2026-08-03T00:03:16Z,474,11,0,7,1,0,1,1,1,1785714612
2026-08-03T00:03:16Z,475,8,2,10,1,0,1,1,1,1785714827
2026-08-03T00:03:16Z,477,4,2,11,0,0,1,1,1,1785709578
2026-08-03T00:03:16Z,478,20,3,11,0,0,1,1,1,1785714833
2026-08-03T00:03:16Z,479,15,1,11,1,0,1,1,1,1785715114
2026-08-03T00:03:16Z,480,10,1,1,4,0,1,1,1,1785715019
2026-08-03T00:03:16Z,481,2,0,32,1,0,1,1,1,1785715323
2026-08-03T00:03:16Z,482,12,1,6,1,0,1,1,1,1785714882
2026-08-03T00:03:16Z,483,19,0,6,2,0,1,1,1,1785715363
2026-08-03T00:03:16Z,484,2,0,16,1,0,1,1,1,1785715312
2026-08-03T00:03:16Z,485,6,3,11,1,1,1,1,1,1785715206
2026-08-03T00:03:16Z,486,2,0,22,3,0,1,1,1,1785715282
2026-08-03T00:03:16Z,487,4,1,13,2,0,1,1,1,1785714454
2026-08-03T00:03:16Z,489,9,7,6,0,0,1,1,1,1785713793
2026-08-03T00:03:16Z,490,6,0,8,2,0,1,1,1,1785714890
2026-08-03T00:03:16Z,491,14,1,5,2,0,1,1,1,1785714054
2026-08-03T00:03:16Z,492,4,1,4,3,0,1,1,1,1785715388
2026-08-03T00:03:16Z,493,0,0,27,0,0,1,1,1,1785707269
2026-08-03T00:03:16Z,495,3,0,7,5,0,1,1,1,1785715166
2026-08-03T00:03:16Z,496,4,0,23,0,0,1,1,1,1785715175
2026-08-03T00:03:16Z,497,9,0,9,0,0,1,1,1,1785714945
2026-08-03T00:03:16Z,498,13,2,10,0,0,1,1,1,1785715344
2026-08-03T00:03:16Z,499,8,0,11,0,0,1,1,1,1785715389
2026-08-03T00:03:16Z,500,10,3,4,1,0,1,1,1,1785715168
2026-08-03T00:03:16Z,501,19,11,1,1,0,1,1,1,1785714265
2026-08-03T00:03:16Z,502,8,2,11,0,0,1,1,1,1785714272
2026-08-03T00:03:16Z,503,4,0,24,3,0,1,1,1,1785712794
2026-08-03T00:03:16Z,504,0,0,39,0,0,1,1,1,1785715188
2026-08-03T00:03:16Z,505,10,1,1,1,0,1,1,1,1785714759
2026-08-03T00:03:16Z,511,5,2,17,1,0,1,1,1,1785710308
2026-08-03T00:03:16Z,512,7,0,20,0,0,1,1,1,1785713876
2026-08-03T00:03:16Z,514,9,4,0,2,0,1,1,1,1785711542
2026-08-03T00:03:16Z,515,13,3,5,1,0,1,1,1,1785713720
2026-08-03T00:03:16Z,516,0,0,27,0,0,1,1,1,1785710859
2026-08-03T00:03:16Z,517,4,3,16,3,0,1,1,1,1785714405
2026-08-03T00:03:16Z,518,12,2,1,2,0,1,1,1,1785714756
2026-08-03T00:03:16Z,519,4,0,14,1,0,1,1,1,1785701023
2026-08-03T00:03:16Z,520,13,3,2,11,1,1,1,1,1785715390
2026-08-03T00:03:16Z,521,7,2,16,0,0,1,1,1,1785714252
2026-08-03T00:03:16Z,522,15,0,8,0,0,1,1,1,1785713865
2026-08-03T00:03:16Z,523,3,2,19,1,0,1,1,1,1785711813
2026-08-03T00:03:16Z,524,10,0,11,2,0,1,1,1,1785714266
2026-08-03T00:03:16Z,525,7,0,12,0,0,1,1,1,1785712547
2026-08-03T00:03:16Z,526,4,2,11,0,0,1,1,1,1785714852
2026-08-03T00:03:16Z,527,5,3,21,0,0,1,1,1,1785713521
2026-08-03T00:03:16Z,528,15,3,8,0,0,1,1,1,1785714102
2026-08-03T00:03:16Z,530,13,1,5,3,0,1,1,1,1785714530
2026-08-03T00:03:16Z,531,20,2,2,0,1,1,1,1,1785714421
2026-08-03T00:03:16Z,532,12,4,18,1,0,1,1,1,1785715115
2026-08-03T00:03:16Z,533,7,0,11,1,0,1,1,1,1785713414
2026-08-03T00:03:16Z,534,2,1,20,1,0,1,1,1,1785715381
2026-08-03T00:03:16Z,535,6,0,9,0,0,1,1,1,1785713828
2026-08-03T00:03:16Z,536,6,1,17,0,0,1,1,1,1785715329
2026-08-03T00:03:16Z,537,13,4,6,1,0,1,1,1,1785715366
2026-08-03T00:03:16Z,538,4,1,17,1,1,1,1,1,1785715236
2026-08-03T00:03:16Z,539,8,0,21,2,0,1,1,1,1785714126
2026-08-03T00:03:16Z,540,10,4,9,0,0,1,1,1,1785714295
2026-08-03T00:03:16Z,541,25,0,1,1,0,1,1,1,1785715140
2026-08-03T00:03:16Z,542,11,3,12,0,0,1,1,1,1785715050
2026-08-03T00:03:16Z,543,5,0,12,2,0,1,1,1,1785715233
2026-08-03T00:03:16Z,544,12,2,7,3,0,1,1,1,1785714910
2026-08-03T00:03:16Z,545,15,0,0,4,0,1,1,1,1785713901
2026-08-03T00:03:16Z,546,6,2,13,0,0,1,1,1,1785714847
2026-08-03T00:03:16Z,547,5,0,20,0,0,1,1,1,1785711947
2026-08-03T00:03:16Z,548,16,0,7,0,0,1,1,1,1785713924
2026-08-03T00:03:16Z,549,10,0,13,0,0,1,1,1,1785714900
2026-08-03T00:03:16Z,550,4,3,15,0,0,1,1,1,1785715342
2026-08-03T00:03:16Z,551,4,3,19,0,0,1,1,1,1785705192
2026-08-03T00:03:16Z,552,22,1,4,1,0,1,1,1,1785715315
2026-08-03T00:03:16Z,553,0,0,23,0,0,1,1,1,1785714589
2026-08-03T00:03:16Z,554,7,3,11,1,0,1,1,1,1785703419
2026-08-03T00:03:16Z,555,6,3,8,1,0,1,1,1,1785713038
2026-08-03T00:03:16Z,556,20,3,1,2,0,1,1,1,1785715139
2026-08-03T00:03:16Z,557,5,2,16,2,0,1,1,1,1785714878
2026-08-03T00:03:16Z,558,25,0,11,1,0,1,1,1,1785715260
2026-08-03T00:03:16Z,559,4,1,14,1,0,1,1,1,1785705795
2026-08-03T00:03:16Z,560,7,0,18,2,0,1,1,1,1785715019
2026-08-03T00:03:16Z,561,11,2,11,1,0,1,1,1,1785714350
2026-08-03T00:03:16Z,562,2,2,30,3,0,1,1,1,1785714901
2026-08-03T00:03:16Z,563,6,0,8,0,0,1,1,1,1785714500
2026-08-03T00:03:16Z,564,17,0,2,0,0,1,1,1,1785710611
2026-08-03T00:03:16Z,565,1,0,18,0,0,1,1,1,1785714315
2026-08-03T00:03:16Z,566,5,0,13,1,0,1,1,1,1785715139
2026-08-03T00:03:16Z,567,5,1,21,1,0,1,1,1,1785708169
2026-08-03T00:03:16Z,568,10,0,8,1,0,1,1,1,1785714905
2026-08-03T00:03:16Z,569,0,0,19,0,0,1,1,1,1785702297
2026-08-03T00:03:16Z,570,0,0,18,1,0,1,1,1,1785713617
2026-08-03T00:03:16Z,571,9,2,13,1,0,1,1,1,1785714736
2026-08-03T00:03:16Z,572,12,4,6,1,0,1,1,1,1785713893
2026-08-03T00:03:16Z,573,5,3,9,1,0,1,1,1,1785714452
2026-08-03T00:03:16Z,574,4,0,11,0,0,1,1,1,1785713784
2026-08-03T00:03:16Z,575,10,1,10,1,0,1,1,1,1785715212
2026-08-03T00:03:16Z,576,16,0,3,0,0,1,1,1,1785712044
2026-08-03T00:03:16Z,577,11,0,19,1,0,1,1,1,1785715367
2026-08-03T00:03:16Z,578,10,3,12,1,0,1,1,1,1785715390
2026-08-03T00:03:16Z,579,7,1,36,0,0,1,1,1,1785714899
2026-08-03T00:03:16Z,580,1,0,27,1,0,1,1,1,1785714651
2026-08-03T00:03:16Z,581,4,0,14,1,0,1,1,1,1785715383
2026-08-03T00:03:16Z,582,21,4,38,2,0,1,1,1,1785715144
2026-08-03T00:03:16Z,583,4,2,18,1,0,1,1,1,1785715142
2026-08-03T00:03:16Z,584,5,0,10,4,0,1,1,1,1785714209
2026-08-03T00:03:16Z,585,19,1,7,0,1,1,1,1,1785714556
2026-08-03T00:03:16Z,586,30,3,5,0,0,1,1,1,1785714685
2026-08-03T00:03:16Z,587,5,0,18,1,0,1,1,1,1785715255
2026-08-03T00:03:16Z,588,0,0,0,13,6,1,1,1,1785715227
2026-08-03T00:03:16Z,589,8,5,14,0,0,1,1,1,1785714903
2026-08-03T00:03:16Z,590,15,1,16,0,0,1,1,1,1785710604
2026-08-03T00:03:16Z,591,16,1,11,3,0,1,1,1,1785714401
2026-08-03T00:03:16Z,592,4,0,19,0,0,1,1,1,1785714626
2026-08-03T00:03:16Z,593,8,0,30,0,0,1,1,1,1785709341
2026-08-03T00:03:16Z,594,0,0,19,2,0,1,1,1,1785714994
2026-08-03T00:03:16Z,595,0,0,3,0,0,0,1,1,1784046673
2026-08-03T00:03:16Z,605,0,0,2,1,0,0,1,1,1783975843
2026-08-03T00:03:16Z,606,0,0,0,0,0,0,1,1,86400
2026-08-03T00:03:16Z,607,29,0,1,2,0,1,1,1,1785714966
2026-08-03T00:03:16Z,608,3,3,47,0,0,1,1,1,1785714316
2026-08-03T00:03:16Z,609,9,6,14,0,0,1,1,1,1785714409
2026-08-03T00:03:16Z,610,1,0,34,0,0,1,1,1,1785712863
2026-08-03T00:03:16Z,611,2,2,25,0,0,1,1,1,1785715238
2026-08-03T00:03:16Z,612,6,2,9,0,0,1,1,1,1785711987
2026-08-03T00:03:16Z,613,2,1,11,2,0,1,1,1,1785714599
2026-08-03T00:03:16Z,614,8,5,15,3,1,1,1,1,1785715099
2026-08-03T00:03:16Z,617,8,0,6,1,0,1,1,1,1785715256
2026-08-03T00:03:16Z,618,10,5,5,4,0,1,1,1,1785714686
2026-08-03T00:03:16Z,619,14,1,5,0,0,1,1,1,1785715197
2026-08-03T00:03:16Z,620,6,1,21,0,0,1,1,1,1785715312
2026-08-03T00:03:16Z,621,18,1,5,0,0,1,1,1,1785714836
2026-08-03T00:03:16Z,622,10,3,11,2,0,1,1,1,1785714422
2026-08-03T00:03:16Z,623,1,0,28,1,0,1,1,1,1785713834
2026-08-03T00:03:16Z,624,0,0,14,1,0,1,1,1,1785707524
2026-08-03T00:03:16Z,625,7,3,8,6,0,1,1,1,1785714610
2026-08-03T00:03:16Z,626,0,0,45,0,2,1,1,1,1785713372
2026-08-03T00:03:16Z,627,11,7,8,0,0,1,1,1,1785705519
2026-08-03T00:03:16Z,628,11,5,5,2,1,1,1,1,1785715221
2026-08-03T00:03:16Z,629,5,4,5,1,0,1,1,1,1785715285
2026-08-03T00:03:16Z,630,13,0,10,4,0,1,1,1,1785715191
2026-08-03T00:03:16Z,631,4,0,19,0,0,1,1,1,1785712383
2026-08-03T00:03:16Z,632,12,2,8,3,0,1,1,1,1785712132
2026-08-03T00:03:16Z,633,9,2,5,1,0,1,1,1,1785714698
2026-08-03T00:03:16Z,634,8,2,11,0,0,1,1,1,1785702562
2026-08-03T00:03:16Z,635,17,4,2,0,0,1,1,1,1785713770
2026-08-03T00:03:16Z,636,11,1,4,0,0,1,1,1,1785696307
2026-08-03T00:03:16Z,637,12,8,4,3,0,1,1,1,1785710473
2026-08-03T00:03:16Z,638,8,3,8,3,0,1,1,1,1785713067
2026-08-03T00:03:16Z,639,9,1,8,2,0,1,1,1,1785712749
2026-08-03T00:03:16Z,640,16,11,5,2,0,1,1,1,1785715153
2026-08-03T00:03:16Z,641,16,0,10,1,0,1,1,1,1785715152
2026-08-03T00:03:16Z,642,1,1,4,11,3,1,1,1,1785715388
2026-08-03T00:03:16Z,643,0,0,18,9,0,1,1,1,1785715390
2026-08-03T00:03:16Z,644,10,4,5,0,0,1,1,1,1785709226
2026-08-03T00:03:16Z,645,18,3,4,0,1,1,1,1,1785714074
2026-08-03T00:03:16Z,646,7,0,11,1,0,1,1,1,1785713742
2026-08-03T00:03:16Z,647,21,1,10,0,0,1,1,1,1785714841
2026-08-03T00:03:16Z,648,3,0,15,1,0,1,1,1,1785712172
2026-08-03T00:03:16Z,649,25,1,6,0,0,1,1,1,1785713764
2026-08-03T00:03:16Z,650,4,0,10,0,0,1,1,1,1785701495
2026-08-03T00:03:16Z,651,4,3,19,0,0,1,1,1,1785715151
2026-08-03T00:03:16Z,652,8,3,13,2,0,1,1,1,1785715110
2026-08-03T00:03:16Z,653,13,1,5,1,0,1,1,1,1785702565
2026-08-03T00:03:16Z,654,4,3,10,1,0,1,1,1,1785714507
2026-08-03T00:03:16Z,655,0,0,1,8,4,1,1,1,1785715373
2026-08-03T00:03:16Z,656,17,3,2,0,0,1,1,1,1785715062
2026-08-03T00:03:16Z,657,1,0,11,3,2,1,1,1,1785715117
2026-08-03T00:03:16Z,658,4,0,1,4,1,1,1,1,1785715088
2026-08-03T00:03:16Z,659,9,7,4,2,0,1,1,1,1785714245
2026-08-03T00:03:16Z,660,18,1,6,7,0,1,1,1,1785715390
2026-08-03T00:03:16Z,661,9,3,8,2,0,1,1,1,1785715374
2026-08-03T00:03:16Z,662,6,4,14,3,0,1,1,1,1785713572
2026-08-03T00:03:16Z,663,7,0,8,0,0,1,1,1,1785714277
2026-08-03T00:03:16Z,664,2,0,25,0,0,1,1,1,1785711595
2026-08-03T00:03:16Z,665,11,3,3,1,0,1,1,1,1785715344
2026-08-03T00:03:16Z,666,6,2,6,3,0,1,1,1,1785712008
2026-08-03T00:03:16Z,667,3,1,14,2,0,1,1,1,1785714757
2026-08-03T00:03:16Z,668,15,0,4,0,0,1,1,1,1785714441
2026-08-03T00:03:16Z,669,1,0,12,1,0,1,1,1,1785713598
2026-08-03T00:03:16Z,670,20,2,5,2,0,1,1,1,1785713611
2026-08-03T00:03:16Z,671,24,2,2,1,0,1,1,1,1785712838
2026-08-03T00:03:16Z,672,15,1,4,3,1,1,1,1,1785714183
2026-08-03T00:03:16Z,673,18,0,4,1,0,1,1,1,1785715360
2026-08-03T00:03:16Z,674,0,0,20,3,0,1,1,1,1785715338
2026-08-03T00:03:16Z,675,8,6,5,2,0,1,1,1,1785715363
2026-08-03T00:03:16Z,676,9,1,13,0,0,1,1,1,1785714771
2026-08-03T00:03:16Z,681,11,3,3,0,1,1,1,1,1785715233
2026-08-03T00:03:16Z,682,3,1,15,1,0,1,1,1,1785683408
2026-08-03T00:03:16Z,683,3,2,16,0,0,1,1,1,1785712701
2026-08-03T00:03:16Z,684,1,0,26,0,0,1,1,1,1785660807
2026-08-03T00:03:16Z,685,5,1,20,1,1,1,1,1,1785705171
2026-08-03T00:03:16Z,686,9,0,16,2,0,1,1,1,1785715176
2026-08-03T00:03:16Z,687,12,1,16,2,1,1,1,1,1785715231
2026-08-03T00:03:16Z,688,13,5,6,0,0,1,1,1,1785705960
2026-08-03T00:03:16Z,692,12,7,8,1,0,1,1,1,1785714571
2026-08-03T00:03:16Z,693,7,1,1,3,0,1,1,1,1785715320
2026-08-03T00:03:16Z,694,5,1,16,0,0,1,1,1,1785715036
2026-08-03T00:03:16Z,695,19,9,4,0,0,1,1,1,1785714919
2026-08-03T00:03:16Z,696,17,10,6,0,0,1,1,1,1785714295
2026-08-03T00:03:16Z,697,21,3,2,0,0,1,1,1,1785715272
2026-08-03T00:03:16Z,698,14,1,12,1,0,1,1,1,1785715324
2026-08-03T00:03:16Z,699,8,0,7,0,0,1,1,1,1785713905
2026-08-03T00:03:16Z,700,13,0,3,3,0,1,1,1,1785714940
2026-08-03T00:03:16Z,701,10,2,9,0,0,1,1,1,1785714086
2026-08-03T00:03:16Z,702,20,0,3,0,0,1,1,1,1785715221
2026-08-03T00:03:16Z,704,8,3,7,0,0,1,1,1,1785715055
2026-08-03T00:03:16Z,705,9,3,5,1,0,1,1,1,1785715358
2026-08-03T00:03:16Z,706,12,4,1,2,0,1,1,1,1785715069
2026-08-03T00:03:16Z,707,14,1,0,1,0,1,1,1,1785691406
2026-08-03T00:03:16Z,708,12,0,7,0,0,1,1,1,1785714845
2026-08-03T00:03:16Z,709,10,3,4,1,0,1,1,1,1785714791
2026-08-03T00:03:16Z,710,12,3,7,0,0,1,1,1,1785715137
2026-08-03T00:03:16Z,711,8,4,12,3,0,1,1,1,1785714349
2026-08-03T00:03:16Z,712,2,0,12,1,0,1,1,1,1785714098
2026-08-03T00:03:16Z,713,6,1,17,0,0,1,1,1,1785715356
2026-08-03T00:03:16Z,716,5,4,9,1,0,1,1,1,1785714893
2026-08-03T00:03:16Z,717,12,6,12,1,0,1,1,1,1785714609
2026-08-03T00:03:16Z,718,6,1,9,0,0,1,1,1,1785713761
2026-08-03T00:03:16Z,719,19,0,10,0,0,1,1,1,1785713879
2026-08-03T00:03:16Z,720,6,2,13,0,0,1,1,1,1785714424
2026-08-03T00:03:16Z,721,15,1,7,1,0,1,1,1,1785713892
2026-08-03T00:03:16Z,722,7,0,7,1,0,1,1,1,1785714257
2026-08-03T00:03:16Z,723,11,2,12,0,0,1,1,1,1785715013
2026-08-03T00:03:16Z,724,2,0,21,0,0,1,1,1,1785713992
2026-08-03T00:03:16Z,725,10,0,13,0,0,1,1,1,1785714124
2026-08-03T00:03:16Z,726,6,1,12,1,0,1,1,1,1785715308
2026-08-03T00:03:16Z,727,9,5,13,1,0,1,1,1,1785713858
2026-08-03T00:03:16Z,728,7,1,7,1,0,1,1,1,1785714709
2026-08-03T00:03:16Z,729,11,0,8,0,0,1,1,1,1785712209
2026-08-03T00:03:16Z,730,7,4,8,0,0,1,1,1,1785715313
2026-08-03T00:03:16Z,731,10,0,3,2,0,1,1,1,1785714604
2026-08-03T00:03:16Z,732,9,0,6,0,0,1,1,1,1785713684
2026-08-03T00:03:16Z,733,1,0,25,1,0,1,1,1,1785715112
2026-08-03T00:03:16Z,734,11,2,3,0,0,1,1,1,1785715164
2026-08-03T00:03:16Z,735,9,1,17,1,0,1,1,1,1785714751
2026-08-03T00:03:16Z,736,17,1,2,0,0,1,1,1,1785715038
2026-08-03T00:03:16Z,737,5,2,8,1,1,1,1,1,1785715362
2026-08-03T00:03:16Z,738,17,1,1,1,0,1,1,1,1785715025
2026-08-03T00:03:16Z,739,9,2,17,1,0,1,1,1,1785713599
2026-08-03T00:03:16Z,741,7,0,16,0,0,1,1,1,1785714975
2026-08-03T00:03:16Z,742,13,4,22,0,0,1,1,1,1785714464
2026-08-03T00:03:16Z,743,7,0,10,2,0,1,1,1,1785714850
2026-08-03T00:03:16Z,744,4,1,10,1,0,1,1,1,1785714811
2026-08-03T00:03:16Z,745,7,2,10,2,0,1,1,1,1785713594
2026-08-03T00:03:16Z,746,5,2,18,0,0,1,1,1,1785715192
2026-08-03T00:03:16Z,747,0,0,4,0,0,0,1,1,1783446606
2026-08-03T00:03:16Z,748,9,0,14,0,0,1,1,1,1785714663
2026-08-03T00:03:16Z,749,18,3,5,0,0,1,1,1,1785715052
2026-08-03T00:03:16Z,750,7,5,4,0,0,1,1,1,1785715050
2026-08-03T00:03:16Z,751,18,9,4,1,0,1,1,1,1785715224
2026-08-03T00:03:16Z,752,8,6,8,1,0,1,1,1,1785711060
2026-08-03T00:03:16Z,753,7,1,8,0,0,1,1,1,1785715320
2026-08-03T00:03:16Z,754,2,0,13,0,0,1,1,1,1785713592
2026-08-03T00:03:16Z,755,15,4,6,2,0,1,1,1,1785714367
2026-08-03T00:03:16Z,756,13,3,23,1,0,1,1,1,1785714275
2026-08-03T00:03:16Z,757,14,9,4,1,0,1,1,1,1785714353
2026-08-03T00:03:16Z,758,18,3,5,0,0,1,1,1,1785715241
2026-08-03T00:03:16Z,759,6,5,9,0,0,1,1,1,1785714040
2026-08-03T00:03:16Z,760,6,1,13,0,0,1,1,1,1785679974
2026-08-03T00:03:16Z,761,18,7,5,0,0,1,1,1,1785715119
2026-08-03T00:03:16Z,762,6,2,7,2,0,1,1,1,1785714399
2026-08-03T00:03:16Z,768,12,1,4,3,0,1,1,1,1785713884
2026-08-03T00:03:16Z,769,17,12,2,0,0,1,1,1,1785715213
2026-08-03T00:03:16Z,770,7,2,10,2,0,1,1,1,1785715249
2026-08-03T00:03:16Z,771,12,2,2,1,0,1,1,1,1785714507
2026-08-03T00:03:16Z,772,13,2,1,1,0,1,1,1,1785714965
2026-08-03T00:03:16Z,773,6,5,12,1,0,1,1,1,1785715237
2026-08-03T00:03:16Z,774,12,7,2,1,0,1,1,1,1785714840
2026-08-03T00:03:16Z,775,6,0,11,2,0,1,1,1,1785715306
2026-08-03T00:03:16Z,776,2,0,18,1,0,1,1,1,1785714556
2026-08-03T00:03:16Z,777,4,1,11,0,0,1,1,1,1785715146
2026-08-03T00:03:16Z,778,11,1,8,0,0,1,1,1,1785715099
2026-08-03T00:03:16Z,779,13,0,6,0,0,1,1,1,1785715094
2026-08-03T00:03:16Z,780,8,0,9,2,0,1,1,1,1785715349
2026-08-03T00:03:16Z,781,0,0,6,5,0,1,1,1,1785715229
2026-08-03T00:03:16Z,782,6,0,10,3,0,1,1,1,1785714848
2026-08-03T00:03:16Z,783,6,1,12,1,0,1,1,1,1785713956
2026-08-03T00:03:16Z,784,0,0,17,2,0,1,1,1,1785713923
2026-08-03T00:03:16Z,785,11,2,2,6,0,1,1,1,1785714517
2026-08-03T00:03:16Z,786,6,3,13,0,0,1,1,1,1785714118
2026-08-03T00:03:16Z,787,4,3,10,1,0,1,1,1,1785715138
2026-08-03T00:03:16Z,788,4,3,11,0,0,1,1,1,1785714399
2026-08-03T00:03:16Z,789,8,3,5,2,0,1,1,1,1785714478
2026-08-03T00:03:16Z,790,6,4,17,0,0,1,1,1,1785714326
2026-08-03T00:03:16Z,791,16,3,2,0,1,1,1,1,1785714834
2026-08-03T00:03:16Z,793,5,1,9,1,0,1,1,1,1785714528
2026-08-03T00:03:16Z,794,17,4,8,4,0,1,1,1,1785714155
2026-08-03T00:03:16Z,796,10,1,8,1,0,1,1,1,1785714825
2026-08-03T00:03:16Z,797,1,0,14,0,0,1,1,1,1785709083
2026-08-03T00:03:16Z,798,0,0,23,2,0,1,1,1,1785715278
2026-08-03T00:03:16Z,799,6,0,10,3,0,1,1,1,1785714775
2026-08-03T00:03:16Z,800,12,1,7,2,0,1,1,1,1785714580
2026-08-03T00:03:16Z,801,10,8,10,1,0,1,1,1,1785715391
2026-08-03T00:03:16Z,802,6,2,23,2,0,1,1,1,1785713962
2026-08-03T00:03:16Z,803,5,0,9,1,0,1,1,1,1785714413
2026-08-03T00:03:16Z,806,3,1,11,1,0,1,1,1,1785714461
2026-08-03T00:03:16Z,807,13,3,12,1,0,1,1,1,1785715160
2026-08-03T00:03:16Z,808,6,1,17,2,0,1,1,1,1785714464
2026-08-03T00:03:16Z,809,4,1,18,1,0,1,1,1,1785714943
2026-08-03T00:03:16Z,810,6,1,11,2,0,1,1,1,1785715189
2026-08-03T00:03:16Z,815,4,3,8,2,1,1,1,1,1785714750
2026-08-03T00:03:16Z,817,12,3,3,0,0,1,1,1,1785715295
2026-08-03T00:03:16Z,818,6,0,17,0,0,1,1,1,1785713963
2026-08-03T00:03:16Z,819,9,0,6,0,0,1,1,1,1785704866
2026-08-03T00:03:16Z,820,15,2,2,0,0,1,1,1,1785713685
2026-08-03T00:03:16Z,821,2,1,12,1,0,1,1,1,1785714709
2026-08-03T00:03:16Z,822,2,0,21,0,0,1,1,1,1785715231
2026-08-03T00:03:16Z,823,4,0,11,0,0,1,1,1,1785714175
2026-08-03T00:03:16Z,824,17,14,1,1,0,1,1,1,1785715184
2026-08-03T00:03:16Z,825,4,1,11,0,0,1,1,1,1785713931
2026-08-03T00:03:16Z,826,16,2,1,2,0,1,1,1,1785714161
2026-08-03T00:03:16Z,827,8,2,12,1,0,1,1,1,1785714454
2026-08-03T00:03:16Z,828,17,2,1,0,0,1,1,1,1785715367
2026-08-03T00:03:16Z,829,18,8,9,0,0,1,1,1,1785715193
2026-08-03T00:03:16Z,830,4,1,18,1,0,1,1,1,1785713730
2026-08-03T00:03:16Z,831,7,5,7,1,0,1,1,1,1785713948
2026-08-03T00:03:16Z,832,0,0,16,2,0,1,1,1,1785714539
2026-08-03T00:03:16Z,833,0,0,18,1,0,1,1,1,1785714963
2026-08-03T00:03:16Z,834,3,0,20,1,0,1,1,1,1785715367
2026-08-03T00:03:16Z,835,4,1,12,2,0,1,1,1,1785714743
2026-08-03T00:03:16Z,838,7,4,8,0,0,1,1,1,1785714765
2026-08-03T00:03:16Z,839,3,1,26,0,0,1,1,1,1785714958
2026-08-03T00:03:16Z,840,20,3,7,2,0,1,1,1,1785715161
2026-08-03T00:03:16Z,841,3,0,10,2,0,1,1,1,1785714002
2026-08-03T00:03:16Z,842,9,2,14,0,0,1,1,1,1785714406
2026-08-03T00:03:16Z,843,21,2,9,1,0,1,1,1,1785714657
2026-08-03T00:03:16Z,844,1,0,22,0,0,1,1,1,1785715355
2026-08-03T00:03:16Z,845,7,4,10,2,0,1,1,1,1785714580
2026-08-03T00:03:16Z,846,1,0,15,3,0,1,1,1,1785715270
2026-08-03T00:03:16Z,847,7,1,19,1,0,1,1,1,1785714101
2026-08-03T00:03:16Z,848,5,0,13,1,0,1,1,1,1785711558
2026-08-03T00:03:16Z,849,0,0,14,1,0,1,1,1,1785715185
2026-08-03T00:03:16Z,850,8,0,2,1,0,1,1,1,1785714976
2026-08-03T00:03:16Z,851,22,6,12,3,0,1,1,1,1785714708
2026-08-03T00:03:16Z,852,12,7,7,0,0,1,1,1,1785714097
2026-08-03T00:03:16Z,853,9,4,14,0,0,1,1,1,1785713698
2026-08-03T00:03:16Z,854,9,1,6,0,0,1,1,1,1785714159
2026-08-03T00:03:16Z,855,12,0,15,0,0,1,1,1,1785713020
2026-08-03T00:03:16Z,857,16,11,0,3,0,1,1,1,1785699207
2026-08-03T00:03:16Z,858,5,2,13,1,0,1,1,1,1785714892
2026-08-03T00:03:16Z,859,9,4,11,1,0,1,1,1,1785715217
2026-08-03T00:03:16Z,861,8,1,2,1,0,1,1,1,1785683161
2026-08-03T00:03:16Z,862,10,2,4,1,0,1,1,1,1785713983
2026-08-03T00:03:16Z,863,16,3,2,1,0,1,1,1,1785712746
2026-08-03T00:03:16Z,866,7,0,11,1,0,1,1,1,1785714698
2026-08-03T00:03:16Z,867,7,2,8,0,0,1,1,1,1785715389
2026-08-03T00:03:16Z,868,6,0,8,1,0,1,1,1,1785713984
2026-08-03T00:03:16Z,870,8,2,7,0,0,1,1,1,1785714234
2026-08-03T00:03:16Z,871,0,0,10,1,0,1,1,1,1785715161
2026-08-03T00:03:16Z,872,1,1,13,1,0,1,1,1,1785714138
2026-08-03T00:03:16Z,873,1,1,31,1,0,1,1,1,1785715383
2026-08-03T00:03:16Z,874,6,1,6,3,0,1,1,1,1785714654
2026-08-03T00:03:16Z,875,9,7,5,1,0,1,1,1,1785713642
2026-08-03T00:03:16Z,877,12,12,7,0,0,1,1,1,1785714245
2026-08-03T00:03:16Z,878,4,4,15,0,0,1,1,1,1785714714
2026-08-03T00:03:16Z,879,3,2,16,0,0,1,1,1,1785713694
2026-08-03T00:03:16Z,880,5,1,16,2,0,1,1,1,1785714147
2026-08-03T00:03:16Z,881,7,3,12,0,0,1,1,1,1785714618
2026-08-03T00:03:16Z,882,9,4,9,1,0,1,1,1,1785672846
2026-08-03T00:03:16Z,883,11,5,8,0,0,1,1,1,1785714479
2026-08-03T00:03:16Z,884,9,4,12,0,0,1,1,1,1785714300
2026-08-03T00:03:16Z,885,4,1,15,0,0,1,1,1,1785689211
2026-08-03T00:03:16Z,886,20,5,7,0,0,1,1,1,1785714551
2026-08-03T00:03:16Z,887,3,0,12,2,0,1,1,1,1785714668
2026-08-03T00:03:16Z,888,7,4,32,2,0,1,1,1,1785715325
2026-08-03T00:03:16Z,889,1,0,16,1,1,1,1,1,1785714357
2026-08-03T00:03:16Z,890,8,1,6,1,0,1,1,1,1785707949
2026-08-03T00:03:16Z,891,20,0,2,1,0,1,1,1,1785714017
2026-08-03T00:03:16Z,892,11,2,4,0,0,1,1,1,1785715304
2026-08-03T00:03:16Z,895,3,0,16,0,0,1,1,1,1785690376
2026-08-03T00:03:16Z,896,8,1,25,2,0,1,1,1,1785714789
2026-08-03T00:03:16Z,897,18,0,3,0,0,1,1,1,1785714598
2026-08-03T00:03:16Z,898,1,0,18,0,0,1,1,1,1785714117
2026-08-03T00:03:16Z,899,13,1,6,0,0,1,1,1,1785714820
2026-08-03T00:03:16Z,900,13,2,13,1,0,1,1,1,1785714730
2026-08-03T00:03:16Z,901,5,0,13,1,0,1,1,1,1785714964
2026-08-03T00:03:16Z,902,3,0,12,0,0,1,1,1,1785713849
2026-08-03T00:03:16Z,903,15,0,3,1,0,1,1,1,1785714036
2026-08-03T00:03:16Z,904,10,4,8,1,0,1,1,1,1785714575
2026-08-03T00:03:16Z,905,0,0,27,0,0,1,1,1,1785714159
2026-08-03T00:03:16Z,906,0,0,27,0,0,1,1,1,1785713823
2026-08-03T00:03:16Z,907,13,0,18,0,0,1,1,1,1785715330
2026-08-03T00:03:16Z,908,5,1,18,0,0,1,1,1,1785714742
2026-08-03T00:03:16Z,909,11,4,11,1,0,1,1,1,1785714884
2026-08-03T00:03:16Z,910,9,0,21,1,0,1,1,1,1785715085
2026-08-03T00:03:16Z,911,2,1,17,0,0,1,1,1,1785714044
2026-08-03T00:03:16Z,912,22,0,1,0,0,1,1,1,1785715166
2026-08-03T00:03:16Z,913,6,3,13,0,0,1,1,1,1785715120
2026-08-03T00:03:16Z,914,4,1,15,0,0,1,1,1,1785715267
2026-08-03T00:03:16Z,915,22,1,0,1,0,1,1,1,1785714852
2026-08-03T00:03:16Z,916,20,1,3,0,0,1,1,1,1785715177
2026-08-03T00:03:16Z,917,0,0,35,0,0,1,1,1,1785714681
2026-08-03T00:03:16Z,918,17,3,2,0,0,1,1,1,1785715134
2026-08-03T00:03:16Z,919,10,0,28,1,0,1,1,1,1785714914
2026-08-03T00:03:16Z,920,5,3,14,0,0,1,1,1,1785714720
2026-08-03T00:03:16Z,921,12,0,9,0,0,1,1,1,1785714365
2026-08-03T00:03:16Z,922,5,1,16,0,0,1,1,1,1785713651
2026-08-03T00:03:16Z,923,11,11,8,0,0,1,1,1,1785715345
2026-08-03T00:03:16Z,924,21,3,0,0,0,1,1,1,1785715328
2026-08-03T00:03:16Z,925,10,1,10,1,0,1,1,1,1785715000
2026-08-03T00:03:16Z,926,3,0,18,0,0,1,1,1,1785714755
2026-08-03T00:03:16Z,927,3,3,32,0,0,1,1,1,1785714257
2026-08-03T00:03:16Z,928,0,0,19,0,0,0,1,1,1785500252
2026-08-03T00:03:16Z,929,2,0,21,0,0,1,1,1,1785714080
2026-08-03T00:03:16Z,930,5,0,25,1,0,1,1,1,1785715016
2026-08-03T00:03:16Z,931,4,3,19,0,0,1,1,1,1785715202
2026-08-03T00:03:16Z,932,8,0,8,3,0,1,1,1,1785714857
2026-08-03T00:03:16Z,933,16,1,5,2,0,1,1,1,1785711992
2026-08-03T00:03:16Z,934,8,0,23,0,0,1,1,1,1785714778
2026-08-03T00:03:16Z,935,5,0,12,2,0,1,1,1,1785715228
2026-08-03T00:03:16Z,936,13,0,6,0,0,1,1,1,1785715352
2026-08-03T00:03:16Z,940,1,0,10,0,0,1,1,1,1785711043
2026-08-03T00:03:16Z,941,3,0,20,2,0,1,1,1,1785715330
2026-08-03T00:03:16Z,942,19,4,2,0,0,1,1,1,1785714818
2026-08-03T00:03:16Z,943,9,9,6,0,0,1,1,1,1785714117
2026-08-03T00:03:16Z,944,12,10,3,0,0,1,1,1,1785714093
2026-08-03T00:03:16Z,945,5,5,10,0,0,1,1,1,1785713593
2026-08-03T00:03:16Z,946,7,5,12,0,0,1,1,1,1785683246
2026-08-03T00:03:16Z,947,3,0,14,0,0,1,1,1,1785714101
2026-08-03T00:03:16Z,948,10,9,17,4,0,1,1,1,1785713711
2026-08-03T00:03:16Z,949,3,3,11,1,0,1,1,1,1785715344
2026-08-03T00:03:16Z,950,4,0,11,2,0,1,1,1,1785714674
2026-08-03T00:03:16Z,951,8,1,15,0,0,1,1,1,1785714694
2026-08-03T00:03:16Z,952,38,0,17,0,0,1,1,1,1785715319
2026-08-03T00:03:16Z,953,10,0,5,0,0,1,1,1,1785714989
2026-08-03T00:03:16Z,954,15,4,4,0,0,1,1,1,1785714383
2026-08-03T00:03:16Z,955,10,0,16,1,0,1,1,1,1785713890
2026-08-03T00:03:16Z,956,1,0,22,0,0,1,1,1,1785714374
2026-08-03T00:03:16Z,957,24,0,5,0,0,1,1,1,1785714462
2026-08-03T00:03:16Z,958,16,0,15,0,0,1,1,1,1785713863
2026-08-03T00:03:16Z,959,16,10,6,1,0,1,1,1,1785715242
2026-08-03T00:03:16Z,960,1,0,22,0,0,1,1,1,1785715220
2026-08-03T00:03:16Z,961,15,4,5,3,0,1,1,1,1785715052
2026-08-03T00:03:16Z,962,5,5,27,3,0,1,1,1,1785715197
2026-08-03T00:03:16Z,963,8,0,14,1,0,1,1,1,1785715205
2026-08-03T00:03:16Z,964,22,10,1,0,0,1,1,1,1785715349
2026-08-03T00:03:16Z,965,8,3,17,2,0,1,1,1,1785715249
2026-08-03T00:03:16Z,966,26,1,5,0,0,1,1,1,1785715019
2026-08-03T00:03:16Z,967,10,3,9,1,1,1,1,1,1785715222
2026-08-03T00:03:16Z,968,6,1,13,0,0,1,1,1,1785715280
2026-08-03T00:03:16Z,969,13,2,12,2,0,1,1,1,1785715205
2026-08-03T00:03:16Z,970,7,2,11,1,0,1,1,1,1785715265
2026-08-03T00:03:16Z,971,2,0,20,1,0,1,1,1,1785715011
2026-08-03T00:03:16Z,972,6,4,16,1,0,1,1,1,1785714476
2026-08-03T00:03:16Z,973,9,2,14,0,0,1,1,1,1785714645
2026-08-03T00:03:16Z,974,16,0,11,0,0,1,1,1,1785715362
2026-08-03T00:03:16Z,977,10,3,8,3,0,1,1,1,1785715180
2026-08-03T00:03:16Z,978,9,2,14,0,0,1,1,1,1785714052
2026-08-03T00:03:16Z,979,4,0,13,0,0,1,1,1,1785715107
2026-08-03T00:03:16Z,980,2,0,19,0,0,1,1,1,1785713979
2026-08-03T00:03:16Z,981,1,1,20,0,0,1,1,1,1785714147
2026-08-03T00:03:16Z,982,2,1,14,3,0,1,1,1,1785714277
2026-08-03T00:03:16Z,983,13,2,10,0,0,1,1,1,1785714948
2026-08-03T00:03:16Z,984,6,0,17,0,0,1,1,1,1785714399
2026-08-03T00:03:16Z,985,20,3,10,1,0,1,1,1,1785714898
2026-08-03T00:03:16Z,986,6,2,13,0,0,1,1,1,1785714304
2026-08-03T00:03:16Z,987,7,0,16,0,0,1,1,1,1785715032
2026-08-03T00:03:16Z,988,2,2,17,0,0,1,1,1,1785714553
2026-08-03T00:03:16Z,989,5,3,14,0,0,1,1,1,1785715282
2026-08-03T00:03:16Z,990,13,1,1,1,0,1,1,1,1785714339
2026-08-03T00:03:16Z,991,8,1,9,2,0,1,1,1,1785713999
2026-08-03T00:03:16Z,992,9,3,13,1,0,1,1,1,1785715306
2026-08-03T00:03:16Z,993,20,0,6,1,0,1,1,1,1785713972
2026-08-03T00:03:16Z,994,6,3,14,1,0,1,1,1,1785714854
2026-08-03T00:03:16Z,995,9,2,18,0,0,1,1,1,1785714883
2026-08-03T00:03:16Z,996,5,2,18,0,0,1,1,1,1785714610
2026-08-03T00:03:16Z,997,15,5,6,2,0,1,1,1,1785715208
2026-08-03T00:03:16Z,998,5,2,18,0,0,1,1,1,1785714820
2026-08-03T00:03:16Z,999,8,1,10,2,1,1,1,1,1785714481
2026-08-03T00:03:16Z,1000,0,0,21,0,0,1,1,1,1785715252
2026-08-03T00:03:16Z,1001,9,0,18,0,0,1,1,1,1785715055
2026-08-03T00:03:16Z,1002,5,0,25,1,0,1,1,1,1785714206
2026-08-03T00:03:16Z,1003,1,0,19,3,0,1,1,1,1785714933
2026-08-03T00:03:16Z,1004,11,0,12,0,0,1,1,1,1785713930
2026-08-03T00:03:16Z,1005,23,2,0,0,0,1,1,1,1785714625
2026-08-03T00:03:16Z,1006,15,3,2,2,0,1,1,1,1785713822
2026-08-03T00:03:16Z,1007,3,1,18,0,0,1,1,1,1785713979
2026-08-03T00:03:16Z,1008,8,7,15,0,0,1,1,1,1785713674
2026-08-03T00:03:16Z,1009,20,4,10,1,0,1,1,1,1785713938
2026-08-03T00:03:16Z,1010,7,2,20,0,0,1,1,1,1785714505
2026-08-03T00:03:16Z,1011,7,3,12,0,0,1,1,1,1785714642
2026-08-03T00:03:16Z,1012,5,3,17,1,0,1,1,1,1785714402
2026-08-03T00:03:16Z,1013,4,0,17,2,0,1,1,1,1785714836
2026-08-03T00:03:16Z,1014,7,3,15,1,0,1,1,1,1785714943
2026-08-03T00:03:16Z,1015,6,3,24,1,0,1,1,1,1785713806
2026-08-03T00:03:16Z,1016,10,5,21,0,0,1,1,1,1785714726
2026-08-03T00:03:16Z,1017,16,7,5,0,0,1,1,1,1785713769
2026-08-03T00:03:16Z,1018,3,0,17,2,0,1,1,1,1785714451
2026-08-03T00:03:16Z,1019,7,4,5,3,0,1,1,1,1785714058
2026-08-03T00:03:16Z,1020,10,4,11,0,0,1,1,1,1785713579
2026-08-03T00:03:16Z,1021,8,2,6,1,0,1,1,1,1785714829
2026-08-03T00:03:16Z,1022,15,1,12,0,0,1,1,1,1785714778
2026-08-03T00:03:16Z,1023,12,0,11,0,0,1,1,1,1785714268
2026-08-03T00:03:16Z,1024,2,0,17,0,0,1,1,1,1785715015
2026-08-03T00:03:16Z,1025,3,0,15,0,1,1,1,1,1785714841
2026-08-03T00:03:16Z,1026,14,9,16,1,0,1,1,1,1785714146
2026-08-03T00:03:16Z,1028,5,1,18,0,0,1,1,1,1785714578
2026-08-03T00:03:16Z,1029,9,7,4,2,0,1,1,1,1785715215
2026-08-03T00:03:16Z,1030,13,4,10,0,0,1,1,1,1785715314
2026-08-03T00:03:16Z,1031,10,3,9,0,0,1,1,1,1785715380
2026-08-03T00:03:16Z,1032,10,1,9,0,0,1,1,1,1785714256
2026-08-03T00:03:16Z,1033,11,4,7,1,0,1,1,1,1785715137
2026-08-03T00:03:16Z,1034,0,0,15,0,0,1,1,1,1785714105
2026-08-03T00:03:16Z,1035,2,1,16,1,0,1,1,1,1785714516
2026-08-03T00:03:16Z,1036,13,0,2,0,0,1,1,1,1785714677
2026-08-03T00:03:16Z,1037,2,0,16,1,0,1,1,1,1785714498
2026-08-03T00:03:16Z,1038,3,1,12,0,0,1,1,1,1785713752
2026-08-03T00:03:16Z,1039,2,1,17,0,0,1,1,1,1785714392
2026-08-03T00:03:16Z,1040,13,7,6,0,0,1,1,1,1785714375
2026-08-03T00:03:16Z,1041,14,1,4,1,0,1,1,1,1785714177
2026-08-03T00:03:16Z,1042,4,3,10,1,0,1,1,1,1785714517
2026-08-03T00:03:16Z,1043,13,5,6,0,0,1,1,1,1785714387
2026-08-03T00:03:16Z,1044,0,0,15,0,0,1,1,1,1785713796
2026-08-03T00:03:16Z,1045,11,1,7,1,0,1,1,1,1785714260
2026-08-03T00:03:16Z,1046,9,1,6,0,0,1,1,1,1785715273
2026-08-03T00:03:16Z,1047,9,3,12,0,0,1,1,1,1785715149
2026-08-03T00:03:16Z,1048,3,0,16,0,0,1,1,1,1785714236
2026-08-03T00:03:16Z,1049,4,1,17,0,0,1,1,1,1785714449
2026-08-03T00:03:16Z,1050,15,0,5,1,0,1,1,1,1785713715
2026-08-03T00:03:16Z,1051,11,6,10,0,0,1,1,1,1785713610
2026-08-03T00:03:16Z,1052,20,3,1,1,0,1,1,1,1785714631
2026-08-03T00:03:16Z,1053,2,1,13,0,0,1,1,1,1785713755
2026-08-03T00:03:16Z,1054,13,0,1,1,0,1,1,1,1785714214
2026-08-03T00:03:16Z,1055,15,1,4,0,0,1,1,1,1785714395
2026-08-03T00:03:16Z,1057,8,0,11,0,0,1,1,1,1785714972
2026-08-03T00:03:16Z,1058,6,0,50,0,0,1,1,1,1785714987
2026-08-03T00:03:16Z,1059,5,1,13,1,0,1,1,1,1785714076
2026-08-03T00:03:16Z,1060,20,17,17,0,0,1,1,1,1785715202
2026-08-03T00:03:16Z,1061,32,0,5,0,0,1,1,1,1785715374
2026-08-03T00:03:16Z,1062,12,0,5,0,0,1,1,1,1785714447
2026-08-03T00:03:16Z,1063,9,0,8,2,0,1,1,1,1785715188
2026-08-03T00:03:16Z,1064,6,1,17,0,0,1,1,1,1785714862
2026-08-03T00:03:16Z,1065,12,2,11,0,0,1,1,1,1785715100
2026-08-03T00:03:16Z,1066,13,3,10,0,0,1,1,1,1785714918
2026-08-03T00:03:16Z,1067,8,3,15,0,0,1,1,1,1785714104
2026-08-03T00:03:16Z,1068,5,2,15,3,0,1,1,1,1785714804
2026-08-03T00:03:16Z,1069,12,2,11,0,0,1,1,1,1785714736
2026-08-03T00:03:16Z,1070,11,1,10,2,0,1,1,1,1785714869
2026-08-03T00:03:16Z,1071,6,2,15,2,0,1,1,1,1785714891
2026-08-03T00:03:16Z,1072,9,0,12,2,0,1,1,1,1785715208
2026-08-03T00:03:16Z,1073,26,3,1,0,0,1,1,1,1785714428
2026-08-03T00:03:16Z,1074,25,1,26,2,0,1,1,1,1785714981
2026-08-03T00:03:16Z,1075,9,7,12,0,0,1,1,1,1785713766
2026-08-03T00:03:16Z,1076,11,10,10,0,0,1,1,1,1785713727
2026-08-03T00:03:16Z,1077,11,9,10,0,0,1,1,1,1785715136
2026-08-03T00:03:16Z,1078,10,8,11,0,0,1,1,1,1785713756
2026-08-03T00:03:16Z,1079,10,8,11,0,0,1,1,1,1785714488
2026-08-03T00:03:16Z,1080,10,9,11,0,0,1,1,1,1785714314
2026-08-03T00:03:16Z,1081,11,8,7,1,0,1,1,1,1785715008
2026-08-03T00:03:16Z,1082,15,13,8,0,0,1,1,1,1785714539
2026-08-03T00:03:16Z,1083,10,9,11,0,0,1,1,1,1785714605
2026-08-03T00:03:16Z,1084,9,7,12,0,0,1,1,1,1785714213
2026-08-03T00:03:16Z,1085,12,6,9,0,0,1,1,1,1785714231
2026-08-03T00:03:16Z,1086,10,7,11,0,0,1,1,1,1785714904
2026-08-03T00:03:16Z,1087,10,9,5,0,0,1,1,1,1785715228
2026-08-03T00:03:16Z,1088,7,6,8,0,0,1,1,1,1785714304
2026-08-03T00:03:16Z,1089,9,7,6,0,0,1,1,1,1785713833
2026-08-03T00:03:16Z,1090,10,8,5,0,0,1,1,1,1785714953
2026-08-03T00:03:16Z,1091,9,7,6,0,0,1,1,1,1785715147
2026-08-03T00:03:16Z,1092,10,9,5,0,0,1,1,1,1785714538
2026-08-03T00:03:16Z,1093,9,7,6,0,0,1,1,1,1785714923
2026-08-03T00:03:16Z,1094,13,11,6,0,0,1,1,1,1785714227
2026-08-03T00:03:16Z,1095,10,8,5,0,0,1,1,1,1785713992
2026-08-03T00:03:16Z,1096,7,5,12,0,0,1,1,1,1785714665
2026-08-03T00:03:16Z,1097,9,7,6,0,0,1,1,1,1785714726
2026-08-03T00:03:16Z,1098,10,8,9,0,0,1,1,1,1785713959
2026-08-03T00:03:16Z,1099,8,6,7,0,0,1,1,1,1785714060
2026-08-03T00:03:16Z,1100,9,4,19,1,0,1,1,1,1785703987
2026-08-03T00:03:16Z,1101,8,3,13,0,0,1,1,1,1785714120
2026-08-03T00:03:16Z,1102,10,5,3,0,0,1,1,1,1785714794
2026-08-03T00:03:16Z,1103,11,5,10,0,0,1,1,1,1785661115
2026-08-03T00:03:16Z,1104,10,5,11,0,0,1,1,1,1785713894
2026-08-03T00:03:16Z,1105,7,3,6,0,0,1,1,1,1785714656
2026-08-03T00:03:16Z,1106,10,5,11,0,0,1,1,1,1785714230
2026-08-03T00:03:16Z,1107,9,5,6,0,0,1,1,1,1785714216
2026-08-03T00:03:16Z,1108,7,3,17,3,0,1,1,1,1785715314
2026-08-03T00:03:16Z,1109,10,5,5,0,0,1,1,1,1785714134
2026-08-03T00:03:16Z,1110,13,2,8,0,0,1,1,1,1785713727
2026-08-03T00:03:16Z,1111,12,1,8,1,0,1,1,1,1785714903
2026-08-03T00:03:16Z,1112,24,0,29,0,0,1,1,1,1785715264
2026-08-03T00:03:16Z,1113,2,0,18,1,0,1,1,1,1785715275
2026-08-03T00:03:16Z,1115,5,2,14,4,0,1,1,1,1785715067
2026-08-03T00:03:16Z,1116,5,0,14,0,0,1,1,1,1785714283
2026-08-03T00:03:16Z,1117,21,14,1,1,0,1,1,1,1785715143
2026-08-03T00:03:16Z,1118,1,0,20,0,0,1,1,1,1785713819
2026-08-03T00:03:16Z,1119,16,3,1,0,0,1,1,1,1785715218
2026-08-03T00:03:16Z,1120,7,3,11,1,0,1,1,1,1785714341
2026-08-03T00:03:16Z,1121,7,1,13,1,0,1,1,1,1785714832
2026-08-03T00:03:16Z,1122,12,2,7,2,0,1,1,1,1785713935
2026-08-03T00:03:16Z,1123,0,0,21,2,0,1,1,1,1785714107
2026-08-03T00:03:16Z,1124,6,0,8,1,0,1,1,1,1785714970
2026-08-03T00:03:16Z,1125,18,2,4,1,0,1,1,1,1785714842
2026-08-03T00:03:16Z,1126,20,5,1,0,0,1,1,1,1785713744
2026-08-03T00:03:16Z,1127,14,0,4,1,0,1,1,1,1785714616
2026-08-03T00:03:16Z,1128,14,2,1,0,0,1,1,1,1785714175
2026-08-03T00:03:16Z,1129,8,4,12,1,0,1,1,1,1785714825
2026-08-03T00:03:16Z,1130,9,1,6,0,0,1,1,1,1785715012
2026-08-03T00:03:16Z,1131,0,0,49,0,0,1,1,1,1785714818
2026-08-03T00:03:16Z,1132,16,0,4,1,0,1,1,1,1785714597
2026-08-03T00:03:16Z,1133,11,10,9,1,0,1,1,1,1785714164
2026-08-03T00:03:16Z,1134,9,5,10,0,0,1,1,1,1785714835
2026-08-03T00:03:16Z,1135,10,5,11,0,0,1,1,1,1785714052
2026-08-03T00:03:16Z,1136,21,0,2,0,0,1,1,1,1785714659
2026-08-03T00:03:16Z,1137,1,0,13,1,0,1,1,1,1785714052
2026-08-03T00:03:16Z,1138,7,1,12,0,0,1,1,1,1785714364
2026-08-03T00:03:16Z,1139,13,3,8,0,0,1,1,1,1785714958
2026-08-03T00:03:16Z,1140,4,1,18,1,0,1,1,1,1785714739
2026-08-03T00:03:16Z,1141,6,3,14,1,0,1,1,1,1785715345
2026-08-03T00:03:16Z,1142,0,0,21,0,0,1,1,1,1785714980
2026-08-03T00:03:16Z,1143,10,0,17,2,0,1,1,1,1785715385
2026-08-03T00:03:16Z,1144,6,2,14,1,0,1,1,1,1785713682
2026-08-03T00:03:16Z,1145,9,5,11,1,0,1,1,1,1785714820
2026-08-03T00:03:16Z,1146,5,0,9,5,0,1,1,1,1785715370
2026-08-03T00:03:16Z,1147,4,0,15,0,0,1,1,1,1785714616
2026-08-03T00:03:16Z,1148,23,1,7,1,0,1,1,1,1785715115
2026-08-03T00:03:16Z,1149,15,8,8,2,0,1,1,1,1785714291
2026-08-03T00:03:16Z,1150,8,0,11,0,0,1,1,1,1785714241
2026-08-03T00:03:16Z,1151,7,0,14,0,0,1,1,1,1785715311
2026-08-03T00:03:16Z,1152,2,0,27,0,0,1,1,1,1785714937
2026-08-03T00:03:16Z,1153,3,0,20,0,0,1,1,1,1785714424
2026-08-03T00:03:16Z,1154,12,1,6,1,0,1,1,1,1785715391
2026-08-03T00:03:16Z,1155,13,3,6,2,0,1,1,1,1785714891
2026-08-03T00:03:16Z,1158,2,2,17,0,0,1,1,1,1785714163
2026-08-03T00:03:16Z,1159,13,5,6,0,0,1,1,1,1785714591
2026-08-03T00:03:16Z,1160,7,3,11,1,0,1,1,1,1785715054
2026-08-03T00:03:16Z,1161,4,0,14,1,0,1,1,1,1785714681
2026-08-03T00:03:16Z,1162,5,1,14,0,0,1,1,1,1785714982
2026-08-03T00:03:16Z,1163,3,1,15,1,0,1,1,1,1785714282
2026-08-03T00:03:16Z,1164,5,0,14,0,0,1,1,1,1785714321
2026-08-03T00:03:16Z,1165,11,1,10,0,0,1,1,1,1785715168
2026-08-03T00:03:16Z,1166,13,3,7,1,0,1,1,1,1785715381
2026-08-03T00:03:16Z,1167,3,0,12,0,0,1,1,1,1785713821
2026-08-03T00:03:16Z,1168,6,2,17,0,0,1,1,1,1785714740
2026-08-03T00:03:16Z,1169,3,0,16,0,0,1,1,1,1785714182
2026-08-03T00:03:16Z,1170,6,2,15,0,0,1,1,1,1785714673
2026-08-03T00:03:16Z,1171,8,5,14,1,0,1,1,1,1785714520
2026-08-03T00:03:16Z,1172,6,0,7,2,0,1,1,1,1785714237
2026-08-03T00:03:16Z,1173,12,2,7,0,0,1,1,1,1785714475
2026-08-03T00:03:16Z,1174,5,0,10,0,0,1,1,1,1785713915
2026-08-03T00:03:16Z,1175,1,0,18,0,0,1,1,1,1785698217
2026-08-03T00:03:16Z,1176,10,0,10,0,1,1,1,1,1785713896
2026-08-03T00:03:16Z,1177,6,1,14,1,0,1,1,1,1785714384
2026-08-03T00:03:16Z,1178,3,0,12,0,0,1,1,1,1785713672
2026-08-03T00:03:16Z,1181,10,3,5,0,0,1,1,1,1785713736
2026-08-03T00:03:16Z,1182,10,1,9,1,0,1,1,1,1785715280
2026-08-03T00:03:16Z,1183,1,1,42,2,0,1,1,1,1785715187
2026-08-03T00:03:16Z,1184,5,1,15,1,0,1,1,1,1785714263
2026-08-03T00:03:16Z,1185,9,5,12,0,0,1,1,1,1785713864
2026-08-03T00:03:16Z,1186,8,4,11,0,0,1,1,1,1785714737
2026-08-03T00:03:16Z,1187,11,6,10,0,0,1,1,1,1785713979
2026-08-03T00:03:16Z,1188,11,6,4,0,0,1,1,1,1785714209
2026-08-03T00:03:16Z,1189,9,4,10,0,0,1,1,1,1785714507
2026-08-03T00:03:16Z,1190,12,7,9,0,0,1,1,1,1785714020
2026-08-03T00:03:16Z,1191,9,4,6,0,0,1,1,1,1785714210
2026-08-03T00:03:16Z,1192,9,5,11,1,0,1,1,1,1785714455
2026-08-03T00:03:16Z,1193,8,5,3,2,0,1,1,1,1785715146
2026-08-03T00:03:16Z,1197,6,4,10,1,0,1,1,1,1785715318
2026-08-03T00:03:16Z,1198,16,5,3,2,0,1,1,1,1785714920
2026-08-03T00:03:16Z,1199,3,0,16,0,0,1,1,1,1785714817
2026-08-03T00:03:16Z,1200,10,5,5,0,0,1,1,1,1785714241
2026-08-03T00:03:16Z,1201,11,6,4,0,0,1,1,1,1785714217
2026-08-03T00:03:16Z,1202,10,5,5,0,0,1,1,1,1785714326
2026-08-03T00:03:16Z,1203,10,5,5,0,0,1,1,1,1785714240
2026-08-03T00:03:16Z,1204,10,5,9,0,0,1,1,1,1785714171
2026-08-03T00:03:16Z,1206,10,5,11,0,0,1,1,1,1785715332
2026-08-03T00:03:16Z,1207,8,3,5,2,0,1,1,1,1785714537
2026-08-03T00:03:16Z,1208,9,4,10,0,0,1,1,1,1785714635
2026-08-03T00:03:16Z,1216,3,0,17,1,0,1,1,1,1785713661
2026-08-03T00:03:16Z,1218,9,4,12,0,0,1,1,1,1785714097
2026-08-03T00:03:16Z,1219,5,1,7,3,0,1,1,1,1785714170
2026-08-03T00:03:16Z,1220,15,7,4,0,0,1,1,1,1785713796
2026-08-03T00:03:16Z,1221,3,1,18,0,0,1,1,1,1785715255
2026-08-03T00:03:16Z,1222,4,0,25,0,0,1,1,1,1785714765
2026-08-03T00:03:16Z,1223,27,0,2,0,0,1,1,1,1785714588
2026-08-03T00:03:16Z,1226,0,0,3,0,0,0,1,1,1781868931
2026-08-03T00:03:16Z,1227,5,0,20,0,0,1,1,1,1785713759
2026-08-03T00:03:16Z,1228,23,1,5,1,0,1,1,1,1785715005
2026-08-03T00:03:16Z,1229,34,23,1,10,0,1,1,1,1785715306
2026-08-03T00:08:16Z,1,6,0,17,0,0,1,1,1,1785711895
2026-08-03T00:08:16Z,2,11,0,13,3,0,1,1,1,1785714952
2026-08-03T00:08:16Z,3,3,0,10,1,0,1,1,1,1785715355
2026-08-03T00:08:16Z,4,2,1,19,1,0,1,1,1,1785714020
2026-08-03T00:08:16Z,5,12,4,9,1,1,1,1,1,1785707300
2026-08-03T00:08:16Z,6,13,1,2,0,0,1,1,1,1785715184
2026-08-03T00:08:16Z,7,4,0,35,0,0,1,1,1,1785715618
2026-08-03T00:08:16Z,8,2,0,40,1,0,1,1,1,1785714788
2026-08-03T00:08:16Z,9,20,2,3,0,0,1,1,1,1785714555
2026-08-03T00:08:16Z,10,9,2,12,2,0,1,1,1,1785713840
2026-08-03T00:08:16Z,11,12,3,6,1,0,1,1,1,1785715692
2026-08-03T00:08:16Z,12,2,0,21,0,0,1,1,1,1785715338
2026-08-03T00:08:16Z,13,15,1,15,0,0,1,1,1,1785714764
2026-08-03T00:08:16Z,14,10,0,32,0,1,1,1,1,1785715578
2026-08-03T00:08:16Z,15,3,0,12,0,0,1,1,1,1785713396
2026-08-03T00:08:16Z,16,8,1,17,1,1,1,1,1,1785709998
2026-08-03T00:08:16Z,17,5,1,21,1,0,1,1,1,1785715383
2026-08-03T00:08:16Z,18,4,4,12,2,0,1,1,1,1785714941
2026-08-03T00:08:16Z,19,16,2,11,0,0,1,1,1,1785715692
2026-08-03T00:08:16Z,20,13,0,22,0,0,1,1,1,1785715101
2026-08-03T00:08:16Z,21,13,0,5,1,0,1,1,1,1785715032
2026-08-03T00:08:16Z,22,26,1,38,1,0,1,1,1,1785715251
2026-08-03T00:08:16Z,23,10,5,20,1,0,1,1,1,1785713264
2026-08-03T00:08:16Z,24,4,0,6,1,0,1,1,1,1785715684
2026-08-03T00:08:16Z,25,57,0,21,3,0,1,1,1,1785715691
2026-08-03T00:08:16Z,26,10,2,17,0,0,1,1,1,1785713780
2026-08-03T00:08:16Z,28,1,0,14,0,0,1,1,1,1785713041
2026-08-03T00:08:16Z,30,3,0,26,0,0,1,1,1,1785714590
2026-08-03T00:08:16Z,31,10,0,8,1,0,1,1,1,1785715520
2026-08-03T00:08:16Z,32,11,0,16,0,0,1,1,1,1785715672
2026-08-03T00:08:16Z,34,6,1,31,0,0,1,1,1,1785712564
2026-08-03T00:08:16Z,35,27,3,19,1,0,1,1,1,1785714282
2026-08-03T00:08:16Z,36,0,0,0,0,0,0,1,1,86400
2026-08-03T00:08:16Z,37,16,0,6,1,0,1,1,1,1785715663
2026-08-03T00:08:16Z,38,6,0,17,0,0,1,1,1,1785715413
2026-08-03T00:08:16Z,39,35,6,4,0,0,1,1,1,1785714892
2026-08-03T00:08:16Z,40,4,0,17,0,0,1,1,1,1785715382
2026-08-03T00:08:16Z,41,2,0,41,0,0,1,1,1,1785715348
2026-08-03T00:08:16Z,42,17,9,14,0,0,1,1,1,1785715635
2026-08-03T00:08:16Z,43,21,3,2,0,0,1,1,1,1785714268
2026-08-03T00:08:16Z,45,1,0,28,0,0,1,1,1,1785714153
2026-08-03T00:08:16Z,46,0,0,30,1,0,1,1,1,1785715287
2026-08-03T00:08:16Z,47,6,1,7,2,0,1,1,1,1785715338
2026-08-03T00:08:16Z,48,11,1,16,0,0,1,1,1,1785714906
2026-08-03T00:08:16Z,49,5,0,15,3,0,1,1,1,1785715691
2026-08-03T00:08:16Z,50,10,3,8,1,0,1,1,1,1785715388
2026-08-03T00:08:16Z,51,36,0,40,1,0,1,1,1,1785713893
2026-08-03T00:08:16Z,52,5,1,19,3,0,1,1,1,1785715576
2026-08-03T00:08:16Z,55,0,0,23,0,0,1,1,1,1785712742
2026-08-03T00:08:16Z,56,2,1,41,0,0,1,1,1,1785713536
2026-08-03T00:08:16Z,57,4,4,23,0,0,1,1,1,1785715566
2026-08-03T00:08:16Z,58,1,1,27,0,0,1,1,1,1785713094
2026-08-03T00:08:16Z,59,7,1,19,1,0,1,1,1,1785715686
2026-08-03T00:08:16Z,61,4,0,35,0,0,1,1,1,1785708823
2026-08-03T00:08:16Z,62,0,0,0,16,33,1,1,1,1785715457
2026-08-03T00:08:16Z,63,14,1,5,0,0,1,1,1,1785715028
2026-08-03T00:08:16Z,64,7,1,10,2,0,1,1,1,1785714326
2026-08-03T00:08:16Z,65,11,5,7,1,0,1,1,1,1785712939
2026-08-03T00:08:16Z,67,31,1,8,0,0,1,1,1,1785714770
2026-08-03T00:08:16Z,68,4,0,33,0,0,1,1,1,1785712882
2026-08-03T00:08:16Z,69,13,1,2,0,0,1,1,1,1785715115
2026-08-03T00:08:16Z,71,12,0,14,1,0,1,1,1,1785715554
2026-08-03T00:08:16Z,72,22,3,4,4,1,1,1,1,1785715588
2026-08-03T00:08:16Z,73,3,0,28,0,0,1,1,1,1785714809
2026-08-03T00:08:16Z,74,4,0,15,0,0,1,1,1,1785713267
2026-08-03T00:08:16Z,75,0,0,31,1,0,1,1,1,1785714912
2026-08-03T00:08:16Z,76,3,1,15,1,0,1,1,1,1785715686
2026-08-03T00:08:16Z,77,20,0,7,0,0,1,1,1,1785715559
2026-08-03T00:08:16Z,78,9,1,13,1,0,1,1,1,1785714745
2026-08-03T00:08:16Z,79,4,0,11,2,0,1,1,1,1785714837
2026-08-03T00:08:16Z,80,3,0,17,3,0,1,1,1,1785715391
2026-08-03T00:08:16Z,81,5,2,25,1,0,1,1,1,1785715011
2026-08-03T00:08:16Z,82,19,7,4,0,0,1,1,1,1785715395
2026-08-03T00:08:16Z,83,22,1,8,4,0,1,1,1,1785715661
2026-08-03T00:08:16Z,84,11,2,16,0,0,1,1,1,1785714691
2026-08-03T00:08:16Z,85,10,1,5,0,0,1,1,1,1785715273
2026-08-03T00:08:16Z,86,22,3,5,0,0,1,1,1,1785714145
2026-08-03T00:08:16Z,87,7,0,12,0,0,1,1,1,1785710562
2026-08-03T00:08:16Z,88,15,0,27,1,0,1,1,1,1785715649
2026-08-03T00:08:16Z,89,32,3,3,0,0,1,1,1,1785709147
2026-08-03T00:08:16Z,90,4,2,13,1,0,1,1,1,1785715190
2026-08-03T00:08:16Z,91,6,0,9,2,0,1,1,1,1785712977
2026-08-03T00:08:16Z,92,8,0,9,2,0,1,1,1,1785715677
2026-08-03T00:08:16Z,93,12,2,11,0,0,1,1,1,1785715409
2026-08-03T00:08:16Z,94,7,0,11,1,0,1,1,1,1785715116
2026-08-03T00:08:16Z,95,21,1,11,2,1,1,1,1,1785715165
2026-08-03T00:08:16Z,96,20,1,10,1,0,1,1,1,1785715049
2026-08-03T00:08:16Z,97,2,0,14,1,0,1,1,1,1785715644
2026-08-03T00:08:16Z,98,31,1,4,0,0,1,1,1,1785715628
2026-08-03T00:08:16Z,99,9,1,5,1,0,1,1,1,1785715687
2026-08-03T00:08:16Z,100,4,0,22,1,0,1,1,1,1785715575
2026-08-03T00:08:16Z,101,13,0,0,2,0,1,1,1,1785714719
2026-08-03T00:08:16Z,102,9,0,14,0,0,1,1,1,1785714148
2026-08-03T00:08:16Z,103,18,0,10,2,0,1,1,1,1785715656
2026-08-03T00:08:16Z,104,12,1,13,2,0,1,1,1,1785715691
2026-08-03T00:08:16Z,105,13,0,4,2,0,1,1,1,1785708568
2026-08-03T00:08:16Z,106,10,0,11,0,0,1,1,1,1785708842
2026-08-03T00:08:16Z,107,15,0,22,0,0,1,1,1,1785714381
2026-08-03T00:08:16Z,108,15,0,19,1,0,1,1,1,1785715358
2026-08-03T00:08:16Z,109,10,0,13,0,0,1,1,1,1785715627
2026-08-03T00:08:16Z,110,10,0,10,3,0,1,1,1,1785715601
2026-08-03T00:08:16Z,111,15,0,21,0,0,1,1,1,1785713935
2026-08-03T00:08:16Z,112,8,2,6,1,0,1,1,1,1785715661
2026-08-03T00:08:16Z,113,6,0,12,1,0,1,1,1,1785715522
2026-08-03T00:08:16Z,114,9,3,22,0,0,1,1,1,1785715108
2026-08-03T00:08:16Z,115,19,5,6,3,0,1,1,1,1785715135
2026-08-03T00:08:16Z,116,8,7,19,0,0,1,1,1,1785715680
2026-08-03T00:08:16Z,118,4,0,19,0,0,1,1,1,1785710695
2026-08-03T00:08:16Z,119,23,2,13,2,0,1,1,1,1785714679
2026-08-03T00:08:16Z,120,14,2,10,2,0,1,1,1,1785714771
2026-08-03T00:08:16Z,121,2,0,15,1,1,1,1,1,1785715453
2026-08-03T00:08:16Z,122,13,0,7,1,0,1,1,1,1785715008
2026-08-03T00:08:16Z,123,20,3,27,0,0,1,1,1,1785714959
2026-08-03T00:08:16Z,124,29,5,6,0,0,1,1,1,1785715571
2026-08-03T00:08:16Z,125,9,8,14,0,0,1,1,1,1785715110
2026-08-03T00:08:16Z,126,12,0,19,0,0,1,1,1,1785714715
2026-08-03T00:08:16Z,127,29,1,5,1,0,1,1,1,1785715505
2026-08-03T00:08:16Z,128,17,0,2,0,0,1,1,1,1785714923
2026-08-03T00:08:16Z,129,8,4,10,1,0,1,1,1,1785714272
2026-08-03T00:08:16Z,130,11,0,6,0,0,1,1,1,1785715530
2026-08-03T00:08:16Z,131,6,1,5,0,0,1,1,1,1785714711
2026-08-03T00:08:16Z,132,4,0,10,0,1,1,1,1,1785714877
2026-08-03T00:08:16Z,134,17,8,2,3,1,1,1,1,1785715566
2026-08-03T00:08:16Z,135,11,1,8,0,0,1,1,1,1785715362
2026-08-03T00:08:16Z,136,6,0,16,0,0,1,1,1,1785713993
2026-08-03T00:08:16Z,137,18,3,0,1,0,1,1,1,1785715610
2026-08-03T00:08:16Z,138,22,1,15,0,0,1,1,1,1785714833
2026-08-03T00:08:16Z,139,19,1,0,0,0,1,1,1,1785715692
2026-08-03T00:08:16Z,140,21,3,1,1,0,1,1,1,1785715689
2026-08-03T00:08:16Z,141,24,1,11,1,0,1,1,1,1785715641
2026-08-03T00:08:16Z,142,5,0,18,0,0,1,1,1,1785715383
2026-08-03T00:08:16Z,143,26,0,4,1,0,1,1,1,1785715546
2026-08-03T00:08:16Z,144,19,0,8,0,0,1,1,1,1785715554
2026-08-03T00:08:16Z,146,4,0,17,2,0,1,1,1,1785713962
2026-08-03T00:08:16Z,147,7,0,10,2,0,1,1,1,1785714580
2026-08-03T00:08:16Z,148,11,0,13,3,0,1,1,1,1785715625
2026-08-03T00:08:16Z,149,7,0,19,1,0,1,1,1,1785715688
2026-08-03T00:08:16Z,150,25,4,8,2,0,1,1,1,1785715664
2026-08-03T00:08:16Z,151,7,2,16,0,0,1,1,1,1785715514
2026-08-03T00:08:16Z,152,14,1,10,2,0,1,1,1,1785715398
2026-08-03T00:08:16Z,153,25,0,1,2,0,1,1,1,1785714235
2026-08-03T00:08:16Z,154,9,0,11,3,0,1,1,1,1785715430
2026-08-03T00:08:16Z,155,12,2,1,1,0,1,1,1,1785715684
2026-08-03T00:08:16Z,156,7,0,12,0,0,1,1,1,1785715657
2026-08-03T00:08:16Z,157,24,1,0,3,0,1,1,1,1785715665
2026-08-03T00:08:16Z,158,5,0,11,0,0,1,1,1,1785715528
2026-08-03T00:08:16Z,159,13,11,6,0,0,1,1,1,1785715274
2026-08-03T00:08:16Z,160,10,2,9,0,0,1,1,1,1785715499
2026-08-03T00:08:16Z,161,16,0,6,0,0,1,1,1,1785715351
2026-08-03T00:08:16Z,162,21,2,4,2,0,1,1,1,1785715465
2026-08-03T00:08:16Z,163,23,0,7,0,1,1,1,1,1785715667
2026-08-03T00:08:16Z,164,26,0,1,0,0,1,1,1,1785715059
2026-08-03T00:08:16Z,165,19,5,11,0,1,1,1,1,1785715684
2026-08-03T00:08:16Z,166,31,0,4,4,0,1,1,1,1785715688
2026-08-03T00:08:16Z,167,15,0,7,1,0,1,1,1,1785715689
2026-08-03T00:08:16Z,168,16,1,10,1,0,1,1,1,1785715610
2026-08-03T00:08:16Z,169,21,0,1,0,1,1,1,1,1785715616
2026-08-03T00:08:16Z,170,15,4,3,1,0,1,1,1,1785715670
2026-08-03T00:08:16Z,171,5,1,6,2,0,1,1,1,1785715604
2026-08-03T00:08:16Z,173,28,3,10,1,0,1,1,1,1785715313
2026-08-03T00:08:16Z,174,24,1,2,0,0,1,1,1,1785715422
2026-08-03T00:08:16Z,175,28,2,2,1,0,1,1,1,1785715566
2026-08-03T00:08:16Z,176,1,0,10,4,1,1,1,1,1785715557
2026-08-03T00:08:16Z,177,18,0,9,0,0,1,1,1,1785715593
2026-08-03T00:08:16Z,178,8,2,4,2,1,1,1,1,1785715691
2026-08-03T00:08:16Z,179,13,1,1,1,0,1,1,1,1785715406
2026-08-03T00:08:16Z,180,7,0,23,0,0,1,1,1,1785715319
2026-08-03T00:08:16Z,181,6,2,8,1,0,1,1,1,1785715667
2026-08-03T00:08:16Z,182,13,2,4,0,0,1,1,1,1785714355
2026-08-03T00:08:16Z,183,17,2,5,1,0,1,1,1,1785715462
2026-08-03T00:08:16Z,184,15,1,5,2,1,1,1,1,1785715593
2026-08-03T00:08:16Z,185,8,5,4,2,1,1,1,1,1785715180
2026-08-03T00:08:16Z,186,17,5,2,0,0,1,1,1,1785715050
2026-08-03T00:08:16Z,187,11,0,17,0,0,1,1,1,1785715650
2026-08-03T00:08:16Z,188,19,0,1,7,0,1,1,1,1785715613
2026-08-03T00:08:16Z,189,13,4,2,0,0,1,1,1,1785713636
2026-08-03T00:08:16Z,190,7,1,16,0,0,1,1,1,1785715443
2026-08-03T00:08:16Z,191,17,9,22,0,0,1,1,1,1785715340
2026-08-03T00:08:16Z,192,3,3,26,2,0,1,1,1,1785715656
2026-08-03T00:08:16Z,193,9,9,5,1,0,1,1,1,1785714249
2026-08-03T00:08:16Z,194,5,3,22,0,0,1,1,1,1785715556
2026-08-03T00:08:16Z,195,11,7,7,0,0,1,1,1,1785715433
2026-08-03T00:08:16Z,196,24,0,2,1,0,1,1,1,1785715500
2026-08-03T00:08:16Z,197,9,1,9,0,1,1,1,1,1785714777
2026-08-03T00:08:16Z,198,10,3,13,0,0,1,1,1,1785714270
2026-08-03T00:08:16Z,199,4,2,10,1,0,1,1,1,1785715637
2026-08-03T00:08:16Z,200,11,6,15,0,0,1,1,1,1785713989
2026-08-03T00:08:16Z,201,21,3,2,0,0,1,1,1,1785715281
2026-08-03T00:08:16Z,202,17,0,10,0,0,1,1,1,1785715164
2026-08-03T00:08:16Z,203,6,1,24,1,0,1,1,1,1785714215
2026-08-03T00:08:16Z,204,8,1,25,2,0,1,1,1,1785715270
2026-08-03T00:08:16Z,205,11,1,16,0,0,1,1,1,1785713308
2026-08-03T00:08:16Z,206,3,3,11,1,0,1,1,1,1785715615
2026-08-03T00:08:16Z,207,11,1,10,0,0,1,1,1,1785714811
2026-08-03T00:08:16Z,208,3,0,26,0,0,1,1,1,1785713526
2026-08-03T00:08:16Z,209,22,1,7,2,0,1,1,1,1785715576
2026-08-03T00:08:16Z,210,19,6,8,0,0,1,1,1,1785715044
2026-08-03T00:08:16Z,211,18,2,3,2,0,1,1,1,1785709062
2026-08-03T00:08:16Z,212,33,5,1,1,0,1,1,1,1785715507
2026-08-03T00:08:16Z,213,10,0,12,1,0,1,1,1,1785715391
2026-08-03T00:08:16Z,214,29,17,11,7,0,1,1,1,1785715186
2026-08-03T00:08:16Z,215,13,10,10,0,0,1,1,1,1785715385
2026-08-03T00:08:16Z,216,12,2,6,1,0,1,1,1,1785714885
2026-08-03T00:08:16Z,217,17,0,11,1,0,1,1,1,1785715598
2026-08-03T00:08:16Z,218,19,9,12,8,0,1,1,1,1785715689
2026-08-03T00:08:16Z,219,3,2,22,1,0,1,1,1,1785715320
2026-08-03T00:08:16Z,220,39,5,4,0,0,1,1,1,1785715587
2026-08-03T00:08:16Z,221,6,2,8,1,0,1,1,1,1785715636
2026-08-03T00:08:16Z,222,7,0,12,0,0,1,1,1,1785715229
2026-08-03T00:08:16Z,223,19,1,14,2,0,1,1,1,1785715662
2026-08-03T00:08:16Z,224,14,8,8,0,0,1,1,1,1785715619
2026-08-03T00:08:16Z,225,6,3,10,3,0,1,1,1,1785715684
2026-08-03T00:08:16Z,226,19,12,10,2,0,1,1,1,1785715210
2026-08-03T00:08:16Z,227,9,4,18,0,0,1,1,1,1785715603
2026-08-03T00:08:16Z,228,8,6,10,1,0,1,1,1,1785715376
2026-08-03T00:08:16Z,230,9,0,17,0,0,1,1,1,1785714939
2026-08-03T00:08:16Z,232,6,1,10,1,0,1,1,1,1785714466
2026-08-03T00:08:16Z,233,26,4,4,1,0,1,1,1,1785715356
2026-08-03T00:08:16Z,234,7,7,8,2,2,1,1,1,1785714232
2026-08-03T00:08:16Z,236,16,5,3,0,0,1,1,1,1785713155
2026-08-03T00:08:16Z,237,22,0,0,1,0,1,1,1,1785715021
2026-08-03T00:08:16Z,239,18,11,8,1,0,1,1,1,1785715611
2026-08-03T00:08:16Z,241,8,4,14,1,0,1,1,1,1785715650
2026-08-03T00:08:16Z,242,1,1,20,2,0,1,1,1,1785711809
2026-08-03T00:08:16Z,243,18,10,12,1,0,1,1,1,1785715325
2026-08-03T00:08:16Z,244,24,7,2,1,0,1,1,1,1785712637
2026-08-03T00:08:16Z,245,21,4,0,2,0,1,1,1,1785715452
2026-08-03T00:08:16Z,246,10,2,12,1,0,1,1,1,1785713425
2026-08-03T00:08:16Z,247,8,5,15,0,0,1,1,1,1785707048
2026-08-03T00:08:16Z,248,14,2,7,2,0,1,1,1,1785714566
2026-08-03T00:08:16Z,249,16,5,3,0,0,1,1,1,1785713590
2026-08-03T00:08:16Z,250,6,3,20,1,0,1,1,1,1785714629
2026-08-03T00:08:16Z,251,5,1,20,2,0,1,1,1,1785715173
2026-08-03T00:08:16Z,253,9,3,10,0,0,1,1,1,1785714034
2026-08-03T00:08:16Z,254,37,9,5,1,0,1,1,1,1785715061
2026-08-03T00:08:16Z,255,15,1,7,0,1,1,1,1,1785715619
2026-08-03T00:08:16Z,256,13,4,8,2,0,1,1,1,1785715164
2026-08-03T00:08:16Z,257,4,2,14,1,0,1,1,1,1785715179
2026-08-03T00:08:16Z,258,13,2,4,2,0,1,1,1,1785715597
2026-08-03T00:08:16Z,259,14,3,8,0,1,1,1,1,1785713662
2026-08-03T00:08:16Z,260,3,0,14,2,0,1,1,1,1785715423
2026-08-03T00:08:16Z,261,11,0,7,0,1,1,1,1,1785712714
2026-08-03T00:08:16Z,262,8,8,12,3,0,1,1,1,1785715669
2026-08-03T00:08:16Z,263,5,2,9,1,0,1,1,1,1785714013
2026-08-03T00:08:16Z,264,12,1,6,1,0,1,1,1,1785715504
2026-08-03T00:08:16Z,265,6,1,9,0,0,1,1,1,1785714714
2026-08-03T00:08:16Z,266,8,6,10,1,0,1,1,1,1785714791
2026-08-03T00:08:16Z,267,11,2,2,2,0,1,1,1,1785715608
2026-08-03T00:08:16Z,268,4,4,19,0,0,1,1,1,1785711832
2026-08-03T00:08:16Z,269,19,7,4,0,0,1,1,1,1785715442
2026-08-03T00:08:16Z,270,18,4,8,1,0,1,1,1,1785714275
2026-08-03T00:08:16Z,271,14,2,3,2,0,1,1,1,1785713445
2026-08-03T00:08:16Z,272,18,8,3,2,0,1,1,1,1785715332
2026-08-03T00:08:16Z,273,13,8,1,1,0,1,1,1,1785711825
2026-08-03T00:08:16Z,274,6,2,11,2,0,1,1,1,1785714188
2026-08-03T00:08:16Z,275,9,0,10,1,3,1,1,1,1785715630
2026-08-03T00:08:16Z,276,6,5,20,1,0,1,1,1,1785713979
2026-08-03T00:08:16Z,277,7,7,13,3,0,1,1,1,1785715280
2026-08-03T00:08:16Z,278,22,3,9,0,0,1,1,1,1785715286
2026-08-03T00:08:16Z,279,10,0,9,0,0,1,1,1,1785715674
2026-08-03T00:08:16Z,280,0,0,29,2,0,1,1,1,1785715586
2026-08-03T00:08:16Z,281,13,0,6,0,0,1,1,1,1785714253
2026-08-03T00:08:16Z,282,18,6,0,0,0,1,1,1,1785713770
2026-08-03T00:08:16Z,283,32,6,3,0,0,1,1,1,1785715343
2026-08-03T00:08:16Z,284,22,3,12,1,0,1,1,1,1785715446
2026-08-03T00:08:16Z,285,9,3,12,2,0,1,1,1,1785715417
2026-08-03T00:08:16Z,286,4,2,18,1,0,1,1,1,1785715492
2026-08-03T00:08:16Z,287,6,1,16,1,0,1,1,1,1785715201
2026-08-03T00:08:16Z,288,4,3,15,0,0,1,1,1,1785712978
2026-08-03T00:08:16Z,289,5,3,20,2,0,1,1,1,1785714893
2026-08-03T00:08:16Z,290,12,3,25,2,0,1,1,1,1785715070
2026-08-03T00:08:16Z,291,19,1,3,1,0,1,1,1,1785715172
2026-08-03T00:08:16Z,292,14,2,9,0,0,1,1,1,1785712584
2026-08-03T00:08:16Z,293,4,2,19,0,0,1,1,1,1785715115
2026-08-03T00:08:16Z,294,15,2,2,5,0,1,1,1,1785715600
2026-08-03T00:08:16Z,297,3,0,14,1,1,1,1,1,1785715581
2026-08-03T00:08:16Z,301,8,0,11,0,0,1,1,1,1785714495
2026-08-03T00:08:16Z,302,6,0,17,0,0,1,1,1,1785715280
2026-08-03T00:08:16Z,303,8,2,11,0,0,1,1,1,1785713510
2026-08-03T00:08:16Z,304,0,0,0,0,0,0,1,1,86400
2026-08-03T00:08:16Z,305,5,0,12,2,0,1,1,1,1785714077
2026-08-03T00:08:16Z,306,14,1,18,0,0,1,1,1,1785712233
2026-08-03T00:08:16Z,307,2,0,21,0,0,1,1,1,1785711729
2026-08-03T00:08:16Z,308,4,0,14,1,0,1,1,1,1785714579
2026-08-03T00:08:16Z,309,13,1,1,0,0,1,1,1,1785715671
2026-08-03T00:08:16Z,311,12,1,3,0,0,1,1,1,1785715454
2026-08-03T00:08:16Z,312,14,11,5,4,0,1,1,1,1785715392
2026-08-03T00:08:16Z,313,7,0,8,0,0,1,1,1,1785714034
2026-08-03T00:08:16Z,314,18,2,1,0,0,1,1,1,1785712608
2026-08-03T00:08:16Z,315,13,2,16,2,0,1,1,1,1785713405
2026-08-03T00:08:16Z,316,22,6,3,5,1,1,1,1,1785715617
2026-08-03T00:08:16Z,317,19,8,10,1,1,1,1,1,1785715523
2026-08-03T00:08:16Z,318,6,3,13,0,0,1,1,1,1785714380
2026-08-03T00:08:16Z,319,12,0,10,1,0,1,1,1,1785713891
2026-08-03T00:08:16Z,320,12,2,6,1,0,1,1,1,1785711849
2026-08-03T00:08:16Z,321,2,0,13,4,0,1,1,1,1785715547
2026-08-03T00:08:16Z,322,1,0,28,0,0,1,1,1,1785715504
2026-08-03T00:08:16Z,323,5,0,13,1,0,1,1,1,1785714618
2026-08-03T00:08:16Z,324,8,0,18,1,0,1,1,1,1785715692
2026-08-03T00:08:16Z,325,4,3,21,2,0,1,1,1,1785715352
2026-08-03T00:08:16Z,327,26,2,1,0,0,1,1,1,1785715634
2026-08-03T00:08:16Z,328,10,0,12,0,0,1,1,1,1785714678
2026-08-03T00:08:16Z,329,19,3,0,0,0,1,1,1,1785713713
2026-08-03T00:08:16Z,330,10,2,11,1,0,1,1,1,1785714960
2026-08-03T00:08:16Z,331,3,1,19,1,0,1,1,1,1785714418
2026-08-03T00:08:16Z,332,7,1,11,1,0,1,1,1,1785712002
2026-08-03T00:08:16Z,333,5,4,16,2,0,1,1,1,1785715322
2026-08-03T00:08:16Z,334,14,6,9,0,0,1,1,1,1785713854
2026-08-03T00:08:16Z,335,10,2,11,1,1,1,1,1,1785712208
2026-08-03T00:08:16Z,336,6,1,13,0,0,1,1,1,1785714430
2026-08-03T00:08:16Z,337,3,1,17,3,0,1,1,1,1785715687
2026-08-03T00:08:16Z,338,9,2,9,1,0,1,1,1,1785714487
2026-08-03T00:08:16Z,339,16,0,6,1,0,1,1,1,1785715524
2026-08-03T00:08:16Z,340,5,2,9,1,0,1,1,1,1785714179
2026-08-03T00:08:16Z,341,2,1,17,0,0,1,1,1,1785712875
2026-08-03T00:08:16Z,342,8,2,4,3,0,1,1,1,1785714190
2026-08-03T00:08:16Z,343,16,8,7,0,0,1,1,1,1785715473
2026-08-03T00:08:16Z,344,4,2,19,0,0,1,1,1,1785715220
2026-08-03T00:08:16Z,345,6,0,13,0,0,1,1,1,1785714093
2026-08-03T00:08:16Z,346,7,2,16,0,0,1,1,1,1785714256
2026-08-03T00:08:16Z,347,31,7,9,4,0,1,1,1,1785715680
2026-08-03T00:08:16Z,348,16,0,6,0,1,1,1,1,1785715578
2026-08-03T00:08:16Z,349,4,0,15,0,0,1,1,1,1785714748
2026-08-03T00:08:16Z,350,7,1,18,1,1,1,1,1,1785714659
2026-08-03T00:08:16Z,351,2,1,19,2,0,1,1,1,1785715583
2026-08-03T00:08:16Z,355,11,3,12,0,0,1,1,1,1785712531
2026-08-03T00:08:16Z,356,5,0,14,0,0,1,1,1,1785714796
2026-08-03T00:08:16Z,357,6,6,13,0,0,1,1,1,1785715540
2026-08-03T00:08:16Z,358,21,3,6,0,0,1,1,1,1785714206
2026-08-03T00:08:16Z,359,11,1,16,0,0,1,1,1,1785715007
2026-08-03T00:08:16Z,360,8,4,11,0,0,1,1,1,1785715179
2026-08-03T00:08:16Z,362,15,7,4,0,0,1,1,1,1785714482
2026-08-03T00:08:16Z,363,8,0,19,0,0,1,1,1,1785715684
2026-08-03T00:08:16Z,364,4,0,13,2,0,1,1,1,1785714209
2026-08-03T00:08:16Z,365,7,6,12,4,0,1,1,1,1785713980
2026-08-03T00:08:16Z,366,2,1,20,1,0,1,1,1,1785715471
2026-08-03T00:08:16Z,367,11,7,7,1,0,1,1,1,1785714874
2026-08-03T00:08:16Z,368,22,0,0,1,0,1,1,1,1785715035
2026-08-03T00:08:16Z,370,21,14,6,0,0,1,1,1,1785715533
2026-08-03T00:08:16Z,371,11,1,6,2,0,1,1,1,1785713638
2026-08-03T00:08:16Z,372,14,2,0,1,0,1,1,1,1785714014
2026-08-03T00:08:16Z,373,12,1,12,3,0,1,1,1,1785713489
2026-08-03T00:08:16Z,374,14,5,4,1,0,1,1,1,1785714418
2026-08-03T00:08:16Z,375,20,2,4,3,0,1,1,1,1785715515
2026-08-03T00:08:16Z,376,13,1,24,2,0,1,1,1,1785715470
2026-08-03T00:08:16Z,377,15,0,11,1,0,1,1,1,1785715000
2026-08-03T00:08:16Z,378,1,0,21,1,1,1,1,1,1785715645
2026-08-03T00:08:16Z,379,22,4,5,0,0,1,1,1,1785715440
2026-08-03T00:08:16Z,380,20,6,3,0,0,1,1,1,1785714327
2026-08-03T00:08:16Z,381,4,0,19,0,0,1,1,1,1785715512
2026-08-03T00:08:16Z,383,2,1,12,1,0,1,1,1,1785714589
2026-08-03T00:08:16Z,384,26,2,1,0,0,1,1,1,1785715621
2026-08-03T00:08:16Z,385,10,1,8,0,0,1,1,1,1785715486
2026-08-03T00:08:16Z,387,15,2,7,1,0,1,1,1,1785715287
2026-08-03T00:08:16Z,388,12,2,34,3,0,1,1,1,1785715543
2026-08-03T00:08:16Z,389,0,0,14,1,0,1,1,1,1785707165
2026-08-03T00:08:16Z,390,23,2,12,0,0,1,1,1,1785715111
2026-08-03T00:08:16Z,391,7,2,8,0,0,1,1,1,1785710470
2026-08-03T00:08:16Z,392,7,2,10,2,0,1,1,1,1785715583
2026-08-03T00:08:16Z,393,1,0,8,2,0,1,1,1,1785709017
2026-08-03T00:08:16Z,394,6,4,5,2,0,1,1,1,1785715167
2026-08-03T00:08:16Z,396,1,1,40,1,0,1,1,1,1785715296
2026-08-03T00:08:16Z,397,19,2,12,0,0,1,1,1,1785714812
2026-08-03T00:08:16Z,399,6,0,9,2,0,1,1,1,1785715364
2026-08-03T00:08:16Z,400,12,9,9,2,0,1,1,1,1785714791
2026-08-03T00:08:16Z,401,3,1,36,0,0,1,1,1,1785715233
2026-08-03T00:08:16Z,403,27,20,2,2,0,1,1,1,1785715380
2026-08-03T00:08:16Z,404,17,1,5,1,0,1,1,1,1785715416
2026-08-03T00:08:16Z,406,8,3,26,1,0,1,1,1,1785715683
2026-08-03T00:08:16Z,407,1,0,33,0,0,1,1,1,1785714657
2026-08-03T00:08:16Z,408,16,5,15,2,0,1,1,1,1785714867
2026-08-03T00:08:16Z,409,2,0,19,2,0,1,1,1,1785712936
2026-08-03T00:08:16Z,413,8,5,14,0,1,1,1,1,1785715546
2026-08-03T00:08:16Z,414,7,0,7,1,0,1,1,1,1785714791
2026-08-03T00:08:16Z,417,14,4,5,0,0,1,1,1,1785715149
2026-08-03T00:08:16Z,418,9,4,5,1,0,1,1,1,1785714473
2026-08-03T00:08:16Z,419,21,0,2,0,0,1,1,1,1785711682
2026-08-03T00:08:16Z,421,8,1,11,0,0,1,1,1,1785714216
2026-08-03T00:08:16Z,422,14,2,13,0,0,1,1,1,1785715188
2026-08-03T00:08:16Z,423,20,0,3,0,0,1,1,1,1785711659
2026-08-03T00:08:16Z,424,4,0,7,4,0,1,1,1,1785715334
2026-08-03T00:08:16Z,425,8,0,13,0,1,1,1,1,1785715300
2026-08-03T00:08:16Z,426,1,0,35,1,0,1,1,1,1785714999
2026-08-03T00:08:16Z,427,5,0,9,1,0,1,1,1,1785715430
2026-08-03T00:08:16Z,428,11,0,8,0,0,1,1,1,1785715629
2026-08-03T00:08:16Z,429,10,2,10,3,0,1,1,1,1785715340
2026-08-03T00:08:16Z,430,17,1,10,4,0,1,1,1,1785712292
2026-08-03T00:08:16Z,431,26,0,6,1,0,1,1,1,1785713009
2026-08-03T00:08:16Z,432,0,0,30,1,0,0,1,1,1785508564
2026-08-03T00:08:16Z,433,9,4,11,3,0,1,1,1,1785713233
2026-08-03T00:08:16Z,437,18,12,0,1,0,1,1,1,1785715113
2026-08-03T00:08:16Z,438,5,1,12,2,0,1,1,1,1785715394
2026-08-03T00:08:16Z,439,5,0,8,2,0,1,1,1,1785712714
2026-08-03T00:08:16Z,440,15,3,0,0,0,1,1,1,1785713607
2026-08-03T00:08:16Z,441,5,0,4,6,0,1,1,1,1785715340
2026-08-03T00:08:16Z,442,6,0,12,1,0,1,1,1,1785706313
2026-08-03T00:08:16Z,443,3,1,24,0,0,1,1,1,1785681142
2026-08-03T00:08:16Z,444,2,1,21,0,0,1,1,1,1785709563
2026-08-03T00:08:16Z,445,8,1,14,1,0,1,1,1,1785715689
2026-08-03T00:08:16Z,446,6,0,17,0,0,1,1,1,1785709514
2026-08-03T00:08:16Z,447,3,0,18,1,1,1,1,1,1785689470
2026-08-03T00:08:16Z,448,2,0,12,1,0,1,1,1,1785715369
2026-08-03T00:08:16Z,452,17,0,1,1,0,1,1,1,1785714612
2026-08-03T00:08:16Z,453,9,5,1,5,0,1,1,1,1785715692
2026-08-03T00:08:16Z,454,13,1,6,0,0,1,1,1,1785715483
2026-08-03T00:08:16Z,455,1,0,38,0,0,1,1,1,1785713306
2026-08-03T00:08:16Z,456,15,0,3,2,0,1,1,1,1785715675
2026-08-03T00:08:16Z,457,13,1,11,3,0,1,1,1,1785713896
2026-08-03T00:08:16Z,458,16,0,5,2,0,1,1,1,1785715090
2026-08-03T00:08:16Z,459,5,2,10,0,0,1,1,1,1785713776
2026-08-03T00:08:16Z,460,13,0,10,0,0,1,1,1,1785714260
2026-08-03T00:08:16Z,461,16,0,3,0,0,1,1,1,1785715490
2026-08-03T00:08:16Z,462,4,2,17,0,0,1,1,1,1785713853
2026-08-03T00:08:16Z,463,15,0,4,0,0,1,1,1,1785710910
2026-08-03T00:08:16Z,464,0,0,13,1,0,1,1,1,1785712280
2026-08-03T00:08:16Z,465,2,0,13,0,0,1,1,1,1785710508
2026-08-03T00:08:16Z,466,1,1,12,2,0,1,1,1,1785715465
2026-08-03T00:08:16Z,467,2,1,17,0,0,1,1,1,1785712798
2026-08-03T00:08:16Z,468,4,0,14,1,0,1,1,1,1785706929
2026-08-03T00:08:16Z,469,8,2,15,0,0,1,1,1,1785715692
2026-08-03T00:08:16Z,470,14,1,0,1,0,1,1,1,1785703758
2026-08-03T00:08:16Z,471,18,0,9,0,0,1,1,1,1785709288
2026-08-03T00:08:16Z,472,12,5,5,2,0,1,1,1,1785715516
2026-08-03T00:08:16Z,473,10,3,8,1,0,1,1,1,1785708322
2026-08-03T00:08:16Z,474,11,0,7,1,0,1,1,1,1785715627
2026-08-03T00:08:16Z,475,8,2,10,1,0,1,1,1,1785714827
2026-08-03T00:08:16Z,477,4,2,11,0,0,1,1,1,1785709578
2026-08-03T00:08:16Z,478,19,3,12,0,0,1,1,1,1785715610
2026-08-03T00:08:16Z,479,15,1,11,1,0,1,1,1,1785715114
2026-08-03T00:08:16Z,480,10,1,1,4,0,1,1,1,1785715019
2026-08-03T00:08:16Z,481,3,0,31,1,0,1,1,1,1785715646
2026-08-03T00:08:16Z,482,12,1,6,1,0,1,1,1,1785714882
2026-08-03T00:08:16Z,483,12,0,13,2,0,1,1,1,1785715678
2026-08-03T00:08:16Z,484,2,0,16,1,0,1,1,1,1785715578
2026-08-03T00:08:16Z,485,6,3,11,1,1,1,1,1,1785715521
2026-08-03T00:08:16Z,486,2,0,22,3,0,1,1,1,1785715598
2026-08-03T00:08:16Z,487,5,1,12,2,0,1,1,1,1785715485
2026-08-03T00:08:16Z,489,9,7,6,0,0,1,1,1,1785713793
2026-08-03T00:08:16Z,490,6,0,8,2,0,1,1,1,1785714890
2026-08-03T00:08:16Z,491,14,1,5,2,0,1,1,1,1785714054
2026-08-03T00:08:16Z,492,4,1,4,3,0,1,1,1,1785715689
2026-08-03T00:08:16Z,493,2,0,25,0,0,1,1,1,1785715490
2026-08-03T00:08:16Z,495,3,0,7,5,0,1,1,1,1785715482
2026-08-03T00:08:16Z,496,4,0,23,0,0,1,1,1,1785715175
2026-08-03T00:08:16Z,497,9,0,9,0,0,1,1,1,1785714945
2026-08-03T00:08:16Z,498,12,2,11,0,0,1,1,1,1785715672
2026-08-03T00:08:16Z,499,11,0,8,0,0,1,1,1,1785715649
2026-08-03T00:08:16Z,500,10,3,4,1,0,1,1,1,1785715168
2026-08-03T00:08:16Z,501,19,11,1,1,0,1,1,1,1785714265
2026-08-03T00:08:16Z,502,8,2,11,0,0,1,1,1,1785714272
2026-08-03T00:08:16Z,503,5,0,23,3,0,1,1,1,1785715546
2026-08-03T00:08:16Z,504,0,0,39,0,0,1,1,1,1785715188
2026-08-03T00:08:16Z,505,10,1,1,1,0,1,1,1,1785714759
2026-08-03T00:08:16Z,511,5,2,17,1,0,1,1,1,1785710308
2026-08-03T00:08:16Z,512,7,0,20,0,0,1,1,1,1785713876
2026-08-03T00:08:16Z,514,9,4,0,2,0,1,1,1,1785711542
2026-08-03T00:08:16Z,515,13,3,5,1,0,1,1,1,1785713720
2026-08-03T00:08:16Z,516,0,0,27,0,0,1,1,1,1785710859
2026-08-03T00:08:16Z,517,5,3,15,3,0,1,1,1,1785715393
2026-08-03T00:08:16Z,518,12,2,1,2,0,1,1,1,1785714756
2026-08-03T00:08:16Z,519,4,0,14,1,0,1,1,1,1785701023
2026-08-03T00:08:16Z,520,13,3,2,11,1,1,1,1,1785715691
2026-08-03T00:08:16Z,521,7,2,16,0,0,1,1,1,1785714252
2026-08-03T00:08:16Z,522,15,0,8,0,0,1,1,1,1785713865
2026-08-03T00:08:16Z,523,3,2,19,1,0,1,1,1,1785711813
2026-08-03T00:08:16Z,524,9,0,12,2,0,1,1,1,1785715642
2026-08-03T00:08:16Z,525,7,0,12,0,0,1,1,1,1785712547
2026-08-03T00:08:16Z,526,3,2,12,0,0,1,1,1,1785715578
2026-08-03T00:08:16Z,527,5,3,21,0,0,1,1,1,1785713521
2026-08-03T00:08:16Z,528,14,3,9,0,0,1,1,1,1785715635
2026-08-03T00:08:16Z,530,14,1,4,3,0,1,1,1,1785715613
2026-08-03T00:08:16Z,531,20,2,2,0,1,1,1,1,1785714421
2026-08-03T00:08:16Z,532,12,4,18,1,0,1,1,1,1785715115
2026-08-03T00:08:16Z,533,7,0,11,1,0,1,1,1,1785713414
2026-08-03T00:08:16Z,534,1,1,21,1,0,1,1,1,1785715414
2026-08-03T00:08:16Z,535,6,0,9,0,0,1,1,1,1785713828
2026-08-03T00:08:16Z,536,5,0,18,0,0,1,1,1,1785715570
2026-08-03T00:08:16Z,537,13,4,7,0,0,1,1,1,1785715400
2026-08-03T00:08:16Z,538,4,1,17,1,1,1,1,1,1785715551
2026-08-03T00:08:16Z,539,8,0,21,2,0,1,1,1,1785714126
2026-08-03T00:08:16Z,540,9,3,10,0,0,1,1,1,1785715634
2026-08-03T00:08:16Z,541,26,1,0,1,0,1,1,1,1785715562
2026-08-03T00:08:16Z,542,11,3,12,0,0,1,1,1,1785715050
2026-08-03T00:08:16Z,543,5,0,12,2,0,1,1,1,1785715233
2026-08-03T00:08:16Z,544,12,2,7,3,0,1,1,1,1785714910
2026-08-03T00:08:16Z,545,15,0,0,4,0,1,1,1,1785713901
2026-08-03T00:08:16Z,546,6,2,13,0,0,1,1,1,1785714847
2026-08-03T00:08:16Z,547,5,0,20,0,0,1,1,1,1785711947
2026-08-03T00:08:16Z,548,16,0,7,0,0,1,1,1,1785713924
2026-08-03T00:08:16Z,549,10,0,13,0,0,1,1,1,1785715635
2026-08-03T00:08:16Z,550,4,3,15,0,0,1,1,1,1785715342
2026-08-03T00:08:16Z,551,4,3,19,0,0,1,1,1,1785705192
2026-08-03T00:08:16Z,552,22,1,4,1,0,1,1,1,1785715315
2026-08-03T00:08:16Z,553,0,0,23,0,0,1,1,1,1785714589
2026-08-03T00:08:16Z,554,8,4,10,1,0,1,1,1,1785715676
2026-08-03T00:08:16Z,555,6,3,8,1,0,1,1,1,1785713038
2026-08-03T00:08:16Z,556,20,3,1,2,0,1,1,1,1785715453
2026-08-03T00:08:16Z,557,5,1,16,2,0,1,1,1,1785715655
2026-08-03T00:08:16Z,558,24,1,12,1,0,1,1,1,1785715655
2026-08-03T00:08:16Z,559,4,1,14,1,0,1,1,1,1785705795
2026-08-03T00:08:16Z,560,7,0,18,2,0,1,1,1,1785715019
2026-08-03T00:08:16Z,561,11,2,11,1,0,1,1,1,1785714350
2026-08-03T00:08:16Z,562,2,2,30,3,0,1,1,1,1785714901
2026-08-03T00:08:16Z,563,6,0,8,0,0,1,1,1,1785714500
2026-08-03T00:08:16Z,564,17,0,2,0,0,1,1,1,1785710611
2026-08-03T00:08:16Z,565,1,0,18,0,0,1,1,1,1785714315
2026-08-03T00:08:16Z,566,5,0,13,1,0,1,1,1,1785715454
2026-08-03T00:08:16Z,567,5,1,21,1,0,1,1,1,1785708169
2026-08-03T00:08:16Z,568,11,0,7,1,0,1,1,1,1785715634
2026-08-03T00:08:16Z,569,1,1,18,0,0,1,1,1,1785715522
2026-08-03T00:08:16Z,570,0,0,18,1,0,1,1,1,1785713617
2026-08-03T00:08:16Z,571,9,2,13,1,0,1,1,1,1785714736
2026-08-03T00:08:16Z,572,11,4,7,1,0,1,1,1,1785715538
2026-08-03T00:08:16Z,573,5,3,9,1,0,1,1,1,1785714452
2026-08-03T00:08:16Z,574,4,0,11,0,0,1,1,1,1785713784
2026-08-03T00:08:16Z,575,10,1,10,1,0,1,1,1,1785715533
2026-08-03T00:08:16Z,576,16,0,3,0,0,1,1,1,1785712044
2026-08-03T00:08:16Z,577,11,0,19,1,0,1,1,1,1785715367
2026-08-03T00:08:16Z,578,9,2,13,1,0,1,1,1,1785715585
2026-08-03T00:08:16Z,579,8,1,35,0,0,1,1,1,1785715443
2026-08-03T00:08:16Z,580,1,0,27,1,0,1,1,1,1785714651
2026-08-03T00:08:16Z,581,6,0,12,1,0,1,1,1,1785715684
2026-08-03T00:08:16Z,582,21,4,38,2,0,1,1,1,1785715459
2026-08-03T00:08:16Z,583,5,2,17,1,0,1,1,1,1785715666
2026-08-03T00:08:16Z,584,6,1,9,4,0,1,1,1,1785715624
2026-08-03T00:08:16Z,585,19,1,7,0,1,1,1,1,1785714556
2026-08-03T00:08:16Z,586,29,3,6,0,0,1,1,1,1785715642
2026-08-03T00:08:16Z,587,5,0,18,1,0,1,1,1,1785715255
2026-08-03T00:08:16Z,588,0,0,0,13,6,1,1,1,1785715550
2026-08-03T00:08:16Z,589,8,5,14,0,0,1,1,1,1785714903
2026-08-03T00:08:16Z,590,16,1,15,0,0,1,1,1,1785715654
2026-08-03T00:08:16Z,591,17,2,11,2,0,1,1,1,1785715534
2026-08-03T00:08:16Z,592,4,0,19,0,0,1,1,1,1785714626
2026-08-03T00:08:16Z,593,8,0,30,0,0,1,1,1,1785709341
2026-08-03T00:08:16Z,594,0,0,19,2,0,1,1,1,1785714994
2026-08-03T00:08:16Z,595,0,0,3,0,0,0,1,1,1784046673
2026-08-03T00:08:16Z,605,0,0,2,1,0,0,1,1,1783975843
2026-08-03T00:08:16Z,606,0,0,0,0,0,0,1,1,86400
2026-08-03T00:08:16Z,607,29,0,1,2,0,1,1,1,1785714966
2026-08-03T00:08:16Z,608,3,3,47,0,0,1,1,1,1785714316
2026-08-03T00:08:16Z,609,9,6,14,0,0,1,1,1,1785715687
2026-08-03T00:08:16Z,610,1,0,34,0,0,1,1,1,1785712863
2026-08-03T00:08:16Z,611,2,2,25,0,0,1,1,1,1785715238
2026-08-03T00:08:16Z,612,6,2,9,0,0,1,1,1,1785711987
2026-08-03T00:08:16Z,613,2,1,11,2,0,1,1,1,1785714599
2026-08-03T00:08:16Z,614,8,5,15,3,1,1,1,1,1785715099
2026-08-03T00:08:16Z,617,8,0,6,1,0,1,1,1,1785715256
2026-08-03T00:08:16Z,618,10,5,5,4,0,1,1,1,1785714686
2026-08-03T00:08:16Z,619,15,1,4,0,0,1,1,1,1785715400
2026-08-03T00:08:16Z,620,5,1,22,0,0,1,1,1,1785715445
2026-08-03T00:08:16Z,621,16,0,7,0,0,1,1,1,1785715616
2026-08-03T00:08:16Z,622,10,3,11,2,0,1,1,1,1785714422
2026-08-03T00:08:16Z,623,1,0,28,1,0,1,1,1,1785713834
2026-08-03T00:08:16Z,624,0,0,14,1,0,1,1,1,1785707524
2026-08-03T00:08:16Z,625,7,3,8,6,0,1,1,1,1785714610
2026-08-03T00:08:16Z,626,0,0,45,0,2,1,1,1,1785713372
2026-08-03T00:08:16Z,627,11,7,8,0,0,1,1,1,1785705519
2026-08-03T00:08:16Z,628,11,5,5,2,1,1,1,1,1785715536
2026-08-03T00:08:16Z,629,5,4,5,1,0,1,1,1,1785715403
2026-08-03T00:08:16Z,630,13,0,10,4,0,1,1,1,1785715506
2026-08-03T00:08:16Z,631,4,0,19,0,0,1,1,1,1785712383
2026-08-03T00:08:16Z,632,12,2,8,3,0,1,1,1,1785712132
2026-08-03T00:08:16Z,633,9,2,5,1,0,1,1,1,1785714698
2026-08-03T00:08:16Z,634,8,2,11,0,0,1,1,1,1785702562
2026-08-03T00:08:16Z,635,17,4,2,0,0,1,1,1,1785713770
2026-08-03T00:08:16Z,636,11,1,4,0,0,1,1,1,1785696307
2026-08-03T00:08:16Z,637,12,8,4,3,0,1,1,1,1785710473
2026-08-03T00:08:16Z,638,8,3,8,3,0,1,1,1,1785713067
2026-08-03T00:08:16Z,639,9,1,8,2,0,1,1,1,1785712749
2026-08-03T00:08:16Z,640,16,11,5,2,0,1,1,1,1785715468
2026-08-03T00:08:16Z,641,17,1,9,1,0,1,1,1,1785715653
2026-08-03T00:08:16Z,642,1,1,4,11,3,1,1,1,1785715688
2026-08-03T00:08:16Z,643,0,0,19,8,0,1,1,1,1785715690
2026-08-03T00:08:16Z,644,10,4,5,0,0,1,1,1,1785709226
2026-08-03T00:08:16Z,645,18,3,4,0,1,1,1,1,1785714074
2026-08-03T00:08:16Z,646,7,0,11,1,0,1,1,1,1785713742
2026-08-03T00:08:16Z,647,21,1,10,0,0,1,1,1,1785714841
2026-08-03T00:08:16Z,648,3,0,15,1,0,1,1,1,1785712172
2026-08-03T00:08:16Z,649,25,1,6,0,0,1,1,1,1785713764
2026-08-03T00:08:16Z,650,4,0,10,0,0,1,1,1,1785701495
2026-08-03T00:08:16Z,651,5,4,18,0,0,1,1,1,1785715426
2026-08-03T00:08:16Z,652,7,3,14,2,0,1,1,1,1785715432
2026-08-03T00:08:16Z,653,13,1,5,1,0,1,1,1,1785702565
2026-08-03T00:08:16Z,654,4,3,10,1,0,1,1,1,1785714507
2026-08-03T00:08:16Z,655,0,0,1,8,4,1,1,1,1785715692
2026-08-03T00:08:16Z,656,17,3,2,0,0,1,1,1,1785715062
2026-08-03T00:08:16Z,657,1,0,11,3,2,1,1,1,1785715432
2026-08-03T00:08:16Z,658,4,0,1,4,1,1,1,1,1785715405
2026-08-03T00:08:16Z,659,9,7,4,2,0,1,1,1,1785714245
2026-08-03T00:08:16Z,660,18,1,6,7,0,1,1,1,1785715691
2026-08-03T00:08:16Z,661,9,3,8,2,0,1,1,1,1785715374
2026-08-03T00:08:16Z,662,6,4,14,3,0,1,1,1,1785713572
2026-08-03T00:08:16Z,663,8,1,7,0,0,1,1,1,1785715561
2026-08-03T00:08:16Z,664,2,0,25,0,0,1,1,1,1785711595
2026-08-03T00:08:16Z,665,8,2,6,1,0,1,1,1,1785715596
2026-08-03T00:08:16Z,666,6,2,6,3,0,1,1,1,1785712008
2026-08-03T00:08:16Z,667,3,1,15,1,0,1,1,1,1785715453
2026-08-03T00:08:16Z,668,15,0,4,0,0,1,1,1,1785714441
2026-08-03T00:08:16Z,669,1,0,12,1,0,1,1,1,1785713598
2026-08-03T00:08:16Z,670,20,2,5,2,0,1,1,1,1785713611
2026-08-03T00:08:16Z,671,23,2,3,1,0,1,1,1,1785715633
2026-08-03T00:08:16Z,672,15,1,4,3,1,1,1,1,1785714183
2026-08-03T00:08:16Z,673,18,0,4,1,0,1,1,1,1785715360
2026-08-03T00:08:16Z,674,0,0,20,3,0,1,1,1,1785715659
2026-08-03T00:08:16Z,675,8,6,5,2,0,1,1,1,1785715640
2026-08-03T00:08:16Z,676,9,1,13,0,0,1,1,1,1785714771
2026-08-03T00:08:16Z,681,11,3,3,0,1,1,1,1,1785715233
2026-08-03T00:08:16Z,682,3,1,15,1,0,1,1,1,1785683408
2026-08-03T00:08:16Z,683,4,2,15,0,0,1,1,1,1785715539
2026-08-03T00:08:16Z,684,1,0,26,0,0,1,1,1,1785660807
2026-08-03T00:08:16Z,685,5,1,20,1,1,1,1,1,1785705171
2026-08-03T00:08:16Z,686,9,0,16,2,0,1,1,1,1785715462
2026-08-03T00:08:16Z,687,12,1,16,2,1,1,1,1,1785715552
2026-08-03T00:08:16Z,688,13,5,6,0,0,1,1,1,1785705960
2026-08-03T00:08:16Z,692,11,6,9,1,0,1,1,1,1785715523
2026-08-03T00:08:16Z,693,7,1,1,3,0,1,1,1,1785715320
2026-08-03T00:08:16Z,694,5,1,16,0,0,1,1,1,1785715606
2026-08-03T00:08:16Z,695,19,9,4,0,0,1,1,1,1785714919
2026-08-03T00:08:16Z,696,17,10,6,0,0,1,1,1,1785714295
2026-08-03T00:08:16Z,697,20,3,3,0,0,1,1,1,1785715520
2026-08-03T00:08:16Z,698,14,1,12,1,0,1,1,1,1785715324
2026-08-03T00:08:16Z,699,8,0,7,0,0,1,1,1,1785713905
2026-08-03T00:08:16Z,700,13,0,3,3,0,1,1,1,1785714940
2026-08-03T00:08:16Z,701,10,2,9,0,0,1,1,1,1785714086
2026-08-03T00:08:16Z,702,20,0,3,0,0,1,1,1,1785715221
2026-08-03T00:08:16Z,704,8,3,7,0,0,1,1,1,1785715055
2026-08-03T00:08:16Z,705,9,3,5,1,0,1,1,1,1785715358
2026-08-03T00:08:16Z,706,12,4,1,2,0,1,1,1,1785715069
2026-08-03T00:08:16Z,707,14,1,0,1,0,1,1,1,1785691406
2026-08-03T00:08:16Z,708,12,0,7,0,0,1,1,1,1785714845
2026-08-03T00:08:16Z,709,10,3,4,1,0,1,1,1,1785714791
2026-08-03T00:08:16Z,710,12,3,7,0,0,1,1,1,1785715137
2026-08-03T00:08:16Z,711,8,4,12,3,0,1,1,1,1785714349
2026-08-03T00:08:16Z,712,2,0,12,1,0,1,1,1,1785714098
2026-08-03T00:08:16Z,713,6,1,17,0,0,1,1,1,1785715356
2026-08-03T00:08:16Z,716,5,4,9,1,0,1,1,1,1785714893
2026-08-03T00:08:16Z,717,12,6,12,1,0,1,1,1,1785714609
2026-08-03T00:08:16Z,718,7,2,8,0,0,1,1,1,1785715573
2026-08-03T00:08:16Z,719,19,0,10,0,0,1,1,1,1785715692
2026-08-03T00:08:16Z,720,6,2,13,0,0,1,1,1,1785714424
2026-08-03T00:08:16Z,721,15,1,7,1,0,1,1,1,1785713892
2026-08-03T00:08:16Z,722,7,0,7,1,0,1,1,1,1785714257
2026-08-03T00:08:16Z,723,11,2,12,0,0,1,1,1,1785715013
2026-08-03T00:08:16Z,724,2,0,21,0,0,1,1,1,1785713992
2026-08-03T00:08:16Z,725,10,0,13,0,0,1,1,1,1785715506
2026-08-03T00:08:16Z,726,6,1,12,1,0,1,1,1,1785715308
2026-08-03T00:08:16Z,727,9,5,13,1,0,1,1,1,1785715676
2026-08-03T00:08:16Z,728,7,1,7,1,0,1,1,1,1785714709
2026-08-03T00:08:16Z,729,11,0,8,0,0,1,1,1,1785712209
2026-08-03T00:08:16Z,730,7,4,8,0,0,1,1,1,1785715313
2026-08-03T00:08:16Z,731,10,0,3,2,0,1,1,1,1785714604
2026-08-03T00:08:16Z,732,9,0,6,0,0,1,1,1,1785715498
2026-08-03T00:08:16Z,733,1,0,25,1,0,1,1,1,1785715112
2026-08-03T00:08:16Z,734,11,2,3,0,0,1,1,1,1785715164
2026-08-03T00:08:16Z,735,9,1,17,1,0,1,1,1,1785714751
2026-08-03T00:08:16Z,736,17,1,2,0,0,1,1,1,1785715038
2026-08-03T00:08:16Z,737,5,2,8,1,1,1,1,1,1785715547
2026-08-03T00:08:16Z,738,17,1,1,1,0,1,1,1,1785715025
2026-08-03T00:08:16Z,739,9,2,17,1,0,1,1,1,1785715421
2026-08-03T00:08:16Z,741,7,0,16,0,0,1,1,1,1785714975
2026-08-03T00:08:16Z,742,14,4,21,0,0,1,1,1,1785715445
2026-08-03T00:08:16Z,743,7,0,10,2,0,1,1,1,1785715544
2026-08-03T00:08:16Z,744,4,1,10,1,0,1,1,1,1785714811
2026-08-03T00:08:16Z,745,7,2,10,2,0,1,1,1,1785715412
2026-08-03T00:08:16Z,746,5,2,18,0,0,1,1,1,1785715192
2026-08-03T00:08:16Z,747,0,0,4,0,0,0,1,1,1783446606
2026-08-03T00:08:16Z,748,9,0,14,0,0,1,1,1,1785714663
2026-08-03T00:08:16Z,749,18,3,5,0,0,1,1,1,1785715052
2026-08-03T00:08:16Z,750,7,5,4,0,0,1,1,1,1785715050
2026-08-03T00:08:16Z,751,18,9,4,1,0,1,1,1,1785715665
2026-08-03T00:08:16Z,752,8,6,8,1,0,1,1,1,1785711060
2026-08-03T00:08:16Z,753,6,1,9,0,0,1,1,1,1785715474
2026-08-03T00:08:16Z,754,2,0,13,0,0,1,1,1,1785715404
2026-08-03T00:08:16Z,755,15,4,6,2,0,1,1,1,1785714367
2026-08-03T00:08:16Z,756,12,3,24,1,0,1,1,1,1785715609
2026-08-03T00:08:16Z,757,14,9,4,1,0,1,1,1,1785714353
2026-08-03T00:08:16Z,758,19,4,4,0,0,1,1,1,1785715594
2026-08-03T00:08:16Z,759,6,5,9,0,0,1,1,1,1785714040
2026-08-03T00:08:16Z,760,6,1,13,0,0,1,1,1,1785679974
2026-08-03T00:08:16Z,761,18,7,5,0,0,1,1,1,1785715119
2026-08-03T00:08:16Z,762,6,2,7,2,0,1,1,1,1785714399
2026-08-03T00:08:16Z,768,12,1,4,3,0,1,1,1,1785713884
2026-08-03T00:08:16Z,769,17,12,2,0,0,1,1,1,1785715213
2026-08-03T00:08:16Z,770,7,2,10,2,0,1,1,1,1785715249
2026-08-03T00:08:16Z,771,12,2,2,1,0,1,1,1,1785714507
2026-08-03T00:08:16Z,772,13,2,1,1,0,1,1,1,1785714965
2026-08-03T00:08:16Z,773,6,5,12,1,0,1,1,1,1785715237
2026-08-03T00:08:16Z,774,11,6,3,1,0,1,1,1,1785715432
2026-08-03T00:08:16Z,775,6,0,11,2,0,1,1,1,1785715306
2026-08-03T00:08:16Z,776,2,0,18,1,0,1,1,1,1785714556
2026-08-03T00:08:16Z,777,4,1,11,0,0,1,1,1,1785715146
2026-08-03T00:08:16Z,778,11,1,8,0,0,1,1,1,1785715099
2026-08-03T00:08:16Z,779,13,0,6,0,0,1,1,1,1785715094
2026-08-03T00:08:16Z,780,11,3,5,3,0,1,1,1,1785715650
2026-08-03T00:08:16Z,781,0,0,6,5,0,1,1,1,1785715229
2026-08-03T00:08:16Z,782,6,0,10,3,0,1,1,1,1785714848
2026-08-03T00:08:16Z,783,6,1,12,1,0,1,1,1,1785713956
2026-08-03T00:08:16Z,784,0,0,17,2,0,1,1,1,1785713923
2026-08-03T00:08:16Z,785,11,2,2,6,0,1,1,1,1785714517
2026-08-03T00:08:16Z,786,6,3,13,0,0,1,1,1,1785715604
2026-08-03T00:08:16Z,787,4,3,10,1,0,1,1,1,1785715138
2026-08-03T00:08:16Z,788,4,3,11,0,0,1,1,1,1785714399
2026-08-03T00:08:16Z,789,8,3,5,2,0,1,1,1,1785714478
2026-08-03T00:08:16Z,790,6,4,17,0,0,1,1,1,1785714326
2026-08-03T00:08:16Z,791,16,3,2,0,1,1,1,1,1785715455
2026-08-03T00:08:16Z,793,5,1,9,1,0,1,1,1,1785714528
2026-08-03T00:08:16Z,794,18,5,7,4,0,1,1,1,1785715649
2026-08-03T00:08:16Z,796,10,1,8,1,0,1,1,1,1785714825
2026-08-03T00:08:16Z,797,1,0,14,0,0,1,1,1,1785709083
2026-08-03T00:08:16Z,798,0,0,23,2,0,1,1,1,1785715278
2026-08-03T00:08:16Z,799,6,0,10,3,0,1,1,1,1785714775
2026-08-03T00:08:16Z,800,12,1,7,2,0,1,1,1,1785714580
2026-08-03T00:08:16Z,801,9,8,11,1,0,1,1,1,1785715395
2026-08-03T00:08:16Z,802,7,2,23,1,0,1,1,1,1785715515
2026-08-03T00:08:16Z,803,5,0,9,1,0,1,1,1,1785714413
2026-08-03T00:08:16Z,806,3,1,11,1,0,1,1,1,1785714461
2026-08-03T00:08:16Z,807,13,3,12,0,0,1,1,1,1785715621
2026-08-03T00:08:16Z,808,6,1,17,2,0,1,1,1,1785714464
2026-08-03T00:08:16Z,809,4,1,18,1,0,1,1,1,1785714943
2026-08-03T00:08:16Z,810,6,1,11,2,0,1,1,1,1785715189
2026-08-03T00:08:16Z,815,4,3,8,2,1,1,1,1,1785714750
2026-08-03T00:08:16Z,817,12,3,3,0,0,1,1,1,1785715295
2026-08-03T00:08:16Z,818,5,0,17,1,0,1,1,1,1785715511
2026-08-03T00:08:16Z,819,9,0,6,0,0,1,1,1,1785704866
2026-08-03T00:08:16Z,820,15,2,2,0,0,1,1,1,1785715498
2026-08-03T00:08:16Z,821,1,0,13,1,0,1,1,1,1785715470
2026-08-03T00:08:16Z,822,2,0,21,0,0,1,1,1,1785715518
2026-08-03T00:08:16Z,823,4,0,11,0,0,1,1,1,1785714175
2026-08-03T00:08:16Z,824,19,15,0,0,0,1,1,1,1785715623
2026-08-03T00:08:16Z,825,4,1,11,0,0,1,1,1,1785713931
2026-08-03T00:08:16Z,826,16,2,1,2,0,1,1,1,1785714161
2026-08-03T00:08:16Z,827,8,2,12,1,0,1,1,1,1785715675
2026-08-03T00:08:16Z,828,17,2,1,0,0,1,1,1,1785715367
2026-08-03T00:08:16Z,829,18,8,9,0,0,1,1,1,1785715193
2026-08-03T00:08:16Z,830,4,1,18,1,0,1,1,1,1785715548
2026-08-03T00:08:16Z,831,7,5,7,1,0,1,1,1,1785713948
2026-08-03T00:08:16Z,832,0,0,16,2,0,1,1,1,1785714539
2026-08-03T00:08:16Z,833,3,2,15,1,0,1,1,1,1785715564
2026-08-03T00:08:16Z,834,3,0,20,1,0,1,1,1,1785715604
2026-08-03T00:08:16Z,835,4,1,12,2,0,1,1,1,1785714743
2026-08-03T00:08:16Z,838,7,4,8,0,0,1,1,1,1785714765
2026-08-03T00:08:16Z,839,3,1,26,0,0,1,1,1,1785714958
2026-08-03T00:08:16Z,840,20,3,7,2,0,1,1,1,1785715161
2026-08-03T00:08:16Z,841,3,0,10,2,0,1,1,1,1785714002
2026-08-03T00:08:16Z,842,9,2,14,0,0,1,1,1,1785714406
2026-08-03T00:08:16Z,843,21,2,9,1,0,1,1,1,1785714657
2026-08-03T00:08:16Z,844,1,0,22,0,0,1,1,1,1785715355
2026-08-03T00:08:16Z,845,7,4,10,2,0,1,1,1,1785714580
2026-08-03T00:08:16Z,846,2,1,15,2,0,1,1,1,1785715545
2026-08-03T00:08:16Z,847,7,1,19,1,0,1,1,1,1785714101
2026-08-03T00:08:16Z,848,5,0,13,1,0,1,1,1,1785711558
2026-08-03T00:08:16Z,849,0,0,14,1,0,1,1,1,1785715185
2026-08-03T00:08:16Z,850,8,0,2,1,0,1,1,1,1785714976
2026-08-03T00:08:16Z,851,22,6,12,3,0,1,1,1,1785714708
2026-08-03T00:08:16Z,852,12,7,7,0,0,1,1,1,1785714097
2026-08-03T00:08:16Z,853,9,4,14,0,0,1,1,1,1785715519
2026-08-03T00:08:16Z,854,9,1,6,0,0,1,1,1,1785714159
2026-08-03T00:08:16Z,855,12,0,15,0,0,1,1,1,1785713020
2026-08-03T00:08:16Z,857,16,11,0,3,0,1,1,1,1785699207
2026-08-03T00:08:16Z,858,5,2,13,1,0,1,1,1,1785714892
2026-08-03T00:08:16Z,859,9,4,11,1,0,1,1,1,1785715217
2026-08-03T00:08:16Z,861,8,1,2,1,0,1,1,1,1785683161
2026-08-03T00:08:16Z,862,10,2,4,1,0,1,1,1,1785713983
2026-08-03T00:08:16Z,863,16,3,2,1,0,1,1,1,1785712746
2026-08-03T00:08:16Z,866,7,0,11,1,0,1,1,1,1785714698
2026-08-03T00:08:16Z,867,7,2,8,0,0,1,1,1,1785715389
2026-08-03T00:08:16Z,868,6,0,8,1,0,1,1,1,1785713984
2026-08-03T00:08:16Z,870,8,2,7,0,0,1,1,1,1785714234
2026-08-03T00:08:16Z,871,0,0,10,1,0,1,1,1,1785715161
2026-08-03T00:08:16Z,872,1,1,13,1,0,1,1,1,1785714138
2026-08-03T00:08:16Z,873,1,1,31,1,0,1,1,1,1785715383
2026-08-03T00:08:16Z,874,6,1,6,3,0,1,1,1,1785714654
2026-08-03T00:08:16Z,875,9,7,5,1,0,1,1,1,1785715458
2026-08-03T00:08:16Z,877,12,12,7,0,0,1,1,1,1785714245
2026-08-03T00:08:16Z,878,4,4,15,0,0,1,1,1,1785714714
2026-08-03T00:08:16Z,879,3,2,16,0,0,1,1,1,1785715510
2026-08-03T00:08:16Z,880,5,1,16,2,0,1,1,1,1785714147
2026-08-03T00:08:16Z,881,7,3,12,0,0,1,1,1,1785714618
2026-08-03T00:08:16Z,882,9,4,9,1,0,1,1,1,1785672846
2026-08-03T00:08:16Z,883,11,5,8,0,0,1,1,1,1785714479
2026-08-03T00:08:16Z,884,9,4,12,0,0,1,1,1,1785714300
2026-08-03T00:08:16Z,885,4,1,15,0,0,1,1,1,1785689211
2026-08-03T00:08:16Z,886,20,5,7,0,0,1,1,1,1785715595
2026-08-03T00:08:16Z,887,3,0,12,2,0,1,1,1,1785714668
2026-08-03T00:08:16Z,888,7,4,32,2,0,1,1,1,1785715689
2026-08-03T00:08:16Z,889,1,0,16,1,1,1,1,1,1785714357
2026-08-03T00:08:16Z,890,8,1,6,1,0,1,1,1,1785707949
2026-08-03T00:08:16Z,891,20,0,2,1,0,1,1,1,1785714017
2026-08-03T00:08:16Z,892,11,2,4,0,0,1,1,1,1785715304
2026-08-03T00:08:16Z,895,3,0,16,0,0,1,1,1,1785690376
2026-08-03T00:08:16Z,896,8,1,25,2,0,1,1,1,1785714789
2026-08-03T00:08:16Z,897,18,0,3,0,0,1,1,1,1785714598
2026-08-03T00:08:16Z,898,1,0,18,0,0,1,1,1,1785714117
2026-08-03T00:08:16Z,899,14,1,5,0,0,1,1,1,1785715645
2026-08-03T00:08:16Z,900,12,2,14,1,0,1,1,1,1785715421
2026-08-03T00:08:16Z,901,6,0,12,1,0,1,1,1,1785715667
2026-08-03T00:08:16Z,902,3,0,12,0,0,1,1,1,1785715663
2026-08-03T00:08:16Z,903,15,0,3,1,0,1,1,1,1785714036
2026-08-03T00:08:16Z,904,10,4,8,1,0,1,1,1,1785714575
2026-08-03T00:08:16Z,905,0,0,27,0,0,1,1,1,1785714159
2026-08-03T00:08:16Z,906,0,0,27,0,0,1,1,1,1785715643
2026-08-03T00:08:16Z,907,13,0,18,0,0,1,1,1,1785715330
2026-08-03T00:08:16Z,908,5,1,18,0,0,1,1,1,1785714742
2026-08-03T00:08:16Z,909,12,4,10,1,0,1,1,1,1785715469
2026-08-03T00:08:16Z,910,10,1,20,1,0,1,1,1,1785715683
2026-08-03T00:08:16Z,911,2,1,17,0,0,1,1,1,1785714044
2026-08-03T00:08:16Z,912,19,0,3,1,0,1,1,1,1785715691
2026-08-03T00:08:16Z,913,6,3,13,0,0,1,1,1,1785715120
2026-08-03T00:08:16Z,914,4,1,15,0,0,1,1,1,1785715267
2026-08-03T00:08:16Z,915,22,1,0,1,0,1,1,1,1785714852
2026-08-03T00:08:16Z,916,20,1,3,0,0,1,1,1,1785715177
2026-08-03T00:08:16Z,917,0,0,35,0,0,1,1,1,1785714681
2026-08-03T00:08:16Z,918,17,3,2,0,0,1,1,1,1785715134
2026-08-03T00:08:16Z,919,9,0,29,1,0,1,1,1,1785715564
2026-08-03T00:08:16Z,920,5,3,14,0,0,1,1,1,1785714720
2026-08-03T00:08:16Z,921,12,0,9,0,0,1,1,1,1785714365
2026-08-03T00:08:16Z,922,5,1,16,0,0,1,1,1,1785715469
2026-08-03T00:08:16Z,923,11,11,8,0,0,1,1,1,1785715345
2026-08-03T00:08:16Z,924,21,3,0,0,0,1,1,1,1785715328
2026-08-03T00:08:16Z,925,10,1,10,1,0,1,1,1,1785715000
2026-08-03T00:08:16Z,926,3,0,18,0,0,1,1,1,1785714755
2026-08-03T00:08:16Z,927,3,3,32,0,0,1,1,1,1785714257
2026-08-03T00:08:16Z,928,0,0,19,0,0,0,1,1,1785500252
2026-08-03T00:08:16Z,929,2,0,21,0,0,1,1,1,1785714080
2026-08-03T00:08:16Z,930,5,0,25,1,0,1,1,1,1785715016
2026-08-03T00:08:16Z,931,3,2,20,0,0,1,1,1,1785715488
2026-08-03T00:08:16Z,932,9,0,7,3,0,1,1,1,1785715569
2026-08-03T00:08:16Z,933,16,1,5,2,0,1,1,1,1785711992
2026-08-03T00:08:16Z,934,9,0,22,0,0,1,1,1,1785715646
2026-08-03T00:08:16Z,935,5,0,12,2,0,1,1,1,1785715228
2026-08-03T00:08:16Z,936,13,0,6,0,0,1,1,1,1785715551
2026-08-03T00:08:16Z,940,1,0,10,0,0,1,1,1,1785711043
2026-08-03T00:08:16Z,941,3,0,20,2,0,1,1,1,1785715330
2026-08-03T00:08:16Z,942,19,4,2,0,0,1,1,1,1785714818
2026-08-03T00:08:16Z,943,9,9,6,0,0,1,1,1,1785714117
2026-08-03T00:08:16Z,944,12,10,3,0,0,1,1,1,1785714093
2026-08-03T00:08:16Z,945,5,5,10,0,0,1,1,1,1785715407
2026-08-03T00:08:16Z,946,7,5,12,0,0,1,1,1,1785683246
2026-08-03T00:08:16Z,947,3,0,14,0,0,1,1,1,1785714101
2026-08-03T00:08:16Z,948,10,9,17,4,0,1,1,1,1785715532
2026-08-03T00:08:16Z,949,2,2,12,1,0,1,1,1,1785715655
2026-08-03T00:08:16Z,950,5,0,10,2,0,1,1,1,1785715655
2026-08-03T00:08:16Z,951,9,1,14,0,0,1,1,1,1785715628
2026-08-03T00:08:16Z,952,37,0,18,0,0,1,1,1,1785715523
2026-08-03T00:08:16Z,953,10,0,5,0,0,1,1,1,1785714989
2026-08-03T00:08:16Z,954,15,4,4,0,0,1,1,1,1785714383
2026-08-03T00:08:16Z,955,10,0,16,1,0,1,1,1,1785713890
2026-08-03T00:08:16Z,956,1,0,22,0,0,1,1,1,1785714374
2026-08-03T00:08:16Z,957,24,0,5,0,0,1,1,1,1785714462
2026-08-03T00:08:16Z,958,16,0,15,0,0,1,1,1,1785715685
2026-08-03T00:08:16Z,959,16,10,6,1,0,1,1,1,1785715242
2026-08-03T00:08:16Z,960,1,0,22,0,0,1,1,1,1785715220
2026-08-03T00:08:16Z,961,15,4,5,3,0,1,1,1,1785715052
2026-08-03T00:08:16Z,962,5,5,27,3,0,1,1,1,1785715197
2026-08-03T00:08:16Z,963,7,0,15,1,0,1,1,1,1785715431
2026-08-03T00:08:16Z,964,22,10,1,0,0,1,1,1,1785715349
2026-08-03T00:08:16Z,965,8,3,17,2,0,1,1,1,1785715562
2026-08-03T00:08:16Z,966,26,1,5,0,0,1,1,1,1785715633
2026-08-03T00:08:16Z,967,8,3,11,1,1,1,1,1,1785715448
2026-08-03T00:08:16Z,968,6,1,13,0,0,1,1,1,1785715280
2026-08-03T00:08:16Z,969,12,1,12,3,0,1,1,1,1785715621
2026-08-03T00:08:16Z,970,7,2,11,1,0,1,1,1,1785715265
2026-08-03T00:08:16Z,971,2,0,20,1,0,1,1,1,1785715011
2026-08-03T00:08:16Z,972,6,4,16,1,0,1,1,1,1785714476
2026-08-03T00:08:16Z,973,9,2,14,0,0,1,1,1,1785714645
2026-08-03T00:08:16Z,974,16,0,11,0,0,1,1,1,1785715362
2026-08-03T00:08:16Z,977,10,3,8,3,0,1,1,1,1785715180
2026-08-03T00:08:16Z,978,9,2,14,0,0,1,1,1,1785715574
2026-08-03T00:08:16Z,979,4,0,13,0,0,1,1,1,1785715107
2026-08-03T00:08:16Z,980,2,0,19,0,0,1,1,1,1785713979
2026-08-03T00:08:16Z,981,1,1,20,0,0,1,1,1,1785714147
2026-08-03T00:08:16Z,982,2,1,14,3,0,1,1,1,1785714277
2026-08-03T00:08:16Z,983,13,2,10,0,0,1,1,1,1785714948
2026-08-03T00:08:16Z,984,6,0,17,0,0,1,1,1,1785714399
2026-08-03T00:08:16Z,985,20,3,10,1,0,1,1,1,1785715471
2026-08-03T00:08:16Z,986,6,2,13,0,0,1,1,1,1785714304
2026-08-03T00:08:16Z,987,7,0,16,0,0,1,1,1,1785715032
2026-08-03T00:08:16Z,988,2,2,17,0,0,1,1,1,1785714553
2026-08-03T00:08:16Z,989,5,3,14,0,0,1,1,1,1785715282
2026-08-03T00:08:16Z,990,13,1,1,1,0,1,1,1,1785714339
2026-08-03T00:08:16Z,991,8,1,9,2,0,1,1,1,1785713999
2026-08-03T00:08:16Z,992,9,3,13,1,0,1,1,1,1785715306
2026-08-03T00:08:16Z,993,20,0,6,1,0,1,1,1,1785713972
2026-08-03T00:08:16Z,994,6,3,14,1,0,1,1,1,1785714854
2026-08-03T00:08:16Z,995,9,2,18,0,0,1,1,1,1785714883
2026-08-03T00:08:16Z,996,5,2,18,0,0,1,1,1,1785714610
2026-08-03T00:08:16Z,997,15,5,6,2,0,1,1,1,1785715208
2026-08-03T00:08:16Z,998,5,2,18,0,0,1,1,1,1785714820
2026-08-03T00:08:16Z,999,8,1,10,2,1,1,1,1,1785714481
2026-08-03T00:08:16Z,1000,0,0,21,0,0,1,1,1,1785715252
2026-08-03T00:08:16Z,1001,9,0,18,0,0,1,1,1,1785715055
2026-08-03T00:08:16Z,1002,5,0,25,1,0,1,1,1,1785714206
2026-08-03T00:08:16Z,1003,1,0,19,3,0,1,1,1,1785714933
2026-08-03T00:08:16Z,1004,11,0,12,0,0,1,1,1,1785713930
2026-08-03T00:08:16Z,1005,23,2,0,0,0,1,1,1,1785714625
2026-08-03T00:08:16Z,1006,15,3,2,2,0,1,1,1,1785715639
2026-08-03T00:08:16Z,1007,3,1,18,0,0,1,1,1,1785713979
2026-08-03T00:08:16Z,1008,8,7,15,0,0,1,1,1,1785715492
2026-08-03T00:08:16Z,1009,20,4,10,1,0,1,1,1,1785713938
2026-08-03T00:08:16Z,1010,7,2,20,0,0,1,1,1,1785714505
2026-08-03T00:08:16Z,1011,7,3,12,0,0,1,1,1,1785714642
2026-08-03T00:08:16Z,1012,5,3,17,1,0,1,1,1,1785714402
2026-08-03T00:08:16Z,1013,4,0,17,2,0,1,1,1,1785714836
2026-08-03T00:08:16Z,1014,7,3,15,1,0,1,1,1,1785714943
2026-08-03T00:08:16Z,1015,6,3,24,1,0,1,1,1,1785715627
2026-08-03T00:08:16Z,1016,10,5,21,0,0,1,1,1,1785714726
2026-08-03T00:08:16Z,1017,16,7,5,0,0,1,1,1,1785715586
2026-08-03T00:08:16Z,1018,3,0,17,2,0,1,1,1,1785714451
2026-08-03T00:08:16Z,1019,7,4,5,3,0,1,1,1,1785714058
2026-08-03T00:08:16Z,1020,10,4,11,0,0,1,1,1,1785715395
2026-08-03T00:08:16Z,1021,8,2,6,1,0,1,1,1,1785714829
2026-08-03T00:08:16Z,1022,15,1,12,0,0,1,1,1,1785714778
2026-08-03T00:08:16Z,1023,12,0,11,0,0,1,1,1,1785714268
2026-08-03T00:08:16Z,1024,2,0,17,0,0,1,1,1,1785715015
2026-08-03T00:08:16Z,1025,3,0,15,0,1,1,1,1,1785714841
2026-08-03T00:08:16Z,1026,14,9,16,1,0,1,1,1,1785714146
2026-08-03T00:08:16Z,1028,5,1,18,0,0,1,1,1,1785714578
2026-08-03T00:08:16Z,1029,9,7,4,2,0,1,1,1,1785715215
2026-08-03T00:08:16Z,1030,13,4,10,0,0,1,1,1,1785715314
2026-08-03T00:08:16Z,1031,10,3,9,0,0,1,1,1,1785715380
2026-08-03T00:08:16Z,1032,10,1,9,0,0,1,1,1,1785714256
2026-08-03T00:08:16Z,1033,11,4,7,1,0,1,1,1,1785715137
2026-08-03T00:08:16Z,1034,0,0,15,0,0,1,1,1,1785714105
2026-08-03T00:08:16Z,1035,1,1,17,1,0,1,1,1,1785715455
2026-08-03T00:08:16Z,1036,13,0,2,0,0,1,1,1,1785714677
2026-08-03T00:08:16Z,1037,2,0,16,1,0,1,1,1,1785714498
2026-08-03T00:08:16Z,1038,3,1,12,0,0,1,1,1,1785715566
2026-08-03T00:08:16Z,1039,2,1,17,0,0,1,1,1,1785714392
2026-08-03T00:08:16Z,1040,13,7,6,0,0,1,1,1,1785714375
2026-08-03T00:08:16Z,1041,14,1,4,1,0,1,1,1,1785714177
2026-08-03T00:08:16Z,1042,4,3,10,1,0,1,1,1,1785714517
2026-08-03T00:08:16Z,1043,12,5,6,1,0,1,1,1,1785715541
2026-08-03T00:08:16Z,1044,0,0,15,0,0,1,1,1,1785715609
2026-08-03T00:08:16Z,1045,11,1,7,1,0,1,1,1,1785714260
2026-08-03T00:08:16Z,1046,9,1,6,0,0,1,1,1,1785715273
2026-08-03T00:08:16Z,1047,9,3,12,0,0,1,1,1,1785715149
2026-08-03T00:08:16Z,1048,3,0,16,0,0,1,1,1,1785714236
2026-08-03T00:08:16Z,1049,4,1,17,0,0,1,1,1,1785714449
2026-08-03T00:08:16Z,1050,15,0,5,1,0,1,1,1,1785715532
2026-08-03T00:08:16Z,1051,11,6,10,0,0,1,1,1,1785715426
2026-08-03T00:08:16Z,1052,20,3,1,1,0,1,1,1,1785714631
2026-08-03T00:08:16Z,1053,2,1,13,0,0,1,1,1,1785715569
2026-08-03T00:08:16Z,1054,13,0,1,1,0,1,1,1,1785714214
2026-08-03T00:08:16Z,1055,15,1,4,0,0,1,1,1,1785714395
2026-08-03T00:08:16Z,1057,8,0,11,0,0,1,1,1,1785715692
2026-08-03T00:08:16Z,1058,7,0,49,0,0,1,1,1,1785715611
2026-08-03T00:08:16Z,1059,5,1,13,1,0,1,1,1,1785714076
2026-08-03T00:08:16Z,1060,20,17,17,0,0,1,1,1,1785715202
2026-08-03T00:08:16Z,1061,32,0,5,0,0,1,1,1,1785715374
2026-08-03T00:08:16Z,1062,12,0,5,0,0,1,1,1,1785714447
2026-08-03T00:08:16Z,1063,9,0,8,2,0,1,1,1,1785715188
2026-08-03T00:08:16Z,1064,6,1,17,0,0,1,1,1,1785714862
2026-08-03T00:08:16Z,1065,12,2,11,0,0,1,1,1,1785715100
2026-08-03T00:08:16Z,1066,13,3,10,0,0,1,1,1,1785714918
2026-08-03T00:08:16Z,1067,8,3,15,0,0,1,1,1,1785714104
2026-08-03T00:08:16Z,1068,5,2,15,3,0,1,1,1,1785714804
2026-08-03T00:08:16Z,1069,12,2,11,0,0,1,1,1,1785714736
2026-08-03T00:08:16Z,1070,11,1,10,2,0,1,1,1,1785714869
2026-08-03T00:08:16Z,1071,6,2,15,2,0,1,1,1,1785714891
2026-08-03T00:08:16Z,1072,9,0,12,2,0,1,1,1,1785715208
2026-08-03T00:08:16Z,1073,26,3,1,0,0,1,1,1,1785714428
2026-08-03T00:08:16Z,1074,25,1,26,2,0,1,1,1,1785715443
2026-08-03T00:08:16Z,1075,9,7,12,0,0,1,1,1,1785715582
2026-08-03T00:08:16Z,1076,11,10,10,0,0,1,1,1,1785715544
2026-08-03T00:08:16Z,1077,11,9,10,0,0,1,1,1,1785715136
2026-08-03T00:08:16Z,1078,10,8,11,0,0,1,1,1,1785715573
2026-08-03T00:08:16Z,1079,10,8,11,0,0,1,1,1,1785714488
2026-08-03T00:08:16Z,1080,10,9,11,0,0,1,1,1,1785714314
2026-08-03T00:08:16Z,1081,10,8,8,1,0,1,1,1,1785715507
2026-08-03T00:08:16Z,1082,15,13,8,0,0,1,1,1,1785714539
2026-08-03T00:08:16Z,1083,10,9,11,0,0,1,1,1,1785714605
2026-08-03T00:08:16Z,1084,9,7,12,0,0,1,1,1,1785714213
2026-08-03T00:08:16Z,1085,12,6,9,0,0,1,1,1,1785714231
2026-08-03T00:08:16Z,1086,10,7,11,0,0,1,1,1,1785714904
2026-08-03T00:08:16Z,1087,10,9,5,0,0,1,1,1,1785715228
2026-08-03T00:08:16Z,1088,7,6,8,0,0,1,1,1,1785714304
2026-08-03T00:08:16Z,1089,9,7,6,0,0,1,1,1,1785715648
2026-08-03T00:08:16Z,1090,10,8,5,0,0,1,1,1,1785714953
2026-08-03T00:08:16Z,1091,9,7,6,0,0,1,1,1,1785715147
2026-08-03T00:08:16Z,1092,10,9,5,0,0,1,1,1,1785714538
2026-08-03T00:08:16Z,1093,9,7,6,0,0,1,1,1,1785714923
2026-08-03T00:08:16Z,1094,13,11,6,0,0,1,1,1,1785714227
2026-08-03T00:08:16Z,1095,10,8,5,0,0,1,1,1,1785713992
2026-08-03T00:08:16Z,1096,7,5,12,0,0,1,1,1,1785714665
2026-08-03T00:08:16Z,1097,9,7,6,0,0,1,1,1,1785714726
2026-08-03T00:08:16Z,1098,10,8,9,0,0,1,1,1,1785713959
2026-08-03T00:08:16Z,1099,8,6,7,0,0,1,1,1,1785714060
2026-08-03T00:08:16Z,1100,9,4,19,1,0,1,1,1,1785703987
2026-08-03T00:08:16Z,1101,8,3,13,0,0,1,1,1,1785714120
2026-08-03T00:08:16Z,1102,10,5,3,0,0,1,1,1,1785714794
2026-08-03T00:08:16Z,1103,11,5,10,0,0,1,1,1,1785661115
2026-08-03T00:08:16Z,1104,10,5,11,0,0,1,1,1,1785713894
2026-08-03T00:08:16Z,1105,7,3,6,0,0,1,1,1,1785714656
2026-08-03T00:08:16Z,1106,10,5,11,0,0,1,1,1,1785714230
2026-08-03T00:08:16Z,1107,9,5,6,0,0,1,1,1,1785714216
2026-08-03T00:08:16Z,1108,7,3,17,3,0,1,1,1,1785715314
2026-08-03T00:08:16Z,1109,10,5,5,0,0,1,1,1,1785714134
2026-08-03T00:08:16Z,1110,13,2,8,0,0,1,1,1,1785715543
2026-08-03T00:08:16Z,1111,12,1,8,1,0,1,1,1,1785714903
2026-08-03T00:08:16Z,1112,24,0,29,0,0,1,1,1,1785715264
2026-08-03T00:08:16Z,1113,2,0,18,1,0,1,1,1,1785715275
2026-08-03T00:08:16Z,1115,5,2,14,4,0,1,1,1,1785715067
2026-08-03T00:08:16Z,1116,4,0,15,0,0,1,1,1,1785715679
2026-08-03T00:08:16Z,1117,21,14,1,1,0,1,1,1,1785715143
2026-08-03T00:08:16Z,1118,1,0,20,0,0,1,1,1,1785715636
2026-08-03T00:08:16Z,1119,16,3,1,0,0,1,1,1,1785715218
2026-08-03T00:08:16Z,1120,7,3,11,1,0,1,1,1,1785714341
2026-08-03T00:08:16Z,1121,7,1,13,1,0,1,1,1,1785714832
2026-08-03T00:08:16Z,1122,13,2,6,2,0,1,1,1,1785715628
2026-08-03T00:08:16Z,1123,0,0,21,2,0,1,1,1,1785714107
2026-08-03T00:08:16Z,1124,6,0,8,1,0,1,1,1,1785714970
2026-08-03T00:08:16Z,1125,18,2,4,1,0,1,1,1,1785714842
2026-08-03T00:08:16Z,1126,20,5,1,0,0,1,1,1,1785715562
2026-08-03T00:08:16Z,1127,14,0,4,1,0,1,1,1,1785714616
2026-08-03T00:08:16Z,1128,14,2,1,0,0,1,1,1,1785714175
2026-08-03T00:08:16Z,1129,8,4,12,1,0,1,1,1,1785714825
2026-08-03T00:08:16Z,1130,9,1,6,0,0,1,1,1,1785715012
2026-08-03T00:08:16Z,1131,0,0,49,0,0,1,1,1,1785714818
2026-08-03T00:08:16Z,1132,16,0,4,1,0,1,1,1,1785715686
2026-08-03T00:08:16Z,1133,11,10,9,1,0,1,1,1,1785714164
2026-08-03T00:08:16Z,1134,9,5,10,0,0,1,1,1,1785714835
2026-08-03T00:08:16Z,1135,10,5,11,0,0,1,1,1,1785714052
2026-08-03T00:08:16Z,1136,21,0,2,0,0,1,1,1,1785714659
2026-08-03T00:08:16Z,1137,3,2,12,0,0,1,1,1,1785715671
2026-08-03T00:08:16Z,1138,7,1,12,0,0,1,1,1,1785714364
2026-08-03T00:08:16Z,1139,13,3,8,0,0,1,1,1,1785715642
2026-08-03T00:08:16Z,1140,4,1,18,1,0,1,1,1,1785714739
2026-08-03T00:08:16Z,1141,6,3,14,1,0,1,1,1,1785715647
2026-08-03T00:08:16Z,1142,0,0,21,0,0,1,1,1,1785714980
2026-08-03T00:08:16Z,1143,12,0,16,1,0,1,1,1,1785715539
2026-08-03T00:08:16Z,1144,6,2,14,1,0,1,1,1,1785715498
2026-08-03T00:08:16Z,1145,10,5,10,1,0,1,1,1,1785715541
2026-08-03T00:08:16Z,1146,4,0,11,4,0,1,1,1,1785715663
2026-08-03T00:08:16Z,1147,4,0,15,0,0,1,1,1,1785714616
2026-08-03T00:08:16Z,1148,25,1,5,1,0,1,1,1,1785715673
2026-08-03T00:08:16Z,1149,18,11,7,0,0,1,1,1,1785715635
2026-08-03T00:08:16Z,1150,8,0,11,0,0,1,1,1,1785714241
2026-08-03T00:08:16Z,1151,7,0,14,0,0,1,1,1,1785715311
2026-08-03T00:08:16Z,1152,2,0,27,0,0,1,1,1,1785714937
2026-08-03T00:08:16Z,1153,3,0,20,0,0,1,1,1,1785715619
2026-08-03T00:08:16Z,1154,12,1,6,1,0,1,1,1,1785715392
2026-08-03T00:08:16Z,1155,12,3,8,1,0,1,1,1,1785715452
2026-08-03T00:08:16Z,1158,2,2,17,0,0,1,1,1,1785714163
2026-08-03T00:08:16Z,1159,13,5,6,0,0,1,1,1,1785714591
2026-08-03T00:08:16Z,1160,7,3,11,1,0,1,1,1,1785715054
2026-08-03T00:08:16Z,1161,4,0,14,1,0,1,1,1,1785714681
2026-08-03T00:08:16Z,1162,5,1,14,0,0,1,1,1,1785714982
2026-08-03T00:08:16Z,1163,3,1,15,1,0,1,1,1,1785714282
2026-08-03T00:08:16Z,1164,5,0,14,0,0,1,1,1,1785714321
2026-08-03T00:08:16Z,1165,11,1,10,0,0,1,1,1,1785715168
2026-08-03T00:08:16Z,1166,13,3,7,1,0,1,1,1,1785715381
2026-08-03T00:08:16Z,1167,3,0,12,0,0,1,1,1,1785715635
2026-08-03T00:08:16Z,1168,6,2,17,0,0,1,1,1,1785714740
2026-08-03T00:08:16Z,1169,3,0,16,0,0,1,1,1,1785714182
2026-08-03T00:08:16Z,1170,6,2,15,0,0,1,1,1,1785714673
2026-08-03T00:08:16Z,1171,8,5,14,1,0,1,1,1,1785714520
2026-08-03T00:08:16Z,1172,6,0,7,2,0,1,1,1,1785714237
2026-08-03T00:08:16Z,1173,12,2,7,0,0,1,1,1,1785714475
2026-08-03T00:08:16Z,1174,5,0,10,0,0,1,1,1,1785713915
2026-08-03T00:08:16Z,1175,1,0,18,0,0,1,1,1,1785698217
2026-08-03T00:08:16Z,1176,10,0,10,1,0,1,1,1,1785715627
2026-08-03T00:08:16Z,1177,7,1,14,0,0,1,1,1,1785715544
2026-08-03T00:08:16Z,1178,3,0,12,0,0,1,1,1,1785715484
2026-08-03T00:08:16Z,1181,10,3,5,0,0,1,1,1,1785713736
2026-08-03T00:08:16Z,1182,9,1,10,1,0,1,1,1,1785715422
2026-08-03T00:08:16Z,1183,5,1,39,1,0,1,1,1,1785715607
2026-08-03T00:08:16Z,1184,6,1,14,1,0,1,1,1,1785715625
2026-08-03T00:08:16Z,1185,9,5,12,0,0,1,1,1,1785715682
2026-08-03T00:08:16Z,1186,8,4,11,0,0,1,1,1,1785714737
2026-08-03T00:08:16Z,1187,11,6,10,0,0,1,1,1,1785713979
2026-08-03T00:08:16Z,1188,11,6,4,0,0,1,1,1,1785714209
2026-08-03T00:08:16Z,1189,9,4,10,0,0,1,1,1,1785714507
2026-08-03T00:08:16Z,1190,12,7,9,0,0,1,1,1,1785714020
2026-08-03T00:08:16Z,1191,9,4,6,0,0,1,1,1,1785714210
2026-08-03T00:08:16Z,1192,9,5,11,1,0,1,1,1,1785714455
2026-08-03T00:08:16Z,1193,8,5,3,2,0,1,1,1,1785715146
2026-08-03T00:08:16Z,1197,6,4,10,1,0,1,1,1,1785715318
2026-08-03T00:08:16Z,1198,16,5,3,2,0,1,1,1,1785714920
2026-08-03T00:08:16Z,1199,3,0,16,0,0,1,1,1,1785714817
2026-08-03T00:08:16Z,1200,10,5,5,0,0,1,1,1,1785714241
2026-08-03T00:08:16Z,1201,11,6,4,0,0,1,1,1,1785714217
2026-08-03T00:08:16Z,1202,10,5,5,0,0,1,1,1,1785714326
2026-08-03T00:08:16Z,1203,10,5,5,0,0,1,1,1,1785714240
2026-08-03T00:08:16Z,1204,10,5,9,0,0,1,1,1,1785714171
2026-08-03T00:08:16Z,1206,10,5,11,0,0,1,1,1,1785715332
2026-08-03T00:08:16Z,1207,8,3,5,2,0,1,1,1,1785714537
2026-08-03T00:08:16Z,1208,9,4,10,0,0,1,1,1,1785714635
2026-08-03T00:08:16Z,1216,3,0,17,1,0,1,1,1,1785715477
2026-08-03T00:08:16Z,1218,9,4,12,0,0,1,1,1,1785714097
2026-08-03T00:08:16Z,1219,5,1,7,3,0,1,1,1,1785714170
2026-08-03T00:08:16Z,1220,15,7,4,0,0,1,1,1,1785715612
2026-08-03T00:08:16Z,1221,3,1,18,0,0,1,1,1,1785715255
2026-08-03T00:08:16Z,1222,4,0,25,0,0,1,1,1,1785714765
2026-08-03T00:08:16Z,1223,27,0,2,0,0,1,1,1,1785714588
2026-08-03T00:08:16Z,1226,0,0,3,0,0,0,1,1,1781868931
2026-08-03T00:08:16Z,1227,5,0,20,0,0,1,1,1,1785715442
2026-08-03T00:08:16Z,1228,23,1,5,1,0,1,1,1,1785715005
2026-08-03T00:08:16Z,1229,34,23,1,10,0,1,1,1,1785715306
2026-08-03T00:13:16Z,1,6,0,17,0,0,1,1,1,1785711895
2026-08-03T00:13:16Z,2,13,1,11,3,0,1,1,1,1785715924
2026-08-03T00:13:16Z,3,3,0,10,1,0,1,1,1,1785715355
2026-08-03T00:13:16Z,4,2,1,19,1,0,1,1,1,1785714020
2026-08-03T00:13:16Z,5,12,4,9,1,1,1,1,1,1785707300
2026-08-03T00:13:16Z,6,14,1,1,0,0,1,1,1,1785715757
2026-08-03T00:13:16Z,7,5,0,34,0,0,1,1,1,1785715818
2026-08-03T00:13:16Z,8,1,0,41,1,0,1,1,1,1785715930
2026-08-03T00:13:16Z,9,21,2,2,0,0,1,1,1,1785715860
2026-08-03T00:13:16Z,10,9,2,12,2,0,1,1,1,1785713840
2026-08-03T00:13:16Z,11,12,3,6,1,0,1,1,1,1785715692
2026-08-03T00:13:16Z,12,2,0,21,0,0,1,1,1,1785715338
2026-08-03T00:13:16Z,13,15,1,15,0,0,1,1,1,1785714764
2026-08-03T00:13:16Z,14,10,0,32,0,1,1,1,1,1785715578
2026-08-03T00:13:16Z,15,3,0,12,0,0,1,1,1,1785713396
2026-08-03T00:13:16Z,16,8,1,17,1,1,1,1,1,1785709998
2026-08-03T00:13:16Z,17,4,1,22,1,0,1,1,1,1785715763
2026-08-03T00:13:16Z,18,4,4,12,2,0,1,1,1,1785714941
2026-08-03T00:13:16Z,19,16,2,11,0,0,1,1,1,1785715887
2026-08-03T00:13:16Z,20,13,0,22,0,0,1,1,1,1785715101
2026-08-03T00:13:16Z,21,13,0,5,1,0,1,1,1,1785715032
2026-08-03T00:13:16Z,22,26,1,39,0,0,1,1,1,1785715992
2026-08-03T00:13:16Z,23,10,5,20,1,0,1,1,1,1785713264
2026-08-03T00:13:16Z,24,4,0,6,1,0,1,1,1,1785715985
2026-08-03T00:13:16Z,25,57,0,21,3,0,1,1,1,1785715940
2026-08-03T00:13:16Z,26,10,2,17,0,0,1,1,1,1785713780
2026-08-03T00:13:16Z,28,1,0,14,0,0,1,1,1,1785713041
2026-08-03T00:13:16Z,30,3,0,26,0,0,1,1,1,1785714590
2026-08-03T00:13:16Z,31,10,0,8,1,0,1,1,1,1785715837
2026-08-03T00:13:16Z,32,19,0,8,0,0,1,1,1,1785715967
2026-08-03T00:13:16Z,34,6,1,31,0,0,1,1,1,1785712564
2026-08-03T00:13:16Z,35,27,3,19,1,0,1,1,1,1785714282
2026-08-03T00:13:16Z,36,0,0,0,0,0,0,1,1,86400
2026-08-03T00:13:16Z,37,18,0,4,1,0,1,1,1,1785715992
2026-08-03T00:13:16Z,38,6,0,17,0,0,1,1,1,1785715413
2026-08-03T00:13:16Z,39,35,6,4,0,0,1,1,1,1785714892
2026-08-03T00:13:16Z,40,3,0,18,0,0,1,1,1,1785715815
2026-08-03T00:13:16Z,41,2,0,41,0,0,1,1,1,1785715348
2026-08-03T00:13:16Z,42,17,9,14,0,0,1,1,1,1785715635
2026-08-03T00:13:16Z,43,21,3,2,0,0,1,1,1,1785714268
2026-08-03T00:13:16Z,45,1,0,28,0,0,1,1,1,1785714153
2026-08-03T00:13:16Z,46,1,0,29,1,0,1,1,1,1785715934
2026-08-03T00:13:16Z,47,5,1,8,2,0,1,1,1,1785715704
2026-08-03T00:13:16Z,48,11,1,16,0,0,1,1,1,1785714906
2026-08-03T00:13:16Z,49,5,0,15,3,0,1,1,1,1785715991
2026-08-03T00:13:16Z,50,9,2,9,1,0,1,1,1,1785715737
2026-08-03T00:13:16Z,51,36,0,40,1,0,1,1,1,1785715711
2026-08-03T00:13:16Z,52,4,1,20,3,0,1,1,1,1785715897
2026-08-03T00:13:16Z,55,0,0,23,0,0,1,1,1,1785712742
2026-08-03T00:13:16Z,56,2,1,41,0,0,1,1,1,1785713536
2026-08-03T00:13:16Z,57,4,4,23,0,0,1,1,1,1785715566
2026-08-03T00:13:16Z,58,1,1,27,0,0,1,1,1,1785713094
2026-08-03T00:13:16Z,59,7,1,19,1,0,1,1,1,1785715993
2026-08-03T00:13:16Z,61,4,0,35,0,0,1,1,1,1785708823
2026-08-03T00:13:16Z,62,0,0,0,16,33,1,1,1,1785715720
2026-08-03T00:13:16Z,63,14,1,5,0,0,1,1,1,1785715028
2026-08-03T00:13:16Z,64,7,1,10,2,0,1,1,1,1785714326
2026-08-03T00:13:16Z,65,11,5,7,1,0,1,1,1,1785712939
2026-08-03T00:13:16Z,67,31,1,8,0,0,1,1,1,1785714770
2026-08-03T00:13:16Z,68,4,0,33,0,0,1,1,1,1785712882
2026-08-03T00:13:16Z,69,13,1,2,0,0,1,1,1,1785715115
2026-08-03T00:13:16Z,71,13,0,13,1,0,1,1,1,1785715711
2026-08-03T00:13:16Z,72,23,4,3,4,1,1,1,1,1785715763
2026-08-03T00:13:16Z,73,3,0,28,0,0,1,1,1,1785714809
2026-08-03T00:13:16Z,74,4,0,15,0,0,1,1,1,1785713267
2026-08-03T00:13:16Z,75,0,0,31,1,0,1,1,1,1785714912
2026-08-03T00:13:16Z,76,3,1,15,1,0,1,1,1,1785715987
2026-08-03T00:13:16Z,77,20,0,7,0,0,1,1,1,1785715559
2026-08-03T00:13:16Z,78,9,1,13,1,0,1,1,1,1785714745
2026-08-03T00:13:16Z,79,3,0,12,2,0,1,1,1,1785715847
2026-08-03T00:13:16Z,80,3,0,17,3,0,1,1,1,1785715707
2026-08-03T00:13:16Z,81,5,2,25,1,0,1,1,1,1785715011
2026-08-03T00:13:16Z,82,19,7,4,0,0,1,1,1,1785715395
2026-08-03T00:13:16Z,83,22,1,8,4,0,1,1,1,1785715784
2026-08-03T00:13:16Z,84,11,2,16,0,0,1,1,1,1785714691
2026-08-03T00:13:16Z,85,11,1,4,0,0,1,1,1,1785715716
2026-08-03T00:13:16Z,86,22,3,5,0,0,1,1,1,1785714145
2026-08-03T00:13:16Z,87,7,0,12,0,0,1,1,1,1785710562
2026-08-03T00:13:16Z,88,14,0,28,1,0,1,1,1,1785715756
2026-08-03T00:13:16Z,89,32,3,3,0,0,1,1,1,1785709147
2026-08-03T00:13:16Z,90,4,2,13,1,0,1,1,1,1785715190
2026-08-03T00:13:16Z,91,6,0,9,2,0,1,1,1,1785712977
2026-08-03T00:13:16Z,92,9,0,8,2,0,1,1,1,1785715992
2026-08-03T00:13:16Z,93,12,2,11,0,0,1,1,1,1785715409
2026-08-03T00:13:16Z,94,7,0,11,1,0,1,1,1,1785715116
2026-08-03T00:13:16Z,95,22,2,11,1,1,1,1,1,1785715829
2026-08-03T00:13:16Z,96,20,1,10,1,0,1,1,1,1785715049
2026-08-03T00:13:16Z,97,2,0,14,1,0,1,1,1,1785715885
2026-08-03T00:13:16Z,98,31,1,4,0,0,1,1,1,1785715628
2026-08-03T00:13:16Z,99,9,1,5,1,0,1,1,1,1785715687
2026-08-03T00:13:16Z,100,4,0,22,1,0,1,1,1,1785715890
2026-08-03T00:13:16Z,101,13,0,0,2,0,1,1,1,1785714719
2026-08-03T00:13:16Z,102,8,0,15,0,0,1,1,1,1785715815
2026-08-03T00:13:16Z,103,18,0,10,2,0,1,1,1,1785715656
2026-08-03T00:13:16Z,104,12,1,13,2,0,1,1,1,1785715991
2026-08-03T00:13:16Z,105,13,0,4,2,0,1,1,1,1785708568
2026-08-03T00:13:16Z,106,10,0,11,0,0,1,1,1,1785708842
2026-08-03T00:13:16Z,107,15,0,22,0,0,1,1,1,1785714381
2026-08-03T00:13:16Z,108,15,0,19,1,0,1,1,1,1785715358
2026-08-03T00:13:16Z,109,10,0,13,0,0,1,1,1,1785715859
2026-08-03T00:13:16Z,110,10,0,10,3,0,1,1,1,1785715915
2026-08-03T00:13:16Z,111,15,0,20,1,0,1,1,1,1785715858
2026-08-03T00:13:16Z,112,9,2,5,1,0,1,1,1,1785715828
2026-08-03T00:13:16Z,113,6,0,12,1,0,1,1,1,1785715836
2026-08-03T00:13:16Z,114,8,3,23,0,0,1,1,1,1785715961
2026-08-03T00:13:16Z,115,20,5,5,3,0,1,1,1,1785715886
2026-08-03T00:13:16Z,116,8,7,19,0,0,1,1,1,1785715680
2026-08-03T00:13:16Z,118,4,0,19,0,0,1,1,1,1785710695
2026-08-03T00:13:16Z,119,23,2,13,2,0,1,1,1,1785714679
2026-08-03T00:13:16Z,120,15,2,9,2,0,1,1,1,1785715801
2026-08-03T00:13:16Z,121,2,0,15,1,1,1,1,1,1785715768
2026-08-03T00:13:16Z,122,13,0,7,1,0,1,1,1,1785715008
2026-08-03T00:13:16Z,123,19,3,28,0,0,1,1,1,1785715818
2026-08-03T00:13:16Z,124,29,5,6,0,0,1,1,1,1785715571
2026-08-03T00:13:16Z,125,9,8,14,0,0,1,1,1,1785715110
2026-08-03T00:13:16Z,126,12,0,19,0,0,1,1,1,1785714715
2026-08-03T00:13:16Z,127,29,1,5,1,0,1,1,1,1785715821
2026-08-03T00:13:16Z,128,17,0,2,0,0,1,1,1,1785714923
2026-08-03T00:13:16Z,129,8,4,10,1,0,1,1,1,1785714272
2026-08-03T00:13:16Z,130,11,0,6,0,0,1,1,1,1785715530
2026-08-03T00:13:16Z,131,6,1,5,0,0,1,1,1,1785714711
2026-08-03T00:13:16Z,132,4,0,10,0,1,1,1,1,1785714877
2026-08-03T00:13:16Z,134,17,8,2,4,0,1,1,1,1785715963
2026-08-03T00:13:16Z,135,12,1,7,0,0,1,1,1,1785715730
2026-08-03T00:13:16Z,136,5,0,17,0,0,1,1,1,1785715839
2026-08-03T00:13:16Z,137,18,3,0,1,0,1,1,1,1785715856
2026-08-03T00:13:16Z,138,21,0,16,0,0,1,1,1,1785715969
2026-08-03T00:13:16Z,139,19,1,0,0,0,1,1,1,1785715692
2026-08-03T00:13:16Z,140,21,3,1,1,0,1,1,1,1785715992
2026-08-03T00:13:16Z,141,26,3,9,1,0,1,1,1,1785715917
2026-08-03T00:13:16Z,142,19,0,4,0,0,1,1,1,1785715932
2026-08-03T00:13:16Z,143,25,0,5,1,0,1,1,1,1785715914
2026-08-03T00:13:16Z,144,19,0,8,0,0,1,1,1,1785715554
2026-08-03T00:13:16Z,146,4,0,17,2,0,1,1,1,1785713962
2026-08-03T00:13:16Z,147,8,0,9,2,0,1,1,1,1785715760
2026-08-03T00:13:16Z,148,12,0,12,3,0,1,1,1,1785715939
2026-08-03T00:13:16Z,149,7,0,19,1,0,1,1,1,1785715688
2026-08-03T00:13:16Z,150,26,5,7,2,0,1,1,1,1785715979
2026-08-03T00:13:16Z,151,10,2,13,0,0,1,1,1,1785715908
2026-08-03T00:13:16Z,152,15,1,9,2,0,1,1,1,1785715966
2026-08-03T00:13:16Z,153,25,0,1,2,0,1,1,1,1785715717
2026-08-03T00:13:16Z,154,8,0,11,4,0,1,1,1,1785715979
2026-08-03T00:13:16Z,155,12,2,1,1,0,1,1,1,1785715684
2026-08-03T00:13:16Z,156,7,0,12,0,0,1,1,1,1785715657
2026-08-03T00:13:16Z,157,24,1,0,3,0,1,1,1,1785715980
2026-08-03T00:13:16Z,158,5,0,11,0,0,1,1,1,1785715528
2026-08-03T00:13:16Z,159,13,11,6,0,0,1,1,1,1785715274
2026-08-03T00:13:16Z,160,10,2,9,0,0,1,1,1,1785715499
2026-08-03T00:13:16Z,161,16,0,6,0,0,1,1,1,1785715351
2026-08-03T00:13:16Z,162,20,2,5,2,0,1,1,1,1785715974
2026-08-03T00:13:16Z,163,23,0,7,0,1,1,1,1,1785715983
2026-08-03T00:13:16Z,164,27,0,0,0,0,1,1,1,1785715706
2026-08-03T00:13:16Z,165,18,5,12,0,1,1,1,1,1785715925
2026-08-03T00:13:16Z,166,32,0,4,3,0,1,1,1,1785715993
2026-08-03T00:13:16Z,167,15,0,7,1,0,1,1,1,1785715689
2026-08-03T00:13:16Z,168,15,0,11,1,0,1,1,1,1785715979
2026-08-03T00:13:16Z,169,22,1,0,0,1,1,1,1,1785715940
2026-08-03T00:13:16Z,170,15,4,3,1,0,1,1,1,1785715670
2026-08-03T00:13:16Z,171,5,1,6,2,0,1,1,1,1785715920
2026-08-03T00:13:16Z,173,29,3,10,0,0,1,1,1,1785715755
2026-08-03T00:13:16Z,174,24,1,2,0,0,1,1,1,1785715422
2026-08-03T00:13:16Z,175,28,2,2,1,0,1,1,1,1785715566
2026-08-03T00:13:16Z,176,2,0,9,4,1,1,1,1,1785715863
2026-08-03T00:13:16Z,177,19,0,8,0,0,1,1,1,1785715777
2026-08-03T00:13:16Z,178,9,2,3,2,1,1,1,1,1785715985
2026-08-03T00:13:16Z,179,13,1,1,1,0,1,1,1,1785715406
2026-08-03T00:13:16Z,180,7,0,23,0,0,1,1,1,1785715319
2026-08-03T00:13:16Z,181,6,2,8,1,0,1,1,1,1785715667
2026-08-03T00:13:16Z,182,13,2,4,0,0,1,1,1,1785714355
2026-08-03T00:13:16Z,183,17,2,5,1,0,1,1,1,1785715462
2026-08-03T00:13:16Z,184,15,1,5,2,1,1,1,1,1785715908
2026-08-03T00:13:16Z,185,8,5,4,2,1,1,1,1,1785715180
2026-08-03T00:13:16Z,186,18,5,1,0,0,1,1,1,1785715978
2026-08-03T00:13:16Z,187,3,0,25,0,0,1,1,1,1785715894
2026-08-03T00:13:16Z,188,19,0,1,7,0,1,1,1,1785715828
2026-08-03T00:13:16Z,189,13,4,2,0,0,1,1,1,1785713636
2026-08-03T00:13:16Z,190,8,1,15,0,0,1,1,1,1785715924
2026-08-03T00:13:16Z,191,17,9,22,0,0,1,1,1,1785715340
2026-08-03T00:13:16Z,192,3,3,26,2,0,1,1,1,1785715656
2026-08-03T00:13:16Z,193,11,9,3,1,0,1,1,1,1785715933
2026-08-03T00:13:16Z,194,5,3,22,0,0,1,1,1,1785715556
2026-08-03T00:13:16Z,195,11,7,7,0,0,1,1,1,1785715433
2026-08-03T00:13:16Z,196,24,0,2,1,0,1,1,1,1785715500
2026-08-03T00:13:16Z,197,9,1,9,0,1,1,1,1,1785714777
2026-08-03T00:13:16Z,198,10,3,13,0,0,1,1,1,1785714270
2026-08-03T00:13:16Z,199,5,3,9,1,0,1,1,1,1785715877
2026-08-03T00:13:16Z,200,11,6,15,0,0,1,1,1,1785713989
2026-08-03T00:13:16Z,201,21,3,2,0,0,1,1,1,1785715281
2026-08-03T00:13:16Z,202,17,0,10,0,0,1,1,1,1785715164
2026-08-03T00:13:16Z,203,6,1,24,1,0,1,1,1,1785714215
2026-08-03T00:13:16Z,204,9,1,24,2,0,1,1,1,1785715700
2026-08-03T00:13:16Z,205,11,1,16,0,0,1,1,1,1785713308
2026-08-03T00:13:16Z,206,4,3,10,1,0,1,1,1,1785715900
2026-08-03T00:13:16Z,207,11,1,10,0,0,1,1,1,1785714811
2026-08-03T00:13:16Z,208,3,0,26,0,0,1,1,1,1785713526
2026-08-03T00:13:16Z,209,22,1,7,2,0,1,1,1,1785715892
2026-08-03T00:13:16Z,210,19,6,8,0,0,1,1,1,1785715044
2026-08-03T00:13:16Z,211,19,2,2,2,0,1,1,1,1785715908
2026-08-03T00:13:16Z,212,33,5,1,1,0,1,1,1,1785715786
2026-08-03T00:13:16Z,213,10,0,12,1,0,1,1,1,1785715706
2026-08-03T00:13:16Z,214,29,17,11,7,0,1,1,1,1785715186
2026-08-03T00:13:16Z,215,13,10,10,0,0,1,1,1,1785715385
2026-08-03T00:13:16Z,216,11,2,7,1,0,1,1,1,1785715906
2026-08-03T00:13:16Z,217,18,0,10,1,0,1,1,1,1785715913
2026-08-03T00:13:16Z,218,23,9,8,8,0,1,1,1,1785715836
2026-08-03T00:13:16Z,219,4,2,21,1,0,1,1,1,1785715898
2026-08-03T00:13:16Z,220,39,5,4,0,0,1,1,1,1785715587
2026-08-03T00:13:16Z,221,6,2,8,1,0,1,1,1,1785715636
2026-08-03T00:13:16Z,222,7,0,12,0,0,1,1,1,1785715229
2026-08-03T00:13:16Z,223,19,1,14,2,0,1,1,1,1785715957
2026-08-03T00:13:16Z,224,14,8,8,0,0,1,1,1,1785715619
2026-08-03T00:13:16Z,225,4,2,12,3,0,1,1,1,1785715780
2026-08-03T00:13:16Z,226,19,12,10,2,0,1,1,1,1785715973
2026-08-03T00:13:16Z,227,9,4,18,0,0,1,1,1,1785715603
2026-08-03T00:13:16Z,228,8,6,10,1,0,1,1,1,1785715376
2026-08-03T00:13:16Z,230,8,0,18,0,0,1,1,1,1785715901
2026-08-03T00:13:16Z,232,8,2,8,1,0,1,1,1,1785715868
2026-08-03T00:13:16Z,233,27,4,3,1,0,1,1,1,1785715891
2026-08-03T00:13:16Z,234,7,7,8,2,2,1,1,1,1785714232
2026-08-03T00:13:16Z,236,16,5,3,0,0,1,1,1,1785713155
2026-08-03T00:13:16Z,237,22,0,0,1,0,1,1,1,1785715021
2026-08-03T00:13:16Z,239,20,11,7,0,0,1,1,1,1785715966
2026-08-03T00:13:16Z,241,7,3,15,1,0,1,1,1,1785715816
2026-08-03T00:13:16Z,242,1,1,20,2,0,1,1,1,1785711809
2026-08-03T00:13:16Z,243,20,10,10,1,0,1,1,1,1785715944
2026-08-03T00:13:16Z,244,24,7,2,1,0,1,1,1,1785712637
2026-08-03T00:13:16Z,245,21,4,0,2,0,1,1,1,1785715452
2026-08-03T00:13:16Z,246,10,2,12,1,0,1,1,1,1785713425
2026-08-03T00:13:16Z,247,8,5,15,0,0,1,1,1,1785707048
2026-08-03T00:13:16Z,248,14,2,7,2,0,1,1,1,1785714566
2026-08-03T00:13:16Z,249,16,5,3,0,0,1,1,1,1785713590
2026-08-03T00:13:16Z,250,6,3,20,1,0,1,1,1,1785714629
2026-08-03T00:13:16Z,251,6,2,20,1,0,1,1,1,1785715929
2026-08-03T00:13:16Z,253,9,3,10,0,0,1,1,1,1785714034
2026-08-03T00:13:16Z,254,37,9,5,1,0,1,1,1,1785715061
2026-08-03T00:13:16Z,255,15,1,7,0,1,1,1,1,1785715934
2026-08-03T00:13:16Z,256,14,4,7,2,0,1,1,1,1785715694
2026-08-03T00:13:16Z,257,4,2,14,1,0,1,1,1,1785715179
2026-08-03T00:13:16Z,258,13,2,4,2,0,1,1,1,1785715597
2026-08-03T00:13:16Z,259,14,3,8,0,1,1,1,1,1785713662
2026-08-03T00:13:16Z,260,3,0,14,2,0,1,1,1,1785715423
2026-08-03T00:13:16Z,261,11,0,7,0,1,1,1,1,1785712714
2026-08-03T00:13:16Z,262,8,8,12,3,0,1,1,1,1785715984
2026-08-03T00:13:16Z,263,6,3,8,1,0,1,1,1,1785715783
2026-08-03T00:13:16Z,264,12,1,6,1,0,1,1,1,1785715808
2026-08-03T00:13:16Z,265,9,1,6,0,0,1,1,1,1785715871
2026-08-03T00:13:16Z,266,8,6,10,1,0,1,1,1,1785714791
2026-08-03T00:13:16Z,267,11,2,2,2,0,1,1,1,1785715870
2026-08-03T00:13:16Z,268,4,4,19,0,0,1,1,1,1785711832
2026-08-03T00:13:16Z,269,19,7,4,0,0,1,1,1,1785715442
2026-08-03T00:13:16Z,270,18,4,8,1,0,1,1,1,1785714275
2026-08-03T00:13:16Z,271,14,2,3,2,0,1,1,1,1785713445
2026-08-03T00:13:16Z,272,18,8,3,2,0,1,1,1,1785715332
2026-08-03T00:13:16Z,273,13,8,1,1,0,1,1,1,1785711825
2026-08-03T00:13:16Z,274,6,2,11,2,0,1,1,1,1785714188
2026-08-03T00:13:16Z,275,9,0,10,1,3,1,1,1,1785715971
2026-08-03T00:13:16Z,276,7,6,19,1,0,1,1,1,1785715902
2026-08-03T00:13:16Z,277,7,7,13,3,0,1,1,1,1785715280
2026-08-03T00:13:16Z,278,22,3,9,0,0,1,1,1,1785715286
2026-08-03T00:13:16Z,279,10,0,9,0,0,1,1,1,1785715674
2026-08-03T00:13:16Z,280,0,0,29,2,0,1,1,1,1785715901
2026-08-03T00:13:16Z,281,13,0,6,0,0,1,1,1,1785714253
2026-08-03T00:13:16Z,282,18,6,0,0,0,1,1,1,1785713770
2026-08-03T00:13:16Z,283,32,6,3,0,0,1,1,1,1785715343
2026-08-03T00:13:16Z,284,22,3,12,1,0,1,1,1,1785715446
2026-08-03T00:13:16Z,285,9,3,12,2,0,1,1,1,1785715417
2026-08-03T00:13:16Z,286,4,2,18,1,0,1,1,1,1785715492
2026-08-03T00:13:16Z,287,6,1,16,1,0,1,1,1,1785715201
2026-08-03T00:13:16Z,288,4,3,15,0,0,1,1,1,1785712978
2026-08-03T00:13:16Z,289,5,3,20,2,0,1,1,1,1785714893
2026-08-03T00:13:16Z,290,12,3,25,2,0,1,1,1,1785715070
2026-08-03T00:13:16Z,291,18,1,4,1,0,1,1,1,1785715765
2026-08-03T00:13:16Z,292,15,2,8,0,0,1,1,1,1785715844
2026-08-03T00:13:16Z,293,5,2,18,0,0,1,1,1,1785715904
2026-08-03T00:13:16Z,294,15,2,2,5,0,1,1,1,1785715915
2026-08-03T00:13:16Z,297,3,0,14,1,1,1,1,1,1785715581
2026-08-03T00:13:16Z,301,8,0,11,0,0,1,1,1,1785714495
2026-08-03T00:13:16Z,302,6,0,17,0,0,1,1,1,1785715280
2026-08-03T00:13:16Z,303,8,2,11,0,0,1,1,1,1785713510
2026-08-03T00:13:16Z,304,0,0,0,0,0,0,1,1,86400
2026-08-03T00:13:16Z,305,5,0,12,2,0,1,1,1,1785714077
2026-08-03T00:13:16Z,306,14,1,18,0,0,1,1,1,1785712233
2026-08-03T00:13:16Z,307,2,0,21,0,0,1,1,1,1785711729
2026-08-03T00:13:16Z,308,4,0,14,1,0,1,1,1,1785714579
2026-08-03T00:13:16Z,309,13,1,1,0,0,1,1,1,1785715671
2026-08-03T00:13:16Z,311,12,1,3,0,0,1,1,1,1785715454
2026-08-03T00:13:16Z,312,14,11,5,4,0,1,1,1,1785715707
2026-08-03T00:13:16Z,313,7,0,8,0,0,1,1,1,1785714034
2026-08-03T00:13:16Z,314,18,2,1,0,0,1,1,1,1785712608
2026-08-03T00:13:16Z,315,13,2,16,2,0,1,1,1,1785713405
2026-08-03T00:13:16Z,316,24,6,1,5,1,1,1,1,1785715767
2026-08-03T00:13:16Z,317,19,8,10,1,1,1,1,1,1785715838
2026-08-03T00:13:16Z,318,6,3,13,0,0,1,1,1,1785714380
2026-08-03T00:13:16Z,319,12,0,10,1,0,1,1,1,1785713891
2026-08-03T00:13:16Z,320,12,2,6,1,0,1,1,1,1785711849
2026-08-03T00:13:16Z,321,2,0,13,4,0,1,1,1,1785715862
2026-08-03T00:13:16Z,322,1,0,28,0,0,1,1,1,1785715504
2026-08-03T00:13:16Z,323,5,0,13,1,0,1,1,1,1785714618
2026-08-03T00:13:16Z,324,8,0,18,1,0,1,1,1,1785715987
2026-08-03T00:13:16Z,325,4,3,21,2,0,1,1,1,1785715352
2026-08-03T00:13:16Z,327,27,2,0,0,0,1,1,1,1785715743
2026-08-03T00:13:16Z,328,10,0,12,0,0,1,1,1,1785714678
2026-08-03T00:13:16Z,329,19,3,0,0,0,1,1,1,1785713713
2026-08-03T00:13:16Z,330,10,2,11,1,0,1,1,1,1785714960
2026-08-03T00:13:16Z,331,3,1,19,1,0,1,1,1,1785714418
2026-08-03T00:13:16Z,332,7,1,11,1,0,1,1,1,1785712002
2026-08-03T00:13:16Z,333,5,4,16,2,0,1,1,1,1785715322
2026-08-03T00:13:16Z,334,14,6,9,0,0,1,1,1,1785713854
2026-08-03T00:13:16Z,335,10,2,11,1,1,1,1,1,1785712208
2026-08-03T00:13:16Z,336,6,1,13,0,0,1,1,1,1785714430
2026-08-03T00:13:16Z,337,3,1,17,3,0,1,1,1,1785715687
2026-08-03T00:13:16Z,338,9,2,9,1,0,1,1,1,1785714487
2026-08-03T00:13:16Z,339,17,1,5,1,0,1,1,1,1785715791
2026-08-03T00:13:16Z,340,8,2,6,1,0,1,1,1,1785715910
2026-08-03T00:13:16Z,341,1,1,18,0,0,1,1,1,1785715794
2026-08-03T00:13:16Z,342,8,2,4,3,0,1,1,1,1785714190
2026-08-03T00:13:16Z,343,16,8,7,0,0,1,1,1,1785715473
2026-08-03T00:13:16Z,344,4,2,19,0,0,1,1,1,1785715220
2026-08-03T00:13:16Z,345,5,0,14,0,0,1,1,1,1785715708
2026-08-03T00:13:16Z,346,8,2,15,0,0,1,1,1,1785715993
2026-08-03T00:13:16Z,347,34,7,5,5,0,1,1,1,1785715991
2026-08-03T00:13:16Z,348,16,0,6,0,1,1,1,1,1785715893
2026-08-03T00:13:16Z,349,4,0,15,0,0,1,1,1,1785714748
2026-08-03T00:13:16Z,350,7,1,18,1,1,1,1,1,1785714659
2026-08-03T00:13:16Z,351,3,1,18,2,0,1,1,1,1785715992
2026-08-03T00:13:16Z,355,11,3,12,0,0,1,1,1,1785712531
2026-08-03T00:13:16Z,356,5,0,14,0,0,1,1,1,1785715968
2026-08-03T00:13:16Z,357,6,6,13,0,0,1,1,1,1785715540
2026-08-03T00:13:16Z,358,21,3,6,0,0,1,1,1,1785714206
2026-08-03T00:13:16Z,359,11,1,16,0,0,1,1,1,1785715007
2026-08-03T00:13:16Z,360,8,4,11,0,0,1,1,1,1785715179
2026-08-03T00:13:16Z,362,15,7,4,0,0,1,1,1,1785714482
2026-08-03T00:13:16Z,363,6,0,21,0,0,1,1,1,1785715872
2026-08-03T00:13:16Z,364,4,0,13,2,0,1,1,1,1785714209
2026-08-03T00:13:16Z,365,8,7,11,4,0,1,1,1,1785715775
2026-08-03T00:13:16Z,366,2,1,20,1,0,1,1,1,1785715471
2026-08-03T00:13:16Z,367,11,7,7,1,0,1,1,1,1785714874
2026-08-03T00:13:16Z,368,22,0,0,1,0,1,1,1,1785715035
2026-08-03T00:13:16Z,370,21,14,6,0,0,1,1,1,1785715533
2026-08-03T00:13:16Z,371,11,1,6,2,0,1,1,1,1785713638
2026-08-03T00:13:16Z,372,13,2,1,1,0,1,1,1,1785715838
2026-08-03T00:13:16Z,373,12,1,12,3,0,1,1,1,1785713489
2026-08-03T00:13:16Z,374,14,5,4,1,0,1,1,1,1785714418
2026-08-03T00:13:16Z,375,20,2,4,3,0,1,1,1,1785715515
2026-08-03T00:13:16Z,376,13,1,24,2,0,1,1,1,1785715470
2026-08-03T00:13:16Z,377,15,0,11,1,0,1,1,1,1785715000
2026-08-03T00:13:16Z,378,1,0,21,1,1,1,1,1,1785715961
2026-08-03T00:13:16Z,379,22,4,5,0,0,1,1,1,1785715440
2026-08-03T00:13:16Z,380,20,6,3,0,0,1,1,1,1785714327
2026-08-03T00:13:16Z,381,4,0,19,0,0,1,1,1,1785715512
2026-08-03T00:13:16Z,383,3,1,11,1,0,1,1,1,1785715941
2026-08-03T00:13:16Z,384,26,2,1,0,0,1,1,1,1785715621
2026-08-03T00:13:16Z,385,10,1,8,0,0,1,1,1,1785715486
2026-08-03T00:13:16Z,387,15,2,7,1,0,1,1,1,1785715287
2026-08-03T00:13:16Z,388,9,2,37,3,0,1,1,1,1785715976
2026-08-03T00:13:16Z,389,0,0,14,1,0,1,1,1,1785707165
2026-08-03T00:13:16Z,390,23,2,12,0,0,1,1,1,1785715111
2026-08-03T00:13:16Z,391,7,2,8,0,0,1,1,1,1785710470
2026-08-03T00:13:16Z,392,7,2,10,2,0,1,1,1,1785715898
2026-08-03T00:13:16Z,393,1,0,8,2,0,1,1,1,1785709017
2026-08-03T00:13:16Z,394,6,4,5,2,0,1,1,1,1785715167
2026-08-03T00:13:16Z,396,1,1,40,1,0,1,1,1,1785715296
2026-08-03T00:13:16Z,397,19,2,12,0,0,1,1,1,1785714812
2026-08-03T00:13:16Z,399,4,0,11,2,0,1,1,1,1785715981
2026-08-03T00:13:16Z,400,12,9,9,2,0,1,1,1,1785714791
2026-08-03T00:13:16Z,401,5,1,34,0,0,1,1,1,1785715739
2026-08-03T00:13:16Z,403,27,20,2,2,0,1,1,1,1785715695
2026-08-03T00:13:16Z,404,17,1,5,1,0,1,1,1,1785715416
2026-08-03T00:13:16Z,406,7,3,27,1,0,1,1,1,1785715708
2026-08-03T00:13:16Z,407,1,0,33,0,0,1,1,1,1785714657
2026-08-03T00:13:16Z,408,16,6,15,2,0,1,1,1,1785715955
2026-08-03T00:13:16Z,409,2,0,19,2,0,1,1,1,1785712936
2026-08-03T00:13:16Z,413,8,5,14,0,1,1,1,1,1785715546
2026-08-03T00:13:16Z,414,8,1,6,1,0,1,1,1,1785715905
2026-08-03T00:13:16Z,417,14,4,5,0,0,1,1,1,1785715149
2026-08-03T00:13:16Z,418,9,4,5,1,0,1,1,1,1785714473
2026-08-03T00:13:16Z,419,21,0,2,0,0,1,1,1,1785711682
2026-08-03T00:13:16Z,421,8,1,11,0,0,1,1,1,1785714216
2026-08-03T00:13:16Z,422,14,2,13,0,0,1,1,1,1785715188
2026-08-03T00:13:16Z,423,20,0,3,0,0,1,1,1,1785711659
2026-08-03T00:13:16Z,424,5,1,7,3,0,1,1,1,1785715747
2026-08-03T00:13:16Z,425,8,0,13,0,1,1,1,1,1785715300
2026-08-03T00:13:16Z,426,1,0,35,1,0,1,1,1,1785714999
2026-08-03T00:13:16Z,427,5,0,9,1,0,1,1,1,1785715750
2026-08-03T00:13:16Z,428,11,0,8,0,0,1,1,1,1785715629
2026-08-03T00:13:16Z,429,13,2,7,3,0,1,1,1,1785715836
2026-08-03T00:13:16Z,430,19,1,8,4,0,1,1,1,1785715963
2026-08-03T00:13:16Z,431,26,0,6,1,0,1,1,1,1785713009
2026-08-03T00:13:16Z,432,0,0,30,1,0,0,1,1,1785508564
2026-08-03T00:13:16Z,433,9,4,11,3,0,1,1,1,1785713233
2026-08-03T00:13:16Z,437,18,12,0,1,0,1,1,1,1785715113
2026-08-03T00:13:16Z,438,5,1,12,2,0,1,1,1,1785715708
2026-08-03T00:13:16Z,439,5,0,8,2,0,1,1,1,1785712714
2026-08-03T00:13:16Z,440,15,3,0,0,0,1,1,1,1785713607
2026-08-03T00:13:16Z,441,5,0,4,6,0,1,1,1,1785715340
2026-08-03T00:13:16Z,442,6,0,12,1,0,1,1,1,1785706313
2026-08-03T00:13:16Z,443,3,1,24,0,0,1,1,1,1785681142
2026-08-03T00:13:16Z,444,2,1,21,0,0,1,1,1,1785709563
2026-08-03T00:13:16Z,445,8,1,14,1,0,1,1,1,1785715689
2026-08-03T00:13:16Z,446,6,0,17,0,0,1,1,1,1785709514
2026-08-03T00:13:16Z,447,3,0,18,1,1,1,1,1,1785689470
2026-08-03T00:13:16Z,448,2,0,12,1,0,1,1,1,1785715369
2026-08-03T00:13:16Z,452,17,0,1,1,0,1,1,1,1785714612
2026-08-03T00:13:16Z,453,9,5,1,5,0,1,1,1,1785715695
2026-08-03T00:13:16Z,454,14,1,5,0,0,1,1,1,1785715877
2026-08-03T00:13:16Z,455,1,0,38,0,0,1,1,1,1785713306
2026-08-03T00:13:16Z,456,14,0,4,2,0,1,1,1,1785715990
2026-08-03T00:13:16Z,457,13,1,11,3,0,1,1,1,1785713896
2026-08-03T00:13:16Z,458,16,0,5,2,0,1,1,1,1785715090
2026-08-03T00:13:16Z,459,5,2,10,0,0,1,1,1,1785713776
2026-08-03T00:13:16Z,460,13,0,10,0,0,1,1,1,1785715833
2026-08-03T00:13:16Z,461,16,0,3,0,0,1,1,1,1785715490
2026-08-03T00:13:16Z,462,4,2,17,0,0,1,1,1,1785713853
2026-08-03T00:13:16Z,463,15,0,4,0,0,1,1,1,1785710910
2026-08-03T00:13:16Z,464,0,0,13,1,0,1,1,1,1785712280
2026-08-03T00:13:16Z,465,2,0,13,0,0,1,1,1,1785710508
2026-08-03T00:13:16Z,466,1,1,12,2,0,1,1,1,1785715465
2026-08-03T00:13:16Z,467,2,1,17,0,0,1,1,1,1785712798
2026-08-03T00:13:16Z,468,4,0,14,1,0,1,1,1,1785706929
2026-08-03T00:13:16Z,469,8,2,15,0,0,1,1,1,1785715950
2026-08-03T00:13:16Z,470,14,1,0,1,0,1,1,1,1785703758
2026-08-03T00:13:16Z,471,18,0,9,0,0,1,1,1,1785709288
2026-08-03T00:13:16Z,472,12,5,5,2,0,1,1,1,1785715831
2026-08-03T00:13:16Z,473,10,3,8,1,0,1,1,1,1785708322
2026-08-03T00:13:16Z,474,11,0,7,1,0,1,1,1,1785715627
2026-08-03T00:13:16Z,475,8,2,10,1,0,1,1,1,1785714827
2026-08-03T00:13:16Z,477,4,2,11,0,0,1,1,1,1785709578
2026-08-03T00:13:16Z,478,17,2,14,0,0,1,1,1,1785715977
2026-08-03T00:13:16Z,479,15,1,11,1,0,1,1,1,1785715114
2026-08-03T00:13:16Z,480,10,1,1,4,0,1,1,1,1785715019
2026-08-03T00:13:16Z,481,3,0,31,1,0,1,1,1,1785715831
2026-08-03T00:13:16Z,482,12,1,6,1,0,1,1,1,1785714882
2026-08-03T00:13:16Z,483,4,0,21,2,0,1,1,1,1785715894
2026-08-03T00:13:16Z,484,2,0,16,1,0,1,1,1,1785715972
2026-08-03T00:13:16Z,485,6,3,11,1,1,1,1,1,1785715836
2026-08-03T00:13:16Z,486,2,0,22,3,0,1,1,1,1785715913
2026-08-03T00:13:16Z,487,5,1,12,2,0,1,1,1,1785715485
2026-08-03T00:13:16Z,489,8,7,7,0,0,1,1,1,1785715791
2026-08-03T00:13:16Z,490,6,0,8,2,0,1,1,1,1785714890
2026-08-03T00:13:16Z,491,14,1,5,2,0,1,1,1,1785714054
2026-08-03T00:13:16Z,492,4,1,4,3,0,1,1,1,1785715992
2026-08-03T00:13:16Z,493,2,0,25,0,0,1,1,1,1785715490
2026-08-03T00:13:16Z,495,4,1,6,5,0,1,1,1,1785715798
2026-08-03T00:13:16Z,496,4,0,23,0,0,1,1,1,1785715175
2026-08-03T00:13:16Z,497,9,0,9,0,0,1,1,1,1785714945
2026-08-03T00:13:16Z,498,12,2,11,0,0,1,1,1,1785715672
2026-08-03T00:13:16Z,499,11,0,8,0,0,1,1,1,1785715649
2026-08-03T00:13:16Z,500,10,3,4,1,0,1,1,1,1785715168
2026-08-03T00:13:16Z,501,19,11,1,1,0,1,1,1,1785714265
2026-08-03T00:13:16Z,502,8,2,11,0,0,1,1,1,1785714272
2026-08-03T00:13:16Z,503,6,0,22,3,0,1,1,1,1785715861
2026-08-03T00:13:16Z,504,0,0,39,0,0,1,1,1,1785715722
2026-08-03T00:13:16Z,505,11,1,0,1,0,1,1,1,1785715765
2026-08-03T00:13:16Z,511,5,2,17,1,0,1,1,1,1785710308
2026-08-03T00:13:16Z,512,7,0,20,0,0,1,1,1,1785713876
2026-08-03T00:13:16Z,514,9,4,0,2,0,1,1,1,1785711542
2026-08-03T00:13:16Z,515,13,3,5,1,0,1,1,1,1785713720
2026-08-03T00:13:16Z,516,0,0,27,0,0,1,1,1,1785710859
2026-08-03T00:13:16Z,517,6,4,14,3,0,1,1,1,1785715886
2026-08-03T00:13:16Z,518,12,2,1,2,0,1,1,1,1785714756
2026-08-03T00:13:16Z,519,4,0,14,1,0,1,1,1,1785701023
2026-08-03T00:13:16Z,520,13,3,2,11,1,1,1,1,1785715988
2026-08-03T00:13:16Z,521,7,2,16,0,0,1,1,1,1785714252
2026-08-03T00:13:16Z,522,16,1,7,0,0,1,1,1,1785715851
2026-08-03T00:13:16Z,523,3,2,19,1,0,1,1,1,1785711813
2026-08-03T00:13:16Z,524,10,1,11,2,0,1,1,1,1785715729
2026-08-03T00:13:16Z,525,7,0,12,0,0,1,1,1,1785712547
2026-08-03T00:13:16Z,526,3,2,12,0,0,1,1,1,1785715578
2026-08-03T00:13:16Z,527,5,3,21,0,0,1,1,1,1785713521
2026-08-03T00:13:16Z,528,14,3,9,0,0,1,1,1,1785715635
2026-08-03T00:13:16Z,530,14,1,4,3,0,1,1,1,1785715613
2026-08-03T00:13:16Z,531,20,2,2,0,1,1,1,1,1785714421
2026-08-03T00:13:16Z,532,12,4,18,1,0,1,1,1,1785715115
2026-08-03T00:13:16Z,533,7,0,11,1,0,1,1,1,1785713414
2026-08-03T00:13:16Z,534,1,1,21,1,0,1,1,1,1785715414
2026-08-03T00:13:16Z,535,5,0,10,0,0,1,1,1,1785715870
2026-08-03T00:13:16Z,536,5,0,18,0,0,1,1,1,1785715570
2026-08-03T00:13:16Z,537,13,4,7,0,0,1,1,1,1785715400
2026-08-03T00:13:16Z,538,4,1,17,1,1,1,1,1,1785715866
2026-08-03T00:13:16Z,539,8,0,21,2,0,1,1,1,1785714126
2026-08-03T00:13:16Z,540,9,3,10,0,0,1,1,1,1785715634
2026-08-03T00:13:16Z,541,26,1,0,1,0,1,1,1,1785715562
2026-08-03T00:13:16Z,542,11,3,12,0,0,1,1,1,1785715050
2026-08-03T00:13:16Z,543,5,0,12,2,0,1,1,1,1785715233
2026-08-03T00:13:16Z,544,12,2,7,3,0,1,1,1,1785714910
2026-08-03T00:13:16Z,545,15,0,0,4,0,1,1,1,1785713901
2026-08-03T00:13:16Z,546,6,2,13,0,0,1,1,1,1785714847
2026-08-03T00:13:16Z,547,5,0,20,0,0,1,1,1,1785711947
2026-08-03T00:13:16Z,548,16,0,7,0,0,1,1,1,1785713924
2026-08-03T00:13:16Z,549,10,0,13,0,0,1,1,1,1785715635
2026-08-03T00:13:16Z,550,6,3,13,0,0,1,1,1,1785715827
2026-08-03T00:13:16Z,551,4,3,19,0,0,1,1,1,1785705192
2026-08-03T00:13:16Z,552,22,1,4,1,0,1,1,1,1785715315
2026-08-03T00:13:16Z,553,1,0,22,0,0,1,1,1,1785715963
2026-08-03T00:13:16Z,554,8,4,10,1,0,1,1,1,1785715676
2026-08-03T00:13:16Z,555,6,3,8,1,0,1,1,1,1785713038
2026-08-03T00:13:16Z,556,20,3,1,2,0,1,1,1,1785715768
2026-08-03T00:13:16Z,557,5,1,16,2,0,1,1,1,1785715655
2026-08-03T00:13:16Z,558,24,1,13,0,0,1,1,1,1785715963
2026-08-03T00:13:16Z,559,4,1,14,1,0,1,1,1,1785705795
2026-08-03T00:13:16Z,560,8,0,17,2,0,1,1,1,1785715986
2026-08-03T00:13:16Z,561,11,2,11,1,0,1,1,1,1785714350
2026-08-03T00:13:16Z,562,2,2,30,3,0,1,1,1,1785714901
2026-08-03T00:13:16Z,563,6,0,8,0,0,1,1,1,1785714500
2026-08-03T00:13:16Z,564,17,0,2,0,0,1,1,1,1785710611
2026-08-03T00:13:16Z,565,1,0,18,0,0,1,1,1,1785714315
2026-08-03T00:13:16Z,566,5,0,13,1,0,1,1,1,1785715769
2026-08-03T00:13:16Z,567,5,1,21,1,0,1,1,1,1785708169
2026-08-03T00:13:16Z,568,11,0,7,1,0,1,1,1,1785715634
2026-08-03T00:13:16Z,569,1,1,18,0,0,1,1,1,1785715522
2026-08-03T00:13:16Z,570,1,0,17,1,0,1,1,1,1785715906
2026-08-03T00:13:16Z,571,9,2,13,1,0,1,1,1,1785714736
2026-08-03T00:13:16Z,572,11,4,7,1,0,1,1,1,1785715538
2026-08-03T00:13:16Z,573,5,3,9,1,0,1,1,1,1785714452
2026-08-03T00:13:16Z,574,4,0,11,0,0,1,1,1,1785713784
2026-08-03T00:13:16Z,575,10,1,10,1,0,1,1,1,1785715533
2026-08-03T00:13:16Z,576,16,0,3,0,0,1,1,1,1785712044
2026-08-03T00:13:16Z,577,11,0,19,1,0,1,1,1,1785715367
2026-08-03T00:13:16Z,578,9,2,13,1,0,1,1,1,1785715885
2026-08-03T00:13:16Z,579,9,1,34,0,0,1,1,1,1785715909
2026-08-03T00:13:16Z,580,1,0,27,1,0,1,1,1,1785714651
2026-08-03T00:13:16Z,581,6,0,12,1,0,1,1,1,1785715899
2026-08-03T00:13:16Z,582,23,4,36,2,0,1,1,1,1785715775
2026-08-03T00:13:16Z,583,5,2,17,1,0,1,1,1,1785715772
2026-08-03T00:13:16Z,584,6,1,9,4,0,1,1,1,1785715624
2026-08-03T00:13:16Z,585,19,1,7,0,1,1,1,1,1785714556
2026-08-03T00:13:16Z,586,28,3,7,0,0,1,1,1,1785715830
2026-08-03T00:13:16Z,587,5,0,18,1,0,1,1,1,1785715255
2026-08-03T00:13:16Z,588,0,0,0,13,6,1,1,1,1785715872
2026-08-03T00:13:16Z,589,9,5,13,0,0,1,1,1,1785715718
2026-08-03T00:13:16Z,590,16,1,15,0,0,1,1,1,1785715654
2026-08-03T00:13:16Z,591,18,2,10,2,0,1,1,1,1785715884
2026-08-03T00:13:16Z,592,4,0,19,0,0,1,1,1,1785714626
2026-08-03T00:13:16Z,593,8,0,30,0,0,1,1,1,1785709341
2026-08-03T00:13:16Z,594,0,0,19,2,0,1,1,1,1785714994
2026-08-03T00:13:16Z,595,0,0,3,0,0,0,1,1,1784046673
2026-08-03T00:13:16Z,605,0,0,2,1,0,0,1,1,1783975843
2026-08-03T00:13:16Z,606,0,0,0,0,0,0,1,1,86400
2026-08-03T00:13:16Z,607,29,0,1,2,0,1,1,1,1785714966
2026-08-03T00:13:16Z,608,3,3,47,0,0,1,1,1,1785714316
2026-08-03T00:13:16Z,609,8,5,15,0,0,1,1,1,1785715692
2026-08-03T00:13:16Z,610,1,0,34,0,0,1,1,1,1785712863
2026-08-03T00:13:16Z,611,2,2,25,0,0,1,1,1,1785715238
2026-08-03T00:13:16Z,612,6,2,9,0,0,1,1,1,1785711987
2026-08-03T00:13:16Z,613,2,1,11,2,0,1,1,1,1785714599
2026-08-03T00:13:16Z,614,8,5,15,3,1,1,1,1,1785715099
2026-08-03T00:13:16Z,617,8,0,6,1,0,1,1,1,1785715256
2026-08-03T00:13:16Z,618,10,5,5,4,0,1,1,1,1785714686
2026-08-03T00:13:16Z,619,15,1,4,0,0,1,1,1,1785715400
2026-08-03T00:13:16Z,620,4,0,23,0,0,1,1,1,1785715762
2026-08-03T00:13:16Z,621,16,0,7,0,0,1,1,1,1785715616
2026-08-03T00:13:16Z,622,10,3,11,2,0,1,1,1,1785714422
2026-08-03T00:13:16Z,623,1,0,28,1,0,1,1,1,1785713834
2026-08-03T00:13:16Z,624,0,0,14,1,0,1,1,1,1785707524
2026-08-03T00:13:16Z,625,7,3,8,6,0,1,1,1,1785714610
2026-08-03T00:13:16Z,626,0,0,45,0,2,1,1,1,1785713372
2026-08-03T00:13:16Z,627,11,7,8,0,0,1,1,1,1785705519
2026-08-03T00:13:16Z,628,11,5,5,2,1,1,1,1,1785715850
2026-08-03T00:13:16Z,629,5,4,5,1,0,1,1,1,1785715718
2026-08-03T00:13:16Z,630,13,0,10,4,0,1,1,1,1785715821
2026-08-03T00:13:16Z,631,4,0,19,0,0,1,1,1,1785712383
2026-08-03T00:13:16Z,632,12,2,8,3,0,1,1,1,1785712132
2026-08-03T00:13:16Z,633,9,2,5,1,0,1,1,1,1785714698
2026-08-03T00:13:16Z,634,8,2,11,0,0,1,1,1,1785702562
2026-08-03T00:13:16Z,635,17,4,2,0,0,1,1,1,1785713770
2026-08-03T00:13:16Z,636,11,1,4,0,0,1,1,1,1785696307
2026-08-03T00:13:16Z,637,12,8,4,3,0,1,1,1,1785710473
2026-08-03T00:13:16Z,638,8,3,8,3,0,1,1,1,1785713067
2026-08-03T00:13:16Z,639,9,1,8,2,0,1,1,1,1785712749
2026-08-03T00:13:16Z,640,16,11,5,2,0,1,1,1,1785715783
2026-08-03T00:13:16Z,641,16,1,10,1,0,1,1,1,1785715942
2026-08-03T00:13:16Z,642,1,1,4,11,3,1,1,1,1785715985
2026-08-03T00:13:16Z,643,0,0,19,8,0,1,1,1,1785715991
2026-08-03T00:13:16Z,644,10,4,5,0,0,1,1,1,1785709226
2026-08-03T00:13:16Z,645,18,3,4,0,1,1,1,1,1785714074
2026-08-03T00:13:16Z,646,7,0,11,1,0,1,1,1,1785713742
2026-08-03T00:13:16Z,647,21,1,10,0,0,1,1,1,1785714841
2026-08-03T00:13:16Z,648,3,0,15,1,0,1,1,1,1785712172
2026-08-03T00:13:16Z,649,25,1,6,0,0,1,1,1,1785713764
2026-08-03T00:13:16Z,650,4,0,10,0,0,1,1,1,1785701495
2026-08-03T00:13:16Z,651,5,4,18,0,0,1,1,1,1785715426
2026-08-03T00:13:16Z,652,7,3,14,2,0,1,1,1,1785715741
2026-08-03T00:13:16Z,653,13,1,5,1,0,1,1,1,1785702565
2026-08-03T00:13:16Z,654,3,2,11,1,0,1,1,1,1785715993
2026-08-03T00:13:16Z,655,0,0,1,8,4,1,1,1,1785715694
2026-08-03T00:13:16Z,656,18,3,1,0,0,1,1,1,1785715851
2026-08-03T00:13:16Z,657,1,0,11,3,2,1,1,1,1785715747
2026-08-03T00:13:16Z,658,4,0,1,4,1,1,1,1,1785715721
2026-08-03T00:13:16Z,659,9,7,4,2,0,1,1,1,1785714245
2026-08-03T00:13:16Z,660,18,1,6,7,0,1,1,1,1785715989
2026-08-03T00:13:16Z,661,9,3,8,2,0,1,1,1,1785715374
2026-08-03T00:13:16Z,662,6,4,15,2,0,1,1,1,1785715879
2026-08-03T00:13:16Z,663,8,1,7,0,0,1,1,1,1785715561
2026-08-03T00:13:16Z,664,3,0,24,0,0,1,1,1,1785715774
2026-08-03T00:13:16Z,665,7,2,7,1,0,1,1,1,1785715965
2026-08-03T00:13:16Z,666,6,2,6,3,0,1,1,1,1785712008
2026-08-03T00:13:16Z,667,5,1,13,1,0,1,1,1,1785715927
2026-08-03T00:13:16Z,668,15,0,4,0,0,1,1,1,1785714441
2026-08-03T00:13:16Z,669,1,0,12,1,0,1,1,1,1785713598
2026-08-03T00:13:16Z,670,20,2,5,2,0,1,1,1,1785713611
2026-08-03T00:13:16Z,671,23,2,3,1,0,1,1,1,1785715633
2026-08-03T00:13:16Z,672,15,1,4,3,1,1,1,1,1785714183
2026-08-03T00:13:16Z,673,18,0,4,1,0,1,1,1,1785715360
2026-08-03T00:13:16Z,674,0,0,20,3,0,1,1,1,1785715980
2026-08-03T00:13:16Z,675,7,6,6,2,0,1,1,1,1785715955
2026-08-03T00:13:16Z,676,9,1,13,0,0,1,1,1,1785714771
2026-08-03T00:13:16Z,681,11,3,3,0,1,1,1,1,1785715233
2026-08-03T00:13:16Z,682,3,1,15,1,0,1,1,1,1785683408
2026-08-03T00:13:16Z,683,4,2,15,0,0,1,1,1,1785715539
2026-08-03T00:13:16Z,684,1,0,26,0,0,1,1,1,1785660807
2026-08-03T00:13:16Z,685,5,1,20,1,1,1,1,1,1785705171
2026-08-03T00:13:16Z,686,10,0,15,2,0,1,1,1,1785715866
2026-08-03T00:13:16Z,687,12,1,16,2,1,1,1,1,1785715873
2026-08-03T00:13:16Z,688,13,5,6,0,0,1,1,1,1785705960
2026-08-03T00:13:16Z,692,11,6,9,1,0,1,1,1,1785715523
2026-08-03T00:13:16Z,693,7,1,1,3,0,1,1,1,1785715320
2026-08-03T00:13:16Z,694,5,1,16,0,0,1,1,1,1785715606
2026-08-03T00:13:16Z,695,19,9,4,0,0,1,1,1,1785714919
2026-08-03T00:13:16Z,696,17,10,6,0,0,1,1,1,1785714295
2026-08-03T00:13:16Z,697,20,3,3,0,0,1,1,1,1785715520
2026-08-03T00:13:16Z,698,15,1,11,1,0,1,1,1,1785715748
2026-08-03T00:13:16Z,699,8,0,7,0,0,1,1,1,1785715721
2026-08-03T00:13:16Z,700,13,0,3,3,0,1,1,1,1785714940
2026-08-03T00:13:16Z,701,10,2,9,0,0,1,1,1,1785715903
2026-08-03T00:13:16Z,702,20,0,3,0,0,1,1,1,1785715221
2026-08-03T00:13:16Z,704,8,3,7,0,0,1,1,1,1785715055
2026-08-03T00:13:16Z,705,9,3,5,1,0,1,1,1,1785715358
2026-08-03T00:13:16Z,706,12,4,1,2,0,1,1,1,1785715773
2026-08-03T00:13:16Z,707,14,1,0,1,0,1,1,1,1785691406
2026-08-03T00:13:16Z,708,12,0,7,0,0,1,1,1,1785714845
2026-08-03T00:13:16Z,709,10,3,4,1,0,1,1,1,1785714791
2026-08-03T00:13:16Z,710,12,3,7,0,0,1,1,1,1785715898
2026-08-03T00:13:16Z,711,8,4,12,3,0,1,1,1,1785714349
2026-08-03T00:13:16Z,712,2,0,12,1,0,1,1,1,1785715744
2026-08-03T00:13:16Z,713,6,1,17,0,0,1,1,1,1785715356
2026-08-03T00:13:16Z,716,5,4,9,1,0,1,1,1,1785714893
2026-08-03T00:13:16Z,717,12,6,12,1,0,1,1,1,1785714609
2026-08-03T00:13:16Z,718,7,2,8,0,0,1,1,1,1785715573
2026-08-03T00:13:16Z,719,19,0,10,0,0,1,1,1,1785715697
2026-08-03T00:13:16Z,720,6,2,13,0,0,1,1,1,1785714424
2026-08-03T00:13:16Z,721,15,1,7,1,0,1,1,1,1785715710
2026-08-03T00:13:16Z,722,7,0,7,1,0,1,1,1,1785714257
2026-08-03T00:13:16Z,723,11,2,12,0,0,1,1,1,1785715013
2026-08-03T00:13:16Z,724,2,0,21,0,0,1,1,1,1785715810
2026-08-03T00:13:16Z,725,10,0,13,0,0,1,1,1,1785715506
2026-08-03T00:13:16Z,726,5,1,13,1,0,1,1,1,1785715747
2026-08-03T00:13:16Z,727,9,5,13,1,0,1,1,1,1785715676
2026-08-03T00:13:16Z,728,7,1,7,1,0,1,1,1,1785714709
2026-08-03T00:13:16Z,729,11,0,8,0,0,1,1,1,1785712209
2026-08-03T00:13:16Z,730,7,4,8,0,0,1,1,1,1785715313
2026-08-03T00:13:16Z,731,10,0,3,2,0,1,1,1,1785714604
2026-08-03T00:13:16Z,732,9,0,6,0,0,1,1,1,1785715498
2026-08-03T00:13:16Z,733,1,0,25,1,0,1,1,1,1785715112
2026-08-03T00:13:16Z,734,11,2,3,0,0,1,1,1,1785715164
2026-08-03T00:13:16Z,735,9,1,17,1,0,1,1,1,1785714751
2026-08-03T00:13:16Z,736,17,1,2,0,0,1,1,1,1785715038
2026-08-03T00:13:16Z,737,5,2,8,1,1,1,1,1,1785715547
2026-08-03T00:13:16Z,738,17,1,1,1,0,1,1,1,1785715025
2026-08-03T00:13:16Z,739,9,2,17,1,0,1,1,1,1785715421
2026-08-03T00:13:16Z,741,7,0,16,0,0,1,1,1,1785714975
2026-08-03T00:13:16Z,742,14,3,21,0,0,1,1,1,1785715968
2026-08-03T00:13:16Z,743,7,0,10,2,0,1,1,1,1785715544
2026-08-03T00:13:16Z,744,5,1,9,1,0,1,1,1,1785715953
2026-08-03T00:13:16Z,745,7,2,10,2,0,1,1,1,1785715412
2026-08-03T00:13:16Z,746,5,2,18,0,0,1,1,1,1785715192
2026-08-03T00:13:16Z,747,0,0,4,0,0,0,1,1,1783446606
2026-08-03T00:13:16Z,748,9,0,14,0,0,1,1,1,1785714663
2026-08-03T00:13:16Z,749,19,3,4,0,0,1,1,1,1785715910
2026-08-03T00:13:16Z,750,7,5,4,0,0,1,1,1,1785715903
2026-08-03T00:13:16Z,751,18,9,4,1,0,1,1,1,1785715880
2026-08-03T00:13:16Z,752,8,6,8,1,0,1,1,1,1785711060
2026-08-03T00:13:16Z,753,6,1,9,0,0,1,1,1,1785715474
2026-08-03T00:13:16Z,754,2,0,13,0,0,1,1,1,1785715404
2026-08-03T00:13:16Z,755,15,4,6,2,0,1,1,1,1785714367
2026-08-03T00:13:16Z,756,12,3,24,1,0,1,1,1,1785715609
2026-08-03T00:13:16Z,757,14,9,4,1,0,1,1,1,1785714353
2026-08-03T00:13:16Z,758,20,4,3,0,0,1,1,1,1785715988
2026-08-03T00:13:16Z,759,6,5,9,0,0,1,1,1,1785715857
2026-08-03T00:13:16Z,760,6,1,13,0,0,1,1,1,1785679974
2026-08-03T00:13:16Z,761,18,7,5,0,0,1,1,1,1785715119
2026-08-03T00:13:16Z,762,6,2,7,2,0,1,1,1,1785714399
2026-08-03T00:13:16Z,768,12,1,4,3,0,1,1,1,1785715703
2026-08-03T00:13:16Z,769,18,13,1,0,0,1,1,1,1785715810
2026-08-03T00:13:16Z,770,7,2,10,2,0,1,1,1,1785715249
2026-08-03T00:13:16Z,771,12,2,2,1,0,1,1,1,1785714507
2026-08-03T00:13:16Z,772,13,2,1,1,0,1,1,1,1785714965
2026-08-03T00:13:16Z,773,7,5,11,1,0,1,1,1,1785715807
2026-08-03T00:13:16Z,774,11,6,3,1,0,1,1,1,1785715432
2026-08-03T00:13:16Z,775,6,0,11,2,0,1,1,1,1785715306
2026-08-03T00:13:16Z,776,2,0,18,1,0,1,1,1,1785715744
2026-08-03T00:13:16Z,777,4,1,11,0,0,1,1,1,1785715146
2026-08-03T00:13:16Z,778,11,1,8,0,0,1,1,1,1785715099
2026-08-03T00:13:16Z,779,13,0,6,0,0,1,1,1,1785715094
2026-08-03T00:13:16Z,780,10,2,6,3,0,1,1,1,1785715771
2026-08-03T00:13:16Z,781,0,0,6,5,0,1,1,1,1785715229
2026-08-03T00:13:16Z,782,6,0,10,3,0,1,1,1,1785714848
2026-08-03T00:13:16Z,783,6,1,12,1,0,1,1,1,1785715770
2026-08-03T00:13:16Z,784,0,0,17,2,0,1,1,1,1785715738
2026-08-03T00:13:16Z,785,11,2,2,6,0,1,1,1,1785714517
2026-08-03T00:13:16Z,786,6,3,13,0,0,1,1,1,1785715935
2026-08-03T00:13:16Z,787,4,3,10,1,0,1,1,1,1785715138
2026-08-03T00:13:16Z,788,4,3,11,0,0,1,1,1,1785714399
2026-08-03T00:13:16Z,789,8,3,5,2,0,1,1,1,1785714478
2026-08-03T00:13:16Z,790,5,3,18,0,0,1,1,1,1785715976
2026-08-03T00:13:16Z,791,16,3,2,0,1,1,1,1,1785715455
2026-08-03T00:13:16Z,793,5,1,9,1,0,1,1,1,1785714528
2026-08-03T00:13:16Z,794,18,5,7,4,0,1,1,1,1785715993
2026-08-03T00:13:16Z,796,10,1,8,1,0,1,1,1,1785714825
2026-08-03T00:13:16Z,797,1,0,14,0,0,1,1,1,1785709083
2026-08-03T00:13:16Z,798,0,0,23,2,0,1,1,1,1785715278
2026-08-03T00:13:16Z,799,6,0,10,3,0,1,1,1,1785714775
2026-08-03T00:13:16Z,800,13,1,6,2,0,1,1,1,1785715917
2026-08-03T00:13:16Z,801,9,8,11,1,0,1,1,1,1785715395
2026-08-03T00:13:16Z,802,6,2,23,2,0,1,1,1,1785715781
2026-08-03T00:13:16Z,803,5,0,9,1,0,1,1,1,1785714413
2026-08-03T00:13:16Z,806,3,1,11,1,0,1,1,1,1785714461
2026-08-03T00:13:16Z,807,13,3,12,0,0,1,1,1,1785715621
2026-08-03T00:13:16Z,808,6,1,17,2,0,1,1,1,1785714464
2026-08-03T00:13:16Z,809,4,1,18,1,0,1,1,1,1785714943
2026-08-03T00:13:16Z,810,6,1,11,2,0,1,1,1,1785715189
2026-08-03T00:13:16Z,815,3,3,9,2,1,1,1,1,1785715776
2026-08-03T00:13:16Z,817,12,3,3,0,0,1,1,1,1785715787
2026-08-03T00:13:16Z,818,6,0,17,0,0,1,1,1,1785715782
2026-08-03T00:13:16Z,819,9,0,6,0,0,1,1,1,1785704866
2026-08-03T00:13:16Z,820,15,2,2,0,0,1,1,1,1785715498
2026-08-03T00:13:16Z,821,1,0,13,1,0,1,1,1,1785715470
2026-08-03T00:13:16Z,822,3,1,20,0,0,1,1,1,1785715793
2026-08-03T00:13:16Z,823,4,0,11,0,0,1,1,1,1785715989
2026-08-03T00:13:16Z,824,18,15,1,0,0,1,1,1,1785715929
2026-08-03T00:13:16Z,825,4,1,11,0,0,1,1,1,1785713931
2026-08-03T00:13:16Z,826,16,2,1,2,0,1,1,1,1785715980
2026-08-03T00:13:16Z,827,8,2,12,1,0,1,1,1,1785715675
2026-08-03T00:13:16Z,828,17,2,1,0,0,1,1,1,1785715367
2026-08-03T00:13:16Z,829,18,8,9,0,0,1,1,1,1785715193
2026-08-03T00:13:16Z,830,4,1,18,1,0,1,1,1,1785715548
2026-08-03T00:13:16Z,831,7,5,7,1,0,1,1,1,1785715761
2026-08-03T00:13:16Z,832,0,0,16,2,0,1,1,1,1785715980
2026-08-03T00:13:16Z,833,6,2,11,2,0,1,1,1,1785715948
2026-08-03T00:13:16Z,834,3,0,20,1,0,1,1,1,1785715604
2026-08-03T00:13:16Z,835,4,1,12,2,0,1,1,1,1785715872
2026-08-03T00:13:16Z,838,7,4,8,0,0,1,1,1,1785714765
2026-08-03T00:13:16Z,839,3,1,26,0,0,1,1,1,1785714958
2026-08-03T00:13:16Z,840,19,3,8,2,0,1,1,1,1785715954
2026-08-03T00:13:16Z,841,3,0,10,2,0,1,1,1,1785715733
2026-08-03T00:13:16Z,842,9,2,14,0,0,1,1,1,1785714406
2026-08-03T00:13:16Z,843,21,2,9,1,0,1,1,1,1785714657
2026-08-03T00:13:16Z,844,1,0,22,0,0,1,1,1,1785715355
2026-08-03T00:13:16Z,845,6,3,10,3,0,1,1,1,1785715917
2026-08-03T00:13:16Z,846,2,1,15,2,0,1,1,1,1785715545
2026-08-03T00:13:16Z,847,7,1,19,1,0,1,1,1,1785715924
2026-08-03T00:13:16Z,848,5,0,13,1,0,1,1,1,1785711558
2026-08-03T00:13:16Z,849,0,0,14,1,0,1,1,1,1785715185
2026-08-03T00:13:16Z,850,8,0,2,1,0,1,1,1,1785714976
2026-08-03T00:13:16Z,851,22,6,12,3,0,1,1,1,1785714708
2026-08-03T00:13:16Z,852,12,7,7,0,0,1,1,1,1785715911
2026-08-03T00:13:16Z,853,9,4,14,0,0,1,1,1,1785715519
2026-08-03T00:13:16Z,854,9,1,6,0,0,1,1,1,1785715701
2026-08-03T00:13:16Z,855,12,0,15,0,0,1,1,1,1785713020
2026-08-03T00:13:16Z,857,16,11,0,3,0,1,1,1,1785699207
2026-08-03T00:13:16Z,858,5,2,13,1,0,1,1,1,1785714892
2026-08-03T00:13:16Z,859,11,4,9,1,0,1,1,1,1785715729
2026-08-03T00:13:16Z,861,8,1,2,1,0,1,1,1,1785683161
2026-08-03T00:13:16Z,862,10,2,4,1,0,1,1,1,1785715796
2026-08-03T00:13:16Z,863,16,3,2,1,0,1,1,1,1785712746
2026-08-03T00:13:16Z,866,7,0,11,1,0,1,1,1,1785714698
2026-08-03T00:13:16Z,867,7,2,8,0,0,1,1,1,1785715389
2026-08-03T00:13:16Z,868,6,0,8,1,0,1,1,1,1785715797
2026-08-03T00:13:16Z,870,8,2,7,0,0,1,1,1,1785714234
2026-08-03T00:13:16Z,871,0,0,10,1,0,1,1,1,1785715161
2026-08-03T00:13:16Z,872,1,1,13,1,0,1,1,1,1785715952
2026-08-03T00:13:16Z,873,1,1,31,1,0,1,1,1,1785715383
2026-08-03T00:13:16Z,874,6,1,6,3,0,1,1,1,1785715946
2026-08-03T00:13:16Z,875,9,7,5,1,0,1,1,1,1785715458
2026-08-03T00:13:16Z,877,12,12,7,0,0,1,1,1,1785714245
2026-08-03T00:13:16Z,878,4,4,15,0,0,1,1,1,1785714714
2026-08-03T00:13:16Z,879,3,2,16,0,0,1,1,1,1785715510
2026-08-03T00:13:16Z,880,5,1,16,2,0,1,1,1,1785715964
2026-08-03T00:13:16Z,881,7,3,12,0,0,1,1,1,1785714618
2026-08-03T00:13:16Z,882,9,4,9,1,0,1,1,1,1785672846
2026-08-03T00:13:16Z,883,11,5,8,0,0,1,1,1,1785714479
2026-08-03T00:13:16Z,884,9,4,12,0,0,1,1,1,1785714300
2026-08-03T00:13:16Z,885,4,1,15,0,0,1,1,1,1785689211
2026-08-03T00:13:16Z,886,20,5,7,0,0,1,1,1,1785715595
2026-08-03T00:13:16Z,887,3,0,12,2,0,1,1,1,1785714668
2026-08-03T00:13:16Z,888,6,3,33,2,0,1,1,1,1785715935
2026-08-03T00:13:16Z,889,1,0,16,1,1,1,1,1,1785714357
2026-08-03T00:13:16Z,890,8,1,6,1,0,1,1,1,1785707949
2026-08-03T00:13:16Z,891,20,0,2,1,0,1,1,1,1785715835
2026-08-03T00:13:16Z,892,11,2,4,0,0,1,1,1,1785715304
2026-08-03T00:13:16Z,895,3,0,16,0,0,1,1,1,1785690376
2026-08-03T00:13:16Z,896,7,1,26,2,0,1,1,1,1785715792
2026-08-03T00:13:16Z,897,18,0,3,0,0,1,1,1,1785714598
2026-08-03T00:13:16Z,898,1,0,18,0,0,1,1,1,1785715935
2026-08-03T00:13:16Z,899,13,1,6,0,0,1,1,1,1785715734
2026-08-03T00:13:16Z,900,14,2,12,1,0,1,1,1,1785715977
2026-08-03T00:13:16Z,901,6,0,12,1,0,1,1,1,1785715667
2026-08-03T00:13:16Z,902,3,0,12,0,0,1,1,1,1785715663
2026-08-03T00:13:16Z,903,15,0,3,1,0,1,1,1,1785715859
2026-08-03T00:13:16Z,904,10,4,8,1,0,1,1,1,1785714575
2026-08-03T00:13:16Z,905,0,0,27,0,0,1,1,1,1785715977
2026-08-03T00:13:16Z,906,0,0,27,0,0,1,1,1,1785715643
2026-08-03T00:13:16Z,907,13,0,18,0,0,1,1,1,1785715330
2026-08-03T00:13:16Z,908,5,1,18,0,0,1,1,1,1785714742
2026-08-03T00:13:16Z,909,12,4,10,1,0,1,1,1,1785715469
2026-08-03T00:13:16Z,910,10,1,20,1,0,1,1,1,1785715683
2026-08-03T00:13:16Z,911,2,1,17,0,0,1,1,1,1785715860
2026-08-03T00:13:16Z,912,19,0,3,1,0,1,1,1,1785715691
2026-08-03T00:13:16Z,913,6,3,13,0,0,1,1,1,1785715120
2026-08-03T00:13:16Z,914,4,1,15,0,0,1,1,1,1785715267
2026-08-03T00:13:16Z,915,22,1,0,1,0,1,1,1,1785715783
2026-08-03T00:13:16Z,916,20,1,3,0,0,1,1,1,1785715177
2026-08-03T00:13:16Z,917,0,0,35,0,0,1,1,1,1785714681
2026-08-03T00:13:16Z,918,18,3,1,0,0,1,1,1,1785715962
2026-08-03T00:13:16Z,919,11,0,27,1,0,1,1,1,1785715707
2026-08-03T00:13:16Z,920,5,3,14,0,0,1,1,1,1785714720
2026-08-03T00:13:16Z,921,12,0,9,0,0,1,1,1,1785714365
2026-08-03T00:13:16Z,922,5,1,16,0,0,1,1,1,1785715469
2026-08-03T00:13:16Z,923,13,11,6,0,0,1,1,1,1785715979
2026-08-03T00:13:16Z,924,21,3,0,0,0,1,1,1,1785715328
2026-08-03T00:13:16Z,925,10,1,10,1,0,1,1,1,1785715000
2026-08-03T00:13:16Z,926,3,0,18,0,0,1,1,1,1785714755
2026-08-03T00:13:16Z,927,3,3,32,0,0,1,1,1,1785714257
2026-08-03T00:13:16Z,928,0,0,19,0,0,0,1,1,1785500252
2026-08-03T00:13:16Z,929,2,0,21,0,0,1,1,1,1785715897
2026-08-03T00:13:16Z,930,5,0,25,1,0,1,1,1,1785715016
2026-08-03T00:13:16Z,931,2,2,21,0,0,1,1,1,1785715989
2026-08-03T00:13:16Z,932,9,0,7,3,0,1,1,1,1785715569
2026-08-03T00:13:16Z,933,16,1,5,2,0,1,1,1,1785711992
2026-08-03T00:13:16Z,934,9,0,22,0,0,1,1,1,1785715646
2026-08-03T00:13:16Z,935,5,0,12,2,0,1,1,1,1785715228
2026-08-03T00:13:16Z,936,13,0,6,0,0,1,1,1,1785715551
2026-08-03T00:13:16Z,940,1,0,10,0,0,1,1,1,1785711043
2026-08-03T00:13:16Z,941,3,0,20,2,0,1,1,1,1785715330
2026-08-03T00:13:16Z,942,19,4,2,0,0,1,1,1,1785714818
2026-08-03T00:13:16Z,943,9,9,6,0,0,1,1,1,1785715929
2026-08-03T00:13:16Z,944,12,10,3,0,0,1,1,1,1785715907
2026-08-03T00:13:16Z,945,5,5,10,0,0,1,1,1,1785715407
2026-08-03T00:13:16Z,946,7,5,12,0,0,1,1,1,1785683246
2026-08-03T00:13:16Z,947,3,0,14,0,0,1,1,1,1785715914
2026-08-03T00:13:16Z,948,10,9,17,4,0,1,1,1,1785715532
2026-08-03T00:13:16Z,949,2,2,12,1,0,1,1,1,1785715992
2026-08-03T00:13:16Z,950,5,0,10,2,0,1,1,1,1785715838
2026-08-03T00:13:16Z,951,9,1,14,0,0,1,1,1,1785715628
2026-08-03T00:13:16Z,952,37,0,18,0,0,1,1,1,1785715523
2026-08-03T00:13:16Z,953,10,0,5,0,0,1,1,1,1785714989
2026-08-03T00:13:16Z,954,15,4,4,0,0,1,1,1,1785714383
2026-08-03T00:13:16Z,955,10,0,16,1,0,1,1,1,1785715707
2026-08-03T00:13:16Z,956,0,0,23,0,0,1,1,1,1785715960
2026-08-03T00:13:16Z,957,24,0,5,0,0,1,1,1,1785714462
2026-08-03T00:13:16Z,958,16,0,15,0,0,1,1,1,1785715685
2026-08-03T00:13:16Z,959,16,10,6,1,0,1,1,1,1785715242
2026-08-03T00:13:16Z,960,1,0,22,0,0,1,1,1,1785715220
2026-08-03T00:13:16Z,961,15,4,5,3,0,1,1,1,1785715052
2026-08-03T00:13:16Z,962,5,5,27,3,0,1,1,1,1785715197
2026-08-03T00:13:16Z,963,6,0,16,1,0,1,1,1,1785715781
2026-08-03T00:13:16Z,964,23,10,0,0,0,1,1,1,1785715786
2026-08-03T00:13:16Z,965,8,3,17,2,0,1,1,1,1785715562
2026-08-03T00:13:16Z,966,26,1,5,0,0,1,1,1,1785715633
2026-08-03T00:13:16Z,967,7,3,12,1,1,1,1,1,1785715876
2026-08-03T00:13:16Z,968,6,1,13,0,0,1,1,1,1785715280
2026-08-03T00:13:16Z,969,12,1,12,3,0,1,1,1,1785715621
2026-08-03T00:13:16Z,970,8,2,10,1,0,1,1,1,1785715887
2026-08-03T00:13:16Z,971,2,0,20,1,0,1,1,1,1785715011
2026-08-03T00:13:16Z,972,6,4,16,1,0,1,1,1,1785714476
2026-08-03T00:13:16Z,973,9,2,14,0,0,1,1,1,1785714645
2026-08-03T00:13:16Z,974,16,0,11,0,0,1,1,1,1785715362
2026-08-03T00:13:16Z,977,10,3,8,3,0,1,1,1,1785715180
2026-08-03T00:13:16Z,978,9,2,14,0,0,1,1,1,1785715574
2026-08-03T00:13:16Z,979,5,1,12,0,0,1,1,1,1785715878
2026-08-03T00:13:16Z,980,2,0,19,0,0,1,1,1,1785715796
2026-08-03T00:13:16Z,981,0,0,21,0,0,1,1,1,1785715963
2026-08-03T00:13:16Z,982,2,1,14,3,0,1,1,1,1785714277
2026-08-03T00:13:16Z,983,13,2,10,0,0,1,1,1,1785714948
2026-08-03T00:13:16Z,984,6,0,17,0,0,1,1,1,1785714399
2026-08-03T00:13:16Z,985,20,3,10,1,0,1,1,1,1785715471
2026-08-03T00:13:16Z,986,6,2,13,0,0,1,1,1,1785714304
2026-08-03T00:13:16Z,987,7,0,16,0,0,1,1,1,1785715032
2026-08-03T00:13:16Z,988,2,2,17,0,0,1,1,1,1785714553
2026-08-03T00:13:16Z,989,5,3,14,0,0,1,1,1,1785715282
2026-08-03T00:13:16Z,990,13,1,1,1,0,1,1,1,1785714339
2026-08-03T00:13:16Z,991,8,1,9,2,0,1,1,1,1785715813
2026-08-03T00:13:16Z,992,9,3,13,1,0,1,1,1,1785715306
2026-08-03T00:13:16Z,993,20,0,6,1,0,1,1,1,1785715791
2026-08-03T00:13:16Z,994,6,3,14,1,0,1,1,1,1785715726
2026-08-03T00:13:16Z,995,9,2,18,0,0,1,1,1,1785714883
2026-08-03T00:13:16Z,996,5,2,18,0,0,1,1,1,1785714610
2026-08-03T00:13:16Z,997,15,5,6,2,0,1,1,1,1785715208
2026-08-03T00:13:16Z,998,5,2,18,0,0,1,1,1,1785714820
2026-08-03T00:13:16Z,999,8,1,10,2,1,1,1,1,1785714481
2026-08-03T00:13:16Z,1000,0,0,21,0,0,1,1,1,1785715252
2026-08-03T00:13:16Z,1001,9,0,18,0,0,1,1,1,1785715055
2026-08-03T00:13:16Z,1002,5,0,25,1,0,1,1,1,1785714206
2026-08-03T00:13:16Z,1003,1,0,19,3,0,1,1,1,1785714933
2026-08-03T00:13:16Z,1004,11,0,12,0,0,1,1,1,1785715747
2026-08-03T00:13:16Z,1005,23,2,0,0,0,1,1,1,1785714625
2026-08-03T00:13:16Z,1006,15,3,2,2,0,1,1,1,1785715639
2026-08-03T00:13:16Z,1007,3,1,18,0,0,1,1,1,1785715795
2026-08-03T00:13:16Z,1008,8,7,15,0,0,1,1,1,1785715492
2026-08-03T00:13:16Z,1009,20,4,10,1,0,1,1,1,1785715753
2026-08-03T00:13:16Z,1010,7,2,20,0,0,1,1,1,1785714505
2026-08-03T00:13:16Z,1011,7,3,12,0,0,1,1,1,1785714642
2026-08-03T00:13:16Z,1012,5,3,17,1,0,1,1,1,1785714402
2026-08-03T00:13:16Z,1013,4,0,17,2,0,1,1,1,1785714836
2026-08-03T00:13:16Z,1014,7,3,15,1,0,1,1,1,1785714943
2026-08-03T00:13:16Z,1015,6,3,24,1,0,1,1,1,1785715627
2026-08-03T00:13:16Z,1016,10,5,21,0,0,1,1,1,1785714726
2026-08-03T00:13:16Z,1017,16,7,5,0,0,1,1,1,1785715586
2026-08-03T00:13:16Z,1018,3,0,17,2,0,1,1,1,1785714451
2026-08-03T00:13:16Z,1019,7,4,5,3,0,1,1,1,1785715874
2026-08-03T00:13:16Z,1020,10,4,11,0,0,1,1,1,1785715395
2026-08-03T00:13:16Z,1021,8,2,6,1,0,1,1,1,1785714829
2026-08-03T00:13:16Z,1022,15,1,12,0,0,1,1,1,1785714778
2026-08-03T00:13:16Z,1023,12,0,11,0,0,1,1,1,1785714268
2026-08-03T00:13:16Z,1024,2,0,17,0,0,1,1,1,1785715015
2026-08-03T00:13:16Z,1025,3,0,15,0,1,1,1,1,1785714841
2026-08-03T00:13:16Z,1026,14,9,16,1,0,1,1,1,1785715968
2026-08-03T00:13:16Z,1028,5,1,18,0,0,1,1,1,1785714578
2026-08-03T00:13:16Z,1029,9,7,4,2,0,1,1,1,1785715215
2026-08-03T00:13:16Z,1030,13,4,10,0,0,1,1,1,1785715314
2026-08-03T00:13:16Z,1031,10,3,9,0,0,1,1,1,1785715380
2026-08-03T00:13:16Z,1032,10,1,9,0,0,1,1,1,1785714256
2026-08-03T00:13:16Z,1033,11,4,7,1,0,1,1,1,1785715137
2026-08-03T00:13:16Z,1034,0,0,15,0,0,1,1,1,1785715919
2026-08-03T00:13:16Z,1035,1,1,17,1,0,1,1,1,1785715455
2026-08-03T00:13:16Z,1036,13,0,2,0,0,1,1,1,1785714677
2026-08-03T00:13:16Z,1037,2,0,16,1,0,1,1,1,1785714498
2026-08-03T00:13:16Z,1038,3,1,12,0,0,1,1,1,1785715566
2026-08-03T00:13:16Z,1039,2,1,17,0,0,1,1,1,1785714392
2026-08-03T00:13:16Z,1040,13,7,6,0,0,1,1,1,1785714375
2026-08-03T00:13:16Z,1041,14,1,4,1,0,1,1,1,1785715992
2026-08-03T00:13:16Z,1042,4,3,10,1,0,1,1,1,1785715885
2026-08-03T00:13:16Z,1043,12,5,6,1,0,1,1,1,1785715541
2026-08-03T00:13:16Z,1044,0,0,15,0,0,1,1,1,1785715609
2026-08-03T00:13:16Z,1045,11,1,7,1,0,1,1,1,1785714260
2026-08-03T00:13:16Z,1046,9,1,6,0,0,1,1,1,1785715273
2026-08-03T00:13:16Z,1047,9,3,12,0,0,1,1,1,1785715149
2026-08-03T00:13:16Z,1048,3,0,16,0,0,1,1,1,1785714236
2026-08-03T00:13:16Z,1049,4,1,17,0,0,1,1,1,1785714449
2026-08-03T00:13:16Z,1050,15,0,5,1,0,1,1,1,1785715532
2026-08-03T00:13:16Z,1051,11,6,10,0,0,1,1,1,1785715426
2026-08-03T00:13:16Z,1052,20,3,1,1,0,1,1,1,1785714631
2026-08-03T00:13:16Z,1053,2,1,13,0,0,1,1,1,1785715569
2026-08-03T00:13:16Z,1054,13,0,1,1,0,1,1,1,1785714214
2026-08-03T00:13:16Z,1055,15,1,4,0,0,1,1,1,1785714395
2026-08-03T00:13:16Z,1057,8,0,11,0,0,1,1,1,1785715694
2026-08-03T00:13:16Z,1058,6,0,50,0,0,1,1,1,1785715745
2026-08-03T00:13:16Z,1059,5,1,13,1,0,1,1,1,1785715889
2026-08-03T00:13:16Z,1060,20,17,17,0,0,1,1,1,1785715202
2026-08-03T00:13:16Z,1061,32,0,5,0,0,1,1,1,1785715374
2026-08-03T00:13:16Z,1062,12,0,5,0,0,1,1,1,1785714447
2026-08-03T00:13:16Z,1063,9,0,8,2,0,1,1,1,1785715188
2026-08-03T00:13:16Z,1064,6,1,17,0,0,1,1,1,1785714862
2026-08-03T00:13:16Z,1065,12,2,11,0,0,1,1,1,1785715100
2026-08-03T00:13:16Z,1066,13,3,10,0,0,1,1,1,1785714918
2026-08-03T00:13:16Z,1067,8,3,15,0,0,1,1,1,1785715921
2026-08-03T00:13:16Z,1068,5,2,15,3,0,1,1,1,1785714804
2026-08-03T00:13:16Z,1069,12,2,11,0,0,1,1,1,1785714736
2026-08-03T00:13:16Z,1070,11,1,10,2,0,1,1,1,1785714869
2026-08-03T00:13:16Z,1071,6,2,15,2,0,1,1,1,1785714891
2026-08-03T00:13:16Z,1072,9,0,12,2,0,1,1,1,1785715208
2026-08-03T00:13:16Z,1073,26,3,1,0,0,1,1,1,1785714428
2026-08-03T00:13:16Z,1074,25,1,26,2,0,1,1,1,1785715443
2026-08-03T00:13:16Z,1075,9,7,12,0,0,1,1,1,1785715582
2026-08-03T00:13:16Z,1076,11,10,10,0,0,1,1,1,1785715544
2026-08-03T00:13:16Z,1077,11,9,10,0,0,1,1,1,1785715136
2026-08-03T00:13:16Z,1078,10,8,11,0,0,1,1,1,1785715573
2026-08-03T00:13:16Z,1079,10,8,11,0,0,1,1,1,1785714488
2026-08-03T00:13:16Z,1080,10,9,11,0,0,1,1,1,1785714314
2026-08-03T00:13:16Z,1081,10,8,8,1,0,1,1,1,1785715507
2026-08-03T00:13:16Z,1082,15,13,8,0,0,1,1,1,1785714539
2026-08-03T00:13:16Z,1083,10,9,11,0,0,1,1,1,1785714605
2026-08-03T00:13:16Z,1084,9,7,12,0,0,1,1,1,1785714213
2026-08-03T00:13:16Z,1085,12,6,9,0,0,1,1,1,1785714231
2026-08-03T00:13:16Z,1086,9,7,12,0,0,1,1,1,1785715907
2026-08-03T00:13:16Z,1087,10,9,5,0,0,1,1,1,1785715228
2026-08-03T00:13:16Z,1088,7,6,8,0,0,1,1,1,1785714304
2026-08-03T00:13:16Z,1089,9,7,6,0,0,1,1,1,1785715648
2026-08-03T00:13:16Z,1090,10,8,5,0,0,1,1,1,1785714953
2026-08-03T00:13:16Z,1091,9,7,6,0,0,1,1,1,1785715147
2026-08-03T00:13:16Z,1092,10,9,5,0,0,1,1,1,1785714538
2026-08-03T00:13:16Z,1093,9,7,6,0,0,1,1,1,1785714923
2026-08-03T00:13:16Z,1094,13,11,6,0,0,1,1,1,1785714227
2026-08-03T00:13:16Z,1095,10,8,5,0,0,1,1,1,1785715805
2026-08-03T00:13:16Z,1096,7,5,12,0,0,1,1,1,1785714665
2026-08-03T00:13:16Z,1097,9,7,6,0,0,1,1,1,1785714726
2026-08-03T00:13:16Z,1098,10,8,9,0,0,1,1,1,1785715775
2026-08-03T00:13:16Z,1099,8,6,7,0,0,1,1,1,1785715875
2026-08-03T00:13:16Z,1100,9,4,19,1,0,1,1,1,1785703987
2026-08-03T00:13:16Z,1101,8,3,13,0,0,1,1,1,1785715936
2026-08-03T00:13:16Z,1102,10,5,3,0,0,1,1,1,1785714794
2026-08-03T00:13:16Z,1103,11,5,10,0,0,1,1,1,1785661115
2026-08-03T00:13:16Z,1104,10,5,11,0,0,1,1,1,1785715711
2026-08-03T00:13:16Z,1105,7,3,6,0,0,1,1,1,1785714656
2026-08-03T00:13:16Z,1106,10,5,11,0,0,1,1,1,1785714230
2026-08-03T00:13:16Z,1107,9,5,6,0,0,1,1,1,1785714216
2026-08-03T00:13:16Z,1108,7,3,17,3,0,1,1,1,1785715314
2026-08-03T00:13:16Z,1109,10,5,5,0,0,1,1,1,1785715948
2026-08-03T00:13:16Z,1110,13,2,8,0,0,1,1,1,1785715543
2026-08-03T00:13:16Z,1111,12,1,8,1,0,1,1,1,1785714903
2026-08-03T00:13:16Z,1112,24,0,29,0,0,1,1,1,1785715264
2026-08-03T00:13:16Z,1113,2,0,18,1,0,1,1,1,1785715275
2026-08-03T00:13:16Z,1115,5,2,14,4,0,1,1,1,1785715067
2026-08-03T00:13:16Z,1116,4,0,15,0,0,1,1,1,1785715679
2026-08-03T00:13:16Z,1117,21,14,1,1,0,1,1,1,1785715143
2026-08-03T00:13:16Z,1118,1,0,20,0,0,1,1,1,1785715636
2026-08-03T00:13:16Z,1119,16,3,1,0,0,1,1,1,1785715218
2026-08-03T00:13:16Z,1120,8,3,10,1,0,1,1,1,1785715786
2026-08-03T00:13:16Z,1121,8,1,12,1,0,1,1,1,1785715928
2026-08-03T00:13:16Z,1122,13,2,6,2,0,1,1,1,1785715698
2026-08-03T00:13:16Z,1123,1,1,21,1,0,1,1,1,1785715931
2026-08-03T00:13:16Z,1124,6,0,8,1,0,1,1,1,1785714970
2026-08-03T00:13:16Z,1125,18,2,4,1,0,1,1,1,1785714842
2026-08-03T00:13:16Z,1126,20,5,1,0,0,1,1,1,1785715562
2026-08-03T00:13:16Z,1127,14,0,4,1,0,1,1,1,1785714616
2026-08-03T00:13:16Z,1128,14,2,1,0,0,1,1,1,1785715917
2026-08-03T00:13:16Z,1129,8,4,12,1,0,1,1,1,1785715772
2026-08-03T00:13:16Z,1130,9,1,6,0,0,1,1,1,1785715012
2026-08-03T00:13:16Z,1131,0,0,49,0,0,1,1,1,1785714818
2026-08-03T00:13:16Z,1132,16,0,4,1,0,1,1,1,1785715686
2026-08-03T00:13:16Z,1133,11,10,9,1,0,1,1,1,1785715980
2026-08-03T00:13:16Z,1134,9,5,10,0,0,1,1,1,1785714835
2026-08-03T00:13:16Z,1135,10,5,11,0,0,1,1,1,1785715870
2026-08-03T00:13:16Z,1136,21,0,2,0,0,1,1,1,1785714659
2026-08-03T00:13:16Z,1137,3,2,12,0,0,1,1,1,1785715869
2026-08-03T00:13:16Z,1138,7,1,12,0,0,1,1,1,1785714364
2026-08-03T00:13:16Z,1139,13,3,8,0,0,1,1,1,1785715642
2026-08-03T00:13:16Z,1140,4,1,18,1,0,1,1,1,1785714739
2026-08-03T00:13:16Z,1141,6,3,14,1,0,1,1,1,1785715647
2026-08-03T00:13:16Z,1142,4,0,17,0,0,1,1,1,1785715784
2026-08-03T00:13:16Z,1143,17,4,11,1,0,1,1,1,1785715862
2026-08-03T00:13:16Z,1144,6,2,14,1,0,1,1,1,1785715498
2026-08-03T00:13:16Z,1145,10,5,10,1,0,1,1,1,1785715541
2026-08-03T00:13:16Z,1146,6,1,10,3,0,1,1,1,1785715933
2026-08-03T00:13:16Z,1147,4,0,15,0,0,1,1,1,1785714616
2026-08-03T00:13:16Z,1148,25,1,5,1,0,1,1,1,1785715673
2026-08-03T00:13:16Z,1149,17,10,8,0,0,1,1,1,1785715870
2026-08-03T00:13:16Z,1150,8,0,11,0,0,1,1,1,1785714241
2026-08-03T00:13:16Z,1151,7,0,14,0,0,1,1,1,1785715311
2026-08-03T00:13:16Z,1152,2,0,27,0,0,1,1,1,1785714937
2026-08-03T00:13:16Z,1153,3,0,20,0,0,1,1,1,1785715619
2026-08-03T00:13:16Z,1154,12,1,6,1,0,1,1,1,1785715392
2026-08-03T00:13:16Z,1155,12,3,8,1,0,1,1,1,1785715452
2026-08-03T00:13:16Z,1158,2,2,17,0,0,1,1,1,1785715978
2026-08-03T00:13:16Z,1159,13,5,6,0,0,1,1,1,1785714591
2026-08-03T00:13:16Z,1160,7,3,11,1,0,1,1,1,1785715054
2026-08-03T00:13:16Z,1161,4,0,14,1,0,1,1,1,1785714681
2026-08-03T00:13:16Z,1162,5,1,14,0,0,1,1,1,1785714982
2026-08-03T00:13:16Z,1163,3,1,15,1,0,1,1,1,1785714282
2026-08-03T00:13:16Z,1164,5,0,14,0,0,1,1,1,1785714321
2026-08-03T00:13:16Z,1165,11,1,10,0,0,1,1,1,1785715168
2026-08-03T00:13:16Z,1166,13,3,7,1,0,1,1,1,1785715381
2026-08-03T00:13:16Z,1167,3,0,12,0,0,1,1,1,1785715635
2026-08-03T00:13:16Z,1168,6,2,17,0,0,1,1,1,1785714740
2026-08-03T00:13:16Z,1169,3,0,16,0,0,1,1,1,1785714182
2026-08-03T00:13:16Z,1170,6,2,15,0,0,1,1,1,1785714673
2026-08-03T00:13:16Z,1171,8,5,14,1,0,1,1,1,1785714520
2026-08-03T00:13:16Z,1172,6,0,7,2,0,1,1,1,1785715984
2026-08-03T00:13:16Z,1173,12,2,7,0,0,1,1,1,1785714475
2026-08-03T00:13:16Z,1174,5,0,10,0,0,1,1,1,1785715729
2026-08-03T00:13:16Z,1175,2,0,17,0,0,1,1,1,1785715746
2026-08-03T00:13:16Z,1176,10,0,10,0,1,1,1,1,1785715713
2026-08-03T00:13:16Z,1177,6,1,15,0,0,1,1,1,1785715888
2026-08-03T00:13:16Z,1178,3,0,12,0,0,1,1,1,1785715484
2026-08-03T00:13:16Z,1181,10,3,5,0,0,1,1,1,1785713736
2026-08-03T00:13:16Z,1182,9,1,10,1,0,1,1,1,1785715422
2026-08-03T00:13:16Z,1183,6,1,38,1,0,1,1,1,1785715957
2026-08-03T00:13:16Z,1184,6,1,14,1,0,1,1,1,1785715716
2026-08-03T00:13:16Z,1185,9,5,12,0,0,1,1,1,1785715682
2026-08-03T00:13:16Z,1186,8,4,11,0,0,1,1,1,1785714737
2026-08-03T00:13:16Z,1187,11,6,10,0,0,1,1,1,1785715790
2026-08-03T00:13:16Z,1188,11,6,4,0,0,1,1,1,1785714209
2026-08-03T00:13:16Z,1189,9,4,10,0,0,1,1,1,1785714507
2026-08-03T00:13:16Z,1190,12,7,9,0,0,1,1,1,1785715837
2026-08-03T00:13:16Z,1191,9,4,6,0,0,1,1,1,1785714210
2026-08-03T00:13:16Z,1192,9,5,11,1,0,1,1,1,1785714455
2026-08-03T00:13:16Z,1193,8,5,3,2,0,1,1,1,1785715146
2026-08-03T00:13:16Z,1197,6,4,10,1,0,1,1,1,1785715318
2026-08-03T00:13:16Z,1198,16,5,3,2,0,1,1,1,1785714920
2026-08-03T00:13:16Z,1199,3,0,16,0,0,1,1,1,1785714817
2026-08-03T00:13:16Z,1200,10,5,5,0,0,1,1,1,1785714241
2026-08-03T00:13:16Z,1201,11,6,4,0,0,1,1,1,1785714217
2026-08-03T00:13:16Z,1202,10,5,5,0,0,1,1,1,1785714326
2026-08-03T00:13:16Z,1203,10,5,5,0,0,1,1,1,1785714240
2026-08-03T00:13:16Z,1204,10,5,9,0,0,1,1,1,1785715987
2026-08-03T00:13:16Z,1206,10,5,11,0,0,1,1,1,1785715332
2026-08-03T00:13:16Z,1207,8,3,5,2,0,1,1,1,1785714537
2026-08-03T00:13:16Z,1208,9,4,10,0,0,1,1,1,1785714635
2026-08-03T00:13:16Z,1216,3,0,17,1,0,1,1,1,1785715477
2026-08-03T00:13:16Z,1218,9,4,12,0,0,1,1,1,1785715914
2026-08-03T00:13:16Z,1219,5,1,7,3,0,1,1,1,1785715984
2026-08-03T00:13:16Z,1220,15,7,4,0,0,1,1,1,1785715612
2026-08-03T00:13:16Z,1221,3,1,18,0,0,1,1,1,1785715255
2026-08-03T00:13:16Z,1222,5,0,24,0,0,1,1,1,1785715704
2026-08-03T00:13:16Z,1223,27,0,2,0,0,1,1,1,1785714588
2026-08-03T00:13:16Z,1226,0,0,3,0,0,0,1,1,1781868931
2026-08-03T00:13:16Z,1227,6,0,19,0,0,1,1,1,1785715775
2026-08-03T00:13:16Z,1228,23,1,5,1,0,1,1,1,1785715005
2026-08-03T00:13:16Z,1229,34,23,1,10,0,1,1,1,1785715306
2026-08-03T00:18:16Z,1,6,0,17,0,0,1,1,1,1785711895
2026-08-03T00:18:16Z,2,13,1,11,3,0,1,1,1,1785715924
2026-08-03T00:18:16Z,3,3,0,10,1,0,1,1,1,1785715355
2026-08-03T00:18:16Z,4,2,1,19,1,0,1,1,1,1785714020
2026-08-03T00:18:16Z,5,12,4,9,1,1,1,1,1,1785707300
2026-08-03T00:18:16Z,6,14,1,1,0,0,1,1,1,1785715757
2026-08-03T00:18:16Z,7,5,0,34,0,0,1,1,1,1785715818
2026-08-03T00:18:16Z,8,1,0,41,1,0,1,1,1,1785715930
2026-08-03T00:18:16Z,9,20,2,3,0,0,1,1,1,1785716158
2026-08-03T00:18:16Z,10,9,2,12,2,0,1,1,1,1785713840
2026-08-03T00:18:16Z,11,12,3,6,1,0,1,1,1,1785715692
2026-08-03T00:18:16Z,12,2,0,21,0,0,1,1,1,1785715338
2026-08-03T00:18:16Z,13,17,1,13,0,0,1,1,1,1785716289
2026-08-03T00:18:16Z,14,10,0,32,0,1,1,1,1,1785715578
2026-08-03T00:18:16Z,15,3,0,12,0,0,1,1,1,1785713396
2026-08-03T00:18:16Z,16,8,1,17,1,1,1,1,1,1785709998
2026-08-03T00:18:16Z,17,4,1,22,1,0,1,1,1,1785715763
2026-08-03T00:18:16Z,18,4,4,12,2,0,1,1,1,1785714941
2026-08-03T00:18:16Z,19,15,2,12,0,0,1,1,1,1785716249
2026-08-03T00:18:16Z,20,14,0,21,0,0,1,1,1,1785716182
2026-08-03T00:18:16Z,21,13,0,5,1,0,1,1,1,1785715032
2026-08-03T00:18:16Z,22,26,1,39,0,0,1,1,1,1785715994
2026-08-03T00:18:16Z,23,11,6,19,1,0,1,1,1,1785716275
2026-08-03T00:18:16Z,24,4,0,6,1,0,1,1,1,1785716285
2026-08-03T00:18:16Z,25,57,0,21,3,0,1,1,1,1785715940
2026-08-03T00:18:16Z,26,10,2,17,0,0,1,1,1,1785713780
2026-08-03T00:18:16Z,28,1,0,14,0,0,1,1,1,1785713041
2026-08-03T00:18:16Z,30,3,0,26,0,0,1,1,1,1785714590
2026-08-03T00:18:16Z,31,10,0,8,1,0,1,1,1,1785716152
2026-08-03T00:18:16Z,32,20,0,7,0,0,1,1,1,1785716056
2026-08-03T00:18:16Z,34,6,1,31,0,0,1,1,1,1785712564
2026-08-03T00:18:16Z,35,27,3,19,1,0,1,1,1,1785714282
2026-08-03T00:18:16Z,36,0,0,0,0,0,0,1,1,86400
2026-08-03T00:18:16Z,37,18,0,4,1,0,1,1,1,1785715992
2026-08-03T00:18:16Z,38,6,0,17,0,0,1,1,1,1785715413
2026-08-03T00:18:16Z,39,36,6,3,0,0,1,1,1,1785716125
2026-08-03T00:18:16Z,40,4,0,17,0,0,1,1,1,1785716122
2026-08-03T00:18:16Z,41,2,0,41,0,0,1,1,1,1785715348
2026-08-03T00:18:16Z,42,17,9,14,0,0,1,1,1,1785715635
2026-08-03T00:18:16Z,43,21,3,2,0,0,1,1,1,1785714268
2026-08-03T00:18:16Z,45,1,0,28,0,0,1,1,1,1785714153
2026-08-03T00:18:16Z,46,1,0,29,1,0,1,1,1,1785715934
2026-08-03T00:18:16Z,47,5,1,8,2,0,1,1,1,1785715704
2026-08-03T00:18:16Z,48,11,1,16,0,0,1,1,1,1785714906
2026-08-03T00:18:16Z,49,5,0,15,3,0,1,1,1,1785716292
2026-08-03T00:18:16Z,50,9,2,9,1,0,1,1,1,1785715737
2026-08-03T00:18:16Z,51,36,0,40,1,0,1,1,1,1785715711
2026-08-03T00:18:16Z,52,4,1,20,3,0,1,1,1,1785716211
2026-08-03T00:18:16Z,55,0,0,23,0,0,1,1,1,1785712742
2026-08-03T00:18:16Z,56,3,1,40,0,0,1,1,1,1785716061
2026-08-03T00:18:16Z,57,4,4,22,1,0,1,1,1,1785716031
2026-08-03T00:18:16Z,58,1,1,27,0,0,1,1,1,1785713094
2026-08-03T00:18:16Z,59,7,1,19,1,0,1,1,1,1785716191
2026-08-03T00:18:16Z,61,4,0,35,0,0,1,1,1,1785708823
2026-08-03T00:18:16Z,62,0,0,0,16,33,1,1,1,1785716172
2026-08-03T00:18:16Z,63,14,1,5,0,0,1,1,1,1785716149
2026-08-03T00:18:16Z,64,7,1,10,2,0,1,1,1,1785714326
2026-08-03T00:18:16Z,65,11,5,7,1,0,1,1,1,1785712939
2026-08-03T00:18:16Z,67,31,1,8,0,0,1,1,1,1785714770
2026-08-03T00:18:16Z,68,4,0,33,0,0,1,1,1,1785716101
2026-08-03T00:18:16Z,69,5,1,10,0,0,1,1,1,1785716259
2026-08-03T00:18:16Z,71,13,0,13,1,0,1,1,1,1785715711
2026-08-03T00:18:16Z,72,22,3,4,4,1,1,1,1,1785716123
2026-08-03T00:18:16Z,73,3,0,28,0,0,1,1,1,1785714809
2026-08-03T00:18:16Z,74,5,1,14,0,0,1,1,1,1785716030
2026-08-03T00:18:16Z,75,0,0,31,1,0,1,1,1,1785714912
2026-08-03T00:18:16Z,76,3,1,15,1,0,1,1,1,1785716287
2026-08-03T00:18:16Z,77,17,0,10,0,0,1,1,1,1785716195
2026-08-03T00:18:16Z,78,9,1,13,1,0,1,1,1,1785714745
2026-08-03T00:18:16Z,79,3,0,12,2,0,1,1,1,1785715847
2026-08-03T00:18:16Z,80,3,0,17,3,0,1,1,1,1785716023
2026-08-03T00:18:16Z,81,5,2,25,1,0,1,1,1,1785715011
2026-08-03T00:18:16Z,82,19,7,4,0,0,1,1,1,1785715395
2026-08-03T00:18:16Z,83,23,1,7,4,0,1,1,1,1785716225
2026-08-03T00:18:16Z,84,11,2,16,0,0,1,1,1,1785714691
2026-08-03T00:18:16Z,85,11,1,4,0,0,1,1,1,1785715716
2026-08-03T00:18:16Z,86,22,4,5,0,0,1,1,1,1785716247
2026-08-03T00:18:16Z,87,7,0,12,0,0,1,1,1,1785710562
2026-08-03T00:18:16Z,88,12,0,30,1,0,1,1,1,1785716041
2026-08-03T00:18:16Z,89,32,3,3,0,0,1,1,1,1785709147
2026-08-03T00:18:16Z,90,4,2,13,1,0,1,1,1,1785715190
2026-08-03T00:18:16Z,91,6,0,9,2,0,1,1,1,1785712977
2026-08-03T00:18:16Z,92,9,0,8,2,0,1,1,1,1785715992
2026-08-03T00:18:16Z,93,13,2,10,0,0,1,1,1,1785716049
2026-08-03T00:18:16Z,94,7,0,11,1,0,1,1,1,1785715116
2026-08-03T00:18:16Z,95,22,2,11,1,1,1,1,1,1785715829
2026-08-03T00:18:16Z,96,20,1,10,1,0,1,1,1,1785715049
2026-08-03T00:18:16Z,97,2,0,14,1,0,1,1,1,1785716201
2026-08-03T00:18:16Z,98,30,1,5,0,0,1,1,1,1785716293
2026-08-03T00:18:16Z,99,9,1,5,1,0,1,1,1,1785715687
2026-08-03T00:18:16Z,100,4,0,22,1,0,1,1,1,1785716205
2026-08-03T00:18:16Z,101,13,0,0,2,0,1,1,1,1785714719
2026-08-03T00:18:16Z,102,8,0,15,0,0,1,1,1,1785715815
2026-08-03T00:18:16Z,103,18,0,10,2,0,1,1,1,1785715656
2026-08-03T00:18:16Z,104,12,1,13,2,0,1,1,1,1785716289
2026-08-03T00:18:16Z,105,13,0,4,2,0,1,1,1,1785708568
2026-08-03T00:18:16Z,106,10,0,11,0,0,1,1,1,1785708842
2026-08-03T00:18:16Z,107,15,0,22,0,0,1,1,1,1785714381
2026-08-03T00:18:16Z,108,15,0,19,1,0,1,1,1,1785716284
2026-08-03T00:18:16Z,109,8,0,15,0,0,1,1,1,1785716289
2026-08-03T00:18:16Z,110,10,0,10,3,0,1,1,1,1785716230
2026-08-03T00:18:16Z,111,15,0,20,1,0,1,1,1,1785715858
2026-08-03T00:18:16Z,112,10,2,3,2,0,1,1,1,1785716188
2026-08-03T00:18:16Z,113,6,0,12,1,0,1,1,1,1785716152
2026-08-03T00:18:16Z,114,8,3,23,0,0,1,1,1,1785715961
2026-08-03T00:18:16Z,115,22,6,3,3,0,1,1,1,1785716184
2026-08-03T00:18:16Z,116,8,7,19,0,0,1,1,1,1785715680
2026-08-03T00:18:16Z,118,4,0,19,0,0,1,1,1,1785710695
2026-08-03T00:18:16Z,119,22,2,14,2,0,1,1,1,1785716145
2026-08-03T00:18:16Z,120,15,2,9,2,0,1,1,1,1785715801
2026-08-03T00:18:16Z,121,3,0,15,0,1,1,1,1,1785716234
2026-08-03T00:18:16Z,122,13,0,7,1,0,1,1,1,1785715008
2026-08-03T00:18:16Z,123,19,3,28,0,0,1,1,1,1785715818
2026-08-03T00:18:16Z,124,29,5,6,0,0,1,1,1,1785715571
2026-08-03T00:18:16Z,125,9,8,14,0,0,1,1,1,1785715110
2026-08-03T00:18:16Z,126,12,0,19,0,0,1,1,1,1785714715
2026-08-03T00:18:16Z,127,29,1,5,1,0,1,1,1,1785716136
2026-08-03T00:18:16Z,128,17,0,2,0,0,1,1,1,1785714923
2026-08-03T00:18:16Z,129,8,4,10,1,0,1,1,1,1785714272
2026-08-03T00:18:16Z,130,11,0,6,0,0,1,1,1,1785715530
2026-08-03T00:18:16Z,131,7,1,4,0,0,1,1,1,1785716250
2026-08-03T00:18:16Z,132,4,0,10,0,1,1,1,1,1785714877
2026-08-03T00:18:16Z,134,17,8,2,4,0,1,1,1,1785716198
2026-08-03T00:18:16Z,135,12,1,7,0,0,1,1,1,1785715730
2026-08-03T00:18:16Z,136,5,0,17,0,0,1,1,1,1785715839
2026-08-03T00:18:16Z,137,17,2,2,0,0,1,1,1,1785716140
2026-08-03T00:18:16Z,138,22,0,15,0,0,1,1,1,1785716138
2026-08-03T00:18:16Z,139,19,1,0,0,0,1,1,1,1785715692
2026-08-03T00:18:16Z,140,21,3,1,1,0,1,1,1,1785716290
2026-08-03T00:18:16Z,141,26,3,9,1,0,1,1,1,1785715917
2026-08-03T00:18:16Z,142,18,0,5,0,0,1,1,1,1785716035
2026-08-03T00:18:16Z,143,23,0,6,2,0,1,1,1,1785716237
2026-08-03T00:18:16Z,144,21,0,6,0,0,1,1,1,1785716023
2026-08-03T00:18:16Z,146,4,0,17,2,0,1,1,1,1785713962
2026-08-03T00:18:16Z,147,8,0,9,2,0,1,1,1,1785715760
2026-08-03T00:18:16Z,148,12,0,12,3,0,1,1,1,1785716280
2026-08-03T00:18:16Z,149,7,0,19,1,0,1,1,1,1785715688
2026-08-03T00:18:16Z,150,26,5,7,2,0,1,1,1,1785715979
2026-08-03T00:18:16Z,151,9,2,14,0,0,1,1,1,1785716047
2026-08-03T00:18:16Z,152,15,1,9,2,0,1,1,1,1785715966
2026-08-03T00:18:16Z,153,25,0,1,2,0,1,1,1,1785715717
2026-08-03T00:18:16Z,154,7,0,12,4,0,1,1,1,1785716283
2026-08-03T00:18:16Z,155,12,2,1,1,0,1,1,1,1785715999
2026-08-03T00:18:16Z,156,7,0,12,0,0,1,1,1,1785715657
2026-08-03T00:18:16Z,157,24,1,0,3,0,1,1,1,1785715980
2026-08-03T00:18:16Z,158,5,0,11,0,0,1,1,1,1785715528
2026-08-03T00:18:16Z,159,13,11,6,0,0,1,1,1,1785715274
2026-08-03T00:18:16Z,160,10,2,9,0,0,1,1,1,1785715499
2026-08-03T00:18:16Z,161,16,0,6,0,0,1,1,1,1785715351
2026-08-03T00:18:16Z,162,20,2,5,2,0,1,1,1,1785716053
2026-08-03T00:18:16Z,163,23,0,7,0,1,1,1,1,1785715983
2026-08-03T00:18:16Z,164,27,0,0,0,0,1,1,1,1785715706
2026-08-03T00:18:16Z,165,18,5,12,0,1,1,1,1,1785716217
2026-08-03T00:18:16Z,166,32,0,4,3,0,1,1,1,1785716294
2026-08-03T00:18:16Z,167,15,0,7,1,0,1,1,1,1785715689
2026-08-03T00:18:16Z,168,15,0,11,1,0,1,1,1,1785716240
2026-08-03T00:18:16Z,169,22,1,0,0,1,1,1,1,1785715940
2026-08-03T00:18:16Z,170,15,4,3,1,0,1,1,1,1785715670
2026-08-03T00:18:16Z,171,4,1,7,2,0,1,1,1,1785716235
2026-08-03T00:18:16Z,173,29,3,10,0,0,1,1,1,1785716257
2026-08-03T00:18:16Z,174,24,1,2,0,0,1,1,1,1785715422
2026-08-03T00:18:16Z,175,28,1,2,1,0,1,1,1,1785716289
2026-08-03T00:18:16Z,176,2,0,9,4,1,1,1,1,1785715863
2026-08-03T00:18:16Z,177,19,0,8,0,0,1,1,1,1785715777
2026-08-03T00:18:16Z,178,9,2,3,2,1,1,1,1,1785716292
2026-08-03T00:18:16Z,179,13,1,1,1,0,1,1,1,1785716187
2026-08-03T00:18:16Z,180,7,0,23,0,0,1,1,1,1785715319
2026-08-03T00:18:16Z,181,6,2,8,1,0,1,1,1,1785715667
2026-08-03T00:18:16Z,182,13,2,4,0,0,1,1,1,1785714355
2026-08-03T00:18:16Z,183,16,2,6,1,0,1,1,1,1785716069
2026-08-03T00:18:16Z,184,16,1,4,2,1,1,1,1,1785716223
2026-08-03T00:18:16Z,185,8,5,4,2,1,1,1,1,1785715180
2026-08-03T00:18:16Z,186,18,5,1,0,0,1,1,1,1785715978
2026-08-03T00:18:16Z,187,3,0,25,0,0,1,1,1,1785715894
2026-08-03T00:18:16Z,188,19,0,1,7,0,1,1,1,1785716144
2026-08-03T00:18:16Z,189,13,4,2,0,0,1,1,1,1785713636
2026-08-03T00:18:16Z,190,8,1,15,0,0,1,1,1,1785715924
2026-08-03T00:18:16Z,191,17,9,22,0,0,1,1,1,1785715340
2026-08-03T00:18:16Z,192,4,3,26,1,0,1,1,1,1785716182
2026-08-03T00:18:16Z,193,13,10,1,1,0,1,1,1,1785716068
2026-08-03T00:18:16Z,194,6,4,21,0,0,1,1,1,1785716278
2026-08-03T00:18:16Z,195,11,7,7,0,0,1,1,1,1785715433
2026-08-03T00:18:16Z,196,24,0,2,1,0,1,1,1,1785715500
2026-08-03T00:18:16Z,197,9,1,9,0,1,1,1,1,1785714777
2026-08-03T00:18:16Z,198,10,3,13,0,0,1,1,1,1785714270
2026-08-03T00:18:16Z,199,5,3,9,1,0,1,1,1,1785715877
2026-08-03T00:18:16Z,200,11,6,15,0,0,1,1,1,1785713989
2026-08-03T00:18:16Z,201,21,3,2,0,0,1,1,1,1785715281
2026-08-03T00:18:16Z,202,17,0,10,0,0,1,1,1,1785715164
2026-08-03T00:18:16Z,203,6,1,24,1,0,1,1,1,1785714215
2026-08-03T00:18:16Z,204,10,1,23,2,0,1,1,1,1785716205
2026-08-03T00:18:16Z,205,12,1,15,0,0,1,1,1,1785716086
2026-08-03T00:18:16Z,206,4,3,10,1,0,1,1,1,1785716123
2026-08-03T00:18:16Z,207,11,1,10,0,0,1,1,1,1785714811
2026-08-03T00:18:16Z,208,3,0,26,0,0,1,1,1,1785713526
2026-08-03T00:18:16Z,209,21,1,8,2,0,1,1,1,1785716248
2026-08-03T00:18:16Z,210,19,6,8,0,0,1,1,1,1785715044
2026-08-03T00:18:16Z,211,19,2,2,2,0,1,1,1,1785715908
2026-08-03T00:18:16Z,212,33,5,1,1,0,1,1,1,1785716101
2026-08-03T00:18:16Z,213,10,0,12,1,0,1,1,1,1785716021
2026-08-03T00:18:16Z,214,29,17,11,7,0,1,1,1,1785715186
2026-08-03T00:18:16Z,215,13,10,10,0,0,1,1,1,1785715385
2026-08-03T00:18:16Z,216,11,2,7,1,0,1,1,1,1785715906
2026-08-03T00:18:16Z,217,18,0,10,1,0,1,1,1,1785716228
2026-08-03T00:18:16Z,218,23,10,9,7,0,1,1,1,1785716132
2026-08-03T00:18:16Z,219,4,2,21,1,0,1,1,1,1785715898
2026-08-03T00:18:16Z,220,37,5,6,0,0,1,1,1,1785716047
2026-08-03T00:18:16Z,221,6,2,8,1,0,1,1,1,1785715636
2026-08-03T00:18:16Z,222,7,0,12,0,0,1,1,1,1785715229
2026-08-03T00:18:16Z,223,19,1,14,2,0,1,1,1,1785716272
2026-08-03T00:18:16Z,224,14,8,8,0,0,1,1,1,1785715619
2026-08-03T00:18:16Z,225,4,2,12,3,0,1,1,1,1785715780
2026-08-03T00:18:16Z,226,22,12,7,2,0,1,1,1,1785716053
2026-08-03T00:18:16Z,227,9,4,18,0,0,1,1,1,1785715603
2026-08-03T00:18:16Z,228,8,6,10,1,0,1,1,1,1785715376
2026-08-03T00:18:16Z,230,8,0,18,0,0,1,1,1,1785715901
2026-08-03T00:18:16Z,232,8,2,8,1,0,1,1,1,1785715868
2026-08-03T00:18:16Z,233,27,4,3,1,0,1,1,1,1785715891
2026-08-03T00:18:16Z,234,7,7,8,2,2,1,1,1,1785714232
2026-08-03T00:18:16Z,236,16,5,3,0,0,1,1,1,1785713155
2026-08-03T00:18:16Z,237,22,0,0,1,0,1,1,1,1785715021
2026-08-03T00:18:16Z,239,20,11,7,0,0,1,1,1,1785715966
2026-08-03T00:18:16Z,241,6,3,16,1,0,1,1,1,1785716279
2026-08-03T00:18:16Z,242,2,2,19,2,0,1,1,1,1785716249
2026-08-03T00:18:16Z,243,19,10,11,1,0,1,1,1,1785716012
2026-08-03T00:18:16Z,244,24,7,2,1,0,1,1,1,1785716290
2026-08-03T00:18:16Z,245,21,4,0,2,0,1,1,1,1785715452
2026-08-03T00:18:16Z,246,8,2,14,1,0,1,1,1,1785716148
2026-08-03T00:18:16Z,247,8,5,15,0,0,1,1,1,1785707048
2026-08-03T00:18:16Z,248,13,2,8,2,0,1,1,1,1785716212
2026-08-03T00:18:16Z,249,16,5,3,0,0,1,1,1,1785713590
2026-08-03T00:18:16Z,250,6,3,20,1,0,1,1,1,1785714629
2026-08-03T00:18:16Z,251,7,2,19,1,0,1,1,1,1785716197
2026-08-03T00:18:16Z,253,10,4,9,0,0,1,1,1,1785716257
2026-08-03T00:18:16Z,254,37,9,5,1,0,1,1,1,1785715061
2026-08-03T00:18:16Z,255,15,1,7,0,1,1,1,1,1785716249
2026-08-03T00:18:16Z,256,14,4,7,2,0,1,1,1,1785715694
2026-08-03T00:18:16Z,257,4,2,14,1,0,1,1,1,1785715179
2026-08-03T00:18:16Z,258,13,2,4,2,0,1,1,1,1785715597
2026-08-03T00:18:16Z,259,14,3,8,0,1,1,1,1,1785713662
2026-08-03T00:18:16Z,260,3,0,14,2,0,1,1,1,1785715423
2026-08-03T00:18:16Z,261,11,0,7,0,1,1,1,1,1785712714
2026-08-03T00:18:16Z,262,7,7,13,3,0,1,1,1,1785715993
2026-08-03T00:18:16Z,263,6,3,8,1,0,1,1,1,1785715783
2026-08-03T00:18:16Z,264,12,1,6,1,0,1,1,1,1785716112
2026-08-03T00:18:16Z,265,9,1,6,0,0,1,1,1,1785715871
2026-08-03T00:18:16Z,266,8,6,10,1,0,1,1,1,1785714791
2026-08-03T00:18:16Z,267,11,2,2,2,0,1,1,1,1785716185
2026-08-03T00:18:16Z,268,4,4,19,0,0,1,1,1,1785711832
2026-08-03T00:18:16Z,269,21,8,2,0,0,1,1,1,1785716282
2026-08-03T00:18:16Z,270,18,4,8,1,0,1,1,1,1785714275
2026-08-03T00:18:16Z,271,14,2,3,2,0,1,1,1,1785713445
2026-08-03T00:18:16Z,272,18,8,3,2,0,1,1,1,1785715332
2026-08-03T00:18:16Z,273,13,8,1,1,0,1,1,1,1785711825
2026-08-03T00:18:16Z,274,6,2,11,2,0,1,1,1,1785714188
2026-08-03T00:18:16Z,275,9,0,10,1,3,1,1,1,1785715971
2026-08-03T00:18:16Z,276,5,4,20,2,0,1,1,1,1785716276
2026-08-03T00:18:16Z,277,7,7,13,3,0,1,1,1,1785715280
2026-08-03T00:18:16Z,278,22,3,9,0,0,1,1,1,1785716081
2026-08-03T00:18:16Z,279,10,0,9,0,0,1,1,1,1785715674
2026-08-03T00:18:16Z,280,0,0,29,2,0,1,1,1,1785716216
2026-08-03T00:18:16Z,281,13,0,6,0,0,1,1,1,1785714253
2026-08-03T00:18:16Z,282,18,6,0,0,0,1,1,1,1785713770
2026-08-03T00:18:16Z,283,32,6,3,0,0,1,1,1,1785715343
2026-08-03T00:18:16Z,284,23,3,11,1,0,1,1,1,1785716117
2026-08-03T00:18:16Z,285,9,3,12,2,0,1,1,1,1785715417
2026-08-03T00:18:16Z,286,4,2,18,1,0,1,1,1,1785716291
2026-08-03T00:18:16Z,287,6,1,16,1,0,1,1,1,1785715201
2026-08-03T00:18:16Z,288,3,3,16,0,0,1,1,1,1785716269
2026-08-03T00:18:16Z,289,5,3,20,2,0,1,1,1,1785714893
2026-08-03T00:18:16Z,290,12,3,25,2,0,1,1,1,1785715070
2026-08-03T00:18:16Z,291,18,2,4,1,0,1,1,1,1785716121
2026-08-03T00:18:16Z,292,15,2,8,0,0,1,1,1,1785715844
2026-08-03T00:18:16Z,293,5,2,18,0,0,1,1,1,1785715904
2026-08-03T00:18:16Z,294,15,2,2,5,0,1,1,1,1785716229
2026-08-03T00:18:16Z,297,3,0,14,1,1,1,1,1,1785715581
2026-08-03T00:18:16Z,301,8,0,11,0,0,1,1,1,1785714495
2026-08-03T00:18:16Z,302,6,0,17,0,0,1,1,1,1785715280
2026-08-03T00:18:16Z,303,8,2,11,0,0,1,1,1,1785713510
2026-08-03T00:18:16Z,304,0,0,0,0,0,0,1,1,86400
2026-08-03T00:18:16Z,305,5,0,12,2,0,1,1,1,1785714077
2026-08-03T00:18:16Z,306,16,1,16,0,0,1,1,1,1785716013
2026-08-03T00:18:16Z,307,2,0,21,0,0,1,1,1,1785711729
2026-08-03T00:18:16Z,308,4,0,14,1,0,1,1,1,1785714579
2026-08-03T00:18:16Z,309,13,1,1,0,0,1,1,1,1785715671
2026-08-03T00:18:16Z,311,12,1,3,0,0,1,1,1,1785715454
2026-08-03T00:18:16Z,312,14,11,5,4,0,1,1,1,1785716022
2026-08-03T00:18:16Z,313,7,0,8,0,0,1,1,1,1785714034
2026-08-03T00:18:16Z,314,18,2,1,0,0,1,1,1,1785712608
2026-08-03T00:18:16Z,315,13,2,16,2,0,1,1,1,1785713405
2026-08-03T00:18:16Z,316,24,6,1,5,1,1,1,1,1785716261
2026-08-03T00:18:16Z,317,18,7,10,2,1,1,1,1,1785716219
2026-08-03T00:18:16Z,318,6,3,13,0,0,1,1,1,1785714380
2026-08-03T00:18:16Z,319,12,0,10,1,0,1,1,1,1785713891
2026-08-03T00:18:16Z,320,12,2,6,1,0,1,1,1,1785711849
2026-08-03T00:18:16Z,321,2,0,13,4,0,1,1,1,1785716177
2026-08-03T00:18:16Z,322,0,0,29,0,0,1,1,1,1785716270
2026-08-03T00:18:16Z,323,5,0,13,1,0,1,1,1,1785714618
2026-08-03T00:18:16Z,324,8,0,18,1,0,1,1,1,1785716283
2026-08-03T00:18:16Z,325,4,3,21,2,0,1,1,1,1785715352
2026-08-03T00:18:16Z,327,21,2,6,0,0,1,1,1,1785716285
2026-08-03T00:18:16Z,328,10,0,12,0,0,1,1,1,1785714678
2026-08-03T00:18:16Z,329,19,3,0,0,0,1,1,1,1785713713
2026-08-03T00:18:16Z,330,10,2,11,1,0,1,1,1,1785714960
2026-08-03T00:18:16Z,331,5,2,17,1,0,1,1,1,1785716269
2026-08-03T00:18:16Z,332,7,1,11,1,0,1,1,1,1785712002
2026-08-03T00:18:16Z,333,5,4,16,2,0,1,1,1,1785715322
2026-08-03T00:18:16Z,334,14,6,9,0,0,1,1,1,1785713854
2026-08-03T00:18:16Z,335,10,2,11,1,1,1,1,1,1785712208
2026-08-03T00:18:16Z,336,6,1,13,0,0,1,1,1,1785714430
2026-08-03T00:18:16Z,337,3,1,17,3,0,1,1,1,1785716002
2026-08-03T00:18:16Z,338,8,2,10,1,0,1,1,1,1785716003
2026-08-03T00:18:16Z,339,16,0,6,1,0,1,1,1,1785716271
2026-08-03T00:18:16Z,340,8,2,6,1,0,1,1,1,1785715910
2026-08-03T00:18:16Z,341,1,1,18,0,0,1,1,1,1785715794
2026-08-03T00:18:16Z,342,8,2,4,3,0,1,1,1,1785714190
2026-08-03T00:18:16Z,343,16,8,7,0,0,1,1,1,1785715473
2026-08-03T00:18:16Z,344,3,2,20,0,0,1,1,1,1785716278
2026-08-03T00:18:16Z,345,5,0,14,0,0,1,1,1,1785715708
2026-08-03T00:18:16Z,346,8,2,15,0,0,1,1,1,1785715993
2026-08-03T00:18:16Z,347,35,9,4,5,0,1,1,1,1785716292
2026-08-03T00:18:16Z,348,16,0,6,0,1,1,1,1,1785716208
2026-08-03T00:18:16Z,349,4,0,15,0,0,1,1,1,1785714748
2026-08-03T00:18:16Z,350,7,1,18,1,1,1,1,1,1785714659
2026-08-03T00:18:16Z,351,3,1,18,2,0,1,1,1,1785716175
2026-08-03T00:18:16Z,355,12,4,11,0,0,1,1,1,1785716034
2026-08-03T00:18:16Z,356,5,0,14,0,0,1,1,1,1785715968
2026-08-03T00:18:16Z,357,6,6,13,0,0,1,1,1,1785715540
2026-08-03T00:18:16Z,358,21,3,6,0,0,1,1,1,1785714206
2026-08-03T00:18:16Z,359,11,1,16,0,0,1,1,1,1785715007
2026-08-03T00:18:16Z,360,8,4,11,0,0,1,1,1,1785715179
2026-08-03T00:18:16Z,362,15,7,4,0,0,1,1,1,1785714482
2026-08-03T00:18:16Z,363,6,0,21,0,0,1,1,1,1785715872
2026-08-03T00:18:16Z,364,4,0,13,2,0,1,1,1,1785714209
2026-08-03T00:18:16Z,365,8,7,11,4,0,1,1,1,1785715775
2026-08-03T00:18:16Z,366,2,1,20,1,0,1,1,1,1785715471
2026-08-03T00:18:16Z,367,11,7,7,1,0,1,1,1,1785714874
2026-08-03T00:18:16Z,368,22,0,0,1,0,1,1,1,1785715035
2026-08-03T00:18:16Z,370,22,14,5,0,0,1,1,1,1785716081
2026-08-03T00:18:16Z,371,11,1,6,2,0,1,1,1,1785713638
2026-08-03T00:18:16Z,372,13,2,1,1,0,1,1,1,1785715838
2026-08-03T00:18:16Z,373,11,0,13,3,0,1,1,1,1785716156
2026-08-03T00:18:16Z,374,14,5,4,1,0,1,1,1,1785714418
2026-08-03T00:18:16Z,375,20,2,4,3,0,1,1,1,1785715515
2026-08-03T00:18:16Z,376,13,1,25,1,0,1,1,1,1785716022
2026-08-03T00:18:16Z,377,15,0,11,1,0,1,1,1,1785715000
2026-08-03T00:18:16Z,378,1,0,21,1,1,1,1,1,1785716276
2026-08-03T00:18:16Z,379,22,4,5,0,0,1,1,1,1785715440
2026-08-03T00:18:16Z,380,20,6,3,0,0,1,1,1,1785714327
2026-08-03T00:18:16Z,381,4,0,19,0,0,1,1,1,1785715512
2026-08-03T00:18:16Z,383,3,1,11,1,0,1,1,1,1785715941
2026-08-03T00:18:16Z,384,26,2,1,0,0,1,1,1,1785715621
2026-08-03T00:18:16Z,385,10,1,8,0,0,1,1,1,1785715486
2026-08-03T00:18:16Z,387,15,2,7,1,0,1,1,1,1785715287
2026-08-03T00:18:16Z,388,10,2,37,2,0,1,1,1,1785716033
2026-08-03T00:18:16Z,389,0,0,14,1,0,1,1,1,1785707165
2026-08-03T00:18:16Z,390,24,2,11,0,0,1,1,1,1785716025
2026-08-03T00:18:16Z,391,7,2,8,0,0,1,1,1,1785710470
2026-08-03T00:18:16Z,392,7,2,10,2,0,1,1,1,1785716213
2026-08-03T00:18:16Z,393,1,0,8,2,0,1,1,1,1785709017
2026-08-03T00:18:16Z,394,6,4,5,2,0,1,1,1,1785715167
2026-08-03T00:18:16Z,396,1,1,40,1,0,1,1,1,1785715296
2026-08-03T00:18:16Z,397,19,2,12,0,0,1,1,1,1785714812
2026-08-03T00:18:16Z,399,4,0,11,2,0,1,1,1,1785715981
2026-08-03T00:18:16Z,400,12,9,9,2,0,1,1,1,1785714791
2026-08-03T00:18:16Z,401,5,1,34,0,0,1,1,1,1785715739
2026-08-03T00:18:16Z,403,27,20,2,2,0,1,1,1,1785716010
2026-08-03T00:18:16Z,404,18,1,4,1,0,1,1,1,1785716244
2026-08-03T00:18:16Z,406,4,3,30,1,0,1,1,1,1785716228
2026-08-03T00:18:16Z,407,1,0,33,0,0,1,1,1,1785714657
2026-08-03T00:18:16Z,408,16,6,15,2,0,1,1,1,1785715955
2026-08-03T00:18:16Z,409,2,0,19,2,0,1,1,1,1785712936
2026-08-03T00:18:16Z,413,8,5,14,0,1,1,1,1,1785715546
2026-08-03T00:18:16Z,414,9,1,5,1,0,1,1,1,1785716149
2026-08-03T00:18:16Z,417,14,4,5,0,0,1,1,1,1785715149
2026-08-03T00:18:16Z,418,9,4,5,1,0,1,1,1,1785714473
2026-08-03T00:18:16Z,419,21,0,2,0,0,1,1,1,1785711682
2026-08-03T00:18:16Z,421,8,1,11,0,0,1,1,1,1785714216
2026-08-03T00:18:16Z,422,14,2,13,0,0,1,1,1,1785715188
2026-08-03T00:18:16Z,423,20,0,3,0,0,1,1,1,1785711659
2026-08-03T00:18:16Z,424,5,1,7,3,0,1,1,1,1785715747
2026-08-03T00:18:16Z,425,8,0,13,0,1,1,1,1,1785715300
2026-08-03T00:18:16Z,426,1,0,35,1,0,1,1,1,1785714999
2026-08-03T00:18:16Z,427,5,0,9,1,0,1,1,1,1785716070
2026-08-03T00:18:16Z,428,11,0,8,0,0,1,1,1,1785715629
2026-08-03T00:18:16Z,429,12,2,8,3,0,1,1,1,1785716074
2026-08-03T00:18:16Z,430,19,1,8,4,0,1,1,1,1785715963
2026-08-03T00:18:16Z,431,26,0,6,1,0,1,1,1,1785713009
2026-08-03T00:18:16Z,432,0,0,30,1,0,0,1,1,1785508564
2026-08-03T00:18:16Z,433,9,4,11,3,0,1,1,1,1785713233
2026-08-03T00:18:16Z,437,18,12,0,1,0,1,1,1,1785715113
2026-08-03T00:18:16Z,438,5,1,12,2,0,1,1,1,1785716024
2026-08-03T00:18:16Z,439,5,0,8,2,0,1,1,1,1785712714
2026-08-03T00:18:16Z,440,15,3,0,0,0,1,1,1,1785713607
2026-08-03T00:18:16Z,441,5,0,4,6,0,1,1,1,1785715340
2026-08-03T00:18:16Z,442,6,0,12,1,0,1,1,1,1785706313
2026-08-03T00:18:16Z,443,3,1,24,0,0,1,1,1,1785681142
2026-08-03T00:18:16Z,444,2,1,21,0,0,1,1,1,1785709563
2026-08-03T00:18:16Z,445,8,1,14,1,0,1,1,1,1785716004
2026-08-03T00:18:16Z,446,6,0,17,0,0,1,1,1,1785709514
2026-08-03T00:18:16Z,447,3,0,18,1,1,1,1,1,1785689470
2026-08-03T00:18:16Z,448,2,0,12,1,0,1,1,1,1785715369
2026-08-03T00:18:16Z,452,17,0,1,1,0,1,1,1,1785714612
2026-08-03T00:18:16Z,453,9,5,1,5,0,1,1,1,1785716015
2026-08-03T00:18:16Z,454,14,1,5,0,0,1,1,1,1785716114
2026-08-03T00:18:16Z,455,1,0,38,0,0,1,1,1,1785713306
2026-08-03T00:18:16Z,456,14,0,4,2,0,1,1,1,1785715990
2026-08-03T00:18:16Z,457,13,1,11,3,0,1,1,1,1785713896
2026-08-03T00:18:16Z,458,16,0,5,2,0,1,1,1,1785715090
2026-08-03T00:18:16Z,459,5,2,10,0,0,1,1,1,1785713776
2026-08-03T00:18:16Z,460,13,0,10,0,0,1,1,1,1785715833
2026-08-03T00:18:16Z,461,16,0,3,0,0,1,1,1,1785715490
2026-08-03T00:18:16Z,462,4,2,17,0,0,1,1,1,1785713853
2026-08-03T00:18:16Z,463,14,0,5,0,0,1,1,1,1785716023
2026-08-03T00:18:16Z,464,0,0,13,1,0,1,1,1,1785712280
2026-08-03T00:18:16Z,465,2,0,13,0,0,1,1,1,1785710508
2026-08-03T00:18:16Z,466,1,1,12,2,0,1,1,1,1785716021
2026-08-03T00:18:16Z,467,3,1,16,0,0,1,1,1,1785716261
2026-08-03T00:18:16Z,468,4,0,14,1,0,1,1,1,1785706929
2026-08-03T00:18:16Z,469,8,2,15,0,0,1,1,1,1785715950
2026-08-03T00:18:16Z,470,14,1,0,1,0,1,1,1,1785703758
2026-08-03T00:18:16Z,471,18,0,9,0,0,1,1,1,1785709288
2026-08-03T00:18:16Z,472,12,5,5,2,0,1,1,1,1785716145
2026-08-03T00:18:16Z,473,10,3,8,1,0,1,1,1,1785708322
2026-08-03T00:18:16Z,474,11,0,7,1,0,1,1,1,1785715627
2026-08-03T00:18:16Z,475,7,1,11,1,0,1,1,1,1785716158
2026-08-03T00:18:16Z,477,4,2,11,0,0,1,1,1,1785709578
2026-08-03T00:18:16Z,478,17,2,14,0,0,1,1,1,1785715977
2026-08-03T00:18:16Z,479,15,1,11,1,0,1,1,1,1785715114
2026-08-03T00:18:16Z,480,10,1,1,4,0,1,1,1,1785715019
2026-08-03T00:18:16Z,481,4,0,30,1,0,1,1,1,1785716030
2026-08-03T00:18:16Z,482,12,1,6,1,0,1,1,1,1785714882
2026-08-03T00:18:16Z,483,4,0,21,2,0,1,1,1,1785715993
2026-08-03T00:18:16Z,484,1,0,17,1,0,1,1,1,1785716258
2026-08-03T00:18:16Z,485,6,3,11,1,1,1,1,1,1785716151
2026-08-03T00:18:16Z,486,2,0,22,3,0,1,1,1,1785716227
2026-08-03T00:18:16Z,487,5,1,12,2,0,1,1,1,1785715485
2026-08-03T00:18:16Z,489,8,7,7,0,0,1,1,1,1785715791
2026-08-03T00:18:16Z,490,6,0,8,2,0,1,1,1,1785714890
2026-08-03T00:18:16Z,491,14,1,5,2,0,1,1,1,1785714054
2026-08-03T00:18:16Z,492,4,1,4,3,0,1,1,1,1785716292
2026-08-03T00:18:16Z,493,2,0,25,0,0,1,1,1,1785715490
2026-08-03T00:18:16Z,495,4,1,6,5,0,1,1,1,1785716113
2026-08-03T00:18:16Z,496,4,0,23,0,0,1,1,1,1785715175
2026-08-03T00:18:16Z,497,9,0,9,0,0,1,1,1,1785714945
2026-08-03T00:18:16Z,498,13,2,10,0,0,1,1,1,1785716205
2026-08-03T00:18:16Z,499,11,0,8,0,0,1,1,1,1785715649
2026-08-03T00:18:16Z,500,10,3,4,1,0,1,1,1,1785715168
2026-08-03T00:18:16Z,501,19,11,1,1,0,1,1,1,1785714265
2026-08-03T00:18:16Z,502,8,2,11,0,0,1,1,1,1785714272
2026-08-03T00:18:16Z,503,6,0,22,3,0,1,1,1,1785715861
2026-08-03T00:18:16Z,504,0,0,39,0,0,1,1,1,1785716069
2026-08-03T00:18:16Z,505,11,1,0,1,0,1,1,1,1785715765
2026-08-03T00:18:16Z,511,5,2,17,1,0,1,1,1,1785710308
2026-08-03T00:18:16Z,512,6,0,20,1,0,1,1,1,1785716209
2026-08-03T00:18:16Z,514,9,4,0,2,0,1,1,1,1785711542
2026-08-03T00:18:16Z,515,14,4,3,2,0,1,1,1,1785716293
2026-08-03T00:18:16Z,516,0,0,27,0,0,1,1,1,1785710859
2026-08-03T00:18:16Z,517,6,4,14,3,0,1,1,1,1785715886
2026-08-03T00:18:16Z,518,12,2,1,2,0,1,1,1,1785714756
2026-08-03T00:18:16Z,519,4,0,14,1,0,1,1,1,1785701023
2026-08-03T00:18:16Z,520,13,3,2,11,1,1,1,1,1785716290
2026-08-03T00:18:16Z,521,7,2,16,0,0,1,1,1,1785714252
2026-08-03T00:18:16Z,522,14,0,9,0,0,1,1,1,1785716236
2026-08-03T00:18:16Z,523,3,2,19,1,0,1,1,1,1785711813
2026-08-03T00:18:16Z,524,10,1,11,2,0,1,1,1,1785715729
2026-08-03T00:18:16Z,525,7,0,12,0,0,1,1,1,1785712547
2026-08-03T00:18:16Z,526,3,2,12,0,0,1,1,1,1785715578
2026-08-03T00:18:16Z,527,5,3,21,0,0,1,1,1,1785713521
2026-08-03T00:18:16Z,528,14,3,9,0,0,1,1,1,1785715635
2026-08-03T00:18:16Z,530,14,1,4,3,0,1,1,1,1785715613
2026-08-03T00:18:16Z,531,20,2,2,0,1,1,1,1,1785714421
2026-08-03T00:18:16Z,532,12,4,18,1,0,1,1,1,1785715115
2026-08-03T00:18:16Z,533,7,0,11,1,0,1,1,1,1785713414
2026-08-03T00:18:16Z,534,1,1,21,1,0,1,1,1,1785715414
2026-08-03T00:18:16Z,535,5,0,10,0,0,1,1,1,1785715870
2026-08-03T00:18:16Z,536,4,0,19,0,0,1,1,1,1785716141
2026-08-03T00:18:16Z,537,12,4,8,0,0,1,1,1,1785716224
2026-08-03T00:18:16Z,538,4,1,17,1,1,1,1,1,1785716180
2026-08-03T00:18:16Z,539,8,0,21,2,0,1,1,1,1785714126
2026-08-03T00:18:16Z,540,9,3,10,0,0,1,1,1,1785715634
2026-08-03T00:18:16Z,541,26,1,0,1,0,1,1,1,1785715562
2026-08-03T00:18:16Z,542,11,3,12,0,0,1,1,1,1785715050
2026-08-03T00:18:16Z,543,5,0,12,2,0,1,1,1,1785715233
2026-08-03T00:18:16Z,544,12,2,7,3,0,1,1,1,1785714910
2026-08-03T00:18:16Z,545,15,0,0,4,0,1,1,1,1785713901
2026-08-03T00:18:16Z,546,6,2,13,0,0,1,1,1,1785714847
2026-08-03T00:18:16Z,547,5,0,20,0,0,1,1,1,1785711947
2026-08-03T00:18:16Z,548,16,0,7,0,0,1,1,1,1785713924
2026-08-03T00:18:16Z,549,11,0,12,0,0,1,1,1,1785716042
2026-08-03T00:18:16Z,550,6,3,13,0,0,1,1,1,1785715827
2026-08-03T00:18:16Z,551,4,3,19,0,0,1,1,1,1785705192
2026-08-03T00:18:16Z,552,22,1,4,1,0,1,1,1,1785715315
2026-08-03T00:18:16Z,553,2,0,21,0,0,1,1,1,1785716182
2026-08-03T00:18:16Z,554,8,4,10,1,0,1,1,1,1785715676
2026-08-03T00:18:16Z,555,6,3,8,1,0,1,1,1,1785713038
2026-08-03T00:18:16Z,556,20,3,1,2,0,1,1,1,1785716083
2026-08-03T00:18:16Z,557,5,1,16,2,0,1,1,1,1785715655
2026-08-03T00:18:16Z,558,22,0,15,0,0,1,1,1,1785716225
2026-08-03T00:18:16Z,559,4,1,14,1,0,1,1,1,1785705795
2026-08-03T00:18:16Z,560,7,0,18,2,0,1,1,1,1785715999
2026-08-03T00:18:16Z,561,11,2,11,1,0,1,1,1,1785714350
2026-08-03T00:18:16Z,562,2,2,30,3,0,1,1,1,1785714901
2026-08-03T00:18:16Z,563,6,0,8,0,0,1,1,1,1785714500
2026-08-03T00:18:16Z,564,17,0,2,0,0,1,1,1,1785710611
2026-08-03T00:18:16Z,565,1,0,18,0,0,1,1,1,1785714315
2026-08-03T00:18:16Z,566,5,0,13,1,0,1,1,1,1785716084
2026-08-03T00:18:16Z,567,3,0,22,2,0,1,1,1,1785716172
2026-08-03T00:18:16Z,568,11,0,7,1,0,1,1,1,1785715634
2026-08-03T00:18:16Z,569,1,1,18,0,0,1,1,1,1785715522
2026-08-03T00:18:16Z,570,1,0,17,1,0,1,1,1,1785716290
2026-08-03T00:18:16Z,571,11,2,11,1,0,1,1,1,1785716164
2026-08-03T00:18:16Z,572,11,4,7,1,0,1,1,1,1785715538
2026-08-03T00:18:16Z,573,5,3,9,1,0,1,1,1,1785714452
2026-08-03T00:18:16Z,574,4,0,11,0,0,1,1,1,1785713784
2026-08-03T00:18:16Z,575,10,1,10,1,0,1,1,1,1785715533
2026-08-03T00:18:16Z,576,16,0,3,0,0,1,1,1,1785712044
2026-08-03T00:18:16Z,577,11,0,19,1,0,1,1,1,1785715367
2026-08-03T00:18:16Z,578,9,2,13,1,0,1,1,1,1785715885
2026-08-03T00:18:16Z,579,9,1,34,0,0,1,1,1,1785715909
2026-08-03T00:18:16Z,580,1,0,27,1,0,1,1,1,1785714651
2026-08-03T00:18:16Z,581,6,0,12,1,0,1,1,1,1785716290
2026-08-03T00:18:16Z,582,23,4,36,2,0,1,1,1,1785716090
2026-08-03T00:18:16Z,583,5,2,17,1,0,1,1,1,1785716087
2026-08-03T00:18:16Z,584,6,1,9,4,0,1,1,1,1785715624
2026-08-03T00:18:16Z,585,19,1,7,0,1,1,1,1,1785714556
2026-08-03T00:18:16Z,586,28,3,7,0,0,1,1,1,1785715830
2026-08-03T00:18:16Z,587,5,0,18,1,0,1,1,1,1785715255
2026-08-03T00:18:16Z,588,0,0,0,13,6,1,1,1,1785716195
2026-08-03T00:18:16Z,589,9,5,13,0,0,1,1,1,1785715718
2026-08-03T00:18:16Z,590,16,1,15,0,0,1,1,1,1785715654
2026-08-03T00:18:16Z,591,18,2,10,2,0,1,1,1,1785715884
2026-08-03T00:18:16Z,592,4,0,19,0,0,1,1,1,1785714626
2026-08-03T00:18:16Z,593,8,0,30,0,0,1,1,1,1785709341
2026-08-03T00:18:16Z,594,0,0,19,2,0,1,1,1,1785714994
2026-08-03T00:18:16Z,595,0,0,3,0,0,0,1,1,1784046673
2026-08-03T00:18:16Z,605,0,0,2,1,0,0,1,1,1783975843
2026-08-03T00:18:16Z,606,0,0,0,0,0,0,1,1,86400
2026-08-03T00:18:16Z,607,27,0,3,2,0,1,1,1,1785716284
2026-08-03T00:18:16Z,608,3,3,47,0,0,1,1,1,1785714316
2026-08-03T00:18:16Z,609,9,6,14,0,0,1,1,1,1785716231
2026-08-03T00:18:16Z,610,1,0,34,0,0,1,1,1,1785712863
2026-08-03T00:18:16Z,611,2,2,25,0,0,1,1,1,1785715238
2026-08-03T00:18:16Z,612,6,2,9,0,0,1,1,1,1785711987
2026-08-03T00:18:16Z,613,2,1,11,2,0,1,1,1,1785714599
2026-08-03T00:18:16Z,614,8,5,15,3,1,1,1,1,1785715099
2026-08-03T00:18:16Z,617,8,0,6,1,0,1,1,1,1785715256
2026-08-03T00:18:16Z,618,10,5,5,4,0,1,1,1,1785714686
2026-08-03T00:18:16Z,619,15,1,4,0,0,1,1,1,1785715400
2026-08-03T00:18:16Z,620,4,0,23,0,0,1,1,1,1785715762
2026-08-03T00:18:16Z,621,16,0,7,0,0,1,1,1,1785715616
2026-08-03T00:18:16Z,622,10,3,11,2,0,1,1,1,1785714422
2026-08-03T00:18:16Z,623,1,0,28,1,0,1,1,1,1785713834
2026-08-03T00:18:16Z,624,0,0,14,1,0,1,1,1,1785707524
2026-08-03T00:18:16Z,625,7,3,8,6,0,1,1,1,1785714610
2026-08-03T00:18:16Z,626,0,0,45,0,2,1,1,1,1785713372
2026-08-03T00:18:16Z,627,11,7,8,0,0,1,1,1,1785705519
2026-08-03T00:18:16Z,628,11,5,5,2,1,1,1,1,1785716165
2026-08-03T00:18:16Z,629,5,4,5,1,0,1,1,1,1785716033
2026-08-03T00:18:16Z,630,13,0,10,4,0,1,1,1,1785716136
2026-08-03T00:18:16Z,631,4,0,19,0,0,1,1,1,1785712383
2026-08-03T00:18:16Z,632,12,2,8,3,0,1,1,1,1785712132
2026-08-03T00:18:16Z,633,9,2,5,1,0,1,1,1,1785714698
2026-08-03T00:18:16Z,634,8,2,11,0,0,1,1,1,1785702562
2026-08-03T00:18:16Z,635,17,4,2,0,0,1,1,1,1785713770
2026-08-03T00:18:16Z,636,11,1,4,0,0,1,1,1,1785696307
2026-08-03T00:18:16Z,637,12,8,4,3,0,1,1,1,1785710473
2026-08-03T00:18:16Z,638,8,3,8,3,0,1,1,1,1785713067
2026-08-03T00:18:16Z,639,9,1,8,2,0,1,1,1,1785712749
2026-08-03T00:18:16Z,640,16,11,5,2,0,1,1,1,1785716098
2026-08-03T00:18:16Z,641,17,1,9,1,0,1,1,1,1785716096
2026-08-03T00:18:16Z,642,1,1,4,11,3,1,1,1,1785716288
2026-08-03T00:18:16Z,643,0,0,19,8,0,1,1,1,1785716291
2026-08-03T00:18:16Z,644,10,4,5,0,0,1,1,1,1785709226
2026-08-03T00:18:16Z,645,18,3,4,0,1,1,1,1,1785714074
2026-08-03T00:18:16Z,646,7,0,11,1,0,1,1,1,1785713742
2026-08-03T00:18:16Z,647,21,1,10,0,0,1,1,1,1785714841
2026-08-03T00:18:16Z,648,3,0,15,1,0,1,1,1,1785712172
2026-08-03T00:18:16Z,649,25,1,6,0,0,1,1,1,1785713764
2026-08-03T00:18:16Z,650,4,0,10,0,0,1,1,1,1785701495
2026-08-03T00:18:16Z,651,5,4,18,0,0,1,1,1,1785715426
2026-08-03T00:18:16Z,652,6,3,15,2,0,1,1,1,1785716091
2026-08-03T00:18:16Z,653,13,1,5,1,0,1,1,1,1785702565
2026-08-03T00:18:16Z,654,3,2,11,1,0,1,1,1,1785715993
2026-08-03T00:18:16Z,655,0,0,1,8,4,1,1,1,1785716014
2026-08-03T00:18:16Z,656,16,2,3,0,0,1,1,1,1785716114
2026-08-03T00:18:16Z,657,1,0,11,3,2,1,1,1,1785716063
2026-08-03T00:18:16Z,658,4,0,1,4,1,1,1,1,1785716037
2026-08-03T00:18:16Z,659,9,7,4,2,0,1,1,1,1785714245
2026-08-03T00:18:16Z,660,18,1,6,7,0,1,1,1,1785716292
2026-08-03T00:18:16Z,661,8,2,9,2,0,1,1,1,1785716165
2026-08-03T00:18:16Z,662,6,4,15,2,0,1,1,1,1785715879
2026-08-03T00:18:16Z,663,8,1,7,0,0,1,1,1,1785715561
2026-08-03T00:18:16Z,664,3,0,24,0,0,1,1,1,1785715774
2026-08-03T00:18:16Z,665,6,1,8,1,0,1,1,1,1785716189
2026-08-03T00:18:16Z,666,6,2,6,3,0,1,1,1,1785712008
2026-08-03T00:18:16Z,667,7,1,11,1,0,1,1,1,1785716071
2026-08-03T00:18:16Z,668,15,0,4,0,0,1,1,1,1785714441
2026-08-03T00:18:16Z,669,1,0,12,1,0,1,1,1,1785713598
2026-08-03T00:18:16Z,670,19,2,6,2,0,1,1,1,1785716126
2026-08-03T00:18:16Z,671,23,2,3,1,0,1,1,1,1785715633
2026-08-03T00:18:16Z,672,15,1,4,3,1,1,1,1,1785714183
2026-08-03T00:18:16Z,673,18,0,4,1,0,1,1,1,1785715998
2026-08-03T00:18:16Z,674,0,0,20,3,0,1,1,1,1785715980
2026-08-03T00:18:16Z,675,7,6,6,2,0,1,1,1,1785716270
2026-08-03T00:18:16Z,676,10,1,12,0,0,1,1,1,1785716073
2026-08-03T00:18:16Z,681,11,3,3,0,1,1,1,1,1785715233
2026-08-03T00:18:16Z,682,3,1,15,1,0,1,1,1,1785683408
2026-08-03T00:18:16Z,683,4,2,15,0,0,1,1,1,1785715539
2026-08-03T00:18:16Z,684,1,0,26,0,0,1,1,1,1785660807
2026-08-03T00:18:16Z,685,5,1,20,1,1,1,1,1,1785705171
2026-08-03T00:18:16Z,686,10,0,15,2,0,1,1,1,1785716092
2026-08-03T00:18:16Z,687,12,1,16,2,1,1,1,1,1785716195
2026-08-03T00:18:16Z,688,13,5,6,0,0,1,1,1,1785705960
2026-08-03T00:18:16Z,692,11,6,9,1,0,1,1,1,1785715523
2026-08-03T00:18:16Z,693,7,1,1,3,0,1,1,1,1785715320
2026-08-03T00:18:16Z,694,5,1,16,0,0,1,1,1,1785715606
2026-08-03T00:18:16Z,695,19,9,4,0,0,1,1,1,1785714919
2026-08-03T00:18:16Z,696,17,10,6,0,0,1,1,1,1785716113
2026-08-03T00:18:16Z,697,18,3,5,0,0,1,1,1,1785716289
2026-08-03T00:18:16Z,698,14,1,12,1,0,1,1,1,1785716229
2026-08-03T00:18:16Z,699,8,0,7,0,0,1,1,1,1785715721
2026-08-03T00:18:16Z,700,13,0,3,3,0,1,1,1,1785714940
2026-08-03T00:18:16Z,701,10,2,9,0,0,1,1,1,1785715903
2026-08-03T00:18:16Z,702,20,0,3,0,0,1,1,1,1785715221
2026-08-03T00:18:16Z,704,8,3,7,0,0,1,1,1,1785715055
2026-08-03T00:18:16Z,705,9,3,5,1,0,1,1,1,1785715358
2026-08-03T00:18:16Z,706,12,4,1,2,0,1,1,1,1785715773
2026-08-03T00:18:16Z,707,14,1,0,1,0,1,1,1,1785691406
2026-08-03T00:18:16Z,708,12,0,7,0,0,1,1,1,1785714845
2026-08-03T00:18:16Z,709,10,3,4,1,0,1,1,1,1785714791
2026-08-03T00:18:16Z,710,12,3,7,0,0,1,1,1,1785715898
2026-08-03T00:18:16Z,711,8,4,12,3,0,1,1,1,1785716167
2026-08-03T00:18:16Z,712,2,0,12,1,0,1,1,1,1785715744
2026-08-03T00:18:16Z,713,6,1,17,0,0,1,1,1,1785715356
2026-08-03T00:18:16Z,716,5,4,9,1,0,1,1,1,1785716096
2026-08-03T00:18:16Z,717,13,6,11,1,0,1,1,1,1785716101
2026-08-03T00:18:16Z,718,7,2,8,0,0,1,1,1,1785715573
2026-08-03T00:18:16Z,719,19,0,10,0,0,1,1,1,1785715697
2026-08-03T00:18:16Z,720,6,2,13,0,0,1,1,1,1785716238
2026-08-03T00:18:16Z,721,15,1,7,1,0,1,1,1,1785715710
2026-08-03T00:18:16Z,722,7,0,7,1,0,1,1,1,1785716073
2026-08-03T00:18:16Z,723,11,2,12,0,0,1,1,1,1785715013
2026-08-03T00:18:16Z,724,2,0,21,0,0,1,1,1,1785715810
2026-08-03T00:18:16Z,725,10,0,13,0,0,1,1,1,1785715506
2026-08-03T00:18:16Z,726,5,1,13,1,0,1,1,1,1785715747
2026-08-03T00:18:16Z,727,9,5,13,1,0,1,1,1,1785715676
2026-08-03T00:18:16Z,728,7,1,7,1,0,1,1,1,1785714709
2026-08-03T00:18:16Z,729,11,0,8,0,0,1,1,1,1785712209
2026-08-03T00:18:16Z,730,7,4,8,0,0,1,1,1,1785715313
2026-08-03T00:18:16Z,731,10,0,3,2,0,1,1,1,1785714604
2026-08-03T00:18:16Z,732,10,1,5,0,0,1,1,1,1785716128
2026-08-03T00:18:16Z,733,1,0,25,1,0,1,1,1,1785715112
2026-08-03T00:18:16Z,734,11,2,3,0,0,1,1,1,1785715164
2026-08-03T00:18:16Z,735,9,1,17,1,0,1,1,1,1785714751
2026-08-03T00:18:16Z,736,17,1,2,0,0,1,1,1,1785715038
2026-08-03T00:18:16Z,737,5,2,8,1,1,1,1,1,1785715547
2026-08-03T00:18:16Z,738,17,1,1,1,0,1,1,1,1785715025
2026-08-03T00:18:16Z,739,9,2,17,1,0,1,1,1,1785715421
2026-08-03T00:18:16Z,741,7,0,16,0,0,1,1,1,1785714975
2026-08-03T00:18:16Z,742,15,4,20,0,0,1,1,1,1785716289
2026-08-03T00:18:16Z,743,7,0,10,2,0,1,1,1,1785715544
2026-08-03T00:18:16Z,744,5,1,9,1,0,1,1,1,1785715953
2026-08-03T00:18:16Z,745,7,2,10,2,0,1,1,1,1785715412
2026-08-03T00:18:16Z,746,5,2,18,0,0,1,1,1,1785715192
2026-08-03T00:18:16Z,747,0,0,4,0,0,0,1,1,1783446606
2026-08-03T00:18:16Z,748,9,0,14,0,0,1,1,1,1785714663
2026-08-03T00:18:16Z,749,19,3,4,0,0,1,1,1,1785715910
2026-08-03T00:18:16Z,750,7,5,4,0,0,1,1,1,1785715903
2026-08-03T00:18:16Z,751,18,9,4,1,0,1,1,1,1785715880
2026-08-03T00:18:16Z,752,8,6,8,1,0,1,1,1,1785716279
2026-08-03T00:18:16Z,753,6,1,9,0,0,1,1,1,1785715474
2026-08-03T00:18:16Z,754,2,0,13,0,0,1,1,1,1785715404
2026-08-03T00:18:16Z,755,15,4,6,2,0,1,1,1,1785716184
2026-08-03T00:18:16Z,756,12,3,24,1,0,1,1,1,1785716100
2026-08-03T00:18:16Z,757,14,9,4,1,0,1,1,1,1785716171
2026-08-03T00:18:16Z,758,18,2,5,0,0,1,1,1,1785716034
2026-08-03T00:18:16Z,759,6,5,9,0,0,1,1,1,1785715857
2026-08-03T00:18:16Z,760,6,1,13,0,0,1,1,1,1785679974
2026-08-03T00:18:16Z,761,18,7,5,0,0,1,1,1,1785715119
2026-08-03T00:18:16Z,762,6,2,7,2,0,1,1,1,1785716216
2026-08-03T00:18:16Z,768,12,1,4,3,0,1,1,1,1785715703
2026-08-03T00:18:16Z,769,16,11,3,0,0,1,1,1,1785716110
2026-08-03T00:18:16Z,770,7,2,10,2,0,1,1,1,1785715249
2026-08-03T00:18:16Z,771,12,2,2,1,0,1,1,1,1785714507
2026-08-03T00:18:16Z,772,13,2,1,1,0,1,1,1,1785714965
2026-08-03T00:18:16Z,773,7,5,11,1,0,1,1,1,1785715807
2026-08-03T00:18:16Z,774,11,6,3,1,0,1,1,1,1785715432
2026-08-03T00:18:16Z,775,6,0,11,2,0,1,1,1,1785715306
2026-08-03T00:18:16Z,776,2,0,18,1,0,1,1,1,1785715744
2026-08-03T00:18:16Z,777,4,1,11,0,0,1,1,1,1785715146
2026-08-03T00:18:16Z,778,11,1,8,0,0,1,1,1,1785715099
2026-08-03T00:18:16Z,779,13,0,6,0,0,1,1,1,1785715094
2026-08-03T00:18:16Z,780,10,2,6,3,0,1,1,1,1785715771
2026-08-03T00:18:16Z,781,0,0,6,5,0,1,1,1,1785715229
2026-08-03T00:18:16Z,782,6,0,10,3,0,1,1,1,1785714848
2026-08-03T00:18:16Z,783,6,1,12,1,0,1,1,1,1785715770
2026-08-03T00:18:16Z,784,0,0,17,2,0,1,1,1,1785715738
2026-08-03T00:18:16Z,785,11,2,2,6,0,1,1,1,1785714517
2026-08-03T00:18:16Z,786,6,3,13,0,0,1,1,1,1785715935
2026-08-03T00:18:16Z,787,4,3,10,1,0,1,1,1,1785715138
2026-08-03T00:18:16Z,788,4,3,11,0,0,1,1,1,1785716214
2026-08-03T00:18:16Z,789,8,3,5,2,0,1,1,1,1785716291
2026-08-03T00:18:16Z,790,5,3,18,0,0,1,1,1,1785715976
2026-08-03T00:18:16Z,791,16,3,2,0,1,1,1,1,1785715455
2026-08-03T00:18:16Z,793,5,1,9,1,0,1,1,1,1785714528
2026-08-03T00:18:16Z,794,17,4,8,4,0,1,1,1,1785716000
2026-08-03T00:18:16Z,796,10,1,8,1,0,1,1,1,1785714825
2026-08-03T00:18:16Z,797,1,0,14,0,0,1,1,1,1785709083
2026-08-03T00:18:16Z,798,0,0,23,2,0,1,1,1,1785715278
2026-08-03T00:18:16Z,799,6,0,10,3,0,1,1,1,1785714775
2026-08-03T00:18:16Z,800,13,1,6,2,0,1,1,1,1785716216
2026-08-03T00:18:16Z,801,9,8,11,1,0,1,1,1,1785715395
2026-08-03T00:18:16Z,802,6,2,23,2,0,1,1,1,1785715781
2026-08-03T00:18:16Z,803,5,0,9,1,0,1,1,1,1785716227
2026-08-03T00:18:16Z,806,3,1,11,1,0,1,1,1,1785714461
2026-08-03T00:18:16Z,807,13,3,12,0,0,1,1,1,1785715621
2026-08-03T00:18:16Z,808,6,1,17,2,0,1,1,1,1785714464
2026-08-03T00:18:16Z,809,4,1,18,1,0,1,1,1,1785714943
2026-08-03T00:18:16Z,810,6,1,11,2,0,1,1,1,1785715189
2026-08-03T00:18:16Z,815,3,3,9,2,1,1,1,1,1785716042
2026-08-03T00:18:16Z,817,12,3,3,0,0,1,1,1,1785716142
2026-08-03T00:18:16Z,818,6,0,17,0,0,1,1,1,1785715782
2026-08-03T00:18:16Z,819,9,0,6,0,0,1,1,1,1785704866
2026-08-03T00:18:16Z,820,15,2,2,0,0,1,1,1,1785715498
2026-08-03T00:18:16Z,821,1,0,13,1,0,1,1,1,1785715470
2026-08-03T00:18:16Z,822,3,2,20,0,0,1,1,1,1785716254
2026-08-03T00:18:16Z,823,4,0,11,0,0,1,1,1,1785715989
2026-08-03T00:18:16Z,824,18,15,1,0,0,1,1,1,1785715929
2026-08-03T00:18:16Z,825,4,1,11,0,0,1,1,1,1785713931
2026-08-03T00:18:16Z,826,16,2,1,2,0,1,1,1,1785715980
2026-08-03T00:18:16Z,827,8,2,12,1,0,1,1,1,1785715675
2026-08-03T00:18:16Z,828,16,1,2,0,0,1,1,1,1785716260
2026-08-03T00:18:16Z,829,19,8,8,0,0,1,1,1,1785716124
2026-08-03T00:18:16Z,830,4,1,18,1,0,1,1,1,1785715548
2026-08-03T00:18:16Z,831,7,5,7,1,0,1,1,1,1785715761
2026-08-03T00:18:16Z,832,0,0,16,2,0,1,1,1,1785716168
2026-08-03T00:18:16Z,833,6,2,11,2,0,1,1,1,1785715948
2026-08-03T00:18:16Z,834,2,0,21,1,0,1,1,1,1785716116
2026-08-03T00:18:16Z,835,5,1,11,2,0,1,1,1,1785716111
2026-08-03T00:18:16Z,838,7,4,8,0,0,1,1,1,1785714765
2026-08-03T00:18:16Z,839,2,0,27,0,0,1,1,1,1785716114
2026-08-03T00:18:16Z,840,19,3,8,2,0,1,1,1,1785716053
2026-08-03T00:18:16Z,841,3,0,10,2,0,1,1,1,1785715733
2026-08-03T00:18:16Z,842,9,2,14,0,0,1,1,1,1785716225
2026-08-03T00:18:16Z,843,21,2,9,1,0,1,1,1,1785714657
2026-08-03T00:18:16Z,844,1,0,22,0,0,1,1,1,1785715355
2026-08-03T00:18:16Z,845,6,3,10,3,0,1,1,1,1785715917
2026-08-03T00:18:16Z,846,2,1,15,2,0,1,1,1,1785715545
2026-08-03T00:18:16Z,847,7,1,19,1,0,1,1,1,1785715924
2026-08-03T00:18:16Z,848,5,0,13,1,0,1,1,1,1785711558
2026-08-03T00:18:16Z,849,0,0,14,1,0,1,1,1,1785715185
2026-08-03T00:18:16Z,850,8,0,2,1,0,1,1,1,1785714976
2026-08-03T00:18:16Z,851,22,6,12,3,0,1,1,1,1785714708
2026-08-03T00:18:16Z,852,12,7,7,0,0,1,1,1,1785715911
2026-08-03T00:18:16Z,853,9,4,14,0,0,1,1,1,1785715519
2026-08-03T00:18:16Z,854,9,1,6,0,0,1,1,1,1785715701
2026-08-03T00:18:16Z,855,12,0,15,0,0,1,1,1,1785713020
2026-08-03T00:18:16Z,857,16,11,0,3,0,1,1,1,1785699207
2026-08-03T00:18:16Z,858,5,2,13,1,0,1,1,1,1785714892
2026-08-03T00:18:16Z,859,11,4,9,1,0,1,1,1,1785715729
2026-08-03T00:18:16Z,861,8,1,2,1,0,1,1,1,1785683161
2026-08-03T00:18:16Z,862,10,2,4,1,0,1,1,1,1785715796
2026-08-03T00:18:16Z,863,16,3,2,1,0,1,1,1,1785712746
2026-08-03T00:18:16Z,866,7,0,11,1,0,1,1,1,1785714698
2026-08-03T00:18:16Z,867,7,2,8,0,0,1,1,1,1785715389
2026-08-03T00:18:16Z,868,6,0,8,1,0,1,1,1,1785715797
2026-08-03T00:18:16Z,870,8,2,7,0,0,1,1,1,1785716048
2026-08-03T00:18:16Z,871,0,0,10,1,0,1,1,1,1785715161
2026-08-03T00:18:16Z,872,1,1,13,1,0,1,1,1,1785715952
2026-08-03T00:18:16Z,873,1,1,31,1,0,1,1,1,1785715383
2026-08-03T00:18:16Z,874,6,1,6,3,0,1,1,1,1785715946
2026-08-03T00:18:16Z,875,9,7,5,1,0,1,1,1,1785715458
2026-08-03T00:18:16Z,877,12,12,7,0,0,1,1,1,1785716065
2026-08-03T00:18:16Z,878,4,4,15,0,0,1,1,1,1785714714
2026-08-03T00:18:16Z,879,3,2,16,0,0,1,1,1,1785715510
2026-08-03T00:18:16Z,880,5,1,16,2,0,1,1,1,1785715964
2026-08-03T00:18:16Z,881,7,3,12,0,0,1,1,1,1785714618
2026-08-03T00:18:16Z,882,9,4,9,1,0,1,1,1,1785672846
2026-08-03T00:18:16Z,883,11,5,8,0,0,1,1,1,1785716293
2026-08-03T00:18:16Z,884,9,4,12,0,0,1,1,1,1785716117
2026-08-03T00:18:16Z,885,4,1,15,0,0,1,1,1,1785689211
2026-08-03T00:18:16Z,886,20,5,7,0,0,1,1,1,1785715595
2026-08-03T00:18:16Z,887,5,2,10,2,0,1,1,1,1785716206
2026-08-03T00:18:16Z,888,6,3,33,2,0,1,1,1,1785716235
2026-08-03T00:18:16Z,889,1,0,16,1,1,1,1,1,1785716171
2026-08-03T00:18:16Z,890,8,1,6,1,0,1,1,1,1785707949
2026-08-03T00:18:16Z,891,20,0,2,1,0,1,1,1,1785715835
2026-08-03T00:18:16Z,892,11,2,4,0,0,1,1,1,1785715304
2026-08-03T00:18:16Z,895,3,0,16,0,0,1,1,1,1785690376
2026-08-03T00:18:16Z,896,7,1,26,2,0,1,1,1,1785715792
2026-08-03T00:18:16Z,897,18,0,3,0,0,1,1,1,1785714598
2026-08-03T00:18:16Z,898,1,0,18,0,0,1,1,1,1785715935
2026-08-03T00:18:16Z,899,13,1,6,0,0,1,1,1,1785715734
2026-08-03T00:18:16Z,900,15,3,11,1,0,1,1,1,1785716220
2026-08-03T00:18:16Z,901,7,0,11,1,0,1,1,1,1785716186
2026-08-03T00:18:16Z,902,3,0,12,0,0,1,1,1,1785715663
2026-08-03T00:18:16Z,903,15,0,3,1,0,1,1,1,1785715859
2026-08-03T00:18:16Z,904,10,4,8,1,0,1,1,1,1785714575
2026-08-03T00:18:16Z,905,0,0,27,0,0,1,1,1,1785715977
2026-08-03T00:18:16Z,906,0,0,27,0,0,1,1,1,1785715643
2026-08-03T00:18:16Z,907,13,0,18,0,0,1,1,1,1785715330
2026-08-03T00:18:16Z,908,5,1,18,0,0,1,1,1,1785714742
2026-08-03T00:18:16Z,909,12,4,10,1,0,1,1,1,1785716150
2026-08-03T00:18:16Z,910,10,1,20,1,0,1,1,1,1785715683
2026-08-03T00:18:16Z,911,2,1,17,0,0,1,1,1,1785715860
2026-08-03T00:18:16Z,912,18,0,4,1,0,1,1,1,1785716046
2026-08-03T00:18:16Z,913,6,3,13,0,0,1,1,1,1785715120
2026-08-03T00:18:16Z,914,4,1,15,0,0,1,1,1,1785715267
2026-08-03T00:18:16Z,915,21,1,1,1,0,1,1,1,1785716219
2026-08-03T00:18:16Z,916,19,1,4,0,0,1,1,1,1785716042
2026-08-03T00:18:16Z,917,0,0,35,0,0,1,1,1,1785714681
2026-08-03T00:18:16Z,918,18,3,1,0,0,1,1,1,1785715962
2026-08-03T00:18:16Z,919,11,0,27,1,0,1,1,1,1785716250
2026-08-03T00:18:16Z,920,5,3,14,0,0,1,1,1,1785714720
2026-08-03T00:18:16Z,921,12,0,9,0,0,1,1,1,1785716182
2026-08-03T00:18:16Z,922,5,1,16,0,0,1,1,1,1785715469
2026-08-03T00:18:16Z,923,13,11,6,0,0,1,1,1,1785715979
2026-08-03T00:18:16Z,924,21,3,0,0,0,1,1,1,1785715328
2026-08-03T00:18:16Z,925,10,1,10,1,0,1,1,1,1785715000
2026-08-03T00:18:16Z,926,3,0,18,0,0,1,1,1,1785714755
2026-08-03T00:18:16Z,927,3,3,32,0,0,1,1,1,1785716080
2026-08-03T00:18:16Z,928,0,0,19,0,0,0,1,1,1785500252
2026-08-03T00:18:16Z,929,2,0,21,0,0,1,1,1,1785715897
2026-08-03T00:18:16Z,930,6,0,24,1,0,1,1,1,1785716195
2026-08-03T00:18:16Z,931,2,2,21,0,0,1,1,1,1785715989
2026-08-03T00:18:16Z,932,9,0,7,3,0,1,1,1,1785715569
2026-08-03T00:18:16Z,933,16,1,5,2,0,1,1,1,1785711992
2026-08-03T00:18:16Z,934,9,0,22,0,0,1,1,1,1785715646
2026-08-03T00:18:16Z,935,5,0,12,2,0,1,1,1,1785715228
2026-08-03T00:18:16Z,936,13,0,6,0,0,1,1,1,1785715551
2026-08-03T00:18:16Z,940,1,0,10,0,0,1,1,1,1785711043
2026-08-03T00:18:16Z,941,3,0,20,2,0,1,1,1,1785715330
2026-08-03T00:18:16Z,942,19,4,2,0,0,1,1,1,1785714818
2026-08-03T00:18:16Z,943,9,9,6,0,0,1,1,1,1785715929
2026-08-03T00:18:16Z,944,12,10,3,0,0,1,1,1,1785715907
2026-08-03T00:18:16Z,945,5,5,10,0,0,1,1,1,1785715407
2026-08-03T00:18:16Z,946,7,5,12,0,0,1,1,1,1785683246
2026-08-03T00:18:16Z,947,3,0,14,0,0,1,1,1,1785715914
2026-08-03T00:18:16Z,948,10,9,17,4,0,1,1,1,1785715532
2026-08-03T00:18:16Z,949,2,2,12,1,0,1,1,1,1785715992
2026-08-03T00:18:16Z,950,4,0,11,2,0,1,1,1,1785716211
2026-08-03T00:18:16Z,951,9,1,14,0,0,1,1,1,1785715628
2026-08-03T00:18:16Z,952,37,0,18,0,0,1,1,1,1785715523
2026-08-03T00:18:16Z,953,10,0,5,0,0,1,1,1,1785714989
2026-08-03T00:18:16Z,954,15,4,4,0,0,1,1,1,1785716199
2026-08-03T00:18:16Z,955,10,0,16,1,0,1,1,1,1785715707
2026-08-03T00:18:16Z,956,0,0,23,0,0,1,1,1,1785716190
2026-08-03T00:18:16Z,957,24,0,5,0,0,1,1,1,1785716036
2026-08-03T00:18:16Z,958,16,0,15,0,0,1,1,1,1785715685
2026-08-03T00:18:16Z,959,16,10,6,1,0,1,1,1,1785716122
2026-08-03T00:18:16Z,960,2,0,21,0,0,1,1,1,1785716195
2026-08-03T00:18:16Z,961,15,4,5,3,0,1,1,1,1785715052
2026-08-03T00:18:16Z,962,5,5,27,3,0,1,1,1,1785716114
2026-08-03T00:18:16Z,963,6,0,16,1,0,1,1,1,1785715781
2026-08-03T00:18:16Z,964,23,10,0,0,0,1,1,1,1785715786
2026-08-03T00:18:16Z,965,8,3,17,2,0,1,1,1,1785715562
2026-08-03T00:18:16Z,966,27,2,4,0,0,1,1,1,1785716023
2026-08-03T00:18:16Z,967,7,3,12,1,1,1,1,1,1785716055
2026-08-03T00:18:16Z,968,7,1,12,0,0,1,1,1,1785716252
2026-08-03T00:18:16Z,969,12,1,12,3,0,1,1,1,1785715621
2026-08-03T00:18:16Z,970,8,2,10,1,0,1,1,1,1785715887
2026-08-03T00:18:16Z,971,2,0,20,1,0,1,1,1,1785715011
2026-08-03T00:18:16Z,972,7,4,16,0,0,1,1,1,1785716218
2026-08-03T00:18:16Z,973,9,2,14,0,0,1,1,1,1785716225
2026-08-03T00:18:16Z,974,16,0,11,0,0,1,1,1,1785715362
2026-08-03T00:18:16Z,977,10,3,8,3,0,1,1,1,1785716294
2026-08-03T00:18:16Z,978,9,2,14,0,0,1,1,1,1785715574
2026-08-03T00:18:16Z,979,5,1,12,0,0,1,1,1,1785715878
2026-08-03T00:18:16Z,980,2,0,19,0,0,1,1,1,1785715796
2026-08-03T00:18:16Z,981,0,0,21,0,0,1,1,1,1785715963
2026-08-03T00:18:16Z,982,2,1,14,3,0,1,1,1,1785716092
2026-08-03T00:18:16Z,983,13,2,10,0,0,1,1,1,1785714948
2026-08-03T00:18:16Z,984,6,0,17,0,0,1,1,1,1785716218
2026-08-03T00:18:16Z,985,20,3,10,1,0,1,1,1,1785715471
2026-08-03T00:18:16Z,986,6,2,13,0,0,1,1,1,1785716120
2026-08-03T00:18:16Z,987,7,0,16,0,0,1,1,1,1785715032
2026-08-03T00:18:16Z,988,2,2,17,0,0,1,1,1,1785714553
2026-08-03T00:18:16Z,989,5,3,14,0,0,1,1,1,1785715282
2026-08-03T00:18:16Z,990,13,1,1,1,0,1,1,1,1785716154
2026-08-03T00:18:16Z,991,8,1,9,2,0,1,1,1,1785715813
2026-08-03T00:18:16Z,992,9,3,13,1,0,1,1,1,1785715306
2026-08-03T00:18:16Z,993,20,0,6,1,0,1,1,1,1785715791
2026-08-03T00:18:16Z,994,6,3,14,1,0,1,1,1,1785715726
2026-08-03T00:18:16Z,995,9,2,18,0,0,1,1,1,1785714883
2026-08-03T00:18:16Z,996,5,2,18,0,0,1,1,1,1785714610
2026-08-03T00:18:16Z,997,15,5,6,2,0,1,1,1,1785716279
2026-08-03T00:18:16Z,998,5,2,18,0,0,1,1,1,1785714820
2026-08-03T00:18:16Z,999,8,1,10,2,1,1,1,1,1785714481
2026-08-03T00:18:16Z,1000,0,0,21,0,0,1,1,1,1785715252
2026-08-03T00:18:16Z,1001,9,0,18,0,0,1,1,1,1785715055
2026-08-03T00:18:16Z,1002,5,0,25,1,0,1,1,1,1785716027
2026-08-03T00:18:16Z,1003,1,0,19,3,0,1,1,1,1785716255
2026-08-03T00:18:16Z,1004,11,0,12,0,0,1,1,1,1785715747
2026-08-03T00:18:16Z,1005,23,2,0,0,0,1,1,1,1785714625
2026-08-03T00:18:16Z,1006,15,3,2,2,0,1,1,1,1785715639
2026-08-03T00:18:16Z,1007,3,1,18,0,0,1,1,1,1785715795
2026-08-03T00:18:16Z,1008,8,7,15,0,0,1,1,1,1785715492
2026-08-03T00:18:16Z,1009,20,4,10,1,0,1,1,1,1785715753
2026-08-03T00:18:16Z,1010,7,2,20,0,0,1,1,1,1785714505
2026-08-03T00:18:16Z,1011,7,3,12,0,0,1,1,1,1785714642
2026-08-03T00:18:16Z,1012,5,3,17,1,0,1,1,1,1785716219
2026-08-03T00:18:16Z,1013,4,0,17,2,0,1,1,1,1785714836
2026-08-03T00:18:16Z,1014,7,3,15,1,0,1,1,1,1785714943
2026-08-03T00:18:16Z,1015,6,3,24,1,0,1,1,1,1785715627
2026-08-03T00:18:16Z,1016,10,5,21,0,0,1,1,1,1785714726
2026-08-03T00:18:16Z,1017,16,7,5,0,0,1,1,1,1785715586
2026-08-03T00:18:16Z,1018,3,0,17,2,0,1,1,1,1785716268
2026-08-03T00:18:16Z,1019,7,4,5,3,0,1,1,1,1785715874
2026-08-03T00:18:16Z,1020,10,4,11,0,0,1,1,1,1785715395
2026-08-03T00:18:16Z,1021,8,2,6,1,0,1,1,1,1785714829
2026-08-03T00:18:16Z,1022,15,1,12,0,0,1,1,1,1785714778
2026-08-03T00:18:16Z,1023,12,0,11,0,0,1,1,1,1785716085
2026-08-03T00:18:16Z,1024,2,0,17,0,0,1,1,1,1785715015
2026-08-03T00:18:16Z,1025,3,0,15,0,1,1,1,1,1785714841
2026-08-03T00:18:16Z,1026,14,9,16,1,0,1,1,1,1785715968
2026-08-03T00:18:16Z,1028,5,1,18,0,0,1,1,1,1785714578
2026-08-03T00:18:16Z,1029,9,7,4,2,0,1,1,1,1785715215
2026-08-03T00:18:16Z,1030,13,4,10,0,0,1,1,1,1785715314
2026-08-03T00:18:16Z,1031,10,3,9,0,0,1,1,1,1785715380
2026-08-03T00:18:16Z,1032,10,1,9,0,0,1,1,1,1785716071
2026-08-03T00:18:16Z,1033,11,4,7,1,0,1,1,1,1785715137
2026-08-03T00:18:16Z,1034,0,0,15,0,0,1,1,1,1785715919
2026-08-03T00:18:16Z,1035,1,1,17,1,0,1,1,1,1785716121
2026-08-03T00:18:16Z,1036,13,0,2,0,0,1,1,1,1785714677
2026-08-03T00:18:16Z,1037,2,0,16,1,0,1,1,1,1785714498
2026-08-03T00:18:16Z,1038,3,1,12,0,0,1,1,1,1785715566
2026-08-03T00:18:16Z,1039,2,1,17,0,0,1,1,1,1785716208
2026-08-03T00:18:16Z,1040,13,7,6,0,0,1,1,1,1785716191
2026-08-03T00:18:16Z,1041,14,1,4,1,0,1,1,1,1785715993
2026-08-03T00:18:16Z,1042,4,3,10,1,0,1,1,1,1785715885
2026-08-03T00:18:16Z,1043,13,5,6,0,0,1,1,1,1785716202
2026-08-03T00:18:16Z,1044,0,0,15,0,0,1,1,1,1785715609
2026-08-03T00:18:16Z,1045,11,1,7,1,0,1,1,1,1785716076
2026-08-03T00:18:16Z,1046,9,1,6,0,0,1,1,1,1785715273
2026-08-03T00:18:16Z,1047,9,3,12,0,0,1,1,1,1785715149
2026-08-03T00:18:16Z,1048,3,0,16,0,0,1,1,1,1785716051
2026-08-03T00:18:16Z,1049,4,1,17,0,0,1,1,1,1785714449
2026-08-03T00:18:16Z,1050,15,0,5,1,0,1,1,1,1785715532
2026-08-03T00:18:16Z,1051,11,6,10,0,0,1,1,1,1785715426
2026-08-03T00:18:16Z,1052,20,3,1,1,0,1,1,1,1785716105
2026-08-03T00:18:16Z,1053,2,1,13,0,0,1,1,1,1785715569
2026-08-03T00:18:16Z,1054,13,0,1,1,0,1,1,1,1785716028
2026-08-03T00:18:16Z,1055,15,1,4,0,0,1,1,1,1785716210
2026-08-03T00:18:16Z,1057,8,0,11,0,0,1,1,1,1785715694
2026-08-03T00:18:16Z,1058,7,0,49,0,0,1,1,1,1785715993
2026-08-03T00:18:16Z,1059,5,1,13,1,0,1,1,1,1785715889
2026-08-03T00:18:16Z,1060,20,17,17,0,0,1,1,1,1785715202
2026-08-03T00:18:16Z,1061,31,0,6,0,0,1,1,1,1785716203
2026-08-03T00:18:16Z,1062,12,0,5,0,0,1,1,1,1785716260
2026-08-03T00:18:16Z,1063,9,0,8,2,0,1,1,1,1785715188
2026-08-03T00:18:16Z,1064,6,1,17,0,0,1,1,1,1785714862
2026-08-03T00:18:16Z,1065,12,2,11,0,0,1,1,1,1785715100
2026-08-03T00:18:16Z,1066,13,3,10,0,0,1,1,1,1785714918
2026-08-03T00:18:16Z,1067,8,3,15,0,0,1,1,1,1785715921
2026-08-03T00:18:16Z,1068,5,2,15,3,0,1,1,1,1785714804
2026-08-03T00:18:16Z,1069,12,2,11,0,0,1,1,1,1785714736
2026-08-03T00:18:16Z,1070,11,1,10,2,0,1,1,1,1785714869
2026-08-03T00:18:16Z,1071,6,2,15,2,0,1,1,1,1785714891
2026-08-03T00:18:16Z,1072,9,0,12,2,0,1,1,1,1785715208
2026-08-03T00:18:16Z,1073,26,3,1,0,0,1,1,1,1785716248
2026-08-03T00:18:16Z,1074,25,1,26,2,0,1,1,1,1785715443
2026-08-03T00:18:16Z,1075,9,7,12,0,0,1,1,1,1785715582
2026-08-03T00:18:16Z,1076,11,10,10,0,0,1,1,1,1785715544
2026-08-03T00:18:16Z,1077,11,9,10,0,0,1,1,1,1785715136
2026-08-03T00:18:16Z,1078,10,8,11,0,0,1,1,1,1785715573
2026-08-03T00:18:16Z,1079,10,8,11,0,0,1,1,1,1785714488
2026-08-03T00:18:16Z,1080,10,9,11,0,0,1,1,1,1785716131
2026-08-03T00:18:16Z,1081,11,8,7,1,0,1,1,1,1785716178
2026-08-03T00:18:16Z,1082,15,13,8,0,0,1,1,1,1785714539
2026-08-03T00:18:16Z,1083,10,9,11,0,0,1,1,1,1785714605
2026-08-03T00:18:16Z,1084,9,7,12,0,0,1,1,1,1785716031
2026-08-03T00:18:16Z,1085,12,6,9,0,0,1,1,1,1785716051
2026-08-03T00:18:16Z,1086,9,7,12,0,0,1,1,1,1785715907
2026-08-03T00:18:16Z,1087,11,9,4,0,0,1,1,1,1785716192
2026-08-03T00:18:16Z,1088,7,6,8,0,0,1,1,1,1785716121
2026-08-03T00:18:16Z,1089,9,7,6,0,0,1,1,1,1785715648
2026-08-03T00:18:16Z,1090,10,8,5,0,0,1,1,1,1785714953
2026-08-03T00:18:16Z,1091,9,7,6,0,0,1,1,1,1785715147
2026-08-03T00:18:16Z,1092,10,9,5,0,0,1,1,1,1785714538
2026-08-03T00:18:16Z,1093,9,7,6,0,0,1,1,1,1785714923
2026-08-03T00:18:16Z,1094,13,11,6,0,0,1,1,1,1785716042
2026-08-03T00:18:16Z,1095,10,8,5,0,0,1,1,1,1785715805
2026-08-03T00:18:16Z,1096,7,5,12,0,0,1,1,1,1785714665
2026-08-03T00:18:16Z,1097,9,7,6,0,0,1,1,1,1785714726
2026-08-03T00:18:16Z,1098,10,8,9,0,0,1,1,1,1785715775
2026-08-03T00:18:16Z,1099,8,6,7,0,0,1,1,1,1785715875
2026-08-03T00:18:16Z,1100,9,4,19,1,0,1,1,1,1785703987
2026-08-03T00:18:16Z,1101,8,3,13,0,0,1,1,1,1785715936
2026-08-03T00:18:16Z,1102,10,5,3,0,0,1,1,1,1785714794
2026-08-03T00:18:16Z,1103,11,5,10,0,0,1,1,1,1785661115
2026-08-03T00:18:16Z,1104,10,5,11,0,0,1,1,1,1785715711
2026-08-03T00:18:16Z,1105,7,3,6,0,0,1,1,1,1785714656
2026-08-03T00:18:16Z,1106,10,5,11,0,0,1,1,1,1785716046
2026-08-03T00:18:16Z,1107,9,5,6,0,0,1,1,1,1785716030
2026-08-03T00:18:16Z,1108,7,3,17,3,0,1,1,1,1785715314
2026-08-03T00:18:16Z,1109,10,5,5,0,0,1,1,1,1785715948
2026-08-03T00:18:16Z,1110,13,2,8,0,0,1,1,1,1785715543
2026-08-03T00:18:16Z,1111,12,1,8,1,0,1,1,1,1785714903
2026-08-03T00:18:16Z,1112,25,0,28,0,0,1,1,1,1785716134
2026-08-03T00:18:16Z,1113,2,0,18,1,0,1,1,1,1785715275
2026-08-03T00:18:16Z,1115,5,2,14,4,0,1,1,1,1785715067
2026-08-03T00:18:16Z,1116,4,0,15,0,0,1,1,1,1785716098
2026-08-03T00:18:16Z,1117,21,14,1,1,0,1,1,1,1785715143
2026-08-03T00:18:16Z,1118,1,0,20,0,0,1,1,1,1785715636
2026-08-03T00:18:16Z,1119,16,3,1,0,0,1,1,1,1785715218
2026-08-03T00:18:16Z,1120,8,3,10,1,0,1,1,1,1785716157
2026-08-03T00:18:16Z,1121,8,1,12,1,0,1,1,1,1785715928
2026-08-03T00:18:16Z,1122,13,2,6,2,0,1,1,1,1785715698
2026-08-03T00:18:16Z,1123,1,1,21,1,0,1,1,1,1785715931
2026-08-03T00:18:16Z,1124,6,0,8,1,0,1,1,1,1785714970
2026-08-03T00:18:16Z,1125,19,2,3,1,0,1,1,1,1785716210
2026-08-03T00:18:16Z,1126,21,5,0,0,0,1,1,1,1785716150
2026-08-03T00:18:16Z,1127,14,0,4,1,0,1,1,1,1785714616
2026-08-03T00:18:16Z,1128,14,2,1,0,0,1,1,1,1785715917
2026-08-03T00:18:16Z,1129,8,4,12,1,0,1,1,1,1785715772
2026-08-03T00:18:16Z,1130,9,1,6,0,0,1,1,1,1785715012
2026-08-03T00:18:16Z,1131,0,0,49,0,0,1,1,1,1785714818
2026-08-03T00:18:16Z,1132,16,0,4,1,0,1,1,1,1785715686
2026-08-03T00:18:16Z,1133,11,10,9,1,0,1,1,1,1785715980
2026-08-03T00:18:16Z,1134,9,5,10,0,0,1,1,1,1785714835
2026-08-03T00:18:16Z,1135,10,5,11,0,0,1,1,1,1785715870
2026-08-03T00:18:16Z,1136,21,0,2,0,0,1,1,1,1785714659
2026-08-03T00:18:16Z,1137,3,2,12,0,0,1,1,1,1785715869
2026-08-03T00:18:16Z,1138,7,1,12,0,0,1,1,1,1785716179
2026-08-03T00:18:16Z,1139,13,3,8,0,0,1,1,1,1785715642
2026-08-03T00:18:16Z,1140,4,1,18,1,0,1,1,1,1785714739
2026-08-03T00:18:16Z,1141,6,3,14,1,0,1,1,1,1785715647
2026-08-03T00:18:16Z,1142,3,0,18,0,0,1,1,1,1785716293
2026-08-03T00:18:16Z,1143,17,4,11,1,0,1,1,1,1785715862
2026-08-03T00:18:16Z,1144,6,2,14,1,0,1,1,1,1785715498
2026-08-03T00:18:16Z,1145,10,5,10,1,0,1,1,1,1785715541
2026-08-03T00:18:16Z,1146,6,1,10,3,0,1,1,1,1785715933
2026-08-03T00:18:16Z,1147,4,0,15,0,0,1,1,1,1785716015
2026-08-03T00:18:16Z,1148,26,1,4,1,0,1,1,1,1785716258
2026-08-03T00:18:16Z,1149,17,10,8,0,0,1,1,1,1785716110
2026-08-03T00:18:16Z,1150,8,0,11,0,0,1,1,1,1785716058
2026-08-03T00:18:16Z,1151,7,0,14,0,0,1,1,1,1785715311
2026-08-03T00:18:16Z,1152,2,0,27,0,0,1,1,1,1785714937
2026-08-03T00:18:16Z,1153,4,0,19,0,0,1,1,1,1785716131
2026-08-03T00:18:16Z,1154,12,1,6,1,0,1,1,1,1785715392
2026-08-03T00:18:16Z,1155,12,3,8,1,0,1,1,1,1785716264
2026-08-03T00:18:16Z,1158,2,2,17,0,0,1,1,1,1785715978
2026-08-03T00:18:16Z,1159,13,5,6,0,0,1,1,1,1785714591
2026-08-03T00:18:16Z,1160,7,3,11,1,0,1,1,1,1785716212
2026-08-03T00:18:16Z,1161,4,0,14,1,0,1,1,1,1785714681
2026-08-03T00:18:16Z,1162,5,1,14,0,0,1,1,1,1785714982
2026-08-03T00:18:16Z,1163,3,1,15,1,0,1,1,1,1785716097
2026-08-03T00:18:16Z,1164,5,0,14,0,0,1,1,1,1785716136
2026-08-03T00:18:16Z,1165,11,1,10,0,0,1,1,1,1785715168
2026-08-03T00:18:16Z,1166,13,3,7,1,0,1,1,1,1785715381
2026-08-03T00:18:16Z,1167,3,0,12,0,0,1,1,1,1785715635
2026-08-03T00:18:16Z,1168,6,2,17,0,0,1,1,1,1785714740
2026-08-03T00:18:16Z,1169,3,0,16,0,0,1,1,1,1785715997
2026-08-03T00:18:16Z,1170,6,2,15,0,0,1,1,1,1785714673
2026-08-03T00:18:16Z,1171,8,5,14,1,0,1,1,1,1785714520
2026-08-03T00:18:16Z,1172,6,0,7,2,0,1,1,1,1785716052
2026-08-03T00:18:16Z,1173,12,2,7,0,0,1,1,1,1785716291
2026-08-03T00:18:16Z,1174,5,0,10,0,0,1,1,1,1785715729
2026-08-03T00:18:16Z,1175,2,0,17,0,0,1,1,1,1785715746
2026-08-03T00:18:16Z,1176,10,0,10,0,1,1,1,1,1785715713
2026-08-03T00:18:16Z,1177,5,1,15,1,0,1,1,1,1785716200
2026-08-03T00:18:16Z,1178,3,0,12,0,0,1,1,1,1785715484
2026-08-03T00:18:16Z,1181,10,3,5,0,0,1,1,1,1785713736
2026-08-03T00:18:16Z,1182,9,1,10,1,0,1,1,1,1785715422
2026-08-03T00:18:16Z,1183,6,1,38,1,0,1,1,1,1785715957
2026-08-03T00:18:16Z,1184,6,1,14,1,0,1,1,1,1785715716
2026-08-03T00:18:16Z,1185,9,5,12,0,0,1,1,1,1785715682
2026-08-03T00:18:16Z,1186,8,4,11,0,0,1,1,1,1785714737
2026-08-03T00:18:16Z,1187,11,6,10,0,0,1,1,1,1785715790
2026-08-03T00:18:16Z,1188,11,6,4,0,0,1,1,1,1785716024
2026-08-03T00:18:16Z,1189,9,4,10,0,0,1,1,1,1785714507
2026-08-03T00:18:16Z,1190,12,7,9,0,0,1,1,1,1785715837
2026-08-03T00:18:16Z,1191,9,4,6,0,0,1,1,1,1785716024
2026-08-03T00:18:16Z,1192,9,5,11,1,0,1,1,1,1785716272
2026-08-03T00:18:16Z,1193,8,5,3,2,0,1,1,1,1785715146
2026-08-03T00:18:16Z,1197,6,4,10,1,0,1,1,1,1785715318
2026-08-03T00:18:16Z,1198,16,5,3,2,0,1,1,1,1785714920
2026-08-03T00:18:16Z,1199,3,0,16,0,0,1,1,1,1785714817
2026-08-03T00:18:16Z,1200,10,5,5,0,0,1,1,1,1785716055
2026-08-03T00:18:16Z,1201,11,6,4,0,0,1,1,1,1785716031
2026-08-03T00:18:16Z,1202,10,5,5,0,0,1,1,1,1785716140
2026-08-03T00:18:16Z,1203,10,5,5,0,0,1,1,1,1785716054
2026-08-03T00:18:16Z,1204,10,5,9,0,0,1,1,1,1785715987
2026-08-03T00:18:16Z,1206,10,5,11,0,0,1,1,1,1785715332
2026-08-03T00:18:16Z,1207,8,3,5,2,0,1,1,1,1785714537
2026-08-03T00:18:16Z,1208,9,4,10,0,0,1,1,1,1785714635
2026-08-03T00:18:16Z,1216,3,0,17,1,0,1,1,1,1785715477
2026-08-03T00:18:16Z,1218,9,4,12,0,0,1,1,1,1785715914
2026-08-03T00:18:16Z,1219,5,1,7,3,0,1,1,1,1785715984
2026-08-03T00:18:16Z,1220,15,7,4,0,0,1,1,1,1785715612
2026-08-03T00:18:16Z,1221,3,1,18,0,0,1,1,1,1785715255
2026-08-03T00:18:16Z,1222,5,0,24,0,0,1,1,1,1785715704
2026-08-03T00:18:16Z,1223,29,1,0,0,0,1,1,1,1785716128
2026-08-03T00:18:16Z,1226,0,0,3,0,0,0,1,1,1781868931
2026-08-03T00:18:16Z,1227,5,0,20,0,0,1,1,1,1785716162
2026-08-03T00:18:16Z,1228,23,1,5,1,0,1,1,1,1785715005
2026-08-03T00:18:16Z,1229,34,23,1,10,0,1,1,1,1785715306
2026-08-03T00:23:16Z,1,6,0,17,0,0,1,1,1,1785711895
2026-08-03T00:23:16Z,2,14,1,10,3,0,1,1,1,1785716583
2026-08-03T00:23:16Z,3,3,0,10,1,0,1,1,1,1785715355
2026-08-03T00:23:16Z,4,2,1,19,1,0,1,1,1,1785714020
2026-08-03T00:23:16Z,5,12,4,9,1,1,1,1,1,1785707300
2026-08-03T00:23:16Z,6,14,1,1,0,0,1,1,1,1785715757
2026-08-03T00:23:16Z,7,5,0,34,0,0,1,1,1,1785715818
2026-08-03T00:23:16Z,8,1,0,41,1,0,1,1,1,1785715930
2026-08-03T00:23:16Z,9,20,2,3,0,0,1,1,1,1785716158
2026-08-03T00:23:16Z,10,9,2,12,2,0,1,1,1,1785713840
2026-08-03T00:23:16Z,11,13,4,5,1,0,1,1,1,1785716430
2026-08-03T00:23:16Z,12,2,0,21,0,0,1,1,1,1785715338
2026-08-03T00:23:16Z,13,17,1,13,0,0,1,1,1,1785716289
2026-08-03T00:23:16Z,14,10,0,32,0,1,1,1,1,1785715578
2026-08-03T00:23:16Z,15,3,0,12,0,0,1,1,1,1785713396
2026-08-03T00:23:16Z,16,8,1,17,1,1,1,1,1,1785709998
2026-08-03T00:23:16Z,17,4,1,22,1,0,1,1,1,1785715763
2026-08-03T00:23:16Z,18,4,4,12,2,0,1,1,1,1785714941
2026-08-03T00:23:16Z,19,15,2,12,0,0,1,1,1,1785716249
2026-08-03T00:23:16Z,20,14,0,21,0,0,1,1,1,1785716182
2026-08-03T00:23:16Z,21,13,0,5,1,0,1,1,1,1785715032
2026-08-03T00:23:16Z,22,26,1,39,0,0,1,1,1,1785715994
2026-08-03T00:23:16Z,23,11,6,19,1,0,1,1,1,1785716275
2026-08-03T00:23:16Z,24,4,0,6,1,0,1,1,1,1785716585
2026-08-03T00:23:16Z,25,57,0,21,3,0,1,1,1,1785716556
2026-08-03T00:23:16Z,26,10,2,17,0,0,1,1,1,1785713780
2026-08-03T00:23:16Z,28,1,0,14,0,0,1,1,1,1785713041
2026-08-03T00:23:16Z,30,3,0,26,0,0,1,1,1,1785714590
2026-08-03T00:23:16Z,31,10,0,8,1,0,1,1,1,1785716467
2026-08-03T00:23:16Z,32,19,0,8,0,0,1,1,1,1785716371
2026-08-03T00:23:16Z,34,6,1,31,0,0,1,1,1,1785712564
2026-08-03T00:23:16Z,35,27,3,19,1,0,1,1,1,1785714282
2026-08-03T00:23:16Z,36,0,0,0,0,0,0,1,1,86400
2026-08-03T00:23:16Z,37,18,0,4,1,0,1,1,1,1785715992
2026-08-03T00:23:16Z,38,6,0,17,0,0,1,1,1,1785715413
2026-08-03T00:23:16Z,39,36,6,3,0,0,1,1,1,1785716125
2026-08-03T00:23:16Z,40,4,0,17,0,0,1,1,1,1785716122
2026-08-03T00:23:16Z,41,2,0,41,0,0,1,1,1,1785715348
2026-08-03T00:23:16Z,42,17,9,14,0,0,1,1,1,1785715635
2026-08-03T00:23:16Z,43,21,3,2,0,0,1,1,1,1785714268
2026-08-03T00:23:16Z,45,1,0,28,0,0,1,1,1,1785714153
2026-08-03T00:23:16Z,46,1,0,29,1,0,1,1,1,1785715934
2026-08-03T00:23:16Z,47,6,1,7,2,0,1,1,1,1785716400
2026-08-03T00:23:16Z,48,11,1,16,0,0,1,1,1,1785714906
2026-08-03T00:23:16Z,49,5,0,15,3,0,1,1,1,1785716592
2026-08-03T00:23:16Z,50,9,2,9,1,0,1,1,1,1785715737
2026-08-03T00:23:16Z,51,36,0,40,1,0,1,1,1,1785715711
2026-08-03T00:23:16Z,52,4,1,20,3,0,1,1,1,1785716526
2026-08-03T00:23:16Z,55,0,0,23,0,0,1,1,1,1785712742
2026-08-03T00:23:16Z,56,3,1,40,0,0,1,1,1,1785716061
2026-08-03T00:23:16Z,57,4,4,22,1,0,1,1,1,1785716031
2026-08-03T00:23:16Z,58,1,1,27,0,0,1,1,1,1785713094
2026-08-03T00:23:16Z,59,7,1,19,1,0,1,1,1,1785716316
2026-08-03T00:23:16Z,61,4,0,35,0,0,1,1,1,1785708823
2026-08-03T00:23:16Z,62,2,0,0,14,33,1,1,1,1785716556
2026-08-03T00:23:16Z,63,15,1,4,0,0,1,1,1,1785716441
2026-08-03T00:23:16Z,64,7,1,10,2,0,1,1,1,1785714326
2026-08-03T00:23:16Z,65,11,5,7,1,0,1,1,1,1785712939
2026-08-03T00:23:16Z,67,30,1,9,0,0,1,1,1,1785716303
2026-08-03T00:23:16Z,68,4,0,33,0,0,1,1,1,1785716101
2026-08-03T00:23:16Z,69,1,1,14,0,0,1,1,1,1785716372
2026-08-03T00:23:16Z,71,12,0,14,1,0,1,1,1,1785716546
2026-08-03T00:23:16Z,72,22,3,4,4,1,1,1,1,1785716123
2026-08-03T00:23:16Z,73,3,0,28,0,0,1,1,1,1785714809
2026-08-03T00:23:16Z,74,6,2,13,0,0,1,1,1,1785716326
2026-08-03T00:23:16Z,75,1,1,30,1,0,1,1,1,1785716591
2026-08-03T00:23:16Z,76,3,1,15,1,0,1,1,1,1785716587
2026-08-03T00:23:16Z,77,9,0,18,0,0,1,1,1,1785716557
2026-08-03T00:23:16Z,78,9,1,13,1,0,1,1,1,1785714745
2026-08-03T00:23:16Z,79,4,0,11,2,0,1,1,1,1785716420
2026-08-03T00:23:16Z,80,4,0,16,3,0,1,1,1,1785716411
2026-08-03T00:23:16Z,81,5,2,25,1,0,1,1,1,1785715011
2026-08-03T00:23:16Z,82,19,7,4,0,0,1,1,1,1785715395
2026-08-03T00:23:16Z,83,24,1,6,4,0,1,1,1,1785716558
2026-08-03T00:23:16Z,84,11,2,16,0,0,1,1,1,1785714691
2026-08-03T00:23:16Z,85,11,1,4,0,0,1,1,1,1785715716
2026-08-03T00:23:16Z,86,21,4,6,0,0,1,1,1,1785716548
2026-08-03T00:23:16Z,87,7,0,12,0,0,1,1,1,1785710562
2026-08-03T00:23:16Z,88,12,0,30,1,0,1,1,1,1785716041
2026-08-03T00:23:16Z,89,31,3,4,0,0,1,1,1,1785716468
2026-08-03T00:23:16Z,90,4,3,13,1,0,1,1,1,1785716524
2026-08-03T00:23:16Z,91,6,0,9,2,0,1,1,1,1785712977
2026-08-03T00:23:16Z,92,9,0,8,2,0,1,1,1,1785716308
2026-08-03T00:23:16Z,93,14,2,9,0,0,1,1,1,1785716523
2026-08-03T00:23:16Z,94,7,0,11,1,0,1,1,1,1785715116
2026-08-03T00:23:16Z,95,21,2,12,1,1,1,1,1,1785716305
2026-08-03T00:23:16Z,96,20,1,10,1,0,1,1,1,1785715049
2026-08-03T00:23:16Z,97,3,0,13,1,0,1,1,1,1785716516
2026-08-03T00:23:16Z,98,30,1,5,0,0,1,1,1,1785716293
2026-08-03T00:23:16Z,99,9,1,5,1,0,1,1,1,1785715687
2026-08-03T00:23:16Z,100,3,0,23,1,0,1,1,1,1785716520
2026-08-03T00:23:16Z,101,13,0,0,2,0,1,1,1,1785714719
2026-08-03T00:23:16Z,102,8,0,15,0,0,1,1,1,1785715815
2026-08-03T00:23:16Z,103,18,0,10,2,0,1,1,1,1785715656
2026-08-03T00:23:16Z,104,12,1,13,2,0,1,1,1,1785716586
2026-08-03T00:23:16Z,105,13,0,4,2,0,1,1,1,1785708568
2026-08-03T00:23:16Z,106,10,0,11,0,0,1,1,1,1785708842
2026-08-03T00:23:16Z,107,15,0,22,0,0,1,1,1,1785714381
2026-08-03T00:23:16Z,108,15,0,19,1,0,1,1,1,1785716284
2026-08-03T00:23:16Z,109,8,0,15,0,0,1,1,1,1785716524
2026-08-03T00:23:16Z,110,9,0,11,3,0,1,1,1,1785716545
2026-08-03T00:23:16Z,111,15,0,20,1,0,1,1,1,1785715858
2026-08-03T00:23:16Z,112,10,2,3,2,0,1,1,1,1785716188
2026-08-03T00:23:16Z,113,6,0,12,1,0,1,1,1,1785716479
2026-08-03T00:23:16Z,114,8,3,23,0,0,1,1,1,1785715961
2026-08-03T00:23:16Z,115,22,6,3,3,0,1,1,1,1785716184
2026-08-03T00:23:16Z,116,8,7,19,0,0,1,1,1,1785715680
2026-08-03T00:23:16Z,118,4,0,19,0,0,1,1,1,1785710695
2026-08-03T00:23:16Z,119,22,2,14,2,0,1,1,1,1785716145
2026-08-03T00:23:16Z,120,15,2,9,2,0,1,1,1,1785715801
2026-08-03T00:23:16Z,121,3,0,15,0,1,1,1,1,1785716562
2026-08-03T00:23:16Z,122,13,0,7,1,0,1,1,1,1785715008
2026-08-03T00:23:16Z,123,19,3,28,0,0,1,1,1,1785715818
2026-08-03T00:23:16Z,124,29,4,6,0,0,1,1,1,1785716515
2026-08-03T00:23:16Z,125,9,8,14,0,0,1,1,1,1785715110
2026-08-03T00:23:16Z,126,12,0,19,0,0,1,1,1,1785714715
2026-08-03T00:23:16Z,127,29,1,5,1,0,1,1,1,1785716451
2026-08-03T00:23:16Z,128,17,0,2,0,0,1,1,1,1785714923
2026-08-03T00:23:16Z,129,8,4,10,1,0,1,1,1,1785714272
2026-08-03T00:23:16Z,130,11,0,6,0,0,1,1,1,1785715530
2026-08-03T00:23:16Z,131,7,1,4,0,0,1,1,1,1785716250
2026-08-03T00:23:16Z,132,4,0,10,0,1,1,1,1,1785714877
2026-08-03T00:23:16Z,134,17,8,2,4,0,1,1,1,1785716514
2026-08-03T00:23:16Z,135,12,1,7,0,0,1,1,1,1785715730
2026-08-03T00:23:16Z,136,5,0,17,0,0,1,1,1,1785715839
2026-08-03T00:23:16Z,137,16,2,3,0,0,1,1,1,1785716338
2026-08-03T00:23:16Z,138,22,0,15,0,0,1,1,1,1785716138
2026-08-03T00:23:16Z,139,19,1,0,0,0,1,1,1,1785715692
2026-08-03T00:23:16Z,140,21,3,1,1,0,1,1,1,1785716590
2026-08-03T00:23:16Z,141,26,3,9,1,0,1,1,1,1785715917
2026-08-03T00:23:16Z,142,18,0,5,0,0,1,1,1,1785716035
2026-08-03T00:23:16Z,143,24,0,5,2,0,1,1,1,1785716464
2026-08-03T00:23:16Z,144,23,0,3,1,0,1,1,1,1785716566
2026-08-03T00:23:16Z,146,4,0,17,2,0,1,1,1,1785713962
2026-08-03T00:23:16Z,147,8,0,9,2,0,1,1,1,1785716407
2026-08-03T00:23:16Z,148,12,0,12,3,0,1,1,1,1785716569
2026-08-03T00:23:16Z,149,8,1,18,1,0,1,1,1,1785716542
2026-08-03T00:23:16Z,150,26,5,7,2,0,1,1,1,1785716295
2026-08-03T00:23:16Z,151,10,2,13,0,0,1,1,1,1785716376
2026-08-03T00:23:16Z,152,15,1,9,2,0,1,1,1,1785715966
2026-08-03T00:23:16Z,153,25,0,1,2,0,1,1,1,1785715717
2026-08-03T00:23:16Z,154,5,0,14,4,0,1,1,1,1785716421
2026-08-03T00:23:16Z,155,12,2,1,1,0,1,1,1,1785716313
2026-08-03T00:23:16Z,156,7,0,12,0,0,1,1,1,1785715657
2026-08-03T00:23:16Z,157,24,1,0,3,0,1,1,1,1785716296
2026-08-03T00:23:16Z,158,7,0,9,0,0,1,1,1,1785716491
2026-08-03T00:23:16Z,159,13,11,6,0,0,1,1,1,1785715274
2026-08-03T00:23:16Z,160,10,2,9,0,0,1,1,1,1785715499
2026-08-03T00:23:16Z,161,16,0,6,0,0,1,1,1,1785715351
2026-08-03T00:23:16Z,162,20,2,5,2,0,1,1,1,1785716368
2026-08-03T00:23:16Z,163,23,0,7,0,1,1,1,1,1785716298
2026-08-03T00:23:16Z,164,27,0,0,0,0,1,1,1,1785716583
2026-08-03T00:23:16Z,165,18,5,12,0,1,1,1,1,1785716532
2026-08-03T00:23:16Z,166,32,0,4,3,0,1,1,1,1785716586
2026-08-03T00:23:16Z,167,13,0,9,1,0,1,1,1,1785716453
2026-08-03T00:23:16Z,168,14,0,12,1,0,1,1,1,1785716556
2026-08-03T00:23:16Z,169,22,1,0,0,1,1,1,1,1785716416
2026-08-03T00:23:16Z,170,15,4,3,1,0,1,1,1,1785715670
2026-08-03T00:23:16Z,171,4,1,7,2,0,1,1,1,1785716550
2026-08-03T00:23:16Z,173,28,3,11,0,0,1,1,1,1785716486
2026-08-03T00:23:16Z,174,24,1,2,0,0,1,1,1,1785715422
2026-08-03T00:23:16Z,175,27,0,3,1,0,1,1,1,1785716302
2026-08-03T00:23:16Z,176,2,0,9,4,1,1,1,1,1785715863
2026-08-03T00:23:16Z,177,20,0,7,0,0,1,1,1,1785716560
2026-08-03T00:23:16Z,178,9,2,3,2,1,1,1,1,1785716590
2026-08-03T00:23:16Z,179,12,1,1,2,0,1,1,1,1785716503
2026-08-03T00:23:16Z,180,7,0,23,0,0,1,1,1,1785715319
2026-08-03T00:23:16Z,181,6,2,8,1,0,1,1,1,1785715667
2026-08-03T00:23:16Z,182,13,2,4,0,0,1,1,1,1785714355
2026-08-03T00:23:16Z,183,16,2,6,1,0,1,1,1,1785716069
2026-08-03T00:23:16Z,184,15,1,5,2,1,1,1,1,1785716538
2026-08-03T00:23:16Z,185,8,5,4,2,1,1,1,1,1785715180
2026-08-03T00:23:16Z,186,18,5,1,0,0,1,1,1,1785715978
2026-08-03T00:23:16Z,187,3,0,25,0,0,1,1,1,1785715894
2026-08-03T00:23:16Z,188,19,0,1,7,0,1,1,1,1785716460
2026-08-03T00:23:16Z,189,13,4,2,0,0,1,1,1,1785713636
2026-08-03T00:23:16Z,190,9,1,14,0,0,1,1,1,1785716397
2026-08-03T00:23:16Z,191,17,9,22,0,0,1,1,1,1785715340
2026-08-03T00:23:16Z,192,4,3,26,1,0,1,1,1,1785716182
2026-08-03T00:23:16Z,193,13,10,1,1,0,1,1,1,1785716068
2026-08-03T00:23:16Z,194,6,4,21,0,0,1,1,1,1785716278
2026-08-03T00:23:16Z,195,11,7,7,0,0,1,1,1,1785715433
2026-08-03T00:23:16Z,196,24,0,2,1,0,1,1,1,1785715500
2026-08-03T00:23:16Z,197,9,1,9,0,1,1,1,1,1785714777
2026-08-03T00:23:16Z,198,10,3,13,0,0,1,1,1,1785714270
2026-08-03T00:23:16Z,199,5,3,9,1,0,1,1,1,1785715877
2026-08-03T00:23:16Z,200,11,6,15,0,0,1,1,1,1785713989
2026-08-03T00:23:16Z,201,20,2,3,0,0,1,1,1,1785716302
2026-08-03T00:23:16Z,202,17,0,10,0,0,1,1,1,1785715164
2026-08-03T00:23:16Z,203,6,1,24,1,0,1,1,1,1785714215
2026-08-03T00:23:16Z,204,10,1,23,2,0,1,1,1,1785716205
2026-08-03T00:23:16Z,205,12,1,15,0,0,1,1,1,1785716086
2026-08-03T00:23:16Z,206,4,3,10,1,0,1,1,1,1785716123
2026-08-03T00:23:16Z,207,11,1,10,0,0,1,1,1,1785714811
2026-08-03T00:23:16Z,208,3,0,26,0,0,1,1,1,1785713526
2026-08-03T00:23:16Z,209,20,1,9,2,0,1,1,1,1785716524
2026-08-03T00:23:16Z,210,19,6,8,0,0,1,1,1,1785715044
2026-08-03T00:23:16Z,211,19,2,2,2,0,1,1,1,1785716576
2026-08-03T00:23:16Z,212,32,5,2,1,0,1,1,1,1785716578
2026-08-03T00:23:16Z,213,10,0,12,1,0,1,1,1,1785716336
2026-08-03T00:23:16Z,214,29,17,11,7,0,1,1,1,1785715186
2026-08-03T00:23:16Z,215,13,10,10,0,0,1,1,1,1785715385
2026-08-03T00:23:16Z,216,11,2,7,1,0,1,1,1,1785715906
2026-08-03T00:23:16Z,217,18,0,10,1,0,1,1,1,1785716544
2026-08-03T00:23:16Z,218,24,11,8,7,0,1,1,1,1785716510
2026-08-03T00:23:16Z,219,4,2,21,1,0,1,1,1,1785715898
2026-08-03T00:23:16Z,220,37,5,6,0,0,1,1,1,1785716047
2026-08-03T00:23:16Z,221,6,2,8,1,0,1,1,1,1785715636
2026-08-03T00:23:16Z,222,8,1,11,0,0,1,1,1,1785716387
2026-08-03T00:23:16Z,223,19,1,14,2,0,1,1,1,1785716588
2026-08-03T00:23:16Z,224,12,8,10,0,0,1,1,1,1785716537
2026-08-03T00:23:16Z,225,3,2,13,3,0,1,1,1,1785716378
2026-08-03T00:23:16Z,226,22,12,7,2,0,1,1,1,1785716053
2026-08-03T00:23:16Z,227,10,4,17,0,0,1,1,1,1785716425
2026-08-03T00:23:16Z,228,8,6,10,1,0,1,1,1,1785715376
2026-08-03T00:23:16Z,230,8,0,18,0,0,1,1,1,1785715901
2026-08-03T00:23:16Z,232,8,2,8,1,0,1,1,1,1785715868
2026-08-03T00:23:16Z,233,26,3,4,1,0,1,1,1,1785716365
2026-08-03T00:23:16Z,234,8,7,7,2,2,1,1,1,1785716298
2026-08-03T00:23:16Z,236,16,5,3,0,0,1,1,1,1785713155
2026-08-03T00:23:16Z,237,22,0,0,1,0,1,1,1,1785715021
2026-08-03T00:23:16Z,239,23,12,4,0,0,1,1,1,1785716540
2026-08-03T00:23:16Z,241,6,3,16,1,0,1,1,1,1785716279
2026-08-03T00:23:16Z,242,2,2,19,2,0,1,1,1,1785716249
2026-08-03T00:23:16Z,243,20,10,10,1,0,1,1,1,1785716478
2026-08-03T00:23:16Z,244,25,8,1,1,0,1,1,1,1785716331
2026-08-03T00:23:16Z,245,21,4,0,2,0,1,1,1,1785715452
2026-08-03T00:23:16Z,246,8,2,14,1,0,1,1,1,1785716148
2026-08-03T00:23:16Z,247,8,5,15,0,0,1,1,1,1785707048
2026-08-03T00:23:16Z,248,13,2,8,2,0,1,1,1,1785716212
2026-08-03T00:23:16Z,249,17,5,1,1,0,1,1,1,1785716557
2026-08-03T00:23:16Z,250,6,3,20,1,0,1,1,1,1785714629
2026-08-03T00:23:16Z,251,6,1,20,1,0,1,1,1,1785716503
2026-08-03T00:23:16Z,253,9,4,10,0,0,1,1,1,1785716344
2026-08-03T00:23:16Z,254,37,9,5,1,0,1,1,1,1785715061
2026-08-03T00:23:16Z,255,15,1,7,0,1,1,1,1,1785716565
2026-08-03T00:23:16Z,256,13,4,8,2,0,1,1,1,1785716545
2026-08-03T00:23:16Z,257,4,2,14,1,0,1,1,1,1785715179
2026-08-03T00:23:16Z,258,13,2,4,2,0,1,1,1,1785715597
2026-08-03T00:23:16Z,259,14,3,8,0,1,1,1,1,1785713662
2026-08-03T00:23:16Z,260,3,0,14,2,0,1,1,1,1785715423
2026-08-03T00:23:16Z,261,10,0,8,0,1,1,1,1,1785716332
2026-08-03T00:23:16Z,262,7,7,13,3,0,1,1,1,1785716299
2026-08-03T00:23:16Z,263,6,3,8,1,0,1,1,1,1785715783
2026-08-03T00:23:16Z,264,12,1,6,1,0,1,1,1,1785716416
2026-08-03T00:23:16Z,265,9,1,6,0,0,1,1,1,1785715871
2026-08-03T00:23:16Z,266,8,6,10,1,0,1,1,1,1785714791
2026-08-03T00:23:16Z,267,11,2,2,2,0,1,1,1,1785716500
2026-08-03T00:23:16Z,268,4,4,19,0,0,1,1,1,1785711832
2026-08-03T00:23:16Z,269,21,8,2,0,0,1,1,1,1785716282
2026-08-03T00:23:16Z,270,18,4,8,1,0,1,1,1,1785714275
2026-08-03T00:23:16Z,271,14,2,3,2,0,1,1,1,1785713445
2026-08-03T00:23:16Z,272,18,8,3,2,0,1,1,1,1785715332
2026-08-03T00:23:16Z,273,13,8,1,1,0,1,1,1,1785711825
2026-08-03T00:23:16Z,274,6,2,11,2,0,1,1,1,1785714188
2026-08-03T00:23:16Z,275,9,0,10,1,3,1,1,1,1785716314
2026-08-03T00:23:16Z,276,5,4,20,2,0,1,1,1,1785716276
2026-08-03T00:23:16Z,277,7,7,13,3,0,1,1,1,1785715280
2026-08-03T00:23:16Z,278,22,3,9,0,0,1,1,1,1785716081
2026-08-03T00:23:16Z,279,10,0,9,0,0,1,1,1,1785715674
2026-08-03T00:23:16Z,280,0,0,29,2,0,1,1,1,1785716531
2026-08-03T00:23:16Z,281,13,0,6,0,0,1,1,1,1785714253
2026-08-03T00:23:16Z,282,18,6,0,0,0,1,1,1,1785713770
2026-08-03T00:23:16Z,283,33,6,2,0,0,1,1,1,1785716349
2026-08-03T00:23:16Z,284,23,3,11,1,0,1,1,1,1785716117
2026-08-03T00:23:16Z,285,9,3,12,2,0,1,1,1,1785715417
2026-08-03T00:23:16Z,286,3,2,18,2,0,1,1,1,1785716436
2026-08-03T00:23:16Z,287,6,1,16,1,0,1,1,1,1785715201
2026-08-03T00:23:16Z,288,4,4,15,0,0,1,1,1,1785716390
2026-08-03T00:23:16Z,289,5,3,20,2,0,1,1,1,1785714893
2026-08-03T00:23:16Z,290,12,3,25,2,0,1,1,1,1785715070
2026-08-03T00:23:16Z,291,18,1,4,1,0,1,1,1,1785716470
2026-08-03T00:23:16Z,292,15,2,8,0,0,1,1,1,1785715844
2026-08-03T00:23:16Z,293,5,2,18,0,0,1,1,1,1785715904
2026-08-03T00:23:16Z,294,15,2,2,5,0,1,1,1,1785716545
2026-08-03T00:23:16Z,297,2,0,15,1,1,1,1,1,1785716593
2026-08-03T00:23:16Z,301,8,0,11,0,0,1,1,1,1785714495
2026-08-03T00:23:16Z,302,6,0,17,0,0,1,1,1,1785715280
2026-08-03T00:23:16Z,303,8,2,11,0,0,1,1,1,1785713510
2026-08-03T00:23:16Z,304,0,0,0,0,0,0,1,1,86400
2026-08-03T00:23:16Z,305,5,0,12,2,0,1,1,1,1785714077
2026-08-03T00:23:16Z,306,16,1,16,0,0,1,1,1,1785716013
2026-08-03T00:23:16Z,307,2,0,21,0,0,1,1,1,1785711729
2026-08-03T00:23:16Z,308,4,0,14,1,0,1,1,1,1785714579
2026-08-03T00:23:16Z,309,12,1,2,0,0,1,1,1,1785716399
2026-08-03T00:23:16Z,311,12,1,3,0,0,1,1,1,1785715454
2026-08-03T00:23:16Z,312,14,11,5,4,0,1,1,1,1785716337
2026-08-03T00:23:16Z,313,7,0,8,0,0,1,1,1,1785714034
2026-08-03T00:23:16Z,314,18,2,1,0,0,1,1,1,1785712608
2026-08-03T00:23:16Z,315,14,2,15,2,0,1,1,1,1785716309
2026-08-03T00:23:16Z,316,23,5,2,5,1,1,1,1,1785716551
2026-08-03T00:23:16Z,317,18,7,10,2,1,1,1,1,1785716470
2026-08-03T00:23:16Z,318,6,3,13,0,0,1,1,1,1785714380
2026-08-03T00:23:16Z,319,12,0,10,1,0,1,1,1,1785713891
2026-08-03T00:23:16Z,320,11,2,7,1,0,1,1,1,1785716544
2026-08-03T00:23:16Z,321,2,0,13,4,0,1,1,1,1785716492
2026-08-03T00:23:16Z,322,0,0,29,0,0,1,1,1,1785716270
2026-08-03T00:23:16Z,323,5,0,13,1,0,1,1,1,1785714618
2026-08-03T00:23:16Z,324,7,0,19,1,0,1,1,1,1785716592
2026-08-03T00:23:16Z,325,6,4,19,2,0,1,1,1,1785716503
2026-08-03T00:23:16Z,327,15,2,12,0,0,1,1,1,1785716404
2026-08-03T00:23:16Z,328,10,0,12,0,0,1,1,1,1785714678
2026-08-03T00:23:16Z,329,16,2,2,1,0,1,1,1,1785716415
2026-08-03T00:23:16Z,330,11,2,10,1,0,1,1,1,1785716364
2026-08-03T00:23:16Z,331,5,2,17,1,0,1,1,1,1785716269
2026-08-03T00:23:16Z,332,7,1,11,1,0,1,1,1,1785712002
2026-08-03T00:23:16Z,333,4,4,17,2,0,1,1,1,1785716337
2026-08-03T00:23:16Z,334,14,6,9,0,0,1,1,1,1785713854
2026-08-03T00:23:16Z,335,10,2,11,1,1,1,1,1,1785712208
2026-08-03T00:23:16Z,336,6,1,13,0,0,1,1,1,1785714430
2026-08-03T00:23:16Z,337,4,1,16,3,0,1,1,1,1785716317
2026-08-03T00:23:16Z,338,8,2,10,1,0,1,1,1,1785716003
2026-08-03T00:23:16Z,339,16,0,6,1,0,1,1,1,1785716271
2026-08-03T00:23:16Z,340,8,2,6,1,0,1,1,1,1785715910
2026-08-03T00:23:16Z,341,1,1,18,0,0,1,1,1,1785715794
2026-08-03T00:23:16Z,342,9,2,3,3,0,1,1,1,1785716556
2026-08-03T00:23:16Z,343,16,8,7,0,0,1,1,1,1785715473
2026-08-03T00:23:16Z,344,3,2,20,0,0,1,1,1,1785716278
2026-08-03T00:23:16Z,345,4,0,15,0,0,1,1,1,1785716435
2026-08-03T00:23:16Z,346,8,2,15,0,0,1,1,1,1785715993
2026-08-03T00:23:16Z,347,32,9,7,5,0,1,1,1,1785716595
2026-08-03T00:23:16Z,348,15,0,7,0,1,1,1,1,1785716523
2026-08-03T00:23:16Z,349,4,0,15,0,0,1,1,1,1785714748
2026-08-03T00:23:16Z,350,9,1,16,1,1,1,1,1,1785716534
2026-08-03T00:23:16Z,351,3,1,18,2,0,1,1,1,1785716490
2026-08-03T00:23:16Z,355,12,4,11,0,0,1,1,1,1785716034
2026-08-03T00:23:16Z,356,6,0,13,0,0,1,1,1,1785716299
2026-08-03T00:23:16Z,357,8,6,11,0,0,1,1,1,1785716577
2026-08-03T00:23:16Z,358,20,3,7,0,0,1,1,1,1785716445
2026-08-03T00:23:16Z,359,11,1,16,0,0,1,1,1,1785715007
2026-08-03T00:23:16Z,360,8,4,11,0,0,1,1,1,1785715179
2026-08-03T00:23:16Z,362,12,5,5,2,0,1,1,1,1785716458
2026-08-03T00:23:16Z,363,7,0,20,0,0,1,1,1,1785716329
2026-08-03T00:23:16Z,364,4,0,13,2,0,1,1,1,1785714209
2026-08-03T00:23:16Z,365,8,7,11,4,0,1,1,1,1785715775
2026-08-03T00:23:16Z,366,2,1,20,1,0,1,1,1,1785715471
2026-08-03T00:23:16Z,367,11,7,7,1,0,1,1,1,1785714874
2026-08-03T00:23:16Z,368,22,0,0,1,0,1,1,1,1785715035
2026-08-03T00:23:16Z,370,22,14,5,0,0,1,1,1,1785716081
2026-08-03T00:23:16Z,371,11,1,6,2,0,1,1,1,1785713638
2026-08-03T00:23:16Z,372,13,2,1,1,0,1,1,1,1785715838
2026-08-03T00:23:16Z,373,10,0,14,3,0,1,1,1,1785716395
2026-08-03T00:23:16Z,374,14,5,4,1,0,1,1,1,1785714418
2026-08-03T00:23:16Z,375,20,2,4,3,0,1,1,1,1785715515
2026-08-03T00:23:16Z,376,13,1,25,1,0,1,1,1,1785716022
2026-08-03T00:23:16Z,377,15,0,11,1,0,1,1,1,1785715000
2026-08-03T00:23:16Z,378,1,0,21,1,1,1,1,1,1785716591
2026-08-03T00:23:16Z,379,23,4,4,0,0,1,1,1,1785716517
2026-08-03T00:23:16Z,380,21,7,2,0,0,1,1,1,1785716462
2026-08-03T00:23:16Z,381,7,0,16,0,0,1,1,1,1785716553
2026-08-03T00:23:16Z,383,3,1,11,1,0,1,1,1,1785715941
2026-08-03T00:23:16Z,384,26,2,1,0,0,1,1,1,1785715621
2026-08-03T00:23:16Z,385,11,1,7,0,0,1,1,1,1785716575
2026-08-03T00:23:16Z,387,15,2,7,1,0,1,1,1,1785715287
2026-08-03T00:23:16Z,388,10,2,37,2,0,1,1,1,1785716576
2026-08-03T00:23:16Z,389,1,0,13,1,0,1,1,1,1785716355
2026-08-03T00:23:16Z,390,24,2,11,0,0,1,1,1,1785716025
2026-08-03T00:23:16Z,391,7,2,8,0,0,1,1,1,1785710470
2026-08-03T00:23:16Z,392,7,2,10,2,0,1,1,1,1785716528
2026-08-03T00:23:16Z,393,1,0,8,2,0,1,1,1,1785709017
2026-08-03T00:23:16Z,394,6,4,5,2,0,1,1,1,1785715167
2026-08-03T00:23:16Z,396,1,1,41,0,0,1,1,1,1785716392
2026-08-03T00:23:16Z,397,19,2,12,0,0,1,1,1,1785714812
2026-08-03T00:23:16Z,399,4,0,11,2,0,1,1,1,1785715981
2026-08-03T00:23:16Z,400,12,9,9,2,0,1,1,1,1785714791
2026-08-03T00:23:16Z,401,6,1,33,0,0,1,1,1,1785716487
2026-08-03T00:23:16Z,403,27,20,2,2,0,1,1,1,1785716325
2026-08-03T00:23:16Z,404,18,1,4,1,0,1,1,1,1785716244
2026-08-03T00:23:16Z,406,5,2,29,1,0,1,1,1,1785716546
2026-08-03T00:23:16Z,407,1,0,33,0,0,1,1,1,1785714657
2026-08-03T00:23:16Z,408,16,6,15,2,0,1,1,1,1785715955
2026-08-03T00:23:16Z,409,2,0,19,2,0,1,1,1,1785712936
2026-08-03T00:23:16Z,413,7,5,15,0,1,1,1,1,1785716339
2026-08-03T00:23:16Z,414,9,1,5,1,0,1,1,1,1785716149
2026-08-03T00:23:16Z,417,14,4,5,0,0,1,1,1,1785715149
2026-08-03T00:23:16Z,418,9,4,5,1,0,1,1,1,1785714473
2026-08-03T00:23:16Z,419,21,0,2,0,0,1,1,1,1785711682
2026-08-03T00:23:16Z,421,8,1,11,0,0,1,1,1,1785714216
2026-08-03T00:23:16Z,422,14,2,13,0,0,1,1,1,1785715188
2026-08-03T00:23:16Z,423,20,0,3,0,0,1,1,1,1785711659
2026-08-03T00:23:16Z,424,5,1,7,3,0,1,1,1,1785716399
2026-08-03T00:23:16Z,425,8,0,13,0,1,1,1,1,1785715300
2026-08-03T00:23:16Z,426,1,0,35,1,0,1,1,1,1785714999
2026-08-03T00:23:16Z,427,5,0,9,1,0,1,1,1,1785716390
2026-08-03T00:23:16Z,428,11,0,8,0,0,1,1,1,1785716498
2026-08-03T00:23:16Z,429,11,2,9,3,0,1,1,1,1785716343
2026-08-03T00:23:16Z,430,19,1,8,4,0,1,1,1,1785715963
2026-08-03T00:23:16Z,431,26,0,6,1,0,1,1,1,1785713009
2026-08-03T00:23:16Z,432,0,0,30,1,0,0,1,1,1785508564
2026-08-03T00:23:16Z,433,9,4,11,3,0,1,1,1,1785713233
2026-08-03T00:23:16Z,437,18,12,0,1,0,1,1,1,1785715113
2026-08-03T00:23:16Z,438,5,1,12,2,0,1,1,1,1785716339
2026-08-03T00:23:16Z,439,6,1,8,1,0,1,1,1,1785716505
2026-08-03T00:23:16Z,440,15,3,0,0,0,1,1,1,1785713607
2026-08-03T00:23:16Z,441,5,0,4,6,0,1,1,1,1785715340
2026-08-03T00:23:16Z,442,6,0,12,1,0,1,1,1,1785706313
2026-08-03T00:23:16Z,443,3,1,24,0,0,1,1,1,1785681142
2026-08-03T00:23:16Z,444,2,1,21,0,0,1,1,1,1785709563
2026-08-03T00:23:16Z,445,8,1,14,1,0,1,1,1,1785716319
2026-08-03T00:23:16Z,446,6,0,17,0,0,1,1,1,1785709514
2026-08-03T00:23:16Z,447,3,0,18,1,1,1,1,1,1785689470
2026-08-03T00:23:16Z,448,2,0,12,1,0,1,1,1,1785715369
2026-08-03T00:23:16Z,452,17,0,1,1,0,1,1,1,1785714612
2026-08-03T00:23:16Z,453,9,5,1,5,0,1,1,1,1785716336
2026-08-03T00:23:16Z,454,14,1,5,0,0,1,1,1,1785716430
2026-08-03T00:23:16Z,455,1,0,38,0,0,1,1,1,1785713306
2026-08-03T00:23:16Z,456,13,0,5,2,0,1,1,1,1785716460
2026-08-03T00:23:16Z,457,13,1,11,3,0,1,1,1,1785713896
2026-08-03T00:23:16Z,458,16,0,5,2,0,1,1,1,1785715090
2026-08-03T00:23:16Z,459,5,2,10,0,0,1,1,1,1785713776
2026-08-03T00:23:16Z,460,13,0,10,0,0,1,1,1,1785715833
2026-08-03T00:23:16Z,461,17,0,2,0,0,1,1,1,1785716338
2026-08-03T00:23:16Z,462,4,2,17,0,0,1,1,1,1785713853
2026-08-03T00:23:16Z,463,14,0,5,0,0,1,1,1,1785716023
2026-08-03T00:23:16Z,464,0,0,13,1,0,1,1,1,1785712280
2026-08-03T00:23:16Z,465,2,0,13,0,0,1,1,1,1785710508
2026-08-03T00:23:16Z,466,1,1,12,2,0,1,1,1,1785716021
2026-08-03T00:23:16Z,467,2,0,17,0,0,1,1,1,1785716327
2026-08-03T00:23:16Z,468,4,0,14,1,0,1,1,1,1785706929
2026-08-03T00:23:16Z,469,8,2,15,0,0,1,1,1,1785715950
2026-08-03T00:23:16Z,470,14,1,0,1,0,1,1,1,1785703758
2026-08-03T00:23:16Z,471,17,0,10,0,0,1,1,1,1785716479
2026-08-03T00:23:16Z,472,12,5,5,2,0,1,1,1,1785716461
2026-08-03T00:23:16Z,473,10,3,8,1,0,1,1,1,1785708322
2026-08-03T00:23:16Z,474,11,0,7,1,0,1,1,1,1785715627
2026-08-03T00:23:16Z,475,7,1,11,1,0,1,1,1,1785716158
2026-08-03T00:23:16Z,477,4,2,11,0,0,1,1,1,1785709578
2026-08-03T00:23:16Z,478,17,2,14,0,0,1,1,1,1785716513
2026-08-03T00:23:16Z,479,15,1,11,1,0,1,1,1,1785715114
2026-08-03T00:23:16Z,480,10,1,1,4,0,1,1,1,1785715019
2026-08-03T00:23:16Z,481,5,0,29,1,0,1,1,1,1785716592
2026-08-03T00:23:16Z,482,13,1,5,1,0,1,1,1,1785716391
2026-08-03T00:23:16Z,483,3,0,22,2,0,1,1,1,1785716510
2026-08-03T00:23:16Z,484,1,0,17,1,0,1,1,1,1785716536
2026-08-03T00:23:16Z,485,6,3,11,1,1,1,1,1,1785716466
2026-08-03T00:23:16Z,486,1,0,23,3,0,1,1,1,1785716543
2026-08-03T00:23:16Z,487,5,1,12,2,0,1,1,1,1785715485
2026-08-03T00:23:16Z,489,8,7,7,0,0,1,1,1,1785715791
2026-08-03T00:23:16Z,490,6,0,8,2,0,1,1,1,1785716578
2026-08-03T00:23:16Z,491,14,1,5,2,0,1,1,1,1785714054
2026-08-03T00:23:16Z,492,4,1,4,3,0,1,1,1,1785716590
2026-08-03T00:23:16Z,493,2,0,25,0,0,1,1,1,1785715490
2026-08-03T00:23:16Z,495,4,1,6,5,0,1,1,1,1785716429
2026-08-03T00:23:16Z,496,5,0,22,0,0,1,1,1,1785716500
2026-08-03T00:23:16Z,497,9,0,9,0,0,1,1,1,1785714945
2026-08-03T00:23:16Z,498,13,2,10,0,0,1,1,1,1785716205
2026-08-03T00:23:16Z,499,11,0,8,0,0,1,1,1,1785715649
2026-08-03T00:23:16Z,500,11,3,3,1,0,1,1,1,1785716524
2026-08-03T00:23:16Z,501,19,11,1,1,0,1,1,1,1785714265
2026-08-03T00:23:16Z,502,8,2,11,0,0,1,1,1,1785714272
2026-08-03T00:23:16Z,503,7,1,22,2,0,1,1,1,1785716594
2026-08-03T00:23:16Z,504,0,0,39,0,0,1,1,1,1785716572
2026-08-03T00:23:16Z,505,11,1,0,1,0,1,1,1,1785715765
2026-08-03T00:23:16Z,511,5,2,17,1,0,1,1,1,1785710308
2026-08-03T00:23:16Z,512,6,0,21,0,0,1,1,1,1785716357
2026-08-03T00:23:16Z,514,9,4,0,2,0,1,1,1,1785711542
2026-08-03T00:23:16Z,515,15,5,3,1,0,1,1,1,1785716310
2026-08-03T00:23:16Z,516,0,0,27,0,0,1,1,1,1785710859
2026-08-03T00:23:16Z,517,7,5,14,2,0,1,1,1,1785716420
2026-08-03T00:23:16Z,518,12,2,1,2,0,1,1,1,1785714756
2026-08-03T00:23:16Z,519,4,0,14,1,0,1,1,1,1785701023
2026-08-03T00:23:16Z,520,13,3,1,12,1,1,1,1,1785716591
2026-08-03T00:23:16Z,521,7,2,16,0,0,1,1,1,1785714252
2026-08-03T00:23:16Z,522,14,0,9,0,0,1,1,1,1785716236
2026-08-03T00:23:16Z,523,3,2,19,1,0,1,1,1,1785711813
2026-08-03T00:23:16Z,524,12,1,10,1,0,1,1,1,1785716395
2026-08-03T00:23:16Z,525,7,0,12,0,0,1,1,1,1785712547
2026-08-03T00:23:16Z,526,3,2,12,0,0,1,1,1,1785715578
2026-08-03T00:23:16Z,527,5,3,21,0,0,1,1,1,1785713521
2026-08-03T00:23:16Z,528,14,3,9,0,0,1,1,1,1785715635
2026-08-03T00:23:16Z,530,14,1,4,3,0,1,1,1,1785715613
2026-08-03T00:23:16Z,531,20,2,2,0,1,1,1,1,1785714421
2026-08-03T00:23:16Z,532,12,4,18,1,0,1,1,1,1785715115
2026-08-03T00:23:16Z,533,7,0,11,1,0,1,1,1,1785713414
2026-08-03T00:23:16Z,534,1,1,21,1,0,1,1,1,1785715414
2026-08-03T00:23:16Z,535,5,0,10,0,0,1,1,1,1785715870
2026-08-03T00:23:16Z,536,4,0,19,0,0,1,1,1,1785716141
2026-08-03T00:23:16Z,537,12,4,8,0,0,1,1,1,1785716224
2026-08-03T00:23:16Z,538,5,2,16,1,1,1,1,1,1785716496
2026-08-03T00:23:16Z,539,8,0,21,2,0,1,1,1,1785714126
2026-08-03T00:23:16Z,540,10,4,9,0,0,1,1,1,1785716408
2026-08-03T00:23:16Z,541,26,1,0,1,0,1,1,1,1785715562
2026-08-03T00:23:16Z,542,11,3,12,0,0,1,1,1,1785715050
2026-08-03T00:23:16Z,543,3,0,14,2,0,1,1,1,1785716473
2026-08-03T00:23:16Z,544,12,2,7,3,0,1,1,1,1785714910
2026-08-03T00:23:16Z,545,15,0,0,4,0,1,1,1,1785713901
2026-08-03T00:23:16Z,546,6,2,13,0,0,1,1,1,1785714847
2026-08-03T00:23:16Z,547,5,0,20,0,0,1,1,1,1785711947
2026-08-03T00:23:16Z,548,16,0,7,0,0,1,1,1,1785713924
2026-08-03T00:23:16Z,549,11,0,12,0,0,1,1,1,1785716042
2026-08-03T00:23:16Z,550,5,3,14,0,0,1,1,1,1785716500
2026-08-03T00:23:16Z,551,4,3,19,0,0,1,1,1,1785705192
2026-08-03T00:23:16Z,552,22,1,4,1,0,1,1,1,1785715315
2026-08-03T00:23:16Z,553,2,0,21,0,0,1,1,1,1785716182
2026-08-03T00:23:16Z,554,8,4,10,1,0,1,1,1,1785715676
2026-08-03T00:23:16Z,555,6,3,8,1,0,1,1,1,1785713038
2026-08-03T00:23:16Z,556,20,3,1,2,0,1,1,1,1785716398
2026-08-03T00:23:16Z,557,5,1,16,2,0,1,1,1,1785715655
2026-08-03T00:23:16Z,558,22,0,15,0,0,1,1,1,1785716225
2026-08-03T00:23:16Z,559,4,1,14,1,0,1,1,1,1785705795
2026-08-03T00:23:16Z,560,8,0,17,2,0,1,1,1,1785716355
2026-08-03T00:23:16Z,561,11,2,11,1,0,1,1,1,1785714350
2026-08-03T00:23:16Z,562,2,2,30,3,0,1,1,1,1785714901
2026-08-03T00:23:16Z,563,6,0,8,0,0,1,1,1,1785714500
2026-08-03T00:23:16Z,564,17,0,2,0,0,1,1,1,1785710611
2026-08-03T00:23:16Z,565,1,0,18,0,0,1,1,1,1785714315
2026-08-03T00:23:16Z,566,5,0,13,1,0,1,1,1,1785716399
2026-08-03T00:23:16Z,567,3,0,22,2,0,1,1,1,1785716172
2026-08-03T00:23:16Z,568,11,0,7,1,0,1,1,1,1785715634
2026-08-03T00:23:16Z,569,1,1,18,0,0,1,1,1,1785715522
2026-08-03T00:23:16Z,570,0,0,18,1,0,1,1,1,1785716295
2026-08-03T00:23:16Z,571,11,2,11,1,0,1,1,1,1785716164
2026-08-03T00:23:16Z,572,12,4,6,1,0,1,1,1,1785716354
2026-08-03T00:23:16Z,573,5,3,9,1,0,1,1,1,1785714452
2026-08-03T00:23:16Z,574,4,0,11,0,0,1,1,1,1785713784
2026-08-03T00:23:16Z,575,10,1,10,1,0,1,1,1,1785715533
2026-08-03T00:23:16Z,576,16,0,3,0,0,1,1,1,1785712044
2026-08-03T00:23:16Z,577,11,0,19,1,0,1,1,1,1785715367
2026-08-03T00:23:16Z,578,9,2,13,1,0,1,1,1,1785715885
2026-08-03T00:23:16Z,579,9,1,34,0,0,1,1,1,1785715909
2026-08-03T00:23:16Z,580,1,0,27,1,0,1,1,1,1785714651
2026-08-03T00:23:16Z,581,5,0,13,1,0,1,1,1,1785716587
2026-08-03T00:23:16Z,582,22,3,37,2,0,1,1,1,1785716546
2026-08-03T00:23:16Z,583,5,2,17,1,0,1,1,1,1785716402
2026-08-03T00:23:16Z,584,6,1,9,4,0,1,1,1,1785715624
2026-08-03T00:23:16Z,585,19,1,7,0,1,1,1,1,1785714556
2026-08-03T00:23:16Z,586,29,3,6,0,0,1,1,1,1785716561
2026-08-03T00:23:16Z,587,5,0,18,1,0,1,1,1,1785715255
2026-08-03T00:23:16Z,588,0,0,0,13,6,1,1,1,1785716518
2026-08-03T00:23:16Z,589,9,5,13,0,0,1,1,1,1785715718
2026-08-03T00:23:16Z,590,16,1,15,0,0,1,1,1,1785715654
2026-08-03T00:23:16Z,591,18,2,10,2,0,1,1,1,1785715884
2026-08-03T00:23:16Z,592,4,0,19,0,0,1,1,1,1785714626
2026-08-03T00:23:16Z,593,8,0,30,0,0,1,1,1,1785709341
2026-08-03T00:23:16Z,594,0,0,19,2,0,1,1,1,1785714994
2026-08-03T00:23:16Z,595,0,0,3,0,0,0,1,1,1784046673
2026-08-03T00:23:16Z,605,0,0,2,1,0,0,1,1,1783975843
2026-08-03T00:23:16Z,606,0,0,0,0,0,0,1,1,86400
2026-08-03T00:23:16Z,607,27,0,3,2,0,1,1,1,1785716284
2026-08-03T00:23:16Z,608,3,3,47,0,0,1,1,1,1785714316
2026-08-03T00:23:16Z,609,10,7,13,0,0,1,1,1,1785716358
2026-08-03T00:23:16Z,610,1,0,34,0,0,1,1,1,1785712863
2026-08-03T00:23:16Z,611,1,1,26,0,0,1,1,1,1785716479
2026-08-03T00:23:16Z,612,6,2,9,0,0,1,1,1,1785711987
2026-08-03T00:23:16Z,613,4,1,9,2,0,1,1,1,1785716568
2026-08-03T00:23:16Z,614,8,5,15,3,1,1,1,1,1785715099
2026-08-03T00:23:16Z,617,8,0,6,1,0,1,1,1,1785715256
2026-08-03T00:23:16Z,618,10,5,5,4,0,1,1,1,1785714686
2026-08-03T00:23:16Z,619,15,1,4,0,0,1,1,1,1785715400
2026-08-03T00:23:16Z,620,4,0,23,0,0,1,1,1,1785715762
2026-08-03T00:23:16Z,621,17,0,6,0,0,1,1,1,1785716374
2026-08-03T00:23:16Z,622,10,3,11,2,0,1,1,1,1785714422
2026-08-03T00:23:16Z,623,1,0,28,1,0,1,1,1,1785713834
2026-08-03T00:23:16Z,624,0,0,14,1,0,1,1,1,1785707524
2026-08-03T00:23:16Z,625,7,3,8,6,0,1,1,1,1785714610
2026-08-03T00:23:16Z,626,0,0,45,0,2,1,1,1,1785713372
2026-08-03T00:23:16Z,627,11,7,8,0,0,1,1,1,1785705519
2026-08-03T00:23:16Z,628,11,5,5,2,1,1,1,1,1785716480
2026-08-03T00:23:16Z,629,5,4,5,1,0,1,1,1,1785716347
2026-08-03T00:23:16Z,630,13,0,10,4,0,1,1,1,1785716451
2026-08-03T00:23:16Z,631,4,0,19,0,0,1,1,1,1785712383
2026-08-03T00:23:16Z,632,12,2,8,3,0,1,1,1,1785712132
2026-08-03T00:23:16Z,633,9,2,5,1,0,1,1,1,1785714698
2026-08-03T00:23:16Z,634,8,2,11,0,0,1,1,1,1785702562
2026-08-03T00:23:16Z,635,17,4,2,0,0,1,1,1,1785713770
2026-08-03T00:23:16Z,636,11,1,4,0,0,1,1,1,1785696307
2026-08-03T00:23:16Z,637,12,8,4,3,0,1,1,1,1785710473
2026-08-03T00:23:16Z,638,8,3,8,3,0,1,1,1,1785713067
2026-08-03T00:23:16Z,639,9,1,8,2,0,1,1,1,1785712749
2026-08-03T00:23:16Z,640,16,11,5,2,0,1,1,1,1785716413
2026-08-03T00:23:16Z,641,16,0,10,1,0,1,1,1,1785716428
2026-08-03T00:23:16Z,642,1,1,4,11,3,1,1,1,1785716588
2026-08-03T00:23:16Z,643,0,0,19,8,0,1,1,1,1785716594
2026-08-03T00:23:16Z,644,10,4,5,0,0,1,1,1,1785709226
2026-08-03T00:23:16Z,645,18,3,4,0,1,1,1,1,1785714074
2026-08-03T00:23:16Z,646,7,0,11,1,0,1,1,1,1785713742
2026-08-03T00:23:16Z,647,21,1,10,0,0,1,1,1,1785714841
2026-08-03T00:23:16Z,648,3,0,15,1,0,1,1,1,1785712172
2026-08-03T00:23:16Z,649,25,1,6,0,0,1,1,1,1785713764
2026-08-03T00:23:16Z,650,4,0,10,0,0,1,1,1,1785701495
2026-08-03T00:23:16Z,651,5,4,18,0,0,1,1,1,1785715426
2026-08-03T00:23:16Z,652,6,3,15,2,0,1,1,1,1785716371
2026-08-03T00:23:16Z,653,13,1,5,1,0,1,1,1,1785702565
2026-08-03T00:23:16Z,654,3,2,11,1,0,1,1,1,1785715993
2026-08-03T00:23:16Z,655,0,0,1,8,4,1,1,1,1785716335
2026-08-03T00:23:16Z,656,15,1,4,0,0,1,1,1,1785716439
2026-08-03T00:23:16Z,657,1,0,11,3,2,1,1,1,1785716378
2026-08-03T00:23:16Z,658,4,0,1,4,1,1,1,1,1785716354
2026-08-03T00:23:16Z,659,9,7,4,2,0,1,1,1,1785714245
2026-08-03T00:23:16Z,660,18,1,6,7,0,1,1,1,1785716592
2026-08-03T00:23:16Z,661,8,2,9,2,0,1,1,1,1785716165
2026-08-03T00:23:16Z,662,6,4,15,2,0,1,1,1,1785715879
2026-08-03T00:23:16Z,663,8,1,7,0,0,1,1,1,1785715561
2026-08-03T00:23:16Z,664,2,0,25,0,0,1,1,1,1785716538
2026-08-03T00:23:16Z,665,6,1,9,0,0,1,1,1,1785716408
2026-08-03T00:23:16Z,666,6,2,6,3,0,1,1,1,1785712008
2026-08-03T00:23:16Z,667,5,1,13,1,0,1,1,1,1785716593
2026-08-03T00:23:16Z,668,15,0,4,0,0,1,1,1,1785714441
2026-08-03T00:23:16Z,669,1,0,12,1,0,1,1,1,1785713598
2026-08-03T00:23:16Z,670,19,2,6,2,0,1,1,1,1785716126
2026-08-03T00:23:16Z,671,22,2,4,1,0,1,1,1,1785716440
2026-08-03T00:23:16Z,672,15,1,4,3,1,1,1,1,1785714183
2026-08-03T00:23:16Z,673,18,0,4,1,0,1,1,1,1785715998
2026-08-03T00:23:16Z,674,0,0,20,3,0,1,1,1,1785716301
2026-08-03T00:23:16Z,675,7,6,6,2,0,1,1,1,1785716584
2026-08-03T00:23:16Z,676,10,1,12,0,0,1,1,1,1785716073
2026-08-03T00:23:16Z,681,13,4,1,0,1,1,1,1,1785716510
2026-08-03T00:23:16Z,682,3,1,15,1,0,1,1,1,1785683408
2026-08-03T00:23:16Z,683,5,3,14,0,0,1,1,1,1785716516
2026-08-03T00:23:16Z,684,1,0,26,0,0,1,1,1,1785660807
2026-08-03T00:23:16Z,685,5,1,20,1,1,1,1,1,1785705171
2026-08-03T00:23:16Z,686,10,0,15,2,0,1,1,1,1785716407
2026-08-03T00:23:16Z,687,12,1,16,2,1,1,1,1,1785716516
2026-08-03T00:23:16Z,688,13,5,6,0,0,1,1,1,1785705960
2026-08-03T00:23:16Z,692,11,6,9,1,0,1,1,1,1785716388
2026-08-03T00:23:16Z,693,7,1,1,3,0,1,1,1,1785715320
2026-08-03T00:23:16Z,694,5,1,16,0,0,1,1,1,1785715606
2026-08-03T00:23:16Z,695,19,9,4,0,0,1,1,1,1785716309
2026-08-03T00:23:16Z,696,17,10,6,0,0,1,1,1,1785716113
2026-08-03T00:23:16Z,697,17,2,6,0,0,1,1,1,1785716565
2026-08-03T00:23:16Z,698,14,1,12,1,0,1,1,1,1785716229
2026-08-03T00:23:16Z,699,8,0,7,0,0,1,1,1,1785715721
2026-08-03T00:23:16Z,700,14,1,3,2,0,1,1,1,1785716576
2026-08-03T00:23:16Z,701,10,2,9,0,0,1,1,1,1785715903
2026-08-03T00:23:16Z,702,20,0,3,0,0,1,1,1,1785716436
2026-08-03T00:23:16Z,704,8,3,7,0,0,1,1,1,1785715055
2026-08-03T00:23:16Z,705,9,3,5,1,0,1,1,1,1785716326
2026-08-03T00:23:16Z,706,12,4,1,2,0,1,1,1,1785715773
2026-08-03T00:23:16Z,707,14,1,0,1,0,1,1,1,1785691406
2026-08-03T00:23:16Z,708,12,0,7,0,0,1,1,1,1785714845
2026-08-03T00:23:16Z,709,11,3,4,0,0,1,1,1,1785716332
2026-08-03T00:23:16Z,710,12,3,7,0,0,1,1,1,1785715898
2026-08-03T00:23:16Z,711,8,4,12,3,0,1,1,1,1785716167
2026-08-03T00:23:16Z,712,3,0,11,1,0,1,1,1,1785716476
2026-08-03T00:23:16Z,713,6,1,17,0,0,1,1,1,1785715356
2026-08-03T00:23:16Z,716,5,4,9,1,0,1,1,1,1785716096
2026-08-03T00:23:16Z,717,13,6,11,1,0,1,1,1,1785716427
2026-08-03T00:23:16Z,718,7,2,8,0,0,1,1,1,1785715573
2026-08-03T00:23:16Z,719,19,0,10,0,0,1,1,1,1785715697
2026-08-03T00:23:16Z,720,6,2,13,0,0,1,1,1,1785716238
2026-08-03T00:23:16Z,721,15,1,7,1,0,1,1,1,1785715710
2026-08-03T00:23:16Z,722,7,0,7,1,0,1,1,1,1785716073
2026-08-03T00:23:16Z,723,11,2,12,0,0,1,1,1,1785715013
2026-08-03T00:23:16Z,724,2,0,21,0,0,1,1,1,1785715810
2026-08-03T00:23:16Z,725,10,0,13,0,0,1,1,1,1785715506
2026-08-03T00:23:16Z,726,6,1,12,1,0,1,1,1,1785716419
2026-08-03T00:23:16Z,727,9,5,13,1,0,1,1,1,1785715676
2026-08-03T00:23:16Z,728,7,1,7,1,0,1,1,1,1785716523
2026-08-03T00:23:16Z,729,11,0,8,0,0,1,1,1,1785712209
2026-08-03T00:23:16Z,730,7,4,8,0,0,1,1,1,1785715313
2026-08-03T00:23:16Z,731,10,0,3,2,0,1,1,1,1785716418
2026-08-03T00:23:16Z,732,10,1,5,0,0,1,1,1,1785716128
2026-08-03T00:23:16Z,733,1,0,25,1,0,1,1,1,1785715112
2026-08-03T00:23:16Z,734,11,2,3,0,0,1,1,1,1785715164
2026-08-03T00:23:16Z,735,8,1,18,1,0,1,1,1,1785716569
2026-08-03T00:23:16Z,736,17,1,2,0,0,1,1,1,1785715038
2026-08-03T00:23:16Z,737,5,2,8,1,1,1,1,1,1785715547
2026-08-03T00:23:16Z,738,17,1,1,1,0,1,1,1,1785715025
2026-08-03T00:23:16Z,739,9,2,17,1,0,1,1,1,1785715421
2026-08-03T00:23:16Z,741,7,0,16,0,0,1,1,1,1785714975
2026-08-03T00:23:16Z,742,15,4,20,0,0,1,1,1,1785716289
2026-08-03T00:23:16Z,743,8,1,10,1,0,1,1,1,1785716411
2026-08-03T00:23:16Z,744,4,1,10,1,0,1,1,1,1785716404
2026-08-03T00:23:16Z,745,7,2,10,2,0,1,1,1,1785715412
2026-08-03T00:23:16Z,746,5,2,18,0,0,1,1,1,1785716550
2026-08-03T00:23:16Z,747,0,0,4,0,0,0,1,1,1783446606
2026-08-03T00:23:16Z,748,9,0,14,0,0,1,1,1,1785716482
2026-08-03T00:23:16Z,749,17,3,6,0,0,1,1,1,1785716406
2026-08-03T00:23:16Z,750,7,5,4,0,0,1,1,1,1785715903
2026-08-03T00:23:16Z,751,17,9,5,1,0,1,1,1,1785716537
2026-08-03T00:23:16Z,752,7,6,9,1,0,1,1,1,1785716355
2026-08-03T00:23:16Z,753,6,1,9,0,0,1,1,1,1785715474
2026-08-03T00:23:16Z,754,2,0,13,0,0,1,1,1,1785715404
2026-08-03T00:23:16Z,755,15,4,6,2,0,1,1,1,1785716184
2026-08-03T00:23:16Z,756,13,4,23,1,0,1,1,1,1785716503
2026-08-03T00:23:16Z,757,14,9,4,1,0,1,1,1,1785716171
2026-08-03T00:23:16Z,758,18,2,5,0,0,1,1,1,1785716034
2026-08-03T00:23:16Z,759,6,5,9,0,0,1,1,1,1785715857
2026-08-03T00:23:16Z,760,6,1,13,0,0,1,1,1,1785679974
2026-08-03T00:23:16Z,761,18,7,5,0,0,1,1,1,1785715119
2026-08-03T00:23:16Z,762,6,2,7,2,0,1,1,1,1785716216
2026-08-03T00:23:16Z,768,12,1,4,3,0,1,1,1,1785715703
2026-08-03T00:23:16Z,769,16,11,3,0,0,1,1,1,1785716110
2026-08-03T00:23:16Z,770,7,2,10,2,0,1,1,1,1785715249
2026-08-03T00:23:16Z,771,12,2,2,1,0,1,1,1,1785716320
2026-08-03T00:23:16Z,772,13,2,1,1,0,1,1,1,1785714965
2026-08-03T00:23:16Z,773,7,5,11,1,0,1,1,1,1785715807
2026-08-03T00:23:16Z,774,11,6,3,1,0,1,1,1,1785715432
2026-08-03T00:23:16Z,775,7,0,10,2,0,1,1,1,1785716474
2026-08-03T00:23:16Z,776,3,0,17,1,0,1,1,1,1785716350
2026-08-03T00:23:16Z,777,4,1,10,0,0,1,1,1,1785715146
2026-08-03T00:23:16Z,778,11,1,8,0,0,1,1,1,1785715099
2026-08-03T00:23:16Z,779,13,0,6,0,0,1,1,1,1785715094
2026-08-03T00:23:16Z,780,10,2,6,3,0,1,1,1,1785715771
2026-08-03T00:23:16Z,781,0,0,6,5,0,1,1,1,1785715229
2026-08-03T00:23:16Z,782,6,0,10,3,0,1,1,1,1785714848
2026-08-03T00:23:16Z,783,6,1,12,1,0,1,1,1,1785715770
2026-08-03T00:23:16Z,784,0,0,17,2,0,1,1,1,1785715738
2026-08-03T00:23:16Z,785,11,2,2,6,0,1,1,1,1785716332
2026-08-03T00:23:16Z,786,6,3,13,0,0,1,1,1,1785715935
2026-08-03T00:23:16Z,787,4,3,10,1,0,1,1,1,1785715138
2026-08-03T00:23:16Z,788,4,3,11,0,0,1,1,1,1785716214
2026-08-03T00:23:16Z,789,8,3,5,2,0,1,1,1,1785716291
2026-08-03T00:23:16Z,790,5,3,18,0,0,1,1,1,1785715976
2026-08-03T00:23:16Z,791,16,3,2,0,1,1,1,1,1785715455
2026-08-03T00:23:16Z,793,5,1,9,1,0,1,1,1,1785716340
2026-08-03T00:23:16Z,794,17,4,8,4,0,1,1,1,1785716000
2026-08-03T00:23:16Z,796,10,1,8,1,0,1,1,1,1785714825
2026-08-03T00:23:16Z,797,1,0,14,0,0,1,1,1,1785709083
2026-08-03T00:23:16Z,798,0,0,23,2,0,1,1,1,1785715278
2026-08-03T00:23:16Z,799,6,0,10,3,0,1,1,1,1785716592
2026-08-03T00:23:16Z,800,11,1,8,2,0,1,1,1,1785716403
2026-08-03T00:23:16Z,801,9,8,11,1,0,1,1,1,1785715395
2026-08-03T00:23:16Z,802,6,2,23,2,0,1,1,1,1785715781
2026-08-03T00:23:16Z,803,5,0,9,1,0,1,1,1,1785716227
2026-08-03T00:23:16Z,806,2,0,12,1,0,1,1,1,1785716423
2026-08-03T00:23:16Z,807,13,3,12,0,0,1,1,1,1785715621
2026-08-03T00:23:16Z,808,6,1,17,2,0,1,1,1,1785714464
2026-08-03T00:23:16Z,809,4,1,18,1,0,1,1,1,1785716575
2026-08-03T00:23:16Z,810,6,1,11,2,0,1,1,1,1785715189
2026-08-03T00:23:16Z,815,3,3,9,2,1,1,1,1,1785716042
2026-08-03T00:23:16Z,817,12,3,3,0,0,1,1,1,1785716142
2026-08-03T00:23:16Z,818,6,0,17,0,0,1,1,1,1785715782
2026-08-03T00:23:16Z,819,9,0,6,0,0,1,1,1,1785704866
2026-08-03T00:23:16Z,820,15,2,2,0,0,1,1,1,1785715498
2026-08-03T00:23:16Z,821,1,0,13,1,0,1,1,1,1785716525
2026-08-03T00:23:16Z,822,3,2,20,0,0,1,1,1,1785716254
2026-08-03T00:23:16Z,823,4,0,11,0,0,1,1,1,1785715989
2026-08-03T00:23:16Z,824,18,15,1,0,0,1,1,1,1785715929
2026-08-03T00:23:16Z,825,6,2,9,0,0,1,1,1,1785716526
2026-08-03T00:23:16Z,826,16,2,1,2,0,1,1,1,1785715980
2026-08-03T00:23:16Z,827,8,2,12,1,0,1,1,1,1785715675
2026-08-03T00:23:16Z,828,16,1,2,0,0,1,1,1,1785716260
2026-08-03T00:23:16Z,829,19,8,8,0,0,1,1,1,1785716124
2026-08-03T00:23:16Z,830,4,1,18,1,0,1,1,1,1785715548
2026-08-03T00:23:16Z,831,7,5,7,1,0,1,1,1,1785715761
2026-08-03T00:23:16Z,832,0,0,16,2,0,1,1,1,1785716355
2026-08-03T00:23:16Z,833,6,2,11,2,0,1,1,1,1785715948
2026-08-03T00:23:16Z,834,2,0,21,1,0,1,1,1,1785716116
2026-08-03T00:23:16Z,835,5,1,11,2,0,1,1,1,1785716111
2026-08-03T00:23:16Z,838,7,4,8,0,0,1,1,1,1785716578
2026-08-03T00:23:16Z,839,1,0,28,0,0,1,1,1,1785716367
2026-08-03T00:23:16Z,840,19,3,8,2,0,1,1,1,1785716053
2026-08-03T00:23:16Z,841,3,0,10,2,0,1,1,1,1785715733
2026-08-03T00:23:16Z,842,9,2,14,0,0,1,1,1,1785716225
2026-08-03T00:23:16Z,843,21,2,9,1,0,1,1,1,1785716480
2026-08-03T00:23:16Z,844,1,0,22,0,0,1,1,1,1785715355
2026-08-03T00:23:16Z,845,6,3,10,3,0,1,1,1,1785716396
2026-08-03T00:23:16Z,846,2,1,15,2,0,1,1,1,1785715545
2026-08-03T00:23:16Z,847,7,1,19,1,0,1,1,1,1785715924
2026-08-03T00:23:16Z,848,5,0,13,1,0,1,1,1,1785711558
2026-08-03T00:23:16Z,849,0,0,14,1,0,1,1,1,1785715185
2026-08-03T00:23:16Z,850,8,0,2,1,0,1,1,1,1785714976
2026-08-03T00:23:16Z,851,22,6,12,3,0,1,1,1,1785716534
2026-08-03T00:23:16Z,852,12,7,7,0,0,1,1,1,1785715911
2026-08-03T00:23:16Z,853,9,4,14,0,0,1,1,1,1785715519
2026-08-03T00:23:16Z,854,9,1,6,0,0,1,1,1,1785715701
2026-08-03T00:23:16Z,855,12,0,15,0,0,1,1,1,1785713020
2026-08-03T00:23:16Z,857,16,11,0,3,0,1,1,1,1785699207
2026-08-03T00:23:16Z,858,5,2,13,1,0,1,1,1,1785714892
2026-08-03T00:23:16Z,859,11,4,9,1,0,1,1,1,1785715729
2026-08-03T00:23:16Z,861,8,1,2,1,0,1,1,1,1785683161
2026-08-03T00:23:16Z,862,10,2,4,1,0,1,1,1,1785715796
2026-08-03T00:23:16Z,863,16,3,2,1,0,1,1,1,1785712746
2026-08-03T00:23:16Z,866,7,0,11,1,0,1,1,1,1785716514
2026-08-03T00:23:16Z,867,7,2,8,0,0,1,1,1,1785715389
2026-08-03T00:23:16Z,868,6,0,8,1,0,1,1,1,1785715797
2026-08-03T00:23:16Z,870,8,2,7,0,0,1,1,1,1785716048
2026-08-03T00:23:16Z,871,0,0,10,1,0,1,1,1,1785715161
2026-08-03T00:23:16Z,872,1,1,13,1,0,1,1,1,1785715952
2026-08-03T00:23:16Z,873,1,1,31,1,0,1,1,1,1785715383
2026-08-03T00:23:16Z,874,6,1,6,3,0,1,1,1,1785715946
2026-08-03T00:23:16Z,875,9,7,5,1,0,1,1,1,1785715458
2026-08-03T00:23:16Z,877,12,12,7,0,0,1,1,1,1785716065
2026-08-03T00:23:16Z,878,4,4,15,0,0,1,1,1,1785716532
2026-08-03T00:23:16Z,879,3,2,16,0,0,1,1,1,1785715510
2026-08-03T00:23:16Z,880,5,1,16,2,0,1,1,1,1785715964
2026-08-03T00:23:16Z,881,7,3,12,0,0,1,1,1,1785716437
2026-08-03T00:23:16Z,882,9,4,9,1,0,1,1,1,1785672846
2026-08-03T00:23:16Z,883,11,5,8,0,0,1,1,1,1785716293
2026-08-03T00:23:16Z,884,9,4,12,0,0,1,1,1,1785716117
2026-08-03T00:23:16Z,885,4,1,15,0,0,1,1,1,1785689211
2026-08-03T00:23:16Z,886,20,5,8,0,0,1,1,1,1785716372
2026-08-03T00:23:16Z,887,5,2,10,2,0,1,1,1,1785716481
2026-08-03T00:23:16Z,888,5,3,34,2,0,1,1,1,1785716481
2026-08-03T00:23:16Z,889,1,0,16,1,1,1,1,1,1785716171
2026-08-03T00:23:16Z,890,8,1,6,1,0,1,1,1,1785707949
2026-08-03T00:23:16Z,891,20,0,2,1,0,1,1,1,1785715835
2026-08-03T00:23:16Z,892,11,2,4,0,0,1,1,1,1785715304
2026-08-03T00:23:16Z,895,3,0,16,0,0,1,1,1,1785690376
2026-08-03T00:23:16Z,896,7,1,26,2,0,1,1,1,1785715792
2026-08-03T00:23:16Z,897,18,0,3,0,0,1,1,1,1785716415
2026-08-03T00:23:16Z,898,1,0,18,0,0,1,1,1,1785715935
2026-08-03T00:23:16Z,899,13,1,6,0,0,1,1,1,1785716326
2026-08-03T00:23:16Z,900,15,3,11,1,0,1,1,1,1785716220
2026-08-03T00:23:16Z,901,7,0,11,1,0,1,1,1,1785716186
2026-08-03T00:23:16Z,902,3,0,12,0,0,1,1,1,1785715663
2026-08-03T00:23:16Z,903,15,0,3,1,0,1,1,1,1785715859
2026-08-03T00:23:16Z,904,10,4,8,1,0,1,1,1,1785716391
2026-08-03T00:23:16Z,905,0,0,27,0,0,1,1,1,1785715977
2026-08-03T00:23:16Z,906,0,0,27,0,0,1,1,1,1785715643
2026-08-03T00:23:16Z,907,14,0,17,0,0,1,1,1,1785716478
2026-08-03T00:23:16Z,908,5,1,18,0,0,1,1,1,1785716560
2026-08-03T00:23:16Z,909,12,4,10,1,0,1,1,1,1785716150
2026-08-03T00:23:16Z,910,12,2,19,0,0,1,1,1,1785716559
2026-08-03T00:23:16Z,911,2,1,17,0,0,1,1,1,1785715860
2026-08-03T00:23:16Z,912,17,0,5,1,0,1,1,1,1785716461
2026-08-03T00:23:16Z,913,6,3,13,0,0,1,1,1,1785715120
2026-08-03T00:23:16Z,914,4,1,15,0,0,1,1,1,1785716550
2026-08-03T00:23:16Z,915,20,1,2,1,0,1,1,1,1785716437
2026-08-03T00:23:16Z,916,19,1,4,0,0,1,1,1,1785716042
2026-08-03T00:23:16Z,917,0,0,35,0,0,1,1,1,1785716506
2026-08-03T00:23:16Z,918,17,4,2,0,0,1,1,1,1785716592
2026-08-03T00:23:16Z,919,11,0,27,1,0,1,1,1,1785716250
2026-08-03T00:23:16Z,920,5,3,14,0,0,1,1,1,1785716535
2026-08-03T00:23:16Z,921,12,0,9,0,0,1,1,1,1785716182
2026-08-03T00:23:16Z,922,5,1,16,0,0,1,1,1,1785715469
2026-08-03T00:23:16Z,923,13,11,6,0,0,1,1,1,1785715979
2026-08-03T00:23:16Z,924,21,3,0,0,0,1,1,1,1785715328
2026-08-03T00:23:16Z,925,10,1,10,1,0,1,1,1,1785715000
2026-08-03T00:23:16Z,926,3,0,18,0,0,1,1,1,1785716570
2026-08-03T00:23:16Z,927,3,3,32,0,0,1,1,1,1785716080
2026-08-03T00:23:16Z,928,0,0,19,0,0,0,1,1,1785500252
2026-08-03T00:23:16Z,929,2,0,21,0,0,1,1,1,1785715897
2026-08-03T00:23:16Z,930,6,0,24,1,0,1,1,1,1785716195
2026-08-03T00:23:16Z,931,2,2,21,0,0,1,1,1,1785715989
2026-08-03T00:23:16Z,932,9,0,7,3,0,1,1,1,1785716397
2026-08-03T00:23:16Z,933,16,1,5,2,0,1,1,1,1785711992
2026-08-03T00:23:16Z,934,9,0,22,0,0,1,1,1,1785716595
2026-08-03T00:23:16Z,935,5,0,12,2,0,1,1,1,1785715228
2026-08-03T00:23:16Z,936,13,0,6,0,0,1,1,1,1785715551
2026-08-03T00:23:16Z,940,1,0,10,0,0,1,1,1,1785711043
2026-08-03T00:23:16Z,941,3,0,20,2,0,1,1,1,1785715330
2026-08-03T00:23:16Z,942,19,4,2,0,0,1,1,1,1785714818
2026-08-03T00:23:16Z,943,9,9,6,0,0,1,1,1,1785715929
2026-08-03T00:23:16Z,944,12,10,3,0,0,1,1,1,1785715907
2026-08-03T00:23:16Z,945,5,5,10,0,0,1,1,1,1785715407
2026-08-03T00:23:16Z,946,7,5,12,0,0,1,1,1,1785683246
2026-08-03T00:23:16Z,947,3,0,14,0,0,1,1,1,1785715914
2026-08-03T00:23:16Z,948,10,9,17,4,0,1,1,1,1785715532
2026-08-03T00:23:16Z,949,2,2,12,1,0,1,1,1,1785715992
2026-08-03T00:23:16Z,950,4,0,11,2,0,1,1,1,1785716211
2026-08-03T00:23:16Z,951,9,1,14,0,0,1,1,1,1785716512
2026-08-03T00:23:16Z,952,36,0,19,0,0,1,1,1,1785716515
2026-08-03T00:23:16Z,953,10,0,5,0,0,1,1,1,1785714989
2026-08-03T00:23:16Z,954,15,4,4,0,0,1,1,1,1785716199
2026-08-03T00:23:16Z,955,10,0,16,1,0,1,1,1,1785715707
2026-08-03T00:23:16Z,956,0,0,23,0,0,1,1,1,1785716190
2026-08-03T00:23:16Z,957,24,0,5,0,0,1,1,1,1785716036
2026-08-03T00:23:16Z,958,16,0,15,0,0,1,1,1,1785715685
2026-08-03T00:23:16Z,959,14,8,8,1,0,1,1,1,1785716583
2026-08-03T00:23:16Z,960,2,0,21,0,0,1,1,1,1785716195
2026-08-03T00:23:16Z,961,15,4,5,3,0,1,1,1,1785715052
2026-08-03T00:23:16Z,962,5,5,27,3,0,1,1,1,1785716114
2026-08-03T00:23:16Z,963,6,0,16,1,0,1,1,1,1785716370
2026-08-03T00:23:16Z,964,22,9,1,0,0,1,1,1,1785716364
2026-08-03T00:23:16Z,965,8,3,17,2,0,1,1,1,1785715562
2026-08-03T00:23:16Z,966,27,2,4,0,0,1,1,1,1785716023
2026-08-03T00:23:16Z,967,8,3,11,1,1,1,1,1,1785716354
2026-08-03T00:23:16Z,968,7,1,12,0,0,1,1,1,1785716252
2026-08-03T00:23:16Z,969,12,1,12,3,0,1,1,1,1785715621
2026-08-03T00:23:16Z,970,9,2,9,1,0,1,1,1,1785716422
2026-08-03T00:23:16Z,971,3,1,19,1,0,1,1,1,1785716576
2026-08-03T00:23:16Z,972,6,4,16,1,0,1,1,1,1785716295
2026-08-03T00:23:16Z,973,9,2,14,0,0,1,1,1,1785716225
2026-08-03T00:23:16Z,974,16,0,11,0,0,1,1,1,1785715362
2026-08-03T00:23:16Z,977,10,3,8,3,0,1,1,1,1785716295
2026-08-03T00:23:16Z,978,9,2,14,0,0,1,1,1,1785715574
2026-08-03T00:23:16Z,979,5,1,12,0,0,1,1,1,1785716425
2026-08-03T00:23:16Z,980,2,0,19,0,0,1,1,1,1785715796
2026-08-03T00:23:16Z,981,0,0,21,0,0,1,1,1,1785715963
2026-08-03T00:23:16Z,982,2,1,14,3,0,1,1,1,1785716092
2026-08-03T00:23:16Z,983,13,2,10,0,0,1,1,1,1785714948
2026-08-03T00:23:16Z,984,6,0,17,0,0,1,1,1,1785716218
2026-08-03T00:23:16Z,985,20,3,10,1,0,1,1,1,1785715471
2026-08-03T00:23:16Z,986,6,2,13,0,0,1,1,1,1785716120
2026-08-03T00:23:16Z,987,7,0,16,0,0,1,1,1,1785715032
2026-08-03T00:23:16Z,988,2,2,17,0,0,1,1,1,1785716369
2026-08-03T00:23:16Z,989,5,3,14,0,0,1,1,1,1785715282
2026-08-03T00:23:16Z,990,13,1,1,1,0,1,1,1,1785716154
2026-08-03T00:23:16Z,991,8,1,9,2,0,1,1,1,1785715813
2026-08-03T00:23:16Z,992,9,3,13,1,0,1,1,1,1785715306
2026-08-03T00:23:16Z,993,20,0,6,1,0,1,1,1,1785715791
2026-08-03T00:23:16Z,994,6,3,14,1,0,1,1,1,1785715726
2026-08-03T00:23:16Z,995,9,2,18,0,0,1,1,1,1785714883
2026-08-03T00:23:16Z,996,5,2,18,0,0,1,1,1,1785716427
2026-08-03T00:23:16Z,997,15,5,6,2,0,1,1,1,1785716279
2026-08-03T00:23:16Z,998,5,2,18,0,0,1,1,1,1785714820
2026-08-03T00:23:16Z,999,8,1,10,2,1,1,1,1,1785716298
2026-08-03T00:23:16Z,1000,0,0,21,0,0,1,1,1,1785715252
2026-08-03T00:23:16Z,1001,9,0,18,0,0,1,1,1,1785715055
2026-08-03T00:23:16Z,1002,5,0,25,1,0,1,1,1,1785716027
2026-08-03T00:23:16Z,1003,1,0,19,3,0,1,1,1,1785716406
2026-08-03T00:23:16Z,1004,11,0,12,0,0,1,1,1,1785715747
2026-08-03T00:23:16Z,1005,23,2,0,0,0,1,1,1,1785716442
2026-08-03T00:23:16Z,1006,15,3,2,2,0,1,1,1,1785715639
2026-08-03T00:23:16Z,1007,3,1,18,0,0,1,1,1,1785715795
2026-08-03T00:23:16Z,1008,8,7,15,0,0,1,1,1,1785715492
2026-08-03T00:23:16Z,1009,20,4,10,1,0,1,1,1,1785715753
2026-08-03T00:23:16Z,1010,7,2,20,0,0,1,1,1,1785716325
2026-08-03T00:23:16Z,1011,7,3,12,0,0,1,1,1,1785716457
2026-08-03T00:23:16Z,1012,5,3,17,1,0,1,1,1,1785716219
2026-08-03T00:23:16Z,1013,4,0,17,2,0,1,1,1,1785714836
2026-08-03T00:23:16Z,1014,7,3,15,1,0,1,1,1,1785714943
2026-08-03T00:23:16Z,1015,6,3,24,1,0,1,1,1,1785715627
2026-08-03T00:23:16Z,1016,10,5,21,0,0,1,1,1,1785716547
2026-08-03T00:23:16Z,1017,16,7,5,0,0,1,1,1,1785715586
2026-08-03T00:23:16Z,1018,3,0,17,2,0,1,1,1,1785716268
2026-08-03T00:23:16Z,1019,7,4,5,3,0,1,1,1,1785715874
2026-08-03T00:23:16Z,1020,10,4,11,0,0,1,1,1,1785715395
2026-08-03T00:23:16Z,1021,8,2,6,1,0,1,1,1,1785714829
2026-08-03T00:23:16Z,1022,15,1,12,0,0,1,1,1,1785716594
2026-08-03T00:23:16Z,1023,12,0,11,0,0,1,1,1,1785716085
2026-08-03T00:23:16Z,1024,2,0,17,0,0,1,1,1,1785715015
2026-08-03T00:23:16Z,1025,3,0,15,0,1,1,1,1,1785714841
2026-08-03T00:23:16Z,1026,14,9,16,1,0,1,1,1,1785715968
2026-08-03T00:23:16Z,1028,5,1,18,0,0,1,1,1,1785716396
2026-08-03T00:23:16Z,1029,9,7,4,2,0,1,1,1,1785715215
2026-08-03T00:23:16Z,1030,13,4,10,0,0,1,1,1,1785715314
2026-08-03T00:23:16Z,1031,10,3,9,0,0,1,1,1,1785715380
2026-08-03T00:23:16Z,1032,10,1,9,0,0,1,1,1,1785716071
2026-08-03T00:23:16Z,1033,11,4,7,1,0,1,1,1,1785715137
2026-08-03T00:23:16Z,1034,0,0,15,0,0,1,1,1,1785715919
2026-08-03T00:23:16Z,1035,0,0,18,1,0,1,1,1,1785716546
2026-08-03T00:23:16Z,1036,13,0,2,0,0,1,1,1,1785716491
2026-08-03T00:23:16Z,1037,2,0,16,1,0,1,1,1,1785716313
2026-08-03T00:23:16Z,1038,3,1,12,0,0,1,1,1,1785715566
2026-08-03T00:23:16Z,1039,2,1,17,0,0,1,1,1,1785716208
2026-08-03T00:23:16Z,1040,13,7,6,0,0,1,1,1,1785716191
2026-08-03T00:23:16Z,1041,14,1,4,1,0,1,1,1,1785715993
2026-08-03T00:23:16Z,1042,4,3,10,1,0,1,1,1,1785715885
2026-08-03T00:23:16Z,1043,13,5,6,0,0,1,1,1,1785716202
2026-08-03T00:23:16Z,1044,0,0,15,0,0,1,1,1,1785715609
2026-08-03T00:23:16Z,1045,11,1,7,1,0,1,1,1,1785716076
2026-08-03T00:23:16Z,1046,9,1,6,0,0,1,1,1,1785715273
2026-08-03T00:23:16Z,1047,8,2,13,0,0,1,1,1,1785716404
2026-08-03T00:23:16Z,1048,3,0,16,0,0,1,1,1,1785716051
2026-08-03T00:23:16Z,1049,4,1,17,0,0,1,1,1,1785714449
2026-08-03T00:23:16Z,1050,15,0,5,1,0,1,1,1,1785715532
2026-08-03T00:23:16Z,1051,11,6,10,0,0,1,1,1,1785715426
2026-08-03T00:23:16Z,1052,20,3,1,1,0,1,1,1,1785716105
2026-08-03T00:23:16Z,1053,2,1,13,0,0,1,1,1,1785715569
2026-08-03T00:23:16Z,1054,13,0,1,1,0,1,1,1,1785716028
2026-08-03T00:23:16Z,1055,15,1,4,0,0,1,1,1,1785716210
2026-08-03T00:23:16Z,1057,8,0,11,0,0,1,1,1,1785715694
2026-08-03T00:23:16Z,1058,7,0,49,0,0,1,1,1,1785716362
2026-08-03T00:23:16Z,1059,5,1,13,1,0,1,1,1,1785715889
2026-08-03T00:23:16Z,1060,20,17,17,0,0,1,1,1,1785715202
2026-08-03T00:23:16Z,1061,31,0,6,0,0,1,1,1,1785716203
2026-08-03T00:23:16Z,1062,12,0,5,0,0,1,1,1,1785716260
2026-08-03T00:23:16Z,1063,9,0,8,2,0,1,1,1,1785715188
2026-08-03T00:23:16Z,1064,6,1,17,0,0,1,1,1,1785714862
2026-08-03T00:23:16Z,1065,12,2,11,0,0,1,1,1,1785715100
2026-08-03T00:23:16Z,1066,13,3,10,0,0,1,1,1,1785714918
2026-08-03T00:23:16Z,1067,8,3,15,0,0,1,1,1,1785715921
2026-08-03T00:23:16Z,1068,5,2,15,3,0,1,1,1,1785714804
2026-08-03T00:23:16Z,1069,12,2,11,0,0,1,1,1,1785716553
2026-08-03T00:23:16Z,1070,11,1,10,2,0,1,1,1,1785714869
2026-08-03T00:23:16Z,1071,6,2,15,2,0,1,1,1,1785714891
2026-08-03T00:23:16Z,1072,9,0,12,2,0,1,1,1,1785715208
2026-08-03T00:23:16Z,1073,26,3,1,0,0,1,1,1,1785716248
2026-08-03T00:23:16Z,1074,24,1,27,2,0,1,1,1,1785716460
2026-08-03T00:23:16Z,1075,9,7,12,0,0,1,1,1,1785715582
2026-08-03T00:23:16Z,1076,11,10,10,0,0,1,1,1,1785715544
2026-08-03T00:23:16Z,1077,11,9,10,0,0,1,1,1,1785715136
2026-08-03T00:23:16Z,1078,10,8,11,0,0,1,1,1,1785715573
2026-08-03T00:23:16Z,1079,10,8,11,0,0,1,1,1,1785716304
2026-08-03T00:23:16Z,1080,10,9,11,0,0,1,1,1,1785716131
2026-08-03T00:23:16Z,1081,11,8,7,1,0,1,1,1,1785716178
2026-08-03T00:23:16Z,1082,15,13,8,0,0,1,1,1,1785716356
2026-08-03T00:23:16Z,1083,10,9,11,0,0,1,1,1,1785716422
2026-08-03T00:23:16Z,1084,9,7,12,0,0,1,1,1,1785716031
2026-08-03T00:23:16Z,1085,12,6,9,0,0,1,1,1,1785716051
2026-08-03T00:23:16Z,1086,9,7,12,0,0,1,1,1,1785715907
2026-08-03T00:23:16Z,1087,11,9,4,0,0,1,1,1,1785716192
2026-08-03T00:23:16Z,1088,7,6,8,0,0,1,1,1,1785716121
2026-08-03T00:23:16Z,1089,9,7,6,0,0,1,1,1,1785715648
2026-08-03T00:23:16Z,1090,10,8,5,0,0,1,1,1,1785714953
2026-08-03T00:23:16Z,1091,9,7,6,0,0,1,1,1,1785715147
2026-08-03T00:23:16Z,1092,10,9,5,0,0,1,1,1,1785716354
2026-08-03T00:23:16Z,1093,9,7,6,0,0,1,1,1,1785714923
2026-08-03T00:23:16Z,1094,13,11,6,0,0,1,1,1,1785716042
2026-08-03T00:23:16Z,1095,10,8,5,0,0,1,1,1,1785715805
2026-08-03T00:23:16Z,1096,7,5,12,0,0,1,1,1,1785716482
2026-08-03T00:23:16Z,1097,9,7,6,0,0,1,1,1,1785716540
2026-08-03T00:23:16Z,1098,10,8,9,0,0,1,1,1,1785715775
2026-08-03T00:23:16Z,1099,8,6,7,0,0,1,1,1,1785715875
2026-08-03T00:23:16Z,1100,9,4,19,1,0,1,1,1,1785703987
2026-08-03T00:23:16Z,1101,8,3,13,0,0,1,1,1,1785715936
2026-08-03T00:23:16Z,1102,10,5,3,0,0,1,1,1,1785714794
2026-08-03T00:23:16Z,1103,11,5,10,0,0,1,1,1,1785661115
2026-08-03T00:23:16Z,1104,10,5,11,0,0,1,1,1,1785715711
2026-08-03T00:23:16Z,1105,7,3,6,0,0,1,1,1,1785716469
2026-08-03T00:23:16Z,1106,10,5,11,0,0,1,1,1,1785716046
2026-08-03T00:23:16Z,1107,9,5,6,0,0,1,1,1,1785716030
2026-08-03T00:23:16Z,1108,7,3,17,3,0,1,1,1,1785715314
2026-08-03T00:23:16Z,1109,10,5,5,0,0,1,1,1,1785715948
2026-08-03T00:23:16Z,1110,13,2,8,0,0,1,1,1,1785715543
2026-08-03T00:23:16Z,1111,12,1,8,1,0,1,1,1,1785714903
2026-08-03T00:23:16Z,1112,25,0,28,0,0,1,1,1,1785716134
2026-08-03T00:23:16Z,1113,2,0,18,1,0,1,1,1,1785715275
2026-08-03T00:23:16Z,1115,5,2,14,4,0,1,1,1,1785715067
2026-08-03T00:23:16Z,1116,4,0,15,0,0,1,1,1,1785716098
2026-08-03T00:23:16Z,1117,21,14,1,1,0,1,1,1,1785715143
2026-08-03T00:23:16Z,1118,1,0,20,0,0,1,1,1,1785715636
2026-08-03T00:23:16Z,1119,16,3,1,0,0,1,1,1,1785715218
2026-08-03T00:23:16Z,1120,9,3,9,1,0,1,1,1,1785716322
2026-08-03T00:23:16Z,1121,8,1,12,1,0,1,1,1,1785715928
2026-08-03T00:23:16Z,1122,14,2,5,2,0,1,1,1,1785716488
2026-08-03T00:23:16Z,1123,2,2,20,1,0,1,1,1,1785716400
2026-08-03T00:23:16Z,1124,6,0,8,1,0,1,1,1,1785714970
2026-08-03T00:23:16Z,1125,20,2,2,1,0,1,1,1,1785716464
2026-08-03T00:23:16Z,1126,21,5,0,0,0,1,1,1,1785716150
2026-08-03T00:23:16Z,1127,14,0,4,1,0,1,1,1,1785716431
2026-08-03T00:23:16Z,1128,14,2,1,0,0,1,1,1,1785715917
2026-08-03T00:23:16Z,1129,8,4,12,1,0,1,1,1,1785715772
2026-08-03T00:23:16Z,1130,10,1,5,0,0,1,1,1,1785716454
2026-08-03T00:23:16Z,1131,0,0,49,0,0,1,1,1,1785714818
2026-08-03T00:23:16Z,1132,17,1,3,1,0,1,1,1,1785716568
2026-08-03T00:23:16Z,1133,11,10,9,1,0,1,1,1,1785715980
2026-08-03T00:23:16Z,1134,9,5,10,0,0,1,1,1,1785714835
2026-08-03T00:23:16Z,1135,10,5,11,0,0,1,1,1,1785715870
2026-08-03T00:23:16Z,1136,21,0,2,0,0,1,1,1,1785716476
2026-08-03T00:23:16Z,1137,3,2,12,0,0,1,1,1,1785715869
2026-08-03T00:23:16Z,1138,7,1,12,0,0,1,1,1,1785716179
2026-08-03T00:23:16Z,1139,13,3,8,0,0,1,1,1,1785715642
2026-08-03T00:23:16Z,1140,5,2,17,1,0,1,1,1,1785716546
2026-08-03T00:23:16Z,1141,6,3,14,1,0,1,1,1,1785715647
2026-08-03T00:23:16Z,1142,0,0,21,0,0,1,1,1,1785716391
2026-08-03T00:23:16Z,1143,19,4,9,1,0,1,1,1,1785716400
2026-08-03T00:23:16Z,1144,7,2,13,1,0,1,1,1,1785716308
2026-08-03T00:23:16Z,1145,10,5,10,1,0,1,1,1,1785715541
2026-08-03T00:23:16Z,1146,7,1,9,3,0,1,1,1,1785716501
2026-08-03T00:23:16Z,1147,4,0,15,0,0,1,1,1,1785716015
2026-08-03T00:23:16Z,1148,27,1,3,1,0,1,1,1,1785716392
2026-08-03T00:23:16Z,1149,17,10,8,0,0,1,1,1,1785716110
2026-08-03T00:23:16Z,1150,8,0,11,0,0,1,1,1,1785716058
2026-08-03T00:23:16Z,1151,8,0,13,0,0,1,1,1,1785716376
2026-08-03T00:23:16Z,1152,2,0,27,0,0,1,1,1,1785716580
2026-08-03T00:23:16Z,1153,4,0,19,0,0,1,1,1,1785716591
2026-08-03T00:23:16Z,1154,12,1,6,1,0,1,1,1,1785715392
2026-08-03T00:23:16Z,1155,12,3,8,1,0,1,1,1,1785716264
2026-08-03T00:23:16Z,1158,2,2,17,0,0,1,1,1,1785715978
2026-08-03T00:23:16Z,1159,13,5,6,0,0,1,1,1,1785716407
2026-08-03T00:23:16Z,1160,7,3,11,1,0,1,1,1,1785716212
2026-08-03T00:23:16Z,1161,4,0,14,1,0,1,1,1,1785716497
2026-08-03T00:23:16Z,1162,5,1,14,0,0,1,1,1,1785714982
2026-08-03T00:23:16Z,1163,3,1,15,1,0,1,1,1,1785716097
2026-08-03T00:23:16Z,1164,5,0,14,0,0,1,1,1,1785716136
2026-08-03T00:23:16Z,1165,11,1,10,0,0,1,1,1,1785715168
2026-08-03T00:23:16Z,1166,13,3,7,1,0,1,1,1,1785715381
2026-08-03T00:23:16Z,1167,3,0,12,0,0,1,1,1,1785715635
2026-08-03T00:23:16Z,1168,6,2,17,0,0,1,1,1,1785716557
2026-08-03T00:23:16Z,1169,3,0,16,0,0,1,1,1,1785715997
2026-08-03T00:23:16Z,1170,6,2,15,0,0,1,1,1,1785716489
2026-08-03T00:23:16Z,1171,8,5,14,1,0,1,1,1,1785716339
2026-08-03T00:23:16Z,1172,6,0,7,2,0,1,1,1,1785716052
2026-08-03T00:23:16Z,1173,12,2,7,0,0,1,1,1,1785716291
2026-08-03T00:23:16Z,1174,5,0,10,0,0,1,1,1,1785715729
2026-08-03T00:23:16Z,1175,2,0,17,0,0,1,1,1,1785715746
2026-08-03T00:23:16Z,1176,10,0,10,0,1,1,1,1,1785715713
2026-08-03T00:23:16Z,1177,5,1,15,1,0,1,1,1,1785716200
2026-08-03T00:23:16Z,1178,3,0,12,0,0,1,1,1,1785715484
2026-08-03T00:23:16Z,1181,10,3,5,0,0,1,1,1,1785713736
2026-08-03T00:23:16Z,1182,10,1,9,1,0,1,1,1,1785716569
2026-08-03T00:23:16Z,1183,5,0,39,1,0,1,1,1,1785716577
2026-08-03T00:23:16Z,1184,6,1,14,1,0,1,1,1,1785716387
2026-08-03T00:23:16Z,1185,9,5,12,0,0,1,1,1,1785715682
2026-08-03T00:23:16Z,1186,8,4,11,0,0,1,1,1,1785716553
2026-08-03T00:23:16Z,1187,11,6,10,0,0,1,1,1,1785715790
2026-08-03T00:23:16Z,1188,11,6,4,0,0,1,1,1,1785716024
2026-08-03T00:23:16Z,1189,9,4,10,0,0,1,1,1,1785716323
2026-08-03T00:23:16Z,1190,12,7,9,0,0,1,1,1,1785715837
2026-08-03T00:23:16Z,1191,9,4,6,0,0,1,1,1,1785716024
2026-08-03T00:23:16Z,1192,9,5,11,1,0,1,1,1,1785716272
2026-08-03T00:23:16Z,1193,8,5,3,2,0,1,1,1,1785715146
2026-08-03T00:23:16Z,1197,6,4,10,1,0,1,1,1,1785715318
2026-08-03T00:23:16Z,1198,16,5,3,2,0,1,1,1,1785714920
2026-08-03T00:23:16Z,1199,3,0,16,0,0,1,1,1,1785714817
2026-08-03T00:23:16Z,1200,10,5,5,0,0,1,1,1,1785716055
2026-08-03T00:23:16Z,1201,11,6,4,0,0,1,1,1,1785716031
2026-08-03T00:23:16Z,1202,10,5,5,0,0,1,1,1,1785716140
2026-08-03T00:23:16Z,1203,10,5,5,0,0,1,1,1,1785716054
2026-08-03T00:23:16Z,1204,10,5,9,0,0,1,1,1,1785715987
2026-08-03T00:23:16Z,1206,10,5,11,0,0,1,1,1,1785715332
2026-08-03T00:23:16Z,1207,8,3,5,2,0,1,1,1,1785716352
2026-08-03T00:23:16Z,1208,9,4,10,0,0,1,1,1,1785716451
2026-08-03T00:23:16Z,1216,3,0,17,1,0,1,1,1,1785715477
2026-08-03T00:23:16Z,1218,9,4,12,0,0,1,1,1,1785715914
2026-08-03T00:23:16Z,1219,5,1,7,3,0,1,1,1,1785715984
2026-08-03T00:23:16Z,1220,15,7,4,0,0,1,1,1,1785715612
2026-08-03T00:23:16Z,1221,3,1,18,0,0,1,1,1,1785715255
2026-08-03T00:23:16Z,1222,5,0,24,0,0,1,1,1,1785716585
2026-08-03T00:23:16Z,1223,29,1,0,0,0,1,1,1,1785716411
2026-08-03T00:23:16Z,1226,0,0,3,0,0,0,1,1,1781868931
2026-08-03T00:23:16Z,1227,5,0,20,0,0,1,1,1,1785716162
2026-08-03T00:23:16Z,1228,23,1,5,1,0,1,1,1,1785715005
2026-08-03T00:23:16Z,1229,34,23,1,10,0,1,1,1,1785715306
2026-08-03T00:28:16Z,1,7,1,16,0,0,1,1,1,1785716663
2026-08-03T00:28:16Z,2,14,1,10,3,0,1,1,1,1785716583
2026-08-03T00:28:16Z,3,3,0,10,1,0,1,1,1,1785715355
2026-08-03T00:28:16Z,4,2,1,19,1,0,1,1,1,1785714020
2026-08-03T00:28:16Z,5,12,4,9,1,1,1,1,1,1785707300
2026-08-03T00:28:16Z,6,14,1,1,0,0,1,1,1,1785715757
2026-08-03T00:28:16Z,7,6,1,33,0,0,1,1,1,1785716685
2026-08-03T00:28:16Z,8,1,0,41,1,0,1,1,1,1785715930
2026-08-03T00:28:16Z,9,20,2,3,0,0,1,1,1,1785716158
2026-08-03T00:28:16Z,10,9,2,12,2,0,1,1,1,1785713840
2026-08-03T00:28:16Z,11,13,4,5,1,0,1,1,1,1785716430
2026-08-03T00:28:16Z,12,5,1,18,0,0,1,1,1,1785716856
2026-08-03T00:28:16Z,13,17,1,13,0,0,1,1,1,1785716289
2026-08-03T00:28:16Z,14,10,0,32,0,1,1,1,1,1785715578
2026-08-03T00:28:16Z,15,3,0,12,0,0,1,1,1,1785713396
2026-08-03T00:28:16Z,16,8,1,17,1,1,1,1,1,1785709998
2026-08-03T00:28:16Z,17,5,1,21,1,0,1,1,1,1785716833
2026-08-03T00:28:16Z,18,4,4,12,2,0,1,1,1,1785714941
2026-08-03T00:28:16Z,19,13,2,14,0,0,1,1,1,1785716857
2026-08-03T00:28:16Z,20,14,0,21,0,0,1,1,1,1785716182
2026-08-03T00:28:16Z,21,13,0,5,1,0,1,1,1,1785715032
2026-08-03T00:28:16Z,22,26,1,39,0,0,1,1,1,1785715994
2026-08-03T00:28:16Z,23,11,6,18,2,0,1,1,1,1785716876
2026-08-03T00:28:16Z,24,4,0,6,1,0,1,1,1,1785716875
2026-08-03T00:28:16Z,25,59,2,20,2,0,1,1,1,1785716764
2026-08-03T00:28:16Z,26,8,1,19,0,0,1,1,1,1785716755
2026-08-03T00:28:16Z,28,1,0,14,0,0,1,1,1,1785713041
2026-08-03T00:28:16Z,30,3,0,26,0,0,1,1,1,1785714590
2026-08-03T00:28:16Z,31,10,0,8,1,0,1,1,1,1785716781
2026-08-03T00:28:16Z,32,20,1,7,0,0,1,1,1,1785716668
2026-08-03T00:28:16Z,34,6,1,31,0,0,1,1,1,1785712564
2026-08-03T00:28:16Z,35,27,3,19,1,0,1,1,1,1785714282
2026-08-03T00:28:16Z,36,0,0,0,0,0,0,1,1,86400
2026-08-03T00:28:16Z,37,17,0,5,1,0,1,1,1,1785716707
2026-08-03T00:28:16Z,38,6,0,17,0,0,1,1,1,1785715413
2026-08-03T00:28:16Z,39,36,6,3,0,0,1,1,1,1785716125
2026-08-03T00:28:16Z,40,4,0,17,0,0,1,1,1,1785716122
2026-08-03T00:28:16Z,41,2,0,41,0,0,1,1,1,1785715348
2026-08-03T00:28:16Z,42,17,9,14,0,0,1,1,1,1785715635
2026-08-03T00:28:16Z,43,21,3,2,0,0,1,1,1,1785714268
2026-08-03T00:28:16Z,45,1,0,28,0,0,1,1,1,1785714153
2026-08-03T00:28:16Z,46,1,0,29,1,0,1,1,1,1785715934
2026-08-03T00:28:16Z,47,7,2,6,2,0,1,1,1,1785716773
2026-08-03T00:28:16Z,48,11,1,16,0,0,1,1,1,1785714906
2026-08-03T00:28:16Z,49,5,0,15,3,0,1,1,1,1785716882
2026-08-03T00:28:16Z,50,9,2,9,1,0,1,1,1,1785715737
2026-08-03T00:28:16Z,51,36,0,40,1,0,1,1,1,1785715711
2026-08-03T00:28:16Z,52,5,1,19,3,0,1,1,1,1785716842
2026-08-03T00:28:16Z,55,0,0,23,0,0,1,1,1,1785712742
2026-08-03T00:28:16Z,56,3,1,40,0,0,1,1,1,1785716061
2026-08-03T00:28:16Z,57,4,4,22,1,0,1,1,1,1785716031
2026-08-03T00:28:16Z,58,1,1,27,0,0,1,1,1,1785713094
2026-08-03T00:28:16Z,59,7,1,19,1,0,1,1,1,1785716631
2026-08-03T00:28:16Z,61,4,0,35,0,0,1,1,1,1785708823
2026-08-03T00:28:16Z,62,2,0,0,14,33,1,1,1,1785716820
2026-08-03T00:28:16Z,63,15,1,4,0,0,1,1,1,1785716441
2026-08-03T00:28:16Z,64,7,1,10,2,0,1,1,1,1785714326
2026-08-03T00:28:16Z,65,11,5,7,1,0,1,1,1,1785712939
2026-08-03T00:28:16Z,67,30,1,9,0,0,1,1,1,1785716303
2026-08-03T00:28:16Z,68,4,0,33,0,0,1,1,1,1785716101
2026-08-03T00:28:16Z,69,1,1,14,0,0,1,1,1,1785716372
2026-08-03T00:28:16Z,71,12,0,14,1,0,1,1,1,1785716546
2026-08-03T00:28:16Z,72,23,3,3,4,1,1,1,1,1785716668
2026-08-03T00:28:16Z,73,4,0,27,0,0,1,1,1,1785716809
2026-08-03T00:28:16Z,74,6,2,13,0,0,1,1,1,1785716326
2026-08-03T00:28:16Z,75,1,1,30,1,0,1,1,1,1785716591
2026-08-03T00:28:16Z,76,3,1,15,1,0,1,1,1,1785716877
2026-08-03T00:28:16Z,77,7,0,20,0,0,1,1,1,1785716623
2026-08-03T00:28:16Z,78,9,1,13,1,0,1,1,1,1785714745
2026-08-03T00:28:16Z,79,4,0,11,2,0,1,1,1,1785716420
2026-08-03T00:28:16Z,80,3,0,17,3,0,1,1,1,1785716712
2026-08-03T00:28:16Z,81,5,2,25,1,0,1,1,1,1785715011
2026-08-03T00:28:16Z,82,19,7,4,0,0,1,1,1,1785715395
2026-08-03T00:28:16Z,83,23,1,7,4,0,1,1,1,1785716855
2026-08-03T00:28:16Z,84,11,2,16,0,0,1,1,1,1785714691
2026-08-03T00:28:16Z,85,9,1,6,0,0,1,1,1,1785716858
2026-08-03T00:28:16Z,86,21,4,6,0,0,1,1,1,1785716548
2026-08-03T00:28:16Z,87,7,0,12,0,0,1,1,1,1785710562
2026-08-03T00:28:16Z,88,12,0,30,1,0,1,1,1,1785716041
2026-08-03T00:28:16Z,89,31,3,4,0,0,1,1,1,1785716468
2026-08-03T00:28:16Z,90,4,3,13,1,0,1,1,1,1785716524
2026-08-03T00:28:16Z,91,6,0,9,2,0,1,1,1,1785712977
2026-08-03T00:28:16Z,92,9,0,8,2,0,1,1,1,1785716624
2026-08-03T00:28:16Z,93,14,2,9,0,0,1,1,1,1785716523
2026-08-03T00:28:16Z,94,7,0,11,1,0,1,1,1,1785716668
2026-08-03T00:28:16Z,95,21,2,12,1,1,1,1,1,1785716305
2026-08-03T00:28:16Z,96,20,1,10,1,0,1,1,1,1785715049
2026-08-03T00:28:16Z,97,3,0,13,1,0,1,1,1,1785716831
2026-08-03T00:28:16Z,98,30,1,5,0,0,1,1,1,1785716293
2026-08-03T00:28:16Z,99,9,1,5,1,0,1,1,1,1785715687
2026-08-03T00:28:16Z,100,3,0,23,1,0,1,1,1,1785716836
2026-08-03T00:28:16Z,101,13,0,0,2,0,1,1,1,1785714719
2026-08-03T00:28:16Z,102,8,0,15,0,0,1,1,1,1785715815
2026-08-03T00:28:16Z,103,18,0,10,2,0,1,1,1,1785715656
2026-08-03T00:28:16Z,104,12,1,13,2,0,1,1,1,1785716883
2026-08-03T00:28:16Z,105,13,0,4,2,0,1,1,1,1785708568
2026-08-03T00:28:16Z,106,10,0,11,0,0,1,1,1,1785708842
2026-08-03T00:28:16Z,107,15,0,22,0,0,1,1,1,1785714381
2026-08-03T00:28:16Z,108,15,0,19,1,0,1,1,1,1785716284
2026-08-03T00:28:16Z,109,8,0,15,0,0,1,1,1,1785716524
2026-08-03T00:28:16Z,110,9,0,11,3,0,1,1,1,1785716860
2026-08-03T00:28:16Z,111,15,0,20,1,0,1,1,1,1785715858
2026-08-03T00:28:16Z,112,10,2,3,2,0,1,1,1,1785716188
2026-08-03T00:28:16Z,113,8,0,10,1,0,1,1,1,1785716782
2026-08-03T00:28:16Z,114,8,3,23,0,0,1,1,1,1785715961
2026-08-03T00:28:16Z,115,22,6,3,3,0,1,1,1,1785716184
2026-08-03T00:28:16Z,116,8,7,19,0,0,1,1,1,1785715680
2026-08-03T00:28:16Z,118,4,0,19,0,0,1,1,1,1785710695
2026-08-03T00:28:16Z,119,22,2,14,2,0,1,1,1,1785716145
2026-08-03T00:28:16Z,120,15,2,9,2,0,1,1,1,1785715801
2026-08-03T00:28:16Z,121,3,0,15,0,1,1,1,1,1785716712
2026-08-03T00:28:16Z,122,13,0,7,1,0,1,1,1,1785715008
2026-08-03T00:28:16Z,123,19,3,28,0,0,1,1,1,1785715818
2026-08-03T00:28:16Z,124,29,4,6,0,0,1,1,1,1785716850
2026-08-03T00:28:16Z,125,9,8,14,0,0,1,1,1,1785715110
2026-08-03T00:28:16Z,126,12,0,19,0,0,1,1,1,1785716751
2026-08-03T00:28:16Z,127,29,1,5,1,0,1,1,1,1785716766
2026-08-03T00:28:16Z,128,17,0,2,0,0,1,1,1,1785714923
2026-08-03T00:28:16Z,129,8,4,10,1,0,1,1,1,1785714272
2026-08-03T00:28:16Z,130,11,0,6,0,0,1,1,1,1785715530
2026-08-03T00:28:16Z,131,7,1,4,0,0,1,1,1,1785716250
2026-08-03T00:28:16Z,132,4,0,10,0,1,1,1,1,1785714877
2026-08-03T00:28:16Z,134,17,8,2,4,0,1,1,1,1785716831
2026-08-03T00:28:16Z,135,12,1,7,0,0,1,1,1,1785715730
2026-08-03T00:28:16Z,136,5,0,17,0,0,1,1,1,1785715839
2026-08-03T00:28:16Z,137,15,2,4,0,0,1,1,1,1785716723
2026-08-03T00:28:16Z,138,22,0,15,0,0,1,1,1,1785716138
2026-08-03T00:28:16Z,139,19,1,0,0,0,1,1,1,1785715692
2026-08-03T00:28:16Z,140,20,1,2,1,0,1,1,1,1785716881
2026-08-03T00:28:16Z,141,27,3,8,1,0,1,1,1,1785716805
2026-08-03T00:28:16Z,142,20,3,3,0,0,1,1,1,1785716859
2026-08-03T00:28:16Z,143,25,0,5,1,0,1,1,1,1785716860
2026-08-03T00:28:16Z,144,23,0,3,1,0,1,1,1,1785716566
2026-08-03T00:28:16Z,146,4,0,17,2,0,1,1,1,1785713962
2026-08-03T00:28:16Z,147,8,0,9,2,0,1,1,1,1785716407
2026-08-03T00:28:16Z,148,13,0,11,3,0,1,1,1,1785716884
2026-08-03T00:28:16Z,149,9,1,17,1,0,1,1,1,1785716841
2026-08-03T00:28:16Z,150,28,5,5,2,0,1,1,1,1785716867
2026-08-03T00:28:16Z,151,10,2,13,0,0,1,1,1,1785716376
2026-08-03T00:28:16Z,152,13,0,11,2,0,1,1,1,1785716878
2026-08-03T00:28:16Z,153,25,0,1,2,0,1,1,1,1785715717
2026-08-03T00:28:16Z,154,5,0,14,4,0,1,1,1,1785716885
2026-08-03T00:28:16Z,155,12,2,1,1,0,1,1,1,1785716628
2026-08-03T00:28:16Z,156,7,0,12,0,0,1,1,1,1785715657
2026-08-03T00:28:16Z,157,24,1,0,3,0,1,1,1,1785716612
2026-08-03T00:28:16Z,158,7,0,9,0,0,1,1,1,1785716491
2026-08-03T00:28:16Z,159,13,11,6,0,0,1,1,1,1785715274
2026-08-03T00:28:16Z,160,10,2,9,0,0,1,1,1,1785715499
2026-08-03T00:28:16Z,161,17,0,5,0,0,1,1,1,1785716873
2026-08-03T00:28:16Z,162,20,2,5,2,0,1,1,1,1785716684
2026-08-03T00:28:16Z,163,22,0,8,0,1,1,1,1,1785716715
2026-08-03T00:28:16Z,164,27,0,0,0,0,1,1,1,1785716583
2026-08-03T00:28:16Z,165,18,5,11,1,1,1,1,1,1785716850
2026-08-03T00:28:16Z,166,32,0,4,3,0,1,1,1,1785716882
2026-08-03T00:28:16Z,167,13,0,9,1,0,1,1,1,1785716453
2026-08-03T00:28:16Z,168,14,0,12,1,0,1,1,1,1785716871
2026-08-03T00:28:16Z,169,21,1,1,0,1,1,1,1,1785716743
2026-08-03T00:28:16Z,170,15,4,3,1,0,1,1,1,1785715670
2026-08-03T00:28:16Z,171,4,1,7,2,0,1,1,1,1785716864
2026-08-03T00:28:16Z,173,28,3,11,0,0,1,1,1,1785716486
2026-08-03T00:28:16Z,174,25,2,1,0,0,1,1,1,1785716680
2026-08-03T00:28:16Z,175,27,0,3,1,0,1,1,1,1785716302
2026-08-03T00:28:16Z,176,2,0,9,4,1,1,1,1,1785715863
2026-08-03T00:28:16Z,177,24,2,3,0,0,1,1,1,1785716737
2026-08-03T00:28:16Z,178,9,2,3,2,1,1,1,1,1785716883
2026-08-03T00:28:16Z,179,13,1,1,1,0,1,1,1,1785716629
2026-08-03T00:28:16Z,180,7,0,23,0,0,1,1,1,1785715319
2026-08-03T00:28:16Z,181,6,2,8,1,0,1,1,1,1785716672
2026-08-03T00:28:16Z,182,12,2,5,0,0,1,1,1,1785716737
2026-08-03T00:28:16Z,183,16,2,6,1,0,1,1,1,1785716069
2026-08-03T00:28:16Z,184,15,1,5,2,1,1,1,1,1785716853
2026-08-03T00:28:16Z,185,8,5,4,2,1,1,1,1,1785715180
2026-08-03T00:28:16Z,186,18,5,1,0,0,1,1,1,1785715978
2026-08-03T00:28:16Z,187,3,0,25,0,0,1,1,1,1785715894
2026-08-03T00:28:16Z,188,20,0,0,7,0,1,1,1,1785716776
2026-08-03T00:28:16Z,189,13,4,2,0,0,1,1,1,1785713636
2026-08-03T00:28:16Z,190,9,1,14,0,0,1,1,1,1785716397
2026-08-03T00:28:16Z,191,17,9,22,0,0,1,1,1,1785715340
2026-08-03T00:28:16Z,192,4,3,26,1,0,1,1,1,1785716182
2026-08-03T00:28:16Z,193,13,10,1,1,0,1,1,1,1785716068
2026-08-03T00:28:16Z,194,6,4,21,0,0,1,1,1,1785716278
2026-08-03T00:28:16Z,195,11,7,7,0,0,1,1,1,1785715433
2026-08-03T00:28:16Z,196,24,0,2,1,0,1,1,1,1785715500
2026-08-03T00:28:16Z,197,9,1,9,0,1,1,1,1,1785714777
2026-08-03T00:28:16Z,198,10,3,13,0,0,1,1,1,1785714270
2026-08-03T00:28:16Z,199,6,3,8,1,0,1,1,1,1785716832
2026-08-03T00:28:16Z,200,11,6,15,0,0,1,1,1,1785713989
2026-08-03T00:28:16Z,201,20,2,3,0,0,1,1,1,1785716302
2026-08-03T00:28:16Z,202,17,0,10,0,0,1,1,1,1785715164
2026-08-03T00:28:16Z,203,6,1,24,1,0,1,1,1,1785714215
2026-08-03T00:28:16Z,204,9,1,24,2,0,1,1,1,1785716815
2026-08-03T00:28:16Z,205,12,1,15,0,0,1,1,1,1785716086
2026-08-03T00:28:16Z,206,5,3,9,1,0,1,1,1,1785716638
2026-08-03T00:28:16Z,207,14,1,7,0,0,1,1,1,1785716822
2026-08-03T00:28:16Z,208,2,0,27,0,0,1,1,1,1785716759
2026-08-03T00:28:16Z,209,22,1,7,2,0,1,1,1,1785716840
2026-08-03T00:28:16Z,210,19,6,8,0,0,1,1,1,1785715044
2026-08-03T00:28:16Z,211,19,2,2,2,0,1,1,1,1785716869
2026-08-03T00:28:16Z,212,33,5,1,1,0,1,1,1,1785716810
2026-08-03T00:28:16Z,213,10,0,12,1,0,1,1,1,1785716652
2026-08-03T00:28:16Z,214,29,17,11,7,0,1,1,1,1785715186
2026-08-03T00:28:16Z,215,13,10,10,0,0,1,1,1,1785715385
2026-08-03T00:28:16Z,216,11,2,7,1,0,1,1,1,1785715906
2026-08-03T00:28:16Z,217,18,0,10,1,0,1,1,1,1785716859
2026-08-03T00:28:16Z,218,24,11,8,7,0,1,1,1,1785716510
2026-08-03T00:28:16Z,219,4,2,21,1,0,1,1,1,1785715898
2026-08-03T00:28:16Z,220,38,5,5,0,0,1,1,1,1785716811
2026-08-03T00:28:16Z,221,6,2,8,1,0,1,1,1,1785715636
2026-08-03T00:28:16Z,222,7,1,12,0,0,1,1,1,1785716857
2026-08-03T00:28:16Z,223,19,1,14,2,0,1,1,1,1785716588
2026-08-03T00:28:16Z,224,12,8,10,0,0,1,1,1,1785716537
2026-08-03T00:28:16Z,225,2,2,14,3,0,1,1,1,1785716630
2026-08-03T00:28:16Z,226,22,12,7,2,0,1,1,1,1785716053
2026-08-03T00:28:16Z,227,11,4,16,0,0,1,1,1,1785716705
2026-08-03T00:28:16Z,228,8,6,10,1,0,1,1,1,1785715376
2026-08-03T00:28:16Z,230,8,0,18,0,0,1,1,1,1785715901
2026-08-03T00:28:16Z,232,8,2,8,1,0,1,1,1,1785715868
2026-08-03T00:28:16Z,233,26,3,4,1,0,1,1,1,1785716365
2026-08-03T00:28:16Z,234,8,7,7,2,2,1,1,1,1785716298
2026-08-03T00:28:16Z,236,16,5,3,0,0,1,1,1,1785713155
2026-08-03T00:28:16Z,237,22,0,0,1,0,1,1,1,1785715021
2026-08-03T00:28:16Z,239,23,12,4,0,0,1,1,1,1785716540
2026-08-03T00:28:16Z,241,6,3,16,1,0,1,1,1,1785716279
2026-08-03T00:28:16Z,242,2,2,19,2,0,1,1,1,1785716249
2026-08-03T00:28:16Z,243,20,10,10,1,0,1,1,1,1785716478
2026-08-03T00:28:16Z,244,25,8,1,1,0,1,1,1,1785716331
2026-08-03T00:28:16Z,245,21,4,0,2,0,1,1,1,1785715452
2026-08-03T00:28:16Z,246,8,2,14,1,0,1,1,1,1785716148
2026-08-03T00:28:16Z,247,8,5,15,0,0,1,1,1,1785707048
2026-08-03T00:28:16Z,248,14,2,7,2,0,1,1,1,1785716742
2026-08-03T00:28:16Z,249,17,5,1,1,0,1,1,1,1785716878
2026-08-03T00:28:16Z,250,6,3,20,1,0,1,1,1,1785714629
2026-08-03T00:28:16Z,251,6,1,20,1,0,1,1,1,1785716503
2026-08-03T00:28:16Z,253,9,4,10,0,0,1,1,1,1785716344
2026-08-03T00:28:16Z,254,37,9,5,1,0,1,1,1,1785715061
2026-08-03T00:28:16Z,255,15,1,7,0,1,1,1,1,1785716880
2026-08-03T00:28:16Z,256,14,4,7,2,0,1,1,1,1785716781
2026-08-03T00:28:16Z,257,4,2,14,1,0,1,1,1,1785715179
2026-08-03T00:28:16Z,258,13,2,4,2,0,1,1,1,1785715597
2026-08-03T00:28:16Z,259,14,3,8,0,1,1,1,1,1785713662
2026-08-03T00:28:16Z,260,3,0,14,2,0,1,1,1,1785715423
2026-08-03T00:28:16Z,261,10,0,8,0,1,1,1,1,1785716332
2026-08-03T00:28:16Z,262,7,7,13,3,0,1,1,1,1785716614
2026-08-03T00:28:16Z,263,6,3,8,1,0,1,1,1,1785715783
2026-08-03T00:28:16Z,264,12,1,6,1,0,1,1,1,1785716720
2026-08-03T00:28:16Z,265,10,1,5,0,0,1,1,1,1785716646
2026-08-03T00:28:16Z,266,8,6,10,1,0,1,1,1,1785716883
2026-08-03T00:28:16Z,267,11,2,2,2,0,1,1,1,1785716814
2026-08-03T00:28:16Z,268,4,4,19,0,0,1,1,1,1785711832
2026-08-03T00:28:16Z,269,21,8,2,0,0,1,1,1,1785716282
2026-08-03T00:28:16Z,270,18,4,8,1,0,1,1,1,1785714275
2026-08-03T00:28:16Z,271,14,2,3,2,0,1,1,1,1785713445
2026-08-03T00:28:16Z,272,18,8,3,2,0,1,1,1,1785715332
2026-08-03T00:28:16Z,273,11,7,3,1,0,1,1,1,1785716680
2026-08-03T00:28:16Z,274,6,2,11,2,0,1,1,1,1785714188
2026-08-03T00:28:16Z,275,9,0,10,1,3,1,1,1,1785716656
2026-08-03T00:28:16Z,276,5,4,20,2,0,1,1,1,1785716276
2026-08-03T00:28:16Z,277,7,7,13,3,0,1,1,1,1785715280
2026-08-03T00:28:16Z,278,21,3,10,0,0,1,1,1,1785716760
2026-08-03T00:28:16Z,279,10,0,9,0,0,1,1,1,1785715674
2026-08-03T00:28:16Z,280,0,0,29,2,0,1,1,1,1785716846
2026-08-03T00:28:16Z,281,13,0,6,0,0,1,1,1,1785714253
2026-08-03T00:28:16Z,282,18,6,0,0,0,1,1,1,1785713770
2026-08-03T00:28:16Z,283,33,6,2,0,0,1,1,1,1785716349
2026-08-03T00:28:16Z,284,23,3,11,1,0,1,1,1,1785716117
2026-08-03T00:28:16Z,285,9,3,12,2,0,1,1,1,1785715417
2026-08-03T00:28:16Z,286,3,2,18,2,0,1,1,1,1785716436
2026-08-03T00:28:16Z,287,6,1,16,1,0,1,1,1,1785715201
2026-08-03T00:28:16Z,288,4,4,15,0,0,1,1,1,1785716390
2026-08-03T00:28:16Z,289,5,3,20,2,0,1,1,1,1785714893
2026-08-03T00:28:16Z,290,12,3,25,2,0,1,1,1,1785715070
2026-08-03T00:28:16Z,291,18,1,4,1,0,1,1,1,1785716628
2026-08-03T00:28:16Z,292,13,2,10,0,0,1,1,1,1785716789
2026-08-03T00:28:16Z,293,5,2,18,0,0,1,1,1,1785715904
2026-08-03T00:28:16Z,294,15,2,2,5,0,1,1,1,1785716877
2026-08-03T00:28:16Z,297,2,0,15,1,1,1,1,1,1785716593
2026-08-03T00:28:16Z,301,8,0,11,0,0,1,1,1,1785714495
2026-08-03T00:28:16Z,302,6,0,17,0,0,1,1,1,1785715280
2026-08-03T00:28:16Z,303,9,2,10,0,0,1,1,1,1785716722
2026-08-03T00:28:16Z,304,0,0,0,0,0,0,1,1,86400
2026-08-03T00:28:16Z,305,6,0,11,2,0,1,1,1,1785716756
2026-08-03T00:28:16Z,306,16,1,16,0,0,1,1,1,1785716013
2026-08-03T00:28:16Z,307,2,0,21,0,0,1,1,1,1785711729
2026-08-03T00:28:16Z,308,4,0,14,1,0,1,1,1,1785714579
2026-08-03T00:28:16Z,309,12,1,2,0,0,1,1,1,1785716399
2026-08-03T00:28:16Z,311,12,1,3,0,0,1,1,1,1785715454
2026-08-03T00:28:16Z,312,15,11,4,4,0,1,1,1,1785716765
2026-08-03T00:28:16Z,313,7,0,8,0,0,1,1,1,1785714034
2026-08-03T00:28:16Z,314,18,2,1,0,0,1,1,1,1785712608
2026-08-03T00:28:16Z,315,14,2,15,2,0,1,1,1,1785716309
2026-08-03T00:28:16Z,316,23,5,2,5,1,1,1,1,1785716671
2026-08-03T00:28:16Z,317,18,7,10,2,1,1,1,1,1785716785
2026-08-03T00:28:16Z,318,6,3,13,0,0,1,1,1,1785714380
2026-08-03T00:28:16Z,319,12,0,10,1,0,1,1,1,1785713891
2026-08-03T00:28:16Z,320,11,2,7,1,0,1,1,1,1785716544
2026-08-03T00:28:16Z,321,2,0,13,4,0,1,1,1,1785716807
2026-08-03T00:28:16Z,322,2,0,27,0,0,1,1,1,1785716864
2026-08-03T00:28:16Z,323,5,0,13,1,0,1,1,1,1785714618
2026-08-03T00:28:16Z,324,7,0,19,1,0,1,1,1,1785716873
2026-08-03T00:28:16Z,325,6,4,19,2,0,1,1,1,1785716503
2026-08-03T00:28:16Z,327,15,2,12,0,0,1,1,1,1785716404
2026-08-03T00:28:16Z,328,10,0,12,0,0,1,1,1,1785714678
2026-08-03T00:28:16Z,329,16,2,2,1,0,1,1,1,1785716415
2026-08-03T00:28:16Z,330,11,2,10,1,0,1,1,1,1785716364
2026-08-03T00:28:16Z,331,5,2,17,1,0,1,1,1,1785716269
2026-08-03T00:28:16Z,332,7,1,11,1,0,1,1,1,1785712002
2026-08-03T00:28:16Z,333,3,3,18,2,0,1,1,1,1785716711
2026-08-03T00:28:16Z,334,14,6,9,0,0,1,1,1,1785713854
2026-08-03T00:28:16Z,335,10,2,11,1,1,1,1,1,1785712208
2026-08-03T00:28:16Z,336,6,1,13,0,0,1,1,1,1785714430
2026-08-03T00:28:16Z,337,4,1,16,3,0,1,1,1,1785716632
2026-08-03T00:28:16Z,338,8,2,10,1,0,1,1,1,1785716003
2026-08-03T00:28:16Z,339,16,0,6,1,0,1,1,1,1785716271
2026-08-03T00:28:16Z,340,8,2,6,1,0,1,1,1,1785715910
2026-08-03T00:28:16Z,341,1,1,18,0,0,1,1,1,1785715794
2026-08-03T00:28:16Z,342,9,2,3,3,0,1,1,1,1785716556
2026-08-03T00:28:16Z,343,16,8,7,0,0,1,1,1,1785715473
2026-08-03T00:28:16Z,344,3,2,20,0,0,1,1,1,1785716278
2026-08-03T00:28:16Z,345,4,0,15,0,0,1,1,1,1785716435
2026-08-03T00:28:16Z,346,8,2,15,0,0,1,1,1,1785715993
2026-08-03T00:28:16Z,347,33,9,6,5,0,1,1,1,1785716877
2026-08-03T00:28:16Z,348,15,0,7,0,1,1,1,1,1785716838
2026-08-03T00:28:16Z,349,4,0,15,0,0,1,1,1,1785714748
2026-08-03T00:28:16Z,350,9,1,16,1,1,1,1,1,1785716534
2026-08-03T00:28:16Z,351,3,1,18,2,0,1,1,1,1785716805
2026-08-03T00:28:16Z,355,12,4,11,0,0,1,1,1,1785716034
2026-08-03T00:28:16Z,356,6,0,13,0,0,1,1,1,1785716299
2026-08-03T00:28:16Z,357,8,6,11,0,0,1,1,1,1785716577
2026-08-03T00:28:16Z,358,20,3,7,0,0,1,1,1,1785716445
2026-08-03T00:28:16Z,359,10,0,17,0,0,1,1,1,1785716860
2026-08-03T00:28:16Z,360,9,4,10,0,0,1,1,1,1785716621
2026-08-03T00:28:16Z,362,12,5,5,2,0,1,1,1,1785716458
2026-08-03T00:28:16Z,363,7,0,20,0,0,1,1,1,1785716329
2026-08-03T00:28:16Z,364,4,0,13,2,0,1,1,1,1785714209
2026-08-03T00:28:16Z,365,9,7,10,4,0,1,1,1,1785716672
2026-08-03T00:28:16Z,366,4,3,18,1,0,1,1,1,1785716869
2026-08-03T00:28:16Z,367,11,7,7,1,0,1,1,1,1785714874
2026-08-03T00:28:16Z,368,22,0,0,1,0,1,1,1,1785715035
2026-08-03T00:28:16Z,370,22,14,5,0,0,1,1,1,1785716081
2026-08-03T00:28:16Z,371,11,1,6,2,0,1,1,1,1785713638
2026-08-03T00:28:16Z,372,10,2,3,2,0,1,1,1,1785716653
2026-08-03T00:28:16Z,373,10,0,14,3,0,1,1,1,1785716395
2026-08-03T00:28:16Z,374,14,5,4,1,0,1,1,1,1785714418
2026-08-03T00:28:16Z,375,20,2,4,3,0,1,1,1,1785715515
2026-08-03T00:28:16Z,376,13,1,25,1,0,1,1,1,1785716022
2026-08-03T00:28:16Z,377,15,0,11,1,0,1,1,1,1785715000
2026-08-03T00:28:16Z,378,0,0,22,1,1,1,1,1,1785716752
2026-08-03T00:28:16Z,379,23,4,4,0,0,1,1,1,1785716517
2026-08-03T00:28:16Z,380,21,7,2,0,0,1,1,1,1785716462
2026-08-03T00:28:16Z,381,7,0,16,0,0,1,1,1,1785716553
2026-08-03T00:28:16Z,383,3,1,11,1,0,1,1,1,1785716734
2026-08-03T00:28:16Z,384,26,2,1,0,0,1,1,1,1785715621
2026-08-03T00:28:16Z,385,11,1,7,0,0,1,1,1,1785716575
2026-08-03T00:28:16Z,387,15,2,7,1,0,1,1,1,1785715287
2026-08-03T00:28:16Z,388,10,2,37,2,0,1,1,1,1785716576
2026-08-03T00:28:16Z,389,1,0,13,1,0,1,1,1,1785716355
2026-08-03T00:28:16Z,390,24,2,11,0,0,1,1,1,1785716025
2026-08-03T00:28:16Z,391,7,2,8,0,0,1,1,1,1785710470
2026-08-03T00:28:16Z,392,7,2,10,2,0,1,1,1,1785716843
2026-08-03T00:28:16Z,393,1,0,8,2,0,1,1,1,1785709017
2026-08-03T00:28:16Z,394,6,4,5,2,0,1,1,1,1785715167
2026-08-03T00:28:16Z,396,1,1,41,0,0,1,1,1,1785716392
2026-08-03T00:28:16Z,397,19,2,12,0,0,1,1,1,1785714812
2026-08-03T00:28:16Z,399,4,0,11,2,0,1,1,1,1785715981
2026-08-03T00:28:16Z,400,12,9,9,2,0,1,1,1,1785716611
2026-08-03T00:28:16Z,401,6,1,33,0,0,1,1,1,1785716487
2026-08-03T00:28:16Z,403,27,20,2,2,0,1,1,1,1785716640
2026-08-03T00:28:16Z,404,18,1,4,1,0,1,1,1,1785716244
2026-08-03T00:28:16Z,406,19,1,16,0,0,1,1,1,1785716811
2026-08-03T00:28:16Z,407,1,0,33,0,0,1,1,1,1785714657
2026-08-03T00:28:16Z,408,16,6,15,2,0,1,1,1,1785715955
2026-08-03T00:28:16Z,409,2,0,19,2,0,1,1,1,1785712936
2026-08-03T00:28:16Z,413,7,5,15,0,1,1,1,1,1785716339
2026-08-03T00:28:16Z,414,9,1,5,1,0,1,1,1,1785716149
2026-08-03T00:28:16Z,417,14,4,5,0,0,1,1,1,1785715149
2026-08-03T00:28:16Z,418,9,4,5,1,0,1,1,1,1785714473
2026-08-03T00:28:16Z,419,21,0,2,0,0,1,1,1,1785711682
2026-08-03T00:28:16Z,421,8,1,11,0,0,1,1,1,1785714216
2026-08-03T00:28:16Z,422,14,2,13,0,0,1,1,1,1785715188
2026-08-03T00:28:16Z,423,20,0,3,0,0,1,1,1,1785711659
2026-08-03T00:28:16Z,424,5,1,7,3,0,1,1,1,1785716399
2026-08-03T00:28:16Z,425,8,0,13,0,1,1,1,1,1785715300
2026-08-03T00:28:16Z,426,1,0,35,1,0,1,1,1,1785714999
2026-08-03T00:28:16Z,427,6,0,8,1,0,1,1,1,1785716793
2026-08-03T00:28:16Z,428,11,0,8,0,0,1,1,1,1785716498
2026-08-03T00:28:16Z,429,13,2,7,3,0,1,1,1,1785716866
2026-08-03T00:28:16Z,430,20,1,7,4,0,1,1,1,1785716654
2026-08-03T00:28:16Z,431,26,0,6,1,0,1,1,1,1785713009
2026-08-03T00:28:16Z,432,0,0,30,1,0,0,1,1,1785508564
2026-08-03T00:28:16Z,433,9,4,11,3,0,1,1,1,1785713233
2026-08-03T00:28:16Z,437,18,12,0,1,0,1,1,1,1785715113
2026-08-03T00:28:16Z,438,5,1,12,2,0,1,1,1,1785716654
2026-08-03T00:28:16Z,439,6,1,8,1,0,1,1,1,1785716505
2026-08-03T00:28:16Z,440,15,3,0,0,0,1,1,1,1785713607
2026-08-03T00:28:16Z,441,5,0,4,6,0,1,1,1,1785715340
2026-08-03T00:28:16Z,442,5,0,13,1,0,1,1,1,1785716767
2026-08-03T00:28:16Z,443,3,1,24,0,0,1,1,1,1785681142
2026-08-03T00:28:16Z,444,2,1,21,0,0,1,1,1,1785709563
2026-08-03T00:28:16Z,445,8,1,14,1,0,1,1,1,1785716634
2026-08-03T00:28:16Z,446,6,0,17,0,0,1,1,1,1785709514
2026-08-03T00:28:16Z,447,3,0,18,1,1,1,1,1,1785689470
2026-08-03T00:28:16Z,448,2,0,12,1,0,1,1,1,1785715369
2026-08-03T00:28:16Z,452,17,0,1,1,0,1,1,1,1785714612
2026-08-03T00:28:16Z,453,9,5,1,5,0,1,1,1,1785716657
2026-08-03T00:28:16Z,454,14,1,5,0,0,1,1,1,1785716746
2026-08-03T00:28:16Z,455,1,0,38,0,0,1,1,1,1785713306
2026-08-03T00:28:16Z,456,13,0,5,2,0,1,1,1,1785716619
2026-08-03T00:28:16Z,457,12,1,12,3,0,1,1,1,1785716834
2026-08-03T00:28:16Z,458,16,0,5,2,0,1,1,1,1785715090
2026-08-03T00:28:16Z,459,5,2,10,0,0,1,1,1,1785713776
2026-08-03T00:28:16Z,460,13,0,10,0,0,1,1,1,1785715833
2026-08-03T00:28:16Z,461,17,0,2,0,0,1,1,1,1785716338
2026-08-03T00:28:16Z,462,3,2,18,0,0,1,1,1,1785716663
2026-08-03T00:28:16Z,463,14,0,5,0,0,1,1,1,1785716023
2026-08-03T00:28:16Z,464,0,0,13,1,0,1,1,1,1785712280
2026-08-03T00:28:16Z,465,2,0,13,0,0,1,1,1,1785710508
2026-08-03T00:28:16Z,466,1,1,12,2,0,1,1,1,1785716021
2026-08-03T00:28:16Z,467,2,0,17,0,0,1,1,1,1785716327
2026-08-03T00:28:16Z,468,4,0,14,1,0,1,1,1,1785706929
2026-08-03T00:28:16Z,469,8,2,15,0,0,1,1,1,1785715950
2026-08-03T00:28:16Z,470,14,1,0,1,0,1,1,1,1785703758
2026-08-03T00:28:16Z,471,17,0,10,0,0,1,1,1,1785716479
2026-08-03T00:28:16Z,472,13,5,4,2,0,1,1,1,1785716775
2026-08-03T00:28:16Z,473,9,2,9,1,0,1,1,1,1785716674
2026-08-03T00:28:16Z,474,11,0,7,1,0,1,1,1,1785715627
2026-08-03T00:28:16Z,475,7,1,11,1,0,1,1,1,1785716158
2026-08-03T00:28:16Z,477,4,2,11,0,0,1,1,1,1785709578
2026-08-03T00:28:16Z,478,17,2,14,0,0,1,1,1,1785716513
2026-08-03T00:28:16Z,479,15,1,11,1,0,1,1,1,1785715114
2026-08-03T00:28:16Z,480,11,1,0,4,0,1,1,1,1785716847
2026-08-03T00:28:16Z,481,5,0,29,1,0,1,1,1,1785716876
2026-08-03T00:28:16Z,482,13,1,5,1,0,1,1,1,1785716391
2026-08-03T00:28:16Z,483,3,0,22,2,0,1,1,1,1785716629
2026-08-03T00:28:16Z,484,2,1,16,1,0,1,1,1,1785716855
2026-08-03T00:28:16Z,485,6,3,11,1,1,1,1,1,1785716780
2026-08-03T00:28:16Z,486,2,0,22,3,0,1,1,1,1785716878
2026-08-03T00:28:16Z,487,5,1,12,2,0,1,1,1,1785715485
2026-08-03T00:28:16Z,489,8,7,7,0,0,1,1,1,1785715791
2026-08-03T00:28:16Z,490,6,0,8,2,0,1,1,1,1785716578
2026-08-03T00:28:16Z,491,14,1,5,2,0,1,1,1,1785714054
2026-08-03T00:28:16Z,492,4,1,4,3,0,1,1,1,1785716880
2026-08-03T00:28:16Z,493,2,0,25,0,0,1,1,1,1785715490
2026-08-03T00:28:16Z,495,4,1,6,5,0,1,1,1,1785716745
2026-08-03T00:28:16Z,496,5,0,22,0,0,1,1,1,1785716500
2026-08-03T00:28:16Z,497,9,0,9,0,0,1,1,1,1785714945
2026-08-03T00:28:16Z,498,13,2,10,0,0,1,1,1,1785716205
2026-08-03T00:28:16Z,499,11,0,8,0,0,1,1,1,1785715649
2026-08-03T00:28:16Z,500,11,3,3,1,0,1,1,1,1785716524
2026-08-03T00:28:16Z,501,19,12,2,0,0,1,1,1,1785716875
2026-08-03T00:28:16Z,502,8,2,11,0,0,1,1,1,1785714272
2026-08-03T00:28:16Z,503,7,1,22,2,0,1,1,1,1785716633
2026-08-03T00:28:16Z,504,0,0,39,0,0,1,1,1,1785716572
2026-08-03T00:28:16Z,505,11,1,0,1,0,1,1,1,1785715765
2026-08-03T00:28:16Z,511,5,2,17,1,0,1,1,1,1785710308
2026-08-03T00:28:16Z,512,6,0,21,0,0,1,1,1,1785716357
2026-08-03T00:28:16Z,514,9,4,0,2,0,1,1,1,1785711542
2026-08-03T00:28:16Z,515,15,5,3,1,0,1,1,1,1785716310
2026-08-03T00:28:16Z,516,0,0,27,0,0,1,1,1,1785710859
2026-08-03T00:28:16Z,517,7,5,14,2,0,1,1,1,1785716420
2026-08-03T00:28:16Z,518,12,2,1,2,0,1,1,1,1785714756
2026-08-03T00:28:16Z,519,4,0,14,1,0,1,1,1,1785701023
2026-08-03T00:28:16Z,520,13,3,1,12,1,1,1,1,1785716881
2026-08-03T00:28:16Z,521,7,2,16,0,0,1,1,1,1785714252
2026-08-03T00:28:16Z,522,15,0,8,0,0,1,1,1,1785716698
2026-08-03T00:28:16Z,523,3,2,19,1,0,1,1,1,1785711813
2026-08-03T00:28:16Z,524,14,2,8,1,0,1,1,1,1785716870
2026-08-03T00:28:16Z,525,7,0,12,0,0,1,1,1,1785712547
2026-08-03T00:28:16Z,526,3,2,12,0,0,1,1,1,1785715578
2026-08-03T00:28:16Z,527,5,3,21,0,0,1,1,1,1785713521
2026-08-03T00:28:16Z,528,14,3,9,0,0,1,1,1,1785715635
2026-08-03T00:28:16Z,530,14,1,4,3,0,1,1,1,1785715613
2026-08-03T00:28:16Z,531,20,2,2,0,1,1,1,1,1785714421
2026-08-03T00:28:16Z,532,12,4,18,1,0,1,1,1,1785715115
2026-08-03T00:28:16Z,533,7,0,11,1,0,1,1,1,1785713414
2026-08-03T00:28:16Z,534,1,1,21,1,0,1,1,1,1785715414
2026-08-03T00:28:16Z,535,5,0,10,0,0,1,1,1,1785715870
2026-08-03T00:28:16Z,536,4,0,19,0,0,1,1,1,1785716141
2026-08-03T00:28:16Z,537,12,4,8,0,0,1,1,1,1785716224
2026-08-03T00:28:16Z,538,4,2,17,1,1,1,1,1,1785716811
2026-08-03T00:28:16Z,539,8,0,21,2,0,1,1,1,1785714126
2026-08-03T00:28:16Z,540,10,4,9,0,0,1,1,1,1785716408
2026-08-03T00:28:16Z,541,26,1,0,1,0,1,1,1,1785715562
2026-08-03T00:28:16Z,542,11,3,12,0,0,1,1,1,1785715050
2026-08-03T00:28:16Z,543,3,0,14,2,0,1,1,1,1785716473
2026-08-03T00:28:16Z,544,12,2,7,3,0,1,1,1,1785714910
2026-08-03T00:28:16Z,545,15,0,0,4,0,1,1,1,1785713901
2026-08-03T00:28:16Z,546,6,2,13,0,0,1,1,1,1785714847
2026-08-03T00:28:16Z,547,5,0,20,0,0,1,1,1,1785711947
2026-08-03T00:28:16Z,548,16,0,7,0,0,1,1,1,1785713924
2026-08-03T00:28:16Z,549,11,0,12,0,0,1,1,1,1785716703
2026-08-03T00:28:16Z,550,5,3,14,0,0,1,1,1,1785716500
2026-08-03T00:28:16Z,551,4,3,19,0,0,1,1,1,1785705192
2026-08-03T00:28:16Z,552,22,1,4,1,0,1,1,1,1785715315
2026-08-03T00:28:16Z,553,3,0,20,0,0,1,1,1,1785716852
2026-08-03T00:28:16Z,554,8,4,10,1,0,1,1,1,1785715676
2026-08-03T00:28:16Z,555,6,3,8,1,0,1,1,1,1785713038
2026-08-03T00:28:16Z,556,20,3,1,2,0,1,1,1,1785716713
2026-08-03T00:28:16Z,557,5,1,16,2,0,1,1,1,1785715655
2026-08-03T00:28:16Z,558,21,0,16,0,0,1,1,1,1785716652
2026-08-03T00:28:16Z,559,4,1,14,1,0,1,1,1,1785705795
2026-08-03T00:28:16Z,560,8,0,17,2,0,1,1,1,1785716355
2026-08-03T00:28:16Z,561,10,2,12,1,0,1,1,1,1785716786
2026-08-03T00:28:16Z,562,2,2,30,3,0,1,1,1,1785714901
2026-08-03T00:28:16Z,563,6,0,8,0,0,1,1,1,1785714500
2026-08-03T00:28:16Z,564,17,0,2,0,0,1,1,1,1785710611
2026-08-03T00:28:16Z,565,1,0,18,0,0,1,1,1,1785714315
2026-08-03T00:28:16Z,566,5,0,13,1,0,1,1,1,1785716714
2026-08-03T00:28:16Z,567,3,0,22,2,0,1,1,1,1785716172
2026-08-03T00:28:16Z,568,11,0,7,1,0,1,1,1,1785715634
2026-08-03T00:28:16Z,569,1,1,18,0,0,1,1,1,1785715522
2026-08-03T00:28:16Z,570,1,0,17,1,0,1,1,1,1785716868
2026-08-03T00:28:16Z,571,11,2,11,1,0,1,1,1,1785716164
2026-08-03T00:28:16Z,572,12,4,6,1,0,1,1,1,1785716354
2026-08-03T00:28:16Z,573,5,3,9,1,0,1,1,1,1785714452
2026-08-03T00:28:16Z,574,4,0,11,0,0,1,1,1,1785713784
2026-08-03T00:28:16Z,575,10,1,10,1,0,1,1,1,1785715533
2026-08-03T00:28:16Z,576,16,0,3,0,0,1,1,1,1785712044
2026-08-03T00:28:16Z,577,11,0,19,1,0,1,1,1,1785715367
2026-08-03T00:28:16Z,578,9,2,13,1,0,1,1,1,1785716813
2026-08-03T00:28:16Z,579,9,1,34,0,0,1,1,1,1785715909
2026-08-03T00:28:16Z,580,1,0,27,1,0,1,1,1,1785714651
2026-08-03T00:28:16Z,581,6,0,12,1,0,1,1,1,1785716828
2026-08-03T00:28:16Z,582,21,2,38,2,0,1,1,1,1785716841
2026-08-03T00:28:16Z,583,5,2,17,1,0,1,1,1,1785716717
2026-08-03T00:28:16Z,584,6,1,9,4,0,1,1,1,1785715624
2026-08-03T00:28:16Z,585,19,1,7,0,1,1,1,1,1785714556
2026-08-03T00:28:16Z,586,28,3,7,0,0,1,1,1,1785716634
2026-08-03T00:28:16Z,587,6,0,17,1,0,1,1,1,1785716751
2026-08-03T00:28:16Z,588,0,0,0,13,6,1,1,1,1785716841
2026-08-03T00:28:16Z,589,9,5,13,0,0,1,1,1,1785715718
2026-08-03T00:28:16Z,590,16,1,15,0,0,1,1,1,1785715654
2026-08-03T00:28:16Z,591,18,2,10,2,0,1,1,1,1785715884
2026-08-03T00:28:16Z,592,4,0,19,0,0,1,1,1,1785714626
2026-08-03T00:28:16Z,593,8,0,30,0,0,1,1,1,1785709341
2026-08-03T00:28:16Z,594,0,0,19,2,0,1,1,1,1785714994
2026-08-03T00:28:16Z,595,0,0,3,0,0,0,1,1,1784046673
2026-08-03T00:28:16Z,605,0,0,2,1,0,0,1,1,1783975843
2026-08-03T00:28:16Z,606,0,0,0,0,0,0,1,1,86400
2026-08-03T00:28:16Z,607,27,0,3,2,0,1,1,1,1785716781
2026-08-03T00:28:16Z,608,3,3,47,0,0,1,1,1,1785714316
2026-08-03T00:28:16Z,609,10,7,13,0,0,1,1,1,1785716358
2026-08-03T00:28:16Z,610,1,0,34,0,0,1,1,1,1785712863
2026-08-03T00:28:16Z,611,1,1,26,0,0,1,1,1,1785716479
2026-08-03T00:28:16Z,612,6,2,9,0,0,1,1,1,1785711987
2026-08-03T00:28:16Z,613,4,1,9,2,0,1,1,1,1785716568
2026-08-03T00:28:16Z,614,8,5,15,3,1,1,1,1,1785715099
2026-08-03T00:28:16Z,617,8,0,6,1,0,1,1,1,1785715256
2026-08-03T00:28:16Z,618,10,5,5,4,0,1,1,1,1785714686
2026-08-03T00:28:16Z,619,16,1,3,0,0,1,1,1,1785716718
2026-08-03T00:28:16Z,620,4,0,23,0,0,1,1,1,1785715762
2026-08-03T00:28:16Z,621,17,0,6,0,0,1,1,1,1785716374
2026-08-03T00:28:16Z,622,10,3,11,2,0,1,1,1,1785714422
2026-08-03T00:28:16Z,623,1,0,28,1,0,1,1,1,1785713834
2026-08-03T00:28:16Z,624,0,0,14,1,0,1,1,1,1785707524
2026-08-03T00:28:16Z,625,7,3,8,6,0,1,1,1,1785714610
2026-08-03T00:28:16Z,626,0,0,45,0,2,1,1,1,1785713372
2026-08-03T00:28:16Z,627,11,7,8,0,0,1,1,1,1785705519
2026-08-03T00:28:16Z,628,11,5,5,2,1,1,1,1,1785716795
2026-08-03T00:28:16Z,629,5,4,5,1,0,1,1,1,1785716662
2026-08-03T00:28:16Z,630,13,0,10,4,0,1,1,1,1785716766
2026-08-03T00:28:16Z,631,4,0,19,0,0,1,1,1,1785712383
2026-08-03T00:28:16Z,632,12,2,8,3,0,1,1,1,1785712132
2026-08-03T00:28:16Z,633,9,2,5,1,0,1,1,1,1785714698
2026-08-03T00:28:16Z,634,8,2,11,0,0,1,1,1,1785702562
2026-08-03T00:28:16Z,635,17,4,2,0,0,1,1,1,1785713770
2026-08-03T00:28:16Z,636,11,1,4,0,0,1,1,1,1785696307
2026-08-03T00:28:16Z,637,12,8,4,3,0,1,1,1,1785710473
2026-08-03T00:28:16Z,638,8,3,8,3,0,1,1,1,1785713067
2026-08-03T00:28:16Z,639,9,1,8,2,0,1,1,1,1785712749
2026-08-03T00:28:16Z,640,16,11,5,2,0,1,1,1,1785716728
2026-08-03T00:28:16Z,641,15,0,11,1,0,1,1,1,1785716751
2026-08-03T00:28:16Z,642,1,1,4,11,3,1,1,1,1785716879
2026-08-03T00:28:16Z,643,0,0,19,8,0,1,1,1,1785716884
2026-08-03T00:28:16Z,644,10,4,5,0,0,1,1,1,1785709226
2026-08-03T00:28:16Z,645,18,3,4,0,1,1,1,1,1785714074
2026-08-03T00:28:16Z,646,7,0,11,1,0,1,1,1,1785713742
2026-08-03T00:28:16Z,647,21,1,10,0,0,1,1,1,1785714841
2026-08-03T00:28:16Z,648,3,0,15,1,0,1,1,1,1785712172
2026-08-03T00:28:16Z,649,25,1,6,0,0,1,1,1,1785713764
2026-08-03T00:28:16Z,650,4,0,10,0,0,1,1,1,1785701495
2026-08-03T00:28:16Z,651,5,4,18,0,0,1,1,1,1785715426
2026-08-03T00:28:16Z,652,6,3,15,2,0,1,1,1,1785716686
2026-08-03T00:28:16Z,653,13,1,5,1,0,1,1,1,1785702565
2026-08-03T00:28:16Z,654,3,2,11,1,0,1,1,1,1785715993
2026-08-03T00:28:16Z,655,0,0,1,8,4,1,1,1,1785716656
2026-08-03T00:28:16Z,656,16,1,3,0,0,1,1,1,1785716800
2026-08-03T00:28:16Z,657,1,0,11,3,2,1,1,1,1785716694
2026-08-03T00:28:16Z,658,4,0,1,4,1,1,1,1,1785716671
2026-08-03T00:28:16Z,659,9,7,4,2,0,1,1,1,1785714245
2026-08-03T00:28:16Z,660,18,1,6,7,0,1,1,1,1785716882
2026-08-03T00:28:16Z,661,8,2,9,2,0,1,1,1,1785716165
2026-08-03T00:28:16Z,662,6,4,15,2,0,1,1,1,1785715879
2026-08-03T00:28:16Z,663,8,1,7,0,0,1,1,1,1785715561
2026-08-03T00:28:16Z,664,2,0,25,0,0,1,1,1,1785716538
2026-08-03T00:28:16Z,665,6,1,9,0,0,1,1,1,1785716408
2026-08-03T00:28:16Z,666,6,2,6,3,0,1,1,1,1785712008
2026-08-03T00:28:16Z,667,6,1,12,1,0,1,1,1,1785716880
2026-08-03T00:28:16Z,668,15,0,4,0,0,1,1,1,1785714441
2026-08-03T00:28:16Z,669,1,0,12,1,0,1,1,1,1785713598
2026-08-03T00:28:16Z,670,19,2,6,2,0,1,1,1,1785716126
2026-08-03T00:28:16Z,671,22,2,4,1,0,1,1,1,1785716440
2026-08-03T00:28:16Z,672,15,1,4,3,1,1,1,1,1785714183
2026-08-03T00:28:16Z,673,18,0,4,1,0,1,1,1,1785715998
2026-08-03T00:28:16Z,674,0,0,20,3,0,1,1,1,1785716623
2026-08-03T00:28:16Z,675,7,6,6,2,0,1,1,1,1785716584
2026-08-03T00:28:16Z,676,10,1,12,0,0,1,1,1,1785716073
2026-08-03T00:28:16Z,681,13,5,1,1,0,1,1,1,1785716885
2026-08-03T00:28:16Z,682,3,1,15,1,0,1,1,1,1785683408
2026-08-03T00:28:16Z,683,5,3,14,0,0,1,1,1,1785716516
2026-08-03T00:28:16Z,684,1,0,26,0,0,1,1,1,1785660807
2026-08-03T00:28:16Z,685,5,1,20,1,1,1,1,1,1785705171
2026-08-03T00:28:16Z,686,10,0,15,2,0,1,1,1,1785716722
2026-08-03T00:28:16Z,687,12,1,16,2,1,1,1,1,1785716837
2026-08-03T00:28:16Z,688,13,5,6,0,0,1,1,1,1785705960
2026-08-03T00:28:16Z,692,11,6,9,1,0,1,1,1,1785716388
2026-08-03T00:28:16Z,693,7,1,1,3,0,1,1,1,1785715320
2026-08-03T00:28:16Z,694,5,1,16,0,0,1,1,1,1785715606
2026-08-03T00:28:16Z,695,19,9,4,0,0,1,1,1,1785716309
2026-08-03T00:28:16Z,696,17,10,6,0,0,1,1,1,1785716113
2026-08-03T00:28:16Z,697,15,2,8,0,0,1,1,1,1785716884
2026-08-03T00:28:16Z,698,14,2,12,1,0,1,1,1,1785716711
2026-08-03T00:28:16Z,699,8,0,7,0,0,1,1,1,1785715721
2026-08-03T00:28:16Z,700,13,0,3,3,0,1,1,1,1785716757
2026-08-03T00:28:16Z,701,10,2,9,0,0,1,1,1,1785715903
2026-08-03T00:28:16Z,702,20,0,3,0,0,1,1,1,1785716436
2026-08-03T00:28:16Z,704,8,3,7,0,0,1,1,1,1785716869
2026-08-03T00:28:16Z,705,9,3,5,1,0,1,1,1,1785716326
2026-08-03T00:28:16Z,706,12,4,1,2,0,1,1,1,1785715773
2026-08-03T00:28:16Z,707,14,1,0,1,0,1,1,1,1785691406
2026-08-03T00:28:16Z,708,12,0,7,0,0,1,1,1,1785716661
2026-08-03T00:28:16Z,709,10,3,4,1,0,1,1,1,1785716608
2026-08-03T00:28:16Z,710,12,3,7,0,0,1,1,1,1785715898
2026-08-03T00:28:16Z,711,9,4,11,3,0,1,1,1,1785716852
2026-08-03T00:28:16Z,712,3,0,11,1,0,1,1,1,1785716476
2026-08-03T00:28:16Z,713,6,1,17,0,0,1,1,1,1785715356
2026-08-03T00:28:16Z,716,5,4,9,1,0,1,1,1,1785716096
2026-08-03T00:28:16Z,717,13,6,11,1,0,1,1,1,1785716427
2026-08-03T00:28:16Z,718,7,2,8,0,0,1,1,1,1785715573
2026-08-03T00:28:16Z,719,19,0,10,0,0,1,1,1,1785715697
2026-08-03T00:28:16Z,720,6,2,13,0,0,1,1,1,1785716238
2026-08-03T00:28:16Z,721,15,1,7,1,0,1,1,1,1785715710
2026-08-03T00:28:16Z,722,7,0,7,1,0,1,1,1,1785716073
2026-08-03T00:28:16Z,723,11,2,12,0,0,1,1,1,1785716860
2026-08-03T00:28:16Z,724,2,0,21,0,0,1,1,1,1785715810
2026-08-03T00:28:16Z,725,10,0,13,0,0,1,1,1,1785715506
2026-08-03T00:28:16Z,726,6,1,12,1,0,1,1,1,1785716419
2026-08-03T00:28:16Z,727,9,5,13,1,0,1,1,1,1785715676
2026-08-03T00:28:16Z,728,7,1,7,1,0,1,1,1,1785716523
2026-08-03T00:28:16Z,729,11,0,8,0,0,1,1,1,1785712209
2026-08-03T00:28:16Z,730,7,4,8,0,0,1,1,1,1785715313
2026-08-03T00:28:16Z,731,10,0,3,2,0,1,1,1,1785716418
2026-08-03T00:28:16Z,732,10,1,5,0,0,1,1,1,1785716128
2026-08-03T00:28:16Z,733,1,0,25,1,0,1,1,1,1785716829
2026-08-03T00:28:16Z,734,11,2,3,0,0,1,1,1,1785715164
2026-08-03T00:28:16Z,735,8,1,18,1,0,1,1,1,1785716569
2026-08-03T00:28:16Z,736,17,1,2,0,0,1,1,1,1785716854
2026-08-03T00:28:16Z,737,5,2,8,1,1,1,1,1,1785715547
2026-08-03T00:28:16Z,738,17,1,1,1,0,1,1,1,1785716841
2026-08-03T00:28:16Z,739,9,2,17,1,0,1,1,1,1785715421
2026-08-03T00:28:16Z,741,7,0,16,0,0,1,1,1,1785716792
2026-08-03T00:28:16Z,742,14,3,21,0,0,1,1,1,1785716688
2026-08-03T00:28:16Z,743,8,1,10,1,0,1,1,1,1785716666
2026-08-03T00:28:16Z,744,4,1,10,1,0,1,1,1,1785716628
2026-08-03T00:28:16Z,745,7,2,10,2,0,1,1,1,1785715412
2026-08-03T00:28:16Z,746,5,2,18,0,0,1,1,1,1785716550
2026-08-03T00:28:16Z,747,0,0,4,0,0,0,1,1,1783446606
2026-08-03T00:28:16Z,748,9,0,14,0,0,1,1,1,1785716482
2026-08-03T00:28:16Z,749,17,3,6,0,0,1,1,1,1785716872
2026-08-03T00:28:16Z,750,7,5,4,0,0,1,1,1,1785715903
2026-08-03T00:28:16Z,751,16,9,6,1,0,1,1,1,1785716668
2026-08-03T00:28:16Z,752,7,6,9,1,0,1,1,1,1785716355
2026-08-03T00:28:16Z,753,6,1,9,0,0,1,1,1,1785715474
2026-08-03T00:28:16Z,754,2,0,13,0,0,1,1,1,1785715404
2026-08-03T00:28:16Z,755,15,4,6,2,0,1,1,1,1785716184
2026-08-03T00:28:16Z,756,13,4,23,1,0,1,1,1,1785716503
2026-08-03T00:28:16Z,757,14,9,4,1,0,1,1,1,1785716171
2026-08-03T00:28:16Z,758,18,2,5,0,0,1,1,1,1785716034
2026-08-03T00:28:16Z,759,6,5,9,0,0,1,1,1,1785715857
2026-08-03T00:28:16Z,760,6,1,13,0,0,1,1,1,1785679974
2026-08-03T00:28:16Z,761,18,7,5,0,0,1,1,1,1785715119
2026-08-03T00:28:16Z,762,6,2,7,2,0,1,1,1,1785716216
2026-08-03T00:28:16Z,768,12,1,4,3,0,1,1,1,1785715703
2026-08-03T00:28:16Z,769,16,11,3,0,0,1,1,1,1785716110
2026-08-03T00:28:16Z,770,7,2,10,2,0,1,1,1,1785715249
2026-08-03T00:28:16Z,771,12,2,2,1,0,1,1,1,1785716320
2026-08-03T00:28:16Z,772,13,2,1,1,0,1,1,1,1785716780
2026-08-03T00:28:16Z,773,7,5,11,1,0,1,1,1,1785715807
2026-08-03T00:28:16Z,774,12,6,2,1,0,1,1,1,1785716788
2026-08-03T00:28:16Z,775,7,0,10,2,0,1,1,1,1785716474
2026-08-03T00:28:16Z,776,3,0,17,1,0,1,1,1,1785716350
2026-08-03T00:28:16Z,777,4,1,10,0,0,1,1,1,1785715146
2026-08-03T00:28:16Z,778,11,1,8,0,0,1,1,1,1785715099
2026-08-03T00:28:16Z,779,13,0,6,0,0,1,1,1,1785715094
2026-08-03T00:28:16Z,780,14,3,3,2,0,1,1,1,1785716861
2026-08-03T00:28:16Z,781,0,0,6,5,0,1,1,1,1785715229
2026-08-03T00:28:16Z,782,7,1,10,2,0,1,1,1,1785716762
2026-08-03T00:28:16Z,783,6,1,12,1,0,1,1,1,1785715770
2026-08-03T00:28:16Z,784,0,0,17,2,0,1,1,1,1785715738
2026-08-03T00:28:16Z,785,11,2,2,6,0,1,1,1,1785716332
2026-08-03T00:28:16Z,786,6,3,13,0,0,1,1,1,1785715935
2026-08-03T00:28:16Z,787,4,3,10,1,0,1,1,1,1785715138
2026-08-03T00:28:16Z,788,4,3,11,0,0,1,1,1,1785716214
2026-08-03T00:28:16Z,789,8,3,5,2,0,1,1,1,1785716291
2026-08-03T00:28:16Z,790,5,3,18,0,0,1,1,1,1785715976
2026-08-03T00:28:16Z,791,16,3,2,0,1,1,1,1,1785715455
2026-08-03T00:28:16Z,793,5,1,9,1,0,1,1,1,1785716340
2026-08-03T00:28:16Z,794,17,4,8,4,0,1,1,1,1785716000
2026-08-03T00:28:16Z,796,10,1,8,1,0,1,1,1,1785716641
2026-08-03T00:28:16Z,797,1,0,14,0,0,1,1,1,1785709083
2026-08-03T00:28:16Z,798,0,0,23,2,0,1,1,1,1785715278
2026-08-03T00:28:16Z,799,6,0,10,3,0,1,1,1,1785716592
2026-08-03T00:28:16Z,800,11,1,8,2,0,1,1,1,1785716403
2026-08-03T00:28:16Z,801,9,8,11,1,0,1,1,1,1785716800
2026-08-03T00:28:16Z,802,6,2,23,2,0,1,1,1,1785715781
2026-08-03T00:28:16Z,803,5,0,9,1,0,1,1,1,1785716227
2026-08-03T00:28:16Z,806,1,0,13,1,0,1,1,1,1785716869
2026-08-03T00:28:16Z,807,13,3,12,0,0,1,1,1,1785715621
2026-08-03T00:28:16Z,808,6,1,17,2,0,1,1,1,1785714464
2026-08-03T00:28:16Z,809,4,1,18,1,0,1,1,1,1785716760
2026-08-03T00:28:16Z,810,6,1,11,2,0,1,1,1,1785715189
2026-08-03T00:28:16Z,815,3,3,9,2,1,1,1,1,1785716042
2026-08-03T00:28:16Z,817,12,3,3,0,0,1,1,1,1785716142
2026-08-03T00:28:16Z,818,6,0,17,0,0,1,1,1,1785715782
2026-08-03T00:28:16Z,819,9,0,6,0,0,1,1,1,1785704866
2026-08-03T00:28:16Z,820,15,2,2,0,0,1,1,1,1785715498
2026-08-03T00:28:16Z,821,1,0,13,1,0,1,1,1,1785716525
2026-08-03T00:28:16Z,822,2,2,21,0,0,1,1,1,1785716744
2026-08-03T00:28:16Z,823,4,0,11,0,0,1,1,1,1785715989
2026-08-03T00:28:16Z,824,17,14,1,1,0,1,1,1,1785716764
2026-08-03T00:28:16Z,825,6,2,9,0,0,1,1,1,1785716526
2026-08-03T00:28:16Z,826,16,2,1,2,0,1,1,1,1785715980
2026-08-03T00:28:16Z,827,8,2,12,1,0,1,1,1,1785715675
2026-08-03T00:28:16Z,828,16,1,2,0,0,1,1,1,1785716260
2026-08-03T00:28:16Z,829,19,8,8,0,0,1,1,1,1785716124
2026-08-03T00:28:16Z,830,4,1,18,1,0,1,1,1,1785715548
2026-08-03T00:28:16Z,831,7,5,7,1,0,1,1,1,1785715761
2026-08-03T00:28:16Z,832,0,0,16,2,0,1,1,1,1785716355
2026-08-03T00:28:16Z,833,6,2,11,2,0,1,1,1,1785715948
2026-08-03T00:28:16Z,834,2,0,21,1,0,1,1,1,1785716116
2026-08-03T00:28:16Z,835,5,1,11,2,0,1,1,1,1785716111
2026-08-03T00:28:16Z,838,7,4,8,0,0,1,1,1,1785716578
2026-08-03T00:28:16Z,839,1,0,28,0,0,1,1,1,1785716367
2026-08-03T00:28:16Z,840,19,3,8,2,0,1,1,1,1785716053
2026-08-03T00:28:16Z,841,3,0,10,2,0,1,1,1,1785715733
2026-08-03T00:28:16Z,842,9,2,14,0,0,1,1,1,1785716225
2026-08-03T00:28:16Z,843,21,2,9,1,0,1,1,1,1785716480
2026-08-03T00:28:16Z,844,1,0,22,0,0,1,1,1,1785715355
2026-08-03T00:28:16Z,845,6,3,10,3,0,1,1,1,1785716396
2026-08-03T00:28:16Z,846,1,0,15,3,0,1,1,1,1785716662
2026-08-03T00:28:16Z,847,7,1,19,1,0,1,1,1,1785715924
2026-08-03T00:28:16Z,848,5,0,13,1,0,1,1,1,1785711558
2026-08-03T00:28:16Z,849,0,0,14,1,0,1,1,1,1785715185
2026-08-03T00:28:16Z,850,8,0,2,1,0,1,1,1,1785716787
2026-08-03T00:28:16Z,851,22,6,12,3,0,1,1,1,1785716534
2026-08-03T00:28:16Z,852,12,7,7,0,0,1,1,1,1785715911
2026-08-03T00:28:16Z,853,9,4,14,0,0,1,1,1,1785715519
2026-08-03T00:28:16Z,854,9,1,6,0,0,1,1,1,1785715701
2026-08-03T00:28:16Z,855,12,0,15,0,0,1,1,1,1785713020
2026-08-03T00:28:16Z,857,16,11,0,3,0,1,1,1,1785699207
2026-08-03T00:28:16Z,858,5,2,13,1,0,1,1,1,1785716705
2026-08-03T00:28:16Z,859,11,4,9,1,0,1,1,1,1785715729
2026-08-03T00:28:16Z,861,8,1,2,1,0,1,1,1,1785683161
2026-08-03T00:28:16Z,862,10,2,4,1,0,1,1,1,1785715796
2026-08-03T00:28:16Z,863,16,3,2,1,0,1,1,1,1785712746
2026-08-03T00:28:16Z,866,7,0,11,1,0,1,1,1,1785716514
2026-08-03T00:28:16Z,867,7,2,8,0,0,1,1,1,1785715389
2026-08-03T00:28:16Z,868,6,0,8,1,0,1,1,1,1785715797
2026-08-03T00:28:16Z,870,8,2,7,0,0,1,1,1,1785716048
2026-08-03T00:28:16Z,871,0,0,10,1,0,1,1,1,1785715161
2026-08-03T00:28:16Z,872,1,1,13,1,0,1,1,1,1785715952
2026-08-03T00:28:16Z,873,1,1,31,1,0,1,1,1,1785715383
2026-08-03T00:28:16Z,874,6,1,6,3,0,1,1,1,1785715946
2026-08-03T00:28:16Z,875,9,7,5,1,0,1,1,1,1785715458
2026-08-03T00:28:16Z,877,12,12,7,0,0,1,1,1,1785716065
2026-08-03T00:28:16Z,878,4,4,15,0,0,1,1,1,1785716532
2026-08-03T00:28:16Z,879,3,2,16,0,0,1,1,1,1785715510
2026-08-03T00:28:16Z,880,5,1,16,2,0,1,1,1,1785715964
2026-08-03T00:28:16Z,881,7,3,12,0,0,1,1,1,1785716437
2026-08-03T00:28:16Z,882,9,4,9,1,0,1,1,1,1785672846
2026-08-03T00:28:16Z,883,11,5,8,0,0,1,1,1,1785716293
2026-08-03T00:28:16Z,884,9,4,12,0,0,1,1,1,1785716117
2026-08-03T00:28:16Z,885,4,1,15,0,0,1,1,1,1785689211
2026-08-03T00:28:16Z,886,20,5,8,0,0,1,1,1,1785716372
2026-08-03T00:28:16Z,887,5,2,10,2,0,1,1,1,1785716481
2026-08-03T00:28:16Z,888,5,3,34,2,0,1,1,1,1785716599
2026-08-03T00:28:16Z,889,0,0,17,1,1,1,1,1,1785716785
2026-08-03T00:28:16Z,890,8,1,6,1,0,1,1,1,1785707949
2026-08-03T00:28:16Z,891,20,0,2,1,0,1,1,1,1785715835
2026-08-03T00:28:16Z,892,11,2,4,0,0,1,1,1,1785715304
2026-08-03T00:28:16Z,895,3,0,16,0,0,1,1,1,1785690376
2026-08-03T00:28:16Z,896,6,1,27,2,0,1,1,1,1785716782
2026-08-03T00:28:16Z,897,18,0,3,0,0,1,1,1,1785716415
2026-08-03T00:28:16Z,898,1,0,18,0,0,1,1,1,1785715935
2026-08-03T00:28:16Z,899,12,0,7,0,0,1,1,1,1785716702
2026-08-03T00:28:16Z,900,16,3,10,1,0,1,1,1,1785716598
2026-08-03T00:28:16Z,901,7,0,11,1,0,1,1,1,1785716780
2026-08-03T00:28:16Z,902,3,0,12,0,0,1,1,1,1785715663
2026-08-03T00:28:16Z,903,15,0,3,1,0,1,1,1,1785715859
2026-08-03T00:28:16Z,904,10,4,8,1,0,1,1,1,1785716391
2026-08-03T00:28:16Z,905,0,0,27,0,0,1,1,1,1785715977
2026-08-03T00:28:16Z,906,0,0,27,0,0,1,1,1,1785715643
2026-08-03T00:28:16Z,907,14,0,17,0,0,1,1,1,1785716478
2026-08-03T00:28:16Z,908,5,1,18,0,0,1,1,1,1785716560
2026-08-03T00:28:16Z,909,14,4,8,1,0,1,1,1,1785716759
2026-08-03T00:28:16Z,910,12,2,19,0,0,1,1,1,1785716559
2026-08-03T00:28:16Z,911,2,1,17,0,0,1,1,1,1785715860
2026-08-03T00:28:16Z,912,17,0,5,1,0,1,1,1,1785716461
2026-08-03T00:28:16Z,913,6,3,13,0,0,1,1,1,1785715120
2026-08-03T00:28:16Z,914,4,1,15,0,0,1,1,1,1785716550
2026-08-03T00:28:16Z,915,20,1,2,1,0,1,1,1,1785716671
2026-08-03T00:28:16Z,916,19,1,4,0,0,1,1,1,1785716042
2026-08-03T00:28:16Z,917,0,0,35,0,0,1,1,1,1785716506
2026-08-03T00:28:16Z,918,19,5,0,0,0,1,1,1,1785716884
2026-08-03T00:28:16Z,919,11,0,27,1,0,1,1,1,1785716250
2026-08-03T00:28:16Z,920,5,3,14,0,0,1,1,1,1785716535
2026-08-03T00:28:16Z,921,12,0,9,0,0,1,1,1,1785716182
2026-08-03T00:28:16Z,922,5,1,16,0,0,1,1,1,1785715469
2026-08-03T00:28:16Z,923,14,11,5,0,0,1,1,1,1785716695
2026-08-03T00:28:16Z,924,21,3,0,0,0,1,1,1,1785715328
2026-08-03T00:28:16Z,925,10,1,10,1,0,1,1,1,1785716819
2026-08-03T00:28:16Z,926,3,0,18,0,0,1,1,1,1785716570
2026-08-03T00:28:16Z,927,4,3,31,0,0,1,1,1,1785716670
2026-08-03T00:28:16Z,928,0,0,19,0,0,0,1,1,1785500252
2026-08-03T00:28:16Z,929,2,0,21,0,0,1,1,1,1785715897
2026-08-03T00:28:16Z,930,7,0,23,1,0,1,1,1,1785716836
2026-08-03T00:28:16Z,931,2,2,21,0,0,1,1,1,1785716880
2026-08-03T00:28:16Z,932,9,0,7,3,0,1,1,1,1785716397
2026-08-03T00:28:16Z,933,16,1,5,2,0,1,1,1,1785711992
2026-08-03T00:28:16Z,934,9,0,22,0,0,1,1,1,1785716598
2026-08-03T00:28:16Z,935,5,0,12,2,0,1,1,1,1785715228
2026-08-03T00:28:16Z,936,13,0,6,0,0,1,1,1,1785715551
2026-08-03T00:28:16Z,940,1,0,10,0,0,1,1,1,1785711043
2026-08-03T00:28:16Z,941,3,0,20,2,0,1,1,1,1785715330
2026-08-03T00:28:16Z,942,19,4,2,0,0,1,1,1,1785716635
2026-08-03T00:28:16Z,943,9,9,6,0,0,1,1,1,1785715929
2026-08-03T00:28:16Z,944,12,10,3,0,0,1,1,1,1785715907
2026-08-03T00:28:16Z,945,5,5,10,0,0,1,1,1,1785715407
2026-08-03T00:28:16Z,946,7,5,12,0,0,1,1,1,1785683246
2026-08-03T00:28:16Z,947,3,0,14,0,0,1,1,1,1785715914
2026-08-03T00:28:16Z,948,10,9,17,4,0,1,1,1,1785715532
2026-08-03T00:28:16Z,949,2,2,12,1,0,1,1,1,1785715992
2026-08-03T00:28:16Z,950,4,0,11,2,0,1,1,1,1785716211
2026-08-03T00:28:16Z,951,9,1,14,0,0,1,1,1,1785716512
2026-08-03T00:28:16Z,952,38,0,17,0,0,1,1,1,1785716846
2026-08-03T00:28:16Z,953,10,0,5,0,0,1,1,1,1785716804
2026-08-03T00:28:16Z,954,15,4,4,0,0,1,1,1,1785716199
2026-08-03T00:28:16Z,955,11,0,15,1,0,1,1,1,1785716828
2026-08-03T00:28:16Z,956,0,0,23,0,0,1,1,1,1785716190
2026-08-03T00:28:16Z,957,24,0,5,0,0,1,1,1,1785716036
2026-08-03T00:28:16Z,958,16,0,15,0,0,1,1,1,1785715685
2026-08-03T00:28:16Z,959,14,8,8,1,0,1,1,1,1785716583
2026-08-03T00:28:16Z,960,2,0,21,0,0,1,1,1,1785716680
2026-08-03T00:28:16Z,961,15,4,5,3,0,1,1,1,1785716868
2026-08-03T00:28:16Z,962,6,5,26,3,0,1,1,1,1785716876
2026-08-03T00:28:16Z,963,7,0,15,1,0,1,1,1,1785716660
2026-08-03T00:28:16Z,964,23,10,0,0,0,1,1,1,1785716679
2026-08-03T00:28:16Z,965,8,3,17,2,0,1,1,1,1785715562
2026-08-03T00:28:16Z,966,27,2,4,0,0,1,1,1,1785716023
2026-08-03T00:28:16Z,967,9,3,10,1,1,1,1,1,1785716602
2026-08-03T00:28:16Z,968,7,1,12,0,0,1,1,1,1785716252
2026-08-03T00:28:16Z,969,13,2,12,2,0,1,1,1,1785716781
2026-08-03T00:28:16Z,970,9,2,9,1,0,1,1,1,1785716422
2026-08-03T00:28:16Z,971,3,1,19,1,0,1,1,1,1785716576
2026-08-03T00:28:16Z,972,6,4,16,1,0,1,1,1,1785716295
2026-08-03T00:28:16Z,973,9,2,14,0,0,1,1,1,1785716225
2026-08-03T00:28:16Z,974,16,0,11,0,0,1,1,1,1785715362
2026-08-03T00:28:16Z,977,10,3,8,3,0,1,1,1,1785716295
2026-08-03T00:28:16Z,978,8,2,15,0,0,1,1,1,1785716881
2026-08-03T00:28:16Z,979,5,1,12,0,0,1,1,1,1785716425
2026-08-03T00:28:16Z,980,2,0,19,0,0,1,1,1,1785715796
2026-08-03T00:28:16Z,981,0,0,21,0,0,1,1,1,1785715963
2026-08-03T00:28:16Z,982,2,1,14,3,0,1,1,1,1785716092
2026-08-03T00:28:16Z,983,13,2,10,0,0,1,1,1,1785716765
2026-08-03T00:28:16Z,984,6,0,17,0,0,1,1,1,1785716218
2026-08-03T00:28:16Z,985,19,3,11,1,0,1,1,1,1785716845
2026-08-03T00:28:16Z,986,6,2,13,0,0,1,1,1,1785716120
2026-08-03T00:28:16Z,987,7,0,16,0,0,1,1,1,1785716850
2026-08-03T00:28:16Z,988,2,2,17,0,0,1,1,1,1785716369
2026-08-03T00:28:16Z,989,5,3,14,0,0,1,1,1,1785715282
2026-08-03T00:28:16Z,990,13,1,1,1,0,1,1,1,1785716154
2026-08-03T00:28:16Z,991,8,1,9,2,0,1,1,1,1785715813
2026-08-03T00:28:16Z,992,9,3,13,1,0,1,1,1,1785715306
2026-08-03T00:28:16Z,993,20,0,6,1,0,1,1,1,1785715791
2026-08-03T00:28:16Z,994,6,3,14,1,0,1,1,1,1785715726
2026-08-03T00:28:16Z,995,9,2,18,0,0,1,1,1,1785716702
2026-08-03T00:28:16Z,996,5,2,18,0,0,1,1,1,1785716427
2026-08-03T00:28:16Z,997,15,5,6,2,0,1,1,1,1785716728
2026-08-03T00:28:16Z,998,5,2,18,0,0,1,1,1,1785716636
2026-08-03T00:28:16Z,999,8,1,10,2,1,1,1,1,1785716298
2026-08-03T00:28:16Z,1000,0,0,21,0,0,1,1,1,1785715252
2026-08-03T00:28:16Z,1001,9,0,18,0,0,1,1,1,1785716874
2026-08-03T00:28:16Z,1002,5,0,25,1,0,1,1,1,1785716027
2026-08-03T00:28:16Z,1003,1,0,19,3,0,1,1,1,1785716406
2026-08-03T00:28:16Z,1004,11,0,12,0,0,1,1,1,1785715747
2026-08-03T00:28:16Z,1005,23,2,0,0,0,1,1,1,1785716442
2026-08-03T00:28:16Z,1006,15,3,2,2,0,1,1,1,1785715639
2026-08-03T00:28:16Z,1007,3,1,18,0,0,1,1,1,1785715795
2026-08-03T00:28:16Z,1008,8,7,15,0,0,1,1,1,1785715492
2026-08-03T00:28:16Z,1009,20,4,10,1,0,1,1,1,1785715753
2026-08-03T00:28:16Z,1010,7,2,20,0,0,1,1,1,1785716325
2026-08-03T00:28:16Z,1011,7,3,12,0,0,1,1,1,1785716457
2026-08-03T00:28:16Z,1012,5,3,17,1,0,1,1,1,1785716219
2026-08-03T00:28:16Z,1013,4,0,17,2,0,1,1,1,1785716652
2026-08-03T00:28:16Z,1014,7,3,15,1,0,1,1,1,1785716761
2026-08-03T00:28:16Z,1015,6,3,24,1,0,1,1,1,1785715627
2026-08-03T00:28:16Z,1016,10,5,21,0,0,1,1,1,1785716547
2026-08-03T00:28:16Z,1017,16,7,5,0,0,1,1,1,1785715586
2026-08-03T00:28:16Z,1018,3,0,17,2,0,1,1,1,1785716268
2026-08-03T00:28:16Z,1019,7,4,5,3,0,1,1,1,1785715874
2026-08-03T00:28:16Z,1020,10,4,11,0,0,1,1,1,1785715395
2026-08-03T00:28:16Z,1021,8,2,6,1,0,1,1,1,1785716642
2026-08-03T00:28:16Z,1022,15,1,12,0,0,1,1,1,1785716596
2026-08-03T00:28:16Z,1023,12,0,11,0,0,1,1,1,1785716085
2026-08-03T00:28:16Z,1024,2,0,17,0,0,1,1,1,1785716830
2026-08-03T00:28:16Z,1025,3,0,15,0,1,1,1,1,1785716661
2026-08-03T00:28:16Z,1026,14,9,16,1,0,1,1,1,1785715968
2026-08-03T00:28:16Z,1028,5,1,18,0,0,1,1,1,1785716396
2026-08-03T00:28:16Z,1029,9,7,4,2,0,1,1,1,1785715215
2026-08-03T00:28:16Z,1030,13,4,10,0,0,1,1,1,1785715314
2026-08-03T00:28:16Z,1031,10,3,9,0,0,1,1,1,1785715380
2026-08-03T00:28:16Z,1032,10,1,9,0,0,1,1,1,1785716071
2026-08-03T00:28:16Z,1033,11,4,7,1,0,1,1,1,1785715137
2026-08-03T00:28:16Z,1034,0,0,15,0,0,1,1,1,1785715919
2026-08-03T00:28:16Z,1035,0,0,18,1,0,1,1,1,1785716546
2026-08-03T00:28:16Z,1036,14,1,1,0,0,1,1,1,1785716860
2026-08-03T00:28:16Z,1037,2,0,16,1,0,1,1,1,1785716313
2026-08-03T00:28:16Z,1038,3,1,12,0,0,1,1,1,1785715566
2026-08-03T00:28:16Z,1039,2,1,17,0,0,1,1,1,1785716208
2026-08-03T00:28:16Z,1040,13,7,6,0,0,1,1,1,1785716191
2026-08-03T00:28:16Z,1041,14,1,4,1,0,1,1,1,1785715993
2026-08-03T00:28:16Z,1042,4,3,10,1,0,1,1,1,1785715885
2026-08-03T00:28:16Z,1043,13,5,6,0,0,1,1,1,1785716202
2026-08-03T00:28:16Z,1044,0,0,15,0,0,1,1,1,1785715609
2026-08-03T00:28:16Z,1045,11,1,7,1,0,1,1,1,1785716076
2026-08-03T00:28:16Z,1046,9,1,6,0,0,1,1,1,1785715273
2026-08-03T00:28:16Z,1047,9,3,12,0,0,1,1,1,1785716675
2026-08-03T00:28:16Z,1048,3,0,16,0,0,1,1,1,1785716051
2026-08-03T00:28:16Z,1049,4,1,17,0,0,1,1,1,1785716263
2026-08-03T00:28:16Z,1050,15,0,5,1,0,1,1,1,1785715532
2026-08-03T00:28:16Z,1051,11,6,10,0,0,1,1,1,1785715426
2026-08-03T00:28:16Z,1052,20,3,1,1,0,1,1,1,1785716105
2026-08-03T00:28:16Z,1053,2,1,13,0,0,1,1,1,1785715569
2026-08-03T00:28:16Z,1054,13,0,1,1,0,1,1,1,1785716028
2026-08-03T00:28:16Z,1055,15,1,4,0,0,1,1,1,1785716210
2026-08-03T00:28:16Z,1057,8,0,11,0,0,1,1,1,1785715694
2026-08-03T00:28:16Z,1058,7,0,49,0,0,1,1,1,1785716362
2026-08-03T00:28:16Z,1059,5,1,13,1,0,1,1,1,1785715889
2026-08-03T00:28:16Z,1060,21,17,16,0,0,1,1,1,1785716686
2026-08-03T00:28:16Z,1061,31,0,6,0,0,1,1,1,1785716203
2026-08-03T00:28:16Z,1062,12,0,5,0,0,1,1,1,1785716260
2026-08-03T00:28:16Z,1063,9,0,8,2,0,1,1,1,1785715188
2026-08-03T00:28:16Z,1064,6,1,17,0,0,1,1,1,1785716679
2026-08-03T00:28:16Z,1065,12,2,11,0,0,1,1,1,1785715100
2026-08-03T00:28:16Z,1066,13,3,10,0,0,1,1,1,1785716735
2026-08-03T00:28:16Z,1067,8,3,15,0,0,1,1,1,1785715921
2026-08-03T00:28:16Z,1068,5,2,15,3,0,1,1,1,1785716622
2026-08-03T00:28:16Z,1069,12,2,11,0,0,1,1,1,1785716553
2026-08-03T00:28:16Z,1070,11,1,10,2,0,1,1,1,1785716686
2026-08-03T00:28:16Z,1071,6,2,15,2,0,1,1,1,1785716710
2026-08-03T00:28:16Z,1072,9,0,12,2,0,1,1,1,1785715208
2026-08-03T00:28:16Z,1073,26,3,1,0,0,1,1,1,1785716248
2026-08-03T00:28:16Z,1074,24,1,27,2,0,1,1,1,1785716460
2026-08-03T00:28:16Z,1075,9,7,12,0,0,1,1,1,1785715582
2026-08-03T00:28:16Z,1076,11,10,10,0,0,1,1,1,1785715544
2026-08-03T00:28:16Z,1077,11,9,10,0,0,1,1,1,1785715136
2026-08-03T00:28:16Z,1078,10,8,11,0,0,1,1,1,1785715573
2026-08-03T00:28:16Z,1079,10,8,11,0,0,1,1,1,1785716304
2026-08-03T00:28:16Z,1080,10,9,11,0,0,1,1,1,1785716131
2026-08-03T00:28:16Z,1081,11,8,7,1,0,1,1,1,1785716822
2026-08-03T00:28:16Z,1082,15,13,8,0,0,1,1,1,1785716356
2026-08-03T00:28:16Z,1083,10,9,11,0,0,1,1,1,1785716422
2026-08-03T00:28:16Z,1084,9,7,12,0,0,1,1,1,1785716031
2026-08-03T00:28:16Z,1085,12,6,9,0,0,1,1,1,1785716051
2026-08-03T00:28:16Z,1086,9,7,12,0,0,1,1,1,1785716723
2026-08-03T00:28:16Z,1087,10,8,5,0,0,1,1,1,1785716631
2026-08-03T00:28:16Z,1088,7,6,8,0,0,1,1,1,1785716121
2026-08-03T00:28:16Z,1089,9,7,6,0,0,1,1,1,1785715648
2026-08-03T00:28:16Z,1090,10,8,5,0,0,1,1,1,1785716769
2026-08-03T00:28:16Z,1091,9,7,6,0,0,1,1,1,1785715147
2026-08-03T00:28:16Z,1092,10,9,5,0,0,1,1,1,1785716354
2026-08-03T00:28:16Z,1093,9,7,6,0,0,1,1,1,1785716735
2026-08-03T00:28:16Z,1094,13,11,6,0,0,1,1,1,1785716042
2026-08-03T00:28:16Z,1095,10,8,5,0,0,1,1,1,1785715805
2026-08-03T00:28:16Z,1096,7,5,12,0,0,1,1,1,1785716482
2026-08-03T00:28:16Z,1097,9,7,6,0,0,1,1,1,1785716540
2026-08-03T00:28:16Z,1098,10,8,9,0,0,1,1,1,1785715775
2026-08-03T00:28:16Z,1099,8,6,7,0,0,1,1,1,1785715875
2026-08-03T00:28:16Z,1100,9,4,19,1,0,1,1,1,1785703987
2026-08-03T00:28:16Z,1101,8,3,13,0,0,1,1,1,1785715936
2026-08-03T00:28:16Z,1102,10,5,3,0,0,1,1,1,1785716608
2026-08-03T00:28:16Z,1103,11,5,10,0,0,1,1,1,1785661115
2026-08-03T00:28:16Z,1104,10,5,11,0,0,1,1,1,1785715711
2026-08-03T00:28:16Z,1105,7,3,6,0,0,1,1,1,1785716469
2026-08-03T00:28:16Z,1106,10,5,11,0,0,1,1,1,1785716046
2026-08-03T00:28:16Z,1107,9,5,6,0,0,1,1,1,1785716030
2026-08-03T00:28:16Z,1108,7,3,17,3,0,1,1,1,1785715314
2026-08-03T00:28:16Z,1109,10,5,5,0,0,1,1,1,1785715948
2026-08-03T00:28:16Z,1110,13,2,8,0,0,1,1,1,1785715543
2026-08-03T00:28:16Z,1111,12,1,8,1,0,1,1,1,1785716718
2026-08-03T00:28:16Z,1112,27,0,26,0,0,1,1,1,1785716698
2026-08-03T00:28:16Z,1113,2,0,18,1,0,1,1,1,1785715275
2026-08-03T00:28:16Z,1115,5,2,14,4,0,1,1,1,1785716884
2026-08-03T00:28:16Z,1116,5,0,14,0,0,1,1,1,1785716679
2026-08-03T00:28:16Z,1117,22,14,1,0,0,1,1,1,1785716739
2026-08-03T00:28:16Z,1118,1,0,20,0,0,1,1,1,1785715636
2026-08-03T00:28:16Z,1119,16,3,1,0,0,1,1,1,1785715218
2026-08-03T00:28:16Z,1120,9,3,9,1,0,1,1,1,1785716322
2026-08-03T00:28:16Z,1121,8,1,12,1,0,1,1,1,1785715928
2026-08-03T00:28:16Z,1122,14,2,5,2,0,1,1,1,1785716488
2026-08-03T00:28:16Z,1123,2,2,20,1,0,1,1,1,1785716400
2026-08-03T00:28:16Z,1124,6,0,8,1,0,1,1,1,1785716784
2026-08-03T00:28:16Z,1125,20,2,2,1,0,1,1,1,1785716659
2026-08-03T00:28:16Z,1126,21,5,0,0,0,1,1,1,1785716150
2026-08-03T00:28:16Z,1127,14,0,4,1,0,1,1,1,1785716431
2026-08-03T00:28:16Z,1128,14,2,1,0,0,1,1,1,1785715917
2026-08-03T00:28:16Z,1129,8,4,12,1,0,1,1,1,1785715772
2026-08-03T00:28:16Z,1130,11,1,4,0,0,1,1,1,1785716692
2026-08-03T00:28:16Z,1131,0,0,49,0,0,1,1,1,1785716646
2026-08-03T00:28:16Z,1132,17,1,3,1,0,1,1,1,1785716568
2026-08-03T00:28:16Z,1133,11,10,9,1,0,1,1,1,1785715980
2026-08-03T00:28:16Z,1134,9,5,10,0,0,1,1,1,1785716651
2026-08-03T00:28:16Z,1135,10,5,11,0,0,1,1,1,1785715870
2026-08-03T00:28:16Z,1136,21,0,2,0,0,1,1,1,1785716476
2026-08-03T00:28:16Z,1137,4,2,11,0,0,1,1,1,1785716663
2026-08-03T00:28:16Z,1138,7,1,12,0,0,1,1,1,1785716179
2026-08-03T00:28:16Z,1139,13,3,8,0,0,1,1,1,1785716722
2026-08-03T00:28:16Z,1140,5,2,17,1,0,1,1,1,1785716546
2026-08-03T00:28:16Z,1141,6,3,14,1,0,1,1,1,1785715647
2026-08-03T00:28:16Z,1142,0,0,21,0,0,1,1,1,1785716796
2026-08-03T00:28:16Z,1143,19,4,9,1,0,1,1,1,1785716667
2026-08-03T00:28:16Z,1144,6,1,14,1,0,1,1,1,1785716691
2026-08-03T00:28:16Z,1145,10,5,10,1,0,1,1,1,1785716636
2026-08-03T00:28:16Z,1146,8,1,8,3,0,1,1,1,1785716880
2026-08-03T00:28:16Z,1147,4,0,15,0,0,1,1,1,1785716015
2026-08-03T00:28:16Z,1148,28,1,2,1,0,1,1,1,1785716823
2026-08-03T00:28:16Z,1149,17,10,8,0,0,1,1,1,1785716110
2026-08-03T00:28:16Z,1150,8,0,11,0,0,1,1,1,1785716058
2026-08-03T00:28:16Z,1151,8,0,13,0,0,1,1,1,1785716822
2026-08-03T00:28:16Z,1152,2,0,27,0,0,1,1,1,1785716580
2026-08-03T00:28:16Z,1153,4,0,19,0,0,1,1,1,1785716615
2026-08-03T00:28:16Z,1154,12,1,6,1,0,1,1,1,1785715392
2026-08-03T00:28:16Z,1155,12,3,8,1,0,1,1,1,1785716264
2026-08-03T00:28:16Z,1158,2,2,17,0,0,1,1,1,1785715978
2026-08-03T00:28:16Z,1159,13,5,6,0,0,1,1,1,1785716407
2026-08-03T00:28:16Z,1160,7,3,11,1,0,1,1,1,1785716212
2026-08-03T00:28:16Z,1161,4,0,14,1,0,1,1,1,1785716497
2026-08-03T00:28:16Z,1162,5,1,14,0,0,1,1,1,1785716798
2026-08-03T00:28:16Z,1163,3,1,15,1,0,1,1,1,1785716097
2026-08-03T00:28:16Z,1164,5,0,14,0,0,1,1,1,1785716136
2026-08-03T00:28:16Z,1165,11,1,10,0,0,1,1,1,1785715168
2026-08-03T00:28:16Z,1166,13,3,7,1,0,1,1,1,1785715381
2026-08-03T00:28:16Z,1167,3,0,12,0,0,1,1,1,1785715635
2026-08-03T00:28:16Z,1168,6,2,17,0,0,1,1,1,1785716557
2026-08-03T00:28:16Z,1169,3,0,16,0,0,1,1,1,1785715997
2026-08-03T00:28:16Z,1170,6,2,15,0,0,1,1,1,1785716489
2026-08-03T00:28:16Z,1171,8,5,14,1,0,1,1,1,1785716339
2026-08-03T00:28:16Z,1172,6,0,7,2,0,1,1,1,1785716052
2026-08-03T00:28:16Z,1173,12,2,7,0,0,1,1,1,1785716291
2026-08-03T00:28:16Z,1174,5,0,10,0,0,1,1,1,1785715729
2026-08-03T00:28:16Z,1175,2,0,17,0,0,1,1,1,1785715746
2026-08-03T00:28:16Z,1176,10,0,10,0,1,1,1,1,1785715713
2026-08-03T00:28:16Z,1177,5,1,15,1,0,1,1,1,1785716200
2026-08-03T00:28:16Z,1178,3,0,12,0,0,1,1,1,1785715484
2026-08-03T00:28:16Z,1181,10,3,5,0,0,1,1,1,1785713736
2026-08-03T00:28:16Z,1182,10,1,9,1,0,1,1,1,1785716569
2026-08-03T00:28:16Z,1183,4,0,40,1,0,1,1,1,1785716641
2026-08-03T00:28:16Z,1184,6,1,14,1,0,1,1,1,1785716387
2026-08-03T00:28:16Z,1185,9,5,12,0,0,1,1,1,1785715682
2026-08-03T00:28:16Z,1186,8,4,11,0,0,1,1,1,1785716553
2026-08-03T00:28:16Z,1187,11,6,10,0,0,1,1,1,1785715790
2026-08-03T00:28:16Z,1188,11,6,4,0,0,1,1,1,1785716024
2026-08-03T00:28:16Z,1189,9,4,10,0,0,1,1,1,1785716323
2026-08-03T00:28:16Z,1190,12,7,9,0,0,1,1,1,1785715837
2026-08-03T00:28:16Z,1191,9,4,6,0,0,1,1,1,1785716024
2026-08-03T00:28:16Z,1192,9,5,11,1,0,1,1,1,1785716272
2026-08-03T00:28:16Z,1193,8,5,3,2,0,1,1,1,1785716705
2026-08-03T00:28:16Z,1197,6,4,10,1,0,1,1,1,1785716793
2026-08-03T00:28:16Z,1198,16,5,3,2,0,1,1,1,1785716737
2026-08-03T00:28:16Z,1199,3,0,16,0,0,1,1,1,1785716632
2026-08-03T00:28:16Z,1200,10,5,5,0,0,1,1,1,1785716055
2026-08-03T00:28:16Z,1201,11,6,4,0,0,1,1,1,1785716031
2026-08-03T00:28:16Z,1202,10,5,5,0,0,1,1,1,1785716140
2026-08-03T00:28:16Z,1203,10,5,5,0,0,1,1,1,1785716054
2026-08-03T00:28:16Z,1204,10,5,9,0,0,1,1,1,1785715987
2026-08-03T00:28:16Z,1206,10,5,11,0,0,1,1,1,1785715332
2026-08-03T00:28:16Z,1207,8,3,5,2,0,1,1,1,1785716352
2026-08-03T00:28:16Z,1208,9,4,10,0,0,1,1,1,1785716451
2026-08-03T00:28:16Z,1216,3,0,17,1,0,1,1,1,1785715477
2026-08-03T00:28:16Z,1218,9,4,12,0,0,1,1,1,1785715914
2026-08-03T00:28:16Z,1219,5,1,7,3,0,1,1,1,1785715984
2026-08-03T00:28:16Z,1220,15,7,4,0,0,1,1,1,1785715612
2026-08-03T00:28:16Z,1221,3,1,18,0,0,1,1,1,1785715255
2026-08-03T00:28:16Z,1222,5,0,24,0,0,1,1,1,1785716585
2026-08-03T00:28:16Z,1223,29,1,0,0,0,1,1,1,1785716411
2026-08-03T00:28:16Z,1226,0,0,3,0,0,0,1,1,1781868931
2026-08-03T00:28:16Z,1227,5,0,20,0,0,1,1,1,1785716162
2026-08-03T00:28:16Z,1228,23,1,5,1,0,1,1,1,1785716819
2026-08-03T00:28:16Z,1229,34,23,1,10,0,1,1,1,1785715306
2026-08-03T00:33:16Z,1,7,1,16,0,0,1,1,1,1785716663
2026-08-03T00:33:16Z,2,14,1,10,3,0,1,1,1,1785716583
2026-08-03T00:33:16Z,3,4,1,9,1,0,1,1,1,1785717127
2026-08-03T00:33:16Z,4,2,1,19,1,0,1,1,1,1785714020
2026-08-03T00:33:16Z,5,12,4,9,1,1,1,1,1,1785707300
2026-08-03T00:33:16Z,6,14,1,1,0,0,1,1,1,1785715757
2026-08-03T00:33:16Z,7,6,1,33,0,0,1,1,1,1785716685
2026-08-03T00:33:16Z,8,1,0,41,1,0,1,1,1,1785715930
2026-08-03T00:33:16Z,9,20,2,3,0,0,1,1,1,1785716158
2026-08-03T00:33:16Z,10,9,2,12,2,0,1,1,1,1785713840
2026-08-03T00:33:16Z,11,14,4,4,1,0,1,1,1,1785716977
2026-08-03T00:33:16Z,12,5,1,18,0,0,1,1,1,1785716856
2026-08-03T00:33:16Z,13,17,1,13,0,0,1,1,1,1785716289
2026-08-03T00:33:16Z,14,10,0,32,0,1,1,1,1,1785715578
2026-08-03T00:33:16Z,15,3,0,12,0,0,1,1,1,1785713396
2026-08-03T00:33:16Z,16,8,1,17,1,1,1,1,1,1785709998
2026-08-03T00:33:16Z,17,3,1,23,1,0,1,1,1,1785717035
2026-08-03T00:33:16Z,18,4,4,12,2,0,1,1,1,1785714941
2026-08-03T00:33:16Z,19,13,2,14,0,0,1,1,1,1785716857
2026-08-03T00:33:16Z,20,14,0,21,0,0,1,1,1,1785716182
2026-08-03T00:33:16Z,21,13,0,5,1,0,1,1,1,1785715032
2026-08-03T00:33:16Z,22,25,0,40,0,0,1,1,1,1785716974
2026-08-03T00:33:16Z,23,11,6,18,2,0,1,1,1,1785716876
2026-08-03T00:33:16Z,24,4,0,6,1,0,1,1,1,1785717176
2026-08-03T00:33:16Z,25,60,2,19,2,0,1,1,1,1785717023
2026-08-03T00:33:16Z,26,9,1,18,0,0,1,1,1,1785717028
2026-08-03T00:33:16Z,28,1,0,14,0,0,1,1,1,1785713041
2026-08-03T00:33:16Z,30,3,0,26,0,0,1,1,1,1785714590
2026-08-03T00:33:16Z,31,10,0,8,1,0,1,1,1,1785717097
2026-08-03T00:33:16Z,32,20,1,7,0,0,1,1,1,1785716668
2026-08-03T00:33:16Z,34,7,1,30,0,0,1,1,1,1785716892
2026-08-03T00:33:16Z,35,27,3,19,1,0,1,1,1,1785717179
2026-08-03T00:33:16Z,36,0,0,0,0,0,0,1,1,86400
2026-08-03T00:33:16Z,37,16,0,6,1,0,1,1,1,1785716989
2026-08-03T00:33:16Z,38,6,0,17,0,0,1,1,1,1785715413
2026-08-03T00:33:16Z,39,36,6,3,0,0,1,1,1,1785716125
2026-08-03T00:33:16Z,40,4,0,17,0,0,1,1,1,1785716122
2026-08-03T00:33:16Z,41,2,0,41,0,0,1,1,1,1785715348
2026-08-03T00:33:16Z,42,17,9,14,0,0,1,1,1,1785715635
2026-08-03T00:33:16Z,43,21,3,2,0,0,1,1,1,1785714268
2026-08-03T00:33:16Z,45,1,0,28,0,0,1,1,1,1785714153
2026-08-03T00:33:16Z,46,1,0,29,1,0,1,1,1,1785715934
2026-08-03T00:33:16Z,47,7,2,6,2,0,1,1,1,1785716773
2026-08-03T00:33:16Z,48,11,1,16,0,0,1,1,1,1785714906
2026-08-03T00:33:16Z,49,5,0,15,3,0,1,1,1,1785717182
2026-08-03T00:33:16Z,50,9,2,9,1,0,1,1,1,1785715737
2026-08-03T00:33:16Z,51,36,0,40,1,0,1,1,1,1785715711
2026-08-03T00:33:16Z,52,3,0,21,3,0,1,1,1,1785717159
2026-08-03T00:33:16Z,55,0,0,23,0,0,1,1,1,1785712742
2026-08-03T00:33:16Z,56,3,1,40,0,0,1,1,1,1785716061
2026-08-03T00:33:16Z,57,4,4,22,1,0,1,1,1,1785716031
2026-08-03T00:33:16Z,58,1,1,27,0,0,1,1,1,1785713094
2026-08-03T00:33:16Z,59,7,1,19,1,0,1,1,1,1785716946
2026-08-03T00:33:16Z,61,4,0,35,0,0,1,1,1,1785708823
2026-08-03T00:33:16Z,62,0,0,0,16,33,1,1,1,1785717158
2026-08-03T00:33:16Z,63,15,1,4,0,0,1,1,1,1785716441
2026-08-03T00:33:16Z,64,7,1,10,2,0,1,1,1,1785714326
2026-08-03T00:33:16Z,65,11,5,7,1,0,1,1,1,1785712939
2026-08-03T00:33:16Z,67,30,1,9,0,0,1,1,1,1785716303
2026-08-03T00:33:16Z,68,4,0,33,0,0,1,1,1,1785716101
2026-08-03T00:33:16Z,69,2,1,13,0,0,1,1,1,1785716922
2026-08-03T00:33:16Z,71,12,0,14,1,0,1,1,1,1785716546
2026-08-03T00:33:16Z,72,24,3,2,4,1,1,1,1,1785716996
2026-08-03T00:33:16Z,73,4,0,27,0,0,1,1,1,1785716809
2026-08-03T00:33:16Z,74,6,2,13,0,0,1,1,1,1785716326
2026-08-03T00:33:16Z,75,1,1,30,1,0,1,1,1,1785716591
2026-08-03T00:33:16Z,76,3,1,15,1,0,1,1,1,1785717177
2026-08-03T00:33:16Z,77,7,0,20,0,0,1,1,1,1785716623
2026-08-03T00:33:16Z,78,9,1,13,1,0,1,1,1,1785714745
2026-08-03T00:33:16Z,79,4,0,11,2,0,1,1,1,1785716420
2026-08-03T00:33:16Z,80,3,0,17,3,0,1,1,1,1785716969
2026-08-03T00:33:16Z,81,5,2,25,1,0,1,1,1,1785715011
2026-08-03T00:33:16Z,82,19,7,4,0,0,1,1,1,1785715395
2026-08-03T00:33:16Z,83,23,1,7,4,0,1,1,1,1785717185
2026-08-03T00:33:16Z,84,11,2,16,0,0,1,1,1,1785714691
2026-08-03T00:33:16Z,85,9,1,6,0,0,1,1,1,1785716858
2026-08-03T00:33:16Z,86,21,4,6,0,0,1,1,1,1785716548
2026-08-03T00:33:16Z,87,7,0,12,0,0,1,1,1,1785710562
2026-08-03T00:33:16Z,88,12,0,30,1,0,1,1,1,1785716041
2026-08-03T00:33:16Z,89,32,3,3,0,0,1,1,1,1785717170
2026-08-03T00:33:16Z,90,3,2,14,1,0,1,1,1,1785716943
2026-08-03T00:33:16Z,91,6,0,9,2,0,1,1,1,1785712977
2026-08-03T00:33:16Z,92,9,0,8,2,0,1,1,1,1785716939
2026-08-03T00:33:16Z,93,14,2,9,0,0,1,1,1,1785716523
2026-08-03T00:33:16Z,94,7,0,11,1,0,1,1,1,1785716668
2026-08-03T00:33:16Z,95,23,3,10,1,1,1,1,1,1785717172
2026-08-03T00:33:16Z,96,21,1,9,1,0,1,1,1,1785716888
2026-08-03T00:33:16Z,97,2,0,14,1,0,1,1,1,1785717146
2026-08-03T00:33:16Z,98,30,1,5,0,0,1,1,1,1785716293
2026-08-03T00:33:16Z,99,9,1,5,1,0,1,1,1,1785715687
2026-08-03T00:33:16Z,100,3,0,23,1,0,1,1,1,1785717151
2026-08-03T00:33:16Z,101,13,0,0,2,0,1,1,1,1785714719
2026-08-03T00:33:16Z,102,8,0,15,0,0,1,1,1,1785715815
2026-08-03T00:33:16Z,103,18,0,10,2,0,1,1,1,1785715656
2026-08-03T00:33:16Z,104,12,1,13,2,0,1,1,1,1785717180
2026-08-03T00:33:16Z,105,13,0,4,2,0,1,1,1,1785708568
2026-08-03T00:33:16Z,106,10,0,11,0,0,1,1,1,1785708842
2026-08-03T00:33:16Z,107,15,0,22,0,0,1,1,1,1785714381
2026-08-03T00:33:16Z,108,15,0,19,1,0,1,1,1,1785716284
2026-08-03T00:33:16Z,109,8,0,15,0,0,1,1,1,1785716524
2026-08-03T00:33:16Z,110,9,0,11,3,0,1,1,1,1785717175
2026-08-03T00:33:16Z,111,15,0,20,1,0,1,1,1,1785715858
2026-08-03T00:33:16Z,112,11,2,2,2,0,1,1,1,1785717056
2026-08-03T00:33:16Z,113,8,0,10,1,0,1,1,1,1785717137
2026-08-03T00:33:16Z,114,8,3,23,0,0,1,1,1,1785715961
2026-08-03T00:33:16Z,115,22,6,3,3,0,1,1,1,1785716184
2026-08-03T00:33:16Z,116,8,7,19,0,0,1,1,1,1785715680
2026-08-03T00:33:16Z,118,4,0,19,0,0,1,1,1,1785710695
2026-08-03T00:33:16Z,119,22,2,14,2,0,1,1,1,1785716145
2026-08-03T00:33:16Z,120,15,2,9,2,0,1,1,1,1785715801
2026-08-03T00:33:16Z,121,4,0,14,0,1,1,1,1,1785717104
2026-08-03T00:33:16Z,122,13,0,7,1,0,1,1,1,1785715008
2026-08-03T00:33:16Z,123,19,3,28,0,0,1,1,1,1785715818
2026-08-03T00:33:16Z,124,31,4,4,0,0,1,1,1,1785717152
2026-08-03T00:33:16Z,125,9,8,14,0,0,1,1,1,1785715110
2026-08-03T00:33:16Z,126,11,0,20,0,0,1,1,1,1785716950
2026-08-03T00:33:16Z,127,29,1,5,1,0,1,1,1,1785717081
2026-08-03T00:33:16Z,128,17,0,2,0,0,1,1,1,1785714923
2026-08-03T00:33:16Z,129,9,4,9,1,0,1,1,1,1785716933
2026-08-03T00:33:16Z,130,12,1,5,0,0,1,1,1,1785717066
2026-08-03T00:33:16Z,131,7,1,4,0,0,1,1,1,1785716250
2026-08-03T00:33:16Z,132,4,0,10,0,1,1,1,1,1785714877
2026-08-03T00:33:16Z,134,17,8,2,4,0,1,1,1,1785717148
2026-08-03T00:33:16Z,135,12,1,7,0,0,1,1,1,1785715730
2026-08-03T00:33:16Z,136,4,0,18,0,0,1,1,1,1785717123
2026-08-03T00:33:16Z,137,13,2,6,0,0,1,1,1,1785717168
2026-08-03T00:33:16Z,138,22,0,15,0,0,1,1,1,1785716138
2026-08-03T00:33:16Z,139,19,1,0,0,0,1,1,1,1785715692
2026-08-03T00:33:16Z,140,20,1,2,1,0,1,1,1,1785717181
2026-08-03T00:33:16Z,141,26,3,9,1,0,1,1,1,1785717061
2026-08-03T00:33:16Z,142,20,3,3,0,0,1,1,1,1785717055
2026-08-03T00:33:16Z,143,26,0,4,1,0,1,1,1,1785717171
2026-08-03T00:33:16Z,144,23,0,3,1,0,1,1,1,1785716566
2026-08-03T00:33:16Z,146,4,0,17,2,0,1,1,1,1785713962
2026-08-03T00:33:16Z,147,8,0,9,2,0,1,1,1,1785716407
2026-08-03T00:33:16Z,148,13,0,11,3,0,1,1,1,1785716884
2026-08-03T00:33:16Z,149,9,1,17,1,0,1,1,1,1785716841
2026-08-03T00:33:16Z,150,28,5,5,2,0,1,1,1,1785716925
2026-08-03T00:33:16Z,151,10,2,13,0,0,1,1,1,1785716376
2026-08-03T00:33:16Z,152,13,1,11,2,0,1,1,1,1785717018
2026-08-03T00:33:16Z,153,25,0,1,2,0,1,1,1,1785715717
2026-08-03T00:33:16Z,154,1,0,18,4,0,1,1,1,1785717050
2026-08-03T00:33:16Z,155,12,2,1,1,0,1,1,1,1785716943
2026-08-03T00:33:16Z,156,7,0,12,0,0,1,1,1,1785715657
2026-08-03T00:33:16Z,157,24,1,0,3,0,1,1,1,1785716927
2026-08-03T00:33:16Z,158,7,0,9,0,0,1,1,1,1785716491
2026-08-03T00:33:16Z,159,13,11,6,0,0,1,1,1,1785715274
2026-08-03T00:33:16Z,160,10,2,9,0,0,1,1,1,1785715499
2026-08-03T00:33:16Z,161,19,1,3,0,0,1,1,1,1785717131
2026-08-03T00:33:16Z,162,20,2,5,2,0,1,1,1,1785716998
2026-08-03T00:33:16Z,163,22,0,8,0,1,1,1,1,1785716928
2026-08-03T00:33:16Z,164,27,0,0,0,0,1,1,1,1785716583
2026-08-03T00:33:16Z,165,17,5,12,1,1,1,1,1,1785717162
2026-08-03T00:33:16Z,166,32,0,4,3,0,1,1,1,1785717181
2026-08-03T00:33:16Z,167,13,0,9,1,0,1,1,1,1785716453
2026-08-03T00:33:16Z,168,14,0,12,1,0,1,1,1,1785717185
2026-08-03T00:33:16Z,169,21,1,1,0,1,1,1,1,1785716743
2026-08-03T00:33:16Z,170,15,4,3,1,0,1,1,1,1785715670
2026-08-03T00:33:16Z,171,4,1,7,2,0,1,1,1,1785717179
2026-08-03T00:33:16Z,173,28,3,11,0,0,1,1,1,1785716486
2026-08-03T00:33:16Z,174,25,2,1,0,0,1,1,1,1785716680
2026-08-03T00:33:16Z,175,28,1,2,1,0,1,1,1,1785717000
2026-08-03T00:33:16Z,176,2,0,9,3,1,1,1,1,1785715863
2026-08-03T00:33:16Z,177,24,2,3,0,0,1,1,1,1785716737
2026-08-03T00:33:16Z,178,10,2,2,2,1,1,1,1,1785717185
2026-08-03T00:33:16Z,179,13,1,1,1,0,1,1,1,1785716629
2026-08-03T00:33:16Z,180,7,0,23,0,0,1,1,1,1785715319
2026-08-03T00:33:16Z,181,6,2,8,1,0,1,1,1,1785716672
2026-08-03T00:33:16Z,182,12,2,5,0,0,1,1,1,1785716737
2026-08-03T00:33:16Z,183,16,2,6,1,0,1,1,1,1785716069
2026-08-03T00:33:16Z,184,15,1,5,2,1,1,1,1,1785717168
2026-08-03T00:33:16Z,185,8,5,4,2,1,1,1,1,1785715180
2026-08-03T00:33:16Z,186,18,5,1,0,0,1,1,1,1785715978
2026-08-03T00:33:16Z,187,3,0,25,0,0,1,1,1,1785715894
2026-08-03T00:33:16Z,188,20,0,0,7,0,1,1,1,1785717092
2026-08-03T00:33:16Z,189,13,4,2,0,0,1,1,1,1785713636
2026-08-03T00:33:16Z,190,8,0,15,0,0,1,1,1,1785717086
2026-08-03T00:33:16Z,191,17,9,22,0,0,1,1,1,1785715340
2026-08-03T00:33:16Z,192,4,3,26,1,0,1,1,1,1785716182
2026-08-03T00:33:16Z,193,14,10,0,1,0,1,1,1,1785717113
2026-08-03T00:33:16Z,194,6,4,21,0,0,1,1,1,1785716278
2026-08-03T00:33:16Z,195,11,6,7,0,0,1,1,1,1785717131
2026-08-03T00:33:16Z,196,24,0,2,1,0,1,1,1,1785715500
2026-08-03T00:33:16Z,197,10,1,8,0,1,1,1,1,1785717096
2026-08-03T00:33:16Z,198,11,3,12,0,0,1,1,1,1785717023
2026-08-03T00:33:16Z,199,6,3,8,1,0,1,1,1,1785716832
2026-08-03T00:33:16Z,200,11,6,15,0,0,1,1,1,1785713989
2026-08-03T00:33:16Z,201,21,3,2,0,0,1,1,1,1785717107
2026-08-03T00:33:16Z,202,17,0,10,0,0,1,1,1,1785715164
2026-08-03T00:33:16Z,203,6,1,24,1,0,1,1,1,1785714215
2026-08-03T00:33:16Z,204,9,1,24,2,0,1,1,1,1785716815
2026-08-03T00:33:16Z,205,12,1,15,0,0,1,1,1,1785716086
2026-08-03T00:33:16Z,206,5,3,9,1,0,1,1,1,1785716638
2026-08-03T00:33:16Z,207,13,1,8,0,0,1,1,1,1785717181
2026-08-03T00:33:16Z,208,2,0,27,0,0,1,1,1,1785716759
2026-08-03T00:33:16Z,209,22,1,7,2,0,1,1,1,1785717155
2026-08-03T00:33:16Z,210,19,6,8,0,0,1,1,1,1785715044
2026-08-03T00:33:16Z,211,19,2,2,2,0,1,1,1,1785716869
2026-08-03T00:33:16Z,212,33,5,1,1,0,1,1,1,1785717047
2026-08-03T00:33:16Z,213,10,0,12,1,0,1,1,1,1785716967
2026-08-03T00:33:16Z,214,29,17,11,7,0,1,1,1,1785715186
2026-08-03T00:33:16Z,215,13,10,10,0,0,1,1,1,1785715385
2026-08-03T00:33:16Z,216,12,2,6,1,0,1,1,1,1785717078
2026-08-03T00:33:16Z,217,18,0,10,1,0,1,1,1,1785717174
2026-08-03T00:33:16Z,218,23,10,9,7,0,1,1,1,1785716926
2026-08-03T00:33:16Z,219,4,2,21,1,0,1,1,1,1785715898
2026-08-03T00:33:16Z,220,36,5,7,0,0,1,1,1,1785717080
2026-08-03T00:33:16Z,221,4,1,10,1,0,1,1,1,1785716961
2026-08-03T00:33:16Z,222,7,1,12,0,0,1,1,1,1785716857
2026-08-03T00:33:16Z,223,19,1,14,2,0,1,1,1,1785716903
2026-08-03T00:33:16Z,224,11,8,11,0,0,1,1,1,1785716945
2026-08-03T00:33:16Z,225,2,2,14,3,0,1,1,1,1785716630
2026-08-03T00:33:16Z,226,22,12,7,2,0,1,1,1,1785716053
2026-08-03T00:33:16Z,227,14,4,13,0,0,1,1,1,1785717010
2026-08-03T00:33:16Z,228,8,6,10,1,0,1,1,1,1785715376
2026-08-03T00:33:16Z,230,9,0,17,0,0,1,1,1,1785717081
2026-08-03T00:33:16Z,232,8,2,8,1,0,1,1,1,1785715868
2026-08-03T00:33:16Z,233,26,3,4,1,0,1,1,1,1785716365
2026-08-03T00:33:16Z,234,8,7,7,2,2,1,1,1,1785716298
2026-08-03T00:33:16Z,236,16,5,3,0,0,1,1,1,1785713155
2026-08-03T00:33:16Z,237,22,0,0,1,0,1,1,1,1785715021
2026-08-03T00:33:16Z,239,24,12,3,0,0,1,1,1,1785717036
2026-08-03T00:33:16Z,241,6,3,16,1,0,1,1,1,1785716279
2026-08-03T00:33:16Z,242,2,2,19,2,0,1,1,1,1785716249
2026-08-03T00:33:16Z,243,19,9,11,1,0,1,1,1,1785717067
2026-08-03T00:33:16Z,244,25,8,1,1,0,1,1,1,1785716331
2026-08-03T00:33:16Z,245,21,4,0,2,0,1,1,1,1785715452
2026-08-03T00:33:16Z,246,8,2,14,1,0,1,1,1,1785716148
2026-08-03T00:33:16Z,247,8,5,15,0,0,1,1,1,1785707048
2026-08-03T00:33:16Z,248,14,2,7,2,0,1,1,1,1785716742
2026-08-03T00:33:16Z,249,18,6,0,1,0,1,1,1,1785716908
2026-08-03T00:33:16Z,250,7,3,19,1,0,1,1,1,1785717046
2026-08-03T00:33:16Z,251,6,1,20,1,0,1,1,1,1785716503
2026-08-03T00:33:16Z,253,8,3,11,0,0,1,1,1,1785717082
2026-08-03T00:33:16Z,254,37,9,5,1,0,1,1,1,1785715061
2026-08-03T00:33:16Z,255,16,1,6,0,1,1,1,1,1785717049
2026-08-03T00:33:16Z,256,15,4,6,2,0,1,1,1,1785717090
2026-08-03T00:33:16Z,257,4,2,14,1,0,1,1,1,1785715179
2026-08-03T00:33:16Z,258,12,2,5,2,0,1,1,1,1785716940
2026-08-03T00:33:16Z,259,14,3,8,0,1,1,1,1,1785713662
2026-08-03T00:33:16Z,260,4,0,13,2,0,1,1,1,1785716933
2026-08-03T00:33:16Z,261,10,0,8,0,1,1,1,1,1785716332
2026-08-03T00:33:16Z,262,7,7,13,3,0,1,1,1,1785716929
2026-08-03T00:33:16Z,263,6,3,8,1,0,1,1,1,1785715783
2026-08-03T00:33:16Z,264,12,1,6,1,0,1,1,1,1785717025
2026-08-03T00:33:16Z,265,10,1,5,0,0,1,1,1,1785716646
2026-08-03T00:33:16Z,266,7,6,11,1,0,1,1,1,1785716895
2026-08-03T00:33:16Z,267,11,2,2,2,0,1,1,1,1785717129
2026-08-03T00:33:16Z,268,5,5,18,0,0,1,1,1,1785717176
2026-08-03T00:33:16Z,269,21,8,2,0,0,1,1,1,1785716282
2026-08-03T00:33:16Z,270,18,4,8,1,0,1,1,1,1785714275
2026-08-03T00:33:16Z,271,14,2,3,2,0,1,1,1,1785713445
2026-08-03T00:33:16Z,272,19,8,2,2,0,1,1,1,1785717026
2026-08-03T00:33:16Z,273,11,7,3,1,0,1,1,1,1785716680
2026-08-03T00:33:16Z,274,6,2,11,2,0,1,1,1,1785714188
2026-08-03T00:33:16Z,275,9,0,10,1,3,1,1,1,1785716998
2026-08-03T00:33:16Z,276,5,4,20,2,0,1,1,1,1785716276
2026-08-03T00:33:16Z,277,7,7,13,3,0,1,1,1,1785715280
2026-08-03T00:33:16Z,278,21,3,10,0,0,1,1,1,1785716760
2026-08-03T00:33:16Z,279,10,0,9,0,0,1,1,1,1785715674
2026-08-03T00:33:16Z,280,0,0,29,2,0,1,1,1,1785717161
2026-08-03T00:33:16Z,281,13,0,6,0,0,1,1,1,1785714253
2026-08-03T00:33:16Z,282,18,6,0,0,0,1,1,1,1785713770
2026-08-03T00:33:16Z,283,34,6,1,0,0,1,1,1,1785716920
2026-08-03T00:33:16Z,284,23,3,11,1,0,1,1,1,1785716117
2026-08-03T00:33:16Z,285,9,3,13,1,0,1,1,1,1785717165
2026-08-03T00:33:16Z,286,3,2,18,2,0,1,1,1,1785716436
2026-08-03T00:33:16Z,287,6,1,16,1,0,1,1,1,1785715201
2026-08-03T00:33:16Z,288,4,4,15,0,0,1,1,1,1785716390
2026-08-03T00:33:16Z,289,6,3,19,2,0,1,1,1,1785717086
2026-08-03T00:33:16Z,290,13,3,24,2,0,1,1,1,1785716957
2026-08-03T00:33:16Z,291,8,1,14,1,0,1,1,1,1785717152
2026-08-03T00:33:16Z,292,13,2,10,0,0,1,1,1,1785716789
2026-08-03T00:33:16Z,293,5,2,18,0,0,1,1,1,1785715904
2026-08-03T00:33:16Z,294,15,2,2,5,0,1,1,1,1785717176
2026-08-03T00:33:16Z,297,2,0,15,1,1,1,1,1,1785716593
2026-08-03T00:33:16Z,301,8,0,11,0,0,1,1,1,1785714495
2026-08-03T00:33:16Z,302,6,0,17,0,0,1,1,1,1785715280
2026-08-03T00:33:16Z,303,9,2,10,0,0,1,1,1,1785716722
2026-08-03T00:33:16Z,304,0,0,0,0,0,0,1,1,86400
2026-08-03T00:33:16Z,305,6,0,11,2,0,1,1,1,1785716756
2026-08-03T00:33:16Z,306,16,1,16,0,0,1,1,1,1785716013
2026-08-03T00:33:16Z,307,2,0,21,0,0,1,1,1,1785711729
2026-08-03T00:33:16Z,308,4,0,14,1,0,1,1,1,1785714579
2026-08-03T00:33:16Z,309,12,1,2,0,0,1,1,1,1785716399
2026-08-03T00:33:16Z,311,12,1,3,0,0,1,1,1,1785715454
2026-08-03T00:33:16Z,312,15,11,4,4,0,1,1,1,1785716967
2026-08-03T00:33:16Z,313,7,0,8,0,0,1,1,1,1785714034
2026-08-03T00:33:16Z,314,18,2,1,0,0,1,1,1,1785712608
2026-08-03T00:33:16Z,315,14,2,15,2,0,1,1,1,1785716309
2026-08-03T00:33:16Z,316,23,5,2,5,1,1,1,1,1785716988
2026-08-03T00:33:16Z,317,17,6,11,2,1,1,1,1,1785717101
2026-08-03T00:33:16Z,318,6,3,13,0,0,1,1,1,1785714380
2026-08-03T00:33:16Z,319,11,0,11,1,0,1,1,1,1785716924
2026-08-03T00:33:16Z,320,12,2,6,1,0,1,1,1,1785717132
2026-08-03T00:33:16Z,321,2,0,13,4,0,1,1,1,1785717178
2026-08-03T00:33:16Z,322,13,0,16,0,0,1,1,1,1785717065
2026-08-03T00:33:16Z,323,5,0,13,1,0,1,1,1,1785714618
2026-08-03T00:33:16Z,324,7,0,19,1,0,1,1,1,1785717183
2026-08-03T00:33:16Z,325,6,4,19,2,0,1,1,1,1785716503
2026-08-03T00:33:16Z,327,17,2,10,0,0,1,1,1,1785717129
2026-08-03T00:33:16Z,328,10,0,12,0,0,1,1,1,1785714678
2026-08-03T00:33:16Z,329,16,2,2,1,0,1,1,1,1785716415
2026-08-03T00:33:16Z,330,11,2,10,1,0,1,1,1,1785716364
2026-08-03T00:33:16Z,331,4,1,18,1,0,1,1,1,1785716905
2026-08-03T00:33:16Z,332,7,1,11,1,0,1,1,1,1785712002
2026-08-03T00:33:16Z,333,3,3,19,1,0,1,1,1,1785717021
2026-08-03T00:33:16Z,334,14,6,9,0,0,1,1,1,1785713854
2026-08-03T00:33:16Z,335,10,2,11,1,1,1,1,1,1785712208
2026-08-03T00:33:16Z,336,7,1,12,0,0,1,1,1,1785717156
2026-08-03T00:33:16Z,337,4,1,16,3,0,1,1,1,1785716947
2026-08-03T00:33:16Z,338,9,2,9,1,0,1,1,1,1785717116
2026-08-03T00:33:16Z,339,15,0,7,1,0,1,1,1,1785716938
2026-08-03T00:33:16Z,340,8,2,6,1,0,1,1,1,1785715910
2026-08-03T00:33:16Z,341,1,1,18,0,0,1,1,1,1785715794
2026-08-03T00:33:16Z,342,9,2,3,3,0,1,1,1,1785716556
2026-08-03T00:33:16Z,343,16,8,7,0,0,1,1,1,1785715473
2026-08-03T00:33:16Z,344,3,2,20,0,0,1,1,1,1785716278
2026-08-03T00:33:16Z,345,4,0,15,0,0,1,1,1,1785716435
2026-08-03T00:33:16Z,346,8,2,15,0,0,1,1,1,1785715993
2026-08-03T00:33:16Z,347,33,9,6,5,0,1,1,1,1785717186
2026-08-03T00:33:16Z,348,15,0,7,0,1,1,1,1,1785717153
2026-08-03T00:33:16Z,349,4,0,15,0,0,1,1,1,1785714748
2026-08-03T00:33:16Z,350,9,1,16,1,1,1,1,1,1785716534
2026-08-03T00:33:16Z,351,3,1,18,2,0,1,1,1,1785717120
2026-08-03T00:33:16Z,355,11,4,12,0,0,1,1,1,1785717027
2026-08-03T00:33:16Z,356,5,0,14,0,0,1,1,1,1785716965
2026-08-03T00:33:16Z,357,8,6,11,0,0,1,1,1,1785716577
2026-08-03T00:33:16Z,358,20,3,7,0,0,1,1,1,1785716445
2026-08-03T00:33:16Z,359,10,0,17,0,0,1,1,1,1785716860
2026-08-03T00:33:16Z,360,9,4,10,0,0,1,1,1,1785716621
2026-08-03T00:33:16Z,362,12,5,6,1,0,1,1,1,1785716947
2026-08-03T00:33:16Z,363,7,0,20,0,0,1,1,1,1785716329
2026-08-03T00:33:16Z,364,4,0,13,2,0,1,1,1,1785714209
2026-08-03T00:33:16Z,365,9,7,10,4,0,1,1,1,1785716672
2026-08-03T00:33:16Z,366,4,3,18,1,0,1,1,1,1785716869
2026-08-03T00:33:16Z,367,11,7,7,1,0,1,1,1,1785714874
2026-08-03T00:33:16Z,368,22,0,0,1,0,1,1,1,1785715035
2026-08-03T00:33:16Z,370,22,14,5,0,0,1,1,1,1785716081
2026-08-03T00:33:16Z,371,11,1,6,2,0,1,1,1,1785713638
2026-08-03T00:33:16Z,372,10,2,3,2,0,1,1,1,1785716653
2026-08-03T00:33:16Z,373,11,0,13,3,0,1,1,1,1785716986
2026-08-03T00:33:16Z,374,14,5,4,1,0,1,1,1,1785717109
2026-08-03T00:33:16Z,375,20,2,4,3,0,1,1,1,1785715515
2026-08-03T00:33:16Z,376,13,1,25,1,0,1,1,1,1785716022
2026-08-03T00:33:16Z,377,16,0,10,1,0,1,1,1,1785717120
2026-08-03T00:33:16Z,378,0,0,22,1,1,1,1,1,1785716906
2026-08-03T00:33:16Z,379,22,4,5,0,0,1,1,1,1785717129
2026-08-03T00:33:16Z,380,22,7,1,0,0,1,1,1,1785716936
2026-08-03T00:33:16Z,381,7,0,16,0,0,1,1,1,1785716553
2026-08-03T00:33:16Z,383,3,1,11,1,0,1,1,1,1785716734
2026-08-03T00:33:16Z,384,26,2,1,0,0,1,1,1,1785715621
2026-08-03T00:33:16Z,385,11,1,7,0,0,1,1,1,1785716575
2026-08-03T00:33:16Z,387,15,2,7,1,0,1,1,1,1785715287
2026-08-03T00:33:16Z,388,10,2,37,2,0,1,1,1,1785716576
2026-08-03T00:33:16Z,389,1,0,13,1,0,1,1,1,1785716355
2026-08-03T00:33:16Z,390,24,2,11,0,0,1,1,1,1785716025
2026-08-03T00:33:16Z,391,7,2,8,0,0,1,1,1,1785710470
2026-08-03T00:33:16Z,392,7,2,10,2,0,1,1,1,1785717158
2026-08-03T00:33:16Z,393,1,0,8,2,0,1,1,1,1785709017
2026-08-03T00:33:16Z,394,6,4,5,2,0,1,1,1,1785715167
2026-08-03T00:33:16Z,396,1,1,41,0,0,1,1,1,1785716392
2026-08-03T00:33:16Z,397,19,2,12,0,0,1,1,1,1785714812
2026-08-03T00:33:16Z,399,5,0,10,2,0,1,1,1,1785717118
2026-08-03T00:33:16Z,400,12,9,9,2,0,1,1,1,1785716611
2026-08-03T00:33:16Z,401,6,1,33,0,0,1,1,1,1785716487
2026-08-03T00:33:16Z,403,27,20,2,2,0,1,1,1,1785716956
2026-08-03T00:33:16Z,404,18,1,4,1,0,1,1,1,1785716244
2026-08-03T00:33:16Z,406,20,1,15,0,0,1,1,1,1785716980
2026-08-03T00:33:16Z,407,1,0,33,0,0,1,1,1,1785714657
2026-08-03T00:33:16Z,408,16,6,15,2,0,1,1,1,1785715955
2026-08-03T00:33:16Z,409,2,0,19,2,0,1,1,1,1785712936
2026-08-03T00:33:16Z,413,7,5,15,0,1,1,1,1,1785716339
2026-08-03T00:33:16Z,414,9,1,5,1,0,1,1,1,1785716149
2026-08-03T00:33:16Z,417,14,4,5,0,0,1,1,1,1785715149
2026-08-03T00:33:16Z,418,9,4,5,1,0,1,1,1,1785714473
2026-08-03T00:33:16Z,419,21,0,2,0,0,1,1,1,1785711682
2026-08-03T00:33:16Z,421,8,1,11,0,0,1,1,1,1785714216
2026-08-03T00:33:16Z,422,14,2,13,0,0,1,1,1,1785715188
2026-08-03T00:33:16Z,423,20,0,3,0,0,1,1,1,1785711659
2026-08-03T00:33:16Z,424,5,1,7,3,0,1,1,1,1785717007
2026-08-03T00:33:16Z,425,8,0,13,0,1,1,1,1,1785715300
2026-08-03T00:33:16Z,426,2,0,34,1,0,1,1,1,1785716971
2026-08-03T00:33:16Z,427,7,0,7,1,0,1,1,1,1785717030
2026-08-03T00:33:16Z,428,11,0,8,0,0,1,1,1,1785717126
2026-08-03T00:33:16Z,429,13,2,7,3,0,1,1,1,1785716866
2026-08-03T00:33:16Z,430,20,1,7,4,0,1,1,1,1785716654
2026-08-03T00:33:16Z,431,26,0,7,0,0,1,1,1,1785717151
2026-08-03T00:33:16Z,432,0,0,30,1,0,0,1,1,1785508564
2026-08-03T00:33:16Z,433,9,4,11,3,0,1,1,1,1785713233
2026-08-03T00:33:16Z,437,18,12,0,1,0,1,1,1,1785715113
2026-08-03T00:33:16Z,438,5,1,12,2,0,1,1,1,1785716968
2026-08-03T00:33:16Z,439,6,1,8,1,0,1,1,1,1785716505
2026-08-03T00:33:16Z,440,15,3,0,0,0,1,1,1,1785713607
2026-08-03T00:33:16Z,441,6,1,3,6,0,1,1,1,1785717045
2026-08-03T00:33:16Z,442,5,0,13,1,0,1,1,1,1785716767
2026-08-03T00:33:16Z,443,3,1,24,0,0,1,1,1,1785681142
2026-08-03T00:33:16Z,444,2,1,21,0,0,1,1,1,1785709563
2026-08-03T00:33:16Z,445,8,1,14,1,0,1,1,1,1785716950
2026-08-03T00:33:16Z,446,6,0,17,0,0,1,1,1,1785709514
2026-08-03T00:33:16Z,447,3,0,18,1,1,1,1,1,1785689470
2026-08-03T00:33:16Z,448,2,0,12,1,0,1,1,1,1785715369
2026-08-03T00:33:16Z,452,16,0,2,1,0,1,1,1,1785717122
2026-08-03T00:33:16Z,453,9,5,1,5,0,1,1,1,1785716978
2026-08-03T00:33:16Z,454,13,1,6,0,0,1,1,1,1785717061
2026-08-03T00:33:16Z,455,1,0,38,0,0,1,1,1,1785713306
2026-08-03T00:33:16Z,456,13,0,5,2,0,1,1,1,1785716934
2026-08-03T00:33:16Z,457,12,1,12,3,0,1,1,1,1785716834
2026-08-03T00:33:16Z,458,16,0,5,2,0,1,1,1,1785715090
2026-08-03T00:33:16Z,459,5,2,10,0,0,1,1,1,1785713776
2026-08-03T00:33:16Z,460,14,0,9,0,0,1,1,1,1785716919
2026-08-03T00:33:16Z,461,17,0,2,0,0,1,1,1,1785716338
2026-08-03T00:33:16Z,462,3,2,18,0,0,1,1,1,1785716663
2026-08-03T00:33:16Z,463,14,0,5,0,0,1,1,1,1785716023
2026-08-03T00:33:16Z,464,1,0,12,1,0,1,1,1,1785716968
2026-08-03T00:33:16Z,465,2,0,13,0,0,1,1,1,1785710508
2026-08-03T00:33:16Z,466,1,1,12,2,0,1,1,1,1785716021
2026-08-03T00:33:16Z,467,2,0,17,0,0,1,1,1,1785716327
2026-08-03T00:33:16Z,468,4,0,14,1,0,1,1,1,1785706929
2026-08-03T00:33:16Z,469,8,2,15,0,0,1,1,1,1785715950
2026-08-03T00:33:16Z,470,13,1,1,1,0,1,1,1,1785717181
2026-08-03T00:33:16Z,471,17,0,10,0,0,1,1,1,1785716479
2026-08-03T00:33:16Z,472,13,5,4,2,0,1,1,1,1785717090
2026-08-03T00:33:16Z,473,9,2,9,1,0,1,1,1,1785716674
2026-08-03T00:33:16Z,474,11,0,7,1,0,1,1,1,1785715627
2026-08-03T00:33:16Z,475,9,1,9,1,0,1,1,1,1785717111
2026-08-03T00:33:16Z,477,4,2,11,0,0,1,1,1,1785709578
2026-08-03T00:33:16Z,478,17,1,14,0,0,1,1,1,1785717168
2026-08-03T00:33:16Z,479,15,1,11,1,0,1,1,1,1785715114
2026-08-03T00:33:16Z,480,11,1,0,4,0,1,1,1,1785717099
2026-08-03T00:33:16Z,481,5,0,29,1,0,1,1,1,1785716976
2026-08-03T00:33:16Z,482,13,1,5,1,0,1,1,1,1785716391
2026-08-03T00:33:16Z,483,3,0,22,2,0,1,1,1,1785716938
2026-08-03T00:33:16Z,484,2,1,16,1,0,1,1,1,1785717175
2026-08-03T00:33:16Z,485,6,3,11,1,1,1,1,1,1785717095
2026-08-03T00:33:16Z,486,1,0,23,3,0,1,1,1,1785717174
2026-08-03T00:33:16Z,487,5,1,12,2,0,1,1,1,1785715485
2026-08-03T00:33:16Z,489,8,7,7,0,0,1,1,1,1785715791
2026-08-03T00:33:16Z,490,6,0,9,1,0,1,1,1,1785717168
2026-08-03T00:33:16Z,491,14,1,5,2,0,1,1,1,1785714054
2026-08-03T00:33:16Z,492,5,1,3,3,0,1,1,1,1785717181
2026-08-03T00:33:16Z,493,2,0,25,0,0,1,1,1,1785715490
2026-08-03T00:33:16Z,495,3,0,7,5,0,1,1,1,1785717063
2026-08-03T00:33:16Z,496,5,0,22,0,0,1,1,1,1785716500
2026-08-03T00:33:16Z,497,8,0,10,0,0,1,1,1,1785716916
2026-08-03T00:33:16Z,498,13,2,10,0,0,1,1,1,1785716205
2026-08-03T00:33:16Z,499,11,0,8,0,0,1,1,1,1785715649
2026-08-03T00:33:16Z,500,11,3,3,1,0,1,1,1,1785716524
2026-08-03T00:33:16Z,501,19,12,2,0,0,1,1,1,1785716875
2026-08-03T00:33:16Z,502,8,2,11,0,0,1,1,1,1785714272
2026-08-03T00:33:16Z,503,7,1,22,2,0,1,1,1,1785716633
2026-08-03T00:33:16Z,504,0,0,39,0,0,1,1,1,1785717122
2026-08-03T00:33:16Z,505,11,1,0,1,0,1,1,1,1785715765
2026-08-03T00:33:16Z,511,5,2,17,1,0,1,1,1,1785710308
2026-08-03T00:33:16Z,512,6,0,21,0,0,1,1,1,1785716357
2026-08-03T00:33:16Z,514,9,4,0,2,0,1,1,1,1785711542
2026-08-03T00:33:16Z,515,15,5,3,1,0,1,1,1,1785716310
2026-08-03T00:33:16Z,516,0,0,27,0,0,1,1,1,1785710859
2026-08-03T00:33:16Z,517,7,5,14,2,0,1,1,1,1785716420
2026-08-03T00:33:16Z,518,12,2,1,2,0,1,1,1,1785714756
2026-08-03T00:33:16Z,519,4,0,14,1,0,1,1,1,1785701023
2026-08-03T00:33:16Z,520,13,3,1,12,1,1,1,1,1785717184
2026-08-03T00:33:16Z,521,7,2,16,0,0,1,1,1,1785714252
2026-08-03T00:33:16Z,522,15,0,8,0,0,1,1,1,1785716698
2026-08-03T00:33:16Z,523,3,2,19,1,0,1,1,1,1785711813
2026-08-03T00:33:16Z,524,14,2,8,1,0,1,1,1,1785716870
2026-08-03T00:33:16Z,525,5,0,14,0,0,1,1,1,1785717026
2026-08-03T00:33:16Z,526,3,2,12,0,0,1,1,1,1785715578
2026-08-03T00:33:16Z,527,5,3,21,0,0,1,1,1,1785713521
2026-08-03T00:33:16Z,528,14,3,9,0,0,1,1,1,1785715635
2026-08-03T00:33:16Z,530,14,1,4,3,0,1,1,1,1785715613
2026-08-03T00:33:16Z,531,20,2,2,0,1,1,1,1,1785714421
2026-08-03T00:33:16Z,532,12,4,18,1,0,1,1,1,1785715115
2026-08-03T00:33:16Z,533,7,0,11,1,0,1,1,1,1785713414
2026-08-03T00:33:16Z,534,1,1,21,1,0,1,1,1,1785715414
2026-08-03T00:33:16Z,535,5,0,10,0,0,1,1,1,1785715870
2026-08-03T00:33:16Z,536,4,0,19,0,0,1,1,1,1785716141
2026-08-03T00:33:16Z,537,12,4,8,0,0,1,1,1,1785716224
2026-08-03T00:33:16Z,538,4,2,17,1,1,1,1,1,1785717126
2026-08-03T00:33:16Z,539,8,0,21,2,0,1,1,1,1785714126
2026-08-03T00:33:16Z,540,10,4,9,0,0,1,1,1,1785716408
2026-08-03T00:33:16Z,541,26,1,0,1,0,1,1,1,1785715562
2026-08-03T00:33:16Z,542,11,3,12,0,0,1,1,1,1785715050
2026-08-03T00:33:16Z,543,3,0,14,2,0,1,1,1,1785716473
2026-08-03T00:33:16Z,544,12,2,7,3,0,1,1,1,1785714910
2026-08-03T00:33:16Z,545,14,0,1,4,0,1,1,1,1785716893
2026-08-03T00:33:16Z,546,7,2,12,0,0,1,1,1,1785716942
2026-08-03T00:33:16Z,547,8,1,17,0,0,1,1,1,1785717185
2026-08-03T00:33:16Z,548,16,0,7,0,0,1,1,1,1785713924
2026-08-03T00:33:16Z,549,11,0,12,0,0,1,1,1,1785716703
2026-08-03T00:33:16Z,550,5,3,14,0,0,1,1,1,1785716500
2026-08-03T00:33:16Z,551,4,3,19,0,0,1,1,1,1785705192
2026-08-03T00:33:16Z,552,22,1,4,1,0,1,1,1,1785715315
2026-08-03T00:33:16Z,553,2,0,21,0,0,1,1,1,1785716997
2026-08-03T00:33:16Z,554,8,4,10,1,0,1,1,1,1785715676
2026-08-03T00:33:16Z,555,6,3,8,1,0,1,1,1,1785713038
2026-08-03T00:33:16Z,556,20,3,1,2,0,1,1,1,1785717028
2026-08-03T00:33:16Z,557,5,1,16,2,0,1,1,1,1785715655
2026-08-03T00:33:16Z,558,19,0,18,0,0,1,1,1,1785716972
2026-08-03T00:33:16Z,559,4,1,14,1,0,1,1,1,1785705795
2026-08-03T00:33:16Z,560,8,0,17,2,0,1,1,1,1785716355
2026-08-03T00:33:16Z,561,10,2,12,1,0,1,1,1,1785716786
2026-08-03T00:33:16Z,562,2,2,30,3,0,1,1,1,1785714901
2026-08-03T00:33:16Z,563,6,0,8,0,0,1,1,1,1785714500
2026-08-03T00:33:16Z,564,17,0,2,0,0,1,1,1,1785710611
2026-08-03T00:33:16Z,565,3,0,16,0,0,1,1,1,1785717117
2026-08-03T00:33:16Z,566,5,0,13,1,0,1,1,1,1785717029
2026-08-03T00:33:16Z,567,3,0,22,2,0,1,1,1,1785716172
2026-08-03T00:33:16Z,568,11,0,7,1,0,1,1,1,1785715634
2026-08-03T00:33:16Z,569,1,1,18,0,0,1,1,1,1785715522
2026-08-03T00:33:16Z,570,1,0,17,1,0,1,1,1,1785716868
2026-08-03T00:33:16Z,571,11,2,11,1,0,1,1,1,1785716164
2026-08-03T00:33:16Z,572,12,4,6,1,0,1,1,1,1785717089
2026-08-03T00:33:16Z,573,5,3,9,1,0,1,1,1,1785714452
2026-08-03T00:33:16Z,574,4,0,11,0,0,1,1,1,1785713784
2026-08-03T00:33:16Z,575,10,1,10,1,0,1,1,1,1785715533
2026-08-03T00:33:16Z,576,16,0,3,0,0,1,1,1,1785712044
2026-08-03T00:33:16Z,577,11,0,20,0,0,1,1,1,1785716927
2026-08-03T00:33:16Z,578,9,2,13,1,0,1,1,1,1785716813
2026-08-03T00:33:16Z,579,9,1,34,0,0,1,1,1,1785715909
2026-08-03T00:33:16Z,580,1,0,27,1,0,1,1,1,1785714651
2026-08-03T00:33:16Z,581,6,0,12,1,0,1,1,1,1785717114
2026-08-03T00:33:16Z,582,22,2,37,2,0,1,1,1,1785717170
2026-08-03T00:33:16Z,583,5,2,17,1,0,1,1,1,1785717033
2026-08-03T00:33:16Z,584,6,1,9,4,0,1,1,1,1785715624
2026-08-03T00:33:16Z,585,19,1,7,0,1,1,1,1,1785714556
2026-08-03T00:33:16Z,586,28,3,7,0,0,1,1,1,1785716634
2026-08-03T00:33:16Z,587,6,0,17,1,0,1,1,1,1785716751
2026-08-03T00:33:16Z,588,0,0,0,13,6,1,1,1,1785717165
2026-08-03T00:33:16Z,589,9,5,13,0,0,1,1,1,1785715718
2026-08-03T00:33:16Z,590,16,1,15,0,0,1,1,1,1785715654
2026-08-03T00:33:16Z,591,18,2,10,2,0,1,1,1,1785715884
2026-08-03T00:33:16Z,592,4,0,19,0,0,1,1,1,1785714626
2026-08-03T00:33:16Z,593,6,0,32,0,0,1,1,1,1785717074
2026-08-03T00:33:16Z,594,0,0,19,2,0,1,1,1,1785714994
2026-08-03T00:33:16Z,595,0,0,3,0,0,0,1,1,1784046673
2026-08-03T00:33:16Z,605,0,0,2,1,0,0,1,1,1783975843
2026-08-03T00:33:16Z,606,0,0,0,0,0,0,1,1,86400
2026-08-03T00:33:16Z,607,27,0,3,2,0,1,1,1,1785716781
2026-08-03T00:33:16Z,608,3,3,47,0,0,1,1,1,1785714316
2026-08-03T00:33:16Z,609,10,7,13,0,0,1,1,1,1785716358
2026-08-03T00:33:16Z,610,1,0,34,0,0,1,1,1,1785712863
2026-08-03T00:33:16Z,611,1,1,26,0,0,1,1,1,1785716479
2026-08-03T00:33:16Z,612,6,2,9,0,0,1,1,1,1785711987
2026-08-03T00:33:16Z,613,4,1,9,2,0,1,1,1,1785716568
2026-08-03T00:33:16Z,614,8,5,15,3,1,1,1,1,1785715099
2026-08-03T00:33:16Z,617,8,0,6,1,0,1,1,1,1785715256
2026-08-03T00:33:16Z,618,10,5,5,4,0,1,1,1,1785714686
2026-08-03T00:33:16Z,619,16,1,3,0,0,1,1,1,1785716718
2026-08-03T00:33:16Z,620,4,0,23,0,0,1,1,1,1785715762
2026-08-03T00:33:16Z,621,17,0,6,0,0,1,1,1,1785716374
2026-08-03T00:33:16Z,622,10,3,11,2,0,1,1,1,1785714422
2026-08-03T00:33:16Z,623,1,0,28,1,0,1,1,1,1785713834
2026-08-03T00:33:16Z,624,0,0,14,1,0,1,1,1,1785707524
2026-08-03T00:33:16Z,625,7,3,8,6,0,1,1,1,1785714610
2026-08-03T00:33:16Z,626,0,0,45,0,2,1,1,1,1785713372
2026-08-03T00:33:16Z,627,11,7,8,0,0,1,1,1,1785705519
2026-08-03T00:33:16Z,628,11,5,5,2,1,1,1,1,1785717110
2026-08-03T00:33:16Z,629,5,4,5,1,0,1,1,1,1785716977
2026-08-03T00:33:16Z,630,13,0,10,4,0,1,1,1,1785717081
2026-08-03T00:33:16Z,631,4,0,19,0,0,1,1,1,1785712383
2026-08-03T00:33:16Z,632,12,2,8,3,0,1,1,1,1785712132
2026-08-03T00:33:16Z,633,9,2,5,1,0,1,1,1,1785714698
2026-08-03T00:33:16Z,634,8,2,11,0,0,1,1,1,1785702562
2026-08-03T00:33:16Z,635,17,4,2,0,0,1,1,1,1785713770
2026-08-03T00:33:16Z,636,11,1,4,0,0,1,1,1,1785696307
2026-08-03T00:33:16Z,637,12,8,4,3,0,1,1,1,1785710473
2026-08-03T00:33:16Z,638,8,3,8,3,0,1,1,1,1785713067
2026-08-03T00:33:16Z,639,7,1,10,2,0,1,1,1,1785717097
2026-08-03T00:33:16Z,640,16,11,5,2,0,1,1,1,1785717043
2026-08-03T00:33:16Z,641,15,0,11,1,0,1,1,1,1785717041
2026-08-03T00:33:16Z,642,1,1,4,11,3,1,1,1,1785717182
2026-08-03T00:33:16Z,643,0,0,19,8,0,1,1,1,1785717185
2026-08-03T00:33:16Z,644,10,4,5,0,0,1,1,1,1785709226
2026-08-03T00:33:16Z,645,18,3,4,0,1,1,1,1,1785717179
2026-08-03T00:33:16Z,646,7,0,11,1,0,1,1,1,1785713742
2026-08-03T00:33:16Z,647,21,1,10,0,0,1,1,1,1785714841
2026-08-03T00:33:16Z,648,3,0,15,1,0,1,1,1,1785712172
2026-08-03T00:33:16Z,649,25,1,6,0,0,1,1,1,1785713764
2026-08-03T00:33:16Z,650,4,0,10,0,0,1,1,1,1785701495
2026-08-03T00:33:16Z,651,5,4,18,0,0,1,1,1,1785715426
2026-08-03T00:33:16Z,652,6,3,15,2,0,1,1,1,1785717002
2026-08-03T00:33:16Z,653,14,1,4,1,0,1,1,1,1785717011
2026-08-03T00:33:16Z,654,3,2,11,1,0,1,1,1,1785715993
2026-08-03T00:33:16Z,655,0,0,1,8,4,1,1,1,1785716977
2026-08-03T00:33:16Z,656,15,0,4,0,0,1,1,1,1785717156
2026-08-03T00:33:16Z,657,1,0,11,3,2,1,1,1,1785717008
2026-08-03T00:33:16Z,658,4,0,1,4,1,1,1,1,1785716988
2026-08-03T00:33:16Z,659,9,7,4,2,0,1,1,1,1785714245
2026-08-03T00:33:16Z,660,18,1,6,7,0,1,1,1,1785717185
2026-08-03T00:33:16Z,661,8,2,9,2,0,1,1,1,1785716165
2026-08-03T00:33:16Z,662,6,4,15,2,0,1,1,1,1785715879
2026-08-03T00:33:16Z,663,8,1,7,0,0,1,1,1,1785715561
2026-08-03T00:33:16Z,664,2,0,25,0,0,1,1,1,1785716538
2026-08-03T00:33:16Z,665,6,1,9,0,0,1,1,1,1785716408
2026-08-03T00:33:16Z,666,6,2,6,3,0,1,1,1,1785712008
2026-08-03T00:33:16Z,667,7,1,11,1,0,1,1,1,1785716897
2026-08-03T00:33:16Z,668,13,0,6,0,0,1,1,1,1785716984
2026-08-03T00:33:16Z,669,1,0,12,1,0,1,1,1,1785713598
2026-08-03T00:33:16Z,670,19,2,6,2,0,1,1,1,1785716126
2026-08-03T00:33:16Z,671,22,2,4,1,0,1,1,1,1785716440
2026-08-03T00:33:16Z,672,15,1,4,3,1,1,1,1,1785714183
2026-08-03T00:33:16Z,673,19,1,3,1,0,1,1,1,1785716960
2026-08-03T00:33:16Z,674,0,0,20,3,0,1,1,1,1785716944
2026-08-03T00:33:16Z,675,7,6,6,2,0,1,1,1,1785716899
2026-08-03T00:33:16Z,676,12,1,10,0,0,1,1,1,1785716927
2026-08-03T00:33:16Z,681,13,5,1,0,1,1,1,1,1785717045
2026-08-03T00:33:16Z,682,3,1,15,1,0,1,1,1,1785683408
2026-08-03T00:33:16Z,683,5,3,14,0,0,1,1,1,1785716516
2026-08-03T00:33:16Z,684,1,0,26,0,0,1,1,1,1785660807
2026-08-03T00:33:16Z,685,5,1,20,1,1,1,1,1,1785705171
2026-08-03T00:33:16Z,686,10,0,15,2,0,1,1,1,1785717037
2026-08-03T00:33:16Z,687,12,1,16,2,1,1,1,1,1785717159
2026-08-03T00:33:16Z,688,12,5,7,0,0,1,1,1,1785716951
2026-08-03T00:33:16Z,692,11,6,9,1,0,1,1,1,1785716388
2026-08-03T00:33:16Z,693,7,1,1,3,0,1,1,1,1785717131
2026-08-03T00:33:16Z,694,5,1,16,0,0,1,1,1,1785715606
2026-08-03T00:33:16Z,695,19,9,4,0,0,1,1,1,1785716309
2026-08-03T00:33:16Z,696,17,10,6,0,0,1,1,1,1785716113
2026-08-03T00:33:16Z,697,9,2,13,1,0,1,1,1,1785717131
2026-08-03T00:33:16Z,698,15,2,11,1,0,1,1,1,1785717143
2026-08-03T00:33:16Z,699,8,0,7,0,0,1,1,1,1785715721
2026-08-03T00:33:16Z,700,13,0,3,3,0,1,1,1,1785716757
2026-08-03T00:33:16Z,701,10,2,9,0,0,1,1,1,1785715903
2026-08-03T00:33:16Z,702,20,0,3,0,0,1,1,1,1785716436
2026-08-03T00:33:16Z,704,8,3,7,0,0,1,1,1,1785716869
2026-08-03T00:33:16Z,705,9,3,5,1,0,1,1,1,1785716326
2026-08-03T00:33:16Z,706,12,4,1,2,0,1,1,1,1785715773
2026-08-03T00:33:16Z,707,14,1,0,1,0,1,1,1,1785691406
2026-08-03T00:33:16Z,708,12,0,7,0,0,1,1,1,1785716661
2026-08-03T00:33:16Z,709,10,3,4,1,0,1,1,1,1785716608
2026-08-03T00:33:16Z,710,12,3,7,0,0,1,1,1,1785715898
2026-08-03T00:33:16Z,711,9,4,11,3,0,1,1,1,1785716852
2026-08-03T00:33:16Z,712,3,0,11,1,0,1,1,1,1785716476
2026-08-03T00:33:16Z,713,6,1,17,0,0,1,1,1,1785717175
2026-08-03T00:33:16Z,716,5,4,9,1,0,1,1,1,1785716096
2026-08-03T00:33:16Z,717,13,6,11,1,0,1,1,1,1785716427
2026-08-03T00:33:16Z,718,7,2,8,0,0,1,1,1,1785715573
2026-08-03T00:33:16Z,719,19,0,10,0,0,1,1,1,1785715697
2026-08-03T00:33:16Z,720,6,2,13,0,0,1,1,1,1785716238
2026-08-03T00:33:16Z,721,15,1,7,1,0,1,1,1,1785715710
2026-08-03T00:33:16Z,722,7,0,7,1,0,1,1,1,1785716073
2026-08-03T00:33:16Z,723,11,2,12,0,0,1,1,1,1785716860
2026-08-03T00:33:16Z,724,2,0,21,0,0,1,1,1,1785715810
2026-08-03T00:33:16Z,725,10,0,13,0,0,1,1,1,1785715506
2026-08-03T00:33:16Z,726,7,1,11,1,0,1,1,1,1785717123
2026-08-03T00:33:16Z,727,9,5,13,1,0,1,1,1,1785715676
2026-08-03T00:33:16Z,728,7,1,7,1,0,1,1,1,1785716523
2026-08-03T00:33:16Z,729,11,0,8,0,0,1,1,1,1785712209
2026-08-03T00:33:16Z,730,7,4,8,0,0,1,1,1,1785717127
2026-08-03T00:33:16Z,731,10,0,3,2,0,1,1,1,1785716418
2026-08-03T00:33:16Z,732,10,1,5,0,0,1,1,1,1785716128
2026-08-03T00:33:16Z,733,1,0,25,1,0,1,1,1,1785716829
2026-08-03T00:33:16Z,734,11,2,3,0,0,1,1,1,1785716977
2026-08-03T00:33:16Z,735,8,1,18,1,0,1,1,1,1785716569
2026-08-03T00:33:16Z,736,17,1,2,0,0,1,1,1,1785716854
2026-08-03T00:33:16Z,737,5,2,8,1,1,1,1,1,1785717179
2026-08-03T00:33:16Z,738,17,1,1,1,0,1,1,1,1785716841
2026-08-03T00:33:16Z,739,9,2,17,1,0,1,1,1,1785715421
2026-08-03T00:33:16Z,741,7,0,16,0,0,1,1,1,1785716792
2026-08-03T00:33:16Z,742,14,3,21,0,0,1,1,1,1785717167
2026-08-03T00:33:16Z,743,8,1,10,1,0,1,1,1,1785716666
2026-08-03T00:33:16Z,744,4,1,10,1,0,1,1,1,1785716628
2026-08-03T00:33:16Z,745,7,2,10,2,0,1,1,1,1785715412
2026-08-03T00:33:16Z,746,5,2,18,0,0,1,1,1,1785716550
2026-08-03T00:33:16Z,747,0,0,4,0,0,0,1,1,1783446606
2026-08-03T00:33:16Z,748,9,0,14,0,0,1,1,1,1785716482
2026-08-03T00:33:16Z,749,17,3,6,0,0,1,1,1,1785716872
2026-08-03T00:33:16Z,750,7,5,4,0,0,1,1,1,1785715903
2026-08-03T00:33:16Z,751,16,9,6,1,0,1,1,1,1785716668
2026-08-03T00:33:16Z,752,7,6,9,1,0,1,1,1,1785716355
2026-08-03T00:33:16Z,753,6,1,9,0,0,1,1,1,1785717034
2026-08-03T00:33:16Z,754,2,0,13,0,0,1,1,1,1785715404
2026-08-03T00:33:16Z,755,15,4,6,2,0,1,1,1,1785716184
2026-08-03T00:33:16Z,756,12,4,24,1,0,1,1,1,1785717049
2026-08-03T00:33:16Z,757,14,9,4,1,0,1,1,1,1785716171
2026-08-03T00:33:16Z,758,18,2,5,0,0,1,1,1,1785716034
2026-08-03T00:33:16Z,759,6,5,9,0,0,1,1,1,1785715857
2026-08-03T00:33:16Z,760,6,1,13,0,0,1,1,1,1785679974
2026-08-03T00:33:16Z,761,19,7,4,0,0,1,1,1,1785717123
2026-08-03T00:33:16Z,762,6,2,7,2,0,1,1,1,1785716216
2026-08-03T00:33:16Z,768,12,1,4,3,0,1,1,1,1785715703
2026-08-03T00:33:16Z,769,16,11,3,0,0,1,1,1,1785717029
2026-08-03T00:33:16Z,770,7,2,10,2,0,1,1,1,1785717070
2026-08-03T00:33:16Z,771,12,2,2,1,0,1,1,1,1785716320
2026-08-03T00:33:16Z,772,13,2,1,1,0,1,1,1,1785716780
2026-08-03T00:33:16Z,773,7,5,11,1,0,1,1,1,1785717057
2026-08-03T00:33:16Z,774,12,6,2,1,0,1,1,1,1785716788
2026-08-03T00:33:16Z,775,7,0,10,2,0,1,1,1,1785717124
2026-08-03T00:33:16Z,776,3,0,17,1,0,1,1,1,1785716350
2026-08-03T00:33:16Z,777,4,1,11,0,0,1,1,1,1785716963
2026-08-03T00:33:16Z,778,11,1,8,0,0,1,1,1,1785716916
2026-08-03T00:33:16Z,779,13,0,6,0,0,1,1,1,1785716932
2026-08-03T00:33:16Z,780,15,4,2,2,0,1,1,1,1785716944
2026-08-03T00:33:16Z,781,1,1,6,4,0,1,1,1,1785717133
2026-08-03T00:33:16Z,782,7,1,10,2,0,1,1,1,1785716762
2026-08-03T00:33:16Z,783,6,1,12,1,0,1,1,1,1785715770
2026-08-03T00:33:16Z,784,0,0,17,2,0,1,1,1,1785715738
2026-08-03T00:33:16Z,785,11,2,2,6,0,1,1,1,1785716332
2026-08-03T00:33:16Z,786,6,3,13,0,0,1,1,1,1785715935
2026-08-03T00:33:16Z,787,4,3,10,1,0,1,1,1,1785716952
2026-08-03T00:33:16Z,788,4,3,11,0,0,1,1,1,1785716948
2026-08-03T00:33:16Z,789,8,3,5,2,0,1,1,1,1785716291
2026-08-03T00:33:16Z,790,5,3,18,0,0,1,1,1,1785715976
2026-08-03T00:33:16Z,791,16,3,2,0,1,1,1,1,1785715455
2026-08-03T00:33:16Z,793,5,1,9,1,0,1,1,1,1785716340
2026-08-03T00:33:16Z,794,17,4,8,4,0,1,1,1,1785716000
2026-08-03T00:33:16Z,796,10,1,8,1,0,1,1,1,1785716641
2026-08-03T00:33:16Z,797,1,0,14,0,0,1,1,1,1785709083
2026-08-03T00:33:16Z,798,0,0,23,2,0,1,1,1,1785717100
2026-08-03T00:33:16Z,799,6,0,10,3,0,1,1,1,1785716592
2026-08-03T00:33:16Z,800,11,1,8,2,0,1,1,1,1785717093
2026-08-03T00:33:16Z,801,9,8,11,1,0,1,1,1,1785716800
2026-08-03T00:33:16Z,802,6,2,23,2,0,1,1,1,1785715781
2026-08-03T00:33:16Z,803,5,0,9,1,0,1,1,1,1785716227
2026-08-03T00:33:16Z,806,1,0,13,1,0,1,1,1,1785716869
2026-08-03T00:33:16Z,807,13,3,12,0,0,1,1,1,1785715621
2026-08-03T00:33:16Z,808,6,1,17,2,0,1,1,1,1785714464
2026-08-03T00:33:16Z,809,4,1,18,1,0,1,1,1,1785716760
2026-08-03T00:33:16Z,810,6,1,11,2,0,1,1,1,1785717007
2026-08-03T00:33:16Z,815,3,3,9,2,1,1,1,1,1785716042
2026-08-03T00:33:16Z,817,11,2,4,0,0,1,1,1,1785716933
2026-08-03T00:33:16Z,818,6,0,17,0,0,1,1,1,1785715782
2026-08-03T00:33:16Z,819,9,0,6,0,0,1,1,1,1785704866
2026-08-03T00:33:16Z,820,15,2,2,0,0,1,1,1,1785715498
2026-08-03T00:33:16Z,821,1,0,13,1,0,1,1,1,1785716525
2026-08-03T00:33:16Z,822,2,2,21,0,0,1,1,1,1785716744
2026-08-03T00:33:16Z,823,4,0,11,0,0,1,1,1,1785715989
2026-08-03T00:33:16Z,824,17,14,1,1,0,1,1,1,1785716764
2026-08-03T00:33:16Z,825,6,2,9,0,0,1,1,1,1785716526
2026-08-03T00:33:16Z,826,16,2,1,2,0,1,1,1,1785715980
2026-08-03T00:33:16Z,827,8,2,12,1,0,1,1,1,1785717008
2026-08-03T00:33:16Z,828,16,1,2,0,0,1,1,1,1785717183
2026-08-03T00:33:16Z,829,19,8,8,0,0,1,1,1,1785716124
2026-08-03T00:33:16Z,830,4,1,18,1,0,1,1,1,1785715548
2026-08-03T00:33:16Z,831,7,5,7,1,0,1,1,1,1785715761
2026-08-03T00:33:16Z,832,0,0,16,2,0,1,1,1,1785716355
2026-08-03T00:33:16Z,833,6,2,11,2,0,1,1,1,1785717155
2026-08-03T00:33:16Z,834,2,0,21,1,0,1,1,1,1785716116
2026-08-03T00:33:16Z,835,5,1,11,2,0,1,1,1,1785716111
2026-08-03T00:33:16Z,838,7,4,8,0,0,1,1,1,1785716578
2026-08-03T00:33:16Z,839,1,0,28,0,0,1,1,1,1785716367
2026-08-03T00:33:16Z,840,19,3,8,2,0,1,1,1,1785716053
2026-08-03T00:33:16Z,841,3,0,10,2,0,1,1,1,1785715733
2026-08-03T00:33:16Z,842,9,2,14,0,0,1,1,1,1785716225
2026-08-03T00:33:16Z,843,21,2,9,1,0,1,1,1,1785716480
2026-08-03T00:33:16Z,844,1,0,22,0,0,1,1,1,1785717175
2026-08-03T00:33:16Z,845,6,3,10,3,0,1,1,1,1785716396
2026-08-03T00:33:16Z,846,1,0,15,3,0,1,1,1,1785716662
2026-08-03T00:33:16Z,847,7,1,19,1,0,1,1,1,1785715924
2026-08-03T00:33:16Z,848,5,0,13,1,0,1,1,1,1785717168
2026-08-03T00:33:16Z,849,0,0,14,1,0,1,1,1,1785717000
2026-08-03T00:33:16Z,850,8,0,2,1,0,1,1,1,1785716787
2026-08-03T00:33:16Z,851,22,6,12,3,0,1,1,1,1785716534
2026-08-03T00:33:16Z,852,12,7,7,0,0,1,1,1,1785715911
2026-08-03T00:33:16Z,853,9,4,14,0,0,1,1,1,1785715519
2026-08-03T00:33:16Z,854,9,1,6,0,0,1,1,1,1785715701
2026-08-03T00:33:16Z,855,12,0,15,0,0,1,1,1,1785713020
2026-08-03T00:33:16Z,857,16,11,0,3,0,1,1,1,1785699207
2026-08-03T00:33:16Z,858,5,2,13,1,0,1,1,1,1785716705
2026-08-03T00:33:16Z,859,11,4,9,1,0,1,1,1,1785717033
2026-08-03T00:33:16Z,861,8,1,2,1,0,1,1,1,1785683161
2026-08-03T00:33:16Z,862,10,2,4,1,0,1,1,1,1785715796
2026-08-03T00:33:16Z,863,16,3,2,1,0,1,1,1,1785712746
2026-08-03T00:33:16Z,866,7,0,11,1,0,1,1,1,1785716514
2026-08-03T00:33:16Z,867,7,2,8,0,0,1,1,1,1785715389
2026-08-03T00:33:16Z,868,6,0,8,1,0,1,1,1,1785715797
2026-08-03T00:33:16Z,870,8,2,7,0,0,1,1,1,1785716048
2026-08-03T00:33:16Z,871,0,0,10,1,0,1,1,1,1785716973
2026-08-03T00:33:16Z,872,0,0,14,1,0,1,1,1,1785717143
2026-08-03T00:33:16Z,873,1,1,31,1,0,1,1,1,1785716979
2026-08-03T00:33:16Z,874,6,1,6,3,0,1,1,1,1785715946
2026-08-03T00:33:16Z,875,9,7,5,1,0,1,1,1,1785715458
2026-08-03T00:33:16Z,877,12,12,7,0,0,1,1,1,1785716065
2026-08-03T00:33:16Z,878,4,4,15,0,0,1,1,1,1785716532
2026-08-03T00:33:16Z,879,3,2,16,0,0,1,1,1,1785715510
2026-08-03T00:33:16Z,880,5,1,16,2,0,1,1,1,1785715964
2026-08-03T00:33:16Z,881,7,3,12,0,0,1,1,1,1785716437
2026-08-03T00:33:16Z,882,9,4,9,1,0,1,1,1,1785672846
2026-08-03T00:33:16Z,883,11,5,8,0,0,1,1,1,1785716293
2026-08-03T00:33:16Z,884,9,4,12,0,0,1,1,1,1785716117
2026-08-03T00:33:16Z,885,4,1,15,0,0,1,1,1,1785689211
2026-08-03T00:33:16Z,886,22,5,5,0,0,1,1,1,1785716928
2026-08-03T00:33:16Z,887,5,2,10,2,0,1,1,1,1785716481
2026-08-03T00:33:16Z,888,5,3,34,2,0,1,1,1,1785717084
2026-08-03T00:33:16Z,889,1,0,16,1,1,1,1,1,1785717051
2026-08-03T00:33:16Z,890,8,1,6,1,0,1,1,1,1785707949
2026-08-03T00:33:16Z,891,20,0,2,1,0,1,1,1,1785715835
2026-08-03T00:33:16Z,892,11,2,4,0,0,1,1,1,1785715304
2026-08-03T00:33:16Z,895,3,0,16,0,0,1,1,1,1785690376
2026-08-03T00:33:16Z,896,5,0,28,2,0,1,1,1,1785717159
2026-08-03T00:33:16Z,897,18,0,3,0,0,1,1,1,1785716415
2026-08-03T00:33:16Z,898,1,0,18,0,0,1,1,1,1785715935
2026-08-03T00:33:16Z,899,12,0,7,0,0,1,1,1,1785716702
2026-08-03T00:33:16Z,900,16,3,10,1,0,1,1,1,1785716598
2026-08-03T00:33:16Z,901,7,0,11,1,0,1,1,1,1785716780
2026-08-03T00:33:16Z,902,3,0,12,0,0,1,1,1,1785715663
2026-08-03T00:33:16Z,903,15,0,3,1,0,1,1,1,1785715859
2026-08-03T00:33:16Z,904,10,4,8,1,0,1,1,1,1785716391
2026-08-03T00:33:16Z,905,1,1,26,0,0,1,1,1,1785717066
2026-08-03T00:33:16Z,906,0,0,27,0,0,1,1,1,1785715643
2026-08-03T00:33:16Z,907,14,0,17,0,0,1,1,1,1785716478
2026-08-03T00:33:16Z,908,5,1,18,0,0,1,1,1,1785716560
2026-08-03T00:33:16Z,909,14,4,8,1,0,1,1,1,1785716759
2026-08-03T00:33:16Z,910,12,2,19,0,0,1,1,1,1785716906
2026-08-03T00:33:16Z,911,2,1,17,0,0,1,1,1,1785715860
2026-08-03T00:33:16Z,912,18,0,5,0,0,1,1,1,1785716983
2026-08-03T00:33:16Z,913,6,3,13,0,0,1,1,1,1785716937
2026-08-03T00:33:16Z,914,4,1,15,0,0,1,1,1,1785716550
2026-08-03T00:33:16Z,915,20,1,2,1,0,1,1,1,1785716671
2026-08-03T00:33:16Z,916,19,1,4,0,0,1,1,1,1785716995
2026-08-03T00:33:16Z,917,1,0,34,0,0,1,1,1,1785717079
2026-08-03T00:33:16Z,918,19,5,0,0,0,1,1,1,1785716884
2026-08-03T00:33:16Z,919,13,2,25,1,0,1,1,1,1785717083
2026-08-03T00:33:16Z,920,5,3,14,0,0,1,1,1,1785716535
2026-08-03T00:33:16Z,921,12,0,9,0,0,1,1,1,1785716182
2026-08-03T00:33:16Z,922,5,1,16,0,0,1,1,1,1785715469
2026-08-03T00:33:16Z,923,15,11,4,0,0,1,1,1,1785716900
2026-08-03T00:33:16Z,924,21,3,0,0,0,1,1,1,1785717145
2026-08-03T00:33:16Z,925,10,1,10,1,0,1,1,1,1785716819
2026-08-03T00:33:16Z,926,3,0,18,0,0,1,1,1,1785716570
2026-08-03T00:33:16Z,927,4,3,31,0,0,1,1,1,1785716670
2026-08-03T00:33:16Z,928,0,0,19,0,0,0,1,1,1785500252
2026-08-03T00:33:16Z,929,2,0,21,0,0,1,1,1,1785715897
2026-08-03T00:33:16Z,930,7,0,23,1,0,1,1,1,1785716836
2026-08-03T00:33:16Z,931,2,2,21,0,0,1,1,1,1785716880
2026-08-03T00:33:16Z,932,9,0,7,3,0,1,1,1,1785716397
2026-08-03T00:33:16Z,933,16,1,5,2,0,1,1,1,1785711992
2026-08-03T00:33:16Z,934,9,0,22,0,0,1,1,1,1785716598
2026-08-03T00:33:16Z,935,5,0,12,2,0,1,1,1,1785717042
2026-08-03T00:33:16Z,936,13,0,6,0,0,1,1,1,1785715551
2026-08-03T00:33:16Z,940,1,0,10,0,0,1,1,1,1785711043
2026-08-03T00:33:16Z,941,3,0,20,2,0,1,1,1,1785717146
2026-08-03T00:33:16Z,942,19,4,2,0,0,1,1,1,1785716635
2026-08-03T00:33:16Z,943,9,9,6,0,0,1,1,1,1785715929
2026-08-03T00:33:16Z,944,12,10,3,0,0,1,1,1,1785715907
2026-08-03T00:33:16Z,945,5,5,10,0,0,1,1,1,1785715407
2026-08-03T00:33:16Z,946,7,5,12,0,0,1,1,1,1785683246
2026-08-03T00:33:16Z,947,3,0,14,0,0,1,1,1,1785715914
2026-08-03T00:33:16Z,948,10,9,17,4,0,1,1,1,1785715532
2026-08-03T00:33:16Z,949,2,2,12,1,0,1,1,1,1785715992
2026-08-03T00:33:16Z,950,4,0,11,2,0,1,1,1,1785716211
2026-08-03T00:33:16Z,951,9,1,14,0,0,1,1,1,1785716512
2026-08-03T00:33:16Z,952,39,1,16,0,0,1,1,1,1785717159
2026-08-03T00:33:16Z,953,10,0,5,0,0,1,1,1,1785716804
2026-08-03T00:33:16Z,954,15,4,4,0,0,1,1,1,1785716199
2026-08-03T00:33:16Z,955,11,0,15,1,0,1,1,1,1785716828
2026-08-03T00:33:16Z,956,0,0,23,0,0,1,1,1,1785716190
2026-08-03T00:33:16Z,957,24,0,5,0,0,1,1,1,1785716036
2026-08-03T00:33:16Z,958,16,0,15,0,0,1,1,1,1785715685
2026-08-03T00:33:16Z,959,14,8,8,1,0,1,1,1,1785716583
2026-08-03T00:33:16Z,960,3,0,20,0,0,1,1,1,1785717113
2026-08-03T00:33:16Z,961,15,4,5,3,0,1,1,1,1785716868
2026-08-03T00:33:16Z,962,5,4,27,3,0,1,1,1,1785716953
2026-08-03T00:33:16Z,963,7,0,15,1,0,1,1,1,1785716660
2026-08-03T00:33:16Z,964,23,10,0,0,0,1,1,1,1785716679
2026-08-03T00:33:16Z,965,8,3,17,2,0,1,1,1,1785717071
2026-08-03T00:33:16Z,966,27,2,4,0,0,1,1,1,1785716023
2026-08-03T00:33:16Z,967,9,3,10,1,1,1,1,1,1785716602
2026-08-03T00:33:16Z,968,7,1,12,0,0,1,1,1,1785716252
2026-08-03T00:33:16Z,969,13,2,12,2,0,1,1,1,1785716781
2026-08-03T00:33:16Z,970,9,2,9,1,0,1,1,1,1785716422
2026-08-03T00:33:16Z,971,3,1,19,1,0,1,1,1,1785717177
2026-08-03T00:33:16Z,972,6,4,16,1,0,1,1,1,1785716295
2026-08-03T00:33:16Z,973,9,2,14,0,0,1,1,1,1785716225
2026-08-03T00:33:16Z,974,16,0,11,0,0,1,1,1,1785717181
2026-08-03T00:33:16Z,977,10,3,8,3,0,1,1,1,1785716295
2026-08-03T00:33:16Z,978,8,2,15,0,0,1,1,1,1785716881
2026-08-03T00:33:16Z,979,6,1,11,0,0,1,1,1,1785716894
2026-08-03T00:33:16Z,980,2,0,19,0,0,1,1,1,1785715796
2026-08-03T00:33:16Z,981,0,0,21,0,0,1,1,1,1785715963
2026-08-03T00:33:16Z,982,2,1,14,3,0,1,1,1,1785716092
2026-08-03T00:33:16Z,983,13,2,10,0,0,1,1,1,1785716765
2026-08-03T00:33:16Z,984,6,0,17,0,0,1,1,1,1785716218
2026-08-03T00:33:16Z,985,18,3,12,1,0,1,1,1,1785716952
2026-08-03T00:33:16Z,986,6,2,13,0,0,1,1,1,1785716120
2026-08-03T00:33:16Z,987,7,0,16,0,0,1,1,1,1785716850
2026-08-03T00:33:16Z,988,2,2,17,0,0,1,1,1,1785716369
2026-08-03T00:33:16Z,989,7,5,12,0,0,1,1,1,1785717155
2026-08-03T00:33:16Z,990,13,1,1,1,0,1,1,1,1785716154
2026-08-03T00:33:16Z,991,8,1,9,2,0,1,1,1,1785715813
2026-08-03T00:33:16Z,992,9,3,13,1,0,1,1,1,1785717125
2026-08-03T00:33:16Z,993,20,0,6,1,0,1,1,1,1785715791
2026-08-03T00:33:16Z,994,7,3,13,1,0,1,1,1,1785717165
2026-08-03T00:33:16Z,995,9,2,18,0,0,1,1,1,1785716702
2026-08-03T00:33:16Z,996,5,2,18,0,0,1,1,1,1785716427
2026-08-03T00:33:16Z,997,15,5,6,2,0,1,1,1,1785717036
2026-08-03T00:33:16Z,998,5,2,18,0,0,1,1,1,1785716636
2026-08-03T00:33:16Z,999,8,1,10,2,1,1,1,1,1785716298
2026-08-03T00:33:16Z,1000,0,0,21,0,0,1,1,1,1785717067
2026-08-03T00:33:16Z,1001,9,0,18,0,0,1,1,1,1785716874
2026-08-03T00:33:16Z,1002,5,0,25,1,0,1,1,1,1785716027
2026-08-03T00:33:16Z,1003,1,0,19,3,0,1,1,1,1785716406
2026-08-03T00:33:16Z,1004,11,0,12,0,0,1,1,1,1785715747
2026-08-03T00:33:16Z,1005,23,2,0,0,0,1,1,1,1785716442
2026-08-03T00:33:16Z,1006,15,3,2,2,0,1,1,1,1785715639
2026-08-03T00:33:16Z,1007,3,1,18,0,0,1,1,1,1785715795
2026-08-03T00:33:16Z,1008,8,7,15,0,0,1,1,1,1785715492
2026-08-03T00:33:16Z,1009,20,4,10,1,0,1,1,1,1785715753
2026-08-03T00:33:16Z,1010,7,2,20,0,0,1,1,1,1785716325
2026-08-03T00:33:16Z,1011,7,3,12,0,0,1,1,1,1785716457
2026-08-03T00:33:16Z,1012,5,3,17,1,0,1,1,1,1785716219
2026-08-03T00:33:16Z,1013,4,0,17,2,0,1,1,1,1785716652
2026-08-03T00:33:16Z,1014,7,3,15,1,0,1,1,1,1785716761
2026-08-03T00:33:16Z,1015,6,3,24,1,0,1,1,1,1785715627
2026-08-03T00:33:16Z,1016,10,5,21,0,0,1,1,1,1785716547
2026-08-03T00:33:16Z,1017,16,7,5,0,0,1,1,1,1785715586
2026-08-03T00:33:16Z,1018,3,0,17,2,0,1,1,1,1785716268
2026-08-03T00:33:16Z,1019,7,4,5,3,0,1,1,1,1785715874
2026-08-03T00:33:16Z,1020,10,4,11,0,0,1,1,1,1785715395
2026-08-03T00:33:16Z,1021,8,2,6,1,0,1,1,1,1785716642
2026-08-03T00:33:16Z,1022,15,1,12,0,0,1,1,1,1785716596
2026-08-03T00:33:16Z,1023,12,0,11,0,0,1,1,1,1785716085
2026-08-03T00:33:16Z,1024,2,0,17,0,0,1,1,1,1785716830
2026-08-03T00:33:16Z,1025,3,0,15,0,1,1,1,1,1785716661
2026-08-03T00:33:16Z,1026,14,9,16,1,0,1,1,1,1785715968
2026-08-03T00:33:16Z,1028,5,1,18,0,0,1,1,1,1785716396
2026-08-03T00:33:16Z,1029,9,7,4,2,0,1,1,1,1785717029
2026-08-03T00:33:16Z,1030,13,4,10,0,0,1,1,1,1785717131
2026-08-03T00:33:16Z,1031,10,3,9,0,0,1,1,1,1785715380
2026-08-03T00:33:16Z,1032,10,1,9,0,0,1,1,1,1785716071
2026-08-03T00:33:16Z,1033,11,4,7,1,0,1,1,1,1785716952
2026-08-03T00:33:16Z,1034,0,0,15,0,0,1,1,1,1785715919
2026-08-03T00:33:16Z,1035,0,0,18,1,0,1,1,1,1785716546
2026-08-03T00:33:16Z,1036,14,1,1,0,0,1,1,1,1785716860
2026-08-03T00:33:16Z,1037,2,0,16,1,0,1,1,1,1785716313
2026-08-03T00:33:16Z,1038,3,1,12,0,0,1,1,1,1785715566
2026-08-03T00:33:16Z,1039,2,1,17,0,0,1,1,1,1785716208
2026-08-03T00:33:16Z,1040,13,7,6,0,0,1,1,1,1785716191
2026-08-03T00:33:16Z,1041,14,1,4,1,0,1,1,1,1785715993
2026-08-03T00:33:16Z,1042,4,3,10,1,0,1,1,1,1785715885
2026-08-03T00:33:16Z,1043,13,5,6,0,0,1,1,1,1785716202
2026-08-03T00:33:16Z,1044,0,0,15,0,0,1,1,1,1785715609
2026-08-03T00:33:16Z,1045,11,1,7,1,0,1,1,1,1785716076
2026-08-03T00:33:16Z,1046,9,1,6,0,0,1,1,1,1785717089
2026-08-03T00:33:16Z,1047,9,3,12,0,0,1,1,1,1785716968
2026-08-03T00:33:16Z,1048,3,0,16,0,0,1,1,1,1785716051
2026-08-03T00:33:16Z,1049,4,1,17,0,0,1,1,1,1785716263
2026-08-03T00:33:16Z,1050,15,0,5,1,0,1,1,1,1785715532
2026-08-03T00:33:16Z,1051,11,6,10,1,0,1,1,1,1785717174
2026-08-03T00:33:16Z,1052,20,3,1,1,0,1,1,1,1785716105
2026-08-03T00:33:16Z,1053,1,1,14,0,0,1,1,1,1785717135
2026-08-03T00:33:16Z,1054,13,0,1,1,0,1,1,1,1785716028
2026-08-03T00:33:16Z,1055,16,1,3,0,0,1,1,1,1785716997
2026-08-03T00:33:16Z,1057,8,0,11,0,0,1,1,1,1785715694
2026-08-03T00:33:16Z,1058,7,0,49,0,0,1,1,1,1785716362
2026-08-03T00:33:16Z,1059,5,1,13,1,0,1,1,1,1785715889
2026-08-03T00:33:16Z,1060,22,17,15,0,0,1,1,1,1785717120
2026-08-03T00:33:16Z,1061,30,0,7,0,0,1,1,1,1785716889
2026-08-03T00:33:16Z,1062,11,0,6,0,0,1,1,1,1785717096
2026-08-03T00:33:16Z,1063,9,0,8,2,0,1,1,1,1785717003
2026-08-03T00:33:16Z,1064,6,1,17,0,0,1,1,1,1785716679
2026-08-03T00:33:16Z,1065,12,2,11,0,0,1,1,1,1785716920
2026-08-03T00:33:16Z,1066,13,3,10,0,0,1,1,1,1785716735
2026-08-03T00:33:16Z,1067,8,3,15,0,0,1,1,1,1785715921
2026-08-03T00:33:16Z,1068,5,2,15,3,0,1,1,1,1785717040
2026-08-03T00:33:16Z,1069,12,2,11,0,0,1,1,1,1785716553
2026-08-03T00:33:16Z,1070,11,1,10,2,0,1,1,1,1785716686
2026-08-03T00:33:16Z,1071,6,2,15,2,0,1,1,1,1785716710
2026-08-03T00:33:16Z,1072,9,0,12,2,0,1,1,1,1785717025
2026-08-03T00:33:16Z,1073,26,3,1,0,0,1,1,1,1785716248
2026-08-03T00:33:16Z,1074,24,1,27,2,0,1,1,1,1785716460
2026-08-03T00:33:16Z,1075,9,7,12,0,0,1,1,1,1785715582
2026-08-03T00:33:16Z,1076,11,10,10,0,0,1,1,1,1785715544
2026-08-03T00:33:16Z,1077,11,9,10,0,0,1,1,1,1785716953
2026-08-03T00:33:16Z,1078,10,8,11,0,0,1,1,1,1785715573
2026-08-03T00:33:16Z,1079,10,8,11,0,0,1,1,1,1785716304
2026-08-03T00:33:16Z,1080,10,9,11,0,0,1,1,1,1785716131
2026-08-03T00:33:16Z,1081,11,8,7,1,0,1,1,1,1785716822
2026-08-03T00:33:16Z,1082,15,13,8,0,0,1,1,1,1785716356
2026-08-03T00:33:16Z,1083,10,9,11,0,0,1,1,1,1785716422
2026-08-03T00:33:16Z,1084,9,7,12,0,0,1,1,1,1785716031
2026-08-03T00:33:16Z,1085,12,6,9,0,0,1,1,1,1785716051
2026-08-03T00:33:16Z,1086,9,7,12,0,0,1,1,1,1785716723
2026-08-03T00:33:16Z,1087,10,8,5,0,0,1,1,1,1785717043
2026-08-03T00:33:16Z,1088,7,6,8,0,0,1,1,1,1785716121
2026-08-03T00:33:16Z,1089,9,7,6,0,0,1,1,1,1785715648
2026-08-03T00:33:16Z,1090,10,8,5,0,0,1,1,1,1785716769
2026-08-03T00:33:16Z,1091,9,7,6,0,0,1,1,1,1785716963
2026-08-03T00:33:16Z,1092,10,9,5,0,0,1,1,1,1785716354
2026-08-03T00:33:16Z,1093,9,7,6,0,0,1,1,1,1785716735
2026-08-03T00:33:16Z,1094,13,11,6,0,0,1,1,1,1785716042
2026-08-03T00:33:16Z,1095,10,8,5,0,0,1,1,1,1785715805
2026-08-03T00:33:16Z,1096,7,5,12,0,0,1,1,1,1785716482
2026-08-03T00:33:16Z,1097,9,7,6,0,0,1,1,1,1785716540
2026-08-03T00:33:16Z,1098,10,8,9,0,0,1,1,1,1785715775
2026-08-03T00:33:16Z,1099,8,6,7,0,0,1,1,1,1785715875
2026-08-03T00:33:16Z,1100,9,4,19,1,0,1,1,1,1785703987
2026-08-03T00:33:16Z,1101,8,3,13,0,0,1,1,1,1785715936
2026-08-03T00:33:16Z,1102,10,5,3,0,0,1,1,1,1785716608
2026-08-03T00:33:16Z,1103,11,5,10,0,0,1,1,1,1785661115
2026-08-03T00:33:16Z,1104,10,5,11,0,0,1,1,1,1785715711
2026-08-03T00:33:16Z,1105,7,3,6,0,0,1,1,1,1785716469
2026-08-03T00:33:16Z,1106,10,5,11,0,0,1,1,1,1785716046
2026-08-03T00:33:16Z,1107,9,5,6,0,0,1,1,1,1785716030
2026-08-03T00:33:16Z,1108,7,3,17,3,0,1,1,1,1785717133
2026-08-03T00:33:16Z,1109,10,5,5,0,0,1,1,1,1785715948
2026-08-03T00:33:16Z,1110,13,2,8,0,0,1,1,1,1785715543
2026-08-03T00:33:16Z,1111,12,1,8,1,0,1,1,1,1785716718
2026-08-03T00:33:16Z,1112,25,0,28,0,0,1,1,1,1785717073
2026-08-03T00:33:16Z,1113,2,0,18,1,0,1,1,1,1785717090
2026-08-03T00:33:16Z,1115,5,2,14,4,0,1,1,1,1785716884
2026-08-03T00:33:16Z,1116,5,0,14,0,0,1,1,1,1785716679
2026-08-03T00:33:16Z,1117,20,14,2,1,0,1,1,1,1785717103
2026-08-03T00:33:16Z,1118,1,0,20,0,0,1,1,1,1785715636
2026-08-03T00:33:16Z,1119,16,3,1,0,0,1,1,1,1785717033
2026-08-03T00:33:16Z,1120,9,3,9,1,0,1,1,1,1785716322
2026-08-03T00:33:16Z,1121,8,1,12,1,0,1,1,1,1785715928
2026-08-03T00:33:16Z,1122,14,2,5,2,0,1,1,1,1785716488
2026-08-03T00:33:16Z,1123,2,2,20,1,0,1,1,1,1785716400
2026-08-03T00:33:16Z,1124,6,0,8,1,0,1,1,1,1785716784
2026-08-03T00:33:16Z,1125,20,2,2,1,0,1,1,1,1785716659
2026-08-03T00:33:16Z,1126,21,5,0,0,0,1,1,1,1785716150
2026-08-03T00:33:16Z,1127,14,0,4,1,0,1,1,1,1785716431
2026-08-03T00:33:16Z,1128,14,2,1,0,0,1,1,1,1785715917
2026-08-03T00:33:16Z,1129,8,4,12,1,0,1,1,1,1785715772
2026-08-03T00:33:16Z,1130,11,1,4,0,0,1,1,1,1785716692
2026-08-03T00:33:16Z,1131,0,0,49,0,0,1,1,1,1785716646
2026-08-03T00:33:16Z,1132,17,1,3,1,0,1,1,1,1785716568
2026-08-03T00:33:16Z,1133,11,10,9,1,0,1,1,1,1785715980
2026-08-03T00:33:16Z,1134,9,5,10,0,0,1,1,1,1785716651
2026-08-03T00:33:16Z,1135,10,5,11,0,0,1,1,1,1785715870
2026-08-03T00:33:16Z,1136,21,0,2,0,0,1,1,1,1785716476
2026-08-03T00:33:16Z,1137,4,2,11,0,0,1,1,1,1785716663
2026-08-03T00:33:16Z,1138,7,1,12,0,0,1,1,1,1785716179
2026-08-03T00:33:16Z,1139,13,3,8,0,0,1,1,1,1785716722
2026-08-03T00:33:16Z,1140,5,2,17,1,0,1,1,1,1785716546
2026-08-03T00:33:16Z,1141,6,3,14,1,0,1,1,1,1785715647
2026-08-03T00:33:16Z,1142,0,0,21,0,0,1,1,1,1785716796
2026-08-03T00:33:16Z,1143,20,4,8,1,0,1,1,1,1785716964
2026-08-03T00:33:16Z,1144,6,1,14,1,0,1,1,1,1785716691
2026-08-03T00:33:16Z,1145,10,5,10,1,0,1,1,1,1785716636
2026-08-03T00:33:16Z,1146,9,2,6,4,0,1,1,1,1785717033
2026-08-03T00:33:16Z,1147,4,0,15,0,0,1,1,1,1785716015
2026-08-03T00:33:16Z,1148,28,1,2,1,0,1,1,1,1785716986
2026-08-03T00:33:16Z,1149,17,10,8,0,0,1,1,1,1785716110
2026-08-03T00:33:16Z,1150,7,0,12,0,0,1,1,1,1785717026
2026-08-03T00:33:16Z,1151,8,0,13,0,0,1,1,1,1785716822
2026-08-03T00:33:16Z,1152,2,0,27,0,0,1,1,1,1785716580
2026-08-03T00:33:16Z,1153,4,0,19,0,0,1,1,1,1785716615
2026-08-03T00:33:16Z,1154,12,1,6,1,0,1,1,1,1785715392
2026-08-03T00:33:16Z,1155,12,3,8,1,0,1,1,1,1785716264
2026-08-03T00:33:16Z,1158,2,2,17,0,0,1,1,1,1785715978
2026-08-03T00:33:16Z,1159,13,5,6,0,0,1,1,1,1785716407
2026-08-03T00:33:16Z,1160,7,3,11,1,0,1,1,1,1785716212
2026-08-03T00:33:16Z,1161,4,0,14,1,0,1,1,1,1785716497
2026-08-03T00:33:16Z,1162,5,1,14,0,0,1,1,1,1785716798
2026-08-03T00:33:16Z,1163,3,1,15,1,0,1,1,1,1785716097
2026-08-03T00:33:16Z,1164,5,0,14,0,0,1,1,1,1785716136
2026-08-03T00:33:16Z,1165,11,1,10,0,0,1,1,1,1785716985
2026-08-03T00:33:16Z,1166,13,3,7,1,0,1,1,1,1785716608
2026-08-03T00:33:16Z,1167,3,0,12,0,0,1,1,1,1785715635
2026-08-03T00:33:16Z,1168,6,2,17,0,0,1,1,1,1785716557
2026-08-03T00:33:16Z,1169,3,0,16,0,0,1,1,1,1785715997
2026-08-03T00:33:16Z,1170,6,2,15,0,0,1,1,1,1785716489
2026-08-03T00:33:16Z,1171,8,5,14,1,0,1,1,1,1785716339
2026-08-03T00:33:16Z,1172,6,0,7,2,0,1,1,1,1785716052
2026-08-03T00:33:16Z,1173,12,2,7,0,0,1,1,1,1785716291
2026-08-03T00:33:16Z,1174,5,0,10,0,0,1,1,1,1785715729
2026-08-03T00:33:16Z,1175,2,0,17,0,0,1,1,1,1785715746
2026-08-03T00:33:16Z,1176,10,0,10,0,1,1,1,1,1785715713
2026-08-03T00:33:16Z,1177,5,1,15,1,0,1,1,1,1785716200
2026-08-03T00:33:16Z,1178,3,0,12,0,0,1,1,1,1785715484
2026-08-03T00:33:16Z,1181,10,3,5,0,0,1,1,1,1785713736
2026-08-03T00:33:16Z,1182,9,1,10,1,0,1,1,1,1785716981
2026-08-03T00:33:16Z,1183,5,0,39,1,0,1,1,1,1785717143
2026-08-03T00:33:16Z,1184,6,1,14,1,0,1,1,1,1785716387
2026-08-03T00:33:16Z,1185,9,5,12,0,0,1,1,1,1785715682
2026-08-03T00:33:16Z,1186,8,4,11,0,0,1,1,1,1785716553
2026-08-03T00:33:16Z,1187,11,6,10,0,0,1,1,1,1785715790
2026-08-03T00:33:16Z,1188,11,6,4,0,0,1,1,1,1785716024
2026-08-03T00:33:16Z,1189,9,4,10,0,0,1,1,1,1785716323
2026-08-03T00:33:16Z,1190,12,7,9,0,0,1,1,1,1785715837
2026-08-03T00:33:16Z,1191,9,4,6,0,0,1,1,1,1785716024
2026-08-03T00:33:16Z,1192,9,5,11,1,0,1,1,1,1785716272
2026-08-03T00:33:16Z,1193,8,5,3,2,0,1,1,1,1785716962
2026-08-03T00:33:16Z,1197,6,4,10,1,0,1,1,1,1785716793
2026-08-03T00:33:16Z,1198,16,5,3,2,0,1,1,1,1785716737
2026-08-03T00:33:16Z,1199,3,0,16,0,0,1,1,1,1785716632
2026-08-03T00:33:16Z,1200,10,5,5,0,0,1,1,1,1785716055
2026-08-03T00:33:16Z,1201,11,6,4,0,0,1,1,1,1785716031
2026-08-03T00:33:16Z,1202,10,5,5,0,0,1,1,1,1785716140
2026-08-03T00:33:16Z,1203,10,5,5,0,0,1,1,1,1785716054
2026-08-03T00:33:16Z,1204,10,5,9,0,0,1,1,1,1785715987
2026-08-03T00:33:16Z,1206,10,5,11,0,0,1,1,1,1785717148
2026-08-03T00:33:16Z,1207,8,3,5,2,0,1,1,1,1785716352
2026-08-03T00:33:16Z,1208,9,4,10,0,0,1,1,1,1785716451
2026-08-03T00:33:16Z,1216,3,0,17,1,0,1,1,1,1785715477
2026-08-03T00:33:16Z,1218,9,4,12,0,0,1,1,1,1785715914
2026-08-03T00:33:16Z,1219,5,1,7,3,0,1,1,1,1785715984
2026-08-03T00:33:16Z,1220,15,7,4,0,0,1,1,1,1785715612
2026-08-03T00:33:16Z,1221,3,1,18,0,0,1,1,1,1785717071
2026-08-03T00:33:16Z,1222,5,0,24,0,0,1,1,1,1785716585
2026-08-03T00:33:16Z,1223,29,1,0,0,0,1,1,1,1785716411
2026-08-03T00:33:16Z,1226,0,0,3,0,0,0,1,1,1781868931
2026-08-03T00:33:16Z,1227,5,0,20,0,0,1,1,1,1785716162
2026-08-03T00:33:16Z,1228,23,1,5,1,0,1,1,1,1785716819
2026-08-03T00:33:16Z,1229,34,23,1,10,0,1,1,1,1785715306
