snapshot_utc,station_id,num_bikes_available,num_ebikes_available,num_docks_available,num_bikes_disabled,num_docks_disabled,is_installed,is_renting,is_returning,last_reported
2026-07-05T03:59:05Z,1,3,0,20,0,0,1,1,1,1783223235
2026-07-05T03:59:05Z,2,16,2,11,0,0,1,1,1,1783223797
2026-07-05T03:59:05Z,3,0,0,18,1,0,1,1,1,1783223646
2026-07-05T03:59:05Z,4,11,0,12,0,0,1,1,1,1783223691
2026-07-05T03:59:05Z,5,11,7,11,1,0,1,1,1,1783223771
2026-07-05T03:59:05Z,6,11,1,4,0,0,1,1,1,1783223477
2026-07-05T03:59:05Z,7,0,0,23,0,0,1,1,1,1783222840
2026-07-05T03:59:05Z,8,26,0,17,0,0,1,1,1,1783223933
2026-07-05T03:59:05Z,9,16,1,3,4,0,1,1,1,1783223887
2026-07-05T03:59:05Z,10,9,2,14,0,0,1,1,1,1783221209
2026-07-05T03:59:05Z,11,6,1,13,0,0,1,1,1,1783223382
2026-07-05T03:59:05Z,12,1,0,22,0,0,1,1,1,1783222676
2026-07-05T03:59:05Z,13,21,0,8,1,0,1,1,1,1783223923
2026-07-05T03:59:05Z,14,19,0,24,0,0,1,1,1,1783223491
2026-07-05T03:59:05Z,15,0,0,14,1,0,1,1,1,1783223799
2026-07-05T03:59:05Z,16,14,0,12,1,0,1,1,1,1783219189
2026-07-05T03:59:05Z,17,5,0,21,1,0,1,1,1,1783223800
2026-07-05T03:59:05Z,18,8,0,10,1,0,1,1,1,1783223642
2026-07-05T03:59:05Z,19,3,0,23,1,0,1,1,1,1783223609
2026-07-05T03:59:05Z,20,23,0,4,0,0,1,1,1,1783223511
2026-07-05T03:59:05Z,21,15,0,3,1,0,1,1,1,1783223846
2026-07-05T03:59:05Z,22,53,0,13,1,0,1,1,1,1783223249
2026-07-05T03:59:05Z,23,26,3,5,0,0,1,1,1,1783222544
2026-07-05T03:59:05Z,24,6,0,4,1,0,1,1,1,1783223936
2026-07-05T03:59:05Z,25,33,0,45,2,1,1,1,1,1783223810
2026-07-05T03:59:05Z,26,13,0,14,0,0,1,1,1,1783222175
2026-07-05T03:59:05Z,28,13,1,2,0,0,1,1,1,1783223332
2026-07-05T03:59:05Z,30,23,0,3,1,0,1,1,1,1783223406
2026-07-05T03:59:05Z,31,0,0,19,0,0,1,1,1,1783223897
2026-07-05T03:59:05Z,32,11,1,16,0,0,1,1,1,1783223879
2026-07-05T03:59:05Z,34,7,0,30,0,0,1,1,1,1783222906
2026-07-05T03:59:05Z,35,41,2,4,2,0,1,1,1,1783223898
2026-07-05T03:59:05Z,36,0,0,0,0,0,0,1,1,86400
2026-07-05T03:59:05Z,37,1,0,21,1,0,1,1,1,1783223855
2026-07-05T03:59:05Z,38,14,1,9,0,0,1,1,1,1783223525
2026-07-05T03:59:05Z,39,30,0,1,0,0,1,1,1,1783222421
2026-07-05T03:59:05Z,40,19,3,2,0,0,1,1,1,1783223833
2026-07-05T03:59:05Z,41,5,0,21,1,0,1,1,1,1783223326
2026-07-05T03:59:05Z,42,9,2,22,0,0,1,1,1,1783223789
2026-07-05T03:59:05Z,43,0,0,0,21,2,1,1,1,1783223928
2026-07-05T03:59:05Z,45,1,1,30,0,0,1,1,1,1783223813
2026-07-05T03:59:05Z,46,18,0,10,3,0,1,1,1,1783223858
2026-07-05T03:59:05Z,47,0,0,15,0,0,1,1,1,1783223714
2026-07-05T03:59:05Z,48,10,0,17,0,0,1,1,1,1783223638
2026-07-05T03:59:05Z,49,4,0,15,4,0,1,1,1,1783223936
2026-07-05T03:59:05Z,50,10,5,8,1,0,1,1,1,1783223905
2026-07-05T03:59:05Z,51,28,0,48,2,0,1,1,1,1783222460
2026-07-05T03:59:05Z,52,0,0,25,2,0,1,1,1,1783223012
2026-07-05T03:59:05Z,55,0,0,22,1,0,1,1,1,1783223762
2026-07-05T03:59:05Z,56,2,0,24,1,0,1,1,1,1783222998
2026-07-05T03:59:05Z,57,1,1,25,1,0,1,1,1,1783223616
2026-07-05T03:59:05Z,58,6,2,22,0,0,1,1,1,1783223443
2026-07-05T03:59:05Z,59,0,0,25,2,0,1,1,1,1783223173
2026-07-05T03:59:05Z,61,0,0,38,1,0,1,1,1,1783215384
2026-07-05T03:59:05Z,62,22,3,27,0,0,1,1,1,1783223842
2026-07-05T03:59:05Z,63,14,4,5,0,0,1,1,1,1783222830
2026-07-05T03:59:05Z,64,3,0,13,3,0,1,1,1,1783221052
2026-07-05T03:59:05Z,65,11,3,7,1,0,1,1,1,1783223017
2026-07-05T03:59:05Z,67,11,0,28,0,0,1,1,1,1783223865
2026-07-05T03:59:05Z,68,5,1,31,1,0,1,1,1,1783223691
2026-07-05T03:59:05Z,69,14,2,1,0,0,1,1,1,1783223356
2026-07-05T03:59:05Z,71,0,0,26,1,0,1,1,1,1783223262
2026-07-05T03:59:05Z,72,26,4,4,1,0,1,1,1,1783223855
2026-07-05T03:59:05Z,73,0,0,23,0,0,1,1,1,1783223872
2026-07-05T03:59:05Z,74,5,0,14,0,0,1,1,1,1783222929
2026-07-05T03:59:05Z,75,8,0,27,0,0,1,1,1,1783223911
2026-07-05T03:59:05Z,76,16,1,2,1,0,1,1,1,1783223642
2026-07-05T03:59:05Z,77,14,4,11,2,0,1,1,1,1783223902
2026-07-05T03:59:05Z,78,5,5,18,0,0,1,1,1,1783221948
2026-07-05T03:59:05Z,79,7,2,10,0,0,1,1,1,1783223430
2026-07-05T03:59:05Z,80,14,1,7,0,2,1,1,1,1783223695
2026-07-05T03:59:05Z,81,8,3,23,0,0,1,1,1,1783223901
2026-07-05T03:59:05Z,82,5,0,18,0,0,1,1,1,1783223834
2026-07-05T03:59:05Z,83,13,6,19,2,0,1,1,1,1783223928
2026-07-05T03:59:05Z,84,26,1,0,1,0,1,1,1,1783222293
2026-07-05T03:59:05Z,85,5,0,8,1,0,1,1,1,1783222931
2026-07-05T03:59:05Z,86,6,0,20,1,0,1,1,1,1783223700
2026-07-05T03:59:05Z,87,4,0,15,0,0,1,1,1,1783222587
2026-07-05T03:59:05Z,88,1,0,30,0,0,1,1,1,1783223695
2026-07-05T03:59:05Z,89,34,0,0,1,0,1,1,1,1783222533
2026-07-05T03:59:05Z,90,18,0,1,0,0,1,1,1,1783223363
2026-07-05T03:59:05Z,91,10,0,7,0,0,1,1,1,1783223581
2026-07-05T03:59:05Z,92,5,0,12,2,0,1,1,1,1783223797
2026-07-05T03:59:05Z,93,22,1,1,0,0,1,1,1,1783222944
2026-07-05T03:59:05Z,94,18,1,1,0,0,1,1,1,1783223145
2026-07-05T03:59:05Z,95,33,6,2,0,0,1,1,1,1783223898
2026-07-05T03:59:05Z,96,29,5,1,1,0,1,1,1,1783223329
2026-07-05T03:59:05Z,97,2,1,13,1,0,1,1,1,1783223773
2026-07-05T03:59:05Z,98,22,6,12,1,0,1,1,1,1783223894
2026-07-05T03:59:05Z,99,14,0,0,0,0,1,1,1,1783223772
2026-07-05T03:59:05Z,100,16,0,10,1,0,1,1,1,1783223867
2026-07-05T03:59:05Z,101,9,0,5,1,0,1,1,1,1783223665
2026-07-05T03:59:05Z,102,20,3,3,0,0,1,1,1,1783223895
2026-07-05T03:59:05Z,103,17,3,12,3,0,1,1,1,1783223644
2026-07-05T03:59:05Z,104,7,1,18,2,0,1,1,1,1783223932
2026-07-05T03:59:05Z,105,12,0,5,2,0,1,1,1,1783221518
2026-07-05T03:59:05Z,106,0,0,21,0,0,1,1,1,1783222328
2026-07-05T03:59:05Z,107,29,0,6,2,0,1,1,1,1783223825
2026-07-05T03:59:05Z,108,4,0,28,2,1,1,1,1,1783223891
2026-07-05T03:59:05Z,109,18,0,5,0,0,1,1,1,1783223679
2026-07-05T03:59:05Z,110,5,1,18,0,0,1,1,1,1783223838
2026-07-05T03:59:05Z,111,0,0,35,1,0,1,1,1,1783223079
2026-07-05T03:59:05Z,112,4,0,13,2,0,1,1,1,1783222829
2026-07-05T03:59:05Z,113,16,0,1,2,0,1,1,1,1783223880
2026-07-05T03:59:05Z,114,14,6,14,3,0,1,1,1,1783223885
2026-07-05T03:59:05Z,115,10,0,15,1,0,1,1,1,1783223908
2026-07-05T03:59:05Z,116,8,1,19,0,0,1,1,1,1783223666
2026-07-05T03:59:05Z,118,11,5,8,4,0,1,1,1,1783222969
2026-07-05T03:59:05Z,119,34,10,2,2,0,1,1,1,1783223261
2026-07-05T03:59:05Z,120,23,2,2,2,0,1,1,1,1783223221
2026-07-05T03:59:05Z,121,5,0,14,0,0,1,1,1,1783223657
2026-07-05T03:59:05Z,122,0,0,21,0,0,1,1,1,1783222633
2026-07-05T03:59:05Z,123,34,0,13,0,0,1,1,1,1783221766
2026-07-05T03:59:05Z,124,21,5,6,0,0,1,1,1,1783223348
2026-07-05T03:59:05Z,125,8,3,15,0,0,1,1,1,1783222963
2026-07-05T03:59:05Z,126,13,2,18,0,0,1,1,1,1783218938
2026-07-05T03:59:05Z,127,0,0,30,0,1,0,1,1,1783001724
2026-07-05T03:59:05Z,128,10,3,8,1,0,1,1,1,1783223807
2026-07-05T03:59:05Z,129,15,2,3,1,0,1,1,1,1783223726
2026-07-05T03:59:05Z,130,16,0,1,0,0,1,1,1,1783222606
2026-07-05T03:59:05Z,131,1,0,8,2,0,1,1,1,1783222962
2026-07-05T03:59:05Z,132,4,0,10,0,1,1,1,1,1783223091
2026-07-05T03:59:05Z,133,2,1,21,0,0,1,1,1,1783221906
2026-07-05T03:59:05Z,134,4,1,18,1,0,1,1,1,1783223552
2026-07-05T03:59:05Z,135,13,1,4,2,0,1,1,1,1783223880
2026-07-05T03:59:05Z,136,19,1,3,0,0,1,1,1,1783222285
2026-07-05T03:59:05Z,137,3,0,16,0,0,1,1,1,1783223769
2026-07-05T03:59:05Z,138,24,2,13,0,0,1,1,1,1783223934
2026-07-05T03:59:05Z,139,16,4,1,2,0,1,1,1,1783223683
2026-07-05T03:59:05Z,140,9,1,12,2,0,1,1,1,1783223228
2026-07-05T03:59:05Z,141,7,0,16,2,0,1,1,1,1783223367
2026-07-05T03:59:05Z,142,0,0,19,0,0,0,1,1,1782498468
2026-07-05T03:59:05Z,143,22,0,8,1,0,1,1,1,1783223617
2026-07-05T03:59:05Z,144,18,1,9,0,0,1,1,1,1783222587
2026-07-05T03:59:05Z,145,24,1,6,1,0,1,1,1,1783223826
2026-07-05T03:59:05Z,146,13,1,10,0,0,1,1,1,1783222983
2026-07-05T03:59:05Z,147,0,0,16,3,0,1,1,1,1783222771
2026-07-05T03:59:05Z,148,4,1,21,2,0,1,1,1,1783223833
2026-07-05T03:59:05Z,149,10,2,9,0,0,1,1,1,1783223931
2026-07-05T03:59:05Z,150,10,1,23,2,0,1,1,1,1783223738
2026-07-05T03:59:05Z,151,10,1,13,0,0,1,1,1,1783223871
2026-07-05T03:59:05Z,152,20,0,6,0,0,1,1,1,1783223868
2026-07-05T03:59:05Z,153,18,1,0,5,0,1,1,1,1783223874
2026-07-05T03:59:05Z,154,7,2,11,5,0,1,1,1,1783223341
2026-07-05T03:59:05Z,155,6,4,6,2,0,1,1,1,1783220784
2026-07-05T03:59:05Z,156,2,0,15,2,0,1,1,1,1783223926
2026-07-05T03:59:05Z,157,0,0,21,0,0,1,1,1,1783223251
2026-07-05T03:59:05Z,158,3,2,14,2,0,1,1,1,1783222832
2026-07-05T03:59:05Z,159,12,7,6,1,0,1,1,1,1783222975
2026-07-05T03:59:05Z,160,5,1,12,2,0,1,1,1,1783223779
2026-07-05T03:59:05Z,161,4,0,18,1,0,1,1,1,1783223934
2026-07-05T03:59:05Z,162,7,6,19,1,0,1,1,1,1783223730
2026-07-05T03:59:05Z,163,11,1,20,0,0,1,1,1,1783223701
2026-07-05T03:59:05Z,164,12,3,15,0,0,1,1,1,1783223095
2026-07-05T03:59:05Z,165,2,1,25,3,0,1,1,1,1783223931
2026-07-05T03:59:05Z,166,15,5,21,2,0,1,1,1,1783223869
2026-07-05T03:59:05Z,167,12,7,10,1,0,1,1,1,1783222930
2026-07-05T03:59:05Z,168,12,0,13,1,1,1,1,1,1783223728
2026-07-05T03:59:05Z,169,0,0,23,0,0,1,1,1,1783222579
2026-07-05T03:59:05Z,170,0,0,17,2,0,1,1,1,1783222436
2026-07-05T03:59:05Z,171,9,4,3,1,0,1,1,1,1783223790
2026-07-05T03:59:05Z,173,15,0,20,2,0,1,1,1,1783223909
2026-07-05T03:59:05Z,174,25,2,0,0,0,1,1,1,1783223673
2026-07-05T03:59:05Z,175,13,0,18,0,0,1,1,1,1783223768
2026-07-05T03:59:05Z,176,7,5,7,0,1,1,1,1,1783223830
2026-07-05T03:59:05Z,177,15,0,11,1,0,1,1,1,1783223907
2026-07-05T03:59:05Z,178,5,0,8,2,0,1,1,1,1783223844
2026-07-05T03:59:05Z,179,1,1,11,3,0,1,1,1,1783223659
2026-07-05T03:59:05Z,180,21,0,8,1,0,1,1,1,1783222721
2026-07-05T03:59:05Z,181,4,2,6,3,1,1,1,1,1783223838
2026-07-05T03:59:05Z,182,13,1,6,0,0,1,1,1,1783223721
2026-07-05T03:59:05Z,183,13,3,10,0,0,1,1,1,1783223050
2026-07-05T03:59:05Z,184,12,0,10,1,0,1,1,1,1783223814
2026-07-05T03:59:05Z,185,1,1,11,2,1,1,1,1,1783221753
2026-07-05T03:59:05Z,186,7,0,12,0,0,1,1,1,1783223855
2026-07-05T03:59:05Z,187,26,0,2,1,0,1,1,1,1783223805
2026-07-05T03:59:05Z,188,2,1,19,2,4,1,1,1,1783223749
2026-07-05T03:59:05Z,189,5,3,10,0,0,1,1,1,1783223910
2026-07-05T03:59:05Z,190,1,0,22,0,0,1,1,1,1783223713
2026-07-05T03:59:05Z,191,8,1,28,3,0,1,1,1,1783223697
2026-07-05T03:59:05Z,192,12,3,19,0,0,1,1,1,1783222831
2026-07-05T03:59:05Z,193,9,5,5,1,0,1,1,1,1783223878
2026-07-05T03:59:05Z,194,4,0,11,0,0,1,1,1,1783223853
2026-07-05T03:59:05Z,195,3,2,16,0,0,1,1,1,1783223514
2026-07-05T03:59:05Z,196,11,2,16,0,0,1,1,1,1783223887
2026-07-05T03:59:05Z,197,8,1,10,0,1,1,1,1,1783223770
2026-07-05T03:59:05Z,198,3,2,20,0,0,1,1,1,1783223647
2026-07-05T03:59:05Z,199,1,1,12,2,0,1,1,1,1783223806
2026-07-05T03:59:05Z,200,4,0,22,0,0,1,1,1,1783223259
2026-07-05T03:59:05Z,201,15,1,8,0,0,1,1,1,1783222677
2026-07-05T03:59:05Z,202,0,0,21,0,0,0,1,1,1783093344
2026-07-05T03:59:05Z,203,18,0,13,0,0,1,1,1,1783223363
2026-07-05T03:59:05Z,204,32,4,2,1,0,1,1,1,1783223617
2026-07-05T03:59:05Z,205,18,1,9,0,0,1,1,1,1783223687
2026-07-05T03:59:05Z,206,2,0,12,1,0,1,1,1,1783223406
2026-07-05T03:59:05Z,207,0,0,20,1,0,1,1,1,1783223774
2026-07-05T03:59:05Z,208,0,0,29,0,0,1,1,1,1783223469
2026-07-05T03:59:05Z,209,13,0,17,1,0,1,1,1,1783223908
2026-07-05T03:59:05Z,210,11,10,16,0,0,1,1,1,1783223746
2026-07-05T03:59:05Z,211,13,3,10,0,0,1,1,1,1783223897
2026-07-05T03:59:05Z,212,27,0,8,0,0,1,1,1,1783223224
2026-07-05T03:59:05Z,213,22,2,0,1,0,1,1,1,1783223626
2026-07-05T03:59:05Z,214,23,5,20,5,0,1,1,1,1783223927
2026-07-05T03:59:05Z,215,11,1,12,0,0,1,1,1,1783223621
2026-07-05T03:59:05Z,216,16,0,1,2,0,1,1,1,1783223935
2026-07-05T03:59:05Z,217,12,0,16,1,0,1,1,1,1783223598
2026-07-05T03:59:05Z,218,24,7,9,6,0,1,1,1,1783223932
2026-07-05T03:59:05Z,219,0,0,26,0,0,0,1,1,1783102715
2026-07-05T03:59:05Z,220,18,18,25,0,0,1,1,1,1783223865
2026-07-05T03:59:05Z,221,9,9,5,0,0,1,1,1,1783223855
2026-07-05T03:59:05Z,222,3,2,16,0,0,1,1,1,1783222966
2026-07-05T03:59:05Z,223,9,4,22,4,0,1,1,1,1783223896
2026-07-05T03:59:05Z,224,18,2,4,0,0,1,1,1,1783223832
2026-07-05T03:59:05Z,225,7,1,8,4,0,1,1,1,1783218949
2026-07-05T03:59:05Z,226,4,4,26,1,0,1,1,1,1783223703
2026-07-05T03:59:05Z,227,5,2,22,0,0,1,1,1,1783223916
2026-07-05T03:59:05Z,228,8,4,10,1,0,1,1,1,1783223728
2026-07-05T03:59:05Z,230,6,1,17,0,0,1,1,1,1783222473
2026-07-05T03:59:05Z,232,2,0,16,1,0,1,1,1,1783220048
2026-07-05T03:59:05Z,233,28,9,2,1,0,1,1,1,1783223137
2026-07-05T03:59:05Z,234,9,2,6,3,1,1,1,1,1783223093
2026-07-05T03:59:05Z,236,17,7,0,2,0,1,1,1,1783223826
2026-07-05T03:59:05Z,237,9,2,14,0,0,1,1,1,1783223634
2026-07-05T03:59:05Z,239,1,1,25,1,0,1,1,1,1783223769
2026-07-05T03:59:05Z,241,7,4,16,0,0,1,1,1,1783223157
2026-07-05T03:59:05Z,242,2,1,20,1,0,1,1,1,1783223687
2026-07-05T03:59:05Z,243,14,5,17,0,0,1,1,1,1783223920
2026-07-05T03:59:05Z,244,22,7,5,0,0,1,1,1,1783223717
2026-07-05T03:59:05Z,245,10,0,13,0,0,1,1,1,1783223768
2026-07-05T03:59:05Z,246,0,0,23,0,0,1,1,1,1783222069
2026-07-05T03:59:05Z,247,6,4,17,0,0,1,1,1,1783223455
2026-07-05T03:59:05Z,248,1,1,18,4,0,1,1,1,1783223716
2026-07-05T03:59:05Z,249,3,1,15,1,0,1,1,1,1783223424
2026-07-05T03:59:05Z,250,1,1,25,1,0,1,1,1,1783223696
2026-07-05T03:59:05Z,251,2,2,24,1,0,1,1,1,1783223714
2026-07-05T03:59:05Z,253,4,1,15,0,0,1,1,1,1783223690
2026-07-05T03:59:05Z,254,29,1,10,4,0,1,1,1,1783223827
2026-07-05T03:59:05Z,255,16,0,7,0,0,1,1,1,1783223712
2026-07-05T03:59:05Z,256,4,3,19,0,0,1,1,1,1783223816
2026-07-05T03:59:05Z,257,11,1,7,1,0,1,1,1,1783222810
2026-07-05T03:59:05Z,258,1,0,16,2,0,1,1,1,1783223648
2026-07-05T03:59:05Z,259,16,1,6,1,0,1,1,1,1783223509
2026-07-05T03:59:05Z,260,5,2,14,0,0,1,1,1,1783222856
2026-07-05T03:59:05Z,261,17,2,0,2,0,1,1,1,1783222498
2026-07-05T03:59:05Z,262,6,3,16,1,0,1,1,1,1783223892
2026-07-05T03:59:05Z,263,7,2,8,0,0,1,1,1,1783223767
2026-07-05T03:59:05Z,264,11,7,8,0,0,1,1,1,1783222827
2026-07-05T03:59:05Z,265,12,0,3,0,0,1,1,1,1783223834
2026-07-05T03:59:05Z,266,8,0,10,1,0,1,1,1,1783223512
2026-07-05T03:59:05Z,267,4,0,11,0,0,1,1,1,1783205904
2026-07-05T03:59:05Z,268,3,2,17,3,0,1,1,1,1783223557
2026-07-05T03:59:05Z,269,3,0,20,0,0,1,1,1,1783222107
2026-07-05T03:59:05Z,270,0,0,27,0,0,1,1,1,1783223688
2026-07-05T03:59:05Z,271,2,1,15,2,0,1,1,1,1783223868
2026-07-05T03:59:05Z,272,21,4,2,0,0,1,1,1,1783223828
2026-07-05T03:59:05Z,273,9,7,6,0,0,1,1,1,1783223784
2026-07-05T03:59:05Z,274,7,3,11,1,0,1,1,1,1783222628
2026-07-05T03:59:05Z,275,17,1,5,1,0,1,1,1,1783223804
2026-07-05T03:59:05Z,276,5,3,21,0,1,1,1,1,1783223761
2026-07-05T03:59:05Z,277,1,1,20,2,0,1,1,1,1783223438
2026-07-05T03:59:05Z,278,7,3,22,1,1,1,1,1,1783223886
2026-07-05T03:59:05Z,279,6,0,13,0,0,1,1,1,1783223935
2026-07-05T03:59:05Z,280,17,0,10,4,0,1,1,1,1783223737
2026-07-05T03:59:05Z,281,1,0,22,0,0,1,1,1,1783223272
2026-07-05T03:59:05Z,282,11,0,5,0,0,1,1,1,1783223608
2026-07-05T03:59:05Z,283,8,1,25,2,0,1,1,1,1783223799
2026-07-05T03:59:05Z,284,6,5,28,1,0,1,1,1,1783223789
2026-07-05T03:59:05Z,285,1,0,22,0,0,1,1,1,1783223649
2026-07-05T03:59:05Z,286,5,2,17,1,0,1,1,1,1783223406
2026-07-05T03:59:05Z,287,13,9,7,3,0,1,1,1,1783223498
2026-07-05T03:59:05Z,288,4,2,13,2,0,1,1,1,1783221789
2026-07-05T03:59:05Z,289,24,1,2,1,0,1,1,1,1783223788
2026-07-05T03:59:05Z,290,32,0,4,3,0,1,1,1,1783223848
2026-07-05T03:59:05Z,291,7,0,16,0,0,1,1,1,1783223870
2026-07-05T03:59:05Z,292,3,1,20,0,0,1,1,1,1783221549
2026-07-05T03:59:05Z,293,0,0,22,1,0,1,1,1,1783223125
2026-07-05T03:59:05Z,294,5,3,16,1,0,1,1,1,1783222624
2026-07-05T03:59:05Z,297,2,0,16,1,0,1,1,1,1783223784
2026-07-05T03:59:05Z,301,9,2,9,1,0,1,1,1,1783223811
2026-07-05T03:59:05Z,302,0,0,22,1,0,1,1,1,1783223891
2026-07-05T03:59:05Z,303,8,2,10,1,0,1,1,1,1783223439
2026-07-05T03:59:05Z,304,0,0,0,0,0,0,1,1,86400
2026-07-05T03:59:05Z,305,1,1,18,0,0,1,1,1,1783220958
2026-07-05T03:59:05Z,306,3,2,27,2,0,1,1,1,1783219806
2026-07-05T03:59:05Z,307,1,0,20,2,0,1,1,1,1783223316
2026-07-05T03:59:05Z,308,14,1,3,2,0,1,1,1,1783222507
2026-07-05T03:59:05Z,309,3,2,0,6,0,1,1,1,1783223935
2026-07-05T03:59:05Z,311,9,1,6,0,0,1,1,1,1783223642
2026-07-05T03:59:05Z,312,7,0,11,4,1,1,1,1,1783222212
2026-07-05T03:59:05Z,313,15,0,0,0,0,1,1,1,1783222784
2026-07-05T03:59:05Z,314,8,2,9,2,0,1,1,1,1783217683
2026-07-05T03:59:05Z,315,0,0,31,0,0,0,1,1,1783017696
2026-07-05T03:59:05Z,316,12,1,1,2,0,1,1,1,1783223866
2026-07-05T03:59:05Z,317,7,7,20,4,0,1,1,1,1783222661
2026-07-05T03:59:05Z,318,12,1,5,0,0,1,1,1,1783223689
2026-07-05T03:59:05Z,319,15,0,9,3,0,1,1,1,1783223930
2026-07-05T03:59:05Z,320,11,0,7,1,0,1,1,1,1783222619
2026-07-05T03:59:05Z,321,17,2,0,2,0,1,1,1,1783220081
2026-07-05T03:59:05Z,322,8,2,21,0,0,1,1,1,1783222625
2026-07-05T03:59:05Z,323,7,0,12,0,0,1,1,1,1783222236
2026-07-05T03:59:05Z,324,22,5,4,1,0,1,1,1,1783222530
2026-07-05T03:59:05Z,325,8,1,17,2,0,1,1,1,1783223832
2026-07-05T03:59:05Z,327,10,2,15,0,2,1,1,1,1783222995
2026-07-05T03:59:05Z,328,7,1,15,0,1,1,1,1,1783223721
2026-07-05T03:59:05Z,329,9,0,10,0,0,1,1,1,1783221820
2026-07-05T03:59:05Z,330,5,1,17,0,0,1,1,1,1783223234
2026-07-05T03:59:05Z,331,12,0,11,0,0,1,1,1,1783223712
2026-07-05T03:59:05Z,332,4,1,15,0,0,1,1,1,1783223850
2026-07-05T03:59:05Z,333,4,2,19,0,0,1,1,1,1783223881
2026-07-05T03:59:05Z,334,5,0,18,0,0,1,1,1,1783223349
2026-07-05T03:59:05Z,335,1,1,20,1,1,1,1,1,1783223676
2026-07-05T03:59:05Z,336,4,2,15,0,0,1,1,1,1783223916
2026-07-05T03:59:05Z,337,11,3,10,2,0,1,1,1,1783223919
2026-07-05T03:59:05Z,338,7,2,12,0,0,1,1,1,1783223665
2026-07-05T03:59:05Z,339,1,0,21,1,0,1,1,1,1783223722
2026-07-05T03:59:05Z,340,9,5,5,1,0,1,1,1,1783222723
2026-07-05T03:59:05Z,341,4,3,14,1,0,1,1,1,1783223928
2026-07-05T03:59:05Z,342,11,3,3,1,0,1,1,1,1783223886
2026-07-05T03:59:05Z,343,7,5,15,1,0,1,1,1,1783223714
2026-07-05T03:59:05Z,344,3,1,19,1,0,1,1,1,1783223468
2026-07-05T03:59:05Z,345,11,1,7,1,0,1,1,1,1783223626
2026-07-05T03:59:05Z,346,22,1,1,0,0,1,1,1,1783223472
2026-07-05T03:59:05Z,347,3,2,44,0,0,1,1,1,1783223789
2026-07-05T03:59:05Z,348,20,1,3,0,0,1,1,1,1783221906
2026-07-05T03:59:05Z,349,5,1,12,2,0,1,1,1,1783223858
2026-07-05T03:59:05Z,350,18,2,8,0,1,1,1,1,1783222734
2026-07-05T03:59:05Z,351,4,0,18,1,0,1,1,1,1783223913
2026-07-05T03:59:05Z,355,0,0,22,1,0,1,1,1,1783223869
2026-07-05T03:59:05Z,356,12,0,6,1,0,1,1,1,1783223442
2026-07-05T03:59:05Z,357,9,5,10,0,0,1,1,1,1783223514
2026-07-05T03:59:05Z,359,15,1,10,2,0,1,1,1,1783223503
2026-07-05T03:59:05Z,360,6,1,13,0,0,1,1,1,1783223287
2026-07-05T03:59:05Z,362,13,8,3,3,0,1,1,1,1783222952
2026-07-05T03:59:05Z,363,1,0,26,0,0,1,1,1,1783223930
2026-07-05T03:59:05Z,364,4,2,13,1,1,1,1,1,1783223933
2026-07-05T03:59:05Z,365,12,10,10,1,0,1,1,1,1783223672
2026-07-05T03:59:05Z,366,16,2,5,2,0,1,1,1,1783223839
2026-07-05T03:59:05Z,367,12,3,6,1,0,1,1,1,1783223159
2026-07-05T03:59:05Z,368,21,1,2,0,0,1,1,1,1783223160
2026-07-05T03:59:05Z,370,1,0,12,4,0,1,1,1,1783223359
2026-07-05T03:59:05Z,371,4,0,14,1,0,1,1,1,1783223169
2026-07-05T03:59:05Z,372,14,1,1,0,0,1,1,1,1783223842
2026-07-05T03:59:05Z,373,24,6,2,0,0,1,1,1,1783216971
2026-07-05T03:59:05Z,374,9,2,8,0,0,1,1,1,1783223747
2026-07-05T03:59:05Z,375,11,3,15,1,0,1,1,1,1783223742
2026-07-05T03:59:05Z,376,14,4,25,0,0,1,1,1,1783223820
2026-07-05T03:59:05Z,377,10,1,14,3,0,1,1,1,1783223796
2026-07-05T03:59:05Z,378,14,4,8,2,0,1,1,1,1783223710
2026-07-05T03:59:05Z,379,9,0,17,1,0,1,1,1,1783223935
2026-07-05T03:59:05Z,380,11,3,11,1,0,1,1,1,1783221406
2026-07-05T03:59:05Z,381,22,1,1,0,0,1,1,1,1783223156
2026-07-05T03:59:05Z,383,13,1,2,0,0,1,1,1,1783222683
2026-07-05T03:59:05Z,384,6,1,12,1,0,1,1,1,1783221749
2026-07-05T03:59:05Z,385,10,0,8,0,0,1,1,1,1783223433
2026-07-05T03:59:05Z,387,22,3,1,0,0,1,1,1,1783223824
2026-07-05T03:59:05Z,388,16,0,29,4,0,1,1,1,1783223678
2026-07-05T03:59:05Z,389,0,0,14,1,0,1,1,1,1783222104
2026-07-05T03:59:05Z,390,19,3,8,0,0,1,1,1,1783223065
2026-07-05T03:59:05Z,391,10,7,4,1,0,1,1,1,1783223657
2026-07-05T03:59:05Z,392,7,6,12,0,0,1,1,1,1783220392
2026-07-05T03:59:05Z,393,1,1,8,2,0,1,1,1,1783221246
2026-07-05T03:59:05Z,394,6,2,8,0,1,1,1,1,1783222485
2026-07-05T03:59:05Z,396,6,1,33,3,0,1,1,1,1783223148
2026-07-05T03:59:05Z,397,3,2,27,1,0,1,1,1,1783222300
2026-07-05T03:59:05Z,399,15,0,1,1,0,1,1,1,1783223317
2026-07-05T03:59:05Z,400,4,1,16,3,0,1,1,1,1783222949
2026-07-05T03:59:05Z,401,5,1,25,1,0,1,1,1,1783222937
2026-07-05T03:59:05Z,403,16,9,12,3,0,1,1,1,1783223925
2026-07-05T03:59:05Z,404,5,0,15,3,0,1,1,1,1783223883
2026-07-05T03:59:05Z,406,3,0,28,4,0,1,1,1,1783223921
2026-07-05T03:59:05Z,407,4,0,30,0,0,1,1,1,1783223594
2026-07-05T03:59:05Z,408,8,3,24,1,0,1,1,1,1783223906
2026-07-05T03:59:05Z,409,0,0,22,1,0,1,1,1,1783218138
2026-07-05T03:59:05Z,413,11,3,10,2,0,1,1,1,1783223407
2026-07-05T03:59:05Z,414,9,2,6,0,0,1,1,1,1783223147
2026-07-05T03:59:05Z,417,17,5,2,0,0,1,1,1,1783223621
2026-07-05T03:59:05Z,418,5,2,10,0,0,1,1,1,1783223261
2026-07-05T03:59:05Z,419,18,1,3,2,0,1,1,1,1783221909
2026-07-05T03:59:05Z,421,17,1,2,0,0,1,1,1,1783223164
2026-07-05T03:59:05Z,422,7,3,20,0,0,1,1,1,1783223720
2026-07-05T03:59:05Z,423,10,3,13,0,0,1,1,1,1783223551
2026-07-05T03:59:05Z,424,0,0,14,1,0,1,1,1,1783223898
2026-07-05T03:59:05Z,425,17,0,5,0,0,1,1,1,1783223210
2026-07-05T03:59:05Z,426,1,0,34,2,0,1,1,1,1783223885
2026-07-05T03:59:05Z,427,7,1,6,1,1,1,1,1,1783223869
2026-07-05T03:59:05Z,428,17,0,2,0,0,1,1,1,1783223166
2026-07-05T03:59:05Z,429,19,6,1,3,0,1,1,1,1783223714
2026-07-05T03:59:05Z,430,27,1,1,3,0,1,1,1,1783222423
2026-07-05T03:59:05Z,431,22,1,7,2,2,1,1,1,1783223487
2026-07-05T03:59:05Z,432,1,1,28,2,0,1,1,1,1783223911
2026-07-05T03:59:05Z,433,21,3,0,2,0,1,1,1,1783222855
2026-07-05T03:59:05Z,437,0,0,17,2,0,1,1,1,1783223863
2026-07-05T03:59:05Z,438,6,1,12,1,0,1,1,1,1783216671
2026-07-05T03:59:05Z,439,8,2,7,0,0,1,1,1,1783223844
2026-07-05T03:59:05Z,440,11,0,3,1,0,1,1,1,1783223770
2026-07-05T03:59:05Z,441,2,2,13,0,0,1,1,1,1783223930
2026-07-05T03:59:05Z,442,8,2,10,1,0,1,1,1,1783222875
2026-07-05T03:59:05Z,443,8,0,19,0,0,1,1,1,1783195674
2026-07-05T03:59:05Z,444,9,5,14,0,0,1,1,1,1783219201
2026-07-05T03:59:05Z,445,11,6,11,1,0,1,1,1,1783219197
2026-07-05T03:59:05Z,446,5,0,17,0,1,1,1,1,1783223305
2026-07-05T03:59:05Z,447,5,0,16,2,0,1,1,1,1783214647
2026-07-05T03:59:05Z,448,10,0,2,2,1,1,1,1,1783217644
2026-07-05T03:59:05Z,452,13,2,5,1,0,1,1,1,1783223694
2026-07-05T03:59:05Z,453,3,1,11,1,0,1,1,1,1783223513
2026-07-05T03:59:05Z,454,10,1,7,1,1,1,1,1,1783223412
2026-07-05T03:59:05Z,455,0,0,39,0,0,0,1,1,1782992996
2026-07-05T03:59:05Z,456,12,1,7,4,0,1,1,1,1783223930
2026-07-05T03:59:05Z,457,12,0,14,1,0,1,1,1,1783222660
2026-07-05T03:59:05Z,458,5,0,16,2,0,1,1,1,1783223936
2026-07-05T03:59:05Z,459,14,6,1,0,0,1,1,1,1783222532
2026-07-05T03:59:05Z,460,11,2,12,0,0,1,1,1,1783222652
2026-07-05T03:59:05Z,461,8,0,8,3,0,1,1,1,1783223447
2026-07-05T03:59:05Z,462,12,0,9,0,0,1,1,1,1783223571
2026-07-05T03:59:05Z,463,9,0,9,1,0,1,1,1,1783222931
2026-07-05T03:59:05Z,464,3,0,10,1,0,1,1,1,1783223639
2026-07-05T03:59:05Z,465,2,0,13,0,0,1,1,1,1783223540
2026-07-05T03:59:05Z,466,15,5,0,0,0,1,1,1,1783222933
2026-07-05T03:59:05Z,467,4,1,11,0,0,1,1,1,1783223173
2026-07-05T03:59:05Z,468,2,2,17,0,0,1,1,1,1783215781
2026-07-05T03:59:05Z,469,0,0,21,1,1,1,1,1,1783219187
2026-07-05T03:59:05Z,470,14,0,1,0,0,1,1,1,1783223111
2026-07-05T03:59:05Z,471,18,2,9,0,0,1,1,1,1783222586
2026-07-05T03:59:05Z,472,11,3,6,2,0,1,1,1,1783223130
2026-07-05T03:59:05Z,473,1,1,18,0,0,1,1,1,1783222915
2026-07-05T03:59:05Z,474,14,0,4,1,0,1,1,1,1783223610
2026-07-05T03:59:05Z,475,6,1,13,0,0,1,1,1,1783223872
2026-07-05T03:59:05Z,476,7,3,13,3,0,1,1,1,1783223803
2026-07-05T03:59:05Z,477,9,1,5,1,0,1,1,1,1783223537
2026-07-05T03:59:05Z,478,4,1,25,2,0,1,1,1,1783223499
2026-07-05T03:59:05Z,479,8,0,16,2,1,1,1,1,1783223926
2026-07-05T03:59:05Z,480,11,0,3,1,0,1,1,1,1783222481
2026-07-05T03:59:05Z,481,28,0,7,0,0,1,1,1,1783223851
2026-07-05T03:59:05Z,482,7,5,11,1,0,1,1,1,1783223759
2026-07-05T03:59:05Z,483,12,0,14,0,1,1,1,1,1783223674
2026-07-05T03:59:05Z,484,3,0,16,0,0,1,1,1,1783223797
2026-07-05T03:59:05Z,485,17,3,1,0,1,1,1,1,1783223664
2026-07-05T03:59:05Z,486,8,0,18,1,0,1,1,1,1783222632
2026-07-05T03:59:05Z,487,5,4,12,2,0,1,1,1,1783223871
2026-07-05T03:59:05Z,489,3,3,12,0,0,1,1,1,1783223920
2026-07-05T03:59:05Z,490,11,8,3,2,0,1,1,1,1783223679
2026-07-05T03:59:05Z,491,17,3,2,2,0,1,1,1,1783223692
2026-07-05T03:59:05Z,492,4,3,2,5,0,1,1,1,1783223455
2026-07-05T03:59:05Z,493,5,0,22,0,0,1,1,1,1783223467
2026-07-05T03:59:05Z,495,13,1,0,2,0,1,1,1,1783223760
2026-07-05T03:59:05Z,496,5,0,21,1,0,1,1,1,1783223426
2026-07-05T03:59:05Z,497,19,2,0,0,0,1,1,1,1783222880
2026-07-05T03:59:05Z,498,20,6,3,0,0,1,1,1,1783223662
2026-07-05T03:59:05Z,499,10,1,6,3,0,1,1,1,1783223503
2026-07-05T03:59:05Z,500,8,2,6,1,0,1,1,1,1783221802
2026-07-05T03:59:05Z,501,5,1,14,2,0,1,1,1,1783223280
2026-07-05T03:59:05Z,502,4,0,15,0,0,1,1,1,1783221629
2026-07-05T03:59:05Z,503,14,1,17,0,0,1,1,1,1783223391
2026-07-05T03:59:05Z,504,4,1,35,0,0,1,1,1,1783223372
2026-07-05T03:59:05Z,505,3,0,14,1,0,1,1,1,1783223923
2026-07-05T03:59:05Z,511,9,1,14,0,0,1,1,1,1783223327
2026-07-05T03:59:05Z,512,11,0,8,0,0,1,1,1,1783221801
2026-07-05T03:59:05Z,514,6,2,4,1,0,1,1,1,1783221882
2026-07-05T03:59:05Z,515,11,0,8,0,0,1,1,1,1783222219
2026-07-05T03:59:05Z,516,25,0,2,0,0,1,1,1,1783222069
2026-07-05T03:59:05Z,517,16,7,7,0,0,1,1,1,1783223624
2026-07-05T03:59:05Z,518,6,2,9,0,0,1,1,1,1783223034
2026-07-05T03:59:05Z,519,16,0,3,0,0,1,1,1,1783222896
2026-07-05T03:59:05Z,520,5,2,20,2,0,1,1,1,1783223784
2026-07-05T03:59:05Z,521,5,0,18,0,0,1,1,1,1783223377
2026-07-05T03:59:05Z,522,16,0,7,0,0,1,1,1,1783223169
2026-07-05T03:59:05Z,523,6,1,16,1,0,1,1,1,1783223586
2026-07-05T03:59:05Z,524,15,0,7,1,0,1,1,1,1783223928
2026-07-05T03:59:05Z,525,12,0,7,0,0,1,1,1,1783223595
2026-07-05T03:59:05Z,526,9,4,5,1,0,1,1,1,1783223276
2026-07-05T03:59:05Z,527,2,2,22,2,0,1,1,1,1783223743
2026-07-05T03:59:05Z,528,11,3,11,1,0,1,1,1,1783223797
2026-07-05T03:59:05Z,529,6,2,12,1,0,1,1,1,1783223646
2026-07-05T03:59:05Z,530,10,2,10,1,0,1,1,1,1783223913
2026-07-05T03:59:05Z,531,18,1,4,0,1,1,1,1,1783223876
2026-07-05T03:59:05Z,532,6,1,24,1,0,1,1,1,1783223637
2026-07-05T03:59:05Z,533,12,0,6,1,0,1,1,1,1783222604
2026-07-05T03:59:05Z,534,5,2,16,2,0,1,1,1,1783223372
2026-07-05T03:59:05Z,535,1,0,13,1,0,1,1,1,1783222593
2026-07-05T03:59:05Z,536,21,0,1,1,0,1,1,1,1783223900
2026-07-05T03:59:05Z,537,1,0,19,1,0,1,1,1,1783223600
2026-07-05T03:59:05Z,538,13,4,5,1,0,1,1,1,1783223934
2026-07-05T03:59:05Z,539,10,2,18,3,0,1,1,1,1783223917
2026-07-05T03:59:05Z,540,12,4,7,0,0,1,1,1,1783223158
2026-07-05T03:59:05Z,541,17,1,9,1,0,1,1,1,1783223805
2026-07-05T03:59:05Z,542,3,1,20,0,0,1,1,1,1783219230
2026-07-05T03:59:05Z,543,13,2,3,3,0,1,1,1,1783223307
2026-07-05T03:59:05Z,544,15,2,6,2,0,1,1,1,1783223800
2026-07-05T03:59:05Z,545,17,0,2,0,0,1,1,1,1783223934
2026-07-05T03:59:05Z,546,1,1,18,0,0,1,1,1,1783223661
2026-07-05T03:59:05Z,547,10,2,12,1,0,1,1,1,1783223575
2026-07-05T03:59:05Z,548,2,0,20,1,0,1,1,1,1783223804
2026-07-05T03:59:05Z,549,21,2,0,0,0,1,1,1,1783222686
2026-07-05T03:59:05Z,550,1,1,18,0,0,1,1,1,1783223023
2026-07-05T03:59:05Z,551,19,6,3,1,0,1,1,1,1783218704
2026-07-05T03:59:05Z,552,17,0,10,0,0,1,1,1,1783223629
2026-07-05T03:59:05Z,553,13,1,10,0,0,1,1,1,1783223642
2026-07-05T03:59:05Z,554,3,1,16,0,0,1,1,1,1783223157
2026-07-05T03:59:05Z,555,9,2,5,1,0,1,1,1,1783223698
2026-07-05T03:59:05Z,556,4,2,17,2,0,1,1,1,1783223185
2026-07-05T03:59:05Z,557,0,0,23,0,0,0,1,1,1781719859
2026-07-05T03:59:05Z,558,5,1,30,2,0,1,1,1,1783223920
2026-07-05T03:59:05Z,559,12,0,6,1,0,1,1,1,1783210010
2026-07-05T03:59:05Z,560,25,0,1,1,0,1,1,1,1783223899
2026-07-05T03:59:05Z,561,11,2,11,1,0,1,1,1,1783223362
2026-07-05T03:59:05Z,562,0,0,31,4,0,1,1,1,1783223878
2026-07-05T03:59:05Z,563,13,0,1,0,0,1,1,1,1783218114
2026-07-05T03:59:05Z,564,13,1,5,1,0,1,1,1,1783223930
2026-07-05T03:59:05Z,565,8,1,11,0,0,1,1,1,1783222009
2026-07-05T03:59:05Z,566,2,0,16,1,0,1,1,1,1783223550
2026-07-05T03:59:05Z,567,21,0,5,1,0,1,1,1,1783223069
2026-07-05T03:59:05Z,568,1,0,18,0,0,1,1,1,1783223823
2026-07-05T03:59:05Z,569,14,1,5,0,0,1,1,1,1783223614
2026-07-05T03:59:05Z,570,8,0,11,0,0,1,1,1,1783223853
2026-07-05T03:59:05Z,571,12,3,11,0,0,1,1,1,1783223909
2026-07-05T03:59:05Z,572,13,0,6,0,0,1,1,1,1783223150
2026-07-05T03:59:05Z,573,15,1,0,0,0,1,1,1,1783219057
2026-07-05T03:59:05Z,574,3,3,12,0,0,1,1,1,1783222124
2026-07-05T03:59:05Z,575,11,0,10,0,0,1,1,1,1783222390
2026-07-05T03:59:05Z,576,0,0,19,0,0,1,1,1,1783220503
2026-07-05T03:59:05Z,577,21,1,10,0,0,1,1,1,1783223700
2026-07-05T03:59:05Z,578,3,1,20,0,0,1,1,1,1783223597
2026-07-05T03:59:05Z,579,18,0,25,0,0,1,1,1,1783223809
2026-07-05T03:59:05Z,580,20,1,10,1,0,1,1,1,1783223898
2026-07-05T03:59:05Z,581,7,1,11,1,0,1,1,1,1783223936
2026-07-05T03:59:05Z,582,17,0,40,4,0,1,1,1,1783223814
2026-07-05T03:59:05Z,583,23,0,0,0,0,1,1,1,1783218887
2026-07-05T03:59:05Z,584,2,1,13,4,0,1,1,1,1783223357
2026-07-05T03:59:05Z,585,8,1,18,0,0,1,1,1,1783223826
2026-07-05T03:59:05Z,586,33,2,1,1,0,1,1,1,1783223504
2026-07-05T03:59:05Z,587,19,0,5,1,0,1,1,1,1783223319
2026-07-05T03:59:05Z,588,18,3,1,0,0,1,1,1,1783222777
2026-07-05T03:59:05Z,589,10,6,13,0,0,1,1,1,1783222962
2026-07-05T03:59:05Z,590,3,0,28,0,0,1,1,1,1783223310
2026-07-05T03:59:05Z,591,17,3,3,2,0,1,1,1,1783223930
2026-07-05T03:59:05Z,592,16,0,7,0,0,1,1,1,1783223865
2026-07-05T03:59:05Z,593,34,6,5,0,0,1,1,1,1783223140
2026-07-05T03:59:05Z,594,4,1,16,1,0,1,1,1,1783223488
2026-07-05T03:59:05Z,595,0,0,3,0,0,0,1,1,1779985765
2026-07-05T03:59:05Z,605,0,0,3,0,0,0,1,1,1780413752
2026-07-05T03:59:05Z,606,0,0,0,0,0,0,1,1,86400
2026-07-05T03:59:05Z,607,17,0,16,0,0,1,1,1,1783223236
2026-07-05T03:59:05Z,608,27,0,27,0,0,1,1,1,1783223910
2026-07-05T03:59:05Z,609,0,0,23,0,0,1,1,1,1783223818
2026-07-05T03:59:05Z,610,2,0,33,0,0,1,1,1,1783220549
2026-07-05T03:59:05Z,611,0,0,27,0,0,1,1,1,1783223792
2026-07-05T03:59:05Z,612,4,1,11,0,0,1,1,1,1783213691
2026-07-05T03:59:05Z,613,7,2,8,0,0,1,1,1,1783216692
2026-07-05T03:59:05Z,614,0,0,25,1,1,1,1,1,1783223535
2026-07-05T03:59:05Z,617,5,1,8,2,0,1,1,1,1783223832
2026-07-05T03:59:05Z,618,9,4,9,1,0,1,1,1,1783221331
2026-07-05T03:59:05Z,619,8,2,10,1,0,1,1,1,1783223793
2026-07-05T03:59:05Z,620,10,0,13,0,0,1,1,1,1783223433
2026-07-05T03:59:05Z,621,5,2,18,0,0,1,1,1,1783222946
2026-07-05T03:59:05Z,622,7,3,13,2,1,1,1,1,1783223716
2026-07-05T03:59:05Z,623,21,3,5,3,1,1,1,1,1783223904
2026-07-05T03:59:05Z,624,4,2,8,2,1,1,1,1,1783221723
2026-07-05T03:59:05Z,625,11,3,9,1,0,1,1,1,1783223867
2026-07-05T03:59:05Z,626,30,2,13,1,2,1,1,1,1783223906
2026-07-05T03:59:05Z,627,10,10,8,1,0,1,1,1,1783215824
2026-07-05T03:59:05Z,628,6,5,11,1,1,1,1,1,1783223616
2026-07-05T03:59:05Z,629,8,2,2,1,0,1,1,1,1783223641
2026-07-05T03:59:05Z,630,13,0,11,3,0,1,1,1,1783217714
2026-07-05T03:59:05Z,631,12,1,11,0,0,1,1,1,1783223113
2026-07-05T03:59:05Z,632,10,2,9,3,0,1,1,1,1783220983
2026-07-05T03:59:05Z,633,8,0,5,1,1,1,1,1,1783200473
2026-07-05T03:59:05Z,634,5,0,13,1,0,1,1,1,1783218053
2026-07-05T03:59:05Z,635,18,0,0,1,0,1,1,1,1783223624
2026-07-05T03:59:05Z,636,7,0,8,0,0,1,1,1,1783213292
2026-07-05T03:59:05Z,637,4,2,14,1,0,1,1,1,1783204406
2026-07-05T03:59:05Z,638,10,5,7,2,0,1,1,1,1783223786
2026-07-05T03:59:05Z,639,0,0,0,3,16,0,1,1,1782287204
2026-07-05T03:59:05Z,640,4,0,19,0,0,1,1,1,1783223901
2026-07-05T03:59:05Z,641,6,0,20,1,0,1,1,1,1783223671
2026-07-05T03:59:05Z,642,3,0,11,5,0,1,1,1,1783223282
2026-07-05T03:59:05Z,643,6,3,21,0,0,1,1,1,1783223788
2026-07-05T03:59:05Z,644,0,0,9,5,1,1,1,1,1783223635
2026-07-05T03:59:05Z,645,12,0,9,1,1,1,1,1,1783222616
2026-07-05T03:59:05Z,646,11,0,7,1,0,1,1,1,1783216938
2026-07-05T03:59:05Z,647,23,2,8,0,0,1,1,1,1783223118
2026-07-05T03:59:05Z,648,12,3,6,1,0,1,1,1,1783220865
2026-07-05T03:59:05Z,649,20,1,11,0,0,1,1,1,1783221651
2026-07-05T03:59:05Z,650,11,3,4,1,0,1,1,1,1783222244
2026-07-05T03:59:05Z,651,1,0,21,1,0,1,1,1,1783223872
2026-07-05T03:59:05Z,652,19,2,1,3,0,1,1,1,1783223916
2026-07-05T03:59:05Z,653,15,2,0,4,0,1,1,1,1783223904
2026-07-05T03:59:05Z,654,5,1,10,0,0,1,1,1,1783223918
2026-07-05T03:59:05Z,655,0,0,13,2,0,1,1,1,1783223857
2026-07-05T03:59:05Z,656,13,6,6,0,0,1,1,1,1783223931
2026-07-05T03:59:05Z,657,11,1,2,4,0,1,1,1,1783223896
2026-07-05T03:59:05Z,658,10,1,9,3,1,1,1,1,1783223831
2026-07-05T03:59:05Z,659,1,1,14,0,0,1,1,1,1783223255
2026-07-05T03:59:05Z,660,22,3,8,1,0,1,1,1,1783222606
2026-07-05T03:59:05Z,661,3,0,15,1,0,1,1,1,1783223899
2026-07-05T03:59:05Z,662,0,0,19,4,0,1,1,1,1783223785
2026-07-05T03:59:05Z,663,12,1,2,0,0,1,1,1,1783223537
2026-07-05T03:59:05Z,664,0,0,27,0,0,1,1,1,1783207560
2026-07-05T03:59:05Z,665,3,1,11,1,0,1,1,1,1783222763
2026-07-05T03:59:05Z,666,9,3,6,0,0,1,1,1,1783222754
2026-07-05T03:59:05Z,667,15,0,0,2,0,1,1,1,1783223935
2026-07-05T03:59:05Z,668,5,0,13,1,0,1,1,1,1783221977
2026-07-05T03:59:05Z,669,10,1,2,2,0,1,1,1,1783223314
2026-07-05T03:59:05Z,670,10,0,17,0,0,1,1,1,1783220994
2026-07-05T03:59:05Z,671,12,1,15,0,0,1,1,1,1783223275
2026-07-05T03:59:05Z,672,16,3,4,3,0,1,1,1,1783223855
2026-07-05T03:59:05Z,673,13,1,8,1,0,1,1,1,1783222642
2026-07-05T03:59:05Z,674,5,1,17,1,0,1,1,1,1783223759
2026-07-05T03:59:05Z,675,2,0,11,1,1,1,1,1,1783223818
2026-07-05T03:59:05Z,676,20,1,2,1,0,1,1,1,1783223597
2026-07-05T03:59:05Z,681,7,3,4,4,0,1,1,1,1783222786
2026-07-05T03:59:05Z,682,10,5,8,1,0,1,1,1,1783222340
2026-07-05T03:59:05Z,683,14,1,5,0,0,1,1,1,1783217961
2026-07-05T03:59:05Z,684,15,1,10,2,0,1,1,1,1783218457
2026-07-05T03:59:05Z,685,2,1,23,1,1,1,1,1,1783219780
2026-07-05T03:59:05Z,686,10,1,14,2,1,1,1,1,1783223720
2026-07-05T03:59:05Z,687,12,3,17,1,1,1,1,1,1783223858
2026-07-05T03:59:05Z,688,9,2,9,1,0,1,1,1,1783216555
2026-07-05T03:59:05Z,692,0,0,20,1,0,1,1,1,1783223588
2026-07-05T03:59:05Z,693,9,5,2,0,0,1,1,1,1783223334
2026-07-05T03:59:05Z,694,5,2,13,3,0,1,1,1,1783222672
2026-07-05T03:59:05Z,695,5,2,18,0,0,1,1,1,1783222727
2026-07-05T03:59:05Z,696,21,11,0,2,0,1,1,1,1783223349
2026-07-05T03:59:05Z,697,1,0,21,1,0,1,1,1,1783223298
2026-07-05T03:59:05Z,698,25,1,2,0,0,1,1,1,1783223903
2026-07-05T03:59:05Z,699,3,0,11,1,0,1,1,1,1783222972
2026-07-05T03:59:05Z,700,5,0,13,1,0,1,1,1,1783223692
2026-07-05T03:59:05Z,701,6,0,12,1,0,1,1,1,1783223157
2026-07-05T03:59:05Z,702,16,6,6,1,0,1,1,1,1783223632
2026-07-05T03:59:05Z,703,22,4,0,1,0,1,1,1,1783222927
2026-07-05T03:59:05Z,704,11,1,3,1,0,1,1,1,1783223481
2026-07-05T03:59:05Z,705,9,4,5,1,0,1,1,1,1783222820
2026-07-05T03:59:05Z,706,10,3,4,1,0,1,1,1,1783223865
2026-07-05T03:59:05Z,707,10,0,5,0,0,1,1,1,1783223361
2026-07-05T03:59:05Z,708,19,4,0,0,0,1,1,1,1783222464
2026-07-05T03:59:05Z,709,13,5,1,1,0,1,1,1,1783222854
2026-07-05T03:59:05Z,710,17,2,2,0,0,1,1,1,1783223093
2026-07-05T03:59:05Z,711,14,3,1,4,0,1,1,1,1783222538
2026-07-05T03:59:05Z,712,0,0,14,1,0,1,1,1,1783223642
2026-07-05T03:59:05Z,713,5,2,18,0,0,1,1,1,1783222613
2026-07-05T03:59:05Z,716,1,0,14,0,0,1,1,1,1783222744
2026-07-05T03:59:05Z,717,8,0,13,4,0,1,1,1,1783223271
2026-07-05T03:59:05Z,718,3,1,12,0,0,1,1,1,1783222701
2026-07-05T03:59:05Z,719,8,0,21,0,0,1,1,1,1783223773
2026-07-05T03:59:05Z,720,2,0,16,1,0,1,1,1,1783222703
2026-07-05T03:59:05Z,721,11,0,11,1,0,1,1,1,1783223058
2026-07-05T03:59:05Z,722,13,2,2,0,0,1,1,1,1783222657
2026-07-05T03:59:05Z,723,0,0,22,1,0,1,1,1,1783222268
2026-07-05T03:59:05Z,724,17,2,6,0,0,1,1,1,1783222932
2026-07-05T03:59:05Z,725,21,1,1,1,0,1,1,1,1783223614
2026-07-05T03:59:05Z,726,10,0,8,1,0,1,1,1,1783222273
2026-07-05T03:59:05Z,727,9,0,14,0,0,1,1,1,1783223151
2026-07-05T03:59:05Z,728,9,2,5,1,0,1,1,1,1783223500
2026-07-05T03:59:05Z,729,13,1,5,1,0,1,1,1,1783223045
2026-07-05T03:59:05Z,730,7,1,8,0,0,1,1,1,1783223861
2026-07-05T03:59:05Z,731,1,1,14,0,0,1,1,1,1783223325
2026-07-05T03:59:05Z,732,9,0,6,0,0,1,1,1,1783223656
2026-07-05T03:59:05Z,733,3,0,23,1,0,1,1,1,1783223653
2026-07-05T03:59:05Z,734,4,1,9,1,0,1,1,1,1783223221
2026-07-05T03:59:05Z,735,2,2,16,1,0,1,1,1,1783223897
2026-07-05T03:59:05Z,736,16,2,1,2,0,1,1,1,1783197738
2026-07-05T03:59:05Z,737,8,2,7,0,0,1,1,1,1783222966
2026-07-05T03:59:05Z,738,1,1,17,1,0,1,1,1,1783223294
2026-07-05T03:59:05Z,739,7,1,18,2,0,1,1,1,1783223650
2026-07-05T03:59:05Z,741,12,4,11,0,0,1,1,1,1783223070
2026-07-05T03:59:05Z,742,9,0,30,0,0,1,1,1,1783223803
2026-07-05T03:59:05Z,743,4,1,14,1,0,1,1,1,1783222594
2026-07-05T03:59:05Z,744,3,1,12,0,0,1,1,1,1783223175
2026-07-05T03:59:05Z,745,8,1,10,1,0,1,1,1,1783222612
2026-07-05T03:59:05Z,746,2,0,21,0,0,1,1,1,1783223512
2026-07-05T03:59:05Z,747,0,0,19,0,0,1,1,1,1783223115
2026-07-05T03:59:05Z,748,12,1,9,2,0,1,1,1,1783222728
2026-07-05T03:59:05Z,749,9,0,14,0,0,1,1,1,1783223805
2026-07-05T03:59:05Z,750,0,0,9,2,0,1,1,1,1783223936
2026-07-05T03:59:05Z,751,3,2,20,0,0,1,1,1,1783223924
2026-07-05T03:59:05Z,752,10,1,6,1,0,1,1,1,1783221180
2026-07-05T03:59:05Z,753,5,0,9,1,0,1,1,1,1783223425
2026-07-05T03:59:05Z,754,6,0,9,0,0,1,1,1,1783223936
2026-07-05T03:59:05Z,755,11,1,7,1,0,1,1,1,1783223730
2026-07-05T03:59:05Z,756,0,0,36,1,0,1,1,1,1783223627
2026-07-05T03:59:05Z,757,6,6,13,0,0,1,1,1,1783223316
2026-07-05T03:59:05Z,758,22,5,1,0,0,1,1,1,1783223909
2026-07-05T03:59:05Z,759,6,0,9,0,0,1,1,1,1783222126
2026-07-05T03:59:05Z,760,4,0,13,2,0,1,1,1,1783223765
2026-07-05T03:59:05Z,761,4,0,17,2,0,1,1,1,1783223686
2026-07-05T03:59:05Z,762,6,1,7,2,0,1,1,1,1783222149
2026-07-05T03:59:05Z,768,6,0,10,3,0,1,1,1,1783222533
2026-07-05T03:59:05Z,769,3,0,12,3,0,1,1,1,1783223921
2026-07-05T03:59:05Z,770,11,2,8,0,0,1,1,1,1783223790
2026-07-05T03:59:05Z,771,10,0,5,0,0,1,1,1,1783222298
2026-07-05T03:59:05Z,772,10,5,4,1,0,1,1,1,1783223360
2026-07-05T03:59:05Z,773,3,1,15,1,0,1,1,1,1783222602
2026-07-05T03:59:05Z,774,7,2,6,2,0,1,1,1,1783223743
2026-07-05T03:59:05Z,775,13,2,4,2,0,1,1,1,1783221743
2026-07-05T03:59:05Z,776,6,0,14,1,0,1,1,1,1783222995
2026-07-05T03:59:05Z,777,10,1,2,3,0,1,1,1,1783222889
2026-07-05T03:59:05Z,778,4,0,13,2,0,1,1,1,1783223905
2026-07-05T03:59:05Z,779,14,0,4,1,0,1,1,1,1783223870
2026-07-05T03:59:05Z,780,4,1,12,2,1,1,1,1,1783223298
2026-07-05T03:59:05Z,781,1,1,9,1,0,1,1,1,1783217403
2026-07-05T03:59:05Z,782,5,0,13,1,0,1,1,1,1783223542
2026-07-05T03:59:05Z,783,8,6,8,3,0,1,1,1,1783220560
2026-07-05T03:59:05Z,784,0,0,18,1,0,1,1,1,1783222244
2026-07-05T03:59:05Z,785,5,0,8,6,0,1,1,1,1783223680
2026-07-05T03:59:05Z,786,0,0,18,1,0,1,1,1,1783211324
2026-07-05T03:59:05Z,787,0,0,15,0,0,1,1,1,1783223731
2026-07-05T03:59:05Z,788,10,1,5,0,0,1,1,1,1783222213
2026-07-05T03:59:05Z,789,12,1,1,2,0,1,1,1,1783223321
2026-07-05T03:59:05Z,790,3,3,20,0,0,1,1,1,1783223454
2026-07-05T03:59:05Z,791,0,0,19,0,0,1,1,1,1783222691
2026-07-05T03:59:05Z,793,11,1,3,1,0,1,1,1,1783222349
2026-07-05T03:59:05Z,794,5,2,24,0,0,1,1,1,1783223827
2026-07-05T03:59:05Z,796,1,0,15,3,0,1,1,1,1783222701
2026-07-05T03:59:05Z,797,0,0,15,0,0,1,1,1,1783223723
2026-07-05T03:59:05Z,798,1,0,23,1,0,1,1,1,1783223385
2026-07-05T03:59:05Z,799,4,1,14,1,0,1,1,1,1783223759
2026-07-05T03:59:05Z,800,2,0,17,2,0,1,1,1,1783223802
2026-07-05T03:59:05Z,801,3,2,16,2,0,1,1,1,1783222236
2026-07-05T03:59:05Z,802,2,0,28,0,1,1,1,1,1783222721
2026-07-05T03:59:05Z,803,2,1,13,0,0,1,1,1,1783223391
2026-07-05T03:59:05Z,806,0,0,11,4,0,1,1,1,1783223234
2026-07-05T03:59:05Z,807,16,0,8,1,0,1,1,1,1783223926
2026-07-05T03:59:05Z,808,9,0,15,1,0,1,1,1,1783223533
2026-07-05T03:59:05Z,809,5,1,18,0,0,1,1,1,1783222344
2026-07-05T03:59:05Z,810,8,5,10,1,0,1,1,1,1783222362
2026-07-05T03:59:05Z,815,5,2,9,1,0,1,1,1,1783222700
2026-07-05T03:59:05Z,817,4,1,4,7,0,1,1,1,1783223227
2026-07-05T03:59:05Z,818,3,2,20,0,0,1,1,1,1783222730
2026-07-05T03:59:05Z,819,6,6,6,3,0,1,1,1,1783222274
2026-07-05T03:59:05Z,820,7,1,8,2,0,1,1,1,1783223670
2026-07-05T03:59:05Z,821,9,0,5,1,0,1,1,1,1783223701
2026-07-05T03:59:05Z,822,1,0,20,2,0,1,1,1,1783223911
2026-07-05T03:59:05Z,823,11,1,4,0,0,1,1,1,1783223720
2026-07-05T03:59:05Z,824,5,3,13,1,0,1,1,1,1783223509
2026-07-05T03:59:05Z,825,9,2,6,0,0,1,1,1,1783218366
2026-07-05T03:59:05Z,826,8,0,10,1,0,1,1,1,1783223076
2026-07-05T03:59:05Z,827,7,1,13,1,0,1,1,1,1783222242
2026-07-05T03:59:05Z,828,1,0,16,1,0,1,1,1,1783223286
2026-07-05T03:59:05Z,829,1,0,26,0,0,1,1,1,1783212589
2026-07-05T03:59:05Z,830,19,2,4,0,0,1,1,1,1783223827
2026-07-05T03:59:05Z,831,5,1,3,7,0,1,1,1,1783223743
2026-07-05T03:59:05Z,832,12,2,6,0,0,1,1,1,1783222689
2026-07-05T03:59:05Z,833,18,11,0,1,0,1,1,1,1783223825
2026-07-05T03:59:05Z,834,0,0,24,0,0,1,1,1,1783222945
2026-07-05T03:59:05Z,835,10,5,8,0,0,1,1,1,1783223933
2026-07-05T03:59:05Z,837,4,1,4,7,0,1,1,1,1783223767
2026-07-05T03:59:05Z,838,6,2,6,3,0,1,1,1,1783223453
2026-07-05T03:59:05Z,839,18,3,10,1,0,1,1,1,1783223523
2026-07-05T03:59:05Z,840,4,2,25,0,0,1,1,1,1783223841
2026-07-05T03:59:05Z,841,4,2,8,3,0,1,1,1,1783223335
2026-07-05T03:59:05Z,842,4,0,18,0,1,1,1,1,1783222615
2026-07-05T03:59:05Z,843,2,0,27,2,0,1,1,1,1783222324
2026-07-05T03:59:05Z,844,5,0,18,0,0,1,1,1,1783223835
2026-07-05T03:59:05Z,845,8,0,11,0,0,1,1,1,1783223356
2026-07-05T03:59:05Z,846,7,1,11,0,1,1,1,1,1783223825
2026-07-05T03:59:05Z,847,0,0,27,0,0,1,1,1,1783222530
2026-07-05T03:59:05Z,848,7,0,12,0,0,1,1,1,1783222950
2026-07-05T03:59:05Z,849,1,1,9,5,0,1,1,1,1783223644
2026-07-05T03:59:05Z,850,2,0,9,0,0,1,1,1,1783222950
2026-07-05T03:59:05Z,851,23,1,12,2,0,1,1,1,1783222241
2026-07-05T03:59:05Z,852,2,0,16,1,0,1,1,1,1783223789
2026-07-05T03:59:05Z,853,10,2,12,1,0,1,1,1,1783223927
2026-07-05T03:59:05Z,854,5,0,9,1,0,1,1,1,1783223409
2026-07-05T03:59:05Z,855,25,0,2,0,0,1,1,1,1783222752
2026-07-05T03:59:05Z,857,8,6,10,1,0,1,1,1,1783223268
2026-07-05T03:59:05Z,858,1,0,17,1,0,1,1,1,1783222451
2026-07-05T03:59:05Z,859,9,3,12,0,0,1,1,1,1783223206
2026-07-05T03:59:05Z,861,4,0,7,0,0,1,1,1,1783222656
2026-07-05T03:59:05Z,862,4,0,11,0,0,1,1,1,1783222374
2026-07-05T03:59:05Z,863,7,3,11,1,0,1,1,1,1783216283
2026-07-05T03:59:05Z,866,18,0,1,0,0,1,1,1,1783213234
2026-07-05T03:59:05Z,867,9,0,6,0,0,1,1,1,1783223452
2026-07-05T03:59:05Z,868,11,0,4,0,0,1,1,1,1783222226
2026-07-05T03:59:05Z,870,10,3,4,1,0,1,1,1,1783222325
2026-07-05T03:59:05Z,871,3,0,8,0,0,1,1,1,1783223396
2026-07-05T03:59:05Z,872,5,2,10,0,0,1,1,1,1783222363
2026-07-05T03:59:05Z,873,5,0,26,2,0,1,1,1,1783223724
2026-07-05T03:59:05Z,874,14,1,0,1,0,1,1,1,1783223462
2026-07-05T03:59:05Z,875,3,1,12,0,0,1,1,1,1783223602
2026-07-05T03:59:05Z,877,7,3,12,0,0,1,1,1,1783222222
2026-07-05T03:59:05Z,878,9,0,10,0,0,1,1,1,1783223928
2026-07-05T03:59:05Z,879,7,0,11,1,0,1,1,1,1783223582
2026-07-05T03:59:05Z,880,11,2,12,0,0,1,1,1,1783223293
2026-07-05T03:59:05Z,881,3,1,13,3,0,1,1,1,1783222976
2026-07-05T03:59:05Z,882,10,5,9,0,0,1,1,1,1783222697
2026-07-05T03:59:05Z,883,12,6,6,1,0,1,1,1,1783222906
2026-07-05T03:59:05Z,884,10,5,11,0,0,1,1,1,1783183865
2026-07-05T03:59:05Z,885,7,2,11,1,0,1,1,1,1783222469
2026-07-05T03:59:05Z,886,7,5,20,2,0,1,1,1,1783223576
2026-07-05T03:59:05Z,887,4,0,12,1,0,1,1,1,1783223521
2026-07-05T03:59:05Z,888,1,0,39,1,0,1,1,1,1783223793
2026-07-05T03:59:05Z,889,10,0,9,0,0,1,1,1,1783223542
2026-07-05T03:59:05Z,890,8,2,7,0,0,1,1,1,1783217856
2026-07-05T03:59:05Z,891,7,1,15,1,0,1,1,1,1783223909
2026-07-05T03:59:05Z,892,13,5,2,0,0,1,1,1,1783221250
2026-07-05T03:59:05Z,895,4,0,15,0,0,1,1,1,1783222990
2026-07-05T03:59:05Z,896,29,8,6,0,0,1,1,1,1783223163
2026-07-05T03:59:05Z,897,11,1,9,1,0,1,1,1,1783223477
2026-07-05T03:59:05Z,898,7,1,12,0,0,1,1,1,1783223592
2026-07-05T03:59:05Z,899,13,1,6,0,0,1,1,1,1783222924
2026-07-05T03:59:05Z,900,18,1,8,1,0,1,1,1,1783223527
2026-07-05T03:59:05Z,901,10,0,9,0,0,1,1,1,1783223484
2026-07-05T03:59:05Z,902,0,0,15,0,0,1,1,1,1783223533
2026-07-05T03:59:05Z,903,1,0,18,0,0,1,1,1,1783223327
2026-07-05T03:59:05Z,904,13,0,4,2,0,1,1,1,1783223632
2026-07-05T03:59:05Z,905,12,7,15,0,0,1,1,1,1783223924
2026-07-05T03:59:05Z,906,26,9,1,0,0,1,1,1,1783223364
2026-07-05T03:59:05Z,907,14,1,17,0,0,1,1,1,1783223697
2026-07-05T03:59:05Z,908,8,0,15,0,0,1,1,1,1783222135
2026-07-05T03:59:05Z,909,9,8,13,1,0,1,1,1,1783223873
2026-07-05T03:59:05Z,910,1,0,29,1,0,1,1,1,1783223834
2026-07-05T03:59:05Z,911,10,0,8,1,0,1,1,1,1783223409
2026-07-05T03:59:05Z,912,10,1,11,2,0,1,1,1,1783223670
2026-07-05T03:59:05Z,913,10,1,9,0,0,1,1,1,1783211292
2026-07-05T03:59:05Z,914,15,0,3,1,0,1,1,1,1783223739
2026-07-05T03:59:05Z,915,4,0,19,0,0,1,1,1,1783223835
2026-07-05T03:59:05Z,916,5,1,17,1,0,1,1,1,1783223762
2026-07-05T03:59:05Z,917,3,1,32,0,0,1,1,1,1783222936
2026-07-05T03:59:05Z,918,16,3,2,1,0,1,1,1,1783223449
2026-07-05T03:59:05Z,919,38,6,0,1,0,1,1,1,1783223041
2026-07-05T03:59:05Z,920,3,3,16,0,0,1,1,1,1783223409
2026-07-05T03:59:05Z,921,3,0,15,3,0,1,1,1,1783219782
2026-07-05T03:59:05Z,922,9,1,12,0,0,1,1,1,1783223694
2026-07-05T03:59:05Z,923,2,2,16,1,0,1,1,1,1783223239
2026-07-05T03:59:05Z,924,16,2,5,0,0,1,1,1,1783223222
2026-07-05T03:59:05Z,925,1,1,19,1,0,1,1,1,1783223597
2026-07-05T03:59:05Z,926,8,1,13,0,0,1,1,1,1783223691
2026-07-05T03:59:05Z,927,16,0,17,1,0,1,1,1,1783223504
2026-07-05T03:59:05Z,928,11,1,7,1,0,1,1,1,1783223884
2026-07-05T03:59:05Z,929,9,1,14,0,0,1,1,1,1783223933
2026-07-05T03:59:05Z,930,21,0,10,0,0,1,1,1,1783223764
2026-07-05T03:59:05Z,931,3,2,19,1,0,1,1,1,1783223784
2026-07-05T03:59:05Z,932,11,1,7,1,0,1,1,1,1783223578
2026-07-05T03:59:05Z,933,13,0,9,1,0,1,1,1,1783223539
2026-07-05T03:59:05Z,934,6,0,24,1,0,1,1,1,1783223257
2026-07-05T03:59:05Z,935,1,0,15,3,0,1,1,1,1783223883
2026-07-05T03:59:05Z,936,17,3,2,0,0,1,1,1,1783223895
2026-07-05T03:59:05Z,940,6,0,4,1,0,1,1,1,1783223924
2026-07-05T03:59:05Z,941,4,0,21,0,0,1,1,1,1783221252
2026-07-05T03:59:05Z,942,6,1,15,0,0,1,1,1,1783223503
2026-07-05T03:59:05Z,943,4,4,10,1,0,1,1,1,1783223631
2026-07-05T03:59:05Z,944,5,5,9,1,0,1,1,1,1783219032
2026-07-05T03:59:05Z,945,9,5,6,0,0,1,1,1,1783222168
2026-07-05T03:59:05Z,946,8,6,11,0,0,1,1,1,1783223914
2026-07-05T03:59:05Z,947,7,5,10,0,0,1,1,1,1783222901
2026-07-05T03:59:05Z,948,17,3,11,3,0,1,1,1,1783222897
2026-07-05T03:59:05Z,949,0,0,15,0,0,1,1,1,1783223910
2026-07-05T03:59:05Z,950,9,0,5,3,0,1,1,1,1783223615
2026-07-05T03:59:05Z,951,5,0,17,1,0,1,1,1,1783223736
2026-07-05T03:59:05Z,952,19,1,33,3,0,1,1,1,1783223930
2026-07-05T03:59:05Z,953,13,0,0,2,0,1,1,1,1783223904
2026-07-05T03:59:05Z,954,15,1,3,1,0,1,1,1,1783223900
2026-07-05T03:59:05Z,955,2,1,19,6,0,1,1,1,1783222292
2026-07-05T03:59:05Z,956,0,0,18,1,0,1,1,1,1783223443
2026-07-05T03:59:05Z,957,4,0,24,1,0,1,1,1,1783223887
2026-07-05T03:59:05Z,958,6,0,24,1,0,1,1,1,1783223735
2026-07-05T03:59:05Z,959,2,1,20,1,0,1,1,1,1783223907
2026-07-05T03:59:05Z,960,22,5,0,1,0,1,1,1,1783223208
2026-07-05T03:59:05Z,961,7,3,16,0,0,1,1,1,1783223831
2026-07-05T03:59:05Z,962,2,1,26,7,0,1,1,1,1783223707
2026-07-05T03:59:05Z,963,6,0,17,0,0,1,1,1,1783223639
2026-07-05T03:59:05Z,964,9,3,13,1,0,1,1,1,1783223426
2026-07-05T03:59:05Z,965,8,1,17,2,0,1,1,1,1783222895
2026-07-05T03:59:05Z,966,14,0,17,0,0,1,1,1,1783223838
2026-07-05T03:59:05Z,967,11,1,6,4,0,1,1,1,1783222800
2026-07-05T03:59:05Z,968,9,0,10,0,0,1,1,1,1783223893
2026-07-05T03:59:05Z,969,11,2,15,1,0,1,1,1,1783223064
2026-07-05T03:59:05Z,970,13,3,3,3,0,1,1,1,1783223935
2026-07-05T03:59:05Z,971,21,0,1,1,0,1,1,1,1783223663
2026-07-05T03:59:05Z,972,4,1,19,0,0,1,1,1,1783223384
2026-07-05T03:59:05Z,973,2,1,19,2,0,1,1,1,1783223552
2026-07-05T03:59:05Z,974,17,0,10,0,0,1,1,1,1783223930
2026-07-05T03:59:05Z,977,5,3,15,1,0,1,1,1,1783222188
2026-07-05T03:59:05Z,978,18,3,5,0,0,1,1,1,1783223793
2026-07-05T03:59:05Z,979,8,0,8,1,0,1,1,1,1783223495
2026-07-05T03:59:05Z,980,6,0,15,0,0,1,1,1,1783223432
2026-07-05T03:59:05Z,981,4,1,16,1,0,1,1,1,1783223097
2026-07-05T03:59:05Z,982,9,3,9,1,0,1,1,1,1783223770
2026-07-05T03:59:05Z,983,1,0,22,0,0,1,1,1,1783223131
2026-07-05T03:59:05Z,984,15,10,7,1,0,1,1,1,1783223258
2026-07-05T03:59:05Z,985,0,0,29,1,1,1,1,1,1783223196
2026-07-05T03:59:05Z,986,6,6,12,1,0,1,1,1,1783222232
2026-07-05T03:59:05Z,987,3,0,20,0,0,1,1,1,1783222439
2026-07-05T03:59:05Z,988,11,4,8,0,0,1,1,1,1783222505
2026-07-05T03:59:05Z,989,14,11,4,1,0,1,1,1,1783222474
2026-07-05T03:59:05Z,990,13,3,1,1,0,1,1,1,1783223915
2026-07-05T03:59:05Z,991,18,10,1,0,0,1,1,1,1783222647
2026-07-05T03:59:05Z,992,6,1,17,0,0,1,1,1,1783223537
2026-07-05T03:59:05Z,993,1,1,26,0,0,1,1,1,1783222265
2026-07-05T03:59:05Z,994,8,1,9,4,0,1,1,1,1783223574
2026-07-05T03:59:05Z,995,10,1,17,0,0,1,1,1,1783223571
2026-07-05T03:59:05Z,996,9,4,14,0,0,1,1,1,1783222393
2026-07-05T03:59:05Z,997,9,5,10,4,0,1,1,1,1783222620
2026-07-05T03:59:05Z,998,8,0,15,0,0,1,1,1,1783222278
2026-07-05T03:59:05Z,999,8,2,11,1,1,1,1,1,1783223445
2026-07-05T03:59:05Z,1000,8,1,13,0,0,1,1,1,1783223936
2026-07-05T03:59:05Z,1001,1,0,26,0,0,1,1,1,1783223267
2026-07-05T03:59:05Z,1002,9,1,22,0,0,1,1,1,1783223720
2026-07-05T03:59:05Z,1003,2,1,21,0,0,1,1,1,1783222772
2026-07-05T03:59:05Z,1004,12,2,11,0,0,1,1,1,1783223575
2026-07-05T03:59:05Z,1005,6,2,16,1,0,1,1,1,1783223579
2026-07-05T03:59:05Z,1006,13,3,6,0,0,1,1,1,1783222355
2026-07-05T03:59:05Z,1007,6,3,15,0,0,1,1,1,1783222135
2026-07-05T03:59:05Z,1008,12,4,10,1,0,1,1,1,1783223803
2026-07-05T03:59:05Z,1009,8,0,22,1,0,1,1,1,1783223500
2026-07-05T03:59:05Z,1010,12,8,15,0,0,1,1,1,1783222562
2026-07-05T03:59:05Z,1011,7,7,12,0,0,1,1,1,1783222289
2026-07-05T03:59:05Z,1012,2,2,18,3,0,1,1,1,1783222246
2026-07-05T03:59:05Z,1013,8,2,13,2,0,1,1,1,1783223412
2026-07-05T03:59:05Z,1014,8,4,15,0,0,1,1,1,1783223479
2026-07-05T03:59:05Z,1015,8,3,23,0,0,1,1,1,1783223269
2026-07-05T03:59:05Z,1016,16,4,15,0,0,1,1,1,1783223786
2026-07-05T03:59:05Z,1017,10,3,10,1,0,1,1,1,1783223508
2026-07-05T03:59:05Z,1018,8,6,12,1,0,1,1,1,1783222517
2026-07-05T03:59:05Z,1019,13,2,2,0,0,1,1,1,1783223909
2026-07-05T03:59:05Z,1020,11,1,10,0,0,1,1,1,1783222959
2026-07-05T03:59:05Z,1021,10,4,5,0,0,1,1,1,1783222140
2026-07-05T03:59:05Z,1022,10,0,17,0,0,1,1,1,1783223835
2026-07-05T03:59:05Z,1023,16,0,7,0,0,1,1,1,1783222286
2026-07-05T03:59:05Z,1024,9,2,10,0,0,1,1,1,1783223818
2026-07-05T03:59:05Z,1025,12,1,6,1,0,1,1,1,1783223452
2026-07-05T03:59:05Z,1026,6,1,22,3,0,1,1,1,1783223668
2026-07-05T03:59:05Z,1028,18,5,5,0,0,1,1,1,1783223891
2026-07-05T03:59:05Z,1029,5,2,6,4,0,1,1,1,1783222881
2026-07-05T03:59:05Z,1030,16,2,6,1,0,1,1,1,1783223907
2026-07-05T03:59:05Z,1031,0,0,19,0,0,1,1,1,1783223201
2026-07-05T03:59:05Z,1032,16,3,3,0,0,1,1,1,1783223605
2026-07-05T03:59:05Z,1033,12,9,6,1,0,1,1,1,1783223216
2026-07-05T03:59:05Z,1034,9,1,5,1,0,1,1,1,1783223770
2026-07-05T03:59:05Z,1035,7,0,12,0,0,1,1,1,1783223434
2026-07-05T03:59:05Z,1036,11,4,4,0,0,1,1,1,1783223300
2026-07-05T03:59:05Z,1037,2,1,16,1,0,1,1,1,1783222254
2026-07-05T03:59:05Z,1038,6,0,9,0,0,1,1,1,1783222827
2026-07-05T03:59:05Z,1039,6,2,13,0,0,1,1,1,1783223555
2026-07-05T03:59:05Z,1040,1,0,18,0,0,1,1,1,1783222569
2026-07-05T03:59:05Z,1041,4,3,15,0,0,1,1,1,1783223704
2026-07-05T03:59:05Z,1042,15,3,0,0,0,1,1,1,1783223677
2026-07-05T03:59:05Z,1043,8,2,10,1,0,1,1,1,1783222545
2026-07-05T03:59:05Z,1044,4,2,9,2,0,1,1,1,1783223159
2026-07-05T03:59:05Z,1045,6,2,12,1,0,1,1,1,1783223566
2026-07-05T03:59:05Z,1046,4,0,7,4,0,1,1,1,1783222134
2026-07-05T03:59:05Z,1047,0,0,21,0,0,1,1,1,1783223567
2026-07-05T03:59:05Z,1048,8,0,11,0,0,1,1,1,1783223476
2026-07-05T03:59:05Z,1049,14,1,6,1,0,1,1,1,1783223935
2026-07-05T03:59:05Z,1050,17,7,4,0,0,1,1,1,1783222811
2026-07-05T03:59:05Z,1051,19,3,2,0,0,1,1,1,1783223363
2026-07-05T03:59:05Z,1052,10,1,10,2,0,1,1,1,1783222421
2026-07-05T03:59:05Z,1053,8,2,7,0,0,1,1,1,1783222714
2026-07-05T03:59:05Z,1054,8,0,6,1,0,1,1,1,1783222490
2026-07-05T03:59:05Z,1055,13,0,6,0,0,1,1,1,1783223790
2026-07-05T03:59:05Z,1057,6,0,12,1,0,1,1,1,1783223936
2026-07-05T03:59:05Z,1058,17,0,38,1,0,1,1,1,1783223712
2026-07-05T03:59:05Z,1059,9,2,10,0,0,1,1,1,1783222512
2026-07-05T03:59:05Z,1060,20,0,17,0,0,1,1,1,1783223808
2026-07-05T03:59:05Z,1061,3,1,34,0,0,1,1,1,1783222992
2026-07-05T03:59:05Z,1062,4,0,12,1,0,1,1,1,1783223442
2026-07-05T03:59:05Z,1063,11,4,7,1,0,1,1,1,1783223712
2026-07-05T03:59:05Z,1064,10,1,12,1,0,1,1,1,1783223575
2026-07-05T03:59:05Z,1065,9,3,13,1,0,1,1,1,1783223787
2026-07-05T03:59:05Z,1066,16,5,7,0,0,1,1,1,1783222498
2026-07-05T03:59:05Z,1067,12,1,10,1,0,1,1,1,1783222180
2026-07-05T03:59:05Z,1068,13,0,10,0,0,1,1,1,1783222152
2026-07-05T03:59:05Z,1069,0,0,23,0,0,1,1,1,1783222474
2026-07-05T03:59:05Z,1070,7,4,15,1,0,1,1,1,1783223103
2026-07-05T03:59:05Z,1071,1,0,22,0,0,1,1,1,1783223254
2026-07-05T03:59:05Z,1072,14,1,8,1,0,1,1,1,1783222127
2026-07-05T03:59:05Z,1073,6,0,19,2,0,1,1,1,1783223123
2026-07-05T03:59:05Z,1074,32,2,17,4,0,1,1,1,1783223345
2026-07-05T03:59:05Z,1075,12,11,9,0,0,1,1,1,1783223627
2026-07-05T03:59:05Z,1076,11,5,10,0,0,1,1,1,1783222504
2026-07-05T03:59:05Z,1077,8,8,13,0,0,1,1,1,1783223760
2026-07-05T03:59:05Z,1078,15,5,6,0,0,1,1,1,1783223397
2026-07-05T03:59:05Z,1079,14,12,7,0,0,1,1,1,1783223787
2026-07-05T03:59:05Z,1080,8,8,13,0,0,1,1,1,1783221802
2026-07-05T03:59:05Z,1081,14,14,5,0,0,1,1,1,1783223699
2026-07-05T03:59:05Z,1082,15,11,8,0,0,1,1,1,1783223687
2026-07-05T03:59:05Z,1083,6,3,14,1,0,1,1,1,1783223536
2026-07-05T03:59:05Z,1084,8,6,13,0,0,1,1,1,1783223564
2026-07-05T03:59:05Z,1085,8,6,13,0,0,1,1,1,1783223779
2026-07-05T03:59:05Z,1086,10,7,11,0,0,1,1,1,1783223684
2026-07-05T03:59:05Z,1087,7,5,8,0,0,1,1,1,1783223902
2026-07-05T03:59:05Z,1088,7,7,8,0,0,1,1,1,1783222657
2026-07-05T03:59:05Z,1089,5,5,10,0,0,1,1,1,1783223798
2026-07-05T03:59:05Z,1090,7,6,8,0,0,1,1,1,1783223770
2026-07-05T03:59:05Z,1091,9,7,6,0,0,1,1,1,1783222395
2026-07-05T03:59:05Z,1092,8,8,7,0,0,1,1,1,1783223487
2026-07-05T03:59:05Z,1093,6,6,9,0,0,1,1,1,1783223117
2026-07-05T03:59:05Z,1094,12,7,7,0,0,1,1,1,1783223231
2026-07-05T03:59:05Z,1095,9,9,6,0,0,1,1,1,1783223614
2026-07-05T03:59:05Z,1096,13,11,6,0,0,1,1,1,1783223495
2026-07-05T03:59:05Z,1097,9,6,6,0,0,1,1,1,1783223615
2026-07-05T03:59:05Z,1098,14,13,4,1,0,1,1,1,1783223210
2026-07-05T03:59:05Z,1099,6,6,9,0,0,1,1,1,1783223041
2026-07-05T03:59:05Z,1100,7,5,20,2,0,1,1,1,1783222767
2026-07-05T03:59:05Z,1101,10,5,11,0,0,1,1,1,1783222354
2026-07-05T03:59:05Z,1102,10,5,3,0,0,1,1,1,1783222219
2026-07-05T03:59:05Z,1103,10,5,11,0,0,1,1,1,1783223614
2026-07-05T03:59:05Z,1104,10,5,11,0,0,1,1,1,1783222343
2026-07-05T03:59:05Z,1105,9,3,3,1,0,1,1,1,1783223836
2026-07-05T03:59:05Z,1106,10,5,11,0,0,1,1,1,1783222804
2026-07-05T03:59:05Z,1107,11,5,4,0,0,1,1,1,1783223896
2026-07-05T03:59:05Z,1108,9,7,16,2,0,1,1,1,1783222316
2026-07-05T03:59:05Z,1109,9,4,6,0,0,1,1,1,1783222403
2026-07-05T03:59:05Z,1110,7,1,14,0,0,1,1,1,1783222785
2026-07-05T03:59:05Z,1111,10,0,10,1,0,1,1,1,1783222852
2026-07-05T03:59:05Z,1112,44,0,8,1,0,1,1,1,1783223333
2026-07-05T03:59:05Z,1113,2,0,19,0,0,1,1,1,1783222547
2026-07-05T03:59:05Z,1115,13,1,10,0,0,1,1,1,1783223577
2026-07-05T03:59:05Z,1116,9,0,10,0,0,1,1,1,1783223265
2026-07-05T03:59:05Z,1117,1,1,21,1,0,1,1,1,1783223775
2026-07-05T03:59:05Z,1118,17,0,4,0,0,1,1,1,1783223519
2026-07-05T03:59:05Z,1119,6,1,11,0,0,1,1,1,1783223295
2026-07-05T03:59:05Z,1120,0,0,16,3,0,1,1,1,1783223623
2026-07-05T03:59:05Z,1121,8,0,12,1,0,1,1,1,1783223578
2026-07-05T03:59:05Z,1122,9,3,11,0,1,1,1,1,1783223575
2026-07-05T03:59:05Z,1123,3,1,19,1,0,1,1,1,1783223467
2026-07-05T03:59:05Z,1124,13,1,1,1,0,1,1,1,1783223658
2026-07-05T03:59:05Z,1125,16,3,7,0,0,1,1,1,1783223569
2026-07-05T03:59:05Z,1126,8,1,11,2,0,1,1,1,1783223675
2026-07-05T03:59:05Z,1127,5,1,12,2,0,1,1,1,1783223765
2026-07-05T03:59:05Z,1128,14,2,1,0,0,1,1,1,1783223595
2026-07-05T03:59:05Z,1129,15,1,5,1,0,1,1,1,1783223430
2026-07-05T03:59:05Z,1130,7,1,5,3,0,1,1,1,1783223135
2026-07-05T03:59:05Z,1131,1,0,47,1,0,1,1,1,1783223432
2026-07-05T03:59:05Z,1132,14,1,6,1,0,1,1,1,1783223579
2026-07-05T03:59:05Z,1133,10,4,9,2,0,1,1,1,1783223930
2026-07-05T03:59:05Z,1134,10,6,9,0,0,1,1,1,1783222414
2026-07-05T03:59:05Z,1135,8,4,13,0,0,1,1,1,1783222623
2026-07-05T03:59:05Z,1136,19,0,2,2,0,1,1,1,1783223801
2026-07-05T03:59:05Z,1137,6,1,9,0,0,1,1,1,1783223320
2026-07-05T03:59:05Z,1138,12,0,7,0,0,1,1,1,1783223001
2026-07-05T03:59:05Z,1139,1,0,20,0,0,1,1,1,1783223577
2026-07-05T03:59:05Z,1140,6,2,12,5,0,1,1,1,1783222846
2026-07-05T03:59:05Z,1141,2,0,18,1,0,1,1,1,1783223877
2026-07-05T03:59:05Z,1142,4,0,17,0,0,1,1,1,1783222970
2026-07-05T03:59:05Z,1143,26,1,3,0,0,1,1,1,1783223905
2026-07-05T03:59:05Z,1144,13,1,7,1,0,1,1,1,1783223359
2026-07-05T03:59:05Z,1145,8,3,10,2,1,1,1,1,1783223130
2026-07-05T03:59:05Z,1146,16,2,0,3,0,1,1,1,1783223745
2026-07-05T03:59:05Z,1147,9,2,10,0,0,1,1,1,1783223329
2026-07-05T03:59:05Z,1148,13,1,17,1,0,1,1,1,1783223416
2026-07-05T03:59:05Z,1149,16,4,9,0,0,1,1,1,1783223190
2026-07-05T03:59:05Z,1150,19,0,0,0,0,1,1,1,1783223852
2026-07-05T03:59:05Z,1151,11,0,9,1,0,1,1,1,1783222386
2026-07-05T03:59:05Z,1152,8,1,18,3,0,1,1,1,1783223266
2026-07-05T03:59:05Z,1153,10,0,12,1,0,1,1,1,1783223440
2026-07-05T03:59:05Z,1154,10,1,6,3,0,1,1,1,1783223864
2026-07-05T03:59:05Z,1155,5,1,14,2,0,1,1,1,1783223867
2026-07-05T03:59:05Z,1158,7,0,12,0,0,1,1,1,1783223410
2026-07-05T03:59:05Z,1159,6,2,13,0,0,1,1,1,1783222499
2026-07-05T03:59:05Z,1160,8,1,10,1,0,1,1,1,1783222698
2026-07-05T03:59:05Z,1161,5,2,14,0,0,1,1,1,1783223820
2026-07-05T03:59:05Z,1162,11,6,8,0,0,1,1,1,1783223274
2026-07-05T03:59:05Z,1163,2,0,16,1,0,1,1,1,1783223189
2026-07-05T03:59:05Z,1164,9,2,9,1,0,1,1,1,1783223587
2026-07-05T03:59:05Z,1165,2,1,18,1,0,1,1,1,1783222925
2026-07-05T03:59:05Z,1166,6,0,15,0,0,1,1,1,1783223362
2026-07-05T03:59:05Z,1167,12,2,3,0,0,1,1,1,1783223859
2026-07-05T03:59:05Z,1168,5,1,18,0,0,1,1,1,1783223552
2026-07-05T03:59:05Z,1169,0,0,18,1,0,1,1,1,1783222917
2026-07-05T03:59:05Z,1170,0,0,21,0,0,1,1,1,1783222296
2026-07-05T03:59:05Z,1171,10,9,12,1,0,1,1,1,1783222977
2026-07-05T03:59:05Z,1172,10,3,5,0,0,1,1,1,1783223876
2026-07-05T03:59:05Z,1173,0,0,19,0,0,1,1,1,1783222366
2026-07-05T03:59:05Z,1174,1,0,14,0,0,1,1,1,1783223702
2026-07-05T03:59:05Z,1175,1,0,17,1,0,1,1,1,1783223314
2026-07-05T03:59:05Z,1176,18,4,3,0,0,1,1,1,1783217041
2026-07-05T03:59:05Z,1177,11,4,10,0,0,1,1,1,1783223381
2026-07-05T03:59:05Z,1178,7,3,7,1,0,1,1,1,1783223859
2026-07-05T03:59:05Z,1181,3,0,12,0,0,1,1,1,1783223842
2026-07-05T03:59:05Z,1182,1,1,18,1,0,1,1,1,1783223862
2026-07-05T03:59:05Z,1183,1,1,35,1,0,1,1,1,1783223931
2026-07-05T03:59:05Z,1184,2,1,17,2,0,1,1,1,1783223753
2026-07-05T03:59:05Z,1185,10,5,11,0,0,1,1,1,1783222381
2026-07-05T03:59:05Z,1186,10,5,9,0,0,1,1,1,1783223700
2026-07-05T03:59:05Z,1190,7,4,14,0,0,1,1,1,1783223594
2026-07-05T03:59:05Z,1192,9,5,12,0,0,1,1,1,1783222750
2026-07-05T03:59:05Z,1193,5,1,7,1,0,1,1,1,1783222477
2026-07-05T03:59:05Z,1197,8,2,7,2,0,1,1,1,1783223613
2026-07-05T03:59:05Z,1198,13,8,7,1,0,1,1,1,1783222221
2026-07-05T03:59:05Z,1199,6,5,13,0,0,1,1,1,1783223406
2026-07-05T03:59:05Z,1200,9,3,5,1,0,1,1,1,1783223743
2026-07-05T03:59:05Z,1201,4,0,11,0,0,1,1,1,1783222843
2026-07-05T03:59:05Z,1202,13,6,2,0,0,1,1,1,1783222530
2026-07-05T03:59:05Z,1203,11,6,4,0,0,1,1,1,1783222856
2026-07-05T03:59:05Z,1218,11,5,10,0,0,1,1,1,1783222459
2026-07-05T03:59:05Z,1224,0,0,3,0,0,0,1,1,1781869449
2026-07-05T03:59:05Z,1225,0,0,3,0,0,0,1,1,1781868919
2026-07-05T03:59:05Z,1226,0,0,3,0,0,0,1,1,1781868931
2026-07-05T04:04:05Z,1,3,0,20,0,0,1,1,1,1783223235
2026-07-05T04:04:05Z,2,16,2,11,0,0,1,1,1,1783224139
2026-07-05T04:04:05Z,3,0,0,18,1,0,1,1,1,1783223646
2026-07-05T04:04:05Z,4,11,0,12,0,0,1,1,1,1783223691
2026-07-05T04:04:05Z,5,11,7,11,1,0,1,1,1,1783224086
2026-07-05T04:04:05Z,6,11,1,4,0,0,1,1,1,1783223477
2026-07-05T04:04:05Z,7,0,0,23,0,0,1,1,1,1783222840
2026-07-05T04:04:05Z,8,24,0,19,0,0,1,1,1,1783224105
2026-07-05T04:04:05Z,9,18,1,1,4,0,1,1,1,1783224018
2026-07-05T04:04:05Z,10,9,2,14,0,0,1,1,1,1783221209
2026-07-05T04:04:05Z,11,6,1,13,0,0,1,1,1,1783223382
2026-07-05T04:04:05Z,12,1,0,22,0,0,1,1,1,1783222676
2026-07-05T04:04:05Z,13,20,0,9,1,0,1,1,1,1783224192
2026-07-05T04:04:05Z,14,20,0,23,0,0,1,1,1,1783224011
2026-07-05T04:04:05Z,15,0,0,14,1,0,1,1,1,1783223799
2026-07-05T04:04:05Z,16,14,0,12,1,0,1,1,1,1783219189
2026-07-05T04:04:05Z,17,7,0,18,2,0,1,1,1,1783223999
2026-07-05T04:04:05Z,18,9,0,9,1,0,1,1,1,1783224006
2026-07-05T04:04:05Z,19,2,0,24,1,0,1,1,1,1783224237
2026-07-05T04:04:05Z,20,18,0,9,0,0,1,1,1,1783224209
2026-07-05T04:04:05Z,21,16,0,2,1,0,1,1,1,1783224203
2026-07-05T04:04:05Z,22,54,1,12,1,0,1,1,1,1783224194
2026-07-05T04:04:05Z,23,27,3,4,0,0,1,1,1,1783224177
2026-07-05T04:04:05Z,24,5,0,5,1,0,1,1,1,1783224237
2026-07-05T04:04:05Z,25,34,0,44,2,1,1,1,1,1783224219
2026-07-05T04:04:05Z,26,13,0,14,0,0,1,1,1,1783222175
2026-07-05T04:04:05Z,28,13,1,2,0,0,1,1,1,1783223332
2026-07-05T04:04:05Z,30,23,0,3,1,0,1,1,1,1783223406
2026-07-05T04:04:05Z,31,0,0,19,0,0,1,1,1,1783223897
2026-07-05T04:04:05Z,32,11,1,16,0,0,1,1,1,1783224099
2026-07-05T04:04:05Z,34,9,0,28,0,0,1,1,1,1783224013
2026-07-05T04:04:05Z,35,40,0,5,2,0,1,1,1,1783224223
2026-07-05T04:04:05Z,36,0,0,0,0,0,0,1,1,86400
2026-07-05T04:04:05Z,37,1,0,21,1,0,1,1,1,1783223855
2026-07-05T04:04:05Z,38,14,1,9,0,0,1,1,1,1783223525
2026-07-05T04:04:05Z,39,30,0,1,0,0,1,1,1,1783222421
2026-07-05T04:04:05Z,40,18,3,3,0,0,1,1,1,1783224113
2026-07-05T04:04:05Z,41,5,0,21,1,0,1,1,1,1783223326
2026-07-05T04:04:05Z,42,11,2,20,0,0,1,1,1,1783223943
2026-07-05T04:04:05Z,43,0,0,0,21,2,1,1,1,1783224016
2026-07-05T04:04:05Z,45,1,1,30,0,0,1,1,1,1783223813
2026-07-05T04:04:05Z,46,16,0,12,3,0,1,1,1,1783224130
2026-07-05T04:04:05Z,47,3,0,12,0,0,1,1,1,1783224186
2026-07-05T04:04:05Z,48,10,0,17,0,0,1,1,1,1783223638
2026-07-05T04:04:05Z,49,4,0,15,4,0,1,1,1,1783224237
2026-07-05T04:04:05Z,50,10,5,8,1,0,1,1,1,1783224030
2026-07-05T04:04:05Z,51,29,1,47,2,0,1,1,1,1783224202
2026-07-05T04:04:05Z,52,0,0,25,2,0,1,1,1,1783223012
2026-07-05T04:04:05Z,55,0,0,22,1,0,1,1,1,1783224077
2026-07-05T04:04:05Z,56,1,0,25,1,0,1,1,1,1783223992
2026-07-05T04:04:05Z,57,1,1,25,1,0,1,1,1,1783223616
2026-07-05T04:04:05Z,58,6,2,22,0,0,1,1,1,1783223443
2026-07-05T04:04:05Z,59,0,0,25,2,0,1,1,1,1783223173
2026-07-05T04:04:05Z,61,3,1,35,1,0,1,1,1,1783224060
2026-07-05T04:04:05Z,62,22,3,27,0,0,1,1,1,1783223842
2026-07-05T04:04:05Z,63,14,4,5,0,0,1,1,1,1783222830
2026-07-05T04:04:05Z,64,3,0,13,3,0,1,1,1,1783221052
2026-07-05T04:04:05Z,65,10,2,8,1,0,1,1,1,1783224147
2026-07-05T04:04:05Z,67,10,0,29,0,0,1,1,1,1783224080
2026-07-05T04:04:05Z,68,3,0,33,1,0,1,1,1,1783224190
2026-07-05T04:04:05Z,69,14,2,1,0,0,1,1,1,1783223356
2026-07-05T04:04:05Z,71,0,0,26,1,0,1,1,1,1783223262
2026-07-05T04:04:05Z,72,25,4,5,1,0,1,1,1,1783224116
2026-07-05T04:04:05Z,73,3,0,20,0,0,1,1,1,1783224233
2026-07-05T04:04:05Z,74,5,0,14,0,0,1,1,1,1783222929
2026-07-05T04:04:05Z,75,4,0,30,1,0,1,1,1,1783224217
2026-07-05T04:04:05Z,76,16,1,2,1,0,1,1,1,1783223642
2026-07-05T04:04:05Z,77,12,2,13,2,0,1,1,1,1783223987
2026-07-05T04:04:05Z,78,6,5,17,0,0,1,1,1,1783224109
2026-07-05T04:04:05Z,79,7,2,10,0,0,1,1,1,1783223430
2026-07-05T04:04:05Z,80,14,1,7,0,2,1,1,1,1783224010
2026-07-05T04:04:05Z,81,4,3,27,0,0,1,1,1,1783224163
2026-07-05T04:04:05Z,82,4,0,19,0,0,1,1,1,1783224188
2026-07-05T04:04:05Z,83,7,3,25,2,0,1,1,1,1783224238
2026-07-05T04:04:05Z,84,26,1,0,1,0,1,1,1,1783222293
2026-07-05T04:04:05Z,85,5,0,8,1,0,1,1,1,1783222931
2026-07-05T04:04:05Z,86,6,0,20,1,0,1,1,1,1783223700
2026-07-05T04:04:05Z,87,4,0,15,0,0,1,1,1,1783222587
2026-07-05T04:04:05Z,88,0,0,31,0,0,1,1,1,1783224029
2026-07-05T04:04:05Z,89,34,0,0,1,0,1,1,1,1783222533
2026-07-05T04:04:05Z,90,18,0,1,0,0,1,1,1,1783223363
2026-07-05T04:04:05Z,91,12,0,5,0,0,1,1,1,1783224125
2026-07-05T04:04:05Z,92,5,0,12,2,0,1,1,1,1783224113
2026-07-05T04:04:05Z,93,22,1,1,0,0,1,1,1,1783222944
2026-07-05T04:04:05Z,94,18,1,1,0,0,1,1,1,1783223145
2026-07-05T04:04:05Z,95,33,6,2,0,0,1,1,1,1783223898
2026-07-05T04:04:05Z,96,30,5,0,1,0,1,1,1,1783224023
2026-07-05T04:04:05Z,97,2,1,13,1,0,1,1,1,1783224086
2026-07-05T04:04:05Z,98,22,6,12,1,0,1,1,1,1783223894
2026-07-05T04:04:05Z,99,14,0,0,0,0,1,1,1,1783223772
2026-07-05T04:04:05Z,100,16,0,10,1,0,1,1,1,1783223867
2026-07-05T04:04:05Z,101,7,0,7,1,0,1,1,1,1783224005
2026-07-05T04:04:05Z,102,20,3,3,0,0,1,1,1,1783223895
2026-07-05T04:04:05Z,103,19,1,9,4,0,1,1,1,1783224239
2026-07-05T04:04:05Z,104,4,0,21,2,0,1,1,1,1783224186
2026-07-05T04:04:05Z,105,12,0,5,2,0,1,1,1,1783221518
2026-07-05T04:04:05Z,106,0,0,21,0,0,1,1,1,1783222328
2026-07-05T04:04:05Z,107,29,0,6,2,0,1,1,1,1783223825
2026-07-05T04:04:05Z,108,3,0,29,2,1,1,1,1,1783224188
2026-07-05T04:04:05Z,109,19,1,4,0,0,1,1,1,1783223937
2026-07-05T04:04:05Z,110,5,1,18,0,0,1,1,1,1783223838
2026-07-05T04:04:05Z,111,0,0,35,1,0,1,1,1,1783223079
2026-07-05T04:04:05Z,112,4,0,13,2,0,1,1,1,1783222829
2026-07-05T04:04:05Z,113,17,0,0,2,0,1,1,1,1783224201
2026-07-05T04:04:05Z,114,14,6,14,3,0,1,1,1,1783224200
2026-07-05T04:04:05Z,115,10,0,15,1,0,1,1,1,1783223908
2026-07-05T04:04:05Z,116,8,1,19,0,0,1,1,1,1783224130
2026-07-05T04:04:05Z,118,13,5,6,4,0,1,1,1,1783224020
2026-07-05T04:04:05Z,119,34,10,2,2,0,1,1,1,1783223261
2026-07-05T04:04:05Z,120,23,2,2,2,0,1,1,1,1783223221
2026-07-05T04:04:05Z,121,5,0,14,0,0,1,1,1,1783223657
2026-07-05T04:04:05Z,122,8,0,11,2,0,1,1,1,1783224239
2026-07-05T04:04:05Z,123,34,0,13,0,0,1,1,1,1783221766
2026-07-05T04:04:05Z,124,20,5,7,0,0,1,1,1,1783223972
2026-07-05T04:04:05Z,125,8,3,15,0,0,1,1,1,1783222963
2026-07-05T04:04:05Z,126,12,2,19,0,0,1,1,1,1783224217
2026-07-05T04:04:05Z,127,0,0,30,0,1,0,1,1,1783001724
2026-07-05T04:04:05Z,128,10,3,8,1,0,1,1,1,1783223807
2026-07-05T04:04:05Z,129,15,2,3,1,0,1,1,1,1783223726
2026-07-05T04:04:05Z,130,17,0,0,0,0,1,1,1,1783224034
2026-07-05T04:04:05Z,131,1,0,8,2,0,1,1,1,1783222962
2026-07-05T04:04:05Z,132,4,0,10,0,1,1,1,1,1783223091
2026-07-05T04:04:05Z,133,5,1,18,0,0,1,1,1,1783224197
2026-07-05T04:04:05Z,134,4,1,18,1,0,1,1,1,1783223552
2026-07-05T04:04:05Z,135,13,1,4,2,0,1,1,1,1783224201
2026-07-05T04:04:05Z,136,19,1,3,0,0,1,1,1,1783222285
2026-07-05T04:04:05Z,137,4,1,15,0,0,1,1,1,1783224076
2026-07-05T04:04:05Z,138,28,4,9,0,0,1,1,1,1783224011
2026-07-05T04:04:05Z,139,16,4,1,2,0,1,1,1,1783223683
2026-07-05T04:04:05Z,140,12,2,10,1,0,1,1,1,1783224229
2026-07-05T04:04:05Z,141,7,0,16,2,0,1,1,1,1783223367
2026-07-05T04:04:05Z,142,0,0,19,0,0,0,1,1,1782498468
2026-07-05T04:04:05Z,143,22,1,8,1,0,1,1,1,1783224234
2026-07-05T04:04:05Z,144,18,1,9,0,0,1,1,1,1783222587
2026-07-05T04:04:05Z,145,24,1,6,1,0,1,1,1,1783224018
2026-07-05T04:04:05Z,146,16,1,7,0,0,1,1,1,1783224110
2026-07-05T04:04:05Z,147,1,1,15,3,0,1,1,1,1783224205
2026-07-05T04:04:05Z,148,6,1,19,2,0,1,1,1,1783224019
2026-07-05T04:04:05Z,149,11,3,8,0,0,1,1,1,1783224226
2026-07-05T04:04:05Z,150,10,1,23,2,0,1,1,1,1783224053
2026-07-05T04:04:05Z,151,10,1,13,0,0,1,1,1,1783223871
2026-07-05T04:04:05Z,152,15,0,11,0,0,1,1,1,1783224239
2026-07-05T04:04:05Z,153,19,1,0,4,0,1,1,1,1783224194
2026-07-05T04:04:05Z,154,7,2,11,5,0,1,1,1,1783224193
2026-07-05T04:04:05Z,155,5,3,7,2,0,1,1,1,1783224208
2026-07-05T04:04:05Z,156,3,1,14,2,0,1,1,1,1783224126
2026-07-05T04:04:05Z,157,1,0,20,0,0,1,1,1,1783224215
2026-07-05T04:04:05Z,158,3,2,14,2,0,1,1,1,1783222832
2026-07-05T04:04:05Z,159,12,7,6,1,0,1,1,1,1783222975
2026-07-05T04:04:05Z,160,5,1,12,2,0,1,1,1,1783224044
2026-07-05T04:04:05Z,161,4,0,18,1,0,1,1,1,1783224229
2026-07-05T04:04:05Z,162,7,6,19,1,0,1,1,1,1783223730
2026-07-05T04:04:05Z,163,11,1,20,0,0,1,1,1,1783223701
2026-07-05T04:04:05Z,164,13,3,14,0,0,1,1,1,1783224082
2026-07-05T04:04:05Z,165,1,1,26,3,0,1,1,1,1783223938
2026-07-05T04:04:05Z,166,13,4,23,2,0,1,1,1,1783224144
2026-07-05T04:04:05Z,167,12,7,10,1,0,1,1,1,1783222930
2026-07-05T04:04:05Z,168,10,0,15,1,1,1,1,1,1783224136
2026-07-05T04:04:05Z,169,0,0,23,0,0,1,1,1,1783222579
2026-07-05T04:04:05Z,170,0,0,17,2,0,1,1,1,1783222436
2026-07-05T04:04:05Z,171,9,4,3,1,0,1,1,1,1783224105
2026-07-05T04:04:05Z,173,11,0,24,2,0,1,1,1,1783224149
2026-07-05T04:04:05Z,174,25,2,0,0,0,1,1,1,1783223673
2026-07-05T04:04:05Z,175,14,0,17,0,0,1,1,1,1783224237
2026-07-05T04:04:05Z,176,7,6,7,0,1,1,1,1,1783224236
2026-07-05T04:04:05Z,177,15,0,11,1,0,1,1,1,1783224228
2026-07-05T04:04:05Z,178,5,0,8,2,0,1,1,1,1783223844
2026-07-05T04:04:05Z,179,2,1,10,3,0,1,1,1,1783224178
2026-07-05T04:04:05Z,180,21,0,8,1,0,1,1,1,1783222721
2026-07-05T04:04:05Z,181,6,4,3,4,1,1,1,1,1783224141
2026-07-05T04:04:05Z,182,13,1,6,0,0,1,1,1,1783223721
2026-07-05T04:04:05Z,183,13,3,10,0,0,1,1,1,1783223050
2026-07-05T04:04:05Z,184,7,0,14,2,0,1,1,1,1783224115
2026-07-05T04:04:05Z,185,1,1,11,2,1,1,1,1,1783221753
2026-07-05T04:04:05Z,186,6,0,13,0,0,1,1,1,1783224096
2026-07-05T04:04:05Z,187,26,0,2,1,0,1,1,1,1783224120
2026-07-05T04:04:05Z,188,4,1,17,2,4,1,1,1,1783224065
2026-07-05T04:04:05Z,189,6,3,9,0,0,1,1,1,1783224199
2026-07-05T04:04:05Z,190,1,0,22,0,0,1,1,1,1783223713
2026-07-05T04:04:05Z,191,7,1,29,3,0,1,1,1,1783224224
2026-07-05T04:04:05Z,192,10,3,21,0,0,1,1,1,1783224140
2026-07-05T04:04:05Z,193,7,5,7,1,0,1,1,1,1783224067
2026-07-05T04:04:05Z,194,2,0,13,0,0,1,1,1,1783224106
2026-07-05T04:04:05Z,195,3,2,16,0,0,1,1,1,1783224143
2026-07-05T04:04:05Z,196,12,2,15,0,0,1,1,1,1783224156
2026-07-05T04:04:05Z,197,5,1,13,0,1,1,1,1,1783224153
2026-07-05T04:04:05Z,198,3,2,20,0,0,1,1,1,1783223647
2026-07-05T04:04:05Z,199,0,0,13,2,0,1,1,1,1783223985
2026-07-05T04:04:05Z,200,5,0,21,0,0,1,1,1,1783224040
2026-07-05T04:04:05Z,201,15,1,8,0,0,1,1,1,1783222677
2026-07-05T04:04:05Z,202,0,0,21,0,0,0,1,1,1783093344
2026-07-05T04:04:05Z,203,18,0,13,0,0,1,1,1,1783223363
2026-07-05T04:04:05Z,204,30,2,4,1,0,1,1,1,1783224158
2026-07-05T04:04:05Z,205,19,2,8,0,0,1,1,1,1783223954
2026-07-05T04:04:05Z,206,2,0,12,1,0,1,1,1,1783223406
2026-07-05T04:04:05Z,207,0,0,20,1,0,1,1,1,1783223774
2026-07-05T04:04:05Z,208,0,0,29,0,0,1,1,1,1783223469
2026-07-05T04:04:05Z,209,14,0,16,1,0,1,1,1,1783224239
2026-07-05T04:04:05Z,210,12,10,15,0,0,1,1,1,1783224017
2026-07-05T04:04:05Z,211,12,3,11,0,0,1,1,1,1783223972
2026-07-05T04:04:05Z,212,27,0,8,0,0,1,1,1,1783223224
2026-07-05T04:04:05Z,213,22,2,0,1,0,1,1,1,1783223626
2026-07-05T04:04:05Z,214,22,5,22,3,0,1,1,1,1783224041
2026-07-05T04:04:05Z,215,9,0,14,0,0,1,1,1,1783223975
2026-07-05T04:04:05Z,216,16,0,1,2,0,1,1,1,1783224236
2026-07-05T04:04:05Z,217,12,0,16,1,0,1,1,1,1783224190
2026-07-05T04:04:05Z,218,21,7,12,6,0,1,1,1,1783224210
2026-07-05T04:04:05Z,219,0,0,26,0,0,0,1,1,1783102715
2026-07-05T04:04:05Z,220,18,18,25,0,0,1,1,1,1783223865
2026-07-05T04:04:05Z,221,9,9,5,0,0,1,1,1,1783223855
2026-07-05T04:04:05Z,222,3,2,16,0,0,1,1,1,1783222966
2026-07-05T04:04:05Z,223,9,4,22,4,0,1,1,1,1783224212
2026-07-05T04:04:05Z,224,21,3,1,0,0,1,1,1,1783224223
2026-07-05T04:04:05Z,225,7,1,8,4,0,1,1,1,1783218949
2026-07-05T04:04:05Z,226,4,4,26,1,0,1,1,1,1783223703
2026-07-05T04:04:05Z,227,6,3,21,0,0,1,1,1,1783223978
2026-07-05T04:04:05Z,228,10,5,8,1,0,1,1,1,1783224231
2026-07-05T04:04:05Z,230,7,2,16,0,0,1,1,1,1783224101
2026-07-05T04:04:05Z,232,2,0,16,1,0,1,1,1,1783220048
2026-07-05T04:04:05Z,233,28,9,2,1,0,1,1,1,1783223137
2026-07-05T04:04:05Z,234,9,2,6,3,1,1,1,1,1783223093
2026-07-05T04:04:05Z,236,17,7,0,2,0,1,1,1,1783223826
2026-07-05T04:04:05Z,237,9,2,14,0,0,1,1,1,1783223634
2026-07-05T04:04:05Z,239,1,1,25,1,0,1,1,1,1783223769
2026-07-05T04:04:05Z,241,9,4,14,0,0,1,1,1,1783224143
2026-07-05T04:04:05Z,242,3,2,19,1,0,1,1,1,1783224201
2026-07-05T04:04:05Z,243,14,4,17,0,0,1,1,1,1783224236
2026-07-05T04:04:05Z,244,23,8,4,0,0,1,1,1,1783224180
2026-07-05T04:04:05Z,245,9,0,14,0,0,1,1,1,1783223955
2026-07-05T04:04:05Z,246,0,0,23,0,0,1,1,1,1783222069
2026-07-05T04:04:05Z,247,6,4,17,0,0,1,1,1,1783223455
2026-07-05T04:04:05Z,248,0,0,19,4,0,1,1,1,1783224093
2026-07-05T04:04:05Z,249,3,1,15,1,0,1,1,1,1783223424
2026-07-05T04:04:05Z,250,1,1,25,1,0,1,1,1,1783223696
2026-07-05T04:04:05Z,251,4,2,22,1,0,1,1,1,1783224229
2026-07-05T04:04:05Z,253,4,1,15,0,0,1,1,1,1783223690
2026-07-05T04:04:05Z,254,29,1,10,4,0,1,1,1,1783224101
2026-07-05T04:04:05Z,255,16,0,7,0,0,1,1,1,1783223712
2026-07-05T04:04:05Z,256,8,3,15,0,0,1,1,1,1783224236
2026-07-05T04:04:05Z,257,12,2,6,1,0,1,1,1,1783224093
2026-07-05T04:04:05Z,258,1,0,16,2,0,1,1,1,1783223648
2026-07-05T04:04:05Z,259,16,1,6,1,0,1,1,1,1783223509
2026-07-05T04:04:05Z,260,5,2,14,0,0,1,1,1,1783222856
2026-07-05T04:04:05Z,261,17,2,0,2,0,1,1,1,1783222498
2026-07-05T04:04:05Z,262,7,3,15,1,0,1,1,1,1783224123
2026-07-05T04:04:05Z,263,6,2,9,0,0,1,1,1,1783224185
2026-07-05T04:04:05Z,264,11,7,8,0,0,1,1,1,1783222827
2026-07-05T04:04:05Z,265,14,0,1,0,0,1,1,1,1783224099
2026-07-05T04:04:05Z,266,9,0,9,1,0,1,1,1,1783224236
2026-07-05T04:04:05Z,267,4,0,11,0,0,1,1,1,1783205904
2026-07-05T04:04:05Z,268,3,2,17,3,0,1,1,1,1783223557
2026-07-05T04:04:05Z,269,3,0,20,0,0,1,1,1,1783222107
2026-07-05T04:04:05Z,270,0,0,27,0,0,1,1,1,1783223688
2026-07-05T04:04:05Z,271,1,1,16,2,0,1,1,1,1783224222
2026-07-05T04:04:05Z,272,21,4,2,0,0,1,1,1,1783223828
2026-07-05T04:04:05Z,273,11,8,4,0,0,1,1,1,1783224207
2026-07-05T04:04:05Z,274,6,3,12,1,0,1,1,1,1783224223
2026-07-05T04:04:05Z,275,17,1,5,1,0,1,1,1,1783223804
2026-07-05T04:04:05Z,276,5,3,21,0,1,1,1,1,1783223761
2026-07-05T04:04:05Z,277,1,1,20,2,0,1,1,1,1783223438
2026-07-05T04:04:05Z,278,8,5,21,1,1,1,1,1,1783224218
2026-07-05T04:04:05Z,279,3,0,16,0,0,1,1,1,1783224094
2026-07-05T04:04:05Z,280,17,0,10,4,0,1,1,1,1783224052
2026-07-05T04:04:05Z,281,1,0,22,0,0,1,1,1,1783223272
2026-07-05T04:04:05Z,282,11,0,5,0,0,1,1,1,1783223608
2026-07-05T04:04:05Z,283,9,2,24,2,0,1,1,1,1783223960
2026-07-05T04:04:05Z,284,6,5,28,1,0,1,1,1,1783223789
2026-07-05T04:04:05Z,285,1,0,22,0,0,1,1,1,1783223649
2026-07-05T04:04:05Z,286,5,2,17,1,0,1,1,1,1783223406
2026-07-05T04:04:05Z,287,13,9,7,3,0,1,1,1,1783223498
2026-07-05T04:04:05Z,288,4,2,13,2,0,1,1,1,1783221789
2026-07-05T04:04:05Z,289,24,1,2,1,0,1,1,1,1783223788
2026-07-05T04:04:05Z,290,32,0,4,3,0,1,1,1,1783224105
2026-07-05T04:04:05Z,291,7,0,16,0,0,1,1,1,1783223870
2026-07-05T04:04:05Z,292,2,0,21,0,0,1,1,1,1783224123
2026-07-05T04:04:05Z,293,0,0,22,1,0,1,1,1,1783223125
2026-07-05T04:04:05Z,294,3,2,17,2,0,1,1,1,1783224112
2026-07-05T04:04:05Z,297,2,0,16,1,0,1,1,1,1783223784
2026-07-05T04:04:05Z,301,9,2,9,1,0,1,1,1,1783223811
2026-07-05T04:04:05Z,302,0,0,22,2,0,1,1,1,1783224202
2026-07-05T04:04:05Z,303,8,2,10,1,0,1,1,1,1783223439
2026-07-05T04:04:05Z,304,0,0,0,0,0,0,1,1,86400
2026-07-05T04:04:05Z,305,1,1,18,0,0,1,1,1,1783220958
2026-07-05T04:04:05Z,306,3,2,27,2,0,1,1,1,1783219806
2026-07-05T04:04:05Z,307,1,0,20,2,0,1,1,1,1783223316
2026-07-05T04:04:05Z,308,14,1,3,2,0,1,1,1,1783222507
2026-07-05T04:04:05Z,309,3,2,0,6,0,1,1,1,1783224230
2026-07-05T04:04:05Z,311,9,1,6,0,0,1,1,1,1783223642
2026-07-05T04:04:05Z,312,7,0,11,4,1,1,1,1,1783222212
2026-07-05T04:04:05Z,313,15,0,0,0,0,1,1,1,1783222784
2026-07-05T04:04:05Z,314,8,2,9,2,0,1,1,1,1783217683
2026-07-05T04:04:05Z,315,0,0,31,0,0,0,1,1,1783017696
2026-07-05T04:04:05Z,316,12,1,1,2,0,1,1,1,1783223866
2026-07-05T04:04:05Z,317,4,4,22,5,0,1,1,1,1783224231
2026-07-05T04:04:05Z,318,12,1,5,0,0,1,1,1,1783223689
2026-07-05T04:04:05Z,319,15,0,10,2,0,1,1,1,1783223951
2026-07-05T04:04:05Z,320,11,0,7,1,0,1,1,1,1783222619
2026-07-05T04:04:05Z,321,17,2,0,2,0,1,1,1,1783220081
2026-07-05T04:04:05Z,322,8,2,21,0,0,1,1,1,1783222625
2026-07-05T04:04:05Z,323,7,0,12,0,0,1,1,1,1783222236
2026-07-05T04:04:05Z,324,19,5,7,1,0,1,1,1,1783224060
2026-07-05T04:04:05Z,325,5,1,20,2,0,1,1,1,1783224035
2026-07-05T04:04:05Z,327,10,2,15,0,2,1,1,1,1783222995
2026-07-05T04:04:05Z,328,7,1,15,0,1,1,1,1,1783224036
2026-07-05T04:04:05Z,329,11,0,8,0,0,1,1,1,1783223995
2026-07-05T04:04:05Z,330,5,1,17,0,0,1,1,1,1783223234
2026-07-05T04:04:05Z,331,12,0,11,0,0,1,1,1,1783223712
2026-07-05T04:04:05Z,332,4,1,15,0,0,1,1,1,1783223850
2026-07-05T04:04:05Z,333,4,2,19,0,0,1,1,1,1783223881
2026-07-05T04:04:05Z,334,5,0,18,0,0,1,1,1,1783223349
2026-07-05T04:04:05Z,335,1,1,20,1,1,1,1,1,1783223676
2026-07-05T04:04:05Z,336,4,2,15,0,0,1,1,1,1783223916
2026-07-05T04:04:05Z,337,12,3,9,2,0,1,1,1,1783224234
2026-07-05T04:04:05Z,338,8,2,11,0,0,1,1,1,1783224029
2026-07-05T04:04:05Z,339,0,0,22,1,0,1,1,1,1783224020
2026-07-05T04:04:05Z,340,8,5,6,1,0,1,1,1,1783224056
2026-07-05T04:04:05Z,341,4,3,14,1,0,1,1,1,1783223928
2026-07-05T04:04:05Z,342,11,3,3,1,0,1,1,1,1783224016
2026-07-05T04:04:05Z,343,10,5,12,1,0,1,1,1,1783224090
2026-07-05T04:04:05Z,344,3,1,19,1,0,1,1,1,1783223468
2026-07-05T04:04:05Z,345,11,1,7,1,0,1,1,1,1783223626
2026-07-05T04:04:05Z,346,22,1,1,0,0,1,1,1,1783223472
2026-07-05T04:04:05Z,347,6,4,41,0,0,1,1,1,1783224225
2026-07-05T04:04:05Z,348,22,2,1,0,0,1,1,1,1783224183
2026-07-05T04:04:05Z,349,5,1,12,2,0,1,1,1,1783224173
2026-07-05T04:04:05Z,350,18,2,8,0,1,1,1,1,1783222734
2026-07-05T04:04:05Z,351,4,0,18,1,0,1,1,1,1783224228
2026-07-05T04:04:05Z,355,1,0,21,1,0,1,1,1,1783224110
2026-07-05T04:04:05Z,356,12,0,6,1,0,1,1,1,1783223442
2026-07-05T04:04:05Z,357,9,5,10,0,0,1,1,1,1783223514
2026-07-05T04:04:05Z,359,15,1,10,2,0,1,1,1,1783223503
2026-07-05T04:04:05Z,360,6,1,13,0,0,1,1,1,1783223287
2026-07-05T04:04:05Z,362,13,8,3,3,0,1,1,1,1783222952
2026-07-05T04:04:05Z,363,4,0,23,0,0,1,1,1,1783224231
2026-07-05T04:04:05Z,364,4,2,13,1,1,1,1,1,1783224238
2026-07-05T04:04:05Z,365,11,10,11,1,0,1,1,1,1783224154
2026-07-05T04:04:05Z,366,16,2,5,2,0,1,1,1,1783224153
2026-07-05T04:04:05Z,367,12,3,6,1,0,1,1,1,1783223159
2026-07-05T04:04:05Z,368,21,1,2,0,0,1,1,1,1783223160
2026-07-05T04:04:05Z,370,1,0,12,4,0,1,1,1,1783223359
2026-07-05T04:04:05Z,371,4,0,14,1,0,1,1,1,1783223169
2026-07-05T04:04:05Z,372,14,1,1,0,0,1,1,1,1783223842
2026-07-05T04:04:05Z,373,24,6,2,0,0,1,1,1,1783216971
2026-07-05T04:04:05Z,374,9,2,8,0,0,1,1,1,1783223747
2026-07-05T04:04:05Z,375,12,3,14,1,0,1,1,1,1783224030
2026-07-05T04:04:05Z,376,14,4,25,0,0,1,1,1,1783223820
2026-07-05T04:04:05Z,377,11,2,13,3,0,1,1,1,1783223998
2026-07-05T04:04:05Z,378,14,4,8,2,0,1,1,1,1783224025
2026-07-05T04:04:05Z,379,9,0,17,1,0,1,1,1,1783223935
2026-07-05T04:04:05Z,380,11,3,11,1,0,1,1,1,1783221406
2026-07-05T04:04:05Z,381,21,1,2,0,0,1,1,1,1783224131
2026-07-05T04:04:05Z,383,14,2,1,0,0,1,1,1,1783224082
2026-07-05T04:04:05Z,384,6,1,12,1,0,1,1,1,1783221749
2026-07-05T04:04:05Z,385,10,0,8,0,0,1,1,1,1783223433
2026-07-05T04:04:05Z,387,22,3,1,0,0,1,1,1,1783223824
2026-07-05T04:04:05Z,388,16,0,29,4,0,1,1,1,1783223678
2026-07-05T04:04:05Z,389,0,0,14,1,0,1,1,1,1783222104
2026-07-05T04:04:05Z,390,17,3,10,0,0,1,1,1,1783223972
2026-07-05T04:04:05Z,391,10,7,4,1,0,1,1,1,1783223657
2026-07-05T04:04:05Z,392,7,6,12,0,0,1,1,1,1783220392
2026-07-05T04:04:05Z,393,1,1,8,2,0,1,1,1,1783221246
2026-07-05T04:04:05Z,394,6,2,8,0,1,1,1,1,1783222485
2026-07-05T04:04:05Z,396,6,1,33,3,0,1,1,1,1783223148
2026-07-05T04:04:05Z,397,3,2,27,1,0,1,1,1,1783222300
2026-07-05T04:04:05Z,399,15,0,1,1,0,1,1,1,1783223317
2026-07-05T04:04:05Z,400,4,1,16,3,0,1,1,1,1783222949
2026-07-05T04:04:05Z,401,2,1,27,2,0,1,1,1,1783224215
2026-07-05T04:04:05Z,403,15,9,13,3,0,1,1,1,1783224149
2026-07-05T04:04:05Z,404,5,0,15,3,0,1,1,1,1783224141
2026-07-05T04:04:05Z,406,3,0,28,4,0,1,1,1,1783224031
2026-07-05T04:04:05Z,407,4,0,30,0,0,1,1,1,1783223594
2026-07-05T04:04:05Z,408,8,3,24,1,0,1,1,1,1783223906
2026-07-05T04:04:05Z,409,0,0,22,1,0,1,1,1,1783218138
2026-07-05T04:04:05Z,413,11,3,10,2,0,1,1,1,1783223407
2026-07-05T04:04:05Z,414,9,2,6,0,0,1,1,1,1783223147
2026-07-05T04:04:05Z,417,17,5,2,0,0,1,1,1,1783223621
2026-07-05T04:04:05Z,418,5,2,10,0,0,1,1,1,1783223261
2026-07-05T04:04:05Z,419,18,1,3,2,0,1,1,1,1783221909
2026-07-05T04:04:05Z,421,16,1,3,0,0,1,1,1,1783223971
2026-07-05T04:04:05Z,422,7,3,20,0,0,1,1,1,1783223720
2026-07-05T04:04:05Z,423,11,3,12,0,0,1,1,1,1783224028
2026-07-05T04:04:05Z,424,0,0,14,1,0,1,1,1,1783224202
2026-07-05T04:04:05Z,425,15,0,7,0,0,1,1,1,1783224237
2026-07-05T04:04:05Z,426,1,0,34,2,0,1,1,1,1783223885
2026-07-05T04:04:05Z,427,6,0,7,1,1,1,1,1,1783224020
2026-07-05T04:04:05Z,428,17,0,2,0,0,1,1,1,1783223166
2026-07-05T04:04:05Z,429,19,6,1,3,0,1,1,1,1783223714
2026-07-05T04:04:05Z,430,27,1,1,3,0,1,1,1,1783222423
2026-07-05T04:04:05Z,431,22,1,7,2,2,1,1,1,1783223487
2026-07-05T04:04:05Z,432,1,1,29,1,0,1,1,1,1783224176
2026-07-05T04:04:05Z,433,21,3,0,2,0,1,1,1,1783222855
2026-07-05T04:04:05Z,437,3,3,14,2,0,1,1,1,1783224178
2026-07-05T04:04:05Z,438,6,1,12,1,0,1,1,1,1783216671
2026-07-05T04:04:05Z,439,8,2,7,0,0,1,1,1,1783223844
2026-07-05T04:04:05Z,440,12,0,2,1,0,1,1,1,1783223972
2026-07-05T04:04:05Z,441,2,2,13,0,0,1,1,1,1783223930
2026-07-05T04:04:05Z,442,8,2,10,1,0,1,1,1,1783222875
2026-07-05T04:04:05Z,443,8,0,19,0,0,1,1,1,1783195674
2026-07-05T04:04:05Z,444,9,5,14,0,0,1,1,1,1783219201
2026-07-05T04:04:05Z,445,11,6,11,1,0,1,1,1,1783219197
2026-07-05T04:04:05Z,446,5,0,17,0,1,1,1,1,1783223305
2026-07-05T04:04:05Z,447,5,0,16,2,0,1,1,1,1783214647
2026-07-05T04:04:05Z,448,10,0,2,2,1,1,1,1,1783217644
2026-07-05T04:04:05Z,452,11,2,7,1,0,1,1,1,1783224010
2026-07-05T04:04:05Z,453,3,1,11,1,0,1,1,1,1783223513
2026-07-05T04:04:05Z,454,10,1,7,1,1,1,1,1,1783223412
2026-07-05T04:04:05Z,455,0,0,39,0,0,0,1,1,1782992996
2026-07-05T04:04:05Z,456,11,1,8,4,0,1,1,1,1783224230
2026-07-05T04:04:05Z,457,12,0,14,1,0,1,1,1,1783222660
2026-07-05T04:04:05Z,458,5,0,16,2,0,1,1,1,1783223936
2026-07-05T04:04:05Z,459,14,6,1,0,0,1,1,1,1783222532
2026-07-05T04:04:05Z,460,10,2,13,0,0,1,1,1,1783224097
2026-07-05T04:04:05Z,461,8,0,8,3,0,1,1,1,1783223447
2026-07-05T04:04:05Z,462,11,0,10,0,0,1,1,1,1783223977
2026-07-05T04:04:05Z,463,10,1,8,1,0,1,1,1,1783224047
2026-07-05T04:04:05Z,464,3,0,10,1,0,1,1,1,1783223954
2026-07-05T04:04:05Z,465,2,0,13,0,0,1,1,1,1783223540
2026-07-05T04:04:05Z,466,15,5,0,0,0,1,1,1,1783222933
2026-07-05T04:04:05Z,467,4,1,11,0,0,1,1,1,1783223173
2026-07-05T04:04:05Z,468,2,2,17,0,0,1,1,1,1783215781
2026-07-05T04:04:05Z,469,1,0,20,1,1,1,1,1,1783224018
2026-07-05T04:04:05Z,470,14,0,1,0,0,1,1,1,1783223111
2026-07-05T04:04:05Z,471,18,2,9,0,0,1,1,1,1783222586
2026-07-05T04:04:05Z,472,11,3,6,2,0,1,1,1,1783223130
2026-07-05T04:04:05Z,473,2,2,16,1,0,1,1,1,1783223967
2026-07-05T04:04:05Z,474,13,0,5,1,0,1,1,1,1783223996
2026-07-05T04:04:05Z,475,5,1,14,0,0,1,1,1,1783224061
2026-07-05T04:04:05Z,476,7,3,13,3,0,1,1,1,1783223803
2026-07-05T04:04:05Z,477,9,1,5,1,0,1,1,1,1783223537
2026-07-05T04:04:05Z,478,3,0,25,3,0,1,1,1,1783224136
2026-07-05T04:04:05Z,479,11,0,12,3,1,1,1,1,1783224168
2026-07-05T04:04:05Z,480,11,0,3,1,0,1,1,1,1783222481
2026-07-05T04:04:05Z,481,28,0,7,0,0,1,1,1,1783223851
2026-07-05T04:04:05Z,482,7,5,11,1,0,1,1,1,1783223759
2026-07-05T04:04:05Z,483,14,0,12,0,1,1,1,1,1783224073
2026-07-05T04:04:05Z,484,3,0,16,0,0,1,1,1,1783223797
2026-07-05T04:04:05Z,485,17,3,1,0,1,1,1,1,1783223979
2026-07-05T04:04:05Z,486,10,0,16,1,0,1,1,1,1783224189
2026-07-05T04:04:05Z,487,5,4,12,2,0,1,1,1,1783224185
2026-07-05T04:04:05Z,489,3,3,12,0,0,1,1,1,1783223920
2026-07-05T04:04:05Z,490,11,8,3,2,0,1,1,1,1783223679
2026-07-05T04:04:05Z,491,17,3,2,2,0,1,1,1,1783223692
2026-07-05T04:04:05Z,492,4,3,2,5,0,1,1,1,1783223455
2026-07-05T04:04:05Z,493,5,0,22,0,0,1,1,1,1783223467
2026-07-05T04:04:05Z,495,13,1,0,2,0,1,1,1,1783224075
2026-07-05T04:04:05Z,496,6,0,20,1,0,1,1,1,1783224117
2026-07-05T04:04:05Z,497,19,2,0,0,0,1,1,1,1783222880
2026-07-05T04:04:05Z,498,20,6,3,0,0,1,1,1,1783223662
2026-07-05T04:04:05Z,499,10,1,6,3,0,1,1,1,1783223503
2026-07-05T04:04:05Z,500,8,2,6,1,0,1,1,1,1783221802
2026-07-05T04:04:05Z,501,7,2,13,1,0,1,1,1,1783224082
2026-07-05T04:04:05Z,502,4,0,15,0,0,1,1,1,1783221629
2026-07-05T04:04:05Z,503,16,1,15,0,0,1,1,1,1783224105
2026-07-05T04:04:05Z,504,4,1,35,0,0,1,1,1,1783223372
2026-07-05T04:04:05Z,505,3,0,14,1,0,1,1,1,1783224233
2026-07-05T04:04:05Z,511,9,1,14,0,0,1,1,1,1783223327
2026-07-05T04:04:05Z,512,11,0,8,0,0,1,1,1,1783221801
2026-07-05T04:04:05Z,514,6,2,4,1,0,1,1,1,1783221882
2026-07-05T04:04:05Z,515,11,0,8,0,0,1,1,1,1783222219
2026-07-05T04:04:05Z,516,25,0,2,0,0,1,1,1,1783222069
2026-07-05T04:04:05Z,517,16,7,7,0,0,1,1,1,1783223624
2026-07-05T04:04:05Z,518,6,2,9,0,0,1,1,1,1783223034
2026-07-05T04:04:05Z,519,16,0,3,0,0,1,1,1,1783222896
2026-07-05T04:04:05Z,520,5,2,20,2,0,1,1,1,1783223784
2026-07-05T04:04:05Z,521,5,0,18,0,0,1,1,1,1783223377
2026-07-05T04:04:05Z,522,12,0,11,0,0,1,1,1,1783224219
2026-07-05T04:04:05Z,523,6,1,16,1,0,1,1,1,1783223586
2026-07-05T04:04:05Z,524,14,0,6,3,0,1,1,1,1783224085
2026-07-05T04:04:05Z,525,12,0,7,0,0,1,1,1,1783223595
2026-07-05T04:04:05Z,526,9,4,5,1,0,1,1,1,1783223276
2026-07-05T04:04:05Z,527,2,2,22,2,0,1,1,1,1783224058
2026-07-05T04:04:05Z,528,13,3,9,1,0,1,1,1,1783224237
2026-07-05T04:04:05Z,529,6,2,12,1,0,1,1,1,1783223646
2026-07-05T04:04:05Z,530,10,2,10,1,0,1,1,1,1783224001
2026-07-05T04:04:05Z,531,18,1,4,0,1,1,1,1,1783223876
2026-07-05T04:04:05Z,532,6,1,24,1,0,1,1,1,1783223637
2026-07-05T04:04:05Z,533,12,0,6,1,0,1,1,1,1783222604
2026-07-05T04:04:05Z,534,5,2,16,2,0,1,1,1,1783223372
2026-07-05T04:04:05Z,535,2,1,12,1,0,1,1,1,1783224216
2026-07-05T04:04:05Z,536,22,1,0,1,0,1,1,1,1783224056
2026-07-05T04:04:05Z,537,1,0,19,1,0,1,1,1,1783223600
2026-07-05T04:04:05Z,538,15,4,3,1,0,1,1,1,1783224112
2026-07-05T04:04:05Z,539,9,1,18,4,0,1,1,1,1783224183
2026-07-05T04:04:05Z,540,10,4,9,0,0,1,1,1,1783224170
2026-07-05T04:04:05Z,541,18,1,8,1,0,1,1,1,1783223961
2026-07-05T04:04:05Z,542,3,1,20,0,0,1,1,1,1783219230
2026-07-05T04:04:05Z,543,13,2,3,3,0,1,1,1,1783223307
2026-07-05T04:04:05Z,544,15,2,6,2,0,1,1,1,1783224115
2026-07-05T04:04:05Z,545,19,0,0,0,0,1,1,1,1783224021
2026-07-05T04:04:05Z,546,2,1,17,0,0,1,1,1,1783224158
2026-07-05T04:04:05Z,547,9,2,13,1,0,1,1,1,1783223944
2026-07-05T04:04:05Z,548,2,0,20,1,0,1,1,1,1783224119
2026-07-05T04:04:05Z,549,21,2,0,0,0,1,1,1,1783222686
2026-07-05T04:04:05Z,550,1,1,18,0,0,1,1,1,1783223023
2026-07-05T04:04:05Z,551,19,6,3,1,0,1,1,1,1783218704
2026-07-05T04:04:05Z,552,17,0,10,0,0,1,1,1,1783223629
2026-07-05T04:04:05Z,553,13,1,10,0,0,1,1,1,1783223642
2026-07-05T04:04:05Z,554,3,1,16,0,0,1,1,1,1783223157
2026-07-05T04:04:05Z,555,10,3,4,1,0,1,1,1,1783223956
2026-07-05T04:04:05Z,556,4,2,17,2,0,1,1,1,1783223185
2026-07-05T04:04:05Z,557,0,0,23,0,0,0,1,1,1781719859
2026-07-05T04:04:05Z,558,8,1,28,1,0,1,1,1,1783224138
2026-07-05T04:04:05Z,559,12,0,6,1,0,1,1,1,1783210010
2026-07-05T04:04:05Z,560,25,0,1,1,0,1,1,1,1783223899
2026-07-05T04:04:05Z,561,11,2,11,1,0,1,1,1,1783223362
2026-07-05T04:04:05Z,562,0,0,32,3,0,1,1,1,1783224055
2026-07-05T04:04:05Z,563,13,0,1,0,0,1,1,1,1783218114
2026-07-05T04:04:05Z,564,13,1,5,1,0,1,1,1,1783223930
2026-07-05T04:04:05Z,565,8,1,11,0,0,1,1,1,1783222009
2026-07-05T04:04:05Z,566,2,0,16,1,0,1,1,1,1783223550
2026-07-05T04:04:05Z,567,21,0,5,1,0,1,1,1,1783223069
2026-07-05T04:04:05Z,568,1,0,18,0,0,1,1,1,1783223823
2026-07-05T04:04:05Z,569,14,1,5,0,0,1,1,1,1783223614
2026-07-05T04:04:05Z,570,8,0,11,0,0,1,1,1,1783224232
2026-07-05T04:04:05Z,571,12,3,11,0,0,1,1,1,1783223909
2026-07-05T04:04:05Z,572,13,0,6,0,0,1,1,1,1783223150
2026-07-05T04:04:05Z,573,15,1,0,0,0,1,1,1,1783219057
2026-07-05T04:04:05Z,574,3,3,12,0,0,1,1,1,1783222124
2026-07-05T04:04:05Z,575,11,0,10,0,0,1,1,1,1783222390
2026-07-05T04:04:05Z,576,0,0,19,0,0,1,1,1,1783220503
2026-07-05T04:04:05Z,577,21,1,10,0,0,1,1,1,1783223700
2026-07-05T04:04:05Z,578,3,1,20,0,0,1,1,1,1783223597
2026-07-05T04:04:05Z,579,18,0,25,0,0,1,1,1,1783223809
2026-07-05T04:04:05Z,580,20,1,10,1,0,1,1,1,1783224214
2026-07-05T04:04:05Z,581,2,0,15,2,0,1,1,1,1783224164
2026-07-05T04:04:05Z,582,16,0,42,3,0,1,1,1,1783224220
2026-07-05T04:04:05Z,583,23,0,0,0,0,1,1,1,1783218887
2026-07-05T04:04:05Z,584,2,1,13,4,0,1,1,1,1783223357
2026-07-05T04:04:05Z,585,7,0,19,0,0,1,1,1,1783224224
2026-07-05T04:04:05Z,586,33,2,1,1,0,1,1,1,1783223504
2026-07-05T04:04:05Z,587,19,0,5,1,0,1,1,1,1783224025
2026-07-05T04:04:05Z,588,18,3,1,0,0,1,1,1,1783222777
2026-07-05T04:04:05Z,589,10,6,13,0,0,1,1,1,1783222962
2026-07-05T04:04:05Z,590,4,0,27,0,0,1,1,1,1783224233
2026-07-05T04:04:05Z,591,17,3,3,2,0,1,1,1,1783223930
2026-07-05T04:04:05Z,592,8,0,15,0,0,1,1,1,1783224190
2026-07-05T04:04:05Z,593,34,6,5,0,0,1,1,1,1783223140
2026-07-05T04:04:05Z,594,4,1,16,1,0,1,1,1,1783223488
2026-07-05T04:04:05Z,595,0,0,3,0,0,0,1,1,1779985765
2026-07-05T04:04:05Z,605,0,0,3,0,0,0,1,1,1780413752
2026-07-05T04:04:05Z,606,0,0,0,0,0,0,1,1,86400
2026-07-05T04:04:05Z,607,18,0,15,0,0,1,1,1,1783224158
2026-07-05T04:04:05Z,608,28,0,26,0,0,1,1,1,1783223965
2026-07-05T04:04:05Z,609,1,1,22,0,0,1,1,1,1783224154
2026-07-05T04:04:05Z,610,1,0,34,0,0,1,1,1,1783224139
2026-07-05T04:04:05Z,611,1,0,26,0,0,1,1,1,1783224175
2026-07-05T04:04:05Z,612,4,1,11,0,0,1,1,1,1783213691
2026-07-05T04:04:05Z,613,7,2,8,0,0,1,1,1,1783216692
2026-07-05T04:04:05Z,614,0,0,25,1,1,1,1,1,1783223535
2026-07-05T04:04:05Z,617,5,1,8,2,0,1,1,1,1783223832
2026-07-05T04:04:05Z,618,9,4,9,1,0,1,1,1,1783221331
2026-07-05T04:04:05Z,619,7,1,11,1,0,1,1,1,1783223959
2026-07-05T04:04:05Z,620,10,0,13,0,0,1,1,1,1783223433
2026-07-05T04:04:05Z,621,6,2,17,0,0,1,1,1,1783224052
2026-07-05T04:04:05Z,622,10,3,10,2,1,1,1,1,1783224034
2026-07-05T04:04:05Z,623,21,3,5,3,1,1,1,1,1783224153
2026-07-05T04:04:05Z,624,4,2,8,2,1,1,1,1,1783221723
2026-07-05T04:04:05Z,625,11,3,9,1,0,1,1,1,1783223867
2026-07-05T04:04:05Z,626,30,1,13,1,2,1,1,1,1783224109
2026-07-05T04:04:05Z,627,10,10,8,1,0,1,1,1,1783215824
2026-07-05T04:04:05Z,628,6,5,11,1,1,1,1,1,1783223616
2026-07-05T04:04:05Z,629,8,2,2,1,0,1,1,1,1783223641
2026-07-05T04:04:05Z,630,13,0,11,3,0,1,1,1,1783217714
2026-07-05T04:04:05Z,631,12,1,11,0,0,1,1,1,1783223113
2026-07-05T04:04:05Z,632,10,2,9,3,0,1,1,1,1783220983
2026-07-05T04:04:05Z,633,8,0,5,1,1,1,1,1,1783200473
2026-07-05T04:04:05Z,634,5,0,13,1,0,1,1,1,1783218053
2026-07-05T04:04:05Z,635,18,0,0,1,0,1,1,1,1783223938
2026-07-05T04:04:05Z,636,7,0,8,0,0,1,1,1,1783213292
2026-07-05T04:04:05Z,637,4,2,14,1,0,1,1,1,1783204406
2026-07-05T04:04:05Z,638,10,5,7,2,0,1,1,1,1783224103
2026-07-05T04:04:05Z,639,0,0,0,3,16,0,1,1,1782287204
2026-07-05T04:04:05Z,640,5,0,18,0,0,1,1,1,1783224096
2026-07-05T04:04:05Z,641,6,0,20,1,0,1,1,1,1783223671
2026-07-05T04:04:05Z,642,3,0,11,5,0,1,1,1,1783223282
2026-07-05T04:04:05Z,643,6,3,21,0,0,1,1,1,1783223788
2026-07-05T04:04:05Z,644,0,0,9,5,1,1,1,1,1783223979
2026-07-05T04:04:05Z,645,12,0,9,1,1,1,1,1,1783222616
2026-07-05T04:04:05Z,646,9,0,9,1,0,1,1,1,1783224087
2026-07-05T04:04:05Z,647,24,2,7,0,0,1,1,1,1783224186
2026-07-05T04:04:05Z,648,12,3,6,1,0,1,1,1,1783220865
2026-07-05T04:04:05Z,649,19,1,12,0,0,1,1,1,1783224210
2026-07-05T04:04:05Z,650,11,3,4,1,0,1,1,1,1783222244
2026-07-05T04:04:05Z,651,1,0,21,1,0,1,1,1,1783223872
2026-07-05T04:04:05Z,652,19,2,1,3,0,1,1,1,1783224232
2026-07-05T04:04:05Z,653,15,2,0,4,0,1,1,1,1783224220
2026-07-05T04:04:05Z,654,5,1,10,0,0,1,1,1,1783223918
2026-07-05T04:04:05Z,655,0,0,13,2,0,1,1,1,1783224171
2026-07-05T04:04:05Z,656,13,6,6,0,0,1,1,1,1783223931
2026-07-05T04:04:05Z,657,11,1,2,4,0,1,1,1,1783224211
2026-07-05T04:04:05Z,658,10,1,9,3,1,1,1,1,1783223999
2026-07-05T04:04:05Z,659,1,1,14,0,0,1,1,1,1783223255
2026-07-05T04:04:05Z,660,22,3,8,1,0,1,1,1,1783222606
2026-07-05T04:04:05Z,661,3,0,15,1,0,1,1,1,1783223899
2026-07-05T04:04:05Z,662,0,0,19,4,0,1,1,1,1783224102
2026-07-05T04:04:05Z,663,12,1,2,0,0,1,1,1,1783223537
2026-07-05T04:04:05Z,664,0,0,27,0,0,1,1,1,1783207560
2026-07-05T04:04:05Z,665,3,1,11,1,0,1,1,1,1783222763
2026-07-05T04:04:05Z,666,9,3,6,0,0,1,1,1,1783222754
2026-07-05T04:04:05Z,667,14,0,1,2,0,1,1,1,1783224133
2026-07-05T04:04:05Z,668,5,0,13,1,0,1,1,1,1783221977
2026-07-05T04:04:05Z,669,11,1,1,2,0,1,1,1,1783224039
2026-07-05T04:04:05Z,670,10,0,17,0,0,1,1,1,1783220994
2026-07-05T04:04:05Z,671,12,1,15,0,0,1,1,1,1783223275
2026-07-05T04:04:05Z,672,16,3,4,3,0,1,1,1,1783223855
2026-07-05T04:04:05Z,673,13,1,8,1,0,1,1,1,1783222642
2026-07-05T04:04:05Z,674,5,1,17,1,0,1,1,1,1783224080
2026-07-05T04:04:05Z,675,2,0,11,1,1,1,1,1,1783224133
2026-07-05T04:04:05Z,676,20,1,2,1,0,1,1,1,1783223597
2026-07-05T04:04:05Z,681,7,3,4,4,0,1,1,1,1783222786
2026-07-05T04:04:05Z,682,10,5,8,1,0,1,1,1,1783222340
2026-07-05T04:04:05Z,683,14,1,5,0,0,1,1,1,1783217961
2026-07-05T04:04:05Z,684,15,1,10,2,0,1,1,1,1783218457
2026-07-05T04:04:05Z,685,2,1,23,1,1,1,1,1,1783219780
2026-07-05T04:04:05Z,686,10,1,14,2,1,1,1,1,1783224035
2026-07-05T04:04:05Z,687,12,3,17,1,1,1,1,1,1783224173
2026-07-05T04:04:05Z,688,9,2,9,1,0,1,1,1,1783216555
2026-07-05T04:04:05Z,692,0,0,20,1,0,1,1,1,1783223588
2026-07-05T04:04:05Z,693,9,5,2,0,0,1,1,1,1783223334
2026-07-05T04:04:05Z,694,5,2,13,3,0,1,1,1,1783222672
2026-07-05T04:04:05Z,695,3,0,20,0,0,1,1,1,1783224109
2026-07-05T04:04:05Z,696,21,11,0,2,0,1,1,1,1783223349
2026-07-05T04:04:05Z,697,1,0,21,1,0,1,1,1,1783224152
2026-07-05T04:04:05Z,698,24,1,3,0,0,1,1,1,1783224113
2026-07-05T04:04:05Z,699,3,0,11,1,0,1,1,1,1783222972
2026-07-05T04:04:05Z,700,5,0,13,1,0,1,1,1,1783223692
2026-07-05T04:04:05Z,701,6,0,12,1,0,1,1,1,1783223157
2026-07-05T04:04:05Z,702,16,6,6,1,0,1,1,1,1783223632
2026-07-05T04:04:05Z,703,22,4,1,0,0,1,1,1,1783224212
2026-07-05T04:04:05Z,704,12,1,3,0,0,1,1,1,1783223987
2026-07-05T04:04:05Z,705,9,4,5,1,0,1,1,1,1783222820
2026-07-05T04:04:05Z,706,10,3,4,1,0,1,1,1,1783223865
2026-07-05T04:04:05Z,707,11,1,4,0,0,1,1,1,1783223977
2026-07-05T04:04:05Z,708,18,3,0,1,0,1,1,1,1783224107
2026-07-05T04:04:05Z,709,13,5,1,1,0,1,1,1,1783222854
2026-07-05T04:04:05Z,710,16,1,3,0,0,1,1,1,1783224186
2026-07-05T04:04:05Z,711,14,3,1,4,0,1,1,1,1783222538
2026-07-05T04:04:05Z,712,0,0,14,1,0,1,1,1,1783223642
2026-07-05T04:04:05Z,713,5,2,18,0,0,1,1,1,1783222613
2026-07-05T04:04:05Z,716,1,0,14,0,0,1,1,1,1783222744
2026-07-05T04:04:05Z,717,8,0,13,4,0,1,1,1,1783223271
2026-07-05T04:04:05Z,718,3,1,12,0,0,1,1,1,1783222701
2026-07-05T04:04:05Z,719,8,0,21,0,0,1,1,1,1783223773
2026-07-05T04:04:05Z,720,2,0,16,1,0,1,1,1,1783222703
2026-07-05T04:04:05Z,721,11,0,11,1,0,1,1,1,1783223058
2026-07-05T04:04:05Z,722,13,2,2,0,0,1,1,1,1783222657
2026-07-05T04:04:05Z,723,0,0,22,1,0,1,1,1,1783224086
2026-07-05T04:04:05Z,724,17,2,6,0,0,1,1,1,1783222932
2026-07-05T04:04:05Z,725,21,1,1,1,0,1,1,1,1783223614
2026-07-05T04:04:05Z,726,11,1,8,0,0,1,1,1,1783224167
2026-07-05T04:04:05Z,727,9,0,14,0,0,1,1,1,1783223151
2026-07-05T04:04:05Z,728,9,2,5,1,0,1,1,1,1783223500
2026-07-05T04:04:05Z,729,13,1,5,1,0,1,1,1,1783223045
2026-07-05T04:04:05Z,730,7,1,8,0,0,1,1,1,1783223861
2026-07-05T04:04:05Z,731,1,1,14,0,0,1,1,1,1783223325
2026-07-05T04:04:05Z,732,9,0,6,0,0,1,1,1,1783223656
2026-07-05T04:04:05Z,733,3,0,23,1,0,1,1,1,1783223653
2026-07-05T04:04:05Z,734,4,1,9,1,0,1,1,1,1783223221
2026-07-05T04:04:05Z,735,1,1,17,1,0,1,1,1,1783224140
2026-07-05T04:04:05Z,736,16,2,1,2,0,1,1,1,1783197738
2026-07-05T04:04:05Z,737,8,2,7,0,0,1,1,1,1783222966
2026-07-05T04:04:05Z,738,1,1,17,1,0,1,1,1,1783223294
2026-07-05T04:04:05Z,739,7,1,18,2,0,1,1,1,1783223650
2026-07-05T04:04:05Z,741,12,4,11,0,0,1,1,1,1783223070
2026-07-05T04:04:05Z,742,9,0,30,0,0,1,1,1,1783224157
2026-07-05T04:04:05Z,743,4,1,13,2,0,1,1,1,1783224085
2026-07-05T04:04:05Z,744,3,1,12,0,0,1,1,1,1783223175
2026-07-05T04:04:05Z,745,8,1,10,1,0,1,1,1,1783222612
2026-07-05T04:04:05Z,746,3,0,20,0,0,1,1,1,1783224065
2026-07-05T04:04:05Z,747,0,0,19,0,0,1,1,1,1783223115
2026-07-05T04:04:05Z,748,12,1,9,2,0,1,1,1,1783222728
2026-07-05T04:04:05Z,749,9,0,14,0,0,1,1,1,1783223805
2026-07-05T04:04:05Z,750,0,0,9,2,0,1,1,1,1783223936
2026-07-05T04:04:05Z,751,4,2,19,0,0,1,1,1,1783224208
2026-07-05T04:04:05Z,752,13,1,3,1,0,1,1,1,1783224191
2026-07-05T04:04:05Z,753,5,0,9,1,0,1,1,1,1783223425
2026-07-05T04:04:05Z,754,6,0,9,0,0,1,1,1,1783223936
2026-07-05T04:04:05Z,755,11,1,7,1,0,1,1,1,1783223730
2026-07-05T04:04:05Z,756,0,0,36,1,0,1,1,1,1783223627
2026-07-05T04:04:05Z,757,4,4,15,0,0,1,1,1,1783224120
2026-07-05T04:04:05Z,758,22,5,1,0,0,1,1,1,1783223909
2026-07-05T04:04:05Z,759,6,0,9,0,0,1,1,1,1783223942
2026-07-05T04:04:05Z,760,4,0,13,2,0,1,1,1,1783223765
2026-07-05T04:04:05Z,761,4,0,17,2,0,1,1,1,1783223686
2026-07-05T04:04:05Z,762,6,1,7,2,0,1,1,1,1783223964
2026-07-05T04:04:05Z,768,6,0,10,3,0,1,1,1,1783222533
2026-07-05T04:04:05Z,769,1,0,14,3,0,1,1,1,1783224101
2026-07-05T04:04:05Z,770,11,2,8,0,0,1,1,1,1783223790
2026-07-05T04:04:05Z,771,10,0,5,0,0,1,1,1,1783224113
2026-07-05T04:04:05Z,772,11,5,4,0,0,1,1,1,1783224165
2026-07-05T04:04:05Z,773,3,1,15,1,0,1,1,1,1783222602
2026-07-05T04:04:05Z,774,6,1,7,2,0,1,1,1,1783224171
2026-07-05T04:04:05Z,775,13,2,4,2,0,1,1,1,1783221743
2026-07-05T04:04:05Z,776,6,0,14,1,0,1,1,1,1783222995
2026-07-05T04:04:05Z,777,10,1,2,3,0,1,1,1,1783222889
2026-07-05T04:04:05Z,778,4,0,13,2,0,1,1,1,1783223905
2026-07-05T04:04:05Z,779,14,0,4,1,0,1,1,1,1783223870
2026-07-05T04:04:05Z,780,4,1,12,2,1,1,1,1,1783223298
2026-07-05T04:04:05Z,781,1,1,9,1,0,1,1,1,1783217403
2026-07-05T04:04:05Z,782,7,2,11,1,0,1,1,1,1783224185
2026-07-05T04:04:05Z,783,8,6,8,3,0,1,1,1,1783220560
2026-07-05T04:04:05Z,784,0,0,18,1,0,1,1,1,1783224062
2026-07-05T04:04:05Z,785,5,0,8,6,0,1,1,1,1783223680
2026-07-05T04:04:05Z,786,0,0,18,1,0,1,1,1,1783211324
2026-07-05T04:04:05Z,787,0,0,15,0,0,1,1,1,1783223731
2026-07-05T04:04:05Z,788,10,1,5,0,0,1,1,1,1783223996
2026-07-05T04:04:05Z,789,12,1,1,2,0,1,1,1,1783223321
2026-07-05T04:04:05Z,790,3,3,20,0,0,1,1,1,1783223454
2026-07-05T04:04:05Z,791,0,0,19,0,0,1,1,1,1783222691
2026-07-05T04:04:05Z,793,11,1,3,1,0,1,1,1,1783224161
2026-07-05T04:04:05Z,794,5,2,24,0,0,1,1,1,1783223827
2026-07-05T04:04:05Z,796,1,0,15,3,0,1,1,1,1783222701
2026-07-05T04:04:05Z,797,0,0,15,0,0,1,1,1,1783223723
2026-07-05T04:04:05Z,798,1,0,23,1,0,1,1,1,1783223385
2026-07-05T04:04:05Z,799,3,1,15,1,0,1,1,1,1783224160
2026-07-05T04:04:05Z,800,2,0,17,2,0,1,1,1,1783224118
2026-07-05T04:04:05Z,801,4,3,15,2,0,1,1,1,1783223962
2026-07-05T04:04:05Z,802,2,0,28,0,1,1,1,1,1783222721
2026-07-05T04:04:05Z,803,2,1,13,0,0,1,1,1,1783223391
2026-07-05T04:04:05Z,806,0,0,11,4,0,1,1,1,1783223234
2026-07-05T04:04:05Z,807,16,0,8,1,0,1,1,1,1783223926
2026-07-05T04:04:05Z,808,9,0,15,1,0,1,1,1,1783223533
2026-07-05T04:04:05Z,809,5,1,18,0,0,1,1,1,1783224162
2026-07-05T04:04:05Z,810,8,5,10,1,0,1,1,1,1783224178
2026-07-05T04:04:05Z,815,5,2,9,1,0,1,1,1,1783222700
2026-07-05T04:04:05Z,817,4,1,4,7,0,1,1,1,1783223227
2026-07-05T04:04:05Z,818,3,2,20,0,0,1,1,1,1783222730
2026-07-05T04:04:05Z,819,6,6,6,3,0,1,1,1,1783224088
2026-07-05T04:04:05Z,820,7,1,8,2,0,1,1,1,1783224048
2026-07-05T04:04:05Z,821,9,0,5,1,0,1,1,1,1783223701
2026-07-05T04:04:05Z,822,0,0,21,2,0,1,1,1,1783224115
2026-07-05T04:04:05Z,823,12,1,3,0,0,1,1,1,1783224007
2026-07-05T04:04:05Z,824,5,3,13,1,0,1,1,1,1783223509
2026-07-05T04:04:05Z,825,9,2,6,0,0,1,1,1,1783218366
2026-07-05T04:04:05Z,826,8,0,10,1,0,1,1,1,1783223076
2026-07-05T04:04:05Z,827,7,1,13,1,0,1,1,1,1783224061
2026-07-05T04:04:05Z,828,1,0,16,1,0,1,1,1,1783223286
2026-07-05T04:04:05Z,829,1,0,26,0,0,1,1,1,1783212589
2026-07-05T04:04:05Z,830,19,2,4,0,0,1,1,1,1783223827
2026-07-05T04:04:05Z,831,5,1,3,7,0,1,1,1,1783223743
2026-07-05T04:04:05Z,832,12,2,6,0,0,1,1,1,1783222689
2026-07-05T04:04:05Z,833,18,11,0,1,0,1,1,1,1783223825
2026-07-05T04:04:05Z,834,1,0,23,0,0,1,1,1,1783224222
2026-07-05T04:04:05Z,835,11,6,7,0,0,1,1,1,1783224161
2026-07-05T04:04:05Z,837,4,1,4,7,0,1,1,1,1783223767
2026-07-05T04:04:05Z,838,6,2,6,3,0,1,1,1,1783223453
2026-07-05T04:04:05Z,839,18,3,10,1,0,1,1,1,1783223523
2026-07-05T04:04:05Z,840,4,2,25,0,0,1,1,1,1783223841
2026-07-05T04:04:05Z,841,4,2,8,3,0,1,1,1,1783223335
2026-07-05T04:04:05Z,842,4,0,18,0,1,1,1,1,1783222615
2026-07-05T04:04:05Z,843,2,0,27,2,0,1,1,1,1783223977
2026-07-05T04:04:05Z,844,5,0,18,0,0,1,1,1,1783223835
2026-07-05T04:04:05Z,845,8,0,11,0,0,1,1,1,1783223356
2026-07-05T04:04:05Z,846,7,1,11,0,1,1,1,1,1783223825
2026-07-05T04:04:05Z,847,0,0,27,0,0,1,1,1,1783222530
2026-07-05T04:04:05Z,848,7,0,12,0,0,1,1,1,1783224020
2026-07-05T04:04:05Z,849,1,1,9,5,0,1,1,1,1783223644
2026-07-05T04:04:05Z,850,4,1,7,0,0,1,1,1,1783224189
2026-07-05T04:04:05Z,851,23,1,12,2,0,1,1,1,1783222241
2026-07-05T04:04:05Z,852,2,0,16,1,0,1,1,1,1783223789
2026-07-05T04:04:05Z,853,10,2,12,1,0,1,1,1,1783223927
2026-07-05T04:04:05Z,854,5,0,9,1,0,1,1,1,1783224063
2026-07-05T04:04:05Z,855,25,0,2,0,0,1,1,1,1783222752
2026-07-05T04:04:05Z,857,8,6,10,1,0,1,1,1,1783223268
2026-07-05T04:04:05Z,858,1,0,17,1,0,1,1,1,1783222451
2026-07-05T04:04:05Z,859,9,3,12,0,0,1,1,1,1783223206
2026-07-05T04:04:05Z,861,4,0,7,0,0,1,1,1,1783222656
2026-07-05T04:04:05Z,862,4,0,11,0,0,1,1,1,1783224187
2026-07-05T04:04:05Z,863,7,3,11,1,0,1,1,1,1783216283
2026-07-05T04:04:05Z,866,18,0,1,0,0,1,1,1,1783213234
2026-07-05T04:04:05Z,867,9,0,6,0,0,1,1,1,1783223452
2026-07-05T04:04:05Z,868,11,0,4,0,0,1,1,1,1783224040
2026-07-05T04:04:05Z,870,10,3,4,1,0,1,1,1,1783224139
2026-07-05T04:04:05Z,871,3,0,8,0,0,1,1,1,1783223396
2026-07-05T04:04:05Z,872,6,3,9,0,0,1,1,1,1783224177
2026-07-05T04:04:05Z,873,4,0,27,2,0,1,1,1,1783224158
2026-07-05T04:04:05Z,874,14,1,0,1,0,1,1,1,1783223462
2026-07-05T04:04:05Z,875,3,1,12,0,0,1,1,1,1783223602
2026-07-05T04:04:05Z,877,7,3,12,0,0,1,1,1,1783224038
2026-07-05T04:04:05Z,878,9,0,10,0,0,1,1,1,1783223928
2026-07-05T04:04:05Z,879,7,0,11,1,0,1,1,1,1783223582
2026-07-05T04:04:05Z,880,11,2,12,0,0,1,1,1,1783223293
2026-07-05T04:04:05Z,881,3,1,13,3,0,1,1,1,1783222976
2026-07-05T04:04:05Z,882,10,5,9,0,0,1,1,1,1783222697
2026-07-05T04:04:05Z,883,12,6,6,1,0,1,1,1,1783222906
2026-07-05T04:04:05Z,884,10,5,11,0,0,1,1,1,1783183865
2026-07-05T04:04:05Z,885,7,2,11,1,0,1,1,1,1783222469
2026-07-05T04:04:05Z,886,7,5,20,2,0,1,1,1,1783223576
2026-07-05T04:04:05Z,887,2,0,14,1,0,1,1,1,1783224106
2026-07-05T04:04:05Z,888,0,0,40,1,0,1,1,1,1783224064
2026-07-05T04:04:05Z,889,10,0,9,0,0,1,1,1,1783223542
2026-07-05T04:04:05Z,890,8,2,7,0,0,1,1,1,1783217856
2026-07-05T04:04:05Z,891,7,1,15,1,0,1,1,1,1783223909
2026-07-05T04:04:05Z,892,15,5,0,0,0,1,1,1,1783224185
2026-07-05T04:04:05Z,895,4,0,15,0,0,1,1,1,1783222990
2026-07-05T04:04:05Z,896,30,8,5,0,0,1,1,1,1783223947
2026-07-05T04:04:05Z,897,11,1,9,1,0,1,1,1,1783223477
2026-07-05T04:04:05Z,898,7,1,12,0,0,1,1,1,1783223592
2026-07-05T04:04:05Z,899,13,1,6,0,0,1,1,1,1783222924
2026-07-05T04:04:05Z,900,19,1,7,1,0,1,1,1,1783224104
2026-07-05T04:04:05Z,901,10,0,9,0,0,1,1,1,1783223484
2026-07-05T04:04:05Z,902,0,0,15,0,0,1,1,1,1783223533
2026-07-05T04:04:05Z,903,1,0,18,0,0,1,1,1,1783223327
2026-07-05T04:04:05Z,904,13,0,4,2,0,1,1,1,1783223632
2026-07-05T04:04:05Z,905,12,7,15,0,0,1,1,1,1783224175
2026-07-05T04:04:05Z,906,26,9,1,0,0,1,1,1,1783223364
2026-07-05T04:04:05Z,907,13,0,18,0,0,1,1,1,1783224212
2026-07-05T04:04:05Z,908,8,0,15,0,0,1,1,1,1783223952
2026-07-05T04:04:05Z,909,13,9,10,0,0,1,1,1,1783224192
2026-07-05T04:04:05Z,910,4,0,26,1,0,1,1,1,1783224211
2026-07-05T04:04:05Z,911,10,0,8,1,0,1,1,1,1783223409
2026-07-05T04:04:05Z,912,10,1,11,2,0,1,1,1,1783223670
2026-07-05T04:04:05Z,913,10,1,9,0,0,1,1,1,1783211292
2026-07-05T04:04:05Z,914,15,0,3,1,0,1,1,1,1783223739
2026-07-05T04:04:05Z,915,2,0,21,0,0,1,1,1,1783224221
2026-07-05T04:04:05Z,916,5,1,17,1,0,1,1,1,1783223762
2026-07-05T04:04:05Z,917,3,1,32,0,0,1,1,1,1783222936
2026-07-05T04:04:05Z,918,16,3,2,1,0,1,1,1,1783223958
2026-07-05T04:04:05Z,919,33,5,5,1,0,1,1,1,1783224216
2026-07-05T04:04:05Z,920,3,3,16,0,0,1,1,1,1783223409
2026-07-05T04:04:05Z,921,3,0,15,3,0,1,1,1,1783219782
2026-07-05T04:04:05Z,922,9,1,12,0,0,1,1,1,1783223694
2026-07-05T04:04:05Z,923,2,2,16,1,0,1,1,1,1783223239
2026-07-05T04:04:05Z,924,16,2,5,0,0,1,1,1,1783223222
2026-07-05T04:04:05Z,925,1,1,19,1,0,1,1,1,1783223597
2026-07-05T04:04:05Z,926,8,1,13,0,0,1,1,1,1783223691
2026-07-05T04:04:05Z,927,16,0,17,1,0,1,1,1,1783223504
2026-07-05T04:04:05Z,928,11,1,7,1,0,1,1,1,1783223884
2026-07-05T04:04:05Z,929,8,0,15,0,0,1,1,1,1783224200
2026-07-05T04:04:05Z,930,21,0,10,0,0,1,1,1,1783223764
2026-07-05T04:04:05Z,931,4,3,19,0,0,1,1,1,1783224110
2026-07-05T04:04:05Z,932,9,1,9,1,0,1,1,1,1783224090
2026-07-05T04:04:05Z,933,15,0,7,1,0,1,1,1,1783224239
2026-07-05T04:04:05Z,934,6,0,24,1,0,1,1,1,1783224024
2026-07-05T04:04:05Z,935,1,0,15,3,0,1,1,1,1783223883
2026-07-05T04:04:05Z,936,17,3,2,0,0,1,1,1,1783223895
2026-07-05T04:04:05Z,940,6,0,4,1,0,1,1,1,1783224234
2026-07-05T04:04:05Z,941,4,0,21,0,0,1,1,1,1783221252
2026-07-05T04:04:05Z,942,6,1,15,0,0,1,1,1,1783223503
2026-07-05T04:04:05Z,943,4,4,10,1,0,1,1,1,1783223631
2026-07-05T04:04:05Z,944,5,5,9,1,0,1,1,1,1783219032
2026-07-05T04:04:05Z,945,9,5,6,0,0,1,1,1,1783223982
2026-07-05T04:04:05Z,946,8,6,11,0,0,1,1,1,1783223914
2026-07-05T04:04:05Z,947,7,5,10,0,0,1,1,1,1783222901
2026-07-05T04:04:05Z,948,17,3,11,3,0,1,1,1,1783224061
2026-07-05T04:04:05Z,949,0,0,15,0,0,1,1,1,1783223910
2026-07-05T04:04:05Z,950,10,1,5,2,0,1,1,1,1783224071
2026-07-05T04:04:05Z,951,5,0,17,1,0,1,1,1,1783223736
2026-07-05T04:04:05Z,952,19,1,33,3,0,1,1,1,1783224133
2026-07-05T04:04:05Z,953,13,0,0,2,0,1,1,1,1783223904
2026-07-05T04:04:05Z,954,14,0,4,1,0,1,1,1,1783223951
2026-07-05T04:04:05Z,955,2,1,19,6,0,1,1,1,1783224109
2026-07-05T04:04:05Z,956,0,0,18,1,0,1,1,1,1783223443
2026-07-05T04:04:05Z,957,4,0,24,1,0,1,1,1,1783223887
2026-07-05T04:04:05Z,958,6,0,24,1,0,1,1,1,1783224032
2026-07-05T04:04:05Z,959,2,1,20,1,0,1,1,1,1783223907
2026-07-05T04:04:05Z,960,21,5,1,1,0,1,1,1,1783224215
2026-07-05T04:04:05Z,961,7,3,16,0,0,1,1,1,1783223831
2026-07-05T04:04:05Z,962,2,1,26,7,0,1,1,1,1783223707
2026-07-05T04:04:05Z,963,6,0,17,0,0,1,1,1,1783223639
2026-07-05T04:04:05Z,964,9,3,13,1,0,1,1,1,1783223426
2026-07-05T04:04:05Z,965,8,1,17,2,0,1,1,1,1783222895
2026-07-05T04:04:05Z,966,12,0,19,0,0,1,1,1,1783224237
2026-07-05T04:04:05Z,967,10,1,7,4,0,1,1,1,1783223951
2026-07-05T04:04:05Z,968,9,0,10,0,0,1,1,1,1783223893
2026-07-05T04:04:05Z,969,11,2,15,1,0,1,1,1,1783224147
2026-07-05T04:04:05Z,970,12,3,4,3,0,1,1,1,1783223940
2026-07-05T04:04:05Z,971,21,0,1,1,0,1,1,1,1783223663
2026-07-05T04:04:05Z,972,4,1,19,0,0,1,1,1,1783223384
2026-07-05T04:04:05Z,973,1,0,20,2,0,1,1,1,1783224006
2026-07-05T04:04:05Z,974,16,0,11,0,0,1,1,1,1783224071
2026-07-05T04:04:05Z,977,5,3,15,1,0,1,1,1,1783224004
2026-07-05T04:04:05Z,978,18,3,5,0,0,1,1,1,1783223793
2026-07-05T04:04:05Z,979,7,0,8,2,0,1,1,1,1783223985
2026-07-05T04:04:05Z,980,6,0,15,0,0,1,1,1,1783223432
2026-07-05T04:04:05Z,981,4,1,16,1,0,1,1,1,1783223097
2026-07-05T04:04:05Z,982,9,3,9,1,0,1,1,1,1783223770
2026-07-05T04:04:05Z,983,1,0,22,0,0,1,1,1,1783223131
2026-07-05T04:04:05Z,984,15,10,7,1,0,1,1,1,1783223258
2026-07-05T04:04:05Z,985,0,0,29,1,1,1,1,1,1783224233
2026-07-05T04:04:05Z,986,6,6,12,1,0,1,1,1,1783224048
2026-07-05T04:04:05Z,987,3,0,20,0,0,1,1,1,1783222439
2026-07-05T04:04:05Z,988,11,4,8,0,0,1,1,1,1783222505
2026-07-05T04:04:05Z,989,14,11,4,1,0,1,1,1,1783222474
2026-07-05T04:04:05Z,990,13,3,1,1,0,1,1,1,1783223915
2026-07-05T04:04:05Z,991,18,10,1,0,0,1,1,1,1783222647
2026-07-05T04:04:05Z,992,6,1,17,0,0,1,1,1,1783223537
2026-07-05T04:04:05Z,993,0,0,27,0,0,1,1,1,1783224112
2026-07-05T04:04:05Z,994,8,1,9,4,0,1,1,1,1783223574
2026-07-05T04:04:05Z,995,10,1,17,0,0,1,1,1,1783223571
2026-07-05T04:04:05Z,996,9,4,14,0,0,1,1,1,1783224211
2026-07-05T04:04:05Z,997,9,5,10,4,0,1,1,1,1783224232
2026-07-05T04:04:05Z,998,8,0,15,0,0,1,1,1,1783224095
2026-07-05T04:04:05Z,999,8,2,11,1,1,1,1,1,1783223445
2026-07-05T04:04:05Z,1000,8,1,13,0,0,1,1,1,1783223939
2026-07-05T04:04:05Z,1001,1,0,26,0,0,1,1,1,1783223267
2026-07-05T04:04:05Z,1002,9,1,22,0,0,1,1,1,1783223720
2026-07-05T04:04:05Z,1003,2,1,21,0,0,1,1,1,1783222772
2026-07-05T04:04:05Z,1004,12,2,11,0,0,1,1,1,1783223575
2026-07-05T04:04:05Z,1005,6,2,16,1,0,1,1,1,1783223579
2026-07-05T04:04:05Z,1006,13,3,6,0,0,1,1,1,1783224171
2026-07-05T04:04:05Z,1007,6,3,15,0,0,1,1,1,1783223951
2026-07-05T04:04:05Z,1008,12,4,10,1,0,1,1,1,1783223803
2026-07-05T04:04:05Z,1009,8,0,22,1,0,1,1,1,1783223500
2026-07-05T04:04:05Z,1010,12,8,15,0,0,1,1,1,1783222562
2026-07-05T04:04:05Z,1011,7,7,12,0,0,1,1,1,1783224105
2026-07-05T04:04:05Z,1012,2,2,18,3,0,1,1,1,1783224063
2026-07-05T04:04:05Z,1013,8,2,13,2,0,1,1,1,1783223412
2026-07-05T04:04:05Z,1014,8,4,15,0,0,1,1,1,1783223479
2026-07-05T04:04:05Z,1015,8,3,23,0,0,1,1,1,1783223269
2026-07-05T04:04:05Z,1016,16,4,15,0,0,1,1,1,1783223786
2026-07-05T04:04:05Z,1017,10,3,10,1,0,1,1,1,1783223508
2026-07-05T04:04:05Z,1018,8,6,12,1,0,1,1,1,1783222517
2026-07-05T04:04:05Z,1019,13,2,2,0,0,1,1,1,1783223909
2026-07-05T04:04:05Z,1020,11,1,10,0,0,1,1,1,1783222959
2026-07-05T04:04:05Z,1021,10,4,5,0,0,1,1,1,1783223955
2026-07-05T04:04:05Z,1022,10,0,17,0,0,1,1,1,1783223835
2026-07-05T04:04:05Z,1023,16,0,7,0,0,1,1,1,1783224103
2026-07-05T04:04:05Z,1024,9,2,10,0,0,1,1,1,1783223818
2026-07-05T04:04:05Z,1025,12,1,6,1,0,1,1,1,1783223452
2026-07-05T04:04:05Z,1026,6,1,22,3,0,1,1,1,1783223668
2026-07-05T04:04:05Z,1028,18,5,5,0,0,1,1,1,1783223891
2026-07-05T04:04:05Z,1029,5,2,6,4,0,1,1,1,1783222881
2026-07-05T04:04:05Z,1030,16,2,6,1,0,1,1,1,1783223907
2026-07-05T04:04:05Z,1031,0,0,19,0,0,1,1,1,1783223201
2026-07-05T04:04:05Z,1032,16,3,3,0,0,1,1,1,1783223605
2026-07-05T04:04:05Z,1033,12,9,6,1,0,1,1,1,1783223216
2026-07-05T04:04:05Z,1034,9,1,5,1,0,1,1,1,1783223770
2026-07-05T04:04:05Z,1035,7,0,12,0,0,1,1,1,1783223434
2026-07-05T04:04:05Z,1036,11,4,4,0,0,1,1,1,1783223300
2026-07-05T04:04:05Z,1037,2,1,16,1,0,1,1,1,1783224070
2026-07-05T04:04:05Z,1038,6,0,9,0,0,1,1,1,1783222827
2026-07-05T04:04:05Z,1039,6,2,13,0,0,1,1,1,1783223555
2026-07-05T04:04:05Z,1040,1,0,18,0,0,1,1,1,1783222569
2026-07-05T04:04:05Z,1041,4,3,15,0,0,1,1,1,1783223704
2026-07-05T04:04:05Z,1042,15,3,0,0,0,1,1,1,1783223677
2026-07-05T04:04:05Z,1043,8,2,10,1,0,1,1,1,1783222545
2026-07-05T04:04:05Z,1044,4,2,9,2,0,1,1,1,1783223159
2026-07-05T04:04:05Z,1045,6,2,12,1,0,1,1,1,1783223566
2026-07-05T04:04:05Z,1046,4,0,7,4,0,1,1,1,1783223948
2026-07-05T04:04:05Z,1047,0,0,21,0,0,1,1,1,1783223567
2026-07-05T04:04:05Z,1048,8,0,11,0,0,1,1,1,1783223476
2026-07-05T04:04:05Z,1049,14,1,6,1,0,1,1,1,1783223936
2026-07-05T04:04:05Z,1050,17,7,4,0,0,1,1,1,1783222811
2026-07-05T04:04:05Z,1051,19,3,2,0,0,1,1,1,1783223363
2026-07-05T04:04:05Z,1052,10,1,10,2,0,1,1,1,1783224237
2026-07-05T04:04:05Z,1053,8,2,7,0,0,1,1,1,1783222714
2026-07-05T04:04:05Z,1054,8,0,6,1,0,1,1,1,1783222490
2026-07-05T04:04:05Z,1055,13,0,6,0,0,1,1,1,1783223790
2026-07-05T04:04:05Z,1057,9,0,9,1,0,1,1,1,1783224101
2026-07-05T04:04:05Z,1058,17,0,38,1,0,1,1,1,1783223712
2026-07-05T04:04:05Z,1059,9,2,10,0,0,1,1,1,1783222512
2026-07-05T04:04:05Z,1060,20,0,17,0,0,1,1,1,1783223808
2026-07-05T04:04:05Z,1061,1,1,36,0,0,1,1,1,1783224017
2026-07-05T04:04:05Z,1062,4,0,12,1,0,1,1,1,1783223442
2026-07-05T04:04:05Z,1063,11,4,7,1,0,1,1,1,1783223712
2026-07-05T04:04:05Z,1064,10,1,12,1,0,1,1,1,1783223575
2026-07-05T04:04:05Z,1065,9,3,13,1,0,1,1,1,1783223787
2026-07-05T04:04:05Z,1066,16,5,7,0,0,1,1,1,1783222498
2026-07-05T04:04:05Z,1067,12,1,10,1,0,1,1,1,1783223997
2026-07-05T04:04:05Z,1068,13,0,10,0,0,1,1,1,1783223970
2026-07-05T04:04:05Z,1069,0,0,23,0,0,1,1,1,1783222474
2026-07-05T04:04:05Z,1070,7,4,15,1,0,1,1,1,1783223103
2026-07-05T04:04:05Z,1071,1,0,22,0,0,1,1,1,1783223254
2026-07-05T04:04:05Z,1072,14,1,8,1,0,1,1,1,1783223946
2026-07-05T04:04:05Z,1073,6,0,19,2,0,1,1,1,1783224214
2026-07-05T04:04:05Z,1074,30,0,19,4,0,1,1,1,1783224239
2026-07-05T04:04:05Z,1075,12,11,9,0,0,1,1,1,1783223627
2026-07-05T04:04:05Z,1076,11,5,10,0,0,1,1,1,1783222504
2026-07-05T04:04:05Z,1077,8,8,13,0,0,1,1,1,1783223760
2026-07-05T04:04:05Z,1078,15,5,6,0,0,1,1,1,1783223981
2026-07-05T04:04:05Z,1079,14,12,7,0,0,1,1,1,1783223787
2026-07-05T04:04:05Z,1080,8,8,13,0,0,1,1,1,1783221802
2026-07-05T04:04:05Z,1081,14,14,5,0,0,1,1,1,1783223699
2026-07-05T04:04:05Z,1082,15,11,8,0,0,1,1,1,1783223687
2026-07-05T04:04:05Z,1083,6,3,14,1,0,1,1,1,1783223536
2026-07-05T04:04:05Z,1084,8,6,13,0,0,1,1,1,1783223564
2026-07-05T04:04:05Z,1085,8,6,13,0,0,1,1,1,1783223779
2026-07-05T04:04:05Z,1086,10,7,11,0,0,1,1,1,1783223684
2026-07-05T04:04:05Z,1087,7,5,8,0,0,1,1,1,1783223902
2026-07-05T04:04:05Z,1088,7,7,8,0,0,1,1,1,1783222657
2026-07-05T04:04:05Z,1089,5,5,10,0,0,1,1,1,1783223798
2026-07-05T04:04:05Z,1090,7,6,8,0,0,1,1,1,1783223770
2026-07-05T04:04:05Z,1091,9,7,6,0,0,1,1,1,1783224210
2026-07-05T04:04:05Z,1092,8,8,7,0,0,1,1,1,1783223487
2026-07-05T04:04:05Z,1093,6,6,9,0,0,1,1,1,1783223117
2026-07-05T04:04:05Z,1094,12,7,7,0,0,1,1,1,1783223231
2026-07-05T04:04:05Z,1095,9,9,6,0,0,1,1,1,1783223614
2026-07-05T04:04:05Z,1096,13,11,6,0,0,1,1,1,1783223495
2026-07-05T04:04:05Z,1097,9,6,6,0,0,1,1,1,1783223615
2026-07-05T04:04:05Z,1098,13,12,5,1,0,1,1,1,1783224194
2026-07-05T04:04:05Z,1099,6,6,9,0,0,1,1,1,1783223041
2026-07-05T04:04:05Z,1100,7,5,20,2,0,1,1,1,1783222767
2026-07-05T04:04:05Z,1101,10,5,11,0,0,1,1,1,1783224171
2026-07-05T04:04:05Z,1102,10,5,3,0,0,1,1,1,1783224032
2026-07-05T04:04:05Z,1103,10,5,11,0,0,1,1,1,1783223614
2026-07-05T04:04:05Z,1104,10,5,11,0,0,1,1,1,1783224160
2026-07-05T04:04:05Z,1105,8,2,3,2,0,1,1,1,1783223962
2026-07-05T04:04:05Z,1106,10,5,11,0,0,1,1,1,1783222804
2026-07-05T04:04:05Z,1107,11,5,4,0,0,1,1,1,1783223896
2026-07-05T04:04:05Z,1108,9,7,16,2,0,1,1,1,1783224136
2026-07-05T04:04:05Z,1109,9,4,6,0,0,1,1,1,1783224217
2026-07-05T04:04:05Z,1110,7,1,14,0,0,1,1,1,1783224031
2026-07-05T04:04:05Z,1111,10,0,10,1,0,1,1,1,1783222852
2026-07-05T04:04:05Z,1112,44,0,8,1,0,1,1,1,1783223333
2026-07-05T04:04:05Z,1113,2,0,19,0,0,1,1,1,1783222547
2026-07-05T04:04:05Z,1115,13,1,10,0,0,1,1,1,1783223577
2026-07-05T04:04:05Z,1116,9,0,10,0,0,1,1,1,1783223265
2026-07-05T04:04:05Z,1117,1,1,21,1,0,1,1,1,1783223775
2026-07-05T04:04:05Z,1118,17,0,4,0,0,1,1,1,1783223519
2026-07-05T04:04:05Z,1119,6,1,11,0,0,1,1,1,1783223295
2026-07-05T04:04:05Z,1120,0,0,16,3,0,1,1,1,1783223623
2026-07-05T04:04:05Z,1121,8,0,12,1,0,1,1,1,1783223578
2026-07-05T04:04:05Z,1122,9,3,11,0,1,1,1,1,1783223575
2026-07-05T04:04:05Z,1123,3,1,19,1,0,1,1,1,1783223467
2026-07-05T04:04:05Z,1124,13,1,1,1,0,1,1,1,1783223658
2026-07-05T04:04:05Z,1125,16,3,7,0,0,1,1,1,1783223569
2026-07-05T04:04:05Z,1126,8,1,11,2,0,1,1,1,1783223675
2026-07-05T04:04:05Z,1127,5,1,12,2,0,1,1,1,1783223765
2026-07-05T04:04:05Z,1128,14,2,1,0,0,1,1,1,1783223595
2026-07-05T04:04:05Z,1129,15,1,5,1,0,1,1,1,1783223430
2026-07-05T04:04:05Z,1130,4,1,8,3,0,1,1,1,1783224066
2026-07-05T04:04:05Z,1131,1,0,47,1,0,1,1,1,1783223432
2026-07-05T04:04:05Z,1132,14,1,6,1,0,1,1,1,1783223579
2026-07-05T04:04:05Z,1133,11,4,8,2,0,1,1,1,1783223974
2026-07-05T04:04:05Z,1134,10,6,9,0,0,1,1,1,1783224229
2026-07-05T04:04:05Z,1135,8,4,13,0,0,1,1,1,1783222623
2026-07-05T04:04:05Z,1136,19,0,2,2,0,1,1,1,1783223801
2026-07-05T04:04:05Z,1137,6,1,9,0,0,1,1,1,1783223320
2026-07-05T04:04:05Z,1138,12,0,7,0,0,1,1,1,1783223001
2026-07-05T04:04:05Z,1139,1,0,20,0,0,1,1,1,1783223577
2026-07-05T04:04:05Z,1140,8,2,11,4,0,1,1,1,1783224235
2026-07-05T04:04:05Z,1141,2,0,18,1,0,1,1,1,1783223877
2026-07-05T04:04:05Z,1142,4,0,17,0,0,1,1,1,1783222970
2026-07-05T04:04:05Z,1143,27,2,2,0,0,1,1,1,1783224043
2026-07-05T04:04:05Z,1144,13,1,7,1,0,1,1,1,1783223359
2026-07-05T04:04:05Z,1145,8,3,10,2,1,1,1,1,1783223130
2026-07-05T04:04:05Z,1146,15,2,2,2,0,1,1,1,1783224232
2026-07-05T04:04:05Z,1147,9,2,10,0,0,1,1,1,1783223329
2026-07-05T04:04:05Z,1148,13,1,17,1,0,1,1,1,1783224210
2026-07-05T04:04:05Z,1149,16,4,9,0,0,1,1,1,1783223190
2026-07-05T04:04:05Z,1150,19,0,0,0,0,1,1,1,1783223852
2026-07-05T04:04:05Z,1151,11,0,9,1,0,1,1,1,1783224121
2026-07-05T04:04:05Z,1152,9,2,17,3,0,1,1,1,1783223972
2026-07-05T04:04:05Z,1153,10,0,12,1,0,1,1,1,1783223440
2026-07-05T04:04:05Z,1154,10,1,6,3,0,1,1,1,1783223864
2026-07-05T04:04:05Z,1155,5,1,14,2,0,1,1,1,1783224124
2026-07-05T04:04:05Z,1158,7,0,12,0,0,1,1,1,1783223410
2026-07-05T04:04:05Z,1159,6,2,13,0,0,1,1,1,1783222499
2026-07-05T04:04:05Z,1160,8,1,10,1,0,1,1,1,1783222698
2026-07-05T04:04:05Z,1161,5,2,14,0,0,1,1,1,1783223820
2026-07-05T04:04:05Z,1162,11,6,8,0,0,1,1,1,1783223274
2026-07-05T04:04:05Z,1163,2,0,16,1,0,1,1,1,1783223189
2026-07-05T04:04:05Z,1164,9,2,9,1,0,1,1,1,1783223587
2026-07-05T04:04:05Z,1165,2,1,18,1,0,1,1,1,1783222925
2026-07-05T04:04:05Z,1166,5,0,15,1,0,1,1,1,1783224165
2026-07-05T04:04:05Z,1167,12,2,3,0,0,1,1,1,1783223859
2026-07-05T04:04:05Z,1168,5,1,18,0,0,1,1,1,1783223552
2026-07-05T04:04:05Z,1169,0,0,18,1,0,1,1,1,1783222917
2026-07-05T04:04:05Z,1170,0,0,21,0,0,1,1,1,1783224112
2026-07-05T04:04:05Z,1171,10,9,12,1,0,1,1,1,1783222977
2026-07-05T04:04:05Z,1172,10,3,5,0,0,1,1,1,1783223876
2026-07-05T04:04:05Z,1173,0,0,19,0,0,1,1,1,1783224181
2026-07-05T04:04:05Z,1174,1,0,14,0,0,1,1,1,1783223702
2026-07-05T04:04:05Z,1175,1,0,17,1,0,1,1,1,1783223314
2026-07-05T04:04:05Z,1176,18,4,3,0,0,1,1,1,1783217041
2026-07-05T04:04:05Z,1177,11,4,10,0,0,1,1,1,1783223381
2026-07-05T04:04:05Z,1178,7,3,7,1,0,1,1,1,1783223859
2026-07-05T04:04:05Z,1181,3,0,12,0,0,1,1,1,1783223842
2026-07-05T04:04:05Z,1182,1,1,18,1,0,1,1,1,1783223981
2026-07-05T04:04:05Z,1183,1,1,35,1,0,1,1,1,1783223931
2026-07-05T04:04:05Z,1184,2,1,17,2,0,1,1,1,1783223990
2026-07-05T04:04:05Z,1185,10,5,11,0,0,1,1,1,1783224197
2026-07-05T04:04:05Z,1186,10,5,9,0,0,1,1,1,1783223700
2026-07-05T04:04:05Z,1190,7,4,14,0,0,1,1,1,1783223594
2026-07-05T04:04:05Z,1192,9,5,12,0,0,1,1,1,1783222750
2026-07-05T04:04:05Z,1193,5,1,7,1,0,1,1,1,1783222477
2026-07-05T04:04:05Z,1197,8,2,7,2,0,1,1,1,1783223613
2026-07-05T04:04:05Z,1198,13,8,7,1,0,1,1,1,1783224038
2026-07-05T04:04:05Z,1199,6,5,13,0,0,1,1,1,1783223406
2026-07-05T04:04:05Z,1200,9,3,5,1,0,1,1,1,1783223743
2026-07-05T04:04:05Z,1201,4,0,11,0,0,1,1,1,1783222843
2026-07-05T04:04:05Z,1202,13,6,2,0,0,1,1,1,1783222530
2026-07-05T04:04:05Z,1203,11,6,4,0,0,1,1,1,1783222856
2026-07-05T04:04:05Z,1218,11,5,10,0,0,1,1,1,1783222459
2026-07-05T04:04:05Z,1224,0,0,3,0,0,0,1,1,1781869449
2026-07-05T04:04:05Z,1225,0,0,3,0,0,0,1,1,1781868919
2026-07-05T04:04:05Z,1226,0,0,3,0,0,0,1,1,1781868931
2026-07-05T04:09:05Z,1,3,0,20,0,0,1,1,1,1783223235
2026-07-05T04:09:05Z,2,16,2,11,0,0,1,1,1,1783224139
2026-07-05T04:09:05Z,3,0,0,18,1,0,1,1,1,1783223646
2026-07-05T04:09:05Z,4,11,0,12,0,0,1,1,1,1783223691
2026-07-05T04:09:05Z,5,11,7,11,1,0,1,1,1,1783224401
2026-07-05T04:09:05Z,6,11,1,4,0,0,1,1,1,1783223477
2026-07-05T04:09:05Z,7,0,0,23,0,0,1,1,1,1783222840
2026-07-05T04:09:05Z,8,20,0,23,0,0,1,1,1,1783224419
2026-07-05T04:09:05Z,9,18,1,1,4,0,1,1,1,1783224018
2026-07-05T04:09:05Z,10,9,2,14,0,0,1,1,1,1783221209
2026-07-05T04:09:05Z,11,6,1,13,0,0,1,1,1,1783223382
2026-07-05T04:09:05Z,12,0,0,23,0,0,1,1,1,1783224318
2026-07-05T04:09:05Z,13,19,0,10,1,0,1,1,1,1783224365
2026-07-05T04:09:05Z,14,21,0,22,0,0,1,1,1,1783224300
2026-07-05T04:09:05Z,15,0,0,14,1,0,1,1,1,1783223799
2026-07-05T04:09:05Z,16,14,0,12,1,0,1,1,1,1783219189
2026-07-05T04:09:05Z,17,7,0,18,2,0,1,1,1,1783223999
2026-07-05T04:09:05Z,18,8,0,10,1,0,1,1,1,1783224511
2026-07-05T04:09:05Z,19,1,0,25,1,0,1,1,1,1783224249
2026-07-05T04:09:05Z,20,18,0,9,0,0,1,1,1,1783224209
2026-07-05T04:09:05Z,21,15,0,3,1,0,1,1,1,1783224429
2026-07-05T04:09:05Z,22,54,1,12,1,0,1,1,1,1783224194
2026-07-05T04:09:05Z,23,27,3,4,0,0,1,1,1,1783224177
2026-07-05T04:09:05Z,24,3,0,7,1,0,1,1,1,1783224536
2026-07-05T04:09:05Z,25,32,0,46,2,1,1,1,1,1783224489
2026-07-05T04:09:05Z,26,13,0,14,0,0,1,1,1,1783222175
2026-07-05T04:09:05Z,28,12,1,3,0,0,1,1,1,1783224267
2026-07-05T04:09:05Z,30,23,0,3,1,0,1,1,1,1783223406
2026-07-05T04:09:05Z,31,0,0,19,0,0,1,1,1,1783223897
2026-07-05T04:09:05Z,32,10,0,17,0,0,1,1,1,1783224342
2026-07-05T04:09:05Z,34,9,0,28,0,0,1,1,1,1783224013
2026-07-05T04:09:05Z,35,39,0,6,2,0,1,1,1,1783224525
2026-07-05T04:09:05Z,36,0,0,0,0,0,0,1,1,86400
2026-07-05T04:09:05Z,37,2,1,20,1,0,1,1,1,1783224356
2026-07-05T04:09:05Z,38,15,1,8,0,0,1,1,1,1783224318
2026-07-05T04:09:05Z,39,30,0,1,0,0,1,1,1,1783222421
2026-07-05T04:09:05Z,40,12,1,8,1,0,1,1,1,1783224528
2026-07-05T04:09:05Z,41,5,0,21,1,0,1,1,1,1783223326
2026-07-05T04:09:05Z,42,12,2,19,0,0,1,1,1,1783224363
2026-07-05T04:09:05Z,43,0,0,0,21,2,1,1,1,1783224347
2026-07-05T04:09:05Z,45,0,0,31,0,0,1,1,1,1783224376
2026-07-05T04:09:05Z,46,16,0,12,3,0,1,1,1,1783224130
2026-07-05T04:09:05Z,47,3,0,12,0,0,1,1,1,1783224186
2026-07-05T04:09:05Z,48,10,0,17,0,0,1,1,1,1783223638
2026-07-05T04:09:05Z,49,4,0,15,4,0,1,1,1,1783224537
2026-07-05T04:09:05Z,50,10,5,8,1,0,1,1,1,1783224030
2026-07-05T04:09:05Z,51,29,1,47,2,0,1,1,1,1783224202
2026-07-05T04:09:05Z,52,1,0,24,2,0,1,1,1,1783224341
2026-07-05T04:09:05Z,55,0,0,22,1,0,1,1,1,1783224392
2026-07-05T04:09:05Z,56,1,0,25,1,0,1,1,1,1783223992
2026-07-05T04:09:05Z,57,1,1,25,1,0,1,1,1,1783223616
2026-07-05T04:09:05Z,58,6,2,22,0,0,1,1,1,1783223443
2026-07-05T04:09:05Z,59,1,0,24,2,0,1,1,1,1783224279
2026-07-05T04:09:05Z,61,1,1,37,1,0,1,1,1,1783224302
2026-07-05T04:09:05Z,62,22,3,27,0,0,1,1,1,1783223842
2026-07-05T04:09:05Z,63,13,4,6,0,0,1,1,1,1783224542
2026-07-05T04:09:05Z,64,3,0,13,3,0,1,1,1,1783221052
2026-07-05T04:09:05Z,65,10,2,8,1,0,1,1,1,1783224147
2026-07-05T04:09:05Z,67,10,0,29,0,0,1,1,1,1783224080
2026-07-05T04:09:05Z,68,1,0,35,1,0,1,1,1,1783224441
2026-07-05T04:09:05Z,69,14,2,1,0,0,1,1,1,1783223356
2026-07-05T04:09:05Z,71,2,0,24,1,0,1,1,1,1783224379
2026-07-05T04:09:05Z,72,26,4,4,1,0,1,1,1,1783224513
2026-07-05T04:09:05Z,73,3,0,20,0,0,1,1,1,1783224233
2026-07-05T04:09:05Z,74,6,0,13,0,0,1,1,1,1783224373
2026-07-05T04:09:05Z,75,2,0,32,1,0,1,1,1,1783224540
2026-07-05T04:09:05Z,76,16,1,2,1,0,1,1,1,1783223642
2026-07-05T04:09:05Z,77,12,2,13,2,0,1,1,1,1783223987
2026-07-05T04:09:05Z,78,6,5,17,0,0,1,1,1,1783224109
2026-07-05T04:09:05Z,79,7,2,10,0,0,1,1,1,1783223430
2026-07-05T04:09:05Z,80,14,1,7,0,2,1,1,1,1783224326
2026-07-05T04:09:05Z,81,4,3,27,0,0,1,1,1,1783224163
2026-07-05T04:09:05Z,82,0,0,23,0,0,1,1,1,1783224446
2026-07-05T04:09:05Z,83,8,3,24,2,0,1,1,1,1783224533
2026-07-05T04:09:05Z,84,26,1,0,1,0,1,1,1,1783222293
2026-07-05T04:09:05Z,85,6,1,8,0,0,1,1,1,1783224303
2026-07-05T04:09:05Z,86,17,0,9,1,0,1,1,1,1783224540
2026-07-05T04:09:05Z,87,4,0,15,0,0,1,1,1,1783222587
2026-07-05T04:09:05Z,88,2,0,29,0,0,1,1,1,1783224519
2026-07-05T04:09:05Z,89,34,0,0,1,0,1,1,1,1783222533
2026-07-05T04:09:05Z,90,18,0,1,0,0,1,1,1,1783223363
2026-07-05T04:09:05Z,91,13,0,4,0,0,1,1,1,1783224493
2026-07-05T04:09:05Z,92,7,0,10,2,0,1,1,1,1783224488
2026-07-05T04:09:05Z,93,22,1,1,0,0,1,1,1,1783222944
2026-07-05T04:09:05Z,94,18,1,1,0,0,1,1,1,1783223145
2026-07-05T04:09:05Z,95,32,5,2,1,0,1,1,1,1783224334
2026-07-05T04:09:05Z,96,30,5,0,1,0,1,1,1,1783224023
2026-07-05T04:09:05Z,97,6,1,9,1,0,1,1,1,1783224465
2026-07-05T04:09:05Z,98,20,6,14,1,0,1,1,1,1783224489
2026-07-05T04:09:05Z,99,14,0,0,0,0,1,1,1,1783223772
2026-07-05T04:09:05Z,100,18,0,8,1,0,1,1,1,1783224499
2026-07-05T04:09:05Z,101,7,0,7,1,0,1,1,1,1783224005
2026-07-05T04:09:05Z,102,17,2,6,0,0,1,1,1,1783224392
2026-07-05T04:09:05Z,103,17,0,12,3,0,1,1,1,1783224525
2026-07-05T04:09:05Z,104,4,0,21,2,0,1,1,1,1783224292
2026-07-05T04:09:05Z,105,12,0,5,2,0,1,1,1,1783221518
2026-07-05T04:09:05Z,106,0,0,21,0,0,1,1,1,1783222328
2026-07-05T04:09:05Z,107,29,0,6,2,0,1,1,1,1783223825
2026-07-05T04:09:05Z,108,4,0,28,2,1,1,1,1,1783224398
2026-07-05T04:09:05Z,109,19,1,4,0,0,1,1,1,1783224492
2026-07-05T04:09:05Z,110,5,1,18,0,0,1,1,1,1783223838
2026-07-05T04:09:05Z,111,0,0,35,1,0,1,1,1,1783223079
2026-07-05T04:09:05Z,112,4,0,13,2,0,1,1,1,1783222829
2026-07-05T04:09:05Z,113,13,0,4,2,0,1,1,1,1783224510
2026-07-05T04:09:05Z,114,14,6,14,3,0,1,1,1,1783224515
2026-07-05T04:09:05Z,115,10,0,15,1,0,1,1,1,1783223908
2026-07-05T04:09:05Z,116,8,1,19,0,0,1,1,1,1783224130
2026-07-05T04:09:05Z,118,13,5,6,4,0,1,1,1,1783224020
2026-07-05T04:09:05Z,119,35,10,1,2,0,1,1,1,1783224445
2026-07-05T04:09:05Z,120,23,2,2,2,0,1,1,1,1783223221
2026-07-05T04:09:05Z,121,5,0,14,0,0,1,1,1,1783224324
2026-07-05T04:09:05Z,122,10,0,9,2,0,1,1,1,1783224321
2026-07-05T04:09:05Z,123,34,0,13,0,0,1,1,1,1783221766
2026-07-05T04:09:05Z,124,20,5,7,0,0,1,1,1,1783223972
2026-07-05T04:09:05Z,125,7,3,16,0,0,1,1,1,1783224274
2026-07-05T04:09:05Z,126,12,2,19,0,0,1,1,1,1783224217
2026-07-05T04:09:05Z,127,0,0,30,0,1,0,1,1,1783001724
2026-07-05T04:09:05Z,128,11,3,7,1,0,1,1,1,1783224486
2026-07-05T04:09:05Z,129,16,2,2,1,0,1,1,1,1783224378
2026-07-05T04:09:05Z,130,17,0,0,0,0,1,1,1,1783224034
2026-07-05T04:09:05Z,131,1,0,8,2,0,1,1,1,1783222962
2026-07-05T04:09:05Z,132,4,0,10,0,1,1,1,1,1783223091
2026-07-05T04:09:05Z,133,5,1,18,0,0,1,1,1,1783224197
2026-07-05T04:09:05Z,134,4,1,18,1,0,1,1,1,1783223552
2026-07-05T04:09:05Z,135,13,1,4,2,0,1,1,1,1783224521
2026-07-05T04:09:05Z,136,19,0,3,0,0,1,1,1,1783224479
2026-07-05T04:09:05Z,137,4,1,15,0,0,1,1,1,1783224501
2026-07-05T04:09:05Z,138,27,4,10,0,0,1,1,1,1783224527
2026-07-05T04:09:05Z,139,17,5,0,2,0,1,1,1,1783224268
2026-07-05T04:09:05Z,140,12,2,10,1,0,1,1,1,1783224390
2026-07-05T04:09:05Z,141,8,0,15,2,0,1,1,1,1783224291
2026-07-05T04:09:05Z,142,0,0,19,0,0,0,1,1,1782498468
2026-07-05T04:09:05Z,143,22,1,8,1,0,1,1,1,1783224234
2026-07-05T04:09:05Z,144,18,1,9,0,0,1,1,1,1783222587
2026-07-05T04:09:05Z,145,25,1,5,1,0,1,1,1,1783224538
2026-07-05T04:09:05Z,146,16,1,7,0,0,1,1,1,1783224110
2026-07-05T04:09:05Z,147,1,1,15,3,0,1,1,1,1783224205
2026-07-05T04:09:05Z,148,7,1,18,2,0,1,1,1,1783224331
2026-07-05T04:09:05Z,149,11,3,8,0,0,1,1,1,1783224226
2026-07-05T04:09:05Z,150,14,4,19,2,0,1,1,1,1783224470
2026-07-05T04:09:05Z,151,10,1,13,0,0,1,1,1,1783223871
2026-07-05T04:09:05Z,152,16,0,10,0,0,1,1,1,1783224275
2026-07-05T04:09:05Z,153,19,1,0,4,0,1,1,1,1783224514
2026-07-05T04:09:05Z,154,6,2,12,5,0,1,1,1,1783224470
2026-07-05T04:09:05Z,155,4,3,8,2,0,1,1,1,1783224464
2026-07-05T04:09:05Z,156,1,0,16,2,0,1,1,1,1783224514
2026-07-05T04:09:05Z,157,1,0,20,0,0,1,1,1,1783224215
2026-07-05T04:09:05Z,158,3,2,14,2,0,1,1,1,1783222832
2026-07-05T04:09:05Z,159,12,7,6,1,0,1,1,1,1783222975
2026-07-05T04:09:05Z,160,5,1,12,2,0,1,1,1,1783224359
2026-07-05T04:09:05Z,161,4,0,18,1,0,1,1,1,1783224539
2026-07-05T04:09:05Z,162,9,6,17,1,0,1,1,1,1783224379
2026-07-05T04:09:05Z,163,11,1,20,0,0,1,1,1,1783223701
2026-07-05T04:09:05Z,164,14,3,13,0,0,1,1,1,1783224266
2026-07-05T04:09:05Z,165,1,1,26,3,0,1,1,1,1783223938
2026-07-05T04:09:05Z,166,13,4,23,2,0,1,1,1,1783224144
2026-07-05T04:09:05Z,167,12,7,9,2,0,1,1,1,1783224325
2026-07-05T04:09:05Z,168,10,0,15,1,1,1,1,1,1783224358
2026-07-05T04:09:05Z,169,0,0,23,0,0,1,1,1,1783222579
2026-07-05T04:09:05Z,170,0,0,17,2,0,1,1,1,1783222436
2026-07-05T04:09:05Z,171,9,4,3,1,0,1,1,1,1783224420
2026-07-05T04:09:05Z,173,10,0,25,2,0,1,1,1,1783224409
2026-07-05T04:09:05Z,174,23,1,2,0,0,1,1,1,1783224400
2026-07-05T04:09:05Z,175,18,1,13,0,0,1,1,1,1783224508
2026-07-05T04:09:05Z,176,8,6,6,0,1,1,1,1,1783224310
2026-07-05T04:09:05Z,177,14,0,12,1,0,1,1,1,1783224352
2026-07-05T04:09:05Z,178,5,0,8,2,0,1,1,1,1783223844
2026-07-05T04:09:05Z,179,2,1,10,3,0,1,1,1,1783224289
2026-07-05T04:09:05Z,180,21,0,8,1,0,1,1,1,1783222721
2026-07-05T04:09:05Z,181,7,5,2,4,1,1,1,1,1783224516
2026-07-05T04:09:05Z,182,13,1,6,0,0,1,1,1,1783223721
2026-07-05T04:09:05Z,183,11,3,12,0,0,1,1,1,1783224463
2026-07-05T04:09:05Z,184,8,1,13,2,0,1,1,1,1783224356
2026-07-05T04:09:05Z,185,1,1,11,2,1,1,1,1,1783221753
2026-07-05T04:09:05Z,186,6,0,13,0,0,1,1,1,1783224096
2026-07-05T04:09:05Z,187,26,0,2,1,0,1,1,1,1783224435
2026-07-05T04:09:05Z,188,4,1,17,2,4,1,1,1,1783224381
2026-07-05T04:09:05Z,189,7,3,8,0,0,1,1,1,1783224487
2026-07-05T04:09:05Z,190,1,0,22,0,0,1,1,1,1783223713
2026-07-05T04:09:05Z,191,7,2,30,2,0,1,1,1,1783224447
2026-07-05T04:09:05Z,192,11,3,20,0,0,1,1,1,1783224438
2026-07-05T04:09:05Z,193,5,5,9,1,0,1,1,1,1783224340
2026-07-05T04:09:05Z,194,2,0,13,0,0,1,1,1,1783224106
2026-07-05T04:09:05Z,195,3,2,16,0,0,1,1,1,1783224143
2026-07-05T04:09:05Z,196,11,1,16,0,0,1,1,1,1783224279
2026-07-05T04:09:05Z,197,5,1,13,0,1,1,1,1,1783224153
2026-07-05T04:09:05Z,198,3,1,20,0,0,1,1,1,1783224457
2026-07-05T04:09:05Z,199,0,0,13,2,0,1,1,1,1783223985
2026-07-05T04:09:05Z,200,5,0,21,0,0,1,1,1,1783224040
2026-07-05T04:09:05Z,201,15,1,8,0,0,1,1,1,1783222677
2026-07-05T04:09:05Z,202,0,0,21,0,0,0,1,1,1783093344
2026-07-05T04:09:05Z,203,18,0,13,0,0,1,1,1,1783223363
2026-07-05T04:09:05Z,204,25,2,9,1,0,1,1,1,1783224429
2026-07-05T04:09:05Z,205,19,2,8,0,0,1,1,1,1783223954
2026-07-05T04:09:05Z,206,2,0,12,1,0,1,1,1,1783223406
2026-07-05T04:09:05Z,207,0,0,20,1,0,1,1,1,1783223774
2026-07-05T04:09:05Z,208,0,0,29,0,0,1,1,1,1783223469
2026-07-05T04:09:05Z,209,11,0,19,1,0,1,1,1,1783224326
2026-07-05T04:09:05Z,210,12,10,15,0,0,1,1,1,1783224348
2026-07-05T04:09:05Z,211,12,3,11,0,0,1,1,1,1783223972
2026-07-05T04:09:05Z,212,25,0,10,0,0,1,1,1,1783224387
2026-07-05T04:09:05Z,213,22,2,0,1,0,1,1,1,1783223626
2026-07-05T04:09:05Z,214,21,5,23,3,0,1,1,1,1783224263
2026-07-05T04:09:05Z,215,9,0,14,0,0,1,1,1,1783223975
2026-07-05T04:09:05Z,216,16,0,1,2,0,1,1,1,1783224536
2026-07-05T04:09:05Z,217,13,0,15,1,0,1,1,1,1783224243
2026-07-05T04:09:05Z,218,22,7,11,6,0,1,1,1,1783224406
2026-07-05T04:09:05Z,219,0,0,26,0,0,0,1,1,1783102715
2026-07-05T04:09:05Z,220,17,17,26,0,0,1,1,1,1783224333
2026-07-05T04:09:05Z,221,11,10,3,0,0,1,1,1,1783224417
2026-07-05T04:09:05Z,222,3,2,16,0,0,1,1,1,1783222966
2026-07-05T04:09:05Z,223,10,5,21,4,0,1,1,1,1783224527
2026-07-05T04:09:05Z,224,20,3,2,0,0,1,1,1,1783224505
2026-07-05T04:09:05Z,225,7,1,8,4,0,1,1,1,1783218949
2026-07-05T04:09:05Z,226,4,4,26,1,0,1,1,1,1783223703
2026-07-05T04:09:05Z,227,6,3,21,0,0,1,1,1,1783224520
2026-07-05T04:09:05Z,228,10,5,8,1,0,1,1,1,1783224231
2026-07-05T04:09:05Z,230,6,2,17,0,0,1,1,1,1783224360
2026-07-05T04:09:05Z,232,2,0,16,1,0,1,1,1,1783220048
2026-07-05T04:09:05Z,233,28,8,2,1,0,1,1,1,1783224331
2026-07-05T04:09:05Z,234,9,2,6,3,1,1,1,1,1783223093
2026-07-05T04:09:05Z,236,17,7,0,2,0,1,1,1,1783223826
2026-07-05T04:09:05Z,237,9,2,14,0,0,1,1,1,1783223634
2026-07-05T04:09:05Z,239,1,1,25,1,0,1,1,1,1783223769
2026-07-05T04:09:05Z,241,9,4,14,0,0,1,1,1,1783224143
2026-07-05T04:09:05Z,242,2,2,20,1,0,1,1,1,1783224507
2026-07-05T04:09:05Z,243,12,3,18,1,0,1,1,1,1783224532
2026-07-05T04:09:05Z,244,23,8,4,0,0,1,1,1,1783224180
2026-07-05T04:09:05Z,245,10,0,13,0,0,1,1,1,1783224321
2026-07-05T04:09:05Z,246,2,1,21,0,0,1,1,1,1783224381
2026-07-05T04:09:05Z,247,6,4,17,0,0,1,1,1,1783223455
2026-07-05T04:09:05Z,248,0,0,19,4,0,1,1,1,1783224093
2026-07-05T04:09:05Z,249,4,3,14,1,0,1,1,1,1783224364
2026-07-05T04:09:05Z,250,3,1,23,1,0,1,1,1,1783224346
2026-07-05T04:09:05Z,251,1,1,24,2,0,1,1,1,1783224335
2026-07-05T04:09:05Z,253,3,1,16,0,0,1,1,1,1783224373
2026-07-05T04:09:05Z,254,27,1,12,4,0,1,1,1,1783224518
2026-07-05T04:09:05Z,255,16,0,7,0,0,1,1,1,1783223712
2026-07-05T04:09:05Z,256,8,3,15,0,0,1,1,1,1783224236
2026-07-05T04:09:05Z,257,12,2,6,1,0,1,1,1,1783224093
2026-07-05T04:09:05Z,258,1,0,16,2,0,1,1,1,1783223648
2026-07-05T04:09:05Z,259,16,1,6,1,0,1,1,1,1783223509
2026-07-05T04:09:05Z,260,6,2,13,0,0,1,1,1,1783224437
2026-07-05T04:09:05Z,261,17,2,0,2,0,1,1,1,1783222498
2026-07-05T04:09:05Z,262,8,4,14,1,0,1,1,1,1783224470
2026-07-05T04:09:05Z,263,5,2,10,0,0,1,1,1,1783224494
2026-07-05T04:09:05Z,264,11,7,8,0,0,1,1,1,1783222827
2026-07-05T04:09:05Z,265,14,0,1,0,0,1,1,1,1783224099
2026-07-05T04:09:05Z,266,9,0,9,1,0,1,1,1,1783224236
2026-07-05T04:09:05Z,267,4,0,11,0,0,1,1,1,1783205904
2026-07-05T04:09:05Z,268,1,0,19,3,0,1,1,1,1783224370
2026-07-05T04:09:05Z,269,3,0,20,0,0,1,1,1,1783222107
2026-07-05T04:09:05Z,270,0,0,27,0,0,1,1,1,1783223688
2026-07-05T04:09:05Z,271,1,1,16,2,0,1,1,1,1783224498
2026-07-05T04:09:05Z,272,21,4,2,0,0,1,1,1,1783223828
2026-07-05T04:09:05Z,273,11,8,4,0,0,1,1,1,1783224207
2026-07-05T04:09:05Z,274,6,3,12,1,0,1,1,1,1783224444
2026-07-05T04:09:05Z,275,18,1,4,1,0,1,1,1,1783224498
2026-07-05T04:09:05Z,276,6,3,20,0,1,1,1,1,1783224283
2026-07-05T04:09:05Z,277,1,1,20,2,0,1,1,1,1783223438
2026-07-05T04:09:05Z,278,8,5,21,1,1,1,1,1,1783224218
2026-07-05T04:09:05Z,279,3,0,16,0,0,1,1,1,1783224094
2026-07-05T04:09:05Z,280,11,0,16,4,0,1,1,1,1783224534
2026-07-05T04:09:05Z,281,1,0,22,0,0,1,1,1,1783223272
2026-07-05T04:09:05Z,282,11,0,5,0,0,1,1,1,1783223608
2026-07-05T04:09:05Z,283,10,2,23,2,0,1,1,1,1783224525
2026-07-05T04:09:05Z,284,7,6,27,1,0,1,1,1,1783224366
2026-07-05T04:09:05Z,285,2,1,21,0,0,1,1,1,1783224510
2026-07-05T04:09:05Z,286,5,2,17,1,0,1,1,1,1783223406
2026-07-05T04:09:05Z,287,13,9,7,3,0,1,1,1,1783223498
2026-07-05T04:09:05Z,288,6,2,11,2,0,1,1,1,1783224311
2026-07-05T04:09:05Z,289,25,2,2,0,0,1,1,1,1783224453
2026-07-05T04:09:05Z,290,32,0,4,3,0,1,1,1,1783224105
2026-07-05T04:09:05Z,291,7,0,16,0,0,1,1,1,1783223870
2026-07-05T04:09:05Z,292,2,0,21,0,0,1,1,1,1783224123
2026-07-05T04:09:05Z,293,1,0,21,1,0,1,1,1,1783224407
2026-07-05T04:09:05Z,294,5,2,15,2,0,1,1,1,1783224468
2026-07-05T04:09:05Z,297,2,0,16,1,0,1,1,1,1783223784
2026-07-05T04:09:05Z,301,9,1,9,1,0,1,1,1,1783224445
2026-07-05T04:09:05Z,302,0,0,22,2,0,1,1,1,1783224442
2026-07-05T04:09:05Z,303,7,1,11,1,0,1,1,1,1783224262
2026-07-05T04:09:05Z,304,0,0,0,0,0,0,1,1,86400
2026-07-05T04:09:05Z,305,1,1,18,0,0,1,1,1,1783220958
2026-07-05T04:09:05Z,306,3,2,27,2,0,1,1,1,1783219806
2026-07-05T04:09:05Z,307,2,1,19,2,0,1,1,1,1783224344
2026-07-05T04:09:05Z,308,14,1,3,2,0,1,1,1,1783222507
2026-07-05T04:09:05Z,309,3,2,0,6,0,1,1,1,1783224541
2026-07-05T04:09:05Z,311,11,1,4,0,0,1,1,1,1783224507
2026-07-05T04:09:05Z,312,6,0,12,4,1,1,1,1,1783224295
2026-07-05T04:09:05Z,313,15,0,0,0,0,1,1,1,1783222784
2026-07-05T04:09:05Z,314,8,2,9,2,0,1,1,1,1783217683
2026-07-05T04:09:05Z,315,0,0,31,0,0,0,1,1,1783017696
2026-07-05T04:09:05Z,316,10,1,3,2,0,1,1,1,1783224323
2026-07-05T04:09:05Z,317,3,3,23,5,0,1,1,1,1783224302
2026-07-05T04:09:05Z,318,12,1,5,0,0,1,1,1,1783223689
2026-07-05T04:09:05Z,319,14,0,11,2,0,1,1,1,1783224324
2026-07-05T04:09:05Z,320,11,0,7,1,0,1,1,1,1783222619
2026-07-05T04:09:05Z,321,17,2,0,2,0,1,1,1,1783220081
2026-07-05T04:09:05Z,322,8,2,21,0,0,1,1,1,1783222625
2026-07-05T04:09:05Z,323,7,0,12,0,0,1,1,1,1783222236
2026-07-05T04:09:05Z,324,19,5,7,1,0,1,1,1,1783224060
2026-07-05T04:09:05Z,325,6,1,19,2,0,1,1,1,1783224311
2026-07-05T04:09:05Z,327,12,3,13,0,2,1,1,1,1783224361
2026-07-05T04:09:05Z,328,7,1,15,0,1,1,1,1,1783224351
2026-07-05T04:09:05Z,329,11,0,8,0,0,1,1,1,1783223995
2026-07-05T04:09:05Z,330,4,1,18,0,0,1,1,1,1783224481
2026-07-05T04:09:05Z,331,12,0,11,0,0,1,1,1,1783223712
2026-07-05T04:09:05Z,332,4,1,15,0,0,1,1,1,1783223850
2026-07-05T04:09:05Z,333,4,1,19,0,0,1,1,1,1783224513
2026-07-05T04:09:05Z,334,6,1,17,0,0,1,1,1,1783224274
2026-07-05T04:09:05Z,335,1,1,20,1,1,1,1,1,1783223676
2026-07-05T04:09:05Z,336,5,2,14,0,0,1,1,1,1783224352
2026-07-05T04:09:05Z,337,11,2,10,2,0,1,1,1,1783224526
2026-07-05T04:09:05Z,338,8,2,11,0,0,1,1,1,1783224029
2026-07-05T04:09:05Z,339,0,0,22,1,0,1,1,1,1783224020
2026-07-05T04:09:05Z,340,8,5,6,1,0,1,1,1,1783224056
2026-07-05T04:09:05Z,341,6,5,12,1,0,1,1,1,1783224412
2026-07-05T04:09:05Z,342,11,3,3,1,0,1,1,1,1783224320
2026-07-05T04:09:05Z,343,10,5,12,1,0,1,1,1,1783224090
2026-07-05T04:09:05Z,344,3,1,19,1,0,1,1,1,1783223468
2026-07-05T04:09:05Z,345,13,1,5,1,0,1,1,1,1783224372
2026-07-05T04:09:05Z,346,22,1,1,0,0,1,1,1,1783223472
2026-07-05T04:09:05Z,347,2,1,45,0,0,1,1,1,1783224458
2026-07-05T04:09:05Z,348,22,2,1,0,0,1,1,1,1783224183
2026-07-05T04:09:05Z,349,3,1,14,2,0,1,1,1,1783224488
2026-07-05T04:09:05Z,350,18,2,8,0,1,1,1,1,1783222734
2026-07-05T04:09:05Z,351,1,0,20,2,0,1,1,1,1783224487
2026-07-05T04:09:05Z,355,3,1,19,1,0,1,1,1,1783224536
2026-07-05T04:09:05Z,356,13,0,5,1,0,1,1,1,1783224371
2026-07-05T04:09:05Z,357,11,5,8,0,0,1,1,1,1783224394
2026-07-05T04:09:05Z,359,15,1,10,2,0,1,1,1,1783223503
2026-07-05T04:09:05Z,360,6,1,13,0,0,1,1,1,1783223287
2026-07-05T04:09:05Z,362,13,8,3,3,0,1,1,1,1783222952
2026-07-05T04:09:05Z,363,1,0,26,0,0,1,1,1,1783224450
2026-07-05T04:09:05Z,364,4,2,13,1,1,1,1,1,1783224541
2026-07-05T04:09:05Z,365,11,10,11,1,0,1,1,1,1783224154
2026-07-05T04:09:05Z,366,15,2,6,2,0,1,1,1,1783224468
2026-07-05T04:09:05Z,367,12,3,6,1,0,1,1,1,1783223159
2026-07-05T04:09:05Z,368,22,1,1,0,0,1,1,1,1783224286
2026-07-05T04:09:05Z,370,1,0,12,4,0,1,1,1,1783223359
2026-07-05T04:09:05Z,371,4,0,14,1,0,1,1,1,1783223169
2026-07-05T04:09:05Z,372,14,1,1,0,0,1,1,1,1783223842
2026-07-05T04:09:05Z,373,24,6,2,0,0,1,1,1,1783216971
2026-07-05T04:09:05Z,374,9,2,8,0,0,1,1,1,1783223747
2026-07-05T04:09:05Z,375,13,4,13,1,0,1,1,1,1783224292
2026-07-05T04:09:05Z,376,15,4,24,0,0,1,1,1,1783224286
2026-07-05T04:09:05Z,377,12,2,12,3,0,1,1,1,1783224446
2026-07-05T04:09:05Z,378,14,4,8,2,0,1,1,1,1783224340
2026-07-05T04:09:05Z,379,9,0,18,0,0,1,1,1,1783224507
2026-07-05T04:09:05Z,380,10,2,12,1,0,1,1,1,1783224416
2026-07-05T04:09:05Z,381,21,1,2,0,0,1,1,1,1783224131
2026-07-05T04:09:05Z,383,14,2,1,0,0,1,1,1,1783224082
2026-07-05T04:09:05Z,384,5,1,13,1,0,1,1,1,1783224454
2026-07-05T04:09:05Z,385,11,0,7,0,0,1,1,1,1783224414
2026-07-05T04:09:05Z,387,21,3,2,0,0,1,1,1,1783224387
2026-07-05T04:09:05Z,388,14,0,31,4,0,1,1,1,1783224487
2026-07-05T04:09:05Z,389,0,0,14,1,0,1,1,1,1783222104
2026-07-05T04:09:05Z,390,17,3,10,0,0,1,1,1,1783223972
2026-07-05T04:09:05Z,391,10,7,4,1,0,1,1,1,1783223657
2026-07-05T04:09:05Z,392,7,6,12,0,0,1,1,1,1783220392
2026-07-05T04:09:05Z,393,1,1,8,2,0,1,1,1,1783221246
2026-07-05T04:09:05Z,394,6,2,8,0,1,1,1,1,1783222485
2026-07-05T04:09:05Z,396,6,1,33,3,0,1,1,1,1783223148
2026-07-05T04:09:05Z,397,3,2,27,1,0,1,1,1,1783222300
2026-07-05T04:09:05Z,399,15,0,1,1,0,1,1,1,1783223317
2026-07-05T04:09:05Z,400,4,1,16,3,0,1,1,1,1783224412
2026-07-05T04:09:05Z,401,2,1,27,2,0,1,1,1,1783224215
2026-07-05T04:09:05Z,403,15,9,13,3,0,1,1,1,1783224464
2026-07-05T04:09:05Z,404,4,0,16,3,0,1,1,1,1783224479
2026-07-05T04:09:05Z,406,3,0,28,4,0,1,1,1,1783224031
2026-07-05T04:09:05Z,407,4,0,30,0,0,1,1,1,1783223594
2026-07-05T04:09:05Z,408,8,3,24,1,0,1,1,1,1783223906
2026-07-05T04:09:05Z,409,0,0,22,1,0,1,1,1,1783218138
2026-07-05T04:09:05Z,413,11,3,10,2,0,1,1,1,1783223407
2026-07-05T04:09:05Z,414,10,2,5,0,0,1,1,1,1783224343
2026-07-05T04:09:05Z,417,18,5,1,0,0,1,1,1,1783224511
2026-07-05T04:09:05Z,418,5,2,10,0,0,1,1,1,1783223261
2026-07-05T04:09:05Z,419,20,3,1,2,0,1,1,1,1783224386
2026-07-05T04:09:05Z,421,16,1,3,0,0,1,1,1,1783223971
2026-07-05T04:09:05Z,422,7,3,20,0,0,1,1,1,1783223720
2026-07-05T04:09:05Z,423,11,3,12,0,0,1,1,1,1783224028
2026-07-05T04:09:05Z,424,0,0,14,1,0,1,1,1,1783224202
2026-07-05T04:09:05Z,425,13,0,9,0,0,1,1,1,1783224270
2026-07-05T04:09:05Z,426,1,0,34,2,0,1,1,1,1783223885
2026-07-05T04:09:05Z,427,6,0,7,1,1,1,1,1,1783224020
2026-07-05T04:09:05Z,428,17,0,2,0,0,1,1,1,1783223166
2026-07-05T04:09:05Z,429,19,6,1,3,0,1,1,1,1783223714
2026-07-05T04:09:05Z,430,27,1,1,3,0,1,1,1,1783222423
2026-07-05T04:09:05Z,431,22,1,7,2,2,1,1,1,1783223487
2026-07-05T04:09:05Z,432,0,0,30,1,0,1,1,1,1783224435
2026-07-05T04:09:05Z,433,21,3,0,2,0,1,1,1,1783222855
2026-07-05T04:09:05Z,437,3,3,14,2,0,1,1,1,1783224538
2026-07-05T04:09:05Z,438,6,1,12,1,0,1,1,1,1783216671
2026-07-05T04:09:05Z,439,9,2,6,0,0,1,1,1,1783224240
2026-07-05T04:09:05Z,440,12,0,2,1,0,1,1,1,1783223972
2026-07-05T04:09:05Z,441,2,2,13,0,0,1,1,1,1783223930
2026-07-05T04:09:05Z,442,8,2,10,1,0,1,1,1,1783222875
2026-07-05T04:09:05Z,443,8,0,19,0,0,1,1,1,1783195674
2026-07-05T04:09:05Z,444,9,5,14,0,0,1,1,1,1783219201
2026-07-05T04:09:05Z,445,11,6,11,1,0,1,1,1,1783219197
2026-07-05T04:09:05Z,446,5,0,17,0,1,1,1,1,1783223305
2026-07-05T04:09:05Z,447,5,0,16,2,0,1,1,1,1783214647
2026-07-05T04:09:05Z,448,12,2,0,2,1,1,1,1,1783224276
2026-07-05T04:09:05Z,452,11,2,7,1,0,1,1,1,1783224010
2026-07-05T04:09:05Z,453,3,1,11,1,0,1,1,1,1783223513
2026-07-05T04:09:05Z,454,6,1,11,1,1,1,1,1,1783224489
2026-07-05T04:09:05Z,455,0,0,39,0,0,0,1,1,1782992996
2026-07-05T04:09:05Z,456,7,1,12,4,0,1,1,1,1783224541
2026-07-05T04:09:05Z,457,12,0,14,1,0,1,1,1,1783222660
2026-07-05T04:09:05Z,458,5,0,16,2,0,1,1,1,1783223936
2026-07-05T04:09:05Z,459,15,6,0,0,0,1,1,1,1783224425
2026-07-05T04:09:05Z,460,11,2,12,0,0,1,1,1,1783224372
2026-07-05T04:09:05Z,461,8,0,8,3,0,1,1,1,1783223447
2026-07-05T04:09:05Z,462,11,0,10,0,0,1,1,1,1783224458
2026-07-05T04:09:05Z,463,11,1,7,1,0,1,1,1,1783224311
2026-07-05T04:09:05Z,464,3,0,10,1,0,1,1,1,1783224268
2026-07-05T04:09:05Z,465,2,0,13,0,0,1,1,1,1783223540
2026-07-05T04:09:05Z,466,15,5,0,0,0,1,1,1,1783222933
2026-07-05T04:09:05Z,467,4,1,11,0,0,1,1,1,1783223173
2026-07-05T04:09:05Z,468,2,2,17,0,0,1,1,1,1783215781
2026-07-05T04:09:05Z,469,1,0,20,1,1,1,1,1,1783224018
2026-07-05T04:09:05Z,470,14,0,1,0,0,1,1,1,1783223111
2026-07-05T04:09:05Z,471,17,1,9,1,0,1,1,1,1783224358
2026-07-05T04:09:05Z,472,11,3,6,2,0,1,1,1,1783223130
2026-07-05T04:09:05Z,473,2,2,16,1,0,1,1,1,1783223967
2026-07-05T04:09:05Z,474,13,0,5,1,0,1,1,1,1783223996
2026-07-05T04:09:05Z,475,5,1,14,0,0,1,1,1,1783224061
2026-07-05T04:09:05Z,476,7,3,13,3,0,1,1,1,1783223803
2026-07-05T04:09:05Z,477,10,2,4,1,0,1,1,1,1783224292
2026-07-05T04:09:05Z,478,0,0,28,3,0,1,1,1,1783224458
2026-07-05T04:09:05Z,479,12,0,11,3,1,1,1,1,1783224484
2026-07-05T04:09:05Z,480,11,0,3,1,0,1,1,1,1783222481
2026-07-05T04:09:05Z,481,27,0,8,0,0,1,1,1,1783224522
2026-07-05T04:09:05Z,482,7,5,11,1,0,1,1,1,1783223759
2026-07-05T04:09:05Z,483,14,0,12,0,1,1,1,1,1783224073
2026-07-05T04:09:05Z,484,3,0,16,0,0,1,1,1,1783223797
2026-07-05T04:09:05Z,485,17,3,1,0,1,1,1,1,1783224294
2026-07-05T04:09:05Z,486,11,0,15,1,0,1,1,1,1783224321
2026-07-05T04:09:05Z,487,5,4,12,2,0,1,1,1,1783224501
2026-07-05T04:09:05Z,489,3,3,12,0,0,1,1,1,1783223920
2026-07-05T04:09:05Z,490,11,8,3,2,0,1,1,1,1783223679
2026-07-05T04:09:05Z,491,17,3,2,2,0,1,1,1,1783223692
2026-07-05T04:09:05Z,492,4,3,2,5,0,1,1,1,1783223455
2026-07-05T04:09:05Z,493,5,0,22,0,0,1,1,1,1783223467
2026-07-05T04:09:05Z,495,12,1,1,2,0,1,1,1,1783224511
2026-07-05T04:09:05Z,496,6,0,20,1,0,1,1,1,1783224117
2026-07-05T04:09:05Z,497,19,2,0,0,0,1,1,1,1783222880
2026-07-05T04:09:05Z,498,19,5,4,0,0,1,1,1,1783224358
2026-07-05T04:09:05Z,499,10,1,6,3,0,1,1,1,1783223503
2026-07-05T04:09:05Z,500,8,2,6,1,0,1,1,1,1783221802
2026-07-05T04:09:05Z,501,6,1,14,1,0,1,1,1,1783224390
2026-07-05T04:09:05Z,502,4,0,15,0,0,1,1,1,1783221629
2026-07-05T04:09:05Z,503,17,1,14,0,0,1,1,1,1783224279
2026-07-05T04:09:05Z,504,3,0,36,0,0,1,1,1,1783224248
2026-07-05T04:09:05Z,505,3,0,14,1,0,1,1,1,1783224543
2026-07-05T04:09:05Z,511,10,1,13,0,0,1,1,1,1783224446
2026-07-05T04:09:05Z,512,11,0,8,0,0,1,1,1,1783221801
2026-07-05T04:09:05Z,514,7,3,3,1,0,1,1,1,1783224260
2026-07-05T04:09:05Z,515,11,0,8,0,0,1,1,1,1783222219
2026-07-05T04:09:05Z,516,25,0,2,0,0,1,1,1,1783222069
2026-07-05T04:09:05Z,517,16,7,7,0,0,1,1,1,1783223624
2026-07-05T04:09:05Z,518,6,2,9,0,0,1,1,1,1783223034
2026-07-05T04:09:05Z,519,16,0,3,0,0,1,1,1,1783222896
2026-07-05T04:09:05Z,520,4,1,21,2,0,1,1,1,1783224455
2026-07-05T04:09:05Z,521,5,0,18,0,0,1,1,1,1783223377
2026-07-05T04:09:05Z,522,12,0,11,0,0,1,1,1,1783224219
2026-07-05T04:09:05Z,523,6,1,16,1,0,1,1,1,1783223586
2026-07-05T04:09:05Z,524,13,0,7,3,0,1,1,1,1783224431
2026-07-05T04:09:05Z,525,12,0,7,0,0,1,1,1,1783223595
2026-07-05T04:09:05Z,526,9,4,5,1,0,1,1,1,1783223276
2026-07-05T04:09:05Z,527,2,2,22,2,0,1,1,1,1783224374
2026-07-05T04:09:05Z,528,11,3,11,1,0,1,1,1,1783224279
2026-07-05T04:09:05Z,529,7,3,11,1,0,1,1,1,1783224254
2026-07-05T04:09:05Z,530,10,2,10,1,0,1,1,1,1783224001
2026-07-05T04:09:05Z,531,18,1,4,0,1,1,1,1,1783223876
2026-07-05T04:09:05Z,532,5,1,25,1,0,1,1,1,1783224495
2026-07-05T04:09:05Z,533,12,0,6,1,0,1,1,1,1783222604
2026-07-05T04:09:05Z,534,5,2,16,2,0,1,1,1,1783223372
2026-07-05T04:09:05Z,535,3,1,11,1,0,1,1,1,1783224246
2026-07-05T04:09:05Z,536,20,0,2,1,0,1,1,1,1783224532
2026-07-05T04:09:05Z,537,1,0,19,1,0,1,1,1,1783223600
2026-07-05T04:09:05Z,538,15,4,3,1,0,1,1,1,1783224532
2026-07-05T04:09:05Z,539,11,2,16,4,0,1,1,1,1783224532
2026-07-05T04:09:05Z,540,10,4,9,0,0,1,1,1,1783224170
2026-07-05T04:09:05Z,541,18,1,8,1,0,1,1,1,1783223961
2026-07-05T04:09:05Z,542,3,1,20,0,0,1,1,1,1783219230
2026-07-05T04:09:05Z,543,14,2,2,3,0,1,1,1,1783224386
2026-07-05T04:09:05Z,544,15,2,6,2,0,1,1,1,1783224430
2026-07-05T04:09:05Z,545,19,0,0,0,0,1,1,1,1783224021
2026-07-05T04:09:05Z,546,2,1,17,0,0,1,1,1,1783224158
2026-07-05T04:09:05Z,547,10,2,12,1,0,1,1,1,1783224505
2026-07-05T04:09:05Z,548,0,0,22,1,0,1,1,1,1783224485
2026-07-05T04:09:05Z,549,21,2,0,0,0,1,1,1,1783222686
2026-07-05T04:09:05Z,550,1,1,18,0,0,1,1,1,1783223023
2026-07-05T04:09:05Z,551,19,6,3,1,0,1,1,1,1783218704
2026-07-05T04:09:05Z,552,17,0,10,0,0,1,1,1,1783223629
2026-07-05T04:09:05Z,553,13,1,10,0,0,1,1,1,1783223642
2026-07-05T04:09:05Z,554,3,1,16,0,0,1,1,1,1783223157
2026-07-05T04:09:05Z,555,10,3,4,1,0,1,1,1,1783223956
2026-07-05T04:09:05Z,556,4,2,17,2,0,1,1,1,1783223185
2026-07-05T04:09:05Z,557,0,0,23,0,0,0,1,1,1781719859
2026-07-05T04:09:05Z,558,8,1,28,1,0,1,1,1,1783224138
2026-07-05T04:09:05Z,559,12,0,6,1,0,1,1,1,1783210010
2026-07-05T04:09:05Z,560,25,0,1,1,0,1,1,1,1783223899
2026-07-05T04:09:05Z,561,11,2,11,1,0,1,1,1,1783223362
2026-07-05T04:09:05Z,562,1,1,32,2,0,1,1,1,1783224535
2026-07-05T04:09:05Z,563,13,0,1,0,0,1,1,1,1783218114
2026-07-05T04:09:05Z,564,13,1,5,1,0,1,1,1,1783224245
2026-07-05T04:09:05Z,565,8,1,11,0,0,1,1,1,1783222009
2026-07-05T04:09:05Z,566,3,0,15,1,0,1,1,1,1783224419
2026-07-05T04:09:05Z,567,21,0,5,1,0,1,1,1,1783223069
2026-07-05T04:09:05Z,568,1,0,18,0,0,1,1,1,1783223823
2026-07-05T04:09:05Z,569,14,1,5,0,0,1,1,1,1783223614
2026-07-05T04:09:05Z,570,9,0,10,0,0,1,1,1,1783224242
2026-07-05T04:09:05Z,571,10,2,13,0,0,1,1,1,1783224538
2026-07-05T04:09:05Z,572,13,0,6,0,0,1,1,1,1783223150
2026-07-05T04:09:05Z,573,15,1,0,0,0,1,1,1,1783219057
2026-07-05T04:09:05Z,574,4,3,11,0,0,1,1,1,1783224464
2026-07-05T04:09:05Z,575,11,0,10,0,0,1,1,1,1783222390
2026-07-05T04:09:05Z,576,0,0,19,0,0,1,1,1,1783220503
2026-07-05T04:09:05Z,577,21,1,10,0,0,1,1,1,1783223700
2026-07-05T04:09:05Z,578,3,1,20,0,0,1,1,1,1783223597
2026-07-05T04:09:05Z,579,19,0,24,0,0,1,1,1,1783224313
2026-07-05T04:09:05Z,580,19,1,11,1,0,1,1,1,1783224530
2026-07-05T04:09:05Z,581,3,0,14,2,0,1,1,1,1783224428
2026-07-05T04:09:05Z,582,13,0,43,5,0,1,1,1,1783224445
2026-07-05T04:09:05Z,583,23,0,0,0,0,1,1,1,1783218887
2026-07-05T04:09:05Z,584,2,1,13,4,0,1,1,1,1783223357
2026-07-05T04:09:05Z,585,6,0,20,0,0,1,1,1,1783224451
2026-07-05T04:09:05Z,586,30,2,4,1,0,1,1,1,1783224497
2026-07-05T04:09:05Z,587,20,0,4,1,0,1,1,1,1783224418
2026-07-05T04:09:05Z,588,18,3,1,0,0,1,1,1,1783222777
2026-07-05T04:09:05Z,589,10,6,13,0,0,1,1,1,1783222962
2026-07-05T04:09:05Z,590,4,0,27,0,0,1,1,1,1783224233
2026-07-05T04:09:05Z,591,17,3,3,2,0,1,1,1,1783223930
2026-07-05T04:09:05Z,592,2,0,21,0,0,1,1,1,1783224441
2026-07-05T04:09:05Z,593,34,6,5,0,0,1,1,1,1783223140
2026-07-05T04:09:05Z,594,5,1,15,1,0,1,1,1,1783224352
2026-07-05T04:09:05Z,595,0,0,3,0,0,0,1,1,1779985765
2026-07-05T04:09:05Z,605,0,0,3,0,0,0,1,1,1780413752
2026-07-05T04:09:05Z,606,0,0,0,0,0,0,1,1,86400
2026-07-05T04:09:05Z,607,19,0,14,0,0,1,1,1,1783224363
2026-07-05T04:09:05Z,608,26,0,28,0,0,1,1,1,1783224485
2026-07-05T04:09:05Z,609,1,1,22,0,0,1,1,1,1783224154
2026-07-05T04:09:05Z,610,0,0,35,0,0,1,1,1,1783224299
2026-07-05T04:09:05Z,611,4,0,23,0,0,1,1,1,1783224529
2026-07-05T04:09:05Z,612,4,1,11,0,0,1,1,1,1783213691
2026-07-05T04:09:05Z,613,7,2,8,0,0,1,1,1,1783216692
2026-07-05T04:09:05Z,614,0,0,25,1,1,1,1,1,1783223535
2026-07-05T04:09:05Z,617,5,1,8,2,0,1,1,1,1783223832
2026-07-05T04:09:05Z,618,9,4,9,1,0,1,1,1,1783221331
2026-07-05T04:09:05Z,619,8,1,10,1,0,1,1,1,1783224328
2026-07-05T04:09:05Z,620,8,0,15,0,0,1,1,1,1783224265
2026-07-05T04:09:05Z,621,6,2,17,0,0,1,1,1,1783224492
2026-07-05T04:09:05Z,622,10,3,10,2,1,1,1,1,1783224348
2026-07-05T04:09:05Z,623,22,3,4,3,1,1,1,1,1783224468
2026-07-05T04:09:05Z,624,4,2,8,2,1,1,1,1,1783221723
2026-07-05T04:09:05Z,625,13,3,7,1,0,1,1,1,1783224333
2026-07-05T04:09:05Z,626,29,0,14,1,2,1,1,1,1783224502
2026-07-05T04:09:05Z,627,10,10,8,1,0,1,1,1,1783215824
2026-07-05T04:09:05Z,628,6,5,11,1,1,1,1,1,1783223616
2026-07-05T04:09:05Z,629,8,2,2,1,0,1,1,1,1783223641
2026-07-05T04:09:05Z,630,13,0,11,3,0,1,1,1,1783217714
2026-07-05T04:09:05Z,631,12,1,11,0,0,1,1,1,1783223113
2026-07-05T04:09:05Z,632,10,2,9,3,0,1,1,1,1783220983
2026-07-05T04:09:05Z,633,8,0,5,1,1,1,1,1,1783200473
2026-07-05T04:09:05Z,634,5,0,13,1,0,1,1,1,1783218053
2026-07-05T04:09:05Z,635,18,0,0,1,0,1,1,1,1783224253
2026-07-05T04:09:05Z,636,7,0,8,0,0,1,1,1,1783213292
2026-07-05T04:09:05Z,637,4,2,14,1,0,1,1,1,1783204406
2026-07-05T04:09:05Z,638,10,5,7,2,0,1,1,1,1783224418
2026-07-05T04:09:05Z,639,0,0,0,3,16,0,1,1,1782287204
2026-07-05T04:09:05Z,640,5,0,18,0,0,1,1,1,1783224096
2026-07-05T04:09:05Z,641,6,0,20,1,0,1,1,1,1783224541
2026-07-05T04:09:05Z,642,3,0,11,5,0,1,1,1,1783223282
2026-07-05T04:09:05Z,643,6,3,21,0,0,1,1,1,1783223788
2026-07-05T04:09:05Z,644,0,0,9,5,1,1,1,1,1783224323
2026-07-05T04:09:05Z,645,12,0,9,1,1,1,1,1,1783222616
2026-07-05T04:09:05Z,646,9,0,9,1,0,1,1,1,1783224087
2026-07-05T04:09:05Z,647,24,2,7,0,0,1,1,1,1783224367
2026-07-05T04:09:05Z,648,12,3,6,1,0,1,1,1,1783220865
2026-07-05T04:09:05Z,649,19,1,12,0,0,1,1,1,1783224210
2026-07-05T04:09:05Z,650,11,3,4,1,0,1,1,1,1783222244
2026-07-05T04:09:05Z,651,1,0,21,1,0,1,1,1,1783223872
2026-07-05T04:09:05Z,652,19,2,1,3,0,1,1,1,1783224232
2026-07-05T04:09:05Z,653,15,2,0,4,0,1,1,1,1783224536
2026-07-05T04:09:05Z,654,5,1,10,0,0,1,1,1,1783223918
2026-07-05T04:09:05Z,655,0,0,13,2,0,1,1,1,1783224486
2026-07-05T04:09:05Z,656,16,6,3,0,0,1,1,1,1783224429
2026-07-05T04:09:05Z,657,11,1,2,4,0,1,1,1,1783224526
2026-07-05T04:09:05Z,658,10,1,9,3,1,1,1,1,1783224316
2026-07-05T04:09:05Z,659,1,1,14,0,0,1,1,1,1783223255
2026-07-05T04:09:05Z,660,22,3,7,2,0,1,1,1,1783224477
2026-07-05T04:09:05Z,661,3,0,15,1,0,1,1,1,1783223899
2026-07-05T04:09:05Z,662,0,0,19,4,0,1,1,1,1783224417
2026-07-05T04:09:05Z,663,12,1,2,0,0,1,1,1,1783223537
2026-07-05T04:09:05Z,664,0,0,27,0,0,1,1,1,1783207560
2026-07-05T04:09:05Z,665,3,1,11,1,0,1,1,1,1783222763
2026-07-05T04:09:05Z,666,9,3,6,0,0,1,1,1,1783222754
2026-07-05T04:09:05Z,667,15,0,0,2,0,1,1,1,1783224455
2026-07-05T04:09:05Z,668,6,1,12,1,0,1,1,1,1783224469
2026-07-05T04:09:05Z,669,11,1,1,2,0,1,1,1,1783224039
2026-07-05T04:09:05Z,670,10,0,17,0,0,1,1,1,1783220994
2026-07-05T04:09:05Z,671,12,1,15,0,0,1,1,1,1783223275
2026-07-05T04:09:05Z,672,17,3,3,3,0,1,1,1,1783224314
2026-07-05T04:09:05Z,673,13,1,8,1,0,1,1,1,1783222642
2026-07-05T04:09:05Z,674,5,1,17,1,0,1,1,1,1783224400
2026-07-05T04:09:05Z,675,2,0,11,1,1,1,1,1,1783224448
2026-07-05T04:09:05Z,676,20,1,2,1,0,1,1,1,1783223597
2026-07-05T04:09:05Z,681,7,3,4,4,0,1,1,1,1783222786
2026-07-05T04:09:05Z,682,10,5,8,1,0,1,1,1,1783222340
2026-07-05T04:09:05Z,683,13,1,6,0,0,1,1,1,1783224447
2026-07-05T04:09:05Z,684,15,1,10,2,0,1,1,1,1783218457
2026-07-05T04:09:05Z,685,2,1,23,1,1,1,1,1,1783224537
2026-07-05T04:09:05Z,686,10,1,14,2,1,1,1,1,1783224351
2026-07-05T04:09:05Z,687,12,3,17,1,1,1,1,1,1783224488
2026-07-05T04:09:05Z,688,9,2,9,1,0,1,1,1,1783216555
2026-07-05T04:09:05Z,692,0,0,20,1,0,1,1,1,1783223588
2026-07-05T04:09:05Z,693,9,5,2,0,0,1,1,1,1783224257
2026-07-05T04:09:05Z,694,5,2,13,3,0,1,1,1,1783224487
2026-07-05T04:09:05Z,695,3,0,20,0,0,1,1,1,1783224542
2026-07-05T04:09:05Z,696,22,11,0,1,0,1,1,1,1783224430
2026-07-05T04:09:05Z,697,2,0,20,1,0,1,1,1,1783224273
2026-07-05T04:09:05Z,698,24,0,3,0,0,1,1,1,1783224431
2026-07-05T04:09:05Z,699,3,0,11,1,0,1,1,1,1783222972
2026-07-05T04:09:05Z,700,5,0,13,1,0,1,1,1,1783223692
2026-07-05T04:09:05Z,701,6,0,12,1,0,1,1,1,1783223157
2026-07-05T04:09:05Z,702,17,6,5,1,0,1,1,1,1783224412
2026-07-05T04:09:05Z,703,23,5,0,0,0,1,1,1,1783224481
2026-07-05T04:09:05Z,704,12,1,3,0,0,1,1,1,1783223987
2026-07-05T04:09:05Z,705,9,4,5,1,0,1,1,1,1783222820
2026-07-05T04:09:05Z,706,10,3,4,1,0,1,1,1,1783223865
2026-07-05T04:09:05Z,707,11,1,4,0,0,1,1,1,1783223977
2026-07-05T04:09:05Z,708,19,4,0,0,0,1,1,1,1783224280
2026-07-05T04:09:05Z,709,13,5,1,1,0,1,1,1,1783224446
2026-07-05T04:09:05Z,710,16,1,3,0,0,1,1,1,1783224186
2026-07-05T04:09:05Z,711,14,3,1,4,0,1,1,1,1783224354
2026-07-05T04:09:05Z,712,0,0,14,1,0,1,1,1,1783223642
2026-07-05T04:09:05Z,713,5,2,18,0,0,1,1,1,1783224430
2026-07-05T04:09:05Z,716,1,0,14,0,0,1,1,1,1783222744
2026-07-05T04:09:05Z,717,8,0,13,4,0,1,1,1,1783223271
2026-07-05T04:09:05Z,718,3,1,12,0,0,1,1,1,1783224514
2026-07-05T04:09:05Z,719,8,0,21,0,0,1,1,1,1783223773
2026-07-05T04:09:05Z,720,2,0,16,1,0,1,1,1,1783224517
2026-07-05T04:09:05Z,721,11,0,11,1,0,1,1,1,1783223058
2026-07-05T04:09:05Z,722,13,2,2,0,0,1,1,1,1783224472
2026-07-05T04:09:05Z,723,0,0,22,1,0,1,1,1,1783224086
2026-07-05T04:09:05Z,724,17,2,6,0,0,1,1,1,1783224317
2026-07-05T04:09:05Z,725,22,1,0,1,0,1,1,1,1783224320
2026-07-05T04:09:05Z,726,11,1,8,0,0,1,1,1,1783224167
2026-07-05T04:09:05Z,727,9,0,14,0,0,1,1,1,1783223151
2026-07-05T04:09:05Z,728,9,2,5,1,0,1,1,1,1783224308
2026-07-05T04:09:05Z,729,13,1,5,1,0,1,1,1,1783223045
2026-07-05T04:09:05Z,730,7,1,8,0,0,1,1,1,1783223861
2026-07-05T04:09:05Z,731,1,1,14,0,0,1,1,1,1783223325
2026-07-05T04:09:05Z,732,9,0,6,0,0,1,1,1,1783223656
2026-07-05T04:09:05Z,733,4,1,22,1,0,1,1,1,1783224512
2026-07-05T04:09:05Z,734,4,1,9,1,0,1,1,1,1783223221
2026-07-05T04:09:05Z,735,1,1,17,1,0,1,1,1,1783224140
2026-07-05T04:09:05Z,736,16,2,1,2,0,1,1,1,1783197738
2026-07-05T04:09:05Z,737,8,2,7,0,0,1,1,1,1783222966
2026-07-05T04:09:05Z,738,1,1,17,1,0,1,1,1,1783223294
2026-07-05T04:09:05Z,739,7,1,18,2,0,1,1,1,1783223650
2026-07-05T04:09:05Z,741,12,4,11,0,0,1,1,1,1783223070
2026-07-05T04:09:05Z,742,9,0,30,0,0,1,1,1,1783224157
2026-07-05T04:09:05Z,743,4,1,13,2,0,1,1,1,1783224411
2026-07-05T04:09:05Z,744,3,1,12,0,0,1,1,1,1783223175
2026-07-05T04:09:05Z,745,8,1,10,1,0,1,1,1,1783224428
2026-07-05T04:09:05Z,746,3,0,20,0,0,1,1,1,1783224522
2026-07-05T04:09:05Z,747,0,0,19,0,0,1,1,1,1783223115
2026-07-05T04:09:05Z,748,12,1,9,2,0,1,1,1,1783224543
2026-07-05T04:09:05Z,749,9,0,14,0,0,1,1,1,1783223805
2026-07-05T04:09:05Z,750,0,0,9,2,0,1,1,1,1783223936
2026-07-05T04:09:05Z,751,2,2,21,0,0,1,1,1,1783224293
2026-07-05T04:09:05Z,752,13,1,3,1,0,1,1,1,1783224191
2026-07-05T04:09:05Z,753,6,0,8,1,0,1,1,1,1783224310
2026-07-05T04:09:05Z,754,6,0,9,0,0,1,1,1,1783223936
2026-07-05T04:09:05Z,755,10,1,7,1,0,1,1,1,1783223730
2026-07-05T04:09:05Z,756,0,0,36,1,0,1,1,1,1783223627
2026-07-05T04:09:05Z,757,4,4,15,0,0,1,1,1,1783224120
2026-07-05T04:09:05Z,758,21,4,2,0,0,1,1,1,1783224324
2026-07-05T04:09:05Z,759,6,0,9,0,0,1,1,1,1783223942
2026-07-05T04:09:05Z,760,4,0,13,2,0,1,1,1,1783223765
2026-07-05T04:09:05Z,761,4,0,17,2,0,1,1,1,1783223686
2026-07-05T04:09:05Z,762,6,1,7,2,0,1,1,1,1783223964
2026-07-05T04:09:05Z,768,6,0,10,3,0,1,1,1,1783224352
2026-07-05T04:09:05Z,769,2,1,14,3,0,1,1,1,1783224542
2026-07-05T04:09:05Z,770,11,2,8,0,0,1,1,1,1783223790
2026-07-05T04:09:05Z,771,9,0,6,0,0,1,1,1,1783224503
2026-07-05T04:09:05Z,772,11,5,4,0,0,1,1,1,1783224165
2026-07-05T04:09:05Z,773,3,1,15,1,0,1,1,1,1783224424
2026-07-05T04:09:05Z,774,6,1,7,2,0,1,1,1,1783224171
2026-07-05T04:09:05Z,775,13,2,4,2,0,1,1,1,1783221743
2026-07-05T04:09:05Z,776,6,0,14,1,0,1,1,1,1783222995
2026-07-05T04:09:05Z,777,10,1,2,3,0,1,1,1,1783222889
2026-07-05T04:09:05Z,778,4,0,13,2,0,1,1,1,1783223905
2026-07-05T04:09:05Z,779,14,0,4,1,0,1,1,1,1783223870
2026-07-05T04:09:05Z,780,4,1,12,2,1,1,1,1,1783223298
2026-07-05T04:09:05Z,781,1,1,9,1,0,1,1,1,1783217403
2026-07-05T04:09:05Z,782,7,2,11,1,0,1,1,1,1783224185
2026-07-05T04:09:05Z,783,8,6,8,3,0,1,1,1,1783220560
2026-07-05T04:09:05Z,784,0,0,18,1,0,1,1,1,1783224062
2026-07-05T04:09:05Z,785,5,0,8,6,0,1,1,1,1783223680
2026-07-05T04:09:05Z,786,0,0,18,1,0,1,1,1,1783211324
2026-07-05T04:09:05Z,787,0,0,15,0,0,1,1,1,1783223731
2026-07-05T04:09:05Z,788,10,1,5,0,0,1,1,1,1783223996
2026-07-05T04:09:05Z,789,12,1,1,2,0,1,1,1,1783223321
2026-07-05T04:09:05Z,790,3,3,20,0,0,1,1,1,1783223454
2026-07-05T04:09:05Z,791,0,0,19,0,0,1,1,1,1783224510
2026-07-05T04:09:05Z,793,11,1,3,1,0,1,1,1,1783224161
2026-07-05T04:09:05Z,794,5,2,24,0,0,1,1,1,1783223827
2026-07-05T04:09:05Z,796,1,0,15,3,0,1,1,1,1783224518
2026-07-05T04:09:05Z,797,0,0,15,0,0,1,1,1,1783223723
2026-07-05T04:09:05Z,798,1,0,23,1,0,1,1,1,1783223385
2026-07-05T04:09:05Z,799,3,1,15,1,0,1,1,1,1783224488
2026-07-05T04:09:05Z,800,2,0,17,2,0,1,1,1,1783224520
2026-07-05T04:09:05Z,801,5,3,14,2,0,1,1,1,1783224473
2026-07-05T04:09:05Z,802,2,0,28,0,1,1,1,1,1783224542
2026-07-05T04:09:05Z,803,2,1,13,0,0,1,1,1,1783224309
2026-07-05T04:09:05Z,806,0,0,11,4,0,1,1,1,1783224459
2026-07-05T04:09:05Z,807,16,0,8,1,0,1,1,1,1783223926
2026-07-05T04:09:05Z,808,9,0,15,1,0,1,1,1,1783223533
2026-07-05T04:09:05Z,809,5,1,18,0,0,1,1,1,1783224162
2026-07-05T04:09:05Z,810,8,5,10,1,0,1,1,1,1783224178
2026-07-05T04:09:05Z,815,5,2,9,1,0,1,1,1,1783224445
2026-07-05T04:09:05Z,817,4,1,4,7,0,1,1,1,1783223227
2026-07-05T04:09:05Z,818,3,2,20,0,0,1,1,1,1783222730
2026-07-05T04:09:05Z,819,6,6,6,3,0,1,1,1,1783224088
2026-07-05T04:09:05Z,820,6,1,9,2,0,1,1,1,1783224453
2026-07-05T04:09:05Z,821,9,0,5,1,0,1,1,1,1783223701
2026-07-05T04:09:05Z,822,0,0,21,2,0,1,1,1,1783224115
2026-07-05T04:09:05Z,823,8,0,7,0,0,1,1,1,1783224537
2026-07-05T04:09:05Z,824,5,3,13,1,0,1,1,1,1783224482
2026-07-05T04:09:05Z,825,9,2,6,0,0,1,1,1,1783218366
2026-07-05T04:09:05Z,826,8,0,10,1,0,1,1,1,1783223076
2026-07-05T04:09:05Z,827,7,1,13,1,0,1,1,1,1783224061
2026-07-05T04:09:05Z,828,1,0,16,1,0,1,1,1,1783223286
2026-07-05T04:09:05Z,829,1,0,26,0,0,1,1,1,1783212589
2026-07-05T04:09:05Z,830,18,2,5,0,0,1,1,1,1783224289
2026-07-05T04:09:05Z,831,5,1,3,7,0,1,1,1,1783223743
2026-07-05T04:09:05Z,832,12,2,6,0,0,1,1,1,1783224505
2026-07-05T04:09:05Z,833,18,11,0,1,0,1,1,1,1783224485
2026-07-05T04:09:05Z,834,0,0,24,0,0,1,1,1,1783224278
2026-07-05T04:09:05Z,835,11,6,7,0,0,1,1,1,1783224325
2026-07-05T04:09:05Z,837,3,0,5,7,0,1,1,1,1783224468
2026-07-05T04:09:05Z,838,6,2,6,3,0,1,1,1,1783224468
2026-07-05T04:09:05Z,839,18,3,10,1,0,1,1,1,1783223523
2026-07-05T04:09:05Z,840,4,2,25,0,0,1,1,1,1783223841
2026-07-05T04:09:05Z,841,4,2,8,3,0,1,1,1,1783223335
2026-07-05T04:09:05Z,842,4,0,18,0,1,1,1,1,1783224437
2026-07-05T04:09:05Z,843,2,0,27,2,0,1,1,1,1783223977
2026-07-05T04:09:05Z,844,5,0,18,0,0,1,1,1,1783223835
2026-07-05T04:09:05Z,845,8,0,11,0,0,1,1,1,1783223356
2026-07-05T04:09:05Z,846,7,1,11,0,1,1,1,1,1783223825
2026-07-05T04:09:05Z,847,0,0,27,0,0,1,1,1,1783224350
2026-07-05T04:09:05Z,848,7,0,12,0,0,1,1,1,1783224020
2026-07-05T04:09:05Z,849,1,1,9,5,0,1,1,1,1783223644
2026-07-05T04:09:05Z,850,4,1,7,0,0,1,1,1,1783224322
2026-07-05T04:09:05Z,851,23,1,12,2,0,1,1,1,1783222241
2026-07-05T04:09:05Z,852,2,0,16,1,0,1,1,1,1783223789
2026-07-05T04:09:05Z,853,10,2,12,1,0,1,1,1,1783223927
2026-07-05T04:09:05Z,854,4,0,10,1,0,1,1,1,1783224444
2026-07-05T04:09:05Z,855,25,0,2,0,0,1,1,1,1783222752
2026-07-05T04:09:05Z,857,8,6,10,1,0,1,1,1,1783223268
2026-07-05T04:09:05Z,858,1,0,17,1,0,1,1,1,1783222451
2026-07-05T04:09:05Z,859,9,3,12,0,0,1,1,1,1783223206
2026-07-05T04:09:05Z,861,4,0,7,0,0,1,1,1,1783224467
2026-07-05T04:09:05Z,862,4,0,11,0,0,1,1,1,1783224187
2026-07-05T04:09:05Z,863,7,3,11,1,0,1,1,1,1783216283
2026-07-05T04:09:05Z,866,18,0,1,0,0,1,1,1,1783213234
2026-07-05T04:09:05Z,867,9,0,6,0,0,1,1,1,1783223452
2026-07-05T04:09:05Z,868,11,0,4,0,0,1,1,1,1783224040
2026-07-05T04:09:05Z,870,10,3,4,1,0,1,1,1,1783224139
2026-07-05T04:09:05Z,871,3,0,8,0,0,1,1,1,1783223396
2026-07-05T04:09:05Z,872,6,3,9,0,0,1,1,1,1783224177
2026-07-05T04:09:05Z,873,4,0,27,2,0,1,1,1,1783224408
2026-07-05T04:09:05Z,874,14,1,0,1,0,1,1,1,1783223462
2026-07-05T04:09:05Z,875,3,1,12,0,0,1,1,1,1783223602
2026-07-05T04:09:05Z,877,7,3,12,0,0,1,1,1,1783224038
2026-07-05T04:09:05Z,878,9,0,10,0,0,1,1,1,1783223928
2026-07-05T04:09:05Z,879,7,0,11,1,0,1,1,1,1783223582
2026-07-05T04:09:05Z,880,11,2,12,0,0,1,1,1,1783223293
2026-07-05T04:09:05Z,881,2,1,13,4,0,1,1,1,1783224245
2026-07-05T04:09:05Z,882,10,5,9,0,0,1,1,1,1783224512
2026-07-05T04:09:05Z,883,12,6,6,1,0,1,1,1,1783222906
2026-07-05T04:09:05Z,884,10,5,11,0,0,1,1,1,1783183865
2026-07-05T04:09:05Z,885,7,2,11,1,0,1,1,1,1783224283
2026-07-05T04:09:05Z,886,7,5,20,2,0,1,1,1,1783223576
2026-07-05T04:09:05Z,887,2,0,14,1,0,1,1,1,1783224106
2026-07-05T04:09:05Z,888,0,0,40,1,0,1,1,1,1783224277
2026-07-05T04:09:05Z,889,10,0,9,0,0,1,1,1,1783223542
2026-07-05T04:09:05Z,890,8,2,7,0,0,1,1,1,1783217856
2026-07-05T04:09:05Z,891,7,1,15,1,0,1,1,1,1783223909
2026-07-05T04:09:05Z,892,15,5,0,0,0,1,1,1,1783224185
2026-07-05T04:09:05Z,895,4,0,15,0,0,1,1,1,1783222990
2026-07-05T04:09:05Z,896,30,8,5,0,0,1,1,1,1783223947
2026-07-05T04:09:05Z,897,11,1,9,1,0,1,1,1,1783223477
2026-07-05T04:09:05Z,898,7,1,12,0,0,1,1,1,1783223592
2026-07-05T04:09:05Z,899,13,1,6,0,0,1,1,1,1783222924
2026-07-05T04:09:05Z,900,19,1,7,1,0,1,1,1,1783224259
2026-07-05T04:09:05Z,901,10,0,9,0,0,1,1,1,1783223484
2026-07-05T04:09:05Z,902,0,0,15,0,0,1,1,1,1783223533
2026-07-05T04:09:05Z,903,1,0,18,0,0,1,1,1,1783223327
2026-07-05T04:09:05Z,904,13,0,4,2,0,1,1,1,1783223632
2026-07-05T04:09:05Z,905,13,9,14,0,0,1,1,1,1783224521
2026-07-05T04:09:05Z,906,26,9,1,0,0,1,1,1,1783223364
2026-07-05T04:09:05Z,907,13,0,18,0,0,1,1,1,1783224212
2026-07-05T04:09:05Z,908,8,0,15,0,0,1,1,1,1783223952
2026-07-05T04:09:05Z,909,17,9,6,0,0,1,1,1,1783224421
2026-07-05T04:09:05Z,910,4,0,26,1,0,1,1,1,1783224211
2026-07-05T04:09:05Z,911,10,0,8,1,0,1,1,1,1783223409
2026-07-05T04:09:05Z,912,11,1,10,2,0,1,1,1,1783224303
2026-07-05T04:09:05Z,913,10,1,9,0,0,1,1,1,1783211292
2026-07-05T04:09:05Z,914,11,0,7,1,0,1,1,1,1783224392
2026-07-05T04:09:05Z,915,2,0,21,0,0,1,1,1,1783224221
2026-07-05T04:09:05Z,916,5,1,17,1,0,1,1,1,1783223762
2026-07-05T04:09:05Z,917,3,1,32,0,0,1,1,1,1783222936
2026-07-05T04:09:05Z,918,16,3,2,1,0,1,1,1,1783223958
2026-07-05T04:09:05Z,919,22,3,15,1,0,1,1,1,1783224500
2026-07-05T04:09:05Z,920,3,3,16,0,0,1,1,1,1783223409
2026-07-05T04:09:05Z,921,3,0,15,3,0,1,1,1,1783219782
2026-07-05T04:09:05Z,922,9,1,12,0,0,1,1,1,1783224412
2026-07-05T04:09:05Z,923,2,2,16,1,0,1,1,1,1783224442
2026-07-05T04:09:05Z,924,16,2,5,0,0,1,1,1,1783223222
2026-07-05T04:09:05Z,925,1,1,19,1,0,1,1,1,1783223597
2026-07-05T04:09:05Z,926,8,1,13,0,0,1,1,1,1783223691
2026-07-05T04:09:05Z,927,16,0,17,2,0,1,1,1,1783224325
2026-07-05T04:09:05Z,928,10,0,8,1,0,1,1,1,1783224257
2026-07-05T04:09:05Z,929,8,0,15,0,0,1,1,1,1783224200
2026-07-05T04:09:05Z,930,21,0,10,0,0,1,1,1,1783223764
2026-07-05T04:09:05Z,931,2,2,20,1,0,1,1,1,1783224424
2026-07-05T04:09:05Z,932,9,1,9,1,0,1,1,1,1783224525
2026-07-05T04:09:05Z,933,16,1,6,1,0,1,1,1,1783224453
2026-07-05T04:09:05Z,934,6,0,24,1,0,1,1,1,1783224024
2026-07-05T04:09:05Z,935,1,0,15,3,0,1,1,1,1783223883
2026-07-05T04:09:05Z,936,19,3,0,0,0,1,1,1,1783224381
2026-07-05T04:09:05Z,940,6,0,4,1,0,1,1,1,1783224543
2026-07-05T04:09:05Z,941,5,0,20,0,0,1,1,1,1783224490
2026-07-05T04:09:05Z,942,7,2,14,0,0,1,1,1,1783224448
2026-07-05T04:09:05Z,943,4,4,10,1,0,1,1,1,1783223631
2026-07-05T04:09:05Z,944,5,5,9,1,0,1,1,1,1783219032
2026-07-05T04:09:05Z,945,9,5,6,0,0,1,1,1,1783223982
2026-07-05T04:09:05Z,946,8,6,11,0,0,1,1,1,1783223914
2026-07-05T04:09:05Z,947,7,5,10,0,0,1,1,1,1783222901
2026-07-05T04:09:05Z,948,17,3,11,3,0,1,1,1,1783224061
2026-07-05T04:09:05Z,949,0,0,15,0,0,1,1,1,1783223910
2026-07-05T04:09:05Z,950,12,1,3,2,0,1,1,1,1783224304
2026-07-05T04:09:05Z,951,5,0,17,1,0,1,1,1,1783223736
2026-07-05T04:09:05Z,952,17,1,35,3,0,1,1,1,1783224539
2026-07-05T04:09:05Z,953,13,0,0,2,0,1,1,1,1783223904
2026-07-05T04:09:05Z,954,14,0,4,1,0,1,1,1,1783223951
2026-07-05T04:09:05Z,955,2,1,19,6,0,1,1,1,1783224109
2026-07-05T04:09:05Z,956,0,0,18,1,0,1,1,1,1783223443
2026-07-05T04:09:05Z,957,3,0,25,1,0,1,1,1,1783224530
2026-07-05T04:09:05Z,958,6,0,24,1,0,1,1,1,1783224032
2026-07-05T04:09:05Z,959,3,2,19,1,0,1,1,1,1783224463
2026-07-05T04:09:05Z,960,20,4,2,1,0,1,1,1,1783224484
2026-07-05T04:09:05Z,961,7,3,16,0,0,1,1,1,1783223831
2026-07-05T04:09:05Z,962,3,1,25,7,0,1,1,1,1783224496
2026-07-05T04:09:05Z,963,6,0,17,0,0,1,1,1,1783223639
2026-07-05T04:09:05Z,964,9,2,13,1,0,1,1,1,1783224319
2026-07-05T04:09:05Z,965,8,1,17,2,0,1,1,1,1783222895
2026-07-05T04:09:05Z,966,7,0,24,0,0,1,1,1,1783224387
2026-07-05T04:09:05Z,967,10,1,7,4,0,1,1,1,1783223951
2026-07-05T04:09:05Z,968,10,0,9,0,0,1,1,1,1783224358
2026-07-05T04:09:05Z,969,11,2,15,1,0,1,1,1,1783224147
2026-07-05T04:09:05Z,970,13,3,3,3,0,1,1,1,1783224540
2026-07-05T04:09:05Z,971,22,0,0,1,0,1,1,1,1783224330
2026-07-05T04:09:05Z,972,3,1,19,1,0,1,1,1,1783224350
2026-07-05T04:09:05Z,973,1,0,20,2,0,1,1,1,1783224262
2026-07-05T04:09:05Z,974,16,0,11,0,0,1,1,1,1783224071
2026-07-05T04:09:05Z,977,5,3,15,1,0,1,1,1,1783224004
2026-07-05T04:09:05Z,978,18,3,5,0,0,1,1,1,1783223793
2026-07-05T04:09:05Z,979,9,0,5,3,0,1,1,1,1783224409
2026-07-05T04:09:05Z,980,6,0,15,0,0,1,1,1,1783223432
2026-07-05T04:09:05Z,981,3,1,17,1,0,1,1,1,1783224537
2026-07-05T04:09:05Z,982,9,3,9,1,0,1,1,1,1783223770
2026-07-05T04:09:05Z,983,1,0,22,0,0,1,1,1,1783223131
2026-07-05T04:09:05Z,984,15,10,7,1,0,1,1,1,1783223258
2026-07-05T04:09:05Z,985,0,0,29,1,1,1,1,1,1783224233
2026-07-05T04:09:05Z,986,6,6,12,1,0,1,1,1,1783224048
2026-07-05T04:09:05Z,987,3,0,20,0,0,1,1,1,1783224256
2026-07-05T04:09:05Z,988,11,4,8,0,0,1,1,1,1783224322
2026-07-05T04:09:05Z,989,14,11,4,1,0,1,1,1,1783224291
2026-07-05T04:09:05Z,990,13,3,1,1,0,1,1,1,1783223915
2026-07-05T04:09:05Z,991,18,10,1,0,0,1,1,1,1783224463
2026-07-05T04:09:05Z,992,6,1,17,0,0,1,1,1,1783223537
2026-07-05T04:09:05Z,993,1,0,26,0,0,1,1,1,1783224269
2026-07-05T04:09:05Z,994,8,1,9,4,0,1,1,1,1783223574
2026-07-05T04:09:05Z,995,10,1,17,0,0,1,1,1,1783223571
2026-07-05T04:09:05Z,996,9,4,14,0,0,1,1,1,1783224211
2026-07-05T04:09:05Z,997,9,5,10,4,0,1,1,1,1783224232
2026-07-05T04:09:05Z,998,8,0,15,0,0,1,1,1,1783224095
2026-07-05T04:09:05Z,999,8,2,11,1,1,1,1,1,1783223445
2026-07-05T04:09:05Z,1000,8,1,13,0,0,1,1,1,1783223939
2026-07-05T04:09:05Z,1001,1,0,26,0,0,1,1,1,1783224294
2026-07-05T04:09:05Z,1002,9,1,22,0,0,1,1,1,1783223720
2026-07-05T04:09:05Z,1003,2,1,21,0,0,1,1,1,1783222772
2026-07-05T04:09:05Z,1004,12,2,11,0,0,1,1,1,1783223575
2026-07-05T04:09:05Z,1005,7,2,15,1,0,1,1,1,1783224297
2026-07-05T04:09:05Z,1006,13,3,6,0,0,1,1,1,1783224171
2026-07-05T04:09:05Z,1007,6,3,15,0,0,1,1,1,1783223951
2026-07-05T04:09:05Z,1008,12,4,10,1,0,1,1,1,1783223803
2026-07-05T04:09:05Z,1009,8,0,22,1,0,1,1,1,1783223500
2026-07-05T04:09:05Z,1010,12,8,15,0,0,1,1,1,1783224381
2026-07-05T04:09:05Z,1011,7,7,12,0,0,1,1,1,1783224105
2026-07-05T04:09:05Z,1012,2,2,18,3,0,1,1,1,1783224063
2026-07-05T04:09:05Z,1013,8,2,13,2,0,1,1,1,1783223412
2026-07-05T04:09:05Z,1014,8,4,15,0,0,1,1,1,1783223479
2026-07-05T04:09:05Z,1015,8,3,23,0,0,1,1,1,1783223269
2026-07-05T04:09:05Z,1016,16,4,15,0,0,1,1,1,1783223786
2026-07-05T04:09:05Z,1017,10,3,10,1,0,1,1,1,1783223508
2026-07-05T04:09:05Z,1018,8,6,12,1,0,1,1,1,1783224333
2026-07-05T04:09:05Z,1019,13,2,2,0,0,1,1,1,1783223909
2026-07-05T04:09:05Z,1020,11,1,10,0,0,1,1,1,1783222959
2026-07-05T04:09:05Z,1021,10,4,5,0,0,1,1,1,1783223955
2026-07-05T04:09:05Z,1022,10,0,17,0,0,1,1,1,1783223835
2026-07-05T04:09:05Z,1023,16,0,7,0,0,1,1,1,1783224103
2026-07-05T04:09:05Z,1024,9,2,10,0,0,1,1,1,1783223818
2026-07-05T04:09:05Z,1025,12,1,6,1,0,1,1,1,1783223452
2026-07-05T04:09:05Z,1026,6,1,22,3,0,1,1,1,1783223668
2026-07-05T04:09:05Z,1028,18,5,5,0,0,1,1,1,1783223891
2026-07-05T04:09:05Z,1029,5,2,6,4,0,1,1,1,1783222881
2026-07-05T04:09:05Z,1030,16,2,6,1,0,1,1,1,1783223907
2026-07-05T04:09:05Z,1031,0,0,19,0,0,1,1,1,1783223201
2026-07-05T04:09:05Z,1032,16,3,3,0,0,1,1,1,1783223605
2026-07-05T04:09:05Z,1033,12,9,6,1,0,1,1,1,1783223216
2026-07-05T04:09:05Z,1034,9,1,5,1,0,1,1,1,1783223770
2026-07-05T04:09:05Z,1035,7,0,12,0,0,1,1,1,1783223434
2026-07-05T04:09:05Z,1036,11,4,4,0,0,1,1,1,1783223300
2026-07-05T04:09:05Z,1037,2,1,16,1,0,1,1,1,1783224070
2026-07-05T04:09:05Z,1038,6,0,9,0,0,1,1,1,1783222827
2026-07-05T04:09:05Z,1039,6,2,13,0,0,1,1,1,1783223555
2026-07-05T04:09:05Z,1040,1,0,18,0,0,1,1,1,1783224385
2026-07-05T04:09:05Z,1041,4,3,15,0,0,1,1,1,1783223704
2026-07-05T04:09:05Z,1042,15,3,0,0,0,1,1,1,1783223677
2026-07-05T04:09:05Z,1043,8,2,10,1,0,1,1,1,1783224361
2026-07-05T04:09:05Z,1044,4,2,9,2,0,1,1,1,1783223159
2026-07-05T04:09:05Z,1045,6,2,12,1,0,1,1,1,1783223566
2026-07-05T04:09:05Z,1046,4,0,7,4,0,1,1,1,1783223948
2026-07-05T04:09:05Z,1047,0,0,21,0,0,1,1,1,1783223567
2026-07-05T04:09:05Z,1048,9,0,10,0,0,1,1,1,1783224543
2026-07-05T04:09:05Z,1049,14,1,6,1,0,1,1,1,1783223936
2026-07-05T04:09:05Z,1050,17,7,4,0,0,1,1,1,1783222811
2026-07-05T04:09:05Z,1051,19,3,2,0,0,1,1,1,1783223363
2026-07-05T04:09:05Z,1052,10,1,10,2,0,1,1,1,1783224237
2026-07-05T04:09:05Z,1053,8,2,7,0,0,1,1,1,1783224292
2026-07-05T04:09:05Z,1054,8,0,6,1,0,1,1,1,1783224306
2026-07-05T04:09:05Z,1055,13,0,6,0,0,1,1,1,1783224462
2026-07-05T04:09:05Z,1057,9,0,9,1,0,1,1,1,1783224101
2026-07-05T04:09:05Z,1058,17,0,38,1,0,1,1,1,1783223712
2026-07-05T04:09:05Z,1059,9,2,10,0,0,1,1,1,1783224326
2026-07-05T04:09:05Z,1060,20,0,17,0,0,1,1,1,1783223808
2026-07-05T04:09:05Z,1061,1,1,36,0,0,1,1,1,1783224017
2026-07-05T04:09:05Z,1062,4,0,12,1,0,1,1,1,1783223442
2026-07-05T04:09:05Z,1063,11,4,7,1,0,1,1,1,1783223712
2026-07-05T04:09:05Z,1064,10,1,12,1,0,1,1,1,1783223575
2026-07-05T04:09:05Z,1065,9,3,13,1,0,1,1,1,1783223787
2026-07-05T04:09:05Z,1066,16,5,7,0,0,1,1,1,1783224318
2026-07-05T04:09:05Z,1067,12,1,10,1,0,1,1,1,1783223997
2026-07-05T04:09:05Z,1068,13,0,10,0,0,1,1,1,1783223970
2026-07-05T04:09:05Z,1069,0,0,23,0,0,1,1,1,1783224291
2026-07-05T04:09:05Z,1070,7,4,15,1,0,1,1,1,1783223103
2026-07-05T04:09:05Z,1071,1,0,22,0,0,1,1,1,1783223254
2026-07-05T04:09:05Z,1072,14,1,8,1,0,1,1,1,1783223946
2026-07-05T04:09:05Z,1073,6,0,19,2,0,1,1,1,1783224214
2026-07-05T04:09:05Z,1074,30,0,19,4,0,1,1,1,1783224247
2026-07-05T04:09:05Z,1075,12,11,9,0,0,1,1,1,1783223627
2026-07-05T04:09:05Z,1076,11,5,10,0,0,1,1,1,1783224322
2026-07-05T04:09:05Z,1077,8,8,13,0,0,1,1,1,1783223760
2026-07-05T04:09:05Z,1078,15,5,6,0,0,1,1,1,1783223981
2026-07-05T04:09:05Z,1079,14,12,7,0,0,1,1,1,1783223787
2026-07-05T04:09:05Z,1080,8,8,13,0,0,1,1,1,1783221802
2026-07-05T04:09:05Z,1081,14,14,5,0,0,1,1,1,1783223699
2026-07-05T04:09:05Z,1082,15,11,8,0,0,1,1,1,1783223687
2026-07-05T04:09:05Z,1083,6,3,14,1,0,1,1,1,1783223536
2026-07-05T04:09:05Z,1084,8,6,13,0,0,1,1,1,1783223564
2026-07-05T04:09:05Z,1085,8,6,13,0,0,1,1,1,1783223779
2026-07-05T04:09:05Z,1086,10,7,11,0,0,1,1,1,1783223684
2026-07-05T04:09:05Z,1087,7,5,8,0,0,1,1,1,1783223902
2026-07-05T04:09:05Z,1088,7,7,8,0,0,1,1,1,1783224471
2026-07-05T04:09:05Z,1089,5,5,10,0,0,1,1,1,1783223798
2026-07-05T04:09:05Z,1090,7,6,8,0,0,1,1,1,1783223770
2026-07-05T04:09:05Z,1091,9,7,6,0,0,1,1,1,1783224210
2026-07-05T04:09:05Z,1092,8,8,7,0,0,1,1,1,1783223487
2026-07-05T04:09:05Z,1093,6,6,9,0,0,1,1,1,1783223117
2026-07-05T04:09:05Z,1094,12,7,7,0,0,1,1,1,1783223231
2026-07-05T04:09:05Z,1095,9,9,6,0,0,1,1,1,1783223614
2026-07-05T04:09:05Z,1096,13,11,6,0,0,1,1,1,1783223495
2026-07-05T04:09:05Z,1097,9,6,6,0,0,1,1,1,1783223615
2026-07-05T04:09:05Z,1098,13,12,5,1,0,1,1,1,1783224194
2026-07-05T04:09:05Z,1099,6,6,9,0,0,1,1,1,1783223041
2026-07-05T04:09:05Z,1100,7,5,20,2,0,1,1,1,1783222767
2026-07-05T04:09:05Z,1101,10,5,11,0,0,1,1,1,1783224171
2026-07-05T04:09:05Z,1102,10,5,3,0,0,1,1,1,1783224032
2026-07-05T04:09:05Z,1103,10,5,11,0,0,1,1,1,1783223614
2026-07-05T04:09:05Z,1104,10,5,11,0,0,1,1,1,1783224160
2026-07-05T04:09:05Z,1105,8,2,3,2,0,1,1,1,1783223962
2026-07-05T04:09:05Z,1106,10,5,11,0,0,1,1,1,1783222804
2026-07-05T04:09:05Z,1107,11,5,4,0,0,1,1,1,1783223896
2026-07-05T04:09:05Z,1108,9,7,16,2,0,1,1,1,1783224136
2026-07-05T04:09:05Z,1109,9,4,6,0,0,1,1,1,1783224217
2026-07-05T04:09:05Z,1110,7,1,14,0,0,1,1,1,1783224031
2026-07-05T04:09:05Z,1111,11,0,10,0,0,1,1,1,1783224247
2026-07-05T04:09:05Z,1112,44,0,8,1,0,1,1,1,1783223333
2026-07-05T04:09:05Z,1113,2,0,19,0,0,1,1,1,1783224362
2026-07-05T04:09:05Z,1115,13,1,10,0,0,1,1,1,1783223577
2026-07-05T04:09:05Z,1116,9,0,10,0,0,1,1,1,1783223265
2026-07-05T04:09:05Z,1117,1,1,21,1,0,1,1,1,1783223775
2026-07-05T04:09:05Z,1118,16,0,5,0,0,1,1,1,1783224277
2026-07-05T04:09:05Z,1119,6,1,11,0,0,1,1,1,1783223295
2026-07-05T04:09:05Z,1120,0,0,16,3,0,1,1,1,1783223623
2026-07-05T04:09:05Z,1121,8,0,12,1,0,1,1,1,1783223578
2026-07-05T04:09:05Z,1122,10,3,10,0,1,1,1,1,1783224436
2026-07-05T04:09:05Z,1123,3,1,19,1,0,1,1,1,1783223467
2026-07-05T04:09:05Z,1124,14,2,0,1,0,1,1,1,1783224362
2026-07-05T04:09:05Z,1125,16,3,7,0,0,1,1,1,1783223569
2026-07-05T04:09:05Z,1126,8,1,11,2,0,1,1,1,1783223675
2026-07-05T04:09:05Z,1127,5,1,12,2,0,1,1,1,1783223765
2026-07-05T04:09:05Z,1128,14,2,1,0,0,1,1,1,1783223595
2026-07-05T04:09:05Z,1129,15,1,5,1,0,1,1,1,1783223430
2026-07-05T04:09:05Z,1130,3,1,9,3,0,1,1,1,1783224342
2026-07-05T04:09:05Z,1131,1,0,47,1,0,1,1,1,1783223432
2026-07-05T04:09:05Z,1132,14,1,6,1,0,1,1,1,1783224373
2026-07-05T04:09:05Z,1133,11,4,9,1,0,1,1,1,1783224435
2026-07-05T04:09:05Z,1134,10,6,9,0,0,1,1,1,1783224229
2026-07-05T04:09:05Z,1135,8,4,13,0,0,1,1,1,1783224441
2026-07-05T04:09:05Z,1136,18,0,3,2,0,1,1,1,1783224478
2026-07-05T04:09:05Z,1137,6,1,9,0,0,1,1,1,1783223320
2026-07-05T04:09:05Z,1138,13,0,6,0,0,1,1,1,1783224280
2026-07-05T04:09:05Z,1139,1,0,20,0,0,1,1,1,1783223577
2026-07-05T04:09:05Z,1140,8,2,11,4,0,1,1,1,1783224313
2026-07-05T04:09:05Z,1141,2,0,18,1,0,1,1,1,1783223877
2026-07-05T04:09:05Z,1142,4,0,17,0,0,1,1,1,1783224465
2026-07-05T04:09:05Z,1143,27,2,2,0,0,1,1,1,1783224043
2026-07-05T04:09:05Z,1144,13,1,7,1,0,1,1,1,1783223359
2026-07-05T04:09:05Z,1145,8,3,10,2,1,1,1,1,1783223130
2026-07-05T04:09:05Z,1146,15,1,2,2,0,1,1,1,1783224478
2026-07-05T04:09:05Z,1147,9,2,10,0,0,1,1,1,1783223329
2026-07-05T04:09:05Z,1148,14,2,17,0,0,1,1,1,1783224494
2026-07-05T04:09:05Z,1149,16,4,9,0,0,1,1,1,1783223190
2026-07-05T04:09:05Z,1150,19,0,0,0,0,1,1,1,1783223852
2026-07-05T04:09:05Z,1151,11,0,9,1,0,1,1,1,1783224121
2026-07-05T04:09:05Z,1152,8,2,18,3,0,1,1,1,1783224504
2026-07-05T04:09:05Z,1153,10,0,12,1,0,1,1,1,1783224489
2026-07-05T04:09:05Z,1154,10,1,6,3,0,1,1,1,1783223864
2026-07-05T04:09:05Z,1155,6,1,13,2,0,1,1,1,1783224344
2026-07-05T04:09:05Z,1158,7,0,12,0,0,1,1,1,1783223410
2026-07-05T04:09:05Z,1159,6,2,13,0,0,1,1,1,1783224315
2026-07-05T04:09:05Z,1160,8,1,10,1,0,1,1,1,1783224276
2026-07-05T04:09:05Z,1161,5,2,14,0,0,1,1,1,1783223820
2026-07-05T04:09:05Z,1162,11,6,8,0,0,1,1,1,1783223274
2026-07-05T04:09:05Z,1163,2,0,16,1,0,1,1,1,1783223189
2026-07-05T04:09:05Z,1164,9,2,9,1,0,1,1,1,1783223587
2026-07-05T04:09:05Z,1165,2,1,18,1,0,1,1,1,1783222925
2026-07-05T04:09:05Z,1166,5,0,15,1,0,1,1,1,1783224165
2026-07-05T04:09:05Z,1167,12,2,3,0,0,1,1,1,1783223859
2026-07-05T04:09:05Z,1168,5,1,18,0,0,1,1,1,1783223552
2026-07-05T04:09:05Z,1169,0,0,18,1,0,1,1,1,1783222917
2026-07-05T04:09:05Z,1170,0,0,21,0,0,1,1,1,1783224112
2026-07-05T04:09:05Z,1171,10,9,12,1,0,1,1,1,1783222977
2026-07-05T04:09:05Z,1172,10,3,5,0,0,1,1,1,1783223876
2026-07-05T04:09:05Z,1173,0,0,19,0,0,1,1,1,1783224181
2026-07-05T04:09:05Z,1174,1,0,14,0,0,1,1,1,1783223702
2026-07-05T04:09:05Z,1175,1,0,17,1,0,1,1,1,1783223314
2026-07-05T04:09:05Z,1176,18,4,3,0,0,1,1,1,1783217041
2026-07-05T04:09:05Z,1177,11,4,10,0,0,1,1,1,1783223381
2026-07-05T04:09:05Z,1178,7,3,7,1,0,1,1,1,1783224297
2026-07-05T04:09:05Z,1181,2,0,13,0,0,1,1,1,1783224308
2026-07-05T04:09:05Z,1182,2,1,17,1,0,1,1,1,1783224368
2026-07-05T04:09:05Z,1183,1,1,35,1,0,1,1,1,1783224250
2026-07-05T04:09:05Z,1184,2,1,17,2,0,1,1,1,1783223990
2026-07-05T04:09:05Z,1185,10,5,11,0,0,1,1,1,1783224197
2026-07-05T04:09:05Z,1186,10,5,9,0,0,1,1,1,1783223700
2026-07-05T04:09:05Z,1190,7,4,14,0,0,1,1,1,1783223594
2026-07-05T04:09:05Z,1192,9,5,12,0,0,1,1,1,1783222750
2026-07-05T04:09:05Z,1193,5,1,7,1,0,1,1,1,1783224290
2026-07-05T04:09:05Z,1197,8,2,7,2,0,1,1,1,1783223613
2026-07-05T04:09:05Z,1198,13,8,7,1,0,1,1,1,1783224038
2026-07-05T04:09:05Z,1199,6,5,13,0,0,1,1,1,1783223406
2026-07-05T04:09:05Z,1200,9,3,5,1,0,1,1,1,1783224348
2026-07-05T04:09:05Z,1201,4,0,11,0,0,1,1,1,1783222843
2026-07-05T04:09:05Z,1202,13,6,2,0,0,1,1,1,1783224338
2026-07-05T04:09:05Z,1203,11,6,4,0,0,1,1,1,1783222856
2026-07-05T04:09:05Z,1218,11,5,10,0,0,1,1,1,1783224276
2026-07-05T04:09:05Z,1224,0,0,3,0,0,0,1,1,1781869449
2026-07-05T04:09:05Z,1225,0,0,3,0,0,0,1,1,1781868919
2026-07-05T04:09:05Z,1226,0,0,3,0,0,0,1,1,1781868931
2026-07-05T04:14:05Z,1,3,0,20,0,0,1,1,1,1783223235
2026-07-05T04:14:05Z,2,17,2,10,0,0,1,1,1,1783224686
2026-07-05T04:14:05Z,3,2,0,16,1,0,1,1,1,1783224738
2026-07-05T04:14:05Z,4,12,0,11,0,0,1,1,1,1783224710
2026-07-05T04:14:05Z,5,11,7,11,1,0,1,1,1,1783224716
2026-07-05T04:14:05Z,6,11,1,4,0,0,1,1,1,1783223477
2026-07-05T04:14:05Z,7,0,0,23,0,0,1,1,1,1783222840
2026-07-05T04:14:05Z,8,19,0,24,0,0,1,1,1,1783224574
2026-07-05T04:14:05Z,9,16,2,4,3,0,1,1,1,1783224831
2026-07-05T04:14:05Z,10,9,2,14,0,0,1,1,1,1783221209
2026-07-05T04:14:05Z,11,6,1,13,0,0,1,1,1,1783223382
2026-07-05T04:14:05Z,12,0,0,23,0,0,1,1,1,1783224318
2026-07-05T04:14:05Z,13,17,0,12,1,0,1,1,1,1783224760
2026-07-05T04:14:05Z,14,20,0,23,0,0,1,1,1,1783224827
2026-07-05T04:14:05Z,15,0,0,14,1,0,1,1,1,1783224803
2026-07-05T04:14:05Z,16,14,0,12,1,0,1,1,1,1783219189
2026-07-05T04:14:05Z,17,7,0,19,1,0,1,1,1,1783224643
2026-07-05T04:14:05Z,18,8,0,10,1,0,1,1,1,1783224511
2026-07-05T04:14:05Z,19,0,0,26,1,0,1,1,1,1783224775
2026-07-05T04:14:05Z,20,18,0,9,0,0,1,1,1,1783224209
2026-07-05T04:14:05Z,21,15,0,3,1,0,1,1,1,1783224429
2026-07-05T04:14:05Z,22,54,1,12,1,0,1,1,1,1783224194
2026-07-05T04:14:05Z,23,26,3,5,0,0,1,1,1,1783224755
2026-07-05T04:14:05Z,24,2,0,8,1,0,1,1,1,1783224826
2026-07-05T04:14:05Z,25,31,0,47,2,1,1,1,1,1783224743
2026-07-05T04:14:05Z,26,13,0,14,0,0,1,1,1,1783222175
2026-07-05T04:14:05Z,28,12,1,3,0,0,1,1,1,1783224267
2026-07-05T04:14:05Z,30,24,0,3,0,0,1,1,1,1783224730
2026-07-05T04:14:05Z,31,0,0,19,0,0,1,1,1,1783223897
2026-07-05T04:14:05Z,32,10,0,17,0,0,1,1,1,1783224342
2026-07-05T04:14:05Z,34,9,0,28,0,0,1,1,1,1783224013
2026-07-05T04:14:05Z,35,40,0,5,2,0,1,1,1,1783224689
2026-07-05T04:14:05Z,36,0,0,0,0,0,0,1,1,86400
2026-07-05T04:14:05Z,37,0,0,23,0,0,1,1,1,1783224814
2026-07-05T04:14:05Z,38,11,1,12,0,0,1,1,1,1783224806
2026-07-05T04:14:05Z,39,30,0,1,0,0,1,1,1,1783222421
2026-07-05T04:14:05Z,40,6,1,14,1,0,1,1,1,1783224799
2026-07-05T04:14:05Z,41,4,0,22,1,0,1,1,1,1783224595
2026-07-05T04:14:05Z,42,12,2,19,0,0,1,1,1,1783224728
2026-07-05T04:14:05Z,43,0,0,0,21,2,1,1,1,1783224678
2026-07-05T04:14:05Z,45,0,0,31,0,0,1,1,1,1783224376
2026-07-05T04:14:05Z,46,16,0,12,3,0,1,1,1,1783224130
2026-07-05T04:14:05Z,47,3,0,12,0,0,1,1,1,1783224186
2026-07-05T04:14:05Z,48,10,0,17,0,0,1,1,1,1783223638
2026-07-05T04:14:05Z,49,4,0,15,4,0,1,1,1,1783224827
2026-07-05T04:14:05Z,50,10,5,8,1,0,1,1,1,1783224030
2026-07-05T04:14:05Z,51,29,1,47,2,0,1,1,1,1783224202
2026-07-05T04:14:05Z,52,1,1,24,2,0,1,1,1,1783224702
2026-07-05T04:14:05Z,55,0,0,22,1,0,1,1,1,1783224707
2026-07-05T04:14:05Z,56,0,0,26,1,0,1,1,1,1783224577
2026-07-05T04:14:05Z,57,1,1,25,1,0,1,1,1,1783223616
2026-07-05T04:14:05Z,58,6,2,22,0,0,1,1,1,1783223443
2026-07-05T04:14:05Z,59,3,2,22,2,0,1,1,1,1783224586
2026-07-05T04:14:05Z,61,1,1,37,1,0,1,1,1,1783224302
2026-07-05T04:14:05Z,62,21,3,28,0,0,1,1,1,1783224688
2026-07-05T04:14:05Z,63,13,4,6,0,0,1,1,1,1783224561
2026-07-05T04:14:05Z,64,3,0,13,3,0,1,1,1,1783221052
2026-07-05T04:14:05Z,65,12,4,6,1,0,1,1,1,1783224708
2026-07-05T04:14:05Z,67,10,0,29,0,0,1,1,1,1783224080
2026-07-05T04:14:05Z,68,1,0,35,1,0,1,1,1,1783224441
2026-07-05T04:14:05Z,69,14,2,1,0,0,1,1,1,1783223356
2026-07-05T04:14:05Z,71,1,0,25,1,0,1,1,1,1783224746
2026-07-05T04:14:05Z,72,26,4,4,1,0,1,1,1,1783224513
2026-07-05T04:14:05Z,73,3,0,20,0,0,1,1,1,1783224233
2026-07-05T04:14:05Z,74,6,0,13,0,0,1,1,1,1783224373
2026-07-05T04:14:05Z,75,2,0,33,0,0,1,1,1,1783224830
2026-07-05T04:14:05Z,76,17,1,1,1,0,1,1,1,1783224697
2026-07-05T04:14:05Z,77,12,2,13,2,0,1,1,1,1783223987
2026-07-05T04:14:05Z,78,6,5,17,0,0,1,1,1,1783224109
2026-07-05T04:14:05Z,79,5,2,12,0,0,1,1,1,1783224825
2026-07-05T04:14:05Z,80,14,1,7,0,2,1,1,1,1783224641
2026-07-05T04:14:05Z,81,2,1,29,0,0,1,1,1,1783224603
2026-07-05T04:14:05Z,82,0,0,23,0,0,1,1,1,1783224446
2026-07-05T04:14:05Z,83,8,3,24,2,0,1,1,1,1783224829
2026-07-05T04:14:05Z,84,26,1,0,1,0,1,1,1,1783222293
2026-07-05T04:14:05Z,85,6,1,8,0,0,1,1,1,1783224303
2026-07-05T04:14:05Z,86,22,0,4,1,0,1,1,1,1783224768
2026-07-05T04:14:05Z,87,4,0,15,0,0,1,1,1,1783222587
2026-07-05T04:14:05Z,88,1,0,30,0,0,1,1,1,1783224591
2026-07-05T04:14:05Z,89,34,0,0,1,0,1,1,1,1783222533
2026-07-05T04:14:05Z,90,19,0,0,0,0,1,1,1,1783224740
2026-07-05T04:14:05Z,91,14,1,3,0,0,1,1,1,1783224712
2026-07-05T04:14:05Z,92,7,0,10,2,0,1,1,1,1783224744
2026-07-05T04:14:05Z,93,22,1,1,0,0,1,1,1,1783222944
2026-07-05T04:14:05Z,94,18,1,1,0,0,1,1,1,1783223145
2026-07-05T04:14:05Z,95,33,6,1,1,0,1,1,1,1783224675
2026-07-05T04:14:05Z,96,30,5,0,1,0,1,1,1,1783224023
2026-07-05T04:14:05Z,97,6,1,9,1,0,1,1,1,1783224716
2026-07-05T04:14:05Z,98,21,6,13,1,0,1,1,1,1783224586
2026-07-05T04:14:05Z,99,14,0,0,0,0,1,1,1,1783223772
2026-07-05T04:14:05Z,100,18,0,8,1,0,1,1,1,1783224499
2026-07-05T04:14:05Z,101,7,0,7,1,0,1,1,1,1783224005
2026-07-05T04:14:05Z,102,19,2,4,0,0,1,1,1,1783224761
2026-07-05T04:14:05Z,103,17,0,12,3,0,1,1,1,1783224802
2026-07-05T04:14:05Z,104,4,0,21,2,0,1,1,1,1783224607
2026-07-05T04:14:05Z,105,12,0,5,2,0,1,1,1,1783221518
2026-07-05T04:14:05Z,106,0,0,21,0,0,1,1,1,1783222328
2026-07-05T04:14:05Z,107,29,0,6,2,0,1,1,1,1783223825
2026-07-05T04:14:05Z,108,6,0,26,2,1,1,1,1,1783224617
2026-07-05T04:14:05Z,109,21,1,2,0,0,1,1,1,1783224817
2026-07-05T04:14:05Z,110,5,1,18,0,0,1,1,1,1783223838
2026-07-05T04:14:05Z,111,0,0,35,1,0,1,1,1,1783223079
2026-07-05T04:14:05Z,112,4,0,13,2,0,1,1,1,1783224760
2026-07-05T04:14:05Z,113,5,0,12,2,0,1,1,1,1783224826
2026-07-05T04:14:05Z,114,15,7,13,3,0,1,1,1,1783224830
2026-07-05T04:14:05Z,115,9,0,16,1,0,1,1,1,1783224714
2026-07-05T04:14:05Z,116,8,1,19,0,0,1,1,1,1783224130
2026-07-05T04:14:05Z,118,13,5,6,4,0,1,1,1,1783224020
2026-07-05T04:14:05Z,119,35,10,1,2,0,1,1,1,1783224445
2026-07-05T04:14:05Z,120,22,2,3,2,0,1,1,1,1783224551
2026-07-05T04:14:05Z,121,5,0,14,0,0,1,1,1,1783224324
2026-07-05T04:14:05Z,122,9,0,10,2,0,1,1,1,1783224810
2026-07-05T04:14:05Z,123,34,0,13,0,0,1,1,1,1783221766
2026-07-05T04:14:05Z,124,21,5,6,0,0,1,1,1,1783224669
2026-07-05T04:14:05Z,125,7,3,16,0,0,1,1,1,1783224274
2026-07-05T04:14:05Z,126,12,2,19,0,0,1,1,1,1783224217
2026-07-05T04:14:05Z,127,0,0,30,0,1,0,1,1,1783001724
2026-07-05T04:14:05Z,128,11,3,7,1,0,1,1,1,1783224486
2026-07-05T04:14:05Z,129,16,2,2,1,0,1,1,1,1783224378
2026-07-05T04:14:05Z,130,17,0,0,0,0,1,1,1,1783224034
2026-07-05T04:14:05Z,131,1,0,8,2,0,1,1,1,1783222962
2026-07-05T04:14:05Z,132,4,0,10,0,1,1,1,1,1783223091
2026-07-05T04:14:05Z,133,5,1,18,0,0,1,1,1,1783224197
2026-07-05T04:14:05Z,134,4,1,18,1,0,1,1,1,1783223552
2026-07-05T04:14:05Z,135,13,1,4,2,0,1,1,1,1783224521
2026-07-05T04:14:05Z,136,20,0,2,0,0,1,1,1,1783224782
2026-07-05T04:14:05Z,137,2,1,17,0,0,1,1,1,1783224725
2026-07-05T04:14:05Z,138,27,4,10,0,0,1,1,1,1783224527
2026-07-05T04:14:05Z,139,17,5,0,2,0,1,1,1,1783224268
2026-07-05T04:14:05Z,140,13,2,9,1,0,1,1,1,1783224778
2026-07-05T04:14:05Z,141,9,0,14,2,0,1,1,1,1783224561
2026-07-05T04:14:05Z,142,0,0,19,0,0,0,1,1,1782498468
2026-07-05T04:14:05Z,143,22,1,8,1,0,1,1,1,1783224234
2026-07-05T04:14:05Z,144,18,1,9,0,0,1,1,1,1783222587
2026-07-05T04:14:05Z,145,27,1,3,1,0,1,1,1,1783224832
2026-07-05T04:14:05Z,146,16,1,7,0,0,1,1,1,1783224695
2026-07-05T04:14:05Z,147,4,1,13,2,0,1,1,1,1783224684
2026-07-05T04:14:05Z,148,8,0,18,1,0,1,1,1,1783224788
2026-07-05T04:14:05Z,149,12,3,7,0,0,1,1,1,1783224580
2026-07-05T04:14:05Z,150,13,4,20,2,0,1,1,1,1783224683
2026-07-05T04:14:05Z,151,11,2,11,1,0,1,1,1,1783224832
2026-07-05T04:14:05Z,152,16,0,10,0,0,1,1,1,1783224275
2026-07-05T04:14:05Z,153,19,1,0,4,0,1,1,1,1783224834
2026-07-05T04:14:05Z,154,8,2,10,5,0,1,1,1,1783224785
2026-07-05T04:14:05Z,155,4,3,8,2,0,1,1,1,1783224464
2026-07-05T04:14:05Z,156,2,1,15,2,0,1,1,1,1783224834
2026-07-05T04:14:05Z,157,1,0,20,0,0,1,1,1,1783224215
2026-07-05T04:14:05Z,158,3,2,14,2,0,1,1,1,1783222832
2026-07-05T04:14:05Z,159,13,7,5,1,0,1,1,1,1783224550
2026-07-05T04:14:05Z,160,2,1,15,2,0,1,1,1,1783224673
2026-07-05T04:14:05Z,161,6,0,16,1,0,1,1,1,1783224834
2026-07-05T04:14:05Z,162,9,6,17,1,0,1,1,1,1783224379
2026-07-05T04:14:05Z,163,11,1,20,0,0,1,1,1,1783224768
2026-07-05T04:14:05Z,164,14,3,13,0,0,1,1,1,1783224266
2026-07-05T04:14:05Z,165,1,1,26,3,0,1,1,1,1783223938
2026-07-05T04:14:05Z,166,12,3,24,2,0,1,1,1,1783224817
2026-07-05T04:14:05Z,167,11,7,11,1,0,1,1,1,1783224618
2026-07-05T04:14:05Z,168,10,0,15,1,1,1,1,1,1783224674
2026-07-05T04:14:05Z,169,0,0,23,0,0,1,1,1,1783222579
2026-07-05T04:14:05Z,170,0,0,17,2,0,1,1,1,1783222436
2026-07-05T04:14:05Z,171,9,4,3,1,0,1,1,1,1783224734
2026-07-05T04:14:05Z,173,6,0,29,2,0,1,1,1,1783224827
2026-07-05T04:14:05Z,174,23,1,2,0,0,1,1,1,1783224400
2026-07-05T04:14:05Z,175,21,1,10,0,0,1,1,1,1783224818
2026-07-05T04:14:05Z,176,7,3,7,0,1,1,1,1,1783224784
2026-07-05T04:14:05Z,177,14,0,12,1,0,1,1,1,1783224669
2026-07-05T04:14:05Z,178,9,0,4,2,0,1,1,1,1783224783
2026-07-05T04:14:05Z,179,9,1,3,3,0,1,1,1,1783224804
2026-07-05T04:14:05Z,180,21,0,8,1,0,1,1,1,1783222721
2026-07-05T04:14:05Z,181,7,5,2,4,1,1,1,1,1783224771
2026-07-05T04:14:05Z,182,13,1,6,0,0,1,1,1,1783223721
2026-07-05T04:14:05Z,183,11,3,12,0,0,1,1,1,1783224463
2026-07-05T04:14:05Z,184,3,1,18,2,0,1,1,1,1783224820
2026-07-05T04:14:05Z,185,1,1,11,2,1,1,1,1,1783221753
2026-07-05T04:14:05Z,186,8,0,11,0,0,1,1,1,1783224819
2026-07-05T04:14:05Z,187,26,0,2,1,0,1,1,1,1783224750
2026-07-05T04:14:05Z,188,4,1,17,2,4,1,1,1,1783224698
2026-07-05T04:14:05Z,189,7,3,8,0,0,1,1,1,1783224487
2026-07-05T04:14:05Z,190,1,0,22,0,0,1,1,1,1783224802
2026-07-05T04:14:05Z,191,7,2,30,2,0,1,1,1,1783224642
2026-07-05T04:14:05Z,192,10,3,21,0,0,1,1,1,1783224828
2026-07-05T04:14:05Z,193,6,5,8,1,0,1,1,1,1783224602
2026-07-05T04:14:05Z,194,2,0,13,0,0,1,1,1,1783224106
2026-07-05T04:14:05Z,195,3,2,16,0,0,1,1,1,1783224143
2026-07-05T04:14:05Z,196,12,2,15,0,0,1,1,1,1783224686
2026-07-05T04:14:05Z,197,6,2,12,0,1,1,1,1,1783224594
2026-07-05T04:14:05Z,198,3,1,20,0,0,1,1,1,1783224807
2026-07-05T04:14:05Z,199,1,0,12,2,0,1,1,1,1783224819
2026-07-05T04:14:05Z,200,3,0,23,0,0,1,1,1,1783224706
2026-07-05T04:14:05Z,201,15,1,8,0,0,1,1,1,1783222677
2026-07-05T04:14:05Z,202,0,0,21,0,0,0,1,1,1783093344
2026-07-05T04:14:05Z,203,18,0,13,0,0,1,1,1,1783223363
2026-07-05T04:14:05Z,204,24,2,10,1,0,1,1,1,1783224734
2026-07-05T04:14:05Z,205,19,2,8,0,0,1,1,1,1783223954
2026-07-05T04:14:05Z,206,2,0,12,1,0,1,1,1,1783223406
2026-07-05T04:14:05Z,207,0,0,20,1,0,1,1,1,1783223774
2026-07-05T04:14:05Z,208,0,0,29,0,0,1,1,1,1783223469
2026-07-05T04:14:05Z,209,11,0,19,1,0,1,1,1,1783224833
2026-07-05T04:14:05Z,210,13,10,14,0,0,1,1,1,1783224679
2026-07-05T04:14:05Z,211,12,3,11,0,0,1,1,1,1783223972
2026-07-05T04:14:05Z,212,21,0,14,0,0,1,1,1,1783224795
2026-07-05T04:14:05Z,213,21,2,1,1,0,1,1,1,1783224820
2026-07-05T04:14:05Z,214,21,5,23,3,0,1,1,1,1783224263
2026-07-05T04:14:05Z,215,5,0,18,0,0,1,1,1,1783224830
2026-07-05T04:14:05Z,216,16,0,1,2,0,1,1,1,1783224826
2026-07-05T04:14:05Z,217,13,0,15,1,0,1,1,1,1783224243
2026-07-05T04:14:05Z,218,22,7,11,6,0,1,1,1,1783224406
2026-07-05T04:14:05Z,219,0,0,26,0,0,0,1,1,1783102715
2026-07-05T04:14:05Z,220,19,19,24,0,0,1,1,1,1783224706
2026-07-05T04:14:05Z,221,11,11,3,0,0,1,1,1,1783224647
2026-07-05T04:14:05Z,222,3,2,16,0,0,1,1,1,1783224834
2026-07-05T04:14:05Z,223,10,5,21,4,0,1,1,1,1783224527
2026-07-05T04:14:05Z,224,20,3,2,0,0,1,1,1,1783224505
2026-07-05T04:14:05Z,225,7,1,8,4,0,1,1,1,1783218949
2026-07-05T04:14:05Z,226,4,4,26,1,0,1,1,1,1783223703
2026-07-05T04:14:05Z,227,5,3,22,0,0,1,1,1,1783224736
2026-07-05T04:14:05Z,228,12,5,6,1,0,1,1,1,1783224613
2026-07-05T04:14:05Z,230,6,2,17,0,0,1,1,1,1783224360
2026-07-05T04:14:05Z,232,3,1,15,1,0,1,1,1,1783224586
2026-07-05T04:14:05Z,233,28,8,2,1,0,1,1,1,1783224331
2026-07-05T04:14:05Z,234,9,2,6,3,1,1,1,1,1783223093
2026-07-05T04:14:05Z,236,17,7,0,2,0,1,1,1,1783223826
2026-07-05T04:14:05Z,237,9,2,14,0,0,1,1,1,1783223634
2026-07-05T04:14:05Z,239,2,2,24,1,0,1,1,1,1783224785
2026-07-05T04:14:05Z,241,10,5,13,0,0,1,1,1,1783224558
2026-07-05T04:14:05Z,242,1,1,22,0,0,1,1,1,1783224807
2026-07-05T04:14:05Z,243,12,3,18,1,0,1,1,1,1783224532
2026-07-05T04:14:05Z,244,22,6,5,0,0,1,1,1,1783224826
2026-07-05T04:14:05Z,245,10,0,13,0,0,1,1,1,1783224321
2026-07-05T04:14:05Z,246,3,1,20,0,0,1,1,1,1783224745
2026-07-05T04:14:05Z,247,6,4,17,0,0,1,1,1,1783223455
2026-07-05T04:14:05Z,248,0,0,19,4,0,1,1,1,1783224093
2026-07-05T04:14:05Z,249,3,2,15,1,0,1,1,1,1783224765
2026-07-05T04:14:05Z,250,3,1,23,1,0,1,1,1,1783224346
2026-07-05T04:14:05Z,251,1,1,24,2,0,1,1,1,1783224335
2026-07-05T04:14:05Z,253,2,0,17,0,0,1,1,1,1783224597
2026-07-05T04:14:05Z,254,24,0,15,4,0,1,1,1,1783224822
2026-07-05T04:14:05Z,255,15,0,8,0,0,1,1,1,1783224617
2026-07-05T04:14:05Z,256,8,3,15,0,0,1,1,1,1783224236
2026-07-05T04:14:05Z,257,12,2,6,1,0,1,1,1,1783224093
2026-07-05T04:14:05Z,258,1,0,16,2,0,1,1,1,1783223648
2026-07-05T04:14:05Z,259,16,1,6,1,0,1,1,1,1783223509
2026-07-05T04:14:05Z,260,6,2,13,0,0,1,1,1,1783224437
2026-07-05T04:14:05Z,261,17,2,0,2,0,1,1,1,1783222498
2026-07-05T04:14:05Z,262,9,4,13,1,0,1,1,1,1783224602
2026-07-05T04:14:05Z,263,5,2,10,0,0,1,1,1,1783224494
2026-07-05T04:14:05Z,264,11,7,8,0,0,1,1,1,1783222827
2026-07-05T04:14:05Z,265,15,0,0,0,0,1,1,1,1783224638
2026-07-05T04:14:05Z,266,9,0,9,1,0,1,1,1,1783224578
2026-07-05T04:14:05Z,267,4,0,11,0,0,1,1,1,1783205904
2026-07-05T04:14:05Z,268,1,0,19,3,0,1,1,1,1783224370
2026-07-05T04:14:05Z,269,3,0,20,0,0,1,1,1,1783222107
2026-07-05T04:14:05Z,270,0,0,27,0,0,1,1,1,1783223688
2026-07-05T04:14:05Z,271,1,1,16,2,0,1,1,1,1783224813
2026-07-05T04:14:05Z,272,21,4,2,0,0,1,1,1,1783223828
2026-07-05T04:14:05Z,273,11,8,4,0,0,1,1,1,1783224207
2026-07-05T04:14:05Z,274,6,3,12,1,0,1,1,1,1783224444
2026-07-05T04:14:05Z,275,19,1,3,1,0,1,1,1,1783224759
2026-07-05T04:14:05Z,276,6,3,20,0,1,1,1,1,1783224283
2026-07-05T04:14:05Z,277,2,1,19,2,0,1,1,1,1783224694
2026-07-05T04:14:05Z,278,8,5,21,1,1,1,1,1,1783224218
2026-07-05T04:14:05Z,279,1,0,18,0,0,1,1,1,1783224815
2026-07-05T04:14:05Z,280,10,0,17,4,0,1,1,1,1783224682
2026-07-05T04:14:05Z,281,1,0,22,0,0,1,1,1,1783224716
2026-07-05T04:14:05Z,282,11,0,5,0,0,1,1,1,1783223608
2026-07-05T04:14:05Z,283,10,2,23,2,0,1,1,1,1783224525
2026-07-05T04:14:05Z,284,7,6,27,1,0,1,1,1,1783224366
2026-07-05T04:14:05Z,285,1,0,22,0,0,1,1,1,1783224730
2026-07-05T04:14:05Z,286,5,2,17,1,0,1,1,1,1783223406
2026-07-05T04:14:05Z,287,13,9,7,3,0,1,1,1,1783223498
2026-07-05T04:14:05Z,288,6,2,11,2,0,1,1,1,1783224311
2026-07-05T04:14:05Z,289,25,1,1,1,0,1,1,1,1783224830
2026-07-05T04:14:05Z,290,32,0,4,3,0,1,1,1,1783224713
2026-07-05T04:14:05Z,291,7,0,16,0,0,1,1,1,1783223870
2026-07-05T04:14:05Z,292,2,0,21,0,0,1,1,1,1783224123
2026-07-05T04:14:05Z,293,1,0,21,1,0,1,1,1,1783224407
2026-07-05T04:14:05Z,294,7,2,14,1,0,1,1,1,1783224829
2026-07-05T04:14:05Z,297,2,0,16,1,0,1,1,1,1783224624
2026-07-05T04:14:05Z,301,9,1,9,1,0,1,1,1,1783224445
2026-07-05T04:14:05Z,302,0,0,22,2,0,1,1,1,1783224442
2026-07-05T04:14:05Z,303,8,1,10,1,0,1,1,1,1783224688
2026-07-05T04:14:05Z,304,0,0,0,0,0,0,1,1,86400
2026-07-05T04:14:05Z,305,1,1,18,0,0,1,1,1,1783220958
2026-07-05T04:14:05Z,306,3,2,27,2,0,1,1,1,1783219806
2026-07-05T04:14:05Z,307,2,1,19,2,0,1,1,1,1783224344
2026-07-05T04:14:05Z,308,16,1,1,2,0,1,1,1,1783224731
2026-07-05T04:14:05Z,309,3,2,0,6,0,1,1,1,1783224821
2026-07-05T04:14:05Z,311,11,1,4,0,0,1,1,1,1783224507
2026-07-05T04:14:05Z,312,6,0,12,4,1,1,1,1,1783224295
2026-07-05T04:14:05Z,313,15,0,0,0,0,1,1,1,1783222784
2026-07-05T04:14:05Z,314,7,1,10,2,0,1,1,1,1783224818
2026-07-05T04:14:05Z,315,0,0,31,0,0,0,1,1,1783017696
2026-07-05T04:14:05Z,316,9,1,4,2,0,1,1,1,1783224580
2026-07-05T04:14:05Z,317,3,3,23,5,0,1,1,1,1783224302
2026-07-05T04:14:05Z,318,12,1,5,0,0,1,1,1,1783223689
2026-07-05T04:14:05Z,319,14,0,11,2,0,1,1,1,1783224324
2026-07-05T04:14:05Z,320,11,0,7,1,0,1,1,1,1783222619
2026-07-05T04:14:05Z,321,17,2,0,2,0,1,1,1,1783220081
2026-07-05T04:14:05Z,322,8,2,21,0,0,1,1,1,1783222625
2026-07-05T04:14:05Z,323,8,0,11,0,0,1,1,1,1783224694
2026-07-05T04:14:05Z,324,19,4,7,1,0,1,1,1,1783224657
2026-07-05T04:14:05Z,325,5,0,20,2,0,1,1,1,1783224678
2026-07-05T04:14:05Z,327,12,3,13,0,2,1,1,1,1783224361
2026-07-05T04:14:05Z,328,7,1,15,0,1,1,1,1,1783224666
2026-07-05T04:14:05Z,329,11,0,8,0,0,1,1,1,1783223995
2026-07-05T04:14:05Z,330,3,1,19,0,0,1,1,1,1783224591
2026-07-05T04:14:05Z,331,14,0,9,0,0,1,1,1,1783224619
2026-07-05T04:14:05Z,332,4,1,15,0,0,1,1,1,1783223850
2026-07-05T04:14:05Z,333,5,1,18,0,0,1,1,1,1783224693
2026-07-05T04:14:05Z,334,6,1,17,0,0,1,1,1,1783224274
2026-07-05T04:14:05Z,335,1,1,20,1,1,1,1,1,1783223676
2026-07-05T04:14:05Z,336,5,2,14,0,0,1,1,1,1783224352
2026-07-05T04:14:05Z,337,12,3,8,3,0,1,1,1,1783224783
2026-07-05T04:14:05Z,338,8,2,11,0,0,1,1,1,1783224029
2026-07-05T04:14:05Z,339,0,0,22,1,0,1,1,1,1783224020
2026-07-05T04:14:05Z,340,9,6,5,1,0,1,1,1,1783224692
2026-07-05T04:14:05Z,341,6,5,12,1,0,1,1,1,1783224412
2026-07-05T04:14:05Z,342,12,4,2,1,0,1,1,1,1783224700
2026-07-05T04:14:05Z,343,10,5,12,1,0,1,1,1,1783224090
2026-07-05T04:14:05Z,344,4,1,18,1,0,1,1,1,1783224680
2026-07-05T04:14:05Z,345,13,1,5,1,0,1,1,1,1783224372
2026-07-05T04:14:05Z,346,22,1,1,0,0,1,1,1,1783223472
2026-07-05T04:14:05Z,347,1,0,46,0,0,1,1,1,1783224818
2026-07-05T04:14:05Z,348,22,2,1,0,0,1,1,1,1783224183
2026-07-05T04:14:05Z,349,3,1,14,2,0,1,1,1,1783224803
2026-07-05T04:14:05Z,350,16,2,10,0,1,1,1,1,1783224639
2026-07-05T04:14:05Z,351,1,0,20,2,0,1,1,1,1783224543
2026-07-05T04:14:05Z,355,3,1,19,1,0,1,1,1,1783224536
2026-07-05T04:14:05Z,356,13,0,5,1,0,1,1,1,1783224371
2026-07-05T04:14:05Z,357,11,5,8,0,0,1,1,1,1783224394
2026-07-05T04:14:05Z,359,15,1,10,2,0,1,1,1,1783223503
2026-07-05T04:14:05Z,360,6,1,13,0,0,1,1,1,1783223287
2026-07-05T04:14:05Z,362,13,8,3,3,0,1,1,1,1783222952
2026-07-05T04:14:05Z,363,1,0,26,0,0,1,1,1,1783224450
2026-07-05T04:14:05Z,364,4,2,13,1,1,1,1,1,1783224834
2026-07-05T04:14:05Z,365,13,10,9,1,0,1,1,1,1783224710
2026-07-05T04:14:05Z,366,15,2,6,2,0,1,1,1,1783224783
2026-07-05T04:14:05Z,367,12,3,6,1,0,1,1,1,1783223159
2026-07-05T04:14:05Z,368,22,1,1,0,0,1,1,1,1783224286
2026-07-05T04:14:05Z,370,1,0,12,4,0,1,1,1,1783223359
2026-07-05T04:14:05Z,371,4,0,14,1,0,1,1,1,1783223169
2026-07-05T04:14:05Z,372,13,0,2,0,0,1,1,1,1783224651
2026-07-05T04:14:05Z,373,24,6,2,0,0,1,1,1,1783216971
2026-07-05T04:14:05Z,374,12,2,5,0,0,1,1,1,1783224701
2026-07-05T04:14:05Z,375,13,4,13,1,0,1,1,1,1783224292
2026-07-05T04:14:05Z,376,15,4,24,0,0,1,1,1,1783224286
2026-07-05T04:14:05Z,377,13,2,11,3,0,1,1,1,1783224741
2026-07-05T04:14:05Z,378,15,5,7,2,0,1,1,1,1783224689
2026-07-05T04:14:05Z,379,10,1,17,0,0,1,1,1,1783224554
2026-07-05T04:14:05Z,380,10,2,12,1,0,1,1,1,1783224416
2026-07-05T04:14:05Z,381,21,1,2,0,0,1,1,1,1783224131
2026-07-05T04:14:05Z,383,14,2,1,0,0,1,1,1,1783224082
2026-07-05T04:14:05Z,384,4,1,14,1,0,1,1,1,1783224786
2026-07-05T04:14:05Z,385,11,0,7,0,0,1,1,1,1783224414
2026-07-05T04:14:05Z,387,21,3,2,0,0,1,1,1,1783224387
2026-07-05T04:14:05Z,388,14,0,31,4,0,1,1,1,1783224588
2026-07-05T04:14:05Z,389,0,0,14,1,0,1,1,1,1783224811
2026-07-05T04:14:05Z,390,16,2,11,0,0,1,1,1,1783224760
2026-07-05T04:14:05Z,391,10,7,4,1,0,1,1,1,1783223657
2026-07-05T04:14:05Z,392,7,6,12,0,0,1,1,1,1783220392
2026-07-05T04:14:05Z,393,1,1,8,2,0,1,1,1,1783221246
2026-07-05T04:14:05Z,394,6,2,8,0,1,1,1,1,1783222485
2026-07-05T04:14:05Z,396,6,1,33,3,0,1,1,1,1783223148
2026-07-05T04:14:05Z,397,3,2,27,1,0,1,1,1,1783222300
2026-07-05T04:14:05Z,399,15,0,1,1,0,1,1,1,1783224811
2026-07-05T04:14:05Z,400,4,1,16,3,0,1,1,1,1783224412
2026-07-05T04:14:05Z,401,1,1,28,2,0,1,1,1,1783224649
2026-07-05T04:14:05Z,403,17,9,11,3,0,1,1,1,1783224802
2026-07-05T04:14:05Z,404,0,0,20,3,0,1,1,1,1783224798
2026-07-05T04:14:05Z,406,3,0,28,4,0,1,1,1,1783224031
2026-07-05T04:14:05Z,407,3,0,31,0,0,1,1,1,1783224579
2026-07-05T04:14:05Z,408,8,3,24,1,0,1,1,1,1783223906
2026-07-05T04:14:05Z,409,0,0,22,1,0,1,1,1,1783218138
2026-07-05T04:14:05Z,413,11,3,10,2,0,1,1,1,1783223407
2026-07-05T04:14:05Z,414,11,2,4,0,0,1,1,1,1783224785
2026-07-05T04:14:05Z,417,18,5,1,0,0,1,1,1,1783224511
2026-07-05T04:14:05Z,418,5,2,10,0,0,1,1,1,1783223261
2026-07-05T04:14:05Z,419,20,3,1,2,0,1,1,1,1783224386
2026-07-05T04:14:05Z,421,16,1,3,0,0,1,1,1,1783223971
2026-07-05T04:14:05Z,422,7,3,20,0,0,1,1,1,1783223720
2026-07-05T04:14:05Z,423,11,3,12,0,0,1,1,1,1783224028
2026-07-05T04:14:05Z,424,0,0,14,1,0,1,1,1,1783224202
2026-07-05T04:14:05Z,425,15,0,7,0,0,1,1,1,1783224595
2026-07-05T04:14:05Z,426,2,0,33,2,0,1,1,1,1783224803
2026-07-05T04:14:05Z,427,8,1,6,0,1,1,1,1,1783224723
2026-07-05T04:14:05Z,428,17,0,2,0,0,1,1,1,1783223166
2026-07-05T04:14:05Z,429,19,6,1,3,0,1,1,1,1783223714
2026-07-05T04:14:05Z,430,27,1,1,3,0,1,1,1,1783224812
2026-07-05T04:14:05Z,431,22,1,7,2,2,1,1,1,1783223487
2026-07-05T04:14:05Z,432,0,0,30,1,0,1,1,1,1783224435
2026-07-05T04:14:05Z,433,21,3,0,2,0,1,1,1,1783222855
2026-07-05T04:14:05Z,437,6,2,11,2,0,1,1,1,1783224807
2026-07-05T04:14:05Z,438,6,1,12,1,0,1,1,1,1783216671
2026-07-05T04:14:05Z,439,9,2,6,0,0,1,1,1,1783224240
2026-07-05T04:14:05Z,440,12,0,2,1,0,1,1,1,1783223972
2026-07-05T04:14:05Z,441,4,2,11,0,0,1,1,1,1783224743
2026-07-05T04:14:05Z,442,8,2,10,1,0,1,1,1,1783222875
2026-07-05T04:14:05Z,443,8,0,19,0,0,1,1,1,1783195674
2026-07-05T04:14:05Z,444,9,5,14,0,0,1,1,1,1783219201
2026-07-05T04:14:05Z,445,11,6,11,1,0,1,1,1,1783219197
2026-07-05T04:14:05Z,446,5,0,17,0,1,1,1,1,1783223305
2026-07-05T04:14:05Z,447,5,0,16,2,0,1,1,1,1783214647
2026-07-05T04:14:05Z,448,12,2,0,2,1,1,1,1,1783224276
2026-07-05T04:14:05Z,452,11,2,7,1,0,1,1,1,1783224010
2026-07-05T04:14:05Z,453,4,2,9,2,0,1,1,1,1783224774
2026-07-05T04:14:05Z,454,6,1,11,1,1,1,1,1,1783224489
2026-07-05T04:14:05Z,455,0,0,39,0,0,0,1,1,1782992996
2026-07-05T04:14:05Z,456,13,1,6,4,0,1,1,1,1783224831
2026-07-05T04:14:05Z,457,13,0,13,1,0,1,1,1,1783224828
2026-07-05T04:14:05Z,458,5,0,16,2,0,1,1,1,1783223936
2026-07-05T04:14:05Z,459,15,6,0,0,0,1,1,1,1783224425
2026-07-05T04:14:05Z,460,10,2,13,0,0,1,1,1,1783224613
2026-07-05T04:14:05Z,461,8,0,8,3,0,1,1,1,1783223447
2026-07-05T04:14:05Z,462,12,0,9,0,0,1,1,1,1783224552
2026-07-05T04:14:05Z,463,11,1,7,1,0,1,1,1,1783224311
2026-07-05T04:14:05Z,464,3,0,10,1,0,1,1,1,1783224583
2026-07-05T04:14:05Z,465,2,0,13,0,0,1,1,1,1783223540
2026-07-05T04:14:05Z,466,15,5,0,0,0,1,1,1,1783222933
2026-07-05T04:14:05Z,467,4,1,11,0,0,1,1,1,1783223173
2026-07-05T04:14:05Z,468,2,2,17,0,0,1,1,1,1783215781
2026-07-05T04:14:05Z,469,1,0,20,1,1,1,1,1,1783224018
2026-07-05T04:14:05Z,470,14,0,1,0,0,1,1,1,1783223111
2026-07-05T04:14:05Z,471,16,1,10,1,0,1,1,1,1783224774
2026-07-05T04:14:05Z,472,11,3,6,2,0,1,1,1,1783223130
2026-07-05T04:14:05Z,473,2,2,16,1,0,1,1,1,1783223967
2026-07-05T04:14:05Z,474,13,0,5,1,0,1,1,1,1783223996
2026-07-05T04:14:05Z,475,5,1,14,0,0,1,1,1,1783224061
2026-07-05T04:14:05Z,476,8,3,12,3,0,1,1,1,1783224780
2026-07-05T04:14:05Z,477,10,2,4,1,0,1,1,1,1783224292
2026-07-05T04:14:05Z,478,0,0,28,3,0,1,1,1,1783224458
2026-07-05T04:14:05Z,479,12,0,11,3,1,1,1,1,1783224800
2026-07-05T04:14:05Z,480,13,1,1,1,0,1,1,1,1783224723
2026-07-05T04:14:05Z,481,27,0,8,0,0,1,1,1,1783224522
2026-07-05T04:14:05Z,482,7,5,11,1,0,1,1,1,1783223759
2026-07-05T04:14:05Z,483,14,0,12,0,1,1,1,1,1783224073
2026-07-05T04:14:05Z,484,3,0,16,0,0,1,1,1,1783223797
2026-07-05T04:14:05Z,485,17,3,1,0,1,1,1,1,1783224609
2026-07-05T04:14:05Z,486,11,0,15,1,0,1,1,1,1783224321
2026-07-05T04:14:05Z,487,5,4,12,2,0,1,1,1,1783224816
2026-07-05T04:14:05Z,489,2,2,13,0,0,1,1,1,1783224791
2026-07-05T04:14:05Z,490,11,8,3,2,0,1,1,1,1783223679
2026-07-05T04:14:05Z,491,17,3,2,2,0,1,1,1,1783223692
2026-07-05T04:14:05Z,492,4,3,2,5,0,1,1,1,1783223455
2026-07-05T04:14:05Z,493,5,0,22,0,0,1,1,1,1783223467
2026-07-05T04:14:05Z,495,12,1,1,2,0,1,1,1,1783224706
2026-07-05T04:14:05Z,496,6,0,20,1,0,1,1,1,1783224117
2026-07-05T04:14:05Z,497,19,2,0,0,0,1,1,1,1783222880
2026-07-05T04:14:05Z,498,20,5,3,0,0,1,1,1,1783224701
2026-07-05T04:14:05Z,499,10,1,6,3,0,1,1,1,1783223503
2026-07-05T04:14:05Z,500,8,2,6,1,0,1,1,1,1783221802
2026-07-05T04:14:05Z,501,6,1,14,1,0,1,1,1,1783224390
2026-07-05T04:14:05Z,502,4,0,15,0,0,1,1,1,1783221629
2026-07-05T04:14:05Z,503,18,1,13,0,0,1,1,1,1783224768
2026-07-05T04:14:05Z,504,1,0,38,0,0,1,1,1,1783224712
2026-07-05T04:14:05Z,505,2,0,15,1,0,1,1,1,1783224829
2026-07-05T04:14:05Z,511,10,1,13,0,0,1,1,1,1783224446
2026-07-05T04:14:05Z,512,11,0,8,0,0,1,1,1,1783221801
2026-07-05T04:14:05Z,514,8,3,2,1,0,1,1,1,1783224646
2026-07-05T04:14:05Z,515,11,0,8,0,0,1,1,1,1783222219
2026-07-05T04:14:05Z,516,23,0,4,0,0,1,1,1,1783224815
2026-07-05T04:14:05Z,517,16,7,7,0,0,1,1,1,1783223624
2026-07-05T04:14:05Z,518,6,2,9,0,0,1,1,1,1783223034
2026-07-05T04:14:05Z,519,16,0,3,0,0,1,1,1,1783222896
2026-07-05T04:14:05Z,520,4,1,21,2,0,1,1,1,1783224455
2026-07-05T04:14:05Z,521,5,0,18,0,0,1,1,1,1783223377
2026-07-05T04:14:05Z,522,12,0,11,0,0,1,1,1,1783224219
2026-07-05T04:14:05Z,523,6,1,16,1,0,1,1,1,1783223586
2026-07-05T04:14:05Z,524,11,0,10,2,0,1,1,1,1783224828
2026-07-05T04:14:05Z,525,12,0,7,0,0,1,1,1,1783223595
2026-07-05T04:14:05Z,526,10,4,4,1,0,1,1,1,1783224573
2026-07-05T04:14:05Z,527,2,2,22,2,0,1,1,1,1783224689
2026-07-05T04:14:05Z,528,11,3,11,1,0,1,1,1,1783224279
2026-07-05T04:14:05Z,529,7,3,11,1,0,1,1,1,1783224254
2026-07-05T04:14:05Z,530,11,2,9,1,0,1,1,1,1783224587
2026-07-05T04:14:05Z,531,18,1,4,0,1,1,1,1,1783223876
2026-07-05T04:14:05Z,532,5,1,25,1,0,1,1,1,1783224495
2026-07-05T04:14:05Z,533,10,0,8,1,0,1,1,1,1783224816
2026-07-05T04:14:05Z,534,6,3,15,2,0,1,1,1,1783224798
2026-07-05T04:14:05Z,535,3,1,11,1,0,1,1,1,1783224246
2026-07-05T04:14:05Z,536,19,0,3,1,0,1,1,1,1783224698
2026-07-05T04:14:05Z,537,1,0,19,1,0,1,1,1,1783223600
2026-07-05T04:14:05Z,538,14,4,4,1,0,1,1,1,1783224562
2026-07-05T04:14:05Z,539,11,2,17,3,0,1,1,1,1783224644
2026-07-05T04:14:05Z,540,10,4,9,0,0,1,1,1,1783224803
2026-07-05T04:14:05Z,541,18,1,8,1,0,1,1,1,1783223961
2026-07-05T04:14:05Z,542,4,1,19,0,0,1,1,1,1783224832
2026-07-05T04:14:05Z,543,14,2,2,3,0,1,1,1,1783224386
2026-07-05T04:14:05Z,544,15,2,6,2,0,1,1,1,1783224745
2026-07-05T04:14:05Z,545,18,0,1,0,0,1,1,1,1783224708
2026-07-05T04:14:05Z,546,2,1,17,0,0,1,1,1,1783224158
2026-07-05T04:14:05Z,547,11,2,11,1,0,1,1,1,1783224623
2026-07-05T04:14:05Z,548,0,0,22,1,0,1,1,1,1783224749
2026-07-05T04:14:05Z,549,21,2,0,0,0,1,1,1,1783222686
2026-07-05T04:14:05Z,550,1,1,18,0,0,1,1,1,1783223023
2026-07-05T04:14:05Z,551,19,6,3,1,0,1,1,1,1783218704
2026-07-05T04:14:05Z,552,17,0,10,0,0,1,1,1,1783223629
2026-07-05T04:14:05Z,553,13,1,10,0,0,1,1,1,1783223642
2026-07-05T04:14:05Z,554,3,1,16,0,0,1,1,1,1783223157
2026-07-05T04:14:05Z,555,9,3,5,1,0,1,1,1,1783224763
2026-07-05T04:14:05Z,556,6,2,15,2,0,1,1,1,1783224558
2026-07-05T04:14:05Z,557,0,0,23,0,0,0,1,1,1781719859
2026-07-05T04:14:05Z,558,8,1,28,1,0,1,1,1,1783224653
2026-07-05T04:14:05Z,559,12,0,6,1,0,1,1,1,1783210010
2026-07-05T04:14:05Z,560,25,0,1,1,0,1,1,1,1783223899
2026-07-05T04:14:05Z,561,11,2,11,1,0,1,1,1,1783223362
2026-07-05T04:14:05Z,562,1,1,33,1,0,1,1,1,1783224754
2026-07-05T04:14:05Z,563,13,0,1,0,0,1,1,1,1783218114
2026-07-05T04:14:05Z,564,13,1,5,1,0,1,1,1,1783224561
2026-07-05T04:14:05Z,565,8,1,11,0,0,1,1,1,1783222009
2026-07-05T04:14:05Z,566,3,0,15,1,0,1,1,1,1783224419
2026-07-05T04:14:05Z,567,23,2,3,1,0,1,1,1,1783224622
2026-07-05T04:14:05Z,568,1,0,18,0,0,1,1,1,1783223823
2026-07-05T04:14:05Z,569,14,1,5,0,0,1,1,1,1783223614
2026-07-05T04:14:05Z,570,9,0,10,0,0,1,1,1,1783224242
2026-07-05T04:14:05Z,571,10,2,13,0,0,1,1,1,1783224538
2026-07-05T04:14:05Z,572,13,0,6,0,0,1,1,1,1783223150
2026-07-05T04:14:05Z,573,15,1,0,0,0,1,1,1,1783219057
2026-07-05T04:14:05Z,574,4,3,11,0,0,1,1,1,1783224464
2026-07-05T04:14:05Z,575,13,0,8,0,0,1,1,1,1783224815
2026-07-05T04:14:05Z,576,0,0,19,0,0,1,1,1,1783220503
2026-07-05T04:14:05Z,577,23,1,8,0,0,1,1,1,1783224723
2026-07-05T04:14:05Z,578,3,1,20,0,0,1,1,1,1783223597
2026-07-05T04:14:05Z,579,20,0,23,0,0,1,1,1,1783224612
2026-07-05T04:14:05Z,580,18,1,12,1,0,1,1,1,1783224728
2026-07-05T04:14:05Z,581,4,0,13,2,0,1,1,1,1783224833
2026-07-05T04:14:05Z,582,13,0,43,5,0,1,1,1,1783224761
2026-07-05T04:14:05Z,583,23,0,0,0,0,1,1,1,1783218887
2026-07-05T04:14:05Z,584,2,1,13,4,0,1,1,1,1783223357
2026-07-05T04:14:05Z,585,7,0,19,0,0,1,1,1,1783224559
2026-07-05T04:14:05Z,586,29,2,5,1,0,1,1,1,1783224776
2026-07-05T04:14:05Z,587,20,0,4,1,0,1,1,1,1783224418
2026-07-05T04:14:05Z,588,18,3,1,0,0,1,1,1,1783222777
2026-07-05T04:14:05Z,589,9,6,14,0,0,1,1,1,1783224791
2026-07-05T04:14:05Z,590,4,0,27,0,0,1,1,1,1783224233
2026-07-05T04:14:05Z,591,18,4,2,2,0,1,1,1,1783224803
2026-07-05T04:14:05Z,592,3,0,20,0,0,1,1,1,1783224570
2026-07-05T04:14:05Z,593,34,6,5,0,0,1,1,1,1783223140
2026-07-05T04:14:05Z,594,5,1,15,1,0,1,1,1,1783224352
2026-07-05T04:14:05Z,595,0,0,3,0,0,0,1,1,1779985765
2026-07-05T04:14:05Z,605,0,0,3,0,0,0,1,1,1780413752
2026-07-05T04:14:05Z,606,0,0,0,0,0,0,1,1,86400
2026-07-05T04:14:05Z,607,20,0,13,0,0,1,1,1,1783224814
2026-07-05T04:14:05Z,608,27,1,27,0,0,1,1,1,1783224788
2026-07-05T04:14:05Z,609,3,1,20,0,0,1,1,1,1783224646
2026-07-05T04:14:05Z,610,0,0,35,0,0,1,1,1,1783224299
2026-07-05T04:14:05Z,611,0,0,27,0,0,1,1,1,1783224605
2026-07-05T04:14:05Z,612,4,1,11,0,0,1,1,1,1783213691
2026-07-05T04:14:05Z,613,7,2,8,0,0,1,1,1,1783216692
2026-07-05T04:14:05Z,614,0,0,25,1,1,1,1,1,1783223535
2026-07-05T04:14:05Z,617,5,1,8,2,0,1,1,1,1783223832
2026-07-05T04:14:05Z,618,10,4,8,1,0,1,1,1,1783224779
2026-07-05T04:14:05Z,619,8,1,10,1,0,1,1,1,1783224328
2026-07-05T04:14:05Z,620,7,0,16,0,0,1,1,1,1783224593
2026-07-05T04:14:05Z,621,6,2,17,0,0,1,1,1,1783224492
2026-07-05T04:14:05Z,622,10,3,10,2,1,1,1,1,1783224663
2026-07-05T04:14:05Z,623,23,3,3,3,1,1,1,1,1783224783
2026-07-05T04:14:05Z,624,4,2,8,2,1,1,1,1,1783221723
2026-07-05T04:14:05Z,625,13,3,8,0,0,1,1,1,1783224701
2026-07-05T04:14:05Z,626,29,0,14,1,2,1,1,1,1783224502
2026-07-05T04:14:05Z,627,9,9,9,1,0,1,1,1,1783224689
2026-07-05T04:14:05Z,628,6,5,11,1,1,1,1,1,1783223616
2026-07-05T04:14:05Z,629,8,2,2,1,0,1,1,1,1783223641
2026-07-05T04:14:05Z,630,13,0,11,3,0,1,1,1,1783217714
2026-07-05T04:14:05Z,631,12,1,11,0,0,1,1,1,1783223113
2026-07-05T04:14:05Z,632,10,2,9,3,0,1,1,1,1783220983
2026-07-05T04:14:05Z,633,8,0,5,1,1,1,1,1,1783200473
2026-07-05T04:14:05Z,634,5,0,13,1,0,1,1,1,1783218053
2026-07-05T04:14:05Z,635,18,0,0,1,0,1,1,1,1783224568
2026-07-05T04:14:05Z,636,7,0,8,0,0,1,1,1,1783213292
2026-07-05T04:14:05Z,637,4,2,14,1,0,1,1,1,1783204406
2026-07-05T04:14:05Z,638,10,5,7,2,0,1,1,1,1783224734
2026-07-05T04:14:05Z,639,0,0,0,3,16,0,1,1,1782287204
2026-07-05T04:14:05Z,640,5,0,18,0,0,1,1,1,1783224096
2026-07-05T04:14:05Z,641,5,0,21,1,0,1,1,1,1783224548
2026-07-05T04:14:05Z,642,3,0,11,5,0,1,1,1,1783224833
2026-07-05T04:14:05Z,643,8,3,19,0,0,1,1,1,1783224591
2026-07-05T04:14:05Z,644,0,0,9,5,1,1,1,1,1783224667
2026-07-05T04:14:05Z,645,12,0,9,1,1,1,1,1,1783222616
2026-07-05T04:14:05Z,646,9,0,9,1,0,1,1,1,1783224087
2026-07-05T04:14:05Z,647,24,2,7,0,0,1,1,1,1783224367
2026-07-05T04:14:05Z,648,12,3,6,1,0,1,1,1,1783220865
2026-07-05T04:14:05Z,649,20,2,11,0,0,1,1,1,1783224739
2026-07-05T04:14:05Z,650,10,2,5,1,0,1,1,1,1783224726
2026-07-05T04:14:05Z,651,1,0,21,1,0,1,1,1,1783223872
2026-07-05T04:14:05Z,652,19,2,1,3,0,1,1,1,1783224547
2026-07-05T04:14:05Z,653,15,2,0,4,0,1,1,1,1783224536
2026-07-05T04:14:05Z,654,5,1,10,0,0,1,1,1,1783223918
2026-07-05T04:14:05Z,655,2,0,11,2,0,1,1,1,1783224801
2026-07-05T04:14:05Z,656,16,6,3,0,0,1,1,1,1783224429
2026-07-05T04:14:05Z,657,10,1,3,4,0,1,1,1,1783224819
2026-07-05T04:14:05Z,658,10,1,9,3,1,1,1,1,1783224631
2026-07-05T04:14:05Z,659,1,1,14,0,0,1,1,1,1783223255
2026-07-05T04:14:05Z,660,21,3,8,2,0,1,1,1,1783224561
2026-07-05T04:14:05Z,661,3,0,15,1,0,1,1,1,1783223899
2026-07-05T04:14:05Z,662,0,0,19,4,0,1,1,1,1783224732
2026-07-05T04:14:05Z,663,12,1,2,0,0,1,1,1,1783223537
2026-07-05T04:14:05Z,664,0,0,27,0,0,1,1,1,1783207560
2026-07-05T04:14:05Z,665,3,1,11,1,0,1,1,1,1783222763
2026-07-05T04:14:05Z,666,8,2,7,0,0,1,1,1,1783224624
2026-07-05T04:14:05Z,667,13,0,0,4,0,1,1,1,1783224812
2026-07-05T04:14:05Z,668,6,1,12,1,0,1,1,1,1783224469
2026-07-05T04:14:05Z,669,11,1,1,2,0,1,1,1,1783224039
2026-07-05T04:14:05Z,670,10,0,17,0,0,1,1,1,1783220994
2026-07-05T04:14:05Z,671,11,1,16,0,0,1,1,1,1783224699
2026-07-05T04:14:05Z,672,17,3,3,3,0,1,1,1,1783224314
2026-07-05T04:14:05Z,673,13,1,8,1,0,1,1,1,1783222642
2026-07-05T04:14:05Z,674,5,1,17,1,0,1,1,1,1783224721
2026-07-05T04:14:05Z,675,2,0,11,1,1,1,1,1,1783224763
2026-07-05T04:14:05Z,676,20,1,2,1,0,1,1,1,1783223597
2026-07-05T04:14:05Z,681,7,4,3,5,0,1,1,1,1783224829
2026-07-05T04:14:05Z,682,10,5,8,1,0,1,1,1,1783222340
2026-07-05T04:14:05Z,683,13,1,6,0,0,1,1,1,1783224447
2026-07-05T04:14:05Z,684,15,1,10,2,0,1,1,1,1783218457
2026-07-05T04:14:05Z,685,1,0,24,1,1,1,1,1,1783224587
2026-07-05T04:14:05Z,686,10,1,14,2,1,1,1,1,1783224666
2026-07-05T04:14:05Z,687,12,3,17,1,1,1,1,1,1783224804
2026-07-05T04:14:05Z,688,9,2,9,1,0,1,1,1,1783216555
2026-07-05T04:14:05Z,692,0,0,20,1,0,1,1,1,1783223588
2026-07-05T04:14:05Z,693,9,5,2,0,0,1,1,1,1783224257
2026-07-05T04:14:05Z,694,5,2,13,3,0,1,1,1,1783224487
2026-07-05T04:14:05Z,695,3,0,20,0,0,1,1,1,1783224542
2026-07-05T04:14:05Z,696,22,11,0,1,0,1,1,1,1783224430
2026-07-05T04:14:05Z,697,3,0,19,1,0,1,1,1,1783224828
2026-07-05T04:14:05Z,698,26,1,1,0,0,1,1,1,1783224810
2026-07-05T04:14:05Z,699,3,0,11,1,0,1,1,1,1783224786
2026-07-05T04:14:05Z,700,5,0,13,1,0,1,1,1,1783223692
2026-07-05T04:14:05Z,701,6,0,12,1,0,1,1,1,1783223157
2026-07-05T04:14:05Z,702,16,6,6,1,0,1,1,1,1783224618
2026-07-05T04:14:05Z,703,23,5,0,0,0,1,1,1,1783224587
2026-07-05T04:14:05Z,704,12,1,3,0,0,1,1,1,1783223987
2026-07-05T04:14:05Z,705,9,4,5,1,0,1,1,1,1783224635
2026-07-05T04:14:05Z,706,10,3,4,1,0,1,1,1,1783223865
2026-07-05T04:14:05Z,707,12,1,3,0,0,1,1,1,1783224757
2026-07-05T04:14:05Z,708,19,4,0,0,0,1,1,1,1783224280
2026-07-05T04:14:05Z,709,13,5,1,1,0,1,1,1,1783224673
2026-07-05T04:14:05Z,710,17,1,2,0,0,1,1,1,1783224792
2026-07-05T04:14:05Z,711,14,3,1,4,0,1,1,1,1783224354
2026-07-05T04:14:05Z,712,1,0,13,1,0,1,1,1,1783224549
2026-07-05T04:14:05Z,713,5,2,18,0,0,1,1,1,1783224430
2026-07-05T04:14:05Z,716,1,0,14,0,0,1,1,1,1783224560
2026-07-05T04:14:05Z,717,8,0,13,4,0,1,1,1,1783223271
2026-07-05T04:14:05Z,718,3,1,12,0,0,1,1,1,1783224514
2026-07-05T04:14:05Z,719,8,0,21,0,0,1,1,1,1783223773
2026-07-05T04:14:05Z,720,2,0,16,1,0,1,1,1,1783224517
2026-07-05T04:14:05Z,721,11,0,11,1,0,1,1,1,1783223058
2026-07-05T04:14:05Z,722,13,2,2,0,0,1,1,1,1783224472
2026-07-05T04:14:05Z,723,0,0,22,1,0,1,1,1,1783224086
2026-07-05T04:14:05Z,724,17,2,6,0,0,1,1,1,1783224317
2026-07-05T04:14:05Z,725,22,1,0,1,0,1,1,1,1783224320
2026-07-05T04:14:05Z,726,11,1,8,0,0,1,1,1,1783224167
2026-07-05T04:14:05Z,727,9,0,14,0,0,1,1,1,1783223151
2026-07-05T04:14:05Z,728,9,2,5,1,0,1,1,1,1783224308
2026-07-05T04:14:05Z,729,13,1,5,1,0,1,1,1,1783223045
2026-07-05T04:14:05Z,730,7,1,8,0,0,1,1,1,1783223861
2026-07-05T04:14:05Z,731,1,1,14,0,0,1,1,1,1783223325
2026-07-05T04:14:05Z,732,9,0,6,0,0,1,1,1,1783223656
2026-07-05T04:14:05Z,733,2,0,24,1,0,1,1,1,1783224614
2026-07-05T04:14:05Z,734,4,1,9,1,0,1,1,1,1783223221
2026-07-05T04:14:05Z,735,1,1,17,1,0,1,1,1,1783224140
2026-07-05T04:14:05Z,736,16,2,1,2,0,1,1,1,1783197738
2026-07-05T04:14:05Z,737,8,2,7,0,0,1,1,1,1783224781
2026-07-05T04:14:05Z,738,1,1,17,1,0,1,1,1,1783223294
2026-07-05T04:14:05Z,739,7,1,18,2,0,1,1,1,1783223650
2026-07-05T04:14:05Z,741,12,4,11,0,0,1,1,1,1783223070
2026-07-05T04:14:05Z,742,7,0,32,0,0,1,1,1,1783224795
2026-07-05T04:14:05Z,743,4,1,13,2,0,1,1,1,1783224411
2026-07-05T04:14:05Z,744,3,1,12,0,0,1,1,1,1783223175
2026-07-05T04:14:05Z,745,8,1,10,1,0,1,1,1,1783224428
2026-07-05T04:14:05Z,746,2,0,21,0,0,1,1,1,1783224795
2026-07-05T04:14:05Z,747,0,0,19,0,0,1,1,1,1783223115
2026-07-05T04:14:05Z,748,12,1,9,2,0,1,1,1,1783224548
2026-07-05T04:14:05Z,749,9,0,14,0,0,1,1,1,1783223805
2026-07-05T04:14:05Z,750,0,0,9,2,0,1,1,1,1783223936
2026-07-05T04:14:05Z,751,1,1,22,0,0,1,1,1,1783224701
2026-07-05T04:14:05Z,752,13,1,3,1,0,1,1,1,1783224191
2026-07-05T04:14:05Z,753,3,0,11,1,0,1,1,1,1783224588
2026-07-05T04:14:05Z,754,6,0,9,0,0,1,1,1,1783223936
2026-07-05T04:14:05Z,755,11,1,7,1,0,1,1,1,1783224634
2026-07-05T04:14:05Z,756,1,0,35,1,0,1,1,1,1783224561
2026-07-05T04:14:05Z,757,4,4,15,0,0,1,1,1,1783224120
2026-07-05T04:14:05Z,758,21,4,2,0,0,1,1,1,1783224791
2026-07-05T04:14:05Z,759,6,0,9,0,0,1,1,1,1783223942
2026-07-05T04:14:05Z,760,4,0,13,2,0,1,1,1,1783223765
2026-07-05T04:14:05Z,761,4,0,18,1,0,1,1,1,1783224833
2026-07-05T04:14:05Z,762,6,1,7,2,0,1,1,1,1783223964
2026-07-05T04:14:05Z,768,6,0,10,3,0,1,1,1,1783224352
2026-07-05T04:14:05Z,769,3,0,12,3,0,1,1,1,1783224829
2026-07-05T04:14:05Z,770,11,2,8,0,0,1,1,1,1783223790
2026-07-05T04:14:05Z,771,9,0,6,0,0,1,1,1,1783224503
2026-07-05T04:14:05Z,772,11,5,4,0,0,1,1,1,1783224165
2026-07-05T04:14:05Z,773,3,1,15,1,0,1,1,1,1783224424
2026-07-05T04:14:05Z,774,6,1,7,2,0,1,1,1,1783224171
2026-07-05T04:14:05Z,775,13,2,4,2,0,1,1,1,1783221743
2026-07-05T04:14:05Z,776,6,0,14,1,0,1,1,1,1783224814
2026-07-05T04:14:05Z,777,10,1,2,3,0,1,1,1,1783222889
2026-07-05T04:14:05Z,778,4,0,13,2,0,1,1,1,1783223905
2026-07-05T04:14:05Z,779,14,0,4,1,0,1,1,1,1783223870
2026-07-05T04:14:05Z,780,5,2,11,2,1,1,1,1,1783224578
2026-07-05T04:14:05Z,781,1,1,9,1,0,1,1,1,1783217403
2026-07-05T04:14:05Z,782,7,2,11,1,0,1,1,1,1783224185
2026-07-05T04:14:05Z,783,8,6,8,3,0,1,1,1,1783220560
2026-07-05T04:14:05Z,784,0,0,18,1,0,1,1,1,1783224062
2026-07-05T04:14:05Z,785,9,1,5,5,0,1,1,1,1783224741
2026-07-05T04:14:05Z,786,0,0,18,1,0,1,1,1,1783211324
2026-07-05T04:14:05Z,787,0,0,15,0,0,1,1,1,1783223731
2026-07-05T04:14:05Z,788,10,1,5,0,0,1,1,1,1783223996
2026-07-05T04:14:05Z,789,12,1,1,2,0,1,1,1,1783224746
2026-07-05T04:14:05Z,790,3,3,20,0,0,1,1,1,1783223454
2026-07-05T04:14:05Z,791,0,0,19,0,0,1,1,1,1783224510
2026-07-05T04:14:05Z,793,11,1,3,1,0,1,1,1,1783224161
2026-07-05T04:14:05Z,794,4,2,25,0,0,1,1,1,1783224699
2026-07-05T04:14:05Z,796,1,0,15,3,0,1,1,1,1783224518
2026-07-05T04:14:05Z,797,0,0,15,0,0,1,1,1,1783223723
2026-07-05T04:14:05Z,798,1,0,23,1,0,1,1,1,1783223385
2026-07-05T04:14:05Z,799,3,1,15,1,0,1,1,1,1783224488
2026-07-05T04:14:05Z,800,2,0,17,2,0,1,1,1,1783224718
2026-07-05T04:14:05Z,801,5,3,14,2,0,1,1,1,1783224473
2026-07-05T04:14:05Z,802,2,0,28,0,1,1,1,1,1783224542
2026-07-05T04:14:05Z,803,2,1,13,0,0,1,1,1,1783224309
2026-07-05T04:14:05Z,806,0,0,11,4,0,1,1,1,1783224459
2026-07-05T04:14:05Z,807,15,0,9,1,0,1,1,1,1783224788
2026-07-05T04:14:05Z,808,9,0,15,1,0,1,1,1,1783223533
2026-07-05T04:14:05Z,809,5,1,18,0,0,1,1,1,1783224162
2026-07-05T04:14:05Z,810,8,5,10,1,0,1,1,1,1783224178
2026-07-05T04:14:05Z,815,5,2,9,1,0,1,1,1,1783224445
2026-07-05T04:14:05Z,817,4,1,4,7,0,1,1,1,1783224798
2026-07-05T04:14:05Z,818,3,2,20,0,0,1,1,1,1783224550
2026-07-05T04:14:05Z,819,6,6,6,3,0,1,1,1,1783224088
2026-07-05T04:14:05Z,820,6,1,9,2,0,1,1,1,1783224453
2026-07-05T04:14:05Z,821,9,0,5,1,0,1,1,1,1783223701
2026-07-05T04:14:05Z,822,0,0,21,2,0,1,1,1,1783224115
2026-07-05T04:14:05Z,823,4,0,11,0,0,1,1,1,1783224831
2026-07-05T04:14:05Z,824,6,3,12,1,0,1,1,1,1783224692
2026-07-05T04:14:05Z,825,9,2,6,0,0,1,1,1,1783218366
2026-07-05T04:14:05Z,826,8,0,10,1,0,1,1,1,1783223076
2026-07-05T04:14:05Z,827,7,1,13,1,0,1,1,1,1783224061
2026-07-05T04:14:05Z,828,1,0,16,1,0,1,1,1,1783223286
2026-07-05T04:14:05Z,829,1,0,26,0,0,1,1,1,1783212589
2026-07-05T04:14:05Z,830,19,2,4,0,0,1,1,1,1783224561
2026-07-05T04:14:05Z,831,5,1,3,7,0,1,1,1,1783223743
2026-07-05T04:14:05Z,832,12,2,6,0,0,1,1,1,1783224505
2026-07-05T04:14:05Z,833,18,11,0,1,0,1,1,1,1783224706
2026-07-05T04:14:05Z,834,3,0,21,0,0,1,1,1,1783224831
2026-07-05T04:14:05Z,835,11,8,7,0,0,1,1,1,1783224829
2026-07-05T04:14:05Z,837,3,0,5,7,0,1,1,1,1783224468
2026-07-05T04:14:05Z,838,6,2,6,3,0,1,1,1,1783224468
2026-07-05T04:14:05Z,839,20,3,8,1,0,1,1,1,1783224802
2026-07-05T04:14:05Z,840,4,2,25,0,0,1,1,1,1783224810
2026-07-05T04:14:05Z,841,4,2,8,3,0,1,1,1,1783224765
2026-07-05T04:14:05Z,842,4,0,18,0,1,1,1,1,1783224437
2026-07-05T04:14:05Z,843,2,0,27,2,0,1,1,1,1783223977
2026-07-05T04:14:05Z,844,5,0,18,0,0,1,1,1,1783223835
2026-07-05T04:14:05Z,845,8,0,11,0,0,1,1,1,1783223356
2026-07-05T04:14:05Z,846,7,1,11,0,1,1,1,1,1783223825
2026-07-05T04:14:05Z,847,0,0,27,0,0,1,1,1,1783224350
2026-07-05T04:14:05Z,848,7,0,12,0,0,1,1,1,1783224020
2026-07-05T04:14:05Z,849,1,1,9,5,0,1,1,1,1783223644
2026-07-05T04:14:05Z,850,4,1,7,0,0,1,1,1,1783224322
2026-07-05T04:14:05Z,851,23,1,12,2,0,1,1,1,1783222241
2026-07-05T04:14:05Z,852,3,0,15,1,0,1,1,1,1783224831
2026-07-05T04:14:05Z,853,10,2,12,1,0,1,1,1,1783223927
2026-07-05T04:14:05Z,854,4,0,10,1,0,1,1,1,1783224674
2026-07-05T04:14:05Z,855,25,0,2,0,0,1,1,1,1783224573
2026-07-05T04:14:05Z,857,8,6,10,1,0,1,1,1,1783223268
2026-07-05T04:14:05Z,858,1,0,17,1,0,1,1,1,1783222451
2026-07-05T04:14:05Z,859,9,3,12,0,0,1,1,1,1783223206
2026-07-05T04:14:05Z,861,4,0,7,0,0,1,1,1,1783224467
2026-07-05T04:14:05Z,862,4,0,11,0,0,1,1,1,1783224187
2026-07-05T04:14:05Z,863,7,3,11,1,0,1,1,1,1783216283
2026-07-05T04:14:05Z,866,18,0,1,0,0,1,1,1,1783213234
2026-07-05T04:14:05Z,867,8,0,7,0,0,1,1,1,1783224698
2026-07-05T04:14:05Z,868,11,0,4,0,0,1,1,1,1783224040
2026-07-05T04:14:05Z,870,11,3,3,1,0,1,1,1,1783224736
2026-07-05T04:14:05Z,871,3,0,8,0,0,1,1,1,1783223396
2026-07-05T04:14:05Z,872,6,3,9,0,0,1,1,1,1783224177
2026-07-05T04:14:05Z,873,4,0,27,2,0,1,1,1,1783224408
2026-07-05T04:14:05Z,874,14,1,0,1,0,1,1,1,1783224548
2026-07-05T04:14:05Z,875,3,1,12,0,0,1,1,1,1783223602
2026-07-05T04:14:05Z,877,7,3,12,0,0,1,1,1,1783224038
2026-07-05T04:14:05Z,878,9,0,10,0,0,1,1,1,1783223928
2026-07-05T04:14:05Z,879,7,0,11,1,0,1,1,1,1783223582
2026-07-05T04:14:05Z,880,11,2,12,0,0,1,1,1,1783223293
2026-07-05T04:14:05Z,881,3,1,13,3,0,1,1,1,1783224796
2026-07-05T04:14:05Z,882,10,5,9,0,0,1,1,1,1783224512
2026-07-05T04:14:05Z,883,12,6,6,1,0,1,1,1,1783224720
2026-07-05T04:14:05Z,884,10,5,11,0,0,1,1,1,1783183865
2026-07-05T04:14:05Z,885,7,2,11,1,0,1,1,1,1783224283
2026-07-05T04:14:05Z,886,5,4,22,2,0,1,1,1,1783224832
2026-07-05T04:14:05Z,887,2,0,14,1,0,1,1,1,1783224106
2026-07-05T04:14:05Z,888,0,0,40,1,0,1,1,1,1783224277
2026-07-05T04:14:05Z,889,10,0,9,0,0,1,1,1,1783223542
2026-07-05T04:14:05Z,890,8,2,7,0,0,1,1,1,1783217856
2026-07-05T04:14:05Z,891,7,1,15,1,0,1,1,1,1783223909
2026-07-05T04:14:05Z,892,15,5,0,0,0,1,1,1,1783224185
2026-07-05T04:14:05Z,895,4,0,15,0,0,1,1,1,1783224806
2026-07-05T04:14:05Z,896,30,8,5,0,0,1,1,1,1783223947
2026-07-05T04:14:05Z,897,11,1,9,1,0,1,1,1,1783223477
2026-07-05T04:14:05Z,898,7,1,12,0,0,1,1,1,1783223592
2026-07-05T04:14:05Z,899,13,1,6,0,0,1,1,1,1783224673
2026-07-05T04:14:05Z,900,19,1,7,1,0,1,1,1,1783224259
2026-07-05T04:14:05Z,901,10,0,9,0,0,1,1,1,1783223484
2026-07-05T04:14:05Z,902,0,0,15,0,0,1,1,1,1783223533
2026-07-05T04:14:05Z,903,1,0,18,0,0,1,1,1,1783223327
2026-07-05T04:14:05Z,904,13,0,4,2,0,1,1,1,1783223632
2026-07-05T04:14:05Z,905,13,9,14,0,0,1,1,1,1783224521
2026-07-05T04:14:05Z,906,25,9,2,0,0,1,1,1,1783224798
2026-07-05T04:14:05Z,907,17,0,14,0,0,1,1,1,1783224802
2026-07-05T04:14:05Z,908,8,0,15,0,0,1,1,1,1783223952
2026-07-05T04:14:05Z,909,18,9,5,0,0,1,1,1,1783224706
2026-07-05T04:14:05Z,910,4,0,26,1,0,1,1,1,1783224799
2026-07-05T04:14:05Z,911,10,0,8,1,0,1,1,1,1783223409
2026-07-05T04:14:05Z,912,13,1,8,2,0,1,1,1,1783224722
2026-07-05T04:14:05Z,913,10,1,9,0,0,1,1,1,1783211292
2026-07-05T04:14:05Z,914,11,0,7,1,0,1,1,1,1783224392
2026-07-05T04:14:05Z,915,2,0,21,0,0,1,1,1,1783224221
2026-07-05T04:14:05Z,916,6,1,16,1,0,1,1,1,1783224653
2026-07-05T04:14:05Z,917,3,1,32,0,0,1,1,1,1783224758
2026-07-05T04:14:05Z,918,16,3,2,1,0,1,1,1,1783223958
2026-07-05T04:14:05Z,919,20,2,19,0,0,1,1,1,1783224813
2026-07-05T04:14:05Z,920,3,3,16,0,0,1,1,1,1783224748
2026-07-05T04:14:05Z,921,3,0,15,3,0,1,1,1,1783219782
2026-07-05T04:14:05Z,922,9,1,12,0,0,1,1,1,1783224412
2026-07-05T04:14:05Z,923,2,2,16,1,0,1,1,1,1783224442
2026-07-05T04:14:05Z,924,16,2,5,0,0,1,1,1,1783223222
2026-07-05T04:14:05Z,925,1,1,19,1,0,1,1,1,1783223597
2026-07-05T04:14:05Z,926,8,1,13,0,0,1,1,1,1783223691
2026-07-05T04:14:05Z,927,16,0,17,1,0,1,1,1,1783224325
2026-07-05T04:14:05Z,928,12,1,6,1,0,1,1,1,1783224713
2026-07-05T04:14:05Z,929,11,0,12,0,0,1,1,1,1783224667
2026-07-05T04:14:05Z,930,22,0,9,0,0,1,1,1,1783224574
2026-07-05T04:14:05Z,931,2,2,20,1,0,1,1,1,1783224424
2026-07-05T04:14:05Z,932,9,1,9,1,0,1,1,1,1783224525
2026-07-05T04:14:05Z,933,16,1,6,1,0,1,1,1,1783224453
2026-07-05T04:14:05Z,934,5,0,25,1,0,1,1,1,1783224607
2026-07-05T04:14:05Z,935,1,0,15,3,0,1,1,1,1783223883
2026-07-05T04:14:05Z,936,19,3,0,0,0,1,1,1,1783224381
2026-07-05T04:14:05Z,940,6,0,4,1,0,1,1,1,1783224824
2026-07-05T04:14:05Z,941,5,0,20,0,0,1,1,1,1783224490
2026-07-05T04:14:05Z,942,8,3,13,0,0,1,1,1,1783224799
2026-07-05T04:14:05Z,943,4,4,10,1,0,1,1,1,1783223631
2026-07-05T04:14:05Z,944,5,5,9,1,0,1,1,1,1783219032
2026-07-05T04:14:05Z,945,9,5,6,0,0,1,1,1,1783223982
2026-07-05T04:14:05Z,946,8,6,11,0,0,1,1,1,1783223914
2026-07-05T04:14:05Z,947,7,5,10,0,0,1,1,1,1783224714
2026-07-05T04:14:05Z,948,17,3,11,3,0,1,1,1,1783224061
2026-07-05T04:14:05Z,949,0,0,15,0,0,1,1,1,1783223910
2026-07-05T04:14:05Z,950,10,1,5,2,0,1,1,1,1783224810
2026-07-05T04:14:05Z,951,5,0,17,1,0,1,1,1,1783223736
2026-07-05T04:14:05Z,952,16,0,36,3,0,1,1,1,1783224549
2026-07-05T04:14:05Z,953,13,0,0,2,0,1,1,1,1783223904
2026-07-05T04:14:05Z,954,14,0,4,1,0,1,1,1,1783223951
2026-07-05T04:14:05Z,955,1,1,20,6,0,1,1,1,1783224747
2026-07-05T04:14:05Z,956,0,0,18,1,0,1,1,1,1783223443
2026-07-05T04:14:05Z,957,4,0,24,1,0,1,1,1,1783224758
2026-07-05T04:14:05Z,958,6,0,24,1,0,1,1,1,1783224032
2026-07-05T04:14:05Z,959,4,2,18,1,0,1,1,1,1783224647
2026-07-05T04:14:05Z,960,21,4,1,1,0,1,1,1,1783224547
2026-07-05T04:14:05Z,961,7,3,16,0,0,1,1,1,1783223831
2026-07-05T04:14:05Z,962,3,1,25,7,0,1,1,1,1783224496
2026-07-05T04:14:05Z,963,7,0,16,0,0,1,1,1,1783224692
2026-07-05T04:14:05Z,964,9,2,13,1,0,1,1,1,1783224319
2026-07-05T04:14:05Z,965,8,1,17,2,0,1,1,1,1783224717
2026-07-05T04:14:05Z,966,6,0,25,0,0,1,1,1,1783224646
2026-07-05T04:14:05Z,967,9,1,8,4,0,1,1,1,1783224688
2026-07-05T04:14:05Z,968,10,0,9,0,0,1,1,1,1783224358
2026-07-05T04:14:05Z,969,11,2,15,1,0,1,1,1,1783224147
2026-07-05T04:14:05Z,970,14,4,2,3,0,1,1,1,1783224593
2026-07-05T04:14:05Z,971,22,0,0,1,0,1,1,1,1783224330
2026-07-05T04:14:05Z,972,4,2,18,1,0,1,1,1,1783224770
2026-07-05T04:14:05Z,973,1,0,20,2,0,1,1,1,1783224262
2026-07-05T04:14:05Z,974,16,0,11,0,0,1,1,1,1783224071
2026-07-05T04:14:05Z,977,5,3,15,1,0,1,1,1,1783224004
2026-07-05T04:14:05Z,978,18,3,5,0,0,1,1,1,1783223793
2026-07-05T04:14:05Z,979,9,0,5,3,0,1,1,1,1783224409
2026-07-05T04:14:05Z,980,6,0,15,0,0,1,1,1,1783223432
2026-07-05T04:14:05Z,981,3,1,17,1,0,1,1,1,1783224537
2026-07-05T04:14:05Z,982,9,3,9,1,0,1,1,1,1783223770
2026-07-05T04:14:05Z,983,1,0,22,0,0,1,1,1,1783223131
2026-07-05T04:14:05Z,984,15,10,7,1,0,1,1,1,1783223258
2026-07-05T04:14:05Z,985,1,0,28,1,1,1,1,1,1783224720
2026-07-05T04:14:05Z,986,6,6,12,1,0,1,1,1,1783224048
2026-07-05T04:14:05Z,987,3,0,20,0,0,1,1,1,1783224256
2026-07-05T04:14:05Z,988,11,4,8,0,0,1,1,1,1783224322
2026-07-05T04:14:05Z,989,14,11,4,1,0,1,1,1,1783224291
2026-07-05T04:14:05Z,990,13,3,1,1,0,1,1,1,1783223915
2026-07-05T04:14:05Z,991,18,10,1,0,0,1,1,1,1783224463
2026-07-05T04:14:05Z,992,6,1,17,0,0,1,1,1,1783223537
2026-07-05T04:14:05Z,993,1,0,26,0,0,1,1,1,1783224269
2026-07-05T04:14:05Z,994,8,1,9,4,0,1,1,1,1783223574
2026-07-05T04:14:05Z,995,10,1,17,0,0,1,1,1,1783223571
2026-07-05T04:14:05Z,996,9,4,14,0,0,1,1,1,1783224211
2026-07-05T04:14:05Z,997,9,5,10,4,0,1,1,1,1783224607
2026-07-05T04:14:05Z,998,8,0,15,0,0,1,1,1,1783224095
2026-07-05T04:14:05Z,999,8,2,11,1,1,1,1,1,1783223445
2026-07-05T04:14:05Z,1000,8,1,13,0,0,1,1,1,1783223939
2026-07-05T04:14:05Z,1001,1,0,26,0,0,1,1,1,1783224294
2026-07-05T04:14:05Z,1002,9,1,22,0,0,1,1,1,1783223720
2026-07-05T04:14:05Z,1003,2,1,21,0,0,1,1,1,1783224589
2026-07-05T04:14:05Z,1004,12,2,11,0,0,1,1,1,1783223575
2026-07-05T04:14:05Z,1005,7,2,15,1,0,1,1,1,1783224297
2026-07-05T04:14:05Z,1006,13,3,6,0,0,1,1,1,1783224171
2026-07-05T04:14:05Z,1007,6,3,15,0,0,1,1,1,1783223951
2026-07-05T04:14:05Z,1008,12,4,10,1,0,1,1,1,1783223803
2026-07-05T04:14:05Z,1009,8,0,22,1,0,1,1,1,1783223500
2026-07-05T04:14:05Z,1010,12,8,15,0,0,1,1,1,1783224381
2026-07-05T04:14:05Z,1011,7,7,12,0,0,1,1,1,1783224105
2026-07-05T04:14:05Z,1012,2,2,18,3,0,1,1,1,1783224063
2026-07-05T04:14:05Z,1013,8,2,13,2,0,1,1,1,1783223412
2026-07-05T04:14:05Z,1014,8,4,15,0,0,1,1,1,1783223479
2026-07-05T04:14:05Z,1015,8,3,23,0,0,1,1,1,1783223269
2026-07-05T04:14:05Z,1016,16,4,15,0,0,1,1,1,1783223786
2026-07-05T04:14:05Z,1017,10,3,10,1,0,1,1,1,1783223508
2026-07-05T04:14:05Z,1018,8,6,12,1,0,1,1,1,1783224333
2026-07-05T04:14:05Z,1019,13,2,2,0,0,1,1,1,1783223909
2026-07-05T04:14:05Z,1020,11,1,10,0,0,1,1,1,1783224775
2026-07-05T04:14:05Z,1021,10,4,5,0,0,1,1,1,1783223955
2026-07-05T04:14:05Z,1022,10,0,17,0,0,1,1,1,1783223835
2026-07-05T04:14:05Z,1023,16,0,7,0,0,1,1,1,1783224103
2026-07-05T04:14:05Z,1024,9,2,10,0,0,1,1,1,1783223818
2026-07-05T04:14:05Z,1025,12,1,6,1,0,1,1,1,1783223452
2026-07-05T04:14:05Z,1026,6,1,22,3,0,1,1,1,1783223668
2026-07-05T04:14:05Z,1028,18,5,5,0,0,1,1,1,1783223891
2026-07-05T04:14:05Z,1029,5,2,6,4,0,1,1,1,1783224695
2026-07-05T04:14:05Z,1030,16,2,6,1,0,1,1,1,1783223907
2026-07-05T04:14:05Z,1031,0,0,19,0,0,1,1,1,1783223201
2026-07-05T04:14:05Z,1032,16,3,3,0,0,1,1,1,1783223605
2026-07-05T04:14:05Z,1033,12,9,6,1,0,1,1,1,1783223216
2026-07-05T04:14:05Z,1034,9,1,5,1,0,1,1,1,1783223770
2026-07-05T04:14:05Z,1035,7,0,12,0,0,1,1,1,1783223434
2026-07-05T04:14:05Z,1036,11,4,4,0,0,1,1,1,1783223300
2026-07-05T04:14:05Z,1037,2,1,16,1,0,1,1,1,1783224070
2026-07-05T04:14:05Z,1038,6,0,9,0,0,1,1,1,1783224641
2026-07-05T04:14:05Z,1039,6,2,13,0,0,1,1,1,1783223555
2026-07-05T04:14:05Z,1040,1,0,18,0,0,1,1,1,1783224385
2026-07-05T04:14:05Z,1041,4,3,15,0,0,1,1,1,1783223704
2026-07-05T04:14:05Z,1042,15,3,0,0,0,1,1,1,1783223677
2026-07-05T04:14:05Z,1043,8,2,10,1,0,1,1,1,1783224361
2026-07-05T04:14:05Z,1044,4,2,9,2,0,1,1,1,1783223159
2026-07-05T04:14:05Z,1045,6,2,12,1,0,1,1,1,1783223566
2026-07-05T04:14:05Z,1046,4,0,7,4,0,1,1,1,1783223948
2026-07-05T04:14:05Z,1047,0,0,21,0,0,1,1,1,1783223567
2026-07-05T04:14:05Z,1048,10,0,9,0,0,1,1,1,1783224564
2026-07-05T04:14:05Z,1049,14,1,6,1,0,1,1,1,1783223936
2026-07-05T04:14:05Z,1050,17,7,4,0,0,1,1,1,1783224628
2026-07-05T04:14:05Z,1051,19,3,2,0,0,1,1,1,1783223363
2026-07-05T04:14:05Z,1052,10,1,10,2,0,1,1,1,1783224237
2026-07-05T04:14:05Z,1053,8,2,7,0,0,1,1,1,1783224292
2026-07-05T04:14:05Z,1054,8,0,6,1,0,1,1,1,1783224306
2026-07-05T04:14:05Z,1055,13,0,6,0,0,1,1,1,1783224462
2026-07-05T04:14:05Z,1057,9,0,9,1,0,1,1,1,1783224101
2026-07-05T04:14:05Z,1058,17,0,38,1,0,1,1,1,1783223712
2026-07-05T04:14:05Z,1059,9,2,10,0,0,1,1,1,1783224326
2026-07-05T04:14:05Z,1060,20,0,17,0,0,1,1,1,1783223808
2026-07-05T04:14:05Z,1061,1,1,36,0,0,1,1,1,1783224017
2026-07-05T04:14:05Z,1062,4,0,12,1,0,1,1,1,1783223442
2026-07-05T04:14:05Z,1063,11,4,7,1,0,1,1,1,1783223712
2026-07-05T04:14:05Z,1064,10,1,12,1,0,1,1,1,1783223575
2026-07-05T04:14:05Z,1065,9,3,13,1,0,1,1,1,1783223787
2026-07-05T04:14:05Z,1066,16,5,7,0,0,1,1,1,1783224318
2026-07-05T04:14:05Z,1067,12,1,10,1,0,1,1,1,1783223997
2026-07-05T04:14:05Z,1068,13,0,10,0,0,1,1,1,1783223970
2026-07-05T04:14:05Z,1069,0,0,23,0,0,1,1,1,1783224291
2026-07-05T04:14:05Z,1070,7,4,15,1,0,1,1,1,1783223103
2026-07-05T04:14:05Z,1071,1,0,22,0,0,1,1,1,1783223254
2026-07-05T04:14:05Z,1072,14,1,8,1,0,1,1,1,1783223946
2026-07-05T04:14:05Z,1073,6,0,19,2,0,1,1,1,1783224214
2026-07-05T04:14:05Z,1074,27,0,22,4,0,1,1,1,1783224830
2026-07-05T04:14:05Z,1075,12,11,9,0,0,1,1,1,1783223627
2026-07-05T04:14:05Z,1076,11,5,10,0,0,1,1,1,1783224322
2026-07-05T04:14:05Z,1077,8,8,13,0,0,1,1,1,1783223760
2026-07-05T04:14:05Z,1078,15,5,6,0,0,1,1,1,1783223981
2026-07-05T04:14:05Z,1079,14,12,7,0,0,1,1,1,1783223787
2026-07-05T04:14:05Z,1080,8,8,13,0,0,1,1,1,1783221802
2026-07-05T04:14:05Z,1081,14,14,5,0,0,1,1,1,1783223699
2026-07-05T04:14:05Z,1082,15,11,8,0,0,1,1,1,1783223687
2026-07-05T04:14:05Z,1083,6,3,14,1,0,1,1,1,1783223536
2026-07-05T04:14:05Z,1084,8,6,13,0,0,1,1,1,1783223564
2026-07-05T04:14:05Z,1085,8,6,13,0,0,1,1,1,1783223779
2026-07-05T04:14:05Z,1086,10,7,11,0,0,1,1,1,1783223684
2026-07-05T04:14:05Z,1087,7,5,8,0,0,1,1,1,1783224779
2026-07-05T04:14:05Z,1088,7,7,8,0,0,1,1,1,1783224471
2026-07-05T04:14:05Z,1089,5,5,10,0,0,1,1,1,1783223798
2026-07-05T04:14:05Z,1090,7,6,8,0,0,1,1,1,1783223770
2026-07-05T04:14:05Z,1091,9,7,6,0,0,1,1,1,1783224210
2026-07-05T04:14:05Z,1092,8,8,7,0,0,1,1,1,1783223487
2026-07-05T04:14:05Z,1093,6,6,9,0,0,1,1,1,1783223117
2026-07-05T04:14:05Z,1094,12,7,7,0,0,1,1,1,1783223231
2026-07-05T04:14:05Z,1095,9,9,6,0,0,1,1,1,1783223614
2026-07-05T04:14:05Z,1096,12,10,7,0,0,1,1,1,1783224775
2026-07-05T04:14:05Z,1097,9,6,6,0,0,1,1,1,1783223615
2026-07-05T04:14:05Z,1098,13,12,5,1,0,1,1,1,1783224194
2026-07-05T04:14:05Z,1099,6,6,9,0,0,1,1,1,1783223041
2026-07-05T04:14:05Z,1100,7,5,20,2,0,1,1,1,1783224587
2026-07-05T04:14:05Z,1101,10,5,11,0,0,1,1,1,1783224171
2026-07-05T04:14:05Z,1102,10,5,3,0,0,1,1,1,1783224032
2026-07-05T04:14:05Z,1103,10,5,11,0,0,1,1,1,1783223614
2026-07-05T04:14:05Z,1104,10,5,11,0,0,1,1,1,1783224160
2026-07-05T04:14:05Z,1105,8,2,3,2,0,1,1,1,1783223962
2026-07-05T04:14:05Z,1106,10,5,11,0,0,1,1,1,1783224620
2026-07-05T04:14:05Z,1107,11,5,4,0,0,1,1,1,1783223896
2026-07-05T04:14:05Z,1108,9,7,16,2,0,1,1,1,1783224136
2026-07-05T04:14:05Z,1109,9,4,6,0,0,1,1,1,1783224217
2026-07-05T04:14:05Z,1110,7,1,14,0,0,1,1,1,1783224031
2026-07-05T04:14:05Z,1111,10,0,10,1,0,1,1,1,1783224670
2026-07-05T04:14:05Z,1112,44,0,8,1,0,1,1,1,1783223333
2026-07-05T04:14:05Z,1113,2,0,19,0,0,1,1,1,1783224362
2026-07-05T04:14:05Z,1115,13,1,10,0,0,1,1,1,1783223577
2026-07-05T04:14:05Z,1116,9,0,10,0,0,1,1,1,1783223265
2026-07-05T04:14:05Z,1117,1,1,21,1,0,1,1,1,1783223775
2026-07-05T04:14:05Z,1118,16,0,5,0,0,1,1,1,1783224612
2026-07-05T04:14:05Z,1119,6,1,11,0,0,1,1,1,1783223295
2026-07-05T04:14:05Z,1120,0,0,16,3,0,1,1,1,1783223623
2026-07-05T04:14:05Z,1121,9,0,11,1,0,1,1,1,1783224714
2026-07-05T04:14:05Z,1122,7,3,13,0,1,1,1,1,1783224817
2026-07-05T04:14:05Z,1123,2,1,20,1,0,1,1,1,1783224598
2026-07-05T04:14:05Z,1124,14,2,0,1,0,1,1,1,1783224362
2026-07-05T04:14:05Z,1125,16,3,7,0,0,1,1,1,1783223569
2026-07-05T04:14:05Z,1126,9,1,10,2,0,1,1,1,1783224698
2026-07-05T04:14:05Z,1127,5,1,12,2,0,1,1,1,1783223765
2026-07-05T04:14:05Z,1128,14,2,1,0,0,1,1,1,1783223595
2026-07-05T04:14:05Z,1129,15,1,5,1,0,1,1,1,1783223430
2026-07-05T04:14:05Z,1130,2,0,10,3,0,1,1,1,1783224834
2026-07-05T04:14:05Z,1131,0,0,48,1,0,1,1,1,1783224782
2026-07-05T04:14:05Z,1132,14,1,6,1,0,1,1,1,1783224373
2026-07-05T04:14:05Z,1133,11,4,9,1,0,1,1,1,1783224435
2026-07-05T04:14:05Z,1134,10,6,9,0,0,1,1,1,1783224229
2026-07-05T04:14:05Z,1135,8,4,13,0,0,1,1,1,1783224441
2026-07-05T04:14:05Z,1136,16,0,5,2,0,1,1,1,1783224829
2026-07-05T04:14:05Z,1137,7,2,8,0,0,1,1,1,1783224644
2026-07-05T04:14:05Z,1138,13,0,6,0,0,1,1,1,1783224696
2026-07-05T04:14:05Z,1139,1,0,20,0,0,1,1,1,1783223577
2026-07-05T04:14:05Z,1140,8,2,11,4,0,1,1,1,1783224313
2026-07-05T04:14:05Z,1141,2,0,18,1,0,1,1,1,1783223877
2026-07-05T04:14:05Z,1142,4,0,17,0,0,1,1,1,1783224465
2026-07-05T04:14:05Z,1143,27,2,2,0,0,1,1,1,1783224043
2026-07-05T04:14:05Z,1144,13,1,7,1,0,1,1,1,1783223359
2026-07-05T04:14:05Z,1145,8,3,10,2,1,1,1,1,1783223130
2026-07-05T04:14:05Z,1146,14,0,3,2,0,1,1,1,1783224796
2026-07-05T04:14:05Z,1147,9,2,10,0,0,1,1,1,1783223329
2026-07-05T04:14:05Z,1148,13,1,18,0,0,1,1,1,1783224816
2026-07-05T04:14:05Z,1149,16,4,9,0,0,1,1,1,1783223190
2026-07-05T04:14:05Z,1150,19,0,0,0,0,1,1,1,1783223852
2026-07-05T04:14:05Z,1151,11,0,9,1,0,1,1,1,1783224121
2026-07-05T04:14:05Z,1152,8,2,18,3,0,1,1,1,1783224504
2026-07-05T04:14:05Z,1153,10,0,12,1,0,1,1,1,1783224489
2026-07-05T04:14:05Z,1154,10,1,6,3,0,1,1,1,1783223864
2026-07-05T04:14:05Z,1155,6,1,13,2,0,1,1,1,1783224344
2026-07-05T04:14:05Z,1158,7,0,12,0,0,1,1,1,1783223410
2026-07-05T04:14:05Z,1159,6,2,13,0,0,1,1,1,1783224315
2026-07-05T04:14:05Z,1160,8,1,10,1,0,1,1,1,1783224276
2026-07-05T04:14:05Z,1161,5,2,14,0,0,1,1,1,1783223820
2026-07-05T04:14:05Z,1162,12,6,7,0,0,1,1,1,1783224790
2026-07-05T04:14:05Z,1163,2,0,16,1,0,1,1,1,1783223189
2026-07-05T04:14:05Z,1164,9,2,9,1,0,1,1,1,1783223587
2026-07-05T04:14:05Z,1165,2,1,18,1,0,1,1,1,1783224816
2026-07-05T04:14:05Z,1166,5,0,15,1,0,1,1,1,1783224165
2026-07-05T04:14:05Z,1167,12,2,3,0,0,1,1,1,1783223859
2026-07-05T04:14:05Z,1168,5,1,18,0,0,1,1,1,1783223552
2026-07-05T04:14:05Z,1169,0,0,18,1,0,1,1,1,1783224733
2026-07-05T04:14:05Z,1170,0,0,21,0,0,1,1,1,1783224112
2026-07-05T04:14:05Z,1171,10,9,12,1,0,1,1,1,1783224795
2026-07-05T04:14:05Z,1172,10,3,5,0,0,1,1,1,1783223876
2026-07-05T04:14:05Z,1173,0,0,19,0,0,1,1,1,1783224181
2026-07-05T04:14:05Z,1174,1,0,14,0,0,1,1,1,1783223702
2026-07-05T04:14:05Z,1175,1,0,17,1,0,1,1,1,1783223314
2026-07-05T04:14:05Z,1176,18,4,3,0,0,1,1,1,1783217041
2026-07-05T04:14:05Z,1177,11,4,10,0,0,1,1,1,1783223381
2026-07-05T04:14:05Z,1178,7,3,7,1,0,1,1,1,1783224297
2026-07-05T04:14:05Z,1181,2,0,13,0,0,1,1,1,1783224308
2026-07-05T04:14:05Z,1182,0,0,19,1,0,1,1,1,1783224777
2026-07-05T04:14:05Z,1183,0,0,36,1,0,1,1,1,1783224829
2026-07-05T04:14:05Z,1184,2,1,17,2,0,1,1,1,1783223990
2026-07-05T04:14:05Z,1185,10,5,11,0,0,1,1,1,1783224197
2026-07-05T04:14:05Z,1186,10,5,9,0,0,1,1,1,1783223700
2026-07-05T04:14:05Z,1190,7,4,14,0,0,1,1,1,1783224551
2026-07-05T04:14:05Z,1192,9,5,12,0,0,1,1,1,1783224567
2026-07-05T04:14:05Z,1193,5,1,7,1,0,1,1,1,1783224290
2026-07-05T04:14:05Z,1197,8,2,7,2,0,1,1,1,1783223613
2026-07-05T04:14:05Z,1198,13,8,7,1,0,1,1,1,1783224038
2026-07-05T04:14:05Z,1199,6,5,13,0,0,1,1,1,1783223406
2026-07-05T04:14:05Z,1200,9,3,5,1,0,1,1,1,1783224348
2026-07-05T04:14:05Z,1201,4,0,11,0,0,1,1,1,1783224651
2026-07-05T04:14:05Z,1202,13,6,2,0,0,1,1,1,1783224338
2026-07-05T04:14:05Z,1203,11,6,4,0,0,1,1,1,1783224665
2026-07-05T04:14:05Z,1218,11,5,10,0,0,1,1,1,1783224276
2026-07-05T04:14:05Z,1224,0,0,3,0,0,0,1,1,1781869449
2026-07-05T04:14:05Z,1225,0,0,3,0,0,0,1,1,1781868919
2026-07-05T04:14:05Z,1226,0,0,3,0,0,0,1,1,1781868931
2026-07-05T04:19:05Z,1,2,0,21,0,0,1,1,1,1783225062
2026-07-05T04:19:05Z,2,16,1,11,0,0,1,1,1,1783225045
2026-07-05T04:19:05Z,3,3,1,15,1,0,1,1,1,1783225122
2026-07-05T04:19:05Z,4,11,0,12,0,0,1,1,1,1783225090
2026-07-05T04:19:05Z,5,11,7,11,1,0,1,1,1,1783225031
2026-07-05T04:19:05Z,6,11,1,4,0,0,1,1,1,1783223477
2026-07-05T04:19:05Z,7,1,0,22,0,0,1,1,1,1783225015
2026-07-05T04:19:05Z,8,18,0,25,0,0,1,1,1,1783224856
2026-07-05T04:19:05Z,9,16,2,4,3,0,1,1,1,1783225072
2026-07-05T04:19:05Z,10,9,2,14,0,0,1,1,1,1783221209
2026-07-05T04:19:05Z,11,6,1,13,0,0,1,1,1,1783223382
2026-07-05T04:19:05Z,12,0,0,23,0,0,1,1,1,1783224318
2026-07-05T04:19:05Z,13,13,0,16,1,0,1,1,1,1783225048
2026-07-05T04:19:05Z,14,20,0,23,0,0,1,1,1,1783224827
2026-07-05T04:19:05Z,15,0,0,14,1,0,1,1,1,1783224803
2026-07-05T04:19:05Z,16,14,0,12,1,0,1,1,1,1783219189
2026-07-05T04:19:05Z,17,8,0,18,1,0,1,1,1,1783225062
2026-07-05T04:19:05Z,18,8,0,10,1,0,1,1,1,1783224511
2026-07-05T04:19:05Z,19,0,0,26,1,0,1,1,1,1783224775
2026-07-05T04:19:05Z,20,17,0,10,0,0,1,1,1,1783224914
2026-07-05T04:19:05Z,21,15,0,3,1,0,1,1,1,1783224429
2026-07-05T04:19:05Z,22,54,1,12,1,0,1,1,1,1783224194
2026-07-05T04:19:05Z,23,26,3,5,0,0,1,1,1,1783224755
2026-07-05T04:19:05Z,24,0,0,10,1,0,1,1,1,1783225137
2026-07-05T04:19:05Z,25,24,0,54,2,1,1,1,1,1783225096
2026-07-05T04:19:05Z,26,13,0,14,0,0,1,1,1,1783222175
2026-07-05T04:19:05Z,28,12,1,3,0,0,1,1,1,1783224267
2026-07-05T04:19:05Z,30,24,1,3,0,0,1,1,1,1783225109
2026-07-05T04:19:05Z,31,0,0,19,0,0,1,1,1,1783223897
2026-07-05T04:19:05Z,32,11,0,16,0,0,1,1,1,1783225014
2026-07-05T04:19:05Z,34,8,0,29,0,0,1,1,1,1783224851
2026-07-05T04:19:05Z,35,40,0,5,2,0,1,1,1,1783225004
2026-07-05T04:19:05Z,36,0,0,0,0,0,0,1,1,86400
2026-07-05T04:19:05Z,37,0,0,23,0,0,1,1,1,1783224814
2026-07-05T04:19:05Z,38,12,1,11,0,0,1,1,1,1783224997
2026-07-05T04:19:05Z,39,30,0,1,0,0,1,1,1,1783222421
2026-07-05T04:19:05Z,40,6,1,15,0,0,1,1,1,1783225053
2026-07-05T04:19:05Z,41,4,0,22,1,0,1,1,1,1783224595
2026-07-05T04:19:05Z,42,12,2,19,0,0,1,1,1,1783224728
2026-07-05T04:19:05Z,43,0,0,0,21,2,1,1,1,1783225008
2026-07-05T04:19:05Z,45,1,0,30,0,0,1,1,1,1783225102
2026-07-05T04:19:05Z,46,16,0,12,3,0,1,1,1,1783224130
2026-07-05T04:19:05Z,47,3,0,12,0,0,1,1,1,1783224186
2026-07-05T04:19:05Z,48,12,0,15,0,0,1,1,1,1783224873
2026-07-05T04:19:05Z,49,4,0,15,4,0,1,1,1,1783225127
2026-07-05T04:19:05Z,50,10,5,8,1,0,1,1,1,1783224030
2026-07-05T04:19:05Z,51,29,1,47,2,0,1,1,1,1783224202
2026-07-05T04:19:05Z,52,2,1,23,2,0,1,1,1,1783224937
2026-07-05T04:19:05Z,55,0,0,22,1,0,1,1,1,1783225036
2026-07-05T04:19:05Z,56,0,0,26,1,0,1,1,1,1783224577
2026-07-05T04:19:05Z,57,2,1,24,1,0,1,1,1,1783224886
2026-07-05T04:19:05Z,58,6,2,22,0,0,1,1,1,1783223443
2026-07-05T04:19:05Z,59,3,2,22,2,0,1,1,1,1783224586
2026-07-05T04:19:05Z,61,1,1,37,1,0,1,1,1,1783224302
2026-07-05T04:19:05Z,62,17,3,32,0,0,1,1,1,1783225134
2026-07-05T04:19:05Z,63,13,4,6,0,0,1,1,1,1783224561
2026-07-05T04:19:05Z,64,3,0,13,3,0,1,1,1,1783221052
2026-07-05T04:19:05Z,65,12,4,6,1,0,1,1,1,1783224708
2026-07-05T04:19:05Z,67,10,0,29,0,0,1,1,1,1783224080
2026-07-05T04:19:05Z,68,0,0,36,1,0,1,1,1,1783224892
2026-07-05T04:19:05Z,69,14,2,1,0,0,1,1,1,1783223356
2026-07-05T04:19:05Z,71,1,0,25,1,0,1,1,1,1783225025
2026-07-05T04:19:05Z,72,25,3,5,1,0,1,1,1,1783224906
2026-07-05T04:19:05Z,73,3,0,20,0,0,1,1,1,1783224233
2026-07-05T04:19:05Z,74,6,0,13,0,0,1,1,1,1783224373
2026-07-05T04:19:05Z,75,2,0,33,0,0,1,1,1,1783224830
2026-07-05T04:19:05Z,76,17,1,1,1,0,1,1,1,1783224697
2026-07-05T04:19:05Z,77,13,2,12,2,0,1,1,1,1783225095
2026-07-05T04:19:05Z,78,6,5,17,0,0,1,1,1,1783224109
2026-07-05T04:19:05Z,79,6,4,11,0,0,1,1,1,1783225131
2026-07-05T04:19:05Z,80,15,1,6,0,2,1,1,1,1783224957
2026-07-05T04:19:05Z,81,3,3,28,0,0,1,1,1,1783225125
2026-07-05T04:19:05Z,82,0,0,23,0,0,1,1,1,1783224446
2026-07-05T04:19:05Z,83,9,3,23,2,0,1,1,1,1783225126
2026-07-05T04:19:05Z,84,26,1,0,1,0,1,1,1,1783222293
2026-07-05T04:19:05Z,85,6,1,8,0,0,1,1,1,1783224303
2026-07-05T04:19:05Z,86,22,0,4,1,0,1,1,1,1783224934
2026-07-05T04:19:05Z,87,4,0,15,0,0,1,1,1,1783222587
2026-07-05T04:19:05Z,88,1,0,30,0,0,1,1,1,1783224591
2026-07-05T04:19:05Z,89,34,0,0,1,0,1,1,1,1783225093
2026-07-05T04:19:05Z,90,6,0,13,0,0,1,1,1,1783225109
2026-07-05T04:19:05Z,91,16,1,1,0,0,1,1,1,1783224926
2026-07-05T04:19:05Z,92,7,0,10,2,0,1,1,1,1783225059
2026-07-05T04:19:05Z,93,22,1,1,0,0,1,1,1,1783222944
2026-07-05T04:19:05Z,94,17,1,2,0,0,1,1,1,1783224849
2026-07-05T04:19:05Z,95,33,6,1,1,0,1,1,1,1783225127
2026-07-05T04:19:05Z,96,30,5,0,1,0,1,1,1,1783224023
2026-07-05T04:19:05Z,97,6,1,9,1,0,1,1,1,1783225031
2026-07-05T04:19:05Z,98,21,6,13,1,0,1,1,1,1783224586
2026-07-05T04:19:05Z,99,14,0,0,0,0,1,1,1,1783223772
2026-07-05T04:19:05Z,100,18,0,8,1,0,1,1,1,1783224499
2026-07-05T04:19:05Z,101,7,0,7,1,0,1,1,1,1783224005
2026-07-05T04:19:05Z,102,18,2,5,0,0,1,1,1,1783224878
2026-07-05T04:19:05Z,103,17,1,12,3,0,1,1,1,1783225135
2026-07-05T04:19:05Z,104,3,0,22,2,0,1,1,1,1783225091
2026-07-05T04:19:05Z,105,12,0,5,2,0,1,1,1,1783221518
2026-07-05T04:19:05Z,106,0,0,21,0,0,1,1,1,1783222328
2026-07-05T04:19:05Z,107,29,0,6,2,0,1,1,1,1783223825
2026-07-05T04:19:05Z,108,7,0,25,2,1,1,1,1,1783224965
2026-07-05T04:19:05Z,109,20,1,3,0,0,1,1,1,1783225079
2026-07-05T04:19:05Z,110,7,1,16,0,0,1,1,1,1783225004
2026-07-05T04:19:05Z,111,2,0,33,1,0,1,1,1,1783225126
2026-07-05T04:19:05Z,112,6,0,11,2,0,1,1,1,1783224919
2026-07-05T04:19:05Z,113,6,0,11,2,0,1,1,1,1783224900
2026-07-05T04:19:05Z,114,15,7,13,3,0,1,1,1,1783224830
2026-07-05T04:19:05Z,115,9,0,16,1,0,1,1,1,1783224714
2026-07-05T04:19:05Z,116,8,1,19,0,0,1,1,1,1783224130
2026-07-05T04:19:05Z,118,12,4,7,4,0,1,1,1,1783225125
2026-07-05T04:19:05Z,119,35,11,1,2,0,1,1,1,1783225028
2026-07-05T04:19:05Z,120,23,2,2,2,0,1,1,1,1783224894
2026-07-05T04:19:05Z,121,4,0,15,0,0,1,1,1,1783225117
2026-07-05T04:19:05Z,122,6,0,12,3,0,1,1,1,1783225048
2026-07-05T04:19:05Z,123,34,0,13,0,0,1,1,1,1783221766
2026-07-05T04:19:05Z,124,19,5,8,0,0,1,1,1,1783225132
2026-07-05T04:19:05Z,125,7,3,16,0,0,1,1,1,1783224274
2026-07-05T04:19:05Z,126,12,2,19,0,0,1,1,1,1783224217
2026-07-05T04:19:05Z,127,0,0,30,0,1,0,1,1,1783001724
2026-07-05T04:19:05Z,128,11,3,7,1,0,1,1,1,1783224486
2026-07-05T04:19:05Z,129,16,2,2,1,0,1,1,1,1783224378
2026-07-05T04:19:05Z,130,17,0,0,0,0,1,1,1,1783224034
2026-07-05T04:19:05Z,131,1,0,8,2,0,1,1,1,1783222962
2026-07-05T04:19:05Z,132,4,0,10,0,1,1,1,1,1783223091
2026-07-05T04:19:05Z,133,5,1,18,0,0,1,1,1,1783224197
2026-07-05T04:19:05Z,134,4,1,18,1,0,1,1,1,1783223552
2026-07-05T04:19:05Z,135,13,1,4,2,0,1,1,1,1783224841
2026-07-05T04:19:05Z,136,20,0,2,0,0,1,1,1,1783224782
2026-07-05T04:19:05Z,137,0,0,19,0,0,1,1,1,1783225111
2026-07-05T04:19:05Z,138,26,3,11,0,0,1,1,1,1783225107
2026-07-05T04:19:05Z,139,17,5,0,2,0,1,1,1,1783224268
2026-07-05T04:19:05Z,140,13,2,9,1,0,1,1,1,1783224778
2026-07-05T04:19:05Z,141,11,0,12,2,0,1,1,1,1783225080
2026-07-05T04:19:05Z,142,0,0,19,0,0,0,1,1,1782498468
2026-07-05T04:19:05Z,143,21,1,9,1,0,1,1,1,1783225053
2026-07-05T04:19:05Z,144,19,1,8,0,0,1,1,1,1783224899
2026-07-05T04:19:05Z,145,26,1,4,1,0,1,1,1,1783225069
2026-07-05T04:19:05Z,146,17,1,6,0,0,1,1,1,1783224978
2026-07-05T04:19:05Z,147,3,1,14,2,0,1,1,1,1783225102
2026-07-05T04:19:05Z,148,9,0,17,1,0,1,1,1,1783225087
2026-07-05T04:19:05Z,149,11,2,8,0,0,1,1,1,1783225128
2026-07-05T04:19:05Z,150,13,4,20,2,0,1,1,1,1783224998
2026-07-05T04:19:05Z,151,14,2,9,0,0,1,1,1,1783224921
2026-07-05T04:19:05Z,152,16,0,10,0,0,1,1,1,1783224275
2026-07-05T04:19:05Z,153,19,1,0,4,0,1,1,1,1783224834
2026-07-05T04:19:05Z,154,7,2,11,5,0,1,1,1,1783225122
2026-07-05T04:19:05Z,155,4,3,8,2,0,1,1,1,1783224464
2026-07-05T04:19:05Z,156,2,1,14,3,0,1,1,1,1783225129
2026-07-05T04:19:05Z,157,2,0,19,0,0,1,1,1,1783224991
2026-07-05T04:19:05Z,158,1,1,16,2,0,1,1,1,1783224956
2026-07-05T04:19:05Z,159,15,7,3,1,0,1,1,1,1783224962
2026-07-05T04:19:05Z,160,4,1,13,2,0,1,1,1,1783224988
2026-07-05T04:19:05Z,161,5,0,17,1,0,1,1,1,1783225130
2026-07-05T04:19:05Z,162,11,6,15,1,0,1,1,1,1783224992
2026-07-05T04:19:05Z,163,11,1,20,0,0,1,1,1,1783224768
2026-07-05T04:19:05Z,164,14,3,13,0,0,1,1,1,1783224266
2026-07-05T04:19:05Z,165,2,2,25,3,0,1,1,1,1783225080
2026-07-05T04:19:05Z,166,12,3,24,2,0,1,1,1,1783224817
2026-07-05T04:19:05Z,167,16,10,6,1,0,1,1,1,1783225111
2026-07-05T04:19:05Z,168,11,1,14,1,1,1,1,1,1783225121
2026-07-05T04:19:05Z,169,0,0,23,0,0,1,1,1,1783222579
2026-07-05T04:19:05Z,170,0,0,17,2,0,1,1,1,1783222436
2026-07-05T04:19:05Z,171,9,4,3,1,0,1,1,1,1783225049
2026-07-05T04:19:05Z,173,6,0,29,2,0,1,1,1,1783224827
2026-07-05T04:19:05Z,174,23,1,2,0,0,1,1,1,1783224400
2026-07-05T04:19:05Z,175,16,1,15,0,0,1,1,1,1783224929
2026-07-05T04:19:05Z,176,4,1,10,0,1,1,1,1,1783224918
2026-07-05T04:19:05Z,177,14,0,12,1,0,1,1,1,1783224669
2026-07-05T04:19:05Z,178,9,0,4,2,0,1,1,1,1783224783
2026-07-05T04:19:05Z,179,9,1,3,3,0,1,1,1,1783224918
2026-07-05T04:19:05Z,180,21,0,8,1,0,1,1,1,1783222721
2026-07-05T04:19:05Z,181,7,5,3,3,1,1,1,1,1783225127
2026-07-05T04:19:05Z,182,15,1,4,0,0,1,1,1,1783224868
2026-07-05T04:19:05Z,183,12,3,11,0,0,1,1,1,1783224949
2026-07-05T04:19:05Z,184,1,1,21,1,0,1,1,1,1783225022
2026-07-05T04:19:05Z,185,1,1,11,2,1,1,1,1,1783221753
2026-07-05T04:19:05Z,186,10,0,9,0,0,1,1,1,1783225084
2026-07-05T04:19:05Z,187,27,1,1,1,0,1,1,1,1783225065
2026-07-05T04:19:05Z,188,4,1,17,2,4,1,1,1,1783225015
2026-07-05T04:19:05Z,189,7,3,8,0,0,1,1,1,1783224487
2026-07-05T04:19:05Z,190,0,0,23,0,0,1,1,1,1783224920
2026-07-05T04:19:05Z,191,6,1,31,2,0,1,1,1,1783224957
2026-07-05T04:19:05Z,192,9,3,22,0,0,1,1,1,1783224878
2026-07-05T04:19:05Z,193,6,4,8,1,0,1,1,1,1783225073
2026-07-05T04:19:05Z,194,3,0,12,0,0,1,1,1,1783224853
2026-07-05T04:19:05Z,195,3,2,16,0,0,1,1,1,1783224143
2026-07-05T04:19:05Z,196,14,2,13,0,0,1,1,1,1783224958
2026-07-05T04:19:05Z,197,6,2,12,0,1,1,1,1,1783224594
2026-07-05T04:19:05Z,198,3,1,20,0,0,1,1,1,1783224807
2026-07-05T04:19:05Z,199,1,0,12,2,0,1,1,1,1783224819
2026-07-05T04:19:05Z,200,3,0,23,0,0,1,1,1,1783224706
2026-07-05T04:19:05Z,201,15,1,8,0,0,1,1,1,1783222677
2026-07-05T04:19:05Z,202,0,0,21,0,0,0,1,1,1783093344
2026-07-05T04:19:05Z,203,18,0,13,0,0,1,1,1,1783223363
2026-07-05T04:19:05Z,204,23,2,11,1,0,1,1,1,1783225110
2026-07-05T04:19:05Z,205,19,2,8,0,0,1,1,1,1783223954
2026-07-05T04:19:05Z,206,1,0,13,1,0,1,1,1,1783224967
2026-07-05T04:19:05Z,207,2,0,18,1,0,1,1,1,1783225131
2026-07-05T04:19:05Z,208,1,1,28,0,0,1,1,1,1783225112
2026-07-05T04:19:05Z,209,10,0,20,1,0,1,1,1,1783225134
2026-07-05T04:19:05Z,210,13,10,14,0,0,1,1,1,1783225009
2026-07-05T04:19:05Z,211,11,3,12,0,0,1,1,1,1783225020
2026-07-05T04:19:05Z,212,21,0,14,0,0,1,1,1,1783224795
2026-07-05T04:19:05Z,213,21,2,1,1,0,1,1,1,1783224820
2026-07-05T04:19:05Z,214,21,5,23,3,0,1,1,1,1783224263
2026-07-05T04:19:05Z,215,1,0,22,0,0,1,1,1,1783224876
2026-07-05T04:19:05Z,216,17,0,0,2,0,1,1,1,1783225137
2026-07-05T04:19:05Z,217,14,0,14,1,0,1,1,1,1783225107
2026-07-05T04:19:05Z,218,19,7,16,4,0,1,1,1,1783225108
2026-07-05T04:19:05Z,219,0,0,26,0,0,0,1,1,1783102715
2026-07-05T04:19:05Z,220,19,19,24,0,0,1,1,1,1783224706
2026-07-05T04:19:05Z,221,12,12,2,0,0,1,1,1,1783224865
2026-07-05T04:19:05Z,222,2,2,17,0,0,1,1,1,1783224839
2026-07-05T04:19:05Z,223,10,5,21,4,0,1,1,1,1783224842
2026-07-05T04:19:05Z,224,21,3,1,0,0,1,1,1,1783225077
2026-07-05T04:19:05Z,225,7,1,8,4,0,1,1,1,1783218949
2026-07-05T04:19:05Z,226,7,7,23,1,0,1,1,1,1783225012
2026-07-05T04:19:05Z,227,5,4,22,0,0,1,1,1,1783225110
2026-07-05T04:19:05Z,228,12,5,6,1,0,1,1,1,1783224613
2026-07-05T04:19:05Z,230,6,2,17,0,0,1,1,1,1783224360
2026-07-05T04:19:05Z,232,3,1,15,1,0,1,1,1,1783224586
2026-07-05T04:19:05Z,233,26,6,4,1,0,1,1,1,1783225033
2026-07-05T04:19:05Z,234,14,2,0,4,1,1,1,1,1783225096
2026-07-05T04:19:05Z,236,17,7,0,2,0,1,1,1,1783223826
2026-07-05T04:19:05Z,237,10,2,13,0,0,1,1,1,1783225133
2026-07-05T04:19:05Z,239,0,0,27,0,0,1,1,1,1783225093
2026-07-05T04:19:05Z,241,11,4,12,0,0,1,1,1,1783225021
2026-07-05T04:19:05Z,242,2,2,21,0,0,1,1,1,1783224867
2026-07-05T04:19:05Z,243,14,4,16,1,0,1,1,1,1783225106
2026-07-05T04:19:05Z,244,22,6,5,0,0,1,1,1,1783224826
2026-07-05T04:19:05Z,245,7,0,16,0,0,1,1,1,1783225066
2026-07-05T04:19:05Z,246,3,1,20,0,0,1,1,1,1783224745
2026-07-05T04:19:05Z,247,6,4,17,0,0,1,1,1,1783223455
2026-07-05T04:19:05Z,248,0,0,19,4,0,1,1,1,1783224093
2026-07-05T04:19:05Z,249,5,2,13,1,0,1,1,1,1783225063
2026-07-05T04:19:05Z,250,3,1,24,0,0,1,1,1,1783224849
2026-07-05T04:19:05Z,251,0,0,24,3,0,1,1,1,1783224999
2026-07-05T04:19:05Z,253,2,0,17,0,0,1,1,1,1783224597
2026-07-05T04:19:05Z,254,24,1,16,3,0,1,1,1,1783225068
2026-07-05T04:19:05Z,255,15,0,8,0,0,1,1,1,1783224617
2026-07-05T04:19:05Z,256,9,3,14,0,0,1,1,1,1783225067
2026-07-05T04:19:05Z,257,12,2,6,1,0,1,1,1,1783224093
2026-07-05T04:19:05Z,258,3,1,14,2,0,1,1,1,1783225118
2026-07-05T04:19:05Z,259,17,2,5,1,0,1,1,1,1783225113
2026-07-05T04:19:05Z,260,6,2,13,0,0,1,1,1,1783224437
2026-07-05T04:19:05Z,261,17,2,0,2,0,1,1,1,1783222498
2026-07-05T04:19:05Z,262,9,4,13,1,0,1,1,1,1783224916
2026-07-05T04:19:05Z,263,5,2,10,0,0,1,1,1,1783224494
2026-07-05T04:19:05Z,264,11,7,8,0,0,1,1,1,1783225018
2026-07-05T04:19:05Z,265,14,0,1,0,0,1,1,1,1783224943
2026-07-05T04:19:05Z,266,9,0,9,1,0,1,1,1,1783224578
2026-07-05T04:19:05Z,267,4,0,11,0,0,1,1,1,1783205904
2026-07-05T04:19:05Z,268,1,0,19,3,0,1,1,1,1783224370
2026-07-05T04:19:05Z,269,3,0,20,0,0,1,1,1,1783222107
2026-07-05T04:19:05Z,270,0,0,27,0,0,1,1,1,1783223688
2026-07-05T04:19:05Z,271,0,0,16,3,0,1,1,1,1783225128
2026-07-05T04:19:05Z,272,21,4,2,0,0,1,1,1,1783223828
2026-07-05T04:19:05Z,273,11,8,4,0,0,1,1,1,1783224207
2026-07-05T04:19:05Z,274,6,3,12,1,0,1,1,1,1783224444
2026-07-05T04:19:05Z,275,18,1,4,1,0,1,1,1,1783224934
2026-07-05T04:19:05Z,276,5,3,20,1,1,1,1,1,1783224985
2026-07-05T04:19:05Z,277,0,0,21,2,0,1,1,1,1783225127
2026-07-05T04:19:05Z,278,9,5,20,1,1,1,1,1,1783225120
2026-07-05T04:19:05Z,279,0,0,19,0,0,1,1,1,1783225018
2026-07-05T04:19:05Z,280,10,0,17,4,0,1,1,1,1783224997
2026-07-05T04:19:05Z,281,2,0,21,0,0,1,1,1,1783225111
2026-07-05T04:19:05Z,282,11,0,5,0,0,1,1,1,1783223608
2026-07-05T04:19:05Z,283,17,2,16,2,0,1,1,1,1783225109
2026-07-05T04:19:05Z,284,6,5,28,1,0,1,1,1,1783225095
2026-07-05T04:19:05Z,285,1,0,22,0,0,1,1,1,1783224730
2026-07-05T04:19:05Z,286,5,2,17,1,0,1,1,1,1783223406
2026-07-05T04:19:05Z,287,13,9,7,3,0,1,1,1,1783223498
2026-07-05T04:19:05Z,288,6,2,11,2,0,1,1,1,1783224311
2026-07-05T04:19:05Z,289,23,0,3,1,0,1,1,1,1783225135
2026-07-05T04:19:05Z,290,32,0,4,3,0,1,1,1,1783224713
2026-07-05T04:19:05Z,291,8,0,15,0,0,1,1,1,1783224880
2026-07-05T04:19:05Z,292,2,0,21,0,0,1,1,1,1783224123
2026-07-05T04:19:05Z,293,1,0,21,1,0,1,1,1,1783224407
2026-07-05T04:19:05Z,294,7,2,14,1,0,1,1,1,1783224829
2026-07-05T04:19:05Z,297,3,0,15,1,0,1,1,1,1783224848
2026-07-05T04:19:05Z,301,9,1,9,1,0,1,1,1,1783224445
2026-07-05T04:19:05Z,302,0,0,22,2,0,1,1,1,1783224442
2026-07-05T04:19:05Z,303,8,1,10,1,0,1,1,1,1783224957
2026-07-05T04:19:05Z,304,0,0,0,0,0,0,1,1,86400
2026-07-05T04:19:05Z,305,1,1,18,0,0,1,1,1,1783220958
2026-07-05T04:19:05Z,306,2,2,28,2,0,1,1,1,1783224913
2026-07-05T04:19:05Z,307,2,1,19,2,0,1,1,1,1783224344
2026-07-05T04:19:05Z,308,16,1,1,2,0,1,1,1,1783224731
2026-07-05T04:19:05Z,309,3,2,0,6,0,1,1,1,1783225131
2026-07-05T04:19:05Z,311,11,1,4,0,0,1,1,1,1783224507
2026-07-05T04:19:05Z,312,6,0,12,4,1,1,1,1,1783224295
2026-07-05T04:19:05Z,313,15,0,0,0,0,1,1,1,1783222784
2026-07-05T04:19:05Z,314,7,1,10,2,0,1,1,1,1783224818
2026-07-05T04:19:05Z,315,0,0,31,0,0,0,1,1,1783017696
2026-07-05T04:19:05Z,316,10,1,3,2,0,1,1,1,1783224915
2026-07-05T04:19:05Z,317,4,3,22,5,0,1,1,1,1783225115
2026-07-05T04:19:05Z,318,12,1,5,0,0,1,1,1,1783223689
2026-07-05T04:19:05Z,319,14,0,11,2,0,1,1,1,1783224324
2026-07-05T04:19:05Z,320,11,0,7,1,0,1,1,1,1783222619
2026-07-05T04:19:05Z,321,17,2,0,2,0,1,1,1,1783220081
2026-07-05T04:19:05Z,322,8,2,21,0,0,1,1,1,1783222625
2026-07-05T04:19:05Z,323,8,0,11,0,0,1,1,1,1783224694
2026-07-05T04:19:05Z,324,20,5,6,1,0,1,1,1,1783225087
2026-07-05T04:19:05Z,325,5,0,20,2,0,1,1,1,1783224678
2026-07-05T04:19:05Z,327,12,3,13,0,2,1,1,1,1783224361
2026-07-05T04:19:05Z,328,7,1,15,0,1,1,1,1,1783224982
2026-07-05T04:19:05Z,329,11,0,8,0,0,1,1,1,1783223995
2026-07-05T04:19:05Z,330,3,1,19,0,0,1,1,1,1783224591
2026-07-05T04:19:05Z,331,14,0,9,0,0,1,1,1,1783224619
2026-07-05T04:19:05Z,332,4,1,15,0,0,1,1,1,1783223850
2026-07-05T04:19:05Z,333,5,2,18,0,0,1,1,1,1783225132
2026-07-05T04:19:05Z,334,3,1,20,0,0,1,1,1,1783225121
2026-07-05T04:19:05Z,335,1,1,20,1,1,1,1,1,1783223676
2026-07-05T04:19:05Z,336,5,2,14,0,0,1,1,1,1783225034
2026-07-05T04:19:05Z,337,12,4,8,3,0,1,1,1,1783225072
2026-07-05T04:19:05Z,338,8,2,11,0,0,1,1,1,1783224029
2026-07-05T04:19:05Z,339,0,0,22,1,0,1,1,1,1783224020
2026-07-05T04:19:05Z,340,9,6,5,1,0,1,1,1,1783224692
2026-07-05T04:19:05Z,341,5,5,13,1,0,1,1,1,1783224847
2026-07-05T04:19:05Z,342,13,4,1,1,0,1,1,1,1783225038
2026-07-05T04:19:05Z,343,9,5,13,1,0,1,1,1,1783225005
2026-07-05T04:19:05Z,344,4,1,18,1,0,1,1,1,1783224680
2026-07-05T04:19:05Z,345,14,1,4,1,0,1,1,1,1783225053
2026-07-05T04:19:05Z,346,22,1,1,0,0,1,1,1,1783223472
2026-07-05T04:19:05Z,347,3,0,44,0,0,1,1,1,1783225117
2026-07-05T04:19:05Z,348,22,2,1,0,0,1,1,1,1783224183
2026-07-05T04:19:05Z,349,3,1,14,2,0,1,1,1,1783225118
2026-07-05T04:19:05Z,350,16,2,10,0,1,1,1,1,1783224639
2026-07-05T04:19:05Z,351,1,0,20,2,0,1,1,1,1783224858
2026-07-05T04:19:05Z,355,3,1,19,1,0,1,1,1,1783224536
2026-07-05T04:19:05Z,356,12,0,5,2,0,1,1,1,1783225119
2026-07-05T04:19:05Z,357,11,5,8,0,0,1,1,1,1783224394
2026-07-05T04:19:05Z,359,15,1,10,2,0,1,1,1,1783223503
2026-07-05T04:19:05Z,360,6,1,13,0,0,1,1,1,1783223287
2026-07-05T04:19:05Z,362,13,8,3,3,0,1,1,1,1783222952
2026-07-05T04:19:05Z,363,2,0,25,0,0,1,1,1,1783225115
2026-07-05T04:19:05Z,364,4,2,13,1,1,1,1,1,1783225134
2026-07-05T04:19:05Z,365,14,11,8,1,0,1,1,1,1783224877
2026-07-05T04:19:05Z,366,14,1,7,2,0,1,1,1,1783225098
2026-07-05T04:19:05Z,367,12,3,6,1,0,1,1,1,1783223159
2026-07-05T04:19:05Z,368,22,1,1,0,0,1,1,1,1783224286
2026-07-05T04:19:05Z,370,2,1,11,4,0,1,1,1,1783225005
2026-07-05T04:19:05Z,371,4,0,14,1,0,1,1,1,1783223169
2026-07-05T04:19:05Z,372,13,0,2,0,0,1,1,1,1783224651
2026-07-05T04:19:05Z,373,24,6,2,0,0,1,1,1,1783216971
2026-07-05T04:19:05Z,374,13,2,4,0,0,1,1,1,1783224905
2026-07-05T04:19:05Z,375,13,4,13,1,0,1,1,1,1783224292
2026-07-05T04:19:05Z,376,15,4,24,0,0,1,1,1,1783224286
2026-07-05T04:19:05Z,377,13,2,11,3,0,1,1,1,1783224741
2026-07-05T04:19:05Z,378,15,5,7,2,0,1,1,1,1783224970
2026-07-05T04:19:05Z,379,12,2,15,0,0,1,1,1,1783225067
2026-07-05T04:19:05Z,380,10,2,12,1,0,1,1,1,1783224416
2026-07-05T04:19:05Z,381,21,1,2,0,0,1,1,1,1783224984
2026-07-05T04:19:05Z,383,14,2,1,0,0,1,1,1,1783224082
2026-07-05T04:19:05Z,384,4,1,14,1,0,1,1,1,1783224786
2026-07-05T04:19:05Z,385,11,0,7,0,0,1,1,1,1783224414
2026-07-05T04:19:05Z,387,21,3,2,0,0,1,1,1,1783224387
2026-07-05T04:19:05Z,388,15,0,30,4,0,1,1,1,1783225015
2026-07-05T04:19:05Z,389,0,0,14,1,0,1,1,1,1783224811
2026-07-05T04:19:05Z,390,16,2,11,0,0,1,1,1,1783224760
2026-07-05T04:19:05Z,391,10,7,4,1,0,1,1,1,1783223657
2026-07-05T04:19:05Z,392,7,6,12,0,0,1,1,1,1783220392
2026-07-05T04:19:05Z,393,1,1,8,2,0,1,1,1,1783221246
2026-07-05T04:19:05Z,394,6,2,8,0,1,1,1,1,1783222485
2026-07-05T04:19:05Z,396,4,1,35,3,0,1,1,1,1783224930
2026-07-05T04:19:05Z,397,3,2,27,1,0,1,1,1,1783222300
2026-07-05T04:19:05Z,399,15,0,1,1,0,1,1,1,1783224811
2026-07-05T04:19:05Z,400,4,1,16,3,0,1,1,1,1783224412
2026-07-05T04:19:05Z,401,1,1,29,1,0,1,1,1,1783225124
2026-07-05T04:19:05Z,403,17,9,11,3,0,1,1,1,1783225094
2026-07-05T04:19:05Z,404,0,0,20,3,0,1,1,1,1783224798
2026-07-05T04:19:05Z,406,3,0,28,4,0,1,1,1,1783224031
2026-07-05T04:19:05Z,407,3,0,31,0,0,1,1,1,1783224579
2026-07-05T04:19:05Z,408,8,3,24,1,0,1,1,1,1783223906
2026-07-05T04:19:05Z,409,0,0,22,1,0,1,1,1,1783218138
2026-07-05T04:19:05Z,413,11,3,10,2,0,1,1,1,1783223407
2026-07-05T04:19:05Z,414,11,2,4,0,0,1,1,1,1783224785
2026-07-05T04:19:05Z,417,19,6,0,0,0,1,1,1,1783224946
2026-07-05T04:19:05Z,418,5,2,10,0,0,1,1,1,1783223261
2026-07-05T04:19:05Z,419,20,3,1,2,0,1,1,1,1783224386
2026-07-05T04:19:05Z,421,15,1,4,0,0,1,1,1,1783225103
2026-07-05T04:19:05Z,422,7,3,20,0,0,1,1,1,1783223720
2026-07-05T04:19:05Z,423,11,3,12,0,0,1,1,1,1783224028
2026-07-05T04:19:05Z,424,0,0,14,1,0,1,1,1,1783224202
2026-07-05T04:19:05Z,425,16,0,6,0,0,1,1,1,1783225094
2026-07-05T04:19:05Z,426,2,0,33,2,0,1,1,1,1783224803
2026-07-05T04:19:05Z,427,8,1,6,0,1,1,1,1,1783224723
2026-07-05T04:19:05Z,428,17,0,2,0,0,1,1,1,1783223166
2026-07-05T04:19:05Z,429,20,6,0,3,0,1,1,1,1783225092
2026-07-05T04:19:05Z,430,27,1,1,3,0,1,1,1,1783224812
2026-07-05T04:19:05Z,431,22,1,7,2,2,1,1,1,1783223487
2026-07-05T04:19:05Z,432,0,0,30,1,0,1,1,1,1783224877
2026-07-05T04:19:05Z,433,21,3,0,2,0,1,1,1,1783222855
2026-07-05T04:19:05Z,437,5,2,12,2,0,1,1,1,1783225122
2026-07-05T04:19:05Z,438,6,1,12,1,0,1,1,1,1783216671
2026-07-05T04:19:05Z,439,9,2,6,0,0,1,1,1,1783224240
2026-07-05T04:19:05Z,440,14,0,0,1,0,1,1,1,1783224982
2026-07-05T04:19:05Z,441,2,1,12,1,0,1,1,1,1783225004
2026-07-05T04:19:05Z,442,8,2,10,1,0,1,1,1,1783222875
2026-07-05T04:19:05Z,443,8,0,19,0,0,1,1,1,1783195674
2026-07-05T04:19:05Z,444,9,5,14,0,0,1,1,1,1783219201
2026-07-05T04:19:05Z,445,11,6,11,1,0,1,1,1,1783219197
2026-07-05T04:19:05Z,446,6,0,16,0,1,1,1,1,1783224960
2026-07-05T04:19:05Z,447,5,0,16,2,0,1,1,1,1783214647
2026-07-05T04:19:05Z,448,12,2,0,2,1,1,1,1,1783224276
2026-07-05T04:19:05Z,452,9,2,9,1,0,1,1,1,1783224905
2026-07-05T04:19:05Z,453,4,2,9,2,0,1,1,1,1783224774
2026-07-05T04:19:05Z,454,6,1,11,1,1,1,1,1,1783224489
2026-07-05T04:19:05Z,455,0,0,39,0,0,0,1,1,1782992996
2026-07-05T04:19:05Z,456,12,1,7,4,0,1,1,1,1783225133
2026-07-05T04:19:05Z,457,6,0,19,2,0,1,1,1,1783225092
2026-07-05T04:19:05Z,458,5,0,16,2,0,1,1,1,1783223936
2026-07-05T04:19:05Z,459,15,6,0,0,0,1,1,1,1783224425
2026-07-05T04:19:05Z,460,10,2,13,0,0,1,1,1,1783224613
2026-07-05T04:19:05Z,461,7,0,9,3,0,1,1,1,1783224906
2026-07-05T04:19:05Z,462,12,0,9,0,0,1,1,1,1783224552
2026-07-05T04:19:05Z,463,11,1,7,1,0,1,1,1,1783224311
2026-07-05T04:19:05Z,464,3,0,10,1,0,1,1,1,1783224898
2026-07-05T04:19:05Z,465,2,0,13,0,0,1,1,1,1783223540
2026-07-05T04:19:05Z,466,15,5,0,0,0,1,1,1,1783222933
2026-07-05T04:19:05Z,467,4,1,11,0,0,1,1,1,1783223173
2026-07-05T04:19:05Z,468,2,2,17,0,0,1,1,1,1783215781
2026-07-05T04:19:05Z,469,1,0,20,1,1,1,1,1,1783224018
2026-07-05T04:19:05Z,470,15,1,0,0,0,1,1,1,1783225091
2026-07-05T04:19:05Z,471,16,1,10,1,0,1,1,1,1783224774
2026-07-05T04:19:05Z,472,11,3,6,2,0,1,1,1,1783223130
2026-07-05T04:19:05Z,473,2,2,16,1,0,1,1,1,1783223967
2026-07-05T04:19:05Z,474,13,0,5,1,0,1,1,1,1783223996
2026-07-05T04:19:05Z,475,5,1,14,0,0,1,1,1,1783224061
2026-07-05T04:19:05Z,476,8,3,12,3,0,1,1,1,1783224780
2026-07-05T04:19:05Z,477,10,2,4,1,0,1,1,1,1783224292
2026-07-05T04:19:05Z,478,1,1,26,4,0,1,1,1,1783225069
2026-07-05T04:19:05Z,479,12,0,11,3,1,1,1,1,1783225119
2026-07-05T04:19:05Z,480,12,1,1,2,0,1,1,1,1783224965
2026-07-05T04:19:05Z,481,29,0,6,0,0,1,1,1,1783224930
2026-07-05T04:19:05Z,482,7,5,11,1,0,1,1,1,1783223759
2026-07-05T04:19:05Z,483,14,0,12,0,1,1,1,1,1783225038
2026-07-05T04:19:05Z,484,3,0,16,0,0,1,1,1,1783223797
2026-07-05T04:19:05Z,485,13,3,5,0,1,1,1,1,1783225091
2026-07-05T04:19:05Z,486,12,0,14,1,0,1,1,1,1783224949
2026-07-05T04:19:05Z,487,5,4,12,2,0,1,1,1,1783225131
2026-07-05T04:19:05Z,489,3,2,12,0,0,1,1,1,1783225133
2026-07-05T04:19:05Z,490,11,8,3,2,0,1,1,1,1783223679
2026-07-05T04:19:05Z,491,17,3,2,2,0,1,1,1,1783225130
2026-07-05T04:19:05Z,492,4,3,2,5,0,1,1,1,1783223455
2026-07-05T04:19:05Z,493,5,0,22,0,0,1,1,1,1783223467
2026-07-05T04:19:05Z,495,12,1,1,2,0,1,1,1,1783225020
2026-07-05T04:19:05Z,496,6,0,20,1,0,1,1,1,1783224117
2026-07-05T04:19:05Z,497,17,0,2,0,0,1,1,1,1783224953
2026-07-05T04:19:05Z,498,20,5,3,0,0,1,1,1,1783224701
2026-07-05T04:19:05Z,499,10,1,6,3,0,1,1,1,1783223503
2026-07-05T04:19:05Z,500,9,2,5,1,0,1,1,1,1783225046
2026-07-05T04:19:05Z,501,6,1,14,1,0,1,1,1,1783224390
2026-07-05T04:19:05Z,502,4,0,15,0,0,1,1,1,1783221629
2026-07-05T04:19:05Z,503,18,1,13,0,0,1,1,1,1783224768
2026-07-05T04:19:05Z,504,1,0,38,0,0,1,1,1,1783224712
2026-07-05T04:19:05Z,505,2,0,15,1,0,1,1,1,1783225134
2026-07-05T04:19:05Z,511,8,1,15,0,0,1,1,1,1783224973
2026-07-05T04:19:05Z,512,11,0,8,0,0,1,1,1,1783221801
2026-07-05T04:19:05Z,514,8,3,2,1,0,1,1,1,1783224646
2026-07-05T04:19:05Z,515,11,0,8,0,0,1,1,1,1783222219
2026-07-05T04:19:05Z,516,21,0,5,1,0,1,1,1,1783225091
2026-07-05T04:19:05Z,517,16,7,7,0,0,1,1,1,1783223624
2026-07-05T04:19:05Z,518,6,2,9,0,0,1,1,1,1783223034
2026-07-05T04:19:05Z,519,16,0,3,0,0,1,1,1,1783222896
2026-07-05T04:19:05Z,520,4,1,21,2,0,1,1,1,1783224455
2026-07-05T04:19:05Z,521,6,0,17,0,0,1,1,1,1783224995
2026-07-05T04:19:05Z,522,12,0,11,0,0,1,1,1,1783224219
2026-07-05T04:19:05Z,523,6,1,16,1,0,1,1,1,1783223586
2026-07-05T04:19:05Z,524,15,0,6,2,0,1,1,1,1783224933
2026-07-05T04:19:05Z,525,12,0,7,0,0,1,1,1,1783223595
2026-07-05T04:19:05Z,526,10,4,4,1,0,1,1,1,1783224573
2026-07-05T04:19:05Z,527,2,2,22,2,0,1,1,1,1783225004
2026-07-05T04:19:05Z,528,11,3,11,1,0,1,1,1,1783224279
2026-07-05T04:19:05Z,529,7,3,11,1,0,1,1,1,1783224254
2026-07-05T04:19:05Z,530,11,2,9,1,0,1,1,1,1783224587
2026-07-05T04:19:05Z,531,18,1,4,0,1,1,1,1,1783223876
2026-07-05T04:19:05Z,532,3,1,27,1,0,1,1,1,1783225029
2026-07-05T04:19:05Z,533,10,0,8,1,0,1,1,1,1783225048
2026-07-05T04:19:05Z,534,6,3,15,2,0,1,1,1,1783224798
2026-07-05T04:19:05Z,535,3,1,11,1,0,1,1,1,1783224246
2026-07-05T04:19:05Z,536,22,0,0,1,0,1,1,1,1783225095
2026-07-05T04:19:05Z,537,1,0,19,1,0,1,1,1,1783223600
2026-07-05T04:19:05Z,538,15,4,3,1,0,1,1,1,1783224984
2026-07-05T04:19:05Z,539,11,2,17,3,0,1,1,1,1783224964
2026-07-05T04:19:05Z,540,10,4,9,0,0,1,1,1,1783224803
2026-07-05T04:19:05Z,541,18,1,8,1,0,1,1,1,1783223961
2026-07-05T04:19:05Z,542,5,2,18,0,0,1,1,1,1783224988
2026-07-05T04:19:05Z,543,14,2,2,3,0,1,1,1,1783224386
2026-07-05T04:19:05Z,544,15,2,6,2,0,1,1,1,1783225060
2026-07-05T04:19:05Z,545,18,0,1,0,0,1,1,1,1783224708
2026-07-05T04:19:05Z,546,2,1,17,0,0,1,1,1,1783224158
2026-07-05T04:19:05Z,547,11,2,11,1,0,1,1,1,1783224623
2026-07-05T04:19:05Z,548,0,0,22,1,0,1,1,1,1783225064
2026-07-05T04:19:05Z,549,14,1,7,0,0,1,1,1,1783224958
2026-07-05T04:19:05Z,550,1,1,18,0,0,1,1,1,1783223023
2026-07-05T04:19:05Z,551,19,6,3,1,0,1,1,1,1783218704
2026-07-05T04:19:05Z,552,17,0,10,0,0,1,1,1,1783223629
2026-07-05T04:19:05Z,553,12,1,11,0,0,1,1,1,1783224875
2026-07-05T04:19:05Z,554,3,1,16,0,0,1,1,1,1783223157
2026-07-05T04:19:05Z,555,9,3,5,1,0,1,1,1,1783224763
2026-07-05T04:19:05Z,556,6,2,15,2,0,1,1,1,1783224558
2026-07-05T04:19:05Z,557,0,0,23,0,0,0,1,1,1781719859
2026-07-05T04:19:05Z,558,9,2,27,1,0,1,1,1,1783225131
2026-07-05T04:19:05Z,559,12,0,6,1,0,1,1,1,1783210010
2026-07-05T04:19:05Z,560,23,0,3,1,0,1,1,1,1783225122
2026-07-05T04:19:05Z,561,11,2,11,1,0,1,1,1,1783223362
2026-07-05T04:19:05Z,562,7,1,27,1,0,1,1,1,1783225100
2026-07-05T04:19:05Z,563,13,0,1,0,0,1,1,1,1783218114
2026-07-05T04:19:05Z,564,14,1,4,1,0,1,1,1,1783224881
2026-07-05T04:19:05Z,565,7,1,12,0,0,1,1,1,1783225059
2026-07-05T04:19:05Z,566,4,0,14,1,0,1,1,1,1783224906
2026-07-05T04:19:05Z,567,23,2,3,1,0,1,1,1,1783224622
2026-07-05T04:19:05Z,568,1,0,18,0,0,1,1,1,1783223823
2026-07-05T04:19:05Z,569,14,1,5,0,0,1,1,1,1783223614
2026-07-05T04:19:05Z,570,9,0,10,0,0,1,1,1,1783224905
2026-07-05T04:19:05Z,571,11,2,12,0,0,1,1,1,1783224984
2026-07-05T04:19:05Z,572,13,0,6,0,0,1,1,1,1783223150
2026-07-05T04:19:05Z,573,15,1,0,0,0,1,1,1,1783219057
2026-07-05T04:19:05Z,574,5,4,10,0,0,1,1,1,1783224946
2026-07-05T04:19:05Z,575,13,0,8,0,0,1,1,1,1783224815
2026-07-05T04:19:05Z,576,0,0,19,0,0,1,1,1,1783220503
2026-07-05T04:19:05Z,577,23,1,8,0,0,1,1,1,1783224723
2026-07-05T04:19:05Z,578,3,1,20,0,0,1,1,1,1783223597
2026-07-05T04:19:05Z,579,18,0,25,0,0,1,1,1,1783224919
2026-07-05T04:19:05Z,580,16,1,14,1,0,1,1,1,1783224984
2026-07-05T04:19:05Z,581,3,0,14,2,0,1,1,1,1783225050
2026-07-05T04:19:05Z,582,10,0,48,3,0,1,1,1,1783225076
2026-07-05T04:19:05Z,583,23,0,0,0,0,1,1,1,1783218887
2026-07-05T04:19:05Z,584,1,1,14,4,0,1,1,1,1783225125
2026-07-05T04:19:05Z,585,6,0,20,0,0,1,1,1,1783224866
2026-07-05T04:19:05Z,586,30,1,5,0,0,1,1,1,1783225119
2026-07-05T04:19:05Z,587,20,0,4,1,0,1,1,1,1783224418
2026-07-05T04:19:05Z,588,18,3,1,0,0,1,1,1,1783222777
2026-07-05T04:19:05Z,589,9,6,14,0,0,1,1,1,1783224791
2026-07-05T04:19:05Z,590,4,0,27,0,0,1,1,1,1783224233
2026-07-05T04:19:05Z,591,19,5,1,2,0,1,1,1,1783224868
2026-07-05T04:19:05Z,592,4,1,19,0,0,1,1,1,1783224862
2026-07-05T04:19:05Z,593,34,6,5,0,0,1,1,1,1783223140
2026-07-05T04:19:05Z,594,5,1,15,1,0,1,1,1,1783224352
2026-07-05T04:19:05Z,595,0,0,3,0,0,0,1,1,1779985765
2026-07-05T04:19:05Z,605,0,0,3,0,0,0,1,1,1780413752
2026-07-05T04:19:05Z,606,0,0,0,0,0,0,1,1,86400
2026-07-05T04:19:05Z,607,20,0,13,0,0,1,1,1,1783224814
2026-07-05T04:19:05Z,608,26,1,28,0,0,1,1,1,1783225114
2026-07-05T04:19:05Z,609,3,1,20,0,0,1,1,1,1783225134
2026-07-05T04:19:05Z,610,0,0,35,0,0,1,1,1,1783224299
2026-07-05T04:19:05Z,611,2,0,25,0,0,1,1,1,1783225131
2026-07-05T04:19:05Z,612,4,1,11,0,0,1,1,1,1783213691
2026-07-05T04:19:05Z,613,7,2,8,0,0,1,1,1,1783216692
2026-07-05T04:19:05Z,614,0,0,25,1,1,1,1,1,1783223535
2026-07-05T04:19:05Z,617,5,1,8,2,0,1,1,1,1783223832
2026-07-05T04:19:05Z,618,10,4,8,1,0,1,1,1,1783224779
2026-07-05T04:19:05Z,619,8,1,10,1,0,1,1,1,1783224328
2026-07-05T04:19:05Z,620,6,0,17,0,0,1,1,1,1783225065
2026-07-05T04:19:05Z,621,6,2,17,0,0,1,1,1,1783224492
2026-07-05T04:19:05Z,622,10,3,10,2,1,1,1,1,1783224978
2026-07-05T04:19:05Z,623,23,3,3,3,1,1,1,1,1783225098
2026-07-05T04:19:05Z,624,4,2,8,2,1,1,1,1,1783221723
2026-07-05T04:19:05Z,625,13,3,8,0,0,1,1,1,1783224701
2026-07-05T04:19:05Z,626,27,0,16,1,2,1,1,1,1783225136
2026-07-05T04:19:05Z,627,9,9,9,1,0,1,1,1,1783224689
2026-07-05T04:19:05Z,628,6,5,11,1,1,1,1,1,1783223616
2026-07-05T04:19:05Z,629,8,2,2,1,0,1,1,1,1783223641
2026-07-05T04:19:05Z,630,13,0,11,3,0,1,1,1,1783217714
2026-07-05T04:19:05Z,631,12,1,11,0,0,1,1,1,1783223113
2026-07-05T04:19:05Z,632,10,2,9,3,0,1,1,1,1783220983
2026-07-05T04:19:05Z,633,8,0,5,1,1,1,1,1,1783200473
2026-07-05T04:19:05Z,634,5,0,13,1,0,1,1,1,1783218053
2026-07-05T04:19:05Z,635,18,0,0,1,0,1,1,1,1783224882
2026-07-05T04:19:05Z,636,7,0,8,0,0,1,1,1,1783213292
2026-07-05T04:19:05Z,637,4,2,14,1,0,1,1,1,1783204406
2026-07-05T04:19:05Z,638,10,5,7,2,0,1,1,1,1783225051
2026-07-05T04:19:05Z,639,0,0,0,3,16,0,1,1,1782287204
2026-07-05T04:19:05Z,640,5,0,18,0,0,1,1,1,1783224096
2026-07-05T04:19:05Z,641,7,0,19,1,0,1,1,1,1783225046
2026-07-05T04:19:05Z,642,3,0,11,5,0,1,1,1,1783224855
2026-07-05T04:19:05Z,643,8,3,19,0,0,1,1,1,1783224591
2026-07-05T04:19:05Z,644,0,0,9,5,1,1,1,1,1783225011
2026-07-05T04:19:05Z,645,12,0,9,1,1,1,1,1,1783222616
2026-07-05T04:19:05Z,646,9,0,9,1,0,1,1,1,1783224087
2026-07-05T04:19:05Z,647,24,2,7,0,0,1,1,1,1783224367
2026-07-05T04:19:05Z,648,12,3,6,1,0,1,1,1,1783220865
2026-07-05T04:19:05Z,649,20,2,11,0,0,1,1,1,1783224739
2026-07-05T04:19:05Z,650,10,2,5,1,0,1,1,1,1783224726
2026-07-05T04:19:05Z,651,1,0,21,1,0,1,1,1,1783223872
2026-07-05T04:19:05Z,652,19,2,1,3,0,1,1,1,1783224862
2026-07-05T04:19:05Z,653,15,2,0,4,0,1,1,1,1783224850
2026-07-05T04:19:05Z,654,5,1,10,0,0,1,1,1,1783223918
2026-07-05T04:19:05Z,655,2,0,11,2,0,1,1,1,1783225116
2026-07-05T04:19:05Z,656,17,6,2,0,0,1,1,1,1783225118
2026-07-05T04:19:05Z,657,10,1,3,4,0,1,1,1,1783224840
2026-07-05T04:19:05Z,658,10,1,9,3,1,1,1,1,1783224948
2026-07-05T04:19:05Z,659,0,0,15,0,0,1,1,1,1783225070
2026-07-05T04:19:05Z,660,21,3,8,2,0,1,1,1,1783224561
2026-07-05T04:19:05Z,661,3,0,15,1,0,1,1,1,1783223899
2026-07-05T04:19:05Z,662,0,0,19,4,0,1,1,1,1783225049
2026-07-05T04:19:05Z,663,12,1,2,0,0,1,1,1,1783223537
2026-07-05T04:19:05Z,664,0,0,27,0,0,1,1,1,1783207560
2026-07-05T04:19:05Z,665,3,1,11,1,0,1,1,1,1783222763
2026-07-05T04:19:05Z,666,8,2,7,0,0,1,1,1,1783224624
2026-07-05T04:19:05Z,667,6,0,8,3,0,1,1,1,1783225038
2026-07-05T04:19:05Z,668,6,1,12,1,0,1,1,1,1783224469
2026-07-05T04:19:05Z,669,12,1,0,2,0,1,1,1,1783225004
2026-07-05T04:19:05Z,670,10,0,17,0,0,1,1,1,1783220994
2026-07-05T04:19:05Z,671,11,1,16,0,0,1,1,1,1783224699
2026-07-05T04:19:05Z,672,17,3,3,3,0,1,1,1,1783224314
2026-07-05T04:19:05Z,673,13,1,8,1,0,1,1,1,1783222642
2026-07-05T04:19:05Z,674,5,1,17,1,0,1,1,1,1783225043
2026-07-05T04:19:05Z,675,2,0,11,1,1,1,1,1,1783225077
2026-07-05T04:19:05Z,676,20,1,2,1,0,1,1,1,1783223597
2026-07-05T04:19:05Z,681,5,4,6,4,0,1,1,1,1783224994
2026-07-05T04:19:05Z,682,10,5,8,1,0,1,1,1,1783222340
2026-07-05T04:19:05Z,683,13,1,6,0,0,1,1,1,1783224447
2026-07-05T04:19:05Z,684,15,1,10,2,0,1,1,1,1783218457
2026-07-05T04:19:05Z,685,1,0,24,1,1,1,1,1,1783224587
2026-07-05T04:19:05Z,686,10,1,14,2,1,1,1,1,1783224981
2026-07-05T04:19:05Z,687,12,3,17,1,1,1,1,1,1783225119
2026-07-05T04:19:05Z,688,10,3,8,1,0,1,1,1,1783224845
2026-07-05T04:19:05Z,692,0,0,20,1,0,1,1,1,1783223588
2026-07-05T04:19:05Z,693,9,5,2,0,0,1,1,1,1783225071
2026-07-05T04:19:05Z,694,6,2,12,3,0,1,1,1,1783224954
2026-07-05T04:19:05Z,695,3,0,20,0,0,1,1,1,1783224542
2026-07-05T04:19:05Z,696,22,11,0,1,0,1,1,1,1783224430
2026-07-05T04:19:05Z,697,3,0,19,1,0,1,1,1,1783224828
2026-07-05T04:19:05Z,698,27,2,0,0,0,1,1,1,1783225028
2026-07-05T04:19:05Z,699,3,0,11,1,0,1,1,1,1783224786
2026-07-05T04:19:05Z,700,5,0,13,1,0,1,1,1,1783223692
2026-07-05T04:19:05Z,701,7,1,12,0,0,1,1,1,1783224945
2026-07-05T04:19:05Z,702,16,6,6,1,0,1,1,1,1783224618
2026-07-05T04:19:05Z,703,23,5,0,0,0,1,1,1,1783224587
2026-07-05T04:19:05Z,704,12,1,3,0,0,1,1,1,1783223987
2026-07-05T04:19:05Z,705,9,4,5,1,0,1,1,1,1783224635
2026-07-05T04:19:05Z,706,10,3,4,1,0,1,1,1,1783223865
2026-07-05T04:19:05Z,707,12,1,3,0,0,1,1,1,1783224757
2026-07-05T04:19:05Z,708,19,4,0,0,0,1,1,1,1783224280
2026-07-05T04:19:05Z,709,14,5,0,1,0,1,1,1,1783224844
2026-07-05T04:19:05Z,710,17,1,2,0,0,1,1,1,1783224792
2026-07-05T04:19:05Z,711,14,3,1,4,0,1,1,1,1783224354
2026-07-05T04:19:05Z,712,0,0,14,1,0,1,1,1,1783224903
2026-07-05T04:19:05Z,713,5,2,18,0,0,1,1,1,1783224430
2026-07-05T04:19:05Z,716,1,0,14,0,0,1,1,1,1783224560
2026-07-05T04:19:05Z,717,8,0,13,4,0,1,1,1,1783223271
2026-07-05T04:19:05Z,718,3,1,12,0,0,1,1,1,1783224514
2026-07-05T04:19:05Z,719,8,0,21,0,0,1,1,1,1783223773
2026-07-05T04:19:05Z,720,2,0,16,1,0,1,1,1,1783224517
2026-07-05T04:19:05Z,721,11,0,11,1,0,1,1,1,1783224875
2026-07-05T04:19:05Z,722,13,2,2,0,0,1,1,1,1783224472
2026-07-05T04:19:05Z,723,0,0,22,1,0,1,1,1,1783224086
2026-07-05T04:19:05Z,724,17,2,6,0,0,1,1,1,1783224317
2026-07-05T04:19:05Z,725,22,1,0,1,0,1,1,1,1783224320
2026-07-05T04:19:05Z,726,11,1,8,0,0,1,1,1,1783224167
2026-07-05T04:19:05Z,727,9,0,14,0,0,1,1,1,1783224970
2026-07-05T04:19:05Z,728,9,2,5,1,0,1,1,1,1783224308
2026-07-05T04:19:05Z,729,14,2,3,2,0,1,1,1,1783224943
2026-07-05T04:19:05Z,730,7,1,8,0,0,1,1,1,1783223861
2026-07-05T04:19:05Z,731,1,1,14,0,0,1,1,1,1783223325
2026-07-05T04:19:05Z,732,9,0,6,0,0,1,1,1,1783223656
2026-07-05T04:19:05Z,733,1,0,25,1,0,1,1,1,1783225070
2026-07-05T04:19:05Z,734,4,1,9,1,0,1,1,1,1783225032
2026-07-05T04:19:05Z,735,1,1,17,1,0,1,1,1,1783224924
2026-07-05T04:19:05Z,736,16,2,1,2,0,1,1,1,1783197738
2026-07-05T04:19:05Z,737,8,2,7,0,0,1,1,1,1783224781
2026-07-05T04:19:05Z,738,1,1,17,1,0,1,1,1,1783225110
2026-07-05T04:19:05Z,739,7,1,18,2,0,1,1,1,1783223650
2026-07-05T04:19:05Z,741,12,4,11,0,0,1,1,1,1783224889
2026-07-05T04:19:05Z,742,9,1,30,0,0,1,1,1,1783224956
2026-07-05T04:19:05Z,743,4,1,13,2,0,1,1,1,1783224411
2026-07-05T04:19:05Z,744,3,1,12,0,0,1,1,1,1783224992
2026-07-05T04:19:05Z,745,8,1,10,1,0,1,1,1,1783224428
2026-07-05T04:19:05Z,746,1,0,22,0,0,1,1,1,1783224973
2026-07-05T04:19:05Z,747,0,0,19,0,0,1,1,1,1783224930
2026-07-05T04:19:05Z,748,12,1,9,2,0,1,1,1,1783224548
2026-07-05T04:19:05Z,749,9,0,14,0,0,1,1,1,1783223805
2026-07-05T04:19:05Z,750,0,0,9,2,0,1,1,1,1783223936
2026-07-05T04:19:05Z,751,1,1,22,0,0,1,1,1,1783225078
2026-07-05T04:19:05Z,752,13,1,3,1,0,1,1,1,1783224191
2026-07-05T04:19:05Z,753,3,0,11,1,0,1,1,1,1783224588
2026-07-05T04:19:05Z,754,6,0,9,0,0,1,1,1,1783223936
2026-07-05T04:19:05Z,755,11,1,7,1,0,1,1,1,1783224634
2026-07-05T04:19:05Z,756,1,0,35,1,0,1,1,1,1783224561
2026-07-05T04:19:05Z,757,4,4,15,0,0,1,1,1,1783225132
2026-07-05T04:19:05Z,758,21,4,2,0,0,1,1,1,1783224791
2026-07-05T04:19:05Z,759,6,0,9,0,0,1,1,1,1783223942
2026-07-05T04:19:05Z,760,4,0,13,2,0,1,1,1,1783223765
2026-07-05T04:19:05Z,761,5,1,17,1,0,1,1,1,1783224869
2026-07-05T04:19:05Z,762,6,1,7,2,0,1,1,1,1783223964
2026-07-05T04:19:05Z,768,6,0,10,3,0,1,1,1,1783224352
2026-07-05T04:19:05Z,769,4,0,11,3,0,1,1,1,1783225119
2026-07-05T04:19:05Z,770,11,2,8,0,0,1,1,1,1783223790
2026-07-05T04:19:05Z,771,9,0,6,0,0,1,1,1,1783224503
2026-07-05T04:19:05Z,772,11,5,4,0,0,1,1,1,1783224165
2026-07-05T04:19:05Z,773,3,1,15,1,0,1,1,1,1783224424
2026-07-05T04:19:05Z,774,6,1,7,2,0,1,1,1,1783224171
2026-07-05T04:19:05Z,775,13,2,4,2,0,1,1,1,1783221743
2026-07-05T04:19:05Z,776,6,0,14,1,0,1,1,1,1783224814
2026-07-05T04:19:05Z,777,10,1,2,3,0,1,1,1,1783222889
2026-07-05T04:19:05Z,778,4,0,13,2,0,1,1,1,1783223905
2026-07-05T04:19:05Z,779,14,0,4,1,0,1,1,1,1783223870
2026-07-05T04:19:05Z,780,6,1,10,2,1,1,1,1,1783225054
2026-07-05T04:19:05Z,781,1,1,9,1,0,1,1,1,1783217403
2026-07-05T04:19:05Z,782,7,2,11,1,0,1,1,1,1783224185
2026-07-05T04:19:05Z,783,8,6,8,3,0,1,1,1,1783220560
2026-07-05T04:19:05Z,784,0,0,18,1,0,1,1,1,1783224062
2026-07-05T04:19:05Z,785,9,1,5,5,0,1,1,1,1783224741
2026-07-05T04:19:05Z,786,0,0,18,1,0,1,1,1,1783211324
2026-07-05T04:19:05Z,787,0,0,15,0,0,1,1,1,1783223731
2026-07-05T04:19:05Z,788,10,1,5,0,0,1,1,1,1783223996
2026-07-05T04:19:05Z,789,12,1,1,2,0,1,1,1,1783224746
2026-07-05T04:19:05Z,790,3,3,20,0,0,1,1,1,1783223454
2026-07-05T04:19:05Z,791,0,0,19,0,0,1,1,1,1783224510
2026-07-05T04:19:05Z,793,11,1,3,1,0,1,1,1,1783224161
2026-07-05T04:19:05Z,794,4,2,25,0,0,1,1,1,1783224975
2026-07-05T04:19:05Z,796,1,0,15,3,0,1,1,1,1783224518
2026-07-05T04:19:05Z,797,0,0,15,0,0,1,1,1,1783223723
2026-07-05T04:19:05Z,798,1,0,23,1,0,1,1,1,1783223385
2026-07-05T04:19:05Z,799,3,1,15,1,0,1,1,1,1783224488
2026-07-05T04:19:05Z,800,2,0,17,2,0,1,1,1,1783224853
2026-07-05T04:19:05Z,801,5,3,14,2,0,1,1,1,1783224473
2026-07-05T04:19:05Z,802,2,0,28,0,1,1,1,1,1783224542
2026-07-05T04:19:05Z,803,2,1,13,0,0,1,1,1,1783224309
2026-07-05T04:19:05Z,806,0,0,11,4,0,1,1,1,1783225046
2026-07-05T04:19:05Z,807,18,1,6,1,0,1,1,1,1783225067
2026-07-05T04:19:05Z,808,9,0,15,1,0,1,1,1,1783223533
2026-07-05T04:19:05Z,809,5,1,18,0,0,1,1,1,1783224162
2026-07-05T04:19:05Z,810,8,5,10,1,0,1,1,1,1783224178
2026-07-05T04:19:05Z,815,5,2,9,1,0,1,1,1,1783225062
2026-07-05T04:19:05Z,817,4,1,4,7,0,1,1,1,1783225045
2026-07-05T04:19:05Z,818,3,2,20,0,0,1,1,1,1783224550
2026-07-05T04:19:05Z,819,6,6,6,3,0,1,1,1,1783224088
2026-07-05T04:19:05Z,820,6,1,9,2,0,1,1,1,1783224453
2026-07-05T04:19:05Z,821,9,0,5,1,0,1,1,1,1783223701
2026-07-05T04:19:05Z,822,0,0,21,2,0,1,1,1,1783224115
2026-07-05T04:19:05Z,823,2,0,13,0,0,1,1,1,1783224862
2026-07-05T04:19:05Z,824,4,3,14,1,0,1,1,1,1783224862
2026-07-05T04:19:05Z,825,9,2,6,0,0,1,1,1,1783218366
2026-07-05T04:19:05Z,826,8,0,10,1,0,1,1,1,1783224889
2026-07-05T04:19:05Z,827,7,1,13,1,0,1,1,1,1783224061
2026-07-05T04:19:05Z,828,1,0,16,1,0,1,1,1,1783225104
2026-07-05T04:19:05Z,829,1,0,26,0,0,1,1,1,1783212589
2026-07-05T04:19:05Z,830,20,3,3,0,0,1,1,1,1783225059
2026-07-05T04:19:05Z,831,5,1,3,7,0,1,1,1,1783223743
2026-07-05T04:19:05Z,832,13,2,5,0,0,1,1,1,1783225082
2026-07-05T04:19:05Z,833,18,11,0,1,0,1,1,1,1783224706
2026-07-05T04:19:05Z,834,1,0,23,0,0,1,1,1,1783225002
2026-07-05T04:19:05Z,835,11,8,7,0,0,1,1,1,1783224887
2026-07-05T04:19:05Z,837,3,0,5,7,0,1,1,1,1783224468
2026-07-05T04:19:05Z,838,6,2,5,4,0,1,1,1,1783224864
2026-07-05T04:19:05Z,839,20,3,8,1,0,1,1,1,1783224802
2026-07-05T04:19:05Z,840,2,0,26,1,0,1,1,1,1783225121
2026-07-05T04:19:05Z,841,4,2,8,3,0,1,1,1,1783224855
2026-07-05T04:19:05Z,842,4,0,18,0,1,1,1,1,1783224437
2026-07-05T04:19:05Z,843,2,0,27,2,0,1,1,1,1783223977
2026-07-05T04:19:05Z,844,5,0,18,0,0,1,1,1,1783223835
2026-07-05T04:19:05Z,845,8,0,11,0,0,1,1,1,1783223356
2026-07-05T04:19:05Z,846,7,1,11,0,1,1,1,1,1783223825
2026-07-05T04:19:05Z,847,0,0,27,0,0,1,1,1,1783224350
2026-07-05T04:19:05Z,848,7,0,12,0,0,1,1,1,1783224020
2026-07-05T04:19:05Z,849,0,0,10,5,0,1,1,1,1783224988
2026-07-05T04:19:05Z,850,4,1,7,0,0,1,1,1,1783224322
2026-07-05T04:19:05Z,851,23,1,12,2,0,1,1,1,1783222241
2026-07-05T04:19:05Z,852,3,0,15,1,0,1,1,1,1783224885
2026-07-05T04:19:05Z,853,10,2,12,1,0,1,1,1,1783223927
2026-07-05T04:19:05Z,854,4,0,10,1,0,1,1,1,1783225036
2026-07-05T04:19:05Z,855,25,0,2,0,0,1,1,1,1783224573
2026-07-05T04:19:05Z,857,8,6,10,1,0,1,1,1,1783224927
2026-07-05T04:19:05Z,858,1,0,17,1,0,1,1,1,1783222451
2026-07-05T04:19:05Z,859,9,3,12,0,0,1,1,1,1783225022
2026-07-05T04:19:05Z,861,4,0,7,0,0,1,1,1,1783224467
2026-07-05T04:19:05Z,862,4,0,11,0,0,1,1,1,1783224187
2026-07-05T04:19:05Z,863,7,3,11,1,0,1,1,1,1783216283
2026-07-05T04:19:05Z,866,18,0,1,0,0,1,1,1,1783213234
2026-07-05T04:19:05Z,867,8,0,7,0,0,1,1,1,1783224698
2026-07-05T04:19:05Z,868,11,0,4,0,0,1,1,1,1783224040
2026-07-05T04:19:05Z,870,11,3,3,1,0,1,1,1,1783224736
2026-07-05T04:19:05Z,871,3,0,8,0,0,1,1,1,1783223396
2026-07-05T04:19:05Z,872,6,3,9,0,0,1,1,1,1783224177
2026-07-05T04:19:05Z,873,2,0,29,2,0,1,1,1,1783224952
2026-07-05T04:19:05Z,874,14,1,0,1,0,1,1,1,1783224548
2026-07-05T04:19:05Z,875,3,1,12,0,0,1,1,1,1783223602
2026-07-05T04:19:05Z,877,7,3,12,0,0,1,1,1,1783224038
2026-07-05T04:19:05Z,878,9,0,10,0,0,1,1,1,1783223928
2026-07-05T04:19:05Z,879,7,0,11,1,0,1,1,1,1783223582
2026-07-05T04:19:05Z,880,11,2,12,0,0,1,1,1,1783225110
2026-07-05T04:19:05Z,881,3,1,13,3,0,1,1,1,1783224796
2026-07-05T04:19:05Z,882,10,5,9,0,0,1,1,1,1783224512
2026-07-05T04:19:05Z,883,12,6,6,1,0,1,1,1,1783224720
2026-07-05T04:19:05Z,884,10,5,11,0,0,1,1,1,1783183865
2026-07-05T04:19:05Z,885,7,2,11,1,0,1,1,1,1783224283
2026-07-05T04:19:05Z,886,4,3,23,2,0,1,1,1,1783224837
2026-07-05T04:19:05Z,887,2,0,14,1,0,1,1,1,1783224106
2026-07-05T04:19:05Z,888,0,0,40,1,0,1,1,1,1783224277
2026-07-05T04:19:05Z,889,11,1,8,0,0,1,1,1,1783225130
2026-07-05T04:19:05Z,890,8,2,7,0,0,1,1,1,1783217856
2026-07-05T04:19:05Z,891,7,1,15,1,0,1,1,1,1783223909
2026-07-05T04:19:05Z,892,15,5,0,0,0,1,1,1,1783224185
2026-07-05T04:19:05Z,895,4,0,15,0,0,1,1,1,1783224806
2026-07-05T04:19:05Z,896,30,8,5,0,0,1,1,1,1783224989
2026-07-05T04:19:05Z,897,11,1,9,1,0,1,1,1,1783223477
2026-07-05T04:19:05Z,898,7,1,12,0,0,1,1,1,1783223592
2026-07-05T04:19:05Z,899,13,1,6,0,0,1,1,1,1783224673
2026-07-05T04:19:05Z,900,22,1,4,1,0,1,1,1,1783225133
2026-07-05T04:19:05Z,901,10,0,9,0,0,1,1,1,1783223484
2026-07-05T04:19:05Z,902,0,0,15,0,0,1,1,1,1783223533
2026-07-05T04:19:05Z,903,1,0,18,0,0,1,1,1,1783223327
2026-07-05T04:19:05Z,904,13,0,4,2,0,1,1,1,1783223632
2026-07-05T04:19:05Z,905,13,9,14,0,0,1,1,1,1783224521
2026-07-05T04:19:05Z,906,18,8,9,0,0,1,1,1,1783225105
2026-07-05T04:19:05Z,907,17,0,14,0,0,1,1,1,1783224802
2026-07-05T04:19:05Z,908,8,0,15,0,0,1,1,1,1783223952
2026-07-05T04:19:05Z,909,19,9,4,0,0,1,1,1,1783225060
2026-07-05T04:19:05Z,910,4,0,26,1,0,1,1,1,1783224799
2026-07-05T04:19:05Z,911,10,0,8,1,0,1,1,1,1783223409
2026-07-05T04:19:05Z,912,13,1,8,2,0,1,1,1,1783225120
2026-07-05T04:19:05Z,913,10,1,9,0,0,1,1,1,1783211292
2026-07-05T04:19:05Z,914,11,0,7,1,0,1,1,1,1783224392
2026-07-05T04:19:05Z,915,0,0,23,0,0,1,1,1,1783224872
2026-07-05T04:19:05Z,916,8,1,14,1,0,1,1,1,1783225130
2026-07-05T04:19:05Z,917,3,1,32,0,0,1,1,1,1783224758
2026-07-05T04:19:05Z,918,17,3,1,1,0,1,1,1,1783224932
2026-07-05T04:19:05Z,919,23,3,16,0,0,1,1,1,1783225068
2026-07-05T04:19:05Z,920,3,3,16,0,0,1,1,1,1783224748
2026-07-05T04:19:05Z,921,3,0,15,3,0,1,1,1,1783219782
2026-07-05T04:19:05Z,922,9,1,12,0,0,1,1,1,1783224412
2026-07-05T04:19:05Z,923,3,3,15,1,0,1,1,1,1783225047
2026-07-05T04:19:05Z,924,16,2,5,0,0,1,1,1,1783225038
2026-07-05T04:19:05Z,925,1,1,19,1,0,1,1,1,1783223597
2026-07-05T04:19:05Z,926,8,1,13,0,0,1,1,1,1783223691
2026-07-05T04:19:05Z,927,16,0,17,1,0,1,1,1,1783224325
2026-07-05T04:19:05Z,928,9,1,9,1,0,1,1,1,1783225049
2026-07-05T04:19:05Z,929,11,0,12,0,0,1,1,1,1783224667
2026-07-05T04:19:05Z,930,22,0,9,0,0,1,1,1,1783225066
2026-07-05T04:19:05Z,931,2,2,20,1,0,1,1,1,1783224424
2026-07-05T04:19:05Z,932,9,1,9,1,0,1,1,1,1783224525
2026-07-05T04:19:05Z,933,16,1,6,1,0,1,1,1,1783224453
2026-07-05T04:19:05Z,934,5,0,25,1,0,1,1,1,1783224607
2026-07-05T04:19:05Z,935,1,0,15,3,0,1,1,1,1783223883
2026-07-05T04:19:05Z,936,18,3,1,0,0,1,1,1,1783224975
2026-07-05T04:19:05Z,940,6,0,4,1,0,1,1,1,1783225134
2026-07-05T04:19:05Z,941,5,0,20,0,0,1,1,1,1783224490
2026-07-05T04:19:05Z,942,8,3,13,0,0,1,1,1,1783224799
2026-07-05T04:19:05Z,943,4,4,10,1,0,1,1,1,1783223631
2026-07-05T04:19:05Z,944,5,5,9,1,0,1,1,1,1783219032
2026-07-05T04:19:05Z,945,9,5,6,0,0,1,1,1,1783223982
2026-07-05T04:19:05Z,946,8,6,11,0,0,1,1,1,1783223914
2026-07-05T04:19:05Z,947,7,5,10,0,0,1,1,1,1783224714
2026-07-05T04:19:05Z,948,19,3,9,3,0,1,1,1,1783225080
2026-07-05T04:19:05Z,949,0,0,15,0,0,1,1,1,1783223910
2026-07-05T04:19:05Z,950,12,3,3,2,0,1,1,1,1783225066
2026-07-05T04:19:05Z,951,5,0,17,1,0,1,1,1,1783224922
2026-07-05T04:19:05Z,952,16,0,36,3,0,1,1,1,1783224549
2026-07-05T04:19:05Z,953,13,0,0,2,0,1,1,1,1783223904
2026-07-05T04:19:05Z,954,13,0,5,1,0,1,1,1,1783225012
2026-07-05T04:19:05Z,955,1,1,20,6,0,1,1,1,1783224747
2026-07-05T04:19:05Z,956,0,0,18,1,0,1,1,1,1783223443
2026-07-05T04:19:05Z,957,4,0,24,1,0,1,1,1,1783224758
2026-07-05T04:19:05Z,958,6,0,24,1,0,1,1,1,1783224032
2026-07-05T04:19:05Z,959,4,2,18,1,0,1,1,1,1783224647
2026-07-05T04:19:05Z,960,21,4,1,1,0,1,1,1,1783225025
2026-07-05T04:19:05Z,961,8,4,15,0,0,1,1,1,1783225126
2026-07-05T04:19:05Z,962,3,1,25,7,0,1,1,1,1783224496
2026-07-05T04:19:05Z,963,5,0,18,0,0,1,1,1,1783224907
2026-07-05T04:19:05Z,964,9,2,13,1,0,1,1,1,1783224319
2026-07-05T04:19:05Z,965,8,1,17,2,0,1,1,1,1783224717
2026-07-05T04:19:05Z,966,4,0,27,0,0,1,1,1,1783225024
2026-07-05T04:19:05Z,967,9,1,8,4,0,1,1,1,1783224688
2026-07-05T04:19:05Z,968,10,0,9,0,0,1,1,1,1783224981
2026-07-05T04:19:05Z,969,11,2,15,1,0,1,1,1,1783224147
2026-07-05T04:19:05Z,970,14,4,2,3,0,1,1,1,1783224593
2026-07-05T04:19:05Z,971,22,0,0,1,0,1,1,1,1783224330
2026-07-05T04:19:05Z,972,4,2,18,1,0,1,1,1,1783224770
2026-07-05T04:19:05Z,973,1,0,20,2,0,1,1,1,1783224262
2026-07-05T04:19:05Z,974,17,0,10,0,0,1,1,1,1783224859
2026-07-05T04:19:05Z,977,5,3,15,1,0,1,1,1,1783224004
2026-07-05T04:19:05Z,978,18,3,5,0,0,1,1,1,1783223793
2026-07-05T04:19:05Z,979,9,0,5,3,0,1,1,1,1783224409
2026-07-05T04:19:05Z,980,6,0,15,0,0,1,1,1,1783223432
2026-07-05T04:19:05Z,981,4,1,16,1,0,1,1,1,1783225069
2026-07-05T04:19:05Z,982,9,3,9,1,0,1,1,1,1783223770
2026-07-05T04:19:05Z,983,1,0,22,0,0,1,1,1,1783224949
2026-07-05T04:19:05Z,984,15,10,7,1,0,1,1,1,1783225082
2026-07-05T04:19:05Z,985,1,0,28,1,1,1,1,1,1783225133
2026-07-05T04:19:05Z,986,6,6,12,1,0,1,1,1,1783224048
2026-07-05T04:19:05Z,987,3,0,20,0,0,1,1,1,1783224256
2026-07-05T04:19:05Z,988,11,4,8,0,0,1,1,1,1783224322
2026-07-05T04:19:05Z,989,14,11,4,1,0,1,1,1,1783224291
2026-07-05T04:19:05Z,990,13,3,1,1,0,1,1,1,1783223915
2026-07-05T04:19:05Z,991,18,10,1,0,0,1,1,1,1783224463
2026-07-05T04:19:05Z,992,6,1,17,0,0,1,1,1,1783223537
2026-07-05T04:19:05Z,993,1,0,26,0,0,1,1,1,1783225024
2026-07-05T04:19:05Z,994,8,1,9,4,0,1,1,1,1783223574
2026-07-05T04:19:05Z,995,10,1,17,0,0,1,1,1,1783223571
2026-07-05T04:19:05Z,996,9,4,14,0,0,1,1,1,1783224211
2026-07-05T04:19:05Z,997,9,5,10,4,0,1,1,1,1783224607
2026-07-05T04:19:05Z,998,8,0,15,0,0,1,1,1,1783224095
2026-07-05T04:19:05Z,999,8,2,11,1,1,1,1,1,1783223445
2026-07-05T04:19:05Z,1000,8,1,13,0,0,1,1,1,1783223939
2026-07-05T04:19:05Z,1001,1,0,26,0,0,1,1,1,1783224294
2026-07-05T04:19:05Z,1002,9,1,22,0,0,1,1,1,1783223720
2026-07-05T04:19:05Z,1003,2,1,21,0,0,1,1,1,1783224589
2026-07-05T04:19:05Z,1004,12,2,11,0,0,1,1,1,1783223575
2026-07-05T04:19:05Z,1005,7,2,15,1,0,1,1,1,1783224297
2026-07-05T04:19:05Z,1006,13,3,6,0,0,1,1,1,1783224171
2026-07-05T04:19:05Z,1007,6,3,15,0,0,1,1,1,1783223951
2026-07-05T04:19:05Z,1008,12,4,10,1,0,1,1,1,1783223803
2026-07-05T04:19:05Z,1009,8,0,22,1,0,1,1,1,1783223500
2026-07-05T04:19:05Z,1010,12,8,15,0,0,1,1,1,1783224381
2026-07-05T04:19:05Z,1011,7,7,12,0,0,1,1,1,1783224105
2026-07-05T04:19:05Z,1012,2,2,18,3,0,1,1,1,1783224063
2026-07-05T04:19:05Z,1013,8,2,13,2,0,1,1,1,1783225046
2026-07-05T04:19:05Z,1014,8,4,15,0,0,1,1,1,1783223479
2026-07-05T04:19:05Z,1015,8,3,23,0,0,1,1,1,1783225090
2026-07-05T04:19:05Z,1016,16,4,15,0,0,1,1,1,1783223786
2026-07-05T04:19:05Z,1017,10,3,10,1,0,1,1,1,1783223508
2026-07-05T04:19:05Z,1018,8,6,12,1,0,1,1,1,1783224333
2026-07-05T04:19:05Z,1019,13,2,2,0,0,1,1,1,1783223909
2026-07-05T04:19:05Z,1020,11,1,10,0,0,1,1,1,1783224775
2026-07-05T04:19:05Z,1021,10,4,5,0,0,1,1,1,1783223955
2026-07-05T04:19:05Z,1022,10,0,17,0,0,1,1,1,1783223835
2026-07-05T04:19:05Z,1023,16,0,7,0,0,1,1,1,1783224103
2026-07-05T04:19:05Z,1024,9,2,10,0,0,1,1,1,1783223818
2026-07-05T04:19:05Z,1025,12,1,6,1,0,1,1,1,1783223452
2026-07-05T04:19:05Z,1026,6,1,22,3,0,1,1,1,1783223668
2026-07-05T04:19:05Z,1028,18,5,5,0,0,1,1,1,1783223891
2026-07-05T04:19:05Z,1029,5,2,6,4,0,1,1,1,1783224695
2026-07-05T04:19:05Z,1030,16,2,6,1,0,1,1,1,1783223907
2026-07-05T04:19:05Z,1031,0,0,19,0,0,1,1,1,1783225016
2026-07-05T04:19:05Z,1032,16,3,3,0,0,1,1,1,1783223605
2026-07-05T04:19:05Z,1033,12,9,6,1,0,1,1,1,1783225032
2026-07-05T04:19:05Z,1034,9,1,5,1,0,1,1,1,1783223770
2026-07-05T04:19:05Z,1035,7,0,12,0,0,1,1,1,1783223434
2026-07-05T04:19:05Z,1036,11,4,4,0,0,1,1,1,1783225115
2026-07-05T04:19:05Z,1037,2,1,16,1,0,1,1,1,1783224070
2026-07-05T04:19:05Z,1038,6,0,9,0,0,1,1,1,1783224641
2026-07-05T04:19:05Z,1039,6,2,13,0,0,1,1,1,1783223555
2026-07-05T04:19:05Z,1040,1,0,18,0,0,1,1,1,1783224385
2026-07-05T04:19:05Z,1041,4,3,15,0,0,1,1,1,1783223704
2026-07-05T04:19:05Z,1042,15,3,0,0,0,1,1,1,1783223677
2026-07-05T04:19:05Z,1043,8,2,10,1,0,1,1,1,1783224361
2026-07-05T04:19:05Z,1044,4,2,9,2,0,1,1,1,1783224989
2026-07-05T04:19:05Z,1045,6,2,12,1,0,1,1,1,1783223566
2026-07-05T04:19:05Z,1046,4,0,7,4,0,1,1,1,1783223948
2026-07-05T04:19:05Z,1047,0,0,21,0,0,1,1,1,1783223567
2026-07-05T04:19:05Z,1048,10,0,9,0,0,1,1,1,1783224564
2026-07-05T04:19:05Z,1049,14,1,6,1,0,1,1,1,1783223936
2026-07-05T04:19:05Z,1050,17,7,4,0,0,1,1,1,1783224628
2026-07-05T04:19:05Z,1051,19,3,2,0,0,1,1,1,1783223363
2026-07-05T04:19:05Z,1052,10,1,10,2,0,1,1,1,1783224237
2026-07-05T04:19:05Z,1053,8,2,7,0,0,1,1,1,1783224292
2026-07-05T04:19:05Z,1054,8,0,6,1,0,1,1,1,1783224306
2026-07-05T04:19:05Z,1055,13,0,6,0,0,1,1,1,1783224462
2026-07-05T04:19:05Z,1057,9,0,9,1,0,1,1,1,1783224101
2026-07-05T04:19:05Z,1058,17,0,38,1,0,1,1,1,1783223712
2026-07-05T04:19:05Z,1059,9,2,10,0,0,1,1,1,1783224326
2026-07-05T04:19:05Z,1060,16,0,21,0,0,1,1,1,1783225006
2026-07-05T04:19:05Z,1061,1,1,36,0,0,1,1,1,1783224017
2026-07-05T04:19:05Z,1062,4,0,12,1,0,1,1,1,1783223442
2026-07-05T04:19:05Z,1063,11,4,7,1,0,1,1,1,1783223712
2026-07-05T04:19:05Z,1064,10,1,12,1,0,1,1,1,1783223575
2026-07-05T04:19:05Z,1065,9,3,13,1,0,1,1,1,1783223787
2026-07-05T04:19:05Z,1066,16,5,7,0,0,1,1,1,1783224318
2026-07-05T04:19:05Z,1067,12,1,10,1,0,1,1,1,1783223997
2026-07-05T04:19:05Z,1068,13,0,10,0,0,1,1,1,1783223970
2026-07-05T04:19:05Z,1069,0,0,23,0,0,1,1,1,1783224291
2026-07-05T04:19:05Z,1070,7,4,15,1,0,1,1,1,1783224920
2026-07-05T04:19:05Z,1071,1,0,22,0,0,1,1,1,1783225071
2026-07-05T04:19:05Z,1072,14,1,8,1,0,1,1,1,1783223946
2026-07-05T04:19:05Z,1073,7,1,18,2,0,1,1,1,1783225019
2026-07-05T04:19:05Z,1074,26,0,23,4,0,1,1,1,1783224893
2026-07-05T04:19:05Z,1075,12,11,9,0,0,1,1,1,1783223627
2026-07-05T04:19:05Z,1076,11,5,10,0,0,1,1,1,1783224322
2026-07-05T04:19:05Z,1077,8,8,13,0,0,1,1,1,1783223760
2026-07-05T04:19:05Z,1078,12,2,9,0,0,1,1,1,1783224950
2026-07-05T04:19:05Z,1079,14,12,7,0,0,1,1,1,1783223787
2026-07-05T04:19:05Z,1080,8,8,13,0,0,1,1,1,1783221802
2026-07-05T04:19:05Z,1081,14,14,5,0,0,1,1,1,1783223699
2026-07-05T04:19:05Z,1082,15,11,8,0,0,1,1,1,1783223687
2026-07-05T04:19:05Z,1083,6,3,14,1,0,1,1,1,1783223536
2026-07-05T04:19:05Z,1084,8,6,13,0,0,1,1,1,1783223564
2026-07-05T04:19:05Z,1085,8,6,13,0,0,1,1,1,1783223779
2026-07-05T04:19:05Z,1086,10,7,11,0,0,1,1,1,1783223684
2026-07-05T04:19:05Z,1087,7,5,8,0,0,1,1,1,1783224779
2026-07-05T04:19:05Z,1088,7,7,8,0,0,1,1,1,1783224471
2026-07-05T04:19:05Z,1089,5,5,10,0,0,1,1,1,1783223798
2026-07-05T04:19:05Z,1090,7,6,8,0,0,1,1,1,1783223770
2026-07-05T04:19:05Z,1091,9,7,6,0,0,1,1,1,1783224210
2026-07-05T04:19:05Z,1092,8,8,7,0,0,1,1,1,1783223487
2026-07-05T04:19:05Z,1093,6,6,9,0,0,1,1,1,1783224932
2026-07-05T04:19:05Z,1094,12,7,7,0,0,1,1,1,1783225046
2026-07-05T04:19:05Z,1095,9,9,6,0,0,1,1,1,1783223614
2026-07-05T04:19:05Z,1096,12,10,7,0,0,1,1,1,1783224775
2026-07-05T04:19:05Z,1097,9,6,6,0,0,1,1,1,1783223615
2026-07-05T04:19:05Z,1098,13,12,5,1,0,1,1,1,1783225027
2026-07-05T04:19:05Z,1099,6,6,9,0,0,1,1,1,1783224855
2026-07-05T04:19:05Z,1100,7,5,20,2,0,1,1,1,1783224587
2026-07-05T04:19:05Z,1101,10,5,11,0,0,1,1,1,1783224171
2026-07-05T04:19:05Z,1102,10,5,3,0,0,1,1,1,1783224032
2026-07-05T04:19:05Z,1103,10,5,11,0,0,1,1,1,1783223614
2026-07-05T04:19:05Z,1104,10,5,11,0,0,1,1,1,1783224160
2026-07-05T04:19:05Z,1105,8,2,3,2,0,1,1,1,1783223962
2026-07-05T04:19:05Z,1106,10,5,11,0,0,1,1,1,1783224620
2026-07-05T04:19:05Z,1107,11,5,4,0,0,1,1,1,1783223896
2026-07-05T04:19:05Z,1108,8,6,17,2,0,1,1,1,1783224925
2026-07-05T04:19:05Z,1109,9,4,6,0,0,1,1,1,1783224217
2026-07-05T04:19:05Z,1110,7,1,14,0,0,1,1,1,1783224031
2026-07-05T04:19:05Z,1111,10,0,10,1,0,1,1,1,1783224670
2026-07-05T04:19:05Z,1112,44,0,8,1,0,1,1,1,1783225123
2026-07-05T04:19:05Z,1113,2,0,19,0,0,1,1,1,1783224362
2026-07-05T04:19:05Z,1115,13,1,10,0,0,1,1,1,1783223577
2026-07-05T04:19:05Z,1116,9,0,10,0,0,1,1,1,1783225081
2026-07-05T04:19:05Z,1117,1,1,21,1,0,1,1,1,1783224968
2026-07-05T04:19:05Z,1118,16,0,5,0,0,1,1,1,1783224612
2026-07-05T04:19:05Z,1119,6,1,11,0,0,1,1,1,1783225109
2026-07-05T04:19:05Z,1120,0,0,16,3,0,1,1,1,1783223623
2026-07-05T04:19:05Z,1121,9,0,11,1,0,1,1,1,1783224714
2026-07-05T04:19:05Z,1122,8,4,12,0,1,1,1,1,1783224909
2026-07-05T04:19:05Z,1123,2,1,20,1,0,1,1,1,1783224598
2026-07-05T04:19:05Z,1124,14,2,0,1,0,1,1,1,1783224362
2026-07-05T04:19:05Z,1125,16,3,7,0,0,1,1,1,1783225089
2026-07-05T04:19:05Z,1126,9,1,10,2,0,1,1,1,1783224698
2026-07-05T04:19:05Z,1127,5,1,12,2,0,1,1,1,1783223765
2026-07-05T04:19:05Z,1128,14,2,1,0,0,1,1,1,1783223595
2026-07-05T04:19:05Z,1129,15,1,5,1,0,1,1,1,1783223430
2026-07-05T04:19:05Z,1130,2,0,11,2,0,1,1,1,1783225113
2026-07-05T04:19:05Z,1131,0,0,48,1,0,1,1,1,1783224986
2026-07-05T04:19:05Z,1132,15,2,5,1,0,1,1,1,1783225124
2026-07-05T04:19:05Z,1133,11,4,9,1,0,1,1,1,1783225133
2026-07-05T04:19:05Z,1134,10,6,9,0,0,1,1,1,1783224229
2026-07-05T04:19:05Z,1135,8,4,13,0,0,1,1,1,1783224441
2026-07-05T04:19:05Z,1136,16,0,5,2,0,1,1,1,1783224829
2026-07-05T04:19:05Z,1137,7,2,8,0,0,1,1,1,1783225134
2026-07-05T04:19:05Z,1138,13,0,6,0,0,1,1,1,1783224696
2026-07-05T04:19:05Z,1139,1,0,20,0,0,1,1,1,1783223577
2026-07-05T04:19:05Z,1140,8,2,11,4,0,1,1,1,1783224313
2026-07-05T04:19:05Z,1141,2,0,18,1,0,1,1,1,1783223877
2026-07-05T04:19:05Z,1142,4,0,17,0,0,1,1,1,1783224465
2026-07-05T04:19:05Z,1143,27,2,2,0,0,1,1,1,1783224043
2026-07-05T04:19:05Z,1144,13,1,7,1,0,1,1,1,1783223359
2026-07-05T04:19:05Z,1145,8,3,10,2,1,1,1,1,1783224950
2026-07-05T04:19:05Z,1146,16,1,2,1,0,1,1,1,1783225089
2026-07-05T04:19:05Z,1147,9,2,10,0,0,1,1,1,1783223329
2026-07-05T04:19:05Z,1148,15,1,16,0,0,1,1,1,1783224862
2026-07-05T04:19:05Z,1149,16,4,9,0,0,1,1,1,1783225009
2026-07-05T04:19:05Z,1150,19,0,0,0,0,1,1,1,1783223852
2026-07-05T04:19:05Z,1151,11,0,9,1,0,1,1,1,1783224121
2026-07-05T04:19:05Z,1152,8,2,18,3,0,1,1,1,1783224504
2026-07-05T04:19:05Z,1153,10,0,12,1,0,1,1,1,1783224489
2026-07-05T04:19:05Z,1154,10,1,6,3,0,1,1,1,1783223864
2026-07-05T04:19:05Z,1155,6,1,13,2,0,1,1,1,1783224344
2026-07-05T04:19:05Z,1158,7,0,12,0,0,1,1,1,1783223410
2026-07-05T04:19:05Z,1159,6,2,13,0,0,1,1,1,1783224315
2026-07-05T04:19:05Z,1160,8,1,10,1,0,1,1,1,1783224276
2026-07-05T04:19:05Z,1161,5,2,14,0,0,1,1,1,1783223820
2026-07-05T04:19:05Z,1162,12,6,7,0,0,1,1,1,1783225090
2026-07-05T04:19:05Z,1163,2,0,16,1,0,1,1,1,1783225005
2026-07-05T04:19:05Z,1164,9,2,9,1,0,1,1,1,1783223587
2026-07-05T04:19:05Z,1165,2,1,18,1,0,1,1,1,1783224816
2026-07-05T04:19:05Z,1166,5,0,15,1,0,1,1,1,1783224165
2026-07-05T04:19:05Z,1167,12,2,3,0,0,1,1,1,1783223859
2026-07-05T04:19:05Z,1168,5,1,18,0,0,1,1,1,1783223552
2026-07-05T04:19:05Z,1169,0,0,18,1,0,1,1,1,1783224733
2026-07-05T04:19:05Z,1170,0,0,21,0,0,1,1,1,1783224112
2026-07-05T04:19:05Z,1171,10,9,12,1,0,1,1,1,1783224795
2026-07-05T04:19:05Z,1172,10,3,5,0,0,1,1,1,1783223876
2026-07-05T04:19:05Z,1173,0,0,19,0,0,1,1,1,1783224181
2026-07-05T04:19:05Z,1174,1,0,14,0,0,1,1,1,1783223702
2026-07-05T04:19:05Z,1175,1,0,17,1,0,1,1,1,1783225130
2026-07-05T04:19:05Z,1176,18,4,3,0,0,1,1,1,1783217041
2026-07-05T04:19:05Z,1177,11,4,10,0,0,1,1,1,1783223381
2026-07-05T04:19:05Z,1178,7,3,7,1,0,1,1,1,1783224297
2026-07-05T04:19:05Z,1181,2,0,13,0,0,1,1,1,1783224308
2026-07-05T04:19:05Z,1182,0,0,19,1,0,1,1,1,1783224777
2026-07-05T04:19:05Z,1183,0,0,36,1,0,1,1,1,1783224829
2026-07-05T04:19:05Z,1184,2,2,16,3,0,1,1,1,1783225069
2026-07-05T04:19:05Z,1185,10,5,11,0,0,1,1,1,1783224197
2026-07-05T04:19:05Z,1186,10,5,9,0,0,1,1,1,1783223700
2026-07-05T04:19:05Z,1190,7,4,14,0,0,1,1,1,1783224551
2026-07-05T04:19:05Z,1192,9,5,12,0,0,1,1,1,1783224567
2026-07-05T04:19:05Z,1193,5,1,7,1,0,1,1,1,1783224290
2026-07-05T04:19:05Z,1197,8,2,7,2,0,1,1,1,1783223613
2026-07-05T04:19:05Z,1198,13,8,7,1,0,1,1,1,1783224038
2026-07-05T04:19:05Z,1199,6,5,13,0,0,1,1,1,1783223406
2026-07-05T04:19:05Z,1200,9,3,5,1,0,1,1,1,1783224348
2026-07-05T04:19:05Z,1201,4,0,11,0,0,1,1,1,1783224651
2026-07-05T04:19:05Z,1202,13,6,2,0,0,1,1,1,1783224338
2026-07-05T04:19:05Z,1203,11,6,4,0,0,1,1,1,1783224665
2026-07-05T04:19:05Z,1218,11,5,10,0,0,1,1,1,1783224276
2026-07-05T04:19:05Z,1224,0,0,3,0,0,0,1,1,1781869449
2026-07-05T04:19:05Z,1225,0,0,3,0,0,0,1,1,1781868919
2026-07-05T04:19:05Z,1226,0,0,3,0,0,0,1,1,1781868931
2026-07-05T04:24:05Z,1,4,0,19,0,0,1,1,1,1783225143
2026-07-05T04:24:05Z,2,21,3,6,0,0,1,1,1,1783225439
2026-07-05T04:24:05Z,3,2,1,16,1,0,1,1,1,1783225286
2026-07-05T04:24:05Z,4,11,0,12,0,0,1,1,1,1783225090
2026-07-05T04:24:05Z,5,11,7,11,1,0,1,1,1,1783225346
2026-07-05T04:24:05Z,6,11,1,4,0,0,1,1,1,1783223477
2026-07-05T04:24:05Z,7,2,0,21,0,0,1,1,1,1783225196
2026-07-05T04:24:05Z,8,18,0,25,0,0,1,1,1,1783224856
2026-07-05T04:24:05Z,9,14,0,6,3,0,1,1,1,1783225330
2026-07-05T04:24:05Z,10,9,2,14,0,0,1,1,1,1783221209
2026-07-05T04:24:05Z,11,5,1,14,0,0,1,1,1,1783225265
2026-07-05T04:24:05Z,12,0,0,23,0,0,1,1,1,1783224318
2026-07-05T04:24:05Z,13,13,0,16,1,0,1,1,1,1783225048
2026-07-05T04:24:05Z,14,21,0,22,0,0,1,1,1,1783225176
2026-07-05T04:24:05Z,15,0,0,14,1,0,1,1,1,1783224803
2026-07-05T04:24:05Z,16,14,0,12,1,0,1,1,1,1783219189
2026-07-05T04:24:05Z,17,8,0,18,1,0,1,1,1,1783225062
2026-07-05T04:24:05Z,18,9,1,9,1,0,1,1,1,1783225430
2026-07-05T04:24:05Z,19,0,0,26,1,0,1,1,1,1783224775
2026-07-05T04:24:05Z,20,15,0,12,0,0,1,1,1,1783225325
2026-07-05T04:24:05Z,21,17,0,1,1,0,1,1,1,1783225437
2026-07-05T04:24:05Z,22,54,1,12,1,0,1,1,1,1783224194
2026-07-05T04:24:05Z,23,26,3,5,0,0,1,1,1,1783224755
2026-07-05T04:24:05Z,24,0,0,10,1,0,1,1,1,1783225437
2026-07-05T04:24:05Z,25,16,0,62,2,1,1,1,1,1783225433
2026-07-05T04:24:05Z,26,11,0,16,0,0,1,1,1,1783225379
2026-07-05T04:24:05Z,28,12,1,3,0,0,1,1,1,1783224267
2026-07-05T04:24:05Z,30,23,1,4,0,0,1,1,1,1783225298
2026-07-05T04:24:05Z,31,0,0,19,0,0,1,1,1,1783223897
2026-07-05T04:24:05Z,32,12,0,15,0,0,1,1,1,1783225141
2026-07-05T04:24:05Z,34,10,0,27,0,0,1,1,1,1783225376
2026-07-05T04:24:05Z,35,40,1,6,1,0,1,1,1,1783225394
2026-07-05T04:24:05Z,36,0,0,0,0,0,0,1,1,86400
2026-07-05T04:24:05Z,37,0,0,23,0,0,1,1,1,1783224814
2026-07-05T04:24:05Z,38,12,1,11,0,0,1,1,1,1783224997
2026-07-05T04:24:05Z,39,29,0,2,0,0,1,1,1,1783225300
2026-07-05T04:24:05Z,40,6,1,15,0,0,1,1,1,1783225053
2026-07-05T04:24:05Z,41,4,0,22,1,0,1,1,1,1783224595
2026-07-05T04:24:05Z,42,11,1,20,0,0,1,1,1,1783225196
2026-07-05T04:24:05Z,43,0,0,0,21,2,1,1,1,1783225339
2026-07-05T04:24:05Z,45,1,0,30,0,0,1,1,1,1783225102
2026-07-05T04:24:05Z,46,16,0,12,3,0,1,1,1,1783224130
2026-07-05T04:24:05Z,47,3,0,12,0,0,1,1,1,1783224186
2026-07-05T04:24:05Z,48,12,0,15,0,0,1,1,1,1783225389
2026-07-05T04:24:05Z,49,4,0,15,4,0,1,1,1,1783225438
2026-07-05T04:24:05Z,50,10,5,8,1,0,1,1,1,1783224030
2026-07-05T04:24:05Z,51,29,1,47,2,0,1,1,1,1783224202
2026-07-05T04:24:05Z,52,1,0,24,2,0,1,1,1,1783225202
2026-07-05T04:24:05Z,55,5,0,17,1,0,1,1,1,1783225424
2026-07-05T04:24:05Z,56,0,0,26,1,0,1,1,1,1783224577
2026-07-05T04:24:05Z,57,1,1,25,1,0,1,1,1,1783225334
2026-07-05T04:24:05Z,58,6,2,22,0,0,1,1,1,1783223443
2026-07-05T04:24:05Z,59,3,2,22,2,0,1,1,1,1783224586
2026-07-05T04:24:05Z,61,1,1,37,1,0,1,1,1,1783224302
2026-07-05T04:24:05Z,62,16,3,33,0,0,1,1,1,1783225225
2026-07-05T04:24:05Z,63,13,4,6,0,0,1,1,1,1783224561
2026-07-05T04:24:05Z,64,3,0,13,3,0,1,1,1,1783221052
2026-07-05T04:24:05Z,65,12,4,6,1,0,1,1,1,1783224708
2026-07-05T04:24:05Z,67,10,0,29,0,0,1,1,1,1783224080
2026-07-05T04:24:05Z,68,0,0,36,1,0,1,1,1,1783224892
2026-07-05T04:24:05Z,69,14,2,1,0,0,1,1,1,1783223356
2026-07-05T04:24:05Z,71,1,0,25,1,0,1,1,1,1783225025
2026-07-05T04:24:05Z,72,26,4,3,2,0,1,1,1,1783225430
2026-07-05T04:24:05Z,73,3,0,20,0,0,1,1,1,1783224233
2026-07-05T04:24:05Z,74,6,0,13,0,0,1,1,1,1783224373
2026-07-05T04:24:05Z,75,4,0,31,0,0,1,1,1,1783225290
2026-07-05T04:24:05Z,76,17,1,1,1,0,1,1,1,1783224697
2026-07-05T04:24:05Z,77,12,1,13,2,0,1,1,1,1783225299
2026-07-05T04:24:05Z,78,6,5,17,0,0,1,1,1,1783225332
2026-07-05T04:24:05Z,79,6,4,11,0,0,1,1,1,1783225140
2026-07-05T04:24:05Z,80,15,1,6,0,2,1,1,1,1783225272
2026-07-05T04:24:05Z,81,3,2,28,0,0,1,1,1,1783225290
2026-07-05T04:24:05Z,82,0,0,23,0,0,1,1,1,1783224446
2026-07-05T04:24:05Z,83,6,2,26,2,0,1,1,1,1783225434
2026-07-05T04:24:05Z,84,26,1,0,1,0,1,1,1,1783222293
2026-07-05T04:24:05Z,85,6,1,8,0,0,1,1,1,1783224303
2026-07-05T04:24:05Z,86,22,0,4,1,0,1,1,1,1783224934
2026-07-05T04:24:05Z,87,4,0,15,0,0,1,1,1,1783222587
2026-07-05T04:24:05Z,88,1,0,30,0,0,1,1,1,1783224591
2026-07-05T04:24:05Z,89,34,0,0,1,0,1,1,1,1783225093
2026-07-05T04:24:05Z,90,4,0,15,0,0,1,1,1,1783225156
2026-07-05T04:24:05Z,91,17,1,0,0,0,1,1,1,1783225355
2026-07-05T04:24:05Z,92,7,0,10,2,0,1,1,1,1783225375
2026-07-05T04:24:05Z,93,22,1,1,0,0,1,1,1,1783222944
2026-07-05T04:24:05Z,94,18,1,1,0,0,1,1,1,1783225146
2026-07-05T04:24:05Z,95,32,6,2,1,0,1,1,1,1783225400
2026-07-05T04:24:05Z,96,30,5,0,1,0,1,1,1,1783224023
2026-07-05T04:24:05Z,97,6,1,9,1,0,1,1,1,1783225346
2026-07-05T04:24:05Z,98,20,6,14,1,0,1,1,1,1783225340
2026-07-05T04:24:05Z,99,14,0,0,0,0,1,1,1,1783223772
2026-07-05T04:24:05Z,100,19,0,7,1,0,1,1,1,1783225288
2026-07-05T04:24:05Z,101,7,0,7,1,0,1,1,1,1783224005
2026-07-05T04:24:05Z,102,18,2,5,0,0,1,1,1,1783224878
2026-07-05T04:24:05Z,103,16,1,13,3,0,1,1,1,1783225306
2026-07-05T04:24:05Z,104,3,0,22,2,0,1,1,1,1783225237
2026-07-05T04:24:05Z,105,12,0,5,2,0,1,1,1,1783221518
2026-07-05T04:24:05Z,106,0,0,21,0,0,1,1,1,1783222328
2026-07-05T04:24:05Z,107,29,0,6,2,0,1,1,1,1783223825
2026-07-05T04:24:05Z,108,9,2,23,2,1,1,1,1,1783225366
2026-07-05T04:24:05Z,109,20,1,3,0,0,1,1,1,1783225079
2026-07-05T04:24:05Z,110,7,1,16,0,0,1,1,1,1783225004
2026-07-05T04:24:05Z,111,4,0,31,1,0,1,1,1,1783225232
2026-07-05T04:24:05Z,112,7,0,10,2,0,1,1,1,1783225266
2026-07-05T04:24:05Z,113,6,0,11,2,0,1,1,1,1783225141
2026-07-05T04:24:05Z,114,15,7,13,3,0,1,1,1,1783225145
2026-07-05T04:24:05Z,115,8,1,16,2,0,1,1,1,1783225351
2026-07-05T04:24:05Z,116,8,1,19,0,0,1,1,1,1783224130
2026-07-05T04:24:05Z,118,12,4,7,4,0,1,1,1,1783225422
2026-07-05T04:24:05Z,119,35,11,1,2,0,1,1,1,1783225028
2026-07-05T04:24:05Z,120,23,2,2,2,0,1,1,1,1783224894
2026-07-05T04:24:05Z,121,4,0,15,0,0,1,1,1,1783225117
2026-07-05T04:24:05Z,122,2,0,16,3,0,1,1,1,1783225334
2026-07-05T04:24:05Z,123,34,0,13,0,0,1,1,1,1783221766
2026-07-05T04:24:05Z,124,19,5,8,0,0,1,1,1,1783225132
2026-07-05T04:24:05Z,125,7,3,16,0,0,1,1,1,1783224274
2026-07-05T04:24:05Z,126,12,2,19,0,0,1,1,1,1783224217
2026-07-05T04:24:05Z,127,0,0,30,0,1,0,1,1,1783001724
2026-07-05T04:24:05Z,128,9,3,9,1,0,1,1,1,1783225230
2026-07-05T04:24:05Z,129,15,1,3,1,0,1,1,1,1783225347
2026-07-05T04:24:05Z,130,15,0,2,0,0,1,1,1,1783225257
2026-07-05T04:24:05Z,131,1,0,8,2,0,1,1,1,1783222962
2026-07-05T04:24:05Z,132,2,0,12,0,1,1,1,1,1783225338
2026-07-05T04:24:05Z,133,5,1,18,0,0,1,1,1,1783224197
2026-07-05T04:24:05Z,134,3,1,19,1,0,1,1,1,1783225266
2026-07-05T04:24:05Z,135,14,1,3,2,0,1,1,1,1783225398
2026-07-05T04:24:05Z,136,18,0,4,0,0,1,1,1,1783225263
2026-07-05T04:24:05Z,137,0,0,19,0,0,1,1,1,1783225111
2026-07-05T04:24:05Z,138,23,2,14,0,0,1,1,1,1783225400
2026-07-05T04:24:05Z,139,15,4,2,2,0,1,1,1,1783225364
2026-07-05T04:24:05Z,140,16,3,6,1,0,1,1,1,1783225348
2026-07-05T04:24:05Z,141,11,0,12,2,0,1,1,1,1783225080
2026-07-05T04:24:05Z,142,0,0,19,0,0,0,1,1,1782498468
2026-07-05T04:24:05Z,143,21,1,9,1,0,1,1,1,1783225053
2026-07-05T04:24:05Z,144,20,1,7,0,0,1,1,1,1783225363
2026-07-05T04:24:05Z,145,24,0,6,1,0,1,1,1,1783225277
2026-07-05T04:24:05Z,146,16,1,7,0,0,1,1,1,1783225205
2026-07-05T04:24:05Z,147,3,1,14,2,0,1,1,1,1783225102
2026-07-05T04:24:05Z,148,10,0,16,1,0,1,1,1,1783225276
2026-07-05T04:24:05Z,149,11,2,8,0,0,1,1,1,1783225128
2026-07-05T04:24:05Z,150,13,4,20,2,0,1,1,1,1783225313
2026-07-05T04:24:05Z,151,16,2,7,0,0,1,1,1,1783225421
2026-07-05T04:24:05Z,152,15,0,11,0,0,1,1,1,1783225416
2026-07-05T04:24:05Z,153,19,1,0,4,0,1,1,1,1783225154
2026-07-05T04:24:05Z,154,8,2,12,3,0,1,1,1,1783225396
2026-07-05T04:24:05Z,155,4,3,8,2,0,1,1,1,1783224464
2026-07-05T04:24:05Z,156,5,1,12,2,0,1,1,1,1783225429
2026-07-05T04:24:05Z,157,2,0,19,0,0,1,1,1,1783224991
2026-07-05T04:24:05Z,158,1,1,16,2,0,1,1,1,1783224956
2026-07-05T04:24:05Z,159,15,7,3,1,0,1,1,1,1783224962
2026-07-05T04:24:05Z,160,7,1,10,2,0,1,1,1,1783225334
2026-07-05T04:24:05Z,161,6,0,16,1,0,1,1,1,1783225440
2026-07-05T04:24:05Z,162,11,6,15,1,0,1,1,1,1783224992
2026-07-05T04:24:05Z,163,10,1,20,1,0,1,1,1,1783225216
2026-07-05T04:24:05Z,164,14,3,13,0,0,1,1,1,1783224266
2026-07-05T04:24:05Z,165,2,2,25,3,0,1,1,1,1783225080
2026-07-05T04:24:05Z,166,12,3,24,2,0,1,1,1,1783224817
2026-07-05T04:24:05Z,167,17,11,5,1,0,1,1,1,1783225203
2026-07-05T04:24:05Z,168,9,0,16,1,1,1,1,1,1783225341
2026-07-05T04:24:05Z,169,0,0,23,0,0,1,1,1,1783222579
2026-07-05T04:24:05Z,170,2,0,15,2,0,1,1,1,1783225262
2026-07-05T04:24:05Z,171,9,4,3,1,0,1,1,1,1783225364
2026-07-05T04:24:05Z,173,3,0,32,2,0,1,1,1,1783225283
2026-07-05T04:24:05Z,174,23,0,2,0,0,1,1,1,1783225294
2026-07-05T04:24:05Z,175,15,1,16,0,0,1,1,1,1783225315
2026-07-05T04:24:05Z,176,3,0,11,0,1,1,1,1,1783225404
2026-07-05T04:24:05Z,177,11,0,15,1,0,1,1,1,1783225365
2026-07-05T04:24:05Z,178,9,0,4,2,0,1,1,1,1783224783
2026-07-05T04:24:05Z,179,9,1,3,3,0,1,1,1,1783225233
2026-07-05T04:24:05Z,180,21,0,8,1,0,1,1,1,1783222721
2026-07-05T04:24:05Z,181,7,5,2,4,1,1,1,1,1783225400
2026-07-05T04:24:05Z,182,14,1,5,0,0,1,1,1,1783225435
2026-07-05T04:24:05Z,183,8,3,15,0,0,1,1,1,1783225369
2026-07-05T04:24:05Z,184,1,1,21,1,0,1,1,1,1783225022
2026-07-05T04:24:05Z,185,2,1,10,2,1,1,1,1,1783225198
2026-07-05T04:24:05Z,186,9,1,10,0,0,1,1,1,1783225332
2026-07-05T04:24:05Z,187,27,1,1,1,0,1,1,1,1783225380
2026-07-05T04:24:05Z,188,4,1,17,2,4,1,1,1,1783225331
2026-07-05T04:24:05Z,189,7,3,8,0,0,1,1,1,1783224487
2026-07-05T04:24:05Z,190,0,0,23,0,0,1,1,1,1783224920
2026-07-05T04:24:05Z,191,4,1,33,3,0,1,1,1,1783225416
2026-07-05T04:24:05Z,192,9,3,22,0,0,1,1,1,1783224878
2026-07-05T04:24:05Z,193,6,4,8,1,0,1,1,1,1783225073
2026-07-05T04:24:05Z,194,3,0,12,0,0,1,1,1,1783224853
2026-07-05T04:24:05Z,195,1,1,18,0,0,1,1,1,1783225365
2026-07-05T04:24:05Z,196,14,2,13,0,0,1,1,1,1783224958
2026-07-05T04:24:05Z,197,7,2,11,0,1,1,1,1,1783225261
2026-07-05T04:24:05Z,198,3,1,20,0,0,1,1,1,1783224807
2026-07-05T04:24:05Z,199,0,0,13,2,0,1,1,1,1783225343
2026-07-05T04:24:05Z,200,3,0,23,0,0,1,1,1,1783224706
2026-07-05T04:24:05Z,201,15,1,8,0,0,1,1,1,1783222677
2026-07-05T04:24:05Z,202,0,0,21,0,0,0,1,1,1783093344
2026-07-05T04:24:05Z,203,18,0,13,0,0,1,1,1,1783223363
2026-07-05T04:24:05Z,204,21,2,13,1,0,1,1,1,1783225364
2026-07-05T04:24:05Z,205,18,1,9,0,0,1,1,1,1783225231
2026-07-05T04:24:05Z,206,1,0,13,1,0,1,1,1,1783224967
2026-07-05T04:24:05Z,207,11,0,9,1,0,1,1,1,1783225428
2026-07-05T04:24:05Z,208,1,1,28,0,0,1,1,1,1783225112
2026-07-05T04:24:05Z,209,8,0,22,1,0,1,1,1,1783225369
2026-07-05T04:24:05Z,210,13,10,14,0,0,1,1,1,1783225340
2026-07-05T04:24:05Z,211,9,3,14,0,0,1,1,1,1783225375
2026-07-05T04:24:05Z,212,18,0,17,0,0,1,1,1,1783225356
2026-07-05T04:24:05Z,213,21,2,1,1,0,1,1,1,1783224820
2026-07-05T04:24:05Z,214,21,5,23,3,0,1,1,1,1783224263
2026-07-05T04:24:05Z,215,1,0,22,0,0,1,1,1,1783224876
2026-07-05T04:24:05Z,216,17,0,0,2,0,1,1,1,1783225437
2026-07-05T04:24:05Z,217,14,0,14,1,0,1,1,1,1783225107
2026-07-05T04:24:05Z,218,18,7,17,4,0,1,1,1,1783225152
2026-07-05T04:24:05Z,219,0,0,26,0,0,0,1,1,1783102715
2026-07-05T04:24:05Z,220,19,19,24,0,0,1,1,1,1783224706
2026-07-05T04:24:05Z,221,11,11,3,0,0,1,1,1,1783225153
2026-07-05T04:24:05Z,222,2,2,17,0,0,1,1,1,1783224839
2026-07-05T04:24:05Z,223,10,5,21,4,0,1,1,1,1783225157
2026-07-05T04:24:05Z,224,22,3,0,0,0,1,1,1,1783225236
2026-07-05T04:24:05Z,225,7,1,8,4,0,1,1,1,1783218949
2026-07-05T04:24:05Z,226,7,7,23,1,0,1,1,1,1783225012
2026-07-05T04:24:05Z,227,6,5,21,0,0,1,1,1,1783225214
2026-07-05T04:24:05Z,228,13,5,5,1,0,1,1,1,1783225348
2026-07-05T04:24:05Z,230,5,1,18,0,0,1,1,1,1783225241
2026-07-05T04:24:05Z,232,5,1,12,2,0,1,1,1,1783225329
2026-07-05T04:24:05Z,233,27,6,3,1,0,1,1,1,1783225353
2026-07-05T04:24:05Z,234,14,2,0,4,1,1,1,1,1783225096
2026-07-05T04:24:05Z,236,17,7,0,2,0,1,1,1,1783223826
2026-07-05T04:24:05Z,237,11,2,12,0,0,1,1,1,1783225227
2026-07-05T04:24:05Z,239,0,0,27,0,0,1,1,1,1783225093
2026-07-05T04:24:05Z,241,11,4,12,0,0,1,1,1,1783225334
2026-07-05T04:24:05Z,242,3,2,20,0,0,1,1,1,1783225257
2026-07-05T04:24:05Z,243,16,3,14,1,0,1,1,1,1783225429
2026-07-05T04:24:05Z,244,21,7,6,0,0,1,1,1,1783225228
2026-07-05T04:24:05Z,245,7,0,16,0,0,1,1,1,1783225066
2026-07-05T04:24:05Z,246,3,1,20,0,0,1,1,1,1783224745
2026-07-05T04:24:05Z,247,6,4,17,0,0,1,1,1,1783223455
2026-07-05T04:24:05Z,248,0,0,19,4,0,1,1,1,1783224093
2026-07-05T04:24:05Z,249,5,3,13,1,0,1,1,1,1783225181
2026-07-05T04:24:05Z,250,2,1,25,0,0,1,1,1,1783225191
2026-07-05T04:24:05Z,251,0,0,24,3,0,1,1,1,1783224999
2026-07-05T04:24:05Z,253,2,0,17,0,0,1,1,1,1783224597
2026-07-05T04:24:05Z,254,24,1,16,3,0,1,1,1,1783225388
2026-07-05T04:24:05Z,255,14,0,9,0,0,1,1,1,1783225325
2026-07-05T04:24:05Z,256,9,3,14,0,0,1,1,1,1783225067
2026-07-05T04:24:05Z,257,13,2,5,1,0,1,1,1,1783225436
2026-07-05T04:24:05Z,258,3,1,14,2,0,1,1,1,1783225266
2026-07-05T04:24:05Z,259,17,2,5,1,0,1,1,1,1783225113
2026-07-05T04:24:05Z,260,6,2,13,0,0,1,1,1,1783224437
2026-07-05T04:24:05Z,261,17,2,0,2,0,1,1,1,1783222498
2026-07-05T04:24:05Z,262,9,4,13,1,0,1,1,1,1783225231
2026-07-05T04:24:05Z,263,5,2,10,0,0,1,1,1,1783224494
2026-07-05T04:24:05Z,264,11,7,7,1,0,1,1,1,1783225313
2026-07-05T04:24:05Z,265,14,0,1,0,0,1,1,1,1783224943
2026-07-05T04:24:05Z,266,9,0,9,1,0,1,1,1,1783224578
2026-07-05T04:24:05Z,267,4,0,11,0,0,1,1,1,1783205904
2026-07-05T04:24:05Z,268,1,0,19,3,0,1,1,1,1783224370
2026-07-05T04:24:05Z,269,3,0,20,0,0,1,1,1,1783222107
2026-07-05T04:24:05Z,270,0,0,27,0,0,1,1,1,1783223688
2026-07-05T04:24:05Z,271,0,0,16,3,0,1,1,1,1783225191
2026-07-05T04:24:05Z,272,21,4,2,0,0,1,1,1,1783223828
2026-07-05T04:24:05Z,273,9,8,6,0,0,1,1,1,1783225425
2026-07-05T04:24:05Z,274,6,3,12,1,0,1,1,1,1783224444
2026-07-05T04:24:05Z,275,18,1,4,1,0,1,1,1,1783224934
2026-07-05T04:24:05Z,276,5,3,20,1,1,1,1,1,1783224985
2026-07-05T04:24:05Z,277,0,0,21,2,0,1,1,1,1783225127
2026-07-05T04:24:05Z,278,10,5,19,1,1,1,1,1,1783225203
2026-07-05T04:24:05Z,279,0,0,19,0,0,1,1,1,1783225018
2026-07-05T04:24:05Z,280,13,1,14,4,0,1,1,1,1783225311
2026-07-05T04:24:05Z,281,2,0,21,0,0,1,1,1,1783225111
2026-07-05T04:24:05Z,282,11,0,5,0,0,1,1,1,1783223608
2026-07-05T04:24:05Z,283,20,2,13,2,0,1,1,1,1783225144
2026-07-05T04:24:05Z,284,5,5,29,1,0,1,1,1,1783225258
2026-07-05T04:24:05Z,285,1,0,22,0,0,1,1,1,1783224730
2026-07-05T04:24:05Z,286,5,2,17,1,0,1,1,1,1783223406
2026-07-05T04:24:05Z,287,13,9,7,3,0,1,1,1,1783223498
2026-07-05T04:24:05Z,288,5,2,12,2,0,1,1,1,1783225191
2026-07-05T04:24:05Z,289,22,0,4,1,0,1,1,1,1783225384
2026-07-05T04:24:05Z,290,24,0,13,2,0,1,1,1,1783225421
2026-07-05T04:24:05Z,291,8,0,15,0,0,1,1,1,1783225295
2026-07-05T04:24:05Z,292,2,0,21,0,0,1,1,1,1783224123
2026-07-05T04:24:05Z,293,1,0,21,1,0,1,1,1,1783224407
2026-07-05T04:24:05Z,294,6,2,15,1,0,1,1,1,1783225336
2026-07-05T04:24:05Z,297,3,0,15,1,0,1,1,1,1783224848
2026-07-05T04:24:05Z,301,9,1,9,1,0,1,1,1,1783224445
2026-07-05T04:24:05Z,302,0,0,22,1,0,1,1,1,1783224442
2026-07-05T04:24:05Z,303,9,1,9,1,0,1,1,1,1783225215
2026-07-05T04:24:05Z,304,0,0,0,0,0,0,1,1,86400
2026-07-05T04:24:05Z,305,1,1,18,0,0,1,1,1,1783220958
2026-07-05T04:24:05Z,306,2,2,28,2,0,1,1,1,1783224913
2026-07-05T04:24:05Z,307,2,1,19,2,0,1,1,1,1783224344
2026-07-05T04:24:05Z,308,16,1,1,2,0,1,1,1,1783224731
2026-07-05T04:24:05Z,309,2,2,1,6,0,1,1,1,1783225440
2026-07-05T04:24:05Z,311,11,1,4,0,0,1,1,1,1783224507
2026-07-05T04:24:05Z,312,6,0,12,4,1,1,1,1,1783224295
2026-07-05T04:24:05Z,313,15,0,0,0,0,1,1,1,1783222784
2026-07-05T04:24:05Z,314,8,2,9,2,0,1,1,1,1783225363
2026-07-05T04:24:05Z,315,0,0,31,0,0,0,1,1,1783017696
2026-07-05T04:24:05Z,316,9,1,4,2,0,1,1,1,1783225407
2026-07-05T04:24:05Z,317,3,3,23,5,0,1,1,1,1783225155
2026-07-05T04:24:05Z,318,12,1,5,0,0,1,1,1,1783223689
2026-07-05T04:24:05Z,319,14,0,11,2,0,1,1,1,1783225438
2026-07-05T04:24:05Z,320,11,0,7,1,0,1,1,1,1783222619
2026-07-05T04:24:05Z,321,17,2,0,2,0,1,1,1,1783220081
2026-07-05T04:24:05Z,322,8,2,21,0,0,1,1,1,1783222625
2026-07-05T04:24:05Z,323,9,0,10,0,0,1,1,1,1783225365
2026-07-05T04:24:05Z,324,21,5,5,1,0,1,1,1,1783225368
2026-07-05T04:24:05Z,325,5,0,20,2,0,1,1,1,1783224678
2026-07-05T04:24:05Z,327,14,3,11,0,2,1,1,1,1783225420
2026-07-05T04:24:05Z,328,7,1,15,0,1,1,1,1,1783225297
2026-07-05T04:24:05Z,329,11,0,8,0,0,1,1,1,1783223995
2026-07-05T04:24:05Z,330,3,1,19,0,0,1,1,1,1783224591
2026-07-05T04:24:05Z,331,14,0,9,0,0,1,1,1,1783224619
2026-07-05T04:24:05Z,332,4,1,15,0,0,1,1,1,1783223850
2026-07-05T04:24:05Z,333,5,3,18,0,0,1,1,1,1783225423
2026-07-05T04:24:05Z,334,4,2,19,0,0,1,1,1,1783225427
2026-07-05T04:24:05Z,335,0,0,21,1,1,1,1,1,1783225314
2026-07-05T04:24:05Z,336,5,2,14,0,0,1,1,1,1783225034
2026-07-05T04:24:05Z,337,12,4,8,3,0,1,1,1,1783225180
2026-07-05T04:24:05Z,338,10,2,9,0,0,1,1,1,1783225389
2026-07-05T04:24:05Z,339,0,0,22,1,0,1,1,1,1783225298
2026-07-05T04:24:05Z,340,8,6,6,1,0,1,1,1,1783225294
2026-07-05T04:24:05Z,341,5,5,13,1,0,1,1,1,1783224847
2026-07-05T04:24:05Z,342,13,4,1,1,0,1,1,1,1783225232
2026-07-05T04:24:05Z,343,10,6,13,0,0,1,1,1,1783225323
2026-07-05T04:24:05Z,344,4,1,18,1,0,1,1,1,1783224680
2026-07-05T04:24:05Z,345,15,1,4,0,0,1,1,1,1783225373
2026-07-05T04:24:05Z,346,22,1,1,0,0,1,1,1,1783223472
2026-07-05T04:24:05Z,347,4,2,43,0,0,1,1,1,1783225396
2026-07-05T04:24:05Z,348,22,2,1,0,0,1,1,1,1783224183
2026-07-05T04:24:05Z,349,3,1,14,2,0,1,1,1,1783225432
2026-07-05T04:24:05Z,350,17,2,9,0,1,1,1,1,1783225267
2026-07-05T04:24:05Z,351,1,0,20,2,0,1,1,1,1783225174
2026-07-05T04:24:05Z,355,3,1,19,1,0,1,1,1,1783224536
2026-07-05T04:24:05Z,356,12,0,5,2,0,1,1,1,1783225181
2026-07-05T04:24:05Z,357,11,5,8,0,0,1,1,1,1783225155
2026-07-05T04:24:05Z,359,15,1,10,2,0,1,1,1,1783223503
2026-07-05T04:24:05Z,360,6,1,13,0,0,1,1,1,1783223287
2026-07-05T04:24:05Z,362,12,7,4,3,0,1,1,1,1783225384
2026-07-05T04:24:05Z,363,2,0,25,0,0,1,1,1,1783225115
2026-07-05T04:24:05Z,364,5,2,12,1,1,1,1,1,1783225438
2026-07-05T04:24:05Z,365,14,11,8,1,0,1,1,1,1783224877
2026-07-05T04:24:05Z,366,14,1,7,2,0,1,1,1,1783225413
2026-07-05T04:24:05Z,367,12,3,6,1,0,1,1,1,1783223159
2026-07-05T04:24:05Z,368,22,1,1,0,0,1,1,1,1783224286
2026-07-05T04:24:05Z,370,3,2,12,2,0,1,1,1,1783225394
2026-07-05T04:24:05Z,371,4,0,14,1,0,1,1,1,1783223169
2026-07-05T04:24:05Z,372,13,0,2,0,0,1,1,1,1783224651
2026-07-05T04:24:05Z,373,25,6,1,0,0,1,1,1,1783225236
2026-07-05T04:24:05Z,374,15,2,2,0,0,1,1,1,1783225433
2026-07-05T04:24:05Z,375,13,4,13,1,0,1,1,1,1783224292
2026-07-05T04:24:05Z,376,16,4,23,0,0,1,1,1,1783225350
2026-07-05T04:24:05Z,377,14,3,10,3,0,1,1,1,1783225332
2026-07-05T04:24:05Z,378,16,5,6,2,0,1,1,1,1783225302
2026-07-05T04:24:05Z,379,12,3,15,0,0,1,1,1,1783225324
2026-07-05T04:24:05Z,380,10,2,12,1,0,1,1,1,1783224416
2026-07-05T04:24:05Z,381,22,1,1,0,0,1,1,1,1783225317
2026-07-05T04:24:05Z,383,14,2,1,0,0,1,1,1,1783224082
2026-07-05T04:24:05Z,384,4,1,14,1,0,1,1,1,1783224786
2026-07-05T04:24:05Z,385,11,0,7,0,0,1,1,1,1783224414
2026-07-05T04:24:05Z,387,21,3,2,0,0,1,1,1,1783224387
2026-07-05T04:24:05Z,388,14,0,31,4,0,1,1,1,1783225276
2026-07-05T04:24:05Z,389,2,0,11,2,0,1,1,1,1783225422
2026-07-05T04:24:05Z,390,15,2,12,0,0,1,1,1,1783225324
2026-07-05T04:24:05Z,391,10,7,4,1,0,1,1,1,1783223657
2026-07-05T04:24:05Z,392,7,6,12,0,0,1,1,1,1783220392
2026-07-05T04:24:05Z,393,0,0,9,2,0,1,1,1,1783225387
2026-07-05T04:24:05Z,394,6,2,8,0,1,1,1,1,1783222485
2026-07-05T04:24:05Z,396,4,1,35,3,0,1,1,1,1783224930
2026-07-05T04:24:05Z,397,4,2,26,1,0,1,1,1,1783225252
2026-07-05T04:24:05Z,399,16,0,0,1,0,1,1,1,1783225242
2026-07-05T04:24:05Z,400,5,2,15,3,0,1,1,1,1783225427
2026-07-05T04:24:05Z,401,1,1,29,1,0,1,1,1,1783225124
2026-07-05T04:24:05Z,403,16,9,12,3,0,1,1,1,1783225409
2026-07-05T04:24:05Z,404,1,0,19,3,0,1,1,1,1783225290
2026-07-05T04:24:05Z,406,4,0,27,4,0,1,1,1,1783225169
2026-07-05T04:24:05Z,407,3,0,31,0,0,1,1,1,1783224579
2026-07-05T04:24:05Z,408,8,3,24,1,0,1,1,1,1783223906
2026-07-05T04:24:05Z,409,0,0,22,1,0,1,1,1,1783218138
2026-07-05T04:24:05Z,413,13,3,8,2,0,1,1,1,1783225357
2026-07-05T04:24:05Z,414,11,2,4,0,0,1,1,1,1783224785
2026-07-05T04:24:05Z,417,19,6,0,0,0,1,1,1,1783224946
2026-07-05T04:24:05Z,418,5,2,10,0,0,1,1,1,1783223261
2026-07-05T04:24:05Z,419,20,3,1,2,0,1,1,1,1783224386
2026-07-05T04:24:05Z,421,12,0,7,0,0,1,1,1,1783225294
2026-07-05T04:24:05Z,422,7,3,20,0,0,1,1,1,1783223720
2026-07-05T04:24:05Z,423,12,3,11,0,0,1,1,1,1783225239
2026-07-05T04:24:05Z,424,0,0,14,1,0,1,1,1,1783224202
2026-07-05T04:24:05Z,425,16,0,6,0,0,1,1,1,1783225094
2026-07-05T04:24:05Z,426,2,0,33,2,0,1,1,1,1783224803
2026-07-05T04:24:05Z,427,9,1,5,0,1,1,1,1,1783225349
2026-07-05T04:24:05Z,428,17,0,2,0,0,1,1,1,1783223166
2026-07-05T04:24:05Z,429,19,5,1,3,0,1,1,1,1783225170
2026-07-05T04:24:05Z,430,27,1,1,3,0,1,1,1,1783225421
2026-07-05T04:24:05Z,431,22,1,7,2,2,1,1,1,1783223487
2026-07-05T04:24:05Z,432,1,0,29,1,0,1,1,1,1783225297
2026-07-05T04:24:05Z,433,21,3,0,2,0,1,1,1,1783222855
2026-07-05T04:24:05Z,437,5,2,12,2,0,1,1,1,1783225437
2026-07-05T04:24:05Z,438,6,1,12,1,0,1,1,1,1783216671
2026-07-05T04:24:05Z,439,9,2,6,0,0,1,1,1,1783224240
2026-07-05T04:24:05Z,440,14,0,0,1,0,1,1,1,1783224982
2026-07-05T04:24:05Z,441,2,1,12,1,0,1,1,1,1783225004
2026-07-05T04:24:05Z,442,9,2,9,1,0,1,1,1,1783225264
2026-07-05T04:24:05Z,443,8,0,19,0,0,1,1,1,1783195674
2026-07-05T04:24:05Z,444,9,5,14,0,0,1,1,1,1783219201
2026-07-05T04:24:05Z,445,11,6,11,1,0,1,1,1,1783219197
2026-07-05T04:24:05Z,446,6,0,16,0,1,1,1,1,1783224960
2026-07-05T04:24:05Z,447,5,0,16,2,0,1,1,1,1783214647
2026-07-05T04:24:05Z,448,12,2,0,2,1,1,1,1,1783224276
2026-07-05T04:24:05Z,452,10,2,8,1,0,1,1,1,1783225407
2026-07-05T04:24:05Z,453,4,2,9,2,0,1,1,1,1783224774
2026-07-05T04:24:05Z,454,6,1,11,1,1,1,1,1,1783224489
2026-07-05T04:24:05Z,455,0,0,39,0,0,0,1,1,1782992996
2026-07-05T04:24:05Z,456,12,0,7,4,0,1,1,1,1783225431
2026-07-05T04:24:05Z,457,6,0,19,2,0,1,1,1,1783225092
2026-07-05T04:24:05Z,458,5,0,16,2,0,1,1,1,1783223936
2026-07-05T04:24:05Z,459,15,6,0,0,0,1,1,1,1783224425
2026-07-05T04:24:05Z,460,11,2,12,0,0,1,1,1,1783225187
2026-07-05T04:24:05Z,461,7,0,9,3,0,1,1,1,1783224906
2026-07-05T04:24:05Z,462,11,0,10,0,0,1,1,1,1783225439
2026-07-05T04:24:05Z,463,12,1,6,1,0,1,1,1,1783225202
2026-07-05T04:24:05Z,464,3,0,10,1,0,1,1,1,1783225212
2026-07-05T04:24:05Z,465,2,0,13,0,0,1,1,1,1783223540
2026-07-05T04:24:05Z,466,15,5,0,0,0,1,1,1,1783222933
2026-07-05T04:24:05Z,467,4,1,11,0,0,1,1,1,1783223173
2026-07-05T04:24:05Z,468,2,2,17,0,0,1,1,1,1783215781
2026-07-05T04:24:05Z,469,1,0,20,1,1,1,1,1,1783224018
2026-07-05T04:24:05Z,470,15,1,0,0,0,1,1,1,1783225091
2026-07-05T04:24:05Z,471,16,1,10,1,0,1,1,1,1783224774
2026-07-05T04:24:05Z,472,11,3,6,2,0,1,1,1,1783223130
2026-07-05T04:24:05Z,473,2,2,16,1,0,1,1,1,1783223967
2026-07-05T04:24:05Z,474,13,0,5,1,0,1,1,1,1783223996
2026-07-05T04:24:05Z,475,4,1,15,0,0,1,1,1,1783225363
2026-07-05T04:24:05Z,476,7,3,13,3,0,1,1,1,1783225221
2026-07-05T04:24:05Z,477,12,2,2,1,0,1,1,1,1783225247
2026-07-05T04:24:05Z,478,1,1,26,4,0,1,1,1,1783225069
2026-07-05T04:24:05Z,479,10,0,13,3,1,1,1,1,1783225431
2026-07-05T04:24:05Z,480,13,1,1,1,0,1,1,1,1783225240
2026-07-05T04:24:05Z,481,29,0,6,0,0,1,1,1,1783224930
2026-07-05T04:24:05Z,482,7,5,11,1,0,1,1,1,1783223759
2026-07-05T04:24:05Z,483,14,0,12,0,1,1,1,1,1783225038
2026-07-05T04:24:05Z,484,3,0,16,0,0,1,1,1,1783223797
2026-07-05T04:24:05Z,485,7,3,11,0,1,1,1,1,1783225395
2026-07-05T04:24:05Z,486,12,0,14,1,0,1,1,1,1783224949
2026-07-05T04:24:05Z,487,5,4,12,2,0,1,1,1,1783225131
2026-07-05T04:24:05Z,489,3,2,12,0,0,1,1,1,1783225133
2026-07-05T04:24:05Z,490,11,8,3,2,0,1,1,1,1783223679
2026-07-05T04:24:05Z,491,17,3,2,2,0,1,1,1,1783225130
2026-07-05T04:24:05Z,492,4,3,2,5,0,1,1,1,1783223455
2026-07-05T04:24:05Z,493,5,0,22,0,0,1,1,1,1783223467
2026-07-05T04:24:05Z,495,12,1,1,2,0,1,1,1,1783225335
2026-07-05T04:24:05Z,496,6,0,20,1,0,1,1,1,1783224117
2026-07-05T04:24:05Z,497,17,0,2,0,0,1,1,1,1783224953
2026-07-05T04:24:05Z,498,19,4,4,0,0,1,1,1,1783225322
2026-07-05T04:24:05Z,499,10,1,6,3,0,1,1,1,1783223503
2026-07-05T04:24:05Z,500,9,2,5,1,0,1,1,1,1783225046
2026-07-05T04:24:05Z,501,6,1,14,1,0,1,1,1,1783224390
2026-07-05T04:24:05Z,502,4,0,15,0,0,1,1,1,1783221629
2026-07-05T04:24:05Z,503,18,1,13,0,0,1,1,1,1783224768
2026-07-05T04:24:05Z,504,0,0,39,0,0,1,1,1,1783225150
2026-07-05T04:24:05Z,505,2,0,15,1,0,1,1,1,1783225429
2026-07-05T04:24:05Z,511,8,1,15,0,0,1,1,1,1783224973
2026-07-05T04:24:05Z,512,11,0,8,0,0,1,1,1,1783221801
2026-07-05T04:24:05Z,514,8,3,2,1,0,1,1,1,1783224646
2026-07-05T04:24:05Z,515,12,1,7,0,0,1,1,1,1783225162
2026-07-05T04:24:05Z,516,20,0,6,1,0,1,1,1,1783225321
2026-07-05T04:24:05Z,517,16,7,7,0,0,1,1,1,1783223624
2026-07-05T04:24:05Z,518,6,2,9,0,0,1,1,1,1783223034
2026-07-05T04:24:05Z,519,16,0,3,0,0,1,1,1,1783222896
2026-07-05T04:24:05Z,520,4,1,21,2,0,1,1,1,1783224455
2026-07-05T04:24:05Z,521,7,0,16,0,0,1,1,1,1783225254
2026-07-05T04:24:05Z,522,13,0,10,0,0,1,1,1,1783225432
2026-07-05T04:24:05Z,523,6,1,16,1,0,1,1,1,1783223586
2026-07-05T04:24:05Z,524,15,0,6,2,0,1,1,1,1783225259
2026-07-05T04:24:05Z,525,12,0,7,0,0,1,1,1,1783223595
2026-07-05T04:24:05Z,526,10,4,4,1,0,1,1,1,1783224573
2026-07-05T04:24:05Z,527,2,2,22,2,0,1,1,1,1783225319
2026-07-05T04:24:05Z,528,11,3,11,1,0,1,1,1,1783224279
2026-07-05T04:24:05Z,529,5,1,10,4,0,1,1,1,1783225328
2026-07-05T04:24:05Z,530,11,2,9,1,0,1,1,1,1783224587
2026-07-05T04:24:05Z,531,18,1,4,0,1,1,1,1,1783223876
2026-07-05T04:24:05Z,532,3,1,27,1,0,1,1,1,1783225029
2026-07-05T04:24:05Z,533,10,0,8,1,0,1,1,1,1783225048
2026-07-05T04:24:05Z,534,6,3,15,2,0,1,1,1,1783224798
2026-07-05T04:24:05Z,535,3,1,11,1,0,1,1,1,1783224246
2026-07-05T04:24:05Z,536,21,0,1,1,0,1,1,1,1783225400
2026-07-05T04:24:05Z,537,1,0,19,1,0,1,1,1,1783225375
2026-07-05T04:24:05Z,538,15,4,3,1,0,1,1,1,1783224984
2026-07-05T04:24:05Z,539,11,2,17,3,0,1,1,1,1783225285
2026-07-05T04:24:05Z,540,10,4,9,0,0,1,1,1,1783224803
2026-07-05T04:24:05Z,541,19,0,7,1,0,1,1,1,1783225239
2026-07-05T04:24:05Z,542,5,2,18,0,0,1,1,1,1783224988
2026-07-05T04:24:05Z,543,14,2,2,3,0,1,1,1,1783224386
2026-07-05T04:24:05Z,544,17,4,4,2,0,1,1,1,1783225375
2026-07-05T04:24:05Z,545,18,1,1,0,0,1,1,1,1783225352
2026-07-05T04:24:05Z,546,2,1,17,0,0,1,1,1,1783224158
2026-07-05T04:24:05Z,547,12,2,10,1,0,1,1,1,1783225191
2026-07-05T04:24:05Z,548,0,0,22,1,0,1,1,1,1783225379
2026-07-05T04:24:05Z,549,14,1,7,0,0,1,1,1,1783224958
2026-07-05T04:24:05Z,550,1,1,18,0,0,1,1,1,1783223023
2026-07-05T04:24:05Z,551,19,6,3,1,0,1,1,1,1783218704
2026-07-05T04:24:05Z,552,16,0,11,0,0,1,1,1,1783225316
2026-07-05T04:24:05Z,553,13,2,10,0,0,1,1,1,1783225191
2026-07-05T04:24:05Z,554,3,1,16,0,0,1,1,1,1783223157
2026-07-05T04:24:05Z,555,9,3,5,1,0,1,1,1,1783224763
2026-07-05T04:24:05Z,556,7,2,14,2,0,1,1,1,1783225247
2026-07-05T04:24:05Z,557,0,0,23,0,0,0,1,1,1781719859
2026-07-05T04:24:05Z,558,8,2,28,1,0,1,1,1,1783225404
2026-07-05T04:24:05Z,559,12,0,6,1,0,1,1,1,1783210010
2026-07-05T04:24:05Z,560,12,0,15,0,0,1,1,1,1783225437
2026-07-05T04:24:05Z,561,11,2,11,1,0,1,1,1,1783223362
2026-07-05T04:24:05Z,562,3,1,31,1,0,1,1,1,1783225309
2026-07-05T04:24:05Z,563,13,0,1,0,0,1,1,1,1783218114
2026-07-05T04:24:05Z,564,14,1,4,1,0,1,1,1,1783225192
2026-07-05T04:24:05Z,565,7,1,12,0,0,1,1,1,1783225059
2026-07-05T04:24:05Z,566,4,0,14,1,0,1,1,1,1783224906
2026-07-05T04:24:05Z,567,23,2,3,1,0,1,1,1,1783224622
2026-07-05T04:24:05Z,568,1,0,18,0,0,1,1,1,1783223823
2026-07-05T04:24:05Z,569,15,1,4,0,0,1,1,1,1783225396
2026-07-05T04:24:05Z,570,10,0,9,0,0,1,1,1,1783225232
2026-07-05T04:24:05Z,571,14,2,9,0,0,1,1,1,1783225386
2026-07-05T04:24:05Z,572,13,0,6,0,0,1,1,1,1783223150
2026-07-05T04:24:05Z,573,15,1,0,0,0,1,1,1,1783219057
2026-07-05T04:24:05Z,574,5,4,10,0,0,1,1,1,1783224946
2026-07-05T04:24:05Z,575,13,0,8,0,0,1,1,1,1783224815
2026-07-05T04:24:05Z,576,0,0,19,0,0,1,1,1,1783220503
2026-07-05T04:24:05Z,577,23,1,8,0,0,1,1,1,1783224723
2026-07-05T04:24:05Z,578,3,1,20,0,0,1,1,1,1783223597
2026-07-05T04:24:05Z,579,16,0,27,0,0,1,1,1,1783225367
2026-07-05T04:24:05Z,580,16,1,14,1,0,1,1,1,1783225160
2026-07-05T04:24:05Z,581,4,0,13,2,0,1,1,1,1783225431
2026-07-05T04:24:05Z,582,7,0,51,3,0,1,1,1,1783225391
2026-07-05T04:24:05Z,583,23,0,0,0,0,1,1,1,1783218887
2026-07-05T04:24:05Z,584,2,2,13,4,0,1,1,1,1783225424
2026-07-05T04:24:05Z,585,3,0,23,0,0,1,1,1,1783225286
2026-07-05T04:24:05Z,586,30,1,5,0,0,1,1,1,1783225270
2026-07-05T04:24:05Z,587,19,0,5,1,0,1,1,1,1783225202
2026-07-05T04:24:05Z,588,18,3,1,0,0,1,1,1,1783222777
2026-07-05T04:24:05Z,589,9,6,14,0,0,1,1,1,1783224791
2026-07-05T04:24:05Z,590,4,0,27,0,0,1,1,1,1783224233
2026-07-05T04:24:05Z,591,19,5,1,2,0,1,1,1,1783224868
2026-07-05T04:24:05Z,592,4,1,19,0,0,1,1,1,1783224862
2026-07-05T04:24:05Z,593,34,6,5,0,0,1,1,1,1783223140
2026-07-05T04:24:05Z,594,5,1,15,1,0,1,1,1,1783224352
2026-07-05T04:24:05Z,595,0,0,3,0,0,0,1,1,1779985765
2026-07-05T04:24:05Z,605,0,0,3,0,0,0,1,1,1780413752
2026-07-05T04:24:05Z,606,0,0,0,0,0,0,1,1,86400
2026-07-05T04:24:05Z,607,23,0,10,0,0,1,1,1,1783225274
2026-07-05T04:24:05Z,608,26,0,28,0,0,1,1,1,1783225245
2026-07-05T04:24:05Z,609,3,1,20,0,0,1,1,1,1783225134
2026-07-05T04:24:05Z,610,0,0,35,0,0,1,1,1,1783224299
2026-07-05T04:24:05Z,611,1,0,26,0,0,1,1,1,1783225138
2026-07-05T04:24:05Z,612,4,1,11,0,0,1,1,1,1783213691
2026-07-05T04:24:05Z,613,6,1,9,0,0,1,1,1,1783225169
2026-07-05T04:24:05Z,614,1,0,24,1,1,1,1,1,1783225336
2026-07-05T04:24:05Z,617,5,1,8,2,0,1,1,1,1783223832
2026-07-05T04:24:05Z,618,10,4,8,1,0,1,1,1,1783224779
2026-07-05T04:24:05Z,619,8,1,10,1,0,1,1,1,1783224328
2026-07-05T04:24:05Z,620,4,0,19,0,0,1,1,1,1783225423
2026-07-05T04:24:05Z,621,6,2,17,0,0,1,1,1,1783224492
2026-07-05T04:24:05Z,622,10,3,10,2,1,1,1,1,1783225293
2026-07-05T04:24:05Z,623,23,3,3,3,1,1,1,1,1783225413
2026-07-05T04:24:05Z,624,4,2,8,2,1,1,1,1,1783221723
2026-07-05T04:24:05Z,625,13,3,8,0,0,1,1,1,1783224701
2026-07-05T04:24:05Z,626,28,0,15,1,2,1,1,1,1783225395
2026-07-05T04:24:05Z,627,9,9,9,1,0,1,1,1,1783225326
2026-07-05T04:24:05Z,628,6,5,11,1,1,1,1,1,1783223616
2026-07-05T04:24:05Z,629,8,2,2,1,0,1,1,1,1783223641
2026-07-05T04:24:05Z,630,13,0,11,3,0,1,1,1,1783217714
2026-07-05T04:24:05Z,631,14,1,9,0,0,1,1,1,1783225226
2026-07-05T04:24:05Z,632,10,2,9,3,0,1,1,1,1783220983
2026-07-05T04:24:05Z,633,8,0,5,1,1,1,1,1,1783200473
2026-07-05T04:24:05Z,634,5,0,13,1,0,1,1,1,1783218053
2026-07-05T04:24:05Z,635,18,0,0,1,0,1,1,1,1783225197
2026-07-05T04:24:05Z,636,7,0,8,0,0,1,1,1,1783213292
2026-07-05T04:24:05Z,637,4,2,14,1,0,1,1,1,1783204406
2026-07-05T04:24:05Z,638,10,5,7,2,0,1,1,1,1783225366
2026-07-05T04:24:05Z,639,0,0,0,3,16,0,1,1,1782287204
2026-07-05T04:24:05Z,640,5,0,18,0,0,1,1,1,1783224096
2026-07-05T04:24:05Z,641,7,0,19,1,0,1,1,1,1783225046
2026-07-05T04:24:05Z,642,3,0,11,5,0,1,1,1,1783224855
2026-07-05T04:24:05Z,643,8,3,19,0,0,1,1,1,1783224591
2026-07-05T04:24:05Z,644,0,0,9,5,1,1,1,1,1783225354
2026-07-05T04:24:05Z,645,12,0,9,1,1,1,1,1,1783222616
2026-07-05T04:24:05Z,646,9,0,9,1,0,1,1,1,1783224087
2026-07-05T04:24:05Z,647,24,2,7,0,0,1,1,1,1783224367
2026-07-05T04:24:05Z,648,12,3,6,1,0,1,1,1,1783220865
2026-07-05T04:24:05Z,649,20,2,11,0,0,1,1,1,1783224739
2026-07-05T04:24:05Z,650,10,2,5,1,0,1,1,1,1783224726
2026-07-05T04:24:05Z,651,1,0,21,1,0,1,1,1,1783223872
2026-07-05T04:24:05Z,652,19,2,1,3,0,1,1,1,1783225177
2026-07-05T04:24:05Z,653,15,2,0,4,0,1,1,1,1783225165
2026-07-05T04:24:05Z,654,3,1,12,0,0,1,1,1,1783225378
2026-07-05T04:24:05Z,655,2,0,11,2,0,1,1,1,1783225430
2026-07-05T04:24:05Z,656,17,5,2,0,0,1,1,1,1783225435
2026-07-05T04:24:05Z,657,10,1,3,4,0,1,1,1,1783225155
2026-07-05T04:24:05Z,658,10,1,9,3,1,1,1,1,1783225264
2026-07-05T04:24:05Z,659,0,0,15,0,0,1,1,1,1783225070
2026-07-05T04:24:05Z,660,21,3,8,2,0,1,1,1,1783224561
2026-07-05T04:24:05Z,661,3,0,15,1,0,1,1,1,1783223899
2026-07-05T04:24:05Z,662,0,0,19,4,0,1,1,1,1783225365
2026-07-05T04:24:05Z,663,13,1,1,0,0,1,1,1,1783225266
2026-07-05T04:24:05Z,664,0,0,27,0,0,1,1,1,1783207560
2026-07-05T04:24:05Z,665,4,1,10,1,0,1,1,1,1783225298
2026-07-05T04:24:05Z,666,8,2,7,0,0,1,1,1,1783224624
2026-07-05T04:24:05Z,667,2,0,12,3,0,1,1,1,1783225325
2026-07-05T04:24:05Z,668,6,1,12,1,0,1,1,1,1783224469
2026-07-05T04:24:05Z,669,12,1,0,2,0,1,1,1,1783225004
2026-07-05T04:24:05Z,670,10,0,17,0,0,1,1,1,1783220994
2026-07-05T04:24:05Z,671,9,1,18,0,0,1,1,1,1783225395
2026-07-05T04:24:05Z,672,17,3,3,3,0,1,1,1,1783224314
2026-07-05T04:24:05Z,673,13,1,8,1,0,1,1,1,1783222642
2026-07-05T04:24:05Z,674,3,0,19,1,0,1,1,1,1783225418
2026-07-05T04:24:05Z,675,2,0,11,1,1,1,1,1,1783225392
2026-07-05T04:24:05Z,676,20,1,2,1,0,1,1,1,1783223597
2026-07-05T04:24:05Z,681,5,4,6,4,0,1,1,1,1783224994
2026-07-05T04:24:05Z,682,10,5,8,1,0,1,1,1,1783222340
2026-07-05T04:24:05Z,683,13,1,6,0,0,1,1,1,1783224447
2026-07-05T04:24:05Z,684,15,1,10,2,0,1,1,1,1783218457
2026-07-05T04:24:05Z,685,1,0,24,1,1,1,1,1,1783224587
2026-07-05T04:24:05Z,686,10,1,14,2,1,1,1,1,1783225295
2026-07-05T04:24:05Z,687,12,3,17,1,1,1,1,1,1783225434
2026-07-05T04:24:05Z,688,10,3,8,1,0,1,1,1,1783224845
2026-07-05T04:24:05Z,692,0,0,20,1,0,1,1,1,1783225403
2026-07-05T04:24:05Z,693,9,5,2,0,0,1,1,1,1783225071
2026-07-05T04:24:05Z,694,6,2,12,3,0,1,1,1,1783224954
2026-07-05T04:24:05Z,695,3,0,20,0,0,1,1,1,1783224542
2026-07-05T04:24:05Z,696,21,11,0,2,0,1,1,1,1783225165
2026-07-05T04:24:05Z,697,3,0,19,1,0,1,1,1,1783224828
2026-07-05T04:24:05Z,698,27,2,0,0,0,1,1,1,1783225028
2026-07-05T04:24:05Z,699,3,0,11,1,0,1,1,1,1783224786
2026-07-05T04:24:05Z,700,5,0,13,1,0,1,1,1,1783223692
2026-07-05T04:24:05Z,701,7,1,12,0,0,1,1,1,1783224945
2026-07-05T04:24:05Z,702,16,6,6,1,0,1,1,1,1783225322
2026-07-05T04:24:05Z,703,23,5,0,0,0,1,1,1,1783224587
2026-07-05T04:24:05Z,704,11,1,3,1,0,1,1,1,1783225296
2026-07-05T04:24:05Z,705,9,4,5,1,0,1,1,1,1783224635
2026-07-05T04:24:05Z,706,10,3,4,1,0,1,1,1,1783223865
2026-07-05T04:24:05Z,707,13,2,2,0,0,1,1,1,1783225208
2026-07-05T04:24:05Z,708,19,4,0,0,0,1,1,1,1783224280
2026-07-05T04:24:05Z,709,14,5,0,1,0,1,1,1,1783224844
2026-07-05T04:24:05Z,710,18,1,1,0,0,1,1,1,1783225296
2026-07-05T04:24:05Z,711,14,3,1,4,0,1,1,1,1783224354
2026-07-05T04:24:05Z,712,1,0,14,0,0,1,1,1,1783225253
2026-07-05T04:24:05Z,713,4,1,19,0,0,1,1,1,1783225334
2026-07-05T04:24:05Z,716,1,0,14,0,0,1,1,1,1783224560
2026-07-05T04:24:05Z,717,9,0,12,4,0,1,1,1,1783225186
2026-07-05T04:24:05Z,718,3,1,12,0,0,1,1,1,1783224514
2026-07-05T04:24:05Z,719,8,0,21,0,0,1,1,1,1783223773
2026-07-05T04:24:05Z,720,2,0,16,1,0,1,1,1,1783224517
2026-07-05T04:24:05Z,721,11,0,11,1,0,1,1,1,1783224875
2026-07-05T04:24:05Z,722,13,2,2,0,0,1,1,1,1783224472
2026-07-05T04:24:05Z,723,0,0,22,1,0,1,1,1,1783224086
2026-07-05T04:24:05Z,724,17,2,6,0,0,1,1,1,1783224317
2026-07-05T04:24:05Z,725,22,1,0,1,0,1,1,1,1783225287
2026-07-05T04:24:05Z,726,11,1,8,0,0,1,1,1,1783224167
2026-07-05T04:24:05Z,727,9,0,14,0,0,1,1,1,1783224970
2026-07-05T04:24:05Z,728,9,2,5,1,0,1,1,1,1783224308
2026-07-05T04:24:05Z,729,14,2,3,2,0,1,1,1,1783224943
2026-07-05T04:24:05Z,730,7,1,8,0,0,1,1,1,1783223861
2026-07-05T04:24:05Z,731,1,1,14,0,0,1,1,1,1783225140
2026-07-05T04:24:05Z,732,9,0,6,0,0,1,1,1,1783223656
2026-07-05T04:24:05Z,733,1,0,25,1,0,1,1,1,1783225296
2026-07-05T04:24:05Z,734,4,1,9,1,0,1,1,1,1783225032
2026-07-05T04:24:05Z,735,1,1,17,1,0,1,1,1,1783224924
2026-07-05T04:24:05Z,736,16,2,1,2,0,1,1,1,1783197738
2026-07-05T04:24:05Z,737,8,2,7,0,0,1,1,1,1783224781
2026-07-05T04:24:05Z,738,1,1,17,1,0,1,1,1,1783225110
2026-07-05T04:24:05Z,739,7,1,18,2,0,1,1,1,1783223650
2026-07-05T04:24:05Z,741,12,4,11,0,0,1,1,1,1783224889
2026-07-05T04:24:05Z,742,9,1,30,0,0,1,1,1,1783224956
2026-07-05T04:24:05Z,743,4,1,13,2,0,1,1,1,1783224411
2026-07-05T04:24:05Z,744,3,1,12,0,0,1,1,1,1783224992
2026-07-05T04:24:05Z,745,8,1,10,1,0,1,1,1,1783224428
2026-07-05T04:24:05Z,746,0,0,23,0,0,1,1,1,1783225396
2026-07-05T04:24:05Z,747,0,0,19,0,0,1,1,1,1783224930
2026-07-05T04:24:05Z,748,12,1,9,2,0,1,1,1,1783224548
2026-07-05T04:24:05Z,749,9,0,14,0,0,1,1,1,1783223805
2026-07-05T04:24:05Z,750,0,0,9,2,0,1,1,1,1783225327
2026-07-05T04:24:05Z,751,7,0,16,0,0,1,1,1,1783225349
2026-07-05T04:24:05Z,752,13,1,3,1,0,1,1,1,1783224191
2026-07-05T04:24:05Z,753,3,0,11,1,0,1,1,1,1783225239
2026-07-05T04:24:05Z,754,6,0,9,0,0,1,1,1,1783223936
2026-07-05T04:24:05Z,755,11,1,7,1,0,1,1,1,1783224634
2026-07-05T04:24:05Z,756,1,0,35,1,0,1,1,1,1783224561
2026-07-05T04:24:05Z,757,4,4,15,0,0,1,1,1,1783225132
2026-07-05T04:24:05Z,758,22,4,1,0,0,1,1,1,1783225258
2026-07-05T04:24:05Z,759,6,0,9,0,0,1,1,1,1783223942
2026-07-05T04:24:05Z,760,4,0,13,2,0,1,1,1,1783223765
2026-07-05T04:24:05Z,761,5,1,17,1,0,1,1,1,1783224869
2026-07-05T04:24:05Z,762,6,1,7,2,0,1,1,1,1783223964
2026-07-05T04:24:05Z,768,6,0,10,3,0,1,1,1,1783224352
2026-07-05T04:24:05Z,769,2,0,13,3,0,1,1,1,1783225242
2026-07-05T04:24:05Z,770,11,2,8,0,0,1,1,1,1783223790
2026-07-05T04:24:05Z,771,9,0,6,0,0,1,1,1,1783224503
2026-07-05T04:24:05Z,772,10,5,4,1,0,1,1,1,1783225182
2026-07-05T04:24:05Z,773,3,1,15,1,0,1,1,1,1783224424
2026-07-05T04:24:05Z,774,6,1,7,2,0,1,1,1,1783224171
2026-07-05T04:24:05Z,775,13,2,4,2,0,1,1,1,1783221743
2026-07-05T04:24:05Z,776,6,0,14,1,0,1,1,1,1783224814
2026-07-05T04:24:05Z,777,10,1,2,3,0,1,1,1,1783222889
2026-07-05T04:24:05Z,778,4,0,13,2,0,1,1,1,1783223905
2026-07-05T04:24:05Z,779,14,0,4,1,0,1,1,1,1783223870
2026-07-05T04:24:05Z,780,10,2,6,2,1,1,1,1,1783225335
2026-07-05T04:24:05Z,781,1,1,9,1,0,1,1,1,1783217403
2026-07-05T04:24:05Z,782,7,2,11,1,0,1,1,1,1783225357
2026-07-05T04:24:05Z,783,8,6,8,3,0,1,1,1,1783220560
2026-07-05T04:24:05Z,784,0,0,18,1,0,1,1,1,1783224062
2026-07-05T04:24:05Z,785,9,1,5,5,0,1,1,1,1783224741
2026-07-05T04:24:05Z,786,0,0,18,1,0,1,1,1,1783211324
2026-07-05T04:24:05Z,787,0,0,15,0,0,1,1,1,1783223731
2026-07-05T04:24:05Z,788,10,1,5,0,0,1,1,1,1783223996
2026-07-05T04:24:05Z,789,12,1,1,2,0,1,1,1,1783224746
2026-07-05T04:24:05Z,790,4,3,19,0,0,1,1,1,1783225218
2026-07-05T04:24:05Z,791,0,0,19,0,0,1,1,1,1783224510
2026-07-05T04:24:05Z,793,11,1,3,1,0,1,1,1,1783224161
2026-07-05T04:24:05Z,794,4,2,25,0,0,1,1,1,1783224975
2026-07-05T04:24:05Z,796,1,0,15,3,0,1,1,1,1783224518
2026-07-05T04:24:05Z,797,0,0,15,0,0,1,1,1,1783223723
2026-07-05T04:24:05Z,798,1,0,23,1,0,1,1,1,1783225205
2026-07-05T04:24:05Z,799,3,1,15,1,0,1,1,1,1783224488
2026-07-05T04:24:05Z,800,2,0,17,2,0,1,1,1,1783224853
2026-07-05T04:24:05Z,801,5,3,14,2,0,1,1,1,1783224473
2026-07-05T04:24:05Z,802,2,0,28,0,1,1,1,1,1783224542
2026-07-05T04:24:05Z,803,2,1,13,0,0,1,1,1,1783224309
2026-07-05T04:24:05Z,806,0,0,11,4,0,1,1,1,1783225046
2026-07-05T04:24:05Z,807,17,1,7,1,0,1,1,1,1783225146
2026-07-05T04:24:05Z,808,9,0,15,1,0,1,1,1,1783225355
2026-07-05T04:24:05Z,809,5,1,18,0,0,1,1,1,1783224162
2026-07-05T04:24:05Z,810,8,5,10,1,0,1,1,1,1783224178
2026-07-05T04:24:05Z,815,5,2,9,1,0,1,1,1,1783225062
2026-07-05T04:24:05Z,817,4,1,4,7,0,1,1,1,1783225045
2026-07-05T04:24:05Z,818,3,2,20,0,0,1,1,1,1783224550
2026-07-05T04:24:05Z,819,6,6,6,3,0,1,1,1,1783224088
2026-07-05T04:24:05Z,820,6,1,9,2,0,1,1,1,1783224453
2026-07-05T04:24:05Z,821,9,0,5,1,0,1,1,1,1783223701
2026-07-05T04:24:05Z,822,3,0,18,2,0,1,1,1,1783225207
2026-07-05T04:24:05Z,823,2,0,13,0,0,1,1,1,1783224862
2026-07-05T04:24:05Z,824,4,3,14,1,0,1,1,1,1783224862
2026-07-05T04:24:05Z,825,9,2,6,0,0,1,1,1,1783218366
2026-07-05T04:24:05Z,826,8,0,10,1,0,1,1,1,1783224889
2026-07-05T04:24:05Z,827,7,1,13,1,0,1,1,1,1783224061
2026-07-05T04:24:05Z,828,1,0,16,1,0,1,1,1,1783225104
2026-07-05T04:24:05Z,829,1,0,26,0,0,1,1,1,1783212589
2026-07-05T04:24:05Z,830,19,3,3,1,0,1,1,1,1783225265
2026-07-05T04:24:05Z,831,4,1,4,7,0,1,1,1,1783225213
2026-07-05T04:24:05Z,832,13,2,5,0,0,1,1,1,1783225082
2026-07-05T04:24:05Z,833,18,11,0,1,0,1,1,1,1783224706
2026-07-05T04:24:05Z,834,2,0,22,0,0,1,1,1,1783225436
2026-07-05T04:24:05Z,835,11,8,7,0,0,1,1,1,1783224887
2026-07-05T04:24:05Z,837,3,0,5,7,0,1,1,1,1783224468
2026-07-05T04:24:05Z,838,6,2,5,4,0,1,1,1,1783224864
2026-07-05T04:24:05Z,839,18,3,10,1,0,1,1,1,1783225409
2026-07-05T04:24:05Z,840,2,0,26,1,0,1,1,1,1783225121
2026-07-05T04:24:05Z,841,4,2,8,3,0,1,1,1,1783225147
2026-07-05T04:24:05Z,842,4,0,18,0,1,1,1,1,1783224437
2026-07-05T04:24:05Z,843,2,0,27,2,0,1,1,1,1783223977
2026-07-05T04:24:05Z,844,5,0,18,0,0,1,1,1,1783223835
2026-07-05T04:24:05Z,845,8,0,11,0,0,1,1,1,1783225171
2026-07-05T04:24:05Z,846,7,1,11,0,1,1,1,1,1783223825
2026-07-05T04:24:05Z,847,0,0,27,0,0,1,1,1,1783224350
2026-07-05T04:24:05Z,848,6,0,13,0,0,1,1,1,1783225290
2026-07-05T04:24:05Z,849,0,0,10,5,0,1,1,1,1783224988
2026-07-05T04:24:05Z,850,4,1,7,0,0,1,1,1,1783224322
2026-07-05T04:24:05Z,851,23,1,12,2,0,1,1,1,1783222241
2026-07-05T04:24:05Z,852,3,0,15,1,0,1,1,1,1783224885
2026-07-05T04:24:05Z,853,11,2,12,0,0,1,1,1,1783225186
2026-07-05T04:24:05Z,854,4,0,10,1,0,1,1,1,1783225332
2026-07-05T04:24:05Z,855,25,0,2,0,0,1,1,1,1783224573
2026-07-05T04:24:05Z,857,8,6,10,1,0,1,1,1,1783224927
2026-07-05T04:24:05Z,858,1,0,17,1,0,1,1,1,1783222451
2026-07-05T04:24:05Z,859,9,3,12,0,0,1,1,1,1783225022
2026-07-05T04:24:05Z,861,4,0,7,0,0,1,1,1,1783224467
2026-07-05T04:24:05Z,862,4,0,11,0,0,1,1,1,1783224187
2026-07-05T04:24:05Z,863,7,3,11,1,0,1,1,1,1783216283
2026-07-05T04:24:05Z,866,18,0,1,0,0,1,1,1,1783213234
2026-07-05T04:24:05Z,867,8,0,7,0,0,1,1,1,1783225263
2026-07-05T04:24:05Z,868,11,0,4,0,0,1,1,1,1783224040
2026-07-05T04:24:05Z,870,11,3,3,1,0,1,1,1,1783224736
2026-07-05T04:24:05Z,871,3,0,8,0,0,1,1,1,1783225208
2026-07-05T04:24:05Z,872,6,3,9,0,0,1,1,1,1783224177
2026-07-05T04:24:05Z,873,2,0,29,2,0,1,1,1,1783224952
2026-07-05T04:24:05Z,874,14,1,0,1,0,1,1,1,1783224548
2026-07-05T04:24:05Z,875,3,1,12,0,0,1,1,1,1783225418
2026-07-05T04:24:05Z,877,7,3,12,0,0,1,1,1,1783224038
2026-07-05T04:24:05Z,878,8,0,10,1,0,1,1,1,1783225186
2026-07-05T04:24:05Z,879,7,0,11,1,0,1,1,1,1783225398
2026-07-05T04:24:05Z,880,11,2,12,0,0,1,1,1,1783225110
2026-07-05T04:24:05Z,881,3,1,13,3,0,1,1,1,1783224796
2026-07-05T04:24:05Z,882,10,5,9,0,0,1,1,1,1783224512
2026-07-05T04:24:05Z,883,12,6,6,1,0,1,1,1,1783224720
2026-07-05T04:24:05Z,884,10,5,11,0,0,1,1,1,1783183865
2026-07-05T04:24:05Z,885,7,2,11,1,0,1,1,1,1783224283
2026-07-05T04:24:05Z,886,4,3,23,2,0,1,1,1,1783224837
2026-07-05T04:24:05Z,887,2,0,14,1,0,1,1,1,1783225333
2026-07-05T04:24:05Z,888,0,0,40,1,0,1,1,1,1783224277
2026-07-05T04:24:05Z,889,11,1,8,0,0,1,1,1,1783225224
2026-07-05T04:24:05Z,890,8,2,7,0,0,1,1,1,1783217856
2026-07-05T04:24:05Z,891,7,1,15,1,0,1,1,1,1783223909
2026-07-05T04:24:05Z,892,15,5,0,0,0,1,1,1,1783224185
2026-07-05T04:24:05Z,895,4,0,15,0,0,1,1,1,1783224806
2026-07-05T04:24:05Z,896,30,8,5,0,0,1,1,1,1783224989
2026-07-05T04:24:05Z,897,11,1,9,1,0,1,1,1,1783225293
2026-07-05T04:24:05Z,898,7,1,12,0,0,1,1,1,1783225407
2026-07-05T04:24:05Z,899,13,1,6,0,0,1,1,1,1783224673
2026-07-05T04:24:05Z,900,22,1,4,1,0,1,1,1,1783225133
2026-07-05T04:24:05Z,901,10,0,9,0,0,1,1,1,1783225300
2026-07-05T04:24:05Z,902,0,0,15,0,0,1,1,1,1783225346
2026-07-05T04:24:05Z,903,1,0,18,0,0,1,1,1,1783225142
2026-07-05T04:24:05Z,904,13,0,4,2,0,1,1,1,1783223632
2026-07-05T04:24:05Z,905,13,9,14,0,0,1,1,1,1783224521
2026-07-05T04:24:05Z,906,19,9,8,0,0,1,1,1,1783225298
2026-07-05T04:24:05Z,907,16,0,15,0,0,1,1,1,1783225428
2026-07-05T04:24:05Z,908,8,0,15,0,0,1,1,1,1783223952
2026-07-05T04:24:05Z,909,21,9,1,1,0,1,1,1,1783225433
2026-07-05T04:24:05Z,910,4,0,26,1,0,1,1,1,1783225335
2026-07-05T04:24:05Z,911,10,0,8,1,0,1,1,1,1783225224
2026-07-05T04:24:05Z,912,11,0,10,2,0,1,1,1,1783225411
2026-07-05T04:24:05Z,913,10,1,9,0,0,1,1,1,1783211292
2026-07-05T04:24:05Z,914,12,0,6,1,0,1,1,1,1783225366
2026-07-05T04:24:05Z,915,0,0,23,0,0,1,1,1,1783224872
2026-07-05T04:24:05Z,916,9,2,13,1,0,1,1,1,1783225409
2026-07-05T04:24:05Z,917,3,1,32,0,0,1,1,1,1783224758
2026-07-05T04:24:05Z,918,17,3,1,1,0,1,1,1,1783224932
2026-07-05T04:24:05Z,919,32,4,7,0,0,1,1,1,1783225414
2026-07-05T04:24:05Z,920,3,3,16,0,0,1,1,1,1783224748
2026-07-05T04:24:05Z,921,3,0,15,3,0,1,1,1,1783219782
2026-07-05T04:24:05Z,922,9,1,12,0,0,1,1,1,1783224412
2026-07-05T04:24:05Z,923,4,3,14,1,0,1,1,1,1783225401
2026-07-05T04:24:05Z,924,16,2,5,0,0,1,1,1,1783225038
2026-07-05T04:24:05Z,925,1,1,19,1,0,1,1,1,1783225418
2026-07-05T04:24:05Z,926,8,1,13,0,0,1,1,1,1783223691
2026-07-05T04:24:05Z,927,16,0,17,1,0,1,1,1,1783224325
2026-07-05T04:24:05Z,928,11,1,7,1,0,1,1,1,1783225432
2026-07-05T04:24:05Z,929,12,0,11,0,0,1,1,1,1783225370
2026-07-05T04:24:05Z,930,20,0,11,0,0,1,1,1,1783225285
2026-07-05T04:24:05Z,931,2,2,20,1,0,1,1,1,1783224424
2026-07-05T04:24:05Z,932,10,1,8,1,0,1,1,1,1783225394
2026-07-05T04:24:05Z,933,16,1,6,1,0,1,1,1,1783225213
2026-07-05T04:24:05Z,934,5,0,25,1,0,1,1,1,1783224607
2026-07-05T04:24:05Z,935,1,0,15,3,0,1,1,1,1783223883
2026-07-05T04:24:05Z,936,18,3,1,0,0,1,1,1,1783224975
2026-07-05T04:24:05Z,940,6,0,4,1,0,1,1,1,1783225430
2026-07-05T04:24:05Z,941,6,0,19,0,0,1,1,1,1783225291
2026-07-05T04:24:05Z,942,8,3,13,0,0,1,1,1,1783224799
2026-07-05T04:24:05Z,943,4,4,10,1,0,1,1,1,1783223631
2026-07-05T04:24:05Z,944,5,5,9,1,0,1,1,1,1783219032
2026-07-05T04:24:05Z,945,9,5,6,0,0,1,1,1,1783223982
2026-07-05T04:24:05Z,946,8,6,11,0,0,1,1,1,1783223914
2026-07-05T04:24:05Z,947,7,5,10,0,0,1,1,1,1783224714
2026-07-05T04:24:05Z,948,19,3,9,3,0,1,1,1,1783225080
2026-07-05T04:24:05Z,949,0,0,15,0,0,1,1,1,1783223910
2026-07-05T04:24:05Z,950,14,5,1,2,0,1,1,1,1783225391
2026-07-05T04:24:05Z,951,5,0,17,1,0,1,1,1,1783224922
2026-07-05T04:24:05Z,952,15,0,37,3,0,1,1,1,1783225428
2026-07-05T04:24:05Z,953,13,0,0,2,0,1,1,1,1783223904
2026-07-05T04:24:05Z,954,13,0,5,1,0,1,1,1,1783225298
2026-07-05T04:24:05Z,955,1,1,20,6,0,1,1,1,1783224747
2026-07-05T04:24:05Z,956,1,0,17,1,0,1,1,1,1783225261
2026-07-05T04:24:05Z,957,4,0,24,1,0,1,1,1,1783224758
2026-07-05T04:24:05Z,958,5,0,25,1,0,1,1,1,1783225332
2026-07-05T04:24:05Z,959,4,2,18,1,0,1,1,1,1783224647
2026-07-05T04:24:05Z,960,21,4,1,1,0,1,1,1,1783225025
2026-07-05T04:24:05Z,961,8,4,15,0,0,1,1,1,1783225126
2026-07-05T04:24:05Z,962,3,1,25,7,0,1,1,1,1783224496
2026-07-05T04:24:05Z,963,5,0,18,0,0,1,1,1,1783224907
2026-07-05T04:24:05Z,964,10,2,12,1,0,1,1,1,1783225162
2026-07-05T04:24:05Z,965,8,1,17,2,0,1,1,1,1783224717
2026-07-05T04:24:05Z,966,6,0,25,0,0,1,1,1,1783225289
2026-07-05T04:24:05Z,967,8,1,9,4,0,1,1,1,1783225397
2026-07-05T04:24:05Z,968,11,0,8,0,0,1,1,1,1783225337
2026-07-05T04:24:05Z,969,11,2,15,1,0,1,1,1,1783224147
2026-07-05T04:24:05Z,970,14,4,2,3,0,1,1,1,1783224593
2026-07-05T04:24:05Z,971,22,0,0,1,0,1,1,1,1783224330
2026-07-05T04:24:05Z,972,5,2,18,0,0,1,1,1,1783225168
2026-07-05T04:24:05Z,973,1,0,20,2,0,1,1,1,1783224262
2026-07-05T04:24:05Z,974,15,0,12,0,0,1,1,1,1783225265
2026-07-05T04:24:05Z,977,5,3,15,1,0,1,1,1,1783224004
2026-07-05T04:24:05Z,978,18,3,5,0,0,1,1,1,1783223793
2026-07-05T04:24:05Z,979,11,0,4,2,0,1,1,1,1783225346
2026-07-05T04:24:05Z,980,6,0,15,0,0,1,1,1,1783223432
2026-07-05T04:24:05Z,981,4,1,16,1,0,1,1,1,1783225069
2026-07-05T04:24:05Z,982,9,3,9,1,0,1,1,1,1783223770
2026-07-05T04:24:05Z,983,1,0,22,0,0,1,1,1,1783224949
2026-07-05T04:24:05Z,984,15,10,7,1,0,1,1,1,1783225082
2026-07-05T04:24:05Z,985,0,0,29,1,1,1,1,1,1783225142
2026-07-05T04:24:05Z,986,6,6,12,1,0,1,1,1,1783224048
2026-07-05T04:24:05Z,987,3,0,20,0,0,1,1,1,1783224256
2026-07-05T04:24:05Z,988,11,4,8,0,0,1,1,1,1783224322
2026-07-05T04:24:05Z,989,14,11,4,1,0,1,1,1,1783224291
2026-07-05T04:24:05Z,990,13,3,1,1,0,1,1,1,1783223915
2026-07-05T04:24:05Z,991,18,10,1,0,0,1,1,1,1783224463
2026-07-05T04:24:05Z,992,6,1,17,0,0,1,1,1,1783225355
2026-07-05T04:24:05Z,993,0,0,27,0,0,1,1,1,1783225237
2026-07-05T04:24:05Z,994,8,1,9,4,0,1,1,1,1783225430
2026-07-05T04:24:05Z,995,10,1,17,0,0,1,1,1,1783225389
2026-07-05T04:24:05Z,996,9,4,14,0,0,1,1,1,1783224211
2026-07-05T04:24:05Z,997,9,5,10,4,0,1,1,1,1783224607
2026-07-05T04:24:05Z,998,8,0,15,0,0,1,1,1,1783224095
2026-07-05T04:24:05Z,999,8,2,11,1,1,1,1,1,1783225262
2026-07-05T04:24:05Z,1000,8,1,13,0,0,1,1,1,1783223939
2026-07-05T04:24:05Z,1001,1,0,26,0,0,1,1,1,1783224294
2026-07-05T04:24:05Z,1002,9,1,22,0,0,1,1,1,1783223720
2026-07-05T04:24:05Z,1003,2,1,21,0,0,1,1,1,1783224589
2026-07-05T04:24:05Z,1004,12,2,11,0,0,1,1,1,1783225392
2026-07-05T04:24:05Z,1005,7,2,15,1,0,1,1,1,1783225396
2026-07-05T04:24:05Z,1006,13,3,6,0,0,1,1,1,1783224171
2026-07-05T04:24:05Z,1007,6,3,15,0,0,1,1,1,1783223951
2026-07-05T04:24:05Z,1008,12,4,10,1,0,1,1,1,1783223803
2026-07-05T04:24:05Z,1009,8,0,22,1,0,1,1,1,1783225320
2026-07-05T04:24:05Z,1010,12,8,15,0,0,1,1,1,1783224381
2026-07-05T04:24:05Z,1011,7,7,12,0,0,1,1,1,1783224105
2026-07-05T04:24:05Z,1012,2,2,18,3,0,1,1,1,1783224063
2026-07-05T04:24:05Z,1013,8,2,13,2,0,1,1,1,1783225226
2026-07-05T04:24:05Z,1014,8,4,15,0,0,1,1,1,1783225296
2026-07-05T04:24:05Z,1015,8,3,23,0,0,1,1,1,1783225090
2026-07-05T04:24:05Z,1016,16,4,15,0,0,1,1,1,1783223786
2026-07-05T04:24:05Z,1017,10,3,10,1,0,1,1,1,1783225324
2026-07-05T04:24:05Z,1018,8,6,12,1,0,1,1,1,1783224333
2026-07-05T04:24:05Z,1019,13,2,2,0,0,1,1,1,1783223909
2026-07-05T04:24:05Z,1020,11,1,10,0,0,1,1,1,1783224775
2026-07-05T04:24:05Z,1021,10,4,5,0,0,1,1,1,1783223955
2026-07-05T04:24:05Z,1022,10,0,17,0,0,1,1,1,1783223835
2026-07-05T04:24:05Z,1023,16,0,7,0,0,1,1,1,1783224103
2026-07-05T04:24:05Z,1024,9,2,10,0,0,1,1,1,1783223818
2026-07-05T04:24:05Z,1025,12,1,6,1,0,1,1,1,1783225267
2026-07-05T04:24:05Z,1026,6,1,22,3,0,1,1,1,1783225421
2026-07-05T04:24:05Z,1028,18,5,5,0,0,1,1,1,1783223891
2026-07-05T04:24:05Z,1029,5,2,6,4,0,1,1,1,1783224695
2026-07-05T04:24:05Z,1030,16,2,6,1,0,1,1,1,1783223907
2026-07-05T04:24:05Z,1031,0,0,19,0,0,1,1,1,1783225016
2026-07-05T04:24:05Z,1032,16,3,3,0,0,1,1,1,1783225420
2026-07-05T04:24:05Z,1033,12,9,6,1,0,1,1,1,1783225032
2026-07-05T04:24:05Z,1034,9,1,5,1,0,1,1,1,1783223770
2026-07-05T04:24:05Z,1035,7,0,12,0,0,1,1,1,1783225250
2026-07-05T04:24:05Z,1036,11,4,4,0,0,1,1,1,1783225115
2026-07-05T04:24:05Z,1037,2,1,16,1,0,1,1,1,1783224070
2026-07-05T04:24:05Z,1038,6,0,9,0,0,1,1,1,1783224641
2026-07-05T04:24:05Z,1039,6,2,13,0,0,1,1,1,1783225371
2026-07-05T04:24:05Z,1040,1,0,18,0,0,1,1,1,1783224385
2026-07-05T04:24:05Z,1041,4,3,15,0,0,1,1,1,1783223704
2026-07-05T04:24:05Z,1042,15,3,0,0,0,1,1,1,1783223677
2026-07-05T04:24:05Z,1043,8,2,10,1,0,1,1,1,1783224361
2026-07-05T04:24:05Z,1044,4,2,9,2,0,1,1,1,1783224989
2026-07-05T04:24:05Z,1045,6,2,12,1,0,1,1,1,1783225382
2026-07-05T04:24:05Z,1046,4,0,7,4,0,1,1,1,1783223948
2026-07-05T04:24:05Z,1047,0,0,21,0,0,1,1,1,1783225383
2026-07-05T04:24:05Z,1048,10,0,9,0,0,1,1,1,1783225291
2026-07-05T04:24:05Z,1049,14,1,6,1,0,1,1,1,1783223936
2026-07-05T04:24:05Z,1050,17,7,4,0,0,1,1,1,1783224628
2026-07-05T04:24:05Z,1051,19,3,2,0,0,1,1,1,1783225179
2026-07-05T04:24:05Z,1052,10,1,10,2,0,1,1,1,1783224237
2026-07-05T04:24:05Z,1053,8,2,7,0,0,1,1,1,1783224292
2026-07-05T04:24:05Z,1054,8,0,6,1,0,1,1,1,1783224306
2026-07-05T04:24:05Z,1055,13,0,6,0,0,1,1,1,1783224462
2026-07-05T04:24:05Z,1057,9,0,9,1,0,1,1,1,1783224101
2026-07-05T04:24:05Z,1058,17,1,38,1,0,1,1,1,1783225394
2026-07-05T04:24:05Z,1059,9,2,10,0,0,1,1,1,1783224326
2026-07-05T04:24:05Z,1060,17,0,20,0,0,1,1,1,1783225356
2026-07-05T04:24:05Z,1061,1,1,36,0,0,1,1,1,1783224017
2026-07-05T04:24:05Z,1062,4,0,12,1,0,1,1,1,1783225254
2026-07-05T04:24:05Z,1063,11,4,7,1,0,1,1,1,1783223712
2026-07-05T04:24:05Z,1064,10,1,12,1,0,1,1,1,1783225392
2026-07-05T04:24:05Z,1065,9,3,13,1,0,1,1,1,1783223787
2026-07-05T04:24:05Z,1066,16,5,7,0,0,1,1,1,1783224318
2026-07-05T04:24:05Z,1067,12,1,10,1,0,1,1,1,1783223997
2026-07-05T04:24:05Z,1068,13,0,10,0,0,1,1,1,1783223970
2026-07-05T04:24:05Z,1069,0,0,23,0,0,1,1,1,1783224291
2026-07-05T04:24:05Z,1070,7,4,15,1,0,1,1,1,1783224920
2026-07-05T04:24:05Z,1071,1,0,22,0,0,1,1,1,1783225071
2026-07-05T04:24:05Z,1072,14,1,8,1,0,1,1,1,1783223946
2026-07-05T04:24:05Z,1073,7,1,18,2,0,1,1,1,1783225019
2026-07-05T04:24:05Z,1074,27,0,22,4,0,1,1,1,1783225178
2026-07-05T04:24:05Z,1075,12,11,9,0,0,1,1,1,1783223627
2026-07-05T04:24:05Z,1076,11,5,10,0,0,1,1,1,1783224322
2026-07-05T04:24:05Z,1077,8,8,13,0,0,1,1,1,1783223760
2026-07-05T04:24:05Z,1078,12,2,9,0,0,1,1,1,1783224950
2026-07-05T04:24:05Z,1079,14,12,7,0,0,1,1,1,1783223787
2026-07-05T04:24:05Z,1080,8,8,13,0,0,1,1,1,1783221802
2026-07-05T04:24:05Z,1081,14,14,5,0,0,1,1,1,1783223699
2026-07-05T04:24:05Z,1082,15,11,8,0,0,1,1,1,1783223687
2026-07-05T04:24:05Z,1083,7,4,13,1,0,1,1,1,1783225353
2026-07-05T04:24:05Z,1084,8,6,13,0,0,1,1,1,1783225383
2026-07-05T04:24:05Z,1085,8,6,13,0,0,1,1,1,1783223779
2026-07-05T04:24:05Z,1086,10,7,11,0,0,1,1,1,1783223684
2026-07-05T04:24:05Z,1087,7,5,8,0,0,1,1,1,1783224779
2026-07-05T04:24:05Z,1088,7,7,8,0,0,1,1,1,1783224471
2026-07-05T04:24:05Z,1089,5,5,10,0,0,1,1,1,1783223798
2026-07-05T04:24:05Z,1090,7,6,8,0,0,1,1,1,1783223770
2026-07-05T04:24:05Z,1091,9,7,6,0,0,1,1,1,1783224210
2026-07-05T04:24:05Z,1092,8,8,7,0,0,1,1,1,1783225302
2026-07-05T04:24:05Z,1093,6,6,9,0,0,1,1,1,1783224932
2026-07-05T04:24:05Z,1094,12,7,7,0,0,1,1,1,1783225046
2026-07-05T04:24:05Z,1095,9,9,6,0,0,1,1,1,1783225426
2026-07-05T04:24:05Z,1096,12,10,7,0,0,1,1,1,1783224775
2026-07-05T04:24:05Z,1097,9,6,6,0,0,1,1,1,1783225430
2026-07-05T04:24:05Z,1098,13,12,5,1,0,1,1,1,1783225027
2026-07-05T04:24:05Z,1099,6,6,9,0,0,1,1,1,1783224855
2026-07-05T04:24:05Z,1100,7,5,20,2,0,1,1,1,1783224587
2026-07-05T04:24:05Z,1101,10,5,11,0,0,1,1,1,1783224171
2026-07-05T04:24:05Z,1102,10,5,3,0,0,1,1,1,1783224032
2026-07-05T04:24:05Z,1103,10,5,11,0,0,1,1,1,1783225431
2026-07-05T04:24:05Z,1104,10,5,11,0,0,1,1,1,1783224160
2026-07-05T04:24:05Z,1105,8,2,3,2,0,1,1,1,1783223962
2026-07-05T04:24:05Z,1106,10,5,11,0,0,1,1,1,1783224620
2026-07-05T04:24:05Z,1107,11,5,4,0,0,1,1,1,1783223896
2026-07-05T04:24:05Z,1108,8,6,17,2,0,1,1,1,1783224925
2026-07-05T04:24:05Z,1109,9,4,6,0,0,1,1,1,1783224217
2026-07-05T04:24:05Z,1110,7,1,14,0,0,1,1,1,1783224031
2026-07-05T04:24:05Z,1111,10,0,10,1,0,1,1,1,1783224670
2026-07-05T04:24:05Z,1112,44,0,8,1,0,1,1,1,1783225154
2026-07-05T04:24:05Z,1113,2,0,19,0,0,1,1,1,1783224362
2026-07-05T04:24:05Z,1115,13,1,10,0,0,1,1,1,1783225395
2026-07-05T04:24:05Z,1116,9,0,10,0,0,1,1,1,1783225081
2026-07-05T04:24:05Z,1117,1,1,21,1,0,1,1,1,1783224968
2026-07-05T04:24:05Z,1118,16,0,5,0,0,1,1,1,1783224612
2026-07-05T04:24:05Z,1119,6,1,11,0,0,1,1,1,1783225109
2026-07-05T04:24:05Z,1120,0,0,16,3,0,1,1,1,1783225293
2026-07-05T04:24:05Z,1121,9,0,11,1,0,1,1,1,1783224714
2026-07-05T04:24:05Z,1122,11,4,9,0,1,1,1,1,1783225241
2026-07-05T04:24:05Z,1123,2,1,20,1,0,1,1,1,1783225286
2026-07-05T04:24:05Z,1124,14,2,0,1,0,1,1,1,1783224362
2026-07-05T04:24:05Z,1125,16,3,7,0,0,1,1,1,1783225089
2026-07-05T04:24:05Z,1126,9,1,10,2,0,1,1,1,1783224698
2026-07-05T04:24:05Z,1127,6,1,12,1,0,1,1,1,1783225268
2026-07-05T04:24:05Z,1128,14,2,1,0,0,1,1,1,1783225409
2026-07-05T04:24:05Z,1129,15,1,5,1,0,1,1,1,1783225245
2026-07-05T04:24:05Z,1130,2,0,11,2,0,1,1,1,1783225113
2026-07-05T04:24:05Z,1131,0,0,48,1,0,1,1,1,1783224986
2026-07-05T04:24:05Z,1132,15,2,5,1,0,1,1,1,1783225124
2026-07-05T04:24:05Z,1133,10,4,10,1,0,1,1,1,1783225287
2026-07-05T04:24:05Z,1134,10,6,9,0,0,1,1,1,1783224229
2026-07-05T04:24:05Z,1135,8,4,13,0,0,1,1,1,1783224441
2026-07-05T04:24:05Z,1136,16,0,5,2,0,1,1,1,1783225186
2026-07-05T04:24:05Z,1137,7,2,8,0,0,1,1,1,1783225134
2026-07-05T04:24:05Z,1138,13,0,6,0,0,1,1,1,1783224696
2026-07-05T04:24:05Z,1139,1,0,20,0,0,1,1,1,1783223577
2026-07-05T04:24:05Z,1140,9,2,10,4,0,1,1,1,1783225420
2026-07-05T04:24:05Z,1141,2,0,18,1,0,1,1,1,1783223877
2026-07-05T04:24:05Z,1142,4,0,17,0,0,1,1,1,1783224465
2026-07-05T04:24:05Z,1143,27,2,2,0,0,1,1,1,1783225420
2026-07-05T04:24:05Z,1144,13,1,7,1,0,1,1,1,1783225174
2026-07-05T04:24:05Z,1145,8,3,10,2,1,1,1,1,1783224950
2026-07-05T04:24:05Z,1146,15,2,3,1,0,1,1,1,1783225291
2026-07-05T04:24:05Z,1147,9,2,10,0,0,1,1,1,1783225145
2026-07-05T04:24:05Z,1148,16,1,15,0,0,1,1,1,1783225438
2026-07-05T04:24:05Z,1149,14,4,11,0,0,1,1,1,1783225421
2026-07-05T04:24:05Z,1150,18,0,1,0,0,1,1,1,1783225259
2026-07-05T04:24:05Z,1151,11,0,9,1,0,1,1,1,1783224121
2026-07-05T04:24:05Z,1152,8,2,18,3,0,1,1,1,1783225283
2026-07-05T04:24:05Z,1153,10,0,12,1,0,1,1,1,1783224489
2026-07-05T04:24:05Z,1154,10,1,6,3,0,1,1,1,1783223864
2026-07-05T04:24:05Z,1155,6,1,13,2,0,1,1,1,1783224344
2026-07-05T04:24:05Z,1158,7,0,12,0,0,1,1,1,1783225225
2026-07-05T04:24:05Z,1159,6,2,13,0,0,1,1,1,1783224315
2026-07-05T04:24:05Z,1160,10,3,8,1,0,1,1,1,1783225217
2026-07-05T04:24:05Z,1161,5,2,14,0,0,1,1,1,1783223820
2026-07-05T04:24:05Z,1162,12,6,7,0,0,1,1,1,1783225090
2026-07-05T04:24:05Z,1163,2,0,16,1,0,1,1,1,1783225005
2026-07-05T04:24:05Z,1164,9,2,9,1,0,1,1,1,1783225404
2026-07-05T04:24:05Z,1165,2,1,18,1,0,1,1,1,1783224816
2026-07-05T04:24:05Z,1166,6,0,15,0,0,1,1,1,1783225183
2026-07-05T04:24:05Z,1167,12,2,3,0,0,1,1,1,1783223859
2026-07-05T04:24:05Z,1168,5,1,18,0,0,1,1,1,1783225370
2026-07-05T04:24:05Z,1169,0,0,18,1,0,1,1,1,1783224733
2026-07-05T04:24:05Z,1170,0,0,21,0,0,1,1,1,1783224112
2026-07-05T04:24:05Z,1171,10,9,12,1,0,1,1,1,1783224795
2026-07-05T04:24:05Z,1172,10,3,5,0,0,1,1,1,1783223876
2026-07-05T04:24:05Z,1173,0,0,19,0,0,1,1,1,1783224181
2026-07-05T04:24:05Z,1174,1,0,14,0,0,1,1,1,1783223702
2026-07-05T04:24:05Z,1175,1,0,17,1,0,1,1,1,1783225130
2026-07-05T04:24:05Z,1176,18,4,3,0,0,1,1,1,1783217041
2026-07-05T04:24:05Z,1177,11,4,10,0,0,1,1,1,1783225198
2026-07-05T04:24:05Z,1178,7,3,7,1,0,1,1,1,1783224297
2026-07-05T04:24:05Z,1181,4,0,11,0,0,1,1,1,1783225286
2026-07-05T04:24:05Z,1182,1,0,18,1,0,1,1,1,1783225273
2026-07-05T04:24:05Z,1183,0,0,36,1,0,1,1,1,1783224829
2026-07-05T04:24:05Z,1184,2,2,16,3,0,1,1,1,1783225069
2026-07-05T04:24:05Z,1185,10,5,11,0,0,1,1,1,1783224197
2026-07-05T04:24:05Z,1186,10,5,9,0,0,1,1,1,1783223700
2026-07-05T04:24:05Z,1190,7,4,14,0,0,1,1,1,1783224551
2026-07-05T04:24:05Z,1192,9,5,12,0,0,1,1,1,1783224567
2026-07-05T04:24:05Z,1193,5,1,7,1,0,1,1,1,1783224290
2026-07-05T04:24:05Z,1197,8,2,7,2,0,1,1,1,1783225426
2026-07-05T04:24:05Z,1198,13,8,7,1,0,1,1,1,1783224038
2026-07-05T04:24:05Z,1199,6,5,13,0,0,1,1,1,1783225223
2026-07-05T04:24:05Z,1200,10,4,4,1,0,1,1,1,1783225422
2026-07-05T04:24:05Z,1201,4,0,11,0,0,1,1,1,1783224651
2026-07-05T04:24:05Z,1202,13,6,2,0,0,1,1,1,1783224338
2026-07-05T04:24:05Z,1203,11,6,4,0,0,1,1,1,1783224665
2026-07-05T04:24:05Z,1218,11,5,10,0,0,1,1,1,1783224276
2026-07-05T04:24:05Z,1224,0,0,3,0,0,0,1,1,1781869449
2026-07-05T04:24:05Z,1225,0,0,3,0,0,0,1,1,1781868919
2026-07-05T04:24:05Z,1226,0,0,3,0,0,0,1,1,1781868931
2026-07-05T04:29:05Z,1,4,0,19,0,0,1,1,1,1783225143
2026-07-05T04:29:05Z,2,21,3,6,0,0,1,1,1,1783225439
2026-07-05T04:29:05Z,3,2,0,16,1,0,1,1,1,1783225592
2026-07-05T04:29:05Z,4,13,0,10,0,0,1,1,1,1783225738
2026-07-05T04:29:05Z,5,11,7,11,1,0,1,1,1,1783225660
2026-07-05T04:29:05Z,6,11,0,4,0,0,1,1,1,1783225641
2026-07-05T04:29:05Z,7,1,0,22,0,0,1,1,1,1783225587
2026-07-05T04:29:05Z,8,16,0,27,0,0,1,1,1,1783225522
2026-07-05T04:29:05Z,9,11,0,9,3,0,1,1,1,1783225491
2026-07-05T04:29:05Z,10,9,2,14,0,0,1,1,1,1783221209
2026-07-05T04:29:05Z,11,5,0,14,0,0,1,1,1,1783225682
2026-07-05T04:29:05Z,12,0,0,23,0,0,1,1,1,1783224318
2026-07-05T04:29:05Z,13,16,0,13,1,0,1,1,1,1783225734
2026-07-05T04:29:05Z,14,20,0,23,0,0,1,1,1,1783225515
2026-07-05T04:29:05Z,15,0,0,14,1,0,1,1,1,1783224803
2026-07-05T04:29:05Z,16,14,0,12,1,0,1,1,1,1783219189
2026-07-05T04:29:05Z,17,8,0,18,1,0,1,1,1,1783225062
2026-07-05T04:29:05Z,18,10,1,8,1,0,1,1,1,1783225445
2026-07-05T04:29:05Z,19,0,0,26,1,0,1,1,1,1783224775
2026-07-05T04:29:05Z,20,13,0,14,0,0,1,1,1,1783225606
2026-07-05T04:29:05Z,21,18,1,1,0,0,1,1,1,1783225733
2026-07-05T04:29:05Z,22,53,0,13,1,0,1,1,1,1783225595
2026-07-05T04:29:05Z,23,26,3,5,0,0,1,1,1,1783224755
2026-07-05T04:29:05Z,24,0,0,10,1,0,1,1,1,1783225737
2026-07-05T04:29:05Z,25,5,0,73,2,1,1,1,1,1783225743
2026-07-05T04:29:05Z,26,9,0,18,0,0,1,1,1,1783225525
2026-07-05T04:29:05Z,28,12,1,3,0,0,1,1,1,1783224267
2026-07-05T04:29:05Z,30,24,0,3,0,0,1,1,1,1783225742
2026-07-05T04:29:05Z,31,0,0,19,0,0,1,1,1,1783223897
2026-07-05T04:29:05Z,32,12,0,15,0,0,1,1,1,1783225141
2026-07-05T04:29:05Z,34,14,0,22,1,0,1,1,1,1783225530
2026-07-05T04:29:05Z,35,36,0,10,1,0,1,1,1,1783225716
2026-07-05T04:29:05Z,36,0,0,0,0,0,0,1,1,86400
2026-07-05T04:29:05Z,37,0,0,23,0,0,1,1,1,1783224814
2026-07-05T04:29:05Z,38,13,1,10,0,0,1,1,1,1783225476
2026-07-05T04:29:05Z,39,30,0,1,0,0,1,1,1,1783225693
2026-07-05T04:29:05Z,40,9,1,12,0,0,1,1,1,1783225735
2026-07-05T04:29:05Z,41,1,0,25,1,0,1,1,1,1783225607
2026-07-05T04:29:05Z,42,11,1,20,0,0,1,1,1,1783225196
2026-07-05T04:29:05Z,43,0,0,0,21,2,1,1,1,1783225667
2026-07-05T04:29:05Z,45,1,0,30,0,0,1,1,1,1783225102
2026-07-05T04:29:05Z,46,16,0,12,3,0,1,1,1,1783224130
2026-07-05T04:29:05Z,47,3,0,11,1,0,1,1,1,1783225599
2026-07-05T04:29:05Z,48,12,0,15,0,0,1,1,1,1783225389
2026-07-05T04:29:05Z,49,4,0,15,4,0,1,1,1,1783225738
2026-07-05T04:29:05Z,50,9,4,9,1,0,1,1,1,1783225596
2026-07-05T04:29:05Z,51,29,1,47,2,0,1,1,1,1783224202
2026-07-05T04:29:05Z,52,1,0,24,2,0,1,1,1,1783225202
2026-07-05T04:29:05Z,55,4,0,18,1,0,1,1,1,1783225652
2026-07-05T04:29:05Z,56,0,0,26,1,0,1,1,1,1783224577
2026-07-05T04:29:05Z,57,0,0,26,1,0,1,1,1,1783225556
2026-07-05T04:29:05Z,58,8,2,20,0,0,1,1,1,1783225623
2026-07-05T04:29:05Z,59,3,2,22,2,0,1,1,1,1783224586
2026-07-05T04:29:05Z,61,1,1,37,1,0,1,1,1,1783224302
2026-07-05T04:29:05Z,62,15,3,34,0,0,1,1,1,1783225570
2026-07-05T04:29:05Z,63,13,4,6,0,0,1,1,1,1783224561
2026-07-05T04:29:05Z,64,3,0,13,3,0,1,1,1,1783221052
2026-07-05T04:29:05Z,65,12,4,6,1,0,1,1,1,1783224708
2026-07-05T04:29:05Z,67,10,0,29,0,0,1,1,1,1783224080
2026-07-05T04:29:05Z,68,0,0,36,1,0,1,1,1,1783224892
2026-07-05T04:29:05Z,69,14,2,1,0,0,1,1,1,1783223356
2026-07-05T04:29:05Z,71,0,0,25,2,0,1,1,1,1783225552
2026-07-05T04:29:05Z,72,26,5,4,1,0,1,1,1,1783225518
2026-07-05T04:29:05Z,73,3,0,20,0,0,1,1,1,1783224233
2026-07-05T04:29:05Z,74,6,0,13,0,0,1,1,1,1783224373
2026-07-05T04:29:05Z,75,4,0,31,0,0,1,1,1,1783225290
2026-07-05T04:29:05Z,76,17,1,1,1,0,1,1,1,1783224697
2026-07-05T04:29:05Z,77,12,1,14,1,0,1,1,1,1783225628
2026-07-05T04:29:05Z,78,6,5,17,0,0,1,1,1,1783225332
2026-07-05T04:29:05Z,79,5,4,12,0,0,1,1,1,1783225624
2026-07-05T04:29:05Z,80,15,1,6,0,2,1,1,1,1783225587
2026-07-05T04:29:05Z,81,5,3,26,0,0,1,1,1,1783225711
2026-07-05T04:29:05Z,82,0,0,23,0,0,1,1,1,1783224446
2026-07-05T04:29:05Z,83,6,2,26,2,0,1,1,1,1783225743
2026-07-05T04:29:05Z,84,26,1,0,1,0,1,1,1,1783222293
2026-07-05T04:29:05Z,85,6,1,8,0,0,1,1,1,1783224303
2026-07-05T04:29:05Z,86,22,0,4,1,0,1,1,1,1783224934
2026-07-05T04:29:05Z,87,4,0,15,0,0,1,1,1,1783222587
2026-07-05T04:29:05Z,88,3,0,28,0,0,1,1,1,1783225675
2026-07-05T04:29:05Z,89,22,0,12,1,0,1,1,1,1783225729
2026-07-05T04:29:05Z,90,4,0,15,0,0,1,1,1,1783225456
2026-07-05T04:29:05Z,91,17,1,0,0,0,1,1,1,1783225355
2026-07-05T04:29:05Z,92,6,0,11,2,0,1,1,1,1783225690
2026-07-05T04:29:05Z,93,22,1,1,0,0,1,1,1,1783222944
2026-07-05T04:29:05Z,94,18,1,1,0,0,1,1,1,1783225146
2026-07-05T04:29:05Z,95,32,6,2,1,0,1,1,1,1783225705
2026-07-05T04:29:05Z,96,30,5,0,1,0,1,1,1,1783224023
2026-07-05T04:29:05Z,97,6,1,9,1,0,1,1,1,1783225661
2026-07-05T04:29:05Z,98,19,6,15,1,0,1,1,1,1783225736
2026-07-05T04:29:05Z,99,14,0,0,0,0,1,1,1,1783223772
2026-07-05T04:29:05Z,100,19,0,7,1,0,1,1,1,1783225532
2026-07-05T04:29:05Z,101,8,0,6,1,0,1,1,1,1783225690
2026-07-05T04:29:05Z,102,18,2,5,0,0,1,1,1,1783224878
2026-07-05T04:29:05Z,103,17,1,12,3,0,1,1,1,1783225655
2026-07-05T04:29:05Z,104,3,0,22,2,0,1,1,1,1783225552
2026-07-05T04:29:05Z,105,12,0,5,2,0,1,1,1,1783221518
2026-07-05T04:29:05Z,106,0,0,21,0,0,1,1,1,1783222328
2026-07-05T04:29:05Z,107,30,1,5,2,0,1,1,1,1783225464
2026-07-05T04:29:05Z,108,9,2,23,2,1,1,1,1,1783225366
2026-07-05T04:29:05Z,109,20,1,3,0,0,1,1,1,1783225079
2026-07-05T04:29:05Z,110,6,1,17,0,0,1,1,1,1783225717
2026-07-05T04:29:05Z,111,1,0,34,1,0,1,1,1,1783225643
2026-07-05T04:29:05Z,112,11,0,6,2,0,1,1,1,1783225704
2026-07-05T04:29:05Z,113,6,0,11,2,0,1,1,1,1783225456
2026-07-05T04:29:05Z,114,15,7,13,3,0,1,1,1,1783225460
2026-07-05T04:29:05Z,115,7,1,17,2,0,1,1,1,1783225479
2026-07-05T04:29:05Z,116,9,1,18,0,0,1,1,1,1783225682
2026-07-05T04:29:05Z,118,9,3,10,4,0,1,1,1,1783225621
2026-07-05T04:29:05Z,119,35,11,1,2,0,1,1,1,1783225028
2026-07-05T04:29:05Z,120,23,2,2,2,0,1,1,1,1783224894
2026-07-05T04:29:05Z,121,4,0,15,0,0,1,1,1,1783225117
2026-07-05T04:29:05Z,122,2,0,18,1,0,1,1,1,1783225649
2026-07-05T04:29:05Z,123,34,0,13,0,0,1,1,1,1783221766
2026-07-05T04:29:05Z,124,18,4,9,0,0,1,1,1,1783225599
2026-07-05T04:29:05Z,125,7,3,16,0,0,1,1,1,1783224274
2026-07-05T04:29:05Z,126,12,2,19,0,0,1,1,1,1783224217
2026-07-05T04:29:05Z,127,0,0,30,0,1,0,1,1,1783001724
2026-07-05T04:29:05Z,128,10,3,8,1,0,1,1,1,1783225449
2026-07-05T04:29:05Z,129,16,1,2,1,0,1,1,1,1783225604
2026-07-05T04:29:05Z,130,15,0,2,0,0,1,1,1,1783225257
2026-07-05T04:29:05Z,131,1,0,8,2,0,1,1,1,1783222962
2026-07-05T04:29:05Z,132,2,0,12,0,1,1,1,1,1783225338
2026-07-05T04:29:05Z,133,7,1,16,0,0,1,1,1,1783225508
2026-07-05T04:29:05Z,134,3,1,19,1,0,1,1,1,1783225266
2026-07-05T04:29:05Z,135,12,1,5,2,0,1,1,1,1783225490
2026-07-05T04:29:05Z,136,18,0,4,0,0,1,1,1,1783225263
2026-07-05T04:29:05Z,137,0,0,19,0,0,1,1,1,1783225111
2026-07-05T04:29:05Z,138,21,2,16,0,0,1,1,1,1783225673
2026-07-05T04:29:05Z,139,15,4,2,2,0,1,1,1,1783225364
2026-07-05T04:29:05Z,140,16,3,6,1,0,1,1,1,1783225348
2026-07-05T04:29:05Z,141,9,0,14,2,0,1,1,1,1783225469
2026-07-05T04:29:05Z,142,0,0,19,0,0,0,1,1,1782498468
2026-07-05T04:29:05Z,143,21,1,9,1,0,1,1,1,1783225053
2026-07-05T04:29:05Z,144,20,1,7,0,0,1,1,1,1783225363
2026-07-05T04:29:05Z,145,23,0,7,1,0,1,1,1,1783225592
2026-07-05T04:29:05Z,146,17,1,6,0,0,1,1,1,1783225599
2026-07-05T04:29:05Z,147,2,1,15,2,0,1,1,1,1783225564
2026-07-05T04:29:05Z,148,9,0,17,1,0,1,1,1,1783225634
2026-07-05T04:29:05Z,149,13,4,6,0,0,1,1,1,1783225493
2026-07-05T04:29:05Z,150,13,4,20,2,0,1,1,1,1783225628
2026-07-05T04:29:05Z,151,16,2,7,0,0,1,1,1,1783225722
2026-07-05T04:29:05Z,152,15,0,11,0,0,1,1,1,1783225416
2026-07-05T04:29:05Z,153,19,1,0,4,0,1,1,1,1783225474
2026-07-05T04:29:05Z,154,8,3,12,3,0,1,1,1,1783225567
2026-07-05T04:29:05Z,155,4,3,8,2,0,1,1,1,1783224464
2026-07-05T04:29:05Z,156,5,1,12,2,0,1,1,1,1783225429
2026-07-05T04:29:05Z,157,2,0,19,0,0,1,1,1,1783224991
2026-07-05T04:29:05Z,158,1,1,16,2,0,1,1,1,1783224956
2026-07-05T04:29:05Z,159,15,7,3,1,0,1,1,1,1783224962
2026-07-05T04:29:05Z,160,7,1,10,2,0,1,1,1,1783225618
2026-07-05T04:29:05Z,161,6,0,16,1,0,1,1,1,1783225735
2026-07-05T04:29:05Z,162,10,6,16,1,0,1,1,1,1783225573
2026-07-05T04:29:05Z,163,12,2,19,0,0,1,1,1,1783225638
2026-07-05T04:29:05Z,164,14,3,13,0,0,1,1,1,1783224266
2026-07-05T04:29:05Z,165,3,2,24,3,0,1,1,1,1783225596
2026-07-05T04:29:05Z,166,10,3,26,2,0,1,1,1,1783225638
2026-07-05T04:29:05Z,167,19,13,3,1,0,1,1,1,1783225514
2026-07-05T04:29:05Z,168,10,0,15,1,1,1,1,1,1783225627
2026-07-05T04:29:05Z,169,0,0,23,0,0,1,1,1,1783222579
2026-07-05T04:29:05Z,170,0,0,17,2,0,1,1,1,1783225736
2026-07-05T04:29:05Z,171,9,4,3,1,0,1,1,1,1783225679
2026-07-05T04:29:05Z,173,3,0,32,2,0,1,1,1,1783225685
2026-07-05T04:29:05Z,174,21,0,4,0,0,1,1,1,1783225595
2026-07-05T04:29:05Z,175,14,2,17,0,0,1,1,1,1783225681
2026-07-05T04:29:05Z,176,4,0,9,1,1,1,1,1,1783225739
2026-07-05T04:29:05Z,177,11,0,15,1,0,1,1,1,1783225365
2026-07-05T04:29:05Z,178,9,0,4,2,0,1,1,1,1783225572
2026-07-05T04:29:05Z,179,9,1,3,3,0,1,1,1,1783225547
2026-07-05T04:29:05Z,180,21,0,8,1,0,1,1,1,1783222721
2026-07-05T04:29:05Z,181,8,5,1,4,1,1,1,1,1783225715
2026-07-05T04:29:05Z,182,13,1,6,0,0,1,1,1,1783225442
2026-07-05T04:29:05Z,183,8,3,15,0,0,1,1,1,1783225369
2026-07-05T04:29:05Z,184,1,1,21,1,0,1,1,1,1783225022
2026-07-05T04:29:05Z,185,2,1,10,2,1,1,1,1,1783225198
2026-07-05T04:29:05Z,186,9,3,10,0,0,1,1,1,1783225625
2026-07-05T04:29:05Z,187,27,0,1,1,0,1,1,1,1783225695
2026-07-05T04:29:05Z,188,16,1,5,2,4,1,1,1,1783225739
2026-07-05T04:29:05Z,189,7,3,8,0,0,1,1,1,1783224487
2026-07-05T04:29:05Z,190,1,0,22,0,0,1,1,1,1783225681
2026-07-05T04:29:05Z,191,4,1,33,2,0,1,1,1,1783225588
2026-07-05T04:29:05Z,192,9,3,22,0,0,1,1,1,1783224878
2026-07-05T04:29:05Z,193,7,4,7,1,0,1,1,1,1783225488
2026-07-05T04:29:05Z,194,3,0,12,0,0,1,1,1,1783224853
2026-07-05T04:29:05Z,195,1,1,18,0,0,1,1,1,1783225365
2026-07-05T04:29:05Z,196,14,2,13,0,0,1,1,1,1783224958
2026-07-05T04:29:05Z,197,7,2,11,0,1,1,1,1,1783225261
2026-07-05T04:29:05Z,198,3,1,20,0,0,1,1,1,1783224807
2026-07-05T04:29:05Z,199,0,0,13,2,0,1,1,1,1783225343
2026-07-05T04:29:05Z,200,3,0,23,0,0,1,1,1,1783224706
2026-07-05T04:29:05Z,201,15,1,8,0,0,1,1,1,1783222677
2026-07-05T04:29:05Z,202,0,0,21,0,0,0,1,1,1783093344
2026-07-05T04:29:05Z,203,18,0,13,0,0,1,1,1,1783223363
2026-07-05T04:29:05Z,204,22,2,12,1,0,1,1,1,1783225497
2026-07-05T04:29:05Z,205,18,1,9,0,0,1,1,1,1783225622
2026-07-05T04:29:05Z,206,1,0,13,1,0,1,1,1,1783224967
2026-07-05T04:29:05Z,207,11,0,9,1,0,1,1,1,1783225428
2026-07-05T04:29:05Z,208,0,0,29,0,0,1,1,1,1783225522
2026-07-05T04:29:05Z,209,9,0,21,1,0,1,1,1,1783225712
2026-07-05T04:29:05Z,210,10,9,17,0,0,1,1,1,1783225669
2026-07-05T04:29:05Z,211,5,3,18,0,0,1,1,1,1783225495
2026-07-05T04:29:05Z,212,15,0,20,0,0,1,1,1,1783225709
2026-07-05T04:29:05Z,213,21,2,1,1,0,1,1,1,1783224820
2026-07-05T04:29:05Z,214,19,5,25,3,0,1,1,1,1783225556
2026-07-05T04:29:05Z,215,0,0,23,0,0,1,1,1,1783225578
2026-07-05T04:29:05Z,216,17,0,0,2,0,1,1,1,1783225737
2026-07-05T04:29:05Z,217,17,0,10,2,0,1,1,1,1783225600
2026-07-05T04:29:05Z,218,15,8,19,5,0,1,1,1,1783225715
2026-07-05T04:29:05Z,219,0,0,26,0,0,0,1,1,1783102715
2026-07-05T04:29:05Z,220,20,19,23,0,0,1,1,1,1783225566
2026-07-05T04:29:05Z,221,11,11,3,0,0,1,1,1,1783225153
2026-07-05T04:29:05Z,222,2,2,17,0,0,1,1,1,1783224839
2026-07-05T04:29:05Z,223,10,5,21,4,0,1,1,1,1783225472
2026-07-05T04:29:05Z,224,22,3,0,0,0,1,1,1,1783225741
2026-07-05T04:29:05Z,225,7,1,8,4,0,1,1,1,1783218949
2026-07-05T04:29:05Z,226,7,7,23,1,0,1,1,1,1783225012
2026-07-05T04:29:05Z,227,5,5,22,0,0,1,1,1,1783225641
2026-07-05T04:29:05Z,228,13,5,5,1,0,1,1,1,1783225348
2026-07-05T04:29:05Z,230,5,1,18,0,0,1,1,1,1783225241
2026-07-05T04:29:05Z,232,5,1,12,2,0,1,1,1,1783225329
2026-07-05T04:29:05Z,233,27,6,3,1,0,1,1,1,1783225353
2026-07-05T04:29:05Z,234,14,2,0,4,1,1,1,1,1783225096
2026-07-05T04:29:05Z,236,17,7,0,2,0,1,1,1,1783223826
2026-07-05T04:29:05Z,237,11,2,12,0,0,1,1,1,1783225227
2026-07-05T04:29:05Z,239,0,0,27,0,0,1,1,1,1783225093
2026-07-05T04:29:05Z,241,12,5,11,0,0,1,1,1,1783225518
2026-07-05T04:29:05Z,242,2,1,21,0,0,1,1,1,1783225500
2026-07-05T04:29:05Z,243,17,3,13,1,0,1,1,1,1783225595
2026-07-05T04:29:05Z,244,20,7,7,0,0,1,1,1,1783225716
2026-07-05T04:29:05Z,245,7,0,16,0,0,1,1,1,1783225066
2026-07-05T04:29:05Z,246,3,1,20,0,0,1,1,1,1783224745
2026-07-05T04:29:05Z,247,6,4,17,0,0,1,1,1,1783223455
2026-07-05T04:29:05Z,248,1,0,18,4,0,1,1,1,1783225552
2026-07-05T04:29:05Z,249,1,1,15,3,0,1,1,1,1783225589
2026-07-05T04:29:05Z,250,3,1,24,0,0,1,1,1,1783225663
2026-07-05T04:29:05Z,251,0,0,24,3,0,1,1,1,1783224999
2026-07-05T04:29:05Z,253,2,0,17,0,0,1,1,1,1783224597
2026-07-05T04:29:05Z,254,23,1,17,3,0,1,1,1,1783225710
2026-07-05T04:29:05Z,255,14,0,9,0,0,1,1,1,1783225325
2026-07-05T04:29:05Z,256,9,3,14,0,0,1,1,1,1783225067
2026-07-05T04:29:05Z,257,13,2,5,1,0,1,1,1,1783225436
2026-07-05T04:29:05Z,258,3,1,14,2,0,1,1,1,1783225266
2026-07-05T04:29:05Z,259,17,2,5,1,0,1,1,1,1783225113
2026-07-05T04:29:05Z,260,7,2,12,0,0,1,1,1,1783225686
2026-07-05T04:29:05Z,261,17,2,0,2,0,1,1,1,1783222498
2026-07-05T04:29:05Z,262,9,4,13,1,0,1,1,1,1783225546
2026-07-05T04:29:05Z,263,5,2,10,0,0,1,1,1,1783224494
2026-07-05T04:29:05Z,264,12,8,6,1,0,1,1,1,1783225657
2026-07-05T04:29:05Z,265,14,0,1,0,0,1,1,1,1783224943
2026-07-05T04:29:05Z,266,9,0,9,1,0,1,1,1,1783224578
2026-07-05T04:29:05Z,267,4,0,11,0,0,1,1,1,1783205904
2026-07-05T04:29:05Z,268,1,0,19,3,0,1,1,1,1783224370
2026-07-05T04:29:05Z,269,3,0,20,0,0,1,1,1,1783222107
2026-07-05T04:29:05Z,270,2,0,25,0,0,1,1,1,1783225584
2026-07-05T04:29:05Z,271,0,0,16,3,0,1,1,1,1783225443
2026-07-05T04:29:05Z,272,21,4,2,0,0,1,1,1,1783223828
2026-07-05T04:29:05Z,273,9,8,6,0,0,1,1,1,1783225425
2026-07-05T04:29:05Z,274,6,3,12,1,0,1,1,1,1783224444
2026-07-05T04:29:05Z,275,18,1,4,1,0,1,1,1,1783224934
2026-07-05T04:29:05Z,276,5,3,21,0,1,1,1,1,1783225598
2026-07-05T04:29:05Z,277,1,0,20,2,0,1,1,1,1783225658
2026-07-05T04:29:05Z,278,10,6,19,1,1,1,1,1,1783225633
2026-07-05T04:29:05Z,279,0,0,19,0,0,1,1,1,1783225018
2026-07-05T04:29:05Z,280,13,1,14,4,0,1,1,1,1783225626
2026-07-05T04:29:05Z,281,2,0,21,0,0,1,1,1,1783225111
2026-07-05T04:29:05Z,282,11,0,5,0,0,1,1,1,1783223608
2026-07-05T04:29:05Z,283,20,2,13,2,0,1,1,1,1783225144
2026-07-05T04:29:05Z,284,4,4,30,1,0,1,1,1,1783225663
2026-07-05T04:29:05Z,285,1,0,22,0,0,1,1,1,1783224730
2026-07-05T04:29:05Z,286,5,2,17,1,0,1,1,1,1783223406
2026-07-05T04:29:05Z,287,13,9,7,3,0,1,1,1,1783225644
2026-07-05T04:29:05Z,288,5,2,12,2,0,1,1,1,1783225191
2026-07-05T04:29:05Z,289,22,0,4,1,0,1,1,1,1783225690
2026-07-05T04:29:05Z,290,12,0,25,2,0,1,1,1,1783225741
2026-07-05T04:29:05Z,291,8,0,15,0,0,1,1,1,1783225681
2026-07-05T04:29:05Z,292,2,0,21,0,0,1,1,1,1783224123
2026-07-05T04:29:05Z,293,1,0,21,1,0,1,1,1,1783224407
2026-07-05T04:29:05Z,294,7,2,14,1,0,1,1,1,1783225718
2026-07-05T04:29:05Z,297,4,0,14,1,0,1,1,1,1783225662
2026-07-05T04:29:05Z,301,8,0,10,1,0,1,1,1,1783225479
2026-07-05T04:29:05Z,302,0,0,22,1,0,1,1,1,1783224442
2026-07-05T04:29:05Z,303,10,1,8,1,0,1,1,1,1783225639
2026-07-05T04:29:05Z,304,0,0,0,0,0,0,1,1,86400
2026-07-05T04:29:05Z,305,1,1,18,0,0,1,1,1,1783220958
2026-07-05T04:29:05Z,306,3,2,27,2,0,1,1,1,1783225548
2026-07-05T04:29:05Z,307,1,1,20,2,0,1,1,1,1783225473
2026-07-05T04:29:05Z,308,16,1,1,2,0,1,1,1,1783224731
2026-07-05T04:29:05Z,309,3,3,0,6,0,1,1,1,1783225736
2026-07-05T04:29:05Z,311,11,1,4,0,0,1,1,1,1783224507
2026-07-05T04:29:05Z,312,7,1,11,4,1,1,1,1,1783225480
2026-07-05T04:29:05Z,313,15,0,0,0,0,1,1,1,1783222784
2026-07-05T04:29:05Z,314,9,3,8,2,0,1,1,1,1783225741
2026-07-05T04:29:05Z,315,0,0,31,0,0,0,1,1,1783017696
2026-07-05T04:29:05Z,316,9,1,4,2,0,1,1,1,1783225407
2026-07-05T04:29:05Z,317,3,3,23,5,0,1,1,1,1783225155
2026-07-05T04:29:05Z,318,12,1,5,0,0,1,1,1,1783223689
2026-07-05T04:29:05Z,319,15,1,11,1,0,1,1,1,1783225609
2026-07-05T04:29:05Z,320,11,0,7,1,0,1,1,1,1783222619
2026-07-05T04:29:05Z,321,17,2,0,2,0,1,1,1,1783220081
2026-07-05T04:29:05Z,322,8,2,21,0,0,1,1,1,1783222625
2026-07-05T04:29:05Z,323,9,0,10,0,0,1,1,1,1783225365
2026-07-05T04:29:05Z,324,21,5,5,1,0,1,1,1,1783225368
2026-07-05T04:29:05Z,325,5,0,20,2,0,1,1,1,1783224678
2026-07-05T04:29:05Z,327,11,3,14,0,2,1,1,1,1783225527
2026-07-05T04:29:05Z,328,8,1,14,0,1,1,1,1,1783225611
2026-07-05T04:29:05Z,329,11,0,8,0,0,1,1,1,1783223995
2026-07-05T04:29:05Z,330,3,1,19,0,0,1,1,1,1783224591
2026-07-05T04:29:05Z,331,15,0,8,0,0,1,1,1,1783225557
2026-07-05T04:29:05Z,332,4,1,15,0,0,1,1,1,1783223850
2026-07-05T04:29:05Z,333,5,3,18,0,0,1,1,1,1783225423
2026-07-05T04:29:05Z,334,5,3,18,0,0,1,1,1,1783225487
2026-07-05T04:29:05Z,335,0,0,21,1,1,1,1,1,1783225314
2026-07-05T04:29:05Z,336,5,2,14,0,0,1,1,1,1783225034
2026-07-05T04:29:05Z,337,12,4,8,3,0,1,1,1,1783225495
2026-07-05T04:29:05Z,338,11,3,8,0,0,1,1,1,1783225540
2026-07-05T04:29:05Z,339,0,0,22,1,0,1,1,1,1783225298
2026-07-05T04:29:05Z,340,11,6,3,1,0,1,1,1,1783225678
2026-07-05T04:29:05Z,341,5,5,13,1,0,1,1,1,1783224847
2026-07-05T04:29:05Z,342,14,4,0,1,0,1,1,1,1783225697
2026-07-05T04:29:05Z,343,10,6,13,0,0,1,1,1,1783225323
2026-07-05T04:29:05Z,344,5,1,17,1,0,1,1,1,1783225459
2026-07-05T04:29:05Z,345,15,1,4,0,0,1,1,1,1783225451
2026-07-05T04:29:05Z,346,22,1,1,0,0,1,1,1,1783223472
2026-07-05T04:29:05Z,347,9,2,38,0,0,1,1,1,1783225723
2026-07-05T04:29:05Z,348,22,2,1,0,0,1,1,1,1783224183
2026-07-05T04:29:05Z,349,3,1,14,2,0,1,1,1,1783225432
2026-07-05T04:29:05Z,350,16,2,10,0,1,1,1,1,1783225527
2026-07-05T04:29:05Z,351,3,0,18,2,0,1,1,1,1783225697
2026-07-05T04:29:05Z,355,5,1,17,1,0,1,1,1,1783225702
2026-07-05T04:29:05Z,356,12,0,5,2,0,1,1,1,1783225181
2026-07-05T04:29:05Z,357,11,5,8,0,0,1,1,1,1783225155
2026-07-05T04:29:05Z,359,15,1,10,2,0,1,1,1,1783223503
2026-07-05T04:29:05Z,360,6,1,13,0,0,1,1,1,1783223287
2026-07-05T04:29:05Z,362,12,7,4,3,0,1,1,1,1783225384
2026-07-05T04:29:05Z,363,2,0,25,0,0,1,1,1,1783225115
2026-07-05T04:29:05Z,364,5,2,12,1,1,1,1,1,1783225738
2026-07-05T04:29:05Z,365,19,11,3,1,0,1,1,1,1783225673
2026-07-05T04:29:05Z,366,15,2,6,2,0,1,1,1,1783225728
2026-07-05T04:29:05Z,367,12,3,6,1,0,1,1,1,1783223159
2026-07-05T04:29:05Z,368,21,1,2,0,0,1,1,1,1783225459
2026-07-05T04:29:05Z,370,4,3,11,2,0,1,1,1,1783225473
2026-07-05T04:29:05Z,371,4,0,14,1,0,1,1,1,1783223169
2026-07-05T04:29:05Z,372,13,0,2,0,0,1,1,1,1783224651
2026-07-05T04:29:05Z,373,25,6,1,0,0,1,1,1,1783225236
2026-07-05T04:29:05Z,374,15,0,2,0,0,1,1,1,1783225729
2026-07-05T04:29:05Z,375,14,4,12,1,0,1,1,1,1783225735
2026-07-05T04:29:05Z,376,16,4,23,0,0,1,1,1,1783225350
2026-07-05T04:29:05Z,377,14,3,10,3,0,1,1,1,1783225332
2026-07-05T04:29:05Z,378,16,5,6,2,0,1,1,1,1783225600
2026-07-05T04:29:05Z,379,8,2,19,0,0,1,1,1,1783225740
2026-07-05T04:29:05Z,380,10,2,12,1,0,1,1,1,1783224416
2026-07-05T04:29:05Z,381,20,1,3,0,0,1,1,1,1783225708
2026-07-05T04:29:05Z,383,14,2,1,0,0,1,1,1,1783224082
2026-07-05T04:29:05Z,384,4,1,14,1,0,1,1,1,1783224786
2026-07-05T04:29:05Z,385,10,0,8,0,0,1,1,1,1783225636
2026-07-05T04:29:05Z,387,21,3,2,0,0,1,1,1,1783224387
2026-07-05T04:29:05Z,388,14,0,31,4,0,1,1,1,1783225276
2026-07-05T04:29:05Z,389,2,0,11,2,0,1,1,1,1783225422
2026-07-05T04:29:05Z,390,15,2,12,0,0,1,1,1,1783225324
2026-07-05T04:29:05Z,391,11,8,3,1,0,1,1,1,1783225513
2026-07-05T04:29:05Z,392,7,6,12,0,0,1,1,1,1783220392
2026-07-05T04:29:05Z,393,0,0,9,2,0,1,1,1,1783225387
2026-07-05T04:29:05Z,394,6,2,8,0,1,1,1,1,1783222485
2026-07-05T04:29:05Z,396,2,1,37,3,0,1,1,1,1783225741
2026-07-05T04:29:05Z,397,2,0,28,1,0,1,1,1,1783225694
2026-07-05T04:29:05Z,399,16,0,0,1,0,1,1,1,1783225242
2026-07-05T04:29:05Z,400,5,2,15,3,0,1,1,1,1783225427
2026-07-05T04:29:05Z,401,1,1,30,0,0,1,1,1,1783225687
2026-07-05T04:29:05Z,403,16,9,12,3,0,1,1,1,1783225725
2026-07-05T04:29:05Z,404,2,1,18,3,0,1,1,1,1783225543
2026-07-05T04:29:05Z,406,4,0,27,4,0,1,1,1,1783225169
2026-07-05T04:29:05Z,407,3,0,31,0,0,1,1,1,1783224579
2026-07-05T04:29:05Z,408,8,3,24,1,0,1,1,1,1783223906
2026-07-05T04:29:05Z,409,0,0,22,1,0,1,1,1,1783218138
2026-07-05T04:29:05Z,413,14,4,8,1,0,1,1,1,1783225742
2026-07-05T04:29:05Z,414,11,2,4,0,0,1,1,1,1783224785
2026-07-05T04:29:05Z,417,19,6,0,0,0,1,1,1,1783224946
2026-07-05T04:29:05Z,418,5,2,10,0,0,1,1,1,1783223261
2026-07-05T04:29:05Z,419,20,3,1,2,0,1,1,1,1783224386
2026-07-05T04:29:05Z,421,13,0,6,0,0,1,1,1,1783225510
2026-07-05T04:29:05Z,422,7,3,20,0,0,1,1,1,1783223720
2026-07-05T04:29:05Z,423,11,3,12,0,0,1,1,1,1783225496
2026-07-05T04:29:05Z,424,0,0,14,1,0,1,1,1,1783224202
2026-07-05T04:29:05Z,425,16,0,6,0,0,1,1,1,1783225094
2026-07-05T04:29:05Z,426,3,1,32,2,0,1,1,1,1783225737
2026-07-05T04:29:05Z,427,9,1,5,0,1,1,1,1,1783225349
2026-07-05T04:29:05Z,428,17,0,2,0,0,1,1,1,1783225573
2026-07-05T04:29:05Z,429,20,5,0,3,0,1,1,1,1783225516
2026-07-05T04:29:05Z,430,27,1,1,3,0,1,1,1,1783225421
2026-07-05T04:29:05Z,431,22,1,7,2,2,1,1,1,1783223487
2026-07-05T04:29:05Z,432,1,0,29,1,0,1,1,1,1783225297
2026-07-05T04:29:05Z,433,21,3,0,2,0,1,1,1,1783222855
2026-07-05T04:29:05Z,437,3,1,14,2,0,1,1,1,1783225721
2026-07-05T04:29:05Z,438,6,1,12,1,0,1,1,1,1783216671
2026-07-05T04:29:05Z,439,9,2,6,0,0,1,1,1,1783224240
2026-07-05T04:29:05Z,440,14,0,0,1,0,1,1,1,1783224982
2026-07-05T04:29:05Z,441,1,0,13,1,0,1,1,1,1783225648
2026-07-05T04:29:05Z,442,9,2,9,1,0,1,1,1,1783225728
2026-07-05T04:29:05Z,443,8,0,19,0,0,1,1,1,1783195674
2026-07-05T04:29:05Z,444,9,5,14,0,0,1,1,1,1783219201
2026-07-05T04:29:05Z,445,11,6,11,1,0,1,1,1,1783219197
2026-07-05T04:29:05Z,446,6,0,16,0,1,1,1,1,1783224960
2026-07-05T04:29:05Z,447,5,0,16,2,0,1,1,1,1783214647
2026-07-05T04:29:05Z,448,12,2,0,2,1,1,1,1,1783224276
2026-07-05T04:29:05Z,452,10,2,8,1,0,1,1,1,1783225407
2026-07-05T04:29:05Z,453,4,2,9,2,0,1,1,1,1783224774
2026-07-05T04:29:05Z,454,6,1,11,1,1,1,1,1,1783224489
2026-07-05T04:29:05Z,455,0,0,39,0,0,0,1,1,1782992996
2026-07-05T04:29:05Z,456,12,0,7,4,0,1,1,1,1783225742
2026-07-05T04:29:05Z,457,6,0,20,1,0,1,1,1,1783225665
2026-07-05T04:29:05Z,458,5,0,16,2,0,1,1,1,1783223936
2026-07-05T04:29:05Z,459,15,6,0,0,0,1,1,1,1783224425
2026-07-05T04:29:05Z,460,12,2,11,0,0,1,1,1,1783225665
2026-07-05T04:29:05Z,461,7,0,9,3,0,1,1,1,1783224906
2026-07-05T04:29:05Z,462,12,0,9,0,0,1,1,1,1783225639
2026-07-05T04:29:05Z,463,12,1,6,1,0,1,1,1,1783225202
2026-07-05T04:29:05Z,464,3,0,10,1,0,1,1,1,1783225527
2026-07-05T04:29:05Z,465,2,0,13,0,0,1,1,1,1783223540
2026-07-05T04:29:05Z,466,15,5,0,0,0,1,1,1,1783222933
2026-07-05T04:29:05Z,467,4,1,11,0,0,1,1,1,1783223173
2026-07-05T04:29:05Z,468,2,2,17,0,0,1,1,1,1783215781
2026-07-05T04:29:05Z,469,1,0,20,1,1,1,1,1,1783224018
2026-07-05T04:29:05Z,470,15,1,0,0,0,1,1,1,1783225091
2026-07-05T04:29:05Z,471,16,1,10,1,0,1,1,1,1783224774
2026-07-05T04:29:05Z,472,11,3,6,2,0,1,1,1,1783223130
2026-07-05T04:29:05Z,473,2,2,16,1,0,1,1,1,1783223967
2026-07-05T04:29:05Z,474,13,0,5,1,0,1,1,1,1783223996
2026-07-05T04:29:05Z,475,4,1,15,0,0,1,1,1,1783225363
2026-07-05T04:29:05Z,476,7,3,13,3,0,1,1,1,1783225221
2026-07-05T04:29:05Z,477,12,2,2,1,0,1,1,1,1783225247
2026-07-05T04:29:05Z,478,1,1,26,4,0,1,1,1,1783225069
2026-07-05T04:29:05Z,479,10,0,13,3,1,1,1,1,1783225431
2026-07-05T04:29:05Z,480,13,1,1,1,0,1,1,1,1783225240
2026-07-05T04:29:05Z,481,32,0,3,0,0,1,1,1,1783225564
2026-07-05T04:29:05Z,482,7,5,11,1,0,1,1,1,1783223759
2026-07-05T04:29:05Z,483,16,0,10,0,1,1,1,1,1783225666
2026-07-05T04:29:05Z,484,3,0,16,0,0,1,1,1,1783223797
2026-07-05T04:29:05Z,485,7,3,11,0,1,1,1,1,1783225553
2026-07-05T04:29:05Z,486,15,0,11,1,0,1,1,1,1783225681
2026-07-05T04:29:05Z,487,5,4,12,2,0,1,1,1,1783225446
2026-07-05T04:29:05Z,489,3,2,12,0,0,1,1,1,1783225133
2026-07-05T04:29:05Z,490,11,8,3,2,0,1,1,1,1783225705
2026-07-05T04:29:05Z,491,17,3,2,2,0,1,1,1,1783225130
2026-07-05T04:29:05Z,492,4,3,3,4,0,1,1,1,1783225703
2026-07-05T04:29:05Z,493,5,0,22,0,0,1,1,1,1783223467
2026-07-05T04:29:05Z,495,12,1,1,2,0,1,1,1,1783225651
2026-07-05T04:29:05Z,496,6,0,20,1,0,1,1,1,1783224117
2026-07-05T04:29:05Z,497,17,0,2,0,0,1,1,1,1783224953
2026-07-05T04:29:05Z,498,19,4,4,0,0,1,1,1,1783225322
2026-07-05T04:29:05Z,499,10,1,6,3,0,1,1,1,1783223503
2026-07-05T04:29:05Z,500,9,2,5,1,0,1,1,1,1783225046
2026-07-05T04:29:05Z,501,5,1,15,1,0,1,1,1,1783225618
2026-07-05T04:29:05Z,502,4,0,15,0,0,1,1,1,1783221629
2026-07-05T04:29:05Z,503,18,1,13,0,0,1,1,1,1783224768
2026-07-05T04:29:05Z,504,0,0,39,0,0,1,1,1,1783225150
2026-07-05T04:29:05Z,505,1,0,16,1,0,1,1,1,1783225739
2026-07-05T04:29:05Z,511,8,1,15,0,0,1,1,1,1783224973
2026-07-05T04:29:05Z,512,11,0,8,0,0,1,1,1,1783221801
2026-07-05T04:29:05Z,514,8,3,2,1,0,1,1,1,1783224646
2026-07-05T04:29:05Z,515,12,1,7,0,0,1,1,1,1783225162
2026-07-05T04:29:05Z,516,20,0,6,1,0,1,1,1,1783225321
2026-07-05T04:29:05Z,517,16,7,7,0,0,1,1,1,1783223624
2026-07-05T04:29:05Z,518,6,2,9,0,0,1,1,1,1783223034
2026-07-05T04:29:05Z,519,16,0,3,0,0,1,1,1,1783222896
2026-07-05T04:29:05Z,520,4,1,21,2,0,1,1,1,1783224455
2026-07-05T04:29:05Z,521,9,1,14,0,0,1,1,1,1783225714
2026-07-05T04:29:05Z,522,12,0,11,0,0,1,1,1,1783225489
2026-07-05T04:29:05Z,523,6,1,16,1,0,1,1,1,1783223586
2026-07-05T04:29:05Z,524,14,0,7,2,0,1,1,1,1783225741
2026-07-05T04:29:05Z,525,12,0,7,0,0,1,1,1,1783223595
2026-07-05T04:29:05Z,526,10,4,4,1,0,1,1,1,1783224573
2026-07-05T04:29:05Z,527,3,3,21,2,0,1,1,1,1783225656
2026-07-05T04:29:05Z,528,14,4,8,1,0,1,1,1,1783225717
2026-07-05T04:29:05Z,529,6,1,9,4,0,1,1,1,1783225731
2026-07-05T04:29:05Z,530,10,2,10,1,0,1,1,1,1783225702
2026-07-05T04:29:05Z,531,18,1,4,0,1,1,1,1,1783223876
2026-07-05T04:29:05Z,532,2,1,28,1,0,1,1,1,1783225571
2026-07-05T04:29:05Z,533,10,0,8,1,0,1,1,1,1783225048
2026-07-05T04:29:05Z,534,6,3,15,2,0,1,1,1,1783224798
2026-07-05T04:29:05Z,535,3,1,11,1,0,1,1,1,1783224246
2026-07-05T04:29:05Z,536,21,0,1,1,0,1,1,1,1783225400
2026-07-05T04:29:05Z,537,0,0,20,1,0,1,1,1,1783225599
2026-07-05T04:29:05Z,538,15,4,3,1,0,1,1,1,1783224984
2026-07-05T04:29:05Z,539,11,2,17,3,0,1,1,1,1783225605
2026-07-05T04:29:05Z,540,10,4,9,0,0,1,1,1,1783224803
2026-07-05T04:29:05Z,541,23,1,3,1,0,1,1,1,1783225722
2026-07-05T04:29:05Z,542,5,2,18,0,0,1,1,1,1783224988
2026-07-05T04:29:05Z,543,15,2,1,3,0,1,1,1,1783225589
2026-07-05T04:29:05Z,544,17,4,4,2,0,1,1,1,1783225691
2026-07-05T04:29:05Z,545,17,0,2,0,0,1,1,1,1783225740
2026-07-05T04:29:05Z,546,1,1,18,0,0,1,1,1,1783225464
2026-07-05T04:29:05Z,547,14,1,8,1,0,1,1,1,1783225647
2026-07-05T04:29:05Z,548,0,0,22,1,0,1,1,1,1783225694
2026-07-05T04:29:05Z,549,14,1,7,0,0,1,1,1,1783224958
2026-07-05T04:29:05Z,550,1,1,18,0,0,1,1,1,1783223023
2026-07-05T04:29:05Z,551,19,6,3,1,0,1,1,1,1783218704
2026-07-05T04:29:05Z,552,16,0,11,0,0,1,1,1,1783225316
2026-07-05T04:29:05Z,553,14,3,9,0,0,1,1,1,1783225696
2026-07-05T04:29:05Z,554,3,1,16,0,0,1,1,1,1783223157
2026-07-05T04:29:05Z,555,9,3,5,1,0,1,1,1,1783224763
2026-07-05T04:29:05Z,556,7,2,14,2,0,1,1,1,1783225637
2026-07-05T04:29:05Z,557,0,0,23,0,0,0,1,1,1781719859
2026-07-05T04:29:05Z,558,5,2,31,1,0,1,1,1,1783225668
2026-07-05T04:29:05Z,559,12,0,6,1,0,1,1,1,1783210010
2026-07-05T04:29:05Z,560,4,0,23,0,0,1,1,1,1783225697
2026-07-05T04:29:05Z,561,11,2,11,1,0,1,1,1,1783223362
2026-07-05T04:29:05Z,562,3,1,31,1,0,1,1,1,1783225738
2026-07-05T04:29:05Z,563,13,0,1,0,0,1,1,1,1783218114
2026-07-05T04:29:05Z,564,14,1,4,1,0,1,1,1,1783225507
2026-07-05T04:29:05Z,565,7,1,12,0,0,1,1,1,1783225059
2026-07-05T04:29:05Z,566,4,0,14,1,0,1,1,1,1783224906
2026-07-05T04:29:05Z,567,23,2,3,1,0,1,1,1,1783224622
2026-07-05T04:29:05Z,568,1,0,18,0,0,1,1,1,1783223823
2026-07-05T04:29:05Z,569,15,1,4,0,0,1,1,1,1783225396
2026-07-05T04:29:05Z,570,10,0,9,0,0,1,1,1,1783225232
2026-07-05T04:29:05Z,571,14,2,9,0,0,1,1,1,1783225499
2026-07-05T04:29:05Z,572,12,0,7,0,0,1,1,1,1783225585
2026-07-05T04:29:05Z,573,15,1,0,0,0,1,1,1,1783219057
2026-07-05T04:29:05Z,574,5,4,10,0,0,1,1,1,1783224946
2026-07-05T04:29:05Z,575,17,0,4,0,0,1,1,1,1783225701
2026-07-05T04:29:05Z,576,0,0,19,0,0,1,1,1,1783220503
2026-07-05T04:29:05Z,577,23,1,8,0,0,1,1,1,1783224723
2026-07-05T04:29:05Z,578,3,1,20,0,0,1,1,1,1783223597
2026-07-05T04:29:05Z,579,15,0,28,0,0,1,1,1,1783225728
2026-07-05T04:29:05Z,580,16,1,14,1,0,1,1,1,1783225475
2026-07-05T04:29:05Z,581,5,0,12,2,0,1,1,1,1783225535
2026-07-05T04:29:05Z,582,6,0,52,3,0,1,1,1,1783225710
2026-07-05T04:29:05Z,583,23,0,0,0,0,1,1,1,1783218887
2026-07-05T04:29:05Z,584,2,2,13,4,0,1,1,1,1783225424
2026-07-05T04:29:05Z,585,3,0,23,0,0,1,1,1,1783225286
2026-07-05T04:29:05Z,586,31,0,4,0,0,1,1,1,1783225651
2026-07-05T04:29:05Z,587,19,0,5,1,0,1,1,1,1783225697
2026-07-05T04:29:05Z,588,18,3,1,0,0,1,1,1,1783222777
2026-07-05T04:29:05Z,589,9,6,14,0,0,1,1,1,1783224791
2026-07-05T04:29:05Z,590,4,0,27,0,0,1,1,1,1783224233
2026-07-05T04:29:05Z,591,19,5,1,2,0,1,1,1,1783224868
2026-07-05T04:29:05Z,592,6,1,17,0,0,1,1,1,1783225648
2026-07-05T04:29:05Z,593,30,0,9,0,0,1,1,1,1783225619
2026-07-05T04:29:05Z,594,4,0,16,1,0,1,1,1,1783225640
2026-07-05T04:29:05Z,595,0,0,3,0,0,0,1,1,1779985765
2026-07-05T04:29:05Z,605,0,0,3,0,0,0,1,1,1780413752
2026-07-05T04:29:05Z,606,0,0,0,0,0,0,1,1,86400
2026-07-05T04:29:05Z,607,23,0,10,0,0,1,1,1,1783225274
2026-07-05T04:29:05Z,608,27,1,27,0,0,1,1,1,1783225578
2026-07-05T04:29:05Z,609,3,1,20,0,0,1,1,1,1783225134
2026-07-05T04:29:05Z,610,0,0,35,0,0,1,1,1,1783224299
2026-07-05T04:29:05Z,611,0,0,27,0,0,1,1,1,1783225740
2026-07-05T04:29:05Z,612,4,1,11,0,0,1,1,1,1783213691
2026-07-05T04:29:05Z,613,6,1,9,0,0,1,1,1,1783225169
2026-07-05T04:29:05Z,614,1,0,24,1,1,1,1,1,1783225336
2026-07-05T04:29:05Z,617,5,1,8,2,0,1,1,1,1783223832
2026-07-05T04:29:05Z,618,10,4,8,1,0,1,1,1,1783224779
2026-07-05T04:29:05Z,619,8,1,10,1,0,1,1,1,1783224328
2026-07-05T04:29:05Z,620,4,0,19,0,0,1,1,1,1783225423
2026-07-05T04:29:05Z,621,7,3,16,0,0,1,1,1,1783225539
2026-07-05T04:29:05Z,622,10,3,10,2,1,1,1,1,1783225608
2026-07-05T04:29:05Z,623,24,3,2,3,1,1,1,1,1783225728
2026-07-05T04:29:05Z,624,4,2,8,2,1,1,1,1,1783221723
2026-07-05T04:29:05Z,625,13,3,8,0,0,1,1,1,1783224701
2026-07-05T04:29:05Z,626,28,0,15,1,2,1,1,1,1783225395
2026-07-05T04:29:05Z,627,9,9,9,1,0,1,1,1,1783225326
2026-07-05T04:29:05Z,628,6,5,11,1,1,1,1,1,1783223616
2026-07-05T04:29:05Z,629,8,2,2,1,0,1,1,1,1783223641
2026-07-05T04:29:05Z,630,13,0,11,3,0,1,1,1,1783217714
2026-07-05T04:29:05Z,631,14,1,9,0,0,1,1,1,1783225226
2026-07-05T04:29:05Z,632,10,2,9,3,0,1,1,1,1783220983
2026-07-05T04:29:05Z,633,8,0,5,1,1,1,1,1,1783200473
2026-07-05T04:29:05Z,634,5,0,13,1,0,1,1,1,1783218053
2026-07-05T04:29:05Z,635,18,0,0,1,0,1,1,1,1783225512
2026-07-05T04:29:05Z,636,7,0,8,0,0,1,1,1,1783213292
2026-07-05T04:29:05Z,637,4,2,14,1,0,1,1,1,1783204406
2026-07-05T04:29:05Z,638,11,5,6,2,0,1,1,1,1783225681
2026-07-05T04:29:05Z,639,0,0,0,3,16,0,1,1,1782287204
2026-07-05T04:29:05Z,640,5,0,18,0,0,1,1,1,1783224096
2026-07-05T04:29:05Z,641,7,0,19,1,0,1,1,1,1783225046
2026-07-05T04:29:05Z,642,3,0,11,5,0,1,1,1,1783224855
2026-07-05T04:29:05Z,643,8,3,19,0,0,1,1,1,1783224591
2026-07-05T04:29:05Z,644,0,0,9,5,1,1,1,1,1783225698
2026-07-05T04:29:05Z,645,12,0,9,1,1,1,1,1,1783222616
2026-07-05T04:29:05Z,646,9,0,9,1,0,1,1,1,1783224087
2026-07-05T04:29:05Z,647,24,2,7,0,0,1,1,1,1783224367
2026-07-05T04:29:05Z,648,12,3,6,1,0,1,1,1,1783220865
2026-07-05T04:29:05Z,649,20,2,11,0,0,1,1,1,1783224739
2026-07-05T04:29:05Z,650,10,2,5,1,0,1,1,1,1783224726
2026-07-05T04:29:05Z,651,1,0,21,1,0,1,1,1,1783223872
2026-07-05T04:29:05Z,652,19,2,1,3,0,1,1,1,1783225492
2026-07-05T04:29:05Z,653,15,2,0,4,0,1,1,1,1783225481
2026-07-05T04:29:05Z,654,3,1,12,0,0,1,1,1,1783225378
2026-07-05T04:29:05Z,655,2,0,11,2,0,1,1,1,1783225430
2026-07-05T04:29:05Z,656,17,5,2,0,0,1,1,1,1783225435
2026-07-05T04:29:05Z,657,10,1,3,4,0,1,1,1,1783225470
2026-07-05T04:29:05Z,658,10,1,9,3,1,1,1,1,1783225581
2026-07-05T04:29:05Z,659,0,0,15,0,0,1,1,1,1783225070
2026-07-05T04:29:05Z,660,21,3,8,2,0,1,1,1,1783224561
2026-07-05T04:29:05Z,661,3,0,15,1,0,1,1,1,1783223899
2026-07-05T04:29:05Z,662,0,0,19,4,0,1,1,1,1783225680
2026-07-05T04:29:05Z,663,13,1,1,0,0,1,1,1,1783225266
2026-07-05T04:29:05Z,664,0,0,27,0,0,1,1,1,1783207560
2026-07-05T04:29:05Z,665,4,1,10,1,0,1,1,1,1783225298
2026-07-05T04:29:05Z,666,8,2,7,0,0,1,1,1,1783224624
2026-07-05T04:29:05Z,667,1,0,13,3,0,1,1,1,1783225653
2026-07-05T04:29:05Z,668,6,1,12,1,0,1,1,1,1783224469
2026-07-05T04:29:05Z,669,12,1,0,2,0,1,1,1,1783225004
2026-07-05T04:29:05Z,670,9,0,18,0,0,1,1,1,1783225504
2026-07-05T04:29:05Z,671,9,1,18,0,0,1,1,1,1783225395
2026-07-05T04:29:05Z,672,17,3,3,3,0,1,1,1,1783224314
2026-07-05T04:29:05Z,673,13,1,8,1,0,1,1,1,1783222642
2026-07-05T04:29:05Z,674,3,0,19,1,0,1,1,1,1783225684
2026-07-05T04:29:05Z,675,2,0,11,1,1,1,1,1,1783225707
2026-07-05T04:29:05Z,676,20,1,2,1,0,1,1,1,1783223597
2026-07-05T04:29:05Z,681,5,5,6,4,0,1,1,1,1783225649
2026-07-05T04:29:05Z,682,10,5,8,1,0,1,1,1,1783222340
2026-07-05T04:29:05Z,683,13,1,6,0,0,1,1,1,1783224447
2026-07-05T04:29:05Z,684,15,1,10,2,0,1,1,1,1783218457
2026-07-05T04:29:05Z,685,1,0,24,1,1,1,1,1,1783224587
2026-07-05T04:29:05Z,686,10,1,14,2,1,1,1,1,1783225611
2026-07-05T04:29:05Z,687,12,3,17,1,1,1,1,1,1783225434
2026-07-05T04:29:05Z,688,10,3,8,1,0,1,1,1,1783224845
2026-07-05T04:29:05Z,692,0,0,20,1,0,1,1,1,1783225403
2026-07-05T04:29:05Z,693,9,5,2,0,0,1,1,1,1783225448
2026-07-05T04:29:05Z,694,6,2,12,3,0,1,1,1,1783224954
2026-07-05T04:29:05Z,695,4,1,19,0,0,1,1,1,1783225673
2026-07-05T04:29:05Z,696,21,11,0,2,0,1,1,1,1783225165
2026-07-05T04:29:05Z,697,3,0,19,1,0,1,1,1,1783224828
2026-07-05T04:29:05Z,698,26,1,1,0,0,1,1,1,1783225635
2026-07-05T04:29:05Z,699,3,0,11,1,0,1,1,1,1783224786
2026-07-05T04:29:05Z,700,5,0,13,1,0,1,1,1,1783225509
2026-07-05T04:29:05Z,701,7,1,12,0,0,1,1,1,1783224945
2026-07-05T04:29:05Z,702,17,7,5,1,0,1,1,1,1783225545
2026-07-05T04:29:05Z,703,23,5,0,0,0,1,1,1,1783224587
2026-07-05T04:29:05Z,704,11,1,3,1,0,1,1,1,1783225296
2026-07-05T04:29:05Z,705,9,4,5,1,0,1,1,1,1783224635
2026-07-05T04:29:05Z,706,10,3,4,1,0,1,1,1,1783225681
2026-07-05T04:29:05Z,707,14,2,1,0,0,1,1,1,1783225632
2026-07-05T04:29:05Z,708,19,4,0,0,0,1,1,1,1783225740
2026-07-05T04:29:05Z,709,14,5,0,1,0,1,1,1,1783224844
2026-07-05T04:29:05Z,710,18,1,1,0,0,1,1,1,1783225296
2026-07-05T04:29:05Z,711,14,3,1,4,0,1,1,1,1783224354
2026-07-05T04:29:05Z,712,0,0,15,0,0,1,1,1,1783225555
2026-07-05T04:29:05Z,713,4,1,19,0,0,1,1,1,1783225334
2026-07-05T04:29:05Z,716,1,0,14,0,0,1,1,1,1783224560
2026-07-05T04:29:05Z,717,9,0,12,4,0,1,1,1,1783225186
2026-07-05T04:29:05Z,718,3,1,12,0,0,1,1,1,1783224514
2026-07-05T04:29:05Z,719,8,0,21,0,0,1,1,1,1783225594
2026-07-05T04:29:05Z,720,2,0,16,1,0,1,1,1,1783224517
2026-07-05T04:29:05Z,721,11,0,11,1,0,1,1,1,1783224875
2026-07-05T04:29:05Z,722,13,2,2,0,0,1,1,1,1783224472
2026-07-05T04:29:05Z,723,0,0,22,1,0,1,1,1,1783224086
2026-07-05T04:29:05Z,724,17,2,6,0,0,1,1,1,1783224317
2026-07-05T04:29:05Z,725,22,1,0,1,0,1,1,1,1783225287
2026-07-05T04:29:05Z,726,11,1,8,0,0,1,1,1,1783224167
2026-07-05T04:29:05Z,727,9,0,14,0,0,1,1,1,1783224970
2026-07-05T04:29:05Z,728,9,2,5,1,0,1,1,1,1783224308
2026-07-05T04:29:05Z,729,13,1,4,2,0,1,1,1,1783225699
2026-07-05T04:29:05Z,730,7,1,8,0,0,1,1,1,1783225675
2026-07-05T04:29:05Z,731,1,1,14,0,0,1,1,1,1783225140
2026-07-05T04:29:05Z,732,9,0,6,0,0,1,1,1,1783225470
2026-07-05T04:29:05Z,733,2,0,24,1,0,1,1,1,1783225710
2026-07-05T04:29:05Z,734,4,1,9,1,0,1,1,1,1783225032
2026-07-05T04:29:05Z,735,1,1,17,1,0,1,1,1,1783224924
2026-07-05T04:29:05Z,736,16,2,1,2,0,1,1,1,1783197738
2026-07-05T04:29:05Z,737,8,2,7,0,0,1,1,1,1783224781
2026-07-05T04:29:05Z,738,1,1,17,1,0,1,1,1,1783225110
2026-07-05T04:29:05Z,739,7,1,18,2,0,1,1,1,1783225472
2026-07-05T04:29:05Z,741,12,4,11,0,0,1,1,1,1783224889
2026-07-05T04:29:05Z,742,11,1,28,0,0,1,1,1,1783225674
2026-07-05T04:29:05Z,743,4,1,13,2,0,1,1,1,1783224411
2026-07-05T04:29:05Z,744,3,1,12,0,0,1,1,1,1783224992
2026-07-05T04:29:05Z,745,8,1,10,1,0,1,1,1,1783224428
2026-07-05T04:29:05Z,746,0,0,23,0,0,1,1,1,1783225396
2026-07-05T04:29:05Z,747,0,0,19,0,0,1,1,1,1783224930
2026-07-05T04:29:05Z,748,12,1,9,2,0,1,1,1,1783224548
2026-07-05T04:29:05Z,749,8,0,15,0,0,1,1,1,1783225538
2026-07-05T04:29:05Z,750,0,0,9,2,0,1,1,1,1783225327
2026-07-05T04:29:05Z,751,3,0,20,0,0,1,1,1,1783225712
2026-07-05T04:29:05Z,752,13,1,3,1,0,1,1,1,1783224191
2026-07-05T04:29:05Z,753,6,0,8,1,0,1,1,1,1783225533
2026-07-05T04:29:05Z,754,6,0,9,0,0,1,1,1,1783223936
2026-07-05T04:29:05Z,755,9,1,9,1,0,1,1,1,1783225656
2026-07-05T04:29:05Z,756,1,0,35,1,0,1,1,1,1783225452
2026-07-05T04:29:05Z,757,4,4,15,0,0,1,1,1,1783225132
2026-07-05T04:29:05Z,758,21,4,2,0,0,1,1,1,1783225646
2026-07-05T04:29:05Z,759,6,0,9,0,0,1,1,1,1783223942
2026-07-05T04:29:05Z,760,4,0,13,2,0,1,1,1,1783223765
2026-07-05T04:29:05Z,761,5,1,17,1,0,1,1,1,1783224869
2026-07-05T04:29:05Z,762,6,1,7,2,0,1,1,1,1783223964
2026-07-05T04:29:05Z,768,6,0,10,3,0,1,1,1,1783224352
2026-07-05T04:29:05Z,769,2,0,13,3,0,1,1,1,1783225242
2026-07-05T04:29:05Z,770,11,2,8,0,0,1,1,1,1783223790
2026-07-05T04:29:05Z,771,9,0,6,0,0,1,1,1,1783224503
2026-07-05T04:29:05Z,772,10,5,4,1,0,1,1,1,1783225182
2026-07-05T04:29:05Z,773,4,2,14,1,0,1,1,1,1783225443
2026-07-05T04:29:05Z,774,6,1,7,2,0,1,1,1,1783225488
2026-07-05T04:29:05Z,775,13,2,4,2,0,1,1,1,1783221743
2026-07-05T04:29:05Z,776,6,0,14,1,0,1,1,1,1783224814
2026-07-05T04:29:05Z,777,10,1,2,3,0,1,1,1,1783222889
2026-07-05T04:29:05Z,778,4,0,13,2,0,1,1,1,1783223905
2026-07-05T04:29:05Z,779,14,0,4,1,0,1,1,1,1783225688
2026-07-05T04:29:05Z,780,13,5,3,2,1,1,1,1,1783225595
2026-07-05T04:29:05Z,781,1,1,9,1,0,1,1,1,1783217403
2026-07-05T04:29:05Z,782,7,2,11,1,0,1,1,1,1783225357
2026-07-05T04:29:05Z,783,8,6,8,3,0,1,1,1,1783220560
2026-07-05T04:29:05Z,784,0,0,18,1,0,1,1,1,1783224062
2026-07-05T04:29:05Z,785,9,1,5,5,0,1,1,1,1783225581
2026-07-05T04:29:05Z,786,0,0,18,1,0,1,1,1,1783211324
2026-07-05T04:29:05Z,787,0,0,15,0,0,1,1,1,1783225545
2026-07-05T04:29:05Z,788,10,1,5,0,0,1,1,1,1783223996
2026-07-05T04:29:05Z,789,12,1,1,2,0,1,1,1,1783224746
2026-07-05T04:29:05Z,790,4,3,19,0,0,1,1,1,1783225218
2026-07-05T04:29:05Z,791,0,0,19,0,0,1,1,1,1783224510
2026-07-05T04:29:05Z,793,11,1,3,1,0,1,1,1,1783224161
2026-07-05T04:29:05Z,794,4,2,25,0,0,1,1,1,1783224975
2026-07-05T04:29:05Z,796,1,0,15,3,0,1,1,1,1783224518
2026-07-05T04:29:05Z,797,0,0,15,0,0,1,1,1,1783225536
2026-07-05T04:29:05Z,798,1,0,23,1,0,1,1,1,1783225205
2026-07-05T04:29:05Z,799,3,1,15,1,0,1,1,1,1783224488
2026-07-05T04:29:05Z,800,3,0,16,2,0,1,1,1,1783225651
2026-07-05T04:29:05Z,801,5,3,14,2,0,1,1,1,1783224473
2026-07-05T04:29:05Z,802,2,0,28,0,1,1,1,1,1783224542
2026-07-05T04:29:05Z,803,2,1,13,0,0,1,1,1,1783224309
2026-07-05T04:29:05Z,806,0,0,11,4,0,1,1,1,1783225046
2026-07-05T04:29:05Z,807,17,1,7,1,0,1,1,1,1783225146
2026-07-05T04:29:05Z,808,9,0,15,1,0,1,1,1,1783225355
2026-07-05T04:29:05Z,809,5,1,18,0,0,1,1,1,1783224162
2026-07-05T04:29:05Z,810,8,5,10,1,0,1,1,1,1783224178
2026-07-05T04:29:05Z,815,4,2,10,1,0,1,1,1,1783225541
2026-07-05T04:29:05Z,817,4,1,4,7,0,1,1,1,1783225045
2026-07-05T04:29:05Z,818,3,2,20,0,0,1,1,1,1783224550
2026-07-05T04:29:05Z,819,6,6,6,3,0,1,1,1,1783224088
2026-07-05T04:29:05Z,820,6,1,9,2,0,1,1,1,1783225483
2026-07-05T04:29:05Z,821,9,0,5,1,0,1,1,1,1783225513
2026-07-05T04:29:05Z,822,3,0,18,2,0,1,1,1,1783225207
2026-07-05T04:29:05Z,823,2,0,13,0,0,1,1,1,1783224862
2026-07-05T04:29:05Z,824,4,3,14,1,0,1,1,1,1783224862
2026-07-05T04:29:05Z,825,9,2,6,0,0,1,1,1,1783218366
2026-07-05T04:29:05Z,826,8,0,10,1,0,1,1,1,1783224889
2026-07-05T04:29:05Z,827,7,1,13,1,0,1,1,1,1783224061
2026-07-05T04:29:05Z,828,1,0,16,1,0,1,1,1,1783225104
2026-07-05T04:29:05Z,829,1,0,26,0,0,1,1,1,1783212589
2026-07-05T04:29:05Z,830,23,3,0,0,0,1,1,1,1783225588
2026-07-05T04:29:05Z,831,4,1,4,7,0,1,1,1,1783225556
2026-07-05T04:29:05Z,832,13,2,5,0,0,1,1,1,1783225082
2026-07-05T04:29:05Z,833,18,11,0,1,0,1,1,1,1783224706
2026-07-05T04:29:05Z,834,1,0,23,0,0,1,1,1,1783225441
2026-07-05T04:29:05Z,835,12,8,6,0,0,1,1,1,1783225643
2026-07-05T04:29:05Z,837,3,0,5,7,0,1,1,1,1783225578
2026-07-05T04:29:05Z,838,6,2,5,4,0,1,1,1,1783224864
2026-07-05T04:29:05Z,839,18,3,10,1,0,1,1,1,1783225409
2026-07-05T04:29:05Z,840,2,0,26,1,0,1,1,1,1783225121
2026-07-05T04:29:05Z,841,4,2,8,3,0,1,1,1,1783225147
2026-07-05T04:29:05Z,842,4,0,18,0,1,1,1,1,1783224437
2026-07-05T04:29:05Z,843,2,0,27,2,0,1,1,1,1783223977
2026-07-05T04:29:05Z,844,5,0,18,0,0,1,1,1,1783225667
2026-07-05T04:29:05Z,845,8,0,11,0,0,1,1,1,1783225171
2026-07-05T04:29:05Z,846,7,1,11,0,1,1,1,1,1783225645
2026-07-05T04:29:05Z,847,0,0,27,0,0,1,1,1,1783224350
2026-07-05T04:29:05Z,848,6,0,13,0,0,1,1,1,1783225290
2026-07-05T04:29:05Z,849,0,0,10,5,0,1,1,1,1783225469
2026-07-05T04:29:05Z,850,3,1,8,0,0,1,1,1,1783225626
2026-07-05T04:29:05Z,851,23,1,12,2,0,1,1,1,1783222241
2026-07-05T04:29:05Z,852,3,0,15,1,0,1,1,1,1783224885
2026-07-05T04:29:05Z,853,11,2,12,0,0,1,1,1,1783225186
2026-07-05T04:29:05Z,854,4,0,10,1,0,1,1,1,1783225602
2026-07-05T04:29:05Z,855,25,0,2,0,0,1,1,1,1783224573
2026-07-05T04:29:05Z,857,8,6,10,1,0,1,1,1,1783224927
2026-07-05T04:29:05Z,858,1,0,17,1,0,1,1,1,1783222451
2026-07-05T04:29:05Z,859,9,3,12,0,0,1,1,1,1783225022
2026-07-05T04:29:05Z,861,4,0,7,0,0,1,1,1,1783224467
2026-07-05T04:29:05Z,862,4,0,11,0,0,1,1,1,1783224187
2026-07-05T04:29:05Z,863,7,3,11,1,0,1,1,1,1783216283
2026-07-05T04:29:05Z,866,18,0,1,0,0,1,1,1,1783213234
2026-07-05T04:29:05Z,867,8,0,7,0,0,1,1,1,1783225263
2026-07-05T04:29:05Z,868,11,0,4,0,0,1,1,1,1783224040
2026-07-05T04:29:05Z,870,11,3,3,1,0,1,1,1,1783224736
2026-07-05T04:29:05Z,871,3,0,8,0,0,1,1,1,1783225208
2026-07-05T04:29:05Z,872,6,3,9,0,0,1,1,1,1783224177
2026-07-05T04:29:05Z,873,0,0,31,2,0,1,1,1,1783225658
2026-07-05T04:29:05Z,874,14,1,0,1,0,1,1,1,1783224548
2026-07-05T04:29:05Z,875,3,1,12,0,0,1,1,1,1783225418
2026-07-05T04:29:05Z,877,7,3,12,0,0,1,1,1,1783224038
2026-07-05T04:29:05Z,878,8,0,10,1,0,1,1,1,1783225743
2026-07-05T04:29:05Z,879,7,0,11,1,0,1,1,1,1783225398
2026-07-05T04:29:05Z,880,11,2,12,0,0,1,1,1,1783225110
2026-07-05T04:29:05Z,881,3,1,13,3,0,1,1,1,1783224796
2026-07-05T04:29:05Z,882,10,5,9,0,0,1,1,1,1783224512
2026-07-05T04:29:05Z,883,12,6,6,1,0,1,1,1,1783224720
2026-07-05T04:29:05Z,884,10,5,11,0,0,1,1,1,1783183865
2026-07-05T04:29:05Z,885,7,2,11,1,0,1,1,1,1783224283
2026-07-05T04:29:05Z,886,3,3,23,3,0,1,1,1,1783225660
2026-07-05T04:29:05Z,887,2,0,14,1,0,1,1,1,1783225333
2026-07-05T04:29:05Z,888,0,0,40,1,0,1,1,1,1783224277
2026-07-05T04:29:05Z,889,11,1,8,0,0,1,1,1,1783225224
2026-07-05T04:29:05Z,890,8,2,7,0,0,1,1,1,1783217856
2026-07-05T04:29:05Z,891,7,1,15,1,0,1,1,1,1783225728
2026-07-05T04:29:05Z,892,15,5,0,0,0,1,1,1,1783224185
2026-07-05T04:29:05Z,895,4,0,15,0,0,1,1,1,1783224806
2026-07-05T04:29:05Z,896,30,8,5,0,0,1,1,1,1783224989
2026-07-05T04:29:05Z,897,11,1,9,1,0,1,1,1,1783225293
2026-07-05T04:29:05Z,898,7,1,12,0,0,1,1,1,1783225407
2026-07-05T04:29:05Z,899,15,2,4,0,0,1,1,1,1783225461
2026-07-05T04:29:05Z,900,23,1,3,1,0,1,1,1,1783225667
2026-07-05T04:29:05Z,901,9,0,9,1,0,1,1,1,1783225485
2026-07-05T04:29:05Z,902,0,0,15,0,0,1,1,1,1783225346
2026-07-05T04:29:05Z,903,1,0,18,0,0,1,1,1,1783225142
2026-07-05T04:29:05Z,904,13,0,4,2,0,1,1,1,1783225447
2026-07-05T04:29:05Z,905,13,9,14,0,0,1,1,1,1783224521
2026-07-05T04:29:05Z,906,19,9,8,0,0,1,1,1,1783225298
2026-07-05T04:29:05Z,907,15,0,16,0,0,1,1,1,1783225527
2026-07-05T04:29:05Z,908,8,0,15,0,0,1,1,1,1783223952
2026-07-05T04:29:05Z,909,21,9,1,1,0,1,1,1,1783225433
2026-07-05T04:29:05Z,910,4,0,26,1,0,1,1,1,1783225335
2026-07-05T04:29:05Z,911,10,0,8,1,0,1,1,1,1783225224
2026-07-05T04:29:05Z,912,11,0,10,2,0,1,1,1,1783225487
2026-07-05T04:29:05Z,913,10,1,9,0,0,1,1,1,1783211292
2026-07-05T04:29:05Z,914,13,0,4,2,0,1,1,1,1783225682
2026-07-05T04:29:05Z,915,0,0,22,1,0,1,1,1,1783225654
2026-07-05T04:29:05Z,916,9,2,13,1,0,1,1,1,1783225409
2026-07-05T04:29:05Z,917,3,1,32,0,0,1,1,1,1783224758
2026-07-05T04:29:05Z,918,18,3,0,1,0,1,1,1,1783225485
2026-07-05T04:29:05Z,919,33,4,6,0,0,1,1,1,1783225698
2026-07-05T04:29:05Z,920,3,3,16,0,0,1,1,1,1783224748
2026-07-05T04:29:05Z,921,3,0,15,3,0,1,1,1,1783219782
2026-07-05T04:29:05Z,922,9,1,12,0,0,1,1,1,1783224412
2026-07-05T04:29:05Z,923,4,3,14,1,0,1,1,1,1783225401
2026-07-05T04:29:05Z,924,16,2,5,0,0,1,1,1,1783225038
2026-07-05T04:29:05Z,925,1,1,19,1,0,1,1,1,1783225418
2026-07-05T04:29:05Z,926,8,1,13,0,0,1,1,1,1783225507
2026-07-05T04:29:05Z,927,16,0,17,1,0,1,1,1,1783224325
2026-07-05T04:29:05Z,928,12,1,5,2,0,1,1,1,1783225635
2026-07-05T04:29:05Z,929,12,0,11,0,0,1,1,1,1783225370
2026-07-05T04:29:05Z,930,22,0,9,0,0,1,1,1,1783225557
2026-07-05T04:29:05Z,931,2,2,20,1,0,1,1,1,1783224424
2026-07-05T04:29:05Z,932,9,1,9,1,0,1,1,1,1783225653
2026-07-05T04:29:05Z,933,16,0,6,1,0,1,1,1,1783225609
2026-07-05T04:29:05Z,934,5,0,25,1,0,1,1,1,1783224607
2026-07-05T04:29:05Z,935,1,0,15,3,0,1,1,1,1783225697
2026-07-05T04:29:05Z,936,18,3,1,0,0,1,1,1,1783225497
2026-07-05T04:29:05Z,940,6,0,4,1,0,1,1,1,1783225739
2026-07-05T04:29:05Z,941,6,0,19,0,0,1,1,1,1783225291
2026-07-05T04:29:05Z,942,8,3,13,0,0,1,1,1,1783224799
2026-07-05T04:29:05Z,943,4,4,10,1,0,1,1,1,1783225443
2026-07-05T04:29:05Z,944,5,5,9,1,0,1,1,1,1783219032
2026-07-05T04:29:05Z,945,9,5,6,0,0,1,1,1,1783223982
2026-07-05T04:29:05Z,946,8,6,11,0,0,1,1,1,1783225728
2026-07-05T04:29:05Z,947,7,5,10,0,0,1,1,1,1783224714
2026-07-05T04:29:05Z,948,18,3,10,3,0,1,1,1,1783225663
2026-07-05T04:29:05Z,949,1,0,14,0,0,1,1,1,1783225723
2026-07-05T04:29:05Z,950,14,5,1,2,0,1,1,1,1783225475
2026-07-05T04:29:05Z,951,5,0,17,1,0,1,1,1,1783224922
2026-07-05T04:29:05Z,952,16,0,36,3,0,1,1,1,1783225652
2026-07-05T04:29:05Z,953,14,0,0,1,0,1,1,1,1783225618
2026-07-05T04:29:05Z,954,14,1,4,1,0,1,1,1,1783225681
2026-07-05T04:29:05Z,955,1,1,20,6,0,1,1,1,1783224747
2026-07-05T04:29:05Z,956,3,0,15,1,0,1,1,1,1783225453
2026-07-05T04:29:05Z,957,3,0,25,1,0,1,1,1,1783225702
2026-07-05T04:29:05Z,958,5,0,25,1,0,1,1,1,1783225332
2026-07-05T04:29:05Z,959,3,1,19,1,0,1,1,1,1783225570
2026-07-05T04:29:05Z,960,22,4,0,1,0,1,1,1,1783225440
2026-07-05T04:29:05Z,961,8,4,15,0,0,1,1,1,1783225126
2026-07-05T04:29:05Z,962,3,1,25,7,0,1,1,1,1783225530
2026-07-05T04:29:05Z,963,5,0,18,0,0,1,1,1,1783225456
2026-07-05T04:29:05Z,964,6,1,16,1,0,1,1,1,1783225654
2026-07-05T04:29:05Z,965,8,1,17,2,0,1,1,1,1783224717
2026-07-05T04:29:05Z,966,5,0,26,0,0,1,1,1,1783225727
2026-07-05T04:29:05Z,967,8,1,9,4,0,1,1,1,1783225397
2026-07-05T04:29:05Z,968,11,0,8,0,0,1,1,1,1783225337
2026-07-05T04:29:05Z,969,11,2,15,1,0,1,1,1,1783224147
2026-07-05T04:29:05Z,970,14,4,2,3,0,1,1,1,1783224593
2026-07-05T04:29:05Z,971,22,0,0,1,0,1,1,1,1783225481
2026-07-05T04:29:05Z,972,5,2,18,0,0,1,1,1,1783225168
2026-07-05T04:29:05Z,973,1,0,20,2,0,1,1,1,1783224262
2026-07-05T04:29:05Z,974,16,0,11,0,0,1,1,1,1783225605
2026-07-05T04:29:05Z,977,5,3,15,1,0,1,1,1,1783224004
2026-07-05T04:29:05Z,978,18,3,5,0,0,1,1,1,1783225610
2026-07-05T04:29:05Z,979,11,0,4,2,0,1,1,1,1783225641
2026-07-05T04:29:05Z,980,6,0,15,0,0,1,1,1,1783223432
2026-07-05T04:29:05Z,981,4,1,16,1,0,1,1,1,1783225069
2026-07-05T04:29:05Z,982,9,3,9,1,0,1,1,1,1783225586
2026-07-05T04:29:05Z,983,1,0,22,0,0,1,1,1,1783224949
2026-07-05T04:29:05Z,984,15,10,7,1,0,1,1,1,1783225082
2026-07-05T04:29:05Z,985,0,0,29,1,1,1,1,1,1783225142
2026-07-05T04:29:05Z,986,6,6,12,1,0,1,1,1,1783224048
2026-07-05T04:29:05Z,987,3,0,20,0,0,1,1,1,1783224256
2026-07-05T04:29:05Z,988,11,4,8,0,0,1,1,1,1783224322
2026-07-05T04:29:05Z,989,14,11,4,1,0,1,1,1,1783224291
2026-07-05T04:29:05Z,990,13,3,1,1,0,1,1,1,1783225730
2026-07-05T04:29:05Z,991,18,10,1,0,0,1,1,1,1783224463
2026-07-05T04:29:05Z,992,6,1,17,0,0,1,1,1,1783225355
2026-07-05T04:29:05Z,993,0,0,27,0,0,1,1,1,1783225237
2026-07-05T04:29:05Z,994,8,1,9,4,0,1,1,1,1783225430
2026-07-05T04:29:05Z,995,10,1,17,0,0,1,1,1,1783225389
2026-07-05T04:29:05Z,996,9,4,14,0,0,1,1,1,1783224211
2026-07-05T04:29:05Z,997,9,5,10,4,0,1,1,1,1783224607
2026-07-05T04:29:05Z,998,8,0,15,0,0,1,1,1,1783224095
2026-07-05T04:29:05Z,999,8,2,11,1,1,1,1,1,1783225262
2026-07-05T04:29:05Z,1000,8,1,13,0,0,1,1,1,1783223939
2026-07-05T04:29:05Z,1001,1,0,26,0,0,1,1,1,1783224294
2026-07-05T04:29:05Z,1002,9,1,22,0,0,1,1,1,1783225540
2026-07-05T04:29:05Z,1003,2,1,21,0,0,1,1,1,1783224589
2026-07-05T04:29:05Z,1004,12,2,11,0,0,1,1,1,1783225392
2026-07-05T04:29:05Z,1005,7,2,15,1,0,1,1,1,1783225396
2026-07-05T04:29:05Z,1006,13,3,6,0,0,1,1,1,1783224171
2026-07-05T04:29:05Z,1007,6,3,15,0,0,1,1,1,1783223951
2026-07-05T04:29:05Z,1008,12,4,10,1,0,1,1,1,1783225717
2026-07-05T04:29:05Z,1009,8,0,22,1,0,1,1,1,1783225320
2026-07-05T04:29:05Z,1010,12,8,15,0,0,1,1,1,1783224381
2026-07-05T04:29:05Z,1011,7,7,12,0,0,1,1,1,1783224105
2026-07-05T04:29:05Z,1012,2,2,18,3,0,1,1,1,1783224063
2026-07-05T04:29:05Z,1013,8,2,13,2,0,1,1,1,1783225226
2026-07-05T04:29:05Z,1014,8,4,15,0,0,1,1,1,1783225296
2026-07-05T04:29:05Z,1015,8,3,23,0,0,1,1,1,1783225090
2026-07-05T04:29:05Z,1016,16,4,15,0,0,1,1,1,1783225608
2026-07-05T04:29:05Z,1017,10,3,10,1,0,1,1,1,1783225324
2026-07-05T04:29:05Z,1018,8,6,12,1,0,1,1,1,1783224333
2026-07-05T04:29:05Z,1019,13,2,2,0,0,1,1,1,1783225722
2026-07-05T04:29:05Z,1020,11,1,10,0,0,1,1,1,1783224775
2026-07-05T04:29:05Z,1021,10,4,5,0,0,1,1,1,1783223955
2026-07-05T04:29:05Z,1022,10,0,17,0,0,1,1,1,1783225654
2026-07-05T04:29:05Z,1023,16,0,7,0,0,1,1,1,1783224103
2026-07-05T04:29:05Z,1024,9,2,10,0,0,1,1,1,1783225633
2026-07-05T04:29:05Z,1025,12,1,6,1,0,1,1,1,1783225267
2026-07-05T04:29:05Z,1026,6,1,22,3,0,1,1,1,1783225486
2026-07-05T04:29:05Z,1028,18,5,5,0,0,1,1,1,1783225709
2026-07-05T04:29:05Z,1029,5,2,6,4,0,1,1,1,1783224695
2026-07-05T04:29:05Z,1030,16,2,6,1,0,1,1,1,1783225724
2026-07-05T04:29:05Z,1031,0,0,19,0,0,1,1,1,1783225016
2026-07-05T04:29:05Z,1032,16,3,3,0,0,1,1,1,1783225420
2026-07-05T04:29:05Z,1033,12,9,6,1,0,1,1,1,1783225032
2026-07-05T04:29:05Z,1034,9,1,5,1,0,1,1,1,1783225584
2026-07-05T04:29:05Z,1035,7,0,12,0,0,1,1,1,1783225250
2026-07-05T04:29:05Z,1036,11,4,4,0,0,1,1,1,1783225115
2026-07-05T04:29:05Z,1037,2,1,16,1,0,1,1,1,1783224070
2026-07-05T04:29:05Z,1038,6,0,9,0,0,1,1,1,1783224641
2026-07-05T04:29:05Z,1039,6,2,13,0,0,1,1,1,1783225371
2026-07-05T04:29:05Z,1040,1,0,18,0,0,1,1,1,1783224385
2026-07-05T04:29:05Z,1041,4,3,15,0,0,1,1,1,1783225520
2026-07-05T04:29:05Z,1042,15,3,0,0,0,1,1,1,1783225492
2026-07-05T04:29:05Z,1043,8,2,10,1,0,1,1,1,1783224361
2026-07-05T04:29:05Z,1044,4,2,9,2,0,1,1,1,1783224989
2026-07-05T04:29:05Z,1045,6,2,12,1,0,1,1,1,1783225382
2026-07-05T04:29:05Z,1046,4,0,7,4,0,1,1,1,1783223948
2026-07-05T04:29:05Z,1047,0,0,21,0,0,1,1,1,1783225383
2026-07-05T04:29:05Z,1048,10,0,9,0,0,1,1,1,1783225291
2026-07-05T04:29:05Z,1049,13,1,7,1,0,1,1,1,1783225633
2026-07-05T04:29:05Z,1050,17,7,4,0,0,1,1,1,1783224628
2026-07-05T04:29:05Z,1051,19,3,2,0,0,1,1,1,1783225179
2026-07-05T04:29:05Z,1052,10,1,10,2,0,1,1,1,1783224237
2026-07-05T04:29:05Z,1053,8,2,7,0,0,1,1,1,1783224292
2026-07-05T04:29:05Z,1054,8,0,6,1,0,1,1,1,1783224306
2026-07-05T04:29:05Z,1055,13,0,6,0,0,1,1,1,1783224462
2026-07-05T04:29:05Z,1057,9,0,9,1,0,1,1,1,1783224101
2026-07-05T04:29:05Z,1058,16,0,39,1,0,1,1,1,1783225543
2026-07-05T04:29:05Z,1059,9,2,10,0,0,1,1,1,1783224326
2026-07-05T04:29:05Z,1060,12,0,25,0,0,1,1,1,1783225722
2026-07-05T04:29:05Z,1061,1,1,36,0,0,1,1,1,1783224017
2026-07-05T04:29:05Z,1062,3,0,13,1,0,1,1,1,1783225608
2026-07-05T04:29:05Z,1063,11,4,7,1,0,1,1,1,1783225528
2026-07-05T04:29:05Z,1064,10,1,12,1,0,1,1,1,1783225392
2026-07-05T04:29:05Z,1065,9,3,13,1,0,1,1,1,1783225604
2026-07-05T04:29:05Z,1066,16,5,7,0,0,1,1,1,1783224318
2026-07-05T04:29:05Z,1067,12,1,10,1,0,1,1,1,1783223997
2026-07-05T04:29:05Z,1068,13,0,10,0,0,1,1,1,1783223970
2026-07-05T04:29:05Z,1069,0,0,23,0,0,1,1,1,1783224291
2026-07-05T04:29:05Z,1070,7,4,15,1,0,1,1,1,1783224920
2026-07-05T04:29:05Z,1071,1,0,22,0,0,1,1,1,1783225071
2026-07-05T04:29:05Z,1072,14,1,8,1,0,1,1,1,1783223946
2026-07-05T04:29:05Z,1073,7,1,18,2,0,1,1,1,1783225019
2026-07-05T04:29:05Z,1074,29,2,20,4,0,1,1,1,1783225684
2026-07-05T04:29:05Z,1075,12,11,9,0,0,1,1,1,1783225444
2026-07-05T04:29:05Z,1076,11,5,10,0,0,1,1,1,1783224322
2026-07-05T04:29:05Z,1077,8,8,13,0,0,1,1,1,1783225579
2026-07-05T04:29:05Z,1078,12,2,9,0,0,1,1,1,1783224950
2026-07-05T04:29:05Z,1079,14,12,7,0,0,1,1,1,1783225604
2026-07-05T04:29:05Z,1080,8,8,13,0,0,1,1,1,1783221802
2026-07-05T04:29:05Z,1081,14,14,5,0,0,1,1,1,1783225515
2026-07-05T04:29:05Z,1082,15,11,8,0,0,1,1,1,1783225504
2026-07-05T04:29:05Z,1083,7,4,13,1,0,1,1,1,1783225353
2026-07-05T04:29:05Z,1084,8,6,13,0,0,1,1,1,1783225383
2026-07-05T04:29:05Z,1085,8,6,13,0,0,1,1,1,1783225600
2026-07-05T04:29:05Z,1086,10,7,11,0,0,1,1,1,1783225505
2026-07-05T04:29:05Z,1087,7,5,8,0,0,1,1,1,1783224779
2026-07-05T04:29:05Z,1088,7,7,8,0,0,1,1,1,1783224471
2026-07-05T04:29:05Z,1089,5,5,10,0,0,1,1,1,1783225450
2026-07-05T04:29:05Z,1090,8,7,7,0,0,1,1,1,1783225584
2026-07-05T04:29:05Z,1091,9,7,6,0,0,1,1,1,1783224210
2026-07-05T04:29:05Z,1092,8,8,7,0,0,1,1,1,1783225302
2026-07-05T04:29:05Z,1093,6,6,9,0,0,1,1,1,1783224932
2026-07-05T04:29:05Z,1094,12,7,7,0,0,1,1,1,1783225046
2026-07-05T04:29:05Z,1095,9,9,6,0,0,1,1,1,1783225426
2026-07-05T04:29:05Z,1096,12,10,7,0,0,1,1,1,1783224775
2026-07-05T04:29:05Z,1097,9,6,6,0,0,1,1,1,1783225430
2026-07-05T04:29:05Z,1098,13,12,5,1,0,1,1,1,1783225027
2026-07-05T04:29:05Z,1099,6,6,9,0,0,1,1,1,1783224855
2026-07-05T04:29:05Z,1100,7,5,20,2,0,1,1,1,1783224587
2026-07-05T04:29:05Z,1101,10,5,11,0,0,1,1,1,1783224171
2026-07-05T04:29:05Z,1102,10,5,3,0,0,1,1,1,1783224032
2026-07-05T04:29:05Z,1103,10,5,11,0,0,1,1,1,1783225431
2026-07-05T04:29:05Z,1104,10,5,11,0,0,1,1,1,1783224160
2026-07-05T04:29:05Z,1105,8,2,3,2,0,1,1,1,1783225581
2026-07-05T04:29:05Z,1106,10,5,11,0,0,1,1,1,1783224620
2026-07-05T04:29:05Z,1107,11,5,4,0,0,1,1,1,1783225709
2026-07-05T04:29:05Z,1108,8,6,17,2,0,1,1,1,1783224925
2026-07-05T04:29:05Z,1109,9,4,6,0,0,1,1,1,1783224217
2026-07-05T04:29:05Z,1110,8,2,13,0,0,1,1,1,1783225687
2026-07-05T04:29:05Z,1111,10,0,10,1,0,1,1,1,1783224670
2026-07-05T04:29:05Z,1112,44,0,8,1,0,1,1,1,1783225154
2026-07-05T04:29:05Z,1113,2,0,19,0,0,1,1,1,1783224362
2026-07-05T04:29:05Z,1115,13,1,10,0,0,1,1,1,1783225395
2026-07-05T04:29:05Z,1116,9,0,10,0,0,1,1,1,1783225081
2026-07-05T04:29:05Z,1117,2,1,20,1,0,1,1,1,1783225522
2026-07-05T04:29:05Z,1118,16,0,5,0,0,1,1,1,1783224612
2026-07-05T04:29:05Z,1119,6,1,11,0,0,1,1,1,1783225109
2026-07-05T04:29:05Z,1120,1,0,15,3,0,1,1,1,1783225491
2026-07-05T04:29:05Z,1121,9,0,11,1,0,1,1,1,1783224714
2026-07-05T04:29:05Z,1122,11,4,9,0,1,1,1,1,1783225241
2026-07-05T04:29:05Z,1123,2,1,20,1,0,1,1,1,1783225286
2026-07-05T04:29:05Z,1124,14,2,0,1,0,1,1,1,1783225472
2026-07-05T04:29:05Z,1125,17,3,6,0,0,1,1,1,1783225466
2026-07-05T04:29:05Z,1126,9,1,10,2,0,1,1,1,1783225492
2026-07-05T04:29:05Z,1127,5,1,12,2,0,1,1,1,1783225586
2026-07-05T04:29:05Z,1128,14,2,1,0,0,1,1,1,1783225409
2026-07-05T04:29:05Z,1129,15,1,5,1,0,1,1,1,1783225245
2026-07-05T04:29:05Z,1130,3,0,10,2,0,1,1,1,1783225538
2026-07-05T04:29:05Z,1131,0,0,48,1,0,1,1,1,1783224986
2026-07-05T04:29:05Z,1132,15,2,5,1,0,1,1,1,1783225124
2026-07-05T04:29:05Z,1133,10,4,10,1,0,1,1,1,1783225287
2026-07-05T04:29:05Z,1134,10,6,9,0,0,1,1,1,1783224229
2026-07-05T04:29:05Z,1135,8,4,13,0,0,1,1,1,1783224441
2026-07-05T04:29:05Z,1136,16,0,5,2,0,1,1,1,1783225727
2026-07-05T04:29:05Z,1137,7,2,8,0,0,1,1,1,1783225134
2026-07-05T04:29:05Z,1138,13,0,6,0,0,1,1,1,1783224696
2026-07-05T04:29:05Z,1139,1,0,20,0,0,1,1,1,1783223577
2026-07-05T04:29:05Z,1140,9,2,10,4,0,1,1,1,1783225420
2026-07-05T04:29:05Z,1141,1,0,19,1,0,1,1,1,1783225512
2026-07-05T04:29:05Z,1142,4,0,17,0,0,1,1,1,1783224465
2026-07-05T04:29:05Z,1143,27,2,1,1,0,1,1,1,1783225732
2026-07-05T04:29:05Z,1144,13,1,7,1,0,1,1,1,1783225174
2026-07-05T04:29:05Z,1145,8,3,10,2,1,1,1,1,1783224950
2026-07-05T04:29:05Z,1146,17,0,1,2,0,1,1,1,1783225670
2026-07-05T04:29:05Z,1147,9,2,10,0,0,1,1,1,1783225145
2026-07-05T04:29:05Z,1148,16,1,15,0,0,1,1,1,1783225653
2026-07-05T04:29:05Z,1149,14,4,11,0,0,1,1,1,1783225421
2026-07-05T04:29:05Z,1150,16,0,3,0,0,1,1,1,1783225668
2026-07-05T04:29:05Z,1151,11,0,9,1,0,1,1,1,1783224121
2026-07-05T04:29:05Z,1152,8,2,18,3,0,1,1,1,1783225283
2026-07-05T04:29:05Z,1153,10,0,12,1,0,1,1,1,1783224489
2026-07-05T04:29:05Z,1154,10,1,6,3,0,1,1,1,1783225680
2026-07-05T04:29:05Z,1155,6,1,13,2,0,1,1,1,1783224344
2026-07-05T04:29:05Z,1158,7,0,12,0,0,1,1,1,1783225225
2026-07-05T04:29:05Z,1159,6,2,13,0,0,1,1,1,1783224315
2026-07-05T04:29:05Z,1160,10,3,8,1,0,1,1,1,1783225217
2026-07-05T04:29:05Z,1161,5,2,14,0,0,1,1,1,1783225636
2026-07-05T04:29:05Z,1162,12,6,7,0,0,1,1,1,1783225090
2026-07-05T04:29:05Z,1163,2,0,16,1,0,1,1,1,1783225005
2026-07-05T04:29:05Z,1164,9,2,9,1,0,1,1,1,1783225404
2026-07-05T04:29:05Z,1165,2,1,18,1,0,1,1,1,1783224816
2026-07-05T04:29:05Z,1166,6,0,15,0,0,1,1,1,1783225183
2026-07-05T04:29:05Z,1167,12,2,3,0,0,1,1,1,1783225673
2026-07-05T04:29:05Z,1168,5,1,18,0,0,1,1,1,1783225370
2026-07-05T04:29:05Z,1169,0,0,18,1,0,1,1,1,1783224733
2026-07-05T04:29:05Z,1170,0,0,21,0,0,1,1,1,1783224112
2026-07-05T04:29:05Z,1171,10,9,12,1,0,1,1,1,1783224795
2026-07-05T04:29:05Z,1172,10,3,5,0,0,1,1,1,1783225690
2026-07-05T04:29:05Z,1173,0,0,19,0,0,1,1,1,1783224181
2026-07-05T04:29:05Z,1174,1,0,14,0,0,1,1,1,1783225515
2026-07-05T04:29:05Z,1175,1,0,17,1,0,1,1,1,1783225130
2026-07-05T04:29:05Z,1176,18,4,3,0,0,1,1,1,1783217041
2026-07-05T04:29:05Z,1177,11,4,10,0,0,1,1,1,1783225198
2026-07-05T04:29:05Z,1178,7,3,7,1,0,1,1,1,1783224297
2026-07-05T04:29:05Z,1181,4,0,11,0,0,1,1,1,1783225286
2026-07-05T04:29:05Z,1182,1,0,18,1,0,1,1,1,1783225570
2026-07-05T04:29:05Z,1183,0,0,36,1,0,1,1,1,1783224829
2026-07-05T04:29:05Z,1184,2,2,16,3,0,1,1,1,1783225069
2026-07-05T04:29:05Z,1185,10,5,11,0,0,1,1,1,1783224197
2026-07-05T04:29:05Z,1186,10,5,9,0,0,1,1,1,1783225516
2026-07-05T04:29:05Z,1190,7,4,14,0,0,1,1,1,1783224551
2026-07-05T04:29:05Z,1192,9,5,12,0,0,1,1,1,1783224567
2026-07-05T04:29:05Z,1193,5,1,7,1,0,1,1,1,1783224290
2026-07-05T04:29:05Z,1197,8,2,7,2,0,1,1,1,1783225426
2026-07-05T04:29:05Z,1198,13,8,7,1,0,1,1,1,1783224038
2026-07-05T04:29:05Z,1199,6,5,13,0,0,1,1,1,1783225223
2026-07-05T04:29:05Z,1200,11,5,3,1,0,1,1,1,1783225512
2026-07-05T04:29:05Z,1201,4,0,11,0,0,1,1,1,1783224651
2026-07-05T04:29:05Z,1202,13,6,2,0,0,1,1,1,1783224338
2026-07-05T04:29:05Z,1203,11,6,4,0,0,1,1,1,1783224665
2026-07-05T04:29:05Z,1218,11,5,10,0,0,1,1,1,1783224276
2026-07-05T04:29:05Z,1224,0,0,3,0,0,0,1,1,1781869449
2026-07-05T04:29:05Z,1225,0,0,3,0,0,0,1,1,1781868919
2026-07-05T04:29:05Z,1226,0,0,3,0,0,0,1,1,1781868931
2026-07-05T04:34:05Z,1,4,0,19,0,0,1,1,1,1783225143
2026-07-05T04:34:05Z,2,21,3,6,0,0,1,1,1,1783225439
2026-07-05T04:34:05Z,3,3,0,15,1,0,1,1,1,1783225865
2026-07-05T04:34:05Z,4,14,0,9,0,0,1,1,1,1783225746
2026-07-05T04:34:05Z,5,10,7,12,1,0,1,1,1,1783226006
2026-07-05T04:34:05Z,6,11,0,4,0,0,1,1,1,1783225641
2026-07-05T04:34:05Z,7,1,0,22,0,0,1,1,1,1783225587
2026-07-05T04:34:05Z,8,15,0,28,0,0,1,1,1,1783225930
2026-07-05T04:34:05Z,9,11,0,9,3,0,1,1,1,1783225858
2026-07-05T04:34:05Z,10,9,2,14,0,0,1,1,1,1783221209
2026-07-05T04:34:05Z,11,6,0,13,0,0,1,1,1,1783226010
2026-07-05T04:34:05Z,12,0,0,23,0,0,1,1,1,1783224318
2026-07-05T04:34:05Z,13,14,0,15,1,0,1,1,1,1783225779
2026-07-05T04:34:05Z,14,20,0,23,0,0,1,1,1,1783225515
2026-07-05T04:34:05Z,15,0,0,14,1,0,1,1,1,1783224803
2026-07-05T04:34:05Z,16,14,0,12,1,0,1,1,1,1783219189
2026-07-05T04:34:05Z,17,8,0,18,1,0,1,1,1,1783225062
2026-07-05T04:34:05Z,18,10,1,8,1,0,1,1,1,1783225445
2026-07-05T04:34:05Z,19,0,0,26,1,0,1,1,1,1783224775
2026-07-05T04:34:05Z,20,11,0,16,0,0,1,1,1,1783226006
2026-07-05T04:34:05Z,21,18,1,1,0,0,1,1,1,1783225733
2026-07-05T04:34:05Z,22,53,0,13,1,0,1,1,1,1783225934
2026-07-05T04:34:05Z,23,28,3,3,0,0,1,1,1,1783225785
2026-07-05T04:34:05Z,24,0,0,10,1,0,1,1,1,1783226027
2026-07-05T04:34:05Z,25,2,0,76,2,1,1,1,1,1783225971
2026-07-05T04:34:05Z,26,9,0,18,0,0,1,1,1,1783225525
2026-07-05T04:34:05Z,28,12,1,3,0,0,1,1,1,1783224267
2026-07-05T04:34:05Z,30,21,0,5,1,0,1,1,1,1783225954
2026-07-05T04:34:05Z,31,0,0,19,0,0,1,1,1,1783223897
2026-07-05T04:34:05Z,32,12,0,15,0,0,1,1,1,1783225141
2026-07-05T04:34:05Z,34,14,0,22,1,0,1,1,1,1783225530
2026-07-05T04:34:05Z,35,37,0,9,1,0,1,1,1,1783225975
2026-07-05T04:34:05Z,36,0,0,0,0,0,0,1,1,86400
2026-07-05T04:34:05Z,37,0,0,23,0,0,1,1,1,1783224814
2026-07-05T04:34:05Z,38,13,0,10,0,0,1,1,1,1783225963
2026-07-05T04:34:05Z,39,30,0,1,0,0,1,1,1,1783225693
2026-07-05T04:34:05Z,40,9,1,12,0,0,1,1,1,1783225735
2026-07-05T04:34:05Z,41,1,0,25,1,0,1,1,1,1783225607
2026-07-05T04:34:05Z,42,11,1,20,0,0,1,1,1,1783225196
2026-07-05T04:34:05Z,43,0,0,0,21,2,1,1,1,1783226006
2026-07-05T04:34:05Z,45,1,0,30,0,0,1,1,1,1783225102
2026-07-05T04:34:05Z,46,16,0,12,3,0,1,1,1,1783224130
2026-07-05T04:34:05Z,47,3,0,11,1,0,1,1,1,1783225599
2026-07-05T04:34:05Z,48,12,0,15,0,0,1,1,1,1783225389
2026-07-05T04:34:05Z,49,4,0,15,4,0,1,1,1,1783226028
2026-07-05T04:34:05Z,50,9,4,9,1,0,1,1,1,1783225596
2026-07-05T04:34:05Z,51,29,1,47,2,0,1,1,1,1783224202
2026-07-05T04:34:05Z,52,1,0,24,2,0,1,1,1,1783225202
2026-07-05T04:34:05Z,55,4,0,18,1,0,1,1,1,1783225966
2026-07-05T04:34:05Z,56,0,0,26,1,0,1,1,1,1783224577
2026-07-05T04:34:05Z,57,0,0,26,1,0,1,1,1,1783225556
2026-07-05T04:34:05Z,58,8,2,20,0,0,1,1,1,1783225623
2026-07-05T04:34:05Z,59,3,2,22,2,0,1,1,1,1783224586
2026-07-05T04:34:05Z,61,1,1,37,1,0,1,1,1,1783224302
2026-07-05T04:34:05Z,62,14,3,35,1,0,1,1,1,1783225957
2026-07-05T04:34:05Z,63,14,4,5,0,0,1,1,1,1783225776
2026-07-05T04:34:05Z,64,3,0,13,3,0,1,1,1,1783221052
2026-07-05T04:34:05Z,65,12,4,6,1,0,1,1,1,1783224708
2026-07-05T04:34:05Z,67,10,1,29,0,0,1,1,1,1783225943
2026-07-05T04:34:05Z,68,0,0,36,1,0,1,1,1,1783224892
2026-07-05T04:34:05Z,69,14,2,1,0,0,1,1,1,1783223356
2026-07-05T04:34:05Z,71,2,1,23,2,0,1,1,1,1783225834
2026-07-05T04:34:05Z,72,26,5,4,1,0,1,1,1,1783225518
2026-07-05T04:34:05Z,73,2,0,21,0,0,1,1,1,1783225798
2026-07-05T04:34:05Z,74,6,0,13,0,0,1,1,1,1783224373
2026-07-05T04:34:05Z,75,3,0,32,0,0,1,1,1,1783225931
2026-07-05T04:34:05Z,76,17,1,1,1,0,1,1,1,1783224697
2026-07-05T04:34:05Z,77,14,1,12,1,0,1,1,1,1783225849
2026-07-05T04:34:05Z,78,6,5,17,0,0,1,1,1,1783225332
2026-07-05T04:34:05Z,79,5,4,12,0,0,1,1,1,1783225624
2026-07-05T04:34:05Z,80,15,1,6,0,2,1,1,1,1783225902
2026-07-05T04:34:05Z,81,4,2,27,0,0,1,1,1,1783226010
2026-07-05T04:34:05Z,82,0,0,23,0,0,1,1,1,1783224446
2026-07-05T04:34:05Z,83,6,2,26,2,0,1,1,1,1783226025
2026-07-05T04:34:05Z,84,26,1,0,1,0,1,1,1,1783222293
2026-07-05T04:34:05Z,85,6,1,8,0,0,1,1,1,1783224303
2026-07-05T04:34:05Z,86,23,0,3,1,0,1,1,1,1783225879
2026-07-05T04:34:05Z,87,4,0,15,0,0,1,1,1,1783222587
2026-07-05T04:34:05Z,88,2,0,29,0,0,1,1,1,1783225920
2026-07-05T04:34:05Z,89,17,0,18,0,0,1,1,1,1783225860
2026-07-05T04:34:05Z,90,4,0,15,0,0,1,1,1,1783225456
2026-07-05T04:34:05Z,91,17,1,0,0,0,1,1,1,1783225355
2026-07-05T04:34:05Z,92,7,0,10,2,0,1,1,1,1783226006
2026-07-05T04:34:05Z,93,14,1,9,0,0,1,1,1,1783225994
2026-07-05T04:34:05Z,94,18,1,1,0,0,1,1,1,1783225146
2026-07-05T04:34:05Z,95,31,6,3,1,0,1,1,1,1783225992
2026-07-05T04:34:05Z,96,30,5,0,1,0,1,1,1,1783224023
2026-07-05T04:34:05Z,97,6,1,9,1,0,1,1,1,1783225976
2026-07-05T04:34:05Z,98,11,6,23,1,0,1,1,1,1783226033
2026-07-05T04:34:05Z,99,14,0,0,0,0,1,1,1,1783223772
2026-07-05T04:34:05Z,100,19,0,7,1,0,1,1,1,1783225532
2026-07-05T04:34:05Z,101,8,0,6,1,0,1,1,1,1783225690
2026-07-05T04:34:05Z,102,15,1,8,0,0,1,1,1,1783225845
2026-07-05T04:34:05Z,103,17,1,12,3,0,1,1,1,1783225655
2026-07-05T04:34:05Z,104,4,0,21,2,0,1,1,1,1783225977
2026-07-05T04:34:05Z,105,12,0,5,2,0,1,1,1,1783221518
2026-07-05T04:34:05Z,106,0,0,21,0,0,1,1,1,1783222328
2026-07-05T04:34:05Z,107,32,1,3,2,0,1,1,1,1783225812
2026-07-05T04:34:05Z,108,10,2,23,1,1,1,1,1,1783226033
2026-07-05T04:34:05Z,109,19,1,4,0,0,1,1,1,1783225950
2026-07-05T04:34:05Z,110,7,1,16,0,0,1,1,1,1783226019
2026-07-05T04:34:05Z,111,0,0,35,1,0,1,1,1,1783225870
2026-07-05T04:34:05Z,112,9,0,8,2,0,1,1,1,1783225766
2026-07-05T04:34:05Z,113,6,0,11,2,0,1,1,1,1783225772
2026-07-05T04:34:05Z,114,15,7,13,3,0,1,1,1,1783225775
2026-07-05T04:34:05Z,115,7,1,17,2,0,1,1,1,1783225479
2026-07-05T04:34:05Z,116,9,1,18,0,0,1,1,1,1783226028
2026-07-05T04:34:05Z,118,9,3,10,4,0,1,1,1,1783225621
2026-07-05T04:34:05Z,119,35,11,1,2,0,1,1,1,1783225028
2026-07-05T04:34:05Z,120,23,2,2,2,0,1,1,1,1783225816
2026-07-05T04:34:05Z,121,4,0,15,0,0,1,1,1,1783225117
2026-07-05T04:34:05Z,122,1,0,20,0,0,1,1,1,1783225893
2026-07-05T04:34:05Z,123,34,0,13,0,0,1,1,1,1783221766
2026-07-05T04:34:05Z,124,18,4,9,0,0,1,1,1,1783225599
2026-07-05T04:34:05Z,125,6,3,17,0,0,1,1,1,1783225964
2026-07-05T04:34:05Z,126,12,2,19,0,0,1,1,1,1783224217
2026-07-05T04:34:05Z,127,0,0,30,0,1,0,1,1,1783001724
2026-07-05T04:34:05Z,128,11,4,7,1,0,1,1,1,1783225762
2026-07-05T04:34:05Z,129,16,1,2,1,0,1,1,1,1783225604
2026-07-05T04:34:05Z,130,15,0,2,0,0,1,1,1,1783225257
2026-07-05T04:34:05Z,131,1,0,8,2,0,1,1,1,1783222962
2026-07-05T04:34:05Z,132,2,0,12,0,1,1,1,1,1783225338
2026-07-05T04:34:05Z,133,7,1,16,0,0,1,1,1,1783225508
2026-07-05T04:34:05Z,134,4,1,18,1,0,1,1,1,1783226026
2026-07-05T04:34:05Z,135,12,1,5,2,0,1,1,1,1783225803
2026-07-05T04:34:05Z,136,18,0,4,0,0,1,1,1,1783225263
2026-07-05T04:34:05Z,137,0,0,19,0,0,1,1,1,1783225111
2026-07-05T04:34:05Z,138,21,2,16,0,0,1,1,1,1783225673
2026-07-05T04:34:05Z,139,12,3,5,2,0,1,1,1,1783225797
2026-07-05T04:34:05Z,140,15,3,7,1,0,1,1,1,1783225891
2026-07-05T04:34:05Z,141,9,0,14,2,0,1,1,1,1783225469
2026-07-05T04:34:05Z,142,0,0,19,0,0,0,1,1,1782498468
2026-07-05T04:34:05Z,143,22,1,8,1,0,1,1,1,1783225843
2026-07-05T04:34:05Z,144,20,1,7,0,0,1,1,1,1783225363
2026-07-05T04:34:05Z,145,25,0,5,1,0,1,1,1,1783225907
2026-07-05T04:34:05Z,146,16,1,7,0,0,1,1,1,1783225844
2026-07-05T04:34:05Z,147,2,1,15,2,0,1,1,1,1783225564
2026-07-05T04:34:05Z,148,9,0,17,1,0,1,1,1,1783225634
2026-07-05T04:34:05Z,149,12,3,7,0,0,1,1,1,1783225986
2026-07-05T04:34:05Z,150,14,4,19,2,0,1,1,1,1783226003
2026-07-05T04:34:05Z,151,16,2,7,0,0,1,1,1,1783225722
2026-07-05T04:34:05Z,152,16,0,10,0,0,1,1,1,1783226032
2026-07-05T04:34:05Z,153,19,1,0,4,0,1,1,1,1783225794
2026-07-05T04:34:05Z,154,8,3,13,2,0,1,1,1,1783225768
2026-07-05T04:34:05Z,155,4,3,8,2,0,1,1,1,1783224464
2026-07-05T04:34:05Z,156,8,1,9,2,0,1,1,1,1783226017
2026-07-05T04:34:05Z,157,6,0,15,0,0,1,1,1,1783225994
2026-07-05T04:34:05Z,158,1,1,16,2,0,1,1,1,1783224956
2026-07-05T04:34:05Z,159,16,8,2,1,0,1,1,1,1783225859
2026-07-05T04:34:05Z,160,7,1,10,2,0,1,1,1,1783225933
2026-07-05T04:34:05Z,161,7,1,15,1,0,1,1,1,1783226030
2026-07-05T04:34:05Z,162,14,6,12,1,0,1,1,1,1783225793
2026-07-05T04:34:05Z,163,12,2,19,0,0,1,1,1,1783225638
2026-07-05T04:34:05Z,164,14,3,13,0,0,1,1,1,1783224266
2026-07-05T04:34:05Z,165,3,2,24,3,0,1,1,1,1783225596
2026-07-05T04:34:05Z,166,10,3,26,2,0,1,1,1,1783225638
2026-07-05T04:34:05Z,167,19,13,3,1,0,1,1,1,1783225944
2026-07-05T04:34:05Z,168,10,0,15,1,1,1,1,1,1783225937
2026-07-05T04:34:05Z,169,0,0,23,0,0,1,1,1,1783222579
2026-07-05T04:34:05Z,170,2,0,15,2,0,1,1,1,1783225945
2026-07-05T04:34:05Z,171,9,4,3,1,0,1,1,1,1783225994
2026-07-05T04:34:05Z,173,3,0,32,2,0,1,1,1,1783225685
2026-07-05T04:34:05Z,174,22,0,3,0,0,1,1,1,1783225972
2026-07-05T04:34:05Z,175,14,2,17,0,0,1,1,1,1783225681
2026-07-05T04:34:05Z,176,1,1,11,2,1,1,1,1,1783226018
2026-07-05T04:34:05Z,177,14,0,12,1,0,1,1,1,1783225886
2026-07-05T04:34:05Z,178,9,0,4,2,0,1,1,1,1783225572
2026-07-05T04:34:05Z,179,12,2,0,3,0,1,1,1,1783226024
2026-07-05T04:34:05Z,180,21,0,8,1,0,1,1,1,1783222721
2026-07-05T04:34:05Z,181,8,5,1,4,1,1,1,1,1783226030
2026-07-05T04:34:05Z,182,13,1,6,0,0,1,1,1,1783225442
2026-07-05T04:34:05Z,183,8,3,15,0,0,1,1,1,1783225369
2026-07-05T04:34:05Z,184,4,1,18,1,0,1,1,1,1783225953
2026-07-05T04:34:05Z,185,2,1,10,2,1,1,1,1,1783225198
2026-07-05T04:34:05Z,186,8,3,11,0,0,1,1,1,1783225949
2026-07-05T04:34:05Z,187,27,0,1,1,0,1,1,1,1783226009
2026-07-05T04:34:05Z,188,20,1,1,2,4,1,1,1,1783226029
2026-07-05T04:34:05Z,189,7,3,8,0,0,1,1,1,1783224487
2026-07-05T04:34:05Z,190,1,0,22,0,0,1,1,1,1783225681
2026-07-05T04:34:05Z,191,5,1,32,2,0,1,1,1,1783225903
2026-07-05T04:34:05Z,192,8,2,23,0,0,1,1,1,1783226031
2026-07-05T04:34:05Z,193,8,4,6,1,0,1,1,1,1783225961
2026-07-05T04:34:05Z,194,3,0,12,0,0,1,1,1,1783224853
2026-07-05T04:34:05Z,195,1,1,18,0,0,1,1,1,1783225365
2026-07-05T04:34:05Z,196,14,2,13,0,0,1,1,1,1783224958
2026-07-05T04:34:05Z,197,7,2,11,0,1,1,1,1,1783225261
2026-07-05T04:34:05Z,198,3,1,20,0,0,1,1,1,1783224807
2026-07-05T04:34:05Z,199,2,0,11,2,0,1,1,1,1783225846
2026-07-05T04:34:05Z,200,3,0,23,0,0,1,1,1,1783224706
2026-07-05T04:34:05Z,201,15,1,8,0,0,1,1,1,1783222677
2026-07-05T04:34:05Z,202,0,0,21,0,0,0,1,1,1783093344
2026-07-05T04:34:05Z,203,18,0,13,0,0,1,1,1,1783223363
2026-07-05T04:34:05Z,204,22,2,12,1,0,1,1,1,1783225972
2026-07-05T04:34:05Z,205,18,1,9,0,0,1,1,1,1783225622
2026-07-05T04:34:05Z,206,1,0,13,1,0,1,1,1,1783224967
2026-07-05T04:34:05Z,207,10,0,10,1,0,1,1,1,1783225916
2026-07-05T04:34:05Z,208,2,2,27,0,0,1,1,1,1783225788
2026-07-05T04:34:05Z,209,9,0,21,1,0,1,1,1,1783225712
2026-07-05T04:34:05Z,210,8,7,19,0,0,1,1,1,1783226007
2026-07-05T04:34:05Z,211,6,3,17,0,0,1,1,1,1783225918
2026-07-05T04:34:05Z,212,14,0,21,0,0,1,1,1,1783225864
2026-07-05T04:34:05Z,213,20,2,2,1,0,1,1,1,1783225905
2026-07-05T04:34:05Z,214,19,5,25,3,0,1,1,1,1783225556
2026-07-05T04:34:05Z,215,1,0,22,0,0,1,1,1,1783225823
2026-07-05T04:34:05Z,216,17,0,0,2,0,1,1,1,1783226032
2026-07-05T04:34:05Z,217,17,0,10,2,0,1,1,1,1783225600
2026-07-05T04:34:05Z,218,12,8,21,6,0,1,1,1,1783226025
2026-07-05T04:34:05Z,219,0,0,26,0,0,0,1,1,1783102715
2026-07-05T04:34:05Z,220,20,19,23,0,0,1,1,1,1783225566
2026-07-05T04:34:05Z,221,13,9,0,1,0,1,1,1,1783226019
2026-07-05T04:34:05Z,222,2,2,17,0,0,1,1,1,1783224839
2026-07-05T04:34:05Z,223,10,5,21,4,0,1,1,1,1783225787
2026-07-05T04:34:05Z,224,18,2,4,0,0,1,1,1,1783225787
2026-07-05T04:34:05Z,225,7,1,8,4,0,1,1,1,1783218949
2026-07-05T04:34:05Z,226,7,6,23,1,0,1,1,1,1783225963
2026-07-05T04:34:05Z,227,5,5,22,0,0,1,1,1,1783225641
2026-07-05T04:34:05Z,228,14,5,4,1,0,1,1,1,1783225945
2026-07-05T04:34:05Z,230,5,1,18,0,0,1,1,1,1783225241
2026-07-05T04:34:05Z,232,5,1,12,2,0,1,1,1,1783225329
2026-07-05T04:34:05Z,233,25,5,5,1,0,1,1,1,1783225937
2026-07-05T04:34:05Z,234,14,2,0,4,1,1,1,1,1783225096
2026-07-05T04:34:05Z,236,17,7,0,2,0,1,1,1,1783223826
2026-07-05T04:34:05Z,237,12,2,11,0,0,1,1,1,1783225834
2026-07-05T04:34:05Z,239,0,0,27,0,0,1,1,1,1783225093
2026-07-05T04:34:05Z,241,8,4,14,1,0,1,1,1,1783226033
2026-07-05T04:34:05Z,242,2,1,21,0,0,1,1,1,1783225500
2026-07-05T04:34:05Z,243,15,2,15,1,0,1,1,1,1783225917
2026-07-05T04:34:05Z,244,18,8,9,0,0,1,1,1,1783226012
2026-07-05T04:34:05Z,245,7,0,16,0,0,1,1,1,1783225066
2026-07-05T04:34:05Z,246,3,1,20,0,0,1,1,1,1783224745
2026-07-05T04:34:05Z,247,6,4,17,0,0,1,1,1,1783223455
2026-07-05T04:34:05Z,248,1,0,18,4,0,1,1,1,1783225552
2026-07-05T04:34:05Z,249,1,1,15,3,0,1,1,1,1783225589
2026-07-05T04:34:05Z,250,4,2,23,0,0,1,1,1,1783225962
2026-07-05T04:34:05Z,251,3,1,21,3,0,1,1,1,1783225855
2026-07-05T04:34:05Z,253,3,0,16,0,0,1,1,1,1783225870
2026-07-05T04:34:05Z,254,25,1,15,3,0,1,1,1,1783226031
2026-07-05T04:34:05Z,255,14,0,9,0,0,1,1,1,1783225325
2026-07-05T04:34:05Z,256,9,3,14,0,0,1,1,1,1783225067
2026-07-05T04:34:05Z,257,14,3,4,1,0,1,1,1,1783225991
2026-07-05T04:34:05Z,258,3,1,14,2,0,1,1,1,1783225266
2026-07-05T04:34:05Z,259,17,2,5,1,0,1,1,1,1783225846
2026-07-05T04:34:05Z,260,7,2,12,0,0,1,1,1,1783225686
2026-07-05T04:34:05Z,261,17,2,0,2,0,1,1,1,1783222498
2026-07-05T04:34:05Z,262,9,4,13,1,0,1,1,1,1783225861
2026-07-05T04:34:05Z,263,6,2,9,0,0,1,1,1,1783225981
2026-07-05T04:34:05Z,264,14,10,4,1,0,1,1,1,1783225873
2026-07-05T04:34:05Z,265,14,0,1,0,0,1,1,1,1783224943
2026-07-05T04:34:05Z,266,9,0,9,1,0,1,1,1,1783224578
2026-07-05T04:34:05Z,267,4,0,11,0,0,1,1,1,1783205904
2026-07-05T04:34:05Z,268,1,0,19,3,0,1,1,1,1783224370
2026-07-05T04:34:05Z,269,3,0,20,0,0,1,1,1,1783222107
2026-07-05T04:34:05Z,270,3,0,24,0,0,1,1,1,1783226014
2026-07-05T04:34:05Z,271,0,0,16,3,0,1,1,1,1783225758
2026-07-05T04:34:05Z,272,21,4,2,0,0,1,1,1,1783223828
2026-07-05T04:34:05Z,273,9,8,6,0,0,1,1,1,1783225425
2026-07-05T04:34:05Z,274,6,3,12,1,0,1,1,1,1783224444
2026-07-05T04:34:05Z,275,18,1,4,1,0,1,1,1,1783224934
2026-07-05T04:34:05Z,276,5,3,21,0,1,1,1,1,1783225598
2026-07-05T04:34:05Z,277,1,0,20,2,0,1,1,1,1783225658
2026-07-05T04:34:05Z,278,7,5,22,1,1,1,1,1,1783225851
2026-07-05T04:34:05Z,279,0,0,19,0,0,1,1,1,1783225018
2026-07-05T04:34:05Z,280,13,1,14,4,0,1,1,1,1783225941
2026-07-05T04:34:05Z,281,0,0,23,0,0,1,1,1,1783225943
2026-07-05T04:34:05Z,282,11,0,5,0,0,1,1,1,1783223608
2026-07-05T04:34:05Z,283,19,1,14,2,0,1,1,1,1783225844
2026-07-05T04:34:05Z,284,5,5,29,1,0,1,1,1,1783225843
2026-07-05T04:34:05Z,285,1,0,22,0,0,1,1,1,1783224730
2026-07-05T04:34:05Z,286,5,2,17,1,0,1,1,1,1783223406
2026-07-05T04:34:05Z,287,13,9,7,3,0,1,1,1,1783225644
2026-07-05T04:34:05Z,288,5,2,12,2,0,1,1,1,1783225191
2026-07-05T04:34:05Z,289,20,0,6,1,0,1,1,1,1783226030
2026-07-05T04:34:05Z,290,4,0,33,2,0,1,1,1,1783225990
2026-07-05T04:34:05Z,291,8,0,15,0,0,1,1,1,1783225681
2026-07-05T04:34:05Z,292,2,0,21,0,0,1,1,1,1783224123
2026-07-05T04:34:05Z,293,4,1,18,1,0,1,1,1,1783226020
2026-07-05T04:34:05Z,294,7,2,14,1,0,1,1,1,1783225718
2026-07-05T04:34:05Z,297,5,0,13,1,0,1,1,1,1783225867
2026-07-05T04:34:05Z,301,8,0,10,1,0,1,1,1,1783225479
2026-07-05T04:34:05Z,302,0,0,22,1,0,1,1,1,1783224442
2026-07-05T04:34:05Z,303,10,1,8,1,0,1,1,1,1783225639
2026-07-05T04:34:05Z,304,0,0,0,0,0,0,1,1,86400
2026-07-05T04:34:05Z,305,1,1,18,0,0,1,1,1,1783220958
2026-07-05T04:34:05Z,306,3,2,27,2,0,1,1,1,1783225548
2026-07-05T04:34:05Z,307,1,1,20,2,0,1,1,1,1783225473
2026-07-05T04:34:05Z,308,16,1,1,2,0,1,1,1,1783225870
2026-07-05T04:34:05Z,309,3,3,0,6,0,1,1,1,1783226031
2026-07-05T04:34:05Z,311,11,1,4,0,0,1,1,1,1783224507
2026-07-05T04:34:05Z,312,7,1,11,4,1,1,1,1,1783225480
2026-07-05T04:34:05Z,313,15,0,0,0,0,1,1,1,1783222784
2026-07-05T04:34:05Z,314,8,2,9,2,0,1,1,1,1783225830
2026-07-05T04:34:05Z,315,0,0,31,0,0,0,1,1,1783017696
2026-07-05T04:34:05Z,316,9,1,4,2,0,1,1,1,1783225407
2026-07-05T04:34:05Z,317,3,3,23,5,0,1,1,1,1783225155
2026-07-05T04:34:05Z,318,12,1,5,0,0,1,1,1,1783223689
2026-07-05T04:34:05Z,319,15,1,11,1,0,1,1,1,1783225609
2026-07-05T04:34:05Z,320,11,0,7,1,0,1,1,1,1783225859
2026-07-05T04:34:05Z,321,17,2,0,2,0,1,1,1,1783220081
2026-07-05T04:34:05Z,322,9,2,20,0,0,1,1,1,1783225762
2026-07-05T04:34:05Z,323,9,0,10,0,0,1,1,1,1783225365
2026-07-05T04:34:05Z,324,21,5,5,1,0,1,1,1,1783225368
2026-07-05T04:34:05Z,325,4,0,21,2,0,1,1,1,1783226014
2026-07-05T04:34:05Z,327,12,3,12,1,2,1,1,1,1783225829
2026-07-05T04:34:05Z,328,8,1,14,0,1,1,1,1,1783225926
2026-07-05T04:34:05Z,329,11,0,8,0,0,1,1,1,1783223995
2026-07-05T04:34:05Z,330,3,1,19,0,0,1,1,1,1783225787
2026-07-05T04:34:05Z,331,16,0,7,0,0,1,1,1,1783225935
2026-07-05T04:34:05Z,332,4,1,15,0,0,1,1,1,1783223850
2026-07-05T04:34:05Z,333,5,3,18,0,0,1,1,1,1783225423
2026-07-05T04:34:05Z,334,5,3,18,0,0,1,1,1,1783225487
2026-07-05T04:34:05Z,335,1,0,20,1,1,1,1,1,1783225840
2026-07-05T04:34:05Z,336,5,2,14,0,0,1,1,1,1783225034
2026-07-05T04:34:05Z,337,13,4,7,3,0,1,1,1,1783225811
2026-07-05T04:34:05Z,338,11,3,8,0,0,1,1,1,1783225540
2026-07-05T04:34:05Z,339,1,0,21,1,0,1,1,1,1783226003
2026-07-05T04:34:05Z,340,10,6,4,1,0,1,1,1,1783225965
2026-07-05T04:34:05Z,341,5,5,13,1,0,1,1,1,1783224847
2026-07-05T04:34:05Z,342,14,4,0,1,0,1,1,1,1783225840
2026-07-05T04:34:05Z,343,10,6,13,0,0,1,1,1,1783225323
2026-07-05T04:34:05Z,344,5,1,17,1,0,1,1,1,1783225459
2026-07-05T04:34:05Z,345,17,1,2,0,0,1,1,1,1783225815
2026-07-05T04:34:05Z,346,22,1,1,0,0,1,1,1,1783223472
2026-07-05T04:34:05Z,347,9,3,38,0,0,1,1,1,1783226010
2026-07-05T04:34:05Z,348,23,2,0,0,0,1,1,1,1783225954
2026-07-05T04:34:05Z,349,4,2,13,2,0,1,1,1,1783225916
2026-07-05T04:34:05Z,350,16,2,10,0,1,1,1,1,1783225527
2026-07-05T04:34:05Z,351,3,0,18,1,1,1,1,1,1783225891
2026-07-05T04:34:05Z,355,5,1,17,1,0,1,1,1,1783225702
2026-07-05T04:34:05Z,356,12,0,5,2,0,1,1,1,1783225181
2026-07-05T04:34:05Z,357,11,5,8,0,0,1,1,1,1783225155
2026-07-05T04:34:05Z,359,15,1,10,2,0,1,1,1,1783223503
2026-07-05T04:34:05Z,360,6,1,13,0,0,1,1,1,1783223287
2026-07-05T04:34:05Z,362,12,7,4,3,0,1,1,1,1783225384
2026-07-05T04:34:05Z,363,2,0,25,0,0,1,1,1,1783225115
2026-07-05T04:34:05Z,364,6,2,11,1,1,1,1,1,1783226031
2026-07-05T04:34:05Z,365,19,11,3,1,0,1,1,1,1783225673
2026-07-05T04:34:05Z,366,15,2,6,2,0,1,1,1,1783225728
2026-07-05T04:34:05Z,367,12,3,6,1,0,1,1,1,1783223159
2026-07-05T04:34:05Z,368,21,1,2,0,0,1,1,1,1783225459
2026-07-05T04:34:05Z,370,4,3,11,2,0,1,1,1,1783225473
2026-07-05T04:34:05Z,371,3,0,15,1,0,1,1,1,1783225881
2026-07-05T04:34:05Z,372,15,0,0,0,0,1,1,1,1783225986
2026-07-05T04:34:05Z,373,25,6,1,0,0,1,1,1,1783225236
2026-07-05T04:34:05Z,374,16,1,1,0,0,1,1,1,1783225922
2026-07-05T04:34:05Z,375,12,2,14,1,0,1,1,1,1783225979
2026-07-05T04:34:05Z,376,16,4,23,0,0,1,1,1,1783225350
2026-07-05T04:34:05Z,377,14,3,10,3,0,1,1,1,1783225332
2026-07-05T04:34:05Z,378,16,5,6,2,0,1,1,1,1783225915
2026-07-05T04:34:05Z,379,9,2,18,0,0,1,1,1,1783225923
2026-07-05T04:34:05Z,380,10,2,12,1,0,1,1,1,1783224416
2026-07-05T04:34:05Z,381,8,0,15,0,0,1,1,1,1783226000
2026-07-05T04:34:05Z,383,15,2,0,0,0,1,1,1,1783225926
2026-07-05T04:34:05Z,384,4,1,14,1,0,1,1,1,1783224786
2026-07-05T04:34:05Z,385,10,0,8,0,0,1,1,1,1783225636
2026-07-05T04:34:05Z,387,21,3,2,0,0,1,1,1,1783224387
2026-07-05T04:34:05Z,388,13,0,32,4,0,1,1,1,1783226027
2026-07-05T04:34:05Z,389,2,0,11,2,0,1,1,1,1783225422
2026-07-05T04:34:05Z,390,15,2,12,0,0,1,1,1,1783225324
2026-07-05T04:34:05Z,391,11,8,3,1,0,1,1,1,1783225513
2026-07-05T04:34:05Z,392,7,6,12,0,0,1,1,1,1783220392
2026-07-05T04:34:05Z,393,0,0,9,2,0,1,1,1,1783225387
2026-07-05T04:34:05Z,394,6,2,8,0,1,1,1,1,1783222485
2026-07-05T04:34:05Z,396,0,0,39,3,0,1,1,1,1783225801
2026-07-05T04:34:05Z,397,3,0,27,1,0,1,1,1,1783225773
2026-07-05T04:34:05Z,399,16,0,0,1,0,1,1,1,1783225242
2026-07-05T04:34:05Z,400,5,2,15,3,0,1,1,1,1783225427
2026-07-05T04:34:05Z,401,2,2,29,0,0,1,1,1,1783225817
2026-07-05T04:34:05Z,403,12,5,15,4,0,1,1,1,1783226029
2026-07-05T04:34:05Z,404,3,1,17,3,0,1,1,1,1783225985
2026-07-05T04:34:05Z,406,4,0,27,4,0,1,1,1,1783225169
2026-07-05T04:34:05Z,407,3,0,31,0,0,1,1,1,1783224579
2026-07-05T04:34:05Z,408,8,3,24,1,0,1,1,1,1783223906
2026-07-05T04:34:05Z,409,0,0,22,1,0,1,1,1,1783218138
2026-07-05T04:34:05Z,413,13,3,8,2,0,1,1,1,1783225892
2026-07-05T04:34:05Z,414,10,2,5,0,0,1,1,1,1783225875
2026-07-05T04:34:05Z,417,19,6,0,0,0,1,1,1,1783224946
2026-07-05T04:34:05Z,418,5,2,10,0,0,1,1,1,1783223261
2026-07-05T04:34:05Z,419,20,3,1,2,0,1,1,1,1783224386
2026-07-05T04:34:05Z,421,13,0,6,0,0,1,1,1,1783225510
2026-07-05T04:34:05Z,422,7,3,20,0,0,1,1,1,1783223720
2026-07-05T04:34:05Z,423,11,3,12,0,0,1,1,1,1783225496
2026-07-05T04:34:05Z,424,0,0,14,1,0,1,1,1,1783224202
2026-07-05T04:34:05Z,425,17,0,5,0,0,1,1,1,1783225971
2026-07-05T04:34:05Z,426,1,0,33,3,0,1,1,1,1783225839
2026-07-05T04:34:05Z,427,9,1,5,0,1,1,1,1,1783225349
2026-07-05T04:34:05Z,428,17,0,2,0,0,1,1,1,1783225573
2026-07-05T04:34:05Z,429,20,5,0,3,0,1,1,1,1783225516
2026-07-05T04:34:05Z,430,27,1,1,3,0,1,1,1,1783225421
2026-07-05T04:34:05Z,431,22,1,7,2,2,1,1,1,1783223487
2026-07-05T04:34:05Z,432,2,1,28,1,0,1,1,1,1783226023
2026-07-05T04:34:05Z,433,21,3,0,2,0,1,1,1,1783222855
2026-07-05T04:34:05Z,437,1,1,16,2,0,1,1,1,1783226026
2026-07-05T04:34:05Z,438,6,1,12,1,0,1,1,1,1783216671
2026-07-05T04:34:05Z,439,9,2,6,0,0,1,1,1,1783224240
2026-07-05T04:34:05Z,440,14,0,0,1,0,1,1,1,1783224982
2026-07-05T04:34:05Z,441,1,0,13,1,0,1,1,1,1783225648
2026-07-05T04:34:05Z,442,8,1,10,1,0,1,1,1,1783225838
2026-07-05T04:34:05Z,443,8,0,19,0,0,1,1,1,1783195674
2026-07-05T04:34:05Z,444,9,5,14,0,0,1,1,1,1783219201
2026-07-05T04:34:05Z,445,11,6,11,1,0,1,1,1,1783219197
2026-07-05T04:34:05Z,446,6,0,16,0,1,1,1,1,1783224960
2026-07-05T04:34:05Z,447,5,0,16,2,0,1,1,1,1783214647
2026-07-05T04:34:05Z,448,12,2,0,2,1,1,1,1,1783224276
2026-07-05T04:34:05Z,452,12,3,6,1,0,1,1,1,1783225972
2026-07-05T04:34:05Z,453,4,2,9,2,0,1,1,1,1783224774
2026-07-05T04:34:05Z,454,6,1,11,1,1,1,1,1,1783224489
2026-07-05T04:34:05Z,455,0,0,39,0,0,0,1,1,1782992996
2026-07-05T04:34:05Z,456,13,0,6,4,0,1,1,1,1783226032
2026-07-05T04:34:05Z,457,6,0,20,1,0,1,1,1,1783225665
2026-07-05T04:34:05Z,458,6,0,15,2,0,1,1,1,1783225975
2026-07-05T04:34:05Z,459,15,6,0,0,0,1,1,1,1783224425
2026-07-05T04:34:05Z,460,12,2,11,0,0,1,1,1,1783225665
2026-07-05T04:34:05Z,461,7,0,9,3,0,1,1,1,1783224906
2026-07-05T04:34:05Z,462,12,0,9,0,0,1,1,1,1783225639
2026-07-05T04:34:05Z,463,12,1,6,1,0,1,1,1,1783225202
2026-07-05T04:34:05Z,464,3,0,10,1,0,1,1,1,1783225842
2026-07-05T04:34:05Z,465,2,0,13,0,0,1,1,1,1783223540
2026-07-05T04:34:05Z,466,15,5,0,0,0,1,1,1,1783222933
2026-07-05T04:34:05Z,467,4,1,11,0,0,1,1,1,1783223173
2026-07-05T04:34:05Z,468,2,2,17,0,0,1,1,1,1783215781
2026-07-05T04:34:05Z,469,1,0,20,1,1,1,1,1,1783224018
2026-07-05T04:34:05Z,470,15,1,0,0,0,1,1,1,1783225091
2026-07-05T04:34:05Z,471,16,1,10,1,0,1,1,1,1783224774
2026-07-05T04:34:05Z,472,11,3,6,2,0,1,1,1,1783223130
2026-07-05T04:34:05Z,473,3,2,15,1,0,1,1,1,1783225811
2026-07-05T04:34:05Z,474,13,0,5,1,0,1,1,1,1783223996
2026-07-05T04:34:05Z,475,4,1,15,0,0,1,1,1,1783225363
2026-07-05T04:34:05Z,476,7,3,13,3,0,1,1,1,1783225221
2026-07-05T04:34:05Z,477,12,2,2,1,0,1,1,1,1783225247
2026-07-05T04:34:05Z,478,1,1,26,4,0,1,1,1,1783225069
2026-07-05T04:34:05Z,479,10,0,13,3,1,1,1,1,1783225746
2026-07-05T04:34:05Z,480,13,1,1,1,0,1,1,1,1783225240
2026-07-05T04:34:05Z,481,32,0,3,0,0,1,1,1,1783225564
2026-07-05T04:34:05Z,482,7,5,11,1,0,1,1,1,1783223759
2026-07-05T04:34:05Z,483,16,0,10,0,1,1,1,1,1783225666
2026-07-05T04:34:05Z,484,2,0,17,0,0,1,1,1,1783225810
2026-07-05T04:34:05Z,485,7,3,11,0,1,1,1,1,1783225868
2026-07-05T04:34:05Z,486,15,0,11,1,0,1,1,1,1783225681
2026-07-05T04:34:05Z,487,8,4,9,2,0,1,1,1,1783225850
2026-07-05T04:34:05Z,489,5,2,10,0,0,1,1,1,1783226022
2026-07-05T04:34:05Z,490,10,8,4,2,0,1,1,1,1783225753
2026-07-05T04:34:05Z,491,17,3,2,2,0,1,1,1,1783225130
2026-07-05T04:34:05Z,492,4,3,3,4,0,1,1,1,1783225703
2026-07-05T04:34:05Z,493,5,0,22,0,0,1,1,1,1783223467
2026-07-05T04:34:05Z,495,12,1,1,2,0,1,1,1,1783225966
2026-07-05T04:34:05Z,496,6,0,20,1,0,1,1,1,1783224117
2026-07-05T04:34:05Z,497,17,0,2,0,0,1,1,1,1783224953
2026-07-05T04:34:05Z,498,19,4,4,0,0,1,1,1,1783225322
2026-07-05T04:34:05Z,499,10,1,6,3,0,1,1,1,1783223503
2026-07-05T04:34:05Z,500,9,2,5,1,0,1,1,1,1783225046
2026-07-05T04:34:05Z,501,5,0,13,3,0,1,1,1,1783225927
2026-07-05T04:34:05Z,502,4,0,15,0,0,1,1,1,1783221629
2026-07-05T04:34:05Z,503,19,1,12,0,0,1,1,1,1783226033
2026-07-05T04:34:05Z,504,0,0,39,0,0,1,1,1,1783225150
2026-07-05T04:34:05Z,505,1,0,16,1,0,1,1,1,1783226034
2026-07-05T04:34:05Z,511,8,1,15,0,0,1,1,1,1783224973
2026-07-05T04:34:05Z,512,17,0,2,0,0,1,1,1,1783225866
2026-07-05T04:34:05Z,514,8,3,2,1,0,1,1,1,1783224646
2026-07-05T04:34:05Z,515,12,1,7,0,0,1,1,1,1783225162
2026-07-05T04:34:05Z,516,20,0,6,1,0,1,1,1,1783225321
2026-07-05T04:34:05Z,517,16,7,7,0,0,1,1,1,1783223624
2026-07-05T04:34:05Z,518,7,3,8,0,0,1,1,1,1783225972
2026-07-05T04:34:05Z,519,16,0,3,0,0,1,1,1,1783222896
2026-07-05T04:34:05Z,520,4,1,21,2,0,1,1,1,1783224455
2026-07-05T04:34:05Z,521,8,1,15,0,0,1,1,1,1783225854
2026-07-05T04:34:05Z,522,14,0,9,0,0,1,1,1,1783225778
2026-07-05T04:34:05Z,523,6,1,16,1,0,1,1,1,1783223586
2026-07-05T04:34:05Z,524,12,0,9,2,0,1,1,1,1783225937
2026-07-05T04:34:05Z,525,12,0,7,0,0,1,1,1,1783223595
2026-07-05T04:34:05Z,526,11,4,3,1,0,1,1,1,1783225934
2026-07-05T04:34:05Z,527,3,3,21,2,0,1,1,1,1783225949
2026-07-05T04:34:05Z,528,12,4,10,1,0,1,1,1,1783225817
2026-07-05T04:34:05Z,529,6,1,9,4,0,1,1,1,1783225890
2026-07-05T04:34:05Z,530,10,2,10,1,0,1,1,1,1783225702
2026-07-05T04:34:05Z,531,18,1,4,0,1,1,1,1,1783223876
2026-07-05T04:34:05Z,532,2,1,28,1,0,1,1,1,1783225571
2026-07-05T04:34:05Z,533,10,0,8,1,0,1,1,1,1783225048
2026-07-05T04:34:05Z,534,6,3,15,2,0,1,1,1,1783224798
2026-07-05T04:34:05Z,535,2,0,12,1,0,1,1,1,1783225836
2026-07-05T04:34:05Z,536,21,0,1,1,0,1,1,1,1783225400
2026-07-05T04:34:05Z,537,0,0,20,1,0,1,1,1,1783225599
2026-07-05T04:34:05Z,538,15,4,3,1,0,1,1,1,1783224984
2026-07-05T04:34:05Z,539,11,2,17,3,0,1,1,1,1783225925
2026-07-05T04:34:05Z,540,10,4,9,0,0,1,1,1,1783224803
2026-07-05T04:34:05Z,541,24,1,2,1,0,1,1,1,1783225839
2026-07-05T04:34:05Z,542,5,2,18,0,0,1,1,1,1783224988
2026-07-05T04:34:05Z,543,14,1,2,3,0,1,1,1,1783225980
2026-07-05T04:34:05Z,544,17,4,4,2,0,1,1,1,1783226006
2026-07-05T04:34:05Z,545,18,0,1,0,0,1,1,1,1783225755
2026-07-05T04:34:05Z,546,1,1,18,0,0,1,1,1,1783225820
2026-07-05T04:34:05Z,547,14,1,8,1,0,1,1,1,1783225647
2026-07-05T04:34:05Z,548,0,0,22,1,0,1,1,1,1783226009
2026-07-05T04:34:05Z,549,14,1,7,0,0,1,1,1,1783224958
2026-07-05T04:34:05Z,550,1,1,18,0,0,1,1,1,1783223023
2026-07-05T04:34:05Z,551,20,6,2,1,0,1,1,1,1783225820
2026-07-05T04:34:05Z,552,15,0,12,0,0,1,1,1,1783225849
2026-07-05T04:34:05Z,553,13,3,10,0,0,1,1,1,1783225779
2026-07-05T04:34:05Z,554,3,1,16,0,0,1,1,1,1783223157
2026-07-05T04:34:05Z,555,9,3,5,1,0,1,1,1,1783224763
2026-07-05T04:34:05Z,556,7,2,14,2,0,1,1,1,1783225637
2026-07-05T04:34:05Z,557,0,0,23,0,0,0,1,1,1781719859
2026-07-05T04:34:05Z,558,3,2,33,1,0,1,1,1,1783225914
2026-07-05T04:34:05Z,559,11,0,7,1,0,1,1,1,1783225824
2026-07-05T04:34:05Z,560,4,0,23,0,0,1,1,1,1783225890
2026-07-05T04:34:05Z,561,11,2,11,1,0,1,1,1,1783223362
2026-07-05T04:34:05Z,562,4,2,30,1,0,1,1,1,1783225838
2026-07-05T04:34:05Z,563,13,0,1,0,0,1,1,1,1783218114
2026-07-05T04:34:05Z,564,14,1,4,1,0,1,1,1,1783225822
2026-07-05T04:34:05Z,565,8,1,11,0,0,1,1,1,1783225828
2026-07-05T04:34:05Z,566,4,0,14,1,0,1,1,1,1783224906
2026-07-05T04:34:05Z,567,23,2,3,1,0,1,1,1,1783224622
2026-07-05T04:34:05Z,568,1,0,18,0,0,1,1,1,1783223823
2026-07-05T04:34:05Z,569,15,1,4,0,0,1,1,1,1783225396
2026-07-05T04:34:05Z,570,10,0,9,0,0,1,1,1,1783225232
2026-07-05T04:34:05Z,571,14,2,9,0,0,1,1,1,1783225499
2026-07-05T04:34:05Z,572,12,0,7,0,0,1,1,1,1783225585
2026-07-05T04:34:05Z,573,15,1,0,0,0,1,1,1,1783219057
2026-07-05T04:34:05Z,574,5,4,10,0,0,1,1,1,1783224946
2026-07-05T04:34:05Z,575,17,0,4,0,0,1,1,1,1783225701
2026-07-05T04:34:05Z,576,0,0,19,0,0,1,1,1,1783220503
2026-07-05T04:34:05Z,577,23,1,8,0,0,1,1,1,1783224723
2026-07-05T04:34:05Z,578,3,1,20,0,0,1,1,1,1783223597
2026-07-05T04:34:05Z,579,14,0,29,0,0,1,1,1,1783225957
2026-07-05T04:34:05Z,580,15,1,15,1,0,1,1,1,1783226006
2026-07-05T04:34:05Z,581,5,0,12,2,0,1,1,1,1783225535
2026-07-05T04:34:05Z,582,5,0,53,3,0,1,1,1,1783226021
2026-07-05T04:34:05Z,583,23,0,0,0,0,1,1,1,1783218887
2026-07-05T04:34:05Z,584,3,3,12,4,0,1,1,1,1783225817
2026-07-05T04:34:05Z,585,1,0,25,0,0,1,1,1,1783225959
2026-07-05T04:34:05Z,586,31,0,4,0,0,1,1,1,1783225964
2026-07-05T04:34:05Z,587,20,0,4,1,0,1,1,1,1783225845
2026-07-05T04:34:05Z,588,18,3,1,0,0,1,1,1,1783222777
2026-07-05T04:34:05Z,589,8,6,15,0,0,1,1,1,1783225873
2026-07-05T04:34:05Z,590,6,0,25,0,0,1,1,1,1783225928
2026-07-05T04:34:05Z,591,19,5,1,2,0,1,1,1,1783224868
2026-07-05T04:34:05Z,592,8,1,15,0,0,1,1,1,1783225921
2026-07-05T04:34:05Z,593,30,0,9,0,0,1,1,1,1783225619
2026-07-05T04:34:05Z,594,4,0,16,1,0,1,1,1,1783225640
2026-07-05T04:34:05Z,595,0,0,3,0,0,0,1,1,1779985765
2026-07-05T04:34:05Z,605,0,0,3,0,0,0,1,1,1780413752
2026-07-05T04:34:05Z,606,0,0,0,0,0,0,1,1,86400
2026-07-05T04:34:05Z,607,24,0,9,0,0,1,1,1,1783225998
2026-07-05T04:34:05Z,608,26,1,28,0,0,1,1,1,1783226030
2026-07-05T04:34:05Z,609,5,2,18,0,0,1,1,1,1783226032
2026-07-05T04:34:05Z,610,0,0,35,0,0,1,1,1,1783224299
2026-07-05T04:34:05Z,611,0,0,27,0,0,1,1,1,1783225740
2026-07-05T04:34:05Z,612,4,1,11,0,0,1,1,1,1783213691
2026-07-05T04:34:05Z,613,6,1,9,0,0,1,1,1,1783225169
2026-07-05T04:34:05Z,614,1,0,24,1,1,1,1,1,1783225336
2026-07-05T04:34:05Z,617,5,1,8,2,0,1,1,1,1783223832
2026-07-05T04:34:05Z,618,10,4,8,1,0,1,1,1,1783224779
2026-07-05T04:34:05Z,619,8,1,10,1,0,1,1,1,1783224328
2026-07-05T04:34:05Z,620,5,0,18,0,0,1,1,1,1783225954
2026-07-05T04:34:05Z,621,7,3,16,0,0,1,1,1,1783226014
2026-07-05T04:34:05Z,622,10,3,10,2,1,1,1,1,1783225923
2026-07-05T04:34:05Z,623,24,4,2,3,1,1,1,1,1783225953
2026-07-05T04:34:05Z,624,4,2,8,2,1,1,1,1,1783221723
2026-07-05T04:34:05Z,625,12,2,9,0,0,1,1,1,1783225856
2026-07-05T04:34:05Z,626,28,0,15,1,2,1,1,1,1783225395
2026-07-05T04:34:05Z,627,9,9,9,1,0,1,1,1,1783225326
2026-07-05T04:34:05Z,628,6,5,11,1,1,1,1,1,1783223616
2026-07-05T04:34:05Z,629,8,2,2,1,0,1,1,1,1783223641
2026-07-05T04:34:05Z,630,13,0,11,3,0,1,1,1,1783217714
2026-07-05T04:34:05Z,631,14,1,9,0,0,1,1,1,1783225226
2026-07-05T04:34:05Z,632,10,2,9,3,0,1,1,1,1783220983
2026-07-05T04:34:05Z,633,8,0,5,1,1,1,1,1,1783200473
2026-07-05T04:34:05Z,634,5,0,13,1,0,1,1,1,1783218053
2026-07-05T04:34:05Z,635,18,0,0,1,0,1,1,1,1783225826
2026-07-05T04:34:05Z,636,7,0,8,0,0,1,1,1,1783213292
2026-07-05T04:34:05Z,637,4,2,14,1,0,1,1,1,1783204406
2026-07-05T04:34:05Z,638,11,5,6,2,0,1,1,1,1783225996
2026-07-05T04:34:05Z,639,0,0,0,3,16,0,1,1,1782287204
2026-07-05T04:34:05Z,640,6,0,17,0,0,1,1,1,1783225879
2026-07-05T04:34:05Z,641,6,0,20,1,0,1,1,1,1783225751
2026-07-05T04:34:05Z,642,3,0,11,5,0,1,1,1,1783224855
2026-07-05T04:34:05Z,643,8,3,19,0,0,1,1,1,1783224591
2026-07-05T04:34:05Z,644,0,0,9,5,1,1,1,1,1783225698
2026-07-05T04:34:05Z,645,12,0,9,1,1,1,1,1,1783222616
2026-07-05T04:34:05Z,646,9,0,9,1,0,1,1,1,1783224087
2026-07-05T04:34:05Z,647,24,2,7,0,0,1,1,1,1783224367
2026-07-05T04:34:05Z,648,12,3,6,1,0,1,1,1,1783220865
2026-07-05T04:34:05Z,649,19,1,12,0,0,1,1,1,1783225752
2026-07-05T04:34:05Z,650,10,2,5,1,0,1,1,1,1783224726
2026-07-05T04:34:05Z,651,1,0,21,1,0,1,1,1,1783223872
2026-07-05T04:34:05Z,652,19,2,1,3,0,1,1,1,1783225847
2026-07-05T04:34:05Z,653,15,2,0,4,0,1,1,1,1783225796
2026-07-05T04:34:05Z,654,3,1,12,0,0,1,1,1,1783225378
2026-07-05T04:34:05Z,655,2,0,11,2,0,1,1,1,1783225745
2026-07-05T04:34:05Z,656,17,5,2,0,0,1,1,1,1783225435
2026-07-05T04:34:05Z,657,10,1,3,4,0,1,1,1,1783225784
2026-07-05T04:34:05Z,658,10,1,9,3,1,1,1,1,1783225898
2026-07-05T04:34:05Z,659,0,0,15,0,0,1,1,1,1783225070
2026-07-05T04:34:05Z,660,22,4,8,1,0,1,1,1,1783226022
2026-07-05T04:34:05Z,661,3,0,15,1,0,1,1,1,1783223899
2026-07-05T04:34:05Z,662,0,0,19,4,0,1,1,1,1783225995
2026-07-05T04:34:05Z,663,13,1,1,0,0,1,1,1,1783225266
2026-07-05T04:34:05Z,664,0,0,27,0,0,1,1,1,1783207560
2026-07-05T04:34:05Z,665,4,1,10,1,0,1,1,1,1783225298
2026-07-05T04:34:05Z,666,8,2,7,0,0,1,1,1,1783224624
2026-07-05T04:34:05Z,667,2,0,12,3,0,1,1,1,1783225872
2026-07-05T04:34:05Z,668,7,2,11,1,0,1,1,1,1783225911
2026-07-05T04:34:05Z,669,12,1,0,2,0,1,1,1,1783225004
2026-07-05T04:34:05Z,670,9,0,18,0,0,1,1,1,1783225504
2026-07-05T04:34:05Z,671,9,1,18,0,0,1,1,1,1783225395
2026-07-05T04:34:05Z,672,17,3,3,3,0,1,1,1,1783224314
2026-07-05T04:34:05Z,673,13,1,8,1,0,1,1,1,1783222642
2026-07-05T04:34:05Z,674,5,1,17,1,0,1,1,1,1783226011
2026-07-05T04:34:05Z,675,2,0,11,1,1,1,1,1,1783226022
2026-07-05T04:34:05Z,676,20,1,2,1,0,1,1,1,1783223597
2026-07-05T04:34:05Z,681,5,5,6,4,0,1,1,1,1783225649
2026-07-05T04:34:05Z,682,10,5,8,1,0,1,1,1,1783222340
2026-07-05T04:34:05Z,683,13,1,6,0,0,1,1,1,1783224447
2026-07-05T04:34:05Z,684,15,1,10,2,0,1,1,1,1783218457
2026-07-05T04:34:05Z,685,1,0,24,1,1,1,1,1,1783224587
2026-07-05T04:34:05Z,686,10,1,14,2,1,1,1,1,1783225925
2026-07-05T04:34:05Z,687,12,3,17,1,1,1,1,1,1783225748
2026-07-05T04:34:05Z,688,10,3,8,1,0,1,1,1,1783224845
2026-07-05T04:34:05Z,692,0,0,20,1,0,1,1,1,1783225403
2026-07-05T04:34:05Z,693,9,5,2,0,0,1,1,1,1783225448
2026-07-05T04:34:05Z,694,6,2,12,3,0,1,1,1,1783224954
2026-07-05T04:34:05Z,695,4,1,19,0,0,1,1,1,1783225673
2026-07-05T04:34:05Z,696,21,11,0,2,0,1,1,1,1783225165
2026-07-05T04:34:05Z,697,3,0,19,1,0,1,1,1,1783225971
2026-07-05T04:34:05Z,698,26,1,1,0,0,1,1,1,1783225635
2026-07-05T04:34:05Z,699,3,0,11,1,0,1,1,1,1783224786
2026-07-05T04:34:05Z,700,5,0,13,1,0,1,1,1,1783225509
2026-07-05T04:34:05Z,701,7,1,12,0,0,1,1,1,1783224945
2026-07-05T04:34:05Z,702,18,7,4,1,0,1,1,1,1783226032
2026-07-05T04:34:05Z,703,23,5,0,0,0,1,1,1,1783224587
2026-07-05T04:34:05Z,704,13,2,2,0,0,1,1,1,1783225941
2026-07-05T04:34:05Z,705,9,4,5,1,0,1,1,1,1783224635
2026-07-05T04:34:05Z,706,10,3,4,1,0,1,1,1,1783225681
2026-07-05T04:34:05Z,707,14,2,1,0,0,1,1,1,1783225632
2026-07-05T04:34:05Z,708,17,2,1,1,0,1,1,1,1783225925
2026-07-05T04:34:05Z,709,14,5,0,1,0,1,1,1,1783224844
2026-07-05T04:34:05Z,710,17,1,2,0,0,1,1,1,1783226001
2026-07-05T04:34:05Z,711,14,3,1,4,0,1,1,1,1783225955
2026-07-05T04:34:05Z,712,0,0,15,0,0,1,1,1,1783225555
2026-07-05T04:34:05Z,713,4,1,19,0,0,1,1,1,1783225334
2026-07-05T04:34:05Z,716,1,0,14,0,0,1,1,1,1783224560
2026-07-05T04:34:05Z,717,9,0,12,4,0,1,1,1,1783225186
2026-07-05T04:34:05Z,718,3,1,12,0,0,1,1,1,1783224514
2026-07-05T04:34:05Z,719,8,0,21,0,0,1,1,1,1783225594
2026-07-05T04:34:05Z,720,2,0,16,1,0,1,1,1,1783224517
2026-07-05T04:34:05Z,721,11,0,11,1,0,1,1,1,1783224875
2026-07-05T04:34:05Z,722,13,2,2,0,0,1,1,1,1783224472
2026-07-05T04:34:05Z,723,1,1,21,1,0,1,1,1,1783225911
2026-07-05T04:34:05Z,724,17,1,6,0,0,1,1,1,1783225956
2026-07-05T04:34:05Z,725,22,1,0,1,0,1,1,1,1783225287
2026-07-05T04:34:05Z,726,11,1,8,0,0,1,1,1,1783225849
2026-07-05T04:34:05Z,727,9,0,14,0,0,1,1,1,1783224970
2026-07-05T04:34:05Z,728,9,2,5,1,0,1,1,1,1783224308
2026-07-05T04:34:05Z,729,12,1,5,2,0,1,1,1,1783225911
2026-07-05T04:34:05Z,730,7,1,8,0,0,1,1,1,1783225675
2026-07-05T04:34:05Z,731,1,1,14,0,0,1,1,1,1783225140
2026-07-05T04:34:05Z,732,9,0,6,0,0,1,1,1,1783225470
2026-07-05T04:34:05Z,733,1,0,25,1,0,1,1,1,1783225785
2026-07-05T04:34:05Z,734,4,1,9,1,0,1,1,1,1783225032
2026-07-05T04:34:05Z,735,1,1,17,1,0,1,1,1,1783224924
2026-07-05T04:34:05Z,736,16,2,1,2,0,1,1,1,1783197738
2026-07-05T04:34:05Z,737,8,2,7,0,0,1,1,1,1783224781
2026-07-05T04:34:05Z,738,1,1,17,1,0,1,1,1,1783225110
2026-07-05T04:34:05Z,739,7,1,18,2,0,1,1,1,1783225472
2026-07-05T04:34:05Z,741,12,4,11,0,0,1,1,1,1783224889
2026-07-05T04:34:05Z,742,11,1,28,0,0,1,1,1,1783225982
2026-07-05T04:34:05Z,743,4,1,13,2,0,1,1,1,1783224411
2026-07-05T04:34:05Z,744,3,1,12,0,0,1,1,1,1783224992
2026-07-05T04:34:05Z,745,8,1,10,1,0,1,1,1,1783224428
2026-07-05T04:34:05Z,746,0,0,23,0,0,1,1,1,1783225396
2026-07-05T04:34:05Z,747,0,0,19,0,0,1,1,1,1783224930
2026-07-05T04:34:05Z,748,12,1,9,2,0,1,1,1,1783224548
2026-07-05T04:34:05Z,749,8,0,15,0,0,1,1,1,1783225538
2026-07-05T04:34:05Z,750,0,0,9,2,0,1,1,1,1783225327
2026-07-05T04:34:05Z,751,0,0,23,0,0,1,1,1,1783225943
2026-07-05T04:34:05Z,752,13,1,3,1,0,1,1,1,1783224191
2026-07-05T04:34:05Z,753,8,0,6,1,0,1,1,1,1783226013
2026-07-05T04:34:05Z,754,6,0,9,0,0,1,1,1,1783225748
2026-07-05T04:34:05Z,755,9,1,9,1,0,1,1,1,1783225656
2026-07-05T04:34:05Z,756,1,0,35,1,0,1,1,1,1783225452
2026-07-05T04:34:05Z,757,4,4,15,0,0,1,1,1,1783225132
2026-07-05T04:34:05Z,758,21,4,2,0,0,1,1,1,1783225646
2026-07-05T04:34:05Z,759,6,0,9,0,0,1,1,1,1783225757
2026-07-05T04:34:05Z,760,4,0,13,2,0,1,1,1,1783223765
2026-07-05T04:34:05Z,761,5,1,17,1,0,1,1,1,1783226019
2026-07-05T04:34:05Z,762,3,0,10,2,0,1,1,1,1783225881
2026-07-05T04:34:05Z,768,6,0,10,3,0,1,1,1,1783224352
2026-07-05T04:34:05Z,769,2,0,13,3,0,1,1,1,1783225242
2026-07-05T04:34:05Z,770,11,2,8,0,0,1,1,1,1783225751
2026-07-05T04:34:05Z,771,10,0,5,0,0,1,1,1,1783225926
2026-07-05T04:34:05Z,772,12,6,3,0,0,1,1,1,1783225980
2026-07-05T04:34:05Z,773,4,2,14,1,0,1,1,1,1783225443
2026-07-05T04:34:05Z,774,4,0,9,2,0,1,1,1,1783225992
2026-07-05T04:34:05Z,775,13,2,4,2,0,1,1,1,1783221743
2026-07-05T04:34:05Z,776,6,0,14,1,0,1,1,1,1783224814
2026-07-05T04:34:05Z,777,11,2,1,3,0,1,1,1,1783225788
2026-07-05T04:34:05Z,778,4,0,13,2,0,1,1,1,1783223905
2026-07-05T04:34:05Z,779,14,0,4,1,0,1,1,1,1783225688
2026-07-05T04:34:05Z,780,13,5,3,2,1,1,1,1,1783225595
2026-07-05T04:34:05Z,781,1,1,9,1,0,1,1,1,1783217403
2026-07-05T04:34:05Z,782,7,2,11,1,0,1,1,1,1783225357
2026-07-05T04:34:05Z,783,8,6,8,3,0,1,1,1,1783220560
2026-07-05T04:34:05Z,784,0,0,18,1,0,1,1,1,1783225879
2026-07-05T04:34:05Z,785,9,1,5,5,0,1,1,1,1783225581
2026-07-05T04:34:05Z,786,0,0,18,1,0,1,1,1,1783211324
2026-07-05T04:34:05Z,787,0,0,15,0,0,1,1,1,1783225545
2026-07-05T04:34:05Z,788,10,1,5,0,0,1,1,1,1783225811
2026-07-05T04:34:05Z,789,12,1,1,2,0,1,1,1,1783224746
2026-07-05T04:34:05Z,790,4,3,19,0,0,1,1,1,1783225218
2026-07-05T04:34:05Z,791,0,0,19,0,0,1,1,1,1783224510
2026-07-05T04:34:05Z,793,11,1,3,1,0,1,1,1,1783225974
2026-07-05T04:34:05Z,794,5,2,24,0,0,1,1,1,1783225856
2026-07-05T04:34:05Z,796,1,0,15,3,0,1,1,1,1783224518
2026-07-05T04:34:05Z,797,0,0,15,0,0,1,1,1,1783225536
2026-07-05T04:34:05Z,798,1,0,23,1,0,1,1,1,1783225205
2026-07-05T04:34:05Z,799,3,1,15,1,0,1,1,1,1783224488
2026-07-05T04:34:05Z,800,3,0,16,2,0,1,1,1,1783225999
2026-07-05T04:34:05Z,801,5,3,14,2,0,1,1,1,1783224473
2026-07-05T04:34:05Z,802,2,0,28,0,1,1,1,1,1783224542
2026-07-05T04:34:05Z,803,2,1,13,0,0,1,1,1,1783224309
2026-07-05T04:34:05Z,806,0,0,11,4,0,1,1,1,1783225046
2026-07-05T04:34:05Z,807,17,1,7,1,0,1,1,1,1783225748
2026-07-05T04:34:05Z,808,9,0,15,1,0,1,1,1,1783225355
2026-07-05T04:34:05Z,809,5,1,18,0,0,1,1,1,1783225978
2026-07-05T04:34:05Z,810,8,5,10,1,0,1,1,1,1783225994
2026-07-05T04:34:05Z,815,5,2,9,1,0,1,1,1,1783226013
2026-07-05T04:34:05Z,817,3,0,5,7,0,1,1,1,1783225793
2026-07-05T04:34:05Z,818,3,2,20,0,0,1,1,1,1783224550
2026-07-05T04:34:05Z,819,6,6,6,3,0,1,1,1,1783225904
2026-07-05T04:34:05Z,820,6,1,9,2,0,1,1,1,1783225483
2026-07-05T04:34:05Z,821,9,0,5,1,0,1,1,1,1783225513
2026-07-05T04:34:05Z,822,4,0,17,2,0,1,1,1,1783226010
2026-07-05T04:34:05Z,823,0,0,15,0,0,1,1,1,1783225884
2026-07-05T04:34:05Z,824,4,3,14,1,0,1,1,1,1783224862
2026-07-05T04:34:05Z,825,9,2,6,0,0,1,1,1,1783218366
2026-07-05T04:34:05Z,826,8,0,10,1,0,1,1,1,1783224889
2026-07-05T04:34:05Z,827,7,1,13,1,0,1,1,1,1783225880
2026-07-05T04:34:05Z,828,1,0,16,1,0,1,1,1,1783225104
2026-07-05T04:34:05Z,829,1,0,26,0,0,1,1,1,1783212589
2026-07-05T04:34:05Z,830,23,3,0,0,0,1,1,1,1783225588
2026-07-05T04:34:05Z,831,4,1,4,7,0,1,1,1,1783225556
2026-07-05T04:34:05Z,832,13,2,5,0,0,1,1,1,1783225082
2026-07-05T04:34:05Z,833,18,11,0,1,0,1,1,1,1783224706
2026-07-05T04:34:05Z,834,1,0,23,0,0,1,1,1,1783225973
2026-07-05T04:34:05Z,835,12,8,6,0,0,1,1,1,1783225754
2026-07-05T04:34:05Z,837,3,0,5,7,0,1,1,1,1783225578
2026-07-05T04:34:05Z,838,5,2,6,4,0,1,1,1,1783226015
2026-07-05T04:34:05Z,839,18,3,10,1,0,1,1,1,1783225409
2026-07-05T04:34:05Z,840,1,0,27,1,0,1,1,1,1783225832
2026-07-05T04:34:05Z,841,4,2,8,3,0,1,1,1,1783225147
2026-07-05T04:34:05Z,842,4,0,18,0,1,1,1,1,1783224437
2026-07-05T04:34:05Z,843,2,0,27,2,0,1,1,1,1783225799
2026-07-05T04:34:05Z,844,5,0,18,0,0,1,1,1,1783225667
2026-07-05T04:34:05Z,845,8,0,11,0,0,1,1,1,1783225171
2026-07-05T04:34:05Z,846,7,1,11,0,1,1,1,1,1783225645
2026-07-05T04:34:05Z,847,0,0,27,0,0,1,1,1,1783224350
2026-07-05T04:34:05Z,848,6,0,13,0,0,1,1,1,1783225835
2026-07-05T04:34:05Z,849,0,0,10,5,0,1,1,1,1783225469
2026-07-05T04:34:05Z,850,4,2,7,0,0,1,1,1,1783225949
2026-07-05T04:34:05Z,851,23,1,12,2,0,1,1,1,1783222241
2026-07-05T04:34:05Z,852,3,0,15,1,0,1,1,1,1783224885
2026-07-05T04:34:05Z,853,10,2,12,1,0,1,1,1,1783225743
2026-07-05T04:34:05Z,854,4,0,10,1,0,1,1,1,1783225890
2026-07-05T04:34:05Z,855,25,0,2,0,0,1,1,1,1783224573
2026-07-05T04:34:05Z,857,8,6,10,1,0,1,1,1,1783224927
2026-07-05T04:34:05Z,858,1,0,17,1,0,1,1,1,1783222451
2026-07-05T04:34:05Z,859,9,3,12,0,0,1,1,1,1783225022
2026-07-05T04:34:05Z,861,4,0,7,0,0,1,1,1,1783224467
2026-07-05T04:34:05Z,862,4,0,11,0,0,1,1,1,1783225999
2026-07-05T04:34:05Z,863,7,3,11,1,0,1,1,1,1783216283
2026-07-05T04:34:05Z,866,18,0,1,0,0,1,1,1,1783213234
2026-07-05T04:34:05Z,867,8,0,7,0,0,1,1,1,1783225263
2026-07-05T04:34:05Z,868,11,0,4,0,0,1,1,1,1783225854
2026-07-05T04:34:05Z,870,11,3,3,1,0,1,1,1,1783225953
2026-07-05T04:34:05Z,871,3,0,8,0,0,1,1,1,1783225208
2026-07-05T04:34:05Z,872,6,3,9,0,0,1,1,1,1783225991
2026-07-05T04:34:05Z,873,0,0,31,2,0,1,1,1,1783225658
2026-07-05T04:34:05Z,874,14,1,0,1,0,1,1,1,1783224548
2026-07-05T04:34:05Z,875,3,1,12,0,0,1,1,1,1783225418
2026-07-05T04:34:05Z,877,7,3,12,0,0,1,1,1,1783225854
2026-07-05T04:34:05Z,878,9,0,10,0,0,1,1,1,1783225744
2026-07-05T04:34:05Z,879,7,0,11,1,0,1,1,1,1783225398
2026-07-05T04:34:05Z,880,11,2,12,0,0,1,1,1,1783225110
2026-07-05T04:34:05Z,881,3,1,13,3,0,1,1,1,1783224796
2026-07-05T04:34:05Z,882,10,5,9,0,0,1,1,1,1783224512
2026-07-05T04:34:05Z,883,12,6,6,1,0,1,1,1,1783224720
2026-07-05T04:34:05Z,884,10,5,11,0,0,1,1,1,1783183865
2026-07-05T04:34:05Z,885,7,2,11,1,0,1,1,1,1783224283
2026-07-05T04:34:05Z,886,2,2,23,4,0,1,1,1,1783225756
2026-07-05T04:34:05Z,887,2,0,14,1,0,1,1,1,1783225333
2026-07-05T04:34:05Z,888,0,0,40,1,0,1,1,1,1783224277
2026-07-05T04:34:05Z,889,11,1,8,0,0,1,1,1,1783225224
2026-07-05T04:34:05Z,890,8,2,7,0,0,1,1,1,1783217856
2026-07-05T04:34:05Z,891,7,1,15,1,0,1,1,1,1783225728
2026-07-05T04:34:05Z,892,15,5,0,0,0,1,1,1,1783224185
2026-07-05T04:34:05Z,895,6,2,13,0,0,1,1,1,1783226008
2026-07-05T04:34:05Z,896,30,8,5,0,0,1,1,1,1783224989
2026-07-05T04:34:05Z,897,11,1,9,1,0,1,1,1,1783225293
2026-07-05T04:34:05Z,898,7,1,12,0,0,1,1,1,1783225407
2026-07-05T04:34:05Z,899,15,2,4,0,0,1,1,1,1783225461
2026-07-05T04:34:05Z,900,25,1,1,1,0,1,1,1,1783225811
2026-07-05T04:34:05Z,901,9,0,9,1,0,1,1,1,1783225485
2026-07-05T04:34:05Z,902,0,0,15,0,0,1,1,1,1783225346
2026-07-05T04:34:05Z,903,1,0,18,0,0,1,1,1,1783225142
2026-07-05T04:34:05Z,904,13,0,4,2,0,1,1,1,1783225447
2026-07-05T04:34:05Z,905,14,9,13,0,0,1,1,1,1783225994
2026-07-05T04:34:05Z,906,19,9,8,0,0,1,1,1,1783225298
2026-07-05T04:34:05Z,907,15,0,16,0,0,1,1,1,1783225527
2026-07-05T04:34:05Z,908,8,0,15,0,0,1,1,1,1783225768
2026-07-05T04:34:05Z,909,20,9,2,1,0,1,1,1,1783226018
2026-07-05T04:34:05Z,910,4,0,26,1,0,1,1,1,1783225335
2026-07-05T04:34:05Z,911,10,0,8,1,0,1,1,1,1783225224
2026-07-05T04:34:05Z,912,12,0,9,2,0,1,1,1,1783226022
2026-07-05T04:34:05Z,913,10,1,9,0,0,1,1,1,1783211292
2026-07-05T04:34:05Z,914,15,0,2,2,0,1,1,1,1783225803
2026-07-05T04:34:05Z,915,9,0,13,1,0,1,1,1,1783226026
2026-07-05T04:34:05Z,916,9,2,13,1,0,1,1,1,1783225409
2026-07-05T04:34:05Z,917,4,1,31,0,0,1,1,1,1783225942
2026-07-05T04:34:05Z,918,18,3,0,1,0,1,1,1,1783225774
2026-07-05T04:34:05Z,919,37,4,2,0,0,1,1,1,1783226012
2026-07-05T04:34:05Z,920,3,3,16,0,0,1,1,1,1783224748
2026-07-05T04:34:05Z,921,3,0,15,3,0,1,1,1,1783219782
2026-07-05T04:34:05Z,922,9,1,12,0,0,1,1,1,1783224412
2026-07-05T04:34:05Z,923,3,2,15,1,0,1,1,1,1783225830
2026-07-05T04:34:05Z,924,16,2,5,0,0,1,1,1,1783225038
2026-07-05T04:34:05Z,925,1,1,19,1,0,1,1,1,1783225418
2026-07-05T04:34:05Z,926,8,1,13,0,0,1,1,1,1783225507
2026-07-05T04:34:05Z,927,16,0,17,1,0,1,1,1,1783224325
2026-07-05T04:34:05Z,928,12,1,5,2,0,1,1,1,1783225635
2026-07-05T04:34:05Z,929,12,0,11,0,0,1,1,1,1783225749
2026-07-05T04:34:05Z,930,22,0,9,0,0,1,1,1,1783225557
2026-07-05T04:34:05Z,931,3,3,20,0,0,1,1,1,1783225927
2026-07-05T04:34:05Z,932,9,1,9,1,0,1,1,1,1783225983
2026-07-05T04:34:05Z,933,16,0,6,1,0,1,1,1,1783225609
2026-07-05T04:34:05Z,934,5,0,25,1,0,1,1,1,1783225846
2026-07-05T04:34:05Z,935,1,0,15,3,0,1,1,1,1783225697
2026-07-05T04:34:05Z,936,18,3,1,0,0,1,1,1,1783225497
2026-07-05T04:34:05Z,940,6,0,4,1,0,1,1,1,1783226020
2026-07-05T04:34:05Z,941,6,0,19,0,0,1,1,1,1783225291
2026-07-05T04:34:05Z,942,8,3,13,0,0,1,1,1,1783224799
2026-07-05T04:34:05Z,943,4,4,10,1,0,1,1,1,1783225443
2026-07-05T04:34:05Z,944,5,5,9,1,0,1,1,1,1783219032
2026-07-05T04:34:05Z,945,9,5,6,0,0,1,1,1,1783225797
2026-07-05T04:34:05Z,946,8,6,11,0,0,1,1,1,1783225728
2026-07-05T04:34:05Z,947,7,5,10,0,0,1,1,1,1783224714
2026-07-05T04:34:05Z,948,18,3,10,3,0,1,1,1,1783225932
2026-07-05T04:34:05Z,949,1,0,14,0,0,1,1,1,1783225723
2026-07-05T04:34:05Z,950,14,5,1,2,0,1,1,1,1783225475
2026-07-05T04:34:05Z,951,5,0,17,1,0,1,1,1,1783224922
2026-07-05T04:34:05Z,952,16,0,36,3,0,1,1,1,1783225983
2026-07-05T04:34:05Z,953,13,0,0,2,0,1,1,1,1783225731
2026-07-05T04:34:05Z,954,14,1,4,1,0,1,1,1,1783225681
2026-07-05T04:34:05Z,955,1,1,20,6,0,1,1,1,1783225927
2026-07-05T04:34:05Z,956,1,0,17,1,0,1,1,1,1783225949
2026-07-05T04:34:05Z,957,3,0,25,1,0,1,1,1,1783225702
2026-07-05T04:34:05Z,958,5,0,25,1,0,1,1,1,1783225332
2026-07-05T04:34:05Z,959,4,1,18,1,0,1,1,1,1783225967
2026-07-05T04:34:05Z,960,22,4,0,1,0,1,1,1,1783225440
2026-07-05T04:34:05Z,961,8,4,15,0,0,1,1,1,1783225126
2026-07-05T04:34:05Z,962,3,1,25,7,0,1,1,1,1783225530
2026-07-05T04:34:05Z,963,5,0,18,0,0,1,1,1,1783225456
2026-07-05T04:34:05Z,964,6,1,16,1,0,1,1,1,1783225654
2026-07-05T04:34:05Z,965,8,1,17,2,0,1,1,1,1783224717
2026-07-05T04:34:05Z,966,4,0,27,0,0,1,1,1,1783225971
2026-07-05T04:34:05Z,967,9,1,8,4,0,1,1,1,1783225964
2026-07-05T04:34:05Z,968,11,0,8,0,0,1,1,1,1783225337
2026-07-05T04:34:05Z,969,11,2,15,1,0,1,1,1,1783225966
2026-07-05T04:34:05Z,970,14,4,2,3,0,1,1,1,1783224593
2026-07-05T04:34:05Z,971,22,0,0,1,0,1,1,1,1783225481
2026-07-05T04:34:05Z,972,5,2,18,0,0,1,1,1,1783225168
2026-07-05T04:34:05Z,973,2,1,19,2,0,1,1,1,1783225850
2026-07-05T04:34:05Z,974,17,0,10,0,0,1,1,1,1783225760
2026-07-05T04:34:05Z,977,5,3,15,1,0,1,1,1,1783225819
2026-07-05T04:34:05Z,978,18,3,5,0,0,1,1,1,1783225610
2026-07-05T04:34:05Z,979,10,0,4,3,0,1,1,1,1783225799
2026-07-05T04:34:05Z,980,6,0,15,0,0,1,1,1,1783223432
2026-07-05T04:34:05Z,981,4,1,16,1,0,1,1,1,1783225069
2026-07-05T04:34:05Z,982,9,3,9,1,0,1,1,1,1783225586
2026-07-05T04:34:05Z,983,1,0,22,0,0,1,1,1,1783224949
2026-07-05T04:34:05Z,984,15,10,7,1,0,1,1,1,1783225082
2026-07-05T04:34:05Z,985,0,0,29,1,1,1,1,1,1783225142
2026-07-05T04:34:05Z,986,6,6,12,1,0,1,1,1,1783225863
2026-07-05T04:34:05Z,987,3,0,20,0,0,1,1,1,1783224256
2026-07-05T04:34:05Z,988,10,3,8,1,0,1,1,1,1783225747
2026-07-05T04:34:05Z,989,14,11,4,1,0,1,1,1,1783224291
2026-07-05T04:34:05Z,990,13,3,1,1,0,1,1,1,1783225730
2026-07-05T04:34:05Z,991,18,10,1,0,0,1,1,1,1783224463
2026-07-05T04:34:05Z,992,6,1,17,0,0,1,1,1,1783225355
2026-07-05T04:34:05Z,993,0,0,27,0,0,1,1,1,1783225903
2026-07-05T04:34:05Z,994,8,1,9,4,0,1,1,1,1783225990
2026-07-05T04:34:05Z,995,10,1,17,0,0,1,1,1,1783225389
2026-07-05T04:34:05Z,996,9,4,14,0,0,1,1,1,1783226029
2026-07-05T04:34:05Z,997,9,5,10,4,0,1,1,1,1783225993
2026-07-05T04:34:05Z,998,8,0,15,0,0,1,1,1,1783225913
2026-07-05T04:34:05Z,999,8,2,11,1,1,1,1,1,1783225262
2026-07-05T04:34:05Z,1000,8,1,13,0,0,1,1,1,1783225755
2026-07-05T04:34:05Z,1001,1,0,26,0,0,1,1,1,1783224294
2026-07-05T04:34:05Z,1002,9,1,22,0,0,1,1,1,1783225540
2026-07-05T04:34:05Z,1003,2,1,21,0,0,1,1,1,1783224589
2026-07-05T04:34:05Z,1004,12,2,11,0,0,1,1,1,1783225392
2026-07-05T04:34:05Z,1005,7,2,15,1,0,1,1,1,1783225396
2026-07-05T04:34:05Z,1006,13,3,6,0,0,1,1,1,1783225986
2026-07-05T04:34:05Z,1007,6,3,15,0,0,1,1,1,1783225768
2026-07-05T04:34:05Z,1008,8,4,14,1,0,1,1,1,1783225815
2026-07-05T04:34:05Z,1009,8,0,22,1,0,1,1,1,1783225320
2026-07-05T04:34:05Z,1010,12,8,15,0,0,1,1,1,1783224381
2026-07-05T04:34:05Z,1011,7,7,12,0,0,1,1,1,1783225921
2026-07-05T04:34:05Z,1012,2,2,18,3,0,1,1,1,1783225880
2026-07-05T04:34:05Z,1013,8,2,13,2,0,1,1,1,1783225226
2026-07-05T04:34:05Z,1014,8,4,15,0,0,1,1,1,1783225296
2026-07-05T04:34:05Z,1015,8,3,23,0,0,1,1,1,1783225090
2026-07-05T04:34:05Z,1016,16,4,15,0,0,1,1,1,1783225608
2026-07-05T04:34:05Z,1017,10,3,10,1,0,1,1,1,1783225324
2026-07-05T04:34:05Z,1018,8,6,12,1,0,1,1,1,1783224333
2026-07-05T04:34:05Z,1019,13,2,2,0,0,1,1,1,1783225723
2026-07-05T04:34:05Z,1020,11,1,10,0,0,1,1,1,1783224775
2026-07-05T04:34:05Z,1021,10,4,5,0,0,1,1,1,1783225769
2026-07-05T04:34:05Z,1022,10,0,17,0,0,1,1,1,1783225654
2026-07-05T04:34:05Z,1023,16,0,7,0,0,1,1,1,1783225921
2026-07-05T04:34:05Z,1024,9,2,10,0,0,1,1,1,1783225633
2026-07-05T04:34:05Z,1025,12,1,6,1,0,1,1,1,1783225267
2026-07-05T04:34:05Z,1026,6,1,22,3,0,1,1,1,1783225486
2026-07-05T04:34:05Z,1028,18,5,5,0,0,1,1,1,1783225709
2026-07-05T04:34:05Z,1029,5,2,6,4,0,1,1,1,1783224695
2026-07-05T04:34:05Z,1030,16,2,6,1,0,1,1,1,1783225724
2026-07-05T04:34:05Z,1031,0,0,19,0,0,1,1,1,1783225016
2026-07-05T04:34:05Z,1032,16,3,3,0,0,1,1,1,1783225420
2026-07-05T04:34:05Z,1033,12,9,6,1,0,1,1,1,1783225032
2026-07-05T04:34:05Z,1034,9,1,5,1,0,1,1,1,1783225584
2026-07-05T04:34:05Z,1035,7,0,12,0,0,1,1,1,1783225250
2026-07-05T04:34:05Z,1036,11,4,4,0,0,1,1,1,1783225115
2026-07-05T04:34:05Z,1037,2,1,16,1,0,1,1,1,1783225885
2026-07-05T04:34:05Z,1038,6,0,9,0,0,1,1,1,1783224641
2026-07-05T04:34:05Z,1039,6,2,13,0,0,1,1,1,1783225371
2026-07-05T04:34:05Z,1040,1,0,18,0,0,1,1,1,1783224385
2026-07-05T04:34:05Z,1041,4,3,15,0,0,1,1,1,1783225520
2026-07-05T04:34:05Z,1042,15,3,0,0,0,1,1,1,1783225492
2026-07-05T04:34:05Z,1043,8,2,10,1,0,1,1,1,1783224361
2026-07-05T04:34:05Z,1044,3,1,10,2,0,1,1,1,1783225804
2026-07-05T04:34:05Z,1045,6,2,12,1,0,1,1,1,1783225382
2026-07-05T04:34:05Z,1046,4,0,7,4,0,1,1,1,1783225761
2026-07-05T04:34:05Z,1047,0,0,21,0,0,1,1,1,1783225383
2026-07-05T04:34:05Z,1048,10,0,9,0,0,1,1,1,1783225291
2026-07-05T04:34:05Z,1049,13,1,7,1,0,1,1,1,1783225752
2026-07-05T04:34:05Z,1050,17,7,4,0,0,1,1,1,1783224628
2026-07-05T04:34:05Z,1051,19,3,2,0,0,1,1,1,1783225179
2026-07-05T04:34:05Z,1052,10,1,10,2,0,1,1,1,1783224237
2026-07-05T04:34:05Z,1053,8,2,7,0,0,1,1,1,1783224292
2026-07-05T04:34:05Z,1054,8,0,6,1,0,1,1,1,1783224306
2026-07-05T04:34:05Z,1055,13,0,6,0,0,1,1,1,1783224462
2026-07-05T04:34:05Z,1057,10,0,8,1,0,1,1,1,1783225983
2026-07-05T04:34:05Z,1058,16,0,39,1,0,1,1,1,1783226030
2026-07-05T04:34:05Z,1059,9,2,10,0,0,1,1,1,1783224326
2026-07-05T04:34:05Z,1060,12,0,25,0,0,1,1,1,1783225722
2026-07-05T04:34:05Z,1061,1,1,36,0,0,1,1,1,1783224017
2026-07-05T04:34:05Z,1062,3,0,13,1,0,1,1,1,1783226032
2026-07-05T04:34:05Z,1063,11,4,7,1,0,1,1,1,1783225528
2026-07-05T04:34:05Z,1064,10,1,12,1,0,1,1,1,1783225392
2026-07-05T04:34:05Z,1065,9,3,13,1,0,1,1,1,1783225604
2026-07-05T04:34:05Z,1066,16,5,7,0,0,1,1,1,1783224318
2026-07-05T04:34:05Z,1067,12,1,10,1,0,1,1,1,1783225814
2026-07-05T04:34:05Z,1068,13,0,10,0,0,1,1,1,1783225787
2026-07-05T04:34:05Z,1069,0,0,23,0,0,1,1,1,1783224291
2026-07-05T04:34:05Z,1070,7,4,15,1,0,1,1,1,1783224920
2026-07-05T04:34:05Z,1071,1,0,22,0,0,1,1,1,1783225071
2026-07-05T04:34:05Z,1072,14,1,8,1,0,1,1,1,1783225764
2026-07-05T04:34:05Z,1073,7,1,18,2,0,1,1,1,1783226007
2026-07-05T04:34:05Z,1074,28,2,21,4,0,1,1,1,1783226031
2026-07-05T04:34:05Z,1075,12,11,9,0,0,1,1,1,1783225444
2026-07-05T04:34:05Z,1076,11,5,10,0,0,1,1,1,1783224322
2026-07-05T04:34:05Z,1077,8,8,13,0,0,1,1,1,1783225579
2026-07-05T04:34:05Z,1078,12,2,9,0,0,1,1,1,1783225799
2026-07-05T04:34:05Z,1079,14,12,7,0,0,1,1,1,1783225604
2026-07-05T04:34:05Z,1080,8,8,13,0,0,1,1,1,1783221802
2026-07-05T04:34:05Z,1081,14,14,5,0,0,1,1,1,1783225515
2026-07-05T04:34:05Z,1082,15,11,8,0,0,1,1,1,1783225504
2026-07-05T04:34:05Z,1083,7,4,13,1,0,1,1,1,1783225353
2026-07-05T04:34:05Z,1084,8,6,13,0,0,1,1,1,1783225383
2026-07-05T04:34:05Z,1085,8,6,13,0,0,1,1,1,1783225600
2026-07-05T04:34:05Z,1086,10,7,11,0,0,1,1,1,1783225505
2026-07-05T04:34:05Z,1087,7,5,8,0,0,1,1,1,1783224779
2026-07-05T04:34:05Z,1088,7,7,8,0,0,1,1,1,1783224471
2026-07-05T04:34:05Z,1089,5,5,10,0,0,1,1,1,1783225450
2026-07-05T04:34:05Z,1090,8,7,7,0,0,1,1,1,1783225584
2026-07-05T04:34:05Z,1091,9,7,6,0,0,1,1,1,1783226024
2026-07-05T04:34:05Z,1092,8,8,7,0,0,1,1,1,1783225302
2026-07-05T04:34:05Z,1093,6,6,9,0,0,1,1,1,1783224932
2026-07-05T04:34:05Z,1094,12,7,7,0,0,1,1,1,1783225046
2026-07-05T04:34:05Z,1095,9,9,6,0,0,1,1,1,1783225426
2026-07-05T04:34:05Z,1096,12,10,7,0,0,1,1,1,1783224775
2026-07-05T04:34:05Z,1097,9,6,6,0,0,1,1,1,1783225430
2026-07-05T04:34:05Z,1098,11,10,7,1,0,1,1,1,1783226017
2026-07-05T04:34:05Z,1099,6,6,9,0,0,1,1,1,1783224855
2026-07-05T04:34:05Z,1100,7,5,20,2,0,1,1,1,1783224587
2026-07-05T04:34:05Z,1101,10,5,11,0,0,1,1,1,1783225988
2026-07-05T04:34:05Z,1102,10,5,3,0,0,1,1,1,1783225845
2026-07-05T04:34:05Z,1103,10,5,11,0,0,1,1,1,1783225431
2026-07-05T04:34:05Z,1104,10,5,11,0,0,1,1,1,1783225977
2026-07-05T04:34:05Z,1105,8,2,3,2,0,1,1,1,1783225581
2026-07-05T04:34:05Z,1106,10,5,11,0,0,1,1,1,1783224620
2026-07-05T04:34:05Z,1107,11,5,4,0,0,1,1,1,1783225709
2026-07-05T04:34:05Z,1108,8,6,17,2,0,1,1,1,1783225956
2026-07-05T04:34:05Z,1109,9,4,6,0,0,1,1,1,1783226031
2026-07-05T04:34:05Z,1110,8,2,13,0,0,1,1,1,1783225848
2026-07-05T04:34:05Z,1111,10,0,10,1,0,1,1,1,1783224670
2026-07-05T04:34:05Z,1112,44,0,8,1,0,1,1,1,1783225154
2026-07-05T04:34:05Z,1113,2,0,19,0,0,1,1,1,1783224362
2026-07-05T04:34:05Z,1115,13,1,10,0,0,1,1,1,1783225395
2026-07-05T04:34:05Z,1116,9,0,10,0,0,1,1,1,1783225081
2026-07-05T04:34:05Z,1117,2,1,20,1,0,1,1,1,1783225522
2026-07-05T04:34:05Z,1118,15,0,6,0,0,1,1,1,1783226009
2026-07-05T04:34:05Z,1119,6,1,11,0,0,1,1,1,1783225109
2026-07-05T04:34:05Z,1120,1,0,15,3,0,1,1,1,1783225491
2026-07-05T04:34:05Z,1121,9,0,11,1,0,1,1,1,1783224714
2026-07-05T04:34:05Z,1122,10,4,10,0,1,1,1,1,1783225807
2026-07-05T04:34:05Z,1123,2,1,20,1,0,1,1,1,1783225286
2026-07-05T04:34:05Z,1124,14,2,0,1,0,1,1,1,1783225472
2026-07-05T04:34:05Z,1125,17,3,6,0,0,1,1,1,1783225466
2026-07-05T04:34:05Z,1126,9,1,10,2,0,1,1,1,1783225492
2026-07-05T04:34:05Z,1127,5,1,12,2,0,1,1,1,1783225586
2026-07-05T04:34:05Z,1128,14,2,1,0,0,1,1,1,1783225409
2026-07-05T04:34:05Z,1129,13,1,7,1,0,1,1,1,1783226023
2026-07-05T04:34:05Z,1130,3,0,10,2,0,1,1,1,1783225538
2026-07-05T04:34:05Z,1131,0,0,48,1,0,1,1,1,1783224986
2026-07-05T04:34:05Z,1132,15,2,5,1,0,1,1,1,1783225124
2026-07-05T04:34:05Z,1133,10,4,10,1,0,1,1,1,1783225287
2026-07-05T04:34:05Z,1134,10,6,9,0,0,1,1,1,1783224229
2026-07-05T04:34:05Z,1135,8,4,13,0,0,1,1,1,1783224441
2026-07-05T04:34:05Z,1136,17,0,4,2,0,1,1,1,1783225817
2026-07-05T04:34:05Z,1137,7,2,8,0,0,1,1,1,1783225134
2026-07-05T04:34:05Z,1138,13,0,6,0,0,1,1,1,1783224696
2026-07-05T04:34:05Z,1139,1,0,20,0,0,1,1,1,1783223577
2026-07-05T04:34:05Z,1140,9,2,10,4,0,1,1,1,1783225420
2026-07-05T04:34:05Z,1141,1,0,19,1,0,1,1,1,1783225512
2026-07-05T04:34:05Z,1142,3,0,18,0,0,1,1,1,1783225836
2026-07-05T04:34:05Z,1143,28,2,1,0,0,1,1,1,1783225732
2026-07-05T04:34:05Z,1144,13,1,7,1,0,1,1,1,1783225174
2026-07-05T04:34:05Z,1145,8,3,10,2,1,1,1,1,1783224950
2026-07-05T04:34:05Z,1146,17,0,1,1,0,1,1,1,1783225670
2026-07-05T04:34:05Z,1147,9,2,10,0,0,1,1,1,1783225145
2026-07-05T04:34:05Z,1148,19,2,12,0,0,1,1,1,1783226031
2026-07-05T04:34:05Z,1149,14,4,11,0,0,1,1,1,1783225421
2026-07-05T04:34:05Z,1150,16,0,3,0,0,1,1,1,1783225668
2026-07-05T04:34:05Z,1151,11,0,9,1,0,1,1,1,1783225938
2026-07-05T04:34:05Z,1152,6,2,20,3,0,1,1,1,1783225951
2026-07-05T04:34:05Z,1153,10,0,12,1,0,1,1,1,1783224489
2026-07-05T04:34:05Z,1154,10,1,6,3,0,1,1,1,1783225680
2026-07-05T04:34:05Z,1155,6,1,13,2,0,1,1,1,1783225940
2026-07-05T04:34:05Z,1158,7,0,12,0,0,1,1,1,1783225225
2026-07-05T04:34:05Z,1159,6,2,13,0,0,1,1,1,1783224315
2026-07-05T04:34:05Z,1160,10,3,8,1,0,1,1,1,1783225217
2026-07-05T04:34:05Z,1161,5,2,14,0,0,1,1,1,1783225636
2026-07-05T04:34:05Z,1162,12,6,7,0,0,1,1,1,1783225090
2026-07-05T04:34:05Z,1163,2,0,16,1,0,1,1,1,1783225005
2026-07-05T04:34:05Z,1164,9,2,9,1,0,1,1,1,1783225404
2026-07-05T04:34:05Z,1165,2,1,18,1,0,1,1,1,1783224816
2026-07-05T04:34:05Z,1166,5,0,15,1,0,1,1,1,1783225980
2026-07-05T04:34:05Z,1167,12,2,3,0,0,1,1,1,1783225673
2026-07-05T04:34:05Z,1168,5,1,18,0,0,1,1,1,1783225370
2026-07-05T04:34:05Z,1169,0,0,18,1,0,1,1,1,1783224733
2026-07-05T04:34:05Z,1170,0,0,21,0,0,1,1,1,1783225928
2026-07-05T04:34:05Z,1171,10,9,12,1,0,1,1,1,1783224795
2026-07-05T04:34:05Z,1172,10,3,5,0,0,1,1,1,1783225690
2026-07-05T04:34:05Z,1173,0,0,19,0,0,1,1,1,1783225997
2026-07-05T04:34:05Z,1174,1,0,14,0,0,1,1,1,1783225515
2026-07-05T04:34:05Z,1175,1,0,17,1,0,1,1,1,1783225130
2026-07-05T04:34:05Z,1176,18,4,3,0,0,1,1,1,1783217041
2026-07-05T04:34:05Z,1177,11,4,10,0,0,1,1,1,1783225198
2026-07-05T04:34:05Z,1178,7,3,7,1,0,1,1,1,1783224297
2026-07-05T04:34:05Z,1181,4,0,11,0,0,1,1,1,1783225286
2026-07-05T04:34:05Z,1182,2,0,17,1,0,1,1,1,1783225974
2026-07-05T04:34:05Z,1183,0,0,36,1,0,1,1,1,1783224829
2026-07-05T04:34:05Z,1184,2,2,16,3,0,1,1,1,1783225069
2026-07-05T04:34:05Z,1185,10,5,11,0,0,1,1,1,1783226013
2026-07-05T04:34:05Z,1186,10,5,9,0,0,1,1,1,1783225516
2026-07-05T04:34:05Z,1190,7,4,14,0,0,1,1,1,1783224551
2026-07-05T04:34:05Z,1192,9,5,12,0,0,1,1,1,1783224567
2026-07-05T04:34:05Z,1193,5,1,7,1,0,1,1,1,1783224290
2026-07-05T04:34:05Z,1197,8,2,7,2,0,1,1,1,1783225426
2026-07-05T04:34:05Z,1198,13,8,7,1,0,1,1,1,1783225855
2026-07-05T04:34:05Z,1199,6,5,13,0,0,1,1,1,1783225223
2026-07-05T04:34:05Z,1200,11,5,3,1,0,1,1,1,1783225512
2026-07-05T04:34:05Z,1201,4,0,11,0,0,1,1,1,1783224651
2026-07-05T04:34:05Z,1202,13,6,2,0,0,1,1,1,1783224338
2026-07-05T04:34:05Z,1203,11,6,4,0,0,1,1,1,1783224665
2026-07-05T04:34:05Z,1218,11,5,10,0,0,1,1,1,1783224276
2026-07-05T04:34:05Z,1224,0,0,3,0,0,0,1,1,1781869449
2026-07-05T04:34:05Z,1225,0,0,3,0,0,0,1,1,1781868919
2026-07-05T04:34:05Z,1226,0,0,3,0,0,0,1,1,1781868931
2026-07-05T04:39:05Z,1,4,0,19,0,0,1,1,1,1783225143
2026-07-05T04:39:05Z,2,23,4,4,0,0,1,1,1,1783226312
2026-07-05T04:39:05Z,3,1,0,17,1,0,1,1,1,1783226322
2026-07-05T04:39:05Z,4,13,0,10,0,0,1,1,1,1783226289
2026-07-05T04:39:05Z,5,10,7,12,1,0,1,1,1,1783226290
2026-07-05T04:39:05Z,6,11,0,4,0,0,1,1,1,1783225641
2026-07-05T04:39:05Z,7,1,0,22,0,0,1,1,1,1783225587
2026-07-05T04:39:05Z,8,15,0,28,0,0,1,1,1,1783225930
2026-07-05T04:39:05Z,9,11,0,9,3,0,1,1,1,1783225858
2026-07-05T04:39:05Z,10,9,2,14,0,0,1,1,1,1783221209
2026-07-05T04:39:05Z,11,6,0,13,0,0,1,1,1,1783226010
2026-07-05T04:39:05Z,12,0,0,23,0,0,1,1,1,1783224318
2026-07-05T04:39:05Z,13,13,0,16,1,0,1,1,1,1783226310
2026-07-05T04:39:05Z,14,19,0,24,0,0,1,1,1,1783226274
2026-07-05T04:39:05Z,15,0,0,14,1,0,1,1,1,1783224803
2026-07-05T04:39:05Z,16,14,0,12,1,0,1,1,1,1783219189
2026-07-05T04:39:05Z,17,8,0,18,1,0,1,1,1,1783225062
2026-07-05T04:39:05Z,18,5,0,13,1,0,1,1,1,1783226203
2026-07-05T04:39:05Z,19,0,0,26,1,0,1,1,1,1783224775
2026-07-05T04:39:05Z,20,9,0,18,0,0,1,1,1,1783226186
2026-07-05T04:39:05Z,21,17,0,2,0,0,1,1,1,1783226155
2026-07-05T04:39:05Z,22,53,0,13,1,0,1,1,1,1783225934
2026-07-05T04:39:05Z,23,28,3,3,0,0,1,1,1,1783225785
2026-07-05T04:39:05Z,24,0,0,10,1,0,1,1,1,1783226328
2026-07-05T04:39:05Z,25,2,0,76,2,1,1,1,1,1783226286
2026-07-05T04:39:05Z,26,9,0,18,0,0,1,1,1,1783225525
2026-07-05T04:39:05Z,28,12,1,3,0,0,1,1,1,1783224267
2026-07-05T04:39:05Z,30,16,0,10,1,0,1,1,1,1783226279
2026-07-05T04:39:05Z,31,0,0,19,0,0,1,1,1,1783223897
2026-07-05T04:39:05Z,32,12,0,15,0,0,1,1,1,1783225141
2026-07-05T04:39:05Z,34,15,0,22,0,0,1,1,1,1783226206
2026-07-05T04:39:05Z,35,31,0,15,1,0,1,1,1,1783226332
2026-07-05T04:39:05Z,36,0,0,0,0,0,0,1,1,86400
2026-07-05T04:39:05Z,37,0,0,23,0,0,1,1,1,1783224814
2026-07-05T04:39:05Z,38,13,0,10,0,0,1,1,1,1783225963
2026-07-05T04:39:05Z,39,30,0,1,0,0,1,1,1,1783225693
2026-07-05T04:39:05Z,40,9,1,12,0,0,1,1,1,1783225735
2026-07-05T04:39:05Z,41,1,0,25,1,0,1,1,1,1783225607
2026-07-05T04:39:05Z,42,11,1,20,0,0,1,1,1,1783225196
2026-07-05T04:39:05Z,43,0,0,0,21,2,1,1,1,1783226326
2026-07-05T04:39:05Z,45,1,0,30,0,0,1,1,1,1783225102
2026-07-05T04:39:05Z,46,16,0,12,3,0,1,1,1,1783224130
2026-07-05T04:39:05Z,47,3,0,11,1,0,1,1,1,1783225599
2026-07-05T04:39:05Z,48,13,0,14,0,0,1,1,1,1783226326
2026-07-05T04:39:05Z,49,4,0,15,4,0,1,1,1,1783226329
2026-07-05T04:39:05Z,50,9,4,9,1,0,1,1,1,1783225596
2026-07-05T04:39:05Z,51,30,1,46,2,0,1,1,1,1783226332
2026-07-05T04:39:05Z,52,1,0,24,2,0,1,1,1,1783225202
2026-07-05T04:39:05Z,55,4,0,18,1,0,1,1,1,1783226332
2026-07-05T04:39:05Z,56,0,0,26,1,0,1,1,1,1783224577
2026-07-05T04:39:05Z,57,0,0,26,1,0,1,1,1,1783225556
2026-07-05T04:39:05Z,58,8,2,20,0,0,1,1,1,1783225623
2026-07-05T04:39:05Z,59,2,1,23,2,0,1,1,1,1783226204
2026-07-05T04:39:05Z,61,1,1,37,1,0,1,1,1,1783224302
2026-07-05T04:39:05Z,62,13,2,36,1,0,1,1,1,1783226335
2026-07-05T04:39:05Z,63,14,4,5,0,0,1,1,1,1783225776
2026-07-05T04:39:05Z,64,6,3,10,3,0,1,1,1,1783226137
2026-07-05T04:39:05Z,65,12,4,6,1,0,1,1,1,1783224708
2026-07-05T04:39:05Z,67,9,1,30,0,0,1,1,1,1783226271
2026-07-05T04:39:05Z,68,0,0,36,1,0,1,1,1,1783224892
2026-07-05T04:39:05Z,69,14,2,1,0,0,1,1,1,1783223356
2026-07-05T04:39:05Z,71,1,0,25,1,0,1,1,1,1783226241
2026-07-05T04:39:05Z,72,26,5,4,1,0,1,1,1,1783225518
2026-07-05T04:39:05Z,73,2,0,21,0,0,1,1,1,1783225798
2026-07-05T04:39:05Z,74,8,0,11,0,0,1,1,1,1783226052
2026-07-05T04:39:05Z,75,3,0,32,0,0,1,1,1,1783225931
2026-07-05T04:39:05Z,76,17,1,1,1,0,1,1,1,1783224697
2026-07-05T04:39:05Z,77,15,1,11,1,0,1,1,1,1783226282
2026-07-05T04:39:05Z,78,6,5,17,0,0,1,1,1,1783225332
2026-07-05T04:39:05Z,79,6,5,11,0,0,1,1,1,1783226237
2026-07-05T04:39:05Z,80,15,1,6,0,2,1,1,1,1783226218
2026-07-05T04:39:05Z,81,4,2,27,0,0,1,1,1,1783226225
2026-07-05T04:39:05Z,82,0,0,23,0,0,1,1,1,1783224446
2026-07-05T04:39:05Z,83,6,2,26,2,0,1,1,1,1783226335
2026-07-05T04:39:05Z,84,26,1,0,1,0,1,1,1,1783222293
2026-07-05T04:39:05Z,85,5,1,9,0,0,1,1,1,1783226271
2026-07-05T04:39:05Z,86,24,0,2,1,0,1,1,1,1783226223
2026-07-05T04:39:05Z,87,4,0,15,0,0,1,1,1,1783222587
2026-07-05T04:39:05Z,88,0,0,31,0,0,1,1,1,1783226294
2026-07-05T04:39:05Z,89,17,0,18,0,0,1,1,1,1783225860
2026-07-05T04:39:05Z,90,4,0,15,0,0,1,1,1,1783225456
2026-07-05T04:39:05Z,91,16,0,1,0,0,1,1,1,1783226100
2026-07-05T04:39:05Z,92,8,0,9,2,0,1,1,1,1783226321
2026-07-05T04:39:05Z,93,4,1,19,0,0,1,1,1,1783226254
2026-07-05T04:39:05Z,94,18,1,1,0,0,1,1,1,1783225146
2026-07-05T04:39:05Z,95,31,5,3,1,0,1,1,1,1783226193
2026-07-05T04:39:05Z,96,30,5,0,1,0,1,1,1,1783224023
2026-07-05T04:39:05Z,97,7,1,8,1,0,1,1,1,1783226290
2026-07-05T04:39:05Z,98,11,6,23,1,0,1,1,1,1783226329
2026-07-05T04:39:05Z,99,14,0,0,0,0,1,1,1,1783223772
2026-07-05T04:39:05Z,100,19,0,7,1,0,1,1,1,1783225532
2026-07-05T04:39:05Z,101,11,0,3,1,0,1,1,1,1783226256
2026-07-05T04:39:05Z,102,14,1,9,0,0,1,1,1,1783226055
2026-07-05T04:39:05Z,103,19,2,10,3,0,1,1,1,1783226200
2026-07-05T04:39:05Z,104,4,0,21,2,0,1,1,1,1783226182
2026-07-05T04:39:05Z,105,12,0,5,2,0,1,1,1,1783221518
2026-07-05T04:39:05Z,106,0,0,21,0,0,1,1,1,1783222328
2026-07-05T04:39:05Z,107,31,1,4,2,0,1,1,1,1783226177
2026-07-05T04:39:05Z,108,10,2,23,1,1,1,1,1,1783226166
2026-07-05T04:39:05Z,109,18,1,5,0,0,1,1,1,1783226063
2026-07-05T04:39:05Z,110,8,1,15,0,0,1,1,1,1783226184
2026-07-05T04:39:05Z,111,0,0,35,1,0,1,1,1,1783225870
2026-07-05T04:39:05Z,112,9,0,8,2,0,1,1,1,1783225766
2026-07-05T04:39:05Z,113,8,0,9,2,0,1,1,1,1783226087
2026-07-05T04:39:05Z,114,15,7,13,3,0,1,1,1,1783226090
2026-07-05T04:39:05Z,115,8,2,16,2,0,1,1,1,1783226290
2026-07-05T04:39:05Z,116,7,1,20,0,0,1,1,1,1783226037
2026-07-05T04:39:05Z,118,10,3,9,4,0,1,1,1,1783226074
2026-07-05T04:39:05Z,119,35,11,1,2,0,1,1,1,1783225028
2026-07-05T04:39:05Z,120,23,2,2,2,0,1,1,1,1783225816
2026-07-05T04:39:05Z,121,4,0,15,0,0,1,1,1,1783225117
2026-07-05T04:39:05Z,122,2,0,19,0,0,1,1,1,1783226122
2026-07-05T04:39:05Z,123,34,0,13,0,0,1,1,1,1783221766
2026-07-05T04:39:05Z,124,18,4,9,0,0,1,1,1,1783225599
2026-07-05T04:39:05Z,125,6,3,17,0,0,1,1,1,1783225964
2026-07-05T04:39:05Z,126,14,2,17,0,0,1,1,1,1783226250
2026-07-05T04:39:05Z,127,0,0,30,0,1,0,1,1,1783001724
2026-07-05T04:39:05Z,128,11,4,8,0,0,1,1,1,1783226184
2026-07-05T04:39:05Z,129,16,1,2,1,0,1,1,1,1783225604
2026-07-05T04:39:05Z,130,15,0,2,0,0,1,1,1,1783225257
2026-07-05T04:39:05Z,131,1,0,9,1,0,1,1,1,1783226273
2026-07-05T04:39:05Z,132,2,0,12,0,1,1,1,1,1783225338
2026-07-05T04:39:05Z,133,8,1,15,0,0,1,1,1,1783226252
2026-07-05T04:39:05Z,134,2,1,20,1,0,1,1,1,1783226051
2026-07-05T04:39:05Z,135,12,1,5,2,0,1,1,1,1783226125
2026-07-05T04:39:05Z,136,21,0,1,0,0,1,1,1,1783226286
2026-07-05T04:39:05Z,137,1,1,18,0,0,1,1,1,1783226284
2026-07-05T04:39:05Z,138,19,0,18,0,0,1,1,1,1783226276
2026-07-05T04:39:05Z,139,15,3,2,2,0,1,1,1,1783226270
2026-07-05T04:39:05Z,140,17,3,5,1,0,1,1,1,1783226311
2026-07-05T04:39:05Z,141,10,0,13,2,0,1,1,1,1783226237
2026-07-05T04:39:05Z,142,0,0,19,0,0,0,1,1,1782498468
2026-07-05T04:39:05Z,143,21,0,9,1,0,1,1,1,1783226224
2026-07-05T04:39:05Z,144,20,1,7,0,0,1,1,1,1783225363
2026-07-05T04:39:05Z,145,24,0,6,1,0,1,1,1,1783226222
2026-07-05T04:39:05Z,146,18,1,5,0,0,1,1,1,1783226273
2026-07-05T04:39:05Z,147,1,1,16,2,0,1,1,1,1783226144
2026-07-05T04:39:05Z,148,11,0,15,1,0,1,1,1,1783226062
2026-07-05T04:39:05Z,149,14,3,5,0,0,1,1,1,1783226290
2026-07-05T04:39:05Z,150,14,4,19,2,0,1,1,1,1783226259
2026-07-05T04:39:05Z,151,16,2,7,0,0,1,1,1,1783225722
2026-07-05T04:39:05Z,152,17,0,9,0,0,1,1,1,1783226034
2026-07-05T04:39:05Z,153,19,1,0,4,0,1,1,1,1783226115
2026-07-05T04:39:05Z,154,7,3,14,2,0,1,1,1,1783226171
2026-07-05T04:39:05Z,155,4,3,8,2,0,1,1,1,1783224464
2026-07-05T04:39:05Z,156,12,3,5,2,0,1,1,1,1783226294
2026-07-05T04:39:05Z,157,6,0,15,0,0,1,1,1,1783225994
2026-07-05T04:39:05Z,158,0,0,17,2,0,1,1,1,1783226292
2026-07-05T04:39:05Z,159,16,8,2,1,0,1,1,1,1783225859
2026-07-05T04:39:05Z,160,7,1,10,2,0,1,1,1,1783226248
2026-07-05T04:39:05Z,161,7,1,15,1,0,1,1,1,1783226326
2026-07-05T04:39:05Z,162,14,6,12,1,0,1,1,1,1783225793
2026-07-05T04:39:05Z,163,16,2,15,0,0,1,1,1,1783226080
2026-07-05T04:39:05Z,164,14,3,13,0,0,1,1,1,1783224266
2026-07-05T04:39:05Z,165,0,0,27,3,0,1,1,1,1783226188
2026-07-05T04:39:05Z,166,10,3,26,2,0,1,1,1,1783225638
2026-07-05T04:39:05Z,167,19,13,3,1,0,1,1,1,1783226127
2026-07-05T04:39:05Z,168,9,0,16,1,1,1,1,1,1783226332
2026-07-05T04:39:05Z,169,0,0,23,0,0,1,1,1,1783222579
2026-07-05T04:39:05Z,170,3,0,14,2,0,1,1,1,1783226294
2026-07-05T04:39:05Z,171,9,4,3,1,0,1,1,1,1783226308
2026-07-05T04:39:05Z,173,2,0,33,2,0,1,1,1,1783226175
2026-07-05T04:39:05Z,174,19,0,6,0,0,1,1,1,1783226321
2026-07-05T04:39:05Z,175,16,2,15,0,0,1,1,1,1783226157
2026-07-05T04:39:05Z,176,1,1,11,2,1,1,1,1,1783226018
2026-07-05T04:39:05Z,177,14,0,12,1,0,1,1,1,1783226333
2026-07-05T04:39:05Z,178,10,0,3,2,0,1,1,1,1783226090
2026-07-05T04:39:05Z,179,12,2,0,3,0,1,1,1,1783226177
2026-07-05T04:39:05Z,180,22,0,7,1,0,1,1,1,1783226284
2026-07-05T04:39:05Z,181,7,6,2,4,1,1,1,1,1783226120
2026-07-05T04:39:05Z,182,13,1,6,0,0,1,1,1,1783225442
2026-07-05T04:39:05Z,183,7,3,16,0,0,1,1,1,1783226092
2026-07-05T04:39:05Z,184,3,1,19,1,0,1,1,1,1783226214
2026-07-05T04:39:05Z,185,2,1,10,2,1,1,1,1,1783225198
2026-07-05T04:39:05Z,186,5,2,14,0,0,1,1,1,1783226331
2026-07-05T04:39:05Z,187,28,0,0,1,0,1,1,1,1783226325
2026-07-05T04:39:05Z,188,17,1,3,3,4,1,1,1,1783226335
2026-07-05T04:39:05Z,189,7,3,8,0,0,1,1,1,1783224487
2026-07-05T04:39:05Z,190,1,0,22,0,0,1,1,1,1783225681
2026-07-05T04:39:05Z,191,5,1,32,2,0,1,1,1,1783226218
2026-07-05T04:39:05Z,192,8,2,23,0,0,1,1,1,1783226031
2026-07-05T04:39:05Z,193,5,4,9,1,0,1,1,1,1783226140
2026-07-05T04:39:05Z,194,3,0,12,0,0,1,1,1,1783224853
2026-07-05T04:39:05Z,195,1,1,18,0,0,1,1,1,1783225365
2026-07-05T04:39:05Z,196,12,2,15,0,0,1,1,1,1783226174
2026-07-05T04:39:05Z,197,12,3,6,0,1,1,1,1,1783226323
2026-07-05T04:39:05Z,198,3,1,20,0,0,1,1,1,1783224807
2026-07-05T04:39:05Z,199,1,0,12,2,0,1,1,1,1783226057
2026-07-05T04:39:05Z,200,1,0,25,0,0,1,1,1,1783226299
2026-07-05T04:39:05Z,201,18,1,5,0,0,1,1,1,1783226292
2026-07-05T04:39:05Z,202,0,0,21,0,0,0,1,1,1783093344
2026-07-05T04:39:05Z,203,16,0,15,0,0,1,1,1,1783226200
2026-07-05T04:39:05Z,204,23,1,11,1,0,1,1,1,1783226144
2026-07-05T04:39:05Z,205,18,1,9,0,0,1,1,1,1783225622
2026-07-05T04:39:05Z,206,4,0,9,2,0,1,1,1,1783226234
2026-07-05T04:39:05Z,207,12,1,8,1,0,1,1,1,1783226248
2026-07-05T04:39:05Z,208,2,2,27,0,0,1,1,1,1783225788
2026-07-05T04:39:05Z,209,12,0,18,1,0,1,1,1,1783226322
2026-07-05T04:39:05Z,210,7,5,20,0,0,1,1,1,1783226328
2026-07-05T04:39:05Z,211,7,3,16,0,0,1,1,1,1783226185
2026-07-05T04:39:05Z,212,14,0,21,0,0,1,1,1,1783225864
2026-07-05T04:39:05Z,213,20,2,2,1,0,1,1,1,1783225905
2026-07-05T04:39:05Z,214,9,2,33,5,0,1,1,1,1783226296
2026-07-05T04:39:05Z,215,2,1,21,0,0,1,1,1,1783226082
2026-07-05T04:39:05Z,216,17,0,0,2,0,1,1,1,1783226328
2026-07-05T04:39:05Z,217,17,0,11,1,0,1,1,1,1783226259
2026-07-05T04:39:05Z,218,12,8,23,4,0,1,1,1,1783226336
2026-07-05T04:39:05Z,219,0,0,26,0,0,0,1,1,1783102715
2026-07-05T04:39:05Z,220,20,19,23,0,0,1,1,1,1783225566
2026-07-05T04:39:05Z,221,13,9,0,1,0,1,1,1,1783226019
2026-07-05T04:39:05Z,222,5,3,14,0,0,1,1,1,1783226327
2026-07-05T04:39:05Z,223,10,5,21,4,0,1,1,1,1783226103
2026-07-05T04:39:05Z,224,16,0,6,0,0,1,1,1,1783226226
2026-07-05T04:39:05Z,225,7,1,8,4,0,1,1,1,1783218949
2026-07-05T04:39:05Z,226,8,6,22,1,0,1,1,1,1783226066
2026-07-05T04:39:05Z,227,8,6,19,0,0,1,1,1,1783226174
2026-07-05T04:39:05Z,228,15,3,3,1,0,1,1,1,1783226333
2026-07-05T04:39:05Z,230,5,1,18,0,0,1,1,1,1783225241
2026-07-05T04:39:05Z,232,5,1,12,2,0,1,1,1,1783225329
2026-07-05T04:39:05Z,233,27,5,3,1,0,1,1,1,1783226088
2026-07-05T04:39:05Z,234,14,2,0,4,1,1,1,1,1783225096
2026-07-05T04:39:05Z,236,16,6,1,2,0,1,1,1,1783226247
2026-07-05T04:39:05Z,237,13,2,10,0,0,1,1,1,1783226117
2026-07-05T04:39:05Z,239,0,0,27,0,0,1,1,1,1783225093
2026-07-05T04:39:05Z,241,7,4,15,1,0,1,1,1,1783226322
2026-07-05T04:39:05Z,242,3,1,20,0,0,1,1,1,1783226161
2026-07-05T04:39:05Z,243,15,2,15,1,0,1,1,1,1783225917
2026-07-05T04:39:05Z,244,20,9,7,0,0,1,1,1,1783226172
2026-07-05T04:39:05Z,245,7,0,16,0,0,1,1,1,1783225066
2026-07-05T04:39:05Z,246,2,0,21,0,0,1,1,1,1783226302
2026-07-05T04:39:05Z,247,6,4,17,0,0,1,1,1,1783223455
2026-07-05T04:39:05Z,248,1,0,18,4,0,1,1,1,1783225552
2026-07-05T04:39:05Z,249,4,1,13,2,0,1,1,1,1783226159
2026-07-05T04:39:05Z,250,4,2,23,0,0,1,1,1,1783225962
2026-07-05T04:39:05Z,251,5,1,19,3,0,1,1,1,1783226147
2026-07-05T04:39:05Z,253,2,1,17,0,0,1,1,1,1783226280
2026-07-05T04:39:05Z,254,23,1,17,3,0,1,1,1,1783226232
2026-07-05T04:39:05Z,255,13,0,10,0,0,1,1,1,1783226309
2026-07-05T04:39:05Z,256,11,3,12,0,0,1,1,1,1783226319
2026-07-05T04:39:05Z,257,14,3,4,1,0,1,1,1,1783225991
2026-07-05T04:39:05Z,258,2,0,15,2,0,1,1,1,1783226241
2026-07-05T04:39:05Z,259,17,2,5,1,0,1,1,1,1783225846
2026-07-05T04:39:05Z,260,8,2,11,0,0,1,1,1,1783226199
2026-07-05T04:39:05Z,261,17,2,0,2,0,1,1,1,1783222498
2026-07-05T04:39:05Z,262,9,4,13,1,0,1,1,1,1783226176
2026-07-05T04:39:05Z,263,6,2,9,0,0,1,1,1,1783225981
2026-07-05T04:39:05Z,264,14,10,4,1,0,1,1,1,1783225873
2026-07-05T04:39:05Z,265,15,0,0,0,0,1,1,1,1783226084
2026-07-05T04:39:05Z,266,9,0,9,1,0,1,1,1,1783224578
2026-07-05T04:39:05Z,267,4,0,11,0,0,1,1,1,1783205904
2026-07-05T04:39:05Z,268,0,0,20,3,0,1,1,1,1783226068
2026-07-05T04:39:05Z,269,3,0,20,0,0,1,1,1,1783222107
2026-07-05T04:39:05Z,270,3,0,24,0,0,1,1,1,1783226014
2026-07-05T04:39:05Z,271,0,0,16,3,0,1,1,1,1783226073
2026-07-05T04:39:05Z,272,21,4,2,0,0,1,1,1,1783223828
2026-07-05T04:39:05Z,273,11,9,4,0,0,1,1,1,1783226177
2026-07-05T04:39:05Z,274,5,3,13,1,0,1,1,1,1783226271
2026-07-05T04:39:05Z,275,19,1,3,1,0,1,1,1,1783226189
2026-07-05T04:39:05Z,276,5,3,21,0,1,1,1,1,1783225598
2026-07-05T04:39:05Z,277,1,0,20,2,0,1,1,1,1783225658
2026-07-05T04:39:05Z,278,7,5,22,1,1,1,1,1,1783225851
2026-07-05T04:39:05Z,279,0,0,19,0,0,1,1,1,1783225018
2026-07-05T04:39:05Z,280,13,1,14,4,0,1,1,1,1783226256
2026-07-05T04:39:05Z,281,10,0,13,0,0,1,1,1,1783226307
2026-07-05T04:39:05Z,282,11,0,5,0,0,1,1,1,1783223608
2026-07-05T04:39:05Z,283,21,2,12,2,0,1,1,1,1783226038
2026-07-05T04:39:05Z,284,5,5,29,1,0,1,1,1,1783225843
2026-07-05T04:39:05Z,285,5,0,18,0,0,1,1,1,1783226275
2026-07-05T04:39:05Z,286,5,2,17,1,0,1,1,1,1783223406
2026-07-05T04:39:05Z,287,13,9,7,3,0,1,1,1,1783225644
2026-07-05T04:39:05Z,288,5,2,12,2,0,1,1,1,1783225191
2026-07-05T04:39:05Z,289,20,0,6,1,0,1,1,1,1783226073
2026-07-05T04:39:05Z,290,2,0,35,2,0,1,1,1,1783226059
2026-07-05T04:39:05Z,291,8,0,15,0,0,1,1,1,1783225681
2026-07-05T04:39:05Z,292,2,0,21,0,0,1,1,1,1783224123
2026-07-05T04:39:05Z,293,3,1,19,1,0,1,1,1,1783226263
2026-07-05T04:39:05Z,294,3,2,18,1,0,1,1,1,1783226288
2026-07-05T04:39:05Z,297,5,0,13,1,0,1,1,1,1783225867
2026-07-05T04:39:05Z,301,8,0,10,1,0,1,1,1,1783225479
2026-07-05T04:39:05Z,302,0,0,22,1,0,1,1,1,1783224442
2026-07-05T04:39:05Z,303,10,1,8,1,0,1,1,1,1783225639
2026-07-05T04:39:05Z,304,0,0,0,0,0,0,1,1,86400
2026-07-05T04:39:05Z,305,2,1,17,0,0,1,1,1,1783226114
2026-07-05T04:39:05Z,306,3,2,27,2,0,1,1,1,1783225548
2026-07-05T04:39:05Z,307,1,1,20,2,0,1,1,1,1783226290
2026-07-05T04:39:05Z,308,16,1,1,2,0,1,1,1,1783225870
2026-07-05T04:39:05Z,309,3,3,0,6,0,1,1,1,1783226327
2026-07-05T04:39:05Z,311,11,1,4,0,0,1,1,1,1783224507
2026-07-05T04:39:05Z,312,7,1,11,4,1,1,1,1,1783225480
2026-07-05T04:39:05Z,313,15,0,0,0,0,1,1,1,1783222784
2026-07-05T04:39:05Z,314,6,2,11,2,0,1,1,1,1783226162
2026-07-05T04:39:05Z,315,0,0,31,0,0,0,1,1,1783017696
2026-07-05T04:39:05Z,316,9,1,4,2,0,1,1,1,1783225407
2026-07-05T04:39:05Z,317,2,2,24,5,0,1,1,1,1783226045
2026-07-05T04:39:05Z,318,12,1,5,0,0,1,1,1,1783223689
2026-07-05T04:39:05Z,319,16,1,10,1,0,1,1,1,1783226232
2026-07-05T04:39:05Z,320,11,0,7,1,0,1,1,1,1783225859
2026-07-05T04:39:05Z,321,17,2,0,2,0,1,1,1,1783220081
2026-07-05T04:39:05Z,322,9,2,20,0,0,1,1,1,1783225762
2026-07-05T04:39:05Z,323,9,0,10,0,0,1,1,1,1783225365
2026-07-05T04:39:05Z,324,21,5,5,1,0,1,1,1,1783225368
2026-07-05T04:39:05Z,325,4,0,21,2,0,1,1,1,1783226014
2026-07-05T04:39:05Z,327,13,5,11,1,2,1,1,1,1783226305
2026-07-05T04:39:05Z,328,8,1,14,0,1,1,1,1,1783226241
2026-07-05T04:39:05Z,329,11,0,8,0,0,1,1,1,1783223995
2026-07-05T04:39:05Z,330,3,1,19,0,0,1,1,1,1783225787
2026-07-05T04:39:05Z,331,16,0,7,0,0,1,1,1,1783225935
2026-07-05T04:39:05Z,332,4,1,15,0,0,1,1,1,1783223850
2026-07-05T04:39:05Z,333,4,2,18,1,0,1,1,1,1783226040
2026-07-05T04:39:05Z,334,6,3,17,0,0,1,1,1,1783226169
2026-07-05T04:39:05Z,335,1,0,20,1,1,1,1,1,1783225840
2026-07-05T04:39:05Z,336,5,2,14,0,0,1,1,1,1783225034
2026-07-05T04:39:05Z,337,13,4,7,3,0,1,1,1,1783226126
2026-07-05T04:39:05Z,338,11,3,8,0,0,1,1,1,1783225540
2026-07-05T04:39:05Z,339,2,0,20,1,0,1,1,1,1783226321
2026-07-05T04:39:05Z,340,11,6,3,1,0,1,1,1,1783226250
2026-07-05T04:39:05Z,341,5,5,13,1,0,1,1,1,1783224847
2026-07-05T04:39:05Z,342,14,4,0,1,0,1,1,1,1783226146
2026-07-05T04:39:05Z,343,10,6,13,0,0,1,1,1,1783225323
2026-07-05T04:39:05Z,344,5,1,17,1,0,1,1,1,1783225459
2026-07-05T04:39:05Z,345,17,1,2,0,0,1,1,1,1783225815
2026-07-05T04:39:05Z,346,22,1,1,0,0,1,1,1,1783226331
2026-07-05T04:39:05Z,347,4,2,43,0,0,1,1,1,1783226326
2026-07-05T04:39:05Z,348,23,2,0,0,0,1,1,1,1783225954
2026-07-05T04:39:05Z,349,4,2,13,2,0,1,1,1,1783226062
2026-07-05T04:39:05Z,350,16,2,10,0,1,1,1,1,1783225527
2026-07-05T04:39:05Z,351,3,0,19,1,0,1,1,1,1783226119
2026-07-05T04:39:05Z,355,5,1,17,1,0,1,1,1,1783225702
2026-07-05T04:39:05Z,356,12,0,5,2,0,1,1,1,1783225181
2026-07-05T04:39:05Z,357,11,5,8,0,0,1,1,1,1783225155
2026-07-05T04:39:05Z,359,18,1,7,2,0,1,1,1,1783226330
2026-07-05T04:39:05Z,360,6,1,13,0,0,1,1,1,1783223287
2026-07-05T04:39:05Z,362,12,7,4,3,0,1,1,1,1783225384
2026-07-05T04:39:05Z,363,1,0,26,0,0,1,1,1,1783226161
2026-07-05T04:39:05Z,364,6,2,11,1,1,1,1,1,1783226334
2026-07-05T04:39:05Z,365,19,11,3,1,0,1,1,1,1783225673
2026-07-05T04:39:05Z,366,15,2,6,2,0,1,1,1,1783226043
2026-07-05T04:39:05Z,367,13,4,5,1,0,1,1,1,1783226146
2026-07-05T04:39:05Z,368,21,1,2,0,0,1,1,1,1783225459
2026-07-05T04:39:05Z,370,4,3,11,2,0,1,1,1,1783225473
2026-07-05T04:39:05Z,371,3,0,15,1,0,1,1,1,1783225881
2026-07-05T04:39:05Z,372,14,0,1,0,0,1,1,1,1783226331
2026-07-05T04:39:05Z,373,25,6,1,0,0,1,1,1,1783225236
2026-07-05T04:39:05Z,374,16,1,1,0,0,1,1,1,1783225922
2026-07-05T04:39:05Z,375,12,2,14,1,0,1,1,1,1783225979
2026-07-05T04:39:05Z,376,17,4,22,0,0,1,1,1,1783226262
2026-07-05T04:39:05Z,377,14,3,10,3,0,1,1,1,1783225332
2026-07-05T04:39:05Z,378,16,4,6,2,0,1,1,1,1783226313
2026-07-05T04:39:05Z,379,9,2,18,0,0,1,1,1,1783226289
2026-07-05T04:39:05Z,380,10,2,12,1,0,1,1,1,1783224416
2026-07-05T04:39:05Z,381,4,0,19,0,0,1,1,1,1783226102
2026-07-05T04:39:05Z,383,13,2,2,0,0,1,1,1,1783226332
2026-07-05T04:39:05Z,384,4,1,14,1,0,1,1,1,1783224786
2026-07-05T04:39:05Z,385,10,0,8,0,0,1,1,1,1783225636
2026-07-05T04:39:05Z,387,20,3,3,0,0,1,1,1,1783226121
2026-07-05T04:39:05Z,388,14,0,32,3,0,1,1,1,1783226224
2026-07-05T04:39:05Z,389,2,0,11,2,0,1,1,1,1783225422
2026-07-05T04:39:05Z,390,14,2,13,0,0,1,1,1,1783226255
2026-07-05T04:39:05Z,391,11,8,3,1,0,1,1,1,1783225513
2026-07-05T04:39:05Z,392,7,6,12,0,0,1,1,1,1783220392
2026-07-05T04:39:05Z,393,0,0,9,2,0,1,1,1,1783225387
2026-07-05T04:39:05Z,394,6,2,8,0,1,1,1,1,1783222485
2026-07-05T04:39:05Z,396,0,0,39,3,0,1,1,1,1783225801
2026-07-05T04:39:05Z,397,3,0,27,1,0,1,1,1,1783225773
2026-07-05T04:39:05Z,399,16,0,0,1,0,1,1,1,1783225242
2026-07-05T04:39:05Z,400,5,2,15,3,0,1,1,1,1783226230
2026-07-05T04:39:05Z,401,2,2,29,0,0,1,1,1,1783226086
2026-07-05T04:39:05Z,403,10,3,17,4,0,1,1,1,1783226210
2026-07-05T04:39:05Z,404,3,1,17,3,0,1,1,1,1783225985
2026-07-05T04:39:05Z,406,4,0,27,4,0,1,1,1,1783225169
2026-07-05T04:39:05Z,407,3,0,31,0,0,1,1,1,1783224579
2026-07-05T04:39:05Z,408,8,3,24,1,0,1,1,1,1783223906
2026-07-05T04:39:05Z,409,0,0,22,1,0,1,1,1,1783218138
2026-07-05T04:39:05Z,413,15,3,6,2,0,1,1,1,1783226269
2026-07-05T04:39:05Z,414,10,2,5,0,0,1,1,1,1783225875
2026-07-05T04:39:05Z,417,19,6,0,0,0,1,1,1,1783224946
2026-07-05T04:39:05Z,418,5,2,10,0,0,1,1,1,1783223261
2026-07-05T04:39:05Z,419,20,3,1,2,0,1,1,1,1783224386
2026-07-05T04:39:05Z,421,12,0,7,0,0,1,1,1,1783226256
2026-07-05T04:39:05Z,422,7,3,20,0,0,1,1,1,1783223720
2026-07-05T04:39:05Z,423,11,3,12,0,0,1,1,1,1783225496
2026-07-05T04:39:05Z,424,2,0,12,1,0,1,1,1,1783226329
2026-07-05T04:39:05Z,425,17,0,5,0,0,1,1,1,1783225971
2026-07-05T04:39:05Z,426,0,0,34,3,0,1,1,1,1783226191
2026-07-05T04:39:05Z,427,9,1,5,0,1,1,1,1,1783225349
2026-07-05T04:39:05Z,428,17,0,2,0,0,1,1,1,1783225573
2026-07-05T04:39:05Z,429,16,4,4,3,0,1,1,1,1783226135
2026-07-05T04:39:05Z,430,25,1,3,3,0,1,1,1,1783226329
2026-07-05T04:39:05Z,431,22,1,7,2,2,1,1,1,1783223487
2026-07-05T04:39:05Z,432,3,1,27,1,0,1,1,1,1783226227
2026-07-05T04:39:05Z,433,21,3,0,2,0,1,1,1,1783222855
2026-07-05T04:39:05Z,437,1,1,16,2,0,1,1,1,1783226300
2026-07-05T04:39:05Z,438,6,1,12,1,0,1,1,1,1783216671
2026-07-05T04:39:05Z,439,10,2,5,0,0,1,1,1,1783226280
2026-07-05T04:39:05Z,440,14,0,0,1,0,1,1,1,1783224982
2026-07-05T04:39:05Z,441,1,0,13,1,0,1,1,1,1783225648
2026-07-05T04:39:05Z,442,8,1,10,1,0,1,1,1,1783225838
2026-07-05T04:39:05Z,443,8,0,19,0,0,1,1,1,1783195674
2026-07-05T04:39:05Z,444,9,5,14,0,0,1,1,1,1783219201
2026-07-05T04:39:05Z,445,11,6,11,1,0,1,1,1,1783219197
2026-07-05T04:39:05Z,446,6,0,16,0,1,1,1,1,1783224960
2026-07-05T04:39:05Z,447,5,0,16,2,0,1,1,1,1783214647
2026-07-05T04:39:05Z,448,12,2,0,2,1,1,1,1,1783224276
2026-07-05T04:39:05Z,452,11,3,7,1,0,1,1,1,1783226197
2026-07-05T04:39:05Z,453,4,2,8,3,0,1,1,1,1783226242
2026-07-05T04:39:05Z,454,6,1,11,1,1,1,1,1,1783224489
2026-07-05T04:39:05Z,455,0,0,39,0,0,0,1,1,1782992996
2026-07-05T04:39:05Z,456,15,0,4,4,0,1,1,1,1783226332
2026-07-05T04:39:05Z,457,7,0,19,1,0,1,1,1,1783226189
2026-07-05T04:39:05Z,458,6,0,15,2,0,1,1,1,1783225975
2026-07-05T04:39:05Z,459,15,6,0,0,0,1,1,1,1783224425
2026-07-05T04:39:05Z,460,13,2,10,0,0,1,1,1,1783226154
2026-07-05T04:39:05Z,461,7,0,9,3,0,1,1,1,1783224906
2026-07-05T04:39:05Z,462,10,1,11,0,0,1,1,1,1783226317
2026-07-05T04:39:05Z,463,12,1,6,1,0,1,1,1,1783225202
2026-07-05T04:39:05Z,464,3,0,10,1,0,1,1,1,1783226156
2026-07-05T04:39:05Z,465,2,0,13,0,0,1,1,1,1783223540
2026-07-05T04:39:05Z,466,15,5,0,0,0,1,1,1,1783222933
2026-07-05T04:39:05Z,467,4,1,11,0,0,1,1,1,1783223173
2026-07-05T04:39:05Z,468,2,2,17,0,0,1,1,1,1783215781
2026-07-05T04:39:05Z,469,1,0,20,1,1,1,1,1,1783224018
2026-07-05T04:39:05Z,470,15,1,0,0,0,1,1,1,1783225091
2026-07-05T04:39:05Z,471,16,1,10,1,0,1,1,1,1783224774
2026-07-05T04:39:05Z,472,11,3,6,2,0,1,1,1,1783223130
2026-07-05T04:39:05Z,473,3,2,15,1,0,1,1,1,1783225811
2026-07-05T04:39:05Z,474,16,0,2,1,0,1,1,1,1783226239
2026-07-05T04:39:05Z,475,3,1,16,0,0,1,1,1,1783226174
2026-07-05T04:39:05Z,476,7,3,13,3,0,1,1,1,1783225221
2026-07-05T04:39:05Z,477,12,2,2,1,0,1,1,1,1783225247
2026-07-05T04:39:05Z,478,1,1,26,4,0,1,1,1,1783225069
2026-07-05T04:39:05Z,479,10,0,13,3,1,1,1,1,1783226062
2026-07-05T04:39:05Z,480,13,1,1,1,0,1,1,1,1783225240
2026-07-05T04:39:05Z,481,32,0,3,0,0,1,1,1,1783225564
2026-07-05T04:39:05Z,482,7,5,11,1,0,1,1,1,1783223759
2026-07-05T04:39:05Z,483,16,0,10,0,1,1,1,1,1783225666
2026-07-05T04:39:05Z,484,2,0,17,0,0,1,1,1,1783225810
2026-07-05T04:39:05Z,485,7,3,11,0,1,1,1,1,1783226183
2026-07-05T04:39:05Z,486,15,0,11,1,0,1,1,1,1783225681
2026-07-05T04:39:05Z,487,8,4,9,2,0,1,1,1,1783226076
2026-07-05T04:39:05Z,489,3,2,12,0,0,1,1,1,1783226173
2026-07-05T04:39:05Z,490,7,7,7,2,0,1,1,1,1783226210
2026-07-05T04:39:05Z,491,11,3,8,2,0,1,1,1,1783226298
2026-07-05T04:39:05Z,492,4,3,3,4,0,1,1,1,1783225703
2026-07-05T04:39:05Z,493,5,0,22,0,0,1,1,1,1783223467
2026-07-05T04:39:05Z,495,12,1,1,2,0,1,1,1,1783226301
2026-07-05T04:39:05Z,496,6,0,20,1,0,1,1,1,1783224117
2026-07-05T04:39:05Z,497,17,0,2,0,0,1,1,1,1783224953
2026-07-05T04:39:05Z,498,21,4,2,0,0,1,1,1,1783226094
2026-07-05T04:39:05Z,499,10,1,6,3,0,1,1,1,1783223503
2026-07-05T04:39:05Z,500,9,2,5,1,0,1,1,1,1783225046
2026-07-05T04:39:05Z,501,5,0,13,3,0,1,1,1,1783225927
2026-07-05T04:39:05Z,502,4,0,15,0,0,1,1,1,1783221629
2026-07-05T04:39:05Z,503,19,1,12,0,0,1,1,1,1783226033
2026-07-05T04:39:05Z,504,1,1,38,0,0,1,1,1,1783226134
2026-07-05T04:39:05Z,505,1,0,16,1,0,1,1,1,1783226330
2026-07-05T04:39:05Z,511,10,1,13,0,0,1,1,1,1783226260
2026-07-05T04:39:05Z,512,17,0,2,0,0,1,1,1,1783225866
2026-07-05T04:39:05Z,514,7,3,3,1,0,1,1,1,1783226326
2026-07-05T04:39:05Z,515,12,1,7,0,0,1,1,1,1783225162
2026-07-05T04:39:05Z,516,20,0,6,1,0,1,1,1,1783225321
2026-07-05T04:39:05Z,517,16,7,7,0,0,1,1,1,1783223624
2026-07-05T04:39:05Z,518,7,3,8,0,0,1,1,1,1783225972
2026-07-05T04:39:05Z,519,16,0,3,0,0,1,1,1,1783222896
2026-07-05T04:39:05Z,520,4,1,21,2,0,1,1,1,1783224455
2026-07-05T04:39:05Z,521,8,1,15,0,0,1,1,1,1783225854
2026-07-05T04:39:05Z,522,14,0,9,0,0,1,1,1,1783225778
2026-07-05T04:39:05Z,523,6,1,16,1,0,1,1,1,1783223586
2026-07-05T04:39:05Z,524,12,0,9,2,0,1,1,1,1783226062
2026-07-05T04:39:05Z,525,10,0,9,0,0,1,1,1,1783226301
2026-07-05T04:39:05Z,526,11,4,3,1,0,1,1,1,1783225934
2026-07-05T04:39:05Z,527,4,3,20,2,0,1,1,1,1783226264
2026-07-05T04:39:05Z,528,12,4,10,1,0,1,1,1,1783225817
2026-07-05T04:39:05Z,529,7,2,8,4,0,1,1,1,1783226288
2026-07-05T04:39:05Z,530,10,2,10,1,0,1,1,1,1783225702
2026-07-05T04:39:05Z,531,20,1,2,0,1,1,1,1,1783226318
2026-07-05T04:39:05Z,532,2,1,28,1,0,1,1,1,1783225571
2026-07-05T04:39:05Z,533,10,0,8,1,0,1,1,1,1783225048
2026-07-05T04:39:05Z,534,5,3,16,2,0,1,1,1,1783226217
2026-07-05T04:39:05Z,535,2,0,12,1,0,1,1,1,1783225836
2026-07-05T04:39:05Z,536,21,0,1,1,0,1,1,1,1783225400
2026-07-05T04:39:05Z,537,0,0,20,1,0,1,1,1,1783225599
2026-07-05T04:39:05Z,538,15,4,3,1,0,1,1,1,1783226269
2026-07-05T04:39:05Z,539,11,2,17,3,0,1,1,1,1783226263
2026-07-05T04:39:05Z,540,10,4,9,0,0,1,1,1,1783224803
2026-07-05T04:39:05Z,541,25,1,1,1,0,1,1,1,1783226127
2026-07-05T04:39:05Z,542,5,2,18,0,0,1,1,1,1783224988
2026-07-05T04:39:05Z,543,15,1,1,3,0,1,1,1,1783226088
2026-07-05T04:39:05Z,544,17,4,4,2,0,1,1,1,1783226321
2026-07-05T04:39:05Z,545,19,0,0,0,0,1,1,1,1783226139
2026-07-05T04:39:05Z,546,1,1,18,0,0,1,1,1,1783225820
2026-07-05T04:39:05Z,547,14,1,8,1,0,1,1,1,1783225647
2026-07-05T04:39:05Z,548,0,0,22,1,0,1,1,1,1783226324
2026-07-05T04:39:05Z,549,13,0,8,0,0,1,1,1,1783226194
2026-07-05T04:39:05Z,550,1,1,18,0,0,1,1,1,1783223023
2026-07-05T04:39:05Z,551,20,6,2,1,0,1,1,1,1783225820
2026-07-05T04:39:05Z,552,16,0,11,0,0,1,1,1,1783226212
2026-07-05T04:39:05Z,553,13,3,10,0,0,1,1,1,1783225779
2026-07-05T04:39:05Z,554,3,1,16,0,0,1,1,1,1783223157
2026-07-05T04:39:05Z,555,9,3,5,1,0,1,1,1,1783224763
2026-07-05T04:39:05Z,556,7,2,14,2,0,1,1,1,1783225637
2026-07-05T04:39:05Z,557,0,0,23,0,0,0,1,1,1781719859
2026-07-05T04:39:05Z,558,1,1,35,1,0,1,1,1,1783226180
2026-07-05T04:39:05Z,559,11,0,7,1,0,1,1,1,1783225824
2026-07-05T04:39:05Z,560,4,0,23,0,0,1,1,1,1783225890
2026-07-05T04:39:05Z,561,9,0,12,2,0,1,1,1,1783226300
2026-07-05T04:39:05Z,562,4,2,30,1,0,1,1,1,1783225838
2026-07-05T04:39:05Z,563,13,0,1,0,0,1,1,1,1783218114
2026-07-05T04:39:05Z,564,14,1,4,1,0,1,1,1,1783226137
2026-07-05T04:39:05Z,565,8,1,11,0,0,1,1,1,1783225828
2026-07-05T04:39:05Z,566,4,0,14,1,0,1,1,1,1783224906
2026-07-05T04:39:05Z,567,23,2,3,1,0,1,1,1,1783224622
2026-07-05T04:39:05Z,568,1,0,18,0,0,1,1,1,1783223823
2026-07-05T04:39:05Z,569,15,1,4,0,0,1,1,1,1783225396
2026-07-05T04:39:05Z,570,10,0,9,0,0,1,1,1,1783225232
2026-07-05T04:39:05Z,571,15,2,8,0,0,1,1,1,1783226205
2026-07-05T04:39:05Z,572,12,0,7,0,0,1,1,1,1783225585
2026-07-05T04:39:05Z,573,15,1,0,0,0,1,1,1,1783219057
2026-07-05T04:39:05Z,574,5,4,10,0,0,1,1,1,1783224946
2026-07-05T04:39:05Z,575,18,0,3,0,0,1,1,1,1783226070
2026-07-05T04:39:05Z,576,0,0,19,0,0,1,1,1,1783220503
2026-07-05T04:39:05Z,577,26,1,5,0,0,1,1,1,1783226123
2026-07-05T04:39:05Z,578,3,1,20,0,0,1,1,1,1783223597
2026-07-05T04:39:05Z,579,14,0,29,0,0,1,1,1,1783225957
2026-07-05T04:39:05Z,580,13,0,16,2,0,1,1,1,1783226319
2026-07-05T04:39:05Z,581,5,0,12,2,0,1,1,1,1783226244
2026-07-05T04:39:05Z,582,7,1,50,4,0,1,1,1,1783226194
2026-07-05T04:39:05Z,583,23,0,0,0,0,1,1,1,1783218887
2026-07-05T04:39:05Z,584,3,3,12,4,0,1,1,1,1783225817
2026-07-05T04:39:05Z,585,1,0,25,0,0,1,1,1,1783225959
2026-07-05T04:39:05Z,586,30,0,5,0,0,1,1,1,1783226199
2026-07-05T04:39:05Z,587,20,0,4,1,0,1,1,1,1783225845
2026-07-05T04:39:05Z,588,18,3,1,0,0,1,1,1,1783222777
2026-07-05T04:39:05Z,589,8,6,15,0,0,1,1,1,1783225873
2026-07-05T04:39:05Z,590,6,0,25,0,0,1,1,1,1783225928
2026-07-05T04:39:05Z,591,19,5,1,2,0,1,1,1,1783224868
2026-07-05T04:39:05Z,592,8,1,15,0,0,1,1,1,1783225921
2026-07-05T04:39:05Z,593,30,0,9,0,0,1,1,1,1783225619
2026-07-05T04:39:05Z,594,4,0,16,1,0,1,1,1,1783225640
2026-07-05T04:39:05Z,595,0,0,3,0,0,0,1,1,1779985765
2026-07-05T04:39:05Z,605,0,0,3,0,0,0,1,1,1780413752
2026-07-05T04:39:05Z,606,0,0,0,0,0,0,1,1,86400
2026-07-05T04:39:05Z,607,24,0,9,0,0,1,1,1,1783225998
2026-07-05T04:39:05Z,608,26,1,28,0,0,1,1,1,1783226030
2026-07-05T04:39:05Z,609,5,2,18,0,0,1,1,1,1783226032
2026-07-05T04:39:05Z,610,0,0,35,0,0,1,1,1,1783224299
2026-07-05T04:39:05Z,611,5,2,22,0,0,1,1,1,1783226280
2026-07-05T04:39:05Z,612,4,1,11,0,0,1,1,1,1783213691
2026-07-05T04:39:05Z,613,6,1,9,0,0,1,1,1,1783225169
2026-07-05T04:39:05Z,614,1,0,24,1,1,1,1,1,1783225336
2026-07-05T04:39:05Z,617,5,1,8,2,0,1,1,1,1783223832
2026-07-05T04:39:05Z,618,10,4,8,1,0,1,1,1,1783224779
2026-07-05T04:39:05Z,619,8,1,10,1,0,1,1,1,1783224328
2026-07-05T04:39:05Z,620,6,0,17,0,0,1,1,1,1783226313
2026-07-05T04:39:05Z,621,8,3,15,0,0,1,1,1,1783226235
2026-07-05T04:39:05Z,622,10,3,10,2,1,1,1,1,1783226239
2026-07-05T04:39:05Z,623,25,5,1,3,1,1,1,1,1783226043
2026-07-05T04:39:05Z,624,4,2,8,2,1,1,1,1,1783221723
2026-07-05T04:39:05Z,625,12,2,9,0,0,1,1,1,1783225856
2026-07-05T04:39:05Z,626,25,0,18,1,2,1,1,1,1783226297
2026-07-05T04:39:05Z,627,9,9,9,1,0,1,1,1,1783225326
2026-07-05T04:39:05Z,628,6,5,11,1,1,1,1,1,1783223616
2026-07-05T04:39:05Z,629,9,3,1,1,0,1,1,1,1783226085
2026-07-05T04:39:05Z,630,13,0,11,3,0,1,1,1,1783217714
2026-07-05T04:39:05Z,631,14,1,9,0,0,1,1,1,1783225226
2026-07-05T04:39:05Z,632,10,2,9,3,0,1,1,1,1783220983
2026-07-05T04:39:05Z,633,8,0,5,1,1,1,1,1,1783200473
2026-07-05T04:39:05Z,634,5,0,13,1,0,1,1,1,1783218053
2026-07-05T04:39:05Z,635,18,0,0,1,0,1,1,1,1783226141
2026-07-05T04:39:05Z,636,7,0,8,0,0,1,1,1,1783213292
2026-07-05T04:39:05Z,637,4,2,14,1,0,1,1,1,1783204406
2026-07-05T04:39:05Z,638,11,5,6,2,0,1,1,1,1783226312
2026-07-05T04:39:05Z,639,0,0,0,3,16,0,1,1,1782287204
2026-07-05T04:39:05Z,640,6,0,17,0,0,1,1,1,1783225879
2026-07-05T04:39:05Z,641,7,0,19,1,0,1,1,1,1783226079
2026-07-05T04:39:05Z,642,3,0,11,5,0,1,1,1,1783224855
2026-07-05T04:39:05Z,643,7,3,20,0,0,1,1,1,1783226191
2026-07-05T04:39:05Z,644,0,0,9,5,1,1,1,1,1783226042
2026-07-05T04:39:05Z,645,12,0,9,1,1,1,1,1,1783222616
2026-07-05T04:39:05Z,646,9,0,9,1,0,1,1,1,1783224087
2026-07-05T04:39:05Z,647,25,2,6,0,0,1,1,1,1783226305
2026-07-05T04:39:05Z,648,13,3,5,1,0,1,1,1,1783226335
2026-07-05T04:39:05Z,649,19,1,12,0,0,1,1,1,1783225752
2026-07-05T04:39:05Z,650,10,2,5,1,0,1,1,1,1783224726
2026-07-05T04:39:05Z,651,1,0,21,1,0,1,1,1,1783223872
2026-07-05T04:39:05Z,652,19,2,2,2,0,1,1,1,1783226263
2026-07-05T04:39:05Z,653,15,2,0,4,0,1,1,1,1783226112
2026-07-05T04:39:05Z,654,2,1,13,0,0,1,1,1,1783226325
2026-07-05T04:39:05Z,655,2,0,11,2,0,1,1,1,1783226060
2026-07-05T04:39:05Z,656,17,5,2,0,0,1,1,1,1783225435
2026-07-05T04:39:05Z,657,10,1,3,4,0,1,1,1,1783226099
2026-07-05T04:39:05Z,658,10,1,9,3,1,1,1,1,1783226214
2026-07-05T04:39:05Z,659,0,0,15,0,0,1,1,1,1783225070
2026-07-05T04:39:05Z,660,22,4,8,1,0,1,1,1,1783226022
2026-07-05T04:39:05Z,661,4,0,14,1,0,1,1,1,1783226234
2026-07-05T04:39:05Z,662,0,0,19,4,0,1,1,1,1783226310
2026-07-05T04:39:05Z,663,14,2,0,0,0,1,1,1,1783226150
2026-07-05T04:39:05Z,664,0,0,27,0,0,1,1,1,1783207560
2026-07-05T04:39:05Z,665,4,1,10,1,0,1,1,1,1783225298
2026-07-05T04:39:05Z,666,8,2,7,0,0,1,1,1,1783224624
2026-07-05T04:39:05Z,667,2,0,12,3,0,1,1,1,1783225872
2026-07-05T04:39:05Z,668,8,2,10,1,0,1,1,1,1783226107
2026-07-05T04:39:05Z,669,12,1,0,2,0,1,1,1,1783225004
2026-07-05T04:39:05Z,670,9,0,18,0,0,1,1,1,1783225504
2026-07-05T04:39:05Z,671,9,1,18,0,0,1,1,1,1783225395
2026-07-05T04:39:05Z,672,17,3,3,3,0,1,1,1,1783224314
2026-07-05T04:39:05Z,673,13,1,8,1,0,1,1,1,1783222642
2026-07-05T04:39:05Z,674,5,1,17,1,0,1,1,1,1783226326
2026-07-05T04:39:05Z,675,2,0,11,1,1,1,1,1,1783226022
2026-07-05T04:39:05Z,676,20,1,2,1,0,1,1,1,1783223597
2026-07-05T04:39:05Z,681,5,5,6,4,0,1,1,1,1783225649
2026-07-05T04:39:05Z,682,10,5,8,1,0,1,1,1,1783222340
2026-07-05T04:39:05Z,683,13,1,6,0,0,1,1,1,1783224447
2026-07-05T04:39:05Z,684,15,1,10,2,0,1,1,1,1783218457
2026-07-05T04:39:05Z,685,1,0,24,1,1,1,1,1,1783224587
2026-07-05T04:39:05Z,686,10,1,14,2,1,1,1,1,1783226240
2026-07-05T04:39:05Z,687,12,3,17,1,1,1,1,1,1783226064
2026-07-05T04:39:05Z,688,10,3,8,1,0,1,1,1,1783224845
2026-07-05T04:39:05Z,692,0,0,20,1,0,1,1,1,1783225403
2026-07-05T04:39:05Z,693,9,5,2,0,0,1,1,1,1783226068
2026-07-05T04:39:05Z,694,6,2,12,3,0,1,1,1,1783226304
2026-07-05T04:39:05Z,695,4,1,19,0,0,1,1,1,1783225673
2026-07-05T04:39:05Z,696,21,10,1,1,0,1,1,1,1783226247
2026-07-05T04:39:05Z,697,4,0,18,1,0,1,1,1,1783226293
2026-07-05T04:39:05Z,698,27,2,0,0,0,1,1,1,1783226159
2026-07-05T04:39:05Z,699,3,0,11,1,0,1,1,1,1783224786
2026-07-05T04:39:05Z,700,5,0,13,1,0,1,1,1,1783225509
2026-07-05T04:39:05Z,701,7,1,12,0,0,1,1,1,1783224945
2026-07-05T04:39:05Z,702,17,7,5,1,0,1,1,1,1783226264
2026-07-05T04:39:05Z,703,23,5,0,0,0,1,1,1,1783224587
2026-07-05T04:39:05Z,704,13,2,2,0,0,1,1,1,1783225941
2026-07-05T04:39:05Z,705,9,4,5,1,0,1,1,1,1783224635
2026-07-05T04:39:05Z,706,10,3,4,1,0,1,1,1,1783225681
2026-07-05T04:39:05Z,707,15,2,0,0,0,1,1,1,1783226255
2026-07-05T04:39:05Z,708,18,3,1,0,0,1,1,1,1783226307
2026-07-05T04:39:05Z,709,14,5,0,1,0,1,1,1,1783226260
2026-07-05T04:39:05Z,710,17,1,2,0,0,1,1,1,1783226001
2026-07-05T04:39:05Z,711,14,3,1,4,0,1,1,1,1783226171
2026-07-05T04:39:05Z,712,0,0,15,0,0,1,1,1,1783225555
2026-07-05T04:39:05Z,713,6,3,17,0,0,1,1,1,1783226248
2026-07-05T04:39:05Z,716,1,0,14,0,0,1,1,1,1783224560
2026-07-05T04:39:05Z,717,9,0,12,4,0,1,1,1,1783225186
2026-07-05T04:39:05Z,718,3,1,12,0,0,1,1,1,1783226326
2026-07-05T04:39:05Z,719,8,0,21,0,0,1,1,1,1783225594
2026-07-05T04:39:05Z,720,2,0,16,1,0,1,1,1,1783226331
2026-07-05T04:39:05Z,721,11,0,11,1,0,1,1,1,1783224875
2026-07-05T04:39:05Z,722,13,2,2,0,0,1,1,1,1783226287
2026-07-05T04:39:05Z,723,1,1,21,1,0,1,1,1,1783225911
2026-07-05T04:39:05Z,724,17,1,6,0,0,1,1,1,1783226134
2026-07-05T04:39:05Z,725,22,1,0,1,0,1,1,1,1783225287
2026-07-05T04:39:05Z,726,11,1,8,0,0,1,1,1,1783225849
2026-07-05T04:39:05Z,727,9,0,14,0,0,1,1,1,1783224970
2026-07-05T04:39:05Z,728,9,2,5,1,0,1,1,1,1783226122
2026-07-05T04:39:05Z,729,13,1,4,2,0,1,1,1,1783226307
2026-07-05T04:39:05Z,730,7,1,8,0,0,1,1,1,1783225675
2026-07-05T04:39:05Z,731,1,1,14,0,0,1,1,1,1783225140
2026-07-05T04:39:05Z,732,9,0,6,0,0,1,1,1,1783225470
2026-07-05T04:39:05Z,733,1,0,25,1,0,1,1,1,1783225785
2026-07-05T04:39:05Z,734,4,1,9,1,0,1,1,1,1783225032
2026-07-05T04:39:05Z,735,2,2,16,1,0,1,1,1,1783226066
2026-07-05T04:39:05Z,736,16,2,1,2,0,1,1,1,1783197738
2026-07-05T04:39:05Z,737,8,2,7,0,0,1,1,1,1783224781
2026-07-05T04:39:05Z,738,1,1,17,1,0,1,1,1,1783225110
2026-07-05T04:39:05Z,739,7,1,18,2,0,1,1,1,1783225472
2026-07-05T04:39:05Z,741,12,4,11,0,0,1,1,1,1783224889
2026-07-05T04:39:05Z,742,11,1,28,0,0,1,1,1,1783225982
2026-07-05T04:39:05Z,743,4,1,13,2,0,1,1,1,1783226227
2026-07-05T04:39:05Z,744,3,1,12,0,0,1,1,1,1783224992
2026-07-05T04:39:05Z,745,8,1,10,1,0,1,1,1,1783226244
2026-07-05T04:39:05Z,746,0,0,23,0,0,1,1,1,1783225396
2026-07-05T04:39:05Z,747,0,0,19,0,0,1,1,1,1783224930
2026-07-05T04:39:05Z,748,12,1,9,2,0,1,1,1,1783224548
2026-07-05T04:39:05Z,749,8,0,15,0,0,1,1,1,1783225538
2026-07-05T04:39:05Z,750,1,1,8,2,0,1,1,1,1783226318
2026-07-05T04:39:05Z,751,0,0,23,0,0,1,1,1,1783226111
2026-07-05T04:39:05Z,752,13,1,3,1,0,1,1,1,1783224191
2026-07-05T04:39:05Z,753,8,0,6,1,0,1,1,1,1783226013
2026-07-05T04:39:05Z,754,6,0,9,0,0,1,1,1,1783225748
2026-07-05T04:39:05Z,755,9,1,9,1,0,1,1,1,1783225656
2026-07-05T04:39:05Z,756,1,0,35,1,0,1,1,1,1783225452
2026-07-05T04:39:05Z,757,4,4,15,0,0,1,1,1,1783225132
2026-07-05T04:39:05Z,758,21,4,2,0,0,1,1,1,1783225646
2026-07-05T04:39:05Z,759,6,0,9,0,0,1,1,1,1783225757
2026-07-05T04:39:05Z,760,4,0,13,2,0,1,1,1,1783223765
2026-07-05T04:39:05Z,761,6,1,16,1,0,1,1,1,1783226208
2026-07-05T04:39:05Z,762,3,0,10,2,0,1,1,1,1783225881
2026-07-05T04:39:05Z,768,5,0,11,3,0,1,1,1,1783226335
2026-07-05T04:39:05Z,769,5,1,10,3,0,1,1,1,1783226293
2026-07-05T04:39:05Z,770,11,2,8,0,0,1,1,1,1783225751
2026-07-05T04:39:05Z,771,10,0,5,0,0,1,1,1,1783225926
2026-07-05T04:39:05Z,772,12,6,3,0,0,1,1,1,1783225980
2026-07-05T04:39:05Z,773,4,2,14,1,0,1,1,1,1783226246
2026-07-05T04:39:05Z,774,3,0,10,2,0,1,1,1,1783226051
2026-07-05T04:39:05Z,775,13,2,4,2,0,1,1,1,1783221743
2026-07-05T04:39:05Z,776,6,0,14,1,0,1,1,1,1783224814
2026-07-05T04:39:05Z,777,11,2,1,3,0,1,1,1,1783225788
2026-07-05T04:39:05Z,778,4,0,13,2,0,1,1,1,1783223905
2026-07-05T04:39:05Z,779,14,0,4,1,0,1,1,1,1783225688
2026-07-05T04:39:05Z,780,11,5,5,2,1,1,1,1,1783226319
2026-07-05T04:39:05Z,781,1,1,9,1,0,1,1,1,1783217403
2026-07-05T04:39:05Z,782,7,2,11,1,0,1,1,1,1783225357
2026-07-05T04:39:05Z,783,8,6,8,3,0,1,1,1,1783220560
2026-07-05T04:39:05Z,784,0,0,18,1,0,1,1,1,1783225879
2026-07-05T04:39:05Z,785,9,1,5,5,0,1,1,1,1783225581
2026-07-05T04:39:05Z,786,0,0,18,1,0,1,1,1,1783211324
2026-07-05T04:39:05Z,787,0,0,15,0,0,1,1,1,1783225545
2026-07-05T04:39:05Z,788,10,1,5,0,0,1,1,1,1783225811
2026-07-05T04:39:05Z,789,12,1,1,2,0,1,1,1,1783224746
2026-07-05T04:39:05Z,790,4,3,19,0,0,1,1,1,1783225218
2026-07-05T04:39:05Z,791,0,0,19,0,0,1,1,1,1783226325
2026-07-05T04:39:05Z,793,11,1,3,1,0,1,1,1,1783225974
2026-07-05T04:39:05Z,794,5,2,24,0,0,1,1,1,1783225856
2026-07-05T04:39:05Z,796,1,0,15,3,0,1,1,1,1783226334
2026-07-05T04:39:05Z,797,1,1,14,0,0,1,1,1,1783226250
2026-07-05T04:39:05Z,798,1,0,23,1,0,1,1,1,1783225205
2026-07-05T04:39:05Z,799,3,1,15,1,0,1,1,1,1783226303
2026-07-05T04:39:05Z,800,3,0,16,2,0,1,1,1,1783225999
2026-07-05T04:39:05Z,801,5,3,14,2,0,1,1,1,1783224473
2026-07-05T04:39:05Z,802,2,0,28,0,1,1,1,1,1783224542
2026-07-05T04:39:05Z,803,2,1,13,0,0,1,1,1,1783226122
2026-07-05T04:39:05Z,806,0,0,11,4,0,1,1,1,1783225046
2026-07-05T04:39:05Z,807,17,1,7,1,0,1,1,1,1783225748
2026-07-05T04:39:05Z,808,9,0,15,1,0,1,1,1,1783225355
2026-07-05T04:39:05Z,809,5,1,18,0,0,1,1,1,1783225978
2026-07-05T04:39:05Z,810,8,5,10,1,0,1,1,1,1783225994
2026-07-05T04:39:05Z,815,5,2,9,1,0,1,1,1,1783226259
2026-07-05T04:39:05Z,817,3,0,5,7,0,1,1,1,1783225793
2026-07-05T04:39:05Z,818,3,2,20,0,0,1,1,1,1783224550
2026-07-05T04:39:05Z,819,6,6,6,3,0,1,1,1,1783225904
2026-07-05T04:39:05Z,820,6,1,9,2,0,1,1,1,1783225483
2026-07-05T04:39:05Z,821,9,0,5,1,0,1,1,1,1783225513
2026-07-05T04:39:05Z,822,4,0,17,2,0,1,1,1,1783226010
2026-07-05T04:39:05Z,823,0,0,15,0,0,1,1,1,1783226163
2026-07-05T04:39:05Z,824,3,2,15,1,0,1,1,1,1783226297
2026-07-05T04:39:05Z,825,9,2,6,0,0,1,1,1,1783218366
2026-07-05T04:39:05Z,826,8,0,10,1,0,1,1,1,1783224889
2026-07-05T04:39:05Z,827,7,1,13,1,0,1,1,1,1783226137
2026-07-05T04:39:05Z,828,1,0,16,1,0,1,1,1,1783225104
2026-07-05T04:39:05Z,829,1,0,26,0,0,1,1,1,1783212589
2026-07-05T04:39:05Z,830,23,3,0,0,0,1,1,1,1783225588
2026-07-05T04:39:05Z,831,4,1,4,7,0,1,1,1,1783225556
2026-07-05T04:39:05Z,832,13,2,5,0,0,1,1,1,1783226320
2026-07-05T04:39:05Z,833,18,11,0,1,0,1,1,1,1783226303
2026-07-05T04:39:05Z,834,0,0,24,0,0,1,1,1,1783226286
2026-07-05T04:39:05Z,835,12,8,6,0,0,1,1,1,1783225754
2026-07-05T04:39:05Z,837,3,0,5,7,0,1,1,1,1783225578
2026-07-05T04:39:05Z,838,5,2,6,4,0,1,1,1,1783226282
2026-07-05T04:39:05Z,839,18,3,10,1,0,1,1,1,1783225409
2026-07-05T04:39:05Z,840,1,0,27,1,0,1,1,1,1783225832
2026-07-05T04:39:05Z,841,4,2,8,3,0,1,1,1,1783225147
2026-07-05T04:39:05Z,842,4,0,18,0,1,1,1,1,1783226259
2026-07-05T04:39:05Z,843,1,0,28,2,0,1,1,1,1783226153
2026-07-05T04:39:05Z,844,5,0,18,0,0,1,1,1,1783225667
2026-07-05T04:39:05Z,845,8,0,11,0,0,1,1,1,1783225171
2026-07-05T04:39:05Z,846,7,1,11,0,1,1,1,1,1783225645
2026-07-05T04:39:05Z,847,0,0,27,0,0,1,1,1,1783226170
2026-07-05T04:39:05Z,848,6,0,13,0,0,1,1,1,1783225835
2026-07-05T04:39:05Z,849,0,0,10,5,0,1,1,1,1783225469
2026-07-05T04:39:05Z,850,5,2,6,0,0,1,1,1,1783226311
2026-07-05T04:39:05Z,851,24,2,11,2,0,1,1,1,1783226241
2026-07-05T04:39:05Z,852,3,0,15,1,0,1,1,1,1783224885
2026-07-05T04:39:05Z,853,10,2,12,1,0,1,1,1,1783225743
2026-07-05T04:39:05Z,854,4,0,10,1,0,1,1,1,1783225890
2026-07-05T04:39:05Z,855,25,0,2,0,0,1,1,1,1783224573
2026-07-05T04:39:05Z,857,8,6,10,1,0,1,1,1,1783224927
2026-07-05T04:39:05Z,858,1,0,17,1,0,1,1,1,1783222451
2026-07-05T04:39:05Z,859,9,3,12,0,0,1,1,1,1783225022
2026-07-05T04:39:05Z,861,4,0,7,0,0,1,1,1,1783226279
2026-07-05T04:39:05Z,862,4,0,11,0,0,1,1,1,1783225999
2026-07-05T04:39:05Z,863,7,3,11,1,0,1,1,1,1783216283
2026-07-05T04:39:05Z,866,18,0,1,0,0,1,1,1,1783213234
2026-07-05T04:39:05Z,867,8,0,7,0,0,1,1,1,1783225263
2026-07-05T04:39:05Z,868,11,0,4,0,0,1,1,1,1783225854
2026-07-05T04:39:05Z,870,11,3,3,1,0,1,1,1,1783225953
2026-07-05T04:39:05Z,871,3,0,8,0,0,1,1,1,1783225208
2026-07-05T04:39:05Z,872,6,3,9,0,0,1,1,1,1783225991
2026-07-05T04:39:05Z,873,0,0,31,2,0,1,1,1,1783226230
2026-07-05T04:39:05Z,874,14,1,0,1,0,1,1,1,1783224548
2026-07-05T04:39:05Z,875,3,1,12,0,0,1,1,1,1783225418
2026-07-05T04:39:05Z,877,7,3,12,0,0,1,1,1,1783225854
2026-07-05T04:39:05Z,878,9,0,10,0,0,1,1,1,1783225744
2026-07-05T04:39:05Z,879,7,0,11,1,0,1,1,1,1783225398
2026-07-05T04:39:05Z,880,11,2,12,0,0,1,1,1,1783225110
2026-07-05T04:39:05Z,881,2,1,13,4,0,1,1,1,1783226061
2026-07-05T04:39:05Z,882,10,5,9,0,0,1,1,1,1783226327
2026-07-05T04:39:05Z,883,12,6,6,1,0,1,1,1,1783224720
2026-07-05T04:39:05Z,884,10,5,11,0,0,1,1,1,1783183865
2026-07-05T04:39:05Z,885,8,3,11,0,0,1,1,1,1783226240
2026-07-05T04:39:05Z,886,2,2,23,4,0,1,1,1,1783225756
2026-07-05T04:39:05Z,887,2,0,14,1,0,1,1,1,1783225333
2026-07-05T04:39:05Z,888,0,0,40,1,0,1,1,1,1783226102
2026-07-05T04:39:05Z,889,11,1,8,0,0,1,1,1,1783225224
2026-07-05T04:39:05Z,890,8,2,7,0,0,1,1,1,1783217856
2026-07-05T04:39:05Z,891,7,1,15,1,0,1,1,1,1783225728
2026-07-05T04:39:05Z,892,15,5,0,0,0,1,1,1,1783224185
2026-07-05T04:39:05Z,895,6,2,13,0,0,1,1,1,1783226008
2026-07-05T04:39:05Z,896,30,8,5,0,0,1,1,1,1783224989
2026-07-05T04:39:05Z,897,11,1,9,1,0,1,1,1,1783225293
2026-07-05T04:39:05Z,898,7,1,12,0,0,1,1,1,1783225407
2026-07-05T04:39:05Z,899,18,3,1,0,0,1,1,1,1783226165
2026-07-05T04:39:05Z,900,25,1,1,1,0,1,1,1,1783226078
2026-07-05T04:39:05Z,901,8,0,10,1,0,1,1,1,1783226155
2026-07-05T04:39:05Z,902,0,0,15,0,0,1,1,1,1783225346
2026-07-05T04:39:05Z,903,1,0,18,0,0,1,1,1,1783225142
2026-07-05T04:39:05Z,904,13,0,4,2,0,1,1,1,1783225447
2026-07-05T04:39:05Z,905,14,9,13,0,0,1,1,1,1783225994
2026-07-05T04:39:05Z,906,19,9,8,0,0,1,1,1,1783225298
2026-07-05T04:39:05Z,907,13,0,18,0,0,1,1,1,1783226188
2026-07-05T04:39:05Z,908,8,0,15,0,0,1,1,1,1783225768
2026-07-05T04:39:05Z,909,21,9,1,1,0,1,1,1,1783226258
2026-07-05T04:39:05Z,910,2,0,28,1,0,1,1,1,1783226331
2026-07-05T04:39:05Z,911,10,0,8,1,0,1,1,1,1783225224
2026-07-05T04:39:05Z,912,12,0,9,2,0,1,1,1,1783226022
2026-07-05T04:39:05Z,913,10,1,9,0,0,1,1,1,1783211292
2026-07-05T04:39:05Z,914,15,0,2,2,0,1,1,1,1783225803
2026-07-05T04:39:05Z,915,19,0,3,1,0,1,1,1,1783226285
2026-07-05T04:39:05Z,916,9,2,13,1,0,1,1,1,1783225409
2026-07-05T04:39:05Z,917,4,1,31,0,0,1,1,1,1783225942
2026-07-05T04:39:05Z,918,18,3,0,1,0,1,1,1,1783225774
2026-07-05T04:39:05Z,919,36,4,2,0,0,1,1,1,1783226012
2026-07-05T04:39:05Z,920,3,3,16,0,0,1,1,1,1783224748
2026-07-05T04:39:05Z,921,3,0,15,3,0,1,1,1,1783219782
2026-07-05T04:39:05Z,922,9,1,12,0,0,1,1,1,1783224412
2026-07-05T04:39:05Z,923,0,0,18,1,0,1,1,1,1783226259
2026-07-05T04:39:05Z,924,16,2,5,0,0,1,1,1,1783225038
2026-07-05T04:39:05Z,925,1,1,19,1,0,1,1,1,1783225418
2026-07-05T04:39:05Z,926,8,1,13,0,0,1,1,1,1783225507
2026-07-05T04:39:05Z,927,16,0,17,2,0,1,1,1,1783226147
2026-07-05T04:39:05Z,928,12,1,5,2,0,1,1,1,1783225635
2026-07-05T04:39:05Z,929,12,0,11,0,0,1,1,1,1783225749
2026-07-05T04:39:05Z,930,22,0,9,0,0,1,1,1,1783225557
2026-07-05T04:39:05Z,931,2,2,20,1,0,1,1,1,1783226097
2026-07-05T04:39:05Z,932,8,1,10,1,0,1,1,1,1783226068
2026-07-05T04:39:05Z,933,16,0,6,1,0,1,1,1,1783225609
2026-07-05T04:39:05Z,934,7,0,23,1,0,1,1,1,1783226197
2026-07-05T04:39:05Z,935,1,0,15,3,0,1,1,1,1783225697
2026-07-05T04:39:05Z,936,18,3,1,0,0,1,1,1,1783225497
2026-07-05T04:39:05Z,940,6,0,4,1,0,1,1,1,1783226330
2026-07-05T04:39:05Z,941,7,0,18,0,0,1,1,1,1783226061
2026-07-05T04:39:05Z,942,8,3,13,0,0,1,1,1,1783226186
2026-07-05T04:39:05Z,943,4,4,10,1,0,1,1,1,1783225443
2026-07-05T04:39:05Z,944,5,5,9,1,0,1,1,1,1783219032
2026-07-05T04:39:05Z,945,9,5,6,0,0,1,1,1,1783225797
2026-07-05T04:39:05Z,946,8,6,11,0,0,1,1,1,1783225728
2026-07-05T04:39:05Z,947,7,5,10,0,0,1,1,1,1783224714
2026-07-05T04:39:05Z,948,18,3,10,3,0,1,1,1,1783225932
2026-07-05T04:39:05Z,949,1,0,14,0,0,1,1,1,1783225723
2026-07-05T04:39:05Z,950,13,5,2,2,0,1,1,1,1783226244
2026-07-05T04:39:05Z,951,5,0,17,1,0,1,1,1,1783224922
2026-07-05T04:39:05Z,952,16,0,36,3,0,1,1,1,1783225983
2026-07-05T04:39:05Z,953,13,0,0,2,0,1,1,1,1783225731
2026-07-05T04:39:05Z,954,15,2,3,1,0,1,1,1,1783226192
2026-07-05T04:39:05Z,955,2,2,19,6,0,1,1,1,1783226188
2026-07-05T04:39:05Z,956,1,0,17,1,0,1,1,1,1783225949
2026-07-05T04:39:05Z,957,3,0,25,1,0,1,1,1,1783225702
2026-07-05T04:39:05Z,958,7,0,23,1,0,1,1,1,1783226323
2026-07-05T04:39:05Z,959,3,2,19,1,0,1,1,1,1783226279
2026-07-05T04:39:05Z,960,22,4,0,1,0,1,1,1,1783225440
2026-07-05T04:39:05Z,961,8,4,15,0,0,1,1,1,1783225126
2026-07-05T04:39:05Z,962,3,1,25,7,0,1,1,1,1783225530
2026-07-05T04:39:05Z,963,5,0,18,0,0,1,1,1,1783225456
2026-07-05T04:39:05Z,964,6,1,16,1,0,1,1,1,1783226110
2026-07-05T04:39:05Z,965,8,1,17,2,0,1,1,1,1783224717
2026-07-05T04:39:05Z,966,4,0,27,0,0,1,1,1,1783225971
2026-07-05T04:39:05Z,967,9,1,8,4,0,1,1,1,1783225964
2026-07-05T04:39:05Z,968,11,0,8,0,0,1,1,1,1783225337
2026-07-05T04:39:05Z,969,11,2,15,1,0,1,1,1,1783225966
2026-07-05T04:39:05Z,970,14,4,2,3,0,1,1,1,1783226253
2026-07-05T04:39:05Z,971,22,0,0,1,0,1,1,1,1783225481
2026-07-05T04:39:05Z,972,4,2,18,1,0,1,1,1,1783226168
2026-07-05T04:39:05Z,973,3,1,18,2,0,1,1,1,1783226289
2026-07-05T04:39:05Z,974,17,0,10,0,0,1,1,1,1783225760
2026-07-05T04:39:05Z,977,5,3,15,1,0,1,1,1,1783225819
2026-07-05T04:39:05Z,978,18,3,5,0,0,1,1,1,1783225610
2026-07-05T04:39:05Z,979,10,0,4,3,0,1,1,1,1783225799
2026-07-05T04:39:05Z,980,6,0,15,0,0,1,1,1,1783223432
2026-07-05T04:39:05Z,981,4,1,16,1,0,1,1,1,1783225069
2026-07-05T04:39:05Z,982,9,3,9,1,0,1,1,1,1783225586
2026-07-05T04:39:05Z,983,1,0,22,0,0,1,1,1,1783224949
2026-07-05T04:39:05Z,984,15,10,7,1,0,1,1,1,1783225082
2026-07-05T04:39:05Z,985,1,0,28,1,1,1,1,1,1783226268
2026-07-05T04:39:05Z,986,6,6,12,1,0,1,1,1,1783225863
2026-07-05T04:39:05Z,987,3,0,20,0,0,1,1,1,1783226073
2026-07-05T04:39:05Z,988,10,3,8,1,0,1,1,1,1783226138
2026-07-05T04:39:05Z,989,14,11,4,1,0,1,1,1,1783226108
2026-07-05T04:39:05Z,990,13,3,1,1,0,1,1,1,1783225730
2026-07-05T04:39:05Z,991,18,10,1,0,0,1,1,1,1783226280
2026-07-05T04:39:05Z,992,6,1,17,0,0,1,1,1,1783225355
2026-07-05T04:39:05Z,993,0,0,27,0,0,1,1,1,1783225903
2026-07-05T04:39:05Z,994,8,1,9,4,0,1,1,1,1783226083
2026-07-05T04:39:05Z,995,10,1,17,0,0,1,1,1,1783225389
2026-07-05T04:39:05Z,996,9,4,14,0,0,1,1,1,1783226029
2026-07-05T04:39:05Z,997,9,5,10,4,0,1,1,1,1783226053
2026-07-05T04:39:05Z,998,8,0,15,0,0,1,1,1,1783225913
2026-07-05T04:39:05Z,999,8,2,11,1,1,1,1,1,1783225262
2026-07-05T04:39:05Z,1000,8,1,13,0,0,1,1,1,1783225755
2026-07-05T04:39:05Z,1001,1,0,26,0,0,1,1,1,1783226112
2026-07-05T04:39:05Z,1002,9,1,22,0,0,1,1,1,1783225540
2026-07-05T04:39:05Z,1003,2,1,21,0,0,1,1,1,1783224589
2026-07-05T04:39:05Z,1004,12,2,11,0,0,1,1,1,1783225392
2026-07-05T04:39:05Z,1005,7,2,15,1,0,1,1,1,1783225396
2026-07-05T04:39:05Z,1006,13,3,6,0,0,1,1,1,1783225986
2026-07-05T04:39:05Z,1007,6,3,15,0,0,1,1,1,1783225768
2026-07-05T04:39:05Z,1008,8,4,14,1,0,1,1,1,1783225815
2026-07-05T04:39:05Z,1009,8,0,22,1,0,1,1,1,1783225320
2026-07-05T04:39:05Z,1010,12,8,15,0,0,1,1,1,1783226200
2026-07-05T04:39:05Z,1011,7,7,12,0,0,1,1,1,1783225921
2026-07-05T04:39:05Z,1012,2,2,18,3,0,1,1,1,1783225880
2026-07-05T04:39:05Z,1013,8,2,13,2,0,1,1,1,1783225226
2026-07-05T04:39:05Z,1014,8,4,15,0,0,1,1,1,1783225296
2026-07-05T04:39:05Z,1015,8,3,23,0,0,1,1,1,1783225090
2026-07-05T04:39:05Z,1016,16,4,15,0,0,1,1,1,1783225608
2026-07-05T04:39:05Z,1017,10,3,10,1,0,1,1,1,1783225324
2026-07-05T04:39:05Z,1018,8,6,12,1,0,1,1,1,1783226150
2026-07-05T04:39:05Z,1019,13,2,2,0,0,1,1,1,1783225723
2026-07-05T04:39:05Z,1020,11,1,10,0,0,1,1,1,1783224775
2026-07-05T04:39:05Z,1021,10,4,5,0,0,1,1,1,1783225769
2026-07-05T04:39:05Z,1022,10,0,17,0,0,1,1,1,1783225654
2026-07-05T04:39:05Z,1023,16,0,7,0,0,1,1,1,1783225921
2026-07-05T04:39:05Z,1024,9,2,10,0,0,1,1,1,1783225633
2026-07-05T04:39:05Z,1025,12,1,6,1,0,1,1,1,1783225267
2026-07-05T04:39:05Z,1026,6,1,22,3,0,1,1,1,1783225486
2026-07-05T04:39:05Z,1028,18,5,5,0,0,1,1,1,1783225709
2026-07-05T04:39:05Z,1029,5,2,6,4,0,1,1,1,1783224695
2026-07-05T04:39:05Z,1030,16,2,6,1,0,1,1,1,1783225724
2026-07-05T04:39:05Z,1031,0,0,19,0,0,1,1,1,1783225016
2026-07-05T04:39:05Z,1032,16,3,3,0,0,1,1,1,1783225420
2026-07-05T04:39:05Z,1033,12,9,6,1,0,1,1,1,1783225032
2026-07-05T04:39:05Z,1034,9,1,5,1,0,1,1,1,1783225584
2026-07-05T04:39:05Z,1035,7,0,12,0,0,1,1,1,1783225250
2026-07-05T04:39:05Z,1036,11,4,4,0,0,1,1,1,1783225115
2026-07-05T04:39:05Z,1037,2,1,16,1,0,1,1,1,1783225885
2026-07-05T04:39:05Z,1038,6,0,9,0,0,1,1,1,1783224641
2026-07-05T04:39:05Z,1039,6,2,13,0,0,1,1,1,1783225371
2026-07-05T04:39:05Z,1040,1,0,18,0,0,1,1,1,1783226200
2026-07-05T04:39:05Z,1041,4,3,15,0,0,1,1,1,1783225520
2026-07-05T04:39:05Z,1042,15,3,0,0,0,1,1,1,1783225492
2026-07-05T04:39:05Z,1043,8,2,10,1,0,1,1,1,1783226177
2026-07-05T04:39:05Z,1044,4,2,9,2,0,1,1,1,1783226291
2026-07-05T04:39:05Z,1045,6,2,12,1,0,1,1,1,1783225382
2026-07-05T04:39:05Z,1046,4,0,7,4,0,1,1,1,1783225761
2026-07-05T04:39:05Z,1047,0,0,21,0,0,1,1,1,1783225383
2026-07-05T04:39:05Z,1048,10,0,9,0,0,1,1,1,1783225291
2026-07-05T04:39:05Z,1049,13,1,7,1,0,1,1,1,1783225752
2026-07-05T04:39:05Z,1050,17,7,4,0,0,1,1,1,1783224628
2026-07-05T04:39:05Z,1051,19,3,2,0,0,1,1,1,1783225179
2026-07-05T04:39:05Z,1052,10,1,10,2,0,1,1,1,1783226055
2026-07-05T04:39:05Z,1053,8,2,7,0,0,1,1,1,1783226106
2026-07-05T04:39:05Z,1054,8,0,6,1,0,1,1,1,1783226119
2026-07-05T04:39:05Z,1055,13,0,6,0,0,1,1,1,1783226277
2026-07-05T04:39:05Z,1057,10,0,8,1,0,1,1,1,1783226318
2026-07-05T04:39:05Z,1058,15,0,40,1,0,1,1,1,1783226041
2026-07-05T04:39:05Z,1059,9,2,10,0,0,1,1,1,1783226141
2026-07-05T04:39:05Z,1060,13,1,24,0,0,1,1,1,1783226219
2026-07-05T04:39:05Z,1061,1,1,36,0,0,1,1,1,1783224017
2026-07-05T04:39:05Z,1062,3,0,13,1,0,1,1,1,1783226124
2026-07-05T04:39:05Z,1063,11,4,7,1,0,1,1,1,1783225528
2026-07-05T04:39:05Z,1064,10,1,12,1,0,1,1,1,1783225392
2026-07-05T04:39:05Z,1065,9,3,13,1,0,1,1,1,1783225604
2026-07-05T04:39:05Z,1066,16,5,7,0,0,1,1,1,1783226140
2026-07-05T04:39:05Z,1067,12,1,10,1,0,1,1,1,1783225814
2026-07-05T04:39:05Z,1068,13,0,10,0,0,1,1,1,1783225787
2026-07-05T04:39:05Z,1069,0,0,23,0,0,1,1,1,1783226108
2026-07-05T04:39:05Z,1070,7,4,15,1,0,1,1,1,1783224920
2026-07-05T04:39:05Z,1071,1,0,22,0,0,1,1,1,1783225071
2026-07-05T04:39:05Z,1072,14,1,8,1,0,1,1,1,1783225764
2026-07-05T04:39:05Z,1073,7,1,18,2,0,1,1,1,1783226105
2026-07-05T04:39:05Z,1074,23,2,26,4,0,1,1,1,1783226280
2026-07-05T04:39:05Z,1075,12,11,9,0,0,1,1,1,1783225444
2026-07-05T04:39:05Z,1076,11,5,10,0,0,1,1,1,1783226139
2026-07-05T04:39:05Z,1077,8,8,13,0,0,1,1,1,1783225579
2026-07-05T04:39:05Z,1078,12,2,9,0,0,1,1,1,1783225799
2026-07-05T04:39:05Z,1079,14,12,7,0,0,1,1,1,1783225604
2026-07-05T04:39:05Z,1080,8,8,13,0,0,1,1,1,1783221802
2026-07-05T04:39:05Z,1081,14,14,5,0,0,1,1,1,1783225515
2026-07-05T04:39:05Z,1082,15,11,8,0,0,1,1,1,1783225504
2026-07-05T04:39:05Z,1083,7,4,13,1,0,1,1,1,1783225353
2026-07-05T04:39:05Z,1084,8,6,13,0,0,1,1,1,1783225383
2026-07-05T04:39:05Z,1085,8,6,13,0,0,1,1,1,1783225600
2026-07-05T04:39:05Z,1086,10,7,11,0,0,1,1,1,1783225505
2026-07-05T04:39:05Z,1087,7,5,8,0,0,1,1,1,1783224779
2026-07-05T04:39:05Z,1088,9,9,6,0,0,1,1,1,1783226334
2026-07-05T04:39:05Z,1089,5,5,10,0,0,1,1,1,1783225450
2026-07-05T04:39:05Z,1090,8,7,7,0,0,1,1,1,1783225584
2026-07-05T04:39:05Z,1091,9,7,6,0,0,1,1,1,1783226024
2026-07-05T04:39:05Z,1092,8,8,7,0,0,1,1,1,1783225302
2026-07-05T04:39:05Z,1093,6,6,9,0,0,1,1,1,1783224932
2026-07-05T04:39:05Z,1094,12,7,7,0,0,1,1,1,1783225046
2026-07-05T04:39:05Z,1095,9,9,6,0,0,1,1,1,1783225426
2026-07-05T04:39:05Z,1096,12,10,7,0,0,1,1,1,1783224775
2026-07-05T04:39:05Z,1097,9,6,6,0,0,1,1,1,1783225430
2026-07-05T04:39:05Z,1098,8,7,10,1,0,1,1,1,1783226304
2026-07-05T04:39:05Z,1099,6,6,9,0,0,1,1,1,1783224855
2026-07-05T04:39:05Z,1100,7,5,20,2,0,1,1,1,1783224587
2026-07-05T04:39:05Z,1101,10,5,11,0,0,1,1,1,1783225988
2026-07-05T04:39:05Z,1102,10,5,3,0,0,1,1,1,1783225845
2026-07-05T04:39:05Z,1103,10,5,11,0,0,1,1,1,1783225431
2026-07-05T04:39:05Z,1104,10,5,11,0,0,1,1,1,1783225977
2026-07-05T04:39:05Z,1105,8,2,3,2,0,1,1,1,1783225581
2026-07-05T04:39:05Z,1106,10,5,11,0,0,1,1,1,1783224620
2026-07-05T04:39:05Z,1107,11,5,4,0,0,1,1,1,1783225709
2026-07-05T04:39:05Z,1108,8,6,17,2,0,1,1,1,1783225956
2026-07-05T04:39:05Z,1109,9,4,6,0,0,1,1,1,1783226031
2026-07-05T04:39:05Z,1110,8,2,13,0,0,1,1,1,1783225848
2026-07-05T04:39:05Z,1111,11,0,10,0,0,1,1,1,1783226063
2026-07-05T04:39:05Z,1112,44,0,8,1,0,1,1,1,1783225154
2026-07-05T04:39:05Z,1113,2,0,19,0,0,1,1,1,1783226176
2026-07-05T04:39:05Z,1115,13,1,10,0,0,1,1,1,1783225395
2026-07-05T04:39:05Z,1116,9,0,10,0,0,1,1,1,1783225081
2026-07-05T04:39:05Z,1117,2,1,20,1,0,1,1,1,1783225522
2026-07-05T04:39:05Z,1118,15,0,6,0,0,1,1,1,1783226009
2026-07-05T04:39:05Z,1119,6,1,11,0,0,1,1,1,1783225109
2026-07-05T04:39:05Z,1120,1,0,15,3,0,1,1,1,1783225491
2026-07-05T04:39:05Z,1121,9,0,11,1,0,1,1,1,1783224714
2026-07-05T04:39:05Z,1122,12,4,8,0,1,1,1,1,1783226234
2026-07-05T04:39:05Z,1123,2,1,20,1,0,1,1,1,1783225286
2026-07-05T04:39:05Z,1124,14,2,0,1,0,1,1,1,1783225472
2026-07-05T04:39:05Z,1125,17,3,6,0,0,1,1,1,1783225466
2026-07-05T04:39:05Z,1126,9,1,10,2,0,1,1,1,1783225492
2026-07-05T04:39:05Z,1127,5,1,12,2,0,1,1,1,1783225586
2026-07-05T04:39:05Z,1128,14,2,1,0,0,1,1,1,1783225409
2026-07-05T04:39:05Z,1129,12,1,8,1,0,1,1,1,1783226091
2026-07-05T04:39:05Z,1130,3,0,10,2,0,1,1,1,1783225538
2026-07-05T04:39:05Z,1131,0,0,48,1,0,1,1,1,1783224986
2026-07-05T04:39:05Z,1132,15,2,5,1,0,1,1,1,1783226190
2026-07-05T04:39:05Z,1133,9,3,11,1,0,1,1,1,1783226290
2026-07-05T04:39:05Z,1134,10,6,9,0,0,1,1,1,1783226046
2026-07-05T04:39:05Z,1135,8,4,13,0,0,1,1,1,1783226258
2026-07-05T04:39:05Z,1136,16,0,5,2,0,1,1,1,1783226293
2026-07-05T04:39:05Z,1137,9,2,6,0,0,1,1,1,1783226117
2026-07-05T04:39:05Z,1138,13,0,6,0,0,1,1,1,1783224696
2026-07-05T04:39:05Z,1139,1,0,20,0,0,1,1,1,1783223577
2026-07-05T04:39:05Z,1140,9,2,10,4,0,1,1,1,1783226126
2026-07-05T04:39:05Z,1141,4,1,16,1,0,1,1,1,1783226130
2026-07-05T04:39:05Z,1142,3,0,18,0,0,1,1,1,1783226281
2026-07-05T04:39:05Z,1143,28,2,1,0,0,1,1,1,1783225732
2026-07-05T04:39:05Z,1144,13,1,7,1,0,1,1,1,1783225174
2026-07-05T04:39:05Z,1145,8,3,10,2,1,1,1,1,1783224950
2026-07-05T04:39:05Z,1146,14,0,4,1,0,1,1,1,1783226304
2026-07-05T04:39:05Z,1147,9,2,10,0,0,1,1,1,1783225145
2026-07-05T04:39:05Z,1148,19,2,12,0,0,1,1,1,1783226031
2026-07-05T04:39:05Z,1149,14,4,11,0,0,1,1,1,1783225421
2026-07-05T04:39:05Z,1150,16,0,3,0,0,1,1,1,1783225668
2026-07-05T04:39:05Z,1151,11,0,9,1,0,1,1,1,1783225938
2026-07-05T04:39:05Z,1152,6,2,20,3,0,1,1,1,1783226325
2026-07-05T04:39:05Z,1153,10,0,12,1,0,1,1,1,1783226304
2026-07-05T04:39:05Z,1154,10,1,6,3,0,1,1,1,1783225680
2026-07-05T04:39:05Z,1155,5,2,14,2,0,1,1,1,1783226262
2026-07-05T04:39:05Z,1158,7,0,12,0,0,1,1,1,1783225225
2026-07-05T04:39:05Z,1159,6,2,13,0,0,1,1,1,1783226131
2026-07-05T04:39:05Z,1160,10,3,8,1,0,1,1,1,1783226149
2026-07-05T04:39:05Z,1161,5,2,14,0,0,1,1,1,1783225636
2026-07-05T04:39:05Z,1162,12,6,7,0,0,1,1,1,1783225090
2026-07-05T04:39:05Z,1163,2,0,16,1,0,1,1,1,1783225005
2026-07-05T04:39:05Z,1164,9,2,9,1,0,1,1,1,1783225404
2026-07-05T04:39:05Z,1165,2,1,18,1,0,1,1,1,1783224816
2026-07-05T04:39:05Z,1166,5,0,15,1,0,1,1,1,1783225980
2026-07-05T04:39:05Z,1167,12,2,3,0,0,1,1,1,1783225673
2026-07-05T04:39:05Z,1168,5,1,18,0,0,1,1,1,1783225370
2026-07-05T04:39:05Z,1169,0,0,18,1,0,1,1,1,1783224733
2026-07-05T04:39:05Z,1170,0,0,21,0,0,1,1,1,1783225928
2026-07-05T04:39:05Z,1171,10,9,12,1,0,1,1,1,1783224795
2026-07-05T04:39:05Z,1172,10,3,5,0,0,1,1,1,1783225690
2026-07-05T04:39:05Z,1173,0,0,19,0,0,1,1,1,1783225997
2026-07-05T04:39:05Z,1174,1,0,14,0,0,1,1,1,1783225515
2026-07-05T04:39:05Z,1175,1,0,17,1,0,1,1,1,1783225130
2026-07-05T04:39:05Z,1176,18,4,3,0,0,1,1,1,1783217041
2026-07-05T04:39:05Z,1177,11,4,10,0,0,1,1,1,1783225198
2026-07-05T04:39:05Z,1178,7,3,7,1,0,1,1,1,1783226198
2026-07-05T04:39:05Z,1181,4,0,11,0,0,1,1,1,1783225286
2026-07-05T04:39:05Z,1182,2,0,17,1,0,1,1,1,1783225974
2026-07-05T04:39:05Z,1183,0,0,36,1,0,1,1,1,1783226073
2026-07-05T04:39:05Z,1184,1,1,17,3,0,1,1,1,1783226184
2026-07-05T04:39:05Z,1185,10,5,11,0,0,1,1,1,1783226013
2026-07-05T04:39:05Z,1186,10,5,9,0,0,1,1,1,1783225516
2026-07-05T04:39:05Z,1190,7,4,14,0,0,1,1,1,1783224551
2026-07-05T04:39:05Z,1192,9,5,12,0,0,1,1,1,1783224567
2026-07-05T04:39:05Z,1193,5,1,7,1,0,1,1,1,1783226103
2026-07-05T04:39:05Z,1197,8,2,7,2,0,1,1,1,1783225426
2026-07-05T04:39:05Z,1198,13,8,7,1,0,1,1,1,1783226199
2026-07-05T04:39:05Z,1199,6,5,13,0,0,1,1,1,1783225223
2026-07-05T04:39:05Z,1200,11,5,3,1,0,1,1,1,1783226156
2026-07-05T04:39:05Z,1201,4,0,11,0,0,1,1,1,1783224651
2026-07-05T04:39:05Z,1202,13,6,2,0,0,1,1,1,1783226147
2026-07-05T04:39:05Z,1203,11,6,4,0,0,1,1,1,1783224665
2026-07-05T04:39:05Z,1218,11,5,10,0,0,1,1,1,1783226092
2026-07-05T04:39:05Z,1224,0,0,3,0,0,0,1,1,1781869449
2026-07-05T04:39:05Z,1225,0,0,3,0,0,0,1,1,1781868919
2026-07-05T04:39:05Z,1226,0,0,3,0,0,0,1,1,1781868931
2026-07-05T04:44:05Z,1,3,0,20,0,0,1,1,1,1783226566
2026-07-05T04:44:05Z,2,23,4,4,0,0,1,1,1,1783226312
2026-07-05T04:44:05Z,3,0,0,18,1,0,1,1,1,1783226550
2026-07-05T04:44:05Z,4,13,0,10,0,0,1,1,1,1783226289
2026-07-05T04:44:05Z,5,11,8,11,1,0,1,1,1,1783226605
2026-07-05T04:44:05Z,6,12,0,3,0,0,1,1,1,1783226617
2026-07-05T04:44:05Z,7,1,0,22,0,0,1,1,1,1783225587
2026-07-05T04:44:05Z,8,14,0,29,0,0,1,1,1,1783226491
2026-07-05T04:44:05Z,9,11,0,9,3,0,1,1,1,1783225858
2026-07-05T04:44:05Z,10,9,2,14,0,0,1,1,1,1783221209
2026-07-05T04:44:05Z,11,6,0,13,0,0,1,1,1,1783226010
2026-07-05T04:44:05Z,12,0,0,23,0,0,1,1,1,1783224318
2026-07-05T04:44:05Z,13,12,0,17,1,0,1,1,1,1783226560
2026-07-05T04:44:05Z,14,19,0,24,0,0,1,1,1,1783226274
2026-07-05T04:44:05Z,15,0,0,14,1,0,1,1,1,1783224803
2026-07-05T04:44:05Z,16,14,0,12,1,0,1,1,1,1783219189
2026-07-05T04:44:05Z,17,8,0,18,1,0,1,1,1,1783225062
2026-07-05T04:44:05Z,18,7,0,11,1,0,1,1,1,1783226373
2026-07-05T04:44:05Z,19,1,0,25,1,0,1,1,1,1783226574
2026-07-05T04:44:05Z,20,9,0,18,0,0,1,1,1,1783226186
2026-07-05T04:44:05Z,21,17,0,2,0,0,1,1,1,1783226155
2026-07-05T04:44:05Z,22,53,0,13,1,0,1,1,1,1783225934
2026-07-05T04:44:05Z,23,28,3,3,0,0,1,1,1,1783225785
2026-07-05T04:44:05Z,24,1,1,9,1,0,1,1,1,1783226628
2026-07-05T04:44:05Z,25,2,0,76,2,1,1,1,1,1783226629
2026-07-05T04:44:05Z,26,9,0,18,0,0,1,1,1,1783225525
2026-07-05T04:44:05Z,28,12,1,3,0,0,1,1,1,1783224267
2026-07-05T04:44:05Z,30,10,0,16,1,0,1,1,1,1783226614
2026-07-05T04:44:05Z,31,0,0,19,0,0,1,1,1,1783223897
2026-07-05T04:44:05Z,32,12,0,15,0,0,1,1,1,1783226578
2026-07-05T04:44:05Z,34,14,0,23,0,0,1,1,1,1783226530
2026-07-05T04:44:05Z,35,29,0,17,1,0,1,1,1,1783226603
2026-07-05T04:44:05Z,36,0,0,0,0,0,0,1,1,86400
2026-07-05T04:44:05Z,37,0,0,23,0,0,1,1,1,1783224814
2026-07-05T04:44:05Z,38,13,0,10,0,0,1,1,1,1783225963
2026-07-05T04:44:05Z,39,30,0,1,0,0,1,1,1,1783225693
2026-07-05T04:44:05Z,40,6,1,15,0,0,1,1,1,1783226457
2026-07-05T04:44:05Z,41,1,0,25,1,0,1,1,1,1783225607
2026-07-05T04:44:05Z,42,11,1,20,0,0,1,1,1,1783225196
2026-07-05T04:44:05Z,43,0,0,0,22,2,1,1,1,1783226628
2026-07-05T04:44:05Z,45,1,0,30,0,0,1,1,1,1783225102
2026-07-05T04:44:05Z,46,17,0,11,3,0,1,1,1,1783226428
2026-07-05T04:44:05Z,47,3,0,11,1,0,1,1,1,1783225599
2026-07-05T04:44:05Z,48,12,0,15,0,0,1,1,1,1783226605
2026-07-05T04:44:05Z,49,4,0,15,4,0,1,1,1,1783226629
2026-07-05T04:44:05Z,50,9,4,9,1,0,1,1,1,1783225596
2026-07-05T04:44:05Z,51,29,0,47,2,0,1,1,1,1783226403
2026-07-05T04:44:05Z,52,0,0,25,2,0,1,1,1,1783226593
2026-07-05T04:44:05Z,55,3,0,19,1,0,1,1,1,1783226596
2026-07-05T04:44:05Z,56,0,0,26,1,0,1,1,1,1783224577
2026-07-05T04:44:05Z,57,0,0,26,1,0,1,1,1,1783225556
2026-07-05T04:44:05Z,58,7,1,21,0,0,1,1,1,1783226460
2026-07-05T04:44:05Z,59,2,1,23,2,0,1,1,1,1783226204
2026-07-05T04:44:05Z,61,1,1,37,1,0,1,1,1,1783224302
2026-07-05T04:44:05Z,62,13,2,36,0,0,1,1,1,1783226435
2026-07-05T04:44:05Z,63,14,4,5,0,0,1,1,1,1783225776
2026-07-05T04:44:05Z,64,6,3,10,3,0,1,1,1,1783226137
2026-07-05T04:44:05Z,65,12,4,6,1,0,1,1,1,1783224708
2026-07-05T04:44:05Z,67,9,1,30,0,0,1,1,1,1783226271
2026-07-05T04:44:05Z,68,0,0,36,1,0,1,1,1,1783224892
2026-07-05T04:44:05Z,69,14,2,1,0,0,1,1,1,1783223356
2026-07-05T04:44:05Z,71,1,0,25,1,0,1,1,1,1783226241
2026-07-05T04:44:05Z,72,28,5,2,1,0,1,1,1,1783226421
2026-07-05T04:44:05Z,73,3,0,20,0,0,1,1,1,1783226475
2026-07-05T04:44:05Z,74,8,0,11,0,0,1,1,1,1783226052
2026-07-05T04:44:05Z,75,3,0,32,0,0,1,1,1,1783225931
2026-07-05T04:44:05Z,76,17,1,1,1,0,1,1,1,1783224697
2026-07-05T04:44:05Z,77,15,1,11,1,0,1,1,1,1783226282
2026-07-05T04:44:05Z,78,6,5,17,0,0,1,1,1,1783225332
2026-07-05T04:44:05Z,79,6,5,11,0,0,1,1,1,1783226237
2026-07-05T04:44:05Z,80,16,1,5,0,2,1,1,1,1783226564
2026-07-05T04:44:05Z,81,2,2,29,0,0,1,1,1,1783226579
2026-07-05T04:44:05Z,82,2,0,21,0,0,1,1,1,1783226524
2026-07-05T04:44:05Z,83,7,3,25,2,0,1,1,1,1783226630
2026-07-05T04:44:05Z,84,26,1,0,1,0,1,1,1,1783222293
2026-07-05T04:44:05Z,85,5,1,9,0,0,1,1,1,1783226271
2026-07-05T04:44:05Z,86,24,0,1,2,0,1,1,1,1783226371
2026-07-05T04:44:05Z,87,4,0,15,0,0,1,1,1,1783222587
2026-07-05T04:44:05Z,88,0,0,31,0,0,1,1,1,1783226294
2026-07-05T04:44:05Z,89,17,0,18,0,0,1,1,1,1783225860
2026-07-05T04:44:05Z,90,4,0,15,0,0,1,1,1,1783225456
2026-07-05T04:44:05Z,91,16,0,1,0,0,1,1,1,1783226100
2026-07-05T04:44:05Z,92,8,0,9,2,0,1,1,1,1783226636
2026-07-05T04:44:05Z,93,4,1,19,0,0,1,1,1,1783226254
2026-07-05T04:44:05Z,94,18,1,1,0,0,1,1,1,1783225146
2026-07-05T04:44:05Z,95,29,5,5,1,0,1,1,1,1783226624
2026-07-05T04:44:05Z,96,30,5,0,1,0,1,1,1,1783224023
2026-07-05T04:44:05Z,97,7,1,8,1,0,1,1,1,1783226605
2026-07-05T04:44:05Z,98,6,4,28,1,0,1,1,1,1783226634
2026-07-05T04:44:05Z,99,14,0,0,0,0,1,1,1,1783223772
2026-07-05T04:44:05Z,100,19,0,7,1,0,1,1,1,1783225532
2026-07-05T04:44:05Z,101,11,0,3,1,0,1,1,1,1783226256
2026-07-05T04:44:05Z,102,15,1,8,0,0,1,1,1,1783226362
2026-07-05T04:44:05Z,103,18,2,11,3,0,1,1,1,1783226634
2026-07-05T04:44:05Z,104,2,0,23,2,0,1,1,1,1783226497
2026-07-05T04:44:05Z,105,12,0,5,2,0,1,1,1,1783221518
2026-07-05T04:44:05Z,106,0,0,21,0,0,1,1,1,1783222328
2026-07-05T04:44:05Z,107,32,2,3,2,0,1,1,1,1783226416
2026-07-05T04:44:05Z,108,11,2,22,1,1,1,1,1,1783226394
2026-07-05T04:44:05Z,109,17,0,6,0,0,1,1,1,1783226496
2026-07-05T04:44:05Z,110,8,1,15,0,0,1,1,1,1783226184
2026-07-05T04:44:05Z,111,0,0,35,1,0,1,1,1,1783225870
2026-07-05T04:44:05Z,112,6,0,11,2,0,1,1,1,1783226402
2026-07-05T04:44:05Z,113,8,0,9,2,0,1,1,1,1783226402
2026-07-05T04:44:05Z,114,15,7,13,3,0,1,1,1,1783226406
2026-07-05T04:44:05Z,115,8,2,16,2,0,1,1,1,1783226290
2026-07-05T04:44:05Z,116,7,1,20,0,0,1,1,1,1783226037
2026-07-05T04:44:05Z,118,10,3,9,4,0,1,1,1,1783226074
2026-07-05T04:44:05Z,119,33,11,3,2,0,1,1,1,1783226575
2026-07-05T04:44:05Z,120,23,2,2,2,0,1,1,1,1783225816
2026-07-05T04:44:05Z,121,4,0,15,0,0,1,1,1,1783225117
2026-07-05T04:44:05Z,122,0,0,21,0,0,1,1,1,1783226461
2026-07-05T04:44:05Z,123,34,0,13,0,0,1,1,1,1783221766
2026-07-05T04:44:05Z,124,16,4,11,0,0,1,1,1,1783226584
2026-07-05T04:44:05Z,125,6,3,17,0,0,1,1,1,1783225964
2026-07-05T04:44:05Z,126,16,2,15,0,0,1,1,1,1783226424
2026-07-05T04:44:05Z,127,0,0,30,0,1,0,1,1,1783001724
2026-07-05T04:44:05Z,128,12,4,7,0,0,1,1,1,1783226564
2026-07-05T04:44:05Z,129,16,0,2,1,0,1,1,1,1783226635
2026-07-05T04:44:05Z,130,15,0,2,0,0,1,1,1,1783225257
2026-07-05T04:44:05Z,131,3,1,7,1,0,1,1,1,1783226387
2026-07-05T04:44:05Z,132,2,0,12,0,1,1,1,1,1783225338
2026-07-05T04:44:05Z,133,8,1,15,0,0,1,1,1,1783226252
2026-07-05T04:44:05Z,134,1,1,21,1,0,1,1,1,1783226385
2026-07-05T04:44:05Z,135,12,1,5,2,0,1,1,1,1783226446
2026-07-05T04:44:05Z,136,21,0,1,0,0,1,1,1,1783226286
2026-07-05T04:44:05Z,137,1,1,18,0,0,1,1,1,1783226284
2026-07-05T04:44:05Z,138,19,0,18,0,0,1,1,1,1783226276
2026-07-05T04:44:05Z,139,16,4,1,2,0,1,1,1,1783226598
2026-07-05T04:44:05Z,140,16,3,7,0,0,1,1,1,1783226614
2026-07-05T04:44:05Z,141,5,0,18,2,0,1,1,1,1783226628
2026-07-05T04:44:05Z,142,0,0,19,0,0,0,1,1,1782498468
2026-07-05T04:44:05Z,143,21,0,9,1,0,1,1,1,1783226224
2026-07-05T04:44:05Z,144,20,1,7,0,0,1,1,1,1783225363
2026-07-05T04:44:05Z,145,24,0,6,1,0,1,1,1,1783226538
2026-07-05T04:44:05Z,146,18,1,5,0,0,1,1,1,1783226273
2026-07-05T04:44:05Z,147,1,1,16,2,0,1,1,1,1783226144
2026-07-05T04:44:05Z,148,11,0,15,1,0,1,1,1,1783226062
2026-07-05T04:44:05Z,149,14,3,5,0,0,1,1,1,1783226290
2026-07-05T04:44:05Z,150,14,4,19,2,0,1,1,1,1783226574
2026-07-05T04:44:05Z,151,17,3,6,0,0,1,1,1,1783226418
2026-07-05T04:44:05Z,152,17,0,9,0,0,1,1,1,1783226636
2026-07-05T04:44:05Z,153,19,2,0,4,0,1,1,1,1783226600
2026-07-05T04:44:05Z,154,8,4,13,2,0,1,1,1,1783226486
2026-07-05T04:44:05Z,155,3,3,9,2,0,1,1,1,1783226631
2026-07-05T04:44:05Z,156,11,2,6,2,0,1,1,1,1783226519
2026-07-05T04:44:05Z,157,4,0,17,0,0,1,1,1,1783226601
2026-07-05T04:44:05Z,158,0,0,17,2,0,1,1,1,1783226292
2026-07-05T04:44:05Z,159,17,8,1,1,0,1,1,1,1783226363
2026-07-05T04:44:05Z,160,7,1,10,2,0,1,1,1,1783226563
2026-07-05T04:44:05Z,161,6,0,16,1,0,1,1,1,1783226636
2026-07-05T04:44:05Z,162,14,6,12,1,0,1,1,1,1783225793
2026-07-05T04:44:05Z,163,18,2,13,0,0,1,1,1,1783226584
2026-07-05T04:44:05Z,164,11,2,16,0,0,1,1,1,1783226628
2026-07-05T04:44:05Z,165,1,0,26,3,0,1,1,1,1783226404
2026-07-05T04:44:05Z,166,9,2,27,2,0,1,1,1,1783226622
2026-07-05T04:44:05Z,167,19,13,3,1,0,1,1,1,1783226442
2026-07-05T04:44:05Z,168,8,0,17,1,1,1,1,1,1783226568
2026-07-05T04:44:05Z,169,0,0,23,0,0,1,1,1,1783222579
2026-07-05T04:44:05Z,170,4,0,13,2,0,1,1,1,1783226595
2026-07-05T04:44:05Z,171,9,4,3,1,0,1,1,1,1783226623
2026-07-05T04:44:05Z,173,0,0,35,2,0,1,1,1,1783226630
2026-07-05T04:44:05Z,174,19,0,6,0,0,1,1,1,1783226321
2026-07-05T04:44:05Z,175,17,2,14,0,0,1,1,1,1783226580
2026-07-05T04:44:05Z,176,2,1,11,1,1,1,1,1,1783226560
2026-07-05T04:44:05Z,177,15,0,11,1,0,1,1,1,1783226515
2026-07-05T04:44:05Z,178,7,0,6,2,0,1,1,1,1783226517
2026-07-05T04:44:05Z,179,12,2,0,3,0,1,1,1,1783226636
2026-07-05T04:44:05Z,180,22,0,7,1,0,1,1,1,1783226284
2026-07-05T04:44:05Z,181,7,6,2,4,1,1,1,1,1783226345
2026-07-05T04:44:05Z,182,12,1,7,0,0,1,1,1,1783226458
2026-07-05T04:44:05Z,183,6,2,17,0,0,1,1,1,1783226520
2026-07-05T04:44:05Z,184,3,1,19,1,0,1,1,1,1783226214
2026-07-05T04:44:05Z,185,2,2,10,2,1,1,1,1,1783226436
2026-07-05T04:44:05Z,186,5,2,14,0,0,1,1,1,1783226489
2026-07-05T04:44:05Z,187,27,0,1,1,0,1,1,1,1783226422
2026-07-05T04:44:05Z,188,16,1,4,3,4,1,1,1,1783226634
2026-07-05T04:44:05Z,189,8,3,7,0,0,1,1,1,1783226513
2026-07-05T04:44:05Z,190,0,0,23,0,0,1,1,1,1783226503
2026-07-05T04:44:05Z,191,5,1,32,2,0,1,1,1,1783226533
2026-07-05T04:44:05Z,192,9,3,22,0,0,1,1,1,1783226605
2026-07-05T04:44:05Z,193,6,4,8,1,0,1,1,1,1783226344
2026-07-05T04:44:05Z,194,3,0,12,0,0,1,1,1,1783224853
2026-07-05T04:44:05Z,195,1,1,18,0,0,1,1,1,1783225365
2026-07-05T04:44:05Z,196,13,2,14,0,0,1,1,1,1783226409
2026-07-05T04:44:05Z,197,14,3,4,0,1,1,1,1,1783226435
2026-07-05T04:44:05Z,198,3,1,20,0,0,1,1,1,1783224807
2026-07-05T04:44:05Z,199,4,0,9,2,0,1,1,1,1783226614
2026-07-05T04:44:05Z,200,1,0,25,0,0,1,1,1,1783226299
2026-07-05T04:44:05Z,201,19,1,4,0,0,1,1,1,1783226606
2026-07-05T04:44:05Z,202,0,0,21,0,0,0,1,1,1783093344
2026-07-05T04:44:05Z,203,16,0,15,0,0,1,1,1,1783226200
2026-07-05T04:44:05Z,204,25,1,9,1,0,1,1,1,1783226507
2026-07-05T04:44:05Z,205,18,1,9,0,0,1,1,1,1783225622
2026-07-05T04:44:05Z,206,4,0,9,2,0,1,1,1,1783226234
2026-07-05T04:44:05Z,207,10,1,10,1,0,1,1,1,1783226583
2026-07-05T04:44:05Z,208,3,2,26,0,0,1,1,1,1783226442
2026-07-05T04:44:05Z,209,26,0,4,1,0,1,1,1,1783226612
2026-07-05T04:44:05Z,210,5,3,22,0,0,1,1,1,1783226544
2026-07-05T04:44:05Z,211,7,3,16,0,0,1,1,1,1783226185
2026-07-05T04:44:05Z,212,14,0,21,0,0,1,1,1,1783225864
2026-07-05T04:44:05Z,213,20,2,2,1,0,1,1,1,1783225905
2026-07-05T04:44:05Z,214,8,2,34,5,0,1,1,1,1783226399
2026-07-05T04:44:05Z,215,4,3,19,0,0,1,1,1,1783226446
2026-07-05T04:44:05Z,216,17,0,0,2,0,1,1,1,1783226628
2026-07-05T04:44:05Z,217,16,0,12,1,0,1,1,1,1783226552
2026-07-05T04:44:05Z,218,14,10,21,4,0,1,1,1,1783226464
2026-07-05T04:44:05Z,219,0,0,26,0,0,0,1,1,1783102715
2026-07-05T04:44:05Z,220,20,19,23,0,0,1,1,1,1783225566
2026-07-05T04:44:05Z,221,12,9,1,1,0,1,1,1,1783226508
2026-07-05T04:44:05Z,222,7,3,12,0,0,1,1,1,1783226611
2026-07-05T04:44:05Z,223,10,5,21,4,0,1,1,1,1783226418
2026-07-05T04:44:05Z,224,16,1,6,0,0,1,1,1,1783226519
2026-07-05T04:44:05Z,225,7,1,8,4,0,1,1,1,1783218949
2026-07-05T04:44:05Z,226,6,5,24,1,0,1,1,1,1783226386
2026-07-05T04:44:05Z,227,8,6,19,0,0,1,1,1,1783226174
2026-07-05T04:44:05Z,228,16,3,2,1,0,1,1,1,1783226336
2026-07-05T04:44:05Z,230,5,1,18,0,0,1,1,1,1783225241
2026-07-05T04:44:05Z,232,6,1,11,2,0,1,1,1,1783226406
2026-07-05T04:44:05Z,233,27,5,3,1,0,1,1,1,1783226088
2026-07-05T04:44:05Z,234,14,2,0,4,1,1,1,1,1783226500
2026-07-05T04:44:05Z,236,17,6,0,2,0,1,1,1,1783226460
2026-07-05T04:44:05Z,237,11,3,12,0,0,1,1,1,1783226624
2026-07-05T04:44:05Z,239,0,0,27,0,0,1,1,1,1783225093
2026-07-05T04:44:05Z,241,7,4,15,1,0,1,1,1,1783226322
2026-07-05T04:44:05Z,242,2,1,21,0,0,1,1,1,1783226573
2026-07-05T04:44:05Z,243,15,2,15,1,0,1,1,1,1783225917
2026-07-05T04:44:05Z,244,19,7,8,0,0,1,1,1,1783226557
2026-07-05T04:44:05Z,245,8,1,15,0,0,1,1,1,1783226594
2026-07-05T04:44:05Z,246,2,0,21,0,0,1,1,1,1783226302
2026-07-05T04:44:05Z,247,5,3,18,0,0,1,1,1,1783226381
2026-07-05T04:44:05Z,248,1,0,18,4,0,1,1,1,1783225552
2026-07-05T04:44:05Z,249,3,0,14,2,0,1,1,1,1783226435
2026-07-05T04:44:05Z,250,4,2,23,0,0,1,1,1,1783225962
2026-07-05T04:44:05Z,251,7,2,17,3,0,1,1,1,1783226528
2026-07-05T04:44:05Z,253,2,1,17,0,0,1,1,1,1783226280
2026-07-05T04:44:05Z,254,23,1,17,3,0,1,1,1,1783226353
2026-07-05T04:44:05Z,255,13,0,10,0,0,1,1,1,1783226309
2026-07-05T04:44:05Z,256,11,3,12,0,0,1,1,1,1783226319
2026-07-05T04:44:05Z,257,14,3,4,1,0,1,1,1,1783225991
2026-07-05T04:44:05Z,258,2,1,15,2,0,1,1,1,1783226571
2026-07-05T04:44:05Z,259,17,2,5,1,0,1,1,1,1783225846
2026-07-05T04:44:05Z,260,8,2,11,0,0,1,1,1,1783226199
2026-07-05T04:44:05Z,261,17,2,0,2,0,1,1,1,1783222498
2026-07-05T04:44:05Z,262,9,4,13,1,0,1,1,1,1783226491
2026-07-05T04:44:05Z,263,6,2,9,0,0,1,1,1,1783225981
2026-07-05T04:44:05Z,264,10,6,8,1,0,1,1,1,1783226487
2026-07-05T04:44:05Z,265,15,0,0,0,0,1,1,1,1783226084
2026-07-05T04:44:05Z,266,9,0,9,1,0,1,1,1,1783224578
2026-07-05T04:44:05Z,267,4,0,11,0,0,1,1,1,1783205904
2026-07-05T04:44:05Z,268,0,0,20,3,0,1,1,1,1783226068
2026-07-05T04:44:05Z,269,3,0,20,0,0,1,1,1,1783222107
2026-07-05T04:44:05Z,270,3,0,24,0,0,1,1,1,1783226014
2026-07-05T04:44:05Z,271,0,0,16,3,0,1,1,1,1783226387
2026-07-05T04:44:05Z,272,21,4,2,0,0,1,1,1,1783223828
2026-07-05T04:44:05Z,273,11,9,4,0,0,1,1,1,1783226177
2026-07-05T04:44:05Z,274,5,3,13,1,0,1,1,1,1783226271
2026-07-05T04:44:05Z,275,19,1,3,1,0,1,1,1,1783226189
2026-07-05T04:44:05Z,276,5,3,21,0,1,1,1,1,1783225598
2026-07-05T04:44:05Z,277,1,0,20,2,0,1,1,1,1783225658
2026-07-05T04:44:05Z,278,7,5,22,1,1,1,1,1,1783226522
2026-07-05T04:44:05Z,279,0,0,19,0,0,1,1,1,1783225018
2026-07-05T04:44:05Z,280,13,1,14,4,0,1,1,1,1783226571
2026-07-05T04:44:05Z,281,10,0,13,0,0,1,1,1,1783226574
2026-07-05T04:44:05Z,282,11,0,5,0,0,1,1,1,1783223608
2026-07-05T04:44:05Z,283,21,2,12,2,0,1,1,1,1783226038
2026-07-05T04:44:05Z,284,5,5,29,1,0,1,1,1,1783225843
2026-07-05T04:44:05Z,285,4,0,19,0,0,1,1,1,1783226566
2026-07-05T04:44:05Z,286,4,1,18,1,0,1,1,1,1783226454
2026-07-05T04:44:05Z,287,13,9,7,3,0,1,1,1,1783225644
2026-07-05T04:44:05Z,288,6,2,11,2,0,1,1,1,1783226518
2026-07-05T04:44:05Z,289,16,0,9,2,0,1,1,1,1783226541
2026-07-05T04:44:05Z,290,4,0,33,2,0,1,1,1,1783226514
2026-07-05T04:44:05Z,291,8,0,15,0,0,1,1,1,1783225681
2026-07-05T04:44:05Z,292,2,0,21,0,0,1,1,1,1783224123
2026-07-05T04:44:05Z,293,3,1,19,1,0,1,1,1,1783226263
2026-07-05T04:44:05Z,294,0,0,21,1,0,1,1,1,1783226594
2026-07-05T04:44:05Z,297,5,0,13,1,0,1,1,1,1783225867
2026-07-05T04:44:05Z,301,8,0,10,1,0,1,1,1,1783225479
2026-07-05T04:44:05Z,302,0,0,22,1,0,1,1,1,1783224442
2026-07-05T04:44:05Z,303,10,1,8,1,0,1,1,1,1783225639
2026-07-05T04:44:05Z,304,0,0,0,0,0,0,1,1,86400
2026-07-05T04:44:05Z,305,2,1,17,0,0,1,1,1,1783226114
2026-07-05T04:44:05Z,306,3,2,27,2,0,1,1,1,1783225548
2026-07-05T04:44:05Z,307,1,1,20,2,0,1,1,1,1783226290
2026-07-05T04:44:05Z,308,16,1,1,2,0,1,1,1,1783225870
2026-07-05T04:44:05Z,309,3,3,0,6,0,1,1,1,1783226636
2026-07-05T04:44:05Z,311,10,0,5,0,0,1,1,1,1783226521
2026-07-05T04:44:05Z,312,7,1,11,4,1,1,1,1,1783225480
2026-07-05T04:44:05Z,313,15,0,0,0,0,1,1,1,1783222784
2026-07-05T04:44:05Z,314,6,2,11,2,0,1,1,1,1783226162
2026-07-05T04:44:05Z,315,0,0,31,0,0,0,1,1,1783017696
2026-07-05T04:44:05Z,316,9,1,4,2,0,1,1,1,1783226595
2026-07-05T04:44:05Z,317,3,3,23,4,1,1,1,1,1783226594
2026-07-05T04:44:05Z,318,12,1,5,0,0,1,1,1,1783223689
2026-07-05T04:44:05Z,319,17,1,9,1,0,1,1,1,1783226348
2026-07-05T04:44:05Z,320,10,0,8,1,0,1,1,1,1783226589
2026-07-05T04:44:05Z,321,17,2,0,2,0,1,1,1,1783220081
2026-07-05T04:44:05Z,322,9,2,20,0,0,1,1,1,1783225762
2026-07-05T04:44:05Z,323,9,0,10,0,0,1,1,1,1783225365
2026-07-05T04:44:05Z,324,21,5,5,1,0,1,1,1,1783225368
2026-07-05T04:44:05Z,325,4,0,21,2,0,1,1,1,1783226014
2026-07-05T04:44:05Z,327,15,5,10,0,2,1,1,1,1783226631
2026-07-05T04:44:05Z,328,8,1,14,0,1,1,1,1,1783226557
2026-07-05T04:44:05Z,329,11,0,8,0,0,1,1,1,1783223995
2026-07-05T04:44:05Z,330,3,1,19,0,0,1,1,1,1783225787
2026-07-05T04:44:05Z,331,19,0,4,0,0,1,1,1,1783226564
2026-07-05T04:44:05Z,332,4,1,15,0,0,1,1,1,1783223850
2026-07-05T04:44:05Z,333,5,2,17,1,0,1,1,1,1783226634
2026-07-05T04:44:05Z,334,6,3,17,0,0,1,1,1,1783226169
2026-07-05T04:44:05Z,335,0,0,21,1,1,1,1,1,1783226387
2026-07-05T04:44:05Z,336,5,2,14,0,0,1,1,1,1783225034
2026-07-05T04:44:05Z,337,13,4,7,3,0,1,1,1,1783226441
2026-07-05T04:44:05Z,338,11,3,8,0,0,1,1,1,1783225540
2026-07-05T04:44:05Z,339,1,0,21,1,0,1,1,1,1783226505
2026-07-05T04:44:05Z,340,11,6,3,1,0,1,1,1,1783226250
2026-07-05T04:44:05Z,341,5,5,13,1,0,1,1,1,1783224847
2026-07-05T04:44:05Z,342,14,4,0,1,0,1,1,1,1783226449
2026-07-05T04:44:05Z,343,10,6,13,0,0,1,1,1,1783225323
2026-07-05T04:44:05Z,344,5,1,17,1,0,1,1,1,1783225459
2026-07-05T04:44:05Z,345,18,0,1,0,0,1,1,1,1783226618
2026-07-05T04:44:05Z,346,22,1,1,0,0,1,1,1,1783226331
2026-07-05T04:44:05Z,347,9,6,38,0,0,1,1,1,1783226617
2026-07-05T04:44:05Z,348,22,2,1,0,0,1,1,1,1783226528
2026-07-05T04:44:05Z,349,4,2,13,2,0,1,1,1,1783226377
2026-07-05T04:44:05Z,350,16,2,10,0,1,1,1,1,1783225527
2026-07-05T04:44:05Z,351,4,0,18,1,0,1,1,1,1783226434
2026-07-05T04:44:05Z,355,5,1,17,1,0,1,1,1,1783225702
2026-07-05T04:44:05Z,356,12,0,6,1,0,1,1,1,1783226478
2026-07-05T04:44:05Z,357,13,5,6,0,0,1,1,1,1783226633
2026-07-05T04:44:05Z,359,18,1,7,2,0,1,1,1,1783226339
2026-07-05T04:44:05Z,360,6,1,13,0,0,1,1,1,1783223287
2026-07-05T04:44:05Z,362,12,7,4,3,0,1,1,1,1783225384
2026-07-05T04:44:05Z,363,1,0,26,0,0,1,1,1,1783226161
2026-07-05T04:44:05Z,364,7,2,10,1,1,1,1,1,1783226634
2026-07-05T04:44:05Z,365,19,11,3,1,0,1,1,1,1783225673
2026-07-05T04:44:05Z,366,15,2,6,2,0,1,1,1,1783226358
2026-07-05T04:44:05Z,367,13,4,5,1,0,1,1,1,1783226146
2026-07-05T04:44:05Z,368,21,1,2,0,0,1,1,1,1783225459
2026-07-05T04:44:05Z,370,4,3,11,2,0,1,1,1,1783225473
2026-07-05T04:44:05Z,371,3,0,15,1,0,1,1,1,1783225881
2026-07-05T04:44:05Z,372,14,0,1,0,0,1,1,1,1783226331
2026-07-05T04:44:05Z,373,25,6,1,0,0,1,1,1,1783225236
2026-07-05T04:44:05Z,374,16,1,1,0,0,1,1,1,1783225922
2026-07-05T04:44:05Z,375,13,2,13,1,0,1,1,1,1783226540
2026-07-05T04:44:05Z,376,19,4,20,0,0,1,1,1,1783226570
2026-07-05T04:44:05Z,377,14,3,10,3,0,1,1,1,1783225332
2026-07-05T04:44:05Z,378,16,4,6,2,0,1,1,1,1783226544
2026-07-05T04:44:05Z,379,11,2,16,0,0,1,1,1,1783226557
2026-07-05T04:44:05Z,380,10,2,12,1,0,1,1,1,1783224416
2026-07-05T04:44:05Z,381,4,0,19,0,0,1,1,1,1783226102
2026-07-05T04:44:05Z,383,13,2,2,0,0,1,1,1,1783226339
2026-07-05T04:44:05Z,384,4,1,14,1,0,1,1,1,1783224786
2026-07-05T04:44:05Z,385,10,0,8,0,0,1,1,1,1783225636
2026-07-05T04:44:05Z,387,20,3,3,0,0,1,1,1,1783226121
2026-07-05T04:44:05Z,388,14,0,32,3,0,1,1,1,1783226224
2026-07-05T04:44:05Z,389,1,0,12,2,0,1,1,1,1783226604
2026-07-05T04:44:05Z,390,14,2,13,0,0,1,1,1,1783226255
2026-07-05T04:44:05Z,391,11,8,3,1,0,1,1,1,1783225513
2026-07-05T04:44:05Z,392,7,6,12,0,0,1,1,1,1783220392
2026-07-05T04:44:05Z,393,0,0,9,2,0,1,1,1,1783225387
2026-07-05T04:44:05Z,394,7,2,7,0,1,1,1,1,1783226502
2026-07-05T04:44:05Z,396,0,0,39,3,0,1,1,1,1783225801
2026-07-05T04:44:05Z,397,3,0,27,1,0,1,1,1,1783225773
2026-07-05T04:44:05Z,399,16,0,0,1,0,1,1,1,1783226625
2026-07-05T04:44:05Z,400,5,2,15,3,0,1,1,1,1783226230
2026-07-05T04:44:05Z,401,2,2,29,0,0,1,1,1,1783226086
2026-07-05T04:44:05Z,403,11,3,16,4,0,1,1,1,1783226618
2026-07-05T04:44:05Z,404,3,1,17,3,0,1,1,1,1783225985
2026-07-05T04:44:05Z,406,4,0,27,4,0,1,1,1,1783225169
2026-07-05T04:44:05Z,407,3,0,31,0,0,1,1,1,1783224579
2026-07-05T04:44:05Z,408,8,3,24,1,0,1,1,1,1783223906
2026-07-05T04:44:05Z,409,0,0,22,1,0,1,1,1,1783218138
2026-07-05T04:44:05Z,413,15,3,6,2,0,1,1,1,1783226269
2026-07-05T04:44:05Z,414,10,2,5,0,0,1,1,1,1783225875
2026-07-05T04:44:05Z,417,17,4,2,0,0,1,1,1,1783226500
2026-07-05T04:44:05Z,418,5,2,10,0,0,1,1,1,1783223261
2026-07-05T04:44:05Z,419,20,3,1,2,0,1,1,1,1783224386
2026-07-05T04:44:05Z,421,13,0,6,0,0,1,1,1,1783226477
2026-07-05T04:44:05Z,422,7,3,20,0,0,1,1,1,1783223720
2026-07-05T04:44:05Z,423,11,3,12,0,0,1,1,1,1783225496
2026-07-05T04:44:05Z,424,2,0,12,1,0,1,1,1,1783226329
2026-07-05T04:44:05Z,425,17,0,5,0,0,1,1,1,1783225971
2026-07-05T04:44:05Z,426,0,0,34,3,0,1,1,1,1783226191
2026-07-05T04:44:05Z,427,9,1,5,0,1,1,1,1,1783225349
2026-07-05T04:44:05Z,428,16,0,3,0,0,1,1,1,1783226347
2026-07-05T04:44:05Z,429,18,4,2,3,0,1,1,1,1783226434
2026-07-05T04:44:05Z,430,26,1,2,3,0,1,1,1,1783226350
2026-07-05T04:44:05Z,431,22,1,7,2,2,1,1,1,1783223487
2026-07-05T04:44:05Z,432,7,2,23,1,0,1,1,1,1783226371
2026-07-05T04:44:05Z,433,21,3,0,2,0,1,1,1,1783222855
2026-07-05T04:44:05Z,437,1,0,16,2,0,1,1,1,1783226585
2026-07-05T04:44:05Z,438,6,1,12,1,0,1,1,1,1783216671
2026-07-05T04:44:05Z,439,10,2,5,0,0,1,1,1,1783226280
2026-07-05T04:44:05Z,440,14,0,0,1,0,1,1,1,1783224982
2026-07-05T04:44:05Z,441,1,0,13,1,0,1,1,1,1783225648
2026-07-05T04:44:05Z,442,8,1,10,1,0,1,1,1,1783225838
2026-07-05T04:44:05Z,443,8,0,19,0,0,1,1,1,1783195674
2026-07-05T04:44:05Z,444,9,5,14,0,0,1,1,1,1783219201
2026-07-05T04:44:05Z,445,11,6,11,1,0,1,1,1,1783219197
2026-07-05T04:44:05Z,446,6,0,16,0,1,1,1,1,1783224960
2026-07-05T04:44:05Z,447,5,0,16,2,0,1,1,1,1783214647
2026-07-05T04:44:05Z,448,12,2,0,2,1,1,1,1,1783224276
2026-07-05T04:44:05Z,452,11,3,7,1,0,1,1,1,1783226197
2026-07-05T04:44:05Z,453,4,2,8,3,0,1,1,1,1783226242
2026-07-05T04:44:05Z,454,6,1,11,1,1,1,1,1,1783224489
2026-07-05T04:44:05Z,455,0,0,39,0,0,0,1,1,1782992996
2026-07-05T04:44:05Z,456,14,0,5,4,0,1,1,1,1783226633
2026-07-05T04:44:05Z,457,6,0,20,1,0,1,1,1,1783226409
2026-07-05T04:44:05Z,458,6,0,15,2,0,1,1,1,1783225975
2026-07-05T04:44:05Z,459,15,6,0,0,0,1,1,1,1783224425
2026-07-05T04:44:05Z,460,14,2,9,0,0,1,1,1,1783226547
2026-07-05T04:44:05Z,461,7,0,9,3,0,1,1,1,1783224906
2026-07-05T04:44:05Z,462,12,1,9,0,0,1,1,1,1783226613
2026-07-05T04:44:05Z,463,12,1,6,1,0,1,1,1,1783225202
2026-07-05T04:44:05Z,464,3,1,10,1,0,1,1,1,1783226479
2026-07-05T04:44:05Z,465,2,0,13,0,0,1,1,1,1783223540
2026-07-05T04:44:05Z,466,15,5,0,0,0,1,1,1,1783222933
2026-07-05T04:44:05Z,467,4,1,11,0,0,1,1,1,1783223173
2026-07-05T04:44:05Z,468,2,2,17,0,0,1,1,1,1783215781
2026-07-05T04:44:05Z,469,1,0,20,1,1,1,1,1,1783224018
2026-07-05T04:44:05Z,470,15,1,0,0,0,1,1,1,1783225091
2026-07-05T04:44:05Z,471,16,1,11,0,0,1,1,1,1783226439
2026-07-05T04:44:05Z,472,12,3,5,2,0,1,1,1,1783226548
2026-07-05T04:44:05Z,473,3,2,15,1,0,1,1,1,1783225811
2026-07-05T04:44:05Z,474,16,0,2,1,0,1,1,1,1783226509
2026-07-05T04:44:05Z,475,3,1,16,0,0,1,1,1,1783226174
2026-07-05T04:44:05Z,476,8,4,12,3,0,1,1,1,1783226575
2026-07-05T04:44:05Z,477,13,2,1,1,0,1,1,1,1783226483
2026-07-05T04:44:05Z,478,1,1,26,4,0,1,1,1,1783226482
2026-07-05T04:44:05Z,479,10,0,13,3,1,1,1,1,1783226378
2026-07-05T04:44:05Z,480,13,1,1,1,0,1,1,1,1783225240
2026-07-05T04:44:05Z,481,32,0,3,0,0,1,1,1,1783225564
2026-07-05T04:44:05Z,482,7,5,11,1,0,1,1,1,1783223759
2026-07-05T04:44:05Z,483,16,0,10,0,1,1,1,1,1783225666
2026-07-05T04:44:05Z,484,2,0,17,0,0,1,1,1,1783225810
2026-07-05T04:44:05Z,485,7,3,11,0,1,1,1,1,1783226498
2026-07-05T04:44:05Z,486,15,0,11,1,0,1,1,1,1783225681
2026-07-05T04:44:05Z,487,8,4,9,2,0,1,1,1,1783226454
2026-07-05T04:44:05Z,489,3,2,12,0,0,1,1,1,1783226173
2026-07-05T04:44:05Z,490,7,7,7,2,0,1,1,1,1783226210
2026-07-05T04:44:05Z,491,5,3,14,2,0,1,1,1,1783226589
2026-07-05T04:44:05Z,492,4,3,3,4,0,1,1,1,1783225703
2026-07-05T04:44:05Z,493,5,0,22,0,0,1,1,1,1783223467
2026-07-05T04:44:05Z,495,12,1,1,2,0,1,1,1,1783226595
2026-07-05T04:44:05Z,496,5,0,21,1,0,1,1,1,1783226454
2026-07-05T04:44:05Z,497,18,0,1,0,0,1,1,1,1783226351
2026-07-05T04:44:05Z,498,21,4,2,0,0,1,1,1,1783226094
2026-07-05T04:44:05Z,499,10,1,6,3,0,1,1,1,1783223503
2026-07-05T04:44:05Z,500,9,2,5,1,0,1,1,1,1783225046
2026-07-05T04:44:05Z,501,4,0,15,2,0,1,1,1,1783226465
2026-07-05T04:44:05Z,502,4,0,15,0,0,1,1,1,1783221629
2026-07-05T04:44:05Z,503,19,1,12,0,0,1,1,1,1783226033
2026-07-05T04:44:05Z,504,1,1,38,0,0,1,1,1,1783226134
2026-07-05T04:44:05Z,505,1,0,16,1,0,1,1,1,1783226625
2026-07-05T04:44:05Z,511,10,0,13,0,0,1,1,1,1783226442
2026-07-05T04:44:05Z,512,17,0,2,0,0,1,1,1,1783225866
2026-07-05T04:44:05Z,514,7,3,3,1,0,1,1,1,1783226326
2026-07-05T04:44:05Z,515,12,1,7,0,0,1,1,1,1783225162
2026-07-05T04:44:05Z,516,20,0,6,1,0,1,1,1,1783225321
2026-07-05T04:44:05Z,517,16,7,7,0,0,1,1,1,1783223624
2026-07-05T04:44:05Z,518,8,3,7,0,0,1,1,1,1783226408
2026-07-05T04:44:05Z,519,16,0,3,0,0,1,1,1,1783222896
2026-07-05T04:44:05Z,520,3,0,21,3,0,1,1,1,1783226490
2026-07-05T04:44:05Z,521,8,1,15,0,0,1,1,1,1783225854
2026-07-05T04:44:05Z,522,13,0,10,0,0,1,1,1,1783226569
2026-07-05T04:44:05Z,523,6,1,16,1,0,1,1,1,1783223586
2026-07-05T04:44:05Z,524,11,0,10,2,0,1,1,1,1783226609
2026-07-05T04:44:05Z,525,10,0,9,0,0,1,1,1,1783226301
2026-07-05T04:44:05Z,526,11,4,3,1,0,1,1,1,1783225934
2026-07-05T04:44:05Z,527,4,3,20,2,0,1,1,1,1783226579
2026-07-05T04:44:05Z,528,12,4,10,1,0,1,1,1,1783225817
2026-07-05T04:44:05Z,529,6,2,9,4,0,1,1,1,1783226519
2026-07-05T04:44:05Z,530,11,2,8,2,0,1,1,1,1783226533
2026-07-05T04:44:05Z,531,21,1,1,0,1,1,1,1,1783226447
2026-07-05T04:44:05Z,532,2,1,28,1,0,1,1,1,1783225571
2026-07-05T04:44:05Z,533,10,0,8,1,0,1,1,1,1783225048
2026-07-05T04:44:05Z,534,5,3,16,2,0,1,1,1,1783226217
2026-07-05T04:44:05Z,535,2,0,12,1,0,1,1,1,1783225836
2026-07-05T04:44:05Z,536,21,0,1,1,0,1,1,1,1783225400
2026-07-05T04:44:05Z,537,0,0,20,1,0,1,1,1,1783225599
2026-07-05T04:44:05Z,538,16,4,2,1,0,1,1,1,1783226564
2026-07-05T04:44:05Z,539,11,2,17,3,0,1,1,1,1783226566
2026-07-05T04:44:05Z,540,10,4,9,0,0,1,1,1,1783224803
2026-07-05T04:44:05Z,541,26,1,0,1,0,1,1,1,1783226583
2026-07-05T04:44:05Z,542,5,2,18,0,0,1,1,1,1783224988
2026-07-05T04:44:05Z,543,14,1,2,3,0,1,1,1,1783226598
2026-07-05T04:44:05Z,544,16,4,5,2,0,1,1,1,1783226636
2026-07-05T04:44:05Z,545,19,0,0,0,0,1,1,1,1783226545
2026-07-05T04:44:05Z,546,1,1,18,0,0,1,1,1,1783225820
2026-07-05T04:44:05Z,547,14,1,8,1,0,1,1,1,1783225647
2026-07-05T04:44:05Z,548,0,0,22,1,0,1,1,1,1783226324
2026-07-05T04:44:05Z,549,12,0,9,0,0,1,1,1,1783226377
2026-07-05T04:44:05Z,550,3,3,16,0,0,1,1,1,1783226423
2026-07-05T04:44:05Z,551,20,6,2,1,0,1,1,1,1783225820
2026-07-05T04:44:05Z,552,18,0,9,0,0,1,1,1,1783226403
2026-07-05T04:44:05Z,553,15,4,8,0,0,1,1,1,1783226518
2026-07-05T04:44:05Z,554,3,1,16,0,0,1,1,1,1783223157
2026-07-05T04:44:05Z,555,9,3,5,1,0,1,1,1,1783224763
2026-07-05T04:44:05Z,556,7,2,14,2,0,1,1,1,1783225637
2026-07-05T04:44:05Z,557,0,0,23,0,0,0,1,1,1781719859
2026-07-05T04:44:05Z,558,3,2,33,1,0,1,1,1,1783226553
2026-07-05T04:44:05Z,559,11,0,7,1,0,1,1,1,1783225824
2026-07-05T04:44:05Z,560,4,0,23,0,0,1,1,1,1783225890
2026-07-05T04:44:05Z,561,9,0,12,2,0,1,1,1,1783226300
2026-07-05T04:44:05Z,562,4,2,30,1,0,1,1,1,1783225838
2026-07-05T04:44:05Z,563,13,0,1,0,0,1,1,1,1783218114
2026-07-05T04:44:05Z,564,14,1,4,1,0,1,1,1,1783226452
2026-07-05T04:44:05Z,565,8,1,11,0,0,1,1,1,1783225828
2026-07-05T04:44:05Z,566,6,0,13,0,0,1,1,1,1783226396
2026-07-05T04:44:05Z,567,23,2,3,1,0,1,1,1,1783224622
2026-07-05T04:44:05Z,568,1,0,18,0,0,1,1,1,1783223823
2026-07-05T04:44:05Z,569,15,1,4,0,0,1,1,1,1783225396
2026-07-05T04:44:05Z,570,10,0,9,0,0,1,1,1,1783225232
2026-07-05T04:44:05Z,571,15,2,8,0,0,1,1,1,1783226205
2026-07-05T04:44:05Z,572,12,0,7,0,0,1,1,1,1783225585
2026-07-05T04:44:05Z,573,15,1,0,0,0,1,1,1,1783219057
2026-07-05T04:44:05Z,574,5,4,10,0,0,1,1,1,1783224946
2026-07-05T04:44:05Z,575,18,0,3,0,0,1,1,1,1783226070
2026-07-05T04:44:05Z,576,0,0,19,0,0,1,1,1,1783220503
2026-07-05T04:44:05Z,577,26,1,5,0,0,1,1,1,1783226123
2026-07-05T04:44:05Z,578,3,1,20,0,0,1,1,1,1783223597
2026-07-05T04:44:05Z,579,11,0,32,0,0,1,1,1,1783226633
2026-07-05T04:44:05Z,580,13,0,16,2,0,1,1,1,1783226420
2026-07-05T04:44:05Z,581,5,0,12,2,0,1,1,1,1783226633
2026-07-05T04:44:05Z,582,6,0,51,4,0,1,1,1,1783226604
2026-07-05T04:44:05Z,583,23,0,0,0,0,1,1,1,1783218887
2026-07-05T04:44:05Z,584,3,3,12,4,0,1,1,1,1783225817
2026-07-05T04:44:05Z,585,2,0,24,0,0,1,1,1,1783226462
2026-07-05T04:44:05Z,586,29,0,6,0,0,1,1,1,1783226636
2026-07-05T04:44:05Z,587,21,0,3,1,0,1,1,1,1783226439
2026-07-05T04:44:05Z,588,18,3,1,0,0,1,1,1,1783222777
2026-07-05T04:44:05Z,589,8,6,15,0,0,1,1,1,1783225873
2026-07-05T04:44:05Z,590,8,0,23,0,0,1,1,1,1783226558
2026-07-05T04:44:05Z,591,19,5,1,2,0,1,1,1,1783224868
2026-07-05T04:44:05Z,592,8,1,15,0,0,1,1,1,1783225921
2026-07-05T04:44:05Z,593,30,0,9,0,0,1,1,1,1783225619
2026-07-05T04:44:05Z,594,4,0,16,1,0,1,1,1,1783225640
2026-07-05T04:44:05Z,595,0,0,3,0,0,0,1,1,1779985765
2026-07-05T04:44:05Z,605,0,0,3,0,0,0,1,1,1780413752
2026-07-05T04:44:05Z,606,0,0,0,0,0,0,1,1,86400
2026-07-05T04:44:05Z,607,22,2,10,1,0,1,1,1,1783226604
2026-07-05T04:44:05Z,608,27,1,27,0,0,1,1,1,1783226547
2026-07-05T04:44:05Z,609,5,2,18,0,0,1,1,1,1783226032
2026-07-05T04:44:05Z,610,0,0,35,0,0,1,1,1,1783224299
2026-07-05T04:44:05Z,611,1,0,26,0,0,1,1,1,1783226558
2026-07-05T04:44:05Z,612,4,1,11,0,0,1,1,1,1783213691
2026-07-05T04:44:05Z,613,6,1,9,0,0,1,1,1,1783225169
2026-07-05T04:44:05Z,614,1,0,24,1,1,1,1,1,1783225336
2026-07-05T04:44:05Z,617,5,1,8,2,0,1,1,1,1783223832
2026-07-05T04:44:05Z,618,10,4,8,1,0,1,1,1,1783224779
2026-07-05T04:44:05Z,619,10,1,8,1,0,1,1,1,1783226405
2026-07-05T04:44:05Z,620,6,0,17,0,0,1,1,1,1783226313
2026-07-05T04:44:05Z,621,9,3,14,0,0,1,1,1,1783226484
2026-07-05T04:44:05Z,622,10,3,10,2,1,1,1,1,1783226553
2026-07-05T04:44:05Z,623,26,5,0,3,1,1,1,1,1783226478
2026-07-05T04:44:05Z,624,4,2,8,2,1,1,1,1,1783221723
2026-07-05T04:44:05Z,625,12,2,9,0,0,1,1,1,1783225856
2026-07-05T04:44:05Z,626,25,0,18,1,2,1,1,1,1783226297
2026-07-05T04:44:05Z,627,9,9,9,1,0,1,1,1,1783225326
2026-07-05T04:44:05Z,628,6,5,11,1,1,1,1,1,1783223616
2026-07-05T04:44:05Z,629,9,3,1,1,0,1,1,1,1783226085
2026-07-05T04:44:05Z,630,13,0,11,3,0,1,1,1,1783217714
2026-07-05T04:44:05Z,631,14,1,9,0,0,1,1,1,1783225226
2026-07-05T04:44:05Z,632,10,2,9,3,0,1,1,1,1783220983
2026-07-05T04:44:05Z,633,8,0,5,1,1,1,1,1,1783200473
2026-07-05T04:44:05Z,634,5,0,13,1,0,1,1,1,1783218053
2026-07-05T04:44:05Z,635,18,0,0,1,0,1,1,1,1783226456
2026-07-05T04:44:05Z,636,7,0,8,0,0,1,1,1,1783213292
2026-07-05T04:44:05Z,637,4,2,14,1,0,1,1,1,1783204406
2026-07-05T04:44:05Z,638,11,5,6,2,0,1,1,1,1783226627
2026-07-05T04:44:05Z,639,0,0,0,3,16,0,1,1,1782287204
2026-07-05T04:44:05Z,640,6,0,17,0,0,1,1,1,1783225879
2026-07-05T04:44:05Z,641,5,0,21,1,0,1,1,1,1783226637
2026-07-05T04:44:05Z,642,3,0,11,5,0,1,1,1,1783224855
2026-07-05T04:44:05Z,643,8,4,19,0,0,1,1,1,1783226513
2026-07-05T04:44:05Z,644,0,0,9,5,1,1,1,1,1783226386
2026-07-05T04:44:05Z,645,13,0,8,1,1,1,1,1,1783226574
2026-07-05T04:44:05Z,646,10,1,8,1,0,1,1,1,1783226341
2026-07-05T04:44:05Z,647,25,2,6,0,0,1,1,1,1783226305
2026-07-05T04:44:05Z,648,12,3,6,1,0,1,1,1,1783226416
2026-07-05T04:44:05Z,649,19,1,12,0,0,1,1,1,1783225752
2026-07-05T04:44:05Z,650,10,2,5,1,0,1,1,1,1783224726
2026-07-05T04:44:05Z,651,1,0,21,1,0,1,1,1,1783223872
2026-07-05T04:44:05Z,652,19,2,2,2,0,1,1,1,1783226437
2026-07-05T04:44:05Z,653,15,2,0,4,0,1,1,1,1783226428
2026-07-05T04:44:05Z,654,2,1,13,0,0,1,1,1,1783226325
2026-07-05T04:44:05Z,655,2,0,11,2,0,1,1,1,1783226374
2026-07-05T04:44:05Z,656,18,5,1,0,0,1,1,1,1783226536
2026-07-05T04:44:05Z,657,11,1,2,4,0,1,1,1,1783226504
2026-07-05T04:44:05Z,658,10,1,9,3,1,1,1,1,1783226531
2026-07-05T04:44:05Z,659,0,0,15,0,0,1,1,1,1783225070
2026-07-05T04:44:05Z,660,22,4,8,1,0,1,1,1,1783226022
2026-07-05T04:44:05Z,661,4,0,14,1,0,1,1,1,1783226234
2026-07-05T04:44:05Z,662,0,0,19,4,0,1,1,1,1783226626
2026-07-05T04:44:05Z,663,14,2,0,0,0,1,1,1,1783226150
2026-07-05T04:44:05Z,664,0,0,27,0,0,1,1,1,1783207560
2026-07-05T04:44:05Z,665,4,1,10,1,0,1,1,1,1783225298
2026-07-05T04:44:05Z,666,7,1,8,0,0,1,1,1,1783226390
2026-07-05T04:44:05Z,667,3,1,12,2,0,1,1,1,1783226520
2026-07-05T04:44:05Z,668,8,2,10,1,0,1,1,1,1783226107
2026-07-05T04:44:05Z,669,12,1,0,2,0,1,1,1,1783225004
2026-07-05T04:44:05Z,670,9,0,18,0,0,1,1,1,1783225504
2026-07-05T04:44:05Z,671,9,1,18,0,0,1,1,1,1783225395
2026-07-05T04:44:05Z,672,19,3,0,4,0,1,1,1,1783226515
2026-07-05T04:44:05Z,673,13,1,8,1,0,1,1,1,1783222642
2026-07-05T04:44:05Z,674,3,1,19,1,0,1,1,1,1783226390
2026-07-05T04:44:05Z,675,2,0,11,1,1,1,1,1,1783226336
2026-07-05T04:44:05Z,676,20,1,2,1,0,1,1,1,1783223597
2026-07-05T04:44:05Z,681,5,5,6,4,0,1,1,1,1783226614
2026-07-05T04:44:05Z,682,10,5,8,1,0,1,1,1,1783222340
2026-07-05T04:44:05Z,683,13,1,6,0,0,1,1,1,1783224447
2026-07-05T04:44:05Z,684,15,1,10,2,0,1,1,1,1783218457
2026-07-05T04:44:05Z,685,1,0,24,1,1,1,1,1,1783224587
2026-07-05T04:44:05Z,686,10,1,14,2,1,1,1,1,1783226555
2026-07-05T04:44:05Z,687,12,3,17,1,1,1,1,1,1783226379
2026-07-05T04:44:05Z,688,10,3,8,1,0,1,1,1,1783224845
2026-07-05T04:44:05Z,692,0,0,20,1,0,1,1,1,1783225403
2026-07-05T04:44:05Z,693,9,5,2,0,0,1,1,1,1783226068
2026-07-05T04:44:05Z,694,6,2,12,3,0,1,1,1,1783226304
2026-07-05T04:44:05Z,695,4,1,19,0,0,1,1,1,1783226356
2026-07-05T04:44:05Z,696,21,10,1,1,0,1,1,1,1783226247
2026-07-05T04:44:05Z,697,4,0,18,1,0,1,1,1,1783226293
2026-07-05T04:44:05Z,698,27,2,0,0,0,1,1,1,1783226159
2026-07-05T04:44:05Z,699,3,0,11,1,0,1,1,1,1783226601
2026-07-05T04:44:05Z,700,5,0,13,1,0,1,1,1,1783225509
2026-07-05T04:44:05Z,701,6,0,12,1,0,1,1,1,1783226629
2026-07-05T04:44:05Z,702,16,7,6,1,0,1,1,1,1783226430
2026-07-05T04:44:05Z,703,23,5,0,0,0,1,1,1,1783226406
2026-07-05T04:44:05Z,704,12,1,3,0,0,1,1,1,1783226531
2026-07-05T04:44:05Z,705,9,4,5,1,0,1,1,1,1783226449
2026-07-05T04:44:05Z,706,10,3,4,1,0,1,1,1,1783225681
2026-07-05T04:44:05Z,707,15,2,0,0,0,1,1,1,1783226255
2026-07-05T04:44:05Z,708,18,3,1,0,0,1,1,1,1783226307
2026-07-05T04:44:05Z,709,14,5,0,1,0,1,1,1,1783226494
2026-07-05T04:44:05Z,710,17,1,2,0,0,1,1,1,1783226001
2026-07-05T04:44:05Z,711,14,3,1,4,0,1,1,1,1783226171
2026-07-05T04:44:05Z,712,0,0,15,0,0,1,1,1,1783225555
2026-07-05T04:44:05Z,713,6,3,17,0,0,1,1,1,1783226248
2026-07-05T04:44:05Z,716,1,0,14,0,0,1,1,1,1783226374
2026-07-05T04:44:05Z,717,9,0,12,4,0,1,1,1,1783225186
2026-07-05T04:44:05Z,718,3,1,12,0,0,1,1,1,1783226326
2026-07-05T04:44:05Z,719,8,0,21,0,0,1,1,1,1783225594
2026-07-05T04:44:05Z,720,2,0,16,1,0,1,1,1,1783226331
2026-07-05T04:44:05Z,721,11,0,11,1,0,1,1,1,1783224875
2026-07-05T04:44:05Z,722,13,2,2,0,0,1,1,1,1783226287
2026-07-05T04:44:05Z,723,1,1,21,1,0,1,1,1,1783225911
2026-07-05T04:44:05Z,724,17,1,6,0,0,1,1,1,1783226134
2026-07-05T04:44:05Z,725,21,1,1,1,0,1,1,1,1783226581
2026-07-05T04:44:05Z,726,11,1,8,0,0,1,1,1,1783225849
2026-07-05T04:44:05Z,727,9,0,14,0,0,1,1,1,1783224970
2026-07-05T04:44:05Z,728,9,2,5,1,0,1,1,1,1783226122
2026-07-05T04:44:05Z,729,13,0,4,2,0,1,1,1,1783226557
2026-07-05T04:44:05Z,730,7,1,8,0,0,1,1,1,1783225675
2026-07-05T04:44:05Z,731,1,1,14,0,0,1,1,1,1783225140
2026-07-05T04:44:05Z,732,9,0,6,0,0,1,1,1,1783225470
2026-07-05T04:44:05Z,733,1,0,25,1,0,1,1,1,1783225785
2026-07-05T04:44:05Z,734,4,1,9,1,0,1,1,1,1783225032
2026-07-05T04:44:05Z,735,2,2,16,1,0,1,1,1,1783226066
2026-07-05T04:44:05Z,736,16,2,1,2,0,1,1,1,1783197738
2026-07-05T04:44:05Z,737,8,2,7,0,0,1,1,1,1783226595
2026-07-05T04:44:05Z,738,1,1,17,1,0,1,1,1,1783225110
2026-07-05T04:44:05Z,739,7,1,18,2,0,1,1,1,1783225472
2026-07-05T04:44:05Z,741,12,4,11,0,0,1,1,1,1783224889
2026-07-05T04:44:05Z,742,10,1,29,0,0,1,1,1,1783226392
2026-07-05T04:44:05Z,743,4,1,13,2,0,1,1,1,1783226227
2026-07-05T04:44:05Z,744,4,1,11,0,0,1,1,1,1783226432
2026-07-05T04:44:05Z,745,8,1,10,1,0,1,1,1,1783226244
2026-07-05T04:44:05Z,746,0,0,23,0,0,1,1,1,1783226340
2026-07-05T04:44:05Z,747,0,0,19,0,0,1,1,1,1783224930
2026-07-05T04:44:05Z,748,12,1,9,2,0,1,1,1,1783226368
2026-07-05T04:44:05Z,749,8,0,15,0,0,1,1,1,1783225538
2026-07-05T04:44:05Z,750,1,1,8,2,0,1,1,1,1783226318
2026-07-05T04:44:05Z,751,0,0,23,0,0,1,1,1,1783226111
2026-07-05T04:44:05Z,752,14,1,1,2,0,1,1,1,1783226508
2026-07-05T04:44:05Z,753,9,0,5,1,0,1,1,1,1783226378
2026-07-05T04:44:05Z,754,6,0,9,0,0,1,1,1,1783225748
2026-07-05T04:44:05Z,755,8,0,10,1,0,1,1,1,1783226565
2026-07-05T04:44:05Z,756,1,0,35,1,0,1,1,1,1783225452
2026-07-05T04:44:05Z,757,4,4,15,0,0,1,1,1,1783226634
2026-07-05T04:44:05Z,758,20,4,3,0,0,1,1,1,1783226608
2026-07-05T04:44:05Z,759,6,0,9,0,0,1,1,1,1783225757
2026-07-05T04:44:05Z,760,4,0,13,2,0,1,1,1,1783223765
2026-07-05T04:44:05Z,761,6,1,16,1,0,1,1,1,1783226208
2026-07-05T04:44:05Z,762,3,0,10,2,0,1,1,1,1783225881
2026-07-05T04:44:05Z,768,5,0,11,3,0,1,1,1,1783226335
2026-07-05T04:44:05Z,769,3,0,12,3,0,1,1,1,1783226532
2026-07-05T04:44:05Z,770,11,2,8,0,0,1,1,1,1783225751
2026-07-05T04:44:05Z,771,10,0,5,0,0,1,1,1,1783225926
2026-07-05T04:44:05Z,772,12,6,3,0,0,1,1,1,1783225980
2026-07-05T04:44:05Z,773,4,2,14,1,0,1,1,1,1783226246
2026-07-05T04:44:05Z,774,3,0,10,2,0,1,1,1,1783226051
2026-07-05T04:44:05Z,775,13,2,4,2,0,1,1,1,1783221743
2026-07-05T04:44:05Z,776,6,0,14,1,0,1,1,1,1783226635
2026-07-05T04:44:05Z,777,11,2,1,3,0,1,1,1,1783225788
2026-07-05T04:44:05Z,778,4,0,13,2,0,1,1,1,1783223905
2026-07-05T04:44:05Z,779,14,0,4,1,0,1,1,1,1783225688
2026-07-05T04:44:05Z,780,8,5,8,2,1,1,1,1,1783226570
2026-07-05T04:44:05Z,781,1,1,9,1,0,1,1,1,1783217403
2026-07-05T04:44:05Z,782,7,2,11,1,0,1,1,1,1783225357
2026-07-05T04:44:05Z,783,8,6,8,3,0,1,1,1,1783220560
2026-07-05T04:44:05Z,784,0,0,18,1,0,1,1,1,1783225879
2026-07-05T04:44:05Z,785,9,1,5,5,0,1,1,1,1783225581
2026-07-05T04:44:05Z,786,0,0,18,1,0,1,1,1,1783211324
2026-07-05T04:44:05Z,787,0,0,15,0,0,1,1,1,1783225545
2026-07-05T04:44:05Z,788,10,1,5,0,0,1,1,1,1783225811
2026-07-05T04:44:05Z,789,12,1,1,2,0,1,1,1,1783226559
2026-07-05T04:44:05Z,790,4,3,19,0,0,1,1,1,1783226633
2026-07-05T04:44:05Z,791,0,0,19,0,0,1,1,1,1783226325
2026-07-05T04:44:05Z,793,11,1,3,1,0,1,1,1,1783225974
2026-07-05T04:44:05Z,794,4,1,25,0,0,1,1,1,1783226390
2026-07-05T04:44:05Z,796,1,0,15,3,0,1,1,1,1783226334
2026-07-05T04:44:05Z,797,1,1,14,0,0,1,1,1,1783226250
2026-07-05T04:44:05Z,798,1,0,23,1,0,1,1,1,1783225205
2026-07-05T04:44:05Z,799,3,1,15,1,0,1,1,1,1783226303
2026-07-05T04:44:05Z,800,3,0,16,2,0,1,1,1,1783226561
2026-07-05T04:44:05Z,801,5,3,14,2,0,1,1,1,1783224473
2026-07-05T04:44:05Z,802,2,0,28,0,1,1,1,1,1783226363
2026-07-05T04:44:05Z,803,2,1,13,0,0,1,1,1,1783226122
2026-07-05T04:44:05Z,806,0,0,11,4,0,1,1,1,1783225046
2026-07-05T04:44:05Z,807,17,1,7,1,0,1,1,1,1783225748
2026-07-05T04:44:05Z,808,9,0,15,1,0,1,1,1,1783225355
2026-07-05T04:44:05Z,809,5,1,18,0,0,1,1,1,1783225978
2026-07-05T04:44:05Z,810,8,5,10,1,0,1,1,1,1783225994
2026-07-05T04:44:05Z,815,5,2,9,1,0,1,1,1,1783226259
2026-07-05T04:44:05Z,817,3,0,5,7,0,1,1,1,1783226617
2026-07-05T04:44:05Z,818,3,2,20,0,0,1,1,1,1783226369
2026-07-05T04:44:05Z,819,6,6,6,3,0,1,1,1,1783225904
2026-07-05T04:44:05Z,820,6,1,8,3,0,1,1,1,1783226597
2026-07-05T04:44:05Z,821,9,0,5,1,0,1,1,1,1783225513
2026-07-05T04:44:05Z,822,2,0,19,2,0,1,1,1,1783226570
2026-07-05T04:44:05Z,823,0,0,15,0,0,1,1,1,1783226163
2026-07-05T04:44:05Z,824,3,2,15,1,0,1,1,1,1783226297
2026-07-05T04:44:05Z,825,9,2,6,0,0,1,1,1,1783218366
2026-07-05T04:44:05Z,826,8,0,10,1,0,1,1,1,1783224889
2026-07-05T04:44:05Z,827,7,1,13,1,0,1,1,1,1783226137
2026-07-05T04:44:05Z,828,1,0,16,1,0,1,1,1,1783225104
2026-07-05T04:44:05Z,829,1,0,26,0,0,1,1,1,1783212589
2026-07-05T04:44:05Z,830,22,2,1,0,0,1,1,1,1783226518
2026-07-05T04:44:05Z,831,4,1,4,7,0,1,1,1,1783225556
2026-07-05T04:44:05Z,832,13,2,5,0,0,1,1,1,1783226320
2026-07-05T04:44:05Z,833,18,11,0,1,0,1,1,1,1783226595
2026-07-05T04:44:05Z,834,1,0,23,0,0,1,1,1,1783226420
2026-07-05T04:44:05Z,835,12,8,6,0,0,1,1,1,1783225754
2026-07-05T04:44:05Z,837,3,0,5,7,0,1,1,1,1783225578
2026-07-05T04:44:05Z,838,7,3,4,4,0,1,1,1,1783226577
2026-07-05T04:44:05Z,839,18,3,10,1,0,1,1,1,1783225409
2026-07-05T04:44:05Z,840,2,1,27,0,0,1,1,1,1783226629
2026-07-05T04:44:05Z,841,4,2,8,3,0,1,1,1,1783225147
2026-07-05T04:44:05Z,842,4,0,18,0,1,1,1,1,1783226259
2026-07-05T04:44:05Z,843,1,0,28,2,0,1,1,1,1783226153
2026-07-05T04:44:05Z,844,5,0,18,0,0,1,1,1,1783225667
2026-07-05T04:44:05Z,845,8,0,11,0,0,1,1,1,1783225171
2026-07-05T04:44:05Z,846,7,1,11,0,1,1,1,1,1783225645
2026-07-05T04:44:05Z,847,0,0,27,0,0,1,1,1,1783226170
2026-07-05T04:44:05Z,848,6,0,13,0,0,1,1,1,1783225835
2026-07-05T04:44:05Z,849,0,0,10,5,0,1,1,1,1783225469
2026-07-05T04:44:05Z,850,7,3,4,0,0,1,1,1,1783226352
2026-07-05T04:44:05Z,851,24,2,11,2,0,1,1,1,1783226241
2026-07-05T04:44:05Z,852,3,0,15,1,0,1,1,1,1783224885
2026-07-05T04:44:05Z,853,10,2,12,1,0,1,1,1,1783225743
2026-07-05T04:44:05Z,854,4,0,10,1,0,1,1,1,1783226553
2026-07-05T04:44:05Z,855,25,0,2,0,0,1,1,1,1783226426
2026-07-05T04:44:05Z,857,8,6,10,1,0,1,1,1,1783224927
2026-07-05T04:44:05Z,858,1,0,17,1,0,1,1,1,1783222451
2026-07-05T04:44:05Z,859,9,3,12,0,0,1,1,1,1783225022
2026-07-05T04:44:05Z,861,4,0,7,0,0,1,1,1,1783226279
2026-07-05T04:44:05Z,862,4,0,11,0,0,1,1,1,1783225999
2026-07-05T04:44:05Z,863,7,3,11,1,0,1,1,1,1783216283
2026-07-05T04:44:05Z,866,18,0,1,0,0,1,1,1,1783213234
2026-07-05T04:44:05Z,867,8,0,7,0,0,1,1,1,1783225263
2026-07-05T04:44:05Z,868,11,0,4,0,0,1,1,1,1783225854
2026-07-05T04:44:05Z,870,11,3,3,1,0,1,1,1,1783225953
2026-07-05T04:44:05Z,871,3,0,8,0,0,1,1,1,1783225208
2026-07-05T04:44:05Z,872,6,3,9,0,0,1,1,1,1783225991
2026-07-05T04:44:05Z,873,0,0,31,2,0,1,1,1,1783226230
2026-07-05T04:44:05Z,874,14,1,0,1,0,1,1,1,1783226361
2026-07-05T04:44:05Z,875,3,1,12,0,0,1,1,1,1783225418
2026-07-05T04:44:05Z,877,7,3,12,0,0,1,1,1,1783225854
2026-07-05T04:44:05Z,878,9,0,10,0,0,1,1,1,1783225744
2026-07-05T04:44:05Z,879,7,0,11,1,0,1,1,1,1783225398
2026-07-05T04:44:05Z,880,11,2,12,0,0,1,1,1,1783225110
2026-07-05T04:44:05Z,881,3,1,13,3,0,1,1,1,1783226615
2026-07-05T04:44:05Z,882,10,5,9,0,0,1,1,1,1783226327
2026-07-05T04:44:05Z,883,12,6,6,1,0,1,1,1,1783226535
2026-07-05T04:44:05Z,884,10,5,11,0,0,1,1,1,1783183865
2026-07-05T04:44:05Z,885,8,3,11,0,0,1,1,1,1783226240
2026-07-05T04:44:05Z,886,2,2,23,4,0,1,1,1,1783225756
2026-07-05T04:44:05Z,887,2,0,14,1,0,1,1,1,1783225333
2026-07-05T04:44:05Z,888,0,0,40,1,0,1,1,1,1783226102
2026-07-05T04:44:05Z,889,11,1,8,0,0,1,1,1,1783225224
2026-07-05T04:44:05Z,890,8,2,7,0,0,1,1,1,1783217856
2026-07-05T04:44:05Z,891,7,1,15,1,0,1,1,1,1783225728
2026-07-05T04:44:05Z,892,15,5,0,0,0,1,1,1,1783224185
2026-07-05T04:44:05Z,895,6,2,13,0,0,1,1,1,1783226620
2026-07-05T04:44:05Z,896,29,8,6,0,0,1,1,1,1783226582
2026-07-05T04:44:05Z,897,11,1,9,1,0,1,1,1,1783225293
2026-07-05T04:44:05Z,898,7,1,12,0,0,1,1,1,1783225407
2026-07-05T04:44:05Z,899,18,3,1,0,0,1,1,1,1783226488
2026-07-05T04:44:05Z,900,25,1,1,1,0,1,1,1,1783226078
2026-07-05T04:44:05Z,901,8,0,10,1,0,1,1,1,1783226155
2026-07-05T04:44:05Z,902,0,0,15,0,0,1,1,1,1783225346
2026-07-05T04:44:05Z,903,1,0,18,0,0,1,1,1,1783225142
2026-07-05T04:44:05Z,904,13,0,4,2,0,1,1,1,1783225447
2026-07-05T04:44:05Z,905,14,9,13,0,0,1,1,1,1783225994
2026-07-05T04:44:05Z,906,20,9,7,0,0,1,1,1,1783226604
2026-07-05T04:44:05Z,907,13,0,18,0,0,1,1,1,1783226188
2026-07-05T04:44:05Z,908,8,0,15,0,0,1,1,1,1783225768
2026-07-05T04:44:05Z,909,20,9,3,0,0,1,1,1,1783226621
2026-07-05T04:44:05Z,910,2,0,28,1,0,1,1,1,1783226331
2026-07-05T04:44:05Z,911,10,0,8,1,0,1,1,1,1783225224
2026-07-05T04:44:05Z,912,13,0,8,2,0,1,1,1,1783226397
2026-07-05T04:44:05Z,913,10,1,9,0,0,1,1,1,1783211292
2026-07-05T04:44:05Z,914,15,0,2,2,0,1,1,1,1783225803
2026-07-05T04:44:05Z,915,19,0,3,1,0,1,1,1,1783226285
2026-07-05T04:44:05Z,916,10,2,12,1,0,1,1,1,1783226421
2026-07-05T04:44:05Z,917,5,1,30,0,0,1,1,1,1783226603
2026-07-05T04:44:05Z,918,18,3,0,1,0,1,1,1,1783225774
2026-07-05T04:44:05Z,919,28,4,11,0,0,1,1,1,1783226575
2026-07-05T04:44:05Z,920,4,3,15,0,0,1,1,1,1783226562
2026-07-05T04:44:05Z,921,3,0,15,3,0,1,1,1,1783219782
2026-07-05T04:44:05Z,922,9,1,12,0,0,1,1,1,1783224412
2026-07-05T04:44:05Z,923,0,0,18,1,0,1,1,1,1783226259
2026-07-05T04:44:05Z,924,16,2,5,0,0,1,1,1,1783225038
2026-07-05T04:44:05Z,925,1,1,19,1,0,1,1,1,1783225418
2026-07-05T04:44:05Z,926,8,1,13,0,0,1,1,1,1783225507
2026-07-05T04:44:05Z,927,16,0,17,1,0,1,1,1,1783226147
2026-07-05T04:44:05Z,928,12,1,5,2,0,1,1,1,1783225635
2026-07-05T04:44:05Z,929,11,0,12,0,0,1,1,1,1783226437
2026-07-05T04:44:05Z,930,22,0,9,0,0,1,1,1,1783225557
2026-07-05T04:44:05Z,931,1,1,21,1,0,1,1,1,1783226355
2026-07-05T04:44:05Z,932,8,1,10,1,0,1,1,1,1783226068
2026-07-05T04:44:05Z,933,17,0,5,1,0,1,1,1,1783226471
2026-07-05T04:44:05Z,934,7,0,23,1,0,1,1,1,1783226197
2026-07-05T04:44:05Z,935,1,0,15,3,0,1,1,1,1783225697
2026-07-05T04:44:05Z,936,18,3,1,0,0,1,1,1,1783225497
2026-07-05T04:44:05Z,940,6,0,4,1,0,1,1,1,1783226625
2026-07-05T04:44:05Z,941,7,0,18,0,0,1,1,1,1783226061
2026-07-05T04:44:05Z,942,8,3,13,0,0,1,1,1,1783226186
2026-07-05T04:44:05Z,943,4,4,10,1,0,1,1,1,1783225443
2026-07-05T04:44:05Z,944,5,5,9,1,0,1,1,1,1783219032
2026-07-05T04:44:05Z,945,9,5,6,0,0,1,1,1,1783225797
2026-07-05T04:44:05Z,946,8,6,11,0,0,1,1,1,1783225728
2026-07-05T04:44:05Z,947,7,5,10,0,0,1,1,1,1783226528
2026-07-05T04:44:05Z,948,17,3,11,3,0,1,1,1,1783226488
2026-07-05T04:44:05Z,949,1,0,14,0,0,1,1,1,1783225723
2026-07-05T04:44:05Z,950,13,5,2,2,0,1,1,1,1783226624
2026-07-05T04:44:05Z,951,5,0,17,1,0,1,1,1,1783224922
2026-07-05T04:44:05Z,952,15,0,37,3,0,1,1,1,1783226442
2026-07-05T04:44:05Z,953,13,0,0,2,0,1,1,1,1783225731
2026-07-05T04:44:05Z,954,16,2,2,1,0,1,1,1,1783226358
2026-07-05T04:44:05Z,955,2,2,19,6,0,1,1,1,1783226188
2026-07-05T04:44:05Z,956,1,0,17,1,0,1,1,1,1783225949
2026-07-05T04:44:05Z,957,3,1,25,1,0,1,1,1,1783226536
2026-07-05T04:44:05Z,958,5,0,25,1,0,1,1,1,1783226592
2026-07-05T04:44:05Z,959,3,2,19,1,0,1,1,1,1783226279
2026-07-05T04:44:05Z,960,22,4,0,1,0,1,1,1,1783225440
2026-07-05T04:44:05Z,961,8,4,15,0,0,1,1,1,1783225126
2026-07-05T04:44:05Z,962,3,1,25,7,0,1,1,1,1783225530
2026-07-05T04:44:05Z,963,5,0,18,0,0,1,1,1,1783225456
2026-07-05T04:44:05Z,964,6,1,16,1,0,1,1,1,1783226110
2026-07-05T04:44:05Z,965,8,1,17,2,0,1,1,1,1783226536
2026-07-05T04:44:05Z,966,3,0,28,0,0,1,1,1,1783226514
2026-07-05T04:44:05Z,967,10,1,7,4,0,1,1,1,1783226631
2026-07-05T04:44:05Z,968,11,0,8,0,0,1,1,1,1783225337
2026-07-05T04:44:05Z,969,11,2,15,1,0,1,1,1,1783225966
2026-07-05T04:44:05Z,970,14,4,2,3,0,1,1,1,1783226253
2026-07-05T04:44:05Z,971,22,0,0,1,0,1,1,1,1783225481
2026-07-05T04:44:05Z,972,4,2,18,1,0,1,1,1,1783226168
2026-07-05T04:44:05Z,973,3,0,18,2,0,1,1,1,1783226578
2026-07-05T04:44:05Z,974,17,0,10,0,0,1,1,1,1783225760
2026-07-05T04:44:05Z,977,5,3,15,1,0,1,1,1,1783225819
2026-07-05T04:44:05Z,978,18,3,5,0,0,1,1,1,1783225610
2026-07-05T04:44:05Z,979,10,0,4,3,0,1,1,1,1783225799
2026-07-05T04:44:05Z,980,7,0,14,0,0,1,1,1,1783226542
2026-07-05T04:44:05Z,981,4,1,16,1,0,1,1,1,1783226353
2026-07-05T04:44:05Z,982,9,3,9,1,0,1,1,1,1783225586
2026-07-05T04:44:05Z,983,1,0,22,0,0,1,1,1,1783224949
2026-07-05T04:44:05Z,984,15,10,7,1,0,1,1,1,1783225082
2026-07-05T04:44:05Z,985,1,0,28,1,1,1,1,1,1783226268
2026-07-05T04:44:05Z,986,6,6,12,1,0,1,1,1,1783225863
2026-07-05T04:44:05Z,987,3,0,20,0,0,1,1,1,1783226073
2026-07-05T04:44:05Z,988,10,3,8,1,0,1,1,1,1783226138
2026-07-05T04:44:05Z,989,14,11,4,1,0,1,1,1,1783226108
2026-07-05T04:44:05Z,990,13,3,1,1,0,1,1,1,1783225730
2026-07-05T04:44:05Z,991,18,10,1,0,0,1,1,1,1783226280
2026-07-05T04:44:05Z,992,6,1,17,0,0,1,1,1,1783225355
2026-07-05T04:44:05Z,993,0,0,27,0,0,1,1,1,1783225903
2026-07-05T04:44:05Z,994,8,1,9,4,0,1,1,1,1783226083
2026-07-05T04:44:05Z,995,10,1,17,0,0,1,1,1,1783225389
2026-07-05T04:44:05Z,996,9,4,14,0,0,1,1,1,1783226029
2026-07-05T04:44:05Z,997,9,5,10,4,0,1,1,1,1783226053
2026-07-05T04:44:05Z,998,8,0,15,0,0,1,1,1,1783225913
2026-07-05T04:44:05Z,999,8,2,11,1,1,1,1,1,1783225262
2026-07-05T04:44:05Z,1000,8,1,13,0,0,1,1,1,1783225755
2026-07-05T04:44:05Z,1001,1,0,26,0,0,1,1,1,1783226112
2026-07-05T04:44:05Z,1002,9,1,22,0,0,1,1,1,1783225540
2026-07-05T04:44:05Z,1003,2,1,21,0,0,1,1,1,1783226406
2026-07-05T04:44:05Z,1004,12,2,11,0,0,1,1,1,1783225392
2026-07-05T04:44:05Z,1005,7,2,15,1,0,1,1,1,1783225396
2026-07-05T04:44:05Z,1006,13,3,6,0,0,1,1,1,1783225986
2026-07-05T04:44:05Z,1007,6,3,15,0,0,1,1,1,1783225768
2026-07-05T04:44:05Z,1008,8,4,14,1,0,1,1,1,1783225815
2026-07-05T04:44:05Z,1009,8,0,22,1,0,1,1,1,1783225320
2026-07-05T04:44:05Z,1010,12,8,15,0,0,1,1,1,1783226200
2026-07-05T04:44:05Z,1011,7,7,12,0,0,1,1,1,1783225921
2026-07-05T04:44:05Z,1012,2,2,18,3,0,1,1,1,1783225880
2026-07-05T04:44:05Z,1013,8,2,13,2,0,1,1,1,1783225226
2026-07-05T04:44:05Z,1014,8,4,15,0,0,1,1,1,1783225296
2026-07-05T04:44:05Z,1015,8,3,23,0,0,1,1,1,1783225090
2026-07-05T04:44:05Z,1016,16,4,15,0,0,1,1,1,1783225608
2026-07-05T04:44:05Z,1017,10,3,10,1,0,1,1,1,1783225324
2026-07-05T04:44:05Z,1018,8,6,12,1,0,1,1,1,1783226150
2026-07-05T04:44:05Z,1019,13,2,2,0,0,1,1,1,1783225723
2026-07-05T04:44:05Z,1020,11,1,10,0,0,1,1,1,1783226591
2026-07-05T04:44:05Z,1021,10,4,5,0,0,1,1,1,1783225769
2026-07-05T04:44:05Z,1022,10,0,17,0,0,1,1,1,1783225654
2026-07-05T04:44:05Z,1023,16,0,7,0,0,1,1,1,1783225921
2026-07-05T04:44:05Z,1024,9,2,10,0,0,1,1,1,1783225633
2026-07-05T04:44:05Z,1025,12,1,6,1,0,1,1,1,1783225267
2026-07-05T04:44:05Z,1026,6,1,22,3,0,1,1,1,1783225486
2026-07-05T04:44:05Z,1028,18,5,5,0,0,1,1,1,1783225709
2026-07-05T04:44:05Z,1029,5,2,6,4,0,1,1,1,1783226512
2026-07-05T04:44:05Z,1030,16,2,6,1,0,1,1,1,1783225724
2026-07-05T04:44:05Z,1031,0,0,19,0,0,1,1,1,1783225016
2026-07-05T04:44:05Z,1032,16,3,3,0,0,1,1,1,1783225420
2026-07-05T04:44:05Z,1033,12,9,6,1,0,1,1,1,1783225032
2026-07-05T04:44:05Z,1034,9,1,5,1,0,1,1,1,1783225584
2026-07-05T04:44:05Z,1035,7,0,12,0,0,1,1,1,1783225250
2026-07-05T04:44:05Z,1036,11,4,4,0,0,1,1,1,1783225115
2026-07-05T04:44:05Z,1037,2,1,16,1,0,1,1,1,1783225885
2026-07-05T04:44:05Z,1038,6,0,9,0,0,1,1,1,1783226454
2026-07-05T04:44:05Z,1039,6,2,13,0,0,1,1,1,1783225371
2026-07-05T04:44:05Z,1040,1,0,18,0,0,1,1,1,1783226200
2026-07-05T04:44:05Z,1041,4,3,15,0,0,1,1,1,1783225520
2026-07-05T04:44:05Z,1042,15,3,0,0,0,1,1,1,1783225492
2026-07-05T04:44:05Z,1043,8,2,10,1,0,1,1,1,1783226177
2026-07-05T04:44:05Z,1044,4,2,9,2,0,1,1,1,1783226291
2026-07-05T04:44:05Z,1045,6,2,12,1,0,1,1,1,1783225382
2026-07-05T04:44:05Z,1046,4,0,7,4,0,1,1,1,1783225761
2026-07-05T04:44:05Z,1047,0,0,21,0,0,1,1,1,1783225383
2026-07-05T04:44:05Z,1048,10,0,9,0,0,1,1,1,1783225291
2026-07-05T04:44:05Z,1049,13,1,7,1,0,1,1,1,1783225752
2026-07-05T04:44:05Z,1050,17,7,4,0,0,1,1,1,1783226445
2026-07-05T04:44:05Z,1051,19,3,2,0,0,1,1,1,1783225179
2026-07-05T04:44:05Z,1052,10,1,10,2,0,1,1,1,1783226055
2026-07-05T04:44:05Z,1053,8,2,7,0,0,1,1,1,1783226106
2026-07-05T04:44:05Z,1054,8,0,6,1,0,1,1,1,1783226119
2026-07-05T04:44:05Z,1055,13,0,6,0,0,1,1,1,1783226277
2026-07-05T04:44:05Z,1057,11,0,7,1,0,1,1,1,1783226349
2026-07-05T04:44:05Z,1058,15,0,40,1,0,1,1,1,1783226041
2026-07-05T04:44:05Z,1059,9,2,10,0,0,1,1,1,1783226141
2026-07-05T04:44:05Z,1060,13,1,24,0,0,1,1,1,1783226219
2026-07-05T04:44:05Z,1061,0,0,37,0,0,1,1,1,1783226356
2026-07-05T04:44:05Z,1062,3,0,13,1,0,1,1,1,1783226124
2026-07-05T04:44:05Z,1063,11,4,7,1,0,1,1,1,1783225528
2026-07-05T04:44:05Z,1064,10,1,12,1,0,1,1,1,1783225392
2026-07-05T04:44:05Z,1065,9,3,13,1,0,1,1,1,1783225604
2026-07-05T04:44:05Z,1066,16,5,7,0,0,1,1,1,1783226140
2026-07-05T04:44:05Z,1067,12,1,10,1,0,1,1,1,1783225814
2026-07-05T04:44:05Z,1068,13,0,10,0,0,1,1,1,1783225787
2026-07-05T04:44:05Z,1069,0,0,23,0,0,1,1,1,1783226108
2026-07-05T04:44:05Z,1070,7,4,15,1,0,1,1,1,1783224920
2026-07-05T04:44:05Z,1071,1,0,22,0,0,1,1,1,1783225071
2026-07-05T04:44:05Z,1072,14,1,8,1,0,1,1,1,1783225764
2026-07-05T04:44:05Z,1073,7,1,18,2,0,1,1,1,1783226105
2026-07-05T04:44:05Z,1074,25,1,24,4,0,1,1,1,1783226623
2026-07-05T04:44:05Z,1075,12,11,9,0,0,1,1,1,1783225444
2026-07-05T04:44:05Z,1076,11,5,10,0,0,1,1,1,1783226139
2026-07-05T04:44:05Z,1077,8,8,13,0,0,1,1,1,1783225579
2026-07-05T04:44:05Z,1078,11,2,10,0,0,1,1,1,1783226577
2026-07-05T04:44:05Z,1079,14,12,7,0,0,1,1,1,1783225604
2026-07-05T04:44:05Z,1080,8,8,13,0,0,1,1,1,1783221802
2026-07-05T04:44:05Z,1081,14,14,5,0,0,1,1,1,1783225515
2026-07-05T04:44:05Z,1082,15,11,8,0,0,1,1,1,1783225504
2026-07-05T04:44:05Z,1083,7,4,13,1,0,1,1,1,1783225353
2026-07-05T04:44:05Z,1084,8,6,13,0,0,1,1,1,1783225383
2026-07-05T04:44:05Z,1085,8,6,13,0,0,1,1,1,1783225600
2026-07-05T04:44:05Z,1086,10,7,11,0,0,1,1,1,1783225505
2026-07-05T04:44:05Z,1087,7,5,8,0,0,1,1,1,1783226592
2026-07-05T04:44:05Z,1088,10,10,5,0,0,1,1,1,1783226351
2026-07-05T04:44:05Z,1089,5,5,10,0,0,1,1,1,1783225450
2026-07-05T04:44:05Z,1090,8,7,7,0,0,1,1,1,1783225584
2026-07-05T04:44:05Z,1091,9,7,6,0,0,1,1,1,1783226024
2026-07-05T04:44:05Z,1092,8,8,7,0,0,1,1,1,1783225302
2026-07-05T04:44:05Z,1093,6,6,9,0,0,1,1,1,1783224932
2026-07-05T04:44:05Z,1094,12,7,7,0,0,1,1,1,1783225046
2026-07-05T04:44:05Z,1095,9,9,6,0,0,1,1,1,1783225426
2026-07-05T04:44:05Z,1096,12,10,7,0,0,1,1,1,1783226592
2026-07-05T04:44:05Z,1097,9,6,6,0,0,1,1,1,1783225430
2026-07-05T04:44:05Z,1098,8,7,10,1,0,1,1,1,1783226304
2026-07-05T04:44:05Z,1099,6,6,9,0,0,1,1,1,1783224855
2026-07-05T04:44:05Z,1100,7,5,20,2,0,1,1,1,1783226407
2026-07-05T04:44:05Z,1101,10,5,11,0,0,1,1,1,1783225988
2026-07-05T04:44:05Z,1102,10,5,3,0,0,1,1,1,1783225845
2026-07-05T04:44:05Z,1103,10,5,11,0,0,1,1,1,1783225431
2026-07-05T04:44:05Z,1104,10,5,11,0,0,1,1,1,1783225977
2026-07-05T04:44:05Z,1105,8,2,3,2,0,1,1,1,1783225581
2026-07-05T04:44:05Z,1106,10,5,11,0,0,1,1,1,1783226437
2026-07-05T04:44:05Z,1107,11,5,4,0,0,1,1,1,1783225709
2026-07-05T04:44:05Z,1108,8,6,17,2,0,1,1,1,1783225956
2026-07-05T04:44:05Z,1109,9,4,6,0,0,1,1,1,1783226031
2026-07-05T04:44:05Z,1110,8,2,13,0,0,1,1,1,1783225848
2026-07-05T04:44:05Z,1111,10,0,10,1,0,1,1,1,1783226490
2026-07-05T04:44:05Z,1112,44,0,8,1,0,1,1,1,1783225154
2026-07-05T04:44:05Z,1113,2,0,19,0,0,1,1,1,1783226176
2026-07-05T04:44:05Z,1115,13,1,10,0,0,1,1,1,1783225395
2026-07-05T04:44:05Z,1116,9,0,10,0,0,1,1,1,1783225081
2026-07-05T04:44:05Z,1117,2,1,20,1,0,1,1,1,1783225522
2026-07-05T04:44:05Z,1118,15,0,6,0,0,1,1,1,1783226429
2026-07-05T04:44:05Z,1119,6,1,11,0,0,1,1,1,1783225109
2026-07-05T04:44:05Z,1120,1,0,15,3,0,1,1,1,1783225491
2026-07-05T04:44:05Z,1121,9,0,11,1,0,1,1,1,1783224714
2026-07-05T04:44:05Z,1122,11,4,9,0,1,1,1,1,1783226561
2026-07-05T04:44:05Z,1123,2,1,20,1,0,1,1,1,1783225286
2026-07-05T04:44:05Z,1124,14,2,0,1,0,1,1,1,1783225472
2026-07-05T04:44:05Z,1125,17,3,6,0,0,1,1,1,1783225466
2026-07-05T04:44:05Z,1126,9,1,10,2,0,1,1,1,1783225492
2026-07-05T04:44:05Z,1127,5,1,12,2,0,1,1,1,1783225586
2026-07-05T04:44:05Z,1128,14,2,1,0,0,1,1,1,1783225409
2026-07-05T04:44:05Z,1129,12,1,8,1,0,1,1,1,1783226091
2026-07-05T04:44:05Z,1130,3,0,10,2,0,1,1,1,1783225538
2026-07-05T04:44:05Z,1131,0,0,48,1,0,1,1,1,1783224986
2026-07-05T04:44:05Z,1132,15,2,5,1,0,1,1,1,1783226190
2026-07-05T04:44:05Z,1133,9,3,11,1,0,1,1,1,1783226290
2026-07-05T04:44:05Z,1134,10,6,9,0,0,1,1,1,1783226046
2026-07-05T04:44:05Z,1135,8,4,13,0,0,1,1,1,1783226258
2026-07-05T04:44:05Z,1136,16,0,5,2,0,1,1,1,1783226293
2026-07-05T04:44:05Z,1137,9,2,6,0,0,1,1,1,1783226117
2026-07-05T04:44:05Z,1138,14,0,5,0,0,1,1,1,1783226553
2026-07-05T04:44:05Z,1139,1,0,20,0,0,1,1,1,1783223577
2026-07-05T04:44:05Z,1140,12,4,9,2,0,1,1,1,1783226462
2026-07-05T04:44:05Z,1141,6,2,14,1,0,1,1,1,1783226630
2026-07-05T04:44:05Z,1142,3,0,18,0,0,1,1,1,1783226281
2026-07-05T04:44:05Z,1143,28,2,1,0,0,1,1,1,1783225732
2026-07-05T04:44:05Z,1144,13,1,7,1,0,1,1,1,1783225174
2026-07-05T04:44:05Z,1145,8,3,10,2,1,1,1,1,1783224950
2026-07-05T04:44:05Z,1146,13,0,5,1,0,1,1,1,1783226529
2026-07-05T04:44:05Z,1147,9,2,10,0,0,1,1,1,1783225145
2026-07-05T04:44:05Z,1148,20,2,11,0,0,1,1,1,1783226341
2026-07-05T04:44:05Z,1149,14,4,11,0,0,1,1,1,1783225421
2026-07-05T04:44:05Z,1150,16,0,3,0,0,1,1,1,1783225668
2026-07-05T04:44:05Z,1151,11,0,9,1,0,1,1,1,1783225938
2026-07-05T04:44:05Z,1152,6,2,20,3,0,1,1,1,1783226578
2026-07-05T04:44:05Z,1153,12,2,10,1,0,1,1,1,1783226534
2026-07-05T04:44:05Z,1154,10,1,6,3,0,1,1,1,1783225680
2026-07-05T04:44:05Z,1155,4,2,15,2,0,1,1,1,1783226519
2026-07-05T04:44:05Z,1158,7,0,12,0,0,1,1,1,1783225225
2026-07-05T04:44:05Z,1159,6,2,13,0,0,1,1,1,1783226131
2026-07-05T04:44:05Z,1160,10,3,8,1,0,1,1,1,1783226149
2026-07-05T04:44:05Z,1161,5,2,14,0,0,1,1,1,1783225636
2026-07-05T04:44:05Z,1162,12,6,7,0,0,1,1,1,1783225090
2026-07-05T04:44:05Z,1163,2,0,16,1,0,1,1,1,1783225005
2026-07-05T04:44:05Z,1164,9,2,9,1,0,1,1,1,1783225404
2026-07-05T04:44:05Z,1165,2,1,18,1,0,1,1,1,1783226454
2026-07-05T04:44:05Z,1166,5,0,15,1,0,1,1,1,1783225980
2026-07-05T04:44:05Z,1167,12,2,3,0,0,1,1,1,1783225673
2026-07-05T04:44:05Z,1168,5,1,18,0,0,1,1,1,1783225370
2026-07-05T04:44:05Z,1169,0,0,18,1,0,1,1,1,1783226549
2026-07-05T04:44:05Z,1170,0,0,21,0,0,1,1,1,1783225928
2026-07-05T04:44:05Z,1171,10,9,12,1,0,1,1,1,1783226613
2026-07-05T04:44:05Z,1172,10,3,5,0,0,1,1,1,1783225690
2026-07-05T04:44:05Z,1173,0,0,19,0,0,1,1,1,1783225997
2026-07-05T04:44:05Z,1174,1,0,14,0,0,1,1,1,1783225515
2026-07-05T04:44:05Z,1175,1,0,17,1,0,1,1,1,1783225130
2026-07-05T04:44:05Z,1176,18,4,3,0,0,1,1,1,1783217041
2026-07-05T04:44:05Z,1177,11,4,10,0,0,1,1,1,1783225198
2026-07-05T04:44:05Z,1178,7,3,7,1,0,1,1,1,1783226198
2026-07-05T04:44:05Z,1181,4,0,11,0,0,1,1,1,1783225286
2026-07-05T04:44:05Z,1182,2,0,17,1,0,1,1,1,1783226637
2026-07-05T04:44:05Z,1183,0,0,36,1,0,1,1,1,1783226073
2026-07-05T04:44:05Z,1184,0,0,18,3,0,1,1,1,1783226373
2026-07-05T04:44:05Z,1185,10,5,11,0,0,1,1,1,1783226013
2026-07-05T04:44:05Z,1186,10,5,9,0,0,1,1,1,1783225516
2026-07-05T04:44:05Z,1190,7,4,14,0,0,1,1,1,1783226368
2026-07-05T04:44:05Z,1192,9,5,12,0,0,1,1,1,1783226383
2026-07-05T04:44:05Z,1193,5,1,7,1,0,1,1,1,1783226103
2026-07-05T04:44:05Z,1197,8,2,7,2,0,1,1,1,1783225426
2026-07-05T04:44:05Z,1198,13,8,7,1,0,1,1,1,1783226199
2026-07-05T04:44:05Z,1199,6,5,13,0,0,1,1,1,1783225223
2026-07-05T04:44:05Z,1200,11,5,3,1,0,1,1,1,1783226156
2026-07-05T04:44:05Z,1201,4,0,11,0,0,1,1,1,1783226459
2026-07-05T04:44:05Z,1202,13,6,2,0,0,1,1,1,1783226147
2026-07-05T04:44:05Z,1203,11,6,4,0,0,1,1,1,1783226474
2026-07-05T04:44:05Z,1218,11,5,10,0,0,1,1,1,1783226092
2026-07-05T04:44:05Z,1224,0,0,3,0,0,0,1,1,1781869449
2026-07-05T04:44:05Z,1225,0,0,3,0,0,0,1,1,1781868919
2026-07-05T04:44:05Z,1226,0,0,3,0,0,0,1,1,1781868931
2026-07-05T04:49:05Z,1,3,0,20,0,0,1,1,1,1783226566
2026-07-05T04:49:05Z,2,23,4,4,0,0,1,1,1,1783226312
2026-07-05T04:49:05Z,3,1,1,17,1,0,1,1,1,1783226720
2026-07-05T04:49:05Z,4,13,0,10,0,0,1,1,1,1783226289
2026-07-05T04:49:05Z,5,11,8,11,1,0,1,1,1,1783226920
2026-07-05T04:49:05Z,6,11,0,4,0,0,1,1,1,1783226710
2026-07-05T04:49:05Z,7,1,0,22,0,0,1,1,1,1783225587
2026-07-05T04:49:05Z,8,11,0,32,0,0,1,1,1,1783226723
2026-07-05T04:49:05Z,9,11,0,9,3,0,1,1,1,1783225858
2026-07-05T04:49:05Z,10,9,2,14,0,0,1,1,1,1783221209
2026-07-05T04:49:05Z,11,6,0,13,0,0,1,1,1,1783226010
2026-07-05T04:49:05Z,12,0,0,23,0,0,1,1,1,1783224318
2026-07-05T04:49:05Z,13,10,0,19,1,0,1,1,1,1783226932
2026-07-05T04:49:05Z,14,19,0,24,0,0,1,1,1,1783226274
2026-07-05T04:49:05Z,15,0,0,14,1,0,1,1,1,1783224803
2026-07-05T04:49:05Z,16,14,0,12,1,0,1,1,1,1783219189
2026-07-05T04:49:05Z,17,11,0,15,1,0,1,1,1,1783226861
2026-07-05T04:49:05Z,18,8,0,10,1,0,1,1,1,1783226746
2026-07-05T04:49:05Z,19,1,0,25,1,0,1,1,1,1783226574
2026-07-05T04:49:05Z,20,9,0,18,0,0,1,1,1,1783226186
2026-07-05T04:49:05Z,21,16,0,3,0,0,1,1,1,1783226883
2026-07-05T04:49:05Z,22,52,0,14,1,0,1,1,1,1783226727
2026-07-05T04:49:05Z,23,28,3,3,0,0,1,1,1,1783225785
2026-07-05T04:49:05Z,24,1,1,9,1,0,1,1,1,1783226939
2026-07-05T04:49:05Z,25,4,0,74,2,1,1,1,1,1783226915
2026-07-05T04:49:05Z,26,10,0,17,0,0,1,1,1,1783226925
2026-07-05T04:49:05Z,28,13,1,2,0,0,1,1,1,1783226680
2026-07-05T04:49:05Z,30,14,0,13,0,0,1,1,1,1783226919
2026-07-05T04:49:05Z,31,0,0,19,0,0,1,1,1,1783223897
2026-07-05T04:49:05Z,32,12,0,15,0,0,1,1,1,1783226578
2026-07-05T04:49:05Z,34,14,0,23,0,0,1,1,1,1783226530
2026-07-05T04:49:05Z,35,28,0,18,1,0,1,1,1,1783226934
2026-07-05T04:49:05Z,36,0,0,0,0,0,0,1,1,86400
2026-07-05T04:49:05Z,37,0,0,23,0,0,1,1,1,1783226742
2026-07-05T04:49:05Z,38,13,0,10,0,0,1,1,1,1783225963
2026-07-05T04:49:05Z,39,30,0,1,0,0,1,1,1,1783225693
2026-07-05T04:49:05Z,40,6,1,15,0,0,1,1,1,1783226457
2026-07-05T04:49:05Z,41,1,0,25,1,0,1,1,1,1783225607
2026-07-05T04:49:05Z,42,11,1,20,0,0,1,1,1,1783225196
2026-07-05T04:49:05Z,43,0,0,0,21,2,1,1,1,1783226658
2026-07-05T04:49:05Z,45,1,0,30,0,0,1,1,1,1783225102
2026-07-05T04:49:05Z,46,18,0,11,2,0,1,1,1,1783226872
2026-07-05T04:49:05Z,47,4,0,10,1,0,1,1,1,1783226764
2026-07-05T04:49:05Z,48,12,0,15,0,0,1,1,1,1783226605
2026-07-05T04:49:05Z,49,4,0,15,4,0,1,1,1,1783226940
2026-07-05T04:49:05Z,50,9,4,9,1,0,1,1,1,1783225596
2026-07-05T04:49:05Z,51,29,0,47,2,0,1,1,1,1783226403
2026-07-05T04:49:05Z,52,0,0,25,2,0,1,1,1,1783226593
2026-07-05T04:49:05Z,55,2,0,20,1,0,1,1,1,1783226911
2026-07-05T04:49:05Z,56,0,0,26,1,0,1,1,1,1783224577
2026-07-05T04:49:05Z,57,0,0,26,1,0,1,1,1,1783225556
2026-07-05T04:49:05Z,58,7,1,21,0,0,1,1,1,1783226460
2026-07-05T04:49:05Z,59,1,1,24,2,0,1,1,1,1783226668
2026-07-05T04:49:05Z,61,2,1,36,1,0,1,1,1,1783226847
2026-07-05T04:49:05Z,62,13,2,36,1,0,1,1,1,1783226922
2026-07-05T04:49:05Z,63,14,4,5,0,0,1,1,1,1783225776
2026-07-05T04:49:05Z,64,6,3,10,3,0,1,1,1,1783226137
2026-07-05T04:49:05Z,65,12,4,6,1,0,1,1,1,1783224708
2026-07-05T04:49:05Z,67,9,1,30,0,0,1,1,1,1783226271
2026-07-05T04:49:05Z,68,0,0,36,1,0,1,1,1,1783224892
2026-07-05T04:49:05Z,69,14,2,1,0,0,1,1,1,1783223356
2026-07-05T04:49:05Z,71,1,0,25,1,0,1,1,1,1783226241
2026-07-05T04:49:05Z,72,29,5,1,1,0,1,1,1,1783226795
2026-07-05T04:49:05Z,73,3,0,20,0,0,1,1,1,1783226475
2026-07-05T04:49:05Z,74,8,0,11,0,0,1,1,1,1783226052
2026-07-05T04:49:05Z,75,3,0,32,0,0,1,1,1,1783225931
2026-07-05T04:49:05Z,76,17,1,1,1,0,1,1,1,1783224697
2026-07-05T04:49:05Z,77,5,1,21,1,0,1,1,1,1783226907
2026-07-05T04:49:05Z,78,6,6,17,0,0,1,1,1,1783226929
2026-07-05T04:49:05Z,79,5,5,12,0,0,1,1,1,1783226789
2026-07-05T04:49:05Z,80,17,1,4,0,2,1,1,1,1783226848
2026-07-05T04:49:05Z,81,1,1,30,0,0,1,1,1,1783226802
2026-07-05T04:49:05Z,82,2,0,21,0,0,1,1,1,1783226524
2026-07-05T04:49:05Z,83,7,3,25,2,0,1,1,1,1783226939
2026-07-05T04:49:05Z,84,26,1,0,1,0,1,1,1,1783222293
2026-07-05T04:49:05Z,85,5,1,9,0,0,1,1,1,1783226271
2026-07-05T04:49:05Z,86,24,0,1,2,0,1,1,1,1783226371
2026-07-05T04:49:05Z,87,4,0,15,0,0,1,1,1,1783222587
2026-07-05T04:49:05Z,88,0,0,31,0,0,1,1,1,1783226294
2026-07-05T04:49:05Z,89,17,0,18,0,0,1,1,1,1783225860
2026-07-05T04:49:05Z,90,3,0,16,0,0,1,1,1,1783226785
2026-07-05T04:49:05Z,91,16,0,1,0,0,1,1,1,1783226100
2026-07-05T04:49:05Z,92,8,0,9,2,0,1,1,1,1783226828
2026-07-05T04:49:05Z,93,4,1,19,0,0,1,1,1,1783226254
2026-07-05T04:49:05Z,94,18,1,1,0,0,1,1,1,1783225146
2026-07-05T04:49:05Z,95,27,5,7,1,0,1,1,1,1783226921
2026-07-05T04:49:05Z,96,30,5,0,1,0,1,1,1,1783224023
2026-07-05T04:49:05Z,97,7,1,8,1,0,1,1,1,1783226929
2026-07-05T04:49:05Z,98,6,4,28,1,0,1,1,1,1783226673
2026-07-05T04:49:05Z,99,14,0,0,0,0,1,1,1,1783223772
2026-07-05T04:49:05Z,100,19,0,7,1,0,1,1,1,1783225532
2026-07-05T04:49:05Z,101,11,0,3,1,0,1,1,1,1783226806
2026-07-05T04:49:05Z,102,15,1,8,0,0,1,1,1,1783226362
2026-07-05T04:49:05Z,103,18,1,11,3,0,1,1,1,1783226726
2026-07-05T04:49:05Z,104,2,0,23,2,0,1,1,1,1783226812
2026-07-05T04:49:05Z,105,12,0,5,2,0,1,1,1,1783221518
2026-07-05T04:49:05Z,106,0,0,21,0,0,1,1,1,1783222328
2026-07-05T04:49:05Z,107,31,1,4,2,0,1,1,1,1783226805
2026-07-05T04:49:05Z,108,12,2,21,1,1,1,1,1,1783226738
2026-07-05T04:49:05Z,109,18,0,5,0,0,1,1,1,1783226817
2026-07-05T04:49:05Z,110,8,1,15,0,0,1,1,1,1783226184
2026-07-05T04:49:05Z,111,0,0,35,1,0,1,1,1,1783225870
2026-07-05T04:49:05Z,112,6,0,11,2,0,1,1,1,1783226402
2026-07-05T04:49:05Z,113,9,0,8,2,0,1,1,1,1783226793
2026-07-05T04:49:05Z,114,15,7,13,3,0,1,1,1,1783226721
2026-07-05T04:49:05Z,115,8,2,16,2,0,1,1,1,1783226290
2026-07-05T04:49:05Z,116,8,2,19,0,0,1,1,1,1783226719
2026-07-05T04:49:05Z,118,10,3,9,4,0,1,1,1,1783226074
2026-07-05T04:49:05Z,119,35,11,1,2,0,1,1,1,1783226731
2026-07-05T04:49:05Z,120,23,2,2,2,0,1,1,1,1783225816
2026-07-05T04:49:05Z,121,4,0,15,0,0,1,1,1,1783225117
2026-07-05T04:49:05Z,122,0,0,21,0,0,1,1,1,1783226461
2026-07-05T04:49:05Z,123,34,0,13,0,0,1,1,1,1783221766
2026-07-05T04:49:05Z,124,15,3,12,0,0,1,1,1,1783226734
2026-07-05T04:49:05Z,125,6,3,17,0,0,1,1,1,1783225964
2026-07-05T04:49:05Z,126,20,3,11,0,0,1,1,1,1783226928
2026-07-05T04:49:05Z,127,0,0,30,0,1,0,1,1,1783001724
2026-07-05T04:49:05Z,128,12,4,7,0,0,1,1,1,1783226564
2026-07-05T04:49:05Z,129,14,0,4,1,0,1,1,1,1783226776
2026-07-05T04:49:05Z,130,15,0,2,0,0,1,1,1,1783225257
2026-07-05T04:49:05Z,131,3,1,7,1,0,1,1,1,1783226387
2026-07-05T04:49:05Z,132,2,0,12,0,1,1,1,1,1783225338
2026-07-05T04:49:05Z,133,9,1,14,0,0,1,1,1,1783226776
2026-07-05T04:49:05Z,134,2,2,20,1,0,1,1,1,1783226665
2026-07-05T04:49:05Z,135,13,1,4,2,0,1,1,1,1783226896
2026-07-05T04:49:05Z,136,21,0,1,0,0,1,1,1,1783226286
2026-07-05T04:49:05Z,137,1,1,18,0,0,1,1,1,1783226284
2026-07-05T04:49:05Z,138,19,0,18,0,0,1,1,1,1783226276
2026-07-05T04:49:05Z,139,17,4,0,2,0,1,1,1,1783226787
2026-07-05T04:49:05Z,140,16,3,7,0,0,1,1,1,1783226614
2026-07-05T04:49:05Z,141,6,0,17,2,0,1,1,1,1783226769
2026-07-05T04:49:05Z,142,0,0,19,0,0,0,1,1,1782498468
2026-07-05T04:49:05Z,143,21,0,9,1,0,1,1,1,1783226224
2026-07-05T04:49:05Z,144,21,1,6,0,0,1,1,1,1783226690
2026-07-05T04:49:05Z,145,22,0,8,1,0,1,1,1,1783226852
2026-07-05T04:49:05Z,146,18,1,5,0,0,1,1,1,1783226273
2026-07-05T04:49:05Z,147,0,0,17,2,0,1,1,1,1783226718
2026-07-05T04:49:05Z,148,12,1,14,1,0,1,1,1,1783226866
2026-07-05T04:49:05Z,149,15,3,4,0,0,1,1,1,1783226907
2026-07-05T04:49:05Z,150,18,4,15,2,0,1,1,1,1783226889
2026-07-05T04:49:05Z,151,18,3,5,0,0,1,1,1,1783226771
2026-07-05T04:49:05Z,152,16,0,10,0,0,1,1,1,1783226714
2026-07-05T04:49:05Z,153,19,2,0,4,0,1,1,1,1783226755
2026-07-05T04:49:05Z,154,8,4,13,2,0,1,1,1,1783226486
2026-07-05T04:49:05Z,155,3,3,9,2,0,1,1,1,1783226631
2026-07-05T04:49:05Z,156,15,5,2,2,0,1,1,1,1783226936
2026-07-05T04:49:05Z,157,5,1,16,0,0,1,1,1,1783226704
2026-07-05T04:49:05Z,158,1,1,17,1,0,1,1,1,1783226905
2026-07-05T04:49:05Z,159,17,8,1,1,0,1,1,1,1783226363
2026-07-05T04:49:05Z,160,7,1,10,2,0,1,1,1,1783226878
2026-07-05T04:49:05Z,161,5,0,17,1,0,1,1,1,1783226931
2026-07-05T04:49:05Z,162,12,6,14,1,0,1,1,1,1783226765
2026-07-05T04:49:05Z,163,19,2,12,0,0,1,1,1,1783226890
2026-07-05T04:49:05Z,164,12,2,15,0,0,1,1,1,1783226724
2026-07-05T04:49:05Z,165,1,0,26,3,0,1,1,1,1783226404
2026-07-05T04:49:05Z,166,7,0,29,2,0,1,1,1,1783226936
2026-07-05T04:49:05Z,167,18,12,4,1,0,1,1,1,1783226757
2026-07-05T04:49:05Z,168,7,0,18,1,1,1,1,1,1783226883
2026-07-05T04:49:05Z,169,0,0,23,0,0,1,1,1,1783222579
2026-07-05T04:49:05Z,170,4,0,13,2,0,1,1,1,1783226595
2026-07-05T04:49:05Z,171,9,4,3,1,0,1,1,1,1783226938
2026-07-05T04:49:05Z,173,0,0,35,2,0,1,1,1,1783226630
2026-07-05T04:49:05Z,174,19,0,6,0,0,1,1,1,1783226854
2026-07-05T04:49:05Z,175,14,2,17,0,0,1,1,1,1783226845
2026-07-05T04:49:05Z,176,1,1,12,1,1,1,1,1,1783226796
2026-07-05T04:49:05Z,177,15,0,11,1,0,1,1,1,1783226515
2026-07-05T04:49:05Z,178,7,0,6,2,0,1,1,1,1783226517
2026-07-05T04:49:05Z,179,9,0,3,3,0,1,1,1,1783226807
2026-07-05T04:49:05Z,180,22,0,7,1,0,1,1,1,1783226284
2026-07-05T04:49:05Z,181,8,6,1,4,1,1,1,1,1783226755
2026-07-05T04:49:05Z,182,11,1,8,0,0,1,1,1,1783226931
2026-07-05T04:49:05Z,183,6,2,17,0,0,1,1,1,1783226520
2026-07-05T04:49:05Z,184,2,1,20,1,0,1,1,1,1783226933
2026-07-05T04:49:05Z,185,2,2,10,2,1,1,1,1,1783226436
2026-07-05T04:49:05Z,186,5,2,14,0,0,1,1,1,1783226489
2026-07-05T04:49:05Z,187,27,0,1,1,0,1,1,1,1783226640
2026-07-05T04:49:05Z,188,16,1,5,2,4,1,1,1,1783226936
2026-07-05T04:49:05Z,189,8,3,7,0,0,1,1,1,1783226513
2026-07-05T04:49:05Z,190,0,0,23,0,0,1,1,1,1783226503
2026-07-05T04:49:05Z,191,5,1,32,2,0,1,1,1,1783226848
2026-07-05T04:49:05Z,192,11,3,20,0,0,1,1,1,1783226866
2026-07-05T04:49:05Z,193,6,4,8,1,0,1,1,1,1783226344
2026-07-05T04:49:05Z,194,3,0,12,0,0,1,1,1,1783224853
2026-07-05T04:49:05Z,195,4,1,15,0,0,1,1,1,1783226916
2026-07-05T04:49:05Z,196,13,2,14,0,0,1,1,1,1783226409
2026-07-05T04:49:05Z,197,14,3,4,0,1,1,1,1,1783226435
2026-07-05T04:49:05Z,198,3,1,20,0,0,1,1,1,1783224807
2026-07-05T04:49:05Z,199,3,0,10,2,0,1,1,1,1783226653
2026-07-05T04:49:05Z,200,1,0,25,0,0,1,1,1,1783226299
2026-07-05T04:49:05Z,201,20,1,3,0,0,1,1,1,1783226934
2026-07-05T04:49:05Z,202,0,0,21,0,0,0,1,1,1783093344
2026-07-05T04:49:05Z,203,16,0,15,0,0,1,1,1,1783226200
2026-07-05T04:49:05Z,204,25,1,9,1,0,1,1,1,1783226507
2026-07-05T04:49:05Z,205,19,1,8,0,0,1,1,1,1783226924
2026-07-05T04:49:05Z,206,5,1,8,2,0,1,1,1,1783226720
2026-07-05T04:49:05Z,207,9,0,10,2,0,1,1,1,1783226924
2026-07-05T04:49:05Z,208,3,2,26,0,0,1,1,1,1783226442
2026-07-05T04:49:05Z,209,26,0,4,1,0,1,1,1,1783226612
2026-07-05T04:49:05Z,210,6,3,21,0,0,1,1,1,1783226889
2026-07-05T04:49:05Z,211,7,3,16,0,0,1,1,1,1783226185
2026-07-05T04:49:05Z,212,15,0,20,0,0,1,1,1,1783226937
2026-07-05T04:49:05Z,213,19,2,3,1,0,1,1,1,1783226905
2026-07-05T04:49:05Z,214,6,2,36,5,0,1,1,1,1783226935
2026-07-05T04:49:05Z,215,2,2,21,0,0,1,1,1,1783226760
2026-07-05T04:49:05Z,216,17,0,0,2,0,1,1,1,1783226939
2026-07-05T04:49:05Z,217,16,0,12,1,0,1,1,1,1783226552
2026-07-05T04:49:05Z,218,15,10,20,4,0,1,1,1,1783226741
2026-07-05T04:49:05Z,219,0,0,26,0,0,0,1,1,1783102715
2026-07-05T04:49:05Z,220,18,18,25,0,0,1,1,1,1783226689
2026-07-05T04:49:05Z,221,13,9,0,1,0,1,1,1,1783226843
2026-07-05T04:49:05Z,222,6,2,13,0,0,1,1,1,1783226696
2026-07-05T04:49:05Z,223,10,5,21,4,0,1,1,1,1783226733
2026-07-05T04:49:05Z,224,16,1,6,0,0,1,1,1,1783226938
2026-07-05T04:49:05Z,225,7,1,8,4,0,1,1,1,1783218949
2026-07-05T04:49:05Z,226,5,4,24,2,0,1,1,1,1783226835
2026-07-05T04:49:05Z,227,8,6,19,0,0,1,1,1,1783226174
2026-07-05T04:49:05Z,228,16,3,2,1,0,1,1,1,1783226336
2026-07-05T04:49:05Z,230,7,1,16,0,0,1,1,1,1783226871
2026-07-05T04:49:05Z,232,5,0,12,2,0,1,1,1,1783226825
2026-07-05T04:49:05Z,233,29,6,1,1,0,1,1,1,1783226901
2026-07-05T04:49:05Z,234,14,2,0,5,0,1,1,1,1783226740
2026-07-05T04:49:05Z,236,17,6,0,2,0,1,1,1,1783226460
2026-07-05T04:49:05Z,237,12,3,11,0,0,1,1,1,1783226825
2026-07-05T04:49:05Z,239,0,0,27,0,0,1,1,1,1783225093
2026-07-05T04:49:05Z,241,6,4,16,1,0,1,1,1,1783226784
2026-07-05T04:49:05Z,242,3,1,20,0,0,1,1,1,1783226730
2026-07-05T04:49:05Z,243,16,3,14,1,0,1,1,1,1783226906
2026-07-05T04:49:05Z,244,18,6,9,0,0,1,1,1,1783226792
2026-07-05T04:49:05Z,245,8,1,15,0,0,1,1,1,1783226594
2026-07-05T04:49:05Z,246,2,0,21,0,0,1,1,1,1783226302
2026-07-05T04:49:05Z,247,5,3,18,0,0,1,1,1,1783226381
2026-07-05T04:49:05Z,248,0,0,19,4,0,1,1,1,1783226886
2026-07-05T04:49:05Z,249,2,0,15,2,0,1,1,1,1783226934
2026-07-05T04:49:05Z,250,4,2,23,0,0,1,1,1,1783225962
2026-07-05T04:49:05Z,251,7,2,17,3,0,1,1,1,1783226528
2026-07-05T04:49:05Z,253,4,1,15,0,0,1,1,1,1783226679
2026-07-05T04:49:05Z,254,23,1,17,3,0,1,1,1,1783226674
2026-07-05T04:49:05Z,255,13,0,10,0,0,1,1,1,1783226309
2026-07-05T04:49:05Z,256,11,3,12,0,0,1,1,1,1783226319
2026-07-05T04:49:05Z,257,16,3,2,1,0,1,1,1,1783226878
2026-07-05T04:49:05Z,258,2,1,15,2,0,1,1,1,1783226571
2026-07-05T04:49:05Z,259,15,2,7,1,0,1,1,1,1783226756
2026-07-05T04:49:05Z,260,8,2,11,0,0,1,1,1,1783226199
2026-07-05T04:49:05Z,261,17,2,0,2,0,1,1,1,1783222498
2026-07-05T04:49:05Z,262,9,4,13,1,0,1,1,1,1783226805
2026-07-05T04:49:05Z,263,4,2,11,0,0,1,1,1,1783226797
2026-07-05T04:49:05Z,264,10,6,8,1,0,1,1,1,1783226487
2026-07-05T04:49:05Z,265,15,0,0,0,0,1,1,1,1783226084
2026-07-05T04:49:05Z,266,9,0,9,1,0,1,1,1,1783224578
2026-07-05T04:49:05Z,267,4,0,11,0,0,1,1,1,1783205904
2026-07-05T04:49:05Z,268,1,0,19,3,0,1,1,1,1783226932
2026-07-05T04:49:05Z,269,3,0,20,0,0,1,1,1,1783222107
2026-07-05T04:49:05Z,270,3,0,24,0,0,1,1,1,1783226014
2026-07-05T04:49:05Z,271,0,0,16,3,0,1,1,1,1783226702
2026-07-05T04:49:05Z,272,22,4,1,0,0,1,1,1,1783226891
2026-07-05T04:49:05Z,273,11,9,4,0,0,1,1,1,1783226177
2026-07-05T04:49:05Z,274,5,3,13,1,0,1,1,1,1783226271
2026-07-05T04:49:05Z,275,19,1,3,1,0,1,1,1,1783226189
2026-07-05T04:49:05Z,276,5,3,21,0,1,1,1,1,1783225598
2026-07-05T04:49:05Z,277,1,0,20,2,0,1,1,1,1783225658
2026-07-05T04:49:05Z,278,3,2,26,1,1,1,1,1,1783226925
2026-07-05T04:49:05Z,279,0,0,19,0,0,1,1,1,1783225018
2026-07-05T04:49:05Z,280,13,1,14,4,0,1,1,1,1783226887
2026-07-05T04:49:05Z,281,10,0,13,0,0,1,1,1,1783226574
2026-07-05T04:49:05Z,282,11,0,5,0,0,1,1,1,1783223608
2026-07-05T04:49:05Z,283,22,2,11,2,0,1,1,1,1783226665
2026-07-05T04:49:05Z,284,5,5,29,1,0,1,1,1,1783225843
2026-07-05T04:49:05Z,285,6,0,17,0,0,1,1,1,1783226899
2026-07-05T04:49:05Z,286,4,1,18,1,0,1,1,1,1783226454
2026-07-05T04:49:05Z,287,13,9,7,3,0,1,1,1,1783226933
2026-07-05T04:49:05Z,288,6,2,11,2,0,1,1,1,1783226518
2026-07-05T04:49:05Z,289,15,0,10,2,0,1,1,1,1783226823
2026-07-05T04:49:05Z,290,4,0,33,2,0,1,1,1,1783226514
2026-07-05T04:49:05Z,291,7,0,16,0,0,1,1,1,1783226748
2026-07-05T04:49:05Z,292,2,0,21,0,0,1,1,1,1783224123
2026-07-05T04:49:05Z,293,3,1,19,1,0,1,1,1,1783226263
2026-07-05T04:49:05Z,294,1,1,20,1,0,1,1,1,1783226917
2026-07-05T04:49:05Z,297,6,0,12,1,0,1,1,1,1783226798
2026-07-05T04:49:05Z,301,8,0,10,1,0,1,1,1,1783225479
2026-07-05T04:49:05Z,302,1,0,21,1,0,1,1,1,1783226666
2026-07-05T04:49:05Z,303,10,1,8,1,0,1,1,1,1783225639
2026-07-05T04:49:05Z,304,0,0,0,0,0,0,1,1,86400
2026-07-05T04:49:05Z,305,2,1,17,0,0,1,1,1,1783226114
2026-07-05T04:49:05Z,306,3,2,27,2,0,1,1,1,1783225548
2026-07-05T04:49:05Z,307,1,1,20,2,0,1,1,1,1783226290
2026-07-05T04:49:05Z,308,16,1,1,2,0,1,1,1,1783225870
2026-07-05T04:49:05Z,309,3,3,0,6,0,1,1,1,1783226932
2026-07-05T04:49:05Z,311,12,0,3,0,0,1,1,1,1783226916
2026-07-05T04:49:05Z,312,8,2,10,4,1,1,1,1,1783226829
2026-07-05T04:49:05Z,313,15,0,0,0,0,1,1,1,1783222784
2026-07-05T04:49:05Z,314,6,2,11,2,0,1,1,1,1783226162
2026-07-05T04:49:05Z,315,0,0,31,0,0,0,1,1,1783017696
2026-07-05T04:49:05Z,316,9,1,4,2,0,1,1,1,1783226802
2026-07-05T04:49:05Z,317,3,3,23,4,1,1,1,1,1783226845
2026-07-05T04:49:05Z,318,12,1,5,0,0,1,1,1,1783223689
2026-07-05T04:49:05Z,319,19,4,7,1,0,1,1,1,1783226910
2026-07-05T04:49:05Z,320,10,0,8,1,0,1,1,1,1783226589
2026-07-05T04:49:05Z,321,17,2,0,2,0,1,1,1,1783220081
2026-07-05T04:49:05Z,322,8,2,21,0,0,1,1,1,1783226682
2026-07-05T04:49:05Z,323,9,0,10,0,0,1,1,1,1783225365
2026-07-05T04:49:05Z,324,21,5,5,1,0,1,1,1,1783225368
2026-07-05T04:49:05Z,325,6,1,19,2,0,1,1,1,1783226764
2026-07-05T04:49:05Z,327,15,5,10,0,2,1,1,1,1783226631
2026-07-05T04:49:05Z,328,8,1,14,0,1,1,1,1,1783226872
2026-07-05T04:49:05Z,329,11,0,8,0,0,1,1,1,1783223995
2026-07-05T04:49:05Z,330,3,1,19,0,0,1,1,1,1783225787
2026-07-05T04:49:05Z,331,19,0,4,0,0,1,1,1,1783226564
2026-07-05T04:49:05Z,332,4,1,15,0,0,1,1,1,1783223850
2026-07-05T04:49:05Z,333,5,2,17,1,0,1,1,1,1783226634
2026-07-05T04:49:05Z,334,6,3,17,0,0,1,1,1,1783226169
2026-07-05T04:49:05Z,335,0,0,21,1,1,1,1,1,1783226387
2026-07-05T04:49:05Z,336,5,2,14,0,0,1,1,1,1783225034
2026-07-05T04:49:05Z,337,13,4,7,3,0,1,1,1,1783226756
2026-07-05T04:49:05Z,338,12,3,7,0,0,1,1,1,1783226717
2026-07-05T04:49:05Z,339,1,0,21,1,0,1,1,1,1783226505
2026-07-05T04:49:05Z,340,11,6,3,1,0,1,1,1,1783226250
2026-07-05T04:49:05Z,341,5,5,13,1,0,1,1,1,1783224847
2026-07-05T04:49:05Z,342,14,4,0,1,0,1,1,1,1783226753
2026-07-05T04:49:05Z,343,10,6,13,0,0,1,1,1,1783225323
2026-07-05T04:49:05Z,344,5,1,17,1,0,1,1,1,1783225459
2026-07-05T04:49:05Z,345,18,0,0,1,0,1,1,1,1783226688
2026-07-05T04:49:05Z,346,22,1,0,1,0,1,1,1,1783226894
2026-07-05T04:49:05Z,347,7,6,40,0,0,1,1,1,1783226905
2026-07-05T04:49:05Z,348,22,2,1,0,0,1,1,1,1783226528
2026-07-05T04:49:05Z,349,4,2,13,2,0,1,1,1,1783226692
2026-07-05T04:49:05Z,350,16,2,10,0,1,1,1,1,1783225527
2026-07-05T04:49:05Z,351,4,0,18,1,0,1,1,1,1783226749
2026-07-05T04:49:05Z,355,5,1,17,1,0,1,1,1,1783225702
2026-07-05T04:49:05Z,356,13,0,5,1,0,1,1,1,1783226750
2026-07-05T04:49:05Z,357,13,5,6,0,0,1,1,1,1783226633
2026-07-05T04:49:05Z,359,18,1,7,2,0,1,1,1,1783226339
2026-07-05T04:49:05Z,360,6,1,13,0,0,1,1,1,1783223287
2026-07-05T04:49:05Z,362,12,7,4,3,0,1,1,1,1783225384
2026-07-05T04:49:05Z,363,5,0,22,0,0,1,1,1,1783226900
2026-07-05T04:49:05Z,364,7,2,10,1,1,1,1,1,1783226937
2026-07-05T04:49:05Z,365,20,12,2,1,0,1,1,1,1783226704
2026-07-05T04:49:05Z,366,20,6,1,2,0,1,1,1,1783226918
2026-07-05T04:49:05Z,367,14,4,4,1,0,1,1,1,1783226696
2026-07-05T04:49:05Z,368,21,1,2,0,0,1,1,1,1783225459
2026-07-05T04:49:05Z,370,4,3,11,2,0,1,1,1,1783225473
2026-07-05T04:49:05Z,371,3,0,15,1,0,1,1,1,1783225881
2026-07-05T04:49:05Z,372,14,0,1,0,0,1,1,1,1783226331
2026-07-05T04:49:05Z,373,25,6,1,0,0,1,1,1,1783225236
2026-07-05T04:49:05Z,374,17,1,0,0,0,1,1,1,1783226744
2026-07-05T04:49:05Z,375,13,2,13,1,0,1,1,1,1783226540
2026-07-05T04:49:05Z,376,20,4,19,0,0,1,1,1,1783226730
2026-07-05T04:49:05Z,377,14,3,10,3,0,1,1,1,1783225332
2026-07-05T04:49:05Z,378,15,4,7,2,0,1,1,1,1783226859
2026-07-05T04:49:05Z,379,10,2,17,0,0,1,1,1,1783226937
2026-07-05T04:49:05Z,380,10,2,12,1,0,1,1,1,1783224416
2026-07-05T04:49:05Z,381,4,0,19,0,0,1,1,1,1783226102
2026-07-05T04:49:05Z,383,14,2,1,0,0,1,1,1,1783226645
2026-07-05T04:49:05Z,384,5,1,13,1,0,1,1,1,1783226742
2026-07-05T04:49:05Z,385,10,0,8,0,0,1,1,1,1783225636
2026-07-05T04:49:05Z,387,20,3,3,0,0,1,1,1,1783226121
2026-07-05T04:49:05Z,388,12,0,34,3,0,1,1,1,1783226808
2026-07-05T04:49:05Z,389,2,0,11,2,0,1,1,1,1783226878
2026-07-05T04:49:05Z,390,14,2,13,0,0,1,1,1,1783226255
2026-07-05T04:49:05Z,391,11,8,3,1,0,1,1,1,1783225513
2026-07-05T04:49:05Z,392,7,6,12,0,0,1,1,1,1783220392
2026-07-05T04:49:05Z,393,0,0,9,2,0,1,1,1,1783225387
2026-07-05T04:49:05Z,394,7,2,7,0,1,1,1,1,1783226502
2026-07-05T04:49:05Z,396,0,0,39,3,0,1,1,1,1783225801
2026-07-05T04:49:05Z,397,2,1,28,1,0,1,1,1,1783226880
2026-07-05T04:49:05Z,399,16,0,0,1,0,1,1,1,1783226625
2026-07-05T04:49:05Z,400,5,2,15,3,0,1,1,1,1783226230
2026-07-05T04:49:05Z,401,2,2,29,0,0,1,1,1,1783226086
2026-07-05T04:49:05Z,403,11,2,16,4,0,1,1,1,1783226858
2026-07-05T04:49:05Z,404,3,1,17,3,0,1,1,1,1783225985
2026-07-05T04:49:05Z,406,4,0,27,4,0,1,1,1,1783225169
2026-07-05T04:49:05Z,407,3,0,31,0,0,1,1,1,1783224579
2026-07-05T04:49:05Z,408,4,2,28,1,0,1,1,1,1783226884
2026-07-05T04:49:05Z,409,0,0,22,1,0,1,1,1,1783218138
2026-07-05T04:49:05Z,413,15,3,6,2,0,1,1,1,1783226269
2026-07-05T04:49:05Z,414,10,2,5,0,0,1,1,1,1783225875
2026-07-05T04:49:05Z,417,18,4,1,0,0,1,1,1,1783226891
2026-07-05T04:49:05Z,418,5,2,10,0,0,1,1,1,1783223261
2026-07-05T04:49:05Z,419,20,3,1,2,0,1,1,1,1783224386
2026-07-05T04:49:05Z,421,13,0,6,0,0,1,1,1,1783226477
2026-07-05T04:49:05Z,422,7,3,20,0,0,1,1,1,1783223720
2026-07-05T04:49:05Z,423,11,3,12,0,0,1,1,1,1783225496
2026-07-05T04:49:05Z,424,2,0,12,1,0,1,1,1,1783226329
2026-07-05T04:49:05Z,425,17,0,5,0,0,1,1,1,1783225971
2026-07-05T04:49:05Z,426,0,0,34,3,0,1,1,1,1783226191
2026-07-05T04:49:05Z,427,9,1,5,0,1,1,1,1,1783225349
2026-07-05T04:49:05Z,428,16,0,3,0,0,1,1,1,1783226347
2026-07-05T04:49:05Z,429,18,4,2,3,0,1,1,1,1783226434
2026-07-05T04:49:05Z,430,25,1,3,3,0,1,1,1,1783226679
2026-07-05T04:49:05Z,431,22,1,7,2,2,1,1,1,1783223487
2026-07-05T04:49:05Z,432,16,4,14,1,0,1,1,1,1783226816
2026-07-05T04:49:05Z,433,21,3,0,2,0,1,1,1,1783222855
2026-07-05T04:49:05Z,437,2,0,15,2,0,1,1,1,1783226920
2026-07-05T04:49:05Z,438,6,1,12,1,0,1,1,1,1783216671
2026-07-05T04:49:05Z,439,10,2,5,0,0,1,1,1,1783226280
2026-07-05T04:49:05Z,440,14,0,0,1,0,1,1,1,1783224982
2026-07-05T04:49:05Z,441,1,0,13,1,0,1,1,1,1783225648
2026-07-05T04:49:05Z,442,8,1,10,1,0,1,1,1,1783225838
2026-07-05T04:49:05Z,443,8,0,19,0,0,1,1,1,1783195674
2026-07-05T04:49:05Z,444,9,5,14,0,0,1,1,1,1783219201
2026-07-05T04:49:05Z,445,11,6,11,1,0,1,1,1,1783219197
2026-07-05T04:49:05Z,446,6,0,16,0,1,1,1,1,1783224960
2026-07-05T04:49:05Z,447,5,0,16,2,0,1,1,1,1783214647
2026-07-05T04:49:05Z,448,12,2,0,2,1,1,1,1,1783224276
2026-07-05T04:49:05Z,452,11,3,7,1,0,1,1,1,1783226197
2026-07-05T04:49:05Z,453,4,2,8,3,0,1,1,1,1783226242
2026-07-05T04:49:05Z,454,6,1,11,1,1,1,1,1,1783224489
2026-07-05T04:49:05Z,455,0,0,39,0,0,0,1,1,1782992996
2026-07-05T04:49:05Z,456,16,0,3,4,0,1,1,1,1783226933
2026-07-05T04:49:05Z,457,6,0,20,1,0,1,1,1,1783226409
2026-07-05T04:49:05Z,458,6,0,14,3,0,1,1,1,1783226653
2026-07-05T04:49:05Z,459,15,6,0,0,0,1,1,1,1783224425
2026-07-05T04:49:05Z,460,15,3,8,0,0,1,1,1,1783226831
2026-07-05T04:49:05Z,461,7,0,9,3,0,1,1,1,1783224906
2026-07-05T04:49:05Z,462,14,1,7,0,0,1,1,1,1783226650
2026-07-05T04:49:05Z,463,12,1,6,1,0,1,1,1,1783225202
2026-07-05T04:49:05Z,464,3,1,10,1,0,1,1,1,1783226785
2026-07-05T04:49:05Z,465,2,0,13,0,0,1,1,1,1783223540
2026-07-05T04:49:05Z,466,15,5,0,0,0,1,1,1,1783222933
2026-07-05T04:49:05Z,467,4,1,11,0,0,1,1,1,1783223173
2026-07-05T04:49:05Z,468,2,2,17,0,0,1,1,1,1783215781
2026-07-05T04:49:05Z,469,1,0,20,1,1,1,1,1,1783224018
2026-07-05T04:49:05Z,470,15,1,0,0,0,1,1,1,1783225091
2026-07-05T04:49:05Z,471,16,1,11,0,0,1,1,1,1783226439
2026-07-05T04:49:05Z,472,13,3,4,2,0,1,1,1,1783226824
2026-07-05T04:49:05Z,473,3,2,15,1,0,1,1,1,1783225811
2026-07-05T04:49:05Z,474,17,0,1,1,0,1,1,1,1783226758
2026-07-05T04:49:05Z,475,3,1,16,0,0,1,1,1,1783226174
2026-07-05T04:49:05Z,476,8,4,12,3,0,1,1,1,1783226575
2026-07-05T04:49:05Z,477,13,2,1,1,0,1,1,1,1783226483
2026-07-05T04:49:05Z,478,1,1,26,4,0,1,1,1,1783226482
2026-07-05T04:49:05Z,479,10,0,13,3,1,1,1,1,1783226693
2026-07-05T04:49:05Z,480,13,1,1,1,0,1,1,1,1783225240
2026-07-05T04:49:05Z,481,32,0,3,0,0,1,1,1,1783225564
2026-07-05T04:49:05Z,482,7,5,11,1,0,1,1,1,1783223759
2026-07-05T04:49:05Z,483,17,0,9,0,1,1,1,1,1783226858
2026-07-05T04:49:05Z,484,2,0,17,0,0,1,1,1,1783225810
2026-07-05T04:49:05Z,485,7,3,11,0,1,1,1,1,1783226813
2026-07-05T04:49:05Z,486,15,0,11,1,0,1,1,1,1783225681
2026-07-05T04:49:05Z,487,8,4,9,2,0,1,1,1,1783226705
2026-07-05T04:49:05Z,489,3,2,12,0,0,1,1,1,1783226173
2026-07-05T04:49:05Z,490,7,7,7,2,0,1,1,1,1783226210
2026-07-05T04:49:05Z,491,5,3,14,2,0,1,1,1,1783226589
2026-07-05T04:49:05Z,492,4,3,3,4,0,1,1,1,1783225703
2026-07-05T04:49:05Z,493,5,0,22,0,0,1,1,1,1783223467
2026-07-05T04:49:05Z,495,12,1,1,2,0,1,1,1,1783226910
2026-07-05T04:49:05Z,496,5,0,21,1,0,1,1,1,1783226454
2026-07-05T04:49:05Z,497,18,0,1,0,0,1,1,1,1783226351
2026-07-05T04:49:05Z,498,21,4,2,0,0,1,1,1,1783226094
2026-07-05T04:49:05Z,499,10,1,6,3,0,1,1,1,1783223503
2026-07-05T04:49:05Z,500,9,2,5,1,0,1,1,1,1783225046
2026-07-05T04:49:05Z,501,4,0,15,2,0,1,1,1,1783226465
2026-07-05T04:49:05Z,502,4,0,15,0,0,1,1,1,1783221629
2026-07-05T04:49:05Z,503,20,1,11,0,0,1,1,1,1783226897
2026-07-05T04:49:05Z,504,0,0,39,0,0,1,1,1,1783226903
2026-07-05T04:49:05Z,505,2,0,15,1,0,1,1,1,1783226935
2026-07-05T04:49:05Z,511,10,0,13,0,0,1,1,1,1783226442
2026-07-05T04:49:05Z,512,17,0,2,0,0,1,1,1,1783225866
2026-07-05T04:49:05Z,514,7,3,3,1,0,1,1,1,1783226326
2026-07-05T04:49:05Z,515,12,1,7,0,0,1,1,1,1783225162
2026-07-05T04:49:05Z,516,19,0,7,1,0,1,1,1,1783226715
2026-07-05T04:49:05Z,517,18,7,5,0,0,1,1,1,1783226659
2026-07-05T04:49:05Z,518,8,3,7,0,0,1,1,1,1783226408
2026-07-05T04:49:05Z,519,16,0,3,0,0,1,1,1,1783222896
2026-07-05T04:49:05Z,520,5,0,19,3,0,1,1,1,1783226784
2026-07-05T04:49:05Z,521,8,1,15,0,0,1,1,1,1783225854
2026-07-05T04:49:05Z,522,13,0,10,0,0,1,1,1,1783226937
2026-07-05T04:49:05Z,523,6,1,16,1,0,1,1,1,1783223586
2026-07-05T04:49:05Z,524,11,0,10,2,0,1,1,1,1783226865
2026-07-05T04:49:05Z,525,10,0,9,0,0,1,1,1,1783226301
2026-07-05T04:49:05Z,526,11,4,3,1,0,1,1,1,1783225934
2026-07-05T04:49:05Z,527,5,4,19,2,0,1,1,1,1783226894
2026-07-05T04:49:05Z,528,12,4,10,1,0,1,1,1,1783225817
2026-07-05T04:49:05Z,529,6,2,9,4,0,1,1,1,1783226834
2026-07-05T04:49:05Z,530,13,2,7,1,0,1,1,1,1783226937
2026-07-05T04:49:05Z,531,20,0,2,0,1,1,1,1,1783226828
2026-07-05T04:49:05Z,532,2,1,28,1,0,1,1,1,1783225571
2026-07-05T04:49:05Z,533,10,0,8,1,0,1,1,1,1783225048
2026-07-05T04:49:05Z,534,5,3,16,2,0,1,1,1,1783226217
2026-07-05T04:49:05Z,535,2,0,12,1,0,1,1,1,1783225836
2026-07-05T04:49:05Z,536,21,0,1,1,0,1,1,1,1783225400
2026-07-05T04:49:05Z,537,0,0,20,1,0,1,1,1,1783225599
2026-07-05T04:49:05Z,538,16,4,2,1,0,1,1,1,1783226564
2026-07-05T04:49:05Z,539,15,6,13,3,0,1,1,1,1783226886
2026-07-05T04:49:05Z,540,10,4,9,0,0,1,1,1,1783224803
2026-07-05T04:49:05Z,541,26,1,0,1,0,1,1,1,1783226583
2026-07-05T04:49:05Z,542,5,2,18,0,0,1,1,1,1783224988
2026-07-05T04:49:05Z,543,15,1,1,3,0,1,1,1,1783226685
2026-07-05T04:49:05Z,544,17,4,4,2,0,1,1,1,1783226858
2026-07-05T04:49:05Z,545,19,0,0,0,0,1,1,1,1783226748
2026-07-05T04:49:05Z,546,2,2,17,0,0,1,1,1,1783226657
2026-07-05T04:49:05Z,547,15,2,7,1,0,1,1,1,1783226683
2026-07-05T04:49:05Z,548,0,0,22,1,0,1,1,1,1783226639
2026-07-05T04:49:05Z,549,12,0,9,0,0,1,1,1,1783226377
2026-07-05T04:49:05Z,550,4,4,15,0,0,1,1,1,1783226868
2026-07-05T04:49:05Z,551,20,6,2,1,0,1,1,1,1783225820
2026-07-05T04:49:05Z,552,12,0,15,0,0,1,1,1,1783226863
2026-07-05T04:49:05Z,553,15,4,8,0,0,1,1,1,1783226518
2026-07-05T04:49:05Z,554,3,1,16,0,0,1,1,1,1783223157
2026-07-05T04:49:05Z,555,9,3,5,1,0,1,1,1,1783224763
2026-07-05T04:49:05Z,556,7,2,14,2,0,1,1,1,1783225637
2026-07-05T04:49:05Z,557,0,0,23,0,0,0,1,1,1781719859
2026-07-05T04:49:05Z,558,3,2,33,1,0,1,1,1,1783226838
2026-07-05T04:49:05Z,559,11,0,7,1,0,1,1,1,1783225824
2026-07-05T04:49:05Z,560,4,0,23,0,0,1,1,1,1783225890
2026-07-05T04:49:05Z,561,9,0,12,2,0,1,1,1,1783226300
2026-07-05T04:49:05Z,562,4,2,30,1,0,1,1,1,1783225838
2026-07-05T04:49:05Z,563,13,0,1,0,0,1,1,1,1783218114
2026-07-05T04:49:05Z,564,14,1,4,1,0,1,1,1,1783226767
2026-07-05T04:49:05Z,565,8,1,11,0,0,1,1,1,1783225828
2026-07-05T04:49:05Z,566,6,0,13,0,0,1,1,1,1783226396
2026-07-05T04:49:05Z,567,22,1,4,1,0,1,1,1,1783226852
2026-07-05T04:49:05Z,568,1,0,18,0,0,1,1,1,1783223823
2026-07-05T04:49:05Z,569,15,1,4,0,0,1,1,1,1783225396
2026-07-05T04:49:05Z,570,12,0,7,0,0,1,1,1,1783226820
2026-07-05T04:49:05Z,571,16,2,7,0,0,1,1,1,1783226785
2026-07-05T04:49:05Z,572,13,0,6,0,0,1,1,1,1783226672
2026-07-05T04:49:05Z,573,15,1,0,0,0,1,1,1,1783219057
2026-07-05T04:49:05Z,574,5,4,10,0,0,1,1,1,1783224946
2026-07-05T04:49:05Z,575,18,0,3,0,0,1,1,1,1783226070
2026-07-05T04:49:05Z,576,0,0,19,0,0,1,1,1,1783220503
2026-07-05T04:49:05Z,577,24,0,7,0,0,1,1,1,1783226687
2026-07-05T04:49:05Z,578,3,1,20,0,0,1,1,1,1783223597
2026-07-05T04:49:05Z,579,9,0,34,0,0,1,1,1,1783226810
2026-07-05T04:49:05Z,580,13,0,16,2,0,1,1,1,1783226736
2026-07-05T04:49:05Z,581,3,0,14,2,0,1,1,1,1783226771
2026-07-05T04:49:05Z,582,6,0,51,4,0,1,1,1,1783226652
2026-07-05T04:49:05Z,583,23,0,0,0,0,1,1,1,1783218887
2026-07-05T04:49:05Z,584,3,3,12,4,0,1,1,1,1783225817
2026-07-05T04:49:05Z,585,4,0,22,0,0,1,1,1,1783226834
2026-07-05T04:49:05Z,586,31,0,4,0,0,1,1,1,1783226937
2026-07-05T04:49:05Z,587,20,0,3,2,0,1,1,1,1783226797
2026-07-05T04:49:05Z,588,18,3,1,0,0,1,1,1,1783222777
2026-07-05T04:49:05Z,589,8,6,15,0,0,1,1,1,1783225873
2026-07-05T04:49:05Z,590,7,0,24,0,0,1,1,1,1783226649
2026-07-05T04:49:05Z,591,19,5,1,2,0,1,1,1,1783224868
2026-07-05T04:49:05Z,592,8,1,15,0,0,1,1,1,1783225921
2026-07-05T04:49:05Z,593,30,0,9,0,0,1,1,1,1783225619
2026-07-05T04:49:05Z,594,4,0,16,1,0,1,1,1,1783225640
2026-07-05T04:49:05Z,595,0,0,3,0,0,0,1,1,1779985765
2026-07-05T04:49:05Z,605,0,0,3,0,0,0,1,1,1780413752
2026-07-05T04:49:05Z,606,0,0,0,0,0,0,1,1,86400
2026-07-05T04:49:05Z,607,22,2,10,1,0,1,1,1,1783226604
2026-07-05T04:49:05Z,608,27,1,27,0,0,1,1,1,1783226547
2026-07-05T04:49:05Z,609,5,2,18,0,0,1,1,1,1783226032
2026-07-05T04:49:05Z,610,0,0,35,0,0,1,1,1,1783224299
2026-07-05T04:49:05Z,611,1,0,26,0,0,1,1,1,1783226879
2026-07-05T04:49:05Z,612,4,1,11,0,0,1,1,1,1783213691
2026-07-05T04:49:05Z,613,6,1,9,0,0,1,1,1,1783225169
2026-07-05T04:49:05Z,614,1,0,24,1,1,1,1,1,1783225336
2026-07-05T04:49:05Z,617,6,1,7,2,0,1,1,1,1783226888
2026-07-05T04:49:05Z,618,10,4,8,1,0,1,1,1,1783224779
2026-07-05T04:49:05Z,619,11,2,7,1,0,1,1,1,1783226664
2026-07-05T04:49:05Z,620,5,0,18,0,0,1,1,1,1783226663
2026-07-05T04:49:05Z,621,9,3,14,0,0,1,1,1,1783226484
2026-07-05T04:49:05Z,622,10,3,10,2,1,1,1,1,1783226868
2026-07-05T04:49:05Z,623,26,5,0,3,1,1,1,1,1783226673
2026-07-05T04:49:05Z,624,4,2,8,2,1,1,1,1,1783221723
2026-07-05T04:49:05Z,625,13,3,8,0,0,1,1,1,1783226758
2026-07-05T04:49:05Z,626,26,0,17,1,2,1,1,1,1783226670
2026-07-05T04:49:05Z,627,9,9,9,1,0,1,1,1,1783225326
2026-07-05T04:49:05Z,628,6,5,11,1,1,1,1,1,1783223616
2026-07-05T04:49:05Z,629,9,3,1,1,0,1,1,1,1783226085
2026-07-05T04:49:05Z,630,13,0,11,3,0,1,1,1,1783217714
2026-07-05T04:49:05Z,631,14,1,9,0,0,1,1,1,1783225226
2026-07-05T04:49:05Z,632,10,2,9,3,0,1,1,1,1783220983
2026-07-05T04:49:05Z,633,8,0,5,1,1,1,1,1,1783200473
2026-07-05T04:49:05Z,634,5,0,13,1,0,1,1,1,1783218053
2026-07-05T04:49:05Z,635,18,0,0,1,0,1,1,1,1783226770
2026-07-05T04:49:05Z,636,7,0,8,0,0,1,1,1,1783213292
2026-07-05T04:49:05Z,637,4,2,14,1,0,1,1,1,1783204406
2026-07-05T04:49:05Z,638,11,5,6,2,0,1,1,1,1783226627
2026-07-05T04:49:05Z,639,0,0,0,3,16,0,1,1,1782287204
2026-07-05T04:49:05Z,640,6,0,17,0,0,1,1,1,1783225879
2026-07-05T04:49:05Z,641,5,0,21,1,0,1,1,1,1783226637
2026-07-05T04:49:05Z,642,3,0,12,4,0,1,1,1,1783226721
2026-07-05T04:49:05Z,643,7,3,20,0,0,1,1,1,1783226775
2026-07-05T04:49:05Z,644,0,0,9,5,1,1,1,1,1783226730
2026-07-05T04:49:05Z,645,13,0,8,1,1,1,1,1,1783226574
2026-07-05T04:49:05Z,646,10,1,8,1,0,1,1,1,1783226341
2026-07-05T04:49:05Z,647,25,2,6,0,0,1,1,1,1783226305
2026-07-05T04:49:05Z,648,12,3,6,1,0,1,1,1,1783226416
2026-07-05T04:49:05Z,649,19,1,12,0,0,1,1,1,1783225752
2026-07-05T04:49:05Z,650,10,2,5,1,0,1,1,1,1783224726
2026-07-05T04:49:05Z,651,1,0,21,1,0,1,1,1,1783223872
2026-07-05T04:49:05Z,652,19,2,2,2,0,1,1,1,1783226752
2026-07-05T04:49:05Z,653,15,2,0,4,0,1,1,1,1783226742
2026-07-05T04:49:05Z,654,2,1,13,0,0,1,1,1,1783226325
2026-07-05T04:49:05Z,655,2,0,11,2,0,1,1,1,1783226689
2026-07-05T04:49:05Z,656,19,5,0,0,0,1,1,1,1783226727
2026-07-05T04:49:05Z,657,10,1,3,4,0,1,1,1,1783226729
2026-07-05T04:49:05Z,658,10,1,9,3,1,1,1,1,1783226846
2026-07-05T04:49:05Z,659,0,0,15,0,0,1,1,1,1783225070
2026-07-05T04:49:05Z,660,22,4,8,1,0,1,1,1,1783226022
2026-07-05T04:49:05Z,661,4,0,14,1,0,1,1,1,1783226234
2026-07-05T04:49:05Z,662,0,0,19,4,0,1,1,1,1783226626
2026-07-05T04:49:05Z,663,14,2,0,0,0,1,1,1,1783226150
2026-07-05T04:49:05Z,664,0,0,27,0,0,1,1,1,1783207560
2026-07-05T04:49:05Z,665,4,1,10,1,0,1,1,1,1783225298
2026-07-05T04:49:05Z,666,7,1,8,0,0,1,1,1,1783226390
2026-07-05T04:49:05Z,667,3,1,12,2,0,1,1,1,1783226520
2026-07-05T04:49:05Z,668,8,2,10,1,0,1,1,1,1783226107
2026-07-05T04:49:05Z,669,12,1,0,2,0,1,1,1,1783225004
2026-07-05T04:49:05Z,670,9,0,18,0,0,1,1,1,1783225504
2026-07-05T04:49:05Z,671,9,1,18,0,0,1,1,1,1783225395
2026-07-05T04:49:05Z,672,19,3,1,3,0,1,1,1,1783226673
2026-07-05T04:49:05Z,673,13,1,8,1,0,1,1,1,1783222642
2026-07-05T04:49:05Z,674,3,1,19,1,0,1,1,1,1783226646
2026-07-05T04:49:05Z,675,3,0,10,1,1,1,1,1,1783226815
2026-07-05T04:49:05Z,676,19,1,3,1,0,1,1,1,1783226902
2026-07-05T04:49:05Z,681,1,1,9,5,0,1,1,1,1783226795
2026-07-05T04:49:05Z,682,10,5,8,1,0,1,1,1,1783222340
2026-07-05T04:49:05Z,683,13,1,6,0,0,1,1,1,1783224447
2026-07-05T04:49:05Z,684,15,1,10,2,0,1,1,1,1783218457
2026-07-05T04:49:05Z,685,1,0,24,1,1,1,1,1,1783224587
2026-07-05T04:49:05Z,686,10,1,14,2,1,1,1,1,1783226870
2026-07-05T04:49:05Z,687,12,3,17,1,1,1,1,1,1783226694
2026-07-05T04:49:05Z,688,10,3,8,1,0,1,1,1,1783224845
2026-07-05T04:49:05Z,692,0,0,20,1,0,1,1,1,1783225403
2026-07-05T04:49:05Z,693,9,5,2,0,0,1,1,1,1783226068
2026-07-05T04:49:05Z,694,6,2,12,3,0,1,1,1,1783226304
2026-07-05T04:49:05Z,695,4,1,19,0,0,1,1,1,1783226356
2026-07-05T04:49:05Z,696,19,10,3,1,0,1,1,1,1783226910
2026-07-05T04:49:05Z,697,4,0,18,1,0,1,1,1,1783226293
2026-07-05T04:49:05Z,698,27,2,0,0,0,1,1,1,1783226159
2026-07-05T04:49:05Z,699,3,0,11,1,0,1,1,1,1783226601
2026-07-05T04:49:05Z,700,5,0,13,1,0,1,1,1,1783225509
2026-07-05T04:49:05Z,701,7,1,12,0,0,1,1,1,1783226761
2026-07-05T04:49:05Z,702,16,7,6,1,0,1,1,1,1783226430
2026-07-05T04:49:05Z,703,23,5,0,0,0,1,1,1,1783226406
2026-07-05T04:49:05Z,704,12,1,3,0,0,1,1,1,1783226531
2026-07-05T04:49:05Z,705,9,4,5,1,0,1,1,1,1783226449
2026-07-05T04:49:05Z,706,10,3,4,1,0,1,1,1,1783225681
2026-07-05T04:49:05Z,707,15,2,0,0,0,1,1,1,1783226255
2026-07-05T04:49:05Z,708,16,3,3,0,0,1,1,1,1783226757
2026-07-05T04:49:05Z,709,14,5,0,1,0,1,1,1,1783226494
2026-07-05T04:49:05Z,710,17,1,2,0,0,1,1,1,1783226001
2026-07-05T04:49:05Z,711,14,3,1,4,0,1,1,1,1783226171
2026-07-05T04:49:05Z,712,3,2,12,0,0,1,1,1,1783226798
2026-07-05T04:49:05Z,713,6,3,17,0,0,1,1,1,1783226248
2026-07-05T04:49:05Z,716,1,0,14,0,0,1,1,1,1783226374
2026-07-05T04:49:05Z,717,9,0,12,4,0,1,1,1,1783225186
2026-07-05T04:49:05Z,718,3,1,12,0,0,1,1,1,1783226326
2026-07-05T04:49:05Z,719,8,0,21,0,0,1,1,1,1783225594
2026-07-05T04:49:05Z,720,2,0,16,1,0,1,1,1,1783226331
2026-07-05T04:49:05Z,721,11,0,11,1,0,1,1,1,1783226693
2026-07-05T04:49:05Z,722,13,2,2,0,0,1,1,1,1783226287
2026-07-05T04:49:05Z,723,1,1,21,1,0,1,1,1,1783225911
2026-07-05T04:49:05Z,724,17,1,6,0,0,1,1,1,1783226134
2026-07-05T04:49:05Z,725,21,1,1,1,0,1,1,1,1783226581
2026-07-05T04:49:05Z,726,11,1,8,0,0,1,1,1,1783225849
2026-07-05T04:49:05Z,727,9,0,14,0,0,1,1,1,1783226787
2026-07-05T04:49:05Z,728,9,2,5,1,0,1,1,1,1783226122
2026-07-05T04:49:05Z,729,13,0,4,2,0,1,1,1,1783226677
2026-07-05T04:49:05Z,730,7,1,8,0,0,1,1,1,1783225675
2026-07-05T04:49:05Z,731,1,1,14,0,0,1,1,1,1783225140
2026-07-05T04:49:05Z,732,9,0,6,0,0,1,1,1,1783225470
2026-07-05T04:49:05Z,733,3,0,23,1,0,1,1,1,1783226886
2026-07-05T04:49:05Z,734,4,1,9,1,0,1,1,1,1783226844
2026-07-05T04:49:05Z,735,2,2,16,1,0,1,1,1,1783226740
2026-07-05T04:49:05Z,736,16,2,1,2,0,1,1,1,1783197738
2026-07-05T04:49:05Z,737,8,2,7,0,0,1,1,1,1783226595
2026-07-05T04:49:05Z,738,1,1,17,1,0,1,1,1,1783226926
2026-07-05T04:49:05Z,739,7,1,18,2,0,1,1,1,1783225472
2026-07-05T04:49:05Z,741,12,4,11,0,0,1,1,1,1783226707
2026-07-05T04:49:05Z,742,10,1,29,0,0,1,1,1,1783226933
2026-07-05T04:49:05Z,743,4,1,13,2,0,1,1,1,1783226227
2026-07-05T04:49:05Z,744,4,1,11,0,0,1,1,1,1783226807
2026-07-05T04:49:05Z,745,8,1,10,1,0,1,1,1,1783226244
2026-07-05T04:49:05Z,746,0,0,23,0,0,1,1,1,1783226340
2026-07-05T04:49:05Z,747,0,0,19,0,0,1,1,1,1783226745
2026-07-05T04:49:05Z,748,12,1,9,2,0,1,1,1,1783226368
2026-07-05T04:49:05Z,749,8,0,15,0,0,1,1,1,1783226878
2026-07-05T04:49:05Z,750,1,1,8,2,0,1,1,1,1783226318
2026-07-05T04:49:05Z,751,0,0,23,0,0,1,1,1,1783226111
2026-07-05T04:49:05Z,752,14,1,1,2,0,1,1,1,1783226508
2026-07-05T04:49:05Z,753,9,0,5,1,0,1,1,1,1783226378
2026-07-05T04:49:05Z,754,6,0,9,0,0,1,1,1,1783225748
2026-07-05T04:49:05Z,755,8,0,10,1,0,1,1,1,1783226565
2026-07-05T04:49:05Z,756,1,0,35,1,0,1,1,1,1783225452
2026-07-05T04:49:05Z,757,2,2,17,0,0,1,1,1,1783226939
2026-07-05T04:49:05Z,758,18,4,5,0,0,1,1,1,1783226935
2026-07-05T04:49:05Z,759,6,0,9,0,0,1,1,1,1783225757
2026-07-05T04:49:05Z,760,4,0,13,2,0,1,1,1,1783223765
2026-07-05T04:49:05Z,761,6,1,16,1,0,1,1,1,1783226688
2026-07-05T04:49:05Z,762,3,0,10,2,0,1,1,1,1783225881
2026-07-05T04:49:05Z,768,5,0,11,3,0,1,1,1,1783226335
2026-07-05T04:49:05Z,769,3,0,12,3,0,1,1,1,1783226532
2026-07-05T04:49:05Z,770,11,2,8,0,0,1,1,1,1783225751
2026-07-05T04:49:05Z,771,10,0,5,0,0,1,1,1,1783225926
2026-07-05T04:49:05Z,772,12,6,3,0,0,1,1,1,1783225980
2026-07-05T04:49:05Z,773,4,2,14,1,0,1,1,1,1783226246
2026-07-05T04:49:05Z,774,3,0,10,2,0,1,1,1,1783226051
2026-07-05T04:49:05Z,775,13,2,4,2,0,1,1,1,1783221743
2026-07-05T04:49:05Z,776,6,0,14,1,0,1,1,1,1783226635
2026-07-05T04:49:05Z,777,11,2,1,3,0,1,1,1,1783225788
2026-07-05T04:49:05Z,778,4,0,13,2,0,1,1,1,1783223905
2026-07-05T04:49:05Z,779,14,0,4,1,0,1,1,1,1783225688
2026-07-05T04:49:05Z,780,8,4,8,2,1,1,1,1,1783226900
2026-07-05T04:49:05Z,781,1,1,9,1,0,1,1,1,1783217403
2026-07-05T04:49:05Z,782,7,2,11,1,0,1,1,1,1783225357
2026-07-05T04:49:05Z,783,8,6,8,3,0,1,1,1,1783220560
2026-07-05T04:49:05Z,784,0,0,18,1,0,1,1,1,1783225879
2026-07-05T04:49:05Z,785,9,1,5,5,0,1,1,1,1783225581
2026-07-05T04:49:05Z,786,0,0,18,1,0,1,1,1,1783211324
2026-07-05T04:49:05Z,787,0,0,15,0,0,1,1,1,1783225545
2026-07-05T04:49:05Z,788,10,1,5,0,0,1,1,1,1783225811
2026-07-05T04:49:05Z,789,12,1,1,2,0,1,1,1,1783226559
2026-07-05T04:49:05Z,790,3,2,20,0,0,1,1,1,1783226642
2026-07-05T04:49:05Z,791,0,0,19,0,0,1,1,1,1783226325
2026-07-05T04:49:05Z,793,11,1,3,1,0,1,1,1,1783225974
2026-07-05T04:49:05Z,794,4,1,25,0,0,1,1,1,1783226796
2026-07-05T04:49:05Z,796,0,0,16,3,0,1,1,1,1783226698
2026-07-05T04:49:05Z,797,3,1,12,0,0,1,1,1,1783226893
2026-07-05T04:49:05Z,798,1,0,23,1,0,1,1,1,1783225205
2026-07-05T04:49:05Z,799,3,1,15,1,0,1,1,1,1783226303
2026-07-05T04:49:05Z,800,3,0,16,2,0,1,1,1,1783226561
2026-07-05T04:49:05Z,801,5,3,14,2,0,1,1,1,1783224473
2026-07-05T04:49:05Z,802,2,0,28,0,1,1,1,1,1783226363
2026-07-05T04:49:05Z,803,2,1,13,0,0,1,1,1,1783226122
2026-07-05T04:49:05Z,806,0,0,11,4,0,1,1,1,1783226858
2026-07-05T04:49:05Z,807,17,1,7,1,0,1,1,1,1783225748
2026-07-05T04:49:05Z,808,9,0,15,1,0,1,1,1,1783225355
2026-07-05T04:49:05Z,809,5,1,18,0,0,1,1,1,1783225978
2026-07-05T04:49:05Z,810,8,5,10,1,0,1,1,1,1783225994
2026-07-05T04:49:05Z,815,5,2,9,1,0,1,1,1,1783226259
2026-07-05T04:49:05Z,817,3,0,5,7,0,1,1,1,1783226862
2026-07-05T04:49:05Z,818,3,2,20,0,0,1,1,1,1783226369
2026-07-05T04:49:05Z,819,6,6,6,3,0,1,1,1,1783225904
2026-07-05T04:49:05Z,820,6,1,8,3,0,1,1,1,1783226597
2026-07-05T04:49:05Z,821,9,0,5,1,0,1,1,1,1783225513
2026-07-05T04:49:05Z,822,2,0,19,2,0,1,1,1,1783226570
2026-07-05T04:49:05Z,823,0,0,15,0,0,1,1,1,1783226163
2026-07-05T04:49:05Z,824,4,2,14,1,0,1,1,1,1783226849
2026-07-05T04:49:05Z,825,9,2,6,0,0,1,1,1,1783218366
2026-07-05T04:49:05Z,826,8,0,10,1,0,1,1,1,1783226702
2026-07-05T04:49:05Z,827,7,1,13,1,0,1,1,1,1783226137
2026-07-05T04:49:05Z,828,0,0,17,1,0,1,1,1,1783226924
2026-07-05T04:49:05Z,829,1,0,26,0,0,1,1,1,1783212589
2026-07-05T04:49:05Z,830,22,2,1,0,0,1,1,1,1783226518
2026-07-05T04:49:05Z,831,4,1,4,7,0,1,1,1,1783225556
2026-07-05T04:49:05Z,832,16,3,2,0,0,1,1,1,1783226906
2026-07-05T04:49:05Z,833,18,11,0,1,0,1,1,1,1783226595
2026-07-05T04:49:05Z,834,1,0,23,0,0,1,1,1,1783226420
2026-07-05T04:49:05Z,835,12,8,6,0,0,1,1,1,1783226704
2026-07-05T04:49:05Z,837,3,0,5,7,0,1,1,1,1783225578
2026-07-05T04:49:05Z,838,7,3,4,4,0,1,1,1,1783226577
2026-07-05T04:49:05Z,839,19,2,9,1,0,1,1,1,1783226809
2026-07-05T04:49:05Z,840,1,0,27,1,0,1,1,1,1783226761
2026-07-05T04:49:05Z,841,5,3,8,2,0,1,1,1,1783226787
2026-07-05T04:49:05Z,842,4,0,18,0,1,1,1,1,1783226259
2026-07-05T04:49:05Z,843,1,0,28,2,0,1,1,1,1783226153
2026-07-05T04:49:05Z,844,5,0,18,0,0,1,1,1,1783225667
2026-07-05T04:49:05Z,845,8,0,11,0,0,1,1,1,1783225171
2026-07-05T04:49:05Z,846,7,1,11,0,1,1,1,1,1783225645
2026-07-05T04:49:05Z,847,0,0,27,0,0,1,1,1,1783226170
2026-07-05T04:49:05Z,848,6,0,13,0,0,1,1,1,1783225835
2026-07-05T04:49:05Z,849,0,0,10,5,0,1,1,1,1783225469
2026-07-05T04:49:05Z,850,10,3,1,0,0,1,1,1,1783226908
2026-07-05T04:49:05Z,851,24,2,11,2,0,1,1,1,1783226241
2026-07-05T04:49:05Z,852,3,0,15,1,0,1,1,1,1783224885
2026-07-05T04:49:05Z,853,10,2,12,1,0,1,1,1,1783225743
2026-07-05T04:49:05Z,854,4,0,10,1,0,1,1,1,1783226553
2026-07-05T04:49:05Z,855,25,0,2,0,0,1,1,1,1783226426
2026-07-05T04:49:05Z,857,9,7,9,1,0,1,1,1,1783226886
2026-07-05T04:49:05Z,858,1,0,17,1,0,1,1,1,1783222451
2026-07-05T04:49:05Z,859,9,3,12,0,0,1,1,1,1783226838
2026-07-05T04:49:05Z,861,4,0,7,0,0,1,1,1,1783226279
2026-07-05T04:49:05Z,862,4,0,11,0,0,1,1,1,1783225999
2026-07-05T04:49:05Z,863,7,3,11,1,0,1,1,1,1783216283
2026-07-05T04:49:05Z,866,18,0,1,0,0,1,1,1,1783213234
2026-07-05T04:49:05Z,867,8,0,7,0,0,1,1,1,1783225263
2026-07-05T04:49:05Z,868,11,0,4,0,0,1,1,1,1783225854
2026-07-05T04:49:05Z,870,11,3,3,1,0,1,1,1,1783225953
2026-07-05T04:49:05Z,871,3,0,8,0,0,1,1,1,1783225208
2026-07-05T04:49:05Z,872,6,3,9,0,0,1,1,1,1783225991
2026-07-05T04:49:05Z,873,0,0,31,2,0,1,1,1,1783226230
2026-07-05T04:49:05Z,874,14,1,0,1,0,1,1,1,1783226361
2026-07-05T04:49:05Z,875,3,1,12,0,0,1,1,1,1783225418
2026-07-05T04:49:05Z,877,7,3,12,0,0,1,1,1,1783225854
2026-07-05T04:49:05Z,878,9,0,10,0,0,1,1,1,1783225744
2026-07-05T04:49:05Z,879,7,0,11,1,0,1,1,1,1783225398
2026-07-05T04:49:05Z,880,11,2,12,0,0,1,1,1,1783226926
2026-07-05T04:49:05Z,881,3,1,13,3,0,1,1,1,1783226615
2026-07-05T04:49:05Z,882,10,5,9,0,0,1,1,1,1783226327
2026-07-05T04:49:05Z,883,12,6,6,1,0,1,1,1,1783226535
2026-07-05T04:49:05Z,884,10,5,11,0,0,1,1,1,1783183865
2026-07-05T04:49:05Z,885,8,3,11,0,0,1,1,1,1783226240
2026-07-05T04:49:05Z,886,2,2,22,5,0,1,1,1,1783226812
2026-07-05T04:49:05Z,887,2,0,14,1,0,1,1,1,1783225333
2026-07-05T04:49:05Z,888,0,0,40,1,0,1,1,1,1783226102
2026-07-05T04:49:05Z,889,11,1,8,0,0,1,1,1,1783225224
2026-07-05T04:49:05Z,890,8,2,7,0,0,1,1,1,1783217856
2026-07-05T04:49:05Z,891,7,1,15,1,0,1,1,1,1783225728
2026-07-05T04:49:05Z,892,15,5,0,0,0,1,1,1,1783224185
2026-07-05T04:49:05Z,895,6,2,13,0,0,1,1,1,1783226620
2026-07-05T04:49:05Z,896,29,8,6,0,0,1,1,1,1783226813
2026-07-05T04:49:05Z,897,11,1,9,1,0,1,1,1,1783225293
2026-07-05T04:49:05Z,898,7,1,12,0,0,1,1,1,1783225407
2026-07-05T04:49:05Z,899,18,3,1,0,0,1,1,1,1783226488
2026-07-05T04:49:05Z,900,23,1,3,1,0,1,1,1,1783226723
2026-07-05T04:49:05Z,901,8,0,10,1,0,1,1,1,1783226155
2026-07-05T04:49:05Z,902,0,0,15,0,0,1,1,1,1783225346
2026-07-05T04:49:05Z,903,1,0,18,0,0,1,1,1,1783225142
2026-07-05T04:49:05Z,904,13,0,4,2,0,1,1,1,1783225447
2026-07-05T04:49:05Z,905,14,9,13,0,0,1,1,1,1783225994
2026-07-05T04:49:05Z,906,16,5,11,0,0,1,1,1,1783226771
2026-07-05T04:49:05Z,907,12,0,19,0,0,1,1,1,1783226728
2026-07-05T04:49:05Z,908,8,0,15,0,0,1,1,1,1783225768
2026-07-05T04:49:05Z,909,20,9,3,0,0,1,1,1,1783226621
2026-07-05T04:49:05Z,910,2,0,28,1,0,1,1,1,1783226331
2026-07-05T04:49:05Z,911,10,0,8,1,0,1,1,1,1783225224
2026-07-05T04:49:05Z,912,14,0,7,2,0,1,1,1,1783226854
2026-07-05T04:49:05Z,913,10,1,9,0,0,1,1,1,1783211292
2026-07-05T04:49:05Z,914,15,0,2,2,0,1,1,1,1783225803
2026-07-05T04:49:05Z,915,19,0,3,1,0,1,1,1,1783226285
2026-07-05T04:49:05Z,916,11,2,11,1,0,1,1,1,1783226733
2026-07-05T04:49:05Z,917,5,1,30,0,0,1,1,1,1783226603
2026-07-05T04:49:05Z,918,17,3,1,1,0,1,1,1,1783226875
2026-07-05T04:49:05Z,919,29,4,10,0,0,1,1,1,1783226691
2026-07-05T04:49:05Z,920,4,3,15,0,0,1,1,1,1783226562
2026-07-05T04:49:05Z,921,3,0,15,3,0,1,1,1,1783219782
2026-07-05T04:49:05Z,922,9,1,12,0,0,1,1,1,1783224412
2026-07-05T04:49:05Z,923,1,0,17,1,0,1,1,1,1783226642
2026-07-05T04:49:05Z,924,16,2,5,0,0,1,1,1,1783226854
2026-07-05T04:49:05Z,925,1,1,19,1,0,1,1,1,1783225418
2026-07-05T04:49:05Z,926,7,1,14,0,0,1,1,1,1783226733
2026-07-05T04:49:05Z,927,16,0,17,1,0,1,1,1,1783226147
2026-07-05T04:49:05Z,928,12,1,5,2,0,1,1,1,1783225635
2026-07-05T04:49:05Z,929,11,0,12,0,0,1,1,1,1783226437
2026-07-05T04:49:05Z,930,22,0,9,0,0,1,1,1,1783226886
2026-07-05T04:49:05Z,931,0,0,22,1,0,1,1,1,1783226936
2026-07-05T04:49:05Z,932,8,1,10,1,0,1,1,1,1783226857
2026-07-05T04:49:05Z,933,20,0,2,1,0,1,1,1,1783226770
2026-07-05T04:49:05Z,934,7,0,23,1,0,1,1,1,1783226197
2026-07-05T04:49:05Z,935,1,0,15,3,0,1,1,1,1783225697
2026-07-05T04:49:05Z,936,18,3,1,0,0,1,1,1,1783225497
2026-07-05T04:49:05Z,940,6,0,4,1,0,1,1,1,1783226936
2026-07-05T04:49:05Z,941,7,0,18,0,0,1,1,1,1783226061
2026-07-05T04:49:05Z,942,10,3,11,0,0,1,1,1,1783226792
2026-07-05T04:49:05Z,943,4,4,10,1,0,1,1,1,1783225443
2026-07-05T04:49:05Z,944,5,5,9,1,0,1,1,1,1783219032
2026-07-05T04:49:05Z,945,9,5,6,0,0,1,1,1,1783225797
2026-07-05T04:49:05Z,946,8,6,11,0,0,1,1,1,1783225728
2026-07-05T04:49:05Z,947,7,5,10,0,0,1,1,1,1783226528
2026-07-05T04:49:05Z,948,17,3,11,3,0,1,1,1,1783226488
2026-07-05T04:49:05Z,949,2,0,13,0,0,1,1,1,1783226714
2026-07-05T04:49:05Z,950,13,5,2,2,0,1,1,1,1783226624
2026-07-05T04:49:05Z,951,5,0,17,1,0,1,1,1,1783226740
2026-07-05T04:49:05Z,952,14,0,38,3,0,1,1,1,1783226856
2026-07-05T04:49:05Z,953,13,0,0,2,0,1,1,1,1783225731
2026-07-05T04:49:05Z,954,18,4,0,1,0,1,1,1,1783226756
2026-07-05T04:49:05Z,955,2,2,19,6,0,1,1,1,1783226188
2026-07-05T04:49:05Z,956,1,0,17,1,0,1,1,1,1783225949
2026-07-05T04:49:05Z,957,2,1,26,1,0,1,1,1,1783226824
2026-07-05T04:49:05Z,958,5,0,25,1,0,1,1,1,1783226592
2026-07-05T04:49:05Z,959,5,2,17,1,0,1,1,1,1783226810
2026-07-05T04:49:05Z,960,22,4,0,1,0,1,1,1,1783226843
2026-07-05T04:49:05Z,961,8,4,15,0,0,1,1,1,1783226755
2026-07-05T04:49:05Z,962,3,1,25,7,0,1,1,1,1783225530
2026-07-05T04:49:05Z,963,5,0,18,0,0,1,1,1,1783225456
2026-07-05T04:49:05Z,964,6,1,16,1,0,1,1,1,1783226110
2026-07-05T04:49:05Z,965,8,1,17,2,0,1,1,1,1783226536
2026-07-05T04:49:05Z,966,3,0,28,0,0,1,1,1,1783226844
2026-07-05T04:49:05Z,967,12,1,5,4,0,1,1,1,1783226823
2026-07-05T04:49:05Z,968,12,0,7,0,0,1,1,1,1783226794
2026-07-05T04:49:05Z,969,11,2,15,1,0,1,1,1,1783225966
2026-07-05T04:49:05Z,970,14,4,2,3,0,1,1,1,1783226253
2026-07-05T04:49:05Z,971,22,0,0,1,0,1,1,1,1783225481
2026-07-05T04:49:05Z,972,4,2,18,1,0,1,1,1,1783226168
2026-07-05T04:49:05Z,973,3,0,18,2,0,1,1,1,1783226578
2026-07-05T04:49:05Z,974,17,0,10,0,0,1,1,1,1783225760
2026-07-05T04:49:05Z,977,5,3,15,1,0,1,1,1,1783225819
2026-07-05T04:49:05Z,978,18,3,5,0,0,1,1,1,1783225610
2026-07-05T04:49:05Z,979,7,0,7,3,0,1,1,1,1783226726
2026-07-05T04:49:05Z,980,7,0,14,0,0,1,1,1,1783226542
2026-07-05T04:49:05Z,981,4,1,16,1,0,1,1,1,1783226353
2026-07-05T04:49:05Z,982,10,3,8,1,0,1,1,1,1783226926
2026-07-05T04:49:05Z,983,1,0,22,0,0,1,1,1,1783224949
2026-07-05T04:49:05Z,984,15,10,7,1,0,1,1,1,1783226905
2026-07-05T04:49:05Z,985,1,0,28,1,1,1,1,1,1783226268
2026-07-05T04:49:05Z,986,6,6,12,1,0,1,1,1,1783225863
2026-07-05T04:49:05Z,987,3,0,20,0,0,1,1,1,1783226073
2026-07-05T04:49:05Z,988,10,3,8,1,0,1,1,1,1783226138
2026-07-05T04:49:05Z,989,14,11,4,1,0,1,1,1,1783226108
2026-07-05T04:49:05Z,990,13,3,1,1,0,1,1,1,1783225730
2026-07-05T04:49:05Z,991,18,10,1,0,0,1,1,1,1783226280
2026-07-05T04:49:05Z,992,6,1,17,0,0,1,1,1,1783225355
2026-07-05T04:49:05Z,993,0,0,27,0,0,1,1,1,1783225903
2026-07-05T04:49:05Z,994,8,1,9,4,0,1,1,1,1783226083
2026-07-05T04:49:05Z,995,10,1,17,0,0,1,1,1,1783225389
2026-07-05T04:49:05Z,996,9,4,14,0,0,1,1,1,1783226029
2026-07-05T04:49:05Z,997,9,5,10,4,0,1,1,1,1783226053
2026-07-05T04:49:05Z,998,8,0,15,0,0,1,1,1,1783225913
2026-07-05T04:49:05Z,999,8,2,11,1,1,1,1,1,1783225262
2026-07-05T04:49:05Z,1000,8,1,13,0,0,1,1,1,1783225755
2026-07-05T04:49:05Z,1001,1,0,26,0,0,1,1,1,1783226112
2026-07-05T04:49:05Z,1002,9,1,22,0,0,1,1,1,1783225540
2026-07-05T04:49:05Z,1003,2,1,21,0,0,1,1,1,1783226406
2026-07-05T04:49:05Z,1004,12,2,11,0,0,1,1,1,1783225392
2026-07-05T04:49:05Z,1005,7,2,15,1,0,1,1,1,1783225396
2026-07-05T04:49:05Z,1006,13,3,6,0,0,1,1,1,1783225986
2026-07-05T04:49:05Z,1007,6,3,15,0,0,1,1,1,1783225768
2026-07-05T04:49:05Z,1008,8,4,14,1,0,1,1,1,1783225815
2026-07-05T04:49:05Z,1009,8,0,22,1,0,1,1,1,1783225320
2026-07-05T04:49:05Z,1010,12,8,15,0,0,1,1,1,1783226200
2026-07-05T04:49:05Z,1011,7,7,12,0,0,1,1,1,1783225921
2026-07-05T04:49:05Z,1012,2,2,18,3,0,1,1,1,1783225880
2026-07-05T04:49:05Z,1013,8,2,13,2,0,1,1,1,1783226863
2026-07-05T04:49:05Z,1014,8,4,15,0,0,1,1,1,1783225296
2026-07-05T04:49:05Z,1015,8,3,23,0,0,1,1,1,1783226911
2026-07-05T04:49:05Z,1016,16,4,15,0,0,1,1,1,1783225608
2026-07-05T04:49:05Z,1017,10,3,10,1,0,1,1,1,1783225324
2026-07-05T04:49:05Z,1018,8,6,12,1,0,1,1,1,1783226150
2026-07-05T04:49:05Z,1019,13,2,2,0,0,1,1,1,1783225723
2026-07-05T04:49:05Z,1020,11,1,10,0,0,1,1,1,1783226591
2026-07-05T04:49:05Z,1021,10,4,5,0,0,1,1,1,1783225769
2026-07-05T04:49:05Z,1022,10,0,17,0,0,1,1,1,1783225654
2026-07-05T04:49:05Z,1023,16,0,7,0,0,1,1,1,1783225921
2026-07-05T04:49:05Z,1024,9,2,10,0,0,1,1,1,1783225633
2026-07-05T04:49:05Z,1025,12,1,6,1,0,1,1,1,1783225267
2026-07-05T04:49:05Z,1026,6,1,22,3,0,1,1,1,1783225486
2026-07-05T04:49:05Z,1028,18,5,5,0,0,1,1,1,1783225709
2026-07-05T04:49:05Z,1029,5,2,6,4,0,1,1,1,1783226512
2026-07-05T04:49:05Z,1030,16,2,6,1,0,1,1,1,1783225724
2026-07-05T04:49:05Z,1031,0,0,19,0,0,1,1,1,1783226831
2026-07-05T04:49:05Z,1032,16,3,3,0,0,1,1,1,1783225420
2026-07-05T04:49:05Z,1033,12,9,6,1,0,1,1,1,1783226848
2026-07-05T04:49:05Z,1034,9,1,5,1,0,1,1,1,1783225584
2026-07-05T04:49:05Z,1035,7,0,12,0,0,1,1,1,1783225250
2026-07-05T04:49:05Z,1036,11,4,4,0,0,1,1,1,1783226930
2026-07-05T04:49:05Z,1037,2,1,16,1,0,1,1,1,1783225885
2026-07-05T04:49:05Z,1038,6,0,9,0,0,1,1,1,1783226454
2026-07-05T04:49:05Z,1039,6,2,13,0,0,1,1,1,1783225371
2026-07-05T04:49:05Z,1040,1,0,18,0,0,1,1,1,1783226200
2026-07-05T04:49:05Z,1041,4,3,15,0,0,1,1,1,1783225520
2026-07-05T04:49:05Z,1042,15,3,0,0,0,1,1,1,1783225492
2026-07-05T04:49:05Z,1043,8,2,10,1,0,1,1,1,1783226177
2026-07-05T04:49:05Z,1044,2,2,11,2,0,1,1,1,1783226859
2026-07-05T04:49:05Z,1045,6,2,12,1,0,1,1,1,1783225382
2026-07-05T04:49:05Z,1046,4,0,7,4,0,1,1,1,1783225761
2026-07-05T04:49:05Z,1047,0,0,21,0,0,1,1,1,1783225383
2026-07-05T04:49:05Z,1048,10,0,9,0,0,1,1,1,1783225291
2026-07-05T04:49:05Z,1049,13,1,7,1,0,1,1,1,1783225752
2026-07-05T04:49:05Z,1050,17,7,4,0,0,1,1,1,1783226445
2026-07-05T04:49:05Z,1051,19,3,2,0,0,1,1,1,1783225179
2026-07-05T04:49:05Z,1052,10,1,10,2,0,1,1,1,1783226055
2026-07-05T04:49:05Z,1053,8,2,7,0,0,1,1,1,1783226106
2026-07-05T04:49:05Z,1054,8,0,6,1,0,1,1,1,1783226119
2026-07-05T04:49:05Z,1055,13,0,6,0,0,1,1,1,1783226277
2026-07-05T04:49:05Z,1057,11,0,7,1,0,1,1,1,1783226349
2026-07-05T04:49:05Z,1058,15,0,40,1,0,1,1,1,1783226041
2026-07-05T04:49:05Z,1059,9,2,10,0,0,1,1,1,1783226141
2026-07-05T04:49:05Z,1060,12,1,25,0,0,1,1,1,1783226914
2026-07-05T04:49:05Z,1061,0,0,37,0,0,1,1,1,1783226356
2026-07-05T04:49:05Z,1062,3,0,13,1,0,1,1,1,1783226124
2026-07-05T04:49:05Z,1063,11,4,7,1,0,1,1,1,1783225528
2026-07-05T04:49:05Z,1064,10,1,12,1,0,1,1,1,1783225392
2026-07-05T04:49:05Z,1065,9,3,13,1,0,1,1,1,1783225604
2026-07-05T04:49:05Z,1066,16,5,7,0,0,1,1,1,1783226140
2026-07-05T04:49:05Z,1067,12,1,10,1,0,1,1,1,1783225814
2026-07-05T04:49:05Z,1068,13,0,10,0,0,1,1,1,1783225787
2026-07-05T04:49:05Z,1069,0,0,23,0,0,1,1,1,1783226108
2026-07-05T04:49:05Z,1070,7,4,15,1,0,1,1,1,1783226740
2026-07-05T04:49:05Z,1071,1,0,22,0,0,1,1,1,1783226887
2026-07-05T04:49:05Z,1072,14,1,8,1,0,1,1,1,1783225764
2026-07-05T04:49:05Z,1073,8,1,17,2,0,1,1,1,1783226846
2026-07-05T04:49:05Z,1074,28,1,21,4,0,1,1,1,1783226939
2026-07-05T04:49:05Z,1075,12,11,9,0,0,1,1,1,1783225444
2026-07-05T04:49:05Z,1076,11,5,10,0,0,1,1,1,1783226139
2026-07-05T04:49:05Z,1077,8,8,13,0,0,1,1,1,1783225579
2026-07-05T04:49:05Z,1078,12,2,9,0,0,1,1,1,1783226754
2026-07-05T04:49:05Z,1079,14,12,7,0,0,1,1,1,1783225604
2026-07-05T04:49:05Z,1080,8,8,13,0,0,1,1,1,1783221802
2026-07-05T04:49:05Z,1081,14,14,5,0,0,1,1,1,1783225515
2026-07-05T04:49:05Z,1082,15,11,8,0,0,1,1,1,1783225504
2026-07-05T04:49:05Z,1083,7,4,13,1,0,1,1,1,1783225353
2026-07-05T04:49:05Z,1084,8,6,13,0,0,1,1,1,1783225383
2026-07-05T04:49:05Z,1085,8,6,13,0,0,1,1,1,1783225600
2026-07-05T04:49:05Z,1086,10,7,11,0,0,1,1,1,1783225505
2026-07-05T04:49:05Z,1087,7,5,8,0,0,1,1,1,1783226592
2026-07-05T04:49:05Z,1088,10,10,5,0,0,1,1,1,1783226351
2026-07-05T04:49:05Z,1089,5,5,10,0,0,1,1,1,1783225450
2026-07-05T04:49:05Z,1090,8,7,7,0,0,1,1,1,1783225584
2026-07-05T04:49:05Z,1091,9,7,6,0,0,1,1,1,1783226024
2026-07-05T04:49:05Z,1092,8,8,7,0,0,1,1,1,1783225302
2026-07-05T04:49:05Z,1093,6,6,9,0,0,1,1,1,1783226745
2026-07-05T04:49:05Z,1094,12,7,7,0,0,1,1,1,1783226861
2026-07-05T04:49:05Z,1095,9,9,6,0,0,1,1,1,1783225426
2026-07-05T04:49:05Z,1096,12,10,7,0,0,1,1,1,1783226592
2026-07-05T04:49:05Z,1097,9,6,6,0,0,1,1,1,1783225430
2026-07-05T04:49:05Z,1098,8,7,10,1,0,1,1,1,1783226844
2026-07-05T04:49:05Z,1099,6,6,9,0,0,1,1,1,1783226669
2026-07-05T04:49:05Z,1100,7,5,20,2,0,1,1,1,1783226407
2026-07-05T04:49:05Z,1101,10,5,11,0,0,1,1,1,1783225988
2026-07-05T04:49:05Z,1102,10,5,3,0,0,1,1,1,1783225845
2026-07-05T04:49:05Z,1103,10,5,11,0,0,1,1,1,1783225431
2026-07-05T04:49:05Z,1104,10,5,11,0,0,1,1,1,1783225977
2026-07-05T04:49:05Z,1105,9,3,3,1,0,1,1,1,1783226836
2026-07-05T04:49:05Z,1106,10,5,11,0,0,1,1,1,1783226437
2026-07-05T04:49:05Z,1107,11,5,4,0,0,1,1,1,1783225709
2026-07-05T04:49:05Z,1108,8,6,17,2,0,1,1,1,1783225956
2026-07-05T04:49:05Z,1109,9,4,6,0,0,1,1,1,1783226031
2026-07-05T04:49:05Z,1110,8,2,13,0,0,1,1,1,1783225848
2026-07-05T04:49:05Z,1111,10,0,10,1,0,1,1,1,1783226490
2026-07-05T04:49:05Z,1112,44,0,8,1,0,1,1,1,1783225154
2026-07-05T04:49:05Z,1113,2,0,19,0,0,1,1,1,1783226176
2026-07-05T04:49:05Z,1115,13,1,10,0,0,1,1,1,1783225395
2026-07-05T04:49:05Z,1116,9,0,10,0,0,1,1,1,1783226896
2026-07-05T04:49:05Z,1117,2,1,20,1,0,1,1,1,1783226785
2026-07-05T04:49:05Z,1118,15,0,6,0,0,1,1,1,1783226429
2026-07-05T04:49:05Z,1119,6,1,11,0,0,1,1,1,1783226924
2026-07-05T04:49:05Z,1120,1,0,15,3,0,1,1,1,1783225491
2026-07-05T04:49:05Z,1121,9,0,11,1,0,1,1,1,1783224714
2026-07-05T04:49:05Z,1122,11,4,9,0,1,1,1,1,1783226561
2026-07-05T04:49:05Z,1123,2,1,20,1,0,1,1,1,1783225286
2026-07-05T04:49:05Z,1124,14,2,0,1,0,1,1,1,1783225472
2026-07-05T04:49:05Z,1125,17,3,6,0,0,1,1,1,1783226906
2026-07-05T04:49:05Z,1126,9,1,10,2,0,1,1,1,1783225492
2026-07-05T04:49:05Z,1127,5,1,12,2,0,1,1,1,1783225586
2026-07-05T04:49:05Z,1128,14,2,1,0,0,1,1,1,1783225409
2026-07-05T04:49:05Z,1129,12,1,8,1,0,1,1,1,1783226091
2026-07-05T04:49:05Z,1130,3,0,10,2,0,1,1,1,1783226689
2026-07-05T04:49:05Z,1131,1,0,48,0,0,1,1,1,1783226814
2026-07-05T04:49:05Z,1132,15,2,5,1,0,1,1,1,1783226190
2026-07-05T04:49:05Z,1133,9,3,11,1,0,1,1,1,1783226290
2026-07-05T04:49:05Z,1134,10,6,9,0,0,1,1,1,1783226046
2026-07-05T04:49:05Z,1135,8,4,13,0,0,1,1,1,1783226258
2026-07-05T04:49:05Z,1136,15,0,6,2,0,1,1,1,1783226676
2026-07-05T04:49:05Z,1137,9,2,6,0,0,1,1,1,1783226117
2026-07-05T04:49:05Z,1138,14,0,5,0,0,1,1,1,1783226553
2026-07-05T04:49:05Z,1139,1,0,20,0,0,1,1,1,1783223577
2026-07-05T04:49:05Z,1140,12,4,8,3,0,1,1,1,1783226843
2026-07-05T04:49:05Z,1141,6,2,14,1,0,1,1,1,1783226630
2026-07-05T04:49:05Z,1142,3,0,18,0,0,1,1,1,1783226281
2026-07-05T04:49:05Z,1143,28,2,1,0,0,1,1,1,1783225732
2026-07-05T04:49:05Z,1144,13,1,7,1,0,1,1,1,1783225174
2026-07-05T04:49:05Z,1145,8,3,10,2,1,1,1,1,1783226770
2026-07-05T04:49:05Z,1146,15,0,3,1,0,1,1,1,1783226929
2026-07-05T04:49:05Z,1147,9,2,10,0,0,1,1,1,1783225145
2026-07-05T04:49:05Z,1148,21,2,10,0,0,1,1,1,1783226713
2026-07-05T04:49:05Z,1149,14,4,11,0,0,1,1,1,1783226827
2026-07-05T04:49:05Z,1150,16,0,3,0,0,1,1,1,1783225668
2026-07-05T04:49:05Z,1151,11,0,9,1,0,1,1,1,1783225938
2026-07-05T04:49:05Z,1152,6,2,20,3,0,1,1,1,1783226809
2026-07-05T04:49:05Z,1153,12,2,10,1,0,1,1,1,1783226534
2026-07-05T04:49:05Z,1154,10,1,6,3,0,1,1,1,1783225680
2026-07-05T04:49:05Z,1155,4,2,15,2,0,1,1,1,1783226519
2026-07-05T04:49:05Z,1158,7,0,12,0,0,1,1,1,1783225225
2026-07-05T04:49:05Z,1159,6,2,13,0,0,1,1,1,1783226131
2026-07-05T04:49:05Z,1160,10,3,8,1,0,1,1,1,1783226149
2026-07-05T04:49:05Z,1161,5,2,14,0,0,1,1,1,1783225636
2026-07-05T04:49:05Z,1162,12,6,7,0,0,1,1,1,1783226907
2026-07-05T04:49:05Z,1163,2,0,16,1,0,1,1,1,1783226821
2026-07-05T04:49:05Z,1164,9,2,9,1,0,1,1,1,1783225404
2026-07-05T04:49:05Z,1165,2,1,18,1,0,1,1,1,1783226705
2026-07-05T04:49:05Z,1166,5,0,15,1,0,1,1,1,1783225980
2026-07-05T04:49:05Z,1167,12,2,3,0,0,1,1,1,1783225673
2026-07-05T04:49:05Z,1168,5,1,18,0,0,1,1,1,1783225370
2026-07-05T04:49:05Z,1169,0,0,18,1,0,1,1,1,1783226549
2026-07-05T04:49:05Z,1170,0,0,21,0,0,1,1,1,1783225928
2026-07-05T04:49:05Z,1171,10,9,12,1,0,1,1,1,1783226613
2026-07-05T04:49:05Z,1172,10,3,5,0,0,1,1,1,1783225690
2026-07-05T04:49:05Z,1173,0,0,19,0,0,1,1,1,1783225997
2026-07-05T04:49:05Z,1174,1,0,14,0,0,1,1,1,1783225515
2026-07-05T04:49:05Z,1175,1,0,17,1,0,1,1,1,1783225130
2026-07-05T04:49:05Z,1176,18,4,3,0,0,1,1,1,1783217041
2026-07-05T04:49:05Z,1177,11,4,10,0,0,1,1,1,1783225198
2026-07-05T04:49:05Z,1178,7,3,7,1,0,1,1,1,1783226198
2026-07-05T04:49:05Z,1181,4,0,11,0,0,1,1,1,1783225286
2026-07-05T04:49:05Z,1182,0,0,19,1,0,1,1,1,1783226660
2026-07-05T04:49:05Z,1183,0,0,36,1,0,1,1,1,1783226073
2026-07-05T04:49:05Z,1184,0,0,18,3,0,1,1,1,1783226792
2026-07-05T04:49:05Z,1185,10,5,11,0,0,1,1,1,1783226013
2026-07-05T04:49:05Z,1186,10,5,9,0,0,1,1,1,1783225516
2026-07-05T04:49:05Z,1190,7,4,14,0,0,1,1,1,1783226368
2026-07-05T04:49:05Z,1192,9,5,12,0,0,1,1,1,1783226383
2026-07-05T04:49:05Z,1193,5,1,7,1,0,1,1,1,1783226103
2026-07-05T04:49:05Z,1197,8,2,7,2,0,1,1,1,1783225426
2026-07-05T04:49:05Z,1198,13,8,7,1,0,1,1,1,1783226199
2026-07-05T04:49:05Z,1199,6,5,13,0,0,1,1,1,1783225223
2026-07-05T04:49:05Z,1200,9,3,5,1,0,1,1,1,1783226883
2026-07-05T04:49:05Z,1201,4,0,11,0,0,1,1,1,1783226459
2026-07-05T04:49:05Z,1202,13,6,2,0,0,1,1,1,1783226147
2026-07-05T04:49:05Z,1203,11,6,4,0,0,1,1,1,1783226474
2026-07-05T04:49:05Z,1218,11,5,10,0,0,1,1,1,1783226092
2026-07-05T04:49:05Z,1224,0,0,3,0,0,0,1,1,1781869449
2026-07-05T04:49:05Z,1225,0,0,3,0,0,0,1,1,1781868919
2026-07-05T04:49:05Z,1226,0,0,3,0,0,0,1,1,1781868931
2026-07-05T04:54:05Z,1,2,0,21,0,0,1,1,1,1783227165
2026-07-05T04:54:05Z,2,23,4,4,0,0,1,1,1,1783226312
2026-07-05T04:54:05Z,3,0,0,18,1,0,1,1,1,1783226977
2026-07-05T04:54:05Z,4,13,0,10,0,0,1,1,1,1783226289
2026-07-05T04:54:05Z,5,11,8,11,1,0,1,1,1,1783227235
2026-07-05T04:54:05Z,6,12,1,3,0,0,1,1,1,1783226984
2026-07-05T04:54:05Z,7,1,0,22,0,0,1,1,1,1783225587
2026-07-05T04:54:05Z,8,9,0,34,0,0,1,1,1,1783227226
2026-07-05T04:54:05Z,9,11,0,9,3,0,1,1,1,1783225858
2026-07-05T04:54:05Z,10,9,2,14,0,0,1,1,1,1783221209
2026-07-05T04:54:05Z,11,6,0,13,0,0,1,1,1,1783226010
2026-07-05T04:54:05Z,12,0,0,23,0,0,1,1,1,1783224318
2026-07-05T04:54:05Z,13,10,0,19,1,0,1,1,1,1783226932
2026-07-05T04:54:05Z,14,18,0,25,0,0,1,1,1,1783227187
2026-07-05T04:54:05Z,15,0,0,14,1,0,1,1,1,1783224803
2026-07-05T04:54:05Z,16,14,0,12,1,0,1,1,1,1783219189
2026-07-05T04:54:05Z,17,11,0,15,1,0,1,1,1,1783226861
2026-07-05T04:54:05Z,18,7,0,11,1,0,1,1,1,1783227106
2026-07-05T04:54:05Z,19,1,0,25,1,0,1,1,1,1783226574
2026-07-05T04:54:05Z,20,9,0,18,0,0,1,1,1,1783226186
2026-07-05T04:54:05Z,21,16,0,3,0,0,1,1,1,1783226883
2026-07-05T04:54:05Z,22,52,0,14,1,0,1,1,1,1783226727
2026-07-05T04:54:05Z,23,28,3,3,0,0,1,1,1,1783225785
2026-07-05T04:54:05Z,24,1,1,9,1,0,1,1,1,1783227239
2026-07-05T04:54:05Z,25,5,0,73,2,1,1,1,1,1783227230
2026-07-05T04:54:05Z,26,10,0,17,0,0,1,1,1,1783226925
2026-07-05T04:54:05Z,28,13,1,2,0,0,1,1,1,1783226680
2026-07-05T04:54:05Z,30,14,0,13,0,0,1,1,1,1783226919
2026-07-05T04:54:05Z,31,0,0,19,0,0,1,1,1,1783223897
2026-07-05T04:54:05Z,32,12,0,15,0,0,1,1,1,1783226578
2026-07-05T04:54:05Z,34,14,0,23,0,0,1,1,1,1783226530
2026-07-05T04:54:05Z,35,24,0,22,1,0,1,1,1,1783227234
2026-07-05T04:54:05Z,36,0,0,0,0,0,0,1,1,86400
2026-07-05T04:54:05Z,37,0,0,23,0,0,1,1,1,1783226742
2026-07-05T04:54:05Z,38,13,0,10,0,0,1,1,1,1783225963
2026-07-05T04:54:05Z,39,30,0,1,0,0,1,1,1,1783225693
2026-07-05T04:54:05Z,40,7,2,14,0,0,1,1,1,1783227237
2026-07-05T04:54:05Z,41,1,0,25,1,0,1,1,1,1783225607
2026-07-05T04:54:05Z,42,12,2,19,0,0,1,1,1,1783226950
2026-07-05T04:54:05Z,43,0,0,0,21,2,1,1,1,1783227038
2026-07-05T04:54:05Z,45,2,1,29,0,0,1,1,1,1783227107
2026-07-05T04:54:05Z,46,18,0,11,2,0,1,1,1,1783226872
2026-07-05T04:54:05Z,47,3,0,11,1,0,1,1,1,1783227148
2026-07-05T04:54:05Z,48,14,1,13,0,0,1,1,1,1783227199
2026-07-05T04:54:05Z,49,5,1,14,4,0,1,1,1,1783227240
2026-07-05T04:54:05Z,50,9,4,9,1,0,1,1,1,1783225596
2026-07-05T04:54:05Z,51,29,0,47,2,0,1,1,1,1783226403
2026-07-05T04:54:05Z,52,0,0,25,2,0,1,1,1,1783226593
2026-07-05T04:54:05Z,55,2,0,20,1,0,1,1,1,1783227226
2026-07-05T04:54:05Z,56,0,0,26,1,0,1,1,1,1783224577
2026-07-05T04:54:05Z,57,0,0,26,1,0,1,1,1,1783225556
2026-07-05T04:54:05Z,58,7,1,21,0,0,1,1,1,1783226460
2026-07-05T04:54:05Z,59,1,1,24,2,0,1,1,1,1783226668
2026-07-05T04:54:05Z,61,2,1,36,1,0,1,1,1,1783226847
2026-07-05T04:54:05Z,62,12,2,37,1,0,1,1,1,1783227162
2026-07-05T04:54:05Z,63,14,4,5,0,0,1,1,1,1783225776
2026-07-05T04:54:05Z,64,6,3,10,3,0,1,1,1,1783226137
2026-07-05T04:54:05Z,65,12,4,6,1,0,1,1,1,1783224708
2026-07-05T04:54:05Z,67,9,1,30,0,0,1,1,1,1783226271
2026-07-05T04:54:05Z,68,0,0,36,1,0,1,1,1,1783224892
2026-07-05T04:54:05Z,69,14,2,1,0,0,1,1,1,1783223356
2026-07-05T04:54:05Z,71,0,0,26,1,0,1,1,1,1783227175
2026-07-05T04:54:05Z,72,29,5,1,1,0,1,1,1,1783227199
2026-07-05T04:54:05Z,73,2,0,21,0,0,1,1,1,1783227241
2026-07-05T04:54:05Z,74,8,0,11,0,0,1,1,1,1783226052
2026-07-05T04:54:05Z,75,3,0,32,0,0,1,1,1,1783225931
2026-07-05T04:54:05Z,76,17,1,1,1,0,1,1,1,1783224697
2026-07-05T04:54:05Z,77,5,1,21,1,0,1,1,1,1783226907
2026-07-05T04:54:05Z,78,6,6,17,0,0,1,1,1,1783226929
2026-07-05T04:54:05Z,79,4,4,13,0,0,1,1,1,1783227008
2026-07-05T04:54:05Z,80,17,1,4,0,2,1,1,1,1783227162
2026-07-05T04:54:05Z,81,0,0,31,0,0,1,1,1,1783227006
2026-07-05T04:54:05Z,82,2,0,21,0,0,1,1,1,1783227200
2026-07-05T04:54:05Z,83,7,3,25,2,0,1,1,1,1783227237
2026-07-05T04:54:05Z,84,26,1,0,1,0,1,1,1,1783222293
2026-07-05T04:54:05Z,85,5,1,9,0,0,1,1,1,1783226271
2026-07-05T04:54:05Z,86,24,0,1,2,0,1,1,1,1783226371
2026-07-05T04:54:05Z,87,4,0,15,0,0,1,1,1,1783222587
2026-07-05T04:54:05Z,88,0,0,31,0,0,1,1,1,1783226294
2026-07-05T04:54:05Z,89,17,0,18,0,0,1,1,1,1783225860
2026-07-05T04:54:05Z,90,3,0,16,0,0,1,1,1,1783226785
2026-07-05T04:54:05Z,91,16,0,1,0,0,1,1,1,1783226100
2026-07-05T04:54:05Z,92,9,0,8,2,0,1,1,1,1783226955
2026-07-05T04:54:05Z,93,3,0,20,0,0,1,1,1,1783227175
2026-07-05T04:54:05Z,94,18,1,1,0,0,1,1,1,1783225146
2026-07-05T04:54:05Z,95,22,5,12,1,0,1,1,1,1783227004
2026-07-05T04:54:05Z,96,30,5,0,1,0,1,1,1,1783224023
2026-07-05T04:54:05Z,97,5,1,10,1,0,1,1,1,1783227235
2026-07-05T04:54:05Z,98,6,4,28,1,0,1,1,1,1783226673
2026-07-05T04:54:05Z,99,14,0,0,0,0,1,1,1,1783223772
2026-07-05T04:54:05Z,100,19,0,7,1,0,1,1,1,1783225532
2026-07-05T04:54:05Z,101,14,0,0,1,0,1,1,1,1783227028
2026-07-05T04:54:05Z,102,15,1,8,0,0,1,1,1,1783226362
2026-07-05T04:54:05Z,103,18,1,11,3,0,1,1,1,1783226726
2026-07-05T04:54:05Z,104,1,0,24,2,0,1,1,1,1783227127
2026-07-05T04:54:05Z,105,12,0,5,2,0,1,1,1,1783221518
2026-07-05T04:54:05Z,106,0,0,21,0,0,1,1,1,1783222328
2026-07-05T04:54:05Z,107,30,0,5,2,0,1,1,1,1783227004
2026-07-05T04:54:05Z,108,12,2,21,1,1,1,1,1,1783226738
2026-07-05T04:54:05Z,109,17,0,6,0,0,1,1,1,1783227008
2026-07-05T04:54:05Z,110,8,1,15,0,0,1,1,1,1783226184
2026-07-05T04:54:05Z,111,0,0,35,1,0,1,1,1,1783225870
2026-07-05T04:54:05Z,112,5,0,12,2,0,1,1,1,1783226951
2026-07-05T04:54:05Z,113,9,0,8,2,0,1,1,1,1783227033
2026-07-05T04:54:05Z,114,15,7,13,3,0,1,1,1,1783227036
2026-07-05T04:54:05Z,115,9,2,16,1,0,1,1,1,1783226979
2026-07-05T04:54:05Z,116,8,2,19,0,0,1,1,1,1783226719
2026-07-05T04:54:05Z,118,10,3,9,4,0,1,1,1,1783226074
2026-07-05T04:54:05Z,119,34,10,2,2,0,1,1,1,1783227182
2026-07-05T04:54:05Z,120,23,2,2,2,0,1,1,1,1783227183
2026-07-05T04:54:05Z,121,4,0,15,0,0,1,1,1,1783225117
2026-07-05T04:54:05Z,122,0,0,21,0,0,1,1,1,1783226461
2026-07-05T04:54:05Z,123,35,0,12,0,0,1,1,1,1783227154
2026-07-05T04:54:05Z,124,13,3,14,0,0,1,1,1,1783227022
2026-07-05T04:54:05Z,125,6,3,17,0,0,1,1,1,1783225964
2026-07-05T04:54:05Z,126,26,3,5,0,0,1,1,1,1783227073
2026-07-05T04:54:05Z,127,0,0,30,0,1,0,1,1,1783001724
2026-07-05T04:54:05Z,128,12,4,7,0,0,1,1,1,1783226564
2026-07-05T04:54:05Z,129,16,1,1,2,0,1,1,1,1783227204
2026-07-05T04:54:05Z,130,15,0,2,0,0,1,1,1,1783225257
2026-07-05T04:54:05Z,131,5,2,5,1,0,1,1,1,1783227135
2026-07-05T04:54:05Z,132,2,0,12,0,1,1,1,1,1783225338
2026-07-05T04:54:05Z,133,10,2,13,0,0,1,1,1,1783227138
2026-07-05T04:54:05Z,134,2,2,20,1,0,1,1,1,1783226665
2026-07-05T04:54:05Z,135,14,2,3,2,0,1,1,1,1783227232
2026-07-05T04:54:05Z,136,21,0,1,0,0,1,1,1,1783226286
2026-07-05T04:54:05Z,137,1,1,18,0,0,1,1,1,1783227233
2026-07-05T04:54:05Z,138,15,0,22,0,0,1,1,1,1783227187
2026-07-05T04:54:05Z,139,17,4,0,2,0,1,1,1,1783226787
2026-07-05T04:54:05Z,140,16,3,7,0,0,1,1,1,1783226614
2026-07-05T04:54:05Z,141,5,0,18,2,0,1,1,1,1783227109
2026-07-05T04:54:05Z,142,0,0,19,0,0,0,1,1,1782498468
2026-07-05T04:54:05Z,143,21,0,9,1,0,1,1,1,1783226224
2026-07-05T04:54:05Z,144,21,1,6,0,0,1,1,1,1783226690
2026-07-05T04:54:05Z,145,23,0,7,1,0,1,1,1,1783227168
2026-07-05T04:54:05Z,146,18,1,5,0,0,1,1,1,1783226273
2026-07-05T04:54:05Z,147,1,0,16,2,0,1,1,1,1783227049
2026-07-05T04:54:05Z,148,11,1,15,1,0,1,1,1,1783227153
2026-07-05T04:54:05Z,149,15,3,4,0,0,1,1,1,1783226907
2026-07-05T04:54:05Z,150,18,4,15,2,0,1,1,1,1783227204
2026-07-05T04:54:05Z,151,19,3,4,0,0,1,1,1,1783227091
2026-07-05T04:54:05Z,152,16,0,10,0,0,1,1,1,1783226714
2026-07-05T04:54:05Z,153,18,2,1,4,0,1,1,1,1783227215
2026-07-05T04:54:05Z,154,10,4,11,2,0,1,1,1,1783227240
2026-07-05T04:54:05Z,155,3,3,9,2,0,1,1,1,1783226631
2026-07-05T04:54:05Z,156,14,5,3,2,0,1,1,1,1783227189
2026-07-05T04:54:05Z,157,3,1,18,0,0,1,1,1,1783227072
2026-07-05T04:54:05Z,158,1,1,17,1,0,1,1,1,1783226905
2026-07-05T04:54:05Z,159,17,8,1,1,0,1,1,1,1783226363
2026-07-05T04:54:05Z,160,9,1,8,2,0,1,1,1,1783227193
2026-07-05T04:54:05Z,161,4,0,18,1,0,1,1,1,1783227241
2026-07-05T04:54:05Z,162,14,6,13,0,0,1,1,1,1783227118
2026-07-05T04:54:05Z,163,19,2,12,0,0,1,1,1,1783226890
2026-07-05T04:54:05Z,164,13,2,14,0,0,1,1,1,1783226985
2026-07-05T04:54:05Z,165,1,0,26,3,0,1,1,1,1783226404
2026-07-05T04:54:05Z,166,5,0,31,2,0,1,1,1,1783227010
2026-07-05T04:54:05Z,167,19,12,3,1,0,1,1,1,1783227217
2026-07-05T04:54:05Z,168,7,0,18,1,1,1,1,1,1783227198
2026-07-05T04:54:05Z,169,0,0,22,1,0,1,1,1,1783227157
2026-07-05T04:54:05Z,170,4,0,13,2,0,1,1,1,1783226595
2026-07-05T04:54:05Z,171,9,4,3,1,0,1,1,1,1783226938
2026-07-05T04:54:05Z,173,1,0,34,2,0,1,1,1,1783227228
2026-07-05T04:54:05Z,174,19,0,6,0,0,1,1,1,1783226854
2026-07-05T04:54:05Z,175,14,2,17,0,0,1,1,1,1783227111
2026-07-05T04:54:05Z,176,1,1,12,1,1,1,1,1,1783226796
2026-07-05T04:54:05Z,177,16,1,10,1,0,1,1,1,1783226946
2026-07-05T04:54:05Z,178,9,0,4,2,0,1,1,1,1783227227
2026-07-05T04:54:05Z,179,9,0,3,3,0,1,1,1,1783227122
2026-07-05T04:54:05Z,180,22,0,7,1,0,1,1,1,1783226284
2026-07-05T04:54:05Z,181,8,6,1,4,1,1,1,1,1783226974
2026-07-05T04:54:05Z,182,10,1,9,0,0,1,1,1,1783226987
2026-07-05T04:54:05Z,183,6,2,17,0,0,1,1,1,1783227141
2026-07-05T04:54:05Z,184,16,1,6,1,0,1,1,1,1783227242
2026-07-05T04:54:05Z,185,3,2,9,2,1,1,1,1,1783227010
2026-07-05T04:54:05Z,186,5,2,14,0,0,1,1,1,1783226489
2026-07-05T04:54:05Z,187,27,0,1,1,0,1,1,1,1783226955
2026-07-05T04:54:05Z,188,16,1,5,2,4,1,1,1,1783227241
2026-07-05T04:54:05Z,189,8,3,7,0,0,1,1,1,1783226513
2026-07-05T04:54:05Z,190,0,0,23,0,0,1,1,1,1783226503
2026-07-05T04:54:05Z,191,5,1,32,2,0,1,1,1,1783227163
2026-07-05T04:54:05Z,192,11,3,20,0,0,1,1,1,1783226866
2026-07-05T04:54:05Z,193,6,4,8,1,0,1,1,1,1783226344
2026-07-05T04:54:05Z,194,4,0,11,0,0,1,1,1,1783227000
2026-07-05T04:54:05Z,195,4,1,15,0,0,1,1,1,1783226916
2026-07-05T04:54:05Z,196,14,3,13,0,0,1,1,1,1783227151
2026-07-05T04:54:05Z,197,16,4,2,0,1,1,1,1,1783227175
2026-07-05T04:54:05Z,198,4,1,19,0,0,1,1,1,1783226854
2026-07-05T04:54:05Z,199,5,0,8,2,0,1,1,1,1783227103
2026-07-05T04:54:05Z,200,1,0,25,0,0,1,1,1,1783226299
2026-07-05T04:54:05Z,201,19,0,4,0,0,1,1,1,1783227005
2026-07-05T04:54:05Z,202,0,0,21,0,0,0,1,1,1783093344
2026-07-05T04:54:05Z,203,16,0,15,0,0,1,1,1,1783226200
2026-07-05T04:54:05Z,204,25,1,9,1,0,1,1,1,1783227054
2026-07-05T04:54:05Z,205,18,1,9,0,0,1,1,1,1783226951
2026-07-05T04:54:05Z,206,5,1,9,1,0,1,1,1,1783227227
2026-07-05T04:54:05Z,207,7,0,13,1,0,1,1,1,1783227160
2026-07-05T04:54:05Z,208,2,1,27,0,0,1,1,1,1783227175
2026-07-05T04:54:05Z,209,26,0,4,1,0,1,1,1,1783226612
2026-07-05T04:54:05Z,210,5,3,22,0,0,1,1,1,1783227039
2026-07-05T04:54:05Z,211,7,3,16,0,0,1,1,1,1783226185
2026-07-05T04:54:05Z,212,13,0,22,0,0,1,1,1,1783226997
2026-07-05T04:54:05Z,213,20,2,2,1,0,1,1,1,1783227225
2026-07-05T04:54:05Z,214,6,2,36,5,0,1,1,1,1783226935
2026-07-05T04:54:05Z,215,3,0,20,0,0,1,1,1,1783227195
2026-07-05T04:54:05Z,216,17,0,0,2,0,1,1,1,1783227239
2026-07-05T04:54:05Z,217,16,0,12,1,0,1,1,1,1783226552
2026-07-05T04:54:05Z,218,10,10,25,4,0,1,1,1,1783226997
2026-07-05T04:54:05Z,219,0,0,26,0,0,0,1,1,1783102715
2026-07-05T04:54:05Z,220,18,18,25,0,0,1,1,1,1783226689
2026-07-05T04:54:05Z,221,13,9,0,1,0,1,1,1,1783226843
2026-07-05T04:54:05Z,222,9,2,10,0,0,1,1,1,1783227222
2026-07-05T04:54:05Z,223,10,5,21,4,0,1,1,1,1783227049
2026-07-05T04:54:05Z,224,16,2,6,0,0,1,1,1,1783226969
2026-07-05T04:54:05Z,225,7,1,8,4,0,1,1,1,1783218949
2026-07-05T04:54:05Z,226,5,4,24,2,0,1,1,1,1783226835
2026-07-05T04:54:05Z,227,6,5,21,0,0,1,1,1,1783227046
2026-07-05T04:54:05Z,228,14,3,3,2,0,1,1,1,1783227045
2026-07-05T04:54:05Z,230,7,1,16,0,0,1,1,1,1783226871
2026-07-05T04:54:05Z,232,5,0,12,2,0,1,1,1,1783227005
2026-07-05T04:54:05Z,233,29,6,1,1,0,1,1,1,1783226901
2026-07-05T04:54:05Z,234,14,2,0,4,1,1,1,1,1783227169
2026-07-05T04:54:05Z,236,17,6,0,2,0,1,1,1,1783226460
2026-07-05T04:54:05Z,237,12,3,11,0,0,1,1,1,1783226825
2026-07-05T04:54:05Z,239,0,0,27,0,0,1,1,1,1783225093
2026-07-05T04:54:05Z,241,6,4,16,1,0,1,1,1,1783226784
2026-07-05T04:54:05Z,242,3,1,20,0,0,1,1,1,1783226730
2026-07-05T04:54:05Z,243,15,2,15,1,0,1,1,1,1783227183
2026-07-05T04:54:05Z,244,18,6,9,0,0,1,1,1,1783226792
2026-07-05T04:54:05Z,245,8,1,15,0,0,1,1,1,1783226594
2026-07-05T04:54:05Z,246,2,0,21,0,0,1,1,1,1783226302
2026-07-05T04:54:05Z,247,5,3,18,0,0,1,1,1,1783226381
2026-07-05T04:54:05Z,248,0,0,19,4,0,1,1,1,1783226886
2026-07-05T04:54:05Z,249,0,0,18,1,0,1,1,1,1783227066
2026-07-05T04:54:05Z,250,4,2,23,0,0,1,1,1,1783225962
2026-07-05T04:54:05Z,251,7,2,17,3,0,1,1,1,1783226528
2026-07-05T04:54:05Z,253,4,1,15,0,0,1,1,1,1783227123
2026-07-05T04:54:05Z,254,23,1,17,3,0,1,1,1,1783226996
2026-07-05T04:54:05Z,255,13,0,10,0,0,1,1,1,1783226309
2026-07-05T04:54:05Z,256,11,3,12,0,0,1,1,1,1783226319
2026-07-05T04:54:05Z,257,17,4,1,1,0,1,1,1,1783227216
2026-07-05T04:54:05Z,258,4,1,13,2,0,1,1,1,1783227019
2026-07-05T04:54:05Z,259,15,2,7,1,0,1,1,1,1783226756
2026-07-05T04:54:05Z,260,8,2,11,0,0,1,1,1,1783226199
2026-07-05T04:54:05Z,261,17,2,0,2,0,1,1,1,1783222498
2026-07-05T04:54:05Z,262,9,4,13,1,0,1,1,1,1783227121
2026-07-05T04:54:05Z,263,4,2,11,0,0,1,1,1,1783226797
2026-07-05T04:54:05Z,264,11,7,7,1,0,1,1,1,1783227096
2026-07-05T04:54:05Z,265,14,0,1,0,0,1,1,1,1783227174
2026-07-05T04:54:05Z,266,10,1,8,1,0,1,1,1,1783227001
2026-07-05T04:54:05Z,267,4,0,11,0,0,1,1,1,1783205904
2026-07-05T04:54:05Z,268,1,0,19,3,0,1,1,1,1783227075
2026-07-05T04:54:05Z,269,3,0,20,0,0,1,1,1,1783222107
2026-07-05T04:54:05Z,270,3,0,24,0,0,1,1,1,1783226014
2026-07-05T04:54:05Z,271,0,0,16,3,0,1,1,1,1783227017
2026-07-05T04:54:05Z,272,22,4,1,0,0,1,1,1,1783226891
2026-07-05T04:54:05Z,273,13,9,2,0,0,1,1,1,1783227065
2026-07-05T04:54:05Z,274,5,3,13,1,0,1,1,1,1783226271
2026-07-05T04:54:05Z,275,19,1,3,1,0,1,1,1,1783226189
2026-07-05T04:54:05Z,276,5,3,21,0,1,1,1,1,1783225598
2026-07-05T04:54:05Z,277,1,0,20,2,0,1,1,1,1783225658
2026-07-05T04:54:05Z,278,2,1,27,1,1,1,1,1,1783227001
2026-07-05T04:54:05Z,279,0,0,19,0,0,1,1,1,1783225018
2026-07-05T04:54:05Z,280,13,1,14,4,0,1,1,1,1783227202
2026-07-05T04:54:05Z,281,10,0,13,0,0,1,1,1,1783227186
2026-07-05T04:54:05Z,282,11,0,5,0,0,1,1,1,1783223608
2026-07-05T04:54:05Z,283,22,2,11,2,0,1,1,1,1783226665
2026-07-05T04:54:05Z,284,3,3,31,1,0,1,1,1,1783227042
2026-07-05T04:54:05Z,285,6,0,17,0,0,1,1,1,1783226899
2026-07-05T04:54:05Z,286,4,1,18,1,0,1,1,1,1783226454
2026-07-05T04:54:05Z,287,13,9,7,3,0,1,1,1,1783226933
2026-07-05T04:54:05Z,288,7,3,10,2,0,1,1,1,1783227121
2026-07-05T04:54:05Z,289,18,1,7,2,0,1,1,1,1783227197
2026-07-05T04:54:05Z,290,8,0,29,2,0,1,1,1,1783227110
2026-07-05T04:54:05Z,291,7,0,16,0,0,1,1,1,1783227158
2026-07-05T04:54:05Z,292,2,0,21,0,0,1,1,1,1783224123
2026-07-05T04:54:05Z,293,3,1,19,1,0,1,1,1,1783226263
2026-07-05T04:54:05Z,294,1,1,20,1,0,1,1,1,1783226917
2026-07-05T04:54:05Z,297,6,0,12,1,0,1,1,1,1783226798
2026-07-05T04:54:05Z,301,10,0,8,1,0,1,1,1,1783226958
2026-07-05T04:54:05Z,302,1,0,21,1,0,1,1,1,1783226666
2026-07-05T04:54:05Z,303,10,1,8,1,0,1,1,1,1783225639
2026-07-05T04:54:05Z,304,0,0,0,0,0,0,1,1,86400
2026-07-05T04:54:05Z,305,2,1,17,0,0,1,1,1,1783226114
2026-07-05T04:54:05Z,306,3,2,27,2,0,1,1,1,1783225548
2026-07-05T04:54:05Z,307,1,1,20,2,0,1,1,1,1783226290
2026-07-05T04:54:05Z,308,16,1,1,2,0,1,1,1,1783225870
2026-07-05T04:54:05Z,309,3,3,0,6,0,1,1,1,1783227242
2026-07-05T04:54:05Z,311,12,0,3,0,0,1,1,1,1783226916
2026-07-05T04:54:05Z,312,8,2,10,4,1,1,1,1,1783226829
2026-07-05T04:54:05Z,313,15,0,0,0,0,1,1,1,1783222784
2026-07-05T04:54:05Z,314,6,2,11,2,0,1,1,1,1783226162
2026-07-05T04:54:05Z,315,0,0,31,0,0,0,1,1,1783017696
2026-07-05T04:54:05Z,316,9,1,4,2,0,1,1,1,1783226802
2026-07-05T04:54:05Z,317,3,3,23,4,1,1,1,1,1783227160
2026-07-05T04:54:05Z,318,12,1,5,0,0,1,1,1,1783223689
2026-07-05T04:54:05Z,319,19,4,7,1,0,1,1,1,1783227036
2026-07-05T04:54:05Z,320,10,0,8,1,0,1,1,1,1783226589
2026-07-05T04:54:05Z,321,17,2,0,2,0,1,1,1,1783220081
2026-07-05T04:54:05Z,322,8,2,21,0,0,1,1,1,1783226682
2026-07-05T04:54:05Z,323,9,0,10,0,0,1,1,1,1783225365
2026-07-05T04:54:05Z,324,19,5,7,1,0,1,1,1,1783227079
2026-07-05T04:54:05Z,325,6,1,19,2,0,1,1,1,1783226764
2026-07-05T04:54:05Z,327,14,4,11,0,2,1,1,1,1783227179
2026-07-05T04:54:05Z,328,9,1,13,0,1,1,1,1,1783227187
2026-07-05T04:54:05Z,329,11,0,8,0,0,1,1,1,1783223995
2026-07-05T04:54:05Z,330,3,1,19,0,0,1,1,1,1783225787
2026-07-05T04:54:05Z,331,19,0,4,0,0,1,1,1,1783226564
2026-07-05T04:54:05Z,332,4,1,15,0,0,1,1,1,1783223850
2026-07-05T04:54:05Z,333,6,2,16,1,0,1,1,1,1783227179
2026-07-05T04:54:05Z,334,6,3,17,0,0,1,1,1,1783226169
2026-07-05T04:54:05Z,335,0,0,21,1,1,1,1,1,1783226387
2026-07-05T04:54:05Z,336,4,2,15,0,0,1,1,1,1783227079
2026-07-05T04:54:05Z,337,13,4,7,3,0,1,1,1,1783227070
2026-07-05T04:54:05Z,338,12,3,7,0,0,1,1,1,1783226717
2026-07-05T04:54:05Z,339,1,0,21,1,0,1,1,1,1783226505
2026-07-05T04:54:05Z,340,12,6,2,1,0,1,1,1,1783226943
2026-07-05T04:54:05Z,341,5,5,13,1,0,1,1,1,1783224847
2026-07-05T04:54:05Z,342,14,4,0,1,0,1,1,1,1783227057
2026-07-05T04:54:05Z,343,10,6,13,0,0,1,1,1,1783225323
2026-07-05T04:54:05Z,344,5,1,17,1,0,1,1,1,1783225459
2026-07-05T04:54:05Z,345,18,0,0,1,0,1,1,1,1783226688
2026-07-05T04:54:05Z,346,22,1,0,1,0,1,1,1,1783226894
2026-07-05T04:54:05Z,347,9,6,37,1,0,1,1,1,1783227210
2026-07-05T04:54:05Z,348,23,2,0,0,0,1,1,1,1783227147
2026-07-05T04:54:05Z,349,4,2,13,2,0,1,1,1,1783227007
2026-07-05T04:54:05Z,350,16,2,10,0,1,1,1,1,1783225527
2026-07-05T04:54:05Z,351,4,0,18,1,0,1,1,1,1783227064
2026-07-05T04:54:05Z,355,5,1,17,1,0,1,1,1,1783225702
2026-07-05T04:54:05Z,356,15,0,3,1,0,1,1,1,1783227230
2026-07-05T04:54:05Z,357,13,5,6,0,0,1,1,1,1783226956
2026-07-05T04:54:05Z,359,18,1,7,2,0,1,1,1,1783226339
2026-07-05T04:54:05Z,360,6,1,13,0,0,1,1,1,1783223287
2026-07-05T04:54:05Z,362,12,7,4,3,0,1,1,1,1783225384
2026-07-05T04:54:05Z,363,6,0,21,0,0,1,1,1,1783227070
2026-07-05T04:54:05Z,364,9,2,8,1,1,1,1,1,1783227240
2026-07-05T04:54:05Z,365,20,12,2,1,0,1,1,1,1783226704
2026-07-05T04:54:05Z,366,21,6,0,2,0,1,1,1,1783227197
2026-07-05T04:54:05Z,367,14,4,4,1,0,1,1,1,1783226696
2026-07-05T04:54:05Z,368,21,1,2,0,0,1,1,1,1783225459
2026-07-05T04:54:05Z,370,5,3,10,2,0,1,1,1,1783227076
2026-07-05T04:54:05Z,371,3,0,15,1,0,1,1,1,1783225881
2026-07-05T04:54:05Z,372,14,0,1,0,0,1,1,1,1783226331
2026-07-05T04:54:05Z,373,25,6,1,0,0,1,1,1,1783225236
2026-07-05T04:54:05Z,374,17,1,0,0,0,1,1,1,1783226744
2026-07-05T04:54:05Z,375,14,2,12,1,0,1,1,1,1783227134
2026-07-05T04:54:05Z,376,22,5,17,0,0,1,1,1,1783227180
2026-07-05T04:54:05Z,377,14,3,10,3,0,1,1,1,1783225332
2026-07-05T04:54:05Z,378,16,5,6,2,0,1,1,1,1783227186
2026-07-05T04:54:05Z,379,7,2,20,0,0,1,1,1,1783227218
2026-07-05T04:54:05Z,380,10,2,12,1,0,1,1,1,1783224416
2026-07-05T04:54:05Z,381,5,0,18,0,0,1,1,1,1783227183
2026-07-05T04:54:05Z,383,14,2,1,0,0,1,1,1,1783226645
2026-07-05T04:54:05Z,384,5,1,13,1,0,1,1,1,1783226742
2026-07-05T04:54:05Z,385,10,0,8,0,0,1,1,1,1783225636
2026-07-05T04:54:05Z,387,20,3,3,0,0,1,1,1,1783226121
2026-07-05T04:54:05Z,388,12,0,34,3,0,1,1,1,1783226808
2026-07-05T04:54:05Z,389,3,0,10,2,0,1,1,1,1783227041
2026-07-05T04:54:05Z,390,15,3,12,0,0,1,1,1,1783227223
2026-07-05T04:54:05Z,391,11,8,3,1,0,1,1,1,1783225513
2026-07-05T04:54:05Z,392,7,6,12,0,0,1,1,1,1783220392
2026-07-05T04:54:05Z,393,0,0,9,2,0,1,1,1,1783225387
2026-07-05T04:54:05Z,394,7,2,7,0,1,1,1,1,1783226502
2026-07-05T04:54:05Z,396,0,0,39,3,0,1,1,1,1783225801
2026-07-05T04:54:05Z,397,2,1,28,1,0,1,1,1,1783226880
2026-07-05T04:54:05Z,399,16,0,0,1,0,1,1,1,1783226625
2026-07-05T04:54:05Z,400,5,2,15,3,0,1,1,1,1783226230
2026-07-05T04:54:05Z,401,2,2,29,0,0,1,1,1,1783226086
2026-07-05T04:54:05Z,403,12,2,15,4,0,1,1,1,1783227174
2026-07-05T04:54:05Z,404,3,1,17,3,0,1,1,1,1783225985
2026-07-05T04:54:05Z,406,4,0,27,4,0,1,1,1,1783225169
2026-07-05T04:54:05Z,407,3,0,31,0,0,1,1,1,1783224579
2026-07-05T04:54:05Z,408,4,2,28,1,0,1,1,1,1783226884
2026-07-05T04:54:05Z,409,0,0,22,1,0,1,1,1,1783218138
2026-07-05T04:54:05Z,413,17,3,4,2,0,1,1,1,1783227037
2026-07-05T04:54:05Z,414,10,2,5,0,0,1,1,1,1783225875
2026-07-05T04:54:05Z,417,19,4,0,0,0,1,1,1,1783227062
2026-07-05T04:54:05Z,418,5,2,10,0,0,1,1,1,1783223261
2026-07-05T04:54:05Z,419,20,3,1,2,0,1,1,1,1783224386
2026-07-05T04:54:05Z,421,14,0,5,0,0,1,1,1,1783227056
2026-07-05T04:54:05Z,422,9,3,18,0,0,1,1,1,1783227138
2026-07-05T04:54:05Z,423,11,3,12,0,0,1,1,1,1783225496
2026-07-05T04:54:05Z,424,2,0,12,1,0,1,1,1,1783226329
2026-07-05T04:54:05Z,425,17,0,5,0,0,1,1,1,1783225971
2026-07-05T04:54:05Z,426,0,0,34,3,0,1,1,1,1783226191
2026-07-05T04:54:05Z,427,9,1,5,0,1,1,1,1,1783225349
2026-07-05T04:54:05Z,428,16,0,3,0,0,1,1,1,1783226347
2026-07-05T04:54:05Z,429,19,5,1,3,0,1,1,1,1783227045
2026-07-05T04:54:05Z,430,26,1,2,3,0,1,1,1,1783227114
2026-07-05T04:54:05Z,431,22,1,7,2,2,1,1,1,1783223487
2026-07-05T04:54:05Z,432,14,1,16,1,0,1,1,1,1783227193
2026-07-05T04:54:05Z,433,21,3,0,2,0,1,1,1,1783222855
2026-07-05T04:54:05Z,437,1,0,16,2,0,1,1,1,1783227216
2026-07-05T04:54:05Z,438,6,1,12,1,0,1,1,1,1783216671
2026-07-05T04:54:05Z,439,10,2,5,0,0,1,1,1,1783226280
2026-07-05T04:54:05Z,440,14,0,0,1,0,1,1,1,1783224982
2026-07-05T04:54:05Z,441,1,0,13,1,0,1,1,1,1783225648
2026-07-05T04:54:05Z,442,8,1,10,1,0,1,1,1,1783225838
2026-07-05T04:54:05Z,443,8,0,19,0,0,1,1,1,1783195674
2026-07-05T04:54:05Z,444,9,5,14,0,0,1,1,1,1783219201
2026-07-05T04:54:05Z,445,11,6,11,1,0,1,1,1,1783219197
2026-07-05T04:54:05Z,446,6,0,16,0,1,1,1,1,1783224960
2026-07-05T04:54:05Z,447,5,0,16,2,0,1,1,1,1783214647
2026-07-05T04:54:05Z,448,12,2,0,2,1,1,1,1,1783224276
2026-07-05T04:54:05Z,452,11,3,7,1,0,1,1,1,1783226197
2026-07-05T04:54:05Z,453,4,2,8,3,0,1,1,1,1783226242
2026-07-05T04:54:05Z,454,6,1,11,1,1,1,1,1,1783224489
2026-07-05T04:54:05Z,455,0,0,39,0,0,0,1,1,1782992996
2026-07-05T04:54:05Z,456,16,0,3,4,0,1,1,1,1783227233
2026-07-05T04:54:05Z,457,5,0,21,1,0,1,1,1,1783227172
2026-07-05T04:54:05Z,458,6,0,14,3,0,1,1,1,1783226653
2026-07-05T04:54:05Z,459,15,6,0,0,0,1,1,1,1783224425
2026-07-05T04:54:05Z,460,15,3,8,0,0,1,1,1,1783226831
2026-07-05T04:54:05Z,461,7,0,9,3,0,1,1,1,1783224906
2026-07-05T04:54:05Z,462,14,1,7,0,0,1,1,1,1783226650
2026-07-05T04:54:05Z,463,12,1,6,1,0,1,1,1,1783225202
2026-07-05T04:54:05Z,464,3,1,10,1,0,1,1,1,1783227100
2026-07-05T04:54:05Z,465,2,0,13,0,0,1,1,1,1783223540
2026-07-05T04:54:05Z,466,15,5,0,0,0,1,1,1,1783222933
2026-07-05T04:54:05Z,467,4,1,11,0,0,1,1,1,1783223173
2026-07-05T04:54:05Z,468,2,2,17,0,0,1,1,1,1783215781
2026-07-05T04:54:05Z,469,1,0,20,1,1,1,1,1,1783224018
2026-07-05T04:54:05Z,470,15,1,0,0,0,1,1,1,1783225091
2026-07-05T04:54:05Z,471,16,1,11,0,0,1,1,1,1783226439
2026-07-05T04:54:05Z,472,14,3,3,2,0,1,1,1,1783227233
2026-07-05T04:54:05Z,473,2,1,15,2,0,1,1,1,1783227236
2026-07-05T04:54:05Z,474,17,0,1,1,0,1,1,1,1783226758
2026-07-05T04:54:05Z,475,3,1,16,0,0,1,1,1,1783226174
2026-07-05T04:54:05Z,476,8,4,12,3,0,1,1,1,1783226575
2026-07-05T04:54:05Z,477,13,2,1,1,0,1,1,1,1783226483
2026-07-05T04:54:05Z,478,1,1,26,4,0,1,1,1,1783226482
2026-07-05T04:54:05Z,479,9,0,14,3,1,1,1,1,1783227054
2026-07-05T04:54:05Z,480,13,1,1,1,0,1,1,1,1783225240
2026-07-05T04:54:05Z,481,32,0,3,0,0,1,1,1,1783225564
2026-07-05T04:54:05Z,482,7,5,11,1,0,1,1,1,1783223759
2026-07-05T04:54:05Z,483,16,0,10,0,1,1,1,1,1783227215
2026-07-05T04:54:05Z,484,3,0,16,0,0,1,1,1,1783227183
2026-07-05T04:54:05Z,485,7,3,11,0,1,1,1,1,1783227128
2026-07-05T04:54:05Z,486,16,0,10,1,0,1,1,1,1783226943
2026-07-05T04:54:05Z,487,8,4,9,2,0,1,1,1,1783227020
2026-07-05T04:54:05Z,489,3,2,12,0,0,1,1,1,1783226173
2026-07-05T04:54:05Z,490,7,7,7,2,0,1,1,1,1783226210
2026-07-05T04:54:05Z,491,6,3,13,2,0,1,1,1,1783227237
2026-07-05T04:54:05Z,492,4,3,3,4,0,1,1,1,1783225703
2026-07-05T04:54:05Z,493,5,0,22,0,0,1,1,1,1783223467
2026-07-05T04:54:05Z,495,13,2,0,2,0,1,1,1,1783227225
2026-07-05T04:54:05Z,496,5,0,21,1,0,1,1,1,1783226454
2026-07-05T04:54:05Z,497,18,0,1,0,0,1,1,1,1783226351
2026-07-05T04:54:05Z,498,21,4,2,0,0,1,1,1,1783226094
2026-07-05T04:54:05Z,499,10,1,6,3,0,1,1,1,1783223503
2026-07-05T04:54:05Z,500,9,2,5,1,0,1,1,1,1783225046
2026-07-05T04:54:05Z,501,4,0,15,2,0,1,1,1,1783226465
2026-07-05T04:54:05Z,502,4,0,15,0,0,1,1,1,1783221629
2026-07-05T04:54:05Z,503,21,1,10,0,0,1,1,1,1783227014
2026-07-05T04:54:05Z,504,0,0,39,0,0,1,1,1,1783226903
2026-07-05T04:54:05Z,505,2,0,15,1,0,1,1,1,1783227231
2026-07-05T04:54:05Z,511,10,0,13,0,0,1,1,1,1783226442
2026-07-05T04:54:05Z,512,17,0,2,0,0,1,1,1,1783225866
2026-07-05T04:54:05Z,514,7,3,3,1,0,1,1,1,1783226326
2026-07-05T04:54:05Z,515,12,1,7,0,0,1,1,1,1783225162
2026-07-05T04:54:05Z,516,19,0,7,1,0,1,1,1,1783226715
2026-07-05T04:54:05Z,517,18,7,5,0,0,1,1,1,1783226659
2026-07-05T04:54:05Z,518,8,3,7,0,0,1,1,1,1783227110
2026-07-05T04:54:05Z,519,16,0,3,0,0,1,1,1,1783222896
2026-07-05T04:54:05Z,520,5,0,19,3,0,1,1,1,1783226784
2026-07-05T04:54:05Z,521,11,1,10,2,0,1,1,1,1783227222
2026-07-05T04:54:05Z,522,14,0,9,0,0,1,1,1,1783227164
2026-07-05T04:54:05Z,523,6,1,16,1,0,1,1,1,1783223586
2026-07-05T04:54:05Z,524,11,0,10,2,0,1,1,1,1783226865
2026-07-05T04:54:05Z,525,10,0,9,0,0,1,1,1,1783226301
2026-07-05T04:54:05Z,526,12,4,2,1,0,1,1,1,1783227138
2026-07-05T04:54:05Z,527,5,4,19,2,0,1,1,1,1783227209
2026-07-05T04:54:05Z,528,12,4,10,1,0,1,1,1,1783225817
2026-07-05T04:54:05Z,529,6,1,9,4,0,1,1,1,1783227149
2026-07-05T04:54:05Z,530,15,3,5,1,0,1,1,1,1783227240
2026-07-05T04:54:05Z,531,20,0,2,0,1,1,1,1,1783226828
2026-07-05T04:54:05Z,532,2,1,28,1,0,1,1,1,1783225571
2026-07-05T04:54:05Z,533,10,0,8,1,0,1,1,1,1783225048
2026-07-05T04:54:05Z,534,4,3,17,2,0,1,1,1,1783227007
2026-07-05T04:54:05Z,535,2,0,12,1,0,1,1,1,1783225836
2026-07-05T04:54:05Z,536,21,0,1,1,0,1,1,1,1783225400
2026-07-05T04:54:05Z,537,0,0,20,1,0,1,1,1,1783225599
2026-07-05T04:54:05Z,538,16,4,2,1,0,1,1,1,1783226564
2026-07-05T04:54:05Z,539,17,7,11,3,0,1,1,1,1783227207
2026-07-05T04:54:05Z,540,10,4,9,0,0,1,1,1,1783224803
2026-07-05T04:54:05Z,541,26,1,0,1,0,1,1,1,1783226583
2026-07-05T04:54:05Z,542,5,2,18,0,0,1,1,1,1783224988
2026-07-05T04:54:05Z,543,13,0,3,3,0,1,1,1,1783227122
2026-07-05T04:54:05Z,544,17,4,4,2,0,1,1,1,1783226951
2026-07-05T04:54:05Z,545,19,0,0,0,0,1,1,1,1783227234
2026-07-05T04:54:05Z,546,2,2,17,0,0,1,1,1,1783226657
2026-07-05T04:54:05Z,547,15,2,7,1,0,1,1,1,1783226683
2026-07-05T04:54:05Z,548,0,0,22,1,0,1,1,1,1783226954
2026-07-05T04:54:05Z,549,12,0,9,0,0,1,1,1,1783226377
2026-07-05T04:54:05Z,550,0,0,19,0,0,1,1,1,1783227191
2026-07-05T04:54:05Z,551,20,6,2,1,0,1,1,1,1783225820
2026-07-05T04:54:05Z,552,12,0,15,0,0,1,1,1,1783226863
2026-07-05T04:54:05Z,553,16,4,7,0,0,1,1,1,1783227117
2026-07-05T04:54:05Z,554,3,1,16,0,0,1,1,1,1783223157
2026-07-05T04:54:05Z,555,9,3,5,1,0,1,1,1,1783224763
2026-07-05T04:54:05Z,556,7,2,14,2,0,1,1,1,1783225637
2026-07-05T04:54:05Z,557,0,0,23,0,0,0,1,1,1781719859
2026-07-05T04:54:05Z,558,4,2,31,2,0,1,1,1,1783227145
2026-07-05T04:54:05Z,559,11,0,7,1,0,1,1,1,1783225824
2026-07-05T04:54:05Z,560,4,0,23,0,0,1,1,1,1783225890
2026-07-05T04:54:05Z,561,11,0,10,2,0,1,1,1,1783227086
2026-07-05T04:54:05Z,562,4,2,30,1,0,1,1,1,1783225838
2026-07-05T04:54:05Z,563,13,0,1,0,0,1,1,1,1783218114
2026-07-05T04:54:05Z,564,14,1,4,1,0,1,1,1,1783227082
2026-07-05T04:54:05Z,565,8,1,11,0,0,1,1,1,1783225828
2026-07-05T04:54:05Z,566,3,0,16,0,0,1,1,1,1783227228
2026-07-05T04:54:05Z,567,22,1,4,1,0,1,1,1,1783226852
2026-07-05T04:54:05Z,568,1,0,18,0,0,1,1,1,1783223823
2026-07-05T04:54:05Z,569,15,1,4,0,0,1,1,1,1783225396
2026-07-05T04:54:05Z,570,12,0,7,0,0,1,1,1,1783226820
2026-07-05T04:54:05Z,571,15,2,8,0,0,1,1,1,1783227112
2026-07-05T04:54:05Z,572,13,0,6,0,0,1,1,1,1783226672
2026-07-05T04:54:05Z,573,15,1,0,0,0,1,1,1,1783219057
2026-07-05T04:54:05Z,574,5,4,10,0,0,1,1,1,1783224946
2026-07-05T04:54:05Z,575,20,0,1,0,0,1,1,1,1783227236
2026-07-05T04:54:05Z,576,0,0,19,0,0,1,1,1,1783220503
2026-07-05T04:54:05Z,577,25,0,6,0,0,1,1,1,1783227103
2026-07-05T04:54:05Z,578,3,1,20,0,0,1,1,1,1783223597
2026-07-05T04:54:05Z,579,9,0,34,0,0,1,1,1,1783226810
2026-07-05T04:54:05Z,580,13,0,16,2,0,1,1,1,1783227051
2026-07-05T04:54:05Z,581,3,0,14,2,0,1,1,1,1783226771
2026-07-05T04:54:05Z,582,6,0,51,4,0,1,1,1,1783227001
2026-07-05T04:54:05Z,583,23,0,0,0,0,1,1,1,1783218887
2026-07-05T04:54:05Z,584,5,5,10,4,0,1,1,1,1783227115
2026-07-05T04:54:05Z,585,4,0,22,0,0,1,1,1,1783226834
2026-07-05T04:54:05Z,586,32,0,3,0,0,1,1,1,1783226954
2026-07-05T04:54:05Z,587,20,0,3,2,0,1,1,1,1783226797
2026-07-05T04:54:05Z,588,18,3,1,0,0,1,1,1,1783222777
2026-07-05T04:54:05Z,589,7,5,16,0,0,1,1,1,1783227040
2026-07-05T04:54:05Z,590,7,0,24,0,0,1,1,1,1783226649
2026-07-05T04:54:05Z,591,19,5,1,2,0,1,1,1,1783224868
2026-07-05T04:54:05Z,592,8,1,15,0,0,1,1,1,1783225921
2026-07-05T04:54:05Z,593,30,0,9,0,0,1,1,1,1783225619
2026-07-05T04:54:05Z,594,4,0,16,1,0,1,1,1,1783225640
2026-07-05T04:54:05Z,595,0,0,3,0,0,0,1,1,1779985765
2026-07-05T04:54:05Z,605,0,0,3,0,0,0,1,1,1780413752
2026-07-05T04:54:05Z,606,0,0,0,0,0,0,1,1,86400
2026-07-05T04:54:05Z,607,22,2,10,1,0,1,1,1,1783226604
2026-07-05T04:54:05Z,608,27,1,27,0,0,1,1,1,1783226547
2026-07-05T04:54:05Z,609,5,2,18,0,0,1,1,1,1783226032
2026-07-05T04:54:05Z,610,0,0,35,0,0,1,1,1,1783224299
2026-07-05T04:54:05Z,611,0,0,27,0,0,1,1,1,1783227198
2026-07-05T04:54:05Z,612,4,1,11,0,0,1,1,1,1783213691
2026-07-05T04:54:05Z,613,6,1,9,0,0,1,1,1,1783225169
2026-07-05T04:54:05Z,614,1,0,24,1,1,1,1,1,1783225336
2026-07-05T04:54:05Z,617,6,1,7,2,0,1,1,1,1783226888
2026-07-05T04:54:05Z,618,10,4,8,1,0,1,1,1,1783224779
2026-07-05T04:54:05Z,619,15,4,3,1,0,1,1,1,1783226965
2026-07-05T04:54:05Z,620,5,0,18,0,0,1,1,1,1783226663
2026-07-05T04:54:05Z,621,9,3,14,0,0,1,1,1,1783227183
2026-07-05T04:54:05Z,622,10,3,10,2,1,1,1,1,1783227184
2026-07-05T04:54:05Z,623,26,5,0,3,1,1,1,1,1783226989
2026-07-05T04:54:05Z,624,4,2,8,2,1,1,1,1,1783221723
2026-07-05T04:54:05Z,625,13,3,8,0,0,1,1,1,1783226758
2026-07-05T04:54:05Z,626,26,0,17,1,2,1,1,1,1783226670
2026-07-05T04:54:05Z,627,9,9,9,1,0,1,1,1,1783225326
2026-07-05T04:54:05Z,628,6,5,11,1,1,1,1,1,1783223616
2026-07-05T04:54:05Z,629,9,3,1,1,0,1,1,1,1783226085
2026-07-05T04:54:05Z,630,13,0,11,3,0,1,1,1,1783217714
2026-07-05T04:54:05Z,631,14,1,9,0,0,1,1,1,1783225226
2026-07-05T04:54:05Z,632,10,2,9,3,0,1,1,1,1783220983
2026-07-05T04:54:05Z,633,8,0,5,1,1,1,1,1,1783200473
2026-07-05T04:54:05Z,634,5,0,13,1,0,1,1,1,1783218053
2026-07-05T04:54:05Z,635,18,0,0,1,0,1,1,1,1783227085
2026-07-05T04:54:05Z,636,7,0,8,0,0,1,1,1,1783213292
2026-07-05T04:54:05Z,637,4,2,14,1,0,1,1,1,1783204406
2026-07-05T04:54:05Z,638,11,5,6,2,0,1,1,1,1783226943
2026-07-05T04:54:05Z,639,0,0,0,3,16,0,1,1,1782287204
2026-07-05T04:54:05Z,640,6,0,17,0,0,1,1,1,1783225879
2026-07-05T04:54:05Z,641,5,0,21,1,0,1,1,1,1783226637
2026-07-05T04:54:05Z,642,3,0,12,4,0,1,1,1,1783226721
2026-07-05T04:54:05Z,643,8,4,19,0,0,1,1,1,1783227109
2026-07-05T04:54:05Z,644,0,0,9,5,1,1,1,1,1783227073
2026-07-05T04:54:05Z,645,13,0,8,1,1,1,1,1,1783226574
2026-07-05T04:54:05Z,646,11,1,7,1,0,1,1,1,1783226984
2026-07-05T04:54:05Z,647,25,2,6,0,0,1,1,1,1783226305
2026-07-05T04:54:05Z,648,12,3,6,1,0,1,1,1,1783226416
2026-07-05T04:54:05Z,649,19,1,12,0,0,1,1,1,1783225752
2026-07-05T04:54:05Z,650,10,2,5,1,0,1,1,1,1783224726
2026-07-05T04:54:05Z,651,1,0,21,1,0,1,1,1,1783223872
2026-07-05T04:54:05Z,652,19,2,1,3,0,1,1,1,1783227066
2026-07-05T04:54:05Z,653,15,2,0,4,0,1,1,1,1783227057
2026-07-05T04:54:05Z,654,2,1,13,0,0,1,1,1,1783226325
2026-07-05T04:54:05Z,655,2,0,11,2,0,1,1,1,1783227004
2026-07-05T04:54:05Z,656,17,4,2,0,0,1,1,1,1783227226
2026-07-05T04:54:05Z,657,10,1,2,4,1,1,1,1,1783227109
2026-07-05T04:54:05Z,658,10,1,9,3,1,1,1,1,1783227162
2026-07-05T04:54:05Z,659,0,0,15,0,0,1,1,1,1783225070
2026-07-05T04:54:05Z,660,23,5,7,1,0,1,1,1,1783227186
2026-07-05T04:54:05Z,661,4,0,14,1,0,1,1,1,1783226234
2026-07-05T04:54:05Z,662,0,0,19,4,0,1,1,1,1783226942
2026-07-05T04:54:05Z,663,14,2,0,0,0,1,1,1,1783226150
2026-07-05T04:54:05Z,664,0,0,27,0,0,1,1,1,1783207560
2026-07-05T04:54:05Z,665,4,1,10,1,0,1,1,1,1783225298
2026-07-05T04:54:05Z,666,7,1,8,0,0,1,1,1,1783226390
2026-07-05T04:54:05Z,667,1,0,13,3,0,1,1,1,1783227203
2026-07-05T04:54:05Z,668,6,2,12,1,0,1,1,1,1783227161
2026-07-05T04:54:05Z,669,12,1,0,2,0,1,1,1,1783225004
2026-07-05T04:54:05Z,670,10,0,17,0,0,1,1,1,1783227109
2026-07-05T04:54:05Z,671,9,1,18,0,0,1,1,1,1783225395
2026-07-05T04:54:05Z,672,19,3,1,3,0,1,1,1,1783226673
2026-07-05T04:54:05Z,673,13,1,8,1,0,1,1,1,1783227180
2026-07-05T04:54:05Z,674,3,1,19,1,0,1,1,1,1783226967
2026-07-05T04:54:05Z,675,3,0,10,1,1,1,1,1,1783226966
2026-07-05T04:54:05Z,676,14,1,8,1,0,1,1,1,1783227241
2026-07-05T04:54:05Z,681,1,1,9,5,0,1,1,1,1783226795
2026-07-05T04:54:05Z,682,10,5,8,1,0,1,1,1,1783222340
2026-07-05T04:54:05Z,683,13,1,6,0,0,1,1,1,1783224447
2026-07-05T04:54:05Z,684,15,1,10,2,0,1,1,1,1783218457
2026-07-05T04:54:05Z,685,1,0,24,1,1,1,1,1,1783224587
2026-07-05T04:54:05Z,686,10,1,14,2,1,1,1,1,1783227185
2026-07-05T04:54:05Z,687,12,3,17,1,1,1,1,1,1783227009
2026-07-05T04:54:05Z,688,10,3,8,1,0,1,1,1,1783224845
2026-07-05T04:54:05Z,692,0,0,20,1,0,1,1,1,1783227218
2026-07-05T04:54:05Z,693,9,5,2,0,0,1,1,1,1783226068
2026-07-05T04:54:05Z,694,6,2,12,3,0,1,1,1,1783226304
2026-07-05T04:54:05Z,695,4,1,19,0,0,1,1,1,1783226356
2026-07-05T04:54:05Z,696,18,10,3,2,0,1,1,1,1783226983
2026-07-05T04:54:05Z,697,4,0,18,1,0,1,1,1,1783226293
2026-07-05T04:54:05Z,698,27,2,0,0,0,1,1,1,1783227238
2026-07-05T04:54:05Z,699,3,0,11,1,0,1,1,1,1783226601
2026-07-05T04:54:05Z,700,5,0,13,1,0,1,1,1,1783225509
2026-07-05T04:54:05Z,701,7,1,12,0,0,1,1,1,1783226761
2026-07-05T04:54:05Z,702,16,7,6,1,0,1,1,1,1783226430
2026-07-05T04:54:05Z,703,23,5,0,0,0,1,1,1,1783226406
2026-07-05T04:54:05Z,704,11,1,3,1,0,1,1,1,1783227111
2026-07-05T04:54:05Z,705,9,4,5,1,0,1,1,1,1783226449
2026-07-05T04:54:05Z,706,10,3,4,1,0,1,1,1,1783225681
2026-07-05T04:54:05Z,707,15,2,0,0,0,1,1,1,1783226990
2026-07-05T04:54:05Z,708,17,3,2,0,0,1,1,1,1783227169
2026-07-05T04:54:05Z,709,14,5,0,1,0,1,1,1,1783226494
2026-07-05T04:54:05Z,710,17,1,2,0,0,1,1,1,1783226001
2026-07-05T04:54:05Z,711,14,3,1,4,0,1,1,1,1783226171
2026-07-05T04:54:05Z,712,3,2,12,0,0,1,1,1,1783227039
2026-07-05T04:54:05Z,713,6,3,17,0,0,1,1,1,1783226248
2026-07-05T04:54:05Z,716,1,0,14,0,0,1,1,1,1783226374
2026-07-05T04:54:05Z,717,9,0,12,4,0,1,1,1,1783225186
2026-07-05T04:54:05Z,718,3,1,12,0,0,1,1,1,1783226326
2026-07-05T04:54:05Z,719,9,0,20,0,0,1,1,1,1783227213
2026-07-05T04:54:05Z,720,2,0,16,1,0,1,1,1,1783226331
2026-07-05T04:54:05Z,721,11,0,11,1,0,1,1,1,1783226693
2026-07-05T04:54:05Z,722,13,2,2,0,0,1,1,1,1783226287
2026-07-05T04:54:05Z,723,1,1,21,1,0,1,1,1,1783225911
2026-07-05T04:54:05Z,724,17,1,6,0,0,1,1,1,1783226134
2026-07-05T04:54:05Z,725,22,1,0,1,0,1,1,1,1783227194
2026-07-05T04:54:05Z,726,11,1,8,0,0,1,1,1,1783225849
2026-07-05T04:54:05Z,727,9,0,14,0,0,1,1,1,1783226787
2026-07-05T04:54:05Z,728,9,2,5,1,0,1,1,1,1783226122
2026-07-05T04:54:05Z,729,13,0,4,2,0,1,1,1,1783226677
2026-07-05T04:54:05Z,730,7,1,8,0,0,1,1,1,1783225675
2026-07-05T04:54:05Z,731,1,1,14,0,0,1,1,1,1783226955
2026-07-05T04:54:05Z,732,9,0,6,0,0,1,1,1,1783225470
2026-07-05T04:54:05Z,733,3,0,23,1,0,1,1,1,1783227115
2026-07-05T04:54:05Z,734,4,1,9,1,0,1,1,1,1783226844
2026-07-05T04:54:05Z,735,3,3,16,0,0,1,1,1,1783227182
2026-07-05T04:54:05Z,736,16,2,1,2,0,1,1,1,1783197738
2026-07-05T04:54:05Z,737,8,2,7,0,0,1,1,1,1783226595
2026-07-05T04:54:05Z,738,1,1,17,1,0,1,1,1,1783226926
2026-07-05T04:54:05Z,739,7,1,18,2,0,1,1,1,1783225472
2026-07-05T04:54:05Z,741,12,4,11,0,0,1,1,1,1783226707
2026-07-05T04:54:05Z,742,10,1,29,0,0,1,1,1,1783227174
2026-07-05T04:54:05Z,743,4,1,13,2,0,1,1,1,1783226227
2026-07-05T04:54:05Z,744,4,1,11,0,0,1,1,1,1783226807
2026-07-05T04:54:05Z,745,8,1,10,1,0,1,1,1,1783226244
2026-07-05T04:54:05Z,746,0,0,23,0,0,1,1,1,1783226340
2026-07-05T04:54:05Z,747,0,0,19,0,0,1,1,1,1783226745
2026-07-05T04:54:05Z,748,12,1,9,2,0,1,1,1,1783226368
2026-07-05T04:54:05Z,749,8,0,15,0,0,1,1,1,1783226878
2026-07-05T04:54:05Z,750,1,1,8,2,0,1,1,1,1783227139
2026-07-05T04:54:05Z,751,2,2,21,0,0,1,1,1,1783227054
2026-07-05T04:54:05Z,752,14,1,1,2,0,1,1,1,1783226508
2026-07-05T04:54:05Z,753,9,0,5,1,0,1,1,1,1783227053
2026-07-05T04:54:05Z,754,6,0,9,0,0,1,1,1,1783225748
2026-07-05T04:54:05Z,755,8,0,10,1,0,1,1,1,1783226565
2026-07-05T04:54:05Z,756,1,0,35,1,0,1,1,1,1783225452
2026-07-05T04:54:05Z,757,0,0,19,0,0,1,1,1,1783226970
2026-07-05T04:54:05Z,758,20,4,3,0,0,1,1,1,1783227110
2026-07-05T04:54:05Z,759,6,0,9,0,0,1,1,1,1783225757
2026-07-05T04:54:05Z,760,4,0,13,2,0,1,1,1,1783227137
2026-07-05T04:54:05Z,761,6,1,16,1,0,1,1,1,1783226688
2026-07-05T04:54:05Z,762,3,0,10,2,0,1,1,1,1783225881
2026-07-05T04:54:05Z,768,5,0,11,3,0,1,1,1,1783226335
2026-07-05T04:54:05Z,769,1,0,13,4,0,1,1,1,1783227199
2026-07-05T04:54:05Z,770,11,2,8,0,0,1,1,1,1783225751
2026-07-05T04:54:05Z,771,10,0,5,0,0,1,1,1,1783225926
2026-07-05T04:54:05Z,772,11,6,3,1,0,1,1,1,1783227003
2026-07-05T04:54:05Z,773,4,2,14,1,0,1,1,1,1783226246
2026-07-05T04:54:05Z,774,4,0,9,2,0,1,1,1,1783226983
2026-07-05T04:54:05Z,775,13,2,4,2,0,1,1,1,1783221743
2026-07-05T04:54:05Z,776,6,0,14,1,0,1,1,1,1783226635
2026-07-05T04:54:05Z,777,11,2,1,3,0,1,1,1,1783225788
2026-07-05T04:54:05Z,778,4,0,13,2,0,1,1,1,1783223905
2026-07-05T04:54:05Z,779,14,0,4,1,0,1,1,1,1783225688
2026-07-05T04:54:05Z,780,9,4,7,2,1,1,1,1,1783226993
2026-07-05T04:54:05Z,781,1,1,9,1,0,1,1,1,1783217403
2026-07-05T04:54:05Z,782,7,2,11,1,0,1,1,1,1783227173
2026-07-05T04:54:05Z,783,8,6,8,3,0,1,1,1,1783220560
2026-07-05T04:54:05Z,784,0,0,18,1,0,1,1,1,1783225879
2026-07-05T04:54:05Z,785,9,1,5,5,0,1,1,1,1783225581
2026-07-05T04:54:05Z,786,0,0,18,1,0,1,1,1,1783211324
2026-07-05T04:54:05Z,787,0,0,15,0,0,1,1,1,1783225545
2026-07-05T04:54:05Z,788,10,1,5,0,0,1,1,1,1783225811
2026-07-05T04:54:05Z,789,12,1,1,2,0,1,1,1,1783226559
2026-07-05T04:54:05Z,790,3,2,20,0,0,1,1,1,1783226642
2026-07-05T04:54:05Z,791,0,0,19,0,0,1,1,1,1783226325
2026-07-05T04:54:05Z,793,11,1,3,1,0,1,1,1,1783225974
2026-07-05T04:54:05Z,794,4,1,25,0,0,1,1,1,1783226796
2026-07-05T04:54:05Z,796,0,0,16,3,0,1,1,1,1783226698
2026-07-05T04:54:05Z,797,3,1,12,0,0,1,1,1,1783226893
2026-07-05T04:54:05Z,798,1,0,23,1,0,1,1,1,1783227028
2026-07-05T04:54:05Z,799,4,2,14,1,0,1,1,1,1783227102
2026-07-05T04:54:05Z,800,3,0,16,2,0,1,1,1,1783226987
2026-07-05T04:54:05Z,801,5,3,14,2,0,1,1,1,1783224473
2026-07-05T04:54:05Z,802,2,0,28,0,1,1,1,1,1783226363
2026-07-05T04:54:05Z,803,2,1,13,0,0,1,1,1,1783226122
2026-07-05T04:54:05Z,806,0,0,11,4,0,1,1,1,1783226858
2026-07-05T04:54:05Z,807,17,1,7,1,0,1,1,1,1783225748
2026-07-05T04:54:05Z,808,9,0,15,1,0,1,1,1,1783227176
2026-07-05T04:54:05Z,809,5,1,18,0,0,1,1,1,1783225978
2026-07-05T04:54:05Z,810,8,5,10,1,0,1,1,1,1783225994
2026-07-05T04:54:05Z,815,5,2,9,1,0,1,1,1,1783226259
2026-07-05T04:54:05Z,817,3,0,5,7,0,1,1,1,1783226862
2026-07-05T04:54:05Z,818,3,2,20,0,0,1,1,1,1783226369
2026-07-05T04:54:05Z,819,6,6,6,3,0,1,1,1,1783225904
2026-07-05T04:54:05Z,820,6,1,8,3,0,1,1,1,1783226597
2026-07-05T04:54:05Z,821,9,0,5,1,0,1,1,1,1783225513
2026-07-05T04:54:05Z,822,2,0,19,2,0,1,1,1,1783226570
2026-07-05T04:54:05Z,823,0,0,15,0,0,1,1,1,1783226163
2026-07-05T04:54:05Z,824,4,2,14,1,0,1,1,1,1783226849
2026-07-05T04:54:05Z,825,9,2,6,0,0,1,1,1,1783218366
2026-07-05T04:54:05Z,826,8,0,10,1,0,1,1,1,1783226702
2026-07-05T04:54:05Z,827,7,1,13,1,0,1,1,1,1783226137
2026-07-05T04:54:05Z,828,0,0,17,1,0,1,1,1,1783226924
2026-07-05T04:54:05Z,829,1,0,26,0,0,1,1,1,1783212589
2026-07-05T04:54:05Z,830,21,2,1,1,0,1,1,1,1783227080
2026-07-05T04:54:05Z,831,4,1,4,7,0,1,1,1,1783225556
2026-07-05T04:54:05Z,832,16,3,2,0,0,1,1,1,1783227170
2026-07-05T04:54:05Z,833,18,11,0,1,0,1,1,1,1783226595
2026-07-05T04:54:05Z,834,2,0,22,0,0,1,1,1,1783227099
2026-07-05T04:54:05Z,835,12,8,6,0,0,1,1,1,1783226704
2026-07-05T04:54:05Z,837,3,0,5,7,0,1,1,1,1783225578
2026-07-05T04:54:05Z,838,8,3,3,4,0,1,1,1,1783227052
2026-07-05T04:54:05Z,839,19,2,9,1,0,1,1,1,1783226809
2026-07-05T04:54:05Z,840,1,0,27,1,0,1,1,1,1783226761
2026-07-05T04:54:05Z,841,5,3,8,2,0,1,1,1,1783226960
2026-07-05T04:54:05Z,842,4,0,18,0,1,1,1,1,1783226259
2026-07-05T04:54:05Z,843,1,0,28,2,0,1,1,1,1783226153
2026-07-05T04:54:05Z,844,5,0,18,0,0,1,1,1,1783225667
2026-07-05T04:54:05Z,845,8,0,11,0,0,1,1,1,1783226986
2026-07-05T04:54:05Z,846,7,1,11,0,1,1,1,1,1783225645
2026-07-05T04:54:05Z,847,0,0,27,0,0,1,1,1,1783226170
2026-07-05T04:54:05Z,848,6,0,13,0,0,1,1,1,1783225835
2026-07-05T04:54:05Z,849,0,0,10,5,0,1,1,1,1783225469
2026-07-05T04:54:05Z,850,9,2,1,1,0,1,1,1,1783226998
2026-07-05T04:54:05Z,851,24,2,11,2,0,1,1,1,1783226241
2026-07-05T04:54:05Z,852,3,0,15,1,0,1,1,1,1783224885
2026-07-05T04:54:05Z,853,11,2,12,0,0,1,1,1,1783227004
2026-07-05T04:54:05Z,854,4,0,10,1,0,1,1,1,1783227179
2026-07-05T04:54:05Z,855,25,0,2,0,0,1,1,1,1783226426
2026-07-05T04:54:05Z,857,10,8,8,1,0,1,1,1,1783227217
2026-07-05T04:54:05Z,858,1,0,17,1,0,1,1,1,1783222451
2026-07-05T04:54:05Z,859,9,3,12,0,0,1,1,1,1783226838
2026-07-05T04:54:05Z,861,4,0,7,0,0,1,1,1,1783226279
2026-07-05T04:54:05Z,862,4,0,11,0,0,1,1,1,1783225999
2026-07-05T04:54:05Z,863,7,3,11,1,0,1,1,1,1783216283
2026-07-05T04:54:05Z,866,18,0,1,0,0,1,1,1,1783213234
2026-07-05T04:54:05Z,867,8,0,7,0,0,1,1,1,1783227075
2026-07-05T04:54:05Z,868,11,0,4,0,0,1,1,1,1783225854
2026-07-05T04:54:05Z,870,11,3,3,1,0,1,1,1,1783225953
2026-07-05T04:54:05Z,871,3,0,8,0,0,1,1,1,1783227020
2026-07-05T04:54:05Z,872,6,3,9,0,0,1,1,1,1783225991
2026-07-05T04:54:05Z,873,0,0,31,2,0,1,1,1,1783226230
2026-07-05T04:54:05Z,874,14,1,0,1,0,1,1,1,1783226361
2026-07-05T04:54:05Z,875,3,1,12,0,0,1,1,1,1783227233
2026-07-05T04:54:05Z,877,7,3,12,0,0,1,1,1,1783225854
2026-07-05T04:54:05Z,878,8,0,10,1,0,1,1,1,1783227004
2026-07-05T04:54:05Z,879,7,0,11,1,0,1,1,1,1783227214
2026-07-05T04:54:05Z,880,11,2,12,0,0,1,1,1,1783226926
2026-07-05T04:54:05Z,881,3,1,13,3,0,1,1,1,1783226615
2026-07-05T04:54:05Z,882,10,5,9,0,0,1,1,1,1783226327
2026-07-05T04:54:05Z,883,12,6,6,1,0,1,1,1,1783226535
2026-07-05T04:54:05Z,884,10,5,11,0,0,1,1,1,1783183865
2026-07-05T04:54:05Z,885,8,3,11,0,0,1,1,1,1783226240
2026-07-05T04:54:05Z,886,2,2,22,5,0,1,1,1,1783226812
2026-07-05T04:54:05Z,887,2,0,14,1,0,1,1,1,1783227146
2026-07-05T04:54:05Z,888,0,0,40,1,0,1,1,1,1783226102
2026-07-05T04:54:05Z,889,12,1,7,0,0,1,1,1,1783227162
2026-07-05T04:54:05Z,890,8,2,7,0,0,1,1,1,1783217856
2026-07-05T04:54:05Z,891,7,1,15,1,0,1,1,1,1783225728
2026-07-05T04:54:05Z,892,15,5,0,0,0,1,1,1,1783224185
2026-07-05T04:54:05Z,895,6,2,13,0,0,1,1,1,1783226620
2026-07-05T04:54:05Z,896,28,7,7,0,0,1,1,1,1783227237
2026-07-05T04:54:05Z,897,11,1,9,1,0,1,1,1,1783227109
2026-07-05T04:54:05Z,898,7,1,12,0,0,1,1,1,1783227223
2026-07-05T04:54:05Z,899,18,3,1,0,0,1,1,1,1783226488
2026-07-05T04:54:05Z,900,24,1,2,1,0,1,1,1,1783227001
2026-07-05T04:54:05Z,901,11,0,8,0,0,1,1,1,1783227116
2026-07-05T04:54:05Z,902,0,0,15,0,0,1,1,1,1783227159
2026-07-05T04:54:05Z,903,1,0,18,0,0,1,1,1,1783226958
2026-07-05T04:54:05Z,904,13,0,4,2,0,1,1,1,1783225447
2026-07-05T04:54:05Z,905,13,8,14,0,0,1,1,1,1783227133
2026-07-05T04:54:05Z,906,16,5,11,0,0,1,1,1,1783226771
2026-07-05T04:54:05Z,907,12,0,19,0,0,1,1,1,1783227229
2026-07-05T04:54:05Z,908,8,0,15,0,0,1,1,1,1783225768
2026-07-05T04:54:05Z,909,16,8,7,0,0,1,1,1,1783227232
2026-07-05T04:54:05Z,910,2,0,28,1,0,1,1,1,1783227030
2026-07-05T04:54:05Z,911,10,0,8,1,0,1,1,1,1783227039
2026-07-05T04:54:05Z,912,12,0,9,2,0,1,1,1,1783227075
2026-07-05T04:54:05Z,913,10,1,9,0,0,1,1,1,1783211292
2026-07-05T04:54:05Z,914,16,0,2,1,0,1,1,1,1783227024
2026-07-05T04:54:05Z,915,19,0,3,1,0,1,1,1,1783226285
2026-07-05T04:54:05Z,916,11,2,11,1,0,1,1,1,1783227228
2026-07-05T04:54:05Z,917,5,1,30,0,0,1,1,1,1783226603
2026-07-05T04:54:05Z,918,16,3,1,2,0,1,1,1,1783227113
2026-07-05T04:54:05Z,919,29,4,10,0,0,1,1,1,1783226691
2026-07-05T04:54:05Z,920,4,3,15,0,0,1,1,1,1783226562
2026-07-05T04:54:05Z,921,3,0,15,3,0,1,1,1,1783219782
2026-07-05T04:54:05Z,922,9,1,12,0,0,1,1,1,1783224412
2026-07-05T04:54:05Z,923,1,1,17,1,0,1,1,1,1783227189
2026-07-05T04:54:05Z,924,16,2,5,0,0,1,1,1,1783226854
2026-07-05T04:54:05Z,925,2,1,18,1,0,1,1,1,1783227238
2026-07-05T04:54:05Z,926,7,1,14,0,0,1,1,1,1783226733
2026-07-05T04:54:05Z,927,16,0,17,1,0,1,1,1,1783226147
2026-07-05T04:54:05Z,928,12,1,5,2,0,1,1,1,1783225635
2026-07-05T04:54:05Z,929,11,0,12,0,0,1,1,1,1783226437
2026-07-05T04:54:05Z,930,23,0,8,0,0,1,1,1,1783226968
2026-07-05T04:54:05Z,931,0,0,22,1,0,1,1,1,1783226936
2026-07-05T04:54:05Z,932,8,1,10,1,0,1,1,1,1783227210
2026-07-05T04:54:05Z,933,20,0,2,1,0,1,1,1,1783227030
2026-07-05T04:54:05Z,934,6,0,24,1,0,1,1,1,1783226949
2026-07-05T04:54:05Z,935,1,0,15,3,0,1,1,1,1783225697
2026-07-05T04:54:05Z,936,18,3,1,0,0,1,1,1,1783225497
2026-07-05T04:54:05Z,940,6,0,4,1,0,1,1,1,1783227231
2026-07-05T04:54:05Z,941,7,0,18,0,0,1,1,1,1783226061
2026-07-05T04:54:05Z,942,10,3,11,0,0,1,1,1,1783226792
2026-07-05T04:54:05Z,943,4,4,10,1,0,1,1,1,1783225443
2026-07-05T04:54:05Z,944,5,5,9,1,0,1,1,1,1783219032
2026-07-05T04:54:05Z,945,9,5,6,0,0,1,1,1,1783225797
2026-07-05T04:54:05Z,946,8,6,11,0,0,1,1,1,1783225728
2026-07-05T04:54:05Z,947,7,5,10,0,0,1,1,1,1783226528
2026-07-05T04:54:05Z,948,17,3,11,3,0,1,1,1,1783226488
2026-07-05T04:54:05Z,949,2,0,13,0,0,1,1,1,1783226714
2026-07-05T04:54:05Z,950,13,5,2,2,0,1,1,1,1783226624
2026-07-05T04:54:05Z,951,4,0,18,1,0,1,1,1,1783227181
2026-07-05T04:54:05Z,952,14,0,38,3,0,1,1,1,1783226856
2026-07-05T04:54:05Z,953,13,0,0,2,0,1,1,1,1783225731
2026-07-05T04:54:05Z,954,18,4,0,1,0,1,1,1,1783227114
2026-07-05T04:54:05Z,955,2,2,19,6,0,1,1,1,1783226188
2026-07-05T04:54:05Z,956,6,0,12,1,0,1,1,1,1783227078
2026-07-05T04:54:05Z,957,2,1,26,1,0,1,1,1,1783227120
2026-07-05T04:54:05Z,958,6,0,24,1,0,1,1,1,1783226999
2026-07-05T04:54:05Z,959,5,2,17,1,0,1,1,1,1783226810
2026-07-05T04:54:05Z,960,22,4,0,1,0,1,1,1,1783226843
2026-07-05T04:54:05Z,961,8,4,15,0,0,1,1,1,1783226755
2026-07-05T04:54:05Z,962,3,1,25,7,0,1,1,1,1783225530
2026-07-05T04:54:05Z,963,5,0,18,0,0,1,1,1,1783225456
2026-07-05T04:54:05Z,964,6,1,16,1,0,1,1,1,1783226110
2026-07-05T04:54:05Z,965,9,2,16,2,0,1,1,1,1783227130
2026-07-05T04:54:05Z,966,1,0,30,0,0,1,1,1,1783227220
2026-07-05T04:54:05Z,967,14,1,3,4,0,1,1,1,1783226997
2026-07-05T04:54:05Z,968,12,0,7,0,0,1,1,1,1783226794
2026-07-05T04:54:05Z,969,11,2,15,1,0,1,1,1,1783225966
2026-07-05T04:54:05Z,970,14,4,2,3,0,1,1,1,1783226253
2026-07-05T04:54:05Z,971,20,0,2,1,0,1,1,1,1783227168
2026-07-05T04:54:05Z,972,5,2,18,0,0,1,1,1,1783226986
2026-07-05T04:54:05Z,973,3,0,18,2,0,1,1,1,1783226578
2026-07-05T04:54:05Z,974,17,0,10,0,0,1,1,1,1783226970
2026-07-05T04:54:05Z,977,5,3,15,1,0,1,1,1,1783225819
2026-07-05T04:54:05Z,978,17,3,6,0,0,1,1,1,1783226955
2026-07-05T04:54:05Z,979,8,0,7,2,0,1,1,1,1783227235
2026-07-05T04:54:05Z,980,7,0,14,0,0,1,1,1,1783226542
2026-07-05T04:54:05Z,981,4,1,16,1,0,1,1,1,1783226353
2026-07-05T04:54:05Z,982,10,3,8,1,0,1,1,1,1783226926
2026-07-05T04:54:05Z,983,1,0,22,0,0,1,1,1,1783227027
2026-07-05T04:54:05Z,984,15,10,7,1,0,1,1,1,1783226905
2026-07-05T04:54:05Z,985,1,0,28,1,1,1,1,1,1783226268
2026-07-05T04:54:05Z,986,6,6,12,1,0,1,1,1,1783225863
2026-07-05T04:54:05Z,987,3,0,20,0,0,1,1,1,1783226073
2026-07-05T04:54:05Z,988,10,3,8,1,0,1,1,1,1783226138
2026-07-05T04:54:05Z,989,14,11,4,1,0,1,1,1,1783226108
2026-07-05T04:54:05Z,990,13,3,1,1,0,1,1,1,1783225730
2026-07-05T04:54:05Z,991,18,10,1,0,0,1,1,1,1783226280
2026-07-05T04:54:05Z,992,6,1,17,0,0,1,1,1,1783227174
2026-07-05T04:54:05Z,993,0,0,27,0,0,1,1,1,1783225903
2026-07-05T04:54:05Z,994,8,1,9,4,0,1,1,1,1783227237
2026-07-05T04:54:05Z,995,10,1,17,0,0,1,1,1,1783227211
2026-07-05T04:54:05Z,996,9,4,14,0,0,1,1,1,1783226029
2026-07-05T04:54:05Z,997,9,5,10,4,0,1,1,1,1783226053
2026-07-05T04:54:05Z,998,8,0,15,0,0,1,1,1,1783225913
2026-07-05T04:54:05Z,999,8,2,11,1,1,1,1,1,1783227079
2026-07-05T04:54:05Z,1000,8,1,13,0,0,1,1,1,1783225755
2026-07-05T04:54:05Z,1001,1,0,26,0,0,1,1,1,1783226112
2026-07-05T04:54:05Z,1002,9,1,22,0,0,1,1,1,1783225540
2026-07-05T04:54:05Z,1003,2,1,21,0,0,1,1,1,1783226406
2026-07-05T04:54:05Z,1004,13,2,10,0,0,1,1,1,1783227211
2026-07-05T04:54:05Z,1005,7,2,15,1,0,1,1,1,1783227213
2026-07-05T04:54:05Z,1006,13,3,6,0,0,1,1,1,1783225986
2026-07-05T04:54:05Z,1007,6,3,15,0,0,1,1,1,1783225768
2026-07-05T04:54:05Z,1008,11,4,11,1,0,1,1,1,1783227216
2026-07-05T04:54:05Z,1009,8,0,22,1,0,1,1,1,1783227141
2026-07-05T04:54:05Z,1010,12,8,15,0,0,1,1,1,1783226200
2026-07-05T04:54:05Z,1011,7,7,12,0,0,1,1,1,1783225921
2026-07-05T04:54:05Z,1012,2,2,18,3,0,1,1,1,1783225880
2026-07-05T04:54:05Z,1013,8,2,13,2,0,1,1,1,1783227040
2026-07-05T04:54:05Z,1014,8,4,15,0,0,1,1,1,1783227114
2026-07-05T04:54:05Z,1015,8,3,23,0,0,1,1,1,1783226911
2026-07-05T04:54:05Z,1016,16,4,15,0,0,1,1,1,1783225608
2026-07-05T04:54:05Z,1017,10,3,10,1,0,1,1,1,1783227139
2026-07-05T04:54:05Z,1018,8,6,12,1,0,1,1,1,1783226150
2026-07-05T04:54:05Z,1019,13,2,2,0,0,1,1,1,1783225723
2026-07-05T04:54:05Z,1020,11,1,10,0,0,1,1,1,1783226591
2026-07-05T04:54:05Z,1021,10,4,5,0,0,1,1,1,1783225769
2026-07-05T04:54:05Z,1022,10,0,17,0,0,1,1,1,1783225654
2026-07-05T04:54:05Z,1023,16,0,7,0,0,1,1,1,1783225921
2026-07-05T04:54:05Z,1024,9,2,10,0,0,1,1,1,1783225633
2026-07-05T04:54:05Z,1025,12,1,6,1,0,1,1,1,1783227083
2026-07-05T04:54:05Z,1026,6,1,22,3,0,1,1,1,1783227242
2026-07-05T04:54:05Z,1028,18,5,5,0,0,1,1,1,1783225709
2026-07-05T04:54:05Z,1029,5,2,6,4,0,1,1,1,1783226512
2026-07-05T04:54:05Z,1030,16,2,6,1,0,1,1,1,1783225724
2026-07-05T04:54:05Z,1031,0,0,19,0,0,1,1,1,1783226831
2026-07-05T04:54:05Z,1032,16,3,3,0,0,1,1,1,1783227235
2026-07-05T04:54:05Z,1033,12,9,6,1,0,1,1,1,1783226848
2026-07-05T04:54:05Z,1034,9,1,5,1,0,1,1,1,1783225584
2026-07-05T04:54:05Z,1035,7,0,12,0,0,1,1,1,1783227065
2026-07-05T04:54:05Z,1036,11,4,4,0,0,1,1,1,1783227239
2026-07-05T04:54:05Z,1037,2,1,16,1,0,1,1,1,1783225885
2026-07-05T04:54:05Z,1038,6,0,9,0,0,1,1,1,1783226454
2026-07-05T04:54:05Z,1039,6,2,13,0,0,1,1,1,1783227186
2026-07-05T04:54:05Z,1040,1,0,18,0,0,1,1,1,1783226200
2026-07-05T04:54:05Z,1041,3,3,16,0,0,1,1,1,1783227110
2026-07-05T04:54:05Z,1042,15,3,0,0,0,1,1,1,1783225492
2026-07-05T04:54:05Z,1043,8,2,10,1,0,1,1,1,1783226177
2026-07-05T04:54:05Z,1044,2,2,11,2,0,1,1,1,1783226859
2026-07-05T04:54:05Z,1045,6,2,12,1,0,1,1,1,1783227199
2026-07-05T04:54:05Z,1046,4,0,7,4,0,1,1,1,1783225761
2026-07-05T04:54:05Z,1047,0,0,21,0,0,1,1,1,1783227198
2026-07-05T04:54:05Z,1048,10,0,9,0,0,1,1,1,1783227107
2026-07-05T04:54:05Z,1049,13,1,7,1,0,1,1,1,1783225752
2026-07-05T04:54:05Z,1050,17,7,4,0,0,1,1,1,1783226445
2026-07-05T04:54:05Z,1051,19,3,2,0,0,1,1,1,1783226996
2026-07-05T04:54:05Z,1052,10,1,10,2,0,1,1,1,1783226055
2026-07-05T04:54:05Z,1053,8,2,7,0,0,1,1,1,1783226106
2026-07-05T04:54:05Z,1054,8,0,6,1,0,1,1,1,1783226119
2026-07-05T04:54:05Z,1055,13,0,6,0,0,1,1,1,1783226277
2026-07-05T04:54:05Z,1057,12,0,6,1,0,1,1,1,1783227068
2026-07-05T04:54:05Z,1058,15,0,40,1,0,1,1,1,1783226041
2026-07-05T04:54:05Z,1059,9,2,10,0,0,1,1,1,1783226141
2026-07-05T04:54:05Z,1060,11,1,26,0,0,1,1,1,1783227008
2026-07-05T04:54:05Z,1061,0,0,37,0,0,1,1,1,1783226356
2026-07-05T04:54:05Z,1062,3,0,13,1,0,1,1,1,1783227067
2026-07-05T04:54:05Z,1063,11,4,7,1,0,1,1,1,1783225528
2026-07-05T04:54:05Z,1064,10,1,12,1,0,1,1,1,1783227209
2026-07-05T04:54:05Z,1065,9,3,13,1,0,1,1,1,1783225604
2026-07-05T04:54:05Z,1066,16,5,7,0,0,1,1,1,1783226140
2026-07-05T04:54:05Z,1067,12,1,10,1,0,1,1,1,1783225814
2026-07-05T04:54:05Z,1068,13,0,10,0,0,1,1,1,1783225787
2026-07-05T04:54:05Z,1069,0,0,23,0,0,1,1,1,1783226108
2026-07-05T04:54:05Z,1070,7,4,15,1,0,1,1,1,1783226740
2026-07-05T04:54:05Z,1071,1,0,22,0,0,1,1,1,1783226887
2026-07-05T04:54:05Z,1072,14,1,8,1,0,1,1,1,1783225764
2026-07-05T04:54:05Z,1073,8,1,17,2,0,1,1,1,1783226846
2026-07-05T04:54:05Z,1074,29,1,20,4,0,1,1,1,1783227168
2026-07-05T04:54:05Z,1075,12,11,9,0,0,1,1,1,1783225444
2026-07-05T04:54:05Z,1076,11,5,10,0,0,1,1,1,1783226139
2026-07-05T04:54:05Z,1077,8,8,13,0,0,1,1,1,1783225579
2026-07-05T04:54:05Z,1078,12,2,9,0,0,1,1,1,1783226754
2026-07-05T04:54:05Z,1079,14,12,7,0,0,1,1,1,1783225604
2026-07-05T04:54:05Z,1080,8,8,13,0,0,1,1,1,1783221802
2026-07-05T04:54:05Z,1081,13,13,6,0,0,1,1,1,1783227138
2026-07-05T04:54:05Z,1082,15,11,8,0,0,1,1,1,1783225504
2026-07-05T04:54:05Z,1083,7,4,13,1,0,1,1,1,1783227169
2026-07-05T04:54:05Z,1084,8,6,13,0,0,1,1,1,1783227200
2026-07-05T04:54:05Z,1085,8,6,13,0,0,1,1,1,1783225600
2026-07-05T04:54:05Z,1086,10,7,11,0,0,1,1,1,1783225505
2026-07-05T04:54:05Z,1087,7,5,8,0,0,1,1,1,1783226592
2026-07-05T04:54:05Z,1088,10,10,5,0,0,1,1,1,1783226351
2026-07-05T04:54:05Z,1089,5,5,10,0,0,1,1,1,1783225450
2026-07-05T04:54:05Z,1090,8,7,7,0,0,1,1,1,1783225584
2026-07-05T04:54:05Z,1091,9,7,6,0,0,1,1,1,1783226024
2026-07-05T04:54:05Z,1092,8,8,7,0,0,1,1,1,1783227116
2026-07-05T04:54:05Z,1093,6,6,9,0,0,1,1,1,1783226745
2026-07-05T04:54:05Z,1094,12,7,7,0,0,1,1,1,1783226861
2026-07-05T04:54:05Z,1095,9,9,6,0,0,1,1,1,1783227240
2026-07-05T04:54:05Z,1096,12,10,7,0,0,1,1,1,1783226592
2026-07-05T04:54:05Z,1097,9,6,6,0,0,1,1,1,1783227242
2026-07-05T04:54:05Z,1098,8,7,10,1,0,1,1,1,1783226844
2026-07-05T04:54:05Z,1099,6,6,9,0,0,1,1,1,1783226669
2026-07-05T04:54:05Z,1100,7,5,20,2,0,1,1,1,1783226407
2026-07-05T04:54:05Z,1101,10,5,11,0,0,1,1,1,1783225988
2026-07-05T04:54:05Z,1102,10,5,3,0,0,1,1,1,1783225845
2026-07-05T04:54:05Z,1103,10,5,11,0,0,1,1,1,1783225431
2026-07-05T04:54:05Z,1104,10,5,11,0,0,1,1,1,1783225977
2026-07-05T04:54:05Z,1105,9,3,3,1,0,1,1,1,1783227150
2026-07-05T04:54:05Z,1106,10,5,11,0,0,1,1,1,1783226437
2026-07-05T04:54:05Z,1107,11,5,4,0,0,1,1,1,1783225709
2026-07-05T04:54:05Z,1108,8,6,17,2,0,1,1,1,1783225956
2026-07-05T04:54:05Z,1109,9,4,6,0,0,1,1,1,1783226031
2026-07-05T04:54:05Z,1110,8,2,13,0,0,1,1,1,1783225848
2026-07-05T04:54:05Z,1111,10,0,10,1,0,1,1,1,1783226490
2026-07-05T04:54:05Z,1112,44,0,8,1,0,1,1,1,1783226954
2026-07-05T04:54:05Z,1113,2,0,19,0,0,1,1,1,1783226176
2026-07-05T04:54:05Z,1115,13,1,10,0,0,1,1,1,1783227212
2026-07-05T04:54:05Z,1116,9,0,10,0,0,1,1,1,1783226896
2026-07-05T04:54:05Z,1117,2,1,20,1,0,1,1,1,1783226785
2026-07-05T04:54:05Z,1118,15,0,6,0,0,1,1,1,1783226429
2026-07-05T04:54:05Z,1119,6,1,11,0,0,1,1,1,1783226924
2026-07-05T04:54:05Z,1120,1,0,15,3,0,1,1,1,1783227109
2026-07-05T04:54:05Z,1121,9,0,11,1,0,1,1,1,1783224714
2026-07-05T04:54:05Z,1122,11,4,9,0,1,1,1,1,1783226561
2026-07-05T04:54:05Z,1123,2,1,20,1,0,1,1,1,1783227103
2026-07-05T04:54:05Z,1124,14,2,0,1,0,1,1,1,1783225472
2026-07-05T04:54:05Z,1125,17,3,6,0,0,1,1,1,1783226906
2026-07-05T04:54:05Z,1126,9,1,10,2,0,1,1,1,1783225492
2026-07-05T04:54:05Z,1127,6,1,12,1,0,1,1,1,1783227083
2026-07-05T04:54:05Z,1128,14,2,1,0,0,1,1,1,1783227223
2026-07-05T04:54:05Z,1129,12,1,8,1,0,1,1,1,1783227059
2026-07-05T04:54:05Z,1130,3,0,10,2,0,1,1,1,1783226689
2026-07-05T04:54:05Z,1131,1,0,48,0,0,1,1,1,1783226814
2026-07-05T04:54:05Z,1132,15,2,5,1,0,1,1,1,1783226190
2026-07-05T04:54:05Z,1133,8,2,12,1,0,1,1,1,1783227230
2026-07-05T04:54:05Z,1134,10,6,9,0,0,1,1,1,1783226046
2026-07-05T04:54:05Z,1135,8,4,13,0,0,1,1,1,1783226258
2026-07-05T04:54:05Z,1136,15,0,6,2,0,1,1,1,1783227003
2026-07-05T04:54:05Z,1137,9,2,6,0,0,1,1,1,1783226948
2026-07-05T04:54:05Z,1138,14,0,5,0,0,1,1,1,1783226553
2026-07-05T04:54:05Z,1139,1,0,20,0,0,1,1,1,1783223577
2026-07-05T04:54:05Z,1140,12,4,8,3,0,1,1,1,1783226843
2026-07-05T04:54:05Z,1141,6,2,14,1,0,1,1,1,1783226630
2026-07-05T04:54:05Z,1142,3,0,18,0,0,1,1,1,1783226281
2026-07-05T04:54:05Z,1143,28,2,1,0,0,1,1,1,1783225732
2026-07-05T04:54:05Z,1144,13,1,7,1,0,1,1,1,1783226991
2026-07-05T04:54:05Z,1145,8,3,10,2,1,1,1,1,1783226770
2026-07-05T04:54:05Z,1146,18,0,0,1,0,1,1,1,1783227149
2026-07-05T04:54:05Z,1147,9,2,10,0,0,1,1,1,1783226961
2026-07-05T04:54:05Z,1148,22,2,9,0,0,1,1,1,1783226940
2026-07-05T04:54:05Z,1149,14,4,11,0,0,1,1,1,1783226827
2026-07-05T04:54:05Z,1150,16,0,3,0,0,1,1,1,1783225668
2026-07-05T04:54:05Z,1151,11,0,9,1,0,1,1,1,1783225938
2026-07-05T04:54:05Z,1152,6,2,20,3,0,1,1,1,1783226809
2026-07-05T04:54:05Z,1153,12,2,10,1,0,1,1,1,1783226534
2026-07-05T04:54:05Z,1154,10,1,6,3,0,1,1,1,1783225680
2026-07-05T04:54:05Z,1155,4,2,15,2,0,1,1,1,1783226519
2026-07-05T04:54:05Z,1158,7,0,12,0,0,1,1,1,1783227040
2026-07-05T04:54:05Z,1159,6,2,13,0,0,1,1,1,1783226131
2026-07-05T04:54:05Z,1160,10,3,8,1,0,1,1,1,1783226149
2026-07-05T04:54:05Z,1161,5,2,14,0,0,1,1,1,1783225636
2026-07-05T04:54:05Z,1162,12,6,7,0,0,1,1,1,1783226907
2026-07-05T04:54:05Z,1163,2,0,16,1,0,1,1,1,1783226821
2026-07-05T04:54:05Z,1164,9,2,9,1,0,1,1,1,1783227222
2026-07-05T04:54:05Z,1165,2,1,18,1,0,1,1,1,1783226705
2026-07-05T04:54:05Z,1166,6,0,15,0,0,1,1,1,1783227004
2026-07-05T04:54:05Z,1167,12,2,3,0,0,1,1,1,1783225673
2026-07-05T04:54:05Z,1168,5,1,18,0,0,1,1,1,1783227187
2026-07-05T04:54:05Z,1169,0,0,18,1,0,1,1,1,1783226549
2026-07-05T04:54:05Z,1170,0,0,21,0,0,1,1,1,1783225928
2026-07-05T04:54:05Z,1171,10,9,12,1,0,1,1,1,1783226613
2026-07-05T04:54:05Z,1172,10,3,5,0,0,1,1,1,1783225690
2026-07-05T04:54:05Z,1173,0,0,19,0,0,1,1,1,1783225997
2026-07-05T04:54:05Z,1174,1,0,14,0,0,1,1,1,1783225515
2026-07-05T04:54:05Z,1175,1,0,17,1,0,1,1,1,1783226946
2026-07-05T04:54:05Z,1176,18,4,3,0,0,1,1,1,1783217041
2026-07-05T04:54:05Z,1177,11,4,10,0,0,1,1,1,1783227014
2026-07-05T04:54:05Z,1178,7,3,7,1,0,1,1,1,1783226198
2026-07-05T04:54:05Z,1181,4,0,11,0,0,1,1,1,1783225286
2026-07-05T04:54:05Z,1182,2,0,17,1,0,1,1,1,1783227213
2026-07-05T04:54:05Z,1183,0,0,36,1,0,1,1,1,1783226073
2026-07-05T04:54:05Z,1184,0,0,18,3,0,1,1,1,1783226792
2026-07-05T04:54:05Z,1185,10,5,11,0,0,1,1,1,1783226013
2026-07-05T04:54:05Z,1186,10,5,9,0,0,1,1,1,1783225516
2026-07-05T04:54:05Z,1190,7,4,14,0,0,1,1,1,1783226368
2026-07-05T04:54:05Z,1192,9,5,12,0,0,1,1,1,1783226383
2026-07-05T04:54:05Z,1193,5,1,7,1,0,1,1,1,1783226103
2026-07-05T04:54:05Z,1197,8,2,7,2,0,1,1,1,1783227239
2026-07-05T04:54:05Z,1198,13,8,7,1,0,1,1,1,1783226199
2026-07-05T04:54:05Z,1199,6,5,13,0,0,1,1,1,1783227039
2026-07-05T04:54:05Z,1200,9,3,5,1,0,1,1,1,1783226883
2026-07-05T04:54:05Z,1201,4,0,11,0,0,1,1,1,1783226459
2026-07-05T04:54:05Z,1202,13,6,2,0,0,1,1,1,1783226147
2026-07-05T04:54:05Z,1203,11,6,4,0,0,1,1,1,1783226474
2026-07-05T04:54:05Z,1218,11,5,10,0,0,1,1,1,1783226092
2026-07-05T04:54:05Z,1224,0,0,3,0,0,0,1,1,1781869449
2026-07-05T04:54:05Z,1225,0,0,3,0,0,0,1,1,1781868919
2026-07-05T04:54:05Z,1226,0,0,3,0,0,0,1,1,1781868931
2026-07-05T04:59:05Z,1,2,0,21,0,0,1,1,1,1783227165
2026-07-05T04:59:05Z,2,23,4,4,0,0,1,1,1,1783226312
2026-07-05T04:59:05Z,3,2,0,16,1,0,1,1,1,1783227466
2026-07-05T04:59:05Z,4,12,0,11,0,0,1,1,1,1783227305
2026-07-05T04:59:05Z,5,13,9,9,1,0,1,1,1,1783227446
2026-07-05T04:59:05Z,6,12,1,3,0,0,1,1,1,1783226984
2026-07-05T04:59:05Z,7,0,0,23,0,0,1,1,1,1783227396
2026-07-05T04:59:05Z,8,9,0,34,0,0,1,1,1,1783227226
2026-07-05T04:59:05Z,9,14,1,6,3,0,1,1,1,1783227530
2026-07-05T04:59:05Z,10,9,2,14,0,0,1,1,1,1783221209
2026-07-05T04:59:05Z,11,6,0,13,0,0,1,1,1,1783226010
2026-07-05T04:59:05Z,12,0,0,23,0,0,1,1,1,1783224318
2026-07-05T04:59:05Z,13,10,0,19,1,0,1,1,1,1783226932
2026-07-05T04:59:05Z,14,18,0,25,0,0,1,1,1,1783227187
2026-07-05T04:59:05Z,15,0,0,14,1,0,1,1,1,1783224803
2026-07-05T04:59:05Z,16,14,0,12,1,0,1,1,1,1783219189
2026-07-05T04:59:05Z,17,12,0,14,1,0,1,1,1,1783227520
2026-07-05T04:59:05Z,18,9,0,9,1,0,1,1,1,1783227249
2026-07-05T04:59:05Z,19,1,0,25,1,0,1,1,1,1783226574
2026-07-05T04:59:05Z,20,9,0,18,0,0,1,1,1,1783226186
2026-07-05T04:59:05Z,21,18,0,1,0,0,1,1,1,1783227474
2026-07-05T04:59:05Z,22,52,0,14,1,0,1,1,1,1783226727
2026-07-05T04:59:05Z,23,28,3,3,0,0,1,1,1,1783225785
2026-07-05T04:59:05Z,24,1,1,9,1,0,1,1,1,1783227529
2026-07-05T04:59:05Z,25,4,0,74,2,1,1,1,1,1783227377
2026-07-05T04:59:05Z,26,10,0,17,0,0,1,1,1,1783226925
2026-07-05T04:59:05Z,28,11,0,3,1,0,1,1,1,1783227393
2026-07-05T04:59:05Z,30,14,0,13,0,0,1,1,1,1783226919
2026-07-05T04:59:05Z,31,0,0,19,0,0,1,1,1,1783223897
2026-07-05T04:59:05Z,32,11,0,16,0,0,1,1,1,1783227367
2026-07-05T04:59:05Z,34,14,0,23,0,0,1,1,1,1783226530
2026-07-05T04:59:05Z,35,24,0,22,1,0,1,1,1,1783227234
2026-07-05T04:59:05Z,36,0,0,0,0,0,0,1,1,86400
2026-07-05T04:59:05Z,37,0,0,23,0,0,1,1,1,1783226742
2026-07-05T04:59:05Z,38,13,0,10,0,0,1,1,1,1783225963
2026-07-05T04:59:05Z,39,30,0,1,0,0,1,1,1,1783225693
2026-07-05T04:59:05Z,40,7,2,14,0,0,1,1,1,1783227237
2026-07-05T04:59:05Z,41,1,0,25,1,0,1,1,1,1783225607
2026-07-05T04:59:05Z,42,12,2,19,0,0,1,1,1,1783226950
2026-07-05T04:59:05Z,43,0,0,0,21,2,1,1,1,1783227317
2026-07-05T04:59:05Z,45,2,1,29,0,0,1,1,1,1783227107
2026-07-05T04:59:05Z,46,19,0,10,2,0,1,1,1,1783227272
2026-07-05T04:59:05Z,47,3,0,11,1,0,1,1,1,1783227148
2026-07-05T04:59:05Z,48,13,1,14,0,0,1,1,1,1783227421
2026-07-05T04:59:05Z,49,5,1,14,4,0,1,1,1,1783227530
2026-07-05T04:59:05Z,50,9,4,9,1,0,1,1,1,1783225596
2026-07-05T04:59:05Z,51,29,0,47,2,0,1,1,1,1783226403
2026-07-05T04:59:05Z,52,0,0,25,2,0,1,1,1,1783226593
2026-07-05T04:59:05Z,55,5,0,17,1,0,1,1,1,1783227313
2026-07-05T04:59:05Z,56,0,0,26,1,0,1,1,1,1783224577
2026-07-05T04:59:05Z,57,0,0,26,1,0,1,1,1,1783225556
2026-07-05T04:59:05Z,58,7,1,21,0,0,1,1,1,1783226460
2026-07-05T04:59:05Z,59,1,1,24,2,0,1,1,1,1783226668
2026-07-05T04:59:05Z,61,2,1,36,1,0,1,1,1,1783226847
2026-07-05T04:59:05Z,62,11,1,37,1,0,1,1,1,1783227397
2026-07-05T04:59:05Z,63,14,4,5,0,0,1,1,1,1783225776
2026-07-05T04:59:05Z,64,6,3,10,3,0,1,1,1,1783226137
2026-07-05T04:59:05Z,65,12,4,6,1,0,1,1,1,1783224708
2026-07-05T04:59:05Z,67,9,1,30,0,0,1,1,1,1783226271
2026-07-05T04:59:05Z,68,0,0,36,1,0,1,1,1,1783224892
2026-07-05T04:59:05Z,69,14,2,1,0,0,1,1,1,1783223356
2026-07-05T04:59:05Z,71,0,0,26,1,0,1,1,1,1783227175
2026-07-05T04:59:05Z,72,29,5,1,1,0,1,1,1,1783227199
2026-07-05T04:59:05Z,73,2,0,21,0,0,1,1,1,1783227241
2026-07-05T04:59:05Z,74,8,0,11,0,0,1,1,1,1783226052
2026-07-05T04:59:05Z,75,3,0,32,0,0,1,1,1,1783225931
2026-07-05T04:59:05Z,76,17,1,1,1,0,1,1,1,1783224697
2026-07-05T04:59:05Z,77,5,1,21,1,0,1,1,1,1783226907
2026-07-05T04:59:05Z,78,7,6,16,0,0,1,1,1,1783227369
2026-07-05T04:59:05Z,79,4,4,13,0,0,1,1,1,1783227008
2026-07-05T04:59:05Z,80,18,1,3,0,2,1,1,1,1783227478
2026-07-05T04:59:05Z,81,0,0,31,0,0,1,1,1,1783227006
2026-07-05T04:59:05Z,82,1,0,22,0,0,1,1,1,1783227509
2026-07-05T04:59:05Z,83,6,3,26,2,0,1,1,1,1783227531
2026-07-05T04:59:05Z,84,25,1,1,1,0,1,1,1,1783227517
2026-07-05T04:59:05Z,85,5,1,9,0,0,1,1,1,1783226271
2026-07-05T04:59:05Z,86,24,0,1,2,0,1,1,1,1783226371
2026-07-05T04:59:05Z,87,4,0,15,0,0,1,1,1,1783222587
2026-07-05T04:59:05Z,88,0,0,31,0,0,1,1,1,1783226294
2026-07-05T04:59:05Z,89,18,1,17,0,0,1,1,1,1783227274
2026-07-05T04:59:05Z,90,3,0,16,0,0,1,1,1,1783226785
2026-07-05T04:59:05Z,91,16,0,1,0,0,1,1,1,1783226100
2026-07-05T04:59:05Z,92,9,0,8,2,0,1,1,1,1783227266
2026-07-05T04:59:05Z,93,3,0,20,0,0,1,1,1,1783227175
2026-07-05T04:59:05Z,94,18,1,1,0,0,1,1,1,1783225146
2026-07-05T04:59:05Z,95,23,5,11,1,0,1,1,1,1783227447
2026-07-05T04:59:05Z,96,30,4,0,1,0,1,1,1,1783227484
2026-07-05T04:59:05Z,97,5,1,10,1,0,1,1,1,1783227235
2026-07-05T04:59:05Z,98,3,3,31,1,0,1,1,1,1783227486
2026-07-05T04:59:05Z,99,14,0,0,0,0,1,1,1,1783223772
2026-07-05T04:59:05Z,100,19,0,7,1,0,1,1,1,1783225532
2026-07-05T04:59:05Z,101,14,0,0,1,0,1,1,1,1783227028
2026-07-05T04:59:05Z,102,15,1,8,0,0,1,1,1,1783226362
2026-07-05T04:59:05Z,103,18,1,11,3,0,1,1,1,1783226726
2026-07-05T04:59:05Z,104,1,0,24,2,0,1,1,1,1783227442
2026-07-05T04:59:05Z,105,12,0,5,2,0,1,1,1,1783221518
2026-07-05T04:59:05Z,106,0,0,21,0,0,1,1,1,1783222328
2026-07-05T04:59:05Z,107,30,0,5,2,0,1,1,1,1783227531
2026-07-05T04:59:05Z,108,12,2,21,1,1,1,1,1,1783226738
2026-07-05T04:59:05Z,109,17,0,6,0,0,1,1,1,1783227008
2026-07-05T04:59:05Z,110,11,2,12,0,0,1,1,1,1783227374
2026-07-05T04:59:05Z,111,0,0,35,1,0,1,1,1,1783227390
2026-07-05T04:59:05Z,112,5,0,12,2,0,1,1,1,1783226951
2026-07-05T04:59:05Z,113,9,0,8,2,0,1,1,1,1783227348
2026-07-05T04:59:05Z,114,15,7,13,3,0,1,1,1,1783227351
2026-07-05T04:59:05Z,115,9,2,16,1,0,1,1,1,1783226979
2026-07-05T04:59:05Z,116,8,2,19,0,0,1,1,1,1783226719
2026-07-05T04:59:05Z,118,11,3,8,4,0,1,1,1,1783227353
2026-07-05T04:59:05Z,119,35,9,1,2,0,1,1,1,1783227517
2026-07-05T04:59:05Z,120,23,2,2,2,0,1,1,1,1783227183
2026-07-05T04:59:05Z,121,4,0,15,0,0,1,1,1,1783225117
2026-07-05T04:59:05Z,122,0,0,21,0,0,1,1,1,1783226461
2026-07-05T04:59:05Z,123,35,0,12,0,0,1,1,1,1783227154
2026-07-05T04:59:05Z,124,13,3,14,0,0,1,1,1,1783227022
2026-07-05T04:59:05Z,125,6,3,17,0,0,1,1,1,1783225964
2026-07-05T04:59:05Z,126,26,3,5,0,0,1,1,1,1783227073
2026-07-05T04:59:05Z,127,0,0,30,0,1,0,1,1,1783001724
2026-07-05T04:59:05Z,128,12,4,7,0,0,1,1,1,1783226564
2026-07-05T04:59:05Z,129,16,1,1,2,0,1,1,1,1783227204
2026-07-05T04:59:05Z,130,15,0,2,0,0,1,1,1,1783225257
2026-07-05T04:59:05Z,131,5,2,5,1,0,1,1,1,1783227135
2026-07-05T04:59:05Z,132,2,0,12,0,1,1,1,1,1783225338
2026-07-05T04:59:05Z,133,10,2,13,0,0,1,1,1,1783227138
2026-07-05T04:59:05Z,134,2,2,20,1,0,1,1,1,1783226665
2026-07-05T04:59:05Z,135,14,2,3,2,0,1,1,1,1783227409
2026-07-05T04:59:05Z,136,21,0,1,0,0,1,1,1,1783226286
2026-07-05T04:59:05Z,137,1,1,18,0,0,1,1,1,1783227233
2026-07-05T04:59:05Z,138,15,0,22,0,0,1,1,1,1783227187
2026-07-05T04:59:05Z,139,17,4,0,2,0,1,1,1,1783226787
2026-07-05T04:59:05Z,140,18,4,5,0,0,1,1,1,1783227333
2026-07-05T04:59:05Z,141,5,0,18,2,0,1,1,1,1783227517
2026-07-05T04:59:05Z,142,0,0,19,0,0,0,1,1,1782498468
2026-07-05T04:59:05Z,143,19,0,11,1,0,1,1,1,1783227432
2026-07-05T04:59:05Z,144,22,2,5,0,0,1,1,1,1783227252
2026-07-05T04:59:05Z,145,23,0,7,1,0,1,1,1,1783227483
2026-07-05T04:59:05Z,146,17,0,5,1,0,1,1,1,1783227531
2026-07-05T04:59:05Z,147,1,0,16,2,0,1,1,1,1783227049
2026-07-05T04:59:05Z,148,13,3,13,1,0,1,1,1,1783227370
2026-07-05T04:59:05Z,149,18,3,1,0,0,1,1,1,1783227532
2026-07-05T04:59:05Z,150,18,4,15,2,0,1,1,1,1783227519
2026-07-05T04:59:05Z,151,20,3,3,0,0,1,1,1,1783227463
2026-07-05T04:59:05Z,152,18,0,8,0,0,1,1,1,1783227321
2026-07-05T04:59:05Z,153,19,2,0,4,0,1,1,1,1783227466
2026-07-05T04:59:05Z,154,13,5,8,2,0,1,1,1,1783227407
2026-07-05T04:59:05Z,155,3,3,9,2,0,1,1,1,1783226631
2026-07-05T04:59:05Z,156,14,5,3,2,0,1,1,1,1783227321
2026-07-05T04:59:05Z,157,3,1,18,0,0,1,1,1,1783227072
2026-07-05T04:59:05Z,158,1,1,17,1,0,1,1,1,1783226905
2026-07-05T04:59:05Z,159,17,8,1,1,0,1,1,1,1783226363
2026-07-05T04:59:05Z,160,9,1,8,2,0,1,1,1,1783227508
2026-07-05T04:59:05Z,161,7,0,16,0,0,1,1,1,1783227427
2026-07-05T04:59:05Z,162,16,6,11,0,0,1,1,1,1783227465
2026-07-05T04:59:05Z,163,20,2,11,0,0,1,1,1,1783227508
2026-07-05T04:59:05Z,164,13,2,14,0,0,1,1,1,1783226985
2026-07-05T04:59:05Z,165,2,0,25,3,0,1,1,1,1783227531
2026-07-05T04:59:05Z,166,1,0,35,2,0,1,1,1,1783227487
2026-07-05T04:59:05Z,167,19,12,3,1,0,1,1,1,1783227386
2026-07-05T04:59:05Z,168,7,0,18,1,1,1,1,1,1783227514
2026-07-05T04:59:05Z,169,0,0,22,1,0,1,1,1,1783227157
2026-07-05T04:59:05Z,170,4,0,13,2,0,1,1,1,1783226595
2026-07-05T04:59:05Z,171,9,4,3,1,0,1,1,1,1783227253
2026-07-05T04:59:05Z,173,1,0,34,2,0,1,1,1,1783227228
2026-07-05T04:59:05Z,174,19,0,6,0,0,1,1,1,1783226854
2026-07-05T04:59:05Z,175,13,1,18,0,0,1,1,1,1783227526
2026-07-05T04:59:05Z,176,1,1,12,1,1,1,1,1,1783226796
2026-07-05T04:59:05Z,177,16,1,10,1,0,1,1,1,1783226946
2026-07-05T04:59:05Z,178,9,0,4,2,0,1,1,1,1783227227
2026-07-05T04:59:05Z,179,9,0,3,3,0,1,1,1,1783227437
2026-07-05T04:59:05Z,180,22,0,7,1,0,1,1,1,1783226284
2026-07-05T04:59:05Z,181,8,6,1,4,1,1,1,1,1783227289
2026-07-05T04:59:05Z,182,10,1,9,0,0,1,1,1,1783226987
2026-07-05T04:59:05Z,183,5,1,18,0,0,1,1,1,1783227524
2026-07-05T04:59:05Z,184,18,1,4,1,0,1,1,1,1783227270
2026-07-05T04:59:05Z,185,3,2,9,2,1,1,1,1,1783227010
2026-07-05T04:59:05Z,186,5,2,14,0,0,1,1,1,1783226489
2026-07-05T04:59:05Z,187,24,0,4,1,0,1,1,1,1783227524
2026-07-05T04:59:05Z,188,16,1,5,2,4,1,1,1,1783227530
2026-07-05T04:59:05Z,189,8,3,7,0,0,1,1,1,1783226513
2026-07-05T04:59:05Z,190,0,0,23,0,0,1,1,1,1783226503
2026-07-05T04:59:05Z,191,4,1,33,3,0,1,1,1,1783227485
2026-07-05T04:59:05Z,192,11,3,20,0,0,1,1,1,1783226866
2026-07-05T04:59:05Z,193,4,3,10,1,0,1,1,1,1783227522
2026-07-05T04:59:05Z,194,4,0,11,0,0,1,1,1,1783227000
2026-07-05T04:59:05Z,195,4,1,15,0,0,1,1,1,1783226916
2026-07-05T04:59:05Z,196,14,3,13,0,0,1,1,1,1783227151
2026-07-05T04:59:05Z,197,15,3,3,0,1,1,1,1,1783227466
2026-07-05T04:59:05Z,198,4,1,19,0,0,1,1,1,1783226854
2026-07-05T04:59:05Z,199,5,0,8,2,0,1,1,1,1783227513
2026-07-05T04:59:05Z,200,1,0,25,0,0,1,1,1,1783226299
2026-07-05T04:59:05Z,201,19,0,4,0,0,1,1,1,1783227005
2026-07-05T04:59:05Z,202,0,0,21,0,0,0,1,1,1783093344
2026-07-05T04:59:05Z,203,15,0,16,0,0,1,1,1,1783227486
2026-07-05T04:59:05Z,204,25,1,9,1,0,1,1,1,1783227054
2026-07-05T04:59:05Z,205,19,1,8,0,0,1,1,1,1783227465
2026-07-05T04:59:05Z,206,5,1,9,1,0,1,1,1,1783227227
2026-07-05T04:59:05Z,207,6,0,14,1,0,1,1,1,1783227410
2026-07-05T04:59:05Z,208,2,1,27,0,0,1,1,1,1783227175
2026-07-05T04:59:05Z,209,27,0,3,1,0,1,1,1,1783227415
2026-07-05T04:59:05Z,210,5,3,22,0,0,1,1,1,1783227319
2026-07-05T04:59:05Z,211,7,3,16,0,0,1,1,1,1783226185
2026-07-05T04:59:05Z,212,13,0,22,0,0,1,1,1,1783226997
2026-07-05T04:59:05Z,213,20,2,2,1,0,1,1,1,1783227225
2026-07-05T04:59:05Z,214,6,2,36,5,0,1,1,1,1783226935
2026-07-05T04:59:05Z,215,3,0,20,0,0,1,1,1,1783227195
2026-07-05T04:59:05Z,216,14,0,3,2,0,1,1,1,1783227529
2026-07-05T04:59:05Z,217,16,0,12,1,0,1,1,1,1783226552
2026-07-05T04:59:05Z,218,10,10,25,4,0,1,1,1,1783227500
2026-07-05T04:59:05Z,219,0,0,26,0,0,0,1,1,1783102715
2026-07-05T04:59:05Z,220,18,18,25,0,0,1,1,1,1783226689
2026-07-05T04:59:05Z,221,13,9,0,1,0,1,1,1,1783227367
2026-07-05T04:59:05Z,222,10,2,9,0,0,1,1,1,1783227259
2026-07-05T04:59:05Z,223,10,5,21,4,0,1,1,1,1783227364
2026-07-05T04:59:05Z,224,16,2,6,0,0,1,1,1,1783226969
2026-07-05T04:59:05Z,225,7,1,8,4,0,1,1,1,1783218949
2026-07-05T04:59:05Z,226,1,1,28,2,0,1,1,1,1783227440
2026-07-05T04:59:05Z,227,7,5,19,1,0,1,1,1,1783227521
2026-07-05T04:59:05Z,228,13,3,4,2,0,1,1,1,1783227355
2026-07-05T04:59:05Z,230,8,1,15,0,0,1,1,1,1783227400
2026-07-05T04:59:05Z,232,5,0,12,2,0,1,1,1,1783227005
2026-07-05T04:59:05Z,233,29,6,1,1,0,1,1,1,1783226901
2026-07-05T04:59:05Z,234,14,1,0,4,1,1,1,1,1783227449
2026-07-05T04:59:05Z,236,17,6,0,2,0,1,1,1,1783226460
2026-07-05T04:59:05Z,237,12,3,11,0,0,1,1,1,1783226825
2026-07-05T04:59:05Z,239,0,0,27,0,0,1,1,1,1783225093
2026-07-05T04:59:05Z,241,6,4,16,1,0,1,1,1,1783226784
2026-07-05T04:59:05Z,242,3,1,20,0,0,1,1,1,1783226730
2026-07-05T04:59:05Z,243,15,2,15,1,0,1,1,1,1783227183
2026-07-05T04:59:05Z,244,18,6,9,0,0,1,1,1,1783226792
2026-07-05T04:59:05Z,245,8,1,15,0,0,1,1,1,1783226594
2026-07-05T04:59:05Z,246,1,0,22,0,0,1,1,1,1783227533
2026-07-05T04:59:05Z,247,5,3,18,0,0,1,1,1,1783226381
2026-07-05T04:59:05Z,248,0,0,19,4,0,1,1,1,1783226886
2026-07-05T04:59:05Z,249,1,0,17,1,0,1,1,1,1783227513
2026-07-05T04:59:05Z,250,4,2,23,0,0,1,1,1,1783225962
2026-07-05T04:59:05Z,251,7,2,17,3,0,1,1,1,1783227531
2026-07-05T04:59:05Z,253,3,1,16,0,0,1,1,1,1783227319
2026-07-05T04:59:05Z,254,23,1,17,3,0,1,1,1,1783227534
2026-07-05T04:59:05Z,255,13,0,10,0,0,1,1,1,1783226309
2026-07-05T04:59:05Z,256,11,3,12,0,0,1,1,1,1783226319
2026-07-05T04:59:05Z,257,16,4,2,1,0,1,1,1,1783227515
2026-07-05T04:59:05Z,258,4,1,13,2,0,1,1,1,1783227019
2026-07-05T04:59:05Z,259,15,2,7,1,0,1,1,1,1783226756
2026-07-05T04:59:05Z,260,8,2,11,0,0,1,1,1,1783226199
2026-07-05T04:59:05Z,261,17,2,0,2,0,1,1,1,1783222498
2026-07-05T04:59:05Z,262,9,4,13,1,0,1,1,1,1783227436
2026-07-05T04:59:05Z,263,5,2,10,0,0,1,1,1,1783227340
2026-07-05T04:59:05Z,264,11,7,7,1,0,1,1,1,1783227096
2026-07-05T04:59:05Z,265,14,0,1,0,0,1,1,1,1783227174
2026-07-05T04:59:05Z,266,10,1,8,1,0,1,1,1,1783227001
2026-07-05T04:59:05Z,267,4,0,11,0,0,1,1,1,1783205904
2026-07-05T04:59:05Z,268,1,0,19,3,0,1,1,1,1783227075
2026-07-05T04:59:05Z,269,3,0,20,0,0,1,1,1,1783222107
2026-07-05T04:59:05Z,270,3,0,24,0,0,1,1,1,1783226014
2026-07-05T04:59:05Z,271,0,0,16,3,0,1,1,1,1783227333
2026-07-05T04:59:05Z,272,22,4,1,0,0,1,1,1,1783226891
2026-07-05T04:59:05Z,273,13,9,2,0,0,1,1,1,1783227065
2026-07-05T04:59:05Z,274,5,3,13,1,0,1,1,1,1783226271
2026-07-05T04:59:05Z,275,19,1,3,1,0,1,1,1,1783226189
2026-07-05T04:59:05Z,276,5,3,21,0,1,1,1,1,1783225598
2026-07-05T04:59:05Z,277,1,0,20,2,0,1,1,1,1783225658
2026-07-05T04:59:05Z,278,2,1,27,1,1,1,1,1,1783227001
2026-07-05T04:59:05Z,279,0,0,19,0,0,1,1,1,1783225018
2026-07-05T04:59:05Z,280,13,1,14,4,0,1,1,1,1783227517
2026-07-05T04:59:05Z,281,10,0,13,0,0,1,1,1,1783227186
2026-07-05T04:59:05Z,282,11,0,5,0,0,1,1,1,1783223608
2026-07-05T04:59:05Z,283,22,2,11,2,0,1,1,1,1783226665
2026-07-05T04:59:05Z,284,4,4,30,1,0,1,1,1,1783227259
2026-07-05T04:59:05Z,285,6,0,17,0,0,1,1,1,1783226899
2026-07-05T04:59:05Z,286,5,3,17,1,0,1,1,1,1783227408
2026-07-05T04:59:05Z,287,13,9,7,3,0,1,1,1,1783226933
2026-07-05T04:59:05Z,288,7,3,10,2,0,1,1,1,1783227121
2026-07-05T04:59:05Z,289,18,1,8,1,0,1,1,1,1783227338
2026-07-05T04:59:05Z,290,8,0,29,2,0,1,1,1,1783227110
2026-07-05T04:59:05Z,291,7,0,16,0,0,1,1,1,1783227158
2026-07-05T04:59:05Z,292,2,0,21,0,0,1,1,1,1783224123
2026-07-05T04:59:05Z,293,3,1,19,1,0,1,1,1,1783226263
2026-07-05T04:59:05Z,294,1,1,20,1,0,1,1,1,1783226917
2026-07-05T04:59:05Z,297,6,0,12,1,0,1,1,1,1783226798
2026-07-05T04:59:05Z,301,10,0,8,1,0,1,1,1,1783226958
2026-07-05T04:59:05Z,302,0,0,22,1,0,1,1,1,1783227266
2026-07-05T04:59:05Z,303,9,1,9,1,0,1,1,1,1783227386
2026-07-05T04:59:05Z,304,0,0,0,0,0,0,1,1,86400
2026-07-05T04:59:05Z,305,3,1,16,0,0,1,1,1,1783227442
2026-07-05T04:59:05Z,306,3,2,27,2,0,1,1,1,1783225548
2026-07-05T04:59:05Z,307,1,1,20,2,0,1,1,1,1783226290
2026-07-05T04:59:05Z,308,16,1,1,2,0,1,1,1,1783225870
2026-07-05T04:59:05Z,309,3,3,0,6,0,1,1,1,1783227523
2026-07-05T04:59:05Z,311,12,0,3,0,0,1,1,1,1783226916
2026-07-05T04:59:05Z,312,8,2,10,4,1,1,1,1,1783226829
2026-07-05T04:59:05Z,313,15,0,0,0,0,1,1,1,1783222784
2026-07-05T04:59:05Z,314,6,2,11,2,0,1,1,1,1783227490
2026-07-05T04:59:05Z,315,0,0,31,0,0,0,1,1,1783017696
2026-07-05T04:59:05Z,316,9,1,4,2,0,1,1,1,1783226802
2026-07-05T04:59:05Z,317,3,3,24,4,0,1,1,1,1783227473
2026-07-05T04:59:05Z,318,12,1,5,0,0,1,1,1,1783223689
2026-07-05T04:59:05Z,319,19,4,7,1,0,1,1,1,1783227036
2026-07-05T04:59:05Z,320,10,0,8,1,0,1,1,1,1783226589
2026-07-05T04:59:05Z,321,17,2,0,2,0,1,1,1,1783220081
2026-07-05T04:59:05Z,322,8,2,21,0,0,1,1,1,1783226682
2026-07-05T04:59:05Z,323,9,0,10,0,0,1,1,1,1783225365
2026-07-05T04:59:05Z,324,19,5,7,1,0,1,1,1,1783227079
2026-07-05T04:59:05Z,325,6,1,19,2,0,1,1,1,1783226764
2026-07-05T04:59:05Z,327,12,2,13,0,2,1,1,1,1783227277
2026-07-05T04:59:05Z,328,9,1,13,0,1,1,1,1,1783227502
2026-07-05T04:59:05Z,329,11,0,8,0,0,1,1,1,1783223995
2026-07-05T04:59:05Z,330,3,1,19,0,0,1,1,1,1783225787
2026-07-05T04:59:05Z,331,19,0,4,0,0,1,1,1,1783226564
2026-07-05T04:59:05Z,332,4,1,15,0,0,1,1,1,1783223850
2026-07-05T04:59:05Z,333,6,2,16,1,0,1,1,1,1783227179
2026-07-05T04:59:05Z,334,6,3,17,0,0,1,1,1,1783226169
2026-07-05T04:59:05Z,335,0,0,21,1,1,1,1,1,1783226387
2026-07-05T04:59:05Z,336,4,2,15,0,0,1,1,1,1783227079
2026-07-05T04:59:05Z,337,13,4,7,3,0,1,1,1,1783227385
2026-07-05T04:59:05Z,338,12,3,7,0,0,1,1,1,1783226717
2026-07-05T04:59:05Z,339,0,0,22,1,0,1,1,1,1783227446
2026-07-05T04:59:05Z,340,12,6,2,1,0,1,1,1,1783226943
2026-07-05T04:59:05Z,341,4,4,14,1,0,1,1,1,1783227409
2026-07-05T04:59:05Z,342,14,4,0,1,0,1,1,1,1783227361
2026-07-05T04:59:05Z,343,10,6,13,0,0,1,1,1,1783225323
2026-07-05T04:59:05Z,344,5,1,17,1,0,1,1,1,1783225459
2026-07-05T04:59:05Z,345,16,0,2,1,0,1,1,1,1783227455
2026-07-05T04:59:05Z,346,22,1,0,1,0,1,1,1,1783226894
2026-07-05T04:59:05Z,347,7,6,39,1,0,1,1,1,1783227465
2026-07-05T04:59:05Z,348,23,2,0,0,0,1,1,1,1783227147
2026-07-05T04:59:05Z,349,4,2,13,2,0,1,1,1,1783227321
2026-07-05T04:59:05Z,350,17,2,9,0,1,1,1,1,1783227337
2026-07-05T04:59:05Z,351,4,0,18,1,0,1,1,1,1783227379
2026-07-05T04:59:05Z,355,5,1,17,1,0,1,1,1,1783225702
2026-07-05T04:59:05Z,356,15,0,3,1,0,1,1,1,1783227230
2026-07-05T04:59:05Z,357,15,5,4,0,0,1,1,1,1783227403
2026-07-05T04:59:05Z,359,18,1,7,2,0,1,1,1,1783226339
2026-07-05T04:59:05Z,360,6,1,13,0,0,1,1,1,1783223287
2026-07-05T04:59:05Z,362,12,7,4,3,0,1,1,1,1783225384
2026-07-05T04:59:05Z,363,5,0,22,0,0,1,1,1,1783227443
2026-07-05T04:59:05Z,364,9,2,8,1,1,1,1,1,1783227533
2026-07-05T04:59:05Z,365,20,12,2,1,0,1,1,1,1783226704
2026-07-05T04:59:05Z,366,21,6,0,2,0,1,1,1,1783227303
2026-07-05T04:59:05Z,367,14,4,4,1,0,1,1,1,1783226696
2026-07-05T04:59:05Z,368,21,1,2,0,0,1,1,1,1783225459
2026-07-05T04:59:05Z,370,5,3,10,2,0,1,1,1,1783227076
2026-07-05T04:59:05Z,371,3,0,15,1,0,1,1,1,1783225881
2026-07-05T04:59:05Z,372,14,0,1,0,0,1,1,1,1783226331
2026-07-05T04:59:05Z,373,25,6,1,0,0,1,1,1,1783225236
2026-07-05T04:59:05Z,374,17,1,0,0,0,1,1,1,1783226744
2026-07-05T04:59:05Z,375,14,2,12,1,0,1,1,1,1783227134
2026-07-05T04:59:05Z,376,23,6,16,0,0,1,1,1,1783227479
2026-07-05T04:59:05Z,377,14,3,10,3,0,1,1,1,1783225332
2026-07-05T04:59:05Z,378,16,5,6,2,0,1,1,1,1783227489
2026-07-05T04:59:05Z,379,8,1,19,0,0,1,1,1,1783227520
2026-07-05T04:59:05Z,380,10,2,12,1,0,1,1,1,1783224416
2026-07-05T04:59:05Z,381,5,0,18,0,0,1,1,1,1783227183
2026-07-05T04:59:05Z,383,14,1,1,0,0,1,1,1,1783227475
2026-07-05T04:59:05Z,384,5,1,13,1,0,1,1,1,1783226742
2026-07-05T04:59:05Z,385,10,0,8,0,0,1,1,1,1783225636
2026-07-05T04:59:05Z,387,20,3,3,0,0,1,1,1,1783226121
2026-07-05T04:59:05Z,388,11,0,36,2,0,1,1,1,1783227435
2026-07-05T04:59:05Z,389,4,1,9,2,0,1,1,1,1783227262
2026-07-05T04:59:05Z,390,15,3,12,0,0,1,1,1,1783227223
2026-07-05T04:59:05Z,391,11,8,3,1,0,1,1,1,1783225513
2026-07-05T04:59:05Z,392,7,6,12,0,0,1,1,1,1783220392
2026-07-05T04:59:05Z,393,0,0,9,2,0,1,1,1,1783225387
2026-07-05T04:59:05Z,394,7,2,7,0,1,1,1,1,1783226502
2026-07-05T04:59:05Z,396,0,0,39,3,0,1,1,1,1783225801
2026-07-05T04:59:05Z,397,3,2,27,1,0,1,1,1,1783227247
2026-07-05T04:59:05Z,399,16,0,0,1,0,1,1,1,1783226625
2026-07-05T04:59:05Z,400,5,2,15,3,0,1,1,1,1783226230
2026-07-05T04:59:05Z,401,1,1,30,0,0,1,1,1,1783227453
2026-07-05T04:59:05Z,403,12,1,15,4,0,1,1,1,1783227489
2026-07-05T04:59:05Z,404,3,1,17,3,0,1,1,1,1783227373
2026-07-05T04:59:05Z,406,4,0,27,4,0,1,1,1,1783225169
2026-07-05T04:59:05Z,407,3,0,31,0,0,1,1,1,1783224579
2026-07-05T04:59:05Z,408,4,2,28,1,0,1,1,1,1783226884
2026-07-05T04:59:05Z,409,0,0,22,1,0,1,1,1,1783218138
2026-07-05T04:59:05Z,413,17,3,4,2,0,1,1,1,1783227037
2026-07-05T04:59:05Z,414,11,2,4,0,0,1,1,1,1783227517
2026-07-05T04:59:05Z,417,19,4,0,0,0,1,1,1,1783227062
2026-07-05T04:59:05Z,418,5,2,10,0,0,1,1,1,1783223261
2026-07-05T04:59:05Z,419,19,2,2,2,0,1,1,1,1783227396
2026-07-05T04:59:05Z,421,13,0,6,0,0,1,1,1,1783227494
2026-07-05T04:59:05Z,422,9,3,18,0,0,1,1,1,1783227138
2026-07-05T04:59:05Z,423,11,3,12,0,0,1,1,1,1783225496
2026-07-05T04:59:05Z,424,2,0,12,1,0,1,1,1,1783226329
2026-07-05T04:59:05Z,425,17,0,5,0,0,1,1,1,1783225971
2026-07-05T04:59:05Z,426,0,0,34,3,0,1,1,1,1783226191
2026-07-05T04:59:05Z,427,9,1,5,0,1,1,1,1,1783225349
2026-07-05T04:59:05Z,428,17,1,2,0,0,1,1,1,1783227326
2026-07-05T04:59:05Z,429,18,4,2,3,0,1,1,1,1783227436
2026-07-05T04:59:05Z,430,25,1,3,3,0,1,1,1,1783227342
2026-07-05T04:59:05Z,431,22,1,7,2,2,1,1,1,1783223487
2026-07-05T04:59:05Z,432,13,1,17,1,0,1,1,1,1783227436
2026-07-05T04:59:05Z,433,21,3,0,2,0,1,1,1,1783222855
2026-07-05T04:59:05Z,437,1,0,16,2,0,1,1,1,1783227326
2026-07-05T04:59:05Z,438,6,1,12,1,0,1,1,1,1783216671
2026-07-05T04:59:05Z,439,10,2,5,0,0,1,1,1,1783226280
2026-07-05T04:59:05Z,440,14,0,0,1,0,1,1,1,1783224982
2026-07-05T04:59:05Z,441,1,0,13,1,0,1,1,1,1783225648
2026-07-05T04:59:05Z,442,9,1,9,1,0,1,1,1,1783227311
2026-07-05T04:59:05Z,443,8,0,19,0,0,1,1,1,1783195674
2026-07-05T04:59:05Z,444,9,5,14,0,0,1,1,1,1783219201
2026-07-05T04:59:05Z,445,11,6,11,1,0,1,1,1,1783219197
2026-07-05T04:59:05Z,446,6,0,16,0,1,1,1,1,1783224960
2026-07-05T04:59:05Z,447,5,0,16,2,0,1,1,1,1783214647
2026-07-05T04:59:05Z,448,12,2,0,2,1,1,1,1,1783224276
2026-07-05T04:59:05Z,452,11,3,7,1,0,1,1,1,1783226197
2026-07-05T04:59:05Z,453,4,2,8,3,0,1,1,1,1783226242
2026-07-05T04:59:05Z,454,6,1,11,1,1,1,1,1,1783224489
2026-07-05T04:59:05Z,455,0,0,39,0,0,0,1,1,1782992996
2026-07-05T04:59:05Z,456,16,0,3,4,0,1,1,1,1783227534
2026-07-05T04:59:05Z,457,5,0,21,1,0,1,1,1,1783227172
2026-07-05T04:59:05Z,458,6,0,14,3,0,1,1,1,1783226653
2026-07-05T04:59:05Z,459,15,6,0,0,0,1,1,1,1783224425
2026-07-05T04:59:05Z,460,15,3,8,0,0,1,1,1,1783226831
2026-07-05T04:59:05Z,461,7,0,9,3,0,1,1,1,1783224906
2026-07-05T04:59:05Z,462,14,1,7,0,0,1,1,1,1783226650
2026-07-05T04:59:05Z,463,12,1,6,1,0,1,1,1,1783225202
2026-07-05T04:59:05Z,464,3,1,10,1,0,1,1,1,1783227414
2026-07-05T04:59:05Z,465,2,0,13,0,0,1,1,1,1783223540
2026-07-05T04:59:05Z,466,15,5,0,0,0,1,1,1,1783222933
2026-07-05T04:59:05Z,467,4,1,11,0,0,1,1,1,1783223173
2026-07-05T04:59:05Z,468,2,2,17,0,0,1,1,1,1783215781
2026-07-05T04:59:05Z,469,1,0,20,1,1,1,1,1,1783224018
2026-07-05T04:59:05Z,470,15,1,0,0,0,1,1,1,1783225091
2026-07-05T04:59:05Z,471,16,1,11,0,0,1,1,1,1783226439
2026-07-05T04:59:05Z,472,15,3,2,2,0,1,1,1,1783227246
2026-07-05T04:59:05Z,473,3,2,15,1,0,1,1,1,1783227488
2026-07-05T04:59:05Z,474,17,0,1,1,0,1,1,1,1783226758
2026-07-05T04:59:05Z,475,3,1,16,0,0,1,1,1,1783226174
2026-07-05T04:59:05Z,476,8,4,12,3,0,1,1,1,1783226575
2026-07-05T04:59:05Z,477,14,2,0,1,0,1,1,1,1783227520
2026-07-05T04:59:05Z,478,1,1,26,4,0,1,1,1,1783226482
2026-07-05T04:59:05Z,479,11,0,12,3,1,1,1,1,1783227325
2026-07-05T04:59:05Z,480,13,1,1,1,0,1,1,1,1783225240
2026-07-05T04:59:05Z,481,34,0,1,0,0,1,1,1,1783227452
2026-07-05T04:59:05Z,482,7,5,11,1,0,1,1,1,1783223759
2026-07-05T04:59:05Z,483,16,0,10,0,1,1,1,1,1783227215
2026-07-05T04:59:05Z,484,3,0,16,0,0,1,1,1,1783227183
2026-07-05T04:59:05Z,485,7,3,11,0,1,1,1,1,1783227443
2026-07-05T04:59:05Z,486,16,0,10,1,0,1,1,1,1783226943
2026-07-05T04:59:05Z,487,8,4,9,2,0,1,1,1,1783227335
2026-07-05T04:59:05Z,489,3,2,12,0,0,1,1,1,1783226173
2026-07-05T04:59:05Z,490,7,7,7,2,0,1,1,1,1783226210
2026-07-05T04:59:05Z,491,7,2,12,2,0,1,1,1,1783227482
2026-07-05T04:59:05Z,492,4,3,3,4,0,1,1,1,1783225703
2026-07-05T04:59:05Z,493,5,0,22,0,0,1,1,1,1783223467
2026-07-05T04:59:05Z,495,13,2,0,2,0,1,1,1,1783227225
2026-07-05T04:59:05Z,496,5,0,21,1,0,1,1,1,1783226454
2026-07-05T04:59:05Z,497,18,0,1,0,0,1,1,1,1783226351
2026-07-05T04:59:05Z,498,23,4,0,0,0,1,1,1,1783227424
2026-07-05T04:59:05Z,499,10,1,6,3,0,1,1,1,1783223503
2026-07-05T04:59:05Z,500,9,2,5,1,0,1,1,1,1783225046
2026-07-05T04:59:05Z,501,4,0,15,2,0,1,1,1,1783226465
2026-07-05T04:59:05Z,502,4,0,15,0,0,1,1,1,1783221629
2026-07-05T04:59:05Z,503,21,1,10,0,0,1,1,1,1783227014
2026-07-05T04:59:05Z,504,0,0,39,0,0,1,1,1,1783226903
2026-07-05T04:59:05Z,505,3,1,14,1,0,1,1,1,1783227526
2026-07-05T04:59:05Z,511,10,0,13,0,0,1,1,1,1783226442
2026-07-05T04:59:05Z,512,17,0,2,0,0,1,1,1,1783225866
2026-07-05T04:59:05Z,514,7,4,2,2,0,1,1,1,1783227514
2026-07-05T04:59:05Z,515,12,1,7,0,0,1,1,1,1783225162
2026-07-05T04:59:05Z,516,19,0,8,0,0,1,1,1,1783227247
2026-07-05T04:59:05Z,517,18,7,5,0,0,1,1,1,1783226659
2026-07-05T04:59:05Z,518,8,3,7,0,0,1,1,1,1783227110
2026-07-05T04:59:05Z,519,16,0,3,0,0,1,1,1,1783222896
2026-07-05T04:59:05Z,520,5,0,19,3,0,1,1,1,1783226784
2026-07-05T04:59:05Z,521,11,1,10,2,0,1,1,1,1783227222
2026-07-05T04:59:05Z,522,15,0,8,0,0,1,1,1,1783227454
2026-07-05T04:59:05Z,523,6,1,16,1,0,1,1,1,1783223586
2026-07-05T04:59:05Z,524,12,0,9,2,0,1,1,1,1783227277
2026-07-05T04:59:05Z,525,10,0,9,0,0,1,1,1,1783226301
2026-07-05T04:59:05Z,526,12,4,2,1,0,1,1,1,1783227138
2026-07-05T04:59:05Z,527,5,4,19,2,0,1,1,1,1783227524
2026-07-05T04:59:05Z,528,12,4,10,1,0,1,1,1,1783225817
2026-07-05T04:59:05Z,529,6,1,9,4,0,1,1,1,1783227464
2026-07-05T04:59:05Z,530,17,3,3,1,0,1,1,1,1783227510
2026-07-05T04:59:05Z,531,20,0,2,0,1,1,1,1,1783226828
2026-07-05T04:59:05Z,532,2,1,28,1,0,1,1,1,1783225571
2026-07-05T04:59:05Z,533,10,0,8,1,0,1,1,1,1783225048
2026-07-05T04:59:05Z,534,4,3,17,2,0,1,1,1,1783227007
2026-07-05T04:59:05Z,535,2,0,12,1,0,1,1,1,1783225836
2026-07-05T04:59:05Z,536,19,0,3,1,0,1,1,1,1783227501
2026-07-05T04:59:05Z,537,0,0,20,1,0,1,1,1,1783225599
2026-07-05T04:59:05Z,538,16,4,2,1,0,1,1,1,1783226564
2026-07-05T04:59:05Z,539,19,9,9,3,0,1,1,1,1783227526
2026-07-05T04:59:05Z,540,10,4,9,0,0,1,1,1,1783224803
2026-07-05T04:59:05Z,541,26,0,0,1,0,1,1,1,1783227493
2026-07-05T04:59:05Z,542,5,2,18,0,0,1,1,1,1783224988
2026-07-05T04:59:05Z,543,13,0,3,3,0,1,1,1,1783227122
2026-07-05T04:59:05Z,544,17,4,4,2,0,1,1,1,1783227265
2026-07-05T04:59:05Z,545,16,0,3,0,0,1,1,1,1783227395
2026-07-05T04:59:05Z,546,2,2,17,0,0,1,1,1,1783226657
2026-07-05T04:59:05Z,547,15,2,7,1,0,1,1,1,1783226683
2026-07-05T04:59:05Z,548,0,0,22,1,0,1,1,1,1783227268
2026-07-05T04:59:05Z,549,12,0,9,0,0,1,1,1,1783226377
2026-07-05T04:59:05Z,550,0,0,19,0,0,1,1,1,1783227191
2026-07-05T04:59:05Z,551,20,6,2,1,0,1,1,1,1783225820
2026-07-05T04:59:05Z,552,12,0,15,0,0,1,1,1,1783226863
2026-07-05T04:59:05Z,553,16,4,7,0,0,1,1,1,1783227117
2026-07-05T04:59:05Z,554,3,1,16,0,0,1,1,1,1783223157
2026-07-05T04:59:05Z,555,9,3,5,1,0,1,1,1,1783224763
2026-07-05T04:59:05Z,556,7,2,14,2,0,1,1,1,1783225637
2026-07-05T04:59:05Z,557,0,0,23,0,0,0,1,1,1781719859
2026-07-05T04:59:05Z,558,2,2,33,2,0,1,1,1,1783227528
2026-07-05T04:59:05Z,559,11,0,7,1,0,1,1,1,1783225824
2026-07-05T04:59:05Z,560,4,0,23,0,0,1,1,1,1783225890
2026-07-05T04:59:05Z,561,11,0,10,2,0,1,1,1,1783227086
2026-07-05T04:59:05Z,562,4,2,30,1,0,1,1,1,1783225838
2026-07-05T04:59:05Z,563,13,0,1,0,0,1,1,1,1783218114
2026-07-05T04:59:05Z,564,14,1,4,1,0,1,1,1,1783227397
2026-07-05T04:59:05Z,565,8,1,11,0,0,1,1,1,1783225828
2026-07-05T04:59:05Z,566,1,1,18,0,0,1,1,1,1783227492
2026-07-05T04:59:05Z,567,22,1,4,1,0,1,1,1,1783226852
2026-07-05T04:59:05Z,568,1,0,18,0,0,1,1,1,1783223823
2026-07-05T04:59:05Z,569,15,1,4,0,0,1,1,1,1783225396
2026-07-05T04:59:05Z,570,12,0,7,0,0,1,1,1,1783226820
2026-07-05T04:59:05Z,571,15,2,8,0,0,1,1,1,1783227112
2026-07-05T04:59:05Z,572,13,0,6,0,0,1,1,1,1783226672
2026-07-05T04:59:05Z,573,15,1,0,0,0,1,1,1,1783219057
2026-07-05T04:59:05Z,574,5,4,10,0,0,1,1,1,1783224946
2026-07-05T04:59:05Z,575,20,0,1,0,0,1,1,1,1783227236
2026-07-05T04:59:05Z,576,0,0,19,0,0,1,1,1,1783220503
2026-07-05T04:59:05Z,577,25,0,6,0,0,1,1,1,1783227103
2026-07-05T04:59:05Z,578,3,1,20,0,0,1,1,1,1783223597
2026-07-05T04:59:05Z,579,9,0,34,0,0,1,1,1,1783226810
2026-07-05T04:59:05Z,580,13,0,16,2,0,1,1,1,1783227366
2026-07-05T04:59:05Z,581,3,0,14,2,0,1,1,1,1783227532
2026-07-05T04:59:05Z,582,7,0,51,3,0,1,1,1,1783227423
2026-07-05T04:59:05Z,583,23,0,0,0,0,1,1,1,1783218887
2026-07-05T04:59:05Z,584,5,5,10,4,0,1,1,1,1783227115
2026-07-05T04:59:05Z,585,4,0,22,0,0,1,1,1,1783226834
2026-07-05T04:59:05Z,586,32,0,3,0,0,1,1,1,1783227518
2026-07-05T04:59:05Z,587,20,0,3,2,0,1,1,1,1783227421
2026-07-05T04:59:05Z,588,18,3,1,0,0,1,1,1,1783222777
2026-07-05T04:59:05Z,589,8,6,15,0,0,1,1,1,1783227257
2026-07-05T04:59:05Z,590,5,0,26,0,0,1,1,1,1783227447
2026-07-05T04:59:05Z,591,19,5,1,2,0,1,1,1,1783224868
2026-07-05T04:59:05Z,592,8,1,15,0,0,1,1,1,1783225921
2026-07-05T04:59:05Z,593,30,0,9,0,0,1,1,1,1783225619
2026-07-05T04:59:05Z,594,4,0,16,1,0,1,1,1,1783225640
2026-07-05T04:59:05Z,595,0,0,3,0,0,0,1,1,1779985765
2026-07-05T04:59:05Z,605,0,0,3,0,0,0,1,1,1780413752
2026-07-05T04:59:05Z,606,0,0,0,0,0,0,1,1,86400
2026-07-05T04:59:05Z,607,23,2,8,2,0,1,1,1,1783227526
2026-07-05T04:59:05Z,608,27,1,27,0,0,1,1,1,1783226547
2026-07-05T04:59:05Z,609,6,1,17,0,0,1,1,1,1783227525
2026-07-05T04:59:05Z,610,0,0,35,0,0,1,1,1,1783224299
2026-07-05T04:59:05Z,611,0,0,27,0,0,1,1,1,1783227198
2026-07-05T04:59:05Z,612,4,1,11,0,0,1,1,1,1783213691
2026-07-05T04:59:05Z,613,6,1,9,0,0,1,1,1,1783225169
2026-07-05T04:59:05Z,614,1,0,24,1,1,1,1,1,1783225336
2026-07-05T04:59:05Z,617,6,1,7,2,0,1,1,1,1783226888
2026-07-05T04:59:05Z,618,10,4,8,1,0,1,1,1,1783224779
2026-07-05T04:59:05Z,619,15,4,3,1,0,1,1,1,1783226965
2026-07-05T04:59:05Z,620,6,0,17,0,0,1,1,1,1783227352
2026-07-05T04:59:05Z,621,9,3,14,0,0,1,1,1,1783227183
2026-07-05T04:59:05Z,622,10,3,10,2,1,1,1,1,1783227499
2026-07-05T04:59:05Z,623,26,5,0,3,1,1,1,1,1783227304
2026-07-05T04:59:05Z,624,4,2,8,2,1,1,1,1,1783221723
2026-07-05T04:59:05Z,625,13,3,8,0,0,1,1,1,1783226758
2026-07-05T04:59:05Z,626,24,0,19,1,2,1,1,1,1783227362
2026-07-05T04:59:05Z,627,9,9,9,1,0,1,1,1,1783225326
2026-07-05T04:59:05Z,628,6,5,11,1,1,1,1,1,1783223616
2026-07-05T04:59:05Z,629,9,3,1,1,0,1,1,1,1783226085
2026-07-05T04:59:05Z,630,13,0,11,3,0,1,1,1,1783217714
2026-07-05T04:59:05Z,631,14,1,9,0,0,1,1,1,1783225226
2026-07-05T04:59:05Z,632,10,2,9,3,0,1,1,1,1783220983
2026-07-05T04:59:05Z,633,8,0,5,1,1,1,1,1,1783200473
2026-07-05T04:59:05Z,634,5,0,13,1,0,1,1,1,1783218053
2026-07-05T04:59:05Z,635,18,0,0,1,0,1,1,1,1783227400
2026-07-05T04:59:05Z,636,7,0,8,0,0,1,1,1,1783213292
2026-07-05T04:59:05Z,637,4,2,14,1,0,1,1,1,1783204406
2026-07-05T04:59:05Z,638,11,5,6,2,0,1,1,1,1783227260
2026-07-05T04:59:05Z,639,0,0,0,3,16,0,1,1,1782287204
2026-07-05T04:59:05Z,640,6,0,17,0,0,1,1,1,1783225879
2026-07-05T04:59:05Z,641,8,0,18,1,0,1,1,1,1783227417
2026-07-05T04:59:05Z,642,3,0,12,4,0,1,1,1,1783226721
2026-07-05T04:59:05Z,643,7,3,20,0,0,1,1,1,1783227460
2026-07-05T04:59:05Z,644,0,0,9,5,1,1,1,1,1783227417
2026-07-05T04:59:05Z,645,13,0,8,1,1,1,1,1,1783226574
2026-07-05T04:59:05Z,646,11,1,7,1,0,1,1,1,1783226984
2026-07-05T04:59:05Z,647,25,2,6,0,0,1,1,1,1783226305
2026-07-05T04:59:05Z,648,13,3,5,1,0,1,1,1,1783227440
2026-07-05T04:59:05Z,649,19,1,12,0,0,1,1,1,1783225752
2026-07-05T04:59:05Z,650,10,2,5,1,0,1,1,1,1783224726
2026-07-05T04:59:05Z,651,1,0,21,1,0,1,1,1,1783223872
2026-07-05T04:59:05Z,652,19,2,1,3,0,1,1,1,1783227382
2026-07-05T04:59:05Z,653,15,2,0,4,0,1,1,1,1783227373
2026-07-05T04:59:05Z,654,2,1,13,0,0,1,1,1,1783226325
2026-07-05T04:59:05Z,655,2,0,11,2,0,1,1,1,1783227319
2026-07-05T04:59:05Z,656,16,4,3,0,0,1,1,1,1783227264
2026-07-05T04:59:05Z,657,10,1,2,4,1,1,1,1,1783227359
2026-07-05T04:59:05Z,658,10,1,9,3,1,1,1,1,1783227481
2026-07-05T04:59:05Z,659,0,0,15,0,0,1,1,1,1783225070
2026-07-05T04:59:05Z,660,23,5,7,1,0,1,1,1,1783227186
2026-07-05T04:59:05Z,661,4,0,14,1,0,1,1,1,1783226234
2026-07-05T04:59:05Z,662,0,0,19,4,0,1,1,1,1783227259
2026-07-05T04:59:05Z,663,14,2,0,0,0,1,1,1,1783226150
2026-07-05T04:59:05Z,664,0,0,27,0,0,1,1,1,1783207560
2026-07-05T04:59:05Z,665,2,1,12,1,0,1,1,1,1783227437
2026-07-05T04:59:05Z,666,7,1,8,0,0,1,1,1,1783226390
2026-07-05T04:59:05Z,667,1,0,13,3,0,1,1,1,1783227504
2026-07-05T04:59:05Z,668,6,2,12,1,0,1,1,1,1783227161
2026-07-05T04:59:05Z,669,12,1,0,2,0,1,1,1,1783225004
2026-07-05T04:59:05Z,670,10,0,17,0,0,1,1,1,1783227109
2026-07-05T04:59:05Z,671,10,1,17,0,0,1,1,1,1783227481
2026-07-05T04:59:05Z,672,19,3,1,3,0,1,1,1,1783226673
2026-07-05T04:59:05Z,673,13,1,8,1,0,1,1,1,1783227180
2026-07-05T04:59:05Z,674,7,5,15,1,0,1,1,1,1783227292
2026-07-05T04:59:05Z,675,3,0,10,1,1,1,1,1,1783227281
2026-07-05T04:59:05Z,676,12,1,10,1,0,1,1,1,1783227322
2026-07-05T04:59:05Z,681,2,1,8,5,0,1,1,1,1783227365
2026-07-05T04:59:05Z,682,10,5,8,1,0,1,1,1,1783222340
2026-07-05T04:59:05Z,683,13,1,6,0,0,1,1,1,1783224447
2026-07-05T04:59:05Z,684,15,1,10,2,0,1,1,1,1783218457
2026-07-05T04:59:05Z,685,1,0,24,1,1,1,1,1,1783224587
2026-07-05T04:59:05Z,686,10,1,14,2,1,1,1,1,1783227500
2026-07-05T04:59:05Z,687,12,3,17,1,1,1,1,1,1783227325
2026-07-05T04:59:05Z,688,10,3,8,1,0,1,1,1,1783224845
2026-07-05T04:59:05Z,692,0,0,20,1,0,1,1,1,1783227218
2026-07-05T04:59:05Z,693,9,5,2,0,0,1,1,1,1783226068
2026-07-05T04:59:05Z,694,6,2,12,3,0,1,1,1,1783226304
2026-07-05T04:59:05Z,695,4,1,19,0,0,1,1,1,1783226356
2026-07-05T04:59:05Z,696,18,10,3,2,0,1,1,1,1783226983
2026-07-05T04:59:05Z,697,4,0,18,1,0,1,1,1,1783226293
2026-07-05T04:59:05Z,698,26,2,1,0,0,1,1,1,1783227358
2026-07-05T04:59:05Z,699,3,0,11,1,0,1,1,1,1783226601
2026-07-05T04:59:05Z,700,5,0,13,1,0,1,1,1,1783227326
2026-07-05T04:59:05Z,701,7,1,12,0,0,1,1,1,1783226761
2026-07-05T04:59:05Z,702,16,7,6,1,0,1,1,1,1783227272
2026-07-05T04:59:05Z,703,23,5,0,0,0,1,1,1,1783226406
2026-07-05T04:59:05Z,704,11,1,3,1,0,1,1,1,1783227111
2026-07-05T04:59:05Z,705,8,3,6,1,0,1,1,1,1783227335
2026-07-05T04:59:05Z,706,10,3,4,1,0,1,1,1,1783227496
2026-07-05T04:59:05Z,707,15,2,0,0,0,1,1,1,1783226990
2026-07-05T04:59:05Z,708,18,3,1,0,0,1,1,1,1783227469
2026-07-05T04:59:05Z,709,14,5,0,1,0,1,1,1,1783226494
2026-07-05T04:59:05Z,710,17,1,2,0,0,1,1,1,1783226001
2026-07-05T04:59:05Z,711,14,3,1,4,0,1,1,1,1783226171
2026-07-05T04:59:05Z,712,3,2,12,0,0,1,1,1,1783227039
2026-07-05T04:59:05Z,713,6,3,17,0,0,1,1,1,1783226248
2026-07-05T04:59:05Z,716,1,0,14,0,0,1,1,1,1783226374
2026-07-05T04:59:05Z,717,9,0,12,4,0,1,1,1,1783225186
2026-07-05T04:59:05Z,718,3,1,12,0,0,1,1,1,1783226326
2026-07-05T04:59:05Z,719,9,0,20,0,0,1,1,1,1783227412
2026-07-05T04:59:05Z,720,2,0,16,1,0,1,1,1,1783226331
2026-07-05T04:59:05Z,721,11,0,11,1,0,1,1,1,1783226693
2026-07-05T04:59:05Z,722,13,2,2,0,0,1,1,1,1783226287
2026-07-05T04:59:05Z,723,1,1,21,1,0,1,1,1,1783225911
2026-07-05T04:59:05Z,724,17,1,6,0,0,1,1,1,1783226134
2026-07-05T04:59:05Z,725,22,1,0,1,0,1,1,1,1783227194
2026-07-05T04:59:05Z,726,11,1,8,0,0,1,1,1,1783225849
2026-07-05T04:59:05Z,727,9,0,14,0,0,1,1,1,1783226787
2026-07-05T04:59:05Z,728,9,2,5,1,0,1,1,1,1783226122
2026-07-05T04:59:05Z,729,13,0,4,2,0,1,1,1,1783226677
2026-07-05T04:59:05Z,730,7,1,8,0,0,1,1,1,1783227489
2026-07-05T04:59:05Z,731,1,1,14,0,0,1,1,1,1783226955
2026-07-05T04:59:05Z,732,9,0,6,0,0,1,1,1,1783227283
2026-07-05T04:59:05Z,733,3,0,23,1,0,1,1,1,1783227115
2026-07-05T04:59:05Z,734,4,1,9,1,0,1,1,1,1783226844
2026-07-05T04:59:05Z,735,3,3,16,0,0,1,1,1,1783227182
2026-07-05T04:59:05Z,736,16,2,1,2,0,1,1,1,1783197738
2026-07-05T04:59:05Z,737,8,2,7,0,0,1,1,1,1783226595
2026-07-05T04:59:05Z,738,2,1,16,1,0,1,1,1,1783227344
2026-07-05T04:59:05Z,739,7,1,18,2,0,1,1,1,1783227295
2026-07-05T04:59:05Z,741,12,4,11,0,0,1,1,1,1783226707
2026-07-05T04:59:05Z,742,12,1,27,0,0,1,1,1,1783227401
2026-07-05T04:59:05Z,743,4,1,13,2,0,1,1,1,1783226227
2026-07-05T04:59:05Z,744,4,1,11,0,0,1,1,1,1783226807
2026-07-05T04:59:05Z,745,8,1,10,1,0,1,1,1,1783226244
2026-07-05T04:59:05Z,746,0,0,23,0,0,1,1,1,1783226340
2026-07-05T04:59:05Z,747,0,0,19,0,0,1,1,1,1783226745
2026-07-05T04:59:05Z,748,12,1,9,2,0,1,1,1,1783226368
2026-07-05T04:59:05Z,749,8,0,15,0,0,1,1,1,1783227357
2026-07-05T04:59:05Z,750,3,1,6,2,0,1,1,1,1783227411
2026-07-05T04:59:05Z,751,0,0,23,0,0,1,1,1,1783227487
2026-07-05T04:59:05Z,752,14,1,1,2,0,1,1,1,1783226508
2026-07-05T04:59:05Z,753,10,0,4,1,0,1,1,1,1783227416
2026-07-05T04:59:05Z,754,6,0,9,0,0,1,1,1,1783225748
2026-07-05T04:59:05Z,755,8,0,10,1,0,1,1,1,1783226565
2026-07-05T04:59:05Z,756,1,0,35,1,0,1,1,1,1783227276
2026-07-05T04:59:05Z,757,0,0,19,0,0,1,1,1,1783226970
2026-07-05T04:59:05Z,758,20,3,2,1,0,1,1,1,1783227421
2026-07-05T04:59:05Z,759,6,0,9,0,0,1,1,1,1783225757
2026-07-05T04:59:05Z,760,4,0,13,2,0,1,1,1,1783227452
2026-07-05T04:59:05Z,761,6,1,16,1,0,1,1,1,1783226688
2026-07-05T04:59:05Z,762,3,0,10,2,0,1,1,1,1783225881
2026-07-05T04:59:05Z,768,5,0,11,3,0,1,1,1,1783226335
2026-07-05T04:59:05Z,769,0,0,14,4,0,1,1,1,1783227298
2026-07-05T04:59:05Z,770,11,2,8,0,0,1,1,1,1783225751
2026-07-05T04:59:05Z,771,10,0,5,0,0,1,1,1,1783225926
2026-07-05T04:59:05Z,772,11,6,3,1,0,1,1,1,1783227003
2026-07-05T04:59:05Z,773,4,2,14,1,0,1,1,1,1783226246
2026-07-05T04:59:05Z,774,4,0,9,2,0,1,1,1,1783227306
2026-07-05T04:59:05Z,775,14,2,3,2,0,1,1,1,1783227441
2026-07-05T04:59:05Z,776,6,0,14,1,0,1,1,1,1783226635
2026-07-05T04:59:05Z,777,11,2,1,3,0,1,1,1,1783225788
2026-07-05T04:59:05Z,778,4,0,13,2,0,1,1,1,1783223905
2026-07-05T04:59:05Z,779,14,0,4,1,0,1,1,1,1783227532
2026-07-05T04:59:05Z,780,9,4,7,2,1,1,1,1,1783226993
2026-07-05T04:59:05Z,781,1,1,9,1,0,1,1,1,1783217403
2026-07-05T04:59:05Z,782,7,2,11,1,0,1,1,1,1783227173
2026-07-05T04:59:05Z,783,8,6,8,3,0,1,1,1,1783220560
2026-07-05T04:59:05Z,784,0,0,18,1,0,1,1,1,1783225879
2026-07-05T04:59:05Z,785,9,1,5,5,0,1,1,1,1783227479
2026-07-05T04:59:05Z,786,0,0,18,1,0,1,1,1,1783211324
2026-07-05T04:59:05Z,787,0,0,15,0,0,1,1,1,1783227359
2026-07-05T04:59:05Z,788,10,1,5,0,0,1,1,1,1783225811
2026-07-05T04:59:05Z,789,12,1,1,2,0,1,1,1,1783226559
2026-07-05T04:59:05Z,790,3,2,20,0,0,1,1,1,1783226642
2026-07-05T04:59:05Z,791,0,0,19,0,0,1,1,1,1783226325
2026-07-05T04:59:05Z,793,11,1,3,1,0,1,1,1,1783225974
2026-07-05T04:59:05Z,794,5,1,24,0,0,1,1,1,1783227373
2026-07-05T04:59:05Z,796,0,0,16,3,0,1,1,1,1783226698
2026-07-05T04:59:05Z,797,3,1,12,0,0,1,1,1,1783227349
2026-07-05T04:59:05Z,798,1,0,23,1,0,1,1,1,1783227028
2026-07-05T04:59:05Z,799,4,2,14,1,0,1,1,1,1783227102
2026-07-05T04:59:05Z,800,3,0,16,2,0,1,1,1,1783226987
2026-07-05T04:59:05Z,801,7,3,12,2,0,1,1,1,1783227331
2026-07-05T04:59:05Z,802,2,0,28,0,1,1,1,1,1783226363
2026-07-05T04:59:05Z,803,2,1,13,0,0,1,1,1,1783226122
2026-07-05T04:59:05Z,806,0,0,11,4,0,1,1,1,1783226858
2026-07-05T04:59:05Z,807,17,1,7,1,0,1,1,1,1783225748
2026-07-05T04:59:05Z,808,9,0,15,1,0,1,1,1,1783227176
2026-07-05T04:59:05Z,809,5,1,18,0,0,1,1,1,1783225978
2026-07-05T04:59:05Z,810,8,5,10,1,0,1,1,1,1783225994
2026-07-05T04:59:05Z,815,5,2,9,1,0,1,1,1,1783226259
2026-07-05T04:59:05Z,817,3,0,5,7,0,1,1,1,1783226862
2026-07-05T04:59:05Z,818,3,2,20,0,0,1,1,1,1783226369
2026-07-05T04:59:05Z,819,6,6,6,3,0,1,1,1,1783225904
2026-07-05T04:59:05Z,820,6,1,8,3,0,1,1,1,1783227296
2026-07-05T04:59:05Z,821,9,0,5,1,0,1,1,1,1783227326
2026-07-05T04:59:05Z,822,0,0,21,2,0,1,1,1,1783227523
2026-07-05T04:59:05Z,823,2,0,13,0,0,1,1,1,1783227323
2026-07-05T04:59:05Z,824,8,3,10,1,0,1,1,1,1783227491
2026-07-05T04:59:05Z,825,9,2,6,0,0,1,1,1,1783218366
2026-07-05T04:59:05Z,826,8,0,10,1,0,1,1,1,1783226702
2026-07-05T04:59:05Z,827,7,1,13,1,0,1,1,1,1783226137
2026-07-05T04:59:05Z,828,0,0,17,1,0,1,1,1,1783226924
2026-07-05T04:59:05Z,829,1,0,26,0,0,1,1,1,1783212589
2026-07-05T04:59:05Z,830,22,2,1,0,0,1,1,1,1783227408
2026-07-05T04:59:05Z,831,4,1,4,7,0,1,1,1,1783227368
2026-07-05T04:59:05Z,832,15,2,3,0,0,1,1,1,1783227359
2026-07-05T04:59:05Z,833,18,11,0,1,0,1,1,1,1783226595
2026-07-05T04:59:05Z,834,3,1,21,0,0,1,1,1,1783227462
2026-07-05T04:59:05Z,835,13,8,5,0,0,1,1,1,1783227375
2026-07-05T04:59:05Z,837,3,0,5,7,0,1,1,1,1783227391
2026-07-05T04:59:05Z,838,8,3,3,4,0,1,1,1,1783227052
2026-07-05T04:59:05Z,839,19,2,9,1,0,1,1,1,1783226809
2026-07-05T04:59:05Z,840,1,0,27,1,0,1,1,1,1783226761
2026-07-05T04:59:05Z,841,5,3,8,2,0,1,1,1,1783226960
2026-07-05T04:59:05Z,842,4,0,18,0,1,1,1,1,1783226259
2026-07-05T04:59:05Z,843,1,0,28,2,0,1,1,1,1783226153
2026-07-05T04:59:05Z,844,5,0,18,0,0,1,1,1,1783227518
2026-07-05T04:59:05Z,845,8,0,11,0,0,1,1,1,1783226986
2026-07-05T04:59:05Z,846,7,1,11,0,1,1,1,1,1783227463
2026-07-05T04:59:05Z,847,0,0,27,0,0,1,1,1,1783226170
2026-07-05T04:59:05Z,848,3,0,16,0,0,1,1,1,1783227526
2026-07-05T04:59:05Z,849,0,0,10,5,0,1,1,1,1783227293
2026-07-05T04:59:05Z,850,9,2,1,1,0,1,1,1,1783226998
2026-07-05T04:59:05Z,851,24,2,11,2,0,1,1,1,1783226241
2026-07-05T04:59:05Z,852,3,0,15,1,0,1,1,1,1783224885
2026-07-05T04:59:05Z,853,11,2,12,0,0,1,1,1,1783227004
2026-07-05T04:59:05Z,854,4,0,10,1,0,1,1,1,1783227179
2026-07-05T04:59:05Z,855,25,0,2,0,0,1,1,1,1783226426
2026-07-05T04:59:05Z,857,10,8,8,1,0,1,1,1,1783227217
2026-07-05T04:59:05Z,858,1,0,17,1,0,1,1,1,1783222451
2026-07-05T04:59:05Z,859,9,3,12,0,0,1,1,1,1783226838
2026-07-05T04:59:05Z,861,4,0,7,0,0,1,1,1,1783226279
2026-07-05T04:59:05Z,862,4,0,11,0,0,1,1,1,1783225999
2026-07-05T04:59:05Z,863,7,3,11,1,0,1,1,1,1783216283
2026-07-05T04:59:05Z,866,18,0,1,0,0,1,1,1,1783213234
2026-07-05T04:59:05Z,867,8,0,7,0,0,1,1,1,1783227075
2026-07-05T04:59:05Z,868,11,0,4,0,0,1,1,1,1783225854
2026-07-05T04:59:05Z,870,11,3,3,1,0,1,1,1,1783225953
2026-07-05T04:59:05Z,871,3,0,8,0,0,1,1,1,1783227020
2026-07-05T04:59:05Z,872,6,3,9,0,0,1,1,1,1783225991
2026-07-05T04:59:05Z,873,0,0,31,2,0,1,1,1,1783226230
2026-07-05T04:59:05Z,874,14,1,0,1,0,1,1,1,1783226361
2026-07-05T04:59:05Z,875,3,1,12,0,0,1,1,1,1783227233
2026-07-05T04:59:05Z,877,7,3,12,0,0,1,1,1,1783225854
2026-07-05T04:59:05Z,878,8,0,10,1,0,1,1,1,1783227004
2026-07-05T04:59:05Z,879,7,0,11,1,0,1,1,1,1783227214
2026-07-05T04:59:05Z,880,11,2,12,0,0,1,1,1,1783226926
2026-07-05T04:59:05Z,881,3,1,13,3,0,1,1,1,1783226615
2026-07-05T04:59:05Z,882,10,5,9,0,0,1,1,1,1783226327
2026-07-05T04:59:05Z,883,12,6,6,1,0,1,1,1,1783226535
2026-07-05T04:59:05Z,884,10,5,11,0,0,1,1,1,1783183865
2026-07-05T04:59:05Z,885,8,3,11,0,0,1,1,1,1783226240
2026-07-05T04:59:05Z,886,2,2,22,5,0,1,1,1,1783226812
2026-07-05T04:59:05Z,887,2,0,14,1,0,1,1,1,1783227146
2026-07-05T04:59:05Z,888,1,0,39,1,0,1,1,1,1783227480
2026-07-05T04:59:05Z,889,12,1,7,0,0,1,1,1,1783227162
2026-07-05T04:59:05Z,890,8,2,7,0,0,1,1,1,1783217856
2026-07-05T04:59:05Z,891,7,1,15,1,0,1,1,1,1783225728
2026-07-05T04:59:05Z,892,15,5,0,0,0,1,1,1,1783224185
2026-07-05T04:59:05Z,895,6,2,13,0,0,1,1,1,1783226620
2026-07-05T04:59:05Z,896,28,7,7,0,0,1,1,1,1783227237
2026-07-05T04:59:05Z,897,11,1,9,1,0,1,1,1,1783227109
2026-07-05T04:59:05Z,898,7,1,12,0,0,1,1,1,1783227223
2026-07-05T04:59:05Z,899,19,3,0,0,0,1,1,1,1783227259
2026-07-05T04:59:05Z,900,24,1,2,1,0,1,1,1,1783227001
2026-07-05T04:59:05Z,901,11,0,8,0,0,1,1,1,1783227116
2026-07-05T04:59:05Z,902,0,0,15,0,0,1,1,1,1783227159
2026-07-05T04:59:05Z,903,1,0,18,0,0,1,1,1,1783226958
2026-07-05T04:59:05Z,904,13,0,4,2,0,1,1,1,1783227263
2026-07-05T04:59:05Z,905,12,8,15,0,0,1,1,1,1783227511
2026-07-05T04:59:05Z,906,16,5,11,0,0,1,1,1,1783226771
2026-07-05T04:59:05Z,907,12,0,19,0,0,1,1,1,1783227229
2026-07-05T04:59:05Z,908,8,0,15,0,0,1,1,1,1783225768
2026-07-05T04:59:05Z,909,16,8,7,0,0,1,1,1,1783227457
2026-07-05T04:59:05Z,910,2,0,28,1,0,1,1,1,1783227030
2026-07-05T04:59:05Z,911,10,0,8,1,0,1,1,1,1783227039
2026-07-05T04:59:05Z,912,12,0,9,2,0,1,1,1,1783227324
2026-07-05T04:59:05Z,913,10,1,9,0,0,1,1,1,1783211292
2026-07-05T04:59:05Z,914,15,0,2,2,0,1,1,1,1783227335
2026-07-05T04:59:05Z,915,20,0,2,1,0,1,1,1,1783227309
2026-07-05T04:59:05Z,916,11,2,11,1,0,1,1,1,1783227228
2026-07-05T04:59:05Z,917,5,1,30,0,0,1,1,1,1783226603
2026-07-05T04:59:05Z,918,16,3,1,2,0,1,1,1,1783227113
2026-07-05T04:59:05Z,919,28,3,11,0,0,1,1,1,1783227461
2026-07-05T04:59:05Z,920,4,3,15,0,0,1,1,1,1783226562
2026-07-05T04:59:05Z,921,3,0,15,3,0,1,1,1,1783219782
2026-07-05T04:59:05Z,922,9,1,12,0,0,1,1,1,1783224412
2026-07-05T04:59:05Z,923,1,1,17,1,0,1,1,1,1783227189
2026-07-05T04:59:05Z,924,16,2,5,0,0,1,1,1,1783226854
2026-07-05T04:59:05Z,925,2,1,18,1,0,1,1,1,1783227238
2026-07-05T04:59:05Z,926,7,1,14,0,0,1,1,1,1783227323
2026-07-05T04:59:05Z,927,16,0,17,1,0,1,1,1,1783226147
2026-07-05T04:59:05Z,928,12,1,5,2,0,1,1,1,1783227273
2026-07-05T04:59:05Z,929,11,0,12,0,0,1,1,1,1783226437
2026-07-05T04:59:05Z,930,25,1,6,0,0,1,1,1,1783227430
2026-07-05T04:59:05Z,931,0,0,22,1,0,1,1,1,1783226936
2026-07-05T04:59:05Z,932,7,1,11,1,0,1,1,1,1783227414
2026-07-05T04:59:05Z,933,20,0,2,1,0,1,1,1,1783227030
2026-07-05T04:59:05Z,934,6,0,24,1,0,1,1,1,1783226949
2026-07-05T04:59:05Z,935,1,0,15,3,0,1,1,1,1783227512
2026-07-05T04:59:05Z,936,18,3,1,0,0,1,1,1,1783227312
2026-07-05T04:59:05Z,940,6,0,4,1,0,1,1,1,1783227526
2026-07-05T04:59:05Z,941,7,0,18,0,0,1,1,1,1783226061
2026-07-05T04:59:05Z,942,10,3,11,0,0,1,1,1,1783226792
2026-07-05T04:59:05Z,943,4,4,10,1,0,1,1,1,1783227255
2026-07-05T04:59:05Z,944,5,5,9,1,0,1,1,1,1783219032
2026-07-05T04:59:05Z,945,9,5,6,0,0,1,1,1,1783225797
2026-07-05T04:59:05Z,946,8,6,11,0,0,1,1,1,1783225728
2026-07-05T04:59:05Z,947,7,5,10,0,0,1,1,1,1783226528
2026-07-05T04:59:05Z,948,17,3,11,3,0,1,1,1,1783226488
2026-07-05T04:59:05Z,949,2,0,13,0,0,1,1,1,1783226714
2026-07-05T04:59:05Z,950,13,5,2,2,0,1,1,1,1783226624
2026-07-05T04:59:05Z,951,2,0,20,1,0,1,1,1,1783227302
2026-07-05T04:59:05Z,952,17,0,36,2,0,1,1,1,1783227530
2026-07-05T04:59:05Z,953,14,0,0,1,0,1,1,1,1783227432
2026-07-05T04:59:05Z,954,18,4,0,1,0,1,1,1,1783227114
2026-07-05T04:59:05Z,955,3,3,18,6,0,1,1,1,1783227512
2026-07-05T04:59:05Z,956,5,0,13,1,0,1,1,1,1783227372
2026-07-05T04:59:05Z,957,1,0,27,1,0,1,1,1,1783227408
2026-07-05T04:59:05Z,958,6,0,24,1,0,1,1,1,1783226999
2026-07-05T04:59:05Z,959,5,2,17,1,0,1,1,1,1783226810
2026-07-05T04:59:05Z,960,22,4,0,1,0,1,1,1,1783226843
2026-07-05T04:59:05Z,961,9,5,14,0,0,1,1,1,1783227454
2026-07-05T04:59:05Z,962,3,1,25,7,0,1,1,1,1783227351
2026-07-05T04:59:05Z,963,5,0,18,0,0,1,1,1,1783227274
2026-07-05T04:59:05Z,964,6,1,16,1,0,1,1,1,1783226110
2026-07-05T04:59:05Z,965,9,2,16,2,0,1,1,1,1783227130
2026-07-05T04:59:05Z,966,0,0,31,0,0,1,1,1,1783227290
2026-07-05T04:59:05Z,967,14,1,3,4,0,1,1,1,1783226997
2026-07-05T04:59:05Z,968,11,0,8,0,0,1,1,1,1783227452
2026-07-05T04:59:05Z,969,11,2,15,1,0,1,1,1,1783225966
2026-07-05T04:59:05Z,970,14,4,2,3,0,1,1,1,1783226253
2026-07-05T04:59:05Z,971,20,0,2,1,0,1,1,1,1783227300
2026-07-05T04:59:05Z,972,5,2,18,0,0,1,1,1,1783226986
2026-07-05T04:59:05Z,973,3,0,18,2,0,1,1,1,1783226578
2026-07-05T04:59:05Z,974,18,0,9,0,0,1,1,1,1783227520
2026-07-05T04:59:05Z,977,5,3,15,1,0,1,1,1,1783225819
2026-07-05T04:59:05Z,978,17,3,6,0,0,1,1,1,1783227428
2026-07-05T04:59:05Z,979,8,0,7,2,0,1,1,1,1783227235
2026-07-05T04:59:05Z,980,7,0,14,0,0,1,1,1,1783226542
2026-07-05T04:59:05Z,981,4,1,16,1,0,1,1,1,1783226353
2026-07-05T04:59:05Z,982,10,3,8,1,0,1,1,1,1783227402
2026-07-05T04:59:05Z,983,1,0,22,0,0,1,1,1,1783227027
2026-07-05T04:59:05Z,984,15,10,7,1,0,1,1,1,1783226905
2026-07-05T04:59:05Z,985,1,0,28,1,1,1,1,1,1783226268
2026-07-05T04:59:05Z,986,6,6,12,1,0,1,1,1,1783225863
2026-07-05T04:59:05Z,987,3,0,20,0,0,1,1,1,1783226073
2026-07-05T04:59:05Z,988,10,3,8,1,0,1,1,1,1783226138
2026-07-05T04:59:05Z,989,14,11,4,1,0,1,1,1,1783226108
2026-07-05T04:59:05Z,990,13,3,1,1,0,1,1,1,1783225730
2026-07-05T04:59:05Z,991,18,10,1,0,0,1,1,1,1783226280
2026-07-05T04:59:05Z,992,6,1,17,0,0,1,1,1,1783227174
2026-07-05T04:59:05Z,993,0,0,27,0,0,1,1,1,1783225903
2026-07-05T04:59:05Z,994,8,1,9,4,0,1,1,1,1783227342
2026-07-05T04:59:05Z,995,10,1,17,0,0,1,1,1,1783227211
2026-07-05T04:59:05Z,996,9,4,14,0,0,1,1,1,1783226029
2026-07-05T04:59:05Z,997,9,5,10,4,0,1,1,1,1783226053
2026-07-05T04:59:05Z,998,8,0,15,0,0,1,1,1,1783225913
2026-07-05T04:59:05Z,999,8,2,11,1,1,1,1,1,1783227079
2026-07-05T04:59:05Z,1000,8,1,13,0,0,1,1,1,1783225755
2026-07-05T04:59:05Z,1001,1,0,26,0,0,1,1,1,1783226112
2026-07-05T04:59:05Z,1002,9,1,22,0,0,1,1,1,1783227360
2026-07-05T04:59:05Z,1003,2,1,21,0,0,1,1,1,1783226406
2026-07-05T04:59:05Z,1004,13,2,10,0,0,1,1,1,1783227211
2026-07-05T04:59:05Z,1005,7,2,15,1,0,1,1,1,1783227213
2026-07-05T04:59:05Z,1006,13,3,6,0,0,1,1,1,1783225986
2026-07-05T04:59:05Z,1007,6,3,15,0,0,1,1,1,1783225768
2026-07-05T04:59:05Z,1008,6,4,16,1,0,1,1,1,1783227438
2026-07-05T04:59:05Z,1009,8,0,22,1,0,1,1,1,1783227141
2026-07-05T04:59:05Z,1010,12,8,15,0,0,1,1,1,1783226200
2026-07-05T04:59:05Z,1011,7,7,12,0,0,1,1,1,1783225921
2026-07-05T04:59:05Z,1012,2,2,18,3,0,1,1,1,1783225880
2026-07-05T04:59:05Z,1013,8,2,13,2,0,1,1,1,1783227040
2026-07-05T04:59:05Z,1014,8,4,15,0,0,1,1,1,1783227114
2026-07-05T04:59:05Z,1015,8,3,23,0,0,1,1,1,1783226911
2026-07-05T04:59:05Z,1016,16,4,15,0,0,1,1,1,1783227429
2026-07-05T04:59:05Z,1017,10,3,10,1,0,1,1,1,1783227139
2026-07-05T04:59:05Z,1018,8,6,12,1,0,1,1,1,1783226150
2026-07-05T04:59:05Z,1019,13,2,2,0,0,1,1,1,1783225723
2026-07-05T04:59:05Z,1020,11,1,10,0,0,1,1,1,1783226591
2026-07-05T04:59:05Z,1021,10,4,5,0,0,1,1,1,1783225769
2026-07-05T04:59:05Z,1022,10,0,17,0,0,1,1,1,1783227472
2026-07-05T04:59:05Z,1023,16,0,7,0,0,1,1,1,1783225921
2026-07-05T04:59:05Z,1024,9,2,10,0,0,1,1,1,1783227448
2026-07-05T04:59:05Z,1025,12,1,6,1,0,1,1,1,1783227083
2026-07-05T04:59:05Z,1026,6,1,22,3,0,1,1,1,1783227304
2026-07-05T04:59:05Z,1028,18,5,5,0,0,1,1,1,1783227526
2026-07-05T04:59:05Z,1029,5,2,6,4,0,1,1,1,1783226512
2026-07-05T04:59:05Z,1030,16,2,6,1,0,1,1,1,1783225724
2026-07-05T04:59:05Z,1031,0,0,19,0,0,1,1,1,1783226831
2026-07-05T04:59:05Z,1032,16,3,3,0,0,1,1,1,1783227235
2026-07-05T04:59:05Z,1033,12,9,6,1,0,1,1,1,1783226848
2026-07-05T04:59:05Z,1034,9,1,5,1,0,1,1,1,1783227397
2026-07-05T04:59:05Z,1035,6,0,13,0,0,1,1,1,1783227296
2026-07-05T04:59:05Z,1036,10,4,5,0,0,1,1,1,1783227243
2026-07-05T04:59:05Z,1037,2,1,16,1,0,1,1,1,1783225885
2026-07-05T04:59:05Z,1038,6,0,9,0,0,1,1,1,1783226454
2026-07-05T04:59:05Z,1039,6,2,13,0,0,1,1,1,1783227186
2026-07-05T04:59:05Z,1040,1,0,18,0,0,1,1,1,1783226200
2026-07-05T04:59:05Z,1041,3,3,16,0,0,1,1,1,1783227336
2026-07-05T04:59:05Z,1042,15,3,0,0,0,1,1,1,1783227307
2026-07-05T04:59:05Z,1043,8,2,10,1,0,1,1,1,1783226177
2026-07-05T04:59:05Z,1044,2,2,11,2,0,1,1,1,1783226859
2026-07-05T04:59:05Z,1045,6,2,12,1,0,1,1,1,1783227199
2026-07-05T04:59:05Z,1046,4,0,7,4,0,1,1,1,1783225761
2026-07-05T04:59:05Z,1047,0,0,21,0,0,1,1,1,1783227198
2026-07-05T04:59:05Z,1048,10,0,9,0,0,1,1,1,1783227107
2026-07-05T04:59:05Z,1049,14,2,6,1,0,1,1,1,1783227397
2026-07-05T04:59:05Z,1050,17,7,4,0,0,1,1,1,1783226445
2026-07-05T04:59:05Z,1051,19,3,2,0,0,1,1,1,1783226996
2026-07-05T04:59:05Z,1052,10,1,10,2,0,1,1,1,1783226055
2026-07-05T04:59:05Z,1053,8,2,7,0,0,1,1,1,1783226106
2026-07-05T04:59:05Z,1054,8,0,6,1,0,1,1,1,1783226119
2026-07-05T04:59:05Z,1055,13,0,6,0,0,1,1,1,1783226277
2026-07-05T04:59:05Z,1057,12,0,6,1,0,1,1,1,1783227068
2026-07-05T04:59:05Z,1058,15,0,40,1,0,1,1,1,1783227375
2026-07-05T04:59:05Z,1059,9,2,10,0,0,1,1,1,1783226141
2026-07-05T04:59:05Z,1060,11,1,26,0,0,1,1,1,1783227348
2026-07-05T04:59:05Z,1061,0,0,37,0,0,1,1,1,1783226356
2026-07-05T04:59:05Z,1062,3,0,13,1,0,1,1,1,1783227067
2026-07-05T04:59:05Z,1063,11,4,7,1,0,1,1,1,1783227343
2026-07-05T04:59:05Z,1064,10,1,12,1,0,1,1,1,1783227209
2026-07-05T04:59:05Z,1065,9,3,13,1,0,1,1,1,1783227421
2026-07-05T04:59:05Z,1066,16,5,7,0,0,1,1,1,1783226140
2026-07-05T04:59:05Z,1067,12,1,10,1,0,1,1,1,1783225814
2026-07-05T04:59:05Z,1068,13,0,10,0,0,1,1,1,1783225787
2026-07-05T04:59:05Z,1069,0,0,23,0,0,1,1,1,1783226108
2026-07-05T04:59:05Z,1070,7,4,15,1,0,1,1,1,1783226740
2026-07-05T04:59:05Z,1071,1,0,22,0,0,1,1,1,1783226887
2026-07-05T04:59:05Z,1072,14,1,8,1,0,1,1,1,1783225764
2026-07-05T04:59:05Z,1073,8,1,17,2,0,1,1,1,1783226846
2026-07-05T04:59:05Z,1074,30,1,19,4,0,1,1,1,1783227433
2026-07-05T04:59:05Z,1075,12,11,9,0,0,1,1,1,1783227262
2026-07-05T04:59:05Z,1076,11,5,10,0,0,1,1,1,1783226139
2026-07-05T04:59:05Z,1077,8,8,13,0,0,1,1,1,1783227397
2026-07-05T04:59:05Z,1078,12,2,9,0,0,1,1,1,1783226754
2026-07-05T04:59:05Z,1079,14,12,7,0,0,1,1,1,1783227421
2026-07-05T04:59:05Z,1080,8,8,13,0,0,1,1,1,1783221802
2026-07-05T04:59:05Z,1081,11,11,8,0,0,1,1,1,1783227353
2026-07-05T04:59:05Z,1082,15,11,8,0,0,1,1,1,1783227320
2026-07-05T04:59:05Z,1083,7,4,13,1,0,1,1,1,1783227169
2026-07-05T04:59:05Z,1084,8,6,13,0,0,1,1,1,1783227200
2026-07-05T04:59:05Z,1085,8,6,13,0,0,1,1,1,1783227419
2026-07-05T04:59:05Z,1086,10,7,11,0,0,1,1,1,1783227324
2026-07-05T04:59:05Z,1087,7,5,8,0,0,1,1,1,1783226592
2026-07-05T04:59:05Z,1088,10,10,5,0,0,1,1,1,1783226351
2026-07-05T04:59:05Z,1089,5,5,10,0,0,1,1,1,1783225450
2026-07-05T04:59:05Z,1090,8,7,7,0,0,1,1,1,1783227398
2026-07-05T04:59:05Z,1091,9,7,6,0,0,1,1,1,1783226024
2026-07-05T04:59:05Z,1092,8,8,7,0,0,1,1,1,1783227116
2026-07-05T04:59:05Z,1093,6,6,9,0,0,1,1,1,1783226745
2026-07-05T04:59:05Z,1094,12,7,7,0,0,1,1,1,1783226861
2026-07-05T04:59:05Z,1095,9,9,6,0,0,1,1,1,1783227240
2026-07-05T04:59:05Z,1096,12,10,7,0,0,1,1,1,1783226592
2026-07-05T04:59:05Z,1097,9,6,6,0,0,1,1,1,1783227244
2026-07-05T04:59:05Z,1098,8,7,10,1,0,1,1,1,1783226844
2026-07-05T04:59:05Z,1099,6,6,9,0,0,1,1,1,1783226669
2026-07-05T04:59:05Z,1100,7,5,20,2,0,1,1,1,1783226407
2026-07-05T04:59:05Z,1101,10,5,11,0,0,1,1,1,1783225988
2026-07-05T04:59:05Z,1102,10,5,3,0,0,1,1,1,1783225845
2026-07-05T04:59:05Z,1103,10,5,11,0,0,1,1,1,1783227247
2026-07-05T04:59:05Z,1104,10,5,11,0,0,1,1,1,1783225977
2026-07-05T04:59:05Z,1105,9,3,3,1,0,1,1,1,1783227464
2026-07-05T04:59:05Z,1106,10,5,11,0,0,1,1,1,1783226437
2026-07-05T04:59:05Z,1107,11,5,4,0,0,1,1,1,1783227523
2026-07-05T04:59:05Z,1108,8,6,17,2,0,1,1,1,1783225956
2026-07-05T04:59:05Z,1109,9,4,6,0,0,1,1,1,1783226031
2026-07-05T04:59:05Z,1110,8,2,13,0,0,1,1,1,1783225848
2026-07-05T04:59:05Z,1111,10,0,10,1,0,1,1,1,1783226490
2026-07-05T04:59:05Z,1112,44,0,8,1,0,1,1,1,1783226954
2026-07-05T04:59:05Z,1113,2,0,19,0,0,1,1,1,1783226176
2026-07-05T04:59:05Z,1115,14,1,9,0,0,1,1,1,1783227527
2026-07-05T04:59:05Z,1116,9,0,10,0,0,1,1,1,1783226896
2026-07-05T04:59:05Z,1117,2,1,20,1,0,1,1,1,1783226785
2026-07-05T04:59:05Z,1118,15,0,6,0,0,1,1,1,1783226429
2026-07-05T04:59:05Z,1119,6,1,11,0,0,1,1,1,1783226924
2026-07-05T04:59:05Z,1120,1,0,15,3,0,1,1,1,1783227109
2026-07-05T04:59:05Z,1121,9,0,11,1,0,1,1,1,1783224714
2026-07-05T04:59:05Z,1122,12,5,8,0,1,1,1,1,1783227528
2026-07-05T04:59:05Z,1123,2,1,20,1,0,1,1,1,1783227103
2026-07-05T04:59:05Z,1124,14,2,0,1,0,1,1,1,1783227285
2026-07-05T04:59:05Z,1125,17,3,6,0,0,1,1,1,1783226906
2026-07-05T04:59:05Z,1126,9,1,10,2,0,1,1,1,1783227308
2026-07-05T04:59:05Z,1127,5,1,12,2,0,1,1,1,1783227406
2026-07-05T04:59:05Z,1128,14,2,1,0,0,1,1,1,1783227223
2026-07-05T04:59:05Z,1129,12,1,8,1,0,1,1,1,1783227059
2026-07-05T04:59:05Z,1130,3,0,10,2,0,1,1,1,1783226689
2026-07-05T04:59:05Z,1131,1,0,48,0,0,1,1,1,1783226814
2026-07-05T04:59:05Z,1132,15,2,5,1,0,1,1,1,1783226190
2026-07-05T04:59:05Z,1133,7,1,13,1,0,1,1,1,1783227267
2026-07-05T04:59:05Z,1134,10,6,9,0,0,1,1,1,1783226046
2026-07-05T04:59:05Z,1135,8,4,13,0,0,1,1,1,1783226258
2026-07-05T04:59:05Z,1136,15,0,6,2,0,1,1,1,1783227003
2026-07-05T04:59:05Z,1137,9,2,6,0,0,1,1,1,1783226948
2026-07-05T04:59:05Z,1138,14,0,5,0,0,1,1,1,1783226553
2026-07-05T04:59:05Z,1139,1,0,20,0,0,1,1,1,1783223577
2026-07-05T04:59:05Z,1140,12,4,8,3,0,1,1,1,1783226843
2026-07-05T04:59:05Z,1141,6,2,14,1,0,1,1,1,1783226630
2026-07-05T04:59:05Z,1142,3,0,18,0,0,1,1,1,1783226281
2026-07-05T04:59:05Z,1143,28,2,0,1,0,1,1,1,1783227429
2026-07-05T04:59:05Z,1144,13,1,7,1,0,1,1,1,1783226991
2026-07-05T04:59:05Z,1145,8,3,10,2,1,1,1,1,1783226770
2026-07-05T04:59:05Z,1146,17,0,1,1,0,1,1,1,1783227400
2026-07-05T04:59:05Z,1147,9,2,10,0,0,1,1,1,1783226961
2026-07-05T04:59:05Z,1148,22,2,9,0,0,1,1,1,1783226940
2026-07-05T04:59:05Z,1149,14,4,11,0,0,1,1,1,1783226827
2026-07-05T04:59:05Z,1150,16,0,3,0,0,1,1,1,1783227485
2026-07-05T04:59:05Z,1151,11,0,9,1,0,1,1,1,1783225938
2026-07-05T04:59:05Z,1152,6,2,20,3,0,1,1,1,1783226809
2026-07-05T04:59:05Z,1153,12,2,10,1,0,1,1,1,1783226534
2026-07-05T04:59:05Z,1154,10,1,6,3,0,1,1,1,1783227494
2026-07-05T04:59:05Z,1155,4,2,15,2,0,1,1,1,1783226519
2026-07-05T04:59:05Z,1158,7,0,12,0,0,1,1,1,1783227040
2026-07-05T04:59:05Z,1159,6,2,13,0,0,1,1,1,1783226131
2026-07-05T04:59:05Z,1160,10,3,8,1,0,1,1,1,1783226149
2026-07-05T04:59:05Z,1161,5,2,14,0,0,1,1,1,1783227452
2026-07-05T04:59:05Z,1162,12,6,7,0,0,1,1,1,1783226907
2026-07-05T04:59:05Z,1163,2,0,16,1,0,1,1,1,1783226821
2026-07-05T04:59:05Z,1164,9,2,9,1,0,1,1,1,1783227222
2026-07-05T04:59:05Z,1165,2,1,18,1,0,1,1,1,1783226705
2026-07-05T04:59:05Z,1166,6,0,15,0,0,1,1,1,1783227004
2026-07-05T04:59:05Z,1167,12,2,3,0,0,1,1,1,1783227487
2026-07-05T04:59:05Z,1168,5,1,18,0,0,1,1,1,1783227187
2026-07-05T04:59:05Z,1169,0,0,18,1,0,1,1,1,1783226549
2026-07-05T04:59:05Z,1170,0,0,21,0,0,1,1,1,1783225928
2026-07-05T04:59:05Z,1171,10,9,12,1,0,1,1,1,1783226613
2026-07-05T04:59:05Z,1172,10,3,5,0,0,1,1,1,1783227504
2026-07-05T04:59:05Z,1173,0,0,19,0,0,1,1,1,1783225997
2026-07-05T04:59:05Z,1174,1,0,14,0,0,1,1,1,1783227329
2026-07-05T04:59:05Z,1175,1,0,17,1,0,1,1,1,1783226946
2026-07-05T04:59:05Z,1176,18,4,3,0,0,1,1,1,1783217041
2026-07-05T04:59:05Z,1177,11,4,10,0,0,1,1,1,1783227014
2026-07-05T04:59:05Z,1178,7,3,7,1,0,1,1,1,1783226198
2026-07-05T04:59:05Z,1181,4,0,11,0,0,1,1,1,1783225286
2026-07-05T04:59:05Z,1182,9,0,10,1,0,1,1,1,1783227500
2026-07-05T04:59:05Z,1183,0,0,36,1,0,1,1,1,1783226073
2026-07-05T04:59:05Z,1184,1,0,17,3,0,1,1,1,1783227438
2026-07-05T04:59:05Z,1185,10,5,11,0,0,1,1,1,1783226013
2026-07-05T04:59:05Z,1186,10,5,9,0,0,1,1,1,1783227332
2026-07-05T04:59:05Z,1190,7,4,14,0,0,1,1,1,1783226368
2026-07-05T04:59:05Z,1192,9,5,12,0,0,1,1,1,1783226383
2026-07-05T04:59:05Z,1193,5,1,7,1,0,1,1,1,1783226103
2026-07-05T04:59:05Z,1197,8,2,7,2,0,1,1,1,1783227239
2026-07-05T04:59:05Z,1198,13,8,7,1,0,1,1,1,1783226199
2026-07-05T04:59:05Z,1199,6,5,13,0,0,1,1,1,1783227039
2026-07-05T04:59:05Z,1200,9,3,5,1,0,1,1,1,1783226883
2026-07-05T04:59:05Z,1201,4,0,11,0,0,1,1,1,1783226459
2026-07-05T04:59:05Z,1202,13,6,2,0,0,1,1,1,1783226147
2026-07-05T04:59:05Z,1203,11,6,4,0,0,1,1,1,1783226474
2026-07-05T04:59:05Z,1218,11,5,10,0,0,1,1,1,1783226092
2026-07-05T04:59:05Z,1224,0,0,3,0,0,0,1,1,1781869449
2026-07-05T04:59:05Z,1225,0,0,3,0,0,0,1,1,1781868919
2026-07-05T04:59:05Z,1226,0,0,3,0,0,0,1,1,1781868931
