snapshot_utc,station_id,num_bikes_available,num_ebikes_available,num_docks_available,num_bikes_disabled,num_docks_disabled,is_installed,is_renting,is_returning,last_reported
2026-06-19T00:00:51Z,1,2,0,21,0,0,1,1,1,1781827031
2026-06-19T00:00:51Z,2,21,2,5,1,0,1,1,1,1781826804
2026-06-19T00:00:51Z,3,19,6,0,0,0,1,1,1,1781827114
2026-06-19T00:00:51Z,4,3,0,20,0,0,1,1,1,1781826641
2026-06-19T00:00:51Z,5,4,1,18,1,0,1,1,1,1781827019
2026-06-19T00:00:51Z,6,6,0,9,0,0,1,1,1,1781826348
2026-06-19T00:00:51Z,7,6,1,17,0,0,1,1,1,1781827084
2026-06-19T00:00:51Z,8,14,0,29,0,0,1,1,1,1781827059
2026-06-19T00:00:51Z,9,18,1,5,0,0,1,1,1,1781826493
2026-06-19T00:00:51Z,10,12,6,9,2,0,1,1,1,1781825937
2026-06-19T00:00:51Z,11,19,4,0,0,0,1,1,1,1781826886
2026-06-19T00:00:51Z,12,15,1,8,0,0,1,1,1,1781826369
2026-06-19T00:00:51Z,13,17,2,14,0,0,1,1,1,1781826934
2026-06-19T00:00:51Z,14,34,1,9,0,0,1,1,1,1781827244
2026-06-19T00:00:51Z,15,14,2,0,1,0,1,1,1,1781827212
2026-06-19T00:00:51Z,16,14,3,12,1,0,1,1,1,1781824387
2026-06-19T00:00:51Z,17,4,1,22,1,0,1,1,1,1781827210
2026-06-19T00:00:51Z,18,16,2,3,0,0,1,1,1,1781827246
2026-06-19T00:00:51Z,19,16,0,11,0,0,1,1,1,1781827090
2026-06-19T00:00:51Z,20,11,0,16,0,0,1,1,1,1781826442
2026-06-19T00:00:51Z,21,3,0,15,1,0,1,1,1,1781827194
2026-06-19T00:00:51Z,22,16,1,50,0,0,1,1,1,1781825972
2026-06-19T00:00:51Z,23,13,1,18,0,0,1,1,1,1781827247
2026-06-19T00:00:51Z,24,9,1,0,2,0,1,1,1,1781827243
2026-06-19T00:00:51Z,25,48,0,31,2,0,1,1,1,1781827014
2026-06-19T00:00:51Z,26,0,0,27,0,0,1,1,1,1781825649
2026-06-19T00:00:51Z,28,5,0,9,1,0,1,1,1,1781825481
2026-06-19T00:00:51Z,30,9,0,19,1,0,1,1,1,1781826501
2026-06-19T00:00:51Z,31,8,0,11,0,0,1,1,1,1781826914
2026-06-19T00:00:51Z,32,25,1,2,0,0,1,1,1,1781827219
2026-06-19T00:00:51Z,34,21,0,15,1,0,1,1,1,1781826369
2026-06-19T00:00:51Z,35,42,0,4,1,0,1,1,1,1781827246
2026-06-19T00:00:51Z,36,0,0,0,0,0,0,1,1,86400
2026-06-19T00:00:51Z,37,14,0,7,2,0,1,1,1,1781827099
2026-06-19T00:00:51Z,38,10,0,13,0,0,1,1,1,1781827155
2026-06-19T00:00:51Z,39,27,3,4,0,0,1,1,1,1781826949
2026-06-19T00:00:51Z,40,2,0,19,0,0,1,1,1,1781827129
2026-06-19T00:00:51Z,41,4,0,22,1,0,1,1,1,1781826798
2026-06-19T00:00:51Z,42,22,0,9,0,0,1,1,1,1781826779
2026-06-19T00:00:51Z,43,22,6,0,1,0,1,1,1,1781827127
2026-06-19T00:00:51Z,45,1,0,30,0,0,1,1,1,1781826176
2026-06-19T00:00:51Z,46,2,0,29,0,0,1,1,1,1781827228
2026-06-19T00:00:51Z,47,5,3,9,1,0,1,1,1,1781827009
2026-06-19T00:00:51Z,48,20,0,7,0,0,1,1,1,1781827225
2026-06-19T00:00:51Z,49,2,0,18,3,0,1,1,1,1781827245
2026-06-19T00:00:51Z,50,1,1,17,1,0,1,1,1,1781826287
2026-06-19T00:00:51Z,51,22,0,57,0,0,1,1,1,1781823093
2026-06-19T00:00:51Z,52,26,2,0,1,0,1,1,1,1781827243
2026-06-19T00:00:51Z,55,0,0,22,1,0,1,1,1,1781827100
2026-06-19T00:00:51Z,56,8,0,18,1,0,1,1,1,1781827245
2026-06-19T00:00:51Z,57,9,0,16,2,0,1,1,1,1781827009
2026-06-19T00:00:51Z,58,3,2,25,0,0,1,1,1,1781825601
2026-06-19T00:00:51Z,59,8,0,17,2,0,1,1,1,1781827239
2026-06-19T00:00:51Z,61,14,1,24,1,0,1,1,1,1781827040
2026-06-19T00:00:51Z,62,32,5,17,0,0,1,1,1,1781827235
2026-06-19T00:00:51Z,63,4,0,15,0,0,1,1,1,1781826811
2026-06-19T00:00:51Z,64,14,1,2,3,0,1,1,1,1781815477
2026-06-19T00:00:51Z,65,6,4,11,2,0,1,1,1,1781824670
2026-06-19T00:00:51Z,67,2,0,37,0,0,1,1,1,1781826901
2026-06-19T00:00:51Z,68,14,0,22,0,0,1,1,1,1781826924
2026-06-19T00:00:51Z,69,15,0,0,0,0,1,1,1,1781823368
2026-06-19T00:00:51Z,71,10,0,17,0,0,1,1,1,1781827235
2026-06-19T00:00:51Z,72,17,9,12,2,0,1,1,1,1781826989
2026-06-19T00:00:51Z,73,0,0,23,0,0,1,1,1,1781827219
2026-06-19T00:00:51Z,74,5,2,13,0,1,1,1,1,1781826898
2026-06-19T00:00:51Z,75,9,0,26,0,0,1,1,1,1781826881
2026-06-19T00:00:51Z,76,2,0,16,1,0,1,1,1,1781824370
2026-06-19T00:00:51Z,77,11,0,15,1,0,1,1,1,1781826874
2026-06-19T00:00:51Z,78,11,1,12,0,0,1,1,1,1781827128
2026-06-19T00:00:51Z,79,7,2,10,0,0,1,1,1,1781826693
2026-06-19T00:00:51Z,80,7,2,15,0,1,1,1,1,1781827084
2026-06-19T00:00:51Z,81,5,0,17,1,0,1,1,1,1781826536
2026-06-19T00:00:51Z,82,19,5,3,1,0,1,1,1,1781826449
2026-06-19T00:00:51Z,83,29,0,4,1,0,1,1,1,1781827152
2026-06-19T00:00:51Z,84,26,3,1,0,0,1,1,1,1781826235
2026-06-19T00:00:51Z,85,2,0,17,0,0,1,1,1,1781826652
2026-06-19T00:00:51Z,86,22,2,5,0,0,1,1,1,1781825108
2026-06-19T00:00:51Z,87,3,0,16,0,0,1,1,1,1781826082
2026-06-19T00:00:51Z,88,22,1,5,4,0,1,1,1,1781827232
2026-06-19T00:00:51Z,89,35,3,0,0,0,1,1,1,1781820365
2026-06-19T00:00:51Z,90,11,0,6,2,0,1,1,1,1781826973
2026-06-19T00:00:51Z,91,7,1,10,0,0,1,1,1,1781824898
2026-06-19T00:00:51Z,92,5,2,13,1,0,1,1,1,1781827162
2026-06-19T00:00:51Z,93,4,0,19,0,0,1,1,1,1781827243
2026-06-19T00:00:51Z,94,1,0,18,0,0,1,1,1,1781826206
2026-06-19T00:00:51Z,95,8,1,25,1,0,1,1,1,1781827125
2026-06-19T00:00:51Z,96,26,3,4,1,0,1,1,1,1781826277
2026-06-19T00:00:51Z,97,6,0,11,0,0,1,1,1,1781826689
2026-06-19T00:00:51Z,98,33,4,1,1,0,1,1,1,1781827223
2026-06-19T00:00:51Z,99,14,0,1,0,0,1,1,1,1781826926
2026-06-19T00:00:51Z,100,16,1,11,0,0,1,1,1,1781827178
2026-06-19T00:00:51Z,101,13,0,1,1,0,1,1,1,1781827112
2026-06-19T00:00:51Z,102,7,0,16,0,0,1,1,1,1781826772
2026-06-19T00:00:51Z,103,4,0,26,2,0,1,1,1,1781827046
2026-06-19T00:00:51Z,104,24,0,2,1,0,1,1,1,1781827070
2026-06-19T00:00:51Z,105,13,3,6,0,0,1,1,1,1781821907
2026-06-19T00:00:51Z,106,13,1,8,0,0,1,1,1,1781825933
2026-06-19T00:00:51Z,107,15,0,22,0,0,1,1,1,1781826859
2026-06-19T00:00:51Z,108,10,1,22,1,2,1,1,1,1781826002
2026-06-19T00:00:51Z,109,1,0,22,0,0,1,1,1,1781827126
2026-06-19T00:00:51Z,110,10,0,13,0,0,1,1,1,1781827093
2026-06-19T00:00:51Z,111,29,0,7,0,0,1,1,1,1781827115
2026-06-19T00:00:51Z,112,4,1,13,2,0,1,1,1,1781826985
2026-06-19T00:00:51Z,113,2,2,17,0,0,1,1,1,1781826480
2026-06-19T00:00:51Z,114,11,2,19,1,0,1,1,1,1781826430
2026-06-19T00:00:51Z,115,2,1,21,2,1,1,1,1,1781827085
2026-06-19T00:00:51Z,116,3,0,24,0,0,1,1,1,1781826147
2026-06-19T00:00:51Z,118,9,4,14,0,0,1,1,1,1781826953
2026-06-19T00:00:51Z,119,7,2,30,2,0,1,1,1,1781827238
2026-06-19T00:00:51Z,120,13,3,13,1,0,1,1,1,1781826893
2026-06-19T00:00:51Z,121,0,0,17,2,0,1,1,1,1781827138
2026-06-19T00:00:51Z,122,3,0,16,2,0,1,1,1,1781827104
2026-06-19T00:00:51Z,123,6,3,41,0,0,1,1,1,1781826719
2026-06-19T00:00:51Z,124,25,2,2,0,0,1,1,1,1781826980
2026-06-19T00:00:51Z,125,6,4,17,0,0,1,1,1,1781827183
2026-06-19T00:00:51Z,126,19,1,12,0,0,1,1,1,1781827140
2026-06-19T00:00:51Z,127,27,5,3,1,0,1,1,1,1781827080
2026-06-19T00:00:51Z,128,9,7,6,4,0,1,1,1,1781827240
2026-06-19T00:00:51Z,129,16,0,0,3,0,1,1,1,1781827076
2026-06-19T00:00:51Z,130,10,1,6,1,0,1,1,1,1781825829
2026-06-19T00:00:51Z,131,3,1,8,0,0,1,1,1,1781826433
2026-06-19T00:00:51Z,132,7,4,6,1,1,1,1,1,1781826833
2026-06-19T00:00:51Z,133,5,1,18,0,0,1,1,1,1781827216
2026-06-19T00:00:51Z,134,11,4,10,0,0,1,1,1,1781826833
2026-06-19T00:00:51Z,135,1,0,18,0,0,1,1,1,1781827027
2026-06-19T00:00:51Z,136,8,0,14,0,0,1,1,1,1781827144
2026-06-19T00:00:51Z,137,0,0,19,0,0,1,1,1,1781827126
2026-06-19T00:00:51Z,138,22,2,14,1,0,1,1,1,1781827162
2026-06-19T00:00:51Z,139,12,0,7,0,0,1,1,1,1781827088
2026-06-19T00:00:51Z,140,15,0,8,0,0,1,1,1,1781827144
2026-06-19T00:00:51Z,141,5,1,17,0,0,1,1,1,1781827170
2026-06-19T00:00:51Z,142,13,0,6,0,0,1,1,1,1781827117
2026-06-19T00:00:51Z,143,30,0,1,0,0,1,1,1,1781826457
2026-06-19T00:00:51Z,144,25,3,2,0,0,1,1,1,1781827041
2026-06-19T00:00:51Z,145,27,0,3,1,0,1,1,1,1781827178
2026-06-19T00:00:51Z,146,19,2,4,0,0,1,1,1,1781827128
2026-06-19T00:00:51Z,147,1,1,17,1,0,1,1,1,1781824342
2026-06-19T00:00:51Z,148,1,1,26,0,0,1,1,1,1781827217
2026-06-19T00:00:51Z,149,11,3,8,0,0,1,1,1,1781827246
2026-06-19T00:00:51Z,150,34,4,0,1,0,1,1,1,1781826826
2026-06-19T00:00:51Z,151,16,0,7,0,0,1,1,1,1781827170
2026-06-19T00:00:51Z,152,21,3,4,2,0,1,1,1,1781827032
2026-06-19T00:00:51Z,153,20,0,0,3,0,1,1,1,1781827236
2026-06-19T00:00:51Z,154,18,3,3,2,0,1,1,1,1781827160
2026-06-19T00:00:51Z,155,0,0,12,2,0,1,1,1,1781824143
2026-06-19T00:00:51Z,156,4,1,15,0,0,1,1,1,1781827036
2026-06-19T00:00:51Z,157,21,2,6,0,0,1,1,1,1781827129
2026-06-19T00:00:51Z,158,18,3,1,0,0,1,1,1,1781825732
2026-06-19T00:00:51Z,159,15,2,3,1,0,1,1,1,1781827227
2026-06-19T00:00:51Z,160,16,1,1,2,0,1,1,1,1781827240
2026-06-19T00:00:51Z,161,17,1,1,3,1,1,1,1,1781827234
2026-06-19T00:00:51Z,162,8,0,18,1,0,1,1,1,1781826759
2026-06-19T00:00:51Z,163,11,1,19,1,0,1,1,1,1781827077
2026-06-19T00:00:51Z,164,20,0,6,1,0,1,1,1,1781827226
2026-06-19T00:00:51Z,165,23,6,7,1,0,1,1,1,1781827178
2026-06-19T00:00:51Z,166,24,6,14,0,0,1,1,1,1781826463
2026-06-19T00:00:51Z,167,9,3,13,0,1,1,1,1,1781826523
2026-06-19T00:00:51Z,168,10,1,15,1,1,1,1,1,1781827039
2026-06-19T00:00:51Z,169,11,2,12,0,0,1,1,1,1781826990
2026-06-19T00:00:51Z,170,6,1,12,1,0,1,1,1,1781826534
2026-06-19T00:00:51Z,171,6,1,6,1,0,1,1,1,1781826177
2026-06-19T00:00:51Z,173,13,1,24,0,0,1,1,1,1781826896
2026-06-19T00:00:51Z,174,24,5,1,0,0,1,1,1,1781826693
2026-06-19T00:00:51Z,175,31,0,0,0,0,1,1,1,1781825913
2026-06-19T00:00:51Z,176,5,1,8,1,1,1,1,1,1781827146
2026-06-19T00:00:51Z,177,26,1,1,0,0,1,1,1,1781827180
2026-06-19T00:00:51Z,178,6,2,4,5,0,1,1,1,1781827212
2026-06-19T00:00:51Z,179,14,2,0,1,0,1,1,1,1781827107
2026-06-19T00:00:51Z,180,8,0,21,1,0,1,1,1,1781825902
2026-06-19T00:00:51Z,181,7,1,6,1,1,1,1,1,1781827193
2026-06-19T00:00:51Z,182,1,1,17,1,0,1,1,1,1781826785
2026-06-19T00:00:51Z,183,13,1,8,2,0,1,1,1,1781827137
2026-06-19T00:00:51Z,184,14,0,7,2,0,1,1,1,1781827120
2026-06-19T00:00:51Z,185,7,0,4,3,1,1,1,1,1781825259
2026-06-19T00:00:51Z,186,5,1,14,0,0,1,1,1,1781826904
2026-06-19T00:00:51Z,187,0,0,28,1,0,1,1,1,1781826963
2026-06-19T00:00:51Z,188,21,5,5,1,0,1,1,1,1781826806
2026-06-19T00:00:51Z,189,14,5,1,0,0,1,1,1,1781826099
2026-06-19T00:00:51Z,190,10,0,12,1,0,1,1,1,1781827061
2026-06-19T00:00:51Z,191,0,0,38,0,1,1,1,1,1781827019
2026-06-19T00:00:51Z,192,13,7,18,0,0,1,1,1,1781825966
2026-06-19T00:00:51Z,193,6,2,7,2,0,1,1,1,1781826392
2026-06-19T00:00:51Z,194,13,1,2,0,0,1,1,1,1781827016
2026-06-19T00:00:51Z,195,3,3,16,0,0,1,1,1,1781826391
2026-06-19T00:00:51Z,196,8,1,16,3,0,1,1,1,1781827243
2026-06-19T00:00:51Z,197,15,0,4,0,0,1,1,1,1781827223
2026-06-19T00:00:51Z,198,2,0,20,0,0,1,1,1,1781826757
2026-06-19T00:00:51Z,199,2,1,11,2,0,1,1,1,1781827232
2026-06-19T00:00:51Z,200,20,3,4,2,0,1,1,1,1781827021
2026-06-19T00:00:51Z,201,11,4,11,1,0,1,1,1,1781825978
2026-06-19T00:00:51Z,202,0,0,26,0,0,1,1,1,1781827213
2026-06-19T00:00:51Z,203,24,1,7,0,0,1,1,1,1781826909
2026-06-19T00:00:51Z,204,22,3,12,1,0,1,1,1,1781827163
2026-06-19T00:00:51Z,205,26,3,1,0,0,1,1,1,1781826338
2026-06-19T00:00:51Z,206,1,0,12,1,1,1,1,1,1781826454
2026-06-19T00:00:51Z,207,20,0,1,0,0,1,1,1,1781825066
2026-06-19T00:00:51Z,208,5,1,23,1,0,1,1,1,1781825258
2026-06-19T00:00:51Z,209,29,4,1,1,0,1,1,1,1781827001
2026-06-19T00:00:51Z,210,17,3,9,1,0,1,1,1,1781827018
2026-06-19T00:00:51Z,211,18,0,4,1,0,1,1,1,1781827015
2026-06-19T00:00:51Z,212,22,5,13,0,0,1,1,1,1781827241
2026-06-19T00:00:51Z,213,18,0,5,0,0,1,1,1,1781826434
2026-06-19T00:00:51Z,214,32,13,12,3,0,1,1,1,1781827068
2026-06-19T00:00:51Z,215,23,0,0,0,0,1,1,1,1781827159
2026-06-19T00:00:51Z,216,19,6,0,0,0,1,1,1,1781827064
2026-06-19T00:00:51Z,217,28,4,1,1,0,1,1,1,1781827224
2026-06-19T00:00:51Z,218,10,1,28,1,0,1,1,1,1781827139
2026-06-19T00:00:51Z,219,17,1,9,0,0,1,1,1,1781827156
2026-06-19T00:00:51Z,220,40,1,1,2,0,1,1,1,1781826727
2026-06-19T00:00:51Z,221,8,7,6,0,0,1,1,1,1781827174
2026-06-19T00:00:51Z,222,2,2,17,0,0,1,1,1,1781826959
2026-06-19T00:00:51Z,223,14,2,19,2,0,1,1,1,1781827228
2026-06-19T00:00:51Z,224,6,2,16,0,0,1,1,1,1781827202
2026-06-19T00:00:51Z,225,3,0,15,1,0,1,1,1,1781822049
2026-06-19T00:00:51Z,226,18,18,12,0,1,1,1,1,1781827114
2026-06-19T00:00:51Z,227,11,7,15,1,0,1,1,1,1781827245
2026-06-19T00:00:51Z,228,10,1,7,2,0,1,1,1,1781827148
2026-06-19T00:00:51Z,230,2,1,21,0,0,1,1,1,1781827145
2026-06-19T00:00:51Z,232,14,3,4,1,0,1,1,1,1781827109
2026-06-19T00:00:51Z,233,30,6,1,0,0,1,1,1,1781826957
2026-06-19T00:00:51Z,234,4,3,14,1,0,1,1,1,1781826061
2026-06-19T00:00:51Z,236,17,5,1,1,0,1,1,1,1781826331
2026-06-19T00:00:51Z,237,12,0,11,0,0,1,1,1,1781826639
2026-06-19T00:00:51Z,239,17,2,9,1,0,1,1,1,1781827142
2026-06-19T00:00:51Z,241,10,3,12,1,0,1,1,1,1781827207
2026-06-19T00:00:51Z,242,7,1,13,3,0,1,1,1,1781827196
2026-06-19T00:00:51Z,243,21,13,9,1,0,1,1,1,1781827246
2026-06-19T00:00:51Z,244,12,2,15,0,0,1,1,1,1781826980
2026-06-19T00:00:51Z,245,2,0,20,1,0,1,1,1,1781825961
2026-06-19T00:00:51Z,246,2,0,21,0,0,1,1,1,1781825206
2026-06-19T00:00:51Z,247,10,5,11,2,0,1,1,1,1781826495
2026-06-19T00:00:51Z,248,3,3,17,3,0,1,1,1,1781826240
2026-06-19T00:00:51Z,249,0,0,19,0,0,1,1,1,1781826499
2026-06-19T00:00:51Z,250,6,5,21,0,0,1,1,1,1781826684
2026-06-19T00:00:51Z,251,25,11,2,0,0,1,1,1,1781827006
2026-06-19T00:00:51Z,253,2,2,16,1,0,1,1,1,1781827189
2026-06-19T00:00:51Z,254,1,1,35,7,0,1,1,1,1781827137
2026-06-19T00:00:51Z,255,0,0,23,0,0,1,1,1,1781823293
2026-06-19T00:00:51Z,256,2,1,19,2,0,1,1,1,1781826433
2026-06-19T00:00:51Z,257,17,4,2,0,0,1,1,1,1781825455
2026-06-19T00:00:51Z,258,7,3,8,4,0,1,1,1,1781827152
2026-06-19T00:00:51Z,259,10,0,13,0,0,1,1,1,1781826815
2026-06-19T00:00:51Z,260,14,3,3,2,0,1,1,1,1781827013
2026-06-19T00:00:51Z,261,11,0,7,1,0,1,1,1,1781827238
2026-06-19T00:00:51Z,262,17,7,2,3,1,1,1,1,1781826959
2026-06-19T00:00:51Z,263,11,7,3,1,0,1,1,1,1781826945
2026-06-19T00:00:51Z,264,12,2,7,0,0,1,1,1,1781826243
2026-06-19T00:00:51Z,265,3,0,12,0,0,1,1,1,1781826477
2026-06-19T00:00:51Z,266,6,1,12,1,0,1,1,1,1781825383
2026-06-19T00:00:51Z,267,9,2,4,2,0,1,1,1,1781823994
2026-06-19T00:00:51Z,268,13,2,7,3,0,1,1,1,1781826381
2026-06-19T00:00:51Z,269,12,7,11,0,0,1,1,1,1781825782
2026-06-19T00:00:51Z,270,1,0,26,0,0,1,1,1,1781826883
2026-06-19T00:00:51Z,271,0,0,18,1,0,1,1,1,1781820828
2026-06-19T00:00:51Z,272,16,4,6,1,0,1,1,1,1781826706
2026-06-19T00:00:51Z,273,14,3,0,1,0,1,1,1,1781826397
2026-06-19T00:00:51Z,274,11,5,7,1,0,1,1,1,1781826557
2026-06-19T00:00:51Z,275,7,0,15,1,0,1,1,1,1781827212
2026-06-19T00:00:51Z,276,11,7,12,3,1,1,1,1,1781825163
2026-06-19T00:00:51Z,277,2,1,17,4,0,1,1,1,1781827111
2026-06-19T00:00:51Z,278,4,2,26,1,0,1,1,1,1781827143
2026-06-19T00:00:51Z,279,1,1,18,0,0,1,1,1,1781827128
2026-06-19T00:00:51Z,280,7,1,22,2,0,1,1,1,1781826956
2026-06-19T00:00:51Z,281,20,2,3,0,0,1,1,1,1781827104
2026-06-19T00:00:51Z,282,4,0,12,0,0,1,1,1,1781824582
2026-06-19T00:00:51Z,283,29,1,6,0,0,1,1,1,1781826923
2026-06-19T00:00:51Z,284,24,6,10,1,0,1,1,1,1781826911
2026-06-19T00:00:51Z,285,3,1,20,0,0,1,1,1,1781826905
2026-06-19T00:00:51Z,286,9,6,13,1,0,1,1,1,1781826879
2026-06-19T00:00:51Z,287,5,1,16,2,0,1,1,1,1781827230
2026-06-19T00:00:51Z,288,7,1,12,0,0,1,1,1,1781826113
2026-06-19T00:00:51Z,289,9,9,17,1,0,1,1,1,1781827240
2026-06-19T00:00:51Z,290,0,0,36,2,1,0,1,1,1781808916
2026-06-19T00:00:51Z,291,16,0,7,0,0,1,1,1,1781827222
2026-06-19T00:00:51Z,292,14,0,9,0,0,1,1,1,1781827212
2026-06-19T00:00:51Z,293,13,3,9,1,0,1,1,1,1781827107
2026-06-19T00:00:51Z,294,18,6,2,2,0,1,1,1,1781827071
2026-06-19T00:00:51Z,297,12,0,6,1,0,1,1,1,1781826987
2026-06-19T00:00:51Z,301,6,0,12,1,0,1,1,1,1781827104
2026-06-19T00:00:51Z,302,20,1,2,1,0,1,1,1,1781827096
2026-06-19T00:00:51Z,303,0,0,19,0,0,1,1,1,1781826653
2026-06-19T00:00:51Z,304,0,0,0,0,0,0,1,1,86400
2026-06-19T00:00:51Z,305,5,0,14,0,0,1,1,1,1781826238
2026-06-19T00:00:51Z,306,2,1,30,0,0,1,1,1,1781827167
2026-06-19T00:00:51Z,307,11,1,12,0,0,1,1,1,1781827189
2026-06-19T00:00:51Z,308,12,1,5,2,0,1,1,1,1781826954
2026-06-19T00:00:51Z,309,7,2,3,3,1,1,1,1,1781827246
2026-06-19T00:00:51Z,311,1,0,14,0,0,1,1,1,1781827102
2026-06-19T00:00:51Z,312,12,6,9,2,0,1,1,1,1781826907
2026-06-19T00:00:51Z,313,6,1,9,0,0,1,1,1,1781826393
2026-06-19T00:00:51Z,314,4,0,13,2,0,1,1,1,1781827072
2026-06-19T00:00:51Z,315,20,5,11,0,0,1,1,1,1781826945
2026-06-19T00:00:51Z,316,14,0,0,1,0,1,1,1,1781826077
2026-06-19T00:00:51Z,317,8,4,21,1,1,1,1,1,1781827162
2026-06-19T00:00:51Z,318,12,1,5,0,0,1,1,1,1781824196
2026-06-19T00:00:51Z,319,18,2,7,2,0,1,1,1,1781827130
2026-06-19T00:00:51Z,320,11,2,8,0,0,1,1,1,1781825331
2026-06-19T00:00:51Z,321,9,0,10,0,0,1,1,1,1781818983
2026-06-19T00:00:51Z,322,14,1,15,0,0,1,1,1,1781826946
2026-06-19T00:00:51Z,323,5,1,13,1,0,1,1,1,1781827216
2026-06-19T00:00:51Z,324,10,3,17,0,0,1,1,1,1781827206
2026-06-19T00:00:51Z,325,3,1,22,2,0,1,1,1,1781827239
2026-06-19T00:00:51Z,327,11,0,13,1,2,1,1,1,1781826582
2026-06-19T00:00:51Z,328,0,0,23,0,0,1,1,1,1781824979
2026-06-19T00:00:51Z,329,9,2,9,1,0,1,1,1,1781826015
2026-06-19T00:00:51Z,330,14,2,8,0,0,1,1,1,1781827044
2026-06-19T00:00:51Z,331,10,0,12,1,0,1,1,1,1781827099
2026-06-19T00:00:51Z,332,11,3,8,0,0,1,1,1,1781826817
2026-06-19T00:00:51Z,333,11,4,12,0,0,1,1,1,1781827234
2026-06-19T00:00:51Z,334,9,3,13,1,0,1,1,1,1781826535
2026-06-19T00:00:51Z,335,11,1,11,0,1,1,1,1,1781826643
2026-06-19T00:00:51Z,336,12,4,7,0,0,1,1,1,1781826598
2026-06-19T00:00:51Z,337,16,4,4,3,0,1,1,1,1781826426
2026-06-19T00:00:51Z,338,8,4,11,0,0,1,1,1,1781826874
2026-06-19T00:00:51Z,339,17,14,4,2,0,1,1,1,1781827032
2026-06-19T00:00:51Z,340,6,3,8,1,0,1,1,1,1781826680
2026-06-19T00:00:51Z,341,7,5,12,0,0,1,1,1,1781826596
2026-06-19T00:00:51Z,342,6,2,8,1,0,1,1,1,1781826904
2026-06-19T00:00:51Z,343,12,8,11,0,0,1,1,1,1781827202
2026-06-19T00:00:51Z,344,3,1,20,0,0,1,1,1,1781826537
2026-06-19T00:00:51Z,345,7,1,11,1,0,1,1,1,1781827161
2026-06-19T00:00:51Z,346,3,1,20,0,0,1,1,1,1781826194
2026-06-19T00:00:51Z,347,7,0,40,0,0,1,1,1,1781827204
2026-06-19T00:00:51Z,348,1,0,22,0,0,1,1,1,1781827233
2026-06-19T00:00:51Z,349,12,0,6,1,0,1,1,1,1781826991
2026-06-19T00:00:51Z,350,8,0,18,0,1,1,1,1,1781827198
2026-06-19T00:00:51Z,351,8,0,13,2,0,1,1,1,1781827195
2026-06-19T00:00:51Z,355,13,2,10,0,0,1,1,1,1781824862
2026-06-19T00:00:51Z,356,14,1,4,1,0,1,1,1,1781826481
2026-06-19T00:00:51Z,357,18,5,1,0,0,1,1,1,1781827118
2026-06-19T00:00:51Z,358,11,2,16,0,0,1,1,1,1781827196
2026-06-19T00:00:51Z,359,8,0,18,1,0,1,1,1,1781827112
2026-06-19T00:00:51Z,360,7,3,12,0,0,1,1,1,1781824170
2026-06-19T00:00:51Z,362,15,2,3,1,0,1,1,1,1781825517
2026-06-19T00:00:51Z,363,24,0,1,0,1,1,1,1,1781826555
2026-06-19T00:00:51Z,364,12,4,6,0,1,1,1,1,1781824944
2026-06-19T00:00:51Z,365,8,0,14,1,0,1,1,1,1781824704
2026-06-19T00:00:51Z,366,17,10,5,1,0,1,1,1,1781827167
2026-06-19T00:00:51Z,367,13,4,6,0,0,1,1,1,1781826550
2026-06-19T00:00:51Z,368,13,2,10,0,0,1,1,1,1781827211
2026-06-19T00:00:51Z,370,26,7,0,1,0,1,1,1,1781825502
2026-06-19T00:00:51Z,371,8,0,9,2,0,1,1,1,1781827031
2026-06-19T00:00:51Z,372,14,3,1,0,0,1,1,1,1781826145
2026-06-19T00:00:51Z,373,7,4,19,0,0,1,1,1,1781827048
2026-06-19T00:00:51Z,374,4,2,13,0,0,1,1,1,1781825573
2026-06-19T00:00:51Z,375,24,8,2,1,0,1,1,1,1781826355
2026-06-19T00:00:51Z,376,33,12,2,4,0,1,1,1,1781826071
2026-06-19T00:00:51Z,377,25,5,0,2,0,1,1,1,1781826831
2026-06-19T00:00:51Z,378,19,1,2,3,0,1,1,1,1781827230
2026-06-19T00:00:51Z,379,16,1,11,0,0,1,1,1,1781827245
2026-06-19T00:00:51Z,380,22,2,0,1,0,1,1,1,1781822331
2026-06-19T00:00:51Z,381,18,2,5,0,0,1,1,1,1781827152
2026-06-19T00:00:51Z,383,6,1,9,0,0,1,1,1,1781826228
2026-06-19T00:00:51Z,384,13,1,5,1,0,1,1,1,1781825128
2026-06-19T00:00:51Z,385,8,2,9,1,0,1,1,1,1781827041
2026-06-19T00:00:51Z,387,17,1,6,0,0,1,1,1,1781823290
2026-06-19T00:00:51Z,388,31,2,17,0,0,1,1,1,1781827004
2026-06-19T00:00:51Z,389,6,4,9,0,0,1,1,1,1781823128
2026-06-19T00:00:51Z,390,26,2,1,0,0,1,1,1,1781826239
2026-06-19T00:00:51Z,391,11,1,3,1,0,1,1,1,1781827026
2026-06-19T00:00:51Z,392,2,1,16,1,0,1,1,1,1781825297
2026-06-19T00:00:51Z,393,1,1,10,0,0,1,1,1,1781827196
2026-06-19T00:00:51Z,394,12,2,1,4,1,1,1,1,1781827196
2026-06-19T00:00:51Z,396,2,2,38,2,0,1,1,1,1781826296
2026-06-19T00:00:51Z,397,5,0,25,1,0,1,1,1,1781825872
2026-06-19T00:00:51Z,399,13,3,5,0,1,1,1,1,1781826990
2026-06-19T00:00:51Z,400,9,0,12,2,0,1,1,1,1781826895
2026-06-19T00:00:51Z,401,21,3,10,0,0,1,1,1,1781827201
2026-06-19T00:00:51Z,403,24,5,3,3,1,1,1,1,1781827185
2026-06-19T00:00:51Z,404,22,2,0,1,0,1,1,1,1781826950
2026-06-19T00:00:51Z,406,22,2,13,0,0,1,1,1,1781826701
2026-06-19T00:00:51Z,407,10,0,24,0,0,1,1,1,1781826521
2026-06-19T00:00:51Z,408,1,0,32,0,0,1,1,1,1781827215
2026-06-19T00:00:51Z,409,1,0,21,1,0,1,1,1,1781816049
2026-06-19T00:00:51Z,413,7,4,16,0,0,1,1,1,1781825048
2026-06-19T00:00:51Z,414,9,1,5,1,0,1,1,1,1781826685
2026-06-19T00:00:51Z,417,19,9,0,0,0,1,1,1,1781827216
2026-06-19T00:00:51Z,418,1,1,13,1,0,1,1,1,1781824221
2026-06-19T00:00:51Z,419,3,0,20,0,0,1,1,1,1781826976
2026-06-19T00:00:51Z,421,3,0,16,0,0,1,1,1,1781826523
2026-06-19T00:00:51Z,422,8,1,19,0,0,1,1,1,1781827210
2026-06-19T00:00:51Z,423,13,1,9,0,1,1,1,1,1781827013
2026-06-19T00:00:51Z,424,1,1,13,1,0,1,1,1,1781825807
2026-06-19T00:00:51Z,425,13,1,8,1,0,1,1,1,1781827210
2026-06-19T00:00:51Z,426,11,0,22,4,0,1,1,1,1781827156
2026-06-19T00:00:51Z,427,10,2,4,0,1,1,1,1,1781826643
2026-06-19T00:00:51Z,428,13,0,6,0,0,1,1,1,1781827008
2026-06-19T00:00:51Z,429,22,10,0,1,0,1,1,1,1781827109
2026-06-19T00:00:51Z,430,2,1,28,1,0,1,1,1,1781827088
2026-06-19T00:00:51Z,431,7,0,21,3,2,1,1,1,1781827241
2026-06-19T00:00:51Z,432,30,8,0,1,0,1,1,1,1781827243
2026-06-19T00:00:51Z,433,7,0,16,0,0,1,1,1,1781822765
2026-06-19T00:00:51Z,437,7,2,10,2,0,1,1,1,1781827211
2026-06-19T00:00:51Z,438,0,0,17,1,1,1,1,1,1781827229
2026-06-19T00:00:51Z,439,9,2,6,0,0,1,1,1,1781826836
2026-06-19T00:00:51Z,440,13,1,2,0,0,1,1,1,1781826875
2026-06-19T00:00:51Z,441,11,7,2,2,0,1,1,1,1781826895
2026-06-19T00:00:51Z,442,3,0,15,1,0,1,1,1,1781826277
2026-06-19T00:00:51Z,443,7,0,19,1,0,1,1,1,1781819651
2026-06-19T00:00:51Z,444,6,4,17,0,0,1,1,1,1781823107
2026-06-19T00:00:51Z,445,3,3,17,3,0,1,1,1,1781817038
2026-06-19T00:00:51Z,446,7,0,14,2,0,1,1,1,1781816373
2026-06-19T00:00:51Z,447,15,3,6,2,0,1,1,1,1781810338
2026-06-19T00:00:51Z,448,3,1,11,0,1,1,1,1,1781772859
2026-06-19T00:00:51Z,452,2,2,17,0,0,1,1,1,1781826967
2026-06-19T00:00:51Z,453,15,3,0,0,0,1,1,1,1781825939
2026-06-19T00:00:51Z,454,0,0,17,1,1,1,1,1,1781826858
2026-06-19T00:00:51Z,455,7,0,31,0,1,1,1,1,1781826840
2026-06-19T00:00:51Z,456,18,1,4,1,0,1,1,1,1781827246
2026-06-19T00:00:51Z,457,1,1,24,2,0,1,1,1,1781825563
2026-06-19T00:00:51Z,458,6,1,17,0,0,1,1,1,1781825850
2026-06-19T00:00:51Z,459,7,1,8,0,0,1,1,1,1781826837
2026-06-19T00:00:51Z,460,7,0,14,2,0,1,1,1,1781827155
2026-06-19T00:00:51Z,461,1,1,16,1,1,1,1,1,1781827141
2026-06-19T00:00:51Z,462,3,0,16,2,0,1,1,1,1781827083
2026-06-19T00:00:51Z,463,7,2,10,2,0,1,1,1,1781826436
2026-06-19T00:00:51Z,464,10,0,4,0,0,1,1,1,1781825830
2026-06-19T00:00:51Z,465,1,0,14,0,0,1,1,1,1781826871
2026-06-19T00:00:51Z,466,9,3,4,2,0,1,1,1,1781826434
2026-06-19T00:00:51Z,467,6,0,9,0,0,1,1,1,1781825503
2026-06-19T00:00:51Z,468,6,2,13,0,0,1,1,1,1781821855
2026-06-19T00:00:51Z,469,19,3,2,2,0,1,1,1,1781827109
2026-06-19T00:00:51Z,470,8,4,7,0,0,1,1,1,1781827165
2026-06-19T00:00:51Z,471,4,2,23,0,0,1,1,1,1781822531
2026-06-19T00:00:51Z,472,9,3,9,1,0,1,1,1,1781826682
2026-06-19T00:00:51Z,473,17,1,2,0,0,1,1,1,1781825227
2026-06-19T00:00:51Z,474,13,0,5,1,0,1,1,1,1781827081
2026-06-19T00:00:51Z,475,8,3,11,0,0,1,1,1,1781825890
2026-06-19T00:00:51Z,476,7,1,15,1,0,1,1,1,1781827214
2026-06-19T00:00:51Z,477,2,2,12,1,0,1,1,1,1781826882
2026-06-19T00:00:51Z,478,1,0,29,1,0,1,1,1,1781826845
2026-06-19T00:00:51Z,479,2,0,22,2,1,1,1,1,1781826936
2026-06-19T00:00:51Z,480,14,0,1,0,0,1,1,1,1781827166
2026-06-19T00:00:51Z,481,12,0,23,0,0,1,1,1,1781826582
2026-06-19T00:00:51Z,482,9,1,10,0,0,1,1,1,1781825946
2026-06-19T00:00:51Z,483,12,4,14,1,0,1,1,1,1781827147
2026-06-19T00:00:51Z,484,8,0,8,3,0,1,1,1,1781827226
2026-06-19T00:00:51Z,485,14,4,4,1,0,1,1,1,1781825858
2026-06-19T00:00:51Z,486,14,2,11,2,0,1,1,1,1781826367
2026-06-19T00:00:51Z,487,13,2,6,0,0,1,1,1,1781827055
2026-06-19T00:00:51Z,489,9,5,6,0,0,1,1,1,1781827157
2026-06-19T00:00:51Z,490,1,0,12,3,0,1,1,1,1781826462
2026-06-19T00:00:51Z,491,16,6,4,1,0,1,1,1,1781825559
2026-06-19T00:00:51Z,492,4,4,5,2,0,1,1,1,1781822603
2026-06-19T00:00:51Z,493,4,0,23,0,0,1,1,1,1781826638
2026-06-19T00:00:51Z,495,12,1,2,1,0,1,1,1,1781827192
2026-06-19T00:00:51Z,496,6,0,21,0,0,1,1,1,1781826803
2026-06-19T00:00:51Z,497,12,5,7,0,0,1,1,1,1781826637
2026-06-19T00:00:51Z,498,17,3,6,0,0,1,1,1,1781826991
2026-06-19T00:00:51Z,499,4,0,15,0,0,1,1,1,1781827167
2026-06-19T00:00:51Z,500,2,2,11,2,0,1,1,1,1781826652
2026-06-19T00:00:51Z,501,1,1,18,2,0,1,1,1,1781823783
2026-06-19T00:00:51Z,502,0,0,19,0,0,1,1,1,1781823305
2026-06-19T00:00:51Z,503,9,1,20,2,0,1,1,1,1781827244
2026-06-19T00:00:51Z,504,3,0,36,0,0,1,1,1,1781827228
2026-06-19T00:00:51Z,505,2,1,16,0,0,1,1,1,1781826784
2026-06-19T00:00:51Z,511,10,2,12,1,0,1,1,1,1781826796
2026-06-19T00:00:51Z,512,15,1,4,0,0,1,1,1,1781826645
2026-06-19T00:00:51Z,514,7,6,3,1,0,1,1,1,1781825530
2026-06-19T00:00:51Z,515,15,2,0,4,0,1,1,1,1781824155
2026-06-19T00:00:51Z,516,14,0,13,0,0,1,1,1,1781827241
2026-06-19T00:00:51Z,517,23,2,0,0,0,1,1,1,1781826891
2026-06-19T00:00:51Z,518,5,0,10,0,0,1,1,1,1781826956
2026-06-19T00:00:51Z,519,5,0,12,2,0,1,1,1,1781823209
2026-06-19T00:00:51Z,520,22,4,3,2,0,1,1,1,1781827163
2026-06-19T00:00:51Z,521,10,3,13,0,0,1,1,1,1781827092
2026-06-19T00:00:51Z,522,3,0,20,0,0,1,1,1,1781826980
2026-06-19T00:00:51Z,523,8,1,15,0,0,1,1,1,1781821811
2026-06-19T00:00:51Z,524,21,1,2,0,0,1,1,1,1781827097
2026-06-19T00:00:51Z,525,1,0,18,0,0,1,1,1,1781826010
2026-06-19T00:00:51Z,526,5,2,8,2,0,1,1,1,1781821030
2026-06-19T00:00:51Z,527,2,2,22,2,0,1,1,1,1781825518
2026-06-19T00:00:51Z,528,12,3,9,2,0,1,1,1,1781826846
2026-06-19T00:00:51Z,529,15,6,1,3,0,1,1,1,1781826444
2026-06-19T00:00:51Z,530,10,1,11,0,0,1,1,1,1781827242
2026-06-19T00:00:51Z,531,12,3,10,0,1,1,1,1,1781827041
2026-06-19T00:00:51Z,532,0,0,31,0,0,1,1,1,1781819553
2026-06-19T00:00:51Z,533,6,3,11,2,0,1,1,1,1781826955
2026-06-19T00:00:51Z,534,2,0,20,1,0,1,1,1,1781827202
2026-06-19T00:00:51Z,535,2,1,13,0,0,1,1,1,1781825737
2026-06-19T00:00:51Z,536,1,0,21,1,0,1,1,1,1781826795
2026-06-19T00:00:51Z,537,11,0,10,0,0,1,1,1,1781826646
2026-06-19T00:00:51Z,538,16,5,1,2,0,1,1,1,1781827006
2026-06-19T00:00:51Z,539,1,0,17,1,0,1,1,1,1781824662
2026-06-19T00:00:51Z,540,3,3,16,0,0,1,1,1,1781827154
2026-06-19T00:00:51Z,541,24,3,2,1,0,1,1,1,1781827199
2026-06-19T00:00:51Z,542,1,1,22,0,0,1,1,1,1781826845
2026-06-19T00:00:51Z,543,18,3,0,1,0,1,1,1,1781827220
2026-06-19T00:00:51Z,544,17,0,8,0,0,1,1,1,1781827245
2026-06-19T00:00:51Z,545,16,2,0,3,0,1,1,1,1781826830
2026-06-19T00:00:51Z,546,6,1,13,0,0,1,1,1,1781827075
2026-06-19T00:00:51Z,547,4,0,18,0,0,1,1,1,1781827010
2026-06-19T00:00:51Z,548,9,0,13,1,0,1,1,1,1781827229
2026-06-19T00:00:51Z,549,10,0,11,0,0,1,1,1,1781827013
2026-06-19T00:00:51Z,550,7,2,12,0,0,1,1,1,1781827199
2026-06-19T00:00:51Z,551,11,2,12,0,0,1,1,1,1781821783
2026-06-19T00:00:51Z,552,27,3,0,0,0,1,1,1,1781826096
2026-06-19T00:00:51Z,553,19,1,3,1,0,1,1,1,1781826983
2026-06-19T00:00:51Z,554,1,1,16,2,0,1,1,1,1781826856
2026-06-19T00:00:51Z,555,4,0,10,1,0,1,1,1,1781821678
2026-06-19T00:00:51Z,556,12,4,10,1,0,1,1,1,1781826719
2026-06-19T00:00:51Z,557,0,0,23,0,0,0,1,1,1781719859
2026-06-19T00:00:51Z,558,2,0,35,0,0,1,1,1,1781827145
2026-06-19T00:00:51Z,559,0,0,18,1,0,1,1,1,1781827246
2026-06-19T00:00:51Z,560,7,0,20,0,0,1,1,1,1781827211
2026-06-19T00:00:51Z,561,4,2,19,0,0,1,1,1,1781826202
2026-06-19T00:00:51Z,562,6,0,26,3,0,1,1,1,1781822776
2026-06-19T00:00:51Z,563,1,1,13,0,0,1,1,1,1781827036
2026-06-19T00:00:51Z,564,6,0,12,1,0,1,1,1,1781826974
2026-06-19T00:00:51Z,565,7,1,10,2,0,1,1,1,1781827121
2026-06-19T00:00:51Z,566,7,0,9,3,0,1,1,1,1781825863
2026-06-19T00:00:51Z,567,9,0,18,0,0,1,1,1,1781826282
2026-06-19T00:00:51Z,568,1,1,18,0,0,1,1,1,1781826743
2026-06-19T00:00:51Z,569,18,5,0,1,0,1,1,1,1781825536
2026-06-19T00:00:51Z,570,13,2,6,0,0,1,1,1,1781827158
2026-06-19T00:00:51Z,571,3,0,20,0,0,1,1,1,1781827112
2026-06-19T00:00:51Z,572,5,2,14,0,0,1,1,1,1781827103
2026-06-19T00:00:51Z,573,10,1,5,0,0,1,1,1,1781823295
2026-06-19T00:00:51Z,574,10,3,3,2,0,1,1,1,1781826119
2026-06-19T00:00:51Z,575,16,0,3,2,0,1,1,1,1781827024
2026-06-19T00:00:51Z,576,16,4,3,0,0,1,1,1,1781826333
2026-06-19T00:00:51Z,577,2,0,29,0,0,1,1,1,1781827101
2026-06-19T00:00:51Z,578,12,5,10,1,0,1,1,1,1781827180
2026-06-19T00:00:51Z,579,19,5,24,0,0,1,1,1,1781827242
2026-06-19T00:00:51Z,580,3,0,27,1,0,1,1,1,1781827015
2026-06-19T00:00:51Z,581,6,3,13,0,0,1,1,1,1781826612
2026-06-19T00:00:51Z,582,14,1,44,3,0,1,1,1,1781827013
2026-06-19T00:00:51Z,583,7,0,15,1,0,1,1,1,1781827097
2026-06-19T00:00:51Z,584,5,4,13,1,0,1,1,1,1781826717
2026-06-19T00:00:51Z,585,12,1,15,0,0,1,1,1,1781826835
2026-06-19T00:00:51Z,586,24,1,9,2,0,1,1,1,1781827215
2026-06-19T00:00:51Z,587,10,1,14,3,0,1,1,1,1781827245
2026-06-19T00:00:51Z,588,5,3,13,1,0,1,1,1,1781825607
2026-06-19T00:00:51Z,589,1,1,22,0,0,1,1,1,1781825857
2026-06-19T00:00:51Z,590,2,0,28,1,0,1,1,1,1781827045
2026-06-19T00:00:51Z,591,7,1,14,1,0,1,1,1,1781826904
2026-06-19T00:00:51Z,592,11,0,12,0,0,1,1,1,1781826996
2026-06-19T00:00:51Z,593,16,0,23,0,0,1,1,1,1781825183
2026-06-19T00:00:51Z,594,5,0,16,0,0,1,1,1,1781827245
2026-06-19T00:00:51Z,595,0,0,3,0,0,0,1,1,1779985765
2026-06-19T00:00:51Z,605,0,0,3,0,0,0,1,1,1780413752
2026-06-19T00:00:51Z,606,0,0,3,0,0,0,1,1,1781723852
2026-06-19T00:00:51Z,607,5,0,28,0,0,1,1,1,1781827214
2026-06-19T00:00:51Z,608,26,1,28,0,0,1,1,1,1781826870
2026-06-19T00:00:51Z,609,5,2,18,0,0,1,1,1,1781826950
2026-06-19T00:00:51Z,610,17,1,15,3,0,1,1,1,1781827164
2026-06-19T00:00:51Z,611,26,4,1,0,0,1,1,1,1781826962
2026-06-19T00:00:51Z,612,4,1,11,0,0,1,1,1,1781821957
2026-06-19T00:00:51Z,613,6,2,6,2,0,1,1,1,1781827247
2026-06-19T00:00:51Z,614,9,4,14,4,0,1,1,1,1781826915
2026-06-19T00:00:51Z,617,10,1,4,1,0,1,1,1,1781826451
2026-06-19T00:00:51Z,618,8,0,8,3,0,1,1,1,1781824023
2026-06-19T00:00:51Z,619,18,3,1,0,0,1,1,1,1781827129
2026-06-19T00:00:51Z,620,6,0,17,0,0,1,1,1,1781827174
2026-06-19T00:00:51Z,621,22,3,0,1,0,1,1,1,1781826849
2026-06-19T00:00:51Z,622,1,0,20,2,0,1,1,1,1781824423
2026-06-19T00:00:51Z,623,2,1,27,1,0,1,1,1,1781826349
2026-06-19T00:00:51Z,624,4,4,9,2,0,1,1,1,1781826377
2026-06-19T00:00:51Z,625,14,0,7,0,0,1,1,1,1781825021
2026-06-19T00:00:51Z,626,15,0,29,0,2,1,1,1,1781826943
2026-06-19T00:00:51Z,627,14,2,5,0,0,1,1,1,1781824111
2026-06-19T00:00:51Z,628,1,0,14,2,2,1,1,1,1781827137
2026-06-19T00:00:51Z,629,5,2,6,0,0,1,1,1,1781824093
2026-06-19T00:00:51Z,630,7,1,18,2,0,1,1,1,1781819340
2026-06-19T00:00:51Z,631,20,0,3,0,0,1,1,1,1781827237
2026-06-19T00:00:51Z,632,1,1,18,4,0,1,1,1,1781827098
2026-06-19T00:00:51Z,633,4,1,9,1,1,1,1,1,1781818977
2026-06-19T00:00:51Z,634,5,2,13,0,1,1,1,1,1781826457
2026-06-19T00:00:51Z,635,13,3,6,0,0,1,1,1,1781825686
2026-06-19T00:00:51Z,636,4,2,11,0,0,1,1,1,1781811796
2026-06-19T00:00:51Z,637,9,4,8,2,0,1,1,1,1781820623
2026-06-19T00:00:51Z,638,2,1,16,1,0,1,1,1,1781826879
2026-06-19T00:00:51Z,639,4,1,9,4,2,1,1,1,1781827242
2026-06-19T00:00:51Z,640,21,2,1,1,0,1,1,1,1781827244
2026-06-19T00:00:51Z,641,22,0,5,0,0,1,1,1,1781826519
2026-06-19T00:00:51Z,642,3,0,13,3,0,1,1,1,1781826896
2026-06-19T00:00:51Z,643,0,0,25,2,0,1,1,1,1781826841
2026-06-19T00:00:51Z,644,1,1,13,0,1,1,1,1,1781825472
2026-06-19T00:00:51Z,645,9,0,12,1,1,1,1,1,1781827110
2026-06-19T00:00:51Z,646,13,2,4,2,0,1,1,1,1781823569
2026-06-19T00:00:51Z,647,30,0,1,0,0,1,1,1,1781826126
2026-06-19T00:00:51Z,648,4,1,15,0,0,1,1,1,1781826803
2026-06-19T00:00:51Z,649,6,6,24,1,0,1,1,1,1781826334
2026-06-19T00:00:51Z,650,8,1,9,2,0,1,1,1,1781826487
2026-06-19T00:00:51Z,651,2,0,21,0,0,1,1,1,1781826786
2026-06-19T00:00:51Z,652,7,2,15,1,0,1,1,1,1781827040
2026-06-19T00:00:51Z,653,10,2,8,1,0,1,1,1,1781826761
2026-06-19T00:00:51Z,654,5,3,10,0,0,1,1,1,1781824096
2026-06-19T00:00:51Z,655,8,4,7,0,0,1,1,1,1781823652
2026-06-19T00:00:51Z,656,14,4,5,0,0,1,1,1,1781827232
2026-06-19T00:00:51Z,657,1,0,13,3,0,1,1,1,1781827164
2026-06-19T00:00:51Z,658,7,2,16,0,0,1,1,1,1781821801
2026-06-19T00:00:51Z,659,1,1,9,5,0,1,1,1,1781821988
2026-06-19T00:00:51Z,660,3,1,28,0,0,1,1,1,1781825043
2026-06-19T00:00:51Z,661,8,3,11,0,0,1,1,1,1781825457
2026-06-19T00:00:51Z,662,11,8,12,0,0,1,1,1,1781821103
2026-06-19T00:00:51Z,663,10,1,5,0,0,1,1,1,1781827003
2026-06-19T00:00:51Z,664,7,1,19,1,0,1,1,1,1781826305
2026-06-19T00:00:51Z,665,12,3,1,2,0,1,1,1,1781826624
2026-06-19T00:00:51Z,666,11,7,3,1,0,1,1,1,1781826224
2026-06-19T00:00:51Z,667,11,2,7,1,0,1,1,1,1781826983
2026-06-19T00:00:51Z,668,7,0,10,2,0,1,1,1,1781826836
2026-06-19T00:00:51Z,669,9,3,4,1,0,1,1,1,1781821744
2026-06-19T00:00:51Z,670,13,1,13,1,0,1,1,1,1781827174
2026-06-19T00:00:51Z,671,2,0,25,0,0,1,1,1,1781827245
2026-06-19T00:00:51Z,672,3,1,17,3,0,1,1,1,1781824804
2026-06-19T00:00:51Z,673,7,1,16,0,0,1,1,1,1781826701
2026-06-19T00:00:51Z,674,1,0,22,0,0,1,1,1,1781825789
2026-06-19T00:00:51Z,675,2,1,12,0,1,1,1,1,1781826964
2026-06-19T00:00:51Z,676,1,0,21,0,1,1,1,1,1781826735
2026-06-19T00:00:51Z,681,9,2,3,3,0,1,1,1,1781827173
2026-06-19T00:00:51Z,682,8,3,7,4,0,1,1,1,1781789812
2026-06-19T00:00:51Z,683,4,1,13,2,0,1,1,1,1781772859
2026-06-19T00:00:51Z,684,9,0,17,1,0,1,1,1,1781826471
2026-06-19T00:00:51Z,685,5,0,19,2,1,1,1,1,1781815197
2026-06-19T00:00:51Z,686,10,1,17,0,0,1,1,1,1781824413
2026-06-19T00:00:51Z,687,9,3,21,1,0,1,1,1,1781826037
2026-06-19T00:00:51Z,688,14,5,3,2,0,1,1,1,1781823595
2026-06-19T00:00:51Z,692,0,0,21,0,0,1,1,1,1781826587
2026-06-19T00:00:51Z,693,3,1,7,1,0,1,1,1,1781826255
2026-06-19T00:00:51Z,694,7,2,13,1,0,1,1,1,1781826852
2026-06-19T00:00:51Z,695,13,5,10,0,0,1,1,1,1781825650
2026-06-19T00:00:51Z,696,6,1,16,1,0,1,1,1,1781827030
2026-06-19T00:00:51Z,697,4,1,18,1,0,1,1,1,1781826800
2026-06-19T00:00:51Z,698,15,2,11,1,0,1,1,1,1781827083
2026-06-19T00:00:51Z,699,3,0,11,1,0,1,1,1,1781825677
2026-06-19T00:00:51Z,700,6,1,10,3,0,1,1,1,1781826076
2026-06-19T00:00:51Z,701,12,3,6,1,0,1,1,1,1781825982
2026-06-19T00:00:51Z,702,1,1,22,0,0,1,1,1,1781826457
2026-06-19T00:00:51Z,703,10,2,13,0,0,1,1,1,1781826778
2026-06-19T00:00:51Z,704,10,0,5,0,0,1,1,1,1781825825
2026-06-19T00:00:51Z,705,0,0,14,1,0,1,1,1,1781825719
2026-06-19T00:00:51Z,706,12,3,3,0,0,1,1,1,1781826883
2026-06-19T00:00:51Z,707,10,3,4,1,0,1,1,1,1781826668
2026-06-19T00:00:51Z,708,3,0,16,0,0,1,1,1,1781825987
2026-06-19T00:00:51Z,709,11,5,2,2,0,1,1,1,1781826073
2026-06-19T00:00:51Z,710,6,5,13,0,0,1,1,1,1781825792
2026-06-19T00:00:51Z,711,2,0,14,3,0,1,1,1,1781826872
2026-06-19T00:00:51Z,712,6,5,7,2,0,1,1,1,1781826988
2026-06-19T00:00:51Z,713,15,0,8,0,0,1,1,1,1781826222
2026-06-19T00:00:51Z,716,5,1,6,4,0,1,1,1,1781825526
2026-06-19T00:00:51Z,717,11,4,9,5,0,1,1,1,1781826571
2026-06-19T00:00:51Z,718,8,3,6,1,0,1,1,1,1781826934
2026-06-19T00:00:51Z,719,12,1,16,1,0,1,1,1,1781827205
2026-06-19T00:00:51Z,720,0,0,18,1,0,1,1,1,1781825618
2026-06-19T00:00:51Z,721,6,3,16,1,0,1,1,1,1781826879
2026-06-19T00:00:51Z,722,4,1,11,0,0,1,1,1,1781826727
2026-06-19T00:00:51Z,723,4,0,18,1,0,1,1,1,1781825903
2026-06-19T00:00:51Z,724,9,6,14,0,0,1,1,1,1781827038
2026-06-19T00:00:51Z,725,10,1,13,0,0,1,1,1,1781826105
2026-06-19T00:00:51Z,726,8,2,11,0,0,1,1,1,1781826672
2026-06-19T00:00:51Z,727,13,9,10,0,0,1,1,1,1781826991
2026-06-19T00:00:51Z,728,4,1,7,4,0,1,1,1,1781825507
2026-06-19T00:00:51Z,729,2,0,16,1,0,1,1,1,1781825867
2026-06-19T00:00:51Z,730,3,1,11,1,0,1,1,1,1781826971
2026-06-19T00:00:51Z,731,7,1,8,0,0,1,1,1,1781825645
2026-06-19T00:00:51Z,732,12,1,3,0,0,1,1,1,1781825947
2026-06-19T00:00:51Z,733,13,4,12,2,0,1,1,1,1781826830
2026-06-19T00:00:51Z,734,3,0,11,0,0,1,1,1,1781826142
2026-06-19T00:00:51Z,735,3,3,15,1,0,1,1,1,1781826676
2026-06-19T00:00:51Z,736,7,3,9,3,0,1,1,1,1781826391
2026-06-19T00:00:51Z,737,2,0,13,0,0,1,1,1,1781825795
2026-06-19T00:00:51Z,738,15,3,4,0,0,1,1,1,1781826639
2026-06-19T00:00:51Z,739,11,2,15,1,0,1,1,1,1781826386
2026-06-19T00:00:51Z,741,15,2,8,0,0,1,1,1,1781825919
2026-06-19T00:00:51Z,742,34,3,5,0,0,1,1,1,1781827193
2026-06-19T00:00:51Z,743,1,0,18,0,0,1,1,1,1781826114
2026-06-19T00:00:51Z,744,3,0,12,0,0,1,1,1,1781826073
2026-06-19T00:00:51Z,745,2,0,17,0,0,1,1,1,1781826044
2026-06-19T00:00:51Z,746,6,2,17,0,0,1,1,1,1781826012
2026-06-19T00:00:51Z,747,3,0,16,0,0,1,1,1,1781827033
2026-06-19T00:00:51Z,748,16,6,7,0,0,1,1,1,1781826045
2026-06-19T00:00:51Z,749,7,0,16,0,0,1,1,1,1781827085
2026-06-19T00:00:51Z,750,6,1,5,0,0,1,1,1,1781827142
2026-06-19T00:00:51Z,751,19,9,2,2,0,1,1,1,1781826979
2026-06-19T00:00:51Z,752,11,1,5,1,0,1,1,1,1781826332
2026-06-19T00:00:51Z,753,13,0,2,0,0,1,1,1,1781827148
2026-06-19T00:00:51Z,754,2,2,13,0,0,1,1,1,1781826572
2026-06-19T00:00:51Z,755,7,3,12,0,0,1,1,1,1781826900
2026-06-19T00:00:51Z,756,0,0,36,1,0,1,1,1,1781825747
2026-06-19T00:00:51Z,757,2,1,17,0,0,1,1,1,1781827211
2026-06-19T00:00:51Z,758,0,0,23,0,0,1,1,1,1781825621
2026-06-19T00:00:51Z,759,6,2,7,2,0,1,1,1,1781826178
2026-06-19T00:00:51Z,760,13,0,5,1,0,1,1,1,1781826477
2026-06-19T00:00:51Z,761,14,4,9,0,0,1,1,1,1781825636
2026-06-19T00:00:51Z,762,3,0,11,1,0,1,1,1,1781826495
2026-06-19T00:00:51Z,768,4,2,10,5,0,1,1,1,1781826307
2026-06-19T00:00:51Z,769,14,5,1,4,0,1,1,1,1781826933
2026-06-19T00:00:51Z,770,11,5,7,1,0,1,1,1,1781825971
2026-06-19T00:00:51Z,771,6,1,9,0,0,1,1,1,1781827001
2026-06-19T00:00:51Z,772,1,0,14,0,0,1,1,1,1781827214
2026-06-19T00:00:51Z,773,6,3,9,4,0,1,1,1,1781826491
2026-06-19T00:00:51Z,774,6,2,7,2,0,1,1,1,1781826668
2026-06-19T00:00:51Z,775,4,3,14,1,0,1,1,1,1781826890
2026-06-19T00:00:51Z,776,6,2,13,2,0,1,1,1,1781825732
2026-06-19T00:00:51Z,777,3,1,10,2,0,1,1,1,1781826024
2026-06-19T00:00:51Z,778,7,0,10,2,0,1,1,1,1781821579
2026-06-19T00:00:51Z,779,6,3,12,1,0,1,1,1,1781827232
2026-06-19T00:00:51Z,780,14,0,2,3,0,1,1,1,1781826844
2026-06-19T00:00:51Z,781,4,3,6,1,0,1,1,1,1781826151
2026-06-19T00:00:51Z,782,7,5,12,0,0,1,1,1,1781827019
2026-06-19T00:00:51Z,783,4,1,14,1,0,1,1,1,1781824735
2026-06-19T00:00:51Z,784,8,3,11,0,0,1,1,1,1781827179
2026-06-19T00:00:51Z,785,9,1,2,3,0,1,1,1,1781827151
2026-06-19T00:00:51Z,786,6,2,13,0,0,1,1,1,1781820693
2026-06-19T00:00:51Z,787,4,1,11,0,0,1,1,1,1781827122
2026-06-19T00:00:51Z,788,6,1,9,0,0,1,1,1,1781826924
2026-06-19T00:00:51Z,789,12,0,3,0,0,1,1,1,1781827198
2026-06-19T00:00:51Z,790,2,2,21,0,0,1,1,1,1781823558
2026-06-19T00:00:51Z,791,3,1,16,0,0,1,1,1,1781825129
2026-06-19T00:00:51Z,793,0,0,15,0,0,1,1,1,1781825736
2026-06-19T00:00:51Z,794,17,3,11,1,0,1,1,1,1781826811
2026-06-19T00:00:51Z,796,6,0,12,1,0,1,1,1,1781826164
2026-06-19T00:00:51Z,797,1,1,13,1,0,1,1,1,1781827192
2026-06-19T00:00:51Z,798,6,6,19,0,0,1,1,1,1781827094
2026-06-19T00:00:51Z,799,4,1,14,1,0,1,1,1,1781825913
2026-06-19T00:00:51Z,800,2,1,19,0,0,1,1,1,1781826696
2026-06-19T00:00:51Z,801,3,2,17,1,0,1,1,1,1781826801
2026-06-19T00:00:51Z,802,1,1,28,2,0,1,1,1,1781826278
2026-06-19T00:00:51Z,803,9,1,5,1,0,1,1,1,1781826231
2026-06-19T00:00:51Z,806,0,0,15,0,0,1,1,1,1781827034
2026-06-19T00:00:51Z,807,11,2,13,1,0,1,1,1,1781826745
2026-06-19T00:00:51Z,808,5,2,20,0,0,1,1,1,1781820181
2026-06-19T00:00:51Z,809,7,1,16,0,0,1,1,1,1781826566
2026-06-19T00:00:51Z,810,12,5,7,0,0,1,1,1,1781825928
2026-06-19T00:00:51Z,815,11,6,2,2,0,1,1,1,1781827181
2026-06-19T00:00:51Z,817,6,0,6,3,0,1,1,1,1781827111
2026-06-19T00:00:51Z,818,11,4,12,0,0,1,1,1,1781827212
2026-06-19T00:00:51Z,819,3,2,11,1,0,1,1,1,1781826972
2026-06-19T00:00:51Z,820,2,1,14,1,0,1,1,1,1781825759
2026-06-19T00:00:51Z,821,2,2,12,1,0,1,1,1,1781825779
2026-06-19T00:00:51Z,822,1,0,22,0,0,1,1,1,1781826951
2026-06-19T00:00:51Z,823,5,2,10,0,0,1,1,1,1781827042
2026-06-19T00:00:51Z,824,13,12,3,3,0,1,1,1,1781827211
2026-06-19T00:00:51Z,825,5,2,10,0,0,1,1,1,1781825555
2026-06-19T00:00:51Z,826,6,2,13,0,0,1,1,1,1781825942
2026-06-19T00:00:51Z,827,14,3,7,0,0,1,1,1,1781826538
2026-06-19T00:00:51Z,828,10,1,7,1,0,1,1,1,1781826864
2026-06-19T00:00:51Z,829,5,3,22,0,0,1,1,1,1781822069
2026-06-19T00:00:51Z,830,6,0,16,1,0,1,1,1,1781826580
2026-06-19T00:00:51Z,831,11,8,3,1,0,1,1,1,1781826718
2026-06-19T00:00:51Z,832,9,8,9,0,0,1,1,1,1781825916
2026-06-19T00:00:51Z,833,4,0,15,0,0,1,1,1,1781825564
2026-06-19T00:00:51Z,834,6,0,17,0,1,1,1,1,1781827222
2026-06-19T00:00:51Z,835,12,3,6,0,0,1,1,1,1781827220
2026-06-19T00:00:51Z,837,6,1,8,1,0,1,1,1,1781827177
2026-06-19T00:00:51Z,838,10,4,4,1,0,1,1,1,1781826757
2026-06-19T00:00:51Z,839,2,1,27,0,0,1,1,1,1781827063
2026-06-19T00:00:51Z,840,5,0,22,2,0,1,1,1,1781825407
2026-06-19T00:00:51Z,841,6,4,8,1,0,1,1,1,1781826177
2026-06-19T00:00:51Z,842,8,2,14,0,1,1,1,1,1781826890
2026-06-19T00:00:51Z,843,4,3,27,0,0,1,1,1,1781826058
2026-06-19T00:00:51Z,844,16,7,7,0,0,1,1,1,1781826492
2026-06-19T00:00:51Z,845,1,0,18,0,0,1,1,1,1781825457
2026-06-19T00:00:51Z,846,10,3,8,0,1,1,1,1,1781825580
2026-06-19T00:00:51Z,847,13,5,13,1,0,1,1,1,1781825708
2026-06-19T00:00:51Z,848,11,0,8,0,0,1,1,1,1781825713
2026-06-19T00:00:51Z,849,6,1,5,4,0,1,1,1,1781826876
2026-06-19T00:00:51Z,850,2,1,9,0,0,1,1,1,1781827142
2026-06-19T00:00:51Z,851,16,2,20,1,0,1,1,1,1781826555
2026-06-19T00:00:51Z,852,14,2,4,1,0,1,1,1,1781826266
2026-06-19T00:00:51Z,853,1,0,21,1,0,1,1,1,1781825882
2026-06-19T00:00:51Z,854,11,2,4,0,0,1,1,1,1781826991
2026-06-19T00:00:51Z,855,21,3,4,2,0,1,1,1,1781826572
2026-06-19T00:00:51Z,857,1,1,18,0,0,1,1,1,1781826854
2026-06-19T00:00:51Z,858,2,1,16,1,0,1,1,1,1781825893
2026-06-19T00:00:51Z,859,8,1,13,0,0,1,1,1,1781826369
2026-06-19T00:00:51Z,861,2,0,9,0,0,1,1,1,1781826686
2026-06-19T00:00:51Z,862,0,0,15,0,0,1,1,1,1781826764
2026-06-19T00:00:51Z,863,8,1,11,0,0,1,1,1,1781826698
2026-06-19T00:00:51Z,866,10,3,7,2,0,1,1,1,1781827206
2026-06-19T00:00:51Z,867,8,0,6,1,0,1,1,1,1781826280
2026-06-19T00:00:51Z,868,13,5,2,0,0,1,1,1,1781827173
2026-06-19T00:00:51Z,870,9,2,6,0,0,1,1,1,1781827105
2026-06-19T00:00:51Z,871,7,0,4,0,0,1,1,1,1781826305
2026-06-19T00:00:51Z,872,13,2,2,0,0,1,1,1,1781825579
2026-06-19T00:00:51Z,873,2,0,31,0,0,1,1,1,1781826429
2026-06-19T00:00:51Z,874,7,0,8,0,0,1,1,1,1781826989
2026-06-19T00:00:51Z,875,14,4,1,0,0,1,1,1,1781827107
2026-06-19T00:00:51Z,877,14,7,5,0,0,1,1,1,1781827019
2026-06-19T00:00:51Z,878,0,0,19,0,0,1,1,1,1781826719
2026-06-19T00:00:51Z,879,4,2,15,0,0,1,1,1,1781827174
2026-06-19T00:00:51Z,880,2,1,20,1,0,1,1,1,1781825760
2026-06-19T00:00:51Z,881,12,1,7,0,0,1,1,1,1781827237
2026-06-19T00:00:51Z,882,11,5,8,0,0,1,1,1,1781826133
2026-06-19T00:00:51Z,883,0,0,18,1,0,0,1,1,1781529111
2026-06-19T00:00:51Z,884,11,6,10,0,0,1,1,1,1781825259
2026-06-19T00:00:51Z,885,0,0,19,0,0,1,1,1,1781822936
2026-06-19T00:00:51Z,886,14,2,12,3,0,1,1,1,1781826600
2026-06-19T00:00:51Z,887,3,3,14,0,0,1,1,1,1781825765
2026-06-19T00:00:51Z,888,37,3,2,2,0,1,1,1,1781827246
2026-06-19T00:00:51Z,889,3,0,16,0,0,1,1,1,1781826306
2026-06-19T00:00:51Z,890,1,0,14,0,0,1,1,1,1781782999
2026-06-19T00:00:51Z,891,11,0,12,0,0,1,1,1,1781825614
2026-06-19T00:00:51Z,892,7,1,7,1,0,1,1,1,1781826121
2026-06-19T00:00:51Z,895,13,2,4,2,0,1,1,1,1781826501
2026-06-19T00:00:51Z,896,7,0,27,1,0,1,1,1,1781826485
2026-06-19T00:00:51Z,897,12,1,8,1,0,1,1,1,1781825899
2026-06-19T00:00:51Z,898,8,1,11,0,0,1,1,1,1781826428
2026-06-19T00:00:51Z,899,4,0,15,0,0,1,1,1,1781827195
2026-06-19T00:00:51Z,900,8,0,19,0,0,1,1,1,1781826448
2026-06-19T00:00:51Z,901,10,0,9,0,0,1,1,1,1781826269
2026-06-19T00:00:51Z,902,2,0,13,0,0,1,1,1,1781826892
2026-06-19T00:00:51Z,903,4,0,15,0,0,1,1,1,1781827200
2026-06-19T00:00:51Z,904,18,5,1,0,0,1,1,1,1781827151
2026-06-19T00:00:51Z,905,2,0,25,0,0,1,1,1,1781826885
2026-06-19T00:00:51Z,906,18,6,9,0,0,1,1,1,1781826893
2026-06-19T00:00:51Z,907,0,0,31,0,0,1,1,1,1781826662
2026-06-19T00:00:51Z,908,17,3,6,0,0,1,1,1,1781826344
2026-06-19T00:00:51Z,909,8,3,15,0,0,1,1,1,1781827024
2026-06-19T00:00:51Z,910,8,0,22,1,0,1,1,1,1781826970
2026-06-19T00:00:51Z,911,5,0,13,1,0,1,1,1,1781827119
2026-06-19T00:00:51Z,912,16,2,5,2,0,1,1,1,1781826945
2026-06-19T00:00:51Z,913,2,2,16,1,0,1,1,1,1781822598
2026-06-19T00:00:51Z,914,1,1,17,1,0,1,1,1,1781827205
2026-06-19T00:00:51Z,915,21,1,1,1,0,1,1,1,1781827219
2026-06-19T00:00:51Z,916,18,0,5,0,0,1,1,1,1781826660
2026-06-19T00:00:51Z,917,1,0,33,1,0,1,1,1,1781826073
2026-06-19T00:00:51Z,918,17,1,2,0,0,1,1,1,1781826873
2026-06-19T00:00:51Z,919,36,0,1,2,0,1,1,1,1781827190
2026-06-19T00:00:51Z,920,9,8,10,0,0,1,1,1,1781825787
2026-06-19T00:00:51Z,921,4,1,17,0,0,1,1,1,1781826916
2026-06-19T00:00:51Z,922,5,1,16,0,0,1,1,1,1781827172
2026-06-19T00:00:51Z,923,2,1,17,0,0,1,1,1,1781827084
2026-06-19T00:00:51Z,924,0,0,20,1,0,1,1,1,1781826379
2026-06-19T00:00:51Z,925,15,4,6,0,0,1,1,1,1781825755
2026-06-19T00:00:51Z,926,11,1,9,1,0,1,1,1,1781827150
2026-06-19T00:00:51Z,927,18,4,17,0,0,1,1,1,1781826804
2026-06-19T00:00:51Z,928,7,0,12,0,0,1,1,1,1781827130
2026-06-19T00:00:51Z,929,5,1,17,0,1,1,1,1,1781826828
2026-06-19T00:00:51Z,930,6,2,25,0,0,1,1,1,1781826487
2026-06-19T00:00:51Z,931,1,1,22,0,0,1,1,1,1781826946
2026-06-19T00:00:51Z,932,0,0,19,0,0,1,1,1,1781827227
2026-06-19T00:00:51Z,933,6,0,17,0,0,1,1,1,1781826900
2026-06-19T00:00:51Z,934,7,0,24,0,0,1,1,1,1781826906
2026-06-19T00:00:51Z,935,4,0,14,1,0,1,1,1,1781827116
2026-06-19T00:00:51Z,936,2,0,17,0,0,1,1,1,1781827188
2026-06-19T00:00:51Z,940,10,0,1,0,0,1,1,1,1781825520
2026-06-19T00:00:51Z,941,14,2,11,0,0,1,1,1,1781824962
2026-06-19T00:00:51Z,942,10,1,11,0,0,1,1,1,1781826186
2026-06-19T00:00:51Z,943,7,7,7,1,0,1,1,1,1781827053
2026-06-19T00:00:51Z,944,4,4,10,1,0,1,1,1,1781813579
2026-06-19T00:00:51Z,945,6,4,8,1,0,1,1,1,1781825481
2026-06-19T00:00:51Z,946,12,9,7,0,0,1,1,1,1781826409
2026-06-19T00:00:51Z,947,6,5,11,0,0,1,1,1,1781826463
2026-06-19T00:00:51Z,948,1,0,29,1,0,1,1,1,1781826874
2026-06-19T00:00:51Z,949,0,0,15,0,0,1,1,1,1781826933
2026-06-19T00:00:51Z,950,5,1,12,0,0,1,1,1,1781826816
2026-06-19T00:00:51Z,951,4,0,19,0,0,1,1,1,1781826947
2026-06-19T00:00:51Z,952,2,1,51,2,0,1,1,1,1781827198
2026-06-19T00:00:51Z,953,8,3,5,2,0,1,1,1,1781826418
2026-06-19T00:00:51Z,954,12,0,7,0,0,1,1,1,1781826544
2026-06-19T00:00:51Z,955,10,0,13,4,0,1,1,1,1781827157
2026-06-19T00:00:51Z,956,15,0,2,2,0,1,1,1,1781826481
2026-06-19T00:00:51Z,957,22,0,7,0,0,1,1,1,1781827124
2026-06-19T00:00:51Z,958,5,1,24,2,0,1,1,1,1781826649
2026-06-19T00:00:51Z,959,19,1,1,3,0,1,1,1,1781826973
2026-06-19T00:00:51Z,960,18,7,3,2,0,1,1,1,1781827154
2026-06-19T00:00:51Z,961,6,5,17,0,0,1,1,1,1781826477
2026-06-19T00:00:51Z,962,15,3,15,5,0,1,1,1,1781826592
2026-06-19T00:00:51Z,963,10,0,13,0,0,1,1,1,1781825779
2026-06-19T00:00:51Z,964,22,4,0,1,0,1,1,1,1781827017
2026-06-19T00:00:51Z,965,4,4,20,3,0,1,1,1,1781826120
2026-06-19T00:00:51Z,966,30,4,0,1,0,1,1,1,1781826864
2026-06-19T00:00:51Z,967,4,0,16,1,0,1,1,1,1781826406
2026-06-19T00:00:51Z,968,13,0,6,0,0,1,1,1,1781826782
2026-06-19T00:00:51Z,969,23,10,3,1,0,1,1,1,1781827120
2026-06-19T00:00:51Z,970,7,2,11,1,0,1,1,1,1781826944
2026-06-19T00:00:51Z,971,14,1,8,1,0,1,1,1,1781827069
2026-06-19T00:00:51Z,972,10,4,13,0,0,1,1,1,1781826877
2026-06-19T00:00:51Z,973,2,1,18,3,0,1,1,1,1781826883
2026-06-19T00:00:51Z,974,12,0,15,0,0,1,1,1,1781827191
2026-06-19T00:00:51Z,977,9,0,12,0,0,1,1,1,1781827119
2026-06-19T00:00:51Z,978,10,7,12,1,0,1,1,1,1781826140
2026-06-19T00:00:51Z,979,2,1,14,1,0,1,1,1,1781826001
2026-06-19T00:00:51Z,980,9,0,12,0,0,1,1,1,1781827182
2026-06-19T00:00:51Z,981,2,0,18,1,0,1,1,1,1781827174
2026-06-19T00:00:51Z,982,7,0,11,1,0,1,1,1,1781826470
2026-06-19T00:00:51Z,983,3,3,20,0,0,1,1,1,1781825482
2026-06-19T00:00:51Z,984,13,0,10,0,0,1,1,1,1781825745
2026-06-19T00:00:51Z,985,16,2,15,0,0,1,1,1,1781827062
2026-06-19T00:00:51Z,986,12,3,7,0,0,1,1,1,1781825617
2026-06-19T00:00:51Z,987,1,0,22,0,0,1,1,1,1781826655
2026-06-19T00:00:51Z,988,9,0,7,3,0,1,1,1,1781825458
2026-06-19T00:00:51Z,989,10,7,7,2,0,1,1,1,1781825772
2026-06-19T00:00:51Z,990,9,2,6,0,0,1,1,1,1781826942
2026-06-19T00:00:51Z,991,12,4,7,0,0,1,1,1,1781825938
2026-06-19T00:00:51Z,992,2,1,21,0,0,1,1,1,1781825941
2026-06-19T00:00:51Z,993,14,4,13,0,0,1,1,1,1781827219
2026-06-19T00:00:51Z,994,1,1,20,0,0,1,1,1,1781824069
2026-06-19T00:00:51Z,995,15,5,11,1,0,1,1,1,1781826666
2026-06-19T00:00:51Z,996,11,5,12,0,0,1,1,1,1781825729
2026-06-19T00:00:51Z,997,15,7,7,1,0,1,1,1,1781826269
2026-06-19T00:00:51Z,998,2,1,21,0,0,1,1,1,1781826297
2026-06-19T00:00:51Z,999,12,2,7,1,1,1,1,1,1781826046
2026-06-19T00:00:51Z,1000,10,4,10,1,0,1,1,1,1781826928
2026-06-19T00:00:51Z,1001,5,0,22,0,0,1,1,1,1781825435
2026-06-19T00:00:51Z,1002,15,2,16,0,0,1,1,1,1781826230
2026-06-19T00:00:51Z,1003,8,1,15,0,0,1,1,1,1781827111
2026-06-19T00:00:51Z,1004,12,1,10,1,0,1,1,1,1781826593
2026-06-19T00:00:51Z,1005,11,0,11,1,0,1,1,1,1781825966
2026-06-19T00:00:51Z,1006,12,4,7,0,0,1,1,1,1781826129
2026-06-19T00:00:51Z,1007,9,4,12,0,0,1,1,1,1781826966
2026-06-19T00:00:51Z,1008,16,3,7,0,0,1,1,1,1781825982
2026-06-19T00:00:51Z,1009,11,3,20,0,0,1,1,1,1781826873
2026-06-19T00:00:51Z,1010,12,2,15,0,0,1,1,1,1781826560
2026-06-19T00:00:51Z,1011,7,5,12,0,0,1,1,1,1781825906
2026-06-19T00:00:51Z,1012,4,3,17,2,0,1,1,1,1781827119
2026-06-19T00:00:51Z,1013,6,0,15,2,0,1,1,1,1781825894
2026-06-19T00:00:51Z,1014,12,1,11,0,0,1,1,1,1781825800
2026-06-19T00:00:51Z,1015,4,2,26,1,0,1,1,1,1781826755
2026-06-19T00:00:51Z,1016,14,3,16,1,0,1,1,1,1781827126
2026-06-19T00:00:51Z,1017,11,1,9,1,0,1,1,1,1781826584
2026-06-19T00:00:51Z,1018,7,2,13,1,0,1,1,1,1781827008
2026-06-19T00:00:51Z,1019,12,6,2,1,0,1,1,1,1781827233
2026-06-19T00:00:51Z,1020,17,4,3,1,0,1,1,1,1781826086
2026-06-19T00:00:51Z,1021,3,1,12,0,0,1,1,1,1781826506
2026-06-19T00:00:51Z,1022,10,1,16,1,0,1,1,1,1781826438
2026-06-19T00:00:51Z,1023,7,0,16,0,0,1,1,1,1781826470
2026-06-19T00:00:51Z,1024,10,6,9,0,0,1,1,1,1781827148
2026-06-19T00:00:51Z,1025,15,0,4,0,0,1,1,1,1781827246
2026-06-19T00:00:51Z,1026,6,4,24,1,0,1,1,1,1781826775
2026-06-19T00:00:51Z,1028,12,1,11,0,0,1,1,1,1781826076
2026-06-19T00:00:51Z,1029,10,6,2,3,0,1,1,1,1781825813
2026-06-19T00:00:51Z,1030,9,3,14,0,0,1,1,1,1781826046
2026-06-19T00:00:51Z,1031,4,2,15,0,0,1,1,1,1781827032
2026-06-19T00:00:51Z,1032,9,1,10,0,0,1,1,1,1781825610
2026-06-19T00:00:51Z,1033,14,9,5,0,0,1,1,1,1781826710
2026-06-19T00:00:51Z,1034,1,0,14,0,0,1,1,1,1781826927
2026-06-19T00:00:51Z,1035,3,0,16,0,0,1,1,1,1781825443
2026-06-19T00:00:51Z,1036,14,2,1,0,0,1,1,1,1781826031
2026-06-19T00:00:51Z,1037,7,0,12,0,0,1,1,1,1781825822
2026-06-19T00:00:51Z,1038,5,0,10,0,0,1,1,1,1781825438
2026-06-19T00:00:51Z,1039,6,2,13,0,0,1,1,1,1781827171
2026-06-19T00:00:51Z,1040,13,4,6,0,0,1,1,1,1781825927
2026-06-19T00:00:51Z,1041,5,0,13,1,0,1,1,1,1781825648
2026-06-19T00:00:51Z,1042,7,0,8,0,0,1,1,1,1781826989
2026-06-19T00:00:51Z,1043,8,7,11,0,0,1,1,1,1781825888
2026-06-19T00:00:51Z,1044,2,1,13,0,0,1,1,1,1781826570
2026-06-19T00:00:51Z,1045,2,0,17,0,0,1,1,1,1781825438
2026-06-19T00:00:51Z,1046,9,1,3,3,0,1,1,1,1781827018
2026-06-19T00:00:51Z,1047,7,2,13,1,0,1,1,1,1781826752
2026-06-19T00:00:51Z,1048,14,1,5,0,0,1,1,1,1781825494
2026-06-19T00:00:51Z,1049,5,0,16,0,0,1,1,1,1781826760
2026-06-19T00:00:51Z,1050,5,0,15,1,0,1,1,1,1781825643
2026-06-19T00:00:51Z,1051,4,0,17,0,0,1,1,1,1781826475
2026-06-19T00:00:51Z,1052,3,0,18,1,0,1,1,1,1781827147
2026-06-19T00:00:51Z,1053,1,1,14,0,0,1,1,1,1781825446
2026-06-19T00:00:51Z,1054,8,5,7,0,0,1,1,1,1781825510
2026-06-19T00:00:51Z,1055,2,0,17,0,0,1,1,1,1781826470
2026-06-19T00:00:51Z,1057,15,1,4,0,0,1,1,1,1781826856
2026-06-19T00:00:51Z,1058,15,0,41,0,0,1,1,1,1781826287
2026-06-19T00:00:51Z,1059,0,0,18,1,0,1,1,1,1781826758
2026-06-19T00:00:51Z,1060,33,4,3,0,0,1,1,1,1781827228
2026-06-19T00:00:51Z,1061,1,0,36,0,0,1,1,1,1781826290
2026-06-19T00:00:51Z,1062,1,0,16,0,0,1,1,1,1781825635
2026-06-19T00:00:51Z,1063,14,3,4,1,0,1,1,1,1781825730
2026-06-19T00:00:51Z,1064,7,3,16,0,0,1,1,1,1781825897
2026-06-19T00:00:51Z,1065,11,4,12,0,0,1,1,1,1781825911
2026-06-19T00:00:51Z,1066,5,0,18,0,0,1,1,1,1781826383
2026-06-19T00:00:51Z,1067,12,0,10,1,0,1,1,1,1781826418
2026-06-19T00:00:51Z,1068,12,3,11,0,0,1,1,1,1781826163
2026-06-19T00:00:51Z,1069,4,1,19,0,0,1,1,1,1781826973
2026-06-19T00:00:51Z,1070,10,0,13,0,0,1,1,1,1781826032
2026-06-19T00:00:51Z,1071,9,2,14,0,0,1,1,1,1781825853
2026-06-19T00:00:51Z,1072,9,1,13,1,0,1,1,1,1781826185
2026-06-19T00:00:51Z,1073,21,2,6,0,0,1,1,1,1781826495
2026-06-19T00:00:51Z,1074,17,0,36,0,0,1,1,1,1781826325
2026-06-19T00:00:51Z,1075,12,7,7,2,0,1,1,1,1781825954
2026-06-19T00:00:51Z,1076,13,10,8,0,0,1,1,1,1781826740
2026-06-19T00:00:51Z,1077,13,10,8,0,0,1,1,1,1781825929
2026-06-19T00:00:51Z,1078,9,6,12,0,0,1,1,1,1781826533
2026-06-19T00:00:51Z,1079,9,7,12,0,0,1,1,1,1781826206
2026-06-19T00:00:51Z,1080,11,8,10,0,0,1,1,1,1781826000
2026-06-19T00:00:51Z,1081,13,8,6,0,0,1,1,1,1781826167
2026-06-19T00:00:51Z,1082,14,11,9,0,0,1,1,1,1781826385
2026-06-19T00:00:51Z,1083,11,8,10,0,0,1,1,1,1781825946
2026-06-19T00:00:51Z,1084,8,7,13,0,0,1,1,1,1781826041
2026-06-19T00:00:51Z,1085,14,11,7,0,0,1,1,1,1781825928
2026-06-19T00:00:51Z,1086,14,13,7,0,0,1,1,1,1781825855
2026-06-19T00:00:51Z,1087,6,6,9,0,0,1,1,1,1781825827
2026-06-19T00:00:51Z,1088,8,5,7,0,0,1,1,1,1781826718
2026-06-19T00:00:51Z,1089,7,7,8,0,0,1,1,1,1781826251
2026-06-19T00:00:51Z,1090,12,11,3,0,0,1,1,1,1781826288
2026-06-19T00:00:51Z,1091,10,8,5,0,0,1,1,1,1781827175
2026-06-19T00:00:51Z,1092,7,6,8,0,0,1,1,1,1781826112
2026-06-19T00:00:51Z,1093,7,6,8,0,0,1,1,1,1781825868
2026-06-19T00:00:51Z,1094,12,10,7,0,0,1,1,1,1781826747
2026-06-19T00:00:51Z,1095,7,6,8,0,0,1,1,1,1781825654
2026-06-19T00:00:51Z,1096,9,7,10,0,0,1,1,1,1781827060
2026-06-19T00:00:51Z,1097,9,7,6,0,0,1,1,1,1781826240
2026-06-19T00:00:51Z,1098,7,7,12,0,0,1,1,1,1781826457
2026-06-19T00:00:51Z,1099,6,6,9,0,0,1,1,1,1781825958
2026-06-19T00:00:51Z,1100,10,5,14,5,0,1,1,1,1781825838
2026-06-19T00:00:51Z,1101,11,5,10,0,0,1,1,1,1781826933
2026-06-19T00:00:51Z,1102,11,6,2,0,0,1,1,1,1781825963
2026-06-19T00:00:51Z,1103,10,6,10,1,0,1,1,1,1781826408
2026-06-19T00:00:51Z,1104,11,6,10,0,0,1,1,1,1781826922
2026-06-19T00:00:51Z,1105,8,4,5,0,0,1,1,1,1781825792
2026-06-19T00:00:51Z,1106,8,4,12,1,0,1,1,1,1781827207
2026-06-19T00:00:51Z,1107,10,5,5,0,0,1,1,1,1781827011
2026-06-19T00:00:51Z,1108,9,4,18,0,0,1,1,1,1781826881
2026-06-19T00:00:51Z,1109,10,5,5,0,0,1,1,1,1781825481
2026-06-19T00:00:51Z,1110,13,3,7,1,0,1,1,1,1781827030
2026-06-19T00:00:51Z,1111,11,5,10,0,0,1,1,1,1781825466
2026-06-19T00:00:51Z,1112,30,4,22,1,0,1,1,1,1781827145
2026-06-19T00:00:51Z,1113,3,1,18,0,0,1,1,1,1781826746
2026-06-19T00:00:51Z,1115,6,1,17,0,0,1,1,1,1781826056
2026-06-19T00:00:51Z,1116,3,3,16,0,0,1,1,1,1781827176
2026-06-19T00:00:51Z,1117,2,0,20,1,0,1,1,1,1781826015
2026-06-19T00:00:51Z,1118,15,0,6,0,0,1,1,1,1781827201
2026-06-19T00:00:51Z,1119,17,3,0,0,0,1,1,1,1781825889
2026-06-19T00:00:51Z,1120,12,4,7,0,0,1,1,1,1781827156
2026-06-19T00:00:51Z,1121,5,0,16,0,0,1,1,1,1781826514
2026-06-19T00:00:51Z,1122,6,1,14,1,0,1,1,1,1781826486
2026-06-19T00:00:51Z,1123,1,1,22,0,0,1,1,1,1781826477
2026-06-19T00:00:51Z,1124,9,1,5,1,0,1,1,1,1781827060
2026-06-19T00:00:51Z,1125,5,1,18,0,0,1,1,1,1781825759
2026-06-19T00:00:51Z,1126,7,1,13,0,1,1,1,1,1781826815
2026-06-19T00:00:51Z,1127,12,0,6,1,0,1,1,1,1781826519
2026-06-19T00:00:51Z,1128,10,3,5,0,0,1,1,1,1781826843
2026-06-19T00:00:51Z,1129,3,1,18,0,0,1,1,1,1781825954
2026-06-19T00:00:51Z,1130,4,0,9,2,0,1,1,1,1781826934
2026-06-19T00:00:51Z,1131,13,0,36,0,0,1,1,1,1781827148
2026-06-19T00:00:51Z,1132,5,1,15,1,0,1,1,1,1781825665
2026-06-19T00:00:51Z,1133,6,2,14,1,0,1,1,1,1781826196
2026-06-19T00:00:51Z,1134,10,5,9,0,0,1,1,1,1781825907
2026-06-19T00:00:51Z,1135,10,5,11,0,0,1,1,1,1781827167
2026-06-19T00:00:51Z,1136,5,0,18,0,0,1,1,1,1781826516
2026-06-19T00:00:51Z,1137,9,7,6,0,0,1,1,1,1781826945
2026-06-19T00:00:51Z,1138,1,0,18,0,0,1,1,1,1781826811
2026-06-19T00:00:51Z,1139,11,1,10,0,0,1,1,1,1781824241
2026-06-19T00:00:51Z,1140,17,3,4,2,0,1,1,1,1781826109
2026-06-19T00:00:51Z,1141,3,1,17,1,0,1,1,1,1781827180
2026-06-19T00:00:51Z,1142,2,0,19,0,0,1,1,1,1781825707
2026-06-19T00:00:51Z,1143,14,0,15,0,0,1,1,1,1781827216
2026-06-19T00:00:51Z,1144,7,0,14,0,0,1,1,1,1781826655
2026-06-19T00:00:51Z,1145,10,5,11,0,0,1,1,1,1781826963
2026-06-19T00:00:51Z,1146,10,1,9,0,0,1,1,1,1781827142
2026-06-19T00:00:51Z,1147,9,2,10,0,0,1,1,1,1781827151
2026-06-19T00:00:51Z,1148,18,0,13,0,0,1,1,1,1781827113
2026-06-19T00:00:51Z,1149,22,7,3,0,0,1,1,1,1781826772
2026-06-19T00:00:51Z,1150,11,0,8,0,0,1,1,1,1781827158
2026-06-19T00:00:51Z,1151,16,0,5,0,0,1,1,1,1781825700
2026-06-19T00:00:51Z,1152,10,0,19,0,0,1,1,1,1781826749
2026-06-19T00:00:51Z,1153,5,1,18,0,0,1,1,1,1781826435
2026-06-19T00:00:51Z,1154,12,1,4,3,0,1,1,1,1781827041
2026-06-19T00:00:51Z,1155,13,1,6,2,0,1,1,1,1781826867
2026-06-19T00:00:51Z,1158,10,1,9,0,0,1,1,1,1781825441
2026-06-19T00:00:51Z,1159,11,1,8,0,0,1,1,1,1781825908
2026-06-19T00:00:51Z,1160,5,0,14,0,0,1,1,1,1781825711
2026-06-19T00:00:51Z,1161,3,1,16,0,0,1,1,1,1781825758
2026-06-19T00:00:51Z,1162,9,0,10,0,0,1,1,1,1781826765
2026-06-19T00:00:51Z,1163,2,1,17,0,0,1,1,1,1781826986
2026-06-19T00:00:51Z,1164,7,1,11,1,0,1,1,1,1781825569
2026-06-19T00:00:51Z,1165,3,0,18,0,0,1,1,1,1781825912
2026-06-19T00:00:51Z,1166,2,0,18,1,0,1,1,1,1781827234
2026-06-19T00:00:51Z,1167,4,0,11,0,0,1,1,1,1781827221
2026-06-19T00:00:51Z,1168,4,0,19,0,0,1,1,1,1781826044
2026-06-19T00:00:51Z,1169,12,11,7,0,0,1,1,1,1781826355
2026-06-19T00:00:51Z,1170,3,0,18,0,0,1,1,1,1781826561
2026-06-19T00:00:51Z,1171,14,5,9,0,0,1,1,1,1781826819
2026-06-19T00:00:51Z,1172,8,0,7,0,0,1,1,1,1781827019
2026-06-19T00:00:51Z,1173,9,3,10,0,0,1,1,1,1781825528
2026-06-19T00:00:51Z,1174,5,4,10,0,0,1,1,1,1781826966
2026-06-19T00:00:51Z,1175,8,4,11,0,0,1,1,1,1781826831
2026-06-19T00:00:51Z,1176,15,0,5,1,0,1,1,1,1781825914
2026-06-19T00:00:51Z,1177,7,0,14,0,0,1,1,1,1781826488
2026-06-19T00:00:51Z,1178,4,1,11,0,0,1,1,1,1781827151
2026-06-19T00:00:51Z,1181,4,0,11,0,0,1,1,1,1781826252
2026-06-19T00:00:51Z,1182,15,2,5,0,0,1,1,1,1781827047
2026-06-19T00:00:51Z,1183,16,0,21,0,0,1,1,1,1781826992
2026-06-19T00:00:51Z,1184,5,5,15,1,0,1,1,1,1781826730
2026-06-19T00:00:51Z,1185,12,6,9,0,0,1,1,1,1781826826
2026-06-19T00:00:51Z,1186,10,5,9,0,0,1,1,1,1781827210
2026-06-19T00:00:51Z,1190,10,5,11,0,0,1,1,1,1781825452
2026-06-19T00:00:51Z,1192,11,6,10,0,0,1,1,1,1781827191
2026-06-19T00:00:51Z,1193,6,4,7,0,0,1,1,1,1781827241
2026-06-19T00:00:51Z,1197,9,6,8,0,0,1,1,1,1781826665
2026-06-19T00:00:51Z,1198,10,7,11,0,0,1,1,1,1781826574
2026-06-19T00:00:51Z,1199,9,6,9,1,0,1,1,1,1781826039
2026-06-19T00:00:51Z,1222,0,0,0,0,0,0,1,1,86400
2026-06-19T00:00:51Z,1223,0,0,0,0,0,0,1,1,86400
2026-06-19T00:05:51Z,1,2,0,21,0,0,1,1,1,1781827031
2026-06-19T00:05:51Z,2,21,2,5,1,0,1,1,1,1781826804
2026-06-19T00:05:51Z,3,19,6,0,0,0,1,1,1,1781827431
2026-06-19T00:05:51Z,4,3,0,20,0,0,1,1,1,1781826641
2026-06-19T00:05:51Z,5,4,1,18,1,0,1,1,1,1781827334
2026-06-19T00:05:51Z,6,7,0,8,0,0,1,1,1,1781827426
2026-06-19T00:05:51Z,7,8,2,15,0,0,1,1,1,1781827441
2026-06-19T00:05:51Z,8,14,0,29,0,0,1,1,1,1781827059
2026-06-19T00:05:51Z,9,18,1,5,0,0,1,1,1,1781826493
2026-06-19T00:05:51Z,10,12,6,9,2,0,1,1,1,1781825937
2026-06-19T00:05:51Z,11,19,4,0,0,0,1,1,1,1781826886
2026-06-19T00:05:51Z,12,15,1,8,0,0,1,1,1,1781826369
2026-06-19T00:05:51Z,13,17,2,14,0,0,1,1,1,1781826934
2026-06-19T00:05:51Z,14,35,1,8,0,0,1,1,1,1781827460
2026-06-19T00:05:51Z,15,13,1,1,1,0,1,1,1,1781827499
2026-06-19T00:05:51Z,16,14,3,12,1,0,1,1,1,1781824387
2026-06-19T00:05:51Z,17,7,1,19,1,0,1,1,1,1781827549
2026-06-19T00:05:51Z,18,16,2,3,0,0,1,1,1,1781827246
2026-06-19T00:05:51Z,19,17,0,10,0,0,1,1,1,1781827515
2026-06-19T00:05:51Z,20,12,0,15,0,0,1,1,1,1781827431
2026-06-19T00:05:51Z,21,3,0,15,1,0,1,1,1,1781827194
2026-06-19T00:05:51Z,22,16,1,50,0,0,1,1,1,1781825972
2026-06-19T00:05:51Z,23,12,1,19,0,0,1,1,1,1781827258
2026-06-19T00:05:51Z,24,8,0,1,2,0,1,1,1,1781827543
2026-06-19T00:05:51Z,25,47,0,32,2,0,1,1,1,1781827546
2026-06-19T00:05:51Z,26,1,1,26,0,0,1,1,1,1781827324
2026-06-19T00:05:51Z,28,5,0,9,1,0,1,1,1,1781825481
2026-06-19T00:05:51Z,30,8,0,20,1,0,1,1,1,1781827523
2026-06-19T00:05:51Z,31,9,0,10,0,0,1,1,1,1781827415
2026-06-19T00:05:51Z,32,25,1,2,0,0,1,1,1,1781827219
2026-06-19T00:05:51Z,34,21,0,15,1,0,1,1,1,1781826369
2026-06-19T00:05:51Z,35,35,0,11,1,0,1,1,1,1781827466
2026-06-19T00:05:51Z,36,0,0,0,0,0,0,1,1,86400
2026-06-19T00:05:51Z,37,15,0,6,2,0,1,1,1,1781827471
2026-06-19T00:05:51Z,38,10,0,13,0,0,1,1,1,1781827155
2026-06-19T00:05:51Z,39,27,3,4,0,0,1,1,1,1781826949
2026-06-19T00:05:51Z,40,3,0,18,0,0,1,1,1,1781827345
2026-06-19T00:05:51Z,41,4,0,22,1,0,1,1,1,1781826798
2026-06-19T00:05:51Z,42,23,0,8,0,0,1,1,1,1781827468
2026-06-19T00:05:51Z,43,22,6,0,1,0,1,1,1,1781827442
2026-06-19T00:05:51Z,45,1,0,30,0,0,1,1,1,1781826176
2026-06-19T00:05:51Z,46,3,0,28,0,0,1,1,1,1781827464
2026-06-19T00:05:51Z,47,4,3,10,1,0,1,1,1,1781827372
2026-06-19T00:05:51Z,48,20,0,7,0,0,1,1,1,1781827225
2026-06-19T00:05:51Z,49,2,0,18,3,0,1,1,1,1781827545
2026-06-19T00:05:51Z,50,1,1,17,1,0,1,1,1,1781826287
2026-06-19T00:05:51Z,51,22,0,57,0,0,1,1,1,1781823093
2026-06-19T00:05:51Z,52,25,2,1,1,0,1,1,1,1781827543
2026-06-19T00:05:51Z,55,1,0,21,1,0,1,1,1,1781827330
2026-06-19T00:05:51Z,56,8,0,18,1,0,1,1,1,1781827245
2026-06-19T00:05:51Z,57,4,0,21,2,0,1,1,1,1781827543
2026-06-19T00:05:51Z,58,4,3,24,0,0,1,1,1,1781827364
2026-06-19T00:05:51Z,59,8,0,17,2,0,1,1,1,1781827550
2026-06-19T00:05:51Z,61,16,1,22,1,0,1,1,1,1781827475
2026-06-19T00:05:51Z,62,32,5,17,0,0,1,1,1,1781827235
2026-06-19T00:05:51Z,63,4,0,15,0,0,1,1,1,1781826811
2026-06-19T00:05:51Z,64,14,1,2,3,0,1,1,1,1781815477
2026-06-19T00:05:51Z,65,6,4,11,2,0,1,1,1,1781824670
2026-06-19T00:05:51Z,67,2,0,37,0,0,1,1,1,1781826901
2026-06-19T00:05:51Z,68,14,0,22,0,0,1,1,1,1781826924
2026-06-19T00:05:51Z,69,13,0,2,0,0,1,1,1,1781827479
2026-06-19T00:05:51Z,71,10,1,17,0,0,1,1,1,1781827371
2026-06-19T00:05:51Z,72,14,8,14,3,0,1,1,1,1781827392
2026-06-19T00:05:51Z,73,0,0,23,0,0,1,1,1,1781827219
2026-06-19T00:05:51Z,74,5,2,13,0,1,1,1,1,1781826898
2026-06-19T00:05:51Z,75,9,0,26,0,0,1,1,1,1781826881
2026-06-19T00:05:51Z,76,2,0,16,1,0,1,1,1,1781824370
2026-06-19T00:05:51Z,77,10,0,16,1,0,1,1,1,1781827461
2026-06-19T00:05:51Z,78,12,1,11,0,0,1,1,1,1781827523
2026-06-19T00:05:51Z,79,9,3,8,0,0,1,1,1,1781827389
2026-06-19T00:05:51Z,80,7,2,15,0,1,1,1,1,1781827368
2026-06-19T00:05:51Z,81,6,0,16,1,0,1,1,1,1781827287
2026-06-19T00:05:51Z,82,21,5,1,1,0,1,1,1,1781827505
2026-06-19T00:05:51Z,83,30,0,3,1,0,1,1,1,1781827382
2026-06-19T00:05:51Z,84,25,3,2,0,0,1,1,1,1781827341
2026-06-19T00:05:51Z,85,5,1,14,0,0,1,1,1,1781827530
2026-06-19T00:05:51Z,86,22,2,5,0,0,1,1,1,1781825108
2026-06-19T00:05:51Z,87,3,0,16,0,0,1,1,1,1781827527
2026-06-19T00:05:51Z,88,19,0,8,4,0,1,1,1,1781827498
2026-06-19T00:05:51Z,89,35,3,0,0,0,1,1,1,1781820365
2026-06-19T00:05:51Z,90,11,0,6,2,0,1,1,1,1781826973
2026-06-19T00:05:51Z,91,7,1,10,0,0,1,1,1,1781824898
2026-06-19T00:05:51Z,92,5,2,13,1,0,1,1,1,1781827477
2026-06-19T00:05:51Z,93,4,0,19,0,0,1,1,1,1781827243
2026-06-19T00:05:51Z,94,1,0,18,0,0,1,1,1,1781826206
2026-06-19T00:05:51Z,95,6,1,25,3,0,1,1,1,1781827546
2026-06-19T00:05:51Z,96,26,3,4,1,0,1,1,1,1781826277
2026-06-19T00:05:51Z,97,6,0,11,0,0,1,1,1,1781826689
2026-06-19T00:05:51Z,98,33,5,2,0,0,1,1,1,1781827285
2026-06-19T00:05:51Z,99,14,0,1,0,0,1,1,1,1781826926
2026-06-19T00:05:51Z,100,16,1,11,0,0,1,1,1,1781827178
2026-06-19T00:05:51Z,101,13,0,0,2,0,1,1,1,1781827361
2026-06-19T00:05:51Z,102,7,0,16,0,0,1,1,1,1781826772
2026-06-19T00:05:51Z,103,3,0,27,2,0,1,1,1,1781827412
2026-06-19T00:05:51Z,104,19,0,6,2,0,1,1,1,1781827422
2026-06-19T00:05:51Z,105,13,3,6,0,0,1,1,1,1781821907
2026-06-19T00:05:51Z,106,12,0,9,0,0,1,1,1,1781827508
2026-06-19T00:05:51Z,107,16,0,21,0,0,1,1,1,1781827444
2026-06-19T00:05:51Z,108,7,0,25,2,1,1,1,1,1781827526
2026-06-19T00:05:51Z,109,0,0,23,0,0,1,1,1,1781827449
2026-06-19T00:05:51Z,110,10,0,13,0,0,1,1,1,1781827093
2026-06-19T00:05:51Z,111,29,0,7,0,0,1,1,1,1781827517
2026-06-19T00:05:51Z,112,5,1,12,2,0,1,1,1,1781827285
2026-06-19T00:05:51Z,113,3,2,16,0,0,1,1,1,1781827529
2026-06-19T00:05:51Z,114,10,1,20,1,0,1,1,1,1781827271
2026-06-19T00:05:51Z,115,2,1,21,2,1,1,1,1,1781827085
2026-06-19T00:05:51Z,116,3,0,24,0,0,1,1,1,1781826147
2026-06-19T00:05:51Z,118,9,4,14,0,0,1,1,1,1781826953
2026-06-19T00:05:51Z,119,8,3,29,2,0,1,1,1,1781827548
2026-06-19T00:05:51Z,120,12,3,14,1,0,1,1,1,1781827516
2026-06-19T00:05:51Z,121,0,0,17,2,0,1,1,1,1781827138
2026-06-19T00:05:51Z,122,4,0,15,2,0,1,1,1,1781827443
2026-06-19T00:05:51Z,123,6,3,41,0,0,1,1,1,1781826719
2026-06-19T00:05:51Z,124,24,2,3,0,0,1,1,1,1781827521
2026-06-19T00:05:51Z,125,6,4,17,0,0,1,1,1,1781827183
2026-06-19T00:05:51Z,126,19,1,12,0,0,1,1,1,1781827140
2026-06-19T00:05:51Z,127,29,5,1,1,0,1,1,1,1781827269
2026-06-19T00:05:51Z,128,8,8,7,4,0,1,1,1,1781827496
2026-06-19T00:05:51Z,129,16,0,0,3,0,1,1,1,1781827447
2026-06-19T00:05:51Z,130,10,1,6,1,0,1,1,1,1781825829
2026-06-19T00:05:51Z,131,3,1,8,0,0,1,1,1,1781826433
2026-06-19T00:05:51Z,132,7,4,6,1,1,1,1,1,1781826833
2026-06-19T00:05:51Z,133,5,1,18,0,0,1,1,1,1781827549
2026-06-19T00:05:51Z,134,11,4,10,0,0,1,1,1,1781826833
2026-06-19T00:05:51Z,135,1,0,18,0,0,1,1,1,1781827027
2026-06-19T00:05:51Z,136,9,1,13,0,0,1,1,1,1781827398
2026-06-19T00:05:51Z,137,0,0,19,0,0,1,1,1,1781827538
2026-06-19T00:05:51Z,138,23,2,13,1,0,1,1,1,1781827503
2026-06-19T00:05:51Z,139,10,0,9,0,0,1,1,1,1781827427
2026-06-19T00:05:51Z,140,15,0,8,0,0,1,1,1,1781827144
2026-06-19T00:05:51Z,141,7,1,15,0,0,1,1,1,1781827403
2026-06-19T00:05:51Z,142,12,0,7,0,0,1,1,1,1781827329
2026-06-19T00:05:51Z,143,29,0,2,0,0,1,1,1,1781827498
2026-06-19T00:05:51Z,144,26,3,1,0,0,1,1,1,1781827255
2026-06-19T00:05:51Z,145,27,0,3,1,0,1,1,1,1781827178
2026-06-19T00:05:51Z,146,19,2,4,0,0,1,1,1,1781827128
2026-06-19T00:05:51Z,147,1,1,17,1,0,1,1,1,1781824342
2026-06-19T00:05:51Z,148,1,0,26,0,0,1,1,1,1781827518
2026-06-19T00:05:51Z,149,11,3,8,0,0,1,1,1,1781827508
2026-06-19T00:05:51Z,150,34,4,0,1,0,1,1,1,1781826826
2026-06-19T00:05:51Z,151,16,0,7,0,0,1,1,1,1781827170
2026-06-19T00:05:51Z,152,21,3,4,2,0,1,1,1,1781827467
2026-06-19T00:05:51Z,153,18,0,1,4,0,1,1,1,1781827542
2026-06-19T00:05:51Z,154,14,3,7,2,0,1,1,1,1781827486
2026-06-19T00:05:51Z,155,0,0,12,2,0,1,1,1,1781824143
2026-06-19T00:05:51Z,156,4,1,15,0,0,1,1,1,1781827393
2026-06-19T00:05:51Z,157,23,2,4,0,0,1,1,1,1781827524
2026-06-19T00:05:51Z,158,18,3,1,0,0,1,1,1,1781825732
2026-06-19T00:05:51Z,159,15,2,3,1,0,1,1,1,1781827531
2026-06-19T00:05:51Z,160,17,1,0,2,0,1,1,1,1781827360
2026-06-19T00:05:51Z,161,14,1,4,3,1,1,1,1,1781827550
2026-06-19T00:05:51Z,162,8,0,18,1,0,1,1,1,1781827436
2026-06-19T00:05:51Z,163,12,1,18,1,0,1,1,1,1781827440
2026-06-19T00:05:51Z,164,20,0,6,1,0,1,1,1,1781827226
2026-06-19T00:05:51Z,165,22,6,8,1,0,1,1,1,1781827529
2026-06-19T00:05:51Z,166,24,6,14,0,0,1,1,1,1781826463
2026-06-19T00:05:51Z,167,9,3,13,0,1,1,1,1,1781826523
2026-06-19T00:05:51Z,168,9,1,17,0,1,1,1,1,1781827466
2026-06-19T00:05:51Z,169,10,1,12,1,0,1,1,1,1781827540
2026-06-19T00:05:51Z,170,7,1,11,1,0,1,1,1,1781827288
2026-06-19T00:05:51Z,171,6,1,6,1,0,1,1,1,1781826177
2026-06-19T00:05:51Z,173,12,1,25,0,0,1,1,1,1781827359
2026-06-19T00:05:51Z,174,24,5,1,0,0,1,1,1,1781826693
2026-06-19T00:05:51Z,175,31,0,0,0,0,1,1,1,1781825913
2026-06-19T00:05:51Z,176,5,1,8,1,1,1,1,1,1781827146
2026-06-19T00:05:51Z,177,25,1,2,0,0,1,1,1,1781827286
2026-06-19T00:05:51Z,178,7,2,3,5,0,1,1,1,1781827528
2026-06-19T00:05:51Z,179,14,2,0,1,0,1,1,1,1781827107
2026-06-19T00:05:51Z,180,8,0,21,1,0,1,1,1,1781825902
2026-06-19T00:05:51Z,181,7,1,6,1,1,1,1,1,1781827461
2026-06-19T00:05:51Z,182,1,1,17,1,0,1,1,1,1781826785
2026-06-19T00:05:51Z,183,12,1,9,2,0,1,1,1,1781827452
2026-06-19T00:05:51Z,184,13,0,8,2,0,1,1,1,1781827530
2026-06-19T00:05:51Z,185,7,0,4,3,1,1,1,1,1781825259
2026-06-19T00:05:51Z,186,5,1,14,0,0,1,1,1,1781826904
2026-06-19T00:05:51Z,187,0,0,28,1,0,1,1,1,1781827278
2026-06-19T00:05:51Z,188,20,5,6,1,0,1,1,1,1781827466
2026-06-19T00:05:51Z,189,14,5,1,0,0,1,1,1,1781826099
2026-06-19T00:05:51Z,190,11,0,11,1,0,1,1,1,1781827257
2026-06-19T00:05:51Z,191,0,0,38,0,1,1,1,1,1781827334
2026-06-19T00:05:51Z,192,13,7,18,0,0,1,1,1,1781825966
2026-06-19T00:05:51Z,193,7,3,6,2,0,1,1,1,1781827437
2026-06-19T00:05:51Z,194,12,1,3,0,0,1,1,1,1781827360
2026-06-19T00:05:51Z,195,3,3,16,0,0,1,1,1,1781826391
2026-06-19T00:05:51Z,196,8,1,16,3,0,1,1,1,1781827243
2026-06-19T00:05:51Z,197,16,0,3,0,0,1,1,1,1781827272
2026-06-19T00:05:51Z,198,2,0,20,0,0,1,1,1,1781826757
2026-06-19T00:05:51Z,199,2,1,12,1,0,1,1,1,1781827517
2026-06-19T00:05:51Z,200,20,3,4,2,0,1,1,1,1781827021
2026-06-19T00:05:51Z,201,11,4,11,1,0,1,1,1,1781825978
2026-06-19T00:05:51Z,202,0,0,26,0,0,1,1,1,1781827213
2026-06-19T00:05:51Z,203,25,1,6,0,0,1,1,1,1781827349
2026-06-19T00:05:51Z,204,22,3,12,1,0,1,1,1,1781827163
2026-06-19T00:05:51Z,205,27,3,0,0,0,1,1,1,1781827444
2026-06-19T00:05:51Z,206,3,1,10,1,1,1,1,1,1781827537
2026-06-19T00:05:51Z,207,20,0,1,0,0,1,1,1,1781825066
2026-06-19T00:05:51Z,208,5,1,23,1,0,1,1,1,1781825258
2026-06-19T00:05:51Z,209,29,4,1,1,0,1,1,1,1781827316
2026-06-19T00:05:51Z,210,14,3,12,1,0,1,1,1,1781827549
2026-06-19T00:05:51Z,211,18,0,4,1,0,1,1,1,1781827015
2026-06-19T00:05:51Z,212,22,5,13,0,0,1,1,1,1781827241
2026-06-19T00:05:51Z,213,19,0,4,0,0,1,1,1,1781827402
2026-06-19T00:05:51Z,214,32,13,12,3,0,1,1,1,1781827068
2026-06-19T00:05:51Z,215,23,0,0,0,0,1,1,1,1781827159
2026-06-19T00:05:51Z,216,19,6,0,0,0,1,1,1,1781827064
2026-06-19T00:05:51Z,217,29,5,0,1,0,1,1,1,1781827415
2026-06-19T00:05:51Z,218,14,2,23,2,0,1,1,1,1781827543
2026-06-19T00:05:51Z,219,16,1,10,0,0,1,1,1,1781827378
2026-06-19T00:05:51Z,220,40,1,1,2,0,1,1,1,1781826727
2026-06-19T00:05:51Z,221,8,7,6,0,0,1,1,1,1781827174
2026-06-19T00:05:51Z,222,3,2,16,0,0,1,1,1,1781827335
2026-06-19T00:05:51Z,223,14,2,19,2,0,1,1,1,1781827542
2026-06-19T00:05:51Z,224,9,5,13,0,0,1,1,1,1781827548
2026-06-19T00:05:51Z,225,3,0,15,1,0,1,1,1,1781822049
2026-06-19T00:05:51Z,226,17,17,13,0,1,1,1,1,1781827450
2026-06-19T00:05:51Z,227,10,7,16,1,0,1,1,1,1781827465
2026-06-19T00:05:51Z,228,9,1,8,2,0,1,1,1,1781827314
2026-06-19T00:05:51Z,230,2,1,21,0,0,1,1,1,1781827145
2026-06-19T00:05:51Z,232,14,3,4,1,0,1,1,1,1781827109
2026-06-19T00:05:51Z,233,28,6,3,0,0,1,1,1,1781827494
2026-06-19T00:05:51Z,234,4,3,14,1,0,1,1,1,1781826061
2026-06-19T00:05:51Z,236,18,5,0,1,0,1,1,1,1781827296
2026-06-19T00:05:51Z,237,11,0,12,0,0,1,1,1,1781827346
2026-06-19T00:05:51Z,239,18,3,8,1,0,1,1,1,1781827270
2026-06-19T00:05:51Z,241,10,3,12,1,0,1,1,1,1781827207
2026-06-19T00:05:51Z,242,8,2,12,3,0,1,1,1,1781827513
2026-06-19T00:05:51Z,243,18,11,12,1,0,1,1,1,1781827388
2026-06-19T00:05:51Z,244,12,2,15,0,0,1,1,1,1781827485
2026-06-19T00:05:51Z,245,1,0,21,1,0,1,1,1,1781827484
2026-06-19T00:05:51Z,246,2,0,21,0,0,1,1,1,1781825206
2026-06-19T00:05:51Z,247,11,5,10,2,0,1,1,1,1781827451
2026-06-19T00:05:51Z,248,3,3,17,3,0,1,1,1,1781826240
2026-06-19T00:05:51Z,249,0,0,19,0,0,1,1,1,1781826499
2026-06-19T00:05:51Z,250,4,4,23,0,0,1,1,1,1781827324
2026-06-19T00:05:51Z,251,23,9,4,0,0,1,1,1,1781827298
2026-06-19T00:05:51Z,253,2,2,17,0,0,1,1,1,1781827269
2026-06-19T00:05:51Z,254,1,1,35,7,0,1,1,1,1781827321
2026-06-19T00:05:51Z,255,0,0,23,0,0,1,1,1,1781823293
2026-06-19T00:05:51Z,256,2,1,19,2,0,1,1,1,1781826433
2026-06-19T00:05:51Z,257,18,4,1,0,0,1,1,1,1781827429
2026-06-19T00:05:51Z,258,7,3,8,4,0,1,1,1,1781827382
2026-06-19T00:05:51Z,259,10,0,13,0,0,1,1,1,1781826815
2026-06-19T00:05:51Z,260,14,3,2,3,0,1,1,1,1781827474
2026-06-19T00:05:51Z,261,12,0,6,1,0,1,1,1,1781827474
2026-06-19T00:05:51Z,262,17,7,3,2,1,1,1,1,1781827543
2026-06-19T00:05:51Z,263,11,7,3,1,0,1,1,1,1781826945
2026-06-19T00:05:51Z,264,12,2,7,0,0,1,1,1,1781826243
2026-06-19T00:05:51Z,265,3,0,12,0,0,1,1,1,1781826477
2026-06-19T00:05:51Z,266,6,1,12,1,0,1,1,1,1781825383
2026-06-19T00:05:51Z,267,9,2,4,2,0,1,1,1,1781823994
2026-06-19T00:05:51Z,268,13,2,7,3,0,1,1,1,1781826381
2026-06-19T00:05:51Z,269,12,7,11,0,0,1,1,1,1781825782
2026-06-19T00:05:51Z,270,0,0,27,0,0,1,1,1,1781827460
2026-06-19T00:05:51Z,271,0,0,18,1,0,1,1,1,1781820828
2026-06-19T00:05:51Z,272,15,4,7,1,0,1,1,1,1781827424
2026-06-19T00:05:51Z,273,13,3,1,1,0,1,1,1,1781827456
2026-06-19T00:05:51Z,274,11,5,7,1,0,1,1,1,1781827457
2026-06-19T00:05:51Z,275,7,0,15,1,0,1,1,1,1781827212
2026-06-19T00:05:51Z,276,11,7,12,3,1,1,1,1,1781825163
2026-06-19T00:05:51Z,277,2,1,17,4,0,1,1,1,1781827111
2026-06-19T00:05:51Z,278,3,2,27,1,0,1,1,1,1781827404
2026-06-19T00:05:51Z,279,1,1,18,0,0,1,1,1,1781827128
2026-06-19T00:05:51Z,280,7,1,22,2,0,1,1,1,1781827271
2026-06-19T00:05:51Z,281,21,2,2,0,0,1,1,1,1781827307
2026-06-19T00:05:51Z,282,4,0,12,0,0,1,1,1,1781824582
2026-06-19T00:05:51Z,283,29,1,6,0,0,1,1,1,1781826923
2026-06-19T00:05:51Z,284,24,6,10,1,0,1,1,1,1781826911
2026-06-19T00:05:51Z,285,3,1,20,0,0,1,1,1,1781826905
2026-06-19T00:05:51Z,286,8,7,14,1,0,1,1,1,1781827508
2026-06-19T00:05:51Z,287,5,1,16,2,0,1,1,1,1781827230
2026-06-19T00:05:51Z,288,8,1,11,0,0,1,1,1,1781827540
2026-06-19T00:05:51Z,289,10,10,16,1,0,1,1,1,1781827531
2026-06-19T00:05:51Z,290,0,0,36,2,1,0,1,1,1781808916
2026-06-19T00:05:51Z,291,17,0,6,0,0,1,1,1,1781827332
2026-06-19T00:05:51Z,292,14,0,9,0,0,1,1,1,1781827212
2026-06-19T00:05:51Z,293,12,3,10,1,0,1,1,1,1781827503
2026-06-19T00:05:51Z,294,19,7,1,2,0,1,1,1,1781827296
2026-06-19T00:05:51Z,297,13,0,5,1,0,1,1,1,1781827315
2026-06-19T00:05:51Z,301,6,0,12,1,0,1,1,1,1781827104
2026-06-19T00:05:51Z,302,21,1,1,1,0,1,1,1,1781827324
2026-06-19T00:05:51Z,303,0,0,19,0,0,1,1,1,1781826653
2026-06-19T00:05:51Z,304,0,0,0,0,0,0,1,1,86400
2026-06-19T00:05:51Z,305,5,0,14,0,0,1,1,1,1781826238
2026-06-19T00:05:51Z,306,3,1,29,0,0,1,1,1,1781827381
2026-06-19T00:05:51Z,307,13,1,10,0,0,1,1,1,1781827389
2026-06-19T00:05:51Z,308,12,1,5,2,0,1,1,1,1781826954
2026-06-19T00:05:51Z,309,8,2,2,3,1,1,1,1,1781827543
2026-06-19T00:05:51Z,311,2,0,13,0,0,1,1,1,1781827415
2026-06-19T00:05:51Z,312,11,5,10,2,0,1,1,1,1781827335
2026-06-19T00:05:51Z,313,6,1,9,0,0,1,1,1,1781826393
2026-06-19T00:05:51Z,314,4,0,13,2,0,1,1,1,1781827314
2026-06-19T00:05:51Z,315,19,5,12,0,0,1,1,1,1781827374
2026-06-19T00:05:51Z,316,14,0,0,1,0,1,1,1,1781826077
2026-06-19T00:05:51Z,317,8,4,21,1,1,1,1,1,1781827476
2026-06-19T00:05:51Z,318,12,1,5,0,0,1,1,1,1781824196
2026-06-19T00:05:51Z,319,19,2,6,2,0,1,1,1,1781827337
2026-06-19T00:05:51Z,320,11,2,8,0,0,1,1,1,1781825331
2026-06-19T00:05:51Z,321,9,0,10,0,0,1,1,1,1781818983
2026-06-19T00:05:51Z,322,14,1,15,0,0,1,1,1,1781827544
2026-06-19T00:05:51Z,323,5,1,13,1,0,1,1,1,1781827531
2026-06-19T00:05:51Z,324,11,4,16,0,0,1,1,1,1781827543
2026-06-19T00:05:51Z,325,3,1,22,2,0,1,1,1,1781827239
2026-06-19T00:05:51Z,327,11,0,13,1,2,1,1,1,1781826582
2026-06-19T00:05:51Z,328,2,0,21,0,0,1,1,1,1781827540
2026-06-19T00:05:51Z,329,9,2,9,1,0,1,1,1,1781826015
2026-06-19T00:05:51Z,330,15,2,7,0,0,1,1,1,1781827324
2026-06-19T00:05:51Z,331,9,0,13,1,0,1,1,1,1781827349
2026-06-19T00:05:51Z,332,11,3,8,0,0,1,1,1,1781826817
2026-06-19T00:05:51Z,333,11,4,12,0,0,1,1,1,1781827234
2026-06-19T00:05:51Z,334,9,3,13,1,0,1,1,1,1781826535
2026-06-19T00:05:51Z,335,11,1,11,0,1,1,1,1,1781826643
2026-06-19T00:05:51Z,336,12,4,7,0,0,1,1,1,1781826598
2026-06-19T00:05:51Z,337,18,4,2,3,0,1,1,1,1781827481
2026-06-19T00:05:51Z,338,8,4,11,0,0,1,1,1,1781826874
2026-06-19T00:05:51Z,339,17,14,4,2,0,1,1,1,1781827032
2026-06-19T00:05:51Z,340,6,3,8,1,0,1,1,1,1781826680
2026-06-19T00:05:51Z,341,6,5,13,0,0,1,1,1,1781827464
2026-06-19T00:05:51Z,342,6,2,8,1,0,1,1,1,1781826904
2026-06-19T00:05:51Z,343,12,8,11,0,0,1,1,1,1781827202
2026-06-19T00:05:51Z,344,3,1,20,0,0,1,1,1,1781826537
2026-06-19T00:05:51Z,345,7,1,11,1,0,1,1,1,1781827161
2026-06-19T00:05:51Z,346,3,1,20,0,0,1,1,1,1781826194
2026-06-19T00:05:51Z,347,6,0,41,0,0,1,1,1,1781827522
2026-06-19T00:05:51Z,348,2,0,21,0,0,1,1,1,1781827497
2026-06-19T00:05:51Z,349,12,1,6,1,0,1,1,1,1781827508
2026-06-19T00:05:51Z,350,8,0,18,0,1,1,1,1,1781827417
2026-06-19T00:05:51Z,351,7,0,14,2,0,1,1,1,1781827511
2026-06-19T00:05:51Z,355,14,2,9,0,0,1,1,1,1781827283
2026-06-19T00:05:51Z,356,14,1,4,1,0,1,1,1,1781826481
2026-06-19T00:05:51Z,357,18,5,1,0,0,1,1,1,1781827118
2026-06-19T00:05:51Z,358,13,3,14,0,0,1,1,1,1781827371
2026-06-19T00:05:51Z,359,9,0,17,1,0,1,1,1,1781827431
2026-06-19T00:05:51Z,360,7,3,12,0,0,1,1,1,1781824170
2026-06-19T00:05:51Z,362,13,2,5,1,0,1,1,1,1781827268
2026-06-19T00:05:51Z,363,24,0,1,0,1,1,1,1,1781826555
2026-06-19T00:05:51Z,364,12,4,6,0,1,1,1,1,1781824944
2026-06-19T00:05:51Z,365,6,0,16,1,0,1,1,1,1781827536
2026-06-19T00:05:51Z,366,16,9,5,2,0,1,1,1,1781827414
2026-06-19T00:05:51Z,367,13,4,6,0,0,1,1,1,1781826550
2026-06-19T00:05:51Z,368,13,2,10,0,0,1,1,1,1781827211
2026-06-19T00:05:51Z,370,26,7,0,1,0,1,1,1,1781825502
2026-06-19T00:05:51Z,371,6,0,11,2,0,1,1,1,1781827458
2026-06-19T00:05:51Z,372,14,3,1,0,0,1,1,1,1781826145
2026-06-19T00:05:51Z,373,7,4,19,0,0,1,1,1,1781827048
2026-06-19T00:05:51Z,374,4,2,13,0,0,1,1,1,1781825573
2026-06-19T00:05:51Z,375,23,7,3,1,0,1,1,1,1781827412
2026-06-19T00:05:51Z,376,33,12,2,4,0,1,1,1,1781827545
2026-06-19T00:05:51Z,377,25,5,0,2,0,1,1,1,1781826831
2026-06-19T00:05:51Z,378,18,1,3,3,0,1,1,1,1781827362
2026-06-19T00:05:51Z,379,8,0,19,0,0,1,1,1,1781827502
2026-06-19T00:05:51Z,380,22,2,0,1,0,1,1,1,1781822331
2026-06-19T00:05:51Z,381,18,2,5,0,0,1,1,1,1781827388
2026-06-19T00:05:51Z,383,4,1,11,0,0,1,1,1,1781827545
2026-06-19T00:05:51Z,384,10,0,7,2,0,1,1,1,1781827423
2026-06-19T00:05:51Z,385,8,2,9,1,0,1,1,1,1781827041
2026-06-19T00:05:51Z,387,16,1,7,0,0,1,1,1,1781827510
2026-06-19T00:05:51Z,388,32,2,16,0,0,1,1,1,1781827275
2026-06-19T00:05:51Z,389,6,4,9,0,0,1,1,1,1781823128
2026-06-19T00:05:51Z,390,23,2,4,0,0,1,1,1,1781827533
2026-06-19T00:05:51Z,391,11,1,3,1,0,1,1,1,1781827541
2026-06-19T00:05:51Z,392,2,1,16,1,0,1,1,1,1781825297
2026-06-19T00:05:51Z,393,2,2,9,0,0,1,1,1,1781827474
2026-06-19T00:05:51Z,394,12,2,1,4,1,1,1,1,1781827334
2026-06-19T00:05:51Z,396,2,2,38,2,0,1,1,1,1781827497
2026-06-19T00:05:51Z,397,5,0,25,1,0,1,1,1,1781825872
2026-06-19T00:05:51Z,399,15,4,3,0,1,1,1,1,1781827359
2026-06-19T00:05:51Z,400,9,0,12,2,0,1,1,1,1781826895
2026-06-19T00:05:51Z,401,22,3,9,0,0,1,1,1,1781827486
2026-06-19T00:05:51Z,403,22,3,4,4,1,1,1,1,1781827519
2026-06-19T00:05:51Z,404,22,2,0,1,0,1,1,1,1781826950
2026-06-19T00:05:51Z,406,23,2,12,0,0,1,1,1,1781827396
2026-06-19T00:05:51Z,407,10,0,24,0,0,1,1,1,1781826521
2026-06-19T00:05:51Z,408,1,0,32,0,0,1,1,1,1781827215
2026-06-19T00:05:51Z,409,1,0,21,1,0,1,1,1,1781816049
2026-06-19T00:05:51Z,413,8,4,15,0,0,1,1,1,1781827406
2026-06-19T00:05:51Z,414,9,1,5,1,0,1,1,1,1781826685
2026-06-19T00:05:51Z,417,19,9,0,0,0,1,1,1,1781827216
2026-06-19T00:05:51Z,418,1,1,13,1,0,1,1,1,1781824221
2026-06-19T00:05:51Z,419,3,0,20,0,0,1,1,1,1781826976
2026-06-19T00:05:51Z,421,3,0,16,0,0,1,1,1,1781826523
2026-06-19T00:05:51Z,422,8,1,19,0,0,1,1,1,1781827210
2026-06-19T00:05:51Z,423,13,1,9,0,1,1,1,1,1781827013
2026-06-19T00:05:51Z,424,2,1,12,1,0,1,1,1,1781827369
2026-06-19T00:05:51Z,425,13,0,8,1,0,1,1,1,1781827497
2026-06-19T00:05:51Z,426,10,0,23,4,0,1,1,1,1781827371
2026-06-19T00:05:51Z,427,9,2,5,0,1,1,1,1,1781827480
2026-06-19T00:05:51Z,428,14,0,5,0,0,1,1,1,1781827524
2026-06-19T00:05:51Z,429,22,10,0,1,0,1,1,1,1781827109
2026-06-19T00:05:51Z,430,3,1,27,1,0,1,1,1,1781827450
2026-06-19T00:05:51Z,431,7,0,21,3,2,1,1,1,1781827241
2026-06-19T00:05:51Z,432,29,7,1,1,0,1,1,1,1781827438
2026-06-19T00:05:51Z,433,7,0,16,0,0,1,1,1,1781822765
2026-06-19T00:05:51Z,437,9,4,9,1,0,1,1,1,1781827495
2026-06-19T00:05:51Z,438,0,0,17,1,1,1,1,1,1781827548
2026-06-19T00:05:51Z,439,9,2,6,0,0,1,1,1,1781826836
2026-06-19T00:05:51Z,440,13,1,2,0,0,1,1,1,1781827414
2026-06-19T00:05:51Z,441,10,6,3,2,0,1,1,1,1781827286
2026-06-19T00:05:51Z,442,3,0,15,1,0,1,1,1,1781826277
2026-06-19T00:05:51Z,443,7,0,19,1,0,1,1,1,1781819651
2026-06-19T00:05:51Z,444,6,4,17,0,0,1,1,1,1781823107
2026-06-19T00:05:51Z,445,3,3,17,3,0,1,1,1,1781817038
2026-06-19T00:05:51Z,446,7,0,14,2,0,1,1,1,1781816373
2026-06-19T00:05:51Z,447,15,3,6,2,0,1,1,1,1781810338
2026-06-19T00:05:51Z,448,4,1,10,0,1,1,1,1,1781827269
2026-06-19T00:05:51Z,452,2,2,17,0,0,1,1,1,1781826967
2026-06-19T00:05:51Z,453,15,3,0,0,0,1,1,1,1781825939
2026-06-19T00:05:51Z,454,2,1,15,1,1,1,1,1,1781827323
2026-06-19T00:05:51Z,455,6,0,32,0,1,1,1,1,1781827267
2026-06-19T00:05:51Z,456,19,1,3,1,0,1,1,1,1781827546
2026-06-19T00:05:51Z,457,1,1,24,2,0,1,1,1,1781825563
2026-06-19T00:05:51Z,458,6,1,17,0,0,1,1,1,1781825850
2026-06-19T00:05:51Z,459,7,1,8,0,0,1,1,1,1781826837
2026-06-19T00:05:51Z,460,7,0,14,2,0,1,1,1,1781827470
2026-06-19T00:05:51Z,461,2,2,15,1,1,1,1,1,1781827485
2026-06-19T00:05:51Z,462,3,0,16,2,0,1,1,1,1781827399
2026-06-19T00:05:51Z,463,7,2,10,2,0,1,1,1,1781826436
2026-06-19T00:05:51Z,464,10,0,4,0,0,1,1,1,1781825830
2026-06-19T00:05:51Z,465,1,0,14,0,0,1,1,1,1781826871
2026-06-19T00:05:51Z,466,9,3,4,2,0,1,1,1,1781826434
2026-06-19T00:05:51Z,467,6,0,9,0,0,1,1,1,1781825503
2026-06-19T00:05:51Z,468,6,2,13,0,0,1,1,1,1781821855
2026-06-19T00:05:51Z,469,19,3,2,2,0,1,1,1,1781827109
2026-06-19T00:05:51Z,470,8,4,7,0,0,1,1,1,1781827165
2026-06-19T00:05:51Z,471,4,2,23,0,0,1,1,1,1781822531
2026-06-19T00:05:51Z,472,9,3,9,1,0,1,1,1,1781826682
2026-06-19T00:05:51Z,473,16,0,3,0,0,1,1,1,1781827387
2026-06-19T00:05:51Z,474,13,0,5,1,0,1,1,1,1781827081
2026-06-19T00:05:51Z,475,8,3,11,0,0,1,1,1,1781825890
2026-06-19T00:05:51Z,476,7,1,15,1,0,1,1,1,1781827214
2026-06-19T00:05:51Z,477,3,3,11,1,0,1,1,1,1781827461
2026-06-19T00:05:51Z,478,3,0,27,1,0,1,1,1,1781827449
2026-06-19T00:05:51Z,479,2,0,22,2,1,1,1,1,1781827252
2026-06-19T00:05:51Z,480,14,0,1,0,0,1,1,1,1781827166
2026-06-19T00:05:51Z,481,13,0,22,0,0,1,1,1,1781827472
2026-06-19T00:05:51Z,482,9,1,10,0,0,1,1,1,1781825946
2026-06-19T00:05:51Z,483,11,4,15,1,0,1,1,1,1781827542
2026-06-19T00:05:51Z,484,10,2,6,3,0,1,1,1,1781827368
2026-06-19T00:05:51Z,485,14,4,4,1,0,1,1,1,1781825858
2026-06-19T00:05:51Z,486,14,2,11,2,0,1,1,1,1781826367
2026-06-19T00:05:51Z,487,13,2,6,0,0,1,1,1,1781827055
2026-06-19T00:05:51Z,489,9,5,6,0,0,1,1,1,1781827157
2026-06-19T00:05:51Z,490,1,0,12,3,0,1,1,1,1781827364
2026-06-19T00:05:51Z,491,17,6,3,1,0,1,1,1,1781827329
2026-06-19T00:05:51Z,492,4,4,5,2,0,1,1,1,1781822603
2026-06-19T00:05:51Z,493,4,0,23,0,0,1,1,1,1781826638
2026-06-19T00:05:51Z,495,12,1,2,1,0,1,1,1,1781827508
2026-06-19T00:05:51Z,496,4,0,23,0,0,1,1,1,1781827399
2026-06-19T00:05:51Z,497,12,5,7,0,0,1,1,1,1781826637
2026-06-19T00:05:51Z,498,18,3,5,0,0,1,1,1,1781827278
2026-06-19T00:05:51Z,499,4,0,15,0,0,1,1,1,1781827167
2026-06-19T00:05:51Z,500,2,2,11,2,0,1,1,1,1781826652
2026-06-19T00:05:51Z,501,1,1,18,2,0,1,1,1,1781823783
2026-06-19T00:05:51Z,502,0,0,19,0,0,1,1,1,1781823305
2026-06-19T00:05:51Z,503,9,0,20,2,0,1,1,1,1781827260
2026-06-19T00:05:51Z,504,15,0,24,0,0,1,1,1,1781827378
2026-06-19T00:05:51Z,505,3,2,15,0,0,1,1,1,1781827545
2026-06-19T00:05:51Z,511,10,2,12,1,0,1,1,1,1781826796
2026-06-19T00:05:51Z,512,15,1,4,0,0,1,1,1,1781826645
2026-06-19T00:05:51Z,514,7,6,3,1,0,1,1,1,1781825530
2026-06-19T00:05:51Z,515,15,2,0,4,0,1,1,1,1781824155
2026-06-19T00:05:51Z,516,13,0,14,0,0,1,1,1,1781827248
2026-06-19T00:05:51Z,517,23,2,0,0,0,1,1,1,1781826891
2026-06-19T00:05:51Z,518,5,0,10,0,0,1,1,1,1781826956
2026-06-19T00:05:51Z,519,5,0,12,2,0,1,1,1,1781823209
2026-06-19T00:05:51Z,520,22,4,3,2,0,1,1,1,1781827163
2026-06-19T00:05:51Z,521,10,3,13,0,0,1,1,1,1781827092
2026-06-19T00:05:51Z,522,3,0,20,0,0,1,1,1,1781826980
2026-06-19T00:05:51Z,523,8,1,15,0,0,1,1,1,1781821811
2026-06-19T00:05:51Z,524,23,2,0,0,0,1,1,1,1781827546
2026-06-19T00:05:51Z,525,1,0,18,0,0,1,1,1,1781826010
2026-06-19T00:05:51Z,526,5,2,8,2,0,1,1,1,1781821030
2026-06-19T00:05:51Z,527,2,2,22,2,0,1,1,1,1781825518
2026-06-19T00:05:51Z,528,12,3,9,2,0,1,1,1,1781826846
2026-06-19T00:05:51Z,529,15,6,1,3,0,1,1,1,1781826444
2026-06-19T00:05:51Z,530,8,1,12,1,0,1,1,1,1781827430
2026-06-19T00:05:51Z,531,13,4,9,0,1,1,1,1,1781827420
2026-06-19T00:05:51Z,532,0,0,31,0,0,1,1,1,1781819553
2026-06-19T00:05:51Z,533,6,3,11,2,0,1,1,1,1781826955
2026-06-19T00:05:51Z,534,2,0,21,0,0,1,1,1,1781827282
2026-06-19T00:05:51Z,535,1,0,14,0,0,1,1,1,1781827474
2026-06-19T00:05:51Z,536,1,0,22,0,0,1,1,1,1781827271
2026-06-19T00:05:51Z,537,10,0,11,0,0,1,1,1,1781827499
2026-06-19T00:05:51Z,538,16,5,1,2,0,1,1,1,1781827006
2026-06-19T00:05:51Z,539,1,0,17,1,0,1,1,1,1781824662
2026-06-19T00:05:51Z,540,3,3,16,0,0,1,1,1,1781827154
2026-06-19T00:05:51Z,541,24,3,2,1,0,1,1,1,1781827199
2026-06-19T00:05:51Z,542,1,1,22,0,0,1,1,1,1781826845
2026-06-19T00:05:51Z,543,18,3,0,1,0,1,1,1,1781827535
2026-06-19T00:05:51Z,544,17,0,8,0,0,1,1,1,1781827245
2026-06-19T00:05:51Z,545,16,2,0,3,0,1,1,1,1781827418
2026-06-19T00:05:51Z,546,6,0,12,1,0,1,1,1,1781827491
2026-06-19T00:05:51Z,547,3,0,19,0,0,1,1,1,1781827311
2026-06-19T00:05:51Z,548,10,1,12,1,0,1,1,1,1781827544
2026-06-19T00:05:51Z,549,9,0,12,0,0,1,1,1,1781827392
2026-06-19T00:05:51Z,550,7,2,12,0,0,1,1,1,1781827199
2026-06-19T00:05:51Z,551,11,2,12,0,0,1,1,1,1781821783
2026-06-19T00:05:51Z,552,27,3,0,0,0,1,1,1,1781826096
2026-06-19T00:05:51Z,553,19,1,3,1,0,1,1,1,1781827481
2026-06-19T00:05:51Z,554,1,1,16,2,0,1,1,1,1781826856
2026-06-19T00:05:51Z,555,4,0,10,1,0,1,1,1,1781821678
2026-06-19T00:05:51Z,556,12,4,10,1,0,1,1,1,1781826719
2026-06-19T00:05:51Z,557,0,0,23,0,0,0,1,1,1781719859
2026-06-19T00:05:51Z,558,2,0,35,0,0,1,1,1,1781827547
2026-06-19T00:05:51Z,559,0,0,18,1,0,1,1,1,1781827543
2026-06-19T00:05:51Z,560,5,0,22,0,0,1,1,1,1781827478
2026-06-19T00:05:51Z,561,4,2,19,0,0,1,1,1,1781826202
2026-06-19T00:05:51Z,562,6,0,26,3,0,1,1,1,1781822776
2026-06-19T00:05:51Z,563,2,1,12,0,0,1,1,1,1781827389
2026-06-19T00:05:51Z,564,6,0,12,1,0,1,1,1,1781827288
2026-06-19T00:05:51Z,565,7,1,10,2,0,1,1,1,1781827121
2026-06-19T00:05:51Z,566,8,0,8,3,0,1,1,1,1781827409
2026-06-19T00:05:51Z,567,10,0,17,0,0,1,1,1,1781827371
2026-06-19T00:05:51Z,568,1,1,18,0,0,1,1,1,1781826743
2026-06-19T00:05:51Z,569,7,4,12,0,0,1,1,1,1781827510
2026-06-19T00:05:51Z,570,12,2,7,0,0,1,1,1,1781827457
2026-06-19T00:05:51Z,571,3,0,20,0,0,1,1,1,1781827112
2026-06-19T00:05:51Z,572,6,2,13,0,0,1,1,1,1781827364
2026-06-19T00:05:51Z,573,9,1,6,0,0,1,1,1,1781827379
2026-06-19T00:05:51Z,574,10,3,3,2,0,1,1,1,1781826119
2026-06-19T00:05:51Z,575,15,0,4,2,0,1,1,1,1781827441
2026-06-19T00:05:51Z,576,16,4,3,0,0,1,1,1,1781827532
2026-06-19T00:05:51Z,577,2,0,29,0,0,1,1,1,1781827101
2026-06-19T00:05:51Z,578,13,5,9,1,0,1,1,1,1781827529
2026-06-19T00:05:51Z,579,9,3,34,0,0,1,1,1,1781827542
2026-06-19T00:05:51Z,580,1,0,29,1,0,1,1,1,1781827470
2026-06-19T00:05:51Z,581,6,3,13,0,0,1,1,1,1781826612
2026-06-19T00:05:51Z,582,11,1,47,3,0,1,1,1,1781827377
2026-06-19T00:05:51Z,583,7,0,15,1,0,1,1,1,1781827097
2026-06-19T00:05:51Z,584,5,4,13,1,0,1,1,1,1781826717
2026-06-19T00:05:51Z,585,14,1,13,0,0,1,1,1,1781827447
2026-06-19T00:05:51Z,586,23,1,11,1,0,1,1,1,1781827345
2026-06-19T00:05:51Z,587,10,1,14,3,0,1,1,1,1781827546
2026-06-19T00:05:51Z,588,5,3,13,1,0,1,1,1,1781825607
2026-06-19T00:05:51Z,589,1,1,22,0,0,1,1,1,1781825857
2026-06-19T00:05:51Z,590,0,0,30,1,0,1,1,1,1781827535
2026-06-19T00:05:51Z,591,7,1,14,1,0,1,1,1,1781826904
2026-06-19T00:05:51Z,592,11,0,12,0,0,1,1,1,1781827419
2026-06-19T00:05:51Z,593,16,0,23,0,0,1,1,1,1781825183
2026-06-19T00:05:51Z,594,5,0,16,0,0,1,1,1,1781827437
2026-06-19T00:05:51Z,595,0,0,3,0,0,0,1,1,1779985765
2026-06-19T00:05:51Z,605,0,0,3,0,0,0,1,1,1780413752
2026-06-19T00:05:51Z,606,0,0,3,0,0,0,1,1,1781723852
2026-06-19T00:05:51Z,607,6,0,27,0,0,1,1,1,1781827311
2026-06-19T00:05:51Z,608,25,1,29,0,0,1,1,1,1781827390
2026-06-19T00:05:51Z,609,5,2,18,0,0,1,1,1,1781826950
2026-06-19T00:05:51Z,610,17,1,15,3,0,1,1,1,1781827480
2026-06-19T00:05:51Z,611,26,2,1,0,0,1,1,1,1781827541
2026-06-19T00:05:51Z,612,4,1,11,0,0,1,1,1,1781821957
2026-06-19T00:05:51Z,613,6,2,6,2,0,1,1,1,1781827547
2026-06-19T00:05:51Z,614,8,4,15,4,0,1,1,1,1781827288
2026-06-19T00:05:51Z,617,10,1,4,1,0,1,1,1,1781826451
2026-06-19T00:05:51Z,618,8,0,8,3,0,1,1,1,1781824023
2026-06-19T00:05:51Z,619,17,3,2,0,0,1,1,1,1781827434
2026-06-19T00:05:51Z,620,6,0,17,0,0,1,1,1,1781827174
2026-06-19T00:05:51Z,621,20,3,2,1,0,1,1,1,1781827393
2026-06-19T00:05:51Z,622,2,0,19,2,0,1,1,1,1781827415
2026-06-19T00:05:51Z,623,1,1,28,1,0,1,1,1,1781827267
2026-06-19T00:05:51Z,624,4,4,9,2,0,1,1,1,1781826377
2026-06-19T00:05:51Z,625,14,1,7,0,0,1,1,1,1781827457
2026-06-19T00:05:51Z,626,15,0,29,0,2,1,1,1,1781826943
2026-06-19T00:05:51Z,627,14,2,5,0,0,1,1,1,1781824111
2026-06-19T00:05:51Z,628,1,0,14,2,2,1,1,1,1781827452
2026-06-19T00:05:51Z,629,5,2,6,0,0,1,1,1,1781824093
2026-06-19T00:05:51Z,630,7,1,18,2,0,1,1,1,1781819340
2026-06-19T00:05:51Z,631,16,0,7,0,0,1,1,1,1781827450
2026-06-19T00:05:51Z,632,1,1,18,4,0,1,1,1,1781827412
2026-06-19T00:05:51Z,633,4,1,9,1,1,1,1,1,1781818977
2026-06-19T00:05:51Z,634,5,2,13,0,1,1,1,1,1781826457
2026-06-19T00:05:51Z,635,13,3,6,0,0,1,1,1,1781825686
2026-06-19T00:05:51Z,636,4,2,11,0,0,1,1,1,1781811796
2026-06-19T00:05:51Z,637,9,4,8,2,0,1,1,1,1781820623
2026-06-19T00:05:51Z,638,2,1,16,1,0,1,1,1,1781826879
2026-06-19T00:05:51Z,639,4,1,9,4,2,1,1,1,1781827545
2026-06-19T00:05:51Z,640,20,2,2,1,0,1,1,1,1781827250
2026-06-19T00:05:51Z,641,21,0,6,0,0,1,1,1,1781827490
2026-06-19T00:05:51Z,642,3,0,13,3,0,1,1,1,1781826896
2026-06-19T00:05:51Z,643,0,0,25,2,0,1,1,1,1781826841
2026-06-19T00:05:51Z,644,1,1,13,0,1,1,1,1,1781825472
2026-06-19T00:05:51Z,645,9,0,12,1,1,1,1,1,1781827110
2026-06-19T00:05:51Z,646,13,2,4,2,0,1,1,1,1781823569
2026-06-19T00:05:51Z,647,30,0,1,0,0,1,1,1,1781826126
2026-06-19T00:05:51Z,648,4,1,15,0,0,1,1,1,1781826803
2026-06-19T00:05:51Z,649,6,6,24,1,0,1,1,1,1781826334
2026-06-19T00:05:51Z,650,8,1,9,2,0,1,1,1,1781826487
2026-06-19T00:05:51Z,651,2,0,21,0,0,1,1,1,1781826786
2026-06-19T00:05:51Z,652,6,2,16,1,0,1,1,1,1781827498
2026-06-19T00:05:51Z,653,10,2,8,1,0,1,1,1,1781826761
2026-06-19T00:05:51Z,654,5,3,10,0,0,1,1,1,1781824096
2026-06-19T00:05:51Z,655,8,4,7,0,0,1,1,1,1781823652
2026-06-19T00:05:51Z,656,12,4,7,0,0,1,1,1,1781827485
2026-06-19T00:05:51Z,657,1,0,13,3,0,1,1,1,1781827479
2026-06-19T00:05:51Z,658,7,2,16,0,0,1,1,1,1781821801
2026-06-19T00:05:51Z,659,1,1,9,5,0,1,1,1,1781821988
2026-06-19T00:05:51Z,660,3,1,28,0,0,1,1,1,1781825043
2026-06-19T00:05:51Z,661,8,3,11,0,0,1,1,1,1781825457
2026-06-19T00:05:51Z,662,11,8,12,0,0,1,1,1,1781821103
2026-06-19T00:05:51Z,663,10,1,5,0,0,1,1,1,1781827003
2026-06-19T00:05:51Z,664,7,1,19,1,0,1,1,1,1781826305
2026-06-19T00:05:51Z,665,12,3,1,2,0,1,1,1,1781826624
2026-06-19T00:05:51Z,666,11,7,3,1,0,1,1,1,1781826224
2026-06-19T00:05:51Z,667,14,2,4,1,0,1,1,1,1781827528
2026-06-19T00:05:51Z,668,6,0,11,2,0,1,1,1,1781827517
2026-06-19T00:05:51Z,669,9,3,4,1,0,1,1,1,1781821744
2026-06-19T00:05:51Z,670,14,1,12,1,0,1,1,1,1781827356
2026-06-19T00:05:51Z,671,1,0,26,0,0,1,1,1,1781827251
2026-06-19T00:05:51Z,672,2,1,18,3,0,1,1,1,1781827455
2026-06-19T00:05:51Z,673,6,1,17,0,0,1,1,1,1781827463
2026-06-19T00:05:51Z,674,2,0,21,0,0,1,1,1,1781827534
2026-06-19T00:05:51Z,675,2,1,12,0,1,1,1,1,1781827279
2026-06-19T00:05:51Z,676,2,0,20,0,1,1,1,1,1781827497
2026-06-19T00:05:51Z,681,9,2,3,3,0,1,1,1,1781827173
2026-06-19T00:05:51Z,682,8,3,7,4,0,1,1,1,1781789812
2026-06-19T00:05:51Z,683,4,1,13,2,0,1,1,1,1781772859
2026-06-19T00:05:51Z,684,9,0,17,1,0,1,1,1,1781826471
2026-06-19T00:05:51Z,685,5,0,19,2,1,1,1,1,1781815197
2026-06-19T00:05:51Z,686,10,1,17,0,0,1,1,1,1781824413
2026-06-19T00:05:51Z,687,9,3,21,1,0,1,1,1,1781826037
2026-06-19T00:05:51Z,688,14,5,3,2,0,1,1,1,1781823595
2026-06-19T00:05:51Z,692,0,0,21,0,0,1,1,1,1781826587
2026-06-19T00:05:51Z,693,3,1,7,1,0,1,1,1,1781826255
2026-06-19T00:05:51Z,694,7,2,13,1,0,1,1,1,1781826852
2026-06-19T00:05:51Z,695,13,5,10,0,0,1,1,1,1781827480
2026-06-19T00:05:51Z,696,5,0,17,1,0,1,1,1,1781827257
2026-06-19T00:05:51Z,697,5,1,17,1,0,1,1,1,1781827264
2026-06-19T00:05:51Z,698,16,3,10,1,0,1,1,1,1781827436
2026-06-19T00:05:51Z,699,3,0,11,1,0,1,1,1,1781827491
2026-06-19T00:05:51Z,700,6,1,10,3,0,1,1,1,1781826076
2026-06-19T00:05:51Z,701,12,3,6,1,0,1,1,1,1781825982
2026-06-19T00:05:51Z,702,1,1,22,0,0,1,1,1,1781826457
2026-06-19T00:05:51Z,703,10,2,13,0,0,1,1,1,1781826778
2026-06-19T00:05:51Z,704,10,0,5,0,0,1,1,1,1781825825
2026-06-19T00:05:51Z,705,0,0,14,1,0,1,1,1,1781827534
2026-06-19T00:05:51Z,706,12,3,3,0,0,1,1,1,1781826883
2026-06-19T00:05:51Z,707,10,3,4,1,0,1,1,1,1781826668
2026-06-19T00:05:51Z,708,3,0,16,0,0,1,1,1,1781825987
2026-06-19T00:05:51Z,709,11,5,2,2,0,1,1,1,1781826073
2026-06-19T00:05:51Z,710,6,5,13,0,0,1,1,1,1781825792
2026-06-19T00:05:51Z,711,2,0,14,3,0,1,1,1,1781826872
2026-06-19T00:05:51Z,712,5,4,8,2,0,1,1,1,1781827464
2026-06-19T00:05:51Z,713,15,0,8,0,0,1,1,1,1781826222
2026-06-19T00:05:51Z,716,5,1,6,4,0,1,1,1,1781827341
2026-06-19T00:05:51Z,717,10,4,10,5,0,1,1,1,1781827494
2026-06-19T00:05:51Z,718,8,3,6,1,0,1,1,1,1781826934
2026-06-19T00:05:51Z,719,11,1,17,1,0,1,1,1,1781827471
2026-06-19T00:05:51Z,720,0,0,18,1,0,1,1,1,1781827432
2026-06-19T00:05:51Z,721,6,3,16,1,0,1,1,1,1781826879
2026-06-19T00:05:51Z,722,4,1,11,0,0,1,1,1,1781826727
2026-06-19T00:05:51Z,723,4,0,18,1,0,1,1,1,1781825903
2026-06-19T00:05:51Z,724,9,6,14,0,0,1,1,1,1781827038
2026-06-19T00:05:51Z,725,9,1,13,1,0,1,1,1,1781827441
2026-06-19T00:05:51Z,726,9,2,10,0,0,1,1,1,1781827267
2026-06-19T00:05:51Z,727,13,9,10,0,0,1,1,1,1781826991
2026-06-19T00:05:51Z,728,4,1,7,4,0,1,1,1,1781827321
2026-06-19T00:05:51Z,729,2,0,16,1,0,1,1,1,1781825867
2026-06-19T00:05:51Z,730,3,1,11,1,0,1,1,1,1781826971
2026-06-19T00:05:51Z,731,7,1,8,0,0,1,1,1,1781827460
2026-06-19T00:05:51Z,732,12,1,3,0,0,1,1,1,1781825947
2026-06-19T00:05:51Z,733,13,4,11,3,0,1,1,1,1781827526
2026-06-19T00:05:51Z,734,3,0,11,0,0,1,1,1,1781826142
2026-06-19T00:05:51Z,735,3,3,15,1,0,1,1,1,1781826676
2026-06-19T00:05:51Z,736,7,3,9,3,0,1,1,1,1781826391
2026-06-19T00:05:51Z,737,2,0,13,0,0,1,1,1,1781825795
2026-06-19T00:05:51Z,738,14,2,5,0,0,1,1,1,1781827348
2026-06-19T00:05:51Z,739,11,2,15,1,0,1,1,1,1781826386
2026-06-19T00:05:51Z,741,15,2,8,0,0,1,1,1,1781825919
2026-06-19T00:05:51Z,742,34,3,5,0,0,1,1,1,1781827193
2026-06-19T00:05:51Z,743,1,0,18,0,0,1,1,1,1781826114
2026-06-19T00:05:51Z,744,3,0,12,0,0,1,1,1,1781826073
2026-06-19T00:05:51Z,745,2,0,17,0,0,1,1,1,1781826044
2026-06-19T00:05:51Z,746,6,2,17,0,0,1,1,1,1781827549
2026-06-19T00:05:51Z,747,3,0,16,0,0,1,1,1,1781827033
2026-06-19T00:05:51Z,748,16,6,7,0,0,1,1,1,1781826045
2026-06-19T00:05:51Z,749,7,0,16,0,0,1,1,1,1781827085
2026-06-19T00:05:51Z,750,6,1,5,0,0,1,1,1,1781827142
2026-06-19T00:05:51Z,751,18,7,3,2,0,1,1,1,1781827505
2026-06-19T00:05:51Z,752,13,3,3,1,0,1,1,1,1781827268
2026-06-19T00:05:51Z,753,13,0,2,0,0,1,1,1,1781827148
2026-06-19T00:05:51Z,754,2,2,13,0,0,1,1,1,1781826572
2026-06-19T00:05:51Z,755,7,3,12,0,0,1,1,1,1781826900
2026-06-19T00:05:51Z,756,0,0,36,1,0,1,1,1,1781827305
2026-06-19T00:05:51Z,757,2,1,17,0,0,1,1,1,1781827211
2026-06-19T00:05:51Z,758,1,0,22,0,0,1,1,1,1781827440
2026-06-19T00:05:51Z,759,6,2,7,2,0,1,1,1,1781826178
2026-06-19T00:05:51Z,760,13,0,5,1,0,1,1,1,1781826477
2026-06-19T00:05:51Z,761,15,4,8,0,0,1,1,1,1781827364
2026-06-19T00:05:51Z,762,3,0,11,1,0,1,1,1,1781826495
2026-06-19T00:05:51Z,768,4,2,10,5,0,1,1,1,1781826307
2026-06-19T00:05:51Z,769,13,5,2,4,0,1,1,1,1781827480
2026-06-19T00:05:51Z,770,11,5,7,1,0,1,1,1,1781825971
2026-06-19T00:05:51Z,771,6,1,9,0,0,1,1,1,1781827335
2026-06-19T00:05:51Z,772,1,0,14,0,0,1,1,1,1781827214
2026-06-19T00:05:51Z,773,6,3,9,4,0,1,1,1,1781826491
2026-06-19T00:05:51Z,774,7,3,6,2,0,1,1,1,1781827476
2026-06-19T00:05:51Z,775,4,3,14,1,0,1,1,1,1781826890
2026-06-19T00:05:51Z,776,6,2,13,2,0,1,1,1,1781827550
2026-06-19T00:05:51Z,777,3,1,10,2,0,1,1,1,1781826024
2026-06-19T00:05:51Z,778,7,0,10,2,0,1,1,1,1781821579
2026-06-19T00:05:51Z,779,6,3,12,1,0,1,1,1,1781827232
2026-06-19T00:05:51Z,780,15,0,0,4,0,1,1,1,1781827542
2026-06-19T00:05:51Z,781,4,3,6,1,0,1,1,1,1781826151
2026-06-19T00:05:51Z,782,6,5,13,0,0,1,1,1,1781827295
2026-06-19T00:05:51Z,783,4,1,14,1,0,1,1,1,1781824735
2026-06-19T00:05:51Z,784,8,3,11,0,0,1,1,1,1781827179
2026-06-19T00:05:51Z,785,9,1,2,3,0,1,1,1,1781827151
2026-06-19T00:05:51Z,786,6,2,13,0,0,1,1,1,1781820693
2026-06-19T00:05:51Z,787,4,1,11,0,0,1,1,1,1781827122
2026-06-19T00:05:51Z,788,6,1,9,0,0,1,1,1,1781826924
2026-06-19T00:05:51Z,789,11,0,3,1,0,1,1,1,1781827334
2026-06-19T00:05:51Z,790,2,2,21,0,0,1,1,1,1781823558
2026-06-19T00:05:51Z,791,3,1,16,0,0,1,1,1,1781825129
2026-06-19T00:05:51Z,793,0,0,15,0,0,1,1,1,1781827547
2026-06-19T00:05:51Z,794,17,3,11,1,0,1,1,1,1781826811
2026-06-19T00:05:51Z,796,6,0,12,1,0,1,1,1,1781826164
2026-06-19T00:05:51Z,797,1,1,13,1,0,1,1,1,1781827192
2026-06-19T00:05:51Z,798,6,6,19,0,0,1,1,1,1781827094
2026-06-19T00:05:51Z,799,4,1,14,1,0,1,1,1,1781825913
2026-06-19T00:05:51Z,800,2,1,19,0,0,1,1,1,1781827543
2026-06-19T00:05:51Z,801,3,2,17,1,0,1,1,1,1781826801
2026-06-19T00:05:51Z,802,1,1,28,2,0,1,1,1,1781826278
2026-06-19T00:05:51Z,803,10,1,4,1,0,1,1,1,1781827474
2026-06-19T00:05:51Z,806,0,0,15,0,0,1,1,1,1781827034
2026-06-19T00:05:51Z,807,9,1,15,1,0,1,1,1,1781827488
2026-06-19T00:05:51Z,808,5,2,20,0,0,1,1,1,1781820181
2026-06-19T00:05:51Z,809,7,1,16,0,0,1,1,1,1781826566
2026-06-19T00:05:51Z,810,12,5,7,0,0,1,1,1,1781825928
2026-06-19T00:05:51Z,815,11,6,2,2,0,1,1,1,1781827181
2026-06-19T00:05:51Z,817,6,0,6,3,0,1,1,1,1781827111
2026-06-19T00:05:51Z,818,11,4,12,0,0,1,1,1,1781827212
2026-06-19T00:05:51Z,819,3,2,11,1,0,1,1,1,1781826972
2026-06-19T00:05:51Z,820,2,1,14,1,0,1,1,1,1781827498
2026-06-19T00:05:51Z,821,2,2,12,1,0,1,1,1,1781825779
2026-06-19T00:05:51Z,822,1,0,22,0,0,1,1,1,1781826951
2026-06-19T00:05:51Z,823,5,2,10,0,0,1,1,1,1781827042
2026-06-19T00:05:51Z,824,16,12,0,3,0,1,1,1,1781827503
2026-06-19T00:05:51Z,825,5,2,10,0,0,1,1,1,1781825555
2026-06-19T00:05:51Z,826,6,2,13,0,0,1,1,1,1781825942
2026-06-19T00:05:51Z,827,12,1,9,0,0,1,1,1,1781827529
2026-06-19T00:05:51Z,828,10,1,7,1,0,1,1,1,1781826864
2026-06-19T00:05:51Z,829,5,3,22,0,0,1,1,1,1781822069
2026-06-19T00:05:51Z,830,6,0,16,1,0,1,1,1,1781826580
2026-06-19T00:05:51Z,831,11,8,3,1,0,1,1,1,1781826718
2026-06-19T00:05:51Z,832,9,8,9,0,0,1,1,1,1781825916
2026-06-19T00:05:51Z,833,4,0,15,0,0,1,1,1,1781827379
2026-06-19T00:05:51Z,834,5,0,18,0,1,1,1,1,1781827522
2026-06-19T00:05:51Z,835,12,3,6,0,0,1,1,1,1781827257
2026-06-19T00:05:51Z,837,6,1,8,1,0,1,1,1,1781827177
2026-06-19T00:05:51Z,838,10,4,4,1,0,1,1,1,1781826757
2026-06-19T00:05:51Z,839,2,1,27,0,0,1,1,1,1781827063
2026-06-19T00:05:51Z,840,5,0,22,2,0,1,1,1,1781825407
2026-06-19T00:05:51Z,841,6,4,8,1,0,1,1,1,1781826177
2026-06-19T00:05:51Z,842,8,2,14,0,1,1,1,1,1781826890
2026-06-19T00:05:51Z,843,4,3,27,0,0,1,1,1,1781826058
2026-06-19T00:05:51Z,844,16,7,7,0,0,1,1,1,1781826492
2026-06-19T00:05:51Z,845,1,0,18,0,0,1,1,1,1781827272
2026-06-19T00:05:51Z,846,10,3,8,0,1,1,1,1,1781827400
2026-06-19T00:05:51Z,847,13,5,13,1,0,1,1,1,1781827530
2026-06-19T00:05:51Z,848,11,0,8,0,0,1,1,1,1781827530
2026-06-19T00:05:51Z,849,6,1,5,4,0,1,1,1,1781826876
2026-06-19T00:05:51Z,850,2,1,9,0,0,1,1,1,1781827142
2026-06-19T00:05:51Z,851,16,2,20,1,0,1,1,1,1781826555
2026-06-19T00:05:51Z,852,14,2,4,1,0,1,1,1,1781826266
2026-06-19T00:05:51Z,853,1,0,21,1,0,1,1,1,1781825882
2026-06-19T00:05:51Z,854,11,2,4,0,0,1,1,1,1781826991
2026-06-19T00:05:51Z,855,21,3,4,2,0,1,1,1,1781826572
2026-06-19T00:05:51Z,857,3,1,16,0,0,1,1,1,1781827456
2026-06-19T00:05:51Z,858,2,1,16,1,0,1,1,1,1781827444
2026-06-19T00:05:51Z,859,8,1,13,0,0,1,1,1,1781826369
2026-06-19T00:05:51Z,861,2,0,9,0,0,1,1,1,1781826686
2026-06-19T00:05:51Z,862,0,0,15,0,0,1,1,1,1781826764
2026-06-19T00:05:51Z,863,8,1,11,0,0,1,1,1,1781826698
2026-06-19T00:05:51Z,866,10,3,7,2,0,1,1,1,1781827487
2026-06-19T00:05:51Z,867,8,0,6,1,0,1,1,1,1781826280
2026-06-19T00:05:51Z,868,13,5,2,0,0,1,1,1,1781827173
2026-06-19T00:05:51Z,870,9,2,6,0,0,1,1,1,1781827105
2026-06-19T00:05:51Z,871,7,0,4,0,0,1,1,1,1781826305
2026-06-19T00:05:51Z,872,13,2,2,0,0,1,1,1,1781827394
2026-06-19T00:05:51Z,873,2,0,31,0,0,1,1,1,1781826429
2026-06-19T00:05:51Z,874,8,0,7,0,0,1,1,1,1781827341
2026-06-19T00:05:51Z,875,14,4,1,0,0,1,1,1,1781827107
2026-06-19T00:05:51Z,877,14,7,5,0,0,1,1,1,1781827019
2026-06-19T00:05:51Z,878,0,0,19,0,0,1,1,1,1781826719
2026-06-19T00:05:51Z,879,4,2,15,0,0,1,1,1,1781827174
2026-06-19T00:05:51Z,880,2,1,20,1,0,1,1,1,1781825760
2026-06-19T00:05:51Z,881,11,1,7,1,0,1,1,1,1781827315
2026-06-19T00:05:51Z,882,11,5,8,0,0,1,1,1,1781826133
2026-06-19T00:05:51Z,883,0,0,18,1,0,0,1,1,1781529111
2026-06-19T00:05:51Z,884,11,6,10,0,0,1,1,1,1781827510
2026-06-19T00:05:51Z,885,0,0,19,0,0,1,1,1,1781822936
2026-06-19T00:05:51Z,886,14,2,12,3,0,1,1,1,1781826600
2026-06-19T00:05:51Z,887,3,3,14,0,0,1,1,1,1781825765
2026-06-19T00:05:51Z,888,40,4,0,1,0,1,1,1,1781827502
2026-06-19T00:05:51Z,889,3,0,16,0,0,1,1,1,1781826306
2026-06-19T00:05:51Z,890,1,0,14,0,0,1,1,1,1781782999
2026-06-19T00:05:51Z,891,12,1,11,0,0,1,1,1,1781827433
2026-06-19T00:05:51Z,892,7,1,7,1,0,1,1,1,1781826121
2026-06-19T00:05:51Z,895,13,2,4,2,0,1,1,1,1781826501
2026-06-19T00:05:51Z,896,7,0,27,1,0,1,1,1,1781827530
2026-06-19T00:05:51Z,897,12,1,8,1,0,1,1,1,1781825899
2026-06-19T00:05:51Z,898,8,1,11,0,0,1,1,1,1781827406
2026-06-19T00:05:51Z,899,3,0,16,0,0,1,1,1,1781827275
2026-06-19T00:05:51Z,900,8,0,19,0,0,1,1,1,1781827307
2026-06-19T00:05:51Z,901,11,1,8,0,0,1,1,1,1781827523
2026-06-19T00:05:51Z,902,2,0,13,0,0,1,1,1,1781826892
2026-06-19T00:05:51Z,903,4,0,15,0,0,1,1,1,1781827200
2026-06-19T00:05:51Z,904,18,5,1,0,0,1,1,1,1781827151
2026-06-19T00:05:51Z,905,2,0,25,0,0,1,1,1,1781827296
2026-06-19T00:05:51Z,906,18,6,9,0,0,1,1,1,1781826893
2026-06-19T00:05:51Z,907,0,0,31,0,0,1,1,1,1781827347
2026-06-19T00:05:51Z,908,17,3,6,0,0,1,1,1,1781826344
2026-06-19T00:05:51Z,909,8,3,15,0,0,1,1,1,1781827024
2026-06-19T00:05:51Z,910,8,0,22,1,0,1,1,1,1781826970
2026-06-19T00:05:51Z,911,5,0,13,1,0,1,1,1,1781827119
2026-06-19T00:05:51Z,912,14,2,7,2,0,1,1,1,1781827510
2026-06-19T00:05:51Z,913,2,2,16,1,0,1,1,1,1781822598
2026-06-19T00:05:51Z,914,1,1,17,1,0,1,1,1,1781827205
2026-06-19T00:05:51Z,915,20,0,2,1,0,1,1,1,1781827453
2026-06-19T00:05:51Z,916,19,1,4,0,0,1,1,1,1781827404
2026-06-19T00:05:51Z,917,1,0,33,1,0,1,1,1,1781827413
2026-06-19T00:05:51Z,918,17,0,2,0,0,1,1,1,1781827482
2026-06-19T00:05:51Z,919,36,1,1,2,0,1,1,1,1781827413
2026-06-19T00:05:51Z,920,9,8,10,0,0,1,1,1,1781825787
2026-06-19T00:05:51Z,921,4,1,17,0,0,1,1,1,1781826916
2026-06-19T00:05:51Z,922,5,1,16,0,0,1,1,1,1781827172
2026-06-19T00:05:51Z,923,2,1,17,0,0,1,1,1,1781827084
2026-06-19T00:05:51Z,924,0,0,20,1,0,1,1,1,1781826379
2026-06-19T00:05:51Z,925,15,4,6,0,0,1,1,1,1781825755
2026-06-19T00:05:51Z,926,11,1,9,1,0,1,1,1,1781827150
2026-06-19T00:05:51Z,927,18,4,17,0,0,1,1,1,1781826804
2026-06-19T00:05:51Z,928,7,0,12,0,0,1,1,1,1781827130
2026-06-19T00:05:51Z,929,4,1,18,0,1,1,1,1,1781827549
2026-06-19T00:05:51Z,930,6,2,25,0,0,1,1,1,1781826487
2026-06-19T00:05:51Z,931,0,0,23,0,0,1,1,1,1781827373
2026-06-19T00:05:51Z,932,0,0,19,0,0,1,1,1,1781827348
2026-06-19T00:05:51Z,933,6,0,17,0,0,1,1,1,1781826900
2026-06-19T00:05:51Z,934,6,0,25,0,0,1,1,1,1781827523
2026-06-19T00:05:51Z,935,4,0,14,1,0,1,1,1,1781827116
2026-06-19T00:05:51Z,936,1,0,18,0,0,1,1,1,1781827419
2026-06-19T00:05:51Z,940,9,0,2,0,0,1,1,1,1781827535
2026-06-19T00:05:51Z,941,13,2,12,0,0,1,1,1,1781827354
2026-06-19T00:05:51Z,942,10,1,11,0,0,1,1,1,1781827485
2026-06-19T00:05:51Z,943,7,7,7,1,0,1,1,1,1781827053
2026-06-19T00:05:51Z,944,4,4,10,1,0,1,1,1,1781813579
2026-06-19T00:05:51Z,945,6,4,8,1,0,1,1,1,1781827296
2026-06-19T00:05:51Z,946,12,9,7,0,0,1,1,1,1781826409
2026-06-19T00:05:51Z,947,6,5,11,0,0,1,1,1,1781826463
2026-06-19T00:05:51Z,948,1,0,29,1,0,1,1,1,1781826874
2026-06-19T00:05:51Z,949,0,0,15,0,0,1,1,1,1781826933
2026-06-19T00:05:51Z,950,6,1,11,0,0,1,1,1,1781827456
2026-06-19T00:05:51Z,951,4,0,19,0,0,1,1,1,1781827364
2026-06-19T00:05:51Z,952,3,2,51,1,0,1,1,1,1781827297
2026-06-19T00:05:51Z,953,8,3,5,2,0,1,1,1,1781826418
2026-06-19T00:05:51Z,954,12,0,7,0,0,1,1,1,1781826544
2026-06-19T00:05:51Z,955,11,0,12,4,0,1,1,1,1781827464
2026-06-19T00:05:51Z,956,15,0,2,2,0,1,1,1,1781826481
2026-06-19T00:05:51Z,957,22,0,7,0,0,1,1,1,1781827124
2026-06-19T00:05:51Z,958,4,1,25,2,0,1,1,1,1781827397
2026-06-19T00:05:51Z,959,16,1,4,3,0,1,1,1,1781827492
2026-06-19T00:05:51Z,960,19,8,2,2,0,1,1,1,1781827255
2026-06-19T00:05:51Z,961,6,5,17,0,0,1,1,1,1781826477
2026-06-19T00:05:51Z,962,15,3,15,5,0,1,1,1,1781827484
2026-06-19T00:05:51Z,963,11,0,12,0,0,1,1,1,1781827545
2026-06-19T00:05:51Z,964,22,4,0,1,0,1,1,1,1781827017
2026-06-19T00:05:51Z,965,4,4,20,3,0,1,1,1,1781827546
2026-06-19T00:05:51Z,966,29,3,1,1,0,1,1,1,1781827353
2026-06-19T00:05:51Z,967,3,0,17,1,0,1,1,1,1781827267
2026-06-19T00:05:51Z,968,14,0,5,0,0,1,1,1,1781827308
2026-06-19T00:05:51Z,969,22,10,4,1,0,1,1,1,1781827255
2026-06-19T00:05:51Z,970,6,2,12,1,0,1,1,1,1781827303
2026-06-19T00:05:51Z,971,15,1,8,0,0,1,1,1,1781827411
2026-06-19T00:05:51Z,972,10,4,13,0,0,1,1,1,1781826877
2026-06-19T00:05:51Z,973,2,1,18,3,0,1,1,1,1781827305
2026-06-19T00:05:51Z,974,15,0,12,0,0,1,1,1,1781827522
2026-06-19T00:05:51Z,977,9,0,12,0,0,1,1,1,1781827119
2026-06-19T00:05:51Z,978,10,7,12,1,0,1,1,1,1781826140
2026-06-19T00:05:51Z,979,2,1,14,1,0,1,1,1,1781827315
2026-06-19T00:05:51Z,980,10,0,11,0,0,1,1,1,1781827502
2026-06-19T00:05:51Z,981,4,0,16,1,0,1,1,1,1781827548
2026-06-19T00:05:51Z,982,7,0,11,1,0,1,1,1,1781826470
2026-06-19T00:05:51Z,983,3,3,20,0,0,1,1,1,1781827300
2026-06-19T00:05:51Z,984,13,0,10,0,0,1,1,1,1781825745
2026-06-19T00:05:51Z,985,11,2,20,0,0,1,1,1,1781827538
2026-06-19T00:05:51Z,986,12,3,7,0,0,1,1,1,1781827435
2026-06-19T00:05:51Z,987,1,0,22,0,0,1,1,1,1781826655
2026-06-19T00:05:51Z,988,9,0,7,3,0,1,1,1,1781827272
2026-06-19T00:05:51Z,989,10,7,7,2,0,1,1,1,1781827421
2026-06-19T00:05:51Z,990,9,2,6,0,0,1,1,1,1781826942
2026-06-19T00:05:51Z,991,12,4,7,0,0,1,1,1,1781825938
2026-06-19T00:05:51Z,992,2,1,21,0,0,1,1,1,1781825941
2026-06-19T00:05:51Z,993,14,4,13,0,0,1,1,1,1781827219
2026-06-19T00:05:51Z,994,1,1,20,0,0,1,1,1,1781824069
2026-06-19T00:05:51Z,995,15,5,11,1,0,1,1,1,1781826666
2026-06-19T00:05:51Z,996,11,5,12,0,0,1,1,1,1781827548
2026-06-19T00:05:51Z,997,15,7,7,1,0,1,1,1,1781826269
2026-06-19T00:05:51Z,998,2,1,21,0,0,1,1,1,1781826297
2026-06-19T00:05:51Z,999,12,2,7,1,1,1,1,1,1781826046
2026-06-19T00:05:51Z,1000,10,4,10,1,0,1,1,1,1781826928
2026-06-19T00:05:51Z,1001,5,0,22,0,0,1,1,1,1781827254
2026-06-19T00:05:51Z,1002,15,2,16,0,0,1,1,1,1781826230
2026-06-19T00:05:51Z,1003,8,1,15,0,0,1,1,1,1781827111
2026-06-19T00:05:51Z,1004,12,1,10,1,0,1,1,1,1781826593
2026-06-19T00:05:51Z,1005,11,0,11,1,0,1,1,1,1781825966
2026-06-19T00:05:51Z,1006,12,4,7,0,0,1,1,1,1781826129
2026-06-19T00:05:51Z,1007,9,4,12,0,0,1,1,1,1781826966
2026-06-19T00:05:51Z,1008,16,3,7,0,0,1,1,1,1781825982
2026-06-19T00:05:51Z,1009,11,3,20,0,0,1,1,1,1781826873
2026-06-19T00:05:51Z,1010,12,2,15,0,0,1,1,1,1781826560
2026-06-19T00:05:51Z,1011,7,5,12,0,0,1,1,1,1781825906
2026-06-19T00:05:51Z,1012,4,3,17,2,0,1,1,1,1781827119
2026-06-19T00:05:51Z,1013,6,0,15,2,0,1,1,1,1781825894
2026-06-19T00:05:51Z,1014,12,1,11,0,0,1,1,1,1781825800
2026-06-19T00:05:51Z,1015,4,2,26,1,0,1,1,1,1781826755
2026-06-19T00:05:51Z,1016,14,3,16,1,0,1,1,1,1781827126
2026-06-19T00:05:51Z,1017,11,1,9,1,0,1,1,1,1781826584
2026-06-19T00:05:51Z,1018,7,2,13,1,0,1,1,1,1781827008
2026-06-19T00:05:51Z,1019,12,6,2,1,0,1,1,1,1781827233
2026-06-19T00:05:51Z,1020,17,4,3,1,0,1,1,1,1781826086
2026-06-19T00:05:51Z,1021,3,1,12,0,0,1,1,1,1781826506
2026-06-19T00:05:51Z,1022,10,1,16,1,0,1,1,1,1781826438
2026-06-19T00:05:51Z,1023,7,0,16,0,0,1,1,1,1781826470
2026-06-19T00:05:51Z,1024,10,6,9,0,0,1,1,1,1781827148
2026-06-19T00:05:51Z,1025,15,0,4,0,0,1,1,1,1781827248
2026-06-19T00:05:51Z,1026,6,4,24,1,0,1,1,1,1781826775
2026-06-19T00:05:51Z,1028,12,1,11,0,0,1,1,1,1781826076
2026-06-19T00:05:51Z,1029,10,6,2,3,0,1,1,1,1781827545
2026-06-19T00:05:51Z,1030,9,3,14,0,0,1,1,1,1781826046
2026-06-19T00:05:51Z,1031,4,2,15,0,0,1,1,1,1781827032
2026-06-19T00:05:51Z,1032,9,1,10,0,0,1,1,1,1781827426
2026-06-19T00:05:51Z,1033,14,9,5,0,0,1,1,1,1781826710
2026-06-19T00:05:51Z,1034,1,0,14,0,0,1,1,1,1781826927
2026-06-19T00:05:51Z,1035,3,0,16,0,0,1,1,1,1781827258
2026-06-19T00:05:51Z,1036,14,2,1,0,0,1,1,1,1781826031
2026-06-19T00:05:51Z,1037,7,0,12,0,0,1,1,1,1781825822
2026-06-19T00:05:51Z,1038,5,0,10,0,0,1,1,1,1781827252
2026-06-19T00:05:51Z,1039,6,2,13,0,0,1,1,1,1781827293
2026-06-19T00:05:51Z,1040,13,4,6,0,0,1,1,1,1781825927
2026-06-19T00:05:51Z,1041,5,0,13,1,0,1,1,1,1781827464
2026-06-19T00:05:51Z,1042,7,0,8,0,0,1,1,1,1781826989
2026-06-19T00:05:51Z,1043,8,7,11,0,0,1,1,1,1781825888
2026-06-19T00:05:51Z,1044,2,1,13,0,0,1,1,1,1781826570
2026-06-19T00:05:51Z,1045,2,0,17,0,0,1,1,1,1781827254
2026-06-19T00:05:51Z,1046,9,1,3,3,0,1,1,1,1781827018
2026-06-19T00:05:51Z,1047,7,2,13,1,0,1,1,1,1781826752
2026-06-19T00:05:51Z,1048,14,1,5,0,0,1,1,1,1781827309
2026-06-19T00:05:51Z,1049,5,0,16,0,0,1,1,1,1781826760
2026-06-19T00:05:51Z,1050,5,0,15,1,0,1,1,1,1781827478
2026-06-19T00:05:51Z,1051,4,0,17,0,0,1,1,1,1781826475
2026-06-19T00:05:51Z,1052,3,0,18,1,0,1,1,1,1781827147
2026-06-19T00:05:51Z,1053,1,1,14,0,0,1,1,1,1781827260
2026-06-19T00:05:51Z,1054,8,5,7,0,0,1,1,1,1781827325
2026-06-19T00:05:51Z,1055,2,0,17,0,0,1,1,1,1781826470
2026-06-19T00:05:51Z,1057,15,1,4,0,0,1,1,1,1781827442
2026-06-19T00:05:51Z,1058,15,0,41,0,0,1,1,1,1781826287
2026-06-19T00:05:51Z,1059,0,0,18,1,0,1,1,1,1781826758
2026-06-19T00:05:51Z,1060,35,4,1,0,0,1,1,1,1781827523
2026-06-19T00:05:51Z,1061,1,0,36,0,0,1,1,1,1781826290
2026-06-19T00:05:51Z,1062,1,0,16,0,0,1,1,1,1781827448
2026-06-19T00:05:51Z,1063,14,3,4,1,0,1,1,1,1781827544
2026-06-19T00:05:51Z,1064,7,3,16,0,0,1,1,1,1781825897
2026-06-19T00:05:51Z,1065,11,4,12,0,0,1,1,1,1781825911
2026-06-19T00:05:51Z,1066,5,0,18,0,0,1,1,1,1781826383
2026-06-19T00:05:51Z,1067,12,0,10,1,0,1,1,1,1781826418
2026-06-19T00:05:51Z,1068,12,3,11,0,0,1,1,1,1781826163
2026-06-19T00:05:51Z,1069,4,1,19,0,0,1,1,1,1781826973
2026-06-19T00:05:51Z,1070,10,0,13,0,0,1,1,1,1781826032
2026-06-19T00:05:51Z,1071,9,2,14,0,0,1,1,1,1781825853
2026-06-19T00:05:51Z,1072,9,1,13,1,0,1,1,1,1781826185
2026-06-19T00:05:51Z,1073,21,2,6,0,0,1,1,1,1781827420
2026-06-19T00:05:51Z,1074,17,0,36,0,0,1,1,1,1781826325
2026-06-19T00:05:51Z,1075,12,7,7,2,0,1,1,1,1781825954
2026-06-19T00:05:51Z,1076,13,10,8,0,0,1,1,1,1781826740
2026-06-19T00:05:51Z,1077,13,10,8,0,0,1,1,1,1781825929
2026-06-19T00:05:51Z,1078,9,6,12,0,0,1,1,1,1781826533
2026-06-19T00:05:51Z,1079,9,7,12,0,0,1,1,1,1781826206
2026-06-19T00:05:51Z,1080,11,8,10,0,0,1,1,1,1781826000
2026-06-19T00:05:51Z,1081,13,8,6,0,0,1,1,1,1781826167
2026-06-19T00:05:51Z,1082,14,11,9,0,0,1,1,1,1781826385
2026-06-19T00:05:51Z,1083,11,8,10,0,0,1,1,1,1781825946
2026-06-19T00:05:51Z,1084,8,7,13,0,0,1,1,1,1781826041
2026-06-19T00:05:51Z,1085,14,11,7,0,0,1,1,1,1781825928
2026-06-19T00:05:51Z,1086,14,13,7,0,0,1,1,1,1781825855
2026-06-19T00:05:51Z,1087,6,6,9,0,0,1,1,1,1781825827
2026-06-19T00:05:51Z,1088,8,5,7,0,0,1,1,1,1781826718
2026-06-19T00:05:51Z,1089,7,7,8,0,0,1,1,1,1781826251
2026-06-19T00:05:51Z,1090,12,11,3,0,0,1,1,1,1781826288
2026-06-19T00:05:51Z,1091,10,8,5,0,0,1,1,1,1781827175
2026-06-19T00:05:51Z,1092,7,6,8,0,0,1,1,1,1781826112
2026-06-19T00:05:51Z,1093,7,6,8,0,0,1,1,1,1781825868
2026-06-19T00:05:51Z,1094,12,10,7,0,0,1,1,1,1781826747
2026-06-19T00:05:51Z,1095,7,6,8,0,0,1,1,1,1781827469
2026-06-19T00:05:51Z,1096,9,7,10,0,0,1,1,1,1781827060
2026-06-19T00:05:51Z,1097,9,7,6,0,0,1,1,1,1781826240
2026-06-19T00:05:51Z,1098,7,7,12,0,0,1,1,1,1781826457
2026-06-19T00:05:51Z,1099,6,6,9,0,0,1,1,1,1781825958
2026-06-19T00:05:51Z,1100,10,5,14,5,0,1,1,1,1781825838
2026-06-19T00:05:51Z,1101,11,5,10,0,0,1,1,1,1781826933
2026-06-19T00:05:51Z,1102,11,6,2,0,0,1,1,1,1781825963
2026-06-19T00:05:51Z,1103,10,6,10,1,0,1,1,1,1781826408
2026-06-19T00:05:51Z,1104,11,6,10,0,0,1,1,1,1781826922
2026-06-19T00:05:51Z,1105,8,4,5,0,0,1,1,1,1781825792
2026-06-19T00:05:51Z,1106,8,4,12,1,0,1,1,1,1781827207
2026-06-19T00:05:51Z,1107,10,5,5,0,0,1,1,1,1781827011
2026-06-19T00:05:51Z,1108,9,4,18,0,0,1,1,1,1781826881
2026-06-19T00:05:51Z,1109,10,5,5,0,0,1,1,1,1781827295
2026-06-19T00:05:51Z,1110,12,3,8,1,0,1,1,1,1781827484
2026-06-19T00:05:51Z,1111,11,5,10,0,0,1,1,1,1781827282
2026-06-19T00:05:51Z,1112,31,4,22,0,0,1,1,1,1781827468
2026-06-19T00:05:51Z,1113,3,1,18,0,0,1,1,1,1781826746
2026-06-19T00:05:51Z,1115,6,1,17,0,0,1,1,1,1781826056
2026-06-19T00:05:51Z,1116,3,3,16,0,0,1,1,1,1781827176
2026-06-19T00:05:51Z,1117,2,0,20,1,0,1,1,1,1781826015
2026-06-19T00:05:51Z,1118,16,0,5,0,0,1,1,1,1781827247
2026-06-19T00:05:51Z,1119,17,3,0,0,0,1,1,1,1781825889
2026-06-19T00:05:51Z,1120,12,4,7,0,0,1,1,1,1781827263
2026-06-19T00:05:51Z,1121,5,0,16,0,0,1,1,1,1781826514
2026-06-19T00:05:51Z,1122,6,1,14,1,0,1,1,1,1781826486
2026-06-19T00:05:51Z,1123,1,1,22,0,0,1,1,1,1781827532
2026-06-19T00:05:51Z,1124,9,1,5,1,0,1,1,1,1781827060
2026-06-19T00:05:51Z,1125,5,1,18,0,0,1,1,1,1781825759
2026-06-19T00:05:51Z,1126,7,1,13,0,1,1,1,1,1781826815
2026-06-19T00:05:51Z,1127,11,0,8,0,0,1,1,1,1781827548
2026-06-19T00:05:51Z,1128,10,3,5,0,0,1,1,1,1781826843
2026-06-19T00:05:51Z,1129,3,1,18,0,0,1,1,1,1781825954
2026-06-19T00:05:51Z,1130,3,0,10,2,0,1,1,1,1781827378
2026-06-19T00:05:51Z,1131,13,0,36,0,0,1,1,1,1781827148
2026-06-19T00:05:51Z,1132,5,1,15,1,0,1,1,1,1781827481
2026-06-19T00:05:51Z,1133,6,2,14,1,0,1,1,1,1781827436
2026-06-19T00:05:51Z,1134,10,5,9,0,0,1,1,1,1781825907
2026-06-19T00:05:51Z,1135,10,5,11,0,0,1,1,1,1781827167
2026-06-19T00:05:51Z,1136,5,0,18,0,0,1,1,1,1781826516
2026-06-19T00:05:51Z,1137,9,7,6,0,0,1,1,1,1781826945
2026-06-19T00:05:51Z,1138,1,0,18,0,0,1,1,1,1781826811
2026-06-19T00:05:51Z,1139,11,1,10,0,0,1,1,1,1781824241
2026-06-19T00:05:51Z,1140,18,3,3,2,0,1,1,1,1781827280
2026-06-19T00:05:51Z,1141,5,2,15,1,0,1,1,1,1781827432
2026-06-19T00:05:51Z,1142,2,0,19,0,0,1,1,1,1781827523
2026-06-19T00:05:51Z,1143,14,0,15,0,0,1,1,1,1781827216
2026-06-19T00:05:51Z,1144,7,0,14,0,0,1,1,1,1781826655
2026-06-19T00:05:51Z,1145,10,5,11,0,0,1,1,1,1781826963
2026-06-19T00:05:51Z,1146,9,0,10,0,0,1,1,1,1781827538
2026-06-19T00:05:51Z,1147,9,2,10,0,0,1,1,1,1781827151
2026-06-19T00:05:51Z,1148,18,0,13,0,0,1,1,1,1781827113
2026-06-19T00:05:51Z,1149,22,7,3,0,0,1,1,1,1781826772
2026-06-19T00:05:51Z,1150,11,0,8,0,0,1,1,1,1781827158
2026-06-19T00:05:51Z,1151,16,0,5,0,0,1,1,1,1781827418
2026-06-19T00:05:51Z,1152,10,0,19,0,0,1,1,1,1781827428
2026-06-19T00:05:51Z,1153,5,1,18,0,0,1,1,1,1781826435
2026-06-19T00:05:51Z,1154,12,1,4,3,0,1,1,1,1781827041
2026-06-19T00:05:51Z,1155,13,1,6,2,0,1,1,1,1781826867
2026-06-19T00:05:51Z,1158,10,1,9,0,0,1,1,1,1781827257
2026-06-19T00:05:51Z,1159,11,1,8,0,0,1,1,1,1781825908
2026-06-19T00:05:51Z,1160,5,0,14,0,0,1,1,1,1781827527
2026-06-19T00:05:51Z,1161,3,1,16,0,0,1,1,1,1781825758
2026-06-19T00:05:51Z,1162,9,0,10,0,0,1,1,1,1781826765
2026-06-19T00:05:51Z,1163,2,1,17,0,0,1,1,1,1781826986
2026-06-19T00:05:51Z,1164,7,1,11,1,0,1,1,1,1781827385
2026-06-19T00:05:51Z,1165,3,0,18,0,0,1,1,1,1781825912
2026-06-19T00:05:51Z,1166,2,0,18,1,0,1,1,1,1781827234
2026-06-19T00:05:51Z,1167,4,0,11,0,0,1,1,1,1781827221
2026-06-19T00:05:51Z,1168,4,0,19,0,0,1,1,1,1781826044
2026-06-19T00:05:51Z,1169,12,11,7,0,0,1,1,1,1781826355
2026-06-19T00:05:51Z,1170,3,0,18,0,0,1,1,1,1781826561
2026-06-19T00:05:51Z,1171,14,5,9,0,0,1,1,1,1781826819
2026-06-19T00:05:51Z,1172,8,0,7,0,0,1,1,1,1781827019
2026-06-19T00:05:51Z,1173,9,3,10,0,0,1,1,1,1781827343
2026-06-19T00:05:51Z,1174,5,4,10,0,0,1,1,1,1781826966
2026-06-19T00:05:51Z,1175,8,4,11,0,0,1,1,1,1781826831
2026-06-19T00:05:51Z,1176,15,0,5,1,0,1,1,1,1781825914
2026-06-19T00:05:51Z,1177,7,0,14,0,0,1,1,1,1781826488
2026-06-19T00:05:51Z,1178,4,1,11,0,0,1,1,1,1781827151
2026-06-19T00:05:51Z,1181,3,0,12,0,0,1,1,1,1781827547
2026-06-19T00:05:51Z,1182,14,1,6,0,0,1,1,1,1781827462
2026-06-19T00:05:51Z,1183,16,1,21,0,0,1,1,1,1781827334
2026-06-19T00:05:51Z,1184,5,5,14,2,0,1,1,1,1781827517
2026-06-19T00:05:51Z,1185,12,6,9,0,0,1,1,1,1781826826
2026-06-19T00:05:51Z,1186,10,5,9,0,0,1,1,1,1781827210
2026-06-19T00:05:51Z,1190,10,5,11,0,0,1,1,1,1781827262
2026-06-19T00:05:51Z,1192,11,6,10,0,0,1,1,1,1781827191
2026-06-19T00:05:51Z,1193,6,4,7,0,0,1,1,1,1781827241
2026-06-19T00:05:51Z,1197,9,6,8,0,0,1,1,1,1781826665
2026-06-19T00:05:51Z,1198,10,7,11,0,0,1,1,1,1781826574
2026-06-19T00:05:51Z,1199,9,6,9,1,0,1,1,1,1781826039
2026-06-19T00:05:51Z,1222,0,0,0,0,0,0,1,1,86400
2026-06-19T00:05:51Z,1223,0,0,0,0,0,0,1,1,86400
2026-06-19T00:10:51Z,1,2,0,21,0,0,1,1,1,1781827031
2026-06-19T00:10:51Z,2,21,2,5,1,0,1,1,1,1781826804
2026-06-19T00:10:51Z,3,17,5,2,0,0,1,1,1,1781827681
2026-06-19T00:10:51Z,4,2,0,21,0,0,1,1,1,1781827767
2026-06-19T00:10:51Z,5,4,1,18,1,0,1,1,1,1781827649
2026-06-19T00:10:51Z,6,6,0,9,0,0,1,1,1,1781827658
2026-06-19T00:10:51Z,7,8,2,15,0,0,1,1,1,1781827441
2026-06-19T00:10:51Z,8,14,0,29,0,0,1,1,1,1781827059
2026-06-19T00:10:51Z,9,19,2,4,0,0,1,1,1,1781827665
2026-06-19T00:10:51Z,10,12,6,9,2,0,1,1,1,1781825937
2026-06-19T00:10:51Z,11,19,4,0,0,0,1,1,1,1781826886
2026-06-19T00:10:51Z,12,14,1,9,0,0,1,1,1,1781827567
2026-06-19T00:10:51Z,13,17,2,14,0,0,1,1,1,1781826934
2026-06-19T00:10:51Z,14,35,1,8,0,0,1,1,1,1781827460
2026-06-19T00:10:51Z,15,13,1,1,1,0,1,1,1,1781827499
2026-06-19T00:10:51Z,16,14,3,12,1,0,1,1,1,1781824387
2026-06-19T00:10:51Z,17,7,1,19,1,0,1,1,1,1781827804
2026-06-19T00:10:51Z,18,19,2,0,0,0,1,1,1,1781827835
2026-06-19T00:10:51Z,19,16,0,11,0,0,1,1,1,1781827704
2026-06-19T00:10:51Z,20,12,0,15,0,0,1,1,1,1781827431
2026-06-19T00:10:51Z,21,3,0,15,1,0,1,1,1,1781827194
2026-06-19T00:10:51Z,22,15,0,51,0,0,1,1,1,1781827810
2026-06-19T00:10:51Z,23,10,1,21,0,0,1,1,1,1781827755
2026-06-19T00:10:51Z,24,7,0,2,2,0,1,1,1,1781827833
2026-06-19T00:10:51Z,25,47,0,32,2,0,1,1,1,1781827686
2026-06-19T00:10:51Z,26,0,0,27,0,0,1,1,1,1781827614
2026-06-19T00:10:51Z,28,8,0,5,2,0,1,1,1,1781827821
2026-06-19T00:10:51Z,30,8,0,20,1,0,1,1,1,1781827523
2026-06-19T00:10:51Z,31,9,0,10,0,0,1,1,1,1781827415
2026-06-19T00:10:51Z,32,25,1,2,0,0,1,1,1,1781827610
2026-06-19T00:10:51Z,34,21,0,15,1,0,1,1,1,1781826369
2026-06-19T00:10:51Z,35,28,0,18,1,0,1,1,1,1781827759
2026-06-19T00:10:51Z,36,0,0,0,0,0,0,1,1,86400
2026-06-19T00:10:51Z,37,18,1,3,2,0,1,1,1,1781827837
2026-06-19T00:10:51Z,38,10,0,13,0,0,1,1,1,1781827155
2026-06-19T00:10:51Z,39,29,3,2,0,0,1,1,1,1781827701
2026-06-19T00:10:51Z,40,3,0,18,0,0,1,1,1,1781827625
2026-06-19T00:10:51Z,41,4,0,22,1,0,1,1,1,1781826798
2026-06-19T00:10:51Z,42,23,0,8,0,0,1,1,1,1781827468
2026-06-19T00:10:51Z,43,22,6,0,1,0,1,1,1,1781827758
2026-06-19T00:10:51Z,45,0,0,31,0,0,1,1,1,1781827713
2026-06-19T00:10:51Z,46,3,0,28,0,0,1,1,1,1781827464
2026-06-19T00:10:51Z,47,5,3,9,1,0,1,1,1,1781827786
2026-06-19T00:10:51Z,48,20,0,7,0,0,1,1,1,1781827225
2026-06-19T00:10:51Z,49,2,0,18,3,0,1,1,1,1781827835
2026-06-19T00:10:51Z,50,1,1,17,1,0,1,1,1,1781826287
2026-06-19T00:10:51Z,51,22,0,57,0,0,1,1,1,1781823093
2026-06-19T00:10:51Z,52,25,2,1,1,0,1,1,1,1781827833
2026-06-19T00:10:51Z,55,0,0,22,1,0,1,1,1,1781827756
2026-06-19T00:10:51Z,56,9,0,17,1,0,1,1,1,1781827575
2026-06-19T00:10:51Z,57,7,0,18,2,0,1,1,1,1781827788
2026-06-19T00:10:51Z,58,5,4,23,0,0,1,1,1,1781827629
2026-06-19T00:10:51Z,59,8,0,17,2,0,1,1,1,1781827840
2026-06-19T00:10:51Z,61,16,1,22,1,0,1,1,1,1781827475
2026-06-19T00:10:51Z,62,32,5,17,0,0,1,1,1,1781827235
2026-06-19T00:10:51Z,63,4,0,15,0,0,1,1,1,1781826811
2026-06-19T00:10:51Z,64,14,1,2,3,0,1,1,1,1781815477
2026-06-19T00:10:51Z,65,6,4,11,2,0,1,1,1,1781824670
2026-06-19T00:10:51Z,67,3,0,36,0,0,1,1,1,1781827822
2026-06-19T00:10:51Z,68,13,0,23,0,0,1,1,1,1781827798
2026-06-19T00:10:51Z,69,8,0,7,0,0,1,1,1,1781827770
2026-06-19T00:10:51Z,71,10,1,17,0,0,1,1,1,1781827371
2026-06-19T00:10:51Z,72,14,8,14,3,0,1,1,1,1781827392
2026-06-19T00:10:51Z,73,0,0,23,0,0,1,1,1,1781827798
2026-06-19T00:10:51Z,74,5,2,13,0,1,1,1,1,1781826898
2026-06-19T00:10:51Z,75,9,0,26,0,0,1,1,1,1781826881
2026-06-19T00:10:51Z,76,2,0,16,1,0,1,1,1,1781824370
2026-06-19T00:10:51Z,77,11,0,15,1,0,1,1,1,1781827813
2026-06-19T00:10:51Z,78,12,1,11,0,0,1,1,1,1781827523
2026-06-19T00:10:51Z,79,8,3,9,0,0,1,1,1,1781827639
2026-06-19T00:10:51Z,80,7,2,15,0,1,1,1,1,1781827683
2026-06-19T00:10:51Z,81,6,0,16,1,0,1,1,1,1781827287
2026-06-19T00:10:51Z,82,21,5,1,1,0,1,1,1,1781827505
2026-06-19T00:10:51Z,83,30,0,3,1,0,1,1,1,1781827794
2026-06-19T00:10:51Z,84,26,3,1,0,0,1,1,1,1781827665
2026-06-19T00:10:51Z,85,5,1,14,0,0,1,1,1,1781827530
2026-06-19T00:10:51Z,86,19,2,8,0,0,1,1,1,1781827661
2026-06-19T00:10:51Z,87,3,0,16,0,0,1,1,1,1781827527
2026-06-19T00:10:51Z,88,23,0,4,4,0,1,1,1,1781827839
2026-06-19T00:10:51Z,89,35,3,0,0,0,1,1,1,1781820365
2026-06-19T00:10:51Z,90,8,0,9,2,0,1,1,1,1781827814
2026-06-19T00:10:51Z,91,7,1,10,0,0,1,1,1,1781824898
2026-06-19T00:10:51Z,92,5,2,13,1,0,1,1,1,1781827791
2026-06-19T00:10:51Z,93,4,0,19,0,0,1,1,1,1781827243
2026-06-19T00:10:51Z,94,1,0,18,0,0,1,1,1,1781826206
2026-06-19T00:10:51Z,95,6,1,25,3,0,1,1,1,1781827836
2026-06-19T00:10:51Z,96,26,3,3,2,0,1,1,1,1781827765
2026-06-19T00:10:51Z,97,5,0,12,0,0,1,1,1,1781827704
2026-06-19T00:10:51Z,98,32,5,3,0,0,1,1,1,1781827574
2026-06-19T00:10:51Z,99,15,0,0,0,0,1,1,1,1781827622
2026-06-19T00:10:51Z,100,16,1,11,0,0,1,1,1,1781827178
2026-06-19T00:10:51Z,101,13,0,0,2,0,1,1,1,1781827361
2026-06-19T00:10:51Z,102,7,0,16,0,0,1,1,1,1781826772
2026-06-19T00:10:51Z,103,2,0,28,2,0,1,1,1,1781827773
2026-06-19T00:10:51Z,104,18,0,7,2,0,1,1,1,1781827825
2026-06-19T00:10:51Z,105,13,3,6,0,0,1,1,1,1781821907
2026-06-19T00:10:51Z,106,12,0,9,0,0,1,1,1,1781827838
2026-06-19T00:10:51Z,107,16,0,21,0,0,1,1,1,1781827444
2026-06-19T00:10:51Z,108,6,0,26,2,1,1,1,1,1781827616
2026-06-19T00:10:51Z,109,0,0,23,0,0,1,1,1,1781827449
2026-06-19T00:10:51Z,110,10,0,13,0,0,1,1,1,1781827093
2026-06-19T00:10:51Z,111,30,0,6,0,0,1,1,1,1781827642
2026-06-19T00:10:51Z,112,6,1,11,2,0,1,1,1,1781827789
2026-06-19T00:10:51Z,113,4,2,15,0,0,1,1,1,1781827805
2026-06-19T00:10:51Z,114,10,1,20,1,0,1,1,1,1781827271
2026-06-19T00:10:51Z,115,2,1,21,2,1,1,1,1,1781827085
2026-06-19T00:10:51Z,116,4,0,23,0,0,1,1,1,1781827633
2026-06-19T00:10:51Z,118,9,4,14,0,0,1,1,1,1781826953
2026-06-19T00:10:51Z,119,8,3,29,2,0,1,1,1,1781827829
2026-06-19T00:10:51Z,120,11,3,15,1,0,1,1,1,1781827667
2026-06-19T00:10:51Z,121,0,0,17,2,0,1,1,1,1781827138
2026-06-19T00:10:51Z,122,12,0,7,2,0,1,1,1,1781827824
2026-06-19T00:10:51Z,123,5,2,42,0,0,1,1,1,1781827712
2026-06-19T00:10:51Z,124,23,2,4,0,0,1,1,1,1781827558
2026-06-19T00:10:51Z,125,4,2,18,1,0,1,1,1,1781827799
2026-06-19T00:10:51Z,126,19,1,12,0,0,1,1,1,1781827140
2026-06-19T00:10:51Z,127,30,5,0,1,0,1,1,1,1781827610
2026-06-19T00:10:51Z,128,7,7,8,4,0,1,1,1,1781827728
2026-06-19T00:10:51Z,129,16,0,0,3,0,1,1,1,1781827731
2026-06-19T00:10:51Z,130,10,1,6,1,0,1,1,1,1781825829
2026-06-19T00:10:51Z,131,3,1,8,0,0,1,1,1,1781826433
2026-06-19T00:10:51Z,132,7,4,6,1,1,1,1,1,1781826833
2026-06-19T00:10:51Z,133,3,1,20,0,0,1,1,1,1781827794
2026-06-19T00:10:51Z,134,12,4,9,0,0,1,1,1,1781827552
2026-06-19T00:10:51Z,135,2,0,17,0,0,1,1,1,1781827754
2026-06-19T00:10:51Z,136,8,1,14,0,0,1,1,1,1781827840
2026-06-19T00:10:51Z,137,0,0,19,0,0,1,1,1,1781827538
2026-06-19T00:10:51Z,138,23,2,13,1,0,1,1,1,1781827503
2026-06-19T00:10:51Z,139,10,0,9,0,0,1,1,1,1781827427
2026-06-19T00:10:51Z,140,15,0,8,0,0,1,1,1,1781827722
2026-06-19T00:10:51Z,141,8,1,14,0,0,1,1,1,1781827601
2026-06-19T00:10:51Z,142,13,1,6,0,0,1,1,1,1781827789
2026-06-19T00:10:51Z,143,28,0,3,0,0,1,1,1,1781827734
2026-06-19T00:10:51Z,144,26,3,1,0,0,1,1,1,1781827255
2026-06-19T00:10:51Z,145,27,0,3,1,0,1,1,1,1781827178
2026-06-19T00:10:51Z,146,19,2,4,0,0,1,1,1,1781827782
2026-06-19T00:10:51Z,147,1,1,17,1,0,1,1,1,1781824342
2026-06-19T00:10:51Z,148,1,0,26,0,0,1,1,1,1781827518
2026-06-19T00:10:51Z,149,11,3,8,0,0,1,1,1,1781827508
2026-06-19T00:10:51Z,150,34,4,0,1,0,1,1,1,1781826826
2026-06-19T00:10:51Z,151,16,0,7,0,0,1,1,1,1781827815
2026-06-19T00:10:51Z,152,21,3,4,2,0,1,1,1,1781827467
2026-06-19T00:10:51Z,153,19,0,1,3,0,1,1,1,1781827595
2026-06-19T00:10:51Z,154,12,3,9,2,0,1,1,1,1781827793
2026-06-19T00:10:51Z,155,0,0,12,2,0,1,1,1,1781824143
2026-06-19T00:10:51Z,156,4,1,15,0,0,1,1,1,1781827393
2026-06-19T00:10:51Z,157,23,2,4,0,0,1,1,1,1781827819
2026-06-19T00:10:51Z,158,18,3,1,0,0,1,1,1,1781825732
2026-06-19T00:10:51Z,159,15,2,3,1,0,1,1,1,1781827836
2026-06-19T00:10:51Z,160,17,1,0,2,0,1,1,1,1781827675
2026-06-19T00:10:51Z,161,16,1,2,3,1,1,1,1,1781827821
2026-06-19T00:10:51Z,162,8,0,18,1,0,1,1,1,1781827436
2026-06-19T00:10:51Z,163,12,1,18,1,0,1,1,1,1781827724
2026-06-19T00:10:51Z,164,20,0,6,1,0,1,1,1,1781827226
2026-06-19T00:10:51Z,165,23,6,7,1,0,1,1,1,1781827585
2026-06-19T00:10:51Z,166,24,6,14,0,0,1,1,1,1781826463
2026-06-19T00:10:51Z,167,9,3,13,0,1,1,1,1,1781826523
2026-06-19T00:10:51Z,168,9,1,17,0,1,1,1,1,1781827671
2026-06-19T00:10:51Z,169,10,1,12,1,0,1,1,1,1781827540
2026-06-19T00:10:51Z,170,7,1,11,1,0,1,1,1,1781827288
2026-06-19T00:10:51Z,171,7,2,6,0,0,1,1,1,1781827752
2026-06-19T00:10:51Z,173,11,1,26,0,0,1,1,1,1781827666
2026-06-19T00:10:51Z,174,24,5,1,0,0,1,1,1,1781827773
2026-06-19T00:10:51Z,175,31,0,0,0,0,1,1,1,1781825913
2026-06-19T00:10:51Z,176,6,1,7,1,1,1,1,1,1781827648
2026-06-19T00:10:51Z,177,27,2,0,0,0,1,1,1,1781827810
2026-06-19T00:10:51Z,178,7,2,3,5,0,1,1,1,1781827528
2026-06-19T00:10:51Z,179,14,2,1,0,0,1,1,1,1781827703
2026-06-19T00:10:51Z,180,8,0,21,1,0,1,1,1,1781825902
2026-06-19T00:10:51Z,181,4,0,9,1,1,1,1,1,1781827776
2026-06-19T00:10:51Z,182,1,1,17,1,0,1,1,1,1781826785
2026-06-19T00:10:51Z,183,12,1,9,2,0,1,1,1,1781827768
2026-06-19T00:10:51Z,184,11,0,10,2,0,1,1,1,1781827785
2026-06-19T00:10:51Z,185,7,0,4,3,1,1,1,1,1781825259
2026-06-19T00:10:51Z,186,3,1,16,0,0,1,1,1,1781827837
2026-06-19T00:10:51Z,187,0,0,28,1,0,1,1,1,1781827593
2026-06-19T00:10:51Z,188,20,5,6,1,0,1,1,1,1781827466
2026-06-19T00:10:51Z,189,14,5,1,0,0,1,1,1,1781826099
2026-06-19T00:10:51Z,190,12,0,10,1,0,1,1,1,1781827559
2026-06-19T00:10:51Z,191,0,0,38,0,1,1,1,1,1781827649
2026-06-19T00:10:51Z,192,13,7,18,0,0,1,1,1,1781825966
2026-06-19T00:10:51Z,193,6,1,7,2,0,1,1,1,1781827830
2026-06-19T00:10:51Z,194,12,1,3,0,0,1,1,1,1781827647
2026-06-19T00:10:51Z,195,3,3,16,0,0,1,1,1,1781826391
2026-06-19T00:10:51Z,196,8,1,16,3,0,1,1,1,1781827558
2026-06-19T00:10:51Z,197,18,0,1,0,0,1,1,1,1781827805
2026-06-19T00:10:51Z,198,2,0,20,0,0,1,1,1,1781826757
2026-06-19T00:10:51Z,199,1,1,13,1,0,1,1,1,1781827588
2026-06-19T00:10:51Z,200,19,3,5,2,0,1,1,1,1781827735
2026-06-19T00:10:51Z,201,12,5,10,1,0,1,1,1,1781827663
2026-06-19T00:10:51Z,202,0,0,26,0,0,1,1,1,1781827213
2026-06-19T00:10:51Z,203,25,1,6,0,0,1,1,1,1781827349
2026-06-19T00:10:51Z,204,23,3,11,1,0,1,1,1,1781827800
2026-06-19T00:10:51Z,205,27,3,0,0,0,1,1,1,1781827444
2026-06-19T00:10:51Z,206,3,1,10,1,1,1,1,1,1781827537
2026-06-19T00:10:51Z,207,20,0,1,0,0,1,1,1,1781825066
2026-06-19T00:10:51Z,208,5,1,23,1,0,1,1,1,1781825258
2026-06-19T00:10:51Z,209,27,3,3,1,0,1,1,1,1781827758
2026-06-19T00:10:51Z,210,14,4,13,0,0,1,1,1,1781827816
2026-06-19T00:10:51Z,211,18,0,4,1,0,1,1,1,1781827015
2026-06-19T00:10:51Z,212,21,5,14,0,0,1,1,1,1781827612
2026-06-19T00:10:51Z,213,19,0,4,0,0,1,1,1,1781827402
2026-06-19T00:10:51Z,214,31,13,13,3,0,1,1,1,1781827621
2026-06-19T00:10:51Z,215,22,0,1,0,0,1,1,1,1781827624
2026-06-19T00:10:51Z,216,17,5,2,0,0,1,1,1,1781827831
2026-06-19T00:10:51Z,217,29,5,0,1,0,1,1,1,1781827415
2026-06-19T00:10:51Z,218,11,2,27,1,0,1,1,1,1781827770
2026-06-19T00:10:51Z,219,16,1,10,0,0,1,1,1,1781827825
2026-06-19T00:10:51Z,220,40,1,1,2,0,1,1,1,1781826727
2026-06-19T00:10:51Z,221,7,7,7,0,0,1,1,1,1781827809
2026-06-19T00:10:51Z,222,3,2,16,0,0,1,1,1,1781827335
2026-06-19T00:10:51Z,223,14,2,19,2,0,1,1,1,1781827821
2026-06-19T00:10:51Z,224,11,7,11,0,0,1,1,1,1781827835
2026-06-19T00:10:51Z,225,2,0,16,1,0,1,1,1,1781827722
2026-06-19T00:10:51Z,226,14,14,16,0,1,1,1,1,1781827836
2026-06-19T00:10:51Z,227,8,7,18,1,0,1,1,1,1781827754
2026-06-19T00:10:51Z,228,9,1,8,2,0,1,1,1,1781827314
2026-06-19T00:10:51Z,230,3,1,20,0,0,1,1,1,1781827763
2026-06-19T00:10:51Z,232,14,3,4,1,0,1,1,1,1781827109
2026-06-19T00:10:51Z,233,24,6,7,0,0,1,1,1,1781827750
2026-06-19T00:10:51Z,234,4,3,14,1,0,1,1,1,1781826061
2026-06-19T00:10:51Z,236,18,5,0,1,0,1,1,1,1781827296
2026-06-19T00:10:51Z,237,11,0,12,0,0,1,1,1,1781827346
2026-06-19T00:10:51Z,239,18,3,8,1,0,1,1,1,1781827270
2026-06-19T00:10:51Z,241,10,3,12,1,0,1,1,1,1781827207
2026-06-19T00:10:51Z,242,6,0,14,3,0,1,1,1,1781827811
2026-06-19T00:10:51Z,243,16,9,13,2,0,1,1,1,1781827720
2026-06-19T00:10:51Z,244,11,2,16,0,0,1,1,1,1781827651
2026-06-19T00:10:51Z,245,1,0,21,1,0,1,1,1,1781827484
2026-06-19T00:10:51Z,246,2,0,21,0,0,1,1,1,1781825206
2026-06-19T00:10:51Z,247,11,5,10,2,0,1,1,1,1781827451
2026-06-19T00:10:51Z,248,2,2,18,3,0,1,1,1,1781827692
2026-06-19T00:10:51Z,249,1,0,18,0,0,1,1,1,1781827594
2026-06-19T00:10:51Z,250,4,3,23,0,0,1,1,1,1781827701
2026-06-19T00:10:51Z,251,22,9,5,0,0,1,1,1,1781827760
2026-06-19T00:10:51Z,253,3,3,16,0,0,1,1,1,1781827786
2026-06-19T00:10:51Z,254,1,1,35,7,0,1,1,1,1781827638
2026-06-19T00:10:51Z,255,0,0,23,0,0,1,1,1,1781823293
2026-06-19T00:10:51Z,256,2,1,19,2,0,1,1,1,1781826433
2026-06-19T00:10:51Z,257,17,4,2,0,0,1,1,1,1781827725
2026-06-19T00:10:51Z,258,7,3,8,4,0,1,1,1,1781827382
2026-06-19T00:10:51Z,259,10,0,13,0,0,1,1,1,1781826815
2026-06-19T00:10:51Z,260,14,3,3,2,0,1,1,1,1781827778
2026-06-19T00:10:51Z,261,12,0,6,1,0,1,1,1,1781827474
2026-06-19T00:10:51Z,262,19,8,1,2,1,1,1,1,1781827681
2026-06-19T00:10:51Z,263,12,7,2,1,0,1,1,1,1781827765
2026-06-19T00:10:51Z,264,12,2,7,0,0,1,1,1,1781826243
2026-06-19T00:10:51Z,265,3,0,12,0,0,1,1,1,1781826477
2026-06-19T00:10:51Z,266,7,1,11,1,0,1,1,1,1781827626
2026-06-19T00:10:51Z,267,9,2,4,2,0,1,1,1,1781823994
2026-06-19T00:10:51Z,268,13,2,7,3,0,1,1,1,1781826381
2026-06-19T00:10:51Z,269,12,7,11,0,0,1,1,1,1781825782
2026-06-19T00:10:51Z,270,0,0,27,0,0,1,1,1,1781827460
2026-06-19T00:10:51Z,271,0,0,18,1,0,1,1,1,1781820828
2026-06-19T00:10:51Z,272,15,3,7,1,0,1,1,1,1781827769
2026-06-19T00:10:51Z,273,13,3,1,1,0,1,1,1,1781827456
2026-06-19T00:10:51Z,274,11,5,7,1,0,1,1,1,1781827457
2026-06-19T00:10:51Z,275,7,0,15,1,0,1,1,1,1781827212
2026-06-19T00:10:51Z,276,11,7,12,3,1,1,1,1,1781825163
2026-06-19T00:10:51Z,277,2,1,17,4,0,1,1,1,1781827654
2026-06-19T00:10:51Z,278,5,3,25,1,0,1,1,1,1781827816
2026-06-19T00:10:51Z,279,2,1,17,0,0,1,1,1,1781827576
2026-06-19T00:10:51Z,280,7,1,22,2,0,1,1,1,1781827586
2026-06-19T00:10:51Z,281,20,2,3,0,0,1,1,1,1781827717
2026-06-19T00:10:51Z,282,4,0,12,0,0,1,1,1,1781824582
2026-06-19T00:10:51Z,283,29,1,6,0,0,1,1,1,1781826923
2026-06-19T00:10:51Z,284,24,6,10,1,0,1,1,1,1781826911
2026-06-19T00:10:51Z,285,3,1,20,0,0,1,1,1,1781826905
2026-06-19T00:10:51Z,286,8,7,14,1,0,1,1,1,1781827508
2026-06-19T00:10:51Z,287,5,1,16,2,0,1,1,1,1781827230
2026-06-19T00:10:51Z,288,8,1,11,0,0,1,1,1,1781827540
2026-06-19T00:10:51Z,289,10,10,16,1,0,1,1,1,1781827531
2026-06-19T00:10:51Z,290,0,0,36,2,1,0,1,1,1781808916
2026-06-19T00:10:51Z,291,17,0,6,0,0,1,1,1,1781827332
2026-06-19T00:10:51Z,292,14,0,9,0,0,1,1,1,1781827212
2026-06-19T00:10:51Z,293,13,3,9,1,0,1,1,1,1781827582
2026-06-19T00:10:51Z,294,20,7,0,2,0,1,1,1,1781827652
2026-06-19T00:10:51Z,297,12,0,5,2,0,1,1,1,1781827633
2026-06-19T00:10:51Z,301,5,0,13,1,0,1,1,1,1781827739
2026-06-19T00:10:51Z,302,21,1,1,1,0,1,1,1,1781827324
2026-06-19T00:10:51Z,303,2,0,17,0,0,1,1,1,1781827772
2026-06-19T00:10:51Z,304,0,0,0,0,0,0,1,1,86400
2026-06-19T00:10:51Z,305,5,0,14,0,0,1,1,1,1781826238
2026-06-19T00:10:51Z,306,3,1,29,0,0,1,1,1,1781827381
2026-06-19T00:10:51Z,307,13,1,10,0,0,1,1,1,1781827389
2026-06-19T00:10:51Z,308,12,1,5,2,0,1,1,1,1781826954
2026-06-19T00:10:51Z,309,9,2,1,3,1,1,1,1,1781827592
2026-06-19T00:10:51Z,311,3,0,12,0,0,1,1,1,1781827600
2026-06-19T00:10:51Z,312,12,6,9,2,0,1,1,1,1781827832
2026-06-19T00:10:51Z,313,6,1,9,0,0,1,1,1,1781826393
2026-06-19T00:10:51Z,314,4,0,13,2,0,1,1,1,1781827629
2026-06-19T00:10:51Z,315,19,5,12,0,0,1,1,1,1781827374
2026-06-19T00:10:51Z,316,14,0,0,1,0,1,1,1,1781826077
2026-06-19T00:10:51Z,317,9,4,20,1,1,1,1,1,1781827791
2026-06-19T00:10:51Z,318,12,1,5,0,0,1,1,1,1781824196
2026-06-19T00:10:51Z,319,17,2,8,2,0,1,1,1,1781827834
2026-06-19T00:10:51Z,320,11,2,8,0,0,1,1,1,1781825331
2026-06-19T00:10:51Z,321,9,0,10,0,0,1,1,1,1781818983
2026-06-19T00:10:51Z,322,14,1,15,0,0,1,1,1,1781827749
2026-06-19T00:10:51Z,323,5,1,13,1,0,1,1,1,1781827531
2026-06-19T00:10:51Z,324,11,4,16,0,0,1,1,1,1781827543
2026-06-19T00:10:51Z,325,3,1,22,2,0,1,1,1,1781827239
2026-06-19T00:10:51Z,327,12,0,13,0,2,1,1,1,1781827584
2026-06-19T00:10:51Z,328,3,1,20,0,0,1,1,1,1781827684
2026-06-19T00:10:51Z,329,9,2,9,1,0,1,1,1,1781826015
2026-06-19T00:10:51Z,330,18,1,4,0,0,1,1,1,1781827802
2026-06-19T00:10:51Z,331,9,0,13,1,0,1,1,1,1781827349
2026-06-19T00:10:51Z,332,12,3,7,0,0,1,1,1,1781827748
2026-06-19T00:10:51Z,333,11,4,12,0,0,1,1,1,1781827234
2026-06-19T00:10:51Z,334,9,3,13,1,0,1,1,1,1781826535
2026-06-19T00:10:51Z,335,11,1,11,0,1,1,1,1,1781826643
2026-06-19T00:10:51Z,336,12,4,7,0,0,1,1,1,1781826598
2026-06-19T00:10:51Z,337,18,4,2,3,0,1,1,1,1781827481
2026-06-19T00:10:51Z,338,8,4,11,0,0,1,1,1,1781826874
2026-06-19T00:10:51Z,339,17,14,4,2,0,1,1,1,1781827032
2026-06-19T00:10:51Z,340,7,3,7,1,0,1,1,1,1781827676
2026-06-19T00:10:51Z,341,5,5,14,0,0,1,1,1,1781827610
2026-06-19T00:10:51Z,342,6,2,8,1,0,1,1,1,1781826904
2026-06-19T00:10:51Z,343,11,8,12,0,0,1,1,1,1781827632
2026-06-19T00:10:51Z,344,3,1,20,0,0,1,1,1,1781826537
2026-06-19T00:10:51Z,345,7,1,11,1,0,1,1,1,1781827161
2026-06-19T00:10:51Z,346,3,1,20,0,0,1,1,1,1781826194
2026-06-19T00:10:51Z,347,2,0,45,0,0,1,1,1,1781827840
2026-06-19T00:10:51Z,348,1,0,22,0,0,1,1,1,1781827790
2026-06-19T00:10:51Z,349,12,1,6,1,0,1,1,1,1781827622
2026-06-19T00:10:51Z,350,9,0,17,0,1,1,1,1,1781827737
2026-06-19T00:10:51Z,351,7,0,14,2,0,1,1,1,1781827826
2026-06-19T00:10:51Z,355,14,2,9,0,0,1,1,1,1781827283
2026-06-19T00:10:51Z,356,13,0,5,1,0,1,1,1,1781827646
2026-06-19T00:10:51Z,357,17,5,2,0,0,1,1,1,1781827806
2026-06-19T00:10:51Z,358,13,3,14,0,0,1,1,1,1781827371
2026-06-19T00:10:51Z,359,8,0,17,2,0,1,1,1,1781827815
2026-06-19T00:10:51Z,360,7,3,12,0,0,1,1,1,1781824170
2026-06-19T00:10:51Z,362,13,2,5,1,0,1,1,1,1781827268
2026-06-19T00:10:51Z,363,24,0,1,0,1,1,1,1,1781826555
2026-06-19T00:10:51Z,364,12,4,6,0,1,1,1,1,1781824944
2026-06-19T00:10:51Z,365,6,0,16,1,0,1,1,1,1781827536
2026-06-19T00:10:51Z,366,16,9,6,1,0,1,1,1,1781827789
2026-06-19T00:10:51Z,367,13,4,6,0,0,1,1,1,1781826550
2026-06-19T00:10:51Z,368,13,2,10,0,0,1,1,1,1781827211
2026-06-19T00:10:51Z,370,26,7,1,0,0,1,1,1,1781827668
2026-06-19T00:10:51Z,371,7,0,10,2,0,1,1,1,1781827778
2026-06-19T00:10:51Z,372,12,2,3,0,0,1,1,1,1781827736
2026-06-19T00:10:51Z,373,7,4,19,0,0,1,1,1,1781827048
2026-06-19T00:10:51Z,374,4,2,13,0,0,1,1,1,1781825573
2026-06-19T00:10:51Z,375,24,8,2,1,0,1,1,1,1781827699
2026-06-19T00:10:51Z,376,34,12,1,4,0,1,1,1,1781827722
2026-06-19T00:10:51Z,377,25,5,0,2,0,1,1,1,1781826831
2026-06-19T00:10:51Z,378,18,1,3,3,0,1,1,1,1781827678
2026-06-19T00:10:51Z,379,4,0,23,0,0,1,1,1,1781827650
2026-06-19T00:10:51Z,380,22,2,0,1,0,1,1,1,1781822331
2026-06-19T00:10:51Z,381,18,2,5,0,0,1,1,1,1781827388
2026-06-19T00:10:51Z,383,4,1,11,0,0,1,1,1,1781827545
2026-06-19T00:10:51Z,384,10,0,7,2,0,1,1,1,1781827423
2026-06-19T00:10:51Z,385,8,2,9,1,0,1,1,1,1781827041
2026-06-19T00:10:51Z,387,16,1,7,0,0,1,1,1,1781827510
2026-06-19T00:10:51Z,388,30,1,18,0,0,1,1,1,1781827837
2026-06-19T00:10:51Z,389,7,5,8,0,0,1,1,1,1781827706
2026-06-19T00:10:51Z,390,22,2,5,0,0,1,1,1,1781827772
2026-06-19T00:10:51Z,391,10,1,4,1,0,1,1,1,1781827797
2026-06-19T00:10:51Z,392,2,1,16,1,0,1,1,1,1781825297
2026-06-19T00:10:51Z,393,2,2,9,0,0,1,1,1,1781827474
2026-06-19T00:10:51Z,394,12,2,1,4,1,1,1,1,1781827831
2026-06-19T00:10:51Z,396,1,1,39,2,0,1,1,1,1781827672
2026-06-19T00:10:51Z,397,5,0,25,1,0,1,1,1,1781825872
2026-06-19T00:10:51Z,399,14,3,4,0,1,1,1,1,1781827689
2026-06-19T00:10:51Z,400,9,0,12,2,0,1,1,1,1781826895
2026-06-19T00:10:51Z,401,22,3,9,0,0,1,1,1,1781827486
2026-06-19T00:10:51Z,403,22,3,5,3,1,1,1,1,1781827776
2026-06-19T00:10:51Z,404,22,2,0,1,0,1,1,1,1781826950
2026-06-19T00:10:51Z,406,23,2,12,0,0,1,1,1,1781827396
2026-06-19T00:10:51Z,407,10,0,24,0,0,1,1,1,1781826521
2026-06-19T00:10:51Z,408,1,0,32,0,0,1,1,1,1781827675
2026-06-19T00:10:51Z,409,1,0,21,1,0,1,1,1,1781816049
2026-06-19T00:10:51Z,413,9,4,14,0,0,1,1,1,1781827687
2026-06-19T00:10:51Z,414,9,1,5,1,0,1,1,1,1781826685
2026-06-19T00:10:51Z,417,19,9,0,0,0,1,1,1,1781827216
2026-06-19T00:10:51Z,418,1,1,13,1,0,1,1,1,1781824221
2026-06-19T00:10:51Z,419,3,0,20,0,0,1,1,1,1781826976
2026-06-19T00:10:51Z,421,3,1,16,0,0,1,1,1,1781827694
2026-06-19T00:10:51Z,422,7,1,20,0,0,1,1,1,1781827760
2026-06-19T00:10:51Z,423,13,1,9,0,1,1,1,1,1781827013
2026-06-19T00:10:51Z,424,2,1,12,1,0,1,1,1,1781827369
2026-06-19T00:10:51Z,425,14,0,7,1,0,1,1,1,1781827837
2026-06-19T00:10:51Z,426,15,0,17,5,0,1,1,1,1781827822
2026-06-19T00:10:51Z,427,9,2,5,0,1,1,1,1,1781827480
2026-06-19T00:10:51Z,428,14,0,5,0,0,1,1,1,1781827524
2026-06-19T00:10:51Z,429,22,10,0,1,0,1,1,1,1781827109
2026-06-19T00:10:51Z,430,1,1,28,2,0,1,1,1,1781827809
2026-06-19T00:10:51Z,431,7,0,21,3,2,1,1,1,1781827241
2026-06-19T00:10:51Z,432,29,7,1,1,0,1,1,1,1781827438
2026-06-19T00:10:51Z,433,7,0,16,0,0,1,1,1,1781822765
2026-06-19T00:10:51Z,437,12,5,6,1,0,1,1,1,1781827812
2026-06-19T00:10:51Z,438,0,0,17,1,1,1,1,1,1781827548
2026-06-19T00:10:51Z,439,9,2,6,0,0,1,1,1,1781826836
2026-06-19T00:10:51Z,440,13,1,2,0,0,1,1,1,1781827414
2026-06-19T00:10:51Z,441,10,6,3,2,0,1,1,1,1781827286
2026-06-19T00:10:51Z,442,3,0,15,1,0,1,1,1,1781826277
2026-06-19T00:10:51Z,443,7,0,19,1,0,1,1,1,1781819651
2026-06-19T00:10:51Z,444,6,4,17,0,0,1,1,1,1781823107
2026-06-19T00:10:51Z,445,3,3,17,3,0,1,1,1,1781817038
2026-06-19T00:10:51Z,446,7,0,14,2,0,1,1,1,1781816373
2026-06-19T00:10:51Z,447,15,3,6,2,0,1,1,1,1781810338
2026-06-19T00:10:51Z,448,4,1,10,0,1,1,1,1,1781827269
2026-06-19T00:10:51Z,452,2,2,17,0,0,1,1,1,1781826967
2026-06-19T00:10:51Z,453,15,3,0,0,0,1,1,1,1781825939
2026-06-19T00:10:51Z,454,2,1,15,1,1,1,1,1,1781827323
2026-06-19T00:10:51Z,455,7,0,31,0,1,1,1,1,1781827728
2026-06-19T00:10:51Z,456,19,1,3,1,0,1,1,1,1781827836
2026-06-19T00:10:51Z,457,1,1,24,2,0,1,1,1,1781825563
2026-06-19T00:10:51Z,458,6,1,17,0,0,1,1,1,1781825850
2026-06-19T00:10:51Z,459,7,1,8,0,0,1,1,1,1781826837
2026-06-19T00:10:51Z,460,7,0,14,2,0,1,1,1,1781827785
2026-06-19T00:10:51Z,461,2,2,15,1,1,1,1,1,1781827572
2026-06-19T00:10:51Z,462,2,0,17,2,0,1,1,1,1781827714
2026-06-19T00:10:51Z,463,8,2,9,2,0,1,1,1,1781827628
2026-06-19T00:10:51Z,464,10,0,4,0,0,1,1,1,1781825830
2026-06-19T00:10:51Z,465,1,0,14,0,0,1,1,1,1781826871
2026-06-19T00:10:51Z,466,9,3,4,2,0,1,1,1,1781826434
2026-06-19T00:10:51Z,467,6,0,9,0,0,1,1,1,1781825503
2026-06-19T00:10:51Z,468,6,2,13,0,0,1,1,1,1781821855
2026-06-19T00:10:51Z,469,19,3,2,2,0,1,1,1,1781827109
2026-06-19T00:10:51Z,470,9,4,6,0,0,1,1,1,1781827679
2026-06-19T00:10:51Z,471,4,2,23,0,0,1,1,1,1781822531
2026-06-19T00:10:51Z,472,10,4,8,1,0,1,1,1,1781827570
2026-06-19T00:10:51Z,473,16,0,3,0,0,1,1,1,1781827387
2026-06-19T00:10:51Z,474,13,0,5,1,0,1,1,1,1781827081
2026-06-19T00:10:51Z,475,8,3,11,0,0,1,1,1,1781827649
2026-06-19T00:10:51Z,476,7,1,15,1,0,1,1,1,1781827214
2026-06-19T00:10:51Z,477,3,3,11,1,0,1,1,1,1781827461
2026-06-19T00:10:51Z,478,1,0,29,1,0,1,1,1,1781827667
2026-06-19T00:10:51Z,479,2,0,22,2,1,1,1,1,1781827567
2026-06-19T00:10:51Z,480,14,0,1,0,0,1,1,1,1781827166
2026-06-19T00:10:51Z,481,11,0,24,0,0,1,1,1,1781827829
2026-06-19T00:10:51Z,482,9,1,10,0,0,1,1,1,1781825946
2026-06-19T00:10:51Z,483,12,2,14,1,0,1,1,1,1781827723
2026-06-19T00:10:51Z,484,11,2,6,2,0,1,1,1,1781827815
2026-06-19T00:10:51Z,485,14,4,4,1,0,1,1,1,1781825858
2026-06-19T00:10:51Z,486,14,2,11,2,0,1,1,1,1781826367
2026-06-19T00:10:51Z,487,13,2,6,0,0,1,1,1,1781827055
2026-06-19T00:10:51Z,489,9,5,6,0,0,1,1,1,1781827157
2026-06-19T00:10:51Z,490,1,0,12,3,0,1,1,1,1781827364
2026-06-19T00:10:51Z,491,17,6,3,1,0,1,1,1,1781827329
2026-06-19T00:10:51Z,492,4,4,5,2,0,1,1,1,1781822603
2026-06-19T00:10:51Z,493,4,0,23,0,0,1,1,1,1781826638
2026-06-19T00:10:51Z,495,12,1,2,1,0,1,1,1,1781827822
2026-06-19T00:10:51Z,496,5,0,22,0,0,1,1,1,1781827705
2026-06-19T00:10:51Z,497,10,5,9,0,0,1,1,1,1781827682
2026-06-19T00:10:51Z,498,18,3,5,0,0,1,1,1,1781827801
2026-06-19T00:10:51Z,499,3,0,16,0,0,1,1,1,1781827606
2026-06-19T00:10:51Z,500,2,2,11,2,0,1,1,1,1781826652
2026-06-19T00:10:51Z,501,1,1,18,2,0,1,1,1,1781823783
2026-06-19T00:10:51Z,502,0,0,19,0,0,1,1,1,1781823305
2026-06-19T00:10:51Z,503,10,0,19,2,0,1,1,1,1781827641
2026-06-19T00:10:51Z,504,15,0,24,0,0,1,1,1,1781827378
2026-06-19T00:10:51Z,505,3,2,15,0,0,1,1,1,1781827602
2026-06-19T00:10:51Z,511,9,2,13,1,0,1,1,1,1781827724
2026-06-19T00:10:51Z,512,15,1,4,0,0,1,1,1,1781826645
2026-06-19T00:10:51Z,514,8,7,2,1,0,1,1,1,1781827741
2026-06-19T00:10:51Z,515,15,2,0,4,0,1,1,1,1781824155
2026-06-19T00:10:51Z,516,13,0,14,0,0,1,1,1,1781827248
2026-06-19T00:10:51Z,517,23,2,0,0,0,1,1,1,1781826891
2026-06-19T00:10:51Z,518,6,0,9,0,0,1,1,1,1781827806
2026-06-19T00:10:51Z,519,5,0,12,2,0,1,1,1,1781823209
2026-06-19T00:10:51Z,520,22,4,3,2,0,1,1,1,1781827163
2026-06-19T00:10:51Z,521,10,3,13,0,0,1,1,1,1781827092
2026-06-19T00:10:51Z,522,3,0,20,0,0,1,1,1,1781826980
2026-06-19T00:10:51Z,523,9,2,14,0,0,1,1,1,1781827567
2026-06-19T00:10:51Z,524,20,1,3,0,0,1,1,1,1781827819
2026-06-19T00:10:51Z,525,1,0,18,0,0,1,1,1,1781826010
2026-06-19T00:10:51Z,526,5,2,8,2,0,1,1,1,1781821030
2026-06-19T00:10:51Z,527,2,2,22,2,0,1,1,1,1781825518
2026-06-19T00:10:51Z,528,12,3,9,2,0,1,1,1,1781826846
2026-06-19T00:10:51Z,529,15,6,1,3,0,1,1,1,1781826444
2026-06-19T00:10:51Z,530,9,1,11,1,0,1,1,1,1781827644
2026-06-19T00:10:51Z,531,13,4,9,0,1,1,1,1,1781827420
2026-06-19T00:10:51Z,532,0,0,31,0,0,1,1,1,1781819553
2026-06-19T00:10:51Z,533,6,3,11,2,0,1,1,1,1781826955
2026-06-19T00:10:51Z,534,2,0,21,0,0,1,1,1,1781827282
2026-06-19T00:10:51Z,535,1,0,14,0,0,1,1,1,1781827474
2026-06-19T00:10:51Z,536,1,1,21,1,0,1,1,1,1781827786
2026-06-19T00:10:51Z,537,9,0,12,0,0,1,1,1,1781827589
2026-06-19T00:10:51Z,538,16,5,1,2,0,1,1,1,1781827006
2026-06-19T00:10:51Z,539,1,0,17,1,0,1,1,1,1781824662
2026-06-19T00:10:51Z,540,4,3,15,0,0,1,1,1,1781827687
2026-06-19T00:10:51Z,541,24,3,2,1,0,1,1,1,1781827199
2026-06-19T00:10:51Z,542,2,1,21,0,0,1,1,1,1781827665
2026-06-19T00:10:51Z,543,18,3,0,1,0,1,1,1,1781827535
2026-06-19T00:10:51Z,544,17,0,8,0,0,1,1,1,1781827245
2026-06-19T00:10:51Z,545,15,2,1,3,0,1,1,1,1781827656
2026-06-19T00:10:51Z,546,6,0,12,1,0,1,1,1,1781827491
2026-06-19T00:10:51Z,547,2,0,20,0,0,1,1,1,1781827664
2026-06-19T00:10:51Z,548,10,1,12,1,0,1,1,1,1781827544
2026-06-19T00:10:51Z,549,9,0,12,0,0,1,1,1,1781827702
2026-06-19T00:10:51Z,550,5,2,14,0,0,1,1,1,1781827837
2026-06-19T00:10:51Z,551,11,2,12,0,0,1,1,1,1781821783
2026-06-19T00:10:51Z,552,26,2,1,0,0,1,1,1,1781827726
2026-06-19T00:10:51Z,553,21,1,1,1,0,1,1,1,1781827826
2026-06-19T00:10:51Z,554,1,1,16,2,0,1,1,1,1781826856
2026-06-19T00:10:51Z,555,4,0,10,1,0,1,1,1,1781821678
2026-06-19T00:10:51Z,556,12,4,10,1,0,1,1,1,1781826719
2026-06-19T00:10:51Z,557,0,0,23,0,0,0,1,1,1781719859
2026-06-19T00:10:51Z,558,2,0,35,0,0,1,1,1,1781827786
2026-06-19T00:10:51Z,559,0,0,18,1,0,1,1,1,1781827838
2026-06-19T00:10:51Z,560,9,0,18,0,0,1,1,1,1781827745
2026-06-19T00:10:51Z,561,3,2,20,0,0,1,1,1,1781827832
2026-06-19T00:10:51Z,562,6,0,25,3,1,1,1,1,1781827778
2026-06-19T00:10:51Z,563,3,1,11,0,0,1,1,1,1781827747
2026-06-19T00:10:51Z,564,6,0,12,1,0,1,1,1,1781827604
2026-06-19T00:10:51Z,565,7,1,10,2,0,1,1,1,1781827121
2026-06-19T00:10:51Z,566,9,0,7,3,0,1,1,1,1781827769
2026-06-19T00:10:51Z,567,10,0,17,0,0,1,1,1,1781827371
2026-06-19T00:10:51Z,568,0,0,18,1,0,1,1,1,1781827707
2026-06-19T00:10:51Z,569,4,2,15,0,0,1,1,1,1781827777
2026-06-19T00:10:51Z,570,10,2,9,0,0,1,1,1,1781827788
2026-06-19T00:10:51Z,571,5,0,18,0,0,1,1,1,1781827579
2026-06-19T00:10:51Z,572,5,2,14,0,0,1,1,1,1781827772
2026-06-19T00:10:51Z,573,9,1,6,0,0,1,1,1,1781827379
2026-06-19T00:10:51Z,574,10,3,3,2,0,1,1,1,1781826119
2026-06-19T00:10:51Z,575,15,0,4,2,0,1,1,1,1781827655
2026-06-19T00:10:51Z,576,16,4,3,0,0,1,1,1,1781827532
2026-06-19T00:10:51Z,577,2,0,29,0,0,1,1,1,1781827101
2026-06-19T00:10:51Z,578,13,5,9,1,0,1,1,1,1781827529
2026-06-19T00:10:51Z,579,12,6,31,0,0,1,1,1,1781827758
2026-06-19T00:10:51Z,580,1,0,29,1,0,1,1,1,1781827646
2026-06-19T00:10:51Z,581,6,3,13,0,0,1,1,1,1781826612
2026-06-19T00:10:51Z,582,11,1,47,3,0,1,1,1,1781827789
2026-06-19T00:10:51Z,583,6,0,17,0,0,1,1,1,1781827614
2026-06-19T00:10:51Z,584,5,4,13,1,0,1,1,1,1781826717
2026-06-19T00:10:51Z,585,14,1,13,0,0,1,1,1,1781827447
2026-06-19T00:10:51Z,586,24,1,10,1,0,1,1,1,1781827675
2026-06-19T00:10:51Z,587,10,1,14,3,0,1,1,1,1781827836
2026-06-19T00:10:51Z,588,5,3,13,1,0,1,1,1,1781825607
2026-06-19T00:10:51Z,589,1,1,22,0,0,1,1,1,1781825857
2026-06-19T00:10:51Z,590,0,0,30,1,0,1,1,1,1781827535
2026-06-19T00:10:51Z,591,7,1,14,1,0,1,1,1,1781826904
2026-06-19T00:10:51Z,592,10,0,13,0,0,1,1,1,1781827751
2026-06-19T00:10:51Z,593,16,0,23,0,0,1,1,1,1781825183
2026-06-19T00:10:51Z,594,5,0,16,0,0,1,1,1,1781827437
2026-06-19T00:10:51Z,595,0,0,3,0,0,0,1,1,1779985765
2026-06-19T00:10:51Z,605,0,0,3,0,0,0,1,1,1780413752
2026-06-19T00:10:51Z,606,0,0,3,0,0,0,1,1,1781723852
2026-06-19T00:10:51Z,607,7,0,26,0,0,1,1,1,1781827673
2026-06-19T00:10:51Z,608,25,1,29,0,0,1,1,1,1781827831
2026-06-19T00:10:51Z,609,4,2,19,0,0,1,1,1,1781827640
2026-06-19T00:10:51Z,610,17,1,16,2,0,1,1,1,1781827829
2026-06-19T00:10:51Z,611,26,2,1,0,0,1,1,1,1781827541
2026-06-19T00:10:51Z,612,4,1,11,0,0,1,1,1,1781821957
2026-06-19T00:10:51Z,613,6,2,6,2,0,1,1,1,1781827840
2026-06-19T00:10:51Z,614,8,4,15,4,0,1,1,1,1781827288
2026-06-19T00:10:51Z,617,9,1,5,1,0,1,1,1,1781827563
2026-06-19T00:10:51Z,618,8,0,8,3,0,1,1,1,1781824023
2026-06-19T00:10:51Z,619,15,2,4,0,0,1,1,1,1781827826
2026-06-19T00:10:51Z,620,6,0,17,0,0,1,1,1,1781827174
2026-06-19T00:10:51Z,621,20,3,2,1,0,1,1,1,1781827820
2026-06-19T00:10:51Z,622,2,1,19,2,0,1,1,1,1781827740
2026-06-19T00:10:51Z,623,0,0,29,1,0,1,1,1,1781827569
2026-06-19T00:10:51Z,624,4,4,9,2,0,1,1,1,1781826377
2026-06-19T00:10:51Z,625,14,1,7,0,0,1,1,1,1781827457
2026-06-19T00:10:51Z,626,15,0,29,0,2,1,1,1,1781826943
2026-06-19T00:10:51Z,627,14,2,5,0,0,1,1,1,1781824111
2026-06-19T00:10:51Z,628,0,0,15,2,2,1,1,1,1781827767
2026-06-19T00:10:51Z,629,5,2,6,0,0,1,1,1,1781824093
2026-06-19T00:10:51Z,630,7,1,18,2,0,1,1,1,1781819340
2026-06-19T00:10:51Z,631,16,0,7,0,0,1,1,1,1781827450
2026-06-19T00:10:51Z,632,1,1,18,4,0,1,1,1,1781827728
2026-06-19T00:10:51Z,633,4,1,9,1,1,1,1,1,1781818977
2026-06-19T00:10:51Z,634,5,2,13,1,0,1,1,1,1781827675
2026-06-19T00:10:51Z,635,13,3,6,0,0,1,1,1,1781825686
2026-06-19T00:10:51Z,636,4,2,11,0,0,1,1,1,1781811796
2026-06-19T00:10:51Z,637,9,4,8,2,0,1,1,1,1781820623
2026-06-19T00:10:51Z,638,2,1,16,1,0,1,1,1,1781826879
2026-06-19T00:10:51Z,639,2,1,10,5,2,1,1,1,1781827838
2026-06-19T00:10:51Z,640,20,2,2,1,0,1,1,1,1781827250
2026-06-19T00:10:51Z,641,15,0,12,0,0,1,1,1,1781827803
2026-06-19T00:10:51Z,642,3,0,13,3,0,1,1,1,1781826896
2026-06-19T00:10:51Z,643,0,0,25,2,0,1,1,1,1781826841
2026-06-19T00:10:51Z,644,1,1,13,0,1,1,1,1,1781825472
2026-06-19T00:10:51Z,645,8,0,13,1,1,1,1,1,1781827656
2026-06-19T00:10:51Z,646,13,2,4,2,0,1,1,1,1781823569
2026-06-19T00:10:51Z,647,30,0,1,0,0,1,1,1,1781826126
2026-06-19T00:10:51Z,648,4,1,15,0,0,1,1,1,1781826803
2026-06-19T00:10:51Z,649,7,7,23,1,0,1,1,1,1781827586
2026-06-19T00:10:51Z,650,8,1,9,2,0,1,1,1,1781826487
2026-06-19T00:10:51Z,651,2,0,21,0,0,1,1,1,1781826786
2026-06-19T00:10:51Z,652,6,2,16,1,0,1,1,1,1781827681
2026-06-19T00:10:51Z,653,10,2,8,1,0,1,1,1,1781826761
2026-06-19T00:10:51Z,654,3,1,12,0,0,1,1,1,1781827810
2026-06-19T00:10:51Z,655,8,4,7,0,0,1,1,1,1781823652
2026-06-19T00:10:51Z,656,11,4,8,0,0,1,1,1,1781827797
2026-06-19T00:10:51Z,657,1,0,13,3,0,1,1,1,1781827794
2026-06-19T00:10:51Z,658,7,2,16,0,0,1,1,1,1781821801
2026-06-19T00:10:51Z,659,1,1,9,5,0,1,1,1,1781821988
2026-06-19T00:10:51Z,660,3,1,28,0,0,1,1,1,1781825043
2026-06-19T00:10:51Z,661,8,3,11,0,0,1,1,1,1781825457
2026-06-19T00:10:51Z,662,11,8,12,0,0,1,1,1,1781821103
2026-06-19T00:10:51Z,663,10,1,5,0,0,1,1,1,1781827003
2026-06-19T00:10:51Z,664,7,1,19,1,0,1,1,1,1781826305
2026-06-19T00:10:51Z,665,12,3,1,2,0,1,1,1,1781826624
2026-06-19T00:10:51Z,666,11,7,3,1,0,1,1,1,1781826224
2026-06-19T00:10:51Z,667,16,2,2,1,0,1,1,1,1781827840
2026-06-19T00:10:51Z,668,7,0,10,2,0,1,1,1,1781827550
2026-06-19T00:10:51Z,669,9,3,4,1,0,1,1,1,1781821744
2026-06-19T00:10:51Z,670,14,1,12,1,0,1,1,1,1781827356
2026-06-19T00:10:51Z,671,2,0,25,0,0,1,1,1,1781827703
2026-06-19T00:10:51Z,672,2,1,18,3,0,1,1,1,1781827455
2026-06-19T00:10:51Z,673,6,1,17,0,0,1,1,1,1781827463
2026-06-19T00:10:51Z,674,2,0,21,0,0,1,1,1,1781827534
2026-06-19T00:10:51Z,675,2,1,12,0,1,1,1,1,1781827594
2026-06-19T00:10:51Z,676,2,0,20,0,1,1,1,1,1781827497
2026-06-19T00:10:51Z,681,9,2,3,3,0,1,1,1,1781827173
2026-06-19T00:10:51Z,682,8,3,7,4,0,1,1,1,1781789812
2026-06-19T00:10:51Z,683,4,1,13,2,0,1,1,1,1781772859
2026-06-19T00:10:51Z,684,9,0,17,1,0,1,1,1,1781826471
2026-06-19T00:10:51Z,685,5,0,19,2,1,1,1,1,1781815197
2026-06-19T00:10:51Z,686,10,1,17,0,0,1,1,1,1781824413
2026-06-19T00:10:51Z,687,9,3,21,1,0,1,1,1,1781826037
2026-06-19T00:10:51Z,688,14,5,3,2,0,1,1,1,1781827622
2026-06-19T00:10:51Z,692,0,0,21,0,0,1,1,1,1781826587
2026-06-19T00:10:51Z,693,3,1,7,1,0,1,1,1,1781826255
2026-06-19T00:10:51Z,694,7,2,13,1,0,1,1,1,1781826852
2026-06-19T00:10:51Z,695,12,4,9,2,0,1,1,1,1781827738
2026-06-19T00:10:51Z,696,5,0,17,1,0,1,1,1,1781827257
2026-06-19T00:10:51Z,697,5,1,17,1,0,1,1,1,1781827264
2026-06-19T00:10:51Z,698,16,3,11,0,0,1,1,1,1781827841
2026-06-19T00:10:51Z,699,3,0,11,1,0,1,1,1,1781827491
2026-06-19T00:10:51Z,700,6,1,10,3,0,1,1,1,1781826076
2026-06-19T00:10:51Z,701,12,3,6,1,0,1,1,1,1781825982
2026-06-19T00:10:51Z,702,1,1,22,0,0,1,1,1,1781826457
2026-06-19T00:10:51Z,703,10,2,13,0,0,1,1,1,1781826778
2026-06-19T00:10:51Z,704,10,0,5,0,0,1,1,1,1781827639
2026-06-19T00:10:51Z,705,0,0,14,1,0,1,1,1,1781827534
2026-06-19T00:10:51Z,706,12,3,3,0,0,1,1,1,1781826883
2026-06-19T00:10:51Z,707,10,3,4,1,0,1,1,1,1781826668
2026-06-19T00:10:51Z,708,3,0,16,0,0,1,1,1,1781827804
2026-06-19T00:10:51Z,709,12,5,1,2,0,1,1,1,1781827778
2026-06-19T00:10:51Z,710,6,5,13,0,0,1,1,1,1781827608
2026-06-19T00:10:51Z,711,2,0,14,3,0,1,1,1,1781826872
2026-06-19T00:10:51Z,712,6,4,7,2,0,1,1,1,1781827779
2026-06-19T00:10:51Z,713,15,0,8,0,0,1,1,1,1781826222
2026-06-19T00:10:51Z,716,5,1,6,4,0,1,1,1,1781827341
2026-06-19T00:10:51Z,717,10,4,10,5,0,1,1,1,1781827725
2026-06-19T00:10:51Z,718,8,3,6,1,0,1,1,1,1781826934
2026-06-19T00:10:51Z,719,11,1,17,1,0,1,1,1,1781827471
2026-06-19T00:10:51Z,720,0,0,18,1,0,1,1,1,1781827432
2026-06-19T00:10:51Z,721,6,3,16,1,0,1,1,1,1781826879
2026-06-19T00:10:51Z,722,4,1,11,0,0,1,1,1,1781826727
2026-06-19T00:10:51Z,723,4,0,18,1,0,1,1,1,1781827723
2026-06-19T00:10:51Z,724,10,6,13,0,0,1,1,1,1781827719
2026-06-19T00:10:51Z,725,9,1,13,1,0,1,1,1,1781827441
2026-06-19T00:10:51Z,726,9,2,10,0,0,1,1,1,1781827267
2026-06-19T00:10:51Z,727,13,9,10,0,0,1,1,1,1781826991
2026-06-19T00:10:51Z,728,4,1,7,4,0,1,1,1,1781827321
2026-06-19T00:10:51Z,729,2,0,16,1,0,1,1,1,1781827685
2026-06-19T00:10:51Z,730,3,1,11,1,0,1,1,1,1781826971
2026-06-19T00:10:51Z,731,7,1,8,0,0,1,1,1,1781827460
2026-06-19T00:10:51Z,732,12,1,3,0,0,1,1,1,1781827761
2026-06-19T00:10:51Z,733,13,4,11,3,0,1,1,1,1781827526
2026-06-19T00:10:51Z,734,3,0,11,0,0,1,1,1,1781826142
2026-06-19T00:10:51Z,735,3,3,15,1,0,1,1,1,1781826676
2026-06-19T00:10:51Z,736,7,3,9,3,0,1,1,1,1781826391
2026-06-19T00:10:51Z,737,2,0,13,0,0,1,1,1,1781827610
2026-06-19T00:10:51Z,738,14,2,5,0,0,1,1,1,1781827766
2026-06-19T00:10:51Z,739,11,2,15,1,0,1,1,1,1781826386
2026-06-19T00:10:51Z,741,15,2,8,0,0,1,1,1,1781827739
2026-06-19T00:10:51Z,742,34,3,5,0,0,1,1,1,1781827193
2026-06-19T00:10:51Z,743,1,0,18,0,0,1,1,1,1781827839
2026-06-19T00:10:51Z,744,3,0,12,0,0,1,1,1,1781826073
2026-06-19T00:10:51Z,745,2,0,17,0,0,1,1,1,1781826044
2026-06-19T00:10:51Z,746,8,2,15,0,0,1,1,1,1781827674
2026-06-19T00:10:51Z,747,3,0,16,0,0,1,1,1,1781827033
2026-06-19T00:10:51Z,748,16,6,7,0,0,1,1,1,1781826045
2026-06-19T00:10:51Z,749,6,0,17,0,0,1,1,1,1781827793
2026-06-19T00:10:51Z,750,6,1,5,0,0,1,1,1,1781827142
2026-06-19T00:10:51Z,751,19,7,3,1,0,1,1,1,1781827831
2026-06-19T00:10:51Z,752,13,3,3,1,0,1,1,1,1781827268
2026-06-19T00:10:51Z,753,13,0,2,0,0,1,1,1,1781827148
2026-06-19T00:10:51Z,754,2,2,13,0,0,1,1,1,1781826572
2026-06-19T00:10:51Z,755,7,3,12,0,0,1,1,1,1781827767
2026-06-19T00:10:51Z,756,0,0,36,1,0,1,1,1,1781827305
2026-06-19T00:10:51Z,757,2,1,17,0,0,1,1,1,1781827211
2026-06-19T00:10:51Z,758,1,0,22,0,0,1,1,1,1781827440
2026-06-19T00:10:51Z,759,6,2,7,2,0,1,1,1,1781826178
2026-06-19T00:10:51Z,760,13,0,5,1,0,1,1,1,1781826477
2026-06-19T00:10:51Z,761,15,4,8,0,0,1,1,1,1781827364
2026-06-19T00:10:51Z,762,4,0,10,1,0,1,1,1,1781827739
2026-06-19T00:10:51Z,768,4,2,10,5,0,1,1,1,1781826307
2026-06-19T00:10:51Z,769,13,5,2,4,0,1,1,1,1781827480
2026-06-19T00:10:51Z,770,11,5,7,1,0,1,1,1,1781827786
2026-06-19T00:10:51Z,771,6,1,9,0,0,1,1,1,1781827335
2026-06-19T00:10:51Z,772,1,0,14,0,0,1,1,1,1781827834
2026-06-19T00:10:51Z,773,6,3,9,4,0,1,1,1,1781827649
2026-06-19T00:10:51Z,774,7,3,6,2,0,1,1,1,1781827476
2026-06-19T00:10:51Z,775,4,3,14,1,0,1,1,1,1781826890
2026-06-19T00:10:51Z,776,6,2,13,2,0,1,1,1,1781827552
2026-06-19T00:10:51Z,777,3,1,10,2,0,1,1,1,1781826024
2026-06-19T00:10:51Z,778,7,0,10,2,0,1,1,1,1781821579
2026-06-19T00:10:51Z,779,6,3,12,1,0,1,1,1,1781827232
2026-06-19T00:10:51Z,780,15,0,0,4,0,1,1,1,1781827542
2026-06-19T00:10:51Z,781,4,3,6,1,0,1,1,1,1781826151
2026-06-19T00:10:51Z,782,6,5,13,0,0,1,1,1,1781827295
2026-06-19T00:10:51Z,783,4,1,14,1,0,1,1,1,1781824735
2026-06-19T00:10:51Z,784,8,3,11,0,0,1,1,1,1781827179
2026-06-19T00:10:51Z,785,9,1,2,3,0,1,1,1,1781827151
2026-06-19T00:10:51Z,786,6,2,13,0,0,1,1,1,1781820693
2026-06-19T00:10:51Z,787,4,1,11,0,0,1,1,1,1781827122
2026-06-19T00:10:51Z,788,6,1,9,0,0,1,1,1,1781826924
2026-06-19T00:10:51Z,789,11,0,3,1,0,1,1,1,1781827334
2026-06-19T00:10:51Z,790,2,2,21,0,0,1,1,1,1781823558
2026-06-19T00:10:51Z,791,3,1,16,0,0,1,1,1,1781825129
2026-06-19T00:10:51Z,793,0,0,15,0,0,1,1,1,1781827547
2026-06-19T00:10:51Z,794,17,3,11,1,0,1,1,1,1781827605
2026-06-19T00:10:51Z,796,6,0,12,1,0,1,1,1,1781826164
2026-06-19T00:10:51Z,797,1,1,13,1,0,1,1,1,1781827192
2026-06-19T00:10:51Z,798,6,6,19,0,0,1,1,1,1781827094
2026-06-19T00:10:51Z,799,4,1,14,1,0,1,1,1,1781827729
2026-06-19T00:10:51Z,800,2,1,19,0,0,1,1,1,1781827543
2026-06-19T00:10:51Z,801,4,3,16,1,0,1,1,1,1781827730
2026-06-19T00:10:51Z,802,1,1,28,2,0,1,1,1,1781826278
2026-06-19T00:10:51Z,803,9,1,5,1,0,1,1,1,1781827616
2026-06-19T00:10:51Z,806,0,0,15,0,0,1,1,1,1781827034
2026-06-19T00:10:51Z,807,10,2,14,1,0,1,1,1,1781827688
2026-06-19T00:10:51Z,808,5,2,20,0,0,1,1,1,1781820181
2026-06-19T00:10:51Z,809,7,1,16,0,0,1,1,1,1781826566
2026-06-19T00:10:51Z,810,11,5,8,0,0,1,1,1,1781827744
2026-06-19T00:10:51Z,815,11,6,2,2,0,1,1,1,1781827181
2026-06-19T00:10:51Z,817,6,0,6,3,0,1,1,1,1781827111
2026-06-19T00:10:51Z,818,11,4,12,0,0,1,1,1,1781827212
2026-06-19T00:10:51Z,819,3,2,11,1,0,1,1,1,1781826972
2026-06-19T00:10:51Z,820,1,1,15,1,0,1,1,1,1781827689
2026-06-19T00:10:51Z,821,2,2,12,1,0,1,1,1,1781827593
2026-06-19T00:10:51Z,822,1,0,22,0,0,1,1,1,1781826951
2026-06-19T00:10:51Z,823,6,2,9,0,0,1,1,1,1781827619
2026-06-19T00:10:51Z,824,16,12,0,3,0,1,1,1,1781827503
2026-06-19T00:10:51Z,825,5,2,10,0,0,1,1,1,1781825555
2026-06-19T00:10:51Z,826,6,2,13,0,0,1,1,1,1781827756
2026-06-19T00:10:51Z,827,12,1,9,0,0,1,1,1,1781827529
2026-06-19T00:10:51Z,828,10,1,7,1,0,1,1,1,1781826864
2026-06-19T00:10:51Z,829,5,3,22,0,0,1,1,1,1781822069
2026-06-19T00:10:51Z,830,6,0,16,1,0,1,1,1,1781826580
2026-06-19T00:10:51Z,831,11,8,3,1,0,1,1,1,1781826718
2026-06-19T00:10:51Z,832,9,8,9,0,0,1,1,1,1781827733
2026-06-19T00:10:51Z,833,4,0,15,0,0,1,1,1,1781827379
2026-06-19T00:10:51Z,834,15,1,8,0,1,1,1,1,1781827838
2026-06-19T00:10:51Z,835,12,3,6,0,0,1,1,1,1781827257
2026-06-19T00:10:51Z,837,6,1,8,1,0,1,1,1,1781827177
2026-06-19T00:10:51Z,838,10,4,4,1,0,1,1,1,1781826757
2026-06-19T00:10:51Z,839,2,1,27,0,0,1,1,1,1781827835
2026-06-19T00:10:51Z,840,7,0,19,3,0,1,1,1,1781827837
2026-06-19T00:10:51Z,841,6,4,8,1,0,1,1,1,1781827681
2026-06-19T00:10:51Z,842,8,2,14,0,1,1,1,1,1781826890
2026-06-19T00:10:51Z,843,4,3,27,0,0,1,1,1,1781826058
2026-06-19T00:10:51Z,844,16,7,7,0,0,1,1,1,1781826492
2026-06-19T00:10:51Z,845,1,0,18,0,0,1,1,1,1781827272
2026-06-19T00:10:51Z,846,10,3,8,0,1,1,1,1,1781827400
2026-06-19T00:10:51Z,847,13,5,13,1,0,1,1,1,1781827530
2026-06-19T00:10:51Z,848,11,0,8,0,0,1,1,1,1781827530
2026-06-19T00:10:51Z,849,6,1,5,4,0,1,1,1,1781826876
2026-06-19T00:10:51Z,850,2,1,9,0,0,1,1,1,1781827142
2026-06-19T00:10:51Z,851,16,2,20,1,0,1,1,1,1781826555
2026-06-19T00:10:51Z,852,14,2,4,1,0,1,1,1,1781827784
2026-06-19T00:10:51Z,853,1,0,21,1,0,1,1,1,1781827698
2026-06-19T00:10:51Z,854,11,2,4,0,0,1,1,1,1781826991
2026-06-19T00:10:51Z,855,21,3,4,2,0,1,1,1,1781826572
2026-06-19T00:10:51Z,857,3,1,16,0,0,1,1,1,1781827456
2026-06-19T00:10:51Z,858,2,1,16,1,0,1,1,1,1781827444
2026-06-19T00:10:51Z,859,8,1,13,0,0,1,1,1,1781826369
2026-06-19T00:10:51Z,861,2,0,9,0,0,1,1,1,1781826686
2026-06-19T00:10:51Z,862,0,0,15,0,0,1,1,1,1781826764
2026-06-19T00:10:51Z,863,8,1,11,0,0,1,1,1,1781826698
2026-06-19T00:10:51Z,866,10,3,7,2,0,1,1,1,1781827795
2026-06-19T00:10:51Z,867,8,0,6,1,0,1,1,1,1781826280
2026-06-19T00:10:51Z,868,13,5,2,0,0,1,1,1,1781827173
2026-06-19T00:10:51Z,870,9,2,6,0,0,1,1,1,1781827105
2026-06-19T00:10:51Z,871,7,0,4,0,0,1,1,1,1781826305
2026-06-19T00:10:51Z,872,13,2,2,0,0,1,1,1,1781827394
2026-06-19T00:10:51Z,873,2,0,31,0,0,1,1,1,1781826429
2026-06-19T00:10:51Z,874,8,0,7,0,0,1,1,1,1781827341
2026-06-19T00:10:51Z,875,14,4,1,0,0,1,1,1,1781827107
2026-06-19T00:10:51Z,877,14,7,5,0,0,1,1,1,1781827019
2026-06-19T00:10:51Z,878,0,0,19,0,0,1,1,1,1781826719
2026-06-19T00:10:51Z,879,4,2,15,0,0,1,1,1,1781827174
2026-06-19T00:10:51Z,880,1,0,21,1,0,1,1,1,1781827626
2026-06-19T00:10:51Z,881,11,1,7,1,0,1,1,1,1781827315
2026-06-19T00:10:51Z,882,11,5,8,0,0,1,1,1,1781826133
2026-06-19T00:10:51Z,883,0,0,18,1,0,0,1,1,1781529111
2026-06-19T00:10:51Z,884,11,6,10,0,0,1,1,1,1781827725
2026-06-19T00:10:51Z,885,0,0,19,0,0,1,1,1,1781822936
2026-06-19T00:10:51Z,886,12,1,14,3,0,1,1,1,1781827797
2026-06-19T00:10:51Z,887,3,3,14,0,0,1,1,1,1781827578
2026-06-19T00:10:51Z,888,40,4,0,1,0,1,1,1,1781827783
2026-06-19T00:10:51Z,889,3,0,16,0,0,1,1,1,1781826306
2026-06-19T00:10:51Z,890,1,0,14,0,0,1,1,1,1781782999
2026-06-19T00:10:51Z,891,12,1,11,0,0,1,1,1,1781827433
2026-06-19T00:10:51Z,892,7,1,7,1,0,1,1,1,1781826121
2026-06-19T00:10:51Z,895,13,2,4,2,0,1,1,1,1781826501
2026-06-19T00:10:51Z,896,7,0,27,1,0,1,1,1,1781827530
2026-06-19T00:10:51Z,897,12,1,8,1,0,1,1,1,1781827717
2026-06-19T00:10:51Z,898,8,1,11,0,0,1,1,1,1781827406
2026-06-19T00:10:51Z,899,2,0,17,0,0,1,1,1,1781827752
2026-06-19T00:10:51Z,900,8,0,19,0,0,1,1,1,1781827307
2026-06-19T00:10:51Z,901,11,1,8,0,0,1,1,1,1781827523
2026-06-19T00:10:51Z,902,2,0,13,0,0,1,1,1,1781826892
2026-06-19T00:10:51Z,903,4,0,15,0,0,1,1,1,1781827200
2026-06-19T00:10:51Z,904,18,5,1,0,0,1,1,1,1781827151
2026-06-19T00:10:51Z,905,2,0,25,0,0,1,1,1,1781827296
2026-06-19T00:10:51Z,906,18,6,9,0,0,1,1,1,1781826893
2026-06-19T00:10:51Z,907,0,0,31,0,0,1,1,1,1781827347
2026-06-19T00:10:51Z,908,17,3,6,0,0,1,1,1,1781826344
2026-06-19T00:10:51Z,909,7,3,16,0,0,1,1,1,1781827565
2026-06-19T00:10:51Z,910,9,0,21,1,0,1,1,1,1781827596
2026-06-19T00:10:51Z,911,5,0,13,1,0,1,1,1,1781827119
2026-06-19T00:10:51Z,912,15,3,6,2,0,1,1,1,1781827779
2026-06-19T00:10:51Z,913,2,2,16,1,0,1,1,1,1781822598
2026-06-19T00:10:51Z,914,1,1,17,1,0,1,1,1,1781827205
2026-06-19T00:10:51Z,915,20,0,2,1,0,1,1,1,1781827453
2026-06-19T00:10:51Z,916,20,2,3,0,0,1,1,1,1781827675
2026-06-19T00:10:51Z,917,1,0,33,1,0,1,1,1,1781827413
2026-06-19T00:10:51Z,918,16,0,3,0,0,1,1,1,1781827734
2026-06-19T00:10:51Z,919,36,1,1,2,0,1,1,1,1781827413
2026-06-19T00:10:51Z,920,8,7,11,0,0,1,1,1,1781827690
2026-06-19T00:10:51Z,921,3,1,18,0,0,1,1,1,1781827822
2026-06-19T00:10:51Z,922,5,1,16,0,0,1,1,1,1781827599
2026-06-19T00:10:51Z,923,2,1,17,0,0,1,1,1,1781827084
2026-06-19T00:10:51Z,924,0,0,20,1,0,1,1,1,1781826379
2026-06-19T00:10:51Z,925,15,4,6,0,0,1,1,1,1781827575
2026-06-19T00:10:51Z,926,11,1,9,1,0,1,1,1,1781827150
2026-06-19T00:10:51Z,927,18,4,17,0,0,1,1,1,1781827840
2026-06-19T00:10:51Z,928,7,0,12,0,0,1,1,1,1781827700
2026-06-19T00:10:51Z,929,3,1,18,1,1,1,1,1,1781827811
2026-06-19T00:10:51Z,930,6,2,25,0,0,1,1,1,1781826487
2026-06-19T00:10:51Z,931,0,0,23,0,0,1,1,1,1781827373
2026-06-19T00:10:51Z,932,0,0,19,0,0,1,1,1,1781827348
2026-06-19T00:10:51Z,933,6,0,17,0,0,1,1,1,1781826900
2026-06-19T00:10:51Z,934,6,0,25,0,0,1,1,1,1781827523
2026-06-19T00:10:51Z,935,4,0,14,1,0,1,1,1,1781827116
2026-06-19T00:10:51Z,936,1,0,18,0,0,1,1,1,1781827419
2026-06-19T00:10:51Z,940,9,0,2,0,0,1,1,1,1781827535
2026-06-19T00:10:51Z,941,13,2,12,0,0,1,1,1,1781827354
2026-06-19T00:10:51Z,942,10,1,11,0,0,1,1,1,1781827485
2026-06-19T00:10:51Z,943,7,7,7,1,0,1,1,1,1781827053
2026-06-19T00:10:51Z,944,4,4,10,1,0,1,1,1,1781813579
2026-06-19T00:10:51Z,945,6,4,8,1,0,1,1,1,1781827296
2026-06-19T00:10:51Z,946,12,9,7,0,0,1,1,1,1781826409
2026-06-19T00:10:51Z,947,6,5,11,0,0,1,1,1,1781826463
2026-06-19T00:10:51Z,948,3,1,27,1,0,1,1,1,1781827785
2026-06-19T00:10:51Z,949,0,0,15,0,0,1,1,1,1781826933
2026-06-19T00:10:51Z,950,6,1,11,0,0,1,1,1,1781827456
2026-06-19T00:10:51Z,951,4,0,19,0,0,1,1,1,1781827364
2026-06-19T00:10:51Z,952,3,2,51,1,0,1,1,1,1781827297
2026-06-19T00:10:51Z,953,8,3,5,2,0,1,1,1,1781827713
2026-06-19T00:10:51Z,954,12,0,7,0,0,1,1,1,1781826544
2026-06-19T00:10:51Z,955,11,0,12,4,0,1,1,1,1781827464
2026-06-19T00:10:51Z,956,14,0,4,1,0,1,1,1,1781827834
2026-06-19T00:10:51Z,957,23,0,6,0,0,1,1,1,1781827824
2026-06-19T00:10:51Z,958,5,1,24,2,0,1,1,1,1781827810
2026-06-19T00:10:51Z,959,16,1,4,3,0,1,1,1,1781827492
2026-06-19T00:10:51Z,960,17,8,4,2,0,1,1,1,1781827756
2026-06-19T00:10:51Z,961,6,5,17,0,0,1,1,1,1781826477
2026-06-19T00:10:51Z,962,15,3,15,5,0,1,1,1,1781827484
2026-06-19T00:10:51Z,963,11,0,12,0,0,1,1,1,1781827598
2026-06-19T00:10:51Z,964,22,4,0,1,0,1,1,1,1781827017
2026-06-19T00:10:51Z,965,4,4,20,3,0,1,1,1,1781827546
2026-06-19T00:10:51Z,966,29,3,1,1,0,1,1,1,1781827353
2026-06-19T00:10:51Z,967,3,0,17,1,0,1,1,1,1781827267
2026-06-19T00:10:51Z,968,14,0,5,0,0,1,1,1,1781827308
2026-06-19T00:10:51Z,969,22,10,4,1,0,1,1,1,1781827255
2026-06-19T00:10:51Z,970,6,2,12,1,0,1,1,1,1781827303
2026-06-19T00:10:51Z,971,15,1,8,0,0,1,1,1,1781827411
2026-06-19T00:10:51Z,972,10,4,13,0,0,1,1,1,1781826877
2026-06-19T00:10:51Z,973,2,1,18,3,0,1,1,1,1781827305
2026-06-19T00:10:51Z,974,15,0,12,0,0,1,1,1,1781827834
2026-06-19T00:10:51Z,977,9,0,12,0,0,1,1,1,1781827119
2026-06-19T00:10:51Z,978,10,7,12,1,0,1,1,1,1781826140
2026-06-19T00:10:51Z,979,1,0,15,1,0,1,1,1,1781827779
2026-06-19T00:10:51Z,980,10,0,11,0,0,1,1,1,1781827502
2026-06-19T00:10:51Z,981,4,0,16,1,0,1,1,1,1781827548
2026-06-19T00:10:51Z,982,7,0,11,1,0,1,1,1,1781826470
2026-06-19T00:10:51Z,983,3,3,20,0,0,1,1,1,1781827300
2026-06-19T00:10:51Z,984,13,0,10,0,0,1,1,1,1781827562
2026-06-19T00:10:51Z,985,3,1,28,0,0,1,1,1,1781827804
2026-06-19T00:10:51Z,986,12,3,7,0,0,1,1,1,1781827435
2026-06-19T00:10:51Z,987,1,0,22,0,0,1,1,1,1781826655
2026-06-19T00:10:51Z,988,9,0,7,3,0,1,1,1,1781827272
2026-06-19T00:10:51Z,989,10,7,7,2,0,1,1,1,1781827421
2026-06-19T00:10:51Z,990,9,2,6,0,0,1,1,1,1781826942
2026-06-19T00:10:51Z,991,12,4,7,0,0,1,1,1,1781827754
2026-06-19T00:10:51Z,992,2,1,21,0,0,1,1,1,1781827758
2026-06-19T00:10:51Z,993,14,3,13,0,0,1,1,1,1781827730
2026-06-19T00:10:51Z,994,1,1,20,0,0,1,1,1,1781824069
2026-06-19T00:10:51Z,995,15,5,11,1,0,1,1,1,1781826666
2026-06-19T00:10:51Z,996,11,5,12,0,0,1,1,1,1781827548
2026-06-19T00:10:51Z,997,15,7,7,1,0,1,1,1,1781826269
2026-06-19T00:10:51Z,998,2,1,21,0,0,1,1,1,1781826297
2026-06-19T00:10:51Z,999,12,2,7,2,0,1,1,1,1781827785
2026-06-19T00:10:51Z,1000,10,4,10,1,0,1,1,1,1781826928
2026-06-19T00:10:51Z,1001,5,0,22,0,0,1,1,1,1781827254
2026-06-19T00:10:51Z,1002,15,2,16,0,0,1,1,1,1781826230
2026-06-19T00:10:51Z,1003,8,1,15,0,0,1,1,1,1781827111
2026-06-19T00:10:51Z,1004,12,1,10,1,0,1,1,1,1781826593
2026-06-19T00:10:51Z,1005,11,0,11,1,0,1,1,1,1781827780
2026-06-19T00:10:51Z,1006,12,4,7,0,0,1,1,1,1781826129
2026-06-19T00:10:51Z,1007,9,4,12,0,0,1,1,1,1781826966
2026-06-19T00:10:51Z,1008,16,3,7,0,0,1,1,1,1781827800
2026-06-19T00:10:51Z,1009,11,3,20,0,0,1,1,1,1781826873
2026-06-19T00:10:51Z,1010,12,2,15,0,0,1,1,1,1781826560
2026-06-19T00:10:51Z,1011,7,5,12,0,0,1,1,1,1781827721
2026-06-19T00:10:51Z,1012,4,3,17,2,0,1,1,1,1781827119
2026-06-19T00:10:51Z,1013,6,0,15,2,0,1,1,1,1781827712
2026-06-19T00:10:51Z,1014,12,1,11,0,0,1,1,1,1781827618
2026-06-19T00:10:51Z,1015,4,2,26,1,0,1,1,1,1781826755
2026-06-19T00:10:51Z,1016,14,3,16,1,0,1,1,1,1781827126
2026-06-19T00:10:51Z,1017,11,1,9,1,0,1,1,1,1781826584
2026-06-19T00:10:51Z,1018,7,2,13,1,0,1,1,1,1781827008
2026-06-19T00:10:51Z,1019,12,6,2,1,0,1,1,1,1781827233
2026-06-19T00:10:51Z,1020,17,4,3,1,0,1,1,1,1781826086
2026-06-19T00:10:51Z,1021,3,1,12,0,0,1,1,1,1781826506
2026-06-19T00:10:51Z,1022,10,1,16,1,0,1,1,1,1781826438
2026-06-19T00:10:51Z,1023,7,0,16,0,0,1,1,1,1781826470
2026-06-19T00:10:51Z,1024,10,6,9,0,0,1,1,1,1781827148
2026-06-19T00:10:51Z,1025,15,0,4,0,0,1,1,1,1781827248
2026-06-19T00:10:51Z,1026,6,4,24,1,0,1,1,1,1781826775
2026-06-19T00:10:51Z,1028,12,1,11,0,0,1,1,1,1781826076
2026-06-19T00:10:51Z,1029,10,6,2,3,0,1,1,1,1781827630
2026-06-19T00:10:51Z,1030,9,3,14,0,0,1,1,1,1781826046
2026-06-19T00:10:51Z,1031,4,2,15,0,0,1,1,1,1781827032
2026-06-19T00:10:51Z,1032,9,1,10,0,0,1,1,1,1781827426
2026-06-19T00:10:51Z,1033,14,9,5,0,0,1,1,1,1781826710
2026-06-19T00:10:51Z,1034,1,0,14,0,0,1,1,1,1781826927
2026-06-19T00:10:51Z,1035,3,0,16,0,0,1,1,1,1781827258
2026-06-19T00:10:51Z,1036,14,2,1,0,0,1,1,1,1781826031
2026-06-19T00:10:51Z,1037,7,0,12,0,0,1,1,1,1781827638
2026-06-19T00:10:51Z,1038,5,0,10,0,0,1,1,1,1781827252
2026-06-19T00:10:51Z,1039,6,2,13,0,0,1,1,1,1781827293
2026-06-19T00:10:51Z,1040,13,4,6,0,0,1,1,1,1781827743
2026-06-19T00:10:51Z,1041,4,0,14,1,0,1,1,1,1781827827
2026-06-19T00:10:51Z,1042,7,0,8,0,0,1,1,1,1781826989
2026-06-19T00:10:51Z,1043,7,6,12,0,0,1,1,1,1781827704
2026-06-19T00:10:51Z,1044,2,1,13,0,0,1,1,1,1781826570
2026-06-19T00:10:51Z,1045,2,0,17,0,0,1,1,1,1781827254
2026-06-19T00:10:51Z,1046,9,1,3,3,0,1,1,1,1781827018
2026-06-19T00:10:51Z,1047,7,2,13,1,0,1,1,1,1781826752
2026-06-19T00:10:51Z,1048,14,1,5,0,0,1,1,1,1781827309
2026-06-19T00:10:51Z,1049,5,0,16,0,0,1,1,1,1781826760
2026-06-19T00:10:51Z,1050,5,0,15,1,0,1,1,1,1781827478
2026-06-19T00:10:51Z,1051,4,0,17,0,0,1,1,1,1781826475
2026-06-19T00:10:51Z,1052,3,0,18,1,0,1,1,1,1781827147
2026-06-19T00:10:51Z,1053,1,1,14,0,0,1,1,1,1781827260
2026-06-19T00:10:51Z,1054,8,5,7,0,0,1,1,1,1781827325
2026-06-19T00:10:51Z,1055,2,0,17,0,0,1,1,1,1781826470
2026-06-19T00:10:51Z,1057,15,1,4,0,0,1,1,1,1781827442
2026-06-19T00:10:51Z,1058,13,0,43,0,0,1,1,1,1781827830
2026-06-19T00:10:51Z,1059,0,0,18,1,0,1,1,1,1781826758
2026-06-19T00:10:51Z,1060,35,4,1,0,0,1,1,1,1781827523
2026-06-19T00:10:51Z,1061,1,0,36,0,0,1,1,1,1781826290
2026-06-19T00:10:51Z,1062,1,0,16,0,0,1,1,1,1781827448
2026-06-19T00:10:51Z,1063,14,3,4,1,0,1,1,1,1781827544
2026-06-19T00:10:51Z,1064,7,3,16,0,0,1,1,1,1781827715
2026-06-19T00:10:51Z,1065,11,4,12,0,0,1,1,1,1781827729
2026-06-19T00:10:51Z,1066,5,0,18,0,0,1,1,1,1781826383
2026-06-19T00:10:51Z,1067,12,0,10,1,0,1,1,1,1781826418
2026-06-19T00:10:51Z,1068,12,3,11,0,0,1,1,1,1781826163
2026-06-19T00:10:51Z,1069,4,1,19,0,0,1,1,1,1781826973
2026-06-19T00:10:51Z,1070,10,0,13,0,0,1,1,1,1781826032
2026-06-19T00:10:51Z,1071,9,2,14,0,0,1,1,1,1781827670
2026-06-19T00:10:51Z,1072,9,1,13,1,0,1,1,1,1781826185
2026-06-19T00:10:51Z,1073,22,2,5,0,0,1,1,1,1781827679
2026-06-19T00:10:51Z,1074,18,0,35,0,0,1,1,1,1781827776
2026-06-19T00:10:51Z,1075,12,7,7,2,0,1,1,1,1781827771
2026-06-19T00:10:51Z,1076,13,10,8,0,0,1,1,1,1781826740
2026-06-19T00:10:51Z,1077,13,10,8,0,0,1,1,1,1781827746
2026-06-19T00:10:51Z,1078,9,6,12,0,0,1,1,1,1781826533
2026-06-19T00:10:51Z,1079,9,7,12,0,0,1,1,1,1781826206
2026-06-19T00:10:51Z,1080,11,8,10,0,0,1,1,1,1781827817
2026-06-19T00:10:51Z,1081,13,8,6,0,0,1,1,1,1781826167
2026-06-19T00:10:51Z,1082,14,11,9,0,0,1,1,1,1781826385
2026-06-19T00:10:51Z,1083,11,8,10,0,0,1,1,1,1781827764
2026-06-19T00:10:51Z,1084,8,7,13,0,0,1,1,1,1781826041
2026-06-19T00:10:51Z,1085,14,11,7,0,0,1,1,1,1781827749
2026-06-19T00:10:51Z,1086,14,13,7,0,0,1,1,1,1781827675
2026-06-19T00:10:51Z,1087,6,6,9,0,0,1,1,1,1781827641
2026-06-19T00:10:51Z,1088,8,5,7,0,0,1,1,1,1781826718
2026-06-19T00:10:51Z,1089,7,7,8,0,0,1,1,1,1781826251
2026-06-19T00:10:51Z,1090,12,11,3,0,0,1,1,1,1781826288
2026-06-19T00:10:51Z,1091,10,8,5,0,0,1,1,1,1781827175
2026-06-19T00:10:51Z,1092,7,6,8,0,0,1,1,1,1781826112
2026-06-19T00:10:51Z,1093,7,6,8,0,0,1,1,1,1781827682
2026-06-19T00:10:51Z,1094,12,10,7,0,0,1,1,1,1781826747
2026-06-19T00:10:51Z,1095,7,6,8,0,0,1,1,1,1781827469
2026-06-19T00:10:51Z,1096,9,7,10,0,0,1,1,1,1781827060
2026-06-19T00:10:51Z,1097,9,7,6,0,0,1,1,1,1781826240
2026-06-19T00:10:51Z,1098,7,7,12,0,0,1,1,1,1781826457
2026-06-19T00:10:51Z,1099,6,6,9,0,0,1,1,1,1781827772
2026-06-19T00:10:51Z,1100,10,5,14,5,0,1,1,1,1781827659
2026-06-19T00:10:51Z,1101,11,5,10,0,0,1,1,1,1781826933
2026-06-19T00:10:51Z,1102,11,6,2,0,0,1,1,1,1781827777
2026-06-19T00:10:51Z,1103,10,6,10,1,0,1,1,1,1781826408
2026-06-19T00:10:51Z,1104,11,6,10,0,0,1,1,1,1781826922
2026-06-19T00:10:51Z,1105,8,4,5,0,0,1,1,1,1781827606
2026-06-19T00:10:51Z,1106,8,4,12,1,0,1,1,1,1781827207
2026-06-19T00:10:51Z,1107,10,5,5,0,0,1,1,1,1781827011
2026-06-19T00:10:51Z,1108,9,4,18,0,0,1,1,1,1781826881
2026-06-19T00:10:51Z,1109,10,5,5,0,0,1,1,1,1781827295
2026-06-19T00:10:51Z,1110,12,3,8,1,0,1,1,1,1781827484
2026-06-19T00:10:51Z,1111,11,5,10,0,0,1,1,1,1781827282
2026-06-19T00:10:51Z,1112,30,4,22,1,0,1,1,1,1781827597
2026-06-19T00:10:51Z,1113,3,1,18,0,0,1,1,1,1781826746
2026-06-19T00:10:51Z,1115,6,1,17,0,0,1,1,1,1781826056
2026-06-19T00:10:51Z,1116,3,3,16,0,0,1,1,1,1781827176
2026-06-19T00:10:51Z,1117,2,0,20,1,0,1,1,1,1781827833
2026-06-19T00:10:51Z,1118,17,0,4,0,0,1,1,1,1781827639
2026-06-19T00:10:51Z,1119,17,3,0,0,0,1,1,1,1781827705
2026-06-19T00:10:51Z,1120,12,4,7,0,0,1,1,1,1781827263
2026-06-19T00:10:51Z,1121,5,0,16,0,0,1,1,1,1781826514
2026-06-19T00:10:51Z,1122,6,1,14,1,0,1,1,1,1781826486
2026-06-19T00:10:51Z,1123,1,1,22,0,0,1,1,1,1781827532
2026-06-19T00:10:51Z,1124,9,1,5,1,0,1,1,1,1781827060
2026-06-19T00:10:51Z,1125,5,1,18,0,0,1,1,1,1781827577
2026-06-19T00:10:51Z,1126,7,1,13,0,1,1,1,1,1781826815
2026-06-19T00:10:51Z,1127,13,1,6,0,0,1,1,1,1781827562
2026-06-19T00:10:51Z,1128,10,3,5,0,0,1,1,1,1781826843
2026-06-19T00:10:51Z,1129,3,1,18,0,0,1,1,1,1781827770
2026-06-19T00:10:51Z,1130,3,0,10,2,0,1,1,1,1781827378
2026-06-19T00:10:51Z,1131,12,0,37,0,0,1,1,1,1781827786
2026-06-19T00:10:51Z,1132,5,1,15,1,0,1,1,1,1781827481
2026-06-19T00:10:51Z,1133,7,3,13,1,0,1,1,1,1781827663
2026-06-19T00:10:51Z,1134,10,5,9,0,0,1,1,1,1781827724
2026-06-19T00:10:51Z,1135,10,5,11,0,0,1,1,1,1781827167
2026-06-19T00:10:51Z,1136,5,0,18,0,0,1,1,1,1781827735
2026-06-19T00:10:51Z,1137,9,7,6,0,0,1,1,1,1781826945
2026-06-19T00:10:51Z,1138,1,0,18,0,0,1,1,1,1781826811
2026-06-19T00:10:51Z,1139,11,1,10,0,0,1,1,1,1781824241
2026-06-19T00:10:51Z,1140,17,3,4,2,0,1,1,1,1781827621
2026-06-19T00:10:51Z,1141,6,2,14,1,0,1,1,1,1781827581
2026-06-19T00:10:51Z,1142,2,0,19,0,0,1,1,1,1781827523
2026-06-19T00:10:51Z,1143,14,0,15,0,0,1,1,1,1781827216
2026-06-19T00:10:51Z,1144,7,0,14,0,0,1,1,1,1781826655
2026-06-19T00:10:51Z,1145,10,5,11,0,0,1,1,1,1781826963
2026-06-19T00:10:51Z,1146,7,1,12,0,0,1,1,1,1781827689
2026-06-19T00:10:51Z,1147,9,2,10,0,0,1,1,1,1781827151
2026-06-19T00:10:51Z,1148,19,0,12,0,0,1,1,1,1781827685
2026-06-19T00:10:51Z,1149,22,7,3,0,0,1,1,1,1781826772
2026-06-19T00:10:51Z,1150,11,0,8,0,0,1,1,1,1781827158
2026-06-19T00:10:51Z,1151,16,0,5,0,0,1,1,1,1781827418
2026-06-19T00:10:51Z,1152,11,0,18,0,0,1,1,1,1781827796
2026-06-19T00:10:51Z,1153,4,1,19,0,0,1,1,1,1781827837
2026-06-19T00:10:51Z,1154,12,1,4,3,0,1,1,1,1781827041
2026-06-19T00:10:51Z,1155,13,1,6,2,0,1,1,1,1781826867
2026-06-19T00:10:51Z,1158,10,1,9,0,0,1,1,1,1781827257
2026-06-19T00:10:51Z,1159,11,1,8,0,0,1,1,1,1781827725
2026-06-19T00:10:51Z,1160,5,0,14,0,0,1,1,1,1781827527
2026-06-19T00:10:51Z,1161,3,1,16,0,0,1,1,1,1781827574
2026-06-19T00:10:51Z,1162,9,0,10,0,0,1,1,1,1781826765
2026-06-19T00:10:51Z,1163,2,1,17,0,0,1,1,1,1781826986
2026-06-19T00:10:51Z,1164,7,1,11,1,0,1,1,1,1781827385
2026-06-19T00:10:51Z,1165,3,0,18,0,0,1,1,1,1781827728
2026-06-19T00:10:51Z,1166,2,0,18,1,0,1,1,1,1781827234
2026-06-19T00:10:51Z,1167,4,0,11,0,0,1,1,1,1781827221
2026-06-19T00:10:51Z,1168,4,0,19,0,0,1,1,1,1781826044
2026-06-19T00:10:51Z,1169,12,11,7,0,0,1,1,1,1781826355
2026-06-19T00:10:51Z,1170,3,0,18,0,0,1,1,1,1781826561
2026-06-19T00:10:51Z,1171,14,5,9,0,0,1,1,1,1781826819
2026-06-19T00:10:51Z,1172,8,0,7,0,0,1,1,1,1781827019
2026-06-19T00:10:51Z,1173,9,3,10,0,0,1,1,1,1781827343
2026-06-19T00:10:51Z,1174,5,4,10,0,0,1,1,1,1781826966
2026-06-19T00:10:51Z,1175,8,4,11,0,0,1,1,1,1781826831
2026-06-19T00:10:51Z,1176,15,0,5,1,0,1,1,1,1781827725
2026-06-19T00:10:51Z,1177,7,0,14,0,0,1,1,1,1781826488
2026-06-19T00:10:51Z,1178,4,1,11,0,0,1,1,1,1781827151
2026-06-19T00:10:51Z,1181,3,0,12,0,0,1,1,1,1781827547
2026-06-19T00:10:51Z,1182,14,1,6,0,0,1,1,1,1781827462
2026-06-19T00:10:51Z,1183,16,1,21,0,0,1,1,1,1781827334
2026-06-19T00:10:51Z,1184,6,6,13,2,0,1,1,1,1781827746
2026-06-19T00:10:51Z,1185,12,6,9,0,0,1,1,1,1781826826
2026-06-19T00:10:51Z,1186,10,5,9,0,0,1,1,1,1781827210
2026-06-19T00:10:51Z,1190,10,5,11,0,0,1,1,1,1781827262
2026-06-19T00:10:51Z,1192,11,6,10,0,0,1,1,1,1781827191
2026-06-19T00:10:51Z,1193,6,4,7,0,0,1,1,1,1781827241
2026-06-19T00:10:51Z,1197,9,6,8,0,0,1,1,1,1781826665
2026-06-19T00:10:51Z,1198,10,7,11,0,0,1,1,1,1781826574
2026-06-19T00:10:51Z,1199,9,6,9,1,0,1,1,1,1781826039
2026-06-19T00:10:51Z,1222,0,0,0,0,0,0,1,1,86400
2026-06-19T00:10:51Z,1223,0,0,0,0,0,0,1,1,86400
2026-06-19T00:15:51Z,1,4,0,19,0,0,1,1,1,1781828080
2026-06-19T00:15:51Z,2,21,2,5,1,0,1,1,1,1781826804
2026-06-19T00:15:51Z,3,19,4,0,0,0,1,1,1,1781828108
2026-06-19T00:15:51Z,4,2,0,21,0,0,1,1,1,1781827767
2026-06-19T00:15:51Z,5,4,1,18,1,0,1,1,1,1781827964
2026-06-19T00:15:51Z,6,7,0,8,0,0,1,1,1,1781828050
2026-06-19T00:15:51Z,7,9,1,14,0,0,1,1,1,1781828064
2026-06-19T00:15:51Z,8,15,0,28,0,0,1,1,1,1781828087
2026-06-19T00:15:51Z,9,20,2,3,0,0,1,1,1,1781827888
2026-06-19T00:15:51Z,10,12,6,9,2,0,1,1,1,1781828142
2026-06-19T00:15:51Z,11,19,4,0,0,0,1,1,1,1781826886
2026-06-19T00:15:51Z,12,14,1,9,0,0,1,1,1,1781827567
2026-06-19T00:15:51Z,13,18,2,13,0,0,1,1,1,1781828143
2026-06-19T00:15:51Z,14,36,1,7,0,0,1,1,1,1781828103
2026-06-19T00:15:51Z,15,12,0,2,1,0,1,1,1,1781827949
2026-06-19T00:15:51Z,16,14,3,12,1,0,1,1,1,1781824387
2026-06-19T00:15:51Z,17,8,1,18,1,0,1,1,1,1781828082
2026-06-19T00:15:51Z,18,14,1,5,0,0,1,1,1,1781828129
2026-06-19T00:15:51Z,19,16,0,11,0,0,1,1,1,1781827704
2026-06-19T00:15:51Z,20,12,0,15,0,0,1,1,1,1781827431
2026-06-19T00:15:51Z,21,2,0,16,1,0,1,1,1,1781828001
2026-06-19T00:15:51Z,22,15,0,51,0,0,1,1,1,1781827810
2026-06-19T00:15:51Z,23,10,1,21,0,0,1,1,1,1781827755
2026-06-19T00:15:51Z,24,7,0,2,2,0,1,1,1,1781828133
2026-06-19T00:15:51Z,25,47,0,32,2,0,1,1,1,1781827686
2026-06-19T00:15:51Z,26,0,0,27,0,0,1,1,1,1781827614
2026-06-19T00:15:51Z,28,6,0,7,2,0,1,1,1,1781827903
2026-06-19T00:15:51Z,30,8,0,20,1,0,1,1,1,1781827523
2026-06-19T00:15:51Z,31,10,0,9,0,0,1,1,1,1781828033
2026-06-19T00:15:51Z,32,26,1,1,0,0,1,1,1,1781828085
2026-06-19T00:15:51Z,34,21,0,15,1,0,1,1,1,1781826369
2026-06-19T00:15:51Z,35,22,0,24,1,0,1,1,1,1781828081
2026-06-19T00:15:51Z,36,0,0,0,0,0,0,1,1,86400
2026-06-19T00:15:51Z,37,18,1,3,2,0,1,1,1,1781827921
2026-06-19T00:15:51Z,38,10,0,13,0,0,1,1,1,1781827155
2026-06-19T00:15:51Z,39,29,3,2,0,0,1,1,1,1781827701
2026-06-19T00:15:51Z,40,3,0,18,0,0,1,1,1,1781827941
2026-06-19T00:15:51Z,41,4,0,22,1,0,1,1,1,1781826798
2026-06-19T00:15:51Z,42,23,0,8,0,0,1,1,1,1781827468
2026-06-19T00:15:51Z,43,22,6,0,1,0,1,1,1,1781828073
2026-06-19T00:15:51Z,45,0,0,31,0,0,1,1,1,1781827713
2026-06-19T00:15:51Z,46,2,0,29,0,0,1,1,1,1781828135
2026-06-19T00:15:51Z,47,6,3,8,1,0,1,1,1,1781828001
2026-06-19T00:15:51Z,48,21,0,6,0,0,1,1,1,1781827984
2026-06-19T00:15:51Z,49,2,0,18,3,0,1,1,1,1781828136
2026-06-19T00:15:51Z,50,1,1,17,1,0,1,1,1,1781826287
2026-06-19T00:15:51Z,51,22,0,57,0,0,1,1,1,1781823093
2026-06-19T00:15:51Z,52,26,2,0,1,0,1,1,1,1781828133
2026-06-19T00:15:51Z,55,0,0,22,1,0,1,1,1,1781827916
2026-06-19T00:15:51Z,56,7,0,19,1,0,1,1,1,1781827959
2026-06-19T00:15:51Z,57,7,0,18,2,0,1,1,1,1781828107
2026-06-19T00:15:51Z,58,5,4,23,0,0,1,1,1,1781827629
2026-06-19T00:15:51Z,59,7,0,18,2,0,1,1,1,1781828140
2026-06-19T00:15:51Z,61,11,0,27,1,0,1,1,1,1781828131
2026-06-19T00:15:51Z,62,29,4,20,0,0,1,1,1,1781828116
2026-06-19T00:15:51Z,63,4,0,15,0,0,1,1,1,1781826811
2026-06-19T00:15:51Z,64,14,1,2,3,0,1,1,1,1781815477
2026-06-19T00:15:51Z,65,6,4,11,2,0,1,1,1,1781827882
2026-06-19T00:15:51Z,67,2,0,37,0,0,1,1,1,1781828028
2026-06-19T00:15:51Z,68,13,0,23,0,0,1,1,1,1781827798
2026-06-19T00:15:51Z,69,6,0,9,0,0,1,1,1,1781827854
2026-06-19T00:15:51Z,71,8,0,19,0,0,1,1,1,1781828125
2026-06-19T00:15:51Z,72,15,8,14,2,0,1,1,1,1781828139
2026-06-19T00:15:51Z,73,1,0,22,0,0,1,1,1,1781828034
2026-06-19T00:15:51Z,74,6,2,12,0,1,1,1,1,1781827947
2026-06-19T00:15:51Z,75,9,0,26,0,0,1,1,1,1781826881
2026-06-19T00:15:51Z,76,4,0,14,1,0,1,1,1,1781827857
2026-06-19T00:15:51Z,77,10,0,16,1,0,1,1,1,1781827947
2026-06-19T00:15:51Z,78,13,1,10,0,0,1,1,1,1781827851
2026-06-19T00:15:51Z,79,7,3,10,0,0,1,1,1,1781827879
2026-06-19T00:15:51Z,80,7,2,15,0,1,1,1,1,1781827998
2026-06-19T00:15:51Z,81,7,1,15,1,0,1,1,1,1781828091
2026-06-19T00:15:51Z,82,21,5,1,1,0,1,1,1,1781827505
2026-06-19T00:15:51Z,83,31,0,2,1,0,1,1,1,1781828098
2026-06-19T00:15:51Z,84,26,4,1,0,0,1,1,1,1781827951
2026-06-19T00:15:51Z,85,5,1,14,0,0,1,1,1,1781827530
2026-06-19T00:15:51Z,86,19,2,8,0,0,1,1,1,1781827661
2026-06-19T00:15:51Z,87,3,0,16,0,0,1,1,1,1781827527
2026-06-19T00:15:51Z,88,24,0,3,4,0,1,1,1,1781828090
2026-06-19T00:15:51Z,89,35,3,0,0,0,1,1,1,1781820365
2026-06-19T00:15:51Z,90,8,0,8,3,0,1,1,1,1781827853
2026-06-19T00:15:51Z,91,6,0,10,1,0,1,1,1,1781828114
2026-06-19T00:15:51Z,92,5,2,13,1,0,1,1,1,1781828106
2026-06-19T00:15:51Z,93,3,0,20,0,0,1,1,1,1781828102
2026-06-19T00:15:51Z,94,1,0,18,0,0,1,1,1,1781826206
2026-06-19T00:15:51Z,95,4,0,27,3,0,1,1,1,1781828136
2026-06-19T00:15:51Z,96,25,3,4,2,0,1,1,1,1781827931
2026-06-19T00:15:51Z,97,5,0,12,0,0,1,1,1,1781827704
2026-06-19T00:15:51Z,98,32,5,3,0,0,1,1,1,1781828094
2026-06-19T00:15:51Z,99,14,0,1,0,0,1,1,1,1781827930
2026-06-19T00:15:51Z,100,17,1,10,0,0,1,1,1,1781828087
2026-06-19T00:15:51Z,101,13,0,0,2,0,1,1,1,1781828039
2026-06-19T00:15:51Z,102,7,0,16,0,0,1,1,1,1781826772
2026-06-19T00:15:51Z,103,2,0,28,2,0,1,1,1,1781828015
2026-06-19T00:15:51Z,104,17,0,8,2,0,1,1,1,1781828016
2026-06-19T00:15:51Z,105,13,3,6,0,0,1,1,1,1781821907
2026-06-19T00:15:51Z,106,12,0,9,0,0,1,1,1,1781827838
2026-06-19T00:15:51Z,107,14,0,23,0,0,1,1,1,1781828121
2026-06-19T00:15:51Z,108,6,0,26,2,1,1,1,1,1781828133
2026-06-19T00:15:51Z,109,0,0,23,0,0,1,1,1,1781827449
2026-06-19T00:15:51Z,110,10,0,13,0,0,1,1,1,1781827093
2026-06-19T00:15:51Z,111,30,0,6,0,0,1,1,1,1781827642
2026-06-19T00:15:51Z,112,8,0,9,2,0,1,1,1,1781828141
2026-06-19T00:15:51Z,113,4,2,15,0,0,1,1,1,1781827805
2026-06-19T00:15:51Z,114,10,1,20,1,0,1,1,1,1781828119
2026-06-19T00:15:51Z,115,1,1,22,2,1,1,1,1,1781827979
2026-06-19T00:15:51Z,116,4,0,23,0,0,1,1,1,1781827633
2026-06-19T00:15:51Z,118,9,4,14,0,0,1,1,1,1781826953
2026-06-19T00:15:51Z,119,7,3,30,2,0,1,1,1,1781828139
2026-06-19T00:15:51Z,120,11,3,15,1,0,1,1,1,1781827667
2026-06-19T00:15:51Z,121,0,0,17,2,0,1,1,1,1781827138
2026-06-19T00:15:51Z,122,19,0,0,2,0,1,1,1,1781828008
2026-06-19T00:15:51Z,123,5,2,42,0,0,1,1,1,1781827712
2026-06-19T00:15:51Z,124,22,1,5,0,0,1,1,1,1781827994
2026-06-19T00:15:51Z,125,4,2,18,1,0,1,1,1,1781827799
2026-06-19T00:15:51Z,126,19,1,12,0,0,1,1,1,1781827140
2026-06-19T00:15:51Z,127,29,3,1,1,0,1,1,1,1781828134
2026-06-19T00:15:51Z,128,7,7,8,4,0,1,1,1,1781827728
2026-06-19T00:15:51Z,129,16,0,0,3,0,1,1,1,1781827731
2026-06-19T00:15:51Z,130,10,1,6,1,0,1,1,1,1781825829
2026-06-19T00:15:51Z,131,2,1,9,0,0,1,1,1,1781827943
2026-06-19T00:15:51Z,132,6,4,7,1,1,1,1,1,1781827986
2026-06-19T00:15:51Z,133,3,1,20,0,0,1,1,1,1781827794
2026-06-19T00:15:51Z,134,13,4,8,0,0,1,1,1,1781827853
2026-06-19T00:15:51Z,135,2,0,17,0,0,1,1,1,1781827754
2026-06-19T00:15:51Z,136,7,1,15,0,0,1,1,1,1781828108
2026-06-19T00:15:51Z,137,0,0,19,0,0,1,1,1,1781827538
2026-06-19T00:15:51Z,138,23,2,13,1,0,1,1,1,1781827503
2026-06-19T00:15:51Z,139,10,0,9,0,0,1,1,1,1781827427
2026-06-19T00:15:51Z,140,14,0,9,0,0,1,1,1,1781827875
2026-06-19T00:15:51Z,141,6,1,16,0,0,1,1,1,1781828101
2026-06-19T00:15:51Z,142,13,1,6,0,0,1,1,1,1781828074
2026-06-19T00:15:51Z,143,31,1,0,0,0,1,1,1,1781828136
2026-06-19T00:15:51Z,144,26,3,1,0,0,1,1,1,1781827255
2026-06-19T00:15:51Z,145,27,0,3,1,0,1,1,1,1781827178
2026-06-19T00:15:51Z,146,18,1,5,0,0,1,1,1,1781828039
2026-06-19T00:15:51Z,147,1,1,17,1,0,1,1,1,1781824342
2026-06-19T00:15:51Z,148,3,0,24,0,0,1,1,1,1781828051
2026-06-19T00:15:51Z,149,11,3,8,0,0,1,1,1,1781827508
2026-06-19T00:15:51Z,150,34,2,0,1,0,1,1,1,1781828073
2026-06-19T00:15:51Z,151,17,0,6,0,0,1,1,1,1781828084
2026-06-19T00:15:51Z,152,21,3,4,2,0,1,1,1,1781827467
2026-06-19T00:15:51Z,153,19,0,1,3,0,1,1,1,1781827911
2026-06-19T00:15:51Z,154,11,3,10,2,0,1,1,1,1781828080
2026-06-19T00:15:51Z,155,0,0,12,2,0,1,1,1,1781824143
2026-06-19T00:15:51Z,156,5,1,14,0,0,1,1,1,1781828018
2026-06-19T00:15:51Z,157,24,2,3,0,0,1,1,1,1781827961
2026-06-19T00:15:51Z,158,17,3,2,0,0,1,1,1,1781827878
2026-06-19T00:15:51Z,159,15,2,3,1,0,1,1,1,1781828139
2026-06-19T00:15:51Z,160,17,1,0,2,0,1,1,1,1781828132
2026-06-19T00:15:51Z,161,15,1,3,3,1,1,1,1,1781828133
2026-06-19T00:15:51Z,162,8,0,18,1,0,1,1,1,1781827436
2026-06-19T00:15:51Z,163,13,1,17,1,0,1,1,1,1781827855
2026-06-19T00:15:51Z,164,21,0,5,1,0,1,1,1,1781827965
2026-06-19T00:15:51Z,165,24,5,6,1,0,1,1,1,1781828088
2026-06-19T00:15:51Z,166,20,6,18,0,0,1,1,1,1781827938
2026-06-19T00:15:51Z,167,7,2,15,0,1,1,1,1,1781828030
2026-06-19T00:15:51Z,168,9,1,17,0,1,1,1,1,1781827986
2026-06-19T00:15:51Z,169,8,1,15,0,0,1,1,1,1781828036
2026-06-19T00:15:51Z,170,7,1,11,1,0,1,1,1,1781827288
2026-06-19T00:15:51Z,171,6,2,7,0,0,1,1,1,1781827991
2026-06-19T00:15:51Z,173,12,1,25,0,0,1,1,1,1781827909
2026-06-19T00:15:51Z,174,25,5,0,0,0,1,1,1,1781827982
2026-06-19T00:15:51Z,175,30,0,1,0,0,1,1,1,1781827933
2026-06-19T00:15:51Z,176,7,1,6,1,1,1,1,1,1781828050
2026-06-19T00:15:51Z,177,27,2,0,0,0,1,1,1,1781827810
2026-06-19T00:15:51Z,178,8,2,2,5,0,1,1,1,1781828143
2026-06-19T00:15:51Z,179,14,2,1,0,0,1,1,1,1781827703
2026-06-19T00:15:51Z,180,8,0,21,1,0,1,1,1,1781825902
2026-06-19T00:15:51Z,181,2,0,12,0,1,1,1,1,1781828126
2026-06-19T00:15:51Z,182,1,1,17,1,0,1,1,1,1781826785
2026-06-19T00:15:51Z,183,14,1,7,2,0,1,1,1,1781828084
2026-06-19T00:15:51Z,184,8,0,13,2,0,1,1,1,1781828001
2026-06-19T00:15:51Z,185,7,0,4,3,1,1,1,1,1781825259
2026-06-19T00:15:51Z,186,4,2,15,0,0,1,1,1,1781827907
2026-06-19T00:15:51Z,187,0,0,28,1,0,1,1,1,1781827908
2026-06-19T00:15:51Z,188,20,5,6,1,0,1,1,1,1781827466
2026-06-19T00:15:51Z,189,14,5,1,0,0,1,1,1,1781826099
2026-06-19T00:15:51Z,190,14,0,8,1,0,1,1,1,1781828071
2026-06-19T00:15:51Z,191,0,0,38,0,1,1,1,1,1781827964
2026-06-19T00:15:51Z,192,13,7,18,0,0,1,1,1,1781825966
2026-06-19T00:15:51Z,193,2,0,11,2,0,1,1,1,1781828074
2026-06-19T00:15:51Z,194,12,1,3,0,0,1,1,1,1781827963
2026-06-19T00:15:51Z,195,3,3,16,0,0,1,1,1,1781826391
2026-06-19T00:15:51Z,196,8,1,16,3,0,1,1,1,1781827873
2026-06-19T00:15:51Z,197,17,0,2,0,0,1,1,1,1781827893
2026-06-19T00:15:51Z,198,0,0,22,0,0,1,1,1,1781827971
2026-06-19T00:15:51Z,199,2,1,12,1,0,1,1,1,1781827944
2026-06-19T00:15:51Z,200,19,3,5,2,0,1,1,1,1781827735
2026-06-19T00:15:51Z,201,13,5,9,1,0,1,1,1,1781828067
2026-06-19T00:15:51Z,202,0,0,26,0,0,1,1,1,1781827213
2026-06-19T00:15:51Z,203,25,1,6,0,0,1,1,1,1781827349
2026-06-19T00:15:51Z,204,23,3,11,1,0,1,1,1,1781827800
2026-06-19T00:15:51Z,205,27,3,0,0,0,1,1,1,1781827444
2026-06-19T00:15:51Z,206,1,1,11,2,1,1,1,1,1781828105
2026-06-19T00:15:51Z,207,20,0,1,0,0,1,1,1,1781825066
2026-06-19T00:15:51Z,208,7,1,21,1,0,1,1,1,1781828090
2026-06-19T00:15:51Z,209,28,3,2,1,0,1,1,1,1781828052
2026-06-19T00:15:51Z,210,14,4,13,0,0,1,1,1,1781827816
2026-06-19T00:15:51Z,211,18,0,4,1,0,1,1,1,1781827015
2026-06-19T00:15:51Z,212,18,5,17,0,0,1,1,1,1781828068
2026-06-19T00:15:51Z,213,20,0,3,0,0,1,1,1,1781828057
2026-06-19T00:15:51Z,214,31,13,13,3,0,1,1,1,1781827621
2026-06-19T00:15:51Z,215,22,0,1,0,0,1,1,1,1781827624
2026-06-19T00:15:51Z,216,18,5,1,0,0,1,1,1,1781828035
2026-06-19T00:15:51Z,217,29,5,0,1,0,1,1,1,1781827415
2026-06-19T00:15:51Z,218,9,2,29,1,0,1,1,1,1781828085
2026-06-19T00:15:51Z,219,16,1,10,0,0,1,1,1,1781827825
2026-06-19T00:15:51Z,220,39,1,2,2,0,1,1,1,1781828105
2026-06-19T00:15:51Z,221,6,6,7,1,0,1,1,1,1781828093
2026-06-19T00:15:51Z,222,3,2,16,0,0,1,1,1,1781828064
2026-06-19T00:15:51Z,223,15,3,18,2,0,1,1,1,1781828112
2026-06-19T00:15:51Z,224,13,9,9,0,0,1,1,1,1781828089
2026-06-19T00:15:51Z,225,3,0,15,1,0,1,1,1,1781828008
2026-06-19T00:15:51Z,226,13,13,17,0,1,1,1,1,1781828059
2026-06-19T00:15:51Z,227,7,7,19,1,0,1,1,1,1781828079
2026-06-19T00:15:51Z,228,9,1,8,2,0,1,1,1,1781827314
2026-06-19T00:15:51Z,230,1,0,22,0,0,1,1,1,1781828093
2026-06-19T00:15:51Z,232,14,3,4,1,0,1,1,1,1781827109
2026-06-19T00:15:51Z,233,24,6,7,0,0,1,1,1,1781828026
2026-06-19T00:15:51Z,234,5,3,13,1,0,1,1,1,1781827922
2026-06-19T00:15:51Z,236,17,5,1,1,0,1,1,1,1781827958
2026-06-19T00:15:51Z,237,10,0,13,0,0,1,1,1,1781827889
2026-06-19T00:15:51Z,239,18,3,8,1,0,1,1,1,1781827270
2026-06-19T00:15:51Z,241,10,3,12,1,0,1,1,1,1781827207
2026-06-19T00:15:51Z,242,6,0,14,3,0,1,1,1,1781827811
2026-06-19T00:15:51Z,243,16,9,13,2,0,1,1,1,1781827720
2026-06-19T00:15:51Z,244,11,1,16,0,0,1,1,1,1781828043
2026-06-19T00:15:51Z,245,1,0,21,1,0,1,1,1,1781827484
2026-06-19T00:15:51Z,246,2,0,21,0,0,1,1,1,1781825206
2026-06-19T00:15:51Z,247,11,5,10,2,0,1,1,1,1781827451
2026-06-19T00:15:51Z,248,2,2,18,3,0,1,1,1,1781828125
2026-06-19T00:15:51Z,249,0,0,19,0,0,1,1,1,1781827978
2026-06-19T00:15:51Z,250,4,3,23,0,0,1,1,1,1781827701
2026-06-19T00:15:51Z,251,20,8,7,0,0,1,1,1,1781828086
2026-06-19T00:15:51Z,253,3,3,16,0,0,1,1,1,1781827786
2026-06-19T00:15:51Z,254,1,1,35,7,0,1,1,1,1781827955
2026-06-19T00:15:51Z,255,0,0,23,0,0,1,1,1,1781823293
2026-06-19T00:15:51Z,256,1,0,20,2,0,1,1,1,1781827888
2026-06-19T00:15:51Z,257,17,4,2,0,0,1,1,1,1781827725
2026-06-19T00:15:51Z,258,7,3,8,4,0,1,1,1,1781828082
2026-06-19T00:15:51Z,259,10,0,13,0,0,1,1,1,1781826815
2026-06-19T00:15:51Z,260,15,3,2,2,0,1,1,1,1781828024
2026-06-19T00:15:51Z,261,13,0,5,1,0,1,1,1,1781827900
2026-06-19T00:15:51Z,262,19,8,1,2,1,1,1,1,1781827904
2026-06-19T00:15:51Z,263,12,7,2,1,0,1,1,1,1781827765
2026-06-19T00:15:51Z,264,12,2,7,0,0,1,1,1,1781826243
2026-06-19T00:15:51Z,265,3,0,12,0,0,1,1,1,1781826477
2026-06-19T00:15:51Z,266,8,1,10,1,0,1,1,1,1781828134
2026-06-19T00:15:51Z,267,9,2,4,2,0,1,1,1,1781823994
2026-06-19T00:15:51Z,268,13,2,7,3,0,1,1,1,1781826381
2026-06-19T00:15:51Z,269,12,7,11,0,0,1,1,1,1781825782
2026-06-19T00:15:51Z,270,0,0,27,0,0,1,1,1,1781827460
2026-06-19T00:15:51Z,271,0,0,18,1,0,1,1,1,1781820828
2026-06-19T00:15:51Z,272,15,3,7,1,0,1,1,1,1781827769
2026-06-19T00:15:51Z,273,13,3,1,1,0,1,1,1,1781827456
2026-06-19T00:15:51Z,274,11,5,7,1,0,1,1,1,1781827457
2026-06-19T00:15:51Z,275,7,0,15,1,0,1,1,1,1781827212
2026-06-19T00:15:51Z,276,13,7,10,3,1,1,1,1,1781828077
2026-06-19T00:15:51Z,277,1,1,18,4,0,1,1,1,1781827875
2026-06-19T00:15:51Z,278,5,3,25,1,0,1,1,1,1781827863
2026-06-19T00:15:51Z,279,2,1,17,0,0,1,1,1,1781827576
2026-06-19T00:15:51Z,280,9,1,20,2,0,1,1,1,1781827954
2026-06-19T00:15:51Z,281,19,2,4,0,0,1,1,1,1781827905
2026-06-19T00:15:51Z,282,4,0,12,0,0,1,1,1,1781824582
2026-06-19T00:15:51Z,283,31,1,4,0,0,1,1,1,1781827849
2026-06-19T00:15:51Z,284,23,6,11,1,0,1,1,1,1781827854
2026-06-19T00:15:51Z,285,3,1,20,0,0,1,1,1,1781826905
2026-06-19T00:15:51Z,286,9,7,13,1,0,1,1,1,1781827876
2026-06-19T00:15:51Z,287,5,1,17,1,0,1,1,1,1781828091
2026-06-19T00:15:51Z,288,9,2,10,0,0,1,1,1,1781827929
2026-06-19T00:15:51Z,289,10,10,16,1,0,1,1,1,1781828040
2026-06-19T00:15:51Z,290,0,0,36,2,1,0,1,1,1781808916
2026-06-19T00:15:51Z,291,17,0,6,0,0,1,1,1,1781828089
2026-06-19T00:15:51Z,292,12,0,11,0,0,1,1,1,1781828115
2026-06-19T00:15:51Z,293,13,3,9,1,0,1,1,1,1781827582
2026-06-19T00:15:51Z,294,20,7,0,2,0,1,1,1,1781827652
2026-06-19T00:15:51Z,297,12,0,5,2,0,1,1,1,1781828136
2026-06-19T00:15:51Z,301,5,0,13,1,0,1,1,1,1781827739
2026-06-19T00:15:51Z,302,21,1,1,1,0,1,1,1,1781827324
2026-06-19T00:15:51Z,303,2,0,17,0,0,1,1,1,1781827772
2026-06-19T00:15:51Z,304,0,0,0,0,0,0,1,1,86400
2026-06-19T00:15:51Z,305,5,0,14,0,0,1,1,1,1781826238
2026-06-19T00:15:51Z,306,3,1,29,0,0,1,1,1,1781827381
2026-06-19T00:15:51Z,307,13,1,10,0,0,1,1,1,1781827389
2026-06-19T00:15:51Z,308,12,1,5,2,0,1,1,1,1781826954
2026-06-19T00:15:51Z,309,8,2,2,3,1,1,1,1,1781828117
2026-06-19T00:15:51Z,311,3,0,12,0,0,1,1,1,1781827600
2026-06-19T00:15:51Z,312,11,5,10,2,0,1,1,1,1781827851
2026-06-19T00:15:51Z,313,6,1,9,0,0,1,1,1,1781826393
2026-06-19T00:15:51Z,314,3,0,14,2,0,1,1,1,1781828019
2026-06-19T00:15:51Z,315,16,5,15,0,0,1,1,1,1781827918
2026-06-19T00:15:51Z,316,14,0,0,1,0,1,1,1,1781827893
2026-06-19T00:15:51Z,317,9,4,20,1,1,1,1,1,1781828106
2026-06-19T00:15:51Z,318,12,1,5,0,0,1,1,1,1781824196
2026-06-19T00:15:51Z,319,14,2,11,2,0,1,1,1,1781828088
2026-06-19T00:15:51Z,320,11,2,8,0,0,1,1,1,1781825331
2026-06-19T00:15:51Z,321,9,0,10,0,0,1,1,1,1781818983
2026-06-19T00:15:51Z,322,14,1,15,0,0,1,1,1,1781827749
2026-06-19T00:15:51Z,323,5,1,13,1,0,1,1,1,1781827846
2026-06-19T00:15:51Z,324,11,4,16,0,0,1,1,1,1781827543
2026-06-19T00:15:51Z,325,3,1,22,2,0,1,1,1,1781827239
2026-06-19T00:15:51Z,327,12,0,13,0,2,1,1,1,1781827584
2026-06-19T00:15:51Z,328,3,1,20,0,0,1,1,1,1781827684
2026-06-19T00:15:51Z,329,9,2,9,1,0,1,1,1,1781826015
2026-06-19T00:15:51Z,330,18,1,4,0,0,1,1,1,1781827802
2026-06-19T00:15:51Z,331,8,0,14,1,0,1,1,1,1781827918
2026-06-19T00:15:51Z,332,12,3,7,0,0,1,1,1,1781827748
2026-06-19T00:15:51Z,333,11,4,12,0,0,1,1,1,1781827234
2026-06-19T00:15:51Z,334,9,3,13,1,0,1,1,1,1781826535
2026-06-19T00:15:51Z,335,11,1,11,0,1,1,1,1,1781826643
2026-06-19T00:15:51Z,336,13,5,6,0,0,1,1,1,1781827959
2026-06-19T00:15:51Z,337,18,4,2,3,0,1,1,1,1781827481
2026-06-19T00:15:51Z,338,8,4,11,0,0,1,1,1,1781826874
2026-06-19T00:15:51Z,339,18,14,3,2,0,1,1,1,1781828123
2026-06-19T00:15:51Z,340,7,3,7,1,0,1,1,1,1781827676
2026-06-19T00:15:51Z,341,4,4,15,0,0,1,1,1,1781828137
2026-06-19T00:15:51Z,342,6,2,8,1,0,1,1,1,1781826904
2026-06-19T00:15:51Z,343,10,7,13,0,0,1,1,1,1781828022
2026-06-19T00:15:51Z,344,3,1,20,0,0,1,1,1,1781826537
2026-06-19T00:15:51Z,345,8,1,10,1,0,1,1,1,1781828000
2026-06-19T00:15:51Z,346,3,1,20,0,0,1,1,1,1781826194
2026-06-19T00:15:51Z,347,7,0,40,0,0,1,1,1,1781828123
2026-06-19T00:15:51Z,348,1,0,22,0,0,1,1,1,1781827843
2026-06-19T00:15:51Z,349,12,1,6,1,0,1,1,1,1781827937
2026-06-19T00:15:51Z,350,9,0,17,0,1,1,1,1,1781827737
2026-06-19T00:15:51Z,351,7,0,14,2,0,1,1,1,1781828141
2026-06-19T00:15:51Z,355,15,3,8,0,0,1,1,1,1781828049
2026-06-19T00:15:51Z,356,13,0,5,1,0,1,1,1,1781827646
2026-06-19T00:15:51Z,357,13,5,6,0,0,1,1,1,1781828060
2026-06-19T00:15:51Z,358,13,3,14,0,0,1,1,1,1781827371
2026-06-19T00:15:51Z,359,9,0,16,2,0,1,1,1,1781828101
2026-06-19T00:15:51Z,360,7,3,12,0,0,1,1,1,1781824170
2026-06-19T00:15:51Z,362,13,2,5,1,0,1,1,1,1781827872
2026-06-19T00:15:51Z,363,24,1,1,0,1,1,1,1,1781827983
2026-06-19T00:15:51Z,364,12,4,6,0,1,1,1,1,1781824944
2026-06-19T00:15:51Z,365,6,0,16,1,0,1,1,1,1781827536
2026-06-19T00:15:51Z,366,16,9,6,1,0,1,1,1,1781828142
2026-06-19T00:15:51Z,367,13,4,6,0,0,1,1,1,1781826550
2026-06-19T00:15:51Z,368,12,2,11,0,0,1,1,1,1781827977
2026-06-19T00:15:51Z,370,25,6,2,0,0,1,1,1,1781827970
2026-06-19T00:15:51Z,371,7,0,10,2,0,1,1,1,1781827778
2026-06-19T00:15:51Z,372,12,2,3,0,0,1,1,1,1781827736
2026-06-19T00:15:51Z,373,8,5,18,0,0,1,1,1,1781828039
2026-06-19T00:15:51Z,374,3,2,14,0,0,1,1,1,1781827902
2026-06-19T00:15:51Z,375,24,8,2,1,0,1,1,1,1781827699
2026-06-19T00:15:51Z,376,34,12,1,4,0,1,1,1,1781827722
2026-06-19T00:15:51Z,377,25,5,0,2,0,1,1,1,1781826831
2026-06-19T00:15:51Z,378,19,1,2,3,0,1,1,1,1781828061
2026-06-19T00:15:51Z,379,3,0,24,0,0,1,1,1,1781828006
2026-06-19T00:15:51Z,380,22,2,0,1,0,1,1,1,1781822331
2026-06-19T00:15:51Z,381,17,1,6,0,0,1,1,1,1781827966
2026-06-19T00:15:51Z,383,3,1,12,0,0,1,1,1,1781827912
2026-06-19T00:15:51Z,384,11,0,6,2,0,1,1,1,1781828110
2026-06-19T00:15:51Z,385,9,2,8,1,0,1,1,1,1781828136
2026-06-19T00:15:51Z,387,16,1,7,0,0,1,1,1,1781827510
2026-06-19T00:15:51Z,388,29,1,19,0,0,1,1,1,1781827844
2026-06-19T00:15:51Z,389,7,5,8,0,0,1,1,1,1781827706
2026-06-19T00:15:51Z,390,22,2,5,0,0,1,1,1,1781827896
2026-06-19T00:15:51Z,391,10,1,4,1,0,1,1,1,1781827797
2026-06-19T00:15:51Z,392,2,1,16,1,0,1,1,1,1781825297
2026-06-19T00:15:51Z,393,2,2,9,0,0,1,1,1,1781827474
2026-06-19T00:15:51Z,394,12,2,1,4,1,1,1,1,1781828029
2026-06-19T00:15:51Z,396,1,1,39,2,0,1,1,1,1781827672
2026-06-19T00:15:51Z,397,5,0,25,1,0,1,1,1,1781825872
2026-06-19T00:15:51Z,399,14,3,4,0,1,1,1,1,1781827934
2026-06-19T00:15:51Z,400,9,0,12,2,0,1,1,1,1781826895
2026-06-19T00:15:51Z,401,22,3,9,0,0,1,1,1,1781827486
2026-06-19T00:15:51Z,403,23,4,4,3,1,1,1,1,1781827941
2026-06-19T00:15:51Z,404,22,2,0,1,0,1,1,1,1781826950
2026-06-19T00:15:51Z,406,23,2,12,0,0,1,1,1,1781827396
2026-06-19T00:15:51Z,407,10,0,24,0,0,1,1,1,1781826521
2026-06-19T00:15:51Z,408,1,0,32,0,0,1,1,1,1781827675
2026-06-19T00:15:51Z,409,1,0,21,1,0,1,1,1,1781816049
2026-06-19T00:15:51Z,413,9,4,14,0,0,1,1,1,1781827687
2026-06-19T00:15:51Z,414,10,1,4,1,0,1,1,1,1781827941
2026-06-19T00:15:51Z,417,18,8,1,0,0,1,1,1,1781828050
2026-06-19T00:15:51Z,418,1,1,13,1,0,1,1,1,1781824221
2026-06-19T00:15:51Z,419,3,0,19,1,0,1,1,1,1781828041
2026-06-19T00:15:51Z,421,4,1,15,0,0,1,1,1,1781827865
2026-06-19T00:15:51Z,422,7,1,20,0,0,1,1,1,1781827760
2026-06-19T00:15:51Z,423,12,1,10,0,1,1,1,1,1781827850
2026-06-19T00:15:51Z,424,2,1,12,1,0,1,1,1,1781827369
2026-06-19T00:15:51Z,425,14,0,7,1,0,1,1,1,1781827916
2026-06-19T00:15:51Z,426,18,0,15,4,0,1,1,1,1781827870
2026-06-19T00:15:51Z,427,9,2,5,0,1,1,1,1,1781827480
2026-06-19T00:15:51Z,428,14,0,5,0,0,1,1,1,1781827524
2026-06-19T00:15:51Z,429,22,10,0,1,0,1,1,1,1781827109
2026-06-19T00:15:51Z,430,1,1,28,2,0,1,1,1,1781827809
2026-06-19T00:15:51Z,431,7,0,21,3,2,1,1,1,1781827241
2026-06-19T00:15:51Z,432,28,6,2,1,0,1,1,1,1781827917
2026-06-19T00:15:51Z,433,7,0,16,0,0,1,1,1,1781822765
2026-06-19T00:15:51Z,437,12,5,6,1,0,1,1,1,1781828091
2026-06-19T00:15:51Z,438,0,0,17,1,1,1,1,1,1781827868
2026-06-19T00:15:51Z,439,9,2,6,0,0,1,1,1,1781826836
2026-06-19T00:15:51Z,440,13,1,2,0,0,1,1,1,1781827414
2026-06-19T00:15:51Z,441,10,6,3,2,0,1,1,1,1781827286
2026-06-19T00:15:51Z,442,3,0,15,1,0,1,1,1,1781826277
2026-06-19T00:15:51Z,443,7,0,19,1,0,1,1,1,1781819651
2026-06-19T00:15:51Z,444,6,4,17,0,0,1,1,1,1781823107
2026-06-19T00:15:51Z,445,3,3,17,3,0,1,1,1,1781817038
2026-06-19T00:15:51Z,446,6,0,15,2,0,1,1,1,1781828034
2026-06-19T00:15:51Z,447,15,3,6,2,0,1,1,1,1781810338
2026-06-19T00:15:51Z,448,4,1,10,0,1,1,1,1,1781827269
2026-06-19T00:15:51Z,452,2,2,17,0,0,1,1,1,1781826967
2026-06-19T00:15:51Z,453,15,3,0,0,0,1,1,1,1781825939
2026-06-19T00:15:51Z,454,2,1,15,1,1,1,1,1,1781827323
2026-06-19T00:15:51Z,455,7,0,31,0,1,1,1,1,1781827728
2026-06-19T00:15:51Z,456,19,1,3,1,0,1,1,1,1781828137
2026-06-19T00:15:51Z,457,1,1,24,2,0,1,1,1,1781825563
2026-06-19T00:15:51Z,458,6,1,17,0,0,1,1,1,1781825850
2026-06-19T00:15:51Z,459,8,1,7,0,0,1,1,1,1781828092
2026-06-19T00:15:51Z,460,7,0,14,2,0,1,1,1,1781828100
2026-06-19T00:15:51Z,461,2,2,15,1,1,1,1,1,1781827926
2026-06-19T00:15:51Z,462,0,0,19,2,0,1,1,1,1781828078
2026-06-19T00:15:51Z,463,8,2,9,2,0,1,1,1,1781828038
2026-06-19T00:15:51Z,464,10,0,4,0,0,1,1,1,1781825830
2026-06-19T00:15:51Z,465,1,0,14,0,0,1,1,1,1781826871
2026-06-19T00:15:51Z,466,9,3,4,2,0,1,1,1,1781826434
2026-06-19T00:15:51Z,467,6,0,9,0,0,1,1,1,1781825503
2026-06-19T00:15:51Z,468,6,2,13,0,0,1,1,1,1781821855
2026-06-19T00:15:51Z,469,17,3,4,2,0,1,1,1,1781828117
2026-06-19T00:15:51Z,470,9,4,6,0,0,1,1,1,1781827679
2026-06-19T00:15:51Z,471,3,1,24,0,0,1,1,1,1781827867
2026-06-19T00:15:51Z,472,12,4,6,1,0,1,1,1,1781828074
2026-06-19T00:15:51Z,473,16,0,3,0,0,1,1,1,1781827387
2026-06-19T00:15:51Z,474,13,0,5,1,0,1,1,1,1781827081
2026-06-19T00:15:51Z,475,8,3,11,0,0,1,1,1,1781827649
2026-06-19T00:15:51Z,476,7,1,15,1,0,1,1,1,1781827214
2026-06-19T00:15:51Z,477,3,3,11,1,0,1,1,1,1781827461
2026-06-19T00:15:51Z,478,1,0,29,1,0,1,1,1,1781827667
2026-06-19T00:15:51Z,479,3,0,21,2,1,1,1,1,1781828019
2026-06-19T00:15:51Z,480,14,0,1,0,0,1,1,1,1781827166
2026-06-19T00:15:51Z,481,8,0,27,0,0,1,1,1,1781828043
2026-06-19T00:15:51Z,482,9,1,10,0,0,1,1,1,1781825946
2026-06-19T00:15:51Z,483,11,2,15,1,0,1,1,1,1781828133
2026-06-19T00:15:51Z,484,11,2,6,2,0,1,1,1,1781827815
2026-06-19T00:15:51Z,485,13,4,5,1,0,1,1,1,1781827977
2026-06-19T00:15:51Z,486,14,2,11,2,0,1,1,1,1781826367
2026-06-19T00:15:51Z,487,13,2,6,0,0,1,1,1,1781827055
2026-06-19T00:15:51Z,489,9,5,6,0,0,1,1,1,1781827157
2026-06-19T00:15:51Z,490,1,0,12,3,0,1,1,1,1781827364
2026-06-19T00:15:51Z,491,17,6,3,1,0,1,1,1,1781827329
2026-06-19T00:15:51Z,492,4,4,5,2,0,1,1,1,1781822603
2026-06-19T00:15:51Z,493,4,0,23,0,0,1,1,1,1781826638
2026-06-19T00:15:51Z,495,12,1,2,1,0,1,1,1,1781828137
2026-06-19T00:15:51Z,496,5,0,22,0,0,1,1,1,1781827705
2026-06-19T00:15:51Z,497,11,6,8,0,0,1,1,1,1781827941
2026-06-19T00:15:51Z,498,16,3,7,0,0,1,1,1,1781828139
2026-06-19T00:15:51Z,499,3,0,16,0,0,1,1,1,1781827606
2026-06-19T00:15:51Z,500,2,2,11,2,0,1,1,1,1781826652
2026-06-19T00:15:51Z,501,1,1,18,2,0,1,1,1,1781823783
2026-06-19T00:15:51Z,502,0,0,19,0,0,1,1,1,1781823305
2026-06-19T00:15:51Z,503,12,0,19,0,0,1,1,1,1781828059
2026-06-19T00:15:51Z,504,13,0,26,0,0,1,1,1,1781827897
2026-06-19T00:15:51Z,505,3,2,15,0,0,1,1,1,1781828058
2026-06-19T00:15:51Z,511,9,2,13,1,0,1,1,1,1781827724
2026-06-19T00:15:51Z,512,15,1,4,0,0,1,1,1,1781826645
2026-06-19T00:15:51Z,514,8,7,2,1,0,1,1,1,1781827741
2026-06-19T00:15:51Z,515,14,2,1,4,0,1,1,1,1781828105
2026-06-19T00:15:51Z,516,11,0,15,1,0,1,1,1,1781828138
2026-06-19T00:15:51Z,517,23,2,0,0,0,1,1,1,1781826891
2026-06-19T00:15:51Z,518,5,0,10,0,0,1,1,1,1781828118
2026-06-19T00:15:51Z,519,5,0,12,2,0,1,1,1,1781823209
2026-06-19T00:15:51Z,520,22,3,3,2,0,1,1,1,1781828031
2026-06-19T00:15:51Z,521,10,3,13,0,0,1,1,1,1781827092
2026-06-19T00:15:51Z,522,6,2,17,0,0,1,1,1,1781828142
2026-06-19T00:15:51Z,523,10,2,13,0,0,1,1,1,1781828022
2026-06-19T00:15:51Z,524,13,1,10,0,0,1,1,1,1781827996
2026-06-19T00:15:51Z,525,1,0,18,0,0,1,1,1,1781826010
2026-06-19T00:15:51Z,526,5,2,8,2,0,1,1,1,1781821030
2026-06-19T00:15:51Z,527,2,2,22,2,0,1,1,1,1781825518
2026-06-19T00:15:51Z,528,12,3,9,2,0,1,1,1,1781826846
2026-06-19T00:15:51Z,529,15,6,1,3,0,1,1,1,1781826444
2026-06-19T00:15:51Z,530,10,1,10,1,0,1,1,1,1781828134
2026-06-19T00:15:51Z,531,10,4,12,0,1,1,1,1,1781827936
2026-06-19T00:15:51Z,532,0,0,31,0,0,1,1,1,1781819553
2026-06-19T00:15:51Z,533,6,3,11,2,0,1,1,1,1781826955
2026-06-19T00:15:51Z,534,4,0,19,0,0,1,1,1,1781827930
2026-06-19T00:15:51Z,535,1,0,14,0,0,1,1,1,1781827474
2026-06-19T00:15:51Z,536,1,1,21,1,0,1,1,1,1781827786
2026-06-19T00:15:51Z,537,7,0,14,0,0,1,1,1,1781827900
2026-06-19T00:15:51Z,538,16,5,1,2,0,1,1,1,1781827006
2026-06-19T00:15:51Z,539,1,0,17,1,0,1,1,1,1781824662
2026-06-19T00:15:51Z,540,3,3,16,0,0,1,1,1,1781827922
2026-06-19T00:15:51Z,541,23,2,3,1,0,1,1,1,1781827850
2026-06-19T00:15:51Z,542,2,1,21,0,0,1,1,1,1781827665
2026-06-19T00:15:51Z,543,18,3,0,1,0,1,1,1,1781828143
2026-06-19T00:15:51Z,544,18,3,7,0,0,1,1,1,1781828141
2026-06-19T00:15:51Z,545,16,3,0,3,0,1,1,1,1781827962
2026-06-19T00:15:51Z,546,6,0,12,1,0,1,1,1,1781827491
2026-06-19T00:15:51Z,547,4,0,18,0,0,1,1,1,1781827984
2026-06-19T00:15:51Z,548,12,1,10,1,0,1,1,1,1781828139
2026-06-19T00:15:51Z,549,9,0,12,0,0,1,1,1,1781828055
2026-06-19T00:15:51Z,550,4,2,15,0,0,1,1,1,1781828024
2026-06-19T00:15:51Z,551,11,2,12,0,0,1,1,1,1781821783
2026-06-19T00:15:51Z,552,27,2,0,0,0,1,1,1,1781827895
2026-06-19T00:15:51Z,553,22,1,0,1,0,1,1,1,1781827903
2026-06-19T00:15:51Z,554,1,1,16,2,0,1,1,1,1781826856
2026-06-19T00:15:51Z,555,5,0,9,1,0,1,1,1,1781828033
2026-06-19T00:15:51Z,556,11,4,11,1,0,1,1,1,1781828005
2026-06-19T00:15:51Z,557,0,0,23,0,0,0,1,1,1781719859
2026-06-19T00:15:51Z,558,4,0,33,0,0,1,1,1,1781828075
2026-06-19T00:15:51Z,559,0,0,18,1,0,1,1,1,1781828134
2026-06-19T00:15:51Z,560,10,0,17,0,0,1,1,1,1781828055
2026-06-19T00:15:51Z,561,3,2,20,0,0,1,1,1,1781827832
2026-06-19T00:15:51Z,562,6,0,26,3,0,1,1,1,1781828029
2026-06-19T00:15:51Z,563,1,1,13,0,0,1,1,1,1781828134
2026-06-19T00:15:51Z,564,6,0,12,1,0,1,1,1,1781827919
2026-06-19T00:15:51Z,565,7,1,10,2,0,1,1,1,1781827121
2026-06-19T00:15:51Z,566,9,0,7,3,0,1,1,1,1781827769
2026-06-19T00:15:51Z,567,10,0,17,0,0,1,1,1,1781828113
2026-06-19T00:15:51Z,568,0,0,18,1,0,1,1,1,1781827707
2026-06-19T00:15:51Z,569,5,2,14,0,0,1,1,1,1781828023
2026-06-19T00:15:51Z,570,10,2,9,0,0,1,1,1,1781827788
2026-06-19T00:15:51Z,571,5,0,18,0,0,1,1,1,1781827579
2026-06-19T00:15:51Z,572,5,2,14,0,0,1,1,1,1781827772
2026-06-19T00:15:51Z,573,9,1,6,0,0,1,1,1,1781827379
2026-06-19T00:15:51Z,574,10,3,3,2,0,1,1,1,1781826119
2026-06-19T00:15:51Z,575,16,0,3,2,0,1,1,1,1781827970
2026-06-19T00:15:51Z,576,16,4,3,0,0,1,1,1,1781827532
2026-06-19T00:15:51Z,577,2,0,29,0,0,1,1,1,1781827101
2026-06-19T00:15:51Z,578,14,5,8,1,0,1,1,1,1781827987
2026-06-19T00:15:51Z,579,16,6,27,0,0,1,1,1,1781828014
2026-06-19T00:15:51Z,580,1,0,29,1,0,1,1,1,1781827962
2026-06-19T00:15:51Z,581,6,3,13,0,0,1,1,1,1781826612
2026-06-19T00:15:51Z,582,12,1,46,3,0,1,1,1,1781827959
2026-06-19T00:15:51Z,583,6,0,17,0,0,1,1,1,1781827614
2026-06-19T00:15:51Z,584,5,4,13,1,0,1,1,1,1781826717
2026-06-19T00:15:51Z,585,11,0,16,0,0,1,1,1,1781828124
2026-06-19T00:15:51Z,586,24,1,10,1,0,1,1,1,1781827675
2026-06-19T00:15:51Z,587,9,1,15,3,0,1,1,1,1781828138
2026-06-19T00:15:51Z,588,7,4,12,0,0,1,1,1,1781828134
2026-06-19T00:15:51Z,589,1,1,22,0,0,1,1,1,1781825857
2026-06-19T00:15:51Z,590,0,0,30,1,0,1,1,1,1781827535
2026-06-19T00:15:51Z,591,7,1,14,1,0,1,1,1,1781826904
2026-06-19T00:15:51Z,592,9,0,14,0,0,1,1,1,1781828068
2026-06-19T00:15:51Z,593,15,0,24,0,0,1,1,1,1781828129
2026-06-19T00:15:51Z,594,5,0,16,0,0,1,1,1,1781827437
2026-06-19T00:15:51Z,595,0,0,3,0,0,0,1,1,1779985765
2026-06-19T00:15:51Z,605,0,0,3,0,0,0,1,1,1780413752
2026-06-19T00:15:51Z,606,0,0,3,0,0,0,1,1,1781723852
2026-06-19T00:15:51Z,607,7,0,26,0,0,1,1,1,1781827673
2026-06-19T00:15:51Z,608,24,1,30,0,0,1,1,1,1781827957
2026-06-19T00:15:51Z,609,4,2,19,0,0,1,1,1,1781827640
2026-06-19T00:15:51Z,610,17,1,16,2,0,1,1,1,1781828110
2026-06-19T00:15:51Z,611,26,2,1,0,0,1,1,1,1781827541
2026-06-19T00:15:51Z,612,4,1,11,0,0,1,1,1,1781821957
2026-06-19T00:15:51Z,613,6,2,6,2,0,1,1,1,1781828143
2026-06-19T00:15:51Z,614,8,4,15,4,0,1,1,1,1781827288
2026-06-19T00:15:51Z,617,9,1,5,1,0,1,1,1,1781827563
2026-06-19T00:15:51Z,618,8,0,8,3,0,1,1,1,1781824023
2026-06-19T00:15:51Z,619,10,0,8,1,0,1,1,1,1781828141
2026-06-19T00:15:51Z,620,6,0,17,0,0,1,1,1,1781827174
2026-06-19T00:15:51Z,621,20,3,2,1,0,1,1,1,1781828064
2026-06-19T00:15:51Z,622,2,1,19,2,0,1,1,1,1781827740
2026-06-19T00:15:51Z,623,0,0,29,0,1,1,1,1,1781827878
2026-06-19T00:15:51Z,624,4,4,9,2,0,1,1,1,1781826377
2026-06-19T00:15:51Z,625,15,2,6,0,0,1,1,1,1781828066
2026-06-19T00:15:51Z,626,16,1,28,0,2,1,1,1,1781827980
2026-06-19T00:15:51Z,627,14,2,5,0,0,1,1,1,1781824111
2026-06-19T00:15:51Z,628,0,0,15,2,2,1,1,1,1781828082
2026-06-19T00:15:51Z,629,5,2,6,0,0,1,1,1,1781824093
2026-06-19T00:15:51Z,630,7,1,18,2,0,1,1,1,1781819340
2026-06-19T00:15:51Z,631,16,0,7,0,0,1,1,1,1781827450
2026-06-19T00:15:51Z,632,1,1,18,4,0,1,1,1,1781828043
2026-06-19T00:15:51Z,633,4,1,9,1,1,1,1,1,1781818977
2026-06-19T00:15:51Z,634,5,2,13,1,0,1,1,1,1781827675
2026-06-19T00:15:51Z,635,13,3,6,0,0,1,1,1,1781825686
2026-06-19T00:15:51Z,636,3,2,12,0,0,1,1,1,1781827935
2026-06-19T00:15:51Z,637,9,4,8,2,0,1,1,1,1781820623
2026-06-19T00:15:51Z,638,2,1,16,1,0,1,1,1,1781826879
2026-06-19T00:15:51Z,639,2,1,10,5,2,1,1,1,1781828143
2026-06-19T00:15:51Z,640,19,2,3,1,0,1,1,1,1781827916
2026-06-19T00:15:51Z,641,10,0,17,0,0,1,1,1,1781828134
2026-06-19T00:15:51Z,642,3,0,13,3,0,1,1,1,1781826896
2026-06-19T00:15:51Z,643,1,0,24,2,0,1,1,1,1781827992
2026-06-19T00:15:51Z,644,1,1,13,0,1,1,1,1,1781825472
2026-06-19T00:15:51Z,645,8,0,13,1,1,1,1,1,1781827656
2026-06-19T00:15:51Z,646,14,2,3,2,0,1,1,1,1781827846
2026-06-19T00:15:51Z,647,30,0,1,0,0,1,1,1,1781828050
2026-06-19T00:15:51Z,648,4,1,15,0,0,1,1,1,1781826803
2026-06-19T00:15:51Z,649,7,7,23,1,0,1,1,1,1781827586
2026-06-19T00:15:51Z,650,8,1,9,2,0,1,1,1,1781826487
2026-06-19T00:15:51Z,651,1,0,22,0,0,1,1,1,1781828084
2026-06-19T00:15:51Z,652,6,2,16,1,0,1,1,1,1781828002
2026-06-19T00:15:51Z,653,10,2,8,1,0,1,1,1,1781826761
2026-06-19T00:15:51Z,654,1,1,13,1,0,1,1,1,1781827994
2026-06-19T00:15:51Z,655,8,4,7,0,0,1,1,1,1781823652
2026-06-19T00:15:51Z,656,12,4,7,0,0,1,1,1,1781827866
2026-06-19T00:15:51Z,657,0,0,14,3,0,1,1,1,1781828109
2026-06-19T00:15:51Z,658,6,2,17,0,0,1,1,1,1781827986
2026-06-19T00:15:51Z,659,1,1,9,5,0,1,1,1,1781821988
2026-06-19T00:15:51Z,660,3,1,28,0,0,1,1,1,1781825043
2026-06-19T00:15:51Z,661,8,3,11,0,0,1,1,1,1781825457
2026-06-19T00:15:51Z,662,11,8,12,0,0,1,1,1,1781821103
2026-06-19T00:15:51Z,663,10,1,5,0,0,1,1,1,1781827003
2026-06-19T00:15:51Z,664,8,1,18,1,0,1,1,1,1781828045
2026-06-19T00:15:51Z,665,12,3,1,2,0,1,1,1,1781826624
2026-06-19T00:15:51Z,666,11,7,3,1,0,1,1,1,1781826224
2026-06-19T00:15:51Z,667,16,1,2,1,0,1,1,1,1781828130
2026-06-19T00:15:51Z,668,8,0,9,2,0,1,1,1,1781828042
2026-06-19T00:15:51Z,669,9,3,4,1,0,1,1,1,1781821744
2026-06-19T00:15:51Z,670,14,1,12,1,0,1,1,1,1781827356
2026-06-19T00:15:51Z,671,2,0,25,0,0,1,1,1,1781827703
2026-06-19T00:15:51Z,672,2,1,18,3,0,1,1,1,1781828143
2026-06-19T00:15:51Z,673,6,1,17,0,0,1,1,1,1781827463
2026-06-19T00:15:51Z,674,2,0,21,0,0,1,1,1,1781827534
2026-06-19T00:15:51Z,675,2,1,12,0,1,1,1,1,1781827909
2026-06-19T00:15:51Z,676,2,0,20,0,1,1,1,1,1781827497
2026-06-19T00:15:51Z,681,7,0,5,3,0,1,1,1,1781828052
2026-06-19T00:15:51Z,682,8,3,7,4,0,1,1,1,1781789812
2026-06-19T00:15:51Z,683,4,1,13,2,0,1,1,1,1781772859
2026-06-19T00:15:51Z,684,9,0,17,1,0,1,1,1,1781826471
2026-06-19T00:15:51Z,685,5,0,19,2,1,1,1,1,1781815197
2026-06-19T00:15:51Z,686,10,1,17,0,0,1,1,1,1781824413
2026-06-19T00:15:51Z,687,9,3,21,1,0,1,1,1,1781826037
2026-06-19T00:15:51Z,688,14,5,3,2,0,1,1,1,1781827622
2026-06-19T00:15:51Z,692,0,0,21,0,0,1,1,1,1781826587
2026-06-19T00:15:51Z,693,3,1,7,1,0,1,1,1,1781828066
2026-06-19T00:15:51Z,694,7,2,13,1,0,1,1,1,1781826852
2026-06-19T00:15:51Z,695,12,4,9,2,0,1,1,1,1781827738
2026-06-19T00:15:51Z,696,5,0,17,1,0,1,1,1,1781827257
2026-06-19T00:15:51Z,697,4,1,18,1,0,1,1,1,1781828093
2026-06-19T00:15:51Z,698,14,3,13,0,0,1,1,1,1781827957
2026-06-19T00:15:51Z,699,3,0,11,1,0,1,1,1,1781827491
2026-06-19T00:15:51Z,700,7,2,10,2,0,1,1,1,1781828044
2026-06-19T00:15:51Z,701,12,3,6,1,0,1,1,1,1781825982
2026-06-19T00:15:51Z,702,1,1,22,0,0,1,1,1,1781826457
2026-06-19T00:15:51Z,703,10,2,13,0,0,1,1,1,1781826778
2026-06-19T00:15:51Z,704,10,0,5,0,0,1,1,1,1781827639
2026-06-19T00:15:51Z,705,0,0,14,1,0,1,1,1,1781827534
2026-06-19T00:15:51Z,706,14,4,1,0,0,1,1,1,1781828122
2026-06-19T00:15:51Z,707,10,3,4,1,0,1,1,1,1781826668
2026-06-19T00:15:51Z,708,3,0,16,0,0,1,1,1,1781827804
2026-06-19T00:15:51Z,709,12,5,1,2,0,1,1,1,1781827876
2026-06-19T00:15:51Z,710,6,5,13,0,0,1,1,1,1781827608
2026-06-19T00:15:51Z,711,2,0,14,3,0,1,1,1,1781826872
2026-06-19T00:15:51Z,712,6,4,7,2,0,1,1,1,1781827779
2026-06-19T00:15:51Z,713,15,0,8,0,0,1,1,1,1781828040
2026-06-19T00:15:51Z,716,5,1,6,4,0,1,1,1,1781827341
2026-06-19T00:15:51Z,717,10,4,10,5,0,1,1,1,1781827725
2026-06-19T00:15:51Z,718,8,3,6,1,0,1,1,1,1781826934
2026-06-19T00:15:51Z,719,11,1,17,1,0,1,1,1,1781827471
2026-06-19T00:15:51Z,720,0,0,18,1,0,1,1,1,1781827432
2026-06-19T00:15:51Z,721,6,3,16,1,0,1,1,1,1781826879
2026-06-19T00:15:51Z,722,5,1,10,0,0,1,1,1,1781828031
2026-06-19T00:15:51Z,723,4,0,18,1,0,1,1,1,1781827723
2026-06-19T00:15:51Z,724,10,6,13,0,0,1,1,1,1781827719
2026-06-19T00:15:51Z,725,10,1,12,1,0,1,1,1,1781827927
2026-06-19T00:15:51Z,726,9,2,10,0,0,1,1,1,1781827267
2026-06-19T00:15:51Z,727,13,9,10,0,0,1,1,1,1781826991
2026-06-19T00:15:51Z,728,4,1,7,4,0,1,1,1,1781827321
2026-06-19T00:15:51Z,729,3,0,15,1,0,1,1,1,1781828043
2026-06-19T00:15:51Z,730,3,1,11,1,0,1,1,1,1781826971
2026-06-19T00:15:51Z,731,7,1,8,0,0,1,1,1,1781827460
2026-06-19T00:15:51Z,732,12,0,3,0,0,1,1,1,1781828105
2026-06-19T00:15:51Z,733,10,2,14,3,0,1,1,1,1781828013
2026-06-19T00:15:51Z,734,3,0,11,0,0,1,1,1,1781827953
2026-06-19T00:15:51Z,735,1,1,17,1,0,1,1,1,1781828033
2026-06-19T00:15:51Z,736,4,2,11,4,0,1,1,1,1781828102
2026-06-19T00:15:51Z,737,2,0,13,0,0,1,1,1,1781827610
2026-06-19T00:15:51Z,738,14,2,5,0,0,1,1,1,1781827766
2026-06-19T00:15:51Z,739,11,2,15,1,0,1,1,1,1781826386
2026-06-19T00:15:51Z,741,15,2,8,0,0,1,1,1,1781827739
2026-06-19T00:15:51Z,742,33,3,6,0,0,1,1,1,1781828117
2026-06-19T00:15:51Z,743,1,0,18,0,0,1,1,1,1781827839
2026-06-19T00:15:51Z,744,3,0,12,0,0,1,1,1,1781827889
2026-06-19T00:15:51Z,745,2,0,17,0,0,1,1,1,1781827861
2026-06-19T00:15:51Z,746,7,2,16,0,0,1,1,1,1781827884
2026-06-19T00:15:51Z,747,3,0,16,0,0,1,1,1,1781827033
2026-06-19T00:15:51Z,748,16,6,7,0,0,1,1,1,1781827865
2026-06-19T00:15:51Z,749,4,0,19,0,0,1,1,1,1781828062
2026-06-19T00:15:51Z,750,5,1,6,0,0,1,1,1,1781827986
2026-06-19T00:15:51Z,751,15,5,6,2,0,1,1,1,1781828124
2026-06-19T00:15:51Z,752,12,3,4,1,0,1,1,1,1781828034
2026-06-19T00:15:51Z,753,13,0,2,0,0,1,1,1,1781827148
2026-06-19T00:15:51Z,754,2,2,13,0,0,1,1,1,1781826572
2026-06-19T00:15:51Z,755,8,3,11,0,0,1,1,1,1781828030
2026-06-19T00:15:51Z,756,0,0,36,1,0,1,1,1,1781827305
2026-06-19T00:15:51Z,757,2,1,17,0,0,1,1,1,1781827211
2026-06-19T00:15:51Z,758,1,0,22,0,0,1,1,1,1781827440
2026-06-19T00:15:51Z,759,6,2,7,2,0,1,1,1,1781827993
2026-06-19T00:15:51Z,760,13,0,5,1,0,1,1,1,1781826477
2026-06-19T00:15:51Z,761,15,4,8,0,0,1,1,1,1781827364
2026-06-19T00:15:51Z,762,4,0,10,1,0,1,1,1,1781827739
2026-06-19T00:15:51Z,768,4,2,10,5,0,1,1,1,1781828123
2026-06-19T00:15:51Z,769,13,5,2,4,0,1,1,1,1781827480
2026-06-19T00:15:51Z,770,11,5,7,1,0,1,1,1,1781827786
2026-06-19T00:15:51Z,771,6,1,9,0,0,1,1,1,1781827335
2026-06-19T00:15:51Z,772,0,0,15,0,0,1,1,1,1781827850
2026-06-19T00:15:51Z,773,6,3,9,4,0,1,1,1,1781827649
2026-06-19T00:15:51Z,774,7,3,6,2,0,1,1,1,1781827476
2026-06-19T00:15:51Z,775,4,3,14,1,0,1,1,1,1781826890
2026-06-19T00:15:51Z,776,6,2,13,2,0,1,1,1,1781827552
2026-06-19T00:15:51Z,777,3,1,10,2,0,1,1,1,1781826024
2026-06-19T00:15:51Z,778,7,0,10,2,0,1,1,1,1781821579
2026-06-19T00:15:51Z,779,6,3,12,1,0,1,1,1,1781827232
2026-06-19T00:15:51Z,780,15,0,0,4,0,1,1,1,1781827542
2026-06-19T00:15:51Z,781,4,3,6,1,0,1,1,1,1781827962
2026-06-19T00:15:51Z,782,6,5,13,0,0,1,1,1,1781827295
2026-06-19T00:15:51Z,783,4,1,14,1,0,1,1,1,1781824735
2026-06-19T00:15:51Z,784,8,3,11,0,0,1,1,1,1781827179
2026-06-19T00:15:51Z,785,9,1,2,3,0,1,1,1,1781828067
2026-06-19T00:15:51Z,786,6,2,13,0,0,1,1,1,1781820693
2026-06-19T00:15:51Z,787,5,1,10,0,0,1,1,1,1781827998
2026-06-19T00:15:51Z,788,6,1,9,0,0,1,1,1,1781826924
2026-06-19T00:15:51Z,789,11,0,3,1,0,1,1,1,1781827334
2026-06-19T00:15:51Z,790,2,2,21,0,0,1,1,1,1781823558
2026-06-19T00:15:51Z,791,3,1,16,0,0,1,1,1,1781825129
2026-06-19T00:15:51Z,793,0,0,15,0,0,1,1,1,1781827547
2026-06-19T00:15:51Z,794,17,3,11,1,0,1,1,1,1781827605
2026-06-19T00:15:51Z,796,6,0,12,1,0,1,1,1,1781827979
2026-06-19T00:15:51Z,797,1,1,13,1,0,1,1,1,1781827192
2026-06-19T00:15:51Z,798,5,5,20,0,0,1,1,1,1781828085
2026-06-19T00:15:51Z,799,4,1,14,1,0,1,1,1,1781827729
2026-06-19T00:15:51Z,800,2,1,19,0,0,1,1,1,1781827543
2026-06-19T00:15:51Z,801,3,3,17,1,0,1,1,1,1781827875
2026-06-19T00:15:51Z,802,1,1,28,2,0,1,1,1,1781828100
2026-06-19T00:15:51Z,803,9,1,5,1,0,1,1,1,1781827616
2026-06-19T00:15:51Z,806,0,0,15,0,0,1,1,1,1781827034
2026-06-19T00:15:51Z,807,10,2,14,1,0,1,1,1,1781827688
2026-06-19T00:15:51Z,808,5,2,20,0,0,1,1,1,1781820181
2026-06-19T00:15:51Z,809,7,1,16,0,0,1,1,1,1781826566
2026-06-19T00:15:51Z,810,11,5,8,0,0,1,1,1,1781827744
2026-06-19T00:15:51Z,815,11,6,2,2,0,1,1,1,1781827181
2026-06-19T00:15:51Z,817,6,0,6,3,0,1,1,1,1781827111
2026-06-19T00:15:51Z,818,10,3,12,1,0,1,1,1,1781827929
2026-06-19T00:15:51Z,819,3,2,11,1,0,1,1,1,1781826972
2026-06-19T00:15:51Z,820,1,1,15,1,0,1,1,1,1781827689
2026-06-19T00:15:51Z,821,1,1,13,1,0,1,1,1,1781828121
2026-06-19T00:15:51Z,822,2,0,21,0,0,1,1,1,1781828097
2026-06-19T00:15:51Z,823,7,2,8,0,0,1,1,1,1781827933
2026-06-19T00:15:51Z,824,17,13,0,2,0,1,1,1,1781827931
2026-06-19T00:15:51Z,825,5,2,10,0,0,1,1,1,1781825555
2026-06-19T00:15:51Z,826,6,2,13,0,0,1,1,1,1781828024
2026-06-19T00:15:51Z,827,12,1,9,0,0,1,1,1,1781827529
2026-06-19T00:15:51Z,828,10,1,7,1,0,1,1,1,1781826864
2026-06-19T00:15:51Z,829,5,3,22,0,0,1,1,1,1781822069
2026-06-19T00:15:51Z,830,6,0,16,1,0,1,1,1,1781826580
2026-06-19T00:15:51Z,831,11,8,3,1,0,1,1,1,1781826718
2026-06-19T00:15:51Z,832,9,8,9,0,0,1,1,1,1781827733
2026-06-19T00:15:51Z,833,4,0,15,0,0,1,1,1,1781827379
2026-06-19T00:15:51Z,834,11,0,12,0,1,1,1,1,1781828133
2026-06-19T00:15:51Z,835,12,3,6,0,0,1,1,1,1781827257
2026-06-19T00:15:51Z,837,6,1,8,1,0,1,1,1,1781827177
2026-06-19T00:15:51Z,838,9,3,5,1,0,1,1,1,1781828095
2026-06-19T00:15:51Z,839,0,0,29,0,0,1,1,1,1781827858
2026-06-19T00:15:51Z,840,7,0,19,3,0,1,1,1,1781827837
2026-06-19T00:15:51Z,841,6,4,8,1,0,1,1,1,1781827681
2026-06-19T00:15:51Z,842,8,2,14,0,1,1,1,1,1781826890
2026-06-19T00:15:51Z,843,4,3,27,0,0,1,1,1,1781827881
2026-06-19T00:15:51Z,844,16,7,7,0,0,1,1,1,1781826492
2026-06-19T00:15:51Z,845,1,0,18,0,0,1,1,1,1781827272
2026-06-19T00:15:51Z,846,10,3,8,0,1,1,1,1,1781827400
2026-06-19T00:15:51Z,847,13,5,13,1,0,1,1,1,1781827530
2026-06-19T00:15:51Z,848,10,0,9,0,0,1,1,1,1781827934
2026-06-19T00:15:51Z,849,6,1,5,4,0,1,1,1,1781826876
2026-06-19T00:15:51Z,850,2,1,9,0,0,1,1,1,1781827142
2026-06-19T00:15:51Z,851,15,1,21,1,0,1,1,1,1781827914
2026-06-19T00:15:51Z,852,14,2,4,1,0,1,1,1,1781827784
2026-06-19T00:15:51Z,853,1,0,21,1,0,1,1,1,1781827698
2026-06-19T00:15:51Z,854,11,2,4,0,0,1,1,1,1781827974
2026-06-19T00:15:51Z,855,22,4,4,1,0,1,1,1,1781827978
2026-06-19T00:15:51Z,857,3,1,16,0,0,1,1,1,1781827456
2026-06-19T00:15:51Z,858,2,1,16,1,0,1,1,1,1781827444
2026-06-19T00:15:51Z,859,8,1,13,0,0,1,1,1,1781826369
2026-06-19T00:15:51Z,861,2,0,9,0,0,1,1,1,1781826686
2026-06-19T00:15:51Z,862,0,0,15,0,0,1,1,1,1781826764
2026-06-19T00:15:51Z,863,8,1,11,0,0,1,1,1,1781826698
2026-06-19T00:15:51Z,866,9,3,8,2,0,1,1,1,1781828056
2026-06-19T00:15:51Z,867,8,0,6,1,0,1,1,1,1781828093
2026-06-19T00:15:51Z,868,13,5,2,0,0,1,1,1,1781827173
2026-06-19T00:15:51Z,870,9,2,6,0,0,1,1,1,1781827105
2026-06-19T00:15:51Z,871,7,0,4,0,0,1,1,1,1781828117
2026-06-19T00:15:51Z,872,13,2,2,0,0,1,1,1,1781827394
2026-06-19T00:15:51Z,873,2,0,31,0,0,1,1,1,1781826429
2026-06-19T00:15:51Z,874,8,0,7,0,0,1,1,1,1781828127
2026-06-19T00:15:51Z,875,14,4,1,0,0,1,1,1,1781827107
2026-06-19T00:15:51Z,877,14,7,5,0,0,1,1,1,1781827019
2026-06-19T00:15:51Z,878,0,0,19,0,0,1,1,1,1781826719
2026-06-19T00:15:51Z,879,4,2,15,0,0,1,1,1,1781827174
2026-06-19T00:15:51Z,880,1,0,21,1,0,1,1,1,1781827626
2026-06-19T00:15:51Z,881,11,1,7,1,0,1,1,1,1781827315
2026-06-19T00:15:51Z,882,11,5,8,0,0,1,1,1,1781827951
2026-06-19T00:15:51Z,883,0,0,18,1,0,0,1,1,1781529111
2026-06-19T00:15:51Z,884,11,6,10,0,0,1,1,1,1781827725
2026-06-19T00:15:51Z,885,0,0,19,0,0,1,1,1,1781822936
2026-06-19T00:15:51Z,886,12,1,14,3,0,1,1,1,1781827797
2026-06-19T00:15:51Z,887,3,3,14,0,0,1,1,1,1781827578
2026-06-19T00:15:51Z,888,40,4,0,1,0,1,1,1,1781828142
2026-06-19T00:15:51Z,889,2,0,17,0,0,1,1,1,1781828120
2026-06-19T00:15:51Z,890,1,0,14,0,0,1,1,1,1781782999
2026-06-19T00:15:51Z,891,12,1,11,0,0,1,1,1,1781827433
2026-06-19T00:15:51Z,892,7,1,7,1,0,1,1,1,1781827937
2026-06-19T00:15:51Z,895,14,2,4,1,0,1,1,1,1781827862
2026-06-19T00:15:51Z,896,7,0,27,1,0,1,1,1,1781828137
2026-06-19T00:15:51Z,897,12,1,8,1,0,1,1,1,1781827717
2026-06-19T00:15:51Z,898,8,1,11,0,0,1,1,1,1781827406
2026-06-19T00:15:51Z,899,4,1,15,0,0,1,1,1,1781828007
2026-06-19T00:15:51Z,900,8,0,19,0,0,1,1,1,1781827307
2026-06-19T00:15:51Z,901,11,1,8,0,0,1,1,1,1781828089
2026-06-19T00:15:51Z,902,2,0,13,0,0,1,1,1,1781826892
2026-06-19T00:15:51Z,903,4,0,15,0,0,1,1,1,1781827200
2026-06-19T00:15:51Z,904,18,5,1,0,0,1,1,1,1781827151
2026-06-19T00:15:51Z,905,2,0,25,0,0,1,1,1,1781827296
2026-06-19T00:15:51Z,906,18,6,9,0,0,1,1,1,1781826893
2026-06-19T00:15:51Z,907,1,0,30,0,0,1,1,1,1781827896
2026-06-19T00:15:51Z,908,17,3,6,0,0,1,1,1,1781826344
2026-06-19T00:15:51Z,909,7,3,16,0,0,1,1,1,1781827565
2026-06-19T00:15:51Z,910,9,0,21,1,0,1,1,1,1781827596
2026-06-19T00:15:51Z,911,5,0,13,1,0,1,1,1,1781827119
2026-06-19T00:15:51Z,912,15,3,6,2,0,1,1,1,1781827779
2026-06-19T00:15:51Z,913,2,2,16,1,0,1,1,1,1781822598
2026-06-19T00:15:51Z,914,2,1,16,1,0,1,1,1,1781827876
2026-06-19T00:15:51Z,915,20,0,2,1,0,1,1,1,1781828034
2026-06-19T00:15:51Z,916,21,2,2,0,0,1,1,1,1781828034
2026-06-19T00:15:51Z,917,1,0,33,1,0,1,1,1,1781827413
2026-06-19T00:15:51Z,918,17,0,2,0,0,1,1,1,1781827952
2026-06-19T00:15:51Z,919,36,1,1,2,0,1,1,1,1781828001
2026-06-19T00:15:51Z,920,8,7,11,0,0,1,1,1,1781827690
2026-06-19T00:15:51Z,921,3,1,18,0,0,1,1,1,1781827822
2026-06-19T00:15:51Z,922,5,1,16,0,0,1,1,1,1781827599
2026-06-19T00:15:51Z,923,2,1,17,0,0,1,1,1,1781827084
2026-06-19T00:15:51Z,924,0,0,20,1,0,1,1,1,1781826379
2026-06-19T00:15:51Z,925,15,4,6,0,0,1,1,1,1781827575
2026-06-19T00:15:51Z,926,11,1,9,1,0,1,1,1,1781827150
2026-06-19T00:15:51Z,927,17,4,17,1,0,1,1,1,1781827884
2026-06-19T00:15:51Z,928,6,0,13,0,0,1,1,1,1781827995
2026-06-19T00:15:51Z,929,3,1,19,0,1,1,1,1,1781828132
2026-06-19T00:15:51Z,930,6,2,25,0,0,1,1,1,1781826487
2026-06-19T00:15:51Z,931,0,0,23,0,0,1,1,1,1781827373
2026-06-19T00:15:51Z,932,2,0,17,0,0,1,1,1,1781828067
2026-06-19T00:15:51Z,933,6,0,17,0,0,1,1,1,1781826900
2026-06-19T00:15:51Z,934,6,0,25,0,0,1,1,1,1781827523
2026-06-19T00:15:51Z,935,4,0,14,1,0,1,1,1,1781827116
2026-06-19T00:15:51Z,936,1,0,18,0,0,1,1,1,1781827419
2026-06-19T00:15:51Z,940,9,0,2,0,0,1,1,1,1781827535
2026-06-19T00:15:51Z,941,13,2,12,0,0,1,1,1,1781827354
2026-06-19T00:15:51Z,942,10,1,11,0,0,1,1,1,1781827485
2026-06-19T00:15:51Z,943,7,7,7,1,0,1,1,1,1781827053
2026-06-19T00:15:51Z,944,4,4,10,1,0,1,1,1,1781813579
2026-06-19T00:15:51Z,945,6,4,8,1,0,1,1,1,1781827296
2026-06-19T00:15:51Z,946,12,9,7,0,0,1,1,1,1781826409
2026-06-19T00:15:51Z,947,6,5,11,0,0,1,1,1,1781826463
2026-06-19T00:15:51Z,948,2,1,28,1,0,1,1,1,1781828024
2026-06-19T00:15:51Z,949,0,0,15,0,0,1,1,1,1781826933
2026-06-19T00:15:51Z,950,7,0,10,0,0,1,1,1,1781828078
2026-06-19T00:15:51Z,951,4,0,19,0,0,1,1,1,1781827364
2026-06-19T00:15:51Z,952,3,2,51,1,0,1,1,1,1781827297
2026-06-19T00:15:51Z,953,9,3,4,2,0,1,1,1,1781827909
2026-06-19T00:15:51Z,954,12,0,7,0,0,1,1,1,1781826544
2026-06-19T00:15:51Z,955,11,0,12,4,0,1,1,1,1781827916
2026-06-19T00:15:51Z,956,15,1,3,1,0,1,1,1,1781827919
2026-06-19T00:15:51Z,957,23,0,6,0,0,1,1,1,1781827824
2026-06-19T00:15:51Z,958,6,1,23,2,0,1,1,1,1781828079
2026-06-19T00:15:51Z,959,17,2,3,3,0,1,1,1,1781828111
2026-06-19T00:15:51Z,960,16,8,5,2,0,1,1,1,1781827999
2026-06-19T00:15:51Z,961,6,5,17,0,0,1,1,1,1781826477
2026-06-19T00:15:51Z,962,15,3,15,5,0,1,1,1,1781827484
2026-06-19T00:15:51Z,963,11,0,12,0,0,1,1,1,1781827598
2026-06-19T00:15:51Z,964,22,4,0,1,0,1,1,1,1781827017
2026-06-19T00:15:51Z,965,4,4,20,3,0,1,1,1,1781827546
2026-06-19T00:15:51Z,966,29,3,1,1,0,1,1,1,1781828113
2026-06-19T00:15:51Z,967,3,0,17,1,0,1,1,1,1781827267
2026-06-19T00:15:51Z,968,14,0,5,0,0,1,1,1,1781827308
2026-06-19T00:15:51Z,969,22,10,4,1,0,1,1,1,1781827255
2026-06-19T00:15:51Z,970,7,3,11,1,0,1,1,1,1781827921
2026-06-19T00:15:51Z,971,19,1,4,0,0,1,1,1,1781828091
2026-06-19T00:15:51Z,972,10,4,13,0,0,1,1,1,1781826877
2026-06-19T00:15:51Z,973,3,2,17,3,0,1,1,1,1781828068
2026-06-19T00:15:51Z,974,15,0,12,0,0,1,1,1,1781827834
2026-06-19T00:15:51Z,977,9,0,12,0,0,1,1,1,1781827119
2026-06-19T00:15:51Z,978,9,7,13,1,0,1,1,1,1781827887
2026-06-19T00:15:51Z,979,1,0,15,1,0,1,1,1,1781827779
2026-06-19T00:15:51Z,980,11,0,10,0,0,1,1,1,1781827900
2026-06-19T00:15:51Z,981,4,0,16,1,0,1,1,1,1781827548
2026-06-19T00:15:51Z,982,7,0,11,1,0,1,1,1,1781826470
2026-06-19T00:15:51Z,983,3,3,20,0,0,1,1,1,1781827300
2026-06-19T00:15:51Z,984,13,0,10,0,0,1,1,1,1781827562
2026-06-19T00:15:51Z,985,4,1,27,0,0,1,1,1,1781828103
2026-06-19T00:15:51Z,986,12,3,7,0,0,1,1,1,1781827435
2026-06-19T00:15:51Z,987,1,0,22,0,0,1,1,1,1781826655
2026-06-19T00:15:51Z,988,9,0,7,3,0,1,1,1,1781827272
2026-06-19T00:15:51Z,989,10,7,7,2,0,1,1,1,1781827421
2026-06-19T00:15:51Z,990,9,2,6,0,0,1,1,1,1781826942
2026-06-19T00:15:51Z,991,12,4,7,0,0,1,1,1,1781827754
2026-06-19T00:15:51Z,992,2,1,21,0,0,1,1,1,1781827758
2026-06-19T00:15:51Z,993,14,3,13,0,0,1,1,1,1781827730
2026-06-19T00:15:51Z,994,1,1,20,0,0,1,1,1,1781824069
2026-06-19T00:15:51Z,995,15,5,11,1,0,1,1,1,1781826666
2026-06-19T00:15:51Z,996,11,5,12,0,0,1,1,1,1781827548
2026-06-19T00:15:51Z,997,15,7,7,1,0,1,1,1,1781828087
2026-06-19T00:15:51Z,998,2,1,21,0,0,1,1,1,1781828115
2026-06-19T00:15:51Z,999,12,2,7,1,1,1,1,1,1781827861
2026-06-19T00:15:51Z,1000,10,4,10,1,0,1,1,1,1781826928
2026-06-19T00:15:51Z,1001,5,0,22,0,0,1,1,1,1781827254
2026-06-19T00:15:51Z,1002,15,2,16,0,0,1,1,1,1781828051
2026-06-19T00:15:51Z,1003,8,1,15,0,0,1,1,1,1781827111
2026-06-19T00:15:51Z,1004,12,1,10,1,0,1,1,1,1781826593
2026-06-19T00:15:51Z,1005,11,0,11,1,0,1,1,1,1781827780
2026-06-19T00:15:51Z,1006,12,4,7,0,0,1,1,1,1781827945
2026-06-19T00:15:51Z,1007,9,4,12,0,0,1,1,1,1781826966
2026-06-19T00:15:51Z,1008,16,3,7,0,0,1,1,1,1781827800
2026-06-19T00:15:51Z,1009,11,3,20,0,0,1,1,1,1781826873
2026-06-19T00:15:51Z,1010,12,2,15,0,0,1,1,1,1781826560
2026-06-19T00:15:51Z,1011,7,5,12,0,0,1,1,1,1781827721
2026-06-19T00:15:51Z,1012,4,3,17,2,0,1,1,1,1781827119
2026-06-19T00:15:51Z,1013,6,0,15,2,0,1,1,1,1781827712
2026-06-19T00:15:51Z,1014,12,1,11,0,0,1,1,1,1781827618
2026-06-19T00:15:51Z,1015,4,2,26,1,0,1,1,1,1781826755
2026-06-19T00:15:51Z,1016,14,3,16,1,0,1,1,1,1781827126
2026-06-19T00:15:51Z,1017,11,1,9,1,0,1,1,1,1781826584
2026-06-19T00:15:51Z,1018,7,2,13,1,0,1,1,1,1781827008
2026-06-19T00:15:51Z,1019,12,6,2,1,0,1,1,1,1781827233
2026-06-19T00:15:51Z,1020,17,4,3,1,0,1,1,1,1781827902
2026-06-19T00:15:51Z,1021,3,1,12,0,0,1,1,1,1781826506
2026-06-19T00:15:51Z,1022,10,1,16,1,0,1,1,1,1781826438
2026-06-19T00:15:51Z,1023,7,0,16,0,0,1,1,1,1781826470
2026-06-19T00:15:51Z,1024,10,6,9,0,0,1,1,1,1781827148
2026-06-19T00:15:51Z,1025,15,0,4,0,0,1,1,1,1781827248
2026-06-19T00:15:51Z,1026,6,4,24,1,0,1,1,1,1781826775
2026-06-19T00:15:51Z,1028,12,1,11,0,0,1,1,1,1781827894
2026-06-19T00:15:51Z,1029,10,6,2,3,0,1,1,1,1781827630
2026-06-19T00:15:51Z,1030,9,3,14,0,0,1,1,1,1781827864
2026-06-19T00:15:51Z,1031,4,2,15,0,0,1,1,1,1781827032
2026-06-19T00:15:51Z,1032,9,1,10,0,0,1,1,1,1781827426
2026-06-19T00:15:51Z,1033,14,9,5,0,0,1,1,1,1781826710
2026-06-19T00:15:51Z,1034,1,0,14,0,0,1,1,1,1781826927
2026-06-19T00:15:51Z,1035,3,0,16,0,0,1,1,1,1781827258
2026-06-19T00:15:51Z,1036,14,2,1,0,0,1,1,1,1781827847
2026-06-19T00:15:51Z,1037,7,0,12,0,0,1,1,1,1781827638
2026-06-19T00:15:51Z,1038,5,0,10,0,0,1,1,1,1781827252
2026-06-19T00:15:51Z,1039,6,2,13,0,0,1,1,1,1781827293
2026-06-19T00:15:51Z,1040,13,4,6,0,0,1,1,1,1781827743
2026-06-19T00:15:51Z,1041,4,0,14,1,0,1,1,1,1781827827
2026-06-19T00:15:51Z,1042,7,0,8,0,0,1,1,1,1781826989
2026-06-19T00:15:51Z,1043,7,6,12,0,0,1,1,1,1781827704
2026-06-19T00:15:51Z,1044,0,0,15,0,0,1,1,1,1781827946
2026-06-19T00:15:51Z,1045,2,0,17,0,0,1,1,1,1781827254
2026-06-19T00:15:51Z,1046,9,1,3,3,0,1,1,1,1781827018
2026-06-19T00:15:51Z,1047,7,2,13,1,0,1,1,1,1781826752
2026-06-19T00:15:51Z,1048,13,1,6,0,0,1,1,1,1781827931
2026-06-19T00:15:51Z,1049,5,0,16,0,0,1,1,1,1781826760
2026-06-19T00:15:51Z,1050,5,0,15,1,0,1,1,1,1781827478
2026-06-19T00:15:51Z,1051,4,0,17,0,0,1,1,1,1781826475
2026-06-19T00:15:51Z,1052,3,0,18,1,0,1,1,1,1781827147
2026-06-19T00:15:51Z,1053,0,0,15,0,0,1,1,1,1781828018
2026-06-19T00:15:51Z,1054,8,5,7,0,0,1,1,1,1781827325
2026-06-19T00:15:51Z,1055,2,0,17,0,0,1,1,1,1781826470
2026-06-19T00:15:51Z,1057,15,1,4,0,0,1,1,1,1781827442
2026-06-19T00:15:51Z,1058,12,0,44,0,0,1,1,1,1781828091
2026-06-19T00:15:51Z,1059,0,0,18,1,0,1,1,1,1781826758
2026-06-19T00:15:51Z,1060,36,4,0,0,0,1,1,1,1781827881
2026-06-19T00:15:51Z,1061,1,0,36,0,0,1,1,1,1781826290
2026-06-19T00:15:51Z,1062,1,0,16,0,0,1,1,1,1781827448
2026-06-19T00:15:51Z,1063,14,3,4,1,0,1,1,1,1781827544
2026-06-19T00:15:51Z,1064,7,3,16,0,0,1,1,1,1781827715
2026-06-19T00:15:51Z,1065,11,4,12,0,0,1,1,1,1781827729
2026-06-19T00:15:51Z,1066,5,0,18,0,0,1,1,1,1781826383
2026-06-19T00:15:51Z,1067,12,0,10,1,0,1,1,1,1781826418
2026-06-19T00:15:51Z,1068,12,3,11,0,0,1,1,1,1781827980
2026-06-19T00:15:51Z,1069,4,1,19,0,0,1,1,1,1781826973
2026-06-19T00:15:51Z,1070,10,0,13,0,0,1,1,1,1781827849
2026-06-19T00:15:51Z,1071,9,2,14,0,0,1,1,1,1781827670
2026-06-19T00:15:51Z,1072,9,1,13,1,0,1,1,1,1781828002
2026-06-19T00:15:51Z,1073,21,2,6,0,0,1,1,1,1781828047
2026-06-19T00:15:51Z,1074,19,0,34,0,0,1,1,1,1781828123
2026-06-19T00:15:51Z,1075,12,7,7,2,0,1,1,1,1781827771
2026-06-19T00:15:51Z,1076,13,10,8,0,0,1,1,1,1781826740
2026-06-19T00:15:51Z,1077,13,10,8,0,0,1,1,1,1781827746
2026-06-19T00:15:51Z,1078,9,6,12,0,0,1,1,1,1781826533
2026-06-19T00:15:51Z,1079,9,7,12,0,0,1,1,1,1781828024
2026-06-19T00:15:51Z,1080,11,8,10,0,0,1,1,1,1781827817
2026-06-19T00:15:51Z,1081,13,8,6,0,0,1,1,1,1781827982
2026-06-19T00:15:51Z,1082,14,11,9,0,0,1,1,1,1781826385
2026-06-19T00:15:51Z,1083,11,8,10,0,0,1,1,1,1781827764
2026-06-19T00:15:51Z,1084,8,7,13,0,0,1,1,1,1781827859
2026-06-19T00:15:51Z,1085,14,11,7,0,0,1,1,1,1781827749
2026-06-19T00:15:51Z,1086,14,13,7,0,0,1,1,1,1781827675
2026-06-19T00:15:51Z,1087,6,6,9,0,0,1,1,1,1781827641
2026-06-19T00:15:51Z,1088,8,5,7,0,0,1,1,1,1781826718
2026-06-19T00:15:51Z,1089,7,7,8,0,0,1,1,1,1781828065
2026-06-19T00:15:51Z,1090,12,11,3,0,0,1,1,1,1781828102
2026-06-19T00:15:51Z,1091,10,8,5,0,0,1,1,1,1781827175
2026-06-19T00:15:51Z,1092,7,6,8,0,0,1,1,1,1781827927
2026-06-19T00:15:51Z,1093,7,6,8,0,0,1,1,1,1781827682
2026-06-19T00:15:51Z,1094,12,10,7,0,0,1,1,1,1781826747
2026-06-19T00:15:51Z,1095,7,6,8,0,0,1,1,1,1781827469
2026-06-19T00:15:51Z,1096,9,7,10,0,0,1,1,1,1781827060
2026-06-19T00:15:51Z,1097,9,7,6,0,0,1,1,1,1781828054
2026-06-19T00:15:51Z,1098,7,7,12,0,0,1,1,1,1781826457
2026-06-19T00:15:51Z,1099,6,6,9,0,0,1,1,1,1781827772
2026-06-19T00:15:51Z,1100,10,5,14,5,0,1,1,1,1781827659
2026-06-19T00:15:51Z,1101,11,5,10,0,0,1,1,1,1781826933
2026-06-19T00:15:51Z,1102,11,6,2,0,0,1,1,1,1781827777
2026-06-19T00:15:51Z,1103,10,6,10,1,0,1,1,1,1781826408
2026-06-19T00:15:51Z,1104,11,6,10,0,0,1,1,1,1781826922
2026-06-19T00:15:51Z,1105,8,4,5,0,0,1,1,1,1781827606
2026-06-19T00:15:51Z,1106,8,4,12,1,0,1,1,1,1781827207
2026-06-19T00:15:51Z,1107,10,5,5,0,0,1,1,1,1781827011
2026-06-19T00:15:51Z,1108,9,4,18,0,0,1,1,1,1781826881
2026-06-19T00:15:51Z,1109,10,5,5,0,0,1,1,1,1781827295
2026-06-19T00:15:51Z,1110,12,3,8,1,0,1,1,1,1781827484
2026-06-19T00:15:51Z,1111,11,5,10,0,0,1,1,1,1781827282
2026-06-19T00:15:51Z,1112,30,4,22,1,0,1,1,1,1781827597
2026-06-19T00:15:51Z,1113,3,1,18,0,0,1,1,1,1781826746
2026-06-19T00:15:51Z,1115,6,1,17,0,0,1,1,1,1781827873
2026-06-19T00:15:51Z,1116,3,3,16,0,0,1,1,1,1781827176
2026-06-19T00:15:51Z,1117,2,0,20,1,0,1,1,1,1781827833
2026-06-19T00:15:51Z,1118,18,0,3,0,0,1,1,1,1781828137
2026-06-19T00:15:51Z,1119,17,3,0,0,0,1,1,1,1781827705
2026-06-19T00:15:51Z,1120,12,4,7,0,0,1,1,1,1781827263
2026-06-19T00:15:51Z,1121,5,0,16,0,0,1,1,1,1781826514
2026-06-19T00:15:51Z,1122,5,1,15,1,0,1,1,1,1781828115
2026-06-19T00:15:51Z,1123,1,1,22,0,0,1,1,1,1781827532
2026-06-19T00:15:51Z,1124,9,1,5,1,0,1,1,1,1781827060
2026-06-19T00:15:51Z,1125,5,1,18,0,0,1,1,1,1781827577
2026-06-19T00:15:51Z,1126,7,1,13,0,1,1,1,1,1781826815
2026-06-19T00:15:51Z,1127,13,1,6,0,0,1,1,1,1781827562
2026-06-19T00:15:51Z,1128,10,3,5,0,0,1,1,1,1781826843
2026-06-19T00:15:51Z,1129,3,1,18,0,0,1,1,1,1781827770
2026-06-19T00:15:51Z,1130,2,0,11,2,0,1,1,1,1781828134
2026-06-19T00:15:51Z,1131,10,0,39,0,0,1,1,1,1781828121
2026-06-19T00:15:51Z,1132,5,1,15,1,0,1,1,1,1781827481
2026-06-19T00:15:51Z,1133,6,2,14,1,0,1,1,1,1781827993
2026-06-19T00:15:51Z,1134,10,5,9,0,0,1,1,1,1781827724
2026-06-19T00:15:51Z,1135,10,5,11,0,0,1,1,1,1781827167
2026-06-19T00:15:51Z,1136,5,0,18,0,0,1,1,1,1781827735
2026-06-19T00:15:51Z,1137,9,7,6,0,0,1,1,1,1781826945
2026-06-19T00:15:51Z,1138,1,0,18,0,0,1,1,1,1781826811
2026-06-19T00:15:51Z,1139,11,1,10,0,0,1,1,1,1781824241
2026-06-19T00:15:51Z,1140,17,3,4,2,0,1,1,1,1781827930
2026-06-19T00:15:51Z,1141,2,1,18,1,0,1,1,1,1781828048
2026-06-19T00:15:51Z,1142,1,0,20,0,0,1,1,1,1781827851
2026-06-19T00:15:51Z,1143,15,1,14,0,0,1,1,1,1781827930
2026-06-19T00:15:51Z,1144,7,0,14,0,0,1,1,1,1781826655
2026-06-19T00:15:51Z,1145,10,5,11,0,0,1,1,1,1781826963
2026-06-19T00:15:51Z,1146,3,1,16,0,0,1,1,1,1781828111
2026-06-19T00:15:51Z,1147,9,2,10,0,0,1,1,1,1781827151
2026-06-19T00:15:51Z,1148,19,0,12,0,0,1,1,1,1781827685
2026-06-19T00:15:51Z,1149,22,7,3,0,0,1,1,1,1781826772
2026-06-19T00:15:51Z,1150,11,0,8,0,0,1,1,1,1781827158
2026-06-19T00:15:51Z,1151,16,0,5,0,0,1,1,1,1781827418
2026-06-19T00:15:51Z,1152,11,0,18,0,0,1,1,1,1781827796
2026-06-19T00:15:51Z,1153,4,1,19,0,0,1,1,1,1781827837
2026-06-19T00:15:51Z,1154,12,1,4,3,0,1,1,1,1781827041
2026-06-19T00:15:51Z,1155,13,1,6,2,0,1,1,1,1781826867
2026-06-19T00:15:51Z,1158,10,1,9,0,0,1,1,1,1781827257
2026-06-19T00:15:51Z,1159,11,1,8,0,0,1,1,1,1781827725
2026-06-19T00:15:51Z,1160,5,0,14,0,0,1,1,1,1781827527
2026-06-19T00:15:51Z,1161,3,1,16,0,0,1,1,1,1781827574
2026-06-19T00:15:51Z,1162,9,0,10,0,0,1,1,1,1781826765
2026-06-19T00:15:51Z,1163,2,1,17,0,0,1,1,1,1781826986
2026-06-19T00:15:51Z,1164,7,1,11,1,0,1,1,1,1781827385
2026-06-19T00:15:51Z,1165,3,0,18,0,0,1,1,1,1781827728
2026-06-19T00:15:51Z,1166,3,1,17,1,0,1,1,1,1781827930
2026-06-19T00:15:51Z,1167,4,0,11,0,0,1,1,1,1781827221
2026-06-19T00:15:51Z,1168,4,0,19,0,0,1,1,1,1781827862
2026-06-19T00:15:51Z,1169,12,11,7,0,0,1,1,1,1781826355
2026-06-19T00:15:51Z,1170,3,0,18,0,0,1,1,1,1781826561
2026-06-19T00:15:51Z,1171,14,5,9,0,0,1,1,1,1781826819
2026-06-19T00:15:51Z,1172,8,0,7,0,0,1,1,1,1781827019
2026-06-19T00:15:51Z,1173,9,3,10,0,0,1,1,1,1781827343
2026-06-19T00:15:51Z,1174,5,4,10,0,0,1,1,1,1781826966
2026-06-19T00:15:51Z,1175,8,4,11,0,0,1,1,1,1781826831
2026-06-19T00:15:51Z,1176,15,0,5,1,0,1,1,1,1781827725
2026-06-19T00:15:51Z,1177,7,0,14,0,0,1,1,1,1781826488
2026-06-19T00:15:51Z,1178,4,1,11,0,0,1,1,1,1781827151
2026-06-19T00:15:51Z,1181,3,0,12,0,0,1,1,1,1781827547
2026-06-19T00:15:51Z,1182,12,0,8,0,0,1,1,1,1781827997
2026-06-19T00:15:51Z,1183,15,1,22,0,0,1,1,1,1781827865
2026-06-19T00:15:51Z,1184,6,6,13,2,0,1,1,1,1781827746
2026-06-19T00:15:51Z,1185,12,6,9,0,0,1,1,1,1781826826
2026-06-19T00:15:51Z,1186,10,5,9,0,0,1,1,1,1781827210
2026-06-19T00:15:51Z,1190,10,5,11,0,0,1,1,1,1781827262
2026-06-19T00:15:51Z,1192,11,6,10,0,0,1,1,1,1781827191
2026-06-19T00:15:51Z,1193,6,4,7,0,0,1,1,1,1781827241
2026-06-19T00:15:51Z,1197,9,6,8,0,0,1,1,1,1781826665
2026-06-19T00:15:51Z,1198,10,7,11,0,0,1,1,1,1781826574
2026-06-19T00:15:51Z,1199,9,6,9,1,0,1,1,1,1781827850
2026-06-19T00:15:51Z,1222,0,0,0,0,0,0,1,1,86400
2026-06-19T00:15:51Z,1223,0,0,0,0,0,0,1,1,86400
