snapshot_utc,station_id,num_bikes_available,num_ebikes_available,num_docks_available,num_bikes_disabled,num_docks_disabled,is_installed,is_renting,is_returning,last_reported
2026-08-13T04:25:45Z,1,0,0,23,0,0,1,1,1,1786593760
2026-08-13T04:25:45Z,2,11,1,14,2,0,1,1,1,1786594482
2026-08-13T04:25:45Z,3,13,0,1,0,0,1,1,1,1786591614
2026-08-13T04:25:45Z,4,4,0,18,0,0,1,1,1,1786594689
2026-08-13T04:25:45Z,5,8,5,13,2,0,1,1,1,1786593917
2026-08-13T04:25:45Z,6,12,1,3,0,0,1,1,1,1786595051
2026-08-13T04:25:45Z,7,5,0,34,0,0,1,1,1,1786594665
2026-08-13T04:25:45Z,8,6,0,37,0,0,1,1,1,1786594252
2026-08-13T04:25:45Z,9,0,0,22,1,0,1,1,1,1786594776
2026-08-13T04:25:45Z,10,10,5,11,2,0,1,1,1,1786593658
2026-08-13T04:25:45Z,11,17,4,2,0,0,1,1,1,1786595061
2026-08-13T04:25:45Z,12,0,0,22,1,0,1,1,1,1786587160
2026-08-13T04:25:45Z,13,5,2,24,1,0,1,1,1,1786594951
2026-08-13T04:25:45Z,14,11,0,30,1,1,1,1,1,1786592654
2026-08-13T04:25:45Z,15,14,0,1,0,0,1,1,1,1786593612
2026-08-13T04:25:45Z,16,7,3,19,0,1,1,1,1,1786592725
2026-08-13T04:25:45Z,17,27,1,0,0,0,1,1,1,1786591461
2026-08-13T04:25:45Z,18,14,1,5,0,0,1,1,1,1786595017
2026-08-13T04:25:45Z,19,18,1,9,0,0,1,1,1,1786594765
2026-08-13T04:25:45Z,20,10,0,25,0,0,1,1,1,1786594604
2026-08-13T04:25:45Z,21,14,1,4,0,1,1,1,1,1786595001
2026-08-13T04:25:45Z,22,39,0,25,1,0,1,1,1,1786592713
2026-08-13T04:25:45Z,23,0,0,29,2,0,1,1,1,1786593070
2026-08-13T04:25:45Z,24,0,0,9,2,0,1,1,1,1786595134
2026-08-13T04:25:45Z,25,10,6,69,2,0,1,1,1,1786594827
2026-08-13T04:25:45Z,26,0,0,27,0,0,1,1,1,1786591372
2026-08-13T04:25:45Z,28,14,0,0,1,0,1,1,1,1786587824
2026-08-13T04:25:45Z,30,7,0,22,0,0,1,1,1,1786594336
2026-08-13T04:25:45Z,31,0,0,18,1,0,1,1,1,1786595023
2026-08-13T04:25:45Z,32,20,0,7,0,0,1,1,1,1786593135
2026-08-13T04:25:45Z,34,24,1,12,1,0,1,1,1,1786588575
2026-08-13T04:25:45Z,35,7,0,39,1,0,1,1,1,1786594630
2026-08-13T04:25:45Z,36,0,0,0,0,0,0,1,1,86400
2026-08-13T04:25:45Z,37,0,0,22,1,0,1,1,1,1786593501
2026-08-13T04:25:45Z,38,2,0,20,1,0,1,1,1,1786591732
2026-08-13T04:25:45Z,39,22,2,12,1,0,1,1,1,1786591112
2026-08-13T04:25:45Z,40,0,0,21,0,0,1,1,1,1786593414
2026-08-13T04:25:45Z,41,12,0,31,0,0,1,1,1,1786594324
2026-08-13T04:25:45Z,42,13,11,18,0,0,1,1,1,1786594454
2026-08-13T04:25:45Z,43,5,2,18,0,0,1,1,1,1786594692
2026-08-13T04:25:45Z,45,1,1,28,0,0,1,1,1,1786593888
2026-08-13T04:25:45Z,46,11,0,18,2,0,1,1,1,1786594470
2026-08-13T04:25:45Z,47,5,0,8,2,0,1,1,1,1786594177
2026-08-13T04:25:45Z,48,15,0,12,0,0,1,1,1,1786595041
2026-08-13T04:25:45Z,49,6,0,13,4,0,1,1,1,1786595138
2026-08-13T04:25:45Z,50,4,0,13,2,0,1,1,1,1786593620
2026-08-13T04:25:45Z,51,42,0,34,1,0,1,1,1,1786594912
2026-08-13T04:25:45Z,52,4,0,19,4,0,1,1,1,1786595117
2026-08-13T04:25:45Z,55,0,0,23,0,0,1,1,1,1786590588
2026-08-13T04:25:45Z,56,10,0,31,2,0,1,1,1,1786595128
2026-08-13T04:25:45Z,57,0,0,27,0,0,1,1,1,1786595064
2026-08-13T04:25:45Z,58,5,5,23,0,0,1,1,1,1786593970
2026-08-13T04:25:45Z,59,1,1,24,1,0,1,1,1,1786594901
2026-08-13T04:25:45Z,61,2,0,35,2,0,1,1,1,1786591108
2026-08-13T04:25:45Z,62,1,1,45,2,0,1,1,1,1786595025
2026-08-13T04:25:45Z,63,1,0,18,0,0,1,1,1,1786593399
2026-08-13T04:25:45Z,64,3,0,13,3,0,1,1,1,1786588177
2026-08-13T04:25:45Z,65,8,2,10,0,1,1,1,1,1786592207
2026-08-13T04:25:45Z,67,6,1,33,0,0,1,1,1,1786594338
2026-08-13T04:25:45Z,68,0,0,37,0,0,1,1,1,1786587287
2026-08-13T04:25:45Z,69,10,1,4,1,0,1,1,1,1786594934
2026-08-13T04:25:45Z,71,0,0,25,2,0,1,1,1,1786594926
2026-08-13T04:25:45Z,72,17,1,11,2,1,1,1,1,1786593911
2026-08-13T04:25:45Z,73,1,0,29,1,0,1,1,1,1786591871
2026-08-13T04:25:45Z,74,11,3,8,0,0,1,1,1,1786592050
2026-08-13T04:25:45Z,75,0,0,31,1,0,1,1,1,1786594539
2026-08-13T04:25:45Z,76,10,1,9,0,0,1,1,1,1786595029
2026-08-13T04:25:45Z,77,24,0,3,0,0,1,1,1,1786594763
2026-08-13T04:25:45Z,78,8,7,15,0,0,1,1,1,1786594434
2026-08-13T04:25:45Z,79,1,0,16,0,0,1,1,1,1786595063
2026-08-13T04:25:45Z,80,8,1,12,3,0,1,1,1,1786595124
2026-08-13T04:25:45Z,81,18,0,9,4,0,1,1,1,1786594030
2026-08-13T04:25:45Z,82,8,0,15,0,0,1,1,1,1786594600
2026-08-13T04:25:45Z,83,4,4,28,1,0,1,1,1,1786595071
2026-08-13T04:25:45Z,84,20,1,6,1,0,1,1,1,1786594957
2026-08-13T04:25:45Z,85,10,0,4,1,0,1,1,1,1786589347
2026-08-13T04:25:45Z,86,13,4,13,1,0,1,1,1,1786594415
2026-08-13T04:25:45Z,87,2,0,17,0,0,1,1,1,1786593260
2026-08-13T04:25:45Z,88,0,0,41,2,0,1,1,1,1786591257
2026-08-13T04:25:45Z,89,21,0,13,1,0,1,1,1,1786593875
2026-08-13T04:25:45Z,90,18,0,1,0,0,1,1,1,1786590175
2026-08-13T04:25:45Z,91,7,0,9,1,0,1,1,1,1786593153
2026-08-13T04:25:45Z,92,17,1,0,2,0,1,1,1,1786595045
2026-08-13T04:25:45Z,93,20,0,3,0,0,1,1,1,1786595056
2026-08-13T04:25:45Z,94,16,0,2,1,0,1,1,1,1786595136
2026-08-13T04:25:45Z,95,28,0,4,2,1,1,1,1,1786595138
2026-08-13T04:25:45Z,96,14,1,16,1,0,1,1,1,1786595059
2026-08-13T04:25:45Z,97,0,0,0,2,15,0,1,1,1786595053
2026-08-13T04:25:45Z,98,15,0,19,1,0,1,1,1,1786594811
2026-08-13T04:25:45Z,99,16,4,0,0,0,1,1,1,1786594756
2026-08-13T04:25:45Z,100,26,0,0,1,0,1,1,1,1786594901
2026-08-13T04:25:45Z,101,14,2,0,1,0,1,1,1,1786594106
2026-08-13T04:25:45Z,102,20,0,3,0,0,1,1,1,1786594976
2026-08-13T04:25:45Z,103,22,3,1,6,1,1,1,1,1786595073
2026-08-13T04:25:45Z,104,1,0,24,1,1,1,1,1,1786594884
2026-08-13T04:25:45Z,105,18,2,0,1,0,1,1,1,1786588963
2026-08-13T04:25:45Z,106,0,0,20,1,0,1,1,1,1786593274
2026-08-13T04:25:45Z,107,15,1,20,2,0,1,1,1,1786594408
2026-08-13T04:25:45Z,108,35,0,0,0,0,1,1,1,1786591690
2026-08-13T04:25:45Z,109,19,1,3,1,0,1,1,1,1786594663
2026-08-13T04:25:45Z,110,9,0,14,0,0,1,1,1,1786594679
2026-08-13T04:25:45Z,111,2,0,32,2,0,1,1,1,1786594922
2026-08-13T04:25:45Z,112,13,0,1,1,0,1,1,1,1786594353
2026-08-13T04:25:45Z,113,8,2,11,0,0,1,1,1,1786594892
2026-08-13T04:25:45Z,114,11,0,15,4,1,1,1,1,1786595139
2026-08-13T04:25:45Z,115,9,0,19,1,0,1,1,1,1786592745
2026-08-13T04:25:45Z,116,1,0,24,2,0,1,1,1,1786589605
2026-08-13T04:25:45Z,118,18,4,2,3,0,1,1,1,1786594791
2026-08-13T04:25:45Z,119,34,0,1,3,0,1,1,1,1786594441
2026-08-13T04:25:45Z,120,22,3,2,2,0,1,1,1,1786590997
2026-08-13T04:25:45Z,121,16,3,2,0,1,1,1,1,1786594977
2026-08-13T04:25:45Z,122,18,0,2,1,0,1,1,1,1786594222
2026-08-13T04:25:45Z,123,5,0,39,0,0,1,1,1,1786594914
2026-08-13T04:25:45Z,124,24,3,11,0,0,1,1,1,1786594856
2026-08-13T04:25:45Z,125,0,0,21,2,0,1,1,1,1786592353
2026-08-13T04:25:45Z,126,28,5,3,0,0,1,1,1,1786591743
2026-08-13T04:25:45Z,127,22,0,11,2,0,1,1,1,1786595140
2026-08-13T04:25:45Z,128,12,0,7,0,0,1,1,1,1786593975
2026-08-13T04:25:45Z,129,17,10,1,1,0,1,1,1,1786594841
2026-08-13T04:25:45Z,130,10,0,7,0,0,1,1,1,1786593171
2026-08-13T04:25:45Z,131,3,0,5,3,0,1,1,1,1786589770
2026-08-13T04:25:45Z,132,1,0,13,0,1,1,1,1,1786595010
2026-08-13T04:25:45Z,133,2,1,20,1,0,1,1,1,1786594816
2026-08-13T04:25:45Z,134,1,0,20,0,0,1,1,1,1786591700
2026-08-13T04:25:45Z,135,18,2,0,1,0,1,1,1,1786591943
2026-08-13T04:25:45Z,136,21,2,1,0,0,1,1,1,1786592303
2026-08-13T04:25:45Z,137,11,0,8,0,0,1,1,1,1786594549
2026-08-13T04:25:45Z,138,31,2,6,0,0,1,1,1,1786595128
2026-08-13T04:25:45Z,139,19,0,0,0,0,1,1,1,1786592521
2026-08-13T04:25:45Z,140,21,1,1,1,0,1,1,1,1786595136
2026-08-13T04:25:45Z,141,36,10,0,1,0,1,1,1,1786593270
2026-08-13T04:25:45Z,142,13,5,10,0,0,1,1,1,1786594848
2026-08-13T04:25:45Z,143,26,0,5,0,0,1,1,1,1786595104
2026-08-13T04:25:45Z,144,24,1,3,0,0,1,1,1,1786593910
2026-08-13T04:25:45Z,145,20,0,4,2,0,1,1,1,1786595138
2026-08-13T04:25:45Z,146,9,0,13,1,0,1,1,1,1786593806
2026-08-13T04:25:45Z,147,7,1,10,2,0,1,1,1,1786593898
2026-08-13T04:25:45Z,148,24,7,1,1,1,1,1,1,1786595099
2026-08-13T04:25:45Z,149,20,2,4,3,0,1,1,1,1786594852
2026-08-13T04:25:45Z,150,31,1,2,2,0,1,1,1,1786594902
2026-08-13T04:25:45Z,151,23,6,0,0,0,1,1,1,1786595023
2026-08-13T04:25:45Z,152,10,1,14,1,1,1,1,1,1786594922
2026-08-13T04:25:45Z,153,26,1,0,2,0,1,1,1,1786595138
2026-08-13T04:25:45Z,154,10,2,12,1,0,1,1,1,1786594416
2026-08-13T04:25:45Z,155,3,2,9,2,0,1,1,1,1786594992
2026-08-13T04:25:45Z,156,14,1,3,0,0,1,1,1,1786594539
2026-08-13T04:25:45Z,157,6,1,21,0,0,1,1,1,1786594816
2026-08-13T04:25:45Z,158,18,11,0,1,0,1,1,1,1786595022
2026-08-13T04:25:45Z,159,17,9,1,1,0,1,1,1,1786594590
2026-08-13T04:25:45Z,160,18,2,1,0,0,1,1,1,1786594954
2026-08-13T04:25:45Z,161,6,1,16,0,0,1,1,1,1786594721
2026-08-13T04:25:45Z,162,1,0,23,1,1,1,1,1,1786594289
2026-08-13T04:25:45Z,163,28,2,1,1,1,1,1,1,1786594892
2026-08-13T04:25:45Z,164,24,4,2,1,0,1,1,1,1786595072
2026-08-13T04:25:45Z,165,28,8,0,2,1,1,1,1,1786594829
2026-08-13T04:25:45Z,166,6,5,27,5,1,1,1,1,1786595132
2026-08-13T04:25:45Z,167,22,11,1,0,0,1,1,1,1786594492
2026-08-13T04:25:45Z,168,1,1,23,3,0,1,1,1,1786594956
2026-08-13T04:25:45Z,169,0,0,21,1,0,1,1,1,1786594054
2026-08-13T04:25:45Z,170,14,5,4,1,0,1,1,1,1786595047
2026-08-13T04:25:45Z,171,10,4,0,3,0,1,1,1,1786594930
2026-08-13T04:25:45Z,173,29,0,10,0,0,1,1,1,1786594949
2026-08-13T04:25:45Z,174,23,1,2,1,0,1,1,1,1786594778
2026-08-13T04:25:45Z,175,5,0,24,2,0,1,1,1,1786594843
2026-08-13T04:25:45Z,176,5,5,5,4,1,1,1,1,1786594740
2026-08-13T04:25:45Z,177,22,2,5,0,0,1,1,1,1786594115
2026-08-13T04:25:45Z,178,10,0,2,2,1,1,1,1,1786595139
2026-08-13T04:25:45Z,179,4,2,8,2,0,1,1,1,1786595012
2026-08-13T04:25:45Z,180,12,0,18,0,0,1,1,1,1786594022
2026-08-13T04:25:45Z,181,10,6,4,1,0,1,1,1,1786594282
2026-08-13T04:25:45Z,182,10,1,7,0,0,1,1,1,1786592835
2026-08-13T04:25:45Z,183,7,5,16,0,0,1,1,1,1786594800
2026-08-13T04:25:45Z,184,0,0,22,0,1,1,1,1,1786594970
2026-08-13T04:25:45Z,185,12,4,1,1,1,1,1,1,1786594987
2026-08-13T04:25:45Z,186,15,5,4,0,0,1,1,1,1786594730
2026-08-13T04:25:45Z,187,0,0,28,0,0,1,1,1,1786591348
2026-08-13T04:25:45Z,188,1,0,21,1,0,1,1,1,1786594876
2026-08-13T04:25:45Z,189,5,3,10,0,0,1,1,1,1786592109
2026-08-13T04:25:45Z,190,0,0,23,0,0,1,1,1,1786594842
2026-08-13T04:25:45Z,191,0,0,38,1,0,1,1,1,1786594488
2026-08-13T04:25:45Z,192,7,7,22,2,0,1,1,1,1786594963
2026-08-13T04:25:45Z,193,14,7,0,1,0,1,1,1,1786595119
2026-08-13T04:25:45Z,194,10,0,17,0,0,1,1,1,1786594514
2026-08-13T04:25:45Z,195,0,0,18,0,0,1,1,1,1786594341
2026-08-13T04:25:45Z,196,16,6,11,0,0,1,1,1,1786595117
2026-08-13T04:25:45Z,197,19,0,0,0,0,1,1,1,1786591041
2026-08-13T04:25:45Z,198,3,1,20,0,0,1,1,1,1786594981
2026-08-13T04:25:45Z,199,11,3,2,2,0,1,1,1,1786594941
2026-08-13T04:25:45Z,200,0,0,25,1,0,1,1,1,1786594602
2026-08-13T04:25:45Z,201,18,4,4,1,0,1,1,1,1786594887
2026-08-13T04:25:45Z,202,2,0,21,0,4,1,1,1,1786594862
2026-08-13T04:25:45Z,203,25,0,6,0,0,1,1,1,1786595023
2026-08-13T04:25:45Z,204,31,5,3,1,0,1,1,1,1786593729
2026-08-13T04:25:45Z,205,4,0,23,0,0,1,1,1,1786594333
2026-08-13T04:25:45Z,206,1,1,13,1,0,1,1,1,1786594807
2026-08-13T04:25:45Z,207,17,0,4,0,0,1,1,1,1786595062
2026-08-13T04:25:45Z,208,1,1,27,1,0,1,1,1,1786594050
2026-08-13T04:25:45Z,209,28,2,1,2,0,1,1,1,1786595092
2026-08-13T04:25:45Z,210,21,3,5,1,0,1,1,1,1786593870
2026-08-13T04:25:45Z,211,13,7,9,1,0,1,1,1,1786593678
2026-08-13T04:25:45Z,212,26,2,9,0,0,1,1,1,1786593469
2026-08-13T04:25:45Z,213,3,0,15,1,3,1,1,1,1786594970
2026-08-13T04:25:45Z,214,19,13,27,1,0,1,1,1,1786594417
2026-08-13T04:25:45Z,215,0,0,23,0,0,1,1,1,1786590820
2026-08-13T04:25:45Z,216,18,1,0,1,0,1,1,1,1786594120
2026-08-13T04:25:45Z,217,17,0,11,1,0,1,1,1,1786595103
2026-08-13T04:25:45Z,218,27,5,7,3,2,1,1,1,1786595064
2026-08-13T04:25:45Z,219,24,0,2,0,0,1,1,1,1786594219
2026-08-13T04:25:45Z,220,29,27,14,0,0,1,1,1,1786595070
2026-08-13T04:25:45Z,221,10,9,5,0,0,1,1,1,1786594840
2026-08-13T04:25:45Z,222,13,10,6,0,0,1,1,1,1786594183
2026-08-13T04:25:45Z,223,5,2,27,3,0,1,1,1,1786595014
2026-08-13T04:25:45Z,224,7,5,14,1,0,1,1,1,1786595016
2026-08-13T04:25:45Z,225,6,0,2,10,1,1,1,1,1786584495
2026-08-13T04:25:45Z,226,25,4,3,3,0,1,1,1,1786594579
2026-08-13T04:25:45Z,227,13,3,14,0,0,1,1,1,1786594616
2026-08-13T04:25:45Z,228,3,1,11,5,0,1,1,1,1786593576
2026-08-13T04:25:45Z,230,25,3,1,0,0,1,1,1,1786594132
2026-08-13T04:25:45Z,232,12,5,3,2,0,1,1,1,1786595105
2026-08-13T04:25:45Z,233,12,2,17,2,0,1,1,1,1786594211
2026-08-13T04:25:45Z,234,5,1,8,4,2,1,1,1,1786593634
2026-08-13T04:25:45Z,236,5,1,12,2,0,1,1,1,1786590106
2026-08-13T04:25:45Z,237,20,3,0,3,0,1,1,1,1786590973
2026-08-13T04:25:45Z,239,9,9,16,2,0,1,1,1,1786594590
2026-08-13T04:25:45Z,241,23,11,0,0,0,1,1,1,1786593738
2026-08-13T04:25:45Z,242,17,9,6,0,0,1,1,1,1786594714
2026-08-13T04:25:45Z,243,0,0,30,1,0,1,1,1,1786594755
2026-08-13T04:25:45Z,244,19,5,7,1,0,1,1,1,1786594577
2026-08-13T04:25:45Z,245,2,2,21,0,0,1,1,1,1786594775
2026-08-13T04:25:45Z,246,2,0,21,0,0,1,1,1,1786594978
2026-08-13T04:25:45Z,247,0,0,23,0,0,1,1,1,1786592963
2026-08-13T04:25:45Z,248,0,0,21,2,0,1,1,1,1786593238
2026-08-13T04:25:45Z,249,0,0,19,0,0,1,1,1,1786590618
2026-08-13T04:25:45Z,250,0,0,25,2,0,1,1,1,1786594022
2026-08-13T04:25:45Z,251,1,0,24,2,0,1,1,1,1786594340
2026-08-13T04:25:45Z,253,4,4,14,1,0,1,1,1,1786594380
2026-08-13T04:25:45Z,254,12,4,26,5,0,1,1,1,1786594986
2026-08-13T04:25:45Z,255,16,0,6,0,1,1,1,1,1786595122
2026-08-13T04:25:45Z,256,18,8,4,1,0,1,1,1,1786594948
2026-08-13T04:25:45Z,257,19,10,0,0,0,1,1,1,1786593855
2026-08-13T04:25:45Z,258,1,0,16,2,0,1,1,1,1786595021
2026-08-13T04:25:45Z,259,17,4,4,1,1,1,1,1,1786595139
2026-08-13T04:25:45Z,260,13,2,4,2,0,1,1,1,1786594574
2026-08-13T04:25:45Z,261,15,0,2,1,1,1,1,1,1786594747
2026-08-13T04:25:45Z,262,20,7,0,3,0,1,1,1,1786595132
2026-08-13T04:25:45Z,263,11,5,3,1,0,1,1,1,1786593799
2026-08-13T04:25:45Z,264,15,7,2,2,0,1,1,1,1786594920
2026-08-13T04:25:45Z,265,3,2,6,3,3,1,1,1,1786595012
2026-08-13T04:25:45Z,266,3,0,9,7,0,1,1,1,1786594746
2026-08-13T04:25:45Z,267,4,3,10,1,0,1,1,1,1786585914
2026-08-13T04:25:45Z,268,5,2,16,2,0,1,1,1,1786593431
2026-08-13T04:25:45Z,269,7,5,16,0,0,1,1,1,1786594628
2026-08-13T04:25:45Z,270,22,5,5,0,0,1,1,1,1786594911
2026-08-13T04:25:45Z,271,2,2,14,3,0,1,1,1,1786594349
2026-08-13T04:25:45Z,272,9,4,14,0,0,1,1,1,1786595044
2026-08-13T04:25:45Z,273,10,7,1,4,0,1,1,1,1786592688
2026-08-13T04:25:45Z,274,13,4,6,0,0,1,1,1,1786593814
2026-08-13T04:25:45Z,275,5,0,11,4,2,1,1,1,1786594867
2026-08-13T04:25:45Z,276,5,4,22,0,0,1,1,1,1786594624
2026-08-13T04:25:45Z,277,0,0,18,4,1,1,1,1,1786590150
2026-08-13T04:25:45Z,278,2,2,26,3,0,1,1,1,1786595130
2026-08-13T04:25:45Z,279,12,7,6,1,0,1,1,1,1786593870
2026-08-13T04:25:45Z,280,1,0,27,3,0,1,1,1,1786595031
2026-08-13T04:25:45Z,281,15,2,3,1,0,1,1,1,1786593738
2026-08-13T04:25:45Z,282,8,0,4,5,1,1,1,1,1786594993
2026-08-13T04:25:45Z,283,18,3,17,0,0,1,1,1,1786595054
2026-08-13T04:25:45Z,284,31,7,4,0,0,1,1,1,1786595010
2026-08-13T04:25:45Z,285,3,2,20,0,0,1,1,1,1786595073
2026-08-13T04:25:45Z,286,20,8,0,3,0,1,1,1,1786594427
2026-08-13T04:25:45Z,287,12,7,6,5,0,1,1,1,1786595089
2026-08-13T04:25:45Z,288,11,10,7,1,0,1,1,1,1786593344
2026-08-13T04:25:45Z,289,5,2,20,2,0,1,1,1,1786594899
2026-08-13T04:25:45Z,290,11,1,24,4,0,1,1,1,1786595130
2026-08-13T04:25:45Z,291,21,0,1,1,0,1,1,1,1786594524
2026-08-13T04:25:45Z,292,15,4,8,0,0,1,1,1,1786594899
2026-08-13T04:25:45Z,293,5,2,18,0,0,1,1,1,1786595124
2026-08-13T04:25:45Z,294,1,1,20,1,0,1,1,1,1786595021
2026-08-13T04:25:45Z,297,12,0,5,1,1,1,1,1,1786594741
2026-08-13T04:25:45Z,301,9,1,10,0,0,1,1,1,1786593053
2026-08-13T04:25:45Z,302,14,0,7,2,0,1,1,1,1786593053
2026-08-13T04:25:45Z,303,7,0,12,0,0,1,1,1,1786590835
2026-08-13T04:25:45Z,304,0,0,0,0,0,0,1,1,86400
2026-08-13T04:25:45Z,305,5,0,12,2,0,1,1,1,1786595136
2026-08-13T04:25:45Z,306,3,0,28,1,0,1,1,1,1786593950
2026-08-13T04:25:45Z,307,7,0,14,2,0,1,1,1,1786594165
2026-08-13T04:25:45Z,308,12,0,5,2,0,1,1,1,1786594503
2026-08-13T04:25:45Z,309,12,5,2,0,0,1,1,1,1786594916
2026-08-13T04:25:45Z,311,15,1,0,0,0,1,1,1,1786593917
2026-08-13T04:25:45Z,312,14,8,5,3,1,1,1,1,1786595124
2026-08-13T04:25:45Z,313,11,1,4,0,0,1,1,1,1786591348
2026-08-13T04:25:45Z,314,9,0,8,2,0,1,1,1,1786589709
2026-08-13T04:25:45Z,315,3,2,23,4,1,1,1,1,1786592833
2026-08-13T04:25:45Z,316,24,3,5,1,0,1,1,1,1786594998
2026-08-13T04:25:45Z,317,5,4,22,4,0,1,1,1,1786592105
2026-08-13T04:25:45Z,318,11,1,6,1,0,1,1,1,1786594666
2026-08-13T04:25:45Z,319,15,4,7,1,0,1,1,1,1786594294
2026-08-13T04:25:45Z,320,15,2,3,1,0,1,1,1,1786594566
2026-08-13T04:25:45Z,321,6,0,9,4,0,1,1,1,1786594996
2026-08-13T04:25:45Z,322,6,2,21,1,1,1,1,1,1786595135
2026-08-13T04:25:45Z,323,2,0,12,5,0,1,1,1,1786595034
2026-08-13T04:25:45Z,324,7,1,19,1,0,1,1,1,1786595131
2026-08-13T04:25:45Z,325,7,1,18,2,0,1,1,1,1786594952
2026-08-13T04:25:45Z,327,21,0,5,1,0,1,1,1,1786595024
2026-08-13T04:25:45Z,328,9,0,13,0,0,1,1,1,1786594444
2026-08-13T04:25:45Z,329,3,1,16,0,0,1,1,1,1786590607
2026-08-13T04:25:45Z,330,12,1,7,3,0,1,1,1,1786595117
2026-08-13T04:25:45Z,331,6,1,17,0,0,1,1,1,1786594735
2026-08-13T04:25:45Z,332,3,1,14,2,0,1,1,1,1786593585
2026-08-13T04:25:45Z,333,4,2,17,2,0,1,1,1,1786594880
2026-08-13T04:25:45Z,334,4,1,19,0,0,1,1,1,1786593705
2026-08-13T04:25:45Z,335,2,2,20,0,1,1,1,1,1786593501
2026-08-13T04:25:45Z,336,9,2,7,3,0,1,1,1,1786595009
2026-08-13T04:25:45Z,337,10,3,7,6,0,1,1,1,1786595109
2026-08-13T04:25:45Z,338,16,1,2,1,0,1,1,1,1786594545
2026-08-13T04:25:45Z,339,4,0,19,0,0,1,1,1,1786595091
2026-08-13T04:25:45Z,340,7,5,6,2,0,1,1,1,1786594625
2026-08-13T04:25:45Z,341,16,9,3,0,0,1,1,1,1786594267
2026-08-13T04:25:45Z,342,7,1,6,2,0,1,1,1,1786593503
2026-08-13T04:25:45Z,343,10,3,8,5,0,1,1,1,1786595006
2026-08-13T04:25:45Z,344,10,6,11,2,0,1,1,1,1786594280
2026-08-13T04:25:45Z,345,16,0,3,0,0,1,1,1,1786594572
2026-08-13T04:25:45Z,346,2,2,20,0,1,1,1,1,1786595066
2026-08-13T04:25:45Z,347,14,0,27,2,0,1,1,1,1786595136
2026-08-13T04:25:45Z,348,5,1,15,2,1,1,1,1,1786595071
2026-08-13T04:25:45Z,349,2,1,17,0,0,1,1,1,1786592644
2026-08-13T04:25:45Z,350,13,2,14,0,0,1,1,1,1786593942
2026-08-13T04:25:45Z,351,14,0,5,3,1,1,1,1,1786595053
2026-08-13T04:25:45Z,355,18,2,5,0,0,1,1,1,1786594277
2026-08-13T04:25:45Z,356,10,3,6,3,0,1,1,1,1786594220
2026-08-13T04:25:45Z,357,1,1,18,0,0,1,1,1,1786594565
2026-08-13T04:25:45Z,358,15,7,12,0,0,1,1,1,1786593807
2026-08-13T04:25:45Z,359,14,3,11,2,0,1,1,1,1786594869
2026-08-13T04:25:45Z,360,15,4,2,2,0,1,1,1,1786594976
2026-08-13T04:25:45Z,362,15,10,1,3,0,1,1,1,1786590991
2026-08-13T04:25:45Z,363,9,0,18,0,0,1,1,1,1786594621
2026-08-13T04:25:45Z,364,18,0,1,0,0,1,1,1,1786593729
2026-08-13T04:25:45Z,365,13,1,7,3,0,1,1,1,1786594831
2026-08-13T04:25:45Z,366,17,16,2,4,0,1,1,1,1786594175
2026-08-13T04:25:45Z,367,15,2,2,2,0,1,1,1,1786592579
2026-08-13T04:25:45Z,368,4,3,18,1,0,1,1,1,1786594864
2026-08-13T04:25:45Z,370,11,9,23,1,0,1,1,1,1786594243
2026-08-13T04:25:45Z,371,10,4,8,1,0,1,1,1,1786594559
2026-08-13T04:25:45Z,372,14,5,0,1,0,1,1,1,1786594321
2026-08-13T04:25:45Z,373,25,7,0,2,0,1,1,1,1786594970
2026-08-13T04:25:45Z,374,6,3,12,1,0,1,1,1,1786595053
2026-08-13T04:25:45Z,375,17,6,6,4,0,1,1,1,1786594011
2026-08-13T04:25:45Z,376,35,12,1,3,0,1,1,1,1786594592
2026-08-13T04:25:45Z,377,16,4,10,1,0,1,1,1,1786594217
2026-08-13T04:25:45Z,378,15,3,5,4,0,1,1,1,1786594839
2026-08-13T04:25:45Z,379,25,0,0,2,0,1,1,1,1786592838
2026-08-13T04:25:45Z,380,13,3,9,1,0,1,1,1,1786594973
2026-08-13T04:25:45Z,381,22,0,1,0,0,1,1,1,1786595049
2026-08-13T04:25:45Z,383,8,0,7,0,0,1,1,1,1786594523
2026-08-13T04:25:45Z,384,20,1,6,1,0,1,1,1,1786593553
2026-08-13T04:25:45Z,385,6,5,11,1,0,1,1,1,1786593094
2026-08-13T04:25:45Z,387,17,1,6,0,0,1,1,1,1786594000
2026-08-13T04:25:45Z,388,1,0,42,5,1,1,1,1,1786595130
2026-08-13T04:25:45Z,389,3,2,11,1,0,1,1,1,1786591890
2026-08-13T04:25:45Z,390,31,1,3,1,0,1,1,1,1786595129
2026-08-13T04:25:45Z,391,12,6,3,0,0,1,1,1,1786591725
2026-08-13T04:25:45Z,392,4,3,13,2,0,1,1,1,1786595138
2026-08-13T04:25:45Z,393,0,0,9,2,0,1,1,1,1786583941
2026-08-13T04:25:45Z,394,9,1,2,2,0,1,1,1,1786595137
2026-08-13T04:25:45Z,396,0,0,39,2,1,1,1,1,1786593687
2026-08-13T04:25:45Z,397,1,0,30,0,0,1,1,1,1786589475
2026-08-13T04:25:45Z,399,14,5,1,3,0,1,1,1,1786594451
2026-08-13T04:25:45Z,400,18,16,1,4,0,1,1,1,1786594447
2026-08-13T04:25:45Z,401,2,0,37,0,0,1,1,1,1786595018
2026-08-13T04:25:45Z,403,4,2,25,2,0,1,1,1,1786595033
2026-08-13T04:25:45Z,404,16,2,7,0,0,1,1,1,1786595070
2026-08-13T04:25:45Z,406,15,4,20,0,0,1,1,1,1786595107
2026-08-13T04:25:45Z,407,18,0,16,0,0,1,1,1,1786592580
2026-08-13T04:25:45Z,408,2,1,30,1,0,1,1,1,1786594754
2026-08-13T04:25:45Z,409,2,0,19,2,0,1,1,1,1786584258
2026-08-13T04:25:45Z,413,14,6,8,1,0,1,1,1,1786593113
2026-08-13T04:25:45Z,414,1,0,13,0,1,1,1,1,1786593372
2026-08-13T04:25:45Z,417,12,7,7,0,0,1,1,1,1786591877
2026-08-13T04:25:45Z,418,14,6,1,0,0,1,1,1,1786591262
2026-08-13T04:25:45Z,419,15,0,6,2,0,1,1,1,1786594178
2026-08-13T04:25:45Z,421,10,0,8,0,1,1,1,1,1786595135
2026-08-13T04:25:45Z,422,4,0,23,0,0,1,1,1,1786594421
2026-08-13T04:25:45Z,423,18,2,4,1,0,1,1,1,1786593858
2026-08-13T04:25:45Z,424,0,0,13,2,0,1,1,1,1786591793
2026-08-13T04:25:45Z,425,16,1,5,1,0,1,1,1,1786595063
2026-08-13T04:25:45Z,426,0,0,34,3,0,1,1,1,1786591488
2026-08-13T04:25:45Z,427,12,2,2,1,0,1,1,1,1786595118
2026-08-13T04:25:45Z,428,9,1,10,0,0,1,1,1,1786592691
2026-08-13T04:25:45Z,429,9,1,11,4,0,1,1,1,1786595112
2026-08-13T04:25:45Z,430,24,2,6,1,0,1,1,1,1786594343
2026-08-13T04:25:45Z,431,15,1,18,0,0,1,1,1,1786592434
2026-08-13T04:25:45Z,432,22,2,6,3,0,1,1,1,1786595068
2026-08-13T04:25:45Z,433,18,0,1,4,0,1,1,1,1786595131
2026-08-13T04:25:45Z,437,1,1,15,2,1,1,1,1,1786594734
2026-08-13T04:25:45Z,438,1,1,15,3,0,1,1,1,1786594908
2026-08-13T04:25:45Z,439,7,0,8,0,0,1,1,1,1786592447
2026-08-13T04:25:45Z,440,1,1,11,3,0,1,1,1,1786592355
2026-08-13T04:25:45Z,441,3,1,11,1,0,1,1,1,1786592223
2026-08-13T04:25:45Z,442,9,2,9,1,0,1,1,1,1786593460
2026-08-13T04:25:45Z,443,8,1,18,0,1,1,1,1,1786581750
2026-08-13T04:25:45Z,444,3,2,19,1,0,1,1,1,1786580409
2026-08-13T04:25:45Z,445,7,2,13,2,1,1,1,1,1786595061
2026-08-13T04:25:45Z,446,13,0,10,0,0,1,1,1,1786584411
2026-08-13T04:25:45Z,447,6,1,13,3,1,1,1,1,1786571240
2026-08-13T04:25:45Z,448,12,2,2,1,0,1,1,1,1786592206
2026-08-13T04:25:45Z,452,13,5,6,0,0,1,1,1,1786594213
2026-08-13T04:25:45Z,453,7,4,7,1,0,1,1,1,1786594104
2026-08-13T04:25:45Z,454,8,0,11,0,0,1,1,1,1786595082
2026-08-13T04:25:45Z,455,1,0,38,0,0,1,1,1,1786594844
2026-08-13T04:25:45Z,456,5,3,13,1,0,1,1,1,1786595079
2026-08-13T04:25:45Z,457,11,2,14,2,0,1,1,1,1786593813
2026-08-13T04:25:45Z,458,9,4,13,1,0,1,1,1,1786594083
2026-08-13T04:25:45Z,459,10,0,4,0,1,1,1,1,1786589532
2026-08-13T04:25:45Z,460,22,1,0,1,0,1,1,1,1786594577
2026-08-13T04:25:45Z,461,1,1,18,0,0,1,1,1,1786594911
2026-08-13T04:25:45Z,462,1,0,19,1,0,1,1,1,1786595114
2026-08-13T04:25:45Z,463,18,0,0,1,0,1,1,1,1786590887
2026-08-13T04:25:45Z,464,10,3,3,1,0,1,1,1,1786594987
2026-08-13T04:25:45Z,465,2,1,13,0,0,1,1,1,1786594275
2026-08-13T04:25:45Z,466,3,2,8,4,0,1,1,1,1786594488
2026-08-13T04:25:45Z,467,6,4,12,1,0,1,1,1,1786590582
2026-08-13T04:25:45Z,468,14,3,3,2,0,1,1,1,1786591465
2026-08-13T04:25:45Z,469,5,1,18,0,0,1,1,1,1786594480
2026-08-13T04:25:45Z,470,12,1,1,1,1,1,1,1,1786595121
2026-08-13T04:25:45Z,471,8,0,4,6,0,1,1,1,1786595140
2026-08-13T04:25:45Z,472,15,6,3,1,0,1,1,1,1786594879
2026-08-13T04:25:45Z,473,16,4,0,3,0,1,1,1,1786590926
2026-08-13T04:25:45Z,474,15,2,0,4,0,1,1,1,1786593782
2026-08-13T04:25:45Z,475,13,1,0,6,0,1,1,1,1786595108
2026-08-13T04:25:45Z,477,12,6,2,1,0,1,1,1,1786594910
2026-08-13T04:25:45Z,478,8,0,23,0,0,1,1,1,1786592397
2026-08-13T04:25:45Z,479,9,1,8,2,0,1,1,1,1786594690
2026-08-13T04:25:45Z,480,8,4,1,6,0,1,1,1,1786589834
2026-08-13T04:25:45Z,481,0,0,30,2,1,1,1,1,1786594973
2026-08-13T04:25:45Z,482,11,3,8,0,0,1,1,1,1786591575
2026-08-13T04:25:45Z,483,14,0,13,0,0,1,1,1,1786594005
2026-08-13T04:25:45Z,484,3,1,13,2,1,1,1,1,1786595051
2026-08-13T04:25:45Z,485,18,2,0,0,1,1,1,1,1786594883
2026-08-13T04:25:45Z,486,24,4,0,3,0,1,1,1,1786594829
2026-08-13T04:25:45Z,487,11,7,8,0,0,1,1,1,1786595098
2026-08-13T04:25:45Z,489,10,6,5,0,0,1,1,1,1786594780
2026-08-13T04:25:45Z,490,8,0,4,4,0,1,1,1,1786594902
2026-08-13T04:25:45Z,491,14,1,3,4,0,1,1,1,1786594974
2026-08-13T04:25:45Z,492,7,2,1,3,0,1,1,1,1786595137
2026-08-13T04:25:45Z,493,0,0,27,0,0,1,1,1,1786592990
2026-08-13T04:25:45Z,496,10,0,17,0,0,1,1,1,1786592543
2026-08-13T04:25:45Z,497,2,1,17,0,0,1,1,1,1786592347
2026-08-13T04:25:45Z,498,12,1,10,1,0,1,1,1,1786594636
2026-08-13T04:25:45Z,499,8,0,10,1,0,1,1,1,1786594410
2026-08-13T04:25:45Z,500,2,0,12,1,0,1,1,1,1786592861
2026-08-13T04:25:45Z,501,10,7,9,1,1,1,1,1,1786595137
2026-08-13T04:25:45Z,502,0,0,19,0,0,1,1,1,1786589622
2026-08-13T04:25:45Z,503,20,4,11,0,0,1,1,1,1786594975
2026-08-13T04:25:45Z,504,0,0,39,0,0,1,1,1,1786592978
2026-08-13T04:25:45Z,505,11,4,0,1,0,1,1,1,1786592815
2026-08-13T04:25:45Z,511,1,0,20,2,0,1,1,1,1786594399
2026-08-13T04:25:45Z,512,0,0,27,0,0,1,1,1,1786589484
2026-08-13T04:25:45Z,514,7,6,0,4,0,1,1,1,1786594792
2026-08-13T04:25:45Z,515,14,4,0,5,0,1,1,1,1786595019
2026-08-13T04:25:45Z,516,0,0,27,0,0,1,1,1,1786592794
2026-08-13T04:25:45Z,517,15,3,6,2,0,1,1,1,1786593781
2026-08-13T04:25:45Z,518,11,1,4,0,0,1,1,1,1786594209
2026-08-13T04:25:45Z,519,14,2,5,0,0,1,1,1,1786593603
2026-08-13T04:25:45Z,520,12,4,3,10,2,1,1,1,1786595139
2026-08-13T04:25:45Z,521,9,3,12,2,0,1,1,1,1786594086
2026-08-13T04:25:45Z,522,21,2,1,0,0,1,1,1,1786594286
2026-08-13T04:25:45Z,523,4,2,19,0,0,1,1,1,1786589944
2026-08-13T04:25:45Z,524,22,0,0,1,0,1,1,1,1786592818
2026-08-13T04:25:45Z,525,14,0,5,0,0,1,1,1,1786594236
2026-08-13T04:25:45Z,526,3,0,11,1,0,1,1,1,1786593277
2026-08-13T04:25:45Z,527,1,1,24,1,0,1,1,1,1786593487
2026-08-13T04:25:45Z,528,21,3,1,1,0,1,1,1,1786592255
2026-08-13T04:25:45Z,530,11,6,8,2,0,1,1,1,1786594907
2026-08-13T04:25:45Z,531,20,1,0,1,2,1,1,1,1786595124
2026-08-13T04:25:45Z,532,0,0,30,1,0,1,1,1,1786586518
2026-08-13T04:25:45Z,533,13,3,5,1,0,1,1,1,1786593315
2026-08-13T04:25:45Z,534,9,3,13,1,0,1,1,1,1786594232
2026-08-13T04:25:45Z,535,4,3,11,0,0,1,1,1,1786592233
2026-08-13T04:25:45Z,536,4,0,18,1,0,1,1,1,1786594969
2026-08-13T04:25:45Z,537,9,0,12,0,0,1,1,1,1786593354
2026-08-13T04:25:45Z,538,11,5,11,1,0,1,1,1,1786593486
2026-08-13T04:25:45Z,539,1,0,29,1,0,1,1,1,1786594874
2026-08-13T04:25:45Z,540,14,2,4,1,0,1,1,1,1786594053
2026-08-13T04:25:45Z,541,15,4,0,0,0,1,1,1,1786594404
2026-08-13T04:25:45Z,542,1,1,22,0,0,1,1,1,1786591426
2026-08-13T04:25:45Z,543,13,0,5,1,0,1,1,1,1786595046
2026-08-13T04:25:45Z,544,12,2,5,5,0,1,1,1,1786593523
2026-08-13T04:25:45Z,545,3,2,15,1,0,1,1,1,1786594965
2026-08-13T04:25:45Z,546,16,5,3,0,0,1,1,1,1786593903
2026-08-13T04:25:45Z,547,16,3,8,1,0,1,1,1,1786593882
2026-08-13T04:25:45Z,548,7,0,16,0,0,1,1,1,1786595071
2026-08-13T04:25:45Z,549,17,0,4,1,1,1,1,1,1786594252
2026-08-13T04:25:45Z,550,6,0,13,0,0,1,1,1,1786594814
2026-08-13T04:25:45Z,551,11,1,10,2,0,1,1,1,1786594994
2026-08-13T04:25:45Z,552,26,1,1,0,0,1,1,1,1786593482
2026-08-13T04:25:45Z,553,17,7,5,1,0,1,1,1,1786594697
2026-08-13T04:25:45Z,554,0,0,19,0,0,1,1,1,1786588547
2026-08-13T04:25:45Z,555,13,5,0,2,0,1,1,1,1786594967
2026-08-13T04:25:45Z,556,6,0,16,1,0,1,1,1,1786595055
2026-08-13T04:25:45Z,557,3,1,19,1,0,1,1,1,1786593303
2026-08-13T04:25:45Z,558,3,1,33,1,0,1,1,1,1786595071
2026-08-13T04:25:45Z,559,0,0,19,0,0,1,1,1,1786591694
2026-08-13T04:25:45Z,560,13,0,13,1,0,1,1,1,1786594797
2026-08-13T04:25:45Z,561,8,0,14,1,0,1,1,1,1786594812
2026-08-13T04:25:45Z,562,3,0,31,1,0,1,1,1,1786588195
2026-08-13T04:25:45Z,563,13,0,0,0,1,1,1,1,1786594996
2026-08-13T04:25:45Z,564,13,0,5,1,0,1,1,1,1786593777
2026-08-13T04:25:45Z,565,3,0,13,3,0,1,1,1,1786594394
2026-08-13T04:25:45Z,566,11,0,7,1,0,1,1,1,1786595088
2026-08-13T04:25:45Z,567,16,0,9,2,0,1,1,1,1786592551
2026-08-13T04:25:45Z,568,15,1,4,0,0,1,1,1,1786592658
2026-08-13T04:25:45Z,569,16,1,3,0,0,1,1,1,1786592938
2026-08-13T04:25:45Z,570,19,3,0,0,0,1,1,1,1786594641
2026-08-13T04:25:45Z,571,16,1,7,0,0,1,1,1,1786595017
2026-08-13T04:25:45Z,572,17,1,0,2,0,1,1,1,1786590374
2026-08-13T04:25:45Z,573,0,0,13,2,0,1,1,1,1786594158
2026-08-13T04:25:45Z,574,5,2,10,0,0,1,1,1,1786594492
2026-08-13T04:25:45Z,575,14,0,7,0,0,1,1,1,1786592342
2026-08-13T04:25:45Z,576,1,0,18,0,0,1,1,1,1786593990
2026-08-13T04:25:45Z,577,17,2,14,0,0,1,1,1,1786594986
2026-08-13T04:25:45Z,578,15,14,7,1,0,1,1,1,1786595124
2026-08-13T04:25:45Z,579,27,1,16,0,0,1,1,1,1786595018
2026-08-13T04:25:45Z,580,1,0,27,1,0,1,1,1,1786593383
2026-08-13T04:25:45Z,581,13,0,6,0,0,1,1,1,1786595007
2026-08-13T04:25:45Z,582,8,1,52,1,0,1,1,1,1786594993
2026-08-13T04:25:45Z,583,22,5,0,1,0,1,1,1,1786595028
2026-08-13T04:25:45Z,584,16,4,2,1,0,1,1,1,1786594642
2026-08-13T04:25:45Z,585,18,5,7,2,0,1,1,1,1786593778
2026-08-13T04:25:45Z,586,14,1,21,0,0,1,1,1,1786595100
2026-08-13T04:25:45Z,587,23,0,0,1,0,1,1,1,1786594055
2026-08-13T04:25:45Z,588,3,3,16,0,0,1,1,1,1786593785
2026-08-13T04:25:45Z,589,0,0,21,1,0,1,1,1,1786594354
2026-08-13T04:25:45Z,590,26,1,3,2,0,1,1,1,1786595078
2026-08-13T04:25:45Z,591,27,5,3,1,0,1,1,1,1786592998
2026-08-13T04:25:45Z,592,12,0,11,0,0,1,1,1,1786594444
2026-08-13T04:25:45Z,593,1,0,36,1,0,1,1,1,1786594108
2026-08-13T04:25:45Z,594,21,0,1,1,0,1,1,1,1786594989
2026-08-13T04:25:45Z,595,0,0,3,0,0,0,1,1,1784046673
2026-08-13T04:25:45Z,605,0,0,2,1,0,0,1,1,1783975843
2026-08-13T04:25:45Z,606,0,0,0,0,0,0,1,1,86400
2026-08-13T04:25:45Z,607,24,0,7,2,0,1,1,1,1786595011
2026-08-13T04:25:45Z,608,0,0,48,2,0,1,1,1,1786594572
2026-08-13T04:25:45Z,609,15,11,8,0,0,1,1,1,1786594910
2026-08-13T04:25:45Z,610,0,0,35,0,0,1,1,1,1786591928
2026-08-13T04:25:45Z,611,3,0,24,0,0,1,1,1,1786593681
2026-08-13T04:25:45Z,612,4,2,11,0,0,1,1,1,1786589462
2026-08-13T04:25:45Z,613,10,0,3,2,0,1,1,1,1786593291
2026-08-13T04:25:45Z,614,0,0,24,2,1,1,1,1,1786589845
2026-08-13T04:25:45Z,617,10,0,2,3,0,1,1,1,1786594789
2026-08-13T04:25:45Z,618,11,5,2,6,0,1,1,1,1786594171
2026-08-13T04:25:45Z,619,7,4,12,0,0,1,1,1,1786594334
2026-08-13T04:25:45Z,620,1,0,26,0,0,1,1,1,1786595086
2026-08-13T04:25:45Z,621,17,1,6,0,0,1,1,1,1786595058
2026-08-13T04:25:45Z,622,8,3,13,2,0,1,1,1,1786593325
2026-08-13T04:25:45Z,623,4,0,25,1,0,1,1,1,1786589550
2026-08-13T04:25:45Z,624,6,1,9,0,0,1,1,1,1786594915
2026-08-13T04:25:45Z,625,15,4,5,1,0,1,1,1,1786593601
2026-08-13T04:25:45Z,626,0,0,45,0,2,1,1,1,1786587010
2026-08-13T04:25:45Z,627,8,1,10,1,0,1,1,1,1786592325
2026-08-13T04:25:45Z,628,2,1,14,2,1,1,1,1,1786594403
2026-08-13T04:25:45Z,629,8,3,1,2,0,1,1,1,1786595066
2026-08-13T04:25:45Z,630,16,0,7,4,0,1,1,1,1786594842
2026-08-13T04:25:45Z,631,0,0,23,0,0,1,1,1,1786591324
2026-08-13T04:25:45Z,632,10,1,10,3,0,1,1,1,1786588836
2026-08-13T04:25:45Z,633,13,1,0,2,0,1,1,1,1786585307
2026-08-13T04:25:45Z,634,12,2,6,1,0,1,1,1,1786589708
2026-08-13T04:25:45Z,635,9,3,9,1,0,1,1,1,1786588999
2026-08-13T04:25:45Z,636,6,0,8,1,0,1,1,1,1786593622
2026-08-13T04:25:45Z,637,18,13,1,0,0,1,1,1,1786595074
2026-08-13T04:25:45Z,638,14,4,1,4,0,1,1,1,1786588349
2026-08-13T04:25:45Z,639,8,1,6,5,0,1,1,1,1786595019
2026-08-13T04:25:45Z,640,2,1,20,1,0,1,1,1,1786592904
2026-08-13T04:25:45Z,641,23,0,3,1,0,1,1,1,1786594830
2026-08-13T04:25:45Z,642,12,2,5,1,1,1,1,1,1786594836
2026-08-13T04:25:45Z,643,14,0,11,2,0,1,1,1,1786594584
2026-08-13T04:25:45Z,644,13,7,1,1,0,1,1,1,1786590678
2026-08-13T04:25:45Z,645,7,0,12,3,1,1,1,1,1786594244
2026-08-13T04:25:45Z,646,6,1,13,0,0,1,1,1,1786587829
2026-08-13T04:25:45Z,647,24,4,4,3,0,1,1,1,1786593698
2026-08-13T04:25:45Z,648,12,0,7,0,0,1,1,1,1786592111
2026-08-13T04:25:45Z,649,0,0,31,0,0,1,1,1,1786594670
2026-08-13T04:25:45Z,650,12,3,2,0,0,1,1,1,1786592255
2026-08-13T04:25:45Z,651,5,5,18,0,0,1,1,1,1786592497
2026-08-13T04:25:45Z,652,7,5,12,4,0,1,1,1,1786594841
2026-08-13T04:25:45Z,653,13,8,6,0,0,1,1,1,1786594976
2026-08-13T04:25:45Z,654,1,1,14,0,0,1,1,1,1786595132
2026-08-13T04:25:45Z,656,18,4,1,0,0,1,1,1,1786591550
2026-08-13T04:25:45Z,657,1,0,12,2,2,1,1,1,1786594928
2026-08-13T04:25:45Z,659,8,6,7,0,0,1,1,1,1786589166
2026-08-13T04:25:45Z,660,10,2,20,1,0,1,1,1,1786594985
2026-08-13T04:25:45Z,661,0,0,18,1,0,1,1,1,1786590103
2026-08-13T04:25:45Z,662,1,0,13,9,0,1,1,1,1786594095
2026-08-13T04:25:45Z,663,15,6,0,0,0,1,1,1,1786593444
2026-08-13T04:25:45Z,664,8,0,19,0,0,1,1,1,1786592843
2026-08-13T04:25:45Z,665,5,1,10,0,0,1,1,1,1786590969
2026-08-13T04:25:45Z,666,5,1,7,3,0,1,1,1,1786593904
2026-08-13T04:25:45Z,667,1,0,20,2,0,1,1,1,1786595101
2026-08-13T04:25:45Z,668,15,1,4,0,0,1,1,1,1786592340
2026-08-13T04:25:45Z,669,13,0,0,1,0,1,1,1,1786593549
2026-08-13T04:25:45Z,670,12,3,14,1,0,1,1,1,1786594002
2026-08-13T04:25:45Z,671,2,0,24,1,0,1,1,1,1786595089
2026-08-13T04:25:45Z,672,18,1,1,3,1,1,1,1,1786588620
2026-08-13T04:25:45Z,673,11,0,11,0,1,1,1,1,1786594929
2026-08-13T04:25:45Z,674,0,0,21,2,0,1,1,1,1786594923
2026-08-13T04:25:45Z,675,3,2,10,2,0,1,1,1,1786595107
2026-08-13T04:25:45Z,676,3,0,15,0,0,1,1,1,1786593848
2026-08-13T04:25:45Z,681,9,5,5,0,1,1,1,1,1786592620
2026-08-13T04:25:45Z,682,7,1,11,1,0,1,1,1,1786533718
2026-08-13T04:25:45Z,683,10,1,9,0,0,1,1,1,1786579065
2026-08-13T04:25:45Z,684,11,3,14,2,0,1,1,1,1786590377
2026-08-13T04:25:45Z,685,1,0,24,1,1,1,1,1,1786592277
2026-08-13T04:25:45Z,686,17,7,8,1,1,1,1,1,1786595022
2026-08-13T04:25:45Z,687,12,5,17,1,1,1,1,1,1786594825
2026-08-13T04:25:45Z,688,13,3,6,0,0,1,1,1,1786594508
2026-08-13T04:25:45Z,692,1,0,19,1,0,1,1,1,1786593956
2026-08-13T04:25:45Z,693,7,3,3,1,0,1,1,1,1786593515
2026-08-13T04:25:45Z,694,6,3,12,3,0,1,1,1,1786594836
2026-08-13T04:25:45Z,695,14,6,9,0,0,1,1,1,1786594310
2026-08-13T04:25:45Z,696,20,6,3,0,0,1,1,1,1786595059
2026-08-13T04:25:45Z,697,19,0,0,3,0,1,1,1,1786593909
2026-08-13T04:25:45Z,698,8,3,19,0,0,1,1,1,1786595064
2026-08-13T04:25:45Z,699,9,1,6,0,0,1,1,1,1786594322
2026-08-13T04:25:45Z,700,19,0,0,0,0,1,1,1,1786594093
2026-08-13T04:25:45Z,701,0,0,19,0,0,1,1,1,1786595082
2026-08-13T04:25:45Z,702,14,3,8,1,0,1,1,1,1786594159
2026-08-13T04:25:45Z,704,14,2,0,1,0,1,1,1,1786595045
2026-08-13T04:25:45Z,705,1,0,14,0,0,1,1,1,1786594454
2026-08-13T04:25:45Z,706,7,0,5,3,0,1,1,1,1786594327
2026-08-13T04:25:45Z,707,11,1,4,0,0,1,1,1,1786594902
2026-08-13T04:25:45Z,708,16,2,3,0,0,1,1,1,1786593904
2026-08-13T04:25:45Z,709,2,0,13,0,0,1,1,1,1786559154
2026-08-13T04:25:45Z,710,10,5,9,0,0,1,1,1,1786594921
2026-08-13T04:25:45Z,711,10,4,12,1,0,1,1,1,1786593666
2026-08-13T04:25:45Z,712,0,0,15,0,0,1,1,1,1786594317
2026-08-13T04:25:45Z,713,6,1,17,0,0,1,1,1,1786594956
2026-08-13T04:25:45Z,716,7,0,5,3,0,1,1,1,1786593750
2026-08-13T04:25:45Z,717,1,1,23,1,0,1,1,1,1786594341
2026-08-13T04:25:45Z,718,2,2,13,0,0,1,1,1,1786594709
2026-08-13T04:25:45Z,719,11,0,17,1,0,1,1,1,1786593962
2026-08-13T04:25:45Z,720,10,3,8,1,0,1,1,1,1786594494
2026-08-13T04:25:45Z,721,20,0,2,1,0,1,1,1,1786593979
2026-08-13T04:25:45Z,722,11,0,3,1,0,1,1,1,1786594936
2026-08-13T04:25:45Z,723,13,3,8,2,0,1,1,1,1786593986
2026-08-13T04:25:45Z,724,15,4,8,0,0,1,1,1,1786593761
2026-08-13T04:25:45Z,725,19,1,4,0,0,1,1,1,1786594099
2026-08-13T04:25:45Z,726,7,1,12,0,0,1,1,1,1786594739
2026-08-13T04:25:45Z,727,13,8,7,3,0,1,1,1,1786593614
2026-08-13T04:25:45Z,728,6,1,8,1,0,1,1,1,1786594367
2026-08-13T04:25:45Z,729,19,2,0,0,0,1,1,1,1786593469
2026-08-13T04:25:45Z,730,11,1,4,0,0,1,1,1,1786595094
2026-08-13T04:25:45Z,731,5,2,10,0,0,1,1,1,1786595091
2026-08-13T04:25:45Z,732,4,1,11,0,0,1,1,1,1786594158
2026-08-13T04:25:45Z,733,8,0,19,0,0,1,1,1,1786595014
2026-08-13T04:25:45Z,734,1,1,13,0,0,1,1,1,1786593965
2026-08-13T04:25:45Z,735,10,0,17,0,0,1,1,1,1786594531
2026-08-13T04:25:45Z,736,4,0,15,0,0,1,1,1,1786593633
2026-08-13T04:25:45Z,737,13,6,1,1,0,1,1,1,1786594212
2026-08-13T04:25:45Z,738,16,10,2,1,0,1,1,1,1786594256
2026-08-13T04:25:45Z,739,24,1,1,2,0,1,1,1,1786594639
2026-08-13T04:25:45Z,741,20,7,0,3,0,1,1,1,1786594169
2026-08-13T04:25:45Z,742,24,8,14,1,0,1,1,1,1786595074
2026-08-13T04:25:45Z,743,2,2,17,0,0,1,1,1,1786593798
2026-08-13T04:25:45Z,744,6,1,8,1,0,1,1,1,1786594507
2026-08-13T04:25:45Z,745,4,0,13,2,0,1,1,1,1786594430
2026-08-13T04:25:45Z,746,18,2,2,0,0,1,1,1,1786595098
2026-08-13T04:25:45Z,747,0,0,4,0,0,0,1,1,1783446606
2026-08-13T04:25:45Z,748,17,3,5,1,0,1,1,1,1786594895
2026-08-13T04:25:45Z,749,21,2,0,2,0,1,1,1,1786595017
2026-08-13T04:25:45Z,750,6,2,1,4,0,1,1,1,1786594459
2026-08-13T04:25:45Z,751,0,0,22,0,1,1,1,1,1786594923
2026-08-13T04:25:45Z,752,6,3,8,3,0,1,1,1,1786591879
2026-08-13T04:25:45Z,753,6,1,9,0,0,1,1,1,1786594897
2026-08-13T04:25:45Z,754,1,0,14,0,0,1,1,1,1786594270
2026-08-13T04:25:45Z,755,5,1,17,1,0,1,1,1,1786594185
2026-08-13T04:25:45Z,756,0,0,35,2,0,1,1,1,1786594406
2026-08-13T04:25:45Z,757,3,2,16,0,0,1,1,1,1786593488
2026-08-13T04:25:45Z,758,2,1,21,0,0,1,1,1,1786595092
2026-08-13T04:25:45Z,759,0,0,14,1,0,1,1,1,1786594325
2026-08-13T04:25:45Z,760,16,1,3,0,0,1,1,1,1786577402
2026-08-13T04:25:45Z,761,12,3,10,1,0,1,1,1,1786594444
2026-08-13T04:25:45Z,762,6,2,8,1,0,1,1,1,1786594707
2026-08-13T04:25:45Z,768,6,5,10,3,0,1,1,1,1786594596
2026-08-13T04:25:45Z,769,4,2,14,1,0,1,1,1,1786594853
2026-08-13T04:25:45Z,770,11,6,6,2,0,1,1,1,1786594597
2026-08-13T04:25:45Z,771,9,1,3,3,0,1,1,1,1786594346
2026-08-13T04:25:45Z,772,3,0,12,0,0,1,1,1,1786593939
2026-08-13T04:25:45Z,773,8,2,10,1,0,1,1,1,1786595086
2026-08-13T04:25:45Z,774,4,2,9,2,0,1,1,1,1786593540
2026-08-13T04:25:45Z,775,8,0,9,2,0,1,1,1,1786594368
2026-08-13T04:25:45Z,776,9,1,10,2,0,1,1,1,1786594502
2026-08-13T04:25:45Z,777,12,7,1,1,0,1,1,1,1786593079
2026-08-13T04:25:45Z,778,14,2,2,3,0,1,1,1,1786595133
2026-08-13T04:25:45Z,779,14,3,5,0,0,1,1,1,1786594648
2026-08-13T04:25:45Z,780,16,5,0,3,0,1,1,1,1786593798
2026-08-13T04:25:45Z,781,4,2,5,2,0,1,1,1,1786593637
2026-08-13T04:25:45Z,782,4,1,13,2,0,1,1,1,1786593807
2026-08-13T04:25:45Z,783,8,1,3,7,1,1,1,1,1786594835
2026-08-13T04:25:45Z,784,4,0,15,0,0,1,1,1,1786594255
2026-08-13T04:25:45Z,785,7,3,8,4,0,1,1,1,1786594061
2026-08-13T04:25:45Z,786,8,2,11,0,0,1,1,1,1786593634
2026-08-13T04:25:45Z,787,10,4,4,1,0,1,1,1,1786594432
2026-08-13T04:25:45Z,788,12,0,3,0,0,1,1,1,1786594414
2026-08-13T04:25:45Z,789,13,1,0,2,0,1,1,1,1786593659
2026-08-13T04:25:45Z,790,0,0,22,1,0,1,1,1,1786594665
2026-08-13T04:25:45Z,791,0,0,18,0,1,1,1,1,1786593357
2026-08-13T04:25:45Z,793,1,1,13,1,0,1,1,1,1786593638
2026-08-13T04:25:45Z,794,0,0,27,2,0,1,1,1,1786593866
2026-08-13T04:25:45Z,796,0,0,19,0,0,1,1,1,1786593764
2026-08-13T04:25:45Z,797,5,1,10,0,0,1,1,1,1786593955
2026-08-13T04:25:45Z,798,0,0,24,1,0,1,1,1,1786595038
2026-08-13T04:25:45Z,799,5,1,11,3,0,1,1,1,1786593678
2026-08-13T04:25:45Z,800,17,0,2,2,0,1,1,1,1786595134
2026-08-13T04:25:45Z,801,2,1,18,1,0,1,1,1,1786595037
2026-08-13T04:25:45Z,802,1,1,27,3,0,1,1,1,1786595020
2026-08-13T04:25:45Z,803,10,0,5,0,0,1,1,1,1786594370
2026-08-13T04:25:45Z,806,0,0,14,1,0,1,1,1,1786593892
2026-08-13T04:25:45Z,807,3,3,20,2,0,1,1,1,1786594352
2026-08-13T04:25:45Z,808,0,0,23,2,0,1,1,1,1786591617
2026-08-13T04:25:45Z,809,1,1,21,1,0,1,1,1,1786594586
2026-08-13T04:25:45Z,810,10,4,7,2,0,1,1,1,1786594016
2026-08-13T04:25:45Z,815,7,0,6,1,1,1,1,1,1786594175
2026-08-13T04:25:45Z,817,8,0,6,1,0,1,1,1,1786595044
2026-08-13T04:25:45Z,818,12,4,11,0,0,1,1,1,1786594640
2026-08-13T04:25:45Z,819,2,1,13,0,0,1,1,1,1786593552
2026-08-13T04:25:45Z,820,10,6,7,0,0,1,1,1,1786593968
2026-08-13T04:25:45Z,821,6,3,9,0,0,1,1,1,1786594184
2026-08-13T04:25:45Z,822,2,1,21,0,0,1,1,1,1786594937
2026-08-13T04:25:45Z,823,0,0,15,0,0,1,1,1,1786594557
2026-08-13T04:25:45Z,824,12,4,4,3,0,1,1,1,1786594807
2026-08-13T04:25:45Z,825,5,1,10,0,0,1,1,1,1786577860
2026-08-13T04:25:45Z,826,18,0,0,1,0,1,1,1,1786594094
2026-08-13T04:25:45Z,827,20,6,0,1,0,1,1,1,1786594444
2026-08-13T04:25:45Z,828,0,0,16,2,0,1,1,1,1786594607
2026-08-13T04:25:45Z,829,12,3,14,1,0,1,1,1,1786593623
2026-08-13T04:25:45Z,830,15,1,8,0,0,1,1,1,1786594280
2026-08-13T04:25:45Z,831,2,1,12,1,0,1,1,1,1786594891
2026-08-13T04:25:45Z,832,8,4,8,2,0,1,1,1,1786593510
2026-08-13T04:25:45Z,833,2,2,17,0,0,1,1,1,1786594218
2026-08-13T04:25:45Z,834,11,0,11,2,0,1,1,1,1786595018
2026-08-13T04:25:45Z,835,11,4,6,1,0,1,1,1,1786594858
2026-08-13T04:25:45Z,838,8,5,5,2,0,1,1,1,1786594607
2026-08-13T04:25:45Z,839,4,0,24,1,0,1,1,1,1786592636
2026-08-13T04:25:45Z,840,3,2,25,1,0,1,1,1,1786594968
2026-08-13T04:25:45Z,841,5,3,9,1,0,1,1,1,1786594249
2026-08-13T04:25:45Z,842,4,1,19,0,0,1,1,1,1786594288
2026-08-13T04:25:45Z,843,11,3,19,1,0,1,1,1,1786593796
2026-08-13T04:25:45Z,844,2,0,21,0,0,1,1,1,1786593967
2026-08-13T04:25:45Z,845,11,2,6,0,0,1,1,1,1786594914
2026-08-13T04:25:45Z,846,10,2,8,1,0,1,1,1,1786594627
2026-08-13T04:25:45Z,847,6,0,21,0,0,1,1,1,1786593605
2026-08-13T04:25:45Z,848,9,2,8,2,0,1,1,1,1786595093
2026-08-13T04:25:45Z,849,6,2,6,3,0,1,1,1,1786593696
2026-08-13T04:25:45Z,850,7,0,3,1,0,1,1,1,1786593510
2026-08-13T04:25:45Z,851,11,2,22,4,0,1,1,1,1786594314
2026-08-13T04:25:45Z,852,16,7,3,0,0,1,1,1,1786594173
2026-08-13T04:25:45Z,853,2,2,21,0,0,1,1,1,1786593953
2026-08-13T04:25:45Z,854,10,7,4,1,0,1,1,1,1786593917
2026-08-13T04:25:45Z,855,23,1,4,0,0,1,1,1,1786594182
2026-08-13T04:25:45Z,857,3,2,16,0,0,1,1,1,1786593460
2026-08-13T04:25:45Z,858,13,6,5,1,0,1,1,1,1786593990
2026-08-13T04:25:45Z,859,13,5,7,1,0,1,1,1,1786594675
2026-08-13T04:25:45Z,861,4,1,7,0,0,1,1,1,1786594298
2026-08-13T04:25:45Z,862,9,4,6,0,0,1,1,1,1786594937
2026-08-13T04:25:45Z,863,8,0,11,0,0,1,1,1,1786594990
2026-08-13T04:25:45Z,866,8,0,10,1,0,1,1,1,1786593745
2026-08-13T04:25:45Z,867,13,0,2,0,0,1,1,1,1786594203
2026-08-13T04:25:45Z,868,15,1,0,0,0,1,1,1,1786593761
2026-08-13T04:25:45Z,870,15,6,0,0,0,1,1,1,1786594045
2026-08-13T04:25:45Z,871,0,0,10,1,0,1,1,1,1786593982
2026-08-13T04:25:45Z,872,8,4,5,2,0,1,1,1,1786593971
2026-08-13T04:25:45Z,873,1,1,31,1,0,1,1,1,1786594860
2026-08-13T04:25:45Z,874,8,3,4,3,0,1,1,1,1786595061
2026-08-13T04:25:45Z,875,12,9,3,0,0,1,1,1,1786594473
2026-08-13T04:25:45Z,877,14,12,5,0,0,1,1,1,1786594783
2026-08-13T04:25:45Z,878,1,0,18,0,0,1,1,1,1786594205
2026-08-13T04:25:45Z,879,5,0,13,1,0,1,1,1,1786593800
2026-08-13T04:25:45Z,880,6,2,17,0,0,1,1,1,1786594395
2026-08-13T04:25:45Z,881,4,0,15,0,0,1,1,1,1786594465
2026-08-13T04:25:45Z,882,10,5,9,0,0,1,1,1,1786594553
2026-08-13T04:25:45Z,883,10,5,9,0,0,1,1,1,1786594529
2026-08-13T04:25:45Z,884,10,5,10,0,1,1,1,1,1786594559
2026-08-13T04:25:45Z,885,4,1,14,1,0,1,1,1,1786594670
2026-08-13T04:25:45Z,886,0,0,28,1,0,1,1,1,1786594319
2026-08-13T04:25:45Z,887,5,5,10,2,0,1,1,1,1786594043
2026-08-13T04:25:45Z,888,6,1,33,2,0,1,1,1,1786595066
2026-08-13T04:25:45Z,889,15,0,2,2,0,1,1,1,1786594504
2026-08-13T04:25:45Z,890,3,0,11,1,0,1,1,1,1786592559
2026-08-13T04:25:45Z,891,13,1,10,0,0,1,1,1,1786594118
2026-08-13T04:25:45Z,892,15,1,0,0,0,1,1,1,1786571632
2026-08-13T04:25:45Z,895,8,2,11,0,0,1,1,1,1786578768
2026-08-13T04:25:45Z,896,0,0,35,0,0,1,1,1,1786594343
2026-08-13T04:25:45Z,897,15,0,6,0,0,1,1,1,1786594054
2026-08-13T04:25:45Z,898,13,6,6,0,0,1,1,1,1786594714
2026-08-13T04:25:45Z,899,4,0,15,0,0,1,1,1,1786594434
2026-08-13T04:25:45Z,900,17,2,7,3,0,1,1,1,1786595052
2026-08-13T04:25:45Z,901,18,1,0,1,0,1,1,1,1786594853
2026-08-13T04:25:45Z,902,7,3,7,1,0,1,1,1,1786593566
2026-08-13T04:25:45Z,903,6,0,13,0,0,1,1,1,1786594796
2026-08-13T04:25:45Z,904,13,1,6,0,0,1,1,1,1786593484
2026-08-13T04:25:45Z,905,2,2,25,0,0,1,1,1,1786594805
2026-08-13T04:25:45Z,906,13,12,13,1,0,1,1,1,1786594351
2026-08-13T04:25:45Z,907,29,0,2,0,0,1,1,1,1786594865
2026-08-13T04:25:45Z,908,8,3,15,0,0,1,1,1,1786594454
2026-08-13T04:25:45Z,909,8,5,13,2,0,1,1,1,1786594382
2026-08-13T04:25:45Z,910,27,0,4,0,0,1,1,1,1786594978
2026-08-13T04:25:45Z,911,13,0,4,2,0,1,1,1,1786594542
2026-08-13T04:25:45Z,912,15,3,8,0,0,1,1,1,1786594809
2026-08-13T04:25:45Z,913,4,2,15,0,0,1,1,1,1786594341
2026-08-13T04:25:45Z,914,12,2,7,0,0,1,1,1,1786595080
2026-08-13T04:25:45Z,915,12,2,7,4,0,1,1,1,1786594437
2026-08-13T04:25:45Z,916,18,3,5,0,0,1,1,1,1786594597
2026-08-13T04:25:45Z,917,14,0,21,0,0,1,1,1,1786594673
2026-08-13T04:25:45Z,918,17,6,1,1,0,1,1,1,1786594767
2026-08-13T04:25:45Z,919,11,5,26,2,0,1,1,1,1786594817
2026-08-13T04:25:45Z,920,7,3,12,0,0,1,1,1,1786594997
2026-08-13T04:25:45Z,921,13,0,8,0,0,1,1,1,1786593819
2026-08-13T04:25:45Z,922,7,0,14,0,0,1,1,1,1786594130
2026-08-13T04:25:45Z,923,4,1,15,0,0,1,1,1,1786594949
2026-08-13T04:25:45Z,924,10,0,11,0,0,1,1,1,1786594461
2026-08-13T04:25:45Z,925,12,1,2,7,0,1,1,1,1786594750
2026-08-13T04:25:45Z,926,3,0,18,0,0,1,1,1,1786593442
2026-08-13T04:25:45Z,927,1,0,34,0,0,1,1,1,1786594197
2026-08-13T04:25:45Z,928,7,3,11,1,0,1,1,1,1786594931
2026-08-13T04:25:45Z,929,1,1,22,0,0,1,1,1,1786594890
2026-08-13T04:25:45Z,930,29,3,1,1,0,1,1,1,1786594663
2026-08-13T04:25:45Z,931,1,1,22,0,0,1,1,1,1786594023
2026-08-13T04:25:45Z,932,16,0,2,1,0,1,1,1,1786594993
2026-08-13T04:25:45Z,933,13,2,9,1,0,1,1,1,1786594920
2026-08-13T04:25:45Z,934,12,0,15,4,0,1,1,1,1786594480
2026-08-13T04:25:45Z,935,0,0,19,0,0,1,1,1,1786595117
2026-08-13T04:25:45Z,936,8,1,10,1,0,1,1,1,1786594192
2026-08-13T04:25:45Z,940,10,2,1,0,0,1,1,1,1786595082
2026-08-13T04:25:45Z,941,19,6,5,1,0,1,1,1,1786594408
2026-08-13T04:25:45Z,942,8,1,13,0,0,1,1,1,1786594443
2026-08-13T04:25:45Z,943,7,6,6,2,0,1,1,1,1786593505
2026-08-13T04:25:45Z,944,5,3,9,1,0,1,1,1,1786594061
2026-08-13T04:25:45Z,945,6,6,8,1,0,1,1,1,1786594394
2026-08-13T04:25:45Z,946,8,5,10,1,0,1,1,1,1786535838
2026-08-13T04:25:45Z,947,5,5,11,1,0,1,1,1,1786593997
2026-08-13T04:25:45Z,948,4,3,27,0,0,1,1,1,1786594335
2026-08-13T04:25:45Z,949,0,0,14,1,0,1,1,1,1786593904
2026-08-13T04:25:45Z,950,11,4,5,1,0,1,1,1,1786594662
2026-08-13T04:25:45Z,951,3,3,20,0,0,1,1,1,1786594985
2026-08-13T04:25:45Z,952,2,0,52,1,0,1,1,1,1786594786
2026-08-13T04:25:45Z,953,14,0,0,1,0,1,1,1,1786594584
2026-08-13T04:25:45Z,954,19,1,0,0,0,1,1,1,1786595042
2026-08-13T04:25:45Z,955,12,10,12,3,0,1,1,1,1786594866
2026-08-13T04:25:45Z,956,22,0,1,0,0,1,1,1,1786595080
2026-08-13T04:25:45Z,957,13,1,16,0,0,1,1,1,1786595027
2026-08-13T04:25:45Z,958,26,2,4,1,0,1,1,1,1786594666
2026-08-13T04:25:45Z,959,5,5,18,0,0,1,1,1,1786594024
2026-08-13T04:25:45Z,960,21,3,1,1,0,1,1,1,1786594906
2026-08-13T04:25:45Z,961,2,0,16,4,0,1,1,1,1786593918
2026-08-13T04:25:45Z,962,4,3,29,2,0,1,1,1,1786594619
2026-08-13T04:25:45Z,963,14,1,12,0,0,1,1,1,1786593475
2026-08-13T04:25:45Z,964,22,9,1,0,0,1,1,1,1786593433
2026-08-13T04:25:45Z,965,11,0,15,1,0,1,1,1,1786595097
2026-08-13T04:25:45Z,966,30,0,1,0,0,1,1,1,1786595066
2026-08-13T04:25:45Z,967,21,2,0,0,0,1,1,1,1786593948
2026-08-13T04:25:45Z,968,14,0,5,0,0,1,1,1,1786594681
2026-08-13T04:25:45Z,969,3,3,23,1,0,1,1,1,1786595055
2026-08-13T04:25:45Z,970,16,4,1,2,0,1,1,1,1786594764
2026-08-13T04:25:45Z,971,20,0,2,1,0,1,1,1,1786594614
2026-08-13T04:25:45Z,972,20,7,0,3,0,1,1,1,1786595004
2026-08-13T04:25:45Z,973,7,5,16,0,0,1,1,1,1786594912
2026-08-13T04:25:45Z,974,0,0,27,0,0,1,1,1,1786594610
2026-08-13T04:25:45Z,977,9,6,11,1,0,1,1,1,1786594823
2026-08-13T04:25:45Z,978,18,2,5,0,0,1,1,1,1786593341
2026-08-13T04:25:45Z,979,1,0,16,0,0,1,1,1,1786593957
2026-08-13T04:25:45Z,980,6,0,15,0,0,1,1,1,1786594884
2026-08-13T04:25:45Z,981,15,1,4,1,0,1,1,1,1786594383
2026-08-13T04:25:45Z,982,9,1,9,1,0,1,1,1,1786594845
2026-08-13T04:25:45Z,983,0,0,23,0,0,1,1,1,1786594497
2026-08-13T04:25:45Z,984,5,0,18,0,0,1,1,1,1786594839
2026-08-13T04:25:45Z,985,8,0,22,1,0,1,1,1,1786594746
2026-08-13T04:25:45Z,986,1,0,18,0,0,1,1,1,1786594864
2026-08-13T04:25:45Z,987,7,1,16,0,0,1,1,1,1786594990
2026-08-13T04:25:45Z,988,2,0,17,0,0,1,1,1,1786594355
2026-08-13T04:25:45Z,989,8,4,10,1,0,1,1,1,1786594182
2026-08-13T04:25:45Z,990,11,1,2,2,0,1,1,1,1786594939
2026-08-13T04:25:45Z,991,7,3,11,1,0,1,1,1,1786594589
2026-08-13T04:25:45Z,992,19,1,4,0,0,1,1,1,1786594826
2026-08-13T04:25:45Z,993,0,0,26,1,0,1,1,1,1786595070
2026-08-13T04:25:45Z,994,8,1,13,0,0,1,1,1,1786594537
2026-08-13T04:25:45Z,995,0,0,26,1,0,1,1,1,1786593358
2026-08-13T04:25:45Z,996,12,0,11,0,0,1,1,1,1786594449
2026-08-13T04:25:45Z,997,23,5,0,0,0,1,1,1,1786593708
2026-08-13T04:25:45Z,998,3,2,20,0,0,1,1,1,1786594437
2026-08-13T04:25:45Z,999,17,4,2,1,1,1,1,1,1786594058
2026-08-13T04:25:45Z,1000,15,7,6,0,0,1,1,1,1786594353
2026-08-13T04:25:45Z,1001,1,1,26,0,0,1,1,1,1786593568
2026-08-13T04:25:45Z,1002,0,0,27,4,0,1,1,1,1786594997
2026-08-13T04:25:45Z,1003,3,0,18,2,0,1,1,1,1786593949
2026-08-13T04:25:45Z,1004,5,0,17,1,0,1,1,1,1786594726
2026-08-13T04:25:45Z,1005,23,1,0,0,0,1,1,1,1786594244
2026-08-13T04:25:45Z,1006,14,6,5,0,0,1,1,1,1786594599
2026-08-13T04:25:45Z,1007,0,0,21,0,0,1,1,1,1786594876
2026-08-13T04:25:45Z,1008,8,5,15,0,0,1,1,1,1786593512
2026-08-13T04:25:45Z,1009,14,2,16,1,0,1,1,1,1786593893
2026-08-13T04:25:45Z,1010,2,0,24,1,0,1,1,1,1786594827
2026-08-13T04:25:45Z,1011,5,2,13,1,0,1,1,1,1786593453
2026-08-13T04:25:45Z,1012,2,2,20,1,0,1,1,1,1786594286
2026-08-13T04:25:45Z,1013,1,0,6,2,0,1,1,1,1786594385
2026-08-13T04:25:45Z,1014,7,3,15,1,0,1,1,1,1786594566
2026-08-13T04:25:45Z,1015,7,7,24,0,0,1,1,1,1786595135
2026-08-13T04:25:45Z,1016,6,4,23,2,0,1,1,1,1786594187
2026-08-13T04:25:45Z,1017,16,4,5,0,0,1,1,1,1786595057
2026-08-13T04:25:45Z,1018,5,5,17,0,0,1,1,1,1786594045
2026-08-13T04:25:45Z,1019,14,6,1,0,0,1,1,1,1786594052
2026-08-13T04:25:45Z,1020,7,4,13,1,0,1,1,1,1786594632
2026-08-13T04:25:45Z,1021,10,2,5,0,0,1,1,1,1786594826
2026-08-13T04:25:45Z,1022,16,3,11,0,0,1,1,1,1786595117
2026-08-13T04:25:45Z,1023,12,1,10,1,0,1,1,1,1786593926
2026-08-13T04:25:45Z,1024,1,0,18,0,0,1,1,1,1786593692
2026-08-13T04:25:45Z,1025,8,1,10,0,1,1,1,1,1786593751
2026-08-13T04:25:45Z,1026,14,11,16,1,0,1,1,1,1786594205
2026-08-13T04:25:45Z,1028,7,2,16,0,0,1,1,1,1786594166
2026-08-13T04:25:45Z,1029,11,8,0,4,0,1,1,1,1786593533
2026-08-13T04:25:45Z,1030,12,2,10,1,0,1,1,1,1786595004
2026-08-13T04:25:45Z,1031,0,0,19,0,0,1,1,1,1786594565
2026-08-13T04:25:45Z,1032,14,4,4,1,0,1,1,1,1786594809
2026-08-13T04:25:45Z,1033,14,7,5,0,0,1,1,1,1786594139
2026-08-13T04:25:45Z,1034,4,0,11,0,0,1,1,1,1786593907
2026-08-13T04:25:45Z,1035,0,0,17,2,0,1,1,1,1786594837
2026-08-13T04:25:45Z,1036,7,1,8,0,0,1,1,1,1786594655
2026-08-13T04:25:45Z,1037,17,5,1,1,0,1,1,1,1786593441
2026-08-13T04:25:45Z,1038,8,2,7,0,0,1,1,1,1786593424
2026-08-13T04:25:45Z,1039,8,4,11,0,0,1,1,1,1786594927
2026-08-13T04:25:45Z,1040,1,0,17,1,0,1,1,1,1786595016
2026-08-13T04:25:45Z,1041,17,0,2,0,0,1,1,1,1786594636
2026-08-13T04:25:45Z,1042,14,4,0,1,0,1,1,1,1786594082
2026-08-13T04:25:45Z,1043,12,2,7,0,0,1,1,1,1786595054
2026-08-13T04:25:45Z,1044,0,0,14,1,0,1,1,1,1786593464
2026-08-13T04:25:45Z,1045,5,3,14,0,0,1,1,1,1786594796
2026-08-13T04:25:45Z,1046,10,2,5,0,0,1,1,1,1786595087
2026-08-13T04:25:45Z,1047,0,0,21,0,0,1,1,1,1786594323
2026-08-13T04:25:45Z,1048,13,0,6,0,0,1,1,1,1786594727
2026-08-13T04:25:45Z,1049,15,3,5,1,0,1,1,1,1786594114
2026-08-13T04:25:45Z,1050,18,1,1,2,0,1,1,1,1786593565
2026-08-13T04:25:45Z,1051,12,4,7,2,0,1,1,1,1786594885
2026-08-13T04:25:45Z,1052,11,1,11,0,0,1,1,1,1786593623
2026-08-13T04:25:45Z,1053,5,1,10,0,0,1,1,1,1786594168
2026-08-13T04:25:45Z,1054,15,5,0,0,0,1,1,1,1786593991
2026-08-13T04:25:45Z,1055,17,2,2,0,0,1,1,1,1786594953
2026-08-13T04:25:45Z,1057,17,0,2,0,0,1,1,1,1786593736
2026-08-13T04:25:45Z,1058,6,0,50,0,0,1,1,1,1786593639
2026-08-13T04:25:45Z,1059,2,1,16,1,0,1,1,1,1786593876
2026-08-13T04:25:45Z,1060,10,4,27,0,0,1,1,1,1786594810
2026-08-13T04:25:45Z,1061,3,0,34,0,0,1,1,1,1786594498
2026-08-13T04:25:45Z,1062,1,0,16,0,0,1,1,1,1786593724
2026-08-13T04:25:45Z,1063,14,1,5,0,0,1,1,1,1786593980
2026-08-13T04:25:45Z,1064,10,3,12,1,0,1,1,1,1786594476
2026-08-13T04:25:45Z,1065,15,1,8,0,0,1,1,1,1786594693
2026-08-13T04:25:45Z,1066,9,2,13,1,0,1,1,1,1786594575
2026-08-13T04:25:45Z,1067,9,2,14,0,0,1,1,1,1786593917
2026-08-13T04:25:45Z,1068,3,0,19,1,0,1,1,1,1786594451
2026-08-13T04:25:45Z,1069,9,3,14,0,0,1,1,1,1786594371
2026-08-13T04:25:45Z,1070,16,5,5,2,0,1,1,1,1786594638
2026-08-13T04:25:45Z,1071,5,2,17,1,0,1,1,1,1786594547
2026-08-13T04:25:45Z,1072,13,0,8,2,0,1,1,1,1786594887
2026-08-13T04:25:45Z,1073,25,1,2,0,0,1,1,1,1786595017
2026-08-13T04:25:45Z,1074,26,0,25,2,0,1,1,1,1786595120
2026-08-13T04:25:45Z,1075,7,5,14,0,0,1,1,1,1786593423
2026-08-13T04:25:45Z,1076,7,5,14,0,0,1,1,1,1786593469
2026-08-13T04:25:45Z,1077,11,10,10,0,0,1,1,1,1786594787
2026-08-13T04:25:45Z,1078,9,7,12,0,0,1,1,1,1786593705
2026-08-13T04:25:45Z,1079,6,6,15,0,0,1,1,1,1786594897
2026-08-13T04:25:45Z,1080,12,9,9,0,0,1,1,1,1786594256
2026-08-13T04:25:45Z,1081,11,10,8,0,0,1,1,1,1786593382
2026-08-13T04:25:45Z,1082,15,12,8,0,0,1,1,1,1786594227
2026-08-13T04:25:45Z,1083,12,8,9,0,0,1,1,1,1786594875
2026-08-13T04:25:45Z,1084,10,9,11,0,0,1,1,1,1786593821
2026-08-13T04:25:45Z,1085,9,7,12,0,0,1,1,1,1786593418
2026-08-13T04:25:45Z,1086,11,7,10,0,0,1,1,1,1786594010
2026-08-13T04:25:45Z,1087,8,6,7,0,0,1,1,1,1786593551
2026-08-13T04:25:45Z,1088,7,6,8,0,0,1,1,1,1786594829
2026-08-13T04:25:45Z,1089,13,12,2,0,0,1,1,1,1786593907
2026-08-13T04:25:45Z,1090,13,11,2,0,0,1,1,1,1786595052
2026-08-13T04:25:45Z,1091,7,6,8,0,0,1,1,1,1786595099
2026-08-13T04:25:45Z,1092,7,5,8,0,0,1,1,1,1786594400
2026-08-13T04:25:45Z,1093,10,7,5,0,0,1,1,1,1786593626
2026-08-13T04:25:45Z,1094,12,9,7,0,0,1,1,1,1786594605
2026-08-13T04:25:45Z,1095,8,8,7,0,0,1,1,1,1786595132
2026-08-13T04:25:45Z,1096,9,6,9,1,0,1,1,1,1786595121
2026-08-13T04:25:45Z,1097,7,5,8,0,0,1,1,1,1786594764
2026-08-13T04:25:45Z,1098,8,6,11,0,0,1,1,1,1786593329
2026-08-13T04:25:45Z,1099,9,9,6,0,0,1,1,1,1786594521
2026-08-13T04:25:45Z,1100,9,4,15,5,0,1,1,1,1786581911
2026-08-13T04:25:45Z,1101,9,4,12,0,0,1,1,1,1786593399
2026-08-13T04:25:45Z,1102,12,7,1,0,0,1,1,1,1786594005
2026-08-13T04:25:45Z,1103,12,7,9,0,0,1,1,1,1786591668
2026-08-13T04:25:45Z,1104,10,5,11,0,0,1,1,1,1786595011
2026-08-13T04:25:45Z,1105,8,4,5,0,0,1,1,1,1786594027
2026-08-13T04:25:45Z,1106,8,3,13,0,0,1,1,1,1786593664
2026-08-13T04:25:45Z,1107,10,6,5,0,0,1,1,1,1786594052
2026-08-13T04:25:45Z,1108,2,2,22,3,0,1,1,1,1786594210
2026-08-13T04:25:45Z,1109,9,4,6,0,0,1,1,1,1786593947
2026-08-13T04:25:45Z,1110,17,5,4,0,0,1,1,1,1786595058
2026-08-13T04:25:45Z,1111,11,0,9,1,0,1,1,1,1786594934
2026-08-13T04:25:45Z,1112,11,0,41,1,0,1,1,1,1786595075
2026-08-13T04:25:45Z,1113,8,6,13,0,0,1,1,1,1786594115
2026-08-13T04:25:45Z,1115,16,3,7,0,0,1,1,1,1786594689
2026-08-13T04:25:45Z,1116,10,0,9,0,0,1,1,1,1786594786
2026-08-13T04:25:45Z,1117,0,0,23,0,0,1,1,1,1786594618
2026-08-13T04:25:45Z,1118,1,0,20,0,0,1,1,1,1786594364
2026-08-13T04:25:45Z,1119,10,1,6,1,0,1,1,1,1786593592
2026-08-13T04:25:45Z,1120,9,0,8,2,0,1,1,1,1786594936
2026-08-13T04:25:45Z,1121,14,2,6,1,0,1,1,1,1786594987
2026-08-13T04:25:45Z,1122,2,1,16,3,0,1,1,1,1786595092
2026-08-13T04:25:45Z,1123,1,1,21,0,0,1,1,1,1786594472
2026-08-13T04:25:45Z,1124,12,3,1,2,0,1,1,1,1786594818
2026-08-13T04:25:45Z,1125,6,2,15,2,0,1,1,1,1786594779
2026-08-13T04:25:45Z,1126,2,0,19,0,0,1,1,1,1786594733
2026-08-13T04:25:45Z,1127,17,0,0,2,0,1,1,1,1786594722
2026-08-13T04:25:45Z,1128,7,1,8,0,0,1,1,1,1786593889
2026-08-13T04:25:45Z,1129,3,0,17,1,0,1,1,1,1786594243
2026-08-13T04:25:45Z,1130,0,0,14,1,0,1,1,1,1786594541
2026-08-13T04:25:45Z,1131,0,0,48,1,0,1,1,1,1786594447
2026-08-13T04:25:45Z,1132,12,1,9,0,0,1,1,1,1786501413
2026-08-13T04:25:45Z,1133,12,7,9,0,0,1,1,1,1786594533
2026-08-13T04:25:45Z,1134,8,3,11,0,0,1,1,1,1786593909
2026-08-13T04:25:45Z,1135,8,3,13,0,0,1,1,1,1786594873
2026-08-13T04:25:45Z,1136,15,0,8,0,0,1,1,1,1786594162
2026-08-13T04:25:45Z,1137,9,3,6,0,0,1,1,1,1786593824
2026-08-13T04:25:45Z,1138,19,0,0,0,0,1,1,1,1786594911
2026-08-13T04:25:45Z,1139,7,0,14,0,0,1,1,1,1786594336
2026-08-13T04:25:45Z,1140,17,8,5,1,0,1,1,1,1786593809
2026-08-13T04:25:45Z,1141,1,0,20,0,0,1,1,1,1786594915
2026-08-13T04:25:45Z,1142,15,1,6,0,0,1,1,1,1786595013
2026-08-13T04:25:45Z,1143,22,1,6,1,0,1,1,1,1786595084
2026-08-13T04:25:45Z,1144,12,1,9,0,0,1,1,1,1786594161
2026-08-13T04:25:45Z,1145,9,4,11,1,0,1,1,1,1786594069
2026-08-13T04:25:45Z,1146,13,0,3,3,0,1,1,1,1786595098
2026-08-13T04:25:45Z,1147,9,2,10,0,0,1,1,1,1786594626
2026-08-13T04:25:45Z,1148,0,0,3,0,0,0,1,1,1786190968
2026-08-13T04:25:45Z,1149,4,4,20,1,0,1,1,1,1786594192
2026-08-13T04:25:45Z,1150,1,0,18,0,0,1,1,1,1786593603
2026-08-13T04:25:45Z,1151,13,4,8,0,0,1,1,1,1786594307
2026-08-13T04:25:45Z,1152,5,0,24,0,0,1,1,1,1786593913
2026-08-13T04:25:45Z,1153,23,6,0,0,0,1,1,1,1786593609
2026-08-13T04:25:45Z,1154,5,1,12,2,0,1,1,1,1786594201
2026-08-13T04:25:45Z,1155,8,2,11,2,0,1,1,1,1786594809
2026-08-13T04:25:45Z,1158,3,1,15,1,0,1,1,1,1786594661
2026-08-13T04:25:45Z,1159,9,2,10,0,0,1,1,1,1786594235
2026-08-13T04:25:45Z,1160,12,0,7,0,0,1,1,1,1786594949
2026-08-13T04:25:45Z,1161,6,1,12,1,0,1,1,1,1786593560
2026-08-13T04:25:45Z,1162,6,0,12,1,0,1,1,1,1786593987
2026-08-13T04:25:45Z,1163,0,0,18,1,0,1,1,1,1786594742
2026-08-13T04:25:45Z,1164,5,1,14,0,0,1,1,1,1786594859
2026-08-13T04:25:45Z,1165,6,1,15,0,0,1,1,1,1786594280
2026-08-13T04:25:45Z,1166,12,5,8,1,0,1,1,1,1786595051
2026-08-13T04:25:45Z,1167,2,2,13,0,0,1,1,1,1786594841
2026-08-13T04:25:45Z,1168,7,0,16,0,0,1,1,1,1786594233
2026-08-13T04:25:45Z,1169,3,1,16,0,0,1,1,1,1786594622
2026-08-13T04:25:45Z,1170,6,3,15,0,0,1,1,1,1786593772
2026-08-13T04:25:45Z,1171,12,8,11,0,0,1,1,1,1786594487
2026-08-13T04:25:45Z,1172,9,4,4,2,0,1,1,1,1786594019
2026-08-13T04:25:45Z,1173,8,2,11,0,0,1,1,1,1786595001
2026-08-13T04:25:45Z,1174,4,2,10,1,0,1,1,1,1786593616
2026-08-13T04:25:45Z,1175,8,3,11,0,0,1,1,1,1786594965
2026-08-13T04:25:45Z,1176,11,2,8,2,0,1,1,1,1786595011
2026-08-13T04:25:45Z,1177,17,3,4,0,0,1,1,1,1786594800
2026-08-13T04:25:45Z,1178,1,1,13,1,0,1,1,1,1786594419
2026-08-13T04:25:45Z,1181,12,1,2,1,0,1,1,1,1786591664
2026-08-13T04:25:45Z,1182,1,0,19,0,0,1,1,1,1786595050
2026-08-13T04:25:45Z,1183,1,0,43,1,0,1,1,1,1786595007
2026-08-13T04:25:45Z,1184,8,8,10,3,0,1,1,1,1786595096
2026-08-13T04:25:45Z,1185,10,5,11,0,0,1,1,1,1786593471
2026-08-13T04:25:45Z,1186,9,4,10,0,0,1,1,1,1786593369
2026-08-13T04:25:45Z,1187,9,4,12,0,0,1,1,1,1786594755
2026-08-13T04:25:45Z,1188,11,5,4,0,0,1,1,1,1786594019
2026-08-13T04:25:45Z,1189,10,5,9,0,0,1,1,1,1786594039
2026-08-13T04:25:45Z,1190,10,5,11,0,0,1,1,1,1786594975
2026-08-13T04:25:45Z,1191,10,5,5,0,0,1,1,1,1786594055
2026-08-13T04:25:45Z,1192,12,7,9,0,0,1,1,1,1786593443
2026-08-13T04:25:45Z,1193,8,5,5,0,0,1,1,1,1786593602
2026-08-13T04:25:45Z,1196,9,8,10,0,0,1,1,1,1786594694
2026-08-13T04:25:45Z,1197,2,2,13,2,0,1,1,1,1786594841
2026-08-13T04:25:45Z,1198,13,2,7,1,0,1,1,1,1786594172
2026-08-13T04:25:45Z,1199,11,1,8,0,0,1,1,1,1786594958
2026-08-13T04:25:45Z,1200,8,4,7,0,0,1,1,1,1786594051
2026-08-13T04:25:45Z,1201,15,4,0,0,0,1,1,1,1786594092
2026-08-13T04:25:45Z,1202,3,2,12,0,0,1,1,1,1786594156
2026-08-13T04:25:45Z,1203,11,6,3,1,0,1,1,1,1786574914
2026-08-13T04:25:45Z,1204,8,4,10,1,0,1,1,1,1786594831
2026-08-13T04:25:45Z,1206,10,5,11,0,0,1,1,1,1786594658
2026-08-13T04:25:45Z,1207,10,5,4,1,0,1,1,1,1786594478
2026-08-13T04:25:45Z,1208,12,6,7,0,0,1,1,1,1786593748
2026-08-13T04:25:45Z,1216,13,0,7,1,0,1,1,1,1786588478
2026-08-13T04:25:45Z,1218,15,2,5,1,0,1,1,1,1786593366
2026-08-13T04:25:45Z,1219,10,0,5,0,0,1,1,1,1786593759
2026-08-13T04:25:45Z,1220,11,2,8,0,0,1,1,1,1786594702
2026-08-13T04:25:45Z,1221,7,0,14,0,0,1,1,1,1786594345
2026-08-13T04:25:45Z,1222,25,0,4,0,0,1,1,1,1786594179
2026-08-13T04:25:45Z,1223,21,1,6,2,0,1,1,1,1786594913
2026-08-13T04:25:45Z,1226,0,0,3,0,0,0,1,1,1781868931
2026-08-13T04:25:45Z,1227,15,1,9,1,0,1,1,1,1786594556
2026-08-13T04:25:45Z,1228,17,2,12,0,0,1,1,1,1786594855
2026-08-13T04:25:45Z,1229,40,0,4,1,0,1,1,1,1786595118
2026-08-13T04:25:45Z,1230,8,1,11,0,0,1,1,1,1786593453
2026-08-13T04:25:45Z,1231,17,6,1,1,0,1,1,1,1786593366
2026-08-13T04:25:45Z,1232,17,6,0,2,0,1,1,1,1786594471
2026-08-13T04:30:45Z,1,0,0,23,0,0,1,1,1,1786593760
2026-08-13T04:30:45Z,2,11,1,14,2,0,1,1,1,1786594482
2026-08-13T04:30:45Z,3,13,0,1,0,0,1,1,1,1786591614
2026-08-13T04:30:45Z,4,4,0,18,0,0,1,1,1,1786594689
2026-08-13T04:30:45Z,5,8,5,13,2,0,1,1,1,1786593917
2026-08-13T04:30:45Z,6,12,1,3,0,0,1,1,1,1786595051
2026-08-13T04:30:45Z,7,5,0,34,0,0,1,1,1,1786594665
2026-08-13T04:30:45Z,8,5,0,38,0,0,1,1,1,1786595191
2026-08-13T04:30:45Z,9,0,0,22,1,0,1,1,1,1786594776
2026-08-13T04:30:45Z,10,10,5,11,2,0,1,1,1,1786593658
2026-08-13T04:30:45Z,11,17,4,2,0,0,1,1,1,1786595061
2026-08-13T04:30:45Z,12,0,0,22,1,0,1,1,1,1786587160
2026-08-13T04:30:45Z,13,6,2,23,1,0,1,1,1,1786595163
2026-08-13T04:30:45Z,14,11,0,30,1,1,1,1,1,1786592654
2026-08-13T04:30:45Z,15,14,0,1,0,0,1,1,1,1786593612
2026-08-13T04:30:45Z,16,7,3,19,0,1,1,1,1,1786592725
2026-08-13T04:30:45Z,17,27,1,0,0,0,1,1,1,1786591461
2026-08-13T04:30:45Z,18,14,1,5,0,0,1,1,1,1786595017
2026-08-13T04:30:45Z,19,19,2,8,0,0,1,1,1,1786595260
2026-08-13T04:30:45Z,20,10,0,25,0,0,1,1,1,1786594604
2026-08-13T04:30:45Z,21,15,1,3,0,1,1,1,1,1786595397
2026-08-13T04:30:45Z,22,39,0,25,1,0,1,1,1,1786592713
2026-08-13T04:30:45Z,23,0,0,30,1,0,1,1,1,1786595374
2026-08-13T04:30:45Z,24,0,0,9,2,0,1,1,1,1786595434
2026-08-13T04:30:45Z,25,10,6,69,2,0,1,1,1,1786595417
2026-08-13T04:30:45Z,26,0,0,27,0,0,1,1,1,1786591372
2026-08-13T04:30:45Z,28,14,0,0,1,0,1,1,1,1786587824
2026-08-13T04:30:45Z,30,8,0,21,0,0,1,1,1,1786595327
2026-08-13T04:30:45Z,31,0,0,18,1,0,1,1,1,1786595338
2026-08-13T04:30:45Z,32,20,1,7,0,0,1,1,1,1786595376
2026-08-13T04:30:45Z,34,24,1,12,1,0,1,1,1,1786588575
2026-08-13T04:30:45Z,35,6,0,40,1,0,1,1,1,1786595267
2026-08-13T04:30:45Z,36,0,0,0,0,0,0,1,1,86400
2026-08-13T04:30:45Z,37,1,0,21,1,0,1,1,1,1786595392
2026-08-13T04:30:45Z,38,2,0,20,1,0,1,1,1,1786591732
2026-08-13T04:30:45Z,39,22,2,12,1,0,1,1,1,1786591112
2026-08-13T04:30:45Z,40,0,0,21,0,0,1,1,1,1786593414
2026-08-13T04:30:45Z,41,12,0,31,0,0,1,1,1,1786594324
2026-08-13T04:30:45Z,42,13,11,18,0,0,1,1,1,1786594454
2026-08-13T04:30:45Z,43,5,2,18,0,0,1,1,1,1786594692
2026-08-13T04:30:45Z,45,1,1,28,0,0,1,1,1,1786593888
2026-08-13T04:30:45Z,46,11,0,18,2,0,1,1,1,1786594470
2026-08-13T04:30:45Z,47,5,0,8,2,0,1,1,1,1786594177
2026-08-13T04:30:45Z,48,15,0,12,0,0,1,1,1,1786595041
2026-08-13T04:30:45Z,49,6,0,13,4,0,1,1,1,1786595438
2026-08-13T04:30:45Z,50,4,0,13,2,0,1,1,1,1786593620
2026-08-13T04:30:45Z,51,42,0,34,1,0,1,1,1,1786594912
2026-08-13T04:30:45Z,52,4,0,19,4,0,1,1,1,1786595351
2026-08-13T04:30:45Z,55,0,0,23,0,0,1,1,1,1786590588
2026-08-13T04:30:45Z,56,10,0,31,2,0,1,1,1,1786595289
2026-08-13T04:30:45Z,57,0,0,27,0,0,1,1,1,1786595064
2026-08-13T04:30:45Z,58,5,5,23,0,0,1,1,1,1786593970
2026-08-13T04:30:45Z,59,1,1,24,1,0,1,1,1,1786594901
2026-08-13T04:30:45Z,61,2,0,35,2,0,1,1,1,1786591108
2026-08-13T04:30:45Z,62,1,1,45,2,0,1,1,1,1786595025
2026-08-13T04:30:45Z,63,1,0,18,0,0,1,1,1,1786593399
2026-08-13T04:30:45Z,64,3,0,13,3,0,1,1,1,1786588177
2026-08-13T04:30:45Z,65,8,2,10,0,1,1,1,1,1786592207
2026-08-13T04:30:45Z,67,6,1,33,0,0,1,1,1,1786594338
2026-08-13T04:30:45Z,68,0,0,37,0,0,1,1,1,1786587287
2026-08-13T04:30:45Z,69,10,1,4,1,0,1,1,1,1786594934
2026-08-13T04:30:45Z,71,0,0,25,2,0,1,1,1,1786595240
2026-08-13T04:30:45Z,72,17,1,11,2,1,1,1,1,1786593911
2026-08-13T04:30:45Z,73,1,0,29,1,0,1,1,1,1786591871
2026-08-13T04:30:45Z,74,11,3,8,0,0,1,1,1,1786592050
2026-08-13T04:30:45Z,75,0,0,31,1,0,1,1,1,1786594539
2026-08-13T04:30:45Z,76,10,1,9,0,0,1,1,1,1786595333
2026-08-13T04:30:45Z,77,24,0,3,0,0,1,1,1,1786594763
2026-08-13T04:30:45Z,78,8,7,15,0,0,1,1,1,1786594434
2026-08-13T04:30:45Z,79,1,0,16,0,0,1,1,1,1786595063
2026-08-13T04:30:45Z,80,8,1,12,3,0,1,1,1,1786595439
2026-08-13T04:30:45Z,81,18,0,9,4,0,1,1,1,1786594030
2026-08-13T04:30:45Z,82,6,0,17,0,0,1,1,1,1786595383
2026-08-13T04:30:45Z,83,5,5,27,1,0,1,1,1,1786595374
2026-08-13T04:30:45Z,84,21,1,5,1,0,1,1,1,1786595377
2026-08-13T04:30:45Z,85,8,0,6,1,0,1,1,1,1786595384
2026-08-13T04:30:45Z,86,13,4,13,1,0,1,1,1,1786594415
2026-08-13T04:30:45Z,87,2,0,17,0,0,1,1,1,1786593260
2026-08-13T04:30:45Z,88,0,0,41,2,0,1,1,1,1786591257
2026-08-13T04:30:45Z,89,21,0,13,1,0,1,1,1,1786593875
2026-08-13T04:30:45Z,90,18,0,1,0,0,1,1,1,1786590175
2026-08-13T04:30:45Z,91,7,0,9,1,0,1,1,1,1786593153
2026-08-13T04:30:45Z,92,17,1,0,2,0,1,1,1,1786595360
2026-08-13T04:30:45Z,93,20,0,3,0,0,1,1,1,1786595056
2026-08-13T04:30:45Z,94,16,0,2,1,0,1,1,1,1786595437
2026-08-13T04:30:45Z,95,27,0,5,2,1,1,1,1,1786595438
2026-08-13T04:30:45Z,96,16,1,14,1,0,1,1,1,1786595285
2026-08-13T04:30:45Z,97,0,0,0,2,15,0,1,1,1786595376
2026-08-13T04:30:45Z,98,20,2,14,1,0,1,1,1,1786595442
2026-08-13T04:30:45Z,99,16,4,0,0,0,1,1,1,1786594756
2026-08-13T04:30:45Z,100,26,0,0,1,0,1,1,1,1786595216
2026-08-13T04:30:45Z,101,14,2,0,1,0,1,1,1,1786594106
2026-08-13T04:30:45Z,102,20,0,3,0,0,1,1,1,1786594976
2026-08-13T04:30:45Z,103,22,3,1,6,1,1,1,1,1786595437
2026-08-13T04:30:45Z,104,1,0,24,1,1,1,1,1,1786595198
2026-08-13T04:30:45Z,105,18,2,0,1,0,1,1,1,1786588963
2026-08-13T04:30:45Z,106,0,0,20,1,0,1,1,1,1786593274
2026-08-13T04:30:45Z,107,15,1,20,2,0,1,1,1,1786594408
2026-08-13T04:30:45Z,108,35,0,0,0,0,1,1,1,1786591690
2026-08-13T04:30:45Z,109,19,1,3,1,0,1,1,1,1786594663
2026-08-13T04:30:45Z,110,9,0,14,0,0,1,1,1,1786594679
2026-08-13T04:30:45Z,111,2,0,32,2,0,1,1,1,1786594922
2026-08-13T04:30:45Z,112,13,0,1,1,0,1,1,1,1786594353
2026-08-13T04:30:45Z,113,9,3,10,0,0,1,1,1,1786595294
2026-08-13T04:30:45Z,114,11,0,15,4,1,1,1,1,1786595441
2026-08-13T04:30:45Z,115,9,0,19,1,0,1,1,1,1786592745
2026-08-13T04:30:45Z,116,1,0,24,2,0,1,1,1,1786589605
2026-08-13T04:30:45Z,118,18,4,2,3,0,1,1,1,1786594791
2026-08-13T04:30:45Z,119,34,0,1,3,0,1,1,1,1786594441
2026-08-13T04:30:45Z,120,22,3,2,2,0,1,1,1,1786590997
2026-08-13T04:30:45Z,121,15,3,3,0,1,1,1,1,1786595437
2026-08-13T04:30:45Z,122,18,0,2,1,0,1,1,1,1786594222
2026-08-13T04:30:45Z,123,5,0,39,0,0,1,1,1,1786594914
2026-08-13T04:30:45Z,124,24,3,11,0,0,1,1,1,1786594856
2026-08-13T04:30:45Z,125,0,0,21,2,0,1,1,1,1786592353
2026-08-13T04:30:45Z,126,28,5,3,0,0,1,1,1,1786591743
2026-08-13T04:30:45Z,127,22,0,11,2,0,1,1,1,1786595232
2026-08-13T04:30:45Z,128,12,0,6,1,0,1,1,1,1786595355
2026-08-13T04:30:45Z,129,17,10,1,1,0,1,1,1,1786594841
2026-08-13T04:30:45Z,130,10,0,7,0,0,1,1,1,1786593171
2026-08-13T04:30:45Z,131,3,0,5,3,0,1,1,1,1786589770
2026-08-13T04:30:45Z,132,1,0,13,0,1,1,1,1,1786595010
2026-08-13T04:30:45Z,133,2,1,20,1,0,1,1,1,1786594816
2026-08-13T04:30:45Z,134,1,0,20,0,0,1,1,1,1786591700
2026-08-13T04:30:45Z,135,18,2,0,1,0,1,1,1,1786591943
2026-08-13T04:30:45Z,136,21,2,1,0,0,1,1,1,1786592303
2026-08-13T04:30:45Z,137,11,1,8,0,0,1,1,1,1786595356
2026-08-13T04:30:45Z,138,35,2,2,0,0,1,1,1,1786595282
2026-08-13T04:30:45Z,139,19,0,0,0,0,1,1,1,1786592521
2026-08-13T04:30:45Z,140,21,1,1,1,0,1,1,1,1786595442
2026-08-13T04:30:45Z,141,36,10,0,1,0,1,1,1,1786595269
2026-08-13T04:30:45Z,142,13,5,10,0,0,1,1,1,1786594848
2026-08-13T04:30:45Z,143,26,0,5,0,0,1,1,1,1786595104
2026-08-13T04:30:45Z,144,24,1,3,0,0,1,1,1,1786593910
2026-08-13T04:30:45Z,145,21,0,3,2,0,1,1,1,1786595236
2026-08-13T04:30:45Z,146,11,0,11,1,0,1,1,1,1786595315
2026-08-13T04:30:45Z,147,7,1,10,2,0,1,1,1,1786593898
2026-08-13T04:30:45Z,148,24,7,1,1,1,1,1,1,1786595414
2026-08-13T04:30:45Z,149,20,2,4,3,0,1,1,1,1786594852
2026-08-13T04:30:45Z,150,31,1,2,2,0,1,1,1,1786595217
2026-08-13T04:30:45Z,151,23,7,0,0,0,1,1,1,1786595257
2026-08-13T04:30:45Z,152,10,1,14,1,1,1,1,1,1786595236
2026-08-13T04:30:45Z,153,26,1,1,1,0,1,1,1,1786595427
2026-08-13T04:30:45Z,154,9,1,13,1,0,1,1,1,1786595204
2026-08-13T04:30:45Z,155,3,2,9,2,0,1,1,1,1786595306
2026-08-13T04:30:45Z,156,14,1,3,0,0,1,1,1,1786594539
2026-08-13T04:30:45Z,157,7,1,20,0,0,1,1,1,1786595252
2026-08-13T04:30:45Z,158,18,11,0,1,0,1,1,1,1786595022
2026-08-13T04:30:45Z,159,17,9,1,1,0,1,1,1,1786594590
2026-08-13T04:30:45Z,160,19,2,0,0,0,1,1,1,1786595342
2026-08-13T04:30:45Z,161,6,1,16,0,0,1,1,1,1786594721
2026-08-13T04:30:45Z,162,2,1,22,1,1,1,1,1,1786595221
2026-08-13T04:30:45Z,163,28,2,1,1,1,1,1,1,1786595207
2026-08-13T04:30:45Z,164,24,4,2,1,0,1,1,1,1786595072
2026-08-13T04:30:45Z,165,28,8,0,2,1,1,1,1,1786595144
2026-08-13T04:30:45Z,166,6,5,27,5,1,1,1,1,1786595441
2026-08-13T04:30:45Z,167,23,12,0,0,0,1,1,1,1786595280
2026-08-13T04:30:45Z,168,1,1,23,3,0,1,1,1,1786595271
2026-08-13T04:30:45Z,169,2,0,19,1,0,1,1,1,1786595157
2026-08-13T04:30:45Z,170,14,5,4,1,0,1,1,1,1786595047
2026-08-13T04:30:45Z,171,10,4,0,3,0,1,1,1,1786595244
2026-08-13T04:30:45Z,173,27,0,12,0,0,1,1,1,1786595276
2026-08-13T04:30:45Z,174,23,1,2,1,0,1,1,1,1786594778
2026-08-13T04:30:45Z,175,3,0,26,2,0,1,1,1,1786595175
2026-08-13T04:30:45Z,176,5,5,5,4,1,1,1,1,1786594740
2026-08-13T04:30:45Z,177,23,2,4,0,0,1,1,1,1786595307
2026-08-13T04:30:45Z,178,10,0,2,2,1,1,1,1,1786595437
2026-08-13T04:30:45Z,179,3,2,9,2,0,1,1,1,1786595148
2026-08-13T04:30:45Z,180,12,0,18,0,0,1,1,1,1786594022
2026-08-13T04:30:45Z,181,7,3,7,1,0,1,1,1,1786595381
2026-08-13T04:30:45Z,182,10,1,7,0,0,1,1,1,1786592835
2026-08-13T04:30:45Z,183,7,5,16,0,0,1,1,1,1786594800
2026-08-13T04:30:45Z,184,0,0,22,0,1,1,1,1,1786595285
2026-08-13T04:30:45Z,185,12,4,1,1,1,1,1,1,1786594987
2026-08-13T04:30:45Z,186,14,5,5,0,0,1,1,1,1786595425
2026-08-13T04:30:45Z,187,0,0,28,0,0,1,1,1,1786591348
2026-08-13T04:30:45Z,188,1,0,21,1,0,1,1,1,1786594876
2026-08-13T04:30:45Z,189,6,3,9,0,0,1,1,1,1786595425
2026-08-13T04:30:45Z,190,1,0,22,0,0,1,1,1,1786595161
2026-08-13T04:30:45Z,191,0,0,38,1,0,1,1,1,1786594488
2026-08-13T04:30:45Z,192,7,7,22,2,0,1,1,1,1786594963
2026-08-13T04:30:45Z,193,14,7,0,1,0,1,1,1,1786595119
2026-08-13T04:30:45Z,194,10,0,17,0,0,1,1,1,1786594514
2026-08-13T04:30:45Z,195,0,0,18,0,0,1,1,1,1786594341
2026-08-13T04:30:45Z,196,16,6,11,0,0,1,1,1,1786595117
2026-08-13T04:30:45Z,197,19,0,0,0,0,1,1,1,1786591041
2026-08-13T04:30:45Z,198,4,2,19,0,0,1,1,1,1786595289
2026-08-13T04:30:45Z,199,11,3,2,2,0,1,1,1,1786594941
2026-08-13T04:30:45Z,200,0,0,25,1,0,1,1,1,1786594602
2026-08-13T04:30:45Z,201,19,5,3,1,0,1,1,1,1786595391
2026-08-13T04:30:45Z,202,2,0,21,0,4,1,1,1,1786595178
2026-08-13T04:30:45Z,203,25,0,6,0,0,1,1,1,1786595023
2026-08-13T04:30:45Z,204,31,5,3,1,0,1,1,1,1786593729
2026-08-13T04:30:45Z,205,5,0,22,0,0,1,1,1,1786595229
2026-08-13T04:30:45Z,206,0,0,14,1,0,1,1,1,1786595296
2026-08-13T04:30:45Z,207,16,0,5,0,0,1,1,1,1786595329
2026-08-13T04:30:45Z,208,3,3,25,1,0,1,1,1,1786595323
2026-08-13T04:30:45Z,209,28,2,1,2,0,1,1,1,1786595407
2026-08-13T04:30:45Z,210,20,3,6,1,0,1,1,1,1786595337
2026-08-13T04:30:45Z,211,14,8,8,1,0,1,1,1,1786595303
2026-08-13T04:30:45Z,212,26,1,9,0,0,1,1,1,1786595389
2026-08-13T04:30:45Z,213,3,0,15,1,3,1,1,1,1786595285
2026-08-13T04:30:45Z,214,19,13,27,1,0,1,1,1,1786594417
2026-08-13T04:30:45Z,215,0,0,23,0,0,1,1,1,1786590820
2026-08-13T04:30:45Z,216,17,1,1,1,0,1,1,1,1786595252
2026-08-13T04:30:45Z,217,17,0,11,1,0,1,1,1,1786595418
2026-08-13T04:30:45Z,218,34,5,2,1,2,1,1,1,1786595386
2026-08-13T04:30:45Z,219,24,0,2,0,0,1,1,1,1786594219
2026-08-13T04:30:45Z,220,30,27,13,0,0,1,1,1,1786595318
2026-08-13T04:30:45Z,221,10,9,5,0,0,1,1,1,1786594840
2026-08-13T04:30:45Z,222,13,10,6,0,0,1,1,1,1786594183
2026-08-13T04:30:45Z,223,5,2,27,3,0,1,1,1,1786595329
2026-08-13T04:30:45Z,224,8,5,13,1,0,1,1,1,1786595388
2026-08-13T04:30:45Z,225,6,0,2,10,1,1,1,1,1786584495
2026-08-13T04:30:45Z,226,24,4,4,3,0,1,1,1,1786595272
2026-08-13T04:30:45Z,227,13,3,14,0,0,1,1,1,1786594616
2026-08-13T04:30:45Z,228,3,1,11,5,0,1,1,1,1786593576
2026-08-13T04:30:45Z,230,25,3,1,0,0,1,1,1,1786594132
2026-08-13T04:30:45Z,232,12,5,3,2,0,1,1,1,1786595349
2026-08-13T04:30:45Z,233,13,2,16,2,0,1,1,1,1786595334
2026-08-13T04:30:45Z,234,5,1,8,4,2,1,1,1,1786593634
2026-08-13T04:30:45Z,236,5,1,12,2,0,1,1,1,1786590106
2026-08-13T04:30:45Z,237,20,3,0,3,0,1,1,1,1786590973
2026-08-13T04:30:45Z,239,9,9,16,2,0,1,1,1,1786594590
2026-08-13T04:30:45Z,241,23,11,0,0,0,1,1,1,1786593738
2026-08-13T04:30:45Z,242,17,9,6,0,0,1,1,1,1786594714
2026-08-13T04:30:45Z,243,0,0,30,1,0,1,1,1,1786594755
2026-08-13T04:30:45Z,244,19,5,7,1,0,1,1,1,1786594577
2026-08-13T04:30:45Z,245,2,2,21,0,0,1,1,1,1786594775
2026-08-13T04:30:45Z,246,2,0,21,0,0,1,1,1,1786594978
2026-08-13T04:30:45Z,247,0,0,23,0,0,1,1,1,1786592963
2026-08-13T04:30:45Z,248,0,0,21,2,0,1,1,1,1786593238
2026-08-13T04:30:45Z,249,1,0,18,0,0,1,1,1,1786595204
2026-08-13T04:30:45Z,250,0,0,25,2,0,1,1,1,1786594022
2026-08-13T04:30:45Z,251,1,0,24,2,0,1,1,1,1786594340
2026-08-13T04:30:45Z,253,3,3,15,1,0,1,1,1,1786595411
2026-08-13T04:30:45Z,254,12,4,26,5,0,1,1,1,1786595302
2026-08-13T04:30:45Z,255,16,0,6,0,1,1,1,1,1786595437
2026-08-13T04:30:45Z,256,18,8,4,1,0,1,1,1,1786594948
2026-08-13T04:30:45Z,257,19,10,0,0,0,1,1,1,1786593855
2026-08-13T04:30:45Z,258,1,0,16,2,0,1,1,1,1786595021
2026-08-13T04:30:45Z,259,17,4,4,1,1,1,1,1,1786595437
2026-08-13T04:30:45Z,260,13,2,4,2,0,1,1,1,1786594574
2026-08-13T04:30:45Z,261,15,0,2,1,1,1,1,1,1786594747
2026-08-13T04:30:45Z,262,20,7,0,3,0,1,1,1,1786595132
2026-08-13T04:30:45Z,263,11,5,3,1,0,1,1,1,1786593799
2026-08-13T04:30:45Z,264,15,7,2,2,0,1,1,1,1786594920
2026-08-13T04:30:45Z,265,3,2,6,3,3,1,1,1,1786595329
2026-08-13T04:30:45Z,266,3,0,9,7,0,1,1,1,1786594746
2026-08-13T04:30:45Z,267,4,3,10,1,0,1,1,1,1786585914
2026-08-13T04:30:45Z,268,5,2,16,2,0,1,1,1,1786593431
2026-08-13T04:30:45Z,269,7,5,16,0,0,1,1,1,1786594628
2026-08-13T04:30:45Z,270,23,5,4,0,0,1,1,1,1786595287
2026-08-13T04:30:45Z,271,2,2,14,3,0,1,1,1,1786594349
2026-08-13T04:30:45Z,272,10,5,13,0,0,1,1,1,1786595364
2026-08-13T04:30:45Z,273,10,7,1,4,0,1,1,1,1786592688
2026-08-13T04:30:45Z,274,13,4,6,0,0,1,1,1,1786593814
2026-08-13T04:30:45Z,275,5,0,11,4,2,1,1,1,1786595183
2026-08-13T04:30:45Z,276,5,4,22,0,0,1,1,1,1786594624
2026-08-13T04:30:45Z,277,0,0,18,4,1,1,1,1,1786590150
2026-08-13T04:30:45Z,278,2,2,26,3,0,1,1,1,1786595130
2026-08-13T04:30:45Z,279,12,7,6,1,0,1,1,1,1786593870
2026-08-13T04:30:45Z,280,1,0,27,3,0,1,1,1,1786595346
2026-08-13T04:30:45Z,281,14,1,4,1,0,1,1,1,1786595328
2026-08-13T04:30:45Z,282,8,0,4,5,1,1,1,1,1786595311
2026-08-13T04:30:45Z,283,18,3,17,0,0,1,1,1,1786595377
2026-08-13T04:30:45Z,284,32,8,3,0,0,1,1,1,1786595282
2026-08-13T04:30:45Z,285,3,2,20,0,0,1,1,1,1786595073
2026-08-13T04:30:45Z,286,19,7,1,3,0,1,1,1,1786595388
2026-08-13T04:30:45Z,287,12,7,6,5,0,1,1,1,1786595404
2026-08-13T04:30:45Z,288,11,10,7,1,0,1,1,1,1786593344
2026-08-13T04:30:45Z,289,6,1,19,2,0,1,1,1,1786595354
2026-08-13T04:30:45Z,290,6,1,29,4,0,1,1,1,1786595414
2026-08-13T04:30:45Z,291,21,0,1,1,0,1,1,1,1786594524
2026-08-13T04:30:45Z,292,16,4,7,0,0,1,1,1,1786595410
2026-08-13T04:30:45Z,293,5,2,18,0,0,1,1,1,1786595124
2026-08-13T04:30:45Z,294,1,1,20,1,0,1,1,1,1786595021
2026-08-13T04:30:45Z,297,11,0,5,2,1,1,1,1,1786595209
2026-08-13T04:30:45Z,301,9,1,10,0,0,1,1,1,1786593053
2026-08-13T04:30:45Z,302,14,0,7,2,0,1,1,1,1786593053
2026-08-13T04:30:45Z,303,6,0,13,0,0,1,1,1,1786595436
2026-08-13T04:30:45Z,304,0,0,0,0,0,0,1,1,86400
2026-08-13T04:30:45Z,305,5,0,12,2,0,1,1,1,1786595437
2026-08-13T04:30:45Z,306,3,0,28,1,0,1,1,1,1786593950
2026-08-13T04:30:45Z,307,7,0,14,2,0,1,1,1,1786594165
2026-08-13T04:30:45Z,308,12,0,5,2,0,1,1,1,1786594503
2026-08-13T04:30:45Z,309,12,5,2,0,0,1,1,1,1786594916
2026-08-13T04:30:45Z,311,15,1,0,0,0,1,1,1,1786593917
2026-08-13T04:30:45Z,312,14,8,5,3,1,1,1,1,1786595439
2026-08-13T04:30:45Z,313,11,1,4,0,0,1,1,1,1786591348
2026-08-13T04:30:45Z,314,10,1,7,2,0,1,1,1,1786595263
2026-08-13T04:30:45Z,315,3,2,23,4,1,1,1,1,1786592833
2026-08-13T04:30:45Z,316,24,3,5,1,0,1,1,1,1786594998
2026-08-13T04:30:45Z,317,5,4,22,4,0,1,1,1,1786592105
2026-08-13T04:30:45Z,318,11,1,6,1,0,1,1,1,1786594666
2026-08-13T04:30:45Z,319,13,2,9,1,0,1,1,1,1786595413
2026-08-13T04:30:45Z,320,15,2,3,1,0,1,1,1,1786594566
2026-08-13T04:30:45Z,321,6,0,9,4,0,1,1,1,1786595311
2026-08-13T04:30:45Z,322,6,2,21,1,1,1,1,1,1786595135
2026-08-13T04:30:45Z,323,2,0,12,5,0,1,1,1,1786595034
2026-08-13T04:30:45Z,324,7,1,19,1,0,1,1,1,1786595441
2026-08-13T04:30:45Z,325,7,1,18,2,0,1,1,1,1786594952
2026-08-13T04:30:45Z,327,21,0,5,1,0,1,1,1,1786595024
2026-08-13T04:30:45Z,328,9,0,13,0,0,1,1,1,1786594444
2026-08-13T04:30:45Z,329,3,1,16,0,0,1,1,1,1786590607
2026-08-13T04:30:45Z,330,12,1,7,3,0,1,1,1,1786595296
2026-08-13T04:30:45Z,331,6,1,17,0,0,1,1,1,1786594735
2026-08-13T04:30:45Z,332,3,1,14,2,0,1,1,1,1786593585
2026-08-13T04:30:45Z,333,2,2,19,2,0,1,1,1,1786595413
2026-08-13T04:30:45Z,334,4,1,19,0,0,1,1,1,1786593705
2026-08-13T04:30:45Z,335,2,2,20,0,1,1,1,1,1786593501
2026-08-13T04:30:45Z,336,9,2,7,3,0,1,1,1,1786595323
2026-08-13T04:30:45Z,337,10,3,7,6,0,1,1,1,1786595424
2026-08-13T04:30:45Z,338,16,1,2,1,0,1,1,1,1786594545
2026-08-13T04:30:45Z,339,3,0,20,0,0,1,1,1,1786595195
2026-08-13T04:30:45Z,340,8,5,6,1,0,1,1,1,1786595380
2026-08-13T04:30:45Z,341,16,9,3,0,0,1,1,1,1786594267
2026-08-13T04:30:45Z,342,7,1,6,2,0,1,1,1,1786593503
2026-08-13T04:30:45Z,343,9,3,9,5,0,1,1,1,1786595327
2026-08-13T04:30:45Z,344,10,6,11,2,0,1,1,1,1786594280
2026-08-13T04:30:45Z,345,16,0,3,0,0,1,1,1,1786594572
2026-08-13T04:30:45Z,346,2,2,20,0,1,1,1,1,1786595173
2026-08-13T04:30:45Z,347,10,0,31,2,0,1,1,1,1786595440
2026-08-13T04:30:45Z,348,5,1,15,2,1,1,1,1,1786595151
2026-08-13T04:30:45Z,349,2,1,17,0,0,1,1,1,1786592644
2026-08-13T04:30:45Z,350,14,3,13,0,0,1,1,1,1786595358
2026-08-13T04:30:45Z,351,14,0,5,3,1,1,1,1,1786595368
2026-08-13T04:30:45Z,355,19,2,4,0,0,1,1,1,1786595333
2026-08-13T04:30:45Z,356,10,3,6,3,0,1,1,1,1786594220
2026-08-13T04:30:45Z,357,0,0,19,0,0,1,1,1,1786595356
2026-08-13T04:30:45Z,358,15,7,12,0,0,1,1,1,1786593807
2026-08-13T04:30:45Z,359,14,3,11,2,0,1,1,1,1786594869
2026-08-13T04:30:45Z,360,15,4,2,2,0,1,1,1,1786595291
2026-08-13T04:30:45Z,362,15,10,1,3,0,1,1,1,1786590991
2026-08-13T04:30:45Z,363,8,0,19,0,0,1,1,1,1786595180
2026-08-13T04:30:45Z,364,18,0,1,0,0,1,1,1,1786595183
2026-08-13T04:30:45Z,365,13,1,6,4,0,1,1,1,1786595167
2026-08-13T04:30:45Z,366,17,16,2,4,0,1,1,1,1786595436
2026-08-13T04:30:45Z,367,15,2,2,2,0,1,1,1,1786592579
2026-08-13T04:30:45Z,368,4,3,18,1,0,1,1,1,1786594864
2026-08-13T04:30:45Z,370,11,9,23,1,0,1,1,1,1786594243
2026-08-13T04:30:45Z,371,11,4,7,1,0,1,1,1,1786595386
2026-08-13T04:30:45Z,372,14,5,0,1,0,1,1,1,1786594321
2026-08-13T04:30:45Z,373,25,7,0,2,0,1,1,1,1786595317
2026-08-13T04:30:45Z,374,7,3,11,1,0,1,1,1,1786595378
2026-08-13T04:30:45Z,375,17,6,6,4,0,1,1,1,1786594011
2026-08-13T04:30:45Z,376,35,12,1,3,0,1,1,1,1786595354
2026-08-13T04:30:45Z,377,16,4,10,1,0,1,1,1,1786594217
2026-08-13T04:30:45Z,378,15,3,5,4,0,1,1,1,1786595155
2026-08-13T04:30:45Z,379,25,0,0,2,0,1,1,1,1786592838
2026-08-13T04:30:45Z,380,13,3,9,1,0,1,1,1,1786594973
2026-08-13T04:30:45Z,381,22,0,1,0,0,1,1,1,1786595049
2026-08-13T04:30:45Z,383,8,0,7,0,0,1,1,1,1786594523
2026-08-13T04:30:45Z,384,20,1,6,1,0,1,1,1,1786593553
2026-08-13T04:30:45Z,385,6,5,11,1,0,1,1,1,1786593094
2026-08-13T04:30:45Z,387,17,1,6,0,0,1,1,1,1786594000
2026-08-13T04:30:45Z,388,0,0,42,6,1,1,1,1,1786595193
2026-08-13T04:30:45Z,389,4,3,10,1,0,1,1,1,1786595168
2026-08-13T04:30:45Z,390,31,1,3,1,0,1,1,1,1786595129
2026-08-13T04:30:45Z,391,12,6,3,0,0,1,1,1,1786591725
2026-08-13T04:30:45Z,392,4,3,13,2,0,1,1,1,1786595138
2026-08-13T04:30:45Z,393,0,0,9,2,0,1,1,1,1786583941
2026-08-13T04:30:45Z,394,9,1,2,2,0,1,1,1,1786595137
2026-08-13T04:30:45Z,396,0,0,39,2,1,1,1,1,1786593687
2026-08-13T04:30:45Z,397,1,0,30,0,0,1,1,1,1786589475
2026-08-13T04:30:45Z,399,14,5,1,3,0,1,1,1,1786594451
2026-08-13T04:30:45Z,400,18,16,1,4,0,1,1,1,1786594447
2026-08-13T04:30:45Z,401,2,0,37,0,0,1,1,1,1786595018
2026-08-13T04:30:45Z,403,4,2,25,2,0,1,1,1,1786595277
2026-08-13T04:30:45Z,404,16,2,7,0,0,1,1,1,1786595070
2026-08-13T04:30:45Z,406,15,4,20,0,0,1,1,1,1786595107
2026-08-13T04:30:45Z,407,18,0,16,0,0,1,1,1,1786592580
2026-08-13T04:30:45Z,408,2,1,30,1,0,1,1,1,1786594754
2026-08-13T04:30:45Z,409,2,0,19,2,0,1,1,1,1786584258
2026-08-13T04:30:45Z,413,14,6,8,1,0,1,1,1,1786593113
2026-08-13T04:30:45Z,414,1,0,13,0,1,1,1,1,1786593372
2026-08-13T04:30:45Z,417,12,7,7,0,0,1,1,1,1786591877
2026-08-13T04:30:45Z,418,14,6,1,0,0,1,1,1,1786591262
2026-08-13T04:30:45Z,419,15,0,6,2,0,1,1,1,1786594178
2026-08-13T04:30:45Z,421,12,0,6,0,1,1,1,1,1786595323
2026-08-13T04:30:45Z,422,4,0,23,0,0,1,1,1,1786594421
2026-08-13T04:30:45Z,423,18,2,4,1,0,1,1,1,1786593858
2026-08-13T04:30:45Z,424,0,0,13,2,0,1,1,1,1786591793
2026-08-13T04:30:45Z,425,16,1,5,1,0,1,1,1,1786595063
2026-08-13T04:30:45Z,426,0,0,34,3,0,1,1,1,1786591488
2026-08-13T04:30:45Z,427,12,2,2,1,0,1,1,1,1786595118
2026-08-13T04:30:45Z,428,9,1,10,0,0,1,1,1,1786592691
2026-08-13T04:30:45Z,429,9,1,11,4,0,1,1,1,1786595112
2026-08-13T04:30:45Z,430,24,2,6,1,0,1,1,1,1786594343
2026-08-13T04:30:45Z,431,15,1,18,0,0,1,1,1,1786592434
2026-08-13T04:30:45Z,432,22,2,6,3,0,1,1,1,1786595068
2026-08-13T04:30:45Z,433,18,0,1,4,0,1,1,1,1786595131
2026-08-13T04:30:45Z,437,2,1,14,2,1,1,1,1,1786595203
2026-08-13T04:30:45Z,438,1,1,15,3,0,1,1,1,1786595223
2026-08-13T04:30:45Z,439,7,0,8,0,0,1,1,1,1786592447
2026-08-13T04:30:45Z,440,1,1,11,3,0,1,1,1,1786595263
2026-08-13T04:30:45Z,441,3,1,11,1,0,1,1,1,1786592223
2026-08-13T04:30:45Z,442,9,2,9,1,0,1,1,1,1786593460
2026-08-13T04:30:45Z,443,8,1,18,0,1,1,1,1,1786581750
2026-08-13T04:30:45Z,444,3,2,19,1,0,1,1,1,1786580409
2026-08-13T04:30:45Z,445,7,2,13,2,1,1,1,1,1786595376
2026-08-13T04:30:45Z,446,13,0,10,0,0,1,1,1,1786584411
2026-08-13T04:30:45Z,447,6,1,13,3,1,1,1,1,1786571240
2026-08-13T04:30:45Z,448,12,2,2,1,0,1,1,1,1786592206
2026-08-13T04:30:45Z,452,13,5,6,0,0,1,1,1,1786594213
2026-08-13T04:30:45Z,453,7,4,7,1,0,1,1,1,1786594104
2026-08-13T04:30:45Z,454,9,0,10,0,0,1,1,1,1786595232
2026-08-13T04:30:45Z,455,1,0,38,0,0,1,1,1,1786594844
2026-08-13T04:30:45Z,456,5,3,13,1,0,1,1,1,1786595079
2026-08-13T04:30:45Z,457,9,2,16,2,0,1,1,1,1786595426
2026-08-13T04:30:45Z,458,9,4,13,1,0,1,1,1,1786594083
2026-08-13T04:30:45Z,459,10,0,4,0,1,1,1,1,1786589532
2026-08-13T04:30:45Z,460,22,1,0,1,0,1,1,1,1786594577
2026-08-13T04:30:45Z,461,1,1,18,0,0,1,1,1,1786594911
2026-08-13T04:30:45Z,462,0,0,20,1,0,1,1,1,1786595143
2026-08-13T04:30:45Z,463,18,0,0,1,0,1,1,1,1786590887
2026-08-13T04:30:45Z,464,10,3,3,1,0,1,1,1,1786594987
2026-08-13T04:30:45Z,465,1,1,14,0,0,1,1,1,1786595420
2026-08-13T04:30:45Z,466,3,2,8,4,0,1,1,1,1786594488
2026-08-13T04:30:45Z,467,6,4,12,1,0,1,1,1,1786590582
2026-08-13T04:30:45Z,468,14,3,3,2,0,1,1,1,1786591465
2026-08-13T04:30:45Z,469,5,1,18,0,0,1,1,1,1786594480
2026-08-13T04:30:45Z,470,12,1,1,1,1,1,1,1,1786595436
2026-08-13T04:30:45Z,471,8,0,4,6,0,1,1,1,1786595438
2026-08-13T04:30:45Z,472,15,6,3,1,0,1,1,1,1786595194
2026-08-13T04:30:45Z,473,16,4,0,3,0,1,1,1,1786590926
2026-08-13T04:30:45Z,474,15,2,0,4,0,1,1,1,1786593782
2026-08-13T04:30:45Z,475,13,1,0,6,0,1,1,1,1786595108
2026-08-13T04:30:45Z,477,13,7,1,1,0,1,1,1,1786595327
2026-08-13T04:30:45Z,478,8,0,23,0,0,1,1,1,1786592397
2026-08-13T04:30:45Z,479,9,1,8,2,0,1,1,1,1786594690
2026-08-13T04:30:45Z,480,8,4,1,6,0,1,1,1,1786589834
2026-08-13T04:30:45Z,481,0,0,30,2,1,1,1,1,1786595289
2026-08-13T04:30:45Z,482,11,3,8,0,0,1,1,1,1786591575
2026-08-13T04:30:45Z,483,14,0,13,0,0,1,1,1,1786594005
2026-08-13T04:30:45Z,484,3,1,13,2,1,1,1,1,1786595343
2026-08-13T04:30:45Z,485,18,2,0,0,1,1,1,1,1786595197
2026-08-13T04:30:45Z,486,24,4,0,3,0,1,1,1,1786595144
2026-08-13T04:30:45Z,487,11,7,8,0,0,1,1,1,1786595098
2026-08-13T04:30:45Z,489,9,5,6,0,0,1,1,1,1786595382
2026-08-13T04:30:45Z,490,8,0,4,4,0,1,1,1,1786595217
2026-08-13T04:30:45Z,491,14,1,3,4,0,1,1,1,1786594974
2026-08-13T04:30:45Z,492,7,2,1,3,0,1,1,1,1786595437
2026-08-13T04:30:45Z,493,0,0,27,0,0,1,1,1,1786592990
2026-08-13T04:30:45Z,496,10,0,17,0,0,1,1,1,1786592543
2026-08-13T04:30:45Z,497,2,1,17,0,0,1,1,1,1786592347
2026-08-13T04:30:45Z,498,14,3,8,1,0,1,1,1,1786595307
2026-08-13T04:30:45Z,499,8,0,10,1,0,1,1,1,1786594410
2026-08-13T04:30:45Z,500,2,0,12,1,0,1,1,1,1786592861
2026-08-13T04:30:45Z,501,8,5,11,1,1,1,1,1,1786595346
2026-08-13T04:30:45Z,502,0,0,19,0,0,1,1,1,1786589622
2026-08-13T04:30:45Z,503,20,4,11,0,0,1,1,1,1786594975
2026-08-13T04:30:45Z,504,0,0,39,0,0,1,1,1,1786592978
2026-08-13T04:30:45Z,505,11,4,0,1,0,1,1,1,1786592815
2026-08-13T04:30:45Z,511,1,0,20,2,0,1,1,1,1786594399
2026-08-13T04:30:45Z,512,0,0,27,0,0,1,1,1,1786589484
2026-08-13T04:30:45Z,514,7,6,0,4,0,1,1,1,1786594792
2026-08-13T04:30:45Z,515,14,4,0,5,0,1,1,1,1786595336
2026-08-13T04:30:45Z,516,0,0,27,0,0,1,1,1,1786592794
2026-08-13T04:30:45Z,517,15,3,6,2,0,1,1,1,1786593781
2026-08-13T04:30:45Z,518,11,1,4,0,0,1,1,1,1786594209
2026-08-13T04:30:45Z,519,14,2,5,0,0,1,1,1,1786593603
2026-08-13T04:30:45Z,520,12,4,3,10,2,1,1,1,1786595439
2026-08-13T04:30:45Z,521,9,3,12,2,0,1,1,1,1786594086
2026-08-13T04:30:45Z,522,21,2,1,0,0,1,1,1,1786594286
2026-08-13T04:30:45Z,523,4,2,19,0,0,1,1,1,1786589944
2026-08-13T04:30:45Z,524,22,0,0,1,0,1,1,1,1786592818
2026-08-13T04:30:45Z,525,14,0,5,0,0,1,1,1,1786594236
2026-08-13T04:30:45Z,526,3,0,11,1,0,1,1,1,1786593277
2026-08-13T04:30:45Z,527,1,1,24,1,0,1,1,1,1786593487
2026-08-13T04:30:45Z,528,21,3,1,1,0,1,1,1,1786592255
2026-08-13T04:30:45Z,530,10,6,9,2,0,1,1,1,1786595177
2026-08-13T04:30:45Z,531,20,1,0,1,2,1,1,1,1786595264
2026-08-13T04:30:45Z,532,0,0,30,1,0,1,1,1,1786586518
2026-08-13T04:30:45Z,533,13,3,5,1,0,1,1,1,1786593315
2026-08-13T04:30:45Z,534,9,3,13,1,0,1,1,1,1786594232
2026-08-13T04:30:45Z,535,4,3,11,0,0,1,1,1,1786592233
2026-08-13T04:30:45Z,536,3,0,19,1,0,1,1,1,1786595216
2026-08-13T04:30:45Z,537,9,0,12,0,0,1,1,1,1786593354
2026-08-13T04:30:45Z,538,11,5,11,1,0,1,1,1,1786593486
2026-08-13T04:30:45Z,539,1,0,29,1,0,1,1,1,1786594874
2026-08-13T04:30:45Z,540,14,2,4,1,0,1,1,1,1786594053
2026-08-13T04:30:45Z,541,15,4,0,0,0,1,1,1,1786594404
2026-08-13T04:30:45Z,542,1,1,22,0,0,1,1,1,1786591426
2026-08-13T04:30:45Z,543,13,0,5,1,0,1,1,1,1786595046
2026-08-13T04:30:45Z,544,12,2,5,5,0,1,1,1,1786593523
2026-08-13T04:30:45Z,545,3,2,15,1,0,1,1,1,1786595363
2026-08-13T04:30:45Z,546,16,5,3,0,0,1,1,1,1786593903
2026-08-13T04:30:45Z,547,16,3,8,1,0,1,1,1,1786593882
2026-08-13T04:30:45Z,548,7,0,16,0,0,1,1,1,1786595071
2026-08-13T04:30:45Z,549,17,0,4,1,1,1,1,1,1786594252
2026-08-13T04:30:45Z,550,7,1,12,0,0,1,1,1,1786595333
2026-08-13T04:30:45Z,551,11,1,10,2,0,1,1,1,1786595312
2026-08-13T04:30:45Z,552,25,1,2,0,0,1,1,1,1786595313
2026-08-13T04:30:45Z,553,17,7,5,1,0,1,1,1,1786594697
2026-08-13T04:30:45Z,554,0,0,19,0,0,1,1,1,1786588547
2026-08-13T04:30:45Z,555,13,5,0,2,0,1,1,1,1786594967
2026-08-13T04:30:45Z,556,6,0,16,1,0,1,1,1,1786595370
2026-08-13T04:30:45Z,557,3,1,19,1,0,1,1,1,1786593303
2026-08-13T04:30:45Z,558,2,1,34,1,0,1,1,1,1786595312
2026-08-13T04:30:45Z,559,0,0,19,0,0,1,1,1,1786591694
2026-08-13T04:30:45Z,560,13,0,13,1,0,1,1,1,1786594797
2026-08-13T04:30:45Z,561,8,0,14,1,0,1,1,1,1786594812
2026-08-13T04:30:45Z,562,3,0,31,1,0,1,1,1,1786588195
2026-08-13T04:30:45Z,563,13,0,0,0,1,1,1,1,1786595311
2026-08-13T04:30:45Z,564,13,0,5,1,0,1,1,1,1786593777
2026-08-13T04:30:45Z,565,3,0,13,3,0,1,1,1,1786594394
2026-08-13T04:30:45Z,566,11,0,7,1,0,1,1,1,1786595402
2026-08-13T04:30:45Z,567,16,0,9,2,0,1,1,1,1786592551
2026-08-13T04:30:45Z,568,15,1,4,0,0,1,1,1,1786592658
2026-08-13T04:30:45Z,569,16,1,3,0,0,1,1,1,1786592938
2026-08-13T04:30:45Z,570,19,3,0,0,0,1,1,1,1786594641
2026-08-13T04:30:45Z,571,16,1,7,0,0,1,1,1,1786595017
2026-08-13T04:30:45Z,572,17,1,0,2,0,1,1,1,1786590374
2026-08-13T04:30:45Z,573,0,0,13,2,0,1,1,1,1786594158
2026-08-13T04:30:45Z,574,5,2,10,0,0,1,1,1,1786594492
2026-08-13T04:30:45Z,575,14,0,7,0,0,1,1,1,1786592342
2026-08-13T04:30:45Z,576,1,0,18,0,0,1,1,1,1786593990
2026-08-13T04:30:45Z,577,17,2,14,0,0,1,1,1,1786594986
2026-08-13T04:30:45Z,578,15,14,7,1,0,1,1,1,1786595124
2026-08-13T04:30:45Z,579,27,1,16,0,0,1,1,1,1786595018
2026-08-13T04:30:45Z,580,1,0,27,1,0,1,1,1,1786593383
2026-08-13T04:30:45Z,581,13,0,6,0,0,1,1,1,1786595328
2026-08-13T04:30:45Z,582,10,1,50,1,0,1,1,1,1786595308
2026-08-13T04:30:45Z,583,22,5,0,1,0,1,1,1,1786595343
2026-08-13T04:30:45Z,584,17,5,1,1,0,1,1,1,1786595325
2026-08-13T04:30:45Z,585,18,5,7,2,0,1,1,1,1786593778
2026-08-13T04:30:45Z,586,13,1,22,0,0,1,1,1,1786595326
2026-08-13T04:30:45Z,587,23,0,0,1,0,1,1,1,1786594055
2026-08-13T04:30:45Z,588,3,3,16,0,0,1,1,1,1786593785
2026-08-13T04:30:45Z,589,0,0,21,1,0,1,1,1,1786594354
2026-08-13T04:30:45Z,590,27,1,2,2,0,1,1,1,1786595418
2026-08-13T04:30:45Z,591,28,5,2,1,0,1,1,1,1786595336
2026-08-13T04:30:45Z,592,12,0,11,0,0,1,1,1,1786594444
2026-08-13T04:30:45Z,593,1,0,36,1,0,1,1,1,1786594108
2026-08-13T04:30:45Z,594,21,0,1,1,0,1,1,1,1786595304
2026-08-13T04:30:45Z,595,0,0,3,0,0,0,1,1,1784046673
2026-08-13T04:30:45Z,605,0,0,2,1,0,0,1,1,1783975843
2026-08-13T04:30:45Z,606,0,0,0,0,0,0,1,1,86400
2026-08-13T04:30:45Z,607,25,0,6,2,0,1,1,1,1786595401
2026-08-13T04:30:45Z,608,1,1,48,1,0,1,1,1,1786595324
2026-08-13T04:30:45Z,609,15,11,8,0,0,1,1,1,1786594910
2026-08-13T04:30:45Z,610,0,0,35,0,0,1,1,1,1786591928
2026-08-13T04:30:45Z,611,3,0,24,0,0,1,1,1,1786593681
2026-08-13T04:30:45Z,612,4,2,11,0,0,1,1,1,1786589462
2026-08-13T04:30:45Z,613,10,0,3,2,0,1,1,1,1786593291
2026-08-13T04:30:45Z,614,0,0,24,2,1,1,1,1,1786589845
2026-08-13T04:30:45Z,617,10,0,2,3,0,1,1,1,1786594789
2026-08-13T04:30:45Z,618,11,5,2,6,0,1,1,1,1786594171
2026-08-13T04:30:45Z,619,7,4,12,0,0,1,1,1,1786594334
2026-08-13T04:30:45Z,620,1,0,26,0,0,1,1,1,1786595086
2026-08-13T04:30:45Z,621,18,1,5,0,0,1,1,1,1786595268
2026-08-13T04:30:45Z,622,8,3,13,2,0,1,1,1,1786593325
2026-08-13T04:30:45Z,623,4,0,25,1,0,1,1,1,1786589550
2026-08-13T04:30:45Z,624,6,1,9,0,0,1,1,1,1786594915
2026-08-13T04:30:45Z,625,15,4,5,1,0,1,1,1,1786593601
2026-08-13T04:30:45Z,626,0,0,45,0,2,1,1,1,1786587010
2026-08-13T04:30:45Z,627,8,1,10,1,0,1,1,1,1786592325
2026-08-13T04:30:45Z,628,2,1,14,2,1,1,1,1,1786594403
2026-08-13T04:30:45Z,629,8,3,1,2,0,1,1,1,1786595382
2026-08-13T04:30:45Z,630,16,0,7,4,0,1,1,1,1786595157
2026-08-13T04:30:45Z,631,0,0,23,0,0,1,1,1,1786591324
2026-08-13T04:30:45Z,632,10,1,10,3,0,1,1,1,1786588836
2026-08-13T04:30:45Z,633,13,1,0,2,0,1,1,1,1786585307
2026-08-13T04:30:45Z,634,12,2,6,1,0,1,1,1,1786589708
2026-08-13T04:30:45Z,635,9,3,9,1,0,1,1,1,1786588999
2026-08-13T04:30:45Z,636,6,0,8,1,0,1,1,1,1786593622
2026-08-13T04:30:45Z,637,18,13,1,0,0,1,1,1,1786595074
2026-08-13T04:30:45Z,638,14,4,1,4,0,1,1,1,1786588349
2026-08-13T04:30:45Z,639,8,1,6,5,0,1,1,1,1786595339
2026-08-13T04:30:45Z,640,2,1,20,1,0,1,1,1,1786592904
2026-08-13T04:30:45Z,641,23,0,3,1,0,1,1,1,1786595145
2026-08-13T04:30:45Z,642,12,2,5,1,1,1,1,1,1786595151
2026-08-13T04:30:45Z,643,14,0,11,2,0,1,1,1,1786594584
2026-08-13T04:30:45Z,644,13,7,1,1,0,1,1,1,1786590678
2026-08-13T04:30:45Z,645,7,0,12,3,1,1,1,1,1786594244
2026-08-13T04:30:45Z,646,6,1,13,0,0,1,1,1,1786587829
2026-08-13T04:30:45Z,647,24,4,4,3,0,1,1,1,1786593698
2026-08-13T04:30:45Z,648,12,0,7,0,0,1,1,1,1786592111
2026-08-13T04:30:45Z,649,0,0,31,0,0,1,1,1,1786594670
2026-08-13T04:30:45Z,650,12,3,2,0,0,1,1,1,1786592255
2026-08-13T04:30:45Z,651,5,5,18,0,0,1,1,1,1786592497
2026-08-13T04:30:45Z,652,7,5,12,4,0,1,1,1,1786595156
2026-08-13T04:30:45Z,653,12,8,7,0,0,1,1,1,1786595200
2026-08-13T04:30:45Z,654,1,1,14,0,0,1,1,1,1786595132
2026-08-13T04:30:45Z,656,18,4,1,0,0,1,1,1,1786591550
2026-08-13T04:30:45Z,657,1,0,12,2,2,1,1,1,1786595243
2026-08-13T04:30:45Z,659,8,7,7,0,0,1,1,1,1786595374
2026-08-13T04:30:45Z,660,10,2,20,1,0,1,1,1,1786595237
2026-08-13T04:30:45Z,661,0,0,18,1,0,1,1,1,1786590103
2026-08-13T04:30:45Z,662,1,0,13,9,0,1,1,1,1786594095
2026-08-13T04:30:45Z,663,15,6,0,0,0,1,1,1,1786595261
2026-08-13T04:30:45Z,664,8,0,19,0,0,1,1,1,1786592843
2026-08-13T04:30:45Z,665,5,1,10,0,0,1,1,1,1786590969
2026-08-13T04:30:45Z,666,5,1,7,3,0,1,1,1,1786593904
2026-08-13T04:30:45Z,667,1,0,20,2,0,1,1,1,1786595101
2026-08-13T04:30:45Z,668,15,1,4,0,0,1,1,1,1786592340
2026-08-13T04:30:45Z,669,13,0,0,1,0,1,1,1,1786593549
2026-08-13T04:30:45Z,670,12,3,14,1,0,1,1,1,1786594002
2026-08-13T04:30:45Z,671,2,0,24,1,0,1,1,1,1786595089
2026-08-13T04:30:45Z,672,18,1,1,3,1,1,1,1,1786588620
2026-08-13T04:30:45Z,673,11,0,12,0,0,1,1,1,1786595396
2026-08-13T04:30:45Z,674,0,0,21,2,0,1,1,1,1786595243
2026-08-13T04:30:45Z,675,3,2,10,2,0,1,1,1,1786595426
2026-08-13T04:30:45Z,676,3,0,15,0,0,1,1,1,1786593848
2026-08-13T04:30:45Z,681,9,5,5,0,1,1,1,1,1786592620
2026-08-13T04:30:45Z,682,7,1,11,1,0,1,1,1,1786533718
2026-08-13T04:30:45Z,683,10,1,9,0,0,1,1,1,1786579065
2026-08-13T04:30:45Z,684,11,3,14,2,0,1,1,1,1786590377
2026-08-13T04:30:45Z,685,1,0,24,1,1,1,1,1,1786592277
2026-08-13T04:30:45Z,686,17,7,8,1,1,1,1,1,1786595337
2026-08-13T04:30:45Z,687,12,5,17,1,1,1,1,1,1786595147
2026-08-13T04:30:45Z,688,13,3,6,0,0,1,1,1,1786594508
2026-08-13T04:30:45Z,692,1,0,19,1,0,1,1,1,1786595296
2026-08-13T04:30:45Z,693,7,3,3,1,0,1,1,1,1786595325
2026-08-13T04:30:45Z,694,6,3,12,3,0,1,1,1,1786594836
2026-08-13T04:30:45Z,695,14,6,9,0,0,1,1,1,1786594310
2026-08-13T04:30:45Z,696,20,6,3,0,0,1,1,1,1786595059
2026-08-13T04:30:45Z,697,19,0,0,3,0,1,1,1,1786593909
2026-08-13T04:30:45Z,698,11,3,16,0,0,1,1,1,1786595441
2026-08-13T04:30:45Z,699,9,1,6,0,0,1,1,1,1786594322
2026-08-13T04:30:45Z,700,19,0,0,0,0,1,1,1,1786594093
2026-08-13T04:30:45Z,701,0,0,19,0,0,1,1,1,1786595082
2026-08-13T04:30:45Z,702,14,3,8,1,0,1,1,1,1786594159
2026-08-13T04:30:45Z,704,14,2,0,1,0,1,1,1,1786595045
2026-08-13T04:30:45Z,705,1,0,14,0,0,1,1,1,1786594454
2026-08-13T04:30:45Z,706,7,0,5,3,0,1,1,1,1786594327
2026-08-13T04:30:45Z,707,11,1,4,0,0,1,1,1,1786594902
2026-08-13T04:30:45Z,708,16,2,3,0,0,1,1,1,1786593904
2026-08-13T04:30:45Z,709,2,0,13,0,0,1,1,1,1786559154
2026-08-13T04:30:45Z,710,10,5,9,0,0,1,1,1,1786594921
2026-08-13T04:30:45Z,711,10,4,12,1,0,1,1,1,1786593666
2026-08-13T04:30:45Z,712,1,0,14,0,0,1,1,1,1786595272
2026-08-13T04:30:45Z,713,6,1,17,0,0,1,1,1,1786594956
2026-08-13T04:30:45Z,716,7,0,5,3,0,1,1,1,1786593750
2026-08-13T04:30:45Z,717,0,0,24,1,0,1,1,1,1786595207
2026-08-13T04:30:45Z,718,2,2,13,0,0,1,1,1,1786594709
2026-08-13T04:30:45Z,719,11,0,17,1,0,1,1,1,1786593962
2026-08-13T04:30:45Z,720,10,3,8,1,0,1,1,1,1786594494
2026-08-13T04:30:45Z,721,20,0,2,1,0,1,1,1,1786593979
2026-08-13T04:30:45Z,722,11,0,3,1,0,1,1,1,1786594936
2026-08-13T04:30:45Z,723,13,3,8,2,0,1,1,1,1786593986
2026-08-13T04:30:45Z,724,15,4,8,0,0,1,1,1,1786593761
2026-08-13T04:30:45Z,725,19,1,4,0,0,1,1,1,1786594099
2026-08-13T04:30:45Z,726,7,1,12,0,0,1,1,1,1786594739
2026-08-13T04:30:45Z,727,13,8,7,3,0,1,1,1,1786595431
2026-08-13T04:30:45Z,728,6,1,8,1,0,1,1,1,1786594367
2026-08-13T04:30:45Z,729,19,2,0,0,0,1,1,1,1786595231
2026-08-13T04:30:45Z,730,11,1,4,0,0,1,1,1,1786595094
2026-08-13T04:30:45Z,731,5,2,10,0,0,1,1,1,1786595091
2026-08-13T04:30:45Z,732,5,1,10,0,0,1,1,1,1786595246
2026-08-13T04:30:45Z,733,8,0,19,0,0,1,1,1,1786595014
2026-08-13T04:30:45Z,734,1,1,13,0,0,1,1,1,1786593965
2026-08-13T04:30:45Z,735,10,0,17,0,0,1,1,1,1786594531
2026-08-13T04:30:45Z,736,4,0,15,0,0,1,1,1,1786593633
2026-08-13T04:30:45Z,737,13,6,1,1,0,1,1,1,1786594212
2026-08-13T04:30:45Z,738,16,10,2,1,0,1,1,1,1786594256
2026-08-13T04:30:45Z,739,24,1,1,2,0,1,1,1,1786594639
2026-08-13T04:30:45Z,741,20,7,0,3,0,1,1,1,1786594169
2026-08-13T04:30:45Z,742,24,8,14,1,0,1,1,1,1786595074
2026-08-13T04:30:45Z,743,1,1,17,1,0,1,1,1,1786595425
2026-08-13T04:30:45Z,744,6,1,8,1,0,1,1,1,1786594507
2026-08-13T04:30:45Z,745,4,0,13,2,0,1,1,1,1786594430
2026-08-13T04:30:45Z,746,18,2,2,0,0,1,1,1,1786595098
2026-08-13T04:30:45Z,747,0,0,4,0,0,0,1,1,1783446606
2026-08-13T04:30:45Z,748,17,3,5,1,0,1,1,1,1786594895
2026-08-13T04:30:45Z,749,21,2,0,2,0,1,1,1,1786595017
2026-08-13T04:30:45Z,750,6,2,1,4,0,1,1,1,1786594459
2026-08-13T04:30:45Z,751,0,0,22,0,1,1,1,1,1786594923
2026-08-13T04:30:45Z,752,6,3,8,3,0,1,1,1,1786591879
2026-08-13T04:30:45Z,753,6,1,9,0,0,1,1,1,1786594897
2026-08-13T04:30:45Z,754,1,0,14,0,0,1,1,1,1786594270
2026-08-13T04:30:45Z,755,5,1,17,1,0,1,1,1,1786594185
2026-08-13T04:30:45Z,756,0,0,35,2,0,1,1,1,1786594406
2026-08-13T04:30:45Z,757,3,2,16,0,0,1,1,1,1786595304
2026-08-13T04:30:45Z,758,1,1,22,0,0,1,1,1,1786595334
2026-08-13T04:30:45Z,759,0,0,14,1,0,1,1,1,1786594325
2026-08-13T04:30:45Z,760,16,1,3,0,0,1,1,1,1786577402
2026-08-13T04:30:45Z,761,12,3,10,1,0,1,1,1,1786594444
2026-08-13T04:30:45Z,762,5,2,9,1,0,1,1,1,1786595230
2026-08-13T04:30:45Z,768,6,5,10,3,0,1,1,1,1786594596
2026-08-13T04:30:45Z,769,5,2,13,1,0,1,1,1,1786595335
2026-08-13T04:30:45Z,770,11,6,6,2,0,1,1,1,1786594597
2026-08-13T04:30:45Z,771,9,1,3,3,0,1,1,1,1786594346
2026-08-13T04:30:45Z,772,3,0,12,0,0,1,1,1,1786593939
2026-08-13T04:30:45Z,773,8,2,10,1,0,1,1,1,1786595086
2026-08-13T04:30:45Z,774,4,2,9,2,0,1,1,1,1786595354
2026-08-13T04:30:45Z,775,8,0,9,2,0,1,1,1,1786594368
2026-08-13T04:30:45Z,776,9,1,10,2,0,1,1,1,1786594502
2026-08-13T04:30:45Z,777,12,7,1,1,0,1,1,1,1786593079
2026-08-13T04:30:45Z,778,14,2,2,3,0,1,1,1,1786595307
2026-08-13T04:30:45Z,779,14,3,5,0,0,1,1,1,1786594648
2026-08-13T04:30:45Z,780,16,5,0,3,0,1,1,1,1786593798
2026-08-13T04:30:45Z,781,4,2,5,2,0,1,1,1,1786593637
2026-08-13T04:30:45Z,782,4,1,13,2,0,1,1,1,1786593807
2026-08-13T04:30:45Z,783,8,1,3,7,1,1,1,1,1786594835
2026-08-13T04:30:45Z,784,4,0,15,0,0,1,1,1,1786594255
2026-08-13T04:30:45Z,785,7,3,8,4,0,1,1,1,1786594061
2026-08-13T04:30:45Z,786,8,2,11,0,0,1,1,1,1786593634
2026-08-13T04:30:45Z,787,10,4,4,1,0,1,1,1,1786594432
2026-08-13T04:30:45Z,788,12,0,3,0,0,1,1,1,1786594414
2026-08-13T04:30:45Z,789,13,1,0,2,0,1,1,1,1786593659
2026-08-13T04:30:45Z,790,0,0,22,1,0,1,1,1,1786594665
2026-08-13T04:30:45Z,791,0,0,18,0,1,1,1,1,1786595175
2026-08-13T04:30:45Z,793,1,1,13,1,0,1,1,1,1786593638
2026-08-13T04:30:45Z,794,0,0,27,2,0,1,1,1,1786593866
2026-08-13T04:30:45Z,796,0,0,19,0,0,1,1,1,1786593764
2026-08-13T04:30:45Z,797,5,1,10,0,0,1,1,1,1786593955
2026-08-13T04:30:45Z,798,0,0,24,1,0,1,1,1,1786595038
2026-08-13T04:30:45Z,799,5,1,11,3,0,1,1,1,1786593678
2026-08-13T04:30:45Z,800,13,0,6,2,0,1,1,1,1786595279
2026-08-13T04:30:45Z,801,2,1,18,1,0,1,1,1,1786595037
2026-08-13T04:30:45Z,802,1,1,27,3,0,1,1,1,1786595020
2026-08-13T04:30:45Z,803,10,0,5,0,0,1,1,1,1786594370
2026-08-13T04:30:45Z,806,0,0,14,1,0,1,1,1,1786593892
2026-08-13T04:30:45Z,807,3,3,20,2,0,1,1,1,1786594352
2026-08-13T04:30:45Z,808,0,0,23,2,0,1,1,1,1786591617
2026-08-13T04:30:45Z,809,1,1,21,1,0,1,1,1,1786594586
2026-08-13T04:30:45Z,810,10,4,7,2,0,1,1,1,1786594016
2026-08-13T04:30:45Z,815,7,0,6,1,1,1,1,1,1786594175
2026-08-13T04:30:45Z,817,8,0,6,1,0,1,1,1,1786595044
2026-08-13T04:30:45Z,818,12,4,11,0,0,1,1,1,1786594640
2026-08-13T04:30:45Z,819,2,1,13,0,0,1,1,1,1786595365
2026-08-13T04:30:45Z,820,10,6,7,0,0,1,1,1,1786593968
2026-08-13T04:30:45Z,821,6,3,9,0,0,1,1,1,1786594184
2026-08-13T04:30:45Z,822,2,1,21,0,0,1,1,1,1786595381
2026-08-13T04:30:45Z,823,0,0,15,0,0,1,1,1,1786594557
2026-08-13T04:30:45Z,824,11,4,5,3,0,1,1,1,1786595255
2026-08-13T04:30:45Z,825,5,1,10,0,0,1,1,1,1786577860
2026-08-13T04:30:45Z,826,18,0,0,1,0,1,1,1,1786594094
2026-08-13T04:30:45Z,827,20,6,0,1,0,1,1,1,1786594444
2026-08-13T04:30:45Z,828,0,0,16,2,0,1,1,1,1786594607
2026-08-13T04:30:45Z,829,12,3,14,1,0,1,1,1,1786595441
2026-08-13T04:30:45Z,830,15,1,8,0,0,1,1,1,1786594280
2026-08-13T04:30:45Z,831,2,1,12,1,0,1,1,1,1786594891
2026-08-13T04:30:45Z,832,8,4,8,2,0,1,1,1,1786595325
2026-08-13T04:30:45Z,833,2,2,17,0,0,1,1,1,1786594218
2026-08-13T04:30:45Z,834,11,0,11,2,0,1,1,1,1786595018
2026-08-13T04:30:45Z,835,11,4,6,1,0,1,1,1,1786594858
2026-08-13T04:30:45Z,838,8,5,5,2,0,1,1,1,1786594607
2026-08-13T04:30:45Z,839,4,0,24,1,0,1,1,1,1786592636
2026-08-13T04:30:45Z,840,3,2,25,1,0,1,1,1,1786594968
2026-08-13T04:30:45Z,841,5,3,9,1,0,1,1,1,1786594249
2026-08-13T04:30:45Z,842,4,1,19,0,0,1,1,1,1786594288
2026-08-13T04:30:45Z,843,12,4,19,0,0,1,1,1,1786595428
2026-08-13T04:30:45Z,844,2,0,21,0,0,1,1,1,1786593967
2026-08-13T04:30:45Z,845,11,2,6,0,0,1,1,1,1786594914
2026-08-13T04:30:45Z,846,10,2,8,1,0,1,1,1,1786594627
2026-08-13T04:30:45Z,847,6,0,21,0,0,1,1,1,1786595429
2026-08-13T04:30:45Z,848,9,2,8,2,0,1,1,1,1786595093
2026-08-13T04:30:45Z,849,6,2,6,3,0,1,1,1,1786593696
2026-08-13T04:30:45Z,850,8,0,2,1,0,1,1,1,1786595321
2026-08-13T04:30:45Z,851,11,2,22,4,0,1,1,1,1786594314
2026-08-13T04:30:45Z,852,16,7,3,0,0,1,1,1,1786594173
2026-08-13T04:30:45Z,853,2,2,21,0,0,1,1,1,1786593953
2026-08-13T04:30:45Z,854,10,7,4,1,0,1,1,1,1786593917
2026-08-13T04:30:45Z,855,23,1,4,0,0,1,1,1,1786594182
2026-08-13T04:30:45Z,857,3,2,16,0,0,1,1,1,1786595276
2026-08-13T04:30:45Z,858,13,6,5,1,0,1,1,1,1786593990
2026-08-13T04:30:45Z,859,13,5,7,1,0,1,1,1,1786594675
2026-08-13T04:30:45Z,861,4,1,7,0,0,1,1,1,1786594298
2026-08-13T04:30:45Z,862,9,4,6,0,0,1,1,1,1786594937
2026-08-13T04:30:45Z,863,8,0,11,0,0,1,1,1,1786594990
2026-08-13T04:30:45Z,866,8,0,10,1,0,1,1,1,1786593745
2026-08-13T04:30:45Z,867,13,0,2,0,0,1,1,1,1786594203
2026-08-13T04:30:45Z,868,15,1,0,0,0,1,1,1,1786593761
2026-08-13T04:30:45Z,870,15,6,0,0,0,1,1,1,1786594045
2026-08-13T04:30:45Z,871,0,0,10,1,0,1,1,1,1786593982
2026-08-13T04:30:45Z,872,8,4,5,2,0,1,1,1,1786593971
2026-08-13T04:30:45Z,873,1,1,31,1,0,1,1,1,1786594860
2026-08-13T04:30:45Z,874,8,3,4,3,0,1,1,1,1786595155
2026-08-13T04:30:45Z,875,12,9,3,0,0,1,1,1,1786594473
2026-08-13T04:30:45Z,877,14,12,5,0,0,1,1,1,1786594783
2026-08-13T04:30:45Z,878,1,0,18,0,0,1,1,1,1786594205
2026-08-13T04:30:45Z,879,5,0,13,1,0,1,1,1,1786593800
2026-08-13T04:30:45Z,880,6,2,17,0,0,1,1,1,1786594395
2026-08-13T04:30:45Z,881,4,0,15,0,0,1,1,1,1786594465
2026-08-13T04:30:45Z,882,10,5,9,0,0,1,1,1,1786594553
2026-08-13T04:30:45Z,883,10,5,9,0,0,1,1,1,1786594529
2026-08-13T04:30:45Z,884,10,5,10,0,1,1,1,1,1786594559
2026-08-13T04:30:45Z,885,4,1,14,1,0,1,1,1,1786594670
2026-08-13T04:30:45Z,886,0,0,28,1,0,1,1,1,1786594319
2026-08-13T04:30:45Z,887,5,5,10,2,0,1,1,1,1786594043
2026-08-13T04:30:45Z,888,6,1,33,2,0,1,1,1,1786595374
2026-08-13T04:30:45Z,889,15,0,2,2,0,1,1,1,1786594504
2026-08-13T04:30:45Z,890,3,0,11,1,0,1,1,1,1786592559
2026-08-13T04:30:45Z,891,13,1,10,0,0,1,1,1,1786594118
2026-08-13T04:30:45Z,892,15,1,0,0,0,1,1,1,1786571632
2026-08-13T04:30:45Z,895,8,2,11,0,0,1,1,1,1786578768
2026-08-13T04:30:45Z,896,0,0,35,0,0,1,1,1,1786594343
2026-08-13T04:30:45Z,897,15,0,6,0,0,1,1,1,1786594054
2026-08-13T04:30:45Z,898,13,6,6,0,0,1,1,1,1786594714
2026-08-13T04:30:45Z,899,4,0,15,0,0,1,1,1,1786594434
2026-08-13T04:30:45Z,900,18,2,6,3,0,1,1,1,1786595252
2026-08-13T04:30:45Z,901,18,1,0,1,0,1,1,1,1786594853
2026-08-13T04:30:45Z,902,7,3,7,1,0,1,1,1,1786595380
2026-08-13T04:30:45Z,903,6,0,13,0,0,1,1,1,1786594796
2026-08-13T04:30:45Z,904,13,1,6,0,0,1,1,1,1786595299
2026-08-13T04:30:45Z,905,2,2,25,0,0,1,1,1,1786594805
2026-08-13T04:30:45Z,906,13,12,13,1,0,1,1,1,1786595343
2026-08-13T04:30:45Z,907,29,0,2,0,0,1,1,1,1786594865
2026-08-13T04:30:45Z,908,8,3,15,0,0,1,1,1,1786594454
2026-08-13T04:30:45Z,909,9,5,12,2,0,1,1,1,1786595439
2026-08-13T04:30:45Z,910,27,0,4,0,0,1,1,1,1786595408
2026-08-13T04:30:45Z,911,13,0,4,2,0,1,1,1,1786594542
2026-08-13T04:30:45Z,912,15,3,8,0,0,1,1,1,1786594809
2026-08-13T04:30:45Z,913,4,2,15,0,0,1,1,1,1786594341
2026-08-13T04:30:45Z,914,13,2,6,0,0,1,1,1,1786595222
2026-08-13T04:30:45Z,915,13,3,7,3,0,1,1,1,1786595381
2026-08-13T04:30:45Z,916,20,3,3,0,0,1,1,1,1786595371
2026-08-13T04:30:45Z,917,13,0,22,0,0,1,1,1,1786595396
2026-08-13T04:30:45Z,918,17,6,1,1,0,1,1,1,1786594767
2026-08-13T04:30:45Z,919,11,5,26,2,0,1,1,1,1786594817
2026-08-13T04:30:45Z,920,7,3,12,0,0,1,1,1,1786594997
2026-08-13T04:30:45Z,921,13,0,8,0,0,1,1,1,1786593819
2026-08-13T04:30:45Z,922,7,0,14,0,0,1,1,1,1786594130
2026-08-13T04:30:45Z,923,5,2,14,0,0,1,1,1,1786595440
2026-08-13T04:30:45Z,924,11,0,10,0,0,1,1,1,1786595436
2026-08-13T04:30:45Z,925,12,1,2,7,0,1,1,1,1786594750
2026-08-13T04:30:45Z,926,3,0,18,0,0,1,1,1,1786595258
2026-08-13T04:30:45Z,927,1,0,34,0,0,1,1,1,1786594197
2026-08-13T04:30:45Z,928,7,3,11,1,0,1,1,1,1786594931
2026-08-13T04:30:45Z,929,1,1,22,0,0,1,1,1,1786595430
2026-08-13T04:30:45Z,930,29,3,1,1,0,1,1,1,1786594663
2026-08-13T04:30:45Z,931,1,1,22,0,0,1,1,1,1786594023
2026-08-13T04:30:45Z,932,16,0,2,1,0,1,1,1,1786595312
2026-08-13T04:30:45Z,933,13,2,9,1,0,1,1,1,1786595172
2026-08-13T04:30:45Z,934,12,0,15,4,0,1,1,1,1786594480
2026-08-13T04:30:45Z,935,0,0,19,0,0,1,1,1,1786595117
2026-08-13T04:30:45Z,936,8,1,10,1,0,1,1,1,1786594192
2026-08-13T04:30:45Z,940,10,1,1,0,0,1,1,1,1786595355
2026-08-13T04:30:45Z,941,19,6,5,1,0,1,1,1,1786594408
2026-08-13T04:30:45Z,942,8,1,13,0,0,1,1,1,1786594443
2026-08-13T04:30:45Z,943,7,6,6,2,0,1,1,1,1786595317
2026-08-13T04:30:45Z,944,5,3,9,1,0,1,1,1,1786594061
2026-08-13T04:30:45Z,945,6,6,8,1,0,1,1,1,1786594394
2026-08-13T04:30:45Z,946,8,5,10,1,0,1,1,1,1786535838
2026-08-13T04:30:45Z,947,5,5,11,1,0,1,1,1,1786593997
2026-08-13T04:30:45Z,948,4,3,27,0,0,1,1,1,1786594335
2026-08-13T04:30:45Z,949,0,0,14,1,0,1,1,1,1786593904
2026-08-13T04:30:45Z,950,12,5,5,0,0,1,1,1,1786595384
2026-08-13T04:30:45Z,951,3,3,20,0,0,1,1,1,1786594985
2026-08-13T04:30:45Z,952,2,0,52,1,0,1,1,1,1786594786
2026-08-13T04:30:45Z,953,14,0,0,1,0,1,1,1,1786594584
2026-08-13T04:30:45Z,954,12,2,7,0,0,1,1,1,1786595425
2026-08-13T04:30:45Z,955,12,10,12,3,0,1,1,1,1786594866
2026-08-13T04:30:45Z,956,22,0,1,0,0,1,1,1,1786595080
2026-08-13T04:30:45Z,957,9,1,20,0,0,1,1,1,1786595357
2026-08-13T04:30:45Z,958,25,1,4,2,0,1,1,1,1786595384
2026-08-13T04:30:45Z,959,5,5,18,0,0,1,1,1,1786595195
2026-08-13T04:30:45Z,960,21,3,1,1,0,1,1,1,1786594906
2026-08-13T04:30:45Z,961,2,0,16,4,0,1,1,1,1786593918
2026-08-13T04:30:45Z,962,4,3,29,2,0,1,1,1,1786594619
2026-08-13T04:30:45Z,963,14,1,12,0,0,1,1,1,1786595294
2026-08-13T04:30:45Z,964,22,9,1,0,0,1,1,1,1786595253
2026-08-13T04:30:45Z,965,11,0,15,1,0,1,1,1,1786595298
2026-08-13T04:30:45Z,966,31,0,0,0,0,1,1,1,1786595260
2026-08-13T04:30:45Z,967,21,2,0,0,0,1,1,1,1786595151
2026-08-13T04:30:45Z,968,14,0,5,0,0,1,1,1,1786594681
2026-08-13T04:30:45Z,969,2,2,23,2,0,1,1,1,1786595209
2026-08-13T04:30:45Z,970,16,4,1,2,0,1,1,1,1786595259
2026-08-13T04:30:45Z,971,20,0,2,1,0,1,1,1,1786594614
2026-08-13T04:30:45Z,972,20,7,0,3,0,1,1,1,1786595004
2026-08-13T04:30:45Z,973,7,5,16,0,0,1,1,1,1786594912
2026-08-13T04:30:45Z,974,0,0,27,0,0,1,1,1,1786594610
2026-08-13T04:30:45Z,977,9,6,11,1,0,1,1,1,1786594823
2026-08-13T04:30:45Z,978,18,2,5,0,0,1,1,1,1786595158
2026-08-13T04:30:45Z,979,1,0,16,0,0,1,1,1,1786593957
2026-08-13T04:30:45Z,980,6,0,15,0,0,1,1,1,1786595292
2026-08-13T04:30:45Z,981,15,1,4,1,0,1,1,1,1786594383
2026-08-13T04:30:45Z,982,9,1,9,1,0,1,1,1,1786594845
2026-08-13T04:30:45Z,983,0,0,23,0,0,1,1,1,1786594497
2026-08-13T04:30:45Z,984,5,0,18,0,0,1,1,1,1786594839
2026-08-13T04:30:45Z,985,8,0,22,1,0,1,1,1,1786594746
2026-08-13T04:30:45Z,986,1,0,18,0,0,1,1,1,1786594864
2026-08-13T04:30:45Z,987,7,1,16,0,0,1,1,1,1786594990
2026-08-13T04:30:45Z,988,2,0,17,0,0,1,1,1,1786594355
2026-08-13T04:30:45Z,989,8,4,10,1,0,1,1,1,1786594182
2026-08-13T04:30:45Z,990,11,1,2,2,0,1,1,1,1786594939
2026-08-13T04:30:45Z,991,7,3,11,1,0,1,1,1,1786594589
2026-08-13T04:30:45Z,992,19,1,4,0,0,1,1,1,1786594826
2026-08-13T04:30:45Z,993,0,0,26,1,0,1,1,1,1786595070
2026-08-13T04:30:45Z,994,8,1,13,0,0,1,1,1,1786594537
2026-08-13T04:30:45Z,995,0,0,26,1,0,1,1,1,1786595176
2026-08-13T04:30:45Z,996,12,0,11,0,0,1,1,1,1786594449
2026-08-13T04:30:45Z,997,23,5,0,0,0,1,1,1,1786593708
2026-08-13T04:30:45Z,998,3,2,20,0,0,1,1,1,1786594437
2026-08-13T04:30:45Z,999,17,4,2,1,1,1,1,1,1786594058
2026-08-13T04:30:45Z,1000,15,7,6,0,0,1,1,1,1786594353
2026-08-13T04:30:45Z,1001,1,1,26,0,0,1,1,1,1786595386
2026-08-13T04:30:45Z,1002,0,0,27,4,0,1,1,1,1786594997
2026-08-13T04:30:45Z,1003,3,0,18,2,0,1,1,1,1786593949
2026-08-13T04:30:45Z,1004,5,0,17,1,0,1,1,1,1786594726
2026-08-13T04:30:45Z,1005,23,1,0,0,0,1,1,1,1786594244
2026-08-13T04:30:45Z,1006,14,6,5,0,0,1,1,1,1786594599
2026-08-13T04:30:45Z,1007,0,0,21,0,0,1,1,1,1786594876
2026-08-13T04:30:45Z,1008,8,5,15,0,0,1,1,1,1786595329
2026-08-13T04:30:45Z,1009,14,2,16,1,0,1,1,1,1786595311
2026-08-13T04:30:45Z,1010,2,0,24,1,0,1,1,1,1786594827
2026-08-13T04:30:45Z,1011,5,2,13,1,0,1,1,1,1786595269
2026-08-13T04:30:45Z,1012,2,2,20,1,0,1,1,1,1786594286
2026-08-13T04:30:45Z,1013,1,0,6,2,0,1,1,1,1786594385
2026-08-13T04:30:45Z,1014,7,3,15,1,0,1,1,1,1786594566
2026-08-13T04:30:45Z,1015,7,7,24,0,0,1,1,1,1786595135
2026-08-13T04:30:45Z,1016,6,4,23,2,0,1,1,1,1786594187
2026-08-13T04:30:45Z,1017,16,4,5,0,0,1,1,1,1786595057
2026-08-13T04:30:45Z,1018,5,5,17,0,0,1,1,1,1786594045
2026-08-13T04:30:45Z,1019,14,6,1,0,0,1,1,1,1786594052
2026-08-13T04:30:45Z,1020,7,4,13,1,0,1,1,1,1786594632
2026-08-13T04:30:45Z,1021,10,2,5,0,0,1,1,1,1786594826
2026-08-13T04:30:45Z,1022,16,3,11,0,0,1,1,1,1786595117
2026-08-13T04:30:45Z,1023,12,1,10,1,0,1,1,1,1786593926
2026-08-13T04:30:45Z,1024,1,0,18,0,0,1,1,1,1786593692
2026-08-13T04:30:45Z,1025,8,1,10,0,1,1,1,1,1786593751
2026-08-13T04:30:45Z,1026,14,11,16,1,0,1,1,1,1786594205
2026-08-13T04:30:45Z,1028,7,2,16,0,0,1,1,1,1786594166
2026-08-13T04:30:45Z,1029,11,8,0,4,0,1,1,1,1786595348
2026-08-13T04:30:45Z,1030,12,2,10,1,0,1,1,1,1786595004
2026-08-13T04:30:45Z,1031,0,0,19,0,0,1,1,1,1786594565
2026-08-13T04:30:45Z,1032,14,4,4,1,0,1,1,1,1786594809
2026-08-13T04:30:45Z,1033,14,7,5,0,0,1,1,1,1786594139
2026-08-13T04:30:45Z,1034,4,0,11,0,0,1,1,1,1786593907
2026-08-13T04:30:45Z,1035,0,0,17,2,0,1,1,1,1786594837
2026-08-13T04:30:45Z,1036,7,1,8,0,0,1,1,1,1786594655
2026-08-13T04:30:45Z,1037,17,5,1,1,0,1,1,1,1786595256
2026-08-13T04:30:45Z,1038,8,2,7,0,0,1,1,1,1786595238
2026-08-13T04:30:45Z,1039,8,4,11,0,0,1,1,1,1786594927
2026-08-13T04:30:45Z,1040,1,0,17,1,0,1,1,1,1786595016
2026-08-13T04:30:45Z,1041,17,0,2,0,0,1,1,1,1786594636
2026-08-13T04:30:45Z,1042,14,4,0,1,0,1,1,1,1786594082
2026-08-13T04:30:45Z,1043,12,2,7,0,0,1,1,1,1786595054
2026-08-13T04:30:45Z,1044,0,0,14,1,0,1,1,1,1786595277
2026-08-13T04:30:45Z,1045,5,3,14,0,0,1,1,1,1786594796
2026-08-13T04:30:45Z,1046,10,2,5,0,0,1,1,1,1786595087
2026-08-13T04:30:45Z,1047,0,0,21,0,0,1,1,1,1786594323
2026-08-13T04:30:45Z,1048,13,0,6,0,0,1,1,1,1786594727
2026-08-13T04:30:45Z,1049,15,3,5,1,0,1,1,1,1786594114
2026-08-13T04:30:45Z,1050,18,1,1,2,0,1,1,1,1786595378
2026-08-13T04:30:45Z,1051,12,4,7,2,0,1,1,1,1786594885
2026-08-13T04:30:45Z,1052,11,1,11,0,0,1,1,1,1786595441
2026-08-13T04:30:45Z,1053,5,1,10,0,0,1,1,1,1786594168
2026-08-13T04:30:45Z,1054,15,5,0,0,0,1,1,1,1786593991
2026-08-13T04:30:45Z,1055,17,2,2,0,0,1,1,1,1786594953
2026-08-13T04:30:45Z,1057,17,0,2,0,0,1,1,1,1786593736
2026-08-13T04:30:45Z,1058,6,0,50,0,0,1,1,1,1786593639
2026-08-13T04:30:45Z,1059,2,1,16,1,0,1,1,1,1786593876
2026-08-13T04:30:45Z,1060,9,4,28,0,0,1,1,1,1786595254
2026-08-13T04:30:45Z,1061,3,0,34,0,0,1,1,1,1786594498
2026-08-13T04:30:45Z,1062,1,0,16,0,0,1,1,1,1786593724
2026-08-13T04:30:45Z,1063,14,1,5,0,0,1,1,1,1786593980
2026-08-13T04:30:45Z,1064,10,3,12,1,0,1,1,1,1786594476
2026-08-13T04:30:45Z,1065,15,1,8,0,0,1,1,1,1786594693
2026-08-13T04:30:45Z,1066,9,2,13,1,0,1,1,1,1786594575
2026-08-13T04:30:45Z,1067,9,2,14,0,0,1,1,1,1786593917
2026-08-13T04:30:45Z,1068,3,0,19,1,0,1,1,1,1786594451
2026-08-13T04:30:45Z,1069,9,3,14,0,0,1,1,1,1786594371
2026-08-13T04:30:45Z,1070,16,5,5,2,0,1,1,1,1786594638
2026-08-13T04:30:45Z,1071,5,2,17,1,0,1,1,1,1786594547
2026-08-13T04:30:45Z,1072,13,0,8,2,0,1,1,1,1786594887
2026-08-13T04:30:45Z,1073,25,1,2,0,0,1,1,1,1786595017
2026-08-13T04:30:45Z,1074,16,0,35,2,0,1,1,1,1786595419
2026-08-13T04:30:45Z,1075,7,5,14,0,0,1,1,1,1786595240
2026-08-13T04:30:45Z,1076,7,5,14,0,0,1,1,1,1786595286
2026-08-13T04:30:45Z,1077,11,10,10,0,0,1,1,1,1786594787
2026-08-13T04:30:45Z,1078,9,7,12,0,0,1,1,1,1786593705
2026-08-13T04:30:45Z,1079,6,6,15,0,0,1,1,1,1786594897
2026-08-13T04:30:45Z,1080,12,9,9,0,0,1,1,1,1786594256
2026-08-13T04:30:45Z,1081,11,10,8,0,0,1,1,1,1786595199
2026-08-13T04:30:45Z,1082,15,12,8,0,0,1,1,1,1786594227
2026-08-13T04:30:45Z,1083,12,8,9,0,0,1,1,1,1786594875
2026-08-13T04:30:45Z,1084,10,9,11,0,0,1,1,1,1786593821
2026-08-13T04:30:45Z,1085,9,7,12,0,0,1,1,1,1786595237
2026-08-13T04:30:45Z,1086,11,7,10,0,0,1,1,1,1786594010
2026-08-13T04:30:45Z,1087,8,6,7,0,0,1,1,1,1786595367
2026-08-13T04:30:45Z,1088,7,6,8,0,0,1,1,1,1786594829
2026-08-13T04:30:45Z,1089,13,12,2,0,0,1,1,1,1786593907
2026-08-13T04:30:45Z,1090,13,11,2,0,0,1,1,1,1786595052
2026-08-13T04:30:45Z,1091,7,6,8,0,0,1,1,1,1786595099
2026-08-13T04:30:45Z,1092,7,5,8,0,0,1,1,1,1786594400
2026-08-13T04:30:45Z,1093,10,7,5,0,0,1,1,1,1786595438
2026-08-13T04:30:45Z,1094,12,9,7,0,0,1,1,1,1786594605
2026-08-13T04:30:45Z,1095,8,8,7,0,0,1,1,1,1786595132
2026-08-13T04:30:45Z,1096,9,6,9,1,0,1,1,1,1786595121
2026-08-13T04:30:45Z,1097,7,5,8,0,0,1,1,1,1786594764
2026-08-13T04:30:45Z,1098,8,6,11,0,0,1,1,1,1786595145
2026-08-13T04:30:45Z,1099,9,9,6,0,0,1,1,1,1786594521
2026-08-13T04:30:45Z,1100,9,4,15,5,0,1,1,1,1786581911
2026-08-13T04:30:45Z,1101,9,4,12,0,0,1,1,1,1786595216
2026-08-13T04:30:45Z,1102,12,7,1,0,0,1,1,1,1786594005
2026-08-13T04:30:45Z,1103,12,7,9,0,0,1,1,1,1786591668
2026-08-13T04:30:45Z,1104,10,5,11,0,0,1,1,1,1786595011
2026-08-13T04:30:45Z,1105,8,4,5,0,0,1,1,1,1786594027
2026-08-13T04:30:45Z,1106,8,3,13,0,0,1,1,1,1786593664
2026-08-13T04:30:45Z,1107,10,6,5,0,0,1,1,1,1786594052
2026-08-13T04:30:45Z,1108,2,2,22,3,0,1,1,1,1786594210
2026-08-13T04:30:45Z,1109,9,4,6,0,0,1,1,1,1786593947
2026-08-13T04:30:45Z,1110,17,5,4,0,0,1,1,1,1786595058
2026-08-13T04:30:45Z,1111,11,0,9,1,0,1,1,1,1786594934
2026-08-13T04:30:45Z,1112,11,0,41,1,0,1,1,1,1786595075
2026-08-13T04:30:45Z,1113,8,6,13,0,0,1,1,1,1786594115
2026-08-13T04:30:45Z,1115,16,3,7,0,0,1,1,1,1786594689
2026-08-13T04:30:45Z,1116,10,0,9,0,0,1,1,1,1786594786
2026-08-13T04:30:45Z,1117,0,0,23,0,0,1,1,1,1786594618
2026-08-13T04:30:45Z,1118,1,0,20,0,0,1,1,1,1786595260
2026-08-13T04:30:45Z,1119,9,0,7,1,0,1,1,1,1786595431
2026-08-13T04:30:45Z,1120,9,0,8,2,0,1,1,1,1786594936
2026-08-13T04:30:45Z,1121,15,2,5,1,0,1,1,1,1786595256
2026-08-13T04:30:45Z,1122,5,3,13,3,0,1,1,1,1786595381
2026-08-13T04:30:45Z,1123,1,1,21,0,0,1,1,1,1786594472
2026-08-13T04:30:45Z,1124,12,3,1,2,0,1,1,1,1786594818
2026-08-13T04:30:45Z,1125,7,2,14,2,0,1,1,1,1786595424
2026-08-13T04:30:45Z,1126,2,0,19,0,0,1,1,1,1786594733
2026-08-13T04:30:45Z,1127,17,0,0,2,0,1,1,1,1786594722
2026-08-13T04:30:45Z,1128,7,1,8,0,0,1,1,1,1786593889
2026-08-13T04:30:45Z,1129,3,0,17,1,0,1,1,1,1786594243
2026-08-13T04:30:45Z,1130,0,0,14,1,0,1,1,1,1786594541
2026-08-13T04:30:45Z,1131,0,0,48,1,0,1,1,1,1786594447
2026-08-13T04:30:45Z,1132,12,1,9,0,0,1,1,1,1786501413
2026-08-13T04:30:45Z,1133,12,7,9,0,0,1,1,1,1786594533
2026-08-13T04:30:45Z,1134,8,3,11,0,0,1,1,1,1786593909
2026-08-13T04:30:45Z,1135,8,3,13,0,0,1,1,1,1786594873
2026-08-13T04:30:45Z,1136,15,0,8,0,0,1,1,1,1786594162
2026-08-13T04:30:45Z,1137,9,3,6,0,0,1,1,1,1786593824
2026-08-13T04:30:45Z,1138,19,0,0,0,0,1,1,1,1786594911
2026-08-13T04:30:45Z,1139,7,0,14,0,0,1,1,1,1786594336
2026-08-13T04:30:45Z,1140,17,8,5,1,0,1,1,1,1786593809
2026-08-13T04:30:45Z,1141,1,0,20,0,0,1,1,1,1786594915
2026-08-13T04:30:45Z,1142,15,1,6,0,0,1,1,1,1786595013
2026-08-13T04:30:45Z,1143,24,1,4,1,0,1,1,1,1786595324
2026-08-13T04:30:45Z,1144,12,1,9,0,0,1,1,1,1786594161
2026-08-13T04:30:45Z,1145,8,3,12,1,0,1,1,1,1786595274
2026-08-13T04:30:45Z,1146,13,0,3,3,0,1,1,1,1786595098
2026-08-13T04:30:45Z,1147,9,2,10,0,0,1,1,1,1786594626
2026-08-13T04:30:45Z,1148,0,0,3,0,0,0,1,1,1786190968
2026-08-13T04:30:45Z,1149,4,4,20,1,0,1,1,1,1786594192
2026-08-13T04:30:45Z,1150,0,0,19,0,0,1,1,1,1786595419
2026-08-13T04:30:45Z,1151,13,4,8,0,0,1,1,1,1786594307
2026-08-13T04:30:45Z,1152,5,0,24,0,0,1,1,1,1786593913
2026-08-13T04:30:45Z,1153,23,6,0,0,0,1,1,1,1786595425
2026-08-13T04:30:45Z,1154,5,1,12,2,0,1,1,1,1786594201
2026-08-13T04:30:45Z,1155,7,1,12,2,0,1,1,1,1786595411
2026-08-13T04:30:45Z,1158,3,1,15,1,0,1,1,1,1786594661
2026-08-13T04:30:45Z,1159,9,2,10,0,0,1,1,1,1786595268
2026-08-13T04:30:45Z,1160,12,0,7,0,0,1,1,1,1786594949
2026-08-13T04:30:45Z,1161,6,1,12,1,0,1,1,1,1786595376
2026-08-13T04:30:45Z,1162,6,0,12,1,0,1,1,1,1786593987
2026-08-13T04:30:45Z,1163,0,0,18,1,0,1,1,1,1786594742
2026-08-13T04:30:45Z,1164,5,1,14,0,0,1,1,1,1786594859
2026-08-13T04:30:45Z,1165,6,1,15,0,0,1,1,1,1786594280
2026-08-13T04:30:45Z,1166,12,5,8,1,0,1,1,1,1786595051
2026-08-13T04:30:45Z,1167,2,2,13,0,0,1,1,1,1786595381
2026-08-13T04:30:45Z,1168,7,0,16,0,0,1,1,1,1786594233
2026-08-13T04:30:45Z,1169,3,1,16,0,0,1,1,1,1786594622
2026-08-13T04:30:45Z,1170,6,3,15,0,0,1,1,1,1786593772
2026-08-13T04:30:45Z,1171,12,8,11,0,0,1,1,1,1786594487
2026-08-13T04:30:45Z,1172,9,4,4,2,0,1,1,1,1786594019
2026-08-13T04:30:45Z,1173,8,2,11,0,0,1,1,1,1786595001
2026-08-13T04:30:45Z,1174,4,2,10,1,0,1,1,1,1786595430
2026-08-13T04:30:45Z,1175,8,3,11,0,0,1,1,1,1786594965
2026-08-13T04:30:45Z,1176,11,2,8,2,0,1,1,1,1786595011
2026-08-13T04:30:45Z,1177,17,3,4,0,0,1,1,1,1786594800
2026-08-13T04:30:45Z,1178,1,1,13,1,0,1,1,1,1786594419
2026-08-13T04:30:45Z,1181,12,1,2,1,0,1,1,1,1786591664
2026-08-13T04:30:45Z,1182,0,0,20,0,0,1,1,1,1786595239
2026-08-13T04:30:45Z,1183,0,0,44,1,0,1,1,1,1786595388
2026-08-13T04:30:45Z,1184,8,8,10,3,0,1,1,1,1786595096
2026-08-13T04:30:45Z,1185,10,5,11,0,0,1,1,1,1786595289
2026-08-13T04:30:45Z,1186,9,4,10,0,0,1,1,1,1786595184
2026-08-13T04:30:45Z,1187,9,4,12,0,0,1,1,1,1786594755
2026-08-13T04:30:45Z,1188,11,5,4,0,0,1,1,1,1786594019
2026-08-13T04:30:45Z,1189,10,5,9,0,0,1,1,1,1786594039
2026-08-13T04:30:45Z,1190,10,5,11,0,0,1,1,1,1786594975
2026-08-13T04:30:45Z,1191,10,5,5,0,0,1,1,1,1786594055
2026-08-13T04:30:45Z,1192,12,7,9,0,0,1,1,1,1786595258
2026-08-13T04:30:45Z,1193,8,5,5,0,0,1,1,1,1786595416
2026-08-13T04:30:45Z,1196,9,8,10,0,0,1,1,1,1786594694
2026-08-13T04:30:45Z,1197,2,2,13,2,0,1,1,1,1786594841
2026-08-13T04:30:45Z,1198,13,2,7,1,0,1,1,1,1786594172
2026-08-13T04:30:45Z,1199,11,1,8,0,0,1,1,1,1786594958
2026-08-13T04:30:45Z,1200,8,4,7,0,0,1,1,1,1786594051
2026-08-13T04:30:45Z,1201,15,4,0,0,0,1,1,1,1786594092
2026-08-13T04:30:45Z,1202,3,2,12,0,0,1,1,1,1786594156
2026-08-13T04:30:45Z,1203,11,6,3,1,0,1,1,1,1786574914
2026-08-13T04:30:45Z,1204,8,4,10,1,0,1,1,1,1786594831
2026-08-13T04:30:45Z,1206,10,5,11,0,0,1,1,1,1786594658
2026-08-13T04:30:45Z,1207,10,5,4,1,0,1,1,1,1786594478
2026-08-13T04:30:45Z,1208,12,6,7,0,0,1,1,1,1786593748
2026-08-13T04:30:45Z,1216,13,0,7,1,0,1,1,1,1786588478
2026-08-13T04:30:45Z,1218,15,2,5,1,0,1,1,1,1786595182
2026-08-13T04:30:45Z,1219,10,0,5,0,0,1,1,1,1786593759
2026-08-13T04:30:45Z,1220,11,2,8,0,0,1,1,1,1786594702
2026-08-13T04:30:45Z,1221,7,0,14,0,0,1,1,1,1786594345
2026-08-13T04:30:45Z,1222,25,0,4,0,0,1,1,1,1786594179
2026-08-13T04:30:45Z,1223,21,1,6,2,0,1,1,1,1786594913
2026-08-13T04:30:45Z,1226,0,0,3,0,0,0,1,1,1781868931
2026-08-13T04:30:45Z,1227,14,0,10,1,0,1,1,1,1786595391
2026-08-13T04:30:45Z,1228,17,2,12,0,0,1,1,1,1786594855
2026-08-13T04:30:45Z,1229,40,0,4,1,0,1,1,1,1786595426
2026-08-13T04:30:45Z,1230,8,1,11,0,0,1,1,1,1786595260
2026-08-13T04:30:45Z,1231,17,6,1,1,0,1,1,1,1786595174
2026-08-13T04:30:45Z,1232,17,6,0,2,0,1,1,1,1786595395
