snapshot_utc,station_id,num_bikes_available,num_ebikes_available,num_docks_available,num_bikes_disabled,num_docks_disabled,is_installed,is_renting,is_returning,last_reported
2026-07-26T02:29:37Z,1,11,3,10,2,0,1,1,1,1785032218
2026-07-26T02:29:37Z,2,10,4,14,3,0,1,1,1,1785032768
2026-07-26T02:29:37Z,3,5,0,3,0,0,1,1,1,1785032909
2026-07-26T02:29:37Z,4,9,0,12,1,0,1,1,1,1785031778
2026-07-26T02:29:37Z,5,10,5,10,0,1,1,1,1,1785031205
2026-07-26T02:29:37Z,6,5,1,10,0,0,1,1,1,1785030162
2026-07-26T02:29:37Z,7,2,2,37,0,0,1,1,1,1785032698
2026-07-26T02:29:37Z,8,23,0,20,0,0,1,1,1,1785031621
2026-07-26T02:29:37Z,9,9,2,13,1,0,1,1,1,1785032882
2026-07-26T02:29:37Z,10,3,3,19,1,0,1,1,1,1785032842
2026-07-26T02:29:37Z,11,0,0,17,2,0,1,1,1,1785032826
2026-07-26T02:29:37Z,12,9,0,13,1,0,1,1,1,1785032865
2026-07-26T02:29:37Z,13,11,1,19,0,0,1,1,1,1785032061
2026-07-26T02:29:37Z,14,36,2,6,0,1,1,1,1,1785032853
2026-07-26T02:29:37Z,15,14,0,1,0,0,1,1,1,1785032953
2026-07-26T02:29:37Z,16,7,0,19,1,0,1,1,1,1785028248
2026-07-26T02:29:37Z,17,9,0,16,2,0,1,1,1,1785032906
2026-07-26T02:29:37Z,18,14,0,2,2,0,1,1,1,1785032730
2026-07-26T02:29:37Z,19,23,1,3,1,0,1,1,1,1785032669
2026-07-26T02:29:37Z,20,9,3,26,0,0,1,1,1,1785032521
2026-07-26T02:29:37Z,21,12,1,2,4,1,1,1,1,1785032895
2026-07-26T02:29:37Z,22,40,1,24,1,0,1,1,1,1785032734
2026-07-26T02:29:37Z,23,1,1,30,0,0,1,1,1,1785032764
2026-07-26T02:29:37Z,24,2,1,8,1,0,1,1,1,1785032966
2026-07-26T02:29:37Z,25,16,3,64,1,0,1,1,1,1785032933
2026-07-26T02:29:37Z,26,22,0,5,0,0,1,1,1,1785031308
2026-07-26T02:29:37Z,28,2,1,13,0,0,1,1,1,1785032180
2026-07-26T02:29:37Z,30,16,0,12,1,0,1,1,1,1785032571
2026-07-26T02:29:37Z,31,13,0,5,1,0,1,1,1,1785032830
2026-07-26T02:29:37Z,32,5,1,22,0,0,1,1,1,1785032664
2026-07-26T02:29:37Z,34,30,0,7,0,0,1,1,1,1785032218
2026-07-26T02:29:37Z,35,45,3,2,0,0,1,1,1,1785032888
2026-07-26T02:29:37Z,36,0,0,0,0,0,0,1,1,86400
2026-07-26T02:29:37Z,37,13,1,8,2,0,1,1,1,1785032897
2026-07-26T02:29:37Z,38,18,0,5,0,0,1,1,1,1785032850
2026-07-26T02:29:37Z,39,37,2,2,0,0,1,1,1,1785032776
2026-07-26T02:29:37Z,40,18,1,3,0,0,1,1,1,1785032503
2026-07-26T02:29:37Z,41,0,0,42,1,0,1,1,1,1785029734
2026-07-26T02:29:37Z,42,13,3,16,1,1,1,1,1,1785032936
2026-07-26T02:29:37Z,43,3,0,20,0,0,1,1,1,1785032958
2026-07-26T02:29:37Z,45,2,0,27,0,0,1,1,1,1785031426
2026-07-26T02:29:37Z,46,13,0,17,1,0,1,1,1,1785032506
2026-07-26T02:29:37Z,47,5,0,10,0,0,1,1,1,1785032904
2026-07-26T02:29:37Z,48,16,2,11,0,0,1,1,1,1785032536
2026-07-26T02:29:37Z,49,13,1,8,2,0,1,1,1,1785032630
2026-07-26T02:29:37Z,50,7,7,9,3,0,1,1,1,1785032007
2026-07-26T02:29:37Z,51,23,0,54,0,0,1,1,1,1785028483
2026-07-26T02:29:37Z,52,21,1,3,3,0,1,1,1,1785032961
2026-07-26T02:29:37Z,55,1,1,21,1,0,1,1,1,1785032928
2026-07-26T02:29:37Z,56,36,3,4,3,0,1,1,1,1785032704
2026-07-26T02:29:37Z,57,1,0,25,1,0,1,1,1,1785032901
2026-07-26T02:29:37Z,58,0,0,28,0,0,1,1,1,1785032542
2026-07-26T02:29:37Z,59,1,0,26,0,0,1,1,1,1785032384
2026-07-26T02:29:37Z,61,1,0,38,0,0,1,1,1,1785032876
2026-07-26T02:29:37Z,62,32,6,17,0,0,1,1,1,1785032695
2026-07-26T02:29:37Z,63,13,5,6,0,0,1,1,1,1785031942
2026-07-26T02:29:37Z,64,8,0,11,0,0,1,1,1,1785031590
2026-07-26T02:29:37Z,65,5,4,12,2,0,1,1,1,1785032812
2026-07-26T02:29:37Z,67,26,2,13,0,0,1,1,1,1785032800
2026-07-26T02:29:37Z,68,21,0,15,1,0,1,1,1,1785031319
2026-07-26T02:29:37Z,69,6,2,6,3,0,1,1,1,1785032693
2026-07-26T02:29:37Z,71,15,0,11,1,0,1,1,1,1785032960
2026-07-26T02:29:37Z,72,13,1,16,1,0,1,1,1,1785032778
2026-07-26T02:29:37Z,73,2,1,29,0,0,1,1,1,1785031901
2026-07-26T02:29:37Z,74,0,0,18,1,0,1,1,1,1785031409
2026-07-26T02:29:37Z,75,2,0,29,1,0,1,1,1,1785032857
2026-07-26T02:29:37Z,76,7,1,12,0,0,1,1,1,1785031973
2026-07-26T02:29:37Z,77,13,0,13,1,0,1,1,1,1785032900
2026-07-26T02:29:37Z,78,9,0,12,2,0,1,1,1,1785032860
2026-07-26T02:29:37Z,79,10,0,5,2,0,1,1,1,1785032945
2026-07-26T02:29:37Z,80,14,0,4,5,0,1,1,1,1785032747
2026-07-26T02:29:37Z,81,15,5,16,0,0,1,1,1,1785032804
2026-07-26T02:29:37Z,82,18,5,4,1,0,1,1,1,1785032473
2026-07-26T02:29:37Z,83,23,2,10,1,0,1,1,1,1785032953
2026-07-26T02:29:37Z,84,19,0,8,0,0,1,1,1,1785032712
2026-07-26T02:29:37Z,85,7,1,8,0,0,1,1,1,1785032885
2026-07-26T02:29:37Z,86,4,0,23,0,0,1,1,1,1785029343
2026-07-26T02:29:37Z,87,5,0,14,0,0,1,1,1,1785029608
2026-07-26T02:29:37Z,88,16,1,25,2,0,1,1,1,1785032969
2026-07-26T02:29:37Z,89,28,1,6,1,0,1,1,1,1785032807
2026-07-26T02:29:37Z,90,13,0,3,2,0,1,1,1,1785032960
2026-07-26T02:29:37Z,91,3,0,13,1,0,1,1,1,1785030680
2026-07-26T02:29:37Z,92,3,0,14,2,0,1,1,1,1785032724
2026-07-26T02:29:37Z,93,22,0,1,0,0,1,1,1,1785032714
2026-07-26T02:29:37Z,94,6,1,12,1,0,1,1,1,1785032905
2026-07-26T02:29:37Z,95,32,2,1,1,1,1,1,1,1785032396
2026-07-26T02:29:37Z,96,14,0,16,1,0,1,1,1,1785032675
2026-07-26T02:29:37Z,97,4,1,12,1,0,1,1,1,1785032855
2026-07-26T02:29:37Z,98,30,1,5,0,0,1,1,1,1785032820
2026-07-26T02:29:37Z,99,13,1,2,0,0,1,1,1,1785032434
2026-07-26T02:29:37Z,100,4,1,23,0,0,1,1,1,1785032719
2026-07-26T02:29:37Z,101,14,1,0,1,0,1,1,1,1785031386
2026-07-26T02:29:37Z,102,22,4,0,1,0,1,1,1,1785032952
2026-07-26T02:29:37Z,103,17,0,7,4,0,1,1,1,1785032922
2026-07-26T02:29:37Z,104,22,0,2,3,0,1,1,1,1785032969
2026-07-26T02:29:37Z,105,14,1,4,1,0,1,1,1,1785031862
2026-07-26T02:29:37Z,106,12,1,9,0,0,1,1,1,1785031731
2026-07-26T02:29:37Z,107,24,2,12,1,0,1,1,1,1785032344
2026-07-26T02:29:37Z,108,25,0,7,1,2,1,1,1,1785032902
2026-07-26T02:29:37Z,109,18,3,5,0,0,1,1,1,1785032943
2026-07-26T02:29:37Z,110,23,0,0,0,0,1,1,1,1785029764
2026-07-26T02:29:37Z,111,21,0,15,0,0,1,1,1,1785032778
2026-07-26T02:29:37Z,112,6,1,7,4,2,1,1,1,1785032916
2026-07-26T02:29:37Z,113,3,0,16,0,0,1,1,1,1785032749
2026-07-26T02:29:37Z,114,2,2,22,7,0,1,1,1,1785032968
2026-07-26T02:29:37Z,115,12,1,11,6,0,1,1,1,1785032873
2026-07-26T02:29:37Z,116,11,6,15,1,0,1,1,1,1785032950
2026-07-26T02:29:37Z,118,10,0,9,3,1,1,1,1,1785032893
2026-07-26T02:29:37Z,119,19,1,17,2,0,1,1,1,1785032873
2026-07-26T02:29:37Z,120,6,3,20,1,0,1,1,1,1785032444
2026-07-26T02:29:37Z,121,3,2,14,1,1,1,1,1,1785032809
2026-07-26T02:29:37Z,122,6,1,14,1,0,1,1,1,1785032734
2026-07-26T02:29:37Z,123,29,0,18,0,0,1,1,1,1785032697
2026-07-26T02:29:37Z,124,35,0,0,0,0,1,1,1,1785030804
2026-07-26T02:29:37Z,125,11,1,12,0,0,1,1,1,1785032506
2026-07-26T02:29:37Z,126,13,1,17,1,0,1,1,1,1785032972
2026-07-26T02:29:37Z,127,0,0,14,1,0,0,1,1,1784572594
2026-07-26T02:29:37Z,128,11,8,8,0,0,1,1,1,1785032828
2026-07-26T02:29:37Z,129,0,0,19,0,0,1,1,1,1785031990
2026-07-26T02:29:37Z,130,5,1,11,1,0,1,1,1,1785026085
2026-07-26T02:29:37Z,131,2,2,8,1,0,1,1,1,1785031903
2026-07-26T02:29:37Z,132,3,2,11,0,1,1,1,1,1785032723
2026-07-26T02:29:37Z,133,3,3,20,0,0,1,1,1,1785031823
2026-07-26T02:29:37Z,134,15,0,5,3,0,1,1,1,1785032783
2026-07-26T02:29:37Z,135,1,0,18,0,0,1,1,1,1785031310
2026-07-26T02:29:37Z,136,23,1,0,0,0,1,1,1,1785032536
2026-07-26T02:29:37Z,137,9,1,10,0,0,1,1,1,1785032872
2026-07-26T02:29:37Z,138,19,0,18,0,0,1,1,1,1785032795
2026-07-26T02:29:37Z,139,3,0,16,0,0,1,1,1,1785032955
2026-07-26T02:29:37Z,140,1,1,20,2,0,1,1,1,1785032972
2026-07-26T02:29:37Z,141,2,1,34,2,0,1,1,1,1785032811
2026-07-26T02:29:37Z,142,4,3,19,0,0,1,1,1,1785032913
2026-07-26T02:29:37Z,143,1,0,29,1,0,1,1,1,1785032877
2026-07-26T02:29:37Z,144,7,2,20,0,0,1,1,1,1785032637
2026-07-26T02:29:37Z,145,6,0,24,1,0,1,1,1,1785032965
2026-07-26T02:29:37Z,146,11,0,11,1,0,1,1,1,1785032795
2026-07-26T02:29:37Z,147,0,0,17,2,0,1,1,1,1785032965
2026-07-26T02:29:37Z,148,5,0,14,8,0,1,1,1,1785032971
2026-07-26T02:29:37Z,149,14,0,13,0,0,1,1,1,1785032933
2026-07-26T02:29:37Z,150,1,0,33,1,0,1,1,1,1785032830
2026-07-26T02:29:37Z,151,10,1,13,0,0,1,1,1,1785032575
2026-07-26T02:29:37Z,152,5,0,20,2,0,1,1,1,1785032769
2026-07-26T02:29:37Z,153,8,5,23,0,0,1,1,1,1785032111
2026-07-26T02:29:37Z,154,6,5,13,4,0,1,1,1,1785032763
2026-07-26T02:29:37Z,155,3,0,10,1,0,1,1,1,1785032787
2026-07-26T02:29:37Z,156,7,1,12,0,0,1,1,1,1785032748
2026-07-26T02:29:37Z,157,2,1,23,2,0,1,1,1,1785032901
2026-07-26T02:29:37Z,158,0,0,14,2,0,1,1,1,1785032693
2026-07-26T02:29:37Z,159,3,3,15,1,0,1,1,1,1785031124
2026-07-26T02:29:37Z,160,7,2,12,0,0,1,1,1,1785032751
2026-07-26T02:29:37Z,161,11,4,11,1,0,1,1,1,1785032139
2026-07-26T02:29:37Z,162,7,5,19,1,0,1,1,1,1785032608
2026-07-26T02:29:37Z,163,17,2,13,0,1,1,1,1,1785032844
2026-07-26T02:29:37Z,164,2,0,24,1,0,1,1,1,1785032739
2026-07-26T02:29:37Z,165,25,2,5,1,0,1,1,1,1785032835
2026-07-26T02:29:37Z,166,27,1,8,4,0,1,1,1,1785032968
2026-07-26T02:29:37Z,167,9,3,14,0,0,1,1,1,1785032789
2026-07-26T02:29:37Z,168,1,0,25,1,0,1,1,1,1785032938
2026-07-26T02:29:37Z,169,18,3,5,0,0,1,1,1,1785032568
2026-07-26T02:29:37Z,170,2,1,16,1,0,1,1,1,1785032384
2026-07-26T02:29:37Z,171,9,4,2,2,0,1,1,1,1785032727
2026-07-26T02:29:37Z,173,12,4,27,0,0,1,1,1,1785032896
2026-07-26T02:29:37Z,174,19,1,7,0,0,1,1,1,1785032972
2026-07-26T02:29:37Z,175,30,3,1,0,0,1,1,1,1785032917
2026-07-26T02:29:37Z,176,9,4,1,4,1,1,1,1,1785032841
2026-07-26T02:29:37Z,177,7,1,20,0,0,1,1,1,1785032746
2026-07-26T02:29:37Z,178,9,4,3,2,1,1,1,1,1785032870
2026-07-26T02:29:37Z,179,3,1,11,1,0,1,1,1,1785032950
2026-07-26T02:29:37Z,180,24,0,6,0,0,1,1,1,1785032848
2026-07-26T02:29:37Z,181,6,4,8,1,0,1,1,1,1785032779
2026-07-26T02:29:37Z,182,6,2,11,0,0,1,1,1,1785032862
2026-07-26T02:29:37Z,183,6,1,16,1,0,1,1,1,1785032203
2026-07-26T02:29:37Z,184,20,0,1,2,0,1,1,1,1785032875
2026-07-26T02:29:37Z,185,5,0,8,1,1,1,1,1,1785031410
2026-07-26T02:29:37Z,186,8,2,11,0,0,1,1,1,1785032945
2026-07-26T02:29:37Z,187,21,0,5,2,0,1,1,1,1785032422
2026-07-26T02:29:37Z,188,23,6,0,4,0,1,1,1,1785032968
2026-07-26T02:29:37Z,189,3,0,12,0,0,1,1,1,1785032276
2026-07-26T02:29:37Z,190,9,2,14,0,0,1,1,1,1785032788
2026-07-26T02:29:37Z,191,19,6,17,3,0,1,1,1,1785032780
2026-07-26T02:29:37Z,192,10,3,20,1,0,1,1,1,1785032677
2026-07-26T02:29:37Z,193,3,3,11,1,0,1,1,1,1785031665
2026-07-26T02:29:37Z,194,9,1,18,0,0,1,1,1,1785032940
2026-07-26T02:29:37Z,195,13,6,6,0,0,1,1,1,1785032783
2026-07-26T02:29:37Z,196,22,12,4,1,0,1,1,1,1785032073
2026-07-26T02:29:37Z,197,3,1,15,0,1,1,1,1,1785031763
2026-07-26T02:29:37Z,198,1,0,22,0,0,1,1,1,1785030978
2026-07-26T02:29:37Z,199,4,3,10,1,0,1,1,1,1785032719
2026-07-26T02:29:37Z,200,7,7,19,0,0,1,1,1,1785032956
2026-07-26T02:29:37Z,201,2,0,21,0,0,1,1,1,1785032442
2026-07-26T02:29:37Z,202,18,0,9,0,0,1,1,1,1785031668
2026-07-26T02:29:37Z,203,29,1,2,0,0,1,1,1,1785032944
2026-07-26T02:29:37Z,204,29,0,4,2,0,1,1,1,1785032647
2026-07-26T02:29:37Z,205,15,1,12,0,0,1,1,1,1785031389
2026-07-26T02:29:37Z,206,5,1,8,2,0,1,1,1,1785031848
2026-07-26T02:29:37Z,207,16,4,4,1,0,1,1,1,1785032725
2026-07-26T02:29:37Z,208,13,12,16,0,0,1,1,1,1785032930
2026-07-26T02:29:37Z,209,15,4,15,1,0,1,1,1,1785032805
2026-07-26T02:29:37Z,210,16,0,11,0,0,1,1,1,1785032745
2026-07-26T02:29:37Z,211,19,0,3,1,0,1,1,1,1785032313
2026-07-26T02:29:37Z,212,33,5,0,2,0,1,1,1,1785032783
2026-07-26T02:29:37Z,213,6,1,16,1,0,1,1,1,1785032871
2026-07-26T02:29:37Z,214,29,15,15,3,0,1,1,1,1785032911
2026-07-26T02:29:37Z,215,3,1,19,1,0,1,1,1,1785031192
2026-07-26T02:29:37Z,216,8,0,11,0,0,1,1,1,1785032898
2026-07-26T02:29:37Z,217,11,8,18,0,0,1,1,1,1785032731
2026-07-26T02:29:37Z,218,15,3,20,4,0,1,1,1,1785032967
2026-07-26T02:29:37Z,219,24,2,3,0,0,1,1,1,1785032459
2026-07-26T02:29:37Z,220,11,9,31,0,1,1,1,1,1785032404
2026-07-26T02:29:37Z,221,3,2,12,0,0,1,1,1,1785032948
2026-07-26T02:29:37Z,222,2,2,16,1,0,1,1,1,1785032790
2026-07-26T02:29:37Z,223,14,2,18,3,0,1,1,1,1785032847
2026-07-26T02:29:37Z,224,0,0,21,1,0,1,1,1,1785032927
2026-07-26T02:29:37Z,225,5,3,12,2,0,1,1,1,1785032295
2026-07-26T02:29:37Z,226,2,2,29,0,0,1,1,1,1785032885
2026-07-26T02:29:37Z,227,8,5,19,0,0,1,1,1,1785032955
2026-07-26T02:29:37Z,228,5,4,11,3,0,1,1,1,1785032934
2026-07-26T02:29:37Z,230,8,1,18,0,0,1,1,1,1785032619
2026-07-26T02:29:37Z,232,3,1,15,1,0,1,1,1,1785032784
2026-07-26T02:29:37Z,233,19,3,11,1,0,1,1,1,1785032897
2026-07-26T02:29:37Z,234,8,3,6,4,1,1,1,1,1785032667
2026-07-26T02:29:37Z,236,8,4,11,0,0,1,1,1,1785032843
2026-07-26T02:29:37Z,237,0,0,22,1,0,1,1,1,1785032889
2026-07-26T02:29:37Z,239,5,5,17,5,0,1,1,1,1785032238
2026-07-26T02:29:37Z,241,4,0,19,0,0,1,1,1,1785032514
2026-07-26T02:29:37Z,242,6,6,16,1,0,1,1,1,1785032924
2026-07-26T02:29:37Z,243,21,17,8,2,0,1,1,1,1785032894
2026-07-26T02:29:37Z,244,19,11,7,1,0,1,1,1,1785032748
2026-07-26T02:29:37Z,245,9,6,12,2,0,1,1,1,1785032830
2026-07-26T02:29:37Z,246,5,4,17,1,0,1,1,1,1785032837
2026-07-26T02:29:37Z,247,14,4,8,1,0,1,1,1,1785032945
2026-07-26T02:29:37Z,248,4,4,16,3,0,1,1,1,1785032472
2026-07-26T02:29:37Z,249,2,1,17,0,0,1,1,1,1785032887
2026-07-26T02:29:37Z,250,0,0,27,0,0,1,1,1,1785031428
2026-07-26T02:29:37Z,251,5,4,21,1,0,1,1,1,1785032964
2026-07-26T02:29:37Z,253,4,4,14,1,0,1,1,1,1785032819
2026-07-26T02:29:37Z,254,40,10,2,1,0,1,1,1,1785032672
2026-07-26T02:29:37Z,255,3,0,20,0,0,1,1,1,1785032332
2026-07-26T02:29:37Z,256,6,0,17,0,0,1,1,1,1785032804
2026-07-26T02:29:37Z,257,8,2,9,2,0,1,1,1,1785032681
2026-07-26T02:29:37Z,258,7,3,6,6,0,1,1,1,1785032957
2026-07-26T02:29:37Z,259,10,1,12,0,1,1,1,1,1785030792
2026-07-26T02:29:37Z,260,0,0,19,0,0,1,1,1,1785032381
2026-07-26T02:29:37Z,261,12,0,6,0,1,1,1,1,1785032069
2026-07-26T02:29:37Z,262,21,7,2,0,0,1,1,1,1785032032
2026-07-26T02:29:37Z,263,8,1,7,0,0,1,1,1,1785032852
2026-07-26T02:29:37Z,264,3,1,16,0,0,1,1,1,1785031702
2026-07-26T02:29:37Z,265,15,0,0,0,0,1,1,1,1785032888
2026-07-26T02:29:37Z,266,5,2,12,1,1,1,1,1,1785032756
2026-07-26T02:29:37Z,267,5,3,8,2,0,1,1,1,1785028275
2026-07-26T02:29:37Z,268,1,1,21,1,0,1,1,1,1785032525
2026-07-26T02:29:37Z,269,3,2,19,1,0,1,1,1,1785032375
2026-07-26T02:29:37Z,270,22,1,4,1,0,1,1,1,1785031887
2026-07-26T02:29:37Z,271,13,3,4,2,0,1,1,1,1785032679
2026-07-26T02:29:37Z,272,8,5,14,1,0,1,1,1,1785032837
2026-07-26T02:29:37Z,273,10,4,4,1,0,1,1,1,1785032931
2026-07-26T02:29:37Z,274,4,3,12,3,0,1,1,1,1785032815
2026-07-26T02:29:37Z,275,14,1,9,0,0,1,1,1,1785031692
2026-07-26T02:29:37Z,276,7,3,19,0,1,1,1,1,1785032845
2026-07-26T02:29:37Z,277,5,1,15,3,0,1,1,1,1785032006
2026-07-26T02:29:37Z,278,26,5,3,1,1,1,1,1,1785032813
2026-07-26T02:29:37Z,279,8,0,11,0,0,1,1,1,1785032392
2026-07-26T02:29:37Z,280,8,0,21,2,0,1,1,1,1785032965
2026-07-26T02:29:37Z,281,10,3,9,0,0,1,1,1,1785032617
2026-07-26T02:29:37Z,282,18,2,1,0,0,1,1,1,1785028116
2026-07-26T02:29:37Z,283,15,2,20,0,0,1,1,1,1785032794
2026-07-26T02:29:37Z,284,32,2,2,0,1,1,1,1,1785032758
2026-07-26T02:29:37Z,285,9,1,14,0,0,1,1,1,1785032935
2026-07-26T02:29:37Z,286,6,4,16,1,0,1,1,1,1785032955
2026-07-26T02:29:37Z,287,5,0,16,2,0,1,1,1,1785028825
2026-07-26T02:29:37Z,288,10,6,9,0,0,1,1,1,1785032726
2026-07-26T02:29:37Z,289,21,9,5,1,0,1,1,1,1785032733
2026-07-26T02:29:37Z,290,12,0,25,2,0,1,1,1,1785032932
2026-07-26T02:29:37Z,291,17,1,5,1,0,1,1,1,1785032141
2026-07-26T02:29:37Z,292,0,0,23,0,0,1,1,1,1785032777
2026-07-26T02:29:37Z,293,1,1,15,7,0,1,1,1,1785032566
2026-07-26T02:29:37Z,294,3,3,17,2,0,1,1,1,1785032210
2026-07-26T02:29:37Z,297,3,1,14,1,1,1,1,1,1785032866
2026-07-26T02:29:37Z,301,11,1,8,0,0,1,1,1,1785029724
2026-07-26T02:29:37Z,302,15,4,7,1,0,1,1,1,1785032324
2026-07-26T02:29:37Z,303,0,0,19,0,0,1,1,1,1785032751
2026-07-26T02:29:37Z,304,0,0,0,0,0,0,1,1,86400
2026-07-26T02:29:37Z,305,15,0,4,0,0,1,1,1,1785032781
2026-07-26T02:29:37Z,306,7,1,25,0,0,1,1,1,1785032813
2026-07-26T02:29:37Z,307,18,0,3,2,0,1,1,1,1785032662
2026-07-26T02:29:37Z,308,4,0,14,1,0,1,1,1,1785032331
2026-07-26T02:29:37Z,309,4,1,10,0,0,1,1,1,1785032556
2026-07-26T02:29:37Z,311,7,0,8,0,0,1,1,1,1785032959
2026-07-26T02:29:37Z,312,0,0,19,3,1,1,1,1,1785032043
2026-07-26T02:29:37Z,313,10,0,5,0,0,1,1,1,1785026910
2026-07-26T02:29:37Z,314,2,0,15,2,0,1,1,1,1785032893
2026-07-26T02:29:37Z,315,2,1,27,3,0,1,1,1,1785032616
2026-07-26T02:29:37Z,316,13,0,12,5,1,1,1,1,1785032945
2026-07-26T02:29:37Z,317,5,5,25,1,0,1,1,1,1785032889
2026-07-26T02:29:37Z,318,3,0,1,12,3,1,1,1,1785032759
2026-07-26T02:29:37Z,319,1,0,20,2,0,1,1,1,1785032581
2026-07-26T02:29:37Z,320,13,0,5,1,0,1,1,1,1785031705
2026-07-26T02:29:37Z,321,3,0,14,2,0,1,1,1,1785027902
2026-07-26T02:29:37Z,322,25,0,2,2,0,1,1,1,1785032092
2026-07-26T02:29:37Z,323,16,0,2,1,0,1,1,1,1785032441
2026-07-26T02:29:37Z,324,19,6,5,3,0,1,1,1,1785032970
2026-07-26T02:29:37Z,325,0,0,25,2,0,1,1,1,1785032545
2026-07-26T02:29:37Z,327,16,0,11,0,0,1,1,1,1785032654
2026-07-26T02:29:37Z,328,23,6,0,0,0,1,1,1,1785032797
2026-07-26T02:29:37Z,329,16,1,1,2,0,1,1,1,1785030358
2026-07-26T02:29:37Z,330,7,2,14,1,0,1,1,1,1785032957
2026-07-26T02:29:37Z,331,10,0,11,2,0,1,1,1,1785032782
2026-07-26T02:29:37Z,332,2,2,16,1,0,1,1,1,1785032597
2026-07-26T02:29:37Z,333,5,4,17,1,0,1,1,1,1785032926
2026-07-26T02:29:37Z,334,5,2,18,0,0,1,1,1,1785032634
2026-07-26T02:29:37Z,335,5,2,17,0,1,1,1,1,1785031814
2026-07-26T02:29:37Z,336,10,1,9,0,0,1,1,1,1785032733
2026-07-26T02:29:37Z,337,2,0,18,3,0,1,1,1,1785032926
2026-07-26T02:29:37Z,338,0,0,19,0,0,1,1,1,1785032451
2026-07-26T02:29:37Z,339,4,3,17,2,0,1,1,1,1785032791
2026-07-26T02:29:37Z,340,0,0,13,2,0,1,1,1,1785032831
2026-07-26T02:29:37Z,341,5,2,14,0,0,1,1,1,1785032437
2026-07-26T02:29:37Z,342,3,1,12,0,0,1,1,1,1785032426
2026-07-26T02:29:37Z,343,15,6,7,1,0,1,1,1,1785032428
2026-07-26T02:29:37Z,344,3,1,20,0,0,1,1,1,1785032917
2026-07-26T02:29:37Z,345,13,3,5,1,0,1,1,1,1785032472
2026-07-26T02:29:37Z,346,3,1,20,0,0,1,1,1,1785031140
2026-07-26T02:29:37Z,347,27,2,14,3,0,1,1,1,1785032961
2026-07-26T02:29:37Z,348,3,0,20,0,0,1,1,1,1785032634
2026-07-26T02:29:37Z,349,11,4,7,1,0,1,1,1,1785032809
2026-07-26T02:29:37Z,350,12,0,13,1,1,1,1,1,1785032923
2026-07-26T02:29:37Z,351,0,0,21,2,0,1,1,1,1785032682
2026-07-26T02:29:37Z,355,21,0,2,0,0,1,1,1,1785032502
2026-07-26T02:29:37Z,356,5,2,13,1,0,1,1,1,1785032601
2026-07-26T02:29:37Z,357,2,1,16,1,0,1,1,1,1785032520
2026-07-26T02:29:37Z,358,9,1,16,2,0,1,1,1,1785032575
2026-07-26T02:29:37Z,359,12,0,14,1,0,1,1,1,1785032453
2026-07-26T02:29:37Z,360,2,0,16,1,0,1,1,1,1785032906
2026-07-26T02:29:37Z,362,4,2,13,1,0,1,1,1,1785032832
2026-07-26T02:29:37Z,363,21,0,6,0,0,1,1,1,1785032597
2026-07-26T02:29:37Z,364,9,1,9,1,0,1,1,1,1785032010
2026-07-26T02:29:37Z,365,4,3,16,3,0,1,1,1,1785031101
2026-07-26T02:29:37Z,366,3,0,15,4,1,1,1,1,1785032911
2026-07-26T02:29:37Z,367,7,4,11,1,0,1,1,1,1785031778
2026-07-26T02:29:37Z,368,4,0,17,2,0,1,1,1,1785032931
2026-07-26T02:29:37Z,370,4,2,17,3,0,1,1,1,1785032561
2026-07-26T02:29:37Z,371,0,0,18,1,0,1,1,1,1785031417
2026-07-26T02:29:37Z,372,6,1,9,0,0,1,1,1,1785032696
2026-07-26T02:29:37Z,373,14,3,9,2,1,1,1,1,1785029448
2026-07-26T02:29:37Z,374,6,1,11,2,0,1,1,1,1785032919
2026-07-26T02:29:37Z,375,1,0,25,1,0,1,1,1,1785032598
2026-07-26T02:29:37Z,376,2,0,35,2,0,1,1,1,1785032949
2026-07-26T02:29:37Z,377,6,2,20,1,0,1,1,1,1785032948
2026-07-26T02:29:37Z,378,8,0,14,1,1,1,1,1,1785032841
2026-07-26T02:29:37Z,379,24,1,0,3,0,1,1,1,1785032897
2026-07-26T02:29:37Z,380,8,1,15,0,0,1,1,1,1785032969
2026-07-26T02:29:37Z,381,10,3,13,0,0,1,1,1,1785032842
2026-07-26T02:29:37Z,383,5,2,9,1,0,1,1,1,1785030876
2026-07-26T02:29:37Z,384,9,1,17,1,0,1,1,1,1785032699
2026-07-26T02:29:37Z,385,5,1,12,1,0,1,1,1,1785032481
2026-07-26T02:29:37Z,387,17,5,6,0,0,1,1,1,1785031275
2026-07-26T02:29:37Z,388,10,0,37,2,0,1,1,1,1785032877
2026-07-26T02:29:37Z,389,0,0,14,1,0,1,1,1,1785032243
2026-07-26T02:29:37Z,390,24,1,11,0,0,1,1,1,1785032912
2026-07-26T02:29:37Z,391,1,0,14,0,0,1,1,1,1785030831
2026-07-26T02:29:37Z,392,9,5,7,3,0,1,1,1,1785032776
2026-07-26T02:29:37Z,393,0,0,10,1,0,1,1,1,1785028309
2026-07-26T02:29:37Z,394,11,0,2,0,0,1,1,1,1785032940
2026-07-26T02:29:37Z,396,1,0,32,1,0,1,1,1,1785031969
2026-07-26T02:29:37Z,397,2,1,29,0,0,1,1,1,1785032311
2026-07-26T02:29:37Z,399,5,2,11,1,0,1,1,1,1785032860
2026-07-26T02:29:37Z,400,6,6,15,2,0,1,1,1,1785032806
2026-07-26T02:29:37Z,401,7,0,24,8,0,1,1,1,1785032370
2026-07-26T02:29:37Z,403,4,1,23,4,0,1,1,1,1785032730
2026-07-26T02:29:37Z,404,21,2,2,0,0,1,1,1,1785031204
2026-07-26T02:29:37Z,406,11,0,23,1,0,1,1,1,1785032972
2026-07-26T02:29:37Z,407,5,0,29,0,0,1,1,1,1785032826
2026-07-26T02:29:37Z,408,2,0,30,0,0,1,1,1,1785030320
2026-07-26T02:29:37Z,409,0,0,23,0,0,1,1,1,1785030964
2026-07-26T02:29:37Z,413,19,1,4,0,0,1,1,1,1785032154
2026-07-26T02:29:37Z,414,7,0,7,1,0,1,1,1,1785032678
2026-07-26T02:29:37Z,417,6,6,13,0,0,1,1,1,1785032143
2026-07-26T02:29:37Z,418,6,0,9,0,0,1,1,1,1785031882
2026-07-26T02:29:37Z,419,16,0,6,1,0,1,1,1,1785032697
2026-07-26T02:29:37Z,421,9,0,10,0,0,1,1,1,1785032395
2026-07-26T02:29:37Z,422,16,0,11,0,0,1,1,1,1785032589
2026-07-26T02:29:37Z,423,4,0,16,3,0,1,1,1,1785032723
2026-07-26T02:29:37Z,424,8,2,5,2,0,1,1,1,1785032499
2026-07-26T02:29:37Z,425,17,3,2,3,0,1,1,1,1785032971
2026-07-26T02:29:37Z,426,0,0,36,1,0,1,1,1,1785028061
2026-07-26T02:29:37Z,427,13,1,1,1,0,1,1,1,1785032841
2026-07-26T02:29:37Z,428,10,0,8,1,0,1,1,1,1785032660
2026-07-26T02:29:37Z,429,12,7,10,1,0,1,1,1,1785032411
2026-07-26T02:29:37Z,430,27,0,2,2,0,1,1,1,1785032950
2026-07-26T02:29:37Z,431,7,0,24,2,0,1,1,1,1785028455
2026-07-26T02:29:37Z,432,30,2,0,1,0,1,1,1,1785032862
2026-07-26T02:29:37Z,433,6,1,16,1,0,1,1,1,1785031828
2026-07-26T02:29:37Z,437,1,0,17,1,0,1,1,1,1785032492
2026-07-26T02:29:37Z,438,4,1,12,3,0,1,1,1,1785032871
2026-07-26T02:29:37Z,439,10,3,3,2,0,1,1,1,1785032444
2026-07-26T02:29:37Z,440,13,0,0,2,0,1,1,1,1785028604
2026-07-26T02:29:37Z,441,10,2,2,3,0,1,1,1,1785032435
2026-07-26T02:29:37Z,442,0,0,19,0,0,1,1,1,1785030695
2026-07-26T02:29:37Z,443,4,1,23,0,0,1,1,1,1785030104
2026-07-26T02:29:37Z,444,1,0,22,0,0,1,1,1,1785032510
2026-07-26T02:29:37Z,445,4,3,18,0,1,1,1,1,1785032888
2026-07-26T02:29:37Z,446,9,3,14,0,0,1,1,1,1785032590
2026-07-26T02:29:37Z,447,7,1,14,1,1,1,1,1,1785031519
2026-07-26T02:29:37Z,448,12,2,1,1,1,1,1,1,1785019084
2026-07-26T02:29:37Z,452,7,0,11,1,0,1,1,1,1785032694
2026-07-26T02:29:37Z,453,7,5,7,1,0,1,1,1,1785032731
2026-07-26T02:29:37Z,454,10,2,9,0,0,1,1,1,1785032874
2026-07-26T02:29:37Z,455,9,6,29,1,0,1,1,1,1785029122
2026-07-26T02:29:37Z,456,12,1,7,1,0,1,1,1,1785032884
2026-07-26T02:29:37Z,457,6,1,20,1,0,1,1,1,1785032575
2026-07-26T02:29:37Z,458,8,4,13,2,0,1,1,1,1785032914
2026-07-26T02:29:37Z,459,7,1,7,1,0,1,1,1,1785031914
2026-07-26T02:29:37Z,460,1,0,22,0,0,1,1,1,1785032889
2026-07-26T02:29:37Z,461,16,2,2,1,0,1,1,1,1785032851
2026-07-26T02:29:37Z,462,5,1,15,1,0,1,1,1,1785032713
2026-07-26T02:29:37Z,463,10,2,9,0,0,1,1,1,1785031106
2026-07-26T02:29:37Z,464,4,1,9,1,0,1,1,1,1785032175
2026-07-26T02:29:37Z,465,6,2,8,1,0,1,1,1,1785032920
2026-07-26T02:29:37Z,466,1,0,6,8,0,1,1,1,1785027336
2026-07-26T02:29:37Z,467,5,0,8,2,0,1,1,1,1785032315
2026-07-26T02:29:37Z,468,3,1,14,2,0,1,1,1,1785032601
2026-07-26T02:29:37Z,469,0,0,23,0,0,1,1,1,1785030230
2026-07-26T02:29:37Z,470,5,1,9,1,0,1,1,1,1785032600
2026-07-26T02:29:37Z,471,8,0,18,1,0,1,1,1,1785032970
2026-07-26T02:29:37Z,472,5,0,11,3,0,1,1,1,1785032800
2026-07-26T02:29:37Z,473,12,2,5,2,0,1,1,1,1785032580
2026-07-26T02:29:37Z,474,15,2,4,0,0,1,1,1,1785032646
2026-07-26T02:29:37Z,475,2,0,16,1,0,1,1,1,1785031329
2026-07-26T02:29:37Z,476,4,2,10,8,0,1,1,1,1785032809
2026-07-26T02:29:37Z,477,1,0,14,0,0,1,1,1,1785032939
2026-07-26T02:29:37Z,478,14,2,16,1,0,1,1,1,1785032840
2026-07-26T02:29:37Z,479,20,1,5,2,0,1,1,1,1785032778
2026-07-26T02:29:37Z,480,12,4,1,2,0,1,1,1,1785032867
2026-07-26T02:29:37Z,481,1,1,33,1,0,1,1,1,1785032798
2026-07-26T02:29:37Z,482,9,0,9,1,0,1,1,1,1785032706
2026-07-26T02:29:37Z,483,23,2,2,2,0,1,1,1,1785032964
2026-07-26T02:29:37Z,484,4,0,14,1,0,1,1,1,1785030180
2026-07-26T02:29:37Z,485,10,2,6,3,0,1,1,1,1785031496
2026-07-26T02:29:37Z,486,13,0,12,2,0,1,1,1,1785032848
2026-07-26T02:29:37Z,487,3,3,14,2,0,1,1,1,1785032886
2026-07-26T02:29:37Z,489,4,0,9,2,0,1,1,1,1785032826
2026-07-26T02:29:37Z,490,13,1,0,3,0,1,1,1,1785032968
2026-07-26T02:29:37Z,491,12,2,9,0,0,1,1,1,1785032502
2026-07-26T02:29:37Z,492,2,2,6,3,0,1,1,1,1785032972
2026-07-26T02:29:37Z,493,0,0,27,0,0,1,1,1,1785022861
2026-07-26T02:29:37Z,495,9,4,4,2,0,1,1,1,1785032972
2026-07-26T02:29:37Z,496,3,0,24,0,0,1,1,1,1785032629
2026-07-26T02:29:37Z,497,13,3,6,0,0,1,1,1,1785032397
2026-07-26T02:29:37Z,498,21,6,2,0,0,1,1,1,1785032830
2026-07-26T02:29:37Z,499,10,0,9,0,0,1,1,1,1785032582
2026-07-26T02:29:37Z,500,10,2,5,0,0,1,1,1,1785032812
2026-07-26T02:29:37Z,501,3,1,16,2,0,1,1,1,1785032850
2026-07-26T02:29:37Z,502,2,0,17,0,0,1,1,1,1785027486
2026-07-26T02:29:37Z,503,10,3,20,1,0,1,1,1,1785032686
2026-07-26T02:29:37Z,504,1,0,38,0,0,1,1,1,1785032601
2026-07-26T02:29:37Z,505,0,0,10,2,0,1,1,1,1785030366
2026-07-26T02:29:37Z,511,4,0,18,1,0,1,1,1,1785031810
2026-07-26T02:29:37Z,512,11,1,16,0,0,1,1,1,1785032747
2026-07-26T02:29:37Z,514,2,0,8,1,0,1,1,1,1785030686
2026-07-26T02:29:37Z,515,11,1,6,2,0,1,1,1,1785032233
2026-07-26T02:29:37Z,516,24,1,2,1,0,1,1,1,1785032709
2026-07-26T02:29:37Z,517,18,7,4,1,0,1,1,1,1785032325
2026-07-26T02:29:37Z,518,3,2,10,2,0,1,1,1,1785030991
2026-07-26T02:29:37Z,519,18,3,1,0,0,1,1,1,1785032490
2026-07-26T02:29:37Z,520,19,2,6,2,0,1,1,1,1785032832
2026-07-26T02:29:37Z,521,5,1,18,0,0,1,1,1,1785031992
2026-07-26T02:29:37Z,522,18,2,5,0,0,1,1,1,1785032961
2026-07-26T02:29:37Z,523,7,0,16,0,0,1,1,1,1785029241
2026-07-26T02:29:37Z,524,23,3,0,0,0,1,1,1,1785032775
2026-07-26T02:29:37Z,525,14,2,5,0,0,1,1,1,1785032820
2026-07-26T02:29:37Z,526,6,2,7,2,0,1,1,1,1785031488
2026-07-26T02:29:37Z,527,4,2,21,1,0,1,1,1,1785032915
2026-07-26T02:29:37Z,528,7,0,16,0,0,1,1,1,1785027945
2026-07-26T02:29:37Z,529,5,2,8,6,0,1,1,1,1785032968
2026-07-26T02:29:37Z,530,19,3,0,2,0,1,1,1,1785032771
2026-07-26T02:29:37Z,531,16,1,6,1,0,1,1,1,1785032911
2026-07-26T02:29:37Z,532,15,6,13,2,1,1,1,1,1785031254
2026-07-26T02:29:37Z,533,9,0,9,1,0,1,1,1,1785032933
2026-07-26T02:29:37Z,534,6,2,16,1,0,1,1,1,1785032850
2026-07-26T02:29:37Z,535,0,0,15,0,0,1,1,1,1785028137
2026-07-26T02:29:37Z,536,14,3,9,0,0,1,1,1,1785032519
2026-07-26T02:29:37Z,537,1,1,20,0,0,1,1,1,1785031422
2026-07-26T02:29:37Z,538,9,0,7,7,0,1,1,1,1785032888
2026-07-26T02:29:37Z,539,11,1,19,1,0,1,1,1,1785032044
2026-07-26T02:29:37Z,540,3,1,16,0,0,1,1,1,1785031906
2026-07-26T02:29:37Z,541,7,1,20,0,0,1,1,1,1785032962
2026-07-26T02:29:37Z,542,2,1,21,0,0,1,1,1,1785032837
2026-07-26T02:29:37Z,543,11,2,8,0,0,1,1,1,1785031963
2026-07-26T02:29:37Z,544,3,2,17,2,0,1,1,1,1785032162
2026-07-26T02:29:37Z,545,13,4,3,3,0,1,1,1,1785032857
2026-07-26T02:29:37Z,546,5,2,14,0,0,1,1,1,1785032920
2026-07-26T02:29:37Z,547,10,3,15,0,0,1,1,1,1785032703
2026-07-26T02:29:37Z,548,5,0,18,0,0,1,1,1,1785030753
2026-07-26T02:29:37Z,549,17,3,4,2,0,1,1,1,1785032695
2026-07-26T02:29:37Z,550,18,2,1,0,0,1,1,1,1785032732
2026-07-26T02:29:37Z,551,17,6,5,1,0,1,1,1,1785032851
2026-07-26T02:29:37Z,552,6,4,21,0,0,1,1,1,1785032454
2026-07-26T02:29:37Z,553,11,1,10,2,0,1,1,1,1785032972
2026-07-26T02:29:37Z,554,7,3,11,1,0,1,1,1,1785032664
2026-07-26T02:29:37Z,555,14,4,0,1,0,1,1,1,1785031613
2026-07-26T02:29:37Z,556,11,0,10,2,0,1,1,1,1785032972
2026-07-26T02:29:37Z,557,0,0,23,0,0,1,1,1,1785030719
2026-07-26T02:29:37Z,558,24,4,13,0,0,1,1,1,1785032911
2026-07-26T02:29:37Z,559,1,0,17,1,0,1,1,1,1785027034
2026-07-26T02:29:37Z,560,16,0,10,1,0,1,1,1,1785032634
2026-07-26T02:29:37Z,561,12,0,8,3,0,1,1,1,1785032836
2026-07-26T02:29:37Z,562,14,0,15,6,0,1,1,1,1785032961
2026-07-26T02:29:37Z,563,10,0,4,0,0,1,1,1,1785032804
2026-07-26T02:29:37Z,564,11,1,8,0,0,1,1,1,1785032403
2026-07-26T02:29:37Z,565,15,3,3,1,0,1,1,1,1785032937
2026-07-26T02:29:37Z,566,2,0,16,1,0,1,1,1,1785032896
2026-07-26T02:29:37Z,567,25,0,0,2,0,1,1,1,1785032723
2026-07-26T02:29:37Z,568,7,1,12,0,0,1,1,1,1785032734
2026-07-26T02:29:37Z,569,5,1,14,0,0,1,1,1,1785031838
2026-07-26T02:29:37Z,570,6,0,12,1,0,1,1,1,1785032906
2026-07-26T02:29:37Z,571,22,0,0,1,0,1,1,1,1785028495
2026-07-26T02:29:37Z,572,0,0,17,2,0,1,1,1,1785032906
2026-07-26T02:29:37Z,573,6,0,9,0,0,1,1,1,1785032967
2026-07-26T02:29:37Z,574,4,2,11,0,0,1,1,1,1785030292
2026-07-26T02:29:37Z,575,5,0,15,1,0,1,1,1,1785032525
2026-07-26T02:29:37Z,576,2,1,17,0,0,1,1,1,1785024784
2026-07-26T02:29:37Z,577,7,0,24,0,0,1,1,1,1785032111
2026-07-26T02:29:37Z,578,17,6,5,1,0,1,1,1,1785032780
2026-07-26T02:29:37Z,579,21,0,21,1,0,1,1,1,1785032669
2026-07-26T02:29:37Z,580,26,3,3,0,0,1,1,1,1785032956
2026-07-26T02:29:37Z,581,14,1,5,0,0,1,1,1,1785032853
2026-07-26T02:29:37Z,582,14,0,46,1,0,1,1,1,1785032945
2026-07-26T02:29:37Z,583,18,3,4,1,0,1,1,1,1785032886
2026-07-26T02:29:37Z,584,7,6,6,6,0,1,1,1,1785032535
2026-07-26T02:29:37Z,585,23,0,3,0,0,1,1,1,1785032728
2026-07-26T02:29:37Z,586,25,3,10,0,0,1,1,1,1785032507
2026-07-26T02:29:37Z,587,22,1,1,1,0,1,1,1,1785032964
2026-07-26T02:29:37Z,588,0,0,19,0,0,1,1,1,1785032895
2026-07-26T02:29:37Z,589,2,2,21,0,0,1,1,1,1785031309
2026-07-26T02:29:37Z,590,0,0,31,0,0,1,1,1,1785032967
2026-07-26T02:29:37Z,591,25,0,3,2,0,1,1,1,1785032330
2026-07-26T02:29:37Z,592,11,0,12,0,0,1,1,1,1785032835
2026-07-26T02:29:37Z,593,10,0,28,0,0,1,1,1,1785031941
2026-07-26T02:29:37Z,594,19,0,2,0,0,1,1,1,1785032973
2026-07-26T02:29:37Z,595,0,0,3,0,0,0,1,1,1784046673
2026-07-26T02:29:37Z,605,0,0,2,1,0,0,1,1,1783975843
2026-07-26T02:29:37Z,606,0,0,0,0,0,0,1,1,86400
2026-07-26T02:29:37Z,607,3,0,29,1,0,1,1,1,1785032834
2026-07-26T02:29:37Z,609,7,2,15,1,0,1,1,1,1785032759
2026-07-26T02:29:37Z,610,3,2,32,0,0,1,1,1,1785032232
2026-07-26T02:29:37Z,611,19,1,8,0,0,1,1,1,1785032946
2026-07-26T02:29:37Z,612,11,2,4,0,0,1,1,1,1785031000
2026-07-26T02:29:37Z,613,8,1,7,0,0,1,1,1,1785020703
2026-07-26T02:29:37Z,614,3,3,22,1,1,1,1,1,1785032494
2026-07-26T02:29:37Z,617,10,4,4,1,0,1,1,1,1785032759
2026-07-26T02:29:37Z,618,14,3,2,3,0,1,1,1,1785032838
2026-07-26T02:29:37Z,619,6,0,13,0,0,1,1,1,1785032935
2026-07-26T02:29:37Z,620,13,1,14,0,0,1,1,1,1785032616
2026-07-26T02:29:37Z,621,21,7,2,0,0,1,1,1,1785032751
2026-07-26T02:29:37Z,622,11,1,10,1,1,1,1,1,1785032930
2026-07-26T02:29:37Z,623,18,3,12,0,0,1,1,1,1785031771
2026-07-26T02:29:37Z,624,9,1,6,0,0,1,1,1,1785032312
2026-07-26T02:29:37Z,625,5,2,14,2,0,1,1,1,1785032968
2026-07-26T02:29:37Z,626,3,0,42,0,0,1,1,1,1785032763
2026-07-26T02:29:37Z,627,19,6,0,0,0,1,1,1,1785029813
2026-07-26T02:29:37Z,628,8,6,5,5,1,1,1,1,1785032922
2026-07-26T02:29:37Z,629,2,2,9,0,0,1,1,1,1785031788
2026-07-26T02:29:37Z,630,18,7,6,3,0,1,1,1,1785032926
2026-07-26T02:29:37Z,631,4,3,18,1,0,1,1,1,1785032218
2026-07-26T02:29:37Z,632,16,7,4,3,0,1,1,1,1785032662
2026-07-26T02:29:37Z,633,11,5,0,4,0,1,1,1,1785032649
2026-07-26T02:29:37Z,634,8,2,11,0,0,1,1,1,1785028339
2026-07-26T02:29:37Z,635,15,1,3,1,0,1,1,1,1785032867
2026-07-26T02:29:37Z,636,12,0,2,1,0,1,1,1,1785026112
2026-07-26T02:29:37Z,637,8,1,10,1,0,1,1,1,1785031160
2026-07-26T02:29:37Z,638,13,2,4,2,0,1,1,1,1785032938
2026-07-26T02:29:37Z,639,1,0,18,0,0,1,1,1,1785031953
2026-07-26T02:29:37Z,640,10,4,13,0,0,1,1,1,1785032738
2026-07-26T02:29:37Z,641,22,3,3,1,0,1,1,1,1785032971
2026-07-26T02:29:37Z,642,0,0,13,6,0,1,1,1,1785032969
2026-07-26T02:29:37Z,643,1,0,26,0,0,1,1,1,1785030826
2026-07-26T02:29:37Z,644,5,2,10,0,0,1,1,1,1785030685
2026-07-26T02:29:37Z,645,5,1,16,1,1,1,1,1,1785030636
2026-07-26T02:29:37Z,646,9,1,10,0,0,1,1,1,1785031336
2026-07-26T02:29:37Z,647,25,0,5,1,0,1,1,1,1785032910
2026-07-26T02:29:37Z,648,5,0,12,2,0,1,1,1,1785032907
2026-07-26T02:29:37Z,649,14,0,17,0,0,1,1,1,1785031386
2026-07-26T02:29:37Z,650,11,4,2,1,0,1,1,1,1785028022
2026-07-26T02:29:37Z,651,0,0,22,1,0,1,1,1,1785030878
2026-07-26T02:29:37Z,652,3,2,17,3,0,1,1,1,1785032826
2026-07-26T02:29:37Z,653,2,0,12,5,0,1,1,1,1785032751
2026-07-26T02:29:37Z,654,2,1,13,0,0,1,1,1,1785032796
2026-07-26T02:29:37Z,655,5,1,3,4,1,1,1,1,1785032829
2026-07-26T02:29:37Z,656,16,4,2,1,0,1,1,1,1785032949
2026-07-26T02:29:37Z,657,0,0,12,4,1,1,1,1,1785032695
2026-07-26T02:29:37Z,658,9,3,5,5,1,1,1,1,1785032872
2026-07-26T02:29:37Z,659,2,1,9,4,0,1,1,1,1785029361
2026-07-26T02:29:37Z,660,22,7,5,4,0,1,1,1,1785032701
2026-07-26T02:29:37Z,661,13,0,5,1,0,1,1,1,1785032332
2026-07-26T02:29:37Z,662,6,2,16,1,0,1,1,1,1785032266
2026-07-26T02:29:37Z,663,3,0,12,0,0,1,1,1,1785032692
2026-07-26T02:29:37Z,664,2,2,25,0,0,1,1,1,1785032171
2026-07-26T02:29:37Z,665,5,4,9,1,0,1,1,1,1785031586
2026-07-26T02:29:37Z,666,11,4,2,2,0,1,1,1,1785028057
2026-07-26T02:29:37Z,667,9,0,8,0,0,1,1,1,1785032903
2026-07-26T02:29:37Z,668,4,0,13,2,0,1,1,1,1785030765
2026-07-26T02:29:37Z,669,9,2,4,1,0,1,1,1,1785031951
2026-07-26T02:29:37Z,670,0,0,25,2,0,1,1,1,1785032200
2026-07-26T02:29:37Z,671,12,2,13,2,0,1,1,1,1785032822
2026-07-26T02:29:37Z,672,11,0,7,4,1,1,1,1,1785032371
2026-07-26T02:29:37Z,673,14,1,8,1,0,1,1,1,1785032125
2026-07-26T02:29:37Z,674,0,0,20,3,0,1,1,1,1785032812
2026-07-26T02:29:37Z,675,11,5,1,3,0,1,1,1,1785032468
2026-07-26T02:29:37Z,676,20,0,2,0,0,1,1,1,1785032839
2026-07-26T02:29:37Z,681,7,0,7,1,0,1,1,1,1785032649
2026-07-26T02:29:37Z,682,5,0,14,0,0,1,1,1,1785029713
2026-07-26T02:29:37Z,683,16,8,3,0,0,1,1,1,1785021845
2026-07-26T02:29:37Z,684,5,0,22,0,0,1,1,1,1785023981
2026-07-26T02:29:37Z,685,23,4,1,2,1,1,1,1,1785032571
2026-07-26T02:29:37Z,686,2,1,23,1,1,1,1,1,1785032828
2026-07-26T02:29:37Z,687,7,1,22,1,1,1,1,1,1785032904
2026-07-26T02:29:37Z,688,15,4,1,3,0,1,1,1,1785032784
2026-07-26T02:29:37Z,692,0,0,21,0,0,1,1,1,1785031879
2026-07-26T02:29:37Z,693,3,0,5,3,0,1,1,1,1785032666
2026-07-26T02:29:37Z,694,6,0,14,0,0,1,1,1,1785032201
2026-07-26T02:29:37Z,695,14,8,9,0,0,1,1,1,1785032887
2026-07-26T02:29:37Z,696,20,4,2,1,0,1,1,1,1785032418
2026-07-26T02:29:37Z,697,11,5,11,1,0,1,1,1,1785032869
2026-07-26T02:29:37Z,698,22,8,5,0,0,1,1,1,1785032933
2026-07-26T02:29:37Z,699,3,1,11,1,0,1,1,1,1785032139
2026-07-26T02:29:37Z,700,3,1,14,2,0,1,1,1,1785032905
2026-07-26T02:29:37Z,701,16,3,3,0,0,1,1,1,1785032931
2026-07-26T02:29:37Z,702,13,3,9,1,0,1,1,1,1785032880
2026-07-26T02:29:37Z,704,12,0,3,0,0,1,1,1,1785032834
2026-07-26T02:29:37Z,705,1,0,14,0,0,1,1,1,1785032953
2026-07-26T02:29:37Z,706,10,7,4,1,0,1,1,1,1785032961
2026-07-26T02:29:37Z,707,9,1,6,0,0,1,1,1,1785032743
2026-07-26T02:29:37Z,708,7,1,11,1,0,1,1,1,1785032737
2026-07-26T02:29:37Z,709,4,2,10,1,0,1,1,1,1785032819
2026-07-26T02:29:37Z,710,6,2,13,0,0,1,1,1,1785032468
2026-07-26T02:29:37Z,711,12,1,3,4,0,1,1,1,1785032447
2026-07-26T02:29:37Z,712,4,1,10,1,0,1,1,1,1785032844
2026-07-26T02:29:37Z,713,5,1,18,0,0,1,1,1,1785032274
2026-07-26T02:29:37Z,716,1,0,14,0,0,1,1,1,1785031763
2026-07-26T02:29:37Z,717,7,6,15,3,0,1,1,1,1785031537
2026-07-26T02:29:37Z,718,3,1,12,0,0,1,1,1,1785032218
2026-07-26T02:29:37Z,719,5,0,24,0,0,1,1,1,1785032329
2026-07-26T02:29:37Z,720,2,2,17,0,0,1,1,1,1785032274
2026-07-26T02:29:37Z,721,11,0,11,1,0,1,1,1,1785032119
2026-07-26T02:29:37Z,722,6,1,9,0,0,1,1,1,1785031879
2026-07-26T02:29:37Z,723,12,1,10,1,0,1,1,1,1785032460
2026-07-26T02:29:37Z,724,13,4,10,0,0,1,1,1,1785032321
2026-07-26T02:29:37Z,725,22,0,0,1,0,1,1,1,1785032670
2026-07-26T02:29:37Z,726,10,0,9,0,0,1,1,1,1785032895
2026-07-26T02:29:37Z,727,13,7,9,1,0,1,1,1,1785032014
2026-07-26T02:29:37Z,728,10,2,4,1,0,1,1,1,1785032751
2026-07-26T02:29:37Z,729,14,2,5,0,0,1,1,1,1785032826
2026-07-26T02:29:37Z,730,4,3,11,0,0,1,1,1,1785031380
2026-07-26T02:29:37Z,731,5,1,10,0,0,1,1,1,1785032719
2026-07-26T02:29:37Z,732,2,1,13,0,0,1,1,1,1785032738
2026-07-26T02:29:37Z,733,13,0,14,0,0,1,1,1,1785032966
2026-07-26T02:29:37Z,734,4,4,10,0,0,1,1,1,1785032028
2026-07-26T02:29:37Z,735,0,0,27,0,0,1,1,1,1785031279
2026-07-26T02:29:37Z,736,17,4,2,0,0,1,1,1,1785032337
2026-07-26T02:29:37Z,737,8,0,7,0,0,1,1,1,1785032367
2026-07-26T02:29:37Z,738,6,4,13,0,0,1,1,1,1785032164
2026-07-26T02:29:37Z,739,14,0,12,1,0,1,1,1,1785032004
2026-07-26T02:29:37Z,741,6,2,15,2,0,1,1,1,1785032124
2026-07-26T02:29:37Z,742,34,6,4,1,0,1,1,1,1785032964
2026-07-26T02:29:37Z,743,8,1,11,0,0,1,1,1,1785032032
2026-07-26T02:29:37Z,744,5,2,10,0,0,1,1,1,1785031989
2026-07-26T02:29:37Z,745,11,2,8,0,0,1,1,1,1785032464
2026-07-26T02:29:37Z,746,5,0,18,0,0,1,1,1,1785032829
2026-07-26T02:29:37Z,747,0,0,4,0,0,0,1,1,1783446606
2026-07-26T02:29:37Z,748,7,2,13,0,0,1,1,1,1785032818
2026-07-26T02:29:37Z,749,1,0,22,0,0,1,1,1,1785031750
2026-07-26T02:29:37Z,750,2,0,7,2,0,1,1,1,1785032898
2026-07-26T02:29:37Z,751,1,1,22,0,0,1,1,1,1785032755
2026-07-26T02:29:37Z,752,0,0,16,1,0,1,1,1,1785031137
2026-07-26T02:29:37Z,753,1,0,14,0,0,1,1,1,1785031731
2026-07-26T02:29:37Z,754,0,0,15,0,0,1,1,1,1785032591
2026-07-26T02:29:37Z,755,2,1,21,0,0,1,1,1,1785032859
2026-07-26T02:29:37Z,756,3,2,35,0,0,1,1,1,1785032627
2026-07-26T02:29:37Z,757,3,0,16,0,0,1,1,1,1785032444
2026-07-26T02:29:37Z,758,12,5,10,1,0,1,1,1,1785032842
2026-07-26T02:29:37Z,759,6,3,9,0,0,1,1,1,1785032914
2026-07-26T02:29:37Z,760,3,0,16,0,0,1,1,1,1785027466
2026-07-26T02:29:37Z,761,4,2,18,1,0,1,1,1,1785032938
2026-07-26T02:29:37Z,762,2,0,9,4,0,1,1,1,1785032124
2026-07-26T02:29:37Z,768,11,4,8,0,0,1,1,1,1785031294
2026-07-26T02:29:37Z,769,6,4,12,1,0,1,1,1,1785032643
2026-07-26T02:29:37Z,770,6,2,12,0,1,1,1,1,1785032695
2026-07-26T02:29:37Z,771,7,4,8,0,0,1,1,1,1785032594
2026-07-26T02:29:37Z,772,6,2,9,0,0,1,1,1,1785032899
2026-07-26T02:29:37Z,773,9,2,9,1,0,1,1,1,1785031739
2026-07-26T02:29:37Z,774,7,3,7,1,0,1,1,1,1785032935
2026-07-26T02:29:37Z,775,3,0,14,2,0,1,1,1,1785031993
2026-07-26T02:29:37Z,776,5,0,15,1,0,1,1,1,1785031812
2026-07-26T02:29:37Z,777,3,1,10,2,0,1,1,1,1785031842
2026-07-26T02:29:37Z,778,10,4,7,2,0,1,1,1,1785032018
2026-07-26T02:29:37Z,779,6,1,13,0,0,1,1,1,1785032523
2026-07-26T02:29:37Z,780,2,2,16,1,0,1,1,1,1785032717
2026-07-26T02:29:37Z,781,3,1,7,1,0,1,1,1,1785032644
2026-07-26T02:29:37Z,782,8,1,9,2,0,1,1,1,1785032059
2026-07-26T02:29:37Z,783,7,1,10,2,0,1,1,1,1785031179
2026-07-26T02:29:37Z,784,9,2,10,0,0,1,1,1,1785031775
2026-07-26T02:29:37Z,785,4,2,11,4,0,1,1,1,1785032901
2026-07-26T02:29:37Z,786,14,0,4,1,0,1,1,1,1785031500
2026-07-26T02:29:37Z,787,3,0,12,0,0,1,1,1,1785032241
2026-07-26T02:29:37Z,788,6,1,9,0,0,1,1,1,1785032254
2026-07-26T02:29:37Z,789,9,2,3,3,0,1,1,1,1785032925
2026-07-26T02:29:37Z,790,6,1,17,0,0,1,1,1,1785032091
2026-07-26T02:29:37Z,791,5,1,13,0,1,1,1,1,1785032401
2026-07-26T02:29:37Z,793,5,0,9,1,0,1,1,1,1785031364
2026-07-26T02:29:37Z,794,10,5,18,1,0,1,1,1,1785032900
2026-07-26T02:29:37Z,796,4,1,13,2,0,1,1,1,1785031965
2026-07-26T02:29:37Z,797,13,5,2,0,0,1,1,1,1785031318
2026-07-26T02:29:37Z,798,4,0,20,1,0,1,1,1,1785032348
2026-07-26T02:29:37Z,799,12,1,4,3,0,1,1,1,1785031940
2026-07-26T02:29:37Z,800,7,0,12,2,0,1,1,1,1785032855
2026-07-26T02:29:37Z,801,3,0,18,0,0,1,1,1,1785032114
2026-07-26T02:29:37Z,802,11,0,19,1,0,1,1,1,1785032693
2026-07-26T02:29:37Z,803,6,1,8,1,0,1,1,1,1785032230
2026-07-26T02:29:37Z,806,1,1,12,2,0,1,1,1,1785032655
2026-07-26T02:29:37Z,807,5,5,19,1,0,1,1,1,1785031361
2026-07-26T02:29:37Z,808,13,0,11,1,0,1,1,1,1785032430
2026-07-26T02:29:37Z,809,5,2,18,0,0,1,1,1,1785031586
2026-07-26T02:29:37Z,810,10,5,7,2,0,1,1,1,1785032858
2026-07-26T02:29:37Z,815,5,1,8,1,1,1,1,1,1785032483
2026-07-26T02:29:37Z,817,1,0,9,5,0,1,1,1,1785032231
2026-07-26T02:29:37Z,818,7,1,16,0,0,1,1,1,1785031661
2026-07-26T02:29:37Z,819,8,0,7,0,0,1,1,1,1785032886
2026-07-26T02:29:37Z,820,14,3,3,0,0,1,1,1,1785031953
2026-07-26T02:29:37Z,821,6,2,9,0,0,1,1,1,1785031167
2026-07-26T02:29:37Z,822,23,1,0,0,0,1,1,1,1785032938
2026-07-26T02:29:37Z,823,14,6,0,1,0,1,1,1,1785032423
2026-07-26T02:29:37Z,824,17,15,1,1,0,1,1,1,1785032958
2026-07-26T02:29:37Z,825,9,1,6,0,0,1,1,1,1785032354
2026-07-26T02:29:37Z,826,13,0,4,2,0,1,1,1,1785032441
2026-07-26T02:29:37Z,827,14,3,5,2,0,1,1,1,1785031943
2026-07-26T02:29:37Z,828,15,12,1,2,0,1,1,1,1785031457
2026-07-26T02:29:37Z,829,17,4,10,0,0,1,1,1,1785031986
2026-07-26T02:29:37Z,830,14,2,9,0,0,1,1,1,1785032667
2026-07-26T02:29:37Z,831,9,1,6,0,0,1,1,1,1785032540
2026-07-26T02:29:37Z,832,10,1,6,2,0,1,1,1,1785031687
2026-07-26T02:29:37Z,833,13,4,5,1,0,1,1,1,1785032328
2026-07-26T02:29:37Z,834,2,2,21,0,1,1,1,1,1785032678
2026-07-26T02:29:37Z,835,4,4,12,2,0,1,1,1,1785032771
2026-07-26T02:29:37Z,837,6,5,1,8,0,1,1,1,1785032083
2026-07-26T02:29:37Z,838,4,1,11,0,0,1,1,1,1785032539
2026-07-26T02:29:37Z,839,9,0,20,0,0,1,1,1,1785032791
2026-07-26T02:29:37Z,840,5,3,21,3,0,1,1,1,1785032136
2026-07-26T02:29:37Z,841,2,0,13,0,0,1,1,1,1785032575
2026-07-26T02:29:37Z,842,20,3,3,0,0,1,1,1,1785032834
2026-07-26T02:29:37Z,843,4,0,27,0,0,1,1,1,1785031567
2026-07-26T02:29:37Z,844,5,1,17,1,0,1,1,1,1785031885
2026-07-26T02:29:37Z,845,2,1,17,0,0,1,1,1,1785031743
2026-07-26T02:29:37Z,846,6,3,13,0,0,1,1,1,1785032515
2026-07-26T02:29:37Z,847,14,2,13,0,0,1,1,1,1785032048
2026-07-26T02:29:37Z,848,3,0,14,2,0,1,1,1,1785031976
2026-07-26T02:29:37Z,849,9,3,6,0,0,1,1,1,1785032784
2026-07-26T02:29:37Z,850,8,0,1,2,0,1,1,1,1785032277
2026-07-26T02:29:37Z,851,7,6,25,5,0,1,1,1,1785032882
2026-07-26T02:29:37Z,852,4,1,15,0,0,1,1,1,1785031955
2026-07-26T02:29:37Z,853,9,3,14,0,0,1,1,1,1785031683
2026-07-26T02:29:37Z,854,10,2,5,0,0,1,1,1,1785032839
2026-07-26T02:29:37Z,855,19,0,6,2,0,1,1,1,1785031811
2026-07-26T02:29:37Z,857,2,1,17,0,0,1,1,1,1785031994
2026-07-26T02:29:37Z,858,1,1,17,1,0,1,1,1,1785032203
2026-07-26T02:29:37Z,859,12,2,8,1,0,1,1,1,1785032268
2026-07-26T02:29:37Z,861,4,1,6,1,0,1,1,1,1785028855
2026-07-26T02:29:37Z,862,4,3,10,1,0,1,1,1,1785032459
2026-07-26T02:29:37Z,863,5,0,12,2,0,1,1,1,1785022765
2026-07-26T02:29:37Z,866,4,0,15,0,0,1,1,1,1785031871
2026-07-26T02:29:37Z,867,6,0,9,0,0,1,1,1,1785032197
2026-07-26T02:29:37Z,868,7,1,8,0,0,1,1,1,1785032625
2026-07-26T02:29:37Z,870,4,2,11,0,0,1,1,1,1785032131
2026-07-26T02:29:37Z,871,1,0,9,1,0,1,1,1,1785032039
2026-07-26T02:29:37Z,872,6,1,9,0,0,1,1,1,1785032048
2026-07-26T02:29:37Z,873,1,0,32,0,0,1,1,1,1785032909
2026-07-26T02:29:37Z,874,9,2,4,2,0,1,1,1,1785032578
2026-07-26T02:29:37Z,875,11,9,4,0,0,1,1,1,1785032492
2026-07-26T02:29:37Z,877,13,11,4,2,0,1,1,1,1785032845
2026-07-26T02:29:37Z,878,6,5,13,0,0,1,1,1,1785032816
2026-07-26T02:29:37Z,879,2,0,17,0,0,1,1,1,1785032491
2026-07-26T02:29:37Z,880,0,0,23,0,0,1,1,1,1785031424
2026-07-26T02:29:37Z,881,3,0,14,2,0,1,1,1,1785032233
2026-07-26T02:29:37Z,882,12,5,5,2,0,1,1,1,1785031782
2026-07-26T02:29:37Z,883,11,5,8,0,0,1,1,1,1785032312
2026-07-26T02:29:37Z,884,5,0,16,0,0,1,1,1,1785032356
2026-07-26T02:29:37Z,885,4,0,14,1,0,1,1,1,1785032887
2026-07-26T02:29:37Z,886,2,1,24,3,0,1,1,1,1785032791
2026-07-26T02:29:37Z,887,1,0,14,2,0,1,1,1,1785032936
2026-07-26T02:29:37Z,888,24,0,15,2,0,1,1,1,1785032821
2026-07-26T02:29:37Z,889,2,0,15,2,0,1,1,1,1785032686
2026-07-26T02:29:37Z,890,4,1,11,0,0,1,1,1,1785029507
2026-07-26T02:29:37Z,891,6,0,16,1,0,1,1,1,1785032218
2026-07-26T02:29:37Z,892,12,1,2,1,0,1,1,1,1785029050
2026-07-26T02:29:37Z,895,1,0,18,0,0,1,1,1,1785024535
2026-07-26T02:29:37Z,896,10,1,24,1,0,1,1,1,1785032394
2026-07-26T02:29:37Z,897,5,0,16,0,0,1,1,1,1785031356
2026-07-26T02:29:37Z,898,3,0,16,0,0,1,1,1,1785031549
2026-07-26T02:29:37Z,899,16,1,3,0,0,1,1,1,1785032560
2026-07-26T02:29:37Z,900,11,0,16,0,0,1,1,1,1785032869
2026-07-26T02:29:37Z,901,3,0,16,0,0,1,1,1,1785032907
2026-07-26T02:29:37Z,902,13,2,2,0,0,1,1,1,1785031858
2026-07-26T02:29:37Z,903,4,0,15,0,0,1,1,1,1785031659
2026-07-26T02:29:37Z,904,18,5,1,0,0,1,1,1,1785031762
2026-07-26T02:29:37Z,905,4,0,23,0,0,1,1,1,1785032921
2026-07-26T02:29:37Z,906,12,10,15,0,0,1,1,1,1785032963
2026-07-26T02:29:37Z,907,9,0,21,1,0,1,1,1,1785032585
2026-07-26T02:29:37Z,908,8,1,15,0,0,1,1,1,1785031426
2026-07-26T02:29:37Z,909,6,6,17,0,0,1,1,1,1785032900
2026-07-26T02:29:37Z,910,2,2,29,0,0,1,1,1,1785032635
2026-07-26T02:29:37Z,911,4,0,14,1,0,1,1,1,1785031467
2026-07-26T02:29:37Z,912,3,0,15,5,0,1,1,1,1785032968
2026-07-26T02:29:37Z,913,0,0,19,0,0,1,1,1,1785032223
2026-07-26T02:29:37Z,914,14,3,4,1,0,1,1,1,1785032941
2026-07-26T02:29:37Z,915,7,2,15,1,0,1,1,1,1785031516
2026-07-26T02:29:37Z,916,6,1,17,0,0,1,1,1,1785032894
2026-07-26T02:29:37Z,917,31,0,4,0,0,1,1,1,1785032440
2026-07-26T02:29:37Z,918,8,4,10,1,0,1,1,1,1785032720
2026-07-26T02:29:37Z,919,21,0,16,2,0,1,1,1,1785032908
2026-07-26T02:29:37Z,920,6,4,13,0,0,1,1,1,1785032411
2026-07-26T02:29:37Z,921,12,2,9,0,0,1,1,1,1785032339
2026-07-26T02:29:37Z,922,10,0,11,0,0,1,1,1,1785032528
2026-07-26T02:29:37Z,923,11,1,7,1,0,1,1,1,1785032870
2026-07-26T02:29:37Z,924,10,0,11,0,0,1,1,1,1785032887
2026-07-26T02:29:37Z,925,9,2,11,1,0,1,1,1,1785030217
2026-07-26T02:29:37Z,926,3,2,18,0,0,1,1,1,1785032232
2026-07-26T02:29:37Z,927,15,1,20,0,0,1,1,1,1785031245
2026-07-26T02:29:37Z,928,11,1,8,0,0,1,1,1,1785031552
2026-07-26T02:29:37Z,929,9,0,14,0,0,1,1,1,1785032378
2026-07-26T02:29:37Z,930,29,0,1,1,0,1,1,1,1785032624
2026-07-26T02:29:37Z,931,0,0,23,0,0,1,1,1,1785032780
2026-07-26T02:29:37Z,932,16,1,1,2,0,1,1,1,1785032849
2026-07-26T02:29:37Z,933,19,0,3,1,0,1,1,1,1785032943
2026-07-26T02:29:37Z,934,8,1,23,0,0,1,1,1,1785032029
2026-07-26T02:29:37Z,935,8,1,9,2,0,1,1,1,1785032891
2026-07-26T02:29:37Z,936,10,2,9,0,0,1,1,1,1785032972
2026-07-26T02:29:37Z,940,11,1,0,0,0,1,1,1,1785028986
2026-07-26T02:29:37Z,941,2,0,19,4,0,1,1,1,1785032589
2026-07-26T02:29:37Z,942,0,0,21,0,0,1,1,1,1785032550
2026-07-26T02:29:37Z,943,8,7,7,0,0,1,1,1,1785032512
2026-07-26T02:29:37Z,944,10,8,5,0,0,1,1,1,1785032356
2026-07-26T02:29:37Z,945,8,6,7,0,0,1,1,1,1785032070
2026-07-26T02:29:37Z,946,6,4,13,0,0,1,1,1,1785032356
2026-07-26T02:29:37Z,947,9,8,8,0,0,1,1,1,1785031664
2026-07-26T02:29:37Z,948,4,1,25,2,0,1,1,1,1785032817
2026-07-26T02:29:37Z,949,3,1,11,1,0,1,1,1,1785032967
2026-07-26T02:29:37Z,950,0,0,17,0,0,1,1,1,1785032221
2026-07-26T02:29:37Z,951,2,0,19,2,0,1,1,1,1785032376
2026-07-26T02:29:37Z,952,17,2,36,2,0,1,1,1,1785032955
2026-07-26T02:29:37Z,953,13,2,1,1,0,1,1,1,1785031342
2026-07-26T02:29:37Z,954,8,2,11,0,0,1,1,1,1785031732
2026-07-26T02:29:37Z,955,3,1,20,4,0,1,1,1,1785032857
2026-07-26T02:29:37Z,956,7,4,16,0,0,1,1,1,1785032745
2026-07-26T02:29:37Z,957,7,0,21,1,0,1,1,1,1785032780
2026-07-26T02:29:37Z,958,0,0,31,0,0,1,1,1,1785032847
2026-07-26T02:29:37Z,959,0,0,20,3,0,1,1,1,1785032650
2026-07-26T02:29:37Z,960,23,8,0,0,0,1,1,1,1785032220
2026-07-26T02:29:37Z,961,3,0,17,3,0,1,1,1,1785032184
2026-07-26T02:29:37Z,962,8,7,22,4,0,1,1,1,1785031370
2026-07-26T02:29:37Z,963,22,2,1,0,0,1,1,1,1785032599
2026-07-26T02:29:37Z,964,9,3,14,0,0,1,1,1,1785032739
2026-07-26T02:29:37Z,965,5,0,21,1,0,1,1,1,1785032849
2026-07-26T02:29:37Z,966,23,0,7,1,0,1,1,1,1785032844
2026-07-26T02:29:37Z,967,15,1,2,4,0,1,1,1,1785032334
2026-07-26T02:29:37Z,968,2,0,17,0,0,1,1,1,1785032785
2026-07-26T02:29:37Z,969,14,2,12,1,0,1,1,1,1785032409
2026-07-26T02:29:37Z,970,16,3,2,1,0,1,1,1,1785032548
2026-07-26T02:29:37Z,971,16,2,5,2,0,1,1,1,1785032805
2026-07-26T02:29:37Z,972,7,4,15,1,0,1,1,1,1785032826
2026-07-26T02:29:37Z,973,3,2,19,1,0,1,1,1,1785032679
2026-07-26T02:29:37Z,974,4,0,23,0,0,1,1,1,1785031445
2026-07-26T02:29:37Z,977,7,1,14,0,0,1,1,1,1785032954
2026-07-26T02:29:37Z,978,10,2,13,0,0,1,1,1,1785032261
2026-07-26T02:29:37Z,979,2,0,14,1,0,1,1,1,1785032944
2026-07-26T02:29:37Z,980,15,2,6,0,0,1,1,1,1785032720
2026-07-26T02:29:37Z,981,11,0,10,0,0,1,1,1,1785032836
2026-07-26T02:29:37Z,982,6,1,12,1,0,1,1,1,1785031663
2026-07-26T02:29:37Z,983,2,2,20,1,0,1,1,1,1785031583
2026-07-26T02:29:37Z,984,22,1,1,0,0,1,1,1,1785032066
2026-07-26T02:29:37Z,985,6,0,24,1,0,1,1,1,1785032909
2026-07-26T02:29:37Z,986,1,0,18,0,0,1,1,1,1785031689
2026-07-26T02:29:37Z,987,7,0,16,0,0,1,1,1,1785031626
2026-07-26T02:29:37Z,988,5,3,14,0,0,1,1,1,1785031227
2026-07-26T02:29:37Z,989,9,7,10,0,0,1,1,1,1785032537
2026-07-26T02:29:37Z,990,3,0,11,1,0,1,1,1,1785032419
2026-07-26T02:29:37Z,991,10,5,9,0,0,1,1,1,1785031752
2026-07-26T02:29:37Z,992,14,9,9,0,0,1,1,1,1785031777
2026-07-26T02:29:37Z,993,0,0,26,1,0,1,1,1,1785032261
2026-07-26T02:29:37Z,994,0,0,20,1,0,1,1,1,1785031800
2026-07-26T02:29:37Z,995,8,2,19,0,0,1,1,1,1785032796
2026-07-26T02:29:37Z,996,1,0,22,0,0,1,1,1,1785032716
2026-07-26T02:29:37Z,997,17,3,5,1,0,1,1,1,1785032915
2026-07-26T02:29:37Z,998,8,1,15,0,0,1,1,1,1785031410
2026-07-26T02:29:37Z,999,7,6,10,4,0,1,1,1,1785032950
2026-07-26T02:29:37Z,1000,2,0,19,0,0,1,1,1,1785032336
2026-07-26T02:29:37Z,1001,3,1,23,1,0,1,1,1,1785032934
2026-07-26T02:29:37Z,1002,1,0,30,0,0,1,1,1,1785032646
2026-07-26T02:29:37Z,1003,1,0,22,0,0,1,1,1,1785031203
2026-07-26T02:29:37Z,1004,2,1,21,0,0,1,1,1,1785032359
2026-07-26T02:29:37Z,1005,17,2,6,0,0,1,1,1,1785031365
2026-07-26T02:29:37Z,1006,5,1,14,0,0,1,1,1,1785032971
2026-07-26T02:29:37Z,1007,7,1,13,1,0,1,1,1,1785032528
2026-07-26T02:29:37Z,1008,7,6,15,1,0,1,1,1,1785031973
2026-07-26T02:29:37Z,1009,19,5,10,2,0,1,1,1,1785032877
2026-07-26T02:29:37Z,1010,22,16,5,0,0,1,1,1,1785032195
2026-07-26T02:29:37Z,1011,10,2,9,0,0,1,1,1,1785032566
2026-07-26T02:29:37Z,1012,7,6,16,0,0,1,1,1,1785032169
2026-07-26T02:29:37Z,1013,4,2,18,1,0,1,1,1,1785031638
2026-07-26T02:29:37Z,1014,9,4,14,0,0,1,1,1,1785031561
2026-07-26T02:29:37Z,1015,9,2,22,0,0,1,1,1,1785032654
2026-07-26T02:29:37Z,1016,17,10,14,0,0,1,1,1,1785031667
2026-07-26T02:29:37Z,1017,13,4,7,1,0,1,1,1,1785032479
2026-07-26T02:29:37Z,1018,8,4,11,2,0,1,1,1,1785032645
2026-07-26T02:29:37Z,1019,10,4,5,0,0,1,1,1,1785032901
2026-07-26T02:29:37Z,1020,13,0,7,1,0,1,1,1,1785032368
2026-07-26T02:29:37Z,1021,15,6,0,0,0,1,1,1,1785032736
2026-07-26T02:29:37Z,1022,13,0,14,0,0,1,1,1,1785032741
2026-07-26T02:29:37Z,1023,19,1,4,0,0,1,1,1,1785032648
2026-07-26T02:29:37Z,1024,4,0,15,0,0,1,1,1,1785031522
2026-07-26T02:29:37Z,1025,7,4,11,0,1,1,1,1,1785032870
2026-07-26T02:29:37Z,1026,6,6,23,2,0,1,1,1,1785032947
2026-07-26T02:29:37Z,1028,4,2,19,0,0,1,1,1,1785031247
2026-07-26T02:29:37Z,1029,15,13,0,0,0,1,1,1,1785032932
2026-07-26T02:29:37Z,1030,12,6,11,0,0,1,1,1,1785031908
2026-07-26T02:29:37Z,1031,0,0,15,0,4,1,1,1,1785032815
2026-07-26T02:29:37Z,1032,9,2,10,0,0,1,1,1,1785031607
2026-07-26T02:29:37Z,1033,14,9,4,1,0,1,1,1,1785032314
2026-07-26T02:29:37Z,1034,6,2,9,0,0,1,1,1,1785032030
2026-07-26T02:29:37Z,1035,1,0,17,1,0,1,1,1,1785031751
2026-07-26T02:29:37Z,1036,15,1,0,0,0,1,1,1,1785032569
2026-07-26T02:29:37Z,1037,3,0,16,0,0,1,1,1,1785031786
2026-07-26T02:29:37Z,1038,0,0,15,0,0,1,1,1,1785031813
2026-07-26T02:29:37Z,1039,3,0,16,0,0,1,1,1,1785031803
2026-07-26T02:29:37Z,1040,9,5,10,0,0,1,1,1,1785031484
2026-07-26T02:29:37Z,1041,2,0,16,1,0,1,1,1,1785032048
2026-07-26T02:29:37Z,1042,9,3,5,1,0,1,1,1,1785032050
2026-07-26T02:29:37Z,1043,6,3,13,0,0,1,1,1,1785031671
2026-07-26T02:29:37Z,1044,2,0,13,0,0,1,1,1,1785031860
2026-07-26T02:29:37Z,1045,1,0,18,0,0,1,1,1,1785031723
2026-07-26T02:29:37Z,1046,9,0,6,0,0,1,1,1,1785031447
2026-07-26T02:29:37Z,1047,3,0,18,0,0,1,1,1,1785032193
2026-07-26T02:29:37Z,1048,5,1,14,0,0,1,1,1,1785031582
2026-07-26T02:29:37Z,1049,6,1,15,0,0,1,1,1,1785031370
2026-07-26T02:29:37Z,1050,13,5,8,0,0,1,1,1,1785032790
2026-07-26T02:29:37Z,1051,20,1,1,0,0,1,1,1,1785032439
2026-07-26T02:29:37Z,1052,17,2,5,0,0,1,1,1,1785032925
2026-07-26T02:29:37Z,1053,2,0,13,0,0,1,1,1,1785031873
2026-07-26T02:29:37Z,1054,11,1,4,0,0,1,1,1,1785032784
2026-07-26T02:29:37Z,1055,9,9,9,1,0,1,1,1,1785031918
2026-07-26T02:29:37Z,1057,12,3,6,1,0,1,1,1,1785032961
2026-07-26T02:29:37Z,1058,1,0,55,0,0,1,1,1,1785032879
2026-07-26T02:29:37Z,1059,2,0,16,1,0,1,1,1,1785031997
2026-07-26T02:29:37Z,1060,37,17,0,0,0,1,1,1,1785032363
2026-07-26T02:29:37Z,1061,26,0,11,0,0,1,1,1,1785032656
2026-07-26T02:29:37Z,1062,1,0,16,0,0,1,1,1,1785032817
2026-07-26T02:29:37Z,1063,13,3,5,1,0,1,1,1,1785031653
2026-07-26T02:29:37Z,1064,6,3,17,0,0,1,1,1,1785031471
2026-07-26T02:29:37Z,1065,15,3,7,1,0,1,1,1,1785031676
2026-07-26T02:29:37Z,1066,9,0,14,0,0,1,1,1,1785031630
2026-07-26T02:29:37Z,1067,7,2,16,0,0,1,1,1,1785031890
2026-07-26T02:29:37Z,1068,16,7,7,0,0,1,1,1,1785031237
2026-07-26T02:29:37Z,1069,12,4,11,0,0,1,1,1,1785031371
2026-07-26T02:29:37Z,1070,11,2,12,0,0,1,1,1,1785031481
2026-07-26T02:29:37Z,1071,4,3,19,0,0,1,1,1,1785031470
2026-07-26T02:29:37Z,1072,8,0,13,2,0,1,1,1,1785032091
2026-07-26T02:29:37Z,1073,5,3,22,0,0,1,1,1,1785032866
2026-07-26T02:29:37Z,1074,43,0,10,0,0,1,1,1,1785032614
2026-07-26T02:29:37Z,1075,11,10,10,0,0,1,1,1,1785031384
2026-07-26T02:29:37Z,1076,13,9,8,0,0,1,1,1,1785031298
2026-07-26T02:29:37Z,1077,13,10,8,0,0,1,1,1,1785031308
2026-07-26T02:29:37Z,1078,15,11,6,0,0,1,1,1,1785032731
2026-07-26T02:29:37Z,1079,7,7,14,0,0,1,1,1,1785031970
2026-07-26T02:29:37Z,1080,10,8,11,0,0,1,1,1,1785031574
2026-07-26T02:29:37Z,1081,13,6,6,0,0,1,1,1,1785032864
2026-07-26T02:29:37Z,1082,14,11,9,0,0,1,1,1,1785025220
2026-07-26T02:29:37Z,1083,11,10,10,0,0,1,1,1,1785031376
2026-07-26T02:29:37Z,1084,9,9,12,0,0,1,1,1,1785031586
2026-07-26T02:29:37Z,1085,12,8,9,0,0,1,1,1,1785032064
2026-07-26T02:29:37Z,1086,16,10,5,0,0,1,1,1,1785032809
2026-07-26T02:29:37Z,1087,7,6,8,0,0,1,1,1,1785032603
2026-07-26T02:29:37Z,1088,9,9,6,0,0,1,1,1,1785031389
2026-07-26T02:29:37Z,1089,9,7,6,0,0,1,1,1,1785032594
2026-07-26T02:29:37Z,1090,7,7,8,0,0,1,1,1,1785032771
2026-07-26T02:29:37Z,1091,7,4,8,0,0,1,1,1,1785032140
2026-07-26T02:29:37Z,1092,4,3,11,0,0,1,1,1,1785032720
2026-07-26T02:29:37Z,1093,7,6,8,0,0,1,1,1,1785032585
2026-07-26T02:29:37Z,1094,10,8,9,0,0,1,1,1,1785031267
2026-07-26T02:29:37Z,1095,9,8,6,0,0,1,1,1,1785032884
2026-07-26T02:29:37Z,1096,8,7,11,0,0,1,1,1,1785032490
2026-07-26T02:29:37Z,1097,8,7,7,0,0,1,1,1,1785032790
2026-07-26T02:29:37Z,1098,11,8,8,0,0,1,1,1,1785032301
2026-07-26T02:29:37Z,1099,6,6,9,0,0,1,1,1,1785032580
2026-07-26T02:29:37Z,1100,9,5,18,2,0,1,1,1,1785032164
2026-07-26T02:29:37Z,1101,10,5,11,0,0,1,1,1,1785032833
2026-07-26T02:29:37Z,1102,9,4,4,0,0,1,1,1,1785031252
2026-07-26T02:29:37Z,1103,12,8,9,0,0,1,1,1,1785029590
2026-07-26T02:29:37Z,1104,10,5,11,0,0,1,1,1,1785032624
2026-07-26T02:29:37Z,1105,10,4,3,0,0,1,1,1,1785031164
2026-07-26T02:29:37Z,1106,10,5,11,0,0,1,1,1,1785032927
2026-07-26T02:29:37Z,1107,6,3,9,0,0,1,1,1,1785032089
2026-07-26T02:29:37Z,1108,5,5,19,3,0,1,1,1,1785031326
2026-07-26T02:29:37Z,1109,6,3,9,0,0,1,1,1,1785032087
2026-07-26T02:29:37Z,1110,10,5,11,0,0,1,1,1,1785032510
2026-07-26T02:29:37Z,1111,1,0,19,1,0,1,1,1,1785032555
2026-07-26T02:29:37Z,1112,20,0,33,0,0,1,1,1,1785032941
2026-07-26T02:29:37Z,1113,5,0,16,0,0,1,1,1,1785032973
2026-07-26T02:29:37Z,1115,11,5,11,1,0,1,1,1,1785032343
2026-07-26T02:29:37Z,1116,3,1,16,0,0,1,1,1,1785032220
2026-07-26T02:29:37Z,1117,3,1,20,0,0,1,1,1,1785032841
2026-07-26T02:29:37Z,1118,16,0,5,0,0,1,1,1,1785032579
2026-07-26T02:29:37Z,1119,9,4,8,0,0,1,1,1,1785032788
2026-07-26T02:29:37Z,1120,0,0,19,0,0,1,1,1,1785031598
2026-07-26T02:29:37Z,1121,16,1,2,3,0,1,1,1,1785030767
2026-07-26T02:29:37Z,1122,9,4,12,0,0,1,1,1,1785032968
2026-07-26T02:29:37Z,1123,5,5,17,1,0,1,1,1,1785032550
2026-07-26T02:29:37Z,1124,7,4,7,1,0,1,1,1,1785032899
2026-07-26T02:29:37Z,1125,21,2,1,1,0,1,1,1,1785031500
2026-07-26T02:29:37Z,1126,14,3,7,0,0,1,1,1,1785032716
2026-07-26T02:29:37Z,1127,9,0,9,1,0,1,1,1,1785032502
2026-07-26T02:29:37Z,1128,5,1,8,2,0,1,1,1,1785032775
2026-07-26T02:29:37Z,1129,13,3,8,0,0,1,1,1,1785031522
2026-07-26T02:29:37Z,1130,8,0,5,2,0,1,1,1,1785032113
2026-07-26T02:29:37Z,1131,2,1,47,0,0,1,1,1,1785032733
2026-07-26T02:29:37Z,1132,15,1,6,0,0,1,1,1,1785032814
2026-07-26T02:29:37Z,1133,2,1,18,1,0,1,1,1,1785032633
2026-07-26T02:29:37Z,1134,11,6,8,0,0,1,1,1,1785032054
2026-07-26T02:29:37Z,1135,12,5,9,0,0,1,1,1,1785032740
2026-07-26T02:29:37Z,1136,14,0,9,0,0,1,1,1,1785032923
2026-07-26T02:29:37Z,1137,5,1,9,1,0,1,1,1,1785031968
2026-07-26T02:29:37Z,1138,8,0,11,0,0,1,1,1,1785031663
2026-07-26T02:29:37Z,1139,6,2,15,0,0,1,1,1,1785032934
2026-07-26T02:29:37Z,1140,7,4,16,0,0,1,1,1,1785032098
2026-07-26T02:29:37Z,1141,2,1,18,1,0,1,1,1,1785032579
2026-07-26T02:29:37Z,1142,7,0,13,1,0,1,1,1,1785032534
2026-07-26T02:29:37Z,1143,14,2,14,1,0,1,1,1,1785032809
2026-07-26T02:29:37Z,1144,14,1,6,1,0,1,1,1,1785032368
2026-07-26T02:29:37Z,1145,11,4,9,1,0,1,1,1,1785031705
2026-07-26T02:29:37Z,1146,6,1,11,2,0,1,1,1,1785032971
2026-07-26T02:29:37Z,1147,3,0,16,0,0,1,1,1,1785031831
2026-07-26T02:29:37Z,1148,6,2,25,0,0,1,1,1,1785032752
2026-07-26T02:29:37Z,1149,17,3,7,1,0,1,1,1,1785032450
2026-07-26T02:29:37Z,1150,16,0,3,0,0,1,1,1,1785032838
2026-07-26T02:29:37Z,1151,11,0,10,0,0,1,1,1,1785032152
2026-07-26T02:29:37Z,1152,8,2,20,1,0,1,1,1,1785031434
2026-07-26T02:29:37Z,1153,8,2,14,1,0,1,1,1,1785032275
2026-07-26T02:29:37Z,1154,13,1,5,1,0,1,1,1,1785032355
2026-07-26T02:29:37Z,1155,13,5,7,1,0,1,1,1,1785032820
2026-07-26T02:29:37Z,1158,3,1,16,0,0,1,1,1,1785031582
2026-07-26T02:29:37Z,1159,12,1,7,0,0,1,1,1,1785031845
2026-07-26T02:29:37Z,1160,14,1,3,2,0,1,1,1,1785032560
2026-07-26T02:29:37Z,1161,4,3,15,0,0,1,1,1,1785031929
2026-07-26T02:29:37Z,1162,5,1,14,0,0,1,1,1,1785032150
2026-07-26T02:29:37Z,1163,0,0,17,2,0,1,1,1,1785031659
2026-07-26T02:29:37Z,1164,11,5,6,2,0,1,1,1,1785031879
2026-07-26T02:29:37Z,1165,16,0,5,0,0,1,1,1,1785032259
2026-07-26T02:29:37Z,1166,8,0,13,0,0,1,1,1,1785031614
2026-07-26T02:29:37Z,1167,0,0,15,0,0,1,1,1,1785031897
2026-07-26T02:29:37Z,1168,0,0,23,0,0,1,1,1,1785031520
2026-07-26T02:29:37Z,1169,2,2,17,0,0,1,1,1,1785031546
2026-07-26T02:29:37Z,1170,2,1,19,0,0,1,1,1,1785032715
2026-07-26T02:29:37Z,1171,16,11,6,1,0,1,1,1,1785032717
2026-07-26T02:29:37Z,1172,5,1,8,2,0,1,1,1,1785032119
2026-07-26T02:29:37Z,1173,9,4,8,2,0,1,1,1,1785031727
2026-07-26T02:29:37Z,1174,6,1,9,0,0,1,1,1,1785031881
2026-07-26T02:29:37Z,1175,5,3,14,0,0,1,1,1,1785031418
2026-07-26T02:29:37Z,1176,16,1,5,0,0,1,1,1,1785032561
2026-07-26T02:29:37Z,1177,10,3,11,0,0,1,1,1,1785032518
2026-07-26T02:29:37Z,1178,1,0,14,0,0,1,1,1,1785032335
2026-07-26T02:29:37Z,1181,7,0,8,0,0,1,1,1,1785032015
2026-07-26T02:29:37Z,1182,13,0,7,0,0,1,1,1,1785032107
2026-07-26T02:29:37Z,1183,4,1,40,1,0,1,1,1,1785032930
2026-07-26T02:29:37Z,1184,3,3,18,0,0,1,1,1,1785032929
2026-07-26T02:29:37Z,1185,9,3,12,0,0,1,1,1,1785025409
2026-07-26T02:29:37Z,1186,13,8,6,0,0,1,1,1,1785031879
2026-07-26T02:29:37Z,1187,11,5,9,1,0,1,1,1,1785031755
2026-07-26T02:29:37Z,1188,12,7,3,0,0,1,1,1,1785032156
2026-07-26T02:29:37Z,1189,11,6,8,0,0,1,1,1,1785031714
2026-07-26T02:29:37Z,1190,9,5,12,0,0,1,1,1,1785032731
2026-07-26T02:29:37Z,1191,9,3,6,0,0,1,1,1,1785032122
2026-07-26T02:29:37Z,1192,8,5,13,0,0,1,1,1,1785031408
2026-07-26T02:29:37Z,1193,7,4,4,2,0,1,1,1,1785031502
2026-07-26T02:29:37Z,1197,8,4,8,1,0,1,1,1,1785032932
2026-07-26T02:29:37Z,1198,11,3,8,2,0,1,1,1,1785031405
2026-07-26T02:29:37Z,1199,6,4,13,0,0,1,1,1,1785032114
2026-07-26T02:29:37Z,1200,11,6,4,0,0,1,1,1,1785032170
2026-07-26T02:29:37Z,1201,9,4,6,0,0,1,1,1,1785032717
2026-07-26T02:29:37Z,1202,10,5,4,1,0,1,1,1,1785032202
2026-07-26T02:29:37Z,1203,10,2,5,0,0,1,1,1,1785032175
2026-07-26T02:29:37Z,1204,10,6,9,0,0,1,1,1,1785031435
2026-07-26T02:29:37Z,1206,12,6,9,0,0,1,1,1,1785032210
2026-07-26T02:29:37Z,1207,11,7,4,0,0,1,1,1,1785032427
2026-07-26T02:29:37Z,1208,11,5,8,0,0,1,1,1,1785031877
2026-07-26T02:29:37Z,1216,11,2,9,1,0,1,1,1,1785032592
2026-07-26T02:29:37Z,1218,5,1,16,0,0,1,1,1,1785031168
2026-07-26T02:29:37Z,1219,11,5,3,1,0,1,1,1,1785031369
2026-07-26T02:29:37Z,1220,9,6,8,2,0,1,1,1,1785032470
2026-07-26T02:29:37Z,1221,1,0,20,0,0,1,1,1,1785032251
2026-07-26T02:29:37Z,1222,3,1,26,0,0,1,1,1,1785032315
2026-07-26T02:29:37Z,1223,19,1,9,1,0,1,1,1,1785032956
2026-07-26T02:29:37Z,1226,0,0,3,0,0,0,1,1,1781868931
2026-07-26T02:29:37Z,1227,12,2,13,0,0,1,1,1,1785032401
2026-07-26T02:29:37Z,1228,18,1,11,0,0,1,1,1,1785032868
2026-07-26T02:29:37Z,1230,0,0,3,0,0,0,1,1,1784903368
2026-07-26T02:29:37Z,1231,0,0,3,0,0,0,1,1,1784903330
2026-07-26T02:29:37Z,1232,0,0,3,0,0,0,1,1,1784902406
2026-07-26T02:29:37Z,1233,0,0,3,0,0,0,1,1,1784903104
2026-07-26T02:29:37Z,1234,0,0,3,0,0,0,1,1,1784902919
2026-07-26T02:34:37Z,1,11,3,10,2,0,1,1,1,1785032218
2026-07-26T02:34:37Z,2,10,4,14,3,0,1,1,1,1785032768
2026-07-26T02:34:37Z,3,5,0,3,0,0,1,1,1,1785032909
2026-07-26T02:34:37Z,4,8,0,13,1,0,1,1,1,1785033057
2026-07-26T02:34:37Z,5,10,5,10,0,1,1,1,1,1785031205
2026-07-26T02:34:37Z,6,5,1,10,0,0,1,1,1,1785030162
2026-07-26T02:34:37Z,7,2,2,37,0,0,1,1,1,1785032698
2026-07-26T02:34:37Z,8,22,0,21,0,0,1,1,1,1785033125
2026-07-26T02:34:37Z,9,10,2,12,1,0,1,1,1,1785032982
2026-07-26T02:34:37Z,10,4,3,18,1,0,1,1,1,1785033121
2026-07-26T02:34:37Z,11,0,0,17,2,0,1,1,1,1785032826
2026-07-26T02:34:37Z,12,9,0,13,1,0,1,1,1,1785032865
2026-07-26T02:34:37Z,13,11,1,19,0,0,1,1,1,1785032061
2026-07-26T02:34:37Z,14,36,2,6,0,1,1,1,1,1785032853
2026-07-26T02:34:37Z,15,14,0,1,0,0,1,1,1,1785032953
2026-07-26T02:34:37Z,16,7,0,19,1,0,1,1,1,1785028248
2026-07-26T02:34:37Z,17,9,1,16,2,0,1,1,1,1785033111
2026-07-26T02:34:37Z,18,14,0,2,2,0,1,1,1,1785032730
2026-07-26T02:34:37Z,19,22,1,4,1,0,1,1,1,1785033259
2026-07-26T02:34:37Z,20,9,3,26,0,0,1,1,1,1785032521
2026-07-26T02:34:37Z,21,13,2,1,4,1,1,1,1,1785033122
2026-07-26T02:34:37Z,22,41,1,22,2,0,1,1,1,1785033231
2026-07-26T02:34:37Z,23,1,1,30,0,0,1,1,1,1785032764
2026-07-26T02:34:37Z,24,3,1,7,1,0,1,1,1,1785033256
2026-07-26T02:34:37Z,25,17,2,63,1,0,1,1,1,1785033212
2026-07-26T02:34:37Z,26,22,0,5,0,0,1,1,1,1785031308
2026-07-26T02:34:37Z,28,3,1,12,0,0,1,1,1,1785033097
2026-07-26T02:34:37Z,30,16,0,12,1,0,1,1,1,1785032571
2026-07-26T02:34:37Z,31,13,0,5,1,0,1,1,1,1785033145
2026-07-26T02:34:37Z,32,5,1,22,0,0,1,1,1,1785032664
2026-07-26T02:34:37Z,34,30,0,7,0,0,1,1,1,1785032218
2026-07-26T02:34:37Z,35,43,3,4,0,0,1,1,1,1785033186
2026-07-26T02:34:37Z,36,0,0,0,0,0,0,1,1,86400
2026-07-26T02:34:37Z,37,13,1,8,2,0,1,1,1,1785032897
2026-07-26T02:34:37Z,38,18,0,5,0,0,1,1,1,1785033208
2026-07-26T02:34:37Z,39,37,2,2,0,0,1,1,1,1785032776
2026-07-26T02:34:37Z,40,15,0,6,0,0,1,1,1,1785033048
2026-07-26T02:34:37Z,41,0,0,42,1,0,1,1,1,1785029734
2026-07-26T02:34:37Z,42,13,3,16,1,1,1,1,1,1785033143
2026-07-26T02:34:37Z,43,0,0,23,0,0,1,1,1,1785033165
2026-07-26T02:34:37Z,45,2,0,27,0,0,1,1,1,1785031426
2026-07-26T02:34:37Z,46,16,0,15,0,0,1,1,1,1785033047
2026-07-26T02:34:37Z,47,5,0,10,0,0,1,1,1,1785032904
2026-07-26T02:34:37Z,48,15,2,12,0,0,1,1,1,1785033204
2026-07-26T02:34:37Z,49,13,1,8,2,0,1,1,1,1785032630
2026-07-26T02:34:37Z,50,7,7,9,3,0,1,1,1,1785032007
2026-07-26T02:34:37Z,51,22,0,55,0,0,1,1,1,1785033181
2026-07-26T02:34:37Z,52,21,0,2,4,0,1,1,1,1785033218
2026-07-26T02:34:37Z,55,3,2,19,1,0,1,1,1,1785033255
2026-07-26T02:34:37Z,56,34,3,6,3,0,1,1,1,1785033201
2026-07-26T02:34:37Z,57,6,4,20,1,0,1,1,1,1785033134
2026-07-26T02:34:37Z,58,1,1,27,0,0,1,1,1,1785033211
2026-07-26T02:34:37Z,59,1,0,26,0,0,1,1,1,1785032384
2026-07-26T02:34:37Z,61,1,0,38,0,0,1,1,1,1785032876
2026-07-26T02:34:37Z,62,32,6,17,0,0,1,1,1,1785032695
2026-07-26T02:34:37Z,63,12,4,7,0,0,1,1,1,1785033047
2026-07-26T02:34:37Z,64,8,0,11,0,0,1,1,1,1785031590
2026-07-26T02:34:37Z,65,5,4,12,2,0,1,1,1,1785032812
2026-07-26T02:34:37Z,67,26,2,13,0,0,1,1,1,1785032800
2026-07-26T02:34:37Z,68,21,0,16,0,0,1,1,1,1785032982
2026-07-26T02:34:37Z,69,7,2,5,3,0,1,1,1,1785033252
2026-07-26T02:34:37Z,71,15,0,11,1,0,1,1,1,1785033177
2026-07-26T02:34:37Z,72,16,1,13,1,0,1,1,1,1785033176
2026-07-26T02:34:37Z,73,2,1,29,0,0,1,1,1,1785031901
2026-07-26T02:34:37Z,74,0,0,18,1,0,1,1,1,1785031409
2026-07-26T02:34:37Z,75,0,0,31,1,0,1,1,1,1785033197
2026-07-26T02:34:37Z,76,8,2,11,0,0,1,1,1,1785033034
2026-07-26T02:34:37Z,77,13,0,13,1,0,1,1,1,1785032900
2026-07-26T02:34:37Z,78,8,0,13,2,0,1,1,1,1785033151
2026-07-26T02:34:37Z,79,8,0,8,1,0,1,1,1,1785033205
2026-07-26T02:34:37Z,80,16,0,2,5,0,1,1,1,1785033187
2026-07-26T02:34:37Z,81,16,5,15,0,0,1,1,1,1785033263
2026-07-26T02:34:37Z,82,17,5,5,1,0,1,1,1,1785033124
2026-07-26T02:34:37Z,83,23,2,10,1,0,1,1,1,1785032953
2026-07-26T02:34:37Z,84,21,1,6,0,0,1,1,1,1785033214
2026-07-26T02:34:37Z,85,7,1,8,0,0,1,1,1,1785032885
2026-07-26T02:34:37Z,86,4,0,23,0,0,1,1,1,1785029343
2026-07-26T02:34:37Z,87,5,0,14,0,0,1,1,1,1785029608
2026-07-26T02:34:37Z,88,16,1,25,2,0,1,1,1,1785033254
2026-07-26T02:34:37Z,89,27,1,7,1,0,1,1,1,1785033122
2026-07-26T02:34:37Z,90,11,0,5,2,0,1,1,1,1785033090
2026-07-26T02:34:37Z,91,3,0,13,1,0,1,1,1,1785030680
2026-07-26T02:34:37Z,92,3,0,14,2,0,1,1,1,1785033039
2026-07-26T02:34:37Z,93,22,0,1,0,0,1,1,1,1785032714
2026-07-26T02:34:37Z,94,8,1,10,1,0,1,1,1,1785033158
2026-07-26T02:34:37Z,95,31,2,2,1,1,1,1,1,1785033077
2026-07-26T02:34:37Z,96,14,0,16,1,0,1,1,1,1785032675
2026-07-26T02:34:37Z,97,4,1,12,1,0,1,1,1,1785032995
2026-07-26T02:34:37Z,98,31,3,4,0,0,1,1,1,1785033254
2026-07-26T02:34:37Z,99,14,1,1,0,0,1,1,1,1785033127
2026-07-26T02:34:37Z,100,4,1,23,0,0,1,1,1,1785033168
2026-07-26T02:34:37Z,101,14,1,0,1,0,1,1,1,1785031386
2026-07-26T02:34:37Z,102,22,4,0,1,0,1,1,1,1785032952
2026-07-26T02:34:37Z,103,19,0,5,4,0,1,1,1,1785033047
2026-07-26T02:34:37Z,104,20,0,4,3,0,1,1,1,1785033044
2026-07-26T02:34:37Z,105,13,1,5,1,0,1,1,1,1785033031
2026-07-26T02:34:37Z,106,12,1,9,0,0,1,1,1,1785031731
2026-07-26T02:34:37Z,107,23,2,13,1,0,1,1,1,1785033120
2026-07-26T02:34:37Z,108,27,0,5,1,2,1,1,1,1785033176
2026-07-26T02:34:37Z,109,18,3,5,0,0,1,1,1,1785032943
2026-07-26T02:34:37Z,110,23,0,0,0,0,1,1,1,1785029764
2026-07-26T02:34:37Z,111,21,0,15,0,0,1,1,1,1785032778
2026-07-26T02:34:37Z,112,7,1,1,7,4,1,1,1,1785033242
2026-07-26T02:34:37Z,113,5,0,14,0,0,1,1,1,1785033145
2026-07-26T02:34:37Z,114,3,3,20,8,0,1,1,1,1785033261
2026-07-26T02:34:37Z,115,12,1,11,6,0,1,1,1,1785032873
2026-07-26T02:34:37Z,116,13,6,13,1,0,1,1,1,1785033068
2026-07-26T02:34:37Z,118,10,0,9,3,1,1,1,1,1785033208
2026-07-26T02:34:37Z,119,21,1,15,2,0,1,1,1,1785033028
2026-07-26T02:34:37Z,120,8,3,18,1,0,1,1,1,1785033000
2026-07-26T02:34:37Z,121,2,1,15,1,1,1,1,1,1785033124
2026-07-26T02:34:37Z,122,6,1,14,1,0,1,1,1,1785032734
2026-07-26T02:34:37Z,123,28,0,19,0,0,1,1,1,1785033252
2026-07-26T02:34:37Z,124,35,0,0,0,0,1,1,1,1785030804
2026-07-26T02:34:37Z,125,11,1,12,0,0,1,1,1,1785032506
2026-07-26T02:34:37Z,126,22,0,7,2,0,1,1,1,1785033245
2026-07-26T02:34:37Z,127,0,0,14,1,0,0,1,1,1784572594
2026-07-26T02:34:37Z,128,12,8,7,0,0,1,1,1,1785032979
2026-07-26T02:34:37Z,129,3,0,16,0,0,1,1,1,1785033030
2026-07-26T02:34:37Z,130,5,1,11,1,0,1,1,1,1785026085
2026-07-26T02:34:37Z,131,2,2,8,1,0,1,1,1,1785031903
2026-07-26T02:34:37Z,132,2,2,12,0,1,1,1,1,1785033212
2026-07-26T02:34:37Z,133,4,4,19,0,0,1,1,1,1785033096
2026-07-26T02:34:37Z,134,15,0,5,3,0,1,1,1,1785033098
2026-07-26T02:34:37Z,135,1,0,18,0,0,1,1,1,1785031310
2026-07-26T02:34:37Z,136,23,1,0,0,0,1,1,1,1785032536
2026-07-26T02:34:37Z,137,8,1,11,0,0,1,1,1,1785033009
2026-07-26T02:34:37Z,138,19,0,18,0,0,1,1,1,1785032795
2026-07-26T02:34:37Z,139,4,0,15,0,0,1,1,1,1785032994
2026-07-26T02:34:37Z,140,0,0,22,1,0,1,1,1,1785033259
2026-07-26T02:34:37Z,141,9,1,27,2,0,1,1,1,1785033208
2026-07-26T02:34:37Z,142,5,3,18,0,0,1,1,1,1785032990
2026-07-26T02:34:37Z,143,2,1,28,1,0,1,1,1,1785032980
2026-07-26T02:34:37Z,144,7,2,20,0,0,1,1,1,1785032978
2026-07-26T02:34:37Z,145,5,0,25,1,0,1,1,1,1785033196
2026-07-26T02:34:37Z,146,11,0,11,1,0,1,1,1,1785032795
2026-07-26T02:34:37Z,147,0,0,17,2,0,1,1,1,1785032965
2026-07-26T02:34:37Z,148,7,0,13,7,0,1,1,1,1785033261
2026-07-26T02:34:37Z,149,14,0,13,0,0,1,1,1,1785032933
2026-07-26T02:34:37Z,150,2,1,32,1,0,1,1,1,1785033202
2026-07-26T02:34:37Z,151,11,1,12,0,0,1,1,1,1785033091
2026-07-26T02:34:37Z,152,5,0,20,2,0,1,1,1,1785033224
2026-07-26T02:34:37Z,153,7,5,24,0,0,1,1,1,1785033149
2026-07-26T02:34:37Z,154,5,4,14,4,0,1,1,1,1785033077
2026-07-26T02:34:37Z,155,3,0,10,1,0,1,1,1,1785033101
2026-07-26T02:34:37Z,156,7,1,12,0,0,1,1,1,1785032748
2026-07-26T02:34:37Z,157,2,1,23,2,0,1,1,1,1785033201
2026-07-26T02:34:37Z,158,1,0,13,2,0,1,1,1,1785033184
2026-07-26T02:34:37Z,159,3,3,15,1,0,1,1,1,1785031124
2026-07-26T02:34:37Z,160,7,2,12,0,0,1,1,1,1785032751
2026-07-26T02:34:37Z,161,11,4,11,1,0,1,1,1,1785033245
2026-07-26T02:34:37Z,162,7,5,19,1,0,1,1,1,1785032608
2026-07-26T02:34:37Z,163,19,2,11,0,1,1,1,1,1785033231
2026-07-26T02:34:37Z,164,2,0,24,1,0,1,1,1,1785032739
2026-07-26T02:34:37Z,165,24,2,7,0,0,1,1,1,1785033112
2026-07-26T02:34:37Z,166,27,1,8,4,0,1,1,1,1785033264
2026-07-26T02:34:37Z,167,10,5,13,0,0,1,1,1,1785033184
2026-07-26T02:34:37Z,168,5,2,21,1,0,1,1,1,1785033255
2026-07-26T02:34:37Z,169,18,3,5,0,0,1,1,1,1785032568
2026-07-26T02:34:37Z,170,1,1,17,1,0,1,1,1,1785033173
2026-07-26T02:34:37Z,171,9,4,2,2,0,1,1,1,1785033042
2026-07-26T02:34:37Z,173,18,4,20,1,0,1,1,1,1785033258
2026-07-26T02:34:37Z,174,18,1,8,0,0,1,1,1,1785032978
2026-07-26T02:34:37Z,175,30,3,1,0,0,1,1,1,1785032917
2026-07-26T02:34:37Z,176,9,4,3,2,1,1,1,1,1785033167
2026-07-26T02:34:37Z,177,7,1,20,0,0,1,1,1,1785032746
2026-07-26T02:34:37Z,178,9,4,3,2,1,1,1,1,1785033119
2026-07-26T02:34:37Z,179,4,2,10,1,0,1,1,1,1785033227
2026-07-26T02:34:37Z,180,25,0,5,0,0,1,1,1,1785033139
2026-07-26T02:34:37Z,181,6,4,8,1,0,1,1,1,1785032779
2026-07-26T02:34:37Z,182,7,3,10,0,0,1,1,1,1785033133
2026-07-26T02:34:37Z,183,6,1,16,1,0,1,1,1,1785032203
2026-07-26T02:34:37Z,184,20,0,1,2,0,1,1,1,1785033090
2026-07-26T02:34:37Z,185,5,0,8,1,1,1,1,1,1785031410
2026-07-26T02:34:37Z,186,8,2,11,0,0,1,1,1,1785032945
2026-07-26T02:34:37Z,187,22,0,4,2,0,1,1,1,1785033242
2026-07-26T02:34:37Z,188,22,6,1,4,0,1,1,1,1785033264
2026-07-26T02:34:37Z,189,4,1,11,0,0,1,1,1,1785033214
2026-07-26T02:34:37Z,190,7,2,16,0,0,1,1,1,1785033234
2026-07-26T02:34:37Z,191,21,6,15,3,0,1,1,1,1785033074
2026-07-26T02:34:37Z,192,10,3,20,1,0,1,1,1,1785032677
2026-07-26T02:34:37Z,193,3,3,11,1,0,1,1,1,1785031665
2026-07-26T02:34:37Z,194,10,2,17,0,0,1,1,1,1785032980
2026-07-26T02:34:37Z,195,13,6,6,0,0,1,1,1,1785032783
2026-07-26T02:34:37Z,196,25,14,2,0,0,1,1,1,1785033111
2026-07-26T02:34:37Z,197,3,1,15,0,1,1,1,1,1785031763
2026-07-26T02:34:37Z,198,2,0,21,0,0,1,1,1,1785033235
2026-07-26T02:34:37Z,199,1,1,13,1,0,1,1,1,1785033239
2026-07-26T02:34:37Z,200,9,6,17,0,0,1,1,1,1785033225
2026-07-26T02:34:37Z,201,2,0,21,0,0,1,1,1,1785032442
2026-07-26T02:34:37Z,202,18,0,9,0,0,1,1,1,1785031668
2026-07-26T02:34:37Z,203,29,1,2,0,0,1,1,1,1785032944
2026-07-26T02:34:37Z,204,29,0,4,2,0,1,1,1,1785032647
2026-07-26T02:34:37Z,205,15,1,12,0,0,1,1,1,1785031389
2026-07-26T02:34:37Z,206,5,1,8,2,0,1,1,1,1785031848
2026-07-26T02:34:37Z,207,16,4,4,1,0,1,1,1,1785032725
2026-07-26T02:34:37Z,208,13,12,16,0,0,1,1,1,1785033158
2026-07-26T02:34:37Z,209,16,4,14,1,0,1,1,1,1785033198
2026-07-26T02:34:37Z,210,16,0,11,0,0,1,1,1,1785032745
2026-07-26T02:34:37Z,211,19,0,3,1,0,1,1,1,1785032313
2026-07-26T02:34:37Z,212,33,5,0,2,0,1,1,1,1785033132
2026-07-26T02:34:37Z,213,6,1,16,1,0,1,1,1,1785032986
2026-07-26T02:34:37Z,214,29,16,15,3,0,1,1,1,1785033214
2026-07-26T02:34:37Z,215,3,1,19,1,0,1,1,1,1785031192
2026-07-26T02:34:37Z,216,8,0,11,0,0,1,1,1,1785032898
2026-07-26T02:34:37Z,217,10,7,19,0,0,1,1,1,1785033188
2026-07-26T02:34:37Z,218,6,3,29,4,0,1,1,1,1785033252
2026-07-26T02:34:37Z,219,24,2,3,0,0,1,1,1,1785032459
2026-07-26T02:34:37Z,220,11,9,31,0,1,1,1,1,1785032404
2026-07-26T02:34:37Z,221,3,2,12,0,0,1,1,1,1785032948
2026-07-26T02:34:37Z,222,3,2,15,1,0,1,1,1,1785033128
2026-07-26T02:34:37Z,223,14,2,18,3,0,1,1,1,1785033163
2026-07-26T02:34:37Z,224,1,0,20,1,0,1,1,1,1785033050
2026-07-26T02:34:37Z,225,5,3,12,2,0,1,1,1,1785032295
2026-07-26T02:34:37Z,226,2,2,29,0,0,1,1,1,1785032885
2026-07-26T02:34:37Z,227,7,5,20,0,0,1,1,1,1785033034
2026-07-26T02:34:37Z,228,4,4,12,3,0,1,1,1,1785033252
2026-07-26T02:34:37Z,230,8,1,18,0,0,1,1,1,1785032619
2026-07-26T02:34:37Z,232,3,1,15,1,0,1,1,1,1785032784
2026-07-26T02:34:37Z,233,18,3,12,1,0,1,1,1,1785033046
2026-07-26T02:34:37Z,234,8,3,6,4,1,1,1,1,1785032667
2026-07-26T02:34:37Z,236,9,4,10,0,0,1,1,1,1785033195
2026-07-26T02:34:37Z,237,0,0,22,1,0,1,1,1,1785032889
2026-07-26T02:34:37Z,239,5,4,17,5,0,1,1,1,1785033215
2026-07-26T02:34:37Z,241,4,0,19,0,0,1,1,1,1785032514
2026-07-26T02:34:37Z,242,6,6,16,1,0,1,1,1,1785032924
2026-07-26T02:34:37Z,243,18,16,10,3,0,1,1,1,1785033236
2026-07-26T02:34:37Z,244,19,11,7,1,0,1,1,1,1785032748
2026-07-26T02:34:37Z,245,8,5,15,0,0,1,1,1,1785033149
2026-07-26T02:34:37Z,246,7,4,15,1,0,1,1,1,1785033164
2026-07-26T02:34:37Z,247,14,4,8,1,0,1,1,1,1785032945
2026-07-26T02:34:37Z,248,4,4,16,3,0,1,1,1,1785032472
2026-07-26T02:34:37Z,249,3,1,16,0,0,1,1,1,1785033056
2026-07-26T02:34:37Z,250,1,1,26,0,0,1,1,1,1785032992
2026-07-26T02:34:37Z,251,4,4,22,1,0,1,1,1,1785033200
2026-07-26T02:34:37Z,253,2,2,16,1,0,1,1,1,1785033170
2026-07-26T02:34:37Z,254,40,10,2,1,0,1,1,1,1785032672
2026-07-26T02:34:37Z,255,2,0,21,0,0,1,1,1,1785033121
2026-07-26T02:34:37Z,256,6,0,17,0,0,1,1,1,1785032804
2026-07-26T02:34:37Z,257,8,2,9,2,0,1,1,1,1785032681
2026-07-26T02:34:37Z,258,5,2,7,7,0,1,1,1,1785033258
2026-07-26T02:34:37Z,259,10,1,12,0,1,1,1,1,1785030792
2026-07-26T02:34:37Z,260,1,1,17,1,0,1,1,1,1785033217
2026-07-26T02:34:37Z,261,12,0,6,0,1,1,1,1,1785032069
2026-07-26T02:34:37Z,262,22,7,1,0,0,1,1,1,1785033010
2026-07-26T02:34:37Z,263,6,1,9,0,0,1,1,1,1785033261
2026-07-26T02:34:37Z,264,3,1,16,0,0,1,1,1,1785031702
2026-07-26T02:34:37Z,265,15,0,0,0,0,1,1,1,1785032888
2026-07-26T02:34:37Z,266,5,2,12,1,1,1,1,1,1785033071
2026-07-26T02:34:37Z,267,5,3,8,2,0,1,1,1,1785028275
2026-07-26T02:34:37Z,268,1,1,21,1,0,1,1,1,1785032525
2026-07-26T02:34:37Z,269,3,2,19,1,0,1,1,1,1785032375
2026-07-26T02:34:37Z,270,22,1,4,1,0,1,1,1,1785031887
2026-07-26T02:34:37Z,271,11,3,6,2,0,1,1,1,1785033148
2026-07-26T02:34:37Z,272,8,5,14,1,0,1,1,1,1785032837
2026-07-26T02:34:37Z,273,10,4,4,1,0,1,1,1,1785032931
2026-07-26T02:34:37Z,274,5,3,11,3,0,1,1,1,1785033046
2026-07-26T02:34:37Z,275,14,1,9,0,0,1,1,1,1785031692
2026-07-26T02:34:37Z,276,7,3,19,0,1,1,1,1,1785032845
2026-07-26T02:34:37Z,277,4,1,16,3,0,1,1,1,1785033245
2026-07-26T02:34:37Z,278,28,5,2,0,1,1,1,1,1785033052
2026-07-26T02:34:37Z,279,7,0,12,0,0,1,1,1,1785032991
2026-07-26T02:34:37Z,280,8,0,21,2,0,1,1,1,1785032965
2026-07-26T02:34:37Z,281,10,3,9,0,0,1,1,1,1785032617
2026-07-26T02:34:37Z,282,18,2,1,0,0,1,1,1,1785028116
2026-07-26T02:34:37Z,283,11,0,24,0,0,1,1,1,1785033243
2026-07-26T02:34:37Z,284,31,1,3,0,1,1,1,1,1785033263
2026-07-26T02:34:37Z,285,8,1,14,1,0,1,1,1,1785033238
2026-07-26T02:34:37Z,286,6,3,16,1,0,1,1,1,1785033253
2026-07-26T02:34:37Z,287,5,0,16,2,0,1,1,1,1785028825
2026-07-26T02:34:37Z,288,9,6,10,0,0,1,1,1,1785033138
2026-07-26T02:34:37Z,289,21,9,5,1,0,1,1,1,1785032733
2026-07-26T02:34:37Z,290,13,0,24,2,0,1,1,1,1785033003
2026-07-26T02:34:37Z,291,19,1,3,1,0,1,1,1,1785033200
2026-07-26T02:34:37Z,292,0,0,23,0,0,1,1,1,1785032777
2026-07-26T02:34:37Z,293,1,1,15,7,0,1,1,1,1785032566
2026-07-26T02:34:37Z,294,1,1,19,2,0,1,1,1,1785033243
2026-07-26T02:34:37Z,297,3,1,14,1,1,1,1,1,1785032866
2026-07-26T02:34:37Z,301,11,1,8,0,0,1,1,1,1785029724
2026-07-26T02:34:37Z,302,13,4,9,1,0,1,1,1,1785033191
2026-07-26T02:34:37Z,303,1,0,18,0,0,1,1,1,1785033231
2026-07-26T02:34:37Z,304,0,0,0,0,0,0,1,1,86400
2026-07-26T02:34:37Z,305,15,0,4,0,0,1,1,1,1785032781
2026-07-26T02:34:37Z,306,7,1,25,0,0,1,1,1,1785032813
2026-07-26T02:34:37Z,307,18,0,3,2,0,1,1,1,1785032662
2026-07-26T02:34:37Z,308,4,0,14,1,0,1,1,1,1785032331
2026-07-26T02:34:37Z,309,4,1,10,0,0,1,1,1,1785032556
2026-07-26T02:34:37Z,311,7,0,8,0,0,1,1,1,1785032959
2026-07-26T02:34:37Z,312,0,0,19,3,1,1,1,1,1785032043
2026-07-26T02:34:37Z,313,10,0,5,0,0,1,1,1,1785026910
2026-07-26T02:34:37Z,314,2,0,15,2,0,1,1,1,1785033208
2026-07-26T02:34:37Z,315,2,1,27,3,0,1,1,1,1785033260
2026-07-26T02:34:37Z,316,13,0,12,5,1,1,1,1,1785033262
2026-07-26T02:34:37Z,317,5,5,25,1,0,1,1,1,1785032889
2026-07-26T02:34:37Z,318,3,0,1,12,3,1,1,1,1785033087
2026-07-26T02:34:37Z,319,1,0,20,2,0,1,1,1,1785032581
2026-07-26T02:34:37Z,320,12,0,6,1,0,1,1,1,1785033075
2026-07-26T02:34:37Z,321,3,0,14,2,0,1,1,1,1785027902
2026-07-26T02:34:37Z,322,25,0,2,2,0,1,1,1,1785032092
2026-07-26T02:34:37Z,323,17,1,1,1,0,1,1,1,1785033104
2026-07-26T02:34:37Z,324,19,7,5,3,0,1,1,1,1785033263
2026-07-26T02:34:37Z,325,0,0,25,2,0,1,1,1,1785032545
2026-07-26T02:34:37Z,327,16,0,11,0,0,1,1,1,1785033253
2026-07-26T02:34:37Z,328,23,6,0,0,0,1,1,1,1785032797
2026-07-26T02:34:37Z,329,16,1,1,2,0,1,1,1,1785030358
2026-07-26T02:34:37Z,330,8,2,13,1,0,1,1,1,1785033073
2026-07-26T02:34:37Z,331,10,0,11,2,0,1,1,1,1785033087
2026-07-26T02:34:37Z,332,2,2,16,1,0,1,1,1,1785032597
2026-07-26T02:34:37Z,333,5,4,17,1,0,1,1,1,1785032926
2026-07-26T02:34:37Z,334,4,2,19,0,0,1,1,1,1785033086
2026-07-26T02:34:37Z,335,5,2,17,0,1,1,1,1,1785031814
2026-07-26T02:34:37Z,336,10,1,9,0,0,1,1,1,1785032733
2026-07-26T02:34:37Z,337,4,0,16,3,0,1,1,1,1785033255
2026-07-26T02:34:37Z,338,0,0,19,0,0,1,1,1,1785032451
2026-07-26T02:34:37Z,339,6,5,15,2,0,1,1,1,1785033143
2026-07-26T02:34:37Z,340,0,0,13,2,0,1,1,1,1785032831
2026-07-26T02:34:37Z,341,5,2,14,0,0,1,1,1,1785032437
2026-07-26T02:34:37Z,342,3,1,12,0,0,1,1,1,1785032426
2026-07-26T02:34:37Z,343,15,6,7,1,0,1,1,1,1785032428
2026-07-26T02:34:37Z,344,3,1,20,0,0,1,1,1,1785032917
2026-07-26T02:34:37Z,345,17,3,1,1,0,1,1,1,1785033164
2026-07-26T02:34:37Z,346,3,1,20,0,0,1,1,1,1785031140
2026-07-26T02:34:37Z,347,29,2,12,3,0,1,1,1,1785033259
2026-07-26T02:34:37Z,348,3,0,20,0,0,1,1,1,1785032634
2026-07-26T02:34:37Z,349,11,4,7,1,0,1,1,1,1785033123
2026-07-26T02:34:37Z,350,12,0,13,1,1,1,1,1,1785032923
2026-07-26T02:34:37Z,351,0,0,21,2,0,1,1,1,1785032981
2026-07-26T02:34:37Z,355,21,0,2,0,0,1,1,1,1785032502
2026-07-26T02:34:37Z,356,4,2,14,1,0,1,1,1,1785033104
2026-07-26T02:34:37Z,357,2,1,16,1,0,1,1,1,1785032520
2026-07-26T02:34:37Z,358,9,1,16,2,0,1,1,1,1785032575
2026-07-26T02:34:37Z,359,12,0,13,2,0,1,1,1,1785033155
2026-07-26T02:34:37Z,360,1,0,17,1,0,1,1,1,1785033074
2026-07-26T02:34:37Z,362,4,2,13,1,0,1,1,1,1785032832
2026-07-26T02:34:37Z,363,21,0,6,0,0,1,1,1,1785032597
2026-07-26T02:34:37Z,364,10,1,8,1,0,1,1,1,1785032997
2026-07-26T02:34:37Z,365,4,3,16,3,0,1,1,1,1785031101
2026-07-26T02:34:37Z,366,3,0,15,4,1,1,1,1,1785033225
2026-07-26T02:34:37Z,367,7,4,11,1,0,1,1,1,1785031778
2026-07-26T02:34:37Z,368,4,0,17,2,0,1,1,1,1785032931
2026-07-26T02:34:37Z,370,4,2,17,3,0,1,1,1,1785032561
2026-07-26T02:34:37Z,371,0,0,18,1,0,1,1,1,1785031417
2026-07-26T02:34:37Z,372,6,1,9,0,0,1,1,1,1785032696
2026-07-26T02:34:37Z,373,16,3,7,2,1,1,1,1,1785033112
2026-07-26T02:34:37Z,374,6,1,11,2,0,1,1,1,1785033234
2026-07-26T02:34:37Z,375,1,0,25,1,0,1,1,1,1785032598
2026-07-26T02:34:37Z,376,2,0,35,2,0,1,1,1,1785032949
2026-07-26T02:34:37Z,377,6,2,20,1,0,1,1,1,1785032948
2026-07-26T02:34:37Z,378,8,0,14,1,1,1,1,1,1785033157
2026-07-26T02:34:37Z,379,24,1,0,3,0,1,1,1,1785033212
2026-07-26T02:34:37Z,380,7,0,16,0,0,1,1,1,1785032984
2026-07-26T02:34:37Z,381,10,3,13,0,0,1,1,1,1785032842
2026-07-26T02:34:37Z,383,5,2,9,1,0,1,1,1,1785030876
2026-07-26T02:34:37Z,384,9,1,17,1,0,1,1,1,1785032699
2026-07-26T02:34:37Z,385,7,2,10,1,0,1,1,1,1785033263
2026-07-26T02:34:37Z,387,17,5,6,0,0,1,1,1,1785031275
2026-07-26T02:34:37Z,388,9,0,38,2,0,1,1,1,1785033189
2026-07-26T02:34:37Z,389,0,0,14,1,0,1,1,1,1785032243
2026-07-26T02:34:37Z,390,22,1,13,0,0,1,1,1,1785033181
2026-07-26T02:34:37Z,391,1,0,14,0,0,1,1,1,1785030831
2026-07-26T02:34:37Z,392,9,5,7,3,0,1,1,1,1785033090
2026-07-26T02:34:37Z,393,0,0,10,1,0,1,1,1,1785028309
2026-07-26T02:34:37Z,394,11,0,2,0,0,1,1,1,1785032940
2026-07-26T02:34:37Z,396,1,0,32,1,0,1,1,1,1785031969
2026-07-26T02:34:37Z,397,2,1,29,0,0,1,1,1,1785032311
2026-07-26T02:34:37Z,399,5,2,10,2,0,1,1,1,1785033222
2026-07-26T02:34:37Z,400,6,6,15,2,0,1,1,1,1785032806
2026-07-26T02:34:37Z,401,7,0,24,8,0,1,1,1,1785032370
2026-07-26T02:34:37Z,403,4,1,23,4,0,1,1,1,1785033046
2026-07-26T02:34:37Z,404,21,2,2,0,0,1,1,1,1785031204
2026-07-26T02:34:37Z,406,3,0,31,1,0,1,1,1,1785033261
2026-07-26T02:34:37Z,407,5,0,29,0,0,1,1,1,1785032826
2026-07-26T02:34:37Z,408,1,0,31,0,0,1,1,1,1785033069
2026-07-26T02:34:37Z,409,0,0,23,0,0,1,1,1,1785030964
2026-07-26T02:34:37Z,413,19,1,4,0,0,1,1,1,1785032154
2026-07-26T02:34:37Z,414,7,0,7,1,0,1,1,1,1785032678
2026-07-26T02:34:37Z,417,5,5,14,0,0,1,1,1,1785033123
2026-07-26T02:34:37Z,418,6,0,9,0,0,1,1,1,1785031882
2026-07-26T02:34:37Z,419,16,0,6,1,0,1,1,1,1785032697
2026-07-26T02:34:37Z,421,8,0,11,0,0,1,1,1,1785033107
2026-07-26T02:34:37Z,422,16,0,11,0,0,1,1,1,1785032589
2026-07-26T02:34:37Z,423,5,0,15,3,0,1,1,1,1785033155
2026-07-26T02:34:37Z,424,8,2,5,2,0,1,1,1,1785032499
2026-07-26T02:34:37Z,425,17,3,2,3,0,1,1,1,1785033257
2026-07-26T02:34:37Z,426,0,0,36,1,0,1,1,1,1785028061
2026-07-26T02:34:37Z,427,13,1,1,1,0,1,1,1,1785033161
2026-07-26T02:34:37Z,428,10,0,8,1,0,1,1,1,1785032660
2026-07-26T02:34:37Z,429,13,8,9,1,0,1,1,1,1785033257
2026-07-26T02:34:37Z,430,27,0,2,2,0,1,1,1,1785032950
2026-07-26T02:34:37Z,431,7,0,24,2,0,1,1,1,1785028455
2026-07-26T02:34:37Z,432,30,2,0,1,0,1,1,1,1785032862
2026-07-26T02:34:37Z,433,6,1,16,1,0,1,1,1,1785031828
2026-07-26T02:34:37Z,437,4,2,14,1,0,1,1,1,1785033145
2026-07-26T02:34:37Z,438,4,1,12,3,0,1,1,1,1785033186
2026-07-26T02:34:37Z,439,11,3,1,3,0,1,1,1,1785033256
2026-07-26T02:34:37Z,440,11,0,2,2,0,1,1,1,1785033150
2026-07-26T02:34:37Z,441,10,2,2,3,0,1,1,1,1785032435
2026-07-26T02:34:37Z,442,0,0,19,0,0,1,1,1,1785030695
2026-07-26T02:34:37Z,443,4,1,23,0,0,1,1,1,1785030104
2026-07-26T02:34:37Z,444,1,0,22,0,0,1,1,1,1785032510
2026-07-26T02:34:37Z,445,4,3,18,0,1,1,1,1,1785033203
2026-07-26T02:34:37Z,446,9,3,14,0,0,1,1,1,1785032590
2026-07-26T02:34:37Z,447,7,1,14,1,1,1,1,1,1785031519
2026-07-26T02:34:37Z,448,12,2,1,1,1,1,1,1,1785019084
2026-07-26T02:34:37Z,452,7,0,11,1,0,1,1,1,1785032694
2026-07-26T02:34:37Z,453,7,4,7,1,0,1,1,1,1785033244
2026-07-26T02:34:37Z,454,10,2,9,0,0,1,1,1,1785032874
2026-07-26T02:34:37Z,455,10,6,28,1,0,1,1,1,1785033260
2026-07-26T02:34:37Z,456,13,2,6,1,0,1,1,1,1785033199
2026-07-26T02:34:37Z,457,4,1,22,1,0,1,1,1,1785033191
2026-07-26T02:34:37Z,458,8,4,13,2,0,1,1,1,1785032914
2026-07-26T02:34:37Z,459,7,1,7,1,0,1,1,1,1785031914
2026-07-26T02:34:37Z,460,1,0,22,0,0,1,1,1,1785032889
2026-07-26T02:34:37Z,461,16,2,2,1,0,1,1,1,1785032851
2026-07-26T02:34:37Z,462,4,1,16,1,0,1,1,1,1785033210
2026-07-26T02:34:37Z,463,10,2,9,0,0,1,1,1,1785031106
2026-07-26T02:34:37Z,464,4,1,9,1,0,1,1,1,1785032175
2026-07-26T02:34:37Z,465,3,2,11,1,0,1,1,1,1785033155
2026-07-26T02:34:37Z,466,1,0,6,8,0,1,1,1,1785027336
2026-07-26T02:34:37Z,467,5,0,8,2,0,1,1,1,1785032315
2026-07-26T02:34:37Z,468,3,1,14,2,0,1,1,1,1785032601
2026-07-26T02:34:37Z,469,0,0,23,0,0,1,1,1,1785030230
2026-07-26T02:34:37Z,470,5,1,9,1,0,1,1,1,1785032600
2026-07-26T02:34:37Z,471,8,0,18,1,0,1,1,1,1785032970
2026-07-26T02:34:37Z,472,5,0,11,3,0,1,1,1,1785033115
2026-07-26T02:34:37Z,473,11,2,5,3,0,1,1,1,1785033259
2026-07-26T02:34:37Z,474,14,1,5,0,0,1,1,1,1785033260
2026-07-26T02:34:37Z,475,3,0,15,1,0,1,1,1,1785033222
2026-07-26T02:34:37Z,476,4,2,10,8,0,1,1,1,1785033004
2026-07-26T02:34:37Z,477,1,0,14,0,0,1,1,1,1785032939
2026-07-26T02:34:37Z,478,15,2,15,1,0,1,1,1,1785033141
2026-07-26T02:34:37Z,479,20,1,5,2,0,1,1,1,1785032778
2026-07-26T02:34:37Z,480,12,4,1,2,0,1,1,1,1785032867
2026-07-26T02:34:37Z,481,1,1,33,1,0,1,1,1,1785033182
2026-07-26T02:34:37Z,482,10,1,8,1,0,1,1,1,1785032987
2026-07-26T02:34:37Z,483,20,1,5,2,0,1,1,1,1785033257
2026-07-26T02:34:37Z,484,4,0,14,1,0,1,1,1,1785030180
2026-07-26T02:34:37Z,485,10,2,6,3,0,1,1,1,1785031496
2026-07-26T02:34:37Z,486,13,0,12,2,0,1,1,1,1785033163
2026-07-26T02:34:37Z,487,3,3,14,2,0,1,1,1,1785033201
2026-07-26T02:34:37Z,489,4,0,9,2,0,1,1,1,1785032826
2026-07-26T02:34:37Z,490,13,1,0,3,0,1,1,1,1785032968
2026-07-26T02:34:37Z,491,12,2,9,0,0,1,1,1,1785033075
2026-07-26T02:34:37Z,492,2,2,6,3,0,1,1,1,1785033263
2026-07-26T02:34:37Z,493,0,0,27,0,0,1,1,1,1785022861
2026-07-26T02:34:37Z,495,8,4,5,2,0,1,1,1,1785033264
2026-07-26T02:34:37Z,496,4,0,23,0,0,1,1,1,1785033203
2026-07-26T02:34:37Z,497,13,3,6,0,0,1,1,1,1785032397
2026-07-26T02:34:37Z,498,22,6,1,0,0,1,1,1,1785033113
2026-07-26T02:34:37Z,499,10,0,9,0,0,1,1,1,1785032582
2026-07-26T02:34:37Z,500,10,2,5,0,0,1,1,1,1785032812
2026-07-26T02:34:37Z,501,3,1,16,2,0,1,1,1,1785032850
2026-07-26T02:34:37Z,502,2,0,17,0,0,1,1,1,1785027486
2026-07-26T02:34:37Z,503,12,3,18,1,0,1,1,1,1785033258
2026-07-26T02:34:37Z,504,1,0,38,0,0,1,1,1,1785032601
2026-07-26T02:34:37Z,505,0,0,10,2,0,1,1,1,1785030366
2026-07-26T02:34:37Z,511,4,0,18,1,0,1,1,1,1785031810
2026-07-26T02:34:37Z,512,11,1,16,0,0,1,1,1,1785032747
2026-07-26T02:34:37Z,514,3,0,7,1,0,1,1,1,1785033087
2026-07-26T02:34:37Z,515,11,1,6,2,0,1,1,1,1785032233
2026-07-26T02:34:37Z,516,25,2,2,0,0,1,1,1,1785033147
2026-07-26T02:34:37Z,517,18,7,4,1,0,1,1,1,1785032325
2026-07-26T02:34:37Z,518,3,2,10,2,0,1,1,1,1785030991
2026-07-26T02:34:37Z,519,18,3,1,0,0,1,1,1,1785032490
2026-07-26T02:34:37Z,520,19,2,6,2,0,1,1,1,1785032832
2026-07-26T02:34:37Z,521,5,1,18,0,0,1,1,1,1785031992
2026-07-26T02:34:37Z,522,15,2,8,0,0,1,1,1,1785033184
2026-07-26T02:34:37Z,523,7,0,16,0,0,1,1,1,1785029241
2026-07-26T02:34:37Z,524,23,3,0,0,0,1,1,1,1785032775
2026-07-26T02:34:37Z,525,14,2,5,0,0,1,1,1,1785032820
2026-07-26T02:34:37Z,526,6,2,7,2,0,1,1,1,1785031488
2026-07-26T02:34:37Z,527,4,2,21,1,0,1,1,1,1785033230
2026-07-26T02:34:37Z,528,7,0,16,0,0,1,1,1,1785027945
2026-07-26T02:34:37Z,529,5,2,8,6,0,1,1,1,1785033261
2026-07-26T02:34:37Z,530,19,3,0,2,0,1,1,1,1785033087
2026-07-26T02:34:37Z,531,11,1,11,1,0,1,1,1,1785033255
2026-07-26T02:34:37Z,532,15,6,13,2,1,1,1,1,1785031254
2026-07-26T02:34:37Z,533,9,0,9,1,0,1,1,1,1785032933
2026-07-26T02:34:37Z,534,6,2,16,1,0,1,1,1,1785032850
2026-07-26T02:34:37Z,535,0,0,15,0,0,1,1,1,1785028137
2026-07-26T02:34:37Z,536,14,3,9,0,0,1,1,1,1785032519
2026-07-26T02:34:37Z,537,1,1,20,0,0,1,1,1,1785031422
2026-07-26T02:34:37Z,538,9,0,7,7,0,1,1,1,1785033204
2026-07-26T02:34:37Z,539,11,1,19,1,0,1,1,1,1785032044
2026-07-26T02:34:37Z,540,3,1,16,0,0,1,1,1,1785031906
2026-07-26T02:34:37Z,541,9,1,18,0,0,1,1,1,1785033134
2026-07-26T02:34:37Z,542,2,1,21,0,0,1,1,1,1785032837
2026-07-26T02:34:37Z,543,11,2,8,0,0,1,1,1,1785031963
2026-07-26T02:34:37Z,544,3,2,17,2,0,1,1,1,1785032162
2026-07-26T02:34:37Z,545,13,4,3,3,0,1,1,1,1785032857
2026-07-26T02:34:37Z,546,5,2,14,0,0,1,1,1,1785032920
2026-07-26T02:34:37Z,547,9,3,16,0,0,1,1,1,1785033162
2026-07-26T02:34:37Z,548,5,0,18,0,0,1,1,1,1785030753
2026-07-26T02:34:37Z,549,15,2,6,2,0,1,1,1,1785033260
2026-07-26T02:34:37Z,550,18,2,1,0,0,1,1,1,1785032732
2026-07-26T02:34:37Z,551,17,6,5,1,0,1,1,1,1785032851
2026-07-26T02:34:37Z,552,6,4,21,0,0,1,1,1,1785032454
2026-07-26T02:34:37Z,553,12,2,9,2,0,1,1,1,1785033066
2026-07-26T02:34:37Z,554,7,3,11,1,0,1,1,1,1785032664
2026-07-26T02:34:37Z,555,14,4,0,1,0,1,1,1,1785031613
2026-07-26T02:34:37Z,556,11,0,10,2,0,1,1,1,1785033262
2026-07-26T02:34:37Z,557,0,0,23,0,0,1,1,1,1785030719
2026-07-26T02:34:37Z,558,28,4,9,0,0,1,1,1,1785033201
2026-07-26T02:34:37Z,559,1,0,17,1,0,1,1,1,1785027034
2026-07-26T02:34:37Z,560,15,0,11,1,0,1,1,1,1785033212
2026-07-26T02:34:37Z,561,12,0,8,3,0,1,1,1,1785032836
2026-07-26T02:34:37Z,562,13,0,16,6,0,1,1,1,1785033051
2026-07-26T02:34:37Z,563,10,0,4,0,0,1,1,1,1785032804
2026-07-26T02:34:37Z,564,12,1,7,0,0,1,1,1,1785033180
2026-07-26T02:34:37Z,565,15,3,3,1,0,1,1,1,1785032937
2026-07-26T02:34:37Z,566,1,0,17,1,0,1,1,1,1785033211
2026-07-26T02:34:37Z,567,25,0,0,2,0,1,1,1,1785032723
2026-07-26T02:34:37Z,568,8,0,11,0,0,1,1,1,1785033264
2026-07-26T02:34:37Z,569,5,1,14,0,0,1,1,1,1785031838
2026-07-26T02:34:37Z,570,7,0,11,1,0,1,1,1,1785033025
2026-07-26T02:34:37Z,571,22,0,0,1,0,1,1,1,1785028495
2026-07-26T02:34:37Z,572,2,0,15,2,0,1,1,1,1785033036
2026-07-26T02:34:37Z,573,6,0,9,0,0,1,1,1,1785032967
2026-07-26T02:34:37Z,574,4,2,11,0,0,1,1,1,1785030292
2026-07-26T02:34:37Z,575,5,0,15,1,0,1,1,1,1785032525
2026-07-26T02:34:37Z,576,0,0,19,0,0,1,1,1,1785033259
2026-07-26T02:34:37Z,577,7,0,24,0,0,1,1,1,1785032111
2026-07-26T02:34:37Z,578,18,6,4,1,0,1,1,1,1785033077
2026-07-26T02:34:37Z,579,21,0,21,1,0,1,1,1,1785032669
2026-07-26T02:34:37Z,580,24,1,5,0,0,1,1,1,1785033069
2026-07-26T02:34:37Z,581,15,1,4,0,0,1,1,1,1785033168
2026-07-26T02:34:37Z,582,12,0,47,2,0,1,1,1,1785033261
2026-07-26T02:34:37Z,583,18,3,4,1,0,1,1,1,1785032886
2026-07-26T02:34:37Z,584,7,6,6,6,0,1,1,1,1785032535
2026-07-26T02:34:37Z,585,23,0,3,0,0,1,1,1,1785033146
2026-07-26T02:34:37Z,586,25,3,10,0,0,1,1,1,1785033136
2026-07-26T02:34:37Z,587,22,0,1,1,0,1,1,1,1785033234
2026-07-26T02:34:37Z,588,0,0,19,0,0,1,1,1,1785032895
2026-07-26T02:34:37Z,589,2,2,21,0,0,1,1,1,1785031309
2026-07-26T02:34:37Z,590,0,0,31,0,0,1,1,1,1785032967
2026-07-26T02:34:37Z,591,25,0,3,2,0,1,1,1,1785032330
2026-07-26T02:34:37Z,592,11,0,12,0,0,1,1,1,1785032835
2026-07-26T02:34:37Z,593,10,0,28,0,0,1,1,1,1785031941
2026-07-26T02:34:37Z,594,21,1,0,0,0,1,1,1,1785033141
2026-07-26T02:34:37Z,595,0,0,3,0,0,0,1,1,1784046673
2026-07-26T02:34:37Z,605,0,0,2,1,0,0,1,1,1783975843
2026-07-26T02:34:37Z,606,0,0,0,0,0,0,1,1,86400
2026-07-26T02:34:37Z,607,2,0,30,1,0,1,1,1,1785033173
2026-07-26T02:34:37Z,609,7,2,15,1,0,1,1,1,1785032759
2026-07-26T02:34:37Z,610,3,2,32,0,0,1,1,1,1785032232
2026-07-26T02:34:37Z,611,19,1,8,0,0,1,1,1,1785032946
2026-07-26T02:34:37Z,612,11,2,4,0,0,1,1,1,1785031000
2026-07-26T02:34:37Z,613,8,1,7,0,0,1,1,1,1785020703
2026-07-26T02:34:37Z,614,1,1,24,1,1,1,1,1,1785033080
2026-07-26T02:34:37Z,617,10,4,4,1,0,1,1,1,1785032759
2026-07-26T02:34:37Z,618,14,3,2,3,0,1,1,1,1785032838
2026-07-26T02:34:37Z,619,8,1,11,0,0,1,1,1,1785033138
2026-07-26T02:34:37Z,620,13,1,14,0,0,1,1,1,1785032616
2026-07-26T02:34:37Z,621,20,6,3,0,0,1,1,1,1785033200
2026-07-26T02:34:37Z,622,11,1,10,1,1,1,1,1,1785033245
2026-07-26T02:34:37Z,623,18,3,12,0,0,1,1,1,1785031771
2026-07-26T02:34:37Z,624,9,1,6,0,0,1,1,1,1785032312
2026-07-26T02:34:37Z,625,5,2,14,2,0,1,1,1,1785032968
2026-07-26T02:34:37Z,626,3,0,42,0,0,1,1,1,1785032763
2026-07-26T02:34:37Z,627,19,6,0,0,0,1,1,1,1785029813
2026-07-26T02:34:37Z,628,7,5,6,5,1,1,1,1,1785033237
2026-07-26T02:34:37Z,629,2,2,9,0,0,1,1,1,1785033040
2026-07-26T02:34:37Z,630,18,7,6,3,0,1,1,1,1785033241
2026-07-26T02:34:37Z,631,4,3,18,1,0,1,1,1,1785032218
2026-07-26T02:34:37Z,632,16,7,4,3,0,1,1,1,1785032662
2026-07-26T02:34:37Z,633,11,5,0,4,0,1,1,1,1785032649
2026-07-26T02:34:37Z,634,8,2,11,0,0,1,1,1,1785028339
2026-07-26T02:34:37Z,635,15,1,3,1,0,1,1,1,1785033182
2026-07-26T02:34:37Z,636,12,0,2,1,0,1,1,1,1785026112
2026-07-26T02:34:37Z,637,8,1,10,1,0,1,1,1,1785031160
2026-07-26T02:34:37Z,638,13,2,4,2,0,1,1,1,1785032938
2026-07-26T02:34:37Z,639,1,0,18,0,0,1,1,1,1785031953
2026-07-26T02:34:37Z,640,10,4,13,0,0,1,1,1,1785033254
2026-07-26T02:34:37Z,641,21,2,4,1,0,1,1,1,1785032976
2026-07-26T02:34:37Z,642,0,0,13,6,0,1,1,1,1785033259
2026-07-26T02:34:37Z,643,1,0,26,0,0,1,1,1,1785030826
2026-07-26T02:34:37Z,644,5,2,10,0,0,1,1,1,1785030685
2026-07-26T02:34:37Z,645,5,1,16,1,1,1,1,1,1785030636
2026-07-26T02:34:37Z,646,9,1,10,0,0,1,1,1,1785031336
2026-07-26T02:34:37Z,647,24,0,6,1,0,1,1,1,1785033131
2026-07-26T02:34:37Z,648,5,0,12,2,0,1,1,1,1785033221
2026-07-26T02:34:37Z,649,13,0,18,0,0,1,1,1,1785033197
2026-07-26T02:34:37Z,650,11,4,2,1,0,1,1,1,1785028022
2026-07-26T02:34:37Z,651,0,0,21,2,0,1,1,1,1785033071
2026-07-26T02:34:37Z,652,2,2,18,3,0,1,1,1,1785033141
2026-07-26T02:34:37Z,653,2,0,12,5,0,1,1,1,1785033067
2026-07-26T02:34:37Z,654,2,1,13,0,0,1,1,1,1785032796
2026-07-26T02:34:37Z,655,5,1,3,4,1,1,1,1,1785033147
2026-07-26T02:34:37Z,656,16,4,2,1,0,1,1,1,1785032949
2026-07-26T02:34:37Z,657,0,0,12,4,1,1,1,1,1785033010
2026-07-26T02:34:37Z,658,9,3,5,5,1,1,1,1,1785033189
2026-07-26T02:34:37Z,659,2,1,9,4,0,1,1,1,1785029361
2026-07-26T02:34:37Z,660,22,7,5,4,0,1,1,1,1785033016
2026-07-26T02:34:37Z,661,12,0,6,1,0,1,1,1,1785033264
2026-07-26T02:34:37Z,662,6,2,16,1,0,1,1,1,1785032266
2026-07-26T02:34:37Z,663,4,0,11,0,0,1,1,1,1785033043
2026-07-26T02:34:37Z,664,2,2,25,0,0,1,1,1,1785032171
2026-07-26T02:34:37Z,665,5,4,9,1,0,1,1,1,1785031586
2026-07-26T02:34:37Z,666,11,4,2,2,0,1,1,1,1785028057
2026-07-26T02:34:37Z,667,8,0,9,0,0,1,1,1,1785033187
2026-07-26T02:34:37Z,668,3,0,14,2,0,1,1,1,1785033002
2026-07-26T02:34:37Z,669,9,2,4,1,0,1,1,1,1785031951
2026-07-26T02:34:37Z,670,0,0,25,2,0,1,1,1,1785032200
2026-07-26T02:34:37Z,671,12,2,13,2,0,1,1,1,1785032822
2026-07-26T02:34:37Z,672,11,0,7,4,1,1,1,1,1785032371
2026-07-26T02:34:37Z,673,14,1,9,0,0,1,1,1,1785033195
2026-07-26T02:34:37Z,674,0,0,20,3,0,1,1,1,1785033133
2026-07-26T02:34:37Z,675,11,5,1,3,0,1,1,1,1785032468
2026-07-26T02:34:37Z,676,21,0,1,0,0,1,1,1,1785033213
2026-07-26T02:34:37Z,681,7,0,7,1,0,1,1,1,1785032649
2026-07-26T02:34:37Z,682,5,0,14,0,0,1,1,1,1785029713
2026-07-26T02:34:37Z,683,16,8,3,0,0,1,1,1,1785021845
2026-07-26T02:34:37Z,684,5,0,22,0,0,1,1,1,1785023981
2026-07-26T02:34:37Z,685,23,4,1,2,1,1,1,1,1785032571
2026-07-26T02:34:37Z,686,2,1,23,1,1,1,1,1,1785033143
2026-07-26T02:34:37Z,687,7,1,22,1,1,1,1,1,1785033219
2026-07-26T02:34:37Z,688,15,4,1,3,0,1,1,1,1785033263
2026-07-26T02:34:37Z,692,0,0,21,0,0,1,1,1,1785031879
2026-07-26T02:34:37Z,693,3,0,5,3,0,1,1,1,1785032666
2026-07-26T02:34:37Z,694,6,0,14,0,0,1,1,1,1785032201
2026-07-26T02:34:37Z,695,15,9,8,0,0,1,1,1,1785033037
2026-07-26T02:34:37Z,696,20,4,2,1,0,1,1,1,1785032418
2026-07-26T02:34:37Z,697,9,4,13,1,0,1,1,1,1785033247
2026-07-26T02:34:37Z,698,21,8,6,0,0,1,1,1,1785033220
2026-07-26T02:34:37Z,699,3,1,11,1,0,1,1,1,1785032139
2026-07-26T02:34:37Z,700,3,1,14,2,0,1,1,1,1785033214
2026-07-26T02:34:37Z,701,16,3,3,0,0,1,1,1,1785032931
2026-07-26T02:34:37Z,702,13,3,9,1,0,1,1,1,1785032880
2026-07-26T02:34:37Z,704,11,0,4,0,0,1,1,1,1785033262
2026-07-26T02:34:37Z,705,1,0,14,0,0,1,1,1,1785032953
2026-07-26T02:34:37Z,706,10,7,4,1,0,1,1,1,1785032961
2026-07-26T02:34:37Z,707,9,1,6,0,0,1,1,1,1785032743
2026-07-26T02:34:37Z,708,9,1,9,1,0,1,1,1,1785033023
2026-07-26T02:34:37Z,709,4,2,10,1,0,1,1,1,1785032819
2026-07-26T02:34:37Z,710,6,2,13,0,0,1,1,1,1785033042
2026-07-26T02:34:37Z,711,13,2,2,4,0,1,1,1,1785033262
2026-07-26T02:34:37Z,712,5,2,10,0,0,1,1,1,1785033064
2026-07-26T02:34:37Z,713,5,1,18,0,0,1,1,1,1785032274
2026-07-26T02:34:37Z,716,1,0,14,0,0,1,1,1,1785031763
2026-07-26T02:34:37Z,717,8,7,15,2,0,1,1,1,1785033182
2026-07-26T02:34:37Z,718,3,1,12,0,0,1,1,1,1785032218
2026-07-26T02:34:37Z,719,6,0,23,0,0,1,1,1,1785033002
2026-07-26T02:34:37Z,720,2,2,17,0,0,1,1,1,1785032274
2026-07-26T02:34:37Z,721,11,0,11,1,0,1,1,1,1785032119
2026-07-26T02:34:37Z,722,6,1,9,0,0,1,1,1,1785031879
2026-07-26T02:34:37Z,723,12,1,10,1,0,1,1,1,1785032460
2026-07-26T02:34:37Z,724,13,4,10,0,0,1,1,1,1785032321
2026-07-26T02:34:37Z,725,21,0,1,1,0,1,1,1,1785033180
2026-07-26T02:34:37Z,726,10,0,9,0,0,1,1,1,1785032895
2026-07-26T02:34:37Z,727,13,7,9,1,0,1,1,1,1785032014
2026-07-26T02:34:37Z,728,10,2,4,1,0,1,1,1,1785032751
2026-07-26T02:34:37Z,729,16,2,3,0,0,1,1,1,1785033188
2026-07-26T02:34:37Z,730,4,3,11,0,0,1,1,1,1785033194
2026-07-26T02:34:37Z,731,5,1,10,0,0,1,1,1,1785032719
2026-07-26T02:34:37Z,732,2,1,13,0,0,1,1,1,1785032738
2026-07-26T02:34:37Z,733,12,0,15,0,0,1,1,1,1785032998
2026-07-26T02:34:37Z,734,4,4,10,0,0,1,1,1,1785032028
2026-07-26T02:34:37Z,735,0,0,27,0,0,1,1,1,1785033097
2026-07-26T02:34:37Z,736,17,4,2,0,0,1,1,1,1785032337
2026-07-26T02:34:37Z,737,8,0,7,0,0,1,1,1,1785032367
2026-07-26T02:34:37Z,738,5,3,14,0,0,1,1,1,1785033042
2026-07-26T02:34:37Z,739,14,0,12,1,0,1,1,1,1785032004
2026-07-26T02:34:37Z,741,6,2,15,2,0,1,1,1,1785032124
2026-07-26T02:34:37Z,742,34,6,4,1,0,1,1,1,1785032964
2026-07-26T02:34:37Z,743,8,1,11,0,0,1,1,1,1785032032
2026-07-26T02:34:37Z,744,5,2,10,0,0,1,1,1,1785031989
2026-07-26T02:34:37Z,745,11,2,8,0,0,1,1,1,1785032464
2026-07-26T02:34:37Z,746,5,0,18,0,0,1,1,1,1785033053
2026-07-26T02:34:37Z,747,0,0,4,0,0,0,1,1,1783446606
2026-07-26T02:34:37Z,748,7,2,13,0,0,1,1,1,1785032818
2026-07-26T02:34:37Z,749,1,0,22,0,0,1,1,1,1785031750
2026-07-26T02:34:37Z,750,2,0,7,2,0,1,1,1,1785032898
2026-07-26T02:34:37Z,751,2,1,21,0,0,1,1,1,1785033218
2026-07-26T02:34:37Z,752,1,1,15,1,0,1,1,1,1785032988
2026-07-26T02:34:37Z,753,2,0,13,0,0,1,1,1,1785033223
2026-07-26T02:34:37Z,754,0,0,15,0,0,1,1,1,1785032591
2026-07-26T02:34:37Z,755,2,1,21,0,0,1,1,1,1785032859
2026-07-26T02:34:37Z,756,3,2,35,0,0,1,1,1,1785032627
2026-07-26T02:34:37Z,757,3,0,16,0,0,1,1,1,1785032444
2026-07-26T02:34:37Z,758,12,5,10,1,0,1,1,1,1785033211
2026-07-26T02:34:37Z,759,6,3,9,0,0,1,1,1,1785032914
2026-07-26T02:34:37Z,760,3,0,16,0,0,1,1,1,1785027466
2026-07-26T02:34:37Z,761,4,2,18,1,0,1,1,1,1785032938
2026-07-26T02:34:37Z,762,2,0,9,4,0,1,1,1,1785032124
2026-07-26T02:34:37Z,768,11,4,8,0,0,1,1,1,1785033108
2026-07-26T02:34:37Z,769,6,5,12,1,0,1,1,1,1785032982
2026-07-26T02:34:37Z,770,6,2,12,0,1,1,1,1,1785032695
2026-07-26T02:34:37Z,771,7,4,8,0,0,1,1,1,1785032594
2026-07-26T02:34:37Z,772,7,2,8,0,0,1,1,1,1785033110
2026-07-26T02:34:37Z,773,9,2,9,1,0,1,1,1,1785031739
2026-07-26T02:34:37Z,774,7,3,7,1,0,1,1,1,1785032935
2026-07-26T02:34:37Z,775,3,0,14,2,0,1,1,1,1785031993
2026-07-26T02:34:37Z,776,5,0,15,1,0,1,1,1,1785031812
2026-07-26T02:34:37Z,777,3,1,10,2,0,1,1,1,1785033120
2026-07-26T02:34:37Z,778,10,4,7,2,0,1,1,1,1785032018
2026-07-26T02:34:37Z,779,6,1,13,0,0,1,1,1,1785033019
2026-07-26T02:34:37Z,780,3,2,15,1,0,1,1,1,1785033239
2026-07-26T02:34:37Z,781,3,1,7,1,0,1,1,1,1785032644
2026-07-26T02:34:37Z,782,8,1,9,2,0,1,1,1,1785032059
2026-07-26T02:34:37Z,783,5,1,12,2,0,1,1,1,1785033051
2026-07-26T02:34:37Z,784,9,2,10,0,0,1,1,1,1785031775
2026-07-26T02:34:37Z,785,4,2,11,4,0,1,1,1,1785032901
2026-07-26T02:34:37Z,786,14,0,4,1,0,1,1,1,1785031500
2026-07-26T02:34:37Z,787,3,0,12,0,0,1,1,1,1785032241
2026-07-26T02:34:37Z,788,6,1,9,0,0,1,1,1,1785032254
2026-07-26T02:34:37Z,789,9,2,3,3,0,1,1,1,1785032925
2026-07-26T02:34:37Z,790,6,1,17,0,0,1,1,1,1785032091
2026-07-26T02:34:37Z,791,5,1,13,0,1,1,1,1,1785032401
2026-07-26T02:34:37Z,793,5,0,9,1,0,1,1,1,1785033177
2026-07-26T02:34:37Z,794,9,5,19,1,0,1,1,1,1785033068
2026-07-26T02:34:37Z,796,4,1,13,2,0,1,1,1,1785031965
2026-07-26T02:34:37Z,797,12,5,3,0,0,1,1,1,1785033128
2026-07-26T02:34:37Z,798,4,0,20,1,0,1,1,1,1785032348
2026-07-26T02:34:37Z,799,12,1,4,3,0,1,1,1,1785031940
2026-07-26T02:34:37Z,800,7,0,12,2,0,1,1,1,1785033257
2026-07-26T02:34:37Z,801,3,0,18,0,0,1,1,1,1785032114
2026-07-26T02:34:37Z,802,11,0,19,1,0,1,1,1,1785032693
2026-07-26T02:34:37Z,803,7,2,8,0,0,1,1,1,1785033033
2026-07-26T02:34:37Z,806,1,1,12,2,0,1,1,1,1785032655
2026-07-26T02:34:37Z,807,5,5,19,1,0,1,1,1,1785033180
2026-07-26T02:34:37Z,808,13,0,11,1,0,1,1,1,1785032430
2026-07-26T02:34:37Z,809,5,2,18,0,0,1,1,1,1785031586
2026-07-26T02:34:37Z,810,10,5,7,2,0,1,1,1,1785032858
2026-07-26T02:34:37Z,815,5,1,8,1,1,1,1,1,1785032483
2026-07-26T02:34:37Z,817,1,0,9,5,0,1,1,1,1785032231
2026-07-26T02:34:37Z,818,7,1,16,0,0,1,1,1,1785031661
2026-07-26T02:34:37Z,819,8,0,7,0,0,1,1,1,1785032886
2026-07-26T02:34:37Z,820,14,3,3,0,0,1,1,1,1785031953
2026-07-26T02:34:37Z,821,6,2,9,0,0,1,1,1,1785032979
2026-07-26T02:34:37Z,822,23,1,0,0,0,1,1,1,1785032938
2026-07-26T02:34:37Z,823,14,6,0,1,0,1,1,1,1785032423
2026-07-26T02:34:37Z,824,16,15,2,1,0,1,1,1,1785033254
2026-07-26T02:34:37Z,825,9,1,6,0,0,1,1,1,1785032354
2026-07-26T02:34:37Z,826,13,0,4,2,0,1,1,1,1785032441
2026-07-26T02:34:37Z,827,14,3,5,2,0,1,1,1,1785031943
2026-07-26T02:34:37Z,828,14,11,1,3,0,1,1,1,1785033063
2026-07-26T02:34:37Z,829,17,4,10,0,0,1,1,1,1785031986
2026-07-26T02:34:37Z,830,14,2,9,0,0,1,1,1,1785032667
2026-07-26T02:34:37Z,831,9,1,6,0,0,1,1,1,1785032540
2026-07-26T02:34:37Z,832,10,1,6,2,0,1,1,1,1785031687
2026-07-26T02:34:37Z,833,13,4,5,1,0,1,1,1,1785033237
2026-07-26T02:34:37Z,834,1,1,22,0,1,1,1,1,1785033006
2026-07-26T02:34:37Z,835,3,3,13,2,0,1,1,1,1785033081
2026-07-26T02:34:37Z,837,6,5,1,8,0,1,1,1,1785032083
2026-07-26T02:34:37Z,838,5,1,10,0,0,1,1,1,1785033223
2026-07-26T02:34:37Z,839,8,0,21,0,0,1,1,1,1785033053
2026-07-26T02:34:37Z,840,4,2,22,3,0,1,1,1,1785033049
2026-07-26T02:34:37Z,841,2,0,13,0,0,1,1,1,1785032575
2026-07-26T02:34:37Z,842,20,3,3,0,0,1,1,1,1785032834
2026-07-26T02:34:37Z,843,4,0,27,0,0,1,1,1,1785031567
2026-07-26T02:34:37Z,844,5,1,17,1,0,1,1,1,1785033221
2026-07-26T02:34:37Z,845,2,1,17,0,0,1,1,1,1785031743
2026-07-26T02:34:37Z,846,6,3,13,0,0,1,1,1,1785032515
2026-07-26T02:34:37Z,847,14,2,13,0,0,1,1,1,1785033047
2026-07-26T02:34:37Z,848,3,0,14,2,0,1,1,1,1785031976
2026-07-26T02:34:37Z,849,9,3,6,0,0,1,1,1,1785032784
2026-07-26T02:34:37Z,850,8,0,1,2,0,1,1,1,1785032277
2026-07-26T02:34:37Z,851,6,6,26,5,0,1,1,1,1785033225
2026-07-26T02:34:37Z,852,4,1,15,0,0,1,1,1,1785031955
2026-07-26T02:34:37Z,853,9,3,14,0,0,1,1,1,1785031683
2026-07-26T02:34:37Z,854,10,2,5,0,0,1,1,1,1785032839
2026-07-26T02:34:37Z,855,19,0,6,2,0,1,1,1,1785031811
2026-07-26T02:34:37Z,857,4,1,15,0,0,1,1,1,1785033169
2026-07-26T02:34:37Z,858,1,1,17,1,0,1,1,1,1785032203
2026-07-26T02:34:37Z,859,12,2,8,1,0,1,1,1,1785032268
2026-07-26T02:34:37Z,861,4,1,6,1,0,1,1,1,1785028855
2026-07-26T02:34:37Z,862,4,3,10,1,0,1,1,1,1785032459
2026-07-26T02:34:37Z,863,5,0,12,2,0,1,1,1,1785022765
2026-07-26T02:34:37Z,866,4,0,15,0,0,1,1,1,1785031871
2026-07-26T02:34:37Z,867,6,0,9,0,0,1,1,1,1785032197
2026-07-26T02:34:37Z,868,7,1,8,0,0,1,1,1,1785032625
2026-07-26T02:34:37Z,870,5,2,10,0,0,1,1,1,1785033036
2026-07-26T02:34:37Z,871,1,0,9,1,0,1,1,1,1785032039
2026-07-26T02:34:37Z,872,6,1,9,0,0,1,1,1,1785032048
2026-07-26T02:34:37Z,873,1,0,32,0,0,1,1,1,1785032909
2026-07-26T02:34:37Z,874,9,2,4,2,0,1,1,1,1785032578
2026-07-26T02:34:37Z,875,11,9,4,0,0,1,1,1,1785032492
2026-07-26T02:34:37Z,877,13,11,4,2,0,1,1,1,1785032845
2026-07-26T02:34:37Z,878,6,5,13,0,0,1,1,1,1785033259
2026-07-26T02:34:37Z,879,2,0,17,0,0,1,1,1,1785032491
2026-07-26T02:34:37Z,880,0,0,23,0,0,1,1,1,1785033240
2026-07-26T02:34:37Z,881,3,0,14,2,0,1,1,1,1785032233
2026-07-26T02:34:37Z,882,12,5,5,2,0,1,1,1,1785031782
2026-07-26T02:34:37Z,883,11,5,8,0,0,1,1,1,1785032312
2026-07-26T02:34:37Z,884,5,0,16,0,0,1,1,1,1785032356
2026-07-26T02:34:37Z,885,4,0,14,1,0,1,1,1,1785032887
2026-07-26T02:34:37Z,886,2,1,24,3,0,1,1,1,1785032791
2026-07-26T02:34:37Z,887,1,0,14,2,0,1,1,1,1785032936
2026-07-26T02:34:37Z,888,25,0,14,2,0,1,1,1,1785033263
2026-07-26T02:34:37Z,889,2,0,15,2,0,1,1,1,1785032686
2026-07-26T02:34:37Z,890,4,1,11,0,0,1,1,1,1785029507
2026-07-26T02:34:37Z,891,6,0,16,1,0,1,1,1,1785032218
2026-07-26T02:34:37Z,892,12,1,2,1,0,1,1,1,1785029050
2026-07-26T02:34:37Z,895,1,0,18,0,0,1,1,1,1785024535
2026-07-26T02:34:37Z,896,9,1,25,1,0,1,1,1,1785033082
2026-07-26T02:34:37Z,897,5,0,16,0,0,1,1,1,1785033173
2026-07-26T02:34:37Z,898,3,0,16,0,0,1,1,1,1785031549
2026-07-26T02:34:37Z,899,16,1,3,0,0,1,1,1,1785032560
2026-07-26T02:34:37Z,900,12,0,15,0,0,1,1,1,1785033116
2026-07-26T02:34:37Z,901,4,0,15,0,0,1,1,1,1785033180
2026-07-26T02:34:37Z,902,13,2,2,0,0,1,1,1,1785031858
2026-07-26T02:34:37Z,903,4,0,15,0,0,1,1,1,1785031659
2026-07-26T02:34:37Z,904,18,5,1,0,0,1,1,1,1785031762
2026-07-26T02:34:37Z,905,4,0,23,0,0,1,1,1,1785032921
2026-07-26T02:34:37Z,906,12,10,15,0,0,1,1,1,1785032963
2026-07-26T02:34:37Z,907,10,0,20,1,0,1,1,1,1785033187
2026-07-26T02:34:37Z,908,8,1,15,0,0,1,1,1,1785033246
2026-07-26T02:34:37Z,909,5,5,18,0,0,1,1,1,1785033115
2026-07-26T02:34:37Z,910,2,2,29,0,0,1,1,1,1785032635
2026-07-26T02:34:37Z,911,4,0,14,1,0,1,1,1,1785031467
2026-07-26T02:34:37Z,912,0,0,18,5,0,1,1,1,1785033114
2026-07-26T02:34:37Z,913,0,0,19,0,0,1,1,1,1785032223
2026-07-26T02:34:37Z,914,13,2,5,1,0,1,1,1,1785033210
2026-07-26T02:34:37Z,915,7,2,15,1,0,1,1,1,1785031516
2026-07-26T02:34:37Z,916,6,1,17,0,0,1,1,1,1785032894
2026-07-26T02:34:37Z,917,32,0,3,0,0,1,1,1,1785033045
2026-07-26T02:34:37Z,918,9,4,9,1,0,1,1,1,1785033132
2026-07-26T02:34:37Z,919,22,0,15,2,0,1,1,1,1785033188
2026-07-26T02:34:37Z,920,6,4,13,0,0,1,1,1,1785032411
2026-07-26T02:34:37Z,921,12,2,9,0,0,1,1,1,1785033015
2026-07-26T02:34:37Z,922,10,0,11,0,0,1,1,1,1785033132
2026-07-26T02:34:37Z,923,12,2,6,1,0,1,1,1,1785033264
2026-07-26T02:34:37Z,924,10,0,11,0,0,1,1,1,1785032887
2026-07-26T02:34:37Z,925,9,2,11,1,0,1,1,1,1785032040
2026-07-26T02:34:37Z,926,2,2,19,0,0,1,1,1,1785032998
2026-07-26T02:34:37Z,927,15,1,20,0,0,1,1,1,1785033066
2026-07-26T02:34:37Z,928,10,0,9,0,0,1,1,1,1785033061
2026-07-26T02:34:37Z,929,9,0,14,0,0,1,1,1,1785032378
2026-07-26T02:34:37Z,930,29,0,1,1,0,1,1,1,1785032624
2026-07-26T02:34:37Z,931,0,0,23,0,0,1,1,1,1785033215
2026-07-26T02:34:37Z,932,16,1,1,2,0,1,1,1,1785032849
2026-07-26T02:34:37Z,933,21,1,1,1,0,1,1,1,1785033068
2026-07-26T02:34:37Z,934,8,1,23,0,0,1,1,1,1785032029
2026-07-26T02:34:37Z,935,10,1,7,2,0,1,1,1,1785033083
2026-07-26T02:34:37Z,936,9,1,10,0,0,1,1,1,1785032976
2026-07-26T02:34:37Z,940,11,1,0,0,0,1,1,1,1785028986
2026-07-26T02:34:37Z,941,2,0,19,4,0,1,1,1,1785032589
2026-07-26T02:34:37Z,942,0,0,21,0,0,1,1,1,1785032550
2026-07-26T02:34:37Z,943,8,7,7,0,0,1,1,1,1785032512
2026-07-26T02:34:37Z,944,10,8,5,0,0,1,1,1,1785032356
2026-07-26T02:34:37Z,945,8,6,7,0,0,1,1,1,1785032070
2026-07-26T02:34:37Z,946,6,4,13,0,0,1,1,1,1785032356
2026-07-26T02:34:37Z,947,9,8,8,0,0,1,1,1,1785031664
2026-07-26T02:34:37Z,948,4,1,25,2,0,1,1,1,1785032817
2026-07-26T02:34:37Z,949,2,1,12,1,0,1,1,1,1785033167
2026-07-26T02:34:37Z,950,0,0,17,0,0,1,1,1,1785032221
2026-07-26T02:34:37Z,951,3,1,19,1,0,1,1,1,1785033197
2026-07-26T02:34:37Z,952,19,2,34,2,0,1,1,1,1785033152
2026-07-26T02:34:37Z,953,14,2,0,1,0,1,1,1,1785033156
2026-07-26T02:34:37Z,954,10,2,9,0,0,1,1,1,1785033037
2026-07-26T02:34:37Z,955,0,0,22,5,0,1,1,1,1785033246
2026-07-26T02:34:37Z,956,7,4,16,0,0,1,1,1,1785032745
2026-07-26T02:34:37Z,957,8,2,20,1,0,1,1,1,1785033242
2026-07-26T02:34:37Z,958,1,1,30,0,0,1,1,1,1785033077
2026-07-26T02:34:37Z,959,1,0,19,3,0,1,1,1,1785033116
2026-07-26T02:34:37Z,960,23,8,0,0,0,1,1,1,1785032220
2026-07-26T02:34:37Z,961,3,0,17,3,0,1,1,1,1785032184
2026-07-26T02:34:37Z,962,8,7,22,4,0,1,1,1,1785033192
2026-07-26T02:34:37Z,963,21,2,2,0,0,1,1,1,1785033164
2026-07-26T02:34:37Z,964,9,3,14,0,0,1,1,1,1785032739
2026-07-26T02:34:37Z,965,5,0,21,1,0,1,1,1,1785032849
2026-07-26T02:34:37Z,966,23,0,7,1,0,1,1,1,1785032844
2026-07-26T02:34:37Z,967,16,1,1,4,0,1,1,1,1785033015
2026-07-26T02:34:37Z,968,1,0,18,0,0,1,1,1,1785033109
2026-07-26T02:34:37Z,969,14,2,12,1,0,1,1,1,1785032409
2026-07-26T02:34:37Z,970,16,3,2,1,0,1,1,1,1785032548
2026-07-26T02:34:37Z,971,16,2,5,2,0,1,1,1,1785032805
2026-07-26T02:34:37Z,972,7,4,15,1,0,1,1,1,1785032826
2026-07-26T02:34:37Z,973,3,2,19,1,0,1,1,1,1785032679
2026-07-26T02:34:37Z,974,4,0,23,0,0,1,1,1,1785033263
2026-07-26T02:34:37Z,977,9,1,12,0,0,1,1,1,1785033035
2026-07-26T02:34:37Z,978,10,2,13,0,0,1,1,1,1785032261
2026-07-26T02:34:37Z,979,2,0,14,1,0,1,1,1,1785032944
2026-07-26T02:34:37Z,980,15,2,6,0,0,1,1,1,1785032720
2026-07-26T02:34:37Z,981,11,0,10,0,0,1,1,1,1785032836
2026-07-26T02:34:37Z,982,6,1,12,1,0,1,1,1,1785031663
2026-07-26T02:34:37Z,983,2,2,20,1,0,1,1,1,1785031583
2026-07-26T02:34:37Z,984,22,1,1,0,0,1,1,1,1785032066
2026-07-26T02:34:37Z,985,3,0,27,1,0,1,1,1,1785033222
2026-07-26T02:34:37Z,986,1,0,18,0,0,1,1,1,1785031689
2026-07-26T02:34:37Z,987,7,0,16,0,0,1,1,1,1785031626
2026-07-26T02:34:37Z,988,5,3,14,0,0,1,1,1,1785033043
2026-07-26T02:34:37Z,989,9,7,10,0,0,1,1,1,1785032537
2026-07-26T02:34:37Z,990,3,0,11,1,0,1,1,1,1785032419
2026-07-26T02:34:37Z,991,10,5,9,0,0,1,1,1,1785031752
2026-07-26T02:34:37Z,992,14,9,9,0,0,1,1,1,1785031777
2026-07-26T02:34:37Z,993,0,0,26,1,0,1,1,1,1785032261
2026-07-26T02:34:37Z,994,0,0,20,1,0,1,1,1,1785031800
2026-07-26T02:34:37Z,995,8,2,19,0,0,1,1,1,1785032796
2026-07-26T02:34:37Z,996,1,0,22,0,0,1,1,1,1785032716
2026-07-26T02:34:37Z,997,17,3,5,1,0,1,1,1,1785033222
2026-07-26T02:34:37Z,998,7,1,16,0,0,1,1,1,1785033227
2026-07-26T02:34:37Z,999,7,6,10,3,1,1,1,1,1785033120
2026-07-26T02:34:37Z,1000,2,0,19,0,0,1,1,1,1785032336
2026-07-26T02:34:37Z,1001,3,1,23,1,0,1,1,1,1785032934
2026-07-26T02:34:37Z,1002,1,0,30,0,0,1,1,1,1785032646
2026-07-26T02:34:37Z,1003,1,0,22,0,0,1,1,1,1785033019
2026-07-26T02:34:37Z,1004,2,1,21,0,0,1,1,1,1785032359
2026-07-26T02:34:37Z,1005,17,2,6,0,0,1,1,1,1785033182
2026-07-26T02:34:37Z,1006,4,1,15,0,0,1,1,1,1785033154
2026-07-26T02:34:37Z,1007,7,1,13,1,0,1,1,1,1785032528
2026-07-26T02:34:37Z,1008,7,6,15,1,0,1,1,1,1785031973
2026-07-26T02:34:37Z,1009,19,5,10,2,0,1,1,1,1785032877
2026-07-26T02:34:37Z,1010,22,16,5,0,0,1,1,1,1785032195
2026-07-26T02:34:37Z,1011,8,2,11,0,0,1,1,1,1785033123
2026-07-26T02:34:37Z,1012,7,6,16,0,0,1,1,1,1785032169
2026-07-26T02:34:37Z,1013,4,2,18,1,0,1,1,1,1785031638
2026-07-26T02:34:37Z,1014,9,4,14,0,0,1,1,1,1785031561
2026-07-26T02:34:37Z,1015,9,2,22,0,0,1,1,1,1785032654
2026-07-26T02:34:37Z,1016,17,10,14,0,0,1,1,1,1785031667
2026-07-26T02:34:37Z,1017,13,4,7,1,0,1,1,1,1785032479
2026-07-26T02:34:37Z,1018,8,4,11,2,0,1,1,1,1785032645
2026-07-26T02:34:37Z,1019,10,4,5,0,0,1,1,1,1785032901
2026-07-26T02:34:37Z,1020,13,0,7,1,0,1,1,1,1785032368
2026-07-26T02:34:37Z,1021,12,3,3,0,0,1,1,1,1785033253
2026-07-26T02:34:37Z,1022,13,0,14,0,0,1,1,1,1785032741
2026-07-26T02:34:37Z,1023,19,1,4,0,0,1,1,1,1785032648
2026-07-26T02:34:37Z,1024,4,0,15,0,0,1,1,1,1785031522
2026-07-26T02:34:37Z,1025,7,4,11,0,1,1,1,1,1785032870
2026-07-26T02:34:37Z,1026,6,6,23,2,0,1,1,1,1785032947
2026-07-26T02:34:37Z,1028,4,2,19,0,0,1,1,1,1785033064
2026-07-26T02:34:37Z,1029,15,13,0,0,0,1,1,1,1785032932
2026-07-26T02:34:37Z,1030,12,6,11,0,0,1,1,1,1785031908
2026-07-26T02:34:37Z,1031,0,0,15,0,4,1,1,1,1785032815
2026-07-26T02:34:37Z,1032,9,2,10,0,0,1,1,1,1785031607
2026-07-26T02:34:37Z,1033,14,9,4,1,0,1,1,1,1785032314
2026-07-26T02:34:37Z,1034,6,2,9,0,0,1,1,1,1785032030
2026-07-26T02:34:37Z,1035,1,0,17,1,0,1,1,1,1785031751
2026-07-26T02:34:37Z,1036,14,0,1,0,0,1,1,1,1785033220
2026-07-26T02:34:37Z,1037,3,0,16,0,0,1,1,1,1785031786
2026-07-26T02:34:37Z,1038,0,0,15,0,0,1,1,1,1785031813
2026-07-26T02:34:37Z,1039,3,0,16,0,0,1,1,1,1785031803
2026-07-26T02:34:37Z,1040,9,5,10,0,0,1,1,1,1785031484
2026-07-26T02:34:37Z,1041,2,0,16,1,0,1,1,1,1785032048
2026-07-26T02:34:37Z,1042,9,3,5,1,0,1,1,1,1785032050
2026-07-26T02:34:37Z,1043,6,3,13,0,0,1,1,1,1785031671
2026-07-26T02:34:37Z,1044,2,0,13,0,0,1,1,1,1785031860
2026-07-26T02:34:37Z,1045,1,0,18,0,0,1,1,1,1785031723
2026-07-26T02:34:37Z,1046,9,0,6,0,0,1,1,1,1785033260
2026-07-26T02:34:37Z,1047,3,0,18,0,0,1,1,1,1785032193
2026-07-26T02:34:37Z,1048,4,1,15,0,0,1,1,1,1785033021
2026-07-26T02:34:37Z,1049,6,1,15,0,0,1,1,1,1785033107
2026-07-26T02:34:37Z,1050,13,5,8,0,0,1,1,1,1785032790
2026-07-26T02:34:37Z,1051,20,1,1,0,0,1,1,1,1785032439
2026-07-26T02:34:37Z,1052,17,2,5,0,0,1,1,1,1785032925
2026-07-26T02:34:37Z,1053,3,0,12,0,0,1,1,1,1785033068
2026-07-26T02:34:37Z,1054,11,1,4,0,0,1,1,1,1785032784
2026-07-26T02:34:37Z,1055,10,9,8,1,0,1,1,1,1785033037
2026-07-26T02:34:37Z,1057,13,3,5,1,0,1,1,1,1785033208
2026-07-26T02:34:37Z,1058,1,0,55,0,0,1,1,1,1785033185
2026-07-26T02:34:37Z,1059,2,0,16,1,0,1,1,1,1785031997
2026-07-26T02:34:37Z,1060,37,17,0,0,0,1,1,1,1785032363
2026-07-26T02:34:37Z,1061,26,0,11,0,0,1,1,1,1785032656
2026-07-26T02:34:37Z,1062,1,0,16,0,0,1,1,1,1785032817
2026-07-26T02:34:37Z,1063,13,3,5,1,0,1,1,1,1785031653
2026-07-26T02:34:37Z,1064,6,3,17,0,0,1,1,1,1785031471
2026-07-26T02:34:37Z,1065,15,3,7,1,0,1,1,1,1785031676
2026-07-26T02:34:37Z,1066,9,0,14,0,0,1,1,1,1785031630
2026-07-26T02:34:37Z,1067,7,2,16,0,0,1,1,1,1785031890
2026-07-26T02:34:37Z,1068,16,7,7,0,0,1,1,1,1785033054
2026-07-26T02:34:37Z,1069,12,4,11,0,0,1,1,1,1785033189
2026-07-26T02:34:37Z,1070,11,2,12,0,0,1,1,1,1785031481
2026-07-26T02:34:37Z,1071,4,3,19,0,0,1,1,1,1785031470
2026-07-26T02:34:37Z,1072,8,0,13,2,0,1,1,1,1785032091
2026-07-26T02:34:37Z,1073,5,3,22,0,0,1,1,1,1785033248
2026-07-26T02:34:37Z,1074,46,0,7,0,0,1,1,1,1785033192
2026-07-26T02:34:37Z,1075,11,10,10,0,0,1,1,1,1785033201
2026-07-26T02:34:37Z,1076,13,9,8,0,0,1,1,1,1785033115
2026-07-26T02:34:37Z,1077,13,10,8,0,0,1,1,1,1785033126
2026-07-26T02:34:37Z,1078,15,11,6,0,0,1,1,1,1785032731
2026-07-26T02:34:37Z,1079,7,7,14,0,0,1,1,1,1785031970
2026-07-26T02:34:37Z,1080,10,8,11,0,0,1,1,1,1785031574
2026-07-26T02:34:37Z,1081,14,7,5,0,0,1,1,1,1785033166
2026-07-26T02:34:37Z,1082,14,11,9,0,0,1,1,1,1785025220
2026-07-26T02:34:37Z,1083,11,10,10,0,0,1,1,1,1785033194
2026-07-26T02:34:37Z,1084,9,9,12,0,0,1,1,1,1785031586
2026-07-26T02:34:37Z,1085,12,8,9,0,0,1,1,1,1785032064
2026-07-26T02:34:37Z,1086,16,10,5,0,0,1,1,1,1785032809
2026-07-26T02:34:37Z,1087,7,6,8,0,0,1,1,1,1785032603
2026-07-26T02:34:37Z,1088,9,9,6,0,0,1,1,1,1785033204
2026-07-26T02:34:37Z,1089,9,7,6,0,0,1,1,1,1785032594
2026-07-26T02:34:37Z,1090,7,7,8,0,0,1,1,1,1785032771
2026-07-26T02:34:37Z,1091,7,4,8,0,0,1,1,1,1785032140
2026-07-26T02:34:37Z,1092,4,3,11,0,0,1,1,1,1785032720
2026-07-26T02:34:37Z,1093,7,6,8,0,0,1,1,1,1785032585
2026-07-26T02:34:37Z,1094,10,8,9,0,0,1,1,1,1785033081
2026-07-26T02:34:37Z,1095,9,8,6,0,0,1,1,1,1785032884
2026-07-26T02:34:37Z,1096,8,7,11,0,0,1,1,1,1785032490
2026-07-26T02:34:37Z,1097,8,7,7,0,0,1,1,1,1785032790
2026-07-26T02:34:37Z,1098,11,8,8,0,0,1,1,1,1785032301
2026-07-26T02:34:37Z,1099,6,6,9,0,0,1,1,1,1785032580
2026-07-26T02:34:37Z,1100,9,5,18,2,0,1,1,1,1785032164
2026-07-26T02:34:37Z,1101,10,5,11,0,0,1,1,1,1785032833
2026-07-26T02:34:37Z,1102,9,4,4,0,0,1,1,1,1785033066
2026-07-26T02:34:37Z,1103,12,8,9,0,0,1,1,1,1785029590
2026-07-26T02:34:37Z,1104,10,5,11,0,0,1,1,1,1785032624
2026-07-26T02:34:37Z,1105,10,4,3,0,0,1,1,1,1785032977
2026-07-26T02:34:37Z,1106,10,5,11,0,0,1,1,1,1785032927
2026-07-26T02:34:37Z,1107,6,3,9,0,0,1,1,1,1785032089
2026-07-26T02:34:37Z,1108,5,5,19,3,0,1,1,1,1785033145
2026-07-26T02:34:37Z,1109,6,3,9,0,0,1,1,1,1785032087
2026-07-26T02:34:37Z,1110,11,6,10,0,0,1,1,1,1785033260
2026-07-26T02:34:37Z,1111,1,0,19,1,0,1,1,1,1785032555
2026-07-26T02:34:37Z,1112,22,0,31,0,0,1,1,1,1785033116
2026-07-26T02:34:37Z,1113,5,0,16,0,0,1,1,1,1785032974
2026-07-26T02:34:37Z,1115,11,5,11,1,0,1,1,1,1785032343
2026-07-26T02:34:37Z,1116,3,1,16,0,0,1,1,1,1785032220
2026-07-26T02:34:37Z,1117,3,1,20,0,0,1,1,1,1785033217
2026-07-26T02:34:37Z,1118,16,0,5,0,0,1,1,1,1785032579
2026-07-26T02:34:37Z,1119,9,4,8,0,0,1,1,1,1785032788
2026-07-26T02:34:37Z,1120,0,0,19,0,0,1,1,1,1785031598
2026-07-26T02:34:37Z,1121,16,1,2,3,0,1,1,1,1785030767
2026-07-26T02:34:37Z,1122,9,4,12,0,0,1,1,1,1785032968
2026-07-26T02:34:37Z,1123,5,5,17,1,0,1,1,1,1785032550
2026-07-26T02:34:37Z,1124,6,2,8,1,0,1,1,1,1785033151
2026-07-26T02:34:37Z,1125,21,2,1,1,0,1,1,1,1785031500
2026-07-26T02:34:37Z,1126,14,3,7,0,0,1,1,1,1785032716
2026-07-26T02:34:37Z,1127,9,0,9,1,0,1,1,1,1785032502
2026-07-26T02:34:37Z,1128,5,1,8,2,0,1,1,1,1785032775
2026-07-26T02:34:37Z,1129,14,3,7,0,0,1,1,1,1785033172
2026-07-26T02:34:37Z,1130,10,0,3,2,0,1,1,1,1785033264
2026-07-26T02:34:37Z,1131,4,3,45,0,0,1,1,1,1785033096
2026-07-26T02:34:37Z,1132,16,1,5,0,0,1,1,1,1785033102
2026-07-26T02:34:37Z,1133,3,2,17,1,0,1,1,1,1785033191
2026-07-26T02:34:37Z,1134,11,6,8,0,0,1,1,1,1785032054
2026-07-26T02:34:37Z,1135,12,5,9,0,0,1,1,1,1785032740
2026-07-26T02:34:37Z,1136,14,0,9,0,0,1,1,1,1785033205
2026-07-26T02:34:37Z,1137,5,1,9,1,0,1,1,1,1785031968
2026-07-26T02:34:37Z,1138,8,0,11,0,0,1,1,1,1785031663
2026-07-26T02:34:37Z,1139,6,2,15,0,0,1,1,1,1785032934
2026-07-26T02:34:37Z,1140,7,4,16,0,0,1,1,1,1785032098
2026-07-26T02:34:37Z,1141,2,1,18,1,0,1,1,1,1785032579
2026-07-26T02:34:37Z,1142,7,0,13,1,0,1,1,1,1785032534
2026-07-26T02:34:37Z,1143,17,2,11,1,0,1,1,1,1785033254
2026-07-26T02:34:37Z,1144,15,1,5,1,0,1,1,1,1785033150
2026-07-26T02:34:37Z,1145,11,4,9,1,0,1,1,1,1785031705
2026-07-26T02:34:37Z,1146,8,3,9,2,0,1,1,1,1785033068
2026-07-26T02:34:37Z,1147,3,0,16,0,0,1,1,1,1785031831
2026-07-26T02:34:37Z,1148,4,2,27,0,0,1,1,1,1785032996
2026-07-26T02:34:37Z,1149,17,3,7,1,0,1,1,1,1785032450
2026-07-26T02:34:37Z,1150,18,0,1,0,0,1,1,1,1785033093
2026-07-26T02:34:37Z,1151,11,0,10,0,0,1,1,1,1785032152
2026-07-26T02:34:37Z,1152,8,2,20,1,0,1,1,1,1785033253
2026-07-26T02:34:37Z,1153,7,2,15,1,0,1,1,1,1785033014
2026-07-26T02:34:37Z,1154,13,1,5,1,0,1,1,1,1785032355
2026-07-26T02:34:37Z,1155,13,5,7,1,0,1,1,1,1785033155
2026-07-26T02:34:37Z,1158,3,1,16,0,0,1,1,1,1785033233
2026-07-26T02:34:37Z,1159,12,1,7,0,0,1,1,1,1785031845
2026-07-26T02:34:37Z,1160,14,1,3,2,0,1,1,1,1785032560
2026-07-26T02:34:37Z,1161,4,3,15,0,0,1,1,1,1785031929
2026-07-26T02:34:37Z,1162,5,1,14,0,0,1,1,1,1785032150
2026-07-26T02:34:37Z,1163,0,0,17,2,0,1,1,1,1785031659
2026-07-26T02:34:37Z,1164,11,5,6,2,0,1,1,1,1785031879
2026-07-26T02:34:37Z,1165,16,0,5,0,0,1,1,1,1785032259
2026-07-26T02:34:37Z,1166,8,0,13,0,0,1,1,1,1785031614
2026-07-26T02:34:37Z,1167,0,0,15,0,0,1,1,1,1785031897
2026-07-26T02:34:37Z,1168,0,0,23,0,0,1,1,1,1785031520
2026-07-26T02:34:37Z,1169,2,2,17,0,0,1,1,1,1785031546
2026-07-26T02:34:37Z,1170,2,1,19,0,0,1,1,1,1785032715
2026-07-26T02:34:37Z,1171,16,11,6,1,0,1,1,1,1785032717
2026-07-26T02:34:37Z,1172,5,1,8,2,0,1,1,1,1785032119
2026-07-26T02:34:37Z,1173,11,6,8,0,0,1,1,1,1785033170
2026-07-26T02:34:37Z,1174,6,1,9,0,0,1,1,1,1785031881
2026-07-26T02:34:37Z,1175,5,3,14,0,0,1,1,1,1785033234
2026-07-26T02:34:37Z,1176,16,1,5,0,0,1,1,1,1785032561
2026-07-26T02:34:37Z,1177,10,3,11,0,0,1,1,1,1785032518
2026-07-26T02:34:37Z,1178,1,0,14,0,0,1,1,1,1785032335
2026-07-26T02:34:37Z,1181,7,0,8,0,0,1,1,1,1785032015
2026-07-26T02:34:37Z,1182,14,1,6,0,0,1,1,1,1785033088
2026-07-26T02:34:37Z,1183,4,1,40,1,0,1,1,1,1785032930
2026-07-26T02:34:37Z,1184,3,3,18,0,0,1,1,1,1785032929
2026-07-26T02:34:37Z,1185,9,3,12,0,0,1,1,1,1785025409
2026-07-26T02:34:37Z,1186,13,8,6,0,0,1,1,1,1785031879
2026-07-26T02:34:37Z,1187,11,5,9,1,0,1,1,1,1785031755
2026-07-26T02:34:37Z,1188,12,7,3,0,0,1,1,1,1785032156
2026-07-26T02:34:37Z,1189,11,6,8,0,0,1,1,1,1785031714
2026-07-26T02:34:37Z,1190,9,5,12,0,0,1,1,1,1785032731
2026-07-26T02:34:37Z,1191,9,3,6,0,0,1,1,1,1785032122
2026-07-26T02:34:37Z,1192,8,5,13,0,0,1,1,1,1785033091
2026-07-26T02:34:37Z,1193,7,4,4,2,0,1,1,1,1785033121
2026-07-26T02:34:37Z,1197,8,4,8,1,0,1,1,1,1785032932
2026-07-26T02:34:37Z,1198,11,3,8,2,0,1,1,1,1785033221
2026-07-26T02:34:37Z,1199,6,4,13,0,0,1,1,1,1785032114
2026-07-26T02:34:37Z,1200,11,6,4,0,0,1,1,1,1785032170
2026-07-26T02:34:37Z,1201,9,4,6,0,0,1,1,1,1785032717
2026-07-26T02:34:37Z,1202,10,5,4,1,0,1,1,1,1785032202
2026-07-26T02:34:37Z,1203,10,2,5,0,0,1,1,1,1785032175
2026-07-26T02:34:37Z,1204,10,6,9,0,0,1,1,1,1785033252
2026-07-26T02:34:37Z,1206,12,6,9,0,0,1,1,1,1785032210
2026-07-26T02:34:37Z,1207,11,7,4,0,0,1,1,1,1785032427
2026-07-26T02:34:37Z,1208,11,5,8,0,0,1,1,1,1785031877
2026-07-26T02:34:37Z,1216,11,2,9,1,0,1,1,1,1785032592
2026-07-26T02:34:37Z,1218,5,1,16,0,0,1,1,1,1785032984
2026-07-26T02:34:37Z,1219,11,5,3,1,0,1,1,1,1785033183
2026-07-26T02:34:37Z,1220,9,6,8,2,0,1,1,1,1785032470
2026-07-26T02:34:37Z,1221,1,0,20,0,0,1,1,1,1785032251
2026-07-26T02:34:37Z,1222,3,1,26,0,0,1,1,1,1785032315
2026-07-26T02:34:37Z,1223,19,1,9,1,0,1,1,1,1785032956
2026-07-26T02:34:37Z,1226,0,0,3,0,0,0,1,1,1781868931
2026-07-26T02:34:37Z,1227,12,2,13,0,0,1,1,1,1785032401
2026-07-26T02:34:37Z,1228,18,2,11,0,0,1,1,1,1785033064
2026-07-26T02:34:37Z,1230,0,0,3,0,0,0,1,1,1784903368
2026-07-26T02:34:37Z,1231,0,0,3,0,0,0,1,1,1784903330
2026-07-26T02:34:37Z,1232,0,0,3,0,0,0,1,1,1784902406
2026-07-26T02:34:37Z,1233,0,0,3,0,0,0,1,1,1784903104
2026-07-26T02:34:37Z,1234,0,0,3,0,0,0,1,1,1784902919
