snapshot_utc,station_id,num_bikes_available,num_ebikes_available,num_docks_available,num_bikes_disabled,num_docks_disabled,is_installed,is_renting,is_returning,last_reported
2026-07-15T00:03:16Z,1,13,0,10,0,0,1,1,1,1784073684
2026-07-15T00:03:16Z,2,17,4,8,2,0,1,1,1,1784073363
2026-07-15T00:03:16Z,3,13,2,1,1,0,1,1,1,1784072565
2026-07-15T00:03:16Z,4,12,1,11,0,0,1,1,1,1784073296
2026-07-15T00:03:16Z,5,0,0,0,20,1,1,1,1,1784073709
2026-07-15T00:03:16Z,6,10,0,5,0,0,1,1,1,1784070673
2026-07-15T00:03:16Z,7,21,1,1,1,0,1,1,1,1784073694
2026-07-15T00:03:16Z,8,3,0,37,3,0,1,1,1,1784073755
2026-07-15T00:03:16Z,9,11,3,12,0,0,1,1,1,1784073658
2026-07-15T00:03:16Z,10,18,5,4,1,0,1,1,1,1784072368
2026-07-15T00:03:16Z,11,2,0,17,0,0,1,1,1,1784073605
2026-07-15T00:03:16Z,12,7,0,16,0,0,1,1,1,1784073274
2026-07-15T00:03:16Z,13,20,0,10,0,0,1,1,1,1784073550
2026-07-15T00:03:16Z,14,7,0,34,0,0,1,1,1,1784072464
2026-07-15T00:03:16Z,15,8,0,0,4,3,1,1,1,1784073515
2026-07-15T00:03:16Z,16,12,0,14,1,0,1,1,1,1784072942
2026-07-15T00:03:16Z,17,15,1,11,1,0,1,1,1,1784073585
2026-07-15T00:03:16Z,18,15,0,0,3,0,1,1,1,1784073461
2026-07-15T00:03:16Z,19,23,0,3,1,0,1,1,1,1784073269
2026-07-15T00:03:16Z,20,13,0,21,1,0,1,1,1,1784073787
2026-07-15T00:03:16Z,21,11,0,6,2,0,1,1,1,1784073521
2026-07-15T00:03:16Z,22,25,0,41,1,0,1,1,1,1784073602
2026-07-15T00:03:16Z,23,2,2,29,0,0,1,1,1,1784073784
2026-07-15T00:03:16Z,24,1,0,9,1,0,1,1,1,1784073780
2026-07-15T00:03:16Z,25,40,1,37,4,0,1,1,1,1784073678
2026-07-15T00:03:16Z,26,4,0,23,0,0,1,1,1,1784073519
2026-07-15T00:03:16Z,28,15,2,0,0,0,1,1,1,1784072566
2026-07-15T00:03:16Z,30,18,2,11,0,0,1,1,1,1784072985
2026-07-15T00:03:16Z,31,3,0,15,1,0,1,1,1,1784073538
2026-07-15T00:03:16Z,32,2,1,25,0,0,1,1,1,1784073586
2026-07-15T00:03:16Z,34,33,0,4,0,0,1,1,1,1784073763
2026-07-15T00:03:16Z,35,14,2,32,1,0,1,1,1,1784073770
2026-07-15T00:03:16Z,36,0,0,0,0,0,0,1,1,86400
2026-07-15T00:03:16Z,37,4,3,19,0,0,1,1,1,1784073723
2026-07-15T00:03:16Z,38,12,0,10,1,0,1,1,1,1784072981
2026-07-15T00:03:16Z,39,11,0,20,0,0,1,1,1,1784073770
2026-07-15T00:03:16Z,40,9,1,12,0,0,1,1,1,1784073478
2026-07-15T00:03:16Z,41,1,1,26,0,0,1,1,1,1784071629
2026-07-15T00:03:16Z,42,13,4,14,4,0,1,1,1,1784073668
2026-07-15T00:03:16Z,43,15,0,8,0,0,1,1,1,1784073690
2026-07-15T00:03:16Z,45,0,0,27,4,0,1,1,1,1784073521
2026-07-15T00:03:16Z,46,3,0,25,2,1,1,1,1,1784073566
2026-07-15T00:03:16Z,47,7,4,8,0,0,1,1,1,1784073510
2026-07-15T00:03:16Z,48,25,1,1,1,0,1,1,1,1784073179
2026-07-15T00:03:16Z,49,0,0,18,5,0,1,1,1,1784073782
2026-07-15T00:03:16Z,50,0,0,18,1,0,1,1,1,1784071881
2026-07-15T00:03:16Z,51,46,0,30,1,0,1,1,1,1784071906
2026-07-15T00:03:16Z,52,24,0,0,3,0,1,1,1,1784072060
2026-07-15T00:03:16Z,55,2,0,21,0,0,1,1,1,1784072440
2026-07-15T00:03:16Z,56,20,0,7,0,0,1,1,1,1784072480
2026-07-15T00:03:16Z,57,26,1,1,0,0,1,1,1,1784073016
2026-07-15T00:03:16Z,58,1,1,26,1,0,1,1,1,1784073032
2026-07-15T00:03:16Z,59,10,2,17,0,0,1,1,1,1784073516
2026-07-15T00:03:16Z,61,19,9,19,1,0,1,1,1,1784073779
2026-07-15T00:03:16Z,62,1,0,48,0,0,1,1,1,1784073559
2026-07-15T00:03:16Z,63,2,0,17,0,0,1,1,1,1784073708
2026-07-15T00:03:16Z,64,19,2,0,0,0,1,1,1,1784071205
2026-07-15T00:03:16Z,65,11,1,6,2,0,1,1,1,1784072262
2026-07-15T00:03:16Z,67,10,0,28,0,0,1,1,1,1784073587
2026-07-15T00:03:16Z,68,27,0,10,0,0,1,1,1,1784072334
2026-07-15T00:03:16Z,69,13,0,1,1,0,1,1,1,1784071648
2026-07-15T00:03:16Z,71,15,2,11,1,0,1,1,1,1784073738
2026-07-15T00:03:16Z,72,9,0,20,2,0,1,1,1,1784073773
2026-07-15T00:03:16Z,73,5,1,18,0,0,1,1,1,1784073674
2026-07-15T00:03:16Z,74,11,5,8,0,0,1,1,1,1784072956
2026-07-15T00:03:16Z,75,5,1,30,0,0,1,1,1,1784073404
2026-07-15T00:03:16Z,76,4,0,14,1,0,1,1,1,1784072629
2026-07-15T00:03:16Z,77,10,0,16,1,0,1,1,1,1784073633
2026-07-15T00:03:16Z,78,0,0,22,1,0,1,1,1,1784073767
2026-07-15T00:03:16Z,79,6,0,11,0,0,1,1,1,1784073349
2026-07-15T00:03:16Z,80,19,0,2,2,0,1,1,1,1784073652
2026-07-15T00:03:16Z,81,2,2,28,1,0,1,1,1,1784073472
2026-07-15T00:03:16Z,82,1,0,20,2,0,1,1,1,1784073384
2026-07-15T00:03:16Z,83,10,2,23,1,0,1,1,1,1784073757
2026-07-15T00:03:16Z,84,12,3,15,0,0,1,1,1,1784073508
2026-07-15T00:03:16Z,85,0,0,13,1,0,1,1,1,1784072859
2026-07-15T00:03:16Z,86,6,0,19,2,0,1,1,1,1784073461
2026-07-15T00:03:16Z,87,3,0,16,0,0,1,1,1,1784071545
2026-07-15T00:03:16Z,88,26,1,5,0,0,1,1,1,1784073680
2026-07-15T00:03:16Z,89,3,0,32,0,0,1,1,1,1784072977
2026-07-15T00:03:16Z,90,17,0,0,1,0,1,1,1,1784072855
2026-07-15T00:03:16Z,91,2,0,11,4,0,1,1,1,1784073169
2026-07-15T00:03:16Z,92,17,0,0,2,0,1,1,1,1784073519
2026-07-15T00:03:16Z,93,12,0,2,0,0,1,1,1,1784073761
2026-07-15T00:03:16Z,94,5,0,14,0,0,1,1,1,1784073058
2026-07-15T00:03:16Z,95,8,0,24,2,1,1,1,1,1784073787
2026-07-15T00:03:16Z,96,29,7,1,1,0,1,1,1,1784072687
2026-07-15T00:03:16Z,97,5,0,12,0,0,1,1,1,1784073684
2026-07-15T00:03:16Z,98,6,0,26,3,0,1,1,1,1784073087
2026-07-15T00:03:16Z,99,9,0,5,0,0,1,1,1,1784073521
2026-07-15T00:03:16Z,100,24,1,2,1,0,1,1,1,1784073386
2026-07-15T00:03:16Z,101,11,0,3,1,0,1,1,1,1784073019
2026-07-15T00:03:16Z,102,20,0,2,1,0,1,1,1,1784073127
2026-07-15T00:03:16Z,103,27,1,0,5,0,1,1,1,1784073790
2026-07-15T00:03:16Z,104,2,0,23,2,0,1,1,1,1784073773
2026-07-15T00:03:16Z,105,12,1,7,0,0,1,1,1,1784069157
2026-07-15T00:03:16Z,106,12,0,9,0,0,1,1,1,1784072259
2026-07-15T00:03:16Z,107,3,1,34,0,0,1,1,1,1784072951
2026-07-15T00:03:16Z,108,32,0,1,1,1,1,1,1,1784073589
2026-07-15T00:03:16Z,109,20,2,2,1,0,1,1,1,1784073739
2026-07-15T00:03:16Z,110,22,0,0,1,0,1,1,1,1784071799
2026-07-15T00:03:16Z,111,20,2,15,1,0,1,1,1,1784073497
2026-07-15T00:03:16Z,112,7,1,10,2,0,1,1,1,1784073647
2026-07-15T00:03:16Z,113,18,1,1,0,0,1,1,1,1784073718
2026-07-15T00:03:16Z,114,1,0,24,6,0,1,1,1,1784073582
2026-07-15T00:03:16Z,115,0,0,22,4,0,1,1,1,1784073500
2026-07-15T00:03:16Z,116,6,5,21,0,0,1,1,1,1784073510
2026-07-15T00:03:16Z,118,3,2,18,1,1,1,1,1,1784072492
2026-07-15T00:03:16Z,119,7,3,29,2,0,1,1,1,1784073657
2026-07-15T00:03:16Z,120,14,7,12,1,0,1,1,1,1784073494
2026-07-15T00:03:16Z,121,11,1,7,0,1,1,1,1,1784073726
2026-07-15T00:03:16Z,122,3,0,17,1,0,1,1,1,1784073763
2026-07-15T00:03:16Z,123,4,1,41,2,0,1,1,1,1784073213
2026-07-15T00:03:16Z,124,24,1,10,0,0,1,1,1,1784073194
2026-07-15T00:03:16Z,125,14,4,9,0,0,1,1,1,1784073766
2026-07-15T00:03:16Z,126,6,2,24,1,0,1,1,1,1784071179
2026-07-15T00:03:16Z,127,3,0,30,1,0,1,1,1,1784072910
2026-07-15T00:03:16Z,128,4,3,14,1,0,1,1,1,1784073606
2026-07-15T00:03:16Z,129,6,1,7,3,3,1,1,1,1784073608
2026-07-15T00:03:16Z,130,9,3,6,2,0,1,1,1,1784073373
2026-07-15T00:03:16Z,131,6,0,3,2,0,1,1,1,1784073510
2026-07-15T00:03:16Z,132,5,0,9,0,1,1,1,1,1784072256
2026-07-15T00:03:16Z,133,6,3,17,0,0,1,1,1,1784073711
2026-07-15T00:03:16Z,134,5,1,18,0,0,1,1,1,1784073645
2026-07-15T00:03:16Z,135,12,3,7,0,0,1,1,1,1784073395
2026-07-15T00:03:16Z,136,10,0,12,0,0,1,1,1,1784073661
2026-07-15T00:03:16Z,137,3,1,12,4,0,1,1,1,1784073474
2026-07-15T00:03:16Z,138,21,0,16,0,0,1,1,1,1784072870
2026-07-15T00:03:16Z,139,18,3,1,0,0,1,1,1,1784073741
2026-07-15T00:03:16Z,140,13,5,8,2,0,1,1,1,1784073790
2026-07-15T00:03:16Z,141,5,0,0,27,6,1,1,1,1784073774
2026-07-15T00:03:16Z,142,9,4,10,0,0,1,1,1,1784072398
2026-07-15T00:03:16Z,143,4,0,26,1,0,1,1,1,1784073756
2026-07-15T00:03:16Z,144,25,4,2,0,0,1,1,1,1784073600
2026-07-15T00:03:16Z,145,4,2,23,4,0,1,1,1,1784073774
2026-07-15T00:03:16Z,146,6,0,16,1,0,1,1,1,1784073696
2026-07-15T00:03:16Z,147,1,0,17,1,0,1,1,1,1784073726
2026-07-15T00:03:16Z,148,16,1,10,1,0,1,1,1,1784073756
2026-07-15T00:03:16Z,149,4,1,15,0,0,1,1,1,1784073475
2026-07-15T00:03:16Z,150,25,5,9,1,0,1,1,1,1784073709
2026-07-15T00:03:16Z,151,13,2,8,2,0,1,1,1,1784073673
2026-07-15T00:03:16Z,152,17,5,6,4,0,1,1,1,1784073735
2026-07-15T00:03:16Z,153,29,2,1,1,0,1,1,1,1784073707
2026-07-15T00:03:16Z,154,11,0,9,3,0,1,1,1,1784073775
2026-07-15T00:03:16Z,155,7,0,5,2,0,1,1,1,1784073488
2026-07-15T00:03:16Z,156,15,1,4,0,0,1,1,1,1784073424
2026-07-15T00:03:16Z,157,2,1,23,2,0,1,1,1,1784073755
2026-07-15T00:03:16Z,158,16,3,0,0,0,1,1,1,1784073641
2026-07-15T00:03:16Z,159,11,9,8,0,0,1,1,1,1784072979
2026-07-15T00:03:16Z,160,16,4,2,1,0,1,1,1,1784073731
2026-07-15T00:03:16Z,161,11,2,12,0,0,1,1,1,1784073576
2026-07-15T00:03:16Z,162,5,3,22,0,0,1,1,1,1784073452
2026-07-15T00:03:16Z,163,19,9,11,1,0,1,1,1,1784073218
2026-07-15T00:03:16Z,164,24,7,3,0,0,1,1,1,1784073738
2026-07-15T00:03:16Z,165,26,17,2,3,0,1,1,1,1784073724
2026-07-15T00:03:16Z,166,11,10,28,0,0,1,1,1,1784073618
2026-07-15T00:03:16Z,167,19,7,2,2,0,1,1,1,1784073724
2026-07-15T00:03:16Z,168,12,1,13,2,0,1,1,1,1784073739
2026-07-15T00:03:16Z,169,2,0,0,21,0,1,1,1,1784073777
2026-07-15T00:03:16Z,170,2,0,16,1,0,1,1,1,1784073356
2026-07-15T00:03:16Z,171,11,1,0,2,0,1,1,1,1784073702
2026-07-15T00:03:16Z,173,36,0,2,1,0,1,1,1,1784073717
2026-07-15T00:03:16Z,174,15,2,8,0,0,1,1,1,1784073458
2026-07-15T00:03:16Z,175,28,1,3,0,0,1,1,1,1784073741
2026-07-15T00:03:16Z,176,3,1,7,4,1,1,1,1,1784073738
2026-07-15T00:03:16Z,177,21,4,6,0,0,1,1,1,1784073246
2026-07-15T00:03:16Z,178,7,1,6,2,0,1,1,1,1784073683
2026-07-15T00:03:16Z,179,11,2,3,1,0,1,1,1,1784073632
2026-07-15T00:03:16Z,180,6,1,23,1,0,1,1,1,1784073787
2026-07-15T00:03:16Z,181,1,1,13,1,0,1,1,1,1784073420
2026-07-15T00:03:16Z,182,1,0,18,0,0,1,1,1,1784072868
2026-07-15T00:03:16Z,183,0,0,21,2,0,1,1,1,1784073621
2026-07-15T00:03:16Z,184,0,0,22,1,0,1,1,1,1784072907
2026-07-15T00:03:16Z,185,3,0,9,2,1,1,1,1,1784073627
2026-07-15T00:03:16Z,186,6,2,12,1,0,1,1,1,1784073127
2026-07-15T00:03:16Z,187,1,0,26,2,0,1,1,1,1784073609
2026-07-15T00:03:16Z,188,2,1,22,3,0,1,1,1,1784073650
2026-07-15T00:03:16Z,189,8,3,7,0,0,1,1,1,1784073436
2026-07-15T00:03:16Z,190,11,1,12,0,0,1,1,1,1784073718
2026-07-15T00:03:16Z,191,1,1,36,2,0,1,1,1,1784073478
2026-07-15T00:03:16Z,192,22,13,9,0,0,1,1,1,1784073695
2026-07-15T00:03:16Z,193,5,3,8,2,0,1,1,1,1784073711
2026-07-15T00:03:16Z,194,0,0,14,12,0,1,1,1,1784071625
2026-07-15T00:03:16Z,195,0,0,19,0,0,1,1,1,1784072717
2026-07-15T00:03:16Z,196,10,8,17,0,0,1,1,1,1784073782
2026-07-15T00:03:16Z,197,5,0,13,0,1,1,1,1,1784073405
2026-07-15T00:03:16Z,198,1,0,22,0,0,1,1,1,1784072580
2026-07-15T00:03:16Z,199,0,0,14,1,0,1,1,1,1784073641
2026-07-15T00:03:16Z,200,3,2,21,2,0,1,1,1,1784073493
2026-07-15T00:03:16Z,201,6,3,17,0,0,1,1,1,1784072640
2026-07-15T00:03:16Z,202,1,1,26,0,0,1,1,1,1784073625
2026-07-15T00:03:16Z,203,20,0,9,1,1,1,1,1,1784073714
2026-07-15T00:03:16Z,204,19,1,15,1,0,1,1,1,1784072744
2026-07-15T00:03:16Z,205,4,1,23,0,0,1,1,1,1784072464
2026-07-15T00:03:16Z,206,2,2,12,1,0,1,1,1,1784072571
2026-07-15T00:03:16Z,207,9,1,12,0,0,1,1,1,1784073746
2026-07-15T00:03:16Z,208,4,4,25,0,0,1,1,1,1784073766
2026-07-15T00:03:16Z,209,27,3,4,0,0,1,1,1,1784073770
2026-07-15T00:03:16Z,210,3,2,23,1,0,1,1,1,1784073736
2026-07-15T00:03:16Z,211,3,1,19,1,0,1,1,1,1784073182
2026-07-15T00:03:16Z,212,23,3,11,1,0,1,1,1,1784073481
2026-07-15T00:03:16Z,213,0,0,23,0,0,1,1,1,1784072848
2026-07-15T00:03:16Z,214,12,10,32,3,0,1,1,1,1784073786
2026-07-15T00:03:16Z,215,3,1,19,1,0,1,1,1,1784073165
2026-07-15T00:03:16Z,216,14,2,5,0,0,1,1,1,1784073363
2026-07-15T00:03:16Z,217,15,2,14,0,0,1,1,1,1784073786
2026-07-15T00:03:16Z,218,7,6,30,2,0,1,1,1,1784073780
2026-07-15T00:03:16Z,219,22,1,4,1,0,1,1,1,1784073384
2026-07-15T00:03:16Z,220,2,2,40,1,0,1,1,1,1784073090
2026-07-15T00:03:16Z,221,6,5,9,0,0,1,1,1,1784073559
2026-07-15T00:03:16Z,222,4,3,15,0,0,1,1,1,1784073756
2026-07-15T00:03:16Z,223,7,3,26,2,0,1,1,1,1784073661
2026-07-15T00:03:16Z,224,6,4,15,1,0,1,1,1,1784073725
2026-07-15T00:03:16Z,225,8,0,9,2,0,1,1,1,1784073061
2026-07-15T00:03:16Z,226,1,1,28,2,0,1,1,1,1784073722
2026-07-15T00:03:16Z,227,6,3,20,1,0,1,1,1,1784073633
2026-07-15T00:03:16Z,228,6,4,13,0,0,1,1,1,1784073668
2026-07-15T00:03:16Z,230,14,6,8,1,0,1,1,1,1784073748
2026-07-15T00:03:16Z,232,15,4,3,1,0,1,1,1,1784072326
2026-07-15T00:03:16Z,233,3,0,26,2,0,1,1,1,1784073635
2026-07-15T00:03:16Z,234,8,4,7,3,1,1,1,1,1784073282
2026-07-15T00:03:16Z,236,10,9,9,0,0,1,1,1,1784073669
2026-07-15T00:03:16Z,237,9,1,12,2,0,1,1,1,1784073069
2026-07-15T00:03:16Z,239,17,10,9,1,0,1,1,1,1784073458
2026-07-15T00:03:16Z,241,14,4,9,0,0,1,1,1,1784073678
2026-07-15T00:03:16Z,242,0,0,22,1,0,1,1,1,1784071134
2026-07-15T00:03:16Z,243,3,3,26,2,0,1,1,1,1784072862
2026-07-15T00:03:16Z,244,13,13,12,2,0,1,1,1,1784072642
2026-07-15T00:03:16Z,245,6,4,16,1,0,1,1,1,1784073471
2026-07-15T00:03:16Z,246,3,2,20,0,0,1,1,1,1784073054
2026-07-15T00:03:16Z,247,10,1,13,0,0,1,1,1,1784070993
2026-07-15T00:03:16Z,248,4,1,16,3,0,1,1,1,1784073143
2026-07-15T00:03:16Z,249,4,0,14,1,0,1,1,1,1784073787
2026-07-15T00:03:16Z,250,1,0,26,0,0,1,1,1,1784072600
2026-07-15T00:03:16Z,251,11,8,13,3,0,1,1,1,1784073278
2026-07-15T00:03:16Z,253,3,1,15,1,0,1,1,1,1784073785
2026-07-15T00:03:16Z,254,14,6,24,5,0,1,1,1,1784073541
2026-07-15T00:03:16Z,255,1,0,22,0,0,1,1,1,1784073425
2026-07-15T00:03:16Z,256,11,8,10,2,0,1,1,1,1784073788
2026-07-15T00:03:16Z,257,16,4,3,0,0,1,1,1,1784073678
2026-07-15T00:03:16Z,258,1,0,17,1,0,1,1,1,1784072878
2026-07-15T00:03:16Z,259,9,4,12,2,0,1,1,1,1784072570
2026-07-15T00:03:16Z,260,14,11,5,0,0,1,1,1,1784073789
2026-07-15T00:03:16Z,261,15,1,3,1,0,1,1,1,1784073359
2026-07-15T00:03:16Z,262,19,6,3,1,0,1,1,1,1784073088
2026-07-15T00:03:16Z,263,6,2,8,1,0,1,1,1,1784072338
2026-07-15T00:03:16Z,264,3,0,15,1,0,1,1,1,1784073648
2026-07-15T00:03:16Z,265,14,0,1,0,0,1,1,1,1784073706
2026-07-15T00:03:16Z,266,11,4,8,0,0,1,1,1,1784073625
2026-07-15T00:03:16Z,267,10,7,5,0,0,1,1,1,1784058167
2026-07-15T00:03:16Z,268,5,1,18,0,0,1,1,1,1784072160
2026-07-15T00:03:16Z,269,9,3,13,1,0,1,1,1,1784073655
2026-07-15T00:03:16Z,270,0,0,26,1,0,1,1,1,1784073201
2026-07-15T00:03:16Z,271,5,0,12,1,1,1,1,1,1784073646
2026-07-15T00:03:16Z,272,10,2,13,0,0,1,1,1,1784073664
2026-07-15T00:03:16Z,273,3,3,12,0,0,1,1,1,1784073427
2026-07-15T00:03:16Z,274,5,2,13,1,0,1,1,1,1784071921
2026-07-15T00:03:16Z,275,12,0,11,0,0,1,1,1,1784072441
2026-07-15T00:03:16Z,276,6,5,20,0,1,1,1,1,1784073480
2026-07-15T00:03:16Z,277,1,0,19,3,0,1,1,1,1784073138
2026-07-15T00:03:16Z,278,2,0,28,0,1,1,1,1,1784073685
2026-07-15T00:03:16Z,279,4,0,15,0,0,1,1,1,1784073445
2026-07-15T00:03:16Z,280,1,0,28,2,0,1,1,1,1784073558
2026-07-15T00:03:16Z,281,0,0,19,0,0,0,1,1,1784049184
2026-07-15T00:03:16Z,282,7,0,12,0,0,1,1,1,1784072894
2026-07-15T00:03:16Z,283,15,7,19,1,0,1,1,1,1784073611
2026-07-15T00:03:16Z,284,7,6,27,1,0,1,1,1,1784073687
2026-07-15T00:03:16Z,285,1,0,22,0,0,1,1,1,1784073147
2026-07-15T00:03:16Z,286,17,15,4,2,0,1,1,1,1784073526
2026-07-15T00:03:16Z,287,11,0,11,1,0,1,1,1,1784071582
2026-07-15T00:03:16Z,288,10,4,7,2,0,1,1,1,1784073721
2026-07-15T00:03:16Z,289,1,1,24,2,0,1,1,1,1784073307
2026-07-15T00:03:16Z,290,38,0,0,1,0,1,1,1,1784073766
2026-07-15T00:03:16Z,291,14,0,8,1,0,1,1,1,1784073741
2026-07-15T00:03:16Z,292,23,3,0,0,0,1,1,1,1784073164
2026-07-15T00:03:16Z,293,17,5,3,3,0,1,1,1,1784073106
2026-07-15T00:03:16Z,294,6,5,14,2,0,1,1,1,1784073702
2026-07-15T00:03:16Z,297,18,0,0,1,0,1,1,1,1784073765
2026-07-15T00:03:16Z,301,16,0,3,0,0,1,1,1,1784073311
2026-07-15T00:03:16Z,302,4,0,18,1,0,1,1,1,1784073717
2026-07-15T00:03:16Z,303,18,0,0,1,0,1,1,1,1784072170
2026-07-15T00:03:16Z,304,0,0,0,0,0,0,1,1,86400
2026-07-15T00:03:16Z,305,10,0,9,0,0,1,1,1,1784072315
2026-07-15T00:03:16Z,306,21,3,11,0,0,1,1,1,1784072042
2026-07-15T00:03:16Z,307,19,0,2,2,0,1,1,1,1784073561
2026-07-15T00:03:16Z,308,5,0,14,0,0,1,1,1,1784073142
2026-07-15T00:03:16Z,309,7,7,7,0,0,1,1,1,1784073301
2026-07-15T00:03:16Z,311,11,0,4,0,0,1,1,1,1784072497
2026-07-15T00:03:16Z,312,5,4,14,3,1,1,1,1,1784073577
2026-07-15T00:03:16Z,313,7,1,8,0,0,1,1,1,1784073392
2026-07-15T00:03:16Z,314,2,1,16,1,0,1,1,1,1784072314
2026-07-15T00:03:16Z,315,3,2,26,2,0,1,1,1,1784073580
2026-07-15T00:03:16Z,316,22,2,9,0,0,1,1,1,1784073674
2026-07-15T00:03:16Z,317,2,1,25,4,0,1,1,1,1784072815
2026-07-15T00:03:16Z,318,14,2,3,0,0,1,1,1,1784071092
2026-07-15T00:03:16Z,319,19,16,7,1,0,1,1,1,1784072623
2026-07-15T00:03:16Z,320,13,1,6,0,0,1,1,1,1784072652
2026-07-15T00:03:16Z,321,2,1,15,2,0,1,1,1,1784069927
2026-07-15T00:03:16Z,322,4,0,25,0,0,1,1,1,1784073765
2026-07-15T00:03:16Z,323,9,1,9,1,0,1,1,1,1784073144
2026-07-15T00:03:16Z,324,11,0,13,3,0,1,1,1,1784073743
2026-07-15T00:03:16Z,325,7,1,18,2,0,1,1,1,1784073443
2026-07-15T00:03:16Z,327,8,1,16,1,2,1,1,1,1784073690
2026-07-15T00:03:16Z,328,7,2,14,1,1,1,1,1,1784073571
2026-07-15T00:03:16Z,329,18,0,0,1,0,1,1,1,1784072328
2026-07-15T00:03:16Z,330,21,1,0,1,0,1,1,1,1784073281
2026-07-15T00:03:16Z,331,19,1,3,1,0,1,1,1,1784073604
2026-07-15T00:03:16Z,332,5,0,13,1,0,1,1,1,1784073577
2026-07-15T00:03:16Z,333,17,7,4,2,0,1,1,1,1784073704
2026-07-15T00:03:16Z,334,8,1,15,0,0,1,1,1,1784073509
2026-07-15T00:03:16Z,335,5,2,17,1,0,1,1,1,1784073358
2026-07-15T00:03:16Z,336,3,1,15,1,0,1,1,1,1784073642
2026-07-15T00:03:16Z,337,12,1,9,2,0,1,1,1,1784073574
2026-07-15T00:03:16Z,338,11,7,8,0,0,1,1,1,1784073090
2026-07-15T00:03:16Z,339,1,0,21,1,0,1,1,1,1784073615
2026-07-15T00:03:16Z,340,6,5,8,1,0,1,1,1,1784073011
2026-07-15T00:03:16Z,341,7,3,12,0,0,1,1,1,1784073548
2026-07-15T00:03:16Z,342,12,0,3,0,0,1,1,1,1784073076
2026-07-15T00:03:16Z,343,1,1,22,0,0,1,1,1,1784072460
2026-07-15T00:03:16Z,344,10,0,12,1,0,1,1,1,1784073509
2026-07-15T00:03:16Z,345,10,0,9,0,0,1,1,1,1784073521
2026-07-15T00:03:16Z,346,4,0,19,0,0,1,1,1,1784073463
2026-07-15T00:03:16Z,347,12,11,32,3,0,1,1,1,1784073777
2026-07-15T00:03:16Z,348,6,1,16,0,1,1,1,1,1784073682
2026-07-15T00:03:16Z,349,3,0,14,2,0,1,1,1,1784073521
2026-07-15T00:03:16Z,350,24,2,0,2,1,1,1,1,1784071382
2026-07-15T00:03:16Z,351,17,1,4,2,0,1,1,1,1784073786
2026-07-15T00:03:16Z,355,19,0,4,0,0,1,1,1,1784073119
2026-07-15T00:03:16Z,356,4,0,15,0,0,1,1,1,1784073226
2026-07-15T00:03:16Z,357,13,1,6,0,0,1,1,1,1784073773
2026-07-15T00:03:16Z,358,13,2,14,0,0,1,1,1,1784072695
2026-07-15T00:03:16Z,359,26,5,0,1,0,1,1,1,1784072309
2026-07-15T00:03:16Z,360,7,0,12,0,0,1,1,1,1784071381
2026-07-15T00:03:16Z,362,6,4,12,0,0,1,1,1,1784071952
2026-07-15T00:03:16Z,363,21,1,6,0,0,1,1,1,1784073244
2026-07-15T00:03:16Z,364,15,3,0,3,1,1,1,1,1784073787
2026-07-15T00:03:16Z,365,11,1,10,2,0,1,1,1,1784073239
2026-07-15T00:03:16Z,366,6,5,15,1,1,1,1,1,1784073519
2026-07-15T00:03:16Z,367,10,1,7,2,0,1,1,1,1784072954
2026-07-15T00:03:16Z,368,4,2,18,1,0,1,1,1,1784073548
2026-07-15T00:03:16Z,370,5,4,18,4,0,1,1,1,1784073041
2026-07-15T00:03:16Z,371,3,3,12,4,0,1,1,1,1784073386
2026-07-15T00:03:16Z,372,12,5,3,0,0,1,1,1,1784073136
2026-07-15T00:03:16Z,373,10,5,15,1,0,1,1,1,1784073672
2026-07-15T00:03:16Z,374,12,5,5,1,0,1,1,1,1784073212
2026-07-15T00:03:16Z,375,26,4,1,0,0,1,1,1,1784073116
2026-07-15T00:03:16Z,376,35,9,1,3,0,1,1,1,1784073334
2026-07-15T00:03:16Z,377,5,2,21,1,0,1,1,1,1784071670
2026-07-15T00:03:16Z,378,12,4,11,1,0,1,1,1,1784072657
2026-07-15T00:03:16Z,379,26,5,0,1,0,1,1,1,1784073184
2026-07-15T00:03:16Z,380,10,1,13,0,0,1,1,1,1784072986
2026-07-15T00:03:16Z,381,22,0,1,0,0,1,1,1,1784070367
2026-07-15T00:03:16Z,383,12,0,3,0,0,1,1,1,1784072355
2026-07-15T00:03:16Z,384,10,0,7,2,0,1,1,1,1784072513
2026-07-15T00:03:16Z,385,7,3,10,1,0,1,1,1,1784073147
2026-07-15T00:03:16Z,387,3,1,19,1,0,1,1,1,1784073607
2026-07-15T00:03:16Z,388,17,1,32,0,0,1,1,1,1784073778
2026-07-15T00:03:16Z,389,6,5,9,0,0,1,1,1,1784072620
2026-07-15T00:03:16Z,390,17,0,6,0,0,1,1,1,1784073158
2026-07-15T00:03:16Z,391,6,5,8,1,0,1,1,1,1784072513
2026-07-15T00:03:16Z,392,1,1,17,1,0,1,1,1,1784073338
2026-07-15T00:03:16Z,393,4,4,4,3,0,1,1,1,1784072946
2026-07-15T00:03:16Z,394,0,0,13,1,1,1,1,1,1784069373
2026-07-15T00:03:16Z,396,0,0,39,3,0,1,1,1,1784072958
2026-07-15T00:03:16Z,397,0,0,31,0,0,1,1,1,1784072378
2026-07-15T00:03:16Z,399,16,2,1,0,0,1,1,1,1784073544
2026-07-15T00:03:16Z,400,12,0,7,4,0,1,1,1,1784072708
2026-07-15T00:03:16Z,401,6,2,25,8,0,1,1,1,1784073672
2026-07-15T00:03:16Z,403,14,8,14,3,0,1,1,1,1784073493
2026-07-15T00:03:16Z,404,3,1,20,0,0,1,1,1,1784073738
2026-07-15T00:03:16Z,406,32,3,2,1,0,1,1,1,1784073748
2026-07-15T00:03:16Z,407,9,2,23,2,0,1,1,1,1784073737
2026-07-15T00:03:16Z,408,5,2,26,2,0,1,1,1,1784073604
2026-07-15T00:03:16Z,409,10,2,8,5,0,1,1,1,1784073504
2026-07-15T00:03:16Z,413,6,1,16,1,0,1,1,1,1784072929
2026-07-15T00:03:16Z,414,13,1,2,0,0,1,1,1,1784073121
2026-07-15T00:03:16Z,417,5,4,14,0,0,1,1,1,1784073216
2026-07-15T00:03:16Z,418,2,1,10,3,0,1,1,1,1784073701
2026-07-15T00:03:16Z,419,18,2,3,2,0,1,1,1,1784070382
2026-07-15T00:03:16Z,421,16,0,1,2,0,1,1,1,1784073184
2026-07-15T00:03:16Z,422,1,0,25,1,0,1,1,1,1784072132
2026-07-15T00:03:16Z,423,4,2,19,0,0,1,1,1,1784073352
2026-07-15T00:03:16Z,424,1,1,12,2,0,1,1,1,1784072477
2026-07-15T00:03:16Z,425,5,0,15,2,0,1,1,1,1784073640
2026-07-15T00:03:16Z,426,22,0,14,1,0,1,1,1,1784073729
2026-07-15T00:03:16Z,427,13,0,0,1,1,1,1,1,1784068111
2026-07-15T00:03:16Z,428,18,2,1,0,0,1,1,1,1784073490
2026-07-15T00:03:16Z,429,3,1,17,3,0,1,1,1,1784073591
2026-07-15T00:03:16Z,430,23,4,7,1,0,1,1,1,1784072854
2026-07-15T00:03:16Z,431,19,2,9,3,2,1,1,1,1784072904
2026-07-15T00:03:16Z,432,17,2,14,0,0,1,1,1,1784073722
2026-07-15T00:03:16Z,433,20,0,2,1,0,1,1,1,1784072976
2026-07-15T00:03:16Z,437,4,3,14,1,0,1,1,1,1784073696
2026-07-15T00:03:16Z,438,3,1,14,2,0,1,1,1,1784073649
2026-07-15T00:03:16Z,439,7,2,8,0,0,1,1,1,1784073739
2026-07-15T00:03:16Z,440,6,0,6,3,0,1,1,1,1784073332
2026-07-15T00:03:16Z,441,7,3,7,1,0,1,1,1,1784072653
2026-07-15T00:03:16Z,442,15,7,3,1,0,1,1,1,1784071616
2026-07-15T00:03:16Z,443,5,2,22,0,0,1,1,1,1784059524
2026-07-15T00:03:16Z,444,1,0,21,1,0,1,1,1,1784069789
2026-07-15T00:03:16Z,445,6,5,15,1,1,1,1,1,1784073668
2026-07-15T00:03:16Z,446,0,0,23,0,0,1,1,1,1784073280
2026-07-15T00:03:16Z,447,12,4,8,2,1,1,1,1,1784070510
2026-07-15T00:03:16Z,448,5,1,7,2,1,1,1,1,1784070221
2026-07-15T00:03:16Z,452,9,4,9,1,0,1,1,1,1784072623
2026-07-15T00:03:16Z,453,2,1,12,1,0,1,1,1,1784073552
2026-07-15T00:03:16Z,454,16,1,1,1,1,1,1,1,1784073079
2026-07-15T00:03:16Z,455,2,1,37,0,0,1,1,1,1784072778
2026-07-15T00:03:16Z,456,8,2,11,1,0,1,1,1,1784073783
2026-07-15T00:03:16Z,457,0,0,26,1,0,1,1,1,1784071779
2026-07-15T00:03:16Z,458,16,1,5,2,0,1,1,1,1784072106
2026-07-15T00:03:16Z,459,10,0,5,0,0,1,1,1,1784072043
2026-07-15T00:03:16Z,460,15,0,8,0,0,1,1,1,1784073771
2026-07-15T00:03:16Z,461,1,0,17,1,0,1,1,1,1784073341
2026-07-15T00:03:16Z,462,10,2,11,0,0,1,1,1,1784073393
2026-07-15T00:03:16Z,463,16,1,3,0,0,1,1,1,1784073511
2026-07-15T00:03:16Z,464,7,1,6,1,0,1,1,1,1784073685
2026-07-15T00:03:16Z,465,4,0,11,0,0,1,1,1,1784072333
2026-07-15T00:03:16Z,466,5,1,6,4,0,1,1,1,1784073601
2026-07-15T00:03:16Z,467,3,0,12,0,0,1,1,1,1784073639
2026-07-15T00:03:16Z,468,13,2,6,0,0,1,1,1,1784072218
2026-07-15T00:03:16Z,469,1,0,20,2,0,1,1,1,1784073498
2026-07-15T00:03:16Z,470,10,0,4,1,0,1,1,1,1784072884
2026-07-15T00:03:16Z,471,2,1,22,3,0,1,1,1,1784072099
2026-07-15T00:03:16Z,472,8,3,9,2,0,1,1,1,1784073388
2026-07-15T00:03:16Z,473,13,2,5,1,0,1,1,1,1784073588
2026-07-15T00:03:16Z,474,17,3,0,2,0,1,1,1,1784071909
2026-07-15T00:03:16Z,475,5,2,10,3,1,1,1,1,1784073788
2026-07-15T00:03:16Z,476,19,3,0,4,0,1,1,1,1784073428
2026-07-15T00:03:16Z,477,2,0,11,2,0,1,1,1,1784073663
2026-07-15T00:03:16Z,478,24,1,3,4,0,1,1,1,1784073783
2026-07-15T00:03:16Z,479,15,1,11,1,0,1,1,1,1784073753
2026-07-15T00:03:16Z,480,12,6,1,2,0,1,1,1,1784073353
2026-07-15T00:03:16Z,481,14,2,21,0,0,1,1,1,1784073717
2026-07-15T00:03:16Z,482,7,5,11,1,0,1,1,1,1784073767
2026-07-15T00:03:16Z,483,7,0,19,1,0,1,1,1,1784073767
2026-07-15T00:03:16Z,484,1,0,15,3,0,1,1,1,1784073354
2026-07-15T00:03:16Z,485,8,2,9,2,0,1,1,1,1784073630
2026-07-15T00:03:16Z,486,10,1,17,0,0,1,1,1,1784073197
2026-07-15T00:03:16Z,487,5,1,12,2,0,1,1,1,1784073621
2026-07-15T00:03:16Z,489,6,6,8,1,0,1,1,1,1784073725
2026-07-15T00:03:16Z,490,9,1,5,2,0,1,1,1,1784073718
2026-07-15T00:03:16Z,491,18,2,1,2,0,1,1,1,1784073787
2026-07-15T00:03:16Z,492,7,3,1,3,0,1,1,1,1784073785
2026-07-15T00:03:16Z,493,0,0,27,0,0,1,1,1,1784071351
2026-07-15T00:03:16Z,495,2,0,0,8,5,1,1,1,1784073660
2026-07-15T00:03:16Z,496,19,2,8,0,0,1,1,1,1784073235
2026-07-15T00:03:16Z,497,4,4,15,0,0,1,1,1,1784071460
2026-07-15T00:03:16Z,498,9,3,13,1,0,1,1,1,1784073746
2026-07-15T00:03:16Z,499,17,2,1,1,0,1,1,1,1784073267
2026-07-15T00:03:16Z,500,0,0,14,1,0,1,1,1,1784071895
2026-07-15T00:03:16Z,501,10,3,9,2,0,1,1,1,1784073228
2026-07-15T00:03:16Z,502,1,1,18,0,0,1,1,1,1784071866
2026-07-15T00:03:16Z,503,10,1,20,1,0,1,1,1,1784073570
2026-07-15T00:03:16Z,504,1,0,38,0,0,1,1,1,1784072435
2026-07-15T00:03:16Z,505,3,3,8,1,0,1,1,1,1784073787
2026-07-15T00:03:16Z,511,9,4,12,2,0,1,1,1,1784073168
2026-07-15T00:03:16Z,512,18,0,9,0,0,1,1,1,1784073786
2026-07-15T00:03:16Z,514,4,2,3,4,0,1,1,1,1784072129
2026-07-15T00:03:16Z,515,8,1,10,1,0,1,1,1,1784072152
2026-07-15T00:03:16Z,516,3,0,24,0,0,1,1,1,1784073627
2026-07-15T00:03:16Z,517,9,2,14,0,0,1,1,1,1784072722
2026-07-15T00:03:16Z,518,10,3,4,1,0,1,1,1,1784073246
2026-07-15T00:03:16Z,519,9,2,10,0,0,1,1,1,1784073313
2026-07-15T00:03:16Z,520,8,0,17,1,1,1,1,1,1784073775
2026-07-15T00:03:16Z,521,5,2,17,1,0,1,1,1,1784072222
2026-07-15T00:03:16Z,522,15,0,7,1,0,1,1,1,1784073002
2026-07-15T00:03:16Z,523,6,1,16,1,0,1,1,1,1784070776
2026-07-15T00:03:16Z,524,17,1,6,0,0,1,1,1,1784073409
2026-07-15T00:03:16Z,525,13,0,6,0,0,1,1,1,1784073324
2026-07-15T00:03:16Z,526,11,0,2,2,0,1,1,1,1784072817
2026-07-15T00:03:16Z,527,0,0,25,1,0,1,1,1,1784073477
2026-07-15T00:03:16Z,528,11,0,12,0,0,1,1,1,1784071516
2026-07-15T00:03:16Z,529,7,2,8,4,0,1,1,1,1784073587
2026-07-15T00:03:16Z,530,19,1,0,2,0,1,1,1,1784073664
2026-07-15T00:03:16Z,531,5,1,15,2,1,1,1,1,1784073629
2026-07-15T00:03:16Z,532,0,0,30,1,0,1,1,1,1784072985
2026-07-15T00:03:16Z,533,7,0,11,1,0,1,1,1,1784072686
2026-07-15T00:03:16Z,534,11,10,11,1,0,1,1,1,1784073248
2026-07-15T00:03:16Z,535,1,1,14,0,0,1,1,1,1784073089
2026-07-15T00:03:16Z,536,6,0,17,0,0,1,1,1,1784072539
2026-07-15T00:03:16Z,537,4,1,17,0,0,1,1,1,1784072986
2026-07-15T00:03:16Z,538,14,2,2,3,0,1,1,1,1784073705
2026-07-15T00:03:16Z,539,1,1,30,0,0,1,1,1,1784073575
2026-07-15T00:03:16Z,540,5,0,14,0,0,1,1,1,1784073435
2026-07-15T00:03:16Z,541,15,7,9,3,0,1,1,1,1784073718
2026-07-15T00:03:16Z,542,1,1,22,0,0,1,1,1,1784073566
2026-07-15T00:03:16Z,543,8,0,9,2,0,1,1,1,1784073759
2026-07-15T00:03:16Z,544,13,3,7,2,0,1,1,1,1784073523
2026-07-15T00:03:16Z,545,17,5,0,2,0,1,1,1,1784073686
2026-07-15T00:03:16Z,546,1,1,18,0,0,1,1,1,1784072838
2026-07-15T00:03:16Z,547,12,1,14,0,0,1,1,1,1784073489
2026-07-15T00:03:16Z,548,17,0,6,0,0,1,1,1,1784072751
2026-07-15T00:03:16Z,549,9,4,12,0,0,1,1,1,1784073391
2026-07-15T00:03:16Z,550,5,3,14,0,0,1,1,1,1784073579
2026-07-15T00:03:16Z,551,7,3,16,0,0,1,1,1,1784073747
2026-07-15T00:03:16Z,552,20,2,7,0,0,1,1,1,1784073652
2026-07-15T00:03:16Z,553,11,2,10,1,1,1,1,1,1784073759
2026-07-15T00:03:16Z,554,0,0,19,0,0,1,1,1,1784070734
2026-07-15T00:03:16Z,555,14,5,0,1,0,1,1,1,1784069382
2026-07-15T00:03:16Z,556,9,2,14,0,0,1,1,1,1784073443
2026-07-15T00:03:16Z,557,15,2,8,0,0,1,1,1,1784073329
2026-07-15T00:03:16Z,558,25,0,7,5,0,1,1,1,1784073558
2026-07-15T00:03:16Z,559,0,0,18,1,0,1,1,1,1784073781
2026-07-15T00:03:16Z,560,22,0,4,1,0,1,1,1,1784073743
2026-07-15T00:03:16Z,561,20,1,2,1,0,1,1,1,1784072740
2026-07-15T00:03:16Z,562,6,0,27,2,0,1,1,1,1784072030
2026-07-15T00:03:16Z,563,14,0,0,0,0,1,1,1,1784071943
2026-07-15T00:03:16Z,564,13,1,4,2,0,1,1,1,1784073200
2026-07-15T00:03:16Z,565,2,0,17,0,0,1,1,1,1784070680
2026-07-15T00:03:16Z,566,17,1,1,1,0,1,1,1,1784073507
2026-07-15T00:03:16Z,567,27,0,0,0,0,1,1,1,1784072972
2026-07-15T00:03:16Z,568,15,1,3,1,0,1,1,1,1784073030
2026-07-15T00:03:16Z,569,12,1,7,0,0,1,1,1,1784073032
2026-07-15T00:03:16Z,570,18,0,0,1,0,1,1,1,1784073768
2026-07-15T00:03:16Z,571,13,1,10,0,0,1,1,1,1784073095
2026-07-15T00:03:16Z,572,19,0,0,0,0,1,1,1,1784072817
2026-07-15T00:03:16Z,573,3,0,12,0,0,1,1,1,1784072983
2026-07-15T00:03:16Z,574,3,2,12,0,0,1,1,1,1784071714
2026-07-15T00:03:16Z,575,9,0,12,0,0,1,1,1,1784072129
2026-07-15T00:03:16Z,576,0,0,19,0,0,1,1,1,1784073555
2026-07-15T00:03:16Z,577,8,1,23,0,0,1,1,1,1784072779
2026-07-15T00:03:16Z,578,8,4,15,0,0,1,1,1,1784073581
2026-07-15T00:03:16Z,579,41,3,2,0,0,1,1,1,1784073219
2026-07-15T00:03:16Z,580,8,0,22,1,0,1,1,1,1784073576
2026-07-15T00:03:16Z,581,18,0,1,0,0,1,1,1,1784073423
2026-07-15T00:03:16Z,582,6,0,51,4,0,1,1,1,1784073683
2026-07-15T00:03:16Z,583,16,0,6,1,0,1,1,1,1784073499
2026-07-15T00:03:16Z,584,0,0,14,5,0,1,1,1,1784072106
2026-07-15T00:03:16Z,585,12,4,14,0,0,1,1,1,1784073312
2026-07-15T00:03:16Z,586,2,0,31,2,0,1,1,1,1784073516
2026-07-15T00:03:16Z,587,22,0,1,2,0,1,1,1,1784073735
2026-07-15T00:03:16Z,588,4,2,15,0,0,1,1,1,1784073517
2026-07-15T00:03:16Z,589,5,2,17,1,0,1,1,1,1784073097
2026-07-15T00:03:16Z,590,6,2,25,0,0,1,1,1,1784073749
2026-07-15T00:03:16Z,591,19,4,2,1,0,1,1,1,1784073692
2026-07-15T00:03:16Z,592,15,0,8,0,0,1,1,1,1784073745
2026-07-15T00:03:16Z,593,4,0,35,0,0,1,1,1,1784073585
2026-07-15T00:03:16Z,594,12,0,8,1,0,1,1,1,1784073579
2026-07-15T00:03:16Z,595,0,0,3,0,0,0,1,1,1784046673
2026-07-15T00:03:16Z,605,0,0,2,1,0,0,1,1,1783975843
2026-07-15T00:03:16Z,606,0,0,0,0,0,0,1,1,86400
2026-07-15T00:03:16Z,607,31,3,0,2,0,1,1,1,1784073788
2026-07-15T00:03:16Z,608,2,0,52,0,0,1,1,1,1784073314
2026-07-15T00:03:16Z,609,18,15,5,0,0,1,1,1,1784072665
2026-07-15T00:03:16Z,610,0,0,34,1,0,1,1,1,1784071336
2026-07-15T00:03:16Z,611,26,0,1,0,0,1,1,1,1784071284
2026-07-15T00:03:16Z,612,9,1,6,0,0,1,1,1,1784072692
2026-07-15T00:03:16Z,613,12,2,2,1,0,1,1,1,1784065286
2026-07-15T00:03:16Z,614,1,1,24,1,1,1,1,1,1784072601
2026-07-15T00:03:16Z,617,5,1,8,2,0,1,1,1,1784072631
2026-07-15T00:03:16Z,618,5,4,10,4,0,1,1,1,1784072741
2026-07-15T00:03:16Z,619,10,5,9,0,0,1,1,1,1784073643
2026-07-15T00:03:16Z,620,0,0,22,1,0,1,1,1,1784073456
2026-07-15T00:03:16Z,621,14,2,9,0,0,1,1,1,1784073745
2026-07-15T00:03:16Z,622,5,1,17,1,0,1,1,1,1784073776
2026-07-15T00:03:16Z,623,1,0,26,2,1,1,1,1,1784071290
2026-07-15T00:03:16Z,624,1,1,12,1,1,1,1,1,1784071418
2026-07-15T00:03:16Z,625,3,1,0,12,6,1,1,1,1784073685
2026-07-15T00:03:16Z,626,40,0,4,0,2,1,1,1,1784072821
2026-07-15T00:03:16Z,627,15,6,1,1,0,1,1,1,1784071702
2026-07-15T00:03:16Z,628,6,1,9,3,1,1,1,1,1784073789
2026-07-15T00:03:16Z,629,6,1,4,1,0,1,1,1,1784070752
2026-07-15T00:03:16Z,630,7,1,17,3,0,1,1,1,1784073577
2026-07-15T00:03:16Z,631,0,0,22,1,0,1,1,1,1784072386
2026-07-15T00:03:16Z,632,9,0,12,2,0,1,1,1,1784073171
2026-07-15T00:03:16Z,633,10,0,3,1,1,1,1,1,1784065075
2026-07-15T00:03:16Z,634,13,0,5,1,0,1,1,1,1784072110
2026-07-15T00:03:16Z,635,6,1,11,2,0,1,1,1,1784073657
2026-07-15T00:03:16Z,636,5,1,10,0,0,1,1,1,1784071824
2026-07-15T00:03:16Z,637,7,2,10,2,0,1,1,1,1784072549
2026-07-15T00:03:16Z,638,9,0,8,2,0,1,1,1,1784073538
2026-07-15T00:03:16Z,639,0,0,0,3,12,0,1,1,1784026667
2026-07-15T00:03:16Z,640,0,0,21,2,0,1,1,1,1784072073
2026-07-15T00:03:16Z,641,23,1,3,1,0,1,1,1,1784073595
2026-07-15T00:03:16Z,642,3,2,12,4,0,1,1,1,1784071493
2026-07-15T00:03:16Z,643,1,0,24,2,0,1,1,1,1784073062
2026-07-15T00:03:16Z,644,4,1,1,9,1,1,1,1,1784073486
2026-07-15T00:03:16Z,645,15,1,6,1,1,1,1,1,1784071671
2026-07-15T00:03:16Z,646,12,2,4,3,0,1,1,1,1784073296
2026-07-15T00:03:16Z,647,14,2,17,0,0,1,1,1,1784073740
2026-07-15T00:03:16Z,648,17,1,0,2,0,1,1,1,1784073297
2026-07-15T00:03:16Z,649,14,4,17,0,0,1,1,1,1784073466
2026-07-15T00:03:16Z,650,4,2,11,1,0,1,1,1,1784071042
2026-07-15T00:03:16Z,651,5,5,16,2,0,1,1,1,1784073622
2026-07-15T00:03:16Z,652,2,0,19,2,0,1,1,1,1784073667
2026-07-15T00:03:16Z,653,1,0,13,5,0,1,1,1,1784073790
2026-07-15T00:03:16Z,654,0,0,15,0,0,1,1,1,1784070505
2026-07-15T00:03:16Z,655,2,0,8,1,3,1,1,1,1784073628
2026-07-15T00:03:16Z,656,13,1,6,0,0,1,1,1,1784073372
2026-07-15T00:03:16Z,657,3,2,11,1,2,1,1,1,1784073674
2026-07-15T00:03:16Z,658,18,2,4,1,0,1,1,1,1784073740
2026-07-15T00:03:16Z,659,3,3,10,2,0,1,1,1,1784073025
2026-07-15T00:03:16Z,660,2,2,29,0,0,1,1,1,1784073121
2026-07-15T00:03:16Z,661,8,3,11,0,0,1,1,1,1784072363
2026-07-15T00:03:16Z,662,3,1,17,3,0,1,1,1,1784073575
2026-07-15T00:03:16Z,663,12,3,2,0,0,1,1,1,1784073744
2026-07-15T00:03:16Z,664,15,0,12,0,0,1,1,1,1784073127
2026-07-15T00:03:16Z,665,3,3,11,1,0,1,1,1,1784073790
2026-07-15T00:03:16Z,666,11,4,4,0,0,1,1,1,1784073617
2026-07-15T00:03:16Z,667,9,1,3,6,0,1,1,1,1784073765
2026-07-15T00:03:16Z,668,8,1,9,2,0,1,1,1,1784073065
2026-07-15T00:03:16Z,669,7,2,5,2,0,1,1,1,1784072398
2026-07-15T00:03:16Z,670,19,1,8,0,0,1,1,1,1784073137
2026-07-15T00:03:16Z,671,21,0,5,1,0,1,1,1,1784073700
2026-07-15T00:03:16Z,672,7,0,12,4,0,1,1,1,1784073079
2026-07-15T00:03:16Z,673,19,1,3,1,0,1,1,1,1784072982
2026-07-15T00:03:16Z,674,1,1,19,3,0,1,1,1,1784073642
2026-07-15T00:03:16Z,675,3,2,10,1,1,1,1,1,1784073538
2026-07-15T00:03:16Z,676,5,1,17,1,0,1,1,1,1784073434
2026-07-15T00:03:16Z,681,4,0,7,4,0,1,1,1,1784072700
2026-07-15T00:03:16Z,682,14,4,0,5,0,1,1,1,1784049239
2026-07-15T00:03:16Z,683,16,4,3,0,0,1,1,1,1784073263
2026-07-15T00:03:16Z,684,9,0,18,0,0,1,1,1,1784067028
2026-07-15T00:03:16Z,685,5,1,20,1,1,1,1,1,1784073768
2026-07-15T00:03:16Z,686,10,2,15,2,0,1,1,1,1784073483
2026-07-15T00:03:16Z,687,5,2,24,1,1,1,1,1,1784073618
2026-07-15T00:03:16Z,688,2,0,16,1,0,1,1,1,1784073065
2026-07-15T00:03:16Z,692,1,1,19,1,0,1,1,1,1784073079
2026-07-15T00:03:16Z,693,4,0,4,3,0,1,1,1,1784073003
2026-07-15T00:03:16Z,694,7,4,14,0,0,1,1,1,1784072866
2026-07-15T00:03:16Z,695,4,2,18,1,0,1,1,1,1784073479
2026-07-15T00:03:16Z,696,21,12,2,0,0,1,1,1,1784073285
2026-07-15T00:03:16Z,697,18,0,3,2,0,1,1,1,1784073747
2026-07-15T00:03:16Z,698,10,2,17,0,0,1,1,1,1784072968
2026-07-15T00:03:16Z,699,3,0,11,1,0,1,1,1,1784072172
2026-07-15T00:03:16Z,700,16,0,3,0,0,1,1,1,1784073634
2026-07-15T00:03:16Z,701,10,0,8,1,0,1,1,1,1784073347
2026-07-15T00:03:16Z,702,0,0,22,1,0,1,1,1,1784072684
2026-07-15T00:03:16Z,703,21,4,1,1,0,1,1,1,1784073039
2026-07-15T00:03:16Z,704,12,2,3,0,0,1,1,1,1784073046
2026-07-15T00:03:16Z,705,14,6,1,0,0,1,1,1,1784072568
2026-07-15T00:03:16Z,706,15,8,0,0,0,1,1,1,1784073102
2026-07-15T00:03:16Z,707,10,5,4,1,0,1,1,1,1784073089
2026-07-15T00:03:16Z,708,19,1,0,0,0,1,1,1,1784073177
2026-07-15T00:03:16Z,709,6,0,7,2,0,1,1,1,1784073677
2026-07-15T00:03:16Z,710,7,2,12,0,0,1,1,1,1784072368
2026-07-15T00:03:16Z,711,14,4,1,4,0,1,1,1,1784072646
2026-07-15T00:03:16Z,712,2,2,13,0,0,1,1,1,1784073727
2026-07-15T00:03:16Z,713,3,0,19,1,0,1,1,1,1784073366
2026-07-15T00:03:16Z,716,0,0,15,0,0,1,1,1,1784073329
2026-07-15T00:03:16Z,717,11,9,11,3,0,1,1,1,1784073609
2026-07-15T00:03:16Z,718,2,1,12,1,0,1,1,1,1784073709
2026-07-15T00:03:16Z,719,2,0,27,0,0,1,1,1,1784072200
2026-07-15T00:03:16Z,720,3,1,16,0,0,1,1,1,1784072502
2026-07-15T00:03:16Z,721,5,0,18,0,0,1,1,1,1784072178
2026-07-15T00:03:16Z,722,5,0,10,0,0,1,1,1,1784073531
2026-07-15T00:03:16Z,723,5,2,17,1,0,1,1,1,1784072821
2026-07-15T00:03:16Z,724,9,0,14,0,0,1,1,1,1784073473
2026-07-15T00:03:16Z,725,12,1,10,1,0,1,1,1,1784073604
2026-07-15T00:03:16Z,726,19,2,0,0,0,1,1,1,1784073441
2026-07-15T00:03:16Z,727,7,1,15,1,0,1,1,1,1784071994
2026-07-15T00:03:16Z,728,11,1,2,2,0,1,1,1,1784072593
2026-07-15T00:03:16Z,729,17,1,1,1,0,1,1,1,1784072933
2026-07-15T00:03:16Z,730,10,1,5,0,0,1,1,1,1784072348
2026-07-15T00:03:16Z,731,1,1,13,1,0,1,1,1,1784073174
2026-07-15T00:03:16Z,732,8,2,7,0,0,1,1,1,1784072526
2026-07-15T00:03:16Z,733,27,1,0,0,0,1,1,1,1784072609
2026-07-15T00:03:16Z,734,4,0,10,0,0,1,1,1,1784073503
2026-07-15T00:03:16Z,735,1,1,26,0,0,1,1,1,1784073242
2026-07-15T00:03:16Z,736,8,4,11,0,0,1,1,1,1784073217
2026-07-15T00:03:16Z,737,4,1,11,0,0,1,1,1,1784073571
2026-07-15T00:03:16Z,738,6,3,11,2,0,1,1,1,1784073257
2026-07-15T00:03:16Z,739,11,3,14,2,0,1,1,1,1784073606
2026-07-15T00:03:16Z,741,2,1,21,0,0,1,1,1,1784072383
2026-07-15T00:03:16Z,742,30,1,9,0,0,1,1,1,1784073705
2026-07-15T00:03:16Z,743,0,0,19,0,0,1,1,1,1784073202
2026-07-15T00:03:16Z,744,5,0,9,1,0,1,1,1,1784073119
2026-07-15T00:03:16Z,745,13,2,4,2,0,1,1,1,1784073273
2026-07-15T00:03:16Z,746,20,0,3,0,0,1,1,1,1784073540
2026-07-15T00:03:16Z,747,0,0,19,0,0,0,1,1,1783446606
2026-07-15T00:03:16Z,748,13,2,7,0,0,1,1,1,1784073682
2026-07-15T00:03:16Z,749,8,2,14,1,0,1,1,1,1784073787
2026-07-15T00:03:16Z,750,1,0,8,2,0,1,1,1,1784072743
2026-07-15T00:03:16Z,751,8,1,15,0,0,1,1,1,1784073740
2026-07-15T00:03:16Z,752,15,1,2,0,0,1,1,1,1784073266
2026-07-15T00:03:16Z,753,15,0,0,0,0,1,1,1,1784072842
2026-07-15T00:03:16Z,754,13,3,2,0,0,1,1,1,1784073550
2026-07-15T00:03:16Z,755,5,4,11,2,0,1,1,1,1784072381
2026-07-15T00:03:16Z,756,0,0,37,1,0,1,1,1,1784072365
2026-07-15T00:03:16Z,757,3,1,16,0,0,1,1,1,1784073544
2026-07-15T00:03:16Z,758,5,2,18,0,0,1,1,1,1784073598
2026-07-15T00:03:16Z,759,4,1,11,0,0,1,1,1,1784072824
2026-07-15T00:03:16Z,760,17,5,1,1,0,1,1,1,1784068228
2026-07-15T00:03:16Z,761,4,1,19,0,0,1,1,1,1784072211
2026-07-15T00:03:16Z,762,4,4,6,5,0,1,1,1,1784073579
2026-07-15T00:03:16Z,768,18,6,0,1,0,1,1,1,1784072702
2026-07-15T00:03:16Z,769,9,3,10,0,0,1,1,1,1784073707
2026-07-15T00:03:16Z,770,6,3,13,0,0,1,1,1,1784072236
2026-07-15T00:03:16Z,771,10,1,5,0,0,1,1,1,1784072364
2026-07-15T00:03:16Z,772,4,3,11,0,0,1,1,1,1784072151
2026-07-15T00:03:16Z,773,8,4,11,0,0,1,1,1,1784073741
2026-07-15T00:03:16Z,774,7,1,6,2,0,1,1,1,1784072816
2026-07-15T00:03:16Z,775,4,0,12,3,0,1,1,1,1784070861
2026-07-15T00:03:16Z,776,2,0,18,1,0,1,1,1,1784072933
2026-07-15T00:03:16Z,777,8,3,0,7,0,1,1,1,1784072535
2026-07-15T00:03:16Z,778,16,3,1,2,0,1,1,1,1784073536
2026-07-15T00:03:16Z,779,13,1,5,1,0,1,1,1,1784073000
2026-07-15T00:03:16Z,780,16,3,2,1,0,1,1,1,1784073746
2026-07-15T00:03:16Z,781,5,2,6,0,0,1,1,1,1784072998
2026-07-15T00:03:16Z,782,9,5,9,1,0,1,1,1,1784073196
2026-07-15T00:03:16Z,783,6,1,13,0,0,1,1,1,1784072803
2026-07-15T00:03:16Z,784,18,0,1,0,0,1,1,1,1784068540
2026-07-15T00:03:16Z,785,8,1,6,4,0,1,1,1,1784067827
2026-07-15T00:03:16Z,786,8,2,9,2,0,1,1,1,1784073264
2026-07-15T00:03:16Z,787,12,2,2,1,0,1,1,1,1784073284
2026-07-15T00:03:16Z,788,5,3,10,0,0,1,1,1,1784072503
2026-07-15T00:03:16Z,789,10,1,5,0,0,1,1,1,1784073668
2026-07-15T00:03:16Z,790,4,1,19,0,0,1,1,1,1784073730
2026-07-15T00:03:16Z,791,12,1,6,1,0,1,1,1,1784073765
2026-07-15T00:03:16Z,793,3,2,10,2,0,1,1,1,1784073033
2026-07-15T00:03:16Z,794,6,2,22,1,0,1,1,1,1784072650
2026-07-15T00:03:16Z,796,1,1,15,3,0,1,1,1,1784073178
2026-07-15T00:03:16Z,797,2,1,13,0,0,1,1,1,1784073112
2026-07-15T00:03:16Z,798,12,1,10,3,0,1,1,1,1784073786
2026-07-15T00:03:16Z,799,6,2,9,4,0,1,1,1,1784073199
2026-07-15T00:03:16Z,800,12,0,9,0,0,1,1,1,1784073753
2026-07-15T00:03:16Z,801,0,0,20,1,0,1,1,1,1784073118
2026-07-15T00:03:16Z,802,2,1,29,0,0,1,1,1,1784073137
2026-07-15T00:03:16Z,803,11,1,4,0,0,1,1,1,1784072477
2026-07-15T00:03:16Z,806,3,1,11,1,0,1,1,1,1784073196
2026-07-15T00:03:16Z,807,0,0,24,1,0,1,1,1,1784072501
2026-07-15T00:03:16Z,808,0,0,24,1,0,1,1,1,1784072956
2026-07-15T00:03:16Z,809,9,4,13,1,0,1,1,1,1784073785
2026-07-15T00:03:16Z,810,10,9,6,3,0,1,1,1,1784073225
2026-07-15T00:03:16Z,815,12,1,2,1,0,1,1,1,1784072301
2026-07-15T00:03:16Z,817,2,0,4,9,0,1,1,1,1784072082
2026-07-15T00:03:16Z,818,8,2,15,0,0,1,1,1,1784073287
2026-07-15T00:03:16Z,819,5,2,6,4,0,1,1,1,1784072463
2026-07-15T00:03:16Z,820,8,1,7,2,0,1,1,1,1784072960
2026-07-15T00:03:16Z,821,11,6,3,1,0,1,1,1,1784072310
2026-07-15T00:03:16Z,822,6,0,15,2,0,1,1,1,1784073740
2026-07-15T00:03:16Z,823,6,0,9,0,0,1,1,1,1784073330
2026-07-15T00:03:16Z,824,16,2,2,1,0,1,1,1,1784073573
2026-07-15T00:03:16Z,825,9,1,5,1,0,1,1,1,1784072195
2026-07-15T00:03:16Z,826,4,0,11,3,1,1,1,1,1784072368
2026-07-15T00:03:16Z,827,19,7,2,0,0,1,1,1,1784073736
2026-07-15T00:03:16Z,828,5,1,12,1,0,1,1,1,1784072279
2026-07-15T00:03:16Z,829,1,0,26,0,0,1,1,1,1784072788
2026-07-15T00:03:16Z,830,17,1,6,0,0,1,1,1,1784073361
2026-07-15T00:03:16Z,831,4,1,11,0,0,1,1,1,1784073689
2026-07-15T00:03:16Z,832,4,0,14,0,0,1,1,1,1784072985
2026-07-15T00:03:16Z,833,17,4,0,2,0,1,1,1,1784073459
2026-07-15T00:03:16Z,834,21,0,2,1,0,1,1,1,1784073524
2026-07-15T00:03:16Z,835,7,3,11,0,0,1,1,1,1784073097
2026-07-15T00:03:16Z,837,5,3,4,6,0,1,1,1,1784073685
2026-07-15T00:03:16Z,838,6,4,3,6,0,1,1,1,1784073157
2026-07-15T00:03:16Z,839,3,0,25,1,0,1,1,1,1784073624
2026-07-15T00:03:16Z,840,0,0,28,1,0,1,1,1,1784073420
2026-07-15T00:03:16Z,841,11,7,4,0,0,1,1,1,1784073586
2026-07-15T00:03:16Z,842,18,2,4,0,0,1,1,1,1784073749
2026-07-15T00:03:16Z,843,19,4,10,2,0,1,1,1,1784072876
2026-07-15T00:03:16Z,844,6,0,16,1,0,1,1,1,1784073676
2026-07-15T00:03:16Z,845,5,0,14,0,0,1,1,1,1784073045
2026-07-15T00:03:16Z,846,8,0,9,1,0,1,1,1,1784073076
2026-07-15T00:03:16Z,847,5,4,22,0,0,1,1,1,1784073221
2026-07-15T00:03:16Z,848,7,0,12,0,0,1,1,1,1784073074
2026-07-15T00:03:16Z,849,2,1,11,2,0,1,1,1,1784073691
2026-07-15T00:03:16Z,850,8,3,2,1,0,1,1,1,1784073498
2026-07-15T00:03:16Z,851,14,13,22,1,0,1,1,1,1784073595
2026-07-15T00:03:16Z,852,6,1,12,1,0,1,1,1,1784072107
2026-07-15T00:03:16Z,853,11,2,11,1,0,1,1,1,1784072780
2026-07-15T00:03:16Z,854,7,3,8,0,0,1,1,1,1784072993
2026-07-15T00:03:16Z,855,13,0,14,0,0,1,1,1,1784072292
2026-07-15T00:03:16Z,857,1,0,13,5,0,1,1,1,1784073723
2026-07-15T00:03:16Z,858,8,5,9,2,0,1,1,1,1784073223
2026-07-15T00:03:16Z,859,6,2,14,1,0,1,1,1,1784073271
2026-07-15T00:03:16Z,861,3,1,7,1,0,1,1,1,1784065902
2026-07-15T00:03:16Z,862,0,0,15,0,0,1,1,1,1784073620
2026-07-15T00:03:16Z,863,14,4,3,2,0,1,1,1,1784072150
2026-07-15T00:03:16Z,866,9,0,10,0,0,1,1,1,1784073080
2026-07-15T00:03:16Z,867,11,3,4,0,0,1,1,1,1784073534
2026-07-15T00:03:16Z,868,4,2,10,1,0,1,1,1,1784072415
2026-07-15T00:03:16Z,870,8,2,5,2,0,1,1,1,1784072669
2026-07-15T00:03:16Z,871,1,1,9,1,0,1,1,1,1784073489
2026-07-15T00:03:16Z,872,7,3,8,0,0,1,1,1,1784072436
2026-07-15T00:03:16Z,873,2,0,30,1,0,1,1,1,1784073721
2026-07-15T00:03:16Z,874,13,0,1,1,0,1,1,1,1784073655
2026-07-15T00:03:16Z,875,6,2,8,1,0,1,1,1,1784073201
2026-07-15T00:03:16Z,877,6,5,12,1,0,1,1,1,1784073332
2026-07-15T00:03:16Z,878,7,6,12,0,0,1,1,1,1784073569
2026-07-15T00:03:16Z,879,11,2,8,0,0,1,1,1,1784073308
2026-07-15T00:03:16Z,880,5,0,18,0,0,1,1,1,1784073684
2026-07-15T00:03:16Z,881,15,3,4,0,0,1,1,1,1784073776
2026-07-15T00:03:16Z,882,11,5,8,0,0,1,1,1,1784072847
2026-07-15T00:03:16Z,883,10,5,9,0,0,1,1,1,1784072512
2026-07-15T00:03:16Z,884,8,4,12,1,0,1,1,1,1784072676
2026-07-15T00:03:16Z,885,4,0,15,0,0,1,1,1,1784072860
2026-07-15T00:03:16Z,886,1,1,27,1,0,1,1,1,1784073139
2026-07-15T00:03:16Z,887,3,1,11,3,0,1,1,1,1784072028
2026-07-15T00:03:16Z,888,38,3,2,1,0,1,1,1,1784073543
2026-07-15T00:03:16Z,889,18,1,0,1,0,1,1,1,1784073106
2026-07-15T00:03:16Z,890,7,1,8,0,0,1,1,1,1784072899
2026-07-15T00:03:16Z,891,8,0,15,0,0,1,1,1,1784072254
2026-07-15T00:03:16Z,892,10,0,5,0,0,1,1,1,1784070661
2026-07-15T00:03:16Z,895,12,3,6,1,0,1,1,1,1784071036
2026-07-15T00:03:16Z,896,15,0,20,0,0,1,1,1,1784072456
2026-07-15T00:03:16Z,897,10,0,9,2,0,1,1,1,1784073639
2026-07-15T00:03:16Z,898,5,1,13,1,0,1,1,1,1784073019
2026-07-15T00:03:16Z,899,18,2,1,0,0,1,1,1,1784073031
2026-07-15T00:03:16Z,900,24,3,1,2,0,1,1,1,1784073757
2026-07-15T00:03:16Z,901,18,4,0,1,0,1,1,1,1784072672
2026-07-15T00:03:16Z,902,4,0,11,0,0,1,1,1,1784072328
2026-07-15T00:03:16Z,903,12,0,7,0,0,1,1,1,1784072992
2026-07-15T00:03:16Z,904,9,2,9,1,0,1,1,1,1784073000
2026-07-15T00:03:16Z,905,14,0,11,2,0,1,1,1,1784073657
2026-07-15T00:03:16Z,906,3,0,23,1,0,1,1,1,1784073627
2026-07-15T00:03:16Z,907,21,0,7,3,0,1,1,1,1784073622
2026-07-15T00:03:16Z,908,14,2,9,0,0,1,1,1,1784073646
2026-07-15T00:03:16Z,909,3,3,19,1,0,1,1,1,1784073417
2026-07-15T00:03:16Z,910,20,1,9,2,0,1,1,1,1784073245
2026-07-15T00:03:16Z,911,8,0,10,1,0,1,1,1,1784072935
2026-07-15T00:03:16Z,912,12,4,7,4,0,1,1,1,1784073676
2026-07-15T00:03:16Z,913,4,3,15,0,0,1,1,1,1784072502
2026-07-15T00:03:16Z,914,6,0,11,2,0,1,1,1,1784073787
2026-07-15T00:03:16Z,915,17,1,4,2,0,1,1,1,1784073746
2026-07-15T00:03:16Z,916,16,0,7,0,0,1,1,1,1784073397
2026-07-15T00:03:16Z,917,5,0,28,2,0,1,1,1,1784073651
2026-07-15T00:03:16Z,918,16,0,1,2,0,1,1,1,1784073752
2026-07-15T00:03:16Z,919,16,0,22,1,0,1,1,1,1784073743
2026-07-15T00:03:16Z,920,5,5,13,1,0,1,1,1,1784072550
2026-07-15T00:03:16Z,921,13,2,5,3,0,1,1,1,1784073705
2026-07-15T00:03:16Z,922,9,0,12,0,0,1,1,1,1784072501
2026-07-15T00:03:16Z,923,0,0,18,1,0,1,1,1,1784073763
2026-07-15T00:03:16Z,924,15,5,6,0,0,1,1,1,1784073307
2026-07-15T00:03:16Z,925,7,0,14,0,0,1,1,1,1784073667
2026-07-15T00:03:16Z,926,7,0,14,0,0,1,1,1,1784073763
2026-07-15T00:03:16Z,927,1,0,33,0,1,1,1,1,1784073680
2026-07-15T00:03:16Z,928,5,0,14,0,0,1,1,1,1784072367
2026-07-15T00:03:16Z,929,2,0,21,0,0,1,1,1,1784073697
2026-07-15T00:03:16Z,930,7,0,22,2,0,1,1,1,1784073760
2026-07-15T00:03:16Z,931,0,0,22,1,0,1,1,1,1784073082
2026-07-15T00:03:16Z,932,17,0,2,0,0,1,1,1,1784073520
2026-07-15T00:03:16Z,933,22,2,1,0,0,1,1,1,1784073690
2026-07-15T00:03:16Z,934,13,0,18,0,0,1,1,1,1784072685
2026-07-15T00:03:16Z,935,11,0,7,1,0,1,1,1,1784073442
2026-07-15T00:03:16Z,936,2,0,17,0,0,1,1,1,1784073406
2026-07-15T00:03:16Z,940,11,3,0,0,0,1,1,1,1784069524
2026-07-15T00:03:16Z,941,19,0,4,2,0,1,1,1,1784073668
2026-07-15T00:03:16Z,942,14,2,6,1,0,1,1,1,1784073719
2026-07-15T00:03:16Z,943,4,3,10,1,0,1,1,1,1784073648
2026-07-15T00:03:16Z,944,8,7,6,1,0,1,1,1,1784072531
2026-07-15T00:03:16Z,945,4,3,11,0,0,1,1,1,1784072382
2026-07-15T00:03:16Z,946,11,8,8,0,0,1,1,1,1784072632
2026-07-15T00:03:16Z,947,8,5,9,0,0,1,1,1,1784072229
2026-07-15T00:03:16Z,948,1,1,29,1,0,1,1,1,1784073715
2026-07-15T00:03:16Z,949,3,1,11,1,0,1,1,1,1784073763
2026-07-15T00:03:16Z,950,8,0,8,1,0,1,1,1,1784073310
2026-07-15T00:03:16Z,951,3,3,19,1,0,1,1,1,1784073661
2026-07-15T00:03:16Z,952,28,3,25,2,0,1,1,1,1784073350
2026-07-15T00:03:16Z,953,9,2,6,0,0,1,1,1,1784073071
2026-07-15T00:03:16Z,954,16,5,2,1,0,1,1,1,1784073403
2026-07-15T00:03:16Z,955,1,1,24,2,0,1,1,1,1784072596
2026-07-15T00:03:16Z,956,19,0,0,0,0,1,1,1,1784073200
2026-07-15T00:03:16Z,957,8,2,19,2,0,1,1,1,1784073625
2026-07-15T00:03:16Z,958,16,0,14,1,0,1,1,1,1784073754
2026-07-15T00:03:16Z,959,7,6,14,2,0,1,1,1,1784073273
2026-07-15T00:03:16Z,960,21,1,1,1,0,1,1,1,1784073681
2026-07-15T00:03:16Z,961,0,0,18,5,0,1,1,1,1784073394
2026-07-15T00:03:16Z,962,5,2,25,5,0,1,1,1,1784073751
2026-07-15T00:03:16Z,963,14,0,9,0,0,1,1,1,1784073615
2026-07-15T00:03:16Z,964,20,4,0,3,0,1,1,1,1784072809
2026-07-15T00:03:16Z,965,3,1,22,2,0,1,1,1,1784073617
2026-07-15T00:03:16Z,966,7,4,22,2,0,1,1,1,1784073116
2026-07-15T00:03:16Z,967,15,6,3,3,0,1,1,1,1784073256
2026-07-15T00:03:16Z,968,19,0,0,0,0,1,1,1,1784073159
2026-07-15T00:03:16Z,969,7,6,19,1,0,1,1,1,1784072307
2026-07-15T00:03:16Z,970,13,4,5,1,0,1,1,1,1784073083
2026-07-15T00:03:16Z,971,23,0,0,0,0,1,1,1,1784073715
2026-07-15T00:03:16Z,972,5,5,17,1,0,1,1,1,1784072010
2026-07-15T00:03:16Z,973,5,0,17,1,0,1,1,1,1784073526
2026-07-15T00:03:16Z,974,16,0,9,2,0,1,1,1,1784072807
2026-07-15T00:03:16Z,977,6,3,13,2,0,1,1,1,1784072918
2026-07-15T00:03:16Z,978,15,1,8,0,0,1,1,1,1784073665
2026-07-15T00:03:16Z,979,0,0,17,0,0,1,1,1,1784073617
2026-07-15T00:03:16Z,980,2,0,17,2,0,1,1,1,1784073447
2026-07-15T00:03:16Z,981,17,0,3,1,0,1,1,1,1784073780
2026-07-15T00:03:16Z,982,10,0,8,1,0,1,1,1,1784073035
2026-07-15T00:03:16Z,983,8,1,14,1,0,1,1,1,1784073783
2026-07-15T00:03:16Z,984,12,2,9,2,0,1,1,1,1784072984
2026-07-15T00:03:16Z,985,11,0,19,1,0,1,1,1,1784073582
2026-07-15T00:03:16Z,986,3,0,16,0,0,1,1,1,1784073130
2026-07-15T00:03:16Z,987,7,1,16,0,0,1,1,1,1784072488
2026-07-15T00:03:16Z,988,17,7,2,0,0,1,1,1,1784073457
2026-07-15T00:03:16Z,989,13,10,6,0,0,1,1,1,1784073404
2026-07-15T00:03:16Z,990,12,2,3,0,0,1,1,1,1784073228
2026-07-15T00:03:16Z,991,10,2,6,3,0,1,1,1,1784073353
2026-07-15T00:03:16Z,992,9,2,14,0,0,1,1,1,1784073710
2026-07-15T00:03:16Z,993,0,0,27,0,0,1,1,1,1784072863
2026-07-15T00:03:16Z,994,1,0,17,3,0,1,1,1,1784072622
2026-07-15T00:03:16Z,995,13,1,14,0,0,1,1,1,1784073506
2026-07-15T00:03:16Z,996,12,5,11,0,0,1,1,1,1784072236
2026-07-15T00:03:16Z,997,10,4,13,0,0,1,1,1,1784073755
2026-07-15T00:03:16Z,998,6,0,17,0,0,1,1,1,1784073643
2026-07-15T00:03:16Z,999,13,4,6,1,1,1,1,1,1784073539
2026-07-15T00:03:16Z,1000,6,0,15,0,0,1,1,1,1784073284
2026-07-15T00:03:16Z,1001,2,0,24,1,0,1,1,1,1784072444
2026-07-15T00:03:16Z,1002,8,0,23,0,0,1,1,1,1784073072
2026-07-15T00:03:16Z,1003,1,0,22,0,0,1,1,1,1784073567
2026-07-15T00:03:16Z,1004,3,2,20,0,0,1,1,1,1784072756
2026-07-15T00:03:16Z,1005,3,1,19,1,0,1,1,1,1784073625
2026-07-15T00:03:16Z,1006,11,1,7,1,0,1,1,1,1784073169
2026-07-15T00:03:16Z,1007,4,1,17,0,0,1,1,1,1784073381
2026-07-15T00:03:16Z,1008,12,6,11,0,0,1,1,1,1784072095
2026-07-15T00:03:16Z,1009,13,1,17,1,0,1,1,1,1784073105
2026-07-15T00:03:16Z,1010,14,13,12,1,0,1,1,1,1784072884
2026-07-15T00:03:16Z,1011,8,2,10,1,0,1,1,1,1784073025
2026-07-15T00:03:16Z,1012,6,3,16,1,0,1,1,1,1784072525
2026-07-15T00:03:16Z,1013,6,3,16,1,0,1,1,1,1784073708
2026-07-15T00:03:16Z,1014,9,4,14,0,0,1,1,1,1784073721
2026-07-15T00:03:16Z,1015,13,4,18,0,0,1,1,1,1784073107
2026-07-15T00:03:16Z,1016,15,8,14,2,0,1,1,1,1784073330
2026-07-15T00:03:16Z,1017,11,1,10,0,0,1,1,1,1784073334
2026-07-15T00:03:16Z,1018,3,2,16,2,0,1,1,1,1784072159
2026-07-15T00:03:16Z,1019,8,0,6,1,0,1,1,1,1784072364
2026-07-15T00:03:16Z,1020,15,1,6,0,0,1,1,1,1784073291
2026-07-15T00:03:16Z,1021,11,5,3,1,0,1,1,1,1784072617
2026-07-15T00:03:16Z,1022,12,1,15,0,0,1,1,1,1784072401
2026-07-15T00:03:16Z,1023,15,0,8,0,0,1,1,1,1784073066
2026-07-15T00:03:16Z,1024,16,0,2,1,0,1,1,1,1784072922
2026-07-15T00:03:16Z,1025,11,2,8,0,0,1,1,1,1784073016
2026-07-15T00:03:16Z,1026,4,1,26,1,0,1,1,1,1784073237
2026-07-15T00:03:16Z,1028,13,4,10,0,0,1,1,1,1784072016
2026-07-15T00:03:16Z,1029,10,6,5,0,0,1,1,1,1784072704
2026-07-15T00:03:16Z,1030,18,9,4,1,0,1,1,1,1784072170
2026-07-15T00:03:16Z,1031,3,1,16,0,0,1,1,1,1784073045
2026-07-15T00:03:16Z,1032,11,4,8,0,0,1,1,1,1784073086
2026-07-15T00:03:16Z,1033,13,6,6,0,0,1,1,1,1784073193
2026-07-15T00:03:16Z,1034,10,1,5,0,0,1,1,1,1784072399
2026-07-15T00:03:16Z,1035,4,2,14,1,0,1,1,1,1784073634
2026-07-15T00:03:16Z,1036,5,3,9,1,0,1,1,1,1784072665
2026-07-15T00:03:16Z,1037,5,1,14,0,0,1,1,1,1784073052
2026-07-15T00:03:16Z,1038,0,0,15,0,0,1,1,1,1784072324
2026-07-15T00:03:16Z,1039,8,3,11,0,0,1,1,1,1784073669
2026-07-15T00:03:16Z,1040,3,0,16,0,0,1,1,1,1784073111
2026-07-15T00:03:16Z,1041,5,1,13,1,0,1,1,1,1784072969
2026-07-15T00:03:16Z,1042,4,0,10,1,0,1,1,1,1784072360
2026-07-15T00:03:16Z,1043,2,1,17,0,0,1,1,1,1784073090
2026-07-15T00:03:16Z,1044,2,1,11,2,0,1,1,1,1784072309
2026-07-15T00:03:16Z,1045,2,1,17,0,0,1,1,1,1784073008
2026-07-15T00:03:16Z,1046,2,0,9,4,0,1,1,1,1784073047
2026-07-15T00:03:16Z,1047,5,0,16,0,0,1,1,1,1784073223
2026-07-15T00:03:16Z,1048,14,0,5,0,0,1,1,1,1784072951
2026-07-15T00:03:16Z,1049,6,0,15,0,0,1,1,1,1784073532
2026-07-15T00:03:16Z,1050,16,3,5,0,0,1,1,1,1784073043
2026-07-15T00:03:16Z,1051,16,0,5,0,0,1,1,1,1784073375
2026-07-15T00:03:16Z,1052,10,1,12,0,0,1,1,1,1784073532
2026-07-15T00:03:16Z,1053,2,0,13,0,0,1,1,1,1784072273
2026-07-15T00:03:16Z,1054,9,0,6,0,0,1,1,1,1784072428
2026-07-15T00:03:16Z,1055,10,4,9,0,0,1,1,1,1784073052
2026-07-15T00:03:16Z,1057,8,0,9,2,0,1,1,1,1784072989
2026-07-15T00:03:16Z,1058,29,1,27,0,0,1,1,1,1784073402
2026-07-15T00:03:16Z,1059,15,2,4,0,0,1,1,1,1784072422
2026-07-15T00:03:16Z,1060,22,2,15,0,0,1,1,1,1784073696
2026-07-15T00:03:16Z,1061,7,0,30,0,0,1,1,1,1784073110
2026-07-15T00:03:16Z,1062,6,0,11,0,0,1,1,1,1784073734
2026-07-15T00:03:16Z,1063,10,0,7,2,0,1,1,1,1784073035
2026-07-15T00:03:16Z,1064,4,1,18,1,0,1,1,1,1784073680
2026-07-15T00:03:16Z,1065,16,5,7,0,0,1,1,1,1784073784
2026-07-15T00:03:16Z,1066,16,5,6,1,0,1,1,1,1784072022
2026-07-15T00:03:16Z,1067,8,0,15,0,0,1,1,1,1784073626
2026-07-15T00:03:16Z,1068,14,3,8,1,0,1,1,1,1784073288
2026-07-15T00:03:16Z,1069,5,0,17,1,0,1,1,1,1784073632
2026-07-15T00:03:16Z,1070,6,3,16,1,0,1,1,1,1784073736
2026-07-15T00:03:16Z,1071,4,2,19,0,0,1,1,1,1784073631
2026-07-15T00:03:16Z,1072,11,2,9,3,0,1,1,1,1784073789
2026-07-15T00:03:16Z,1073,8,1,19,0,0,1,1,1,1784072985
2026-07-15T00:03:16Z,1074,46,2,3,3,0,1,1,1,1784073646
2026-07-15T00:03:16Z,1075,8,6,12,1,0,1,1,1,1784073631
2026-07-15T00:03:16Z,1076,16,12,5,0,0,1,1,1,1784073646
2026-07-15T00:03:16Z,1077,8,6,13,0,0,1,1,1,1784073567
2026-07-15T00:03:16Z,1078,11,7,10,0,0,1,1,1,1784073191
2026-07-15T00:03:16Z,1079,9,8,12,0,0,1,1,1,1784072193
2026-07-15T00:03:16Z,1080,12,10,9,0,0,1,1,1,1784073790
2026-07-15T00:03:16Z,1081,10,8,9,0,0,1,1,1,1784072772
2026-07-15T00:03:16Z,1082,12,10,11,0,0,1,1,1,1784073490
2026-07-15T00:03:16Z,1083,11,9,10,0,0,1,1,1,1784073629
2026-07-15T00:03:16Z,1084,9,6,12,0,0,1,1,1,1784073790
2026-07-15T00:03:16Z,1085,13,12,8,0,0,1,1,1,1784072817
2026-07-15T00:03:16Z,1086,9,6,12,0,0,1,1,1,1784073696
2026-07-15T00:03:16Z,1087,8,6,7,0,0,1,1,1,1784072658
2026-07-15T00:03:16Z,1088,12,9,3,0,0,1,1,1,1784072910
2026-07-15T00:03:16Z,1089,8,5,7,0,0,1,1,1,1784072655
2026-07-15T00:03:16Z,1090,12,10,3,0,0,1,1,1,1784072669
2026-07-15T00:03:16Z,1091,8,6,7,0,0,1,1,1,1784073390
2026-07-15T00:03:16Z,1092,10,8,5,0,0,1,1,1,1784072732
2026-07-15T00:03:16Z,1093,8,7,7,0,0,1,1,1,1784072655
2026-07-15T00:03:16Z,1094,12,10,7,0,0,1,1,1,1784073012
2026-07-15T00:03:16Z,1095,10,9,5,0,0,1,1,1,1784073770
2026-07-15T00:03:16Z,1096,9,6,10,0,0,1,1,1,1784073251
2026-07-15T00:03:16Z,1097,6,6,9,0,0,1,1,1,1784072694
2026-07-15T00:03:16Z,1098,10,8,9,0,0,1,1,1,1784073252
2026-07-15T00:03:16Z,1099,9,9,6,0,0,1,1,1,1784072638
2026-07-15T00:03:16Z,1100,13,7,15,1,0,1,1,1,1784073092
2026-07-15T00:03:16Z,1101,11,6,10,0,0,1,1,1,1784073569
2026-07-15T00:03:16Z,1102,9,5,4,0,0,1,1,1,1784072091
2026-07-15T00:03:16Z,1103,9,5,11,1,0,1,1,1,1784064455
2026-07-15T00:03:16Z,1104,9,4,12,0,0,1,1,1,1784073467
2026-07-15T00:03:16Z,1105,8,4,5,0,0,1,1,1,1784072050
2026-07-15T00:03:16Z,1106,10,5,10,1,0,1,1,1,1784073551
2026-07-15T00:03:16Z,1107,10,5,5,0,0,1,1,1,1784072437
2026-07-15T00:03:16Z,1108,9,4,15,3,0,1,1,1,1784072600
2026-07-15T00:03:16Z,1109,8,4,7,0,0,1,1,1,1784072449
2026-07-15T00:03:16Z,1110,12,4,9,0,0,1,1,1,1784073398
2026-07-15T00:03:16Z,1111,6,0,15,0,0,1,1,1,1784073407
2026-07-15T00:03:16Z,1112,50,0,3,0,0,1,1,1,1784073781
2026-07-15T00:03:16Z,1113,5,0,16,0,0,1,1,1,1784072745
2026-07-15T00:03:16Z,1115,4,2,19,0,0,1,1,1,1784073702
2026-07-15T00:03:16Z,1116,7,2,12,0,0,1,1,1,1784073023
2026-07-15T00:03:16Z,1117,9,4,14,0,0,1,1,1,1784073625
2026-07-15T00:03:16Z,1118,18,0,2,1,0,1,1,1,1784073776
2026-07-15T00:03:16Z,1119,5,2,12,0,0,1,1,1,1784072704
2026-07-15T00:03:16Z,1120,16,0,2,1,0,1,1,1,1784073596
2026-07-15T00:03:16Z,1121,8,0,12,1,0,1,1,1,1784073771
2026-07-15T00:03:16Z,1122,5,0,16,0,0,1,1,1,1784073442
2026-07-15T00:03:16Z,1123,11,4,11,1,0,1,1,1,1784072675
2026-07-15T00:03:16Z,1124,8,0,6,1,0,1,1,1,1784073763
2026-07-15T00:03:16Z,1125,8,2,13,2,0,1,1,1,1784071995
2026-07-15T00:03:16Z,1126,1,0,20,0,0,1,1,1,1784073403
2026-07-15T00:03:16Z,1127,11,3,8,0,0,1,1,1,1784073167
2026-07-15T00:03:16Z,1128,11,3,4,0,0,1,1,1,1784072396
2026-07-15T00:03:16Z,1129,10,1,11,0,0,1,1,1,1784073132
2026-07-15T00:03:16Z,1130,13,0,2,0,0,1,1,1,1784073356
2026-07-15T00:03:16Z,1131,38,0,10,1,0,1,1,1,1784073767
2026-07-15T00:03:16Z,1132,19,0,1,1,0,1,1,1,1784073380
2026-07-15T00:03:16Z,1133,8,7,12,1,0,1,1,1,1784073457
2026-07-15T00:03:16Z,1134,10,4,9,0,0,1,1,1,1784073205
2026-07-15T00:03:16Z,1135,9,4,12,0,0,1,1,1,1784073468
2026-07-15T00:03:16Z,1136,17,0,6,0,0,1,1,1,1784073634
2026-07-15T00:03:16Z,1137,10,1,5,0,0,1,1,1,1784073256
2026-07-15T00:03:16Z,1138,19,1,0,0,0,1,1,1,1784073127
2026-07-15T00:03:16Z,1139,13,0,8,0,0,1,1,1,1784072811
2026-07-15T00:03:16Z,1140,17,2,5,1,0,1,1,1,1784072843
2026-07-15T00:03:16Z,1141,2,1,19,0,0,1,1,1,1784073550
2026-07-15T00:03:16Z,1142,3,0,18,0,0,1,1,1,1784073221
2026-07-15T00:03:16Z,1143,9,1,20,0,0,1,1,1,1784073683
2026-07-15T00:03:16Z,1144,4,1,16,1,0,1,1,1,1784073319
2026-07-15T00:03:16Z,1145,9,4,11,1,0,1,1,1,1784072468
2026-07-15T00:03:16Z,1146,13,1,5,1,0,1,1,1,1784073754
2026-07-15T00:03:16Z,1147,14,1,3,2,0,1,1,1,1784073134
2026-07-15T00:03:16Z,1148,24,0,6,1,0,1,1,1,1784073040
2026-07-15T00:03:16Z,1149,13,9,11,1,0,1,1,1,1784072918
2026-07-15T00:03:16Z,1150,11,1,8,0,0,1,1,1,1784073465
2026-07-15T00:03:16Z,1151,6,0,15,0,0,1,1,1,1784073196
2026-07-15T00:03:16Z,1152,7,1,19,3,0,1,1,1,1784073789
2026-07-15T00:03:16Z,1153,22,5,0,1,0,1,1,1,1784073131
2026-07-15T00:03:16Z,1154,5,0,13,1,0,1,1,1,1784072413
2026-07-15T00:03:16Z,1155,6,0,13,2,0,1,1,1,1784073553
2026-07-15T00:03:16Z,1158,3,0,15,1,0,1,1,1,1784073018
2026-07-15T00:03:16Z,1159,6,2,13,0,0,1,1,1,1784073148
2026-07-15T00:03:16Z,1160,7,1,12,0,0,1,1,1,1784072025
2026-07-15T00:03:16Z,1161,10,3,9,0,0,1,1,1,1784073029
2026-07-15T00:03:16Z,1162,12,2,7,0,0,1,1,1,1784073391
2026-07-15T00:03:16Z,1163,0,0,18,1,0,1,1,1,1784073033
2026-07-15T00:03:16Z,1164,7,1,10,2,0,1,1,1,1784072965
2026-07-15T00:03:16Z,1165,3,0,18,0,0,1,1,1,1784073242
2026-07-15T00:03:16Z,1166,9,0,11,0,0,1,1,1,1784073610
2026-07-15T00:03:16Z,1167,4,2,11,0,0,1,1,1,1784072340
2026-07-15T00:03:16Z,1168,7,2,16,0,0,1,1,1,1784073726
2026-07-15T00:03:16Z,1169,2,0,16,1,0,1,1,1,1784072940
2026-07-15T00:03:16Z,1170,5,0,16,0,0,1,1,1,1784073423
2026-07-15T00:03:16Z,1171,12,11,9,2,0,1,1,1,1784072450
2026-07-15T00:03:16Z,1172,4,2,9,2,0,1,1,1,1784072513
2026-07-15T00:03:16Z,1173,1,1,16,2,0,1,1,1,1784073005
2026-07-15T00:03:16Z,1174,2,1,13,0,0,1,1,1,1784073247
2026-07-15T00:03:16Z,1175,10,1,9,0,0,1,1,1,1784072893
2026-07-15T00:03:16Z,1176,11,1,9,1,0,1,1,1,1784073429
2026-07-15T00:03:16Z,1177,8,1,13,0,0,1,1,1,1784073404
2026-07-15T00:03:16Z,1178,7,4,8,0,0,1,1,1,1784073569
2026-07-15T00:03:16Z,1181,14,2,0,1,0,1,1,1,1784073606
2026-07-15T00:03:16Z,1182,0,0,19,1,0,1,1,1,1784073087
2026-07-15T00:03:16Z,1183,17,0,19,1,0,1,1,1,1784072263
2026-07-15T00:03:16Z,1184,3,3,15,3,0,1,1,1,1784073485
2026-07-15T00:03:16Z,1185,9,4,12,0,0,1,1,1,1784072637
2026-07-15T00:03:16Z,1186,11,5,8,0,0,1,1,1,1784073072
2026-07-15T00:03:16Z,1188,10,5,5,0,0,1,1,1,1784072474
2026-07-15T00:03:16Z,1189,9,4,9,1,0,1,1,1,1784072942
2026-07-15T00:03:16Z,1190,9,4,11,1,0,1,1,1,1784073450
2026-07-15T00:03:16Z,1191,10,4,5,0,0,1,1,1,1784072478
2026-07-15T00:03:16Z,1192,10,5,11,0,0,1,1,1,1784073718
2026-07-15T00:03:16Z,1193,8,4,3,2,0,1,1,1,1784072479
2026-07-15T00:03:16Z,1197,4,2,11,2,0,1,1,1,1784073540
2026-07-15T00:03:16Z,1198,12,5,8,1,0,1,1,1,1784073508
2026-07-15T00:03:16Z,1199,12,7,7,0,0,1,1,1,1784073186
2026-07-15T00:03:16Z,1200,10,5,5,0,0,1,1,1,1784072539
2026-07-15T00:03:16Z,1201,11,5,4,0,0,1,1,1,1784072517
2026-07-15T00:03:16Z,1202,9,5,6,0,0,1,1,1,1784072554
2026-07-15T00:03:16Z,1203,8,4,7,0,0,1,1,1,1784072515
2026-07-15T00:03:16Z,1216,12,4,8,1,0,1,1,1,1784073188
2026-07-15T00:03:16Z,1219,5,2,8,2,0,1,1,1,1784072574
2026-07-15T00:03:16Z,1220,8,5,11,0,0,1,1,1,1784073153
2026-07-15T00:03:16Z,1221,4,4,16,1,0,1,1,1,1784073076
2026-07-15T00:03:16Z,1222,18,0,10,1,0,1,1,1,1784072566
2026-07-15T00:03:16Z,1223,3,1,24,2,0,1,1,1,1784072753
2026-07-15T00:03:16Z,1226,0,0,3,0,0,0,1,1,1781868931
2026-07-15T00:03:16Z,1227,0,0,3,0,0,0,1,1,1784040447
2026-07-15T00:03:16Z,1228,0,0,0,0,0,0,1,1,86400
2026-07-15T00:08:16Z,1,12,0,11,0,0,1,1,1,1784074083
2026-07-15T00:08:16Z,2,17,4,8,2,0,1,1,1,1784073363
2026-07-15T00:08:16Z,3,12,2,2,1,0,1,1,1,1784073805
2026-07-15T00:08:16Z,4,12,1,11,0,0,1,1,1,1784073296
2026-07-15T00:08:16Z,5,0,0,0,20,1,1,1,1,1784073971
2026-07-15T00:08:16Z,6,10,0,5,0,0,1,1,1,1784070673
2026-07-15T00:08:16Z,7,21,1,1,1,0,1,1,1,1784073694
2026-07-15T00:08:16Z,8,2,0,38,3,0,1,1,1,1784073979
2026-07-15T00:08:16Z,9,11,3,12,0,0,1,1,1,1784073658
2026-07-15T00:08:16Z,10,19,6,3,1,0,1,1,1,1784073925
2026-07-15T00:08:16Z,11,2,0,17,0,0,1,1,1,1784073936
2026-07-15T00:08:16Z,12,6,0,17,0,0,1,1,1,1784073867
2026-07-15T00:08:16Z,13,20,0,10,0,0,1,1,1,1784073550
2026-07-15T00:08:16Z,14,7,0,34,0,0,1,1,1,1784072464
2026-07-15T00:08:16Z,15,8,0,0,4,3,1,1,1,1784073831
2026-07-15T00:08:16Z,16,12,0,14,1,0,1,1,1,1784072942
2026-07-15T00:08:16Z,17,16,1,10,1,0,1,1,1,1784073896
2026-07-15T00:08:16Z,18,15,0,0,3,0,1,1,1,1784073461
2026-07-15T00:08:16Z,19,25,2,1,1,0,1,1,1,1784074011
2026-07-15T00:08:16Z,20,13,0,21,1,0,1,1,1,1784074077
2026-07-15T00:08:16Z,21,12,0,5,2,0,1,1,1,1784073836
2026-07-15T00:08:16Z,22,25,0,41,1,0,1,1,1,1784073918
2026-07-15T00:08:16Z,23,1,1,30,0,0,1,1,1,1784073790
2026-07-15T00:08:16Z,24,2,1,8,1,0,1,1,1,1784074080
2026-07-15T00:08:16Z,25,40,1,37,4,0,1,1,1,1784073994
2026-07-15T00:08:16Z,26,4,0,23,0,0,1,1,1,1784073519
2026-07-15T00:08:16Z,28,15,2,0,0,0,1,1,1,1784072566
2026-07-15T00:08:16Z,30,16,1,13,0,0,1,1,1,1784074028
2026-07-15T00:08:16Z,31,3,0,15,1,0,1,1,1,1784073853
2026-07-15T00:08:16Z,32,2,1,25,0,0,1,1,1,1784073586
2026-07-15T00:08:16Z,34,33,0,4,0,0,1,1,1,1784073763
2026-07-15T00:08:16Z,35,15,2,31,1,0,1,1,1,1784073839
2026-07-15T00:08:16Z,36,0,0,0,0,0,0,1,1,86400
2026-07-15T00:08:16Z,37,5,3,18,0,0,1,1,1,1784074048
2026-07-15T00:08:16Z,38,11,0,11,1,0,1,1,1,1784073944
2026-07-15T00:08:16Z,39,11,0,20,0,0,1,1,1,1784073770
2026-07-15T00:08:16Z,40,9,1,12,0,0,1,1,1,1784073478
2026-07-15T00:08:16Z,41,1,1,26,0,0,1,1,1,1784071629
2026-07-15T00:08:16Z,42,15,4,12,4,0,1,1,1,1784074014
2026-07-15T00:08:16Z,43,16,0,7,0,0,1,1,1,1784073897
2026-07-15T00:08:16Z,45,0,0,27,4,0,1,1,1,1784073837
2026-07-15T00:08:16Z,46,3,0,25,2,1,1,1,1,1784073566
2026-07-15T00:08:16Z,47,7,4,8,0,0,1,1,1,1784073510
2026-07-15T00:08:16Z,48,26,1,0,1,0,1,1,1,1784073963
2026-07-15T00:08:16Z,49,0,0,18,5,0,1,1,1,1784074082
2026-07-15T00:08:16Z,50,0,0,18,1,0,1,1,1,1784071881
2026-07-15T00:08:16Z,51,46,0,30,1,0,1,1,1,1784071906
2026-07-15T00:08:16Z,52,24,0,0,3,0,1,1,1,1784072060
2026-07-15T00:08:16Z,55,2,0,21,0,0,1,1,1,1784072440
2026-07-15T00:08:16Z,56,18,0,9,0,0,1,1,1,1784074077
2026-07-15T00:08:16Z,57,23,1,4,0,0,1,1,1,1784073869
2026-07-15T00:08:16Z,58,1,1,26,1,0,1,1,1,1784073032
2026-07-15T00:08:16Z,59,10,2,17,0,0,1,1,1,1784073516
2026-07-15T00:08:16Z,61,19,9,19,1,0,1,1,1,1784073779
2026-07-15T00:08:16Z,62,1,0,48,0,0,1,1,1,1784073559
2026-07-15T00:08:16Z,63,2,0,17,0,0,1,1,1,1784073708
2026-07-15T00:08:16Z,64,19,2,0,0,0,1,1,1,1784071205
2026-07-15T00:08:16Z,65,11,1,6,2,0,1,1,1,1784072262
2026-07-15T00:08:16Z,67,10,0,28,0,0,1,1,1,1784073587
2026-07-15T00:08:16Z,68,27,0,10,0,0,1,1,1,1784072334
2026-07-15T00:08:16Z,69,13,0,1,1,0,1,1,1,1784071648
2026-07-15T00:08:16Z,71,14,2,12,1,0,1,1,1,1784074064
2026-07-15T00:08:16Z,72,9,0,20,2,0,1,1,1,1784073773
2026-07-15T00:08:16Z,73,5,1,18,0,0,1,1,1,1784073674
2026-07-15T00:08:16Z,74,10,5,9,0,0,1,1,1,1784073842
2026-07-15T00:08:16Z,75,5,1,30,0,0,1,1,1,1784073404
2026-07-15T00:08:16Z,76,4,0,14,1,0,1,1,1,1784072629
2026-07-15T00:08:16Z,77,7,0,19,1,0,1,1,1,1784073868
2026-07-15T00:08:16Z,78,0,0,22,1,0,1,1,1,1784073767
2026-07-15T00:08:16Z,79,6,0,11,0,0,1,1,1,1784073349
2026-07-15T00:08:16Z,80,20,0,1,2,0,1,1,1,1784074005
2026-07-15T00:08:16Z,81,2,2,28,1,0,1,1,1,1784073472
2026-07-15T00:08:16Z,82,0,0,21,2,0,1,1,1,1784074027
2026-07-15T00:08:16Z,83,9,2,24,1,0,1,1,1,1784073987
2026-07-15T00:08:16Z,84,12,3,15,0,0,1,1,1,1784073508
2026-07-15T00:08:16Z,85,0,0,13,1,0,1,1,1,1784072859
2026-07-15T00:08:16Z,86,6,0,19,2,0,1,1,1,1784073461
2026-07-15T00:08:16Z,87,3,0,16,0,0,1,1,1,1784074082
2026-07-15T00:08:16Z,88,26,1,5,0,0,1,1,1,1784073680
2026-07-15T00:08:16Z,89,3,0,32,0,0,1,1,1,1784072977
2026-07-15T00:08:16Z,90,17,0,0,1,0,1,1,1,1784072855
2026-07-15T00:08:16Z,91,3,0,10,4,0,1,1,1,1784073884
2026-07-15T00:08:16Z,92,17,0,0,2,0,1,1,1,1784073834
2026-07-15T00:08:16Z,93,12,0,2,0,0,1,1,1,1784073761
2026-07-15T00:08:16Z,94,5,0,14,0,0,1,1,1,1784073058
2026-07-15T00:08:16Z,95,7,0,25,2,1,1,1,1,1784074076
2026-07-15T00:08:16Z,96,29,7,1,1,0,1,1,1,1784072687
2026-07-15T00:08:16Z,97,5,0,12,0,0,1,1,1,1784073684
2026-07-15T00:08:16Z,98,5,0,27,3,0,1,1,1,1784073947
2026-07-15T00:08:16Z,99,9,0,5,0,0,1,1,1,1784073521
2026-07-15T00:08:16Z,100,23,1,3,1,0,1,1,1,1784074077
2026-07-15T00:08:16Z,101,12,0,2,1,0,1,1,1,1784073838
2026-07-15T00:08:16Z,102,21,0,1,1,0,1,1,1,1784073947
2026-07-15T00:08:16Z,103,27,1,0,5,0,1,1,1,1784073954
2026-07-15T00:08:16Z,104,2,0,23,2,0,1,1,1,1784074054
2026-07-15T00:08:16Z,105,12,1,7,0,0,1,1,1,1784069157
2026-07-15T00:08:16Z,106,12,0,9,0,0,1,1,1,1784072259
2026-07-15T00:08:16Z,107,2,1,35,0,0,1,1,1,1784074043
2026-07-15T00:08:16Z,108,32,0,1,1,1,1,1,1,1784073929
2026-07-15T00:08:16Z,109,21,2,1,1,0,1,1,1,1784074051
2026-07-15T00:08:16Z,110,22,0,0,1,0,1,1,1,1784071799
2026-07-15T00:08:16Z,111,21,2,14,1,0,1,1,1,1784073900
2026-07-15T00:08:16Z,112,7,1,10,2,0,1,1,1,1784073647
2026-07-15T00:08:16Z,113,18,1,1,0,0,1,1,1,1784073718
2026-07-15T00:08:16Z,114,1,0,24,6,0,1,1,1,1784073897
2026-07-15T00:08:16Z,115,0,0,22,4,0,1,1,1,1784073500
2026-07-15T00:08:16Z,116,6,5,21,0,0,1,1,1,1784073510
2026-07-15T00:08:16Z,118,3,2,18,1,1,1,1,1,1784072492
2026-07-15T00:08:16Z,119,7,3,29,2,0,1,1,1,1784073657
2026-07-15T00:08:16Z,120,14,7,12,1,0,1,1,1,1784073808
2026-07-15T00:08:16Z,121,11,1,7,0,1,1,1,1,1784074040
2026-07-15T00:08:16Z,122,5,0,15,1,0,1,1,1,1784073952
2026-07-15T00:08:16Z,123,4,1,41,2,0,1,1,1,1784073213
2026-07-15T00:08:16Z,124,25,1,9,0,0,1,1,1,1784074011
2026-07-15T00:08:16Z,125,14,4,9,0,0,1,1,1,1784073766
2026-07-15T00:08:16Z,126,5,2,25,1,0,1,1,1,1784073873
2026-07-15T00:08:16Z,127,2,0,31,1,0,1,1,1,1784073919
2026-07-15T00:08:16Z,128,6,4,13,0,0,1,1,1,1784074062
2026-07-15T00:08:16Z,129,6,1,7,3,3,1,1,1,1784073924
2026-07-15T00:08:16Z,130,9,3,6,2,0,1,1,1,1784073373
2026-07-15T00:08:16Z,131,5,0,4,2,0,1,1,1,1784073963
2026-07-15T00:08:16Z,132,5,0,9,0,1,1,1,1,1784072256
2026-07-15T00:08:16Z,133,6,3,17,0,0,1,1,1,1784073711
2026-07-15T00:08:16Z,134,4,1,19,0,0,1,1,1,1784073922
2026-07-15T00:08:16Z,135,12,3,7,0,0,1,1,1,1784073395
2026-07-15T00:08:16Z,136,10,0,12,0,0,1,1,1,1784073661
2026-07-15T00:08:16Z,137,2,0,14,3,0,1,1,1,1784073857
2026-07-15T00:08:16Z,138,21,0,16,0,0,1,1,1,1784074037
2026-07-15T00:08:16Z,139,17,3,2,0,0,1,1,1,1784073830
2026-07-15T00:08:16Z,140,13,5,8,2,0,1,1,1,1784074080
2026-07-15T00:08:16Z,141,5,0,0,27,6,1,1,1,1784074039
2026-07-15T00:08:16Z,142,9,4,10,0,0,1,1,1,1784072398
2026-07-15T00:08:16Z,143,4,0,26,1,0,1,1,1,1784074083
2026-07-15T00:08:16Z,144,25,4,2,0,0,1,1,1,1784073600
2026-07-15T00:08:16Z,145,5,1,22,4,0,1,1,1,1784073982
2026-07-15T00:08:16Z,146,4,0,18,1,0,1,1,1,1784074084
2026-07-15T00:08:16Z,147,1,0,17,1,0,1,1,1,1784073726
2026-07-15T00:08:16Z,148,16,1,10,1,0,1,1,1,1784074031
2026-07-15T00:08:16Z,149,3,1,16,0,0,1,1,1,1784073884
2026-07-15T00:08:16Z,150,25,5,9,1,0,1,1,1,1784074024
2026-07-15T00:08:16Z,151,14,2,7,2,0,1,1,1,1784073961
2026-07-15T00:08:16Z,152,17,5,6,4,0,1,1,1,1784073735
2026-07-15T00:08:16Z,153,29,2,1,1,0,1,1,1,1784073707
2026-07-15T00:08:16Z,154,10,0,10,3,0,1,1,1,1784073987
2026-07-15T00:08:16Z,155,7,0,5,2,0,1,1,1,1784073488
2026-07-15T00:08:16Z,156,16,1,3,0,0,1,1,1,1784073946
2026-07-15T00:08:16Z,157,2,1,23,2,0,1,1,1,1784074071
2026-07-15T00:08:16Z,158,16,3,0,0,0,1,1,1,1784073956
2026-07-15T00:08:16Z,159,12,9,7,0,0,1,1,1,1784073940
2026-07-15T00:08:16Z,160,16,4,2,1,0,1,1,1,1784074066
2026-07-15T00:08:16Z,161,6,1,17,0,0,1,1,1,1784074081
2026-07-15T00:08:16Z,162,5,3,22,0,0,1,1,1,1784073452
2026-07-15T00:08:16Z,163,19,9,11,1,0,1,1,1,1784073218
2026-07-15T00:08:16Z,164,23,7,4,0,0,1,1,1,1784073975
2026-07-15T00:08:16Z,165,27,16,1,3,0,1,1,1,1784074043
2026-07-15T00:08:16Z,166,11,9,28,0,0,1,1,1,1784074074
2026-07-15T00:08:16Z,167,19,7,2,2,0,1,1,1,1784073724
2026-07-15T00:08:16Z,168,10,2,15,2,0,1,1,1,1784074050
2026-07-15T00:08:16Z,169,2,0,0,21,0,1,1,1,1784074083
2026-07-15T00:08:16Z,170,12,0,6,1,0,1,1,1,1784074074
2026-07-15T00:08:16Z,171,11,1,0,2,0,1,1,1,1784074017
2026-07-15T00:08:16Z,173,36,0,2,1,0,1,1,1,1784073717
2026-07-15T00:08:16Z,174,15,2,8,0,0,1,1,1,1784073458
2026-07-15T00:08:16Z,175,28,1,3,0,0,1,1,1,1784073861
2026-07-15T00:08:16Z,176,4,0,6,4,1,1,1,1,1784074026
2026-07-15T00:08:16Z,177,20,4,7,0,0,1,1,1,1784074061
2026-07-15T00:08:16Z,178,6,1,7,2,0,1,1,1,1784073998
2026-07-15T00:08:16Z,179,9,2,5,1,0,1,1,1,1784073947
2026-07-15T00:08:16Z,180,6,1,23,1,0,1,1,1,1784073787
2026-07-15T00:08:16Z,181,2,2,12,1,0,1,1,1,1784073800
2026-07-15T00:08:16Z,182,1,0,18,0,0,1,1,1,1784072868
2026-07-15T00:08:16Z,183,1,1,21,1,0,1,1,1,1784073853
2026-07-15T00:08:16Z,184,14,0,8,1,0,1,1,1,1784074069
2026-07-15T00:08:16Z,185,3,0,10,1,1,1,1,1,1784073965
2026-07-15T00:08:16Z,186,6,2,12,1,0,1,1,1,1784073127
2026-07-15T00:08:16Z,187,1,0,26,2,0,1,1,1,1784073925
2026-07-15T00:08:16Z,188,3,2,21,3,0,1,1,1,1784073972
2026-07-15T00:08:16Z,189,9,4,6,0,0,1,1,1,1784074004
2026-07-15T00:08:16Z,190,9,1,14,0,0,1,1,1,1784074062
2026-07-15T00:08:16Z,191,1,1,36,2,0,1,1,1,1784073793
2026-07-15T00:08:16Z,192,22,13,9,0,0,1,1,1,1784073695
2026-07-15T00:08:16Z,193,3,3,10,2,0,1,1,1,1784074029
2026-07-15T00:08:16Z,194,0,0,14,12,0,1,1,1,1784071625
2026-07-15T00:08:16Z,195,0,0,19,0,0,1,1,1,1784072717
2026-07-15T00:08:16Z,196,10,8,17,0,0,1,1,1,1784073782
2026-07-15T00:08:16Z,197,6,1,12,0,1,1,1,1,1784073864
2026-07-15T00:08:16Z,198,1,0,22,0,0,1,1,1,1784072580
2026-07-15T00:08:16Z,199,1,1,13,1,0,1,1,1,1784073939
2026-07-15T00:08:16Z,200,2,1,22,2,0,1,1,1,1784073988
2026-07-15T00:08:16Z,201,4,2,19,0,0,1,1,1,1784074069
2026-07-15T00:08:16Z,202,1,1,26,0,0,1,1,1,1784073625
2026-07-15T00:08:16Z,203,19,0,10,1,1,1,1,1,1784074010
2026-07-15T00:08:16Z,204,19,1,15,1,0,1,1,1,1784072744
2026-07-15T00:08:16Z,205,5,1,22,0,0,1,1,1,1784073863
2026-07-15T00:08:16Z,206,1,1,13,1,0,1,1,1,1784073838
2026-07-15T00:08:16Z,207,19,1,2,0,0,1,1,1,1784074005
2026-07-15T00:08:16Z,208,4,4,25,0,0,1,1,1,1784073766
2026-07-15T00:08:16Z,209,26,3,5,0,0,1,1,1,1784074061
2026-07-15T00:08:16Z,210,3,2,23,1,0,1,1,1,1784073961
2026-07-15T00:08:16Z,211,3,1,19,1,0,1,1,1,1784073182
2026-07-15T00:08:16Z,212,25,3,9,1,0,1,1,1,1784073951
2026-07-15T00:08:16Z,213,5,0,18,0,0,1,1,1,1784074075
2026-07-15T00:08:16Z,214,11,10,33,3,0,1,1,1,1784073804
2026-07-15T00:08:16Z,215,3,1,19,1,0,1,1,1,1784073165
2026-07-15T00:08:16Z,216,15,2,4,0,0,1,1,1,1784074043
2026-07-15T00:08:16Z,217,15,2,14,0,0,1,1,1,1784073846
2026-07-15T00:08:16Z,218,9,8,28,2,0,1,1,1,1784074072
2026-07-15T00:08:16Z,219,21,1,5,1,0,1,1,1,1784073959
2026-07-15T00:08:16Z,220,1,1,41,1,0,1,1,1,1784073850
2026-07-15T00:08:16Z,221,7,5,8,0,0,1,1,1,1784073837
2026-07-15T00:08:16Z,222,3,2,16,0,0,1,1,1,1784074054
2026-07-15T00:08:16Z,223,7,3,26,2,0,1,1,1,1784073948
2026-07-15T00:08:16Z,224,6,5,15,1,0,1,1,1,1784074039
2026-07-15T00:08:16Z,225,8,0,9,2,0,1,1,1,1784073061
2026-07-15T00:08:16Z,226,2,1,27,2,0,1,1,1,1784074072
2026-07-15T00:08:16Z,227,4,3,21,2,0,1,1,1,1784074061
2026-07-15T00:08:16Z,228,3,3,16,0,0,1,1,1,1784074072
2026-07-15T00:08:16Z,230,14,6,8,1,0,1,1,1,1784073748
2026-07-15T00:08:16Z,232,15,4,0,4,0,1,1,1,1784073906
2026-07-15T00:08:16Z,233,11,1,18,2,0,1,1,1,1784074081
2026-07-15T00:08:16Z,234,9,4,6,3,1,1,1,1,1784073928
2026-07-15T00:08:16Z,236,10,9,9,0,0,1,1,1,1784073669
2026-07-15T00:08:16Z,237,9,1,12,2,0,1,1,1,1784073069
2026-07-15T00:08:16Z,239,18,10,8,1,0,1,1,1,1784073807
2026-07-15T00:08:16Z,241,13,4,10,0,0,1,1,1,1784073974
2026-07-15T00:08:16Z,242,0,0,22,1,0,1,1,1,1784071134
2026-07-15T00:08:16Z,243,4,4,25,2,0,1,1,1,1784073864
2026-07-15T00:08:16Z,244,12,12,13,2,0,1,1,1,1784073948
2026-07-15T00:08:16Z,245,6,4,16,1,0,1,1,1,1784073916
2026-07-15T00:08:16Z,246,3,2,20,0,0,1,1,1,1784073054
2026-07-15T00:08:16Z,247,10,1,13,0,0,1,1,1,1784070993
2026-07-15T00:08:16Z,248,4,1,17,2,0,1,1,1,1784074063
2026-07-15T00:08:16Z,249,4,0,14,1,0,1,1,1,1784073787
2026-07-15T00:08:16Z,250,3,1,24,0,0,1,1,1,1784073830
2026-07-15T00:08:16Z,251,13,10,11,3,0,1,1,1,1784073937
2026-07-15T00:08:16Z,253,2,0,16,1,0,1,1,1,1784073890
2026-07-15T00:08:16Z,254,15,6,22,6,0,1,1,1,1784074056
2026-07-15T00:08:16Z,255,1,0,22,0,0,1,1,1,1784073425
2026-07-15T00:08:16Z,256,11,8,10,2,0,1,1,1,1784073928
2026-07-15T00:08:16Z,257,15,3,3,1,0,1,1,1,1784073870
2026-07-15T00:08:16Z,258,1,0,17,1,0,1,1,1,1784072878
2026-07-15T00:08:16Z,259,10,5,11,2,0,1,1,1,1784073790
2026-07-15T00:08:16Z,260,13,11,6,0,0,1,1,1,1784073954
2026-07-15T00:08:16Z,261,15,1,3,1,0,1,1,1,1784073359
2026-07-15T00:08:16Z,262,19,6,3,1,0,1,1,1,1784073088
2026-07-15T00:08:16Z,263,6,2,8,1,0,1,1,1,1784072338
2026-07-15T00:08:16Z,264,3,0,15,1,0,1,1,1,1784073648
2026-07-15T00:08:16Z,265,15,0,0,0,0,1,1,1,1784074002
2026-07-15T00:08:16Z,266,11,4,8,0,0,1,1,1,1784073625
2026-07-15T00:08:16Z,267,10,7,5,0,0,1,1,1,1784058167
2026-07-15T00:08:16Z,268,5,1,18,0,0,1,1,1,1784072160
2026-07-15T00:08:16Z,269,9,3,13,1,0,1,1,1,1784073655
2026-07-15T00:08:16Z,270,0,0,26,1,0,1,1,1,1784073201
2026-07-15T00:08:16Z,271,5,0,12,1,1,1,1,1,1784073961
2026-07-15T00:08:16Z,272,10,2,13,0,0,1,1,1,1784073664
2026-07-15T00:08:16Z,273,3,3,12,0,0,1,1,1,1784073427
2026-07-15T00:08:16Z,274,5,2,13,1,0,1,1,1,1784071921
2026-07-15T00:08:16Z,275,12,0,11,0,0,1,1,1,1784072441
2026-07-15T00:08:16Z,276,6,5,20,0,1,1,1,1,1784073480
2026-07-15T00:08:16Z,277,1,0,19,3,0,1,1,1,1784073138
2026-07-15T00:08:16Z,278,6,0,24,0,1,1,1,1,1784074060
2026-07-15T00:08:16Z,279,3,0,16,0,0,1,1,1,1784073879
2026-07-15T00:08:16Z,280,1,0,28,2,0,1,1,1,1784073841
2026-07-15T00:08:16Z,281,0,0,19,0,0,0,1,1,1784049184
2026-07-15T00:08:16Z,282,7,0,12,0,0,1,1,1,1784072894
2026-07-15T00:08:16Z,283,16,7,18,1,0,1,1,1,1784073806
2026-07-15T00:08:16Z,284,7,6,27,1,0,1,1,1,1784073687
2026-07-15T00:08:16Z,285,1,0,22,0,0,1,1,1,1784073147
2026-07-15T00:08:16Z,286,16,15,5,2,0,1,1,1,1784073993
2026-07-15T00:08:16Z,287,11,0,11,1,0,1,1,1,1784071582
2026-07-15T00:08:16Z,288,9,4,8,2,0,1,1,1,1784073932
2026-07-15T00:08:16Z,289,1,1,24,2,0,1,1,1,1784073307
2026-07-15T00:08:16Z,290,38,0,0,1,0,1,1,1,1784073766
2026-07-15T00:08:16Z,291,13,0,9,1,0,1,1,1,1784073959
2026-07-15T00:08:16Z,292,22,3,1,0,0,1,1,1,1784074038
2026-07-15T00:08:16Z,293,17,5,3,3,0,1,1,1,1784073106
2026-07-15T00:08:16Z,294,6,4,14,2,0,1,1,1,1784074079
2026-07-15T00:08:16Z,297,18,0,0,1,0,1,1,1,1784073765
2026-07-15T00:08:16Z,301,16,0,3,0,0,1,1,1,1784073311
2026-07-15T00:08:16Z,302,4,0,18,1,0,1,1,1,1784073955
2026-07-15T00:08:16Z,303,18,0,0,1,0,1,1,1,1784072170
2026-07-15T00:08:16Z,304,0,0,0,0,0,0,1,1,86400
2026-07-15T00:08:16Z,305,10,0,9,0,0,1,1,1,1784072315
2026-07-15T00:08:16Z,306,22,4,10,0,0,1,1,1,1784073962
2026-07-15T00:08:16Z,307,18,0,3,2,0,1,1,1,1784074041
2026-07-15T00:08:16Z,308,5,0,14,0,0,1,1,1,1784073142
2026-07-15T00:08:16Z,309,7,7,7,0,0,1,1,1,1784073301
2026-07-15T00:08:16Z,311,11,0,4,0,0,1,1,1,1784072497
2026-07-15T00:08:16Z,312,5,4,14,3,1,1,1,1,1784073577
2026-07-15T00:08:16Z,313,8,1,7,0,0,1,1,1,1784073957
2026-07-15T00:08:16Z,314,2,1,16,1,0,1,1,1,1784072314
2026-07-15T00:08:16Z,315,3,2,26,2,0,1,1,1,1784073580
2026-07-15T00:08:16Z,316,23,2,8,0,0,1,1,1,1784074080
2026-07-15T00:08:16Z,317,2,1,25,4,0,1,1,1,1784072815
2026-07-15T00:08:16Z,318,14,2,3,0,0,1,1,1,1784071092
2026-07-15T00:08:16Z,319,18,16,8,1,0,1,1,1,1784074065
2026-07-15T00:08:16Z,320,13,1,6,0,0,1,1,1,1784072652
2026-07-15T00:08:16Z,321,2,1,15,2,0,1,1,1,1784069927
2026-07-15T00:08:16Z,322,6,1,23,0,0,1,1,1,1784074042
2026-07-15T00:08:16Z,323,9,1,9,1,0,1,1,1,1784073994
2026-07-15T00:08:16Z,324,10,2,16,1,0,1,1,1,1784074076
2026-07-15T00:08:16Z,325,7,1,18,2,0,1,1,1,1784073443
2026-07-15T00:08:16Z,327,8,1,16,1,2,1,1,1,1784073690
2026-07-15T00:08:16Z,328,6,1,15,1,1,1,1,1,1784073939
2026-07-15T00:08:16Z,329,18,0,0,1,0,1,1,1,1784072328
2026-07-15T00:08:16Z,330,5,1,16,1,0,1,1,1,1784074054
2026-07-15T00:08:16Z,331,19,1,3,1,0,1,1,1,1784073604
2026-07-15T00:08:16Z,332,5,0,13,1,0,1,1,1,1784073577
2026-07-15T00:08:16Z,333,16,7,5,2,0,1,1,1,1784074008
2026-07-15T00:08:16Z,334,6,1,17,0,0,1,1,1,1784074014
2026-07-15T00:08:16Z,335,5,2,17,1,0,1,1,1,1784073358
2026-07-15T00:08:16Z,336,3,1,15,1,0,1,1,1,1784073642
2026-07-15T00:08:16Z,337,12,1,9,2,0,1,1,1,1784073889
2026-07-15T00:08:16Z,338,10,7,9,0,0,1,1,1,1784074061
2026-07-15T00:08:16Z,339,1,0,21,1,0,1,1,1,1784074080
2026-07-15T00:08:16Z,340,6,5,8,1,0,1,1,1,1784073011
2026-07-15T00:08:16Z,341,7,3,12,0,0,1,1,1,1784073548
2026-07-15T00:08:16Z,342,11,0,4,0,0,1,1,1,1784073886
2026-07-15T00:08:16Z,343,2,1,21,0,0,1,1,1,1784074078
2026-07-15T00:08:16Z,344,10,0,12,1,0,1,1,1,1784073509
2026-07-15T00:08:16Z,345,11,1,8,0,0,1,1,1,1784074047
2026-07-15T00:08:16Z,346,4,0,19,0,0,1,1,1,1784073463
2026-07-15T00:08:16Z,347,9,9,35,3,0,1,1,1,1784074083
2026-07-15T00:08:16Z,348,5,1,17,1,0,1,1,1,1784074069
2026-07-15T00:08:16Z,349,3,0,14,2,0,1,1,1,1784073837
2026-07-15T00:08:16Z,350,24,2,0,2,1,1,1,1,1784071382
2026-07-15T00:08:16Z,351,18,1,3,2,0,1,1,1,1784074081
2026-07-15T00:08:16Z,355,19,0,4,0,0,1,1,1,1784073975
2026-07-15T00:08:16Z,356,4,0,15,0,0,1,1,1,1784073226
2026-07-15T00:08:16Z,357,12,1,7,0,0,1,1,1,1784073803
2026-07-15T00:08:16Z,358,14,2,13,0,0,1,1,1,1784073800
2026-07-15T00:08:16Z,359,26,5,0,1,0,1,1,1,1784072309
2026-07-15T00:08:16Z,360,8,1,11,0,0,1,1,1,1784073924
2026-07-15T00:08:16Z,362,6,4,12,0,0,1,1,1,1784071952
2026-07-15T00:08:16Z,363,21,1,6,0,0,1,1,1,1784074083
2026-07-15T00:08:16Z,364,15,3,0,3,1,1,1,1,1784074083
2026-07-15T00:08:16Z,365,11,1,10,2,0,1,1,1,1784073239
2026-07-15T00:08:16Z,366,7,5,14,1,1,1,1,1,1784074026
2026-07-15T00:08:16Z,367,10,1,7,2,0,1,1,1,1784072954
2026-07-15T00:08:16Z,368,4,2,18,1,0,1,1,1,1784073548
2026-07-15T00:08:16Z,370,5,4,18,4,0,1,1,1,1784073888
2026-07-15T00:08:16Z,371,3,3,12,4,0,1,1,1,1784073386
2026-07-15T00:08:16Z,372,12,5,3,0,0,1,1,1,1784073136
2026-07-15T00:08:16Z,373,10,5,15,1,0,1,1,1,1784073672
2026-07-15T00:08:16Z,374,12,5,5,1,0,1,1,1,1784073212
2026-07-15T00:08:16Z,375,25,4,2,0,0,1,1,1,1784073950
2026-07-15T00:08:16Z,376,35,9,1,3,0,1,1,1,1784073334
2026-07-15T00:08:16Z,377,5,2,21,1,0,1,1,1,1784071670
2026-07-15T00:08:16Z,378,12,4,11,1,0,1,1,1,1784072657
2026-07-15T00:08:16Z,379,25,4,1,1,0,1,1,1,1784074082
2026-07-15T00:08:16Z,380,10,1,13,0,0,1,1,1,1784072986
2026-07-15T00:08:16Z,381,21,0,2,0,0,1,1,1,1784073948
2026-07-15T00:08:16Z,383,14,1,1,0,0,1,1,1,1784073984
2026-07-15T00:08:16Z,384,10,0,7,2,0,1,1,1,1784072513
2026-07-15T00:08:16Z,385,7,3,10,1,0,1,1,1,1784073147
2026-07-15T00:08:16Z,387,4,1,18,1,0,1,1,1,1784073828
2026-07-15T00:08:16Z,388,17,1,32,0,0,1,1,1,1784073778
2026-07-15T00:08:16Z,389,6,5,9,0,0,1,1,1,1784072620
2026-07-15T00:08:16Z,390,18,0,5,0,0,1,1,1,1784073886
2026-07-15T00:08:16Z,391,6,5,8,1,0,1,1,1,1784072513
2026-07-15T00:08:16Z,392,1,1,17,1,0,1,1,1,1784073338
2026-07-15T00:08:16Z,393,4,4,4,3,0,1,1,1,1784072946
2026-07-15T00:08:16Z,394,0,0,13,1,1,1,1,1,1784069373
2026-07-15T00:08:16Z,396,0,0,39,3,0,1,1,1,1784072958
2026-07-15T00:08:16Z,397,0,0,31,0,0,1,1,1,1784072378
2026-07-15T00:08:16Z,399,16,2,1,0,0,1,1,1,1784073544
2026-07-15T00:08:16Z,400,12,0,7,4,0,1,1,1,1784072708
2026-07-15T00:08:16Z,401,6,2,25,8,0,1,1,1,1784073672
2026-07-15T00:08:16Z,403,14,8,14,3,0,1,1,1,1784073806
2026-07-15T00:08:16Z,404,2,1,21,0,0,1,1,1,1784073996
2026-07-15T00:08:16Z,406,32,3,2,1,0,1,1,1,1784074082
2026-07-15T00:08:16Z,407,9,2,23,2,0,1,1,1,1784073737
2026-07-15T00:08:16Z,408,5,2,26,2,0,1,1,1,1784073604
2026-07-15T00:08:16Z,409,10,2,8,5,0,1,1,1,1784073504
2026-07-15T00:08:16Z,413,6,1,16,1,0,1,1,1,1784072929
2026-07-15T00:08:16Z,414,13,1,2,0,0,1,1,1,1784073121
2026-07-15T00:08:16Z,417,6,4,13,0,0,1,1,1,1784073808
2026-07-15T00:08:16Z,418,2,1,10,3,0,1,1,1,1784073701
2026-07-15T00:08:16Z,419,18,2,3,2,0,1,1,1,1784070382
2026-07-15T00:08:16Z,421,16,0,1,2,0,1,1,1,1784073184
2026-07-15T00:08:16Z,422,1,0,25,1,0,1,1,1,1784072132
2026-07-15T00:08:16Z,423,4,2,19,0,0,1,1,1,1784073352
2026-07-15T00:08:16Z,424,0,0,12,3,0,1,1,1,1784074033
2026-07-15T00:08:16Z,425,4,0,16,2,0,1,1,1,1784074030
2026-07-15T00:08:16Z,426,22,0,14,1,0,1,1,1,1784073729
2026-07-15T00:08:16Z,427,13,0,0,1,1,1,1,1,1784068111
2026-07-15T00:08:16Z,428,15,2,4,0,0,1,1,1,1784073993
2026-07-15T00:08:16Z,429,3,1,17,3,0,1,1,1,1784073992
2026-07-15T00:08:16Z,430,22,3,8,1,0,1,1,1,1784073860
2026-07-15T00:08:16Z,431,19,2,9,3,2,1,1,1,1784072904
2026-07-15T00:08:16Z,432,16,2,15,0,0,1,1,1,1784073879
2026-07-15T00:08:16Z,433,20,0,2,1,0,1,1,1,1784072976
2026-07-15T00:08:16Z,437,3,3,15,1,0,1,1,1,1784074033
2026-07-15T00:08:16Z,438,3,1,14,2,0,1,1,1,1784073963
2026-07-15T00:08:16Z,439,7,2,8,0,0,1,1,1,1784073739
2026-07-15T00:08:16Z,440,5,0,7,3,0,1,1,1,1784073963
2026-07-15T00:08:16Z,441,7,3,7,1,0,1,1,1,1784072653
2026-07-15T00:08:16Z,442,16,8,3,0,0,1,1,1,1784073985
2026-07-15T00:08:16Z,443,5,2,22,0,0,1,1,1,1784059524
2026-07-15T00:08:16Z,444,1,0,21,1,0,1,1,1,1784069789
2026-07-15T00:08:16Z,445,6,5,15,1,1,1,1,1,1784073984
2026-07-15T00:08:16Z,446,0,0,23,0,0,1,1,1,1784073280
2026-07-15T00:08:16Z,447,12,4,8,2,1,1,1,1,1784070510
2026-07-15T00:08:16Z,448,5,1,7,2,1,1,1,1,1784070221
2026-07-15T00:08:16Z,452,9,4,9,1,0,1,1,1,1784072623
2026-07-15T00:08:16Z,453,4,1,10,1,0,1,1,1,1784074065
2026-07-15T00:08:16Z,454,16,1,1,1,1,1,1,1,1784073079
2026-07-15T00:08:16Z,455,2,1,37,0,0,1,1,1,1784072778
2026-07-15T00:08:16Z,456,8,2,11,1,0,1,1,1,1784074035
2026-07-15T00:08:16Z,457,0,0,26,1,0,1,1,1,1784071779
2026-07-15T00:08:16Z,458,16,1,5,2,0,1,1,1,1784072106
2026-07-15T00:08:16Z,459,10,0,5,0,0,1,1,1,1784072043
2026-07-15T00:08:16Z,460,14,0,9,0,0,1,1,1,1784073973
2026-07-15T00:08:16Z,461,0,0,18,1,0,1,1,1,1784073973
2026-07-15T00:08:16Z,462,11,2,10,0,0,1,1,1,1784073912
2026-07-15T00:08:16Z,463,16,1,3,0,0,1,1,1,1784073511
2026-07-15T00:08:16Z,464,7,1,6,1,0,1,1,1,1784073999
2026-07-15T00:08:16Z,465,4,0,11,0,0,1,1,1,1784072333
2026-07-15T00:08:16Z,466,5,1,6,4,0,1,1,1,1784073601
2026-07-15T00:08:16Z,467,3,0,12,0,0,1,1,1,1784073639
2026-07-15T00:08:16Z,468,13,2,6,0,0,1,1,1,1784072218
2026-07-15T00:08:16Z,469,0,0,22,1,0,1,1,1,1784073876
2026-07-15T00:08:16Z,470,10,0,4,1,0,1,1,1,1784072884
2026-07-15T00:08:16Z,471,1,1,23,3,0,1,1,1,1784073846
2026-07-15T00:08:16Z,472,8,3,9,2,0,1,1,1,1784073388
2026-07-15T00:08:16Z,473,14,3,5,0,0,1,1,1,1784073839
2026-07-15T00:08:16Z,474,14,3,4,1,0,1,1,1,1784074080
2026-07-15T00:08:16Z,475,5,2,10,3,1,1,1,1,1784074083
2026-07-15T00:08:16Z,476,19,3,0,4,0,1,1,1,1784073428
2026-07-15T00:08:16Z,477,3,1,10,2,0,1,1,1,1784073918
2026-07-15T00:08:16Z,478,24,1,3,4,0,1,1,1,1784073932
2026-07-15T00:08:16Z,479,14,1,12,1,0,1,1,1,1784073850
2026-07-15T00:08:16Z,480,11,6,2,2,0,1,1,1,1784073863
2026-07-15T00:08:16Z,481,14,2,21,0,0,1,1,1,1784073913
2026-07-15T00:08:16Z,482,7,5,11,1,0,1,1,1,1784073767
2026-07-15T00:08:16Z,483,7,0,19,1,0,1,1,1,1784074082
2026-07-15T00:08:16Z,484,1,0,15,3,0,1,1,1,1784073354
2026-07-15T00:08:16Z,485,7,2,10,2,0,1,1,1,1784073945
2026-07-15T00:08:16Z,486,11,1,16,0,0,1,1,1,1784073842
2026-07-15T00:08:16Z,487,4,1,13,2,0,1,1,1,1784074025
2026-07-15T00:08:16Z,489,6,6,8,1,0,1,1,1,1784073725
2026-07-15T00:08:16Z,490,9,1,5,2,0,1,1,1,1784073718
2026-07-15T00:08:16Z,491,18,2,1,2,0,1,1,1,1784073787
2026-07-15T00:08:16Z,492,7,3,1,3,0,1,1,1,1784074080
2026-07-15T00:08:16Z,493,0,0,27,0,0,1,1,1,1784071351
2026-07-15T00:08:16Z,495,1,0,0,9,5,1,1,1,1784074047
2026-07-15T00:08:16Z,496,20,2,7,0,0,1,1,1,1784073879
2026-07-15T00:08:16Z,497,2,1,17,0,0,1,1,1,1784074041
2026-07-15T00:08:16Z,498,9,3,13,1,0,1,1,1,1784073746
2026-07-15T00:08:16Z,499,17,2,1,1,0,1,1,1,1784073267
2026-07-15T00:08:16Z,500,1,0,13,1,0,1,1,1,1784074026
2026-07-15T00:08:16Z,501,10,3,9,2,0,1,1,1,1784073228
2026-07-15T00:08:16Z,502,1,1,18,0,0,1,1,1,1784071866
2026-07-15T00:08:16Z,503,10,1,20,1,0,1,1,1,1784073570
2026-07-15T00:08:16Z,504,3,0,36,0,0,1,1,1,1784074076
2026-07-15T00:08:16Z,505,3,3,8,1,0,1,1,1,1784073787
2026-07-15T00:08:16Z,511,7,2,13,3,0,1,1,1,1784073970
2026-07-15T00:08:16Z,512,18,0,9,0,0,1,1,1,1784073786
2026-07-15T00:08:16Z,514,4,2,3,4,0,1,1,1,1784072129
2026-07-15T00:08:16Z,515,8,1,10,1,0,1,1,1,1784072152
2026-07-15T00:08:16Z,516,3,0,24,0,0,1,1,1,1784073627
2026-07-15T00:08:16Z,517,9,2,14,0,0,1,1,1,1784072722
2026-07-15T00:08:16Z,518,10,3,4,1,0,1,1,1,1784073246
2026-07-15T00:08:16Z,519,10,2,9,0,0,1,1,1,1784074070
2026-07-15T00:08:16Z,520,8,0,17,1,1,1,1,1,1784073775
2026-07-15T00:08:16Z,521,5,2,17,1,0,1,1,1,1784072222
2026-07-15T00:08:16Z,522,15,0,7,1,0,1,1,1,1784073002
2026-07-15T00:08:16Z,523,6,1,16,1,0,1,1,1,1784070776
2026-07-15T00:08:16Z,524,15,0,8,1,0,1,1,1,1784074059
2026-07-15T00:08:16Z,525,13,0,6,0,0,1,1,1,1784073324
2026-07-15T00:08:16Z,526,12,1,1,2,0,1,1,1,1784074076
2026-07-15T00:08:16Z,527,0,0,25,1,0,1,1,1,1784073477
2026-07-15T00:08:16Z,528,10,0,13,0,0,1,1,1,1784073948
2026-07-15T00:08:16Z,529,7,2,8,4,0,1,1,1,1784073902
2026-07-15T00:08:16Z,530,19,1,0,2,0,1,1,1,1784073978
2026-07-15T00:08:16Z,531,6,1,14,2,1,1,1,1,1784073988
2026-07-15T00:08:16Z,532,0,0,30,1,0,1,1,1,1784072985
2026-07-15T00:08:16Z,533,7,0,11,1,0,1,1,1,1784072686
2026-07-15T00:08:16Z,534,9,9,13,1,0,1,1,1,1784073980
2026-07-15T00:08:16Z,535,1,1,14,0,0,1,1,1,1784073089
2026-07-15T00:08:16Z,536,7,0,16,0,0,1,1,1,1784073826
2026-07-15T00:08:16Z,537,4,1,17,0,0,1,1,1,1784072986
2026-07-15T00:08:16Z,538,14,2,2,3,0,1,1,1,1784073705
2026-07-15T00:08:16Z,539,1,1,30,0,0,1,1,1,1784073575
2026-07-15T00:08:16Z,540,5,0,14,0,0,1,1,1,1784073435
2026-07-15T00:08:16Z,541,12,7,12,3,0,1,1,1,1784073912
2026-07-15T00:08:16Z,542,1,1,22,0,0,1,1,1,1784074076
2026-07-15T00:08:16Z,543,7,0,10,2,0,1,1,1,1784074028
2026-07-15T00:08:16Z,544,13,3,7,2,0,1,1,1,1784074012
2026-07-15T00:08:16Z,545,17,5,1,1,0,1,1,1,1784073882
2026-07-15T00:08:16Z,546,0,0,19,0,0,1,1,1,1784073943
2026-07-15T00:08:16Z,547,13,1,13,0,0,1,1,1,1784073807
2026-07-15T00:08:16Z,548,18,0,5,0,0,1,1,1,1784073934
2026-07-15T00:08:16Z,549,7,4,14,0,0,1,1,1,1784073911
2026-07-15T00:08:16Z,550,5,3,14,0,0,1,1,1,1784073579
2026-07-15T00:08:16Z,551,7,3,16,0,0,1,1,1,1784073747
2026-07-15T00:08:16Z,552,20,3,7,0,0,1,1,1,1784074029
2026-07-15T00:08:16Z,553,11,2,10,1,1,1,1,1,1784074074
2026-07-15T00:08:16Z,554,0,0,19,0,0,1,1,1,1784070734
2026-07-15T00:08:16Z,555,14,5,0,1,0,1,1,1,1784069382
2026-07-15T00:08:16Z,556,9,2,14,0,0,1,1,1,1784073443
2026-07-15T00:08:16Z,557,14,2,9,0,0,1,1,1,1784074048
2026-07-15T00:08:16Z,558,17,0,14,6,0,1,1,1,1784073988
2026-07-15T00:08:16Z,559,0,0,18,1,0,1,1,1,1784074076
2026-07-15T00:08:16Z,560,22,0,4,1,0,1,1,1,1784073743
2026-07-15T00:08:16Z,561,20,1,2,1,0,1,1,1,1784072740
2026-07-15T00:08:16Z,562,6,0,27,2,0,1,1,1,1784072030
2026-07-15T00:08:16Z,563,14,0,0,0,0,1,1,1,1784071943
2026-07-15T00:08:16Z,564,14,1,3,2,0,1,1,1,1784074007
2026-07-15T00:08:16Z,565,3,0,16,0,0,1,1,1,1784073931
2026-07-15T00:08:16Z,566,17,1,1,1,0,1,1,1,1784073507
2026-07-15T00:08:16Z,567,27,0,0,0,0,1,1,1,1784072972
2026-07-15T00:08:16Z,568,17,1,1,1,0,1,1,1,1784073892
2026-07-15T00:08:16Z,569,12,1,7,0,0,1,1,1,1784073032
2026-07-15T00:08:16Z,570,18,0,0,1,0,1,1,1,1784073768
2026-07-15T00:08:16Z,571,12,0,11,0,0,1,1,1,1784073977
2026-07-15T00:08:16Z,572,19,0,0,0,0,1,1,1,1784072817
2026-07-15T00:08:16Z,573,3,0,12,0,0,1,1,1,1784072983
2026-07-15T00:08:16Z,574,3,2,12,0,0,1,1,1,1784071714
2026-07-15T00:08:16Z,575,9,0,12,0,0,1,1,1,1784072129
2026-07-15T00:08:16Z,576,0,0,19,0,0,1,1,1,1784073555
2026-07-15T00:08:16Z,577,8,1,23,0,0,1,1,1,1784072779
2026-07-15T00:08:16Z,578,8,4,15,0,0,1,1,1,1784073581
2026-07-15T00:08:16Z,579,40,3,3,0,0,1,1,1,1784073892
2026-07-15T00:08:16Z,580,8,0,22,1,0,1,1,1,1784073891
2026-07-15T00:08:16Z,581,17,0,2,0,0,1,1,1,1784074031
2026-07-15T00:08:16Z,582,6,0,51,4,0,1,1,1,1784074044
2026-07-15T00:08:16Z,583,17,0,5,1,0,1,1,1,1784073929
2026-07-15T00:08:16Z,584,0,0,14,5,0,1,1,1,1784072106
2026-07-15T00:08:16Z,585,12,4,14,0,0,1,1,1,1784073312
2026-07-15T00:08:16Z,586,6,1,27,2,0,1,1,1,1784074037
2026-07-15T00:08:16Z,587,22,0,1,2,0,1,1,1,1784073953
2026-07-15T00:08:16Z,588,4,2,15,0,0,1,1,1,1784073517
2026-07-15T00:08:16Z,589,5,2,17,1,0,1,1,1,1784073097
2026-07-15T00:08:16Z,590,6,2,25,0,0,1,1,1,1784073749
2026-07-15T00:08:16Z,591,19,4,2,1,0,1,1,1,1784073692
2026-07-15T00:08:16Z,592,10,0,13,0,0,1,1,1,1784073965
2026-07-15T00:08:16Z,593,3,0,36,0,0,1,1,1,1784073970
2026-07-15T00:08:16Z,594,12,0,8,1,0,1,1,1,1784073579
2026-07-15T00:08:16Z,595,0,0,3,0,0,0,1,1,1784046673
2026-07-15T00:08:16Z,605,0,0,2,1,0,0,1,1,1783975843
2026-07-15T00:08:16Z,606,0,0,0,0,0,0,1,1,86400
2026-07-15T00:08:16Z,607,31,3,0,2,0,1,1,1,1784073967
2026-07-15T00:08:16Z,608,1,0,53,0,0,1,1,1,1784073828
2026-07-15T00:08:16Z,609,19,16,4,0,0,1,1,1,1784074041
2026-07-15T00:08:16Z,610,0,0,34,1,0,1,1,1,1784071336
2026-07-15T00:08:16Z,611,25,0,2,0,0,1,1,1,1784073944
2026-07-15T00:08:16Z,612,9,1,6,0,0,1,1,1,1784072692
2026-07-15T00:08:16Z,613,12,2,2,1,0,1,1,1,1784065286
2026-07-15T00:08:16Z,614,0,0,25,1,1,1,1,1,1784074066
2026-07-15T00:08:16Z,617,5,1,8,2,0,1,1,1,1784072631
2026-07-15T00:08:16Z,618,6,4,9,4,0,1,1,1,1784073790
2026-07-15T00:08:16Z,619,10,5,9,0,0,1,1,1,1784073945
2026-07-15T00:08:16Z,620,0,0,22,1,0,1,1,1,1784073456
2026-07-15T00:08:16Z,621,13,2,10,0,0,1,1,1,1784073847
2026-07-15T00:08:16Z,622,5,1,17,1,0,1,1,1,1784073776
2026-07-15T00:08:16Z,623,1,0,26,2,1,1,1,1,1784071290
2026-07-15T00:08:16Z,624,1,1,12,1,1,1,1,1,1784071418
2026-07-15T00:08:16Z,625,3,1,0,12,6,1,1,1,1784074007
2026-07-15T00:08:16Z,626,40,0,4,0,2,1,1,1,1784072821
2026-07-15T00:08:16Z,627,15,6,1,1,0,1,1,1,1784071702
2026-07-15T00:08:16Z,628,7,1,9,2,1,1,1,1,1784073875
2026-07-15T00:08:16Z,629,6,1,4,1,0,1,1,1,1784070752
2026-07-15T00:08:16Z,630,7,1,17,3,0,1,1,1,1784073892
2026-07-15T00:08:16Z,631,0,0,22,1,0,1,1,1,1784072386
2026-07-15T00:08:16Z,632,8,0,13,2,0,1,1,1,1784074004
2026-07-15T00:08:16Z,633,10,0,3,1,1,1,1,1,1784065075
2026-07-15T00:08:16Z,634,13,0,5,1,0,1,1,1,1784072110
2026-07-15T00:08:16Z,635,6,1,11,2,0,1,1,1,1784073973
2026-07-15T00:08:16Z,636,5,1,10,0,0,1,1,1,1784071824
2026-07-15T00:08:16Z,637,7,2,10,2,0,1,1,1,1784072549
2026-07-15T00:08:16Z,638,9,0,8,2,0,1,1,1,1784073538
2026-07-15T00:08:16Z,639,0,0,0,3,12,0,1,1,1784026667
2026-07-15T00:08:16Z,640,0,0,21,2,0,1,1,1,1784072073
2026-07-15T00:08:16Z,641,25,1,2,0,0,1,1,1,1784074025
2026-07-15T00:08:16Z,642,3,2,12,4,0,1,1,1,1784071493
2026-07-15T00:08:16Z,643,1,0,24,2,0,1,1,1,1784073062
2026-07-15T00:08:16Z,644,4,1,1,9,1,1,1,1,1784073803
2026-07-15T00:08:16Z,645,14,1,7,1,1,1,1,1,1784073912
2026-07-15T00:08:16Z,646,12,2,4,3,0,1,1,1,1784073296
2026-07-15T00:08:16Z,647,14,2,17,0,0,1,1,1,1784073740
2026-07-15T00:08:16Z,648,17,1,0,2,0,1,1,1,1784073297
2026-07-15T00:08:16Z,649,14,4,17,0,0,1,1,1,1784073466
2026-07-15T00:08:16Z,650,3,1,11,2,0,1,1,1,1784073974
2026-07-15T00:08:16Z,651,5,5,16,2,0,1,1,1,1784073937
2026-07-15T00:08:16Z,652,0,0,21,2,0,1,1,1,1784073988
2026-07-15T00:08:16Z,653,0,0,14,5,0,1,1,1,1784073966
2026-07-15T00:08:16Z,654,1,0,14,0,0,1,1,1,1784074020
2026-07-15T00:08:16Z,655,2,0,8,1,3,1,1,1,1784073945
2026-07-15T00:08:16Z,656,15,1,4,0,0,1,1,1,1784074005
2026-07-15T00:08:16Z,657,3,2,11,1,2,1,1,1,1784073990
2026-07-15T00:08:16Z,658,18,2,4,1,0,1,1,1,1784074054
2026-07-15T00:08:16Z,659,3,3,10,2,0,1,1,1,1784073025
2026-07-15T00:08:16Z,660,2,2,29,0,0,1,1,1,1784073121
2026-07-15T00:08:16Z,661,8,3,11,0,0,1,1,1,1784072363
2026-07-15T00:08:16Z,662,3,1,17,3,0,1,1,1,1784073890
2026-07-15T00:08:16Z,663,12,3,2,0,0,1,1,1,1784073744
2026-07-15T00:08:16Z,664,14,0,13,0,0,1,1,1,1784074006
2026-07-15T00:08:16Z,665,3,3,11,1,0,1,1,1,1784074080
2026-07-15T00:08:16Z,666,11,4,4,0,0,1,1,1,1784073617
2026-07-15T00:08:16Z,667,8,1,5,4,0,1,1,1,1784073952
2026-07-15T00:08:16Z,668,10,2,7,2,0,1,1,1,1784074010
2026-07-15T00:08:16Z,669,6,2,6,2,0,1,1,1,1784073971
2026-07-15T00:08:16Z,670,19,1,8,0,0,1,1,1,1784073137
2026-07-15T00:08:16Z,671,21,0,6,0,0,1,1,1,1784073929
2026-07-15T00:08:16Z,672,7,0,12,4,0,1,1,1,1784073079
2026-07-15T00:08:16Z,673,20,1,2,1,0,1,1,1,1784073983
2026-07-15T00:08:16Z,674,1,1,19,3,0,1,1,1,1784073921
2026-07-15T00:08:16Z,675,3,2,10,1,1,1,1,1,1784073853
2026-07-15T00:08:16Z,676,5,1,17,1,0,1,1,1,1784073434
2026-07-15T00:08:16Z,681,4,0,7,4,0,1,1,1,1784072700
2026-07-15T00:08:16Z,682,14,4,0,5,0,1,1,1,1784049239
2026-07-15T00:08:16Z,683,16,4,3,0,0,1,1,1,1784073263
2026-07-15T00:08:16Z,684,9,0,18,0,0,1,1,1,1784067028
2026-07-15T00:08:16Z,685,5,1,20,1,1,1,1,1,1784073768
2026-07-15T00:08:16Z,686,10,2,15,2,0,1,1,1,1784073797
2026-07-15T00:08:16Z,687,5,2,24,1,1,1,1,1,1784073934
2026-07-15T00:08:16Z,688,2,0,16,1,0,1,1,1,1784073065
2026-07-15T00:08:16Z,692,1,1,19,1,0,1,1,1,1784073079
2026-07-15T00:08:16Z,693,4,0,4,3,0,1,1,1,1784073003
2026-07-15T00:08:16Z,694,7,4,14,0,0,1,1,1,1784072866
2026-07-15T00:08:16Z,695,5,2,17,1,0,1,1,1,1784073814
2026-07-15T00:08:16Z,696,21,12,2,0,0,1,1,1,1784073285
2026-07-15T00:08:16Z,697,18,0,3,2,0,1,1,1,1784074062
2026-07-15T00:08:16Z,698,9,1,18,0,0,1,1,1,1784074077
2026-07-15T00:08:16Z,699,3,0,11,1,0,1,1,1,1784073988
2026-07-15T00:08:16Z,700,16,0,3,0,0,1,1,1,1784073808
2026-07-15T00:08:16Z,701,9,0,9,1,0,1,1,1,1784074006
2026-07-15T00:08:16Z,702,0,0,22,1,0,1,1,1,1784072684
2026-07-15T00:08:16Z,703,19,4,3,1,0,1,1,1,1784074081
2026-07-15T00:08:16Z,704,12,2,3,0,0,1,1,1,1784073046
2026-07-15T00:08:16Z,705,13,6,1,1,0,1,1,1,1784073846
2026-07-15T00:08:16Z,706,15,8,0,0,0,1,1,1,1784073102
2026-07-15T00:08:16Z,707,10,5,4,1,0,1,1,1,1784073089
2026-07-15T00:08:16Z,708,19,1,0,0,0,1,1,1,1784073177
2026-07-15T00:08:16Z,709,6,0,7,2,0,1,1,1,1784073677
2026-07-15T00:08:16Z,710,7,2,12,0,0,1,1,1,1784072368
2026-07-15T00:08:16Z,711,14,4,1,4,0,1,1,1,1784073827
2026-07-15T00:08:16Z,712,2,2,13,0,0,1,1,1,1784073727
2026-07-15T00:08:16Z,713,3,0,19,1,0,1,1,1,1784073366
2026-07-15T00:08:16Z,716,0,0,15,0,0,1,1,1,1784073329
2026-07-15T00:08:16Z,717,11,9,11,3,0,1,1,1,1784073609
2026-07-15T00:08:16Z,718,1,0,13,1,0,1,1,1,1784074010
2026-07-15T00:08:16Z,719,2,0,27,0,0,1,1,1,1784074018
2026-07-15T00:08:16Z,720,3,1,16,0,0,1,1,1,1784072502
2026-07-15T00:08:16Z,721,5,0,18,0,0,1,1,1,1784073979
2026-07-15T00:08:16Z,722,5,0,10,0,0,1,1,1,1784073531
2026-07-15T00:08:16Z,723,5,2,17,1,0,1,1,1,1784072821
2026-07-15T00:08:16Z,724,9,0,14,0,0,1,1,1,1784073473
2026-07-15T00:08:16Z,725,12,1,10,1,0,1,1,1,1784073604
2026-07-15T00:08:16Z,726,19,2,0,0,0,1,1,1,1784073441
2026-07-15T00:08:16Z,727,7,1,15,1,0,1,1,1,1784073811
2026-07-15T00:08:16Z,728,11,1,2,2,0,1,1,1,1784072593
2026-07-15T00:08:16Z,729,17,1,1,1,0,1,1,1,1784074044
2026-07-15T00:08:16Z,730,10,1,5,0,0,1,1,1,1784072348
2026-07-15T00:08:16Z,731,1,1,13,1,0,1,1,1,1784073174
2026-07-15T00:08:16Z,732,8,2,7,0,0,1,1,1,1784072526
2026-07-15T00:08:16Z,733,27,1,0,0,0,1,1,1,1784072609
2026-07-15T00:08:16Z,734,4,0,10,0,0,1,1,1,1784073503
2026-07-15T00:08:16Z,735,1,1,26,0,0,1,1,1,1784073242
2026-07-15T00:08:16Z,736,8,4,11,0,0,1,1,1,1784073217
2026-07-15T00:08:16Z,737,4,1,11,0,0,1,1,1,1784073571
2026-07-15T00:08:16Z,738,6,3,11,2,0,1,1,1,1784073952
2026-07-15T00:08:16Z,739,11,3,14,2,0,1,1,1,1784073606
2026-07-15T00:08:16Z,741,2,1,21,0,0,1,1,1,1784072383
2026-07-15T00:08:16Z,742,30,2,9,0,0,1,1,1,1784074052
2026-07-15T00:08:16Z,743,0,0,19,0,0,1,1,1,1784073202
2026-07-15T00:08:16Z,744,5,0,9,1,0,1,1,1,1784073119
2026-07-15T00:08:16Z,745,13,2,4,2,0,1,1,1,1784073273
2026-07-15T00:08:16Z,746,19,0,4,0,0,1,1,1,1784073964
2026-07-15T00:08:16Z,747,0,0,19,0,0,0,1,1,1783446606
2026-07-15T00:08:16Z,748,13,2,7,0,0,1,1,1,1784073682
2026-07-15T00:08:16Z,749,8,2,14,1,0,1,1,1,1784073787
2026-07-15T00:08:16Z,750,1,0,8,2,0,1,1,1,1784072743
2026-07-15T00:08:16Z,751,5,1,18,0,0,1,1,1,1784074039
2026-07-15T00:08:16Z,752,15,1,2,0,0,1,1,1,1784073266
2026-07-15T00:08:16Z,753,15,0,0,0,0,1,1,1,1784072842
2026-07-15T00:08:16Z,754,13,3,2,0,0,1,1,1,1784073550
2026-07-15T00:08:16Z,755,5,4,12,2,0,1,1,1,1784073954
2026-07-15T00:08:16Z,756,0,0,37,1,0,1,1,1,1784072365
2026-07-15T00:08:16Z,757,3,1,16,0,0,1,1,1,1784073544
2026-07-15T00:08:16Z,758,4,2,19,0,0,1,1,1,1784074077
2026-07-15T00:08:16Z,759,4,1,11,0,0,1,1,1,1784072824
2026-07-15T00:08:16Z,760,17,5,1,1,0,1,1,1,1784068228
2026-07-15T00:08:16Z,761,4,1,19,0,0,1,1,1,1784074029
2026-07-15T00:08:16Z,762,4,4,6,5,0,1,1,1,1784073579
2026-07-15T00:08:16Z,768,18,6,0,1,0,1,1,1,1784072702
2026-07-15T00:08:16Z,769,7,4,11,0,0,1,1,1,1784074047
2026-07-15T00:08:16Z,770,6,3,13,0,0,1,1,1,1784074053
2026-07-15T00:08:16Z,771,10,1,5,0,0,1,1,1,1784072364
2026-07-15T00:08:16Z,772,4,3,11,0,0,1,1,1,1784072151
2026-07-15T00:08:16Z,773,8,4,11,0,0,1,1,1,1784073741
2026-07-15T00:08:16Z,774,7,1,6,2,0,1,1,1,1784072816
2026-07-15T00:08:16Z,775,4,0,12,3,0,1,1,1,1784070861
2026-07-15T00:08:16Z,776,2,0,18,1,0,1,1,1,1784072933
2026-07-15T00:08:16Z,777,8,3,0,7,0,1,1,1,1784072535
2026-07-15T00:08:16Z,778,16,3,1,2,0,1,1,1,1784073536
2026-07-15T00:08:16Z,779,13,1,5,1,0,1,1,1,1784073000
2026-07-15T00:08:16Z,780,15,2,3,1,0,1,1,1,1784073951
2026-07-15T00:08:16Z,781,5,2,6,0,0,1,1,1,1784072998
2026-07-15T00:08:16Z,782,9,5,9,1,0,1,1,1,1784073196
2026-07-15T00:08:16Z,783,6,1,13,0,0,1,1,1,1784072803
2026-07-15T00:08:16Z,784,18,0,1,0,0,1,1,1,1784068540
2026-07-15T00:08:16Z,785,8,1,6,4,0,1,1,1,1784067827
2026-07-15T00:08:16Z,786,8,2,9,2,0,1,1,1,1784073264
2026-07-15T00:08:16Z,787,12,2,2,1,0,1,1,1,1784073284
2026-07-15T00:08:16Z,788,5,3,10,0,0,1,1,1,1784072503
2026-07-15T00:08:16Z,789,10,1,5,0,0,1,1,1,1784073668
2026-07-15T00:08:16Z,790,4,1,19,0,0,1,1,1,1784074065
2026-07-15T00:08:16Z,791,12,1,6,1,0,1,1,1,1784073974
2026-07-15T00:08:16Z,793,3,2,10,2,0,1,1,1,1784073033
2026-07-15T00:08:16Z,794,6,2,22,1,0,1,1,1,1784072650
2026-07-15T00:08:16Z,796,1,1,15,3,0,1,1,1,1784073178
2026-07-15T00:08:16Z,797,2,1,13,0,0,1,1,1,1784074057
2026-07-15T00:08:16Z,798,11,1,11,3,0,1,1,1,1784073792
2026-07-15T00:08:16Z,799,6,2,9,4,0,1,1,1,1784073199
2026-07-15T00:08:16Z,800,12,0,9,0,0,1,1,1,1784073890
2026-07-15T00:08:16Z,801,0,0,20,1,0,1,1,1,1784073874
2026-07-15T00:08:16Z,802,2,1,29,0,0,1,1,1,1784073137
2026-07-15T00:08:16Z,803,11,1,4,0,0,1,1,1,1784072477
2026-07-15T00:08:16Z,806,2,1,12,1,0,1,1,1,1784073978
2026-07-15T00:08:16Z,807,0,0,24,1,0,1,1,1,1784072501
2026-07-15T00:08:16Z,808,0,0,24,1,0,1,1,1,1784072956
2026-07-15T00:08:16Z,809,9,4,13,1,0,1,1,1,1784073785
2026-07-15T00:08:16Z,810,10,9,6,3,0,1,1,1,1784073225
2026-07-15T00:08:16Z,815,12,1,2,1,0,1,1,1,1784073923
2026-07-15T00:08:16Z,817,2,0,4,9,0,1,1,1,1784073896
2026-07-15T00:08:16Z,818,8,2,15,0,0,1,1,1,1784073287
2026-07-15T00:08:16Z,819,5,2,6,4,0,1,1,1,1784072463
2026-07-15T00:08:16Z,820,8,1,7,2,0,1,1,1,1784072960
2026-07-15T00:08:16Z,821,11,6,3,1,0,1,1,1,1784073998
2026-07-15T00:08:16Z,822,6,0,15,2,0,1,1,1,1784073740
2026-07-15T00:08:16Z,823,6,0,9,0,0,1,1,1,1784073330
2026-07-15T00:08:16Z,824,16,2,2,1,0,1,1,1,1784074067
2026-07-15T00:08:16Z,825,9,1,5,1,0,1,1,1,1784073987
2026-07-15T00:08:16Z,826,4,0,11,3,1,1,1,1,1784072368
2026-07-15T00:08:16Z,827,19,7,2,0,0,1,1,1,1784073736
2026-07-15T00:08:16Z,828,5,1,12,1,0,1,1,1,1784072279
2026-07-15T00:08:16Z,829,1,0,26,0,0,1,1,1,1784072788
2026-07-15T00:08:16Z,830,17,1,6,0,0,1,1,1,1784073361
2026-07-15T00:08:16Z,831,4,1,11,0,0,1,1,1,1784073689
2026-07-15T00:08:16Z,832,4,0,14,0,0,1,1,1,1784072985
2026-07-15T00:08:16Z,833,17,4,0,2,0,1,1,1,1784073459
2026-07-15T00:08:16Z,834,19,0,4,1,0,1,1,1,1784073981
2026-07-15T00:08:16Z,835,7,3,11,0,0,1,1,1,1784073097
2026-07-15T00:08:16Z,837,5,3,4,6,0,1,1,1,1784073685
2026-07-15T00:08:16Z,838,6,4,3,6,0,1,1,1,1784073157
2026-07-15T00:08:16Z,839,3,0,25,1,0,1,1,1,1784073624
2026-07-15T00:08:16Z,840,0,0,28,1,0,1,1,1,1784073420
2026-07-15T00:08:16Z,841,11,7,4,0,0,1,1,1,1784073586
2026-07-15T00:08:16Z,842,18,2,4,0,0,1,1,1,1784073749
2026-07-15T00:08:16Z,843,19,4,10,2,0,1,1,1,1784072876
2026-07-15T00:08:16Z,844,6,0,16,1,0,1,1,1,1784073676
2026-07-15T00:08:16Z,845,5,0,14,0,0,1,1,1,1784073045
2026-07-15T00:08:16Z,846,8,0,9,1,0,1,1,1,1784073076
2026-07-15T00:08:16Z,847,5,4,22,0,0,1,1,1,1784073221
2026-07-15T00:08:16Z,848,7,0,12,0,0,1,1,1,1784073074
2026-07-15T00:08:16Z,849,2,1,11,2,0,1,1,1,1784073691
2026-07-15T00:08:16Z,850,8,3,2,1,0,1,1,1,1784073498
2026-07-15T00:08:16Z,851,14,13,22,1,0,1,1,1,1784073595
2026-07-15T00:08:16Z,852,6,1,12,1,0,1,1,1,1784073902
2026-07-15T00:08:16Z,853,11,2,11,1,0,1,1,1,1784072780
2026-07-15T00:08:16Z,854,7,3,8,0,0,1,1,1,1784072993
2026-07-15T00:08:16Z,855,13,0,14,0,0,1,1,1,1784072292
2026-07-15T00:08:16Z,857,1,0,13,5,0,1,1,1,1784073723
2026-07-15T00:08:16Z,858,8,5,9,2,0,1,1,1,1784073223
2026-07-15T00:08:16Z,859,6,2,14,1,0,1,1,1,1784073271
2026-07-15T00:08:16Z,861,3,1,7,1,0,1,1,1,1784065902
2026-07-15T00:08:16Z,862,0,0,15,0,0,1,1,1,1784073620
2026-07-15T00:08:16Z,863,14,4,3,2,0,1,1,1,1784072150
2026-07-15T00:08:16Z,866,9,0,10,0,0,1,1,1,1784073080
2026-07-15T00:08:16Z,867,11,3,4,0,0,1,1,1,1784073534
2026-07-15T00:08:16Z,868,4,2,10,1,0,1,1,1,1784072415
2026-07-15T00:08:16Z,870,8,2,5,2,0,1,1,1,1784072669
2026-07-15T00:08:16Z,871,1,1,9,1,0,1,1,1,1784073489
2026-07-15T00:08:16Z,872,7,3,8,0,0,1,1,1,1784072436
2026-07-15T00:08:16Z,873,2,0,30,1,0,1,1,1,1784073721
2026-07-15T00:08:16Z,874,14,0,0,1,0,1,1,1,1784073830
2026-07-15T00:08:16Z,875,6,2,8,1,0,1,1,1,1784073201
2026-07-15T00:08:16Z,877,6,5,12,1,0,1,1,1,1784073332
2026-07-15T00:08:16Z,878,7,6,12,0,0,1,1,1,1784073569
2026-07-15T00:08:16Z,879,11,2,8,0,0,1,1,1,1784073308
2026-07-15T00:08:16Z,880,5,0,18,0,0,1,1,1,1784073684
2026-07-15T00:08:16Z,881,15,3,4,0,0,1,1,1,1784073776
2026-07-15T00:08:16Z,882,11,5,8,0,0,1,1,1,1784072847
2026-07-15T00:08:16Z,883,10,5,9,0,0,1,1,1,1784072512
2026-07-15T00:08:16Z,884,8,4,12,1,0,1,1,1,1784074035
2026-07-15T00:08:16Z,885,4,0,15,0,0,1,1,1,1784072860
2026-07-15T00:08:16Z,886,1,1,27,1,0,1,1,1,1784073139
2026-07-15T00:08:16Z,887,3,1,11,3,0,1,1,1,1784073842
2026-07-15T00:08:16Z,888,38,2,2,1,0,1,1,1,1784074001
2026-07-15T00:08:16Z,889,17,1,1,1,0,1,1,1,1784074026
2026-07-15T00:08:16Z,890,7,1,8,0,0,1,1,1,1784072899
2026-07-15T00:08:16Z,891,8,0,15,0,0,1,1,1,1784074072
2026-07-15T00:08:16Z,892,10,0,5,0,0,1,1,1,1784070661
2026-07-15T00:08:16Z,895,12,3,6,1,0,1,1,1,1784071036
2026-07-15T00:08:16Z,896,15,0,20,0,0,1,1,1,1784072456
2026-07-15T00:08:16Z,897,10,0,9,2,0,1,1,1,1784073639
2026-07-15T00:08:16Z,898,5,1,13,1,0,1,1,1,1784073019
2026-07-15T00:08:16Z,899,18,2,1,0,0,1,1,1,1784073031
2026-07-15T00:08:16Z,900,24,3,1,2,0,1,1,1,1784073757
2026-07-15T00:08:16Z,901,18,4,0,1,0,1,1,1,1784072672
2026-07-15T00:08:16Z,902,4,0,11,0,0,1,1,1,1784072328
2026-07-15T00:08:16Z,903,12,0,7,0,0,1,1,1,1784072992
2026-07-15T00:08:16Z,904,9,2,9,1,0,1,1,1,1784073000
2026-07-15T00:08:16Z,905,14,0,11,2,0,1,1,1,1784073657
2026-07-15T00:08:16Z,906,3,0,23,1,0,1,1,1,1784073627
2026-07-15T00:08:16Z,907,22,1,6,3,0,1,1,1,1784074082
2026-07-15T00:08:16Z,908,14,2,9,0,0,1,1,1,1784073646
2026-07-15T00:08:16Z,909,3,3,19,1,0,1,1,1,1784073923
2026-07-15T00:08:16Z,910,21,1,8,2,0,1,1,1,1784074019
2026-07-15T00:08:16Z,911,9,0,9,1,0,1,1,1,1784074029
2026-07-15T00:08:16Z,912,14,4,5,4,0,1,1,1,1784074050
2026-07-15T00:08:16Z,913,4,3,15,0,0,1,1,1,1784072502
2026-07-15T00:08:16Z,914,6,0,11,2,0,1,1,1,1784073787
2026-07-15T00:08:16Z,915,16,1,5,2,0,1,1,1,1784074024
2026-07-15T00:08:16Z,916,17,1,6,0,0,1,1,1,1784074009
2026-07-15T00:08:16Z,917,5,0,28,2,0,1,1,1,1784074059
2026-07-15T00:08:16Z,918,16,0,1,2,0,1,1,1,1784073752
2026-07-15T00:08:16Z,919,16,0,22,1,0,1,1,1,1784074028
2026-07-15T00:08:16Z,920,5,5,13,1,0,1,1,1,1784072550
2026-07-15T00:08:16Z,921,13,2,5,3,0,1,1,1,1784073705
2026-07-15T00:08:16Z,922,9,0,12,0,0,1,1,1,1784072501
2026-07-15T00:08:16Z,923,0,0,18,1,0,1,1,1,1784073763
2026-07-15T00:08:16Z,924,15,5,6,0,0,1,1,1,1784073307
2026-07-15T00:08:16Z,925,7,0,14,0,0,1,1,1,1784073667
2026-07-15T00:08:16Z,926,7,0,14,0,0,1,1,1,1784073763
2026-07-15T00:08:16Z,927,1,0,33,0,1,1,1,1,1784073986
2026-07-15T00:08:16Z,928,5,0,14,0,0,1,1,1,1784073960
2026-07-15T00:08:16Z,929,0,0,23,0,0,1,1,1,1784074020
2026-07-15T00:08:16Z,930,8,0,21,2,0,1,1,1,1784073936
2026-07-15T00:08:16Z,931,0,0,22,1,0,1,1,1,1784074078
2026-07-15T00:08:16Z,932,18,0,1,0,0,1,1,1,1784074018
2026-07-15T00:08:16Z,933,21,2,2,0,0,1,1,1,1784074057
2026-07-15T00:08:16Z,934,13,0,18,0,0,1,1,1,1784072685
2026-07-15T00:08:16Z,935,10,0,8,1,0,1,1,1,1784073941
2026-07-15T00:08:16Z,936,3,0,16,0,0,1,1,1,1784074025
2026-07-15T00:08:16Z,940,11,3,0,0,0,1,1,1,1784069524
2026-07-15T00:08:16Z,941,18,0,4,3,0,1,1,1,1784073898
2026-07-15T00:08:16Z,942,13,2,7,1,0,1,1,1,1784073966
2026-07-15T00:08:16Z,943,4,3,10,1,0,1,1,1,1784073648
2026-07-15T00:08:16Z,944,8,7,6,1,0,1,1,1,1784072531
2026-07-15T00:08:16Z,945,4,3,11,0,0,1,1,1,1784072382
2026-07-15T00:08:16Z,946,11,8,8,0,0,1,1,1,1784072632
2026-07-15T00:08:16Z,947,8,5,9,0,0,1,1,1,1784074043
2026-07-15T00:08:16Z,948,1,1,29,1,0,1,1,1,1784073715
2026-07-15T00:08:16Z,949,2,0,12,1,0,1,1,1,1784073839
2026-07-15T00:08:16Z,950,7,0,9,1,0,1,1,1,1784074059
2026-07-15T00:08:16Z,951,4,3,18,1,0,1,1,1,1784074032
2026-07-15T00:08:16Z,952,29,2,25,1,0,1,1,1,1784073910
2026-07-15T00:08:16Z,953,9,2,6,0,0,1,1,1,1784073071
2026-07-15T00:08:16Z,954,16,5,2,1,0,1,1,1,1784073403
2026-07-15T00:08:16Z,955,0,0,25,2,0,1,1,1,1784073908
2026-07-15T00:08:16Z,956,19,0,0,0,0,1,1,1,1784074037
2026-07-15T00:08:16Z,957,8,1,19,2,0,1,1,1,1784073946
2026-07-15T00:08:16Z,958,17,0,13,1,0,1,1,1,1784074058
2026-07-15T00:08:16Z,959,8,7,13,2,0,1,1,1,1784073810
2026-07-15T00:08:16Z,960,22,1,0,1,0,1,1,1,1784073934
2026-07-15T00:08:16Z,961,0,0,18,5,0,1,1,1,1784073394
2026-07-15T00:08:16Z,962,5,2,25,5,0,1,1,1,1784073751
2026-07-15T00:08:16Z,963,13,0,10,0,0,1,1,1,1784073808
2026-07-15T00:08:16Z,964,20,4,0,3,0,1,1,1,1784072809
2026-07-15T00:08:16Z,965,2,1,23,2,0,1,1,1,1784073922
2026-07-15T00:08:16Z,966,6,4,23,2,0,1,1,1,1784073887
2026-07-15T00:08:16Z,967,15,6,3,3,0,1,1,1,1784073256
2026-07-15T00:08:16Z,968,19,0,0,0,0,1,1,1,1784073159
2026-07-15T00:08:16Z,969,7,6,19,1,0,1,1,1,1784072307
2026-07-15T00:08:16Z,970,13,4,5,1,0,1,1,1,1784073083
2026-07-15T00:08:16Z,971,23,0,0,0,0,1,1,1,1784073715
2026-07-15T00:08:16Z,972,5,5,17,1,0,1,1,1,1784073830
2026-07-15T00:08:16Z,973,5,0,17,1,0,1,1,1,1784073526
2026-07-15T00:08:16Z,974,16,0,9,2,0,1,1,1,1784074083
2026-07-15T00:08:16Z,977,6,3,13,2,0,1,1,1,1784072918
2026-07-15T00:08:16Z,978,15,1,8,0,0,1,1,1,1784073665
2026-07-15T00:08:16Z,979,0,0,17,0,0,1,1,1,1784073832
2026-07-15T00:08:16Z,980,1,0,17,3,0,1,1,1,1784074062
2026-07-15T00:08:16Z,981,16,0,4,1,0,1,1,1,1784073821
2026-07-15T00:08:16Z,982,10,0,8,1,0,1,1,1,1784073035
2026-07-15T00:08:16Z,983,8,1,14,1,0,1,1,1,1784073783
2026-07-15T00:08:16Z,984,12,2,9,2,0,1,1,1,1784072984
2026-07-15T00:08:16Z,985,11,0,19,1,0,1,1,1,1784073582
2026-07-15T00:08:16Z,986,3,0,16,0,0,1,1,1,1784073130
2026-07-15T00:08:16Z,987,7,1,16,0,0,1,1,1,1784072488
2026-07-15T00:08:16Z,988,17,7,2,0,0,1,1,1,1784073457
2026-07-15T00:08:16Z,989,13,10,6,0,0,1,1,1,1784073404
2026-07-15T00:08:16Z,990,12,2,3,0,0,1,1,1,1784073228
2026-07-15T00:08:16Z,991,10,2,6,3,0,1,1,1,1784073353
2026-07-15T00:08:16Z,992,9,2,14,0,0,1,1,1,1784073710
2026-07-15T00:08:16Z,993,0,0,27,0,0,1,1,1,1784072863
2026-07-15T00:08:16Z,994,1,0,17,3,0,1,1,1,1784072622
2026-07-15T00:08:16Z,995,13,1,14,0,0,1,1,1,1784073506
2026-07-15T00:08:16Z,996,12,5,11,0,0,1,1,1,1784074057
2026-07-15T00:08:16Z,997,10,4,13,0,0,1,1,1,1784074062
2026-07-15T00:08:16Z,998,6,0,17,0,0,1,1,1,1784073643
2026-07-15T00:08:16Z,999,13,4,6,1,1,1,1,1,1784073539
2026-07-15T00:08:16Z,1000,6,0,15,0,0,1,1,1,1784073284
2026-07-15T00:08:16Z,1001,2,0,24,1,0,1,1,1,1784072444
2026-07-15T00:08:16Z,1002,8,0,23,0,0,1,1,1,1784073072
2026-07-15T00:08:16Z,1003,1,0,22,0,0,1,1,1,1784073567
2026-07-15T00:08:16Z,1004,3,2,20,0,0,1,1,1,1784072756
2026-07-15T00:08:16Z,1005,3,1,19,1,0,1,1,1,1784073625
2026-07-15T00:08:16Z,1006,11,1,7,1,0,1,1,1,1784073169
2026-07-15T00:08:16Z,1007,4,1,17,0,0,1,1,1,1784073381
2026-07-15T00:08:16Z,1008,12,6,11,0,0,1,1,1,1784073913
2026-07-15T00:08:16Z,1009,13,1,17,1,0,1,1,1,1784073105
2026-07-15T00:08:16Z,1010,14,13,12,1,0,1,1,1,1784072884
2026-07-15T00:08:16Z,1011,8,2,10,1,0,1,1,1,1784073025
2026-07-15T00:08:16Z,1012,6,3,16,1,0,1,1,1,1784072525
2026-07-15T00:08:16Z,1013,6,3,16,1,0,1,1,1,1784073789
2026-07-15T00:08:16Z,1014,9,4,14,0,0,1,1,1,1784073721
2026-07-15T00:08:16Z,1015,13,4,18,0,0,1,1,1,1784073107
2026-07-15T00:08:16Z,1016,15,8,14,2,0,1,1,1,1784073330
2026-07-15T00:08:16Z,1017,11,1,10,0,0,1,1,1,1784073334
2026-07-15T00:08:16Z,1018,3,2,16,2,0,1,1,1,1784073977
2026-07-15T00:08:16Z,1019,8,0,6,1,0,1,1,1,1784072364
2026-07-15T00:08:16Z,1020,15,1,6,0,0,1,1,1,1784074021
2026-07-15T00:08:16Z,1021,11,5,3,1,0,1,1,1,1784072617
2026-07-15T00:08:16Z,1022,12,1,15,0,0,1,1,1,1784072401
2026-07-15T00:08:16Z,1023,15,0,8,0,0,1,1,1,1784073066
2026-07-15T00:08:16Z,1024,16,0,2,1,0,1,1,1,1784072922
2026-07-15T00:08:16Z,1025,11,2,8,0,0,1,1,1,1784073016
2026-07-15T00:08:16Z,1026,3,1,27,1,0,1,1,1,1784073996
2026-07-15T00:08:16Z,1028,13,4,10,0,0,1,1,1,1784073835
2026-07-15T00:08:16Z,1029,11,7,4,0,0,1,1,1,1784073878
2026-07-15T00:08:16Z,1030,18,9,4,1,0,1,1,1,1784073988
2026-07-15T00:08:16Z,1031,3,1,16,0,0,1,1,1,1784073045
2026-07-15T00:08:16Z,1032,11,4,8,0,0,1,1,1,1784073086
2026-07-15T00:08:16Z,1033,13,6,6,0,0,1,1,1,1784073193
2026-07-15T00:08:16Z,1034,10,1,5,0,0,1,1,1,1784072399
2026-07-15T00:08:16Z,1035,4,2,14,1,0,1,1,1,1784073634
2026-07-15T00:08:16Z,1036,5,3,10,0,0,1,1,1,1784074081
2026-07-15T00:08:16Z,1037,5,1,14,0,0,1,1,1,1784073052
2026-07-15T00:08:16Z,1038,0,0,15,0,0,1,1,1,1784072324
2026-07-15T00:08:16Z,1039,9,4,10,0,0,1,1,1,1784073825
2026-07-15T00:08:16Z,1040,3,0,16,0,0,1,1,1,1784073111
2026-07-15T00:08:16Z,1041,5,1,13,1,0,1,1,1,1784072969
2026-07-15T00:08:16Z,1042,4,0,10,1,0,1,1,1,1784072360
2026-07-15T00:08:16Z,1043,2,1,17,0,0,1,1,1,1784073090
2026-07-15T00:08:16Z,1044,2,1,11,2,0,1,1,1,1784072309
2026-07-15T00:08:16Z,1045,2,1,17,0,0,1,1,1,1784073008
2026-07-15T00:08:16Z,1046,2,0,9,4,0,1,1,1,1784073047
2026-07-15T00:08:16Z,1047,5,0,16,0,0,1,1,1,1784073223
2026-07-15T00:08:16Z,1048,14,0,5,0,0,1,1,1,1784072951
2026-07-15T00:08:16Z,1049,6,0,15,0,0,1,1,1,1784073532
2026-07-15T00:08:16Z,1050,16,3,5,0,0,1,1,1,1784073043
2026-07-15T00:08:16Z,1051,16,0,5,0,0,1,1,1,1784073375
2026-07-15T00:08:16Z,1052,10,1,12,0,0,1,1,1,1784073532
2026-07-15T00:08:16Z,1053,2,0,13,0,0,1,1,1,1784074084
2026-07-15T00:08:16Z,1054,9,0,6,0,0,1,1,1,1784072428
2026-07-15T00:08:16Z,1055,10,4,9,0,0,1,1,1,1784073052
2026-07-15T00:08:16Z,1057,11,0,6,2,0,1,1,1,1784073969
2026-07-15T00:08:16Z,1058,29,1,27,0,0,1,1,1,1784073402
2026-07-15T00:08:16Z,1059,15,2,4,0,0,1,1,1,1784072422
2026-07-15T00:08:16Z,1060,22,2,15,0,0,1,1,1,1784073696
2026-07-15T00:08:16Z,1061,7,0,30,0,0,1,1,1,1784073110
2026-07-15T00:08:16Z,1062,6,0,11,0,0,1,1,1,1784073795
2026-07-15T00:08:16Z,1063,10,0,7,2,0,1,1,1,1784073035
2026-07-15T00:08:16Z,1064,4,1,18,1,0,1,1,1,1784073680
2026-07-15T00:08:16Z,1065,16,5,7,0,0,1,1,1,1784073784
2026-07-15T00:08:16Z,1066,16,5,6,1,0,1,1,1,1784073840
2026-07-15T00:08:16Z,1067,8,0,15,0,0,1,1,1,1784073626
2026-07-15T00:08:16Z,1068,14,3,8,1,0,1,1,1,1784073288
2026-07-15T00:08:16Z,1069,5,0,17,1,0,1,1,1,1784073632
2026-07-15T00:08:16Z,1070,6,3,16,1,0,1,1,1,1784073736
2026-07-15T00:08:16Z,1071,4,2,19,0,0,1,1,1,1784073631
2026-07-15T00:08:16Z,1072,11,2,9,3,0,1,1,1,1784073830
2026-07-15T00:08:16Z,1073,8,1,19,0,0,1,1,1,1784072985
2026-07-15T00:08:16Z,1074,46,2,3,3,0,1,1,1,1784073646
2026-07-15T00:08:16Z,1075,8,6,12,1,0,1,1,1,1784073631
2026-07-15T00:08:16Z,1076,16,12,5,0,0,1,1,1,1784073646
2026-07-15T00:08:16Z,1077,8,6,13,0,0,1,1,1,1784073567
2026-07-15T00:08:16Z,1078,11,7,10,0,0,1,1,1,1784073191
2026-07-15T00:08:16Z,1079,9,8,12,0,0,1,1,1,1784074009
2026-07-15T00:08:16Z,1080,12,10,9,0,0,1,1,1,1784073791
2026-07-15T00:08:16Z,1081,10,8,9,0,0,1,1,1,1784072772
2026-07-15T00:08:16Z,1082,12,10,11,0,0,1,1,1,1784073490
2026-07-15T00:08:16Z,1083,11,9,10,0,0,1,1,1,1784073629
2026-07-15T00:08:16Z,1084,9,6,12,0,0,1,1,1,1784073792
2026-07-15T00:08:16Z,1085,13,12,8,0,0,1,1,1,1784072817
2026-07-15T00:08:16Z,1086,9,6,12,0,0,1,1,1,1784073696
2026-07-15T00:08:16Z,1087,8,6,7,0,0,1,1,1,1784072658
2026-07-15T00:08:16Z,1088,12,9,3,0,0,1,1,1,1784072910
2026-07-15T00:08:16Z,1089,8,5,7,0,0,1,1,1,1784072655
2026-07-15T00:08:16Z,1090,12,10,3,0,0,1,1,1,1784072669
2026-07-15T00:08:16Z,1091,8,6,7,0,0,1,1,1,1784073390
2026-07-15T00:08:16Z,1092,10,8,5,0,0,1,1,1,1784072732
2026-07-15T00:08:16Z,1093,8,7,7,0,0,1,1,1,1784072655
2026-07-15T00:08:16Z,1094,12,10,7,0,0,1,1,1,1784073012
2026-07-15T00:08:16Z,1095,10,9,5,0,0,1,1,1,1784073770
2026-07-15T00:08:16Z,1096,9,6,10,0,0,1,1,1,1784073251
2026-07-15T00:08:16Z,1097,6,6,9,0,0,1,1,1,1784072694
2026-07-15T00:08:16Z,1098,10,8,9,0,0,1,1,1,1784073252
2026-07-15T00:08:16Z,1099,9,9,6,0,0,1,1,1,1784072638
2026-07-15T00:08:16Z,1100,13,7,15,1,0,1,1,1,1784073092
2026-07-15T00:08:16Z,1101,11,6,10,0,0,1,1,1,1784073569
2026-07-15T00:08:16Z,1102,9,5,4,0,0,1,1,1,1784073905
2026-07-15T00:08:16Z,1103,9,5,11,1,0,1,1,1,1784064455
2026-07-15T00:08:16Z,1104,9,4,12,0,0,1,1,1,1784073467
2026-07-15T00:08:16Z,1105,8,4,5,0,0,1,1,1,1784073863
2026-07-15T00:08:16Z,1106,10,5,10,1,0,1,1,1,1784073551
2026-07-15T00:08:16Z,1107,10,5,5,0,0,1,1,1,1784072437
2026-07-15T00:08:16Z,1108,9,4,15,3,0,1,1,1,1784072600
2026-07-15T00:08:16Z,1109,8,4,7,0,0,1,1,1,1784072449
2026-07-15T00:08:16Z,1110,12,4,9,0,0,1,1,1,1784073398
2026-07-15T00:08:16Z,1111,6,0,15,0,0,1,1,1,1784073407
2026-07-15T00:08:16Z,1112,50,0,3,0,0,1,1,1,1784073781
2026-07-15T00:08:16Z,1113,5,0,16,0,0,1,1,1,1784072745
2026-07-15T00:08:16Z,1115,4,2,19,0,0,1,1,1,1784073702
2026-07-15T00:08:16Z,1116,7,2,12,0,0,1,1,1,1784073023
2026-07-15T00:08:16Z,1117,9,4,14,0,0,1,1,1,1784073625
2026-07-15T00:08:16Z,1118,18,0,2,1,0,1,1,1,1784073776
2026-07-15T00:08:16Z,1119,5,2,12,0,0,1,1,1,1784072704
2026-07-15T00:08:16Z,1120,17,0,1,1,0,1,1,1,1784074079
2026-07-15T00:08:16Z,1121,9,0,11,1,0,1,1,1,1784074007
2026-07-15T00:08:16Z,1122,6,0,15,0,0,1,1,1,1784074073
2026-07-15T00:08:16Z,1123,11,4,11,1,0,1,1,1,1784072675
2026-07-15T00:08:16Z,1124,8,0,6,1,0,1,1,1,1784073763
2026-07-15T00:08:16Z,1125,8,2,13,2,0,1,1,1,1784073813
2026-07-15T00:08:16Z,1126,1,0,20,0,0,1,1,1,1784073403
2026-07-15T00:08:16Z,1127,11,3,8,0,0,1,1,1,1784073167
2026-07-15T00:08:16Z,1128,11,3,4,0,0,1,1,1,1784072396
2026-07-15T00:08:16Z,1129,10,1,11,0,0,1,1,1,1784073132
2026-07-15T00:08:16Z,1130,13,0,2,0,0,1,1,1,1784073356
2026-07-15T00:08:16Z,1131,38,0,10,1,0,1,1,1,1784073767
2026-07-15T00:08:16Z,1132,19,0,1,1,0,1,1,1,1784073380
2026-07-15T00:08:16Z,1133,8,7,12,1,0,1,1,1,1784073457
2026-07-15T00:08:16Z,1134,10,4,9,0,0,1,1,1,1784073205
2026-07-15T00:08:16Z,1135,9,4,12,0,0,1,1,1,1784073468
2026-07-15T00:08:16Z,1136,17,0,6,0,0,1,1,1,1784073634
2026-07-15T00:08:16Z,1137,10,1,5,0,0,1,1,1,1784073945
2026-07-15T00:08:16Z,1138,19,1,0,0,0,1,1,1,1784073127
2026-07-15T00:08:16Z,1139,13,0,8,0,0,1,1,1,1784072811
2026-07-15T00:08:16Z,1140,17,2,5,1,0,1,1,1,1784072843
2026-07-15T00:08:16Z,1141,0,0,21,0,0,1,1,1,1784073935
2026-07-15T00:08:16Z,1142,3,0,18,0,0,1,1,1,1784073221
2026-07-15T00:08:16Z,1143,11,1,18,0,0,1,1,1,1784074008
2026-07-15T00:08:16Z,1144,4,1,16,1,0,1,1,1,1784073319
2026-07-15T00:08:16Z,1145,9,4,11,1,0,1,1,1,1784072468
2026-07-15T00:08:16Z,1146,16,1,2,1,0,1,1,1,1784074057
2026-07-15T00:08:16Z,1147,13,1,4,2,0,1,1,1,1784073905
2026-07-15T00:08:16Z,1148,24,0,6,1,0,1,1,1,1784073040
2026-07-15T00:08:16Z,1149,13,9,11,1,0,1,1,1,1784073810
2026-07-15T00:08:16Z,1150,11,1,8,0,0,1,1,1,1784073465
2026-07-15T00:08:16Z,1151,7,0,14,0,0,1,1,1,1784073869
2026-07-15T00:08:16Z,1152,7,1,19,3,0,1,1,1,1784074006
2026-07-15T00:08:16Z,1153,22,5,0,1,0,1,1,1,1784073131
2026-07-15T00:08:16Z,1154,5,0,13,1,0,1,1,1,1784072413
2026-07-15T00:08:16Z,1155,6,0,13,2,0,1,1,1,1784073553
2026-07-15T00:08:16Z,1158,3,0,15,1,0,1,1,1,1784073018
2026-07-15T00:08:16Z,1159,6,2,13,0,0,1,1,1,1784073148
2026-07-15T00:08:16Z,1160,7,1,12,0,0,1,1,1,1784073897
2026-07-15T00:08:16Z,1161,10,3,9,0,0,1,1,1,1784073029
2026-07-15T00:08:16Z,1162,12,2,7,0,0,1,1,1,1784073391
2026-07-15T00:08:16Z,1163,0,0,18,1,0,1,1,1,1784073033
2026-07-15T00:08:16Z,1164,7,1,10,2,0,1,1,1,1784072965
2026-07-15T00:08:16Z,1165,3,0,18,0,0,1,1,1,1784073242
2026-07-15T00:08:16Z,1166,9,0,11,0,0,1,1,1,1784073610
2026-07-15T00:08:16Z,1167,4,2,11,0,0,1,1,1,1784072340
2026-07-15T00:08:16Z,1168,7,2,16,0,0,1,1,1,1784073726
2026-07-15T00:08:16Z,1169,2,0,16,1,0,1,1,1,1784072940
2026-07-15T00:08:16Z,1170,5,0,16,0,0,1,1,1,1784073423
2026-07-15T00:08:16Z,1171,12,11,9,2,0,1,1,1,1784072450
2026-07-15T00:08:16Z,1172,4,2,9,2,0,1,1,1,1784072513
2026-07-15T00:08:16Z,1173,1,1,16,2,0,1,1,1,1784073005
2026-07-15T00:08:16Z,1174,2,1,13,0,0,1,1,1,1784073247
2026-07-15T00:08:16Z,1175,10,1,9,0,0,1,1,1,1784072893
2026-07-15T00:08:16Z,1176,11,1,9,1,0,1,1,1,1784073429
2026-07-15T00:08:16Z,1177,8,1,13,0,0,1,1,1,1784073404
2026-07-15T00:08:16Z,1178,7,4,8,0,0,1,1,1,1784073569
2026-07-15T00:08:16Z,1181,14,2,0,1,0,1,1,1,1784073606
2026-07-15T00:08:16Z,1182,0,0,19,1,0,1,1,1,1784073087
2026-07-15T00:08:16Z,1183,17,0,19,1,0,1,1,1,1784072263
2026-07-15T00:08:16Z,1184,3,3,15,3,0,1,1,1,1784073485
2026-07-15T00:08:16Z,1185,9,4,12,0,0,1,1,1,1784072637
2026-07-15T00:08:16Z,1186,11,5,8,0,0,1,1,1,1784073072
2026-07-15T00:08:16Z,1188,10,5,5,0,0,1,1,1,1784072474
2026-07-15T00:08:16Z,1189,9,4,9,1,0,1,1,1,1784072942
2026-07-15T00:08:16Z,1190,9,4,11,1,0,1,1,1,1784073450
2026-07-15T00:08:16Z,1191,10,4,5,0,0,1,1,1,1784072478
2026-07-15T00:08:16Z,1192,10,5,11,0,0,1,1,1,1784073718
2026-07-15T00:08:16Z,1193,9,4,3,1,0,1,1,1,1784073896
2026-07-15T00:08:16Z,1197,4,2,11,2,0,1,1,1,1784073540
2026-07-15T00:08:16Z,1198,12,5,8,1,0,1,1,1,1784073977
2026-07-15T00:08:16Z,1199,12,7,7,0,0,1,1,1,1784073186
2026-07-15T00:08:16Z,1200,10,5,5,0,0,1,1,1,1784072539
2026-07-15T00:08:16Z,1201,11,5,4,0,0,1,1,1,1784072517
2026-07-15T00:08:16Z,1202,9,5,6,0,0,1,1,1,1784072554
2026-07-15T00:08:16Z,1203,8,4,7,0,0,1,1,1,1784072515
2026-07-15T00:08:16Z,1216,12,4,8,1,0,1,1,1,1784073188
2026-07-15T00:08:16Z,1219,5,2,8,2,0,1,1,1,1784072574
2026-07-15T00:08:16Z,1220,8,5,11,0,0,1,1,1,1784073153
2026-07-15T00:08:16Z,1221,4,4,16,1,0,1,1,1,1784073076
2026-07-15T00:08:16Z,1222,20,0,9,0,0,1,1,1,1784073970
2026-07-15T00:08:16Z,1223,3,1,24,2,0,1,1,1,1784072753
2026-07-15T00:08:16Z,1226,0,0,3,0,0,0,1,1,1781868931
2026-07-15T00:08:16Z,1227,0,0,3,0,0,0,1,1,1784040447
2026-07-15T00:08:16Z,1228,0,0,0,0,0,0,1,1,86400
2026-07-15T00:13:16Z,1,11,0,12,0,0,1,1,1,1784074089
2026-07-15T00:13:16Z,2,17,4,8,2,0,1,1,1,1784073363
2026-07-15T00:13:16Z,3,12,2,2,1,0,1,1,1,1784073805
2026-07-15T00:13:16Z,4,11,0,12,0,0,1,1,1,1784074270
2026-07-15T00:13:16Z,5,0,0,0,20,1,1,1,1,1784074300
2026-07-15T00:13:16Z,6,10,0,5,0,0,1,1,1,1784070673
2026-07-15T00:13:16Z,7,21,1,1,1,0,1,1,1,1784073694
2026-07-15T00:13:16Z,8,3,0,37,3,0,1,1,1,1784074212
2026-07-15T00:13:16Z,9,11,3,12,0,0,1,1,1,1784073658
2026-07-15T00:13:16Z,10,19,6,3,1,0,1,1,1,1784073925
2026-07-15T00:13:16Z,11,2,0,17,0,0,1,1,1,1784073936
2026-07-15T00:13:16Z,12,6,0,17,0,0,1,1,1,1784073867
2026-07-15T00:13:16Z,13,21,1,9,0,0,1,1,1,1784074287
2026-07-15T00:13:16Z,14,9,1,32,0,0,1,1,1,1784074211
2026-07-15T00:13:16Z,15,8,0,0,4,3,1,1,1,1784074149
2026-07-15T00:13:16Z,16,12,0,14,1,0,1,1,1,1784072942
2026-07-15T00:13:16Z,17,16,1,10,1,0,1,1,1,1784074244
2026-07-15T00:13:16Z,18,15,0,0,3,0,1,1,1,1784073461
2026-07-15T00:13:16Z,19,25,2,1,1,0,1,1,1,1784074378
2026-07-15T00:13:16Z,20,14,0,20,1,0,1,1,1,1784074387
2026-07-15T00:13:16Z,21,11,0,6,2,0,1,1,1,1784074315
2026-07-15T00:13:16Z,22,25,0,41,1,0,1,1,1,1784074232
2026-07-15T00:13:16Z,23,1,1,30,0,0,1,1,1,1784073790
2026-07-15T00:13:16Z,24,4,3,5,2,0,1,1,1,1784074381
2026-07-15T00:13:16Z,25,40,1,37,4,0,1,1,1,1784074386
2026-07-15T00:13:16Z,26,3,0,24,0,0,1,1,1,1784074380
2026-07-15T00:13:16Z,28,15,2,0,0,0,1,1,1,1784074386
2026-07-15T00:13:16Z,30,17,1,12,0,0,1,1,1,1784074355
2026-07-15T00:13:16Z,31,3,0,15,1,0,1,1,1,1784074218
2026-07-15T00:13:16Z,32,2,1,25,0,0,1,1,1,1784073586
2026-07-15T00:13:16Z,34,33,0,4,0,0,1,1,1,1784073763
2026-07-15T00:13:16Z,35,14,1,32,1,0,1,1,1,1784074150
2026-07-15T00:13:16Z,36,0,0,0,0,0,0,1,1,86400
2026-07-15T00:13:16Z,37,6,3,17,0,0,1,1,1,1784074176
2026-07-15T00:13:16Z,38,11,0,11,1,0,1,1,1,1784073944
2026-07-15T00:13:16Z,39,11,0,20,0,0,1,1,1,1784073770
2026-07-15T00:13:16Z,40,8,1,13,0,0,1,1,1,1784074366
2026-07-15T00:13:16Z,41,1,1,26,0,0,1,1,1,1784071629
2026-07-15T00:13:16Z,42,14,4,13,4,0,1,1,1,1784074361
2026-07-15T00:13:16Z,43,16,0,7,0,0,1,1,1,1784073897
2026-07-15T00:13:16Z,45,0,0,27,4,0,1,1,1,1784074153
2026-07-15T00:13:16Z,46,3,0,25,2,1,1,1,1,1784073566
2026-07-15T00:13:16Z,47,7,4,8,0,0,1,1,1,1784073510
2026-07-15T00:13:16Z,48,26,1,0,1,0,1,1,1,1784073963
2026-07-15T00:13:16Z,49,0,0,18,5,0,1,1,1,1784074382
2026-07-15T00:13:16Z,50,0,0,18,1,0,1,1,1,1784071881
2026-07-15T00:13:16Z,51,46,0,30,1,0,1,1,1,1784071906
2026-07-15T00:13:16Z,52,23,0,1,3,0,1,1,1,1784074237
2026-07-15T00:13:16Z,55,2,0,21,0,0,1,1,1,1784072440
2026-07-15T00:13:16Z,56,18,0,9,0,0,1,1,1,1784074077
2026-07-15T00:13:16Z,57,21,1,5,1,0,1,1,1,1784074318
2026-07-15T00:13:16Z,58,1,1,26,1,0,1,1,1,1784073032
2026-07-15T00:13:16Z,59,10,2,17,0,0,1,1,1,1784073516
2026-07-15T00:13:16Z,61,20,9,18,1,0,1,1,1,1784074382
2026-07-15T00:13:16Z,62,1,0,48,0,0,1,1,1,1784074376
2026-07-15T00:13:16Z,63,2,0,17,0,0,1,1,1,1784073708
2026-07-15T00:13:16Z,64,19,2,0,0,0,1,1,1,1784071205
2026-07-15T00:13:16Z,65,11,1,6,2,0,1,1,1,1784072262
2026-07-15T00:13:16Z,67,10,0,28,0,0,1,1,1,1784073587
2026-07-15T00:13:16Z,68,27,0,10,0,0,1,1,1,1784072334
2026-07-15T00:13:16Z,69,13,0,1,1,0,1,1,1,1784071648
2026-07-15T00:13:16Z,71,13,2,13,1,0,1,1,1,1784074187
2026-07-15T00:13:16Z,72,8,0,21,2,0,1,1,1,1784074198
2026-07-15T00:13:16Z,73,3,1,20,0,0,1,1,1,1784074360
2026-07-15T00:13:16Z,74,10,5,9,0,0,1,1,1,1784073842
2026-07-15T00:13:16Z,75,3,1,32,0,0,1,1,1,1784074267
2026-07-15T00:13:16Z,76,4,0,14,1,0,1,1,1,1784072629
2026-07-15T00:13:16Z,77,7,0,19,1,0,1,1,1,1784073868
2026-07-15T00:13:16Z,78,1,1,21,1,0,1,1,1,1784074214
2026-07-15T00:13:16Z,79,6,0,11,0,0,1,1,1,1784074158
2026-07-15T00:13:16Z,80,20,0,1,2,0,1,1,1,1784074283
2026-07-15T00:13:16Z,81,2,2,28,1,0,1,1,1,1784073472
2026-07-15T00:13:16Z,82,0,0,21,2,0,1,1,1,1784074027
2026-07-15T00:13:16Z,83,6,2,27,1,0,1,1,1,1784074105
2026-07-15T00:13:16Z,84,13,3,14,0,0,1,1,1,1784074084
2026-07-15T00:13:16Z,85,0,0,13,1,0,1,1,1,1784072859
2026-07-15T00:13:16Z,86,6,0,19,2,0,1,1,1,1784073461
2026-07-15T00:13:16Z,87,2,0,16,1,0,1,1,1,1784074168
2026-07-15T00:13:16Z,88,25,1,6,0,0,1,1,1,1784074156
2026-07-15T00:13:16Z,89,3,0,32,0,0,1,1,1,1784072977
2026-07-15T00:13:16Z,90,17,0,0,1,0,1,1,1,1784072855
2026-07-15T00:13:16Z,91,5,0,9,3,0,1,1,1,1784074349
2026-07-15T00:13:16Z,92,17,0,0,2,0,1,1,1,1784074150
2026-07-15T00:13:16Z,93,13,0,0,1,0,1,1,1,1784074322
2026-07-15T00:13:16Z,94,5,0,14,0,0,1,1,1,1784073058
2026-07-15T00:13:16Z,95,7,0,25,2,1,1,1,1,1784074387
2026-07-15T00:13:16Z,96,29,7,1,1,0,1,1,1,1784072687
2026-07-15T00:13:16Z,97,5,0,12,0,0,1,1,1,1784073684
2026-07-15T00:13:16Z,98,5,0,27,3,0,1,1,1,1784074240
2026-07-15T00:13:16Z,99,9,0,5,0,0,1,1,1,1784073521
2026-07-15T00:13:16Z,100,21,1,5,1,0,1,1,1,1784074382
2026-07-15T00:13:16Z,101,11,0,3,1,0,1,1,1,1784074272
2026-07-15T00:13:16Z,102,21,0,1,1,0,1,1,1,1784073947
2026-07-15T00:13:16Z,103,26,1,1,5,0,1,1,1,1784074162
2026-07-15T00:13:16Z,104,3,1,22,2,0,1,1,1,1784074369
2026-07-15T00:13:16Z,105,12,1,7,0,0,1,1,1,1784069157
2026-07-15T00:13:16Z,106,12,0,9,0,0,1,1,1,1784072259
2026-07-15T00:13:16Z,107,1,1,36,0,0,1,1,1,1784074305
2026-07-15T00:13:16Z,108,32,0,1,1,1,1,1,1,1784073929
2026-07-15T00:13:16Z,109,21,2,1,1,0,1,1,1,1784074326
2026-07-15T00:13:16Z,110,22,0,0,1,0,1,1,1,1784071799
2026-07-15T00:13:16Z,111,20,2,15,1,0,1,1,1,1784074361
2026-07-15T00:13:16Z,112,8,1,9,2,0,1,1,1,1784074280
2026-07-15T00:13:16Z,113,18,1,1,0,0,1,1,1,1784073718
2026-07-15T00:13:16Z,114,1,0,24,6,0,1,1,1,1784074212
2026-07-15T00:13:16Z,115,0,0,22,4,0,1,1,1,1784073500
2026-07-15T00:13:16Z,116,5,5,22,0,0,1,1,1,1784074249
2026-07-15T00:13:16Z,118,3,2,18,1,1,1,1,1,1784072492
2026-07-15T00:13:16Z,119,7,2,29,2,0,1,1,1,1784074171
2026-07-15T00:13:16Z,120,13,6,13,1,0,1,1,1,1784074311
2026-07-15T00:13:16Z,121,13,1,5,0,1,1,1,1,1784074386
2026-07-15T00:13:16Z,122,5,0,15,1,0,1,1,1,1784073952
2026-07-15T00:13:16Z,123,4,1,41,2,0,1,1,1,1784073213
2026-07-15T00:13:16Z,124,25,1,9,0,0,1,1,1,1784074011
2026-07-15T00:13:16Z,125,13,4,10,0,0,1,1,1,1784074255
2026-07-15T00:13:16Z,126,5,2,25,1,0,1,1,1,1784073873
2026-07-15T00:13:16Z,127,3,0,30,1,0,1,1,1,1784074166
2026-07-15T00:13:16Z,128,5,4,14,0,0,1,1,1,1784074169
2026-07-15T00:13:16Z,129,7,1,6,3,3,1,1,1,1784074240
2026-07-15T00:13:16Z,130,7,3,8,2,0,1,1,1,1784074139
2026-07-15T00:13:16Z,131,5,0,4,2,0,1,1,1,1784073963
2026-07-15T00:13:16Z,132,5,0,9,0,1,1,1,1,1784072256
2026-07-15T00:13:16Z,133,6,3,17,0,0,1,1,1,1784073711
2026-07-15T00:13:16Z,134,4,1,19,0,0,1,1,1,1784073922
2026-07-15T00:13:16Z,135,13,3,6,0,0,1,1,1,1784074273
2026-07-15T00:13:16Z,136,10,0,12,0,0,1,1,1,1784073661
2026-07-15T00:13:16Z,137,1,0,15,3,0,1,1,1,1784074289
2026-07-15T00:13:16Z,138,21,0,16,0,0,1,1,1,1784074315
2026-07-15T00:13:16Z,139,18,3,1,0,0,1,1,1,1784074265
2026-07-15T00:13:16Z,140,14,5,7,2,0,1,1,1,1784074388
2026-07-15T00:13:16Z,141,4,1,0,29,5,1,1,1,1784074370
2026-07-15T00:13:16Z,142,9,4,10,0,0,1,1,1,1784072398
2026-07-15T00:13:16Z,143,2,0,29,0,0,1,1,1,1784074379
2026-07-15T00:13:16Z,144,25,4,2,0,0,1,1,1,1784073600
2026-07-15T00:13:16Z,145,4,1,23,4,0,1,1,1,1784074336
2026-07-15T00:13:16Z,146,5,0,17,1,0,1,1,1,1784074084
2026-07-15T00:13:16Z,147,0,0,18,1,0,1,1,1,1784074148
2026-07-15T00:13:16Z,148,13,1,13,1,0,1,1,1,1784074306
2026-07-15T00:13:16Z,149,3,1,16,0,0,1,1,1,1784073884
2026-07-15T00:13:16Z,150,29,6,5,1,0,1,1,1,1784074339
2026-07-15T00:13:16Z,151,15,3,6,2,0,1,1,1,1784074328
2026-07-15T00:13:16Z,152,15,5,8,4,0,1,1,1,1784074385
2026-07-15T00:13:16Z,153,28,2,2,1,0,1,1,1,1784074221
2026-07-15T00:13:16Z,154,10,0,10,3,0,1,1,1,1784074302
2026-07-15T00:13:16Z,155,7,0,5,2,0,1,1,1,1784074367
2026-07-15T00:13:16Z,156,16,1,3,0,0,1,1,1,1784073946
2026-07-15T00:13:16Z,157,2,1,23,2,0,1,1,1,1784074386
2026-07-15T00:13:16Z,158,16,3,0,0,0,1,1,1,1784074270
2026-07-15T00:13:16Z,159,13,9,6,0,0,1,1,1,1784074232
2026-07-15T00:13:16Z,160,16,4,2,1,0,1,1,1,1784074227
2026-07-15T00:13:16Z,161,6,1,17,0,0,1,1,1,1784074369
2026-07-15T00:13:16Z,162,6,4,21,0,0,1,1,1,1784074370
2026-07-15T00:13:16Z,163,19,9,11,1,0,1,1,1,1784074170
2026-07-15T00:13:16Z,164,22,7,5,0,0,1,1,1,1784074268
2026-07-15T00:13:16Z,165,28,16,0,3,0,1,1,1,1784074331
2026-07-15T00:13:16Z,166,9,8,29,1,0,1,1,1,1784074283
2026-07-15T00:13:16Z,167,21,9,1,1,0,1,1,1,1784074355
2026-07-15T00:13:16Z,168,8,3,16,3,0,1,1,1,1784074388
2026-07-15T00:13:16Z,169,20,4,2,1,0,1,1,1,1784074300
2026-07-15T00:13:16Z,170,12,0,6,1,0,1,1,1,1784074074
2026-07-15T00:13:16Z,171,11,1,0,2,0,1,1,1,1784074332
2026-07-15T00:13:16Z,173,35,0,3,1,0,1,1,1,1784074382
2026-07-15T00:13:16Z,174,14,2,9,0,0,1,1,1,1784074386
2026-07-15T00:13:16Z,175,28,1,3,0,0,1,1,1,1784074213
2026-07-15T00:13:16Z,176,8,0,2,4,1,1,1,1,1784074284
2026-07-15T00:13:16Z,177,20,4,7,0,0,1,1,1,1784074061
2026-07-15T00:13:16Z,178,5,0,8,2,0,1,1,1,1784074313
2026-07-15T00:13:16Z,179,11,4,3,1,0,1,1,1,1784074342
2026-07-15T00:13:16Z,180,6,0,23,1,0,1,1,1,1784074306
2026-07-15T00:13:16Z,181,2,2,12,1,0,1,1,1,1784073800
2026-07-15T00:13:16Z,182,0,0,19,0,0,1,1,1,1784074228
2026-07-15T00:13:16Z,183,0,0,22,1,0,1,1,1,1784074243
2026-07-15T00:13:16Z,184,18,0,4,1,0,1,1,1,1784074254
2026-07-15T00:13:16Z,185,3,0,10,1,1,1,1,1,1784073965
2026-07-15T00:13:16Z,186,6,2,12,1,0,1,1,1,1784073127
2026-07-15T00:13:16Z,187,1,0,26,2,0,1,1,1,1784074240
2026-07-15T00:13:16Z,188,4,2,20,3,0,1,1,1,1784074280
2026-07-15T00:13:16Z,189,9,4,6,0,0,1,1,1,1784074004
2026-07-15T00:13:16Z,190,8,0,15,0,0,1,1,1,1784074095
2026-07-15T00:13:16Z,191,1,1,36,2,0,1,1,1,1784074108
2026-07-15T00:13:16Z,192,22,13,9,0,0,1,1,1,1784073695
2026-07-15T00:13:16Z,193,6,3,7,2,0,1,1,1,1784074329
2026-07-15T00:13:16Z,194,0,0,14,12,0,1,1,1,1784074320
2026-07-15T00:13:16Z,195,1,0,18,0,0,1,1,1,1784074180
2026-07-15T00:13:16Z,196,10,8,17,0,0,1,1,1,1784073782
2026-07-15T00:13:16Z,197,6,1,12,0,1,1,1,1,1784073864
2026-07-15T00:13:16Z,198,1,0,22,0,0,1,1,1,1784072580
2026-07-15T00:13:16Z,199,2,1,12,1,0,1,1,1,1784074342
2026-07-15T00:13:16Z,200,0,0,24,2,0,1,1,1,1784074242
2026-07-15T00:13:16Z,201,4,2,19,0,0,1,1,1,1784074069
2026-07-15T00:13:16Z,202,1,1,26,0,0,1,1,1,1784073625
2026-07-15T00:13:16Z,203,19,0,10,1,1,1,1,1,1784074277
2026-07-15T00:13:16Z,204,19,1,15,1,0,1,1,1,1784072744
2026-07-15T00:13:16Z,205,6,2,21,0,0,1,1,1,1784074277
2026-07-15T00:13:16Z,206,1,1,13,1,0,1,1,1,1784073838
2026-07-15T00:13:16Z,207,20,1,1,0,0,1,1,1,1784074283
2026-07-15T00:13:16Z,208,5,4,24,0,0,1,1,1,1784074339
2026-07-15T00:13:16Z,209,26,3,5,0,0,1,1,1,1784074263
2026-07-15T00:13:16Z,210,3,2,23,1,0,1,1,1,1784073961
2026-07-15T00:13:16Z,211,1,1,21,1,0,1,1,1,1784074245
2026-07-15T00:13:16Z,212,25,3,9,1,0,1,1,1,1784074111
2026-07-15T00:13:16Z,213,20,0,3,0,0,1,1,1,1784074372
2026-07-15T00:13:16Z,214,12,10,32,3,0,1,1,1,1784074126
2026-07-15T00:13:16Z,215,7,5,15,1,0,1,1,1,1784074239
2026-07-15T00:13:16Z,216,16,2,3,0,0,1,1,1,1784074139
2026-07-15T00:13:16Z,217,13,2,16,0,0,1,1,1,1784074388
2026-07-15T00:13:16Z,218,9,8,28,2,0,1,1,1,1784074379
2026-07-15T00:13:16Z,219,21,1,5,1,0,1,1,1,1784073959
2026-07-15T00:13:16Z,220,1,1,41,1,0,1,1,1,1784073850
2026-07-15T00:13:16Z,221,8,5,7,0,0,1,1,1,1784074360
2026-07-15T00:13:16Z,222,2,2,17,0,0,1,1,1,1784074299
2026-07-15T00:13:16Z,223,7,3,26,2,0,1,1,1,1784074263
2026-07-15T00:13:16Z,224,6,5,15,1,0,1,1,1,1784074039
2026-07-15T00:13:16Z,225,8,0,9,2,0,1,1,1,1784073061
2026-07-15T00:13:16Z,226,2,1,28,1,0,1,1,1,1784074379
2026-07-15T00:13:16Z,227,4,4,21,2,0,1,1,1,1784074305
2026-07-15T00:13:16Z,228,3,3,16,0,0,1,1,1,1784074072
2026-07-15T00:13:16Z,230,14,6,8,1,0,1,1,1,1784073748
2026-07-15T00:13:16Z,232,15,4,3,1,0,1,1,1,1784074355
2026-07-15T00:13:16Z,233,14,2,15,2,0,1,1,1,1784074309
2026-07-15T00:13:16Z,234,8,4,7,3,1,1,1,1,1784074276
2026-07-15T00:13:16Z,236,10,9,9,0,0,1,1,1,1784073669
2026-07-15T00:13:16Z,237,11,1,10,2,0,1,1,1,1784074286
2026-07-15T00:13:16Z,239,17,10,9,1,0,1,1,1,1784074186
2026-07-15T00:13:16Z,241,13,4,10,0,0,1,1,1,1784073974
2026-07-15T00:13:16Z,242,1,1,21,1,0,1,1,1,1784074330
2026-07-15T00:13:16Z,243,2,2,27,2,0,1,1,1,1784074260
2026-07-15T00:13:16Z,244,12,12,13,2,0,1,1,1,1784073948
2026-07-15T00:13:16Z,245,6,4,16,1,0,1,1,1,1784074390
2026-07-15T00:13:16Z,246,2,1,21,0,0,1,1,1,1784074366
2026-07-15T00:13:16Z,247,10,1,13,0,0,1,1,1,1784070993
2026-07-15T00:13:16Z,248,5,2,16,2,0,1,1,1,1784074345
2026-07-15T00:13:16Z,249,5,0,13,1,0,1,1,1,1784074344
2026-07-15T00:13:16Z,250,2,1,25,0,0,1,1,1,1784074350
2026-07-15T00:13:16Z,251,15,11,9,3,0,1,1,1,1784074286
2026-07-15T00:13:16Z,253,2,0,16,1,0,1,1,1,1784074276
2026-07-15T00:13:16Z,254,16,7,21,6,0,1,1,1,1784074263
2026-07-15T00:13:16Z,255,3,0,20,0,0,1,1,1,1784074146
2026-07-15T00:13:16Z,256,11,8,10,2,0,1,1,1,1784074243
2026-07-15T00:13:16Z,257,15,3,3,1,0,1,1,1,1784073870
2026-07-15T00:13:16Z,258,1,0,17,1,0,1,1,1,1784072878
2026-07-15T00:13:16Z,259,10,5,11,2,0,1,1,1,1784073790
2026-07-15T00:13:16Z,260,13,11,6,0,0,1,1,1,1784074270
2026-07-15T00:13:16Z,261,15,1,3,1,0,1,1,1,1784073359
2026-07-15T00:13:16Z,262,19,6,3,1,0,1,1,1,1784073088
2026-07-15T00:13:16Z,263,5,2,9,1,0,1,1,1,1784074376
2026-07-15T00:13:16Z,264,3,0,15,1,0,1,1,1,1784073648
2026-07-15T00:13:16Z,265,15,0,0,0,0,1,1,1,1784074002
2026-07-15T00:13:16Z,266,12,4,7,0,0,1,1,1,1784074287
2026-07-15T00:13:16Z,267,10,7,5,0,0,1,1,1,1784058167
2026-07-15T00:13:16Z,268,5,1,18,0,0,1,1,1,1784072160
2026-07-15T00:13:16Z,269,9,3,13,1,0,1,1,1,1784073655
2026-07-15T00:13:16Z,270,0,0,26,1,0,1,1,1,1784073201
2026-07-15T00:13:16Z,271,5,0,12,1,1,1,1,1,1784074383
2026-07-15T00:13:16Z,272,8,2,15,0,0,1,1,1,1784074275
2026-07-15T00:13:16Z,273,3,3,12,0,0,1,1,1,1784073427
2026-07-15T00:13:16Z,274,5,2,13,1,0,1,1,1,1784071921
2026-07-15T00:13:16Z,275,12,0,11,0,0,1,1,1,1784072441
2026-07-15T00:13:16Z,276,5,5,21,0,1,1,1,1,1784074383
2026-07-15T00:13:16Z,277,1,0,19,3,0,1,1,1,1784073138
2026-07-15T00:13:16Z,278,14,0,16,0,1,1,1,1,1784074350
2026-07-15T00:13:16Z,279,4,1,15,0,0,1,1,1,1784074180
2026-07-15T00:13:16Z,280,1,0,28,2,0,1,1,1,1784074156
2026-07-15T00:13:16Z,281,0,0,19,0,0,0,1,1,1784049184
2026-07-15T00:13:16Z,282,7,0,12,0,0,1,1,1,1784072894
2026-07-15T00:13:16Z,283,16,7,18,1,0,1,1,1,1784074176
2026-07-15T00:13:16Z,284,4,4,30,1,0,1,1,1,1784074299
2026-07-15T00:13:16Z,285,1,0,22,0,0,1,1,1,1784073147
2026-07-15T00:13:16Z,286,18,17,3,2,0,1,1,1,1784074337
2026-07-15T00:13:16Z,287,11,0,11,1,0,1,1,1,1784071582
2026-07-15T00:13:16Z,288,9,4,9,1,0,1,1,1,1784074221
2026-07-15T00:13:16Z,289,1,1,25,1,0,1,1,1,1784074299
2026-07-15T00:13:16Z,290,38,0,0,1,0,1,1,1,1784073766
2026-07-15T00:13:16Z,291,10,0,12,1,0,1,1,1,1784074304
2026-07-15T00:13:16Z,292,19,2,4,0,0,1,1,1,1784074363
2026-07-15T00:13:16Z,293,17,5,3,3,0,1,1,1,1784073106
2026-07-15T00:13:16Z,294,6,4,14,2,0,1,1,1,1784074382
2026-07-15T00:13:16Z,297,18,0,0,1,0,1,1,1,1784073765
2026-07-15T00:13:16Z,301,16,0,3,0,0,1,1,1,1784073311
2026-07-15T00:13:16Z,302,3,0,19,1,0,1,1,1,1784074163
2026-07-15T00:13:16Z,303,18,0,0,1,0,1,1,1,1784072170
2026-07-15T00:13:16Z,304,0,0,0,0,0,0,1,1,86400
2026-07-15T00:13:16Z,305,10,0,9,0,0,1,1,1,1784072315
2026-07-15T00:13:16Z,306,24,4,8,0,0,1,1,1,1784074123
2026-07-15T00:13:16Z,307,18,0,3,2,0,1,1,1,1784074217
2026-07-15T00:13:16Z,308,6,0,13,0,0,1,1,1,1784074347
2026-07-15T00:13:16Z,309,7,7,7,0,0,1,1,1,1784073301
2026-07-15T00:13:16Z,311,13,1,2,0,0,1,1,1,1784074376
2026-07-15T00:13:16Z,312,3,3,15,4,1,1,1,1,1784074376
2026-07-15T00:13:16Z,313,9,1,6,0,0,1,1,1,1784074140
2026-07-15T00:13:16Z,314,2,1,16,1,0,1,1,1,1784072314
2026-07-15T00:13:16Z,315,1,1,28,2,0,1,1,1,1784074359
2026-07-15T00:13:16Z,316,26,2,5,0,0,1,1,1,1784074372
2026-07-15T00:13:16Z,317,0,0,28,3,0,1,1,1,1784074374
2026-07-15T00:13:16Z,318,15,2,2,0,0,1,1,1,1784074223
2026-07-15T00:13:16Z,319,19,16,7,1,0,1,1,1,1784074360
2026-07-15T00:13:16Z,320,13,1,6,0,0,1,1,1,1784072652
2026-07-15T00:13:16Z,321,2,1,15,2,0,1,1,1,1784069927
2026-07-15T00:13:16Z,322,5,0,24,0,0,1,1,1,1784074091
2026-07-15T00:13:16Z,323,9,1,9,1,0,1,1,1,1784073994
2026-07-15T00:13:16Z,324,10,4,17,0,0,1,1,1,1784074375
2026-07-15T00:13:16Z,325,6,1,19,2,0,1,1,1,1784074119
2026-07-15T00:13:16Z,327,9,1,15,1,2,1,1,1,1784074268
2026-07-15T00:13:16Z,328,6,1,15,1,1,1,1,1,1784074201
2026-07-15T00:13:16Z,329,18,0,0,1,0,1,1,1,1784072328
2026-07-15T00:13:16Z,330,5,1,16,1,0,1,1,1,1784074265
2026-07-15T00:13:16Z,331,19,1,3,1,0,1,1,1,1784073604
2026-07-15T00:13:16Z,332,5,0,13,1,0,1,1,1,1784073577
2026-07-15T00:13:16Z,333,17,7,4,2,0,1,1,1,1784074291
2026-07-15T00:13:16Z,334,5,1,18,0,0,1,1,1,1784074174
2026-07-15T00:13:16Z,335,5,2,17,1,0,1,1,1,1784073358
2026-07-15T00:13:16Z,336,3,1,15,1,0,1,1,1,1784073642
2026-07-15T00:13:16Z,337,11,1,10,2,0,1,1,1,1784074204
2026-07-15T00:13:16Z,338,10,7,9,0,0,1,1,1,1784074061
2026-07-15T00:13:16Z,339,1,0,21,1,0,1,1,1,1784074080
2026-07-15T00:13:16Z,340,6,5,8,1,0,1,1,1,1784073011
2026-07-15T00:13:16Z,341,8,3,11,0,0,1,1,1,1784074178
2026-07-15T00:13:16Z,342,11,0,4,0,0,1,1,1,1784073886
2026-07-15T00:13:16Z,343,2,1,21,0,0,1,1,1,1784074078
2026-07-15T00:13:16Z,344,8,0,14,1,0,1,1,1,1784074321
2026-07-15T00:13:16Z,345,11,1,8,0,0,1,1,1,1784074047
2026-07-15T00:13:16Z,346,4,0,19,0,0,1,1,1,1784073463
2026-07-15T00:13:16Z,347,10,10,34,3,0,1,1,1,1784074347
2026-07-15T00:13:16Z,348,5,1,17,1,0,1,1,1,1784074321
2026-07-15T00:13:16Z,349,3,0,14,2,0,1,1,1,1784074152
2026-07-15T00:13:16Z,350,24,2,0,2,1,1,1,1,1784071382
2026-07-15T00:13:16Z,351,18,1,3,2,0,1,1,1,1784074387
2026-07-15T00:13:16Z,355,17,0,6,0,0,1,1,1,1784074115
2026-07-15T00:13:16Z,356,3,0,16,0,0,1,1,1,1784074099
2026-07-15T00:13:16Z,357,12,1,7,0,0,1,1,1,1784073803
2026-07-15T00:13:16Z,358,14,2,13,0,0,1,1,1,1784073800
2026-07-15T00:13:16Z,359,26,5,0,1,0,1,1,1,1784072309
2026-07-15T00:13:16Z,360,8,1,11,0,0,1,1,1,1784073924
2026-07-15T00:13:16Z,362,6,4,12,0,0,1,1,1,1784071952
2026-07-15T00:13:16Z,363,19,0,8,0,0,1,1,1,1784074378
2026-07-15T00:13:16Z,364,13,3,2,3,1,1,1,1,1784074386
2026-07-15T00:13:16Z,365,11,1,10,2,0,1,1,1,1784073239
2026-07-15T00:13:16Z,366,8,6,13,1,1,1,1,1,1784074325
2026-07-15T00:13:16Z,367,10,1,7,2,0,1,1,1,1784072954
2026-07-15T00:13:16Z,368,5,2,17,1,0,1,1,1,1784074216
2026-07-15T00:13:16Z,370,6,5,17,4,0,1,1,1,1784074136
2026-07-15T00:13:16Z,371,3,3,12,4,0,1,1,1,1784073386
2026-07-15T00:13:16Z,372,11,5,4,0,0,1,1,1,1784074228
2026-07-15T00:13:16Z,373,9,5,16,1,0,1,1,1,1784074269
2026-07-15T00:13:16Z,374,10,5,7,1,0,1,1,1,1784074253
2026-07-15T00:13:16Z,375,25,4,2,0,0,1,1,1,1784073950
2026-07-15T00:13:16Z,376,35,9,1,3,0,1,1,1,1784074347
2026-07-15T00:13:16Z,377,8,2,18,1,0,1,1,1,1784074265
2026-07-15T00:13:16Z,378,12,4,11,1,0,1,1,1,1784072657
2026-07-15T00:13:16Z,379,26,4,0,1,0,1,1,1,1784074205
2026-07-15T00:13:16Z,380,11,1,12,0,0,1,1,1,1784074261
2026-07-15T00:13:16Z,381,22,0,1,0,0,1,1,1,1784074195
2026-07-15T00:13:16Z,383,14,1,1,0,0,1,1,1,1784073984
2026-07-15T00:13:16Z,384,10,0,7,2,0,1,1,1,1784072513
2026-07-15T00:13:16Z,385,6,3,11,1,0,1,1,1,1784074345
2026-07-15T00:13:16Z,387,4,1,18,1,0,1,1,1,1784073828
2026-07-15T00:13:16Z,388,15,1,34,0,0,1,1,1,1784074388
2026-07-15T00:13:16Z,389,6,5,9,0,0,1,1,1,1784072620
2026-07-15T00:13:16Z,390,18,0,5,0,0,1,1,1,1784073886
2026-07-15T00:13:16Z,391,6,5,8,1,0,1,1,1,1784072513
2026-07-15T00:13:16Z,392,1,1,17,1,0,1,1,1,1784073338
2026-07-15T00:13:16Z,393,4,4,4,3,0,1,1,1,1784072946
2026-07-15T00:13:16Z,394,1,0,11,2,1,1,1,1,1784074222
2026-07-15T00:13:16Z,396,0,0,39,3,0,1,1,1,1784072958
2026-07-15T00:13:16Z,397,0,0,31,0,0,1,1,1,1784074205
2026-07-15T00:13:16Z,399,14,1,3,0,0,1,1,1,1784074345
2026-07-15T00:13:16Z,400,12,0,7,4,0,1,1,1,1784072708
2026-07-15T00:13:16Z,401,6,2,25,8,0,1,1,1,1784073672
2026-07-15T00:13:16Z,403,13,9,15,3,0,1,1,1,1784074349
2026-07-15T00:13:16Z,404,1,1,22,0,0,1,1,1,1784074186
2026-07-15T00:13:16Z,406,32,3,2,1,0,1,1,1,1784074196
2026-07-15T00:13:16Z,407,9,2,23,2,0,1,1,1,1784073737
2026-07-15T00:13:16Z,408,4,2,27,2,0,1,1,1,1784074301
2026-07-15T00:13:16Z,409,10,2,8,5,0,1,1,1,1784074388
2026-07-15T00:13:16Z,413,6,1,16,1,0,1,1,1,1784072929
2026-07-15T00:13:16Z,414,13,1,2,0,0,1,1,1,1784073121
2026-07-15T00:13:16Z,417,6,4,13,0,0,1,1,1,1784073808
2026-07-15T00:13:16Z,418,2,1,10,3,0,1,1,1,1784073701
2026-07-15T00:13:16Z,419,18,2,3,2,0,1,1,1,1784070382
2026-07-15T00:13:16Z,421,16,0,1,2,0,1,1,1,1784073184
2026-07-15T00:13:16Z,422,2,1,24,1,0,1,1,1,1784074154
2026-07-15T00:13:16Z,423,5,2,18,0,0,1,1,1,1784074185
2026-07-15T00:13:16Z,424,1,1,12,2,0,1,1,1,1784074354
2026-07-15T00:13:16Z,425,4,0,16,2,0,1,1,1,1784074269
2026-07-15T00:13:16Z,426,20,0,16,1,0,1,1,1,1784074294
2026-07-15T00:13:16Z,427,13,0,0,1,1,1,1,1,1784068111
2026-07-15T00:13:16Z,428,14,2,5,0,0,1,1,1,1784074322
2026-07-15T00:13:16Z,429,4,1,17,2,0,1,1,1,1784074201
2026-07-15T00:13:16Z,430,23,3,7,1,0,1,1,1,1784074211
2026-07-15T00:13:16Z,431,19,2,9,3,2,1,1,1,1784072904
2026-07-15T00:13:16Z,432,14,1,17,0,0,1,1,1,1784074185
2026-07-15T00:13:16Z,433,20,0,2,1,0,1,1,1,1784072976
2026-07-15T00:13:16Z,437,3,3,15,1,0,1,1,1,1784074134
2026-07-15T00:13:16Z,438,3,1,14,2,0,1,1,1,1784074279
2026-07-15T00:13:16Z,439,7,2,8,0,0,1,1,1,1784073739
2026-07-15T00:13:16Z,440,5,0,8,2,0,1,1,1,1784074383
2026-07-15T00:13:16Z,441,8,4,7,0,0,1,1,1,1784074389
2026-07-15T00:13:16Z,442,16,8,3,0,0,1,1,1,1784073985
2026-07-15T00:13:16Z,443,5,2,22,0,0,1,1,1,1784059524
2026-07-15T00:13:16Z,444,1,0,21,1,0,1,1,1,1784069789
2026-07-15T00:13:16Z,445,6,5,15,1,1,1,1,1,1784074299
2026-07-15T00:13:16Z,446,0,0,23,0,0,1,1,1,1784073280
2026-07-15T00:13:16Z,447,12,4,8,2,1,1,1,1,1784070510
2026-07-15T00:13:16Z,448,5,1,7,2,1,1,1,1,1784070221
2026-07-15T00:13:16Z,452,9,4,9,1,0,1,1,1,1784072623
2026-07-15T00:13:16Z,453,4,1,10,1,0,1,1,1,1784074065
2026-07-15T00:13:16Z,454,17,1,0,1,1,1,1,1,1784074128
2026-07-15T00:13:16Z,455,2,1,37,0,0,1,1,1,1784072778
2026-07-15T00:13:16Z,456,8,2,11,1,0,1,1,1,1784074306
2026-07-15T00:13:16Z,457,0,0,25,2,0,1,1,1,1784074355
2026-07-15T00:13:16Z,458,14,1,7,2,0,1,1,1,1784074328
2026-07-15T00:13:16Z,459,8,0,7,0,0,1,1,1,1784074328
2026-07-15T00:13:16Z,460,15,0,8,0,0,1,1,1,1784074362
2026-07-15T00:13:16Z,461,0,0,18,1,0,1,1,1,1784073973
2026-07-15T00:13:16Z,462,10,2,11,0,0,1,1,1,1784074160
2026-07-15T00:13:16Z,463,16,1,3,0,0,1,1,1,1784073511
2026-07-15T00:13:16Z,464,7,1,6,1,0,1,1,1,1784074314
2026-07-15T00:13:16Z,465,4,0,11,0,0,1,1,1,1784072333
2026-07-15T00:13:16Z,466,6,1,5,4,0,1,1,1,1784074130
2026-07-15T00:13:16Z,467,2,0,13,0,0,1,1,1,1784074216
2026-07-15T00:13:16Z,468,13,2,6,0,0,1,1,1,1784072218
2026-07-15T00:13:16Z,469,0,0,22,1,0,1,1,1,1784073876
2026-07-15T00:13:16Z,470,10,0,4,1,0,1,1,1,1784072884
2026-07-15T00:13:16Z,471,1,1,23,3,0,1,1,1,1784073846
2026-07-15T00:13:16Z,472,9,4,8,2,0,1,1,1,1784074217
2026-07-15T00:13:16Z,473,14,3,5,0,0,1,1,1,1784073839
2026-07-15T00:13:16Z,474,4,3,14,1,0,1,1,1,1784074369
2026-07-15T00:13:16Z,475,5,2,10,3,1,1,1,1,1784074389
2026-07-15T00:13:16Z,476,19,3,0,4,0,1,1,1,1784074349
2026-07-15T00:13:16Z,477,3,1,10,2,0,1,1,1,1784073918
2026-07-15T00:13:16Z,478,24,0,3,4,0,1,1,1,1784074389
2026-07-15T00:13:16Z,479,13,1,14,0,0,1,1,1,1784074374
2026-07-15T00:13:16Z,480,11,6,2,2,0,1,1,1,1784073863
2026-07-15T00:13:16Z,481,16,2,19,0,0,1,1,1,1784074237
2026-07-15T00:13:16Z,482,7,5,11,1,0,1,1,1,1784073767
2026-07-15T00:13:16Z,483,6,0,20,1,0,1,1,1,1784074215
2026-07-15T00:13:16Z,484,1,0,15,3,0,1,1,1,1784073354
2026-07-15T00:13:16Z,485,7,2,10,2,0,1,1,1,1784074260
2026-07-15T00:13:16Z,486,11,1,16,0,0,1,1,1,1784073842
2026-07-15T00:13:16Z,487,4,1,13,2,0,1,1,1,1784074250
2026-07-15T00:13:16Z,489,6,6,8,1,0,1,1,1,1784073725
2026-07-15T00:13:16Z,490,10,2,4,2,0,1,1,1,1784074202
2026-07-15T00:13:16Z,491,18,2,1,2,0,1,1,1,1784074336
2026-07-15T00:13:16Z,492,7,3,1,3,0,1,1,1,1784074389
2026-07-15T00:13:16Z,493,1,0,26,0,0,1,1,1,1784074324
2026-07-15T00:13:16Z,495,1,0,0,9,5,1,1,1,1784074300
2026-07-15T00:13:16Z,496,21,2,6,0,0,1,1,1,1784074378
2026-07-15T00:13:16Z,497,3,1,16,0,0,1,1,1,1784074143
2026-07-15T00:13:16Z,498,9,3,13,1,0,1,1,1,1784073746
2026-07-15T00:13:16Z,499,17,2,1,1,0,1,1,1,1784073267
2026-07-15T00:13:16Z,500,2,0,12,1,0,1,1,1,1784074208
2026-07-15T00:13:16Z,501,11,3,8,2,0,1,1,1,1784074288
2026-07-15T00:13:16Z,502,1,1,18,0,0,1,1,1,1784071866
2026-07-15T00:13:16Z,503,11,1,19,1,0,1,1,1,1784074110
2026-07-15T00:13:16Z,504,2,0,37,0,0,1,1,1,1784074273
2026-07-15T00:13:16Z,505,3,3,8,1,0,1,1,1,1784073787
2026-07-15T00:13:16Z,511,8,3,12,3,0,1,1,1,1784074376
2026-07-15T00:13:16Z,512,19,0,8,0,0,1,1,1,1784074329
2026-07-15T00:13:16Z,514,4,2,3,4,0,1,1,1,1784072129
2026-07-15T00:13:16Z,515,8,1,10,1,0,1,1,1,1784072152
2026-07-15T00:13:16Z,516,2,0,25,0,0,1,1,1,1784074110
2026-07-15T00:13:16Z,517,9,2,14,0,0,1,1,1,1784072722
2026-07-15T00:13:16Z,518,10,3,4,1,0,1,1,1,1784073246
2026-07-15T00:13:16Z,519,10,2,9,0,0,1,1,1,1784074070
2026-07-15T00:13:16Z,520,8,0,17,1,1,1,1,1,1784073775
2026-07-15T00:13:16Z,521,5,2,17,1,0,1,1,1,1784072222
2026-07-15T00:13:16Z,522,16,0,6,1,0,1,1,1,1784074326
2026-07-15T00:13:16Z,523,5,1,17,1,0,1,1,1,1784074259
2026-07-15T00:13:16Z,524,15,0,8,0,0,1,1,1,1784074163
2026-07-15T00:13:16Z,525,13,0,6,0,0,1,1,1,1784073324
2026-07-15T00:13:16Z,526,12,1,1,2,0,1,1,1,1784074076
2026-07-15T00:13:16Z,527,0,0,25,1,0,1,1,1,1784073477
2026-07-15T00:13:16Z,528,9,0,14,0,0,1,1,1,1784074173
2026-07-15T00:13:16Z,529,6,2,9,4,0,1,1,1,1784074225
2026-07-15T00:13:16Z,530,19,1,0,2,0,1,1,1,1784074387
2026-07-15T00:13:16Z,531,6,1,14,2,1,1,1,1,1784074250
2026-07-15T00:13:16Z,532,0,0,30,1,0,1,1,1,1784072985
2026-07-15T00:13:16Z,533,6,0,11,2,0,1,1,1,1784074279
2026-07-15T00:13:16Z,534,9,9,13,1,0,1,1,1,1784073980
2026-07-15T00:13:16Z,535,1,1,14,0,0,1,1,1,1784073089
2026-07-15T00:13:16Z,536,6,0,17,0,0,1,1,1,1784074223
2026-07-15T00:13:16Z,537,4,1,17,0,0,1,1,1,1784072986
2026-07-15T00:13:16Z,538,14,2,2,3,0,1,1,1,1784073705
2026-07-15T00:13:16Z,539,2,1,29,0,0,1,1,1,1784074376
2026-07-15T00:13:16Z,540,3,0,16,0,0,1,1,1,1784074208
2026-07-15T00:13:16Z,541,12,7,12,3,0,1,1,1,1784074303
2026-07-15T00:13:16Z,542,1,1,22,0,0,1,1,1,1784074076
2026-07-15T00:13:16Z,543,7,0,10,2,0,1,1,1,1784074028
2026-07-15T00:13:16Z,544,12,2,8,2,0,1,1,1,1784074175
2026-07-15T00:13:16Z,545,17,5,0,2,0,1,1,1,1784074366
2026-07-15T00:13:16Z,546,0,0,19,0,0,1,1,1,1784073943
2026-07-15T00:13:16Z,547,14,1,12,0,0,1,1,1,1784074259
2026-07-15T00:13:16Z,548,18,0,5,0,0,1,1,1,1784073934
2026-07-15T00:13:16Z,549,7,4,14,0,0,1,1,1,1784073911
2026-07-15T00:13:16Z,550,5,3,14,0,0,1,1,1,1784073579
2026-07-15T00:13:16Z,551,7,3,16,0,0,1,1,1,1784073747
2026-07-15T00:13:16Z,552,20,3,7,0,0,1,1,1,1784074029
2026-07-15T00:13:16Z,553,12,2,9,1,1,1,1,1,1784074389
2026-07-15T00:13:16Z,554,1,0,17,1,0,1,1,1,1784074332
2026-07-15T00:13:16Z,555,14,5,0,1,0,1,1,1,1784069382
2026-07-15T00:13:16Z,556,9,2,14,0,0,1,1,1,1784073443
2026-07-15T00:13:16Z,557,14,2,9,0,0,1,1,1,1784074048
2026-07-15T00:13:16Z,558,15,0,16,6,0,1,1,1,1784074331
2026-07-15T00:13:16Z,559,0,0,18,1,0,1,1,1,1784074387
2026-07-15T00:13:16Z,560,21,0,5,1,0,1,1,1,1784074349
2026-07-15T00:13:16Z,561,20,1,2,1,0,1,1,1,1784072740
2026-07-15T00:13:16Z,562,6,0,27,2,0,1,1,1,1784072030
2026-07-15T00:13:16Z,563,14,0,0,0,0,1,1,1,1784071943
2026-07-15T00:13:16Z,564,14,1,3,2,0,1,1,1,1784074007
2026-07-15T00:13:16Z,565,2,0,17,0,0,1,1,1,1784074224
2026-07-15T00:13:16Z,566,17,1,1,1,0,1,1,1,1784073507
2026-07-15T00:13:16Z,567,27,0,0,0,0,1,1,1,1784072972
2026-07-15T00:13:16Z,568,17,1,1,1,0,1,1,1,1784073892
2026-07-15T00:13:16Z,569,12,1,7,0,0,1,1,1,1784074320
2026-07-15T00:13:16Z,570,18,0,0,1,0,1,1,1,1784073768
2026-07-15T00:13:16Z,571,10,0,13,0,0,1,1,1,1784074224
2026-07-15T00:13:16Z,572,19,0,0,0,0,1,1,1,1784072817
2026-07-15T00:13:16Z,573,3,0,12,0,0,1,1,1,1784072983
2026-07-15T00:13:16Z,574,3,2,12,0,0,1,1,1,1784071714
2026-07-15T00:13:16Z,575,10,0,11,0,0,1,1,1,1784074221
2026-07-15T00:13:16Z,576,0,0,19,0,0,1,1,1,1784073555
2026-07-15T00:13:16Z,577,8,1,23,0,0,1,1,1,1784072779
2026-07-15T00:13:16Z,578,8,4,14,1,0,1,1,1,1784074156
2026-07-15T00:13:16Z,579,39,3,4,0,0,1,1,1,1784074341
2026-07-15T00:13:16Z,580,8,0,22,1,0,1,1,1,1784074207
2026-07-15T00:13:16Z,581,12,0,5,2,0,1,1,1,1784074335
2026-07-15T00:13:16Z,582,5,0,52,4,0,1,1,1,1784074362
2026-07-15T00:13:16Z,583,17,0,5,1,0,1,1,1,1784074129
2026-07-15T00:13:16Z,584,0,0,14,5,0,1,1,1,1784072106
2026-07-15T00:13:16Z,585,12,4,14,0,0,1,1,1,1784073312
2026-07-15T00:13:16Z,586,5,1,28,2,0,1,1,1,1784074372
2026-07-15T00:13:16Z,587,23,0,0,2,0,1,1,1,1784074314
2026-07-15T00:13:16Z,588,4,2,15,0,0,1,1,1,1784073517
2026-07-15T00:13:16Z,589,5,2,17,1,0,1,1,1,1784073097
2026-07-15T00:13:16Z,590,6,2,25,0,0,1,1,1,1784073749
2026-07-15T00:13:16Z,591,20,4,1,1,0,1,1,1,1784074101
2026-07-15T00:13:16Z,592,10,0,13,0,0,1,1,1,1784074164
2026-07-15T00:13:16Z,593,3,0,36,0,0,1,1,1,1784073970
2026-07-15T00:13:16Z,594,12,0,8,1,0,1,1,1,1784073579
2026-07-15T00:13:16Z,595,0,0,3,0,0,0,1,1,1784046673
2026-07-15T00:13:16Z,605,0,0,2,1,0,0,1,1,1783975843
2026-07-15T00:13:16Z,606,0,0,0,0,0,0,1,1,86400
2026-07-15T00:13:16Z,607,29,3,2,2,0,1,1,1,1784074300
2026-07-15T00:13:16Z,608,1,0,53,0,0,1,1,1,1784073828
2026-07-15T00:13:16Z,609,19,16,4,0,0,1,1,1,1784074041
2026-07-15T00:13:16Z,610,0,0,34,1,0,1,1,1,1784071336
2026-07-15T00:13:16Z,611,23,0,4,0,0,1,1,1,1784074249
2026-07-15T00:13:16Z,612,9,1,6,0,0,1,1,1,1784072692
2026-07-15T00:13:16Z,613,12,2,2,1,0,1,1,1,1784065286
2026-07-15T00:13:16Z,614,0,0,25,1,1,1,1,1,1784074066
2026-07-15T00:13:16Z,617,5,1,8,2,0,1,1,1,1784072631
2026-07-15T00:13:16Z,618,7,4,8,4,0,1,1,1,1784074319
2026-07-15T00:13:16Z,619,10,5,9,0,0,1,1,1,1784073945
2026-07-15T00:13:16Z,620,0,0,22,1,0,1,1,1,1784073456
2026-07-15T00:13:16Z,621,12,2,11,0,0,1,1,1,1784074113
2026-07-15T00:13:16Z,622,5,1,17,1,0,1,1,1,1784074380
2026-07-15T00:13:16Z,623,1,0,26,2,1,1,1,1,1784071290
2026-07-15T00:13:16Z,624,1,1,12,1,1,1,1,1,1784071418
2026-07-15T00:13:16Z,625,3,1,0,12,6,1,1,1,1784074330
2026-07-15T00:13:16Z,626,40,0,4,0,2,1,1,1,1784072821
2026-07-15T00:13:16Z,627,15,6,1,1,0,1,1,1,1784071702
2026-07-15T00:13:16Z,628,6,1,9,3,1,1,1,1,1784074374
2026-07-15T00:13:16Z,629,6,1,4,1,0,1,1,1,1784070752
2026-07-15T00:13:16Z,630,7,1,17,3,0,1,1,1,1784074207
2026-07-15T00:13:16Z,631,0,0,22,1,0,1,1,1,1784072386
2026-07-15T00:13:16Z,632,7,0,15,1,0,1,1,1,1784074383
2026-07-15T00:13:16Z,633,10,0,3,1,1,1,1,1,1784065075
2026-07-15T00:13:16Z,634,13,0,5,1,0,1,1,1,1784072110
2026-07-15T00:13:16Z,635,6,1,11,2,0,1,1,1,1784074287
2026-07-15T00:13:16Z,636,5,1,10,0,0,1,1,1,1784071824
2026-07-15T00:13:16Z,637,7,2,10,2,0,1,1,1,1784072549
2026-07-15T00:13:16Z,638,9,0,8,2,0,1,1,1,1784073538
2026-07-15T00:13:16Z,639,0,0,0,3,12,0,1,1,1784026667
2026-07-15T00:13:16Z,640,0,0,21,2,0,1,1,1,1784072073
2026-07-15T00:13:16Z,641,24,1,3,0,0,1,1,1,1784074187
2026-07-15T00:13:16Z,642,3,2,12,4,0,1,1,1,1784071493
2026-07-15T00:13:16Z,643,2,0,23,3,0,1,1,1,1784074383
2026-07-15T00:13:16Z,644,4,1,1,9,1,1,1,1,1784074121
2026-07-15T00:13:16Z,645,14,1,7,1,1,1,1,1,1784073912
2026-07-15T00:13:16Z,646,12,2,4,3,0,1,1,1,1784073296
2026-07-15T00:13:16Z,647,17,3,14,0,0,1,1,1,1784074298
2026-07-15T00:13:16Z,648,17,1,0,2,0,1,1,1,1784073297
2026-07-15T00:13:16Z,649,14,4,17,0,0,1,1,1,1784073466
2026-07-15T00:13:16Z,650,3,1,11,2,0,1,1,1,1784073974
2026-07-15T00:13:16Z,651,5,5,16,2,0,1,1,1,1784074251
2026-07-15T00:13:16Z,652,0,0,21,2,0,1,1,1,1784074297
2026-07-15T00:13:16Z,653,0,0,14,5,0,1,1,1,1784074106
2026-07-15T00:13:16Z,654,1,0,14,0,0,1,1,1,1784074020
2026-07-15T00:13:16Z,655,2,0,8,1,3,1,1,1,1784074262
2026-07-15T00:13:16Z,656,15,1,4,0,0,1,1,1,1784074005
2026-07-15T00:13:16Z,657,3,2,11,1,2,1,1,1,1784074306
2026-07-15T00:13:16Z,658,18,2,4,1,0,1,1,1,1784074370
2026-07-15T00:13:16Z,659,3,3,10,2,0,1,1,1,1784073025
2026-07-15T00:13:16Z,660,3,3,28,0,0,1,1,1,1784074381
2026-07-15T00:13:16Z,661,6,3,13,0,0,1,1,1,1784074329
2026-07-15T00:13:16Z,662,3,1,17,3,0,1,1,1,1784074205
2026-07-15T00:13:16Z,663,9,3,5,0,0,1,1,1,1784074291
2026-07-15T00:13:16Z,664,14,0,13,0,0,1,1,1,1784074006
2026-07-15T00:13:16Z,665,3,3,12,0,0,1,1,1,1784074287
2026-07-15T00:13:16Z,666,11,4,4,0,0,1,1,1,1784073617
2026-07-15T00:13:16Z,667,9,1,4,4,0,1,1,1,1784074184
2026-07-15T00:13:16Z,668,7,2,10,2,0,1,1,1,1784074386
2026-07-15T00:13:16Z,669,6,2,6,2,0,1,1,1,1784073971
2026-07-15T00:13:16Z,670,19,1,8,0,0,1,1,1,1784073137
2026-07-15T00:13:16Z,671,21,0,6,0,0,1,1,1,1784073929
2026-07-15T00:13:16Z,672,7,0,12,4,0,1,1,1,1784073079
2026-07-15T00:13:16Z,673,20,1,2,1,0,1,1,1,1784073983
2026-07-15T00:13:16Z,674,1,1,19,3,0,1,1,1,1784074242
2026-07-15T00:13:16Z,675,3,2,10,1,1,1,1,1,1784074168
2026-07-15T00:13:16Z,676,5,1,17,1,0,1,1,1,1784073434
2026-07-15T00:13:16Z,681,5,0,6,4,0,1,1,1,1784074103
2026-07-15T00:13:16Z,682,14,4,0,5,0,1,1,1,1784049239
2026-07-15T00:13:16Z,683,15,3,4,0,0,1,1,1,1784074254
2026-07-15T00:13:16Z,684,9,0,18,0,0,1,1,1,1784067028
2026-07-15T00:13:16Z,685,5,1,20,1,1,1,1,1,1784073768
2026-07-15T00:13:16Z,686,10,2,15,2,0,1,1,1,1784074112
2026-07-15T00:13:16Z,687,5,2,24,1,1,1,1,1,1784074249
2026-07-15T00:13:16Z,688,2,0,16,1,0,1,1,1,1784073065
2026-07-15T00:13:16Z,692,0,0,20,1,0,1,1,1,1784074234
2026-07-15T00:13:16Z,693,4,0,4,3,0,1,1,1,1784073003
2026-07-15T00:13:16Z,694,7,4,14,0,0,1,1,1,1784072866
2026-07-15T00:13:16Z,695,5,2,17,1,0,1,1,1,1784073814
2026-07-15T00:13:16Z,696,21,12,2,0,0,1,1,1,1784074137
2026-07-15T00:13:16Z,697,17,0,4,2,0,1,1,1,1784074348
2026-07-15T00:13:16Z,698,9,1,18,0,0,1,1,1,1784074077
2026-07-15T00:13:16Z,699,3,0,11,1,0,1,1,1,1784073988
2026-07-15T00:13:16Z,700,16,0,3,0,0,1,1,1,1784073808
2026-07-15T00:13:16Z,701,9,0,9,1,0,1,1,1,1784074006
2026-07-15T00:13:16Z,702,0,0,22,1,0,1,1,1,1784074231
2026-07-15T00:13:16Z,703,19,4,3,1,0,1,1,1,1784074081
2026-07-15T00:13:16Z,704,12,2,3,0,0,1,1,1,1784073046
2026-07-15T00:13:16Z,705,14,6,1,0,0,1,1,1,1784074383
2026-07-15T00:13:16Z,706,15,8,0,0,0,1,1,1,1784074386
2026-07-15T00:13:16Z,707,10,5,4,1,0,1,1,1,1784073089
2026-07-15T00:13:16Z,708,18,1,1,0,0,1,1,1,1784074310
2026-07-15T00:13:16Z,709,6,0,7,2,0,1,1,1,1784073677
2026-07-15T00:13:16Z,710,7,2,12,0,0,1,1,1,1784074121
2026-07-15T00:13:16Z,711,14,4,1,4,0,1,1,1,1784073827
2026-07-15T00:13:16Z,712,2,2,13,0,0,1,1,1,1784073727
2026-07-15T00:13:16Z,713,3,0,19,1,0,1,1,1,1784074130
2026-07-15T00:13:16Z,716,0,0,15,0,0,1,1,1,1784073329
2026-07-15T00:13:16Z,717,11,9,11,3,0,1,1,1,1784073609
2026-07-15T00:13:16Z,718,0,0,14,1,0,1,1,1,1784074316
2026-07-15T00:13:16Z,719,2,0,27,0,0,1,1,1,1784074018
2026-07-15T00:13:16Z,720,3,1,16,0,0,1,1,1,1784074316
2026-07-15T00:13:16Z,721,5,0,18,0,0,1,1,1,1784073979
2026-07-15T00:13:16Z,722,5,0,10,0,0,1,1,1,1784073531
2026-07-15T00:13:16Z,723,5,2,17,1,0,1,1,1,1784072821
2026-07-15T00:13:16Z,724,9,0,14,0,0,1,1,1,1784073473
2026-07-15T00:13:16Z,725,12,1,10,1,0,1,1,1,1784073604
2026-07-15T00:13:16Z,726,19,2,0,0,0,1,1,1,1784073441
2026-07-15T00:13:16Z,727,6,0,15,2,0,1,1,1,1784074332
2026-07-15T00:13:16Z,728,12,1,2,1,0,1,1,1,1784074328
2026-07-15T00:13:16Z,729,18,1,0,1,0,1,1,1,1784074193
2026-07-15T00:13:16Z,730,10,1,5,0,0,1,1,1,1784074163
2026-07-15T00:13:16Z,731,1,1,13,1,0,1,1,1,1784073174
2026-07-15T00:13:16Z,732,8,2,7,0,0,1,1,1,1784074340
2026-07-15T00:13:16Z,733,26,1,1,0,0,1,1,1,1784074296
2026-07-15T00:13:16Z,734,4,0,10,0,0,1,1,1,1784073503
2026-07-15T00:13:16Z,735,1,1,26,0,0,1,1,1,1784073242
2026-07-15T00:13:16Z,736,8,4,11,0,0,1,1,1,1784073217
2026-07-15T00:13:16Z,737,4,1,11,0,0,1,1,1,1784073571
2026-07-15T00:13:16Z,738,6,3,11,2,0,1,1,1,1784073952
2026-07-15T00:13:16Z,739,11,3,14,2,0,1,1,1,1784073606
2026-07-15T00:13:16Z,741,2,1,21,0,0,1,1,1,1784074201
2026-07-15T00:13:16Z,742,30,2,9,0,0,1,1,1,1784074052
2026-07-15T00:13:16Z,743,0,0,19,0,0,1,1,1,1784073202
2026-07-15T00:13:16Z,744,5,0,9,1,0,1,1,1,1784073119
2026-07-15T00:13:16Z,745,13,2,4,2,0,1,1,1,1784073273
2026-07-15T00:13:16Z,746,19,0,4,0,0,1,1,1,1784073964
2026-07-15T00:13:16Z,747,0,0,19,0,0,0,1,1,1783446606
2026-07-15T00:13:16Z,748,13,2,7,0,0,1,1,1,1784073682
2026-07-15T00:13:16Z,749,7,2,15,1,0,1,1,1,1784074176
2026-07-15T00:13:16Z,750,1,0,8,2,0,1,1,1,1784074278
2026-07-15T00:13:16Z,751,2,1,21,0,0,1,1,1,1784074388
2026-07-15T00:13:16Z,752,14,1,3,0,0,1,1,1,1784074154
2026-07-15T00:13:16Z,753,14,0,1,0,0,1,1,1,1784074309
2026-07-15T00:13:16Z,754,13,3,2,0,0,1,1,1,1784073550
2026-07-15T00:13:16Z,755,5,4,11,2,0,1,1,1,1784073954
2026-07-15T00:13:16Z,756,0,0,37,1,0,1,1,1,1784074190
2026-07-15T00:13:16Z,757,3,1,16,0,0,1,1,1,1784073544
2026-07-15T00:13:16Z,758,6,4,17,0,0,1,1,1,1784074376
2026-07-15T00:13:16Z,759,4,1,11,0,0,1,1,1,1784072824
2026-07-15T00:13:16Z,760,17,5,1,1,0,1,1,1,1784068228
2026-07-15T00:13:16Z,761,5,1,18,0,0,1,1,1,1784074367
2026-07-15T00:13:16Z,762,4,4,6,5,0,1,1,1,1784073579
2026-07-15T00:13:16Z,768,18,6,0,1,0,1,1,1,1784072702
2026-07-15T00:13:16Z,769,8,4,11,0,0,1,1,1,1784074286
2026-07-15T00:13:16Z,770,6,3,13,0,0,1,1,1,1784074053
2026-07-15T00:13:16Z,771,10,1,5,0,0,1,1,1,1784074177
2026-07-15T00:13:16Z,772,4,3,11,0,0,1,1,1,1784072151
2026-07-15T00:13:16Z,773,8,4,11,0,0,1,1,1,1784073741
2026-07-15T00:13:16Z,774,7,1,6,2,0,1,1,1,1784072816
2026-07-15T00:13:16Z,775,4,0,12,3,0,1,1,1,1784070861
2026-07-15T00:13:16Z,776,2,0,18,1,0,1,1,1,1784072933
2026-07-15T00:13:16Z,777,8,3,0,7,0,1,1,1,1784074354
2026-07-15T00:13:16Z,778,16,3,1,2,0,1,1,1,1784073536
2026-07-15T00:13:16Z,779,13,1,5,1,0,1,1,1,1784073000
2026-07-15T00:13:16Z,780,14,2,4,1,0,1,1,1,1784074371
2026-07-15T00:13:16Z,781,5,2,6,0,0,1,1,1,1784072998
2026-07-15T00:13:16Z,782,10,5,8,1,0,1,1,1,1784074150
2026-07-15T00:13:16Z,783,6,1,13,0,0,1,1,1,1784072803
2026-07-15T00:13:16Z,784,18,0,1,0,0,1,1,1,1784068540
2026-07-15T00:13:16Z,785,8,1,6,4,0,1,1,1,1784067827
2026-07-15T00:13:16Z,786,8,2,9,2,0,1,1,1,1784073264
2026-07-15T00:13:16Z,787,12,2,2,1,0,1,1,1,1784074130
2026-07-15T00:13:16Z,788,5,3,10,0,0,1,1,1,1784074318
2026-07-15T00:13:16Z,789,10,1,5,0,0,1,1,1,1784073668
2026-07-15T00:13:16Z,790,3,1,20,0,0,1,1,1,1784074087
2026-07-15T00:13:16Z,791,12,1,6,1,0,1,1,1,1784073974
2026-07-15T00:13:16Z,793,3,2,10,2,0,1,1,1,1784073033
2026-07-15T00:13:16Z,794,6,2,22,1,0,1,1,1,1784072650
2026-07-15T00:13:16Z,796,1,1,15,3,0,1,1,1,1784073178
2026-07-15T00:13:16Z,797,2,1,13,0,0,1,1,1,1784074057
2026-07-15T00:13:16Z,798,12,1,10,3,0,1,1,1,1784074123
2026-07-15T00:13:16Z,799,6,2,9,4,0,1,1,1,1784073199
2026-07-15T00:13:16Z,800,13,0,8,0,0,1,1,1,1784074313
2026-07-15T00:13:16Z,801,0,0,20,1,0,1,1,1,1784073874
2026-07-15T00:13:16Z,802,2,1,29,0,0,1,1,1,1784074317
2026-07-15T00:13:16Z,803,11,1,4,0,0,1,1,1,1784074291
2026-07-15T00:13:16Z,806,1,1,13,1,0,1,1,1,1784074137
2026-07-15T00:13:16Z,807,0,0,24,1,0,1,1,1,1784074319
2026-07-15T00:13:16Z,808,0,0,24,1,0,1,1,1,1784072956
2026-07-15T00:13:16Z,809,9,4,13,1,0,1,1,1,1784073785
2026-07-15T00:13:16Z,810,10,9,6,3,0,1,1,1,1784073225
2026-07-15T00:13:16Z,815,11,0,3,1,0,1,1,1,1784074351
2026-07-15T00:13:16Z,817,2,0,4,9,0,1,1,1,1784073896
2026-07-15T00:13:16Z,818,8,2,15,0,0,1,1,1,1784073287
2026-07-15T00:13:16Z,819,4,1,7,4,0,1,1,1,1784074388
2026-07-15T00:13:16Z,820,8,1,7,2,0,1,1,1,1784072960
2026-07-15T00:13:16Z,821,11,6,3,1,0,1,1,1,1784073998
2026-07-15T00:13:16Z,822,6,0,15,2,0,1,1,1,1784074290
2026-07-15T00:13:16Z,823,5,0,10,0,0,1,1,1,1784074305
2026-07-15T00:13:16Z,824,16,2,2,1,0,1,1,1,1784074067
2026-07-15T00:13:16Z,825,9,1,5,1,0,1,1,1,1784073987
2026-07-15T00:13:16Z,826,4,0,11,3,1,1,1,1,1784074253
2026-07-15T00:13:16Z,827,19,7,2,0,0,1,1,1,1784074375
2026-07-15T00:13:16Z,828,5,1,12,1,0,1,1,1,1784074098
2026-07-15T00:13:16Z,829,1,0,26,0,0,1,1,1,1784072788
2026-07-15T00:13:16Z,830,15,1,8,0,0,1,1,1,1784074207
2026-07-15T00:13:16Z,831,4,1,11,0,0,1,1,1,1784074385
2026-07-15T00:13:16Z,832,4,0,14,0,0,1,1,1,1784072985
2026-07-15T00:13:16Z,833,17,4,0,2,0,1,1,1,1784073459
2026-07-15T00:13:16Z,834,18,0,5,1,0,1,1,1,1784074106
2026-07-15T00:13:16Z,835,7,3,11,0,0,1,1,1,1784073097
2026-07-15T00:13:16Z,837,5,3,4,6,0,1,1,1,1784073685
2026-07-15T00:13:16Z,838,5,3,3,7,0,1,1,1,1784074335
2026-07-15T00:13:16Z,839,5,1,23,1,0,1,1,1,1784074387
2026-07-15T00:13:16Z,840,0,0,28,1,0,1,1,1,1784073420
2026-07-15T00:13:16Z,841,11,7,4,0,0,1,1,1,1784073586
2026-07-15T00:13:16Z,842,18,2,4,0,0,1,1,1,1784073749
2026-07-15T00:13:16Z,843,19,4,10,2,0,1,1,1,1784072876
2026-07-15T00:13:16Z,844,6,0,16,1,0,1,1,1,1784073676
2026-07-15T00:13:16Z,845,5,0,14,0,0,1,1,1,1784073045
2026-07-15T00:13:16Z,846,8,0,9,1,0,1,1,1,1784073076
2026-07-15T00:13:16Z,847,5,4,22,0,0,1,1,1,1784073221
2026-07-15T00:13:16Z,848,7,0,12,0,0,1,1,1,1784073074
2026-07-15T00:13:16Z,849,2,1,11,2,0,1,1,1,1784073691
2026-07-15T00:13:16Z,850,9,3,1,1,0,1,1,1,1784074227
2026-07-15T00:13:16Z,851,14,13,22,1,0,1,1,1,1784074140
2026-07-15T00:13:16Z,852,6,1,12,1,0,1,1,1,1784073902
2026-07-15T00:13:16Z,853,11,2,11,1,0,1,1,1,1784072780
2026-07-15T00:13:16Z,854,7,3,8,0,0,1,1,1,1784072993
2026-07-15T00:13:16Z,855,13,0,14,0,0,1,1,1,1784072292
2026-07-15T00:13:16Z,857,1,0,13,5,0,1,1,1,1784073723
2026-07-15T00:13:16Z,858,8,5,9,2,0,1,1,1,1784073223
2026-07-15T00:13:16Z,859,5,2,15,1,0,1,1,1,1784074288
2026-07-15T00:13:16Z,861,3,1,7,1,0,1,1,1,1784065902
2026-07-15T00:13:16Z,862,0,0,15,0,0,1,1,1,1784073620
2026-07-15T00:13:16Z,863,13,4,4,2,0,1,1,1,1784074381
2026-07-15T00:13:16Z,866,9,0,10,0,0,1,1,1,1784073080
2026-07-15T00:13:16Z,867,11,3,4,0,0,1,1,1,1784073534
2026-07-15T00:13:16Z,868,4,2,10,1,0,1,1,1,1784074228
2026-07-15T00:13:16Z,870,8,3,6,1,0,1,1,1,1784074378
2026-07-15T00:13:16Z,871,1,1,9,1,0,1,1,1,1784073489
2026-07-15T00:13:16Z,872,7,3,8,0,0,1,1,1,1784074250
2026-07-15T00:13:16Z,873,2,0,30,1,0,1,1,1,1784073721
2026-07-15T00:13:16Z,874,14,0,0,1,0,1,1,1,1784073830
2026-07-15T00:13:16Z,875,8,4,6,1,0,1,1,1,1784074227
2026-07-15T00:13:16Z,877,6,5,12,1,0,1,1,1,1784073332
2026-07-15T00:13:16Z,878,7,6,12,0,0,1,1,1,1784073569
2026-07-15T00:13:16Z,879,11,2,8,0,0,1,1,1,1784073308
2026-07-15T00:13:16Z,880,5,0,18,0,0,1,1,1,1784073684
2026-07-15T00:13:16Z,881,15,3,4,0,0,1,1,1,1784073776
2026-07-15T00:13:16Z,882,11,5,8,0,0,1,1,1,1784072847
2026-07-15T00:13:16Z,883,10,5,9,0,0,1,1,1,1784074326
2026-07-15T00:13:16Z,884,8,4,12,1,0,1,1,1,1784074035
2026-07-15T00:13:16Z,885,4,0,15,0,0,1,1,1,1784072860
2026-07-15T00:13:16Z,886,1,1,27,1,0,1,1,1,1784073139
2026-07-15T00:13:16Z,887,3,1,11,3,0,1,1,1,1784073842
2026-07-15T00:13:16Z,888,38,1,2,1,0,1,1,1,1784074345
2026-07-15T00:13:16Z,889,15,0,2,2,0,1,1,1,1784074311
2026-07-15T00:13:16Z,890,7,1,8,0,0,1,1,1,1784072899
2026-07-15T00:13:16Z,891,8,0,15,0,0,1,1,1,1784074072
2026-07-15T00:13:16Z,892,10,0,5,0,0,1,1,1,1784070661
2026-07-15T00:13:16Z,895,12,3,6,1,0,1,1,1,1784071036
2026-07-15T00:13:16Z,896,15,0,20,0,0,1,1,1,1784074278
2026-07-15T00:13:16Z,897,10,0,9,2,0,1,1,1,1784073639
2026-07-15T00:13:16Z,898,5,1,13,1,0,1,1,1,1784073019
2026-07-15T00:13:16Z,899,17,2,2,0,0,1,1,1,1784074236
2026-07-15T00:13:16Z,900,23,2,2,2,0,1,1,1,1784074379
2026-07-15T00:13:16Z,901,18,4,0,1,0,1,1,1,1784072672
2026-07-15T00:13:16Z,902,4,0,11,0,0,1,1,1,1784074143
2026-07-15T00:13:16Z,903,12,0,7,0,0,1,1,1,1784072992
2026-07-15T00:13:16Z,904,9,2,9,1,0,1,1,1,1784073000
2026-07-15T00:13:16Z,905,14,0,11,2,0,1,1,1,1784074308
2026-07-15T00:13:16Z,906,3,0,23,1,0,1,1,1,1784073627
2026-07-15T00:13:16Z,907,22,1,6,3,0,1,1,1,1784074082
2026-07-15T00:13:16Z,908,14,2,9,0,0,1,1,1,1784073646
2026-07-15T00:13:16Z,909,3,3,19,1,0,1,1,1,1784073923
2026-07-15T00:13:16Z,910,21,1,8,2,0,1,1,1,1784074019
2026-07-15T00:13:16Z,911,9,0,9,1,0,1,1,1,1784074029
2026-07-15T00:13:16Z,912,11,3,8,4,0,1,1,1,1784074217
2026-07-15T00:13:16Z,913,4,3,15,0,0,1,1,1,1784074317
2026-07-15T00:13:16Z,914,7,1,10,2,0,1,1,1,1784074268
2026-07-15T00:13:16Z,915,16,1,5,2,0,1,1,1,1784074024
2026-07-15T00:13:16Z,916,17,1,6,0,0,1,1,1,1784074009
2026-07-15T00:13:16Z,917,5,0,28,2,0,1,1,1,1784074059
2026-07-15T00:13:16Z,918,16,0,1,2,0,1,1,1,1784073752
2026-07-15T00:13:16Z,919,14,0,24,1,0,1,1,1,1784074352
2026-07-15T00:13:16Z,920,5,5,13,1,0,1,1,1,1784074364
2026-07-15T00:13:16Z,921,13,2,5,3,0,1,1,1,1784073705
2026-07-15T00:13:16Z,922,9,0,12,0,0,1,1,1,1784074319
2026-07-15T00:13:16Z,923,0,0,18,1,0,1,1,1,1784073763
2026-07-15T00:13:16Z,924,15,5,6,0,0,1,1,1,1784073307
2026-07-15T00:13:16Z,925,7,0,14,0,0,1,1,1,1784073667
2026-07-15T00:13:16Z,926,6,0,15,0,0,1,1,1,1784074261
2026-07-15T00:13:16Z,927,1,0,34,0,0,1,1,1,1784074106
2026-07-15T00:13:16Z,928,5,0,14,0,0,1,1,1,1784073960
2026-07-15T00:13:16Z,929,0,0,23,0,0,1,1,1,1784074020
2026-07-15T00:13:16Z,930,8,0,21,2,0,1,1,1,1784073936
2026-07-15T00:13:16Z,931,0,0,22,1,0,1,1,1,1784074078
2026-07-15T00:13:16Z,932,18,0,1,0,0,1,1,1,1784074018
2026-07-15T00:13:16Z,933,22,2,1,0,0,1,1,1,1784074376
2026-07-15T00:13:16Z,934,13,0,18,0,0,1,1,1,1784074387
2026-07-15T00:13:16Z,935,9,0,9,1,0,1,1,1,1784074375
2026-07-15T00:13:16Z,936,3,0,16,0,0,1,1,1,1784074025
2026-07-15T00:13:16Z,940,11,3,0,0,0,1,1,1,1784069524
2026-07-15T00:13:16Z,941,19,0,4,2,0,1,1,1,1784074211
2026-07-15T00:13:16Z,942,14,2,6,1,0,1,1,1,1784074358
2026-07-15T00:13:16Z,943,4,3,10,1,0,1,1,1,1784073648
2026-07-15T00:13:16Z,944,8,7,6,1,0,1,1,1,1784074345
2026-07-15T00:13:16Z,945,4,3,11,0,0,1,1,1,1784074196
2026-07-15T00:13:16Z,946,11,8,8,0,0,1,1,1,1784072632
2026-07-15T00:13:16Z,947,8,5,9,0,0,1,1,1,1784074043
2026-07-15T00:13:16Z,948,0,0,30,1,0,1,1,1,1784074372
2026-07-15T00:13:16Z,949,2,0,12,1,0,1,1,1,1784074289
2026-07-15T00:13:16Z,950,7,0,9,1,0,1,1,1,1784074059
2026-07-15T00:13:16Z,951,4,3,18,1,0,1,1,1,1784074032
2026-07-15T00:13:16Z,952,28,2,25,2,0,1,1,1,1784074209
2026-07-15T00:13:16Z,953,9,2,6,0,0,1,1,1,1784073071
2026-07-15T00:13:16Z,954,16,5,2,1,0,1,1,1,1784073403
2026-07-15T00:13:16Z,955,0,0,25,2,0,1,1,1,1784073908
2026-07-15T00:13:16Z,956,17,0,2,0,0,1,1,1,1784074313
2026-07-15T00:13:16Z,957,8,2,20,1,0,1,1,1,1784074332
2026-07-15T00:13:16Z,958,18,0,12,1,0,1,1,1,1784074377
2026-07-15T00:13:16Z,959,8,7,13,2,0,1,1,1,1784073810
2026-07-15T00:13:16Z,960,22,1,0,1,0,1,1,1,1784073934
2026-07-15T00:13:16Z,961,0,0,18,5,0,1,1,1,1784073394
2026-07-15T00:13:16Z,962,5,2,25,5,0,1,1,1,1784073751
2026-07-15T00:13:16Z,963,13,0,10,0,0,1,1,1,1784073808
2026-07-15T00:13:16Z,964,20,4,0,3,0,1,1,1,1784074125
2026-07-15T00:13:16Z,965,2,1,23,2,0,1,1,1,1784073922
2026-07-15T00:13:16Z,966,6,4,23,2,0,1,1,1,1784073887
2026-07-15T00:13:16Z,967,15,6,3,3,0,1,1,1,1784073256
2026-07-15T00:13:16Z,968,19,0,0,0,0,1,1,1,1784073159
2026-07-15T00:13:16Z,969,7,6,19,1,0,1,1,1,1784074127
2026-07-15T00:13:16Z,970,13,3,4,2,0,1,1,1,1784074222
2026-07-15T00:13:16Z,971,23,0,0,0,0,1,1,1,1784073715
2026-07-15T00:13:16Z,972,5,5,17,1,0,1,1,1,1784073830
2026-07-15T00:13:16Z,973,5,0,17,1,0,1,1,1,1784073526
2026-07-15T00:13:16Z,974,16,0,9,2,0,1,1,1,1784074385
2026-07-15T00:13:16Z,977,6,3,13,2,0,1,1,1,1784072918
2026-07-15T00:13:16Z,978,15,1,8,0,0,1,1,1,1784073665
2026-07-15T00:13:16Z,979,0,0,17,0,0,1,1,1,1784073832
2026-07-15T00:13:16Z,980,1,0,17,3,0,1,1,1,1784074331
2026-07-15T00:13:16Z,981,17,0,3,1,0,1,1,1,1784074180
2026-07-15T00:13:16Z,982,10,0,8,1,0,1,1,1,1784073035
2026-07-15T00:13:16Z,983,8,1,14,1,0,1,1,1,1784073783
2026-07-15T00:13:16Z,984,12,2,9,2,0,1,1,1,1784072984
2026-07-15T00:13:16Z,985,12,0,18,1,0,1,1,1,1784074373
2026-07-15T00:13:16Z,986,3,0,16,0,0,1,1,1,1784073130
2026-07-15T00:13:16Z,987,7,1,16,0,0,1,1,1,1784074304
2026-07-15T00:13:16Z,988,17,7,2,0,0,1,1,1,1784073457
2026-07-15T00:13:16Z,989,13,10,6,0,0,1,1,1,1784073404
2026-07-15T00:13:16Z,990,12,2,3,0,0,1,1,1,1784074323
2026-07-15T00:13:16Z,991,10,2,6,3,0,1,1,1,1784073353
2026-07-15T00:13:16Z,992,9,2,14,0,0,1,1,1,1784073710
2026-07-15T00:13:16Z,993,0,0,27,0,0,1,1,1,1784072863
2026-07-15T00:13:16Z,994,1,0,17,3,0,1,1,1,1784072622
2026-07-15T00:13:16Z,995,14,1,13,0,0,1,1,1,1784074324
2026-07-15T00:13:16Z,996,12,5,11,0,0,1,1,1,1784074057
2026-07-15T00:13:16Z,997,10,4,13,0,0,1,1,1,1784074062
2026-07-15T00:13:16Z,998,6,0,17,0,0,1,1,1,1784073643
2026-07-15T00:13:16Z,999,13,4,6,1,1,1,1,1,1784073539
2026-07-15T00:13:16Z,1000,6,0,15,0,0,1,1,1,1784073284
2026-07-15T00:13:16Z,1001,2,0,24,1,0,1,1,1,1784074263
2026-07-15T00:13:16Z,1002,8,0,23,0,0,1,1,1,1784073072
2026-07-15T00:13:16Z,1003,1,0,22,0,0,1,1,1,1784073567
2026-07-15T00:13:16Z,1004,3,2,20,0,0,1,1,1,1784072756
2026-07-15T00:13:16Z,1005,3,1,19,1,0,1,1,1,1784073625
2026-07-15T00:13:16Z,1006,11,1,7,1,0,1,1,1,1784073169
2026-07-15T00:13:16Z,1007,4,1,17,0,0,1,1,1,1784073381
2026-07-15T00:13:16Z,1008,12,6,11,0,0,1,1,1,1784073913
2026-07-15T00:13:16Z,1009,13,1,17,1,0,1,1,1,1784073105
2026-07-15T00:13:16Z,1010,14,13,12,1,0,1,1,1,1784072884
2026-07-15T00:13:16Z,1011,7,1,10,2,0,1,1,1,1784074219
2026-07-15T00:13:16Z,1012,6,3,16,1,0,1,1,1,1784074343
2026-07-15T00:13:16Z,1013,6,3,16,1,0,1,1,1,1784073789
2026-07-15T00:13:16Z,1014,9,4,14,0,0,1,1,1,1784073721
2026-07-15T00:13:16Z,1015,13,4,18,0,0,1,1,1,1784073107
2026-07-15T00:13:16Z,1016,15,8,14,2,0,1,1,1,1784073330
2026-07-15T00:13:16Z,1017,11,1,10,0,0,1,1,1,1784073334
2026-07-15T00:13:16Z,1018,3,2,16,2,0,1,1,1,1784073977
2026-07-15T00:13:16Z,1019,8,0,6,1,0,1,1,1,1784074178
2026-07-15T00:13:16Z,1020,15,1,6,0,0,1,1,1,1784074021
2026-07-15T00:13:16Z,1021,11,5,3,1,0,1,1,1,1784072617
2026-07-15T00:13:16Z,1022,12,1,15,0,0,1,1,1,1784074221
2026-07-15T00:13:16Z,1023,15,0,8,0,0,1,1,1,1784073066
2026-07-15T00:13:16Z,1024,16,0,2,1,0,1,1,1,1784072922
2026-07-15T00:13:16Z,1025,11,2,8,0,0,1,1,1,1784073016
2026-07-15T00:13:16Z,1026,3,1,27,1,0,1,1,1,1784073996
2026-07-15T00:13:16Z,1028,13,4,10,0,0,1,1,1,1784073835
2026-07-15T00:13:16Z,1029,11,7,4,0,0,1,1,1,1784073878
2026-07-15T00:13:16Z,1030,18,9,4,1,0,1,1,1,1784073988
2026-07-15T00:13:16Z,1031,3,1,16,0,0,1,1,1,1784073045
2026-07-15T00:13:16Z,1032,11,4,8,0,0,1,1,1,1784073086
2026-07-15T00:13:16Z,1033,13,6,6,0,0,1,1,1,1784073193
2026-07-15T00:13:16Z,1034,10,1,5,0,0,1,1,1,1784074213
2026-07-15T00:13:16Z,1035,4,2,14,1,0,1,1,1,1784073634
2026-07-15T00:13:16Z,1036,6,4,9,0,0,1,1,1,1784074152
2026-07-15T00:13:16Z,1037,5,1,14,0,0,1,1,1,1784073052
2026-07-15T00:13:16Z,1038,0,0,15,0,0,1,1,1,1784074137
2026-07-15T00:13:16Z,1039,9,4,10,0,0,1,1,1,1784073825
2026-07-15T00:13:16Z,1040,3,0,16,0,0,1,1,1,1784073111
2026-07-15T00:13:16Z,1041,5,1,14,0,0,1,1,1,1784074384
2026-07-15T00:13:16Z,1042,4,0,10,1,0,1,1,1,1784074174
2026-07-15T00:13:16Z,1043,2,1,17,0,0,1,1,1,1784073090
2026-07-15T00:13:16Z,1044,2,1,11,2,0,1,1,1,1784074123
2026-07-15T00:13:16Z,1045,2,1,17,0,0,1,1,1,1784073008
2026-07-15T00:13:16Z,1046,2,0,9,4,0,1,1,1,1784074205
2026-07-15T00:13:16Z,1047,5,0,16,0,0,1,1,1,1784073223
2026-07-15T00:13:16Z,1048,14,0,5,0,0,1,1,1,1784072951
2026-07-15T00:13:16Z,1049,6,0,15,0,0,1,1,1,1784073532
2026-07-15T00:13:16Z,1050,16,3,5,0,0,1,1,1,1784073043
2026-07-15T00:13:16Z,1051,16,0,5,0,0,1,1,1,1784073375
2026-07-15T00:13:16Z,1052,10,1,12,0,0,1,1,1,1784073532
2026-07-15T00:13:16Z,1053,2,0,13,0,0,1,1,1,1784074086
2026-07-15T00:13:16Z,1054,9,0,6,0,0,1,1,1,1784074242
2026-07-15T00:13:16Z,1055,10,4,9,0,0,1,1,1,1784073052
2026-07-15T00:13:16Z,1057,10,0,7,2,0,1,1,1,1784074175
2026-07-15T00:13:16Z,1058,29,1,27,0,0,1,1,1,1784073402
2026-07-15T00:13:16Z,1059,15,2,4,0,0,1,1,1,1784074236
2026-07-15T00:13:16Z,1060,24,2,13,0,0,1,1,1,1784074360
2026-07-15T00:13:16Z,1061,7,0,30,0,0,1,1,1,1784074147
2026-07-15T00:13:16Z,1062,6,0,11,0,0,1,1,1,1784073795
2026-07-15T00:13:16Z,1063,10,0,7,2,0,1,1,1,1784073035
2026-07-15T00:13:16Z,1064,4,1,18,1,0,1,1,1,1784073680
2026-07-15T00:13:16Z,1065,16,5,7,0,0,1,1,1,1784073784
2026-07-15T00:13:16Z,1066,16,5,6,1,0,1,1,1,1784073840
2026-07-15T00:13:16Z,1067,8,0,15,0,0,1,1,1,1784073626
2026-07-15T00:13:16Z,1068,14,3,8,1,0,1,1,1,1784073288
2026-07-15T00:13:16Z,1069,5,0,17,1,0,1,1,1,1784073632
2026-07-15T00:13:16Z,1070,6,3,16,1,0,1,1,1,1784073736
2026-07-15T00:13:16Z,1071,4,2,19,0,0,1,1,1,1784073631
2026-07-15T00:13:16Z,1072,11,2,9,3,0,1,1,1,1784073830
2026-07-15T00:13:16Z,1073,8,1,19,0,0,1,1,1,1784072985
2026-07-15T00:13:16Z,1074,43,0,6,3,0,1,1,1,1784074203
2026-07-15T00:13:16Z,1075,8,6,12,1,0,1,1,1,1784073631
2026-07-15T00:13:16Z,1076,16,12,5,0,0,1,1,1,1784073646
2026-07-15T00:13:16Z,1077,8,6,13,0,0,1,1,1,1784073567
2026-07-15T00:13:16Z,1078,11,7,10,0,0,1,1,1,1784073191
2026-07-15T00:13:16Z,1079,9,8,12,0,0,1,1,1,1784074009
2026-07-15T00:13:16Z,1080,12,10,9,0,0,1,1,1,1784073791
2026-07-15T00:13:16Z,1081,10,8,9,0,0,1,1,1,1784072772
2026-07-15T00:13:16Z,1082,12,10,11,0,0,1,1,1,1784073490
2026-07-15T00:13:16Z,1083,11,9,10,0,0,1,1,1,1784073629
2026-07-15T00:13:16Z,1084,9,6,12,0,0,1,1,1,1784073792
2026-07-15T00:13:16Z,1085,13,12,8,0,0,1,1,1,1784072817
2026-07-15T00:13:16Z,1086,9,6,12,0,0,1,1,1,1784073696
2026-07-15T00:13:16Z,1087,8,6,7,0,0,1,1,1,1784072658
2026-07-15T00:13:16Z,1088,12,9,3,0,0,1,1,1,1784072910
2026-07-15T00:13:16Z,1089,8,5,7,0,0,1,1,1,1784072655
2026-07-15T00:13:16Z,1090,12,10,3,0,0,1,1,1,1784072669
2026-07-15T00:13:16Z,1091,8,6,7,0,0,1,1,1,1784073390
2026-07-15T00:13:16Z,1092,10,8,5,0,0,1,1,1,1784072732
2026-07-15T00:13:16Z,1093,8,7,7,0,0,1,1,1,1784072655
2026-07-15T00:13:16Z,1094,12,10,7,0,0,1,1,1,1784073012
2026-07-15T00:13:16Z,1095,10,9,5,0,0,1,1,1,1784073770
2026-07-15T00:13:16Z,1096,9,6,10,0,0,1,1,1,1784073251
2026-07-15T00:13:16Z,1097,6,6,9,0,0,1,1,1,1784072694
2026-07-15T00:13:16Z,1098,10,8,9,0,0,1,1,1,1784073252
2026-07-15T00:13:16Z,1099,9,9,6,0,0,1,1,1,1784072638
2026-07-15T00:13:16Z,1100,13,7,15,1,0,1,1,1,1784073092
2026-07-15T00:13:16Z,1101,11,6,10,0,0,1,1,1,1784073569
2026-07-15T00:13:16Z,1102,9,5,4,0,0,1,1,1,1784073905
2026-07-15T00:13:16Z,1103,9,5,11,1,0,1,1,1,1784064455
2026-07-15T00:13:16Z,1104,9,4,12,0,0,1,1,1,1784073467
2026-07-15T00:13:16Z,1105,8,4,5,0,0,1,1,1,1784073863
2026-07-15T00:13:16Z,1106,10,5,10,1,0,1,1,1,1784073551
2026-07-15T00:13:16Z,1107,10,5,5,0,0,1,1,1,1784074251
2026-07-15T00:13:16Z,1108,9,4,15,3,0,1,1,1,1784074294
2026-07-15T00:13:16Z,1109,8,4,7,0,0,1,1,1,1784074263
2026-07-15T00:13:16Z,1110,12,4,9,0,0,1,1,1,1784073398
2026-07-15T00:13:16Z,1111,6,0,15,0,0,1,1,1,1784073407
2026-07-15T00:13:16Z,1112,49,0,4,0,0,1,1,1,1784074155
2026-07-15T00:13:16Z,1113,5,0,16,0,0,1,1,1,1784072745
2026-07-15T00:13:16Z,1115,4,2,19,0,0,1,1,1,1784073702
2026-07-15T00:13:16Z,1116,7,2,12,0,0,1,1,1,1784073023
2026-07-15T00:13:16Z,1117,9,4,14,0,0,1,1,1,1784073625
2026-07-15T00:13:16Z,1118,18,0,2,1,0,1,1,1,1784073776
2026-07-15T00:13:16Z,1119,5,2,12,0,0,1,1,1,1784072704
2026-07-15T00:13:16Z,1120,17,0,1,1,0,1,1,1,1784074079
2026-07-15T00:13:16Z,1121,9,0,11,1,0,1,1,1,1784074007
2026-07-15T00:13:16Z,1122,6,0,15,0,0,1,1,1,1784074314
2026-07-15T00:13:16Z,1123,11,4,11,1,0,1,1,1,1784072675
2026-07-15T00:13:16Z,1124,8,0,6,1,0,1,1,1,1784073763
2026-07-15T00:13:16Z,1125,8,2,13,2,0,1,1,1,1784073813
2026-07-15T00:13:16Z,1126,1,0,20,0,0,1,1,1,1784073403
2026-07-15T00:13:16Z,1127,11,3,8,0,0,1,1,1,1784073167
2026-07-15T00:13:16Z,1128,11,3,4,0,0,1,1,1,1784074210
2026-07-15T00:13:16Z,1129,10,1,11,0,0,1,1,1,1784073132
2026-07-15T00:13:16Z,1130,13,0,2,0,0,1,1,1,1784074151
2026-07-15T00:13:16Z,1131,37,0,11,1,0,1,1,1,1784074350
2026-07-15T00:13:16Z,1132,19,0,1,1,0,1,1,1,1784073380
2026-07-15T00:13:16Z,1133,8,7,12,1,0,1,1,1,1784073457
2026-07-15T00:13:16Z,1134,10,4,9,0,0,1,1,1,1784073205
2026-07-15T00:13:16Z,1135,9,4,12,0,0,1,1,1,1784073468
2026-07-15T00:13:16Z,1136,17,0,6,0,0,1,1,1,1784073634
2026-07-15T00:13:16Z,1137,10,1,5,0,0,1,1,1,1784074203
2026-07-15T00:13:16Z,1138,19,1,0,0,0,1,1,1,1784073127
2026-07-15T00:13:16Z,1139,13,0,8,0,0,1,1,1,1784072811
2026-07-15T00:13:16Z,1140,17,2,5,1,0,1,1,1,1784072843
2026-07-15T00:13:16Z,1141,1,0,20,0,0,1,1,1,1784074319
2026-07-15T00:13:16Z,1142,3,0,18,0,0,1,1,1,1784073221
2026-07-15T00:13:16Z,1143,11,1,18,0,0,1,1,1,1784074008
2026-07-15T00:13:16Z,1144,4,1,16,1,0,1,1,1,1784073319
2026-07-15T00:13:16Z,1145,9,4,11,1,0,1,1,1,1784074284
2026-07-15T00:13:16Z,1146,13,1,5,1,0,1,1,1,1784074365
2026-07-15T00:13:16Z,1147,13,1,4,2,0,1,1,1,1784073905
2026-07-15T00:13:16Z,1148,24,0,6,1,0,1,1,1,1784074388
2026-07-15T00:13:16Z,1149,11,9,13,1,0,1,1,1,1784074237
2026-07-15T00:13:16Z,1150,12,1,7,0,0,1,1,1,1784074205
2026-07-15T00:13:16Z,1151,8,0,13,0,0,1,1,1,1784074087
2026-07-15T00:13:16Z,1152,7,1,19,3,0,1,1,1,1784074212
2026-07-15T00:13:16Z,1153,22,5,0,1,0,1,1,1,1784073131
2026-07-15T00:13:16Z,1154,5,0,13,1,0,1,1,1,1784074227
2026-07-15T00:13:16Z,1155,6,0,13,2,0,1,1,1,1784073553
2026-07-15T00:13:16Z,1158,3,0,15,1,0,1,1,1,1784073018
2026-07-15T00:13:16Z,1159,6,2,13,0,0,1,1,1,1784073148
2026-07-15T00:13:16Z,1160,7,1,12,0,0,1,1,1,1784073897
2026-07-15T00:13:16Z,1161,10,3,9,0,0,1,1,1,1784073029
2026-07-15T00:13:16Z,1162,12,2,7,0,0,1,1,1,1784073391
2026-07-15T00:13:16Z,1163,0,0,18,1,0,1,1,1,1784073033
2026-07-15T00:13:16Z,1164,7,1,10,2,0,1,1,1,1784072965
2026-07-15T00:13:16Z,1165,3,0,18,0,0,1,1,1,1784073242
2026-07-15T00:13:16Z,1166,9,0,11,0,0,1,1,1,1784073610
2026-07-15T00:13:16Z,1167,4,2,11,0,0,1,1,1,1784074155
2026-07-15T00:13:16Z,1168,11,6,12,0,0,1,1,1,1784074330
2026-07-15T00:13:16Z,1169,2,0,16,1,0,1,1,1,1784072940
2026-07-15T00:13:16Z,1170,5,0,16,0,0,1,1,1,1784073423
2026-07-15T00:13:16Z,1171,12,11,9,2,0,1,1,1,1784074195
2026-07-15T00:13:16Z,1172,4,2,9,2,0,1,1,1,1784074327
2026-07-15T00:13:16Z,1173,1,1,16,2,0,1,1,1,1784073005
2026-07-15T00:13:16Z,1174,2,1,13,0,0,1,1,1,1784074148
2026-07-15T00:13:16Z,1175,10,1,9,0,0,1,1,1,1784072893
2026-07-15T00:13:16Z,1176,11,1,9,1,0,1,1,1,1784073429
2026-07-15T00:13:16Z,1177,8,1,13,0,0,1,1,1,1784073404
2026-07-15T00:13:16Z,1178,7,4,8,0,0,1,1,1,1784073569
2026-07-15T00:13:16Z,1181,14,2,0,1,0,1,1,1,1784073606
2026-07-15T00:13:16Z,1182,0,0,19,1,0,1,1,1,1784073087
2026-07-15T00:13:16Z,1183,17,0,19,1,0,1,1,1,1784072263
2026-07-15T00:13:16Z,1184,5,3,14,2,0,1,1,1,1784074312
2026-07-15T00:13:16Z,1185,9,4,12,0,0,1,1,1,1784072637
2026-07-15T00:13:16Z,1186,11,5,8,0,0,1,1,1,1784073072
2026-07-15T00:13:16Z,1188,10,5,5,0,0,1,1,1,1784074290
2026-07-15T00:13:16Z,1189,9,4,9,1,0,1,1,1,1784072942
2026-07-15T00:13:16Z,1190,9,4,11,1,0,1,1,1,1784073450
2026-07-15T00:13:16Z,1191,10,4,5,0,0,1,1,1,1784074292
2026-07-15T00:13:16Z,1192,10,5,11,0,0,1,1,1,1784073718
2026-07-15T00:13:16Z,1193,8,4,3,2,0,1,1,1,1784074293
2026-07-15T00:13:16Z,1197,4,2,11,2,0,1,1,1,1784073540
2026-07-15T00:13:16Z,1198,12,5,8,1,0,1,1,1,1784073977
2026-07-15T00:13:16Z,1199,12,7,7,0,0,1,1,1,1784073186
2026-07-15T00:13:16Z,1200,10,5,5,0,0,1,1,1,1784074353
2026-07-15T00:13:16Z,1201,11,5,4,0,0,1,1,1,1784074331
2026-07-15T00:13:16Z,1202,9,5,6,0,0,1,1,1,1784074368
2026-07-15T00:13:16Z,1203,8,4,7,0,0,1,1,1,1784074329
2026-07-15T00:13:16Z,1216,12,4,8,1,0,1,1,1,1784073188
2026-07-15T00:13:16Z,1219,5,2,8,2,0,1,1,1,1784074387
2026-07-15T00:13:16Z,1220,8,5,11,0,0,1,1,1,1784073153
2026-07-15T00:13:16Z,1221,4,4,16,1,0,1,1,1,1784073076
2026-07-15T00:13:16Z,1222,19,0,9,1,0,1,1,1,1784074381
2026-07-15T00:13:16Z,1223,3,1,24,2,0,1,1,1,1784072753
2026-07-15T00:13:16Z,1226,0,0,3,0,0,0,1,1,1781868931
2026-07-15T00:13:16Z,1227,0,0,3,0,0,0,1,1,1784040447
2026-07-15T00:13:16Z,1228,0,0,0,0,0,0,1,1,86400
2026-07-15T00:18:16Z,1,11,0,12,0,0,1,1,1,1784074089
2026-07-15T00:18:16Z,2,17,4,8,2,0,1,1,1,1784074636
2026-07-15T00:18:16Z,3,11,2,3,1,0,1,1,1,1784074487
2026-07-15T00:18:16Z,4,11,0,12,0,0,1,1,1,1784074270
2026-07-15T00:18:16Z,5,0,0,0,20,1,1,1,1,1784074629
2026-07-15T00:18:16Z,6,10,0,5,0,0,1,1,1,1784070673
2026-07-15T00:18:16Z,7,19,0,3,1,0,1,1,1,1784074682
2026-07-15T00:18:16Z,8,3,0,37,3,0,1,1,1,1784074212
2026-07-15T00:18:16Z,9,8,2,15,0,0,1,1,1,1784074620
2026-07-15T00:18:16Z,10,19,6,3,1,0,1,1,1,1784073925
2026-07-15T00:18:16Z,11,6,0,13,0,0,1,1,1,1784074606
2026-07-15T00:18:16Z,12,6,0,17,0,0,1,1,1,1784073867
2026-07-15T00:18:16Z,13,23,1,7,0,0,1,1,1,1784074660
2026-07-15T00:18:16Z,14,9,1,32,0,0,1,1,1,1784074211
2026-07-15T00:18:16Z,15,8,0,0,4,3,1,1,1,1784074466
2026-07-15T00:18:16Z,16,12,0,14,1,0,1,1,1,1784072942
2026-07-15T00:18:16Z,17,18,2,8,1,0,1,1,1,1784074671
2026-07-15T00:18:16Z,18,16,1,0,2,0,1,1,1,1784074618
2026-07-15T00:18:16Z,19,24,2,2,1,0,1,1,1,1784074485
2026-07-15T00:18:16Z,20,14,0,20,1,0,1,1,1,1784074677
2026-07-15T00:18:16Z,21,12,0,5,2,0,1,1,1,1784074467
2026-07-15T00:18:16Z,22,25,0,41,1,0,1,1,1,1784074548
2026-07-15T00:18:16Z,23,1,1,30,0,0,1,1,1,1784073790
2026-07-15T00:18:16Z,24,4,3,5,2,0,1,1,1,1784074681
2026-07-15T00:18:16Z,25,41,1,36,4,0,1,1,1,1784074642
2026-07-15T00:18:16Z,26,2,0,25,0,0,1,1,1,1784074652
2026-07-15T00:18:16Z,28,15,2,0,0,0,1,1,1,1784074386
2026-07-15T00:18:16Z,30,17,1,12,0,0,1,1,1,1784074355
2026-07-15T00:18:16Z,31,3,0,15,1,0,1,1,1,1784074483
2026-07-15T00:18:16Z,32,2,1,25,0,0,1,1,1,1784073586
2026-07-15T00:18:16Z,34,33,0,4,0,0,1,1,1,1784073763
2026-07-15T00:18:16Z,35,13,1,33,1,0,1,1,1,1784074467
2026-07-15T00:18:16Z,36,0,0,0,0,0,0,1,1,86400
2026-07-15T00:18:16Z,37,6,3,17,0,0,1,1,1,1784074176
2026-07-15T00:18:16Z,38,11,0,11,1,0,1,1,1,1784073944
2026-07-15T00:18:16Z,39,11,0,20,0,0,1,1,1,1784074446
2026-07-15T00:18:16Z,40,8,1,13,0,0,1,1,1,1784074366
2026-07-15T00:18:16Z,41,1,1,26,0,0,1,1,1,1784071629
2026-07-15T00:18:16Z,42,14,4,13,4,0,1,1,1,1784074361
2026-07-15T00:18:16Z,43,16,0,7,0,0,1,1,1,1784073897
2026-07-15T00:18:16Z,45,0,0,27,4,0,1,1,1,1784074469
2026-07-15T00:18:16Z,46,3,0,25,2,1,1,1,1,1784073566
2026-07-15T00:18:16Z,47,4,4,11,0,0,1,1,1,1784074584
2026-07-15T00:18:16Z,48,26,1,0,1,0,1,1,1,1784073963
2026-07-15T00:18:16Z,49,0,0,19,4,0,1,1,1,1784074683
2026-07-15T00:18:16Z,50,0,0,18,1,0,1,1,1,1784071881
2026-07-15T00:18:16Z,51,46,0,30,1,0,1,1,1,1784071906
2026-07-15T00:18:16Z,52,24,0,0,3,0,1,1,1,1784074430
2026-07-15T00:18:16Z,55,2,0,21,0,0,1,1,1,1784072440
2026-07-15T00:18:16Z,56,17,0,10,0,0,1,1,1,1784074655
2026-07-15T00:18:16Z,57,20,1,6,1,0,1,1,1,1784074633
2026-07-15T00:18:16Z,58,1,1,26,1,0,1,1,1,1784073032
2026-07-15T00:18:16Z,59,7,2,20,0,0,1,1,1,1784074588
2026-07-15T00:18:16Z,61,20,9,18,1,0,1,1,1,1784074382
2026-07-15T00:18:16Z,62,1,0,48,0,0,1,1,1,1784074467
2026-07-15T00:18:16Z,63,2,0,17,0,0,1,1,1,1784073708
2026-07-15T00:18:16Z,64,19,2,0,0,0,1,1,1,1784071205
2026-07-15T00:18:16Z,65,11,1,6,2,0,1,1,1,1784072262
2026-07-15T00:18:16Z,67,11,0,27,0,0,1,1,1,1784074426
2026-07-15T00:18:16Z,68,27,0,10,0,0,1,1,1,1784072334
2026-07-15T00:18:16Z,69,13,0,1,1,0,1,1,1,1784071648
2026-07-15T00:18:16Z,71,14,2,12,1,0,1,1,1,1784074623
2026-07-15T00:18:16Z,72,8,0,21,2,0,1,1,1,1784074198
2026-07-15T00:18:16Z,73,0,0,23,0,0,1,1,1,1784074647
2026-07-15T00:18:16Z,74,10,5,9,0,0,1,1,1,1784073842
2026-07-15T00:18:16Z,75,4,1,31,0,0,1,1,1,1784074599
2026-07-15T00:18:16Z,76,4,0,14,1,0,1,1,1,1784072629
2026-07-15T00:18:16Z,77,8,0,18,1,0,1,1,1,1784074610
2026-07-15T00:18:16Z,78,1,1,21,1,0,1,1,1,1784074214
2026-07-15T00:18:16Z,79,5,0,12,0,0,1,1,1,1784074629
2026-07-15T00:18:16Z,80,20,0,1,2,0,1,1,1,1784074599
2026-07-15T00:18:16Z,81,2,2,28,1,0,1,1,1,1784073472
2026-07-15T00:18:16Z,82,0,0,21,2,0,1,1,1,1784074027
2026-07-15T00:18:16Z,83,6,2,27,1,0,1,1,1,1784074105
2026-07-15T00:18:16Z,84,13,3,14,0,0,1,1,1,1784074084
2026-07-15T00:18:16Z,85,1,0,12,1,0,1,1,1,1784074398
2026-07-15T00:18:16Z,86,6,0,19,2,0,1,1,1,1784073461
2026-07-15T00:18:16Z,87,2,0,16,1,0,1,1,1,1784074168
2026-07-15T00:18:16Z,88,25,1,6,0,0,1,1,1,1784074156
2026-07-15T00:18:16Z,89,4,0,31,0,0,1,1,1,1784074490
2026-07-15T00:18:16Z,90,17,0,0,1,0,1,1,1,1784072855
2026-07-15T00:18:16Z,91,6,0,8,3,0,1,1,1,1784074622
2026-07-15T00:18:16Z,92,17,0,0,2,0,1,1,1,1784074464
2026-07-15T00:18:16Z,93,13,0,0,1,0,1,1,1,1784074322
2026-07-15T00:18:16Z,94,5,0,14,0,0,1,1,1,1784073058
2026-07-15T00:18:16Z,95,9,1,23,2,1,1,1,1,1784074677
2026-07-15T00:18:16Z,96,28,7,2,1,0,1,1,1,1784074676
2026-07-15T00:18:16Z,97,5,0,12,0,0,1,1,1,1784073684
2026-07-15T00:18:16Z,98,6,0,26,3,0,1,1,1,1784074670
2026-07-15T00:18:16Z,99,10,0,4,0,0,1,1,1,1784074416
2026-07-15T00:18:16Z,100,21,1,5,1,0,1,1,1,1784074382
2026-07-15T00:18:16Z,101,11,0,3,1,0,1,1,1,1784074272
2026-07-15T00:18:16Z,102,21,0,1,1,0,1,1,1,1784073947
2026-07-15T00:18:16Z,103,27,1,0,5,0,1,1,1,1784074429
2026-07-15T00:18:16Z,104,3,1,22,2,0,1,1,1,1784074684
2026-07-15T00:18:16Z,105,12,1,7,0,0,1,1,1,1784069157
2026-07-15T00:18:16Z,106,12,0,9,0,0,1,1,1,1784072259
2026-07-15T00:18:16Z,107,1,1,36,0,0,1,1,1,1784074305
2026-07-15T00:18:16Z,108,32,0,1,1,1,1,1,1,1784073929
2026-07-15T00:18:16Z,109,22,2,0,1,0,1,1,1,1784074534
2026-07-15T00:18:16Z,110,22,0,0,1,0,1,1,1,1784071799
2026-07-15T00:18:16Z,111,18,2,17,1,0,1,1,1,1784074512
2026-07-15T00:18:16Z,112,9,1,8,2,0,1,1,1,1784074657
2026-07-15T00:18:16Z,113,18,1,1,0,0,1,1,1,1784073718
2026-07-15T00:18:16Z,114,1,0,24,6,0,1,1,1,1784074527
2026-07-15T00:18:16Z,115,0,0,22,4,0,1,1,1,1784073500
2026-07-15T00:18:16Z,116,6,5,21,0,0,1,1,1,1784074558
2026-07-15T00:18:16Z,118,3,2,18,1,1,1,1,1,1784072492
2026-07-15T00:18:16Z,119,6,2,30,2,0,1,1,1,1784074524
2026-07-15T00:18:16Z,120,13,6,13,1,0,1,1,1,1784074441
2026-07-15T00:18:16Z,121,13,2,5,0,1,1,1,1,1784074670
2026-07-15T00:18:16Z,122,3,0,16,2,0,1,1,1,1784074666
2026-07-15T00:18:16Z,123,3,0,42,2,0,1,1,1,1784074607
2026-07-15T00:18:16Z,124,25,1,9,0,0,1,1,1,1784074011
2026-07-15T00:18:16Z,125,13,4,10,0,0,1,1,1,1784074255
2026-07-15T00:18:16Z,126,5,2,25,1,0,1,1,1,1784073873
2026-07-15T00:18:16Z,127,0,0,32,2,0,1,1,1,1784074553
2026-07-15T00:18:16Z,128,4,3,15,0,0,1,1,1,1784074477
2026-07-15T00:18:16Z,129,7,1,6,3,3,1,1,1,1784074556
2026-07-15T00:18:16Z,130,7,3,8,2,0,1,1,1,1784074139
2026-07-15T00:18:16Z,131,5,0,4,2,0,1,1,1,1784073963
2026-07-15T00:18:16Z,132,5,0,9,0,1,1,1,1,1784072256
2026-07-15T00:18:16Z,133,6,3,17,0,0,1,1,1,1784073711
2026-07-15T00:18:16Z,134,5,2,18,0,0,1,1,1,1784074672
2026-07-15T00:18:16Z,135,13,4,6,0,0,1,1,1,1784074602
2026-07-15T00:18:16Z,136,10,0,12,0,0,1,1,1,1784073661
2026-07-15T00:18:16Z,137,0,0,16,3,0,1,1,1,1784074518
2026-07-15T00:18:16Z,138,18,0,18,1,0,1,1,1,1784074669
2026-07-15T00:18:16Z,139,16,3,3,0,0,1,1,1,1784074578
2026-07-15T00:18:16Z,140,15,6,6,2,0,1,1,1,1784074683
2026-07-15T00:18:16Z,141,1,1,0,32,5,1,1,1,1784074438
2026-07-15T00:18:16Z,142,9,4,10,0,0,1,1,1,1784072398
2026-07-15T00:18:16Z,143,2,0,29,0,0,1,1,1,1784074379
2026-07-15T00:18:16Z,144,25,4,2,0,0,1,1,1,1784073600
2026-07-15T00:18:16Z,145,5,1,22,4,0,1,1,1,1784074501
2026-07-15T00:18:16Z,146,4,0,18,1,0,1,1,1,1784074598
2026-07-15T00:18:16Z,147,0,0,18,1,0,1,1,1,1784074148
2026-07-15T00:18:16Z,148,14,1,12,1,0,1,1,1,1784074626
2026-07-15T00:18:16Z,149,3,1,16,0,0,1,1,1,1784073884
2026-07-15T00:18:16Z,150,28,6,6,1,0,1,1,1,1784074654
2026-07-15T00:18:16Z,151,13,2,8,2,0,1,1,1,1784074645
2026-07-15T00:18:16Z,152,16,5,7,4,0,1,1,1,1784074655
2026-07-15T00:18:16Z,153,28,2,2,1,0,1,1,1,1784074221
2026-07-15T00:18:16Z,154,11,0,9,3,0,1,1,1,1784074616
2026-07-15T00:18:16Z,155,8,0,4,2,0,1,1,1,1784074396
2026-07-15T00:18:16Z,156,16,1,3,0,0,1,1,1,1784073946
2026-07-15T00:18:16Z,157,3,1,22,2,0,1,1,1,1784074402
2026-07-15T00:18:16Z,158,16,3,0,0,0,1,1,1,1784074587
2026-07-15T00:18:16Z,159,11,7,8,0,0,1,1,1,1784074646
2026-07-15T00:18:16Z,160,16,4,2,1,0,1,1,1,1784074541
2026-07-15T00:18:16Z,161,6,1,17,0,0,1,1,1,1784074369
2026-07-15T00:18:16Z,162,6,4,21,0,0,1,1,1,1784074370
2026-07-15T00:18:16Z,163,16,8,14,1,0,1,1,1,1784074646
2026-07-15T00:18:16Z,164,25,8,2,0,0,1,1,1,1784074679
2026-07-15T00:18:16Z,165,28,16,0,3,0,1,1,1,1784074331
2026-07-15T00:18:16Z,166,9,8,29,1,0,1,1,1,1784074283
2026-07-15T00:18:16Z,167,21,8,1,1,0,1,1,1,1784074670
2026-07-15T00:18:16Z,168,8,4,17,2,0,1,1,1,1784074665
2026-07-15T00:18:16Z,169,20,4,2,1,0,1,1,1,1784074300
2026-07-15T00:18:16Z,170,12,0,6,1,0,1,1,1,1784074681
2026-07-15T00:18:16Z,171,11,1,0,2,0,1,1,1,1784074647
2026-07-15T00:18:16Z,173,35,0,3,1,0,1,1,1,1784074382
2026-07-15T00:18:16Z,174,13,2,10,0,0,1,1,1,1784074398
2026-07-15T00:18:16Z,175,28,1,3,0,0,1,1,1,1784074213
2026-07-15T00:18:16Z,176,9,0,1,4,1,1,1,1,1784074427
2026-07-15T00:18:16Z,177,21,5,6,0,0,1,1,1,1784074574
2026-07-15T00:18:16Z,178,7,1,6,2,0,1,1,1,1784074628
2026-07-15T00:18:16Z,179,11,4,3,1,0,1,1,1,1784074576
2026-07-15T00:18:16Z,180,6,0,23,1,0,1,1,1,1784074306
2026-07-15T00:18:16Z,181,2,2,12,1,0,1,1,1,1784073800
2026-07-15T00:18:16Z,182,0,0,19,0,0,1,1,1,1784074228
2026-07-15T00:18:16Z,183,0,0,22,1,0,1,1,1,1784074243
2026-07-15T00:18:16Z,184,16,0,6,1,0,1,1,1,1784074650
2026-07-15T00:18:16Z,185,3,0,10,1,1,1,1,1,1784073965
2026-07-15T00:18:16Z,186,6,2,12,1,0,1,1,1,1784073127
2026-07-15T00:18:16Z,187,1,0,26,2,0,1,1,1,1784074556
2026-07-15T00:18:16Z,188,8,2,16,3,0,1,1,1,1784074667
2026-07-15T00:18:16Z,189,9,4,6,0,0,1,1,1,1784074004
2026-07-15T00:18:16Z,190,6,0,17,0,0,1,1,1,1784074527
2026-07-15T00:18:16Z,191,0,0,37,2,0,1,1,1,1784074574
2026-07-15T00:18:16Z,192,22,13,9,0,0,1,1,1,1784073695
2026-07-15T00:18:16Z,193,7,3,6,2,0,1,1,1,1784074641
2026-07-15T00:18:16Z,194,0,0,14,12,0,1,1,1,1784074320
2026-07-15T00:18:16Z,195,1,0,18,0,0,1,1,1,1784074180
2026-07-15T00:18:16Z,196,10,8,17,0,0,1,1,1,1784073782
2026-07-15T00:18:16Z,197,5,0,13,0,1,1,1,1,1784074620
2026-07-15T00:18:16Z,198,1,0,22,0,0,1,1,1,1784072580
2026-07-15T00:18:16Z,199,0,0,14,1,0,1,1,1,1784074684
2026-07-15T00:18:16Z,200,0,0,24,2,0,1,1,1,1784074242
2026-07-15T00:18:16Z,201,4,2,19,0,0,1,1,1,1784074069
2026-07-15T00:18:16Z,202,1,1,26,0,0,1,1,1,1784073625
2026-07-15T00:18:16Z,203,19,0,10,1,1,1,1,1,1784074593
2026-07-15T00:18:16Z,204,19,1,15,1,0,1,1,1,1784072744
2026-07-15T00:18:16Z,205,5,2,22,0,0,1,1,1,1784074660
2026-07-15T00:18:16Z,206,2,1,12,1,0,1,1,1,1784074511
2026-07-15T00:18:16Z,207,20,1,1,0,0,1,1,1,1784074283
2026-07-15T00:18:16Z,208,5,4,24,0,0,1,1,1,1784074339
2026-07-15T00:18:16Z,209,27,3,4,0,0,1,1,1,1784074668
2026-07-15T00:18:16Z,210,3,2,23,1,0,1,1,1,1784073961
2026-07-15T00:18:16Z,211,1,1,21,1,0,1,1,1,1784074245
2026-07-15T00:18:16Z,212,27,3,7,1,0,1,1,1,1784074671
2026-07-15T00:18:16Z,213,22,0,1,0,0,1,1,1,1784074417
2026-07-15T00:18:16Z,214,11,9,33,3,0,1,1,1,1784074503
2026-07-15T00:18:16Z,215,6,5,16,1,0,1,1,1,1784074657
2026-07-15T00:18:16Z,216,18,4,1,0,0,1,1,1,1784074642
2026-07-15T00:18:16Z,217,12,2,17,0,0,1,1,1,1784074395
2026-07-15T00:18:16Z,218,10,9,27,2,0,1,1,1,1784074579
2026-07-15T00:18:16Z,219,22,1,4,1,0,1,1,1,1784074396
2026-07-15T00:18:16Z,220,1,1,41,1,0,1,1,1,1784073850
2026-07-15T00:18:16Z,221,6,5,9,0,0,1,1,1,1784074580
2026-07-15T00:18:16Z,222,2,2,17,0,0,1,1,1,1784074299
2026-07-15T00:18:16Z,223,7,3,26,2,0,1,1,1,1784074579
2026-07-15T00:18:16Z,224,6,5,15,1,0,1,1,1,1784074039
2026-07-15T00:18:16Z,225,8,0,9,2,0,1,1,1,1784073061
2026-07-15T00:18:16Z,226,1,0,28,2,0,1,1,1,1784074657
2026-07-15T00:18:16Z,227,5,5,20,2,0,1,1,1,1784074548
2026-07-15T00:18:16Z,228,3,3,16,0,0,1,1,1,1784074072
2026-07-15T00:18:16Z,230,14,6,8,1,0,1,1,1,1784073748
2026-07-15T00:18:16Z,232,15,4,3,1,0,1,1,1,1784074355
2026-07-15T00:18:16Z,233,13,1,16,2,0,1,1,1,1784074657
2026-07-15T00:18:16Z,234,9,4,6,3,1,1,1,1,1784074550
2026-07-15T00:18:16Z,236,10,9,9,0,0,1,1,1,1784073669
2026-07-15T00:18:16Z,237,14,1,7,2,0,1,1,1,1784074528
2026-07-15T00:18:16Z,239,17,10,9,1,0,1,1,1,1784074186
2026-07-15T00:18:16Z,241,13,4,10,0,0,1,1,1,1784073974
2026-07-15T00:18:16Z,242,1,1,21,1,0,1,1,1,1784074330
2026-07-15T00:18:16Z,243,3,2,26,2,0,1,1,1,1784074486
2026-07-15T00:18:16Z,244,12,12,13,2,0,1,1,1,1784073948
2026-07-15T00:18:16Z,245,5,4,17,1,0,1,1,1,1784074403
2026-07-15T00:18:16Z,246,1,1,22,0,0,1,1,1,1784074407
2026-07-15T00:18:16Z,247,10,1,13,0,0,1,1,1,1784070993
2026-07-15T00:18:16Z,248,5,2,16,2,0,1,1,1,1784074345
2026-07-15T00:18:16Z,249,3,0,15,1,0,1,1,1,1784074633
2026-07-15T00:18:16Z,250,2,1,25,0,0,1,1,1,1784074350
2026-07-15T00:18:16Z,251,15,11,9,3,0,1,1,1,1784074286
2026-07-15T00:18:16Z,253,3,0,15,1,0,1,1,1,1784074573
2026-07-15T00:18:16Z,254,17,8,20,6,0,1,1,1,1784074507
2026-07-15T00:18:16Z,255,2,0,21,0,0,1,1,1,1784074544
2026-07-15T00:18:16Z,256,14,11,7,2,0,1,1,1,1784074603
2026-07-15T00:18:16Z,257,15,3,3,1,0,1,1,1,1784073870
2026-07-15T00:18:16Z,258,1,0,17,1,0,1,1,1,1784072878
2026-07-15T00:18:16Z,259,10,5,11,2,0,1,1,1,1784073790
2026-07-15T00:18:16Z,260,13,11,6,0,0,1,1,1,1784074584
2026-07-15T00:18:16Z,261,15,1,3,1,0,1,1,1,1784073359
2026-07-15T00:18:16Z,262,19,6,3,1,0,1,1,1,1784073088
2026-07-15T00:18:16Z,263,2,2,13,0,0,1,1,1,1784074488
2026-07-15T00:18:16Z,264,3,0,15,1,0,1,1,1,1784073648
2026-07-15T00:18:16Z,265,15,0,0,0,0,1,1,1,1784074002
2026-07-15T00:18:16Z,266,12,4,7,0,0,1,1,1,1784074287
2026-07-15T00:18:16Z,267,10,7,5,0,0,1,1,1,1784058167
2026-07-15T00:18:16Z,268,5,1,18,0,0,1,1,1,1784072160
2026-07-15T00:18:16Z,269,9,3,13,1,0,1,1,1,1784073655
2026-07-15T00:18:16Z,270,0,0,26,1,0,1,1,1,1784073201
2026-07-15T00:18:16Z,271,4,0,13,1,1,1,1,1,1784074591
2026-07-15T00:18:16Z,272,8,2,15,0,0,1,1,1,1784074275
2026-07-15T00:18:16Z,273,3,3,12,0,0,1,1,1,1784073427
2026-07-15T00:18:16Z,274,5,2,13,1,0,1,1,1,1784071921
2026-07-15T00:18:16Z,275,13,0,10,0,0,1,1,1,1784074419
2026-07-15T00:18:16Z,276,5,5,21,0,1,1,1,1,1784074383
2026-07-15T00:18:16Z,277,0,0,20,3,0,1,1,1,1784074430
2026-07-15T00:18:16Z,278,20,0,10,0,1,1,1,1,1784074677
2026-07-15T00:18:16Z,279,5,2,14,0,0,1,1,1,1784074660
2026-07-15T00:18:16Z,280,1,0,28,2,0,1,1,1,1784074471
2026-07-15T00:18:16Z,281,0,0,19,0,0,0,1,1,1784049184
2026-07-15T00:18:16Z,282,7,0,12,0,0,1,1,1,1784072894
2026-07-15T00:18:16Z,283,17,7,17,0,1,1,1,1,1784074652
2026-07-15T00:18:16Z,284,4,4,30,1,0,1,1,1,1784074299
2026-07-15T00:18:16Z,285,1,0,22,0,0,1,1,1,1784073147
2026-07-15T00:18:16Z,286,18,17,3,2,0,1,1,1,1784074337
2026-07-15T00:18:16Z,287,11,0,11,1,0,1,1,1,1784071582
2026-07-15T00:18:16Z,288,9,4,9,1,0,1,1,1,1784074221
2026-07-15T00:18:16Z,289,1,1,25,1,0,1,1,1,1784074588
2026-07-15T00:18:16Z,290,38,0,0,1,0,1,1,1,1784073766
2026-07-15T00:18:16Z,291,9,0,13,1,0,1,1,1,1784074637
2026-07-15T00:18:16Z,292,21,3,2,0,0,1,1,1,1784074598
2026-07-15T00:18:16Z,293,17,5,3,3,0,1,1,1,1784073106
2026-07-15T00:18:16Z,294,5,2,14,3,0,1,1,1,1784074442
2026-07-15T00:18:16Z,297,17,0,1,1,0,1,1,1,1784074528
2026-07-15T00:18:16Z,301,17,0,2,0,0,1,1,1,1784074485
2026-07-15T00:18:16Z,302,2,0,20,1,0,1,1,1,1784074619
2026-07-15T00:18:16Z,303,18,0,0,1,0,1,1,1,1784072170
2026-07-15T00:18:16Z,304,0,0,0,0,0,0,1,1,86400
2026-07-15T00:18:16Z,305,10,0,9,0,0,1,1,1,1784072315
2026-07-15T00:18:16Z,306,24,4,8,0,0,1,1,1,1784074123
2026-07-15T00:18:16Z,307,18,0,3,2,0,1,1,1,1784074217
2026-07-15T00:18:16Z,308,6,0,13,0,0,1,1,1,1784074347
2026-07-15T00:18:16Z,309,7,7,7,0,0,1,1,1,1784073301
2026-07-15T00:18:16Z,311,14,1,1,0,0,1,1,1,1784074532
2026-07-15T00:18:16Z,312,2,2,16,4,1,1,1,1,1784074403
2026-07-15T00:18:16Z,313,9,1,6,0,0,1,1,1,1784074140
2026-07-15T00:18:16Z,314,2,1,16,1,0,1,1,1,1784072314
2026-07-15T00:18:16Z,315,1,1,28,2,0,1,1,1,1784074359
2026-07-15T00:18:16Z,316,23,0,8,0,0,1,1,1,1784074457
2026-07-15T00:18:16Z,317,0,0,28,3,0,1,1,1,1784074374
2026-07-15T00:18:16Z,318,15,2,2,0,0,1,1,1,1784074223
2026-07-15T00:18:16Z,319,19,16,7,1,0,1,1,1,1784074360
2026-07-15T00:18:16Z,320,15,2,4,0,0,1,1,1,1784074573
2026-07-15T00:18:16Z,321,2,1,15,2,0,1,1,1,1784069927
2026-07-15T00:18:16Z,322,5,0,24,0,0,1,1,1,1784074091
2026-07-15T00:18:16Z,323,9,1,9,1,0,1,1,1,1784073994
2026-07-15T00:18:16Z,324,10,4,17,0,0,1,1,1,1784074375
2026-07-15T00:18:16Z,325,6,1,19,2,0,1,1,1,1784074119
2026-07-15T00:18:16Z,327,9,1,15,1,2,1,1,1,1784074268
2026-07-15T00:18:16Z,328,5,1,16,1,1,1,1,1,1784074673
2026-07-15T00:18:16Z,329,18,0,0,1,0,1,1,1,1784072328
2026-07-15T00:18:16Z,330,7,1,14,1,0,1,1,1,1784074450
2026-07-15T00:18:16Z,331,20,0,2,1,0,1,1,1,1784074604
2026-07-15T00:18:16Z,332,5,0,13,1,0,1,1,1,1784073577
2026-07-15T00:18:16Z,333,17,7,4,2,0,1,1,1,1784074291
2026-07-15T00:18:16Z,334,5,1,18,0,0,1,1,1,1784074174
2026-07-15T00:18:16Z,335,4,1,18,1,0,1,1,1,1784074654
2026-07-15T00:18:16Z,336,3,1,15,1,0,1,1,1,1784073642
2026-07-15T00:18:16Z,337,10,1,11,2,0,1,1,1,1784074597
2026-07-15T00:18:16Z,338,9,7,10,0,0,1,1,1,1784074633
2026-07-15T00:18:16Z,339,3,0,19,1,0,1,1,1,1784074668
2026-07-15T00:18:16Z,340,7,5,7,1,0,1,1,1,1784074508
2026-07-15T00:18:16Z,341,8,3,11,0,0,1,1,1,1784074178
2026-07-15T00:18:16Z,342,11,0,4,0,0,1,1,1,1784073886
2026-07-15T00:18:16Z,343,2,1,21,0,0,1,1,1,1784074078
2026-07-15T00:18:16Z,344,8,0,14,1,0,1,1,1,1784074321
2026-07-15T00:18:16Z,345,12,1,7,0,0,1,1,1,1784074671
2026-07-15T00:18:16Z,346,4,0,19,0,0,1,1,1,1784073463
2026-07-15T00:18:16Z,347,9,8,34,4,0,1,1,1,1784074648
2026-07-15T00:18:16Z,348,4,1,16,2,1,1,1,1,1784074482
2026-07-15T00:18:16Z,349,3,0,14,2,0,1,1,1,1784074466
2026-07-15T00:18:16Z,350,24,2,0,2,1,1,1,1,1784074496
2026-07-15T00:18:16Z,351,18,1,3,2,0,1,1,1,1784074682
2026-07-15T00:18:16Z,355,18,0,5,0,0,1,1,1,1784074564
2026-07-15T00:18:16Z,356,3,0,16,0,0,1,1,1,1784074099
2026-07-15T00:18:16Z,357,11,1,8,0,0,1,1,1,1784074597
2026-07-15T00:18:16Z,358,14,2,13,0,0,1,1,1,1784073800
2026-07-15T00:18:16Z,359,5,3,21,1,0,1,1,1,1784074684
2026-07-15T00:18:16Z,360,9,1,10,0,0,1,1,1,1784074605
2026-07-15T00:18:16Z,362,6,4,12,0,0,1,1,1,1784071952
2026-07-15T00:18:16Z,363,19,0,8,0,0,1,1,1,1784074378
2026-07-15T00:18:16Z,364,12,3,3,3,1,1,1,1,1784074684
2026-07-15T00:18:16Z,365,12,1,9,2,0,1,1,1,1784074498
2026-07-15T00:18:16Z,366,7,5,14,1,1,1,1,1,1784074646
2026-07-15T00:18:16Z,367,10,1,7,2,0,1,1,1,1784072954
2026-07-15T00:18:16Z,368,5,2,17,1,0,1,1,1,1784074216
2026-07-15T00:18:16Z,370,6,5,17,4,0,1,1,1,1784074136
2026-07-15T00:18:16Z,371,3,2,12,4,0,1,1,1,1784074630
2026-07-15T00:18:16Z,372,11,5,4,0,0,1,1,1,1784074228
2026-07-15T00:18:16Z,373,8,5,17,1,0,1,1,1,1784074553
2026-07-15T00:18:16Z,374,10,5,7,1,0,1,1,1,1784074253
2026-07-15T00:18:16Z,375,27,4,0,0,0,1,1,1,1784074553
2026-07-15T00:18:16Z,376,35,9,1,3,0,1,1,1,1784074672
2026-07-15T00:18:16Z,377,8,2,18,1,0,1,1,1,1784074265
2026-07-15T00:18:16Z,378,12,4,10,2,0,1,1,1,1784074463
2026-07-15T00:18:16Z,379,26,4,0,1,0,1,1,1,1784074205
2026-07-15T00:18:16Z,380,11,1,12,0,0,1,1,1,1784074261
2026-07-15T00:18:16Z,381,22,0,1,0,0,1,1,1,1784074195
2026-07-15T00:18:16Z,383,14,1,1,0,0,1,1,1,1784073984
2026-07-15T00:18:16Z,384,10,0,7,2,0,1,1,1,1784072513
2026-07-15T00:18:16Z,385,6,3,11,1,0,1,1,1,1784074345
2026-07-15T00:18:16Z,387,4,1,18,1,0,1,1,1,1784073828
2026-07-15T00:18:16Z,388,15,1,34,0,0,1,1,1,1784074388
2026-07-15T00:18:16Z,389,7,6,8,0,0,1,1,1,1784074588
2026-07-15T00:18:16Z,390,18,0,5,0,0,1,1,1,1784074526
2026-07-15T00:18:16Z,391,6,5,8,1,0,1,1,1,1784072513
2026-07-15T00:18:16Z,392,1,1,17,1,0,1,1,1,1784073338
2026-07-15T00:18:16Z,393,4,4,4,3,0,1,1,1,1784072946
2026-07-15T00:18:16Z,394,1,0,11,2,1,1,1,1,1784074222
2026-07-15T00:18:16Z,396,0,0,39,3,0,1,1,1,1784072958
2026-07-15T00:18:16Z,397,0,0,31,0,0,1,1,1,1784074205
2026-07-15T00:18:16Z,399,14,1,3,0,0,1,1,1,1784074345
2026-07-15T00:18:16Z,400,12,0,7,4,0,1,1,1,1784074525
2026-07-15T00:18:16Z,401,6,2,24,9,0,1,1,1,1784074683
2026-07-15T00:18:16Z,403,13,9,15,3,0,1,1,1,1784074440
2026-07-15T00:18:16Z,404,1,1,22,0,0,1,1,1,1784074186
2026-07-15T00:18:16Z,406,31,3,3,1,0,1,1,1,1784074494
2026-07-15T00:18:16Z,407,7,2,25,2,0,1,1,1,1784074558
2026-07-15T00:18:16Z,408,4,2,27,2,0,1,1,1,1784074301
2026-07-15T00:18:16Z,409,10,2,8,5,0,1,1,1,1784074532
2026-07-15T00:18:16Z,413,6,1,16,1,0,1,1,1,1784072929
2026-07-15T00:18:16Z,414,13,1,2,0,0,1,1,1,1784073121
2026-07-15T00:18:16Z,417,6,4,13,0,0,1,1,1,1784073808
2026-07-15T00:18:16Z,418,2,1,10,3,0,1,1,1,1784073701
2026-07-15T00:18:16Z,419,18,2,3,2,0,1,1,1,1784070382
2026-07-15T00:18:16Z,421,17,0,0,2,0,1,1,1,1784074417
2026-07-15T00:18:16Z,422,1,1,25,1,0,1,1,1,1784074438
2026-07-15T00:18:16Z,423,4,2,19,0,0,1,1,1,1784074476
2026-07-15T00:18:16Z,424,1,1,12,2,0,1,1,1,1784074627
2026-07-15T00:18:16Z,425,4,0,16,2,0,1,1,1,1784074586
2026-07-15T00:18:16Z,426,17,0,19,1,0,1,1,1,1784074523
2026-07-15T00:18:16Z,427,13,0,0,1,1,1,1,1,1784068111
2026-07-15T00:18:16Z,428,10,2,9,0,0,1,1,1,1784074575
2026-07-15T00:18:16Z,429,4,1,17,2,0,1,1,1,1784074609
2026-07-15T00:18:16Z,430,25,3,5,1,0,1,1,1,1784074403
2026-07-15T00:18:16Z,431,20,2,8,3,2,1,1,1,1784074543
2026-07-15T00:18:16Z,432,14,1,17,0,0,1,1,1,1784074185
2026-07-15T00:18:16Z,433,20,0,2,1,0,1,1,1,1784072976
2026-07-15T00:18:16Z,437,3,3,15,1,0,1,1,1,1784074571
2026-07-15T00:18:16Z,438,3,1,14,2,0,1,1,1,1784074593
2026-07-15T00:18:16Z,439,7,2,8,0,0,1,1,1,1784073739
2026-07-15T00:18:16Z,440,8,1,5,2,0,1,1,1,1784074637
2026-07-15T00:18:16Z,441,6,4,9,0,0,1,1,1,1784074434
2026-07-15T00:18:16Z,442,16,8,3,0,0,1,1,1,1784073985
2026-07-15T00:18:16Z,443,5,2,22,0,0,1,1,1,1784059524
2026-07-15T00:18:16Z,444,1,0,21,1,0,1,1,1,1784069789
2026-07-15T00:18:16Z,445,6,5,15,1,1,1,1,1,1784074614
2026-07-15T00:18:16Z,446,0,0,23,0,0,1,1,1,1784073280
2026-07-15T00:18:16Z,447,12,4,8,2,1,1,1,1,1784070510
2026-07-15T00:18:16Z,448,5,1,7,2,1,1,1,1,1784070221
2026-07-15T00:18:16Z,452,10,4,8,1,0,1,1,1,1784074549
2026-07-15T00:18:16Z,453,4,0,10,1,0,1,1,1,1784074595
2026-07-15T00:18:16Z,454,17,1,0,1,1,1,1,1,1784074128
2026-07-15T00:18:16Z,455,3,1,36,0,0,1,1,1,1784074567
2026-07-15T00:18:16Z,456,7,1,12,1,0,1,1,1,1784074662
2026-07-15T00:18:16Z,457,2,0,24,1,0,1,1,1,1784074499
2026-07-15T00:18:16Z,458,14,1,7,2,0,1,1,1,1784074328
2026-07-15T00:18:16Z,459,8,0,7,0,0,1,1,1,1784074328
2026-07-15T00:18:16Z,460,15,0,8,0,0,1,1,1,1784074362
2026-07-15T00:18:16Z,461,0,0,18,1,0,1,1,1,1784073973
2026-07-15T00:18:16Z,462,9,2,12,0,0,1,1,1,1784074674
2026-07-15T00:18:16Z,463,17,1,2,0,0,1,1,1,1784074411
2026-07-15T00:18:16Z,464,7,1,6,1,0,1,1,1,1784074629
2026-07-15T00:18:16Z,465,3,0,12,0,0,1,1,1,1784074477
2026-07-15T00:18:16Z,466,6,1,5,4,0,1,1,1,1784074130
2026-07-15T00:18:16Z,467,2,0,13,0,0,1,1,1,1784074216
2026-07-15T00:18:16Z,468,13,2,6,0,0,1,1,1,1784072218
2026-07-15T00:18:16Z,469,1,0,21,1,0,1,1,1,1784074577
2026-07-15T00:18:16Z,470,10,0,4,1,0,1,1,1,1784072884
2026-07-15T00:18:16Z,471,2,2,22,3,0,1,1,1,1784074616
2026-07-15T00:18:16Z,472,9,4,8,2,0,1,1,1,1784074217
2026-07-15T00:18:16Z,473,15,3,4,0,0,1,1,1,1784074412
2026-07-15T00:18:16Z,474,3,2,15,1,0,1,1,1,1784074398
2026-07-15T00:18:16Z,475,5,2,10,3,1,1,1,1,1784074684
2026-07-15T00:18:16Z,476,19,3,0,4,0,1,1,1,1784074349
2026-07-15T00:18:16Z,477,3,1,10,2,0,1,1,1,1784073918
2026-07-15T00:18:16Z,478,24,0,3,4,0,1,1,1,1784074567
2026-07-15T00:18:16Z,479,13,1,14,0,0,1,1,1,1784074374
2026-07-15T00:18:16Z,480,10,6,3,2,0,1,1,1,1784074498
2026-07-15T00:18:16Z,481,14,2,21,0,0,1,1,1,1784074669
2026-07-15T00:18:16Z,482,7,5,11,1,0,1,1,1,1784073767
2026-07-15T00:18:16Z,483,6,0,20,1,0,1,1,1,1784074397
2026-07-15T00:18:16Z,484,1,0,15,3,0,1,1,1,1784073354
2026-07-15T00:18:16Z,485,7,2,10,2,0,1,1,1,1784074575
2026-07-15T00:18:16Z,486,11,1,16,0,0,1,1,1,1784073842
2026-07-15T00:18:16Z,487,4,1,13,2,0,1,1,1,1784074565
2026-07-15T00:18:16Z,489,6,6,8,1,0,1,1,1,1784073725
2026-07-15T00:18:16Z,490,10,2,4,2,0,1,1,1,1784074202
2026-07-15T00:18:16Z,491,18,2,1,2,0,1,1,1,1784074336
2026-07-15T00:18:16Z,492,6,3,2,3,0,1,1,1,1784074684
2026-07-15T00:18:16Z,493,1,0,26,0,0,1,1,1,1784074324
2026-07-15T00:18:16Z,495,1,0,0,9,5,1,1,1,1784074634
2026-07-15T00:18:16Z,496,21,2,6,0,0,1,1,1,1784074378
2026-07-15T00:18:16Z,497,3,1,16,0,0,1,1,1,1784074143
2026-07-15T00:18:16Z,498,8,3,14,1,0,1,1,1,1784074649
2026-07-15T00:18:16Z,499,17,2,1,1,0,1,1,1,1784073267
2026-07-15T00:18:16Z,500,2,0,12,1,0,1,1,1,1784074208
2026-07-15T00:18:16Z,501,10,3,9,2,0,1,1,1,1784074440
2026-07-15T00:18:16Z,502,1,1,18,0,0,1,1,1,1784071866
2026-07-15T00:18:16Z,503,10,1,20,1,0,1,1,1,1784074594
2026-07-15T00:18:16Z,504,1,0,38,0,0,1,1,1,1784074434
2026-07-15T00:18:16Z,505,5,3,6,1,0,1,1,1,1784074645
2026-07-15T00:18:16Z,511,10,4,10,3,0,1,1,1,1784074664
2026-07-15T00:18:16Z,512,19,0,8,0,0,1,1,1,1784074329
2026-07-15T00:18:16Z,514,3,1,4,4,0,1,1,1,1784074473
2026-07-15T00:18:16Z,515,8,1,10,1,0,1,1,1,1784072152
2026-07-15T00:18:16Z,516,2,0,25,0,0,1,1,1,1784074110
2026-07-15T00:18:16Z,517,9,2,14,0,0,1,1,1,1784072722
2026-07-15T00:18:16Z,518,10,3,4,1,0,1,1,1,1784073246
2026-07-15T00:18:16Z,519,10,2,9,0,0,1,1,1,1784074070
2026-07-15T00:18:16Z,520,8,0,17,1,1,1,1,1,1784074683
2026-07-15T00:18:16Z,521,5,2,17,1,0,1,1,1,1784072222
2026-07-15T00:18:16Z,522,16,0,6,1,0,1,1,1,1784074326
2026-07-15T00:18:16Z,523,6,1,16,1,0,1,1,1,1784074662
2026-07-15T00:18:16Z,524,15,0,8,0,0,1,1,1,1784074163
2026-07-15T00:18:16Z,525,13,0,6,0,0,1,1,1,1784073324
2026-07-15T00:18:16Z,526,12,1,1,2,0,1,1,1,1784074076
2026-07-15T00:18:16Z,527,0,0,25,1,0,1,1,1,1784073477
2026-07-15T00:18:16Z,528,9,0,14,0,0,1,1,1,1784074173
2026-07-15T00:18:16Z,529,4,2,11,4,0,1,1,1,1784074532
2026-07-15T00:18:16Z,530,19,1,0,2,0,1,1,1,1784074609
2026-07-15T00:18:16Z,531,6,1,14,2,1,1,1,1,1784074565
2026-07-15T00:18:16Z,532,0,0,30,1,0,1,1,1,1784072985
2026-07-15T00:18:16Z,533,6,0,11,2,0,1,1,1,1784074279
2026-07-15T00:18:16Z,534,9,9,13,1,0,1,1,1,1784073980
2026-07-15T00:18:16Z,535,1,1,14,0,0,1,1,1,1784073089
2026-07-15T00:18:16Z,536,6,0,17,0,0,1,1,1,1784074223
2026-07-15T00:18:16Z,537,4,1,17,0,0,1,1,1,1784072986
2026-07-15T00:18:16Z,538,14,2,2,3,0,1,1,1,1784073705
2026-07-15T00:18:16Z,539,2,1,29,0,0,1,1,1,1784074376
2026-07-15T00:18:16Z,540,5,0,14,0,0,1,1,1,1784074649
2026-07-15T00:18:16Z,541,10,5,13,4,0,1,1,1,1784074682
2026-07-15T00:18:16Z,542,1,1,22,0,0,1,1,1,1784074076
2026-07-15T00:18:16Z,543,8,1,9,2,0,1,1,1,1784074402
2026-07-15T00:18:16Z,544,12,2,8,2,0,1,1,1,1784074620
2026-07-15T00:18:16Z,545,17,5,1,1,0,1,1,1,1784074576
2026-07-15T00:18:16Z,546,0,0,19,0,0,1,1,1,1784073943
2026-07-15T00:18:16Z,547,12,0,14,0,0,1,1,1,1784074613
2026-07-15T00:18:16Z,548,19,0,4,0,0,1,1,1,1784074399
2026-07-15T00:18:16Z,549,8,4,13,0,0,1,1,1,1784074658
2026-07-15T00:18:16Z,550,5,3,14,0,0,1,1,1,1784073579
2026-07-15T00:18:16Z,551,7,3,16,0,0,1,1,1,1784073747
2026-07-15T00:18:16Z,552,20,3,7,0,0,1,1,1,1784074029
2026-07-15T00:18:16Z,553,13,2,8,1,1,1,1,1,1784074677
2026-07-15T00:18:16Z,554,1,0,18,0,0,1,1,1,1784074630
2026-07-15T00:18:16Z,555,14,5,0,1,0,1,1,1,1784069382
2026-07-15T00:18:16Z,556,9,2,14,0,0,1,1,1,1784073443
2026-07-15T00:18:16Z,557,14,2,9,0,0,1,1,1,1784074048
2026-07-15T00:18:16Z,558,16,0,16,5,0,1,1,1,1784074593
2026-07-15T00:18:16Z,559,0,0,18,1,0,1,1,1,1784074682
2026-07-15T00:18:16Z,560,22,0,4,1,0,1,1,1,1784074400
2026-07-15T00:18:16Z,561,20,1,2,1,0,1,1,1,1784072740
2026-07-15T00:18:16Z,562,6,0,27,2,0,1,1,1,1784072030
2026-07-15T00:18:16Z,563,14,0,0,0,0,1,1,1,1784071943
2026-07-15T00:18:16Z,564,14,1,3,2,0,1,1,1,1784074007
2026-07-15T00:18:16Z,565,2,0,17,0,0,1,1,1,1784074224
2026-07-15T00:18:16Z,566,17,1,1,1,0,1,1,1,1784073507
2026-07-15T00:18:16Z,567,26,0,1,0,0,1,1,1,1784074527
2026-07-15T00:18:16Z,568,17,1,1,1,0,1,1,1,1784073892
2026-07-15T00:18:16Z,569,12,1,7,0,0,1,1,1,1784074320
2026-07-15T00:18:16Z,570,15,0,3,1,0,1,1,1,1784074681
2026-07-15T00:18:16Z,571,10,0,13,0,0,1,1,1,1784074679
2026-07-15T00:18:16Z,572,19,0,0,0,0,1,1,1,1784072817
2026-07-15T00:18:16Z,573,5,0,10,0,0,1,1,1,1784074472
2026-07-15T00:18:16Z,574,3,2,12,0,0,1,1,1,1784071714
2026-07-15T00:18:16Z,575,11,0,10,0,0,1,1,1,1784074416
2026-07-15T00:18:16Z,576,0,0,19,0,0,1,1,1,1784073555
2026-07-15T00:18:16Z,577,8,1,23,0,0,1,1,1,1784072779
2026-07-15T00:18:16Z,578,8,4,14,1,0,1,1,1,1784074510
2026-07-15T00:18:16Z,579,39,3,4,0,0,1,1,1,1784074341
2026-07-15T00:18:16Z,580,8,0,22,1,0,1,1,1,1784074522
2026-07-15T00:18:16Z,581,7,1,10,2,0,1,1,1,1784074653
2026-07-15T00:18:16Z,582,7,0,50,4,0,1,1,1,1784074677
2026-07-15T00:18:16Z,583,17,0,5,1,0,1,1,1,1784074444
2026-07-15T00:18:16Z,584,0,0,14,5,0,1,1,1,1784072106
2026-07-15T00:18:16Z,585,11,4,15,0,0,1,1,1,1784074651
2026-07-15T00:18:16Z,586,4,1,29,2,0,1,1,1,1784074590
2026-07-15T00:18:16Z,587,22,0,1,2,0,1,1,1,1784074583
2026-07-15T00:18:16Z,588,4,2,15,0,0,1,1,1,1784073517
2026-07-15T00:18:16Z,589,4,2,18,1,0,1,1,1,1784074572
2026-07-15T00:18:16Z,590,5,1,26,0,0,1,1,1,1784074408
2026-07-15T00:18:16Z,591,19,3,2,1,0,1,1,1,1784074509
2026-07-15T00:18:16Z,592,10,0,13,0,0,1,1,1,1784074164
2026-07-15T00:18:16Z,593,4,0,35,0,0,1,1,1,1784074412
2026-07-15T00:18:16Z,594,12,0,8,1,0,1,1,1,1784073579
2026-07-15T00:18:16Z,595,0,0,3,0,0,0,1,1,1784046673
2026-07-15T00:18:16Z,605,0,0,2,1,0,0,1,1,1783975843
2026-07-15T00:18:16Z,606,0,0,0,0,0,0,1,1,86400
2026-07-15T00:18:16Z,607,28,3,4,1,0,1,1,1,1784074670
2026-07-15T00:18:16Z,608,2,1,52,0,0,1,1,1,1784074537
2026-07-15T00:18:16Z,609,18,15,5,0,0,1,1,1,1784074449
2026-07-15T00:18:16Z,610,16,0,18,1,0,1,1,1,1784074667
2026-07-15T00:18:16Z,611,23,0,4,0,0,1,1,1,1784074249
2026-07-15T00:18:16Z,612,9,1,6,0,0,1,1,1,1784074493
2026-07-15T00:18:16Z,613,12,2,2,1,0,1,1,1,1784065286
2026-07-15T00:18:16Z,614,0,0,25,1,1,1,1,1,1784074066
2026-07-15T00:18:16Z,617,6,1,7,2,0,1,1,1,1784074486
2026-07-15T00:18:16Z,618,7,4,8,4,0,1,1,1,1784074319
2026-07-15T00:18:16Z,619,11,5,8,0,0,1,1,1,1784074589
2026-07-15T00:18:16Z,620,0,0,22,1,0,1,1,1,1784073456
2026-07-15T00:18:16Z,621,12,2,11,0,0,1,1,1,1784074113
2026-07-15T00:18:16Z,622,6,1,16,1,0,1,1,1,1784074664
2026-07-15T00:18:16Z,623,1,0,26,2,1,1,1,1,1784071290
2026-07-15T00:18:16Z,624,1,1,12,1,1,1,1,1,1784071418
2026-07-15T00:18:16Z,625,3,1,0,12,6,1,1,1,1784074653
2026-07-15T00:18:16Z,626,40,0,4,0,2,1,1,1,1784072821
2026-07-15T00:18:16Z,627,15,6,1,1,0,1,1,1,1784071702
2026-07-15T00:18:16Z,628,7,1,8,3,1,1,1,1,1784074463
2026-07-15T00:18:16Z,629,6,1,4,1,0,1,1,1,1784070752
2026-07-15T00:18:16Z,630,7,1,17,3,0,1,1,1,1784074522
2026-07-15T00:18:16Z,631,1,0,21,1,0,1,1,1,1784074535
2026-07-15T00:18:16Z,632,9,0,13,1,0,1,1,1,1784074579
2026-07-15T00:18:16Z,633,10,0,3,1,1,1,1,1,1784065075
2026-07-15T00:18:16Z,634,13,0,5,1,0,1,1,1,1784072110
2026-07-15T00:18:16Z,635,6,1,11,2,0,1,1,1,1784074602
2026-07-15T00:18:16Z,636,5,1,10,0,0,1,1,1,1784071824
2026-07-15T00:18:16Z,637,7,2,10,2,0,1,1,1,1784072549
2026-07-15T00:18:16Z,638,9,0,8,2,0,1,1,1,1784073538
2026-07-15T00:18:16Z,639,0,0,0,3,12,0,1,1,1784026667
2026-07-15T00:18:16Z,640,0,0,21,2,0,1,1,1,1784072073
2026-07-15T00:18:16Z,641,25,1,2,0,0,1,1,1,1784074584
2026-07-15T00:18:16Z,642,4,2,11,4,0,1,1,1,1784074644
2026-07-15T00:18:16Z,643,1,0,24,3,0,1,1,1,1784074470
2026-07-15T00:18:16Z,644,4,1,1,9,1,1,1,1,1784074436
2026-07-15T00:18:16Z,645,14,1,7,1,1,1,1,1,1784073912
2026-07-15T00:18:16Z,646,12,2,4,3,0,1,1,1,1784073296
2026-07-15T00:18:16Z,647,17,3,14,0,0,1,1,1,1784074298
2026-07-15T00:18:16Z,648,17,1,0,2,0,1,1,1,1784073297
2026-07-15T00:18:16Z,649,13,4,18,0,0,1,1,1,1784074455
2026-07-15T00:18:16Z,650,3,1,11,2,0,1,1,1,1784073974
2026-07-15T00:18:16Z,651,5,5,16,2,0,1,1,1,1784074566
2026-07-15T00:18:16Z,652,0,0,21,2,0,1,1,1,1784074612
2026-07-15T00:18:16Z,653,0,0,14,5,0,1,1,1,1784074422
2026-07-15T00:18:16Z,654,1,0,14,0,0,1,1,1,1784074020
2026-07-15T00:18:16Z,655,2,0,8,1,3,1,1,1,1784074578
2026-07-15T00:18:16Z,656,15,1,4,0,0,1,1,1,1784074005
2026-07-15T00:18:16Z,657,3,2,11,1,2,1,1,1,1784074621
2026-07-15T00:18:16Z,658,18,2,4,1,0,1,1,1,1784074370
2026-07-15T00:18:16Z,659,3,3,10,2,0,1,1,1,1784073025
2026-07-15T00:18:16Z,660,2,2,29,0,0,1,1,1,1784074678
2026-07-15T00:18:16Z,661,6,3,13,0,0,1,1,1,1784074329
2026-07-15T00:18:16Z,662,2,1,18,3,0,1,1,1,1784074668
2026-07-15T00:18:16Z,663,9,3,5,0,0,1,1,1,1784074291
2026-07-15T00:18:16Z,664,13,0,14,0,0,1,1,1,1784074484
2026-07-15T00:18:16Z,665,3,3,12,0,0,1,1,1,1784074287
2026-07-15T00:18:16Z,666,11,4,4,0,0,1,1,1,1784073617
2026-07-15T00:18:16Z,667,10,1,3,4,0,1,1,1,1784074470
2026-07-15T00:18:16Z,668,7,2,10,2,0,1,1,1,1784074386
2026-07-15T00:18:16Z,669,6,2,6,2,0,1,1,1,1784073971
2026-07-15T00:18:16Z,670,17,1,10,0,0,1,1,1,1784074429
2026-07-15T00:18:16Z,671,21,0,6,0,0,1,1,1,1784073929
2026-07-15T00:18:16Z,672,8,0,11,4,0,1,1,1,1784074423
2026-07-15T00:18:16Z,673,20,1,2,1,0,1,1,1,1784073983
2026-07-15T00:18:16Z,674,1,1,19,3,0,1,1,1,1784074562
2026-07-15T00:18:16Z,675,3,2,10,1,1,1,1,1,1784074483
2026-07-15T00:18:16Z,676,5,1,17,1,0,1,1,1,1784073434
2026-07-15T00:18:16Z,681,5,0,6,4,0,1,1,1,1784074103
2026-07-15T00:18:16Z,682,14,4,0,5,0,1,1,1,1784049239
2026-07-15T00:18:16Z,683,15,3,4,0,0,1,1,1,1784074254
2026-07-15T00:18:16Z,684,9,0,18,0,0,1,1,1,1784067028
2026-07-15T00:18:16Z,685,5,1,20,1,1,1,1,1,1784073768
2026-07-15T00:18:16Z,686,10,2,15,2,0,1,1,1,1784074427
2026-07-15T00:18:16Z,687,5,2,24,1,1,1,1,1,1784074564
2026-07-15T00:18:16Z,688,1,0,17,1,0,1,1,1,1784074567
2026-07-15T00:18:16Z,692,0,0,20,1,0,1,1,1,1784074234
2026-07-15T00:18:16Z,693,4,0,4,3,0,1,1,1,1784073003
2026-07-15T00:18:16Z,694,7,4,14,0,0,1,1,1,1784074681
2026-07-15T00:18:16Z,695,5,2,17,1,0,1,1,1,1784073814
2026-07-15T00:18:16Z,696,21,12,2,0,0,1,1,1,1784074137
2026-07-15T00:18:16Z,697,15,0,6,2,0,1,1,1,1784074654
2026-07-15T00:18:16Z,698,9,1,18,0,0,1,1,1,1784074651
2026-07-15T00:18:16Z,699,3,0,11,1,0,1,1,1,1784073988
2026-07-15T00:18:16Z,700,16,0,3,0,0,1,1,1,1784073808
2026-07-15T00:18:16Z,701,9,0,9,1,0,1,1,1,1784074006
2026-07-15T00:18:16Z,702,0,0,22,1,0,1,1,1,1784074231
2026-07-15T00:18:16Z,703,19,4,3,1,0,1,1,1,1784074081
2026-07-15T00:18:16Z,704,12,2,3,0,0,1,1,1,1784073046
2026-07-15T00:18:16Z,705,14,6,1,0,0,1,1,1,1784074383
2026-07-15T00:18:16Z,706,14,7,1,0,0,1,1,1,1784074393
2026-07-15T00:18:16Z,707,10,5,4,1,0,1,1,1,1784073089
2026-07-15T00:18:16Z,708,18,1,1,0,0,1,1,1,1784074310
2026-07-15T00:18:16Z,709,6,0,7,2,0,1,1,1,1784073677
2026-07-15T00:18:16Z,710,7,2,12,0,0,1,1,1,1784074121
2026-07-15T00:18:16Z,711,15,5,0,4,0,1,1,1,1784074405
2026-07-15T00:18:16Z,712,2,2,13,0,0,1,1,1,1784073727
2026-07-15T00:18:16Z,713,3,0,19,1,0,1,1,1,1784074130
2026-07-15T00:18:16Z,716,0,0,15,0,0,1,1,1,1784073329
2026-07-15T00:18:16Z,717,11,9,11,3,0,1,1,1,1784073609
2026-07-15T00:18:16Z,718,0,0,14,1,0,1,1,1,1784074316
2026-07-15T00:18:16Z,719,2,0,27,0,0,1,1,1,1784074018
2026-07-15T00:18:16Z,720,3,1,16,0,0,1,1,1,1784074316
2026-07-15T00:18:16Z,721,5,0,18,0,0,1,1,1,1784073979
2026-07-15T00:18:16Z,722,5,0,10,0,0,1,1,1,1784073531
2026-07-15T00:18:16Z,723,5,2,17,1,0,1,1,1,1784074639
2026-07-15T00:18:16Z,724,9,0,14,0,0,1,1,1,1784073473
2026-07-15T00:18:16Z,725,12,1,10,1,0,1,1,1,1784073604
2026-07-15T00:18:16Z,726,19,2,0,0,0,1,1,1,1784073441
2026-07-15T00:18:16Z,727,6,0,15,2,0,1,1,1,1784074332
2026-07-15T00:18:16Z,728,11,1,2,2,0,1,1,1,1784074407
2026-07-15T00:18:16Z,729,18,1,0,1,0,1,1,1,1784074193
2026-07-15T00:18:16Z,730,10,1,5,0,0,1,1,1,1784074163
2026-07-15T00:18:16Z,731,1,1,13,1,0,1,1,1,1784073174
2026-07-15T00:18:16Z,732,8,2,7,0,0,1,1,1,1784074340
2026-07-15T00:18:16Z,733,26,1,1,0,0,1,1,1,1784074296
2026-07-15T00:18:16Z,734,4,0,10,0,0,1,1,1,1784073503
2026-07-15T00:18:16Z,735,0,0,27,0,0,1,1,1,1784074541
2026-07-15T00:18:16Z,736,8,4,11,0,0,1,1,1,1784073217
2026-07-15T00:18:16Z,737,4,1,11,0,0,1,1,1,1784074403
2026-07-15T00:18:16Z,738,6,3,11,2,0,1,1,1,1784073952
2026-07-15T00:18:16Z,739,11,3,14,2,0,1,1,1,1784073606
2026-07-15T00:18:16Z,741,2,1,21,0,0,1,1,1,1784074201
2026-07-15T00:18:16Z,742,31,2,8,0,0,1,1,1,1784074571
2026-07-15T00:18:16Z,743,0,0,19,0,0,1,1,1,1784073202
2026-07-15T00:18:16Z,744,5,0,9,1,0,1,1,1,1784073119
2026-07-15T00:18:16Z,745,13,2,4,2,0,1,1,1,1784073273
2026-07-15T00:18:16Z,746,19,0,4,0,0,1,1,1,1784073964
2026-07-15T00:18:16Z,747,0,0,19,0,0,0,1,1,1783446606
2026-07-15T00:18:16Z,748,13,2,7,0,0,1,1,1,1784073682
2026-07-15T00:18:16Z,749,7,2,15,1,0,1,1,1,1784074176
2026-07-15T00:18:16Z,750,1,0,8,2,0,1,1,1,1784074278
2026-07-15T00:18:16Z,751,1,1,22,0,0,1,1,1,1784074645
2026-07-15T00:18:16Z,752,14,1,3,0,0,1,1,1,1784074154
2026-07-15T00:18:16Z,753,15,0,0,0,0,1,1,1,1784074665
2026-07-15T00:18:16Z,754,13,3,2,0,0,1,1,1,1784073550
2026-07-15T00:18:16Z,755,5,4,11,2,0,1,1,1,1784073954
2026-07-15T00:18:16Z,756,0,0,37,1,0,1,1,1,1784074190
2026-07-15T00:18:16Z,757,3,1,16,0,0,1,1,1,1784073544
2026-07-15T00:18:16Z,758,3,2,20,0,0,1,1,1,1784074514
2026-07-15T00:18:16Z,759,4,1,11,0,0,1,1,1,1784074639
2026-07-15T00:18:16Z,760,17,5,1,1,0,1,1,1,1784068228
2026-07-15T00:18:16Z,761,5,1,18,0,0,1,1,1,1784074367
2026-07-15T00:18:16Z,762,4,4,6,5,0,1,1,1,1784073579
2026-07-15T00:18:16Z,768,18,6,0,1,0,1,1,1,1784074516
2026-07-15T00:18:16Z,769,9,5,10,0,0,1,1,1,1784074559
2026-07-15T00:18:16Z,770,6,3,13,0,0,1,1,1,1784074053
2026-07-15T00:18:16Z,771,10,1,5,0,0,1,1,1,1784074177
2026-07-15T00:18:16Z,772,4,3,11,0,0,1,1,1,1784072151
2026-07-15T00:18:16Z,773,8,4,11,0,0,1,1,1,1784073741
2026-07-15T00:18:16Z,774,7,1,6,2,0,1,1,1,1784074638
2026-07-15T00:18:16Z,775,4,0,12,3,0,1,1,1,1784070861
2026-07-15T00:18:16Z,776,2,0,18,1,0,1,1,1,1784072933
2026-07-15T00:18:16Z,777,8,3,0,7,0,1,1,1,1784074354
2026-07-15T00:18:16Z,778,16,3,1,2,0,1,1,1,1784073536
2026-07-15T00:18:16Z,779,13,1,5,1,0,1,1,1,1784073000
2026-07-15T00:18:16Z,780,13,2,5,1,0,1,1,1,1784074593
2026-07-15T00:18:16Z,781,5,2,6,0,0,1,1,1,1784072998
2026-07-15T00:18:16Z,782,10,5,8,1,0,1,1,1,1784074150
2026-07-15T00:18:16Z,783,6,1,13,0,0,1,1,1,1784074618
2026-07-15T00:18:16Z,784,18,0,1,0,0,1,1,1,1784068540
2026-07-15T00:18:16Z,785,8,1,6,4,0,1,1,1,1784067827
2026-07-15T00:18:16Z,786,8,2,9,2,0,1,1,1,1784073264
2026-07-15T00:18:16Z,787,12,2,2,1,0,1,1,1,1784074130
2026-07-15T00:18:16Z,788,5,3,10,0,0,1,1,1,1784074318
2026-07-15T00:18:16Z,789,10,1,5,0,0,1,1,1,1784073668
2026-07-15T00:18:16Z,790,1,1,22,0,0,1,1,1,1784074597
2026-07-15T00:18:16Z,791,12,1,6,1,0,1,1,1,1784073974
2026-07-15T00:18:16Z,793,3,2,10,2,0,1,1,1,1784074459
2026-07-15T00:18:16Z,794,5,2,23,1,0,1,1,1,1784074518
2026-07-15T00:18:16Z,796,1,1,15,3,0,1,1,1,1784073178
2026-07-15T00:18:16Z,797,2,1,13,0,0,1,1,1,1784074057
2026-07-15T00:18:16Z,798,13,1,9,3,0,1,1,1,1784074397
2026-07-15T00:18:16Z,799,6,2,9,4,0,1,1,1,1784073199
2026-07-15T00:18:16Z,800,13,0,8,0,0,1,1,1,1784074313
2026-07-15T00:18:16Z,801,0,0,20,1,0,1,1,1,1784073874
2026-07-15T00:18:16Z,802,1,0,30,0,0,1,1,1,1784074406
2026-07-15T00:18:16Z,803,11,1,4,0,0,1,1,1,1784074291
2026-07-15T00:18:16Z,806,1,1,13,1,0,1,1,1,1784074137
2026-07-15T00:18:16Z,807,0,0,24,1,0,1,1,1,1784074319
2026-07-15T00:18:16Z,808,0,0,24,1,0,1,1,1,1784072956
2026-07-15T00:18:16Z,809,9,4,13,1,0,1,1,1,1784073785
2026-07-15T00:18:16Z,810,10,9,6,3,0,1,1,1,1784073225
2026-07-15T00:18:16Z,815,11,0,3,1,0,1,1,1,1784074351
2026-07-15T00:18:16Z,817,2,0,4,9,0,1,1,1,1784073896
2026-07-15T00:18:16Z,818,8,2,15,0,0,1,1,1,1784074483
2026-07-15T00:18:16Z,819,3,0,8,4,0,1,1,1,1784074520
2026-07-15T00:18:16Z,820,8,1,7,2,0,1,1,1,1784072960
2026-07-15T00:18:16Z,821,11,6,3,1,0,1,1,1,1784073998
2026-07-15T00:18:16Z,822,6,0,15,2,0,1,1,1,1784074290
2026-07-15T00:18:16Z,823,5,0,10,0,0,1,1,1,1784074305
2026-07-15T00:18:16Z,824,17,3,1,1,0,1,1,1,1784074677
2026-07-15T00:18:16Z,825,10,1,4,1,0,1,1,1,1784074603
2026-07-15T00:18:16Z,826,4,0,11,3,1,1,1,1,1784074253
2026-07-15T00:18:16Z,827,19,7,2,0,0,1,1,1,1784074375
2026-07-15T00:18:16Z,828,5,1,12,1,0,1,1,1,1784074098
2026-07-15T00:18:16Z,829,1,0,26,0,0,1,1,1,1784074608
2026-07-15T00:18:16Z,830,13,1,10,0,0,1,1,1,1784074659
2026-07-15T00:18:16Z,831,3,0,12,0,0,1,1,1,1784074392
2026-07-15T00:18:16Z,832,4,0,14,0,0,1,1,1,1784072985
2026-07-15T00:18:16Z,833,17,4,0,2,0,1,1,1,1784074490
2026-07-15T00:18:16Z,834,20,1,3,1,0,1,1,1,1784074553
2026-07-15T00:18:16Z,835,7,3,11,0,0,1,1,1,1784073097
2026-07-15T00:18:16Z,837,5,3,4,6,0,1,1,1,1784073685
2026-07-15T00:18:16Z,838,5,3,4,6,0,1,1,1,1784074504
2026-07-15T00:18:16Z,839,5,0,23,1,0,1,1,1,1784074568
2026-07-15T00:18:16Z,840,0,0,28,1,0,1,1,1,1784074660
2026-07-15T00:18:16Z,841,11,7,4,0,0,1,1,1,1784073586
2026-07-15T00:18:16Z,842,18,2,4,0,0,1,1,1,1784073749
2026-07-15T00:18:16Z,843,19,4,10,2,0,1,1,1,1784072876
2026-07-15T00:18:16Z,844,6,0,16,1,0,1,1,1,1784073676
2026-07-15T00:18:16Z,845,5,0,14,0,0,1,1,1,1784073045
2026-07-15T00:18:16Z,846,8,0,9,1,0,1,1,1,1784073076
2026-07-15T00:18:16Z,847,5,4,22,0,0,1,1,1,1784073221
2026-07-15T00:18:16Z,848,7,0,12,0,0,1,1,1,1784073074
2026-07-15T00:18:16Z,849,2,1,11,2,0,1,1,1,1784073691
2026-07-15T00:18:16Z,850,9,3,1,1,0,1,1,1,1784074227
2026-07-15T00:18:16Z,851,14,13,22,1,0,1,1,1,1784074140
2026-07-15T00:18:16Z,852,6,1,12,1,0,1,1,1,1784073902
2026-07-15T00:18:16Z,853,11,2,11,1,0,1,1,1,1784074597
2026-07-15T00:18:16Z,854,7,3,8,0,0,1,1,1,1784072993
2026-07-15T00:18:16Z,855,13,0,14,0,0,1,1,1,1784072292
2026-07-15T00:18:16Z,857,1,0,13,5,0,1,1,1,1784074676
2026-07-15T00:18:16Z,858,8,5,9,2,0,1,1,1,1784073223
2026-07-15T00:18:16Z,859,5,2,15,1,0,1,1,1,1784074288
2026-07-15T00:18:16Z,861,3,1,7,1,0,1,1,1,1784065902
2026-07-15T00:18:16Z,862,0,0,15,0,0,1,1,1,1784073620
2026-07-15T00:18:16Z,863,13,4,4,2,0,1,1,1,1784074381
2026-07-15T00:18:16Z,866,9,0,10,0,0,1,1,1,1784073080
2026-07-15T00:18:16Z,867,11,3,4,0,0,1,1,1,1784073534
2026-07-15T00:18:16Z,868,4,2,10,1,0,1,1,1,1784074228
2026-07-15T00:18:16Z,870,8,3,6,1,0,1,1,1,1784074378
2026-07-15T00:18:16Z,871,1,1,9,1,0,1,1,1,1784073489
2026-07-15T00:18:16Z,872,7,3,8,0,0,1,1,1,1784074250
2026-07-15T00:18:16Z,873,1,0,31,1,0,1,1,1,1784074545
2026-07-15T00:18:16Z,874,14,0,0,1,0,1,1,1,1784073830
2026-07-15T00:18:16Z,875,8,4,6,1,0,1,1,1,1784074227
2026-07-15T00:18:16Z,877,6,5,12,1,0,1,1,1,1784073332
2026-07-15T00:18:16Z,878,7,6,12,0,0,1,1,1,1784073569
2026-07-15T00:18:16Z,879,11,2,8,0,0,1,1,1,1784073308
2026-07-15T00:18:16Z,880,5,0,18,0,0,1,1,1,1784073684
2026-07-15T00:18:16Z,881,15,3,4,0,0,1,1,1,1784073776
2026-07-15T00:18:16Z,882,11,5,8,0,0,1,1,1,1784074662
2026-07-15T00:18:16Z,883,10,5,9,0,0,1,1,1,1784074326
2026-07-15T00:18:16Z,884,8,4,12,1,0,1,1,1,1784074672
2026-07-15T00:18:16Z,885,4,0,15,0,0,1,1,1,1784074674
2026-07-15T00:18:16Z,886,1,1,27,1,0,1,1,1,1784073139
2026-07-15T00:18:16Z,887,3,1,11,3,0,1,1,1,1784073842
2026-07-15T00:18:16Z,888,38,1,2,1,0,1,1,1,1784074657
2026-07-15T00:18:16Z,889,15,0,2,2,0,1,1,1,1784074311
2026-07-15T00:18:16Z,890,6,1,9,0,0,1,1,1,1784074623
2026-07-15T00:18:16Z,891,8,0,15,0,0,1,1,1,1784074072
2026-07-15T00:18:16Z,892,10,0,5,0,0,1,1,1,1784070661
2026-07-15T00:18:16Z,895,12,3,6,1,0,1,1,1,1784071036
2026-07-15T00:18:16Z,896,15,0,20,0,0,1,1,1,1784074278
2026-07-15T00:18:16Z,897,10,0,9,2,0,1,1,1,1784073639
2026-07-15T00:18:16Z,898,5,1,13,1,0,1,1,1,1784073019
2026-07-15T00:18:16Z,899,17,2,2,0,0,1,1,1,1784074236
2026-07-15T00:18:16Z,900,23,1,3,1,0,1,1,1,1784074639
2026-07-15T00:18:16Z,901,18,4,0,1,0,1,1,1,1784074406
2026-07-15T00:18:16Z,902,4,0,11,0,0,1,1,1,1784074143
2026-07-15T00:18:16Z,903,12,0,7,0,0,1,1,1,1784072992
2026-07-15T00:18:16Z,904,9,2,9,1,0,1,1,1,1784073000
2026-07-15T00:18:16Z,905,14,0,11,2,0,1,1,1,1784074308
2026-07-15T00:18:16Z,906,6,2,20,1,0,1,1,1,1784074664
2026-07-15T00:18:16Z,907,22,1,6,3,0,1,1,1,1784074610
2026-07-15T00:18:16Z,908,13,1,9,1,0,1,1,1,1784074467
2026-07-15T00:18:16Z,909,4,3,18,1,0,1,1,1,1784074586
2026-07-15T00:18:16Z,910,21,1,8,2,0,1,1,1,1784074019
2026-07-15T00:18:16Z,911,9,0,9,1,0,1,1,1,1784074029
2026-07-15T00:18:16Z,912,12,4,8,3,0,1,1,1,1784074567
2026-07-15T00:18:16Z,913,4,3,15,0,0,1,1,1,1784074317
2026-07-15T00:18:16Z,914,8,1,9,2,0,1,1,1,1784074678
2026-07-15T00:18:16Z,915,16,1,5,2,0,1,1,1,1784074024
2026-07-15T00:18:16Z,916,17,1,6,0,0,1,1,1,1784074009
2026-07-15T00:18:16Z,917,5,0,28,2,0,1,1,1,1784074059
2026-07-15T00:18:16Z,918,15,0,2,2,0,1,1,1,1784074591
2026-07-15T00:18:16Z,919,18,1,20,1,0,1,1,1,1784074631
2026-07-15T00:18:16Z,920,5,5,13,1,0,1,1,1,1784074364
2026-07-15T00:18:16Z,921,13,2,5,3,0,1,1,1,1784073705
2026-07-15T00:18:16Z,922,9,0,12,0,0,1,1,1,1784074319
2026-07-15T00:18:16Z,923,0,0,18,1,0,1,1,1,1784073763
2026-07-15T00:18:16Z,924,15,5,6,0,0,1,1,1,1784073307
2026-07-15T00:18:16Z,925,6,0,15,0,0,1,1,1,1784074595
2026-07-15T00:18:16Z,926,6,0,15,0,0,1,1,1,1784074261
2026-07-15T00:18:16Z,927,1,0,33,0,1,1,1,1,1784074593
2026-07-15T00:18:16Z,928,6,0,13,0,0,1,1,1,1784074520
2026-07-15T00:18:16Z,929,0,0,23,0,0,1,1,1,1784074020
2026-07-15T00:18:16Z,930,9,0,20,2,0,1,1,1,1784074503
2026-07-15T00:18:16Z,931,1,1,21,1,0,1,1,1,1784074536
2026-07-15T00:18:16Z,932,17,0,2,0,0,1,1,1,1784074538
2026-07-15T00:18:16Z,933,22,2,1,0,0,1,1,1,1784074376
2026-07-15T00:18:16Z,934,12,0,19,0,0,1,1,1,1784074396
2026-07-15T00:18:16Z,935,8,0,10,1,0,1,1,1,1784074640
2026-07-15T00:18:16Z,936,3,0,16,0,0,1,1,1,1784074025
2026-07-15T00:18:16Z,940,11,3,0,0,0,1,1,1,1784069524
2026-07-15T00:18:16Z,941,19,0,4,2,0,1,1,1,1784074211
2026-07-15T00:18:16Z,942,14,2,6,1,0,1,1,1,1784074358
2026-07-15T00:18:16Z,943,4,3,10,1,0,1,1,1,1784073648
2026-07-15T00:18:16Z,944,8,7,6,1,0,1,1,1,1784074345
2026-07-15T00:18:16Z,945,4,3,11,0,0,1,1,1,1784074196
2026-07-15T00:18:16Z,946,11,8,8,0,0,1,1,1,1784074446
2026-07-15T00:18:16Z,947,8,5,9,0,0,1,1,1,1784074043
2026-07-15T00:18:16Z,948,0,0,30,1,0,1,1,1,1784074372
2026-07-15T00:18:16Z,949,2,0,12,1,0,1,1,1,1784074289
2026-07-15T00:18:16Z,950,7,0,9,1,0,1,1,1,1784074481
2026-07-15T00:18:16Z,951,4,3,18,1,0,1,1,1,1784074032
2026-07-15T00:18:16Z,952,28,2,25,2,0,1,1,1,1784074209
2026-07-15T00:18:16Z,953,9,2,6,0,0,1,1,1,1784074588
2026-07-15T00:18:16Z,954,16,5,2,1,0,1,1,1,1784073403
2026-07-15T00:18:16Z,955,0,0,25,2,0,1,1,1,1784073908
2026-07-15T00:18:16Z,956,17,0,2,0,0,1,1,1,1784074313
2026-07-15T00:18:16Z,957,3,1,25,1,0,1,1,1,1784074675
2026-07-15T00:18:16Z,958,18,0,12,1,0,1,1,1,1784074377
2026-07-15T00:18:16Z,959,8,7,13,2,0,1,1,1,1784073810
2026-07-15T00:18:16Z,960,21,1,1,1,0,1,1,1,1784074683
2026-07-15T00:18:16Z,961,1,1,18,4,0,1,1,1,1784074683
2026-07-15T00:18:16Z,962,5,2,25,5,0,1,1,1,1784073751
2026-07-15T00:18:16Z,963,13,0,10,0,0,1,1,1,1784073808
2026-07-15T00:18:16Z,964,20,4,0,3,0,1,1,1,1784074125
2026-07-15T00:18:16Z,965,2,1,23,2,0,1,1,1,1784073922
2026-07-15T00:18:16Z,966,5,4,24,2,0,1,1,1,1784074544
2026-07-15T00:18:16Z,967,15,6,3,3,0,1,1,1,1784073256
2026-07-15T00:18:16Z,968,19,0,0,0,0,1,1,1,1784073159
2026-07-15T00:18:16Z,969,8,6,18,1,0,1,1,1,1784074663
2026-07-15T00:18:16Z,970,13,3,4,2,0,1,1,1,1784074222
2026-07-15T00:18:16Z,971,23,0,0,0,0,1,1,1,1784073715
2026-07-15T00:18:16Z,972,5,5,17,1,0,1,1,1,1784073830
2026-07-15T00:18:16Z,973,5,0,17,1,0,1,1,1,1784074623
2026-07-15T00:18:16Z,974,15,0,10,2,0,1,1,1,1784074392
2026-07-15T00:18:16Z,977,8,5,11,2,0,1,1,1,1784074555
2026-07-15T00:18:16Z,978,16,1,7,0,0,1,1,1,1784074602
2026-07-15T00:18:16Z,979,0,0,17,0,0,1,1,1,1784073832
2026-07-15T00:18:16Z,980,1,0,17,3,0,1,1,1,1784074331
2026-07-15T00:18:16Z,981,18,0,2,1,0,1,1,1,1784074586
2026-07-15T00:18:16Z,982,10,0,8,1,0,1,1,1,1784073035
2026-07-15T00:18:16Z,983,8,1,14,1,0,1,1,1,1784073783
2026-07-15T00:18:16Z,984,12,2,9,2,0,1,1,1,1784074638
2026-07-15T00:18:16Z,985,12,0,18,1,0,1,1,1,1784074373
2026-07-15T00:18:16Z,986,3,0,16,0,0,1,1,1,1784073130
2026-07-15T00:18:16Z,987,7,1,16,0,0,1,1,1,1784074304
2026-07-15T00:18:16Z,988,17,7,2,0,0,1,1,1,1784073457
2026-07-15T00:18:16Z,989,13,10,6,0,0,1,1,1,1784073404
2026-07-15T00:18:16Z,990,13,2,2,0,0,1,1,1,1784074449
2026-07-15T00:18:16Z,991,10,2,6,3,0,1,1,1,1784073353
2026-07-15T00:18:16Z,992,9,2,14,0,0,1,1,1,1784073710
2026-07-15T00:18:16Z,993,0,0,27,0,0,1,1,1,1784074682
2026-07-15T00:18:16Z,994,1,0,17,3,0,1,1,1,1784074443
2026-07-15T00:18:16Z,995,14,1,13,0,0,1,1,1,1784074324
2026-07-15T00:18:16Z,996,12,5,11,0,0,1,1,1,1784074057
2026-07-15T00:18:16Z,997,10,4,13,0,0,1,1,1,1784074673
2026-07-15T00:18:16Z,998,6,0,17,0,0,1,1,1,1784073643
2026-07-15T00:18:16Z,999,13,4,6,1,1,1,1,1,1784073539
2026-07-15T00:18:16Z,1000,6,0,15,0,0,1,1,1,1784073284
2026-07-15T00:18:16Z,1001,2,0,24,1,0,1,1,1,1784074263
2026-07-15T00:18:16Z,1002,8,0,23,0,0,1,1,1,1784073072
2026-07-15T00:18:16Z,1003,1,0,22,0,0,1,1,1,1784073567
2026-07-15T00:18:16Z,1004,2,2,21,0,0,1,1,1,1784074585
2026-07-15T00:18:16Z,1005,3,1,19,1,0,1,1,1,1784073625
2026-07-15T00:18:16Z,1006,11,1,7,1,0,1,1,1,1784073169
2026-07-15T00:18:16Z,1007,4,1,17,0,0,1,1,1,1784073381
2026-07-15T00:18:16Z,1008,12,6,11,0,0,1,1,1,1784073913
2026-07-15T00:18:16Z,1009,13,1,17,1,0,1,1,1,1784073105
2026-07-15T00:18:16Z,1010,14,13,12,1,0,1,1,1,1784072884
2026-07-15T00:18:16Z,1011,7,1,10,2,0,1,1,1,1784074219
2026-07-15T00:18:16Z,1012,6,3,16,1,0,1,1,1,1784074343
2026-07-15T00:18:16Z,1013,6,3,16,1,0,1,1,1,1784073789
2026-07-15T00:18:16Z,1014,9,4,14,0,0,1,1,1,1784073721
2026-07-15T00:18:16Z,1015,13,4,18,0,0,1,1,1,1784073107
2026-07-15T00:18:16Z,1016,15,8,14,2,0,1,1,1,1784073330
2026-07-15T00:18:16Z,1017,11,1,10,0,0,1,1,1,1784073334
2026-07-15T00:18:16Z,1018,3,2,16,2,0,1,1,1,1784073977
2026-07-15T00:18:16Z,1019,8,0,6,1,0,1,1,1,1784074178
2026-07-15T00:18:16Z,1020,15,1,6,0,0,1,1,1,1784074021
2026-07-15T00:18:16Z,1021,11,5,3,1,0,1,1,1,1784074432
2026-07-15T00:18:16Z,1022,12,1,15,0,0,1,1,1,1784074221
2026-07-15T00:18:16Z,1023,15,0,8,0,0,1,1,1,1784073066
2026-07-15T00:18:16Z,1024,16,0,2,1,0,1,1,1,1784072922
2026-07-15T00:18:16Z,1025,11,2,8,0,0,1,1,1,1784073016
2026-07-15T00:18:16Z,1026,3,1,27,1,0,1,1,1,1784073996
2026-07-15T00:18:16Z,1028,13,4,10,0,0,1,1,1,1784073835
2026-07-15T00:18:16Z,1029,11,7,4,0,0,1,1,1,1784074518
2026-07-15T00:18:16Z,1030,18,9,4,1,0,1,1,1,1784073988
2026-07-15T00:18:16Z,1031,3,1,16,0,0,1,1,1,1784073045
2026-07-15T00:18:16Z,1032,11,4,8,0,0,1,1,1,1784073086
2026-07-15T00:18:16Z,1033,13,6,6,0,0,1,1,1,1784073193
2026-07-15T00:18:16Z,1034,10,1,5,0,0,1,1,1,1784074213
2026-07-15T00:18:16Z,1035,4,2,14,1,0,1,1,1,1784073634
2026-07-15T00:18:16Z,1036,6,4,9,0,0,1,1,1,1784074480
2026-07-15T00:18:16Z,1037,5,1,14,0,0,1,1,1,1784073052
2026-07-15T00:18:16Z,1038,0,0,15,0,0,1,1,1,1784074137
2026-07-15T00:18:16Z,1039,9,4,10,0,0,1,1,1,1784073825
2026-07-15T00:18:16Z,1040,3,0,16,0,0,1,1,1,1784073111
2026-07-15T00:18:16Z,1041,6,2,13,0,0,1,1,1,1784074620
2026-07-15T00:18:16Z,1042,4,0,10,1,0,1,1,1,1784074174
2026-07-15T00:18:16Z,1043,2,1,17,0,0,1,1,1,1784073090
2026-07-15T00:18:16Z,1044,1,0,12,2,0,1,1,1,1784074583
2026-07-15T00:18:16Z,1045,2,1,17,0,0,1,1,1,1784073008
2026-07-15T00:18:16Z,1046,2,0,9,4,0,1,1,1,1784074205
2026-07-15T00:18:16Z,1047,5,0,16,0,0,1,1,1,1784073223
2026-07-15T00:18:16Z,1048,14,0,5,0,0,1,1,1,1784072951
2026-07-15T00:18:16Z,1049,6,0,15,0,0,1,1,1,1784073532
2026-07-15T00:18:16Z,1050,16,3,5,0,0,1,1,1,1784073043
2026-07-15T00:18:16Z,1051,16,0,5,0,0,1,1,1,1784073375
2026-07-15T00:18:16Z,1052,10,1,12,0,0,1,1,1,1784073532
2026-07-15T00:18:16Z,1053,2,0,13,0,0,1,1,1,1784074086
2026-07-15T00:18:16Z,1054,9,0,6,0,0,1,1,1,1784074242
2026-07-15T00:18:16Z,1055,10,4,9,0,0,1,1,1,1784073052
2026-07-15T00:18:16Z,1057,10,0,7,2,0,1,1,1,1784074175
2026-07-15T00:18:16Z,1058,28,1,28,0,0,1,1,1,1784074425
2026-07-15T00:18:16Z,1059,15,2,4,0,0,1,1,1,1784074236
2026-07-15T00:18:16Z,1060,24,2,13,0,0,1,1,1,1784074678
2026-07-15T00:18:16Z,1061,7,0,30,0,0,1,1,1,1784074147
2026-07-15T00:18:16Z,1062,6,0,11,0,0,1,1,1,1784073795
2026-07-15T00:18:16Z,1063,10,0,7,2,0,1,1,1,1784073035
2026-07-15T00:18:16Z,1064,4,1,18,1,0,1,1,1,1784073680
2026-07-15T00:18:16Z,1065,16,5,7,0,0,1,1,1,1784073784
2026-07-15T00:18:16Z,1066,16,5,6,1,0,1,1,1,1784073840
2026-07-15T00:18:16Z,1067,8,0,15,0,0,1,1,1,1784073626
2026-07-15T00:18:16Z,1068,14,3,8,1,0,1,1,1,1784073288
2026-07-15T00:18:16Z,1069,5,0,17,1,0,1,1,1,1784073632
2026-07-15T00:18:16Z,1070,6,3,16,1,0,1,1,1,1784073736
2026-07-15T00:18:16Z,1071,4,2,19,0,0,1,1,1,1784073631
2026-07-15T00:18:16Z,1072,11,2,9,3,0,1,1,1,1784073830
2026-07-15T00:18:16Z,1073,8,1,19,0,0,1,1,1,1784072985
2026-07-15T00:18:16Z,1074,43,0,6,3,0,1,1,1,1784074203
2026-07-15T00:18:16Z,1075,8,6,12,1,0,1,1,1,1784073631
2026-07-15T00:18:16Z,1076,16,12,5,0,0,1,1,1,1784073646
2026-07-15T00:18:16Z,1077,8,6,13,0,0,1,1,1,1784073567
2026-07-15T00:18:16Z,1078,11,7,10,0,0,1,1,1,1784073191
2026-07-15T00:18:16Z,1079,9,8,12,0,0,1,1,1,1784074009
2026-07-15T00:18:16Z,1080,12,10,9,0,0,1,1,1,1784073791
2026-07-15T00:18:16Z,1081,10,8,9,0,0,1,1,1,1784074587
2026-07-15T00:18:16Z,1082,12,10,11,0,0,1,1,1,1784073490
2026-07-15T00:18:16Z,1083,11,9,10,0,0,1,1,1,1784073629
2026-07-15T00:18:16Z,1084,8,5,13,0,0,1,1,1,1784074624
2026-07-15T00:18:16Z,1085,13,12,8,0,0,1,1,1,1784074637
2026-07-15T00:18:16Z,1086,9,6,12,0,0,1,1,1,1784073696
2026-07-15T00:18:16Z,1087,8,6,7,0,0,1,1,1,1784074472
2026-07-15T00:18:16Z,1088,12,9,3,0,0,1,1,1,1784072910
2026-07-15T00:18:16Z,1089,8,5,7,0,0,1,1,1,1784074469
2026-07-15T00:18:16Z,1090,12,10,3,0,0,1,1,1,1784074484
2026-07-15T00:18:16Z,1091,8,6,7,0,0,1,1,1,1784073390
2026-07-15T00:18:16Z,1092,10,8,5,0,0,1,1,1,1784074547
2026-07-15T00:18:16Z,1093,8,7,7,0,0,1,1,1,1784074469
2026-07-15T00:18:16Z,1094,12,10,7,0,0,1,1,1,1784073012
2026-07-15T00:18:16Z,1095,10,9,5,0,0,1,1,1,1784073770
2026-07-15T00:18:16Z,1096,9,6,10,0,0,1,1,1,1784073251
2026-07-15T00:18:16Z,1097,6,6,9,0,0,1,1,1,1784074510
2026-07-15T00:18:16Z,1098,10,8,9,0,0,1,1,1,1784073252
2026-07-15T00:18:16Z,1099,9,9,6,0,0,1,1,1,1784074453
2026-07-15T00:18:16Z,1100,13,7,15,1,0,1,1,1,1784073092
2026-07-15T00:18:16Z,1101,11,6,10,0,0,1,1,1,1784073569
2026-07-15T00:18:16Z,1102,9,5,4,0,0,1,1,1,1784073905
2026-07-15T00:18:16Z,1103,9,5,11,1,0,1,1,1,1784064455
2026-07-15T00:18:16Z,1104,9,4,12,0,0,1,1,1,1784073467
2026-07-15T00:18:16Z,1105,8,4,5,0,0,1,1,1,1784073863
2026-07-15T00:18:16Z,1106,10,5,10,1,0,1,1,1,1784073551
2026-07-15T00:18:16Z,1107,10,5,5,0,0,1,1,1,1784074251
2026-07-15T00:18:16Z,1108,9,4,15,3,0,1,1,1,1784074419
2026-07-15T00:18:16Z,1109,8,4,7,0,0,1,1,1,1784074263
2026-07-15T00:18:16Z,1110,12,4,9,0,0,1,1,1,1784073398
2026-07-15T00:18:16Z,1111,6,0,15,0,0,1,1,1,1784073407
2026-07-15T00:18:16Z,1112,49,0,4,0,0,1,1,1,1784074155
2026-07-15T00:18:16Z,1113,5,0,16,0,0,1,1,1,1784074561
2026-07-15T00:18:16Z,1115,4,2,19,0,0,1,1,1,1784073702
2026-07-15T00:18:16Z,1116,7,2,12,0,0,1,1,1,1784073023
2026-07-15T00:18:16Z,1117,10,4,13,0,0,1,1,1,1784074487
2026-07-15T00:18:16Z,1118,18,0,2,1,0,1,1,1,1784073776
2026-07-15T00:18:16Z,1119,5,2,12,0,0,1,1,1,1784074518
2026-07-15T00:18:16Z,1120,18,1,0,1,0,1,1,1,1784074397
2026-07-15T00:18:16Z,1121,11,0,9,1,0,1,1,1,1784074609
2026-07-15T00:18:16Z,1122,5,0,16,0,0,1,1,1,1784074602
2026-07-15T00:18:16Z,1123,11,4,11,1,0,1,1,1,1784074550
2026-07-15T00:18:16Z,1124,8,0,6,1,0,1,1,1,1784073763
2026-07-15T00:18:16Z,1125,9,2,12,2,0,1,1,1,1784074656
2026-07-15T00:18:16Z,1126,1,0,20,0,0,1,1,1,1784073403
2026-07-15T00:18:16Z,1127,12,3,7,0,0,1,1,1,1784074568
2026-07-15T00:18:16Z,1128,11,3,4,0,0,1,1,1,1784074210
2026-07-15T00:18:16Z,1129,10,1,11,0,0,1,1,1,1784073132
2026-07-15T00:18:16Z,1130,13,0,2,0,0,1,1,1,1784074151
2026-07-15T00:18:16Z,1131,36,0,12,1,0,1,1,1,1784074619
2026-07-15T00:18:16Z,1132,19,0,1,1,0,1,1,1,1784074470
2026-07-15T00:18:16Z,1133,8,7,12,1,0,1,1,1,1784073457
2026-07-15T00:18:16Z,1134,10,4,9,0,0,1,1,1,1784073205
2026-07-15T00:18:16Z,1135,9,4,12,0,0,1,1,1,1784073468
2026-07-15T00:18:16Z,1136,17,0,6,0,0,1,1,1,1784073634
2026-07-15T00:18:16Z,1137,10,1,5,0,0,1,1,1,1784074203
2026-07-15T00:18:16Z,1138,19,1,0,0,0,1,1,1,1784073127
2026-07-15T00:18:16Z,1139,13,0,8,0,0,1,1,1,1784074629
2026-07-15T00:18:16Z,1140,19,2,3,1,0,1,1,1,1784074681
2026-07-15T00:18:16Z,1141,0,0,21,0,0,1,1,1,1784074470
2026-07-15T00:18:16Z,1142,3,0,18,0,0,1,1,1,1784073221
2026-07-15T00:18:16Z,1143,12,1,17,0,0,1,1,1,1784074589
2026-07-15T00:18:16Z,1144,4,1,16,1,0,1,1,1,1784073319
2026-07-15T00:18:16Z,1145,9,4,11,1,0,1,1,1,1784074284
2026-07-15T00:18:16Z,1146,13,1,6,0,0,1,1,1,1784074405
2026-07-15T00:18:16Z,1147,13,1,4,2,0,1,1,1,1784073905
2026-07-15T00:18:16Z,1148,24,0,6,1,0,1,1,1,1784074388
2026-07-15T00:18:16Z,1149,11,9,13,1,0,1,1,1,1784074237
2026-07-15T00:18:16Z,1150,13,1,6,0,0,1,1,1,1784074482
2026-07-15T00:18:16Z,1151,9,0,12,0,0,1,1,1,1784074542
2026-07-15T00:18:16Z,1152,7,1,19,3,0,1,1,1,1784074596
2026-07-15T00:18:16Z,1153,22,5,0,1,0,1,1,1,1784073131
2026-07-15T00:18:16Z,1154,5,0,13,1,0,1,1,1,1784074227
2026-07-15T00:18:16Z,1155,4,0,15,2,0,1,1,1,1784074653
2026-07-15T00:18:16Z,1158,3,0,15,1,0,1,1,1,1784073018
2026-07-15T00:18:16Z,1159,6,2,13,0,0,1,1,1,1784073148
2026-07-15T00:18:16Z,1160,7,1,12,0,0,1,1,1,1784073897
2026-07-15T00:18:16Z,1161,10,3,9,0,0,1,1,1,1784073029
2026-07-15T00:18:16Z,1162,12,2,7,0,0,1,1,1,1784073391
2026-07-15T00:18:16Z,1163,0,0,18,1,0,1,1,1,1784073033
2026-07-15T00:18:16Z,1164,7,1,10,2,0,1,1,1,1784072965
2026-07-15T00:18:16Z,1165,3,0,18,0,0,1,1,1,1784073242
2026-07-15T00:18:16Z,1166,9,0,11,0,0,1,1,1,1784073610
2026-07-15T00:18:16Z,1167,4,2,11,0,0,1,1,1,1784074155
2026-07-15T00:18:16Z,1168,12,7,11,0,0,1,1,1,1784074476
2026-07-15T00:18:16Z,1169,2,0,16,1,0,1,1,1,1784072940
2026-07-15T00:18:16Z,1170,5,0,16,0,0,1,1,1,1784073423
2026-07-15T00:18:16Z,1171,12,11,9,2,0,1,1,1,1784074195
2026-07-15T00:18:16Z,1172,4,2,9,2,0,1,1,1,1784074327
2026-07-15T00:18:16Z,1173,1,1,16,2,0,1,1,1,1784073005
2026-07-15T00:18:16Z,1174,2,1,13,0,0,1,1,1,1784074148
2026-07-15T00:18:16Z,1175,10,1,9,0,0,1,1,1,1784072893
2026-07-15T00:18:16Z,1176,11,1,9,1,0,1,1,1,1784073429
2026-07-15T00:18:16Z,1177,8,1,13,0,0,1,1,1,1784073404
2026-07-15T00:18:16Z,1178,7,4,8,0,0,1,1,1,1784073569
2026-07-15T00:18:16Z,1181,13,2,1,1,0,1,1,1,1784074628
2026-07-15T00:18:16Z,1182,2,2,18,0,0,1,1,1,1784074445
2026-07-15T00:18:16Z,1183,17,0,19,1,0,1,1,1,1784072263
2026-07-15T00:18:16Z,1184,4,3,15,2,0,1,1,1,1784074555
2026-07-15T00:18:16Z,1185,9,4,12,0,0,1,1,1,1784074454
2026-07-15T00:18:16Z,1186,11,5,8,0,0,1,1,1,1784073072
2026-07-15T00:18:16Z,1188,10,5,5,0,0,1,1,1,1784074290
2026-07-15T00:18:16Z,1189,9,4,9,1,0,1,1,1,1784072942
2026-07-15T00:18:16Z,1190,9,4,11,1,0,1,1,1,1784073450
2026-07-15T00:18:16Z,1191,10,4,5,0,0,1,1,1,1784074292
2026-07-15T00:18:16Z,1192,10,5,11,0,0,1,1,1,1784073718
2026-07-15T00:18:16Z,1193,8,4,3,2,0,1,1,1,1784074293
2026-07-15T00:18:16Z,1197,4,2,11,2,0,1,1,1,1784073540
2026-07-15T00:18:16Z,1198,12,5,8,1,0,1,1,1,1784073977
2026-07-15T00:18:16Z,1199,12,7,7,0,0,1,1,1,1784073186
2026-07-15T00:18:16Z,1200,10,5,5,0,0,1,1,1,1784074353
2026-07-15T00:18:16Z,1201,11,5,4,0,0,1,1,1,1784074331
2026-07-15T00:18:16Z,1202,9,5,6,0,0,1,1,1,1784074368
2026-07-15T00:18:16Z,1203,8,4,7,0,0,1,1,1,1784074329
2026-07-15T00:18:16Z,1216,12,4,8,1,0,1,1,1,1784073188
2026-07-15T00:18:16Z,1219,5,2,8,2,0,1,1,1,1784074387
2026-07-15T00:18:16Z,1220,8,5,11,0,0,1,1,1,1784073153
2026-07-15T00:18:16Z,1221,4,4,16,1,0,1,1,1,1784073076
2026-07-15T00:18:16Z,1222,20,0,8,1,0,1,1,1,1784074463
2026-07-15T00:18:16Z,1223,4,1,23,2,0,1,1,1,1784074636
2026-07-15T00:18:16Z,1226,0,0,3,0,0,0,1,1,1781868931
2026-07-15T00:18:16Z,1227,0,0,3,0,0,0,1,1,1784040447
2026-07-15T00:18:16Z,1228,0,0,0,0,0,0,1,1,86400
2026-07-15T00:23:16Z,1,11,0,12,0,0,1,1,1,1784074089
2026-07-15T00:23:16Z,2,16,2,9,2,0,1,1,1,1784074974
2026-07-15T00:23:16Z,3,12,2,2,1,0,1,1,1,1784074781
2026-07-15T00:23:16Z,4,11,0,12,0,0,1,1,1,1784074270
2026-07-15T00:23:16Z,5,0,0,0,20,1,1,1,1,1784074957
2026-07-15T00:23:16Z,6,9,0,6,0,0,1,1,1,1784074920
2026-07-15T00:23:16Z,7,19,0,3,1,0,1,1,1,1784074682
2026-07-15T00:23:16Z,8,3,0,37,3,0,1,1,1,1784074212
2026-07-15T00:23:16Z,9,9,2,14,0,0,1,1,1,1784074910
2026-07-15T00:23:16Z,10,19,6,3,1,0,1,1,1,1784073925
2026-07-15T00:23:16Z,11,6,0,13,0,0,1,1,1,1784074984
2026-07-15T00:23:16Z,12,6,0,17,0,0,1,1,1,1784073867
2026-07-15T00:23:16Z,13,23,1,7,0,0,1,1,1,1784074660
2026-07-15T00:23:16Z,14,9,1,32,0,0,1,1,1,1784074211
2026-07-15T00:23:16Z,15,2,0,0,10,3,1,1,1,1784074856
2026-07-15T00:23:16Z,16,12,0,14,1,0,1,1,1,1784072942
2026-07-15T00:23:16Z,17,17,2,9,1,0,1,1,1,1784074832
2026-07-15T00:23:16Z,18,16,1,0,2,0,1,1,1,1784074618
2026-07-15T00:23:16Z,19,25,2,1,1,0,1,1,1,1784074987
2026-07-15T00:23:16Z,20,14,0,20,1,0,1,1,1,1784074988
2026-07-15T00:23:16Z,21,12,0,5,2,0,1,1,1,1784074970
2026-07-15T00:23:16Z,22,25,0,41,1,0,1,1,1,1784074863
2026-07-15T00:23:16Z,23,1,1,30,0,0,1,1,1,1784073790
2026-07-15T00:23:16Z,24,4,3,5,2,0,1,1,1,1784074981
2026-07-15T00:23:16Z,25,41,1,36,4,0,1,1,1,1784074942
2026-07-15T00:23:16Z,26,2,0,25,0,0,1,1,1,1784074652
2026-07-15T00:23:16Z,28,15,2,0,0,0,1,1,1,1784074386
2026-07-15T00:23:16Z,30,17,1,12,0,0,1,1,1,1784074355
2026-07-15T00:23:16Z,31,3,0,15,1,0,1,1,1,1784074798
2026-07-15T00:23:16Z,32,1,1,26,0,0,1,1,1,1784074833
2026-07-15T00:23:16Z,34,33,0,4,0,0,1,1,1,1784073763
2026-07-15T00:23:16Z,35,15,1,31,1,0,1,1,1,1784074711
2026-07-15T00:23:16Z,36,0,0,0,0,0,0,1,1,86400
2026-07-15T00:23:16Z,37,7,3,16,0,0,1,1,1,1784074972
2026-07-15T00:23:16Z,38,11,0,11,1,0,1,1,1,1784073944
2026-07-15T00:23:16Z,39,11,0,20,0,0,1,1,1,1784074446
2026-07-15T00:23:16Z,40,7,1,14,0,0,1,1,1,1784074716
2026-07-15T00:23:16Z,41,1,1,26,0,0,1,1,1,1784071629
2026-07-15T00:23:16Z,42,13,4,14,4,0,1,1,1,1784074951
2026-07-15T00:23:16Z,43,16,0,7,0,0,1,1,1,1784073897
2026-07-15T00:23:16Z,45,0,0,27,4,0,1,1,1,1784074785
2026-07-15T00:23:16Z,46,3,0,25,2,1,1,1,1,1784073566
2026-07-15T00:23:16Z,47,3,3,12,0,0,1,1,1,1784074816
2026-07-15T00:23:16Z,48,25,0,1,1,0,1,1,1,1784074919
2026-07-15T00:23:16Z,49,0,0,19,4,0,1,1,1,1784074983
2026-07-15T00:23:16Z,50,1,0,17,1,0,1,1,1,1784074905
2026-07-15T00:23:16Z,51,46,0,30,1,0,1,1,1,1784071906
2026-07-15T00:23:16Z,52,24,0,0,3,0,1,1,1,1784074430
2026-07-15T00:23:16Z,55,2,0,21,0,0,1,1,1,1784074826
2026-07-15T00:23:16Z,56,17,0,10,0,0,1,1,1,1784074965
2026-07-15T00:23:16Z,57,18,0,9,0,0,1,1,1,1784074950
2026-07-15T00:23:16Z,58,1,1,26,1,0,1,1,1,1784073032
2026-07-15T00:23:16Z,59,6,1,21,0,0,1,1,1,1784074884
2026-07-15T00:23:16Z,61,20,9,18,1,0,1,1,1,1784074382
2026-07-15T00:23:16Z,62,1,0,48,0,0,1,1,1,1784074467
2026-07-15T00:23:16Z,63,2,0,17,0,0,1,1,1,1784073708
2026-07-15T00:23:16Z,64,19,2,0,0,0,1,1,1,1784071205
2026-07-15T00:23:16Z,65,11,1,6,2,0,1,1,1,1784072262
2026-07-15T00:23:16Z,67,12,0,26,0,0,1,1,1,1784074988
2026-07-15T00:23:16Z,68,27,0,10,0,0,1,1,1,1784072334
2026-07-15T00:23:16Z,69,13,0,1,1,0,1,1,1,1784071648
2026-07-15T00:23:16Z,71,14,2,12,1,0,1,1,1,1784074984
2026-07-15T00:23:16Z,72,8,0,21,2,0,1,1,1,1784074198
2026-07-15T00:23:16Z,73,0,0,23,0,0,1,1,1,1784074647
2026-07-15T00:23:16Z,74,8,5,11,0,0,1,1,1,1784074913
2026-07-15T00:23:16Z,75,4,1,31,0,0,1,1,1,1784074956
2026-07-15T00:23:16Z,76,5,0,13,1,0,1,1,1,1784074708
2026-07-15T00:23:16Z,77,7,0,19,1,0,1,1,1,1784074794
2026-07-15T00:23:16Z,78,1,1,21,1,0,1,1,1,1784074214
2026-07-15T00:23:16Z,79,5,0,12,0,0,1,1,1,1784074964
2026-07-15T00:23:16Z,80,20,0,1,2,0,1,1,1,1784074914
2026-07-15T00:23:16Z,81,1,1,29,1,0,1,1,1,1784074950
2026-07-15T00:23:16Z,82,0,0,21,2,0,1,1,1,1784074027
2026-07-15T00:23:16Z,83,8,2,25,1,0,1,1,1,1784074985
2026-07-15T00:23:16Z,84,12,2,15,0,0,1,1,1,1784074964
2026-07-15T00:23:16Z,85,1,0,12,1,0,1,1,1,1784074398
2026-07-15T00:23:16Z,86,6,0,19,2,0,1,1,1,1784073461
2026-07-15T00:23:16Z,87,2,0,17,0,0,1,1,1,1784074864
2026-07-15T00:23:16Z,88,26,0,5,0,0,1,1,1,1784074939
2026-07-15T00:23:16Z,89,16,0,19,0,0,1,1,1,1784074984
2026-07-15T00:23:16Z,90,17,0,0,1,0,1,1,1,1784072855
2026-07-15T00:23:16Z,91,8,1,6,3,0,1,1,1,1784074892
2026-07-15T00:23:16Z,92,17,0,0,2,0,1,1,1,1784074780
2026-07-15T00:23:16Z,93,13,0,0,1,0,1,1,1,1784074322
2026-07-15T00:23:16Z,94,7,0,12,0,0,1,1,1,1784074769
2026-07-15T00:23:16Z,95,11,1,21,2,1,1,1,1,1784074988
2026-07-15T00:23:16Z,96,28,7,2,1,0,1,1,1,1784074676
2026-07-15T00:23:16Z,97,5,0,12,0,0,1,1,1,1784073684
2026-07-15T00:23:16Z,98,6,0,26,3,0,1,1,1,1784074670
2026-07-15T00:23:16Z,99,11,0,3,0,0,1,1,1,1784074810
2026-07-15T00:23:16Z,100,22,1,4,1,0,1,1,1,1784074753
2026-07-15T00:23:16Z,101,13,0,1,1,0,1,1,1,1784074932
2026-07-15T00:23:16Z,102,21,0,1,1,0,1,1,1,1784073947
2026-07-15T00:23:16Z,103,27,1,0,5,0,1,1,1,1784074842
2026-07-15T00:23:16Z,104,3,1,22,2,0,1,1,1,1784074684
2026-07-15T00:23:16Z,105,12,1,7,0,0,1,1,1,1784069157
2026-07-15T00:23:16Z,106,12,0,9,0,0,1,1,1,1784072259
2026-07-15T00:23:16Z,107,2,1,35,0,0,1,1,1,1784074744
2026-07-15T00:23:16Z,108,31,0,2,1,1,1,1,1,1784074923
2026-07-15T00:23:16Z,109,22,2,0,1,0,1,1,1,1784074534
2026-07-15T00:23:16Z,110,22,0,0,1,0,1,1,1,1784071799
2026-07-15T00:23:16Z,111,19,1,16,1,0,1,1,1,1784074821
2026-07-15T00:23:16Z,112,9,0,8,2,0,1,1,1,1784074905
2026-07-15T00:23:16Z,113,19,1,0,0,0,1,1,1,1784074777
2026-07-15T00:23:16Z,114,1,0,24,6,0,1,1,1,1784074842
2026-07-15T00:23:16Z,115,0,0,22,4,0,1,1,1,1784073500
2026-07-15T00:23:16Z,116,6,5,21,0,0,1,1,1,1784074558
2026-07-15T00:23:16Z,118,3,2,18,1,1,1,1,1,1784072492
2026-07-15T00:23:16Z,119,5,1,31,2,0,1,1,1,1784074772
2026-07-15T00:23:16Z,120,13,6,13,1,0,1,1,1,1784074754
2026-07-15T00:23:16Z,121,12,1,6,0,1,1,1,1,1784074985
2026-07-15T00:23:16Z,122,3,0,17,1,0,1,1,1,1784074990
2026-07-15T00:23:16Z,123,3,0,42,2,0,1,1,1,1784074607
2026-07-15T00:23:16Z,124,24,1,10,0,0,1,1,1,1784074897
2026-07-15T00:23:16Z,125,13,4,10,0,0,1,1,1,1784074255
2026-07-15T00:23:16Z,126,5,2,25,1,0,1,1,1,1784073873
2026-07-15T00:23:16Z,127,0,0,32,2,0,1,1,1,1784074553
2026-07-15T00:23:16Z,128,5,4,14,0,0,1,1,1,1784074792
2026-07-15T00:23:16Z,129,7,1,6,3,3,1,1,1,1784074873
2026-07-15T00:23:16Z,130,7,3,8,2,0,1,1,1,1784074989
2026-07-15T00:23:16Z,131,5,0,4,2,0,1,1,1,1784073963
2026-07-15T00:23:16Z,132,4,0,10,0,1,1,1,1,1784074853
2026-07-15T00:23:16Z,133,6,3,17,0,0,1,1,1,1784073711
2026-07-15T00:23:16Z,134,3,1,20,0,0,1,1,1,1784074817
2026-07-15T00:23:16Z,135,13,4,6,0,0,1,1,1,1784074793
2026-07-15T00:23:16Z,136,11,0,11,0,0,1,1,1,1784074752
2026-07-15T00:23:16Z,137,0,0,16,3,0,1,1,1,1784074518
2026-07-15T00:23:16Z,138,13,0,23,1,0,1,1,1,1784074934
2026-07-15T00:23:16Z,139,15,2,4,0,0,1,1,1,1784074966
2026-07-15T00:23:16Z,140,15,6,6,2,0,1,1,1,1784074989
2026-07-15T00:23:16Z,141,3,1,0,31,4,1,1,1,1784074887
2026-07-15T00:23:16Z,142,10,4,9,0,0,1,1,1,1784074817
2026-07-15T00:23:16Z,143,2,0,29,0,0,1,1,1,1784074379
2026-07-15T00:23:16Z,144,25,4,2,0,0,1,1,1,1784073600
2026-07-15T00:23:16Z,145,6,1,21,4,0,1,1,1,1784074819
2026-07-15T00:23:16Z,146,2,0,20,1,0,1,1,1,1784074770
2026-07-15T00:23:16Z,147,1,0,17,1,0,1,1,1,1784074985
2026-07-15T00:23:16Z,148,12,1,14,1,0,1,1,1,1784074786
2026-07-15T00:23:16Z,149,3,1,16,0,0,1,1,1,1784073884
2026-07-15T00:23:16Z,150,28,6,6,1,0,1,1,1,1784074970
2026-07-15T00:23:16Z,151,13,3,8,2,0,1,1,1,1784074947
2026-07-15T00:23:16Z,152,16,5,7,4,0,1,1,1,1784074655
2026-07-15T00:23:16Z,153,29,4,2,0,0,1,1,1,1784074965
2026-07-15T00:23:16Z,154,11,0,9,3,0,1,1,1,1784074932
2026-07-15T00:23:16Z,155,8,0,4,2,0,1,1,1,1784074700
2026-07-15T00:23:16Z,156,16,1,3,0,0,1,1,1,1784073946
2026-07-15T00:23:16Z,157,3,1,22,2,0,1,1,1,1784074906
2026-07-15T00:23:16Z,158,16,3,0,0,0,1,1,1,1784074901
2026-07-15T00:23:16Z,159,11,6,8,0,0,1,1,1,1784074984
2026-07-15T00:23:16Z,160,17,4,1,1,0,1,1,1,1784074857
2026-07-15T00:23:16Z,161,4,1,19,0,0,1,1,1,1784074902
2026-07-15T00:23:16Z,162,6,4,21,0,0,1,1,1,1784074370
2026-07-15T00:23:16Z,163,17,8,13,1,0,1,1,1,1784074986
2026-07-15T00:23:16Z,164,27,8,0,0,0,1,1,1,1784074918
2026-07-15T00:23:16Z,165,28,16,0,3,0,1,1,1,1784074331
2026-07-15T00:23:16Z,166,9,8,29,1,0,1,1,1,1784074283
2026-07-15T00:23:16Z,167,21,8,1,1,0,1,1,1,1784074670
2026-07-15T00:23:16Z,168,8,4,17,2,0,1,1,1,1784074988
2026-07-15T00:23:16Z,169,20,5,2,1,0,1,1,1,1784074887
2026-07-15T00:23:16Z,170,11,0,7,1,0,1,1,1,1784074734
2026-07-15T00:23:16Z,171,11,1,0,2,0,1,1,1,1784074961
2026-07-15T00:23:16Z,173,35,0,3,1,0,1,1,1,1784074382
2026-07-15T00:23:16Z,174,13,0,10,0,0,1,1,1,1784074887
2026-07-15T00:23:16Z,175,27,1,4,0,0,1,1,1,1784074868
2026-07-15T00:23:16Z,176,8,0,2,4,1,1,1,1,1784074941
2026-07-15T00:23:16Z,177,20,5,7,0,0,1,1,1,1784074785
2026-07-15T00:23:16Z,178,8,2,5,2,0,1,1,1,1784074968
2026-07-15T00:23:16Z,179,9,4,5,1,0,1,1,1,1784074896
2026-07-15T00:23:16Z,180,6,0,23,1,0,1,1,1,1784074306
2026-07-15T00:23:16Z,181,4,4,10,1,0,1,1,1,1784074952
2026-07-15T00:23:16Z,182,0,0,19,0,0,1,1,1,1784074228
2026-07-15T00:23:16Z,183,0,0,22,1,0,1,1,1,1784074979
2026-07-15T00:23:16Z,184,18,1,4,1,0,1,1,1,1784074924
2026-07-15T00:23:16Z,185,3,0,10,1,1,1,1,1,1784073965
2026-07-15T00:23:16Z,186,6,2,12,1,0,1,1,1,1784074814
2026-07-15T00:23:16Z,187,1,0,26,2,0,1,1,1,1784074871
2026-07-15T00:23:16Z,188,18,1,6,3,0,1,1,1,1784074958
2026-07-15T00:23:16Z,189,9,4,6,0,0,1,1,1,1784074004
2026-07-15T00:23:16Z,190,6,0,17,0,0,1,1,1,1784074527
2026-07-15T00:23:16Z,191,0,0,37,2,0,1,1,1,1784074739
2026-07-15T00:23:16Z,192,21,14,10,0,0,1,1,1,1784074943
2026-07-15T00:23:16Z,193,4,3,8,3,0,1,1,1,1784074959
2026-07-15T00:23:16Z,194,1,0,13,12,0,1,1,1,1784074871
2026-07-15T00:23:16Z,195,1,0,18,0,0,1,1,1,1784074180
2026-07-15T00:23:16Z,196,10,9,17,0,0,1,1,1,1784074972
2026-07-15T00:23:16Z,197,5,0,13,0,1,1,1,1,1784074620
2026-07-15T00:23:16Z,198,1,0,22,0,0,1,1,1,1784072580
2026-07-15T00:23:16Z,199,1,0,13,1,0,1,1,1,1784074712
2026-07-15T00:23:16Z,200,0,0,24,2,0,1,1,1,1784074242
2026-07-15T00:23:16Z,201,4,2,19,0,0,1,1,1,1784074069
2026-07-15T00:23:16Z,202,1,1,26,0,0,1,1,1,1784073625
2026-07-15T00:23:16Z,203,18,0,11,1,1,1,1,1,1784074909
2026-07-15T00:23:16Z,204,20,1,14,1,0,1,1,1,1784074817
2026-07-15T00:23:16Z,205,5,2,22,0,0,1,1,1,1784074660
2026-07-15T00:23:16Z,206,0,0,14,1,0,1,1,1,1784074899
2026-07-15T00:23:16Z,207,20,1,1,0,0,1,1,1,1784074283
2026-07-15T00:23:16Z,208,7,4,22,0,0,1,1,1,1784074864
2026-07-15T00:23:16Z,209,28,3,3,0,0,1,1,1,1784074970
2026-07-15T00:23:16Z,210,2,2,24,1,0,1,1,1,1784074907
2026-07-15T00:23:16Z,211,1,1,21,1,0,1,1,1,1784074245
2026-07-15T00:23:16Z,212,25,3,9,1,0,1,1,1,1784074933
2026-07-15T00:23:16Z,213,22,0,1,0,0,1,1,1,1784074417
2026-07-15T00:23:16Z,214,11,9,33,3,0,1,1,1,1784074503
2026-07-15T00:23:16Z,215,5,5,17,1,0,1,1,1,1784074957
2026-07-15T00:23:16Z,216,18,4,1,0,0,1,1,1,1784074642
2026-07-15T00:23:16Z,217,13,3,16,0,0,1,1,1,1784074943
2026-07-15T00:23:16Z,218,11,9,26,2,0,1,1,1,1784074940
2026-07-15T00:23:16Z,219,21,1,5,1,0,1,1,1,1784074973
2026-07-15T00:23:16Z,220,1,1,41,1,0,1,1,1,1784073850
2026-07-15T00:23:16Z,221,6,5,9,0,0,1,1,1,1784074580
2026-07-15T00:23:16Z,222,2,2,17,0,0,1,1,1,1784074299
2026-07-15T00:23:16Z,223,7,3,26,2,0,1,1,1,1784074894
2026-07-15T00:23:16Z,224,5,5,16,1,0,1,1,1,1784074948
2026-07-15T00:23:16Z,225,8,0,9,2,0,1,1,1,1784073061
2026-07-15T00:23:16Z,226,0,0,29,2,0,1,1,1,1784074972
2026-07-15T00:23:16Z,227,6,5,20,1,0,1,1,1,1784074850
2026-07-15T00:23:16Z,228,6,3,13,0,0,1,1,1,1784074980
2026-07-15T00:23:16Z,230,14,6,8,1,0,1,1,1,1784073748
2026-07-15T00:23:16Z,232,15,4,3,1,0,1,1,1,1784074355
2026-07-15T00:23:16Z,233,13,1,16,2,0,1,1,1,1784074657
2026-07-15T00:23:16Z,234,10,4,5,3,1,1,1,1,1784074947
2026-07-15T00:23:16Z,236,9,8,10,0,0,1,1,1,1784074855
2026-07-15T00:23:16Z,237,13,1,8,2,0,1,1,1,1784074867
2026-07-15T00:23:16Z,239,17,10,9,1,0,1,1,1,1784074982
2026-07-15T00:23:16Z,241,12,4,11,0,0,1,1,1,1784074933
2026-07-15T00:23:16Z,242,1,1,21,1,0,1,1,1,1784074330
2026-07-15T00:23:16Z,243,3,2,26,2,0,1,1,1,1784074486
2026-07-15T00:23:16Z,244,12,12,13,2,0,1,1,1,1784074801
2026-07-15T00:23:16Z,245,8,4,14,1,0,1,1,1,1784074965
2026-07-15T00:23:16Z,246,1,1,22,0,0,1,1,1,1784074407
2026-07-15T00:23:16Z,247,10,1,13,0,0,1,1,1,1784070993
2026-07-15T00:23:16Z,248,5,2,16,2,0,1,1,1,1784074345
2026-07-15T00:23:16Z,249,3,0,15,1,0,1,1,1,1784074633
2026-07-15T00:23:16Z,250,0,0,27,0,0,1,1,1,1784074989
2026-07-15T00:23:16Z,251,17,11,7,3,0,1,1,1,1784074984
2026-07-15T00:23:16Z,253,3,0,15,1,0,1,1,1,1784074573
2026-07-15T00:23:16Z,254,17,8,20,6,0,1,1,1,1784074837
2026-07-15T00:23:16Z,255,1,0,22,0,0,1,1,1,1784074733
2026-07-15T00:23:16Z,256,15,12,6,2,0,1,1,1,1784074925
2026-07-15T00:23:16Z,257,15,3,3,1,0,1,1,1,1784073870
2026-07-15T00:23:16Z,258,1,0,17,1,0,1,1,1,1784072878
2026-07-15T00:23:16Z,259,10,5,11,2,0,1,1,1,1784073790
2026-07-15T00:23:16Z,260,14,11,5,0,0,1,1,1,1784074912
2026-07-15T00:23:16Z,261,16,1,2,1,0,1,1,1,1784074824
2026-07-15T00:23:16Z,262,19,6,3,1,0,1,1,1,1784073088
2026-07-15T00:23:16Z,263,4,2,11,0,0,1,1,1,1784074944
2026-07-15T00:23:16Z,264,3,0,16,0,0,1,1,1,1784074895
2026-07-15T00:23:16Z,265,15,0,0,0,0,1,1,1,1784074002
2026-07-15T00:23:16Z,266,12,4,7,0,0,1,1,1,1784074287
2026-07-15T00:23:16Z,267,10,7,5,0,0,1,1,1,1784058167
2026-07-15T00:23:16Z,268,5,1,18,0,0,1,1,1,1784072160
2026-07-15T00:23:16Z,269,9,3,13,1,0,1,1,1,1784073655
2026-07-15T00:23:16Z,270,0,0,26,1,0,1,1,1,1784073201
2026-07-15T00:23:16Z,271,4,0,13,1,1,1,1,1,1784074907
2026-07-15T00:23:16Z,272,9,2,14,0,0,1,1,1,1784074879
2026-07-15T00:23:16Z,273,4,3,11,0,0,1,1,1,1784074986
2026-07-15T00:23:16Z,274,5,2,13,1,0,1,1,1,1784071921
2026-07-15T00:23:16Z,275,13,0,10,0,0,1,1,1,1784074419
2026-07-15T00:23:16Z,276,5,5,21,0,1,1,1,1,1784074383
2026-07-15T00:23:16Z,277,0,0,20,3,0,1,1,1,1784074430
2026-07-15T00:23:16Z,278,25,0,5,0,1,1,1,1,1784074935
2026-07-15T00:23:16Z,279,5,2,14,0,0,1,1,1,1784074660
2026-07-15T00:23:16Z,280,1,0,28,2,0,1,1,1,1784074915
2026-07-15T00:23:16Z,281,0,0,19,0,0,0,1,1,1784049184
2026-07-15T00:23:16Z,282,7,0,12,0,0,1,1,1,1784072894
2026-07-15T00:23:16Z,283,18,7,17,0,0,1,1,1,1784074956
2026-07-15T00:23:16Z,284,5,4,29,1,0,1,1,1,1784074879
2026-07-15T00:23:16Z,285,1,0,22,0,0,1,1,1,1784073147
2026-07-15T00:23:16Z,286,18,16,3,2,0,1,1,1,1784074853
2026-07-15T00:23:16Z,287,11,0,11,1,0,1,1,1,1784071582
2026-07-15T00:23:16Z,288,10,4,8,1,0,1,1,1,1784074958
2026-07-15T00:23:16Z,289,2,1,24,1,0,1,1,1,1784074792
2026-07-15T00:23:16Z,290,37,0,1,1,0,1,1,1,1784074743
2026-07-15T00:23:16Z,291,10,0,12,1,0,1,1,1,1784074878
2026-07-15T00:23:16Z,292,21,3,2,0,0,1,1,1,1784074598
2026-07-15T00:23:16Z,293,17,4,3,3,0,1,1,1,1784074922
2026-07-15T00:23:16Z,294,5,2,14,3,0,1,1,1,1784074442
2026-07-15T00:23:16Z,297,18,0,0,1,0,1,1,1,1784074803
2026-07-15T00:23:16Z,301,17,0,2,0,0,1,1,1,1784074485
2026-07-15T00:23:16Z,302,4,0,18,1,0,1,1,1,1784074989
2026-07-15T00:23:16Z,303,18,0,0,1,0,1,1,1,1784072170
2026-07-15T00:23:16Z,304,0,0,0,0,0,0,1,1,86400
2026-07-15T00:23:16Z,305,10,0,9,0,0,1,1,1,1784072315
2026-07-15T00:23:16Z,306,24,4,8,0,0,1,1,1,1784074123
2026-07-15T00:23:16Z,307,17,0,3,3,0,1,1,1,1784074873
2026-07-15T00:23:16Z,308,6,0,13,0,0,1,1,1,1784074347
2026-07-15T00:23:16Z,309,7,7,7,0,0,1,1,1,1784073301
2026-07-15T00:23:16Z,311,14,1,1,0,0,1,1,1,1784074532
2026-07-15T00:23:16Z,312,2,2,16,4,1,1,1,1,1784074403
2026-07-15T00:23:16Z,313,9,1,6,0,0,1,1,1,1784074140
2026-07-15T00:23:16Z,314,2,1,16,1,0,1,1,1,1784072314
2026-07-15T00:23:16Z,315,1,1,28,2,0,1,1,1,1784074359
2026-07-15T00:23:16Z,316,23,0,8,0,0,1,1,1,1784074457
2026-07-15T00:23:16Z,317,0,0,28,3,0,1,1,1,1784074374
2026-07-15T00:23:16Z,318,16,3,1,0,0,1,1,1,1784074693
2026-07-15T00:23:16Z,319,18,16,8,1,0,1,1,1,1784074974
2026-07-15T00:23:16Z,320,15,2,4,0,0,1,1,1,1784074573
2026-07-15T00:23:16Z,321,2,1,15,2,0,1,1,1,1784069927
2026-07-15T00:23:16Z,322,5,0,24,0,0,1,1,1,1784074091
2026-07-15T00:23:16Z,323,9,1,9,1,0,1,1,1,1784073994
2026-07-15T00:23:16Z,324,11,4,16,0,0,1,1,1,1784074968
2026-07-15T00:23:16Z,325,6,1,19,2,0,1,1,1,1784074119
2026-07-15T00:23:16Z,327,9,1,14,2,2,1,1,1,1784074874
2026-07-15T00:23:16Z,328,5,1,16,1,1,1,1,1,1784074900
2026-07-15T00:23:16Z,329,18,0,0,1,0,1,1,1,1784072328
2026-07-15T00:23:16Z,330,7,1,14,1,0,1,1,1,1784074450
2026-07-15T00:23:16Z,331,20,0,2,1,0,1,1,1,1784074604
2026-07-15T00:23:16Z,332,4,0,14,1,0,1,1,1,1784074908
2026-07-15T00:23:16Z,333,17,7,4,2,0,1,1,1,1784074291
2026-07-15T00:23:16Z,334,4,1,19,0,0,1,1,1,1784074975
2026-07-15T00:23:16Z,335,3,0,19,1,0,1,1,1,1784074762
2026-07-15T00:23:16Z,336,2,1,16,1,0,1,1,1,1784074991
2026-07-15T00:23:16Z,337,10,1,11,2,0,1,1,1,1784074834
2026-07-15T00:23:16Z,338,9,7,10,0,0,1,1,1,1784074633
2026-07-15T00:23:16Z,339,2,0,20,1,0,1,1,1,1784074938
2026-07-15T00:23:16Z,340,7,5,7,1,0,1,1,1,1784074508
2026-07-15T00:23:16Z,341,9,4,10,0,0,1,1,1,1784074961
2026-07-15T00:23:16Z,342,11,0,4,0,0,1,1,1,1784073886
2026-07-15T00:23:16Z,343,2,1,21,0,0,1,1,1,1784074078
2026-07-15T00:23:16Z,344,6,0,16,1,0,1,1,1,1784074767
2026-07-15T00:23:16Z,345,13,1,6,0,0,1,1,1,1784074780
2026-07-15T00:23:16Z,346,4,0,19,0,0,1,1,1,1784073463
2026-07-15T00:23:16Z,347,8,8,35,4,0,1,1,1,1784074825
2026-07-15T00:23:16Z,348,4,1,16,2,1,1,1,1,1784074972
2026-07-15T00:23:16Z,349,4,0,14,1,0,1,1,1,1784074847
2026-07-15T00:23:16Z,350,24,2,0,2,1,1,1,1,1784074496
2026-07-15T00:23:16Z,351,18,1,3,2,0,1,1,1,1784074991
2026-07-15T00:23:16Z,355,18,0,5,0,0,1,1,1,1784074564
2026-07-15T00:23:16Z,356,3,0,16,0,0,1,1,1,1784074099
2026-07-15T00:23:16Z,357,11,1,8,0,0,1,1,1,1784074597
2026-07-15T00:23:16Z,358,14,2,13,0,0,1,1,1,1784073800
2026-07-15T00:23:16Z,359,2,2,24,1,0,1,1,1,1784074704
2026-07-15T00:23:16Z,360,10,1,9,0,0,1,1,1,1784074946
2026-07-15T00:23:16Z,362,7,4,11,0,0,1,1,1,1784074688
2026-07-15T00:23:16Z,363,20,0,7,0,0,1,1,1,1784074714
2026-07-15T00:23:16Z,364,12,3,3,3,1,1,1,1,1784074989
2026-07-15T00:23:16Z,365,13,2,8,2,0,1,1,1,1784074887
2026-07-15T00:23:16Z,366,8,5,13,1,1,1,1,1,1784074908
2026-07-15T00:23:16Z,367,10,1,7,2,0,1,1,1,1784072954
2026-07-15T00:23:16Z,368,9,3,13,1,0,1,1,1,1784074967
2026-07-15T00:23:16Z,370,6,5,17,4,0,1,1,1,1784074136
2026-07-15T00:23:16Z,371,3,2,12,4,0,1,1,1,1784074630
2026-07-15T00:23:16Z,372,11,5,4,0,0,1,1,1,1784074228
2026-07-15T00:23:16Z,373,8,5,17,1,0,1,1,1,1784074553
2026-07-15T00:23:16Z,374,10,5,7,1,0,1,1,1,1784074253
2026-07-15T00:23:16Z,375,25,4,2,0,0,1,1,1,1784074990
2026-07-15T00:23:16Z,376,33,9,3,3,0,1,1,1,1784074914
2026-07-15T00:23:16Z,377,8,2,18,1,0,1,1,1,1784074265
2026-07-15T00:23:16Z,378,11,4,10,3,0,1,1,1,1784074835
2026-07-15T00:23:16Z,379,23,4,2,2,0,1,1,1,1784074902
2026-07-15T00:23:16Z,380,12,2,11,0,0,1,1,1,1784074937
2026-07-15T00:23:16Z,381,15,0,8,0,0,1,1,1,1784074972
2026-07-15T00:23:16Z,383,14,1,1,0,0,1,1,1,1784073984
2026-07-15T00:23:16Z,384,10,0,7,2,0,1,1,1,1784072513
2026-07-15T00:23:16Z,385,6,3,11,1,0,1,1,1,1784074345
2026-07-15T00:23:16Z,387,4,1,18,1,0,1,1,1,1784074987
2026-07-15T00:23:16Z,388,15,1,34,0,0,1,1,1,1784074388
2026-07-15T00:23:16Z,389,7,6,8,0,0,1,1,1,1784074588
2026-07-15T00:23:16Z,390,19,0,4,0,0,1,1,1,1784074804
2026-07-15T00:23:16Z,391,6,5,8,1,0,1,1,1,1784072513
2026-07-15T00:23:16Z,392,1,1,17,1,0,1,1,1,1784073338
2026-07-15T00:23:16Z,393,3,3,5,3,0,1,1,1,1784074717
2026-07-15T00:23:16Z,394,1,0,11,2,1,1,1,1,1784074222
2026-07-15T00:23:16Z,396,0,0,39,3,0,1,1,1,1784072958
2026-07-15T00:23:16Z,397,0,0,31,0,0,1,1,1,1784074205
2026-07-15T00:23:16Z,399,14,1,3,0,0,1,1,1,1784074345
2026-07-15T00:23:16Z,400,12,0,7,4,0,1,1,1,1784074525
2026-07-15T00:23:16Z,401,6,2,25,8,0,1,1,1,1784074796
2026-07-15T00:23:16Z,403,13,9,15,3,0,1,1,1,1784074752
2026-07-15T00:23:16Z,404,1,1,22,0,0,1,1,1,1784074186
2026-07-15T00:23:16Z,406,31,3,3,1,0,1,1,1,1784074948
2026-07-15T00:23:16Z,407,7,2,25,2,0,1,1,1,1784074558
2026-07-15T00:23:16Z,408,4,2,27,2,0,1,1,1,1784074301
2026-07-15T00:23:16Z,409,10,2,8,5,0,1,1,1,1784074532
2026-07-15T00:23:16Z,413,6,1,16,1,0,1,1,1,1784072929
2026-07-15T00:23:16Z,414,12,1,3,0,0,1,1,1,1784074886
2026-07-15T00:23:16Z,417,6,4,13,0,0,1,1,1,1784073808
2026-07-15T00:23:16Z,418,2,1,10,3,0,1,1,1,1784073701
2026-07-15T00:23:16Z,419,18,2,3,2,0,1,1,1,1784070382
2026-07-15T00:23:16Z,421,16,0,1,2,0,1,1,1,1784074954
2026-07-15T00:23:16Z,422,1,1,25,1,0,1,1,1,1784074438
2026-07-15T00:23:16Z,423,4,2,19,0,0,1,1,1,1784074476
2026-07-15T00:23:16Z,424,0,0,12,3,0,1,1,1,1784074974
2026-07-15T00:23:16Z,425,4,0,16,2,0,1,1,1,1784074900
2026-07-15T00:23:16Z,426,15,0,21,1,0,1,1,1,1784074730
2026-07-15T00:23:16Z,427,13,0,0,1,1,1,1,1,1784068111
2026-07-15T00:23:16Z,428,11,2,8,0,0,1,1,1,1784074824
2026-07-15T00:23:16Z,429,6,2,15,2,0,1,1,1,1784074792
2026-07-15T00:23:16Z,430,25,3,5,1,0,1,1,1,1784074403
2026-07-15T00:23:16Z,431,20,2,8,3,2,1,1,1,1784074543
2026-07-15T00:23:16Z,432,12,1,19,0,0,1,1,1,1784074960
2026-07-15T00:23:16Z,433,20,0,2,1,0,1,1,1,1784072976
2026-07-15T00:23:16Z,437,4,3,14,1,0,1,1,1,1784074861
2026-07-15T00:23:16Z,438,3,1,14,2,0,1,1,1,1784074908
2026-07-15T00:23:16Z,439,7,2,8,0,0,1,1,1,1784073739
2026-07-15T00:23:16Z,440,7,0,6,2,0,1,1,1,1784074817
2026-07-15T00:23:16Z,441,7,4,8,0,0,1,1,1,1784074703
2026-07-15T00:23:16Z,442,15,7,4,0,0,1,1,1,1784074724
2026-07-15T00:23:16Z,443,5,2,22,0,0,1,1,1,1784059524
2026-07-15T00:23:16Z,444,1,0,21,1,0,1,1,1,1784069789
2026-07-15T00:23:16Z,445,6,5,15,1,1,1,1,1,1784074930
2026-07-15T00:23:16Z,446,0,0,23,0,0,1,1,1,1784073280
2026-07-15T00:23:16Z,447,11,3,9,2,1,1,1,1,1784074800
2026-07-15T00:23:16Z,448,5,1,7,2,1,1,1,1,1784070221
2026-07-15T00:23:16Z,452,11,4,7,1,0,1,1,1,1784074841
2026-07-15T00:23:16Z,453,4,0,10,1,0,1,1,1,1784074595
2026-07-15T00:23:16Z,454,17,1,0,1,1,1,1,1,1784074128
2026-07-15T00:23:16Z,455,3,1,36,0,0,1,1,1,1784074567
2026-07-15T00:23:16Z,456,9,1,10,1,0,1,1,1,1784074978
2026-07-15T00:23:16Z,457,2,0,24,1,0,1,1,1,1784074499
2026-07-15T00:23:16Z,458,14,1,7,2,0,1,1,1,1784074328
2026-07-15T00:23:16Z,459,8,0,7,0,0,1,1,1,1784074328
2026-07-15T00:23:16Z,460,15,0,8,0,0,1,1,1,1784074362
2026-07-15T00:23:16Z,461,0,0,18,1,0,1,1,1,1784074892
2026-07-15T00:23:16Z,462,8,2,13,0,0,1,1,1,1784074781
2026-07-15T00:23:16Z,463,17,1,2,0,0,1,1,1,1784074411
2026-07-15T00:23:16Z,464,7,1,6,1,0,1,1,1,1784074943
2026-07-15T00:23:16Z,465,3,0,12,0,0,1,1,1,1784074477
2026-07-15T00:23:16Z,466,6,1,5,4,0,1,1,1,1784074130
2026-07-15T00:23:16Z,467,2,0,13,0,0,1,1,1,1784074216
2026-07-15T00:23:16Z,468,13,2,6,0,0,1,1,1,1784072218
2026-07-15T00:23:16Z,469,1,0,21,1,0,1,1,1,1784074577
2026-07-15T00:23:16Z,470,10,0,4,1,0,1,1,1,1784072884
2026-07-15T00:23:16Z,471,1,1,23,3,0,1,1,1,1784074803
2026-07-15T00:23:16Z,472,10,4,7,2,0,1,1,1,1784074777
2026-07-15T00:23:16Z,473,15,3,4,0,0,1,1,1,1784074412
2026-07-15T00:23:16Z,474,6,2,12,1,0,1,1,1,1784074981
2026-07-15T00:23:16Z,475,5,3,10,3,1,1,1,1,1784074987
2026-07-15T00:23:16Z,476,19,2,0,4,0,1,1,1,1784074740
2026-07-15T00:23:16Z,477,3,1,10,2,0,1,1,1,1784073918
2026-07-15T00:23:16Z,478,23,0,4,4,0,1,1,1,1784074820
2026-07-15T00:23:16Z,479,13,1,14,0,0,1,1,1,1784074374
2026-07-15T00:23:16Z,480,10,6,3,2,0,1,1,1,1784074498
2026-07-15T00:23:16Z,481,13,1,22,0,0,1,1,1,1784074858
2026-07-15T00:23:16Z,482,7,5,11,1,0,1,1,1,1784073767
2026-07-15T00:23:16Z,483,5,0,21,1,0,1,1,1,1784074827
2026-07-15T00:23:16Z,484,2,0,14,3,0,1,1,1,1784074823
2026-07-15T00:23:16Z,485,7,2,10,2,0,1,1,1,1784074890
2026-07-15T00:23:16Z,486,11,1,16,0,0,1,1,1,1784073842
2026-07-15T00:23:16Z,487,4,1,13,2,0,1,1,1,1784074880
2026-07-15T00:23:16Z,489,6,6,8,1,0,1,1,1,1784073725
2026-07-15T00:23:16Z,490,9,2,5,2,0,1,1,1,1784074700
2026-07-15T00:23:16Z,491,18,2,1,2,0,1,1,1,1784074336
2026-07-15T00:23:16Z,492,6,3,2,3,0,1,1,1,1784074987
2026-07-15T00:23:16Z,493,1,0,26,0,0,1,1,1,1784074324
2026-07-15T00:23:16Z,495,2,0,0,8,5,1,1,1,1784074964
2026-07-15T00:23:16Z,496,21,2,6,0,0,1,1,1,1784074378
2026-07-15T00:23:16Z,497,4,2,15,0,0,1,1,1,1784074980
2026-07-15T00:23:16Z,498,7,3,15,1,0,1,1,1,1784074850
2026-07-15T00:23:16Z,499,17,2,1,1,0,1,1,1,1784073267
2026-07-15T00:23:16Z,500,2,0,12,1,0,1,1,1,1784074208
2026-07-15T00:23:16Z,501,10,3,9,2,0,1,1,1,1784074440
2026-07-15T00:23:16Z,502,1,1,18,0,0,1,1,1,1784071866
2026-07-15T00:23:16Z,503,9,1,21,1,0,1,1,1,1784074754
2026-07-15T00:23:16Z,504,4,0,35,0,0,1,1,1,1784074832
2026-07-15T00:23:16Z,505,5,3,6,1,0,1,1,1,1784074645
2026-07-15T00:23:16Z,511,11,5,10,2,0,1,1,1,1784074818
2026-07-15T00:23:16Z,512,19,0,8,0,0,1,1,1,1784074329
2026-07-15T00:23:16Z,514,2,1,5,4,0,1,1,1,1784074900
2026-07-15T00:23:16Z,515,8,1,10,1,0,1,1,1,1784072152
2026-07-15T00:23:16Z,516,3,0,24,0,0,1,1,1,1784074804
2026-07-15T00:23:16Z,517,9,2,14,0,0,1,1,1,1784072722
2026-07-15T00:23:16Z,518,10,3,4,1,0,1,1,1,1784074897
2026-07-15T00:23:16Z,519,10,2,9,0,0,1,1,1,1784074070
2026-07-15T00:23:16Z,520,8,0,17,1,1,1,1,1,1784074801
2026-07-15T00:23:16Z,521,5,2,17,1,0,1,1,1,1784072222
2026-07-15T00:23:16Z,522,17,0,5,1,0,1,1,1,1784074738
2026-07-15T00:23:16Z,523,6,1,16,1,0,1,1,1,1784074662
2026-07-15T00:23:16Z,524,17,0,6,0,0,1,1,1,1784074981
2026-07-15T00:23:16Z,525,13,0,6,0,0,1,1,1,1784073324
2026-07-15T00:23:16Z,526,10,1,2,3,0,1,1,1,1784074928
2026-07-15T00:23:16Z,527,0,0,25,1,0,1,1,1,1784073477
2026-07-15T00:23:16Z,528,9,0,14,0,0,1,1,1,1784074173
2026-07-15T00:23:16Z,529,4,2,11,4,0,1,1,1,1784074847
2026-07-15T00:23:16Z,530,19,1,0,2,0,1,1,1,1784074923
2026-07-15T00:23:16Z,531,7,1,13,3,1,1,1,1,1784074978
2026-07-15T00:23:16Z,532,0,0,30,1,0,1,1,1,1784072985
2026-07-15T00:23:16Z,533,6,0,11,2,0,1,1,1,1784074279
2026-07-15T00:23:16Z,534,9,9,13,1,0,1,1,1,1784073980
2026-07-15T00:23:16Z,535,1,1,14,0,0,1,1,1,1784073089
2026-07-15T00:23:16Z,536,5,0,18,0,0,1,1,1,1784074862
2026-07-15T00:23:16Z,537,4,1,17,0,0,1,1,1,1784072986
2026-07-15T00:23:16Z,538,14,2,2,3,0,1,1,1,1784073705
2026-07-15T00:23:16Z,539,2,1,29,0,0,1,1,1,1784074376
2026-07-15T00:23:16Z,540,4,0,15,0,0,1,1,1,1784074961
2026-07-15T00:23:16Z,541,9,4,14,4,0,1,1,1,1784074857
2026-07-15T00:23:16Z,542,1,1,22,0,0,1,1,1,1784074076
2026-07-15T00:23:16Z,543,8,1,9,2,0,1,1,1,1784074402
2026-07-15T00:23:16Z,544,9,2,11,2,0,1,1,1,1784074949
2026-07-15T00:23:16Z,545,17,5,1,1,0,1,1,1,1784074968
2026-07-15T00:23:16Z,546,0,0,19,0,0,1,1,1,1784073943
2026-07-15T00:23:16Z,547,12,0,14,0,0,1,1,1,1784074613
2026-07-15T00:23:16Z,548,19,0,4,0,0,1,1,1,1784074399
2026-07-15T00:23:16Z,549,10,4,10,1,0,1,1,1,1784074891
2026-07-15T00:23:16Z,550,5,3,14,0,0,1,1,1,1784073579
2026-07-15T00:23:16Z,551,7,3,16,0,0,1,1,1,1784073747
2026-07-15T00:23:16Z,552,20,3,7,0,0,1,1,1,1784074029
2026-07-15T00:23:16Z,553,13,2,8,1,1,1,1,1,1784074859
2026-07-15T00:23:16Z,554,0,0,19,0,0,1,1,1,1784074770
2026-07-15T00:23:16Z,555,14,5,0,1,0,1,1,1,1784069382
2026-07-15T00:23:16Z,556,10,2,13,0,0,1,1,1,1784074698
2026-07-15T00:23:16Z,557,13,1,10,0,0,1,1,1,1784074967
2026-07-15T00:23:16Z,558,17,0,15,5,0,1,1,1,1784074880
2026-07-15T00:23:16Z,559,0,0,18,1,0,1,1,1,1784074977
2026-07-15T00:23:16Z,560,23,0,3,1,0,1,1,1,1784074946
2026-07-15T00:23:16Z,561,20,1,2,1,0,1,1,1,1784072740
2026-07-15T00:23:16Z,562,6,0,27,2,0,1,1,1,1784072030
2026-07-15T00:23:16Z,563,14,0,0,0,0,1,1,1,1784071943
2026-07-15T00:23:16Z,564,14,1,3,2,0,1,1,1,1784074007
2026-07-15T00:23:16Z,565,2,1,17,0,0,1,1,1,1784074806
2026-07-15T00:23:16Z,566,18,1,0,1,0,1,1,1,1784074732
2026-07-15T00:23:16Z,567,26,0,1,0,0,1,1,1,1784074527
2026-07-15T00:23:16Z,568,17,1,1,1,0,1,1,1,1784073892
2026-07-15T00:23:16Z,569,12,1,7,0,0,1,1,1,1784074320
2026-07-15T00:23:16Z,570,15,0,3,1,0,1,1,1,1784074681
2026-07-15T00:23:16Z,571,10,0,13,0,0,1,1,1,1784074935
2026-07-15T00:23:16Z,572,19,0,0,0,0,1,1,1,1784072817
2026-07-15T00:23:16Z,573,5,0,10,0,0,1,1,1,1784074472
2026-07-15T00:23:16Z,574,3,2,12,0,0,1,1,1,1784071714
2026-07-15T00:23:16Z,575,12,0,9,0,0,1,1,1,1784074684
2026-07-15T00:23:16Z,576,0,0,19,0,0,1,1,1,1784073555
2026-07-15T00:23:16Z,577,8,1,23,0,0,1,1,1,1784072779
2026-07-15T00:23:16Z,578,8,4,14,1,0,1,1,1,1784074510
2026-07-15T00:23:16Z,579,39,3,4,0,0,1,1,1,1784074902
2026-07-15T00:23:16Z,580,8,0,22,1,0,1,1,1,1784074837
2026-07-15T00:23:16Z,581,7,1,10,2,0,1,1,1,1784074951
2026-07-15T00:23:16Z,582,7,0,50,4,0,1,1,1,1784074677
2026-07-15T00:23:16Z,583,17,0,5,1,0,1,1,1,1784074759
2026-07-15T00:23:16Z,584,0,0,14,5,0,1,1,1,1784072106
2026-07-15T00:23:16Z,585,9,4,17,0,0,1,1,1,1784074809
2026-07-15T00:23:16Z,586,5,1,28,2,0,1,1,1,1784074862
2026-07-15T00:23:16Z,587,22,0,1,2,0,1,1,1,1784074897
2026-07-15T00:23:16Z,588,4,2,15,0,0,1,1,1,1784073517
2026-07-15T00:23:16Z,589,4,2,18,1,0,1,1,1,1784074572
2026-07-15T00:23:16Z,590,5,1,26,0,0,1,1,1,1784074408
2026-07-15T00:23:16Z,591,18,3,3,1,0,1,1,1,1784074711
2026-07-15T00:23:16Z,592,10,0,13,0,0,1,1,1,1784074164
2026-07-15T00:23:16Z,593,5,1,34,0,0,1,1,1,1784074976
2026-07-15T00:23:16Z,594,12,0,8,1,0,1,1,1,1784073579
2026-07-15T00:23:16Z,595,0,0,3,0,0,0,1,1,1784046673
2026-07-15T00:23:16Z,605,0,0,2,1,0,0,1,1,1783975843
2026-07-15T00:23:16Z,606,0,0,0,0,0,0,1,1,86400
2026-07-15T00:23:16Z,607,25,3,7,1,0,1,1,1,1784074916
2026-07-15T00:23:16Z,608,3,1,51,0,0,1,1,1,1784074962
2026-07-15T00:23:16Z,609,18,15,5,0,0,1,1,1,1784074449
2026-07-15T00:23:16Z,610,30,0,4,1,0,1,1,1,1784074969
2026-07-15T00:23:16Z,611,23,0,4,0,0,1,1,1,1784074249
2026-07-15T00:23:16Z,612,9,1,6,0,0,1,1,1,1784074493
2026-07-15T00:23:16Z,613,12,2,2,1,0,1,1,1,1784065286
2026-07-15T00:23:16Z,614,0,0,25,1,1,1,1,1,1784074066
2026-07-15T00:23:16Z,617,6,1,7,2,0,1,1,1,1784074486
2026-07-15T00:23:16Z,618,7,4,8,4,0,1,1,1,1784074319
2026-07-15T00:23:16Z,619,9,5,10,0,0,1,1,1,1784074947
2026-07-15T00:23:16Z,620,0,0,22,1,0,1,1,1,1784073456
2026-07-15T00:23:16Z,621,12,2,11,0,0,1,1,1,1784074113
2026-07-15T00:23:16Z,622,6,1,16,1,0,1,1,1,1784074721
2026-07-15T00:23:16Z,623,1,0,26,2,1,1,1,1,1784071290
2026-07-15T00:23:16Z,624,1,1,12,1,1,1,1,1,1784071418
2026-07-15T00:23:16Z,625,3,1,0,12,6,1,1,1,1784074977
2026-07-15T00:23:16Z,626,40,0,4,0,2,1,1,1,1784072821
2026-07-15T00:23:16Z,627,15,6,1,1,0,1,1,1,1784071702
2026-07-15T00:23:16Z,628,7,1,8,3,1,1,1,1,1784074463
2026-07-15T00:23:16Z,629,6,1,4,1,0,1,1,1,1784070752
2026-07-15T00:23:16Z,630,7,1,17,3,0,1,1,1,1784074837
2026-07-15T00:23:16Z,631,0,0,22,1,0,1,1,1,1784074731
2026-07-15T00:23:16Z,632,9,0,13,1,0,1,1,1,1784074579
2026-07-15T00:23:16Z,633,10,0,3,1,1,1,1,1,1784065075
2026-07-15T00:23:16Z,634,13,0,5,1,0,1,1,1,1784072110
2026-07-15T00:23:16Z,635,6,1,11,2,0,1,1,1,1784074917
2026-07-15T00:23:16Z,636,5,1,10,0,0,1,1,1,1784071824
2026-07-15T00:23:16Z,637,7,2,10,2,0,1,1,1,1784072549
2026-07-15T00:23:16Z,638,9,0,8,2,0,1,1,1,1784073538
2026-07-15T00:23:16Z,639,0,0,0,3,12,0,1,1,1784026667
2026-07-15T00:23:16Z,640,0,0,21,2,0,1,1,1,1784072073
2026-07-15T00:23:16Z,641,25,1,2,0,0,1,1,1,1784074584
2026-07-15T00:23:16Z,642,4,2,11,4,0,1,1,1,1784074644
2026-07-15T00:23:16Z,643,1,0,24,2,0,1,1,1,1784074470
2026-07-15T00:23:16Z,644,4,1,1,9,1,1,1,1,1784074754
2026-07-15T00:23:16Z,645,15,1,6,1,1,1,1,1,1784074796
2026-07-15T00:23:16Z,646,12,2,4,3,0,1,1,1,1784073296
2026-07-15T00:23:16Z,647,17,3,14,0,0,1,1,1,1784074298
2026-07-15T00:23:16Z,648,17,1,0,2,0,1,1,1,1784073297
2026-07-15T00:23:16Z,649,13,4,18,0,0,1,1,1,1784074455
2026-07-15T00:23:16Z,650,3,1,11,2,0,1,1,1,1784073974
2026-07-15T00:23:16Z,651,5,5,16,2,0,1,1,1,1784074883
2026-07-15T00:23:16Z,652,4,0,17,2,0,1,1,1,1784074927
2026-07-15T00:23:16Z,653,0,0,14,5,0,1,1,1,1784074738
2026-07-15T00:23:16Z,654,2,1,13,0,0,1,1,1,1784074759
2026-07-15T00:23:16Z,655,2,0,8,1,3,1,1,1,1784074895
2026-07-15T00:23:16Z,656,15,1,4,0,0,1,1,1,1784074866
2026-07-15T00:23:16Z,657,3,2,12,1,1,1,1,1,1784074936
2026-07-15T00:23:16Z,658,18,2,4,1,0,1,1,1,1784074685
2026-07-15T00:23:16Z,659,3,3,10,2,0,1,1,1,1784073025
2026-07-15T00:23:16Z,660,1,1,30,0,0,1,1,1,1784074723
2026-07-15T00:23:16Z,661,6,3,13,0,0,1,1,1,1784074329
2026-07-15T00:23:16Z,662,2,1,18,3,0,1,1,1,1784074836
2026-07-15T00:23:16Z,663,10,3,4,0,0,1,1,1,1784074988
2026-07-15T00:23:16Z,664,13,0,14,0,0,1,1,1,1784074484
2026-07-15T00:23:16Z,665,3,3,12,0,0,1,1,1,1784074287
2026-07-15T00:23:16Z,666,11,4,4,0,0,1,1,1,1784073617
2026-07-15T00:23:16Z,667,10,1,3,4,0,1,1,1,1784074470
2026-07-15T00:23:16Z,668,7,2,10,2,0,1,1,1,1784074386
2026-07-15T00:23:16Z,669,6,2,6,2,0,1,1,1,1784073971
2026-07-15T00:23:16Z,670,17,1,10,0,0,1,1,1,1784074958
2026-07-15T00:23:16Z,671,21,0,6,0,0,1,1,1,1784073929
2026-07-15T00:23:16Z,672,8,0,11,4,0,1,1,1,1784074901
2026-07-15T00:23:16Z,673,20,1,2,1,0,1,1,1,1784073983
2026-07-15T00:23:16Z,674,1,1,19,3,0,1,1,1,1784074883
2026-07-15T00:23:16Z,675,3,2,10,1,1,1,1,1,1784074797
2026-07-15T00:23:16Z,676,6,1,16,1,0,1,1,1,1784074710
2026-07-15T00:23:16Z,681,4,0,7,4,0,1,1,1,1784074782
2026-07-15T00:23:16Z,682,14,4,0,5,0,1,1,1,1784049239
2026-07-15T00:23:16Z,683,15,3,4,0,0,1,1,1,1784074254
2026-07-15T00:23:16Z,684,9,0,18,0,0,1,1,1,1784067028
2026-07-15T00:23:16Z,685,5,1,20,1,1,1,1,1,1784073768
2026-07-15T00:23:16Z,686,10,2,15,2,0,1,1,1,1784074742
2026-07-15T00:23:16Z,687,5,2,24,1,1,1,1,1,1784074879
2026-07-15T00:23:16Z,688,1,0,17,1,0,1,1,1,1784074567
2026-07-15T00:23:16Z,692,0,0,20,1,0,1,1,1,1784074888
2026-07-15T00:23:16Z,693,4,0,4,3,0,1,1,1,1784074814
2026-07-15T00:23:16Z,694,7,4,14,0,0,1,1,1,1784074681
2026-07-15T00:23:16Z,695,5,2,17,1,0,1,1,1,1784073814
2026-07-15T00:23:16Z,696,22,12,1,0,0,1,1,1,1784074856
2026-07-15T00:23:16Z,697,15,0,6,2,0,1,1,1,1784074654
2026-07-15T00:23:16Z,698,9,0,18,0,0,1,1,1,1784074935
2026-07-15T00:23:16Z,699,3,0,11,1,0,1,1,1,1784073988
2026-07-15T00:23:16Z,700,16,0,3,0,0,1,1,1,1784073808
2026-07-15T00:23:16Z,701,9,0,9,1,0,1,1,1,1784074006
2026-07-15T00:23:16Z,702,0,0,22,1,0,1,1,1,1784074231
2026-07-15T00:23:16Z,703,19,4,3,1,0,1,1,1,1784074858
2026-07-15T00:23:16Z,704,12,2,3,0,0,1,1,1,1784074860
2026-07-15T00:23:16Z,705,14,6,1,0,0,1,1,1,1784074383
2026-07-15T00:23:16Z,706,14,7,1,0,0,1,1,1,1784074921
2026-07-15T00:23:16Z,707,10,5,4,1,0,1,1,1,1784074905
2026-07-15T00:23:16Z,708,17,1,2,0,0,1,1,1,1784074990
2026-07-15T00:23:16Z,709,6,0,7,2,0,1,1,1,1784073677
2026-07-15T00:23:16Z,710,7,2,12,0,0,1,1,1,1784074121
2026-07-15T00:23:16Z,711,15,5,0,4,0,1,1,1,1784074405
2026-07-15T00:23:16Z,712,2,2,13,0,0,1,1,1,1784073727
2026-07-15T00:23:16Z,713,3,0,19,1,0,1,1,1,1784074893
2026-07-15T00:23:16Z,716,0,0,15,0,0,1,1,1,1784073329
2026-07-15T00:23:16Z,717,11,9,11,3,0,1,1,1,1784073609
2026-07-15T00:23:16Z,718,0,0,14,1,0,1,1,1,1784074316
2026-07-15T00:23:16Z,719,2,0,27,0,0,1,1,1,1784074018
2026-07-15T00:23:16Z,720,3,1,16,0,0,1,1,1,1784074316
2026-07-15T00:23:16Z,721,5,0,18,0,0,1,1,1,1784073979
2026-07-15T00:23:16Z,722,5,0,10,0,0,1,1,1,1784073531
2026-07-15T00:23:16Z,723,5,2,17,1,0,1,1,1,1784074639
2026-07-15T00:23:16Z,724,9,0,14,0,0,1,1,1,1784073473
2026-07-15T00:23:16Z,725,12,1,10,1,0,1,1,1,1784073604
2026-07-15T00:23:16Z,726,19,2,0,0,0,1,1,1,1784073441
2026-07-15T00:23:16Z,727,6,0,15,2,0,1,1,1,1784074332
2026-07-15T00:23:16Z,728,11,1,2,2,0,1,1,1,1784074407
2026-07-15T00:23:16Z,729,18,1,0,1,0,1,1,1,1784074894
2026-07-15T00:23:16Z,730,10,1,5,0,0,1,1,1,1784074163
2026-07-15T00:23:16Z,731,1,1,13,1,0,1,1,1,1784074989
2026-07-15T00:23:16Z,732,8,2,7,0,0,1,1,1,1784074340
2026-07-15T00:23:16Z,733,26,1,1,0,0,1,1,1,1784074296
2026-07-15T00:23:16Z,734,4,0,10,0,0,1,1,1,1784073503
2026-07-15T00:23:16Z,735,0,0,27,0,0,1,1,1,1784074541
2026-07-15T00:23:16Z,736,8,4,11,0,0,1,1,1,1784073217
2026-07-15T00:23:16Z,737,4,1,11,0,0,1,1,1,1784074403
2026-07-15T00:23:16Z,738,6,3,11,2,0,1,1,1,1784073952
2026-07-15T00:23:16Z,739,11,3,14,2,0,1,1,1,1784073606
2026-07-15T00:23:16Z,741,2,1,21,0,0,1,1,1,1784074201
2026-07-15T00:23:16Z,742,31,2,8,0,0,1,1,1,1784074825
2026-07-15T00:23:16Z,743,0,0,19,0,0,1,1,1,1784073202
2026-07-15T00:23:16Z,744,5,0,9,1,0,1,1,1,1784074934
2026-07-15T00:23:16Z,745,13,2,4,2,0,1,1,1,1784073273
2026-07-15T00:23:16Z,746,19,0,4,0,0,1,1,1,1784073964
2026-07-15T00:23:16Z,747,0,0,19,0,0,0,1,1,1783446606
2026-07-15T00:23:16Z,748,13,2,7,0,0,1,1,1,1784073682
2026-07-15T00:23:16Z,749,5,2,17,1,0,1,1,1,1784074853
2026-07-15T00:23:16Z,750,0,0,9,2,0,1,1,1,1784074764
2026-07-15T00:23:16Z,751,2,1,21,0,0,1,1,1,1784074685
2026-07-15T00:23:16Z,752,14,1,3,0,0,1,1,1,1784074154
2026-07-15T00:23:16Z,753,15,0,0,0,0,1,1,1,1784074665
2026-07-15T00:23:16Z,754,13,3,2,0,0,1,1,1,1784073550
2026-07-15T00:23:16Z,755,5,4,11,2,0,1,1,1,1784073954
2026-07-15T00:23:16Z,756,0,0,37,1,0,1,1,1,1784074190
2026-07-15T00:23:16Z,757,3,1,16,0,0,1,1,1,1784074965
2026-07-15T00:23:16Z,758,2,2,20,1,0,1,1,1,1784074818
2026-07-15T00:23:16Z,759,4,1,11,0,0,1,1,1,1784074639
2026-07-15T00:23:16Z,760,17,5,1,1,0,1,1,1,1784068228
2026-07-15T00:23:16Z,761,5,1,18,0,0,1,1,1,1784074367
2026-07-15T00:23:16Z,762,4,4,6,5,0,1,1,1,1784073579
2026-07-15T00:23:16Z,768,18,6,0,1,0,1,1,1,1784074516
2026-07-15T00:23:16Z,769,8,5,11,0,0,1,1,1,1784074765
2026-07-15T00:23:16Z,770,7,3,12,0,0,1,1,1,1784074909
2026-07-15T00:23:16Z,771,10,1,5,0,0,1,1,1,1784074177
2026-07-15T00:23:16Z,772,4,3,11,0,0,1,1,1,1784072151
2026-07-15T00:23:16Z,773,6,4,13,0,0,1,1,1,1784074937
2026-07-15T00:23:16Z,774,7,1,6,2,0,1,1,1,1784074638
2026-07-15T00:23:16Z,775,4,0,12,3,0,1,1,1,1784070861
2026-07-15T00:23:16Z,776,2,0,18,1,0,1,1,1,1784074751
2026-07-15T00:23:16Z,777,8,3,0,7,0,1,1,1,1784074354
2026-07-15T00:23:16Z,778,16,3,1,2,0,1,1,1,1784073536
2026-07-15T00:23:16Z,779,13,1,5,1,0,1,1,1,1784074818
2026-07-15T00:23:16Z,780,14,2,4,1,0,1,1,1,1784074939
2026-07-15T00:23:16Z,781,5,2,6,0,0,1,1,1,1784074808
2026-07-15T00:23:16Z,782,10,5,8,1,0,1,1,1,1784074150
2026-07-15T00:23:16Z,783,6,1,13,0,0,1,1,1,1784074618
2026-07-15T00:23:16Z,784,18,0,1,0,0,1,1,1,1784068540
2026-07-15T00:23:16Z,785,8,1,6,4,0,1,1,1,1784067827
2026-07-15T00:23:16Z,786,8,2,9,2,0,1,1,1,1784073264
2026-07-15T00:23:16Z,787,12,2,2,1,0,1,1,1,1784074130
2026-07-15T00:23:16Z,788,5,3,10,0,0,1,1,1,1784074318
2026-07-15T00:23:16Z,789,10,1,5,0,0,1,1,1,1784073668
2026-07-15T00:23:16Z,790,1,1,22,0,0,1,1,1,1784074597
2026-07-15T00:23:16Z,791,12,1,6,1,0,1,1,1,1784073974
2026-07-15T00:23:16Z,793,3,2,10,2,0,1,1,1,1784074459
2026-07-15T00:23:16Z,794,4,2,24,1,0,1,1,1,1784074776
2026-07-15T00:23:16Z,796,2,1,14,3,0,1,1,1,1784074940
2026-07-15T00:23:16Z,797,2,1,13,0,0,1,1,1,1784074057
2026-07-15T00:23:16Z,798,11,0,11,3,0,1,1,1,1784074902
2026-07-15T00:23:16Z,799,6,2,9,4,0,1,1,1,1784074971
2026-07-15T00:23:16Z,800,13,0,8,0,0,1,1,1,1784074313
2026-07-15T00:23:16Z,801,0,0,20,1,0,1,1,1,1784073874
2026-07-15T00:23:16Z,802,1,0,30,0,0,1,1,1,1784074958
2026-07-15T00:23:16Z,803,11,1,4,0,0,1,1,1,1784074291
2026-07-15T00:23:16Z,806,1,1,13,1,0,1,1,1,1784074137
2026-07-15T00:23:16Z,807,0,0,24,1,0,1,1,1,1784074319
2026-07-15T00:23:16Z,808,0,0,24,1,0,1,1,1,1784072956
2026-07-15T00:23:16Z,809,9,4,13,1,0,1,1,1,1784073785
2026-07-15T00:23:16Z,810,10,9,6,3,0,1,1,1,1784073225
2026-07-15T00:23:16Z,815,11,0,3,1,0,1,1,1,1784074351
2026-07-15T00:23:16Z,817,2,0,4,9,0,1,1,1,1784073896
2026-07-15T00:23:16Z,818,8,2,15,0,0,1,1,1,1784074483
2026-07-15T00:23:16Z,819,3,0,8,4,0,1,1,1,1784074520
2026-07-15T00:23:16Z,820,8,1,7,2,0,1,1,1,1784072960
2026-07-15T00:23:16Z,821,10,6,4,1,0,1,1,1,1784074712
2026-07-15T00:23:16Z,822,6,0,15,2,0,1,1,1,1784074871
2026-07-15T00:23:16Z,823,5,0,10,0,0,1,1,1,1784074305
2026-07-15T00:23:16Z,824,16,2,2,1,0,1,1,1,1784074874
2026-07-15T00:23:16Z,825,10,1,4,1,0,1,1,1,1784074603
2026-07-15T00:23:16Z,826,4,0,11,3,1,1,1,1,1784074253
2026-07-15T00:23:16Z,827,19,7,2,0,0,1,1,1,1784074375
2026-07-15T00:23:16Z,828,5,1,12,1,0,1,1,1,1784074098
2026-07-15T00:23:16Z,829,1,0,26,0,0,1,1,1,1784074608
2026-07-15T00:23:16Z,830,13,1,10,0,0,1,1,1,1784074659
2026-07-15T00:23:16Z,831,4,0,11,0,0,1,1,1,1784074827
2026-07-15T00:23:16Z,832,4,0,14,0,0,1,1,1,1784074801
2026-07-15T00:23:16Z,833,17,4,0,2,0,1,1,1,1784074490
2026-07-15T00:23:16Z,834,18,1,5,1,0,1,1,1,1784074950
2026-07-15T00:23:16Z,835,6,3,12,0,0,1,1,1,1784074991
2026-07-15T00:23:16Z,837,5,3,4,6,0,1,1,1,1784073685
2026-07-15T00:23:16Z,838,5,3,4,6,0,1,1,1,1784074504
2026-07-15T00:23:16Z,839,5,0,23,1,0,1,1,1,1784074568
2026-07-15T00:23:16Z,840,0,0,28,1,0,1,1,1,1784074660
2026-07-15T00:23:16Z,841,11,7,4,0,0,1,1,1,1784073586
2026-07-15T00:23:16Z,842,18,2,4,0,0,1,1,1,1784073749
2026-07-15T00:23:16Z,843,19,4,10,2,0,1,1,1,1784074698
2026-07-15T00:23:16Z,844,6,0,16,1,0,1,1,1,1784073676
2026-07-15T00:23:16Z,845,5,0,14,0,0,1,1,1,1784074861
2026-07-15T00:23:16Z,846,8,0,9,1,0,1,1,1,1784074897
2026-07-15T00:23:16Z,847,5,4,22,0,0,1,1,1,1784073221
2026-07-15T00:23:16Z,848,7,0,12,0,0,1,1,1,1784074889
2026-07-15T00:23:16Z,849,2,1,11,2,0,1,1,1,1784073691
2026-07-15T00:23:16Z,850,8,2,2,1,0,1,1,1,1784074883
2026-07-15T00:23:16Z,851,14,13,22,1,0,1,1,1,1784074140
2026-07-15T00:23:16Z,852,6,1,12,1,0,1,1,1,1784073902
2026-07-15T00:23:16Z,853,11,2,11,1,0,1,1,1,1784074597
2026-07-15T00:23:16Z,854,7,3,8,0,0,1,1,1,1784074807
2026-07-15T00:23:16Z,855,13,0,14,0,0,1,1,1,1784072292
2026-07-15T00:23:16Z,857,1,0,13,5,0,1,1,1,1784074676
2026-07-15T00:23:16Z,858,9,5,9,1,0,1,1,1,1784074923
2026-07-15T00:23:16Z,859,5,2,15,1,0,1,1,1,1784074288
2026-07-15T00:23:16Z,861,3,1,7,1,0,1,1,1,1784065902
2026-07-15T00:23:16Z,862,0,0,15,0,0,1,1,1,1784073620
2026-07-15T00:23:16Z,863,13,4,4,2,0,1,1,1,1784074381
2026-07-15T00:23:16Z,866,9,0,10,0,0,1,1,1,1784074896
2026-07-15T00:23:16Z,867,11,3,4,0,0,1,1,1,1784073534
2026-07-15T00:23:16Z,868,4,2,10,1,0,1,1,1,1784074228
2026-07-15T00:23:16Z,870,8,3,6,1,0,1,1,1,1784074378
2026-07-15T00:23:16Z,871,1,1,9,1,0,1,1,1,1784073489
2026-07-15T00:23:16Z,872,7,3,8,0,0,1,1,1,1784074250
2026-07-15T00:23:16Z,873,2,0,30,1,0,1,1,1,1784074908
2026-07-15T00:23:16Z,874,14,0,0,1,0,1,1,1,1784073830
2026-07-15T00:23:16Z,875,8,4,6,1,0,1,1,1,1784074227
2026-07-15T00:23:16Z,877,6,5,12,1,0,1,1,1,1784073332
2026-07-15T00:23:16Z,878,7,6,12,0,0,1,1,1,1784073569
2026-07-15T00:23:16Z,879,11,2,8,0,0,1,1,1,1784073308
2026-07-15T00:23:16Z,880,5,0,18,0,0,1,1,1,1784073684
2026-07-15T00:23:16Z,881,15,3,4,0,0,1,1,1,1784073776
2026-07-15T00:23:16Z,882,11,5,8,0,0,1,1,1,1784074662
2026-07-15T00:23:16Z,883,10,5,9,0,0,1,1,1,1784074326
2026-07-15T00:23:16Z,884,8,4,12,1,0,1,1,1,1784074672
2026-07-15T00:23:16Z,885,4,0,15,0,0,1,1,1,1784074674
2026-07-15T00:23:16Z,886,1,1,27,1,0,1,1,1,1784074960
2026-07-15T00:23:16Z,887,3,1,11,3,0,1,1,1,1784073842
2026-07-15T00:23:16Z,888,38,1,2,1,0,1,1,1,1784074657
2026-07-15T00:23:16Z,889,15,0,2,2,0,1,1,1,1784074311
2026-07-15T00:23:16Z,890,6,1,9,0,0,1,1,1,1784074715
2026-07-15T00:23:16Z,891,8,0,15,0,0,1,1,1,1784074072
2026-07-15T00:23:16Z,892,10,0,5,0,0,1,1,1,1784070661
2026-07-15T00:23:16Z,895,12,3,6,1,0,1,1,1,1784071036
2026-07-15T00:23:16Z,896,15,0,20,0,0,1,1,1,1784074278
2026-07-15T00:23:16Z,897,10,0,9,2,0,1,1,1,1784073639
2026-07-15T00:23:16Z,898,5,1,13,1,0,1,1,1,1784074835
2026-07-15T00:23:16Z,899,17,2,2,0,0,1,1,1,1784074808
2026-07-15T00:23:16Z,900,25,1,1,1,0,1,1,1,1784074915
2026-07-15T00:23:16Z,901,18,4,0,1,0,1,1,1,1784074406
2026-07-15T00:23:16Z,902,4,0,11,0,0,1,1,1,1784074143
2026-07-15T00:23:16Z,903,12,0,7,0,0,1,1,1,1784074807
2026-07-15T00:23:16Z,904,9,2,9,1,0,1,1,1,1784074815
2026-07-15T00:23:16Z,905,14,0,11,2,0,1,1,1,1784074308
2026-07-15T00:23:16Z,906,4,2,22,1,0,1,1,1,1784074951
2026-07-15T00:23:16Z,907,22,1,6,3,0,1,1,1,1784074957
2026-07-15T00:23:16Z,908,13,1,9,1,0,1,1,1,1784074467
2026-07-15T00:23:16Z,909,3,2,19,1,0,1,1,1,1784074909
2026-07-15T00:23:16Z,910,21,1,8,2,0,1,1,1,1784074900
2026-07-15T00:23:16Z,911,9,0,9,1,0,1,1,1,1784074750
2026-07-15T00:23:16Z,912,11,3,9,3,0,1,1,1,1784074822
2026-07-15T00:23:16Z,913,4,3,15,0,0,1,1,1,1784074317
2026-07-15T00:23:16Z,914,8,1,9,2,0,1,1,1,1784074678
2026-07-15T00:23:16Z,915,16,1,5,2,0,1,1,1,1784074024
2026-07-15T00:23:16Z,916,17,1,6,0,0,1,1,1,1784074009
2026-07-15T00:23:16Z,917,5,0,28,2,0,1,1,1,1784074059
2026-07-15T00:23:16Z,918,15,0,2,2,0,1,1,1,1784074808
2026-07-15T00:23:16Z,919,25,1,13,1,0,1,1,1,1784074989
2026-07-15T00:23:16Z,920,5,5,13,1,0,1,1,1,1784074364
2026-07-15T00:23:16Z,921,13,2,5,3,0,1,1,1,1784073705
2026-07-15T00:23:16Z,922,9,0,12,0,0,1,1,1,1784074319
2026-07-15T00:23:16Z,923,0,0,18,1,0,1,1,1,1784074820
2026-07-15T00:23:16Z,924,15,5,6,0,0,1,1,1,1784073307
2026-07-15T00:23:16Z,925,6,0,15,0,0,1,1,1,1784074595
2026-07-15T00:23:16Z,926,6,0,15,0,0,1,1,1,1784074261
2026-07-15T00:23:16Z,927,1,0,33,0,1,1,1,1,1784074899
2026-07-15T00:23:16Z,928,6,0,13,0,0,1,1,1,1784074520
2026-07-15T00:23:16Z,929,0,0,23,0,0,1,1,1,1784074020
2026-07-15T00:23:16Z,930,10,0,19,2,0,1,1,1,1784074787
2026-07-15T00:23:16Z,931,0,0,22,1,0,1,1,1,1784074884
2026-07-15T00:23:16Z,932,17,0,2,0,0,1,1,1,1784074894
2026-07-15T00:23:16Z,933,22,2,1,0,0,1,1,1,1784074376
2026-07-15T00:23:16Z,934,12,0,19,0,0,1,1,1,1784074396
2026-07-15T00:23:16Z,935,7,0,11,1,0,1,1,1,1784074909
2026-07-15T00:23:16Z,936,3,0,16,0,0,1,1,1,1784074988
2026-07-15T00:23:16Z,940,10,2,1,0,0,1,1,1,1784074943
2026-07-15T00:23:16Z,941,18,0,5,2,0,1,1,1,1784074779
2026-07-15T00:23:16Z,942,14,2,6,1,0,1,1,1,1784074358
2026-07-15T00:23:16Z,943,4,3,10,1,0,1,1,1,1784073648
2026-07-15T00:23:16Z,944,8,7,6,1,0,1,1,1,1784074345
2026-07-15T00:23:16Z,945,4,3,11,0,0,1,1,1,1784074196
2026-07-15T00:23:16Z,946,11,8,8,0,0,1,1,1,1784074446
2026-07-15T00:23:16Z,947,8,5,9,0,0,1,1,1,1784074043
2026-07-15T00:23:16Z,948,1,1,29,1,0,1,1,1,1784074947
2026-07-15T00:23:16Z,949,2,1,12,1,0,1,1,1,1784074893
2026-07-15T00:23:16Z,950,7,0,9,1,0,1,1,1,1784074481
2026-07-15T00:23:16Z,951,4,3,18,1,0,1,1,1,1784074032
2026-07-15T00:23:16Z,952,28,1,25,2,0,1,1,1,1784074987
2026-07-15T00:23:16Z,953,9,2,6,0,0,1,1,1,1784074588
2026-07-15T00:23:16Z,954,16,5,2,1,0,1,1,1,1784074831
2026-07-15T00:23:16Z,955,0,0,25,2,0,1,1,1,1784073908
2026-07-15T00:23:16Z,956,17,0,2,0,0,1,1,1,1784074313
2026-07-15T00:23:16Z,957,3,1,25,1,0,1,1,1,1784074675
2026-07-15T00:23:16Z,958,18,0,12,1,0,1,1,1,1784074957
2026-07-15T00:23:16Z,959,8,7,13,2,0,1,1,1,1784073810
2026-07-15T00:23:16Z,960,21,1,1,1,0,1,1,1,1784074683
2026-07-15T00:23:16Z,961,1,1,18,4,0,1,1,1,1784074810
2026-07-15T00:23:16Z,962,5,2,25,5,0,1,1,1,1784073751
2026-07-15T00:23:16Z,963,13,0,10,0,0,1,1,1,1784073808
2026-07-15T00:23:16Z,964,19,3,1,3,0,1,1,1,1784074755
2026-07-15T00:23:16Z,965,2,1,23,2,0,1,1,1,1784073922
2026-07-15T00:23:16Z,966,5,4,24,2,0,1,1,1,1784074938
2026-07-15T00:23:16Z,967,15,6,3,3,0,1,1,1,1784073256
2026-07-15T00:23:16Z,968,19,0,0,0,0,1,1,1,1784074974
2026-07-15T00:23:16Z,969,8,6,18,1,0,1,1,1,1784074663
2026-07-15T00:23:16Z,970,14,5,4,1,0,1,1,1,1784074898
2026-07-15T00:23:16Z,971,23,0,0,0,0,1,1,1,1784073715
2026-07-15T00:23:16Z,972,5,5,17,1,0,1,1,1,1784073830
2026-07-15T00:23:16Z,973,4,0,18,1,0,1,1,1,1784074833
2026-07-15T00:23:16Z,974,15,0,10,2,0,1,1,1,1784074392
2026-07-15T00:23:16Z,977,8,5,11,2,0,1,1,1,1784074733
2026-07-15T00:23:16Z,978,16,1,7,0,0,1,1,1,1784074602
2026-07-15T00:23:16Z,979,0,0,17,0,0,1,1,1,1784073832
2026-07-15T00:23:16Z,980,1,0,17,3,0,1,1,1,1784074331
2026-07-15T00:23:16Z,981,18,0,2,1,0,1,1,1,1784074586
2026-07-15T00:23:16Z,982,10,0,8,1,0,1,1,1,1784074850
2026-07-15T00:23:16Z,983,8,1,14,1,0,1,1,1,1784073783
2026-07-15T00:23:16Z,984,11,2,10,2,0,1,1,1,1784074800
2026-07-15T00:23:16Z,985,9,0,21,1,0,1,1,1,1784074745
2026-07-15T00:23:16Z,986,3,0,16,0,0,1,1,1,1784074945
2026-07-15T00:23:16Z,987,7,1,16,0,0,1,1,1,1784074304
2026-07-15T00:23:16Z,988,17,7,2,0,0,1,1,1,1784073457
2026-07-15T00:23:16Z,989,13,10,6,0,0,1,1,1,1784073404
2026-07-15T00:23:16Z,990,13,2,2,0,0,1,1,1,1784074449
2026-07-15T00:23:16Z,991,10,2,6,3,0,1,1,1,1784073353
2026-07-15T00:23:16Z,992,9,2,14,0,0,1,1,1,1784073710
2026-07-15T00:23:16Z,993,0,0,27,0,0,1,1,1,1784074682
2026-07-15T00:23:16Z,994,1,0,17,3,0,1,1,1,1784074443
2026-07-15T00:23:16Z,995,14,1,13,0,0,1,1,1,1784074324
2026-07-15T00:23:16Z,996,12,5,11,0,0,1,1,1,1784074057
2026-07-15T00:23:16Z,997,10,4,13,0,0,1,1,1,1784074981
2026-07-15T00:23:16Z,998,6,0,17,0,0,1,1,1,1784073643
2026-07-15T00:23:16Z,999,13,4,6,1,1,1,1,1,1784073539
2026-07-15T00:23:16Z,1000,6,0,15,0,0,1,1,1,1784073284
2026-07-15T00:23:16Z,1001,2,0,24,1,0,1,1,1,1784074263
2026-07-15T00:23:16Z,1002,8,0,23,0,0,1,1,1,1784074893
2026-07-15T00:23:16Z,1003,1,0,22,0,0,1,1,1,1784073567
2026-07-15T00:23:16Z,1004,2,2,21,0,0,1,1,1,1784074585
2026-07-15T00:23:16Z,1005,3,1,19,1,0,1,1,1,1784073625
2026-07-15T00:23:16Z,1006,11,1,7,1,0,1,1,1,1784074799
2026-07-15T00:23:16Z,1007,4,1,17,0,0,1,1,1,1784073381
2026-07-15T00:23:16Z,1008,12,6,11,0,0,1,1,1,1784073913
2026-07-15T00:23:16Z,1009,13,1,17,1,0,1,1,1,1784074922
2026-07-15T00:23:16Z,1010,14,13,12,1,0,1,1,1,1784074704
2026-07-15T00:23:16Z,1011,7,1,10,2,0,1,1,1,1784074841
2026-07-15T00:23:16Z,1012,6,3,16,1,0,1,1,1,1784074343
2026-07-15T00:23:16Z,1013,6,3,16,1,0,1,1,1,1784073789
2026-07-15T00:23:16Z,1014,9,4,14,0,0,1,1,1,1784073721
2026-07-15T00:23:16Z,1015,13,4,18,0,0,1,1,1,1784074928
2026-07-15T00:23:16Z,1016,15,8,14,2,0,1,1,1,1784073330
2026-07-15T00:23:16Z,1017,11,1,10,0,0,1,1,1,1784073334
2026-07-15T00:23:16Z,1018,3,2,16,2,0,1,1,1,1784073977
2026-07-15T00:23:16Z,1019,8,0,6,1,0,1,1,1,1784074178
2026-07-15T00:23:16Z,1020,15,1,6,0,0,1,1,1,1784074021
2026-07-15T00:23:16Z,1021,11,5,3,1,0,1,1,1,1784074432
2026-07-15T00:23:16Z,1022,12,1,15,0,0,1,1,1,1784074221
2026-07-15T00:23:16Z,1023,15,0,8,0,0,1,1,1,1784074882
2026-07-15T00:23:16Z,1024,16,0,2,1,0,1,1,1,1784074737
2026-07-15T00:23:16Z,1025,11,2,8,0,0,1,1,1,1784074831
2026-07-15T00:23:16Z,1026,3,1,27,1,0,1,1,1,1784073996
2026-07-15T00:23:16Z,1028,13,4,10,0,0,1,1,1,1784073835
2026-07-15T00:23:16Z,1029,11,7,4,0,0,1,1,1,1784074518
2026-07-15T00:23:16Z,1030,18,9,4,1,0,1,1,1,1784073988
2026-07-15T00:23:16Z,1031,3,1,16,0,0,1,1,1,1784074860
2026-07-15T00:23:16Z,1032,11,4,8,0,0,1,1,1,1784074902
2026-07-15T00:23:16Z,1033,13,6,6,0,0,1,1,1,1784073193
2026-07-15T00:23:16Z,1034,10,1,5,0,0,1,1,1,1784074213
2026-07-15T00:23:16Z,1035,4,2,14,1,0,1,1,1,1784074819
2026-07-15T00:23:16Z,1036,6,4,9,0,0,1,1,1,1784074480
2026-07-15T00:23:16Z,1037,5,1,14,0,0,1,1,1,1784074869
2026-07-15T00:23:16Z,1038,0,0,15,0,0,1,1,1,1784074137
2026-07-15T00:23:16Z,1039,9,4,10,0,0,1,1,1,1784074980
2026-07-15T00:23:16Z,1040,3,0,16,0,0,1,1,1,1784074926
2026-07-15T00:23:16Z,1041,6,2,13,0,0,1,1,1,1784074784
2026-07-15T00:23:16Z,1042,4,0,10,1,0,1,1,1,1784074174
2026-07-15T00:23:16Z,1043,2,1,17,0,0,1,1,1,1784074906
2026-07-15T00:23:16Z,1044,1,0,12,2,0,1,1,1,1784074583
2026-07-15T00:23:16Z,1045,2,1,17,0,0,1,1,1,1784074823
2026-07-15T00:23:16Z,1046,2,0,9,4,0,1,1,1,1784074205
2026-07-15T00:23:16Z,1047,5,0,16,0,0,1,1,1,1784073223
2026-07-15T00:23:16Z,1048,14,0,5,0,0,1,1,1,1784074766
2026-07-15T00:23:16Z,1049,6,0,15,0,0,1,1,1,1784073532
2026-07-15T00:23:16Z,1050,16,3,5,0,0,1,1,1,1784074861
2026-07-15T00:23:16Z,1051,16,0,5,0,0,1,1,1,1784073375
2026-07-15T00:23:16Z,1052,10,1,12,0,0,1,1,1,1784073532
2026-07-15T00:23:16Z,1053,2,0,13,0,0,1,1,1,1784074086
2026-07-15T00:23:16Z,1054,9,0,6,0,0,1,1,1,1784074242
2026-07-15T00:23:16Z,1055,10,4,9,0,0,1,1,1,1784074868
2026-07-15T00:23:16Z,1057,10,0,7,2,0,1,1,1,1784074175
2026-07-15T00:23:16Z,1058,27,1,29,0,0,1,1,1,1784074813
2026-07-15T00:23:16Z,1059,15,2,4,0,0,1,1,1,1784074236
2026-07-15T00:23:16Z,1060,28,2,9,0,0,1,1,1,1784074849
2026-07-15T00:23:16Z,1061,7,0,30,0,0,1,1,1,1784074147
2026-07-15T00:23:16Z,1062,6,0,11,0,0,1,1,1,1784073795
2026-07-15T00:23:16Z,1063,10,0,7,2,0,1,1,1,1784074851
2026-07-15T00:23:16Z,1064,4,1,18,1,0,1,1,1,1784073680
2026-07-15T00:23:16Z,1065,16,5,7,0,0,1,1,1,1784073784
2026-07-15T00:23:16Z,1066,16,5,6,1,0,1,1,1,1784073840
2026-07-15T00:23:16Z,1067,8,0,15,0,0,1,1,1,1784073626
2026-07-15T00:23:16Z,1068,14,3,8,1,0,1,1,1,1784073288
2026-07-15T00:23:16Z,1069,5,0,17,1,0,1,1,1,1784073632
2026-07-15T00:23:16Z,1070,6,3,16,1,0,1,1,1,1784073736
2026-07-15T00:23:16Z,1071,4,2,19,0,0,1,1,1,1784073631
2026-07-15T00:23:16Z,1072,11,2,9,3,0,1,1,1,1784073830
2026-07-15T00:23:16Z,1073,7,1,20,0,0,1,1,1,1784074837
2026-07-15T00:23:16Z,1074,42,0,7,3,0,1,1,1,1784074739
2026-07-15T00:23:16Z,1075,8,6,12,1,0,1,1,1,1784073631
2026-07-15T00:23:16Z,1076,16,12,5,0,0,1,1,1,1784073646
2026-07-15T00:23:16Z,1077,8,6,13,0,0,1,1,1,1784073567
2026-07-15T00:23:16Z,1078,11,7,10,0,0,1,1,1,1784073191
2026-07-15T00:23:16Z,1079,9,8,12,0,0,1,1,1,1784074009
2026-07-15T00:23:16Z,1080,12,10,9,0,0,1,1,1,1784073791
2026-07-15T00:23:16Z,1081,10,8,9,0,0,1,1,1,1784074587
2026-07-15T00:23:16Z,1082,12,10,11,0,0,1,1,1,1784073490
2026-07-15T00:23:16Z,1083,11,9,10,0,0,1,1,1,1784073629
2026-07-15T00:23:16Z,1084,8,5,13,0,0,1,1,1,1784074624
2026-07-15T00:23:16Z,1085,13,12,8,0,0,1,1,1,1784074637
2026-07-15T00:23:16Z,1086,9,6,12,0,0,1,1,1,1784073696
2026-07-15T00:23:16Z,1087,8,6,7,0,0,1,1,1,1784074472
2026-07-15T00:23:16Z,1088,12,9,3,0,0,1,1,1,1784074724
2026-07-15T00:23:16Z,1089,8,5,7,0,0,1,1,1,1784074469
2026-07-15T00:23:16Z,1090,12,10,3,0,0,1,1,1,1784074484
2026-07-15T00:23:16Z,1091,8,6,7,0,0,1,1,1,1784073390
2026-07-15T00:23:16Z,1092,10,8,5,0,0,1,1,1,1784074547
2026-07-15T00:23:16Z,1093,8,7,7,0,0,1,1,1,1784074469
2026-07-15T00:23:16Z,1094,12,10,7,0,0,1,1,1,1784074828
2026-07-15T00:23:16Z,1095,10,9,5,0,0,1,1,1,1784073770
2026-07-15T00:23:16Z,1096,9,6,10,0,0,1,1,1,1784073251
2026-07-15T00:23:16Z,1097,6,6,9,0,0,1,1,1,1784074510
2026-07-15T00:23:16Z,1098,10,8,9,0,0,1,1,1,1784073252
2026-07-15T00:23:16Z,1099,9,9,6,0,0,1,1,1,1784074453
2026-07-15T00:23:16Z,1100,13,7,15,1,0,1,1,1,1784074912
2026-07-15T00:23:16Z,1101,11,6,10,0,0,1,1,1,1784073569
2026-07-15T00:23:16Z,1102,9,5,4,0,0,1,1,1,1784073905
2026-07-15T00:23:16Z,1103,9,5,11,1,0,1,1,1,1784064455
2026-07-15T00:23:16Z,1104,9,4,12,0,0,1,1,1,1784073467
2026-07-15T00:23:16Z,1105,8,4,5,0,0,1,1,1,1784073863
2026-07-15T00:23:16Z,1106,10,5,10,1,0,1,1,1,1784073551
2026-07-15T00:23:16Z,1107,10,5,5,0,0,1,1,1,1784074251
2026-07-15T00:23:16Z,1108,9,4,15,3,0,1,1,1,1784074419
2026-07-15T00:23:16Z,1109,8,4,7,0,0,1,1,1,1784074263
2026-07-15T00:23:16Z,1110,12,4,9,0,0,1,1,1,1784073398
2026-07-15T00:23:16Z,1111,6,0,15,0,0,1,1,1,1784073407
2026-07-15T00:23:16Z,1112,49,1,4,0,0,1,1,1,1784074923
2026-07-15T00:23:16Z,1113,5,0,16,0,0,1,1,1,1784074561
2026-07-15T00:23:16Z,1115,4,2,19,0,0,1,1,1,1784073702
2026-07-15T00:23:16Z,1116,7,2,12,0,0,1,1,1,1784074839
2026-07-15T00:23:16Z,1117,9,3,13,1,0,1,1,1,1784074955
2026-07-15T00:23:16Z,1118,18,0,2,1,0,1,1,1,1784073776
2026-07-15T00:23:16Z,1119,5,2,12,0,0,1,1,1,1784074518
2026-07-15T00:23:16Z,1120,19,1,0,0,0,1,1,1,1784074820
2026-07-15T00:23:16Z,1121,11,0,9,1,0,1,1,1,1784074609
2026-07-15T00:23:16Z,1122,4,0,17,0,0,1,1,1,1784074774
2026-07-15T00:23:16Z,1123,11,4,11,1,0,1,1,1,1784074550
2026-07-15T00:23:16Z,1124,8,0,6,1,0,1,1,1,1784073763
2026-07-15T00:23:16Z,1125,10,3,12,1,0,1,1,1,1784074725
2026-07-15T00:23:16Z,1126,1,0,20,0,0,1,1,1,1784073403
2026-07-15T00:23:16Z,1127,12,3,7,0,0,1,1,1,1784074795
2026-07-15T00:23:16Z,1128,11,3,4,0,0,1,1,1,1784074210
2026-07-15T00:23:16Z,1129,10,1,11,0,0,1,1,1,1784074947
2026-07-15T00:23:16Z,1130,13,0,2,0,0,1,1,1,1784074920
2026-07-15T00:23:16Z,1131,34,0,14,1,0,1,1,1,1784074971
2026-07-15T00:23:16Z,1132,20,1,1,0,0,1,1,1,1784074939
2026-07-15T00:23:16Z,1133,8,7,12,1,0,1,1,1,1784074960
2026-07-15T00:23:16Z,1134,10,4,9,0,0,1,1,1,1784073205
2026-07-15T00:23:16Z,1135,9,4,12,0,0,1,1,1,1784073468
2026-07-15T00:23:16Z,1136,17,0,6,0,0,1,1,1,1784073634
2026-07-15T00:23:16Z,1137,10,1,5,0,0,1,1,1,1784074203
2026-07-15T00:23:16Z,1138,19,1,0,0,0,1,1,1,1784074943
2026-07-15T00:23:16Z,1139,13,0,8,0,0,1,1,1,1784074629
2026-07-15T00:23:16Z,1140,19,2,3,1,0,1,1,1,1784074681
2026-07-15T00:23:16Z,1141,0,0,21,0,0,1,1,1,1784074470
2026-07-15T00:23:16Z,1142,3,0,18,0,0,1,1,1,1784073221
2026-07-15T00:23:16Z,1143,13,1,16,0,0,1,1,1,1784074978
2026-07-15T00:23:16Z,1144,4,1,16,1,0,1,1,1,1784073319
2026-07-15T00:23:16Z,1145,9,4,11,1,0,1,1,1,1784074284
2026-07-15T00:23:16Z,1146,17,3,2,0,0,1,1,1,1784074986
2026-07-15T00:23:16Z,1147,13,1,4,2,0,1,1,1,1784074954
2026-07-15T00:23:16Z,1148,24,0,6,1,0,1,1,1,1784074388
2026-07-15T00:23:16Z,1149,11,9,13,1,0,1,1,1,1784074237
2026-07-15T00:23:16Z,1150,13,1,6,0,0,1,1,1,1784074482
2026-07-15T00:23:16Z,1151,9,0,12,0,0,1,1,1,1784074542
2026-07-15T00:23:16Z,1152,7,1,19,3,0,1,1,1,1784074952
2026-07-15T00:23:16Z,1153,22,5,0,1,0,1,1,1,1784073131
2026-07-15T00:23:16Z,1154,5,0,13,1,0,1,1,1,1784074227
2026-07-15T00:23:16Z,1155,3,0,16,2,0,1,1,1,1784074707
2026-07-15T00:23:16Z,1158,3,0,15,1,0,1,1,1,1784074834
2026-07-15T00:23:16Z,1159,6,2,13,0,0,1,1,1,1784074963
2026-07-15T00:23:16Z,1160,7,1,12,0,0,1,1,1,1784073897
2026-07-15T00:23:16Z,1161,10,3,9,0,0,1,1,1,1784074846
2026-07-15T00:23:16Z,1162,12,2,7,0,0,1,1,1,1784073391
2026-07-15T00:23:16Z,1163,0,0,18,1,0,1,1,1,1784074848
2026-07-15T00:23:16Z,1164,7,1,10,2,0,1,1,1,1784074780
2026-07-15T00:23:16Z,1165,3,0,18,0,0,1,1,1,1784073242
2026-07-15T00:23:16Z,1166,9,0,11,0,0,1,1,1,1784073610
2026-07-15T00:23:16Z,1167,4,2,11,0,0,1,1,1,1784074155
2026-07-15T00:23:16Z,1168,13,7,10,0,0,1,1,1,1784074750
2026-07-15T00:23:16Z,1169,2,0,16,1,0,1,1,1,1784074755
2026-07-15T00:23:16Z,1170,5,0,16,0,0,1,1,1,1784073423
2026-07-15T00:23:16Z,1171,12,11,9,2,0,1,1,1,1784074195
2026-07-15T00:23:16Z,1172,4,2,9,2,0,1,1,1,1784074327
2026-07-15T00:23:16Z,1173,1,1,16,2,0,1,1,1,1784074821
2026-07-15T00:23:16Z,1174,2,1,13,0,0,1,1,1,1784074148
2026-07-15T00:23:16Z,1175,10,1,9,0,0,1,1,1,1784074709
2026-07-15T00:23:16Z,1176,11,1,9,1,0,1,1,1,1784073429
2026-07-15T00:23:16Z,1177,8,1,13,0,0,1,1,1,1784073404
2026-07-15T00:23:16Z,1178,7,4,8,0,0,1,1,1,1784073569
2026-07-15T00:23:16Z,1181,13,2,1,1,0,1,1,1,1784074628
2026-07-15T00:23:16Z,1182,2,2,18,0,0,1,1,1,1784074903
2026-07-15T00:23:16Z,1183,13,0,23,1,0,1,1,1,1784074970
2026-07-15T00:23:16Z,1184,4,3,15,2,0,1,1,1,1784074555
2026-07-15T00:23:16Z,1185,9,4,12,0,0,1,1,1,1784074454
2026-07-15T00:23:16Z,1186,11,5,8,0,0,1,1,1,1784074888
2026-07-15T00:23:16Z,1188,10,5,5,0,0,1,1,1,1784074290
2026-07-15T00:23:16Z,1189,9,4,9,1,0,1,1,1,1784074757
2026-07-15T00:23:16Z,1190,9,4,11,1,0,1,1,1,1784073450
2026-07-15T00:23:16Z,1191,10,4,5,0,0,1,1,1,1784074292
2026-07-15T00:23:16Z,1192,10,5,11,0,0,1,1,1,1784073718
2026-07-15T00:23:16Z,1193,8,4,3,2,0,1,1,1,1784074293
2026-07-15T00:23:16Z,1197,4,2,11,2,0,1,1,1,1784073540
2026-07-15T00:23:16Z,1198,12,5,8,1,0,1,1,1,1784073977
2026-07-15T00:23:16Z,1199,12,7,7,0,0,1,1,1,1784073186
2026-07-15T00:23:16Z,1200,10,5,5,0,0,1,1,1,1784074353
2026-07-15T00:23:16Z,1201,11,5,4,0,0,1,1,1,1784074331
2026-07-15T00:23:16Z,1202,9,5,6,0,0,1,1,1,1784074368
2026-07-15T00:23:16Z,1203,8,4,7,0,0,1,1,1,1784074329
2026-07-15T00:23:16Z,1216,12,4,8,1,0,1,1,1,1784073188
2026-07-15T00:23:16Z,1219,5,2,8,2,0,1,1,1,1784074387
2026-07-15T00:23:16Z,1220,8,5,11,0,0,1,1,1,1784074968
2026-07-15T00:23:16Z,1221,4,4,16,1,0,1,1,1,1784074893
2026-07-15T00:23:16Z,1222,20,0,8,1,0,1,1,1,1784074463
2026-07-15T00:23:16Z,1223,4,1,23,2,0,1,1,1,1784074636
2026-07-15T00:23:16Z,1226,0,0,3,0,0,0,1,1,1781868931
2026-07-15T00:23:16Z,1227,0,0,3,0,0,0,1,1,1784040447
2026-07-15T00:23:16Z,1228,0,0,0,0,0,0,1,1,86400
