snapshot_utc,station_id,num_bikes_available,num_ebikes_available,num_docks_available,num_bikes_disabled,num_docks_disabled,is_installed,is_renting,is_returning,last_reported
2026-07-01T00:04:53Z,1,3,0,20,0,0,1,1,1,1782864159
2026-07-01T00:04:53Z,2,27,1,0,0,0,1,1,1,1782864213
2026-07-01T00:04:53Z,3,18,5,0,1,0,1,1,1,1782864284
2026-07-01T00:04:53Z,4,12,0,11,0,0,1,1,1,1782861164
2026-07-01T00:04:53Z,5,15,13,6,2,0,1,1,1,1782864180
2026-07-01T00:04:53Z,6,4,0,11,0,0,1,1,1,1782861897
2026-07-01T00:04:53Z,7,22,2,1,0,0,1,1,1,1782863943
2026-07-01T00:04:53Z,8,43,1,0,0,0,1,1,1,1782863886
2026-07-01T00:04:53Z,9,3,0,20,0,0,1,1,1,1782864144
2026-07-01T00:04:53Z,10,4,3,19,0,0,1,1,1,1782864156
2026-07-01T00:04:53Z,11,1,1,18,0,0,1,1,1,1782863676
2026-07-01T00:04:53Z,12,2,0,21,0,0,1,1,1,1782864090
2026-07-01T00:04:53Z,13,10,0,20,0,0,1,1,1,1782864277
2026-07-01T00:04:53Z,14,40,0,3,0,0,1,1,1,1782863795
2026-07-01T00:04:53Z,15,13,9,1,1,0,1,1,1,1782864198
2026-07-01T00:04:53Z,16,8,1,19,0,0,1,1,1,1782864273
2026-07-01T00:04:53Z,17,15,1,10,2,0,1,1,1,1782864262
2026-07-01T00:04:53Z,18,5,0,14,0,0,1,1,1,1782864158
2026-07-01T00:04:53Z,19,15,1,11,1,0,1,1,1,1782864021
2026-07-01T00:04:53Z,20,17,1,10,0,0,1,1,1,1782864281
2026-07-01T00:04:53Z,21,18,0,1,0,0,1,1,1,1782864247
2026-07-01T00:04:53Z,22,32,1,31,3,0,1,1,1,1782864216
2026-07-01T00:04:53Z,23,0,0,29,2,0,1,1,1,1782863686
2026-07-01T00:04:53Z,24,7,2,3,1,0,1,1,1,1782864281
2026-07-01T00:04:53Z,25,44,0,35,2,0,1,1,1,1782864159
2026-07-01T00:04:53Z,26,1,1,26,0,0,1,1,1,1782863791
2026-07-01T00:04:53Z,28,13,1,1,1,0,1,1,1,1782863180
2026-07-01T00:04:53Z,30,8,0,19,0,0,1,1,1,1782864207
2026-07-01T00:04:53Z,31,19,0,0,0,0,1,1,1,1782862973
2026-07-01T00:04:53Z,32,16,16,11,0,0,1,1,1,1782864153
2026-07-01T00:04:53Z,34,24,1,13,0,0,1,1,1,1782863701
2026-07-01T00:04:53Z,35,33,1,13,1,0,1,1,1,1782864183
2026-07-01T00:04:53Z,36,0,0,0,0,0,0,1,1,86400
2026-07-01T00:04:53Z,37,0,0,23,0,0,1,1,1,1782864165
2026-07-01T00:04:53Z,38,2,0,20,1,0,1,1,1,1782863927
2026-07-01T00:04:53Z,39,2,0,29,0,0,1,1,1,1782864207
2026-07-01T00:04:53Z,40,0,0,21,0,0,1,1,1,1782863401
2026-07-01T00:04:53Z,41,0,0,26,1,0,1,1,1,1782864210
2026-07-01T00:04:53Z,42,1,1,30,0,0,1,1,1,1782862737
2026-07-01T00:04:53Z,43,12,3,9,1,1,1,1,1,1782864004
2026-07-01T00:04:53Z,45,4,3,27,0,0,1,1,1,1782863926
2026-07-01T00:04:53Z,46,2,0,29,0,0,1,1,1,1782864206
2026-07-01T00:04:53Z,47,2,0,13,0,0,1,1,1,1782864047
2026-07-01T00:04:53Z,48,21,0,6,0,0,1,1,1,1782863888
2026-07-01T00:04:53Z,49,1,0,18,4,0,1,1,1,1782864284
2026-07-01T00:04:53Z,50,0,0,18,1,0,1,1,1,1782863979
2026-07-01T00:04:53Z,51,43,0,36,0,0,1,1,1,1782863950
2026-07-01T00:04:53Z,52,25,0,0,2,0,1,1,1,1782862974
2026-07-01T00:04:53Z,55,6,1,15,2,0,1,1,1,1782864283
2026-07-01T00:04:53Z,56,15,0,12,0,0,1,1,1,1782864212
2026-07-01T00:04:53Z,57,3,0,23,1,0,1,1,1,1782863898
2026-07-01T00:04:53Z,58,1,0,27,0,0,1,1,1,1782864082
2026-07-01T00:04:53Z,59,0,0,22,1,0,1,1,1,1782863840
2026-07-01T00:04:53Z,61,11,0,27,1,0,1,1,1,1782863585
2026-07-01T00:04:53Z,62,0,0,47,2,0,1,1,1,1782864003
2026-07-01T00:04:53Z,63,1,0,18,0,0,1,1,1,1782863909
2026-07-01T00:04:53Z,64,17,1,0,2,0,1,1,1,1782863715
2026-07-01T00:04:53Z,65,6,4,9,4,0,1,1,1,1782864240
2026-07-01T00:04:53Z,67,4,2,34,1,0,1,1,1,1782864269
2026-07-01T00:04:53Z,68,31,1,5,1,0,1,1,1,1782864277
2026-07-01T00:04:53Z,69,13,0,2,0,0,1,1,1,1782863722
2026-07-01T00:04:53Z,71,18,1,8,1,0,1,1,1,1782864236
2026-07-01T00:04:53Z,72,2,1,27,2,0,1,1,1,1782864178
2026-07-01T00:04:53Z,73,2,0,20,1,0,1,1,1,1782863771
2026-07-01T00:04:53Z,74,3,0,13,3,0,1,1,1,1782864282
2026-07-01T00:04:53Z,75,3,0,32,0,0,1,1,1,1782863134
2026-07-01T00:04:53Z,76,7,0,12,0,0,1,1,1,1782864247
2026-07-01T00:04:53Z,77,21,0,4,2,0,1,1,1,1782864206
2026-07-01T00:04:53Z,78,7,1,16,0,0,1,1,1,1782863739
2026-07-01T00:04:53Z,79,10,1,6,1,0,1,1,1,1782864260
2026-07-01T00:04:53Z,80,18,1,3,0,2,1,1,1,1782864279
2026-07-01T00:04:53Z,81,20,2,11,0,0,1,1,1,1782864278
2026-07-01T00:04:53Z,82,1,1,22,0,0,1,1,1,1782864116
2026-07-01T00:04:53Z,83,6,4,26,2,0,1,1,1,1782864283
2026-07-01T00:04:53Z,84,3,3,24,0,0,1,1,1,1782863719
2026-07-01T00:04:53Z,85,2,2,12,0,0,1,1,1,1782864214
2026-07-01T00:04:53Z,86,3,1,23,1,0,1,1,1,1782864267
2026-07-01T00:04:53Z,87,1,0,18,0,0,1,1,1,1782863641
2026-07-01T00:04:53Z,88,30,5,0,1,0,1,1,1,1782864220
2026-07-01T00:04:53Z,89,4,0,31,0,0,1,1,1,1782864275
2026-07-01T00:04:53Z,90,12,0,5,2,0,1,1,1,1782864251
2026-07-01T00:04:53Z,91,8,0,8,1,0,1,1,1,1782864257
2026-07-01T00:04:53Z,92,9,1,9,1,0,1,1,1,1782864132
2026-07-01T00:04:53Z,93,22,0,1,0,0,1,1,1,1782863621
2026-07-01T00:04:53Z,94,16,0,3,0,0,1,1,1,1782862703
2026-07-01T00:04:53Z,95,2,0,30,2,0,1,1,1,1782864281
2026-07-01T00:04:53Z,96,1,0,30,0,0,1,1,1,1782863620
2026-07-01T00:04:53Z,97,14,2,0,2,0,1,1,1,1782864181
2026-07-01T00:04:53Z,98,28,3,6,1,0,1,1,1,1782864281
2026-07-01T00:04:53Z,99,12,3,2,0,0,1,1,1,1782863023
2026-07-01T00:04:53Z,100,23,1,2,2,0,1,1,1,1782864146
2026-07-01T00:04:53Z,101,4,3,10,1,0,1,1,1,1782864161
2026-07-01T00:04:53Z,102,20,0,3,0,0,1,1,1,1782864169
2026-07-01T00:04:53Z,103,21,0,9,2,0,1,1,1,1782864030
2026-07-01T00:04:53Z,104,7,0,17,3,0,1,1,1,1782864239
2026-07-01T00:04:53Z,105,7,0,11,1,0,1,1,1,1782864196
2026-07-01T00:04:53Z,106,21,1,0,0,0,1,1,1,1782863980
2026-07-01T00:04:53Z,107,1,0,35,1,0,1,1,1,1782864048
2026-07-01T00:04:53Z,108,32,0,1,2,0,1,1,1,1782864235
2026-07-01T00:04:53Z,109,22,2,0,1,0,1,1,1,1782864229
2026-07-01T00:04:53Z,110,10,1,12,1,0,1,1,1,1782863946
2026-07-01T00:04:53Z,111,32,1,3,1,0,1,1,1,1782864222
2026-07-01T00:04:53Z,112,17,0,1,1,0,1,1,1,1782864092
2026-07-01T00:04:53Z,113,17,0,0,2,0,1,1,1,1782864274
2026-07-01T00:04:53Z,114,20,0,9,2,0,1,1,1,1782864220
2026-07-01T00:04:53Z,115,0,0,26,0,0,1,1,1,1782863981
2026-07-01T00:04:53Z,116,5,4,21,1,0,1,1,1,1782863817
2026-07-01T00:04:53Z,118,11,2,7,5,0,1,1,1,1782863973
2026-07-01T00:04:53Z,119,1,1,35,2,0,1,1,1,1782864174
2026-07-01T00:04:53Z,120,0,0,26,1,0,1,1,1,1782863764
2026-07-01T00:04:53Z,121,1,0,18,0,0,1,1,1,1782863825
2026-07-01T00:04:53Z,122,7,2,11,3,0,1,1,1,1782864268
2026-07-01T00:04:53Z,123,1,1,45,1,0,1,1,1,1782863618
2026-07-01T00:04:53Z,124,21,4,5,1,0,1,1,1,1782864175
2026-07-01T00:04:53Z,125,2,1,21,0,0,1,1,1,1782864225
2026-07-01T00:04:53Z,126,0,0,29,2,0,1,1,1,1782862493
2026-07-01T00:04:53Z,127,2,1,27,1,1,1,1,1,1782864158
2026-07-01T00:04:53Z,128,2,1,17,0,0,1,1,1,1782864281
2026-07-01T00:04:53Z,129,2,1,11,4,2,1,1,1,1782864271
2026-07-01T00:04:53Z,130,14,1,1,2,0,1,1,1,1782862867
2026-07-01T00:04:53Z,131,3,3,8,0,0,1,1,1,1782863510
2026-07-01T00:04:53Z,132,2,0,12,0,1,1,1,1,1782863906
2026-07-01T00:04:53Z,133,4,1,19,0,0,1,1,1,1782864195
2026-07-01T00:04:53Z,134,3,3,15,3,0,1,1,1,1782863687
2026-07-01T00:04:53Z,135,0,0,17,2,1,1,1,1,1782864203
2026-07-01T00:04:53Z,136,11,5,11,0,0,1,1,1,1782863918
2026-07-01T00:04:53Z,137,3,3,15,1,0,1,1,1,1782864178
2026-07-01T00:04:53Z,138,0,0,33,0,0,1,1,1,1782863807
2026-07-01T00:04:53Z,139,10,3,9,0,0,1,1,1,1782863995
2026-07-01T00:04:53Z,140,4,1,19,0,0,1,1,1,1782864202
2026-07-01T00:04:53Z,141,5,2,19,1,0,1,1,1,1782864273
2026-07-01T00:04:53Z,142,0,0,19,0,0,0,1,1,1782498468
2026-07-01T00:04:53Z,143,6,4,24,1,0,1,1,1,1782864266
2026-07-01T00:04:53Z,144,23,2,4,0,0,1,1,1,1782864190
2026-07-01T00:04:53Z,145,11,1,18,2,0,1,1,1,1782864255
2026-07-01T00:04:53Z,146,0,0,22,1,0,1,1,1,1782863872
2026-07-01T00:04:53Z,147,1,0,16,2,0,1,1,1,1782864248
2026-07-01T00:04:53Z,148,10,1,17,0,0,1,1,1,1782864272
2026-07-01T00:04:53Z,149,17,1,2,0,0,1,1,1,1782864254
2026-07-01T00:04:53Z,150,1,1,32,2,0,1,1,1,1782864043
2026-07-01T00:04:53Z,151,20,1,3,0,0,1,1,1,1782864231
2026-07-01T00:04:53Z,152,11,1,14,1,0,1,1,1,1782864282
2026-07-01T00:04:53Z,153,14,5,6,3,0,1,1,1,1782864216
2026-07-01T00:04:53Z,154,4,3,17,2,0,1,1,1,1782864273
2026-07-01T00:04:53Z,155,5,1,6,3,0,1,1,1,1782863634
2026-07-01T00:04:53Z,156,2,2,15,2,0,1,1,1,1782863824
2026-07-01T00:04:53Z,157,3,2,24,0,0,1,1,1,1782864266
2026-07-01T00:04:53Z,158,4,1,14,1,0,1,1,1,1782864236
2026-07-01T00:04:53Z,159,9,5,10,0,0,1,1,1,1782864003
2026-07-01T00:04:53Z,160,4,2,13,2,0,1,1,1,1782864257
2026-07-01T00:04:53Z,161,6,3,16,1,0,1,1,1,1782864277
2026-07-01T00:04:53Z,162,2,2,22,3,0,1,1,1,1782864185
2026-07-01T00:04:53Z,163,1,0,29,1,0,1,1,1,1782863988
2026-07-01T00:04:53Z,164,10,5,17,0,0,1,1,1,1782864138
2026-07-01T00:04:53Z,165,28,12,1,1,0,1,1,1,1782864283
2026-07-01T00:04:53Z,166,6,2,32,0,0,1,1,1,1782864150
2026-07-01T00:04:53Z,167,5,1,15,3,0,1,1,1,1782863713
2026-07-01T00:04:53Z,168,0,0,26,1,0,1,1,1,1782863803
2026-07-01T00:04:53Z,169,0,0,22,1,0,1,1,1,1782864244
2026-07-01T00:04:53Z,170,2,2,15,2,0,1,1,1,1782864130
2026-07-01T00:04:53Z,171,6,4,7,0,0,1,1,1,1782863394
2026-07-01T00:04:53Z,173,31,15,6,0,0,1,1,1,1782864090
2026-07-01T00:04:53Z,174,20,5,1,4,0,1,1,1,1782864060
2026-07-01T00:04:53Z,175,30,1,0,1,0,1,1,1,1782863352
2026-07-01T00:04:53Z,176,6,2,6,2,1,1,1,1,1782864274
2026-07-01T00:04:53Z,177,11,9,13,3,0,1,1,1,1782864150
2026-07-01T00:04:53Z,178,7,1,3,5,0,1,1,1,1782864256
2026-07-01T00:04:53Z,179,6,5,6,3,0,1,1,1,1782864225
2026-07-01T00:04:53Z,180,6,0,23,1,0,1,1,1,1782864124
2026-07-01T00:04:53Z,181,4,3,10,0,0,1,1,1,1782863945
2026-07-01T00:04:53Z,182,7,7,12,0,0,1,1,1,1782864273
2026-07-01T00:04:53Z,183,1,1,20,1,0,1,1,1,1782864191
2026-07-01T00:04:53Z,184,0,0,20,3,0,1,1,1,1782864135
2026-07-01T00:04:53Z,185,8,4,5,1,1,1,1,1,1782863804
2026-07-01T00:04:53Z,186,1,0,18,0,0,1,1,1,1782864280
2026-07-01T00:04:53Z,187,1,0,26,2,0,1,1,1,1782864047
2026-07-01T00:04:53Z,188,12,6,13,2,0,1,1,1,1782864198
2026-07-01T00:04:53Z,189,1,1,13,1,0,1,1,1,1782863994
2026-07-01T00:04:53Z,190,1,1,22,0,0,1,1,1,1782863962
2026-07-01T00:04:53Z,191,0,0,38,1,0,1,1,1,1782864186
2026-07-01T00:04:53Z,192,1,1,28,2,0,1,1,1,1782864233
2026-07-01T00:04:53Z,193,3,1,11,1,0,1,1,1,1782864161
2026-07-01T00:04:53Z,194,1,1,14,0,0,1,1,1,1782863955
2026-07-01T00:04:53Z,195,2,0,17,0,0,1,1,1,1782864056
2026-07-01T00:04:53Z,196,4,0,23,0,0,1,1,1,1782864128
2026-07-01T00:04:53Z,197,5,2,13,0,1,1,1,1,1782864240
2026-07-01T00:04:53Z,198,0,0,23,0,0,1,1,1,1782862054
2026-07-01T00:04:53Z,199,0,0,13,2,0,1,1,1,1782864205
2026-07-01T00:04:53Z,200,19,3,7,0,0,1,1,1,1782864065
2026-07-01T00:04:53Z,201,0,0,23,0,0,1,1,1,1782863164
2026-07-01T00:04:53Z,202,0,0,21,2,3,1,1,1,1782863986
2026-07-01T00:04:53Z,203,4,2,27,0,0,1,1,1,1782864054
2026-07-01T00:04:53Z,204,15,10,20,0,0,1,1,1,1782864177
2026-07-01T00:04:53Z,205,3,2,24,0,0,1,1,1,1782864069
2026-07-01T00:04:53Z,206,3,2,10,2,0,1,1,1,1782864130
2026-07-01T00:04:53Z,207,19,2,0,2,0,1,1,1,1782864257
2026-07-01T00:04:53Z,208,10,1,16,3,0,1,1,1,1782864283
2026-07-01T00:04:53Z,209,7,6,23,1,0,1,1,1,1782864085
2026-07-01T00:04:53Z,210,4,2,22,1,0,1,1,1,1782864259
2026-07-01T00:04:53Z,211,3,2,20,0,0,1,1,1,1782864102
2026-07-01T00:04:53Z,212,15,0,18,1,0,1,1,1,1782864136
2026-07-01T00:04:53Z,213,0,0,23,0,0,1,1,1,1782863275
2026-07-01T00:04:53Z,214,26,1,18,3,0,1,1,1,1782864278
2026-07-01T00:04:53Z,215,5,5,18,0,0,1,1,1,1782863783
2026-07-01T00:04:53Z,216,13,4,5,1,0,1,1,1,1782864220
2026-07-01T00:04:53Z,217,0,0,28,1,0,1,1,1,1782863947
2026-07-01T00:04:53Z,218,18,0,14,7,0,1,1,1,1782864272
2026-07-01T00:04:53Z,219,25,0,1,0,0,1,1,1,1782864269
2026-07-01T00:04:53Z,220,3,1,40,0,0,1,1,1,1782864231
2026-07-01T00:04:53Z,221,8,6,5,1,0,1,1,1,1782864186
2026-07-01T00:04:53Z,222,2,1,17,0,0,1,1,1,1782863876
2026-07-01T00:04:53Z,223,2,0,29,4,0,1,1,1,1782864067
2026-07-01T00:04:53Z,224,7,2,15,0,0,1,1,1,1782864133
2026-07-01T00:04:53Z,225,7,1,6,6,0,1,1,1,1782863534
2026-07-01T00:04:53Z,226,2,0,25,2,0,1,1,1,1782864274
2026-07-01T00:04:53Z,227,9,3,16,2,0,1,1,1,1782864177
2026-07-01T00:04:53Z,228,6,1,12,1,0,1,1,1,1782864251
2026-07-01T00:04:53Z,230,4,0,18,1,0,1,1,1,1782863876
2026-07-01T00:04:53Z,232,3,0,14,2,0,1,1,1,1782864106
2026-07-01T00:04:53Z,233,7,7,22,2,0,1,1,1,1782864200
2026-07-01T00:04:53Z,234,4,2,13,2,0,1,1,1,1782864245
2026-07-01T00:04:53Z,236,12,5,5,2,0,1,1,1,1782864070
2026-07-01T00:04:53Z,237,9,0,14,0,0,1,1,1,1782864077
2026-07-01T00:04:53Z,239,4,4,21,2,0,1,1,1,1782863872
2026-07-01T00:04:53Z,241,2,1,21,0,0,1,1,1,1782864229
2026-07-01T00:04:53Z,242,2,2,21,0,0,1,1,1,1782862804
2026-07-01T00:04:53Z,243,11,7,19,1,0,1,1,1,1782864228
2026-07-01T00:04:53Z,244,3,1,22,2,0,1,1,1,1782864240
2026-07-01T00:04:53Z,245,1,1,22,0,0,1,1,1,1782864214
2026-07-01T00:04:53Z,246,1,1,22,0,0,1,1,1,1782864093
2026-07-01T00:04:53Z,247,2,1,21,0,0,1,1,1,1782864258
2026-07-01T00:04:53Z,248,7,0,14,2,0,1,1,1,1782864206
2026-07-01T00:04:53Z,249,1,1,16,2,0,1,1,1,1782864124
2026-07-01T00:04:53Z,250,0,0,27,0,0,1,1,1,1782862915
2026-07-01T00:04:53Z,251,6,3,21,0,0,1,1,1,1782864190
2026-07-01T00:04:53Z,253,1,0,16,2,0,1,1,1,1782864215
2026-07-01T00:04:53Z,254,17,8,24,2,0,1,1,1,1782863829
2026-07-01T00:04:53Z,255,1,1,22,0,0,1,1,1,1782863636
2026-07-01T00:04:53Z,256,4,4,18,1,0,1,1,1,1782863261
2026-07-01T00:04:53Z,257,17,5,2,0,0,1,1,1,1782864077
2026-07-01T00:04:53Z,258,5,3,10,4,0,1,1,1,1782864149
2026-07-01T00:04:53Z,259,3,2,17,3,0,1,1,1,1782863216
2026-07-01T00:04:53Z,260,11,6,4,4,0,1,1,1,1782864152
2026-07-01T00:04:53Z,261,10,0,9,0,0,1,1,1,1782864230
2026-07-01T00:04:53Z,262,14,1,7,2,0,1,1,1,1782864210
2026-07-01T00:04:53Z,263,4,2,11,0,0,1,1,1,1782863996
2026-07-01T00:04:53Z,264,2,2,17,0,0,1,1,1,1782864178
2026-07-01T00:04:53Z,265,11,1,4,0,0,1,1,1,1782864160
2026-07-01T00:04:53Z,266,9,7,9,1,0,1,1,1,1782863691
2026-07-01T00:04:53Z,267,12,2,1,2,0,1,1,1,1782841949
2026-07-01T00:04:53Z,268,0,0,21,2,0,1,1,1,1782859654
2026-07-01T00:04:53Z,269,5,2,17,1,0,1,1,1,1782863880
2026-07-01T00:04:53Z,270,2,1,25,0,0,1,1,1,1782863959
2026-07-01T00:04:53Z,271,15,0,2,2,0,1,1,1,1782864041
2026-07-01T00:04:53Z,272,8,4,14,1,0,1,1,1,1782864052
2026-07-01T00:04:53Z,273,7,2,8,0,0,1,1,1,1782863278
2026-07-01T00:04:53Z,274,9,4,9,1,0,1,1,1,1782864178
2026-07-01T00:04:53Z,275,2,1,21,0,0,1,1,1,1782863898
2026-07-01T00:04:53Z,276,4,1,21,0,2,1,1,1,1782864195
2026-07-01T00:04:53Z,277,0,0,19,4,0,1,1,1,1782863837
2026-07-01T00:04:53Z,278,1,1,28,1,1,1,1,1,1782864274
2026-07-01T00:04:53Z,279,1,0,17,1,0,1,1,1,1782864172
2026-07-01T00:04:53Z,280,9,0,19,3,0,1,1,1,1782864101
2026-07-01T00:04:53Z,281,6,2,16,1,0,1,1,1,1782864060
2026-07-01T00:04:53Z,282,2,2,14,0,0,1,1,1,1782863731
2026-07-01T00:04:53Z,283,6,2,26,2,1,1,1,1,1782864280
2026-07-01T00:04:53Z,284,2,2,33,0,0,1,1,1,1782864279
2026-07-01T00:04:53Z,285,0,0,23,0,0,1,1,1,1782864072
2026-07-01T00:04:53Z,286,1,1,16,6,0,1,1,1,1782864191
2026-07-01T00:04:53Z,287,17,3,3,3,0,1,1,1,1782864159
2026-07-01T00:04:53Z,288,5,3,14,0,0,1,1,1,1782864075
2026-07-01T00:04:53Z,289,2,2,23,2,0,1,1,1,1782864143
2026-07-01T00:04:53Z,290,30,1,6,3,0,1,1,1,1782864202
2026-07-01T00:04:53Z,291,23,2,0,0,0,1,1,1,1782864116
2026-07-01T00:04:53Z,292,7,1,16,0,0,1,1,1,1782864011
2026-07-01T00:04:53Z,293,9,8,13,1,0,1,1,1,1782864138
2026-07-01T00:04:53Z,294,8,1,12,2,0,1,1,1,1782864119
2026-07-01T00:04:53Z,297,8,0,7,4,0,1,1,1,1782864282
2026-07-01T00:04:53Z,301,15,3,3,1,0,1,1,1,1782863792
2026-07-01T00:04:53Z,302,22,4,0,1,0,1,1,1,1782862648
2026-07-01T00:04:53Z,303,9,0,10,0,0,1,1,1,1782864123
2026-07-01T00:04:53Z,304,0,0,0,0,0,0,1,1,86400
2026-07-01T00:04:53Z,305,16,4,2,1,0,1,1,1,1782863139
2026-07-01T00:04:53Z,306,16,1,15,1,0,1,1,1,1782864218
2026-07-01T00:04:53Z,307,19,1,0,4,0,1,1,1,1782864230
2026-07-01T00:04:53Z,308,3,2,15,1,0,1,1,1,1782864278
2026-07-01T00:04:53Z,309,0,0,6,3,0,1,1,1,1782864281
2026-07-01T00:04:53Z,311,8,0,6,1,0,1,1,1,1782863181
2026-07-01T00:04:53Z,312,3,2,17,3,0,1,1,1,1782864183
2026-07-01T00:04:53Z,313,9,2,6,0,0,1,1,1,1782863887
2026-07-01T00:04:53Z,314,4,0,14,1,0,1,1,1,1782864262
2026-07-01T00:04:53Z,315,4,2,27,0,0,1,1,1,1782863961
2026-07-01T00:04:53Z,316,13,3,0,2,0,1,1,1,1782863487
2026-07-01T00:04:53Z,317,3,3,25,3,0,1,1,1,1782863969
2026-07-01T00:04:53Z,318,5,1,12,0,0,1,1,1,1782863120
2026-07-01T00:04:53Z,319,11,4,16,0,0,1,1,1,1782864115
2026-07-01T00:04:53Z,320,0,0,18,1,0,1,1,1,1782863885
2026-07-01T00:04:53Z,321,13,2,2,4,0,1,1,1,1782863950
2026-07-01T00:04:53Z,322,28,3,0,1,0,1,1,1,1782863729
2026-07-01T00:04:53Z,323,9,2,9,1,0,1,1,1,1782862786
2026-07-01T00:04:53Z,324,4,4,21,2,0,1,1,1,1782864115
2026-07-01T00:04:53Z,325,1,1,24,2,0,1,1,1,1782860596
2026-07-01T00:04:53Z,327,19,2,5,1,2,1,1,1,1782864239
2026-07-01T00:04:53Z,328,13,0,9,1,0,1,1,1,1782863440
2026-07-01T00:04:53Z,329,19,2,0,0,0,1,1,1,1782861863
2026-07-01T00:04:53Z,330,15,0,7,0,0,1,1,1,1782864089
2026-07-01T00:04:53Z,331,1,0,20,2,0,1,1,1,1782864093
2026-07-01T00:04:53Z,332,2,1,17,0,0,1,1,1,1782863489
2026-07-01T00:04:53Z,333,7,3,16,0,0,1,1,1,1782864275
2026-07-01T00:04:53Z,334,9,0,14,0,0,1,1,1,1782863828
2026-07-01T00:04:53Z,335,6,4,16,0,1,1,1,1,1782863782
2026-07-01T00:04:53Z,336,6,1,13,0,0,1,1,1,1782864259
2026-07-01T00:04:53Z,337,2,1,19,2,0,1,1,1,1782864200
2026-07-01T00:04:53Z,338,7,3,12,0,0,1,1,1,1782863995
2026-07-01T00:04:53Z,339,7,5,15,1,0,1,1,1,1782864283
2026-07-01T00:04:53Z,340,7,4,7,1,0,1,1,1,1782864247
2026-07-01T00:04:53Z,341,17,11,2,0,0,1,1,1,1782864261
2026-07-01T00:04:53Z,342,4,1,10,1,0,1,1,1,1782863983
2026-07-01T00:04:53Z,343,15,3,8,0,0,1,1,1,1782863658
2026-07-01T00:04:53Z,344,12,4,10,1,0,1,1,1,1782863500
2026-07-01T00:04:53Z,345,11,1,4,4,0,1,1,1,1782864249
2026-07-01T00:04:53Z,346,3,0,20,0,0,1,1,1,1782864055
2026-07-01T00:04:53Z,347,7,1,38,0,0,1,1,1,1782864242
2026-07-01T00:04:53Z,348,1,0,21,1,0,1,1,1,1782863320
2026-07-01T00:04:53Z,349,2,1,14,3,0,1,1,1,1782864204
2026-07-01T00:04:53Z,350,7,0,19,0,1,1,1,1,1782864058
2026-07-01T00:04:53Z,351,7,0,14,2,0,1,1,1,1782864242
2026-07-01T00:04:53Z,355,11,0,11,1,0,1,1,1,1782863638
2026-07-01T00:04:53Z,356,9,4,10,0,0,1,1,1,1782864270
2026-07-01T00:04:53Z,357,8,8,11,0,0,1,1,1,1782864220
2026-07-01T00:04:53Z,359,7,0,18,2,0,1,1,1,1782864057
2026-07-01T00:04:53Z,360,10,8,8,1,0,1,1,1,1782863919
2026-07-01T00:04:53Z,362,8,4,7,4,0,1,1,1,1782864132
2026-07-01T00:04:53Z,363,23,2,1,1,0,1,1,1,1782863971
2026-07-01T00:04:53Z,364,0,0,18,0,1,1,1,1,1782863864
2026-07-01T00:04:53Z,365,3,2,20,0,0,1,1,1,1782864097
2026-07-01T00:04:53Z,366,6,4,16,1,0,1,1,1,1782864151
2026-07-01T00:04:53Z,367,16,4,1,1,1,1,1,1,1782864205
2026-07-01T00:04:53Z,368,1,0,22,0,0,1,1,1,1782864249
2026-07-01T00:04:53Z,370,15,9,10,2,0,1,1,1,1782864267
2026-07-01T00:04:53Z,372,1,1,14,0,0,1,1,1,1782863610
2026-07-01T00:04:53Z,373,25,3,0,1,0,1,1,1,1782863747
2026-07-01T00:04:53Z,374,4,0,11,2,0,1,1,1,1782864132
2026-07-01T00:04:53Z,375,2,0,24,1,0,1,1,1,1782863849
2026-07-01T00:04:53Z,376,0,0,39,0,0,1,1,1,1782864103
2026-07-01T00:04:53Z,377,2,0,24,1,0,1,1,1,1782864026
2026-07-01T00:04:53Z,378,9,4,14,0,1,1,1,1,1782864165
2026-07-01T00:04:53Z,379,27,4,0,0,0,1,1,1,1782864141
2026-07-01T00:04:53Z,380,7,7,16,0,0,1,1,1,1782864175
2026-07-01T00:04:53Z,381,0,0,23,0,0,1,1,1,1782863830
2026-07-01T00:04:53Z,383,13,0,2,0,0,1,1,1,1782863837
2026-07-01T00:04:53Z,384,0,0,18,1,0,1,1,1,1782859706
2026-07-01T00:04:53Z,385,2,0,15,1,0,1,1,1,1782864274
2026-07-01T00:04:53Z,387,1,0,22,0,0,1,1,1,1782864014
2026-07-01T00:04:53Z,388,20,5,26,3,0,1,1,1,1782864242
2026-07-01T00:04:53Z,389,1,0,14,0,0,1,1,1,1782863380
2026-07-01T00:04:53Z,390,15,2,11,1,0,1,1,1,1782864280
2026-07-01T00:04:53Z,391,5,1,10,0,0,1,1,1,1782863467
2026-07-01T00:04:53Z,392,0,0,18,1,0,1,1,1,1782864208
2026-07-01T00:04:53Z,393,1,0,10,0,0,1,1,1,1782861989
2026-07-01T00:04:53Z,394,4,3,10,1,0,1,1,1,1782863693
2026-07-01T00:04:53Z,396,3,2,36,3,0,1,1,1,1782863941
2026-07-01T00:04:53Z,397,9,3,21,1,0,1,1,1,1782864163
2026-07-01T00:04:53Z,399,0,0,17,0,0,1,1,1,1782864242
2026-07-01T00:04:53Z,400,7,1,14,2,0,1,1,1,1782863899
2026-07-01T00:04:53Z,401,25,2,6,0,0,1,1,1,1782863998
2026-07-01T00:04:53Z,403,0,0,27,3,1,1,1,1,1782864232
2026-07-01T00:04:53Z,404,17,3,6,0,0,1,1,1,1782864275
2026-07-01T00:04:53Z,406,27,0,7,1,0,1,1,1,1782864262
2026-07-01T00:04:53Z,407,20,1,14,0,0,1,1,1,1782862655
2026-07-01T00:04:53Z,408,2,0,28,3,0,1,1,1,1782864233
2026-07-01T00:04:53Z,409,0,0,23,0,0,1,1,1,1782863369
2026-07-01T00:04:53Z,413,12,5,10,1,0,1,1,1,1782863940
2026-07-01T00:04:53Z,414,11,2,3,1,0,1,1,1,1782864275
2026-07-01T00:04:53Z,417,8,2,11,0,0,1,1,1,1782864099
2026-07-01T00:04:53Z,418,2,1,12,1,0,1,1,1,1782862600
2026-07-01T00:04:53Z,419,9,1,14,0,0,1,1,1,1782864259
2026-07-01T00:04:53Z,421,10,0,9,0,0,1,1,1,1782863837
2026-07-01T00:04:53Z,422,4,0,21,2,0,1,1,1,1782863019
2026-07-01T00:04:53Z,423,15,3,8,0,0,1,1,1,1782863707
2026-07-01T00:04:53Z,424,4,1,10,1,0,1,1,1,1782864186
2026-07-01T00:04:53Z,425,0,0,22,0,0,1,1,1,1782864128
2026-07-01T00:04:53Z,426,4,2,31,2,0,1,1,1,1782864190
2026-07-01T00:04:53Z,427,5,1,9,0,1,1,1,1,1782863300
2026-07-01T00:04:53Z,428,15,5,4,0,0,1,1,1,1782864032
2026-07-01T00:04:53Z,429,3,1,17,3,0,1,1,1,1782864262
2026-07-01T00:04:53Z,430,12,0,17,2,0,1,1,1,1782864258
2026-07-01T00:04:53Z,431,4,0,26,1,2,1,1,1,1782864053
2026-07-01T00:04:53Z,432,24,5,3,4,0,1,1,1,1782864272
2026-07-01T00:04:53Z,433,21,0,0,2,0,1,1,1,1782863836
2026-07-01T00:04:53Z,437,7,6,11,1,0,1,1,1,1782864179
2026-07-01T00:04:53Z,438,3,3,11,5,0,1,1,1,1782864271
2026-07-01T00:04:53Z,439,0,0,15,0,0,1,1,1,1782861298
2026-07-01T00:04:53Z,440,5,3,8,2,0,1,1,1,1782863615
2026-07-01T00:04:53Z,441,2,0,13,0,0,1,1,1,1782863990
2026-07-01T00:04:53Z,442,7,2,12,0,0,1,1,1,1782864213
2026-07-01T00:04:53Z,443,7,0,20,0,0,1,1,1,1782861086
2026-07-01T00:04:53Z,444,7,2,16,0,0,1,1,1,1782860455
2026-07-01T00:04:53Z,445,5,2,15,3,0,1,1,1,1782860452
2026-07-01T00:04:53Z,446,7,0,15,1,0,1,1,1,1782863308
2026-07-01T00:04:53Z,447,2,0,19,2,0,1,1,1,1782860785
2026-07-01T00:04:53Z,448,8,0,5,1,1,1,1,1,1782859012
2026-07-01T00:04:53Z,452,3,2,15,1,0,1,1,1,1782863792
2026-07-01T00:04:53Z,453,7,4,8,0,0,1,1,1,1782864045
2026-07-01T00:04:53Z,454,13,1,4,1,1,1,1,1,1782864113
2026-07-01T00:04:53Z,455,1,0,37,1,0,1,1,1,1782864113
2026-07-01T00:04:53Z,456,3,1,15,5,0,1,1,1,1782864275
2026-07-01T00:04:53Z,457,1,1,25,1,0,1,1,1,1782864013
2026-07-01T00:04:53Z,458,8,5,13,2,0,1,1,1,1782864252
2026-07-01T00:04:53Z,459,8,0,7,0,0,1,1,1,1782864163
2026-07-01T00:04:53Z,460,14,2,8,1,0,1,1,1,1782863851
2026-07-01T00:04:53Z,461,17,1,2,0,0,1,1,1,1782864103
2026-07-01T00:04:53Z,462,7,0,5,2,1,1,1,1,1782864261
2026-07-01T00:04:53Z,463,15,0,3,1,0,1,1,1,1782862629
2026-07-01T00:04:53Z,464,11,0,2,1,0,1,1,1,1782864240
2026-07-01T00:04:53Z,465,1,1,14,0,0,1,1,1,1782863817
2026-07-01T00:04:53Z,466,4,0,10,1,0,1,1,1,1782864065
2026-07-01T00:04:53Z,467,1,0,13,1,0,1,1,1,1782863654
2026-07-01T00:04:53Z,468,1,1,17,1,0,1,1,1,1782861931
2026-07-01T00:04:53Z,469,13,0,6,3,1,1,1,1,1782863086
2026-07-01T00:04:53Z,470,5,0,10,0,0,1,1,1,1782863803
2026-07-01T00:04:53Z,471,15,6,12,0,0,1,1,1,1782863717
2026-07-01T00:04:53Z,472,13,5,3,3,0,1,1,1,1782863332
2026-07-01T00:04:53Z,473,2,0,17,0,0,1,1,1,1782863518
2026-07-01T00:04:53Z,474,18,0,1,0,0,1,1,1,1782863847
2026-07-01T00:04:53Z,475,7,2,10,2,0,1,1,1,1782863327
2026-07-01T00:04:53Z,476,21,1,1,1,0,1,1,1,1782864230
2026-07-01T00:04:53Z,477,0,0,14,1,0,1,1,1,1782863860
2026-07-01T00:04:53Z,478,13,1,17,1,0,1,1,1,1782863861
2026-07-01T00:04:53Z,479,23,0,0,3,1,1,1,1,1782864213
2026-07-01T00:04:53Z,480,3,0,11,1,0,1,1,1,1782864003
2026-07-01T00:04:53Z,481,25,0,8,2,0,1,1,1,1782864278
2026-07-01T00:04:53Z,482,6,1,11,2,0,1,1,1,1782864172
2026-07-01T00:04:53Z,483,25,1,0,0,2,1,1,1,1782864244
2026-07-01T00:04:53Z,484,4,1,15,0,0,1,1,1,1782863843
2026-07-01T00:04:53Z,485,5,2,12,1,1,1,1,1,1782864265
2026-07-01T00:04:53Z,486,12,2,14,1,0,1,1,1,1782864197
2026-07-01T00:04:53Z,487,3,1,15,1,0,1,1,1,1782864147
2026-07-01T00:04:53Z,489,4,4,9,2,0,1,1,1,1782863986
2026-07-01T00:04:53Z,490,10,1,4,2,0,1,1,1,1782863118
2026-07-01T00:04:53Z,491,3,1,15,3,0,1,1,1,1782864059
2026-07-01T00:04:53Z,492,6,3,2,3,0,1,1,1,1782863950
2026-07-01T00:04:53Z,493,0,0,27,0,0,1,1,1,1782856761
2026-07-01T00:04:53Z,495,8,0,5,2,0,1,1,1,1782864103
2026-07-01T00:04:53Z,496,25,2,2,0,0,1,1,1,1782864264
2026-07-01T00:04:53Z,497,2,1,17,0,0,1,1,1,1782864199
2026-07-01T00:04:53Z,498,12,2,11,0,0,1,1,1,1782864158
2026-07-01T00:04:53Z,499,3,2,14,2,0,1,1,1,1782863224
2026-07-01T00:04:53Z,500,0,0,15,0,0,1,1,1,1782863657
2026-07-01T00:04:53Z,501,9,8,9,2,1,1,1,1,1782864191
2026-07-01T00:04:53Z,502,0,0,18,1,0,1,1,1,1782864126
2026-07-01T00:04:53Z,503,6,0,25,0,0,1,1,1,1782863964
2026-07-01T00:04:53Z,504,0,0,37,2,0,1,1,1,1782863667
2026-07-01T00:04:53Z,505,0,0,17,1,0,1,1,1,1782862308
2026-07-01T00:04:53Z,511,1,0,17,5,0,1,1,1,1782863859
2026-07-01T00:04:53Z,512,13,0,5,1,0,1,1,1,1782864143
2026-07-01T00:04:53Z,514,5,2,5,1,0,1,1,1,1782864120
2026-07-01T00:04:53Z,515,6,1,12,1,0,1,1,1,1782864109
2026-07-01T00:04:53Z,516,0,0,26,1,0,1,1,1,1782863593
2026-07-01T00:04:53Z,517,2,1,21,0,0,1,1,1,1782864124
2026-07-01T00:04:53Z,518,10,1,5,0,0,1,1,1,1782864004
2026-07-01T00:04:53Z,519,5,0,12,2,0,1,1,1,1782863812
2026-07-01T00:04:53Z,520,22,0,4,1,0,1,1,1,1782863066
2026-07-01T00:04:53Z,521,6,3,17,0,0,1,1,1,1782863845
2026-07-01T00:04:53Z,522,13,0,8,2,0,1,1,1,1782864262
2026-07-01T00:04:53Z,523,0,0,23,0,0,1,1,1,1782862963
2026-07-01T00:04:53Z,524,10,2,13,0,0,1,1,1,1782863816
2026-07-01T00:04:53Z,525,15,0,4,0,0,1,1,1,1782864183
2026-07-01T00:04:53Z,526,14,0,1,0,0,1,1,1,1782861976
2026-07-01T00:04:53Z,527,4,2,19,3,0,1,1,1,1782864250
2026-07-01T00:04:53Z,528,0,0,19,4,0,1,1,1,1782862516
2026-07-01T00:04:53Z,529,3,1,12,4,0,1,1,1,1782864251
2026-07-01T00:04:53Z,530,16,2,4,1,0,1,1,1,1782863708
2026-07-01T00:04:53Z,531,21,0,1,1,0,1,1,1,1782864220
2026-07-01T00:04:53Z,532,0,0,29,2,0,1,1,1,1782862746
2026-07-01T00:04:53Z,533,2,0,14,3,0,1,1,1,1782863289
2026-07-01T00:04:53Z,534,2,2,19,2,0,1,1,1,1782864011
2026-07-01T00:04:53Z,535,2,0,13,0,0,1,1,1,1782864257
2026-07-01T00:04:53Z,536,21,0,1,1,0,1,1,1,1782863828
2026-07-01T00:04:53Z,537,0,0,21,0,0,1,1,1,1782861965
2026-07-01T00:04:53Z,538,7,7,12,0,0,1,1,1,1782863682
2026-07-01T00:04:53Z,539,0,0,29,2,0,1,1,1,1782864274
2026-07-01T00:04:53Z,540,1,1,18,0,0,1,1,1,1782863759
2026-07-01T00:04:53Z,541,11,2,16,0,0,1,1,1,1782864266
2026-07-01T00:04:53Z,542,0,0,23,0,0,1,1,1,1782863494
2026-07-01T00:04:53Z,543,4,0,12,3,0,1,1,1,1782864150
2026-07-01T00:04:53Z,544,12,3,12,0,0,1,1,1,1782864282
2026-07-01T00:04:53Z,545,18,10,0,1,0,1,1,1,1782864251
2026-07-01T00:04:53Z,546,1,0,18,0,0,1,1,1,1782863967
2026-07-01T00:04:53Z,547,9,1,12,1,0,1,1,1,1782864127
2026-07-01T00:04:53Z,548,20,0,2,1,0,1,1,1,1782864230
2026-07-01T00:04:53Z,549,19,1,2,0,0,1,1,1,1782864247
2026-07-01T00:04:53Z,550,1,1,18,0,0,1,1,1,1782863923
2026-07-01T00:04:53Z,551,18,4,5,0,0,1,1,1,1782860479
2026-07-01T00:04:53Z,552,3,2,24,0,0,1,1,1,1782864170
2026-07-01T00:04:53Z,553,2,1,21,0,0,1,1,1,1782863660
2026-07-01T00:04:53Z,554,0,0,17,2,0,1,1,1,1782864198
2026-07-01T00:04:53Z,555,9,1,0,5,1,1,1,1,1782864181
2026-07-01T00:04:53Z,556,0,0,22,1,0,1,1,1,1782862608
2026-07-01T00:04:53Z,557,0,0,23,0,0,0,1,1,1781719859
2026-07-01T00:04:53Z,558,9,4,27,1,0,1,1,1,1782864248
2026-07-01T00:04:53Z,559,1,1,17,1,0,1,1,1,1782864225
2026-07-01T00:04:53Z,560,20,0,7,0,0,1,1,1,1782864119
2026-07-01T00:04:53Z,561,8,0,13,2,0,1,1,1,1782864066
2026-07-01T00:04:53Z,562,9,3,21,5,0,1,1,1,1782864177
2026-07-01T00:04:53Z,563,14,0,0,0,0,1,1,1,1782863958
2026-07-01T00:04:53Z,564,17,1,0,2,0,1,1,1,1782864277
2026-07-01T00:04:53Z,565,4,1,15,0,0,1,1,1,1782864024
2026-07-01T00:04:53Z,566,5,0,13,1,0,1,1,1,1782864045
2026-07-01T00:04:53Z,567,17,0,8,2,0,1,1,1,1782864104
2026-07-01T00:04:53Z,568,17,1,2,0,0,1,1,1,1782861815
2026-07-01T00:04:53Z,569,15,2,3,1,0,1,1,1,1782864268
2026-07-01T00:04:53Z,570,12,0,7,0,0,1,1,1,1782864220
2026-07-01T00:04:53Z,571,10,0,12,1,0,1,1,1,1782863723
2026-07-01T00:04:53Z,572,17,0,1,1,0,1,1,1,1782862357
2026-07-01T00:04:53Z,573,14,0,1,0,0,1,1,1,1782864238
2026-07-01T00:04:53Z,574,4,2,11,0,0,1,1,1,1782863995
2026-07-01T00:04:53Z,575,5,0,16,0,0,1,1,1,1782863730
2026-07-01T00:04:53Z,576,2,1,17,0,0,1,1,1,1782863691
2026-07-01T00:04:53Z,577,23,0,7,1,0,1,1,1,1782863603
2026-07-01T00:04:53Z,578,6,2,15,2,0,1,1,1,1782864240
2026-07-01T00:04:53Z,579,41,4,2,0,0,1,1,1,1782863958
2026-07-01T00:04:53Z,580,19,3,11,1,0,1,1,1,1782864281
2026-07-01T00:04:53Z,581,14,1,5,0,0,1,1,1,1782864232
2026-07-01T00:04:53Z,582,44,3,11,6,0,1,1,1,1782864273
2026-07-01T00:04:53Z,583,22,0,1,0,0,1,1,1,1782864108
2026-07-01T00:04:53Z,584,5,3,12,2,0,1,1,1,1782863523
2026-07-01T00:04:53Z,585,10,3,16,0,0,1,1,1,1782863439
2026-07-01T00:04:53Z,586,31,0,4,0,0,1,1,1,1782864270
2026-07-01T00:04:53Z,587,24,1,0,1,0,1,1,1,1782864229
2026-07-01T00:04:53Z,588,0,0,19,0,0,1,1,1,1782860792
2026-07-01T00:04:53Z,589,11,3,12,0,0,1,1,1,1782863284
2026-07-01T00:04:53Z,590,9,0,16,3,0,1,1,1,1782862256
2026-07-01T00:04:53Z,591,5,1,16,1,0,1,1,1,1782864243
2026-07-01T00:04:53Z,592,7,0,16,0,0,1,1,1,1782863762
2026-07-01T00:04:53Z,593,4,0,34,1,0,1,1,1,1782863754
2026-07-01T00:04:53Z,594,21,3,0,0,0,1,1,1,1782863833
2026-07-01T00:04:53Z,595,0,0,3,0,0,0,1,1,1779985765
2026-07-01T00:04:53Z,605,0,0,3,0,0,0,1,1,1780413752
2026-07-01T00:04:53Z,606,0,0,3,0,0,0,1,1,1781723852
2026-07-01T00:04:53Z,607,27,3,5,1,0,1,1,1,1782864184
2026-07-01T00:04:53Z,608,2,2,51,1,0,1,1,1,1782864014
2026-07-01T00:04:53Z,609,3,3,20,0,0,1,1,1,1782863806
2026-07-01T00:04:53Z,610,9,0,26,0,0,1,1,1,1782864186
2026-07-01T00:04:53Z,611,26,0,1,0,0,1,1,1,1782864136
2026-07-01T00:04:53Z,612,10,0,4,1,0,1,1,1,1782863005
2026-07-01T00:04:53Z,613,9,2,5,1,0,1,1,1,1782858065
2026-07-01T00:04:53Z,614,0,0,22,3,1,1,1,1,1782864222
2026-07-01T00:04:53Z,617,7,1,7,1,0,1,1,1,1782863867
2026-07-01T00:04:53Z,618,7,1,9,3,0,1,1,1,1782863232
2026-07-01T00:04:53Z,619,5,2,11,3,0,1,1,1,1782864071
2026-07-01T00:04:53Z,620,0,0,23,0,0,1,1,1,1782863095
2026-07-01T00:04:53Z,621,7,5,15,1,0,1,1,1,1782864168
2026-07-01T00:04:53Z,622,6,1,17,0,0,1,1,1,1782863994
2026-07-01T00:04:53Z,623,4,1,24,1,1,1,1,1,1782864274
2026-07-01T00:04:53Z,624,8,2,2,4,1,1,1,1,1782863703
2026-07-01T00:04:53Z,625,7,1,13,1,0,1,1,1,1782864226
2026-07-01T00:04:53Z,626,39,2,5,0,2,1,1,1,1782864092
2026-07-01T00:04:53Z,627,3,1,16,0,0,1,1,1,1782863246
2026-07-01T00:04:53Z,628,7,2,11,0,1,1,1,1,1782862483
2026-07-01T00:04:53Z,629,7,1,2,2,0,1,1,1,1782863769
2026-07-01T00:04:53Z,630,17,0,6,4,0,1,1,1,1782864283
2026-07-01T00:04:53Z,631,0,0,23,0,0,1,1,1,1782863964
2026-07-01T00:04:53Z,632,1,0,20,1,0,1,1,1,1782862397
2026-07-01T00:04:53Z,633,5,0,7,2,1,1,1,1,1782860426
2026-07-01T00:04:53Z,634,8,1,10,1,0,1,1,1,1782861028
2026-07-01T00:04:53Z,635,8,0,7,3,1,1,1,1,1782864255
2026-07-01T00:04:53Z,636,8,1,6,1,0,1,1,1,1782862777
2026-07-01T00:04:53Z,637,7,1,10,2,0,1,1,1,1782864248
2026-07-01T00:04:53Z,638,14,6,4,1,0,1,1,1,1782863329
2026-07-01T00:04:53Z,639,0,0,0,3,16,0,1,1,1782287204
2026-07-01T00:04:53Z,640,0,0,23,0,0,1,1,1,1782863847
2026-07-01T00:04:53Z,641,20,0,7,0,0,1,1,1,1782864279
2026-07-01T00:04:53Z,642,4,2,13,2,0,1,1,1,1782863929
2026-07-01T00:04:53Z,643,0,0,26,1,0,1,1,1,1782862721
2026-07-01T00:04:53Z,644,1,0,12,1,1,1,1,1,1782864072
2026-07-01T00:04:53Z,645,14,0,8,0,1,1,1,1,1782864262
2026-07-01T00:04:53Z,646,15,2,3,1,0,1,1,1,1782862808
2026-07-01T00:04:53Z,647,0,0,31,0,0,1,1,1,1782863047
2026-07-01T00:04:53Z,648,15,0,3,1,0,1,1,1,1782863571
2026-07-01T00:04:53Z,649,0,0,31,0,0,1,1,1,1782858481
2026-07-01T00:04:53Z,650,13,4,2,1,0,1,1,1,1782861939
2026-07-01T00:04:53Z,651,2,1,20,1,0,1,1,1,1782863896
2026-07-01T00:04:53Z,652,2,1,19,2,0,1,1,1,1782864263
2026-07-01T00:04:53Z,653,1,0,14,4,0,1,1,1,1782864164
2026-07-01T00:04:53Z,654,2,2,13,0,0,1,1,1,1782863204
2026-07-01T00:04:53Z,655,5,4,10,0,0,1,1,1,1782862161
2026-07-01T00:04:53Z,656,16,6,1,2,0,1,1,1,1782863888
2026-07-01T00:04:53Z,657,6,3,8,3,0,1,1,1,1782862294
2026-07-01T00:04:53Z,658,12,0,7,3,1,1,1,1,1782864281
2026-07-01T00:04:53Z,659,5,5,10,0,0,1,1,1,1782861783
2026-07-01T00:04:53Z,660,18,1,12,1,0,1,1,1,1782864225
2026-07-01T00:04:53Z,661,0,0,18,1,0,1,1,1,1782863886
2026-07-01T00:04:53Z,662,10,6,12,1,0,1,1,1,1782864150
2026-07-01T00:04:53Z,663,5,1,9,0,0,1,1,1,1782863727
2026-07-01T00:04:53Z,664,14,0,12,1,0,1,1,1,1782864149
2026-07-01T00:04:53Z,665,10,4,5,0,0,1,1,1,1782863429
2026-07-01T00:04:53Z,666,13,4,2,0,0,1,1,1,1782862353
2026-07-01T00:04:53Z,667,15,0,0,2,0,1,1,1,1782863510
2026-07-01T00:04:53Z,668,6,2,11,2,0,1,1,1,1782864252
2026-07-01T00:04:53Z,669,11,1,0,3,0,1,1,1,1782862970
2026-07-01T00:04:53Z,670,14,0,13,0,0,1,1,1,1782863800
2026-07-01T00:04:53Z,671,24,0,2,1,0,1,1,1,1782863989
2026-07-01T00:04:53Z,672,13,2,5,5,0,1,1,1,1782864214
2026-07-01T00:04:53Z,673,17,1,4,1,0,1,1,1,1782863958
2026-07-01T00:04:53Z,674,0,0,21,2,0,1,1,1,1782864059
2026-07-01T00:04:53Z,675,1,1,11,2,1,1,1,1,1782864214
2026-07-01T00:04:53Z,676,21,0,0,2,0,1,1,1,1782863969
2026-07-01T00:04:53Z,681,0,0,12,3,0,1,1,1,1782863381
2026-07-01T00:04:53Z,682,8,5,9,2,0,1,1,1,1782863987
2026-07-01T00:04:53Z,683,7,0,11,1,0,1,1,1,1782848003
2026-07-01T00:04:53Z,684,15,0,11,1,0,1,1,1,1782847517
2026-07-01T00:04:53Z,685,2,2,24,0,1,1,1,1,1782857200
2026-07-01T00:04:53Z,686,11,3,13,2,1,1,1,1,1782864231
2026-07-01T00:04:53Z,687,11,4,18,1,1,1,1,1,1782855757
2026-07-01T00:04:53Z,688,13,0,5,1,0,1,1,1,1782862662
2026-07-01T00:04:53Z,692,13,13,8,0,0,1,1,1,1782864112
2026-07-01T00:04:53Z,693,2,2,9,0,0,1,1,1,1782863891
2026-07-01T00:04:53Z,694,5,0,15,1,0,1,1,1,1782863166
2026-07-01T00:04:53Z,695,19,0,3,1,0,1,1,1,1782863260
2026-07-01T00:04:53Z,696,21,10,0,2,0,1,1,1,1782862845
2026-07-01T00:04:53Z,697,5,0,15,3,0,1,1,1,1782864275
2026-07-01T00:04:53Z,698,21,0,4,2,0,1,1,1,1782864164
2026-07-01T00:04:53Z,699,11,1,3,1,0,1,1,1,1782863669
2026-07-01T00:04:53Z,700,9,0,8,2,0,1,1,1,1782863825
2026-07-01T00:04:53Z,701,2,2,17,0,0,1,1,1,1782863858
2026-07-01T00:04:53Z,702,0,0,20,3,0,1,1,1,1782863912
2026-07-01T00:04:53Z,703,13,2,4,6,0,1,1,1,1782864265
2026-07-01T00:04:53Z,704,12,0,1,2,0,1,1,1,1782862944
2026-07-01T00:04:53Z,705,1,1,13,1,0,1,1,1,1782863567
2026-07-01T00:04:53Z,706,3,1,11,1,0,1,1,1,1782862514
2026-07-01T00:04:53Z,707,13,1,2,0,0,1,1,1,1782864014
2026-07-01T00:04:53Z,708,19,0,0,0,0,1,1,1,1782863584
2026-07-01T00:04:53Z,709,2,1,12,1,0,1,1,1,1782863331
2026-07-01T00:04:53Z,710,19,3,0,0,0,1,1,1,1782862967
2026-07-01T00:04:53Z,711,10,0,2,7,0,1,1,1,1782864200
2026-07-01T00:04:53Z,712,12,2,3,0,0,1,1,1,1782863952
2026-07-01T00:04:53Z,713,3,1,20,0,0,1,1,1,1782864007
2026-07-01T00:04:53Z,716,0,0,15,0,0,1,1,1,1782863292
2026-07-01T00:04:53Z,717,9,0,13,3,0,1,1,1,1782863615
2026-07-01T00:04:53Z,718,2,0,13,0,0,1,1,1,1782863814
2026-07-01T00:04:53Z,719,11,2,18,0,0,1,1,1,1782863726
2026-07-01T00:04:53Z,720,2,1,16,1,0,1,1,1,1782863420
2026-07-01T00:04:53Z,721,14,1,9,0,0,1,1,1,1782863725
2026-07-01T00:04:53Z,722,10,1,5,0,0,1,1,1,1782863258
2026-07-01T00:04:53Z,723,0,0,22,1,0,1,1,1,1782863711
2026-07-01T00:04:53Z,724,2,1,21,0,0,1,1,1,1782863586
2026-07-01T00:04:53Z,725,21,5,2,0,0,1,1,1,1782864184
2026-07-01T00:04:53Z,726,6,0,12,1,0,1,1,1,1782864224
2026-07-01T00:04:53Z,727,2,0,21,0,0,1,1,1,1782863205
2026-07-01T00:04:53Z,728,2,0,9,4,0,1,1,1,1782863273
2026-07-01T00:04:53Z,729,14,1,3,2,0,1,1,1,1782863875
2026-07-01T00:04:53Z,730,8,3,7,0,0,1,1,1,1782863943
2026-07-01T00:04:53Z,731,6,3,9,0,0,1,1,1,1782863886
2026-07-01T00:04:53Z,732,13,4,2,0,0,1,1,1,1782862587
2026-07-01T00:04:53Z,733,23,1,2,2,0,1,1,1,1782864045
2026-07-01T00:04:53Z,734,0,0,14,0,0,1,1,1,1782862518
2026-07-01T00:04:53Z,735,4,3,15,0,0,1,1,1,1782864148
2026-07-01T00:04:53Z,736,0,0,18,1,0,1,1,1,1782863617
2026-07-01T00:04:53Z,737,5,4,9,1,0,1,1,1,1782864185
2026-07-01T00:04:53Z,738,4,4,13,2,0,1,1,1,1782864271
2026-07-01T00:04:53Z,739,4,1,22,1,0,1,1,1,1782863522
2026-07-01T00:04:53Z,741,7,3,16,0,0,1,1,1,1782862860
2026-07-01T00:04:53Z,742,22,5,16,1,0,1,1,1,1782864095
2026-07-01T00:04:53Z,743,9,0,10,0,0,1,1,1,1782864059
2026-07-01T00:04:53Z,744,4,2,11,0,0,1,1,1,1782863453
2026-07-01T00:04:53Z,745,11,0,8,0,0,1,1,1,1782863032
2026-07-01T00:04:53Z,746,3,0,20,0,0,1,1,1,1782863400
2026-07-01T00:04:53Z,747,7,0,12,0,0,1,1,1,1782863908
2026-07-01T00:04:53Z,748,10,3,13,0,0,1,1,1,1782864138
2026-07-01T00:04:53Z,749,0,0,23,0,0,1,1,1,1782863511
2026-07-01T00:04:53Z,750,3,0,8,0,0,1,1,1,1782864193
2026-07-01T00:04:53Z,751,3,3,18,2,0,1,1,1,1782864282
2026-07-01T00:04:53Z,752,2,1,13,2,0,1,1,1,1782864121
2026-07-01T00:04:53Z,753,10,1,4,1,0,1,1,1,1782864246
2026-07-01T00:04:53Z,754,9,2,6,0,0,1,1,1,1782863301
2026-07-01T00:04:53Z,755,1,1,15,2,0,1,1,1,1782863252
2026-07-01T00:04:53Z,756,18,1,19,0,0,1,1,1,1782864272
2026-07-01T00:04:53Z,757,0,0,18,1,0,1,1,1,1782864148
2026-07-01T00:04:53Z,758,1,0,21,1,0,1,1,1,1782864191
2026-07-01T00:04:53Z,759,9,4,6,0,0,1,1,1,1782862708
2026-07-01T00:04:53Z,760,4,2,14,1,0,1,1,1,1782851769
2026-07-01T00:04:53Z,761,6,4,15,2,0,1,1,1,1782863443
2026-07-01T00:04:53Z,762,13,3,1,1,0,1,1,1,1782863798
2026-07-01T00:04:53Z,768,2,0,15,2,0,1,1,1,1782863257
2026-07-01T00:04:53Z,769,12,1,7,0,0,1,1,1,1782864108
2026-07-01T00:04:53Z,770,6,3,13,0,0,1,1,1,1782863708
2026-07-01T00:04:53Z,771,9,1,6,0,0,1,1,1,1782863134
2026-07-01T00:04:53Z,772,1,1,14,0,0,1,1,1,1782863065
2026-07-01T00:04:53Z,773,11,0,6,2,0,1,1,1,1782863785
2026-07-01T00:04:53Z,774,3,2,9,3,0,1,1,1,1782863914
2026-07-01T00:04:53Z,775,7,1,9,3,0,1,1,1,1782862391
2026-07-01T00:04:53Z,776,5,1,15,1,0,1,1,1,1782864023
2026-07-01T00:04:53Z,777,7,0,5,3,0,1,1,1,1782862897
2026-07-01T00:04:53Z,778,14,1,2,3,0,1,1,1,1782863596
2026-07-01T00:04:53Z,779,5,0,12,2,0,1,1,1,1782864002
2026-07-01T00:04:53Z,780,6,0,10,2,1,1,1,1,1782864093
2026-07-01T00:04:53Z,781,3,0,7,1,0,1,1,1,1782856963
2026-07-01T00:04:53Z,782,4,2,14,1,0,1,1,1,1782863995
2026-07-01T00:04:53Z,783,12,2,2,5,0,1,1,1,1782857125
2026-07-01T00:04:53Z,784,5,0,13,1,0,1,1,1,1782864243
2026-07-01T00:04:53Z,785,17,0,2,0,0,1,1,1,1782862544
2026-07-01T00:04:53Z,786,2,0,15,2,0,1,1,1,1782863394
2026-07-01T00:04:53Z,787,0,0,15,0,0,1,1,1,1782862819
2026-07-01T00:04:53Z,788,4,0,11,0,0,1,1,1,1782862923
2026-07-01T00:04:53Z,789,12,2,2,1,0,1,1,1,1782864000
2026-07-01T00:04:53Z,790,6,0,17,0,0,1,1,1,1782863255
2026-07-01T00:04:53Z,791,5,2,13,1,0,1,1,1,1782863927
2026-07-01T00:04:53Z,793,10,0,5,0,0,1,1,1,1782863157
2026-07-01T00:04:53Z,794,9,2,18,2,0,1,1,1,1782863623
2026-07-01T00:04:53Z,796,6,4,12,1,0,1,1,1,1782863292
2026-07-01T00:04:53Z,797,15,4,0,0,0,1,1,1,1782863537
2026-07-01T00:04:53Z,798,12,2,10,3,0,1,1,1,1782863918
2026-07-01T00:04:53Z,799,3,1,14,2,0,1,1,1,1782863517
2026-07-01T00:04:53Z,800,11,0,9,1,0,1,1,1,1782864234
2026-07-01T00:04:53Z,801,0,0,18,3,0,1,1,1,1782863581
2026-07-01T00:04:53Z,802,4,0,26,1,0,1,1,1,1782864091
2026-07-01T00:04:53Z,803,3,1,12,0,0,1,1,1,1782863288
2026-07-01T00:04:53Z,806,10,6,2,3,0,1,1,1,1782864164
2026-07-01T00:04:53Z,807,1,1,21,3,0,1,1,1,1782864284
2026-07-01T00:04:53Z,808,0,0,24,1,0,1,1,1,1782863017
2026-07-01T00:04:53Z,809,2,1,21,0,0,1,1,1,1782862521
2026-07-01T00:04:53Z,810,4,4,15,0,0,1,1,1,1782863080
2026-07-01T00:04:53Z,815,13,3,2,0,0,1,1,1,1782864203
2026-07-01T00:04:53Z,817,4,0,4,7,0,1,1,1,1782863973
2026-07-01T00:04:53Z,818,1,0,22,0,0,1,1,1,1782862517
2026-07-01T00:04:53Z,819,2,0,11,2,0,1,1,1,1782863093
2026-07-01T00:04:53Z,820,8,2,8,1,0,1,1,1,1782864260
2026-07-01T00:04:53Z,821,6,1,9,0,0,1,1,1,1782862948
2026-07-01T00:04:53Z,822,19,2,1,3,0,1,1,1,1782864272
2026-07-01T00:04:53Z,823,14,0,0,1,0,1,1,1,1782863719
2026-07-01T00:04:53Z,824,11,10,5,3,0,1,1,1,1782864269
2026-07-01T00:04:53Z,825,8,0,7,0,0,1,1,1,1782860242
2026-07-01T00:04:53Z,826,12,1,7,0,0,1,1,1,1782863567
2026-07-01T00:04:53Z,827,4,0,16,1,0,1,1,1,1782863964
2026-07-01T00:04:53Z,828,1,1,16,1,0,1,1,1,1782862883
2026-07-01T00:04:53Z,829,3,0,23,1,0,1,1,1,1782862126
2026-07-01T00:04:53Z,830,9,3,12,2,0,1,1,1,1782864198
2026-07-01T00:04:53Z,831,7,1,2,6,0,1,1,1,1782864053
2026-07-01T00:04:53Z,832,8,6,9,1,0,1,1,1,1782863902
2026-07-01T00:04:53Z,833,8,0,10,1,0,1,1,1,1782863363
2026-07-01T00:04:53Z,834,4,2,19,0,1,1,1,1,1782864266
2026-07-01T00:04:53Z,835,4,0,14,0,0,1,1,1,1782864226
2026-07-01T00:04:53Z,837,3,3,6,6,0,1,1,1,1782863029
2026-07-01T00:04:53Z,838,9,1,3,3,0,1,1,1,1782864079
2026-07-01T00:04:53Z,839,12,4,17,0,0,1,1,1,1782864184
2026-07-01T00:04:53Z,840,4,0,25,0,0,1,1,1,1782864004
2026-07-01T00:04:53Z,841,1,1,11,3,0,1,1,1,1782862913
2026-07-01T00:04:53Z,842,5,3,17,0,1,1,1,1,1782863672
2026-07-01T00:04:53Z,843,4,0,27,0,0,1,1,1,1782862651
2026-07-01T00:04:53Z,844,5,3,17,1,0,1,1,1,1782862551
2026-07-01T00:04:53Z,845,2,1,17,0,0,1,1,1,1782863899
2026-07-01T00:04:53Z,846,8,2,9,1,1,1,1,1,1782863383
2026-07-01T00:04:53Z,847,2,0,25,0,0,1,1,1,1782863820
2026-07-01T00:04:53Z,848,0,0,19,0,0,1,1,1,1782864221
2026-07-01T00:04:53Z,849,12,4,0,3,0,1,1,1,1782863334
2026-07-01T00:04:53Z,850,2,1,9,0,0,1,1,1,1782863879
2026-07-01T00:04:53Z,851,1,1,33,3,0,1,1,1,1782863837
2026-07-01T00:04:53Z,852,2,2,16,1,0,1,1,1,1782864039
2026-07-01T00:04:53Z,853,5,0,16,2,0,1,1,1,1782864192
2026-07-01T00:04:53Z,854,6,4,9,0,0,1,1,1,1782862648
2026-07-01T00:04:53Z,855,19,2,7,1,0,1,1,1,1782864261
2026-07-01T00:04:53Z,857,5,2,11,3,0,1,1,1,1782864095
2026-07-01T00:04:53Z,858,1,0,17,1,0,1,1,1,1782862716
2026-07-01T00:04:53Z,859,3,0,18,0,0,1,1,1,1782863553
2026-07-01T00:04:53Z,861,5,0,6,0,0,1,1,1,1782864159
2026-07-01T00:04:53Z,862,8,2,7,0,0,1,1,1,1782863499
2026-07-01T00:04:53Z,863,13,1,6,0,0,1,1,1,1782863648
2026-07-01T00:04:53Z,866,9,1,10,0,0,1,1,1,1782864073
2026-07-01T00:04:53Z,867,9,2,6,0,0,1,1,1,1782862837
2026-07-01T00:04:53Z,868,10,3,5,0,0,1,1,1,1782863068
2026-07-01T00:04:53Z,870,8,6,6,1,0,1,1,1,1782862954
2026-07-01T00:04:53Z,871,3,0,8,0,0,1,1,1,1782862802
2026-07-01T00:04:53Z,872,7,0,8,0,0,1,1,1,1782863205
2026-07-01T00:04:53Z,873,1,1,29,3,0,1,1,1,1782863509
2026-07-01T00:04:53Z,874,6,0,8,1,0,1,1,1,1782863850
2026-07-01T00:04:53Z,875,6,3,8,1,0,1,1,1,1782864138
2026-07-01T00:04:53Z,877,4,2,15,0,0,1,1,1,1782862561
2026-07-01T00:04:53Z,878,1,0,18,0,0,1,1,1,1782864193
2026-07-01T00:04:53Z,879,2,0,17,0,0,1,1,1,1782863937
2026-07-01T00:04:53Z,880,7,1,16,0,0,1,1,1,1782863365
2026-07-01T00:04:53Z,881,9,0,7,3,0,1,1,1,1782863027
2026-07-01T00:04:53Z,882,12,6,7,0,0,1,1,1,1782863083
2026-07-01T00:04:53Z,883,8,5,10,1,0,1,1,1,1782863667
2026-07-01T00:04:53Z,884,9,4,12,0,0,1,1,1,1782831178
2026-07-01T00:04:53Z,885,6,2,13,0,0,1,1,1,1782862536
2026-07-01T00:04:53Z,886,5,2,23,1,0,1,1,1,1782863699
2026-07-01T00:04:53Z,887,8,0,8,1,0,1,1,1,1782862770
2026-07-01T00:04:53Z,888,39,1,1,1,0,1,1,1,1782864280
2026-07-01T00:04:53Z,889,18,0,1,0,0,1,1,1,1782864177
2026-07-01T00:04:53Z,890,11,3,4,0,0,1,1,1,1782857471
2026-07-01T00:04:53Z,891,16,5,5,2,0,1,1,1,1782864124
2026-07-01T00:04:53Z,892,10,1,5,0,0,1,1,1,1782862515
2026-07-01T00:04:53Z,895,7,0,12,0,0,1,1,1,1782863773
2026-07-01T00:04:53Z,896,8,1,27,0,0,1,1,1,1782864008
2026-07-01T00:04:53Z,897,9,0,11,1,0,1,1,1,1782863621
2026-07-01T00:04:53Z,898,10,2,9,0,0,1,1,1,1782864099
2026-07-01T00:04:53Z,899,10,1,9,0,0,1,1,1,1782864065
2026-07-01T00:04:53Z,900,17,3,8,2,0,1,1,1,1782864213
2026-07-01T00:04:53Z,901,5,3,14,0,0,1,1,1,1782864027
2026-07-01T00:04:53Z,902,6,1,9,0,0,1,1,1,1782864167
2026-07-01T00:04:53Z,903,11,0,8,0,0,1,1,1,1782863866
2026-07-01T00:04:53Z,904,15,3,4,0,0,1,1,1,1782864090
2026-07-01T00:04:53Z,905,1,1,26,0,0,1,1,1,1782864001
2026-07-01T00:04:53Z,906,3,3,23,1,0,1,1,1,1782863768
2026-07-01T00:04:53Z,907,13,0,18,0,0,1,1,1,1782864282
2026-07-01T00:04:53Z,908,16,4,6,1,0,1,1,1,1782864125
2026-07-01T00:04:53Z,909,11,1,12,0,0,1,1,1,1782864061
2026-07-01T00:04:53Z,910,11,0,20,0,0,1,1,1,1782864274
2026-07-01T00:04:53Z,911,11,4,7,1,0,1,1,1,1782863946
2026-07-01T00:04:53Z,912,1,1,20,2,0,1,1,1,1782863932
2026-07-01T00:04:53Z,913,3,2,15,1,0,1,1,1,1782861493
2026-07-01T00:04:53Z,914,12,1,6,1,0,1,1,1,1782863964
2026-07-01T00:04:53Z,915,3,3,17,3,0,1,1,1,1782864178
2026-07-01T00:04:53Z,916,5,1,17,1,0,1,1,1,1782863955
2026-07-01T00:04:53Z,917,7,0,28,0,0,1,1,1,1782863620
2026-07-01T00:04:53Z,918,4,0,14,1,0,1,1,1,1782864102
2026-07-01T00:04:53Z,919,28,0,11,0,0,1,1,1,1782864232
2026-07-01T00:04:53Z,920,3,1,15,1,0,1,1,1,1782863835
2026-07-01T00:04:53Z,921,11,0,10,0,0,1,1,1,1782862691
2026-07-01T00:04:53Z,922,7,0,13,1,0,1,1,1,1782863816
2026-07-01T00:04:53Z,923,2,1,16,1,0,1,1,1,1782863167
2026-07-01T00:04:53Z,924,11,0,10,0,0,1,1,1,1782863565
2026-07-01T00:04:53Z,925,9,1,11,1,0,1,1,1,1782864008
2026-07-01T00:04:53Z,926,9,1,12,0,0,1,1,1,1782863912
2026-07-01T00:04:53Z,927,6,0,29,0,0,1,1,1,1782864201
2026-07-01T00:04:53Z,928,2,0,17,0,0,1,1,1,1782863910
2026-07-01T00:04:53Z,929,1,0,22,0,0,1,1,1,1782864090
2026-07-01T00:04:53Z,930,24,1,7,0,0,1,1,1,1782863964
2026-07-01T00:04:53Z,931,0,0,23,0,0,1,1,1,1782864007
2026-07-01T00:04:53Z,932,9,0,10,0,0,1,1,1,1782864281
2026-07-01T00:04:53Z,933,20,2,2,1,0,1,1,1,1782864103
2026-07-01T00:04:53Z,934,1,0,30,0,0,1,1,1,1782864273
2026-07-01T00:04:53Z,935,15,1,3,1,0,1,1,1,1782864245
2026-07-01T00:04:53Z,936,1,0,18,0,0,1,1,1,1782864242
2026-07-01T00:04:53Z,940,2,0,8,1,0,1,1,1,1782864070
2026-07-01T00:04:53Z,941,13,0,12,0,0,1,1,1,1782863441
2026-07-01T00:04:53Z,942,1,0,19,1,0,1,1,1,1782864080
2026-07-01T00:04:53Z,943,5,5,9,1,0,1,1,1,1782862923
2026-07-01T00:04:53Z,944,4,4,10,1,0,1,1,1,1782816034
2026-07-01T00:04:53Z,945,3,0,12,0,0,1,1,1,1782863000
2026-07-01T00:04:53Z,946,14,10,5,0,0,1,1,1,1782862732
2026-07-01T00:04:53Z,947,6,6,11,0,0,1,1,1,1782863845
2026-07-01T00:04:53Z,948,0,0,31,0,0,1,1,1,1782863987
2026-07-01T00:04:53Z,949,2,1,13,0,0,1,1,1,1782864147
2026-07-01T00:04:53Z,950,7,3,8,2,0,1,1,1,1782863985
2026-07-01T00:04:53Z,951,6,1,16,1,0,1,1,1,1782864050
2026-07-01T00:04:53Z,952,11,2,42,2,0,1,1,1,1782864172
2026-07-01T00:04:53Z,953,11,0,2,2,0,1,1,1,1782863761
2026-07-01T00:04:53Z,954,10,1,6,3,0,1,1,1,1782864211
2026-07-01T00:04:53Z,955,0,0,21,6,0,1,1,1,1782864191
2026-07-01T00:04:53Z,956,10,0,7,2,0,1,1,1,1782864283
2026-07-01T00:04:53Z,957,1,1,28,0,0,1,1,1,1782864226
2026-07-01T00:04:53Z,958,30,1,1,0,0,1,1,1,1782864265
2026-07-01T00:04:53Z,959,11,7,9,3,0,1,1,1,1782864115
2026-07-01T00:04:53Z,960,5,4,16,2,0,1,1,1,1782864157
2026-07-01T00:04:53Z,961,1,0,21,1,0,1,1,1,1782863553
2026-07-01T00:04:53Z,962,0,0,26,9,0,1,1,1,1782862754
2026-07-01T00:04:53Z,963,22,0,0,1,0,1,1,1,1782864261
2026-07-01T00:04:53Z,964,18,8,4,1,0,1,1,1,1782864202
2026-07-01T00:04:53Z,965,3,1,23,1,0,1,1,1,1782864026
2026-07-01T00:04:53Z,966,30,8,0,1,0,1,1,1,1782864201
2026-07-01T00:04:53Z,967,13,0,5,3,0,1,1,1,1782864269
2026-07-01T00:04:53Z,968,19,0,0,0,0,1,1,1,1782864139
2026-07-01T00:04:53Z,969,14,3,12,1,0,1,1,1,1782864087
2026-07-01T00:04:53Z,970,13,7,5,1,0,1,1,1,1782864242
2026-07-01T00:04:53Z,971,18,0,5,0,0,1,1,1,1782863863
2026-07-01T00:04:53Z,972,16,4,7,0,0,1,1,1,1782863472
2026-07-01T00:04:53Z,973,7,6,14,2,0,1,1,1,1782863615
2026-07-01T00:04:53Z,974,11,1,15,1,0,1,1,1,1782864163
2026-07-01T00:04:53Z,977,11,1,10,0,0,1,1,1,1782864081
2026-07-01T00:04:53Z,978,5,0,18,0,0,1,1,1,1782864264
2026-07-01T00:04:53Z,979,0,0,14,3,0,1,1,1,1782863576
2026-07-01T00:04:53Z,980,4,0,17,0,0,1,1,1,1782864237
2026-07-01T00:04:53Z,981,18,0,2,1,0,1,1,1,1782864099
2026-07-01T00:04:53Z,982,11,3,8,0,0,1,1,1,1782864280
2026-07-01T00:04:53Z,983,0,0,23,0,0,1,1,1,1782863324
2026-07-01T00:04:53Z,984,19,11,4,0,0,1,1,1,1782862681
2026-07-01T00:04:53Z,985,12,0,17,2,0,1,1,1,1782864280
2026-07-01T00:04:53Z,986,9,5,8,2,0,1,1,1,1782862632
2026-07-01T00:04:53Z,987,8,2,15,0,0,1,1,1,1782862524
2026-07-01T00:04:53Z,988,11,3,7,1,0,1,1,1,1782863967
2026-07-01T00:04:53Z,989,13,8,6,0,0,1,1,1,1782862743
2026-07-01T00:04:53Z,990,10,0,2,3,0,1,1,1,1782862842
2026-07-01T00:04:53Z,991,12,5,5,2,0,1,1,1,1782864085
2026-07-01T00:04:53Z,992,6,3,17,0,0,1,1,1,1782863652
2026-07-01T00:04:53Z,993,0,0,25,2,0,1,1,1,1782863809
2026-07-01T00:04:53Z,994,12,4,7,2,0,1,1,1,1782862447
2026-07-01T00:04:53Z,995,3,1,24,0,0,1,1,1,1782864135
2026-07-01T00:04:53Z,996,8,1,15,0,0,1,1,1,1782864185
2026-07-01T00:04:53Z,997,15,5,7,1,0,1,1,1,1782863669
2026-07-01T00:04:53Z,998,6,1,17,0,0,1,1,1,1782864110
2026-07-01T00:04:53Z,999,15,1,4,1,1,1,1,1,1782863680
2026-07-01T00:04:53Z,1000,12,1,9,0,0,1,1,1,1782864283
2026-07-01T00:04:53Z,1001,3,2,23,1,0,1,1,1,1782864153
2026-07-01T00:04:53Z,1002,9,1,20,2,0,1,1,1,1782862612
2026-07-01T00:04:53Z,1003,0,0,22,1,0,1,1,1,1782862956
2026-07-01T00:04:53Z,1004,10,0,12,1,0,1,1,1,1782862877
2026-07-01T00:04:53Z,1005,19,4,3,1,0,1,1,1,1782863688
2026-07-01T00:04:53Z,1006,12,1,6,1,0,1,1,1,1782862864
2026-07-01T00:04:53Z,1007,2,1,19,0,0,1,1,1,1782864226
2026-07-01T00:04:53Z,1008,22,4,1,0,0,1,1,1,1782863920
2026-07-01T00:04:53Z,1009,7,0,24,0,0,1,1,1,1782863052
2026-07-01T00:04:53Z,1010,18,8,8,1,0,1,1,1,1782864026
2026-07-01T00:04:53Z,1011,4,3,15,0,0,1,1,1,1782862774
2026-07-01T00:04:53Z,1012,1,0,18,4,0,1,1,1,1782862730
2026-07-01T00:04:53Z,1013,6,0,15,2,0,1,1,1,1782863613
2026-07-01T00:04:53Z,1014,18,4,5,0,0,1,1,1,1782863593
2026-07-01T00:04:53Z,1015,0,0,30,1,0,1,1,1,1782862744
2026-07-01T00:04:53Z,1016,12,0,19,0,0,1,1,1,1782863268
2026-07-01T00:04:53Z,1017,18,3,2,1,0,1,1,1,1782863790
2026-07-01T00:04:53Z,1018,15,9,5,1,0,1,1,1,1782863400
2026-07-01T00:04:53Z,1019,10,2,4,1,0,1,1,1,1782862910
2026-07-01T00:04:53Z,1020,10,0,11,0,0,1,1,1,1782863298
2026-07-01T00:04:53Z,1021,7,2,8,0,0,1,1,1,1782863375
2026-07-01T00:04:53Z,1022,9,0,18,0,0,1,1,1,1782863638
2026-07-01T00:04:53Z,1023,16,0,7,0,0,1,1,1,1782864203
2026-07-01T00:04:53Z,1024,9,3,10,0,0,1,1,1,1782862512
2026-07-01T00:04:53Z,1025,14,3,5,0,0,1,1,1,1782863953
2026-07-01T00:04:53Z,1026,6,5,24,1,0,1,1,1,1782863137
2026-07-01T00:04:53Z,1028,16,3,6,1,0,1,1,1,1782863979
2026-07-01T00:04:53Z,1029,10,5,5,0,0,1,1,1,1782863590
2026-07-01T00:04:53Z,1030,12,3,10,1,0,1,1,1,1782863770
2026-07-01T00:04:53Z,1031,1,0,18,0,0,1,1,1,1782863753
2026-07-01T00:04:53Z,1032,16,2,3,0,0,1,1,1,1782864107
2026-07-01T00:04:53Z,1033,19,9,0,0,0,1,1,1,1782863566
2026-07-01T00:04:53Z,1034,3,3,10,2,0,1,1,1,1782862875
2026-07-01T00:04:53Z,1035,7,2,12,0,0,1,1,1,1782863915
2026-07-01T00:04:53Z,1036,9,5,6,0,0,1,1,1,1782863979
2026-07-01T00:04:53Z,1037,2,1,17,0,0,1,1,1,1782862704
2026-07-01T00:04:53Z,1038,8,2,7,0,0,1,1,1,1782862901
2026-07-01T00:04:53Z,1039,3,0,15,1,0,1,1,1,1782864079
2026-07-01T00:04:53Z,1040,6,2,13,0,0,1,1,1,1782862966
2026-07-01T00:04:53Z,1041,2,0,17,0,0,1,1,1,1782864207
2026-07-01T00:04:53Z,1042,11,2,4,0,0,1,1,1,1782863822
2026-07-01T00:04:53Z,1043,7,4,11,1,0,1,1,1,1782863010
2026-07-01T00:04:53Z,1044,7,1,8,0,0,1,1,1,1782864017
2026-07-01T00:04:53Z,1045,3,1,16,0,0,1,1,1,1782863953
2026-07-01T00:04:53Z,1046,5,3,7,3,0,1,1,1,1782862940
2026-07-01T00:04:53Z,1047,2,0,19,0,0,1,1,1,1782863938
2026-07-01T00:04:53Z,1048,8,1,11,0,0,1,1,1,1782864008
2026-07-01T00:04:53Z,1049,10,0,11,0,0,1,1,1,1782864193
2026-07-01T00:04:53Z,1050,12,0,8,1,0,1,1,1,1782863003
2026-07-01T00:04:53Z,1051,16,2,5,0,0,1,1,1,1782863669
2026-07-01T00:04:53Z,1052,8,1,13,1,0,1,1,1,1782862817
2026-07-01T00:04:53Z,1053,7,1,7,1,0,1,1,1,1782863350
2026-07-01T00:04:53Z,1054,3,1,12,0,0,1,1,1,1782863296
2026-07-01T00:04:53Z,1055,13,1,6,0,0,1,1,1,1782863117
2026-07-01T00:04:53Z,1057,19,1,0,0,0,1,1,1,1782863948
2026-07-01T00:04:53Z,1058,24,3,31,1,0,1,1,1,1782864076
2026-07-01T00:04:53Z,1059,0,0,19,0,0,1,1,1,1782863298
2026-07-01T00:04:53Z,1060,15,12,22,0,0,1,1,1,1782864205
2026-07-01T00:04:53Z,1061,9,0,27,1,0,1,1,1,1782864241
2026-07-01T00:04:53Z,1062,5,0,12,0,0,1,1,1,1782862628
2026-07-01T00:04:53Z,1063,10,4,8,1,0,1,1,1,1782864182
2026-07-01T00:04:53Z,1064,11,2,12,0,0,1,1,1,1782864206
2026-07-01T00:04:53Z,1065,9,5,14,0,0,1,1,1,1782863917
2026-07-01T00:04:53Z,1066,15,3,7,1,0,1,1,1,1782864003
2026-07-01T00:04:53Z,1067,13,1,10,0,0,1,1,1,1782864117
2026-07-01T00:04:53Z,1068,11,0,11,1,0,1,1,1,1782864174
2026-07-01T00:04:53Z,1069,1,0,22,0,0,1,1,1,1782862699
2026-07-01T00:04:53Z,1070,5,2,17,1,0,1,1,1,1782863198
2026-07-01T00:04:53Z,1071,2,0,21,0,0,1,1,1,1782863464
2026-07-01T00:04:53Z,1072,11,1,11,1,0,1,1,1,1782864067
2026-07-01T00:04:53Z,1073,3,0,24,0,0,1,1,1,1782864099
2026-07-01T00:04:53Z,1074,37,3,14,2,0,1,1,1,1782864274
2026-07-01T00:04:53Z,1075,11,10,9,1,0,1,1,1,1782863792
2026-07-01T00:04:53Z,1076,8,6,12,1,0,1,1,1,1782863827
2026-07-01T00:04:53Z,1077,7,7,14,0,0,1,1,1,1782864071
2026-07-01T00:04:53Z,1078,7,6,14,0,0,1,1,1,1782864159
2026-07-01T00:04:53Z,1079,10,8,11,0,0,1,1,1,1782863930
2026-07-01T00:04:53Z,1080,11,10,10,0,0,1,1,1,1782851308
2026-07-01T00:04:53Z,1081,12,9,7,0,0,1,1,1,1782864284
2026-07-01T00:04:53Z,1082,13,11,10,0,0,1,1,1,1782863932
2026-07-01T00:04:53Z,1083,7,6,14,0,0,1,1,1,1782863718
2026-07-01T00:04:53Z,1084,11,9,10,0,0,1,1,1,1782863739
2026-07-01T00:04:53Z,1085,11,8,10,0,0,1,1,1,1782863623
2026-07-01T00:04:53Z,1086,10,7,11,0,0,1,1,1,1782863355
2026-07-01T00:04:53Z,1087,6,5,9,0,0,1,1,1,1782863702
2026-07-01T00:04:53Z,1088,12,10,3,0,0,1,1,1,1782863306
2026-07-01T00:04:53Z,1089,11,10,4,0,0,1,1,1,1782862753
2026-07-01T00:04:53Z,1090,14,11,1,0,0,1,1,1,1782862610
2026-07-01T00:04:53Z,1091,11,9,4,0,0,1,1,1,1782862765
2026-07-01T00:04:53Z,1092,11,9,4,0,0,1,1,1,1782864118
2026-07-01T00:04:53Z,1093,7,6,8,0,0,1,1,1,1782863783
2026-07-01T00:04:53Z,1094,11,8,8,0,0,1,1,1,1782863872
2026-07-01T00:04:53Z,1095,11,10,4,0,0,1,1,1,1782862601
2026-07-01T00:04:53Z,1096,1,0,18,0,0,1,1,1,1782863379
2026-07-01T00:04:53Z,1097,8,6,7,0,0,1,1,1,1782862493
2026-07-01T00:04:53Z,1098,9,5,10,0,0,1,1,1,1782863601
2026-07-01T00:04:53Z,1099,9,7,6,0,0,1,1,1,1782863784
2026-07-01T00:04:53Z,1100,10,5,19,0,0,1,1,1,1782864163
2026-07-01T00:04:53Z,1101,12,6,9,0,0,1,1,1,1782862569
2026-07-01T00:04:53Z,1102,8,3,5,0,0,1,1,1,1782863198
2026-07-01T00:04:53Z,1103,12,8,9,0,0,1,1,1,1782863849
2026-07-01T00:04:53Z,1104,10,5,11,0,0,1,1,1,1782862559
2026-07-01T00:04:53Z,1105,7,3,5,1,0,1,1,1,1782863581
2026-07-01T00:04:53Z,1106,9,4,11,1,0,1,1,1,1782863016
2026-07-01T00:04:53Z,1107,10,5,5,0,0,1,1,1,1782864207
2026-07-01T00:04:53Z,1108,4,2,21,2,0,1,1,1,1782863919
2026-07-01T00:04:53Z,1109,10,5,5,0,0,1,1,1,1782863158
2026-07-01T00:04:53Z,1110,1,1,20,0,0,1,1,1,1782862510
2026-07-01T00:04:53Z,1111,8,4,13,0,0,1,1,1,1782864138
2026-07-01T00:04:53Z,1112,51,1,2,0,0,1,1,1,1782864181
2026-07-01T00:04:53Z,1113,1,0,20,0,0,1,1,1,1782863142
2026-07-01T00:04:53Z,1115,17,2,6,0,0,1,1,1,1782863718
2026-07-01T00:04:53Z,1116,7,0,12,0,0,1,1,1,1782863818
2026-07-01T00:04:53Z,1117,5,3,17,1,0,1,1,1,1782862232
2026-07-01T00:04:53Z,1118,20,0,1,0,0,1,1,1,1782863033
2026-07-01T00:04:53Z,1119,10,2,6,1,0,1,1,1,1782863968
2026-07-01T00:04:53Z,1120,17,0,0,2,0,1,1,1,1782863978
2026-07-01T00:04:53Z,1121,13,0,7,1,0,1,1,1,1782864146
2026-07-01T00:04:53Z,1122,4,3,17,0,0,1,1,1,1782863857
2026-07-01T00:04:53Z,1123,1,1,20,2,0,1,1,1,1782864067
2026-07-01T00:04:53Z,1124,13,2,1,1,0,1,1,1,1782862964
2026-07-01T00:04:53Z,1125,10,0,13,0,0,1,1,1,1782863944
2026-07-01T00:04:53Z,1126,0,0,20,1,0,1,1,1,1782863971
2026-07-01T00:04:53Z,1127,4,0,15,0,0,1,1,1,1782863954
2026-07-01T00:04:53Z,1128,10,2,4,1,0,1,1,1,1782862580
2026-07-01T00:04:53Z,1129,20,0,0,1,0,1,1,1,1782864054
2026-07-01T00:04:53Z,1130,14,1,1,0,0,1,1,1,1782864089
2026-07-01T00:04:53Z,1131,0,0,46,3,0,1,1,1,1782863208
2026-07-01T00:04:53Z,1132,18,6,2,1,0,1,1,1,1782864272
2026-07-01T00:04:53Z,1133,0,0,21,0,0,1,1,1,1782863915
2026-07-01T00:04:53Z,1134,10,5,9,0,0,1,1,1,1782863811
2026-07-01T00:04:53Z,1135,10,5,11,0,0,1,1,1,1782862768
2026-07-01T00:04:53Z,1136,19,0,1,3,0,1,1,1,1782863997
2026-07-01T00:04:53Z,1137,11,1,2,2,0,1,1,1,1782864054
2026-07-01T00:04:53Z,1138,17,1,1,1,0,1,1,1,1782863449
2026-07-01T00:04:53Z,1139,20,0,1,0,0,1,1,1,1782863333
2026-07-01T00:04:53Z,1140,9,0,11,3,0,1,1,1,1782864009
2026-07-01T00:04:53Z,1141,1,1,17,3,0,1,1,1,1782864281
2026-07-01T00:04:53Z,1142,18,0,3,0,0,1,1,1,1782862930
2026-07-01T00:04:53Z,1143,19,0,9,1,0,1,1,1,1782864137
2026-07-01T00:04:53Z,1144,15,2,6,0,0,1,1,1,1782863863
2026-07-01T00:04:53Z,1145,6,4,15,0,0,1,1,1,1782863583
2026-07-01T00:04:53Z,1146,4,3,12,3,0,1,1,1,1782864235
2026-07-01T00:04:53Z,1147,19,0,0,0,0,1,1,1,1782863842
2026-07-01T00:04:53Z,1148,7,3,24,0,0,1,1,1,1782864008
2026-07-01T00:04:53Z,1149,5,5,20,0,0,1,1,1,1782863752
2026-07-01T00:04:53Z,1150,7,1,12,0,0,1,1,1,1782864116
2026-07-01T00:04:53Z,1151,10,1,11,0,0,1,1,1,1782862651
2026-07-01T00:04:53Z,1152,12,0,14,3,0,1,1,1,1782864143
2026-07-01T00:04:53Z,1153,22,0,1,0,0,1,1,1,1782863762
2026-07-01T00:04:53Z,1154,8,1,10,1,0,1,1,1,1782863519
2026-07-01T00:04:53Z,1155,14,4,5,2,0,1,1,1,1782864227
2026-07-01T00:04:53Z,1158,6,0,13,0,0,1,1,1,1782863946
2026-07-01T00:04:53Z,1159,5,2,14,0,0,1,1,1,1782863832
2026-07-01T00:04:53Z,1160,7,2,12,0,0,1,1,1,1782863679
2026-07-01T00:04:53Z,1161,6,3,13,0,0,1,1,1,1782863587
2026-07-01T00:04:53Z,1162,10,2,9,0,0,1,1,1,1782864137
2026-07-01T00:04:53Z,1163,2,1,17,0,0,1,1,1,1782863718
2026-07-01T00:04:53Z,1164,7,1,11,1,0,1,1,1,1782864008
2026-07-01T00:04:53Z,1165,9,2,10,2,0,1,1,1,1782863340
2026-07-01T00:04:53Z,1166,9,0,11,1,0,1,1,1,1782862776
2026-07-01T00:04:53Z,1167,8,0,7,0,0,1,1,1,1782862854
2026-07-01T00:04:53Z,1168,3,0,20,0,0,1,1,1,1782863727
2026-07-01T00:04:53Z,1169,4,3,15,0,0,1,1,1,1782863421
2026-07-01T00:04:53Z,1170,7,1,14,0,0,1,1,1,1782862630
2026-07-01T00:04:53Z,1171,7,5,16,0,0,1,1,1,1782862850
2026-07-01T00:04:53Z,1172,9,3,6,0,0,1,1,1,1782862818
2026-07-01T00:04:53Z,1173,2,0,17,0,0,1,1,1,1782862873
2026-07-01T00:04:53Z,1174,6,2,9,0,0,1,1,1,1782862732
2026-07-01T00:04:53Z,1175,3,2,16,0,0,1,1,1,1782863849
2026-07-01T00:04:53Z,1176,12,3,9,0,0,1,1,1,1782862023
2026-07-01T00:04:53Z,1177,12,4,9,0,0,1,1,1,1782863713
2026-07-01T00:04:53Z,1178,0,0,15,0,0,1,1,1,1782863676
2026-07-01T00:04:53Z,1181,14,0,1,0,0,1,1,1,1782863911
2026-07-01T00:04:53Z,1182,2,2,16,2,0,1,1,1,1782864143
2026-07-01T00:04:53Z,1183,2,0,34,1,0,1,1,1,1782863904
2026-07-01T00:04:53Z,1184,3,0,17,1,0,1,1,1,1782864123
2026-07-01T00:04:53Z,1185,10,5,11,0,0,1,1,1,1782862631
2026-07-01T00:04:53Z,1186,10,5,9,0,0,1,1,1,1782864130
2026-07-01T00:04:53Z,1190,10,6,11,0,0,1,1,1,1782862975
2026-07-01T00:04:53Z,1192,11,6,10,0,0,1,1,1,1782862939
2026-07-01T00:04:53Z,1193,7,1,5,1,0,1,1,1,1782863542
2026-07-01T00:04:53Z,1197,10,5,6,1,0,1,1,1,1782862742
2026-07-01T00:04:53Z,1198,9,6,11,1,0,1,1,1,1782864258
2026-07-01T00:04:53Z,1199,8,6,11,0,0,1,1,1,1782863733
2026-07-01T00:04:53Z,1200,10,5,5,0,0,1,1,1,1782862610
2026-07-01T00:04:53Z,1201,8,3,6,1,0,1,1,1,1782863873
2026-07-01T00:04:53Z,1202,10,5,5,0,0,1,1,1,1782862598
2026-07-01T00:04:53Z,1203,10,5,5,0,0,1,1,1,1782862920
2026-07-01T00:04:53Z,1218,0,0,21,0,0,1,1,1,1782863063
2026-07-01T00:04:53Z,1224,0,0,3,0,0,0,1,1,1781869449
2026-07-01T00:04:53Z,1225,0,0,3,0,0,0,1,1,1781868919
2026-07-01T00:04:53Z,1226,0,0,3,0,0,0,1,1,1781868931
2026-07-01T00:09:53Z,1,2,0,21,0,0,1,1,1,1782864518
2026-07-01T00:09:53Z,2,26,0,1,0,0,1,1,1,1782864335
2026-07-01T00:09:53Z,3,17,3,1,1,0,1,1,1,1782864583
2026-07-01T00:09:53Z,4,12,0,11,0,0,1,1,1,1782861164
2026-07-01T00:09:53Z,5,15,13,6,2,0,1,1,1,1782864495
2026-07-01T00:09:53Z,6,4,0,11,0,0,1,1,1,1782861897
2026-07-01T00:09:53Z,7,22,2,1,0,0,1,1,1,1782863943
2026-07-01T00:09:53Z,8,43,1,0,0,0,1,1,1,1782863886
2026-07-01T00:09:53Z,9,3,0,20,0,0,1,1,1,1782864144
2026-07-01T00:09:53Z,10,4,3,19,0,0,1,1,1,1782864156
2026-07-01T00:09:53Z,11,2,1,16,1,0,1,1,1,1782864325
2026-07-01T00:09:53Z,12,1,0,22,0,0,1,1,1,1782864349
2026-07-01T00:09:53Z,13,11,0,19,0,0,1,1,1,1782864337
2026-07-01T00:09:53Z,14,40,0,3,0,0,1,1,1,1782863795
2026-07-01T00:09:53Z,15,14,10,0,1,0,1,1,1,1782864321
2026-07-01T00:09:53Z,16,7,1,20,0,0,1,1,1,1782864438
2026-07-01T00:09:53Z,17,11,1,14,2,0,1,1,1,1782864432
2026-07-01T00:09:53Z,18,5,0,14,0,0,1,1,1,1782864158
2026-07-01T00:09:53Z,19,16,1,10,1,0,1,1,1,1782864562
2026-07-01T00:09:53Z,20,17,1,10,0,0,1,1,1,1782864441
2026-07-01T00:09:53Z,21,18,0,1,0,0,1,1,1,1782864545
2026-07-01T00:09:53Z,22,32,1,31,3,0,1,1,1,1782864316
2026-07-01T00:09:53Z,23,0,0,29,2,0,1,1,1,1782863686
2026-07-01T00:09:53Z,24,7,2,3,1,0,1,1,1,1782864581
2026-07-01T00:09:53Z,25,46,0,33,2,0,1,1,1,1782864462
2026-07-01T00:09:53Z,26,3,1,24,0,0,1,1,1,1782864497
2026-07-01T00:09:53Z,28,13,1,1,1,0,1,1,1,1782863180
2026-07-01T00:09:53Z,30,8,0,19,0,0,1,1,1,1782864207
2026-07-01T00:09:53Z,31,19,0,0,0,0,1,1,1,1782862973
2026-07-01T00:09:53Z,32,16,16,11,0,0,1,1,1,1782864517
2026-07-01T00:09:53Z,34,22,1,15,0,0,1,1,1,1782864389
2026-07-01T00:09:53Z,35,36,2,10,1,0,1,1,1,1782864533
2026-07-01T00:09:53Z,36,0,0,0,0,0,0,1,1,86400
2026-07-01T00:09:53Z,37,2,2,21,0,0,1,1,1,1782864549
2026-07-01T00:09:53Z,38,0,0,22,1,0,1,1,1,1782864327
2026-07-01T00:09:53Z,39,2,0,29,0,0,1,1,1,1782864525
2026-07-01T00:09:53Z,40,0,0,21,0,0,1,1,1,1782864525
2026-07-01T00:09:53Z,41,0,0,26,1,0,1,1,1,1782864210
2026-07-01T00:09:53Z,42,1,1,30,0,0,1,1,1,1782862737
2026-07-01T00:09:53Z,43,11,2,10,1,1,1,1,1,1782864586
2026-07-01T00:09:53Z,45,4,3,27,0,0,1,1,1,1782863926
2026-07-01T00:09:53Z,46,2,1,29,0,0,1,1,1,1782864556
2026-07-01T00:09:53Z,47,1,0,14,0,0,1,1,1,1782864411
2026-07-01T00:09:53Z,48,21,0,6,0,0,1,1,1,1782864560
2026-07-01T00:09:53Z,49,1,0,18,4,0,1,1,1,1782864581
2026-07-01T00:09:53Z,50,0,0,18,1,0,1,1,1,1782863979
2026-07-01T00:09:53Z,51,42,0,37,0,0,1,1,1,1782864443
2026-07-01T00:09:53Z,52,25,0,0,2,0,1,1,1,1782862974
2026-07-01T00:09:53Z,55,5,1,16,2,0,1,1,1,1782864513
2026-07-01T00:09:53Z,56,16,0,11,0,0,1,1,1,1782864383
2026-07-01T00:09:53Z,57,2,0,24,1,0,1,1,1,1782864437
2026-07-01T00:09:53Z,58,3,1,25,0,0,1,1,1,1782864473
2026-07-01T00:09:53Z,59,0,0,22,1,0,1,1,1,1782863840
2026-07-01T00:09:53Z,61,11,0,27,1,0,1,1,1,1782863585
2026-07-01T00:09:53Z,62,1,1,46,2,0,1,1,1,1782864490
2026-07-01T00:09:53Z,63,1,0,18,0,0,1,1,1,1782863909
2026-07-01T00:09:53Z,64,15,1,2,2,0,1,1,1,1782864502
2026-07-01T00:09:53Z,65,5,3,10,4,0,1,1,1,1782864313
2026-07-01T00:09:53Z,67,2,2,36,1,0,1,1,1,1782864366
2026-07-01T00:09:53Z,68,31,0,5,1,0,1,1,1,1782864491
2026-07-01T00:09:53Z,69,14,0,1,0,0,1,1,1,1782864506
2026-07-01T00:09:53Z,71,15,1,11,1,0,1,1,1,1782864552
2026-07-01T00:09:53Z,72,2,1,27,2,0,1,1,1,1782864178
2026-07-01T00:09:53Z,73,0,0,22,1,0,1,1,1,1782864570
2026-07-01T00:09:53Z,74,2,1,15,2,0,1,1,1,1782864332
2026-07-01T00:09:53Z,75,3,0,32,0,0,1,1,1,1782863134
2026-07-01T00:09:53Z,76,9,2,10,0,0,1,1,1,1782864374
2026-07-01T00:09:53Z,77,22,0,3,2,0,1,1,1,1782864546
2026-07-01T00:09:53Z,78,7,1,16,0,0,1,1,1,1782863739
2026-07-01T00:09:53Z,79,10,1,6,1,0,1,1,1,1782864260
2026-07-01T00:09:53Z,80,19,1,2,0,2,1,1,1,1782864579
2026-07-01T00:09:53Z,81,20,2,11,0,0,1,1,1,1782864536
2026-07-01T00:09:53Z,82,1,1,22,0,0,1,1,1,1782864116
2026-07-01T00:09:53Z,83,5,4,27,2,0,1,1,1,1782864578
2026-07-01T00:09:53Z,84,5,3,22,0,0,1,1,1,1782864374
2026-07-01T00:09:53Z,85,2,2,12,0,0,1,1,1,1782864214
2026-07-01T00:09:53Z,86,2,2,24,1,0,1,1,1,1782864583
2026-07-01T00:09:53Z,87,1,0,18,0,0,1,1,1,1782863641
2026-07-01T00:09:53Z,88,29,5,1,1,0,1,1,1,1782864586
2026-07-01T00:09:53Z,89,2,0,33,0,0,1,1,1,1782864562
2026-07-01T00:09:53Z,90,14,0,3,2,0,1,1,1,1782864575
2026-07-01T00:09:53Z,91,9,2,7,1,0,1,1,1,1782864348
2026-07-01T00:09:53Z,92,9,1,9,1,0,1,1,1,1782864447
2026-07-01T00:09:53Z,93,20,0,3,0,0,1,1,1,1782864564
2026-07-01T00:09:53Z,94,17,0,2,0,0,1,1,1,1782864425
2026-07-01T00:09:53Z,95,1,0,31,2,0,1,1,1,1782864585
2026-07-01T00:09:53Z,96,0,0,31,0,0,1,1,1,1782864521
2026-07-01T00:09:53Z,97,10,2,4,2,0,1,1,1,1782864432
2026-07-01T00:09:53Z,98,29,4,5,1,0,1,1,1,1782864393
2026-07-01T00:09:53Z,99,12,3,2,0,0,1,1,1,1782864564
2026-07-01T00:09:53Z,100,24,1,1,2,0,1,1,1,1782864436
2026-07-01T00:09:53Z,101,4,2,10,1,0,1,1,1,1782864518
2026-07-01T00:09:53Z,102,21,0,2,0,0,1,1,1,1782864321
2026-07-01T00:09:53Z,103,20,0,10,2,0,1,1,1,1782864586
2026-07-01T00:09:53Z,104,7,0,17,3,0,1,1,1,1782864493
2026-07-01T00:09:53Z,105,7,0,11,1,0,1,1,1,1782864196
2026-07-01T00:09:53Z,106,21,1,0,0,0,1,1,1,1782863980
2026-07-01T00:09:53Z,107,1,0,35,1,0,1,1,1,1782864048
2026-07-01T00:09:53Z,108,33,0,0,2,0,1,1,1,1782864538
2026-07-01T00:09:53Z,109,22,3,0,1,0,1,1,1,1782864585
2026-07-01T00:09:53Z,110,10,1,12,1,0,1,1,1,1782863946
2026-07-01T00:09:53Z,111,35,1,0,1,0,1,1,1,1782864457
2026-07-01T00:09:53Z,112,17,0,1,1,0,1,1,1,1782864092
2026-07-01T00:09:53Z,113,17,0,0,2,0,1,1,1,1782864584
2026-07-01T00:09:53Z,114,20,0,9,2,0,1,1,1,1782864579
2026-07-01T00:09:53Z,115,0,0,26,0,0,1,1,1,1782863981
2026-07-01T00:09:53Z,116,4,3,22,1,0,1,1,1,1782864441
2026-07-01T00:09:53Z,118,11,2,7,5,0,1,1,1,1782863973
2026-07-01T00:09:53Z,119,0,0,36,2,0,1,1,1,1782864292
2026-07-01T00:09:53Z,120,0,0,26,1,0,1,1,1,1782863764
2026-07-01T00:09:53Z,121,1,1,17,0,1,1,1,1,1782864479
2026-07-01T00:09:53Z,122,9,1,9,3,0,1,1,1,1782864531
2026-07-01T00:09:53Z,123,2,2,44,1,0,1,1,1,1782864449
2026-07-01T00:09:53Z,124,18,2,8,1,0,1,1,1,1782864582
2026-07-01T00:09:53Z,125,4,1,19,0,0,1,1,1,1782864488
2026-07-01T00:09:53Z,126,0,0,29,2,0,1,1,1,1782862493
2026-07-01T00:09:53Z,127,1,0,28,1,1,1,1,1,1782864475
2026-07-01T00:09:53Z,128,2,1,17,0,0,1,1,1,1782864560
2026-07-01T00:09:53Z,129,1,1,12,4,2,1,1,1,1782864587
2026-07-01T00:09:53Z,130,13,1,2,2,0,1,1,1,1782864296
2026-07-01T00:09:53Z,131,2,2,9,0,0,1,1,1,1782864516
2026-07-01T00:09:53Z,132,2,0,12,0,1,1,1,1,1782863906
2026-07-01T00:09:53Z,133,4,1,19,0,0,1,1,1,1782864195
2026-07-01T00:09:53Z,134,2,2,15,4,0,1,1,1,1782864478
2026-07-01T00:09:53Z,135,1,0,16,1,1,1,1,1,1782864495
2026-07-01T00:09:53Z,136,10,5,12,0,0,1,1,1,1782864487
2026-07-01T00:09:53Z,137,4,3,14,1,0,1,1,1,1782864370
2026-07-01T00:09:53Z,138,0,0,33,0,0,1,1,1,1782863807
2026-07-01T00:09:53Z,139,10,3,9,0,0,1,1,1,1782864392
2026-07-01T00:09:53Z,140,4,1,19,0,0,1,1,1,1782864493
2026-07-01T00:09:53Z,141,7,2,17,1,0,1,1,1,1782864566
2026-07-01T00:09:53Z,142,0,0,19,0,0,0,1,1,1782498468
2026-07-01T00:09:53Z,143,8,5,22,1,0,1,1,1,1782864566
2026-07-01T00:09:53Z,144,23,2,4,0,0,1,1,1,1782864190
2026-07-01T00:09:53Z,145,12,0,17,2,0,1,1,1,1782864535
2026-07-01T00:09:53Z,146,1,0,22,0,0,1,1,1,1782864550
2026-07-01T00:09:53Z,147,3,0,14,2,0,1,1,1,1782864537
2026-07-01T00:09:53Z,148,8,1,19,0,0,1,1,1,1782864549
2026-07-01T00:09:53Z,149,17,1,2,0,0,1,1,1,1782864254
2026-07-01T00:09:53Z,150,1,1,32,2,0,1,1,1,1782864519
2026-07-01T00:09:53Z,151,17,0,6,0,0,1,1,1,1782864485
2026-07-01T00:09:53Z,152,11,1,14,1,0,1,1,1,1782864477
2026-07-01T00:09:53Z,153,15,5,5,3,0,1,1,1,1782864496
2026-07-01T00:09:53Z,154,4,2,17,2,0,1,1,1,1782864484
2026-07-01T00:09:53Z,155,5,1,6,3,0,1,1,1,1782863634
2026-07-01T00:09:53Z,156,2,2,15,2,0,1,1,1,1782863824
2026-07-01T00:09:53Z,157,5,2,22,0,0,1,1,1,1782864585
2026-07-01T00:09:53Z,158,3,0,15,1,0,1,1,1,1782864423
2026-07-01T00:09:53Z,159,10,6,9,0,0,1,1,1,1782864583
2026-07-01T00:09:53Z,160,5,2,12,2,0,1,1,1,1782864473
2026-07-01T00:09:53Z,161,6,4,16,1,0,1,1,1,1782864580
2026-07-01T00:09:53Z,162,0,0,23,4,0,1,1,1,1782864328
2026-07-01T00:09:53Z,163,1,0,29,1,0,1,1,1,1782864459
2026-07-01T00:09:53Z,164,9,4,18,0,0,1,1,1,1782864516
2026-07-01T00:09:53Z,165,23,12,6,1,0,1,1,1,1782864573
2026-07-01T00:09:53Z,166,7,2,31,0,0,1,1,1,1782864381
2026-07-01T00:09:53Z,167,4,1,16,3,0,1,1,1,1782864510
2026-07-01T00:09:53Z,168,0,0,26,1,0,1,1,1,1782863803
2026-07-01T00:09:53Z,169,1,0,20,2,0,1,1,1,1782864554
2026-07-01T00:09:53Z,170,2,2,15,2,0,1,1,1,1782864130
2026-07-01T00:09:53Z,171,5,4,8,0,0,1,1,1,1782864385
2026-07-01T00:09:53Z,173,27,15,10,0,0,1,1,1,1782864497
2026-07-01T00:09:53Z,174,20,5,1,4,0,1,1,1,1782864390
2026-07-01T00:09:53Z,175,30,1,0,1,0,1,1,1,1782863352
2026-07-01T00:09:53Z,176,3,2,9,2,1,1,1,1,1782864561
2026-07-01T00:09:53Z,177,12,9,12,3,0,1,1,1,1782864583
2026-07-01T00:09:53Z,178,2,1,8,5,0,1,1,1,1782864572
2026-07-01T00:09:53Z,179,7,6,5,3,0,1,1,1,1782864510
2026-07-01T00:09:53Z,180,6,0,23,1,0,1,1,1,1782864124
2026-07-01T00:09:53Z,181,5,4,9,0,0,1,1,1,1782864305
2026-07-01T00:09:53Z,182,7,7,12,0,0,1,1,1,1782864273
2026-07-01T00:09:53Z,183,4,2,17,1,0,1,1,1,1782864525
2026-07-01T00:09:53Z,184,1,0,19,3,0,1,1,1,1782864523
2026-07-01T00:09:53Z,185,8,4,5,1,1,1,1,1,1782863804
2026-07-01T00:09:53Z,186,0,0,19,0,0,1,1,1,1782864286
2026-07-01T00:09:53Z,187,0,0,27,2,0,1,1,1,1782864518
2026-07-01T00:09:53Z,188,10,6,15,2,0,1,1,1,1782864545
2026-07-01T00:09:53Z,189,1,1,13,1,0,1,1,1,1782863994
2026-07-01T00:09:53Z,190,1,1,22,0,0,1,1,1,1782864461
2026-07-01T00:09:53Z,191,0,0,38,1,0,1,1,1,1782864501
2026-07-01T00:09:53Z,192,1,1,28,2,0,1,1,1,1782864233
2026-07-01T00:09:53Z,193,1,0,13,1,0,1,1,1,1782864579
2026-07-01T00:09:53Z,194,1,1,14,0,0,1,1,1,1782863955
2026-07-01T00:09:53Z,195,1,0,18,0,0,1,1,1,1782864486
2026-07-01T00:09:53Z,196,3,0,24,0,0,1,1,1,1782864553
2026-07-01T00:09:53Z,197,4,2,14,0,1,1,1,1,1782864324
2026-07-01T00:09:53Z,198,0,0,23,0,0,1,1,1,1782862054
2026-07-01T00:09:53Z,199,0,0,14,1,0,1,1,1,1782864502
2026-07-01T00:09:53Z,200,14,3,12,0,0,1,1,1,1782864487
2026-07-01T00:09:53Z,201,0,0,23,0,0,1,1,1,1782863164
2026-07-01T00:09:53Z,202,1,0,20,2,3,1,1,1,1782864397
2026-07-01T00:09:53Z,203,2,1,29,0,0,1,1,1,1782864362
2026-07-01T00:09:53Z,204,19,10,16,0,0,1,1,1,1782864558
2026-07-01T00:09:53Z,205,3,2,24,0,0,1,1,1,1782864069
2026-07-01T00:09:53Z,206,7,3,6,2,0,1,1,1,1782864545
2026-07-01T00:09:53Z,207,14,2,5,2,0,1,1,1,1782864561
2026-07-01T00:09:53Z,208,10,1,16,3,0,1,1,1,1782864445
2026-07-01T00:09:53Z,209,8,6,22,1,0,1,1,1,1782864569
2026-07-01T00:09:53Z,210,4,2,22,1,0,1,1,1,1782864259
2026-07-01T00:09:53Z,211,2,1,21,0,0,1,1,1,1782864572
2026-07-01T00:09:53Z,212,14,0,20,0,0,1,1,1,1782864448
2026-07-01T00:09:53Z,213,0,0,23,0,0,1,1,1,1782863275
2026-07-01T00:09:53Z,214,23,0,21,3,0,1,1,1,1782864551
2026-07-01T00:09:53Z,215,5,5,18,0,0,1,1,1,1782863783
2026-07-01T00:09:53Z,216,10,4,8,1,0,1,1,1,1782864447
2026-07-01T00:09:53Z,217,3,0,25,1,0,1,1,1,1782864571
2026-07-01T00:09:53Z,218,11,0,22,6,0,1,1,1,1782864520
2026-07-01T00:09:53Z,219,23,1,3,0,0,1,1,1,1782864487
2026-07-01T00:09:53Z,220,4,1,39,0,0,1,1,1,1782864489
2026-07-01T00:09:53Z,221,6,6,7,1,0,1,1,1,1782864553
2026-07-01T00:09:53Z,222,3,2,16,0,0,1,1,1,1782864441
2026-07-01T00:09:53Z,223,3,0,28,4,0,1,1,1,1782864382
2026-07-01T00:09:53Z,224,7,2,15,0,0,1,1,1,1782864133
2026-07-01T00:09:53Z,225,7,1,6,6,0,1,1,1,1782863534
2026-07-01T00:09:53Z,226,0,0,26,3,0,1,1,1,1782864526
2026-07-01T00:09:53Z,227,8,6,17,2,0,1,1,1,1782864577
2026-07-01T00:09:53Z,228,5,1,13,1,0,1,1,1,1782864436
2026-07-01T00:09:53Z,230,4,0,18,1,0,1,1,1,1782863876
2026-07-01T00:09:53Z,232,3,0,14,2,0,1,1,1,1782864106
2026-07-01T00:09:53Z,233,9,8,20,2,0,1,1,1,1782864586
2026-07-01T00:09:53Z,234,3,1,14,2,0,1,1,1,1782864585
2026-07-01T00:09:53Z,236,12,5,5,2,0,1,1,1,1782864070
2026-07-01T00:09:53Z,237,7,0,16,0,0,1,1,1,1782864480
2026-07-01T00:09:53Z,239,4,3,21,2,0,1,1,1,1782864545
2026-07-01T00:09:53Z,241,1,1,22,0,0,1,1,1,1782864508
2026-07-01T00:09:53Z,242,2,2,21,0,0,1,1,1,1782862804
2026-07-01T00:09:53Z,243,10,7,20,1,0,1,1,1,1782864329
2026-07-01T00:09:53Z,244,4,2,21,2,0,1,1,1,1782864457
2026-07-01T00:09:53Z,245,1,1,22,0,0,1,1,1,1782864214
2026-07-01T00:09:53Z,246,4,2,19,0,0,1,1,1,1782864515
2026-07-01T00:09:53Z,247,2,1,21,0,0,1,1,1,1782864258
2026-07-01T00:09:53Z,248,6,0,15,2,0,1,1,1,1782864330
2026-07-01T00:09:53Z,249,1,1,16,2,0,1,1,1,1782864124
2026-07-01T00:09:53Z,250,1,1,26,0,0,1,1,1,1782864292
2026-07-01T00:09:53Z,251,9,4,18,0,0,1,1,1,1782864527
2026-07-01T00:09:53Z,253,1,0,16,2,0,1,1,1,1782864215
2026-07-01T00:09:53Z,254,17,8,24,2,0,1,1,1,1782863829
2026-07-01T00:09:53Z,255,0,0,23,0,0,1,1,1,1782864553
2026-07-01T00:09:53Z,256,3,3,19,1,0,1,1,1,1782864432
2026-07-01T00:09:53Z,257,17,5,2,0,0,1,1,1,1782864077
2026-07-01T00:09:53Z,258,5,3,10,4,0,1,1,1,1782864149
2026-07-01T00:09:53Z,259,3,2,17,3,0,1,1,1,1782863216
2026-07-01T00:09:53Z,260,12,7,3,4,0,1,1,1,1782864309
2026-07-01T00:09:53Z,261,11,0,8,0,0,1,1,1,1782864335
2026-07-01T00:09:53Z,262,14,1,7,2,0,1,1,1,1782864525
2026-07-01T00:09:53Z,263,5,4,10,0,0,1,1,1,1782864531
2026-07-01T00:09:53Z,264,3,3,16,0,0,1,1,1,1782864351
2026-07-01T00:09:53Z,265,12,1,3,0,0,1,1,1,1782864497
2026-07-01T00:09:53Z,266,7,7,11,1,0,1,1,1,1782864566
2026-07-01T00:09:53Z,267,12,2,1,2,0,1,1,1,1782841949
2026-07-01T00:09:53Z,268,1,0,20,2,0,1,1,1,1782864368
2026-07-01T00:09:53Z,269,6,2,16,1,0,1,1,1,1782864584
2026-07-01T00:09:53Z,270,0,0,27,0,0,1,1,1,1782864436
2026-07-01T00:09:53Z,271,15,0,2,2,0,1,1,1,1782864356
2026-07-01T00:09:53Z,272,6,3,15,2,0,1,1,1,1782864412
2026-07-01T00:09:53Z,273,6,2,9,0,0,1,1,1,1782864509
2026-07-01T00:09:53Z,274,8,4,10,1,0,1,1,1,1782864403
2026-07-01T00:09:53Z,275,2,0,21,0,0,1,1,1,1782864487
2026-07-01T00:09:53Z,276,4,1,21,0,2,1,1,1,1782864315
2026-07-01T00:09:53Z,277,0,0,19,4,0,1,1,1,1782863837
2026-07-01T00:09:53Z,278,2,2,27,1,1,1,1,1,1782864585
2026-07-01T00:09:53Z,279,0,0,18,1,0,1,1,1,1782864347
2026-07-01T00:09:53Z,280,9,0,19,3,0,1,1,1,1782864416
2026-07-01T00:09:53Z,281,3,2,20,0,0,1,1,1,1782864529
2026-07-01T00:09:53Z,282,2,2,14,0,0,1,1,1,1782863731
2026-07-01T00:09:53Z,283,6,2,26,2,1,1,1,1,1782864529
2026-07-01T00:09:53Z,284,0,0,35,0,0,1,1,1,1782864399
2026-07-01T00:09:53Z,285,0,0,23,0,0,1,1,1,1782864072
2026-07-01T00:09:53Z,286,1,1,16,6,0,1,1,1,1782864191
2026-07-01T00:09:53Z,287,17,3,3,3,0,1,1,1,1782864159
2026-07-01T00:09:53Z,288,5,3,14,0,0,1,1,1,1782864075
2026-07-01T00:09:53Z,289,3,3,22,2,0,1,1,1,1782864539
2026-07-01T00:09:53Z,290,34,1,2,3,0,1,1,1,1782864504
2026-07-01T00:09:53Z,291,23,2,0,0,0,1,1,1,1782864540
2026-07-01T00:09:53Z,292,5,1,18,0,0,1,1,1,1782864352
2026-07-01T00:09:53Z,293,9,8,13,1,0,1,1,1,1782864138
2026-07-01T00:09:53Z,294,11,3,9,2,0,1,1,1,1782864512
2026-07-01T00:09:53Z,297,9,0,6,4,0,1,1,1,1782864291
2026-07-01T00:09:53Z,301,15,3,3,1,0,1,1,1,1782864585
2026-07-01T00:09:53Z,302,22,4,0,1,0,1,1,1,1782862648
2026-07-01T00:09:53Z,303,10,1,9,0,0,1,1,1,1782864457
2026-07-01T00:09:53Z,304,0,0,0,0,0,0,1,1,86400
2026-07-01T00:09:53Z,305,16,4,2,1,0,1,1,1,1782863139
2026-07-01T00:09:53Z,306,16,1,15,1,0,1,1,1,1782864218
2026-07-01T00:09:53Z,307,17,0,1,5,0,1,1,1,1782864577
2026-07-01T00:09:53Z,308,4,2,14,1,0,1,1,1,1782864372
2026-07-01T00:09:53Z,309,1,1,5,3,0,1,1,1,1782864576
2026-07-01T00:09:53Z,311,8,0,6,1,0,1,1,1,1782863181
2026-07-01T00:09:53Z,312,3,2,17,3,0,1,1,1,1782864183
2026-07-01T00:09:53Z,313,9,2,6,0,0,1,1,1,1782863887
2026-07-01T00:09:53Z,314,3,0,15,1,0,1,1,1,1782864562
2026-07-01T00:09:53Z,315,2,1,29,0,0,1,1,1,1782864587
2026-07-01T00:09:53Z,316,11,3,2,2,0,1,1,1,1782864535
2026-07-01T00:09:53Z,317,3,3,25,3,0,1,1,1,1782863969
2026-07-01T00:09:53Z,318,6,2,11,0,0,1,1,1,1782864399
2026-07-01T00:09:53Z,319,9,4,18,0,0,1,1,1,1782864550
2026-07-01T00:09:53Z,320,0,0,18,1,0,1,1,1,1782863885
2026-07-01T00:09:53Z,321,13,2,2,4,0,1,1,1,1782863950
2026-07-01T00:09:53Z,322,28,3,0,1,0,1,1,1,1782863729
2026-07-01T00:09:53Z,323,8,1,10,1,0,1,1,1,1782864315
2026-07-01T00:09:53Z,324,4,4,21,2,0,1,1,1,1782864115
2026-07-01T00:09:53Z,325,1,1,24,2,0,1,1,1,1782860596
2026-07-01T00:09:53Z,327,18,1,6,1,2,1,1,1,1782864548
2026-07-01T00:09:53Z,328,16,1,6,1,0,1,1,1,1782864584
2026-07-01T00:09:53Z,329,19,2,0,0,0,1,1,1,1782861863
2026-07-01T00:09:53Z,330,14,0,8,0,0,1,1,1,1782864534
2026-07-01T00:09:53Z,331,1,0,21,1,0,1,1,1,1782864511
2026-07-01T00:09:53Z,332,2,1,17,0,0,1,1,1,1782863489
2026-07-01T00:09:53Z,333,7,2,16,0,0,1,1,1,1782864383
2026-07-01T00:09:53Z,334,10,0,13,0,0,1,1,1,1782864300
2026-07-01T00:09:53Z,335,6,4,16,0,1,1,1,1,1782863782
2026-07-01T00:09:53Z,336,5,1,14,0,0,1,1,1,1782864498
2026-07-01T00:09:53Z,337,2,1,19,2,0,1,1,1,1782864515
2026-07-01T00:09:53Z,338,7,3,12,0,0,1,1,1,1782863995
2026-07-01T00:09:53Z,339,6,4,16,1,0,1,1,1,1782864449
2026-07-01T00:09:53Z,340,8,5,6,1,0,1,1,1,1782864587
2026-07-01T00:09:53Z,341,17,11,2,0,0,1,1,1,1782864261
2026-07-01T00:09:53Z,342,4,1,10,1,0,1,1,1,1782863983
2026-07-01T00:09:53Z,343,14,3,9,0,0,1,1,1,1782864566
2026-07-01T00:09:53Z,344,13,4,9,1,0,1,1,1,1782864459
2026-07-01T00:09:53Z,345,11,1,3,5,0,1,1,1,1782864563
2026-07-01T00:09:53Z,346,3,0,20,0,0,1,1,1,1782864055
2026-07-01T00:09:53Z,347,11,3,34,0,0,1,1,1,1782864581
2026-07-01T00:09:53Z,348,2,0,20,1,0,1,1,1,1782864389
2026-07-01T00:09:53Z,349,2,1,14,3,0,1,1,1,1782864519
2026-07-01T00:09:53Z,350,7,0,19,0,1,1,1,1,1782864058
2026-07-01T00:09:53Z,351,7,0,14,2,0,1,1,1,1782864557
2026-07-01T00:09:53Z,355,10,0,12,1,0,1,1,1,1782864301
2026-07-01T00:09:53Z,356,10,4,9,0,0,1,1,1,1782864561
2026-07-01T00:09:53Z,357,8,8,11,0,0,1,1,1,1782864220
2026-07-01T00:09:53Z,359,8,0,18,1,0,1,1,1,1782864382
2026-07-01T00:09:53Z,360,10,8,8,1,0,1,1,1,1782863919
2026-07-01T00:09:53Z,362,8,4,7,4,0,1,1,1,1782864367
2026-07-01T00:09:53Z,363,22,1,2,1,0,1,1,1,1782864574
2026-07-01T00:09:53Z,364,0,0,18,0,1,1,1,1,1782864516
2026-07-01T00:09:53Z,365,3,2,20,0,0,1,1,1,1782864097
2026-07-01T00:09:53Z,366,6,4,16,1,0,1,1,1,1782864151
2026-07-01T00:09:53Z,367,16,4,1,1,1,1,1,1,1782864205
2026-07-01T00:09:53Z,368,2,1,21,0,0,1,1,1,1782864445
2026-07-01T00:09:53Z,370,15,9,10,2,0,1,1,1,1782864267
2026-07-01T00:09:53Z,372,2,1,13,0,0,1,1,1,1782864505
2026-07-01T00:09:53Z,373,23,2,2,1,0,1,1,1,1782864446
2026-07-01T00:09:53Z,374,6,1,9,2,0,1,1,1,1782864441
2026-07-01T00:09:53Z,375,2,1,25,0,0,1,1,1,1782864511
2026-07-01T00:09:53Z,376,0,0,39,0,0,1,1,1,1782864103
2026-07-01T00:09:53Z,377,3,1,23,1,0,1,1,1,1782864406
2026-07-01T00:09:53Z,378,8,3,15,0,1,1,1,1,1782864310
2026-07-01T00:09:53Z,379,27,4,0,0,0,1,1,1,1782864141
2026-07-01T00:09:53Z,380,6,6,17,0,0,1,1,1,1782864304
2026-07-01T00:09:53Z,381,1,0,22,0,0,1,1,1,1782864394
2026-07-01T00:09:53Z,383,14,0,1,0,0,1,1,1,1782864320
2026-07-01T00:09:53Z,384,0,0,18,1,0,1,1,1,1782859706
2026-07-01T00:09:53Z,385,2,0,15,1,0,1,1,1,1782864274
2026-07-01T00:09:53Z,387,1,0,22,0,0,1,1,1,1782864014
2026-07-01T00:09:53Z,388,20,5,26,3,0,1,1,1,1782864242
2026-07-01T00:09:53Z,389,1,0,14,0,0,1,1,1,1782863380
2026-07-01T00:09:53Z,390,13,2,13,1,0,1,1,1,1782864496
2026-07-01T00:09:53Z,391,5,1,10,0,0,1,1,1,1782863467
2026-07-01T00:09:53Z,392,0,0,18,1,0,1,1,1,1782864208
2026-07-01T00:09:53Z,393,1,0,10,0,0,1,1,1,1782861989
2026-07-01T00:09:53Z,394,3,2,11,1,0,1,1,1,1782864500
2026-07-01T00:09:53Z,396,3,2,36,3,0,1,1,1,1782863941
2026-07-01T00:09:53Z,397,9,3,21,1,0,1,1,1,1782864523
2026-07-01T00:09:53Z,399,0,0,17,0,0,1,1,1,1782864242
2026-07-01T00:09:53Z,400,7,1,14,2,0,1,1,1,1782863899
2026-07-01T00:09:53Z,401,25,2,6,0,0,1,1,1,1782863998
2026-07-01T00:09:53Z,403,0,0,27,3,1,1,1,1,1782864547
2026-07-01T00:09:53Z,404,16,3,7,0,0,1,1,1,1782864553
2026-07-01T00:09:53Z,406,27,0,7,1,0,1,1,1,1782864262
2026-07-01T00:09:53Z,407,20,1,14,0,0,1,1,1,1782862655
2026-07-01T00:09:53Z,408,4,0,26,3,0,1,1,1,1782864567
2026-07-01T00:09:53Z,409,0,0,23,0,0,1,1,1,1782863369
2026-07-01T00:09:53Z,413,13,6,8,2,0,1,1,1,1782864432
2026-07-01T00:09:53Z,414,11,2,2,2,0,1,1,1,1782864396
2026-07-01T00:09:53Z,417,8,2,11,0,0,1,1,1,1782864099
2026-07-01T00:09:53Z,418,2,1,12,1,0,1,1,1,1782862600
2026-07-01T00:09:53Z,419,9,1,14,0,0,1,1,1,1782864259
2026-07-01T00:09:53Z,421,13,2,6,0,0,1,1,1,1782864499
2026-07-01T00:09:53Z,422,2,0,23,2,0,1,1,1,1782864575
2026-07-01T00:09:53Z,423,16,3,7,0,0,1,1,1,1782864573
2026-07-01T00:09:53Z,424,4,1,10,1,0,1,1,1,1782864186
2026-07-01T00:09:53Z,425,0,0,22,0,0,1,1,1,1782864128
2026-07-01T00:09:53Z,426,5,2,30,2,0,1,1,1,1782864458
2026-07-01T00:09:53Z,427,5,1,9,0,1,1,1,1,1782863300
2026-07-01T00:09:53Z,428,15,5,4,0,0,1,1,1,1782864032
2026-07-01T00:09:53Z,429,11,5,11,1,0,1,1,1,1782864583
2026-07-01T00:09:53Z,430,12,0,17,2,0,1,1,1,1782864258
2026-07-01T00:09:53Z,431,3,0,27,1,2,1,1,1,1782864531
2026-07-01T00:09:53Z,432,24,5,3,4,0,1,1,1,1782864477
2026-07-01T00:09:53Z,433,21,0,0,2,0,1,1,1,1782864576
2026-07-01T00:09:53Z,437,7,4,11,1,0,1,1,1,1782864577
2026-07-01T00:09:53Z,438,2,1,12,5,0,1,1,1,1782864464
2026-07-01T00:09:53Z,439,0,0,15,0,0,1,1,1,1782861298
2026-07-01T00:09:53Z,440,3,3,10,2,0,1,1,1,1782864408
2026-07-01T00:09:53Z,441,3,0,12,0,0,1,1,1,1782864357
2026-07-01T00:09:53Z,442,7,2,12,0,0,1,1,1,1782864570
2026-07-01T00:09:53Z,443,7,0,20,0,0,1,1,1,1782861086
2026-07-01T00:09:53Z,444,7,2,16,0,0,1,1,1,1782860455
2026-07-01T00:09:53Z,445,5,2,15,3,0,1,1,1,1782860452
2026-07-01T00:09:53Z,446,7,0,15,1,0,1,1,1,1782863308
2026-07-01T00:09:53Z,447,2,0,19,2,0,1,1,1,1782860785
2026-07-01T00:09:53Z,448,8,0,5,1,1,1,1,1,1782859012
2026-07-01T00:09:53Z,452,3,2,15,1,0,1,1,1,1782863792
2026-07-01T00:09:53Z,453,6,4,9,0,0,1,1,1,1782864494
2026-07-01T00:09:53Z,454,13,1,4,1,1,1,1,1,1782864422
2026-07-01T00:09:53Z,455,0,0,38,1,0,1,1,1,1782864297
2026-07-01T00:09:53Z,456,2,1,16,5,0,1,1,1,1782864586
2026-07-01T00:09:53Z,457,3,1,23,1,0,1,1,1,1782864555
2026-07-01T00:09:53Z,458,8,5,13,2,0,1,1,1,1782864252
2026-07-01T00:09:53Z,459,10,0,5,0,0,1,1,1,1782864550
2026-07-01T00:09:53Z,460,14,2,8,1,0,1,1,1,1782863851
2026-07-01T00:09:53Z,461,17,1,2,0,0,1,1,1,1782864103
2026-07-01T00:09:53Z,462,8,0,4,2,1,1,1,1,1782864576
2026-07-01T00:09:53Z,463,14,0,4,1,0,1,1,1,1782864495
2026-07-01T00:09:53Z,464,11,0,2,1,0,1,1,1,1782864578
2026-07-01T00:09:53Z,465,1,1,14,0,0,1,1,1,1782863817
2026-07-01T00:09:53Z,466,5,0,9,1,0,1,1,1,1782864487
2026-07-01T00:09:53Z,467,1,0,13,1,0,1,1,1,1782863654
2026-07-01T00:09:53Z,468,1,1,17,1,0,1,1,1,1782861931
2026-07-01T00:09:53Z,469,12,0,7,3,1,1,1,1,1782864578
2026-07-01T00:09:53Z,470,5,0,10,0,0,1,1,1,1782863803
2026-07-01T00:09:53Z,471,15,6,12,0,0,1,1,1,1782864372
2026-07-01T00:09:53Z,472,13,5,3,3,0,1,1,1,1782863332
2026-07-01T00:09:53Z,473,3,0,16,0,0,1,1,1,1782864347
2026-07-01T00:09:53Z,474,18,0,1,0,0,1,1,1,1782863847
2026-07-01T00:09:53Z,475,7,2,10,2,0,1,1,1,1782863327
2026-07-01T00:09:53Z,476,21,1,1,1,0,1,1,1,1782864230
2026-07-01T00:09:53Z,477,0,0,14,1,0,1,1,1,1782863860
2026-07-01T00:09:53Z,478,13,0,17,1,0,1,1,1,1782864433
2026-07-01T00:09:53Z,479,23,0,0,3,1,1,1,1,1782864324
2026-07-01T00:09:53Z,480,3,0,11,1,0,1,1,1,1782864003
2026-07-01T00:09:53Z,481,26,0,7,2,0,1,1,1,1782864446
2026-07-01T00:09:53Z,482,6,1,11,2,0,1,1,1,1782864172
2026-07-01T00:09:53Z,483,25,1,0,0,2,1,1,1,1782864518
2026-07-01T00:09:53Z,484,4,1,15,0,0,1,1,1,1782863843
2026-07-01T00:09:53Z,485,4,1,13,1,1,1,1,1,1782864580
2026-07-01T00:09:53Z,486,12,2,14,1,0,1,1,1,1782864197
2026-07-01T00:09:53Z,487,3,2,15,1,0,1,1,1,1782864464
2026-07-01T00:09:53Z,489,4,4,9,2,0,1,1,1,1782863986
2026-07-01T00:09:53Z,490,10,1,4,2,0,1,1,1,1782863118
2026-07-01T00:09:53Z,491,3,1,15,3,0,1,1,1,1782864059
2026-07-01T00:09:53Z,492,6,3,2,3,0,1,1,1,1782863950
2026-07-01T00:09:53Z,493,0,0,27,0,0,1,1,1,1782856761
2026-07-01T00:09:53Z,495,9,0,4,2,0,1,1,1,1782864556
2026-07-01T00:09:53Z,496,26,2,1,0,0,1,1,1,1782864587
2026-07-01T00:09:53Z,497,2,1,17,0,0,1,1,1,1782864199
2026-07-01T00:09:53Z,498,8,2,15,0,0,1,1,1,1782864532
2026-07-01T00:09:53Z,499,3,2,14,2,0,1,1,1,1782864552
2026-07-01T00:09:53Z,500,0,0,15,0,0,1,1,1,1782863657
2026-07-01T00:09:53Z,501,9,8,9,2,1,1,1,1,1782864191
2026-07-01T00:09:53Z,502,1,0,17,1,0,1,1,1,1782864386
2026-07-01T00:09:53Z,503,5,0,26,0,0,1,1,1,1782864541
2026-07-01T00:09:53Z,504,1,0,36,2,0,1,1,1,1782864499
2026-07-01T00:09:53Z,505,1,1,16,1,0,1,1,1,1782864465
2026-07-01T00:09:53Z,511,1,0,17,5,0,1,1,1,1782863859
2026-07-01T00:09:53Z,512,13,0,5,1,0,1,1,1,1782864143
2026-07-01T00:09:53Z,514,5,2,5,1,0,1,1,1,1782864120
2026-07-01T00:09:53Z,515,6,1,12,1,0,1,1,1,1782864109
2026-07-01T00:09:53Z,516,1,0,24,2,0,1,1,1,1782864582
2026-07-01T00:09:53Z,517,3,1,20,0,0,1,1,1,1782864466
2026-07-01T00:09:53Z,518,10,1,5,0,0,1,1,1,1782864004
2026-07-01T00:09:53Z,519,5,0,12,2,0,1,1,1,1782863812
2026-07-01T00:09:53Z,520,20,0,6,1,0,1,1,1,1782864398
2026-07-01T00:09:53Z,521,6,3,17,0,0,1,1,1,1782863845
2026-07-01T00:09:53Z,522,14,2,9,0,0,1,1,1,1782864577
2026-07-01T00:09:53Z,523,0,0,23,0,0,1,1,1,1782862963
2026-07-01T00:09:53Z,524,9,2,14,0,0,1,1,1,1782864438
2026-07-01T00:09:53Z,525,16,0,3,0,0,1,1,1,1782864450
2026-07-01T00:09:53Z,526,14,0,1,0,0,1,1,1,1782861976
2026-07-01T00:09:53Z,527,4,2,19,3,0,1,1,1,1782864560
2026-07-01T00:09:53Z,528,1,0,18,4,0,1,1,1,1782864292
2026-07-01T00:09:53Z,529,3,1,12,4,0,1,1,1,1782864396
2026-07-01T00:09:53Z,530,16,2,4,1,0,1,1,1,1782864296
2026-07-01T00:09:53Z,531,21,0,1,0,1,1,1,1,1782864408
2026-07-01T00:09:53Z,532,0,0,29,2,0,1,1,1,1782862746
2026-07-01T00:09:53Z,533,1,0,15,3,0,1,1,1,1782864570
2026-07-01T00:09:53Z,534,2,2,19,2,0,1,1,1,1782864011
2026-07-01T00:09:53Z,535,1,0,14,0,0,1,1,1,1782864375
2026-07-01T00:09:53Z,536,21,0,1,1,0,1,1,1,1782863828
2026-07-01T00:09:53Z,537,0,0,21,0,0,1,1,1,1782861965
2026-07-01T00:09:53Z,538,10,8,9,0,0,1,1,1,1782864557
2026-07-01T00:09:53Z,539,0,0,30,1,0,1,1,1,1782864575
2026-07-01T00:09:53Z,540,2,1,17,0,0,1,1,1,1782864408
2026-07-01T00:09:53Z,541,13,2,14,0,0,1,1,1,1782864409
2026-07-01T00:09:53Z,542,0,0,23,0,0,1,1,1,1782863494
2026-07-01T00:09:53Z,543,5,1,12,2,0,1,1,1,1782864585
2026-07-01T00:09:53Z,544,12,3,12,0,0,1,1,1,1782864355
2026-07-01T00:09:53Z,545,18,10,0,1,0,1,1,1,1782864251
2026-07-01T00:09:53Z,546,1,0,18,0,0,1,1,1,1782863967
2026-07-01T00:09:53Z,547,8,1,13,1,0,1,1,1,1782864453
2026-07-01T00:09:53Z,548,21,0,1,1,0,1,1,1,1782864545
2026-07-01T00:09:53Z,549,20,1,1,0,0,1,1,1,1782864585
2026-07-01T00:09:53Z,550,2,1,17,0,0,1,1,1,1782864345
2026-07-01T00:09:53Z,551,18,4,5,0,0,1,1,1,1782860479
2026-07-01T00:09:53Z,552,5,2,22,0,0,1,1,1,1782864406
2026-07-01T00:09:53Z,553,4,1,19,0,0,1,1,1,1782864541
2026-07-01T00:09:53Z,554,0,0,17,2,0,1,1,1,1782864198
2026-07-01T00:09:53Z,555,9,1,0,6,0,1,1,1,1782864587
2026-07-01T00:09:53Z,556,1,0,21,1,0,1,1,1,1782864349
2026-07-01T00:09:53Z,557,0,0,23,0,0,0,1,1,1781719859
2026-07-01T00:09:53Z,558,7,4,29,1,0,1,1,1,1782864459
2026-07-01T00:09:53Z,559,1,1,17,1,0,1,1,1,1782864225
2026-07-01T00:09:53Z,560,21,0,6,0,0,1,1,1,1782864399
2026-07-01T00:09:53Z,561,6,0,15,2,0,1,1,1,1782864411
2026-07-01T00:09:53Z,562,9,2,22,4,0,1,1,1,1782864524
2026-07-01T00:09:53Z,563,14,0,0,0,0,1,1,1,1782863958
2026-07-01T00:09:53Z,564,17,1,0,2,0,1,1,1,1782864516
2026-07-01T00:09:53Z,565,4,1,15,0,0,1,1,1,1782864024
2026-07-01T00:09:53Z,566,5,0,13,1,0,1,1,1,1782864585
2026-07-01T00:09:53Z,567,19,1,6,2,0,1,1,1,1782864585
2026-07-01T00:09:53Z,568,17,1,2,0,0,1,1,1,1782861815
2026-07-01T00:09:53Z,569,16,2,2,1,0,1,1,1,1782864361
2026-07-01T00:09:53Z,570,15,0,4,0,0,1,1,1,1782864560
2026-07-01T00:09:53Z,571,15,0,7,1,0,1,1,1,1782864564
2026-07-01T00:09:53Z,572,18,0,0,1,0,1,1,1,1782864455
2026-07-01T00:09:53Z,573,15,0,0,0,0,1,1,1,1782864412
2026-07-01T00:09:53Z,574,5,2,10,0,0,1,1,1,1782864463
2026-07-01T00:09:53Z,575,6,0,15,0,0,1,1,1,1782864519
2026-07-01T00:09:53Z,576,2,1,17,0,0,1,1,1,1782863691
2026-07-01T00:09:53Z,577,24,0,6,1,0,1,1,1,1782864430
2026-07-01T00:09:53Z,578,2,2,19,2,0,1,1,1,1782864407
2026-07-01T00:09:53Z,579,41,4,2,0,0,1,1,1,1782863958
2026-07-01T00:09:53Z,580,20,2,10,1,0,1,1,1,1782864498
2026-07-01T00:09:53Z,581,12,1,7,0,0,1,1,1,1782864492
2026-07-01T00:09:53Z,582,46,2,9,6,0,1,1,1,1782864576
2026-07-01T00:09:53Z,583,22,0,1,0,0,1,1,1,1782864108
2026-07-01T00:09:53Z,584,4,1,13,2,0,1,1,1,1782864512
2026-07-01T00:09:53Z,585,12,4,14,0,0,1,1,1,1782864581
2026-07-01T00:09:53Z,586,29,0,6,0,0,1,1,1,1782864583
2026-07-01T00:09:53Z,587,22,1,2,1,0,1,1,1,1782864574
2026-07-01T00:09:53Z,588,0,0,19,0,0,1,1,1,1782860792
2026-07-01T00:09:53Z,589,11,4,12,0,0,1,1,1,1782864396
2026-07-01T00:09:53Z,590,9,0,16,3,0,1,1,1,1782862256
2026-07-01T00:09:53Z,591,6,1,15,1,0,1,1,1,1782864290
2026-07-01T00:09:53Z,592,6,0,17,0,0,1,1,1,1782864580
2026-07-01T00:09:53Z,593,4,0,34,1,0,1,1,1,1782863754
2026-07-01T00:09:53Z,594,20,3,1,0,0,1,1,1,1782864330
2026-07-01T00:09:53Z,595,0,0,3,0,0,0,1,1,1779985765
2026-07-01T00:09:53Z,605,0,0,3,0,0,0,1,1,1780413752
2026-07-01T00:09:53Z,606,0,0,3,0,0,0,1,1,1781723852
2026-07-01T00:09:53Z,607,27,3,5,1,0,1,1,1,1782864184
2026-07-01T00:09:53Z,608,3,1,49,2,0,1,1,1,1782864561
2026-07-01T00:09:53Z,609,5,3,18,0,0,1,1,1,1782864329
2026-07-01T00:09:53Z,610,7,0,28,0,0,1,1,1,1782864354
2026-07-01T00:09:53Z,611,25,0,2,0,0,1,1,1,1782864576
2026-07-01T00:09:53Z,612,10,0,4,1,0,1,1,1,1782863005
2026-07-01T00:09:53Z,613,9,2,5,1,0,1,1,1,1782858065
2026-07-01T00:09:53Z,614,0,0,22,3,1,1,1,1,1782864222
2026-07-01T00:09:53Z,617,7,1,7,1,0,1,1,1,1782863867
2026-07-01T00:09:53Z,618,8,1,8,3,0,1,1,1,1782864438
2026-07-01T00:09:53Z,619,7,3,8,4,0,1,1,1,1782864547
2026-07-01T00:09:53Z,620,1,1,22,0,0,1,1,1,1782864433
2026-07-01T00:09:53Z,621,5,2,15,3,0,1,1,1,1782864533
2026-07-01T00:09:53Z,622,6,1,17,0,0,1,1,1,1782863994
2026-07-01T00:09:53Z,623,3,0,25,1,1,1,1,1,1782864390
2026-07-01T00:09:53Z,624,8,2,2,4,1,1,1,1,1782863703
2026-07-01T00:09:53Z,625,7,1,13,1,0,1,1,1,1782864226
2026-07-01T00:09:53Z,626,40,2,4,0,2,1,1,1,1782864572
2026-07-01T00:09:53Z,627,3,1,16,0,0,1,1,1,1782863246
2026-07-01T00:09:53Z,628,8,3,10,0,1,1,1,1,1782864494
2026-07-01T00:09:53Z,629,7,1,2,2,0,1,1,1,1782863769
2026-07-01T00:09:53Z,630,17,0,6,4,0,1,1,1,1782864533
2026-07-01T00:09:53Z,631,0,0,23,0,0,1,1,1,1782863964
2026-07-01T00:09:53Z,632,1,0,20,1,0,1,1,1,1782862397
2026-07-01T00:09:53Z,633,5,0,7,2,1,1,1,1,1782860426
2026-07-01T00:09:53Z,634,9,1,9,1,0,1,1,1,1782864555
2026-07-01T00:09:53Z,635,8,0,7,3,1,1,1,1,1782864570
2026-07-01T00:09:53Z,636,8,1,6,1,0,1,1,1,1782862777
2026-07-01T00:09:53Z,637,6,0,11,2,0,1,1,1,1782864306
2026-07-01T00:09:53Z,638,14,6,4,1,0,1,1,1,1782863329
2026-07-01T00:09:53Z,639,0,0,0,3,16,0,1,1,1782287204
2026-07-01T00:09:53Z,640,0,0,23,0,0,1,1,1,1782863847
2026-07-01T00:09:53Z,641,20,0,7,0,0,1,1,1,1782864415
2026-07-01T00:09:53Z,642,5,2,12,2,0,1,1,1,1782864492
2026-07-01T00:09:53Z,643,1,0,25,1,0,1,1,1,1782864546
2026-07-01T00:09:53Z,644,1,0,12,1,1,1,1,1,1782864387
2026-07-01T00:09:53Z,645,13,0,9,0,1,1,1,1,1782864420
2026-07-01T00:09:53Z,646,15,2,3,1,0,1,1,1,1782864439
2026-07-01T00:09:53Z,647,0,0,31,0,0,1,1,1,1782863047
2026-07-01T00:09:53Z,648,15,0,3,1,0,1,1,1,1782863571
2026-07-01T00:09:53Z,649,0,0,31,0,0,1,1,1,1782858481
2026-07-01T00:09:53Z,650,14,4,1,1,0,1,1,1,1782864557
2026-07-01T00:09:53Z,651,2,1,20,1,0,1,1,1,1782863896
2026-07-01T00:09:53Z,652,1,1,20,2,0,1,1,1,1782864476
2026-07-01T00:09:53Z,653,1,0,14,4,0,1,1,1,1782864480
2026-07-01T00:09:53Z,654,0,0,15,0,0,1,1,1,1782864427
2026-07-01T00:09:53Z,655,5,4,10,0,0,1,1,1,1782862161
2026-07-01T00:09:53Z,656,15,6,2,2,0,1,1,1,1782864562
2026-07-01T00:09:53Z,657,6,3,8,3,0,1,1,1,1782862294
2026-07-01T00:09:53Z,658,12,0,7,3,1,1,1,1,1782864281
2026-07-01T00:09:53Z,659,5,5,10,0,0,1,1,1,1782861783
2026-07-01T00:09:53Z,660,17,0,13,1,0,1,1,1,1782864401
2026-07-01T00:09:53Z,661,0,0,19,0,0,1,1,1,1782864358
2026-07-01T00:09:53Z,662,11,7,11,1,0,1,1,1,1782864514
2026-07-01T00:09:53Z,663,5,1,9,0,0,1,1,1,1782863727
2026-07-01T00:09:53Z,664,14,0,12,1,0,1,1,1,1782864149
2026-07-01T00:09:53Z,665,11,4,4,0,0,1,1,1,1782864558
2026-07-01T00:09:53Z,666,13,4,2,0,0,1,1,1,1782862353
2026-07-01T00:09:53Z,667,11,0,3,3,0,1,1,1,1782864493
2026-07-01T00:09:53Z,668,7,2,10,2,0,1,1,1,1782864563
2026-07-01T00:09:53Z,669,11,1,0,3,0,1,1,1,1782862970
2026-07-01T00:09:53Z,670,14,0,12,1,0,1,1,1,1782864586
2026-07-01T00:09:53Z,671,24,0,2,1,0,1,1,1,1782863989
2026-07-01T00:09:53Z,672,13,2,5,5,0,1,1,1,1782864214
2026-07-01T00:09:53Z,673,18,1,3,1,0,1,1,1,1782864335
2026-07-01T00:09:53Z,674,0,0,21,2,0,1,1,1,1782864380
2026-07-01T00:09:53Z,675,1,1,11,2,1,1,1,1,1782864529
2026-07-01T00:09:53Z,676,20,0,1,2,0,1,1,1,1782864538
2026-07-01T00:09:53Z,681,0,0,12,3,0,1,1,1,1782863381
2026-07-01T00:09:53Z,682,8,5,9,2,0,1,1,1,1782863987
2026-07-01T00:09:53Z,683,7,0,11,1,0,1,1,1,1782848003
2026-07-01T00:09:53Z,684,15,0,11,1,0,1,1,1,1782847517
2026-07-01T00:09:53Z,685,2,2,24,0,1,1,1,1,1782857200
2026-07-01T00:09:53Z,686,11,3,13,2,1,1,1,1,1782864546
2026-07-01T00:09:53Z,687,11,4,18,1,1,1,1,1,1782855757
2026-07-01T00:09:53Z,688,13,0,5,1,0,1,1,1,1782862662
2026-07-01T00:09:53Z,692,13,13,8,0,0,1,1,1,1782864112
2026-07-01T00:09:53Z,693,2,2,9,0,0,1,1,1,1782863891
2026-07-01T00:09:53Z,694,5,0,15,1,0,1,1,1,1782863166
2026-07-01T00:09:53Z,695,19,0,3,1,0,1,1,1,1782863260
2026-07-01T00:09:53Z,696,21,10,0,2,0,1,1,1,1782864452
2026-07-01T00:09:53Z,697,5,0,15,3,0,1,1,1,1782864435
2026-07-01T00:09:53Z,698,23,1,2,2,0,1,1,1,1782864554
2026-07-01T00:09:53Z,699,11,1,3,1,0,1,1,1,1782863669
2026-07-01T00:09:53Z,700,9,0,8,2,0,1,1,1,1782863825
2026-07-01T00:09:53Z,701,1,1,18,0,0,1,1,1,1782864454
2026-07-01T00:09:53Z,702,2,1,19,3,0,1,1,1,1782864517
2026-07-01T00:09:53Z,703,14,2,4,5,0,1,1,1,1782864540
2026-07-01T00:09:53Z,704,12,0,1,2,0,1,1,1,1782862944
2026-07-01T00:09:53Z,705,1,1,13,1,0,1,1,1,1782863567
2026-07-01T00:09:53Z,706,3,1,11,1,0,1,1,1,1782864329
2026-07-01T00:09:53Z,707,13,1,2,0,0,1,1,1,1782864014
2026-07-01T00:09:53Z,708,19,0,0,0,0,1,1,1,1782863584
2026-07-01T00:09:53Z,709,2,1,12,1,0,1,1,1,1782863331
2026-07-01T00:09:53Z,710,19,3,0,0,0,1,1,1,1782862967
2026-07-01T00:09:53Z,711,10,0,2,7,0,1,1,1,1782864200
2026-07-01T00:09:53Z,712,12,2,3,0,0,1,1,1,1782863952
2026-07-01T00:09:53Z,713,3,1,20,0,0,1,1,1,1782864426
2026-07-01T00:09:53Z,716,0,0,15,0,0,1,1,1,1782863292
2026-07-01T00:09:53Z,717,10,1,12,3,0,1,1,1,1782864479
2026-07-01T00:09:53Z,718,2,0,13,0,0,1,1,1,1782863814
2026-07-01T00:09:53Z,719,11,2,18,0,0,1,1,1,1782863726
2026-07-01T00:09:53Z,720,2,1,16,1,0,1,1,1,1782863420
2026-07-01T00:09:53Z,721,14,1,9,0,0,1,1,1,1782863725
2026-07-01T00:09:53Z,722,12,3,3,0,0,1,1,1,1782864311
2026-07-01T00:09:53Z,723,0,0,22,1,0,1,1,1,1782863711
2026-07-01T00:09:53Z,724,3,1,20,0,0,1,1,1,1782864522
2026-07-01T00:09:53Z,725,21,5,2,0,0,1,1,1,1782864559
2026-07-01T00:09:53Z,726,5,0,13,1,0,1,1,1,1782864562
2026-07-01T00:09:53Z,727,2,0,21,0,0,1,1,1,1782863205
2026-07-01T00:09:53Z,728,2,0,9,4,0,1,1,1,1782863273
2026-07-01T00:09:53Z,729,14,1,3,2,0,1,1,1,1782863875
2026-07-01T00:09:53Z,730,8,3,7,0,0,1,1,1,1782863943
2026-07-01T00:09:53Z,731,6,3,9,0,0,1,1,1,1782863886
2026-07-01T00:09:53Z,732,13,4,2,0,0,1,1,1,1782864402
2026-07-01T00:09:53Z,733,25,1,0,2,0,1,1,1,1782864471
2026-07-01T00:09:53Z,734,0,0,14,0,0,1,1,1,1782864330
2026-07-01T00:09:53Z,735,4,3,15,0,0,1,1,1,1782864148
2026-07-01T00:09:53Z,736,1,0,17,1,0,1,1,1,1782864314
2026-07-01T00:09:53Z,737,5,4,9,1,0,1,1,1,1782864185
2026-07-01T00:09:53Z,738,4,4,13,2,0,1,1,1,1782864271
2026-07-01T00:09:53Z,739,3,1,23,1,0,1,1,1,1782864581
2026-07-01T00:09:53Z,741,7,3,16,0,0,1,1,1,1782862860
2026-07-01T00:09:53Z,742,20,5,18,1,0,1,1,1,1782864479
2026-07-01T00:09:53Z,743,9,0,10,0,0,1,1,1,1782864059
2026-07-01T00:09:53Z,744,4,2,11,0,0,1,1,1,1782863453
2026-07-01T00:09:53Z,745,10,0,9,0,0,1,1,1,1782864484
2026-07-01T00:09:53Z,746,3,0,20,0,0,1,1,1,1782864550
2026-07-01T00:09:53Z,747,8,0,11,0,0,1,1,1,1782864460
2026-07-01T00:09:53Z,748,10,3,13,0,0,1,1,1,1782864138
2026-07-01T00:09:53Z,749,0,0,23,0,0,1,1,1,1782863511
2026-07-01T00:09:53Z,750,5,1,6,0,0,1,1,1,1782864342
2026-07-01T00:09:53Z,751,2,2,20,1,0,1,1,1,1782864556
2026-07-01T00:09:53Z,752,2,1,13,2,0,1,1,1,1782864121
2026-07-01T00:09:53Z,753,11,1,3,1,0,1,1,1,1782864388
2026-07-01T00:09:53Z,754,9,2,6,0,0,1,1,1,1782863301
2026-07-01T00:09:53Z,755,1,1,15,2,0,1,1,1,1782863252
2026-07-01T00:09:53Z,756,17,0,19,1,0,1,1,1,1782864459
2026-07-01T00:09:53Z,757,0,0,18,1,0,1,1,1,1782864148
2026-07-01T00:09:53Z,758,1,0,21,1,0,1,1,1,1782864580
2026-07-01T00:09:53Z,759,9,4,6,0,0,1,1,1,1782864523
2026-07-01T00:09:53Z,760,4,2,14,1,0,1,1,1,1782851769
2026-07-01T00:09:53Z,761,6,4,15,2,0,1,1,1,1782863443
2026-07-01T00:09:53Z,762,13,3,1,1,0,1,1,1,1782863798
2026-07-01T00:09:53Z,768,2,0,15,2,0,1,1,1,1782863257
2026-07-01T00:09:53Z,769,14,3,5,0,0,1,1,1,1782864443
2026-07-01T00:09:53Z,770,6,3,13,0,0,1,1,1,1782863708
2026-07-01T00:09:53Z,771,9,1,6,0,0,1,1,1,1782863134
2026-07-01T00:09:53Z,772,1,1,14,0,0,1,1,1,1782863065
2026-07-01T00:09:53Z,773,11,0,6,2,0,1,1,1,1782863785
2026-07-01T00:09:53Z,774,3,2,9,3,0,1,1,1,1782863914
2026-07-01T00:09:53Z,775,7,1,9,3,0,1,1,1,1782862391
2026-07-01T00:09:53Z,776,5,1,15,1,0,1,1,1,1782864023
2026-07-01T00:09:53Z,777,6,0,6,3,0,1,1,1,1782864305
2026-07-01T00:09:53Z,778,14,1,2,3,0,1,1,1,1782863596
2026-07-01T00:09:53Z,779,5,0,12,2,0,1,1,1,1782864440
2026-07-01T00:09:53Z,780,4,0,12,2,1,1,1,1,1782864544
2026-07-01T00:09:53Z,781,3,0,7,1,0,1,1,1,1782856963
2026-07-01T00:09:53Z,782,4,2,14,1,0,1,1,1,1782863995
2026-07-01T00:09:53Z,783,12,2,2,5,0,1,1,1,1782857125
2026-07-01T00:09:53Z,784,4,0,14,1,0,1,1,1,1782864490
2026-07-01T00:09:53Z,785,17,0,2,0,0,1,1,1,1782864363
2026-07-01T00:09:53Z,786,2,0,15,2,0,1,1,1,1782863394
2026-07-01T00:09:53Z,787,0,0,15,0,0,1,1,1,1782862819
2026-07-01T00:09:53Z,788,4,0,11,0,0,1,1,1,1782862923
2026-07-01T00:09:53Z,789,12,2,2,1,0,1,1,1,1782864000
2026-07-01T00:09:53Z,790,6,0,17,0,0,1,1,1,1782863255
2026-07-01T00:09:53Z,791,5,2,13,1,0,1,1,1,1782863927
2026-07-01T00:09:53Z,793,10,0,5,0,0,1,1,1,1782863157
2026-07-01T00:09:53Z,794,9,2,18,2,0,1,1,1,1782863623
2026-07-01T00:09:53Z,796,6,4,12,1,0,1,1,1,1782863292
2026-07-01T00:09:53Z,797,15,4,0,0,0,1,1,1,1782863537
2026-07-01T00:09:53Z,798,12,2,10,3,0,1,1,1,1782863918
2026-07-01T00:09:53Z,799,2,1,15,2,0,1,1,1,1782864540
2026-07-01T00:09:53Z,800,11,0,9,1,0,1,1,1,1782864234
2026-07-01T00:09:53Z,801,0,0,18,3,0,1,1,1,1782863581
2026-07-01T00:09:53Z,802,4,0,26,1,0,1,1,1,1782864091
2026-07-01T00:09:53Z,803,3,1,12,0,0,1,1,1,1782863288
2026-07-01T00:09:53Z,806,10,6,2,3,0,1,1,1,1782864164
2026-07-01T00:09:53Z,807,1,1,21,3,0,1,1,1,1782864334
2026-07-01T00:09:53Z,808,0,0,24,1,0,1,1,1,1782863017
2026-07-01T00:09:53Z,809,2,1,21,0,0,1,1,1,1782864338
2026-07-01T00:09:53Z,810,4,4,15,0,0,1,1,1,1782863080
2026-07-01T00:09:53Z,815,12,3,3,0,0,1,1,1,1782864555
2026-07-01T00:09:53Z,817,5,1,4,6,0,1,1,1,1782864400
2026-07-01T00:09:53Z,818,1,0,22,0,0,1,1,1,1782864337
2026-07-01T00:09:53Z,819,2,0,11,2,0,1,1,1,1782863093
2026-07-01T00:09:53Z,820,10,4,6,1,0,1,1,1,1782864573
2026-07-01T00:09:53Z,821,6,1,9,0,0,1,1,1,1782862948
2026-07-01T00:09:53Z,822,19,2,1,3,0,1,1,1,1782864272
2026-07-01T00:09:53Z,823,14,1,0,1,0,1,1,1,1782864499
2026-07-01T00:09:53Z,824,10,10,6,3,0,1,1,1,1782864438
2026-07-01T00:09:53Z,825,8,0,7,0,0,1,1,1,1782860242
2026-07-01T00:09:53Z,826,12,1,7,0,0,1,1,1,1782863567
2026-07-01T00:09:53Z,827,4,0,16,1,0,1,1,1,1782863964
2026-07-01T00:09:53Z,828,1,1,16,1,0,1,1,1,1782862883
2026-07-01T00:09:53Z,829,3,0,23,1,0,1,1,1,1782862126
2026-07-01T00:09:53Z,830,9,3,12,2,0,1,1,1,1782864458
2026-07-01T00:09:53Z,831,7,1,2,6,0,1,1,1,1782864053
2026-07-01T00:09:53Z,832,8,6,9,1,0,1,1,1,1782863902
2026-07-01T00:09:53Z,833,8,0,10,1,0,1,1,1,1782863363
2026-07-01T00:09:53Z,834,9,6,15,0,0,1,1,1,1782864587
2026-07-01T00:09:53Z,835,4,0,14,0,0,1,1,1,1782864226
2026-07-01T00:09:53Z,837,3,3,6,6,0,1,1,1,1782863029
2026-07-01T00:09:53Z,838,10,2,2,3,0,1,1,1,1782864366
2026-07-01T00:09:53Z,839,11,4,18,0,0,1,1,1,1782864549
2026-07-01T00:09:53Z,840,2,0,27,0,0,1,1,1,1782864488
2026-07-01T00:09:53Z,841,1,1,11,3,0,1,1,1,1782862913
2026-07-01T00:09:53Z,842,5,3,17,0,1,1,1,1,1782863672
2026-07-01T00:09:53Z,843,4,0,27,0,0,1,1,1,1782864473
2026-07-01T00:09:53Z,844,5,3,17,1,0,1,1,1,1782864401
2026-07-01T00:09:53Z,845,2,1,17,0,0,1,1,1,1782863899
2026-07-01T00:09:53Z,846,8,2,9,1,1,1,1,1,1782863383
2026-07-01T00:09:53Z,847,2,0,25,0,0,1,1,1,1782863820
2026-07-01T00:09:53Z,848,0,0,19,0,0,1,1,1,1782864422
2026-07-01T00:09:53Z,849,12,4,0,3,0,1,1,1,1782864587
2026-07-01T00:09:53Z,850,3,1,8,0,0,1,1,1,1782864526
2026-07-01T00:09:53Z,851,1,1,33,3,0,1,1,1,1782863837
2026-07-01T00:09:53Z,852,2,2,16,1,0,1,1,1,1782864039
2026-07-01T00:09:53Z,853,5,0,16,2,0,1,1,1,1782864192
2026-07-01T00:09:53Z,854,6,4,9,0,0,1,1,1,1782862648
2026-07-01T00:09:53Z,855,19,2,7,1,0,1,1,1,1782864586
2026-07-01T00:09:53Z,857,4,2,12,3,0,1,1,1,1782864290
2026-07-01T00:09:53Z,858,1,0,17,1,0,1,1,1,1782862716
2026-07-01T00:09:53Z,859,3,0,18,0,0,1,1,1,1782863553
2026-07-01T00:09:53Z,861,5,0,6,0,0,1,1,1,1782864159
2026-07-01T00:09:53Z,862,8,2,7,0,0,1,1,1,1782863499
2026-07-01T00:09:53Z,863,13,1,6,0,0,1,1,1,1782863648
2026-07-01T00:09:53Z,866,9,1,10,0,0,1,1,1,1782864073
2026-07-01T00:09:53Z,867,9,2,6,0,0,1,1,1,1782862837
2026-07-01T00:09:53Z,868,10,3,5,0,0,1,1,1,1782863068
2026-07-01T00:09:53Z,870,8,6,6,1,0,1,1,1,1782862954
2026-07-01T00:09:53Z,871,3,0,8,0,0,1,1,1,1782862802
2026-07-01T00:09:53Z,872,7,0,8,0,0,1,1,1,1782863205
2026-07-01T00:09:53Z,873,1,1,29,3,0,1,1,1,1782863509
2026-07-01T00:09:53Z,874,6,0,8,1,0,1,1,1,1782863850
2026-07-01T00:09:53Z,875,6,3,8,1,0,1,1,1,1782864138
2026-07-01T00:09:53Z,877,4,2,15,0,0,1,1,1,1782864377
2026-07-01T00:09:53Z,878,1,0,18,0,0,1,1,1,1782864193
2026-07-01T00:09:53Z,879,2,0,17,0,0,1,1,1,1782863937
2026-07-01T00:09:53Z,880,8,1,15,0,0,1,1,1,1782864386
2026-07-01T00:09:53Z,881,8,0,7,4,0,1,1,1,1782864561
2026-07-01T00:09:53Z,882,12,6,7,0,0,1,1,1,1782863083
2026-07-01T00:09:53Z,883,8,5,10,1,0,1,1,1,1782863667
2026-07-01T00:09:53Z,884,9,4,12,0,0,1,1,1,1782831178
2026-07-01T00:09:53Z,885,6,2,13,0,0,1,1,1,1782864351
2026-07-01T00:09:53Z,886,5,2,23,1,0,1,1,1,1782863699
2026-07-01T00:09:53Z,887,8,0,8,1,0,1,1,1,1782864583
2026-07-01T00:09:53Z,888,35,1,5,1,0,1,1,1,1782864544
2026-07-01T00:09:53Z,889,17,0,2,0,0,1,1,1,1782864367
2026-07-01T00:09:53Z,890,11,3,4,0,0,1,1,1,1782857471
2026-07-01T00:09:53Z,891,16,5,5,2,0,1,1,1,1782864124
2026-07-01T00:09:53Z,892,10,1,5,0,0,1,1,1,1782862515
2026-07-01T00:09:53Z,895,8,0,11,0,0,1,1,1,1782864311
2026-07-01T00:09:53Z,896,8,1,27,0,0,1,1,1,1782864008
2026-07-01T00:09:53Z,897,9,0,11,1,0,1,1,1,1782863621
2026-07-01T00:09:53Z,898,10,2,9,0,0,1,1,1,1782864099
2026-07-01T00:09:53Z,899,11,1,8,0,0,1,1,1,1782864446
2026-07-01T00:09:53Z,900,15,3,10,2,0,1,1,1,1782864525
2026-07-01T00:09:53Z,901,6,3,13,0,0,1,1,1,1782864285
2026-07-01T00:09:53Z,902,6,1,9,0,0,1,1,1,1782864403
2026-07-01T00:09:53Z,903,11,0,8,0,0,1,1,1,1782863866
2026-07-01T00:09:53Z,904,14,3,4,1,0,1,1,1,1782864465
2026-07-01T00:09:53Z,905,1,1,26,0,0,1,1,1,1782864001
2026-07-01T00:09:53Z,906,3,3,23,1,0,1,1,1,1782863768
2026-07-01T00:09:53Z,907,13,0,18,0,0,1,1,1,1782864519
2026-07-01T00:09:53Z,908,16,4,6,1,0,1,1,1,1782864125
2026-07-01T00:09:53Z,909,10,1,13,0,0,1,1,1,1782864552
2026-07-01T00:09:53Z,910,9,0,22,0,0,1,1,1,1782864312
2026-07-01T00:09:53Z,911,11,4,7,1,0,1,1,1,1782863946
2026-07-01T00:09:53Z,912,1,1,20,2,0,1,1,1,1782864342
2026-07-01T00:09:53Z,913,3,2,15,1,0,1,1,1,1782861493
2026-07-01T00:09:53Z,914,12,1,6,1,0,1,1,1,1782864524
2026-07-01T00:09:53Z,915,5,4,15,3,0,1,1,1,1782864473
2026-07-01T00:09:53Z,916,7,2,15,1,0,1,1,1,1782864576
2026-07-01T00:09:53Z,917,5,0,30,0,0,1,1,1,1782864519
2026-07-01T00:09:53Z,918,4,0,14,1,0,1,1,1,1782864414
2026-07-01T00:09:53Z,919,21,1,18,0,0,1,1,1,1782864581
2026-07-01T00:09:53Z,920,3,1,15,1,0,1,1,1,1782863835
2026-07-01T00:09:53Z,921,12,0,9,0,0,1,1,1,1782864378
2026-07-01T00:09:53Z,922,7,0,13,1,0,1,1,1,1782864534
2026-07-01T00:09:53Z,923,2,1,16,1,0,1,1,1,1782863167
2026-07-01T00:09:53Z,924,11,0,10,0,0,1,1,1,1782863565
2026-07-01T00:09:53Z,925,9,1,11,1,0,1,1,1,1782864008
2026-07-01T00:09:53Z,926,9,1,12,0,0,1,1,1,1782863912
2026-07-01T00:09:53Z,927,6,0,29,0,0,1,1,1,1782864201
2026-07-01T00:09:53Z,928,2,0,17,0,0,1,1,1,1782864341
2026-07-01T00:09:53Z,929,1,0,22,0,0,1,1,1,1782864090
2026-07-01T00:09:53Z,930,23,1,8,0,0,1,1,1,1782864562
2026-07-01T00:09:53Z,931,0,0,23,0,0,1,1,1,1782864007
2026-07-01T00:09:53Z,932,9,0,10,0,0,1,1,1,1782864584
2026-07-01T00:09:53Z,933,21,2,1,1,0,1,1,1,1782864462
2026-07-01T00:09:53Z,934,2,0,29,0,0,1,1,1,1782864438
2026-07-01T00:09:53Z,935,17,1,1,1,0,1,1,1,1782864522
2026-07-01T00:09:53Z,936,1,0,18,0,0,1,1,1,1782864242
2026-07-01T00:09:53Z,940,3,0,7,1,0,1,1,1,1782864348
2026-07-01T00:09:53Z,941,13,0,12,0,0,1,1,1,1782864407
2026-07-01T00:09:53Z,942,2,1,18,1,0,1,1,1,1782864388
2026-07-01T00:09:53Z,943,5,5,9,1,0,1,1,1,1782862923
2026-07-01T00:09:53Z,944,4,4,10,1,0,1,1,1,1782816034
2026-07-01T00:09:53Z,945,3,0,12,0,0,1,1,1,1782863000
2026-07-01T00:09:53Z,946,14,10,5,0,0,1,1,1,1782864548
2026-07-01T00:09:53Z,947,6,6,11,0,0,1,1,1,1782863845
2026-07-01T00:09:53Z,948,0,0,31,0,0,1,1,1,1782863987
2026-07-01T00:09:53Z,949,2,0,13,0,0,1,1,1,1782864528
2026-07-01T00:09:53Z,950,7,3,8,2,0,1,1,1,1782863985
2026-07-01T00:09:53Z,951,6,1,16,1,0,1,1,1,1782864050
2026-07-01T00:09:53Z,952,11,2,42,2,0,1,1,1,1782864172
2026-07-01T00:09:53Z,953,11,0,2,2,0,1,1,1,1782863761
2026-07-01T00:09:53Z,954,10,1,6,3,0,1,1,1,1782864211
2026-07-01T00:09:53Z,955,0,0,21,6,0,1,1,1,1782864191
2026-07-01T00:09:53Z,956,8,0,9,2,0,1,1,1,1782864510
2026-07-01T00:09:53Z,957,24,1,5,0,0,1,1,1,1782864577
2026-07-01T00:09:53Z,958,30,1,1,0,0,1,1,1,1782864265
2026-07-01T00:09:53Z,959,11,7,9,3,0,1,1,1,1782864115
2026-07-01T00:09:53Z,960,7,4,14,2,0,1,1,1,1782864452
2026-07-01T00:09:53Z,961,1,0,21,1,0,1,1,1,1782863553
2026-07-01T00:09:53Z,962,0,0,26,9,0,1,1,1,1782864577
2026-07-01T00:09:53Z,963,22,0,0,1,0,1,1,1,1782864261
2026-07-01T00:09:53Z,964,19,9,4,0,0,1,1,1,1782864299
2026-07-01T00:09:53Z,965,3,1,23,1,0,1,1,1,1782864026
2026-07-01T00:09:53Z,966,29,8,1,1,0,1,1,1,1782864570
2026-07-01T00:09:53Z,967,5,0,13,3,0,1,1,1,1782864578
2026-07-01T00:09:53Z,968,19,0,0,0,0,1,1,1,1782864139
2026-07-01T00:09:53Z,969,13,3,13,1,0,1,1,1,1782864497
2026-07-01T00:09:53Z,970,12,7,6,1,0,1,1,1,1782864575
2026-07-01T00:09:53Z,971,19,1,4,0,0,1,1,1,1782864582
2026-07-01T00:09:53Z,972,16,4,7,0,0,1,1,1,1782863472
2026-07-01T00:09:53Z,973,6,6,15,2,0,1,1,1,1782864561
2026-07-01T00:09:53Z,974,11,0,15,1,0,1,1,1,1782864401
2026-07-01T00:09:53Z,977,11,1,10,0,0,1,1,1,1782864081
2026-07-01T00:09:53Z,978,4,0,19,0,0,1,1,1,1782864392
2026-07-01T00:09:53Z,979,0,0,14,3,0,1,1,1,1782864363
2026-07-01T00:09:53Z,980,5,0,16,0,0,1,1,1,1782864506
2026-07-01T00:09:53Z,981,17,0,3,1,0,1,1,1,1782864308
2026-07-01T00:09:53Z,982,11,3,8,0,0,1,1,1,1782864280
2026-07-01T00:09:53Z,983,0,0,23,0,0,1,1,1,1782863324
2026-07-01T00:09:53Z,984,19,11,4,0,0,1,1,1,1782864502
2026-07-01T00:09:53Z,985,8,0,21,2,0,1,1,1,1782864388
2026-07-01T00:09:53Z,986,9,5,8,2,0,1,1,1,1782864449
2026-07-01T00:09:53Z,987,8,2,15,0,0,1,1,1,1782864341
2026-07-01T00:09:53Z,988,11,3,7,1,0,1,1,1,1782863967
2026-07-01T00:09:53Z,989,13,8,6,0,0,1,1,1,1782864559
2026-07-01T00:09:53Z,990,10,0,2,3,0,1,1,1,1782862842
2026-07-01T00:09:53Z,991,12,5,5,2,0,1,1,1,1782864085
2026-07-01T00:09:53Z,992,6,3,17,0,0,1,1,1,1782863652
2026-07-01T00:09:53Z,993,0,0,25,2,0,1,1,1,1782863809
2026-07-01T00:09:53Z,994,13,4,6,2,0,1,1,1,1782864501
2026-07-01T00:09:53Z,995,3,1,24,0,0,1,1,1,1782864135
2026-07-01T00:09:53Z,996,8,1,15,0,0,1,1,1,1782864185
2026-07-01T00:09:53Z,997,15,5,7,1,0,1,1,1,1782863669
2026-07-01T00:09:53Z,998,6,1,17,0,0,1,1,1,1782864110
2026-07-01T00:09:53Z,999,15,1,4,1,1,1,1,1,1782863680
2026-07-01T00:09:53Z,1000,12,1,9,0,0,1,1,1,1782864285
2026-07-01T00:09:53Z,1001,3,2,23,1,0,1,1,1,1782864153
2026-07-01T00:09:53Z,1002,9,1,20,2,0,1,1,1,1782864434
2026-07-01T00:09:53Z,1003,0,0,22,1,0,1,1,1,1782862956
2026-07-01T00:09:53Z,1004,10,0,12,1,0,1,1,1,1782864547
2026-07-01T00:09:53Z,1005,19,4,3,1,0,1,1,1,1782863688
2026-07-01T00:09:53Z,1006,12,1,6,1,0,1,1,1,1782862864
2026-07-01T00:09:53Z,1007,2,1,19,0,0,1,1,1,1782864226
2026-07-01T00:09:53Z,1008,22,4,1,0,0,1,1,1,1782863920
2026-07-01T00:09:53Z,1009,7,0,24,0,0,1,1,1,1782863052
2026-07-01T00:09:53Z,1010,18,8,8,1,0,1,1,1,1782864026
2026-07-01T00:09:53Z,1011,4,3,15,0,0,1,1,1,1782864587
2026-07-01T00:09:53Z,1012,1,0,18,4,0,1,1,1,1782864547
2026-07-01T00:09:53Z,1013,6,0,15,2,0,1,1,1,1782863613
2026-07-01T00:09:53Z,1014,18,4,5,0,0,1,1,1,1782863593
2026-07-01T00:09:53Z,1015,0,0,30,1,0,1,1,1,1782864565
2026-07-01T00:09:53Z,1016,12,0,19,0,0,1,1,1,1782863268
2026-07-01T00:09:53Z,1017,18,3,2,1,0,1,1,1,1782863790
2026-07-01T00:09:53Z,1018,15,9,5,1,0,1,1,1,1782864511
2026-07-01T00:09:53Z,1019,10,2,4,1,0,1,1,1,1782862910
2026-07-01T00:09:53Z,1020,10,0,11,0,0,1,1,1,1782863298
2026-07-01T00:09:53Z,1021,8,2,7,0,0,1,1,1,1782864461
2026-07-01T00:09:53Z,1022,9,0,18,0,0,1,1,1,1782863638
2026-07-01T00:09:53Z,1023,16,0,7,0,0,1,1,1,1782864203
2026-07-01T00:09:53Z,1024,9,3,10,0,0,1,1,1,1782864328
2026-07-01T00:09:53Z,1025,14,3,5,0,0,1,1,1,1782863953
2026-07-01T00:09:53Z,1026,6,5,24,1,0,1,1,1,1782863137
2026-07-01T00:09:53Z,1028,16,3,6,1,0,1,1,1,1782863979
2026-07-01T00:09:53Z,1029,10,5,5,0,0,1,1,1,1782863590
2026-07-01T00:09:53Z,1030,12,3,10,1,0,1,1,1,1782863770
2026-07-01T00:09:53Z,1031,1,0,18,0,0,1,1,1,1782863753
2026-07-01T00:09:53Z,1032,16,2,3,0,0,1,1,1,1782864107
2026-07-01T00:09:53Z,1033,19,9,0,0,0,1,1,1,1782863566
2026-07-01T00:09:53Z,1034,4,3,10,1,0,1,1,1,1782864561
2026-07-01T00:09:53Z,1035,7,2,12,0,0,1,1,1,1782863915
2026-07-01T00:09:53Z,1036,9,5,6,0,0,1,1,1,1782863979
2026-07-01T00:09:53Z,1037,2,1,17,0,0,1,1,1,1782864495
2026-07-01T00:09:53Z,1038,8,2,7,0,0,1,1,1,1782862901
2026-07-01T00:09:53Z,1039,3,0,15,1,0,1,1,1,1782864079
2026-07-01T00:09:53Z,1040,6,2,13,0,0,1,1,1,1782862966
2026-07-01T00:09:53Z,1041,2,0,17,0,0,1,1,1,1782864207
2026-07-01T00:09:53Z,1042,11,2,4,0,0,1,1,1,1782864468
2026-07-01T00:09:53Z,1043,7,4,11,1,0,1,1,1,1782863010
2026-07-01T00:09:53Z,1044,7,1,8,0,0,1,1,1,1782864017
2026-07-01T00:09:53Z,1045,3,1,16,0,0,1,1,1,1782863953
2026-07-01T00:09:53Z,1046,5,3,7,3,0,1,1,1,1782862940
2026-07-01T00:09:53Z,1047,2,0,19,0,0,1,1,1,1782863938
2026-07-01T00:09:53Z,1048,8,1,11,0,0,1,1,1,1782864008
2026-07-01T00:09:53Z,1049,9,0,12,0,0,1,1,1,1782864557
2026-07-01T00:09:53Z,1050,12,0,8,1,0,1,1,1,1782863003
2026-07-01T00:09:53Z,1051,16,2,5,0,0,1,1,1,1782863669
2026-07-01T00:09:53Z,1052,8,1,13,1,0,1,1,1,1782862817
2026-07-01T00:09:53Z,1053,7,1,7,1,0,1,1,1,1782863350
2026-07-01T00:09:53Z,1054,3,1,12,0,0,1,1,1,1782863296
2026-07-01T00:09:53Z,1055,13,1,6,0,0,1,1,1,1782863117
2026-07-01T00:09:53Z,1057,19,1,0,0,0,1,1,1,1782864463
2026-07-01T00:09:53Z,1058,24,3,31,1,0,1,1,1,1782864076
2026-07-01T00:09:53Z,1059,0,0,19,0,0,1,1,1,1782863298
2026-07-01T00:09:53Z,1060,15,12,22,0,0,1,1,1,1782864324
2026-07-01T00:09:53Z,1061,12,0,24,1,0,1,1,1,1782864381
2026-07-01T00:09:53Z,1062,5,0,12,0,0,1,1,1,1782864441
2026-07-01T00:09:53Z,1063,10,4,8,1,0,1,1,1,1782864182
2026-07-01T00:09:53Z,1064,11,2,12,0,0,1,1,1,1782864558
2026-07-01T00:09:53Z,1065,9,5,14,0,0,1,1,1,1782863917
2026-07-01T00:09:53Z,1066,15,3,7,1,0,1,1,1,1782864003
2026-07-01T00:09:53Z,1067,13,1,10,0,0,1,1,1,1782864117
2026-07-01T00:09:53Z,1068,11,0,11,1,0,1,1,1,1782864174
2026-07-01T00:09:53Z,1069,1,0,22,0,0,1,1,1,1782864516
2026-07-01T00:09:53Z,1070,5,2,17,1,0,1,1,1,1782863198
2026-07-01T00:09:53Z,1071,2,0,21,0,0,1,1,1,1782863464
2026-07-01T00:09:53Z,1072,11,1,11,1,0,1,1,1,1782864067
2026-07-01T00:09:53Z,1073,4,0,23,0,0,1,1,1,1782864330
2026-07-01T00:09:53Z,1074,35,3,16,2,0,1,1,1,1782864467
2026-07-01T00:09:53Z,1075,11,10,9,1,0,1,1,1,1782863792
2026-07-01T00:09:53Z,1076,9,6,11,1,0,1,1,1,1782864463
2026-07-01T00:09:53Z,1077,7,7,14,0,0,1,1,1,1782864071
2026-07-01T00:09:53Z,1078,7,6,14,0,0,1,1,1,1782864159
2026-07-01T00:09:53Z,1079,10,8,11,0,0,1,1,1,1782863930
2026-07-01T00:09:53Z,1080,11,10,10,0,0,1,1,1,1782851308
2026-07-01T00:09:53Z,1081,12,9,7,0,0,1,1,1,1782864285
2026-07-01T00:09:53Z,1082,13,11,10,0,0,1,1,1,1782863932
2026-07-01T00:09:53Z,1083,7,6,14,0,0,1,1,1,1782863718
2026-07-01T00:09:53Z,1084,11,9,10,0,0,1,1,1,1782863739
2026-07-01T00:09:53Z,1085,11,8,10,0,0,1,1,1,1782863623
2026-07-01T00:09:53Z,1086,10,7,11,0,0,1,1,1,1782863355
2026-07-01T00:09:53Z,1087,6,5,9,0,0,1,1,1,1782863702
2026-07-01T00:09:53Z,1088,12,10,3,0,0,1,1,1,1782863306
2026-07-01T00:09:53Z,1089,11,10,4,0,0,1,1,1,1782864298
2026-07-01T00:09:53Z,1090,14,11,1,0,0,1,1,1,1782864425
2026-07-01T00:09:53Z,1091,11,9,4,0,0,1,1,1,1782864579
2026-07-01T00:09:53Z,1092,11,9,4,0,0,1,1,1,1782864118
2026-07-01T00:09:53Z,1093,7,6,8,0,0,1,1,1,1782863783
2026-07-01T00:09:53Z,1094,11,8,8,0,0,1,1,1,1782863872
2026-07-01T00:09:53Z,1095,11,10,4,0,0,1,1,1,1782864416
2026-07-01T00:09:53Z,1096,2,0,17,0,0,1,1,1,1782864358
2026-07-01T00:09:53Z,1097,8,6,7,0,0,1,1,1,1782864308
2026-07-01T00:09:53Z,1098,10,6,9,0,0,1,1,1,1782864511
2026-07-01T00:09:53Z,1099,9,7,6,0,0,1,1,1,1782863784
2026-07-01T00:09:53Z,1100,10,5,19,0,0,1,1,1,1782864163
2026-07-01T00:09:53Z,1101,12,6,9,0,0,1,1,1,1782864386
2026-07-01T00:09:53Z,1102,8,3,5,0,0,1,1,1,1782863198
2026-07-01T00:09:53Z,1103,12,8,9,0,0,1,1,1,1782863849
2026-07-01T00:09:53Z,1104,10,5,11,0,0,1,1,1,1782864376
2026-07-01T00:09:53Z,1105,7,3,5,1,0,1,1,1,1782863581
2026-07-01T00:09:53Z,1106,9,4,11,1,0,1,1,1,1782863016
2026-07-01T00:09:53Z,1107,10,5,5,0,0,1,1,1,1782864207
2026-07-01T00:09:53Z,1108,4,2,21,2,0,1,1,1,1782863919
2026-07-01T00:09:53Z,1109,10,5,5,0,0,1,1,1,1782863158
2026-07-01T00:09:53Z,1110,1,1,20,0,0,1,1,1,1782864326
2026-07-01T00:09:53Z,1111,8,4,13,0,0,1,1,1,1782864553
2026-07-01T00:09:53Z,1112,51,1,2,0,0,1,1,1,1782864181
2026-07-01T00:09:53Z,1113,1,0,20,0,0,1,1,1,1782863142
2026-07-01T00:09:53Z,1115,17,2,6,0,0,1,1,1,1782863718
2026-07-01T00:09:53Z,1116,7,0,12,0,0,1,1,1,1782863818
2026-07-01T00:09:53Z,1117,5,3,17,1,0,1,1,1,1782862232
2026-07-01T00:09:53Z,1118,20,0,1,0,0,1,1,1,1782863033
2026-07-01T00:09:53Z,1119,11,2,5,1,0,1,1,1,1782864364
2026-07-01T00:09:53Z,1120,17,0,0,2,0,1,1,1,1782863978
2026-07-01T00:09:53Z,1121,14,0,6,1,0,1,1,1,1782864463
2026-07-01T00:09:53Z,1122,4,3,17,0,0,1,1,1,1782863857
2026-07-01T00:09:53Z,1123,0,0,21,2,0,1,1,1,1782864441
2026-07-01T00:09:53Z,1124,13,2,1,1,0,1,1,1,1782864489
2026-07-01T00:09:53Z,1125,10,0,13,0,0,1,1,1,1782863944
2026-07-01T00:09:53Z,1126,0,0,20,1,0,1,1,1,1782863971
2026-07-01T00:09:53Z,1127,3,0,16,0,0,1,1,1,1782864379
2026-07-01T00:09:53Z,1128,10,2,4,1,0,1,1,1,1782864394
2026-07-01T00:09:53Z,1129,19,0,0,2,0,1,1,1,1782864584
2026-07-01T00:09:53Z,1130,15,1,0,0,0,1,1,1,1782864428
2026-07-01T00:09:53Z,1131,0,0,46,3,0,1,1,1,1782863208
2026-07-01T00:09:53Z,1132,16,6,4,1,0,1,1,1,1782864560
2026-07-01T00:09:53Z,1133,0,0,21,0,0,1,1,1,1782863915
2026-07-01T00:09:53Z,1134,10,5,9,0,0,1,1,1,1782863811
2026-07-01T00:09:53Z,1135,10,5,11,0,0,1,1,1,1782864587
2026-07-01T00:09:53Z,1136,20,0,0,3,0,1,1,1,1782864318
2026-07-01T00:09:53Z,1137,11,1,3,1,0,1,1,1,1782864584
2026-07-01T00:09:53Z,1138,17,1,1,1,0,1,1,1,1782863449
2026-07-01T00:09:53Z,1139,21,0,0,0,0,1,1,1,1782864545
2026-07-01T00:09:53Z,1140,9,0,11,3,0,1,1,1,1782864009
2026-07-01T00:09:53Z,1141,0,0,18,3,0,1,1,1,1782864448
2026-07-01T00:09:53Z,1142,18,0,3,0,0,1,1,1,1782862930
2026-07-01T00:09:53Z,1143,17,0,11,1,0,1,1,1,1782864499
2026-07-01T00:09:53Z,1144,15,2,6,0,0,1,1,1,1782863863
2026-07-01T00:09:53Z,1145,6,4,15,0,0,1,1,1,1782864475
2026-07-01T00:09:53Z,1146,3,3,13,3,0,1,1,1,1782864296
2026-07-01T00:09:53Z,1147,19,0,0,0,0,1,1,1,1782863842
2026-07-01T00:09:53Z,1148,7,4,24,0,0,1,1,1,1782864578
2026-07-01T00:09:53Z,1149,4,4,21,0,0,1,1,1,1782864499
2026-07-01T00:09:53Z,1150,7,1,12,0,0,1,1,1,1782864116
2026-07-01T00:09:53Z,1151,10,1,11,0,0,1,1,1,1782864467
2026-07-01T00:09:53Z,1152,12,0,14,3,0,1,1,1,1782864143
2026-07-01T00:09:53Z,1153,22,0,1,0,0,1,1,1,1782863762
2026-07-01T00:09:53Z,1154,8,1,10,1,0,1,1,1,1782863519
2026-07-01T00:09:53Z,1155,14,4,5,2,0,1,1,1,1782864325
2026-07-01T00:09:53Z,1158,6,0,13,0,0,1,1,1,1782863946
2026-07-01T00:09:53Z,1159,6,2,13,0,0,1,1,1,1782864307
2026-07-01T00:09:53Z,1160,7,2,12,0,0,1,1,1,1782863679
2026-07-01T00:09:53Z,1161,6,3,13,0,0,1,1,1,1782864512
2026-07-01T00:09:53Z,1162,9,2,10,0,0,1,1,1,1782864292
2026-07-01T00:09:53Z,1163,2,1,17,0,0,1,1,1,1782863718
2026-07-01T00:09:53Z,1164,7,1,11,1,0,1,1,1,1782864335
2026-07-01T00:09:53Z,1165,9,2,10,2,0,1,1,1,1782863340
2026-07-01T00:09:53Z,1166,8,0,12,1,0,1,1,1,1782864517
2026-07-01T00:09:53Z,1167,8,0,7,0,0,1,1,1,1782862854
2026-07-01T00:09:53Z,1168,3,0,20,0,0,1,1,1,1782863727
2026-07-01T00:09:53Z,1169,4,3,15,0,0,1,1,1,1782863421
2026-07-01T00:09:53Z,1170,7,1,14,0,0,1,1,1,1782864447
2026-07-01T00:09:53Z,1171,7,5,16,0,0,1,1,1,1782862850
2026-07-01T00:09:53Z,1172,9,3,6,0,0,1,1,1,1782862818
2026-07-01T00:09:53Z,1173,2,0,17,0,0,1,1,1,1782862873
2026-07-01T00:09:53Z,1174,5,1,10,0,0,1,1,1,1782864546
2026-07-01T00:09:53Z,1175,3,2,16,0,0,1,1,1,1782863849
2026-07-01T00:09:53Z,1176,12,3,9,0,0,1,1,1,1782862023
2026-07-01T00:09:53Z,1177,12,4,9,0,0,1,1,1,1782863713
2026-07-01T00:09:53Z,1178,0,0,15,0,0,1,1,1,1782863676
2026-07-01T00:09:53Z,1181,13,0,2,0,0,1,1,1,1782864442
2026-07-01T00:09:53Z,1182,3,2,15,2,0,1,1,1,1782864317
2026-07-01T00:09:53Z,1183,0,0,36,1,0,1,1,1,1782864587
2026-07-01T00:09:53Z,1184,2,0,18,1,0,1,1,1,1782864523
2026-07-01T00:09:53Z,1185,10,5,11,0,0,1,1,1,1782864448
2026-07-01T00:09:53Z,1186,10,5,9,0,0,1,1,1,1782864130
2026-07-01T00:09:53Z,1190,10,6,11,0,0,1,1,1,1782862975
2026-07-01T00:09:53Z,1192,11,6,10,0,0,1,1,1,1782862939
2026-07-01T00:09:53Z,1193,7,1,5,1,0,1,1,1,1782863542
2026-07-01T00:09:53Z,1197,10,5,6,1,0,1,1,1,1782864556
2026-07-01T00:09:53Z,1198,9,6,11,1,0,1,1,1,1782864258
2026-07-01T00:09:53Z,1199,8,6,11,0,0,1,1,1,1782863733
2026-07-01T00:09:53Z,1200,10,5,5,0,0,1,1,1,1782864418
2026-07-01T00:09:53Z,1201,8,3,6,1,0,1,1,1,1782863873
2026-07-01T00:09:53Z,1202,10,5,5,0,0,1,1,1,1782864406
2026-07-01T00:09:53Z,1203,11,5,4,0,0,1,1,1,1782864399
2026-07-01T00:09:53Z,1218,0,0,21,0,0,1,1,1,1782863063
2026-07-01T00:09:53Z,1224,0,0,3,0,0,0,1,1,1781869449
2026-07-01T00:09:53Z,1225,0,0,3,0,0,0,1,1,1781868919
2026-07-01T00:09:53Z,1226,0,0,3,0,0,0,1,1,1781868931
