snapshot_utc,station_id,num_bikes_available,num_ebikes_available,num_docks_available,num_bikes_disabled,num_docks_disabled,is_installed,is_renting,is_returning,last_reported
2026-07-08T00:09:24Z,1,0,0,23,0,0,1,1,1,1783467835
2026-07-08T00:09:24Z,2,8,0,18,1,0,1,1,1,1783469345
2026-07-08T00:09:24Z,3,9,0,8,1,0,1,1,1,1783469080
2026-07-08T00:09:24Z,4,2,0,21,0,0,1,1,1,1783469060
2026-07-08T00:09:24Z,5,8,6,11,4,0,1,1,1,1783469153
2026-07-08T00:09:24Z,6,7,1,8,0,0,1,1,1,1783469233
2026-07-08T00:09:24Z,7,21,0,2,0,0,1,1,1,1783469313
2026-07-08T00:09:24Z,8,43,2,0,0,0,1,1,1,1783468551
2026-07-08T00:09:24Z,9,1,0,21,1,0,1,1,1,1783468868
2026-07-08T00:09:24Z,10,7,2,16,0,0,1,1,1,1783468042
2026-07-08T00:09:24Z,11,0,0,19,0,0,1,1,1,1783468438
2026-07-08T00:09:24Z,12,5,0,18,0,0,1,1,1,1783468625
2026-07-08T00:09:24Z,13,29,1,1,0,0,1,1,1,1783468966
2026-07-08T00:09:24Z,14,40,0,3,0,0,1,1,1,1783469356
2026-07-08T00:09:24Z,15,13,2,1,1,0,1,1,1,1783468750
2026-07-08T00:09:24Z,16,2,2,25,0,0,1,1,1,1783468790
2026-07-08T00:09:24Z,17,12,0,14,1,0,1,1,1,1783469301
2026-07-08T00:09:24Z,18,19,1,0,0,0,1,1,1,1783469247
2026-07-08T00:09:24Z,19,9,1,18,0,0,1,1,1,1783469310
2026-07-08T00:09:24Z,20,11,0,16,0,0,1,1,1,1783468980
2026-07-08T00:09:24Z,21,10,1,8,1,0,1,1,1,1783469229
2026-07-08T00:09:24Z,22,1,0,65,1,0,1,1,1,1783468807
2026-07-08T00:09:24Z,23,20,0,11,0,0,1,1,1,1783469332
2026-07-08T00:09:24Z,24,1,1,8,2,0,1,1,1,1783469359
2026-07-08T00:09:24Z,25,17,2,58,6,0,1,1,1,1783469360
2026-07-08T00:09:24Z,26,6,0,21,0,0,1,1,1,1783469116
2026-07-08T00:09:24Z,28,6,3,9,0,0,1,1,1,1783469221
2026-07-08T00:09:24Z,30,12,0,12,3,0,1,1,1,1783469283
2026-07-08T00:09:24Z,31,0,0,19,0,0,1,1,1,1783468792
2026-07-08T00:09:24Z,32,1,1,26,0,0,1,1,1,1783469199
2026-07-08T00:09:24Z,34,27,1,10,0,0,1,1,1,1783468738
2026-07-08T00:09:24Z,35,1,0,43,3,0,1,1,1,1783469352
2026-07-08T00:09:24Z,36,0,0,0,0,0,0,1,1,86400
2026-07-08T00:09:24Z,37,18,3,4,1,0,1,1,1,1783469344
2026-07-08T00:09:24Z,38,5,0,18,0,0,1,1,1,1783469083
2026-07-08T00:09:24Z,39,22,3,9,0,0,1,1,1,1783469046
2026-07-08T00:09:24Z,40,2,1,19,0,0,1,1,1,1783469050
2026-07-08T00:09:24Z,41,6,0,19,2,0,1,1,1,1783469247
2026-07-08T00:09:24Z,42,3,0,27,1,0,1,1,1,1783469029
2026-07-08T00:09:24Z,43,17,2,6,0,0,1,1,1,1783468891
2026-07-08T00:09:24Z,46,1,0,28,1,1,1,1,1,1783469261
2026-07-08T00:09:24Z,47,3,0,11,1,0,1,1,1,1783469252
2026-07-08T00:09:24Z,48,2,1,25,0,0,1,1,1,1783469340
2026-07-08T00:09:24Z,49,1,0,19,3,0,1,1,1,1783469352
2026-07-08T00:09:24Z,50,3,3,16,0,0,1,1,1,1783468880
2026-07-08T00:09:24Z,51,1,0,77,0,0,1,1,1,1783469022
2026-07-08T00:09:24Z,52,1,0,24,2,0,1,1,1,1783469287
2026-07-08T00:09:24Z,55,0,0,21,0,1,1,1,1,1783469355
2026-07-08T00:09:24Z,57,0,0,27,0,0,1,1,1,1783469239
2026-07-08T00:09:24Z,58,6,2,22,0,0,1,1,1,1783468732
2026-07-08T00:09:24Z,59,1,0,24,2,0,1,1,1,1783469114
2026-07-08T00:09:24Z,61,0,0,37,2,0,1,1,1,1783466799
2026-07-08T00:09:24Z,62,4,2,43,2,0,1,1,1,1783469137
2026-07-08T00:09:24Z,63,0,0,19,0,0,1,1,1,1783468347
2026-07-08T00:09:24Z,64,16,0,2,1,0,1,1,1,1783468930
2026-07-08T00:09:24Z,65,4,1,13,2,0,1,1,1,1783467903
2026-07-08T00:09:24Z,67,2,1,37,0,0,1,1,1,1783469355
2026-07-08T00:09:24Z,68,0,0,37,0,0,1,1,1,1783469106
2026-07-08T00:09:24Z,69,14,2,1,0,0,1,1,1,1783468047
2026-07-08T00:09:24Z,71,1,0,26,0,0,1,1,1,1783469320
2026-07-08T00:09:24Z,72,0,0,31,0,0,1,1,1,1783468977
2026-07-08T00:09:24Z,73,0,0,22,1,0,1,1,1,1783469089
2026-07-08T00:09:24Z,74,6,2,13,0,0,1,1,1,1783468959
2026-07-08T00:09:24Z,75,0,0,34,1,0,1,1,1,1783468816
2026-07-08T00:09:24Z,76,3,0,16,0,0,1,1,1,1783468346
2026-07-08T00:09:24Z,77,13,0,10,4,0,1,1,1,1783469275
2026-07-08T00:09:24Z,78,0,0,23,0,0,1,1,1,1783467209
2026-07-08T00:09:24Z,79,4,0,13,0,0,1,1,1,1783469299
2026-07-08T00:09:24Z,80,20,0,1,2,0,1,1,1,1783469277
2026-07-08T00:09:24Z,81,10,0,9,10,2,1,1,1,1783469361
2026-07-08T00:09:24Z,82,0,0,21,2,0,1,1,1,1783469199
2026-07-08T00:09:24Z,83,4,3,27,4,0,1,1,1,1783469357
2026-07-08T00:09:24Z,84,21,2,4,2,0,1,1,1,1783469097
2026-07-08T00:09:24Z,85,2,0,12,0,0,1,1,1,1783469255
2026-07-08T00:09:24Z,86,4,0,22,1,0,1,1,1,1783467511
2026-07-08T00:09:24Z,87,0,0,19,0,0,1,1,1,1783464851
2026-07-08T00:09:24Z,88,19,1,12,0,0,1,1,1,1783469242
2026-07-08T00:09:24Z,89,0,0,35,0,0,1,1,1,1783464840
2026-07-08T00:09:24Z,90,4,0,13,2,0,1,1,1,1783469261
2026-07-08T00:09:24Z,91,5,0,12,0,0,1,1,1,1783467378
2026-07-08T00:09:24Z,92,15,0,2,2,0,1,1,1,1783469251
2026-07-08T00:09:24Z,93,17,1,5,1,0,1,1,1,1783469316
2026-07-08T00:09:24Z,94,1,1,18,0,0,1,1,1,1783468543
2026-07-08T00:09:24Z,95,2,0,31,1,1,1,1,1,1783469360
2026-07-08T00:09:24Z,96,11,0,18,2,0,1,1,1,1783469179
2026-07-08T00:09:24Z,97,7,1,8,0,0,1,1,1,1783469223
2026-07-08T00:09:24Z,98,12,1,20,3,0,1,1,1,1783468422
2026-07-08T00:09:24Z,99,7,0,7,0,0,1,1,1,1783469287
2026-07-08T00:09:24Z,100,12,0,14,1,0,1,1,1,1783469124
2026-07-08T00:09:24Z,101,4,0,9,2,0,1,1,1,1783468612
2026-07-08T00:09:24Z,102,12,0,11,0,0,1,1,1,1783469048
2026-07-08T00:09:24Z,103,4,0,23,5,0,1,1,1,1783469342
2026-07-08T00:09:24Z,104,1,0,24,2,0,1,1,1,1783469285
2026-07-08T00:09:24Z,105,13,0,6,0,0,1,1,1,1783469173
2026-07-08T00:09:24Z,106,1,0,20,0,0,1,1,1,1783469312
2026-07-08T00:09:24Z,107,32,1,5,0,0,1,1,1,1783469322
2026-07-08T00:09:24Z,108,10,0,23,2,0,1,1,1,1783469136
2026-07-08T00:09:24Z,109,18,0,5,0,0,1,1,1,1783469355
2026-07-08T00:09:24Z,110,21,0,2,0,0,1,1,1,1783469308
2026-07-08T00:09:24Z,111,3,3,32,1,0,1,1,1,1783469017
2026-07-08T00:09:24Z,112,17,0,1,1,0,1,1,1,1783468829
2026-07-08T00:09:24Z,113,4,1,15,0,0,1,1,1,1783469284
2026-07-08T00:09:24Z,114,10,1,17,4,0,1,1,1,1783469271
2026-07-08T00:09:24Z,115,1,1,23,2,0,1,1,1,1783469359
2026-07-08T00:09:24Z,116,4,0,23,0,0,1,1,1,1783469306
2026-07-08T00:09:24Z,118,9,2,10,4,0,1,1,1,1783469258
2026-07-08T00:09:24Z,119,12,3,24,2,0,1,1,1,1783469347
2026-07-08T00:09:24Z,120,2,0,23,2,0,1,1,1,1783469352
2026-07-08T00:09:24Z,121,3,0,16,0,0,1,1,1,1783469343
2026-07-08T00:09:24Z,122,1,0,18,2,0,1,1,1,1783469345
2026-07-08T00:09:24Z,123,13,0,33,1,0,1,1,1,1783469345
2026-07-08T00:09:24Z,124,0,0,27,0,0,1,1,1,1783468535
2026-07-08T00:09:24Z,125,7,2,16,0,0,1,1,1,1783469318
2026-07-08T00:09:24Z,126,0,0,31,0,0,1,1,1,1783467665
2026-07-08T00:09:24Z,127,1,0,21,0,0,1,1,1,1783469329
2026-07-08T00:09:24Z,128,2,2,17,0,0,1,1,1,1783469360
2026-07-08T00:09:24Z,129,4,3,10,2,3,1,1,1,1783469346
2026-07-08T00:09:24Z,130,14,0,3,0,0,1,1,1,1783469202
2026-07-08T00:09:24Z,131,1,1,8,2,0,1,1,1,1783468671
2026-07-08T00:09:24Z,132,0,0,14,0,1,1,1,1,1783468552
2026-07-08T00:09:24Z,133,0,0,23,0,0,1,1,1,1783468623
2026-07-08T00:09:24Z,134,5,3,18,0,0,1,1,1,1783469313
2026-07-08T00:09:24Z,135,12,2,7,0,0,1,1,1,1783469067
2026-07-08T00:09:24Z,136,9,0,13,0,0,1,1,1,1783469232
2026-07-08T00:09:24Z,137,8,4,10,1,0,1,1,1,1783469333
2026-07-08T00:09:24Z,138,33,3,3,1,0,1,1,1,1783469295
2026-07-08T00:09:24Z,139,18,0,1,0,0,1,1,1,1783469180
2026-07-08T00:09:24Z,140,11,0,8,3,1,1,1,1,1783469358
2026-07-08T00:09:24Z,141,23,3,0,2,0,1,1,1,1783469358
2026-07-08T00:09:24Z,142,0,0,19,0,0,0,1,1,1782498468
2026-07-08T00:09:24Z,143,28,0,0,3,0,1,1,1,1783469297
2026-07-08T00:09:24Z,144,25,2,1,1,0,1,1,1,1783468412
2026-07-08T00:09:24Z,145,27,9,3,1,0,1,1,1,1783469306
2026-07-08T00:09:24Z,146,21,2,0,2,0,1,1,1,1783469360
2026-07-08T00:09:24Z,147,11,1,7,1,0,1,1,1,1783469173
2026-07-08T00:09:24Z,148,24,2,2,1,0,1,1,1,1783469258
2026-07-08T00:09:24Z,149,2,1,17,0,0,1,1,1,1783469058
2026-07-08T00:09:24Z,150,33,0,1,1,0,1,1,1,1783469237
2026-07-08T00:09:24Z,151,19,2,3,1,0,1,1,1,1783469320
2026-07-08T00:09:24Z,152,19,2,6,1,0,1,1,1,1783469224
2026-07-08T00:09:24Z,153,20,4,2,1,0,1,1,1,1783469118
2026-07-08T00:09:24Z,154,18,0,2,3,0,1,1,1,1783469346
2026-07-08T00:09:24Z,155,7,3,3,4,0,1,1,1,1783469164
2026-07-08T00:09:24Z,156,3,1,16,0,0,1,1,1,1783469242
2026-07-08T00:09:24Z,157,23,2,2,2,0,1,1,1,1783469343
2026-07-08T00:09:24Z,158,10,2,9,0,0,1,1,1,1783469357
2026-07-08T00:09:24Z,159,12,2,7,0,0,1,1,1,1783469315
2026-07-08T00:09:24Z,160,16,1,2,1,0,1,1,1,1783469165
2026-07-08T00:09:24Z,161,14,1,9,0,0,1,1,1,1783468861
2026-07-08T00:09:24Z,162,8,7,19,0,0,1,1,1,1783468737
2026-07-08T00:09:24Z,163,23,3,6,2,0,1,1,1,1783469304
2026-07-08T00:09:24Z,164,24,0,3,0,0,1,1,1,1783469229
2026-07-08T00:09:24Z,165,25,11,2,3,0,1,1,1,1783469343
2026-07-08T00:09:24Z,166,33,6,4,1,0,1,1,1,1783469255
2026-07-08T00:09:24Z,167,12,7,10,1,0,1,1,1,1783469360
2026-07-08T00:09:24Z,168,7,0,19,1,0,1,1,1,1783469352
2026-07-08T00:09:24Z,169,12,2,9,2,0,1,1,1,1783469194
2026-07-08T00:09:24Z,170,14,6,4,1,0,1,1,1,1783469118
2026-07-08T00:09:24Z,171,4,0,5,4,0,1,1,1,1783469172
2026-07-08T00:09:24Z,173,0,0,37,0,0,1,1,1,1783468636
2026-07-08T00:09:24Z,174,16,3,8,1,0,1,1,1,1783469297
2026-07-08T00:09:24Z,175,24,0,4,3,0,1,1,1,1783469357
2026-07-08T00:09:24Z,176,13,4,0,1,1,1,1,1,1783469356
2026-07-08T00:09:24Z,177,18,2,3,6,0,1,1,1,1783469353
2026-07-08T00:09:24Z,178,15,0,0,0,0,1,1,1,1783468640
2026-07-08T00:09:24Z,179,5,0,6,4,0,1,1,1,1783469331
2026-07-08T00:09:24Z,180,1,0,28,1,0,1,1,1,1783467945
2026-07-08T00:09:24Z,181,6,4,9,0,0,1,1,1,1783469273
2026-07-08T00:09:24Z,182,9,3,10,0,0,1,1,1,1783469317
2026-07-08T00:09:24Z,183,17,2,4,2,0,1,1,1,1783469334
2026-07-08T00:09:24Z,184,5,1,16,2,0,1,1,1,1783469360
2026-07-08T00:09:24Z,185,5,1,7,2,1,1,1,1,1783468783
2026-07-08T00:09:24Z,186,7,5,11,1,0,1,1,1,1783469304
2026-07-08T00:09:24Z,187,0,0,27,2,0,1,1,1,1783469337
2026-07-08T00:09:24Z,188,14,2,3,10,0,1,1,1,1783469358
2026-07-08T00:09:24Z,189,7,1,7,1,0,1,1,1,1783468769
2026-07-08T00:09:24Z,190,4,2,19,0,0,1,1,1,1783469166
2026-07-08T00:09:24Z,191,0,0,36,3,0,1,1,1,1783469280
2026-07-08T00:09:24Z,192,16,15,15,0,0,1,1,1,1783469357
2026-07-08T00:09:24Z,193,9,6,5,1,0,1,1,1,1783468803
2026-07-08T00:09:24Z,194,0,0,15,0,0,1,1,1,1783469228
2026-07-08T00:09:24Z,195,1,0,18,0,0,1,1,1,1783469292
2026-07-08T00:09:24Z,196,1,1,26,0,0,1,1,1,1783468740
2026-07-08T00:09:24Z,197,6,1,12,0,1,1,1,1,1783468823
2026-07-08T00:09:24Z,198,1,0,22,0,0,1,1,1,1783468951
2026-07-08T00:09:24Z,199,1,0,12,2,0,1,1,1,1783469096
2026-07-08T00:09:24Z,200,2,1,24,0,0,1,1,1,1783469293
2026-07-08T00:09:24Z,201,2,2,21,0,0,1,1,1,1783469244
2026-07-08T00:09:24Z,202,0,0,21,0,0,0,1,1,1783093344
2026-07-08T00:09:24Z,203,1,0,30,0,0,1,1,1,1783469360
2026-07-08T00:09:24Z,204,0,0,35,0,0,1,1,1,1783469220
2026-07-08T00:09:24Z,205,18,0,9,0,0,1,1,1,1783469094
2026-07-08T00:09:24Z,206,6,3,7,2,0,1,1,1,1783469323
2026-07-08T00:09:24Z,207,8,1,13,0,0,1,1,1,1783469191
2026-07-08T00:09:24Z,208,1,1,27,1,0,1,1,1,1783469336
2026-07-08T00:09:24Z,209,23,4,7,1,0,1,1,1,1783469351
2026-07-08T00:09:24Z,210,1,0,25,1,0,1,1,1,1783469311
2026-07-08T00:09:24Z,211,6,1,17,0,0,1,1,1,1783469019
2026-07-08T00:09:24Z,212,16,0,19,0,0,1,1,1,1783468968
2026-07-08T00:09:24Z,213,1,0,22,0,0,1,1,1,1783469012
2026-07-08T00:09:24Z,214,14,14,29,4,0,1,1,1,1783469233
2026-07-08T00:09:24Z,215,4,4,19,0,0,1,1,1,1783468991
2026-07-08T00:09:24Z,216,14,3,5,0,0,1,1,1,1783469336
2026-07-08T00:09:24Z,217,28,6,0,1,0,1,1,1,1783469350
2026-07-08T00:09:24Z,218,3,2,31,5,0,1,1,1,1783469343
2026-07-08T00:09:24Z,219,0,0,3,0,0,0,1,1,1783102064
2026-07-08T00:09:24Z,220,9,2,34,0,0,1,1,1,1783469310
2026-07-08T00:09:24Z,221,11,6,3,0,0,1,1,1,1783469205
2026-07-08T00:09:24Z,222,15,6,3,1,0,1,1,1,1783468851
2026-07-08T00:09:24Z,223,5,0,27,3,0,1,1,1,1783469326
2026-07-08T00:09:24Z,224,7,0,15,0,0,1,1,1,1783468992
2026-07-08T00:09:24Z,225,2,1,13,4,0,1,1,1,1783469358
2026-07-08T00:09:24Z,226,1,1,28,2,0,1,1,1,1783468837
2026-07-08T00:09:24Z,227,5,5,21,1,0,1,1,1,1783469308
2026-07-08T00:09:24Z,228,4,4,15,0,0,1,1,1,1783469346
2026-07-08T00:09:24Z,230,23,2,0,0,0,1,1,1,1783468946
2026-07-08T00:09:24Z,232,12,3,6,1,0,1,1,1,1783469299
2026-07-08T00:09:24Z,233,22,6,8,1,0,1,1,1,1783469242
2026-07-08T00:09:24Z,234,5,3,9,4,1,1,1,1,1783469275
2026-07-08T00:09:24Z,236,2,2,16,1,0,1,1,1,1783468742
2026-07-08T00:09:24Z,237,4,0,17,2,0,1,1,1,1783469346
2026-07-08T00:09:24Z,239,6,1,20,1,0,1,1,1,1783469255
2026-07-08T00:09:24Z,241,11,7,11,1,0,1,1,1,1783469350
2026-07-08T00:09:24Z,242,1,1,19,3,0,1,1,1,1783468361
2026-07-08T00:09:24Z,243,2,0,25,4,0,1,1,1,1783469345
2026-07-08T00:09:24Z,244,11,2,15,1,0,1,1,1,1783469325
2026-07-08T00:09:24Z,245,6,0,17,0,0,1,1,1,1783469224
2026-07-08T00:09:24Z,246,1,1,22,0,0,1,1,1,1783469237
2026-07-08T00:09:24Z,247,4,3,16,3,0,1,1,1,1783469279
2026-07-08T00:09:24Z,248,2,1,17,4,0,1,1,1,1783469284
2026-07-08T00:09:24Z,249,3,0,15,1,0,1,1,1,1783469305
2026-07-08T00:09:24Z,250,3,3,23,1,0,1,1,1,1783469156
2026-07-08T00:09:24Z,251,2,1,25,0,0,1,1,1,1783469352
2026-07-08T00:09:24Z,253,0,0,19,0,0,1,1,1,1783468956
2026-07-08T00:09:24Z,254,17,3,19,7,0,1,1,1,1783469291
2026-07-08T00:09:24Z,255,0,0,23,0,0,1,1,1,1783466036
2026-07-08T00:09:24Z,256,15,10,7,1,0,1,1,1,1783469191
2026-07-08T00:09:24Z,257,15,8,4,0,0,1,1,1,1783469135
2026-07-08T00:09:24Z,258,1,1,17,1,0,1,1,1,1783469326
2026-07-08T00:09:24Z,259,7,4,14,2,0,1,1,1,1783468306
2026-07-08T00:09:24Z,260,5,3,14,0,0,1,1,1,1783469147
2026-07-08T00:09:24Z,261,12,1,5,2,0,1,1,1,1783469029
2026-07-08T00:09:24Z,262,14,9,7,2,0,1,1,1,1783469196
2026-07-08T00:09:24Z,263,14,2,1,0,0,1,1,1,1783468534
2026-07-08T00:09:24Z,264,5,3,14,0,0,1,1,1,1783468998
2026-07-08T00:09:24Z,265,12,0,2,1,0,1,1,1,1783469360
2026-07-08T00:09:24Z,266,7,5,8,4,0,1,1,1,1783467336
2026-07-08T00:09:24Z,267,9,1,5,1,0,1,1,1,1783459155
2026-07-08T00:09:24Z,268,1,0,21,1,0,1,1,1,1783464510
2026-07-08T00:09:24Z,269,3,2,20,0,0,1,1,1,1783468984
2026-07-08T00:09:24Z,270,23,5,2,2,0,1,1,1,1783469294
2026-07-08T00:09:24Z,271,3,0,14,2,0,1,1,1,1783467941
2026-07-08T00:09:24Z,272,4,4,19,0,0,1,1,1,1783468908
2026-07-08T00:09:24Z,273,10,3,5,0,0,1,1,1,1783468836
2026-07-08T00:09:24Z,274,1,1,17,1,0,1,1,1,1783469241
2026-07-08T00:09:24Z,275,5,0,18,0,0,1,1,1,1783468678
2026-07-08T00:09:24Z,276,5,1,20,1,1,1,1,1,1783469232
2026-07-08T00:09:24Z,277,1,1,20,2,0,1,1,1,1783468424
2026-07-08T00:09:24Z,278,0,0,28,2,1,1,1,1,1783469254
2026-07-08T00:09:24Z,279,3,0,16,0,0,1,1,1,1783469004
2026-07-08T00:09:24Z,280,9,0,20,2,0,1,1,1,1783469250
2026-07-08T00:09:24Z,281,5,0,18,0,0,1,1,1,1783469326
2026-07-08T00:09:24Z,282,11,4,5,0,0,1,1,1,1783468338
2026-07-08T00:09:24Z,283,3,2,32,0,0,1,1,1,1783469341
2026-07-08T00:09:24Z,284,23,2,12,0,0,1,1,1,1783468936
2026-07-08T00:09:24Z,285,2,1,21,0,0,1,1,1,1783469031
2026-07-08T00:09:24Z,286,3,2,17,3,0,1,1,1,1783469349
2026-07-08T00:09:24Z,287,16,4,5,2,0,1,1,1,1783469265
2026-07-08T00:09:24Z,288,6,2,12,1,0,1,1,1,1783468881
2026-07-08T00:09:24Z,289,6,6,19,2,0,1,1,1,1783469068
2026-07-08T00:09:24Z,290,7,0,30,2,0,1,1,1,1783469341
2026-07-08T00:09:24Z,291,16,0,7,0,0,1,1,1,1783469171
2026-07-08T00:09:24Z,292,6,1,17,0,0,1,1,1,1783469345
2026-07-08T00:09:24Z,293,11,4,10,2,0,1,1,1,1783468697
2026-07-08T00:09:24Z,294,2,2,19,1,0,1,1,1,1783469325
2026-07-08T00:09:24Z,297,17,0,0,2,0,1,1,1,1783469217
2026-07-08T00:09:24Z,301,11,0,8,0,0,1,1,1,1783468522
2026-07-08T00:09:24Z,302,11,2,11,1,0,1,1,1,1783469344
2026-07-08T00:09:24Z,303,18,0,0,1,0,1,1,1,1783469043
2026-07-08T00:09:24Z,304,0,0,0,0,0,0,1,1,86400
2026-07-08T00:09:24Z,305,16,0,2,1,0,1,1,1,1783468370
2026-07-08T00:09:24Z,306,19,2,13,0,0,1,1,1,1783469235
2026-07-08T00:09:24Z,307,19,1,2,2,0,1,1,1,1783469262
2026-07-08T00:09:24Z,308,10,0,8,1,0,1,1,1,1783469328
2026-07-08T00:09:24Z,309,10,1,2,1,0,1,1,1,1783468934
2026-07-08T00:09:24Z,311,1,0,13,1,0,1,1,1,1783469279
2026-07-08T00:09:24Z,312,6,0,14,2,1,1,1,1,1783468369
2026-07-08T00:09:24Z,313,5,0,10,0,0,1,1,1,1783469176
2026-07-08T00:09:24Z,314,14,1,4,1,0,1,1,1,1783469273
2026-07-08T00:09:24Z,315,0,0,31,0,0,0,1,1,1783017696
2026-07-08T00:09:24Z,316,15,0,0,0,0,1,1,1,1783468219
2026-07-08T00:09:24Z,317,4,2,25,2,0,1,1,1,1783469270
2026-07-08T00:09:24Z,318,12,5,5,0,0,1,1,1,1783468794
2026-07-08T00:09:24Z,319,16,11,10,1,0,1,1,1,1783469316
2026-07-08T00:09:24Z,320,7,2,12,0,0,1,1,1,1783468533
2026-07-08T00:09:24Z,321,8,0,9,2,0,1,1,1,1783469099
2026-07-08T00:09:24Z,322,11,0,18,0,0,1,1,1,1783469340
2026-07-08T00:09:24Z,323,10,0,9,0,0,1,1,1,1783469202
2026-07-08T00:09:24Z,324,1,0,26,0,0,1,1,1,1783469301
2026-07-08T00:09:24Z,325,4,1,21,2,0,1,1,1,1783468871
2026-07-08T00:09:24Z,327,0,0,25,0,2,1,1,1,1783468953
2026-07-08T00:09:24Z,328,1,0,22,0,0,1,1,1,1783469191
2026-07-08T00:09:24Z,329,9,2,9,1,0,1,1,1,1783468107
2026-07-08T00:09:24Z,330,5,1,17,0,0,1,1,1,1783469322
2026-07-08T00:09:24Z,331,7,0,16,0,0,1,1,1,1783469354
2026-07-08T00:09:24Z,332,9,4,8,2,0,1,1,1,1783468411
2026-07-08T00:09:24Z,333,8,1,13,2,0,1,1,1,1783469343
2026-07-08T00:09:24Z,334,8,2,15,0,0,1,1,1,1783469089
2026-07-08T00:09:24Z,335,9,7,14,0,0,1,1,1,1783469334
2026-07-08T00:09:24Z,336,4,0,15,0,0,1,1,1,1783469233
2026-07-08T00:09:24Z,337,3,1,18,2,0,1,1,1,1783469343
2026-07-08T00:09:24Z,338,5,0,14,0,0,1,1,1,1783469272
2026-07-08T00:09:24Z,339,5,2,17,1,0,1,1,1,1783469287
2026-07-08T00:09:24Z,340,6,2,8,1,0,1,1,1,1783469047
2026-07-08T00:09:24Z,341,8,3,11,0,0,1,1,1,1783469203
2026-07-08T00:09:24Z,342,14,1,1,0,0,1,1,1,1783469348
2026-07-08T00:09:24Z,343,0,0,21,2,0,1,1,1,1783468474
2026-07-08T00:09:24Z,344,5,5,17,1,0,1,1,1,1783468838
2026-07-08T00:09:24Z,345,5,2,14,0,0,1,1,1,1783469220
2026-07-08T00:09:24Z,346,0,0,23,0,0,1,1,1,1783467336
2026-07-08T00:09:24Z,347,44,4,2,1,0,1,1,1,1783469345
2026-07-08T00:09:24Z,348,5,1,16,2,0,1,1,1,1783469216
2026-07-08T00:09:24Z,349,2,1,14,3,0,1,1,1,1783469181
2026-07-08T00:09:24Z,350,22,0,2,2,1,1,1,1,1783468955
2026-07-08T00:09:24Z,351,14,0,8,1,0,1,1,1,1783469198
2026-07-08T00:09:24Z,355,7,0,12,4,0,1,1,1,1783469347
2026-07-08T00:09:24Z,356,1,0,18,0,0,1,1,1,1783469184
2026-07-08T00:09:24Z,357,14,5,4,1,0,1,1,1,1783469005
2026-07-08T00:09:24Z,358,0,0,7,5,13,0,1,1,1782961435
2026-07-08T00:09:24Z,359,19,1,7,1,0,1,1,1,1783468467
2026-07-08T00:09:24Z,360,6,2,13,0,0,1,1,1,1783468779
2026-07-08T00:09:24Z,362,9,0,8,1,0,1,1,1,1783469098
2026-07-08T00:09:24Z,363,19,0,8,0,0,1,1,1,1783469329
2026-07-08T00:09:24Z,364,8,1,9,1,1,1,1,1,1783469356
2026-07-08T00:09:24Z,365,8,3,14,1,0,1,1,1,1783468969
2026-07-08T00:09:24Z,366,11,7,9,3,0,1,1,1,1783469244
2026-07-08T00:09:24Z,367,11,1,7,1,0,1,1,1,1783469052
2026-07-08T00:09:24Z,368,4,1,19,0,0,1,1,1,1783468614
2026-07-08T00:09:24Z,370,10,10,16,1,0,1,1,1,1783468597
2026-07-08T00:09:24Z,371,5,0,12,2,0,1,1,1,1783468273
2026-07-08T00:09:24Z,372,10,2,5,0,0,1,1,1,1783469346
2026-07-08T00:09:24Z,373,13,4,10,3,0,1,1,1,1783469141
2026-07-08T00:09:24Z,374,15,6,1,2,0,1,1,1,1783469252
2026-07-08T00:09:24Z,375,4,2,22,1,0,1,1,1,1783469335
2026-07-08T00:09:24Z,376,6,6,33,0,0,1,1,1,1783469177
2026-07-08T00:09:24Z,377,4,3,21,2,0,1,1,1,1783468870
2026-07-08T00:09:24Z,378,19,2,5,0,0,1,1,1,1783469043
2026-07-08T00:09:24Z,379,26,0,1,0,0,1,1,1,1783469116
2026-07-08T00:09:24Z,380,11,2,11,1,0,1,1,1,1783469012
2026-07-08T00:09:24Z,381,16,0,7,0,0,1,1,1,1783468828
2026-07-08T00:09:24Z,383,15,0,0,0,0,1,1,1,1783469311
2026-07-08T00:09:24Z,384,0,0,18,1,0,1,1,1,1783469300
2026-07-08T00:09:24Z,385,8,1,8,2,0,1,1,1,1783469154
2026-07-08T00:09:24Z,387,0,0,23,0,0,1,1,1,1783469044
2026-07-08T00:09:24Z,388,2,0,45,2,0,1,1,1,1783469152
2026-07-08T00:09:24Z,389,4,3,10,1,0,1,1,1,1783469332
2026-07-08T00:09:24Z,390,8,3,19,0,0,1,1,1,1783469336
2026-07-08T00:09:24Z,391,2,1,13,0,0,1,1,1,1783469148
2026-07-08T00:09:24Z,392,4,4,15,0,0,1,1,1,1783468888
2026-07-08T00:09:24Z,393,2,0,8,1,0,1,1,1,1783468096
2026-07-08T00:09:24Z,394,6,2,7,1,1,1,1,1,1783469241
2026-07-08T00:09:24Z,396,6,3,32,4,0,1,1,1,1783469312
2026-07-08T00:09:24Z,397,2,1,29,0,0,1,1,1,1783469092
2026-07-08T00:09:24Z,399,0,0,17,0,0,1,1,1,1783469233
2026-07-08T00:09:24Z,400,4,2,16,3,0,1,1,1,1783468541
2026-07-08T00:09:24Z,401,8,1,23,0,0,1,1,1,1783468739
2026-07-08T00:09:24Z,403,10,0,19,2,0,1,1,1,1783469332
2026-07-08T00:09:24Z,404,0,0,23,0,0,1,1,1,1783469346
2026-07-08T00:09:24Z,406,32,2,2,1,0,1,1,1,1783469355
2026-07-08T00:09:24Z,407,5,2,27,2,0,1,1,1,1783469222
2026-07-08T00:09:24Z,408,1,0,30,2,0,1,1,1,1783469222
2026-07-08T00:09:24Z,409,10,0,13,0,0,1,1,1,1783469266
2026-07-08T00:09:24Z,413,18,5,4,1,0,1,1,1,1783469236
2026-07-08T00:09:24Z,414,4,0,11,0,0,1,1,1,1783468672
2026-07-08T00:09:24Z,417,4,2,15,0,0,1,1,1,1783468990
2026-07-08T00:09:24Z,418,1,0,14,0,0,1,1,1,1783468792
2026-07-08T00:09:24Z,419,5,2,17,1,0,1,1,1,1783469268
2026-07-08T00:09:24Z,421,14,0,5,0,0,1,1,1,1783468458
2026-07-08T00:09:24Z,422,1,1,23,3,0,1,1,1,1783469142
2026-07-08T00:09:24Z,423,20,0,3,0,0,1,1,1,1783469015
2026-07-08T00:09:24Z,424,0,0,14,1,0,1,1,1,1783468195
2026-07-08T00:09:24Z,425,1,0,21,0,0,1,1,1,1783469082
2026-07-08T00:09:24Z,426,2,0,34,1,0,1,1,1,1783469297
2026-07-08T00:09:24Z,427,7,0,7,0,1,1,1,1,1783468788
2026-07-08T00:09:24Z,428,9,0,9,1,0,1,1,1,1783469210
2026-07-08T00:09:24Z,429,7,3,13,3,0,1,1,1,1783469322
2026-07-08T00:09:24Z,430,29,2,1,1,0,1,1,1,1783469330
2026-07-08T00:09:24Z,431,21,1,6,4,2,1,1,1,1783469150
2026-07-08T00:09:24Z,432,5,2,25,1,0,1,1,1,1783469316
2026-07-08T00:09:24Z,433,7,0,14,2,0,1,1,1,1783469076
2026-07-08T00:09:24Z,437,9,7,9,1,0,1,1,1,1783469255
2026-07-08T00:09:24Z,438,5,1,12,2,0,1,1,1,1783469186
2026-07-08T00:09:24Z,439,5,1,10,0,0,1,1,1,1783469240
2026-07-08T00:09:24Z,440,5,0,8,2,0,1,1,1,1783469051
2026-07-08T00:09:24Z,441,3,2,12,0,0,1,1,1,1783469359
2026-07-08T00:09:24Z,442,14,5,5,0,0,1,1,1,1783469120
2026-07-08T00:09:24Z,443,6,0,21,0,0,1,1,1,1783448962
2026-07-08T00:09:24Z,444,5,3,17,1,0,1,1,1,1783468032
2026-07-08T00:09:24Z,445,9,7,14,0,0,1,1,1,1783469294
2026-07-08T00:09:24Z,446,2,0,20,1,0,1,1,1,1783467958
2026-07-08T00:09:24Z,447,4,2,17,2,0,1,1,1,1783468627
2026-07-08T00:09:24Z,448,8,2,4,2,1,1,1,1,1783466364
2026-07-08T00:09:24Z,452,13,0,5,1,0,1,1,1,1783469296
2026-07-08T00:09:24Z,453,2,1,12,1,0,1,1,1,1783468049
2026-07-08T00:09:24Z,454,16,0,1,1,1,1,1,1,1783468748
2026-07-08T00:09:24Z,455,0,0,38,0,0,1,1,1,1783468143
2026-07-08T00:09:24Z,456,7,1,14,2,0,1,1,1,1783469353
2026-07-08T00:09:24Z,457,2,0,24,1,0,1,1,1,1783469150
2026-07-08T00:09:24Z,458,7,7,14,2,0,1,1,1,1783469320
2026-07-08T00:09:24Z,459,4,2,10,1,0,1,1,1,1783469069
2026-07-08T00:09:24Z,460,17,3,6,0,0,1,1,1,1783469210
2026-07-08T00:09:24Z,461,9,1,9,1,0,1,1,1,1783468820
2026-07-08T00:09:24Z,462,9,1,10,2,0,1,1,1,1783469284
2026-07-08T00:09:24Z,463,4,1,15,0,0,1,1,1,1783469270
2026-07-08T00:09:24Z,464,5,2,7,2,0,1,1,1,1783469168
2026-07-08T00:09:24Z,465,3,1,12,0,0,1,1,1,1783469297
2026-07-08T00:09:24Z,466,3,1,11,1,0,1,1,1,1783468916
2026-07-08T00:09:24Z,467,0,0,15,0,0,1,1,1,1783467778
2026-07-08T00:09:24Z,468,2,0,16,1,0,1,1,1,1783469322
2026-07-08T00:09:24Z,469,0,0,22,0,1,1,1,1,1783468996
2026-07-08T00:09:24Z,470,14,3,1,0,0,1,1,1,1783469285
2026-07-08T00:09:24Z,471,20,1,7,0,0,1,1,1,1783468901
2026-07-08T00:09:24Z,472,8,0,10,1,0,1,1,1,1783468950
2026-07-08T00:09:24Z,473,6,1,13,0,0,1,1,1,1783469218
2026-07-08T00:09:24Z,474,17,2,0,2,0,1,1,1,1783468845
2026-07-08T00:09:24Z,475,8,2,10,1,0,1,1,1,1783469054
2026-07-08T00:09:24Z,476,17,0,5,1,0,1,1,1,1783469342
2026-07-08T00:09:24Z,477,1,1,12,2,0,1,1,1,1783469127
2026-07-08T00:09:24Z,478,25,0,2,4,0,1,1,1,1783469142
2026-07-08T00:09:24Z,479,0,0,25,2,0,1,1,1,1783469078
2026-07-08T00:09:24Z,480,12,3,1,2,0,1,1,1,1783467913
2026-07-08T00:09:24Z,481,24,0,11,0,0,1,1,1,1783469228
2026-07-08T00:09:24Z,482,0,0,19,0,0,1,1,1,1783468744
2026-07-08T00:09:24Z,483,16,1,11,0,0,1,1,1,1783469178
2026-07-08T00:09:24Z,484,2,0,17,0,0,1,1,1,1783469228
2026-07-08T00:09:24Z,485,18,6,0,1,0,1,1,1,1783469249
2026-07-08T00:09:24Z,486,8,1,19,0,0,1,1,1,1783468450
2026-07-08T00:09:24Z,487,6,6,11,2,0,1,1,1,1783469284
2026-07-08T00:09:24Z,489,5,3,8,2,0,1,1,1,1783469359
2026-07-08T00:09:24Z,490,1,0,15,0,0,1,1,1,1783468809
2026-07-08T00:09:24Z,491,13,2,7,1,0,1,1,1,1783468771
2026-07-08T00:09:24Z,492,6,1,2,3,0,1,1,1,1783469274
2026-07-08T00:09:24Z,493,4,1,22,1,0,1,1,1,1783468521
2026-07-08T00:09:24Z,495,2,1,12,1,0,1,1,1,1783469180
2026-07-08T00:09:24Z,496,20,2,6,1,0,1,1,1,1783469290
2026-07-08T00:09:24Z,497,3,0,16,0,0,1,1,1,1783468601
2026-07-08T00:09:24Z,498,3,0,20,0,0,1,1,1,1783468987
2026-07-08T00:09:24Z,499,5,2,13,1,0,1,1,1,1783469288
2026-07-08T00:09:24Z,500,1,1,13,1,0,1,1,1,1783468537
2026-07-08T00:09:24Z,501,8,1,10,3,0,1,1,1,1783469069
2026-07-08T00:09:24Z,502,1,0,18,0,0,1,1,1,1783468374
2026-07-08T00:09:24Z,503,23,0,8,0,0,1,1,1,1783468611
2026-07-08T00:09:24Z,504,0,0,39,0,0,1,1,1,1783469078
2026-07-08T00:09:24Z,505,12,1,4,2,0,1,1,1,1783469361
2026-07-08T00:09:24Z,511,0,0,23,0,0,1,1,1,1783467453
2026-07-08T00:09:24Z,512,13,3,6,0,0,1,1,1,1783467628
2026-07-08T00:09:24Z,514,6,1,4,1,0,1,1,1,1783469287
2026-07-08T00:09:24Z,515,8,2,11,0,0,1,1,1,1783468764
2026-07-08T00:09:24Z,516,0,0,27,0,0,1,1,1,1783466800
2026-07-08T00:09:24Z,517,8,0,14,1,0,1,1,1,1783468714
2026-07-08T00:09:24Z,518,15,1,0,0,0,1,1,1,1783463692
2026-07-08T00:09:24Z,519,7,0,11,1,0,1,1,1,1783467959
2026-07-08T00:09:24Z,520,14,2,11,1,1,1,1,1,1783469206
2026-07-08T00:09:24Z,521,8,6,15,0,0,1,1,1,1783469162
2026-07-08T00:09:24Z,522,16,1,6,1,0,1,1,1,1783469082
2026-07-08T00:09:24Z,523,1,0,21,1,0,1,1,1,1783468065
2026-07-08T00:09:24Z,524,11,0,12,0,0,1,1,1,1783469354
2026-07-08T00:09:24Z,525,8,1,11,0,0,1,1,1,1783469177
2026-07-08T00:09:24Z,526,4,0,9,2,0,1,1,1,1783468522
2026-07-08T00:09:24Z,527,3,3,22,1,0,1,1,1,1783469287
2026-07-08T00:09:24Z,528,7,1,15,1,0,1,1,1,1783469163
2026-07-08T00:09:24Z,529,0,0,13,6,0,1,1,1,1783469183
2026-07-08T00:09:24Z,530,19,0,1,1,0,1,1,1,1783469208
2026-07-08T00:09:24Z,531,6,0,15,1,1,1,1,1,1783469033
2026-07-08T00:09:24Z,532,2,2,28,1,0,1,1,1,1783468512
2026-07-08T00:09:24Z,533,9,0,8,2,0,1,1,1,1783469156
2026-07-08T00:09:24Z,534,2,2,19,2,0,1,1,1,1783468292
2026-07-08T00:09:24Z,535,8,2,6,1,0,1,1,1,1783469357
2026-07-08T00:09:24Z,536,10,0,12,1,0,1,1,1,1783469083
2026-07-08T00:09:24Z,537,8,1,13,0,0,1,1,1,1783469306
2026-07-08T00:09:24Z,538,11,4,8,0,0,1,1,1,1783469118
2026-07-08T00:09:24Z,539,7,7,22,2,0,1,1,1,1783468914
2026-07-08T00:09:24Z,540,0,0,19,0,0,1,1,1,1783468180
2026-07-08T00:09:24Z,541,12,1,15,0,0,1,1,1,1783469307
2026-07-08T00:09:24Z,542,0,0,23,0,0,1,1,1,1783466666
2026-07-08T00:09:24Z,543,11,1,6,2,0,1,1,1,1783468986
2026-07-08T00:09:24Z,544,17,1,4,1,0,1,1,1,1783469286
2026-07-08T00:09:24Z,545,6,1,6,7,0,1,1,1,1783469256
2026-07-08T00:09:24Z,546,1,1,17,1,0,1,1,1,1783468348
2026-07-08T00:09:24Z,547,2,1,20,1,0,1,1,1,1783469344
2026-07-08T00:09:24Z,548,15,2,6,2,0,1,1,1,1783469343
2026-07-08T00:09:24Z,549,4,0,17,0,0,1,1,1,1783469322
2026-07-08T00:09:24Z,550,1,0,18,0,0,1,1,1,1783468284
2026-07-08T00:09:24Z,551,21,5,2,0,0,1,1,1,1783469109
2026-07-08T00:09:24Z,552,27,5,0,0,0,1,1,1,1783469230
2026-07-08T00:09:24Z,553,2,0,19,2,0,1,1,1,1783469320
2026-07-08T00:09:24Z,554,0,0,19,0,0,1,1,1,1783468615
2026-07-08T00:09:24Z,555,8,2,4,3,0,1,1,1,1783468918
2026-07-08T00:09:24Z,556,3,0,19,1,0,1,1,1,1783468818
2026-07-08T00:09:24Z,557,5,1,16,2,0,1,1,1,1783469339
2026-07-08T00:09:24Z,558,19,2,17,1,0,1,1,1,1783469298
2026-07-08T00:09:24Z,559,0,0,18,1,0,1,1,1,1783464953
2026-07-08T00:09:24Z,560,12,0,15,0,0,1,1,1,1783469146
2026-07-08T00:09:24Z,561,14,1,8,1,0,1,1,1,1783469068
2026-07-08T00:09:24Z,562,17,1,16,2,0,1,1,1,1783469337
2026-07-08T00:09:24Z,563,13,0,1,0,0,1,1,1,1783468245
2026-07-08T00:09:24Z,564,12,0,7,0,0,1,1,1,1783467635
2026-07-08T00:09:24Z,565,2,0,17,0,0,1,1,1,1783469101
2026-07-08T00:09:24Z,566,18,0,1,0,0,1,1,1,1783469352
2026-07-08T00:09:24Z,567,21,1,5,1,0,1,1,1,1783469109
2026-07-08T00:09:24Z,568,11,0,8,0,0,1,1,1,1783469360
2026-07-08T00:09:24Z,569,9,2,10,0,0,1,1,1,1783468854
2026-07-08T00:09:24Z,570,5,1,14,0,0,1,1,1,1783469288
2026-07-08T00:09:24Z,571,9,1,14,0,0,1,1,1,1783468665
2026-07-08T00:09:24Z,572,6,0,13,0,0,1,1,1,1783469079
2026-07-08T00:09:24Z,573,4,1,10,1,0,1,1,1,1783469227
2026-07-08T00:09:24Z,574,2,1,13,0,0,1,1,1,1783468448
2026-07-08T00:09:24Z,575,1,1,20,0,0,1,1,1,1783468097
2026-07-08T00:09:24Z,576,1,1,18,0,0,1,1,1,1783468227
2026-07-08T00:09:24Z,577,10,0,21,0,0,1,1,1,1783469127
2026-07-08T00:09:24Z,578,8,4,15,0,0,1,1,1,1783469081
2026-07-08T00:09:24Z,579,39,1,4,0,0,1,1,1,1783468963
2026-07-08T00:09:24Z,580,0,0,30,1,0,1,1,1,1783469260
2026-07-08T00:09:24Z,581,3,0,14,2,0,1,1,1,1783469201
2026-07-08T00:09:24Z,582,4,0,54,2,0,1,1,1,1783469261
2026-07-08T00:09:24Z,583,21,0,1,1,0,1,1,1,1783468653
2026-07-08T00:09:24Z,584,0,0,14,5,0,1,1,1,1783469063
2026-07-08T00:09:24Z,585,16,0,10,0,0,1,1,1,1783469349
2026-07-08T00:09:24Z,586,1,0,33,1,0,1,1,1,1783469332
2026-07-08T00:09:24Z,587,5,0,19,1,0,1,1,1,1783468341
2026-07-08T00:09:24Z,588,1,0,18,0,0,1,1,1,1783467544
2026-07-08T00:09:24Z,589,18,9,4,1,0,1,1,1,1783469308
2026-07-08T00:09:24Z,590,2,0,29,0,0,1,1,1,1783468582
2026-07-08T00:09:24Z,591,1,0,19,2,0,1,1,1,1783469314
2026-07-08T00:09:24Z,592,4,0,19,0,0,1,1,1,1783469257
2026-07-08T00:09:24Z,593,7,1,32,0,0,1,1,1,1783469211
2026-07-08T00:09:24Z,594,1,0,19,1,0,1,1,1,1783469326
2026-07-08T00:09:24Z,595,0,0,3,0,0,0,1,1,1779985765
2026-07-08T00:09:24Z,605,0,0,3,0,0,0,1,1,1780413752
2026-07-08T00:09:24Z,606,0,0,0,0,0,0,1,1,86400
2026-07-08T00:09:24Z,607,6,3,27,0,0,1,1,1,1783469262
2026-07-08T00:09:24Z,608,0,0,51,1,0,1,1,1,1783467843
2026-07-08T00:09:24Z,609,3,1,20,0,0,1,1,1,1783468957
2026-07-08T00:09:24Z,610,4,0,31,0,0,1,1,1,1783469108
2026-07-08T00:09:24Z,611,1,0,24,2,0,1,1,1,1783469193
2026-07-08T00:09:24Z,612,0,0,15,0,0,1,1,1,1783467133
2026-07-08T00:09:24Z,613,12,3,2,1,0,1,1,1,1783466858
2026-07-08T00:09:24Z,614,0,0,24,2,1,1,1,1,1783468675
2026-07-08T00:09:24Z,617,11,0,2,2,0,1,1,1,1783468382
2026-07-08T00:09:24Z,618,15,4,2,2,0,1,1,1,1783468513
2026-07-08T00:09:24Z,619,17,5,2,0,0,1,1,1,1783469168
2026-07-08T00:09:24Z,620,0,0,22,1,0,1,1,1,1783468551
2026-07-08T00:09:24Z,621,6,1,17,0,0,1,1,1,1783469292
2026-07-08T00:09:24Z,622,6,3,16,1,0,1,1,1,1783469239
2026-07-08T00:09:24Z,623,5,0,22,2,1,1,1,1,1783469329
2026-07-08T00:09:24Z,624,3,0,11,0,1,1,1,1,1783466104
2026-07-08T00:09:24Z,625,7,1,11,3,0,1,1,1,1783469081
2026-07-08T00:09:24Z,626,2,0,42,0,2,1,1,1,1783468920
2026-07-08T00:09:24Z,627,4,1,13,0,0,1,1,1,1783468453
2026-07-08T00:09:24Z,628,1,0,17,0,1,1,1,1,1783467906
2026-07-08T00:09:24Z,629,8,6,2,1,0,1,1,1,1783469341
2026-07-08T00:09:24Z,630,23,1,2,2,0,1,1,1,1783468228
2026-07-08T00:09:24Z,631,0,0,23,0,0,1,1,1,1783467540
2026-07-08T00:09:24Z,632,20,0,1,2,0,1,1,1,1783469351
2026-07-08T00:09:24Z,633,12,0,0,2,1,1,1,1,1783468072
2026-07-08T00:09:24Z,634,17,0,1,1,0,1,1,1,1783468735
2026-07-08T00:09:24Z,635,16,1,2,1,0,1,1,1,1783469173
2026-07-08T00:09:24Z,636,7,1,8,0,0,1,1,1,1783467360
2026-07-08T00:09:24Z,637,12,6,7,0,0,1,1,1,1783467638
2026-07-08T00:09:24Z,638,5,1,12,2,0,1,1,1,1783468810
2026-07-08T00:09:24Z,639,0,0,0,3,16,0,1,1,1782287204
2026-07-08T00:09:24Z,640,0,0,22,1,0,1,1,1,1783467951
2026-07-08T00:09:24Z,641,10,0,16,1,0,1,1,1,1783469320
2026-07-08T00:09:24Z,642,4,1,13,2,0,1,1,1,1783469229
2026-07-08T00:09:24Z,643,0,0,27,0,0,1,1,1,1783468938
2026-07-08T00:09:24Z,644,3,0,5,6,1,1,1,1,1783469166
2026-07-08T00:09:24Z,645,7,0,14,1,1,1,1,1,1783469355
2026-07-08T00:09:24Z,646,11,1,5,3,0,1,1,1,1783466258
2026-07-08T00:09:24Z,647,21,2,9,1,0,1,1,1,1783469131
2026-07-08T00:09:24Z,648,14,2,2,3,0,1,1,1,1783468428
2026-07-08T00:09:24Z,649,0,0,29,2,0,1,1,1,1783469052
2026-07-08T00:09:24Z,650,6,2,9,1,0,1,1,1,1783468767
2026-07-08T00:09:24Z,651,4,0,18,1,0,1,1,1,1783468522
2026-07-08T00:09:24Z,652,0,0,20,3,0,1,1,1,1783469337
2026-07-08T00:09:24Z,653,8,1,7,4,0,1,1,1,1783469281
2026-07-08T00:09:24Z,654,5,0,9,1,0,1,1,1,1783469359
2026-07-08T00:09:24Z,655,7,1,7,0,0,1,1,1,1783467692
2026-07-08T00:09:24Z,656,19,1,0,0,0,1,1,1,1783469311
2026-07-08T00:09:24Z,657,10,3,6,1,0,1,1,1,1783468142
2026-07-08T00:09:24Z,658,0,0,23,0,0,1,1,1,1783468498
2026-07-08T00:09:24Z,659,2,1,13,0,0,1,1,1,1783468742
2026-07-08T00:09:24Z,660,25,0,5,1,0,1,1,1,1783468930
2026-07-08T00:09:24Z,661,3,0,12,4,0,1,1,1,1783469347
2026-07-08T00:09:24Z,662,4,0,18,1,0,1,1,1,1783465821
2026-07-08T00:09:24Z,663,11,2,3,0,0,1,1,1,1783469330
2026-07-08T00:09:24Z,664,18,0,9,0,0,1,1,1,1783468774
2026-07-08T00:09:24Z,665,1,0,14,0,0,1,1,1,1783467455
2026-07-08T00:09:24Z,666,9,1,6,0,0,1,1,1,1783467618
2026-07-08T00:09:24Z,667,14,0,0,3,0,1,1,1,1783468556
2026-07-08T00:09:24Z,668,10,3,8,1,0,1,1,1,1783469337
2026-07-08T00:09:24Z,669,11,3,3,0,0,1,1,1,1783467121
2026-07-08T00:09:24Z,670,13,2,11,3,0,1,1,1,1783469338
2026-07-08T00:09:24Z,671,24,0,3,0,0,1,1,1,1783468656
2026-07-08T00:09:24Z,672,11,0,7,5,0,1,1,1,1783468318
2026-07-08T00:09:24Z,673,6,0,16,0,0,1,1,1,1783469244
2026-07-08T00:09:24Z,674,0,0,22,1,0,1,1,1,1783469144
2026-07-08T00:09:24Z,675,2,1,11,2,0,1,1,1,1783469141
2026-07-08T00:09:24Z,676,11,0,10,1,1,1,1,1,1783469132
2026-07-08T00:09:24Z,681,4,1,6,5,0,1,1,1,1783469298
2026-07-08T00:09:24Z,682,9,5,9,1,0,1,1,1,1783446478
2026-07-08T00:09:24Z,683,11,1,8,0,0,1,1,1,1783468133
2026-07-08T00:09:24Z,684,9,3,16,2,0,1,1,1,1783466614
2026-07-08T00:09:24Z,685,3,2,23,0,1,1,1,1,1783467432
2026-07-08T00:09:24Z,686,12,2,13,1,1,1,1,1,1783469058
2026-07-08T00:09:24Z,687,5,1,22,3,1,1,1,1,1783469226
2026-07-08T00:09:24Z,688,17,2,1,1,0,1,1,1,1783465995
2026-07-08T00:09:24Z,692,17,15,3,1,0,1,1,1,1783468749
2026-07-08T00:09:24Z,693,9,4,2,0,0,1,1,1,1783468237
2026-07-08T00:09:24Z,694,7,7,11,3,0,1,1,1,1783468411
2026-07-08T00:09:24Z,695,9,5,13,1,0,1,1,1,1783468955
2026-07-08T00:09:24Z,696,19,17,4,0,0,1,1,1,1783468775
2026-07-08T00:09:24Z,697,16,0,7,0,0,1,1,1,1783469287
2026-07-08T00:09:24Z,698,23,0,4,0,0,1,1,1,1783469223
2026-07-08T00:09:24Z,699,1,1,12,2,0,1,1,1,1783468359
2026-07-08T00:09:24Z,700,13,2,6,0,0,1,1,1,1783469122
2026-07-08T00:09:24Z,701,2,0,17,0,0,1,1,1,1783469201
2026-07-08T00:09:24Z,702,3,3,19,1,0,1,1,1,1783469221
2026-07-08T00:09:24Z,703,11,2,12,0,0,1,1,1,1783460353
2026-07-08T00:09:24Z,704,7,0,8,0,0,1,1,1,1783468873
2026-07-08T00:09:24Z,705,1,1,10,4,0,1,1,1,1783468353
2026-07-08T00:09:24Z,706,4,2,10,1,0,1,1,1,1783469296
2026-07-08T00:09:24Z,707,8,1,5,2,0,1,1,1,1783468427
2026-07-08T00:09:24Z,708,18,0,1,0,0,1,1,1,1783468425
2026-07-08T00:09:24Z,709,10,2,4,1,0,1,1,1,1783468351
2026-07-08T00:09:24Z,710,2,0,17,0,0,1,1,1,1783467652
2026-07-08T00:09:24Z,711,7,4,6,6,0,1,1,1,1783469098
2026-07-08T00:09:24Z,712,13,4,1,1,0,1,1,1,1783469049
2026-07-08T00:09:24Z,713,18,8,1,4,0,1,1,1,1783468570
2026-07-08T00:09:24Z,716,3,0,12,0,0,1,1,1,1783468415
2026-07-08T00:09:24Z,717,1,1,17,7,0,1,1,1,1783468542
2026-07-08T00:09:24Z,718,1,0,14,0,0,1,1,1,1783468641
2026-07-08T00:09:24Z,719,17,1,12,0,0,1,1,1,1783468516
2026-07-08T00:09:24Z,720,0,0,17,2,0,1,1,1,1783468357
2026-07-08T00:09:24Z,721,9,1,13,1,0,1,1,1,1783469266
2026-07-08T00:09:24Z,722,14,1,0,1,0,1,1,1,1783468441
2026-07-08T00:09:24Z,723,2,2,16,5,0,1,1,1,1783468531
2026-07-08T00:09:24Z,724,6,2,17,0,0,1,1,1,1783468915
2026-07-08T00:09:24Z,725,22,0,1,0,0,1,1,1,1783468576
2026-07-08T00:09:24Z,726,10,0,7,2,0,1,1,1,1783469122
2026-07-08T00:09:24Z,727,10,0,12,1,0,1,1,1,1783468498
2026-07-08T00:09:24Z,728,5,0,6,4,0,1,1,1,1783468347
2026-07-08T00:09:24Z,729,14,0,4,1,0,1,1,1,1783469343
2026-07-08T00:09:24Z,730,7,0,8,0,0,1,1,1,1783468326
2026-07-08T00:09:24Z,731,1,1,14,0,0,1,1,1,1783468411
2026-07-08T00:09:24Z,732,8,1,7,0,0,1,1,1,1783468608
2026-07-08T00:09:24Z,733,20,0,7,0,0,1,1,1,1783469257
2026-07-08T00:09:24Z,734,7,1,7,0,0,1,1,1,1783468273
2026-07-08T00:09:24Z,735,1,0,26,0,0,1,1,1,1783468591
2026-07-08T00:09:24Z,736,7,5,12,0,0,1,1,1,1783469065
2026-07-08T00:09:24Z,737,3,2,11,1,0,1,1,1,1783468365
2026-07-08T00:09:24Z,738,9,1,9,1,0,1,1,1,1783469312
2026-07-08T00:09:24Z,739,8,3,15,4,0,1,1,1,1783468625
2026-07-08T00:09:24Z,741,10,2,11,2,0,1,1,1,1783469059
2026-07-08T00:09:24Z,742,14,4,22,3,0,1,1,1,1783469330
2026-07-08T00:09:24Z,743,8,4,11,0,0,1,1,1,1783468447
2026-07-08T00:09:24Z,744,2,1,12,1,0,1,1,1,1783468703
2026-07-08T00:09:24Z,745,11,4,6,2,0,1,1,1,1783468431
2026-07-08T00:09:24Z,746,10,2,12,1,0,1,1,1,1783469350
2026-07-08T00:09:24Z,747,0,0,19,0,0,0,1,1,1783446606
2026-07-08T00:09:24Z,748,13,3,9,1,0,1,1,1,1783468560
2026-07-08T00:09:24Z,749,13,0,10,0,0,1,1,1,1783469305
2026-07-08T00:09:24Z,750,1,1,7,3,0,1,1,1,1783469093
2026-07-08T00:09:24Z,751,0,0,23,0,0,1,1,1,1783469029
2026-07-08T00:09:24Z,752,5,2,10,2,0,1,1,1,1783468788
2026-07-08T00:09:24Z,753,7,1,6,2,0,1,1,1,1783469354
2026-07-08T00:09:24Z,754,4,3,10,1,0,1,1,1,1783468425
2026-07-08T00:09:24Z,755,4,1,13,2,0,1,1,1,1783469320
2026-07-08T00:09:24Z,756,2,1,34,1,0,1,1,1,1783469238
2026-07-08T00:09:24Z,757,3,2,16,0,0,1,1,1,1783469276
2026-07-08T00:09:24Z,758,7,2,16,0,0,1,1,1,1783469321
2026-07-08T00:09:24Z,759,1,0,13,1,0,1,1,1,1783468393
2026-07-08T00:09:24Z,760,6,1,12,1,0,1,1,1,1783468408
2026-07-08T00:09:24Z,761,0,0,23,0,0,1,1,1,1783468527
2026-07-08T00:09:24Z,762,5,4,7,3,0,1,1,1,1783468521
2026-07-08T00:09:24Z,768,8,1,6,5,0,1,1,1,1783469237
2026-07-08T00:09:24Z,769,16,6,1,1,0,1,1,1,1783469307
2026-07-08T00:09:24Z,770,4,0,15,0,0,1,1,1,1783464209
2026-07-08T00:09:24Z,771,10,0,5,0,0,1,1,1,1783468312
2026-07-08T00:09:24Z,772,8,3,7,0,0,1,1,1,1783468326
2026-07-08T00:09:24Z,773,12,4,6,1,0,1,1,1,1783469359
2026-07-08T00:09:24Z,774,1,0,12,2,0,1,1,1,1783468529
2026-07-08T00:09:24Z,775,10,3,6,3,0,1,1,1,1783469089
2026-07-08T00:09:24Z,776,5,0,15,1,0,1,1,1,1783468517
2026-07-08T00:09:24Z,777,6,1,8,1,0,1,1,1,1783469337
2026-07-08T00:09:24Z,778,13,0,4,2,0,1,1,1,1783468431
2026-07-08T00:09:24Z,779,11,3,7,1,0,1,1,1,1783469151
2026-07-08T00:09:24Z,780,5,2,12,2,0,1,1,1,1783469257
2026-07-08T00:09:24Z,781,2,0,5,4,0,1,1,1,1783469272
2026-07-08T00:09:24Z,782,1,0,16,2,0,1,1,1,1783469153
2026-07-08T00:09:24Z,783,8,4,9,2,0,1,1,1,1783468391
2026-07-08T00:09:24Z,784,16,2,2,1,0,1,1,1,1783468466
2026-07-08T00:09:24Z,785,10,6,4,4,0,1,1,1,1783468962
2026-07-08T00:09:24Z,786,5,1,12,2,0,1,1,1,1783468663
2026-07-08T00:09:24Z,787,4,1,10,1,0,1,1,1,1783468308
2026-07-08T00:09:24Z,788,6,0,9,0,0,1,1,1,1783468345
2026-07-08T00:09:24Z,789,10,0,2,3,0,1,1,1,1783468924
2026-07-08T00:09:24Z,790,0,0,22,1,0,1,1,1,1783468500
2026-07-08T00:09:24Z,791,8,0,11,0,0,1,1,1,1783468407
2026-07-08T00:09:24Z,793,9,2,3,3,0,1,1,1,1783467676
2026-07-08T00:09:24Z,794,1,0,28,0,0,1,1,1,1783468548
2026-07-08T00:09:24Z,796,1,0,15,3,0,1,1,1,1783468440
2026-07-08T00:09:24Z,797,0,0,14,1,0,1,1,1,1783469307
2026-07-08T00:09:24Z,798,0,0,24,1,0,1,1,1,1783468896
2026-07-08T00:09:24Z,799,1,1,17,1,0,1,1,1,1783468405
2026-07-08T00:09:24Z,800,8,0,13,0,0,1,1,1,1783468973
2026-07-08T00:09:24Z,801,1,1,20,0,0,1,1,1,1783468827
2026-07-08T00:09:24Z,802,3,0,27,1,0,1,1,1,1783468581
2026-07-08T00:09:24Z,803,2,2,13,0,0,1,1,1,1783469010
2026-07-08T00:09:24Z,806,4,2,7,4,0,1,1,1,1783469252
2026-07-08T00:09:24Z,807,0,0,25,0,0,1,1,1,1783468676
2026-07-08T00:09:24Z,808,1,1,22,2,0,1,1,1,1783469208
2026-07-08T00:09:24Z,809,4,1,18,1,0,1,1,1,1783468529
2026-07-08T00:09:24Z,810,3,2,13,3,0,1,1,1,1783468409
2026-07-08T00:09:24Z,815,12,3,2,1,0,1,1,1,1783469078
2026-07-08T00:09:24Z,817,2,0,4,9,0,1,1,1,1783468355
2026-07-08T00:09:24Z,818,4,1,18,1,0,1,1,1,1783468520
2026-07-08T00:09:24Z,819,2,1,10,3,0,1,1,1,1783468332
2026-07-08T00:09:24Z,820,8,0,8,1,0,1,1,1,1783468865
2026-07-08T00:09:24Z,821,9,5,5,1,0,1,1,1,1783468305
2026-07-08T00:09:24Z,822,1,1,22,0,0,1,1,1,1783469236
2026-07-08T00:09:24Z,823,12,2,2,1,0,1,1,1,1783469014
2026-07-08T00:09:24Z,824,10,3,1,8,0,1,1,1,1783469356
2026-07-08T00:09:24Z,825,7,1,8,0,0,1,1,1,1783468326
2026-07-08T00:09:24Z,826,7,0,11,1,0,1,1,1,1783468335
2026-07-08T00:09:24Z,827,4,0,16,1,0,1,1,1,1783469310
2026-07-08T00:09:24Z,828,3,2,14,1,0,1,1,1,1783469185
2026-07-08T00:09:24Z,829,7,2,18,2,0,1,1,1,1783469225
2026-07-08T00:09:24Z,830,19,2,3,1,0,1,1,1,1783469358
2026-07-08T00:09:24Z,831,2,1,13,0,0,1,1,1,1783468267
2026-07-08T00:09:24Z,832,15,3,1,2,0,1,1,1,1783468396
2026-07-08T00:09:24Z,833,6,3,11,2,0,1,1,1,1783469269
2026-07-08T00:09:24Z,834,20,0,1,3,0,1,1,1,1783469356
2026-07-08T00:09:24Z,835,10,0,8,0,0,1,1,1,1783468807
2026-07-08T00:09:24Z,837,7,1,1,7,0,1,1,1,1783468793
2026-07-08T00:09:24Z,838,6,2,7,2,0,1,1,1,1783469259
2026-07-08T00:09:24Z,839,9,0,20,0,0,1,1,1,1783469085
2026-07-08T00:09:24Z,840,6,4,22,1,0,1,1,1,1783469316
2026-07-08T00:09:24Z,841,8,4,7,0,0,1,1,1,1783468710
2026-07-08T00:09:24Z,842,3,2,19,0,0,1,1,1,1783468498
2026-07-08T00:09:24Z,843,8,0,21,2,0,1,1,1,1783468609
2026-07-08T00:09:24Z,844,11,1,11,1,0,1,1,1,1783468981
2026-07-08T00:09:24Z,845,3,0,15,1,0,1,1,1,1783468399
2026-07-08T00:09:24Z,846,1,0,15,2,0,1,1,1,1783468412
2026-07-08T00:09:24Z,847,1,0,26,0,0,1,1,1,1783469311
2026-07-08T00:09:24Z,848,2,0,16,1,0,1,1,1,1783469350
2026-07-08T00:09:24Z,849,1,1,10,3,0,1,1,1,1783468519
2026-07-08T00:09:24Z,850,6,0,3,2,0,1,1,1,1783469145
2026-07-08T00:09:24Z,851,3,2,33,1,0,1,1,1,1783469292
2026-07-08T00:09:24Z,852,5,0,14,0,0,1,1,1,1783469080
2026-07-08T00:09:24Z,853,12,2,10,1,0,1,1,1,1783468521
2026-07-08T00:09:24Z,854,3,1,12,0,0,1,1,1,1783468683
2026-07-08T00:09:24Z,855,10,0,16,1,0,1,1,1,1783469274
2026-07-08T00:09:24Z,857,7,4,10,2,0,1,1,1,1783469126
2026-07-08T00:09:24Z,858,1,0,16,2,0,1,1,1,1783468400
2026-07-08T00:09:24Z,859,4,0,14,3,0,1,1,1,1783468416
2026-07-08T00:09:24Z,861,1,0,9,1,0,1,1,1,1783468265
2026-07-08T00:09:24Z,862,3,1,12,0,0,1,1,1,1783468291
2026-07-08T00:09:24Z,863,10,3,8,1,0,1,1,1,1783468749
2026-07-08T00:09:24Z,866,7,0,12,0,0,1,1,1,1783468417
2026-07-08T00:09:24Z,867,13,0,1,1,0,1,1,1,1783468269
2026-07-08T00:09:24Z,868,14,4,1,0,0,1,1,1,1783468326
2026-07-08T00:09:24Z,870,11,3,4,0,0,1,1,1,1783468330
2026-07-08T00:09:24Z,871,1,0,9,1,0,1,1,1,1783468267
2026-07-08T00:09:24Z,872,8,2,5,2,0,1,1,1,1783468355
2026-07-08T00:09:24Z,873,1,1,30,2,0,1,1,1,1783468652
2026-07-08T00:09:24Z,874,6,1,8,1,0,1,1,1,1783469094
2026-07-08T00:09:24Z,875,8,3,7,0,0,1,1,1,1783468416
2026-07-08T00:09:24Z,877,5,4,12,2,0,1,1,1,1783468428
2026-07-08T00:09:24Z,878,8,0,11,0,0,1,1,1,1783468438
2026-07-08T00:09:24Z,879,6,1,11,2,0,1,1,1,1783469268
2026-07-08T00:09:24Z,880,12,2,10,1,0,1,1,1,1783468559
2026-07-08T00:09:24Z,881,4,0,12,3,0,1,1,1,1783468461
2026-07-08T00:09:24Z,882,12,4,6,1,0,1,1,1,1783468403
2026-07-08T00:09:24Z,883,11,5,8,0,0,1,1,1,1783468366
2026-07-08T00:09:24Z,884,6,5,14,1,0,1,1,1,1783468488
2026-07-08T00:09:24Z,885,19,1,0,0,0,1,1,1,1783468363
2026-07-08T00:09:24Z,886,6,4,20,3,0,1,1,1,1783469220
2026-07-08T00:09:24Z,887,3,0,13,1,0,1,1,1,1783468311
2026-07-08T00:09:24Z,888,3,1,38,0,0,1,1,1,1783469138
2026-07-08T00:09:24Z,889,18,0,0,1,0,1,1,1,1783469287
2026-07-08T00:09:24Z,890,1,1,14,0,0,1,1,1,1783468373
2026-07-08T00:09:24Z,891,10,1,10,3,0,1,1,1,1783468603
2026-07-08T00:09:24Z,892,14,2,0,1,0,1,1,1,1783468384
2026-07-08T00:09:24Z,895,10,1,9,0,0,1,1,1,1783468354
2026-07-08T00:09:24Z,896,19,0,16,0,0,1,1,1,1783468703
2026-07-08T00:09:24Z,897,10,1,10,1,0,1,1,1,1783468473
2026-07-08T00:09:24Z,898,14,0,5,0,0,1,1,1,1783468394
2026-07-08T00:09:24Z,899,16,0,3,0,0,1,1,1,1783468961
2026-07-08T00:09:24Z,900,26,1,1,0,0,1,1,1,1783469265
2026-07-08T00:09:24Z,901,16,0,3,0,0,1,1,1,1783469172
2026-07-08T00:09:24Z,902,2,0,11,2,0,1,1,1,1783468543
2026-07-08T00:09:24Z,903,3,0,16,0,0,1,1,1,1783468385
2026-07-08T00:09:24Z,904,8,0,8,3,0,1,1,1,1783468405
2026-07-08T00:09:24Z,905,3,0,23,1,0,1,1,1,1783469201
2026-07-08T00:09:24Z,906,8,7,15,4,0,1,1,1,1783469103
2026-07-08T00:09:24Z,907,6,2,24,1,0,1,1,1,1783469360
2026-07-08T00:09:24Z,908,7,3,15,1,0,1,1,1,1783468470
2026-07-08T00:09:24Z,909,20,0,3,0,0,1,1,1,1783469326
2026-07-08T00:09:24Z,910,23,0,7,1,0,1,1,1,1783469325
2026-07-08T00:09:24Z,911,12,0,6,1,0,1,1,1,1783468398
2026-07-08T00:09:24Z,912,21,5,0,2,0,1,1,1,1783469195
2026-07-08T00:09:24Z,913,11,4,8,0,0,1,1,1,1783469116
2026-07-08T00:09:24Z,914,3,0,15,1,0,1,1,1,1783469287
2026-07-08T00:09:24Z,915,20,3,2,1,0,1,1,1,1783469192
2026-07-08T00:09:24Z,916,21,1,2,0,0,1,1,1,1783469340
2026-07-08T00:09:24Z,917,1,0,34,0,0,1,1,1,1783468648
2026-07-08T00:09:24Z,918,6,0,13,0,0,1,1,1,1783469043
2026-07-08T00:09:24Z,919,7,0,31,1,0,1,1,1,1783469284
2026-07-08T00:09:24Z,920,8,3,10,1,0,1,1,1,1783468384
2026-07-08T00:09:24Z,921,17,0,2,2,0,1,1,1,1783468662
2026-07-08T00:09:24Z,922,10,0,11,0,0,1,1,1,1783469086
2026-07-08T00:09:24Z,923,2,0,16,1,0,1,1,1,1783469293
2026-07-08T00:09:24Z,924,6,1,14,1,0,1,1,1,1783469303
2026-07-08T00:09:24Z,925,4,0,15,2,0,1,1,1,1783468215
2026-07-08T00:09:24Z,926,3,0,17,1,0,1,1,1,1783468386
2026-07-08T00:09:24Z,927,0,0,34,0,0,1,1,1,1783468638
2026-07-08T00:09:24Z,928,5,0,14,0,0,1,1,1,1783469275
2026-07-08T00:09:24Z,929,2,1,21,0,0,1,1,1,1783469193
2026-07-08T00:09:24Z,930,17,0,13,1,0,1,1,1,1783469077
2026-07-08T00:09:24Z,931,10,5,13,0,0,1,1,1,1783469332
2026-07-08T00:09:24Z,932,3,0,16,0,0,1,1,1,1783468923
2026-07-08T00:09:24Z,933,16,0,6,1,0,1,1,1,1783469297
2026-07-08T00:09:24Z,934,1,0,30,0,0,1,1,1,1783469333
2026-07-08T00:09:24Z,935,13,3,3,3,0,1,1,1,1783469280
2026-07-08T00:09:24Z,936,1,0,18,0,0,1,1,1,1783469242
2026-07-08T00:09:24Z,940,11,1,0,0,0,1,1,1,1783468723
2026-07-08T00:09:24Z,941,14,2,11,0,0,1,1,1,1783468964
2026-07-08T00:09:24Z,942,2,0,19,0,0,1,1,1,1783469250
2026-07-08T00:09:24Z,943,4,4,10,1,0,1,1,1,1783468280
2026-07-08T00:09:24Z,944,7,7,7,1,0,1,1,1,1783468332
2026-07-08T00:09:24Z,945,6,3,8,1,0,1,1,1,1783468322
2026-07-08T00:09:24Z,946,10,7,9,0,0,1,1,1,1783468359
2026-07-08T00:09:24Z,947,8,6,9,0,0,1,1,1,1783468316
2026-07-08T00:09:24Z,948,3,3,25,3,0,1,1,1,1783469349
2026-07-08T00:09:24Z,949,2,1,13,0,0,1,1,1,1783469092
2026-07-08T00:09:24Z,950,2,0,13,2,0,1,1,1,1783469325
2026-07-08T00:09:24Z,951,7,0,14,2,0,1,1,1,1783469236
2026-07-08T00:09:24Z,952,26,2,22,7,0,1,1,1,1783469354
2026-07-08T00:09:24Z,953,9,1,5,1,0,1,1,1,1783469349
2026-07-08T00:09:24Z,954,15,1,3,1,0,1,1,1,1783469042
2026-07-08T00:09:24Z,955,7,5,15,5,0,1,1,1,1783468490
2026-07-08T00:09:24Z,956,17,0,0,2,0,1,1,1,1783469098
2026-07-08T00:09:24Z,957,25,3,4,0,0,1,1,1,1783469323
2026-07-08T00:09:24Z,958,24,0,4,3,0,1,1,1,1783469324
2026-07-08T00:09:24Z,959,6,2,16,1,0,1,1,1,1783468627
2026-07-08T00:09:24Z,960,22,3,0,1,0,1,1,1,1783469187
2026-07-08T00:09:24Z,961,0,0,19,4,0,1,1,1,1783469233
2026-07-08T00:09:24Z,962,21,8,7,7,0,1,1,1,1783469139
2026-07-08T00:09:24Z,963,15,0,8,0,0,1,1,1,1783469280
2026-07-08T00:09:24Z,964,14,8,8,1,0,1,1,1,1783469242
2026-07-08T00:09:24Z,965,7,4,18,2,0,1,1,1,1783469354
2026-07-08T00:09:24Z,966,3,3,28,0,0,1,1,1,1783469050
2026-07-08T00:09:24Z,967,9,0,10,2,0,1,1,1,1783469345
2026-07-08T00:09:24Z,968,9,2,10,0,0,1,1,1,1783469348
2026-07-08T00:09:24Z,969,19,7,6,2,0,1,1,1,1783468531
2026-07-08T00:09:24Z,970,11,3,7,1,0,1,1,1,1783469307
2026-07-08T00:09:24Z,971,20,0,1,2,0,1,1,1,1783468962
2026-07-08T00:09:24Z,972,17,0,6,0,0,1,1,1,1783468503
2026-07-08T00:09:24Z,973,0,0,22,1,0,1,1,1,1783468486
2026-07-08T00:09:24Z,974,1,0,25,1,0,1,1,1,1783469139
2026-07-08T00:09:24Z,977,1,0,18,2,0,1,1,1,1783468918
2026-07-08T00:09:24Z,978,11,4,12,0,0,1,1,1,1783468592
2026-07-08T00:09:24Z,979,1,0,13,3,0,1,1,1,1783469110
2026-07-08T00:09:24Z,980,0,0,21,0,0,1,1,1,1783469154
2026-07-08T00:09:24Z,981,16,4,4,1,0,1,1,1,1783469245
2026-07-08T00:09:24Z,982,4,1,15,0,0,1,1,1,1783468392
2026-07-08T00:09:24Z,983,0,0,23,0,0,1,1,1,1783468523
2026-07-08T00:09:24Z,984,20,8,0,3,0,1,1,1,1783468527
2026-07-08T00:09:24Z,985,27,0,4,0,0,1,1,1,1783469041
2026-07-08T00:09:24Z,986,8,7,11,0,0,1,1,1,1783468420
2026-07-08T00:09:24Z,987,3,0,19,1,0,1,1,1,1783468494
2026-07-08T00:09:24Z,988,6,0,11,2,0,1,1,1,1783468955
2026-07-08T00:09:24Z,989,14,10,3,2,0,1,1,1,1783468454
2026-07-08T00:09:24Z,990,5,1,9,1,0,1,1,1,1783469138
2026-07-08T00:09:24Z,991,17,9,2,0,0,1,1,1,1783468482
2026-07-08T00:09:24Z,992,4,2,18,1,0,1,1,1,1783469089
2026-07-08T00:09:24Z,993,0,0,25,2,0,1,1,1,1783468551
2026-07-08T00:09:24Z,994,1,0,18,2,0,1,1,1,1783468539
2026-07-08T00:09:24Z,995,0,0,27,0,0,1,1,1,1783468514
2026-07-08T00:09:24Z,996,9,4,12,2,0,1,1,1,1783468545
2026-07-08T00:09:24Z,997,6,2,12,5,0,1,1,1,1783469246
2026-07-08T00:09:24Z,998,4,1,19,0,0,1,1,1,1783468507
2026-07-08T00:09:24Z,999,7,2,12,1,1,1,1,1,1783468496
2026-07-08T00:09:24Z,1000,5,0,15,1,0,1,1,1,1783468437
2026-07-08T00:09:24Z,1001,2,0,25,0,0,1,1,1,1783468513
2026-07-08T00:09:24Z,1002,0,0,31,0,0,1,1,1,1783468567
2026-07-08T00:09:24Z,1003,0,0,23,0,0,1,1,1,1783468481
2026-07-08T00:09:24Z,1004,7,0,16,0,0,1,1,1,1783469138
2026-07-08T00:09:24Z,1005,5,2,17,1,0,1,1,1,1783468485
2026-07-08T00:09:24Z,1006,10,1,9,0,0,1,1,1,1783468408
2026-07-08T00:09:24Z,1007,2,0,18,1,0,1,1,1,1783468434
2026-07-08T00:09:24Z,1008,18,8,5,0,0,1,1,1,1783468515
2026-07-08T00:09:24Z,1009,5,1,24,2,0,1,1,1,1783469139
2026-07-08T00:09:24Z,1010,9,8,18,0,0,1,1,1,1783468555
2026-07-08T00:09:24Z,1011,2,1,15,2,0,1,1,1,1783468403
2026-07-08T00:09:24Z,1012,1,0,21,1,0,1,1,1,1783468493
2026-07-08T00:09:24Z,1013,4,2,18,1,0,1,1,1,1783469208
2026-07-08T00:09:24Z,1014,7,2,15,1,0,1,1,1,1783468479
2026-07-08T00:09:24Z,1015,8,3,23,0,0,1,1,1,1783468582
2026-07-08T00:09:24Z,1016,16,6,14,1,0,1,1,1,1783468640
2026-07-08T00:09:24Z,1017,8,0,12,1,0,1,1,1,1783468457
2026-07-08T00:09:24Z,1018,3,2,13,5,0,1,1,1,1783468486
2026-07-08T00:09:24Z,1019,13,1,1,1,0,1,1,1,1783468343
2026-07-08T00:09:24Z,1020,14,2,7,0,0,1,1,1,1783468452
2026-07-08T00:09:24Z,1021,12,6,3,0,0,1,1,1,1783468352
2026-07-08T00:09:24Z,1022,10,1,17,0,0,1,1,1,1783468523
2026-07-08T00:09:24Z,1023,13,0,10,0,0,1,1,1,1783468538
2026-07-08T00:09:24Z,1024,1,0,18,0,0,1,1,1,1783468396
2026-07-08T00:09:24Z,1025,15,1,4,0,0,1,1,1,1783468480
2026-07-08T00:09:24Z,1026,10,7,20,1,0,1,1,1,1783468597
2026-07-08T00:09:24Z,1028,16,4,7,0,0,1,1,1,1783468521
2026-07-08T00:09:24Z,1029,10,8,2,3,0,1,1,1,1783468354
2026-07-08T00:09:24Z,1030,17,5,6,0,0,1,1,1,1783468542
2026-07-08T00:09:24Z,1031,2,2,16,1,0,1,1,1,1783468410
2026-07-08T00:09:24Z,1032,10,3,9,0,0,1,1,1,1783468413
2026-07-08T00:09:24Z,1033,16,8,2,1,0,1,1,1,1783468453
2026-07-08T00:09:24Z,1034,8,0,7,0,0,1,1,1,1783468342
2026-07-08T00:09:24Z,1035,3,0,15,1,0,1,1,1,1783469294
2026-07-08T00:09:24Z,1036,14,4,1,0,0,1,1,1,1783468355
2026-07-08T00:09:24Z,1037,0,0,19,0,0,1,1,1,1783469036
2026-07-08T00:09:24Z,1038,0,0,15,0,0,1,1,1,1783468330
2026-07-08T00:09:24Z,1039,12,6,7,0,0,1,1,1,1783468420
2026-07-08T00:09:24Z,1040,1,0,17,1,0,1,1,1,1783468418
2026-07-08T00:09:24Z,1041,3,2,16,0,0,1,1,1,1783468397
2026-07-08T00:09:24Z,1042,9,2,6,0,0,1,1,1,1783468340
2026-07-08T00:09:24Z,1043,8,6,11,0,0,1,1,1,1783468417
2026-07-08T00:09:24Z,1044,0,0,15,0,0,1,1,1,1783468330
2026-07-08T00:09:24Z,1045,2,1,17,0,0,1,1,1,1783468406
2026-07-08T00:09:24Z,1046,7,0,5,3,0,1,1,1,1783469033
2026-07-08T00:09:24Z,1047,1,1,19,1,0,1,1,1,1783468427
2026-07-08T00:09:24Z,1048,14,1,5,0,0,1,1,1,1783468390
2026-07-08T00:09:24Z,1049,10,2,11,0,0,1,1,1,1783469355
2026-07-08T00:09:24Z,1050,17,1,2,2,0,1,1,1,1783468554
2026-07-08T00:09:24Z,1051,16,3,4,1,0,1,1,1,1783469148
2026-07-08T00:09:24Z,1052,11,1,11,0,0,1,1,1,1783468499
2026-07-08T00:09:24Z,1053,6,0,9,0,0,1,1,1,1783468347
2026-07-08T00:09:24Z,1054,12,4,3,0,0,1,1,1,1783468342
2026-07-08T00:09:24Z,1055,8,0,11,0,0,1,1,1,1783468580
2026-07-08T00:09:24Z,1057,4,1,15,0,0,1,1,1,1783469269
2026-07-08T00:09:24Z,1058,8,2,47,1,0,1,1,1,1783469358
2026-07-08T00:09:24Z,1059,6,2,13,0,0,1,1,1,1783468386
2026-07-08T00:09:24Z,1060,37,14,0,0,0,1,1,1,1783469208
2026-07-08T00:09:24Z,1061,2,0,35,0,0,1,1,1,1783468684
2026-07-08T00:09:24Z,1062,5,0,12,0,0,1,1,1,1783468451
2026-07-08T00:09:24Z,1063,11,3,6,2,0,1,1,1,1783469208
2026-07-08T00:09:24Z,1064,11,2,12,0,0,1,1,1,1783468479
2026-07-08T00:09:24Z,1065,10,2,11,2,0,1,1,1,1783468522
2026-07-08T00:09:24Z,1066,14,3,7,2,0,1,1,1,1783468544
2026-07-08T00:09:24Z,1067,7,0,13,3,0,1,1,1,1783468497
2026-07-08T00:09:24Z,1068,13,1,9,1,0,1,1,1,1783468488
2026-07-08T00:09:24Z,1069,3,0,19,1,0,1,1,1,1783468519
2026-07-08T00:09:24Z,1070,7,4,15,1,0,1,1,1,1783468496
2026-07-08T00:09:24Z,1071,0,0,22,1,0,1,1,1,1783468484
2026-07-08T00:09:24Z,1072,13,2,8,2,0,1,1,1,1783468527
2026-07-08T00:09:24Z,1073,1,0,25,1,0,1,1,1,1783468565
2026-07-08T00:09:24Z,1074,34,0,16,3,0,1,1,1,1783469357
2026-07-08T00:09:24Z,1075,10,9,11,0,0,1,1,1,1783468461
2026-07-08T00:09:24Z,1076,12,7,9,0,0,1,1,1,1783468561
2026-07-08T00:09:24Z,1077,9,8,12,0,0,1,1,1,1783468457
2026-07-08T00:09:24Z,1078,5,3,16,0,0,1,1,1,1783468156
2026-07-08T00:09:24Z,1079,10,8,11,0,0,1,1,1,1783468448
2026-07-08T00:09:24Z,1080,10,8,11,0,0,1,1,1,1783468479
2026-07-08T00:09:24Z,1081,12,10,7,0,0,1,1,1,1783468555
2026-07-08T00:09:24Z,1082,13,11,10,0,0,1,1,1,1783469259
2026-07-08T00:09:24Z,1083,10,8,11,0,0,1,1,1,1783468466
2026-07-08T00:09:24Z,1084,9,7,12,0,0,1,1,1,1783468920
2026-07-08T00:09:24Z,1085,10,9,11,0,0,1,1,1,1783468542
2026-07-08T00:09:24Z,1086,8,6,13,0,0,1,1,1,1783468599
2026-07-08T00:09:24Z,1087,10,9,5,0,0,1,1,1,1783468368
2026-07-08T00:09:24Z,1088,6,4,9,0,0,1,1,1,1783468380
2026-07-08T00:09:24Z,1089,8,6,7,0,0,1,1,1,1783468348
2026-07-08T00:09:24Z,1090,9,8,6,0,0,1,1,1,1783468349
2026-07-08T00:09:24Z,1091,10,8,5,0,0,1,1,1,1783468352
2026-07-08T00:09:24Z,1092,7,6,8,0,0,1,1,1,1783468386
2026-07-08T00:09:24Z,1093,9,7,6,0,0,1,1,1,1783468359
2026-07-08T00:09:24Z,1094,12,9,7,0,0,1,1,1,1783468389
2026-07-08T00:09:24Z,1095,8,6,7,0,0,1,1,1,1783468292
2026-07-08T00:09:24Z,1096,9,7,10,0,0,1,1,1,1783468649
2026-07-08T00:09:24Z,1097,9,9,6,0,0,1,1,1,1783468370
2026-07-08T00:09:24Z,1098,8,6,11,0,0,1,1,1,1783468415
2026-07-08T00:09:24Z,1099,10,8,5,0,0,1,1,1,1783469009
2026-07-08T00:09:24Z,1100,9,5,18,2,0,1,1,1,1783468584
2026-07-08T00:09:24Z,1101,12,7,8,1,0,1,1,1,1783468476
2026-07-08T00:09:24Z,1102,9,4,4,0,0,1,1,1,1783468297
2026-07-08T00:09:24Z,1103,10,5,9,2,0,1,1,1,1783468462
2026-07-08T00:09:24Z,1104,7,5,14,0,0,1,1,1,1783469240
2026-07-08T00:09:24Z,1105,6,2,5,2,0,1,1,1,1783468289
2026-07-08T00:09:24Z,1106,10,5,10,1,0,1,1,1,1783468459
2026-07-08T00:09:24Z,1107,9,4,5,1,0,1,1,1,1783468334
2026-07-08T00:09:24Z,1108,4,2,20,3,0,1,1,1,1783468528
2026-07-08T00:09:24Z,1109,10,5,5,0,0,1,1,1,1783468337
2026-07-08T00:09:24Z,1110,11,0,9,1,0,1,1,1,1783468445
2026-07-08T00:09:24Z,1111,5,0,16,0,0,1,1,1,1783468445
2026-07-08T00:09:24Z,1112,4,2,49,0,0,1,1,1,1783469306
2026-07-08T00:09:24Z,1113,2,2,19,0,0,1,1,1,1783468376
2026-07-08T00:09:24Z,1115,9,0,12,2,0,1,1,1,1783468665
2026-07-08T00:09:24Z,1116,1,0,18,0,0,1,1,1,1783468398
2026-07-08T00:09:24Z,1117,4,2,18,1,0,1,1,1,1783469259
2026-07-08T00:09:24Z,1118,18,0,3,0,0,1,1,1,1783469343
2026-07-08T00:09:24Z,1119,6,2,10,1,0,1,1,1,1783468966
2026-07-08T00:09:24Z,1120,15,1,1,3,0,1,1,1,1783469281
2026-07-08T00:09:24Z,1121,11,1,9,1,0,1,1,1,1783469325
2026-07-08T00:09:24Z,1122,2,0,18,1,0,1,1,1,1783468937
2026-07-08T00:09:24Z,1123,6,0,15,2,0,1,1,1,1783469312
2026-07-08T00:09:24Z,1124,12,0,2,1,0,1,1,1,1783468307
2026-07-08T00:09:24Z,1125,15,0,8,0,0,1,1,1,1783468492
2026-07-08T00:09:24Z,1126,6,1,14,1,0,1,1,1,1783469324
2026-07-08T00:09:24Z,1127,8,1,11,0,0,1,1,1,1783468396
2026-07-08T00:09:24Z,1128,13,2,1,1,0,1,1,1,1783468336
2026-07-08T00:09:24Z,1129,5,2,16,0,0,1,1,1,1783468402
2026-07-08T00:09:24Z,1130,13,0,1,1,0,1,1,1,1783469172
2026-07-08T00:09:24Z,1131,0,0,49,0,0,1,1,1,1783469028
2026-07-08T00:09:24Z,1132,11,0,8,2,0,1,1,1,1783468429
2026-07-08T00:09:24Z,1133,9,1,10,2,0,1,1,1,1783469144
2026-07-08T00:09:24Z,1134,11,5,7,1,0,1,1,1,1783468521
2026-07-08T00:09:24Z,1135,13,7,8,0,0,1,1,1,1783468453
2026-07-08T00:09:24Z,1136,21,0,1,1,0,1,1,1,1783468936
2026-07-08T00:09:24Z,1137,1,1,14,0,0,1,1,1,1783469092
2026-07-08T00:09:24Z,1138,18,0,1,0,0,1,1,1,1783469354
2026-07-08T00:09:24Z,1139,9,1,12,0,0,1,1,1,1783468463
2026-07-08T00:09:24Z,1140,17,1,4,2,0,1,1,1,1783469249
2026-07-08T00:09:24Z,1141,3,2,16,2,0,1,1,1,1783469356
2026-07-08T00:09:24Z,1142,5,0,16,0,0,1,1,1,1783468862
2026-07-08T00:09:24Z,1143,22,1,6,1,0,1,1,1,1783469053
2026-07-08T00:09:24Z,1144,3,1,17,1,0,1,1,1,1783400779
2026-07-08T00:09:24Z,1145,6,2,11,3,0,1,1,1,1783469203
2026-07-08T00:09:24Z,1146,9,2,10,0,0,1,1,1,1783469321
2026-07-08T00:09:24Z,1147,5,1,14,0,0,1,1,1,1783469342
2026-07-08T00:09:24Z,1148,6,1,24,1,0,1,1,1,1783469240
2026-07-08T00:09:24Z,1149,0,0,25,0,0,1,1,1,1783468591
2026-07-08T00:09:24Z,1150,12,0,5,2,0,1,1,1,1783469357
2026-07-08T00:09:24Z,1151,2,0,18,1,0,1,1,1,1783469298
2026-07-08T00:09:24Z,1152,11,0,15,3,0,1,1,1,1783468729
2026-07-08T00:09:24Z,1153,13,0,9,1,0,1,1,1,1783468879
2026-07-08T00:09:24Z,1154,1,0,16,2,0,1,1,1,1783468628
2026-07-08T00:09:24Z,1155,12,4,7,2,0,1,1,1,1783469344
2026-07-08T00:09:24Z,1158,9,0,10,0,0,1,1,1,1783468402
2026-07-08T00:09:24Z,1159,6,4,13,0,0,1,1,1,1783468844
2026-07-08T00:09:24Z,1160,10,2,8,1,0,1,1,1,1783469086
2026-07-08T00:09:24Z,1161,8,2,11,0,0,1,1,1,1783468434
2026-07-08T00:09:24Z,1162,7,4,11,1,0,1,1,1,1783468904
2026-07-08T00:09:24Z,1163,2,2,17,0,0,1,1,1,1783468385
2026-07-08T00:09:24Z,1164,9,0,10,0,0,1,1,1,1783468389
2026-07-08T00:09:24Z,1165,3,1,17,1,0,1,1,1,1783468977
2026-07-08T00:09:24Z,1166,0,0,20,0,0,1,1,1,1783468420
2026-07-08T00:09:24Z,1167,13,2,2,0,0,1,1,1,1783468326
2026-07-08T00:09:24Z,1168,1,1,22,0,0,1,1,1,1783468533
2026-07-08T00:09:24Z,1169,3,2,15,1,0,1,1,1,1783468400
2026-07-08T00:09:24Z,1170,8,5,13,0,0,1,1,1,1783468580
2026-07-08T00:09:24Z,1171,16,14,6,1,0,1,1,1,1783468550
2026-07-08T00:09:24Z,1172,9,3,4,2,0,1,1,1,1783468343
2026-07-08T00:09:24Z,1173,5,5,13,1,0,1,1,1,1783468651
2026-07-08T00:09:24Z,1174,3,1,11,1,0,1,1,1,1783468330
2026-07-08T00:09:24Z,1175,5,0,14,0,0,1,1,1,1783468376
2026-07-08T00:09:24Z,1176,19,5,2,0,0,1,1,1,1783468437
2026-07-08T00:09:24Z,1177,11,2,10,0,0,1,1,1,1783468430
2026-07-08T00:09:24Z,1178,4,0,9,2,0,1,1,1,1783468454
2026-07-08T00:09:24Z,1181,13,1,2,0,0,1,1,1,1783468884
2026-07-08T00:09:24Z,1182,1,0,18,1,0,1,1,1,1783469214
2026-07-08T00:09:24Z,1183,15,0,20,2,0,1,1,1,1783469173
2026-07-08T00:09:24Z,1184,15,7,5,1,0,1,1,1,1783469273
2026-07-08T00:09:24Z,1185,13,6,8,0,0,1,1,1,1783468999
2026-07-08T00:09:24Z,1186,9,5,9,1,0,1,1,1,1783468396
2026-07-08T00:09:24Z,1188,8,4,7,0,0,1,1,1,1783467882
2026-07-08T00:09:24Z,1189,10,5,9,0,0,1,1,1,1783467956
2026-07-08T00:09:24Z,1190,9,5,12,0,0,1,1,1,1783468432
2026-07-08T00:09:24Z,1191,8,4,6,1,0,1,1,1,1783468480
2026-07-08T00:09:24Z,1192,8,4,12,1,0,1,1,1,1783468486
2026-07-08T00:09:24Z,1193,3,1,9,1,0,1,1,1,1783468279
2026-07-08T00:09:24Z,1197,13,3,3,1,0,1,1,1,1783468343
2026-07-08T00:09:24Z,1198,15,9,6,0,0,1,1,1,1783468448
2026-07-08T00:09:24Z,1199,3,3,16,0,0,1,1,1,1783468384
2026-07-08T00:09:24Z,1200,11,4,4,0,0,1,1,1,1783468180
2026-07-08T00:09:24Z,1201,8,4,6,1,0,1,1,1,1783468204
2026-07-08T00:09:24Z,1202,9,5,6,0,0,1,1,1,1783468171
2026-07-08T00:09:24Z,1203,9,5,6,0,0,1,1,1,1783468176
2026-07-08T00:09:24Z,1218,7,4,14,0,0,1,1,1,1783468479
2026-07-08T00:09:24Z,1224,0,0,3,0,0,0,1,1,1781869449
2026-07-08T00:09:24Z,1225,0,0,3,0,0,0,1,1,1781868919
2026-07-08T00:09:24Z,1226,0,0,3,0,0,0,1,1,1781868931
2026-07-08T00:14:24Z,1,0,0,23,0,0,1,1,1,1783467835
2026-07-08T00:14:24Z,2,9,1,17,1,0,1,1,1,1783469537
2026-07-08T00:14:24Z,3,9,0,8,1,0,1,1,1,1783469080
2026-07-08T00:14:24Z,4,2,0,21,0,0,1,1,1,1783469060
2026-07-08T00:14:24Z,5,8,6,11,4,0,1,1,1,1783469468
2026-07-08T00:14:24Z,6,6,0,9,0,0,1,1,1,1783469595
2026-07-08T00:14:24Z,7,22,0,1,0,0,1,1,1,1783469379
2026-07-08T00:14:24Z,8,41,1,2,0,0,1,1,1,1783469495
2026-07-08T00:14:24Z,9,2,0,20,1,0,1,1,1,1783469414
2026-07-08T00:14:24Z,10,7,2,16,0,0,1,1,1,1783468042
2026-07-08T00:14:24Z,11,0,0,19,0,0,1,1,1,1783468438
2026-07-08T00:14:24Z,12,1,0,22,0,0,1,1,1,1783469533
2026-07-08T00:14:24Z,13,29,1,1,0,0,1,1,1,1783468966
2026-07-08T00:14:24Z,14,40,1,3,0,0,1,1,1,1783469608
2026-07-08T00:14:24Z,15,11,2,3,1,0,1,1,1,1783469532
2026-07-08T00:14:24Z,16,3,2,24,0,0,1,1,1,1783469555
2026-07-08T00:14:24Z,17,13,0,13,1,0,1,1,1,1783469370
2026-07-08T00:14:24Z,18,19,1,0,0,0,1,1,1,1783469247
2026-07-08T00:14:24Z,19,8,1,19,0,0,1,1,1,1783469647
2026-07-08T00:14:24Z,20,11,0,16,0,0,1,1,1,1783468980
2026-07-08T00:14:24Z,21,11,1,7,1,0,1,1,1,1783469616
2026-07-08T00:14:24Z,22,1,0,65,1,0,1,1,1,1783468807
2026-07-08T00:14:24Z,23,16,0,15,0,0,1,1,1,1783469631
2026-07-08T00:14:24Z,24,2,2,7,2,0,1,1,1,1783469649
2026-07-08T00:14:24Z,25,14,2,61,6,0,1,1,1,1783469637
2026-07-08T00:14:24Z,26,4,0,23,0,0,1,1,1,1783469633
2026-07-08T00:14:24Z,28,7,3,8,0,0,1,1,1,1783469383
2026-07-08T00:14:24Z,30,12,0,12,3,0,1,1,1,1783469283
2026-07-08T00:14:24Z,31,0,0,19,0,0,1,1,1,1783468792
2026-07-08T00:14:24Z,32,17,2,10,0,0,1,1,1,1783469642
2026-07-08T00:14:24Z,34,26,1,11,0,0,1,1,1,1783469466
2026-07-08T00:14:24Z,35,4,0,40,3,0,1,1,1,1783469623
2026-07-08T00:14:24Z,36,0,0,0,0,0,0,1,1,86400
2026-07-08T00:14:24Z,37,18,2,4,1,0,1,1,1,1783469638
2026-07-08T00:14:24Z,38,2,0,21,0,0,1,1,1,1783469628
2026-07-08T00:14:24Z,39,22,3,9,0,0,1,1,1,1783469568
2026-07-08T00:14:24Z,40,3,1,18,0,0,1,1,1,1783469583
2026-07-08T00:14:24Z,41,4,0,21,2,0,1,1,1,1783469634
2026-07-08T00:14:24Z,42,3,0,27,1,0,1,1,1,1783469029
2026-07-08T00:14:24Z,43,18,2,5,0,0,1,1,1,1783469621
2026-07-08T00:14:24Z,45,1,1,26,3,1,1,1,1,1783469617
2026-07-08T00:14:24Z,46,0,0,29,1,1,1,1,1,1783469540
2026-07-08T00:14:24Z,47,4,0,10,1,0,1,1,1,1783469642
2026-07-08T00:14:24Z,48,2,1,25,0,0,1,1,1,1783469340
2026-07-08T00:14:24Z,49,1,0,19,3,0,1,1,1,1783469642
2026-07-08T00:14:24Z,50,3,3,16,0,0,1,1,1,1783468880
2026-07-08T00:14:24Z,51,1,0,77,0,0,1,1,1,1783469022
2026-07-08T00:14:24Z,52,0,0,25,2,0,1,1,1,1783469471
2026-07-08T00:14:24Z,55,1,0,20,0,1,1,1,1,1783469461
2026-07-08T00:14:24Z,57,0,0,27,0,0,1,1,1,1783469239
2026-07-08T00:14:24Z,58,5,2,23,0,0,1,1,1,1783469388
2026-07-08T00:14:24Z,59,1,0,24,2,0,1,1,1,1783469604
2026-07-08T00:14:24Z,61,0,0,37,2,0,1,1,1,1783469462
2026-07-08T00:14:24Z,62,3,1,44,2,0,1,1,1,1783469427
2026-07-08T00:14:24Z,63,0,0,19,0,0,1,1,1,1783468347
2026-07-08T00:14:24Z,64,16,0,2,1,0,1,1,1,1783468930
2026-07-08T00:14:24Z,65,4,1,13,2,0,1,1,1,1783467903
2026-07-08T00:14:24Z,67,1,0,38,0,0,1,1,1,1783469380
2026-07-08T00:14:24Z,68,0,0,37,0,0,1,1,1,1783469106
2026-07-08T00:14:24Z,69,14,2,1,0,0,1,1,1,1783468047
2026-07-08T00:14:24Z,71,0,0,27,0,0,1,1,1,1783469566
2026-07-08T00:14:24Z,72,1,0,30,0,0,1,1,1,1783469524
2026-07-08T00:14:24Z,73,0,0,22,1,0,1,1,1,1783469552
2026-07-08T00:14:24Z,74,6,2,13,0,0,1,1,1,1783468959
2026-07-08T00:14:24Z,75,0,0,34,1,0,1,1,1,1783468816
2026-07-08T00:14:24Z,76,3,0,16,0,0,1,1,1,1783468346
2026-07-08T00:14:24Z,77,10,0,13,4,0,1,1,1,1783469651
2026-07-08T00:14:24Z,78,0,0,23,0,0,1,1,1,1783467209
2026-07-08T00:14:24Z,79,4,0,13,0,0,1,1,1,1783469299
2026-07-08T00:14:24Z,80,19,0,2,2,0,1,1,1,1783469592
2026-07-08T00:14:24Z,81,21,0,1,8,1,1,1,1,1783469644
2026-07-08T00:14:24Z,82,0,0,21,2,0,1,1,1,1783469199
2026-07-08T00:14:24Z,83,2,2,28,4,0,1,1,1,1783469609
2026-07-08T00:14:24Z,84,21,1,4,2,0,1,1,1,1783469650
2026-07-08T00:14:24Z,85,1,0,13,0,0,1,1,1,1783469522
2026-07-08T00:14:24Z,86,4,0,22,1,0,1,1,1,1783467511
2026-07-08T00:14:24Z,87,0,0,19,0,0,1,1,1,1783464851
2026-07-08T00:14:24Z,88,22,1,9,0,0,1,1,1,1783469611
2026-07-08T00:14:24Z,89,0,0,35,0,0,1,1,1,1783464840
2026-07-08T00:14:24Z,90,3,0,15,1,0,1,1,1,1783469613
2026-07-08T00:14:24Z,91,5,0,12,0,0,1,1,1,1783469528
2026-07-08T00:14:24Z,92,15,0,2,2,0,1,1,1,1783469566
2026-07-08T00:14:24Z,93,17,1,5,1,0,1,1,1,1783469316
2026-07-08T00:14:24Z,94,1,1,18,0,0,1,1,1,1783468543
2026-07-08T00:14:24Z,95,2,0,31,1,1,1,1,1,1783469650
2026-07-08T00:14:24Z,96,10,0,19,2,0,1,1,1,1783469615
2026-07-08T00:14:24Z,97,8,1,7,0,0,1,1,1,1783469615
2026-07-08T00:14:24Z,98,10,1,22,3,0,1,1,1,1783469475
2026-07-08T00:14:24Z,99,7,0,7,0,0,1,1,1,1783469602
2026-07-08T00:14:24Z,100,12,0,14,1,0,1,1,1,1783469523
2026-07-08T00:14:24Z,101,4,0,9,2,0,1,1,1,1783468612
2026-07-08T00:14:24Z,102,12,0,11,0,0,1,1,1,1783469048
2026-07-08T00:14:24Z,103,2,0,26,4,0,1,1,1,1783469495
2026-07-08T00:14:24Z,104,1,0,24,2,0,1,1,1,1783469600
2026-07-08T00:14:24Z,105,13,0,6,0,0,1,1,1,1783469173
2026-07-08T00:14:24Z,106,1,0,20,0,0,1,1,1,1783469312
2026-07-08T00:14:24Z,107,32,1,5,0,0,1,1,1,1783469322
2026-07-08T00:14:24Z,108,10,0,23,2,0,1,1,1,1783469136
2026-07-08T00:14:24Z,109,17,0,6,0,0,1,1,1,1783469419
2026-07-08T00:14:24Z,110,21,0,2,0,0,1,1,1,1783469308
2026-07-08T00:14:24Z,111,3,3,32,1,0,1,1,1,1783469606
2026-07-08T00:14:24Z,112,17,0,1,1,0,1,1,1,1783469620
2026-07-08T00:14:24Z,113,4,1,15,0,0,1,1,1,1783469284
2026-07-08T00:14:24Z,114,11,2,16,4,0,1,1,1,1783469601
2026-07-08T00:14:24Z,115,1,1,23,2,0,1,1,1,1783469364
2026-07-08T00:14:24Z,116,5,0,22,0,0,1,1,1,1783469640
2026-07-08T00:14:24Z,118,8,2,11,4,0,1,1,1,1783469640
2026-07-08T00:14:24Z,119,12,3,24,2,0,1,1,1,1783469646
2026-07-08T00:14:24Z,120,1,0,24,2,0,1,1,1,1783469405
2026-07-08T00:14:24Z,121,3,0,16,0,0,1,1,1,1783469343
2026-07-08T00:14:24Z,122,1,0,18,2,0,1,1,1,1783469345
2026-07-08T00:14:24Z,123,23,1,24,0,0,1,1,1,1783469583
2026-07-08T00:14:24Z,124,2,1,25,0,0,1,1,1,1783469609
2026-07-08T00:14:24Z,125,6,2,17,0,0,1,1,1,1783469645
2026-07-08T00:14:24Z,126,0,0,31,0,0,1,1,1,1783469595
2026-07-08T00:14:24Z,127,1,0,21,0,0,1,1,1,1783469496
2026-07-08T00:14:24Z,128,2,2,16,1,0,1,1,1,1783469600
2026-07-08T00:14:24Z,129,4,3,10,2,3,1,1,1,1783469552
2026-07-08T00:14:24Z,130,14,0,3,0,0,1,1,1,1783469202
2026-07-08T00:14:24Z,131,1,1,8,2,0,1,1,1,1783468671
2026-07-08T00:14:24Z,132,0,0,14,0,1,1,1,1,1783468552
2026-07-08T00:14:24Z,133,0,0,23,0,0,1,1,1,1783468623
2026-07-08T00:14:24Z,134,5,3,18,0,0,1,1,1,1783469610
2026-07-08T00:14:24Z,135,14,3,5,0,0,1,1,1,1783469557
2026-07-08T00:14:24Z,136,9,0,13,0,0,1,1,1,1783469420
2026-07-08T00:14:24Z,137,8,4,10,1,0,1,1,1,1783469333
2026-07-08T00:14:24Z,138,35,3,1,1,0,1,1,1,1783469628
2026-07-08T00:14:24Z,139,18,0,1,0,0,1,1,1,1783469649
2026-07-08T00:14:24Z,140,9,0,10,3,1,1,1,1,1783469651
2026-07-08T00:14:24Z,141,23,3,0,2,0,1,1,1,1783469469
2026-07-08T00:14:24Z,142,0,0,19,0,0,0,1,1,1782498468
2026-07-08T00:14:24Z,143,27,0,1,3,0,1,1,1,1783469612
2026-07-08T00:14:24Z,144,25,2,1,1,0,1,1,1,1783468412
2026-07-08T00:14:24Z,145,26,8,4,1,0,1,1,1,1783469640
2026-07-08T00:14:24Z,146,20,2,1,2,0,1,1,1,1783469652
2026-07-08T00:14:24Z,147,8,0,10,1,0,1,1,1,1783469636
2026-07-08T00:14:24Z,148,23,2,3,1,0,1,1,1,1783469464
2026-07-08T00:14:24Z,149,3,1,16,0,0,1,1,1,1783469421
2026-07-08T00:14:24Z,150,33,0,1,1,0,1,1,1,1783469588
2026-07-08T00:14:24Z,151,20,2,2,1,0,1,1,1,1783469625
2026-07-08T00:14:24Z,152,21,2,4,1,0,1,1,1,1783469578
2026-07-08T00:14:24Z,153,19,4,3,1,0,1,1,1,1783469421
2026-07-08T00:14:24Z,154,18,0,2,3,0,1,1,1,1783469646
2026-07-08T00:14:24Z,155,6,1,4,4,0,1,1,1,1783469633
2026-07-08T00:14:24Z,156,2,1,17,0,0,1,1,1,1783469460
2026-07-08T00:14:24Z,157,24,2,1,2,0,1,1,1,1783469523
2026-07-08T00:14:24Z,158,10,2,9,0,0,1,1,1,1783469357
2026-07-08T00:14:24Z,159,12,2,7,0,0,1,1,1,1783469315
2026-07-08T00:14:24Z,160,16,1,2,1,0,1,1,1,1783469479
2026-07-08T00:14:24Z,161,14,1,9,0,0,1,1,1,1783469630
2026-07-08T00:14:24Z,162,8,8,19,0,0,1,1,1,1783469648
2026-07-08T00:14:24Z,163,23,3,6,2,0,1,1,1,1783469603
2026-07-08T00:14:24Z,164,26,0,1,0,0,1,1,1,1783469416
2026-07-08T00:14:24Z,165,22,9,5,3,0,1,1,1,1783469558
2026-07-08T00:14:24Z,166,32,5,5,1,0,1,1,1,1783469598
2026-07-08T00:14:24Z,167,11,7,11,1,0,1,1,1,1783469488
2026-07-08T00:14:24Z,168,8,0,18,1,0,1,1,1,1783469597
2026-07-08T00:14:24Z,169,12,2,9,2,0,1,1,1,1783469643
2026-07-08T00:14:24Z,170,13,6,5,1,0,1,1,1,1783469552
2026-07-08T00:14:24Z,171,4,0,5,4,0,1,1,1,1783469487
2026-07-08T00:14:24Z,173,1,0,36,0,0,1,1,1,1783469530
2026-07-08T00:14:24Z,174,16,3,8,1,0,1,1,1,1783469651
2026-07-08T00:14:24Z,175,28,2,0,3,0,1,1,1,1783469511
2026-07-08T00:14:24Z,176,14,4,0,1,0,1,1,1,1783469413
2026-07-08T00:14:24Z,177,21,2,1,5,0,1,1,1,1783469555
2026-07-08T00:14:24Z,178,15,0,0,0,0,1,1,1,1783468640
2026-07-08T00:14:24Z,179,4,0,7,4,0,1,1,1,1783469646
2026-07-08T00:14:24Z,180,1,0,28,1,0,1,1,1,1783467945
2026-07-08T00:14:24Z,181,6,4,9,0,0,1,1,1,1783469273
2026-07-08T00:14:24Z,182,12,5,7,0,0,1,1,1,1783469431
2026-07-08T00:14:24Z,183,18,2,3,2,0,1,1,1,1783469626
2026-07-08T00:14:24Z,184,3,1,18,2,0,1,1,1,1783469585
2026-07-08T00:14:24Z,185,5,1,7,2,1,1,1,1,1783468783
2026-07-08T00:14:24Z,186,5,3,13,1,0,1,1,1,1783469424
2026-07-08T00:14:24Z,187,0,0,27,2,0,1,1,1,1783469403
2026-07-08T00:14:24Z,188,17,2,0,10,0,1,1,1,1783469648
2026-07-08T00:14:24Z,189,7,1,7,1,0,1,1,1,1783468769
2026-07-08T00:14:24Z,190,5,2,18,0,0,1,1,1,1783469645
2026-07-08T00:14:24Z,191,0,0,36,3,0,1,1,1,1783469572
2026-07-08T00:14:24Z,192,16,15,15,0,0,1,1,1,1783469357
2026-07-08T00:14:24Z,193,8,6,6,1,0,1,1,1,1783469391
2026-07-08T00:14:24Z,194,2,1,13,0,0,1,1,1,1783469648
2026-07-08T00:14:24Z,195,0,0,19,0,0,1,1,1,1783469480
2026-07-08T00:14:24Z,196,1,1,26,0,0,1,1,1,1783468740
2026-07-08T00:14:24Z,197,5,0,13,0,1,1,1,1,1783469445
2026-07-08T00:14:24Z,198,1,0,22,0,0,1,1,1,1783468951
2026-07-08T00:14:24Z,199,0,0,13,2,0,1,1,1,1783469543
2026-07-08T00:14:24Z,200,1,1,25,0,0,1,1,1,1783469399
2026-07-08T00:14:24Z,201,3,3,20,0,0,1,1,1,1783469566
2026-07-08T00:14:24Z,202,0,0,21,0,0,0,1,1,1783093344
2026-07-08T00:14:24Z,203,0,0,31,0,0,1,1,1,1783469636
2026-07-08T00:14:24Z,204,1,0,34,0,0,1,1,1,1783469511
2026-07-08T00:14:24Z,205,16,0,11,0,0,1,1,1,1783469600
2026-07-08T00:14:24Z,206,6,3,7,2,0,1,1,1,1783469323
2026-07-08T00:14:24Z,207,7,1,14,0,0,1,1,1,1783469574
2026-07-08T00:14:24Z,208,2,1,26,1,0,1,1,1,1783469644
2026-07-08T00:14:24Z,209,19,3,11,1,0,1,1,1,1783469518
2026-07-08T00:14:24Z,210,1,0,25,1,0,1,1,1,1783469646
2026-07-08T00:14:24Z,211,6,1,17,0,0,1,1,1,1783469019
2026-07-08T00:14:24Z,212,15,0,20,0,0,1,1,1,1783469588
2026-07-08T00:14:24Z,213,9,0,14,0,0,1,1,1,1783469609
2026-07-08T00:14:24Z,214,18,18,26,3,0,1,1,1,1783469632
2026-07-08T00:14:24Z,215,5,4,18,0,0,1,1,1,1783469637
2026-07-08T00:14:24Z,216,15,3,4,0,0,1,1,1,1783469502
2026-07-08T00:14:24Z,217,28,6,0,1,0,1,1,1,1783469350
2026-07-08T00:14:24Z,218,8,1,26,5,0,1,1,1,1783469650
2026-07-08T00:14:24Z,219,0,0,3,0,0,0,1,1,1783102064
2026-07-08T00:14:24Z,220,19,2,24,0,0,1,1,1,1783469642
2026-07-08T00:14:24Z,221,14,6,0,0,0,1,1,1,1783469616
2026-07-08T00:14:24Z,222,15,6,3,1,0,1,1,1,1783469643
2026-07-08T00:14:24Z,223,5,0,27,3,0,1,1,1,1783469560
2026-07-08T00:14:24Z,224,8,1,14,0,0,1,1,1,1783469437
2026-07-08T00:14:24Z,225,1,1,14,4,0,1,1,1,1783469367
2026-07-08T00:14:24Z,226,1,1,27,3,0,1,1,1,1783469584
2026-07-08T00:14:24Z,227,7,5,19,1,0,1,1,1,1783469633
2026-07-08T00:14:24Z,228,4,4,15,0,0,1,1,1,1783469346
2026-07-08T00:14:24Z,230,23,2,0,0,0,1,1,1,1783469519
2026-07-08T00:14:24Z,232,12,3,6,1,0,1,1,1,1783469299
2026-07-08T00:14:24Z,233,23,6,7,1,0,1,1,1,1783469613
2026-07-08T00:14:24Z,234,5,3,9,4,1,1,1,1,1783469421
2026-07-08T00:14:24Z,236,2,2,16,1,0,1,1,1,1783468742
2026-07-08T00:14:24Z,237,4,0,17,2,0,1,1,1,1783469346
2026-07-08T00:14:24Z,239,7,3,19,1,0,1,1,1,1783469436
2026-07-08T00:14:24Z,241,12,7,10,1,0,1,1,1,1783469629
2026-07-08T00:14:24Z,242,1,1,19,3,0,1,1,1,1783468361
2026-07-08T00:14:24Z,243,3,1,24,4,0,1,1,1,1783469633
2026-07-08T00:14:24Z,244,10,2,16,1,0,1,1,1,1783469399
2026-07-08T00:14:24Z,245,5,0,18,0,0,1,1,1,1783469393
2026-07-08T00:14:24Z,246,1,1,22,0,0,1,1,1,1783469237
2026-07-08T00:14:24Z,247,3,3,17,3,0,1,1,1,1783469391
2026-07-08T00:14:24Z,248,1,1,18,4,0,1,1,1,1783469439
2026-07-08T00:14:24Z,249,2,0,16,1,0,1,1,1,1783469388
2026-07-08T00:14:24Z,250,2,2,24,1,0,1,1,1,1783469551
2026-07-08T00:14:24Z,251,2,1,25,0,0,1,1,1,1783469352
2026-07-08T00:14:24Z,253,1,0,18,0,0,1,1,1,1783469560
2026-07-08T00:14:24Z,254,18,3,18,7,0,1,1,1,1783469606
2026-07-08T00:14:24Z,255,0,0,23,0,0,1,1,1,1783466036
2026-07-08T00:14:24Z,256,16,10,6,1,0,1,1,1,1783469404
2026-07-08T00:14:24Z,257,16,9,3,0,0,1,1,1,1783469389
2026-07-08T00:14:24Z,258,1,1,17,1,0,1,1,1,1783469509
2026-07-08T00:14:24Z,259,9,6,13,1,0,1,1,1,1783469594
2026-07-08T00:14:24Z,260,5,3,14,0,0,1,1,1,1783469624
2026-07-08T00:14:24Z,261,13,1,4,2,0,1,1,1,1783469601
2026-07-08T00:14:24Z,262,14,9,7,2,0,1,1,1,1783469511
2026-07-08T00:14:24Z,263,14,2,1,0,0,1,1,1,1783468534
2026-07-08T00:14:24Z,264,5,3,14,0,0,1,1,1,1783468998
2026-07-08T00:14:24Z,265,8,0,6,1,0,1,1,1,1783469561
2026-07-08T00:14:24Z,266,7,5,8,4,0,1,1,1,1783467336
2026-07-08T00:14:24Z,267,9,1,5,1,0,1,1,1,1783459155
2026-07-08T00:14:24Z,268,1,0,21,1,0,1,1,1,1783464510
2026-07-08T00:14:24Z,269,2,2,21,0,0,1,1,1,1783469544
2026-07-08T00:14:24Z,270,23,5,3,1,0,1,1,1,1783469623
2026-07-08T00:14:24Z,271,3,0,14,2,0,1,1,1,1783467941
2026-07-08T00:14:24Z,272,4,4,19,0,0,1,1,1,1783468908
2026-07-08T00:14:24Z,273,10,3,5,0,0,1,1,1,1783468836
2026-07-08T00:14:24Z,274,2,2,16,1,0,1,1,1,1783469597
2026-07-08T00:14:24Z,275,5,0,18,0,0,1,1,1,1783468678
2026-07-08T00:14:24Z,276,5,1,20,1,1,1,1,1,1783469232
2026-07-08T00:14:24Z,277,0,0,21,2,0,1,1,1,1783469524
2026-07-08T00:14:24Z,278,2,0,26,2,1,1,1,1,1783469650
2026-07-08T00:14:24Z,279,2,0,17,0,0,1,1,1,1783469634
2026-07-08T00:14:24Z,280,10,1,19,2,0,1,1,1,1783469566
2026-07-08T00:14:24Z,281,3,0,20,0,0,1,1,1,1783469633
2026-07-08T00:14:24Z,282,11,4,5,0,0,1,1,1,1783468338
2026-07-08T00:14:24Z,283,3,2,32,0,0,1,1,1,1783469341
2026-07-08T00:14:24Z,284,23,2,12,0,0,1,1,1,1783468936
2026-07-08T00:14:24Z,285,1,0,22,0,0,1,1,1,1783469517
2026-07-08T00:14:24Z,286,3,2,17,3,0,1,1,1,1783469349
2026-07-08T00:14:24Z,287,16,4,5,2,0,1,1,1,1783469265
2026-07-08T00:14:24Z,288,3,1,14,2,0,1,1,1,1783469459
2026-07-08T00:14:24Z,289,6,6,19,2,0,1,1,1,1783469515
2026-07-08T00:14:24Z,290,7,0,30,2,0,1,1,1,1783469341
2026-07-08T00:14:24Z,291,16,0,7,0,0,1,1,1,1783469628
2026-07-08T00:14:24Z,292,6,1,17,0,0,1,1,1,1783469345
2026-07-08T00:14:24Z,293,11,4,10,2,0,1,1,1,1783468697
2026-07-08T00:14:24Z,294,3,2,18,1,0,1,1,1,1783469559
2026-07-08T00:14:24Z,297,17,0,0,2,0,1,1,1,1783469217
2026-07-08T00:14:24Z,301,11,0,8,0,0,1,1,1,1783468522
2026-07-08T00:14:24Z,302,10,2,12,1,0,1,1,1,1783469617
2026-07-08T00:14:24Z,303,18,0,0,1,0,1,1,1,1783469043
2026-07-08T00:14:24Z,304,0,0,0,0,0,0,1,1,86400
2026-07-08T00:14:24Z,305,16,0,2,1,0,1,1,1,1783468370
2026-07-08T00:14:24Z,306,17,1,15,0,0,1,1,1,1783469513
2026-07-08T00:14:24Z,307,18,1,3,2,0,1,1,1,1783469611
2026-07-08T00:14:24Z,308,10,0,9,0,0,1,1,1,1783469469
2026-07-08T00:14:24Z,309,10,1,2,1,0,1,1,1,1783468934
2026-07-08T00:14:24Z,311,1,0,13,1,0,1,1,1,1783469279
2026-07-08T00:14:24Z,312,5,0,15,2,1,1,1,1,1783469542
2026-07-08T00:14:24Z,313,6,0,9,0,0,1,1,1,1783469469
2026-07-08T00:14:24Z,314,14,1,4,1,0,1,1,1,1783469273
2026-07-08T00:14:24Z,315,0,0,31,0,0,0,1,1,1783017696
2026-07-08T00:14:24Z,316,15,0,0,0,0,1,1,1,1783468219
2026-07-08T00:14:24Z,317,4,3,24,3,0,1,1,1,1783469638
2026-07-08T00:14:24Z,318,12,5,5,0,0,1,1,1,1783468794
2026-07-08T00:14:24Z,319,14,10,12,1,0,1,1,1,1783469647
2026-07-08T00:14:24Z,320,6,2,13,0,0,1,1,1,1783469643
2026-07-08T00:14:24Z,321,8,0,9,2,0,1,1,1,1783469099
2026-07-08T00:14:24Z,322,12,0,17,0,0,1,1,1,1783469626
2026-07-08T00:14:24Z,323,11,0,8,0,0,1,1,1,1783469582
2026-07-08T00:14:24Z,324,0,0,27,0,0,1,1,1,1783469432
2026-07-08T00:14:24Z,325,4,1,21,2,0,1,1,1,1783468871
2026-07-08T00:14:24Z,327,0,0,25,0,2,1,1,1,1783468953
2026-07-08T00:14:24Z,328,1,0,22,0,0,1,1,1,1783469191
2026-07-08T00:14:24Z,329,9,2,9,1,0,1,1,1,1783468107
2026-07-08T00:14:24Z,330,6,2,16,0,0,1,1,1,1783469650
2026-07-08T00:14:24Z,331,0,0,23,0,0,1,1,1,1783469588
2026-07-08T00:14:24Z,332,9,4,8,2,0,1,1,1,1783468411
2026-07-08T00:14:24Z,333,6,1,15,2,0,1,1,1,1783469556
2026-07-08T00:14:24Z,334,8,2,15,0,0,1,1,1,1783469089
2026-07-08T00:14:24Z,335,9,7,14,0,0,1,1,1,1783469334
2026-07-08T00:14:24Z,336,4,0,15,0,0,1,1,1,1783469233
2026-07-08T00:14:24Z,337,3,1,18,2,0,1,1,1,1783469558
2026-07-08T00:14:24Z,338,5,0,14,0,0,1,1,1,1783469272
2026-07-08T00:14:24Z,339,2,2,20,1,0,1,1,1,1783469618
2026-07-08T00:14:24Z,340,6,2,8,1,0,1,1,1,1783469047
2026-07-08T00:14:24Z,341,8,3,11,0,0,1,1,1,1783469203
2026-07-08T00:14:24Z,342,15,1,0,0,0,1,1,1,1783469513
2026-07-08T00:14:24Z,343,1,0,20,2,0,1,1,1,1783469642
2026-07-08T00:14:24Z,344,5,5,17,1,0,1,1,1,1783468838
2026-07-08T00:14:24Z,345,6,0,12,1,0,1,1,1,1783469633
2026-07-08T00:14:24Z,346,0,0,23,0,0,1,1,1,1783467336
2026-07-08T00:14:24Z,347,40,3,6,1,0,1,1,1,1783469645
2026-07-08T00:14:24Z,348,5,1,16,2,0,1,1,1,1783469216
2026-07-08T00:14:24Z,349,2,1,14,3,0,1,1,1,1783469496
2026-07-08T00:14:24Z,350,22,0,2,2,1,1,1,1,1783468955
2026-07-08T00:14:24Z,351,14,0,8,1,0,1,1,1,1783469520
2026-07-08T00:14:24Z,355,7,0,12,4,0,1,1,1,1783469347
2026-07-08T00:14:24Z,356,2,0,17,0,0,1,1,1,1783469618
2026-07-08T00:14:24Z,357,13,6,5,1,0,1,1,1,1783469547
2026-07-08T00:14:24Z,358,0,0,7,5,13,0,1,1,1782961435
2026-07-08T00:14:24Z,359,19,1,7,1,0,1,1,1,1783468467
2026-07-08T00:14:24Z,360,7,2,12,0,0,1,1,1,1783469438
2026-07-08T00:14:24Z,362,9,0,8,1,0,1,1,1,1783469098
2026-07-08T00:14:24Z,363,22,1,5,0,0,1,1,1,1783469633
2026-07-08T00:14:24Z,364,9,1,8,1,1,1,1,1,1783469649
2026-07-08T00:14:24Z,365,10,3,12,1,0,1,1,1,1783469442
2026-07-08T00:14:24Z,366,10,7,9,4,0,1,1,1,1783469558
2026-07-08T00:14:24Z,367,11,1,7,1,0,1,1,1,1783469052
2026-07-08T00:14:24Z,368,6,2,17,0,0,1,1,1,1783469501
2026-07-08T00:14:24Z,370,9,9,17,1,0,1,1,1,1783469452
2026-07-08T00:14:24Z,371,5,0,12,2,0,1,1,1,1783468273
2026-07-08T00:14:24Z,372,10,2,5,0,0,1,1,1,1783469346
2026-07-08T00:14:24Z,373,12,4,11,3,0,1,1,1,1783469641
2026-07-08T00:14:24Z,374,14,5,2,2,0,1,1,1,1783469643
2026-07-08T00:14:24Z,375,4,3,22,1,0,1,1,1,1783469619
2026-07-08T00:14:24Z,376,8,7,31,0,0,1,1,1,1783469468
2026-07-08T00:14:24Z,377,4,3,21,2,0,1,1,1,1783469505
2026-07-08T00:14:24Z,378,19,2,5,0,0,1,1,1,1783469043
2026-07-08T00:14:24Z,379,26,0,1,0,0,1,1,1,1783469116
2026-07-08T00:14:24Z,380,11,2,11,1,0,1,1,1,1783469012
2026-07-08T00:14:24Z,381,16,0,7,0,0,1,1,1,1783468828
2026-07-08T00:14:24Z,383,7,0,8,0,0,1,1,1,1783469641
2026-07-08T00:14:24Z,384,0,0,18,1,0,1,1,1,1783469300
2026-07-08T00:14:24Z,385,7,1,9,2,0,1,1,1,1783469382
2026-07-08T00:14:24Z,387,0,0,23,0,0,1,1,1,1783469044
2026-07-08T00:14:24Z,388,2,0,45,2,0,1,1,1,1783469152
2026-07-08T00:14:24Z,389,4,3,10,1,0,1,1,1,1783469332
2026-07-08T00:14:24Z,390,8,3,19,0,0,1,1,1,1783469336
2026-07-08T00:14:24Z,391,0,0,15,0,0,1,1,1,1783469418
2026-07-08T00:14:24Z,392,4,4,15,0,0,1,1,1,1783468888
2026-07-08T00:14:24Z,393,2,0,8,1,0,1,1,1,1783468096
2026-07-08T00:14:24Z,394,6,2,7,1,1,1,1,1,1783469241
2026-07-08T00:14:24Z,396,6,2,32,4,0,1,1,1,1783469625
2026-07-08T00:14:24Z,397,2,1,29,0,0,1,1,1,1783469092
2026-07-08T00:14:24Z,399,1,0,16,0,0,1,1,1,1783469520
2026-07-08T00:14:24Z,400,4,2,16,3,0,1,1,1,1783468541
2026-07-08T00:14:24Z,401,8,1,23,0,0,1,1,1,1783468739
2026-07-08T00:14:24Z,403,10,1,19,2,0,1,1,1,1783469647
2026-07-08T00:14:24Z,404,0,0,23,0,0,1,1,1,1783469346
2026-07-08T00:14:24Z,406,25,0,9,1,0,1,1,1,1783469607
2026-07-08T00:14:24Z,407,5,2,27,2,0,1,1,1,1783469222
2026-07-08T00:14:24Z,408,0,0,31,2,0,1,1,1,1783469617
2026-07-08T00:14:24Z,409,9,0,14,0,0,1,1,1,1783469645
2026-07-08T00:14:24Z,413,18,5,4,1,0,1,1,1,1783469236
2026-07-08T00:14:24Z,414,3,0,12,0,0,1,1,1,1783469537
2026-07-08T00:14:24Z,417,4,2,15,0,0,1,1,1,1783468990
2026-07-08T00:14:24Z,418,1,0,14,0,0,1,1,1,1783468792
2026-07-08T00:14:24Z,419,5,2,17,1,0,1,1,1,1783469268
2026-07-08T00:14:24Z,421,16,0,3,0,0,1,1,1,1783469512
2026-07-08T00:14:24Z,422,2,1,22,3,0,1,1,1,1783469599
2026-07-08T00:14:24Z,423,19,0,4,0,0,1,1,1,1783469431
2026-07-08T00:14:24Z,424,0,0,13,1,1,1,1,1,1783469533
2026-07-08T00:14:24Z,425,0,0,22,0,0,1,1,1,1783469581
2026-07-08T00:14:24Z,426,1,0,34,2,0,1,1,1,1783469557
2026-07-08T00:14:24Z,427,6,0,8,0,1,1,1,1,1783469368
2026-07-08T00:14:24Z,428,9,0,9,1,0,1,1,1,1783469210
2026-07-08T00:14:24Z,429,6,3,14,3,0,1,1,1,1783469396
2026-07-08T00:14:24Z,430,26,1,4,1,0,1,1,1,1783469572
2026-07-08T00:14:24Z,431,21,0,6,4,2,1,1,1,1783469570
2026-07-08T00:14:24Z,432,3,2,27,1,0,1,1,1,1783469637
2026-07-08T00:14:24Z,433,7,0,14,2,0,1,1,1,1783469076
2026-07-08T00:14:24Z,437,10,6,8,1,0,1,1,1,1783469646
2026-07-08T00:14:24Z,438,5,1,12,2,0,1,1,1,1783469500
2026-07-08T00:14:24Z,439,5,1,10,0,0,1,1,1,1783469240
2026-07-08T00:14:24Z,440,5,0,8,2,0,1,1,1,1783469051
2026-07-08T00:14:24Z,441,2,2,13,0,0,1,1,1,1783469370
2026-07-08T00:14:24Z,442,14,5,5,0,0,1,1,1,1783469120
2026-07-08T00:14:24Z,443,6,0,21,0,0,1,1,1,1783448962
2026-07-08T00:14:24Z,444,5,3,17,1,0,1,1,1,1783468032
2026-07-08T00:14:24Z,445,8,7,15,0,0,1,1,1,1783469648
2026-07-08T00:14:24Z,446,3,0,20,0,0,1,1,1,1783469635
2026-07-08T00:14:24Z,447,4,2,17,2,0,1,1,1,1783468627
2026-07-08T00:14:24Z,448,7,2,5,2,1,1,1,1,1783469404
2026-07-08T00:14:24Z,452,13,1,5,1,0,1,1,1,1783469518
2026-07-08T00:14:24Z,453,1,1,13,1,0,1,1,1,1783469408
2026-07-08T00:14:24Z,454,15,0,2,1,1,1,1,1,1783469640
2026-07-08T00:14:24Z,455,0,0,38,0,0,1,1,1,1783468143
2026-07-08T00:14:24Z,456,11,2,10,2,0,1,1,1,1783469643
2026-07-08T00:14:24Z,457,2,0,24,1,0,1,1,1,1783469150
2026-07-08T00:14:24Z,458,7,7,14,2,0,1,1,1,1783469489
2026-07-08T00:14:24Z,459,4,2,10,1,0,1,1,1,1783469069
2026-07-08T00:14:24Z,460,18,3,5,0,0,1,1,1,1783469487
2026-07-08T00:14:24Z,461,6,1,12,1,0,1,1,1,1783469651
2026-07-08T00:14:24Z,462,8,1,11,2,0,1,1,1,1783469630
2026-07-08T00:14:24Z,463,4,1,15,0,0,1,1,1,1783469270
2026-07-08T00:14:24Z,464,4,1,8,2,0,1,1,1,1783469483
2026-07-08T00:14:24Z,465,3,1,12,0,0,1,1,1,1783469645
2026-07-08T00:14:24Z,466,3,1,11,1,0,1,1,1,1783468916
2026-07-08T00:14:24Z,467,0,0,15,0,0,1,1,1,1783467778
2026-07-08T00:14:24Z,468,2,0,16,1,0,1,1,1,1783469322
2026-07-08T00:14:24Z,469,0,0,22,0,1,1,1,1,1783468996
2026-07-08T00:14:24Z,470,13,3,2,0,0,1,1,1,1783469443
2026-07-08T00:14:24Z,471,20,1,7,0,0,1,1,1,1783468901
2026-07-08T00:14:24Z,472,8,0,10,1,0,1,1,1,1783468950
2026-07-08T00:14:24Z,473,6,1,13,0,0,1,1,1,1783469218
2026-07-08T00:14:24Z,474,15,0,1,3,0,1,1,1,1783469632
2026-07-08T00:14:24Z,475,7,2,11,1,0,1,1,1,1783469406
2026-07-08T00:14:24Z,476,18,0,4,1,0,1,1,1,1783469497
2026-07-08T00:14:24Z,477,1,0,12,2,0,1,1,1,1783469604
2026-07-08T00:14:24Z,478,25,0,2,4,0,1,1,1,1783469538
2026-07-08T00:14:24Z,479,1,1,24,2,0,1,1,1,1783469395
2026-07-08T00:14:24Z,480,12,3,1,2,0,1,1,1,1783467913
2026-07-08T00:14:24Z,481,24,0,11,0,0,1,1,1,1783469228
2026-07-08T00:14:24Z,482,0,0,19,0,0,1,1,1,1783468744
2026-07-08T00:14:24Z,483,18,1,9,0,0,1,1,1,1783469602
2026-07-08T00:14:24Z,484,2,0,17,0,0,1,1,1,1783469228
2026-07-08T00:14:24Z,485,18,6,0,1,0,1,1,1,1783469564
2026-07-08T00:14:24Z,486,9,1,18,0,0,1,1,1,1783469362
2026-07-08T00:14:24Z,487,6,6,11,2,0,1,1,1,1783469600
2026-07-08T00:14:24Z,489,3,2,9,3,0,1,1,1,1783469651
2026-07-08T00:14:24Z,490,1,0,15,0,0,1,1,1,1783468809
2026-07-08T00:14:24Z,491,12,1,8,1,0,1,1,1,1783469571
2026-07-08T00:14:24Z,492,6,1,2,3,0,1,1,1,1783469274
2026-07-08T00:14:24Z,493,3,0,23,1,0,1,1,1,1783469539
2026-07-08T00:14:24Z,495,2,1,12,1,0,1,1,1,1783469495
2026-07-08T00:14:24Z,496,20,2,6,1,0,1,1,1,1783469290
2026-07-08T00:14:24Z,497,5,0,14,0,0,1,1,1,1783469574
2026-07-08T00:14:24Z,498,3,0,20,0,0,1,1,1,1783469597
2026-07-08T00:14:24Z,499,5,2,13,1,0,1,1,1,1783469288
2026-07-08T00:14:24Z,500,1,1,13,1,0,1,1,1,1783468537
2026-07-08T00:14:24Z,501,8,1,10,3,0,1,1,1,1783469069
2026-07-08T00:14:24Z,502,1,0,18,0,0,1,1,1,1783468374
2026-07-08T00:14:24Z,503,22,0,7,2,0,1,1,1,1783469576
2026-07-08T00:14:24Z,504,0,0,39,0,0,1,1,1,1783469078
2026-07-08T00:14:24Z,505,12,1,4,2,0,1,1,1,1783469641
2026-07-08T00:14:24Z,511,1,0,22,0,0,1,1,1,1783469389
2026-07-08T00:14:24Z,512,13,3,6,0,0,1,1,1,1783467628
2026-07-08T00:14:24Z,514,6,1,4,1,0,1,1,1,1783469287
2026-07-08T00:14:24Z,515,8,2,11,0,0,1,1,1,1783468764
2026-07-08T00:14:24Z,516,1,0,26,0,0,1,1,1,1783469627
2026-07-08T00:14:24Z,517,8,0,14,1,0,1,1,1,1783468714
2026-07-08T00:14:24Z,518,15,1,0,0,0,1,1,1,1783463692
2026-07-08T00:14:24Z,519,7,0,11,1,0,1,1,1,1783467959
2026-07-08T00:14:24Z,520,14,2,11,1,1,1,1,1,1783469649
2026-07-08T00:14:24Z,521,8,6,15,0,0,1,1,1,1783469162
2026-07-08T00:14:24Z,522,16,1,6,1,0,1,1,1,1783469584
2026-07-08T00:14:24Z,523,1,0,21,1,0,1,1,1,1783468065
2026-07-08T00:14:24Z,524,12,0,11,0,0,1,1,1,1783469363
2026-07-08T00:14:24Z,525,9,1,10,0,0,1,1,1,1783469416
2026-07-08T00:14:24Z,526,5,0,8,2,0,1,1,1,1783469455
2026-07-08T00:14:24Z,527,3,3,22,1,0,1,1,1,1783469287
2026-07-08T00:14:24Z,528,6,1,16,1,0,1,1,1,1783469502
2026-07-08T00:14:24Z,529,0,0,13,6,0,1,1,1,1783469498
2026-07-08T00:14:24Z,530,19,0,1,1,0,1,1,1,1783469650
2026-07-08T00:14:24Z,531,7,0,14,1,1,1,1,1,1783469510
2026-07-08T00:14:24Z,532,2,2,28,1,0,1,1,1,1783468512
2026-07-08T00:14:24Z,533,9,0,8,2,0,1,1,1,1783469156
2026-07-08T00:14:24Z,534,2,2,19,2,0,1,1,1,1783468292
2026-07-08T00:14:24Z,535,7,1,7,1,0,1,1,1,1783469401
2026-07-08T00:14:24Z,536,10,0,11,2,0,1,1,1,1783469504
2026-07-08T00:14:24Z,537,8,1,13,0,0,1,1,1,1783469306
2026-07-08T00:14:24Z,538,11,4,8,0,0,1,1,1,1783469118
2026-07-08T00:14:24Z,539,9,9,20,2,0,1,1,1,1783469576
2026-07-08T00:14:24Z,540,0,0,19,0,0,1,1,1,1783468180
2026-07-08T00:14:24Z,541,12,1,15,0,0,1,1,1,1783469307
2026-07-08T00:14:24Z,542,0,0,23,0,0,1,1,1,1783466666
2026-07-08T00:14:24Z,543,11,1,6,2,0,1,1,1,1783469457
2026-07-08T00:14:24Z,544,17,1,4,1,0,1,1,1,1783469500
2026-07-08T00:14:24Z,545,6,1,7,6,0,1,1,1,1783469652
2026-07-08T00:14:24Z,546,2,2,16,1,0,1,1,1,1783469421
2026-07-08T00:14:24Z,547,2,1,20,1,0,1,1,1,1783469443
2026-07-08T00:14:24Z,548,15,2,6,2,0,1,1,1,1783469524
2026-07-08T00:14:24Z,549,4,0,16,1,0,1,1,1,1783469621
2026-07-08T00:14:24Z,550,1,0,18,0,0,1,1,1,1783468284
2026-07-08T00:14:24Z,551,21,5,2,0,0,1,1,1,1783469109
2026-07-08T00:14:24Z,552,27,5,0,0,0,1,1,1,1783469230
2026-07-08T00:14:24Z,553,1,0,20,2,0,1,1,1,1783469546
2026-07-08T00:14:24Z,554,0,0,19,0,0,1,1,1,1783468615
2026-07-08T00:14:24Z,555,8,2,4,3,0,1,1,1,1783468918
2026-07-08T00:14:24Z,556,3,0,19,1,0,1,1,1,1783469471
2026-07-08T00:14:24Z,557,6,1,15,2,0,1,1,1,1783469588
2026-07-08T00:14:24Z,558,18,2,18,1,0,1,1,1,1783469645
2026-07-08T00:14:24Z,559,0,0,18,1,0,1,1,1,1783464953
2026-07-08T00:14:24Z,560,13,0,14,0,0,1,1,1,1783469471
2026-07-08T00:14:24Z,561,14,1,8,1,0,1,1,1,1783469068
2026-07-08T00:14:24Z,562,18,1,15,2,0,1,1,1,1783469628
2026-07-08T00:14:24Z,563,13,0,1,0,0,1,1,1,1783468245
2026-07-08T00:14:24Z,564,13,0,6,0,0,1,1,1,1783469375
2026-07-08T00:14:24Z,565,2,0,17,0,0,1,1,1,1783469101
2026-07-08T00:14:24Z,566,18,0,0,1,0,1,1,1,1783469634
2026-07-08T00:14:24Z,567,21,1,5,1,0,1,1,1,1783469109
2026-07-08T00:14:24Z,568,12,0,6,1,0,1,1,1,1783469562
2026-07-08T00:14:24Z,569,9,2,10,0,0,1,1,1,1783468854
2026-07-08T00:14:24Z,570,9,0,10,0,0,1,1,1,1783469646
2026-07-08T00:14:24Z,571,9,1,14,0,0,1,1,1,1783468665
2026-07-08T00:14:24Z,572,6,0,13,0,0,1,1,1,1783469079
2026-07-08T00:14:24Z,573,4,1,10,1,0,1,1,1,1783469227
2026-07-08T00:14:24Z,574,2,1,13,0,0,1,1,1,1783468448
2026-07-08T00:14:24Z,575,1,1,20,0,0,1,1,1,1783468097
2026-07-08T00:14:24Z,576,1,1,18,0,0,1,1,1,1783468227
2026-07-08T00:14:24Z,577,10,0,21,0,0,1,1,1,1783469127
2026-07-08T00:14:24Z,578,8,2,15,0,0,1,1,1,1783469622
2026-07-08T00:14:24Z,579,41,1,2,0,0,1,1,1,1783469370
2026-07-08T00:14:24Z,580,0,0,30,1,0,1,1,1,1783469559
2026-07-08T00:14:24Z,581,3,0,14,2,0,1,1,1,1783469491
2026-07-08T00:14:24Z,582,3,0,55,2,0,1,1,1,1783469523
2026-07-08T00:14:24Z,583,22,0,0,1,0,1,1,1,1783469599
2026-07-08T00:14:24Z,584,0,0,14,5,0,1,1,1,1783469063
2026-07-08T00:14:24Z,585,14,0,12,0,0,1,1,1,1783469588
2026-07-08T00:14:24Z,586,1,0,33,1,0,1,1,1,1783469332
2026-07-08T00:14:24Z,587,4,0,19,2,0,1,1,1,1783469625
2026-07-08T00:14:24Z,588,1,0,18,0,0,1,1,1,1783467544
2026-07-08T00:14:24Z,589,21,10,1,1,0,1,1,1,1783469633
2026-07-08T00:14:24Z,590,2,0,29,0,0,1,1,1,1783468582
2026-07-08T00:14:24Z,591,1,0,19,2,0,1,1,1,1783469520
2026-07-08T00:14:24Z,592,4,0,19,0,0,1,1,1,1783469650
2026-07-08T00:14:24Z,593,5,0,34,0,0,1,1,1,1783469550
2026-07-08T00:14:24Z,594,1,0,19,1,0,1,1,1,1783469326
2026-07-08T00:14:24Z,595,0,0,3,0,0,0,1,1,1779985765
2026-07-08T00:14:24Z,605,0,0,3,0,0,0,1,1,1780413752
2026-07-08T00:14:24Z,606,0,0,0,0,0,0,1,1,86400
2026-07-08T00:14:24Z,607,9,3,24,0,0,1,1,1,1783469616
2026-07-08T00:14:24Z,608,0,0,51,1,0,1,1,1,1783467843
2026-07-08T00:14:24Z,609,3,1,20,0,0,1,1,1,1783468957
2026-07-08T00:14:24Z,610,3,0,32,0,0,1,1,1,1783469388
2026-07-08T00:14:24Z,611,1,0,24,2,0,1,1,1,1783469651
2026-07-08T00:14:24Z,612,1,0,14,0,0,1,1,1,1783469410
2026-07-08T00:14:24Z,613,12,3,2,1,0,1,1,1,1783466858
2026-07-08T00:14:24Z,614,0,0,24,2,1,1,1,1,1783469465
2026-07-08T00:14:24Z,617,11,0,2,2,0,1,1,1,1783468382
2026-07-08T00:14:24Z,618,15,4,2,2,0,1,1,1,1783468513
2026-07-08T00:14:24Z,619,17,5,2,0,0,1,1,1,1783469609
2026-07-08T00:14:24Z,620,0,0,22,1,0,1,1,1,1783468551
2026-07-08T00:14:24Z,621,6,1,17,0,0,1,1,1,1783469292
2026-07-08T00:14:24Z,622,5,2,17,1,0,1,1,1,1783469554
2026-07-08T00:14:24Z,623,5,0,22,2,1,1,1,1,1783469644
2026-07-08T00:14:24Z,624,3,0,11,0,1,1,1,1,1783466104
2026-07-08T00:14:24Z,625,7,1,11,3,0,1,1,1,1783469081
2026-07-08T00:14:24Z,626,0,0,44,0,2,1,1,1,1783469576
2026-07-08T00:14:24Z,627,4,1,13,0,0,1,1,1,1783468453
2026-07-08T00:14:24Z,628,1,0,16,1,1,1,1,1,1783469574
2026-07-08T00:14:24Z,629,8,6,2,1,0,1,1,1,1783469341
2026-07-08T00:14:24Z,630,23,1,2,2,0,1,1,1,1783468228
2026-07-08T00:14:24Z,631,0,0,23,0,0,1,1,1,1783467540
2026-07-08T00:14:24Z,632,20,0,1,2,0,1,1,1,1783469351
2026-07-08T00:14:24Z,633,12,0,0,2,1,1,1,1,1783468072
2026-07-08T00:14:24Z,634,17,0,1,1,0,1,1,1,1783468735
2026-07-08T00:14:24Z,635,16,1,2,1,0,1,1,1,1783469487
2026-07-08T00:14:24Z,636,7,1,8,0,0,1,1,1,1783467360
2026-07-08T00:14:24Z,637,12,6,7,0,0,1,1,1,1783467638
2026-07-08T00:14:24Z,638,5,1,12,2,0,1,1,1,1783468810
2026-07-08T00:14:24Z,639,0,0,0,3,16,0,1,1,1782287204
2026-07-08T00:14:24Z,640,0,0,22,1,0,1,1,1,1783467951
2026-07-08T00:14:24Z,641,9,1,17,1,0,1,1,1,1783469649
2026-07-08T00:14:24Z,642,4,1,13,2,0,1,1,1,1783469229
2026-07-08T00:14:24Z,643,0,0,27,0,0,1,1,1,1783468938
2026-07-08T00:14:24Z,644,4,0,4,6,1,1,1,1,1783469537
2026-07-08T00:14:24Z,645,6,0,15,1,1,1,1,1,1783469431
2026-07-08T00:14:24Z,646,11,1,5,3,0,1,1,1,1783466258
2026-07-08T00:14:24Z,647,22,2,8,1,0,1,1,1,1783469431
2026-07-08T00:14:24Z,648,14,2,2,3,0,1,1,1,1783468428
2026-07-08T00:14:24Z,649,1,1,29,1,0,1,1,1,1783469605
2026-07-08T00:14:24Z,650,6,2,9,1,0,1,1,1,1783468767
2026-07-08T00:14:24Z,651,4,0,18,1,0,1,1,1,1783468522
2026-07-08T00:14:24Z,652,0,0,20,3,0,1,1,1,1783469631
2026-07-08T00:14:24Z,653,8,1,7,4,0,1,1,1,1783469597
2026-07-08T00:14:24Z,654,4,1,10,1,0,1,1,1,1783469642
2026-07-08T00:14:24Z,655,7,1,7,0,0,1,1,1,1783467692
2026-07-08T00:14:24Z,656,17,1,2,0,0,1,1,1,1783469537
2026-07-08T00:14:24Z,657,10,3,6,1,0,1,1,1,1783468142
2026-07-08T00:14:24Z,658,0,0,23,0,0,1,1,1,1783468498
2026-07-08T00:14:24Z,659,2,1,13,0,0,1,1,1,1783468742
2026-07-08T00:14:24Z,660,25,0,5,1,0,1,1,1,1783468930
2026-07-08T00:14:24Z,661,4,0,11,4,0,1,1,1,1783469649
2026-07-08T00:14:24Z,662,4,0,18,1,0,1,1,1,1783465821
2026-07-08T00:14:24Z,663,11,2,3,0,0,1,1,1,1783469330
2026-07-08T00:14:24Z,664,18,0,9,0,0,1,1,1,1783468774
2026-07-08T00:14:24Z,665,2,1,13,0,0,1,1,1,1783469470
2026-07-08T00:14:24Z,666,7,1,7,1,0,1,1,1,1783469525
2026-07-08T00:14:24Z,667,10,0,4,3,0,1,1,1,1783469649
2026-07-08T00:14:24Z,668,10,3,8,1,0,1,1,1,1783469337
2026-07-08T00:14:24Z,669,11,3,3,0,0,1,1,1,1783467121
2026-07-08T00:14:24Z,670,13,2,10,4,0,1,1,1,1783469652
2026-07-08T00:14:24Z,671,24,0,3,0,0,1,1,1,1783468656
2026-07-08T00:14:24Z,672,13,0,5,5,0,1,1,1,1783469452
2026-07-08T00:14:24Z,673,5,0,17,0,0,1,1,1,1783469550
2026-07-08T00:14:24Z,674,0,0,22,1,0,1,1,1,1783469465
2026-07-08T00:14:24Z,675,4,2,9,2,0,1,1,1,1783469464
2026-07-08T00:14:24Z,676,11,0,10,1,1,1,1,1,1783469365
2026-07-08T00:14:24Z,681,5,1,5,5,0,1,1,1,1783469614
2026-07-08T00:14:24Z,682,9,5,9,1,0,1,1,1,1783446478
2026-07-08T00:14:24Z,683,11,1,8,0,0,1,1,1,1783468133
2026-07-08T00:14:24Z,684,9,3,16,2,0,1,1,1,1783466614
2026-07-08T00:14:24Z,685,3,2,23,0,1,1,1,1,1783467432
2026-07-08T00:14:24Z,686,12,2,13,1,1,1,1,1,1783469372
2026-07-08T00:14:24Z,687,5,1,22,3,1,1,1,1,1783469541
2026-07-08T00:14:24Z,688,17,2,1,1,0,1,1,1,1783465995
2026-07-08T00:14:24Z,692,17,15,3,1,0,1,1,1,1783468749
2026-07-08T00:14:24Z,693,9,4,2,0,0,1,1,1,1783468237
2026-07-08T00:14:24Z,694,7,7,11,3,0,1,1,1,1783468411
2026-07-08T00:14:24Z,695,9,5,13,1,0,1,1,1,1783468955
2026-07-08T00:14:24Z,696,19,17,4,0,0,1,1,1,1783468775
2026-07-08T00:14:24Z,697,16,0,7,0,0,1,1,1,1783469287
2026-07-08T00:14:24Z,698,22,0,5,0,0,1,1,1,1783469645
2026-07-08T00:14:24Z,699,1,1,12,2,0,1,1,1,1783468359
2026-07-08T00:14:24Z,700,14,2,5,0,0,1,1,1,1783469636
2026-07-08T00:14:24Z,701,2,0,17,0,0,1,1,1,1783469649
2026-07-08T00:14:24Z,702,1,1,21,1,0,1,1,1,1783469637
2026-07-08T00:14:24Z,703,11,2,12,0,0,1,1,1,1783460353
2026-07-08T00:14:24Z,704,7,0,8,0,0,1,1,1,1783468873
2026-07-08T00:14:24Z,705,1,1,10,4,0,1,1,1,1783468353
2026-07-08T00:14:24Z,706,4,2,10,1,0,1,1,1,1783469296
2026-07-08T00:14:24Z,707,8,1,5,2,0,1,1,1,1783468427
2026-07-08T00:14:24Z,708,19,0,0,0,0,1,1,1,1783469585
2026-07-08T00:14:24Z,709,10,2,4,1,0,1,1,1,1783469629
2026-07-08T00:14:24Z,710,4,2,15,0,0,1,1,1,1783469554
2026-07-08T00:14:24Z,711,7,4,6,6,0,1,1,1,1783469098
2026-07-08T00:14:24Z,712,13,4,1,1,0,1,1,1,1783469049
2026-07-08T00:14:24Z,713,19,9,3,1,0,1,1,1,1783469646
2026-07-08T00:14:24Z,716,3,0,12,0,0,1,1,1,1783468415
2026-07-08T00:14:24Z,717,1,1,17,7,0,1,1,1,1783468542
2026-07-08T00:14:24Z,718,0,0,15,0,0,1,1,1,1783469521
2026-07-08T00:14:24Z,719,17,1,12,0,0,1,1,1,1783468516
2026-07-08T00:14:24Z,720,0,0,17,2,0,1,1,1,1783468357
2026-07-08T00:14:24Z,721,8,1,14,1,0,1,1,1,1783469564
2026-07-08T00:14:24Z,722,14,1,0,1,0,1,1,1,1783468441
2026-07-08T00:14:24Z,723,2,2,16,5,0,1,1,1,1783468531
2026-07-08T00:14:24Z,724,6,2,17,0,0,1,1,1,1783468915
2026-07-08T00:14:24Z,725,22,0,1,0,0,1,1,1,1783468576
2026-07-08T00:14:24Z,726,9,1,8,2,0,1,1,1,1783469476
2026-07-08T00:14:24Z,727,10,0,12,1,0,1,1,1,1783468498
2026-07-08T00:14:24Z,728,5,0,6,4,0,1,1,1,1783468347
2026-07-08T00:14:24Z,729,5,0,13,1,0,1,1,1,1783469635
2026-07-08T00:14:24Z,730,7,0,8,0,0,1,1,1,1783468326
2026-07-08T00:14:24Z,731,1,1,14,0,0,1,1,1,1783468411
2026-07-08T00:14:24Z,732,7,1,8,0,0,1,1,1,1783469621
2026-07-08T00:14:24Z,733,20,0,7,0,0,1,1,1,1783469257
2026-07-08T00:14:24Z,734,7,1,7,0,0,1,1,1,1783468273
2026-07-08T00:14:24Z,735,0,0,27,0,0,1,1,1,1783469625
2026-07-08T00:14:24Z,736,7,5,12,0,0,1,1,1,1783469065
2026-07-08T00:14:24Z,737,3,2,11,1,0,1,1,1,1783468365
2026-07-08T00:14:24Z,738,9,1,9,1,0,1,1,1,1783469312
2026-07-08T00:14:24Z,739,8,3,15,4,0,1,1,1,1783468625
2026-07-08T00:14:24Z,741,9,2,12,2,0,1,1,1,1783469463
2026-07-08T00:14:24Z,742,14,4,22,3,0,1,1,1,1783469330
2026-07-08T00:14:24Z,743,8,4,11,0,0,1,1,1,1783468447
2026-07-08T00:14:24Z,744,2,1,12,1,0,1,1,1,1783468703
2026-07-08T00:14:24Z,745,11,4,6,2,0,1,1,1,1783468431
2026-07-08T00:14:24Z,746,9,1,13,1,0,1,1,1,1783469544
2026-07-08T00:14:24Z,747,0,0,19,0,0,0,1,1,1783446606
2026-07-08T00:14:24Z,748,13,3,9,1,0,1,1,1,1783468560
2026-07-08T00:14:24Z,749,12,0,11,0,0,1,1,1,1783469585
2026-07-08T00:14:24Z,750,1,1,7,3,0,1,1,1,1783469093
2026-07-08T00:14:24Z,751,0,0,23,0,0,1,1,1,1783469029
2026-07-08T00:14:24Z,752,5,1,10,2,0,1,1,1,1783469582
2026-07-08T00:14:24Z,753,7,1,6,2,0,1,1,1,1783469354
2026-07-08T00:14:24Z,754,4,3,10,1,0,1,1,1,1783468425
2026-07-08T00:14:24Z,755,4,1,13,2,0,1,1,1,1783469320
2026-07-08T00:14:24Z,756,2,1,34,1,0,1,1,1,1783469546
2026-07-08T00:14:24Z,757,3,2,16,0,0,1,1,1,1783469276
2026-07-08T00:14:24Z,758,6,2,17,0,0,1,1,1,1783469581
2026-07-08T00:14:24Z,759,1,0,13,1,0,1,1,1,1783468393
2026-07-08T00:14:24Z,760,6,1,12,1,0,1,1,1,1783468408
2026-07-08T00:14:24Z,761,5,0,18,0,0,1,1,1,1783469379
2026-07-08T00:14:24Z,762,5,4,7,3,0,1,1,1,1783468521
2026-07-08T00:14:24Z,768,8,1,6,5,0,1,1,1,1783469237
2026-07-08T00:14:24Z,769,15,5,1,2,0,1,1,1,1783469471
2026-07-08T00:14:24Z,770,4,0,15,0,0,1,1,1,1783464209
2026-07-08T00:14:24Z,771,10,0,5,0,0,1,1,1,1783468312
2026-07-08T00:14:24Z,772,8,3,7,0,0,1,1,1,1783468326
2026-07-08T00:14:24Z,773,12,4,6,1,0,1,1,1,1783469359
2026-07-08T00:14:24Z,774,0,0,13,2,0,1,1,1,1783469435
2026-07-08T00:14:24Z,775,10,3,6,3,0,1,1,1,1783469518
2026-07-08T00:14:24Z,776,5,0,15,1,0,1,1,1,1783468517
2026-07-08T00:14:24Z,777,7,1,8,0,0,1,1,1,1783469633
2026-07-08T00:14:24Z,778,13,0,4,2,0,1,1,1,1783468431
2026-07-08T00:14:24Z,779,11,3,7,1,0,1,1,1,1783469151
2026-07-08T00:14:24Z,780,3,2,14,2,0,1,1,1,1783469399
2026-07-08T00:14:24Z,781,2,0,5,4,0,1,1,1,1783469272
2026-07-08T00:14:24Z,782,1,0,16,2,0,1,1,1,1783469153
2026-07-08T00:14:24Z,783,8,4,9,2,0,1,1,1,1783468391
2026-07-08T00:14:24Z,784,17,2,1,1,0,1,1,1,1783469650
2026-07-08T00:14:24Z,785,10,6,4,4,0,1,1,1,1783468962
2026-07-08T00:14:24Z,786,5,1,12,2,0,1,1,1,1783468663
2026-07-08T00:14:24Z,787,4,1,10,1,0,1,1,1,1783468308
2026-07-08T00:14:24Z,788,6,0,9,0,0,1,1,1,1783468345
2026-07-08T00:14:24Z,789,10,0,2,3,0,1,1,1,1783468924
2026-07-08T00:14:24Z,790,0,0,22,1,0,1,1,1,1783468500
2026-07-08T00:14:24Z,791,8,0,11,0,0,1,1,1,1783468407
2026-07-08T00:14:24Z,793,9,2,3,3,0,1,1,1,1783469495
2026-07-08T00:14:24Z,794,1,0,28,0,0,1,1,1,1783468548
2026-07-08T00:14:24Z,796,1,0,15,3,0,1,1,1,1783468440
2026-07-08T00:14:24Z,797,1,0,13,1,0,1,1,1,1783469454
2026-07-08T00:14:24Z,798,0,0,24,1,0,1,1,1,1783468896
2026-07-08T00:14:24Z,799,1,0,17,1,0,1,1,1,1783469561
2026-07-08T00:14:24Z,800,8,0,13,0,0,1,1,1,1783468973
2026-07-08T00:14:24Z,801,0,0,21,0,0,1,1,1,1783469369
2026-07-08T00:14:24Z,802,3,0,27,2,0,1,1,1,1783469632
2026-07-08T00:14:24Z,803,2,2,13,0,0,1,1,1,1783469010
2026-07-08T00:14:24Z,806,5,3,6,4,0,1,1,1,1783469532
2026-07-08T00:14:24Z,807,0,0,25,0,0,1,1,1,1783468676
2026-07-08T00:14:24Z,808,1,1,22,2,0,1,1,1,1783469208
2026-07-08T00:14:24Z,809,4,1,18,1,0,1,1,1,1783468529
2026-07-08T00:14:24Z,810,3,2,13,3,0,1,1,1,1783468409
2026-07-08T00:14:24Z,815,11,2,3,1,0,1,1,1,1783469495
2026-07-08T00:14:24Z,817,2,0,4,9,0,1,1,1,1783468355
2026-07-08T00:14:24Z,818,5,1,17,1,0,1,1,1,1783469396
2026-07-08T00:14:24Z,819,2,1,10,3,0,1,1,1,1783468332
2026-07-08T00:14:24Z,820,8,0,8,1,0,1,1,1,1783468865
2026-07-08T00:14:24Z,821,10,6,4,1,0,1,1,1,1783469471
2026-07-08T00:14:24Z,822,1,1,22,0,0,1,1,1,1783469236
2026-07-08T00:14:24Z,823,14,2,0,1,0,1,1,1,1783469397
2026-07-08T00:14:24Z,824,10,3,1,8,0,1,1,1,1783469593
2026-07-08T00:14:24Z,825,7,1,8,0,0,1,1,1,1783468326
2026-07-08T00:14:24Z,826,7,0,11,1,0,1,1,1,1783468335
2026-07-08T00:14:24Z,827,5,1,15,1,0,1,1,1,1783469584
2026-07-08T00:14:24Z,828,3,2,14,1,0,1,1,1,1783469185
2026-07-08T00:14:24Z,829,7,2,18,2,0,1,1,1,1783469225
2026-07-08T00:14:24Z,830,18,2,4,1,0,1,1,1,1783469366
2026-07-08T00:14:24Z,831,2,1,13,0,0,1,1,1,1783468267
2026-07-08T00:14:24Z,832,15,3,1,2,0,1,1,1,1783468396
2026-07-08T00:14:24Z,833,6,3,11,2,0,1,1,1,1783469269
2026-07-08T00:14:24Z,834,21,0,0,3,0,1,1,1,1783469445
2026-07-08T00:14:24Z,835,11,0,7,0,0,1,1,1,1783469375
2026-07-08T00:14:24Z,837,7,1,1,7,0,1,1,1,1783468793
2026-07-08T00:14:24Z,838,6,1,7,2,0,1,1,1,1783469597
2026-07-08T00:14:24Z,839,9,0,20,0,0,1,1,1,1783469085
2026-07-08T00:14:24Z,840,6,4,22,1,0,1,1,1,1783469622
2026-07-08T00:14:24Z,841,8,4,7,0,0,1,1,1,1783468710
2026-07-08T00:14:24Z,842,3,2,19,0,0,1,1,1,1783468498
2026-07-08T00:14:24Z,843,6,0,23,2,0,1,1,1,1783469481
2026-07-08T00:14:24Z,844,11,1,11,1,0,1,1,1,1783468981
2026-07-08T00:14:24Z,845,3,0,15,1,0,1,1,1,1783468399
2026-07-08T00:14:24Z,846,1,0,15,2,0,1,1,1,1783468412
2026-07-08T00:14:24Z,847,1,0,26,0,0,1,1,1,1783469311
2026-07-08T00:14:24Z,848,2,0,16,1,0,1,1,1,1783469350
2026-07-08T00:14:24Z,849,1,1,10,3,0,1,1,1,1783469650
2026-07-08T00:14:24Z,850,7,1,2,2,0,1,1,1,1783469479
2026-07-08T00:14:24Z,851,3,2,33,1,0,1,1,1,1783469292
2026-07-08T00:14:24Z,852,5,0,14,0,0,1,1,1,1783469080
2026-07-08T00:14:24Z,853,12,2,10,1,0,1,1,1,1783468521
2026-07-08T00:14:24Z,854,3,1,12,0,0,1,1,1,1783468683
2026-07-08T00:14:24Z,855,11,1,15,1,0,1,1,1,1783469618
2026-07-08T00:14:24Z,857,8,5,9,2,0,1,1,1,1783469565
2026-07-08T00:14:24Z,858,1,0,16,2,0,1,1,1,1783468400
2026-07-08T00:14:24Z,859,4,0,14,3,0,1,1,1,1783468416
2026-07-08T00:14:24Z,861,1,0,9,1,0,1,1,1,1783468265
2026-07-08T00:14:24Z,862,3,1,12,0,0,1,1,1,1783468291
2026-07-08T00:14:24Z,863,9,3,9,1,0,1,1,1,1783469513
2026-07-08T00:14:24Z,866,7,0,12,0,0,1,1,1,1783468417
2026-07-08T00:14:24Z,867,13,0,1,1,0,1,1,1,1783468269
2026-07-08T00:14:24Z,868,15,4,0,0,0,1,1,1,1783469486
2026-07-08T00:14:24Z,870,11,3,4,0,0,1,1,1,1783468330
2026-07-08T00:14:24Z,871,1,0,9,1,0,1,1,1,1783468267
2026-07-08T00:14:24Z,872,9,2,4,2,0,1,1,1,1783469416
2026-07-08T00:14:24Z,873,1,1,30,2,0,1,1,1,1783468652
2026-07-08T00:14:24Z,874,6,1,8,1,0,1,1,1,1783469094
2026-07-08T00:14:24Z,875,8,3,7,0,0,1,1,1,1783468416
2026-07-08T00:14:24Z,877,5,4,12,2,0,1,1,1,1783468428
2026-07-08T00:14:24Z,878,8,0,11,0,0,1,1,1,1783468438
2026-07-08T00:14:24Z,879,5,1,12,2,0,1,1,1,1783469404
2026-07-08T00:14:24Z,880,12,2,10,1,0,1,1,1,1783468559
2026-07-08T00:14:24Z,881,4,0,12,3,0,1,1,1,1783468461
2026-07-08T00:14:24Z,882,12,4,6,1,0,1,1,1,1783468403
2026-07-08T00:14:24Z,883,11,5,8,0,0,1,1,1,1783468366
2026-07-08T00:14:24Z,884,6,5,14,1,0,1,1,1,1783468488
2026-07-08T00:14:24Z,885,19,1,0,0,0,1,1,1,1783468363
2026-07-08T00:14:24Z,886,6,4,20,3,0,1,1,1,1783469220
2026-07-08T00:14:24Z,887,3,0,13,1,0,1,1,1,1783468311
2026-07-08T00:14:24Z,888,4,1,37,0,0,1,1,1,1783469627
2026-07-08T00:14:24Z,889,18,0,0,1,0,1,1,1,1783469287
2026-07-08T00:14:24Z,890,1,1,14,0,0,1,1,1,1783468373
2026-07-08T00:14:24Z,891,10,1,10,3,0,1,1,1,1783468603
2026-07-08T00:14:24Z,892,14,2,0,1,0,1,1,1,1783468384
2026-07-08T00:14:24Z,895,10,1,9,0,0,1,1,1,1783468354
2026-07-08T00:14:24Z,896,19,0,16,0,0,1,1,1,1783468703
2026-07-08T00:14:24Z,897,10,1,10,1,0,1,1,1,1783468473
2026-07-08T00:14:24Z,898,14,0,5,0,0,1,1,1,1783468394
2026-07-08T00:14:24Z,899,17,0,2,0,0,1,1,1,1783469455
2026-07-08T00:14:24Z,900,26,1,1,0,0,1,1,1,1783469265
2026-07-08T00:14:24Z,901,16,0,3,0,0,1,1,1,1783469172
2026-07-08T00:14:24Z,902,2,0,11,2,0,1,1,1,1783468543
2026-07-08T00:14:24Z,903,3,0,16,0,0,1,1,1,1783468385
2026-07-08T00:14:24Z,904,8,0,8,3,0,1,1,1,1783468405
2026-07-08T00:14:24Z,905,3,0,23,1,0,1,1,1,1783469201
2026-07-08T00:14:24Z,906,7,7,16,4,0,1,1,1,1783469441
2026-07-08T00:14:24Z,907,6,2,24,1,0,1,1,1,1783469360
2026-07-08T00:14:24Z,908,7,3,15,1,0,1,1,1,1783468470
2026-07-08T00:14:24Z,909,19,0,4,0,0,1,1,1,1783469374
2026-07-08T00:14:24Z,910,27,0,3,1,0,1,1,1,1783469648
2026-07-08T00:14:24Z,911,12,0,6,1,0,1,1,1,1783468398
2026-07-08T00:14:24Z,912,19,4,2,2,0,1,1,1,1783469651
2026-07-08T00:14:24Z,913,9,3,10,0,0,1,1,1,1783469558
2026-07-08T00:14:24Z,914,3,0,15,1,0,1,1,1,1783469287
2026-07-08T00:14:24Z,915,19,3,3,1,0,1,1,1,1783469587
2026-07-08T00:14:24Z,916,21,1,2,0,0,1,1,1,1783469340
2026-07-08T00:14:24Z,917,2,0,33,0,0,1,1,1,1783469596
2026-07-08T00:14:24Z,918,4,0,14,1,0,1,1,1,1783469620
2026-07-08T00:14:24Z,919,7,0,31,1,0,1,1,1,1783469521
2026-07-08T00:14:24Z,920,8,3,10,1,0,1,1,1,1783468384
2026-07-08T00:14:24Z,921,17,0,2,2,0,1,1,1,1783468662
2026-07-08T00:14:24Z,922,10,0,11,0,0,1,1,1,1783469086
2026-07-08T00:14:24Z,923,2,0,16,1,0,1,1,1,1783469293
2026-07-08T00:14:24Z,924,6,1,14,1,0,1,1,1,1783469303
2026-07-08T00:14:24Z,925,4,0,15,2,0,1,1,1,1783468215
2026-07-08T00:14:24Z,926,3,0,17,1,0,1,1,1,1783468386
2026-07-08T00:14:24Z,927,0,0,34,0,0,1,1,1,1783468638
2026-07-08T00:14:24Z,928,7,0,12,0,0,1,1,1,1783469479
2026-07-08T00:14:24Z,929,1,1,22,0,0,1,1,1,1783469514
2026-07-08T00:14:24Z,930,17,0,13,1,0,1,1,1,1783469077
2026-07-08T00:14:24Z,931,15,7,8,0,0,1,1,1,1783469650
2026-07-08T00:14:24Z,932,5,1,14,0,0,1,1,1,1783469626
2026-07-08T00:14:24Z,933,16,0,6,1,0,1,1,1,1783469297
2026-07-08T00:14:24Z,934,1,0,30,0,0,1,1,1,1783469333
2026-07-08T00:14:24Z,935,15,3,0,4,0,1,1,1,1783469649
2026-07-08T00:14:24Z,936,1,0,18,0,0,1,1,1,1783469242
2026-07-08T00:14:24Z,940,11,1,0,0,0,1,1,1,1783468723
2026-07-08T00:14:24Z,941,14,2,11,0,0,1,1,1,1783468964
2026-07-08T00:14:24Z,942,2,0,19,0,0,1,1,1,1783469250
2026-07-08T00:14:24Z,943,4,4,10,1,0,1,1,1,1783468280
2026-07-08T00:14:24Z,944,7,7,7,1,0,1,1,1,1783468332
2026-07-08T00:14:24Z,945,6,3,8,1,0,1,1,1,1783468322
2026-07-08T00:14:24Z,946,10,7,9,0,0,1,1,1,1783468359
2026-07-08T00:14:24Z,947,8,6,9,0,0,1,1,1,1783468316
2026-07-08T00:14:24Z,948,2,2,25,4,0,1,1,1,1783469495
2026-07-08T00:14:24Z,949,1,1,14,0,0,1,1,1,1783469644
2026-07-08T00:14:24Z,950,2,0,14,1,0,1,1,1,1783469642
2026-07-08T00:14:24Z,951,6,0,15,2,0,1,1,1,1783469495
2026-07-08T00:14:24Z,952,24,2,24,7,0,1,1,1,1783469651
2026-07-08T00:14:24Z,953,9,1,5,1,0,1,1,1,1783469349
2026-07-08T00:14:24Z,954,15,1,3,1,0,1,1,1,1783469042
2026-07-08T00:14:24Z,955,6,5,16,5,0,1,1,1,1783469520
2026-07-08T00:14:24Z,956,14,0,3,2,0,1,1,1,1783469619
2026-07-08T00:14:24Z,957,29,3,0,0,0,1,1,1,1783469628
2026-07-08T00:14:24Z,958,27,0,1,3,0,1,1,1,1783469620
2026-07-08T00:14:24Z,959,6,2,16,1,0,1,1,1,1783468627
2026-07-08T00:14:24Z,960,22,3,0,1,0,1,1,1,1783469187
2026-07-08T00:14:24Z,961,0,0,19,4,0,1,1,1,1783469233
2026-07-08T00:14:24Z,962,21,8,7,7,0,1,1,1,1783469139
2026-07-08T00:14:24Z,963,15,0,8,0,0,1,1,1,1783469280
2026-07-08T00:14:24Z,964,13,8,9,1,0,1,1,1,1783469437
2026-07-08T00:14:24Z,965,11,6,14,2,0,1,1,1,1783469539
2026-07-08T00:14:24Z,966,3,2,27,1,0,1,1,1,1783469563
2026-07-08T00:14:24Z,967,9,0,9,3,0,1,1,1,1783469582
2026-07-08T00:14:24Z,968,9,2,10,0,0,1,1,1,1783469348
2026-07-08T00:14:24Z,969,20,7,5,2,0,1,1,1,1783469417
2026-07-08T00:14:24Z,970,12,4,6,1,0,1,1,1,1783469435
2026-07-08T00:14:24Z,971,21,0,0,2,0,1,1,1,1783469431
2026-07-08T00:14:24Z,972,17,0,6,0,0,1,1,1,1783468503
2026-07-08T00:14:24Z,973,2,0,20,1,0,1,1,1,1783469495
2026-07-08T00:14:24Z,974,3,0,23,1,0,1,1,1,1783469586
2026-07-08T00:14:24Z,977,0,0,19,2,0,1,1,1,1783469441
2026-07-08T00:14:24Z,978,11,4,12,0,0,1,1,1,1783469639
2026-07-08T00:14:24Z,979,0,0,14,3,0,1,1,1,1783469497
2026-07-08T00:14:24Z,980,2,0,19,0,0,1,1,1,1783469639
2026-07-08T00:14:24Z,981,15,3,5,1,0,1,1,1,1783469626
2026-07-08T00:14:24Z,982,4,1,15,0,0,1,1,1,1783468392
2026-07-08T00:14:24Z,983,0,0,23,0,0,1,1,1,1783468523
2026-07-08T00:14:24Z,984,20,8,0,3,0,1,1,1,1783468527
2026-07-08T00:14:24Z,985,26,0,5,0,0,1,1,1,1783469457
2026-07-08T00:14:24Z,986,9,8,10,0,0,1,1,1,1783469556
2026-07-08T00:14:24Z,987,3,0,19,1,0,1,1,1,1783468494
2026-07-08T00:14:24Z,988,6,0,11,2,0,1,1,1,1783468955
2026-07-08T00:14:24Z,989,14,10,3,2,0,1,1,1,1783468454
2026-07-08T00:14:24Z,990,5,1,9,1,0,1,1,1,1783469138
2026-07-08T00:14:24Z,991,17,9,2,0,0,1,1,1,1783468482
2026-07-08T00:14:24Z,992,4,2,18,1,0,1,1,1,1783469089
2026-07-08T00:14:24Z,993,0,0,25,2,0,1,1,1,1783468551
2026-07-08T00:14:24Z,994,1,0,18,2,0,1,1,1,1783468539
2026-07-08T00:14:24Z,995,0,0,27,0,0,1,1,1,1783468514
2026-07-08T00:14:24Z,996,9,4,12,2,0,1,1,1,1783468545
2026-07-08T00:14:24Z,997,6,2,12,5,0,1,1,1,1783469623
2026-07-08T00:14:24Z,998,4,1,19,0,0,1,1,1,1783468507
2026-07-08T00:14:24Z,999,7,2,12,1,1,1,1,1,1783468496
2026-07-08T00:14:24Z,1000,5,0,15,1,0,1,1,1,1783468437
2026-07-08T00:14:24Z,1001,2,0,25,0,0,1,1,1,1783468513
2026-07-08T00:14:24Z,1002,0,0,31,0,0,1,1,1,1783468567
2026-07-08T00:14:24Z,1003,0,0,23,0,0,1,1,1,1783468481
2026-07-08T00:14:24Z,1004,6,0,17,0,0,1,1,1,1783469448
2026-07-08T00:14:24Z,1005,5,2,17,1,0,1,1,1,1783468485
2026-07-08T00:14:24Z,1006,10,1,9,0,0,1,1,1,1783468408
2026-07-08T00:14:24Z,1007,2,0,18,1,0,1,1,1,1783468434
2026-07-08T00:14:24Z,1008,18,8,5,0,0,1,1,1,1783468515
2026-07-08T00:14:24Z,1009,5,1,24,2,0,1,1,1,1783469139
2026-07-08T00:14:24Z,1010,9,8,18,0,0,1,1,1,1783468555
2026-07-08T00:14:24Z,1011,2,1,15,2,0,1,1,1,1783468403
2026-07-08T00:14:24Z,1012,1,0,21,1,0,1,1,1,1783468493
2026-07-08T00:14:24Z,1013,4,2,18,1,0,1,1,1,1783469208
2026-07-08T00:14:24Z,1014,6,1,15,2,0,1,1,1,1783469478
2026-07-08T00:14:24Z,1015,8,3,23,0,0,1,1,1,1783468582
2026-07-08T00:14:24Z,1016,16,6,14,1,0,1,1,1,1783468640
2026-07-08T00:14:24Z,1017,8,0,12,1,0,1,1,1,1783468457
2026-07-08T00:14:24Z,1018,3,2,13,5,0,1,1,1,1783468486
2026-07-08T00:14:24Z,1019,13,1,1,1,0,1,1,1,1783468343
2026-07-08T00:14:24Z,1020,14,2,7,0,0,1,1,1,1783468452
2026-07-08T00:14:24Z,1021,12,6,3,0,0,1,1,1,1783468352
2026-07-08T00:14:24Z,1022,10,1,17,0,0,1,1,1,1783468523
2026-07-08T00:14:24Z,1023,13,0,10,0,0,1,1,1,1783468538
2026-07-08T00:14:24Z,1024,1,0,18,0,0,1,1,1,1783468396
2026-07-08T00:14:24Z,1025,15,1,4,0,0,1,1,1,1783468480
2026-07-08T00:14:24Z,1026,10,7,20,1,0,1,1,1,1783468597
2026-07-08T00:14:24Z,1028,16,4,7,0,0,1,1,1,1783468521
2026-07-08T00:14:24Z,1029,10,8,2,3,0,1,1,1,1783468354
2026-07-08T00:14:24Z,1030,17,5,6,0,0,1,1,1,1783468542
2026-07-08T00:14:24Z,1031,2,2,16,1,0,1,1,1,1783468410
2026-07-08T00:14:24Z,1032,10,3,9,0,0,1,1,1,1783468413
2026-07-08T00:14:24Z,1033,16,8,2,1,0,1,1,1,1783468453
2026-07-08T00:14:24Z,1034,8,0,7,0,0,1,1,1,1783468342
2026-07-08T00:14:24Z,1035,3,0,15,1,0,1,1,1,1783469294
2026-07-08T00:14:24Z,1036,14,4,1,0,0,1,1,1,1783468355
2026-07-08T00:14:24Z,1037,0,0,19,0,0,1,1,1,1783469036
2026-07-08T00:14:24Z,1038,0,0,15,0,0,1,1,1,1783468330
2026-07-08T00:14:24Z,1039,12,6,7,0,0,1,1,1,1783468420
2026-07-08T00:14:24Z,1040,1,0,17,1,0,1,1,1,1783468418
2026-07-08T00:14:24Z,1041,3,2,16,0,0,1,1,1,1783468397
2026-07-08T00:14:24Z,1042,9,2,6,0,0,1,1,1,1783468340
2026-07-08T00:14:24Z,1043,8,6,11,0,0,1,1,1,1783468417
2026-07-08T00:14:24Z,1044,0,0,15,0,0,1,1,1,1783468330
2026-07-08T00:14:24Z,1045,2,1,17,0,0,1,1,1,1783468406
2026-07-08T00:14:24Z,1046,7,0,5,3,0,1,1,1,1783469033
2026-07-08T00:14:24Z,1047,1,1,19,1,0,1,1,1,1783468427
2026-07-08T00:14:24Z,1048,14,1,5,0,0,1,1,1,1783468390
2026-07-08T00:14:24Z,1049,11,2,10,0,0,1,1,1,1783469367
2026-07-08T00:14:24Z,1050,17,1,2,2,0,1,1,1,1783468554
2026-07-08T00:14:24Z,1051,15,2,5,1,0,1,1,1,1783469377
2026-07-08T00:14:24Z,1052,11,1,11,0,0,1,1,1,1783468499
2026-07-08T00:14:24Z,1053,6,0,9,0,0,1,1,1,1783468347
2026-07-08T00:14:24Z,1054,12,4,3,0,0,1,1,1,1783468342
2026-07-08T00:14:24Z,1055,8,0,11,0,0,1,1,1,1783468580
2026-07-08T00:14:24Z,1057,5,0,14,0,0,1,1,1,1783469542
2026-07-08T00:14:24Z,1058,4,1,51,1,0,1,1,1,1783469504
2026-07-08T00:14:24Z,1059,6,2,13,0,0,1,1,1,1783468386
2026-07-08T00:14:24Z,1060,37,14,0,0,0,1,1,1,1783469208
2026-07-08T00:14:24Z,1061,2,0,35,0,0,1,1,1,1783468684
2026-07-08T00:14:24Z,1062,4,0,13,0,0,1,1,1,1783469508
2026-07-08T00:14:24Z,1063,10,3,7,2,0,1,1,1,1783469462
2026-07-08T00:14:24Z,1064,11,2,12,0,0,1,1,1,1783468479
2026-07-08T00:14:24Z,1065,10,2,11,2,0,1,1,1,1783468522
2026-07-08T00:14:24Z,1066,14,3,7,2,0,1,1,1,1783468544
2026-07-08T00:14:24Z,1067,7,0,13,3,0,1,1,1,1783468497
2026-07-08T00:14:24Z,1068,13,1,9,1,0,1,1,1,1783468488
2026-07-08T00:14:24Z,1069,3,0,19,1,0,1,1,1,1783468519
2026-07-08T00:14:24Z,1070,7,4,15,1,0,1,1,1,1783468496
2026-07-08T00:14:24Z,1071,0,0,22,1,0,1,1,1,1783468484
2026-07-08T00:14:24Z,1072,13,2,8,2,0,1,1,1,1783468527
2026-07-08T00:14:24Z,1073,1,0,25,1,0,1,1,1,1783468565
2026-07-08T00:14:24Z,1074,35,0,15,3,0,1,1,1,1783469449
2026-07-08T00:14:24Z,1075,10,9,11,0,0,1,1,1,1783468461
2026-07-08T00:14:24Z,1076,12,7,9,0,0,1,1,1,1783468561
2026-07-08T00:14:24Z,1077,10,9,11,0,0,1,1,1,1783469594
2026-07-08T00:14:24Z,1078,4,1,17,0,0,1,1,1,1783469465
2026-07-08T00:14:24Z,1079,10,8,11,0,0,1,1,1,1783468448
2026-07-08T00:14:24Z,1080,10,8,11,0,0,1,1,1,1783468479
2026-07-08T00:14:24Z,1081,12,10,7,0,0,1,1,1,1783468555
2026-07-08T00:14:24Z,1082,13,11,10,0,0,1,1,1,1783469259
2026-07-08T00:14:24Z,1083,10,8,11,0,0,1,1,1,1783468466
2026-07-08T00:14:24Z,1084,9,7,12,0,0,1,1,1,1783468920
2026-07-08T00:14:24Z,1085,10,9,11,0,0,1,1,1,1783468542
2026-07-08T00:14:24Z,1086,8,6,13,0,0,1,1,1,1783469456
2026-07-08T00:14:24Z,1087,10,9,5,0,0,1,1,1,1783468368
2026-07-08T00:14:24Z,1088,6,4,9,0,0,1,1,1,1783468380
2026-07-08T00:14:24Z,1089,8,6,7,0,0,1,1,1,1783468348
2026-07-08T00:14:24Z,1090,9,8,6,0,0,1,1,1,1783468349
2026-07-08T00:14:24Z,1091,10,8,5,0,0,1,1,1,1783468352
2026-07-08T00:14:24Z,1092,7,6,8,0,0,1,1,1,1783468386
2026-07-08T00:14:24Z,1093,9,7,6,0,0,1,1,1,1783468359
2026-07-08T00:14:24Z,1094,12,9,7,0,0,1,1,1,1783468389
2026-07-08T00:14:24Z,1095,8,6,7,0,0,1,1,1,1783468292
2026-07-08T00:14:24Z,1096,9,7,10,0,0,1,1,1,1783468649
2026-07-08T00:14:24Z,1097,9,9,6,0,0,1,1,1,1783468370
2026-07-08T00:14:24Z,1098,8,6,11,0,0,1,1,1,1783468415
2026-07-08T00:14:24Z,1099,10,8,5,0,0,1,1,1,1783469009
2026-07-08T00:14:24Z,1100,9,5,18,2,0,1,1,1,1783468584
2026-07-08T00:14:24Z,1101,12,7,8,1,0,1,1,1,1783468476
2026-07-08T00:14:24Z,1102,9,4,4,0,0,1,1,1,1783468297
2026-07-08T00:14:24Z,1103,10,5,9,2,0,1,1,1,1783468462
2026-07-08T00:14:24Z,1104,7,5,14,0,0,1,1,1,1783469240
2026-07-08T00:14:24Z,1105,6,2,5,2,0,1,1,1,1783468289
2026-07-08T00:14:24Z,1106,10,5,10,1,0,1,1,1,1783468459
2026-07-08T00:14:24Z,1107,9,4,5,1,0,1,1,1,1783468334
2026-07-08T00:14:24Z,1108,4,2,20,3,0,1,1,1,1783468528
2026-07-08T00:14:24Z,1109,10,5,5,0,0,1,1,1,1783468337
2026-07-08T00:14:24Z,1110,11,0,9,1,0,1,1,1,1783468445
2026-07-08T00:14:24Z,1111,5,0,16,0,0,1,1,1,1783468445
2026-07-08T00:14:24Z,1112,4,2,49,0,0,1,1,1,1783469306
2026-07-08T00:14:24Z,1113,2,2,19,0,0,1,1,1,1783468376
2026-07-08T00:14:24Z,1115,9,0,12,2,0,1,1,1,1783468665
2026-07-08T00:14:24Z,1116,1,0,18,0,0,1,1,1,1783468398
2026-07-08T00:14:24Z,1117,4,2,18,1,0,1,1,1,1783469259
2026-07-08T00:14:24Z,1118,19,0,2,0,0,1,1,1,1783469643
2026-07-08T00:14:24Z,1119,6,2,10,1,0,1,1,1,1783468966
2026-07-08T00:14:24Z,1120,15,1,1,3,0,1,1,1,1783469628
2026-07-08T00:14:24Z,1121,5,1,16,0,0,1,1,1,1783469617
2026-07-08T00:14:24Z,1122,1,0,19,1,0,1,1,1,1783469493
2026-07-08T00:14:24Z,1123,5,0,16,2,0,1,1,1,1783469599
2026-07-08T00:14:24Z,1124,11,0,3,1,0,1,1,1,1783469409
2026-07-08T00:14:24Z,1125,15,0,8,0,0,1,1,1,1783468492
2026-07-08T00:14:24Z,1126,7,1,13,1,0,1,1,1,1783469455
2026-07-08T00:14:24Z,1127,8,1,11,0,0,1,1,1,1783468396
2026-07-08T00:14:24Z,1128,13,2,1,1,0,1,1,1,1783468336
2026-07-08T00:14:24Z,1129,7,2,14,0,0,1,1,1,1783469494
2026-07-08T00:14:24Z,1130,13,0,1,1,0,1,1,1,1783469172
2026-07-08T00:14:24Z,1131,0,0,49,0,0,1,1,1,1783469028
2026-07-08T00:14:24Z,1132,11,0,8,2,0,1,1,1,1783468429
2026-07-08T00:14:24Z,1133,10,2,9,2,0,1,1,1,1783469614
2026-07-08T00:14:24Z,1134,11,5,7,1,0,1,1,1,1783468521
2026-07-08T00:14:24Z,1135,13,7,8,0,0,1,1,1,1783468453
2026-07-08T00:14:24Z,1136,21,0,1,1,0,1,1,1,1783468936
2026-07-08T00:14:24Z,1137,1,1,14,0,0,1,1,1,1783469092
2026-07-08T00:14:24Z,1138,18,0,1,0,0,1,1,1,1783469354
2026-07-08T00:14:24Z,1139,9,1,12,0,0,1,1,1,1783468463
2026-07-08T00:14:24Z,1140,18,2,3,2,0,1,1,1,1783469594
2026-07-08T00:14:24Z,1141,4,1,15,2,0,1,1,1,1783469579
2026-07-08T00:14:24Z,1142,5,0,16,0,0,1,1,1,1783468862
2026-07-08T00:14:24Z,1143,21,1,7,1,0,1,1,1,1783469533
2026-07-08T00:14:24Z,1144,3,1,17,1,0,1,1,1,1783400779
2026-07-08T00:14:24Z,1145,6,2,11,3,0,1,1,1,1783469203
2026-07-08T00:14:24Z,1146,8,0,10,1,0,1,1,1,1783469508
2026-07-08T00:14:24Z,1147,5,1,14,0,0,1,1,1,1783469471
2026-07-08T00:14:24Z,1148,6,1,24,1,0,1,1,1,1783469240
2026-07-08T00:14:24Z,1149,2,2,23,0,0,1,1,1,1783469407
2026-07-08T00:14:24Z,1150,11,0,6,2,0,1,1,1,1783469388
2026-07-08T00:14:24Z,1151,2,0,18,1,0,1,1,1,1783469298
2026-07-08T00:14:24Z,1152,11,0,15,3,0,1,1,1,1783468729
2026-07-08T00:14:24Z,1153,13,0,9,1,0,1,1,1,1783468879
2026-07-08T00:14:24Z,1154,1,0,16,2,0,1,1,1,1783468628
2026-07-08T00:14:24Z,1155,11,4,8,2,0,1,1,1,1783469531
2026-07-08T00:14:24Z,1158,9,0,10,0,0,1,1,1,1783468402
2026-07-08T00:14:24Z,1159,6,4,13,0,0,1,1,1,1783468844
2026-07-08T00:14:24Z,1160,10,2,8,1,0,1,1,1,1783469086
2026-07-08T00:14:24Z,1161,8,2,11,0,0,1,1,1,1783468434
2026-07-08T00:14:24Z,1162,7,4,11,1,0,1,1,1,1783468904
2026-07-08T00:14:24Z,1163,2,2,17,0,0,1,1,1,1783468385
2026-07-08T00:14:24Z,1164,8,0,11,0,0,1,1,1,1783469481
2026-07-08T00:14:24Z,1165,3,1,17,1,0,1,1,1,1783468977
2026-07-08T00:14:24Z,1166,0,0,20,0,0,1,1,1,1783468420
2026-07-08T00:14:24Z,1167,13,2,2,0,0,1,1,1,1783468326
2026-07-08T00:14:24Z,1168,1,1,22,0,0,1,1,1,1783468533
2026-07-08T00:14:24Z,1169,3,2,15,1,0,1,1,1,1783468400
2026-07-08T00:14:24Z,1170,7,5,14,0,0,1,1,1,1783469459
2026-07-08T00:14:24Z,1171,16,14,6,1,0,1,1,1,1783468550
2026-07-08T00:14:24Z,1172,9,3,4,2,0,1,1,1,1783468343
2026-07-08T00:14:24Z,1173,5,5,13,1,0,1,1,1,1783468651
2026-07-08T00:14:24Z,1174,3,1,11,1,0,1,1,1,1783468330
2026-07-08T00:14:24Z,1175,6,0,13,0,0,1,1,1,1783469601
2026-07-08T00:14:24Z,1176,19,5,2,0,0,1,1,1,1783468437
2026-07-08T00:14:24Z,1177,11,2,10,0,0,1,1,1,1783468430
2026-07-08T00:14:24Z,1178,4,0,9,2,0,1,1,1,1783468454
2026-07-08T00:14:24Z,1181,14,1,1,0,0,1,1,1,1783469544
2026-07-08T00:14:24Z,1182,1,0,18,1,0,1,1,1,1783469214
2026-07-08T00:14:24Z,1183,14,0,21,2,0,1,1,1,1783469634
2026-07-08T00:14:24Z,1184,13,7,7,1,0,1,1,1,1783469542
2026-07-08T00:14:24Z,1185,13,6,8,0,0,1,1,1,1783468999
2026-07-08T00:14:24Z,1186,9,5,9,1,0,1,1,1,1783468396
2026-07-08T00:14:24Z,1188,8,4,7,0,0,1,1,1,1783467882
2026-07-08T00:14:24Z,1189,10,5,9,0,0,1,1,1,1783467956
2026-07-08T00:14:24Z,1190,9,5,12,0,0,1,1,1,1783468432
2026-07-08T00:14:24Z,1191,8,4,6,1,0,1,1,1,1783468480
2026-07-08T00:14:24Z,1192,8,4,12,1,0,1,1,1,1783468486
2026-07-08T00:14:24Z,1193,3,1,9,1,0,1,1,1,1783468279
2026-07-08T00:14:24Z,1197,13,3,3,1,0,1,1,1,1783468343
2026-07-08T00:14:24Z,1198,15,9,6,0,0,1,1,1,1783468448
2026-07-08T00:14:24Z,1199,3,3,16,0,0,1,1,1,1783468384
2026-07-08T00:14:24Z,1200,11,4,4,0,0,1,1,1,1783468180
2026-07-08T00:14:24Z,1201,8,4,6,1,0,1,1,1,1783468204
2026-07-08T00:14:24Z,1202,9,5,6,0,0,1,1,1,1783468171
2026-07-08T00:14:24Z,1203,9,5,6,0,0,1,1,1,1783468176
2026-07-08T00:14:24Z,1218,7,4,14,0,0,1,1,1,1783468479
2026-07-08T00:14:24Z,1224,0,0,3,0,0,0,1,1,1781869449
2026-07-08T00:14:24Z,1225,0,0,3,0,0,0,1,1,1781868919
2026-07-08T00:14:24Z,1226,0,0,3,0,0,0,1,1,1781868931
2026-07-08T00:19:24Z,1,0,0,23,0,0,1,1,1,1783467835
2026-07-08T00:19:24Z,2,9,0,17,1,0,1,1,1,1783469916
2026-07-08T00:19:24Z,3,9,0,8,1,0,1,1,1,1783469746
2026-07-08T00:19:24Z,4,2,0,21,0,0,1,1,1,1783469060
2026-07-08T00:19:24Z,5,8,6,11,4,0,1,1,1,1783469783
2026-07-08T00:19:24Z,6,6,0,9,0,0,1,1,1,1783469716
2026-07-08T00:19:24Z,7,22,0,1,0,0,1,1,1,1783469379
2026-07-08T00:19:24Z,8,42,1,1,0,0,1,1,1,1783469724
2026-07-08T00:19:24Z,9,2,0,20,1,0,1,1,1,1783469414
2026-07-08T00:19:24Z,10,7,2,16,0,0,1,1,1,1783468042
2026-07-08T00:19:24Z,11,0,0,19,0,0,1,1,1,1783468438
2026-07-08T00:19:24Z,12,0,0,23,0,0,1,1,1,1783469794
2026-07-08T00:19:24Z,13,29,1,1,0,0,1,1,1,1783468966
2026-07-08T00:19:24Z,14,40,1,3,0,0,1,1,1,1783469608
2026-07-08T00:19:24Z,15,13,2,1,1,0,1,1,1,1783469836
2026-07-08T00:19:24Z,16,2,2,25,0,0,1,1,1,1783469793
2026-07-08T00:19:24Z,17,20,0,6,1,0,1,1,1,1783469900
2026-07-08T00:19:24Z,18,19,1,0,0,0,1,1,1,1783469247
2026-07-08T00:19:24Z,19,5,2,21,1,0,1,1,1,1783469946
2026-07-08T00:19:24Z,20,11,0,16,0,0,1,1,1,1783468980
2026-07-08T00:19:24Z,21,9,1,9,1,0,1,1,1,1783469875
2026-07-08T00:19:24Z,22,0,0,66,1,0,1,1,1,1783469774
2026-07-08T00:19:24Z,23,15,0,16,0,0,1,1,1,1783469784
2026-07-08T00:19:24Z,24,2,2,7,2,0,1,1,1,1783469950
2026-07-08T00:19:24Z,25,16,2,59,6,0,1,1,1,1783469757
2026-07-08T00:19:24Z,26,4,0,23,0,0,1,1,1,1783469633
2026-07-08T00:19:24Z,28,9,3,6,0,0,1,1,1,1783469786
2026-07-08T00:19:24Z,30,12,0,13,2,0,1,1,1,1783469942
2026-07-08T00:19:24Z,31,3,0,16,0,0,1,1,1,1783469945
2026-07-08T00:19:24Z,32,25,3,1,1,0,1,1,1,1783469776
2026-07-08T00:19:24Z,34,26,1,11,0,0,1,1,1,1783469466
2026-07-08T00:19:24Z,35,2,0,42,3,0,1,1,1,1783469938
2026-07-08T00:19:24Z,36,0,0,0,0,0,0,1,1,86400
2026-07-08T00:19:24Z,37,18,2,4,1,0,1,1,1,1783469888
2026-07-08T00:19:24Z,38,4,2,19,0,0,1,1,1,1783469730
2026-07-08T00:19:24Z,39,24,5,7,0,0,1,1,1,1783469746
2026-07-08T00:19:24Z,40,0,0,21,0,0,1,1,1,1783469847
2026-07-08T00:19:24Z,41,4,0,21,2,0,1,1,1,1783469634
2026-07-08T00:19:24Z,42,4,0,26,1,0,1,1,1,1783469774
2026-07-08T00:19:24Z,43,18,2,5,0,0,1,1,1,1783469621
2026-07-08T00:19:24Z,45,1,1,27,3,0,1,1,1,1783469735
2026-07-08T00:19:24Z,46,0,0,29,1,1,1,1,1,1783469540
2026-07-08T00:19:24Z,47,4,0,10,1,0,1,1,1,1783469642
2026-07-08T00:19:24Z,48,2,1,25,0,0,1,1,1,1783469340
2026-07-08T00:19:24Z,49,1,0,19,3,0,1,1,1,1783469953
2026-07-08T00:19:24Z,50,4,2,15,0,0,1,1,1,1783469951
2026-07-08T00:19:24Z,51,1,0,77,0,0,1,1,1,1783469022
2026-07-08T00:19:24Z,52,0,0,25,2,0,1,1,1,1783469807
2026-07-08T00:19:24Z,55,1,0,20,0,1,1,1,1,1783469857
2026-07-08T00:19:24Z,57,2,0,25,0,0,1,1,1,1783469676
2026-07-08T00:19:24Z,58,6,2,22,0,0,1,1,1,1783469773
2026-07-08T00:19:24Z,59,0,0,25,2,0,1,1,1,1783469781
2026-07-08T00:19:24Z,61,0,0,37,2,0,1,1,1,1783469462
2026-07-08T00:19:24Z,62,3,1,44,2,0,1,1,1,1783469427
2026-07-08T00:19:24Z,63,0,0,19,0,0,1,1,1,1783468347
2026-07-08T00:19:24Z,64,16,0,2,1,0,1,1,1,1783468930
2026-07-08T00:19:24Z,65,4,1,13,2,0,1,1,1,1783467903
2026-07-08T00:19:24Z,67,1,0,38,0,0,1,1,1,1783469920
2026-07-08T00:19:24Z,68,1,0,36,0,0,1,1,1,1783469824
2026-07-08T00:19:24Z,69,14,2,1,0,0,1,1,1,1783468047
2026-07-08T00:19:24Z,71,0,0,27,0,0,1,1,1,1783469566
2026-07-08T00:19:24Z,72,1,1,30,0,0,1,1,1,1783469804
2026-07-08T00:19:24Z,73,0,0,23,0,0,1,1,1,1783469897
2026-07-08T00:19:24Z,74,6,2,13,0,0,1,1,1,1783468959
2026-07-08T00:19:24Z,75,0,0,34,1,0,1,1,1,1783468816
2026-07-08T00:19:24Z,76,3,0,16,0,0,1,1,1,1783468346
2026-07-08T00:19:24Z,77,9,0,13,5,0,1,1,1,1783469753
2026-07-08T00:19:24Z,78,0,0,23,0,0,1,1,1,1783467209
2026-07-08T00:19:24Z,79,4,0,13,0,0,1,1,1,1783469299
2026-07-08T00:19:24Z,80,19,0,2,2,0,1,1,1,1783469908
2026-07-08T00:19:24Z,81,18,0,0,13,0,1,1,1,1783469949
2026-07-08T00:19:24Z,82,0,0,21,2,0,1,1,1,1783469199
2026-07-08T00:19:24Z,83,0,0,30,4,0,1,1,1,1783469950
2026-07-08T00:19:24Z,84,21,1,4,2,0,1,1,1,1783469761
2026-07-08T00:19:24Z,85,1,0,13,0,0,1,1,1,1783469522
2026-07-08T00:19:24Z,86,4,0,22,1,0,1,1,1,1783467511
2026-07-08T00:19:24Z,87,0,0,19,0,0,1,1,1,1783464851
2026-07-08T00:19:24Z,88,25,2,6,0,0,1,1,1,1783469913
2026-07-08T00:19:24Z,89,0,0,35,0,0,1,1,1,1783464840
2026-07-08T00:19:24Z,90,3,0,15,1,0,1,1,1,1783469953
2026-07-08T00:19:24Z,91,5,0,12,0,0,1,1,1,1783469528
2026-07-08T00:19:24Z,92,13,0,4,2,0,1,1,1,1783469881
2026-07-08T00:19:24Z,93,17,1,5,1,0,1,1,1,1783469316
2026-07-08T00:19:24Z,94,1,1,18,0,0,1,1,1,1783468543
2026-07-08T00:19:24Z,95,5,0,29,0,1,1,1,1,1783469903
2026-07-08T00:19:24Z,96,10,1,19,2,0,1,1,1,1783469789
2026-07-08T00:19:24Z,97,7,0,8,0,0,1,1,1,1783469708
2026-07-08T00:19:24Z,98,12,1,21,2,0,1,1,1,1783469918
2026-07-08T00:19:24Z,99,10,0,4,0,0,1,1,1,1783469881
2026-07-08T00:19:24Z,100,12,0,14,1,0,1,1,1,1783469523
2026-07-08T00:19:24Z,101,3,0,10,2,0,1,1,1,1783469910
2026-07-08T00:19:24Z,102,10,0,13,0,0,1,1,1,1783469828
2026-07-08T00:19:24Z,103,7,0,21,4,0,1,1,1,1783469948
2026-07-08T00:19:24Z,104,1,0,24,2,0,1,1,1,1783469915
2026-07-08T00:19:24Z,105,13,0,5,0,1,1,1,1,1783469711
2026-07-08T00:19:24Z,106,0,0,21,0,0,1,1,1,1783469801
2026-07-08T00:19:24Z,107,33,1,4,0,0,1,1,1,1783469901
2026-07-08T00:19:24Z,108,11,0,22,2,0,1,1,1,1783469920
2026-07-08T00:19:24Z,109,15,0,8,0,0,1,1,1,1783469953
2026-07-08T00:19:24Z,110,21,0,2,0,0,1,1,1,1783469308
2026-07-08T00:19:24Z,111,1,1,34,1,0,1,1,1,1783469897
2026-07-08T00:19:24Z,112,17,0,1,1,0,1,1,1,1783469953
2026-07-08T00:19:24Z,113,5,1,14,0,0,1,1,1,1783469861
2026-07-08T00:19:24Z,114,7,2,20,4,0,1,1,1,1783469886
2026-07-08T00:19:24Z,115,1,1,23,2,0,1,1,1,1783469364
2026-07-08T00:19:24Z,116,4,0,23,0,0,1,1,1,1783469945
2026-07-08T00:19:24Z,118,9,3,10,4,0,1,1,1,1783469942
2026-07-08T00:19:24Z,119,16,4,20,2,0,1,1,1,1783469908
2026-07-08T00:19:24Z,120,1,0,24,2,0,1,1,1,1783469405
2026-07-08T00:19:24Z,121,6,0,13,0,0,1,1,1,1783469814
2026-07-08T00:19:24Z,122,3,2,17,1,0,1,1,1,1783469873
2026-07-08T00:19:24Z,123,22,1,25,0,0,1,1,1,1783469753
2026-07-08T00:19:24Z,124,2,0,25,0,0,1,1,1,1783469887
2026-07-08T00:19:24Z,125,4,1,19,0,0,1,1,1,1783469740
2026-07-08T00:19:24Z,126,0,0,31,0,0,1,1,1,1783469595
2026-07-08T00:19:24Z,127,0,0,22,0,0,1,1,1,1783469736
2026-07-08T00:19:24Z,128,1,1,17,1,0,1,1,1,1783469950
2026-07-08T00:19:24Z,129,9,4,7,3,0,1,1,1,1783469938
2026-07-08T00:19:24Z,130,14,0,3,0,0,1,1,1,1783469202
2026-07-08T00:19:24Z,131,1,1,8,2,0,1,1,1,1783468671
2026-07-08T00:19:24Z,132,0,0,14,0,1,1,1,1,1783468552
2026-07-08T00:19:24Z,133,0,0,23,0,0,1,1,1,1783468623
2026-07-08T00:19:24Z,134,4,3,19,0,0,1,1,1,1783469796
2026-07-08T00:19:24Z,135,13,3,6,0,0,1,1,1,1783469765
2026-07-08T00:19:24Z,136,9,0,13,0,0,1,1,1,1783469420
2026-07-08T00:19:24Z,137,6,4,12,1,0,1,1,1,1783469829
2026-07-08T00:19:24Z,138,36,3,0,1,0,1,1,1,1783469661
2026-07-08T00:19:24Z,139,16,0,3,0,0,1,1,1,1783469954
2026-07-08T00:19:24Z,140,8,0,11,3,1,1,1,1,1783469952
2026-07-08T00:19:24Z,141,22,3,1,2,0,1,1,1,1783469856
2026-07-08T00:19:24Z,142,0,0,19,0,0,0,1,1,1782498468
2026-07-08T00:19:24Z,143,26,0,2,3,0,1,1,1,1783469928
2026-07-08T00:19:24Z,144,25,2,1,1,0,1,1,1,1783469809
2026-07-08T00:19:24Z,145,27,6,3,1,0,1,1,1,1783469949
2026-07-08T00:19:24Z,146,21,3,0,2,0,1,1,1,1783469951
2026-07-08T00:19:24Z,147,3,0,15,1,0,1,1,1,1783469851
2026-07-08T00:19:24Z,148,21,2,5,1,0,1,1,1,1783469952
2026-07-08T00:19:24Z,149,4,1,15,0,0,1,1,1,1783469865
2026-07-08T00:19:24Z,150,33,0,1,1,0,1,1,1,1783469867
2026-07-08T00:19:24Z,151,20,1,1,2,0,1,1,1,1783469931
2026-07-08T00:19:24Z,152,22,1,3,1,0,1,1,1,1783469939
2026-07-08T00:19:24Z,153,17,3,5,1,0,1,1,1,1783469949
2026-07-08T00:19:24Z,154,18,1,2,3,0,1,1,1,1783469936
2026-07-08T00:19:24Z,155,6,1,4,4,0,1,1,1,1783469781
2026-07-08T00:19:24Z,156,3,1,16,0,0,1,1,1,1783469816
2026-07-08T00:19:24Z,157,23,2,2,2,0,1,1,1,1783469916
2026-07-08T00:19:24Z,158,9,1,10,0,0,1,1,1,1783469824
2026-07-08T00:19:24Z,159,11,2,8,0,0,1,1,1,1783469695
2026-07-08T00:19:24Z,160,16,1,2,1,0,1,1,1,1783469794
2026-07-08T00:19:24Z,161,14,1,9,0,0,1,1,1,1783469951
2026-07-08T00:19:24Z,162,9,9,18,0,0,1,1,1,1783469863
2026-07-08T00:19:24Z,163,22,2,7,2,0,1,1,1,1783469667
2026-07-08T00:19:24Z,164,24,0,3,0,0,1,1,1,1783469922
2026-07-08T00:19:24Z,165,20,9,8,2,0,1,1,1,1783469940
2026-07-08T00:19:24Z,166,28,5,9,1,0,1,1,1,1783469803
2026-07-08T00:19:24Z,167,15,9,7,1,0,1,1,1,1783469710
2026-07-08T00:19:24Z,168,10,0,16,1,0,1,1,1,1783469811
2026-07-08T00:19:24Z,169,12,2,9,2,0,1,1,1,1783469925
2026-07-08T00:19:24Z,170,13,6,5,1,0,1,1,1,1783469938
2026-07-08T00:19:24Z,171,4,0,5,4,0,1,1,1,1783469802
2026-07-08T00:19:24Z,173,0,0,37,0,0,1,1,1,1783469902
2026-07-08T00:19:24Z,174,15,3,9,1,0,1,1,1,1783469952
2026-07-08T00:19:24Z,175,25,1,3,3,0,1,1,1,1783469896
2026-07-08T00:19:24Z,176,14,4,0,1,0,1,1,1,1783469943
2026-07-08T00:19:24Z,177,22,3,1,4,0,1,1,1,1783469890
2026-07-08T00:19:24Z,178,15,0,0,0,0,1,1,1,1783468640
2026-07-08T00:19:24Z,179,6,1,7,2,0,1,1,1,1783469954
2026-07-08T00:19:24Z,180,0,0,29,1,0,1,1,1,1783469918
2026-07-08T00:19:24Z,181,8,4,7,0,0,1,1,1,1783469937
2026-07-08T00:19:24Z,182,12,4,7,0,0,1,1,1,1783469865
2026-07-08T00:19:24Z,183,18,2,3,2,0,1,1,1,1783469626
2026-07-08T00:19:24Z,184,0,0,21,2,0,1,1,1,1783469846
2026-07-08T00:19:24Z,185,5,1,7,2,1,1,1,1,1783468783
2026-07-08T00:19:24Z,186,5,3,13,1,0,1,1,1,1783469871
2026-07-08T00:19:24Z,187,0,0,27,2,0,1,1,1,1783469718
2026-07-08T00:19:24Z,188,17,2,0,10,0,1,1,1,1783469953
2026-07-08T00:19:24Z,189,7,1,7,1,0,1,1,1,1783468769
2026-07-08T00:19:24Z,190,6,2,17,0,0,1,1,1,1783469944
2026-07-08T00:19:24Z,191,0,0,36,3,0,1,1,1,1783469887
2026-07-08T00:19:24Z,192,16,15,15,0,0,1,1,1,1783469357
2026-07-08T00:19:24Z,193,7,5,7,1,0,1,1,1,1783469950
2026-07-08T00:19:24Z,194,0,0,15,0,0,1,1,1,1783469711
2026-07-08T00:19:24Z,195,0,0,19,0,0,1,1,1,1783469480
2026-07-08T00:19:24Z,196,1,1,26,0,0,1,1,1,1783468740
2026-07-08T00:19:24Z,197,6,0,12,0,1,1,1,1,1783469847
2026-07-08T00:19:24Z,198,1,0,22,0,0,1,1,1,1783468951
2026-07-08T00:19:24Z,199,0,0,13,2,0,1,1,1,1783469543
2026-07-08T00:19:24Z,200,1,1,25,0,0,1,1,1,1783469399
2026-07-08T00:19:24Z,201,3,3,20,0,0,1,1,1,1783469566
2026-07-08T00:19:24Z,202,0,0,21,0,0,0,1,1,1783093344
2026-07-08T00:19:24Z,203,0,0,31,0,0,1,1,1,1783469636
2026-07-08T00:19:24Z,204,5,0,30,0,0,1,1,1,1783469911
2026-07-08T00:19:24Z,205,15,0,12,0,0,1,1,1,1783469846
2026-07-08T00:19:24Z,206,8,0,5,2,0,1,1,1,1783469954
2026-07-08T00:19:24Z,207,6,1,15,0,0,1,1,1,1783469759
2026-07-08T00:19:24Z,208,4,1,24,1,0,1,1,1,1783469890
2026-07-08T00:19:24Z,209,22,3,8,1,0,1,1,1,1783469919
2026-07-08T00:19:24Z,210,0,0,26,1,0,1,1,1,1783469667
2026-07-08T00:19:24Z,211,7,1,16,0,0,1,1,1,1783469729
2026-07-08T00:19:24Z,212,16,1,19,0,0,1,1,1,1783469937
2026-07-08T00:19:24Z,213,19,0,4,0,0,1,1,1,1783469941
2026-07-08T00:19:24Z,214,15,15,29,3,0,1,1,1,1783469933
2026-07-08T00:19:24Z,215,5,4,18,0,0,1,1,1,1783469637
2026-07-08T00:19:24Z,216,15,3,4,0,0,1,1,1,1783469502
2026-07-08T00:19:24Z,217,28,6,0,1,0,1,1,1,1783469945
2026-07-08T00:19:24Z,218,16,1,19,4,0,1,1,1,1783469926
2026-07-08T00:19:24Z,219,0,0,3,0,0,0,1,1,1783102064
2026-07-08T00:19:24Z,220,26,2,17,0,0,1,1,1,1783469952
2026-07-08T00:19:24Z,221,13,6,1,0,0,1,1,1,1783469953
2026-07-08T00:19:24Z,222,13,6,5,1,0,1,1,1,1783469723
2026-07-08T00:19:24Z,223,5,0,27,3,0,1,1,1,1783469876
2026-07-08T00:19:24Z,224,8,1,14,0,0,1,1,1,1783469437
2026-07-08T00:19:24Z,225,1,1,14,4,0,1,1,1,1783469367
2026-07-08T00:19:24Z,226,1,1,27,3,0,1,1,1,1783469584
2026-07-08T00:19:24Z,227,7,7,18,2,0,1,1,1,1783469872
2026-07-08T00:19:24Z,228,4,4,15,0,0,1,1,1,1783469346
2026-07-08T00:19:24Z,230,23,2,0,0,0,1,1,1,1783469519
2026-07-08T00:19:24Z,232,12,3,6,1,0,1,1,1,1783469299
2026-07-08T00:19:24Z,233,27,7,3,1,0,1,1,1,1783469949
2026-07-08T00:19:24Z,234,4,3,11,3,1,1,1,1,1783469919
2026-07-08T00:19:24Z,236,2,2,16,1,0,1,1,1,1783468742
2026-07-08T00:19:24Z,237,4,0,17,2,0,1,1,1,1783469346
2026-07-08T00:19:24Z,239,8,4,18,1,0,1,1,1,1783469765
2026-07-08T00:19:24Z,241,12,7,10,1,0,1,1,1,1783469836
2026-07-08T00:19:24Z,242,1,1,19,3,0,1,1,1,1783468361
2026-07-08T00:19:24Z,243,6,1,21,4,0,1,1,1,1783469885
2026-07-08T00:19:24Z,244,10,2,16,1,0,1,1,1,1783469399
2026-07-08T00:19:24Z,245,4,0,19,0,0,1,1,1,1783469953
2026-07-08T00:19:24Z,246,1,1,22,0,0,1,1,1,1783469237
2026-07-08T00:19:24Z,247,5,3,16,2,0,1,1,1,1783469939
2026-07-08T00:19:24Z,248,1,1,18,4,0,1,1,1,1783469823
2026-07-08T00:19:24Z,249,1,0,17,1,0,1,1,1,1783469892
2026-07-08T00:19:24Z,250,2,2,24,1,0,1,1,1,1783469797
2026-07-08T00:19:24Z,251,7,5,20,0,0,1,1,1,1783469936
2026-07-08T00:19:24Z,253,0,0,19,0,0,1,1,1,1783469728
2026-07-08T00:19:24Z,254,18,3,18,7,0,1,1,1,1783469921
2026-07-08T00:19:24Z,255,1,0,22,0,0,1,1,1,1783469796
2026-07-08T00:19:24Z,256,16,10,6,1,0,1,1,1,1783469404
2026-07-08T00:19:24Z,257,16,9,3,0,0,1,1,1,1783469389
2026-07-08T00:19:24Z,258,3,1,15,1,0,1,1,1,1783469949
2026-07-08T00:19:24Z,259,9,6,13,1,0,1,1,1,1783469594
2026-07-08T00:19:24Z,260,7,4,12,0,0,1,1,1,1783469864
2026-07-08T00:19:24Z,261,12,1,5,2,0,1,1,1,1783469887
2026-07-08T00:19:24Z,262,15,9,6,2,0,1,1,1,1783469826
2026-07-08T00:19:24Z,263,13,2,2,0,0,1,1,1,1783469918
2026-07-08T00:19:24Z,264,11,4,8,0,0,1,1,1,1783469901
2026-07-08T00:19:24Z,265,8,0,6,1,0,1,1,1,1783469561
2026-07-08T00:19:24Z,266,6,4,9,4,0,1,1,1,1783469785
2026-07-08T00:19:24Z,267,9,1,5,1,0,1,1,1,1783459155
2026-07-08T00:19:24Z,268,1,0,21,1,0,1,1,1,1783464510
2026-07-08T00:19:24Z,269,2,2,21,0,0,1,1,1,1783469544
2026-07-08T00:19:24Z,270,19,5,7,1,0,1,1,1,1783469845
2026-07-08T00:19:24Z,271,2,0,15,2,0,1,1,1,1783469942
2026-07-08T00:19:24Z,272,4,4,19,0,0,1,1,1,1783469842
2026-07-08T00:19:24Z,273,9,4,6,0,0,1,1,1,1783469758
2026-07-08T00:19:24Z,274,2,2,16,1,0,1,1,1,1783469597
2026-07-08T00:19:24Z,275,5,0,18,0,0,1,1,1,1783468678
2026-07-08T00:19:24Z,276,5,1,20,1,1,1,1,1,1783469232
2026-07-08T00:19:24Z,277,0,0,21,2,0,1,1,1,1783469524
2026-07-08T00:19:24Z,278,1,0,27,2,1,1,1,1,1783469685
2026-07-08T00:19:24Z,279,2,0,17,0,0,1,1,1,1783469634
2026-07-08T00:19:24Z,280,10,1,19,2,0,1,1,1,1783469881
2026-07-08T00:19:24Z,281,5,0,18,0,0,1,1,1,1783469857
2026-07-08T00:19:24Z,282,11,4,5,0,0,1,1,1,1783468338
2026-07-08T00:19:24Z,283,2,1,33,0,0,1,1,1,1783469796
2026-07-08T00:19:24Z,284,23,2,12,0,0,1,1,1,1783468936
2026-07-08T00:19:24Z,285,1,0,22,0,0,1,1,1,1783469926
2026-07-08T00:19:24Z,286,3,2,17,3,0,1,1,1,1783469349
2026-07-08T00:19:24Z,287,18,4,3,2,0,1,1,1,1783469852
2026-07-08T00:19:24Z,288,4,1,13,2,0,1,1,1,1783469800
2026-07-08T00:19:24Z,289,8,6,17,2,0,1,1,1,1783469931
2026-07-08T00:19:24Z,290,7,0,30,2,0,1,1,1,1783469341
2026-07-08T00:19:24Z,291,17,0,6,0,0,1,1,1,1783469790
2026-07-08T00:19:24Z,292,6,1,17,0,0,1,1,1,1783469345
2026-07-08T00:19:24Z,293,11,4,10,2,0,1,1,1,1783468697
2026-07-08T00:19:24Z,294,1,1,20,1,0,1,1,1,1783469929
2026-07-08T00:19:24Z,297,17,0,0,2,0,1,1,1,1783469217
2026-07-08T00:19:24Z,301,15,2,4,0,0,1,1,1,1783469904
2026-07-08T00:19:24Z,302,12,2,10,1,0,1,1,1,1783469819
2026-07-08T00:19:24Z,303,18,0,0,1,0,1,1,1,1783469904
2026-07-08T00:19:24Z,304,0,0,0,0,0,0,1,1,86400
2026-07-08T00:19:24Z,305,16,0,2,1,0,1,1,1,1783469948
2026-07-08T00:19:24Z,306,17,1,15,0,0,1,1,1,1783469513
2026-07-08T00:19:24Z,307,19,1,2,2,0,1,1,1,1783469867
2026-07-08T00:19:24Z,308,10,0,8,1,0,1,1,1,1783469722
2026-07-08T00:19:24Z,309,10,1,2,1,0,1,1,1,1783468934
2026-07-08T00:19:24Z,311,1,0,13,1,0,1,1,1,1783469279
2026-07-08T00:19:24Z,312,6,0,14,2,1,1,1,1,1783469851
2026-07-08T00:19:24Z,313,6,0,9,0,0,1,1,1,1783469469
2026-07-08T00:19:24Z,314,13,1,5,1,0,1,1,1,1783469857
2026-07-08T00:19:24Z,315,0,0,31,0,0,0,1,1,1783017696
2026-07-08T00:19:24Z,316,14,0,1,0,0,1,1,1,1783469661
2026-07-08T00:19:24Z,317,5,3,23,3,0,1,1,1,1783469720
2026-07-08T00:19:24Z,318,12,5,5,0,0,1,1,1,1783468794
2026-07-08T00:19:24Z,319,15,10,11,1,0,1,1,1,1783469941
2026-07-08T00:19:24Z,320,7,3,12,0,0,1,1,1,1783469705
2026-07-08T00:19:24Z,321,8,0,9,2,0,1,1,1,1783469099
2026-07-08T00:19:24Z,322,12,0,17,0,0,1,1,1,1783469626
2026-07-08T00:19:24Z,323,10,0,9,0,0,1,1,1,1783469787
2026-07-08T00:19:24Z,324,2,0,25,0,0,1,1,1,1783469942
2026-07-08T00:19:24Z,325,3,0,22,2,0,1,1,1,1783469886
2026-07-08T00:19:24Z,327,1,0,24,0,2,1,1,1,1783469922
2026-07-08T00:19:24Z,328,2,1,21,0,0,1,1,1,1783469938
2026-07-08T00:19:24Z,329,9,2,9,1,0,1,1,1,1783468107
2026-07-08T00:19:24Z,330,5,1,17,0,0,1,1,1,1783469657
2026-07-08T00:19:24Z,331,0,0,23,0,0,1,1,1,1783469773
2026-07-08T00:19:24Z,332,9,4,8,2,0,1,1,1,1783468411
2026-07-08T00:19:24Z,333,6,1,15,2,0,1,1,1,1783469556
2026-07-08T00:19:24Z,334,9,2,14,0,0,1,1,1,1783469823
2026-07-08T00:19:24Z,335,9,7,14,0,0,1,1,1,1783469334
2026-07-08T00:19:24Z,336,4,0,15,0,0,1,1,1,1783469233
2026-07-08T00:19:24Z,337,7,1,14,2,0,1,1,1,1783469928
2026-07-08T00:19:24Z,338,6,0,13,0,0,1,1,1,1783469944
2026-07-08T00:19:24Z,339,2,2,20,1,0,1,1,1,1783469618
2026-07-08T00:19:24Z,340,7,2,7,1,0,1,1,1,1783469728
2026-07-08T00:19:24Z,341,8,3,11,0,0,1,1,1,1783469203
2026-07-08T00:19:24Z,342,14,1,1,0,0,1,1,1,1783469694
2026-07-08T00:19:24Z,343,1,0,20,2,0,1,1,1,1783469642
2026-07-08T00:19:24Z,344,5,5,17,1,0,1,1,1,1783468838
2026-07-08T00:19:24Z,345,6,0,12,1,0,1,1,1,1783469633
2026-07-08T00:19:24Z,346,0,0,23,0,0,1,1,1,1783467336
2026-07-08T00:19:24Z,347,41,3,4,2,0,1,1,1,1783469894
2026-07-08T00:19:24Z,348,5,1,16,2,0,1,1,1,1783469216
2026-07-08T00:19:24Z,349,1,1,15,3,0,1,1,1,1783469811
2026-07-08T00:19:24Z,350,23,1,1,2,1,1,1,1,1783469852
2026-07-08T00:19:24Z,351,16,0,6,1,0,1,1,1,1783469923
2026-07-08T00:19:24Z,355,6,0,13,4,0,1,1,1,1783469728
2026-07-08T00:19:24Z,356,3,0,16,0,0,1,1,1,1783469709
2026-07-08T00:19:24Z,357,12,6,6,1,0,1,1,1,1783469669
2026-07-08T00:19:24Z,358,0,0,7,5,13,0,1,1,1782961435
2026-07-08T00:19:24Z,359,20,1,6,1,0,1,1,1,1783469867
2026-07-08T00:19:24Z,360,7,2,12,0,0,1,1,1,1783469438
2026-07-08T00:19:24Z,362,9,0,8,1,0,1,1,1,1783469098
2026-07-08T00:19:24Z,363,22,1,5,0,0,1,1,1,1783469633
2026-07-08T00:19:24Z,364,8,1,9,1,1,1,1,1,1783469952
2026-07-08T00:19:24Z,365,10,3,12,1,0,1,1,1,1783469442
2026-07-08T00:19:24Z,366,10,7,9,4,0,1,1,1,1783469873
2026-07-08T00:19:24Z,367,11,1,7,1,0,1,1,1,1783469052
2026-07-08T00:19:24Z,368,6,1,17,0,0,1,1,1,1783469879
2026-07-08T00:19:24Z,370,9,9,17,1,0,1,1,1,1783469452
2026-07-08T00:19:24Z,371,5,0,12,2,0,1,1,1,1783468273
2026-07-08T00:19:24Z,372,11,1,3,1,0,1,1,1,1783469847
2026-07-08T00:19:24Z,373,13,4,10,3,0,1,1,1,1783469939
2026-07-08T00:19:24Z,374,14,6,3,1,0,1,1,1,1783469689
2026-07-08T00:19:24Z,375,3,2,24,0,0,1,1,1,1783469951
2026-07-08T00:19:24Z,376,10,7,29,0,0,1,1,1,1783469841
2026-07-08T00:19:24Z,377,4,3,21,2,0,1,1,1,1783469505
2026-07-08T00:19:24Z,378,19,2,5,0,0,1,1,1,1783469043
2026-07-08T00:19:24Z,379,26,0,1,0,0,1,1,1,1783469116
2026-07-08T00:19:24Z,380,11,2,11,1,0,1,1,1,1783469012
2026-07-08T00:19:24Z,381,18,0,5,0,0,1,1,1,1783469700
2026-07-08T00:19:24Z,383,3,0,12,0,0,1,1,1,1783469812
2026-07-08T00:19:24Z,384,0,0,18,1,0,1,1,1,1783469300
2026-07-08T00:19:24Z,385,7,1,9,2,0,1,1,1,1783469382
2026-07-08T00:19:24Z,387,0,0,23,0,0,1,1,1,1783469044
2026-07-08T00:19:24Z,388,2,0,45,2,0,1,1,1,1783469884
2026-07-08T00:19:24Z,389,4,3,10,1,0,1,1,1,1783469332
2026-07-08T00:19:24Z,390,9,3,18,0,0,1,1,1,1783469702
2026-07-08T00:19:24Z,391,0,0,15,0,0,1,1,1,1783469418
2026-07-08T00:19:24Z,392,3,3,16,0,0,1,1,1,1783469711
2026-07-08T00:19:24Z,393,2,0,8,1,0,1,1,1,1783468096
2026-07-08T00:19:24Z,394,6,2,8,0,1,1,1,1,1783469868
2026-07-08T00:19:24Z,396,8,2,30,4,0,1,1,1,1783469935
2026-07-08T00:19:24Z,397,1,0,30,0,0,1,1,1,1783469949
2026-07-08T00:19:24Z,399,1,0,16,0,0,1,1,1,1783469520
2026-07-08T00:19:24Z,400,4,2,16,3,0,1,1,1,1783468541
2026-07-08T00:19:24Z,401,7,1,24,0,0,1,1,1,1783469883
2026-07-08T00:19:24Z,403,11,1,18,2,0,1,1,1,1783469816
2026-07-08T00:19:24Z,404,0,0,23,0,0,1,1,1,1783469346
2026-07-08T00:19:24Z,406,22,0,12,1,0,1,1,1,1783469938
2026-07-08T00:19:24Z,407,2,2,30,2,0,1,1,1,1783469944
2026-07-08T00:19:24Z,408,0,0,31,2,0,1,1,1,1783469617
2026-07-08T00:19:24Z,409,6,0,17,0,0,1,1,1,1783469797
2026-07-08T00:19:24Z,413,18,5,4,1,0,1,1,1,1783469236
2026-07-08T00:19:24Z,414,3,0,12,0,0,1,1,1,1783469537
2026-07-08T00:19:24Z,417,2,0,17,0,0,1,1,1,1783469951
2026-07-08T00:19:24Z,418,1,0,14,0,0,1,1,1,1783468792
2026-07-08T00:19:24Z,419,5,2,17,1,0,1,1,1,1783469268
2026-07-08T00:19:24Z,421,16,0,3,0,0,1,1,1,1783469512
2026-07-08T00:19:24Z,422,2,1,22,3,0,1,1,1,1783469599
2026-07-08T00:19:24Z,423,19,0,4,0,0,1,1,1,1783469431
2026-07-08T00:19:24Z,424,0,0,14,1,0,1,1,1,1783469785
2026-07-08T00:19:24Z,425,1,0,21,0,0,1,1,1,1783469902
2026-07-08T00:19:24Z,426,1,0,34,2,0,1,1,1,1783469557
2026-07-08T00:19:24Z,427,7,1,7,0,1,1,1,1,1783469749
2026-07-08T00:19:24Z,428,9,0,9,1,0,1,1,1,1783469210
2026-07-08T00:19:24Z,429,7,3,13,3,0,1,1,1,1783469695
2026-07-08T00:19:24Z,430,28,1,2,1,0,1,1,1,1783469783
2026-07-08T00:19:24Z,431,21,0,6,4,2,1,1,1,1783469570
2026-07-08T00:19:24Z,432,5,2,25,1,0,1,1,1,1783469917
2026-07-08T00:19:24Z,433,7,0,14,2,0,1,1,1,1783469076
2026-07-08T00:19:24Z,437,12,8,6,1,0,1,1,1,1783469912
2026-07-08T00:19:24Z,438,5,1,12,2,0,1,1,1,1783469815
2026-07-08T00:19:24Z,439,5,1,10,0,0,1,1,1,1783469240
2026-07-08T00:19:24Z,440,4,0,9,2,0,1,1,1,1783469676
2026-07-08T00:19:24Z,441,2,2,13,0,0,1,1,1,1783469370
2026-07-08T00:19:24Z,442,14,5,5,0,0,1,1,1,1783469120
2026-07-08T00:19:24Z,443,6,0,21,0,0,1,1,1,1783448962
2026-07-08T00:19:24Z,444,5,3,17,1,0,1,1,1,1783468032
2026-07-08T00:19:24Z,445,4,4,18,1,0,1,1,1,1783469804
2026-07-08T00:19:24Z,446,3,0,20,0,0,1,1,1,1783469635
2026-07-08T00:19:24Z,447,4,2,17,2,0,1,1,1,1783468627
2026-07-08T00:19:24Z,448,7,2,5,2,1,1,1,1,1783469404
2026-07-08T00:19:24Z,452,13,1,5,1,0,1,1,1,1783469518
2026-07-08T00:19:24Z,453,2,1,12,1,0,1,1,1,1783469735
2026-07-08T00:19:24Z,454,14,0,3,1,1,1,1,1,1783469863
2026-07-08T00:19:24Z,455,0,0,38,0,0,1,1,1,1783468143
2026-07-08T00:19:24Z,456,11,2,10,2,0,1,1,1,1783469954
2026-07-08T00:19:24Z,457,1,0,25,1,0,1,1,1,1783469903
2026-07-08T00:19:24Z,458,7,7,14,2,0,1,1,1,1783469916
2026-07-08T00:19:24Z,459,4,2,10,1,0,1,1,1,1783469069
2026-07-08T00:19:24Z,460,20,3,3,0,0,1,1,1,1783469892
2026-07-08T00:19:24Z,461,6,1,12,1,0,1,1,1,1783469651
2026-07-08T00:19:24Z,462,9,1,10,2,0,1,1,1,1783469847
2026-07-08T00:19:24Z,463,6,1,13,0,0,1,1,1,1783469863
2026-07-08T00:19:24Z,464,4,1,8,2,0,1,1,1,1783469798
2026-07-08T00:19:24Z,465,2,1,13,0,0,1,1,1,1783469856
2026-07-08T00:19:24Z,466,5,1,9,1,0,1,1,1,1783469768
2026-07-08T00:19:24Z,467,0,0,15,0,0,1,1,1,1783467778
2026-07-08T00:19:24Z,468,2,0,16,1,0,1,1,1,1783469322
2026-07-08T00:19:24Z,469,0,0,22,0,1,1,1,1,1783468996
2026-07-08T00:19:24Z,470,13,3,2,0,0,1,1,1,1783469443
2026-07-08T00:19:24Z,471,20,1,7,0,0,1,1,1,1783468901
2026-07-08T00:19:24Z,472,8,0,10,1,0,1,1,1,1783469932
2026-07-08T00:19:24Z,473,6,1,13,0,0,1,1,1,1783469218
2026-07-08T00:19:24Z,474,16,0,1,2,0,1,1,1,1783469759
2026-07-08T00:19:24Z,475,8,2,10,1,0,1,1,1,1783469654
2026-07-08T00:19:24Z,476,18,0,4,1,0,1,1,1,1783469497
2026-07-08T00:19:24Z,477,2,1,12,1,0,1,1,1,1783469914
2026-07-08T00:19:24Z,478,26,0,1,4,0,1,1,1,1783469755
2026-07-08T00:19:24Z,479,1,1,24,2,0,1,1,1,1783469708
2026-07-08T00:19:24Z,480,12,3,1,2,0,1,1,1,1783467913
2026-07-08T00:19:24Z,481,23,0,11,1,0,1,1,1,1783469935
2026-07-08T00:19:24Z,482,0,0,19,0,0,1,1,1,1783468744
2026-07-08T00:19:24Z,483,20,1,7,0,0,1,1,1,1783469828
2026-07-08T00:19:24Z,484,1,0,18,0,0,1,1,1,1783469731
2026-07-08T00:19:24Z,485,17,6,1,1,0,1,1,1,1783469879
2026-07-08T00:19:24Z,486,9,1,18,0,0,1,1,1,1783469362
2026-07-08T00:19:24Z,487,6,6,11,2,0,1,1,1,1783469915
2026-07-08T00:19:24Z,489,3,2,9,3,0,1,1,1,1783469953
2026-07-08T00:19:24Z,490,1,0,15,0,0,1,1,1,1783468809
2026-07-08T00:19:24Z,491,12,1,8,1,0,1,1,1,1783469571
2026-07-08T00:19:24Z,492,6,1,2,3,0,1,1,1,1783469274
2026-07-08T00:19:24Z,493,3,0,23,1,0,1,1,1,1783469539
2026-07-08T00:19:24Z,495,2,1,12,1,0,1,1,1,1783469810
2026-07-08T00:19:24Z,496,21,2,5,1,0,1,1,1,1783469934
2026-07-08T00:19:24Z,497,4,0,15,0,0,1,1,1,1783469837
2026-07-08T00:19:24Z,498,2,0,21,0,0,1,1,1,1783469709
2026-07-08T00:19:24Z,499,5,2,13,1,0,1,1,1,1783469288
2026-07-08T00:19:24Z,500,0,0,14,1,0,1,1,1,1783469717
2026-07-08T00:19:24Z,501,6,1,12,3,0,1,1,1,1783469924
2026-07-08T00:19:24Z,502,0,0,19,0,0,1,1,1,1783469680
2026-07-08T00:19:24Z,503,23,0,6,2,0,1,1,1,1783469836
2026-07-08T00:19:24Z,504,0,0,39,0,0,1,1,1,1783469078
2026-07-08T00:19:24Z,505,9,1,7,2,0,1,1,1,1783469953
2026-07-08T00:19:24Z,511,1,1,22,0,0,1,1,1,1783469947
2026-07-08T00:19:24Z,512,13,3,6,0,0,1,1,1,1783469951
2026-07-08T00:19:24Z,514,6,1,4,1,0,1,1,1,1783469287
2026-07-08T00:19:24Z,515,8,2,11,0,0,1,1,1,1783468764
2026-07-08T00:19:24Z,516,0,0,27,0,0,1,1,1,1783469752
2026-07-08T00:19:24Z,517,8,0,13,2,0,1,1,1,1783469917
2026-07-08T00:19:24Z,518,15,1,0,0,0,1,1,1,1783463692
2026-07-08T00:19:24Z,519,7,0,11,1,0,1,1,1,1783467959
2026-07-08T00:19:24Z,520,16,4,9,1,1,1,1,1,1783469726
2026-07-08T00:19:24Z,521,8,6,15,0,0,1,1,1,1783469162
2026-07-08T00:19:24Z,522,16,1,6,1,0,1,1,1,1783469802
2026-07-08T00:19:24Z,523,1,0,21,1,0,1,1,1,1783468065
2026-07-08T00:19:24Z,524,12,0,11,0,0,1,1,1,1783469363
2026-07-08T00:19:24Z,525,9,1,10,0,0,1,1,1,1783469416
2026-07-08T00:19:24Z,526,5,0,8,2,0,1,1,1,1783469455
2026-07-08T00:19:24Z,527,3,3,22,1,0,1,1,1,1783469287
2026-07-08T00:19:24Z,528,5,0,17,1,0,1,1,1,1783469925
2026-07-08T00:19:24Z,529,4,2,9,6,0,1,1,1,1783469813
2026-07-08T00:19:24Z,530,14,0,6,1,0,1,1,1,1783469923
2026-07-08T00:19:24Z,531,7,0,14,1,1,1,1,1,1783469510
2026-07-08T00:19:24Z,532,2,2,28,1,0,1,1,1,1783468512
2026-07-08T00:19:24Z,533,8,0,9,2,0,1,1,1,1783469720
2026-07-08T00:19:24Z,534,1,1,20,2,0,1,1,1,1783469888
2026-07-08T00:19:24Z,535,3,1,11,1,0,1,1,1,1783469830
2026-07-08T00:19:24Z,536,10,0,11,2,0,1,1,1,1783469504
2026-07-08T00:19:24Z,537,7,1,14,0,0,1,1,1,1783469778
2026-07-08T00:19:24Z,538,11,4,8,0,0,1,1,1,1783469118
2026-07-08T00:19:24Z,539,11,9,18,2,0,1,1,1,1783469702
2026-07-08T00:19:24Z,540,0,0,19,0,0,1,1,1,1783468180
2026-07-08T00:19:24Z,541,9,0,18,0,0,1,1,1,1783469828
2026-07-08T00:19:24Z,542,0,0,23,0,0,1,1,1,1783466666
2026-07-08T00:19:24Z,543,10,0,7,2,0,1,1,1,1783469876
2026-07-08T00:19:24Z,544,17,1,4,1,0,1,1,1,1783469500
2026-07-08T00:19:24Z,545,6,1,7,6,0,1,1,1,1783469652
2026-07-08T00:19:24Z,546,2,2,16,1,0,1,1,1,1783469421
2026-07-08T00:19:24Z,547,2,1,20,2,0,1,1,1,1783469938
2026-07-08T00:19:24Z,548,13,2,8,2,0,1,1,1,1783469839
2026-07-08T00:19:24Z,549,5,1,15,1,0,1,1,1,1783469865
2026-07-08T00:19:24Z,550,0,0,19,0,0,1,1,1,1783469892
2026-07-08T00:19:24Z,551,20,5,3,0,0,1,1,1,1783469747
2026-07-08T00:19:24Z,552,25,3,2,0,0,1,1,1,1783469717
2026-07-08T00:19:24Z,553,2,0,19,2,0,1,1,1,1783469656
2026-07-08T00:19:24Z,554,0,0,19,0,0,1,1,1,1783468615
2026-07-08T00:19:24Z,555,9,2,3,3,0,1,1,1,1783469780
2026-07-08T00:19:24Z,556,3,0,19,1,0,1,1,1,1783469471
2026-07-08T00:19:24Z,557,5,1,16,2,0,1,1,1,1783469791
2026-07-08T00:19:24Z,558,19,1,17,1,0,1,1,1,1783469879
2026-07-08T00:19:24Z,559,0,0,18,1,0,1,1,1,1783464953
2026-07-08T00:19:24Z,560,13,0,14,0,0,1,1,1,1783469471
2026-07-08T00:19:24Z,561,14,1,8,1,0,1,1,1,1783469068
2026-07-08T00:19:24Z,562,19,1,14,2,0,1,1,1,1783469908
2026-07-08T00:19:24Z,563,13,0,1,0,0,1,1,1,1783468245
2026-07-08T00:19:24Z,564,13,0,6,0,0,1,1,1,1783469375
2026-07-08T00:19:24Z,565,0,0,19,0,0,1,1,1,1783469902
2026-07-08T00:19:24Z,566,18,0,0,1,0,1,1,1,1783469881
2026-07-08T00:19:24Z,567,20,1,6,1,0,1,1,1,1783469842
2026-07-08T00:19:24Z,568,13,0,5,1,0,1,1,1,1783469892
2026-07-08T00:19:24Z,569,9,2,10,0,0,1,1,1,1783468854
2026-07-08T00:19:24Z,570,10,0,9,0,0,1,1,1,1783469773
2026-07-08T00:19:24Z,571,11,1,12,0,0,1,1,1,1783469872
2026-07-08T00:19:24Z,572,5,0,13,1,0,1,1,1,1783469800
2026-07-08T00:19:24Z,573,4,1,10,1,0,1,1,1,1783469227
2026-07-08T00:19:24Z,574,3,1,12,0,0,1,1,1,1783469840
2026-07-08T00:19:24Z,575,0,0,21,0,0,1,1,1,1783469934
2026-07-08T00:19:24Z,576,0,0,19,0,0,1,1,1,1783469902
2026-07-08T00:19:24Z,577,10,0,21,0,0,1,1,1,1783469127
2026-07-08T00:19:24Z,578,8,2,15,0,0,1,1,1,1783469622
2026-07-08T00:19:24Z,579,42,1,1,0,0,1,1,1,1783469751
2026-07-08T00:19:24Z,580,0,0,30,1,0,1,1,1,1783469874
2026-07-08T00:19:24Z,581,3,0,14,2,0,1,1,1,1783469491
2026-07-08T00:19:24Z,582,3,0,56,1,0,1,1,1,1783469862
2026-07-08T00:19:24Z,583,22,0,0,1,0,1,1,1,1783469599
2026-07-08T00:19:24Z,584,1,0,13,5,0,1,1,1,1783469666
2026-07-08T00:19:24Z,585,14,0,12,0,0,1,1,1,1783469588
2026-07-08T00:19:24Z,586,0,0,34,1,0,1,1,1,1783469690
2026-07-08T00:19:24Z,587,4,0,19,2,0,1,1,1,1783469625
2026-07-08T00:19:24Z,588,1,0,18,0,0,1,1,1,1783467544
2026-07-08T00:19:24Z,589,17,10,5,1,0,1,1,1,1783469817
2026-07-08T00:19:24Z,590,2,0,29,0,0,1,1,1,1783468582
2026-07-08T00:19:24Z,591,1,0,19,2,0,1,1,1,1783469520
2026-07-08T00:19:24Z,592,2,0,21,0,0,1,1,1,1783469660
2026-07-08T00:19:24Z,593,5,0,34,0,0,1,1,1,1783469950
2026-07-08T00:19:24Z,594,0,0,20,1,0,1,1,1,1783469950
2026-07-08T00:19:24Z,595,0,0,3,0,0,0,1,1,1779985765
2026-07-08T00:19:24Z,605,0,0,3,0,0,0,1,1,1780413752
2026-07-08T00:19:24Z,606,0,0,0,0,0,0,1,1,86400
2026-07-08T00:19:24Z,607,6,0,26,1,0,1,1,1,1783469954
2026-07-08T00:19:24Z,608,3,0,48,1,0,1,1,1,1783469773
2026-07-08T00:19:24Z,609,3,1,20,0,0,1,1,1,1783468957
2026-07-08T00:19:24Z,610,1,0,34,0,0,1,1,1,1783469921
2026-07-08T00:19:24Z,611,0,0,25,2,0,1,1,1,1783469719
2026-07-08T00:19:24Z,612,1,0,14,0,0,1,1,1,1783469410
2026-07-08T00:19:24Z,613,12,3,2,1,0,1,1,1,1783466858
2026-07-08T00:19:24Z,614,0,0,25,1,1,1,1,1,1783469942
2026-07-08T00:19:24Z,617,12,0,2,1,0,1,1,1,1783469754
2026-07-08T00:19:24Z,618,16,4,1,2,0,1,1,1,1783469781
2026-07-08T00:19:24Z,619,15,5,4,0,0,1,1,1,1783469918
2026-07-08T00:19:24Z,620,0,0,22,1,0,1,1,1,1783468551
2026-07-08T00:19:24Z,621,5,1,18,0,0,1,1,1,1783469855
2026-07-08T00:19:24Z,622,6,3,16,1,0,1,1,1,1783469900
2026-07-08T00:19:24Z,623,5,0,22,2,1,1,1,1,1783469644
2026-07-08T00:19:24Z,624,4,0,10,0,1,1,1,1,1783469943
2026-07-08T00:19:24Z,625,7,1,11,3,0,1,1,1,1783469803
2026-07-08T00:19:24Z,626,2,0,42,0,2,1,1,1,1783469924
2026-07-08T00:19:24Z,627,4,1,13,0,0,1,1,1,1783469949
2026-07-08T00:19:24Z,628,1,0,16,1,1,1,1,1,1783469574
2026-07-08T00:19:24Z,629,8,6,2,1,0,1,1,1,1783469341
2026-07-08T00:19:24Z,630,23,1,2,2,0,1,1,1,1783468228
2026-07-08T00:19:24Z,631,0,0,23,0,0,1,1,1,1783467540
2026-07-08T00:19:24Z,632,19,0,2,2,0,1,1,1,1783469851
2026-07-08T00:19:24Z,633,12,0,0,2,1,1,1,1,1783468072
2026-07-08T00:19:24Z,634,17,0,1,1,0,1,1,1,1783468735
2026-07-08T00:19:24Z,635,15,1,3,1,0,1,1,1,1783469802
2026-07-08T00:19:24Z,636,7,1,8,0,0,1,1,1,1783467360
2026-07-08T00:19:24Z,637,13,6,6,0,0,1,1,1,1783469710
2026-07-08T00:19:24Z,638,5,1,12,2,0,1,1,1,1783468810
2026-07-08T00:19:24Z,639,0,0,0,3,16,0,1,1,1782287204
2026-07-08T00:19:24Z,640,0,0,22,1,0,1,1,1,1783467951
2026-07-08T00:19:24Z,641,11,1,15,1,0,1,1,1,1783469828
2026-07-08T00:19:24Z,642,4,1,13,2,0,1,1,1,1783469946
2026-07-08T00:19:24Z,643,0,0,27,0,0,1,1,1,1783468938
2026-07-08T00:19:24Z,644,4,0,4,6,1,1,1,1,1783469796
2026-07-08T00:19:24Z,645,6,0,15,1,1,1,1,1,1783469431
2026-07-08T00:19:24Z,646,11,1,5,3,0,1,1,1,1783466258
2026-07-08T00:19:24Z,647,24,3,6,1,0,1,1,1,1783469881
2026-07-08T00:19:24Z,648,14,2,2,3,0,1,1,1,1783468428
2026-07-08T00:19:24Z,649,1,1,29,1,0,1,1,1,1783469605
2026-07-08T00:19:24Z,650,5,2,10,1,0,1,1,1,1783469943
2026-07-08T00:19:24Z,651,2,0,20,1,0,1,1,1,1783469851
2026-07-08T00:19:24Z,652,0,0,20,3,0,1,1,1,1783469631
2026-07-08T00:19:24Z,653,8,1,7,4,0,1,1,1,1783469911
2026-07-08T00:19:24Z,654,4,1,10,1,0,1,1,1,1783469642
2026-07-08T00:19:24Z,655,7,1,7,0,0,1,1,1,1783467692
2026-07-08T00:19:24Z,656,17,1,2,0,0,1,1,1,1783469757
2026-07-08T00:19:24Z,657,10,3,6,1,0,1,1,1,1783468142
2026-07-08T00:19:24Z,658,0,0,23,0,0,1,1,1,1783468498
2026-07-08T00:19:24Z,659,2,1,13,0,0,1,1,1,1783468742
2026-07-08T00:19:24Z,660,23,0,7,1,0,1,1,1,1783469800
2026-07-08T00:19:24Z,661,4,0,11,4,0,1,1,1,1783469953
2026-07-08T00:19:24Z,662,4,0,18,1,0,1,1,1,1783465821
2026-07-08T00:19:24Z,663,11,1,3,0,0,1,1,1,1783469779
2026-07-08T00:19:24Z,664,18,0,9,0,0,1,1,1,1783468774
2026-07-08T00:19:24Z,665,2,1,13,0,0,1,1,1,1783469470
2026-07-08T00:19:24Z,666,7,1,7,1,0,1,1,1,1783469525
2026-07-08T00:19:24Z,667,4,0,10,3,0,1,1,1,1783469829
2026-07-08T00:19:24Z,668,12,3,6,1,0,1,1,1,1783469837
2026-07-08T00:19:24Z,669,11,3,3,0,0,1,1,1,1783467121
2026-07-08T00:19:24Z,670,16,2,8,3,0,1,1,1,1783469855
2026-07-08T00:19:24Z,671,24,0,3,0,0,1,1,1,1783468656
2026-07-08T00:19:24Z,672,14,0,4,5,0,1,1,1,1783469893
2026-07-08T00:19:24Z,673,5,0,17,0,0,1,1,1,1783469550
2026-07-08T00:19:24Z,674,0,0,22,1,0,1,1,1,1783469786
2026-07-08T00:19:24Z,675,4,2,9,2,0,1,1,1,1783469770
2026-07-08T00:19:24Z,676,11,0,10,1,1,1,1,1,1783469365
2026-07-08T00:19:24Z,681,4,1,6,5,0,1,1,1,1783469812
2026-07-08T00:19:24Z,682,9,5,9,1,0,1,1,1,1783446478
2026-07-08T00:19:24Z,683,11,1,8,0,0,1,1,1,1783468133
2026-07-08T00:19:24Z,684,9,3,16,2,0,1,1,1,1783466614
2026-07-08T00:19:24Z,685,3,2,23,0,1,1,1,1,1783467432
2026-07-08T00:19:24Z,686,12,2,13,1,1,1,1,1,1783469687
2026-07-08T00:19:24Z,687,5,1,22,3,1,1,1,1,1783469856
2026-07-08T00:19:24Z,688,17,2,1,1,0,1,1,1,1783465995
2026-07-08T00:19:24Z,692,16,14,4,1,0,1,1,1,1783469874
2026-07-08T00:19:24Z,693,9,4,2,0,0,1,1,1,1783468237
2026-07-08T00:19:24Z,694,7,7,11,3,0,1,1,1,1783468411
2026-07-08T00:19:24Z,695,9,5,13,1,0,1,1,1,1783468955
2026-07-08T00:19:24Z,696,19,17,4,0,0,1,1,1,1783468775
2026-07-08T00:19:24Z,697,16,0,7,0,0,1,1,1,1783469287
2026-07-08T00:19:24Z,698,14,1,12,1,0,1,1,1,1783469940
2026-07-08T00:19:24Z,699,1,1,12,2,0,1,1,1,1783468359
2026-07-08T00:19:24Z,700,13,2,6,0,0,1,1,1,1783469870
2026-07-08T00:19:24Z,701,1,0,18,0,0,1,1,1,1783469831
2026-07-08T00:19:24Z,702,1,1,21,1,0,1,1,1,1783469637
2026-07-08T00:19:24Z,703,11,2,12,0,0,1,1,1,1783460353
2026-07-08T00:19:24Z,704,7,0,8,0,0,1,1,1,1783468873
2026-07-08T00:19:24Z,705,1,1,10,4,0,1,1,1,1783468353
2026-07-08T00:19:24Z,706,4,2,10,1,0,1,1,1,1783469296
2026-07-08T00:19:24Z,707,8,1,5,2,0,1,1,1,1783468427
2026-07-08T00:19:24Z,708,19,0,0,0,0,1,1,1,1783469585
2026-07-08T00:19:24Z,709,12,3,2,1,0,1,1,1,1783469883
2026-07-08T00:19:24Z,710,5,2,14,0,0,1,1,1,1783469799
2026-07-08T00:19:24Z,711,7,4,6,6,0,1,1,1,1783469098
2026-07-08T00:19:24Z,712,13,4,1,1,0,1,1,1,1783469049
2026-07-08T00:19:24Z,713,21,11,1,1,0,1,1,1,1783469854
2026-07-08T00:19:24Z,716,3,0,12,0,0,1,1,1,1783468415
2026-07-08T00:19:24Z,717,1,1,17,7,0,1,1,1,1783468542
2026-07-08T00:19:24Z,718,0,0,15,0,0,1,1,1,1783469521
2026-07-08T00:19:24Z,719,17,1,12,0,0,1,1,1,1783468516
2026-07-08T00:19:24Z,720,0,0,17,2,0,1,1,1,1783468357
2026-07-08T00:19:24Z,721,8,1,14,1,0,1,1,1,1783469952
2026-07-08T00:19:24Z,722,14,1,0,1,0,1,1,1,1783468441
2026-07-08T00:19:24Z,723,2,2,16,5,0,1,1,1,1783468531
2026-07-08T00:19:24Z,724,6,2,17,0,0,1,1,1,1783468915
2026-07-08T00:19:24Z,725,23,0,0,0,0,1,1,1,1783469785
2026-07-08T00:19:24Z,726,9,1,8,2,0,1,1,1,1783469476
2026-07-08T00:19:24Z,727,10,0,12,1,0,1,1,1,1783468498
2026-07-08T00:19:24Z,728,5,0,6,4,0,1,1,1,1783468347
2026-07-08T00:19:24Z,729,3,0,15,1,0,1,1,1,1783469672
2026-07-08T00:19:24Z,730,7,0,8,0,0,1,1,1,1783468326
2026-07-08T00:19:24Z,731,1,1,14,0,0,1,1,1,1783468411
2026-07-08T00:19:24Z,732,7,1,8,0,0,1,1,1,1783469621
2026-07-08T00:19:24Z,733,22,0,5,0,0,1,1,1,1783469913
2026-07-08T00:19:24Z,734,7,1,7,0,0,1,1,1,1783468273
2026-07-08T00:19:24Z,735,0,0,27,0,0,1,1,1,1783469730
2026-07-08T00:19:24Z,736,7,5,12,0,0,1,1,1,1783469065
2026-07-08T00:19:24Z,737,3,2,11,1,0,1,1,1,1783468365
2026-07-08T00:19:24Z,738,9,1,9,1,0,1,1,1,1783469854
2026-07-08T00:19:24Z,739,8,3,15,4,0,1,1,1,1783468625
2026-07-08T00:19:24Z,741,10,2,11,2,0,1,1,1,1783469903
2026-07-08T00:19:24Z,742,13,5,23,3,0,1,1,1,1783469923
2026-07-08T00:19:24Z,743,8,4,11,0,0,1,1,1,1783468447
2026-07-08T00:19:24Z,744,2,1,12,1,0,1,1,1,1783468703
2026-07-08T00:19:24Z,745,11,4,6,2,0,1,1,1,1783468431
2026-07-08T00:19:24Z,746,9,1,13,1,0,1,1,1,1783469544
2026-07-08T00:19:24Z,747,0,0,19,0,0,0,1,1,1783446606
2026-07-08T00:19:24Z,748,13,3,9,1,0,1,1,1,1783468560
2026-07-08T00:19:24Z,749,10,0,13,0,0,1,1,1,1783469793
2026-07-08T00:19:24Z,750,1,0,7,3,0,1,1,1,1783469865
2026-07-08T00:19:24Z,751,1,1,22,0,0,1,1,1,1783469887
2026-07-08T00:19:24Z,752,5,1,10,2,0,1,1,1,1783469582
2026-07-08T00:19:24Z,753,5,1,8,2,0,1,1,1,1783469701
2026-07-08T00:19:24Z,754,4,3,10,1,0,1,1,1,1783469913
2026-07-08T00:19:24Z,755,4,1,13,2,0,1,1,1,1783469952
2026-07-08T00:19:24Z,756,0,0,35,1,1,1,1,1,1783469936
2026-07-08T00:19:24Z,757,3,2,16,0,0,1,1,1,1783469276
2026-07-08T00:19:24Z,758,5,2,18,0,0,1,1,1,1783469672
2026-07-08T00:19:24Z,759,1,0,13,1,0,1,1,1,1783468393
2026-07-08T00:19:24Z,760,6,1,12,1,0,1,1,1,1783468408
2026-07-08T00:19:24Z,761,4,0,19,0,0,1,1,1,1783469925
2026-07-08T00:19:24Z,762,5,4,7,3,0,1,1,1,1783468521
2026-07-08T00:19:24Z,768,8,1,7,4,0,1,1,1,1783469761
2026-07-08T00:19:24Z,769,15,5,1,2,0,1,1,1,1783469869
2026-07-08T00:19:24Z,770,4,0,15,0,0,1,1,1,1783464209
2026-07-08T00:19:24Z,771,10,0,5,0,0,1,1,1,1783468312
2026-07-08T00:19:24Z,772,8,3,7,0,0,1,1,1,1783468326
2026-07-08T00:19:24Z,773,13,4,5,1,0,1,1,1,1783469866
2026-07-08T00:19:24Z,774,0,0,13,2,0,1,1,1,1783469435
2026-07-08T00:19:24Z,775,10,3,6,3,0,1,1,1,1783469518
2026-07-08T00:19:24Z,776,5,0,15,1,0,1,1,1,1783468517
2026-07-08T00:19:24Z,777,8,2,7,0,0,1,1,1,1783469713
2026-07-08T00:19:24Z,778,13,0,4,2,0,1,1,1,1783468431
2026-07-08T00:19:24Z,779,11,3,7,1,0,1,1,1,1783469151
2026-07-08T00:19:24Z,780,3,1,14,2,0,1,1,1,1783469846
2026-07-08T00:19:24Z,781,2,0,5,4,0,1,1,1,1783469272
2026-07-08T00:19:24Z,782,1,0,16,2,0,1,1,1,1783469153
2026-07-08T00:19:24Z,783,8,4,9,2,0,1,1,1,1783468391
2026-07-08T00:19:24Z,784,16,1,2,1,0,1,1,1,1783469743
2026-07-08T00:19:24Z,785,10,6,4,4,0,1,1,1,1783468962
2026-07-08T00:19:24Z,786,5,1,12,2,0,1,1,1,1783468663
2026-07-08T00:19:24Z,787,4,1,10,1,0,1,1,1,1783468308
2026-07-08T00:19:24Z,788,6,0,9,0,0,1,1,1,1783468345
2026-07-08T00:19:24Z,789,10,0,2,3,0,1,1,1,1783468924
2026-07-08T00:19:24Z,790,0,0,22,1,0,1,1,1,1783468500
2026-07-08T00:19:24Z,791,8,0,11,0,0,1,1,1,1783468407
2026-07-08T00:19:24Z,793,9,2,3,3,0,1,1,1,1783469495
2026-07-08T00:19:24Z,794,0,0,29,0,0,1,1,1,1783469902
2026-07-08T00:19:24Z,796,1,0,15,3,0,1,1,1,1783468440
2026-07-08T00:19:24Z,797,1,0,13,1,0,1,1,1,1783469454
2026-07-08T00:19:24Z,798,1,0,23,1,0,1,1,1,1783469655
2026-07-08T00:19:24Z,799,1,0,17,1,0,1,1,1,1783469561
2026-07-08T00:19:24Z,800,8,0,13,0,0,1,1,1,1783468973
2026-07-08T00:19:24Z,801,0,0,21,0,0,1,1,1,1783469369
2026-07-08T00:19:24Z,802,2,0,28,1,0,1,1,1,1783469751
2026-07-08T00:19:24Z,803,2,2,13,0,0,1,1,1,1783469010
2026-07-08T00:19:24Z,806,5,3,6,4,0,1,1,1,1783469532
2026-07-08T00:19:24Z,807,0,0,25,0,0,1,1,1,1783468676
2026-07-08T00:19:24Z,808,1,1,22,2,0,1,1,1,1783469208
2026-07-08T00:19:24Z,809,4,1,18,1,0,1,1,1,1783468529
2026-07-08T00:19:24Z,810,3,2,13,3,0,1,1,1,1783468409
2026-07-08T00:19:24Z,815,9,2,5,1,0,1,1,1,1783469702
2026-07-08T00:19:24Z,817,4,0,2,9,0,1,1,1,1783469682
2026-07-08T00:19:24Z,818,5,1,17,1,0,1,1,1,1783469396
2026-07-08T00:19:24Z,819,2,1,10,3,0,1,1,1,1783468332
2026-07-08T00:19:24Z,820,7,0,9,1,0,1,1,1,1783469948
2026-07-08T00:19:24Z,821,11,7,3,1,0,1,1,1,1783469668
2026-07-08T00:19:24Z,822,0,0,23,0,0,1,1,1,1783469860
2026-07-08T00:19:24Z,823,14,2,0,1,0,1,1,1,1783469397
2026-07-08T00:19:24Z,824,10,3,1,8,0,1,1,1,1783469593
2026-07-08T00:19:24Z,825,7,1,8,0,0,1,1,1,1783468326
2026-07-08T00:19:24Z,826,7,0,11,1,0,1,1,1,1783468335
2026-07-08T00:19:24Z,827,4,0,15,2,0,1,1,1,1783469687
2026-07-08T00:19:24Z,828,3,2,14,1,0,1,1,1,1783469185
2026-07-08T00:19:24Z,829,7,2,18,2,0,1,1,1,1783469225
2026-07-08T00:19:24Z,830,12,0,10,1,0,1,1,1,1783469937
2026-07-08T00:19:24Z,831,2,1,13,0,0,1,1,1,1783468267
2026-07-08T00:19:24Z,832,15,3,1,2,0,1,1,1,1783468396
2026-07-08T00:19:24Z,833,6,3,11,2,0,1,1,1,1783469269
2026-07-08T00:19:24Z,834,18,0,3,3,0,1,1,1,1783469905
2026-07-08T00:19:24Z,835,11,0,7,0,0,1,1,1,1783469375
2026-07-08T00:19:24Z,837,7,1,1,7,0,1,1,1,1783468793
2026-07-08T00:19:24Z,838,4,0,9,2,0,1,1,1,1783469939
2026-07-08T00:19:24Z,839,8,0,21,0,0,1,1,1,1783469884
2026-07-08T00:19:24Z,840,6,4,22,1,0,1,1,1,1783469750
2026-07-08T00:19:24Z,841,8,4,7,0,0,1,1,1,1783469954
2026-07-08T00:19:24Z,842,3,2,19,0,0,1,1,1,1783468498
2026-07-08T00:19:24Z,843,6,0,23,2,0,1,1,1,1783469481
2026-07-08T00:19:24Z,844,11,1,11,1,0,1,1,1,1783468981
2026-07-08T00:19:24Z,845,3,0,15,1,0,1,1,1,1783468399
2026-07-08T00:19:24Z,846,1,0,15,2,0,1,1,1,1783468412
2026-07-08T00:19:24Z,847,1,0,26,0,0,1,1,1,1783469311
2026-07-08T00:19:24Z,848,2,0,16,1,0,1,1,1,1783469350
2026-07-08T00:19:24Z,849,1,1,10,3,0,1,1,1,1783469650
2026-07-08T00:19:24Z,850,7,1,2,2,0,1,1,1,1783469479
2026-07-08T00:19:24Z,851,3,2,33,1,0,1,1,1,1783469292
2026-07-08T00:19:24Z,852,5,0,14,0,0,1,1,1,1783469822
2026-07-08T00:19:24Z,853,12,2,10,1,0,1,1,1,1783468521
2026-07-08T00:19:24Z,854,3,1,12,0,0,1,1,1,1783468683
2026-07-08T00:19:24Z,855,10,1,16,1,0,1,1,1,1783469886
2026-07-08T00:19:24Z,857,7,4,10,2,0,1,1,1,1783469881
2026-07-08T00:19:24Z,858,1,0,16,2,0,1,1,1,1783468400
2026-07-08T00:19:24Z,859,4,0,14,3,0,1,1,1,1783468416
2026-07-08T00:19:24Z,861,1,0,9,1,0,1,1,1,1783468265
2026-07-08T00:19:24Z,862,3,1,12,0,0,1,1,1,1783468291
2026-07-08T00:19:24Z,863,9,3,9,1,0,1,1,1,1783469513
2026-07-08T00:19:24Z,866,7,0,12,0,0,1,1,1,1783468417
2026-07-08T00:19:24Z,867,13,0,1,1,0,1,1,1,1783468269
2026-07-08T00:19:24Z,868,15,4,0,0,0,1,1,1,1783469486
2026-07-08T00:19:24Z,870,11,3,4,0,0,1,1,1,1783468330
2026-07-08T00:19:24Z,871,1,0,9,1,0,1,1,1,1783468267
2026-07-08T00:19:24Z,872,9,2,4,2,0,1,1,1,1783469416
2026-07-08T00:19:24Z,873,1,1,30,2,0,1,1,1,1783468652
2026-07-08T00:19:24Z,874,6,1,8,1,0,1,1,1,1783469094
2026-07-08T00:19:24Z,875,8,3,7,0,0,1,1,1,1783468416
2026-07-08T00:19:24Z,877,5,4,12,2,0,1,1,1,1783468428
2026-07-08T00:19:24Z,878,8,0,11,0,0,1,1,1,1783468438
2026-07-08T00:19:24Z,879,5,1,12,2,0,1,1,1,1783469404
2026-07-08T00:19:24Z,880,12,2,11,0,0,1,1,1,1783469732
2026-07-08T00:19:24Z,881,4,0,12,3,0,1,1,1,1783468461
2026-07-08T00:19:24Z,882,12,4,6,1,0,1,1,1,1783468403
2026-07-08T00:19:24Z,883,11,5,8,0,0,1,1,1,1783468366
2026-07-08T00:19:24Z,884,6,5,14,1,0,1,1,1,1783468488
2026-07-08T00:19:24Z,885,19,1,0,0,0,1,1,1,1783468363
2026-07-08T00:19:24Z,886,6,4,20,3,0,1,1,1,1783469220
2026-07-08T00:19:24Z,887,1,0,15,1,0,1,1,1,1783469843
2026-07-08T00:19:24Z,888,4,1,37,0,0,1,1,1,1783469819
2026-07-08T00:19:24Z,889,18,0,0,1,0,1,1,1,1783469825
2026-07-08T00:19:24Z,890,1,1,14,0,0,1,1,1,1783468373
2026-07-08T00:19:24Z,891,10,1,10,3,0,1,1,1,1783468603
2026-07-08T00:19:24Z,892,14,2,0,1,0,1,1,1,1783468384
2026-07-08T00:19:24Z,895,10,1,9,0,0,1,1,1,1783468354
2026-07-08T00:19:24Z,896,19,0,16,0,0,1,1,1,1783468703
2026-07-08T00:19:24Z,897,10,1,10,1,0,1,1,1,1783468473
2026-07-08T00:19:24Z,898,14,0,5,0,0,1,1,1,1783468394
2026-07-08T00:19:24Z,899,17,0,2,0,0,1,1,1,1783469455
2026-07-08T00:19:24Z,900,26,1,1,0,0,1,1,1,1783469265
2026-07-08T00:19:24Z,901,14,0,5,0,0,1,1,1,1783469878
2026-07-08T00:19:24Z,902,4,1,9,2,0,1,1,1,1783469852
2026-07-08T00:19:24Z,903,3,0,16,0,0,1,1,1,1783468385
2026-07-08T00:19:24Z,904,8,0,8,3,0,1,1,1,1783468405
2026-07-08T00:19:24Z,905,3,0,23,1,0,1,1,1,1783469201
2026-07-08T00:19:24Z,906,6,6,19,2,0,1,1,1,1783469841
2026-07-08T00:19:24Z,907,6,2,24,1,0,1,1,1,1783469360
2026-07-08T00:19:24Z,908,7,3,15,1,0,1,1,1,1783468470
2026-07-08T00:19:24Z,909,18,0,5,0,0,1,1,1,1783469663
2026-07-08T00:19:24Z,910,29,1,1,1,0,1,1,1,1783469903
2026-07-08T00:19:24Z,911,13,0,5,1,0,1,1,1,1783469929
2026-07-08T00:19:24Z,912,16,2,5,2,0,1,1,1,1783469917
2026-07-08T00:19:24Z,913,9,3,10,0,0,1,1,1,1783469558
2026-07-08T00:19:24Z,914,3,0,15,1,0,1,1,1,1783469844
2026-07-08T00:19:24Z,915,18,2,4,1,0,1,1,1,1783469870
2026-07-08T00:19:24Z,916,21,1,2,0,0,1,1,1,1783469340
2026-07-08T00:19:24Z,917,3,0,32,0,0,1,1,1,1783469874
2026-07-08T00:19:24Z,918,3,0,15,1,0,1,1,1,1783469740
2026-07-08T00:19:24Z,919,8,0,30,1,0,1,1,1,1783469894
2026-07-08T00:19:24Z,920,9,4,9,1,0,1,1,1,1783469696
2026-07-08T00:19:24Z,921,17,0,2,2,0,1,1,1,1783468662
2026-07-08T00:19:24Z,922,10,0,11,0,0,1,1,1,1783469086
2026-07-08T00:19:24Z,923,2,0,16,1,0,1,1,1,1783469293
2026-07-08T00:19:24Z,924,6,1,14,1,0,1,1,1,1783469303
2026-07-08T00:19:24Z,925,4,0,15,2,0,1,1,1,1783469899
2026-07-08T00:19:24Z,926,3,0,17,1,0,1,1,1,1783469952
2026-07-08T00:19:24Z,927,0,0,34,0,0,1,1,1,1783468638
2026-07-08T00:19:24Z,928,6,0,13,0,0,1,1,1,1783469806
2026-07-08T00:19:24Z,929,1,1,22,0,0,1,1,1,1783469514
2026-07-08T00:19:24Z,930,18,0,12,1,0,1,1,1,1783469913
2026-07-08T00:19:24Z,931,16,8,7,0,0,1,1,1,1783469924
2026-07-08T00:19:24Z,932,6,1,13,0,0,1,1,1,1783469933
2026-07-08T00:19:24Z,933,16,0,6,1,0,1,1,1,1783469297
2026-07-08T00:19:24Z,934,0,0,31,0,0,1,1,1,1783469739
2026-07-08T00:19:24Z,935,14,1,2,3,0,1,1,1,1783469866
2026-07-08T00:19:24Z,936,1,0,18,0,0,1,1,1,1783469242
2026-07-08T00:19:24Z,940,10,1,1,0,0,1,1,1,1783469835
2026-07-08T00:19:24Z,941,16,2,9,0,0,1,1,1,1783469842
2026-07-08T00:19:24Z,942,5,1,16,0,0,1,1,1,1783469933
2026-07-08T00:19:24Z,943,4,4,10,1,0,1,1,1,1783468280
2026-07-08T00:19:24Z,944,7,7,7,1,0,1,1,1,1783468332
2026-07-08T00:19:24Z,945,6,3,8,1,0,1,1,1,1783468322
2026-07-08T00:19:24Z,946,10,7,9,0,0,1,1,1,1783468359
2026-07-08T00:19:24Z,947,8,6,9,0,0,1,1,1,1783468316
2026-07-08T00:19:24Z,948,3,3,25,3,0,1,1,1,1783469674
2026-07-08T00:19:24Z,949,2,2,13,0,0,1,1,1,1783469800
2026-07-08T00:19:24Z,950,2,0,14,1,0,1,1,1,1783469642
2026-07-08T00:19:24Z,951,7,0,14,2,0,1,1,1,1783469874
2026-07-08T00:19:24Z,952,25,2,23,7,0,1,1,1,1783469948
2026-07-08T00:19:24Z,953,9,1,5,1,0,1,1,1,1783469349
2026-07-08T00:19:24Z,954,13,0,5,1,0,1,1,1,1783469892
2026-07-08T00:19:24Z,955,8,5,14,5,0,1,1,1,1783469667
2026-07-08T00:19:24Z,956,13,1,4,2,0,1,1,1,1783469945
2026-07-08T00:19:24Z,957,29,1,0,0,0,1,1,1,1783469823
2026-07-08T00:19:24Z,958,26,0,2,3,0,1,1,1,1783469721
2026-07-08T00:19:24Z,959,8,2,14,1,0,1,1,1,1783469790
2026-07-08T00:19:24Z,960,22,3,0,1,0,1,1,1,1783469187
2026-07-08T00:19:24Z,961,0,0,19,4,0,1,1,1,1783469233
2026-07-08T00:19:24Z,962,21,8,7,7,0,1,1,1,1783469139
2026-07-08T00:19:24Z,963,16,0,7,0,0,1,1,1,1783469954
2026-07-08T00:19:24Z,964,14,8,8,1,0,1,1,1,1783469669
2026-07-08T00:19:24Z,965,8,4,17,2,0,1,1,1,1783469927
2026-07-08T00:19:24Z,966,2,2,28,1,0,1,1,1,1783469671
2026-07-08T00:19:24Z,967,10,0,8,3,0,1,1,1,1783469823
2026-07-08T00:19:24Z,968,9,2,10,0,0,1,1,1,1783469348
2026-07-08T00:19:24Z,969,19,7,6,2,0,1,1,1,1783469809
2026-07-08T00:19:24Z,970,11,4,7,1,0,1,1,1,1783469891
2026-07-08T00:19:24Z,971,21,0,0,2,0,1,1,1,1783469431
2026-07-08T00:19:24Z,972,17,0,6,0,0,1,1,1,1783468503
2026-07-08T00:19:24Z,973,2,0,20,1,0,1,1,1,1783469495
2026-07-08T00:19:24Z,974,1,0,25,1,0,1,1,1,1783469913
2026-07-08T00:19:24Z,977,0,0,19,2,0,1,1,1,1783469441
2026-07-08T00:19:24Z,978,11,4,12,0,0,1,1,1,1783469639
2026-07-08T00:19:24Z,979,2,0,12,3,0,1,1,1,1783469894
2026-07-08T00:19:24Z,980,3,0,18,0,0,1,1,1,1783469779
2026-07-08T00:19:24Z,981,15,3,5,1,0,1,1,1,1783469626
2026-07-08T00:19:24Z,982,4,1,15,0,0,1,1,1,1783468392
2026-07-08T00:19:24Z,983,0,0,23,0,0,1,1,1,1783468523
2026-07-08T00:19:24Z,984,20,8,0,3,0,1,1,1,1783468527
2026-07-08T00:19:24Z,985,25,0,5,1,0,1,1,1,1783469870
2026-07-08T00:19:24Z,986,9,8,10,0,0,1,1,1,1783469556
2026-07-08T00:19:24Z,987,3,0,19,1,0,1,1,1,1783468494
2026-07-08T00:19:24Z,988,6,0,11,2,0,1,1,1,1783468955
2026-07-08T00:19:24Z,989,14,10,3,2,0,1,1,1,1783468454
2026-07-08T00:19:24Z,990,7,1,7,1,0,1,1,1,1783469844
2026-07-08T00:19:24Z,991,17,9,2,0,0,1,1,1,1783468482
2026-07-08T00:19:24Z,992,4,2,18,1,0,1,1,1,1783469089
2026-07-08T00:19:24Z,993,0,0,25,2,0,1,1,1,1783468551
2026-07-08T00:19:24Z,994,1,0,18,2,0,1,1,1,1783468539
2026-07-08T00:19:24Z,995,0,0,27,0,0,1,1,1,1783468514
2026-07-08T00:19:24Z,996,9,4,12,2,0,1,1,1,1783468545
2026-07-08T00:19:24Z,997,6,2,12,5,0,1,1,1,1783469861
2026-07-08T00:19:24Z,998,4,1,19,0,0,1,1,1,1783468507
2026-07-08T00:19:24Z,999,7,2,12,1,1,1,1,1,1783468496
2026-07-08T00:19:24Z,1000,5,0,15,1,0,1,1,1,1783468437
2026-07-08T00:19:24Z,1001,2,0,25,0,0,1,1,1,1783468513
2026-07-08T00:19:24Z,1002,0,0,31,0,0,1,1,1,1783468567
2026-07-08T00:19:24Z,1003,0,0,23,0,0,1,1,1,1783468481
2026-07-08T00:19:24Z,1004,6,0,17,0,0,1,1,1,1783469448
2026-07-08T00:19:24Z,1005,5,2,17,1,0,1,1,1,1783468485
2026-07-08T00:19:24Z,1006,10,1,9,0,0,1,1,1,1783468408
2026-07-08T00:19:24Z,1007,2,0,18,1,0,1,1,1,1783468434
2026-07-08T00:19:24Z,1008,18,8,5,0,0,1,1,1,1783468515
2026-07-08T00:19:24Z,1009,5,1,24,2,0,1,1,1,1783469139
2026-07-08T00:19:24Z,1010,9,8,18,0,0,1,1,1,1783468555
2026-07-08T00:19:24Z,1011,2,1,15,2,0,1,1,1,1783468403
2026-07-08T00:19:24Z,1012,1,0,21,1,0,1,1,1,1783468493
2026-07-08T00:19:24Z,1013,4,2,18,1,0,1,1,1,1783469208
2026-07-08T00:19:24Z,1014,8,1,13,2,0,1,1,1,1783469905
2026-07-08T00:19:24Z,1015,8,3,23,0,0,1,1,1,1783468582
2026-07-08T00:19:24Z,1016,16,6,14,1,0,1,1,1,1783468640
2026-07-08T00:19:24Z,1017,8,0,12,1,0,1,1,1,1783468457
2026-07-08T00:19:24Z,1018,3,2,13,5,0,1,1,1,1783468486
2026-07-08T00:19:24Z,1019,13,1,1,1,0,1,1,1,1783468343
2026-07-08T00:19:24Z,1020,14,2,7,0,0,1,1,1,1783468452
2026-07-08T00:19:24Z,1021,12,6,3,0,0,1,1,1,1783468352
2026-07-08T00:19:24Z,1022,10,1,17,0,0,1,1,1,1783468523
2026-07-08T00:19:24Z,1023,13,0,10,0,0,1,1,1,1783468538
2026-07-08T00:19:24Z,1024,1,0,18,0,0,1,1,1,1783468396
2026-07-08T00:19:24Z,1025,15,1,4,0,0,1,1,1,1783468480
2026-07-08T00:19:24Z,1026,10,7,20,1,0,1,1,1,1783468597
2026-07-08T00:19:24Z,1028,16,4,7,0,0,1,1,1,1783468521
2026-07-08T00:19:24Z,1029,10,8,2,3,0,1,1,1,1783468354
2026-07-08T00:19:24Z,1030,17,5,6,0,0,1,1,1,1783468542
2026-07-08T00:19:24Z,1031,2,2,16,1,0,1,1,1,1783468410
2026-07-08T00:19:24Z,1032,10,3,9,0,0,1,1,1,1783468413
2026-07-08T00:19:24Z,1033,16,8,2,1,0,1,1,1,1783468453
2026-07-08T00:19:24Z,1034,8,0,7,0,0,1,1,1,1783468342
2026-07-08T00:19:24Z,1035,3,0,15,1,0,1,1,1,1783469294
2026-07-08T00:19:24Z,1036,14,4,1,0,0,1,1,1,1783468355
2026-07-08T00:19:24Z,1037,0,0,19,0,0,1,1,1,1783469036
2026-07-08T00:19:24Z,1038,0,0,15,0,0,1,1,1,1783468330
2026-07-08T00:19:24Z,1039,12,6,7,0,0,1,1,1,1783468420
2026-07-08T00:19:24Z,1040,1,0,17,1,0,1,1,1,1783468418
2026-07-08T00:19:24Z,1041,3,2,16,0,0,1,1,1,1783468397
2026-07-08T00:19:24Z,1042,9,2,6,0,0,1,1,1,1783468340
2026-07-08T00:19:24Z,1043,8,6,11,0,0,1,1,1,1783468417
2026-07-08T00:19:24Z,1044,0,0,15,0,0,1,1,1,1783468330
2026-07-08T00:19:24Z,1045,2,1,17,0,0,1,1,1,1783468406
2026-07-08T00:19:24Z,1046,7,0,5,3,0,1,1,1,1783469033
2026-07-08T00:19:24Z,1047,1,1,19,1,0,1,1,1,1783468427
2026-07-08T00:19:24Z,1048,14,1,5,0,0,1,1,1,1783468390
2026-07-08T00:19:24Z,1049,11,2,10,0,0,1,1,1,1783469367
2026-07-08T00:19:24Z,1050,17,1,2,2,0,1,1,1,1783468554
2026-07-08T00:19:24Z,1051,15,2,5,1,0,1,1,1,1783469377
2026-07-08T00:19:24Z,1052,11,1,11,0,0,1,1,1,1783468499
2026-07-08T00:19:24Z,1053,6,0,9,0,0,1,1,1,1783468347
2026-07-08T00:19:24Z,1054,12,4,3,0,0,1,1,1,1783468342
2026-07-08T00:19:24Z,1055,8,0,11,0,0,1,1,1,1783468580
2026-07-08T00:19:24Z,1057,5,0,14,0,0,1,1,1,1783469742
2026-07-08T00:19:24Z,1058,5,1,50,1,0,1,1,1,1783469924
2026-07-08T00:19:24Z,1059,6,2,13,0,0,1,1,1,1783468386
2026-07-08T00:19:24Z,1060,37,14,0,0,0,1,1,1,1783469952
2026-07-08T00:19:24Z,1061,2,0,35,0,0,1,1,1,1783468684
2026-07-08T00:19:24Z,1062,4,0,13,0,0,1,1,1,1783469508
2026-07-08T00:19:24Z,1063,10,3,7,2,0,1,1,1,1783469462
2026-07-08T00:19:24Z,1064,11,2,12,0,0,1,1,1,1783468479
2026-07-08T00:19:24Z,1065,10,2,11,2,0,1,1,1,1783468522
2026-07-08T00:19:24Z,1066,14,3,7,2,0,1,1,1,1783468544
2026-07-08T00:19:24Z,1067,7,0,13,3,0,1,1,1,1783468497
2026-07-08T00:19:24Z,1068,13,1,9,1,0,1,1,1,1783468488
2026-07-08T00:19:24Z,1069,3,0,19,1,0,1,1,1,1783468519
2026-07-08T00:19:24Z,1070,7,4,15,1,0,1,1,1,1783468496
2026-07-08T00:19:24Z,1071,0,0,22,1,0,1,1,1,1783468484
2026-07-08T00:19:24Z,1072,13,2,8,2,0,1,1,1,1783468527
2026-07-08T00:19:24Z,1073,2,0,24,1,0,1,1,1,1783469927
2026-07-08T00:19:24Z,1074,35,0,15,3,0,1,1,1,1783469449
2026-07-08T00:19:24Z,1075,10,9,11,0,0,1,1,1,1783468461
2026-07-08T00:19:24Z,1076,12,7,9,0,0,1,1,1,1783468561
2026-07-08T00:19:24Z,1077,10,9,11,0,0,1,1,1,1783469594
2026-07-08T00:19:24Z,1078,4,1,17,0,0,1,1,1,1783469465
2026-07-08T00:19:24Z,1079,10,8,11,0,0,1,1,1,1783468448
2026-07-08T00:19:24Z,1080,10,8,11,0,0,1,1,1,1783468479
2026-07-08T00:19:24Z,1081,12,10,7,0,0,1,1,1,1783468555
2026-07-08T00:19:24Z,1082,13,11,10,0,0,1,1,1,1783469259
2026-07-08T00:19:24Z,1083,10,8,11,0,0,1,1,1,1783468466
2026-07-08T00:19:24Z,1084,9,7,12,0,0,1,1,1,1783468920
2026-07-08T00:19:24Z,1085,10,9,11,0,0,1,1,1,1783468542
2026-07-08T00:19:24Z,1086,8,6,13,0,0,1,1,1,1783469456
2026-07-08T00:19:24Z,1087,10,9,5,0,0,1,1,1,1783468368
2026-07-08T00:19:24Z,1088,6,4,9,0,0,1,1,1,1783468380
2026-07-08T00:19:24Z,1089,8,6,7,0,0,1,1,1,1783468348
2026-07-08T00:19:24Z,1090,9,8,6,0,0,1,1,1,1783468349
2026-07-08T00:19:24Z,1091,10,8,5,0,0,1,1,1,1783468352
2026-07-08T00:19:24Z,1092,7,6,8,0,0,1,1,1,1783468386
2026-07-08T00:19:24Z,1093,9,7,6,0,0,1,1,1,1783468359
2026-07-08T00:19:24Z,1094,12,9,7,0,0,1,1,1,1783468389
2026-07-08T00:19:24Z,1095,8,6,7,0,0,1,1,1,1783468292
2026-07-08T00:19:24Z,1096,9,7,10,0,0,1,1,1,1783468649
2026-07-08T00:19:24Z,1097,9,9,6,0,0,1,1,1,1783468370
2026-07-08T00:19:24Z,1098,8,6,11,0,0,1,1,1,1783468415
2026-07-08T00:19:24Z,1099,10,8,5,0,0,1,1,1,1783469009
2026-07-08T00:19:24Z,1100,9,5,18,2,0,1,1,1,1783468584
2026-07-08T00:19:24Z,1101,12,7,8,1,0,1,1,1,1783468476
2026-07-08T00:19:24Z,1102,9,4,4,0,0,1,1,1,1783468297
2026-07-08T00:19:24Z,1103,10,5,9,2,0,1,1,1,1783468462
2026-07-08T00:19:24Z,1104,7,5,14,0,0,1,1,1,1783469240
2026-07-08T00:19:24Z,1105,6,2,5,2,0,1,1,1,1783468289
2026-07-08T00:19:24Z,1106,10,5,10,1,0,1,1,1,1783468459
2026-07-08T00:19:24Z,1107,9,4,5,1,0,1,1,1,1783468334
2026-07-08T00:19:24Z,1108,4,2,20,3,0,1,1,1,1783468528
2026-07-08T00:19:24Z,1109,10,5,5,0,0,1,1,1,1783468337
2026-07-08T00:19:24Z,1110,11,0,9,1,0,1,1,1,1783468445
2026-07-08T00:19:24Z,1111,5,0,16,0,0,1,1,1,1783468445
2026-07-08T00:19:24Z,1112,2,1,51,0,0,1,1,1,1783469903
2026-07-08T00:19:24Z,1113,2,2,19,0,0,1,1,1,1783468376
2026-07-08T00:19:24Z,1115,9,0,12,2,0,1,1,1,1783468665
2026-07-08T00:19:24Z,1116,1,0,18,0,0,1,1,1,1783468398
2026-07-08T00:19:24Z,1117,4,2,18,1,0,1,1,1,1783469259
2026-07-08T00:19:24Z,1118,18,0,3,0,0,1,1,1,1783469937
2026-07-08T00:19:24Z,1119,5,1,11,1,0,1,1,1,1783469716
2026-07-08T00:19:24Z,1120,15,1,1,3,0,1,1,1,1783469628
2026-07-08T00:19:24Z,1121,2,1,19,0,0,1,1,1,1783469818
2026-07-08T00:19:24Z,1122,1,0,19,1,0,1,1,1,1783469899
2026-07-08T00:19:24Z,1123,6,0,15,2,0,1,1,1,1783469667
2026-07-08T00:19:24Z,1124,11,0,3,1,0,1,1,1,1783469409
2026-07-08T00:19:24Z,1125,15,0,8,0,0,1,1,1,1783468492
2026-07-08T00:19:24Z,1126,6,1,14,1,0,1,1,1,1783469809
2026-07-08T00:19:24Z,1127,8,1,11,0,0,1,1,1,1783468396
2026-07-08T00:19:24Z,1128,13,2,0,2,0,1,1,1,1783469926
2026-07-08T00:19:24Z,1129,7,2,14,0,0,1,1,1,1783469494
2026-07-08T00:19:24Z,1130,13,0,1,1,0,1,1,1,1783469172
2026-07-08T00:19:24Z,1131,0,0,49,0,0,1,1,1,1783469028
2026-07-08T00:19:24Z,1132,11,0,8,2,0,1,1,1,1783468429
2026-07-08T00:19:24Z,1133,8,2,11,2,0,1,1,1,1783469917
2026-07-08T00:19:24Z,1134,11,5,7,1,0,1,1,1,1783468521
2026-07-08T00:19:24Z,1135,13,7,8,0,0,1,1,1,1783468453
2026-07-08T00:19:24Z,1136,20,0,2,1,0,1,1,1,1783469786
2026-07-08T00:19:24Z,1137,3,1,12,0,0,1,1,1,1783469765
2026-07-08T00:19:24Z,1138,18,0,1,0,0,1,1,1,1783469354
2026-07-08T00:19:24Z,1139,8,1,13,0,0,1,1,1,1783469897
2026-07-08T00:19:24Z,1140,18,2,3,2,0,1,1,1,1783469594
2026-07-08T00:19:24Z,1141,5,1,14,2,0,1,1,1,1783469915
2026-07-08T00:19:24Z,1142,5,0,16,0,0,1,1,1,1783468862
2026-07-08T00:19:24Z,1143,14,0,14,1,0,1,1,1,1783469932
2026-07-08T00:19:24Z,1144,3,1,17,1,0,1,1,1,1783400779
2026-07-08T00:19:24Z,1145,6,2,11,3,0,1,1,1,1783469203
2026-07-08T00:19:24Z,1146,11,0,8,0,0,1,1,1,1783469928
2026-07-08T00:19:24Z,1147,4,1,15,0,0,1,1,1,1783469705
2026-07-08T00:19:24Z,1148,8,2,22,1,0,1,1,1,1783469928
2026-07-08T00:19:24Z,1149,2,2,23,0,0,1,1,1,1783469407
2026-07-08T00:19:24Z,1150,11,0,6,2,0,1,1,1,1783469388
2026-07-08T00:19:24Z,1151,2,0,18,1,0,1,1,1,1783469298
2026-07-08T00:19:24Z,1152,11,0,16,2,0,1,1,1,1783469920
2026-07-08T00:19:24Z,1153,13,0,9,1,0,1,1,1,1783468879
2026-07-08T00:19:24Z,1154,1,0,16,2,0,1,1,1,1783468628
2026-07-08T00:19:24Z,1155,10,3,9,2,0,1,1,1,1783469875
2026-07-08T00:19:24Z,1158,9,0,10,0,0,1,1,1,1783468402
2026-07-08T00:19:24Z,1159,6,4,13,0,0,1,1,1,1783468844
2026-07-08T00:19:24Z,1160,10,2,8,1,0,1,1,1,1783469086
2026-07-08T00:19:24Z,1161,8,2,11,0,0,1,1,1,1783468434
2026-07-08T00:19:24Z,1162,9,4,9,1,0,1,1,1,1783469868
2026-07-08T00:19:24Z,1163,2,2,17,0,0,1,1,1,1783468385
2026-07-08T00:19:24Z,1164,8,0,11,0,0,1,1,1,1783469481
2026-07-08T00:19:24Z,1165,3,1,17,1,0,1,1,1,1783468977
2026-07-08T00:19:24Z,1166,0,0,20,0,0,1,1,1,1783468420
2026-07-08T00:19:24Z,1167,13,2,2,0,0,1,1,1,1783468326
2026-07-08T00:19:24Z,1168,1,1,22,0,0,1,1,1,1783468533
2026-07-08T00:19:24Z,1169,3,2,15,1,0,1,1,1,1783468400
2026-07-08T00:19:24Z,1170,7,5,14,0,0,1,1,1,1783469459
2026-07-08T00:19:24Z,1171,16,14,6,1,0,1,1,1,1783468550
2026-07-08T00:19:24Z,1172,9,3,4,2,0,1,1,1,1783468343
2026-07-08T00:19:24Z,1173,5,5,13,1,0,1,1,1,1783469768
2026-07-08T00:19:24Z,1174,2,1,12,1,0,1,1,1,1783469675
2026-07-08T00:19:24Z,1175,6,0,13,0,0,1,1,1,1783469601
2026-07-08T00:19:24Z,1176,19,5,2,0,0,1,1,1,1783468437
2026-07-08T00:19:24Z,1177,11,2,10,0,0,1,1,1,1783468430
2026-07-08T00:19:24Z,1178,4,0,9,2,0,1,1,1,1783468454
2026-07-08T00:19:24Z,1181,14,1,1,0,0,1,1,1,1783469544
2026-07-08T00:19:24Z,1182,1,0,18,1,0,1,1,1,1783469214
2026-07-08T00:19:24Z,1183,14,0,21,2,0,1,1,1,1783469634
2026-07-08T00:19:24Z,1184,14,7,6,1,0,1,1,1,1783469944
2026-07-08T00:19:24Z,1185,13,6,8,0,0,1,1,1,1783468999
2026-07-08T00:19:24Z,1186,9,5,9,1,0,1,1,1,1783468396
2026-07-08T00:19:24Z,1188,8,4,7,0,0,1,1,1,1783469691
2026-07-08T00:19:24Z,1189,10,5,9,0,0,1,1,1,1783469767
2026-07-08T00:19:24Z,1190,9,5,12,0,0,1,1,1,1783468432
2026-07-08T00:19:24Z,1191,8,4,6,1,0,1,1,1,1783468480
2026-07-08T00:19:24Z,1192,8,4,12,1,0,1,1,1,1783468486
2026-07-08T00:19:24Z,1193,3,1,9,1,0,1,1,1,1783468279
2026-07-08T00:19:24Z,1197,13,3,3,1,0,1,1,1,1783468343
2026-07-08T00:19:24Z,1198,15,9,6,0,0,1,1,1,1783468448
2026-07-08T00:19:24Z,1199,3,3,16,0,0,1,1,1,1783468384
2026-07-08T00:19:24Z,1200,11,4,4,0,0,1,1,1,1783468180
2026-07-08T00:19:24Z,1201,8,4,6,1,0,1,1,1,1783468204
2026-07-08T00:19:24Z,1202,9,5,6,0,0,1,1,1,1783468171
2026-07-08T00:19:24Z,1203,9,5,6,0,0,1,1,1,1783468176
2026-07-08T00:19:24Z,1218,7,4,14,0,0,1,1,1,1783468479
2026-07-08T00:19:24Z,1224,0,0,3,0,0,0,1,1,1781869449
2026-07-08T00:19:24Z,1225,0,0,3,0,0,0,1,1,1781868919
2026-07-08T00:19:24Z,1226,0,0,3,0,0,0,1,1,1781868931
2026-07-08T00:24:24Z,1,1,0,22,0,0,1,1,1,1783470037
2026-07-08T00:24:24Z,2,10,0,16,1,0,1,1,1,1783469960
2026-07-08T00:24:24Z,3,10,1,8,0,0,1,1,1,1783470165
2026-07-08T00:24:24Z,4,2,0,21,0,0,1,1,1,1783469060
2026-07-08T00:24:24Z,5,8,6,11,4,0,1,1,1,1783470098
2026-07-08T00:24:24Z,6,6,0,9,0,0,1,1,1,1783469716
2026-07-08T00:24:24Z,7,21,0,2,0,0,1,1,1,1783470024
2026-07-08T00:24:24Z,8,41,1,2,0,0,1,1,1,1783469992
2026-07-08T00:24:24Z,9,0,0,22,1,0,1,1,1,1783470000
2026-07-08T00:24:24Z,10,7,2,16,0,0,1,1,1,1783468042
2026-07-08T00:24:24Z,11,0,0,19,0,0,1,1,1,1783468438
2026-07-08T00:24:24Z,12,0,0,23,0,0,1,1,1,1783469794
2026-07-08T00:24:24Z,13,29,1,1,0,0,1,1,1,1783468966
2026-07-08T00:24:24Z,14,39,1,4,0,0,1,1,1,1783469994
2026-07-08T00:24:24Z,15,12,1,2,1,0,1,1,1,1783470029
2026-07-08T00:24:24Z,16,2,2,25,0,0,1,1,1,1783469793
2026-07-08T00:24:24Z,17,24,0,1,2,0,1,1,1,1783470248
2026-07-08T00:24:24Z,18,18,1,1,0,0,1,1,1,1783470257
2026-07-08T00:24:24Z,19,5,3,22,0,0,1,1,1,1783470244
2026-07-08T00:24:24Z,20,12,0,15,0,0,1,1,1,1783470065
2026-07-08T00:24:24Z,21,10,1,8,1,0,1,1,1,1783470241
2026-07-08T00:24:24Z,22,0,0,66,1,0,1,1,1,1783469774
2026-07-08T00:24:24Z,23,15,0,16,0,0,1,1,1,1783469784
2026-07-08T00:24:24Z,24,1,1,8,2,0,1,1,1,1783470250
2026-07-08T00:24:24Z,25,16,2,59,6,0,1,1,1,1783470107
2026-07-08T00:24:24Z,26,2,2,25,0,0,1,1,1,1783470186
2026-07-08T00:24:24Z,28,9,3,6,0,0,1,1,1,1783469786
2026-07-08T00:24:24Z,30,12,0,13,2,0,1,1,1,1783470187
2026-07-08T00:24:24Z,31,3,0,16,0,0,1,1,1,1783469945
2026-07-08T00:24:24Z,32,26,3,1,0,0,1,1,1,1783469977
2026-07-08T00:24:24Z,34,28,1,9,0,0,1,1,1,1783470064
2026-07-08T00:24:24Z,35,1,0,43,3,0,1,1,1,1783470253
2026-07-08T00:24:24Z,36,0,0,0,0,0,0,1,1,86400
2026-07-08T00:24:24Z,37,19,2,3,1,0,1,1,1,1783470173
2026-07-08T00:24:24Z,38,4,2,19,0,0,1,1,1,1783469730
2026-07-08T00:24:24Z,39,22,5,9,0,0,1,1,1,1783470255
2026-07-08T00:24:24Z,40,0,0,21,0,0,1,1,1,1783469847
2026-07-08T00:24:24Z,41,4,0,21,2,0,1,1,1,1783469634
2026-07-08T00:24:24Z,42,4,0,26,1,0,1,1,1,1783469774
2026-07-08T00:24:24Z,43,18,2,5,0,0,1,1,1,1783469621
2026-07-08T00:24:24Z,45,2,1,26,3,0,1,1,1,1783470221
2026-07-08T00:24:24Z,46,0,0,29,1,1,1,1,1,1783470099
2026-07-08T00:24:24Z,47,4,0,10,1,0,1,1,1,1783469642
2026-07-08T00:24:24Z,48,3,2,24,0,0,1,1,1,1783470176
2026-07-08T00:24:24Z,49,1,0,19,3,0,1,1,1,1783470253
2026-07-08T00:24:24Z,50,4,2,15,0,0,1,1,1,1783469951
2026-07-08T00:24:24Z,51,1,0,77,0,0,1,1,1,1783469022
2026-07-08T00:24:24Z,52,1,0,24,2,0,1,1,1,1783470198
2026-07-08T00:24:24Z,55,2,0,19,0,1,1,1,1,1783470219
2026-07-08T00:24:24Z,57,1,0,26,0,0,1,1,1,1783470252
2026-07-08T00:24:24Z,58,5,2,23,0,0,1,1,1,1783469980
2026-07-08T00:24:24Z,59,0,0,25,2,0,1,1,1,1783469781
2026-07-08T00:24:24Z,61,0,0,37,2,0,1,1,1,1783469462
2026-07-08T00:24:24Z,62,3,1,44,2,0,1,1,1,1783470200
2026-07-08T00:24:24Z,63,0,0,19,0,0,1,1,1,1783468347
2026-07-08T00:24:24Z,64,14,0,4,1,0,1,1,1,1783469999
2026-07-08T00:24:24Z,65,3,1,14,2,0,1,1,1,1783470165
2026-07-08T00:24:24Z,67,1,0,38,0,0,1,1,1,1783469920
2026-07-08T00:24:24Z,68,1,0,36,0,0,1,1,1,1783469824
2026-07-08T00:24:24Z,69,14,2,1,0,0,1,1,1,1783468047
2026-07-08T00:24:24Z,71,1,0,26,0,0,1,1,1,1783470046
2026-07-08T00:24:24Z,72,1,1,30,0,0,1,1,1,1783469804
2026-07-08T00:24:24Z,73,2,2,21,0,0,1,1,1,1783470125
2026-07-08T00:24:24Z,74,6,2,13,0,0,1,1,1,1783468959
2026-07-08T00:24:24Z,75,0,0,34,1,0,1,1,1,1783468816
2026-07-08T00:24:24Z,76,3,0,16,0,0,1,1,1,1783468346
2026-07-08T00:24:24Z,77,11,0,11,5,0,1,1,1,1783470142
2026-07-08T00:24:24Z,78,0,0,23,0,0,1,1,1,1783467209
2026-07-08T00:24:24Z,79,4,0,13,0,0,1,1,1,1783469299
2026-07-08T00:24:24Z,80,18,0,3,2,0,1,1,1,1783470223
2026-07-08T00:24:24Z,81,13,0,0,18,0,1,1,1,1783470252
2026-07-08T00:24:24Z,82,0,0,21,2,0,1,1,1,1783470234
2026-07-08T00:24:24Z,83,2,0,29,3,0,1,1,1,1783470254
2026-07-08T00:24:24Z,84,20,0,5,2,0,1,1,1,1783470248
2026-07-08T00:24:24Z,85,1,0,13,0,0,1,1,1,1783469522
2026-07-08T00:24:24Z,86,4,0,22,1,0,1,1,1,1783467511
2026-07-08T00:24:24Z,87,0,0,19,0,0,1,1,1,1783464851
2026-07-08T00:24:24Z,88,25,3,6,0,0,1,1,1,1783470164
2026-07-08T00:24:24Z,89,14,0,21,0,0,1,1,1,1783470225
2026-07-08T00:24:24Z,90,4,1,14,1,0,1,1,1,1783470141
2026-07-08T00:24:24Z,91,5,0,12,0,0,1,1,1,1783469528
2026-07-08T00:24:24Z,92,13,0,4,2,0,1,1,1,1783470196
2026-07-08T00:24:24Z,93,19,1,4,0,0,1,1,1,1783470150
2026-07-08T00:24:24Z,94,1,1,18,0,0,1,1,1,1783468543
2026-07-08T00:24:24Z,95,6,0,28,0,1,1,1,1,1783470148
2026-07-08T00:24:24Z,96,9,1,20,2,0,1,1,1,1783470072
2026-07-08T00:24:24Z,97,7,0,8,0,0,1,1,1,1783469708
2026-07-08T00:24:24Z,98,13,1,20,2,0,1,1,1,1783470187
2026-07-08T00:24:24Z,99,10,0,4,0,0,1,1,1,1783469881
2026-07-08T00:24:24Z,100,11,0,15,1,0,1,1,1,1783470236
2026-07-08T00:24:24Z,101,3,0,10,2,0,1,1,1,1783469910
2026-07-08T00:24:24Z,102,10,0,13,0,0,1,1,1,1783469828
2026-07-08T00:24:24Z,103,9,0,19,4,0,1,1,1,1783470248
2026-07-08T00:24:24Z,104,1,0,24,2,0,1,1,1,1783470230
2026-07-08T00:24:24Z,105,13,0,6,0,0,1,1,1,1783469961
2026-07-08T00:24:24Z,106,0,0,21,0,0,1,1,1,1783469801
2026-07-08T00:24:24Z,107,32,0,5,0,0,1,1,1,1783470176
2026-07-08T00:24:24Z,108,13,0,20,2,0,1,1,1,1783470192
2026-07-08T00:24:24Z,109,16,0,7,0,0,1,1,1,1783470218
2026-07-08T00:24:24Z,110,13,1,10,0,0,1,1,1,1783470243
2026-07-08T00:24:24Z,111,0,0,35,1,0,1,1,1,1783470072
2026-07-08T00:24:24Z,112,17,0,1,1,0,1,1,1,1783470004
2026-07-08T00:24:24Z,113,4,2,15,0,0,1,1,1,1783470148
2026-07-08T00:24:24Z,114,7,2,20,4,0,1,1,1,1783470198
2026-07-08T00:24:24Z,115,1,1,23,2,0,1,1,1,1783469364
2026-07-08T00:24:24Z,116,2,0,24,1,0,1,1,1,1783470235
2026-07-08T00:24:24Z,118,8,3,11,4,0,1,1,1,1783470162
2026-07-08T00:24:24Z,119,16,4,20,2,0,1,1,1,1783469908
2026-07-08T00:24:24Z,120,1,0,24,2,0,1,1,1,1783469405
2026-07-08T00:24:24Z,121,9,0,10,0,0,1,1,1,1783470256
2026-07-08T00:24:24Z,122,3,2,17,1,0,1,1,1,1783469873
2026-07-08T00:24:24Z,123,19,0,28,0,0,1,1,1,1783470257
2026-07-08T00:24:24Z,124,1,0,26,0,0,1,1,1,1783469978
2026-07-08T00:24:24Z,125,3,1,20,0,0,1,1,1,1783470253
2026-07-08T00:24:24Z,126,1,0,30,0,0,1,1,1,1783470028
2026-07-08T00:24:24Z,127,0,0,22,0,0,1,1,1,1783469736
2026-07-08T00:24:24Z,128,1,1,17,1,0,1,1,1,1783469950
2026-07-08T00:24:24Z,129,12,4,5,2,0,1,1,1,1783470251
2026-07-08T00:24:24Z,130,12,0,5,0,0,1,1,1,1783470040
2026-07-08T00:24:24Z,131,0,0,9,2,0,1,1,1,1783470239
2026-07-08T00:24:24Z,132,0,0,14,0,1,1,1,1,1783468552
2026-07-08T00:24:24Z,133,2,0,21,0,0,1,1,1,1783470135
2026-07-08T00:24:24Z,134,3,3,20,0,0,1,1,1,1783470242
2026-07-08T00:24:24Z,135,12,2,7,0,0,1,1,1,1783470208
2026-07-08T00:24:24Z,136,11,0,11,0,0,1,1,1,1783470109
2026-07-08T00:24:24Z,137,6,4,12,1,0,1,1,1,1783469829
2026-07-08T00:24:24Z,138,36,3,0,1,0,1,1,1,1783469661
2026-07-08T00:24:24Z,139,16,0,3,0,0,1,1,1,1783469954
2026-07-08T00:24:24Z,140,7,0,12,3,1,1,1,1,1783470257
2026-07-08T00:24:24Z,141,23,3,0,2,0,1,1,1,1783470176
2026-07-08T00:24:24Z,142,0,0,19,0,0,0,1,1,1782498468
2026-07-08T00:24:24Z,143,28,0,0,3,0,1,1,1,1783470253
2026-07-08T00:24:24Z,144,23,2,3,1,0,1,1,1,1783470236
2026-07-08T00:24:24Z,145,27,6,3,1,0,1,1,1,1783470204
2026-07-08T00:24:24Z,146,21,3,0,2,0,1,1,1,1783470258
2026-07-08T00:24:24Z,147,1,0,17,1,0,1,1,1,1783470169
2026-07-08T00:24:24Z,148,18,2,7,2,0,1,1,1,1783470101
2026-07-08T00:24:24Z,149,4,1,15,0,0,1,1,1,1783469865
2026-07-08T00:24:24Z,150,33,0,1,1,0,1,1,1,1783470209
2026-07-08T00:24:24Z,151,21,0,1,1,0,1,1,1,1783470241
2026-07-08T00:24:24Z,152,21,1,3,2,0,1,1,1,1783470249
2026-07-08T00:24:24Z,153,17,3,5,1,0,1,1,1,1783469949
2026-07-08T00:24:24Z,154,19,2,0,4,0,1,1,1,1783470106
2026-07-08T00:24:24Z,155,3,1,7,4,0,1,1,1,1783470228
2026-07-08T00:24:24Z,156,5,3,14,0,0,1,1,1,1783470071
2026-07-08T00:24:24Z,157,22,2,2,3,0,1,1,1,1783470205
2026-07-08T00:24:24Z,158,9,1,10,0,0,1,1,1,1783469824
2026-07-08T00:24:24Z,159,12,2,7,0,0,1,1,1,1783470206
2026-07-08T00:24:24Z,160,16,1,2,1,0,1,1,1,1783470109
2026-07-08T00:24:24Z,161,10,1,12,1,0,1,1,1,1783470248
2026-07-08T00:24:24Z,162,9,9,18,0,0,1,1,1,1783469863
2026-07-08T00:24:24Z,163,21,2,8,2,0,1,1,1,1783470075
2026-07-08T00:24:24Z,164,24,0,3,0,0,1,1,1,1783470255
2026-07-08T00:24:24Z,165,20,7,8,2,0,1,1,1,1783470255
2026-07-08T00:24:24Z,166,29,5,8,1,0,1,1,1,1783470152
2026-07-08T00:24:24Z,167,15,7,7,1,0,1,1,1,1783470163
2026-07-08T00:24:24Z,168,10,0,16,1,0,1,1,1,1783470255
2026-07-08T00:24:24Z,169,12,1,9,2,0,1,1,1,1783470220
2026-07-08T00:24:24Z,170,13,6,5,1,0,1,1,1,1783470252
2026-07-08T00:24:24Z,171,4,0,5,4,0,1,1,1,1783470117
2026-07-08T00:24:24Z,173,2,0,35,0,0,1,1,1,1783470239
2026-07-08T00:24:24Z,174,17,3,8,0,0,1,1,1,1783470057
2026-07-08T00:24:24Z,175,26,1,2,3,0,1,1,1,1783470143
2026-07-08T00:24:24Z,176,14,4,0,1,0,1,1,1,1783470124
2026-07-08T00:24:24Z,177,22,3,1,4,0,1,1,1,1783470187
2026-07-08T00:24:24Z,178,15,0,0,0,0,1,1,1,1783468640
2026-07-08T00:24:24Z,179,11,3,2,2,0,1,1,1,1783470253
2026-07-08T00:24:24Z,180,0,0,29,1,0,1,1,1,1783469918
2026-07-08T00:24:24Z,181,9,3,6,0,0,1,1,1,1783470234
2026-07-08T00:24:24Z,182,11,4,7,1,0,1,1,1,1783470083
2026-07-08T00:24:24Z,183,17,2,4,2,0,1,1,1,1783470162
2026-07-08T00:24:24Z,184,1,1,20,2,0,1,1,1,1783470189
2026-07-08T00:24:24Z,185,5,1,7,2,1,1,1,1,1783468783
2026-07-08T00:24:24Z,186,6,3,12,1,0,1,1,1,1783470175
2026-07-08T00:24:24Z,187,1,0,26,2,0,1,1,1,1783470086
2026-07-08T00:24:24Z,188,17,2,0,10,0,1,1,1,1783470258
2026-07-08T00:24:24Z,189,7,1,7,1,0,1,1,1,1783468769
2026-07-08T00:24:24Z,190,3,2,20,0,0,1,1,1,1783470014
2026-07-08T00:24:24Z,191,1,0,35,3,0,1,1,1,1783470202
2026-07-08T00:24:24Z,192,15,14,16,0,0,1,1,1,1783469978
2026-07-08T00:24:24Z,193,8,6,6,1,0,1,1,1,1783470144
2026-07-08T00:24:24Z,194,0,0,15,0,0,1,1,1,1783470207
2026-07-08T00:24:24Z,195,2,1,17,0,0,1,1,1,1783470246
2026-07-08T00:24:24Z,196,1,1,26,0,0,1,1,1,1783468740
2026-07-08T00:24:24Z,197,6,0,12,0,1,1,1,1,1783469847
2026-07-08T00:24:24Z,198,1,0,22,0,0,1,1,1,1783468951
2026-07-08T00:24:24Z,199,0,0,13,2,0,1,1,1,1783469543
2026-07-08T00:24:24Z,200,1,1,25,0,0,1,1,1,1783469399
2026-07-08T00:24:24Z,201,3,3,20,0,0,1,1,1,1783469566
2026-07-08T00:24:24Z,202,0,0,21,0,0,0,1,1,1783093344
2026-07-08T00:24:24Z,203,0,0,31,0,0,1,1,1,1783469636
2026-07-08T00:24:24Z,204,2,0,33,0,0,1,1,1,1783470143
2026-07-08T00:24:24Z,205,15,0,12,0,0,1,1,1,1783469846
2026-07-08T00:24:24Z,206,8,0,4,3,0,1,1,1,1783470148
2026-07-08T00:24:24Z,207,5,1,16,0,0,1,1,1,1783470071
2026-07-08T00:24:24Z,208,4,1,24,1,0,1,1,1,1783470233
2026-07-08T00:24:24Z,209,17,2,13,1,0,1,1,1,1783470251
2026-07-08T00:24:24Z,210,0,0,26,1,0,1,1,1,1783469667
2026-07-08T00:24:24Z,211,7,1,16,0,0,1,1,1,1783469729
2026-07-08T00:24:24Z,212,16,1,19,0,0,1,1,1,1783469937
2026-07-08T00:24:24Z,213,23,1,0,0,0,1,1,1,1783470159
2026-07-08T00:24:24Z,214,13,13,30,4,0,1,1,1,1783470254
2026-07-08T00:24:24Z,215,5,4,18,0,0,1,1,1,1783469637
2026-07-08T00:24:24Z,216,16,3,3,0,0,1,1,1,1783470171
2026-07-08T00:24:24Z,217,28,6,0,1,0,1,1,1,1783469945
2026-07-08T00:24:24Z,218,21,3,14,4,0,1,1,1,1783470253
2026-07-08T00:24:24Z,219,0,0,3,0,0,0,1,1,1783102064
2026-07-08T00:24:24Z,220,27,2,16,0,0,1,1,1,1783470235
2026-07-08T00:24:24Z,221,13,7,1,0,0,1,1,1,1783470231
2026-07-08T00:24:24Z,222,13,6,5,1,0,1,1,1,1783470211
2026-07-08T00:24:24Z,223,4,0,28,3,0,1,1,1,1783470210
2026-07-08T00:24:24Z,224,4,0,18,0,0,1,1,1,1783470205
2026-07-08T00:24:24Z,225,1,1,14,4,0,1,1,1,1783470020
2026-07-08T00:24:24Z,226,1,0,27,3,0,1,1,1,1783470147
2026-07-08T00:24:24Z,227,8,8,16,3,0,1,1,1,1783470201
2026-07-08T00:24:24Z,228,4,4,15,0,0,1,1,1,1783469346
2026-07-08T00:24:24Z,230,23,2,0,0,0,1,1,1,1783469519
2026-07-08T00:24:24Z,232,12,3,6,1,0,1,1,1,1783469299
2026-07-08T00:24:24Z,233,25,7,5,1,0,1,1,1,1783470090
2026-07-08T00:24:24Z,234,4,3,11,3,1,1,1,1,1783469919
2026-07-08T00:24:24Z,236,3,2,15,1,0,1,1,1,1783469979
2026-07-08T00:24:24Z,237,6,0,15,2,0,1,1,1,1783470206
2026-07-08T00:24:24Z,239,7,3,18,2,0,1,1,1,1783470246
2026-07-08T00:24:24Z,241,12,7,10,1,0,1,1,1,1783469836
2026-07-08T00:24:24Z,242,1,1,19,3,0,1,1,1,1783468361
2026-07-08T00:24:24Z,243,8,1,19,4,0,1,1,1,1783470242
2026-07-08T00:24:24Z,244,10,2,16,1,0,1,1,1,1783470198
2026-07-08T00:24:24Z,245,6,0,17,0,0,1,1,1,1783470178
2026-07-08T00:24:24Z,246,1,0,22,0,0,1,1,1,1783470126
2026-07-08T00:24:24Z,247,5,3,16,2,0,1,1,1,1783469939
2026-07-08T00:24:24Z,248,1,1,18,4,0,1,1,1,1783469823
2026-07-08T00:24:24Z,249,2,1,16,1,0,1,1,1,1783470191
2026-07-08T00:24:24Z,250,3,3,23,1,0,1,1,1,1783470060
2026-07-08T00:24:24Z,251,3,3,24,0,0,1,1,1,1783470107
2026-07-08T00:24:24Z,253,2,0,17,0,0,1,1,1,1783470258
2026-07-08T00:24:24Z,254,17,1,18,8,0,1,1,1,1783470246
2026-07-08T00:24:24Z,255,0,0,23,0,0,1,1,1,1783470035
2026-07-08T00:24:24Z,256,15,10,7,1,0,1,1,1,1783470089
2026-07-08T00:24:24Z,257,15,8,4,0,0,1,1,1,1783470220
2026-07-08T00:24:24Z,258,2,1,16,1,0,1,1,1,1783469959
2026-07-08T00:24:24Z,259,7,6,15,1,0,1,1,1,1783470240
2026-07-08T00:24:24Z,260,7,4,12,0,0,1,1,1,1783469864
2026-07-08T00:24:24Z,261,12,1,5,2,0,1,1,1,1783469887
2026-07-08T00:24:24Z,262,17,10,4,2,0,1,1,1,1783470141
2026-07-08T00:24:24Z,263,13,2,2,0,0,1,1,1,1783469918
2026-07-08T00:24:24Z,264,11,4,8,0,0,1,1,1,1783469901
2026-07-08T00:24:24Z,265,8,0,6,1,0,1,1,1,1783469561
2026-07-08T00:24:24Z,266,6,4,9,4,0,1,1,1,1783469785
2026-07-08T00:24:24Z,267,9,1,5,1,0,1,1,1,1783459155
2026-07-08T00:24:24Z,268,2,0,20,1,0,1,1,1,1783470231
2026-07-08T00:24:24Z,269,2,2,21,0,0,1,1,1,1783469544
2026-07-08T00:24:24Z,270,19,5,7,1,0,1,1,1,1783469845
2026-07-08T00:24:24Z,271,2,0,15,2,0,1,1,1,1783470141
2026-07-08T00:24:24Z,272,4,4,19,0,0,1,1,1,1783469842
2026-07-08T00:24:24Z,273,9,4,6,0,0,1,1,1,1783469758
2026-07-08T00:24:24Z,274,2,2,16,1,0,1,1,1,1783469597
2026-07-08T00:24:24Z,275,5,0,18,0,0,1,1,1,1783468678
2026-07-08T00:24:24Z,276,4,0,21,1,1,1,1,1,1783470245
2026-07-08T00:24:24Z,277,0,0,21,2,0,1,1,1,1783469524
2026-07-08T00:24:24Z,278,2,1,26,2,1,1,1,1,1783470042
2026-07-08T00:24:24Z,279,3,1,16,0,0,1,1,1,1783470181
2026-07-08T00:24:24Z,280,11,1,18,2,0,1,1,1,1783470196
2026-07-08T00:24:24Z,281,5,0,18,0,0,1,1,1,1783469857
2026-07-08T00:24:24Z,282,11,4,5,0,0,1,1,1,1783468338
2026-07-08T00:24:24Z,283,3,1,32,0,0,1,1,1,1783470219
2026-07-08T00:24:24Z,284,24,3,11,0,0,1,1,1,1783470170
2026-07-08T00:24:24Z,285,1,0,22,0,0,1,1,1,1783469926
2026-07-08T00:24:24Z,286,4,2,17,2,0,1,1,1,1783470239
2026-07-08T00:24:24Z,287,19,4,2,2,0,1,1,1,1783470057
2026-07-08T00:24:24Z,288,4,1,13,2,0,1,1,1,1783469800
2026-07-08T00:24:24Z,289,8,6,17,2,0,1,1,1,1783470073
2026-07-08T00:24:24Z,290,6,0,31,2,0,1,1,1,1783470249
2026-07-08T00:24:24Z,291,18,0,5,0,0,1,1,1,1783470181
2026-07-08T00:24:24Z,292,5,1,18,0,0,1,1,1,1783470209
2026-07-08T00:24:24Z,293,11,4,10,2,0,1,1,1,1783468697
2026-07-08T00:24:24Z,294,1,1,20,1,0,1,1,1,1783470216
2026-07-08T00:24:24Z,297,14,0,3,2,0,1,1,1,1783470257
2026-07-08T00:24:24Z,301,15,2,4,0,0,1,1,1,1783469904
2026-07-08T00:24:24Z,302,12,2,10,1,0,1,1,1,1783469819
2026-07-08T00:24:24Z,303,17,0,1,1,0,1,1,1,1783470255
2026-07-08T00:24:24Z,304,0,0,0,0,0,0,1,1,86400
2026-07-08T00:24:24Z,305,17,0,1,1,0,1,1,1,1783470238
2026-07-08T00:24:24Z,306,15,0,16,1,0,1,1,1,1783470254
2026-07-08T00:24:24Z,307,19,1,2,2,0,1,1,1,1783470256
2026-07-08T00:24:24Z,308,11,0,7,1,0,1,1,1,1783470065
2026-07-08T00:24:24Z,309,10,1,2,1,0,1,1,1,1783470217
2026-07-08T00:24:24Z,311,4,0,10,1,0,1,1,1,1783470169
2026-07-08T00:24:24Z,312,7,0,12,3,1,1,1,1,1783470154
2026-07-08T00:24:24Z,313,6,0,9,0,0,1,1,1,1783469469
2026-07-08T00:24:24Z,314,12,0,6,1,0,1,1,1,1783470224
2026-07-08T00:24:24Z,315,0,0,31,0,0,0,1,1,1783017696
2026-07-08T00:24:24Z,316,12,0,3,0,0,1,1,1,1783470180
2026-07-08T00:24:24Z,317,6,2,23,2,0,1,1,1,1783470216
2026-07-08T00:24:24Z,318,11,5,6,0,0,1,1,1,1783470008
2026-07-08T00:24:24Z,319,14,10,12,1,0,1,1,1,1783470255
2026-07-08T00:24:24Z,320,7,3,12,0,0,1,1,1,1783469705
2026-07-08T00:24:24Z,321,8,0,9,2,0,1,1,1,1783469099
2026-07-08T00:24:24Z,322,12,0,17,0,0,1,1,1,1783469626
2026-07-08T00:24:24Z,323,10,0,9,0,0,1,1,1,1783469787
2026-07-08T00:24:24Z,324,0,0,27,0,0,1,1,1,1783470237
2026-07-08T00:24:24Z,325,2,0,23,2,0,1,1,1,1783470233
2026-07-08T00:24:24Z,327,2,0,23,0,2,1,1,1,1783470172
2026-07-08T00:24:24Z,328,4,1,19,0,0,1,1,1,1783470011
2026-07-08T00:24:24Z,329,9,2,9,1,0,1,1,1,1783468107
2026-07-08T00:24:24Z,330,5,1,17,0,0,1,1,1,1783469657
2026-07-08T00:24:24Z,331,0,0,23,0,0,1,1,1,1783469773
2026-07-08T00:24:24Z,332,8,4,8,3,0,1,1,1,1783470145
2026-07-08T00:24:24Z,333,8,2,13,2,0,1,1,1,1783470083
2026-07-08T00:24:24Z,334,9,2,14,0,0,1,1,1,1783469823
2026-07-08T00:24:24Z,335,9,7,14,0,0,1,1,1,1783469334
2026-07-08T00:24:24Z,336,4,0,15,0,0,1,1,1,1783469233
2026-07-08T00:24:24Z,337,7,1,14,2,0,1,1,1,1783470188
2026-07-08T00:24:24Z,338,6,0,13,0,0,1,1,1,1783469944
2026-07-08T00:24:24Z,339,3,3,19,1,0,1,1,1,1783470114
2026-07-08T00:24:24Z,340,8,3,6,1,0,1,1,1,1783470057
2026-07-08T00:24:24Z,341,9,3,10,0,0,1,1,1,1783470196
2026-07-08T00:24:24Z,342,15,1,0,0,0,1,1,1,1783470216
2026-07-08T00:24:24Z,343,0,0,21,2,0,1,1,1,1783470053
2026-07-08T00:24:24Z,344,5,5,17,1,0,1,1,1,1783468838
2026-07-08T00:24:24Z,345,6,0,12,1,0,1,1,1,1783469633
2026-07-08T00:24:24Z,346,1,0,22,0,0,1,1,1,1783470256
2026-07-08T00:24:24Z,347,38,3,8,1,0,1,1,1,1783470252
2026-07-08T00:24:24Z,348,5,1,16,2,0,1,1,1,1783469216
2026-07-08T00:24:24Z,349,1,1,15,3,0,1,1,1,1783470125
2026-07-08T00:24:24Z,350,22,0,3,1,1,1,1,1,1783470031
2026-07-08T00:24:24Z,351,15,0,7,1,0,1,1,1,1783470142
2026-07-08T00:24:24Z,355,5,0,15,3,0,1,1,1,1783470246
2026-07-08T00:24:24Z,356,4,1,15,0,0,1,1,1,1783470253
2026-07-08T00:24:24Z,357,14,6,4,1,0,1,1,1,1783470221
2026-07-08T00:24:24Z,358,0,0,7,5,13,0,1,1,1782961435
2026-07-08T00:24:24Z,359,20,1,6,1,0,1,1,1,1783469867
2026-07-08T00:24:24Z,360,5,0,14,0,0,1,1,1,1783470253
2026-07-08T00:24:24Z,362,12,3,5,1,0,1,1,1,1783470159
2026-07-08T00:24:24Z,363,23,1,4,0,0,1,1,1,1783470148
2026-07-08T00:24:24Z,364,7,1,10,1,1,1,1,1,1783470257
2026-07-08T00:24:24Z,365,9,3,13,1,0,1,1,1,1783470127
2026-07-08T00:24:24Z,366,10,7,9,4,0,1,1,1,1783470188
2026-07-08T00:24:24Z,367,11,1,8,0,0,1,1,1,1783470241
2026-07-08T00:24:24Z,368,6,1,17,0,0,1,1,1,1783469879
2026-07-08T00:24:24Z,370,9,9,17,1,0,1,1,1,1783469452
2026-07-08T00:24:24Z,371,5,0,12,2,0,1,1,1,1783468273
2026-07-08T00:24:24Z,372,8,1,6,1,0,1,1,1,1783470092
2026-07-08T00:24:24Z,373,14,4,9,3,0,1,1,1,1783470094
2026-07-08T00:24:24Z,374,14,6,3,1,0,1,1,1,1783469689
2026-07-08T00:24:24Z,375,3,2,24,0,0,1,1,1,1783470160
2026-07-08T00:24:24Z,376,10,7,28,1,0,1,1,1,1783470255
2026-07-08T00:24:24Z,377,5,3,20,2,0,1,1,1,1783470093
2026-07-08T00:24:24Z,378,18,2,6,0,0,1,1,1,1783470100
2026-07-08T00:24:24Z,379,27,0,0,0,0,1,1,1,1783470086
2026-07-08T00:24:24Z,380,11,2,11,1,0,1,1,1,1783469012
2026-07-08T00:24:24Z,381,18,0,5,0,0,1,1,1,1783469700
2026-07-08T00:24:24Z,383,3,0,12,0,0,1,1,1,1783469812
2026-07-08T00:24:24Z,384,0,0,18,1,0,1,1,1,1783469300
2026-07-08T00:24:24Z,385,8,1,8,2,0,1,1,1,1783470249
2026-07-08T00:24:24Z,387,0,0,23,0,0,1,1,1,1783469044
2026-07-08T00:24:24Z,388,3,0,44,2,0,1,1,1,1783470235
2026-07-08T00:24:24Z,389,5,3,9,1,0,1,1,1,1783470230
2026-07-08T00:24:24Z,390,9,3,18,0,0,1,1,1,1783470052
2026-07-08T00:24:24Z,391,0,0,15,0,0,1,1,1,1783469418
2026-07-08T00:24:24Z,392,4,3,15,0,0,1,1,1,1783470223
2026-07-08T00:24:24Z,393,2,1,8,1,0,1,1,1,1783470244
2026-07-08T00:24:24Z,394,7,2,7,0,1,1,1,1,1783470040
2026-07-08T00:24:24Z,396,7,2,31,4,0,1,1,1,1783470091
2026-07-08T00:24:24Z,397,2,0,29,0,0,1,1,1,1783470196
2026-07-08T00:24:24Z,399,0,0,17,0,0,1,1,1,1783470020
2026-07-08T00:24:24Z,400,4,2,16,3,0,1,1,1,1783468541
2026-07-08T00:24:24Z,401,7,1,24,0,0,1,1,1,1783469883
2026-07-08T00:24:24Z,403,12,1,17,2,0,1,1,1,1783470062
2026-07-08T00:24:24Z,404,1,0,22,0,0,1,1,1,1783470105
2026-07-08T00:24:24Z,406,22,0,12,1,0,1,1,1,1783470242
2026-07-08T00:24:24Z,407,2,2,30,2,0,1,1,1,1783469944
2026-07-08T00:24:24Z,408,0,0,31,2,0,1,1,1,1783470101
2026-07-08T00:24:24Z,409,2,0,21,0,0,1,1,1,1783470230
2026-07-08T00:24:24Z,413,17,5,5,1,0,1,1,1,1783470173
2026-07-08T00:24:24Z,414,3,0,12,0,0,1,1,1,1783469537
2026-07-08T00:24:24Z,417,2,0,17,0,0,1,1,1,1783470114
2026-07-08T00:24:24Z,418,1,0,14,0,0,1,1,1,1783468792
2026-07-08T00:24:24Z,419,5,2,17,1,0,1,1,1,1783469268
2026-07-08T00:24:24Z,421,15,0,4,0,0,1,1,1,1783470153
2026-07-08T00:24:24Z,422,1,1,23,3,0,1,1,1,1783470138
2026-07-08T00:24:24Z,423,15,0,8,0,0,1,1,1,1783470231
2026-07-08T00:24:24Z,424,0,0,14,1,0,1,1,1,1783469785
2026-07-08T00:24:24Z,425,0,0,21,1,0,1,1,1,1783470162
2026-07-08T00:24:24Z,426,2,1,33,2,0,1,1,1,1783470252
2026-07-08T00:24:24Z,427,7,1,7,0,1,1,1,1,1783469749
2026-07-08T00:24:24Z,428,10,0,8,1,0,1,1,1,1783470088
2026-07-08T00:24:24Z,429,8,4,12,3,0,1,1,1,1783470149
2026-07-08T00:24:24Z,430,29,1,2,0,0,1,1,1,1783470022
2026-07-08T00:24:24Z,431,20,0,7,4,2,1,1,1,1783470097
2026-07-08T00:24:24Z,432,7,2,24,0,0,1,1,1,1783470027
2026-07-08T00:24:24Z,433,7,0,14,2,0,1,1,1,1783469076
2026-07-08T00:24:24Z,437,8,5,10,1,0,1,1,1,1783470194
2026-07-08T00:24:24Z,438,5,1,12,2,0,1,1,1,1783470130
2026-07-08T00:24:24Z,439,5,1,10,0,0,1,1,1,1783469240
2026-07-08T00:24:24Z,440,6,1,7,2,0,1,1,1,1783470205
2026-07-08T00:24:24Z,441,5,3,10,0,0,1,1,1,1783470065
2026-07-08T00:24:24Z,442,12,5,7,0,0,1,1,1,1783470061
2026-07-08T00:24:24Z,443,6,0,21,0,0,1,1,1,1783448962
2026-07-08T00:24:24Z,444,5,3,17,1,0,1,1,1,1783468032
2026-07-08T00:24:24Z,445,4,4,18,1,0,1,1,1,1783469804
2026-07-08T00:24:24Z,446,3,0,20,0,0,1,1,1,1783469635
2026-07-08T00:24:24Z,447,5,2,16,2,0,1,1,1,1783469993
2026-07-08T00:24:24Z,448,7,2,5,2,1,1,1,1,1783469404
2026-07-08T00:24:24Z,452,15,1,3,1,0,1,1,1,1783470165
2026-07-08T00:24:24Z,453,2,1,12,1,0,1,1,1,1783469735
2026-07-08T00:24:24Z,454,14,0,3,1,1,1,1,1,1783469863
2026-07-08T00:24:24Z,455,0,0,38,0,0,1,1,1,1783468143
2026-07-08T00:24:24Z,456,9,2,12,2,0,1,1,1,1783470254
2026-07-08T00:24:24Z,457,0,0,26,1,0,1,1,1,1783470033
2026-07-08T00:24:24Z,458,8,7,13,2,0,1,1,1,1783469992
2026-07-08T00:24:24Z,459,4,2,10,1,0,1,1,1,1783469069
2026-07-08T00:24:24Z,460,19,3,4,0,0,1,1,1,1783470121
2026-07-08T00:24:24Z,461,7,1,11,1,0,1,1,1,1783470230
2026-07-08T00:24:24Z,462,7,0,12,2,0,1,1,1,1783470245
2026-07-08T00:24:24Z,463,6,1,13,0,0,1,1,1,1783469863
2026-07-08T00:24:24Z,464,4,1,8,2,0,1,1,1,1783470112
2026-07-08T00:24:24Z,465,2,1,13,0,0,1,1,1,1783469856
2026-07-08T00:24:24Z,466,5,1,9,1,0,1,1,1,1783469768
2026-07-08T00:24:24Z,467,1,0,14,0,0,1,1,1,1783470198
2026-07-08T00:24:24Z,468,2,0,16,1,0,1,1,1,1783469322
2026-07-08T00:24:24Z,469,0,0,22,0,1,1,1,1,1783468996
2026-07-08T00:24:24Z,470,13,3,2,0,0,1,1,1,1783469443
2026-07-08T00:24:24Z,471,19,1,8,0,0,1,1,1,1783470254
2026-07-08T00:24:24Z,472,7,0,11,1,0,1,1,1,1783470075
2026-07-08T00:24:24Z,473,7,2,12,0,0,1,1,1,1783470131
2026-07-08T00:24:24Z,474,17,0,0,2,0,1,1,1,1783470227
2026-07-08T00:24:24Z,475,9,2,9,1,0,1,1,1,1783470143
2026-07-08T00:24:24Z,476,18,0,4,1,0,1,1,1,1783469497
2026-07-08T00:24:24Z,477,3,1,11,1,0,1,1,1,1783470169
2026-07-08T00:24:24Z,478,26,0,1,4,0,1,1,1,1783470185
2026-07-08T00:24:24Z,479,1,1,24,2,0,1,1,1,1783470024
2026-07-08T00:24:24Z,480,12,3,1,2,0,1,1,1,1783467913
2026-07-08T00:24:24Z,481,24,0,11,0,0,1,1,1,1783470164
2026-07-08T00:24:24Z,482,2,0,17,0,0,1,1,1,1783470082
2026-07-08T00:24:24Z,483,17,0,10,0,0,1,1,1,1783470165
2026-07-08T00:24:24Z,484,1,0,18,0,0,1,1,1,1783469731
2026-07-08T00:24:24Z,485,17,6,1,1,0,1,1,1,1783470195
2026-07-08T00:24:24Z,486,9,1,18,0,0,1,1,1,1783469362
2026-07-08T00:24:24Z,487,6,6,11,2,0,1,1,1,1783470230
2026-07-08T00:24:24Z,489,5,2,7,3,0,1,1,1,1783470258
2026-07-08T00:24:24Z,490,1,0,15,0,0,1,1,1,1783470241
2026-07-08T00:24:24Z,491,11,1,9,1,0,1,1,1,1783469977
2026-07-08T00:24:24Z,492,6,1,2,3,0,1,1,1,1783469274
2026-07-08T00:24:24Z,493,3,0,23,1,0,1,1,1,1783469539
2026-07-08T00:24:24Z,495,0,0,14,1,0,1,1,1,1783470124
2026-07-08T00:24:24Z,496,20,1,6,1,0,1,1,1,1783470043
2026-07-08T00:24:24Z,497,4,0,15,0,0,1,1,1,1783469837
2026-07-08T00:24:24Z,498,2,0,21,0,0,1,1,1,1783469709
2026-07-08T00:24:24Z,499,5,2,13,1,0,1,1,1,1783469288
2026-07-08T00:24:24Z,500,0,0,14,1,0,1,1,1,1783469717
2026-07-08T00:24:24Z,501,6,1,12,3,0,1,1,1,1783469924
2026-07-08T00:24:24Z,502,0,0,19,0,0,1,1,1,1783469680
2026-07-08T00:24:24Z,503,23,0,6,2,0,1,1,1,1783469836
2026-07-08T00:24:24Z,504,0,0,39,0,0,1,1,1,1783469078
2026-07-08T00:24:24Z,505,10,2,7,1,0,1,1,1,1783470246
2026-07-08T00:24:24Z,511,1,1,22,0,0,1,1,1,1783469947
2026-07-08T00:24:24Z,512,12,3,7,0,0,1,1,1,1783469957
2026-07-08T00:24:24Z,514,6,1,3,2,0,1,1,1,1783470070
2026-07-08T00:24:24Z,515,8,2,11,0,0,1,1,1,1783468764
2026-07-08T00:24:24Z,516,0,0,27,0,0,1,1,1,1783469752
2026-07-08T00:24:24Z,517,8,0,13,2,0,1,1,1,1783469917
2026-07-08T00:24:24Z,518,15,1,0,0,0,1,1,1,1783463692
2026-07-08T00:24:24Z,519,8,1,10,1,0,1,1,1,1783470218
2026-07-08T00:24:24Z,520,15,3,10,1,1,1,1,1,1783470186
2026-07-08T00:24:24Z,521,8,6,15,0,0,1,1,1,1783469162
2026-07-08T00:24:24Z,522,17,1,5,1,0,1,1,1,1783469979
2026-07-08T00:24:24Z,523,1,0,21,1,0,1,1,1,1783468065
2026-07-08T00:24:24Z,524,13,0,10,0,0,1,1,1,1783470219
2026-07-08T00:24:24Z,525,9,0,10,0,0,1,1,1,1783470243
2026-07-08T00:24:24Z,526,5,0,8,2,0,1,1,1,1783469455
2026-07-08T00:24:24Z,527,3,3,22,1,0,1,1,1,1783469287
2026-07-08T00:24:24Z,528,6,0,16,1,0,1,1,1,1783470000
2026-07-08T00:24:24Z,529,5,4,8,6,0,1,1,1,1783470185
2026-07-08T00:24:24Z,530,14,0,6,1,0,1,1,1,1783470089
2026-07-08T00:24:24Z,531,8,1,13,1,1,1,1,1,1783470002
2026-07-08T00:24:24Z,532,2,2,28,1,0,1,1,1,1783470240
2026-07-08T00:24:24Z,533,8,0,9,2,0,1,1,1,1783469720
2026-07-08T00:24:24Z,534,1,1,20,2,0,1,1,1,1783469888
2026-07-08T00:24:24Z,535,3,1,11,1,0,1,1,1,1783469830
2026-07-08T00:24:24Z,536,8,0,14,1,0,1,1,1,1783470158
2026-07-08T00:24:24Z,537,6,1,15,0,0,1,1,1,1783470237
2026-07-08T00:24:24Z,538,11,4,8,0,0,1,1,1,1783469118
2026-07-08T00:24:24Z,539,8,7,21,2,0,1,1,1,1783470253
2026-07-08T00:24:24Z,540,0,0,19,0,0,1,1,1,1783468180
2026-07-08T00:24:24Z,541,12,1,15,0,0,1,1,1,1783470103
2026-07-08T00:24:24Z,542,1,1,22,0,0,1,1,1,1783470016
2026-07-08T00:24:24Z,543,10,0,7,2,0,1,1,1,1783469876
2026-07-08T00:24:24Z,544,17,1,4,1,0,1,1,1,1783469500
2026-07-08T00:24:24Z,545,9,1,5,5,0,1,1,1,1783470174
2026-07-08T00:24:24Z,546,2,2,16,1,0,1,1,1,1783469421
2026-07-08T00:24:24Z,547,2,1,20,2,0,1,1,1,1783470086
2026-07-08T00:24:24Z,548,13,2,8,2,0,1,1,1,1783470154
2026-07-08T00:24:24Z,549,5,0,16,0,0,1,1,1,1783470185
2026-07-08T00:24:24Z,550,0,0,19,0,0,1,1,1,1783469892
2026-07-08T00:24:24Z,551,20,5,3,0,0,1,1,1,1783469747
2026-07-08T00:24:24Z,552,25,3,2,0,0,1,1,1,1783469717
2026-07-08T00:24:24Z,553,1,0,20,2,0,1,1,1,1783470134
2026-07-08T00:24:24Z,554,0,0,19,0,0,1,1,1,1783468615
2026-07-08T00:24:24Z,555,9,2,3,3,0,1,1,1,1783469780
2026-07-08T00:24:24Z,556,3,0,19,1,0,1,1,1,1783469471
2026-07-08T00:24:24Z,557,3,0,18,2,0,1,1,1,1783470210
2026-07-08T00:24:24Z,558,18,2,18,1,0,1,1,1,1783470197
2026-07-08T00:24:24Z,559,0,0,18,1,0,1,1,1,1783464953
2026-07-08T00:24:24Z,560,14,0,12,1,0,1,1,1,1783470206
2026-07-08T00:24:24Z,561,13,1,9,1,0,1,1,1,1783470242
2026-07-08T00:24:24Z,562,21,2,12,2,0,1,1,1,1783470214
2026-07-08T00:24:24Z,563,13,0,1,0,0,1,1,1,1783468245
2026-07-08T00:24:24Z,564,14,1,5,0,0,1,1,1,1783470196
2026-07-08T00:24:24Z,565,0,0,19,0,0,1,1,1,1783469902
2026-07-08T00:24:24Z,566,18,0,1,0,0,1,1,1,1783470141
2026-07-08T00:24:24Z,567,18,1,8,1,0,1,1,1,1783470187
2026-07-08T00:24:24Z,568,13,0,5,1,0,1,1,1,1783469892
2026-07-08T00:24:24Z,569,9,2,10,0,0,1,1,1,1783468854
2026-07-08T00:24:24Z,570,11,0,8,0,0,1,1,1,1783470210
2026-07-08T00:24:24Z,571,14,1,9,0,0,1,1,1,1783470027
2026-07-08T00:24:24Z,572,6,0,13,0,0,1,1,1,1783470243
2026-07-08T00:24:24Z,573,4,1,10,1,0,1,1,1,1783469227
2026-07-08T00:24:24Z,574,2,1,13,0,0,1,1,1,1783469984
2026-07-08T00:24:24Z,575,1,0,20,0,0,1,1,1,1783470054
2026-07-08T00:24:24Z,576,1,0,18,0,0,1,1,1,1783470232
2026-07-08T00:24:24Z,577,10,0,21,0,0,1,1,1,1783469127
2026-07-08T00:24:24Z,578,5,1,18,0,0,1,1,1,1783470235
2026-07-08T00:24:24Z,579,42,1,1,0,0,1,1,1,1783469751
2026-07-08T00:24:24Z,580,0,0,30,1,0,1,1,1,1783470189
2026-07-08T00:24:24Z,581,4,0,13,2,0,1,1,1,1783470013
2026-07-08T00:24:24Z,582,3,0,56,1,0,1,1,1,1783469862
2026-07-08T00:24:24Z,583,21,0,0,2,0,1,1,1,1783470240
2026-07-08T00:24:24Z,584,2,1,12,5,0,1,1,1,1783470102
2026-07-08T00:24:24Z,585,14,0,12,0,0,1,1,1,1783470187
2026-07-08T00:24:24Z,586,0,0,34,1,0,1,1,1,1783469690
2026-07-08T00:24:24Z,587,4,0,19,2,0,1,1,1,1783469625
2026-07-08T00:24:24Z,588,1,0,18,0,0,1,1,1,1783467544
2026-07-08T00:24:24Z,589,21,10,1,1,0,1,1,1,1783470181
2026-07-08T00:24:24Z,590,2,0,29,0,0,1,1,1,1783468582
2026-07-08T00:24:24Z,591,1,0,19,2,0,1,1,1,1783469520
2026-07-08T00:24:24Z,592,3,0,20,0,0,1,1,1,1783470080
2026-07-08T00:24:24Z,593,3,0,36,0,0,1,1,1,1783469966
2026-07-08T00:24:24Z,594,0,0,20,1,0,1,1,1,1783469950
2026-07-08T00:24:24Z,595,0,0,3,0,0,0,1,1,1779985765
2026-07-08T00:24:24Z,605,0,0,3,0,0,0,1,1,1780413752
2026-07-08T00:24:24Z,606,0,0,0,0,0,0,1,1,86400
2026-07-08T00:24:24Z,607,4,0,27,2,0,1,1,1,1783470233
2026-07-08T00:24:24Z,608,1,0,50,1,0,1,1,1,1783470255
2026-07-08T00:24:24Z,609,3,1,20,0,0,1,1,1,1783470098
2026-07-08T00:24:24Z,610,1,0,34,0,0,1,1,1,1783469921
2026-07-08T00:24:24Z,611,0,0,25,2,0,1,1,1,1783469719
2026-07-08T00:24:24Z,612,1,0,14,0,0,1,1,1,1783469410
2026-07-08T00:24:24Z,613,12,3,2,1,0,1,1,1,1783466858
2026-07-08T00:24:24Z,614,0,0,25,1,1,1,1,1,1783469942
2026-07-08T00:24:24Z,617,12,0,2,1,0,1,1,1,1783470053
2026-07-08T00:24:24Z,618,16,4,1,2,0,1,1,1,1783469781
2026-07-08T00:24:24Z,619,18,6,1,0,0,1,1,1,1783470151
2026-07-08T00:24:24Z,620,0,0,22,1,0,1,1,1,1783468551
2026-07-08T00:24:24Z,621,5,1,18,0,0,1,1,1,1783470117
2026-07-08T00:24:24Z,622,6,3,16,1,0,1,1,1,1783470184
2026-07-08T00:24:24Z,623,5,0,22,2,1,1,1,1,1783469959
2026-07-08T00:24:24Z,624,4,0,10,0,1,1,1,1,1783469943
2026-07-08T00:24:24Z,625,5,1,13,3,0,1,1,1,1783470185
2026-07-08T00:24:24Z,626,0,0,44,0,2,1,1,1,1783470114
2026-07-08T00:24:24Z,627,4,1,13,0,0,1,1,1,1783469949
2026-07-08T00:24:24Z,628,1,0,16,1,1,1,1,1,1783469574
2026-07-08T00:24:24Z,629,8,6,2,1,0,1,1,1,1783469341
2026-07-08T00:24:24Z,630,23,0,1,3,0,1,1,1,1783470146
2026-07-08T00:24:24Z,631,1,0,22,0,0,1,1,1,1783470059
2026-07-08T00:24:24Z,632,20,0,1,2,0,1,1,1,1783470249
2026-07-08T00:24:24Z,633,12,0,0,2,1,1,1,1,1783468072
2026-07-08T00:24:24Z,634,15,0,3,1,0,1,1,1,1783470106
2026-07-08T00:24:24Z,635,17,1,1,1,0,1,1,1,1783470245
2026-07-08T00:24:24Z,636,6,0,9,0,0,1,1,1,1783470196
2026-07-08T00:24:24Z,637,13,6,6,0,0,1,1,1,1783469710
2026-07-08T00:24:24Z,638,5,1,12,2,0,1,1,1,1783468810
2026-07-08T00:24:24Z,639,0,0,0,3,16,0,1,1,1782287204
2026-07-08T00:24:24Z,640,0,0,22,1,0,1,1,1,1783467951
2026-07-08T00:24:24Z,641,14,1,12,1,0,1,1,1,1783470225
2026-07-08T00:24:24Z,642,4,1,13,2,0,1,1,1,1783469946
2026-07-08T00:24:24Z,643,0,0,27,0,0,1,1,1,1783468938
2026-07-08T00:24:24Z,644,4,0,4,6,1,1,1,1,1783470110
2026-07-08T00:24:24Z,645,6,0,15,1,1,1,1,1,1783469431
2026-07-08T00:24:24Z,646,11,1,5,3,0,1,1,1,1783466258
2026-07-08T00:24:24Z,647,24,3,6,1,0,1,1,1,1783469881
2026-07-08T00:24:24Z,648,14,2,2,3,0,1,1,1,1783468428
2026-07-08T00:24:24Z,649,1,1,29,1,0,1,1,1,1783469605
2026-07-08T00:24:24Z,650,5,2,10,1,0,1,1,1,1783469943
2026-07-08T00:24:24Z,651,2,0,20,1,0,1,1,1,1783469851
2026-07-08T00:24:24Z,652,0,0,20,3,0,1,1,1,1783469987
2026-07-08T00:24:24Z,653,8,1,7,4,0,1,1,1,1783470227
2026-07-08T00:24:24Z,654,3,1,11,1,0,1,1,1,1783470232
2026-07-08T00:24:24Z,655,7,1,7,0,0,1,1,1,1783467692
2026-07-08T00:24:24Z,656,18,1,1,0,0,1,1,1,1783470230
2026-07-08T00:24:24Z,657,10,3,6,1,0,1,1,1,1783468142
2026-07-08T00:24:24Z,658,1,0,22,0,0,1,1,1,1783470048
2026-07-08T00:24:24Z,659,2,1,13,0,0,1,1,1,1783468742
2026-07-08T00:24:24Z,660,22,0,8,1,0,1,1,1,1783470166
2026-07-08T00:24:24Z,661,3,0,12,4,0,1,1,1,1783470257
2026-07-08T00:24:24Z,662,4,0,18,1,0,1,1,1,1783465821
2026-07-08T00:24:24Z,663,11,1,3,0,0,1,1,1,1783469779
2026-07-08T00:24:24Z,664,18,0,9,0,0,1,1,1,1783468774
2026-07-08T00:24:24Z,665,3,1,12,0,0,1,1,1,1783470106
2026-07-08T00:24:24Z,666,6,1,9,0,0,1,1,1,1783470228
2026-07-08T00:24:24Z,667,8,0,7,2,0,1,1,1,1783470151
2026-07-08T00:24:24Z,668,11,2,7,1,0,1,1,1,1783470151
2026-07-08T00:24:24Z,669,12,3,2,0,0,1,1,1,1783470121
2026-07-08T00:24:24Z,670,15,1,8,4,0,1,1,1,1783470253
2026-07-08T00:24:24Z,671,26,0,1,0,0,1,1,1,1783470232
2026-07-08T00:24:24Z,672,14,0,4,5,0,1,1,1,1783469893
2026-07-08T00:24:24Z,673,6,0,16,0,0,1,1,1,1783470077
2026-07-08T00:24:24Z,674,1,1,21,1,0,1,1,1,1783470144
2026-07-08T00:24:24Z,675,4,2,9,2,0,1,1,1,1783470084
2026-07-08T00:24:24Z,676,13,1,8,1,1,1,1,1,1783470103
2026-07-08T00:24:24Z,681,3,1,7,5,0,1,1,1,1783470223
2026-07-08T00:24:24Z,682,9,5,9,1,0,1,1,1,1783446478
2026-07-08T00:24:24Z,683,11,1,8,0,0,1,1,1,1783468133
2026-07-08T00:24:24Z,684,9,3,16,2,0,1,1,1,1783466614
2026-07-08T00:24:24Z,685,3,2,23,0,1,1,1,1,1783467432
2026-07-08T00:24:24Z,686,12,2,13,1,1,1,1,1,1783470003
2026-07-08T00:24:24Z,687,5,1,22,3,1,1,1,1,1783470171
2026-07-08T00:24:24Z,688,17,2,1,1,0,1,1,1,1783465995
2026-07-08T00:24:24Z,692,15,14,5,1,0,1,1,1,1783470246
2026-07-08T00:24:24Z,693,9,4,2,0,0,1,1,1,1783470048
2026-07-08T00:24:24Z,694,7,7,11,3,0,1,1,1,1783470227
2026-07-08T00:24:24Z,695,8,4,14,1,0,1,1,1,1783470223
2026-07-08T00:24:24Z,696,21,17,2,0,0,1,1,1,1783470126
2026-07-08T00:24:24Z,697,14,0,9,0,0,1,1,1,1783470142
2026-07-08T00:24:24Z,698,15,1,11,1,0,1,1,1,1783470187
2026-07-08T00:24:24Z,699,2,1,11,2,0,1,1,1,1783470181
2026-07-08T00:24:24Z,700,12,1,7,0,0,1,1,1,1783470255
2026-07-08T00:24:24Z,701,1,0,18,0,0,1,1,1,1783470244
2026-07-08T00:24:24Z,702,1,1,21,1,0,1,1,1,1783470257
2026-07-08T00:24:24Z,703,11,2,12,0,0,1,1,1,1783460353
2026-07-08T00:24:24Z,704,7,0,8,0,0,1,1,1,1783468873
2026-07-08T00:24:24Z,705,1,1,10,4,0,1,1,1,1783470168
2026-07-08T00:24:24Z,706,4,2,10,1,0,1,1,1,1783470238
2026-07-08T00:24:24Z,707,8,1,5,2,0,1,1,1,1783470244
2026-07-08T00:24:24Z,708,19,0,0,0,0,1,1,1,1783470241
2026-07-08T00:24:24Z,709,12,3,2,1,0,1,1,1,1783469883
2026-07-08T00:24:24Z,710,6,2,13,0,0,1,1,1,1783470001
2026-07-08T00:24:24Z,711,7,4,6,6,0,1,1,1,1783470258
2026-07-08T00:24:24Z,712,13,4,1,1,0,1,1,1,1783470243
2026-07-08T00:24:24Z,713,20,9,1,2,0,1,1,1,1783470251
2026-07-08T00:24:24Z,716,3,0,12,0,0,1,1,1,1783470231
2026-07-08T00:24:24Z,717,1,1,17,7,0,1,1,1,1783468542
2026-07-08T00:24:24Z,718,0,0,15,0,0,1,1,1,1783470095
2026-07-08T00:24:24Z,719,17,1,12,0,0,1,1,1,1783468516
2026-07-08T00:24:24Z,720,0,0,17,2,0,1,1,1,1783470171
2026-07-08T00:24:24Z,721,6,0,16,1,0,1,1,1,1783470193
2026-07-08T00:24:24Z,722,15,1,0,0,0,1,1,1,1783470249
2026-07-08T00:24:24Z,723,2,2,16,5,0,1,1,1,1783468531
2026-07-08T00:24:24Z,724,6,2,17,0,0,1,1,1,1783468915
2026-07-08T00:24:24Z,725,23,0,0,0,0,1,1,1,1783469785
2026-07-08T00:24:24Z,726,9,1,8,2,0,1,1,1,1783469476
2026-07-08T00:24:24Z,727,10,0,12,1,0,1,1,1,1783468498
2026-07-08T00:24:24Z,728,5,0,6,4,0,1,1,1,1783470158
2026-07-08T00:24:24Z,729,4,0,14,1,0,1,1,1,1783470035
2026-07-08T00:24:24Z,730,7,0,8,0,0,1,1,1,1783470139
2026-07-08T00:24:24Z,731,1,1,14,0,0,1,1,1,1783470227
2026-07-08T00:24:24Z,732,6,0,9,0,0,1,1,1,1783470172
2026-07-08T00:24:24Z,733,22,2,4,1,0,1,1,1,1783470256
2026-07-08T00:24:24Z,734,7,1,7,0,0,1,1,1,1783470085
2026-07-08T00:24:24Z,735,2,0,25,0,0,1,1,1,1783470042
2026-07-08T00:24:24Z,736,7,5,12,0,0,1,1,1,1783470216
2026-07-08T00:24:24Z,737,3,2,11,1,0,1,1,1,1783470180
2026-07-08T00:24:24Z,738,9,0,9,1,0,1,1,1,1783470186
2026-07-08T00:24:24Z,739,8,3,15,4,0,1,1,1,1783468625
2026-07-08T00:24:24Z,741,10,2,11,2,0,1,1,1,1783469903
2026-07-08T00:24:24Z,742,12,5,24,3,0,1,1,1,1783470144
2026-07-08T00:24:24Z,743,8,4,11,0,0,1,1,1,1783468447
2026-07-08T00:24:24Z,744,2,1,12,1,0,1,1,1,1783470246
2026-07-08T00:24:24Z,745,11,4,6,2,0,1,1,1,1783470247
2026-07-08T00:24:24Z,746,9,1,13,1,0,1,1,1,1783469544
2026-07-08T00:24:24Z,747,0,0,19,0,0,0,1,1,1783446606
2026-07-08T00:24:24Z,748,13,3,9,1,0,1,1,1,1783468560
2026-07-08T00:24:24Z,749,9,0,14,0,0,1,1,1,1783469987
2026-07-08T00:24:24Z,750,0,0,8,3,0,1,1,1,1783470121
2026-07-08T00:24:24Z,751,1,1,22,0,0,1,1,1,1783470228
2026-07-08T00:24:24Z,752,5,1,10,2,0,1,1,1,1783470234
2026-07-08T00:24:24Z,753,5,1,8,2,0,1,1,1,1783470134
2026-07-08T00:24:24Z,754,4,3,10,1,0,1,1,1,1783470090
2026-07-08T00:24:24Z,755,4,1,13,2,0,1,1,1,1783470210
2026-07-08T00:24:24Z,756,0,0,36,1,0,1,1,1,1783469986
2026-07-08T00:24:24Z,757,3,2,16,0,0,1,1,1,1783470237
2026-07-08T00:24:24Z,758,5,2,18,0,0,1,1,1,1783469672
2026-07-08T00:24:24Z,759,1,0,13,1,0,1,1,1,1783470208
2026-07-08T00:24:24Z,760,6,1,12,1,0,1,1,1,1783470225
2026-07-08T00:24:24Z,761,4,0,19,0,0,1,1,1,1783469925
2026-07-08T00:24:24Z,762,5,4,7,3,0,1,1,1,1783468521
2026-07-08T00:24:24Z,768,8,1,7,4,0,1,1,1,1783470200
2026-07-08T00:24:24Z,769,17,7,0,1,0,1,1,1,1783470217
2026-07-08T00:24:24Z,770,4,0,15,0,0,1,1,1,1783470078
2026-07-08T00:24:24Z,771,10,0,5,0,0,1,1,1,1783470125
2026-07-08T00:24:24Z,772,8,3,7,0,0,1,1,1,1783470140
2026-07-08T00:24:24Z,773,13,4,5,1,0,1,1,1,1783469866
2026-07-08T00:24:24Z,774,0,0,13,2,0,1,1,1,1783470254
2026-07-08T00:24:24Z,775,10,3,6,3,0,1,1,1,1783469518
2026-07-08T00:24:24Z,776,5,0,15,1,0,1,1,1,1783468517
2026-07-08T00:24:24Z,777,9,2,6,0,0,1,1,1,1783469995
2026-07-08T00:24:24Z,778,12,0,5,2,0,1,1,1,1783470248
2026-07-08T00:24:24Z,779,11,3,7,1,0,1,1,1,1783469151
2026-07-08T00:24:24Z,780,2,1,15,2,0,1,1,1,1783470114
2026-07-08T00:24:24Z,781,2,0,5,4,0,1,1,1,1783470039
2026-07-08T00:24:24Z,782,1,0,16,2,0,1,1,1,1783470254
2026-07-08T00:24:24Z,783,8,4,9,2,0,1,1,1,1783470206
2026-07-08T00:24:24Z,784,16,1,2,1,0,1,1,1,1783469743
2026-07-08T00:24:24Z,785,10,6,4,4,0,1,1,1,1783470245
2026-07-08T00:24:24Z,786,5,1,12,2,0,1,1,1,1783468663
2026-07-08T00:24:24Z,787,4,1,10,1,0,1,1,1,1783470122
2026-07-08T00:24:24Z,788,6,0,9,0,0,1,1,1,1783470160
2026-07-08T00:24:24Z,789,10,0,2,3,0,1,1,1,1783470107
2026-07-08T00:24:24Z,790,0,0,22,1,0,1,1,1,1783468500
2026-07-08T00:24:24Z,791,7,0,12,0,0,1,1,1,1783470221
2026-07-08T00:24:24Z,793,9,2,3,3,0,1,1,1,1783469495
2026-07-08T00:24:24Z,794,0,0,29,0,0,1,1,1,1783469902
2026-07-08T00:24:24Z,796,1,0,15,3,0,1,1,1,1783470256
2026-07-08T00:24:24Z,797,3,0,11,1,0,1,1,1,1783470214
2026-07-08T00:24:24Z,798,0,0,24,1,0,1,1,1,1783470147
2026-07-08T00:24:24Z,799,0,0,18,1,0,1,1,1,1783470220
2026-07-08T00:24:24Z,800,10,0,11,0,0,1,1,1,1783470254
2026-07-08T00:24:24Z,801,0,0,21,0,0,1,1,1,1783469369
2026-07-08T00:24:24Z,802,2,0,28,1,0,1,1,1,1783469751
2026-07-08T00:24:24Z,803,2,2,13,0,0,1,1,1,1783470187
2026-07-08T00:24:24Z,806,7,3,4,4,0,1,1,1,1783470100
2026-07-08T00:24:24Z,807,1,1,24,0,0,1,1,1,1783470028
2026-07-08T00:24:24Z,808,1,1,22,2,0,1,1,1,1783469208
2026-07-08T00:24:24Z,809,4,1,18,1,0,1,1,1,1783468529
2026-07-08T00:24:24Z,810,3,2,13,3,0,1,1,1,1783470225
2026-07-08T00:24:24Z,815,9,2,5,1,0,1,1,1,1783469702
2026-07-08T00:24:24Z,817,4,0,2,9,0,1,1,1,1783470169
2026-07-08T00:24:24Z,818,5,1,17,1,0,1,1,1,1783469396
2026-07-08T00:24:24Z,819,2,1,10,3,0,1,1,1,1783470147
2026-07-08T00:24:24Z,820,7,0,9,1,0,1,1,1,1783470142
2026-07-08T00:24:24Z,821,10,6,3,2,0,1,1,1,1783470194
2026-07-08T00:24:24Z,822,0,0,23,0,0,1,1,1,1783469860
2026-07-08T00:24:24Z,823,14,2,0,1,0,1,1,1,1783470165
2026-07-08T00:24:24Z,824,10,3,1,8,0,1,1,1,1783470239
2026-07-08T00:24:24Z,825,7,1,8,0,0,1,1,1,1783470139
2026-07-08T00:24:24Z,826,7,0,11,1,0,1,1,1,1783470148
2026-07-08T00:24:24Z,827,4,0,15,2,0,1,1,1,1783469687
2026-07-08T00:24:24Z,828,4,3,13,1,0,1,1,1,1783470105
2026-07-08T00:24:24Z,829,7,2,18,2,0,1,1,1,1783469225
2026-07-08T00:24:24Z,830,11,0,11,1,0,1,1,1,1783469979
2026-07-08T00:24:24Z,831,2,1,13,0,0,1,1,1,1783470079
2026-07-08T00:24:24Z,832,15,3,1,2,0,1,1,1,1783470211
2026-07-08T00:24:24Z,833,6,3,11,2,0,1,1,1,1783470171
2026-07-08T00:24:24Z,834,18,0,3,3,0,1,1,1,1783470257
2026-07-08T00:24:24Z,835,10,0,8,0,0,1,1,1,1783470227
2026-07-08T00:24:24Z,837,7,1,1,7,0,1,1,1,1783470102
2026-07-08T00:24:24Z,838,3,0,10,2,0,1,1,1,1783470143
2026-07-08T00:24:24Z,839,8,0,21,0,0,1,1,1,1783469884
2026-07-08T00:24:24Z,840,6,4,22,1,0,1,1,1,1783469750
2026-07-08T00:24:24Z,841,8,4,7,0,0,1,1,1,1783469956
2026-07-08T00:24:24Z,842,3,2,19,0,0,1,1,1,1783468498
2026-07-08T00:24:24Z,843,6,0,23,2,0,1,1,1,1783469481
2026-07-08T00:24:24Z,844,11,1,11,1,0,1,1,1,1783468981
2026-07-08T00:24:24Z,845,3,0,15,1,0,1,1,1,1783470214
2026-07-08T00:24:24Z,846,1,0,15,2,0,1,1,1,1783470227
2026-07-08T00:24:24Z,847,1,0,26,0,0,1,1,1,1783469311
2026-07-08T00:24:24Z,848,3,1,16,0,0,1,1,1,1783470224
2026-07-08T00:24:24Z,849,1,1,10,3,0,1,1,1,1783469650
2026-07-08T00:24:24Z,850,7,1,2,2,0,1,1,1,1783470071
2026-07-08T00:24:24Z,851,3,2,33,1,0,1,1,1,1783469292
2026-07-08T00:24:24Z,852,5,0,14,0,0,1,1,1,1783469822
2026-07-08T00:24:24Z,853,12,2,10,1,0,1,1,1,1783468521
2026-07-08T00:24:24Z,854,3,1,12,0,0,1,1,1,1783470233
2026-07-08T00:24:24Z,855,10,1,16,1,0,1,1,1,1783470215
2026-07-08T00:24:24Z,857,4,4,13,2,0,1,1,1,1783470240
2026-07-08T00:24:24Z,858,1,0,16,2,0,1,1,1,1783470215
2026-07-08T00:24:24Z,859,4,0,14,3,0,1,1,1,1783470232
2026-07-08T00:24:24Z,861,1,0,9,1,0,1,1,1,1783470077
2026-07-08T00:24:24Z,862,3,1,12,0,0,1,1,1,1783470103
2026-07-08T00:24:24Z,863,9,3,9,1,0,1,1,1,1783469513
2026-07-08T00:24:24Z,866,7,0,12,0,0,1,1,1,1783470232
2026-07-08T00:24:24Z,867,13,0,1,1,0,1,1,1,1783470080
2026-07-08T00:24:24Z,868,15,4,0,0,0,1,1,1,1783470141
2026-07-08T00:24:24Z,870,11,3,4,0,0,1,1,1,1783470144
2026-07-08T00:24:24Z,871,1,0,9,1,0,1,1,1,1783470079
2026-07-08T00:24:24Z,872,9,2,4,2,0,1,1,1,1783470169
2026-07-08T00:24:24Z,873,1,1,30,2,0,1,1,1,1783468652
2026-07-08T00:24:24Z,874,5,0,9,1,0,1,1,1,1783470084
2026-07-08T00:24:24Z,875,8,3,7,0,0,1,1,1,1783470231
2026-07-08T00:24:24Z,877,5,4,12,2,0,1,1,1,1783470244
2026-07-08T00:24:24Z,878,8,0,11,0,0,1,1,1,1783470255
2026-07-08T00:24:24Z,879,5,1,12,2,0,1,1,1,1783470250
2026-07-08T00:24:24Z,880,12,2,11,0,0,1,1,1,1783469732
2026-07-08T00:24:24Z,881,3,0,12,4,0,1,1,1,1783470071
2026-07-08T00:24:24Z,882,12,4,6,1,0,1,1,1,1783470219
2026-07-08T00:24:24Z,883,11,5,8,0,0,1,1,1,1783470181
2026-07-08T00:24:24Z,884,6,5,14,1,0,1,1,1,1783468488
2026-07-08T00:24:24Z,885,19,1,0,0,0,1,1,1,1783470177
2026-07-08T00:24:24Z,886,4,4,22,3,0,1,1,1,1783470068
2026-07-08T00:24:24Z,887,1,0,15,1,0,1,1,1,1783470124
2026-07-08T00:24:24Z,888,4,0,37,0,0,1,1,1,1783470194
2026-07-08T00:24:24Z,889,18,0,0,1,0,1,1,1,1783470171
2026-07-08T00:24:24Z,890,1,1,14,0,0,1,1,1,1783470188
2026-07-08T00:24:24Z,891,11,1,9,3,0,1,1,1,1783470069
2026-07-08T00:24:24Z,892,14,2,0,1,0,1,1,1,1783470200
2026-07-08T00:24:24Z,895,10,1,9,0,0,1,1,1,1783470168
2026-07-08T00:24:24Z,896,19,0,16,0,0,1,1,1,1783468703
2026-07-08T00:24:24Z,897,10,1,10,1,0,1,1,1,1783468473
2026-07-08T00:24:24Z,898,14,0,5,0,0,1,1,1,1783470209
2026-07-08T00:24:24Z,899,18,0,1,0,0,1,1,1,1783470208
2026-07-08T00:24:24Z,900,24,1,3,0,0,1,1,1,1783470059
2026-07-08T00:24:24Z,901,13,0,6,0,0,1,1,1,1783470022
2026-07-08T00:24:24Z,902,4,1,9,2,0,1,1,1,1783470140
2026-07-08T00:24:24Z,903,3,0,16,0,0,1,1,1,1783470201
2026-07-08T00:24:24Z,904,9,0,7,3,0,1,1,1,1783470223
2026-07-08T00:24:24Z,905,3,0,23,1,0,1,1,1,1783469201
2026-07-08T00:24:24Z,906,8,8,18,1,0,1,1,1,1783470199
2026-07-08T00:24:24Z,907,5,0,25,1,0,1,1,1,1783470077
2026-07-08T00:24:24Z,908,7,3,15,1,0,1,1,1,1783468470
2026-07-08T00:24:24Z,909,17,0,6,0,0,1,1,1,1783470181
2026-07-08T00:24:24Z,910,24,1,6,1,0,1,1,1,1783470237
2026-07-08T00:24:24Z,911,12,0,5,2,0,1,1,1,1783470214
2026-07-08T00:24:24Z,912,16,2,5,2,0,1,1,1,1783470205
2026-07-08T00:24:24Z,913,8,3,11,0,0,1,1,1,1783470186
2026-07-08T00:24:24Z,914,2,0,15,2,0,1,1,1,1783470258
2026-07-08T00:24:24Z,915,18,2,4,1,0,1,1,1,1783469870
2026-07-08T00:24:24Z,916,21,1,2,0,0,1,1,1,1783469340
2026-07-08T00:24:24Z,917,5,0,30,0,0,1,1,1,1783470115
2026-07-08T00:24:24Z,918,5,0,14,0,0,1,1,1,1783470212
2026-07-08T00:24:24Z,919,6,1,32,1,0,1,1,1,1783470184
2026-07-08T00:24:24Z,920,9,4,9,1,0,1,1,1,1783470199
2026-07-08T00:24:24Z,921,17,0,2,2,0,1,1,1,1783470258
2026-07-08T00:24:24Z,922,10,0,11,0,0,1,1,1,1783469086
2026-07-08T00:24:24Z,923,2,0,16,1,0,1,1,1,1783470208
2026-07-08T00:24:24Z,924,6,1,14,1,0,1,1,1,1783470251
2026-07-08T00:24:24Z,925,4,0,15,2,0,1,1,1,1783470026
2026-07-08T00:24:24Z,926,3,0,17,1,0,1,1,1,1783469952
2026-07-08T00:24:24Z,927,0,0,34,0,0,1,1,1,1783468638
2026-07-08T00:24:24Z,928,7,0,12,0,0,1,1,1,1783470014
2026-07-08T00:24:24Z,929,0,0,23,0,0,1,1,1,1783469965
2026-07-08T00:24:24Z,930,20,1,10,1,0,1,1,1,1783470138
2026-07-08T00:24:24Z,931,13,8,10,0,0,1,1,1,1783470194
2026-07-08T00:24:24Z,932,7,1,12,0,0,1,1,1,1783470208
2026-07-08T00:24:24Z,933,16,0,6,1,0,1,1,1,1783469297
2026-07-08T00:24:24Z,934,0,0,31,0,0,1,1,1,1783469739
2026-07-08T00:24:24Z,935,16,1,1,2,0,1,1,1,1783470248
2026-07-08T00:24:24Z,936,1,0,18,0,0,1,1,1,1783470220
2026-07-08T00:24:24Z,940,10,0,1,0,0,1,1,1,1783470226
2026-07-08T00:24:24Z,941,16,2,9,0,0,1,1,1,1783470248
2026-07-08T00:24:24Z,942,5,1,16,0,0,1,1,1,1783470239
2026-07-08T00:24:24Z,943,4,4,10,1,0,1,1,1,1783470093
2026-07-08T00:24:24Z,944,7,7,7,1,0,1,1,1,1783470147
2026-07-08T00:24:24Z,945,6,3,8,1,0,1,1,1,1783470136
2026-07-08T00:24:24Z,946,10,7,9,0,0,1,1,1,1783470174
2026-07-08T00:24:24Z,947,8,6,9,0,0,1,1,1,1783470131
2026-07-08T00:24:24Z,948,5,3,23,3,0,1,1,1,1783470132
2026-07-08T00:24:24Z,949,2,2,13,0,0,1,1,1,1783470221
2026-07-08T00:24:24Z,950,2,0,14,1,0,1,1,1,1783470158
2026-07-08T00:24:24Z,951,4,0,17,2,0,1,1,1,1783470169
2026-07-08T00:24:24Z,952,25,2,23,7,0,1,1,1,1783470225
2026-07-08T00:24:24Z,953,9,1,5,1,0,1,1,1,1783470140
2026-07-08T00:24:24Z,954,13,0,5,1,0,1,1,1,1783470209
2026-07-08T00:24:24Z,955,8,5,14,5,0,1,1,1,1783469667
2026-07-08T00:24:24Z,956,17,1,0,2,0,1,1,1,1783470241
2026-07-08T00:24:24Z,957,29,1,0,0,0,1,1,1,1783469823
2026-07-08T00:24:24Z,958,28,0,0,3,0,1,1,1,1783470258
2026-07-08T00:24:24Z,959,8,2,14,1,0,1,1,1,1783470220
2026-07-08T00:24:24Z,960,22,2,0,1,0,1,1,1,1783470161
2026-07-08T00:24:24Z,961,0,0,19,4,0,1,1,1,1783470236
2026-07-08T00:24:24Z,962,21,8,7,7,0,1,1,1,1783470101
2026-07-08T00:24:24Z,963,15,0,8,0,0,1,1,1,1783470257
2026-07-08T00:24:24Z,964,12,8,10,1,0,1,1,1,1783470092
2026-07-08T00:24:24Z,965,6,2,18,3,0,1,1,1,1783470207
2026-07-08T00:24:24Z,966,13,0,17,1,0,1,1,1,1783470233
2026-07-08T00:24:24Z,967,10,0,8,3,0,1,1,1,1783470232
2026-07-08T00:24:24Z,968,9,2,10,0,0,1,1,1,1783470257
2026-07-08T00:24:24Z,969,19,7,6,2,0,1,1,1,1783470257
2026-07-08T00:24:24Z,970,11,4,7,1,0,1,1,1,1783470224
2026-07-08T00:24:24Z,971,21,0,0,2,0,1,1,1,1783469431
2026-07-08T00:24:24Z,972,17,0,6,0,0,1,1,1,1783468503
2026-07-08T00:24:24Z,973,2,0,20,1,0,1,1,1,1783469495
2026-07-08T00:24:24Z,974,2,0,24,1,0,1,1,1,1783470144
2026-07-08T00:24:24Z,977,0,0,19,2,0,1,1,1,1783470212
2026-07-08T00:24:24Z,978,11,4,12,0,0,1,1,1,1783469639
2026-07-08T00:24:24Z,979,2,0,12,3,0,1,1,1,1783470110
2026-07-08T00:24:24Z,980,2,0,19,0,0,1,1,1,1783470232
2026-07-08T00:24:24Z,981,15,2,5,1,0,1,1,1,1783470098
2026-07-08T00:24:24Z,982,4,1,15,0,0,1,1,1,1783470207
2026-07-08T00:24:24Z,983,0,0,23,0,0,1,1,1,1783468523
2026-07-08T00:24:24Z,984,20,8,0,3,0,1,1,1,1783468527
2026-07-08T00:24:24Z,985,25,0,5,1,0,1,1,1,1783470256
2026-07-08T00:24:24Z,986,9,8,10,0,0,1,1,1,1783470236
2026-07-08T00:24:24Z,987,3,0,19,1,0,1,1,1,1783468494
2026-07-08T00:24:24Z,988,6,0,11,2,0,1,1,1,1783470222
2026-07-08T00:24:24Z,989,14,10,3,2,0,1,1,1,1783468454
2026-07-08T00:24:24Z,990,7,1,7,1,0,1,1,1,1783470151
2026-07-08T00:24:24Z,991,17,9,2,0,0,1,1,1,1783468482
2026-07-08T00:24:24Z,992,4,2,18,1,0,1,1,1,1783469089
2026-07-08T00:24:24Z,993,0,0,25,2,0,1,1,1,1783468551
2026-07-08T00:24:24Z,994,1,0,18,2,0,1,1,1,1783468539
2026-07-08T00:24:24Z,995,0,0,27,0,0,1,1,1,1783468514
2026-07-08T00:24:24Z,996,9,4,12,2,0,1,1,1,1783468545
2026-07-08T00:24:24Z,997,6,2,12,5,0,1,1,1,1783470168
2026-07-08T00:24:24Z,998,4,1,19,0,0,1,1,1,1783468507
2026-07-08T00:24:24Z,999,7,2,12,1,1,1,1,1,1783468496
2026-07-08T00:24:24Z,1000,5,0,15,1,0,1,1,1,1783470253
2026-07-08T00:24:24Z,1001,2,0,25,0,0,1,1,1,1783468513
2026-07-08T00:24:24Z,1002,0,0,31,0,0,1,1,1,1783468567
2026-07-08T00:24:24Z,1003,0,0,23,0,0,1,1,1,1783468481
2026-07-08T00:24:24Z,1004,6,0,17,0,0,1,1,1,1783469448
2026-07-08T00:24:24Z,1005,5,2,17,1,0,1,1,1,1783468485
2026-07-08T00:24:24Z,1006,10,1,9,0,0,1,1,1,1783470224
2026-07-08T00:24:24Z,1007,2,0,18,1,0,1,1,1,1783470250
2026-07-08T00:24:24Z,1008,18,8,5,0,0,1,1,1,1783468515
2026-07-08T00:24:24Z,1009,5,1,24,2,0,1,1,1,1783469139
2026-07-08T00:24:24Z,1010,9,8,18,0,0,1,1,1,1783468555
2026-07-08T00:24:24Z,1011,2,1,15,2,0,1,1,1,1783470218
2026-07-08T00:24:24Z,1012,1,0,21,1,0,1,1,1,1783468493
2026-07-08T00:24:24Z,1013,4,2,18,1,0,1,1,1,1783469208
2026-07-08T00:24:24Z,1014,6,1,15,2,0,1,1,1,1783470202
2026-07-08T00:24:24Z,1015,8,3,23,0,0,1,1,1,1783468582
2026-07-08T00:24:24Z,1016,16,6,14,1,0,1,1,1,1783468640
2026-07-08T00:24:24Z,1017,8,0,12,1,0,1,1,1,1783468457
2026-07-08T00:24:24Z,1018,3,2,13,5,0,1,1,1,1783468486
2026-07-08T00:24:24Z,1019,13,1,1,1,0,1,1,1,1783470157
2026-07-08T00:24:24Z,1020,14,2,7,0,0,1,1,1,1783468452
2026-07-08T00:24:24Z,1021,12,6,3,0,0,1,1,1,1783470171
2026-07-08T00:24:24Z,1022,10,1,17,0,0,1,1,1,1783468523
2026-07-08T00:24:24Z,1023,13,0,10,0,0,1,1,1,1783468538
2026-07-08T00:24:24Z,1024,1,0,18,0,0,1,1,1,1783470211
2026-07-08T00:24:24Z,1025,15,1,4,0,0,1,1,1,1783470224
2026-07-08T00:24:24Z,1026,10,7,20,1,0,1,1,1,1783468597
2026-07-08T00:24:24Z,1028,16,4,7,0,0,1,1,1,1783468521
2026-07-08T00:24:24Z,1029,10,8,2,3,0,1,1,1,1783470169
2026-07-08T00:24:24Z,1030,17,5,6,0,0,1,1,1,1783468542
2026-07-08T00:24:24Z,1031,2,2,16,1,0,1,1,1,1783470225
2026-07-08T00:24:24Z,1032,10,3,9,0,0,1,1,1,1783470229
2026-07-08T00:24:24Z,1033,17,8,1,1,0,1,1,1,1783470047
2026-07-08T00:24:24Z,1034,8,0,7,0,0,1,1,1,1783470156
2026-07-08T00:24:24Z,1035,3,0,15,1,0,1,1,1,1783470209
2026-07-08T00:24:24Z,1036,14,4,1,0,0,1,1,1,1783470169
2026-07-08T00:24:24Z,1037,0,0,19,0,0,1,1,1,1783470215
2026-07-08T00:24:24Z,1038,0,0,15,0,0,1,1,1,1783470145
2026-07-08T00:24:24Z,1039,12,6,7,0,0,1,1,1,1783470236
2026-07-08T00:24:24Z,1040,0,0,18,1,0,1,1,1,1783470234
2026-07-08T00:24:24Z,1041,3,2,16,0,0,1,1,1,1783470213
2026-07-08T00:24:24Z,1042,9,2,6,0,0,1,1,1,1783470154
2026-07-08T00:24:24Z,1043,9,6,10,0,0,1,1,1,1783470234
2026-07-08T00:24:24Z,1044,0,0,15,0,0,1,1,1,1783470143
2026-07-08T00:24:24Z,1045,2,1,17,0,0,1,1,1,1783470222
2026-07-08T00:24:24Z,1046,7,0,5,3,0,1,1,1,1783470145
2026-07-08T00:24:24Z,1047,1,1,19,1,0,1,1,1,1783470243
2026-07-08T00:24:24Z,1048,14,1,5,0,0,1,1,1,1783470205
2026-07-08T00:24:24Z,1049,11,2,10,0,0,1,1,1,1783469367
2026-07-08T00:24:24Z,1050,17,1,2,2,0,1,1,1,1783468554
2026-07-08T00:24:24Z,1051,15,2,5,1,0,1,1,1,1783469377
2026-07-08T00:24:24Z,1052,12,1,10,0,0,1,1,1,1783470106
2026-07-08T00:24:24Z,1053,6,0,9,0,0,1,1,1,1783470161
2026-07-08T00:24:24Z,1054,12,4,3,0,0,1,1,1,1783470156
2026-07-08T00:24:24Z,1055,8,0,11,0,0,1,1,1,1783470220
2026-07-08T00:24:24Z,1057,5,0,14,0,0,1,1,1,1783470238
2026-07-08T00:24:24Z,1058,4,1,51,1,0,1,1,1,1783470104
2026-07-08T00:24:24Z,1059,6,2,13,0,0,1,1,1,1783470200
2026-07-08T00:24:24Z,1060,37,14,0,0,0,1,1,1,1783469952
2026-07-08T00:24:24Z,1061,2,0,35,0,0,1,1,1,1783468684
2026-07-08T00:24:24Z,1062,6,0,11,0,0,1,1,1,1783470128
2026-07-08T00:24:24Z,1063,10,3,7,2,0,1,1,1,1783470219
2026-07-08T00:24:24Z,1064,10,2,13,0,0,1,1,1,1783470219
2026-07-08T00:24:24Z,1065,10,2,11,2,0,1,1,1,1783468522
2026-07-08T00:24:24Z,1066,14,3,7,2,0,1,1,1,1783468544
2026-07-08T00:24:24Z,1067,7,0,13,3,0,1,1,1,1783468497
2026-07-08T00:24:24Z,1068,13,1,9,1,0,1,1,1,1783468488
2026-07-08T00:24:24Z,1069,3,0,19,1,0,1,1,1,1783468519
2026-07-08T00:24:24Z,1070,7,4,15,1,0,1,1,1,1783468496
2026-07-08T00:24:24Z,1071,0,0,22,1,0,1,1,1,1783468484
2026-07-08T00:24:24Z,1072,13,2,8,2,0,1,1,1,1783468527
2026-07-08T00:24:24Z,1073,2,0,24,1,0,1,1,1,1783469955
2026-07-08T00:24:24Z,1074,35,0,15,3,0,1,1,1,1783470229
2026-07-08T00:24:24Z,1075,10,9,11,0,0,1,1,1,1783468461
2026-07-08T00:24:24Z,1076,12,7,9,0,0,1,1,1,1783468561
2026-07-08T00:24:24Z,1077,10,9,11,0,0,1,1,1,1783469594
2026-07-08T00:24:24Z,1078,4,1,17,0,0,1,1,1,1783469973
2026-07-08T00:24:24Z,1079,10,8,11,0,0,1,1,1,1783468448
2026-07-08T00:24:24Z,1080,10,8,11,0,0,1,1,1,1783468479
2026-07-08T00:24:24Z,1081,12,10,7,0,0,1,1,1,1783470194
2026-07-08T00:24:24Z,1082,13,11,10,0,0,1,1,1,1783470248
2026-07-08T00:24:24Z,1083,11,8,10,0,0,1,1,1,1783470246
2026-07-08T00:24:24Z,1084,9,7,12,0,0,1,1,1,1783468920
2026-07-08T00:24:24Z,1085,10,9,11,0,0,1,1,1,1783468542
2026-07-08T00:24:24Z,1086,8,6,13,0,0,1,1,1,1783469456
2026-07-08T00:24:24Z,1087,10,9,5,0,0,1,1,1,1783470183
2026-07-08T00:24:24Z,1088,6,4,9,0,0,1,1,1,1783470195
2026-07-08T00:24:24Z,1089,8,6,7,0,0,1,1,1,1783470162
2026-07-08T00:24:24Z,1090,9,8,6,0,0,1,1,1,1783470164
2026-07-08T00:24:24Z,1091,10,8,5,0,0,1,1,1,1783470167
2026-07-08T00:24:24Z,1092,7,6,8,0,0,1,1,1,1783470201
2026-07-08T00:24:24Z,1093,9,7,6,0,0,1,1,1,1783470173
2026-07-08T00:24:24Z,1094,12,9,7,0,0,1,1,1,1783470205
2026-07-08T00:24:24Z,1095,8,6,7,0,0,1,1,1,1783470105
2026-07-08T00:24:24Z,1096,10,7,9,0,0,1,1,1,1783470256
2026-07-08T00:24:24Z,1097,9,9,6,0,0,1,1,1,1783470186
2026-07-08T00:24:24Z,1098,8,6,11,0,0,1,1,1,1783470231
2026-07-08T00:24:24Z,1099,10,8,5,0,0,1,1,1,1783470167
2026-07-08T00:24:24Z,1100,9,5,18,2,0,1,1,1,1783468584
2026-07-08T00:24:24Z,1101,12,7,8,1,0,1,1,1,1783468476
2026-07-08T00:24:24Z,1102,9,4,4,0,0,1,1,1,1783470112
2026-07-08T00:24:24Z,1103,10,5,9,2,0,1,1,1,1783468462
2026-07-08T00:24:24Z,1104,7,5,14,0,0,1,1,1,1783469240
2026-07-08T00:24:24Z,1105,6,2,5,2,0,1,1,1,1783470145
2026-07-08T00:24:24Z,1106,10,5,10,1,0,1,1,1,1783468459
2026-07-08T00:24:24Z,1107,9,4,5,1,0,1,1,1,1783470148
2026-07-08T00:24:24Z,1108,4,2,20,3,0,1,1,1,1783468528
2026-07-08T00:24:24Z,1109,10,5,5,0,0,1,1,1,1783470151
2026-07-08T00:24:24Z,1110,11,0,9,1,0,1,1,1,1783468445
2026-07-08T00:24:24Z,1111,5,0,16,0,0,1,1,1,1783468445
2026-07-08T00:24:24Z,1112,2,1,51,0,0,1,1,1,1783469903
2026-07-08T00:24:24Z,1113,2,2,19,0,0,1,1,1,1783470192
2026-07-08T00:24:24Z,1115,9,0,12,2,0,1,1,1,1783468665
2026-07-08T00:24:24Z,1116,1,0,18,0,0,1,1,1,1783470213
2026-07-08T00:24:24Z,1117,3,1,19,1,0,1,1,1,1783470170
2026-07-08T00:24:24Z,1118,17,0,4,0,0,1,1,1,1783470137
2026-07-08T00:24:24Z,1119,5,1,11,1,0,1,1,1,1783470193
2026-07-08T00:24:24Z,1120,15,2,2,2,0,1,1,1,1783470207
2026-07-08T00:24:24Z,1121,3,1,18,0,0,1,1,1,1783470112
2026-07-08T00:24:24Z,1122,2,0,18,1,0,1,1,1,1783470168
2026-07-08T00:24:24Z,1123,5,0,16,2,0,1,1,1,1783470185
2026-07-08T00:24:24Z,1124,11,0,3,1,0,1,1,1,1783470120
2026-07-08T00:24:24Z,1125,15,0,8,0,0,1,1,1,1783468492
2026-07-08T00:24:24Z,1126,7,1,13,1,0,1,1,1,1783470233
2026-07-08T00:24:24Z,1127,8,1,11,0,0,1,1,1,1783470211
2026-07-08T00:24:24Z,1128,14,2,0,1,0,1,1,1,1783470149
2026-07-08T00:24:24Z,1129,7,2,14,0,0,1,1,1,1783470194
2026-07-08T00:24:24Z,1130,13,0,1,1,0,1,1,1,1783470143
2026-07-08T00:24:24Z,1131,0,0,49,0,0,1,1,1,1783469028
2026-07-08T00:24:24Z,1132,11,0,8,2,0,1,1,1,1783470247
2026-07-08T00:24:24Z,1133,6,1,13,2,0,1,1,1,1783470209
2026-07-08T00:24:24Z,1134,11,5,7,1,0,1,1,1,1783468521
2026-07-08T00:24:24Z,1135,13,7,8,0,0,1,1,1,1783468453
2026-07-08T00:24:24Z,1136,21,0,1,1,0,1,1,1,1783470006
2026-07-08T00:24:24Z,1137,3,1,12,0,0,1,1,1,1783470138
2026-07-08T00:24:24Z,1138,19,0,0,0,0,1,1,1,1783470249
2026-07-08T00:24:24Z,1139,8,1,13,0,0,1,1,1,1783469897
2026-07-08T00:24:24Z,1140,18,2,3,2,0,1,1,1,1783469594
2026-07-08T00:24:24Z,1141,7,3,12,2,0,1,1,1,1783470220
2026-07-08T00:24:24Z,1142,5,0,16,0,0,1,1,1,1783468862
2026-07-08T00:24:24Z,1143,14,0,14,1,0,1,1,1,1783470253
2026-07-08T00:24:24Z,1144,3,1,17,1,0,1,1,1,1783400779
2026-07-08T00:24:24Z,1145,6,2,11,3,0,1,1,1,1783469203
2026-07-08T00:24:24Z,1146,9,0,10,0,0,1,1,1,1783470236
2026-07-08T00:24:24Z,1147,7,2,12,0,0,1,1,1,1783470252
2026-07-08T00:24:24Z,1148,8,2,22,1,0,1,1,1,1783469928
2026-07-08T00:24:24Z,1149,2,2,23,0,0,1,1,1,1783470204
2026-07-08T00:24:24Z,1150,11,0,6,2,0,1,1,1,1783470258
2026-07-08T00:24:24Z,1151,2,0,18,1,0,1,1,1,1783470233
2026-07-08T00:24:24Z,1152,11,0,16,2,0,1,1,1,1783469920
2026-07-08T00:24:24Z,1153,13,0,9,1,0,1,1,1,1783470235
2026-07-08T00:24:24Z,1154,1,0,16,2,0,1,1,1,1783470185
2026-07-08T00:24:24Z,1155,10,3,9,2,0,1,1,1,1783469875
2026-07-08T00:24:24Z,1158,9,0,10,0,0,1,1,1,1783470218
2026-07-08T00:24:24Z,1159,6,4,13,0,0,1,1,1,1783470238
2026-07-08T00:24:24Z,1160,10,2,8,1,0,1,1,1,1783469086
2026-07-08T00:24:24Z,1161,8,2,11,0,0,1,1,1,1783470250
2026-07-08T00:24:24Z,1162,10,4,8,1,0,1,1,1,1783470234
2026-07-08T00:24:24Z,1163,2,2,17,0,0,1,1,1,1783470200
2026-07-08T00:24:24Z,1164,8,0,11,0,0,1,1,1,1783470204
2026-07-08T00:24:24Z,1165,3,1,17,1,0,1,1,1,1783470244
2026-07-08T00:24:24Z,1166,0,0,20,0,0,1,1,1,1783468420
2026-07-08T00:24:24Z,1167,13,2,2,0,0,1,1,1,1783470140
2026-07-08T00:24:24Z,1168,1,1,22,0,0,1,1,1,1783468533
2026-07-08T00:24:24Z,1169,3,2,15,1,0,1,1,1,1783470216
2026-07-08T00:24:24Z,1170,7,5,14,0,0,1,1,1,1783469459
2026-07-08T00:24:24Z,1171,16,14,6,1,0,1,1,1,1783468550
2026-07-08T00:24:24Z,1172,9,3,4,2,0,1,1,1,1783470162
2026-07-08T00:24:24Z,1173,5,5,13,1,0,1,1,1,1783470219
2026-07-08T00:24:24Z,1174,2,1,12,1,0,1,1,1,1783470144
2026-07-08T00:24:24Z,1175,6,0,13,0,0,1,1,1,1783470192
2026-07-08T00:24:24Z,1176,19,5,2,0,0,1,1,1,1783470254
2026-07-08T00:24:24Z,1177,11,2,10,0,0,1,1,1,1783470246
2026-07-08T00:24:24Z,1178,5,0,9,1,0,1,1,1,1783470073
2026-07-08T00:24:24Z,1181,14,1,1,0,0,1,1,1,1783469544
2026-07-08T00:24:24Z,1182,0,0,19,1,0,1,1,1,1783470216
2026-07-08T00:24:24Z,1183,14,0,21,2,0,1,1,1,1783469634
2026-07-08T00:24:24Z,1184,14,6,6,1,0,1,1,1,1783470251
2026-07-08T00:24:24Z,1185,13,6,8,0,0,1,1,1,1783468999
2026-07-08T00:24:24Z,1186,9,5,9,1,0,1,1,1,1783470212
2026-07-08T00:24:24Z,1188,8,4,7,0,0,1,1,1,1783469691
2026-07-08T00:24:24Z,1189,10,5,9,0,0,1,1,1,1783469767
2026-07-08T00:24:24Z,1190,9,5,12,0,0,1,1,1,1783470249
2026-07-08T00:24:24Z,1191,8,4,6,1,0,1,1,1,1783468480
2026-07-08T00:24:24Z,1192,8,4,12,1,0,1,1,1,1783468486
2026-07-08T00:24:24Z,1193,3,1,9,1,0,1,1,1,1783470092
2026-07-08T00:24:24Z,1197,13,3,3,1,0,1,1,1,1783470122
2026-07-08T00:24:24Z,1198,15,9,6,0,0,1,1,1,1783468448
2026-07-08T00:24:24Z,1199,3,3,16,0,0,1,1,1,1783470199
2026-07-08T00:24:24Z,1200,11,4,4,0,0,1,1,1,1783469989
2026-07-08T00:24:24Z,1201,8,4,6,1,0,1,1,1,1783470012
2026-07-08T00:24:24Z,1202,9,5,6,0,0,1,1,1,1783469979
2026-07-08T00:24:24Z,1203,9,5,6,0,0,1,1,1,1783469984
2026-07-08T00:24:24Z,1218,7,4,14,0,0,1,1,1,1783468479
2026-07-08T00:24:24Z,1224,0,0,3,0,0,0,1,1,1781869449
2026-07-08T00:24:24Z,1225,0,0,3,0,0,0,1,1,1781868919
2026-07-08T00:24:24Z,1226,0,0,3,0,0,0,1,1,1781868931
2026-07-08T00:29:24Z,1,0,0,23,0,0,1,1,1,1783470556
2026-07-08T00:29:24Z,2,12,1,14,1,0,1,1,1,1783470561
2026-07-08T00:29:24Z,3,9,1,9,0,0,1,1,1,1783470526
2026-07-08T00:29:24Z,4,2,0,21,0,0,1,1,1,1783469060
2026-07-08T00:29:24Z,5,10,6,9,4,0,1,1,1,1783470413
2026-07-08T00:29:24Z,6,5,0,10,0,0,1,1,1,1783470326
2026-07-08T00:29:24Z,7,21,0,2,0,0,1,1,1,1783470024
2026-07-08T00:29:24Z,8,41,1,2,0,0,1,1,1,1783469992
2026-07-08T00:29:24Z,9,0,0,22,1,0,1,1,1,1783470000
2026-07-08T00:29:24Z,10,7,2,16,0,0,1,1,1,1783468042
2026-07-08T00:29:24Z,11,0,0,19,0,0,1,1,1,1783468438
2026-07-08T00:29:24Z,12,0,0,23,0,0,1,1,1,1783469794
2026-07-08T00:29:24Z,13,27,1,3,0,0,1,1,1,1783470367
2026-07-08T00:29:24Z,14,39,0,4,0,0,1,1,1,1783470538
2026-07-08T00:29:24Z,15,14,1,0,1,0,1,1,1,1783470360
2026-07-08T00:29:24Z,16,3,2,24,0,0,1,1,1,1783470530
2026-07-08T00:29:24Z,17,25,0,0,2,0,1,1,1,1783470260
2026-07-08T00:29:24Z,18,16,1,3,0,0,1,1,1,1783470550
2026-07-08T00:29:24Z,19,5,3,22,0,0,1,1,1,1783470244
2026-07-08T00:29:24Z,20,13,0,14,0,0,1,1,1,1783470380
2026-07-08T00:29:24Z,21,9,0,9,1,0,1,1,1,1783470548
2026-07-08T00:29:24Z,22,2,0,64,1,0,1,1,1,1783470487
2026-07-08T00:29:24Z,23,15,0,16,0,0,1,1,1,1783469784
2026-07-08T00:29:24Z,24,0,0,9,2,0,1,1,1,1783470561
2026-07-08T00:29:24Z,25,15,2,59,7,0,1,1,1,1783470544
2026-07-08T00:29:24Z,26,0,0,27,0,0,1,1,1,1783470490
2026-07-08T00:29:24Z,28,10,3,5,0,0,1,1,1,1783470344
2026-07-08T00:29:24Z,30,13,0,13,1,0,1,1,1,1783470485
2026-07-08T00:29:24Z,31,1,0,18,0,0,1,1,1,1783470451
2026-07-08T00:29:24Z,32,27,3,0,0,0,1,1,1,1783470292
2026-07-08T00:29:24Z,34,28,1,9,0,0,1,1,1,1783470064
2026-07-08T00:29:24Z,35,2,1,44,1,0,1,1,1,1783470534
2026-07-08T00:29:24Z,36,0,0,0,0,0,0,1,1,86400
2026-07-08T00:29:24Z,37,19,2,2,2,0,1,1,1,1783470477
2026-07-08T00:29:24Z,38,5,2,18,0,0,1,1,1,1783470312
2026-07-08T00:29:24Z,39,22,5,9,0,0,1,1,1,1783470369
2026-07-08T00:29:24Z,40,0,0,21,0,0,1,1,1,1783469847
2026-07-08T00:29:24Z,41,4,0,21,2,0,1,1,1,1783469634
2026-07-08T00:29:24Z,42,6,1,24,1,0,1,1,1,1783470280
2026-07-08T00:29:24Z,43,18,2,5,0,0,1,1,1,1783470458
2026-07-08T00:29:24Z,45,1,1,27,3,0,1,1,1,1783470367
2026-07-08T00:29:24Z,46,0,0,29,1,1,1,1,1,1783470099
2026-07-08T00:29:24Z,47,5,1,9,1,0,1,1,1,1783470413
2026-07-08T00:29:24Z,48,1,1,26,0,0,1,1,1,1783470556
2026-07-08T00:29:24Z,49,1,0,19,3,0,1,1,1,1783470553
2026-07-08T00:29:24Z,50,2,2,17,0,0,1,1,1,1783470516
2026-07-08T00:29:24Z,51,0,0,78,0,0,1,1,1,1783470549
2026-07-08T00:29:24Z,52,0,0,25,2,0,1,1,1,1783470286
2026-07-08T00:29:24Z,55,2,0,19,0,1,1,1,1,1783470408
2026-07-08T00:29:24Z,57,1,0,26,0,0,1,1,1,1783470252
2026-07-08T00:29:24Z,58,7,2,21,0,0,1,1,1,1783470310
2026-07-08T00:29:24Z,59,0,0,25,2,0,1,1,1,1783469781
2026-07-08T00:29:24Z,61,0,0,37,2,0,1,1,1,1783469462
2026-07-08T00:29:24Z,62,3,0,44,2,0,1,1,1,1783470557
2026-07-08T00:29:24Z,63,0,0,19,0,0,1,1,1,1783468347
2026-07-08T00:29:24Z,64,15,0,3,1,0,1,1,1,1783470387
2026-07-08T00:29:24Z,65,3,1,14,2,0,1,1,1,1783470165
2026-07-08T00:29:24Z,67,1,0,38,0,0,1,1,1,1783470332
2026-07-08T00:29:24Z,68,0,0,37,0,0,1,1,1,1783470467
2026-07-08T00:29:24Z,69,14,2,1,0,0,1,1,1,1783468047
2026-07-08T00:29:24Z,71,0,0,27,0,0,1,1,1,1783470514
2026-07-08T00:29:24Z,72,2,2,29,0,0,1,1,1,1783470538
2026-07-08T00:29:24Z,73,0,0,23,0,0,1,1,1,1783470373
2026-07-08T00:29:24Z,74,7,2,12,0,0,1,1,1,1783470404
2026-07-08T00:29:24Z,75,0,0,34,1,0,1,1,1,1783468816
2026-07-08T00:29:24Z,76,3,0,16,0,0,1,1,1,1783468346
2026-07-08T00:29:24Z,77,11,0,12,4,0,1,1,1,1783470548
2026-07-08T00:29:24Z,78,0,0,23,0,0,1,1,1,1783467209
2026-07-08T00:29:24Z,79,4,0,13,0,0,1,1,1,1783469299
2026-07-08T00:29:24Z,80,18,0,3,2,0,1,1,1,1783470539
2026-07-08T00:29:24Z,81,12,0,0,19,0,1,1,1,1783470348
2026-07-08T00:29:24Z,82,0,0,21,2,0,1,1,1,1783470234
2026-07-08T00:29:24Z,83,3,0,27,4,0,1,1,1,1783470466
2026-07-08T00:29:24Z,84,20,0,5,2,0,1,1,1,1783470248
2026-07-08T00:29:24Z,85,0,0,14,0,0,1,1,1,1783470551
2026-07-08T00:29:24Z,86,4,0,22,1,0,1,1,1,1783467511
2026-07-08T00:29:24Z,87,0,0,19,0,0,1,1,1,1783464851
2026-07-08T00:29:24Z,88,23,3,8,0,0,1,1,1,1783470330
2026-07-08T00:29:24Z,89,19,0,16,0,0,1,1,1,1783470516
2026-07-08T00:29:24Z,90,4,1,14,1,0,1,1,1,1783470299
2026-07-08T00:29:24Z,91,6,1,11,0,0,1,1,1,1783470542
2026-07-08T00:29:24Z,92,13,0,4,2,0,1,1,1,1783470512
2026-07-08T00:29:24Z,93,20,1,3,0,0,1,1,1,1783470554
2026-07-08T00:29:24Z,94,1,1,18,0,0,1,1,1,1783468543
2026-07-08T00:29:24Z,95,7,0,27,0,1,1,1,1,1783470466
2026-07-08T00:29:24Z,96,9,1,20,2,0,1,1,1,1783470528
2026-07-08T00:29:24Z,97,7,0,8,0,0,1,1,1,1783469708
2026-07-08T00:29:24Z,98,13,1,20,2,0,1,1,1,1783470187
2026-07-08T00:29:24Z,99,10,0,4,0,0,1,1,1,1783469881
2026-07-08T00:29:24Z,100,14,0,12,1,0,1,1,1,1783470410
2026-07-08T00:29:24Z,101,1,0,12,2,0,1,1,1,1783470374
2026-07-08T00:29:24Z,102,10,0,13,0,0,1,1,1,1783469828
2026-07-08T00:29:24Z,103,9,0,19,4,0,1,1,1,1783470248
2026-07-08T00:29:24Z,104,3,2,22,2,0,1,1,1,1783470545
2026-07-08T00:29:24Z,105,12,0,7,0,0,1,1,1,1783470464
2026-07-08T00:29:24Z,106,0,0,21,0,0,1,1,1,1783469801
2026-07-08T00:29:24Z,107,32,0,5,0,0,1,1,1,1783470544
2026-07-08T00:29:24Z,108,14,1,19,2,0,1,1,1,1783470484
2026-07-08T00:29:24Z,109,17,1,6,0,0,1,1,1,1783470480
2026-07-08T00:29:24Z,110,7,1,16,0,0,1,1,1,1783470542
2026-07-08T00:29:24Z,111,2,1,32,2,0,1,1,1,1783470465
2026-07-08T00:29:24Z,112,17,0,1,1,0,1,1,1,1783470004
2026-07-08T00:29:24Z,113,4,1,15,0,0,1,1,1,1783470471
2026-07-08T00:29:24Z,114,6,2,21,4,0,1,1,1,1783470513
2026-07-08T00:29:24Z,115,1,1,23,2,0,1,1,1,1783469364
2026-07-08T00:29:24Z,116,0,0,26,1,0,1,1,1,1783470388
2026-07-08T00:29:24Z,118,9,3,10,4,0,1,1,1,1783470428
2026-07-08T00:29:24Z,119,16,3,19,3,0,1,1,1,1783470297
2026-07-08T00:29:24Z,120,2,0,23,2,0,1,1,1,1783470447
2026-07-08T00:29:24Z,121,9,0,10,0,0,1,1,1,1783470548
2026-07-08T00:29:24Z,122,5,1,15,1,0,1,1,1,1783470470
2026-07-08T00:29:24Z,123,18,0,29,0,0,1,1,1,1783470383
2026-07-08T00:29:24Z,124,2,0,25,0,0,1,1,1,1783470300
2026-07-08T00:29:24Z,125,3,1,20,0,0,1,1,1,1783470522
2026-07-08T00:29:24Z,126,2,0,29,0,0,1,1,1,1783470277
2026-07-08T00:29:24Z,127,0,0,22,0,0,1,1,1,1783469736
2026-07-08T00:29:24Z,128,1,1,18,0,0,1,1,1,1783470477
2026-07-08T00:29:24Z,129,15,5,2,2,0,1,1,1,1783470549
2026-07-08T00:29:24Z,130,13,0,4,0,0,1,1,1,1783470322
2026-07-08T00:29:24Z,131,0,0,9,2,0,1,1,1,1783470239
2026-07-08T00:29:24Z,132,0,0,14,0,1,1,1,1,1783468552
2026-07-08T00:29:24Z,133,2,0,21,0,0,1,1,1,1783470424
2026-07-08T00:29:24Z,134,4,3,19,0,0,1,1,1,1783470321
2026-07-08T00:29:24Z,135,12,2,7,0,0,1,1,1,1783470519
2026-07-08T00:29:24Z,136,11,0,11,0,0,1,1,1,1783470109
2026-07-08T00:29:24Z,137,6,4,12,1,0,1,1,1,1783469829
2026-07-08T00:29:24Z,138,36,3,0,1,0,1,1,1,1783470498
2026-07-08T00:29:24Z,139,16,0,3,0,0,1,1,1,1783470394
2026-07-08T00:29:24Z,140,10,0,10,3,0,1,1,1,1783470560
2026-07-08T00:29:24Z,141,23,3,0,2,0,1,1,1,1783470176
2026-07-08T00:29:24Z,142,0,0,19,0,0,0,1,1,1782498468
2026-07-08T00:29:24Z,143,28,0,0,3,0,1,1,1,1783470559
2026-07-08T00:29:24Z,144,23,2,3,1,0,1,1,1,1783470236
2026-07-08T00:29:24Z,145,27,6,3,1,0,1,1,1,1783470519
2026-07-08T00:29:24Z,146,21,4,0,2,0,1,1,1,1783470559
2026-07-08T00:29:24Z,147,5,0,13,1,0,1,1,1,1783470526
2026-07-08T00:29:24Z,148,16,2,9,2,0,1,1,1,1783470540
2026-07-08T00:29:24Z,149,2,1,17,0,0,1,1,1,1783470432
2026-07-08T00:29:24Z,150,33,0,1,1,0,1,1,1,1783470498
2026-07-08T00:29:24Z,151,20,0,2,1,0,1,1,1,1783470527
2026-07-08T00:29:24Z,152,20,1,5,1,0,1,1,1,1783470544
2026-07-08T00:29:24Z,153,17,4,4,2,0,1,1,1,1783470531
2026-07-08T00:29:24Z,154,18,2,1,4,0,1,1,1,1783470385
2026-07-08T00:29:24Z,155,3,1,7,4,0,1,1,1,1783470228
2026-07-08T00:29:24Z,156,7,2,12,0,0,1,1,1,1783470546
2026-07-08T00:29:24Z,157,24,3,1,2,0,1,1,1,1783470487
2026-07-08T00:29:24Z,158,8,1,11,0,0,1,1,1,1783470425
2026-07-08T00:29:24Z,159,11,2,8,0,0,1,1,1,1783470480
2026-07-08T00:29:24Z,160,17,1,1,1,0,1,1,1,1783470500
2026-07-08T00:29:24Z,161,10,1,12,1,0,1,1,1,1783470559
2026-07-08T00:29:24Z,162,9,9,18,0,0,1,1,1,1783470430
2026-07-08T00:29:24Z,163,20,2,9,2,0,1,1,1,1783470305
2026-07-08T00:29:24Z,164,21,0,6,0,0,1,1,1,1783470348
2026-07-08T00:29:24Z,165,14,7,14,2,0,1,1,1,1783470436
2026-07-08T00:29:24Z,166,25,5,12,1,0,1,1,1,1783470559
2026-07-08T00:29:24Z,167,12,6,10,1,0,1,1,1,1783470556
2026-07-08T00:29:24Z,168,9,0,17,1,0,1,1,1,1783470446
2026-07-08T00:29:24Z,169,14,1,7,2,0,1,1,1,1783470534
2026-07-08T00:29:24Z,170,11,5,7,1,0,1,1,1,1783470550
2026-07-08T00:29:24Z,171,6,1,4,3,0,1,1,1,1783470465
2026-07-08T00:29:24Z,173,3,0,34,0,0,1,1,1,1783470269
2026-07-08T00:29:24Z,174,15,3,10,0,0,1,1,1,1783470424
2026-07-08T00:29:24Z,175,27,1,1,3,0,1,1,1,1783470501
2026-07-08T00:29:24Z,176,13,5,1,1,0,1,1,1,1783470512
2026-07-08T00:29:24Z,177,22,3,1,4,0,1,1,1,1783470554
2026-07-08T00:29:24Z,178,15,0,0,0,0,1,1,1,1783468640
2026-07-08T00:29:24Z,179,8,3,5,2,0,1,1,1,1783470494
2026-07-08T00:29:24Z,180,0,0,29,1,0,1,1,1,1783469918
2026-07-08T00:29:24Z,181,7,3,8,0,0,1,1,1,1783470314
2026-07-08T00:29:24Z,182,8,4,10,1,0,1,1,1,1783470306
2026-07-08T00:29:24Z,183,16,2,5,2,0,1,1,1,1783470397
2026-07-08T00:29:24Z,184,2,1,19,2,0,1,1,1,1783470487
2026-07-08T00:29:24Z,185,5,1,7,2,1,1,1,1,1783468783
2026-07-08T00:29:24Z,186,6,3,12,1,0,1,1,1,1783470175
2026-07-08T00:29:24Z,187,1,0,26,2,0,1,1,1,1783470348
2026-07-08T00:29:24Z,188,16,2,0,11,0,1,1,1,1783470558
2026-07-08T00:29:24Z,189,7,1,7,1,0,1,1,1,1783468769
2026-07-08T00:29:24Z,190,3,2,20,0,0,1,1,1,1783470014
2026-07-08T00:29:24Z,191,1,0,35,3,0,1,1,1,1783470517
2026-07-08T00:29:24Z,192,16,15,15,0,0,1,1,1,1783470480
2026-07-08T00:29:24Z,193,9,6,5,1,0,1,1,1,1783470366
2026-07-08T00:29:24Z,194,2,0,13,0,0,1,1,1,1783470535
2026-07-08T00:29:24Z,195,2,1,17,0,0,1,1,1,1783470246
2026-07-08T00:29:24Z,196,3,2,24,0,0,1,1,1,1783470556
2026-07-08T00:29:24Z,197,5,1,13,0,1,1,1,1,1783470472
2026-07-08T00:29:24Z,198,1,0,22,0,0,1,1,1,1783468951
2026-07-08T00:29:24Z,199,0,0,13,2,0,1,1,1,1783469543
2026-07-08T00:29:24Z,200,1,1,25,0,0,1,1,1,1783469399
2026-07-08T00:29:24Z,201,3,3,20,0,0,1,1,1,1783469566
2026-07-08T00:29:24Z,202,0,0,21,0,0,0,1,1,1783093344
2026-07-08T00:29:24Z,203,0,0,31,0,0,1,1,1,1783469636
2026-07-08T00:29:24Z,204,4,0,31,0,0,1,1,1,1783470440
2026-07-08T00:29:24Z,205,13,0,14,0,0,1,1,1,1783470531
2026-07-08T00:29:24Z,206,8,0,4,3,0,1,1,1,1783470561
2026-07-08T00:29:24Z,207,7,1,14,0,0,1,1,1,1783470447
2026-07-08T00:29:24Z,208,4,1,24,1,0,1,1,1,1783470233
2026-07-08T00:29:24Z,209,18,1,12,1,0,1,1,1,1783470560
2026-07-08T00:29:24Z,210,0,0,26,1,0,1,1,1,1783469667
2026-07-08T00:29:24Z,211,8,1,15,0,0,1,1,1,1783470318
2026-07-08T00:29:24Z,212,14,1,21,0,0,1,1,1,1783470550
2026-07-08T00:29:24Z,213,22,0,1,0,0,1,1,1,1783470311
2026-07-08T00:29:24Z,214,10,10,33,4,0,1,1,1,1783470370
2026-07-08T00:29:24Z,215,5,4,18,0,0,1,1,1,1783470542
2026-07-08T00:29:24Z,216,19,3,0,0,0,1,1,1,1783470345
2026-07-08T00:29:24Z,217,28,6,0,1,0,1,1,1,1783469945
2026-07-08T00:29:24Z,218,20,5,14,5,0,1,1,1,1783470552
2026-07-08T00:29:24Z,219,0,0,3,0,0,0,1,1,1783102064
2026-07-08T00:29:24Z,220,29,2,13,1,0,1,1,1,1783470541
2026-07-08T00:29:24Z,221,14,8,0,0,0,1,1,1,1783470281
2026-07-08T00:29:24Z,222,12,6,6,1,0,1,1,1,1783470466
2026-07-08T00:29:24Z,223,4,0,28,3,0,1,1,1,1783470506
2026-07-08T00:29:24Z,224,3,0,19,0,0,1,1,1,1783470427
2026-07-08T00:29:24Z,225,2,1,13,4,0,1,1,1,1783470353
2026-07-08T00:29:24Z,226,1,0,27,3,0,1,1,1,1783470147
2026-07-08T00:29:24Z,227,9,9,15,3,0,1,1,1,1783470328
2026-07-08T00:29:24Z,228,4,4,15,0,0,1,1,1,1783469346
2026-07-08T00:29:24Z,230,20,2,3,0,0,1,1,1,1783470542
2026-07-08T00:29:24Z,232,11,2,7,1,0,1,1,1,1783470559
2026-07-08T00:29:24Z,233,25,6,5,1,0,1,1,1,1783470544
2026-07-08T00:29:24Z,234,4,3,11,3,1,1,1,1,1783469919
2026-07-08T00:29:24Z,236,2,2,16,1,0,1,1,1,1783470326
2026-07-08T00:29:24Z,237,7,0,14,2,0,1,1,1,1783470323
2026-07-08T00:29:24Z,239,6,3,19,2,0,1,1,1,1783470560
2026-07-08T00:29:24Z,241,12,7,10,1,0,1,1,1,1783469836
2026-07-08T00:29:24Z,242,3,1,17,3,0,1,1,1,1783470454
2026-07-08T00:29:24Z,243,8,0,19,4,0,1,1,1,1783470491
2026-07-08T00:29:24Z,244,11,2,15,1,0,1,1,1,1783470361
2026-07-08T00:29:24Z,245,5,0,18,0,0,1,1,1,1783470504
2026-07-08T00:29:24Z,246,0,0,23,0,0,1,1,1,1783470557
2026-07-08T00:29:24Z,247,3,3,17,3,0,1,1,1,1783470448
2026-07-08T00:29:24Z,248,1,1,18,4,0,1,1,1,1783469823
2026-07-08T00:29:24Z,249,0,0,17,2,0,1,1,1,1783470455
2026-07-08T00:29:24Z,250,3,3,23,1,0,1,1,1,1783470060
2026-07-08T00:29:24Z,251,0,0,27,0,0,1,1,1,1783470524
2026-07-08T00:29:24Z,253,3,1,16,0,0,1,1,1,1783470517
2026-07-08T00:29:24Z,254,16,1,19,8,0,1,1,1,1783470552
2026-07-08T00:29:24Z,255,0,0,23,0,0,1,1,1,1783470035
2026-07-08T00:29:24Z,256,16,10,7,0,0,1,1,1,1783470449
2026-07-08T00:29:24Z,257,16,8,3,0,0,1,1,1,1783470442
2026-07-08T00:29:24Z,258,3,3,15,1,0,1,1,1,1783470437
2026-07-08T00:29:24Z,259,7,6,15,1,0,1,1,1,1783470504
2026-07-08T00:29:24Z,260,7,4,12,0,0,1,1,1,1783469864
2026-07-08T00:29:24Z,261,12,1,5,2,0,1,1,1,1783469887
2026-07-08T00:29:24Z,262,17,10,4,2,0,1,1,1,1783470456
2026-07-08T00:29:24Z,263,13,2,2,0,0,1,1,1,1783469918
2026-07-08T00:29:24Z,264,12,5,7,0,0,1,1,1,1783470265
2026-07-08T00:29:24Z,265,10,0,4,1,0,1,1,1,1783470438
2026-07-08T00:29:24Z,266,7,4,8,4,0,1,1,1,1783470271
2026-07-08T00:29:24Z,267,9,1,5,1,0,1,1,1,1783459155
2026-07-08T00:29:24Z,268,3,1,19,1,0,1,1,1,1783470314
2026-07-08T00:29:24Z,269,2,2,21,0,0,1,1,1,1783469544
2026-07-08T00:29:24Z,270,19,5,8,0,0,1,1,1,1783470493
2026-07-08T00:29:24Z,271,1,0,16,2,0,1,1,1,1783470502
2026-07-08T00:29:24Z,272,4,4,19,0,0,1,1,1,1783469842
2026-07-08T00:29:24Z,273,9,4,6,0,0,1,1,1,1783470558
2026-07-08T00:29:24Z,274,2,2,16,1,0,1,1,1,1783469597
2026-07-08T00:29:24Z,275,5,0,18,0,0,1,1,1,1783468678
2026-07-08T00:29:24Z,276,5,0,20,1,1,1,1,1,1783470507
2026-07-08T00:29:24Z,277,0,0,21,2,0,1,1,1,1783469524
2026-07-08T00:29:24Z,278,2,0,26,2,1,1,1,1,1783470417
2026-07-08T00:29:24Z,279,1,1,18,0,0,1,1,1,1783470378
2026-07-08T00:29:24Z,280,9,1,20,2,0,1,1,1,1783470511
2026-07-08T00:29:24Z,281,6,0,17,0,0,1,1,1,1783470511
2026-07-08T00:29:24Z,282,11,4,5,0,0,1,1,1,1783468338
2026-07-08T00:29:24Z,283,4,2,30,1,0,1,1,1,1783470407
2026-07-08T00:29:24Z,284,22,4,13,0,0,1,1,1,1783470504
2026-07-08T00:29:24Z,285,1,0,22,0,0,1,1,1,1783469926
2026-07-08T00:29:24Z,286,4,2,17,2,0,1,1,1,1783470239
2026-07-08T00:29:24Z,287,19,4,2,2,0,1,1,1,1783470057
2026-07-08T00:29:24Z,288,4,1,13,2,0,1,1,1,1783469800
2026-07-08T00:29:24Z,289,14,6,12,1,0,1,1,1,1783470547
2026-07-08T00:29:24Z,290,5,0,32,2,0,1,1,1,1783470359
2026-07-08T00:29:24Z,291,17,0,6,0,0,1,1,1,1783470396
2026-07-08T00:29:24Z,292,4,1,19,0,0,1,1,1,1783470318
2026-07-08T00:29:24Z,293,11,4,10,2,0,1,1,1,1783470405
2026-07-08T00:29:24Z,294,4,3,17,1,0,1,1,1,1783470496
2026-07-08T00:29:24Z,297,11,0,6,2,0,1,1,1,1783470558
2026-07-08T00:29:24Z,301,15,2,4,0,0,1,1,1,1783469904
2026-07-08T00:29:24Z,302,12,2,9,2,0,1,1,1,1783470490
2026-07-08T00:29:24Z,303,18,0,0,1,0,1,1,1,1783470446
2026-07-08T00:29:24Z,304,0,0,0,0,0,0,1,1,86400
2026-07-08T00:29:24Z,305,17,0,1,1,0,1,1,1,1783470238
2026-07-08T00:29:24Z,306,15,0,17,0,0,1,1,1,1783470261
2026-07-08T00:29:24Z,307,19,1,2,2,0,1,1,1,1783470419
2026-07-08T00:29:24Z,308,11,0,7,1,0,1,1,1,1783470494
2026-07-08T00:29:24Z,309,10,1,2,1,0,1,1,1,1783470428
2026-07-08T00:29:24Z,311,8,0,6,1,0,1,1,1,1783470300
2026-07-08T00:29:24Z,312,8,1,11,3,1,1,1,1,1783470380
2026-07-08T00:29:24Z,313,6,0,9,0,0,1,1,1,1783469469
2026-07-08T00:29:24Z,314,13,1,5,1,0,1,1,1,1783470534
2026-07-08T00:29:24Z,315,0,0,31,0,0,0,1,1,1783017696
2026-07-08T00:29:24Z,316,12,0,3,0,0,1,1,1,1783470180
2026-07-08T00:29:24Z,317,7,3,22,2,0,1,1,1,1783470453
2026-07-08T00:29:24Z,318,11,5,6,0,0,1,1,1,1783470008
2026-07-08T00:29:24Z,319,18,11,8,1,0,1,1,1,1783470436
2026-07-08T00:29:24Z,320,7,3,12,0,0,1,1,1,1783469705
2026-07-08T00:29:24Z,321,8,0,9,2,0,1,1,1,1783469099
2026-07-08T00:29:24Z,322,13,0,16,0,0,1,1,1,1783470376
2026-07-08T00:29:24Z,323,10,0,9,0,0,1,1,1,1783469787
2026-07-08T00:29:24Z,324,2,1,25,0,0,1,1,1,1783470434
2026-07-08T00:29:24Z,325,2,0,23,2,0,1,1,1,1783470233
2026-07-08T00:29:24Z,327,1,0,24,0,2,1,1,1,1783470311
2026-07-08T00:29:24Z,328,6,1,17,0,0,1,1,1,1783470535
2026-07-08T00:29:24Z,329,9,2,9,1,0,1,1,1,1783468107
2026-07-08T00:29:24Z,330,5,1,17,0,0,1,1,1,1783469657
2026-07-08T00:29:24Z,331,0,0,23,0,0,1,1,1,1783469773
2026-07-08T00:29:24Z,332,7,4,9,3,0,1,1,1,1783470320
2026-07-08T00:29:24Z,333,10,3,11,2,0,1,1,1,1783470554
2026-07-08T00:29:24Z,334,10,2,13,0,0,1,1,1,1783470431
2026-07-08T00:29:24Z,335,10,7,13,0,0,1,1,1,1783470419
2026-07-08T00:29:24Z,336,4,0,15,0,0,1,1,1,1783469233
2026-07-08T00:29:24Z,337,8,1,13,2,0,1,1,1,1783470503
2026-07-08T00:29:24Z,338,6,0,13,0,0,1,1,1,1783469944
2026-07-08T00:29:24Z,339,2,2,20,1,0,1,1,1,1783470523
2026-07-08T00:29:24Z,340,9,3,5,1,0,1,1,1,1783470358
2026-07-08T00:29:24Z,341,8,3,11,0,0,1,1,1,1783470540
2026-07-08T00:29:24Z,342,15,1,0,0,0,1,1,1,1783470216
2026-07-08T00:29:24Z,343,0,0,21,2,0,1,1,1,1783470053
2026-07-08T00:29:24Z,344,5,5,17,1,0,1,1,1,1783468838
2026-07-08T00:29:24Z,345,6,0,12,1,0,1,1,1,1783469633
2026-07-08T00:29:24Z,346,1,0,22,0,0,1,1,1,1783470256
2026-07-08T00:29:24Z,347,39,3,7,1,0,1,1,1,1783470364
2026-07-08T00:29:24Z,348,4,1,17,2,0,1,1,1,1783470421
2026-07-08T00:29:24Z,349,1,1,15,3,0,1,1,1,1783470441
2026-07-08T00:29:24Z,350,22,0,3,1,1,1,1,1,1783470533
2026-07-08T00:29:24Z,351,20,1,2,1,0,1,1,1,1783470534
2026-07-08T00:29:24Z,355,4,0,16,3,0,1,1,1,1783470279
2026-07-08T00:29:24Z,356,4,0,14,1,0,1,1,1,1783470504
2026-07-08T00:29:24Z,357,15,5,3,1,0,1,1,1,1783470467
2026-07-08T00:29:24Z,358,0,0,7,5,13,0,1,1,1782961435
2026-07-08T00:29:24Z,359,21,1,5,1,0,1,1,1,1783470266
2026-07-08T00:29:24Z,360,5,0,14,0,0,1,1,1,1783470253
2026-07-08T00:29:24Z,362,14,3,3,1,0,1,1,1,1783470507
2026-07-08T00:29:24Z,363,23,0,4,0,0,1,1,1,1783470449
2026-07-08T00:29:24Z,364,6,0,11,1,1,1,1,1,1783470560
2026-07-08T00:29:24Z,365,9,4,13,1,0,1,1,1,1783470560
2026-07-08T00:29:24Z,366,9,7,10,4,0,1,1,1,1783470503
2026-07-08T00:29:24Z,367,11,1,8,0,0,1,1,1,1783470241
2026-07-08T00:29:24Z,368,6,1,17,0,0,1,1,1,1783469879
2026-07-08T00:29:24Z,370,10,9,16,1,0,1,1,1,1783470339
2026-07-08T00:29:24Z,371,5,0,12,2,0,1,1,1,1783468273
2026-07-08T00:29:24Z,372,9,2,5,1,0,1,1,1,1783470510
2026-07-08T00:29:24Z,373,16,5,8,2,0,1,1,1,1783470516
2026-07-08T00:29:24Z,374,14,5,3,1,0,1,1,1,1783470381
2026-07-08T00:29:24Z,375,3,2,24,0,0,1,1,1,1783470160
2026-07-08T00:29:24Z,376,10,6,27,2,0,1,1,1,1783470491
2026-07-08T00:29:24Z,377,6,4,19,2,0,1,1,1,1783470497
2026-07-08T00:29:24Z,378,18,2,6,0,0,1,1,1,1783470100
2026-07-08T00:29:24Z,379,27,0,0,0,0,1,1,1,1783470086
2026-07-08T00:29:24Z,380,12,3,11,0,0,1,1,1,1783470516
2026-07-08T00:29:24Z,381,18,0,5,0,0,1,1,1,1783469700
2026-07-08T00:29:24Z,383,3,0,12,0,0,1,1,1,1783469812
2026-07-08T00:29:24Z,384,0,0,18,1,0,1,1,1,1783469300
2026-07-08T00:29:24Z,385,8,1,8,2,0,1,1,1,1783470249
2026-07-08T00:29:24Z,387,0,0,23,0,0,1,1,1,1783469044
2026-07-08T00:29:24Z,388,4,0,43,2,0,1,1,1,1783470279
2026-07-08T00:29:24Z,389,4,3,10,1,0,1,1,1,1783470269
2026-07-08T00:29:24Z,390,8,3,19,0,0,1,1,1,1783470419
2026-07-08T00:29:24Z,391,2,2,13,0,0,1,1,1,1783470417
2026-07-08T00:29:24Z,392,4,3,15,0,0,1,1,1,1783470223
2026-07-08T00:29:24Z,393,1,1,9,1,0,1,1,1,1783470303
2026-07-08T00:29:24Z,394,7,2,7,0,1,1,1,1,1783470456
2026-07-08T00:29:24Z,396,7,2,31,4,0,1,1,1,1783470557
2026-07-08T00:29:24Z,397,2,0,29,0,0,1,1,1,1783470196
2026-07-08T00:29:24Z,399,0,0,17,0,0,1,1,1,1783470020
2026-07-08T00:29:24Z,400,4,2,16,3,0,1,1,1,1783470360
2026-07-08T00:29:24Z,401,7,1,24,0,0,1,1,1,1783470530
2026-07-08T00:29:24Z,403,13,1,16,2,0,1,1,1,1783470533
2026-07-08T00:29:24Z,404,1,0,22,0,0,1,1,1,1783470105
2026-07-08T00:29:24Z,406,23,0,11,1,0,1,1,1,1783470541
2026-07-08T00:29:24Z,407,2,2,30,2,0,1,1,1,1783469944
2026-07-08T00:29:24Z,408,0,0,31,2,0,1,1,1,1783470435
2026-07-08T00:29:24Z,409,0,0,23,0,0,1,1,1,1783470308
2026-07-08T00:29:24Z,413,17,5,5,1,0,1,1,1,1783470173
2026-07-08T00:29:24Z,414,3,0,12,0,0,1,1,1,1783469537
2026-07-08T00:29:24Z,417,2,0,17,0,0,1,1,1,1783470114
2026-07-08T00:29:24Z,418,1,0,14,0,0,1,1,1,1783468792
2026-07-08T00:29:24Z,419,5,2,17,1,0,1,1,1,1783469268
2026-07-08T00:29:24Z,421,15,0,4,0,0,1,1,1,1783470153
2026-07-08T00:29:24Z,422,1,1,23,3,0,1,1,1,1783470138
2026-07-08T00:29:24Z,423,15,0,8,0,0,1,1,1,1783470552
2026-07-08T00:29:24Z,424,0,0,13,2,0,1,1,1,1783470548
2026-07-08T00:29:24Z,425,6,0,16,0,0,1,1,1,1783470538
2026-07-08T00:29:24Z,426,1,0,33,3,0,1,1,1,1783470555
2026-07-08T00:29:24Z,427,7,1,7,0,1,1,1,1,1783469749
2026-07-08T00:29:24Z,428,12,0,6,1,0,1,1,1,1783470480
2026-07-08T00:29:24Z,429,9,4,11,3,0,1,1,1,1783470418
2026-07-08T00:29:24Z,430,27,1,4,0,0,1,1,1,1783470464
2026-07-08T00:29:24Z,431,19,0,8,4,2,1,1,1,1783470467
2026-07-08T00:29:24Z,432,8,2,23,0,0,1,1,1,1783470407
2026-07-08T00:29:24Z,433,8,0,13,2,0,1,1,1,1783470421
2026-07-08T00:29:24Z,437,6,5,12,1,0,1,1,1,1783470550
2026-07-08T00:29:24Z,438,5,1,12,2,0,1,1,1,1783470445
2026-07-08T00:29:24Z,439,4,1,11,0,0,1,1,1,1783470270
2026-07-08T00:29:24Z,440,6,1,7,2,0,1,1,1,1783470205
2026-07-08T00:29:24Z,441,5,3,10,0,0,1,1,1,1783470065
2026-07-08T00:29:24Z,442,12,5,7,0,0,1,1,1,1783470061
2026-07-08T00:29:24Z,443,6,0,21,0,0,1,1,1,1783448962
2026-07-08T00:29:24Z,444,5,3,17,1,0,1,1,1,1783468032
2026-07-08T00:29:24Z,445,4,4,18,1,0,1,1,1,1783469804
2026-07-08T00:29:24Z,446,2,0,21,0,0,1,1,1,1783470388
2026-07-08T00:29:24Z,447,5,2,16,2,0,1,1,1,1783469993
2026-07-08T00:29:24Z,448,7,2,5,2,1,1,1,1,1783469404
2026-07-08T00:29:24Z,452,14,1,4,1,0,1,1,1,1783470503
2026-07-08T00:29:24Z,453,2,1,12,1,0,1,1,1,1783469735
2026-07-08T00:29:24Z,454,14,0,3,1,1,1,1,1,1783469863
2026-07-08T00:29:24Z,455,0,0,38,0,0,1,1,1,1783468143
2026-07-08T00:29:24Z,456,8,1,13,2,0,1,1,1,1783470554
2026-07-08T00:29:24Z,457,0,0,25,2,0,1,1,1,1783470540
2026-07-08T00:29:24Z,458,9,8,13,1,0,1,1,1,1783470363
2026-07-08T00:29:24Z,459,4,2,10,1,0,1,1,1,1783469069
2026-07-08T00:29:24Z,460,19,3,4,0,0,1,1,1,1783470121
2026-07-08T00:29:24Z,461,6,1,12,1,0,1,1,1,1783470320
2026-07-08T00:29:24Z,462,7,0,12,2,0,1,1,1,1783470245
2026-07-08T00:29:24Z,463,7,2,12,0,0,1,1,1,1783470511
2026-07-08T00:29:24Z,464,4,1,8,2,0,1,1,1,1783470426
2026-07-08T00:29:24Z,465,1,1,14,0,0,1,1,1,1783470436
2026-07-08T00:29:24Z,466,6,1,8,1,0,1,1,1,1783470551
2026-07-08T00:29:24Z,467,1,0,14,0,0,1,1,1,1783470198
2026-07-08T00:29:24Z,468,2,0,16,1,0,1,1,1,1783469322
2026-07-08T00:29:24Z,469,0,0,22,0,1,1,1,1,1783468996
2026-07-08T00:29:24Z,470,13,3,2,0,0,1,1,1,1783469443
2026-07-08T00:29:24Z,471,19,0,8,0,0,1,1,1,1783470552
2026-07-08T00:29:24Z,472,6,0,12,1,0,1,1,1,1783470425
2026-07-08T00:29:24Z,473,7,2,12,0,0,1,1,1,1783470131
2026-07-08T00:29:24Z,474,9,0,8,2,0,1,1,1,1783470545
2026-07-08T00:29:24Z,475,8,1,10,1,0,1,1,1,1783470372
2026-07-08T00:29:24Z,476,19,0,3,1,0,1,1,1,1783470428
2026-07-08T00:29:24Z,477,3,1,11,1,0,1,1,1,1783470169
2026-07-08T00:29:24Z,478,26,0,1,4,0,1,1,1,1783470415
2026-07-08T00:29:24Z,479,1,1,24,2,0,1,1,1,1783470339
2026-07-08T00:29:24Z,480,12,3,1,2,0,1,1,1,1783467913
2026-07-08T00:29:24Z,481,26,0,9,0,0,1,1,1,1783470293
2026-07-08T00:29:24Z,482,2,0,17,0,0,1,1,1,1783470082
2026-07-08T00:29:24Z,483,15,0,12,0,0,1,1,1,1783470492
2026-07-08T00:29:24Z,484,0,0,19,0,0,1,1,1,1783470458
2026-07-08T00:29:24Z,485,17,6,1,1,0,1,1,1,1783470509
2026-07-08T00:29:24Z,486,10,1,17,0,0,1,1,1,1783470353
2026-07-08T00:29:24Z,487,7,6,10,2,0,1,1,1,1783470545
2026-07-08T00:29:24Z,489,6,2,6,3,0,1,1,1,1783470553
2026-07-08T00:29:24Z,490,0,0,16,0,0,1,1,1,1783470519
2026-07-08T00:29:24Z,491,11,1,9,1,0,1,1,1,1783470559
2026-07-08T00:29:24Z,492,6,1,2,3,0,1,1,1,1783469274
2026-07-08T00:29:24Z,493,3,0,23,1,0,1,1,1,1783469539
2026-07-08T00:29:24Z,495,1,1,13,1,0,1,1,1,1783470439
2026-07-08T00:29:24Z,496,19,1,7,1,0,1,1,1,1783470456
2026-07-08T00:29:24Z,497,4,0,15,0,0,1,1,1,1783469837
2026-07-08T00:29:24Z,498,1,0,21,1,0,1,1,1,1783470307
2026-07-08T00:29:24Z,499,5,2,13,1,0,1,1,1,1783469288
2026-07-08T00:29:24Z,500,0,0,14,1,0,1,1,1,1783469717
2026-07-08T00:29:24Z,501,9,1,10,2,0,1,1,1,1783470561
2026-07-08T00:29:24Z,502,0,0,19,0,0,1,1,1,1783469680
2026-07-08T00:29:24Z,503,21,0,8,2,0,1,1,1,1783470528
2026-07-08T00:29:24Z,504,0,0,39,0,0,1,1,1,1783469078
2026-07-08T00:29:24Z,505,10,2,7,1,0,1,1,1,1783470557
2026-07-08T00:29:24Z,511,1,1,22,0,0,1,1,1,1783469947
2026-07-08T00:29:24Z,512,12,3,7,0,0,1,1,1,1783469957
2026-07-08T00:29:24Z,514,5,1,4,2,0,1,1,1,1783470315
2026-07-08T00:29:24Z,515,8,2,11,0,0,1,1,1,1783470482
2026-07-08T00:29:24Z,516,0,0,27,0,0,1,1,1,1783469752
2026-07-08T00:29:24Z,517,8,0,13,2,0,1,1,1,1783469917
2026-07-08T00:29:24Z,518,15,1,0,0,0,1,1,1,1783463692
2026-07-08T00:29:24Z,519,9,1,9,1,0,1,1,1,1783470412
2026-07-08T00:29:24Z,520,15,3,10,1,1,1,1,1,1783470186
2026-07-08T00:29:24Z,521,9,6,14,0,0,1,1,1,1783470486
2026-07-08T00:29:24Z,522,18,1,4,1,0,1,1,1,1783470287
2026-07-08T00:29:24Z,523,3,0,19,1,0,1,1,1,1783470476
2026-07-08T00:29:24Z,524,13,0,10,0,0,1,1,1,1783470478
2026-07-08T00:29:24Z,525,9,0,10,0,0,1,1,1,1783470243
2026-07-08T00:29:24Z,526,4,0,9,2,0,1,1,1,1783470456
2026-07-08T00:29:24Z,527,3,3,22,1,0,1,1,1,1783469287
2026-07-08T00:29:24Z,528,9,1,13,1,0,1,1,1,1783470531
2026-07-08T00:29:24Z,529,6,5,7,6,0,1,1,1,1783470542
2026-07-08T00:29:24Z,530,14,0,6,1,0,1,1,1,1783470089
2026-07-08T00:29:24Z,531,7,0,14,1,1,1,1,1,1783470395
2026-07-08T00:29:24Z,532,2,2,28,1,0,1,1,1,1783470240
2026-07-08T00:29:24Z,533,7,0,10,2,0,1,1,1,1783470448
2026-07-08T00:29:24Z,534,0,0,21,2,0,1,1,1,1783470487
2026-07-08T00:29:24Z,535,3,1,11,1,0,1,1,1,1783469830
2026-07-08T00:29:24Z,536,7,0,14,2,0,1,1,1,1783470503
2026-07-08T00:29:24Z,537,2,1,19,0,0,1,1,1,1783470406
2026-07-08T00:29:24Z,538,11,4,8,0,0,1,1,1,1783469118
2026-07-08T00:29:24Z,539,9,8,21,1,0,1,1,1,1783470270
2026-07-08T00:29:24Z,540,2,0,17,0,0,1,1,1,1783470560
2026-07-08T00:29:24Z,541,11,1,16,0,0,1,1,1,1783470556
2026-07-08T00:29:24Z,542,1,1,22,0,0,1,1,1,1783470016
2026-07-08T00:29:24Z,543,10,0,7,2,0,1,1,1,1783469876
2026-07-08T00:29:24Z,544,17,1,4,1,0,1,1,1,1783469500
2026-07-08T00:29:24Z,545,11,0,3,5,0,1,1,1,1783470552
2026-07-08T00:29:24Z,546,5,3,13,1,0,1,1,1,1783470517
2026-07-08T00:29:24Z,547,3,1,19,1,0,1,1,1,1783470508
2026-07-08T00:29:24Z,548,13,2,8,2,0,1,1,1,1783470469
2026-07-08T00:29:24Z,549,5,0,16,0,0,1,1,1,1783470478
2026-07-08T00:29:24Z,550,0,0,19,0,0,1,1,1,1783469892
2026-07-08T00:29:24Z,551,20,5,3,0,0,1,1,1,1783469747
2026-07-08T00:29:24Z,552,24,3,3,0,0,1,1,1,1783470273
2026-07-08T00:29:24Z,553,3,0,18,2,0,1,1,1,1783470296
2026-07-08T00:29:24Z,554,0,0,19,0,0,1,1,1,1783468615
2026-07-08T00:29:24Z,555,9,2,3,3,0,1,1,1,1783469780
2026-07-08T00:29:24Z,556,2,0,20,1,0,1,1,1,1783470497
2026-07-08T00:29:24Z,557,4,1,17,2,0,1,1,1,1783470527
2026-07-08T00:29:24Z,558,16,2,20,1,0,1,1,1,1783470521
2026-07-08T00:29:24Z,559,0,0,18,1,0,1,1,1,1783464953
2026-07-08T00:29:24Z,560,14,0,12,1,0,1,1,1,1783470206
2026-07-08T00:29:24Z,561,13,1,9,1,0,1,1,1,1783470242
2026-07-08T00:29:24Z,562,21,2,12,2,0,1,1,1,1783470214
2026-07-08T00:29:24Z,563,13,0,1,0,0,1,1,1,1783468245
2026-07-08T00:29:24Z,564,14,1,5,0,0,1,1,1,1783470196
2026-07-08T00:29:24Z,565,1,0,18,0,0,1,1,1,1783470425
2026-07-08T00:29:24Z,566,18,0,0,1,0,1,1,1,1783470547
2026-07-08T00:29:24Z,567,19,1,7,1,0,1,1,1,1783470508
2026-07-08T00:29:24Z,568,13,0,5,1,0,1,1,1,1783469892
2026-07-08T00:29:24Z,569,9,2,10,0,0,1,1,1,1783468854
2026-07-08T00:29:24Z,570,12,1,7,0,0,1,1,1,1783470477
2026-07-08T00:29:24Z,571,14,1,9,0,0,1,1,1,1783470488
2026-07-08T00:29:24Z,572,7,0,12,0,0,1,1,1,1783470423
2026-07-08T00:29:24Z,573,3,0,11,1,0,1,1,1,1783470546
2026-07-08T00:29:24Z,574,0,0,14,1,0,1,1,1,1783470371
2026-07-08T00:29:24Z,575,0,0,21,0,0,1,1,1,1783470539
2026-07-08T00:29:24Z,576,2,1,17,0,0,1,1,1,1783470425
2026-07-08T00:29:24Z,577,10,0,21,0,0,1,1,1,1783470507
2026-07-08T00:29:24Z,578,5,1,18,0,0,1,1,1,1783470235
2026-07-08T00:29:24Z,579,42,1,1,0,0,1,1,1,1783469751
2026-07-08T00:29:24Z,580,0,0,30,1,0,1,1,1,1783470504
2026-07-08T00:29:24Z,581,5,0,12,2,0,1,1,1,1783470332
2026-07-08T00:29:24Z,582,4,0,55,1,0,1,1,1,1783470260
2026-07-08T00:29:24Z,583,21,0,0,2,0,1,1,1,1783470489
2026-07-08T00:29:24Z,584,2,1,12,5,0,1,1,1,1783470102
2026-07-08T00:29:24Z,585,13,0,13,0,0,1,1,1,1783470518
2026-07-08T00:29:24Z,586,0,0,34,1,0,1,1,1,1783470430
2026-07-08T00:29:24Z,587,4,0,19,2,0,1,1,1,1783470403
2026-07-08T00:29:24Z,588,1,0,18,0,0,1,1,1,1783467544
2026-07-08T00:29:24Z,589,21,10,1,1,0,1,1,1,1783470181
2026-07-08T00:29:24Z,590,2,0,29,0,0,1,1,1,1783468582
2026-07-08T00:29:24Z,591,1,0,19,2,0,1,1,1,1783469520
2026-07-08T00:29:24Z,592,4,0,19,0,0,1,1,1,1783470532
2026-07-08T00:29:24Z,593,3,0,36,0,0,1,1,1,1783469966
2026-07-08T00:29:24Z,594,0,0,20,1,0,1,1,1,1783469950
2026-07-08T00:29:24Z,595,0,0,3,0,0,0,1,1,1779985765
2026-07-08T00:29:24Z,605,0,0,3,0,0,0,1,1,1780413752
2026-07-08T00:29:24Z,606,0,0,0,0,0,0,1,1,86400
2026-07-08T00:29:24Z,607,6,0,25,2,0,1,1,1,1783470465
2026-07-08T00:29:24Z,608,0,0,51,1,0,1,1,1,1783470454
2026-07-08T00:29:24Z,609,4,1,19,0,0,1,1,1,1783470452
2026-07-08T00:29:24Z,610,0,0,35,0,0,1,1,1,1783470498
2026-07-08T00:29:24Z,611,0,0,25,2,0,1,1,1,1783469719
2026-07-08T00:29:24Z,612,1,0,14,0,0,1,1,1,1783469410
2026-07-08T00:29:24Z,613,12,3,2,1,0,1,1,1,1783466858
2026-07-08T00:29:24Z,614,1,1,24,1,1,1,1,1,1783470402
2026-07-08T00:29:24Z,617,12,0,2,1,0,1,1,1,1783470376
2026-07-08T00:29:24Z,618,16,4,1,2,0,1,1,1,1783470334
2026-07-08T00:29:24Z,619,18,6,1,0,0,1,1,1,1783470151
2026-07-08T00:29:24Z,620,0,0,22,1,0,1,1,1,1783468551
2026-07-08T00:29:24Z,621,5,1,18,0,0,1,1,1,1783470117
2026-07-08T00:29:24Z,622,5,2,17,1,0,1,1,1,1783470552
2026-07-08T00:29:24Z,623,5,0,22,2,1,1,1,1,1783470274
2026-07-08T00:29:24Z,624,4,0,10,0,1,1,1,1,1783469943
2026-07-08T00:29:24Z,625,5,1,13,3,0,1,1,1,1783470185
2026-07-08T00:29:24Z,626,1,0,43,0,2,1,1,1,1783470381
2026-07-08T00:29:24Z,627,5,2,12,0,0,1,1,1,1783470309
2026-07-08T00:29:24Z,628,1,0,16,1,1,1,1,1,1783469574
2026-07-08T00:29:24Z,629,8,6,2,1,0,1,1,1,1783469341
2026-07-08T00:29:24Z,630,23,0,1,3,0,1,1,1,1783470146
2026-07-08T00:29:24Z,631,1,0,22,0,0,1,1,1,1783470059
2026-07-08T00:29:24Z,632,19,0,2,2,0,1,1,1,1783470536
2026-07-08T00:29:24Z,633,12,0,0,2,1,1,1,1,1783470515
2026-07-08T00:29:24Z,634,13,0,4,2,0,1,1,1,1783470525
2026-07-08T00:29:24Z,635,15,1,3,1,0,1,1,1,1783470432
2026-07-08T00:29:24Z,636,6,0,9,0,0,1,1,1,1783470196
2026-07-08T00:29:24Z,637,13,6,6,0,0,1,1,1,1783469710
2026-07-08T00:29:24Z,638,1,1,16,2,0,1,1,1,1783470510
2026-07-08T00:29:24Z,639,0,0,0,3,16,0,1,1,1782287204
2026-07-08T00:29:24Z,640,0,0,22,1,0,1,1,1,1783467951
2026-07-08T00:29:24Z,641,12,1,14,1,0,1,1,1,1783470509
2026-07-08T00:29:24Z,642,4,1,13,2,0,1,1,1,1783469946
2026-07-08T00:29:24Z,643,0,0,27,0,0,1,1,1,1783468938
2026-07-08T00:29:24Z,644,6,0,3,5,1,1,1,1,1783470518
2026-07-08T00:29:24Z,645,4,0,17,1,1,1,1,1,1783470305
2026-07-08T00:29:24Z,646,11,1,5,3,0,1,1,1,1783466258
2026-07-08T00:29:24Z,647,26,3,4,1,0,1,1,1,1783470462
2026-07-08T00:29:24Z,648,13,1,3,3,0,1,1,1,1783470511
2026-07-08T00:29:24Z,649,2,1,28,1,0,1,1,1,1783470495
2026-07-08T00:29:24Z,650,5,2,10,1,0,1,1,1,1783469943
2026-07-08T00:29:24Z,651,2,0,20,1,0,1,1,1,1783469851
2026-07-08T00:29:24Z,652,0,0,20,3,0,1,1,1,1783470302
2026-07-08T00:29:24Z,653,9,1,6,4,0,1,1,1,1783470542
2026-07-08T00:29:24Z,654,4,1,10,1,0,1,1,1,1783470458
2026-07-08T00:29:24Z,655,7,1,7,0,0,1,1,1,1783467692
2026-07-08T00:29:24Z,656,17,1,2,0,0,1,1,1,1783470473
2026-07-08T00:29:24Z,657,10,3,6,1,0,1,1,1,1783468142
2026-07-08T00:29:24Z,658,1,0,22,0,0,1,1,1,1783470048
2026-07-08T00:29:24Z,659,2,1,13,0,0,1,1,1,1783468742
2026-07-08T00:29:24Z,660,23,1,7,1,0,1,1,1,1783470379
2026-07-08T00:29:24Z,661,2,0,13,4,0,1,1,1,1783470561
2026-07-08T00:29:24Z,662,4,0,18,1,0,1,1,1,1783465821
2026-07-08T00:29:24Z,663,12,1,2,0,0,1,1,1,1783470413
2026-07-08T00:29:24Z,664,17,0,10,0,0,1,1,1,1783470457
2026-07-08T00:29:24Z,665,4,1,11,0,0,1,1,1,1783470415
2026-07-08T00:29:24Z,666,6,1,9,0,0,1,1,1,1783470228
2026-07-08T00:29:24Z,667,13,0,2,2,0,1,1,1,1783470500
2026-07-08T00:29:24Z,668,10,2,8,1,0,1,1,1,1783470542
2026-07-08T00:29:24Z,669,12,3,2,0,0,1,1,1,1783470376
2026-07-08T00:29:24Z,670,14,2,9,4,0,1,1,1,1783470435
2026-07-08T00:29:24Z,671,20,0,6,1,0,1,1,1,1783470497
2026-07-08T00:29:24Z,672,14,0,4,5,0,1,1,1,1783469893
2026-07-08T00:29:24Z,673,7,0,15,0,0,1,1,1,1783470341
2026-07-08T00:29:24Z,674,2,1,20,1,0,1,1,1,1783470508
2026-07-08T00:29:24Z,675,4,2,9,2,0,1,1,1,1783470461
2026-07-08T00:29:24Z,676,13,1,8,1,1,1,1,1,1783470103
2026-07-08T00:29:24Z,681,2,1,8,5,0,1,1,1,1783470414
2026-07-08T00:29:24Z,682,9,5,9,1,0,1,1,1,1783446478
2026-07-08T00:29:24Z,683,11,1,8,0,0,1,1,1,1783468133
2026-07-08T00:29:24Z,684,9,3,16,2,0,1,1,1,1783466614
2026-07-08T00:29:24Z,685,3,2,23,0,1,1,1,1,1783467432
2026-07-08T00:29:24Z,686,12,2,13,1,1,1,1,1,1783470318
2026-07-08T00:29:24Z,687,5,1,22,3,1,1,1,1,1783470486
2026-07-08T00:29:24Z,688,17,2,1,1,0,1,1,1,1783465995
2026-07-08T00:29:24Z,692,14,14,6,1,0,1,1,1,1783470429
2026-07-08T00:29:24Z,693,9,4,2,0,0,1,1,1,1783470048
2026-07-08T00:29:24Z,694,7,7,11,3,0,1,1,1,1783470227
2026-07-08T00:29:24Z,695,8,4,14,1,0,1,1,1,1783470223
2026-07-08T00:29:24Z,696,20,16,2,1,0,1,1,1,1783470457
2026-07-08T00:29:24Z,697,13,0,10,0,0,1,1,1,1783470511
2026-07-08T00:29:24Z,698,12,1,15,0,0,1,1,1,1783470525
2026-07-08T00:29:24Z,699,2,1,11,2,0,1,1,1,1783470181
2026-07-08T00:29:24Z,700,12,1,7,0,0,1,1,1,1783470255
2026-07-08T00:29:24Z,701,2,1,17,0,0,1,1,1,1783470560
2026-07-08T00:29:24Z,702,0,0,22,2,0,1,1,1,1783470548
2026-07-08T00:29:24Z,703,11,2,12,0,0,1,1,1,1783460353
2026-07-08T00:29:24Z,704,7,0,8,0,0,1,1,1,1783468873
2026-07-08T00:29:24Z,705,1,1,10,4,0,1,1,1,1783470168
2026-07-08T00:29:24Z,706,4,2,10,1,0,1,1,1,1783470238
2026-07-08T00:29:24Z,707,8,1,5,2,0,1,1,1,1783470244
2026-07-08T00:29:24Z,708,19,0,0,0,0,1,1,1,1783470241
2026-07-08T00:29:24Z,709,11,2,3,1,0,1,1,1,1783470433
2026-07-08T00:29:24Z,710,6,2,13,0,0,1,1,1,1783470001
2026-07-08T00:29:24Z,711,7,4,6,6,0,1,1,1,1783470261
2026-07-08T00:29:24Z,712,14,4,0,1,0,1,1,1,1783470379
2026-07-08T00:29:24Z,713,20,9,1,2,0,1,1,1,1783470391
2026-07-08T00:29:24Z,716,3,0,12,0,0,1,1,1,1783470231
2026-07-08T00:29:24Z,717,1,1,17,7,0,1,1,1,1783470363
2026-07-08T00:29:24Z,718,0,0,15,0,0,1,1,1,1783470095
2026-07-08T00:29:24Z,719,17,1,12,0,0,1,1,1,1783470334
2026-07-08T00:29:24Z,720,0,0,17,2,0,1,1,1,1783470171
2026-07-08T00:29:24Z,721,5,0,17,1,0,1,1,1,1783470477
2026-07-08T00:29:24Z,722,14,1,0,1,0,1,1,1,1783470260
2026-07-08T00:29:24Z,723,2,2,16,5,0,1,1,1,1783470350
2026-07-08T00:29:24Z,724,6,2,17,0,0,1,1,1,1783470333
2026-07-08T00:29:24Z,725,23,0,0,0,0,1,1,1,1783470396
2026-07-08T00:29:24Z,726,9,1,8,2,0,1,1,1,1783470265
2026-07-08T00:29:24Z,727,10,0,12,1,0,1,1,1,1783470315
2026-07-08T00:29:24Z,728,5,0,6,4,0,1,1,1,1783470158
2026-07-08T00:29:24Z,729,7,0,12,0,0,1,1,1,1783470469
2026-07-08T00:29:24Z,730,7,0,8,0,0,1,1,1,1783470139
2026-07-08T00:29:24Z,731,1,1,14,0,0,1,1,1,1783470227
2026-07-08T00:29:24Z,732,4,0,11,0,0,1,1,1,1783470518
2026-07-08T00:29:24Z,733,19,2,8,0,0,1,1,1,1783470456
2026-07-08T00:29:24Z,734,7,1,7,0,0,1,1,1,1783470085
2026-07-08T00:29:24Z,735,2,1,25,0,0,1,1,1,1783470512
2026-07-08T00:29:24Z,736,6,4,12,1,0,1,1,1,1783470350
2026-07-08T00:29:24Z,737,3,2,11,1,0,1,1,1,1783470180
2026-07-08T00:29:24Z,738,9,0,9,1,0,1,1,1,1783470261
2026-07-08T00:29:24Z,739,8,3,15,4,0,1,1,1,1783470448
2026-07-08T00:29:24Z,741,10,2,11,2,0,1,1,1,1783470327
2026-07-08T00:29:24Z,742,12,5,24,3,0,1,1,1,1783470561
2026-07-08T00:29:24Z,743,8,4,11,0,0,1,1,1,1783470263
2026-07-08T00:29:24Z,744,2,1,12,1,0,1,1,1,1783470246
2026-07-08T00:29:24Z,745,12,4,6,1,0,1,1,1,1783470507
2026-07-08T00:29:24Z,746,11,2,11,1,0,1,1,1,1783470537
2026-07-08T00:29:24Z,747,0,0,19,0,0,0,1,1,1783446606
2026-07-08T00:29:24Z,748,13,3,9,1,0,1,1,1,1783470379
2026-07-08T00:29:24Z,749,9,0,14,0,0,1,1,1,1783470556
2026-07-08T00:29:24Z,750,0,0,8,3,0,1,1,1,1783470121
2026-07-08T00:29:24Z,751,1,0,22,0,0,1,1,1,1783470489
2026-07-08T00:29:24Z,752,4,1,11,2,0,1,1,1,1783470541
2026-07-08T00:29:24Z,753,6,1,7,2,0,1,1,1,1783470383
2026-07-08T00:29:24Z,754,4,3,10,1,0,1,1,1,1783470090
2026-07-08T00:29:24Z,755,4,1,13,2,0,1,1,1,1783470210
2026-07-08T00:29:24Z,756,1,1,34,1,1,1,1,1,1783470530
2026-07-08T00:29:24Z,757,3,2,16,0,0,1,1,1,1783470237
2026-07-08T00:29:24Z,758,5,2,18,0,0,1,1,1,1783470343
2026-07-08T00:29:24Z,759,1,0,13,1,0,1,1,1,1783470208
2026-07-08T00:29:24Z,760,6,1,12,1,0,1,1,1,1783470225
2026-07-08T00:29:24Z,761,4,0,19,0,0,1,1,1,1783470344
2026-07-08T00:29:24Z,762,5,4,7,3,0,1,1,1,1783470337
2026-07-08T00:29:24Z,768,8,1,7,4,0,1,1,1,1783470200
2026-07-08T00:29:24Z,769,16,7,1,1,0,1,1,1,1783470421
2026-07-08T00:29:24Z,770,4,0,15,0,0,1,1,1,1783470078
2026-07-08T00:29:24Z,771,10,0,5,0,0,1,1,1,1783470125
2026-07-08T00:29:24Z,772,8,3,7,0,0,1,1,1,1783470140
2026-07-08T00:29:24Z,773,13,4,5,1,0,1,1,1,1783470361
2026-07-08T00:29:24Z,774,0,0,13,2,0,1,1,1,1783470254
2026-07-08T00:29:24Z,775,11,2,5,3,0,1,1,1,1783470518
2026-07-08T00:29:24Z,776,5,0,15,1,0,1,1,1,1783470337
2026-07-08T00:29:24Z,777,8,1,6,1,0,1,1,1,1783470353
2026-07-08T00:29:24Z,778,12,0,5,2,0,1,1,1,1783470248
2026-07-08T00:29:24Z,779,11,3,7,1,0,1,1,1,1783470530
2026-07-08T00:29:24Z,780,3,1,14,2,0,1,1,1,1783470503
2026-07-08T00:29:24Z,781,2,0,5,4,0,1,1,1,1783470039
2026-07-08T00:29:24Z,782,1,0,16,2,0,1,1,1,1783470254
2026-07-08T00:29:24Z,783,9,5,8,2,0,1,1,1,1783470287
2026-07-08T00:29:24Z,784,16,1,2,1,0,1,1,1,1783470285
2026-07-08T00:29:24Z,785,10,6,4,4,0,1,1,1,1783470369
2026-07-08T00:29:24Z,786,5,1,12,2,0,1,1,1,1783470291
2026-07-08T00:29:24Z,787,4,1,10,1,0,1,1,1,1783470122
2026-07-08T00:29:24Z,788,6,0,9,0,0,1,1,1,1783470160
2026-07-08T00:29:24Z,789,10,0,2,3,0,1,1,1,1783470107
2026-07-08T00:29:24Z,790,0,0,22,1,0,1,1,1,1783470317
2026-07-08T00:29:24Z,791,7,0,12,0,0,1,1,1,1783470221
2026-07-08T00:29:24Z,793,9,2,3,3,0,1,1,1,1783469495
2026-07-08T00:29:24Z,794,1,0,28,0,0,1,1,1,1783470368
2026-07-08T00:29:24Z,796,1,0,15,3,0,1,1,1,1783470256
2026-07-08T00:29:24Z,797,3,0,11,1,0,1,1,1,1783470214
2026-07-08T00:29:24Z,798,0,0,24,1,0,1,1,1,1783470449
2026-07-08T00:29:24Z,799,0,0,18,1,0,1,1,1,1783470220
2026-07-08T00:29:24Z,800,11,0,10,0,0,1,1,1,1783470551
2026-07-08T00:29:24Z,801,0,0,21,0,0,1,1,1,1783470304
2026-07-08T00:29:24Z,802,1,0,29,1,0,1,1,1,1783470515
2026-07-08T00:29:24Z,803,2,2,13,0,0,1,1,1,1783470187
2026-07-08T00:29:24Z,806,7,3,4,4,0,1,1,1,1783470100
2026-07-08T00:29:24Z,807,1,1,24,0,0,1,1,1,1783470346
2026-07-08T00:29:24Z,808,1,1,22,2,0,1,1,1,1783469208
2026-07-08T00:29:24Z,809,4,1,18,1,0,1,1,1,1783470348
2026-07-08T00:29:24Z,810,3,2,13,3,0,1,1,1,1783470225
2026-07-08T00:29:24Z,815,9,2,5,1,0,1,1,1,1783470313
2026-07-08T00:29:24Z,817,3,0,2,10,0,1,1,1,1783470495
2026-07-08T00:29:24Z,818,5,1,17,1,0,1,1,1,1783470339
2026-07-08T00:29:24Z,819,2,1,10,3,0,1,1,1,1783470147
2026-07-08T00:29:24Z,820,8,0,8,1,0,1,1,1,1783470411
2026-07-08T00:29:24Z,821,10,6,3,2,0,1,1,1,1783470194
2026-07-08T00:29:24Z,822,1,0,22,0,0,1,1,1,1783470377
2026-07-08T00:29:24Z,823,13,0,1,1,0,1,1,1,1783470523
2026-07-08T00:29:24Z,824,10,4,1,8,0,1,1,1,1783470467
2026-07-08T00:29:24Z,825,7,1,8,0,0,1,1,1,1783470139
2026-07-08T00:29:24Z,826,7,0,11,1,0,1,1,1,1783470148
2026-07-08T00:29:24Z,827,4,0,15,2,0,1,1,1,1783470333
2026-07-08T00:29:24Z,828,4,3,13,1,0,1,1,1,1783470320
2026-07-08T00:29:24Z,829,7,2,18,2,0,1,1,1,1783470366
2026-07-08T00:29:24Z,830,11,0,11,1,0,1,1,1,1783470356
2026-07-08T00:29:24Z,831,2,1,13,0,0,1,1,1,1783470079
2026-07-08T00:29:24Z,832,15,3,1,2,0,1,1,1,1783470211
2026-07-08T00:29:24Z,833,6,3,11,2,0,1,1,1,1783470171
2026-07-08T00:29:24Z,834,20,1,1,3,0,1,1,1,1783470333
2026-07-08T00:29:24Z,835,9,0,9,0,0,1,1,1,1783470376
2026-07-08T00:29:24Z,837,8,1,0,7,0,1,1,1,1783470468
2026-07-08T00:29:24Z,838,3,0,10,2,0,1,1,1,1783470541
2026-07-08T00:29:24Z,839,10,0,19,0,0,1,1,1,1783470510
2026-07-08T00:29:24Z,840,7,5,21,1,0,1,1,1,1783470472
2026-07-08T00:29:24Z,841,8,4,7,0,0,1,1,1,1783469956
2026-07-08T00:29:24Z,842,3,2,19,0,0,1,1,1,1783470315
2026-07-08T00:29:24Z,843,6,0,23,2,0,1,1,1,1783470431
2026-07-08T00:29:24Z,844,11,1,11,1,0,1,1,1,1783470506
2026-07-08T00:29:24Z,845,3,0,15,1,0,1,1,1,1783470214
2026-07-08T00:29:24Z,846,1,0,15,2,0,1,1,1,1783470227
2026-07-08T00:29:24Z,847,1,0,26,0,0,1,1,1,1783470387
2026-07-08T00:29:24Z,848,2,1,17,0,0,1,1,1,1783470530
2026-07-08T00:29:24Z,849,1,1,10,3,0,1,1,1,1783469650
2026-07-08T00:29:24Z,850,5,0,4,2,0,1,1,1,1783470521
2026-07-08T00:29:24Z,851,3,2,33,1,0,1,1,1,1783470557
2026-07-08T00:29:24Z,852,5,0,14,0,0,1,1,1,1783469822
2026-07-08T00:29:24Z,853,12,2,10,1,0,1,1,1,1783470339
2026-07-08T00:29:24Z,854,3,1,12,0,0,1,1,1,1783470233
2026-07-08T00:29:24Z,855,10,1,16,1,0,1,1,1,1783470215
2026-07-08T00:29:24Z,857,1,1,16,2,0,1,1,1,1783470461
2026-07-08T00:29:24Z,858,1,0,16,2,0,1,1,1,1783470215
2026-07-08T00:29:24Z,859,4,0,14,3,0,1,1,1,1783470232
2026-07-08T00:29:24Z,861,1,0,9,1,0,1,1,1,1783470077
2026-07-08T00:29:24Z,862,3,1,12,0,0,1,1,1,1783470103
2026-07-08T00:29:24Z,863,9,3,9,1,0,1,1,1,1783470265
2026-07-08T00:29:24Z,866,7,0,12,0,0,1,1,1,1783470232
2026-07-08T00:29:24Z,867,13,0,1,1,0,1,1,1,1783470080
2026-07-08T00:29:24Z,868,15,4,0,0,0,1,1,1,1783470141
2026-07-08T00:29:24Z,870,11,3,4,0,0,1,1,1,1783470144
2026-07-08T00:29:24Z,871,1,0,9,1,0,1,1,1,1783470079
2026-07-08T00:29:24Z,872,9,2,4,2,0,1,1,1,1783470169
2026-07-08T00:29:24Z,873,1,1,30,2,0,1,1,1,1783470474
2026-07-08T00:29:24Z,874,3,0,11,1,0,1,1,1,1783470556
2026-07-08T00:29:24Z,875,8,3,7,0,0,1,1,1,1783470231
2026-07-08T00:29:24Z,877,5,4,12,2,0,1,1,1,1783470244
2026-07-08T00:29:24Z,878,8,0,11,0,0,1,1,1,1783470255
2026-07-08T00:29:24Z,879,5,1,12,2,0,1,1,1,1783470250
2026-07-08T00:29:24Z,880,12,2,11,0,0,1,1,1,1783470345
2026-07-08T00:29:24Z,881,4,0,12,3,0,1,1,1,1783470278
2026-07-08T00:29:24Z,882,12,4,6,1,0,1,1,1,1783470219
2026-07-08T00:29:24Z,883,11,5,8,0,0,1,1,1,1783470181
2026-07-08T00:29:24Z,884,6,5,14,1,0,1,1,1,1783470307
2026-07-08T00:29:24Z,885,19,1,0,0,0,1,1,1,1783470177
2026-07-08T00:29:24Z,886,4,4,22,3,0,1,1,1,1783470413
2026-07-08T00:29:24Z,887,1,0,15,1,0,1,1,1,1783470124
2026-07-08T00:29:24Z,888,6,0,35,0,0,1,1,1,1783470457
2026-07-08T00:29:24Z,889,18,0,0,1,0,1,1,1,1783470171
2026-07-08T00:29:24Z,890,1,1,14,0,0,1,1,1,1783470188
2026-07-08T00:29:24Z,891,11,1,9,3,0,1,1,1,1783470295
2026-07-08T00:29:24Z,892,13,2,1,1,0,1,1,1,1783470450
2026-07-08T00:29:24Z,895,10,1,9,0,0,1,1,1,1783470168
2026-07-08T00:29:24Z,896,19,0,16,0,0,1,1,1,1783470528
2026-07-08T00:29:24Z,897,10,1,10,1,0,1,1,1,1783470291
2026-07-08T00:29:24Z,898,14,0,5,0,0,1,1,1,1783470209
2026-07-08T00:29:24Z,899,18,0,1,0,0,1,1,1,1783470208
2026-07-08T00:29:24Z,900,24,1,3,0,0,1,1,1,1783470059
2026-07-08T00:29:24Z,901,14,0,5,0,0,1,1,1,1783470407
2026-07-08T00:29:24Z,902,4,1,9,2,0,1,1,1,1783470140
2026-07-08T00:29:24Z,903,3,0,16,0,0,1,1,1,1783470201
2026-07-08T00:29:24Z,904,9,0,7,3,0,1,1,1,1783470223
2026-07-08T00:29:24Z,905,3,0,23,1,0,1,1,1,1783470340
2026-07-08T00:29:24Z,906,9,9,17,1,0,1,1,1,1783470542
2026-07-08T00:29:24Z,907,9,0,22,0,0,1,1,1,1783470531
2026-07-08T00:29:24Z,908,7,3,15,1,0,1,1,1,1783470287
2026-07-08T00:29:24Z,909,18,0,5,0,0,1,1,1,1783470353
2026-07-08T00:29:24Z,910,24,1,6,1,0,1,1,1,1783470545
2026-07-08T00:29:24Z,911,13,0,4,2,0,1,1,1,1783470521
2026-07-08T00:29:24Z,912,18,2,3,2,0,1,1,1,1783470548
2026-07-08T00:29:24Z,913,8,3,11,0,0,1,1,1,1783470186
2026-07-08T00:29:24Z,914,1,0,16,2,0,1,1,1,1783470452
2026-07-08T00:29:24Z,915,20,2,2,1,0,1,1,1,1783470509
2026-07-08T00:29:24Z,916,23,2,0,0,0,1,1,1,1783470547
2026-07-08T00:29:24Z,917,5,0,30,0,0,1,1,1,1783470471
2026-07-08T00:29:24Z,918,5,0,14,0,0,1,1,1,1783470212
2026-07-08T00:29:24Z,919,12,1,26,1,0,1,1,1,1783470558
2026-07-08T00:29:24Z,920,9,4,9,1,0,1,1,1,1783470199
2026-07-08T00:29:24Z,921,17,0,2,2,0,1,1,1,1783470269
2026-07-08T00:29:24Z,922,10,0,11,0,0,1,1,1,1783470337
2026-07-08T00:29:24Z,923,2,0,16,1,0,1,1,1,1783470208
2026-07-08T00:29:24Z,924,6,1,14,1,0,1,1,1,1783470251
2026-07-08T00:29:24Z,925,4,0,15,2,0,1,1,1,1783470026
2026-07-08T00:29:24Z,926,3,0,17,1,0,1,1,1,1783469952
2026-07-08T00:29:24Z,927,0,0,34,0,0,1,1,1,1783470461
2026-07-08T00:29:24Z,928,6,0,13,0,0,1,1,1,1783470384
2026-07-08T00:29:24Z,929,0,0,23,0,0,1,1,1,1783470307
2026-07-08T00:29:24Z,930,20,0,9,2,0,1,1,1,1783470425
2026-07-08T00:29:24Z,931,11,7,12,0,0,1,1,1,1783470532
2026-07-08T00:29:24Z,932,9,1,10,0,0,1,1,1,1783470560
2026-07-08T00:29:24Z,933,16,0,6,1,0,1,1,1,1783470331
2026-07-08T00:29:24Z,934,0,0,31,0,0,1,1,1,1783470395
2026-07-08T00:29:24Z,935,13,1,3,3,0,1,1,1,1783470520
2026-07-08T00:29:24Z,936,1,0,18,0,0,1,1,1,1783470220
2026-07-08T00:29:24Z,940,11,0,0,0,0,1,1,1,1783470413
2026-07-08T00:29:24Z,941,16,2,9,0,0,1,1,1,1783470248
2026-07-08T00:29:24Z,942,7,2,14,0,0,1,1,1,1783470472
2026-07-08T00:29:24Z,943,4,4,10,1,0,1,1,1,1783470093
2026-07-08T00:29:24Z,944,7,7,7,1,0,1,1,1,1783470147
2026-07-08T00:29:24Z,945,6,3,8,1,0,1,1,1,1783470136
2026-07-08T00:29:24Z,946,10,7,9,0,0,1,1,1,1783470174
2026-07-08T00:29:24Z,947,8,6,9,0,0,1,1,1,1783470131
2026-07-08T00:29:24Z,948,7,5,23,1,0,1,1,1,1783470429
2026-07-08T00:29:24Z,949,3,2,12,0,0,1,1,1,1783470527
2026-07-08T00:29:24Z,950,2,0,14,1,0,1,1,1,1783470158
2026-07-08T00:29:24Z,951,5,0,16,2,0,1,1,1,1783470491
2026-07-08T00:29:24Z,952,25,2,23,7,0,1,1,1,1783470225
2026-07-08T00:29:24Z,953,8,0,6,1,0,1,1,1,1783470379
2026-07-08T00:29:24Z,954,13,0,5,1,0,1,1,1,1783470209
2026-07-08T00:29:24Z,955,6,4,16,5,0,1,1,1,1783470522
2026-07-08T00:29:24Z,956,17,1,0,2,0,1,1,1,1783470241
2026-07-08T00:29:24Z,957,29,1,0,0,0,1,1,1,1783470405
2026-07-08T00:29:24Z,958,27,0,1,3,0,1,1,1,1783470396
2026-07-08T00:29:24Z,959,9,4,13,1,0,1,1,1,1783470539
2026-07-08T00:29:24Z,960,22,2,0,1,0,1,1,1,1783470312
2026-07-08T00:29:24Z,961,1,0,18,4,0,1,1,1,1783470342
2026-07-08T00:29:24Z,962,21,8,7,7,0,1,1,1,1783470497
2026-07-08T00:29:24Z,963,15,0,8,0,0,1,1,1,1783470290
2026-07-08T00:29:24Z,964,14,10,8,1,0,1,1,1,1783470318
2026-07-08T00:29:24Z,965,7,3,18,2,0,1,1,1,1783470432
2026-07-08T00:29:24Z,966,22,0,8,1,0,1,1,1,1783470513
2026-07-08T00:29:24Z,967,10,0,8,3,0,1,1,1,1783470232
2026-07-08T00:29:24Z,968,9,2,10,0,0,1,1,1,1783470258
2026-07-08T00:29:24Z,969,19,7,6,2,0,1,1,1,1783470364
2026-07-08T00:29:24Z,970,11,4,7,1,0,1,1,1,1783470224
2026-07-08T00:29:24Z,971,21,1,0,2,0,1,1,1,1783470461
2026-07-08T00:29:24Z,972,17,0,6,0,0,1,1,1,1783470320
2026-07-08T00:29:24Z,973,2,0,20,1,0,1,1,1,1783470303
2026-07-08T00:29:24Z,974,3,1,23,1,0,1,1,1,1783470385
2026-07-08T00:29:24Z,977,0,0,19,2,0,1,1,1,1783470212
2026-07-08T00:29:24Z,978,12,4,11,0,0,1,1,1,1783470378
2026-07-08T00:29:24Z,979,2,0,12,3,0,1,1,1,1783470110
2026-07-08T00:29:24Z,980,1,0,20,0,0,1,1,1,1783470310
2026-07-08T00:29:24Z,981,15,1,5,1,0,1,1,1,1783470518
2026-07-08T00:29:24Z,982,4,1,15,0,0,1,1,1,1783470207
2026-07-08T00:29:24Z,983,0,0,23,0,0,1,1,1,1783470342
2026-07-08T00:29:24Z,984,20,8,0,3,0,1,1,1,1783470348
2026-07-08T00:29:24Z,985,23,0,7,1,0,1,1,1,1783470383
2026-07-08T00:29:24Z,986,9,8,10,0,0,1,1,1,1783470236
2026-07-08T00:29:24Z,987,3,0,19,1,0,1,1,1,1783470311
2026-07-08T00:29:24Z,988,6,0,11,2,0,1,1,1,1783470222
2026-07-08T00:29:24Z,989,14,10,3,2,0,1,1,1,1783470271
2026-07-08T00:29:24Z,990,7,1,7,1,0,1,1,1,1783470151
2026-07-08T00:29:24Z,991,17,9,2,0,0,1,1,1,1783470299
2026-07-08T00:29:24Z,992,4,2,18,1,0,1,1,1,1783470385
2026-07-08T00:29:24Z,993,0,0,25,2,0,1,1,1,1783470371
2026-07-08T00:29:24Z,994,1,0,18,2,0,1,1,1,1783470359
2026-07-08T00:29:24Z,995,0,0,27,0,0,1,1,1,1783470332
2026-07-08T00:29:24Z,996,9,4,12,2,0,1,1,1,1783470363
2026-07-08T00:29:24Z,997,6,2,12,5,0,1,1,1,1783470475
2026-07-08T00:29:24Z,998,4,1,19,0,0,1,1,1,1783470324
2026-07-08T00:29:24Z,999,7,2,12,1,1,1,1,1,1783470313
2026-07-08T00:29:24Z,1000,5,0,15,1,0,1,1,1,1783470253
2026-07-08T00:29:24Z,1001,2,0,25,0,0,1,1,1,1783470332
2026-07-08T00:29:24Z,1002,0,0,31,0,0,1,1,1,1783470387
2026-07-08T00:29:24Z,1003,0,0,23,0,0,1,1,1,1783470298
2026-07-08T00:29:24Z,1004,6,0,17,0,0,1,1,1,1783469448
2026-07-08T00:29:24Z,1005,5,2,17,1,0,1,1,1,1783470303
2026-07-08T00:29:24Z,1006,10,1,9,0,0,1,1,1,1783470224
2026-07-08T00:29:24Z,1007,2,0,18,1,0,1,1,1,1783470250
2026-07-08T00:29:24Z,1008,18,8,5,0,0,1,1,1,1783470335
2026-07-08T00:29:24Z,1009,5,1,24,2,0,1,1,1,1783470463
2026-07-08T00:29:24Z,1010,9,8,18,0,0,1,1,1,1783470375
2026-07-08T00:29:24Z,1011,2,1,15,2,0,1,1,1,1783470218
2026-07-08T00:29:24Z,1012,1,0,21,1,0,1,1,1,1783470310
2026-07-08T00:29:24Z,1013,4,2,18,1,0,1,1,1,1783470323
2026-07-08T00:29:24Z,1014,6,1,15,2,0,1,1,1,1783470297
2026-07-08T00:29:24Z,1015,8,3,23,0,0,1,1,1,1783470403
2026-07-08T00:29:24Z,1016,16,6,14,1,0,1,1,1,1783470426
2026-07-08T00:29:24Z,1017,8,0,12,1,0,1,1,1,1783470273
2026-07-08T00:29:24Z,1018,3,2,13,5,0,1,1,1,1783470304
2026-07-08T00:29:24Z,1019,13,1,1,1,0,1,1,1,1783470157
2026-07-08T00:29:24Z,1020,14,2,7,0,0,1,1,1,1783470269
2026-07-08T00:29:24Z,1021,12,6,3,0,0,1,1,1,1783470171
2026-07-08T00:29:24Z,1022,10,1,17,0,0,1,1,1,1783470343
2026-07-08T00:29:24Z,1023,13,0,10,0,0,1,1,1,1783470358
2026-07-08T00:29:24Z,1024,3,0,16,0,0,1,1,1,1783470286
2026-07-08T00:29:24Z,1025,15,1,4,0,0,1,1,1,1783470224
2026-07-08T00:29:24Z,1026,10,7,20,1,0,1,1,1,1783470418
2026-07-08T00:29:24Z,1028,16,4,7,0,0,1,1,1,1783470340
2026-07-08T00:29:24Z,1029,10,8,2,3,0,1,1,1,1783470169
2026-07-08T00:29:24Z,1030,17,5,6,0,0,1,1,1,1783470362
2026-07-08T00:29:24Z,1031,2,2,16,1,0,1,1,1,1783470225
2026-07-08T00:29:24Z,1032,10,3,9,0,0,1,1,1,1783470229
2026-07-08T00:29:24Z,1033,17,8,1,1,0,1,1,1,1783470269
2026-07-08T00:29:24Z,1034,8,0,7,0,0,1,1,1,1783470156
2026-07-08T00:29:24Z,1035,3,0,15,1,0,1,1,1,1783470209
2026-07-08T00:29:24Z,1036,14,4,1,0,0,1,1,1,1783470169
2026-07-08T00:29:24Z,1037,0,0,19,0,0,1,1,1,1783470215
2026-07-08T00:29:24Z,1038,0,0,15,0,0,1,1,1,1783470145
2026-07-08T00:29:24Z,1039,12,6,7,0,0,1,1,1,1783470236
2026-07-08T00:29:24Z,1040,0,0,18,1,0,1,1,1,1783470234
2026-07-08T00:29:24Z,1041,3,2,16,0,0,1,1,1,1783470213
2026-07-08T00:29:24Z,1042,9,2,6,0,0,1,1,1,1783470154
2026-07-08T00:29:24Z,1043,9,6,10,0,0,1,1,1,1783470234
2026-07-08T00:29:24Z,1044,0,0,15,0,0,1,1,1,1783470143
2026-07-08T00:29:24Z,1045,2,1,17,0,0,1,1,1,1783470222
2026-07-08T00:29:24Z,1046,7,0,5,3,0,1,1,1,1783470145
2026-07-08T00:29:24Z,1047,1,1,19,1,0,1,1,1,1783470243
2026-07-08T00:29:24Z,1048,14,1,5,0,0,1,1,1,1783470205
2026-07-08T00:29:24Z,1049,11,2,10,0,0,1,1,1,1783470280
2026-07-08T00:29:24Z,1050,16,1,3,2,0,1,1,1,1783470502
2026-07-08T00:29:24Z,1051,15,2,5,1,0,1,1,1,1783470285
2026-07-08T00:29:24Z,1052,12,1,10,0,0,1,1,1,1783470316
2026-07-08T00:29:24Z,1053,6,0,9,0,0,1,1,1,1783470161
2026-07-08T00:29:24Z,1054,12,4,3,0,0,1,1,1,1783470156
2026-07-08T00:29:24Z,1055,8,0,11,0,0,1,1,1,1783470220
2026-07-08T00:29:24Z,1057,5,0,14,0,0,1,1,1,1783470238
2026-07-08T00:29:24Z,1058,3,1,52,1,0,1,1,1,1783470442
2026-07-08T00:29:24Z,1059,6,2,13,0,0,1,1,1,1783470200
2026-07-08T00:29:24Z,1060,37,14,0,0,0,1,1,1,1783469952
2026-07-08T00:29:24Z,1061,2,0,35,0,0,1,1,1,1783470508
2026-07-08T00:29:24Z,1062,6,0,11,0,0,1,1,1,1783470128
2026-07-08T00:29:24Z,1063,10,3,7,2,0,1,1,1,1783470219
2026-07-08T00:29:24Z,1064,10,2,13,0,0,1,1,1,1783470296
2026-07-08T00:29:24Z,1065,10,2,11,2,0,1,1,1,1783470341
2026-07-08T00:29:24Z,1066,14,3,7,2,0,1,1,1,1783470361
2026-07-08T00:29:24Z,1067,7,0,13,3,0,1,1,1,1783470314
2026-07-08T00:29:24Z,1068,13,1,9,1,0,1,1,1,1783470306
2026-07-08T00:29:24Z,1069,3,0,19,1,0,1,1,1,1783470336
2026-07-08T00:29:24Z,1070,7,4,15,1,0,1,1,1,1783470313
2026-07-08T00:29:24Z,1071,0,0,22,1,0,1,1,1,1783470301
2026-07-08T00:29:24Z,1072,13,2,8,2,0,1,1,1,1783470346
2026-07-08T00:29:24Z,1073,2,0,24,1,0,1,1,1,1783470382
2026-07-08T00:29:24Z,1074,39,0,11,3,0,1,1,1,1783470559
2026-07-08T00:29:24Z,1075,10,9,11,0,0,1,1,1,1783470278
2026-07-08T00:29:24Z,1076,13,9,8,0,0,1,1,1,1783470510
2026-07-08T00:29:24Z,1077,10,9,11,0,0,1,1,1,1783470274
2026-07-08T00:29:24Z,1078,4,1,17,0,0,1,1,1,1783469973
2026-07-08T00:29:24Z,1079,10,8,11,0,0,1,1,1,1783470266
2026-07-08T00:29:24Z,1080,10,8,11,0,0,1,1,1,1783470296
2026-07-08T00:29:24Z,1081,12,10,7,0,0,1,1,1,1783470194
2026-07-08T00:29:24Z,1082,13,11,10,0,0,1,1,1,1783470248
2026-07-08T00:29:24Z,1083,11,8,10,0,0,1,1,1,1783470283
2026-07-08T00:29:24Z,1084,9,7,12,0,0,1,1,1,1783470347
2026-07-08T00:29:24Z,1085,10,9,11,0,0,1,1,1,1783470361
2026-07-08T00:29:24Z,1086,8,6,13,0,0,1,1,1,1783469456
2026-07-08T00:29:24Z,1087,9,9,6,0,0,1,1,1,1783470516
2026-07-08T00:29:24Z,1088,6,4,9,0,0,1,1,1,1783470195
2026-07-08T00:29:24Z,1089,8,6,7,0,0,1,1,1,1783470162
2026-07-08T00:29:24Z,1090,9,8,6,0,0,1,1,1,1783470164
2026-07-08T00:29:24Z,1091,10,8,5,0,0,1,1,1,1783470167
2026-07-08T00:29:24Z,1092,7,6,8,0,0,1,1,1,1783470201
2026-07-08T00:29:24Z,1093,9,7,6,0,0,1,1,1,1783470173
2026-07-08T00:29:24Z,1094,12,9,7,0,0,1,1,1,1783470205
2026-07-08T00:29:24Z,1095,8,6,7,0,0,1,1,1,1783470105
2026-07-08T00:29:24Z,1096,10,7,9,0,0,1,1,1,1783470256
2026-07-08T00:29:24Z,1097,9,9,6,0,0,1,1,1,1783470186
2026-07-08T00:29:24Z,1098,8,6,11,0,0,1,1,1,1783470231
2026-07-08T00:29:24Z,1099,10,8,5,0,0,1,1,1,1783470167
2026-07-08T00:29:24Z,1100,9,5,18,2,0,1,1,1,1783470404
2026-07-08T00:29:24Z,1101,12,7,8,1,0,1,1,1,1783470295
2026-07-08T00:29:24Z,1102,9,4,4,0,0,1,1,1,1783470112
2026-07-08T00:29:24Z,1103,10,5,9,2,0,1,1,1,1783470279
2026-07-08T00:29:24Z,1104,9,5,12,0,0,1,1,1,1783470293
2026-07-08T00:29:24Z,1105,6,2,5,2,0,1,1,1,1783470458
2026-07-08T00:29:24Z,1106,10,5,10,1,0,1,1,1,1783470276
2026-07-08T00:29:24Z,1107,9,4,5,1,0,1,1,1,1783470148
2026-07-08T00:29:24Z,1108,4,2,20,3,0,1,1,1,1783470347
2026-07-08T00:29:24Z,1109,10,5,5,0,0,1,1,1,1783470151
2026-07-08T00:29:24Z,1110,11,0,9,1,0,1,1,1,1783470263
2026-07-08T00:29:24Z,1111,5,0,16,0,0,1,1,1,1783470263
2026-07-08T00:29:24Z,1112,4,1,49,0,0,1,1,1,1783470476
2026-07-08T00:29:24Z,1113,2,2,19,0,0,1,1,1,1783470192
2026-07-08T00:29:24Z,1115,9,0,12,2,0,1,1,1,1783470559
2026-07-08T00:29:24Z,1116,1,0,18,0,0,1,1,1,1783470213
2026-07-08T00:29:24Z,1117,3,1,19,1,0,1,1,1,1783470289
2026-07-08T00:29:24Z,1118,17,0,4,0,0,1,1,1,1783470294
2026-07-08T00:29:24Z,1119,5,1,11,1,0,1,1,1,1783470193
2026-07-08T00:29:24Z,1120,14,1,2,3,0,1,1,1,1783470431
2026-07-08T00:29:24Z,1121,4,1,17,0,0,1,1,1,1783470416
2026-07-08T00:29:24Z,1122,3,0,17,1,0,1,1,1,1783470370
2026-07-08T00:29:24Z,1123,4,0,17,2,0,1,1,1,1783470300
2026-07-08T00:29:24Z,1124,10,0,4,1,0,1,1,1,1783470503
2026-07-08T00:29:24Z,1125,15,0,8,0,0,1,1,1,1783470312
2026-07-08T00:29:24Z,1126,7,1,13,1,0,1,1,1,1783470233
2026-07-08T00:29:24Z,1127,7,1,11,1,0,1,1,1,1783470372
2026-07-08T00:29:24Z,1128,14,2,0,1,0,1,1,1,1783470149
2026-07-08T00:29:24Z,1129,7,2,14,0,0,1,1,1,1783470395
2026-07-08T00:29:24Z,1130,13,0,1,1,0,1,1,1,1783470143
2026-07-08T00:29:24Z,1131,0,0,49,0,0,1,1,1,1783469028
2026-07-08T00:29:24Z,1132,11,0,8,2,0,1,1,1,1783470247
2026-07-08T00:29:24Z,1133,6,1,13,2,0,1,1,1,1783470209
2026-07-08T00:29:24Z,1134,11,5,7,1,0,1,1,1,1783470337
2026-07-08T00:29:24Z,1135,13,7,8,0,0,1,1,1,1783470270
2026-07-08T00:29:24Z,1136,22,0,0,1,0,1,1,1,1783470503
2026-07-08T00:29:24Z,1137,2,1,13,0,0,1,1,1,1783470401
2026-07-08T00:29:24Z,1138,19,0,0,0,0,1,1,1,1783470249
2026-07-08T00:29:24Z,1139,11,1,10,0,0,1,1,1,1783470538
2026-07-08T00:29:24Z,1140,17,2,4,2,0,1,1,1,1783470385
2026-07-08T00:29:24Z,1141,7,3,12,2,0,1,1,1,1783470538
2026-07-08T00:29:24Z,1142,5,0,16,0,0,1,1,1,1783470278
2026-07-08T00:29:24Z,1143,14,0,14,1,0,1,1,1,1783470403
2026-07-08T00:29:24Z,1144,3,1,17,1,0,1,1,1,1783400779
2026-07-08T00:29:24Z,1145,6,2,11,3,0,1,1,1,1783469203
2026-07-08T00:29:24Z,1146,6,0,13,0,0,1,1,1,1783470530
2026-07-08T00:29:24Z,1147,7,2,12,0,0,1,1,1,1783470252
2026-07-08T00:29:24Z,1148,10,2,20,1,0,1,1,1,1783470507
2026-07-08T00:29:24Z,1149,5,2,19,1,0,1,1,1,1783470547
2026-07-08T00:29:24Z,1150,11,0,6,2,0,1,1,1,1783470262
2026-07-08T00:29:24Z,1151,2,0,18,1,0,1,1,1,1783470233
2026-07-08T00:29:24Z,1152,11,0,16,2,0,1,1,1,1783470364
2026-07-08T00:29:24Z,1153,13,0,9,1,0,1,1,1,1783470235
2026-07-08T00:29:24Z,1154,1,0,16,2,0,1,1,1,1783470185
2026-07-08T00:29:24Z,1155,11,3,8,2,0,1,1,1,1783470508
2026-07-08T00:29:24Z,1158,9,0,10,0,0,1,1,1,1783470218
2026-07-08T00:29:24Z,1159,7,5,12,0,0,1,1,1,1783470294
2026-07-08T00:29:24Z,1160,10,2,8,1,0,1,1,1,1783469086
2026-07-08T00:29:24Z,1161,8,2,11,0,0,1,1,1,1783470250
2026-07-08T00:29:24Z,1162,10,4,8,1,0,1,1,1,1783470234
2026-07-08T00:29:24Z,1163,2,2,17,0,0,1,1,1,1783470200
2026-07-08T00:29:24Z,1164,8,0,11,0,0,1,1,1,1783470204
2026-07-08T00:29:24Z,1165,3,1,17,1,0,1,1,1,1783470244
2026-07-08T00:29:24Z,1166,1,0,19,0,0,1,1,1,1783470234
2026-07-08T00:29:24Z,1167,13,2,2,0,0,1,1,1,1783470140
2026-07-08T00:29:24Z,1168,1,1,22,0,0,1,1,1,1783470353
2026-07-08T00:29:24Z,1169,3,2,15,1,0,1,1,1,1783470216
2026-07-08T00:29:24Z,1170,5,5,16,0,0,1,1,1,1783470531
2026-07-08T00:29:24Z,1171,16,14,6,1,0,1,1,1,1783470345
2026-07-08T00:29:24Z,1172,9,3,4,2,0,1,1,1,1783470162
2026-07-08T00:29:24Z,1173,5,5,13,1,0,1,1,1,1783470219
2026-07-08T00:29:24Z,1174,2,1,12,1,0,1,1,1,1783470144
2026-07-08T00:29:24Z,1175,7,0,12,0,0,1,1,1,1783470364
2026-07-08T00:29:24Z,1176,19,5,2,0,0,1,1,1,1783470254
2026-07-08T00:29:24Z,1177,11,2,10,0,0,1,1,1,1783470246
2026-07-08T00:29:24Z,1178,4,0,9,2,0,1,1,1,1783470271
2026-07-08T00:29:24Z,1181,14,1,1,0,0,1,1,1,1783469544
2026-07-08T00:29:24Z,1182,0,0,20,0,0,1,1,1,1783470461
2026-07-08T00:29:24Z,1183,14,0,21,2,0,1,1,1,1783470502
2026-07-08T00:29:24Z,1184,13,6,7,1,0,1,1,1,1783470448
2026-07-08T00:29:24Z,1185,13,6,8,0,0,1,1,1,1783470276
2026-07-08T00:29:24Z,1186,9,5,9,1,0,1,1,1,1783470212
2026-07-08T00:29:24Z,1188,8,4,7,0,0,1,1,1,1783469691
2026-07-08T00:29:24Z,1189,10,5,9,0,0,1,1,1,1783469767
2026-07-08T00:29:24Z,1190,9,5,12,0,0,1,1,1,1783470249
2026-07-08T00:29:24Z,1191,8,4,6,1,0,1,1,1,1783470288
2026-07-08T00:29:24Z,1192,8,4,12,1,0,1,1,1,1783470302
2026-07-08T00:29:24Z,1193,3,1,9,1,0,1,1,1,1783470092
2026-07-08T00:29:24Z,1197,13,3,3,1,0,1,1,1,1783470122
2026-07-08T00:29:24Z,1198,15,9,6,0,0,1,1,1,1783470265
2026-07-08T00:29:24Z,1199,3,3,16,0,0,1,1,1,1783470199
2026-07-08T00:29:24Z,1200,11,4,4,0,0,1,1,1,1783469989
2026-07-08T00:29:24Z,1201,8,4,6,1,0,1,1,1,1783470012
2026-07-08T00:29:24Z,1202,9,5,6,0,0,1,1,1,1783469979
2026-07-08T00:29:24Z,1203,9,5,6,0,0,1,1,1,1783469984
2026-07-08T00:29:24Z,1218,7,4,14,0,0,1,1,1,1783470295
2026-07-08T00:29:24Z,1224,0,0,3,0,0,0,1,1,1781869449
2026-07-08T00:29:24Z,1225,0,0,3,0,0,0,1,1,1781868919
2026-07-08T00:29:24Z,1226,0,0,3,0,0,0,1,1,1781868931
2026-07-08T00:34:24Z,1,0,0,23,0,0,1,1,1,1783470556
2026-07-08T00:34:24Z,2,11,1,15,1,0,1,1,1,1783470578
2026-07-08T00:34:24Z,3,10,1,8,0,0,1,1,1,1783470597
2026-07-08T00:34:24Z,4,2,0,21,0,0,1,1,1,1783469060
2026-07-08T00:34:24Z,5,8,6,11,4,0,1,1,1,1783470768
2026-07-08T00:34:24Z,6,5,0,10,0,0,1,1,1,1783470326
2026-07-08T00:34:24Z,7,19,0,4,0,0,1,1,1,1783470588
2026-07-08T00:34:24Z,8,42,1,0,1,0,1,1,1,1783470812
2026-07-08T00:34:24Z,9,0,0,22,1,0,1,1,1,1783470000
2026-07-08T00:34:24Z,10,7,2,16,0,0,1,1,1,1783468042
2026-07-08T00:34:24Z,11,1,0,18,0,0,1,1,1,1783470675
2026-07-08T00:34:24Z,12,0,0,23,0,0,1,1,1,1783470757
2026-07-08T00:34:24Z,13,29,1,1,0,0,1,1,1,1783470767
2026-07-08T00:34:24Z,14,40,0,3,0,0,1,1,1,1783470563
2026-07-08T00:34:24Z,15,14,1,0,1,0,1,1,1,1783470360
2026-07-08T00:34:24Z,16,3,2,24,0,0,1,1,1,1783470530
2026-07-08T00:34:24Z,17,25,0,0,2,0,1,1,1,1783470260
2026-07-08T00:34:24Z,18,17,0,2,0,0,1,1,1,1783470807
2026-07-08T00:34:24Z,19,5,3,22,0,0,1,1,1,1783470798
2026-07-08T00:34:24Z,20,14,0,13,0,0,1,1,1,1783470806
2026-07-08T00:34:24Z,21,10,0,8,1,0,1,1,1,1783470804
2026-07-08T00:34:24Z,22,2,0,64,1,0,1,1,1,1783470487
2026-07-08T00:34:24Z,23,15,0,16,0,0,1,1,1,1783469784
2026-07-08T00:34:24Z,24,0,0,9,2,0,1,1,1,1783470851
2026-07-08T00:34:24Z,25,16,0,59,6,0,1,1,1,1783470852
2026-07-08T00:34:24Z,26,0,0,27,0,0,1,1,1,1783470490
2026-07-08T00:34:24Z,28,10,3,5,0,0,1,1,1,1783470344
2026-07-08T00:34:24Z,30,13,1,14,0,0,1,1,1,1783470733
2026-07-08T00:34:24Z,31,0,0,19,0,0,1,1,1,1783470675
2026-07-08T00:34:24Z,32,27,3,0,0,0,1,1,1,1783470292
2026-07-08T00:34:24Z,34,28,1,9,0,0,1,1,1,1783470064
2026-07-08T00:34:24Z,35,5,3,41,1,0,1,1,1,1783470737
2026-07-08T00:34:24Z,36,0,0,0,0,0,0,1,1,86400
2026-07-08T00:34:24Z,37,16,1,6,1,0,1,1,1,1783470830
2026-07-08T00:34:24Z,38,5,2,18,0,0,1,1,1,1783470788
2026-07-08T00:34:24Z,39,22,5,9,0,0,1,1,1,1783470707
2026-07-08T00:34:24Z,40,0,0,21,0,0,1,1,1,1783469847
2026-07-08T00:34:24Z,41,4,0,21,2,0,1,1,1,1783470841
2026-07-08T00:34:24Z,42,7,1,23,1,0,1,1,1,1783470805
2026-07-08T00:34:24Z,43,17,2,6,0,0,1,1,1,1783470613
2026-07-08T00:34:24Z,45,1,1,27,3,0,1,1,1,1783470683
2026-07-08T00:34:24Z,46,0,0,29,1,1,1,1,1,1783470099
2026-07-08T00:34:24Z,47,5,1,9,1,0,1,1,1,1783470413
2026-07-08T00:34:24Z,48,1,1,26,0,0,1,1,1,1783470556
2026-07-08T00:34:24Z,49,1,0,19,3,0,1,1,1,1783470843
2026-07-08T00:34:24Z,50,2,2,17,0,0,1,1,1,1783470516
2026-07-08T00:34:24Z,51,0,0,78,0,0,1,1,1,1783470549
2026-07-08T00:34:24Z,52,0,0,25,2,0,1,1,1,1783470286
2026-07-08T00:34:24Z,55,0,0,21,0,1,1,1,1,1783470731
2026-07-08T00:34:24Z,57,2,1,25,0,0,1,1,1,1783470587
2026-07-08T00:34:24Z,58,5,2,23,0,0,1,1,1,1783470734
2026-07-08T00:34:24Z,59,0,0,25,2,0,1,1,1,1783469781
2026-07-08T00:34:24Z,61,0,0,37,2,0,1,1,1,1783469462
2026-07-08T00:34:24Z,62,2,0,45,2,0,1,1,1,1783470798
2026-07-08T00:34:24Z,63,0,0,19,0,0,1,1,1,1783468347
2026-07-08T00:34:24Z,64,17,1,1,1,0,1,1,1,1783470812
2026-07-08T00:34:24Z,65,3,1,14,2,0,1,1,1,1783470165
2026-07-08T00:34:24Z,67,1,0,38,0,0,1,1,1,1783470687
2026-07-08T00:34:24Z,68,0,0,37,0,0,1,1,1,1783470766
2026-07-08T00:34:24Z,69,14,2,1,0,0,1,1,1,1783468047
2026-07-08T00:34:24Z,71,0,0,27,0,0,1,1,1,1783470514
2026-07-08T00:34:24Z,72,2,1,29,0,0,1,1,1,1783470817
2026-07-08T00:34:24Z,73,0,0,23,0,0,1,1,1,1783470373
2026-07-08T00:34:24Z,74,7,2,12,0,0,1,1,1,1783470404
2026-07-08T00:34:24Z,75,0,0,34,1,0,1,1,1,1783468816
2026-07-08T00:34:24Z,76,1,0,18,0,0,1,1,1,1783470572
2026-07-08T00:34:24Z,77,9,0,14,4,0,1,1,1,1783470602
2026-07-08T00:34:24Z,78,0,0,23,0,0,1,1,1,1783467209
2026-07-08T00:34:24Z,79,3,0,14,0,0,1,1,1,1783470767
2026-07-08T00:34:24Z,80,19,1,2,2,0,1,1,1,1783470851
2026-07-08T00:34:24Z,81,11,0,1,19,0,1,1,1,1783470829
2026-07-08T00:34:24Z,82,1,1,20,2,0,1,1,1,1783470647
2026-07-08T00:34:24Z,83,1,0,30,3,0,1,1,1,1783470801
2026-07-08T00:34:24Z,84,19,0,6,2,0,1,1,1,1783470801
2026-07-08T00:34:24Z,85,0,0,14,0,0,1,1,1,1783470551
2026-07-08T00:34:24Z,86,2,0,24,1,0,1,1,1,1783470835
2026-07-08T00:34:24Z,87,0,0,19,0,0,1,1,1,1783464851
2026-07-08T00:34:24Z,88,25,2,6,0,0,1,1,1,1783470809
2026-07-08T00:34:24Z,89,19,0,16,0,0,1,1,1,1783470516
2026-07-08T00:34:24Z,90,5,0,13,1,0,1,1,1,1783470719
2026-07-08T00:34:24Z,91,7,1,10,0,0,1,1,1,1783470623
2026-07-08T00:34:24Z,92,13,0,4,2,0,1,1,1,1783470826
2026-07-08T00:34:24Z,93,19,0,4,0,0,1,1,1,1783470785
2026-07-08T00:34:24Z,94,1,1,18,0,0,1,1,1,1783468543
2026-07-08T00:34:24Z,95,6,0,28,0,1,1,1,1,1783470650
2026-07-08T00:34:24Z,96,9,1,20,2,0,1,1,1,1783470528
2026-07-08T00:34:24Z,97,7,0,8,0,0,1,1,1,1783469708
2026-07-08T00:34:24Z,98,13,1,20,2,0,1,1,1,1783470187
2026-07-08T00:34:24Z,99,12,0,2,0,0,1,1,1,1783470643
2026-07-08T00:34:24Z,100,14,0,12,1,0,1,1,1,1783470410
2026-07-08T00:34:24Z,101,2,0,11,2,0,1,1,1,1783470729
2026-07-08T00:34:24Z,102,9,0,14,0,0,1,1,1,1783470615
2026-07-08T00:34:24Z,103,8,0,20,4,0,1,1,1,1783470681
2026-07-08T00:34:24Z,104,3,3,22,2,0,1,1,1,1783470676
2026-07-08T00:34:24Z,105,12,0,7,0,0,1,1,1,1783470464
2026-07-08T00:34:24Z,106,0,0,21,0,0,1,1,1,1783469801
2026-07-08T00:34:24Z,107,32,0,5,0,0,1,1,1,1783470625
2026-07-08T00:34:24Z,108,14,1,19,2,0,1,1,1,1783470484
2026-07-08T00:34:24Z,109,16,0,7,0,0,1,1,1,1783470577
2026-07-08T00:34:24Z,110,3,1,20,0,0,1,1,1,1783470676
2026-07-08T00:34:24Z,111,1,0,33,2,0,1,1,1,1783470818
2026-07-08T00:34:24Z,112,17,0,1,1,0,1,1,1,1783470004
2026-07-08T00:34:24Z,113,3,1,16,0,0,1,1,1,1783470845
2026-07-08T00:34:24Z,114,6,2,21,4,0,1,1,1,1783470828
2026-07-08T00:34:24Z,115,0,0,24,2,0,1,1,1,1783470667
2026-07-08T00:34:24Z,116,0,0,26,1,0,1,1,1,1783470388
2026-07-08T00:34:24Z,118,8,3,11,4,0,1,1,1,1783470728
2026-07-08T00:34:24Z,119,16,3,19,3,0,1,1,1,1783470707
2026-07-08T00:34:24Z,120,3,0,22,2,0,1,1,1,1783470755
2026-07-08T00:34:24Z,121,9,0,10,0,0,1,1,1,1783470756
2026-07-08T00:34:24Z,122,5,1,15,1,0,1,1,1,1783470470
2026-07-08T00:34:24Z,123,16,0,31,0,0,1,1,1,1783470678
2026-07-08T00:34:24Z,124,5,0,22,0,0,1,1,1,1783470748
2026-07-08T00:34:24Z,125,2,0,21,0,0,1,1,1,1783470830
2026-07-08T00:34:24Z,126,3,0,28,0,0,1,1,1,1783470813
2026-07-08T00:34:24Z,127,0,0,22,0,0,1,1,1,1783469736
2026-07-08T00:34:24Z,128,2,1,17,0,0,1,1,1,1783470703
2026-07-08T00:34:24Z,129,16,5,1,2,0,1,1,1,1783470690
2026-07-08T00:34:24Z,130,12,0,5,0,0,1,1,1,1783470852
2026-07-08T00:34:24Z,131,0,0,9,2,0,1,1,1,1783470239
2026-07-08T00:34:24Z,132,0,0,14,0,1,1,1,1,1783468552
2026-07-08T00:34:24Z,133,2,0,21,0,0,1,1,1,1783470424
2026-07-08T00:34:24Z,134,3,3,20,0,0,1,1,1,1783470800
2026-07-08T00:34:24Z,135,11,2,8,0,0,1,1,1,1783470611
2026-07-08T00:34:24Z,136,11,0,11,0,0,1,1,1,1783470109
2026-07-08T00:34:24Z,137,5,4,13,1,0,1,1,1,1783470572
2026-07-08T00:34:24Z,138,35,2,1,1,0,1,1,1,1783470809
2026-07-08T00:34:24Z,139,17,0,2,0,0,1,1,1,1783470710
2026-07-08T00:34:24Z,140,11,0,9,3,0,1,1,1,1783470850
2026-07-08T00:34:24Z,141,23,3,0,2,0,1,1,1,1783470176
2026-07-08T00:34:24Z,142,0,0,19,0,0,0,1,1,1782498468
2026-07-08T00:34:24Z,143,25,0,3,3,0,1,1,1,1783470823
2026-07-08T00:34:24Z,144,22,2,4,1,0,1,1,1,1783470835
2026-07-08T00:34:24Z,145,27,3,3,1,0,1,1,1,1783470835
2026-07-08T00:34:24Z,146,21,4,0,2,0,1,1,1,1783470851
2026-07-08T00:34:24Z,147,2,0,16,1,0,1,1,1,1783470846
2026-07-08T00:34:24Z,148,17,1,9,1,0,1,1,1,1783470837
2026-07-08T00:34:24Z,149,2,1,17,0,0,1,1,1,1783470432
2026-07-08T00:34:24Z,150,33,0,1,1,0,1,1,1,1783470813
2026-07-08T00:34:24Z,151,20,0,2,1,0,1,1,1,1783470847
2026-07-08T00:34:24Z,152,18,1,7,1,0,1,1,1,1783470850
2026-07-08T00:34:24Z,153,16,4,5,2,0,1,1,1,1783470777
2026-07-08T00:34:24Z,154,17,2,2,4,0,1,1,1,1783470756
2026-07-08T00:34:24Z,155,2,1,8,4,0,1,1,1,1783470652
2026-07-08T00:34:24Z,156,10,3,9,0,0,1,1,1,1783470835
2026-07-08T00:34:24Z,157,24,3,1,2,0,1,1,1,1783470802
2026-07-08T00:34:24Z,158,8,1,11,0,0,1,1,1,1783470804
2026-07-08T00:34:24Z,159,11,2,8,0,0,1,1,1,1783470480
2026-07-08T00:34:24Z,160,17,1,1,1,0,1,1,1,1783470739
2026-07-08T00:34:24Z,161,11,1,11,1,0,1,1,1,1783470849
2026-07-08T00:34:24Z,162,13,9,14,0,0,1,1,1,1783470603
2026-07-08T00:34:24Z,163,22,3,8,1,0,1,1,1,1783470848
2026-07-08T00:34:24Z,164,20,0,7,0,0,1,1,1,1783470589
2026-07-08T00:34:24Z,165,12,5,16,2,0,1,1,1,1783470853
2026-07-08T00:34:24Z,166,26,6,11,1,0,1,1,1,1783470749
2026-07-08T00:34:24Z,167,11,6,11,1,0,1,1,1,1783470566
2026-07-08T00:34:24Z,168,7,0,19,1,0,1,1,1,1783470841
2026-07-08T00:34:24Z,169,14,1,7,3,0,1,1,1,1783470846
2026-07-08T00:34:24Z,170,13,5,5,1,0,1,1,1,1783470783
2026-07-08T00:34:24Z,171,6,1,4,3,0,1,1,1,1783470746
2026-07-08T00:34:24Z,173,2,0,35,0,0,1,1,1,1783470722
2026-07-08T00:34:24Z,174,14,3,11,0,0,1,1,1,1783470618
2026-07-08T00:34:24Z,175,26,1,2,3,0,1,1,1,1783470616
2026-07-08T00:34:24Z,176,13,5,0,1,1,1,1,1,1783470716
2026-07-08T00:34:24Z,177,23,3,0,4,0,1,1,1,1783470820
2026-07-08T00:34:24Z,178,15,0,0,0,0,1,1,1,1783468640
2026-07-08T00:34:24Z,179,11,3,2,2,0,1,1,1,1783470753
2026-07-08T00:34:24Z,180,0,0,29,1,0,1,1,1,1783469918
2026-07-08T00:34:24Z,181,7,3,8,0,0,1,1,1,1783470784
2026-07-08T00:34:24Z,182,8,4,10,1,0,1,1,1,1783470306
2026-07-08T00:34:24Z,183,18,2,3,2,0,1,1,1,1783470787
2026-07-08T00:34:24Z,184,4,1,17,2,0,1,1,1,1783470590
2026-07-08T00:34:24Z,185,5,1,7,2,1,1,1,1,1783468783
2026-07-08T00:34:24Z,186,6,3,12,1,0,1,1,1,1783470849
2026-07-08T00:34:24Z,187,2,0,25,2,0,1,1,1,1783470839
2026-07-08T00:34:24Z,188,16,2,1,10,0,1,1,1,1783470852
2026-07-08T00:34:24Z,189,7,1,7,1,0,1,1,1,1783468769
2026-07-08T00:34:24Z,190,4,1,19,0,0,1,1,1,1783470731
2026-07-08T00:34:24Z,191,4,3,32,3,0,1,1,1,1783470833
2026-07-08T00:34:24Z,192,17,14,14,0,0,1,1,1,1783470782
2026-07-08T00:34:24Z,193,9,5,5,1,0,1,1,1,1783470802
2026-07-08T00:34:24Z,194,0,0,15,0,0,1,1,1,1783470598
2026-07-08T00:34:24Z,195,1,1,18,0,0,1,1,1,1783470799
2026-07-08T00:34:24Z,196,4,2,23,0,0,1,1,1,1783470664
2026-07-08T00:34:24Z,197,3,0,14,1,1,1,1,1,1783470725
2026-07-08T00:34:24Z,198,1,0,22,0,0,1,1,1,1783468951
2026-07-08T00:34:24Z,199,0,0,13,2,0,1,1,1,1783469543
2026-07-08T00:34:24Z,200,1,1,25,0,0,1,1,1,1783469399
2026-07-08T00:34:24Z,201,2,2,21,0,0,1,1,1,1783470789
2026-07-08T00:34:24Z,202,0,0,21,0,0,0,1,1,1783093344
2026-07-08T00:34:24Z,203,0,0,31,0,0,1,1,1,1783469636
2026-07-08T00:34:24Z,204,4,0,31,0,0,1,1,1,1783470440
2026-07-08T00:34:24Z,205,11,0,16,0,0,1,1,1,1783470823
2026-07-08T00:34:24Z,206,10,1,3,2,0,1,1,1,1783470848
2026-07-08T00:34:24Z,207,6,1,15,0,0,1,1,1,1783470851
2026-07-08T00:34:24Z,208,4,1,24,1,0,1,1,1,1783470233
2026-07-08T00:34:24Z,209,20,2,10,1,0,1,1,1,1783470760
2026-07-08T00:34:24Z,210,1,0,25,1,0,1,1,1,1783470625
2026-07-08T00:34:24Z,211,8,1,15,0,0,1,1,1,1783470318
2026-07-08T00:34:24Z,212,12,0,23,0,0,1,1,1,1783470819
2026-07-08T00:34:24Z,213,22,0,1,0,0,1,1,1,1783470311
2026-07-08T00:34:24Z,214,11,10,32,4,0,1,1,1,1783470658
2026-07-08T00:34:24Z,215,4,3,19,0,0,1,1,1,1783470677
2026-07-08T00:34:24Z,216,16,1,3,0,0,1,1,1,1783470758
2026-07-08T00:34:24Z,217,28,6,0,1,0,1,1,1,1783470814
2026-07-08T00:34:24Z,218,24,4,10,5,0,1,1,1,1783470845
2026-07-08T00:34:24Z,219,0,0,3,0,0,0,1,1,1783102064
2026-07-08T00:34:24Z,220,32,2,10,1,0,1,1,1,1783470851
2026-07-08T00:34:24Z,221,13,8,1,0,0,1,1,1,1783470576
2026-07-08T00:34:24Z,222,11,6,7,1,0,1,1,1,1783470636
2026-07-08T00:34:24Z,223,4,0,28,3,0,1,1,1,1783470821
2026-07-08T00:34:24Z,224,2,0,20,0,0,1,1,1,1783470697
2026-07-08T00:34:24Z,225,2,1,13,4,0,1,1,1,1783470353
2026-07-08T00:34:24Z,226,1,1,28,2,0,1,1,1,1783470849
2026-07-08T00:34:24Z,227,9,8,15,3,0,1,1,1,1783470797
2026-07-08T00:34:24Z,228,4,4,15,0,0,1,1,1,1783469346
2026-07-08T00:34:24Z,230,20,2,3,0,0,1,1,1,1783470849
2026-07-08T00:34:24Z,232,12,3,6,1,0,1,1,1,1783470735
2026-07-08T00:34:24Z,233,24,6,6,1,0,1,1,1,1783470758
2026-07-08T00:34:24Z,234,6,3,9,3,1,1,1,1,1783470646
2026-07-08T00:34:24Z,236,2,2,16,1,0,1,1,1,1783470326
2026-07-08T00:34:24Z,237,6,0,15,2,0,1,1,1,1783470662
2026-07-08T00:34:24Z,239,4,3,20,3,0,1,1,1,1783470691
2026-07-08T00:34:24Z,241,13,8,9,1,0,1,1,1,1783470600
2026-07-08T00:34:24Z,242,3,0,17,3,0,1,1,1,1783470818
2026-07-08T00:34:24Z,243,11,0,16,4,0,1,1,1,1783470725
2026-07-08T00:34:24Z,244,10,2,16,1,0,1,1,1,1783470620
2026-07-08T00:34:24Z,245,6,0,17,0,0,1,1,1,1783470766
2026-07-08T00:34:24Z,246,0,0,23,0,0,1,1,1,1783470557
2026-07-08T00:34:24Z,247,2,2,18,3,0,1,1,1,1783470674
2026-07-08T00:34:24Z,248,1,1,18,4,0,1,1,1,1783469823
2026-07-08T00:34:24Z,249,0,0,17,2,0,1,1,1,1783470455
2026-07-08T00:34:24Z,250,3,3,23,1,0,1,1,1,1783470060
2026-07-08T00:34:24Z,251,1,0,26,0,0,1,1,1,1783470792
2026-07-08T00:34:24Z,253,3,2,16,0,0,1,1,1,1783470756
2026-07-08T00:34:24Z,254,17,2,18,8,0,1,1,1,1783470629
2026-07-08T00:34:24Z,255,0,0,23,0,0,1,1,1,1783470035
2026-07-08T00:34:24Z,256,16,10,7,0,0,1,1,1,1783470449
2026-07-08T00:34:24Z,257,16,8,3,0,0,1,1,1,1783470442
2026-07-08T00:34:24Z,258,2,2,15,2,0,1,1,1,1783470758
2026-07-08T00:34:24Z,259,7,5,15,1,0,1,1,1,1783470750
2026-07-08T00:34:24Z,260,7,4,12,0,0,1,1,1,1783470806
2026-07-08T00:34:24Z,261,13,1,4,2,0,1,1,1,1783470610
2026-07-08T00:34:24Z,262,18,10,3,2,0,1,1,1,1783470772
2026-07-08T00:34:24Z,263,10,2,5,0,0,1,1,1,1783470794
2026-07-08T00:34:24Z,264,12,5,7,0,0,1,1,1,1783470265
2026-07-08T00:34:24Z,265,11,1,3,1,0,1,1,1,1783470769
2026-07-08T00:34:24Z,266,7,4,8,4,0,1,1,1,1783470271
2026-07-08T00:34:24Z,267,9,1,5,1,0,1,1,1,1783459155
2026-07-08T00:34:24Z,268,3,1,19,1,0,1,1,1,1783470314
2026-07-08T00:34:24Z,269,2,2,21,0,0,1,1,1,1783469544
2026-07-08T00:34:24Z,270,17,5,10,0,0,1,1,1,1783470748
2026-07-08T00:34:24Z,271,1,0,16,2,0,1,1,1,1783470502
2026-07-08T00:34:24Z,272,4,4,19,0,0,1,1,1,1783469842
2026-07-08T00:34:24Z,273,8,4,7,0,0,1,1,1,1783470566
2026-07-08T00:34:24Z,274,1,1,17,1,0,1,1,1,1783470669
2026-07-08T00:34:24Z,275,5,0,18,0,0,1,1,1,1783468678
2026-07-08T00:34:24Z,276,5,0,20,1,1,1,1,1,1783470507
2026-07-08T00:34:24Z,277,0,0,21,2,0,1,1,1,1783469524
2026-07-08T00:34:24Z,278,2,0,26,2,1,1,1,1,1783470417
2026-07-08T00:34:24Z,279,1,1,18,0,0,1,1,1,1783470378
2026-07-08T00:34:24Z,280,9,1,20,2,0,1,1,1,1783470826
2026-07-08T00:34:24Z,281,6,0,17,0,0,1,1,1,1783470511
2026-07-08T00:34:24Z,282,11,4,5,0,0,1,1,1,1783468338
2026-07-08T00:34:24Z,283,3,2,31,1,0,1,1,1,1783470664
2026-07-08T00:34:24Z,284,22,4,13,0,0,1,1,1,1783470504
2026-07-08T00:34:24Z,285,1,0,22,0,0,1,1,1,1783469926
2026-07-08T00:34:24Z,286,6,3,15,2,0,1,1,1,1783470694
2026-07-08T00:34:24Z,287,19,5,2,2,0,1,1,1,1783470825
2026-07-08T00:34:24Z,288,5,1,12,2,0,1,1,1,1783470696
2026-07-08T00:34:24Z,289,12,7,14,1,0,1,1,1,1783470791
2026-07-08T00:34:24Z,290,5,0,32,2,0,1,1,1,1783470359
2026-07-08T00:34:24Z,291,17,0,6,0,0,1,1,1,1783470719
2026-07-08T00:34:24Z,292,4,1,19,0,0,1,1,1,1783470318
2026-07-08T00:34:24Z,293,10,4,11,2,0,1,1,1,1783470723
2026-07-08T00:34:24Z,294,5,4,16,1,0,1,1,1,1783470779
2026-07-08T00:34:24Z,297,9,0,8,2,0,1,1,1,1783470795
2026-07-08T00:34:24Z,301,15,2,4,0,0,1,1,1,1783469904
2026-07-08T00:34:24Z,302,16,3,5,2,0,1,1,1,1783470812
2026-07-08T00:34:24Z,303,16,0,2,1,0,1,1,1,1783470804
2026-07-08T00:34:24Z,304,0,0,0,0,0,0,1,1,86400
2026-07-08T00:34:24Z,305,17,0,1,1,0,1,1,1,1783470238
2026-07-08T00:34:24Z,306,15,0,17,0,0,1,1,1,1783470261
2026-07-08T00:34:24Z,307,19,1,2,2,0,1,1,1,1783470817
2026-07-08T00:34:24Z,308,11,0,7,1,0,1,1,1,1783470494
2026-07-08T00:34:24Z,309,10,1,2,1,0,1,1,1,1783470428
2026-07-08T00:34:24Z,311,6,0,8,1,0,1,1,1,1783470836
2026-07-08T00:34:24Z,312,8,2,11,3,1,1,1,1,1783470829
2026-07-08T00:34:24Z,313,4,0,11,0,0,1,1,1,1783470709
2026-07-08T00:34:24Z,314,14,1,4,1,0,1,1,1,1783470703
2026-07-08T00:34:24Z,315,0,0,31,0,0,0,1,1,1783017696
2026-07-08T00:34:24Z,316,12,0,3,0,0,1,1,1,1783470180
2026-07-08T00:34:24Z,317,9,3,20,2,0,1,1,1,1783470610
2026-07-08T00:34:24Z,318,11,5,6,0,0,1,1,1,1783470008
2026-07-08T00:34:24Z,319,17,11,9,1,0,1,1,1,1783470689
2026-07-08T00:34:24Z,320,7,3,12,0,0,1,1,1,1783469705
2026-07-08T00:34:24Z,321,8,0,9,2,0,1,1,1,1783469099
2026-07-08T00:34:24Z,322,13,0,16,0,0,1,1,1,1783470376
2026-07-08T00:34:24Z,323,10,0,9,0,0,1,1,1,1783469787
2026-07-08T00:34:24Z,324,0,0,26,1,0,1,1,1,1783470788
2026-07-08T00:34:24Z,325,1,0,24,2,0,1,1,1,1783470804
2026-07-08T00:34:24Z,327,1,0,24,0,2,1,1,1,1783470311
2026-07-08T00:34:24Z,328,7,2,16,0,0,1,1,1,1783470822
2026-07-08T00:34:24Z,329,9,2,9,1,0,1,1,1,1783468107
2026-07-08T00:34:24Z,330,4,1,18,0,0,1,1,1,1783470788
2026-07-08T00:34:24Z,331,0,0,23,0,0,1,1,1,1783469773
2026-07-08T00:34:24Z,332,7,4,9,3,0,1,1,1,1783470320
2026-07-08T00:34:24Z,333,13,3,8,2,0,1,1,1,1783470790
2026-07-08T00:34:24Z,334,9,2,14,0,0,1,1,1,1783470739
2026-07-08T00:34:24Z,335,8,5,15,0,0,1,1,1,1783470803
2026-07-08T00:34:24Z,336,6,0,13,0,0,1,1,1,1783470709
2026-07-08T00:34:24Z,337,8,1,13,2,0,1,1,1,1783470819
2026-07-08T00:34:24Z,338,6,0,13,0,0,1,1,1,1783469944
2026-07-08T00:34:24Z,339,2,2,20,1,0,1,1,1,1783470523
2026-07-08T00:34:24Z,340,9,3,5,1,0,1,1,1,1783470358
2026-07-08T00:34:24Z,341,8,3,11,0,0,1,1,1,1783470540
2026-07-08T00:34:24Z,342,15,1,0,0,0,1,1,1,1783470216
2026-07-08T00:34:24Z,343,0,0,21,2,0,1,1,1,1783470053
2026-07-08T00:34:24Z,344,5,5,17,1,0,1,1,1,1783468838
2026-07-08T00:34:24Z,345,5,0,13,1,0,1,1,1,1783470807
2026-07-08T00:34:24Z,346,1,0,22,0,0,1,1,1,1783470256
2026-07-08T00:34:24Z,347,37,2,9,1,0,1,1,1,1783470841
2026-07-08T00:34:24Z,348,4,1,17,2,0,1,1,1,1783470421
2026-07-08T00:34:24Z,349,1,1,15,3,0,1,1,1,1783470840
2026-07-08T00:34:24Z,350,21,0,3,2,1,1,1,1,1783470772
2026-07-08T00:34:24Z,351,21,1,1,1,0,1,1,1,1783470772
2026-07-08T00:34:24Z,355,4,0,16,3,0,1,1,1,1783470279
2026-07-08T00:34:24Z,356,3,0,15,1,0,1,1,1,1783470810
2026-07-08T00:34:24Z,357,15,4,3,1,0,1,1,1,1783470759
2026-07-08T00:34:24Z,358,0,0,7,5,13,0,1,1,1782961435
2026-07-08T00:34:24Z,359,22,1,4,1,0,1,1,1,1783470763
2026-07-08T00:34:24Z,360,5,0,14,0,0,1,1,1,1783470253
2026-07-08T00:34:24Z,362,13,3,4,1,0,1,1,1,1783470593
2026-07-08T00:34:24Z,363,21,0,6,0,0,1,1,1,1783470647
2026-07-08T00:34:24Z,364,6,0,11,1,1,1,1,1,1783470848
2026-07-08T00:34:24Z,365,10,4,12,1,0,1,1,1,1783470653
2026-07-08T00:34:24Z,366,8,7,11,4,0,1,1,1,1783470841
2026-07-08T00:34:24Z,367,10,1,9,0,0,1,1,1,1783470783
2026-07-08T00:34:24Z,368,7,1,16,0,0,1,1,1,1783470714
2026-07-08T00:34:24Z,370,10,9,16,1,0,1,1,1,1783470339
2026-07-08T00:34:24Z,371,4,0,13,2,0,1,1,1,1783470575
2026-07-08T00:34:24Z,372,9,2,5,1,0,1,1,1,1783470851
2026-07-08T00:34:24Z,373,14,5,9,3,0,1,1,1,1783470652
2026-07-08T00:34:24Z,374,14,7,3,1,0,1,1,1,1783470723
2026-07-08T00:34:24Z,375,3,2,24,0,0,1,1,1,1783470651
2026-07-08T00:34:24Z,376,10,6,28,1,0,1,1,1,1783470717
2026-07-08T00:34:24Z,377,6,4,19,2,0,1,1,1,1783470497
2026-07-08T00:34:24Z,378,18,2,6,0,0,1,1,1,1783470836
2026-07-08T00:34:24Z,379,27,0,0,0,0,1,1,1,1783470086
2026-07-08T00:34:24Z,380,13,3,10,0,0,1,1,1,1783470615
2026-07-08T00:34:24Z,381,20,0,3,0,0,1,1,1,1783470825
2026-07-08T00:34:24Z,383,4,0,11,0,0,1,1,1,1783470610
2026-07-08T00:34:24Z,384,1,0,17,1,0,1,1,1,1783470799
2026-07-08T00:34:24Z,385,8,1,9,1,0,1,1,1,1783470811
2026-07-08T00:34:24Z,387,1,0,22,0,0,1,1,1,1783470816
2026-07-08T00:34:24Z,388,4,0,43,2,0,1,1,1,1783470279
2026-07-08T00:34:24Z,389,4,3,10,1,0,1,1,1,1783470647
2026-07-08T00:34:24Z,390,9,3,18,0,0,1,1,1,1783470771
2026-07-08T00:34:24Z,391,3,2,11,1,0,1,1,1,1783470826
2026-07-08T00:34:24Z,392,4,3,15,0,0,1,1,1,1783470223
2026-07-08T00:34:24Z,393,2,1,8,1,0,1,1,1,1783470780
2026-07-08T00:34:24Z,394,7,2,7,0,1,1,1,1,1783470456
2026-07-08T00:34:24Z,396,3,2,35,4,0,1,1,1,1783470761
2026-07-08T00:34:24Z,397,3,0,28,0,0,1,1,1,1783470843
2026-07-08T00:34:24Z,399,0,0,17,0,0,1,1,1,1783470020
2026-07-08T00:34:24Z,400,4,2,16,3,0,1,1,1,1783470360
2026-07-08T00:34:24Z,401,7,1,24,0,0,1,1,1,1783470596
2026-07-08T00:34:24Z,403,13,1,16,2,0,1,1,1,1783470839
2026-07-08T00:34:24Z,404,1,0,22,0,0,1,1,1,1783470105
2026-07-08T00:34:24Z,406,21,0,12,2,0,1,1,1,1783470835
2026-07-08T00:34:24Z,407,0,0,32,2,0,1,1,1,1783470663
2026-07-08T00:34:24Z,408,2,1,29,2,0,1,1,1,1783470634
2026-07-08T00:34:24Z,409,0,0,23,0,0,1,1,1,1783470308
2026-07-08T00:34:24Z,413,18,5,4,1,0,1,1,1,1783470655
2026-07-08T00:34:24Z,414,3,0,11,1,0,1,1,1,1783470569
2026-07-08T00:34:24Z,417,3,0,16,0,0,1,1,1,1783470812
2026-07-08T00:34:24Z,418,1,0,14,0,0,1,1,1,1783468792
2026-07-08T00:34:24Z,419,5,2,17,1,0,1,1,1,1783469268
2026-07-08T00:34:24Z,421,15,0,4,0,0,1,1,1,1783470153
2026-07-08T00:34:24Z,422,0,0,24,3,0,1,1,1,1783470743
2026-07-08T00:34:24Z,423,11,0,12,0,0,1,1,1,1783470792
2026-07-08T00:34:24Z,424,1,0,12,2,0,1,1,1,1783470698
2026-07-08T00:34:24Z,425,11,0,11,0,0,1,1,1,1783470663
2026-07-08T00:34:24Z,426,1,0,34,2,0,1,1,1,1783470575
2026-07-08T00:34:24Z,427,8,1,6,0,1,1,1,1,1783470654
2026-07-08T00:34:24Z,428,12,0,6,1,0,1,1,1,1783470480
2026-07-08T00:34:24Z,429,10,4,10,3,0,1,1,1,1783470834
2026-07-08T00:34:24Z,430,27,1,4,0,0,1,1,1,1783470851
2026-07-08T00:34:24Z,431,20,0,7,4,2,1,1,1,1783470797
2026-07-08T00:34:24Z,432,10,1,21,0,0,1,1,1,1783470759
2026-07-08T00:34:24Z,433,8,0,13,2,0,1,1,1,1783470421
2026-07-08T00:34:24Z,437,5,5,13,1,0,1,1,1,1783470820
2026-07-08T00:34:24Z,438,5,1,12,2,0,1,1,1,1783470760
2026-07-08T00:34:24Z,439,4,1,11,0,0,1,1,1,1783470270
2026-07-08T00:34:24Z,440,5,1,8,2,0,1,1,1,1783470697
2026-07-08T00:34:24Z,441,5,3,10,0,0,1,1,1,1783470065
2026-07-08T00:34:24Z,442,12,5,7,0,0,1,1,1,1783470061
2026-07-08T00:34:24Z,443,6,0,21,0,0,1,1,1,1783448962
2026-07-08T00:34:24Z,444,5,3,17,1,0,1,1,1,1783468032
2026-07-08T00:34:24Z,445,4,4,18,1,0,1,1,1,1783469804
2026-07-08T00:34:24Z,446,0,0,23,0,0,1,1,1,1783470582
2026-07-08T00:34:24Z,447,5,2,16,2,0,1,1,1,1783469993
2026-07-08T00:34:24Z,448,7,2,5,2,1,1,1,1,1783469404
2026-07-08T00:34:24Z,452,13,0,5,1,0,1,1,1,1783470621
2026-07-08T00:34:24Z,453,3,2,11,1,0,1,1,1,1783470665
2026-07-08T00:34:24Z,454,14,0,3,1,1,1,1,1,1783469863
2026-07-08T00:34:24Z,455,0,0,38,0,0,1,1,1,1783468143
2026-07-08T00:34:24Z,456,10,1,11,2,0,1,1,1,1783470852
2026-07-08T00:34:24Z,457,0,0,26,1,0,1,1,1,1783470816
2026-07-08T00:34:24Z,458,9,8,13,1,0,1,1,1,1783470363
2026-07-08T00:34:24Z,459,4,2,10,1,0,1,1,1,1783470840
2026-07-08T00:34:24Z,460,19,3,4,0,0,1,1,1,1783470121
2026-07-08T00:34:24Z,461,5,1,13,1,0,1,1,1,1783470771
2026-07-08T00:34:24Z,462,6,0,13,2,0,1,1,1,1783470699
2026-07-08T00:34:24Z,463,7,2,12,0,0,1,1,1,1783470511
2026-07-08T00:34:24Z,464,4,1,8,2,0,1,1,1,1783470832
2026-07-08T00:34:24Z,465,1,1,14,0,0,1,1,1,1783470436
2026-07-08T00:34:24Z,466,5,1,9,1,0,1,1,1,1783470590
2026-07-08T00:34:24Z,467,1,0,14,0,0,1,1,1,1783470198
2026-07-08T00:34:24Z,468,1,0,17,1,0,1,1,1,1783470660
2026-07-08T00:34:24Z,469,1,0,21,0,1,1,1,1,1783470845
2026-07-08T00:34:24Z,470,14,4,1,0,0,1,1,1,1783470597
2026-07-08T00:34:24Z,471,21,1,6,0,0,1,1,1,1783470815
2026-07-08T00:34:24Z,472,7,0,11,1,0,1,1,1,1783470617
2026-07-08T00:34:24Z,473,7,2,12,0,0,1,1,1,1783470131
2026-07-08T00:34:24Z,474,5,0,14,0,0,1,1,1,1783470815
2026-07-08T00:34:24Z,475,7,1,11,1,0,1,1,1,1783470798
2026-07-08T00:34:24Z,476,18,0,4,1,0,1,1,1,1783470717
2026-07-08T00:34:24Z,477,4,1,10,1,0,1,1,1,1783470661
2026-07-08T00:34:24Z,478,26,1,0,5,0,1,1,1,1783470851
2026-07-08T00:34:24Z,479,2,1,23,2,0,1,1,1,1783470655
2026-07-08T00:34:24Z,480,12,3,1,2,0,1,1,1,1783467913
2026-07-08T00:34:24Z,481,31,0,4,0,0,1,1,1,1783470683
2026-07-08T00:34:24Z,482,2,0,17,0,0,1,1,1,1783470082
2026-07-08T00:34:24Z,483,13,0,14,0,0,1,1,1,1783470757
2026-07-08T00:34:24Z,484,0,0,19,0,0,1,1,1,1783470458
2026-07-08T00:34:24Z,485,17,6,1,1,0,1,1,1,1783470824
2026-07-08T00:34:24Z,486,10,1,17,0,0,1,1,1,1783470353
2026-07-08T00:34:24Z,487,6,6,11,2,0,1,1,1,1783470770
2026-07-08T00:34:24Z,489,8,2,4,3,0,1,1,1,1783470848
2026-07-08T00:34:24Z,490,1,1,15,0,0,1,1,1,1783470611
2026-07-08T00:34:24Z,491,11,1,9,1,0,1,1,1,1783470559
2026-07-08T00:34:24Z,492,6,1,2,3,0,1,1,1,1783469274
2026-07-08T00:34:24Z,493,3,0,23,1,0,1,1,1,1783469539
2026-07-08T00:34:24Z,495,1,1,13,1,0,1,1,1,1783470754
2026-07-08T00:34:24Z,496,19,1,7,1,0,1,1,1,1783470456
2026-07-08T00:34:24Z,497,8,0,11,0,0,1,1,1,1783470839
2026-07-08T00:34:24Z,498,5,2,17,1,0,1,1,1,1783470802
2026-07-08T00:34:24Z,499,5,2,13,1,0,1,1,1,1783469288
2026-07-08T00:34:24Z,500,0,0,14,1,0,1,1,1,1783469717
2026-07-08T00:34:24Z,501,9,1,10,2,0,1,1,1,1783470561
2026-07-08T00:34:24Z,502,0,0,19,0,0,1,1,1,1783469680
2026-07-08T00:34:24Z,503,23,0,6,2,0,1,1,1,1783470760
2026-07-08T00:34:24Z,504,0,0,39,0,0,1,1,1,1783469078
2026-07-08T00:34:24Z,505,11,2,6,1,0,1,1,1,1783470852
2026-07-08T00:34:24Z,511,1,1,22,0,0,1,1,1,1783469947
2026-07-08T00:34:24Z,512,12,3,7,0,0,1,1,1,1783469957
2026-07-08T00:34:24Z,514,5,1,4,2,0,1,1,1,1783470315
2026-07-08T00:34:24Z,515,8,2,11,0,0,1,1,1,1783470482
2026-07-08T00:34:24Z,516,0,0,27,0,0,1,1,1,1783469752
2026-07-08T00:34:24Z,517,8,0,13,2,0,1,1,1,1783469917
2026-07-08T00:34:24Z,518,15,1,0,0,0,1,1,1,1783463692
2026-07-08T00:34:24Z,519,9,1,9,1,0,1,1,1,1783470412
2026-07-08T00:34:24Z,520,19,3,6,1,1,1,1,1,1783470713
2026-07-08T00:34:24Z,521,10,6,13,0,0,1,1,1,1783470603
2026-07-08T00:34:24Z,522,18,1,4,1,0,1,1,1,1783470287
2026-07-08T00:34:24Z,523,5,1,17,1,0,1,1,1,1783470626
2026-07-08T00:34:24Z,524,13,0,10,0,0,1,1,1,1783470589
2026-07-08T00:34:24Z,525,9,0,10,0,0,1,1,1,1783470243
2026-07-08T00:34:24Z,526,3,1,10,2,0,1,1,1,1783470828
2026-07-08T00:34:24Z,527,4,4,21,1,0,1,1,1,1783470602
2026-07-08T00:34:24Z,528,12,1,10,1,0,1,1,1,1783470818
2026-07-08T00:34:24Z,529,5,4,8,6,0,1,1,1,1783470758
2026-07-08T00:34:24Z,530,15,1,5,1,0,1,1,1,1783470754
2026-07-08T00:34:24Z,531,8,1,13,1,1,1,1,1,1783470852
2026-07-08T00:34:24Z,532,3,2,27,1,0,1,1,1,1783470646
2026-07-08T00:34:24Z,533,7,0,10,2,0,1,1,1,1783470448
2026-07-08T00:34:24Z,534,0,0,21,2,0,1,1,1,1783470487
2026-07-08T00:34:24Z,535,2,1,12,1,0,1,1,1,1783470767
2026-07-08T00:34:24Z,536,6,0,15,2,0,1,1,1,1783470709
2026-07-08T00:34:24Z,537,6,1,15,0,0,1,1,1,1783470675
2026-07-08T00:34:24Z,538,11,5,8,0,0,1,1,1,1783470727
2026-07-08T00:34:24Z,539,9,8,21,1,0,1,1,1,1783470270
2026-07-08T00:34:24Z,540,3,0,16,0,0,1,1,1,1783470746
2026-07-08T00:34:24Z,541,11,1,16,0,0,1,1,1,1783470556
2026-07-08T00:34:24Z,542,3,3,20,0,0,1,1,1,1783470794
2026-07-08T00:34:24Z,543,10,0,7,2,0,1,1,1,1783469876
2026-07-08T00:34:24Z,544,16,1,5,1,0,1,1,1,1783470719
2026-07-08T00:34:24Z,545,11,0,3,5,0,1,1,1,1783470552
2026-07-08T00:34:24Z,546,5,3,13,1,0,1,1,1,1783470517
2026-07-08T00:34:24Z,547,2,1,20,1,0,1,1,1,1783470791
2026-07-08T00:34:24Z,548,13,2,8,2,0,1,1,1,1783470783
2026-07-08T00:34:24Z,549,6,0,15,0,0,1,1,1,1783470822
2026-07-08T00:34:24Z,550,0,0,19,0,0,1,1,1,1783469892
2026-07-08T00:34:24Z,551,20,5,3,0,0,1,1,1,1783469747
2026-07-08T00:34:24Z,552,24,3,3,0,0,1,1,1,1783470273
2026-07-08T00:34:24Z,553,6,0,15,2,0,1,1,1,1783470843
2026-07-08T00:34:24Z,554,0,0,19,0,0,1,1,1,1783468615
2026-07-08T00:34:24Z,555,9,2,3,3,0,1,1,1,1783469780
2026-07-08T00:34:24Z,556,2,0,20,1,0,1,1,1,1783470497
2026-07-08T00:34:24Z,557,4,1,17,2,0,1,1,1,1783470527
2026-07-08T00:34:24Z,558,11,2,25,1,0,1,1,1,1783470828
2026-07-08T00:34:24Z,559,0,0,18,1,0,1,1,1,1783464953
2026-07-08T00:34:24Z,560,16,1,10,1,0,1,1,1,1783470688
2026-07-08T00:34:24Z,561,10,1,12,1,0,1,1,1,1783470810
2026-07-08T00:34:24Z,562,23,2,10,2,0,1,1,1,1783470780
2026-07-08T00:34:24Z,563,11,0,3,0,0,1,1,1,1783470796
2026-07-08T00:34:24Z,564,14,1,5,0,0,1,1,1,1783470196
2026-07-08T00:34:24Z,565,2,0,17,0,0,1,1,1,1783470611
2026-07-08T00:34:24Z,566,16,0,3,0,0,1,1,1,1783470743
2026-07-08T00:34:24Z,567,20,1,6,1,0,1,1,1,1783470780
2026-07-08T00:34:24Z,568,13,0,5,1,0,1,1,1,1783469892
2026-07-08T00:34:24Z,569,10,2,9,0,0,1,1,1,1783470663
2026-07-08T00:34:24Z,570,13,1,6,0,0,1,1,1,1783470807
2026-07-08T00:34:24Z,571,14,1,9,0,0,1,1,1,1783470488
2026-07-08T00:34:24Z,572,6,0,13,0,0,1,1,1,1783470687
2026-07-08T00:34:24Z,573,4,0,10,1,0,1,1,1,1783470569
2026-07-08T00:34:24Z,574,0,0,14,1,0,1,1,1,1783470371
2026-07-08T00:34:24Z,575,0,0,21,0,0,1,1,1,1783470539
2026-07-08T00:34:24Z,576,1,1,18,0,0,1,1,1,1783470820
2026-07-08T00:34:24Z,577,10,0,21,0,0,1,1,1,1783470507
2026-07-08T00:34:24Z,578,5,1,18,0,0,1,1,1,1783470235
2026-07-08T00:34:24Z,579,40,0,3,0,0,1,1,1,1783470717
2026-07-08T00:34:24Z,580,0,0,30,1,0,1,1,1,1783470819
2026-07-08T00:34:24Z,581,4,0,13,2,0,1,1,1,1783470834
2026-07-08T00:34:24Z,582,5,1,54,1,0,1,1,1,1783470733
2026-07-08T00:34:24Z,583,21,0,0,2,0,1,1,1,1783470804
2026-07-08T00:34:24Z,584,1,1,13,5,0,1,1,1,1783470651
2026-07-08T00:34:24Z,585,13,0,13,0,0,1,1,1,1783470849
2026-07-08T00:34:24Z,586,0,0,34,1,0,1,1,1,1783470751
2026-07-08T00:34:24Z,587,6,0,17,2,0,1,1,1,1783470626
2026-07-08T00:34:24Z,588,1,0,18,0,0,1,1,1,1783467544
2026-07-08T00:34:24Z,589,20,10,2,1,0,1,1,1,1783470700
2026-07-08T00:34:24Z,590,3,0,28,0,0,1,1,1,1783470731
2026-07-08T00:34:24Z,591,0,0,20,2,0,1,1,1,1783470847
2026-07-08T00:34:24Z,592,2,0,21,0,0,1,1,1,1783470701
2026-07-08T00:34:24Z,593,0,0,39,0,0,1,1,1,1783470824
2026-07-08T00:34:24Z,594,0,0,20,1,0,1,1,1,1783470710
2026-07-08T00:34:24Z,595,0,0,3,0,0,0,1,1,1779985765
2026-07-08T00:34:24Z,605,0,0,3,0,0,0,1,1,1780413752
2026-07-08T00:34:24Z,606,0,0,0,0,0,0,1,1,86400
2026-07-08T00:34:24Z,607,8,0,25,0,0,1,1,1,1783470841
2026-07-08T00:34:24Z,608,0,0,51,1,0,1,1,1,1783470841
2026-07-08T00:34:24Z,609,3,1,20,0,0,1,1,1,1783470707
2026-07-08T00:34:24Z,610,0,0,35,0,0,1,1,1,1783470498
2026-07-08T00:34:24Z,611,1,1,24,2,0,1,1,1,1783470734
2026-07-08T00:34:24Z,612,1,0,14,0,0,1,1,1,1783469410
2026-07-08T00:34:24Z,613,12,3,2,1,0,1,1,1,1783466858
2026-07-08T00:34:24Z,614,1,1,24,1,1,1,1,1,1783470402
2026-07-08T00:34:24Z,617,11,0,3,1,0,1,1,1,1783470814
2026-07-08T00:34:24Z,618,16,4,1,2,0,1,1,1,1783470334
2026-07-08T00:34:24Z,619,16,5,3,0,0,1,1,1,1783470722
2026-07-08T00:34:24Z,620,0,0,22,1,0,1,1,1,1783470771
2026-07-08T00:34:24Z,621,6,1,17,0,0,1,1,1,1783470604
2026-07-08T00:34:24Z,622,3,2,19,1,0,1,1,1,1783470815
2026-07-08T00:34:24Z,623,3,0,24,2,1,1,1,1,1783470803
2026-07-08T00:34:24Z,624,4,0,10,0,1,1,1,1,1783469943
2026-07-08T00:34:24Z,625,6,2,12,3,0,1,1,1,1783470594
2026-07-08T00:34:24Z,626,1,0,43,0,2,1,1,1,1783470381
2026-07-08T00:34:24Z,627,5,2,12,0,0,1,1,1,1783470309
2026-07-08T00:34:24Z,628,1,0,16,1,1,1,1,1,1783469574
2026-07-08T00:34:24Z,629,8,6,2,1,0,1,1,1,1783469341
2026-07-08T00:34:24Z,630,21,0,3,3,0,1,1,1,1783470637
2026-07-08T00:34:24Z,631,1,0,22,0,0,1,1,1,1783470059
2026-07-08T00:34:24Z,632,21,0,0,2,0,1,1,1,1783470778
2026-07-08T00:34:24Z,633,12,0,0,2,1,1,1,1,1783470515
2026-07-08T00:34:24Z,634,13,0,5,1,0,1,1,1,1783470778
2026-07-08T00:34:24Z,635,15,1,3,1,0,1,1,1,1783470784
2026-07-08T00:34:24Z,636,6,0,9,0,0,1,1,1,1783470196
2026-07-08T00:34:24Z,637,11,4,7,1,0,1,1,1,1783470739
2026-07-08T00:34:24Z,638,1,1,16,2,0,1,1,1,1783470510
2026-07-08T00:34:24Z,639,0,0,0,3,16,0,1,1,1782287204
2026-07-08T00:34:24Z,640,0,0,22,1,0,1,1,1,1783467951
2026-07-08T00:34:24Z,641,13,0,13,1,0,1,1,1,1783470816
2026-07-08T00:34:24Z,642,3,1,14,2,0,1,1,1,1783470729
2026-07-08T00:34:24Z,643,0,0,27,0,0,1,1,1,1783468938
2026-07-08T00:34:24Z,644,5,0,4,5,1,1,1,1,1783470784
2026-07-08T00:34:24Z,645,4,0,17,1,1,1,1,1,1783470305
2026-07-08T00:34:24Z,646,11,1,5,3,0,1,1,1,1783466258
2026-07-08T00:34:24Z,647,26,3,4,1,0,1,1,1,1783470462
2026-07-08T00:34:24Z,648,13,1,3,3,0,1,1,1,1783470511
2026-07-08T00:34:24Z,649,3,2,27,1,0,1,1,1,1783470649
2026-07-08T00:34:24Z,650,5,2,10,1,0,1,1,1,1783469943
2026-07-08T00:34:24Z,651,2,0,20,1,0,1,1,1,1783469851
2026-07-08T00:34:24Z,652,0,0,20,3,0,1,1,1,1783470620
2026-07-08T00:34:24Z,653,9,1,6,4,0,1,1,1,1783470542
2026-07-08T00:34:24Z,654,5,1,9,1,0,1,1,1,1783470815
2026-07-08T00:34:24Z,655,7,1,7,0,0,1,1,1,1783467692
2026-07-08T00:34:24Z,656,19,1,0,0,0,1,1,1,1783470779
2026-07-08T00:34:24Z,657,10,3,6,1,0,1,1,1,1783468142
2026-07-08T00:34:24Z,658,1,0,22,0,0,1,1,1,1783470048
2026-07-08T00:34:24Z,659,2,1,13,0,0,1,1,1,1783468742
2026-07-08T00:34:24Z,660,23,1,7,1,0,1,1,1,1783470379
2026-07-08T00:34:24Z,661,1,0,13,5,0,1,1,1,1783470617
2026-07-08T00:34:24Z,662,4,0,18,1,0,1,1,1,1783465821
2026-07-08T00:34:24Z,663,12,1,2,0,0,1,1,1,1783470413
2026-07-08T00:34:24Z,664,17,0,10,0,0,1,1,1,1783470457
2026-07-08T00:34:24Z,665,4,1,11,0,0,1,1,1,1783470415
2026-07-08T00:34:24Z,666,6,1,9,0,0,1,1,1,1783470228
2026-07-08T00:34:24Z,667,14,0,1,2,0,1,1,1,1783470853
2026-07-08T00:34:24Z,668,10,2,8,1,0,1,1,1,1783470738
2026-07-08T00:34:24Z,669,12,3,2,0,0,1,1,1,1783470376
2026-07-08T00:34:24Z,670,13,1,9,5,0,1,1,1,1783470592
2026-07-08T00:34:24Z,671,22,0,4,1,0,1,1,1,1783470799
2026-07-08T00:34:24Z,672,15,0,2,6,0,1,1,1,1783470604
2026-07-08T00:34:24Z,673,8,0,14,0,0,1,1,1,1783470667
2026-07-08T00:34:24Z,674,2,2,20,1,0,1,1,1,1783470749
2026-07-08T00:34:24Z,675,4,2,9,2,0,1,1,1,1783470714
2026-07-08T00:34:24Z,676,12,1,9,1,1,1,1,1,1783470786
2026-07-08T00:34:24Z,681,3,1,7,5,0,1,1,1,1783470585
2026-07-08T00:34:24Z,682,9,5,9,1,0,1,1,1,1783446478
2026-07-08T00:34:24Z,683,11,1,8,0,0,1,1,1,1783468133
2026-07-08T00:34:24Z,684,9,3,16,2,0,1,1,1,1783466614
2026-07-08T00:34:24Z,685,3,2,23,0,1,1,1,1,1783467432
2026-07-08T00:34:24Z,686,12,2,13,1,1,1,1,1,1783470633
2026-07-08T00:34:24Z,687,5,1,22,3,1,1,1,1,1783470801
2026-07-08T00:34:24Z,688,17,2,1,1,0,1,1,1,1783465995
2026-07-08T00:34:24Z,692,14,14,6,1,0,1,1,1,1783470429
2026-07-08T00:34:24Z,693,9,4,2,0,0,1,1,1,1783470048
2026-07-08T00:34:24Z,694,7,7,11,3,0,1,1,1,1783470227
2026-07-08T00:34:24Z,695,8,4,14,1,0,1,1,1,1783470223
2026-07-08T00:34:24Z,696,21,16,1,1,0,1,1,1,1783470620
2026-07-08T00:34:24Z,697,13,0,10,0,0,1,1,1,1783470511
2026-07-08T00:34:24Z,698,5,0,21,1,0,1,1,1,1783470848
2026-07-08T00:34:24Z,699,2,1,11,2,0,1,1,1,1783470181
2026-07-08T00:34:24Z,700,12,1,7,0,0,1,1,1,1783470255
2026-07-08T00:34:24Z,701,1,0,18,0,0,1,1,1,1783470569
2026-07-08T00:34:24Z,702,0,0,22,1,0,1,1,1,1783470547
2026-07-08T00:34:24Z,703,11,2,12,0,0,1,1,1,1783460353
2026-07-08T00:34:24Z,704,7,0,8,0,0,1,1,1,1783470687
2026-07-08T00:34:24Z,705,1,1,10,4,0,1,1,1,1783470168
2026-07-08T00:34:24Z,706,4,2,10,1,0,1,1,1,1783470238
2026-07-08T00:34:24Z,707,8,1,5,2,0,1,1,1,1783470244
2026-07-08T00:34:24Z,708,19,0,0,0,0,1,1,1,1783470241
2026-07-08T00:34:24Z,709,13,2,1,1,0,1,1,1,1783470669
2026-07-08T00:34:24Z,710,8,2,11,0,0,1,1,1,1783470757
2026-07-08T00:34:24Z,711,6,4,7,6,0,1,1,1,1783470851
2026-07-08T00:34:24Z,712,13,3,1,1,0,1,1,1,1783470607
2026-07-08T00:34:24Z,713,20,9,1,2,0,1,1,1,1783470391
2026-07-08T00:34:24Z,716,3,0,12,0,0,1,1,1,1783470231
2026-07-08T00:34:24Z,717,1,1,17,7,0,1,1,1,1783470363
2026-07-08T00:34:24Z,718,0,0,15,0,0,1,1,1,1783470095
2026-07-08T00:34:24Z,719,17,1,12,0,0,1,1,1,1783470334
2026-07-08T00:34:24Z,720,0,0,17,2,0,1,1,1,1783470171
2026-07-08T00:34:24Z,721,7,0,15,1,0,1,1,1,1783470715
2026-07-08T00:34:24Z,722,14,1,0,1,0,1,1,1,1783470260
2026-07-08T00:34:24Z,723,2,2,16,5,0,1,1,1,1783470350
2026-07-08T00:34:24Z,724,6,2,17,0,0,1,1,1,1783470333
2026-07-08T00:34:24Z,725,23,0,0,0,0,1,1,1,1783470396
2026-07-08T00:34:24Z,726,10,1,7,2,0,1,1,1,1783470849
2026-07-08T00:34:24Z,727,10,0,12,1,0,1,1,1,1783470315
2026-07-08T00:34:24Z,728,5,0,6,4,0,1,1,1,1783470158
2026-07-08T00:34:24Z,729,7,0,12,0,0,1,1,1,1783470469
2026-07-08T00:34:24Z,730,7,0,8,0,0,1,1,1,1783470139
2026-07-08T00:34:24Z,731,1,1,14,0,0,1,1,1,1783470227
2026-07-08T00:34:24Z,732,3,0,12,0,0,1,1,1,1783470777
2026-07-08T00:34:24Z,733,19,2,8,0,0,1,1,1,1783470456
2026-07-08T00:34:24Z,734,7,1,7,0,0,1,1,1,1783470085
2026-07-08T00:34:24Z,735,3,1,24,0,0,1,1,1,1783470742
2026-07-08T00:34:24Z,736,6,4,12,1,0,1,1,1,1783470350
2026-07-08T00:34:24Z,737,3,2,11,1,0,1,1,1,1783470180
2026-07-08T00:34:24Z,738,9,0,9,1,0,1,1,1,1783470261
2026-07-08T00:34:24Z,739,8,3,15,4,0,1,1,1,1783470448
2026-07-08T00:34:24Z,741,10,2,11,2,0,1,1,1,1783470327
2026-07-08T00:34:24Z,742,9,4,27,3,0,1,1,1,1783470826
2026-07-08T00:34:24Z,743,9,4,10,0,0,1,1,1,1783470771
2026-07-08T00:34:24Z,744,2,1,12,1,0,1,1,1,1783470246
2026-07-08T00:34:24Z,745,12,4,6,1,0,1,1,1,1783470507
2026-07-08T00:34:24Z,746,11,2,11,1,0,1,1,1,1783470537
2026-07-08T00:34:24Z,747,0,0,19,0,0,0,1,1,1783446606
2026-07-08T00:34:24Z,748,13,3,9,1,0,1,1,1,1783470379
2026-07-08T00:34:24Z,749,9,0,14,0,0,1,1,1,1783470556
2026-07-08T00:34:24Z,750,0,0,8,3,0,1,1,1,1783470121
2026-07-08T00:34:24Z,751,3,0,20,0,0,1,1,1,1783470782
2026-07-08T00:34:24Z,752,2,1,13,2,0,1,1,1,1783470695
2026-07-08T00:34:24Z,753,5,0,8,2,0,1,1,1,1783470726
2026-07-08T00:34:24Z,754,4,3,10,1,0,1,1,1,1783470090
2026-07-08T00:34:24Z,755,4,1,13,2,0,1,1,1,1783470210
2026-07-08T00:34:24Z,756,0,0,36,1,0,1,1,1,1783470803
2026-07-08T00:34:24Z,757,4,2,15,0,0,1,1,1,1783470667
2026-07-08T00:34:24Z,758,7,2,16,0,0,1,1,1,1783470682
2026-07-08T00:34:24Z,759,1,0,13,1,0,1,1,1,1783470208
2026-07-08T00:34:24Z,760,6,1,12,1,0,1,1,1,1783470225
2026-07-08T00:34:24Z,761,5,1,18,0,0,1,1,1,1783470753
2026-07-08T00:34:24Z,762,5,4,7,3,0,1,1,1,1783470337
2026-07-08T00:34:24Z,768,8,1,7,4,0,1,1,1,1783470200
2026-07-08T00:34:24Z,769,17,7,0,1,0,1,1,1,1783470760
2026-07-08T00:34:24Z,770,4,0,15,0,0,1,1,1,1783470078
2026-07-08T00:34:24Z,771,10,0,5,0,0,1,1,1,1783470125
2026-07-08T00:34:24Z,772,8,3,7,0,0,1,1,1,1783470140
2026-07-08T00:34:24Z,773,13,4,5,1,0,1,1,1,1783470361
2026-07-08T00:34:24Z,774,0,0,13,2,0,1,1,1,1783470254
2026-07-08T00:34:24Z,775,12,3,4,3,0,1,1,1,1783470596
2026-07-08T00:34:24Z,776,5,0,15,1,0,1,1,1,1783470337
2026-07-08T00:34:24Z,777,9,1,5,1,0,1,1,1,1783470833
2026-07-08T00:34:24Z,778,12,0,5,2,0,1,1,1,1783470248
2026-07-08T00:34:24Z,779,11,3,7,1,0,1,1,1,1783470530
2026-07-08T00:34:24Z,780,5,2,12,2,0,1,1,1,1783470695
2026-07-08T00:34:24Z,781,2,0,5,4,0,1,1,1,1783470039
2026-07-08T00:34:24Z,782,0,0,17,2,0,1,1,1,1783470733
2026-07-08T00:34:24Z,783,9,5,8,2,0,1,1,1,1783470287
2026-07-08T00:34:24Z,784,16,1,2,1,0,1,1,1,1783470285
2026-07-08T00:34:24Z,785,10,6,4,4,0,1,1,1,1783470722
2026-07-08T00:34:24Z,786,5,1,12,2,0,1,1,1,1783470291
2026-07-08T00:34:24Z,787,4,1,10,1,0,1,1,1,1783470122
2026-07-08T00:34:24Z,788,6,0,9,0,0,1,1,1,1783470160
2026-07-08T00:34:24Z,789,10,0,2,3,0,1,1,1,1783470107
2026-07-08T00:34:24Z,790,0,0,22,1,0,1,1,1,1783470317
2026-07-08T00:34:24Z,791,7,0,12,0,0,1,1,1,1783470221
2026-07-08T00:34:24Z,793,9,2,3,3,0,1,1,1,1783469495
2026-07-08T00:34:24Z,794,1,0,28,0,0,1,1,1,1783470368
2026-07-08T00:34:24Z,796,1,0,15,3,0,1,1,1,1783470256
2026-07-08T00:34:24Z,797,3,0,11,1,0,1,1,1,1783470214
2026-07-08T00:34:24Z,798,0,0,24,1,0,1,1,1,1783470449
2026-07-08T00:34:24Z,799,2,0,16,1,0,1,1,1,1783470852
2026-07-08T00:34:24Z,800,9,0,12,0,0,1,1,1,1783470706
2026-07-08T00:34:24Z,801,0,0,21,0,0,1,1,1,1783470304
2026-07-08T00:34:24Z,802,1,0,29,1,0,1,1,1,1783470515
2026-07-08T00:34:24Z,803,2,2,13,0,0,1,1,1,1783470187
2026-07-08T00:34:24Z,806,7,3,4,4,0,1,1,1,1783470100
2026-07-08T00:34:24Z,807,1,1,24,0,0,1,1,1,1783470346
2026-07-08T00:34:24Z,808,1,1,22,2,0,1,1,1,1783469208
2026-07-08T00:34:24Z,809,4,1,18,1,0,1,1,1,1783470348
2026-07-08T00:34:24Z,810,3,2,13,3,0,1,1,1,1783470225
2026-07-08T00:34:24Z,815,9,2,5,1,0,1,1,1,1783470313
2026-07-08T00:34:24Z,817,4,0,1,10,0,1,1,1,1783470812
2026-07-08T00:34:24Z,818,5,1,17,1,0,1,1,1,1783470339
2026-07-08T00:34:24Z,819,2,1,10,3,0,1,1,1,1783470147
2026-07-08T00:34:24Z,820,8,0,8,1,0,1,1,1,1783470411
2026-07-08T00:34:24Z,821,10,6,3,2,0,1,1,1,1783470194
2026-07-08T00:34:24Z,822,1,0,22,0,0,1,1,1,1783470809
2026-07-08T00:34:24Z,823,13,0,1,1,0,1,1,1,1783470523
2026-07-08T00:34:24Z,824,10,4,1,8,0,1,1,1,1783470720
2026-07-08T00:34:24Z,825,7,1,8,0,0,1,1,1,1783470139
2026-07-08T00:34:24Z,826,7,0,11,1,0,1,1,1,1783470148
2026-07-08T00:34:24Z,827,5,0,14,2,0,1,1,1,1783470757
2026-07-08T00:34:24Z,828,4,3,13,1,0,1,1,1,1783470320
2026-07-08T00:34:24Z,829,7,2,18,2,0,1,1,1,1783470366
2026-07-08T00:34:24Z,830,11,0,11,1,0,1,1,1,1783470356
2026-07-08T00:34:24Z,831,2,1,13,0,0,1,1,1,1783470079
2026-07-08T00:34:24Z,832,15,3,1,2,0,1,1,1,1783470211
2026-07-08T00:34:24Z,833,6,3,11,2,0,1,1,1,1783470171
2026-07-08T00:34:24Z,834,21,1,0,3,0,1,1,1,1783470776
2026-07-08T00:34:24Z,835,9,0,9,0,0,1,1,1,1783470376
2026-07-08T00:34:24Z,837,8,1,0,7,0,1,1,1,1783470468
2026-07-08T00:34:24Z,838,3,0,10,2,0,1,1,1,1783470541
2026-07-08T00:34:24Z,839,12,1,17,0,0,1,1,1,1783470789
2026-07-08T00:34:24Z,840,9,5,19,1,0,1,1,1,1783470698
2026-07-08T00:34:24Z,841,8,4,7,0,0,1,1,1,1783469956
2026-07-08T00:34:24Z,842,3,2,19,0,0,1,1,1,1783470315
2026-07-08T00:34:24Z,843,6,0,23,2,0,1,1,1,1783470431
2026-07-08T00:34:24Z,844,12,2,10,1,0,1,1,1,1783470725
2026-07-08T00:34:24Z,845,3,0,15,1,0,1,1,1,1783470214
2026-07-08T00:34:24Z,846,1,0,15,2,0,1,1,1,1783470227
2026-07-08T00:34:24Z,847,1,0,26,0,0,1,1,1,1783470387
2026-07-08T00:34:24Z,848,2,1,17,0,0,1,1,1,1783470530
2026-07-08T00:34:24Z,849,1,1,10,3,0,1,1,1,1783469650
2026-07-08T00:34:24Z,850,5,0,4,2,0,1,1,1,1783470521
2026-07-08T00:34:24Z,851,3,2,33,1,0,1,1,1,1783470557
2026-07-08T00:34:24Z,852,3,0,16,0,0,1,1,1,1783470629
2026-07-08T00:34:24Z,853,12,2,10,1,0,1,1,1,1783470339
2026-07-08T00:34:24Z,854,3,1,12,0,0,1,1,1,1783470233
2026-07-08T00:34:24Z,855,11,2,15,1,0,1,1,1,1783470809
2026-07-08T00:34:24Z,857,1,1,16,2,0,1,1,1,1783470461
2026-07-08T00:34:24Z,858,1,0,16,2,0,1,1,1,1783470215
2026-07-08T00:34:24Z,859,4,0,14,3,0,1,1,1,1783470232
2026-07-08T00:34:24Z,861,1,0,9,1,0,1,1,1,1783470077
2026-07-08T00:34:24Z,862,3,1,12,0,0,1,1,1,1783470103
2026-07-08T00:34:24Z,863,9,3,9,1,0,1,1,1,1783470265
2026-07-08T00:34:24Z,866,7,0,12,0,0,1,1,1,1783470232
2026-07-08T00:34:24Z,867,13,0,1,1,0,1,1,1,1783470080
2026-07-08T00:34:24Z,868,15,4,0,0,0,1,1,1,1783470141
2026-07-08T00:34:24Z,870,11,3,4,0,0,1,1,1,1783470144
2026-07-08T00:34:24Z,871,1,0,9,1,0,1,1,1,1783470079
2026-07-08T00:34:24Z,872,9,2,4,2,0,1,1,1,1783470169
2026-07-08T00:34:24Z,873,0,0,31,2,0,1,1,1,1783470646
2026-07-08T00:34:24Z,874,3,0,11,1,0,1,1,1,1783470556
2026-07-08T00:34:24Z,875,8,3,7,0,0,1,1,1,1783470231
2026-07-08T00:34:24Z,877,5,4,12,2,0,1,1,1,1783470244
2026-07-08T00:34:24Z,878,8,0,11,0,0,1,1,1,1783470255
2026-07-08T00:34:24Z,879,5,1,12,2,0,1,1,1,1783470250
2026-07-08T00:34:24Z,880,12,2,11,0,0,1,1,1,1783470345
2026-07-08T00:34:24Z,881,4,0,12,3,0,1,1,1,1783470278
2026-07-08T00:34:24Z,882,12,4,6,1,0,1,1,1,1783470219
2026-07-08T00:34:24Z,883,11,5,8,0,0,1,1,1,1783470181
2026-07-08T00:34:24Z,884,6,5,14,1,0,1,1,1,1783470307
2026-07-08T00:34:24Z,885,19,1,0,0,0,1,1,1,1783470177
2026-07-08T00:34:24Z,886,4,4,22,3,0,1,1,1,1783470413
2026-07-08T00:34:24Z,887,1,0,15,1,0,1,1,1,1783470124
2026-07-08T00:34:24Z,888,6,0,35,0,0,1,1,1,1783470586
2026-07-08T00:34:24Z,889,18,0,0,1,0,1,1,1,1783470171
2026-07-08T00:34:24Z,890,1,1,14,0,0,1,1,1,1783470188
2026-07-08T00:34:24Z,891,11,1,9,3,0,1,1,1,1783470295
2026-07-08T00:34:24Z,892,13,2,1,1,0,1,1,1,1783470450
2026-07-08T00:34:24Z,895,10,1,9,0,0,1,1,1,1783470168
2026-07-08T00:34:24Z,896,19,0,16,0,0,1,1,1,1783470528
2026-07-08T00:34:24Z,897,10,1,10,1,0,1,1,1,1783470291
2026-07-08T00:34:24Z,898,14,0,5,0,0,1,1,1,1783470209
2026-07-08T00:34:24Z,899,18,0,1,0,0,1,1,1,1783470811
2026-07-08T00:34:24Z,900,26,1,1,0,0,1,1,1,1783470791
2026-07-08T00:34:24Z,901,11,0,8,0,0,1,1,1,1783470690
2026-07-08T00:34:24Z,902,4,1,9,2,0,1,1,1,1783470140
2026-07-08T00:34:24Z,903,3,0,16,0,0,1,1,1,1783470201
2026-07-08T00:34:24Z,904,9,0,7,3,0,1,1,1,1783470223
2026-07-08T00:34:24Z,905,3,0,23,1,0,1,1,1,1783470340
2026-07-08T00:34:24Z,906,9,9,17,1,0,1,1,1,1783470542
2026-07-08T00:34:24Z,907,9,0,21,1,0,1,1,1,1783470677
2026-07-08T00:34:24Z,908,7,3,15,1,0,1,1,1,1783470287
2026-07-08T00:34:24Z,909,15,0,8,0,0,1,1,1,1783470784
2026-07-08T00:34:24Z,910,25,1,5,1,0,1,1,1,1783470836
2026-07-08T00:34:24Z,911,13,0,4,2,0,1,1,1,1783470521
2026-07-08T00:34:24Z,912,21,3,0,2,0,1,1,1,1783470823
2026-07-08T00:34:24Z,913,8,3,11,0,0,1,1,1,1783470186
2026-07-08T00:34:24Z,914,3,1,14,2,0,1,1,1,1783470816
2026-07-08T00:34:24Z,915,22,2,0,1,0,1,1,1,1783470823
2026-07-08T00:34:24Z,916,23,2,0,0,0,1,1,1,1783470618
2026-07-08T00:34:24Z,917,5,0,30,0,0,1,1,1,1783470848
2026-07-08T00:34:24Z,918,5,0,14,0,0,1,1,1,1783470212
2026-07-08T00:34:24Z,919,10,1,28,1,0,1,1,1,1783470735
2026-07-08T00:34:24Z,920,9,4,9,1,0,1,1,1,1783470199
2026-07-08T00:34:24Z,921,17,0,2,2,0,1,1,1,1783470269
2026-07-08T00:34:24Z,922,10,0,11,0,0,1,1,1,1783470337
2026-07-08T00:34:24Z,923,2,0,16,1,0,1,1,1,1783470208
2026-07-08T00:34:24Z,924,6,1,14,1,0,1,1,1,1783470251
2026-07-08T00:34:24Z,925,4,0,15,2,0,1,1,1,1783470026
2026-07-08T00:34:24Z,926,2,0,18,1,0,1,1,1,1783470742
2026-07-08T00:34:24Z,927,0,0,34,0,0,1,1,1,1783470461
2026-07-08T00:34:24Z,928,6,0,13,0,0,1,1,1,1783470384
2026-07-08T00:34:24Z,929,0,0,23,0,0,1,1,1,1783470307
2026-07-08T00:34:24Z,930,21,0,8,2,0,1,1,1,1783470692
2026-07-08T00:34:24Z,931,12,8,11,0,0,1,1,1,1783470651
2026-07-08T00:34:24Z,932,6,0,13,0,0,1,1,1,1783470853
2026-07-08T00:34:24Z,933,17,0,5,1,0,1,1,1,1783470845
2026-07-08T00:34:24Z,934,0,0,31,0,0,1,1,1,1783470395
2026-07-08T00:34:24Z,935,14,0,2,3,0,1,1,1,1783470652
2026-07-08T00:34:24Z,936,1,0,18,0,0,1,1,1,1783470220
2026-07-08T00:34:24Z,940,11,0,0,0,0,1,1,1,1783470413
2026-07-08T00:34:24Z,941,16,2,9,0,0,1,1,1,1783470248
2026-07-08T00:34:24Z,942,8,2,13,0,0,1,1,1,1783470580
2026-07-08T00:34:24Z,943,4,4,10,1,0,1,1,1,1783470093
2026-07-08T00:34:24Z,944,7,7,7,1,0,1,1,1,1783470147
2026-07-08T00:34:24Z,945,6,3,8,1,0,1,1,1,1783470136
2026-07-08T00:34:24Z,946,10,7,9,0,0,1,1,1,1783470174
2026-07-08T00:34:24Z,947,8,6,9,0,0,1,1,1,1783470131
2026-07-08T00:34:24Z,948,7,5,23,1,0,1,1,1,1783470429
2026-07-08T00:34:24Z,949,2,1,13,0,0,1,1,1,1783470848
2026-07-08T00:34:24Z,950,2,0,14,1,0,1,1,1,1783470158
2026-07-08T00:34:24Z,951,4,0,17,2,0,1,1,1,1783470736
2026-07-08T00:34:24Z,952,24,2,24,7,0,1,1,1,1783470758
2026-07-08T00:34:24Z,953,8,0,6,1,0,1,1,1,1783470379
2026-07-08T00:34:24Z,954,13,0,5,1,0,1,1,1,1783470209
2026-07-08T00:34:24Z,955,6,4,16,5,0,1,1,1,1783470522
2026-07-08T00:34:24Z,956,17,1,0,2,0,1,1,1,1783470241
2026-07-08T00:34:24Z,957,27,2,2,0,0,1,1,1,1783470852
2026-07-08T00:34:24Z,958,23,0,5,3,0,1,1,1,1783470850
2026-07-08T00:34:24Z,959,9,4,13,1,0,1,1,1,1783470539
2026-07-08T00:34:24Z,960,22,2,0,1,0,1,1,1,1783470312
2026-07-08T00:34:24Z,961,1,0,18,4,0,1,1,1,1783470342
2026-07-08T00:34:24Z,962,21,8,7,7,0,1,1,1,1783470838
2026-07-08T00:34:24Z,963,15,0,8,0,0,1,1,1,1783470656
2026-07-08T00:34:24Z,964,14,10,8,1,0,1,1,1,1783470318
2026-07-08T00:34:24Z,965,7,3,18,2,0,1,1,1,1783470831
2026-07-08T00:34:24Z,966,23,0,7,1,0,1,1,1,1783470843
2026-07-08T00:34:24Z,967,12,0,6,3,0,1,1,1,1783470755
2026-07-08T00:34:24Z,968,11,2,8,0,0,1,1,1,1783470748
2026-07-08T00:34:24Z,969,20,7,5,2,0,1,1,1,1783470726
2026-07-08T00:34:24Z,970,11,4,7,1,0,1,1,1,1783470224
2026-07-08T00:34:24Z,971,21,1,0,2,0,1,1,1,1783470461
2026-07-08T00:34:24Z,972,17,0,6,0,0,1,1,1,1783470320
2026-07-08T00:34:24Z,973,3,0,19,1,0,1,1,1,1783470810
2026-07-08T00:34:24Z,974,5,0,21,1,0,1,1,1,1783470822
2026-07-08T00:34:24Z,977,0,0,19,2,0,1,1,1,1783470212
2026-07-08T00:34:24Z,978,11,3,12,0,0,1,1,1,1783470831
2026-07-08T00:34:24Z,979,2,0,12,3,0,1,1,1,1783470110
2026-07-08T00:34:24Z,980,1,0,20,0,0,1,1,1,1783470310
2026-07-08T00:34:24Z,981,15,1,5,1,0,1,1,1,1783470518
2026-07-08T00:34:24Z,982,4,1,15,0,0,1,1,1,1783470207
2026-07-08T00:34:24Z,983,0,0,23,0,0,1,1,1,1783470342
2026-07-08T00:34:24Z,984,20,8,0,3,0,1,1,1,1783470348
2026-07-08T00:34:24Z,985,23,0,7,1,0,1,1,1,1783470383
2026-07-08T00:34:24Z,986,9,8,10,0,0,1,1,1,1783470236
2026-07-08T00:34:24Z,987,3,0,19,1,0,1,1,1,1783470311
2026-07-08T00:34:24Z,988,6,0,11,2,0,1,1,1,1783470834
2026-07-08T00:34:24Z,989,14,10,3,2,0,1,1,1,1783470271
2026-07-08T00:34:24Z,990,7,1,7,1,0,1,1,1,1783470151
2026-07-08T00:34:24Z,991,17,9,2,0,0,1,1,1,1783470299
2026-07-08T00:34:24Z,992,4,2,18,1,0,1,1,1,1783470385
2026-07-08T00:34:24Z,993,0,0,25,2,0,1,1,1,1783470371
2026-07-08T00:34:24Z,994,1,0,18,2,0,1,1,1,1783470359
2026-07-08T00:34:24Z,995,0,0,27,0,0,1,1,1,1783470332
2026-07-08T00:34:24Z,996,9,4,12,2,0,1,1,1,1783470363
2026-07-08T00:34:24Z,997,6,2,12,5,0,1,1,1,1783470782
2026-07-08T00:34:24Z,998,4,1,19,0,0,1,1,1,1783470324
2026-07-08T00:34:24Z,999,7,2,12,1,1,1,1,1,1783470313
2026-07-08T00:34:24Z,1000,5,0,15,1,0,1,1,1,1783470253
2026-07-08T00:34:24Z,1001,2,0,25,0,0,1,1,1,1783470332
2026-07-08T00:34:24Z,1002,0,0,31,0,0,1,1,1,1783470387
2026-07-08T00:34:24Z,1003,0,0,23,0,0,1,1,1,1783470298
2026-07-08T00:34:24Z,1004,6,0,17,0,0,1,1,1,1783469448
2026-07-08T00:34:24Z,1005,5,2,17,1,0,1,1,1,1783470303
2026-07-08T00:34:24Z,1006,10,1,9,0,0,1,1,1,1783470224
2026-07-08T00:34:24Z,1007,3,0,17,1,0,1,1,1,1783470833
2026-07-08T00:34:24Z,1008,18,8,5,0,0,1,1,1,1783470335
2026-07-08T00:34:24Z,1009,5,1,24,2,0,1,1,1,1783470463
2026-07-08T00:34:24Z,1010,9,8,18,0,0,1,1,1,1783470375
2026-07-08T00:34:24Z,1011,2,1,15,2,0,1,1,1,1783470218
2026-07-08T00:34:24Z,1012,1,0,21,1,0,1,1,1,1783470310
2026-07-08T00:34:24Z,1013,4,2,18,1,0,1,1,1,1783470323
2026-07-08T00:34:24Z,1014,6,1,15,2,0,1,1,1,1783470297
2026-07-08T00:34:24Z,1015,8,3,23,0,0,1,1,1,1783470403
2026-07-08T00:34:24Z,1016,16,6,14,1,0,1,1,1,1783470426
2026-07-08T00:34:24Z,1017,8,0,12,1,0,1,1,1,1783470273
2026-07-08T00:34:24Z,1018,3,2,13,5,0,1,1,1,1783470304
2026-07-08T00:34:24Z,1019,13,1,1,1,0,1,1,1,1783470157
2026-07-08T00:34:24Z,1020,14,2,7,0,0,1,1,1,1783470269
2026-07-08T00:34:24Z,1021,12,6,3,0,0,1,1,1,1783470171
2026-07-08T00:34:24Z,1022,12,1,15,0,0,1,1,1,1783470741
2026-07-08T00:34:24Z,1023,13,0,10,0,0,1,1,1,1783470358
2026-07-08T00:34:24Z,1024,3,0,16,0,0,1,1,1,1783470286
2026-07-08T00:34:24Z,1025,15,1,4,0,0,1,1,1,1783470224
2026-07-08T00:34:24Z,1026,10,7,20,1,0,1,1,1,1783470418
2026-07-08T00:34:24Z,1028,16,4,7,0,0,1,1,1,1783470340
2026-07-08T00:34:24Z,1029,10,8,2,3,0,1,1,1,1783470169
2026-07-08T00:34:24Z,1030,17,5,6,0,0,1,1,1,1783470362
2026-07-08T00:34:24Z,1031,2,2,16,1,0,1,1,1,1783470225
2026-07-08T00:34:24Z,1032,10,3,9,0,0,1,1,1,1783470229
2026-07-08T00:34:24Z,1033,17,8,1,1,0,1,1,1,1783470269
2026-07-08T00:34:24Z,1034,8,0,7,0,0,1,1,1,1783470156
2026-07-08T00:34:24Z,1035,4,0,14,1,0,1,1,1,1783470826
2026-07-08T00:34:24Z,1036,14,4,1,0,0,1,1,1,1783470169
2026-07-08T00:34:24Z,1037,0,0,19,0,0,1,1,1,1783470215
2026-07-08T00:34:24Z,1038,0,0,15,0,0,1,1,1,1783470145
2026-07-08T00:34:24Z,1039,12,6,7,0,0,1,1,1,1783470236
2026-07-08T00:34:24Z,1040,0,0,18,1,0,1,1,1,1783470234
2026-07-08T00:34:24Z,1041,3,2,16,0,0,1,1,1,1783470213
2026-07-08T00:34:24Z,1042,9,2,6,0,0,1,1,1,1783470154
2026-07-08T00:34:24Z,1043,9,6,10,0,0,1,1,1,1783470234
2026-07-08T00:34:24Z,1044,0,0,15,0,0,1,1,1,1783470143
2026-07-08T00:34:24Z,1045,2,1,17,0,0,1,1,1,1783470222
2026-07-08T00:34:24Z,1046,6,0,6,3,0,1,1,1,1783470832
2026-07-08T00:34:24Z,1047,1,1,19,1,0,1,1,1,1783470243
2026-07-08T00:34:24Z,1048,14,1,5,0,0,1,1,1,1783470205
2026-07-08T00:34:24Z,1049,11,2,10,0,0,1,1,1,1783470280
2026-07-08T00:34:24Z,1050,16,1,3,2,0,1,1,1,1783470502
2026-07-08T00:34:24Z,1051,15,2,5,1,0,1,1,1,1783470285
2026-07-08T00:34:24Z,1052,12,1,10,0,0,1,1,1,1783470316
2026-07-08T00:34:24Z,1053,6,0,9,0,0,1,1,1,1783470161
2026-07-08T00:34:24Z,1054,12,4,3,0,0,1,1,1,1783470156
2026-07-08T00:34:24Z,1055,8,0,11,0,0,1,1,1,1783470220
2026-07-08T00:34:24Z,1057,8,0,11,0,0,1,1,1,1783470736
2026-07-08T00:34:24Z,1058,2,0,53,1,0,1,1,1,1783470827
2026-07-08T00:34:24Z,1059,6,2,13,0,0,1,1,1,1783470200
2026-07-08T00:34:24Z,1060,36,14,1,0,0,1,1,1,1783470694
2026-07-08T00:34:24Z,1061,1,0,36,0,0,1,1,1,1783470706
2026-07-08T00:34:24Z,1062,6,0,11,0,0,1,1,1,1783470128
2026-07-08T00:34:24Z,1063,10,3,7,2,0,1,1,1,1783470219
2026-07-08T00:34:24Z,1064,10,2,13,0,0,1,1,1,1783470296
2026-07-08T00:34:24Z,1065,10,2,11,2,0,1,1,1,1783470341
2026-07-08T00:34:24Z,1066,14,3,7,2,0,1,1,1,1783470361
2026-07-08T00:34:24Z,1067,7,0,13,3,0,1,1,1,1783470314
2026-07-08T00:34:24Z,1068,13,1,9,1,0,1,1,1,1783470306
2026-07-08T00:34:24Z,1069,3,0,19,1,0,1,1,1,1783470336
2026-07-08T00:34:24Z,1070,7,4,15,1,0,1,1,1,1783470313
2026-07-08T00:34:24Z,1071,0,0,22,1,0,1,1,1,1783470301
2026-07-08T00:34:24Z,1072,13,2,8,2,0,1,1,1,1783470346
2026-07-08T00:34:24Z,1073,2,0,24,1,0,1,1,1,1783470382
2026-07-08T00:34:24Z,1074,43,1,7,3,0,1,1,1,1783470785
2026-07-08T00:34:24Z,1075,10,9,11,0,0,1,1,1,1783470278
2026-07-08T00:34:24Z,1076,13,9,8,0,0,1,1,1,1783470510
2026-07-08T00:34:24Z,1077,10,9,11,0,0,1,1,1,1783470274
2026-07-08T00:34:24Z,1078,3,0,18,0,0,1,1,1,1783470630
2026-07-08T00:34:24Z,1079,10,8,11,0,0,1,1,1,1783470266
2026-07-08T00:34:24Z,1080,10,8,11,0,0,1,1,1,1783470296
2026-07-08T00:34:24Z,1081,12,10,7,0,0,1,1,1,1783470194
2026-07-08T00:34:24Z,1082,13,11,10,0,0,1,1,1,1783470248
2026-07-08T00:34:24Z,1083,11,8,10,0,0,1,1,1,1783470283
2026-07-08T00:34:24Z,1084,9,7,12,0,0,1,1,1,1783470347
2026-07-08T00:34:24Z,1085,10,9,11,0,0,1,1,1,1783470361
2026-07-08T00:34:24Z,1086,8,6,13,0,0,1,1,1,1783469456
2026-07-08T00:34:24Z,1087,9,9,6,0,0,1,1,1,1783470516
2026-07-08T00:34:24Z,1088,6,4,9,0,0,1,1,1,1783470195
2026-07-08T00:34:24Z,1089,8,6,7,0,0,1,1,1,1783470162
2026-07-08T00:34:24Z,1090,9,8,6,0,0,1,1,1,1783470164
2026-07-08T00:34:24Z,1091,10,8,5,0,0,1,1,1,1783470167
2026-07-08T00:34:24Z,1092,7,6,8,0,0,1,1,1,1783470201
2026-07-08T00:34:24Z,1093,9,7,6,0,0,1,1,1,1783470173
2026-07-08T00:34:24Z,1094,12,9,7,0,0,1,1,1,1783470205
2026-07-08T00:34:24Z,1095,8,6,7,0,0,1,1,1,1783470105
2026-07-08T00:34:24Z,1096,10,7,9,0,0,1,1,1,1783470256
2026-07-08T00:34:24Z,1097,9,9,6,0,0,1,1,1,1783470186
2026-07-08T00:34:24Z,1098,8,6,11,0,0,1,1,1,1783470231
2026-07-08T00:34:24Z,1099,10,8,5,0,0,1,1,1,1783470167
2026-07-08T00:34:24Z,1100,9,5,18,2,0,1,1,1,1783470404
2026-07-08T00:34:24Z,1101,12,7,8,1,0,1,1,1,1783470295
2026-07-08T00:34:24Z,1102,9,4,4,0,0,1,1,1,1783470112
2026-07-08T00:34:24Z,1103,10,5,9,2,0,1,1,1,1783470279
2026-07-08T00:34:24Z,1104,9,5,12,0,0,1,1,1,1783470293
2026-07-08T00:34:24Z,1105,6,2,5,2,0,1,1,1,1783470743
2026-07-08T00:34:24Z,1106,10,5,10,1,0,1,1,1,1783470276
2026-07-08T00:34:24Z,1107,9,4,5,1,0,1,1,1,1783470148
2026-07-08T00:34:24Z,1108,4,2,20,3,0,1,1,1,1783470347
2026-07-08T00:34:24Z,1109,10,5,5,0,0,1,1,1,1783470151
2026-07-08T00:34:24Z,1110,12,1,9,0,0,1,1,1,1783470806
2026-07-08T00:34:24Z,1111,5,0,16,0,0,1,1,1,1783470263
2026-07-08T00:34:24Z,1112,5,1,48,0,0,1,1,1,1783470812
2026-07-08T00:34:24Z,1113,2,2,19,0,0,1,1,1,1783470192
2026-07-08T00:34:24Z,1115,9,0,12,2,0,1,1,1,1783470559
2026-07-08T00:34:24Z,1116,1,0,18,0,0,1,1,1,1783470213
2026-07-08T00:34:24Z,1117,3,1,19,1,0,1,1,1,1783470289
2026-07-08T00:34:24Z,1118,17,0,4,0,0,1,1,1,1783470294
2026-07-08T00:34:24Z,1119,5,1,11,1,0,1,1,1,1783470193
2026-07-08T00:34:24Z,1120,14,1,2,3,0,1,1,1,1783470847
2026-07-08T00:34:24Z,1121,5,1,16,0,0,1,1,1,1783470728
2026-07-08T00:34:24Z,1122,4,0,16,1,0,1,1,1,1783470620
2026-07-08T00:34:24Z,1123,4,0,17,2,0,1,1,1,1783470300
2026-07-08T00:34:24Z,1124,10,0,4,1,0,1,1,1,1783470503
2026-07-08T00:34:24Z,1125,15,0,8,0,0,1,1,1,1783470312
2026-07-08T00:34:24Z,1126,6,1,14,1,0,1,1,1,1783470839
2026-07-08T00:34:24Z,1127,7,1,11,1,0,1,1,1,1783470372
2026-07-08T00:34:24Z,1128,13,2,1,1,0,1,1,1,1783470625
2026-07-08T00:34:24Z,1129,7,2,14,0,0,1,1,1,1783470395
2026-07-08T00:34:24Z,1130,13,0,1,1,0,1,1,1,1783470143
2026-07-08T00:34:24Z,1131,0,0,49,0,0,1,1,1,1783470717
2026-07-08T00:34:24Z,1132,11,0,8,2,0,1,1,1,1783470247
2026-07-08T00:34:24Z,1133,6,1,13,2,0,1,1,1,1783470576
2026-07-08T00:34:24Z,1134,11,5,7,1,0,1,1,1,1783470337
2026-07-08T00:34:24Z,1135,13,7,8,0,0,1,1,1,1783470270
2026-07-08T00:34:24Z,1136,22,0,0,1,0,1,1,1,1783470503
2026-07-08T00:34:24Z,1137,1,1,14,0,0,1,1,1,1783470840
2026-07-08T00:34:24Z,1138,19,0,0,0,0,1,1,1,1783470249
2026-07-08T00:34:24Z,1139,10,0,11,0,0,1,1,1,1783470663
2026-07-08T00:34:24Z,1140,17,2,4,2,0,1,1,1,1783470385
2026-07-08T00:34:24Z,1141,4,3,15,2,0,1,1,1,1783470640
2026-07-08T00:34:24Z,1142,5,0,16,0,0,1,1,1,1783470278
2026-07-08T00:34:24Z,1143,14,0,14,1,0,1,1,1,1783470403
2026-07-08T00:34:24Z,1144,3,1,17,1,0,1,1,1,1783400779
2026-07-08T00:34:24Z,1145,6,2,11,3,0,1,1,1,1783469203
2026-07-08T00:34:24Z,1146,2,0,17,0,0,1,1,1,1783470845
2026-07-08T00:34:24Z,1147,9,2,10,0,0,1,1,1,1783470683
2026-07-08T00:34:24Z,1148,7,0,23,1,0,1,1,1,1783470779
2026-07-08T00:34:24Z,1149,5,2,19,1,0,1,1,1,1783470547
2026-07-08T00:34:24Z,1150,13,0,4,2,0,1,1,1,1783470813
2026-07-08T00:34:24Z,1151,2,0,18,1,0,1,1,1,1783470233
2026-07-08T00:34:24Z,1152,11,0,16,2,0,1,1,1,1783470364
2026-07-08T00:34:24Z,1153,13,0,9,1,0,1,1,1,1783470235
2026-07-08T00:34:24Z,1154,1,0,16,2,0,1,1,1,1783470185
2026-07-08T00:34:24Z,1155,11,3,8,2,0,1,1,1,1783470508
2026-07-08T00:34:24Z,1158,9,0,10,0,0,1,1,1,1783470218
2026-07-08T00:34:24Z,1159,7,5,12,0,0,1,1,1,1783470294
2026-07-08T00:34:24Z,1160,10,2,8,1,0,1,1,1,1783469086
2026-07-08T00:34:24Z,1161,8,2,11,0,0,1,1,1,1783470250
2026-07-08T00:34:24Z,1162,10,4,8,1,0,1,1,1,1783470234
2026-07-08T00:34:24Z,1163,2,2,17,0,0,1,1,1,1783470200
2026-07-08T00:34:24Z,1164,7,0,12,0,0,1,1,1,1783470781
2026-07-08T00:34:24Z,1165,3,1,17,1,0,1,1,1,1783470244
2026-07-08T00:34:24Z,1166,2,0,18,0,0,1,1,1,1783470827
2026-07-08T00:34:24Z,1167,13,2,2,0,0,1,1,1,1783470140
2026-07-08T00:34:24Z,1168,1,1,22,0,0,1,1,1,1783470353
2026-07-08T00:34:24Z,1169,3,2,15,1,0,1,1,1,1783470216
2026-07-08T00:34:24Z,1170,5,5,16,0,0,1,1,1,1783470531
2026-07-08T00:34:24Z,1171,16,14,6,1,0,1,1,1,1783470345
2026-07-08T00:34:24Z,1172,9,3,4,2,0,1,1,1,1783470162
2026-07-08T00:34:24Z,1173,5,5,13,1,0,1,1,1,1783470219
2026-07-08T00:34:24Z,1174,2,1,12,1,0,1,1,1,1783470144
2026-07-08T00:34:24Z,1175,7,0,12,0,0,1,1,1,1783470364
2026-07-08T00:34:24Z,1176,19,5,2,0,0,1,1,1,1783470254
2026-07-08T00:34:24Z,1177,11,2,10,0,0,1,1,1,1783470246
2026-07-08T00:34:24Z,1178,4,0,9,2,0,1,1,1,1783470271
2026-07-08T00:34:24Z,1181,14,1,1,0,0,1,1,1,1783469544
2026-07-08T00:34:24Z,1182,1,0,19,0,0,1,1,1,1783470589
2026-07-08T00:34:24Z,1183,8,0,27,2,0,1,1,1,1783470847
2026-07-08T00:34:24Z,1184,13,6,7,1,0,1,1,1,1783470448
2026-07-08T00:34:24Z,1185,13,6,8,0,0,1,1,1,1783470276
2026-07-08T00:34:24Z,1186,9,5,9,1,0,1,1,1,1783470212
2026-07-08T00:34:24Z,1188,8,4,7,0,0,1,1,1,1783469691
2026-07-08T00:34:24Z,1189,10,5,9,0,0,1,1,1,1783469767
2026-07-08T00:34:24Z,1190,9,5,12,0,0,1,1,1,1783470249
2026-07-08T00:34:24Z,1191,8,4,6,1,0,1,1,1,1783470288
2026-07-08T00:34:24Z,1192,8,4,12,1,0,1,1,1,1783470302
2026-07-08T00:34:24Z,1193,3,1,9,1,0,1,1,1,1783470092
2026-07-08T00:34:24Z,1197,13,3,3,1,0,1,1,1,1783470122
2026-07-08T00:34:24Z,1198,15,9,6,0,0,1,1,1,1783470265
2026-07-08T00:34:24Z,1199,3,3,16,0,0,1,1,1,1783470199
2026-07-08T00:34:24Z,1200,11,4,4,0,0,1,1,1,1783469989
2026-07-08T00:34:24Z,1201,8,4,6,1,0,1,1,1,1783470012
2026-07-08T00:34:24Z,1202,9,5,6,0,0,1,1,1,1783469979
2026-07-08T00:34:24Z,1203,8,4,7,0,0,1,1,1,1783470691
2026-07-08T00:34:24Z,1218,7,4,14,0,0,1,1,1,1783470295
2026-07-08T00:34:24Z,1224,0,0,3,0,0,0,1,1,1781869449
2026-07-08T00:34:24Z,1225,0,0,3,0,0,0,1,1,1781868919
2026-07-08T00:34:24Z,1226,0,0,3,0,0,0,1,1,1781868931
2026-07-08T00:39:24Z,1,0,0,23,0,0,1,1,1,1783470556
2026-07-08T00:39:24Z,2,13,2,13,1,0,1,1,1,1783470979
2026-07-08T00:39:24Z,3,8,1,10,0,0,1,1,1,1783470994
2026-07-08T00:39:24Z,4,2,0,21,0,0,1,1,1,1783469060
2026-07-08T00:39:24Z,5,8,6,11,4,0,1,1,1,1783471043
2026-07-08T00:39:24Z,6,6,0,9,0,0,1,1,1,1783470872
2026-07-08T00:39:24Z,7,19,0,4,0,0,1,1,1,1783470588
2026-07-08T00:39:24Z,8,42,1,0,1,0,1,1,1,1783470812
2026-07-08T00:39:24Z,9,0,0,22,1,0,1,1,1,1783470000
2026-07-08T00:39:24Z,10,8,3,15,0,0,1,1,1,1783471067
2026-07-08T00:39:24Z,11,1,0,18,0,0,1,1,1,1783470675
2026-07-08T00:39:24Z,12,0,0,23,0,0,1,1,1,1783470757
2026-07-08T00:39:24Z,13,27,0,3,0,0,1,1,1,1783471102
2026-07-08T00:39:24Z,14,41,0,2,0,0,1,1,1,1783471145
2026-07-08T00:39:24Z,15,14,1,0,1,0,1,1,1,1783470360
2026-07-08T00:39:24Z,16,3,2,24,0,0,1,1,1,1783470530
2026-07-08T00:39:24Z,17,24,0,1,2,0,1,1,1,1783471151
2026-07-08T00:39:24Z,18,18,0,1,0,0,1,1,1,1783471003
2026-07-08T00:39:24Z,19,7,3,20,0,0,1,1,1,1783470880
2026-07-08T00:39:24Z,20,12,0,15,0,0,1,1,1,1783471107
2026-07-08T00:39:24Z,21,11,0,7,1,0,1,1,1,1783471119
2026-07-08T00:39:24Z,22,1,0,65,1,0,1,1,1,1783470879
2026-07-08T00:39:24Z,23,13,0,18,0,0,1,1,1,1783471054
2026-07-08T00:39:24Z,24,0,0,9,2,0,1,1,1,1783471151
2026-07-08T00:39:24Z,25,24,2,52,5,0,1,1,1,1783471150
2026-07-08T00:39:24Z,26,0,0,27,0,0,1,1,1,1783470490
2026-07-08T00:39:24Z,28,10,3,5,0,0,1,1,1,1783470344
2026-07-08T00:39:24Z,30,11,1,16,0,0,1,1,1,1783471107
2026-07-08T00:39:24Z,31,0,0,19,0,0,1,1,1,1783470675
2026-07-08T00:39:24Z,32,27,3,0,0,0,1,1,1,1783470292
2026-07-08T00:39:24Z,34,28,1,9,0,0,1,1,1,1783470064
2026-07-08T00:39:24Z,35,4,3,42,1,0,1,1,1,1783471012
2026-07-08T00:39:24Z,36,0,0,0,0,0,0,1,1,86400
2026-07-08T00:39:24Z,37,9,0,13,1,0,1,1,1,1783471110
2026-07-08T00:39:24Z,38,4,1,19,0,0,1,1,1,1783471143
2026-07-08T00:39:24Z,39,24,5,7,0,0,1,1,1,1783471153
2026-07-08T00:39:24Z,40,0,0,21,0,0,1,1,1,1783469847
2026-07-08T00:39:24Z,41,3,0,22,2,0,1,1,1,1783471123
2026-07-08T00:39:24Z,42,9,2,21,1,0,1,1,1,1783471091
2026-07-08T00:39:24Z,43,18,1,5,0,0,1,1,1,1783471124
2026-07-08T00:39:24Z,45,1,1,27,3,0,1,1,1,1783470999
2026-07-08T00:39:24Z,46,2,0,27,1,1,1,1,1,1783471028
2026-07-08T00:39:24Z,47,6,1,9,0,0,1,1,1,1783471149
2026-07-08T00:39:24Z,48,1,1,26,0,0,1,1,1,1783470556
2026-07-08T00:39:24Z,49,1,0,19,3,0,1,1,1,1783471154
2026-07-08T00:39:24Z,50,2,2,17,0,0,1,1,1,1783471059
2026-07-08T00:39:24Z,51,0,0,78,0,0,1,1,1,1783470549
2026-07-08T00:39:24Z,52,0,0,25,2,0,1,1,1,1783470286
2026-07-08T00:39:24Z,55,1,0,20,0,1,1,1,1,1783470977
2026-07-08T00:39:24Z,57,2,1,25,0,0,1,1,1,1783470587
2026-07-08T00:39:24Z,58,4,2,24,0,0,1,1,1,1783471095
2026-07-08T00:39:24Z,59,0,0,25,2,0,1,1,1,1783471116
2026-07-08T00:39:24Z,61,0,0,37,2,0,1,1,1,1783469462
2026-07-08T00:39:24Z,62,2,0,45,2,0,1,1,1,1783471110
2026-07-08T00:39:24Z,63,0,0,19,0,0,1,1,1,1783468347
2026-07-08T00:39:24Z,64,18,2,0,1,0,1,1,1,1783470953
2026-07-08T00:39:24Z,65,3,1,14,2,0,1,1,1,1783470165
2026-07-08T00:39:24Z,67,2,0,37,0,0,1,1,1,1783471007
2026-07-08T00:39:24Z,68,0,0,37,0,0,1,1,1,1783470766
2026-07-08T00:39:24Z,69,14,2,1,0,0,1,1,1,1783468047
2026-07-08T00:39:24Z,71,0,0,27,0,0,1,1,1,1783470514
2026-07-08T00:39:24Z,72,1,1,30,0,0,1,1,1,1783470875
2026-07-08T00:39:24Z,73,0,0,23,0,0,1,1,1,1783470373
2026-07-08T00:39:24Z,74,6,2,13,0,0,1,1,1,1783471037
2026-07-08T00:39:24Z,75,0,0,34,1,0,1,1,1,1783468816
2026-07-08T00:39:24Z,76,1,0,18,0,0,1,1,1,1783470572
2026-07-08T00:39:24Z,77,9,0,14,4,0,1,1,1,1783471153
2026-07-08T00:39:24Z,78,0,0,23,0,0,1,1,1,1783467209
2026-07-08T00:39:24Z,79,3,0,14,0,0,1,1,1,1783470767
2026-07-08T00:39:24Z,80,17,1,4,2,0,1,1,1,1783471136
2026-07-08T00:39:24Z,81,9,0,4,18,0,1,1,1,1783471093
2026-07-08T00:39:24Z,82,1,1,20,2,0,1,1,1,1783470647
2026-07-08T00:39:24Z,83,1,0,30,3,0,1,1,1,1783471078
2026-07-08T00:39:24Z,84,18,0,7,2,0,1,1,1,1783471113
2026-07-08T00:39:24Z,85,1,0,13,0,0,1,1,1,1783471144
2026-07-08T00:39:24Z,86,2,0,24,1,0,1,1,1,1783470835
2026-07-08T00:39:24Z,87,0,0,19,0,0,1,1,1,1783464851
2026-07-08T00:39:24Z,88,24,1,7,0,0,1,1,1,1783471138
2026-07-08T00:39:24Z,89,18,0,17,0,0,1,1,1,1783470935
2026-07-08T00:39:24Z,90,6,0,12,1,0,1,1,1,1783470990
2026-07-08T00:39:24Z,91,8,1,9,0,0,1,1,1,1783470884
2026-07-08T00:39:24Z,92,13,0,4,2,0,1,1,1,1783471141
2026-07-08T00:39:24Z,93,22,1,1,0,0,1,1,1,1783471124
2026-07-08T00:39:24Z,94,1,1,18,0,0,1,1,1,1783468543
2026-07-08T00:39:24Z,95,6,0,28,0,1,1,1,1,1783470978
2026-07-08T00:39:24Z,96,9,1,20,2,0,1,1,1,1783470528
2026-07-08T00:39:24Z,97,8,0,7,0,0,1,1,1,1783470867
2026-07-08T00:39:24Z,98,16,2,17,2,0,1,1,1,1783471050
2026-07-08T00:39:24Z,99,10,0,4,0,0,1,1,1,1783471091
2026-07-08T00:39:24Z,100,15,0,11,1,0,1,1,1,1783470873
2026-07-08T00:39:24Z,101,3,0,10,2,0,1,1,1,1783470957
2026-07-08T00:39:24Z,102,8,0,15,0,0,1,1,1,1783470943
2026-07-08T00:39:24Z,103,10,0,18,4,0,1,1,1,1783470868
2026-07-08T00:39:24Z,104,3,3,22,2,0,1,1,1,1783470860
2026-07-08T00:39:24Z,105,12,0,7,0,0,1,1,1,1783470464
2026-07-08T00:39:24Z,106,0,0,21,0,0,1,1,1,1783469801
2026-07-08T00:39:24Z,107,31,0,6,0,0,1,1,1,1783471020
2026-07-08T00:39:24Z,108,14,1,19,2,0,1,1,1,1783471060
2026-07-08T00:39:24Z,109,17,0,6,0,0,1,1,1,1783471152
2026-07-08T00:39:24Z,110,6,1,17,0,0,1,1,1,1783471114
2026-07-08T00:39:24Z,111,0,0,35,1,0,1,1,1,1783471111
2026-07-08T00:39:24Z,112,16,0,2,1,0,1,1,1,1783471066
2026-07-08T00:39:24Z,113,2,1,17,0,0,1,1,1,1783471003
2026-07-08T00:39:24Z,114,6,2,21,4,0,1,1,1,1783471143
2026-07-08T00:39:24Z,115,0,0,24,2,0,1,1,1,1783470667
2026-07-08T00:39:24Z,116,0,0,27,0,0,1,1,1,1783471124
2026-07-08T00:39:24Z,118,8,3,11,4,0,1,1,1,1783470728
2026-07-08T00:39:24Z,119,16,3,20,2,0,1,1,1,1783470937
2026-07-08T00:39:24Z,120,1,0,24,2,0,1,1,1,1783471025
2026-07-08T00:39:24Z,121,9,0,10,0,0,1,1,1,1783470756
2026-07-08T00:39:24Z,122,18,0,3,0,0,1,1,1,1783471149
2026-07-08T00:39:24Z,123,15,0,32,0,0,1,1,1,1783471023
2026-07-08T00:39:24Z,124,5,0,22,0,0,1,1,1,1783471131
2026-07-08T00:39:24Z,125,3,0,20,0,0,1,1,1,1783470997
2026-07-08T00:39:24Z,126,3,0,28,0,0,1,1,1,1783470813
2026-07-08T00:39:24Z,127,0,0,22,0,0,1,1,1,1783469736
2026-07-08T00:39:24Z,128,2,1,17,0,0,1,1,1,1783470703
2026-07-08T00:39:24Z,129,15,5,1,3,0,1,1,1,1783471117
2026-07-08T00:39:24Z,130,10,0,7,0,0,1,1,1,1783471015
2026-07-08T00:39:24Z,131,0,0,9,2,0,1,1,1,1783470239
2026-07-08T00:39:24Z,132,0,0,14,0,1,1,1,1,1783468552
2026-07-08T00:39:24Z,133,1,0,22,0,0,1,1,1,1783470965
2026-07-08T00:39:24Z,134,5,4,18,0,0,1,1,1,1783471026
2026-07-08T00:39:24Z,135,11,2,8,0,0,1,1,1,1783470611
2026-07-08T00:39:24Z,136,13,1,9,0,0,1,1,1,1783471044
2026-07-08T00:39:24Z,137,5,4,13,1,0,1,1,1,1783470572
2026-07-08T00:39:24Z,138,35,1,1,1,0,1,1,1,1783471145
2026-07-08T00:39:24Z,139,18,1,1,0,0,1,1,1,1783471039
2026-07-08T00:39:24Z,140,11,0,10,2,0,1,1,1,1783471156
2026-07-08T00:39:24Z,141,23,2,0,2,0,1,1,1,1783471118
2026-07-08T00:39:24Z,142,0,0,19,0,0,0,1,1,1782498468
2026-07-08T00:39:24Z,143,28,0,0,3,0,1,1,1,1783470929
2026-07-08T00:39:24Z,144,21,2,5,1,0,1,1,1,1783470947
2026-07-08T00:39:24Z,145,27,3,3,1,0,1,1,1,1783471151
2026-07-08T00:39:24Z,146,21,4,0,2,0,1,1,1,1783471147
2026-07-08T00:39:24Z,147,3,0,15,1,0,1,1,1,1783471057
2026-07-08T00:39:24Z,148,17,1,8,2,0,1,1,1,1783471150
2026-07-08T00:39:24Z,149,1,1,18,0,0,1,1,1,1783470996
2026-07-08T00:39:24Z,150,32,0,2,1,0,1,1,1,1783471128
2026-07-08T00:39:24Z,151,21,1,1,1,0,1,1,1,1783470883
2026-07-08T00:39:24Z,152,18,1,7,1,0,1,1,1,1783471153
2026-07-08T00:39:24Z,153,18,4,3,2,0,1,1,1,1783470969
2026-07-08T00:39:24Z,154,17,2,2,4,0,1,1,1,1783471015
2026-07-08T00:39:24Z,155,3,1,7,4,0,1,1,1,1783471153
2026-07-08T00:39:24Z,156,11,3,8,0,0,1,1,1,1783471040
2026-07-08T00:39:24Z,157,24,3,1,2,0,1,1,1,1783471117
2026-07-08T00:39:24Z,158,9,2,10,0,0,1,1,1,1783471118
2026-07-08T00:39:24Z,159,11,2,8,0,0,1,1,1,1783470480
2026-07-08T00:39:24Z,160,17,1,1,1,0,1,1,1,1783471054
2026-07-08T00:39:24Z,161,12,1,10,1,0,1,1,1,1783471149
2026-07-08T00:39:24Z,162,14,10,13,0,0,1,1,1,1783470896
2026-07-08T00:39:24Z,163,22,4,9,0,0,1,1,1,1783471019
2026-07-08T00:39:24Z,164,19,0,8,0,0,1,1,1,1783470901
2026-07-08T00:39:24Z,165,15,5,13,2,0,1,1,1,1783471092
2026-07-08T00:39:24Z,166,23,6,14,1,0,1,1,1,1783471077
2026-07-08T00:39:24Z,167,9,6,13,1,0,1,1,1,1783471067
2026-07-08T00:39:24Z,168,6,0,20,1,0,1,1,1,1783471149
2026-07-08T00:39:24Z,169,12,1,9,2,0,1,1,1,1783471147
2026-07-08T00:39:24Z,170,15,5,3,1,0,1,1,1,1783471086
2026-07-08T00:39:24Z,171,6,1,4,3,0,1,1,1,1783471061
2026-07-08T00:39:24Z,173,3,0,34,0,0,1,1,1,1783471145
2026-07-08T00:39:24Z,174,13,2,12,0,0,1,1,1,1783470987
2026-07-08T00:39:24Z,175,23,2,5,3,0,1,1,1,1783471144
2026-07-08T00:39:24Z,176,13,5,0,2,0,1,1,1,1783471123
2026-07-08T00:39:24Z,177,23,3,0,4,0,1,1,1,1783471136
2026-07-08T00:39:24Z,178,15,0,0,0,0,1,1,1,1783468640
2026-07-08T00:39:24Z,179,12,3,1,2,0,1,1,1,1783471109
2026-07-08T00:39:24Z,180,0,0,29,1,0,1,1,1,1783469918
2026-07-08T00:39:24Z,181,8,3,7,0,0,1,1,1,1783471115
2026-07-08T00:39:24Z,182,7,4,11,1,0,1,1,1,1783470916
2026-07-08T00:39:24Z,183,18,2,3,2,0,1,1,1,1783470787
2026-07-08T00:39:24Z,184,4,2,17,2,0,1,1,1,1783471089
2026-07-08T00:39:24Z,185,5,1,7,2,1,1,1,1,1783468783
2026-07-08T00:39:24Z,186,5,3,13,1,0,1,1,1,1783471050
2026-07-08T00:39:24Z,187,2,0,25,2,0,1,1,1,1783470978
2026-07-08T00:39:24Z,188,16,2,1,10,0,1,1,1,1783471152
2026-07-08T00:39:24Z,189,8,2,6,1,0,1,1,1,1783470981
2026-07-08T00:39:24Z,190,7,2,16,0,0,1,1,1,1783471130
2026-07-08T00:39:24Z,191,3,3,33,3,0,1,1,1,1783471148
2026-07-08T00:39:24Z,192,17,14,14,0,0,1,1,1,1783470782
2026-07-08T00:39:24Z,193,9,4,5,1,0,1,1,1,1783470943
2026-07-08T00:39:24Z,194,0,0,15,0,0,1,1,1,1783470598
2026-07-08T00:39:24Z,195,1,1,18,0,0,1,1,1,1783470799
2026-07-08T00:39:24Z,196,4,2,23,0,0,1,1,1,1783470664
2026-07-08T00:39:24Z,197,3,1,14,1,1,1,1,1,1783471085
2026-07-08T00:39:24Z,198,0,0,23,0,0,1,1,1,1783471041
2026-07-08T00:39:24Z,199,1,0,12,2,0,1,1,1,1783470927
2026-07-08T00:39:24Z,200,2,2,24,0,0,1,1,1,1783471094
2026-07-08T00:39:24Z,201,2,2,21,0,0,1,1,1,1783470789
2026-07-08T00:39:24Z,202,0,0,21,0,0,0,1,1,1783093344
2026-07-08T00:39:24Z,203,0,0,31,0,0,1,1,1,1783469636
2026-07-08T00:39:24Z,204,8,0,27,0,0,1,1,1,1783471139
2026-07-08T00:39:24Z,205,10,0,17,0,0,1,1,1,1783471035
2026-07-08T00:39:24Z,206,11,2,2,2,0,1,1,1,1783470970
2026-07-08T00:39:24Z,207,5,0,16,0,0,1,1,1,1783471085
2026-07-08T00:39:24Z,208,2,1,26,1,0,1,1,1,1783471005
2026-07-08T00:39:24Z,209,15,2,15,1,0,1,1,1,1783471064
2026-07-08T00:39:24Z,210,0,0,26,1,0,1,1,1,1783471146
2026-07-08T00:39:24Z,211,8,1,15,0,0,1,1,1,1783470318
2026-07-08T00:39:24Z,212,12,0,23,0,0,1,1,1,1783470819
2026-07-08T00:39:24Z,213,22,0,1,0,0,1,1,1,1783470311
2026-07-08T00:39:24Z,214,12,12,31,4,0,1,1,1,1783471002
2026-07-08T00:39:24Z,215,2,2,21,0,0,1,1,1,1783471087
2026-07-08T00:39:24Z,216,16,1,3,0,0,1,1,1,1783470758
2026-07-08T00:39:24Z,217,28,6,0,1,0,1,1,1,1783470879
2026-07-08T00:39:24Z,218,29,3,5,5,0,1,1,1,1783471104
2026-07-08T00:39:24Z,219,0,0,3,0,0,0,1,1,1783102064
2026-07-08T00:39:24Z,220,34,2,8,1,0,1,1,1,1783471108
2026-07-08T00:39:24Z,221,14,8,0,0,0,1,1,1,1783470943
2026-07-08T00:39:24Z,222,13,8,5,1,0,1,1,1,1783471036
2026-07-08T00:39:24Z,223,3,0,29,3,0,1,1,1,1783471136
2026-07-08T00:39:24Z,224,1,0,20,1,0,1,1,1,1783471051
2026-07-08T00:39:24Z,225,2,1,13,4,0,1,1,1,1783470353
2026-07-08T00:39:24Z,226,1,1,29,1,0,1,1,1,1783471144
2026-07-08T00:39:24Z,227,10,9,14,3,0,1,1,1,1783471098
2026-07-08T00:39:24Z,228,4,4,15,0,0,1,1,1,1783469346
2026-07-08T00:39:24Z,230,19,2,4,0,0,1,1,1,1783470870
2026-07-08T00:39:24Z,232,13,3,5,1,0,1,1,1,1783471116
2026-07-08T00:39:24Z,233,22,6,8,1,0,1,1,1,1783471053
2026-07-08T00:39:24Z,234,6,3,9,3,1,1,1,1,1783470646
2026-07-08T00:39:24Z,236,2,2,16,1,0,1,1,1,1783470326
2026-07-08T00:39:24Z,237,5,0,16,2,0,1,1,1,1783470963
2026-07-08T00:39:24Z,239,5,3,19,3,0,1,1,1,1783470947
2026-07-08T00:39:24Z,241,13,8,9,1,0,1,1,1,1783470600
2026-07-08T00:39:24Z,242,3,0,17,3,0,1,1,1,1783470818
2026-07-08T00:39:24Z,243,8,2,19,4,0,1,1,1,1783471129
2026-07-08T00:39:24Z,244,8,2,18,1,0,1,1,1,1783471001
2026-07-08T00:39:24Z,245,9,2,14,0,0,1,1,1,1783471107
2026-07-08T00:39:24Z,246,0,0,23,0,0,1,1,1,1783470557
2026-07-08T00:39:24Z,247,1,1,19,3,0,1,1,1,1783471155
2026-07-08T00:39:24Z,248,1,1,18,4,0,1,1,1,1783469823
2026-07-08T00:39:24Z,249,1,0,17,1,0,1,1,1,1783470936
2026-07-08T00:39:24Z,250,3,3,23,1,0,1,1,1,1783470060
2026-07-08T00:39:24Z,251,6,1,21,0,0,1,1,1,1783471093
2026-07-08T00:39:24Z,253,3,2,16,0,0,1,1,1,1783470756
2026-07-08T00:39:24Z,254,16,1,19,8,0,1,1,1,1783471075
2026-07-08T00:39:24Z,255,2,0,21,0,0,1,1,1,1783471151
2026-07-08T00:39:24Z,256,19,11,4,0,0,1,1,1,1783471077
2026-07-08T00:39:24Z,257,16,8,3,0,0,1,1,1,1783470442
2026-07-08T00:39:24Z,258,2,1,14,3,0,1,1,1,1783471098
2026-07-08T00:39:24Z,259,6,5,16,1,0,1,1,1,1783471120
2026-07-08T00:39:24Z,260,8,4,11,0,0,1,1,1,1783471002
2026-07-08T00:39:24Z,261,14,1,3,2,0,1,1,1,1783470983
2026-07-08T00:39:24Z,262,18,10,3,2,0,1,1,1,1783471087
2026-07-08T00:39:24Z,263,8,2,7,0,0,1,1,1,1783470994
2026-07-08T00:39:24Z,264,12,5,7,0,0,1,1,1,1783470265
2026-07-08T00:39:24Z,265,8,1,6,1,0,1,1,1,1783470970
2026-07-08T00:39:24Z,266,7,4,8,4,0,1,1,1,1783470271
2026-07-08T00:39:24Z,267,9,1,5,1,0,1,1,1,1783459155
2026-07-08T00:39:24Z,268,4,2,18,1,0,1,1,1,1783470936
2026-07-08T00:39:24Z,269,2,2,21,0,0,1,1,1,1783469544
2026-07-08T00:39:24Z,270,17,5,10,0,0,1,1,1,1783470748
2026-07-08T00:39:24Z,271,2,0,15,2,0,1,1,1,1783471086
2026-07-08T00:39:24Z,272,7,4,16,0,0,1,1,1,1783471148
2026-07-08T00:39:24Z,273,7,4,8,0,0,1,1,1,1783470924
2026-07-08T00:39:24Z,274,1,1,17,1,0,1,1,1,1783470669
2026-07-08T00:39:24Z,275,3,0,20,0,0,1,1,1,1783471060
2026-07-08T00:39:24Z,276,8,1,18,0,1,1,1,1,1783471143
2026-07-08T00:39:24Z,277,0,0,21,2,0,1,1,1,1783469524
2026-07-08T00:39:24Z,278,0,0,28,2,1,1,1,1,1783470916
2026-07-08T00:39:24Z,279,1,1,18,0,0,1,1,1,1783470378
2026-07-08T00:39:24Z,280,9,1,20,2,0,1,1,1,1783471141
2026-07-08T00:39:24Z,281,6,0,17,0,0,1,1,1,1783470511
2026-07-08T00:39:24Z,282,12,4,4,0,0,1,1,1,1783470893
2026-07-08T00:39:24Z,283,2,0,32,1,0,1,1,1,1783471141
2026-07-08T00:39:24Z,284,22,4,13,0,0,1,1,1,1783470504
2026-07-08T00:39:24Z,285,2,0,21,0,0,1,1,1,1783470885
2026-07-08T00:39:24Z,286,4,3,17,2,0,1,1,1,1783471018
2026-07-08T00:39:24Z,287,20,6,1,2,0,1,1,1,1783470972
2026-07-08T00:39:24Z,288,4,1,14,1,0,1,1,1,1783471149
2026-07-08T00:39:24Z,289,9,7,17,1,0,1,1,1,1783471149
2026-07-08T00:39:24Z,290,5,0,32,2,0,1,1,1,1783470359
2026-07-08T00:39:24Z,291,16,0,7,0,0,1,1,1,1783471094
2026-07-08T00:39:24Z,292,4,1,19,0,0,1,1,1,1783470318
2026-07-08T00:39:24Z,293,9,4,12,2,0,1,1,1,1783470929
2026-07-08T00:39:24Z,294,4,3,17,1,0,1,1,1,1783471147
2026-07-08T00:39:24Z,297,10,0,7,2,0,1,1,1,1783471088
2026-07-08T00:39:24Z,301,14,2,5,0,0,1,1,1,1783471051
2026-07-08T00:39:24Z,302,17,5,3,3,0,1,1,1,1783470917
2026-07-08T00:39:24Z,303,16,0,2,1,0,1,1,1,1783470804
2026-07-08T00:39:24Z,304,0,0,0,0,0,0,1,1,86400
2026-07-08T00:39:24Z,305,18,0,0,1,0,1,1,1,1783470982
2026-07-08T00:39:24Z,306,15,0,17,0,0,1,1,1,1783470261
2026-07-08T00:39:24Z,307,19,1,2,2,0,1,1,1,1783471088
2026-07-08T00:39:24Z,308,12,0,6,1,0,1,1,1,1783470924
2026-07-08T00:39:24Z,309,10,1,2,1,0,1,1,1,1783470428
2026-07-08T00:39:24Z,311,6,0,8,1,0,1,1,1,1783471084
2026-07-08T00:39:24Z,312,8,2,11,3,1,1,1,1,1783470829
2026-07-08T00:39:24Z,313,4,0,11,0,0,1,1,1,1783470709
2026-07-08T00:39:24Z,314,14,1,4,1,0,1,1,1,1783470703
2026-07-08T00:39:24Z,315,0,0,31,0,0,0,1,1,1783017696
2026-07-08T00:39:24Z,316,11,0,4,0,0,1,1,1,1783470964
2026-07-08T00:39:24Z,317,13,4,16,2,0,1,1,1,1783471002
2026-07-08T00:39:24Z,318,11,5,6,0,0,1,1,1,1783470008
2026-07-08T00:39:24Z,319,15,11,11,1,0,1,1,1,1783471106
2026-07-08T00:39:24Z,320,7,3,12,0,0,1,1,1,1783469705
2026-07-08T00:39:24Z,321,8,0,9,2,0,1,1,1,1783469099
2026-07-08T00:39:24Z,322,13,0,16,0,0,1,1,1,1783470376
2026-07-08T00:39:24Z,323,11,0,8,0,0,1,1,1,1783471155
2026-07-08T00:39:24Z,324,0,0,26,1,0,1,1,1,1783470907
2026-07-08T00:39:24Z,325,2,0,23,2,0,1,1,1,1783471041
2026-07-08T00:39:24Z,327,1,0,24,0,2,1,1,1,1783470311
2026-07-08T00:39:24Z,328,10,4,13,0,0,1,1,1,1783471089
2026-07-08T00:39:24Z,329,9,2,9,1,0,1,1,1,1783468107
2026-07-08T00:39:24Z,330,4,1,18,0,0,1,1,1,1783470788
2026-07-08T00:39:24Z,331,0,0,23,0,0,1,1,1,1783469773
2026-07-08T00:39:24Z,332,7,4,10,2,0,1,1,1,1783470880
2026-07-08T00:39:24Z,333,13,3,8,2,0,1,1,1,1783470790
2026-07-08T00:39:24Z,334,10,2,13,0,0,1,1,1,1783471035
2026-07-08T00:39:24Z,335,8,5,15,0,0,1,1,1,1783471107
2026-07-08T00:39:24Z,336,7,0,12,0,0,1,1,1,1783471155
2026-07-08T00:39:24Z,337,8,1,13,2,0,1,1,1,1783471133
2026-07-08T00:39:24Z,338,6,0,13,0,0,1,1,1,1783469944
2026-07-08T00:39:24Z,339,2,2,20,1,0,1,1,1,1783470523
2026-07-08T00:39:24Z,340,9,3,5,1,0,1,1,1,1783470358
2026-07-08T00:39:24Z,341,8,3,11,0,0,1,1,1,1783470540
2026-07-08T00:39:24Z,342,15,1,0,0,0,1,1,1,1783470216
2026-07-08T00:39:24Z,343,0,0,21,2,0,1,1,1,1783470053
2026-07-08T00:39:24Z,344,4,4,18,1,0,1,1,1,1783471151
2026-07-08T00:39:24Z,345,6,0,12,1,0,1,1,1,1783471022
2026-07-08T00:39:24Z,346,0,0,23,0,0,1,1,1,1783470936
2026-07-08T00:39:24Z,347,35,2,11,1,0,1,1,1,1783471154
2026-07-08T00:39:24Z,348,4,1,17,2,0,1,1,1,1783470421
2026-07-08T00:39:24Z,349,0,0,16,3,0,1,1,1,1783471071
2026-07-08T00:39:24Z,350,21,0,3,2,1,1,1,1,1783470772
2026-07-08T00:39:24Z,351,22,1,0,1,0,1,1,1,1783471115
2026-07-08T00:39:24Z,355,4,0,16,3,0,1,1,1,1783470279
2026-07-08T00:39:24Z,356,3,0,16,0,0,1,1,1,1783470949
2026-07-08T00:39:24Z,357,16,5,2,1,0,1,1,1,1783471035
2026-07-08T00:39:24Z,358,0,0,7,5,13,0,1,1,1782961435
2026-07-08T00:39:24Z,359,22,1,4,1,0,1,1,1,1783470763
2026-07-08T00:39:24Z,360,5,0,14,0,0,1,1,1,1783470253
2026-07-08T00:39:24Z,362,16,3,1,1,0,1,1,1,1783471059
2026-07-08T00:39:24Z,363,20,0,7,0,0,1,1,1,1783470988
2026-07-08T00:39:24Z,364,7,0,10,1,1,1,1,1,1783471154
2026-07-08T00:39:24Z,365,12,4,10,1,0,1,1,1,1783470995
2026-07-08T00:39:24Z,366,8,7,11,4,0,1,1,1,1783471133
2026-07-08T00:39:24Z,367,10,1,9,0,0,1,1,1,1783470783
2026-07-08T00:39:24Z,368,7,1,16,0,0,1,1,1,1783470714
2026-07-08T00:39:24Z,370,10,9,16,1,0,1,1,1,1783470339
2026-07-08T00:39:24Z,371,4,0,13,2,0,1,1,1,1783470575
2026-07-08T00:39:24Z,372,8,1,6,1,0,1,1,1,1783470884
2026-07-08T00:39:24Z,373,14,5,9,3,0,1,1,1,1783471020
2026-07-08T00:39:24Z,374,13,6,4,1,0,1,1,1,1783471051
2026-07-08T00:39:24Z,375,3,2,24,0,0,1,1,1,1783470651
2026-07-08T00:39:24Z,376,13,7,25,1,0,1,1,1,1783471153
2026-07-08T00:39:24Z,377,7,4,18,2,0,1,1,1,1783471129
2026-07-08T00:39:24Z,378,17,1,7,0,0,1,1,1,1783470893
2026-07-08T00:39:24Z,379,27,0,0,0,0,1,1,1,1783470086
2026-07-08T00:39:24Z,380,13,3,10,0,0,1,1,1,1783470615
2026-07-08T00:39:24Z,381,21,0,2,0,0,1,1,1,1783471047
2026-07-08T00:39:24Z,383,2,0,13,0,0,1,1,1,1783471006
2026-07-08T00:39:24Z,384,1,0,17,1,0,1,1,1,1783470799
2026-07-08T00:39:24Z,385,9,2,8,1,0,1,1,1,1783471029
2026-07-08T00:39:24Z,387,1,0,22,0,0,1,1,1,1783470816
2026-07-08T00:39:24Z,388,4,0,43,2,0,1,1,1,1783471112
2026-07-08T00:39:24Z,389,4,3,10,1,0,1,1,1,1783470647
2026-07-08T00:39:24Z,390,8,2,19,0,0,1,1,1,1783471065
2026-07-08T00:39:24Z,391,3,2,11,1,0,1,1,1,1783470826
2026-07-08T00:39:24Z,392,4,3,15,0,0,1,1,1,1783470223
2026-07-08T00:39:24Z,393,1,1,9,1,0,1,1,1,1783471042
2026-07-08T00:39:24Z,394,7,2,7,0,1,1,1,1,1783470456
2026-07-08T00:39:24Z,396,4,2,34,4,0,1,1,1,1783470895
2026-07-08T00:39:24Z,397,3,0,28,0,0,1,1,1,1783470843
2026-07-08T00:39:24Z,399,1,0,16,0,0,1,1,1,1783470948
2026-07-08T00:39:24Z,400,4,2,16,3,0,1,1,1,1783470360
2026-07-08T00:39:24Z,401,7,0,24,0,0,1,1,1,1783471089
2026-07-08T00:39:24Z,403,9,0,20,2,0,1,1,1,1783471143
2026-07-08T00:39:24Z,404,1,0,22,0,0,1,1,1,1783470105
2026-07-08T00:39:24Z,406,22,0,11,2,0,1,1,1,1783471133
2026-07-08T00:39:24Z,407,1,0,31,2,0,1,1,1,1783471111
2026-07-08T00:39:24Z,408,4,2,27,2,0,1,1,1,1783471027
2026-07-08T00:39:24Z,409,0,0,23,0,0,1,1,1,1783470308
2026-07-08T00:39:24Z,413,15,5,7,1,0,1,1,1,1783470994
2026-07-08T00:39:24Z,414,2,0,12,1,0,1,1,1,1783470999
2026-07-08T00:39:24Z,417,4,0,15,0,0,1,1,1,1783470896
2026-07-08T00:39:24Z,418,1,0,14,0,0,1,1,1,1783468792
2026-07-08T00:39:24Z,419,5,2,17,1,0,1,1,1,1783469268
2026-07-08T00:39:24Z,421,16,1,3,0,0,1,1,1,1783470959
2026-07-08T00:39:24Z,422,2,0,22,3,0,1,1,1,1783471107
2026-07-08T00:39:24Z,423,11,0,12,0,0,1,1,1,1783470792
2026-07-08T00:39:24Z,424,2,0,11,2,0,1,1,1,1783471113
2026-07-08T00:39:24Z,425,8,0,14,0,0,1,1,1,1783470971
2026-07-08T00:39:24Z,426,1,0,34,2,0,1,1,1,1783470575
2026-07-08T00:39:24Z,427,8,1,6,0,1,1,1,1,1783470654
2026-07-08T00:39:24Z,428,16,1,2,1,0,1,1,1,1783471150
2026-07-08T00:39:24Z,429,9,4,11,3,0,1,1,1,1783471010
2026-07-08T00:39:24Z,430,27,1,4,0,0,1,1,1,1783470932
2026-07-08T00:39:24Z,431,20,0,7,4,2,1,1,1,1783470797
2026-07-08T00:39:24Z,432,10,0,21,0,0,1,1,1,1783471033
2026-07-08T00:39:24Z,433,8,0,13,2,0,1,1,1,1783470421
2026-07-08T00:39:24Z,437,2,2,16,1,0,1,1,1,1783471149
2026-07-08T00:39:24Z,438,6,1,11,2,0,1,1,1,1783471075
2026-07-08T00:39:24Z,439,4,1,11,0,0,1,1,1,1783470270
2026-07-08T00:39:24Z,440,4,1,9,2,0,1,1,1,1783470922
2026-07-08T00:39:24Z,441,6,3,9,0,0,1,1,1,1783470927
2026-07-08T00:39:24Z,442,7,4,10,2,0,1,1,1,1783471129
2026-07-08T00:39:24Z,443,6,0,21,0,0,1,1,1,1783448962
2026-07-08T00:39:24Z,444,5,3,17,1,0,1,1,1,1783468032
2026-07-08T00:39:24Z,445,7,6,15,1,0,1,1,1,1783470958
2026-07-08T00:39:24Z,446,0,0,23,0,0,1,1,1,1783470582
2026-07-08T00:39:24Z,447,5,2,16,2,0,1,1,1,1783469993
2026-07-08T00:39:24Z,448,7,2,5,2,1,1,1,1,1783469404
2026-07-08T00:39:24Z,452,13,0,5,1,0,1,1,1,1783470621
2026-07-08T00:39:24Z,453,5,2,9,1,0,1,1,1,1783471109
2026-07-08T00:39:24Z,454,14,0,3,1,1,1,1,1,1783469863
2026-07-08T00:39:24Z,455,0,0,38,0,0,1,1,1,1783468143
2026-07-08T00:39:24Z,456,10,1,11,2,0,1,1,1,1783471155
2026-07-08T00:39:24Z,457,0,0,26,1,0,1,1,1,1783470981
2026-07-08T00:39:24Z,458,8,8,14,1,0,1,1,1,1783470961
2026-07-08T00:39:24Z,459,3,2,11,1,0,1,1,1,1783470977
2026-07-08T00:39:24Z,460,22,3,0,1,0,1,1,1,1783471149
2026-07-08T00:39:24Z,461,6,1,12,1,0,1,1,1,1783471116
2026-07-08T00:39:24Z,462,7,0,12,2,0,1,1,1,1783471084
2026-07-08T00:39:24Z,463,7,3,12,0,0,1,1,1,1783471153
2026-07-08T00:39:24Z,464,4,2,8,2,0,1,1,1,1783471148
2026-07-08T00:39:24Z,465,1,1,14,0,0,1,1,1,1783470436
2026-07-08T00:39:24Z,466,5,1,9,1,0,1,1,1,1783470590
2026-07-08T00:39:24Z,467,1,0,14,0,0,1,1,1,1783470198
2026-07-08T00:39:24Z,468,1,0,17,1,0,1,1,1,1783470660
2026-07-08T00:39:24Z,469,0,0,22,0,1,1,1,1,1783470986
2026-07-08T00:39:24Z,470,14,4,1,0,0,1,1,1,1783470597
2026-07-08T00:39:24Z,471,21,1,6,0,0,1,1,1,1783470815
2026-07-08T00:39:24Z,472,7,0,11,1,0,1,1,1,1783470617
2026-07-08T00:39:24Z,473,6,1,13,0,0,1,1,1,1783470994
2026-07-08T00:39:24Z,474,6,0,13,0,0,1,1,1,1783470960
2026-07-08T00:39:24Z,475,7,1,11,1,0,1,1,1,1783470798
2026-07-08T00:39:24Z,476,20,1,2,1,0,1,1,1,1783471083
2026-07-08T00:39:24Z,477,4,1,10,1,0,1,1,1,1783470661
2026-07-08T00:39:24Z,478,26,1,1,4,0,1,1,1,1783471039
2026-07-08T00:39:24Z,479,2,1,23,2,0,1,1,1,1783470971
2026-07-08T00:39:24Z,480,12,3,1,2,0,1,1,1,1783467913
2026-07-08T00:39:24Z,481,27,0,8,0,0,1,1,1,1783471127
2026-07-08T00:39:24Z,482,2,0,17,0,0,1,1,1,1783470082
2026-07-08T00:39:24Z,483,13,0,14,0,0,1,1,1,1783471016
2026-07-08T00:39:24Z,484,0,0,19,0,0,1,1,1,1783470458
2026-07-08T00:39:24Z,485,18,7,0,1,0,1,1,1,1783471139
2026-07-08T00:39:24Z,486,10,1,17,0,0,1,1,1,1783470353
2026-07-08T00:39:24Z,487,6,6,11,2,0,1,1,1,1783471069
2026-07-08T00:39:24Z,489,7,3,6,2,0,1,1,1,1783470973
2026-07-08T00:39:24Z,490,0,0,16,0,0,1,1,1,1783470863
2026-07-08T00:39:24Z,491,11,1,9,1,0,1,1,1,1783470559
2026-07-08T00:39:24Z,492,6,1,2,3,0,1,1,1,1783469274
2026-07-08T00:39:24Z,493,3,0,23,1,0,1,1,1,1783469539
2026-07-08T00:39:24Z,495,1,1,13,1,0,1,1,1,1783471069
2026-07-08T00:39:24Z,496,18,1,8,1,0,1,1,1,1783471047
2026-07-08T00:39:24Z,497,15,1,4,0,0,1,1,1,1783471118
2026-07-08T00:39:24Z,498,5,1,18,0,0,1,1,1,1783470996
2026-07-08T00:39:24Z,499,5,2,13,1,0,1,1,1,1783469288
2026-07-08T00:39:24Z,500,0,0,14,1,0,1,1,1,1783469717
2026-07-08T00:39:24Z,501,10,1,9,2,0,1,1,1,1783471019
2026-07-08T00:39:24Z,502,0,0,19,0,0,1,1,1,1783469680
2026-07-08T00:39:24Z,503,24,0,5,2,0,1,1,1,1783471095
2026-07-08T00:39:24Z,504,0,0,39,0,0,1,1,1,1783471057
2026-07-08T00:39:24Z,505,13,2,4,1,0,1,1,1,1783471147
2026-07-08T00:39:24Z,511,2,2,21,0,0,1,1,1,1783470949
2026-07-08T00:39:24Z,512,14,3,5,0,0,1,1,1,1783471078
2026-07-08T00:39:24Z,514,5,1,4,2,0,1,1,1,1783470315
2026-07-08T00:39:24Z,515,8,2,11,0,0,1,1,1,1783470482
2026-07-08T00:39:24Z,516,0,0,27,0,0,1,1,1,1783469752
2026-07-08T00:39:24Z,517,10,0,11,2,0,1,1,1,1783471146
2026-07-08T00:39:24Z,518,15,1,0,0,0,1,1,1,1783463692
2026-07-08T00:39:24Z,519,9,1,9,1,0,1,1,1,1783470412
2026-07-08T00:39:24Z,520,19,3,6,1,1,1,1,1,1783470713
2026-07-08T00:39:24Z,521,10,6,13,0,0,1,1,1,1783470603
2026-07-08T00:39:24Z,522,20,1,2,1,0,1,1,1,1783470959
2026-07-08T00:39:24Z,523,5,1,17,1,0,1,1,1,1783470626
2026-07-08T00:39:24Z,524,13,0,10,0,0,1,1,1,1783470589
2026-07-08T00:39:24Z,525,9,0,10,0,0,1,1,1,1783470243
2026-07-08T00:39:24Z,526,7,1,6,2,0,1,1,1,1783471141
2026-07-08T00:39:24Z,527,4,4,21,1,0,1,1,1,1783470602
2026-07-08T00:39:24Z,528,12,1,10,1,0,1,1,1,1783470858
2026-07-08T00:39:24Z,529,6,4,7,6,0,1,1,1,1783471086
2026-07-08T00:39:24Z,530,16,2,4,1,0,1,1,1,1783470952
2026-07-08T00:39:24Z,531,11,1,10,1,1,1,1,1,1783471120
2026-07-08T00:39:24Z,532,3,2,27,1,0,1,1,1,1783470646
2026-07-08T00:39:24Z,533,7,0,10,2,0,1,1,1,1783470448
2026-07-08T00:39:24Z,534,0,0,21,2,0,1,1,1,1783470487
2026-07-08T00:39:24Z,535,2,1,12,1,0,1,1,1,1783470767
2026-07-08T00:39:24Z,536,9,2,14,0,0,1,1,1,1783471146
2026-07-08T00:39:24Z,537,4,1,17,0,0,1,1,1,1783471076
2026-07-08T00:39:24Z,538,11,5,8,0,0,1,1,1,1783470727
2026-07-08T00:39:24Z,539,8,7,22,1,0,1,1,1,1783471113
2026-07-08T00:39:24Z,540,5,0,14,0,0,1,1,1,1783471148
2026-07-08T00:39:24Z,541,11,1,16,0,0,1,1,1,1783470556
2026-07-08T00:39:24Z,542,4,4,19,0,0,1,1,1,1783471093
2026-07-08T00:39:24Z,543,9,0,8,2,0,1,1,1,1783471027
2026-07-08T00:39:24Z,544,16,1,5,1,0,1,1,1,1783470719
2026-07-08T00:39:24Z,545,14,0,0,5,0,1,1,1,1783470958
2026-07-08T00:39:24Z,546,5,3,13,1,0,1,1,1,1783470517
2026-07-08T00:39:24Z,547,3,1,19,1,0,1,1,1,1783471085
2026-07-08T00:39:24Z,548,13,1,8,2,0,1,1,1,1783471098
2026-07-08T00:39:24Z,549,5,0,16,0,0,1,1,1,1783471075
2026-07-08T00:39:24Z,550,0,0,19,0,0,1,1,1,1783469892
2026-07-08T00:39:24Z,551,19,5,4,0,0,1,1,1,1783470946
2026-07-08T00:39:24Z,552,25,3,2,0,0,1,1,1,1783471142
2026-07-08T00:39:24Z,553,6,0,15,2,0,1,1,1,1783470843
2026-07-08T00:39:24Z,554,0,0,19,0,0,1,1,1,1783468615
2026-07-08T00:39:24Z,555,9,2,3,3,0,1,1,1,1783469780
2026-07-08T00:39:24Z,556,2,0,20,1,0,1,1,1,1783470497
2026-07-08T00:39:24Z,557,4,1,17,2,0,1,1,1,1783470527
2026-07-08T00:39:24Z,558,8,2,27,2,0,1,1,1,1783471106
2026-07-08T00:39:24Z,559,0,0,18,1,0,1,1,1,1783464953
2026-07-08T00:39:24Z,560,18,0,8,1,0,1,1,1,1783471079
2026-07-08T00:39:24Z,561,12,1,10,1,0,1,1,1,1783471020
2026-07-08T00:39:24Z,562,23,2,10,2,0,1,1,1,1783470780
2026-07-08T00:39:24Z,563,3,0,10,1,0,1,1,1,1783471095
2026-07-08T00:39:24Z,564,14,1,5,0,0,1,1,1,1783470196
2026-07-08T00:39:24Z,565,3,0,16,0,0,1,1,1,1783470950
2026-07-08T00:39:24Z,566,18,0,1,0,0,1,1,1,1783471120
2026-07-08T00:39:24Z,567,22,1,4,1,0,1,1,1,1783471048
2026-07-08T00:39:24Z,568,13,0,5,1,0,1,1,1,1783469892
2026-07-08T00:39:24Z,569,12,2,7,0,0,1,1,1,1783471115
2026-07-08T00:39:24Z,570,14,1,5,0,0,1,1,1,1783471096
2026-07-08T00:39:24Z,571,13,0,10,0,0,1,1,1,1783471110
2026-07-08T00:39:24Z,572,5,0,14,0,0,1,1,1,1783470867
2026-07-08T00:39:24Z,573,4,0,10,1,0,1,1,1,1783470569
2026-07-08T00:39:24Z,574,0,0,14,1,0,1,1,1,1783470371
2026-07-08T00:39:24Z,575,1,0,20,0,0,1,1,1,1783470878
2026-07-08T00:39:24Z,576,1,1,18,0,0,1,1,1,1783470820
2026-07-08T00:39:24Z,577,13,0,18,0,0,1,1,1,1783471147
2026-07-08T00:39:24Z,578,7,3,16,0,0,1,1,1,1783471142
2026-07-08T00:39:24Z,579,40,0,3,0,0,1,1,1,1783470717
2026-07-08T00:39:24Z,580,1,0,29,1,0,1,1,1,1783471134
2026-07-08T00:39:24Z,581,5,0,13,1,0,1,1,1,1783470985
2026-07-08T00:39:24Z,582,4,1,55,1,0,1,1,1,1783471150
2026-07-08T00:39:24Z,583,21,0,0,2,0,1,1,1,1783471118
2026-07-08T00:39:24Z,584,1,1,13,5,0,1,1,1,1783470651
2026-07-08T00:39:24Z,585,15,0,11,0,0,1,1,1,1783471155
2026-07-08T00:39:24Z,586,0,0,34,1,0,1,1,1,1783470751
2026-07-08T00:39:24Z,587,6,0,17,2,0,1,1,1,1783470626
2026-07-08T00:39:24Z,588,1,0,18,0,0,1,1,1,1783467544
2026-07-08T00:39:24Z,589,20,10,2,1,0,1,1,1,1783470700
2026-07-08T00:39:24Z,590,4,0,27,0,0,1,1,1,1783471018
2026-07-08T00:39:24Z,591,1,0,19,2,0,1,1,1,1783471017
2026-07-08T00:39:24Z,592,2,0,21,0,0,1,1,1,1783470701
2026-07-08T00:39:24Z,593,0,0,39,0,0,1,1,1,1783470824
2026-07-08T00:39:24Z,594,0,0,20,1,0,1,1,1,1783470710
2026-07-08T00:39:24Z,595,0,0,3,0,0,0,1,1,1779985765
2026-07-08T00:39:24Z,605,0,0,3,0,0,0,1,1,1780413752
2026-07-08T00:39:24Z,606,0,0,0,0,0,0,1,1,86400
2026-07-08T00:39:24Z,607,7,0,26,0,0,1,1,1,1783470956
2026-07-08T00:39:24Z,608,1,1,50,1,0,1,1,1,1783471144
2026-07-08T00:39:24Z,609,4,1,19,0,0,1,1,1,1783471109
2026-07-08T00:39:24Z,610,0,0,35,0,0,1,1,1,1783470498
2026-07-08T00:39:24Z,611,0,0,25,2,0,1,1,1,1783470923
2026-07-08T00:39:24Z,612,1,0,14,0,0,1,1,1,1783469410
2026-07-08T00:39:24Z,613,12,3,2,1,0,1,1,1,1783466858
2026-07-08T00:39:24Z,614,1,1,24,1,1,1,1,1,1783470402
2026-07-08T00:39:24Z,617,11,0,3,1,0,1,1,1,1783471104
2026-07-08T00:39:24Z,618,16,4,1,2,0,1,1,1,1783470334
2026-07-08T00:39:24Z,619,18,5,1,0,0,1,1,1,1783471128
2026-07-08T00:39:24Z,620,0,0,22,1,0,1,1,1,1783470771
2026-07-08T00:39:24Z,621,6,1,17,0,0,1,1,1,1783470604
2026-07-08T00:39:24Z,622,4,3,18,1,0,1,1,1,1783471129
2026-07-08T00:39:24Z,623,3,0,24,2,1,1,1,1,1783470904
2026-07-08T00:39:24Z,624,4,0,10,0,1,1,1,1,1783469943
2026-07-08T00:39:24Z,625,3,2,15,3,0,1,1,1,1783471054
2026-07-08T00:39:24Z,626,1,0,42,1,2,1,1,1,1783471043
2026-07-08T00:39:24Z,627,5,2,12,0,0,1,1,1,1783470309
2026-07-08T00:39:24Z,628,0,0,17,1,1,1,1,1,1783470928
2026-07-08T00:39:24Z,629,8,6,2,1,0,1,1,1,1783471088
2026-07-08T00:39:24Z,630,22,0,2,3,0,1,1,1,1783471024
2026-07-08T00:39:24Z,631,0,0,23,0,0,1,1,1,1783471027
2026-07-08T00:39:24Z,632,20,0,1,2,0,1,1,1,1783471148
2026-07-08T00:39:24Z,633,12,0,0,2,1,1,1,1,1783470515
2026-07-08T00:39:24Z,634,13,0,5,1,0,1,1,1,1783470778
2026-07-08T00:39:24Z,635,14,1,4,1,0,1,1,1,1783471111
2026-07-08T00:39:24Z,636,6,0,9,0,0,1,1,1,1783470196
2026-07-08T00:39:24Z,637,11,4,7,1,0,1,1,1,1783470739
2026-07-08T00:39:24Z,638,1,1,16,2,0,1,1,1,1783470510
2026-07-08T00:39:24Z,639,0,0,0,3,16,0,1,1,1782287204
2026-07-08T00:39:24Z,640,0,0,22,1,0,1,1,1,1783467951
2026-07-08T00:39:24Z,641,13,0,13,1,0,1,1,1,1783471142
2026-07-08T00:39:24Z,642,3,1,14,2,0,1,1,1,1783470729
2026-07-08T00:39:24Z,643,0,0,27,0,0,1,1,1,1783468938
2026-07-08T00:39:24Z,644,5,0,4,5,1,1,1,1,1783471055
2026-07-08T00:39:24Z,645,5,0,16,1,1,1,1,1,1783471116
2026-07-08T00:39:24Z,646,12,1,4,3,0,1,1,1,1783471104
2026-07-08T00:39:24Z,647,24,3,6,1,0,1,1,1,1783471120
2026-07-08T00:39:24Z,648,13,1,3,3,0,1,1,1,1783470981
2026-07-08T00:39:24Z,649,3,2,27,1,0,1,1,1,1783470649
2026-07-08T00:39:24Z,650,5,2,10,1,0,1,1,1,1783469943
2026-07-08T00:39:24Z,651,2,0,20,1,0,1,1,1,1783471132
2026-07-08T00:39:24Z,652,1,0,19,3,0,1,1,1,1783470974
2026-07-08T00:39:24Z,653,9,1,6,4,0,1,1,1,1783470858
2026-07-08T00:39:24Z,654,5,1,9,1,0,1,1,1,1783470815
2026-07-08T00:39:24Z,655,7,1,7,0,0,1,1,1,1783467692
2026-07-08T00:39:24Z,656,18,1,1,0,0,1,1,1,1783471055
2026-07-08T00:39:24Z,657,10,3,6,1,0,1,1,1,1783468142
2026-07-08T00:39:24Z,658,1,0,22,0,0,1,1,1,1783470048
2026-07-08T00:39:24Z,659,2,1,13,0,0,1,1,1,1783468742
2026-07-08T00:39:24Z,660,24,2,6,1,0,1,1,1,1783470926
2026-07-08T00:39:24Z,661,0,0,14,5,0,1,1,1,1783470963
2026-07-08T00:39:24Z,662,4,0,18,1,0,1,1,1,1783471144
2026-07-08T00:39:24Z,663,14,2,0,0,0,1,1,1,1783470965
2026-07-08T00:39:24Z,664,15,0,12,0,0,1,1,1,1783470951
2026-07-08T00:39:24Z,665,4,1,11,0,0,1,1,1,1783470415
2026-07-08T00:39:24Z,666,6,1,9,0,0,1,1,1,1783470228
2026-07-08T00:39:24Z,667,14,0,1,2,0,1,1,1,1783470853
2026-07-08T00:39:24Z,668,10,2,8,1,0,1,1,1,1783470738
2026-07-08T00:39:24Z,669,13,3,1,0,0,1,1,1,1783471046
2026-07-08T00:39:24Z,670,13,1,9,5,0,1,1,1,1783470592
2026-07-08T00:39:24Z,671,24,0,2,1,0,1,1,1,1783470931
2026-07-08T00:39:24Z,672,14,0,3,6,0,1,1,1,1783471003
2026-07-08T00:39:24Z,673,7,0,15,0,0,1,1,1,1783470861
2026-07-08T00:39:24Z,674,1,1,20,2,0,1,1,1,1783471148
2026-07-08T00:39:24Z,675,4,2,9,2,0,1,1,1,1783471028
2026-07-08T00:39:24Z,676,12,1,9,1,1,1,1,1,1783470786
2026-07-08T00:39:24Z,681,4,2,6,5,0,1,1,1,1783470940
2026-07-08T00:39:24Z,682,9,5,9,1,0,1,1,1,1783446478
2026-07-08T00:39:24Z,683,11,1,8,0,0,1,1,1,1783468133
2026-07-08T00:39:24Z,684,9,3,16,2,0,1,1,1,1783466614
2026-07-08T00:39:24Z,685,3,2,23,0,1,1,1,1,1783467432
2026-07-08T00:39:24Z,686,12,2,13,1,1,1,1,1,1783470948
2026-07-08T00:39:24Z,687,5,1,22,3,1,1,1,1,1783471116
2026-07-08T00:39:24Z,688,17,2,1,1,0,1,1,1,1783465995
2026-07-08T00:39:24Z,692,16,14,4,1,0,1,1,1,1783471056
2026-07-08T00:39:24Z,693,9,4,2,0,0,1,1,1,1783470048
2026-07-08T00:39:24Z,694,7,7,11,3,0,1,1,1,1783470227
2026-07-08T00:39:24Z,695,8,4,14,1,0,1,1,1,1783470223
2026-07-08T00:39:24Z,696,22,17,0,1,0,1,1,1,1783470893
2026-07-08T00:39:24Z,697,10,0,13,0,0,1,1,1,1783471119
2026-07-08T00:39:24Z,698,5,0,21,1,0,1,1,1,1783470953
2026-07-08T00:39:24Z,699,2,1,11,2,0,1,1,1,1783470181
2026-07-08T00:39:24Z,700,12,1,7,0,0,1,1,1,1783470255
2026-07-08T00:39:24Z,701,1,0,18,0,0,1,1,1,1783470569
2026-07-08T00:39:24Z,702,0,0,22,1,0,1,1,1,1783470547
2026-07-08T00:39:24Z,703,11,2,12,0,0,1,1,1,1783460353
2026-07-08T00:39:24Z,704,7,0,8,0,0,1,1,1,1783470687
2026-07-08T00:39:24Z,705,0,0,11,4,0,1,1,1,1783470935
2026-07-08T00:39:24Z,706,4,2,10,1,0,1,1,1,1783470238
2026-07-08T00:39:24Z,707,8,1,5,2,0,1,1,1,1783470244
2026-07-08T00:39:24Z,708,9,0,10,0,0,1,1,1,1783471119
2026-07-08T00:39:24Z,709,13,2,1,1,0,1,1,1,1783470669
2026-07-08T00:39:24Z,710,8,2,11,0,0,1,1,1,1783470757
2026-07-08T00:39:24Z,711,6,4,7,6,0,1,1,1,1783470851
2026-07-08T00:39:24Z,712,13,3,1,1,0,1,1,1,1783470607
2026-07-08T00:39:24Z,713,20,9,1,2,0,1,1,1,1783470391
2026-07-08T00:39:24Z,716,2,0,13,0,0,1,1,1,1783471073
2026-07-08T00:39:24Z,717,1,1,17,7,0,1,1,1,1783470363
2026-07-08T00:39:24Z,718,0,0,15,0,0,1,1,1,1783470095
2026-07-08T00:39:24Z,719,17,1,12,0,0,1,1,1,1783470334
2026-07-08T00:39:24Z,720,0,0,17,2,0,1,1,1,1783470171
2026-07-08T00:39:24Z,721,7,0,15,1,0,1,1,1,1783471119
2026-07-08T00:39:24Z,722,14,1,0,1,0,1,1,1,1783470260
2026-07-08T00:39:24Z,723,2,2,16,5,0,1,1,1,1783470350
2026-07-08T00:39:24Z,724,6,2,17,0,0,1,1,1,1783470333
2026-07-08T00:39:24Z,725,23,0,0,0,0,1,1,1,1783470396
2026-07-08T00:39:24Z,726,6,1,11,2,0,1,1,1,1783471088
2026-07-08T00:39:24Z,727,10,0,12,1,0,1,1,1,1783470315
2026-07-08T00:39:24Z,728,5,0,6,4,0,1,1,1,1783470158
2026-07-08T00:39:24Z,729,9,0,10,0,0,1,1,1,1783471059
2026-07-08T00:39:24Z,730,7,0,8,0,0,1,1,1,1783470139
2026-07-08T00:39:24Z,731,1,1,14,0,0,1,1,1,1783470227
2026-07-08T00:39:24Z,732,4,0,11,0,0,1,1,1,1783470898
2026-07-08T00:39:24Z,733,19,2,8,0,0,1,1,1,1783470456
2026-07-08T00:39:24Z,734,7,1,7,0,0,1,1,1,1783470085
2026-07-08T00:39:24Z,735,2,1,25,0,0,1,1,1,1783470967
2026-07-08T00:39:24Z,736,6,5,12,1,0,1,1,1,1783470953
2026-07-08T00:39:24Z,737,3,2,11,1,0,1,1,1,1783470180
2026-07-08T00:39:24Z,738,9,0,9,1,0,1,1,1,1783470261
2026-07-08T00:39:24Z,739,8,3,15,4,0,1,1,1,1783470448
2026-07-08T00:39:24Z,741,10,2,11,2,0,1,1,1,1783470327
2026-07-08T00:39:24Z,742,5,4,31,3,0,1,1,1,1783471132
2026-07-08T00:39:24Z,743,9,4,10,0,0,1,1,1,1783470771
2026-07-08T00:39:24Z,744,3,1,11,1,0,1,1,1,1783471075
2026-07-08T00:39:24Z,745,12,4,6,1,0,1,1,1,1783470507
2026-07-08T00:39:24Z,746,13,3,9,1,0,1,1,1,1783471037
2026-07-08T00:39:24Z,747,0,0,19,0,0,0,1,1,1783446606
2026-07-08T00:39:24Z,748,13,3,9,1,0,1,1,1,1783470379
2026-07-08T00:39:24Z,749,9,0,14,0,0,1,1,1,1783470556
2026-07-08T00:39:24Z,750,0,0,8,3,0,1,1,1,1783470121
2026-07-08T00:39:24Z,751,1,0,22,0,0,1,1,1,1783471004
2026-07-08T00:39:24Z,752,2,1,13,2,0,1,1,1,1783470695
2026-07-08T00:39:24Z,753,5,0,8,2,0,1,1,1,1783471085
2026-07-08T00:39:24Z,754,4,3,10,1,0,1,1,1,1783471037
2026-07-08T00:39:24Z,755,3,0,14,2,0,1,1,1,1783471127
2026-07-08T00:39:24Z,756,0,0,35,1,1,1,1,1,1783471110
2026-07-08T00:39:24Z,757,3,2,16,0,0,1,1,1,1783471149
2026-07-08T00:39:24Z,758,7,2,16,0,0,1,1,1,1783470682
2026-07-08T00:39:24Z,759,1,0,13,1,0,1,1,1,1783470208
2026-07-08T00:39:24Z,760,6,1,12,1,0,1,1,1,1783470225
2026-07-08T00:39:24Z,761,6,1,17,0,0,1,1,1,1783470877
2026-07-08T00:39:24Z,762,5,4,7,3,0,1,1,1,1783470337
2026-07-08T00:39:24Z,768,8,1,7,4,0,1,1,1,1783470200
2026-07-08T00:39:24Z,769,17,7,0,1,0,1,1,1,1783470760
2026-07-08T00:39:24Z,770,4,0,15,0,0,1,1,1,1783470078
2026-07-08T00:39:24Z,771,10,0,5,0,0,1,1,1,1783470125
2026-07-08T00:39:24Z,772,8,3,7,0,0,1,1,1,1783470140
2026-07-08T00:39:24Z,773,12,4,6,1,0,1,1,1,1783471012
2026-07-08T00:39:24Z,774,1,0,12,2,0,1,1,1,1783470945
2026-07-08T00:39:24Z,775,12,3,4,3,0,1,1,1,1783470596
2026-07-08T00:39:24Z,776,5,0,15,1,0,1,1,1,1783470337
2026-07-08T00:39:24Z,777,9,1,5,1,0,1,1,1,1783470833
2026-07-08T00:39:24Z,778,11,0,6,2,0,1,1,1,1783470897
2026-07-08T00:39:24Z,779,11,3,7,1,0,1,1,1,1783470530
2026-07-08T00:39:24Z,780,7,2,9,3,0,1,1,1,1783471156
2026-07-08T00:39:24Z,781,2,0,5,4,0,1,1,1,1783470039
2026-07-08T00:39:24Z,782,0,0,17,2,0,1,1,1,1783470733
2026-07-08T00:39:24Z,783,9,5,8,2,0,1,1,1,1783470287
2026-07-08T00:39:24Z,784,16,1,2,1,0,1,1,1,1783470285
2026-07-08T00:39:24Z,785,10,6,4,4,0,1,1,1,1783471134
2026-07-08T00:39:24Z,786,5,1,12,2,0,1,1,1,1783470291
2026-07-08T00:39:24Z,787,4,1,10,1,0,1,1,1,1783470122
2026-07-08T00:39:24Z,788,6,0,9,0,0,1,1,1,1783470160
2026-07-08T00:39:24Z,789,10,0,2,3,0,1,1,1,1783470107
2026-07-08T00:39:24Z,790,0,0,22,1,0,1,1,1,1783470317
2026-07-08T00:39:24Z,791,7,0,12,0,0,1,1,1,1783470221
2026-07-08T00:39:24Z,793,9,2,3,3,0,1,1,1,1783469495
2026-07-08T00:39:24Z,794,1,0,28,0,0,1,1,1,1783470368
2026-07-08T00:39:24Z,796,1,0,15,3,0,1,1,1,1783470256
2026-07-08T00:39:24Z,797,4,0,10,1,0,1,1,1,1783470957
2026-07-08T00:39:24Z,798,1,0,23,1,0,1,1,1,1783470905
2026-07-08T00:39:24Z,799,2,0,16,1,0,1,1,1,1783471018
2026-07-08T00:39:24Z,800,9,0,12,0,0,1,1,1,1783470706
2026-07-08T00:39:24Z,801,0,0,21,0,0,1,1,1,1783470304
2026-07-08T00:39:24Z,802,1,0,29,2,0,1,1,1,1783471088
2026-07-08T00:39:24Z,803,2,2,13,0,0,1,1,1,1783470187
2026-07-08T00:39:24Z,806,7,3,4,4,0,1,1,1,1783470100
2026-07-08T00:39:24Z,807,1,1,24,0,0,1,1,1,1783470346
2026-07-08T00:39:24Z,808,1,1,22,2,0,1,1,1,1783469208
2026-07-08T00:39:24Z,809,4,1,18,1,0,1,1,1,1783470348
2026-07-08T00:39:24Z,810,3,2,13,3,0,1,1,1,1783470225
2026-07-08T00:39:24Z,815,7,2,7,1,0,1,1,1,1783471118
2026-07-08T00:39:24Z,817,4,0,1,10,0,1,1,1,1783470812
2026-07-08T00:39:24Z,818,5,1,17,1,0,1,1,1,1783470339
2026-07-08T00:39:24Z,819,2,1,10,3,0,1,1,1,1783470147
2026-07-08T00:39:24Z,820,8,0,8,1,0,1,1,1,1783470411
2026-07-08T00:39:24Z,821,9,6,4,2,0,1,1,1,1783471128
2026-07-08T00:39:24Z,822,1,0,22,0,0,1,1,1,1783470988
2026-07-08T00:39:24Z,823,14,0,0,1,0,1,1,1,1783471079
2026-07-08T00:39:24Z,824,7,3,4,8,0,1,1,1,1783471086
2026-07-08T00:39:24Z,825,7,1,8,0,0,1,1,1,1783470139
2026-07-08T00:39:24Z,826,7,0,11,1,0,1,1,1,1783470148
2026-07-08T00:39:24Z,827,6,0,13,2,0,1,1,1,1783470977
2026-07-08T00:39:24Z,828,4,3,13,1,0,1,1,1,1783470320
2026-07-08T00:39:24Z,829,7,2,18,2,0,1,1,1,1783470366
2026-07-08T00:39:24Z,830,11,0,11,1,0,1,1,1,1783470356
2026-07-08T00:39:24Z,831,2,1,13,0,0,1,1,1,1783470079
2026-07-08T00:39:24Z,832,15,3,1,2,0,1,1,1,1783470211
2026-07-08T00:39:24Z,833,6,3,11,2,0,1,1,1,1783470171
2026-07-08T00:39:24Z,834,20,1,1,3,0,1,1,1,1783471130
2026-07-08T00:39:24Z,835,9,0,9,0,0,1,1,1,1783471107
2026-07-08T00:39:24Z,837,8,1,0,7,0,1,1,1,1783470468
2026-07-08T00:39:24Z,838,3,0,10,2,0,1,1,1,1783470541
2026-07-08T00:39:24Z,839,11,1,18,0,0,1,1,1,1783471149
2026-07-08T00:39:24Z,840,9,5,19,1,0,1,1,1,1783470698
2026-07-08T00:39:24Z,841,8,4,7,0,0,1,1,1,1783469956
2026-07-08T00:39:24Z,842,3,2,19,0,0,1,1,1,1783470315
2026-07-08T00:39:24Z,843,6,0,23,2,0,1,1,1,1783470431
2026-07-08T00:39:24Z,844,12,2,10,1,0,1,1,1,1783470725
2026-07-08T00:39:24Z,845,3,0,15,1,0,1,1,1,1783470214
2026-07-08T00:39:24Z,846,1,0,15,2,0,1,1,1,1783470227
2026-07-08T00:39:24Z,847,1,0,26,0,0,1,1,1,1783470387
2026-07-08T00:39:24Z,848,2,1,17,0,0,1,1,1,1783470530
2026-07-08T00:39:24Z,849,1,1,10,3,0,1,1,1,1783469650
2026-07-08T00:39:24Z,850,4,0,5,2,0,1,1,1,1783470996
2026-07-08T00:39:24Z,851,3,2,33,1,0,1,1,1,1783470557
2026-07-08T00:39:24Z,852,5,2,14,0,0,1,1,1,1783470910
2026-07-08T00:39:24Z,853,12,2,10,1,0,1,1,1,1783470339
2026-07-08T00:39:24Z,854,3,1,12,0,0,1,1,1,1783470233
2026-07-08T00:39:24Z,855,11,2,15,1,0,1,1,1,1783471156
2026-07-08T00:39:24Z,857,1,1,16,2,0,1,1,1,1783470461
2026-07-08T00:39:24Z,858,1,0,16,2,0,1,1,1,1783470215
2026-07-08T00:39:24Z,859,4,0,14,3,0,1,1,1,1783470232
2026-07-08T00:39:24Z,861,1,0,9,1,0,1,1,1,1783470077
2026-07-08T00:39:24Z,862,3,1,12,0,0,1,1,1,1783470103
2026-07-08T00:39:24Z,863,9,3,9,1,0,1,1,1,1783470265
2026-07-08T00:39:24Z,866,7,0,12,0,0,1,1,1,1783470232
2026-07-08T00:39:24Z,867,13,0,1,1,0,1,1,1,1783470080
2026-07-08T00:39:24Z,868,15,4,0,0,0,1,1,1,1783470141
2026-07-08T00:39:24Z,870,11,3,4,0,0,1,1,1,1783470144
2026-07-08T00:39:24Z,871,1,0,9,1,0,1,1,1,1783470079
2026-07-08T00:39:24Z,872,9,2,4,2,0,1,1,1,1783470169
2026-07-08T00:39:24Z,873,0,0,31,2,0,1,1,1,1783470646
2026-07-08T00:39:24Z,874,3,0,11,1,0,1,1,1,1783470556
2026-07-08T00:39:24Z,875,8,3,7,0,0,1,1,1,1783470231
2026-07-08T00:39:24Z,877,5,4,12,2,0,1,1,1,1783470244
2026-07-08T00:39:24Z,878,8,0,11,0,0,1,1,1,1783470255
2026-07-08T00:39:24Z,879,5,1,12,2,0,1,1,1,1783470250
2026-07-08T00:39:24Z,880,12,2,11,0,0,1,1,1,1783470345
2026-07-08T00:39:24Z,881,4,0,12,3,0,1,1,1,1783470278
2026-07-08T00:39:24Z,882,12,4,6,1,0,1,1,1,1783470219
2026-07-08T00:39:24Z,883,11,5,8,0,0,1,1,1,1783470181
2026-07-08T00:39:24Z,884,6,5,14,1,0,1,1,1,1783470307
2026-07-08T00:39:24Z,885,19,1,0,0,0,1,1,1,1783470177
2026-07-08T00:39:24Z,886,4,4,22,3,0,1,1,1,1783470413
2026-07-08T00:39:24Z,887,1,0,15,1,0,1,1,1,1783470124
2026-07-08T00:39:24Z,888,6,0,35,0,0,1,1,1,1783471113
2026-07-08T00:39:24Z,889,18,0,0,1,0,1,1,1,1783470171
2026-07-08T00:39:24Z,890,1,1,14,0,0,1,1,1,1783470188
2026-07-08T00:39:24Z,891,11,1,9,3,0,1,1,1,1783470295
2026-07-08T00:39:24Z,892,13,2,1,1,0,1,1,1,1783470450
2026-07-08T00:39:24Z,895,10,1,9,0,0,1,1,1,1783470168
2026-07-08T00:39:24Z,896,18,0,17,0,0,1,1,1,1783471085
2026-07-08T00:39:24Z,897,10,1,10,1,0,1,1,1,1783470291
2026-07-08T00:39:24Z,898,13,0,6,0,0,1,1,1,1783471103
2026-07-08T00:39:24Z,899,18,0,1,0,0,1,1,1,1783470811
2026-07-08T00:39:24Z,900,27,1,0,0,0,1,1,1,1783470993
2026-07-08T00:39:24Z,901,11,0,8,0,0,1,1,1,1783470996
2026-07-08T00:39:24Z,902,4,1,9,2,0,1,1,1,1783470140
2026-07-08T00:39:24Z,903,3,0,16,0,0,1,1,1,1783470201
2026-07-08T00:39:24Z,904,9,0,7,3,0,1,1,1,1783470223
2026-07-08T00:39:24Z,905,3,0,23,1,0,1,1,1,1783470340
2026-07-08T00:39:24Z,906,9,9,16,2,0,1,1,1,1783471048
2026-07-08T00:39:24Z,907,8,0,22,1,0,1,1,1,1783471088
2026-07-08T00:39:24Z,908,7,3,15,1,0,1,1,1,1783470287
2026-07-08T00:39:24Z,909,15,0,8,0,0,1,1,1,1783470784
2026-07-08T00:39:24Z,910,26,1,4,1,0,1,1,1,1783471014
2026-07-08T00:39:24Z,911,11,0,6,2,0,1,1,1,1783471147
2026-07-08T00:39:24Z,912,19,3,2,2,0,1,1,1,1783471149
2026-07-08T00:39:24Z,913,8,3,11,0,0,1,1,1,1783470186
2026-07-08T00:39:24Z,914,1,0,16,2,0,1,1,1,1783470979
2026-07-08T00:39:24Z,915,21,1,1,1,0,1,1,1,1783471008
2026-07-08T00:39:24Z,916,23,2,0,0,0,1,1,1,1783470618
2026-07-08T00:39:24Z,917,4,0,31,0,0,1,1,1,1783470855
2026-07-08T00:39:24Z,918,8,1,11,0,0,1,1,1,1783470955
2026-07-08T00:39:24Z,919,10,1,28,1,0,1,1,1,1783471146
2026-07-08T00:39:24Z,920,9,4,9,1,0,1,1,1,1783470199
2026-07-08T00:39:24Z,921,17,0,2,2,0,1,1,1,1783470269
2026-07-08T00:39:24Z,922,10,0,11,0,0,1,1,1,1783470337
2026-07-08T00:39:24Z,923,2,0,16,1,0,1,1,1,1783470208
2026-07-08T00:39:24Z,924,6,1,14,1,0,1,1,1,1783470251
2026-07-08T00:39:24Z,925,4,0,15,2,0,1,1,1,1783470026
2026-07-08T00:39:24Z,926,2,0,18,1,0,1,1,1,1783470742
2026-07-08T00:39:24Z,927,0,0,34,0,0,1,1,1,1783470461
2026-07-08T00:39:24Z,928,6,0,13,0,0,1,1,1,1783470384
2026-07-08T00:39:24Z,929,0,0,23,0,0,1,1,1,1783470307
2026-07-08T00:39:24Z,930,20,0,9,2,0,1,1,1,1783471060
2026-07-08T00:39:24Z,931,11,10,12,0,0,1,1,1,1783471146
2026-07-08T00:39:24Z,932,6,0,13,0,0,1,1,1,1783470853
2026-07-08T00:39:24Z,933,15,0,7,1,0,1,1,1,1783471137
2026-07-08T00:39:24Z,934,1,0,30,0,0,1,1,1,1783471034
2026-07-08T00:39:24Z,935,13,0,3,3,0,1,1,1,1783471142
2026-07-08T00:39:24Z,936,1,0,18,0,0,1,1,1,1783470220
2026-07-08T00:39:24Z,940,10,0,1,0,0,1,1,1,1783471099
2026-07-08T00:39:24Z,941,15,2,10,0,0,1,1,1,1783470866
2026-07-08T00:39:24Z,942,7,2,14,0,0,1,1,1,1783471058
2026-07-08T00:39:24Z,943,4,4,10,1,0,1,1,1,1783470093
2026-07-08T00:39:24Z,944,7,7,7,1,0,1,1,1,1783470147
2026-07-08T00:39:24Z,945,6,3,8,1,0,1,1,1,1783470136
2026-07-08T00:39:24Z,946,10,7,9,0,0,1,1,1,1783470174
2026-07-08T00:39:24Z,947,8,6,9,0,0,1,1,1,1783470131
2026-07-08T00:39:24Z,948,7,5,23,1,0,1,1,1,1783470429
2026-07-08T00:39:24Z,949,3,2,12,0,0,1,1,1,1783470990
2026-07-08T00:39:24Z,950,2,0,14,1,0,1,1,1,1783470158
2026-07-08T00:39:24Z,951,5,1,16,2,0,1,1,1,1783471026
2026-07-08T00:39:24Z,952,23,1,25,7,0,1,1,1,1783470996
2026-07-08T00:39:24Z,953,10,0,4,1,0,1,1,1,1783471089
2026-07-08T00:39:24Z,954,14,1,5,0,0,1,1,1,1783470949
2026-07-08T00:39:24Z,955,6,4,16,5,0,1,1,1,1783470522
2026-07-08T00:39:24Z,956,15,1,2,2,0,1,1,1,1783471131
2026-07-08T00:39:24Z,957,29,1,0,0,0,1,1,1,1783470977
2026-07-08T00:39:24Z,958,25,0,3,3,0,1,1,1,1783471080
2026-07-08T00:39:24Z,959,11,6,11,1,0,1,1,1,1783471146
2026-07-08T00:39:24Z,960,22,2,0,1,0,1,1,1,1783470312
2026-07-08T00:39:24Z,961,1,0,18,4,0,1,1,1,1783470342
2026-07-08T00:39:24Z,962,10,6,18,7,0,1,1,1,1783471154
2026-07-08T00:39:24Z,963,15,0,8,0,0,1,1,1,1783471144
2026-07-08T00:39:24Z,964,14,10,8,1,0,1,1,1,1783470318
2026-07-08T00:39:24Z,965,6,2,19,2,0,1,1,1,1783471129
2026-07-08T00:39:24Z,966,21,0,9,1,0,1,1,1,1783471046
2026-07-08T00:39:24Z,967,13,0,5,3,0,1,1,1,1783471057
2026-07-08T00:39:24Z,968,11,0,8,0,0,1,1,1,1783471145
2026-07-08T00:39:24Z,969,18,7,7,2,0,1,1,1,1783470964
2026-07-08T00:39:24Z,970,12,5,6,1,0,1,1,1,1783471119
2026-07-08T00:39:24Z,971,21,1,0,2,0,1,1,1,1783470461
2026-07-08T00:39:24Z,972,17,0,6,0,0,1,1,1,1783470320
2026-07-08T00:39:24Z,973,3,0,19,1,0,1,1,1,1783470810
2026-07-08T00:39:24Z,974,4,0,22,1,0,1,1,1,1783470945
2026-07-08T00:39:24Z,977,0,0,19,2,0,1,1,1,1783470212
2026-07-08T00:39:24Z,978,12,3,11,0,0,1,1,1,1783470915
2026-07-08T00:39:24Z,979,2,0,12,3,0,1,1,1,1783470110
2026-07-08T00:39:24Z,980,1,1,20,0,0,1,1,1,1783471035
2026-07-08T00:39:24Z,981,17,1,3,1,0,1,1,1,1783471141
2026-07-08T00:39:24Z,982,4,1,15,0,0,1,1,1,1783470207
2026-07-08T00:39:24Z,983,0,0,23,0,0,1,1,1,1783470342
2026-07-08T00:39:24Z,984,20,8,0,3,0,1,1,1,1783470348
2026-07-08T00:39:24Z,985,24,0,6,1,0,1,1,1,1783471052
2026-07-08T00:39:24Z,986,9,8,10,0,0,1,1,1,1783470236
2026-07-08T00:39:24Z,987,3,0,19,1,0,1,1,1,1783470311
2026-07-08T00:39:24Z,988,5,0,12,2,0,1,1,1,1783470895
2026-07-08T00:39:24Z,989,14,10,3,2,0,1,1,1,1783470271
2026-07-08T00:39:24Z,990,7,1,7,1,0,1,1,1,1783470151
2026-07-08T00:39:24Z,991,16,9,3,0,0,1,1,1,1783471054
2026-07-08T00:39:24Z,992,4,2,18,1,0,1,1,1,1783470385
2026-07-08T00:39:24Z,993,0,0,25,2,0,1,1,1,1783470371
2026-07-08T00:39:24Z,994,2,0,17,2,0,1,1,1,1783471061
2026-07-08T00:39:24Z,995,0,0,27,0,0,1,1,1,1783470332
2026-07-08T00:39:24Z,996,9,4,12,2,0,1,1,1,1783470363
2026-07-08T00:39:24Z,997,6,2,12,5,0,1,1,1,1783471089
2026-07-08T00:39:24Z,998,4,1,19,0,0,1,1,1,1783470324
2026-07-08T00:39:24Z,999,7,2,12,1,1,1,1,1,1783470313
2026-07-08T00:39:24Z,1000,5,0,15,1,0,1,1,1,1783470253
2026-07-08T00:39:24Z,1001,1,0,26,0,0,1,1,1,1783471152
2026-07-08T00:39:24Z,1002,0,0,31,0,0,1,1,1,1783470387
2026-07-08T00:39:24Z,1003,0,0,23,0,0,1,1,1,1783470298
2026-07-08T00:39:24Z,1004,6,0,17,0,0,1,1,1,1783470956
2026-07-08T00:39:24Z,1005,5,2,17,1,0,1,1,1,1783470303
2026-07-08T00:39:24Z,1006,10,1,9,0,0,1,1,1,1783470224
2026-07-08T00:39:24Z,1007,2,0,18,1,0,1,1,1,1783471001
2026-07-08T00:39:24Z,1008,18,8,5,0,0,1,1,1,1783470335
2026-07-08T00:39:24Z,1009,5,1,24,2,0,1,1,1,1783470463
2026-07-08T00:39:24Z,1010,9,8,18,0,0,1,1,1,1783470375
2026-07-08T00:39:24Z,1011,2,1,15,2,0,1,1,1,1783470218
2026-07-08T00:39:24Z,1012,1,0,21,1,0,1,1,1,1783470310
2026-07-08T00:39:24Z,1013,4,2,18,1,0,1,1,1,1783470323
2026-07-08T00:39:24Z,1014,6,1,15,2,0,1,1,1,1783470297
2026-07-08T00:39:24Z,1015,8,3,23,0,0,1,1,1,1783470403
2026-07-08T00:39:24Z,1016,16,6,14,1,0,1,1,1,1783470426
2026-07-08T00:39:24Z,1017,8,0,12,1,0,1,1,1,1783470273
2026-07-08T00:39:24Z,1018,3,2,13,5,0,1,1,1,1783470304
2026-07-08T00:39:24Z,1019,13,1,1,1,0,1,1,1,1783470157
2026-07-08T00:39:24Z,1020,14,2,7,0,0,1,1,1,1783470269
2026-07-08T00:39:24Z,1021,12,6,3,0,0,1,1,1,1783470171
2026-07-08T00:39:24Z,1022,12,1,15,0,0,1,1,1,1783470741
2026-07-08T00:39:24Z,1023,13,0,10,0,0,1,1,1,1783470358
2026-07-08T00:39:24Z,1024,3,0,16,0,0,1,1,1,1783470286
2026-07-08T00:39:24Z,1025,15,1,4,0,0,1,1,1,1783470224
2026-07-08T00:39:24Z,1026,10,7,20,1,0,1,1,1,1783470418
2026-07-08T00:39:24Z,1028,16,4,7,0,0,1,1,1,1783470340
2026-07-08T00:39:24Z,1029,10,8,2,3,0,1,1,1,1783470169
2026-07-08T00:39:24Z,1030,17,5,6,0,0,1,1,1,1783470362
2026-07-08T00:39:24Z,1031,2,2,16,1,0,1,1,1,1783470225
2026-07-08T00:39:24Z,1032,10,3,9,0,0,1,1,1,1783470229
2026-07-08T00:39:24Z,1033,17,8,1,1,0,1,1,1,1783470269
2026-07-08T00:39:24Z,1034,8,0,7,0,0,1,1,1,1783470156
2026-07-08T00:39:24Z,1035,4,0,14,1,0,1,1,1,1783470826
2026-07-08T00:39:24Z,1036,14,4,1,0,0,1,1,1,1783470169
2026-07-08T00:39:24Z,1037,0,0,19,0,0,1,1,1,1783470215
2026-07-08T00:39:24Z,1038,0,0,15,0,0,1,1,1,1783470145
2026-07-08T00:39:24Z,1039,12,6,7,0,0,1,1,1,1783470236
2026-07-08T00:39:24Z,1040,0,0,18,1,0,1,1,1,1783470234
2026-07-08T00:39:24Z,1041,3,2,16,0,0,1,1,1,1783470213
2026-07-08T00:39:24Z,1042,9,2,6,0,0,1,1,1,1783470154
2026-07-08T00:39:24Z,1043,9,6,10,0,0,1,1,1,1783470234
2026-07-08T00:39:24Z,1044,0,0,15,0,0,1,1,1,1783470143
2026-07-08T00:39:24Z,1045,2,1,17,0,0,1,1,1,1783470222
2026-07-08T00:39:24Z,1046,6,0,6,3,0,1,1,1,1783470832
2026-07-08T00:39:24Z,1047,1,1,19,1,0,1,1,1,1783470243
2026-07-08T00:39:24Z,1048,14,1,5,0,0,1,1,1,1783470205
2026-07-08T00:39:24Z,1049,11,2,10,0,0,1,1,1,1783470280
2026-07-08T00:39:24Z,1050,16,1,3,2,0,1,1,1,1783470502
2026-07-08T00:39:24Z,1051,15,2,5,1,0,1,1,1,1783470285
2026-07-08T00:39:24Z,1052,12,1,10,0,0,1,1,1,1783470316
2026-07-08T00:39:24Z,1053,6,0,9,0,0,1,1,1,1783470161
2026-07-08T00:39:24Z,1054,11,3,4,0,0,1,1,1,1783470917
2026-07-08T00:39:24Z,1055,8,0,11,0,0,1,1,1,1783470220
2026-07-08T00:39:24Z,1057,6,0,13,0,0,1,1,1,1783471149
2026-07-08T00:39:24Z,1058,1,1,54,1,0,1,1,1,1783471113
2026-07-08T00:39:24Z,1059,5,2,14,0,0,1,1,1,1783471030
2026-07-08T00:39:24Z,1060,36,14,1,0,0,1,1,1,1783470694
2026-07-08T00:39:24Z,1061,1,0,36,0,0,1,1,1,1783470706
2026-07-08T00:39:24Z,1062,6,0,11,0,0,1,1,1,1783470128
2026-07-08T00:39:24Z,1063,11,3,6,2,0,1,1,1,1783471055
2026-07-08T00:39:24Z,1064,10,2,13,0,0,1,1,1,1783470296
2026-07-08T00:39:24Z,1065,10,2,11,2,0,1,1,1,1783470341
2026-07-08T00:39:24Z,1066,14,3,7,2,0,1,1,1,1783470361
2026-07-08T00:39:24Z,1067,7,0,13,3,0,1,1,1,1783470314
2026-07-08T00:39:24Z,1068,13,1,9,1,0,1,1,1,1783470306
2026-07-08T00:39:24Z,1069,3,0,19,1,0,1,1,1,1783470336
2026-07-08T00:39:24Z,1070,7,4,15,1,0,1,1,1,1783470313
2026-07-08T00:39:24Z,1071,0,0,22,1,0,1,1,1,1783470301
2026-07-08T00:39:24Z,1072,13,2,8,2,0,1,1,1,1783470346
2026-07-08T00:39:24Z,1073,2,0,24,1,0,1,1,1,1783470382
2026-07-08T00:39:24Z,1074,43,1,6,4,0,1,1,1,1783471001
2026-07-08T00:39:24Z,1075,10,9,11,0,0,1,1,1,1783470278
2026-07-08T00:39:24Z,1076,13,9,8,0,0,1,1,1,1783470510
2026-07-08T00:39:24Z,1077,10,9,11,0,0,1,1,1,1783470274
2026-07-08T00:39:24Z,1078,2,0,19,0,0,1,1,1,1783471111
2026-07-08T00:39:24Z,1079,10,8,11,0,0,1,1,1,1783470266
2026-07-08T00:39:24Z,1080,10,8,11,0,0,1,1,1,1783470296
2026-07-08T00:39:24Z,1081,13,10,6,0,0,1,1,1,1783471065
2026-07-08T00:39:24Z,1082,13,11,10,0,0,1,1,1,1783470248
2026-07-08T00:39:24Z,1083,11,8,10,0,0,1,1,1,1783470283
2026-07-08T00:39:24Z,1084,9,7,12,0,0,1,1,1,1783470347
2026-07-08T00:39:24Z,1085,10,9,11,0,0,1,1,1,1783470361
2026-07-08T00:39:24Z,1086,8,6,13,0,0,1,1,1,1783469456
2026-07-08T00:39:24Z,1087,9,9,6,0,0,1,1,1,1783470516
2026-07-08T00:39:24Z,1088,6,4,9,0,0,1,1,1,1783470195
2026-07-08T00:39:24Z,1089,11,9,4,0,0,1,1,1,1783470993
2026-07-08T00:39:24Z,1090,9,8,6,0,0,1,1,1,1783470164
2026-07-08T00:39:24Z,1091,10,8,5,0,0,1,1,1,1783470167
2026-07-08T00:39:24Z,1092,7,6,8,0,0,1,1,1,1783470201
2026-07-08T00:39:24Z,1093,9,7,6,0,0,1,1,1,1783470173
2026-07-08T00:39:24Z,1094,12,9,7,0,0,1,1,1,1783470205
2026-07-08T00:39:24Z,1095,8,6,7,0,0,1,1,1,1783470105
2026-07-08T00:39:24Z,1096,10,7,9,0,0,1,1,1,1783470256
2026-07-08T00:39:24Z,1097,9,9,6,0,0,1,1,1,1783470186
2026-07-08T00:39:24Z,1098,8,6,11,0,0,1,1,1,1783470231
2026-07-08T00:39:24Z,1099,10,8,5,0,0,1,1,1,1783470167
2026-07-08T00:39:24Z,1100,9,5,18,2,0,1,1,1,1783470404
2026-07-08T00:39:24Z,1101,12,7,8,1,0,1,1,1,1783470295
2026-07-08T00:39:24Z,1102,9,4,4,0,0,1,1,1,1783470112
2026-07-08T00:39:24Z,1103,10,5,9,2,0,1,1,1,1783470279
2026-07-08T00:39:24Z,1104,9,5,12,0,0,1,1,1,1783470293
2026-07-08T00:39:24Z,1105,6,2,5,2,0,1,1,1,1783471057
2026-07-08T00:39:24Z,1106,10,5,10,1,0,1,1,1,1783470276
2026-07-08T00:39:24Z,1107,9,4,5,1,0,1,1,1,1783470148
2026-07-08T00:39:24Z,1108,4,2,20,3,0,1,1,1,1783470347
2026-07-08T00:39:24Z,1109,10,5,5,0,0,1,1,1,1783470151
2026-07-08T00:39:24Z,1110,12,1,9,0,0,1,1,1,1783470806
2026-07-08T00:39:24Z,1111,5,0,16,0,0,1,1,1,1783470263
2026-07-08T00:39:24Z,1112,3,1,50,0,0,1,1,1,1783471080
2026-07-08T00:39:24Z,1113,2,2,19,0,0,1,1,1,1783470192
2026-07-08T00:39:24Z,1115,9,0,12,2,0,1,1,1,1783470559
2026-07-08T00:39:24Z,1116,1,0,18,0,0,1,1,1,1783470213
2026-07-08T00:39:24Z,1117,4,2,19,0,0,1,1,1,1783471150
2026-07-08T00:39:24Z,1118,17,0,4,0,0,1,1,1,1783470294
2026-07-08T00:39:24Z,1119,4,1,12,1,0,1,1,1,1783470953
2026-07-08T00:39:24Z,1120,14,1,2,3,0,1,1,1,1783471057
2026-07-08T00:39:24Z,1121,5,1,16,0,0,1,1,1,1783470728
2026-07-08T00:39:24Z,1122,5,2,15,1,0,1,1,1,1783471021
2026-07-08T00:39:24Z,1123,4,0,17,2,0,1,1,1,1783471024
2026-07-08T00:39:24Z,1124,10,0,4,1,0,1,1,1,1783470503
2026-07-08T00:39:24Z,1125,16,0,7,0,0,1,1,1,1783471091
2026-07-08T00:39:24Z,1126,9,1,11,1,0,1,1,1,1783471140
2026-07-08T00:39:24Z,1127,8,1,10,1,0,1,1,1,1783471061
2026-07-08T00:39:24Z,1128,13,2,1,1,0,1,1,1,1783470625
2026-07-08T00:39:24Z,1129,7,2,14,0,0,1,1,1,1783470395
2026-07-08T00:39:24Z,1130,13,0,1,1,0,1,1,1,1783470143
2026-07-08T00:39:24Z,1131,0,0,49,0,0,1,1,1,1783470717
2026-07-08T00:39:24Z,1132,11,0,8,2,0,1,1,1,1783470247
2026-07-08T00:39:24Z,1133,7,2,13,1,0,1,1,1,1783471140
2026-07-08T00:39:24Z,1134,11,5,7,1,0,1,1,1,1783470337
2026-07-08T00:39:24Z,1135,13,7,8,0,0,1,1,1,1783470270
2026-07-08T00:39:24Z,1136,22,0,0,1,0,1,1,1,1783470503
2026-07-08T00:39:24Z,1137,1,1,14,0,0,1,1,1,1783470840
2026-07-08T00:39:24Z,1138,19,0,0,0,0,1,1,1,1783470249
2026-07-08T00:39:24Z,1139,10,0,11,0,0,1,1,1,1783470663
2026-07-08T00:39:24Z,1140,18,3,3,2,0,1,1,1,1783471003
2026-07-08T00:39:24Z,1141,2,2,17,2,0,1,1,1,1783470872
2026-07-08T00:39:24Z,1142,5,0,16,0,0,1,1,1,1783470278
2026-07-08T00:39:24Z,1143,14,0,14,1,0,1,1,1,1783471141
2026-07-08T00:39:24Z,1144,3,1,17,1,0,1,1,1,1783400779
2026-07-08T00:39:24Z,1145,6,2,11,3,0,1,1,1,1783471020
2026-07-08T00:39:24Z,1146,1,0,18,0,0,1,1,1,1783470962
2026-07-08T00:39:24Z,1147,9,1,10,0,0,1,1,1,1783471121
2026-07-08T00:39:24Z,1148,8,0,22,1,0,1,1,1,1783470962
2026-07-08T00:39:24Z,1149,5,4,19,1,0,1,1,1,1783471067
2026-07-08T00:39:24Z,1150,15,1,3,1,0,1,1,1,1783471137
2026-07-08T00:39:24Z,1151,2,0,18,1,0,1,1,1,1783470233
2026-07-08T00:39:24Z,1152,11,0,16,2,0,1,1,1,1783470364
2026-07-08T00:39:24Z,1153,14,0,8,1,0,1,1,1,1783470994
2026-07-08T00:39:24Z,1154,1,0,16,2,0,1,1,1,1783470185
2026-07-08T00:39:24Z,1155,12,3,7,2,0,1,1,1,1783471055
2026-07-08T00:39:24Z,1158,9,0,10,0,0,1,1,1,1783470218
2026-07-08T00:39:24Z,1159,7,5,12,0,0,1,1,1,1783470294
2026-07-08T00:39:24Z,1160,12,2,6,1,0,1,1,1,1783470958
2026-07-08T00:39:24Z,1161,8,2,11,0,0,1,1,1,1783470250
2026-07-08T00:39:24Z,1162,10,4,8,1,0,1,1,1,1783470234
2026-07-08T00:39:24Z,1163,2,2,17,0,0,1,1,1,1783470200
2026-07-08T00:39:24Z,1164,7,0,12,0,0,1,1,1,1783470781
2026-07-08T00:39:24Z,1165,3,1,17,1,0,1,1,1,1783470244
2026-07-08T00:39:24Z,1166,2,0,18,0,0,1,1,1,1783470827
2026-07-08T00:39:24Z,1167,13,2,2,0,0,1,1,1,1783470140
2026-07-08T00:39:24Z,1168,1,1,22,0,0,1,1,1,1783470353
2026-07-08T00:39:24Z,1169,3,2,15,1,0,1,1,1,1783470216
2026-07-08T00:39:24Z,1170,5,5,16,0,0,1,1,1,1783470531
2026-07-08T00:39:24Z,1171,16,14,6,1,0,1,1,1,1783470345
2026-07-08T00:39:24Z,1172,9,3,4,2,0,1,1,1,1783470162
2026-07-08T00:39:24Z,1173,3,3,15,1,0,1,1,1,1783471109
2026-07-08T00:39:24Z,1174,2,1,12,1,0,1,1,1,1783470144
2026-07-08T00:39:24Z,1175,7,0,12,0,0,1,1,1,1783470364
2026-07-08T00:39:24Z,1176,19,5,2,0,0,1,1,1,1783470254
2026-07-08T00:39:24Z,1177,11,2,10,0,0,1,1,1,1783470246
2026-07-08T00:39:24Z,1178,4,0,9,2,0,1,1,1,1783470271
2026-07-08T00:39:24Z,1181,14,1,1,0,0,1,1,1,1783469544
2026-07-08T00:39:24Z,1182,1,0,19,0,0,1,1,1,1783470589
2026-07-08T00:39:24Z,1183,0,0,35,2,0,1,1,1,1783471047
2026-07-08T00:39:24Z,1184,13,6,7,1,0,1,1,1,1783470448
2026-07-08T00:39:24Z,1185,13,6,8,0,0,1,1,1,1783470276
2026-07-08T00:39:24Z,1186,9,5,9,1,0,1,1,1,1783470212
2026-07-08T00:39:24Z,1188,8,4,7,0,0,1,1,1,1783469691
2026-07-08T00:39:24Z,1189,10,5,9,0,0,1,1,1,1783469767
2026-07-08T00:39:24Z,1190,9,5,12,0,0,1,1,1,1783470249
2026-07-08T00:39:24Z,1191,8,4,6,1,0,1,1,1,1783470288
2026-07-08T00:39:24Z,1192,8,4,12,1,0,1,1,1,1783470302
2026-07-08T00:39:24Z,1193,3,1,9,1,0,1,1,1,1783470092
2026-07-08T00:39:24Z,1197,13,3,3,1,0,1,1,1,1783470122
2026-07-08T00:39:24Z,1198,15,9,6,0,0,1,1,1,1783470265
2026-07-08T00:39:24Z,1199,3,3,16,0,0,1,1,1,1783470199
2026-07-08T00:39:24Z,1200,11,4,4,0,0,1,1,1,1783469989
2026-07-08T00:39:24Z,1201,8,4,6,1,0,1,1,1,1783470012
2026-07-08T00:39:24Z,1202,9,5,6,0,0,1,1,1,1783469979
2026-07-08T00:39:24Z,1203,8,4,7,0,0,1,1,1,1783470691
2026-07-08T00:39:24Z,1218,7,4,14,0,0,1,1,1,1783470295
2026-07-08T00:39:24Z,1224,0,0,3,0,0,0,1,1,1781869449
2026-07-08T00:39:24Z,1225,0,0,3,0,0,0,1,1,1781868919
2026-07-08T00:39:24Z,1226,0,0,3,0,0,0,1,1,1781868931
2026-07-08T00:44:24Z,1,0,0,23,0,0,1,1,1,1783470556
2026-07-08T00:44:24Z,2,13,2,13,1,0,1,1,1,1783470979
2026-07-08T00:44:24Z,3,8,1,10,0,0,1,1,1,1783470994
2026-07-08T00:44:24Z,4,2,0,21,0,0,1,1,1,1783469060
2026-07-08T00:44:24Z,5,8,6,11,4,0,1,1,1,1783471358
2026-07-08T00:44:24Z,6,6,0,9,0,0,1,1,1,1783470872
2026-07-08T00:44:24Z,7,21,0,2,0,0,1,1,1,1783471454
2026-07-08T00:44:24Z,8,42,1,0,1,0,1,1,1,1783470812
2026-07-08T00:44:24Z,9,2,0,20,1,0,1,1,1,1783471209
2026-07-08T00:44:24Z,10,8,3,15,0,0,1,1,1,1783471067
2026-07-08T00:44:24Z,11,1,0,18,0,0,1,1,1,1783470675
2026-07-08T00:44:24Z,12,1,0,22,0,0,1,1,1,1783471163
2026-07-08T00:44:24Z,13,29,0,1,0,0,1,1,1,1783471205
2026-07-08T00:44:24Z,14,41,0,2,0,0,1,1,1,1783471145
2026-07-08T00:44:24Z,15,14,1,0,1,0,1,1,1,1783470360
2026-07-08T00:44:24Z,16,3,2,24,0,0,1,1,1,1783470530
2026-07-08T00:44:24Z,17,24,0,1,2,0,1,1,1,1783471293
2026-07-08T00:44:24Z,18,19,0,0,0,0,1,1,1,1783471262
2026-07-08T00:44:24Z,19,12,2,15,0,0,1,1,1,1783471435
2026-07-08T00:44:24Z,20,12,0,15,0,0,1,1,1,1783471107
2026-07-08T00:44:24Z,21,11,0,7,1,0,1,1,1,1783471119
2026-07-08T00:44:24Z,22,0,0,66,1,0,1,1,1,1783471182
2026-07-08T00:44:24Z,23,12,0,19,0,0,1,1,1,1783471292
2026-07-08T00:44:24Z,24,1,1,9,1,0,1,1,1,1783471454
2026-07-08T00:44:24Z,25,24,0,52,5,0,1,1,1,1783471442
2026-07-08T00:44:24Z,26,0,0,27,0,0,1,1,1,1783470490
2026-07-08T00:44:24Z,28,12,3,3,0,0,1,1,1,1783471274
2026-07-08T00:44:24Z,30,11,1,16,0,0,1,1,1,1783471107
2026-07-08T00:44:24Z,31,0,0,19,0,0,1,1,1,1783470675
2026-07-08T00:44:24Z,32,27,3,0,0,0,1,1,1,1783470292
2026-07-08T00:44:24Z,34,28,1,9,0,0,1,1,1,1783470064
2026-07-08T00:44:24Z,35,4,2,42,1,0,1,1,1,1783471444
2026-07-08T00:44:24Z,36,0,0,0,0,0,0,1,1,86400
2026-07-08T00:44:24Z,37,9,0,13,1,0,1,1,1,1783471110
2026-07-08T00:44:24Z,38,5,1,18,0,0,1,1,1,1783471237
2026-07-08T00:44:24Z,39,23,5,8,0,0,1,1,1,1783471159
2026-07-08T00:44:24Z,40,0,0,21,0,0,1,1,1,1783469847
2026-07-08T00:44:24Z,41,3,0,22,2,0,1,1,1,1783471172
2026-07-08T00:44:24Z,42,9,2,21,1,0,1,1,1,1783471091
2026-07-08T00:44:24Z,43,18,1,5,0,0,1,1,1,1783471217
2026-07-08T00:44:24Z,45,1,1,27,3,0,1,1,1,1783471315
2026-07-08T00:44:24Z,46,0,0,29,1,1,1,1,1,1783471176
2026-07-08T00:44:24Z,47,6,1,9,0,0,1,1,1,1783471149
2026-07-08T00:44:24Z,48,2,1,25,0,0,1,1,1,1783471254
2026-07-08T00:44:24Z,49,1,0,19,3,0,1,1,1,1783471454
2026-07-08T00:44:24Z,50,2,2,17,0,0,1,1,1,1783471059
2026-07-08T00:44:24Z,51,0,0,78,0,0,1,1,1,1783470549
2026-07-08T00:44:24Z,52,0,0,25,2,0,1,1,1,1783470286
2026-07-08T00:44:24Z,55,0,0,21,0,1,1,1,1,1783471453
2026-07-08T00:44:24Z,57,0,0,27,0,0,1,1,1,1783471218
2026-07-08T00:44:24Z,58,4,1,24,0,0,1,1,1,1783471449
2026-07-08T00:44:24Z,59,1,0,24,2,0,1,1,1,1783471380
2026-07-08T00:44:24Z,61,0,0,37,2,0,1,1,1,1783469462
2026-07-08T00:44:24Z,62,3,1,44,2,0,1,1,1,1783471380
2026-07-08T00:44:24Z,63,0,0,19,0,0,1,1,1,1783468347
2026-07-08T00:44:24Z,64,18,2,0,1,0,1,1,1,1783470953
2026-07-08T00:44:24Z,65,3,1,14,2,0,1,1,1,1783470165
2026-07-08T00:44:24Z,67,1,0,38,0,0,1,1,1,1783471338
2026-07-08T00:44:24Z,68,0,0,37,0,0,1,1,1,1783470766
2026-07-08T00:44:24Z,69,14,2,1,0,0,1,1,1,1783468047
2026-07-08T00:44:24Z,71,0,0,27,0,0,1,1,1,1783470514
2026-07-08T00:44:24Z,72,2,1,29,0,0,1,1,1,1783471363
2026-07-08T00:44:24Z,73,0,0,23,0,0,1,1,1,1783470373
2026-07-08T00:44:24Z,74,6,2,13,0,0,1,1,1,1783471037
2026-07-08T00:44:24Z,75,0,0,34,1,0,1,1,1,1783468816
2026-07-08T00:44:24Z,76,1,0,18,0,0,1,1,1,1783470572
2026-07-08T00:44:24Z,77,6,0,17,4,0,1,1,1,1783471303
2026-07-08T00:44:24Z,78,0,0,23,0,0,1,1,1,1783467209
2026-07-08T00:44:24Z,79,3,0,14,0,0,1,1,1,1783470767
2026-07-08T00:44:24Z,80,16,1,5,2,0,1,1,1,1783471368
2026-07-08T00:44:24Z,81,9,0,10,12,0,1,1,1,1783471443
2026-07-08T00:44:24Z,82,1,1,20,2,0,1,1,1,1783470647
2026-07-08T00:44:24Z,83,1,0,30,3,0,1,1,1,1783471078
2026-07-08T00:44:24Z,84,20,0,5,2,0,1,1,1,1783471355
2026-07-08T00:44:24Z,85,0,0,14,0,0,1,1,1,1783471215
2026-07-08T00:44:24Z,86,2,0,24,1,0,1,1,1,1783470835
2026-07-08T00:44:24Z,87,0,0,19,0,0,1,1,1,1783464851
2026-07-08T00:44:24Z,88,23,1,8,0,0,1,1,1,1783471457
2026-07-08T00:44:24Z,89,19,2,16,0,0,1,1,1,1783471323
2026-07-08T00:44:24Z,90,6,0,12,1,0,1,1,1,1783471336
2026-07-08T00:44:24Z,91,8,1,9,0,0,1,1,1,1783470884
2026-07-08T00:44:24Z,92,14,0,3,2,0,1,1,1,1783471456
2026-07-08T00:44:24Z,93,21,1,2,0,0,1,1,1,1783471457
2026-07-08T00:44:24Z,94,1,1,18,0,0,1,1,1,1783468543
2026-07-08T00:44:24Z,95,7,0,27,0,1,1,1,1,1783471392
2026-07-08T00:44:24Z,96,9,1,20,2,0,1,1,1,1783470528
2026-07-08T00:44:24Z,97,8,0,7,0,0,1,1,1,1783470867
2026-07-08T00:44:24Z,98,16,2,17,2,0,1,1,1,1783471050
2026-07-08T00:44:24Z,99,8,0,6,0,0,1,1,1,1783471455
2026-07-08T00:44:24Z,100,17,0,9,1,0,1,1,1,1783471417
2026-07-08T00:44:24Z,101,2,0,11,2,0,1,1,1,1783471441
2026-07-08T00:44:24Z,102,8,0,15,0,0,1,1,1,1783470943
2026-07-08T00:44:24Z,103,13,0,15,4,0,1,1,1,1783471458
2026-07-08T00:44:24Z,104,6,3,19,2,0,1,1,1,1783471255
2026-07-08T00:44:24Z,105,12,0,7,0,0,1,1,1,1783470464
2026-07-08T00:44:24Z,106,0,0,21,0,0,1,1,1,1783469801
2026-07-08T00:44:24Z,107,29,0,8,0,0,1,1,1,1783471224
2026-07-08T00:44:24Z,108,12,0,21,2,0,1,1,1,1783471456
2026-07-08T00:44:24Z,109,15,0,8,0,0,1,1,1,1783471398
2026-07-08T00:44:24Z,110,5,0,18,0,0,1,1,1,1783471378
2026-07-08T00:44:24Z,111,0,0,35,1,0,1,1,1,1783471384
2026-07-08T00:44:24Z,112,16,0,2,1,0,1,1,1,1783471066
2026-07-08T00:44:24Z,113,3,1,16,0,0,1,1,1,1783471246
2026-07-08T00:44:24Z,114,6,2,21,4,0,1,1,1,1783471458
2026-07-08T00:44:24Z,115,0,0,24,2,0,1,1,1,1783470667
2026-07-08T00:44:24Z,116,2,2,25,0,0,1,1,1,1783471409
2026-07-08T00:44:24Z,118,7,3,12,4,0,1,1,1,1783471216
2026-07-08T00:44:24Z,119,17,3,19,2,0,1,1,1,1783471198
2026-07-08T00:44:24Z,120,2,1,23,2,0,1,1,1,1783471402
2026-07-08T00:44:24Z,121,9,0,10,0,0,1,1,1,1783471381
2026-07-08T00:44:24Z,122,18,0,2,1,0,1,1,1,1783471422
2026-07-08T00:44:24Z,123,13,1,34,0,0,1,1,1,1783471368
2026-07-08T00:44:24Z,124,6,0,21,0,0,1,1,1,1783471182
2026-07-08T00:44:24Z,125,3,0,20,0,0,1,1,1,1783470997
2026-07-08T00:44:24Z,126,3,0,28,0,0,1,1,1,1783470813
2026-07-08T00:44:24Z,127,1,0,21,0,0,1,1,1,1783471391
2026-07-08T00:44:24Z,128,2,1,17,0,0,1,1,1,1783470703
2026-07-08T00:44:24Z,129,15,5,1,3,0,1,1,1,1783471227
2026-07-08T00:44:24Z,130,9,0,8,0,0,1,1,1,1783471358
2026-07-08T00:44:24Z,131,1,0,8,2,0,1,1,1,1783471262
2026-07-08T00:44:24Z,132,0,0,14,0,1,1,1,1,1783468552
2026-07-08T00:44:24Z,133,1,0,22,0,0,1,1,1,1783470965
2026-07-08T00:44:24Z,134,6,4,17,0,0,1,1,1,1783471387
2026-07-08T00:44:24Z,135,14,2,5,0,0,1,1,1,1783471456
2026-07-08T00:44:24Z,136,13,2,9,0,0,1,1,1,1783471351
2026-07-08T00:44:24Z,137,6,5,12,1,0,1,1,1,1783471320
2026-07-08T00:44:24Z,138,35,1,1,1,0,1,1,1,1783471346
2026-07-08T00:44:24Z,139,18,3,1,0,0,1,1,1,1783471388
2026-07-08T00:44:24Z,140,16,2,5,2,0,1,1,1,1783471456
2026-07-08T00:44:24Z,141,23,2,0,2,0,1,1,1,1783471118
2026-07-08T00:44:24Z,142,0,0,19,0,0,0,1,1,1782498468
2026-07-08T00:44:24Z,143,27,0,1,3,0,1,1,1,1783471225
2026-07-08T00:44:24Z,144,20,2,6,1,0,1,1,1,1783471251
2026-07-08T00:44:24Z,145,27,3,3,1,0,1,1,1,1783471260
2026-07-08T00:44:24Z,146,21,4,0,2,0,1,1,1,1783471457
2026-07-08T00:44:24Z,147,4,0,14,1,0,1,1,1,1783471382
2026-07-08T00:44:24Z,148,20,1,6,1,0,1,1,1,1783471195
2026-07-08T00:44:24Z,149,0,0,19,0,0,1,1,1,1783471296
2026-07-08T00:44:24Z,150,32,0,2,1,0,1,1,1,1783471444
2026-07-08T00:44:24Z,151,21,1,1,1,0,1,1,1,1783471372
2026-07-08T00:44:24Z,152,17,1,8,1,0,1,1,1,1783471159
2026-07-08T00:44:24Z,153,18,4,3,2,0,1,1,1,1783470969
2026-07-08T00:44:24Z,154,17,2,2,4,0,1,1,1,1783471430
2026-07-08T00:44:24Z,155,3,1,7,4,0,1,1,1,1783471153
2026-07-08T00:44:24Z,156,12,4,7,0,0,1,1,1,1783471425
2026-07-08T00:44:24Z,157,24,3,1,2,0,1,1,1,1783471433
2026-07-08T00:44:24Z,158,10,2,9,0,0,1,1,1,1783471433
2026-07-08T00:44:24Z,159,9,2,10,0,0,1,1,1,1783471420
2026-07-08T00:44:24Z,160,18,1,0,1,0,1,1,1,1783471368
2026-07-08T00:44:24Z,161,10,1,12,1,0,1,1,1,1783471460
2026-07-08T00:44:24Z,162,12,10,14,1,0,1,1,1,1783471215
2026-07-08T00:44:24Z,163,22,4,9,0,0,1,1,1,1783471019
2026-07-08T00:44:24Z,164,19,0,8,0,0,1,1,1,1783470901
2026-07-08T00:44:24Z,165,14,8,14,2,0,1,1,1,1783471428
2026-07-08T00:44:24Z,166,23,6,14,1,0,1,1,1,1783471371
2026-07-08T00:44:24Z,167,11,6,11,1,0,1,1,1,1783471451
2026-07-08T00:44:24Z,168,2,0,24,1,0,1,1,1,1783471458
2026-07-08T00:44:24Z,169,13,4,8,2,0,1,1,1,1783471287
2026-07-08T00:44:24Z,170,16,6,2,1,0,1,1,1,1783471380
2026-07-08T00:44:24Z,171,6,1,4,3,0,1,1,1,1783471376
2026-07-08T00:44:24Z,173,1,0,36,0,0,1,1,1,1783471341
2026-07-08T00:44:24Z,174,11,0,14,0,0,1,1,1,1783471454
2026-07-08T00:44:24Z,175,22,2,6,3,0,1,1,1,1783471211
2026-07-08T00:44:24Z,176,13,5,0,2,0,1,1,1,1783471424
2026-07-08T00:44:24Z,177,23,3,0,5,0,1,1,1,1783471453
2026-07-08T00:44:24Z,178,15,0,0,0,0,1,1,1,1783468640
2026-07-08T00:44:24Z,179,12,3,1,2,0,1,1,1,1783471221
2026-07-08T00:44:24Z,180,1,0,28,1,0,1,1,1,1783471287
2026-07-08T00:44:24Z,181,8,3,7,0,0,1,1,1,1783471115
2026-07-08T00:44:24Z,182,8,4,10,1,0,1,1,1,1783471454
2026-07-08T00:44:24Z,183,19,2,2,2,0,1,1,1,1783471197
2026-07-08T00:44:24Z,184,4,2,17,2,0,1,1,1,1783471089
2026-07-08T00:44:24Z,185,5,1,7,2,1,1,1,1,1783468783
2026-07-08T00:44:24Z,186,6,4,12,1,0,1,1,1,1783471288
2026-07-08T00:44:24Z,187,3,0,24,2,0,1,1,1,1783471293
2026-07-08T00:44:24Z,188,16,2,1,10,0,1,1,1,1783471457
2026-07-08T00:44:24Z,189,8,2,6,1,0,1,1,1,1783470981
2026-07-08T00:44:24Z,190,5,2,18,0,0,1,1,1,1783471437
2026-07-08T00:44:24Z,191,4,4,32,3,0,1,1,1,1783471414
2026-07-08T00:44:24Z,192,14,13,17,0,0,1,1,1,1783471257
2026-07-08T00:44:24Z,193,7,4,7,1,0,1,1,1,1783471255
2026-07-08T00:44:24Z,194,0,0,15,0,0,1,1,1,1783470598
2026-07-08T00:44:24Z,195,2,2,17,0,0,1,1,1,1783471354
2026-07-08T00:44:24Z,196,5,2,22,0,0,1,1,1,1783471326
2026-07-08T00:44:24Z,197,5,1,13,0,1,1,1,1,1783471314
2026-07-08T00:44:24Z,198,0,0,23,0,0,1,1,1,1783471041
2026-07-08T00:44:24Z,199,1,0,12,2,0,1,1,1,1783470927
2026-07-08T00:44:24Z,200,2,2,24,0,0,1,1,1,1783471094
2026-07-08T00:44:24Z,201,2,2,21,0,0,1,1,1,1783470789
2026-07-08T00:44:24Z,202,0,0,21,0,0,0,1,1,1783093344
2026-07-08T00:44:24Z,203,0,0,31,0,0,1,1,1,1783469636
2026-07-08T00:44:24Z,204,8,0,27,0,0,1,1,1,1783471139
2026-07-08T00:44:24Z,205,8,0,19,0,0,1,1,1,1783471278
2026-07-08T00:44:24Z,206,10,2,3,2,0,1,1,1,1783471244
2026-07-08T00:44:24Z,207,6,0,15,0,0,1,1,1,1783471385
2026-07-08T00:44:24Z,208,2,1,26,1,0,1,1,1,1783471005
2026-07-08T00:44:24Z,209,16,3,14,1,0,1,1,1,1783471300
2026-07-08T00:44:24Z,210,1,1,25,1,0,1,1,1,1783471186
2026-07-08T00:44:24Z,211,8,1,15,0,0,1,1,1,1783470318
2026-07-08T00:44:24Z,212,12,0,23,0,0,1,1,1,1783470819
2026-07-08T00:44:24Z,213,22,0,1,0,0,1,1,1,1783471451
2026-07-08T00:44:24Z,214,18,11,25,4,0,1,1,1,1783471451
2026-07-08T00:44:24Z,215,3,2,20,0,0,1,1,1,1783471418
2026-07-08T00:44:24Z,216,16,1,2,1,0,1,1,1,1783471444
2026-07-08T00:44:24Z,217,28,6,0,1,0,1,1,1,1783471311
2026-07-08T00:44:24Z,218,33,3,1,5,0,1,1,1,1783471458
2026-07-08T00:44:24Z,219,0,0,3,0,0,0,1,1,1783102064
2026-07-08T00:44:24Z,220,34,3,8,1,0,1,1,1,1783471435
2026-07-08T00:44:24Z,221,13,9,1,0,0,1,1,1,1783471279
2026-07-08T00:44:24Z,222,13,8,5,1,0,1,1,1,1783471036
2026-07-08T00:44:24Z,223,2,0,29,4,0,1,1,1,1783471451
2026-07-08T00:44:24Z,224,2,0,19,1,0,1,1,1,1783471205
2026-07-08T00:44:24Z,225,1,1,14,4,0,1,1,1,1783471222
2026-07-08T00:44:24Z,226,1,1,29,1,0,1,1,1,1783471144
2026-07-08T00:44:24Z,227,9,7,17,1,0,1,1,1,1783471429
2026-07-08T00:44:24Z,228,4,4,15,0,0,1,1,1,1783469346
2026-07-08T00:44:24Z,230,19,2,4,0,0,1,1,1,1783470870
2026-07-08T00:44:24Z,232,15,3,3,1,0,1,1,1,1783471453
2026-07-08T00:44:24Z,233,20,5,10,1,0,1,1,1,1783471327
2026-07-08T00:44:24Z,234,6,3,9,3,1,1,1,1,1783470646
2026-07-08T00:44:24Z,236,1,1,17,1,0,1,1,1,1783471322
2026-07-08T00:44:24Z,237,5,0,16,2,0,1,1,1,1783470963
2026-07-08T00:44:24Z,239,5,2,19,3,0,1,1,1,1783471452
2026-07-08T00:44:24Z,241,14,8,7,2,0,1,1,1,1783471434
2026-07-08T00:44:24Z,242,2,0,18,3,0,1,1,1,1783471293
2026-07-08T00:44:24Z,243,9,2,18,4,0,1,1,1,1783471433
2026-07-08T00:44:24Z,244,8,2,18,1,0,1,1,1,1783471351
2026-07-08T00:44:24Z,245,8,2,15,0,0,1,1,1,1783471196
2026-07-08T00:44:24Z,246,0,0,23,0,0,1,1,1,1783470557
2026-07-08T00:44:24Z,247,1,1,20,2,0,1,1,1,1783471442
2026-07-08T00:44:24Z,248,1,1,18,4,0,1,1,1,1783469823
2026-07-08T00:44:24Z,249,4,0,14,1,0,1,1,1,1783471410
2026-07-08T00:44:24Z,250,3,3,23,1,0,1,1,1,1783470060
2026-07-08T00:44:24Z,251,6,1,21,0,0,1,1,1,1783471093
2026-07-08T00:44:24Z,253,3,2,16,0,0,1,1,1,1783470756
2026-07-08T00:44:24Z,254,16,1,19,8,0,1,1,1,1783471182
2026-07-08T00:44:24Z,255,9,0,14,0,0,1,1,1,1783471451
2026-07-08T00:44:24Z,256,17,11,6,0,0,1,1,1,1783471290
2026-07-08T00:44:24Z,257,16,8,3,0,0,1,1,1,1783470442
2026-07-08T00:44:24Z,258,1,1,15,3,0,1,1,1,1783471446
2026-07-08T00:44:24Z,259,6,5,16,1,0,1,1,1,1783471120
2026-07-08T00:44:24Z,260,8,4,11,0,0,1,1,1,1783471002
2026-07-08T00:44:24Z,261,14,1,3,2,0,1,1,1,1783470983
2026-07-08T00:44:24Z,262,18,10,3,2,0,1,1,1,1783471402
2026-07-08T00:44:24Z,263,8,2,7,0,0,1,1,1,1783470994
2026-07-08T00:44:24Z,264,13,5,6,0,0,1,1,1,1783471448
2026-07-08T00:44:24Z,265,3,1,11,1,0,1,1,1,1783471317
2026-07-08T00:44:24Z,266,8,4,8,3,0,1,1,1,1783471393
2026-07-08T00:44:24Z,267,9,1,5,1,0,1,1,1,1783459155
2026-07-08T00:44:24Z,268,4,2,18,1,0,1,1,1,1783470936
2026-07-08T00:44:24Z,269,2,2,21,0,0,1,1,1,1783471368
2026-07-08T00:44:24Z,270,21,7,6,0,0,1,1,1,1783471276
2026-07-08T00:44:24Z,271,2,0,15,2,0,1,1,1,1783471215
2026-07-08T00:44:24Z,272,7,4,16,0,0,1,1,1,1783471148
2026-07-08T00:44:24Z,273,7,4,8,0,0,1,1,1,1783470924
2026-07-08T00:44:24Z,274,1,1,17,1,0,1,1,1,1783470669
2026-07-08T00:44:24Z,275,2,0,21,0,0,1,1,1,1783471228
2026-07-08T00:44:24Z,276,9,1,17,0,1,1,1,1,1783471456
2026-07-08T00:44:24Z,277,0,0,21,2,0,1,1,1,1783469524
2026-07-08T00:44:24Z,278,0,0,28,2,1,1,1,1,1783470916
2026-07-08T00:44:24Z,279,1,1,18,0,0,1,1,1,1783470378
2026-07-08T00:44:24Z,280,9,1,20,2,0,1,1,1,1783471456
2026-07-08T00:44:24Z,281,7,0,16,0,0,1,1,1,1783471306
2026-07-08T00:44:24Z,282,12,4,4,0,0,1,1,1,1783470893
2026-07-08T00:44:24Z,283,3,1,32,0,0,1,1,1,1783471230
2026-07-08T00:44:24Z,284,22,4,13,0,0,1,1,1,1783470504
2026-07-08T00:44:24Z,285,2,0,21,0,0,1,1,1,1783470885
2026-07-08T00:44:24Z,286,4,2,17,2,0,1,1,1,1783471353
2026-07-08T00:44:24Z,287,20,6,1,2,0,1,1,1,1783470972
2026-07-08T00:44:24Z,288,3,1,15,1,0,1,1,1,1783471303
2026-07-08T00:44:24Z,289,5,5,20,2,0,1,1,1,1783471380
2026-07-08T00:44:24Z,290,5,0,32,2,0,1,1,1,1783470359
2026-07-08T00:44:24Z,291,18,0,5,0,0,1,1,1,1783471445
2026-07-08T00:44:24Z,292,4,1,19,0,0,1,1,1,1783470318
2026-07-08T00:44:24Z,293,10,4,11,2,0,1,1,1,1783471314
2026-07-08T00:44:24Z,294,4,2,17,1,0,1,1,1,1783471438
2026-07-08T00:44:24Z,297,8,0,9,2,0,1,1,1,1783471457
2026-07-08T00:44:24Z,301,16,1,3,0,0,1,1,1,1783471424
2026-07-08T00:44:24Z,302,19,5,1,3,0,1,1,1,1783471235
2026-07-08T00:44:24Z,303,15,0,3,1,0,1,1,1,1783471381
2026-07-08T00:44:24Z,304,0,0,0,0,0,0,1,1,86400
2026-07-08T00:44:24Z,305,18,0,0,1,0,1,1,1,1783470982
2026-07-08T00:44:24Z,306,15,0,17,0,0,1,1,1,1783470261
2026-07-08T00:44:24Z,307,22,1,0,1,0,1,1,1,1783471274
2026-07-08T00:44:24Z,308,11,0,7,1,0,1,1,1,1783471425
2026-07-08T00:44:24Z,309,11,1,1,1,0,1,1,1,1783471345
2026-07-08T00:44:24Z,311,6,0,8,1,0,1,1,1,1783471084
2026-07-08T00:44:24Z,312,9,3,10,3,1,1,1,1,1783471193
2026-07-08T00:44:24Z,313,4,0,11,0,0,1,1,1,1783470709
2026-07-08T00:44:24Z,314,14,2,4,1,0,1,1,1,1783471390
2026-07-08T00:44:24Z,315,0,0,31,0,0,0,1,1,1783017696
2026-07-08T00:44:24Z,316,11,0,4,0,0,1,1,1,1783470964
2026-07-08T00:44:24Z,317,13,4,16,2,0,1,1,1,1783471002
2026-07-08T00:44:24Z,318,11,5,6,0,0,1,1,1,1783470008
2026-07-08T00:44:24Z,319,14,10,12,1,0,1,1,1,1783471377
2026-07-08T00:44:24Z,320,6,3,12,1,0,1,1,1,1783471209
2026-07-08T00:44:24Z,321,8,0,9,2,0,1,1,1,1783469099
2026-07-08T00:44:24Z,322,9,0,20,0,0,1,1,1,1783471373
2026-07-08T00:44:24Z,323,11,0,8,0,0,1,1,1,1783471155
2026-07-08T00:44:24Z,324,0,0,26,1,0,1,1,1,1783470907
2026-07-08T00:44:24Z,325,4,0,21,2,0,1,1,1,1783471203
2026-07-08T00:44:24Z,327,1,0,24,0,2,1,1,1,1783471285
2026-07-08T00:44:24Z,328,9,3,14,0,0,1,1,1,1783471167
2026-07-08T00:44:24Z,329,10,2,8,1,0,1,1,1,1783471359
2026-07-08T00:44:24Z,330,4,1,18,0,0,1,1,1,1783470788
2026-07-08T00:44:24Z,331,0,0,23,0,0,1,1,1,1783471453
2026-07-08T00:44:24Z,332,7,5,10,2,0,1,1,1,1783471259
2026-07-08T00:44:24Z,333,13,3,8,2,0,1,1,1,1783471278
2026-07-08T00:44:24Z,334,10,2,13,0,0,1,1,1,1783471035
2026-07-08T00:44:24Z,335,8,4,15,0,0,1,1,1,1783471240
2026-07-08T00:44:24Z,336,7,0,12,0,0,1,1,1,1783471155
2026-07-08T00:44:24Z,337,7,1,14,2,0,1,1,1,1783471449
2026-07-08T00:44:24Z,338,6,0,13,0,0,1,1,1,1783469944
2026-07-08T00:44:24Z,339,2,2,20,1,0,1,1,1,1783470523
2026-07-08T00:44:24Z,340,8,3,6,1,0,1,1,1,1783471394
2026-07-08T00:44:24Z,341,8,3,11,0,0,1,1,1,1783470540
2026-07-08T00:44:24Z,342,15,1,0,0,0,1,1,1,1783470216
2026-07-08T00:44:24Z,343,0,0,21,2,0,1,1,1,1783470053
2026-07-08T00:44:24Z,344,4,4,18,1,0,1,1,1,1783471151
2026-07-08T00:44:24Z,345,6,0,12,1,0,1,1,1,1783471022
2026-07-08T00:44:24Z,346,0,0,23,0,0,1,1,1,1783470936
2026-07-08T00:44:24Z,347,32,3,14,1,0,1,1,1,1783471425
2026-07-08T00:44:24Z,348,4,1,17,2,0,1,1,1,1783470421
2026-07-08T00:44:24Z,349,0,0,16,3,0,1,1,1,1783471386
2026-07-08T00:44:24Z,350,21,0,3,2,1,1,1,1,1783470772
2026-07-08T00:44:24Z,351,22,1,0,1,0,1,1,1,1783471402
2026-07-08T00:44:24Z,355,6,0,14,3,0,1,1,1,1783471382
2026-07-08T00:44:24Z,356,4,0,15,0,0,1,1,1,1783471192
2026-07-08T00:44:24Z,357,18,5,0,1,0,1,1,1,1783471369
2026-07-08T00:44:24Z,358,0,0,7,5,13,0,1,1,1782961435
2026-07-08T00:44:24Z,359,21,1,5,1,0,1,1,1,1783471418
2026-07-08T00:44:24Z,360,5,0,14,0,0,1,1,1,1783470253
2026-07-08T00:44:24Z,362,16,3,1,1,0,1,1,1,1783471059
2026-07-08T00:44:24Z,363,21,1,6,0,0,1,1,1,1783471159
2026-07-08T00:44:24Z,364,6,0,11,1,1,1,1,1,1783471459
2026-07-08T00:44:24Z,365,12,4,10,1,0,1,1,1,1783470995
2026-07-08T00:44:24Z,366,10,8,9,4,0,1,1,1,1783471456
2026-07-08T00:44:24Z,367,10,1,9,0,0,1,1,1,1783470783
2026-07-08T00:44:24Z,368,7,1,16,0,0,1,1,1,1783470714
2026-07-08T00:44:24Z,370,10,8,16,1,0,1,1,1,1783471408
2026-07-08T00:44:24Z,371,4,0,13,2,0,1,1,1,1783470575
2026-07-08T00:44:24Z,372,9,1,5,1,0,1,1,1,1783471217
2026-07-08T00:44:24Z,373,15,5,8,3,0,1,1,1,1783471250
2026-07-08T00:44:24Z,374,12,6,5,1,0,1,1,1,1783471256
2026-07-08T00:44:24Z,375,3,2,24,0,0,1,1,1,1783470651
2026-07-08T00:44:24Z,376,15,9,23,1,0,1,1,1,1783471242
2026-07-08T00:44:24Z,377,7,4,18,2,0,1,1,1,1783471129
2026-07-08T00:44:24Z,378,18,1,6,0,0,1,1,1,1783471412
2026-07-08T00:44:24Z,379,27,0,0,0,0,1,1,1,1783470086
2026-07-08T00:44:24Z,380,12,3,11,0,0,1,1,1,1783471271
2026-07-08T00:44:24Z,381,21,0,2,0,0,1,1,1,1783471047
2026-07-08T00:44:24Z,383,3,0,12,0,0,1,1,1,1783471437
2026-07-08T00:44:24Z,384,1,0,17,1,0,1,1,1,1783470799
2026-07-08T00:44:24Z,385,8,2,9,1,0,1,1,1,1783471182
2026-07-08T00:44:24Z,387,1,0,22,0,0,1,1,1,1783470816
2026-07-08T00:44:24Z,388,4,0,43,2,0,1,1,1,1783471112
2026-07-08T00:44:24Z,389,4,3,10,1,0,1,1,1,1783470647
2026-07-08T00:44:24Z,390,10,2,16,1,0,1,1,1,1783471379
2026-07-08T00:44:24Z,391,4,3,10,1,0,1,1,1,1783471228
2026-07-08T00:44:24Z,392,4,3,15,0,0,1,1,1,1783470223
2026-07-08T00:44:24Z,393,1,1,9,1,0,1,1,1,1783471042
2026-07-08T00:44:24Z,394,8,2,6,0,1,1,1,1,1783471161
2026-07-08T00:44:24Z,396,5,2,33,4,0,1,1,1,1783471449
2026-07-08T00:44:24Z,397,3,0,28,0,0,1,1,1,1783470843
2026-07-08T00:44:24Z,399,2,0,15,0,0,1,1,1,1783471425
2026-07-08T00:44:24Z,400,4,2,16,3,0,1,1,1,1783470360
2026-07-08T00:44:24Z,401,8,0,23,0,0,1,1,1,1783471299
2026-07-08T00:44:24Z,403,9,0,20,2,0,1,1,1,1783471222
2026-07-08T00:44:24Z,404,1,0,22,0,0,1,1,1,1783470105
2026-07-08T00:44:24Z,406,22,0,12,1,0,1,1,1,1783471296
2026-07-08T00:44:24Z,407,1,0,31,2,0,1,1,1,1783471111
2026-07-08T00:44:24Z,408,2,1,29,2,0,1,1,1,1783471320
2026-07-08T00:44:24Z,409,0,0,23,0,0,1,1,1,1783470308
2026-07-08T00:44:24Z,413,14,5,8,1,0,1,1,1,1783471389
2026-07-08T00:44:24Z,414,3,0,11,1,0,1,1,1,1783471346
2026-07-08T00:44:24Z,417,4,0,15,0,0,1,1,1,1783470896
2026-07-08T00:44:24Z,418,1,0,14,0,0,1,1,1,1783468792
2026-07-08T00:44:24Z,419,5,2,17,1,0,1,1,1,1783469268
2026-07-08T00:44:24Z,421,17,1,2,0,0,1,1,1,1783471353
2026-07-08T00:44:24Z,422,1,0,23,3,0,1,1,1,1783471180
2026-07-08T00:44:24Z,423,11,0,12,0,0,1,1,1,1783470792
2026-07-08T00:44:24Z,424,2,1,11,2,0,1,1,1,1783471456
2026-07-08T00:44:24Z,425,9,1,12,1,0,1,1,1,1783471446
2026-07-08T00:44:24Z,426,1,0,34,2,0,1,1,1,1783470575
2026-07-08T00:44:24Z,427,8,1,6,0,1,1,1,1,1783470654
2026-07-08T00:44:24Z,428,15,1,3,1,0,1,1,1,1783471157
2026-07-08T00:44:24Z,429,8,4,12,3,0,1,1,1,1783471401
2026-07-08T00:44:24Z,430,26,1,5,0,0,1,1,1,1783471218
2026-07-08T00:44:24Z,431,20,0,7,4,2,1,1,1,1783470797
2026-07-08T00:44:24Z,432,9,0,22,0,0,1,1,1,1783471313
2026-07-08T00:44:24Z,433,10,0,11,2,0,1,1,1,1783471446
2026-07-08T00:44:24Z,437,3,3,15,1,0,1,1,1,1783471452
2026-07-08T00:44:24Z,438,6,1,11,2,0,1,1,1,1783471389
2026-07-08T00:44:24Z,439,5,1,10,0,0,1,1,1,1783471193
2026-07-08T00:44:24Z,440,4,1,9,2,0,1,1,1,1783470922
2026-07-08T00:44:24Z,441,4,3,11,0,0,1,1,1,1783471384
2026-07-08T00:44:24Z,442,7,4,10,2,0,1,1,1,1783471204
2026-07-08T00:44:24Z,443,6,0,21,0,0,1,1,1,1783448962
2026-07-08T00:44:24Z,444,5,3,17,1,0,1,1,1,1783468032
2026-07-08T00:44:24Z,445,7,6,15,1,0,1,1,1,1783470958
2026-07-08T00:44:24Z,446,0,0,23,0,0,1,1,1,1783470582
2026-07-08T00:44:24Z,447,6,2,15,2,0,1,1,1,1783471325
2026-07-08T00:44:24Z,448,7,2,5,2,1,1,1,1,1783469404
2026-07-08T00:44:24Z,452,14,1,4,1,0,1,1,1,1783471368
2026-07-08T00:44:24Z,453,5,2,9,1,0,1,1,1,1783471109
2026-07-08T00:44:24Z,454,14,0,3,1,1,1,1,1,1783469863
2026-07-08T00:44:24Z,455,0,0,38,0,0,1,1,1,1783468143
2026-07-08T00:44:24Z,456,9,1,12,2,0,1,1,1,1783471455
2026-07-08T00:44:24Z,457,2,0,24,1,0,1,1,1,1783471223
2026-07-08T00:44:24Z,458,8,8,14,1,0,1,1,1,1783470961
2026-07-08T00:44:24Z,459,3,2,12,0,0,1,1,1,1783471445
2026-07-08T00:44:24Z,460,22,3,1,0,0,1,1,1,1783471390
2026-07-08T00:44:24Z,461,6,1,12,1,0,1,1,1,1783471116
2026-07-08T00:44:24Z,462,7,0,12,2,0,1,1,1,1783471084
2026-07-08T00:44:24Z,463,8,3,11,0,0,1,1,1,1783471220
2026-07-08T00:44:24Z,464,3,2,9,2,0,1,1,1,1783471371
2026-07-08T00:44:24Z,465,1,1,14,0,0,1,1,1,1783470436
2026-07-08T00:44:24Z,466,5,1,9,1,0,1,1,1,1783470590
2026-07-08T00:44:24Z,467,2,0,13,0,0,1,1,1,1783471339
2026-07-08T00:44:24Z,468,1,0,17,1,0,1,1,1,1783470660
2026-07-08T00:44:24Z,469,0,0,22,0,1,1,1,1,1783470986
2026-07-08T00:44:24Z,470,14,4,1,0,0,1,1,1,1783470597
2026-07-08T00:44:24Z,471,22,1,5,0,0,1,1,1,1783471455
2026-07-08T00:44:24Z,472,10,0,8,1,0,1,1,1,1783471425
2026-07-08T00:44:24Z,473,6,1,13,0,0,1,1,1,1783470994
2026-07-08T00:44:24Z,474,6,0,13,0,0,1,1,1,1783470960
2026-07-08T00:44:24Z,475,7,1,11,1,0,1,1,1,1783470798
2026-07-08T00:44:24Z,476,17,0,5,1,0,1,1,1,1783471273
2026-07-08T00:44:24Z,477,3,1,11,1,0,1,1,1,1783471170
2026-07-08T00:44:24Z,478,26,1,1,4,0,1,1,1,1783471418
2026-07-08T00:44:24Z,479,5,2,20,2,0,1,1,1,1783471438
2026-07-08T00:44:24Z,480,11,3,2,2,0,1,1,1,1783471459
2026-07-08T00:44:24Z,481,27,0,8,0,0,1,1,1,1783471309
2026-07-08T00:44:24Z,482,2,0,17,0,0,1,1,1,1783470082
2026-07-08T00:44:24Z,483,16,0,11,0,0,1,1,1,1783471436
2026-07-08T00:44:24Z,484,0,0,19,0,0,1,1,1,1783471311
2026-07-08T00:44:24Z,485,18,7,0,1,0,1,1,1,1783471453
2026-07-08T00:44:24Z,486,9,1,18,0,0,1,1,1,1783471384
2026-07-08T00:44:24Z,487,6,5,11,2,0,1,1,1,1783471247
2026-07-08T00:44:24Z,489,7,2,6,2,0,1,1,1,1783471374
2026-07-08T00:44:24Z,490,0,0,16,0,0,1,1,1,1783470863
2026-07-08T00:44:24Z,491,11,1,9,1,0,1,1,1,1783470559
2026-07-08T00:44:24Z,492,6,1,2,3,0,1,1,1,1783469274
2026-07-08T00:44:24Z,493,3,0,23,1,0,1,1,1,1783469539
2026-07-08T00:44:24Z,495,1,1,13,1,0,1,1,1,1783471383
2026-07-08T00:44:24Z,496,18,1,8,1,0,1,1,1,1783471047
2026-07-08T00:44:24Z,497,15,1,4,0,0,1,1,1,1783471118
2026-07-08T00:44:24Z,498,6,1,17,0,0,1,1,1,1783471406
2026-07-08T00:44:24Z,499,5,2,13,1,0,1,1,1,1783469288
2026-07-08T00:44:24Z,500,0,0,14,1,0,1,1,1,1783469717
2026-07-08T00:44:24Z,501,10,1,9,2,0,1,1,1,1783471019
2026-07-08T00:44:24Z,502,0,0,19,0,0,1,1,1,1783469680
2026-07-08T00:44:24Z,503,23,0,6,2,0,1,1,1,1783471345
2026-07-08T00:44:24Z,504,0,0,39,0,0,1,1,1,1783471057
2026-07-08T00:44:24Z,505,12,2,5,1,0,1,1,1,1783471457
2026-07-08T00:44:24Z,511,2,2,21,0,0,1,1,1,1783470949
2026-07-08T00:44:24Z,512,14,3,5,0,0,1,1,1,1783471078
2026-07-08T00:44:24Z,514,5,1,4,2,0,1,1,1,1783470315
2026-07-08T00:44:24Z,515,6,2,13,0,0,1,1,1,1783471459
2026-07-08T00:44:24Z,516,0,0,27,0,0,1,1,1,1783469752
2026-07-08T00:44:24Z,517,12,0,9,2,0,1,1,1,1783471298
2026-07-08T00:44:24Z,518,15,1,0,0,0,1,1,1,1783463692
2026-07-08T00:44:24Z,519,10,1,8,1,0,1,1,1,1783471199
2026-07-08T00:44:24Z,520,19,2,6,1,1,1,1,1,1783471264
2026-07-08T00:44:24Z,521,11,6,12,0,0,1,1,1,1783471378
2026-07-08T00:44:24Z,522,20,1,2,1,0,1,1,1,1783471432
2026-07-08T00:44:24Z,523,5,1,17,1,0,1,1,1,1783470626
2026-07-08T00:44:24Z,524,13,0,10,0,0,1,1,1,1783471213
2026-07-08T00:44:24Z,525,9,0,10,0,0,1,1,1,1783470243
2026-07-08T00:44:24Z,526,6,1,7,2,0,1,1,1,1783471261
2026-07-08T00:44:24Z,527,4,4,21,1,0,1,1,1,1783470602
2026-07-08T00:44:24Z,528,10,1,12,1,0,1,1,1,1783471260
2026-07-08T00:44:24Z,529,6,4,6,7,0,1,1,1,1783471388
2026-07-08T00:44:24Z,530,15,2,5,1,0,1,1,1,1783471188
2026-07-08T00:44:24Z,531,13,1,8,1,1,1,1,1,1783471455
2026-07-08T00:44:24Z,532,3,2,27,1,0,1,1,1,1783470646
2026-07-08T00:44:24Z,533,7,0,10,2,0,1,1,1,1783470448
2026-07-08T00:44:24Z,534,0,0,21,2,0,1,1,1,1783470487
2026-07-08T00:44:24Z,535,2,1,12,1,0,1,1,1,1783471270
2026-07-08T00:44:24Z,536,9,2,14,0,0,1,1,1,1783471146
2026-07-08T00:44:24Z,537,4,1,17,0,0,1,1,1,1783471076
2026-07-08T00:44:24Z,538,10,4,9,0,0,1,1,1,1783471291
2026-07-08T00:44:24Z,539,9,8,21,1,0,1,1,1,1783471278
2026-07-08T00:44:24Z,540,0,0,19,0,0,1,1,1,1783471451
2026-07-08T00:44:24Z,541,10,1,17,0,0,1,1,1,1783471398
2026-07-08T00:44:24Z,542,4,4,19,0,0,1,1,1,1783471093
2026-07-08T00:44:24Z,543,10,1,8,1,0,1,1,1,1783471265
2026-07-08T00:44:24Z,544,16,1,5,1,0,1,1,1,1783470719
2026-07-08T00:44:24Z,545,13,0,1,5,0,1,1,1,1783471357
2026-07-08T00:44:24Z,546,5,3,13,1,0,1,1,1,1783470517
2026-07-08T00:44:24Z,547,2,1,20,1,0,1,1,1,1783471328
2026-07-08T00:44:24Z,548,12,0,9,2,0,1,1,1,1783471413
2026-07-08T00:44:24Z,549,2,0,19,0,0,1,1,1,1783471226
2026-07-08T00:44:24Z,550,1,1,18,0,0,1,1,1,1783471440
2026-07-08T00:44:24Z,551,19,5,4,0,0,1,1,1,1783470946
2026-07-08T00:44:24Z,552,24,2,3,0,0,1,1,1,1783471232
2026-07-08T00:44:24Z,553,10,1,11,2,0,1,1,1,1783471443
2026-07-08T00:44:24Z,554,0,0,19,0,0,1,1,1,1783468615
2026-07-08T00:44:24Z,555,11,4,3,1,0,1,1,1,1783471387
2026-07-08T00:44:24Z,556,2,0,20,1,0,1,1,1,1783470497
2026-07-08T00:44:24Z,557,5,1,16,2,0,1,1,1,1783471458
2026-07-08T00:44:24Z,558,6,1,30,1,0,1,1,1,1783471453
2026-07-08T00:44:24Z,559,0,0,18,1,0,1,1,1,1783464953
2026-07-08T00:44:24Z,560,19,0,7,1,0,1,1,1,1783471285
2026-07-08T00:44:24Z,561,11,1,11,1,0,1,1,1,1783471324
2026-07-08T00:44:24Z,562,24,2,9,2,0,1,1,1,1783471458
2026-07-08T00:44:24Z,563,4,0,9,1,0,1,1,1,1783471157
2026-07-08T00:44:24Z,564,14,1,5,0,0,1,1,1,1783470196
2026-07-08T00:44:24Z,565,3,0,16,0,0,1,1,1,1783470950
2026-07-08T00:44:24Z,566,18,0,0,1,0,1,1,1,1783471415
2026-07-08T00:44:24Z,567,22,1,4,1,0,1,1,1,1783471048
2026-07-08T00:44:24Z,568,17,1,1,1,0,1,1,1,1783471439
2026-07-08T00:44:24Z,569,13,1,6,0,0,1,1,1,1783471426
2026-07-08T00:44:24Z,570,10,1,8,1,0,1,1,1,1783471407
2026-07-08T00:44:24Z,571,13,0,10,0,0,1,1,1,1783471110
2026-07-08T00:44:24Z,572,5,0,14,0,0,1,1,1,1783470867
2026-07-08T00:44:24Z,573,4,0,10,1,0,1,1,1,1783470569
2026-07-08T00:44:24Z,574,0,0,14,1,0,1,1,1,1783470371
2026-07-08T00:44:24Z,575,1,0,20,0,0,1,1,1,1783470878
2026-07-08T00:44:24Z,576,1,1,18,0,0,1,1,1,1783470820
2026-07-08T00:44:24Z,577,13,0,18,0,0,1,1,1,1783471147
2026-07-08T00:44:24Z,578,7,3,16,0,0,1,1,1,1783471142
2026-07-08T00:44:24Z,579,40,0,3,0,0,1,1,1,1783470717
2026-07-08T00:44:24Z,580,1,0,29,1,0,1,1,1,1783471450
2026-07-08T00:44:24Z,581,3,0,15,1,0,1,1,1,1783471344
2026-07-08T00:44:24Z,582,3,1,55,2,0,1,1,1,1783471221
2026-07-08T00:44:24Z,583,20,0,1,2,0,1,1,1,1783471446
2026-07-08T00:44:24Z,584,1,1,13,5,0,1,1,1,1783470651
2026-07-08T00:44:24Z,585,15,0,11,0,0,1,1,1,1783471398
2026-07-08T00:44:24Z,586,0,0,34,1,0,1,1,1,1783471335
2026-07-08T00:44:24Z,587,4,0,19,2,0,1,1,1,1783471434
2026-07-08T00:44:24Z,588,1,0,18,0,0,1,1,1,1783467544
2026-07-08T00:44:24Z,589,20,10,2,1,0,1,1,1,1783470700
2026-07-08T00:44:24Z,590,4,0,27,0,0,1,1,1,1783471018
2026-07-08T00:44:24Z,591,1,0,19,2,0,1,1,1,1783471017
2026-07-08T00:44:24Z,592,4,0,19,0,0,1,1,1,1783471343
2026-07-08T00:44:24Z,593,0,0,39,0,0,1,1,1,1783470824
2026-07-08T00:44:24Z,594,0,0,20,1,0,1,1,1,1783470710
2026-07-08T00:44:24Z,595,0,0,3,0,0,0,1,1,1779985765
2026-07-08T00:44:24Z,605,0,0,3,0,0,0,1,1,1780413752
2026-07-08T00:44:24Z,606,0,0,0,0,0,0,1,1,86400
2026-07-08T00:44:24Z,607,7,0,26,0,0,1,1,1,1783471450
2026-07-08T00:44:24Z,608,0,0,51,1,0,1,1,1,1783471332
2026-07-08T00:44:24Z,609,3,1,20,0,0,1,1,1,1783471427
2026-07-08T00:44:24Z,610,0,0,35,0,0,1,1,1,1783470498
2026-07-08T00:44:24Z,611,0,0,25,2,0,1,1,1,1783470923
2026-07-08T00:44:24Z,612,1,0,14,0,0,1,1,1,1783469410
2026-07-08T00:44:24Z,613,12,3,2,1,0,1,1,1,1783466858
2026-07-08T00:44:24Z,614,1,1,24,1,1,1,1,1,1783470402
2026-07-08T00:44:24Z,617,12,0,2,1,0,1,1,1,1783471390
2026-07-08T00:44:24Z,618,16,4,1,2,0,1,1,1,1783470334
2026-07-08T00:44:24Z,619,18,5,1,0,0,1,1,1,1783471243
2026-07-08T00:44:24Z,620,1,0,21,1,0,1,1,1,1783471280
2026-07-08T00:44:24Z,621,6,1,17,0,0,1,1,1,1783471372
2026-07-08T00:44:24Z,622,4,3,18,1,0,1,1,1,1783471445
2026-07-08T00:44:24Z,623,4,1,23,2,1,1,1,1,1783471365
2026-07-08T00:44:24Z,624,4,0,10,0,1,1,1,1,1783469943
2026-07-08T00:44:24Z,625,0,0,18,3,0,1,1,1,1783471439
2026-07-08T00:44:24Z,626,0,0,43,1,2,1,1,1,1783471212
2026-07-08T00:44:24Z,627,4,1,13,0,0,1,1,1,1783471302
2026-07-08T00:44:24Z,628,0,0,17,1,1,1,1,1,1783470928
2026-07-08T00:44:24Z,629,8,6,2,1,0,1,1,1,1783471088
2026-07-08T00:44:24Z,630,22,0,2,3,0,1,1,1,1783471024
2026-07-08T00:44:24Z,631,0,0,23,0,0,1,1,1,1783471027
2026-07-08T00:44:24Z,632,19,0,2,2,0,1,1,1,1783471248
2026-07-08T00:44:24Z,633,12,0,0,2,1,1,1,1,1783470515
2026-07-08T00:44:24Z,634,13,0,5,1,0,1,1,1,1783470778
2026-07-08T00:44:24Z,635,13,1,5,1,0,1,1,1,1783471377
2026-07-08T00:44:24Z,636,6,0,9,0,0,1,1,1,1783470196
2026-07-08T00:44:24Z,637,11,4,7,1,0,1,1,1,1783470739
2026-07-08T00:44:24Z,638,1,1,16,2,0,1,1,1,1783470510
2026-07-08T00:44:24Z,639,0,0,0,3,16,0,1,1,1782287204
2026-07-08T00:44:24Z,640,0,0,22,1,0,1,1,1,1783467951
2026-07-08T00:44:24Z,641,18,1,9,0,0,1,1,1,1783471439
2026-07-08T00:44:24Z,642,4,1,13,2,0,1,1,1,1783471332
2026-07-08T00:44:24Z,643,0,0,27,0,0,1,1,1,1783468938
2026-07-08T00:44:24Z,644,5,0,4,5,1,1,1,1,1783471370
2026-07-08T00:44:24Z,645,5,0,16,1,1,1,1,1,1783471116
2026-07-08T00:44:24Z,646,12,1,4,3,0,1,1,1,1783471104
2026-07-08T00:44:24Z,647,24,3,6,1,0,1,1,1,1783471120
2026-07-08T00:44:24Z,648,15,2,1,3,0,1,1,1,1783471425
2026-07-08T00:44:24Z,649,2,2,27,2,0,1,1,1,1783471405
2026-07-08T00:44:24Z,650,5,2,10,1,0,1,1,1,1783469943
2026-07-08T00:44:24Z,651,1,0,21,1,0,1,1,1,1783471175
2026-07-08T00:44:24Z,652,0,0,20,3,0,1,1,1,1783471301
2026-07-08T00:44:24Z,653,9,1,6,4,0,1,1,1,1783471173
2026-07-08T00:44:24Z,654,3,1,11,1,0,1,1,1,1783471345
2026-07-08T00:44:24Z,655,7,1,7,0,0,1,1,1,1783467692
2026-07-08T00:44:24Z,656,19,1,0,0,0,1,1,1,1783471388
2026-07-08T00:44:24Z,657,10,3,6,1,0,1,1,1,1783468142
2026-07-08T00:44:24Z,658,1,0,22,0,0,1,1,1,1783470048
2026-07-08T00:44:24Z,659,2,1,13,0,0,1,1,1,1783468742
2026-07-08T00:44:24Z,660,23,2,7,1,0,1,1,1,1783471457
2026-07-08T00:44:24Z,661,0,0,15,4,0,1,1,1,1783471291
2026-07-08T00:44:24Z,662,3,0,19,1,0,1,1,1,1783471190
2026-07-08T00:44:24Z,663,14,2,0,0,0,1,1,1,1783470965
2026-07-08T00:44:24Z,664,15,0,12,0,0,1,1,1,1783470951
2026-07-08T00:44:24Z,665,3,1,12,0,0,1,1,1,1783471323
2026-07-08T00:44:24Z,666,6,1,9,0,0,1,1,1,1783470228
2026-07-08T00:44:24Z,667,13,1,2,2,0,1,1,1,1783471435
2026-07-08T00:44:24Z,668,10,2,8,1,0,1,1,1,1783470738
2026-07-08T00:44:24Z,669,14,4,0,0,0,1,1,1,1783471190
2026-07-08T00:44:24Z,670,15,1,7,5,0,1,1,1,1783471271
2026-07-08T00:44:24Z,671,24,0,2,1,0,1,1,1,1783471383
2026-07-08T00:44:24Z,672,14,0,4,5,0,1,1,1,1783471192
2026-07-08T00:44:24Z,673,7,0,15,0,0,1,1,1,1783471450
2026-07-08T00:44:24Z,674,2,1,19,2,0,1,1,1,1783471459
2026-07-08T00:44:24Z,675,4,2,9,2,0,1,1,1,1783471343
2026-07-08T00:44:24Z,676,12,1,9,1,1,1,1,1,1783471455
2026-07-08T00:44:24Z,681,4,1,6,5,0,1,1,1,1783471438
2026-07-08T00:44:24Z,682,9,5,9,1,0,1,1,1,1783446478
2026-07-08T00:44:24Z,683,11,1,8,0,0,1,1,1,1783468133
2026-07-08T00:44:24Z,684,9,3,16,2,0,1,1,1,1783466614
2026-07-08T00:44:24Z,685,3,2,23,0,1,1,1,1,1783467432
2026-07-08T00:44:24Z,686,12,2,13,1,1,1,1,1,1783471263
2026-07-08T00:44:24Z,687,5,1,22,3,1,1,1,1,1783471431
2026-07-08T00:44:24Z,688,17,2,1,1,0,1,1,1,1783465995
2026-07-08T00:44:24Z,692,15,14,5,1,0,1,1,1,1783471373
2026-07-08T00:44:24Z,693,9,4,2,0,0,1,1,1,1783470048
2026-07-08T00:44:24Z,694,7,7,11,3,0,1,1,1,1783470227
2026-07-08T00:44:24Z,695,8,4,13,2,0,1,1,1,1783471350
2026-07-08T00:44:24Z,696,22,17,0,1,0,1,1,1,1783470893
2026-07-08T00:44:24Z,697,11,0,12,0,0,1,1,1,1783471256
2026-07-08T00:44:24Z,698,6,0,20,1,0,1,1,1,1783471341
2026-07-08T00:44:24Z,699,2,1,11,2,0,1,1,1,1783470181
2026-07-08T00:44:24Z,700,12,1,7,0,0,1,1,1,1783470255
2026-07-08T00:44:24Z,701,2,0,17,0,0,1,1,1,1783471360
2026-07-08T00:44:24Z,702,0,0,22,1,0,1,1,1,1783470547
2026-07-08T00:44:24Z,703,11,2,12,0,0,1,1,1,1783460353
2026-07-08T00:44:24Z,704,8,0,7,0,0,1,1,1,1783471174
2026-07-08T00:44:24Z,705,0,0,11,4,0,1,1,1,1783470935
2026-07-08T00:44:24Z,706,4,2,10,1,0,1,1,1,1783470238
2026-07-08T00:44:24Z,707,10,3,3,2,0,1,1,1,1783471438
2026-07-08T00:44:24Z,708,5,0,14,0,0,1,1,1,1783471290
2026-07-08T00:44:24Z,709,13,2,1,1,0,1,1,1,1783471443
2026-07-08T00:44:24Z,710,10,2,9,0,0,1,1,1,1783471372
2026-07-08T00:44:24Z,711,6,4,7,6,0,1,1,1,1783470851
2026-07-08T00:44:24Z,712,13,3,1,1,0,1,1,1,1783470607
2026-07-08T00:44:24Z,713,20,9,1,2,0,1,1,1,1783470391
2026-07-08T00:44:24Z,716,2,0,13,0,0,1,1,1,1783471073
2026-07-08T00:44:24Z,717,1,1,17,7,0,1,1,1,1783470363
2026-07-08T00:44:24Z,718,0,0,15,0,0,1,1,1,1783470095
2026-07-08T00:44:24Z,719,17,1,12,0,0,1,1,1,1783470334
2026-07-08T00:44:24Z,720,0,0,17,2,0,1,1,1,1783470171
2026-07-08T00:44:24Z,721,8,1,14,1,0,1,1,1,1783471425
2026-07-08T00:44:24Z,722,14,1,0,1,0,1,1,1,1783470260
2026-07-08T00:44:24Z,723,2,2,16,5,0,1,1,1,1783470350
2026-07-08T00:44:24Z,724,6,2,17,0,0,1,1,1,1783470333
2026-07-08T00:44:24Z,725,21,0,2,0,0,1,1,1,1783471381
2026-07-08T00:44:24Z,726,6,1,11,2,0,1,1,1,1783471088
2026-07-08T00:44:24Z,727,10,0,12,1,0,1,1,1,1783470315
2026-07-08T00:44:24Z,728,5,0,6,4,0,1,1,1,1783470158
2026-07-08T00:44:24Z,729,9,0,10,0,0,1,1,1,1783471059
2026-07-08T00:44:24Z,730,5,0,10,0,0,1,1,1,1783471391
2026-07-08T00:44:24Z,731,1,1,14,0,0,1,1,1,1783470227
2026-07-08T00:44:24Z,732,5,1,10,0,0,1,1,1,1783471300
2026-07-08T00:44:24Z,733,18,2,9,0,0,1,1,1,1783471299
2026-07-08T00:44:24Z,734,7,1,7,0,0,1,1,1,1783470085
2026-07-08T00:44:24Z,735,1,1,26,0,0,1,1,1,1783471421
2026-07-08T00:44:24Z,736,6,5,12,1,0,1,1,1,1783470953
2026-07-08T00:44:24Z,737,3,2,11,1,0,1,1,1,1783470180
2026-07-08T00:44:24Z,738,9,0,9,1,0,1,1,1,1783470261
2026-07-08T00:44:24Z,739,8,3,15,4,0,1,1,1,1783470448
2026-07-08T00:44:24Z,741,10,2,11,2,0,1,1,1,1783470327
2026-07-08T00:44:24Z,742,4,4,32,3,0,1,1,1,1783471218
2026-07-08T00:44:24Z,743,9,4,10,0,0,1,1,1,1783470771
2026-07-08T00:44:24Z,744,3,1,11,1,0,1,1,1,1783471075
2026-07-08T00:44:24Z,745,12,4,6,1,0,1,1,1,1783470507
2026-07-08T00:44:24Z,746,13,3,9,1,0,1,1,1,1783471037
2026-07-08T00:44:24Z,747,0,0,19,0,0,0,1,1,1783446606
2026-07-08T00:44:24Z,748,13,3,9,1,0,1,1,1,1783470379
2026-07-08T00:44:24Z,749,10,0,13,0,0,1,1,1,1783471338
2026-07-08T00:44:24Z,750,0,0,8,3,0,1,1,1,1783470121
2026-07-08T00:44:24Z,751,2,0,21,0,0,1,1,1,1783471441
2026-07-08T00:44:24Z,752,2,1,13,2,0,1,1,1,1783470695
2026-07-08T00:44:24Z,753,5,0,8,2,0,1,1,1,1783471085
2026-07-08T00:44:24Z,754,4,3,10,1,0,1,1,1,1783471037
2026-07-08T00:44:24Z,755,3,0,14,2,0,1,1,1,1783471127
2026-07-08T00:44:24Z,756,1,0,35,1,0,1,1,1,1783471341
2026-07-08T00:44:24Z,757,1,1,18,0,0,1,1,1,1783471327
2026-07-08T00:44:24Z,758,7,2,16,0,0,1,1,1,1783470682
2026-07-08T00:44:24Z,759,1,0,13,1,0,1,1,1,1783470208
2026-07-08T00:44:24Z,760,6,1,12,1,0,1,1,1,1783470225
2026-07-08T00:44:24Z,761,6,1,17,0,0,1,1,1,1783470877
2026-07-08T00:44:24Z,762,5,4,7,3,0,1,1,1,1783470337
2026-07-08T00:44:24Z,768,7,0,8,4,0,1,1,1,1783471433
2026-07-08T00:44:24Z,769,17,7,0,1,0,1,1,1,1783470760
2026-07-08T00:44:24Z,770,4,0,15,0,0,1,1,1,1783470078
2026-07-08T00:44:24Z,771,10,0,5,0,0,1,1,1,1783470125
2026-07-08T00:44:24Z,772,8,3,7,0,0,1,1,1,1783470140
2026-07-08T00:44:24Z,773,12,4,6,1,0,1,1,1,1783471012
2026-07-08T00:44:24Z,774,1,0,12,2,0,1,1,1,1783470945
2026-07-08T00:44:24Z,775,12,3,4,3,0,1,1,1,1783471335
2026-07-08T00:44:24Z,776,4,0,16,1,0,1,1,1,1783471397
2026-07-08T00:44:24Z,777,8,1,6,1,0,1,1,1,1783471435
2026-07-08T00:44:24Z,778,11,0,6,2,0,1,1,1,1783471448
2026-07-08T00:44:24Z,779,11,3,7,1,0,1,1,1,1783470530
2026-07-08T00:44:24Z,780,9,2,8,2,0,1,1,1,1783471214
2026-07-08T00:44:24Z,781,2,0,5,4,0,1,1,1,1783471406
2026-07-08T00:44:24Z,782,2,0,15,2,0,1,1,1,1783471322
2026-07-08T00:44:24Z,783,9,5,8,2,0,1,1,1,1783470287
2026-07-08T00:44:24Z,784,16,1,2,1,0,1,1,1,1783470285
2026-07-08T00:44:24Z,785,10,6,4,4,0,1,1,1,1783471134
2026-07-08T00:44:24Z,786,5,1,12,2,0,1,1,1,1783470291
2026-07-08T00:44:24Z,787,4,1,10,1,0,1,1,1,1783470122
2026-07-08T00:44:24Z,788,6,0,9,0,0,1,1,1,1783470160
2026-07-08T00:44:24Z,789,10,0,2,3,0,1,1,1,1783470107
2026-07-08T00:44:24Z,790,1,0,21,1,0,1,1,1,1783471414
2026-07-08T00:44:24Z,791,7,0,12,0,0,1,1,1,1783470221
2026-07-08T00:44:24Z,793,9,2,3,3,0,1,1,1,1783471312
2026-07-08T00:44:24Z,794,0,0,29,0,0,1,1,1,1783471245
2026-07-08T00:44:24Z,796,1,0,15,3,0,1,1,1,1783470256
2026-07-08T00:44:24Z,797,4,0,10,1,0,1,1,1,1783470957
2026-07-08T00:44:24Z,798,1,0,23,1,0,1,1,1,1783471396
2026-07-08T00:44:24Z,799,2,0,16,1,0,1,1,1,1783471018
2026-07-08T00:44:24Z,800,10,0,11,0,0,1,1,1,1783471205
2026-07-08T00:44:24Z,801,0,0,21,0,0,1,1,1,1783470304
2026-07-08T00:44:24Z,802,1,0,29,1,0,1,1,1,1783471204
2026-07-08T00:44:24Z,803,2,2,13,0,0,1,1,1,1783470187
2026-07-08T00:44:24Z,806,6,3,5,4,0,1,1,1,1783471424
2026-07-08T00:44:24Z,807,2,2,23,0,0,1,1,1,1783471351
2026-07-08T00:44:24Z,808,1,1,22,2,0,1,1,1,1783469208
2026-07-08T00:44:24Z,809,4,1,18,1,0,1,1,1,1783470348
2026-07-08T00:44:24Z,810,3,2,13,3,0,1,1,1,1783470225
2026-07-08T00:44:24Z,815,6,2,8,1,0,1,1,1,1783471458
2026-07-08T00:44:24Z,817,4,0,1,10,0,1,1,1,1783470812
2026-07-08T00:44:24Z,818,5,1,17,1,0,1,1,1,1783470339
2026-07-08T00:44:24Z,819,2,1,10,3,0,1,1,1,1783470147
2026-07-08T00:44:24Z,820,8,0,8,1,0,1,1,1,1783470411
2026-07-08T00:44:24Z,821,9,6,4,2,0,1,1,1,1783471128
2026-07-08T00:44:24Z,822,2,0,21,0,0,1,1,1,1783471441
2026-07-08T00:44:24Z,823,14,0,0,1,0,1,1,1,1783471079
2026-07-08T00:44:24Z,824,4,3,7,8,0,1,1,1,1783471334
2026-07-08T00:44:24Z,825,7,1,8,0,0,1,1,1,1783470139
2026-07-08T00:44:24Z,826,7,0,11,1,0,1,1,1,1783470148
2026-07-08T00:44:24Z,827,6,0,13,2,0,1,1,1,1783470977
2026-07-08T00:44:24Z,828,3,3,14,1,0,1,1,1,1783471234
2026-07-08T00:44:24Z,829,7,2,18,2,0,1,1,1,1783470366
2026-07-08T00:44:24Z,830,11,0,11,1,0,1,1,1,1783470356
2026-07-08T00:44:24Z,831,2,1,13,0,0,1,1,1,1783470079
2026-07-08T00:44:24Z,832,15,3,1,2,0,1,1,1,1783470211
2026-07-08T00:44:24Z,833,6,3,11,2,0,1,1,1,1783470171
2026-07-08T00:44:24Z,834,19,0,2,3,0,1,1,1,1783471456
2026-07-08T00:44:24Z,835,8,0,10,0,0,1,1,1,1783471449
2026-07-08T00:44:24Z,837,8,1,0,7,0,1,1,1,1783470468
2026-07-08T00:44:24Z,838,4,0,9,2,0,1,1,1,1783471321
2026-07-08T00:44:24Z,839,12,1,17,0,0,1,1,1,1783471158
2026-07-08T00:44:24Z,840,10,5,18,1,0,1,1,1,1783471321
2026-07-08T00:44:24Z,841,8,4,7,0,0,1,1,1,1783469956
2026-07-08T00:44:24Z,842,3,2,19,0,0,1,1,1,1783470315
2026-07-08T00:44:24Z,843,6,0,23,2,0,1,1,1,1783470431
2026-07-08T00:44:24Z,844,12,2,10,1,0,1,1,1,1783470725
2026-07-08T00:44:24Z,845,3,0,15,1,0,1,1,1,1783470214
2026-07-08T00:44:24Z,846,1,0,15,2,0,1,1,1,1783470227
2026-07-08T00:44:24Z,847,1,0,26,0,0,1,1,1,1783470387
2026-07-08T00:44:24Z,848,2,1,17,0,0,1,1,1,1783470530
2026-07-08T00:44:24Z,849,1,1,10,3,0,1,1,1,1783469650
2026-07-08T00:44:24Z,850,4,0,5,2,0,1,1,1,1783470996
2026-07-08T00:44:24Z,851,3,2,33,1,0,1,1,1,1783470557
2026-07-08T00:44:24Z,852,6,2,13,0,0,1,1,1,1783471396
2026-07-08T00:44:24Z,853,12,2,10,1,0,1,1,1,1783470339
2026-07-08T00:44:24Z,854,3,1,12,0,0,1,1,1,1783470233
2026-07-08T00:44:24Z,855,10,1,16,1,0,1,1,1,1783471161
2026-07-08T00:44:24Z,857,1,1,16,2,0,1,1,1,1783470461
2026-07-08T00:44:24Z,858,1,0,16,2,0,1,1,1,1783470215
2026-07-08T00:44:24Z,859,4,0,14,3,0,1,1,1,1783470232
2026-07-08T00:44:24Z,861,1,0,9,1,0,1,1,1,1783470077
2026-07-08T00:44:24Z,862,3,1,12,0,0,1,1,1,1783470103
2026-07-08T00:44:24Z,863,9,3,9,1,0,1,1,1,1783470265
2026-07-08T00:44:24Z,866,7,0,12,0,0,1,1,1,1783470232
2026-07-08T00:44:24Z,867,13,0,1,1,0,1,1,1,1783470080
2026-07-08T00:44:24Z,868,15,4,0,0,0,1,1,1,1783470141
2026-07-08T00:44:24Z,870,11,3,4,0,0,1,1,1,1783470144
2026-07-08T00:44:24Z,871,1,0,9,1,0,1,1,1,1783470079
2026-07-08T00:44:24Z,872,9,2,4,2,0,1,1,1,1783470169
2026-07-08T00:44:24Z,873,0,0,31,2,0,1,1,1,1783470646
2026-07-08T00:44:24Z,874,3,0,11,1,0,1,1,1,1783470556
2026-07-08T00:44:24Z,875,8,3,7,0,0,1,1,1,1783470231
2026-07-08T00:44:24Z,877,5,4,12,2,0,1,1,1,1783470244
2026-07-08T00:44:24Z,878,8,0,11,0,0,1,1,1,1783470255
2026-07-08T00:44:24Z,879,5,1,12,2,0,1,1,1,1783470250
2026-07-08T00:44:24Z,880,12,2,11,0,0,1,1,1,1783470345
2026-07-08T00:44:24Z,881,3,0,13,3,0,1,1,1,1783471332
2026-07-08T00:44:24Z,882,12,4,6,1,0,1,1,1,1783470219
2026-07-08T00:44:24Z,883,11,5,8,0,0,1,1,1,1783470181
2026-07-08T00:44:24Z,884,6,5,14,1,0,1,1,1,1783470307
2026-07-08T00:44:24Z,885,19,1,0,0,0,1,1,1,1783470177
2026-07-08T00:44:24Z,886,6,6,21,2,0,1,1,1,1783471412
2026-07-08T00:44:24Z,887,1,0,15,1,0,1,1,1,1783470124
2026-07-08T00:44:24Z,888,7,0,34,0,0,1,1,1,1783471357
2026-07-08T00:44:24Z,889,18,0,0,1,0,1,1,1,1783470171
2026-07-08T00:44:24Z,890,1,1,14,0,0,1,1,1,1783470188
2026-07-08T00:44:24Z,891,11,1,9,3,0,1,1,1,1783470295
2026-07-08T00:44:24Z,892,13,2,1,1,0,1,1,1,1783470450
2026-07-08T00:44:24Z,895,10,1,9,0,0,1,1,1,1783470168
2026-07-08T00:44:24Z,896,18,0,17,0,0,1,1,1,1783471085
2026-07-08T00:44:24Z,897,10,1,10,1,0,1,1,1,1783470291
2026-07-08T00:44:24Z,898,13,0,6,0,0,1,1,1,1783471103
2026-07-08T00:44:24Z,899,18,0,1,0,0,1,1,1,1783470811
2026-07-08T00:44:24Z,900,27,1,0,0,0,1,1,1,1783470993
2026-07-08T00:44:24Z,901,11,0,8,0,0,1,1,1,1783470996
2026-07-08T00:44:24Z,902,4,1,9,2,0,1,1,1,1783470140
2026-07-08T00:44:24Z,903,3,0,16,0,0,1,1,1,1783470201
2026-07-08T00:44:24Z,904,9,0,7,3,0,1,1,1,1783470223
2026-07-08T00:44:24Z,905,3,0,23,1,0,1,1,1,1783470340
2026-07-08T00:44:24Z,906,9,9,16,2,0,1,1,1,1783471307
2026-07-08T00:44:24Z,907,9,1,21,1,0,1,1,1,1783471269
2026-07-08T00:44:24Z,908,7,3,15,1,0,1,1,1,1783470287
2026-07-08T00:44:24Z,909,17,2,6,0,0,1,1,1,1783471376
2026-07-08T00:44:24Z,910,24,1,6,1,0,1,1,1,1783471214
2026-07-08T00:44:24Z,911,11,0,6,2,0,1,1,1,1783471147
2026-07-08T00:44:24Z,912,21,3,0,2,0,1,1,1,1783471396
2026-07-08T00:44:24Z,913,8,3,11,0,0,1,1,1,1783470186
2026-07-08T00:44:24Z,914,1,0,16,2,0,1,1,1,1783470979
2026-07-08T00:44:24Z,915,21,1,1,1,0,1,1,1,1783471008
2026-07-08T00:44:24Z,916,23,2,0,0,0,1,1,1,1783470618
2026-07-08T00:44:24Z,917,5,1,30,0,0,1,1,1,1783471202
2026-07-08T00:44:24Z,918,8,1,11,0,0,1,1,1,1783470955
2026-07-08T00:44:24Z,919,11,2,27,1,0,1,1,1,1783471375
2026-07-08T00:44:24Z,920,9,4,9,1,0,1,1,1,1783470199
2026-07-08T00:44:24Z,921,17,0,2,2,0,1,1,1,1783470269
2026-07-08T00:44:24Z,922,10,0,11,0,0,1,1,1,1783470337
2026-07-08T00:44:24Z,923,1,0,17,1,0,1,1,1,1783471417
2026-07-08T00:44:24Z,924,6,1,14,1,0,1,1,1,1783470251
2026-07-08T00:44:24Z,925,4,0,15,2,0,1,1,1,1783470026
2026-07-08T00:44:24Z,926,2,0,18,1,0,1,1,1,1783470742
2026-07-08T00:44:24Z,927,0,0,34,0,0,1,1,1,1783470461
2026-07-08T00:44:24Z,928,6,0,13,0,0,1,1,1,1783471197
2026-07-08T00:44:24Z,929,0,0,23,0,0,1,1,1,1783470307
2026-07-08T00:44:24Z,930,20,0,9,2,0,1,1,1,1783471060
2026-07-08T00:44:24Z,931,11,10,12,0,0,1,1,1,1783471146
2026-07-08T00:44:24Z,932,5,0,14,0,0,1,1,1,1783471311
2026-07-08T00:44:24Z,933,16,0,6,1,0,1,1,1,1783471212
2026-07-08T00:44:24Z,934,0,0,31,0,0,1,1,1,1783471239
2026-07-08T00:44:24Z,935,12,0,4,3,0,1,1,1,1783471302
2026-07-08T00:44:24Z,936,1,0,18,0,0,1,1,1,1783470220
2026-07-08T00:44:24Z,940,9,0,2,0,0,1,1,1,1783471410
2026-07-08T00:44:24Z,941,14,2,11,0,0,1,1,1,1783471223
2026-07-08T00:44:24Z,942,3,2,18,0,0,1,1,1,1783471443
2026-07-08T00:44:24Z,943,4,4,10,1,0,1,1,1,1783470093
2026-07-08T00:44:24Z,944,7,7,7,1,0,1,1,1,1783470147
2026-07-08T00:44:24Z,945,6,3,8,1,0,1,1,1,1783470136
2026-07-08T00:44:24Z,946,10,7,9,0,0,1,1,1,1783470174
2026-07-08T00:44:24Z,947,8,6,9,0,0,1,1,1,1783470131
2026-07-08T00:44:24Z,948,6,5,24,1,0,1,1,1,1783471390
2026-07-08T00:44:24Z,949,3,1,11,1,0,1,1,1,1783471444
2026-07-08T00:44:24Z,950,4,1,12,1,0,1,1,1,1783471412
2026-07-08T00:44:24Z,951,6,2,15,2,0,1,1,1,1783471321
2026-07-08T00:44:24Z,952,23,1,25,7,0,1,1,1,1783470996
2026-07-08T00:44:24Z,953,11,0,3,1,0,1,1,1,1783471450
2026-07-08T00:44:24Z,954,14,1,5,0,0,1,1,1,1783470949
2026-07-08T00:44:24Z,955,6,4,16,5,0,1,1,1,1783470522
2026-07-08T00:44:24Z,956,14,1,3,2,0,1,1,1,1783471205
2026-07-08T00:44:24Z,957,29,0,0,0,0,1,1,1,1783471248
2026-07-08T00:44:24Z,958,27,0,1,3,0,1,1,1,1783471457
2026-07-08T00:44:24Z,959,15,6,7,1,0,1,1,1,1783471431
2026-07-08T00:44:24Z,960,22,2,0,1,0,1,1,1,1783470312
2026-07-08T00:44:24Z,961,1,0,18,4,0,1,1,1,1783470342
2026-07-08T00:44:24Z,962,10,6,18,7,0,1,1,1,1783471397
2026-07-08T00:44:24Z,963,17,0,6,0,0,1,1,1,1783471336
2026-07-08T00:44:24Z,964,15,11,7,1,0,1,1,1,1783471434
2026-07-08T00:44:24Z,965,6,2,19,2,0,1,1,1,1783471459
2026-07-08T00:44:24Z,966,22,0,8,1,0,1,1,1,1783471373
2026-07-08T00:44:24Z,967,13,0,5,3,0,1,1,1,1783471057
2026-07-08T00:44:24Z,968,11,0,8,0,0,1,1,1,1783471145
2026-07-08T00:44:24Z,969,18,7,7,2,0,1,1,1,1783470964
2026-07-08T00:44:24Z,970,12,5,6,1,0,1,1,1,1783471431
2026-07-08T00:44:24Z,971,21,1,0,2,0,1,1,1,1783470461
2026-07-08T00:44:24Z,972,18,0,5,0,0,1,1,1,1783471233
2026-07-08T00:44:24Z,973,1,0,21,1,0,1,1,1,1783471440
2026-07-08T00:44:24Z,974,5,1,22,0,0,1,1,1,1783471430
2026-07-08T00:44:24Z,977,0,0,19,2,0,1,1,1,1783470212
2026-07-08T00:44:24Z,978,12,3,11,0,0,1,1,1,1783470915
2026-07-08T00:44:24Z,979,1,0,13,3,0,1,1,1,1783471300
2026-07-08T00:44:24Z,980,2,1,19,0,0,1,1,1,1783471425
2026-07-08T00:44:24Z,981,18,1,2,1,0,1,1,1,1783471164
2026-07-08T00:44:24Z,982,4,1,15,0,0,1,1,1,1783470207
2026-07-08T00:44:24Z,983,0,0,23,0,0,1,1,1,1783470342
2026-07-08T00:44:24Z,984,20,8,0,3,0,1,1,1,1783470348
2026-07-08T00:44:24Z,985,23,0,7,1,0,1,1,1,1783471360
2026-07-08T00:44:24Z,986,9,8,10,0,0,1,1,1,1783470236
2026-07-08T00:44:24Z,987,3,0,19,1,0,1,1,1,1783470311
2026-07-08T00:44:24Z,988,5,0,12,2,0,1,1,1,1783470895
2026-07-08T00:44:24Z,989,14,10,3,2,0,1,1,1,1783470271
2026-07-08T00:44:24Z,990,7,1,7,1,0,1,1,1,1783471379
2026-07-08T00:44:24Z,991,16,9,3,0,0,1,1,1,1783471054
2026-07-08T00:44:24Z,992,4,2,18,1,0,1,1,1,1783470385
2026-07-08T00:44:24Z,993,0,0,25,2,0,1,1,1,1783470371
2026-07-08T00:44:24Z,994,2,0,17,2,0,1,1,1,1783471061
2026-07-08T00:44:24Z,995,0,0,27,0,0,1,1,1,1783470332
2026-07-08T00:44:24Z,996,9,4,12,2,0,1,1,1,1783470363
2026-07-08T00:44:24Z,997,6,2,12,5,0,1,1,1,1783471397
2026-07-08T00:44:24Z,998,4,1,19,0,0,1,1,1,1783470324
2026-07-08T00:44:24Z,999,7,2,12,1,1,1,1,1,1783470313
2026-07-08T00:44:24Z,1000,5,0,15,1,0,1,1,1,1783470253
2026-07-08T00:44:24Z,1001,1,0,26,0,0,1,1,1,1783471152
2026-07-08T00:44:24Z,1002,0,0,31,0,0,1,1,1,1783470387
2026-07-08T00:44:24Z,1003,0,0,23,0,0,1,1,1,1783470298
2026-07-08T00:44:24Z,1004,6,0,17,0,0,1,1,1,1783470956
2026-07-08T00:44:24Z,1005,5,2,17,1,0,1,1,1,1783470303
2026-07-08T00:44:24Z,1006,10,1,9,0,0,1,1,1,1783470224
2026-07-08T00:44:24Z,1007,2,0,18,1,0,1,1,1,1783471001
2026-07-08T00:44:24Z,1008,18,8,5,0,0,1,1,1,1783470335
2026-07-08T00:44:24Z,1009,5,1,24,2,0,1,1,1,1783470463
2026-07-08T00:44:24Z,1010,9,8,18,0,0,1,1,1,1783470375
2026-07-08T00:44:24Z,1011,2,1,15,2,0,1,1,1,1783470218
2026-07-08T00:44:24Z,1012,1,0,21,1,0,1,1,1,1783470310
2026-07-08T00:44:24Z,1013,4,2,18,1,0,1,1,1,1783470323
2026-07-08T00:44:24Z,1014,6,1,15,2,0,1,1,1,1783470297
2026-07-08T00:44:24Z,1015,8,3,23,0,0,1,1,1,1783470403
2026-07-08T00:44:24Z,1016,17,6,13,1,0,1,1,1,1783471298
2026-07-08T00:44:24Z,1017,8,0,12,1,0,1,1,1,1783470273
2026-07-08T00:44:24Z,1018,3,2,13,5,0,1,1,1,1783470304
2026-07-08T00:44:24Z,1019,13,1,1,1,0,1,1,1,1783470157
2026-07-08T00:44:24Z,1020,14,2,7,0,0,1,1,1,1783470269
2026-07-08T00:44:24Z,1021,12,6,3,0,0,1,1,1,1783470171
2026-07-08T00:44:24Z,1022,12,1,15,0,0,1,1,1,1783470741
2026-07-08T00:44:24Z,1023,13,0,10,0,0,1,1,1,1783470358
2026-07-08T00:44:24Z,1024,3,0,16,0,0,1,1,1,1783470286
2026-07-08T00:44:24Z,1025,15,1,4,0,0,1,1,1,1783470224
2026-07-08T00:44:24Z,1026,10,7,20,1,0,1,1,1,1783470418
2026-07-08T00:44:24Z,1028,16,4,7,0,0,1,1,1,1783470340
2026-07-08T00:44:24Z,1029,10,8,2,3,0,1,1,1,1783470169
2026-07-08T00:44:24Z,1030,17,5,6,0,0,1,1,1,1783470362
2026-07-08T00:44:24Z,1031,2,2,16,1,0,1,1,1,1783470225
2026-07-08T00:44:24Z,1032,10,3,9,0,0,1,1,1,1783470229
2026-07-08T00:44:24Z,1033,17,8,1,1,0,1,1,1,1783470269
2026-07-08T00:44:24Z,1034,8,0,7,0,0,1,1,1,1783470156
2026-07-08T00:44:24Z,1035,4,0,14,1,0,1,1,1,1783470826
2026-07-08T00:44:24Z,1036,14,4,1,0,0,1,1,1,1783470169
2026-07-08T00:44:24Z,1037,0,0,19,0,0,1,1,1,1783470215
2026-07-08T00:44:24Z,1038,0,0,15,0,0,1,1,1,1783470145
2026-07-08T00:44:24Z,1039,12,6,7,0,0,1,1,1,1783470236
2026-07-08T00:44:24Z,1040,0,0,18,1,0,1,1,1,1783470234
2026-07-08T00:44:24Z,1041,3,2,16,0,0,1,1,1,1783470213
2026-07-08T00:44:24Z,1042,9,2,6,0,0,1,1,1,1783470154
2026-07-08T00:44:24Z,1043,9,6,10,0,0,1,1,1,1783470234
2026-07-08T00:44:24Z,1044,0,0,15,0,0,1,1,1,1783470143
2026-07-08T00:44:24Z,1045,2,1,17,0,0,1,1,1,1783470222
2026-07-08T00:44:24Z,1046,6,0,6,3,0,1,1,1,1783470832
2026-07-08T00:44:24Z,1047,1,1,19,1,0,1,1,1,1783470243
2026-07-08T00:44:24Z,1048,14,1,5,0,0,1,1,1,1783470205
2026-07-08T00:44:24Z,1049,11,2,10,0,0,1,1,1,1783470280
2026-07-08T00:44:24Z,1050,16,1,3,2,0,1,1,1,1783470502
2026-07-08T00:44:24Z,1051,15,2,5,1,0,1,1,1,1783470285
2026-07-08T00:44:24Z,1052,12,1,10,0,0,1,1,1,1783470316
2026-07-08T00:44:24Z,1053,6,0,9,0,0,1,1,1,1783470161
2026-07-08T00:44:24Z,1054,10,3,5,0,0,1,1,1,1783471281
2026-07-08T00:44:24Z,1055,8,0,11,0,0,1,1,1,1783470220
2026-07-08T00:44:24Z,1057,5,1,14,0,0,1,1,1,1783471437
2026-07-08T00:44:24Z,1058,1,1,54,1,0,1,1,1,1783471113
2026-07-08T00:44:24Z,1059,5,2,14,0,0,1,1,1,1783471030
2026-07-08T00:44:24Z,1060,35,13,2,0,0,1,1,1,1783471322
2026-07-08T00:44:24Z,1061,1,0,36,0,0,1,1,1,1783470706
2026-07-08T00:44:24Z,1062,6,0,11,0,0,1,1,1,1783470128
2026-07-08T00:44:24Z,1063,13,3,4,2,0,1,1,1,1783471193
2026-07-08T00:44:24Z,1064,10,2,13,0,0,1,1,1,1783470296
2026-07-08T00:44:24Z,1065,10,2,11,2,0,1,1,1,1783470341
2026-07-08T00:44:24Z,1066,14,3,7,2,0,1,1,1,1783470361
2026-07-08T00:44:24Z,1067,7,0,13,3,0,1,1,1,1783470314
2026-07-08T00:44:24Z,1068,13,1,9,1,0,1,1,1,1783470306
2026-07-08T00:44:24Z,1069,3,0,19,1,0,1,1,1,1783470336
2026-07-08T00:44:24Z,1070,7,4,15,1,0,1,1,1,1783470313
2026-07-08T00:44:24Z,1071,0,0,22,1,0,1,1,1,1783470301
2026-07-08T00:44:24Z,1072,13,2,8,2,0,1,1,1,1783470346
2026-07-08T00:44:24Z,1073,1,0,25,1,0,1,1,1,1783471293
2026-07-08T00:44:24Z,1074,44,1,5,4,0,1,1,1,1783471259
2026-07-08T00:44:24Z,1075,10,9,11,0,0,1,1,1,1783470278
2026-07-08T00:44:24Z,1076,15,11,6,0,0,1,1,1,1783471362
2026-07-08T00:44:24Z,1077,10,9,11,0,0,1,1,1,1783470274
2026-07-08T00:44:24Z,1078,2,0,19,0,0,1,1,1,1783471111
2026-07-08T00:44:24Z,1079,10,8,11,0,0,1,1,1,1783470266
2026-07-08T00:44:24Z,1080,10,8,11,0,0,1,1,1,1783470296
2026-07-08T00:44:24Z,1081,13,10,6,0,0,1,1,1,1783471065
2026-07-08T00:44:24Z,1082,13,11,10,0,0,1,1,1,1783470248
2026-07-08T00:44:24Z,1083,11,8,10,0,0,1,1,1,1783470283
2026-07-08T00:44:24Z,1084,9,7,12,0,0,1,1,1,1783470347
2026-07-08T00:44:24Z,1085,10,9,11,0,0,1,1,1,1783470361
2026-07-08T00:44:24Z,1086,8,6,13,0,0,1,1,1,1783471275
2026-07-08T00:44:24Z,1087,9,9,6,0,0,1,1,1,1783470516
2026-07-08T00:44:24Z,1088,6,4,9,0,0,1,1,1,1783470195
2026-07-08T00:44:24Z,1089,11,9,4,0,0,1,1,1,1783470993
2026-07-08T00:44:24Z,1090,9,8,6,0,0,1,1,1,1783470164
2026-07-08T00:44:24Z,1091,10,8,5,0,0,1,1,1,1783470167
2026-07-08T00:44:24Z,1092,7,6,8,0,0,1,1,1,1783470201
2026-07-08T00:44:24Z,1093,9,7,6,0,0,1,1,1,1783470173
2026-07-08T00:44:24Z,1094,12,9,7,0,0,1,1,1,1783470205
2026-07-08T00:44:24Z,1095,8,6,7,0,0,1,1,1,1783470105
2026-07-08T00:44:24Z,1096,10,7,9,0,0,1,1,1,1783470256
2026-07-08T00:44:24Z,1097,9,9,6,0,0,1,1,1,1783470186
2026-07-08T00:44:24Z,1098,8,6,11,0,0,1,1,1,1783470231
2026-07-08T00:44:24Z,1099,10,8,5,0,0,1,1,1,1783470167
2026-07-08T00:44:24Z,1100,9,5,18,2,0,1,1,1,1783470404
2026-07-08T00:44:24Z,1101,12,7,8,1,0,1,1,1,1783470295
2026-07-08T00:44:24Z,1102,9,4,4,0,0,1,1,1,1783470112
2026-07-08T00:44:24Z,1103,10,5,9,2,0,1,1,1,1783470279
2026-07-08T00:44:24Z,1104,9,5,12,0,0,1,1,1,1783470293
2026-07-08T00:44:24Z,1105,6,2,5,2,0,1,1,1,1783471057
2026-07-08T00:44:24Z,1106,10,5,10,1,0,1,1,1,1783470276
2026-07-08T00:44:24Z,1107,9,4,5,1,0,1,1,1,1783470148
2026-07-08T00:44:24Z,1108,4,2,20,3,0,1,1,1,1783470347
2026-07-08T00:44:24Z,1109,10,5,5,0,0,1,1,1,1783470151
2026-07-08T00:44:24Z,1110,12,1,9,0,0,1,1,1,1783470806
2026-07-08T00:44:24Z,1111,5,0,16,0,0,1,1,1,1783470263
2026-07-08T00:44:24Z,1112,2,0,51,0,0,1,1,1,1783471433
2026-07-08T00:44:24Z,1113,2,2,19,0,0,1,1,1,1783470192
2026-07-08T00:44:24Z,1115,9,0,12,2,0,1,1,1,1783470559
2026-07-08T00:44:24Z,1116,1,0,18,0,0,1,1,1,1783470213
2026-07-08T00:44:24Z,1117,4,2,19,0,0,1,1,1,1783471150
2026-07-08T00:44:24Z,1118,17,0,4,0,0,1,1,1,1783470294
2026-07-08T00:44:24Z,1119,4,1,12,1,0,1,1,1,1783470953
2026-07-08T00:44:24Z,1120,14,1,2,3,0,1,1,1,1783471057
2026-07-08T00:44:24Z,1121,4,1,17,0,0,1,1,1,1783471441
2026-07-08T00:44:24Z,1122,6,2,14,1,0,1,1,1,1783471361
2026-07-08T00:44:24Z,1123,3,0,18,2,0,1,1,1,1783471200
2026-07-08T00:44:24Z,1124,10,0,4,1,0,1,1,1,1783471454
2026-07-08T00:44:24Z,1125,16,0,7,0,0,1,1,1,1783471091
2026-07-08T00:44:24Z,1126,6,0,14,1,0,1,1,1,1783471371
2026-07-08T00:44:24Z,1127,9,1,9,1,0,1,1,1,1783471384
2026-07-08T00:44:24Z,1128,13,2,1,1,0,1,1,1,1783470625
2026-07-08T00:44:24Z,1129,7,2,14,0,0,1,1,1,1783470395
2026-07-08T00:44:24Z,1130,13,0,1,1,0,1,1,1,1783470143
2026-07-08T00:44:24Z,1131,0,0,49,0,0,1,1,1,1783470717
2026-07-08T00:44:24Z,1132,11,0,8,2,0,1,1,1,1783470247
2026-07-08T00:44:24Z,1133,7,3,13,1,0,1,1,1,1783471264
2026-07-08T00:44:24Z,1134,10,4,8,1,0,1,1,1,1783471217
2026-07-08T00:44:24Z,1135,13,7,8,0,0,1,1,1,1783470270
2026-07-08T00:44:24Z,1136,22,0,0,1,0,1,1,1,1783470503
2026-07-08T00:44:24Z,1137,1,1,14,0,0,1,1,1,1783470840
2026-07-08T00:44:24Z,1138,19,0,0,0,0,1,1,1,1783470249
2026-07-08T00:44:24Z,1139,10,0,11,0,0,1,1,1,1783470663
2026-07-08T00:44:24Z,1140,17,3,4,2,0,1,1,1,1783471456
2026-07-08T00:44:24Z,1141,2,2,17,2,0,1,1,1,1783470872
2026-07-08T00:44:24Z,1142,5,0,16,0,0,1,1,1,1783470278
2026-07-08T00:44:24Z,1143,13,0,15,1,0,1,1,1,1783471431
2026-07-08T00:44:24Z,1144,3,1,17,1,0,1,1,1,1783400779
2026-07-08T00:44:24Z,1145,6,2,11,3,0,1,1,1,1783471020
2026-07-08T00:44:24Z,1146,6,0,13,0,0,1,1,1,1783471458
2026-07-08T00:44:24Z,1147,9,2,10,0,0,1,1,1,1783471382
2026-07-08T00:44:24Z,1148,9,1,21,1,0,1,1,1,1783471377
2026-07-08T00:44:24Z,1149,4,4,20,1,0,1,1,1,1783471166
2026-07-08T00:44:24Z,1150,15,1,3,1,0,1,1,1,1783471137
2026-07-08T00:44:24Z,1151,1,0,19,1,0,1,1,1,1783471281
2026-07-08T00:44:24Z,1152,11,0,16,2,0,1,1,1,1783470364
2026-07-08T00:44:24Z,1153,14,0,8,1,0,1,1,1,1783470994
2026-07-08T00:44:24Z,1154,1,0,16,2,0,1,1,1,1783470185
2026-07-08T00:44:24Z,1155,16,4,3,2,0,1,1,1,1783471440
2026-07-08T00:44:24Z,1158,9,0,10,0,0,1,1,1,1783470218
2026-07-08T00:44:24Z,1159,7,5,12,0,0,1,1,1,1783470294
2026-07-08T00:44:24Z,1160,12,2,6,1,0,1,1,1,1783470958
2026-07-08T00:44:24Z,1161,8,2,11,0,0,1,1,1,1783470250
2026-07-08T00:44:24Z,1162,12,4,6,1,0,1,1,1,1783471413
2026-07-08T00:44:24Z,1163,2,2,17,0,0,1,1,1,1783470200
2026-07-08T00:44:24Z,1164,8,0,11,0,0,1,1,1,1783471298
2026-07-08T00:44:24Z,1165,3,1,17,1,0,1,1,1,1783470244
2026-07-08T00:44:24Z,1166,2,0,18,0,0,1,1,1,1783470827
2026-07-08T00:44:24Z,1167,13,2,2,0,0,1,1,1,1783470140
2026-07-08T00:44:24Z,1168,1,1,22,0,0,1,1,1,1783470353
2026-07-08T00:44:24Z,1169,3,2,15,1,0,1,1,1,1783470216
2026-07-08T00:44:24Z,1170,7,4,14,0,0,1,1,1,1783471459
2026-07-08T00:44:24Z,1171,16,14,6,1,0,1,1,1,1783470345
2026-07-08T00:44:24Z,1172,9,3,4,2,0,1,1,1,1783470162
2026-07-08T00:44:24Z,1173,1,1,17,1,0,1,1,1,1783471313
2026-07-08T00:44:24Z,1174,2,1,12,1,0,1,1,1,1783470144
2026-07-08T00:44:24Z,1175,6,0,13,0,0,1,1,1,1783471263
2026-07-08T00:44:24Z,1176,19,5,2,0,0,1,1,1,1783470254
2026-07-08T00:44:24Z,1177,11,2,10,0,0,1,1,1,1783470246
2026-07-08T00:44:24Z,1178,4,0,9,2,0,1,1,1,1783470271
2026-07-08T00:44:24Z,1181,14,1,1,0,0,1,1,1,1783469544
2026-07-08T00:44:24Z,1182,0,0,20,0,0,1,1,1,1783471447
2026-07-08T00:44:24Z,1183,0,0,35,2,0,1,1,1,1783471047
2026-07-08T00:44:24Z,1184,15,6,5,1,0,1,1,1,1783471421
2026-07-08T00:44:24Z,1185,13,6,8,0,0,1,1,1,1783470276
2026-07-08T00:44:24Z,1186,9,5,9,1,0,1,1,1,1783470212
2026-07-08T00:44:24Z,1188,8,4,7,0,0,1,1,1,1783469691
2026-07-08T00:44:24Z,1189,10,5,9,0,0,1,1,1,1783469767
2026-07-08T00:44:24Z,1190,9,5,12,0,0,1,1,1,1783470249
2026-07-08T00:44:24Z,1191,8,4,6,1,0,1,1,1,1783470288
2026-07-08T00:44:24Z,1192,8,4,12,1,0,1,1,1,1783470302
2026-07-08T00:44:24Z,1193,3,1,9,1,0,1,1,1,1783470092
2026-07-08T00:44:24Z,1197,13,3,3,1,0,1,1,1,1783470122
2026-07-08T00:44:24Z,1198,15,9,6,0,0,1,1,1,1783470265
2026-07-08T00:44:24Z,1199,3,3,16,0,0,1,1,1,1783470199
2026-07-08T00:44:24Z,1200,11,4,4,0,0,1,1,1,1783469989
2026-07-08T00:44:24Z,1201,8,4,6,1,0,1,1,1,1783470012
2026-07-08T00:44:24Z,1202,9,5,6,0,0,1,1,1,1783469979
2026-07-08T00:44:24Z,1203,8,4,7,0,0,1,1,1,1783470691
2026-07-08T00:44:24Z,1218,7,4,14,0,0,1,1,1,1783470295
2026-07-08T00:44:24Z,1224,0,0,3,0,0,0,1,1,1781869449
2026-07-08T00:44:24Z,1225,0,0,3,0,0,0,1,1,1781868919
2026-07-08T00:44:24Z,1226,0,0,3,0,0,0,1,1,1781868931
2026-07-08T00:49:24Z,1,0,0,23,0,0,1,1,1,1783470556
2026-07-08T00:49:24Z,2,15,2,11,1,0,1,1,1,1783471658
2026-07-08T00:49:24Z,3,8,1,10,0,0,1,1,1,1783471749
2026-07-08T00:49:24Z,4,0,0,23,0,0,1,1,1,1783471730
2026-07-08T00:49:24Z,5,8,6,11,4,0,1,1,1,1783471673
2026-07-08T00:49:24Z,6,5,0,10,0,0,1,1,1,1783471519
2026-07-08T00:49:24Z,7,20,0,3,0,0,1,1,1,1783471621
2026-07-08T00:49:24Z,8,40,0,2,1,0,1,1,1,1783471689
2026-07-08T00:49:24Z,9,3,0,19,1,0,1,1,1,1783471644
2026-07-08T00:49:24Z,10,8,3,15,0,0,1,1,1,1783471067
2026-07-08T00:49:24Z,11,1,0,18,0,0,1,1,1,1783470675
2026-07-08T00:49:24Z,12,1,0,22,0,0,1,1,1,1783471163
2026-07-08T00:49:24Z,13,29,0,1,0,0,1,1,1,1783471205
2026-07-08T00:49:24Z,14,41,0,2,0,0,1,1,1,1783471145
2026-07-08T00:49:24Z,15,13,0,1,1,0,1,1,1,1783471559
2026-07-08T00:49:24Z,16,3,2,24,0,0,1,1,1,1783470530
2026-07-08T00:49:24Z,17,23,0,2,2,0,1,1,1,1783471550
2026-07-08T00:49:24Z,18,19,0,0,0,0,1,1,1,1783471262
2026-07-08T00:49:24Z,19,18,2,9,0,0,1,1,1,1783471607
2026-07-08T00:49:24Z,20,14,0,13,0,0,1,1,1,1783471721
2026-07-08T00:49:24Z,21,15,0,3,1,0,1,1,1,1783471752
2026-07-08T00:49:24Z,22,0,0,66,1,0,1,1,1,1783471637
2026-07-08T00:49:24Z,23,8,0,23,0,0,1,1,1,1783471687
2026-07-08T00:49:24Z,24,1,1,9,1,0,1,1,1,1783471752
2026-07-08T00:49:24Z,25,29,0,47,5,0,1,1,1,1783471715
2026-07-08T00:49:24Z,26,0,0,27,0,0,1,1,1,1783470490
2026-07-08T00:49:24Z,28,12,3,3,0,0,1,1,1,1783471274
2026-07-08T00:49:24Z,30,11,1,16,0,0,1,1,1,1783471107
2026-07-08T00:49:24Z,31,0,0,19,0,0,1,1,1,1783470675
2026-07-08T00:49:24Z,32,27,3,0,0,0,1,1,1,1783470292
2026-07-08T00:49:24Z,34,28,1,9,0,0,1,1,1,1783470064
2026-07-08T00:49:24Z,35,6,4,39,2,0,1,1,1,1783471587
2026-07-08T00:49:24Z,36,0,0,0,0,0,0,1,1,86400
2026-07-08T00:49:24Z,37,7,0,15,1,0,1,1,1,1783471659
2026-07-08T00:49:24Z,38,3,1,20,0,0,1,1,1,1783471712
2026-07-08T00:49:24Z,39,24,5,7,0,0,1,1,1,1783471535
2026-07-08T00:49:24Z,40,0,0,21,0,0,1,1,1,1783469847
2026-07-08T00:49:24Z,41,2,0,23,2,0,1,1,1,1783471524
2026-07-08T00:49:24Z,42,10,2,20,1,0,1,1,1,1783471593
2026-07-08T00:49:24Z,43,17,1,6,0,0,1,1,1,1783471716
2026-07-08T00:49:24Z,45,1,1,27,3,0,1,1,1,1783471632
2026-07-08T00:49:24Z,46,2,0,27,1,1,1,1,1,1783471751
2026-07-08T00:49:24Z,47,5,1,10,0,0,1,1,1,1783471719
2026-07-08T00:49:24Z,48,2,1,25,0,0,1,1,1,1783471254
2026-07-08T00:49:24Z,49,1,0,19,3,0,1,1,1,1783471744
2026-07-08T00:49:24Z,50,4,2,15,0,0,1,1,1,1783471542
2026-07-08T00:49:24Z,51,0,0,78,0,0,1,1,1,1783470549
2026-07-08T00:49:24Z,52,1,0,24,2,0,1,1,1,1783471684
2026-07-08T00:49:24Z,55,2,0,19,0,1,1,1,1,1783471619
2026-07-08T00:49:24Z,57,0,0,27,0,0,1,1,1,1783471218
2026-07-08T00:49:24Z,58,4,1,24,0,0,1,1,1,1783471449
2026-07-08T00:49:24Z,59,1,0,24,2,0,1,1,1,1783471380
2026-07-08T00:49:24Z,61,1,0,36,2,0,1,1,1,1783471734
2026-07-08T00:49:24Z,62,2,0,45,2,0,1,1,1,1783471489
2026-07-08T00:49:24Z,63,0,0,19,0,0,1,1,1,1783468347
2026-07-08T00:49:24Z,64,17,2,1,1,0,1,1,1,1783471490
2026-07-08T00:49:24Z,65,3,1,14,2,0,1,1,1,1783471701
2026-07-08T00:49:24Z,67,1,0,38,0,0,1,1,1,1783471338
2026-07-08T00:49:24Z,68,0,0,37,0,0,1,1,1,1783470766
2026-07-08T00:49:24Z,69,14,2,1,0,0,1,1,1,1783468047
2026-07-08T00:49:24Z,71,1,0,26,0,0,1,1,1,1783471711
2026-07-08T00:49:24Z,72,1,1,30,0,0,1,1,1,1783471667
2026-07-08T00:49:24Z,73,0,0,23,0,0,1,1,1,1783470373
2026-07-08T00:49:24Z,74,6,2,13,0,0,1,1,1,1783471037
2026-07-08T00:49:24Z,75,0,0,34,1,0,1,1,1,1783468816
2026-07-08T00:49:24Z,76,2,0,17,0,0,1,1,1,1783471742
2026-07-08T00:49:24Z,77,6,0,17,4,0,1,1,1,1783471570
2026-07-08T00:49:24Z,78,1,1,22,0,0,1,1,1,1783471751
2026-07-08T00:49:24Z,79,3,0,14,0,0,1,1,1,1783470767
2026-07-08T00:49:24Z,80,16,2,5,2,0,1,1,1,1783471738
2026-07-08T00:49:24Z,81,7,0,12,12,0,1,1,1,1783471744
2026-07-08T00:49:24Z,82,0,0,21,2,0,1,1,1,1783471549
2026-07-08T00:49:24Z,83,1,0,30,3,0,1,1,1,1783471723
2026-07-08T00:49:24Z,84,19,0,6,2,0,1,1,1,1783471506
2026-07-08T00:49:24Z,85,0,0,14,0,0,1,1,1,1783471215
2026-07-08T00:49:24Z,86,2,0,24,1,0,1,1,1,1783470835
2026-07-08T00:49:24Z,87,0,0,19,0,0,1,1,1,1783464851
2026-07-08T00:49:24Z,88,30,4,1,0,0,1,1,1,1783471709
2026-07-08T00:49:24Z,89,17,1,18,0,0,1,1,1,1783471656
2026-07-08T00:49:24Z,90,9,0,9,1,0,1,1,1,1783471699
2026-07-08T00:49:24Z,91,7,1,10,0,0,1,1,1,1783471686
2026-07-08T00:49:24Z,92,15,0,2,2,0,1,1,1,1783471566
2026-07-08T00:49:24Z,93,21,0,2,0,0,1,1,1,1783471582
2026-07-08T00:49:24Z,94,1,1,18,0,0,1,1,1,1783468543
2026-07-08T00:49:24Z,95,1,0,32,1,1,1,1,1,1783471749
2026-07-08T00:49:24Z,96,10,1,19,2,0,1,1,1,1783471551
2026-07-08T00:49:24Z,97,10,0,5,0,0,1,1,1,1783471499
2026-07-08T00:49:24Z,98,17,0,16,2,0,1,1,1,1783471694
2026-07-08T00:49:24Z,99,9,0,5,0,0,1,1,1,1783471462
2026-07-08T00:49:24Z,100,17,0,9,1,0,1,1,1,1783471417
2026-07-08T00:49:24Z,101,1,0,12,2,0,1,1,1,1783471542
2026-07-08T00:49:24Z,102,8,0,15,0,0,1,1,1,1783470943
2026-07-08T00:49:24Z,103,11,0,17,4,0,1,1,1,1783471496
2026-07-08T00:49:24Z,104,5,3,20,2,0,1,1,1,1783471740
2026-07-08T00:49:24Z,105,11,0,8,0,0,1,1,1,1783471474
2026-07-08T00:49:24Z,106,0,0,21,0,0,1,1,1,1783469801
2026-07-08T00:49:24Z,107,31,0,6,0,0,1,1,1,1783471600
2026-07-08T00:49:24Z,108,12,0,21,2,0,1,1,1,1783471666
2026-07-08T00:49:24Z,109,14,0,9,0,0,1,1,1,1783471750
2026-07-08T00:49:24Z,110,5,0,18,0,0,1,1,1,1783471611
2026-07-08T00:49:24Z,111,2,0,33,1,0,1,1,1,1783471751
2026-07-08T00:49:24Z,112,17,0,1,1,0,1,1,1,1783471684
2026-07-08T00:49:24Z,113,2,1,17,0,0,1,1,1,1783471659
2026-07-08T00:49:24Z,114,6,2,21,4,0,1,1,1,1783471458
2026-07-08T00:49:24Z,115,1,0,23,2,0,1,1,1,1783471662
2026-07-08T00:49:24Z,116,2,2,25,0,0,1,1,1,1783471409
2026-07-08T00:49:24Z,118,9,4,10,4,0,1,1,1,1783471628
2026-07-08T00:49:24Z,119,16,2,20,2,0,1,1,1,1783471498
2026-07-08T00:49:24Z,120,3,1,22,2,0,1,1,1,1783471468
2026-07-08T00:49:24Z,121,9,0,10,0,0,1,1,1,1783471381
2026-07-08T00:49:24Z,122,16,0,4,1,0,1,1,1,1783471554
2026-07-08T00:49:24Z,123,13,1,34,0,0,1,1,1,1783471368
2026-07-08T00:49:24Z,124,6,0,21,0,0,1,1,1,1783471737
2026-07-08T00:49:24Z,125,3,0,20,0,0,1,1,1,1783470997
2026-07-08T00:49:24Z,126,3,0,28,0,0,1,1,1,1783471685
2026-07-08T00:49:24Z,127,1,0,21,0,0,1,1,1,1783471391
2026-07-08T00:49:24Z,128,2,2,17,0,0,1,1,1,1783471668
2026-07-08T00:49:24Z,129,15,5,1,3,0,1,1,1,1783471227
2026-07-08T00:49:24Z,130,9,0,8,0,0,1,1,1,1783471358
2026-07-08T00:49:24Z,131,1,0,8,2,0,1,1,1,1783471262
2026-07-08T00:49:24Z,132,0,0,14,0,1,1,1,1,1783468552
2026-07-08T00:49:24Z,133,2,0,21,0,0,1,1,1,1783471588
2026-07-08T00:49:24Z,134,6,4,17,0,0,1,1,1,1783471676
2026-07-08T00:49:24Z,135,14,2,4,1,0,1,1,1,1783471734
2026-07-08T00:49:24Z,136,15,2,7,0,0,1,1,1,1783471597
2026-07-08T00:49:24Z,137,7,5,11,1,0,1,1,1,1783471717
2026-07-08T00:49:24Z,138,36,1,0,1,0,1,1,1,1783471732
2026-07-08T00:49:24Z,139,17,2,2,0,0,1,1,1,1783471646
2026-07-08T00:49:24Z,140,17,2,4,2,0,1,1,1,1783471752
2026-07-08T00:49:24Z,141,23,2,0,2,0,1,1,1,1783471614
2026-07-08T00:49:24Z,142,0,0,19,0,0,0,1,1,1782498468
2026-07-08T00:49:24Z,143,28,0,0,3,0,1,1,1,1783471745
2026-07-08T00:49:24Z,144,20,2,6,1,0,1,1,1,1783471251
2026-07-08T00:49:24Z,145,27,3,3,1,0,1,1,1,1783471715
2026-07-08T00:49:24Z,146,20,4,1,2,0,1,1,1,1783471750
2026-07-08T00:49:24Z,147,7,0,11,1,0,1,1,1,1783471696
2026-07-08T00:49:24Z,148,21,2,5,1,0,1,1,1,1783471481
2026-07-08T00:49:24Z,149,1,0,18,0,0,1,1,1,1783471707
2026-07-08T00:49:24Z,150,30,0,4,1,0,1,1,1,1783471730
2026-07-08T00:49:24Z,151,19,1,3,1,0,1,1,1,1783471623
2026-07-08T00:49:24Z,152,16,1,9,1,0,1,1,1,1783471725
2026-07-08T00:49:24Z,153,17,4,4,2,0,1,1,1,1783471730
2026-07-08T00:49:24Z,154,15,2,4,4,0,1,1,1,1783471703
2026-07-08T00:49:24Z,155,5,1,5,4,0,1,1,1,1783471678
2026-07-08T00:49:24Z,156,13,3,6,0,0,1,1,1,1783471676
2026-07-08T00:49:24Z,157,24,3,1,2,0,1,1,1,1783471747
2026-07-08T00:49:24Z,158,13,3,6,0,0,1,1,1,1783471664
2026-07-08T00:49:24Z,159,9,2,10,0,0,1,1,1,1783471420
2026-07-08T00:49:24Z,160,18,1,0,1,0,1,1,1,1783471683
2026-07-08T00:49:24Z,161,12,1,10,1,0,1,1,1,1783471746
2026-07-08T00:49:24Z,162,13,10,13,1,0,1,1,1,1783471640
2026-07-08T00:49:24Z,163,24,4,7,0,0,1,1,1,1783471703
2026-07-08T00:49:24Z,164,18,0,9,0,0,1,1,1,1783471588
2026-07-08T00:49:24Z,165,12,8,15,3,0,1,1,1,1783471736
2026-07-08T00:49:24Z,166,24,6,13,1,0,1,1,1,1783471672
2026-07-08T00:49:24Z,167,11,6,10,2,0,1,1,1,1783471632
2026-07-08T00:49:24Z,168,1,0,25,1,0,1,1,1,1783471570
2026-07-08T00:49:24Z,169,15,4,6,2,0,1,1,1,1783471750
2026-07-08T00:49:24Z,170,17,7,1,1,0,1,1,1,1783471684
2026-07-08T00:49:24Z,171,6,1,4,3,0,1,1,1,1783471691
2026-07-08T00:49:24Z,173,9,0,28,0,0,1,1,1,1783471747
2026-07-08T00:49:24Z,174,10,1,15,0,0,1,1,1,1783471678
2026-07-08T00:49:24Z,175,20,2,9,2,0,1,1,1,1783471735
2026-07-08T00:49:24Z,176,13,5,0,1,1,1,1,1,1783471623
2026-07-08T00:49:24Z,177,21,3,2,4,0,1,1,1,1783471721
2026-07-08T00:49:24Z,178,15,0,0,0,0,1,1,1,1783468640
2026-07-08T00:49:24Z,179,11,3,2,2,0,1,1,1,1783471654
2026-07-08T00:49:24Z,180,1,0,28,1,0,1,1,1,1783471287
2026-07-08T00:49:24Z,181,7,2,8,0,0,1,1,1,1783471637
2026-07-08T00:49:24Z,182,8,5,10,1,0,1,1,1,1783471742
2026-07-08T00:49:24Z,183,19,1,2,2,0,1,1,1,1783471677
2026-07-08T00:49:24Z,184,4,2,17,2,0,1,1,1,1783471572
2026-07-08T00:49:24Z,185,5,1,7,2,1,1,1,1,1783468783
2026-07-08T00:49:24Z,186,8,4,10,1,0,1,1,1,1783471702
2026-07-08T00:49:24Z,187,3,0,24,2,0,1,1,1,1783471608
2026-07-08T00:49:24Z,188,15,1,2,10,0,1,1,1,1783471752
2026-07-08T00:49:24Z,189,6,1,9,0,0,1,1,1,1783471705
2026-07-08T00:49:24Z,190,5,2,18,0,0,1,1,1,1783471437
2026-07-08T00:49:24Z,191,4,4,32,3,0,1,1,1,1783471463
2026-07-08T00:49:24Z,192,13,13,18,0,0,1,1,1,1783471478
2026-07-08T00:49:24Z,193,8,5,6,1,0,1,1,1,1783471545
2026-07-08T00:49:24Z,194,0,0,15,0,0,1,1,1,1783470598
2026-07-08T00:49:24Z,195,2,2,17,0,0,1,1,1,1783471354
2026-07-08T00:49:24Z,196,6,2,21,0,0,1,1,1,1783471540
2026-07-08T00:49:24Z,197,5,1,13,0,1,1,1,1,1783471314
2026-07-08T00:49:24Z,198,0,0,23,0,0,1,1,1,1783471041
2026-07-08T00:49:24Z,199,0,0,13,2,0,1,1,1,1783471559
2026-07-08T00:49:24Z,200,2,2,24,0,0,1,1,1,1783471094
2026-07-08T00:49:24Z,201,3,2,20,0,0,1,1,1,1783471619
2026-07-08T00:49:24Z,202,0,0,21,0,0,0,1,1,1783093344
2026-07-08T00:49:24Z,203,0,0,31,0,0,1,1,1,1783469636
2026-07-08T00:49:24Z,204,6,0,29,0,0,1,1,1,1783471592
2026-07-08T00:49:24Z,205,6,0,21,0,0,1,1,1,1783471629
2026-07-08T00:49:24Z,206,10,2,3,2,0,1,1,1,1783471244
2026-07-08T00:49:24Z,207,7,0,14,0,0,1,1,1,1783471491
2026-07-08T00:49:24Z,208,3,1,25,1,0,1,1,1,1783471716
2026-07-08T00:49:24Z,209,18,3,12,1,0,1,1,1,1783471724
2026-07-08T00:49:24Z,210,2,2,24,1,0,1,1,1,1783471717
2026-07-08T00:49:24Z,211,9,1,14,0,0,1,1,1,1783471535
2026-07-08T00:49:24Z,212,10,0,25,0,0,1,1,1,1783471699
2026-07-08T00:49:24Z,213,20,0,2,1,0,1,1,1,1783471590
2026-07-08T00:49:24Z,214,26,12,17,4,0,1,1,1,1783471740
2026-07-08T00:49:24Z,215,3,2,20,0,0,1,1,1,1783471751
2026-07-08T00:49:24Z,216,16,1,2,1,0,1,1,1,1783471444
2026-07-08T00:49:24Z,217,27,4,1,1,0,1,1,1,1783471752
2026-07-08T00:49:24Z,218,28,3,6,5,0,1,1,1,1783471750
2026-07-08T00:49:24Z,219,0,0,3,0,0,0,1,1,1783102064
2026-07-08T00:49:24Z,220,33,3,9,1,0,1,1,1,1783471613
2026-07-08T00:49:24Z,221,14,9,0,0,0,1,1,1,1783471569
2026-07-08T00:49:24Z,222,14,9,4,1,0,1,1,1,1783471729
2026-07-08T00:49:24Z,223,1,0,30,4,0,1,1,1,1783471681
2026-07-08T00:49:24Z,224,2,2,19,1,0,1,1,1,1783471747
2026-07-08T00:49:24Z,225,1,1,14,4,0,1,1,1,1783471222
2026-07-08T00:49:24Z,226,0,0,30,1,0,1,1,1,1783471491
2026-07-08T00:49:24Z,227,12,9,14,1,0,1,1,1,1783471679
2026-07-08T00:49:24Z,228,4,4,15,0,0,1,1,1,1783469346
2026-07-08T00:49:24Z,230,19,2,4,0,0,1,1,1,1783470870
2026-07-08T00:49:24Z,232,15,3,2,2,0,1,1,1,1783471751
2026-07-08T00:49:24Z,233,18,5,12,1,0,1,1,1,1783471619
2026-07-08T00:49:24Z,234,7,3,8,3,1,1,1,1,1783471566
2026-07-08T00:49:24Z,236,2,1,16,1,0,1,1,1,1783471686
2026-07-08T00:49:24Z,237,5,0,16,2,0,1,1,1,1783470963
2026-07-08T00:49:24Z,239,6,2,18,3,0,1,1,1,1783471581
2026-07-08T00:49:24Z,241,11,6,10,2,0,1,1,1,1783471682
2026-07-08T00:49:24Z,242,0,0,19,4,0,1,1,1,1783471712
2026-07-08T00:49:24Z,243,8,2,19,4,0,1,1,1,1783471564
2026-07-08T00:49:24Z,244,6,2,20,1,0,1,1,1,1783471546
2026-07-08T00:49:24Z,245,9,2,14,0,0,1,1,1,1783471709
2026-07-08T00:49:24Z,246,0,0,23,0,0,1,1,1,1783470557
2026-07-08T00:49:24Z,247,0,0,21,2,0,1,1,1,1783471580
2026-07-08T00:49:24Z,248,1,1,18,4,0,1,1,1,1783469823
2026-07-08T00:49:24Z,249,3,0,15,1,0,1,1,1,1783471715
2026-07-08T00:49:24Z,250,2,2,23,2,0,1,1,1,1783471688
2026-07-08T00:49:24Z,251,6,1,21,0,0,1,1,1,1783471093
2026-07-08T00:49:24Z,253,5,2,14,0,0,1,1,1,1783471738
2026-07-08T00:49:24Z,254,16,1,19,8,0,1,1,1,1783471498
2026-07-08T00:49:24Z,255,15,0,8,0,0,1,1,1,1783471715
2026-07-08T00:49:24Z,256,17,11,6,0,0,1,1,1,1783471290
2026-07-08T00:49:24Z,257,14,8,5,0,0,1,1,1,1783471569
2026-07-08T00:49:24Z,258,4,2,12,3,0,1,1,1,1783471607
2026-07-08T00:49:24Z,259,6,5,16,1,0,1,1,1,1783471120
2026-07-08T00:49:24Z,260,7,5,11,1,0,1,1,1,1783471698
2026-07-08T00:49:24Z,261,14,1,3,2,0,1,1,1,1783470983
2026-07-08T00:49:24Z,262,17,9,4,2,0,1,1,1,1783471717
2026-07-08T00:49:24Z,263,8,2,7,0,0,1,1,1,1783470994
2026-07-08T00:49:24Z,264,13,5,6,0,0,1,1,1,1783471448
2026-07-08T00:49:24Z,265,2,1,12,1,0,1,1,1,1783471470
2026-07-08T00:49:24Z,266,8,4,8,3,0,1,1,1,1783471393
2026-07-08T00:49:24Z,267,9,1,5,1,0,1,1,1,1783459155
2026-07-08T00:49:24Z,268,4,2,18,1,0,1,1,1,1783470936
2026-07-08T00:49:24Z,269,2,2,21,0,0,1,1,1,1783471368
2026-07-08T00:49:24Z,270,21,7,6,0,0,1,1,1,1783471276
2026-07-08T00:49:24Z,271,2,0,15,2,0,1,1,1,1783471215
2026-07-08T00:49:24Z,272,8,4,15,0,0,1,1,1,1783471719
2026-07-08T00:49:24Z,273,7,4,8,0,0,1,1,1,1783470924
2026-07-08T00:49:24Z,274,1,1,17,1,0,1,1,1,1783470669
2026-07-08T00:49:24Z,275,2,0,21,0,0,1,1,1,1783471228
2026-07-08T00:49:24Z,276,9,1,17,0,1,1,1,1,1783471456
2026-07-08T00:49:24Z,277,0,0,21,2,0,1,1,1,1783469524
2026-07-08T00:49:24Z,278,5,0,23,2,1,1,1,1,1783471717
2026-07-08T00:49:24Z,279,1,1,18,0,0,1,1,1,1783470378
2026-07-08T00:49:24Z,280,9,1,19,3,0,1,1,1,1783471615
2026-07-08T00:49:24Z,281,5,0,17,1,0,1,1,1,1783471739
2026-07-08T00:49:24Z,282,13,4,3,0,0,1,1,1,1783471572
2026-07-08T00:49:24Z,283,2,1,33,0,0,1,1,1,1783471663
2026-07-08T00:49:24Z,284,21,3,14,0,0,1,1,1,1783471747
2026-07-08T00:49:24Z,285,2,0,21,0,0,1,1,1,1783470885
2026-07-08T00:49:24Z,286,4,2,17,2,0,1,1,1,1783471353
2026-07-08T00:49:24Z,287,20,6,1,2,0,1,1,1,1783470972
2026-07-08T00:49:24Z,288,6,1,12,1,0,1,1,1,1783471642
2026-07-08T00:49:24Z,289,1,1,24,2,0,1,1,1,1783471714
2026-07-08T00:49:24Z,290,4,0,33,2,0,1,1,1,1783471520
2026-07-08T00:49:24Z,291,18,0,5,0,0,1,1,1,1783471445
2026-07-08T00:49:24Z,292,4,1,19,0,0,1,1,1,1783470318
2026-07-08T00:49:24Z,293,10,4,11,2,0,1,1,1,1783471314
2026-07-08T00:49:24Z,294,3,2,17,2,0,1,1,1,1783471750
2026-07-08T00:49:24Z,297,10,2,7,2,0,1,1,1,1783471695
2026-07-08T00:49:24Z,301,17,1,2,0,0,1,1,1,1783471567
2026-07-08T00:49:24Z,302,19,5,1,3,0,1,1,1,1783471235
2026-07-08T00:49:24Z,303,14,0,4,1,0,1,1,1,1783471739
2026-07-08T00:49:24Z,304,0,0,0,0,0,0,1,1,86400
2026-07-08T00:49:24Z,305,18,0,0,1,0,1,1,1,1783471633
2026-07-08T00:49:24Z,306,14,0,18,0,0,1,1,1,1783471486
2026-07-08T00:49:24Z,307,22,1,0,1,0,1,1,1,1783471661
2026-07-08T00:49:24Z,308,13,0,5,1,0,1,1,1,1783471730
2026-07-08T00:49:24Z,309,9,1,3,1,0,1,1,1,1783471519
2026-07-08T00:49:24Z,311,5,0,9,1,0,1,1,1,1783471524
2026-07-08T00:49:24Z,312,10,4,9,3,1,1,1,1,1783471656
2026-07-08T00:49:24Z,313,4,0,11,0,0,1,1,1,1783470709
2026-07-08T00:49:24Z,314,14,2,4,1,0,1,1,1,1783471390
2026-07-08T00:49:24Z,315,0,0,31,0,0,0,1,1,1783017696
2026-07-08T00:49:24Z,316,12,0,3,0,0,1,1,1,1783471715
2026-07-08T00:49:24Z,317,15,5,14,2,0,1,1,1,1783471725
2026-07-08T00:49:24Z,318,11,5,6,0,0,1,1,1,1783470008
2026-07-08T00:49:24Z,319,14,10,12,1,0,1,1,1,1783471377
2026-07-08T00:49:24Z,320,7,3,11,1,0,1,1,1,1783471740
2026-07-08T00:49:24Z,321,8,0,9,2,0,1,1,1,1783469099
2026-07-08T00:49:24Z,322,11,0,18,0,0,1,1,1,1783471544
2026-07-08T00:49:24Z,323,11,0,8,0,0,1,1,1,1783471155
2026-07-08T00:49:24Z,324,0,0,26,1,0,1,1,1,1783471648
2026-07-08T00:49:24Z,325,2,0,23,2,0,1,1,1,1783471635
2026-07-08T00:49:24Z,327,2,0,23,0,2,1,1,1,1783471695
2026-07-08T00:49:24Z,328,10,3,13,0,0,1,1,1,1783471736
2026-07-08T00:49:24Z,329,10,2,8,1,0,1,1,1,1783471359
2026-07-08T00:49:24Z,330,2,1,20,0,0,1,1,1,1783471667
2026-07-08T00:49:24Z,331,1,0,22,0,0,1,1,1,1783471675
2026-07-08T00:49:24Z,332,7,5,10,2,0,1,1,1,1783471259
2026-07-08T00:49:24Z,333,13,3,8,2,0,1,1,1,1783471278
2026-07-08T00:49:24Z,334,10,2,13,0,0,1,1,1,1783471035
2026-07-08T00:49:24Z,335,8,4,15,0,0,1,1,1,1783471240
2026-07-08T00:49:24Z,336,8,0,11,0,0,1,1,1,1783471551
2026-07-08T00:49:24Z,337,5,1,16,2,0,1,1,1,1783471657
2026-07-08T00:49:24Z,338,6,0,13,0,0,1,1,1,1783471749
2026-07-08T00:49:24Z,339,2,2,20,1,0,1,1,1,1783470523
2026-07-08T00:49:24Z,340,7,3,7,1,0,1,1,1,1783471550
2026-07-08T00:49:24Z,341,8,3,11,0,0,1,1,1,1783470540
2026-07-08T00:49:24Z,342,15,1,0,0,0,1,1,1,1783470216
2026-07-08T00:49:24Z,343,0,0,21,2,0,1,1,1,1783470053
2026-07-08T00:49:24Z,344,3,3,19,1,0,1,1,1,1783471629
2026-07-08T00:49:24Z,345,6,0,12,1,0,1,1,1,1783471022
2026-07-08T00:49:24Z,346,0,0,23,0,0,1,1,1,1783470936
2026-07-08T00:49:24Z,347,30,4,16,1,0,1,1,1,1783471742
2026-07-08T00:49:24Z,348,5,1,16,2,0,1,1,1,1783471483
2026-07-08T00:49:24Z,349,0,0,16,3,0,1,1,1,1783471700
2026-07-08T00:49:24Z,350,22,1,2,2,1,1,1,1,1783471751
2026-07-08T00:49:24Z,351,22,1,0,1,0,1,1,1,1783471717
2026-07-08T00:49:24Z,355,6,0,14,3,0,1,1,1,1783471382
2026-07-08T00:49:24Z,356,3,0,16,0,0,1,1,1,1783471660
2026-07-08T00:49:24Z,357,17,4,1,1,0,1,1,1,1783471716
2026-07-08T00:49:24Z,358,0,0,7,5,13,0,1,1,1782961435
2026-07-08T00:49:24Z,359,23,1,3,1,0,1,1,1,1783471751
2026-07-08T00:49:24Z,360,6,1,13,0,0,1,1,1,1783471714
2026-07-08T00:49:24Z,362,16,3,1,1,0,1,1,1,1783471059
2026-07-08T00:49:24Z,363,20,1,7,0,0,1,1,1,1783471505
2026-07-08T00:49:24Z,364,6,0,11,1,1,1,1,1,1783471749
2026-07-08T00:49:24Z,365,12,4,10,1,0,1,1,1,1783470995
2026-07-08T00:49:24Z,366,11,9,9,3,0,1,1,1,1783471472
2026-07-08T00:49:24Z,367,10,1,9,0,0,1,1,1,1783470783
2026-07-08T00:49:24Z,368,7,1,16,0,0,1,1,1,1783470714
2026-07-08T00:49:24Z,370,10,8,16,1,0,1,1,1,1783471408
2026-07-08T00:49:24Z,371,4,0,13,2,0,1,1,1,1783470575
2026-07-08T00:49:24Z,372,9,1,5,1,0,1,1,1,1783471217
2026-07-08T00:49:24Z,373,14,4,9,3,0,1,1,1,1783471748
2026-07-08T00:49:24Z,374,13,6,4,1,0,1,1,1,1783471461
2026-07-08T00:49:24Z,375,3,2,24,0,0,1,1,1,1783470651
2026-07-08T00:49:24Z,376,17,10,21,1,0,1,1,1,1783471624
2026-07-08T00:49:24Z,377,8,5,17,2,0,1,1,1,1783471475
2026-07-08T00:49:24Z,378,17,1,7,0,0,1,1,1,1783471641
2026-07-08T00:49:24Z,379,27,0,0,0,0,1,1,1,1783471750
2026-07-08T00:49:24Z,380,11,3,12,0,0,1,1,1,1783471665
2026-07-08T00:49:24Z,381,20,0,3,0,0,1,1,1,1783471752
2026-07-08T00:49:24Z,383,3,0,12,0,0,1,1,1,1783471437
2026-07-08T00:49:24Z,384,3,0,15,1,0,1,1,1,1783471673
2026-07-08T00:49:24Z,385,8,2,9,1,0,1,1,1,1783471182
2026-07-08T00:49:24Z,387,1,0,22,0,0,1,1,1,1783470816
2026-07-08T00:49:24Z,388,5,0,42,2,0,1,1,1,1783471625
2026-07-08T00:49:24Z,389,3,2,11,1,0,1,1,1,1783471752
2026-07-08T00:49:24Z,390,8,1,18,1,0,1,1,1,1783471686
2026-07-08T00:49:24Z,391,4,3,10,1,0,1,1,1,1783471228
2026-07-08T00:49:24Z,392,4,3,15,0,0,1,1,1,1783470223
2026-07-08T00:49:24Z,393,4,1,7,0,0,1,1,1,1783471718
2026-07-08T00:49:24Z,394,8,2,6,0,1,1,1,1,1783471161
2026-07-08T00:49:24Z,396,3,2,35,4,0,1,1,1,1783471529
2026-07-08T00:49:24Z,397,3,0,28,0,0,1,1,1,1783470843
2026-07-08T00:49:24Z,399,2,0,15,0,0,1,1,1,1783471647
2026-07-08T00:49:24Z,400,4,2,16,3,0,1,1,1,1783470360
2026-07-08T00:49:24Z,401,8,0,23,0,0,1,1,1,1783471299
2026-07-08T00:49:24Z,403,9,0,20,2,0,1,1,1,1783471537
2026-07-08T00:49:24Z,404,2,1,21,0,0,1,1,1,1783471470
2026-07-08T00:49:24Z,406,24,0,10,1,0,1,1,1,1783471715
2026-07-08T00:49:24Z,407,1,0,31,2,0,1,1,1,1783471111
2026-07-08T00:49:24Z,408,0,0,31,2,0,1,1,1,1783471687
2026-07-08T00:49:24Z,409,0,0,23,0,0,1,1,1,1783470308
2026-07-08T00:49:24Z,413,17,5,5,1,0,1,1,1,1783471705
2026-07-08T00:49:24Z,414,4,0,10,1,0,1,1,1,1783471544
2026-07-08T00:49:24Z,417,4,0,15,0,0,1,1,1,1783470896
2026-07-08T00:49:24Z,418,1,0,14,0,0,1,1,1,1783468792
2026-07-08T00:49:24Z,419,5,2,17,1,0,1,1,1,1783469268
2026-07-08T00:49:24Z,421,16,1,3,0,0,1,1,1,1783471573
2026-07-08T00:49:24Z,422,0,0,24,3,0,1,1,1,1783471719
2026-07-08T00:49:24Z,423,10,0,13,0,0,1,1,1,1783471578
2026-07-08T00:49:24Z,424,3,2,10,2,0,1,1,1,1783471477
2026-07-08T00:49:24Z,425,8,0,14,0,0,1,1,1,1783471729
2026-07-08T00:49:24Z,426,1,0,34,2,0,1,1,1,1783470575
2026-07-08T00:49:24Z,427,8,1,6,0,1,1,1,1,1783470654
2026-07-08T00:49:24Z,428,15,1,3,1,0,1,1,1,1783471157
2026-07-08T00:49:24Z,429,8,4,12,3,0,1,1,1,1783471729
2026-07-08T00:49:24Z,430,27,1,4,0,0,1,1,1,1783471514
2026-07-08T00:49:24Z,431,22,0,5,4,2,1,1,1,1783471655
2026-07-08T00:49:24Z,432,11,1,20,0,0,1,1,1,1783471666
2026-07-08T00:49:24Z,433,8,0,13,2,0,1,1,1,1783471726
2026-07-08T00:49:24Z,437,1,1,17,2,0,1,1,1,1783471724
2026-07-08T00:49:24Z,438,6,1,11,2,0,1,1,1,1783471704
2026-07-08T00:49:24Z,439,7,1,8,0,0,1,1,1,1783471747
2026-07-08T00:49:24Z,440,4,1,9,2,0,1,1,1,1783470922
2026-07-08T00:49:24Z,441,4,3,11,0,0,1,1,1,1783471384
2026-07-08T00:49:24Z,442,7,4,11,1,0,1,1,1,1783471558
2026-07-08T00:49:24Z,443,6,0,21,0,0,1,1,1,1783448962
2026-07-08T00:49:24Z,444,5,3,17,1,0,1,1,1,1783468032
2026-07-08T00:49:24Z,445,7,6,15,1,0,1,1,1,1783470958
2026-07-08T00:49:24Z,446,0,0,23,0,0,1,1,1,1783470582
2026-07-08T00:49:24Z,447,6,2,15,2,0,1,1,1,1783471325
2026-07-08T00:49:24Z,448,8,2,4,2,1,1,1,1,1783471556
2026-07-08T00:49:24Z,452,16,2,2,1,0,1,1,1,1783471727
2026-07-08T00:49:24Z,453,5,2,9,1,0,1,1,1,1783471109
2026-07-08T00:49:24Z,454,16,0,1,2,0,1,1,1,1783471724
2026-07-08T00:49:24Z,455,0,0,38,0,0,1,1,1,1783468143
2026-07-08T00:49:24Z,456,10,1,11,2,0,1,1,1,1783471745
2026-07-08T00:49:24Z,457,1,0,25,1,0,1,1,1,1783471693
2026-07-08T00:49:24Z,458,8,8,14,1,0,1,1,1,1783470961
2026-07-08T00:49:24Z,459,2,2,13,0,0,1,1,1,1783471557
2026-07-08T00:49:24Z,460,22,3,1,0,0,1,1,1,1783471390
2026-07-08T00:49:24Z,461,7,1,11,1,0,1,1,1,1783471683
2026-07-08T00:49:24Z,462,8,0,11,2,0,1,1,1,1783471712
2026-07-08T00:49:24Z,463,8,3,11,0,0,1,1,1,1783471220
2026-07-08T00:49:24Z,464,3,2,9,2,0,1,1,1,1783471686
2026-07-08T00:49:24Z,465,1,1,14,0,0,1,1,1,1783470436
2026-07-08T00:49:24Z,466,5,1,9,1,0,1,1,1,1783470590
2026-07-08T00:49:24Z,467,2,0,13,0,0,1,1,1,1783471339
2026-07-08T00:49:24Z,468,1,0,17,1,0,1,1,1,1783470660
2026-07-08T00:49:24Z,469,0,0,22,0,1,1,1,1,1783470986
2026-07-08T00:49:24Z,470,14,4,1,0,0,1,1,1,1783470597
2026-07-08T00:49:24Z,471,23,1,4,0,0,1,1,1,1783471709
2026-07-08T00:49:24Z,472,11,1,7,1,0,1,1,1,1783471573
2026-07-08T00:49:24Z,473,7,1,12,0,0,1,1,1,1783471556
2026-07-08T00:49:24Z,474,6,0,13,0,0,1,1,1,1783470960
2026-07-08T00:49:24Z,475,6,1,12,1,0,1,1,1,1783471513
2026-07-08T00:49:24Z,476,18,0,4,1,0,1,1,1,1783471514
2026-07-08T00:49:24Z,477,4,1,10,1,0,1,1,1,1783471561
2026-07-08T00:49:24Z,478,25,1,2,4,0,1,1,1,1783471747
2026-07-08T00:49:24Z,479,5,2,20,2,0,1,1,1,1783471602
2026-07-08T00:49:24Z,480,11,3,2,2,0,1,1,1,1783471459
2026-07-08T00:49:24Z,481,27,0,8,0,0,1,1,1,1783471309
2026-07-08T00:49:24Z,482,2,0,17,0,0,1,1,1,1783470082
2026-07-08T00:49:24Z,483,17,0,10,0,0,1,1,1,1783471700
2026-07-08T00:49:24Z,484,1,0,18,0,0,1,1,1,1783471556
2026-07-08T00:49:24Z,485,18,7,0,1,0,1,1,1,1783471453
2026-07-08T00:49:24Z,486,9,1,18,0,0,1,1,1,1783471733
2026-07-08T00:49:24Z,487,6,5,11,2,0,1,1,1,1783471557
2026-07-08T00:49:24Z,489,8,2,5,2,0,1,1,1,1783471555
2026-07-08T00:49:24Z,490,1,0,15,0,0,1,1,1,1783471462
2026-07-08T00:49:24Z,491,11,1,9,1,0,1,1,1,1783470559
2026-07-08T00:49:24Z,492,6,1,2,3,0,1,1,1,1783469274
2026-07-08T00:49:24Z,493,2,0,24,1,0,1,1,1,1783471511
2026-07-08T00:49:24Z,495,2,1,12,1,0,1,1,1,1783471710
2026-07-08T00:49:24Z,496,18,1,8,1,0,1,1,1,1783471687
2026-07-08T00:49:24Z,497,14,0,5,0,0,1,1,1,1783471599
2026-07-08T00:49:24Z,498,6,1,17,0,0,1,1,1,1783471406
2026-07-08T00:49:24Z,499,5,2,13,1,0,1,1,1,1783469288
2026-07-08T00:49:24Z,500,0,0,14,1,0,1,1,1,1783469717
2026-07-08T00:49:24Z,501,10,1,9,2,0,1,1,1,1783471019
2026-07-08T00:49:24Z,502,0,0,19,0,0,1,1,1,1783469680
2026-07-08T00:49:24Z,503,24,0,6,1,0,1,1,1,1783471751
2026-07-08T00:49:24Z,504,0,0,39,0,0,1,1,1,1783471057
2026-07-08T00:49:24Z,505,12,2,5,1,0,1,1,1,1783471752
2026-07-08T00:49:24Z,511,1,1,22,0,0,1,1,1,1783471579
2026-07-08T00:49:24Z,512,14,3,5,0,0,1,1,1,1783471078
2026-07-08T00:49:24Z,514,5,1,4,2,0,1,1,1,1783470315
2026-07-08T00:49:24Z,515,5,1,14,0,0,1,1,1,1783471647
2026-07-08T00:49:24Z,516,0,0,27,0,0,1,1,1,1783469752
2026-07-08T00:49:24Z,517,12,0,9,2,0,1,1,1,1783471298
2026-07-08T00:49:24Z,518,15,1,0,0,0,1,1,1,1783471543
2026-07-08T00:49:24Z,519,11,1,7,1,0,1,1,1,1783471652
2026-07-08T00:49:24Z,520,18,2,7,1,1,1,1,1,1783471729
2026-07-08T00:49:24Z,521,11,6,12,0,0,1,1,1,1783471378
2026-07-08T00:49:24Z,522,19,0,2,2,0,1,1,1,1783471640
2026-07-08T00:49:24Z,523,5,1,17,1,0,1,1,1,1783470626
2026-07-08T00:49:24Z,524,13,0,10,0,0,1,1,1,1783471213
2026-07-08T00:49:24Z,525,9,0,10,0,0,1,1,1,1783470243
2026-07-08T00:49:24Z,526,7,1,6,2,0,1,1,1,1783471595
2026-07-08T00:49:24Z,527,4,4,21,1,0,1,1,1,1783470602
2026-07-08T00:49:24Z,528,6,1,16,1,0,1,1,1,1783471741
2026-07-08T00:49:24Z,529,6,4,6,7,0,1,1,1,1783471702
2026-07-08T00:49:24Z,530,19,2,1,1,0,1,1,1,1783471614
2026-07-08T00:49:24Z,531,12,0,9,1,1,1,1,1,1783471461
2026-07-08T00:49:24Z,532,3,2,27,1,0,1,1,1,1783470646
2026-07-08T00:49:24Z,533,7,0,10,2,0,1,1,1,1783470448
2026-07-08T00:49:24Z,534,0,0,21,2,0,1,1,1,1783470487
2026-07-08T00:49:24Z,535,2,1,12,1,0,1,1,1,1783471270
2026-07-08T00:49:24Z,536,9,2,14,0,0,1,1,1,1783471146
2026-07-08T00:49:24Z,537,3,0,18,0,0,1,1,1,1783471527
2026-07-08T00:49:24Z,538,10,4,9,0,0,1,1,1,1783471291
2026-07-08T00:49:24Z,539,9,8,21,1,0,1,1,1,1783471278
2026-07-08T00:49:24Z,540,0,0,19,0,0,1,1,1,1783471451
2026-07-08T00:49:24Z,541,12,1,15,0,0,1,1,1,1783471720
2026-07-08T00:49:24Z,542,4,4,19,0,0,1,1,1,1783471093
2026-07-08T00:49:24Z,543,10,1,8,1,0,1,1,1,1783471265
2026-07-08T00:49:24Z,544,15,1,6,1,0,1,1,1,1783471705
2026-07-08T00:49:24Z,545,13,1,1,5,0,1,1,1,1783471552
2026-07-08T00:49:24Z,546,5,3,13,1,0,1,1,1,1783470517
2026-07-08T00:49:24Z,547,1,1,20,2,0,1,1,1,1783471750
2026-07-08T00:49:24Z,548,13,0,8,2,0,1,1,1,1783471729
2026-07-08T00:49:24Z,549,3,0,18,0,0,1,1,1,1783471637
2026-07-08T00:49:24Z,550,1,1,18,0,0,1,1,1,1783471440
2026-07-08T00:49:24Z,551,19,5,4,0,0,1,1,1,1783470946
2026-07-08T00:49:24Z,552,24,2,3,0,0,1,1,1,1783471232
2026-07-08T00:49:24Z,553,11,2,10,2,0,1,1,1,1783471719
2026-07-08T00:49:24Z,554,0,0,19,0,0,1,1,1,1783468615
2026-07-08T00:49:24Z,555,11,4,3,1,0,1,1,1,1783471387
2026-07-08T00:49:24Z,556,2,0,20,1,0,1,1,1,1783470497
2026-07-08T00:49:24Z,557,4,1,16,3,0,1,1,1,1783471601
2026-07-08T00:49:24Z,558,4,1,31,2,0,1,1,1,1783471746
2026-07-08T00:49:24Z,559,0,0,18,1,0,1,1,1,1783471718
2026-07-08T00:49:24Z,560,18,0,8,1,0,1,1,1,1783471750
2026-07-08T00:49:24Z,561,11,1,11,1,0,1,1,1,1783471324
2026-07-08T00:49:24Z,562,22,3,12,1,0,1,1,1,1783471720
2026-07-08T00:49:24Z,563,3,0,10,1,0,1,1,1,1783471505
2026-07-08T00:49:24Z,564,14,1,5,0,0,1,1,1,1783470196
2026-07-08T00:49:24Z,565,5,0,14,0,0,1,1,1,1783471662
2026-07-08T00:49:24Z,566,18,0,0,1,0,1,1,1,1783471626
2026-07-08T00:49:24Z,567,22,1,4,1,0,1,1,1,1783471048
2026-07-08T00:49:24Z,568,17,1,1,1,0,1,1,1,1783471439
2026-07-08T00:49:24Z,569,13,1,6,0,0,1,1,1,1783471426
2026-07-08T00:49:24Z,570,11,1,8,0,0,1,1,1,1783471736
2026-07-08T00:49:24Z,571,13,0,10,0,0,1,1,1,1783471110
2026-07-08T00:49:24Z,572,5,0,14,0,0,1,1,1,1783470867
2026-07-08T00:49:24Z,573,3,0,11,1,0,1,1,1,1783471731
2026-07-08T00:49:24Z,574,1,0,13,1,0,1,1,1,1783471728
2026-07-08T00:49:24Z,575,1,0,20,0,0,1,1,1,1783470878
2026-07-08T00:49:24Z,576,1,1,18,0,0,1,1,1,1783470820
2026-07-08T00:49:24Z,577,13,0,18,0,0,1,1,1,1783471147
2026-07-08T00:49:24Z,578,6,3,17,0,0,1,1,1,1783471632
2026-07-08T00:49:24Z,579,39,0,4,0,0,1,1,1,1783471642
2026-07-08T00:49:24Z,580,0,0,30,1,0,1,1,1,1783471743
2026-07-08T00:49:24Z,581,4,0,14,1,0,1,1,1,1783471586
2026-07-08T00:49:24Z,582,2,0,56,2,0,1,1,1,1783471685
2026-07-08T00:49:24Z,583,20,0,2,1,0,1,1,1,1783471740
2026-07-08T00:49:24Z,584,2,2,13,4,0,1,1,1,1783471488
2026-07-08T00:49:24Z,585,17,0,9,0,0,1,1,1,1783471634
2026-07-08T00:49:24Z,586,0,0,34,1,0,1,1,1,1783471335
2026-07-08T00:49:24Z,587,4,0,19,2,0,1,1,1,1783471627
2026-07-08T00:49:24Z,588,1,0,18,0,0,1,1,1,1783467544
2026-07-08T00:49:24Z,589,20,11,3,0,0,1,1,1,1783471751
2026-07-08T00:49:24Z,590,4,0,27,0,0,1,1,1,1783471018
2026-07-08T00:49:24Z,591,1,0,19,2,0,1,1,1,1783471017
2026-07-08T00:49:24Z,592,3,0,20,0,0,1,1,1,1783471473
2026-07-08T00:49:24Z,593,0,0,39,0,0,1,1,1,1783470824
2026-07-08T00:49:24Z,594,2,0,18,1,0,1,1,1,1783471712
2026-07-08T00:49:24Z,595,0,0,3,0,0,0,1,1,1779985765
2026-07-08T00:49:24Z,605,0,0,3,0,0,0,1,1,1780413752
2026-07-08T00:49:24Z,606,0,0,0,0,0,0,1,1,86400
2026-07-08T00:49:24Z,607,6,0,27,0,0,1,1,1,1783471727
2026-07-08T00:49:24Z,608,0,0,51,1,0,1,1,1,1783471332
2026-07-08T00:49:24Z,609,3,1,20,0,0,1,1,1,1783471427
2026-07-08T00:49:24Z,610,0,0,35,0,0,1,1,1,1783470498
2026-07-08T00:49:24Z,611,0,0,25,2,0,1,1,1,1783470923
2026-07-08T00:49:24Z,612,1,0,14,0,0,1,1,1,1783469410
2026-07-08T00:49:24Z,613,12,3,2,1,0,1,1,1,1783466858
2026-07-08T00:49:24Z,614,1,1,24,1,1,1,1,1,1783470402
2026-07-08T00:49:24Z,617,12,0,2,1,0,1,1,1,1783471623
2026-07-08T00:49:24Z,618,16,4,1,2,0,1,1,1,1783470334
2026-07-08T00:49:24Z,619,13,1,6,0,0,1,1,1,1783471650
2026-07-08T00:49:24Z,620,0,0,22,1,0,1,1,1,1783471543
2026-07-08T00:49:24Z,621,4,0,19,0,0,1,1,1,1783471706
2026-07-08T00:49:24Z,622,4,3,18,1,0,1,1,1,1783471445
2026-07-08T00:49:24Z,623,4,1,24,1,1,1,1,1,1783471548
2026-07-08T00:49:24Z,624,7,0,7,0,1,1,1,1,1783471721
2026-07-08T00:49:24Z,625,0,0,18,3,0,1,1,1,1783471439
2026-07-08T00:49:24Z,626,0,0,43,1,2,1,1,1,1783471212
2026-07-08T00:49:24Z,627,4,1,13,0,0,1,1,1,1783471302
2026-07-08T00:49:24Z,628,0,0,17,1,1,1,1,1,1783471576
2026-07-08T00:49:24Z,629,9,6,1,1,0,1,1,1,1783471564
2026-07-08T00:49:24Z,630,22,0,2,3,0,1,1,1,1783471024
2026-07-08T00:49:24Z,631,0,0,23,0,0,1,1,1,1783471027
2026-07-08T00:49:24Z,632,20,0,1,2,0,1,1,1,1783471733
2026-07-08T00:49:24Z,633,12,0,0,2,1,1,1,1,1783470515
2026-07-08T00:49:24Z,634,11,0,7,1,0,1,1,1,1783471604
2026-07-08T00:49:24Z,635,12,1,6,1,0,1,1,1,1783471691
2026-07-08T00:49:24Z,636,6,0,9,0,0,1,1,1,1783470196
2026-07-08T00:49:24Z,637,11,4,7,1,0,1,1,1,1783470739
2026-07-08T00:49:24Z,638,1,1,16,2,0,1,1,1,1783470510
2026-07-08T00:49:24Z,639,0,0,0,3,16,0,1,1,1782287204
2026-07-08T00:49:24Z,640,0,0,22,1,0,1,1,1,1783467951
2026-07-08T00:49:24Z,641,16,1,11,0,0,1,1,1,1783471657
2026-07-08T00:49:24Z,642,4,1,13,2,0,1,1,1,1783471332
2026-07-08T00:49:24Z,643,0,0,27,0,0,1,1,1,1783468938
2026-07-08T00:49:24Z,644,5,0,4,5,1,1,1,1,1783471684
2026-07-08T00:49:24Z,645,5,0,16,1,1,1,1,1,1783471116
2026-07-08T00:49:24Z,646,12,1,4,3,0,1,1,1,1783471104
2026-07-08T00:49:24Z,647,23,3,7,1,0,1,1,1,1783471597
2026-07-08T00:49:24Z,648,14,1,2,3,0,1,1,1,1783471612
2026-07-08T00:49:24Z,649,2,2,27,2,0,1,1,1,1783471405
2026-07-08T00:49:24Z,650,6,2,9,1,0,1,1,1,1783471549
2026-07-08T00:49:24Z,651,1,0,21,1,0,1,1,1,1783471175
2026-07-08T00:49:24Z,652,1,0,19,3,0,1,1,1,1783471657
2026-07-08T00:49:24Z,653,9,1,6,4,0,1,1,1,1783471489
2026-07-08T00:49:24Z,654,3,1,11,1,0,1,1,1,1783471345
2026-07-08T00:49:24Z,655,7,1,7,0,0,1,1,1,1783467692
2026-07-08T00:49:24Z,656,19,1,0,0,0,1,1,1,1783471388
2026-07-08T00:49:24Z,657,10,3,6,1,0,1,1,1,1783468142
2026-07-08T00:49:24Z,658,1,0,22,0,0,1,1,1,1783470048
2026-07-08T00:49:24Z,659,2,1,13,0,0,1,1,1,1783468742
2026-07-08T00:49:24Z,660,22,1,8,1,0,1,1,1,1783471494
2026-07-08T00:49:24Z,661,0,0,15,4,0,1,1,1,1783471473
2026-07-08T00:49:24Z,662,3,0,19,1,0,1,1,1,1783471190
2026-07-08T00:49:24Z,663,11,1,3,0,0,1,1,1,1783471711
2026-07-08T00:49:24Z,664,12,0,15,0,0,1,1,1,1783471749
2026-07-08T00:49:24Z,665,3,1,12,0,0,1,1,1,1783471323
2026-07-08T00:49:24Z,666,6,1,9,0,0,1,1,1,1783470228
2026-07-08T00:49:24Z,667,14,1,0,3,0,1,1,1,1783471722
2026-07-08T00:49:24Z,668,9,1,8,2,0,1,1,1,1783471739
2026-07-08T00:49:24Z,669,14,4,0,0,0,1,1,1,1783471190
2026-07-08T00:49:24Z,670,12,1,10,5,0,1,1,1,1783471733
2026-07-08T00:49:24Z,671,26,0,1,0,0,1,1,1,1783471589
2026-07-08T00:49:24Z,672,14,0,4,5,0,1,1,1,1783471192
2026-07-08T00:49:24Z,673,7,0,15,0,0,1,1,1,1783471450
2026-07-08T00:49:24Z,674,3,1,18,2,0,1,1,1,1783471713
2026-07-08T00:49:24Z,675,3,2,10,2,0,1,1,1,1783471657
2026-07-08T00:49:24Z,676,10,0,11,1,1,1,1,1,1783471554
2026-07-08T00:49:24Z,681,3,1,7,5,0,1,1,1,1783471729
2026-07-08T00:49:24Z,682,10,5,8,1,0,1,1,1,1783471712
2026-07-08T00:49:24Z,683,11,1,8,0,0,1,1,1,1783468133
2026-07-08T00:49:24Z,684,9,3,16,2,0,1,1,1,1783466614
2026-07-08T00:49:24Z,685,3,2,23,0,1,1,1,1,1783467432
2026-07-08T00:49:24Z,686,12,2,13,1,1,1,1,1,1783471578
2026-07-08T00:49:24Z,687,5,1,22,3,1,1,1,1,1783471746
2026-07-08T00:49:24Z,688,17,2,1,1,0,1,1,1,1783465995
2026-07-08T00:49:24Z,692,15,14,5,1,0,1,1,1,1783471373
2026-07-08T00:49:24Z,693,9,4,2,0,0,1,1,1,1783470048
2026-07-08T00:49:24Z,694,7,7,11,3,0,1,1,1,1783470227
2026-07-08T00:49:24Z,695,8,4,13,2,0,1,1,1,1783471350
2026-07-08T00:49:24Z,696,22,17,0,1,0,1,1,1,1783470893
2026-07-08T00:49:24Z,697,11,0,12,0,0,1,1,1,1783471256
2026-07-08T00:49:24Z,698,4,0,22,1,0,1,1,1,1783471637
2026-07-08T00:49:24Z,699,3,1,10,2,0,1,1,1,1783471545
2026-07-08T00:49:24Z,700,12,1,7,0,0,1,1,1,1783470255
2026-07-08T00:49:24Z,701,2,0,17,0,0,1,1,1,1783471360
2026-07-08T00:49:24Z,702,1,0,21,1,0,1,1,1,1783471723
2026-07-08T00:49:24Z,703,11,2,12,0,0,1,1,1,1783460353
2026-07-08T00:49:24Z,704,8,0,7,0,0,1,1,1,1783471174
2026-07-08T00:49:24Z,705,0,0,11,4,0,1,1,1,1783470935
2026-07-08T00:49:24Z,706,4,2,10,1,0,1,1,1,1783470238
2026-07-08T00:49:24Z,707,10,3,3,2,0,1,1,1,1783471438
2026-07-08T00:49:24Z,708,5,0,14,0,0,1,1,1,1783471290
2026-07-08T00:49:24Z,709,14,2,0,1,0,1,1,1,1783471600
2026-07-08T00:49:24Z,710,10,2,9,0,0,1,1,1,1783471372
2026-07-08T00:49:24Z,711,7,4,7,5,0,1,1,1,1783471688
2026-07-08T00:49:24Z,712,13,3,1,1,0,1,1,1,1783470607
2026-07-08T00:49:24Z,713,20,9,0,3,0,1,1,1,1783471745
2026-07-08T00:49:24Z,716,2,0,13,0,0,1,1,1,1783471073
2026-07-08T00:49:24Z,717,1,1,17,7,0,1,1,1,1783470363
2026-07-08T00:49:24Z,718,0,0,15,0,0,1,1,1,1783470095
2026-07-08T00:49:24Z,719,17,1,12,0,0,1,1,1,1783470334
2026-07-08T00:49:24Z,720,0,0,17,2,0,1,1,1,1783470171
2026-07-08T00:49:24Z,721,8,1,14,1,0,1,1,1,1783471425
2026-07-08T00:49:24Z,722,14,1,0,1,0,1,1,1,1783470260
2026-07-08T00:49:24Z,723,2,2,16,5,0,1,1,1,1783470350
2026-07-08T00:49:24Z,724,6,2,17,0,0,1,1,1,1783470333
2026-07-08T00:49:24Z,725,21,0,2,0,0,1,1,1,1783471381
2026-07-08T00:49:24Z,726,7,1,10,2,0,1,1,1,1783471552
2026-07-08T00:49:24Z,727,10,0,12,1,0,1,1,1,1783470315
2026-07-08T00:49:24Z,728,5,0,6,4,0,1,1,1,1783470158
2026-07-08T00:49:24Z,729,9,0,10,0,0,1,1,1,1783471625
2026-07-08T00:49:24Z,730,5,0,10,0,0,1,1,1,1783471391
2026-07-08T00:49:24Z,731,1,1,14,0,0,1,1,1,1783470227
2026-07-08T00:49:24Z,732,5,1,10,0,0,1,1,1,1783471300
2026-07-08T00:49:24Z,733,17,1,10,0,0,1,1,1,1783471605
2026-07-08T00:49:24Z,734,7,1,7,0,0,1,1,1,1783470085
2026-07-08T00:49:24Z,735,1,1,26,0,0,1,1,1,1783471547
2026-07-08T00:49:24Z,736,6,5,12,1,0,1,1,1,1783470953
2026-07-08T00:49:24Z,737,3,2,11,1,0,1,1,1,1783470180
2026-07-08T00:49:24Z,738,9,0,9,1,0,1,1,1,1783470261
2026-07-08T00:49:24Z,739,8,3,15,4,0,1,1,1,1783470448
2026-07-08T00:49:24Z,741,10,2,11,2,0,1,1,1,1783470327
2026-07-08T00:49:24Z,742,5,3,31,3,0,1,1,1,1783471676
2026-07-08T00:49:24Z,743,9,4,10,0,0,1,1,1,1783470771
2026-07-08T00:49:24Z,744,4,2,10,1,0,1,1,1,1783471589
2026-07-08T00:49:24Z,745,12,4,6,1,0,1,1,1,1783470507
2026-07-08T00:49:24Z,746,15,3,7,1,0,1,1,1,1783471542
2026-07-08T00:49:24Z,747,0,0,19,0,0,0,1,1,1783446606
2026-07-08T00:49:24Z,748,13,3,9,1,0,1,1,1,1783470379
2026-07-08T00:49:24Z,749,10,0,13,0,0,1,1,1,1783471558
2026-07-08T00:49:24Z,750,2,0,6,3,0,1,1,1,1783471724
2026-07-08T00:49:24Z,751,1,0,22,0,0,1,1,1,1783471725
2026-07-08T00:49:24Z,752,1,1,14,2,0,1,1,1,1783471483
2026-07-08T00:49:24Z,753,5,0,8,2,0,1,1,1,1783471085
2026-07-08T00:49:24Z,754,4,3,10,1,0,1,1,1,1783471037
2026-07-08T00:49:24Z,755,3,0,14,2,0,1,1,1,1783471127
2026-07-08T00:49:24Z,756,1,0,35,1,0,1,1,1,1783471341
2026-07-08T00:49:24Z,757,1,1,18,0,0,1,1,1,1783471327
2026-07-08T00:49:24Z,758,7,2,16,0,0,1,1,1,1783470682
2026-07-08T00:49:24Z,759,1,0,13,1,0,1,1,1,1783470208
2026-07-08T00:49:24Z,760,6,1,12,1,0,1,1,1,1783470225
2026-07-08T00:49:24Z,761,7,2,16,0,0,1,1,1,1783471555
2026-07-08T00:49:24Z,762,5,4,7,3,0,1,1,1,1783470337
2026-07-08T00:49:24Z,768,7,0,8,4,0,1,1,1,1783471433
2026-07-08T00:49:24Z,769,17,7,0,1,0,1,1,1,1783471693
2026-07-08T00:49:24Z,770,4,0,15,0,0,1,1,1,1783470078
2026-07-08T00:49:24Z,771,10,0,5,0,0,1,1,1,1783470125
2026-07-08T00:49:24Z,772,8,3,7,0,0,1,1,1,1783470140
2026-07-08T00:49:24Z,773,12,3,6,1,0,1,1,1,1783471747
2026-07-08T00:49:24Z,774,2,0,11,2,0,1,1,1,1783471673
2026-07-08T00:49:24Z,775,12,3,4,3,0,1,1,1,1783471335
2026-07-08T00:49:24Z,776,4,0,16,1,0,1,1,1,1783471397
2026-07-08T00:49:24Z,777,7,1,7,1,0,1,1,1,1783471723
2026-07-08T00:49:24Z,778,10,0,7,2,0,1,1,1,1783471654
2026-07-08T00:49:24Z,779,12,3,6,1,0,1,1,1,1783471534
2026-07-08T00:49:24Z,780,11,3,6,2,0,1,1,1,1783471745
2026-07-08T00:49:24Z,781,2,0,5,4,0,1,1,1,1783471506
2026-07-08T00:49:24Z,782,2,0,15,2,0,1,1,1,1783471322
2026-07-08T00:49:24Z,783,9,5,8,2,0,1,1,1,1783470287
2026-07-08T00:49:24Z,784,17,1,1,1,0,1,1,1,1783471712
2026-07-08T00:49:24Z,785,10,6,4,4,0,1,1,1,1783471134
2026-07-08T00:49:24Z,786,5,1,12,2,0,1,1,1,1783470291
2026-07-08T00:49:24Z,787,4,1,10,1,0,1,1,1,1783470122
2026-07-08T00:49:24Z,788,6,0,9,0,0,1,1,1,1783470160
2026-07-08T00:49:24Z,789,10,0,2,3,0,1,1,1,1783470107
2026-07-08T00:49:24Z,790,1,0,21,1,0,1,1,1,1783471628
2026-07-08T00:49:24Z,791,7,0,12,0,0,1,1,1,1783470221
2026-07-08T00:49:24Z,793,9,2,3,3,0,1,1,1,1783471312
2026-07-08T00:49:24Z,794,0,0,29,0,0,1,1,1,1783471245
2026-07-08T00:49:24Z,796,1,0,15,3,0,1,1,1,1783470256
2026-07-08T00:49:24Z,797,5,0,9,1,0,1,1,1,1783471491
2026-07-08T00:49:24Z,798,1,0,23,1,0,1,1,1,1783471396
2026-07-08T00:49:24Z,799,2,0,16,1,0,1,1,1,1783471018
2026-07-08T00:49:24Z,800,11,0,10,0,0,1,1,1,1783471531
2026-07-08T00:49:24Z,801,0,0,21,0,0,1,1,1,1783470304
2026-07-08T00:49:24Z,802,1,0,29,1,0,1,1,1,1783471204
2026-07-08T00:49:24Z,803,2,2,13,0,0,1,1,1,1783470187
2026-07-08T00:49:24Z,806,4,3,7,4,0,1,1,1,1783471634
2026-07-08T00:49:24Z,807,2,2,23,0,0,1,1,1,1783471351
2026-07-08T00:49:24Z,808,1,1,22,2,0,1,1,1,1783469208
2026-07-08T00:49:24Z,809,4,1,18,1,0,1,1,1,1783470348
2026-07-08T00:49:24Z,810,3,2,13,3,0,1,1,1,1783470225
2026-07-08T00:49:24Z,815,6,2,8,1,0,1,1,1,1783471458
2026-07-08T00:49:24Z,817,4,0,1,10,0,1,1,1,1783470812
2026-07-08T00:49:24Z,818,5,1,17,1,0,1,1,1,1783470339
2026-07-08T00:49:24Z,819,1,1,11,3,0,1,1,1,1783471741
2026-07-08T00:49:24Z,820,8,0,8,1,0,1,1,1,1783470411
2026-07-08T00:49:24Z,821,9,6,4,2,0,1,1,1,1783471128
2026-07-08T00:49:24Z,822,2,0,21,0,0,1,1,1,1783471441
2026-07-08T00:49:24Z,823,14,0,0,1,0,1,1,1,1783471079
2026-07-08T00:49:24Z,824,6,3,5,8,0,1,1,1,1783471673
2026-07-08T00:49:24Z,825,7,1,8,0,0,1,1,1,1783470139
2026-07-08T00:49:24Z,826,7,0,11,1,0,1,1,1,1783470148
2026-07-08T00:49:24Z,827,6,0,13,2,0,1,1,1,1783470977
2026-07-08T00:49:24Z,828,3,3,14,1,0,1,1,1,1783471733
2026-07-08T00:49:24Z,829,7,2,18,2,0,1,1,1,1783470366
2026-07-08T00:49:24Z,830,12,0,10,1,0,1,1,1,1783471511
2026-07-08T00:49:24Z,831,2,1,13,0,0,1,1,1,1783470079
2026-07-08T00:49:24Z,832,15,3,1,2,0,1,1,1,1783470211
2026-07-08T00:49:24Z,833,6,3,11,2,0,1,1,1,1783470171
2026-07-08T00:49:24Z,834,16,0,5,3,0,1,1,1,1783471750
2026-07-08T00:49:24Z,835,8,0,10,0,0,1,1,1,1783471449
2026-07-08T00:49:24Z,837,8,1,0,7,0,1,1,1,1783470468
2026-07-08T00:49:24Z,838,3,0,10,2,0,1,1,1,1783471651
2026-07-08T00:49:24Z,839,14,2,15,0,0,1,1,1,1783471646
2026-07-08T00:49:24Z,840,10,5,18,1,0,1,1,1,1783471321
2026-07-08T00:49:24Z,841,8,4,7,0,0,1,1,1,1783469956
2026-07-08T00:49:24Z,842,3,2,19,0,0,1,1,1,1783470315
2026-07-08T00:49:24Z,843,6,0,23,2,0,1,1,1,1783470431
2026-07-08T00:49:24Z,844,12,2,10,1,0,1,1,1,1783470725
2026-07-08T00:49:24Z,845,3,0,15,1,0,1,1,1,1783470214
2026-07-08T00:49:24Z,846,1,0,15,2,0,1,1,1,1783470227
2026-07-08T00:49:24Z,847,1,0,26,0,0,1,1,1,1783470387
2026-07-08T00:49:24Z,848,2,1,17,0,0,1,1,1,1783470530
2026-07-08T00:49:24Z,849,1,1,10,3,0,1,1,1,1783471465
2026-07-08T00:49:24Z,850,4,0,5,2,0,1,1,1,1783470996
2026-07-08T00:49:24Z,851,3,2,33,1,0,1,1,1,1783470557
2026-07-08T00:49:24Z,852,6,2,13,0,0,1,1,1,1783471636
2026-07-08T00:49:24Z,853,12,2,10,1,0,1,1,1,1783470339
2026-07-08T00:49:24Z,854,3,1,12,0,0,1,1,1,1783470233
2026-07-08T00:49:24Z,855,10,1,16,1,0,1,1,1,1783471161
2026-07-08T00:49:24Z,857,1,1,16,2,0,1,1,1,1783470461
2026-07-08T00:49:24Z,858,1,0,16,2,0,1,1,1,1783470215
2026-07-08T00:49:24Z,859,4,0,14,3,0,1,1,1,1783470232
2026-07-08T00:49:24Z,861,1,0,9,1,0,1,1,1,1783470077
2026-07-08T00:49:24Z,862,3,1,12,0,0,1,1,1,1783470103
2026-07-08T00:49:24Z,863,9,3,9,1,0,1,1,1,1783470265
2026-07-08T00:49:24Z,866,7,0,12,0,0,1,1,1,1783470232
2026-07-08T00:49:24Z,867,13,0,1,1,0,1,1,1,1783470080
2026-07-08T00:49:24Z,868,15,4,0,0,0,1,1,1,1783470141
2026-07-08T00:49:24Z,870,11,3,4,0,0,1,1,1,1783470144
2026-07-08T00:49:24Z,871,1,0,9,1,0,1,1,1,1783470079
2026-07-08T00:49:24Z,872,9,2,4,2,0,1,1,1,1783470169
2026-07-08T00:49:24Z,873,0,0,31,2,0,1,1,1,1783470646
2026-07-08T00:49:24Z,874,3,0,11,1,0,1,1,1,1783470556
2026-07-08T00:49:24Z,875,8,3,7,0,0,1,1,1,1783470231
2026-07-08T00:49:24Z,877,5,4,12,2,0,1,1,1,1783470244
2026-07-08T00:49:24Z,878,8,0,11,0,0,1,1,1,1783470255
2026-07-08T00:49:24Z,879,5,1,12,2,0,1,1,1,1783470250
2026-07-08T00:49:24Z,880,12,2,11,0,0,1,1,1,1783470345
2026-07-08T00:49:24Z,881,3,0,13,3,0,1,1,1,1783471332
2026-07-08T00:49:24Z,882,12,4,6,1,0,1,1,1,1783470219
2026-07-08T00:49:24Z,883,11,5,8,0,0,1,1,1,1783470181
2026-07-08T00:49:24Z,884,6,5,14,1,0,1,1,1,1783470307
2026-07-08T00:49:24Z,885,19,1,0,0,0,1,1,1,1783470177
2026-07-08T00:49:24Z,886,6,6,21,2,0,1,1,1,1783471412
2026-07-08T00:49:24Z,887,1,0,15,1,0,1,1,1,1783470124
2026-07-08T00:49:24Z,888,7,0,34,0,0,1,1,1,1783471357
2026-07-08T00:49:24Z,889,18,0,0,1,0,1,1,1,1783470171
2026-07-08T00:49:24Z,890,1,1,14,0,0,1,1,1,1783470188
2026-07-08T00:49:24Z,891,11,1,9,3,0,1,1,1,1783470295
2026-07-08T00:49:24Z,892,13,2,1,1,0,1,1,1,1783470450
2026-07-08T00:49:24Z,895,10,1,9,0,0,1,1,1,1783470168
2026-07-08T00:49:24Z,896,19,0,16,0,0,1,1,1,1783471653
2026-07-08T00:49:24Z,897,10,1,10,1,0,1,1,1,1783470291
2026-07-08T00:49:24Z,898,13,0,6,0,0,1,1,1,1783471103
2026-07-08T00:49:24Z,899,19,0,0,0,0,1,1,1,1783471551
2026-07-08T00:49:24Z,900,25,1,2,0,0,1,1,1,1783471751
2026-07-08T00:49:24Z,901,11,0,8,0,0,1,1,1,1783470996
2026-07-08T00:49:24Z,902,4,1,9,2,0,1,1,1,1783470140
2026-07-08T00:49:24Z,903,3,0,16,0,0,1,1,1,1783470201
2026-07-08T00:49:24Z,904,9,0,7,3,0,1,1,1,1783470223
2026-07-08T00:49:24Z,905,3,0,23,1,0,1,1,1,1783470340
2026-07-08T00:49:24Z,906,9,9,16,2,0,1,1,1,1783471307
2026-07-08T00:49:24Z,907,11,0,19,1,0,1,1,1,1783471734
2026-07-08T00:49:24Z,908,8,3,14,1,0,1,1,1,1783471741
2026-07-08T00:49:24Z,909,18,2,5,0,0,1,1,1,1783471692
2026-07-08T00:49:24Z,910,23,1,7,1,0,1,1,1,1783471750
2026-07-08T00:49:24Z,911,11,0,6,2,0,1,1,1,1783471147
2026-07-08T00:49:24Z,912,19,3,1,3,0,1,1,1,1783471599
2026-07-08T00:49:24Z,913,7,2,12,0,0,1,1,1,1783471663
2026-07-08T00:49:24Z,914,2,0,16,1,0,1,1,1,1783471658
2026-07-08T00:49:24Z,915,22,1,0,1,0,1,1,1,1783471740
2026-07-08T00:49:24Z,916,22,2,1,0,0,1,1,1,1783471698
2026-07-08T00:49:24Z,917,6,1,29,0,0,1,1,1,1783471704
2026-07-08T00:49:24Z,918,9,3,9,1,0,1,1,1,1783471651
2026-07-08T00:49:24Z,919,5,0,33,1,0,1,1,1,1783471628
2026-07-08T00:49:24Z,920,9,4,9,1,0,1,1,1,1783470199
2026-07-08T00:49:24Z,921,17,0,2,2,0,1,1,1,1783470269
2026-07-08T00:49:24Z,922,10,0,11,0,0,1,1,1,1783470337
2026-07-08T00:49:24Z,923,1,0,17,1,0,1,1,1,1783471417
2026-07-08T00:49:24Z,924,6,1,14,1,0,1,1,1,1783470251
2026-07-08T00:49:24Z,925,4,0,15,2,0,1,1,1,1783471719
2026-07-08T00:49:24Z,926,2,0,18,1,0,1,1,1,1783470742
2026-07-08T00:49:24Z,927,0,0,34,0,0,1,1,1,1783470461
2026-07-08T00:49:24Z,928,7,1,12,0,0,1,1,1,1783471698
2026-07-08T00:49:24Z,929,0,0,23,0,0,1,1,1,1783470307
2026-07-08T00:49:24Z,930,20,0,9,2,0,1,1,1,1783471060
2026-07-08T00:49:24Z,931,11,10,12,0,0,1,1,1,1783471146
2026-07-08T00:49:24Z,932,4,0,15,0,0,1,1,1,1783471730
2026-07-08T00:49:24Z,933,15,0,7,1,0,1,1,1,1783471576
2026-07-08T00:49:24Z,934,0,0,31,0,0,1,1,1,1783471239
2026-07-08T00:49:24Z,935,12,0,4,3,0,1,1,1,1783471302
2026-07-08T00:49:24Z,936,0,0,19,0,0,1,1,1,1783471601
2026-07-08T00:49:24Z,940,9,0,2,0,0,1,1,1,1783471410
2026-07-08T00:49:24Z,941,14,2,11,0,0,1,1,1,1783471223
2026-07-08T00:49:24Z,942,2,1,19,0,0,1,1,1,1783471693
2026-07-08T00:49:24Z,943,4,4,10,1,0,1,1,1,1783470093
2026-07-08T00:49:24Z,944,7,7,7,1,0,1,1,1,1783470147
2026-07-08T00:49:24Z,945,6,3,8,1,0,1,1,1,1783470136
2026-07-08T00:49:24Z,946,10,7,9,0,0,1,1,1,1783470174
2026-07-08T00:49:24Z,947,8,6,9,0,0,1,1,1,1783470131
2026-07-08T00:49:24Z,948,5,5,25,1,0,1,1,1,1783471749
2026-07-08T00:49:24Z,949,1,1,13,1,0,1,1,1,1783471660
2026-07-08T00:49:24Z,950,3,1,13,1,0,1,1,1,1783471609
2026-07-08T00:49:24Z,951,6,2,15,2,0,1,1,1,1783471321
2026-07-08T00:49:24Z,952,24,1,24,7,0,1,1,1,1783471590
2026-07-08T00:49:24Z,953,12,0,2,1,0,1,1,1,1783471540
2026-07-08T00:49:24Z,954,13,1,6,0,0,1,1,1,1783471575
2026-07-08T00:49:24Z,955,6,4,16,5,0,1,1,1,1783470522
2026-07-08T00:49:24Z,956,14,1,3,2,0,1,1,1,1783471205
2026-07-08T00:49:24Z,957,29,1,0,0,0,1,1,1,1783471585
2026-07-08T00:49:24Z,958,24,0,4,3,0,1,1,1,1783471673
2026-07-08T00:49:24Z,959,14,6,8,1,0,1,1,1,1783471713
2026-07-08T00:49:24Z,960,22,2,0,1,0,1,1,1,1783470312
2026-07-08T00:49:24Z,961,1,0,18,4,0,1,1,1,1783470342
2026-07-08T00:49:24Z,962,9,5,19,7,0,1,1,1,1783471752
2026-07-08T00:49:24Z,963,16,0,7,0,0,1,1,1,1783471536
2026-07-08T00:49:24Z,964,14,10,8,1,0,1,1,1,1783471670
2026-07-08T00:49:24Z,965,5,1,20,2,0,1,1,1,1783471464
2026-07-08T00:49:24Z,966,24,0,6,1,0,1,1,1,1783471689
2026-07-08T00:49:24Z,967,13,0,5,3,0,1,1,1,1783471673
2026-07-08T00:49:24Z,968,13,0,6,0,0,1,1,1,1783471705
2026-07-08T00:49:24Z,969,18,7,7,2,0,1,1,1,1783470964
2026-07-08T00:49:24Z,970,12,5,6,1,0,1,1,1,1783471431
2026-07-08T00:49:24Z,971,21,1,0,2,0,1,1,1,1783470461
2026-07-08T00:49:24Z,972,19,1,4,0,0,1,1,1,1783471651
2026-07-08T00:49:24Z,973,1,0,21,1,0,1,1,1,1783471440
2026-07-08T00:49:24Z,974,4,0,22,1,0,1,1,1,1783471645
2026-07-08T00:49:24Z,977,0,0,19,2,0,1,1,1,1783470212
2026-07-08T00:49:24Z,978,12,3,11,0,0,1,1,1,1783470915
2026-07-08T00:49:24Z,979,1,0,13,3,0,1,1,1,1783471300
2026-07-08T00:49:24Z,980,2,1,19,0,0,1,1,1,1783471425
2026-07-08T00:49:24Z,981,19,1,1,1,0,1,1,1,1783471721
2026-07-08T00:49:24Z,982,4,1,15,0,0,1,1,1,1783470207
2026-07-08T00:49:24Z,983,0,0,23,0,0,1,1,1,1783470342
2026-07-08T00:49:24Z,984,20,8,0,3,0,1,1,1,1783470348
2026-07-08T00:49:24Z,985,21,0,9,1,0,1,1,1,1783471725
2026-07-08T00:49:24Z,986,9,8,10,0,0,1,1,1,1783470236
2026-07-08T00:49:24Z,987,3,0,19,1,0,1,1,1,1783470311
2026-07-08T00:49:24Z,988,5,0,12,2,0,1,1,1,1783470895
2026-07-08T00:49:24Z,989,14,10,3,2,0,1,1,1,1783470271
2026-07-08T00:49:24Z,990,6,1,8,1,0,1,1,1,1783471692
2026-07-08T00:49:24Z,991,16,9,3,0,0,1,1,1,1783471054
2026-07-08T00:49:24Z,992,4,2,18,1,0,1,1,1,1783470385
2026-07-08T00:49:24Z,993,0,0,25,2,0,1,1,1,1783470371
2026-07-08T00:49:24Z,994,2,0,17,2,0,1,1,1,1783471061
2026-07-08T00:49:24Z,995,0,0,27,0,0,1,1,1,1783470332
2026-07-08T00:49:24Z,996,9,4,12,2,0,1,1,1,1783470363
2026-07-08T00:49:24Z,997,6,2,12,5,0,1,1,1,1783471718
2026-07-08T00:49:24Z,998,5,1,18,0,0,1,1,1,1783471674
2026-07-08T00:49:24Z,999,7,2,12,1,1,1,1,1,1783470313
2026-07-08T00:49:24Z,1000,5,0,15,1,0,1,1,1,1783470253
2026-07-08T00:49:24Z,1001,1,0,26,0,0,1,1,1,1783471152
2026-07-08T00:49:24Z,1002,0,0,31,0,0,1,1,1,1783470387
2026-07-08T00:49:24Z,1003,0,0,23,0,0,1,1,1,1783470298
2026-07-08T00:49:24Z,1004,6,0,17,0,0,1,1,1,1783470956
2026-07-08T00:49:24Z,1005,5,2,17,1,0,1,1,1,1783470303
2026-07-08T00:49:24Z,1006,10,1,9,0,0,1,1,1,1783470224
2026-07-08T00:49:24Z,1007,2,0,18,1,0,1,1,1,1783471001
2026-07-08T00:49:24Z,1008,18,8,5,0,0,1,1,1,1783470335
2026-07-08T00:49:24Z,1009,5,1,24,2,0,1,1,1,1783470463
2026-07-08T00:49:24Z,1010,9,8,18,0,0,1,1,1,1783470375
2026-07-08T00:49:24Z,1011,2,1,15,2,0,1,1,1,1783470218
2026-07-08T00:49:24Z,1012,1,0,21,1,0,1,1,1,1783470310
2026-07-08T00:49:24Z,1013,4,2,18,1,0,1,1,1,1783470323
2026-07-08T00:49:24Z,1014,6,1,15,2,0,1,1,1,1783470297
2026-07-08T00:49:24Z,1015,8,3,23,0,0,1,1,1,1783470403
2026-07-08T00:49:24Z,1016,17,6,13,1,0,1,1,1,1783471298
2026-07-08T00:49:24Z,1017,8,0,12,1,0,1,1,1,1783470273
2026-07-08T00:49:24Z,1018,3,2,13,5,0,1,1,1,1783470304
2026-07-08T00:49:24Z,1019,13,1,1,1,0,1,1,1,1783470157
2026-07-08T00:49:24Z,1020,14,2,7,0,0,1,1,1,1783470269
2026-07-08T00:49:24Z,1021,12,6,3,0,0,1,1,1,1783470171
2026-07-08T00:49:24Z,1022,12,1,15,0,0,1,1,1,1783470741
2026-07-08T00:49:24Z,1023,13,0,10,0,0,1,1,1,1783470358
2026-07-08T00:49:24Z,1024,3,0,16,0,0,1,1,1,1783470286
2026-07-08T00:49:24Z,1025,15,1,4,0,0,1,1,1,1783470224
2026-07-08T00:49:24Z,1026,10,7,20,1,0,1,1,1,1783470418
2026-07-08T00:49:24Z,1028,16,4,7,0,0,1,1,1,1783470340
2026-07-08T00:49:24Z,1029,10,8,2,3,0,1,1,1,1783470169
2026-07-08T00:49:24Z,1030,17,5,6,0,0,1,1,1,1783470362
2026-07-08T00:49:24Z,1031,2,2,16,1,0,1,1,1,1783470225
2026-07-08T00:49:24Z,1032,10,3,9,0,0,1,1,1,1783470229
2026-07-08T00:49:24Z,1033,17,8,1,1,0,1,1,1,1783470269
2026-07-08T00:49:24Z,1034,8,0,7,0,0,1,1,1,1783470156
2026-07-08T00:49:24Z,1035,4,0,14,1,0,1,1,1,1783470826
2026-07-08T00:49:24Z,1036,14,4,1,0,0,1,1,1,1783470169
2026-07-08T00:49:24Z,1037,0,0,19,0,0,1,1,1,1783470215
2026-07-08T00:49:24Z,1038,0,0,15,0,0,1,1,1,1783470145
2026-07-08T00:49:24Z,1039,12,6,7,0,0,1,1,1,1783470236
2026-07-08T00:49:24Z,1040,0,0,18,1,0,1,1,1,1783470234
2026-07-08T00:49:24Z,1041,3,2,16,0,0,1,1,1,1783470213
2026-07-08T00:49:24Z,1042,9,2,6,0,0,1,1,1,1783470154
2026-07-08T00:49:24Z,1043,9,6,10,0,0,1,1,1,1783470234
2026-07-08T00:49:24Z,1044,0,0,15,0,0,1,1,1,1783470143
2026-07-08T00:49:24Z,1045,2,1,17,0,0,1,1,1,1783470222
2026-07-08T00:49:24Z,1046,6,0,6,3,0,1,1,1,1783470832
2026-07-08T00:49:24Z,1047,1,1,19,1,0,1,1,1,1783470243
2026-07-08T00:49:24Z,1048,14,1,5,0,0,1,1,1,1783470205
2026-07-08T00:49:24Z,1049,11,2,10,0,0,1,1,1,1783470280
2026-07-08T00:49:24Z,1050,16,1,3,2,0,1,1,1,1783470502
2026-07-08T00:49:24Z,1051,15,2,5,1,0,1,1,1,1783470285
2026-07-08T00:49:24Z,1052,12,1,10,0,0,1,1,1,1783470316
2026-07-08T00:49:24Z,1053,6,0,9,0,0,1,1,1,1783470161
2026-07-08T00:49:24Z,1054,10,3,5,0,0,1,1,1,1783471281
2026-07-08T00:49:24Z,1055,8,0,11,0,0,1,1,1,1783470220
2026-07-08T00:49:24Z,1057,5,0,14,0,0,1,1,1,1783471736
2026-07-08T00:49:24Z,1058,1,1,54,1,0,1,1,1,1783471113
2026-07-08T00:49:24Z,1059,5,2,14,0,0,1,1,1,1783471030
2026-07-08T00:49:24Z,1060,35,13,2,0,0,1,1,1,1783471322
2026-07-08T00:49:24Z,1061,0,0,37,0,0,1,1,1,1783471484
2026-07-08T00:49:24Z,1062,6,0,11,0,0,1,1,1,1783470128
2026-07-08T00:49:24Z,1063,13,3,4,2,0,1,1,1,1783471193
2026-07-08T00:49:24Z,1064,10,2,13,0,0,1,1,1,1783470296
2026-07-08T00:49:24Z,1065,10,2,11,2,0,1,1,1,1783470341
2026-07-08T00:49:24Z,1066,14,3,7,2,0,1,1,1,1783470361
2026-07-08T00:49:24Z,1067,7,0,13,3,0,1,1,1,1783470314
2026-07-08T00:49:24Z,1068,13,1,9,1,0,1,1,1,1783470306
2026-07-08T00:49:24Z,1069,3,0,19,1,0,1,1,1,1783470336
2026-07-08T00:49:24Z,1070,7,4,15,1,0,1,1,1,1783470313
2026-07-08T00:49:24Z,1071,0,0,22,1,0,1,1,1,1783470301
2026-07-08T00:49:24Z,1072,13,2,8,2,0,1,1,1,1783470346
2026-07-08T00:49:24Z,1073,0,0,26,1,0,1,1,1,1783471545
2026-07-08T00:49:24Z,1074,46,1,3,4,0,1,1,1,1783471689
2026-07-08T00:49:24Z,1075,10,9,11,0,0,1,1,1,1783470278
2026-07-08T00:49:24Z,1076,15,11,6,0,0,1,1,1,1783471362
2026-07-08T00:49:24Z,1077,10,9,11,0,0,1,1,1,1783470274
2026-07-08T00:49:24Z,1078,2,0,19,0,0,1,1,1,1783471111
2026-07-08T00:49:24Z,1079,10,8,11,0,0,1,1,1,1783470266
2026-07-08T00:49:24Z,1080,10,8,11,0,0,1,1,1,1783470296
2026-07-08T00:49:24Z,1081,13,10,6,0,0,1,1,1,1783471065
2026-07-08T00:49:24Z,1082,13,11,10,0,0,1,1,1,1783470248
2026-07-08T00:49:24Z,1083,11,8,10,0,0,1,1,1,1783470283
2026-07-08T00:49:24Z,1084,9,7,12,0,0,1,1,1,1783470347
2026-07-08T00:49:24Z,1085,10,9,11,0,0,1,1,1,1783470361
2026-07-08T00:49:24Z,1086,8,6,13,0,0,1,1,1,1783471275
2026-07-08T00:49:24Z,1087,9,9,6,0,0,1,1,1,1783470516
2026-07-08T00:49:24Z,1088,6,4,9,0,0,1,1,1,1783470195
2026-07-08T00:49:24Z,1089,11,9,4,0,0,1,1,1,1783470993
2026-07-08T00:49:24Z,1090,9,8,6,0,0,1,1,1,1783470164
2026-07-08T00:49:24Z,1091,10,8,5,0,0,1,1,1,1783470167
2026-07-08T00:49:24Z,1092,7,6,8,0,0,1,1,1,1783470201
2026-07-08T00:49:24Z,1093,9,7,6,0,0,1,1,1,1783470173
2026-07-08T00:49:24Z,1094,12,9,7,0,0,1,1,1,1783470205
2026-07-08T00:49:24Z,1095,8,6,7,0,0,1,1,1,1783470105
2026-07-08T00:49:24Z,1096,10,7,9,0,0,1,1,1,1783470256
2026-07-08T00:49:24Z,1097,9,9,6,0,0,1,1,1,1783470186
2026-07-08T00:49:24Z,1098,8,6,11,0,0,1,1,1,1783470231
2026-07-08T00:49:24Z,1099,10,8,5,0,0,1,1,1,1783470167
2026-07-08T00:49:24Z,1100,9,5,18,2,0,1,1,1,1783470404
2026-07-08T00:49:24Z,1101,12,7,8,1,0,1,1,1,1783470295
2026-07-08T00:49:24Z,1102,8,3,5,0,0,1,1,1,1783471738
2026-07-08T00:49:24Z,1103,10,5,9,2,0,1,1,1,1783470279
2026-07-08T00:49:24Z,1104,9,5,12,0,0,1,1,1,1783470293
2026-07-08T00:49:24Z,1105,6,2,5,2,0,1,1,1,1783471057
2026-07-08T00:49:24Z,1106,10,5,10,1,0,1,1,1,1783470276
2026-07-08T00:49:24Z,1107,9,4,5,1,0,1,1,1,1783470148
2026-07-08T00:49:24Z,1108,4,2,20,3,0,1,1,1,1783470347
2026-07-08T00:49:24Z,1109,10,5,5,0,0,1,1,1,1783470151
2026-07-08T00:49:24Z,1110,12,1,9,0,0,1,1,1,1783470806
2026-07-08T00:49:24Z,1111,4,0,17,0,0,1,1,1,1783471528
2026-07-08T00:49:24Z,1112,2,0,51,0,0,1,1,1,1783471433
2026-07-08T00:49:24Z,1113,2,2,19,0,0,1,1,1,1783470192
2026-07-08T00:49:24Z,1115,9,0,12,2,0,1,1,1,1783470559
2026-07-08T00:49:24Z,1116,1,0,18,0,0,1,1,1,1783470213
2026-07-08T00:49:24Z,1117,3,2,20,0,0,1,1,1,1783471704
2026-07-08T00:49:24Z,1118,17,1,4,0,0,1,1,1,1783471647
2026-07-08T00:49:24Z,1119,4,1,12,1,0,1,1,1,1783470953
2026-07-08T00:49:24Z,1120,15,1,1,3,0,1,1,1,1783471707
2026-07-08T00:49:24Z,1121,6,1,15,0,0,1,1,1,1783471586
2026-07-08T00:49:24Z,1122,7,3,13,1,0,1,1,1,1783471716
2026-07-08T00:49:24Z,1123,3,0,18,2,0,1,1,1,1783471200
2026-07-08T00:49:24Z,1124,9,0,5,1,0,1,1,1,1783471466
2026-07-08T00:49:24Z,1125,16,0,7,0,0,1,1,1,1783471091
2026-07-08T00:49:24Z,1126,5,0,15,1,0,1,1,1,1783471655
2026-07-08T00:49:24Z,1127,11,1,7,1,0,1,1,1,1783471592
2026-07-08T00:49:24Z,1128,13,2,1,1,0,1,1,1,1783470625
2026-07-08T00:49:24Z,1129,7,2,14,0,0,1,1,1,1783470395
2026-07-08T00:49:24Z,1130,12,0,2,1,0,1,1,1,1783471540
2026-07-08T00:49:24Z,1131,0,0,49,0,0,1,1,1,1783470717
2026-07-08T00:49:24Z,1132,11,0,8,2,0,1,1,1,1783470247
2026-07-08T00:49:24Z,1133,5,3,15,1,0,1,1,1,1783471542
2026-07-08T00:49:24Z,1134,10,4,8,1,0,1,1,1,1783471217
2026-07-08T00:49:24Z,1135,13,7,8,0,0,1,1,1,1783470270
2026-07-08T00:49:24Z,1136,21,0,1,1,0,1,1,1,1783471680
2026-07-08T00:49:24Z,1137,1,1,14,0,0,1,1,1,1783470840
2026-07-08T00:49:24Z,1138,19,0,0,0,0,1,1,1,1783470249
2026-07-08T00:49:24Z,1139,10,0,11,0,0,1,1,1,1783470663
2026-07-08T00:49:24Z,1140,15,1,6,2,0,1,1,1,1783471531
2026-07-08T00:49:24Z,1141,1,1,18,2,0,1,1,1,1783471728
2026-07-08T00:49:24Z,1142,5,0,16,0,0,1,1,1,1783470278
2026-07-08T00:49:24Z,1143,16,0,12,1,0,1,1,1,1783471682
2026-07-08T00:49:24Z,1144,3,1,17,1,0,1,1,1,1783400779
2026-07-08T00:49:24Z,1145,6,2,11,3,0,1,1,1,1783471020
2026-07-08T00:49:24Z,1146,0,0,19,0,0,1,1,1,1783471678
2026-07-08T00:49:24Z,1147,10,2,9,0,0,1,1,1,1783471518
2026-07-08T00:49:24Z,1148,9,1,21,1,0,1,1,1,1783471673
2026-07-08T00:49:24Z,1149,4,4,20,1,0,1,1,1,1783471166
2026-07-08T00:49:24Z,1150,18,1,0,1,0,1,1,1,1783471727
2026-07-08T00:49:24Z,1151,1,0,19,1,0,1,1,1,1783471281
2026-07-08T00:49:24Z,1152,11,0,16,2,0,1,1,1,1783470364
2026-07-08T00:49:24Z,1153,15,1,7,1,0,1,1,1,1783471641
2026-07-08T00:49:24Z,1154,2,0,15,2,0,1,1,1,1783471743
2026-07-08T00:49:24Z,1155,14,3,5,2,0,1,1,1,1783471723
2026-07-08T00:49:24Z,1158,9,0,10,0,0,1,1,1,1783470218
2026-07-08T00:49:24Z,1159,7,5,12,0,0,1,1,1,1783470294
2026-07-08T00:49:24Z,1160,12,2,6,1,0,1,1,1,1783470958
2026-07-08T00:49:24Z,1161,8,2,11,0,0,1,1,1,1783470250
2026-07-08T00:49:24Z,1162,12,4,6,1,0,1,1,1,1783471413
2026-07-08T00:49:24Z,1163,2,2,17,0,0,1,1,1,1783470200
2026-07-08T00:49:24Z,1164,8,0,11,0,0,1,1,1,1783471298
2026-07-08T00:49:24Z,1165,3,1,17,1,0,1,1,1,1783470244
2026-07-08T00:49:24Z,1166,2,0,18,0,0,1,1,1,1783470827
2026-07-08T00:49:24Z,1167,13,2,2,0,0,1,1,1,1783470140
2026-07-08T00:49:24Z,1168,1,1,22,0,0,1,1,1,1783470353
2026-07-08T00:49:24Z,1169,3,2,15,1,0,1,1,1,1783470216
2026-07-08T00:49:24Z,1170,8,5,13,0,0,1,1,1,1783471583
2026-07-08T00:49:24Z,1171,16,14,6,1,0,1,1,1,1783470345
2026-07-08T00:49:24Z,1172,9,3,4,2,0,1,1,1,1783470162
2026-07-08T00:49:24Z,1173,1,1,17,1,0,1,1,1,1783471313
2026-07-08T00:49:24Z,1174,3,1,11,1,0,1,1,1,1783471547
2026-07-08T00:49:24Z,1175,6,0,13,0,0,1,1,1,1783471263
2026-07-08T00:49:24Z,1176,19,5,2,0,0,1,1,1,1783470254
2026-07-08T00:49:24Z,1177,11,2,10,0,0,1,1,1,1783470246
2026-07-08T00:49:24Z,1178,4,0,9,2,0,1,1,1,1783470271
2026-07-08T00:49:24Z,1181,14,1,1,0,0,1,1,1,1783469544
2026-07-08T00:49:24Z,1182,2,0,18,0,0,1,1,1,1783471680
2026-07-08T00:49:24Z,1183,0,0,35,2,0,1,1,1,1783471047
2026-07-08T00:49:24Z,1184,16,6,4,1,0,1,1,1,1783471751
2026-07-08T00:49:24Z,1185,13,6,8,0,0,1,1,1,1783470276
2026-07-08T00:49:24Z,1186,9,5,9,1,0,1,1,1,1783470212
2026-07-08T00:49:24Z,1188,8,4,7,0,0,1,1,1,1783471500
2026-07-08T00:49:24Z,1189,10,5,9,0,0,1,1,1,1783471577
2026-07-08T00:49:24Z,1190,9,5,12,0,0,1,1,1,1783470249
2026-07-08T00:49:24Z,1191,8,4,6,1,0,1,1,1,1783470288
2026-07-08T00:49:24Z,1192,8,4,12,1,0,1,1,1,1783470302
2026-07-08T00:49:24Z,1193,3,1,9,1,0,1,1,1,1783470092
2026-07-08T00:49:24Z,1197,13,3,3,1,0,1,1,1,1783470122
2026-07-08T00:49:24Z,1198,15,9,6,0,0,1,1,1,1783470265
2026-07-08T00:49:24Z,1199,3,3,16,0,0,1,1,1,1783470199
2026-07-08T00:49:24Z,1200,11,4,4,0,0,1,1,1,1783469989
2026-07-08T00:49:24Z,1201,8,4,6,1,0,1,1,1,1783470012
2026-07-08T00:49:24Z,1202,9,5,6,0,0,1,1,1,1783469979
2026-07-08T00:49:24Z,1203,8,4,7,0,0,1,1,1,1783470691
2026-07-08T00:49:24Z,1218,7,4,14,0,0,1,1,1,1783470295
2026-07-08T00:49:24Z,1224,0,0,3,0,0,0,1,1,1781869449
2026-07-08T00:49:24Z,1225,0,0,3,0,0,0,1,1,1781868919
2026-07-08T00:49:24Z,1226,0,0,3,0,0,0,1,1,1781868931
2026-07-08T00:54:24Z,1,0,0,23,0,0,1,1,1,1783470556
2026-07-08T00:54:24Z,2,13,0,13,1,0,1,1,1,1783471961
2026-07-08T00:54:24Z,3,7,0,11,0,0,1,1,1,1783472007
2026-07-08T00:54:24Z,4,0,0,23,0,0,1,1,1,1783471730
2026-07-08T00:54:24Z,5,8,6,12,3,0,1,1,1,1783471988
2026-07-08T00:54:24Z,6,5,0,10,0,0,1,1,1,1783471519
2026-07-08T00:54:24Z,7,19,0,4,0,0,1,1,1,1783471804
2026-07-08T00:54:24Z,8,39,0,3,1,0,1,1,1,1783471760
2026-07-08T00:54:24Z,9,1,0,21,1,0,1,1,1,1783471968
2026-07-08T00:54:24Z,10,8,3,15,0,0,1,1,1,1783471067
2026-07-08T00:54:24Z,11,0,0,19,0,0,1,1,1,1783471838
2026-07-08T00:54:24Z,12,2,1,21,0,0,1,1,1,1783472012
2026-07-08T00:54:24Z,13,28,0,2,0,0,1,1,1,1783472043
2026-07-08T00:54:24Z,14,41,0,2,0,0,1,1,1,1783471978
2026-07-08T00:54:24Z,15,14,0,0,1,0,1,1,1,1783471834
2026-07-08T00:54:24Z,16,2,2,25,0,0,1,1,1,1783471868
2026-07-08T00:54:24Z,17,23,0,2,2,0,1,1,1,1783472038
2026-07-08T00:54:24Z,18,19,0,0,0,0,1,1,1,1783471262
2026-07-08T00:54:24Z,19,17,0,10,0,0,1,1,1,1783472007
2026-07-08T00:54:24Z,20,16,1,11,0,0,1,1,1,1783471908
2026-07-08T00:54:24Z,21,15,0,3,1,0,1,1,1,1783471888
2026-07-08T00:54:24Z,22,0,0,66,1,0,1,1,1,1783471637
2026-07-08T00:54:24Z,23,8,0,23,0,0,1,1,1,1783471687
2026-07-08T00:54:24Z,24,3,2,7,1,0,1,1,1,1783472055
2026-07-08T00:54:24Z,25,31,0,45,5,0,1,1,1,1783471989
2026-07-08T00:54:24Z,26,1,0,26,0,0,1,1,1,1783471991
2026-07-08T00:54:24Z,28,13,3,2,0,0,1,1,1,1783471859
2026-07-08T00:54:24Z,30,11,1,16,0,0,1,1,1,1783471107
2026-07-08T00:54:24Z,31,0,0,19,0,0,1,1,1,1783470675
2026-07-08T00:54:24Z,32,26,1,1,0,0,1,1,1,1783472028
2026-07-08T00:54:24Z,34,28,1,9,0,0,1,1,1,1783470064
2026-07-08T00:54:24Z,35,3,2,42,2,0,1,1,1,1783471925
2026-07-08T00:54:24Z,36,0,0,0,0,0,0,1,1,86400
2026-07-08T00:54:24Z,37,5,0,17,1,0,1,1,1,1783472020
2026-07-08T00:54:24Z,38,2,1,21,0,0,1,1,1,1783471873
2026-07-08T00:54:24Z,39,25,5,6,0,0,1,1,1,1783472022
2026-07-08T00:54:24Z,40,0,0,21,0,0,1,1,1,1783469847
2026-07-08T00:54:24Z,41,3,0,22,2,0,1,1,1,1783471818
2026-07-08T00:54:24Z,42,9,2,21,1,0,1,1,1,1783471860
2026-07-08T00:54:24Z,43,17,1,6,0,0,1,1,1,1783471716
2026-07-08T00:54:24Z,45,1,1,27,3,0,1,1,1,1783471949
2026-07-08T00:54:24Z,46,14,0,15,1,1,1,1,1,1783471990
2026-07-08T00:54:24Z,47,4,1,11,0,0,1,1,1,1783471814
2026-07-08T00:54:24Z,48,3,1,24,0,0,1,1,1,1783471846
2026-07-08T00:54:24Z,49,1,0,19,3,0,1,1,1,1783472055
2026-07-08T00:54:24Z,50,4,2,15,0,0,1,1,1,1783471542
2026-07-08T00:54:24Z,51,0,0,78,0,0,1,1,1,1783470549
2026-07-08T00:54:24Z,52,1,0,24,2,0,1,1,1,1783471684
2026-07-08T00:54:24Z,55,0,0,21,0,1,1,1,1,1783471961
2026-07-08T00:54:24Z,57,0,0,27,0,0,1,1,1,1783471218
2026-07-08T00:54:24Z,58,3,1,25,0,0,1,1,1,1783471810
2026-07-08T00:54:24Z,59,1,0,24,2,0,1,1,1,1783471380
2026-07-08T00:54:24Z,61,0,0,37,2,0,1,1,1,1783471871
2026-07-08T00:54:24Z,62,2,0,45,2,0,1,1,1,1783471489
2026-07-08T00:54:24Z,63,0,0,19,0,0,1,1,1,1783468347
2026-07-08T00:54:24Z,64,16,1,2,1,0,1,1,1,1783471802
2026-07-08T00:54:24Z,65,1,0,16,2,0,1,1,1,1783472012
2026-07-08T00:54:24Z,67,1,0,38,0,0,1,1,1,1783471972
2026-07-08T00:54:24Z,68,0,0,37,0,0,1,1,1,1783470766
2026-07-08T00:54:24Z,69,14,2,1,0,0,1,1,1,1783468047
2026-07-08T00:54:24Z,71,0,0,27,0,0,1,1,1,1783471986
2026-07-08T00:54:24Z,72,1,1,30,0,0,1,1,1,1783471847
2026-07-08T00:54:24Z,73,0,0,23,0,0,1,1,1,1783470373
2026-07-08T00:54:24Z,74,6,2,13,0,0,1,1,1,1783471037
2026-07-08T00:54:24Z,75,0,0,34,1,0,1,1,1,1783468816
2026-07-08T00:54:24Z,76,2,0,17,0,0,1,1,1,1783471742
2026-07-08T00:54:24Z,77,5,0,18,4,0,1,1,1,1783471828
2026-07-08T00:54:24Z,78,1,1,22,0,0,1,1,1,1783471751
2026-07-08T00:54:24Z,79,4,0,13,0,0,1,1,1,1783472050
2026-07-08T00:54:24Z,80,16,2,5,2,0,1,1,1,1783471801
2026-07-08T00:54:24Z,81,6,1,12,13,0,1,1,1,1783472018
2026-07-08T00:54:24Z,82,0,0,21,2,0,1,1,1,1783471549
2026-07-08T00:54:24Z,83,1,0,30,3,0,1,1,1,1783471723
2026-07-08T00:54:24Z,84,18,0,7,2,0,1,1,1,1783471978
2026-07-08T00:54:24Z,85,1,0,13,0,0,1,1,1,1783471937
2026-07-08T00:54:24Z,86,4,2,22,1,0,1,1,1,1783471899
2026-07-08T00:54:24Z,87,0,0,19,0,0,1,1,1,1783464851
2026-07-08T00:54:24Z,88,29,4,2,0,0,1,1,1,1783471777
2026-07-08T00:54:24Z,89,14,1,21,0,0,1,1,1,1783471869
2026-07-08T00:54:24Z,90,8,0,10,1,0,1,1,1,1783472028
2026-07-08T00:54:24Z,91,6,1,11,0,0,1,1,1,1783471819
2026-07-08T00:54:24Z,92,16,1,1,2,0,1,1,1,1783471879
2026-07-08T00:54:24Z,93,21,0,2,0,0,1,1,1,1783471582
2026-07-08T00:54:24Z,94,1,1,18,0,0,1,1,1,1783468543
2026-07-08T00:54:24Z,95,1,0,32,1,1,1,1,1,1783472049
2026-07-08T00:54:24Z,96,9,1,20,2,0,1,1,1,1783471856
2026-07-08T00:54:24Z,97,9,0,6,0,0,1,1,1,1783471888
2026-07-08T00:54:24Z,98,17,0,16,2,0,1,1,1,1783471786
2026-07-08T00:54:24Z,99,7,0,7,0,0,1,1,1,1783471792
2026-07-08T00:54:24Z,100,18,0,8,1,0,1,1,1,1783471865
2026-07-08T00:54:24Z,101,2,0,11,2,0,1,1,1,1783472005
2026-07-08T00:54:24Z,102,8,0,15,0,0,1,1,1,1783470943
2026-07-08T00:54:24Z,103,13,0,15,4,0,1,1,1,1783471999
2026-07-08T00:54:24Z,104,3,2,22,2,0,1,1,1,1783471845
2026-07-08T00:54:24Z,105,11,0,8,0,0,1,1,1,1783471474
2026-07-08T00:54:24Z,106,0,0,21,0,0,1,1,1,1783471878
2026-07-08T00:54:24Z,107,35,1,2,0,0,1,1,1,1783471964
2026-07-08T00:54:24Z,108,12,0,21,2,0,1,1,1,1783471890
2026-07-08T00:54:24Z,109,8,0,15,0,0,1,1,1,1783472032
2026-07-08T00:54:24Z,110,5,0,18,0,0,1,1,1,1783471611
2026-07-08T00:54:24Z,111,1,0,34,1,0,1,1,1,1783471986
2026-07-08T00:54:24Z,112,17,0,1,1,0,1,1,1,1783471949
2026-07-08T00:54:24Z,113,1,1,18,0,0,1,1,1,1783471953
2026-07-08T00:54:24Z,114,6,2,21,4,0,1,1,1,1783471773
2026-07-08T00:54:24Z,115,0,0,24,2,0,1,1,1,1783471769
2026-07-08T00:54:24Z,116,2,2,25,0,0,1,1,1,1783471409
2026-07-08T00:54:24Z,118,8,4,11,4,0,1,1,1,1783472046
2026-07-08T00:54:24Z,119,15,2,21,2,0,1,1,1,1783471767
2026-07-08T00:54:24Z,120,4,1,21,2,0,1,1,1,1783472014
2026-07-08T00:54:24Z,121,10,0,9,0,0,1,1,1,1783471817
2026-07-08T00:54:24Z,122,15,0,6,0,0,1,1,1,1783471846
2026-07-08T00:54:24Z,123,12,1,35,0,0,1,1,1,1783471772
2026-07-08T00:54:24Z,124,8,2,19,0,0,1,1,1,1783472055
2026-07-08T00:54:24Z,125,3,0,20,0,0,1,1,1,1783470997
2026-07-08T00:54:24Z,126,3,0,28,0,0,1,1,1,1783471685
2026-07-08T00:54:24Z,127,0,0,22,0,0,1,1,1,1783471981
2026-07-08T00:54:24Z,128,3,3,16,0,0,1,1,1,1783471762
2026-07-08T00:54:24Z,129,15,5,0,4,0,1,1,1,1783471919
2026-07-08T00:54:24Z,130,9,0,8,0,0,1,1,1,1783471358
2026-07-08T00:54:24Z,131,1,1,8,2,0,1,1,1,1783472024
2026-07-08T00:54:24Z,132,0,0,14,0,1,1,1,1,1783468552
2026-07-08T00:54:24Z,133,1,0,22,0,0,1,1,1,1783471845
2026-07-08T00:54:24Z,134,7,4,16,0,0,1,1,1,1783471846
2026-07-08T00:54:24Z,135,13,2,5,1,0,1,1,1,1783471830
2026-07-08T00:54:24Z,136,14,2,8,0,0,1,1,1,1783471885
2026-07-08T00:54:24Z,137,4,3,14,1,0,1,1,1,1783472042
2026-07-08T00:54:24Z,138,36,1,0,1,0,1,1,1,1783471732
2026-07-08T00:54:24Z,139,19,3,0,0,0,1,1,1,1783471944
2026-07-08T00:54:24Z,140,17,2,4,2,0,1,1,1,1783472055
2026-07-08T00:54:24Z,141,23,2,0,2,0,1,1,1,1783471988
2026-07-08T00:54:24Z,142,0,0,19,0,0,0,1,1,1782498468
2026-07-08T00:54:24Z,143,28,0,0,3,0,1,1,1,1783472055
2026-07-08T00:54:24Z,144,19,2,7,1,0,1,1,1,1783471800
2026-07-08T00:54:24Z,145,27,1,3,1,0,1,1,1,1783472024
2026-07-08T00:54:24Z,146,21,4,0,2,0,1,1,1,1783472051
2026-07-08T00:54:24Z,147,7,0,11,1,0,1,1,1,1783471696
2026-07-08T00:54:24Z,148,20,3,7,0,0,1,1,1,1783471999
2026-07-08T00:54:24Z,149,1,0,18,0,0,1,1,1,1783471707
2026-07-08T00:54:24Z,150,30,0,4,1,0,1,1,1,1783471758
2026-07-08T00:54:24Z,151,17,1,5,1,0,1,1,1,1783472018
2026-07-08T00:54:24Z,152,17,1,8,1,0,1,1,1,1783471998
2026-07-08T00:54:24Z,153,17,3,4,2,0,1,1,1,1783471907
2026-07-08T00:54:24Z,154,15,2,4,4,0,1,1,1,1783471959
2026-07-08T00:54:24Z,155,4,1,6,4,0,1,1,1,1783472043
2026-07-08T00:54:24Z,156,16,3,3,0,0,1,1,1,1783472055
2026-07-08T00:54:24Z,157,24,3,1,2,0,1,1,1,1783471747
2026-07-08T00:54:24Z,158,13,3,6,0,0,1,1,1,1783471664
2026-07-08T00:54:24Z,159,9,2,10,0,0,1,1,1,1783472055
2026-07-08T00:54:24Z,160,18,1,0,1,0,1,1,1,1783471998
2026-07-08T00:54:24Z,161,13,1,9,1,0,1,1,1,1783472055
2026-07-08T00:54:24Z,162,15,10,11,1,0,1,1,1,1783471988
2026-07-08T00:54:24Z,163,24,4,7,0,0,1,1,1,1783472007
2026-07-08T00:54:24Z,164,19,0,8,0,0,1,1,1,1783471913
2026-07-08T00:54:24Z,165,9,6,18,3,0,1,1,1,1783472034
2026-07-08T00:54:24Z,166,20,6,17,1,0,1,1,1,1783472032
2026-07-08T00:54:24Z,167,11,7,10,2,0,1,1,1,1783472029
2026-07-08T00:54:24Z,168,1,0,25,1,0,1,1,1,1783471892
2026-07-08T00:54:24Z,169,15,4,6,2,0,1,1,1,1783471819
2026-07-08T00:54:24Z,170,16,7,2,1,0,1,1,1,1783471951
2026-07-08T00:54:24Z,171,5,1,5,3,0,1,1,1,1783471979
2026-07-08T00:54:24Z,173,30,0,7,0,0,1,1,1,1783472053
2026-07-08T00:54:24Z,174,8,1,17,0,0,1,1,1,1783471823
2026-07-08T00:54:24Z,175,19,1,10,2,0,1,1,1,1783471925
2026-07-08T00:54:24Z,176,13,5,0,2,0,1,1,1,1783471760
2026-07-08T00:54:24Z,177,19,2,3,5,0,1,1,1,1783472048
2026-07-08T00:54:24Z,178,15,0,0,0,0,1,1,1,1783468640
2026-07-08T00:54:24Z,179,9,2,4,2,0,1,1,1,1783471982
2026-07-08T00:54:24Z,180,1,0,28,1,0,1,1,1,1783471287
2026-07-08T00:54:24Z,181,9,2,6,0,0,1,1,1,1783471968
2026-07-08T00:54:24Z,182,6,5,12,1,0,1,1,1,1783471820
2026-07-08T00:54:24Z,183,20,1,1,2,0,1,1,1,1783471838
2026-07-08T00:54:24Z,184,9,3,12,2,0,1,1,1,1783472007
2026-07-08T00:54:24Z,185,5,1,7,2,1,1,1,1,1783468783
2026-07-08T00:54:24Z,186,9,4,9,1,0,1,1,1,1783472050
2026-07-08T00:54:24Z,187,3,0,24,2,0,1,1,1,1783471923
2026-07-08T00:54:24Z,188,15,1,2,10,0,1,1,1,1783472051
2026-07-08T00:54:24Z,189,6,1,9,0,0,1,1,1,1783471705
2026-07-08T00:54:24Z,190,4,2,19,0,0,1,1,1,1783471924
2026-07-08T00:54:24Z,191,4,4,32,3,0,1,1,1,1783471778
2026-07-08T00:54:24Z,192,13,12,18,0,0,1,1,1,1783472037
2026-07-08T00:54:24Z,193,6,5,8,1,0,1,1,1,1783472009
2026-07-08T00:54:24Z,194,0,0,15,0,0,1,1,1,1783470598
2026-07-08T00:54:24Z,195,2,2,17,0,0,1,1,1,1783471354
2026-07-08T00:54:24Z,196,4,2,22,1,0,1,1,1,1783472053
2026-07-08T00:54:24Z,197,5,1,13,0,1,1,1,1,1783471314
2026-07-08T00:54:24Z,198,0,0,23,0,0,1,1,1,1783471041
2026-07-08T00:54:24Z,199,0,0,13,2,0,1,1,1,1783471559
2026-07-08T00:54:24Z,200,2,2,24,0,0,1,1,1,1783471094
2026-07-08T00:54:24Z,201,2,2,21,0,0,1,1,1,1783471825
2026-07-08T00:54:24Z,202,0,0,21,0,0,0,1,1,1783093344
2026-07-08T00:54:24Z,203,0,0,31,0,0,1,1,1,1783469636
2026-07-08T00:54:24Z,204,14,1,20,1,0,1,1,1,1783472055
2026-07-08T00:54:24Z,205,7,0,20,0,0,1,1,1,1783471820
2026-07-08T00:54:24Z,206,10,2,3,2,0,1,1,1,1783471244
2026-07-08T00:54:24Z,207,6,0,15,0,0,1,1,1,1783471921
2026-07-08T00:54:24Z,208,4,1,24,1,0,1,1,1,1783472008
2026-07-08T00:54:24Z,209,19,0,11,1,0,1,1,1,1783471995
2026-07-08T00:54:24Z,210,3,2,23,1,0,1,1,1,1783471964
2026-07-08T00:54:24Z,211,10,2,13,0,0,1,1,1,1783472040
2026-07-08T00:54:24Z,212,11,1,24,0,0,1,1,1,1783472020
2026-07-08T00:54:24Z,213,20,0,2,1,0,1,1,1,1783471590
2026-07-08T00:54:24Z,214,28,11,15,4,0,1,1,1,1783472028
2026-07-08T00:54:24Z,215,1,1,22,0,0,1,1,1,1783471969
2026-07-08T00:54:24Z,216,15,1,4,0,0,1,1,1,1783471883
2026-07-08T00:54:24Z,217,28,4,0,1,0,1,1,1,1783472039
2026-07-08T00:54:24Z,218,32,3,2,5,0,1,1,1,1783472053
2026-07-08T00:54:24Z,219,0,0,3,0,0,0,1,1,1783102064
2026-07-08T00:54:24Z,220,33,4,9,1,0,1,1,1,1783471831
2026-07-08T00:54:24Z,221,14,9,0,0,0,1,1,1,1783471569
2026-07-08T00:54:24Z,222,14,9,4,1,0,1,1,1,1783471729
2026-07-08T00:54:24Z,223,1,0,30,4,0,1,1,1,1783471800
2026-07-08T00:54:24Z,224,1,1,20,1,0,1,1,1,1783471989
2026-07-08T00:54:24Z,225,1,1,14,4,0,1,1,1,1783471222
2026-07-08T00:54:24Z,226,1,0,29,1,0,1,1,1,1783471941
2026-07-08T00:54:24Z,227,12,9,14,1,0,1,1,1,1783471964
2026-07-08T00:54:24Z,228,6,4,13,0,0,1,1,1,1783471999
2026-07-08T00:54:24Z,230,19,2,4,0,0,1,1,1,1783470870
2026-07-08T00:54:24Z,232,15,3,3,1,0,1,1,1,1783471959
2026-07-08T00:54:24Z,233,17,4,13,1,0,1,1,1,1783471918
2026-07-08T00:54:24Z,234,6,3,9,3,1,1,1,1,1783472029
2026-07-08T00:54:24Z,236,2,1,16,1,0,1,1,1,1783471686
2026-07-08T00:54:24Z,237,6,0,15,2,0,1,1,1,1783472032
2026-07-08T00:54:24Z,239,5,3,20,2,0,1,1,1,1783471908
2026-07-08T00:54:24Z,241,10,6,11,2,0,1,1,1,1783471959
2026-07-08T00:54:24Z,242,5,2,15,3,0,1,1,1,1783472008
2026-07-08T00:54:24Z,243,9,3,18,4,0,1,1,1,1783472051
2026-07-08T00:54:24Z,244,3,2,23,1,0,1,1,1,1783472003
2026-07-08T00:54:24Z,245,6,2,17,0,0,1,1,1,1783472053
2026-07-08T00:54:24Z,246,0,0,23,0,0,1,1,1,1783470557
2026-07-08T00:54:24Z,247,1,1,20,2,0,1,1,1,1783471839
2026-07-08T00:54:24Z,248,1,1,18,4,0,1,1,1,1783469823
2026-07-08T00:54:24Z,249,6,0,12,1,0,1,1,1,1783471853
2026-07-08T00:54:24Z,250,3,2,22,2,0,1,1,1,1783471896
2026-07-08T00:54:24Z,251,6,2,21,0,0,1,1,1,1783471909
2026-07-08T00:54:24Z,253,7,2,12,0,0,1,1,1,1783471896
2026-07-08T00:54:24Z,254,10,1,25,8,0,1,1,1,1783472036
2026-07-08T00:54:24Z,255,14,0,9,0,0,1,1,1,1783472028
2026-07-08T00:54:24Z,256,18,11,5,0,0,1,1,1,1783471871
2026-07-08T00:54:24Z,257,14,7,5,0,0,1,1,1,1783472006
2026-07-08T00:54:24Z,258,2,2,15,2,0,1,1,1,1783472044
2026-07-08T00:54:24Z,259,6,6,16,1,0,1,1,1,1783472054
2026-07-08T00:54:24Z,260,6,4,12,1,0,1,1,1,1783472055
2026-07-08T00:54:24Z,261,16,2,2,1,0,1,1,1,1783471923
2026-07-08T00:54:24Z,262,17,9,4,2,0,1,1,1,1783472032
2026-07-08T00:54:24Z,263,8,2,7,0,0,1,1,1,1783470994
2026-07-08T00:54:24Z,264,13,5,6,0,0,1,1,1,1783471448
2026-07-08T00:54:24Z,265,2,1,13,0,0,1,1,1,1783471931
2026-07-08T00:54:24Z,266,5,2,11,3,0,1,1,1,1783471946
2026-07-08T00:54:24Z,267,9,1,5,1,0,1,1,1,1783459155
2026-07-08T00:54:24Z,268,4,2,18,1,0,1,1,1,1783470936
2026-07-08T00:54:24Z,269,2,2,21,0,0,1,1,1,1783471368
2026-07-08T00:54:24Z,270,19,7,7,1,0,1,1,1,1783472050
2026-07-08T00:54:24Z,271,1,0,16,2,0,1,1,1,1783471967
2026-07-08T00:54:24Z,272,8,4,15,0,0,1,1,1,1783471719
2026-07-08T00:54:24Z,273,7,4,8,0,0,1,1,1,1783470924
2026-07-08T00:54:24Z,274,2,1,16,1,0,1,1,1,1783472044
2026-07-08T00:54:24Z,275,3,0,20,0,0,1,1,1,1783471894
2026-07-08T00:54:24Z,276,9,1,17,0,1,1,1,1,1783471456
2026-07-08T00:54:24Z,277,1,0,20,2,0,1,1,1,1783471771
2026-07-08T00:54:24Z,278,4,0,25,1,1,1,1,1,1783472048
2026-07-08T00:54:24Z,279,1,1,18,0,0,1,1,1,1783470378
2026-07-08T00:54:24Z,280,8,1,20,3,0,1,1,1,1783471918
2026-07-08T00:54:24Z,281,7,0,15,1,0,1,1,1,1783471944
2026-07-08T00:54:24Z,282,14,5,2,0,0,1,1,1,1783471888
2026-07-08T00:54:24Z,283,2,1,33,0,0,1,1,1,1783471663
2026-07-08T00:54:24Z,284,20,3,14,1,0,1,1,1,1783472054
2026-07-08T00:54:24Z,285,2,0,21,0,0,1,1,1,1783470885
2026-07-08T00:54:24Z,286,5,3,16,2,0,1,1,1,1783471816
2026-07-08T00:54:24Z,287,20,6,0,3,0,1,1,1,1783471923
2026-07-08T00:54:24Z,288,7,1,11,1,0,1,1,1,1783472020
2026-07-08T00:54:24Z,289,0,0,25,2,0,1,1,1,1783471848
2026-07-08T00:54:24Z,290,4,0,33,2,0,1,1,1,1783471520
2026-07-08T00:54:24Z,291,17,0,6,0,0,1,1,1,1783472022
2026-07-08T00:54:24Z,292,4,1,19,0,0,1,1,1,1783470318
2026-07-08T00:54:24Z,293,10,4,11,2,0,1,1,1,1783471314
2026-07-08T00:54:24Z,294,2,0,18,2,0,1,1,1,1783471828
2026-07-08T00:54:24Z,297,13,3,4,2,0,1,1,1,1783472048
2026-07-08T00:54:24Z,301,17,1,2,0,0,1,1,1,1783471567
2026-07-08T00:54:24Z,302,18,4,2,3,0,1,1,1,1783472055
2026-07-08T00:54:24Z,303,14,0,4,1,0,1,1,1,1783471739
2026-07-08T00:54:24Z,304,0,0,0,0,0,0,1,1,86400
2026-07-08T00:54:24Z,305,18,0,0,1,0,1,1,1,1783471633
2026-07-08T00:54:24Z,306,15,0,17,0,0,1,1,1,1783471829
2026-07-08T00:54:24Z,307,22,1,0,1,0,1,1,1,1783471661
2026-07-08T00:54:24Z,308,14,0,4,1,0,1,1,1,1783471896
2026-07-08T00:54:24Z,309,8,0,4,1,0,1,1,1,1783471853
2026-07-08T00:54:24Z,311,5,0,9,1,0,1,1,1,1783471524
2026-07-08T00:54:24Z,312,10,4,9,3,1,1,1,1,1783471656
2026-07-08T00:54:24Z,313,4,0,11,0,0,1,1,1,1783470709
2026-07-08T00:54:24Z,314,14,2,4,1,0,1,1,1,1783471390
2026-07-08T00:54:24Z,315,0,0,31,0,0,0,1,1,1783017696
2026-07-08T00:54:24Z,316,14,0,1,0,0,1,1,1,1783471985
2026-07-08T00:54:24Z,317,13,3,15,3,0,1,1,1,1783471988
2026-07-08T00:54:24Z,318,11,5,5,1,0,1,1,1,1783471971
2026-07-08T00:54:24Z,319,15,11,11,1,0,1,1,1,1783472023
2026-07-08T00:54:24Z,320,7,3,12,0,0,1,1,1,1783471784
2026-07-08T00:54:24Z,321,9,0,8,2,0,1,1,1,1783472005
2026-07-08T00:54:24Z,322,11,0,18,0,0,1,1,1,1783471544
2026-07-08T00:54:24Z,323,12,0,7,0,0,1,1,1,1783471964
2026-07-08T00:54:24Z,324,0,0,26,1,0,1,1,1,1783471648
2026-07-08T00:54:24Z,325,2,0,23,2,0,1,1,1,1783471635
2026-07-08T00:54:24Z,327,2,0,23,0,2,1,1,1,1783471695
2026-07-08T00:54:24Z,328,10,2,13,0,0,1,1,1,1783471876
2026-07-08T00:54:24Z,329,9,2,9,1,0,1,1,1,1783472044
2026-07-08T00:54:24Z,330,2,0,20,0,0,1,1,1,1783471949
2026-07-08T00:54:24Z,331,1,0,22,0,0,1,1,1,1783471675
2026-07-08T00:54:24Z,332,7,5,10,2,0,1,1,1,1783471259
2026-07-08T00:54:24Z,333,13,3,8,2,0,1,1,1,1783471278
2026-07-08T00:54:24Z,334,9,2,14,0,0,1,1,1,1783471874
2026-07-08T00:54:24Z,335,8,4,15,0,0,1,1,1,1783471240
2026-07-08T00:54:24Z,336,7,0,12,0,0,1,1,1,1783471893
2026-07-08T00:54:24Z,337,5,1,16,2,0,1,1,1,1783471764
2026-07-08T00:54:24Z,338,6,0,13,0,0,1,1,1,1783471809
2026-07-08T00:54:24Z,339,7,5,15,1,0,1,1,1,1783472032
2026-07-08T00:54:24Z,340,8,3,6,1,0,1,1,1,1783471969
2026-07-08T00:54:24Z,341,12,5,7,0,0,1,1,1,1783472034
2026-07-08T00:54:24Z,342,15,1,0,0,0,1,1,1,1783470216
2026-07-08T00:54:24Z,343,0,0,21,2,0,1,1,1,1783470053
2026-07-08T00:54:24Z,344,3,3,19,1,0,1,1,1,1783471629
2026-07-08T00:54:24Z,345,8,0,10,1,0,1,1,1,1783471960
2026-07-08T00:54:24Z,346,0,0,23,0,0,1,1,1,1783470936
2026-07-08T00:54:24Z,347,25,4,21,1,0,1,1,1,1783471962
2026-07-08T00:54:24Z,348,5,1,16,2,0,1,1,1,1783471483
2026-07-08T00:54:24Z,349,0,0,16,3,0,1,1,1,1783472015
2026-07-08T00:54:24Z,350,22,1,2,2,1,1,1,1,1783471751
2026-07-08T00:54:24Z,351,22,1,0,1,0,1,1,1,1783472032
2026-07-08T00:54:24Z,355,6,0,14,3,0,1,1,1,1783471382
2026-07-08T00:54:24Z,356,4,0,15,0,0,1,1,1,1783471874
2026-07-08T00:54:24Z,357,17,5,1,1,0,1,1,1,1783471976
2026-07-08T00:54:24Z,358,0,0,7,5,13,0,1,1,1782961435
2026-07-08T00:54:24Z,359,23,1,3,1,0,1,1,1,1783471751
2026-07-08T00:54:24Z,360,5,1,14,0,0,1,1,1,1783471797
2026-07-08T00:54:24Z,362,15,2,2,1,0,1,1,1,1783471801
2026-07-08T00:54:24Z,363,20,1,7,0,0,1,1,1,1783471505
2026-07-08T00:54:24Z,364,6,0,11,1,1,1,1,1,1783472055
2026-07-08T00:54:24Z,365,12,4,10,1,0,1,1,1,1783470995
2026-07-08T00:54:24Z,366,11,9,9,3,0,1,1,1,1783471980
2026-07-08T00:54:24Z,367,10,1,9,0,0,1,1,1,1783470783
2026-07-08T00:54:24Z,368,8,1,15,0,0,1,1,1,1783471791
2026-07-08T00:54:24Z,370,10,8,16,1,0,1,1,1,1783471408
2026-07-08T00:54:24Z,371,4,0,13,2,0,1,1,1,1783470575
2026-07-08T00:54:24Z,372,9,1,5,1,0,1,1,1,1783471905
2026-07-08T00:54:24Z,373,13,3,9,4,0,1,1,1,1783471946
2026-07-08T00:54:24Z,374,12,5,5,1,0,1,1,1,1783472052
2026-07-08T00:54:24Z,375,3,2,24,0,0,1,1,1,1783470651
2026-07-08T00:54:24Z,376,19,10,19,1,0,1,1,1,1783471986
2026-07-08T00:54:24Z,377,8,5,17,2,0,1,1,1,1783471475
2026-07-08T00:54:24Z,378,18,1,6,0,0,1,1,1,1783471947
2026-07-08T00:54:24Z,379,26,0,1,0,0,1,1,1,1783471794
2026-07-08T00:54:24Z,380,11,3,12,0,0,1,1,1,1783471665
2026-07-08T00:54:24Z,381,19,0,4,0,0,1,1,1,1783471790
2026-07-08T00:54:24Z,383,3,0,12,0,0,1,1,1,1783471437
2026-07-08T00:54:24Z,384,3,0,15,1,0,1,1,1,1783471673
2026-07-08T00:54:24Z,385,9,2,8,1,0,1,1,1,1783471766
2026-07-08T00:54:24Z,387,1,0,22,0,0,1,1,1,1783470816
2026-07-08T00:54:24Z,388,3,0,44,2,0,1,1,1,1783471953
2026-07-08T00:54:24Z,389,3,2,11,1,0,1,1,1,1783471752
2026-07-08T00:54:24Z,390,8,1,18,1,0,1,1,1,1783471686
2026-07-08T00:54:24Z,391,5,4,9,1,0,1,1,1,1783471983
2026-07-08T00:54:24Z,392,4,3,15,0,0,1,1,1,1783470223
2026-07-08T00:54:24Z,393,4,1,7,0,0,1,1,1,1783471718
2026-07-08T00:54:24Z,394,8,2,6,0,1,1,1,1,1783471161
2026-07-08T00:54:24Z,396,1,1,38,3,0,1,1,1,1783472055
2026-07-08T00:54:24Z,397,3,0,28,0,0,1,1,1,1783470843
2026-07-08T00:54:24Z,399,3,0,14,0,0,1,1,1,1783471962
2026-07-08T00:54:24Z,400,4,2,16,3,0,1,1,1,1783470360
2026-07-08T00:54:24Z,401,10,0,21,0,0,1,1,1,1783472007
2026-07-08T00:54:24Z,403,7,0,22,2,0,1,1,1,1783472046
2026-07-08T00:54:24Z,404,13,1,10,0,0,1,1,1,1783472045
2026-07-08T00:54:24Z,406,31,0,3,1,0,1,1,1,1783471930
2026-07-08T00:54:24Z,407,1,0,31,2,0,1,1,1,1783471111
2026-07-08T00:54:24Z,408,0,0,31,2,0,1,1,1,1783471986
2026-07-08T00:54:24Z,409,0,0,23,0,0,1,1,1,1783470308
2026-07-08T00:54:24Z,413,17,5,5,1,0,1,1,1,1783471705
2026-07-08T00:54:24Z,414,4,0,10,1,0,1,1,1,1783471544
2026-07-08T00:54:24Z,417,4,0,15,0,0,1,1,1,1783470896
2026-07-08T00:54:24Z,418,1,0,14,0,0,1,1,1,1783468792
2026-07-08T00:54:24Z,419,5,2,17,1,0,1,1,1,1783469268
2026-07-08T00:54:24Z,421,16,1,3,0,0,1,1,1,1783471573
2026-07-08T00:54:24Z,422,1,0,23,3,0,1,1,1,1783471849
2026-07-08T00:54:24Z,423,9,0,14,0,0,1,1,1,1783471855
2026-07-08T00:54:24Z,424,3,2,10,2,0,1,1,1,1783471477
2026-07-08T00:54:24Z,425,8,0,14,0,0,1,1,1,1783471729
2026-07-08T00:54:24Z,426,1,0,34,2,0,1,1,1,1783470575
2026-07-08T00:54:24Z,427,8,1,6,0,1,1,1,1,1783470654
2026-07-08T00:54:24Z,428,15,1,3,1,0,1,1,1,1783472007
2026-07-08T00:54:24Z,429,4,3,16,3,0,1,1,1,1783471981
2026-07-08T00:54:24Z,430,26,0,5,0,0,1,1,1,1783471904
2026-07-08T00:54:24Z,431,22,0,5,4,2,1,1,1,1783471655
2026-07-08T00:54:24Z,432,12,1,19,0,0,1,1,1,1783471959
2026-07-08T00:54:24Z,433,9,1,12,2,0,1,1,1,1783471912
2026-07-08T00:54:24Z,437,0,0,18,2,0,1,1,1,1783471821
2026-07-08T00:54:24Z,438,6,1,11,2,0,1,1,1,1783472019
2026-07-08T00:54:24Z,439,7,1,8,0,0,1,1,1,1783471747
2026-07-08T00:54:24Z,440,4,1,9,2,0,1,1,1,1783470922
2026-07-08T00:54:24Z,441,1,1,14,0,0,1,1,1,1783471951
2026-07-08T00:54:24Z,442,7,4,11,1,0,1,1,1,1783471558
2026-07-08T00:54:24Z,443,6,0,21,0,0,1,1,1,1783448962
2026-07-08T00:54:24Z,444,5,3,17,1,0,1,1,1,1783468032
2026-07-08T00:54:24Z,445,6,5,15,2,0,1,1,1,1783471829
2026-07-08T00:54:24Z,446,0,0,23,0,0,1,1,1,1783470582
2026-07-08T00:54:24Z,447,6,2,15,2,0,1,1,1,1783471325
2026-07-08T00:54:24Z,448,7,2,5,2,1,1,1,1,1783471953
2026-07-08T00:54:24Z,452,16,2,2,1,0,1,1,1,1783471727
2026-07-08T00:54:24Z,453,4,2,10,1,0,1,1,1,1783472045
2026-07-08T00:54:24Z,454,16,0,1,2,0,1,1,1,1783472053
2026-07-08T00:54:24Z,455,0,0,38,0,0,1,1,1,1783468143
2026-07-08T00:54:24Z,456,12,1,9,2,0,1,1,1,1783472046
2026-07-08T00:54:24Z,457,2,0,24,1,0,1,1,1,1783471798
2026-07-08T00:54:24Z,458,8,8,14,1,0,1,1,1,1783470961
2026-07-08T00:54:24Z,459,3,3,12,0,0,1,1,1,1783472052
2026-07-08T00:54:24Z,460,22,3,1,0,0,1,1,1,1783471938
2026-07-08T00:54:24Z,461,7,1,11,1,0,1,1,1,1783471683
2026-07-08T00:54:24Z,462,12,0,7,2,0,1,1,1,1783472052
2026-07-08T00:54:24Z,463,9,3,10,0,0,1,1,1,1783471878
2026-07-08T00:54:24Z,464,3,2,9,2,0,1,1,1,1783472000
2026-07-08T00:54:24Z,465,1,1,14,0,0,1,1,1,1783470436
2026-07-08T00:54:24Z,466,5,1,9,1,0,1,1,1,1783470590
2026-07-08T00:54:24Z,467,3,0,12,0,0,1,1,1,1783471817
2026-07-08T00:54:24Z,468,1,0,17,1,0,1,1,1,1783470660
2026-07-08T00:54:24Z,469,0,0,22,0,1,1,1,1,1783470986
2026-07-08T00:54:24Z,470,13,3,2,0,0,1,1,1,1783471923
2026-07-08T00:54:24Z,471,23,1,4,0,0,1,1,1,1783471709
2026-07-08T00:54:24Z,472,11,1,7,1,0,1,1,1,1783471573
2026-07-08T00:54:24Z,473,9,2,10,0,0,1,1,1,1783471867
2026-07-08T00:54:24Z,474,5,0,14,0,0,1,1,1,1783472040
2026-07-08T00:54:24Z,475,6,1,12,1,0,1,1,1,1783471513
2026-07-08T00:54:24Z,476,18,0,4,1,0,1,1,1,1783471514
2026-07-08T00:54:24Z,477,4,1,10,1,0,1,1,1,1783471561
2026-07-08T00:54:24Z,478,17,1,11,3,0,1,1,1,1783471906
2026-07-08T00:54:24Z,479,5,2,20,2,0,1,1,1,1783471917
2026-07-08T00:54:24Z,480,11,3,2,2,0,1,1,1,1783471459
2026-07-08T00:54:24Z,481,27,0,8,0,0,1,1,1,1783471309
2026-07-08T00:54:24Z,482,2,0,17,0,0,1,1,1,1783470082
2026-07-08T00:54:24Z,483,19,0,8,0,0,1,1,1,1783471846
2026-07-08T00:54:24Z,484,1,0,18,0,0,1,1,1,1783471556
2026-07-08T00:54:24Z,485,18,7,0,1,0,1,1,1,1783471768
2026-07-08T00:54:24Z,486,9,1,18,0,0,1,1,1,1783471733
2026-07-08T00:54:24Z,487,7,7,10,2,0,1,1,1,1783471924
2026-07-08T00:54:24Z,489,7,2,6,2,0,1,1,1,1783471832
2026-07-08T00:54:24Z,490,1,0,15,0,0,1,1,1,1783471462
2026-07-08T00:54:24Z,491,10,1,10,1,0,1,1,1,1783472001
2026-07-08T00:54:24Z,492,6,1,2,3,0,1,1,1,1783469274
2026-07-08T00:54:24Z,493,1,0,25,1,0,1,1,1,1783471975
2026-07-08T00:54:24Z,495,2,1,12,1,0,1,1,1,1783472013
2026-07-08T00:54:24Z,496,18,1,8,1,0,1,1,1,1783471687
2026-07-08T00:54:24Z,497,13,0,6,0,0,1,1,1,1783472042
2026-07-08T00:54:24Z,498,7,2,16,0,0,1,1,1,1783471995
2026-07-08T00:54:24Z,499,5,2,13,1,0,1,1,1,1783469288
2026-07-08T00:54:24Z,500,1,0,13,1,0,1,1,1,1783471848
2026-07-08T00:54:24Z,501,10,1,9,2,0,1,1,1,1783471019
2026-07-08T00:54:24Z,502,2,0,17,0,0,1,1,1,1783471962
2026-07-08T00:54:24Z,503,24,1,6,1,0,1,1,1,1783471858
2026-07-08T00:54:24Z,504,0,0,39,0,0,1,1,1,1783471057
2026-07-08T00:54:24Z,505,10,2,7,1,0,1,1,1,1783472048
2026-07-08T00:54:24Z,511,0,0,23,0,0,1,1,1,1783471874
2026-07-08T00:54:24Z,512,14,3,5,0,0,1,1,1,1783471078
2026-07-08T00:54:24Z,514,5,1,4,2,0,1,1,1,1783470315
2026-07-08T00:54:24Z,515,5,1,14,0,0,1,1,1,1783471647
2026-07-08T00:54:24Z,516,0,0,27,0,0,1,1,1,1783469752
2026-07-08T00:54:24Z,517,12,0,9,2,0,1,1,1,1783471298
2026-07-08T00:54:24Z,518,15,1,0,0,0,1,1,1,1783471543
2026-07-08T00:54:24Z,519,10,1,8,1,0,1,1,1,1783471846
2026-07-08T00:54:24Z,520,18,2,7,1,1,1,1,1,1783471729
2026-07-08T00:54:24Z,521,11,6,12,0,0,1,1,1,1783471378
2026-07-08T00:54:24Z,522,19,0,2,2,0,1,1,1,1783471640
2026-07-08T00:54:24Z,523,5,1,17,1,0,1,1,1,1783470626
2026-07-08T00:54:24Z,524,13,0,10,0,0,1,1,1,1783471936
2026-07-08T00:54:24Z,525,9,0,10,0,0,1,1,1,1783470243
2026-07-08T00:54:24Z,526,7,1,6,2,0,1,1,1,1783471595
2026-07-08T00:54:24Z,527,3,3,22,1,0,1,1,1,1783472018
2026-07-08T00:54:24Z,528,4,1,18,1,0,1,1,1,1783471781
2026-07-08T00:54:24Z,529,6,4,6,7,0,1,1,1,1783472017
2026-07-08T00:54:24Z,530,20,2,0,1,0,1,1,1,1783472051
2026-07-08T00:54:24Z,531,12,0,9,1,1,1,1,1,1783471461
2026-07-08T00:54:24Z,532,3,2,27,1,0,1,1,1,1783470646
2026-07-08T00:54:24Z,533,8,0,9,2,0,1,1,1,1783471826
2026-07-08T00:54:24Z,534,0,0,21,2,0,1,1,1,1783470487
2026-07-08T00:54:24Z,535,1,1,13,1,0,1,1,1,1783471885
2026-07-08T00:54:24Z,536,9,2,14,0,0,1,1,1,1783471146
2026-07-08T00:54:24Z,537,2,0,19,0,0,1,1,1,1783471933
2026-07-08T00:54:24Z,538,10,4,9,0,0,1,1,1,1783471291
2026-07-08T00:54:24Z,539,7,7,23,1,0,1,1,1,1783472043
2026-07-08T00:54:24Z,540,1,0,18,0,0,1,1,1,1783471854
2026-07-08T00:54:24Z,541,12,1,15,0,0,1,1,1,1783471720
2026-07-08T00:54:24Z,542,4,4,19,0,0,1,1,1,1783471093
2026-07-08T00:54:24Z,543,10,1,8,1,0,1,1,1,1783471265
2026-07-08T00:54:24Z,544,15,1,6,1,0,1,1,1,1783471705
2026-07-08T00:54:24Z,545,9,0,4,6,0,1,1,1,1783472051
2026-07-08T00:54:24Z,546,3,3,15,1,0,1,1,1,1783471965
2026-07-08T00:54:24Z,547,1,1,20,2,0,1,1,1,1783471959
2026-07-08T00:54:24Z,548,13,0,8,2,0,1,1,1,1783472044
2026-07-08T00:54:24Z,549,6,0,15,0,0,1,1,1,1783471895
2026-07-08T00:54:24Z,550,2,2,17,0,0,1,1,1,1783471929
2026-07-08T00:54:24Z,551,19,5,4,0,0,1,1,1,1783470946
2026-07-08T00:54:24Z,552,22,2,5,0,0,1,1,1,1783471946
2026-07-08T00:54:24Z,553,11,2,10,2,0,1,1,1,1783471719
2026-07-08T00:54:24Z,554,0,0,19,0,0,1,1,1,1783468615
2026-07-08T00:54:24Z,555,11,4,3,1,0,1,1,1,1783471387
2026-07-08T00:54:24Z,556,2,0,20,1,0,1,1,1,1783470497
2026-07-08T00:54:24Z,557,2,1,18,3,0,1,1,1,1783471835
2026-07-08T00:54:24Z,558,1,1,33,3,0,1,1,1,1783472042
2026-07-08T00:54:24Z,559,0,0,18,1,0,1,1,1,1783471718
2026-07-08T00:54:24Z,560,18,0,8,1,0,1,1,1,1783471750
2026-07-08T00:54:24Z,561,12,1,10,1,0,1,1,1,1783472023
2026-07-08T00:54:24Z,562,22,3,12,1,0,1,1,1,1783471720
2026-07-08T00:54:24Z,563,3,0,10,1,0,1,1,1,1783471505
2026-07-08T00:54:24Z,564,14,1,5,0,0,1,1,1,1783470196
2026-07-08T00:54:24Z,565,6,0,13,0,0,1,1,1,1783471917
2026-07-08T00:54:24Z,566,18,0,0,1,0,1,1,1,1783471789
2026-07-08T00:54:24Z,567,22,1,4,1,0,1,1,1,1783471048
2026-07-08T00:54:24Z,568,17,1,1,1,0,1,1,1,1783471439
2026-07-08T00:54:24Z,569,13,1,6,0,0,1,1,1,1783471426
2026-07-08T00:54:24Z,570,12,1,7,0,0,1,1,1,1783471769
2026-07-08T00:54:24Z,571,12,0,11,0,0,1,1,1,1783471941
2026-07-08T00:54:24Z,572,6,2,13,0,0,1,1,1,1783471967
2026-07-08T00:54:24Z,573,3,0,11,1,0,1,1,1,1783471731
2026-07-08T00:54:24Z,574,1,0,13,1,0,1,1,1,1783471728
2026-07-08T00:54:24Z,575,0,0,21,0,0,1,1,1,1783471940
2026-07-08T00:54:24Z,576,1,1,18,0,0,1,1,1,1783470820
2026-07-08T00:54:24Z,577,13,0,18,0,0,1,1,1,1783471147
2026-07-08T00:54:24Z,578,5,3,18,0,0,1,1,1,1783471931
2026-07-08T00:54:24Z,579,40,0,3,0,0,1,1,1,1783471933
2026-07-08T00:54:24Z,580,0,0,30,1,0,1,1,1,1783471765
2026-07-08T00:54:24Z,581,2,0,16,1,0,1,1,1,1783472044
2026-07-08T00:54:24Z,582,2,0,56,2,0,1,1,1,1783471926
2026-07-08T00:54:24Z,583,20,0,2,1,0,1,1,1,1783471740
2026-07-08T00:54:24Z,584,2,2,13,4,0,1,1,1,1783471488
2026-07-08T00:54:24Z,585,19,2,7,0,0,1,1,1,1783471884
2026-07-08T00:54:24Z,586,1,0,33,1,0,1,1,1,1783471982
2026-07-08T00:54:24Z,587,6,0,17,2,0,1,1,1,1783472054
2026-07-08T00:54:24Z,588,1,0,18,0,0,1,1,1,1783467544
2026-07-08T00:54:24Z,589,20,11,3,0,0,1,1,1,1783471751
2026-07-08T00:54:24Z,590,4,0,27,0,0,1,1,1,1783472051
2026-07-08T00:54:24Z,591,1,0,19,2,0,1,1,1,1783471017
2026-07-08T00:54:24Z,592,4,0,19,0,0,1,1,1,1783472001
2026-07-08T00:54:24Z,593,0,0,39,0,0,1,1,1,1783470824
2026-07-08T00:54:24Z,594,2,0,18,1,0,1,1,1,1783471712
2026-07-08T00:54:24Z,595,0,0,3,0,0,0,1,1,1779985765
2026-07-08T00:54:24Z,605,0,0,3,0,0,0,1,1,1780413752
2026-07-08T00:54:24Z,606,0,0,0,0,0,0,1,1,86400
2026-07-08T00:54:24Z,607,6,0,27,0,0,1,1,1,1783472019
2026-07-08T00:54:24Z,608,1,0,50,1,0,1,1,1,1783472018
2026-07-08T00:54:24Z,609,0,0,23,0,0,1,1,1,1783471920
2026-07-08T00:54:24Z,610,0,0,35,0,0,1,1,1,1783470498
2026-07-08T00:54:24Z,611,0,0,25,2,0,1,1,1,1783470923
2026-07-08T00:54:24Z,612,1,0,14,0,0,1,1,1,1783469410
2026-07-08T00:54:24Z,613,12,3,2,1,0,1,1,1,1783466858
2026-07-08T00:54:24Z,614,1,1,24,1,1,1,1,1,1783470402
2026-07-08T00:54:24Z,617,10,0,3,2,0,1,1,1,1783471946
2026-07-08T00:54:24Z,618,16,4,1,2,0,1,1,1,1783471938
2026-07-08T00:54:24Z,619,11,1,8,0,0,1,1,1,1783471849
2026-07-08T00:54:24Z,620,0,0,22,1,0,1,1,1,1783471543
2026-07-08T00:54:24Z,621,4,0,19,0,0,1,1,1,1783471706
2026-07-08T00:54:24Z,622,4,3,18,1,0,1,1,1,1783471759
2026-07-08T00:54:24Z,623,8,2,20,1,1,1,1,1,1783472055
2026-07-08T00:54:24Z,624,7,0,7,0,1,1,1,1,1783471721
2026-07-08T00:54:24Z,625,2,0,16,3,0,1,1,1,1783471934
2026-07-08T00:54:24Z,626,0,0,44,0,2,1,1,1,1783471913
2026-07-08T00:54:24Z,627,4,1,13,0,0,1,1,1,1783471302
2026-07-08T00:54:24Z,628,0,0,18,0,1,1,1,1,1783472015
2026-07-08T00:54:24Z,629,9,6,1,1,0,1,1,1,1783471564
2026-07-08T00:54:24Z,630,21,0,3,3,0,1,1,1,1783472004
2026-07-08T00:54:24Z,631,0,0,23,0,0,1,1,1,1783471027
2026-07-08T00:54:24Z,632,20,0,1,2,0,1,1,1,1783471733
2026-07-08T00:54:24Z,633,11,0,1,2,1,1,1,1,1783471984
2026-07-08T00:54:24Z,634,11,0,7,1,0,1,1,1,1783471604
2026-07-08T00:54:24Z,635,12,1,6,1,0,1,1,1,1783472006
2026-07-08T00:54:24Z,636,6,0,9,0,0,1,1,1,1783470196
2026-07-08T00:54:24Z,637,11,4,7,1,0,1,1,1,1783470739
2026-07-08T00:54:24Z,638,1,1,16,2,0,1,1,1,1783470510
2026-07-08T00:54:24Z,639,0,0,0,3,16,0,1,1,1782287204
2026-07-08T00:54:24Z,640,0,0,22,1,0,1,1,1,1783467951
2026-07-08T00:54:24Z,641,19,2,8,0,0,1,1,1,1783472054
2026-07-08T00:54:24Z,642,4,1,13,2,0,1,1,1,1783471332
2026-07-08T00:54:24Z,643,0,0,27,0,0,1,1,1,1783468938
2026-07-08T00:54:24Z,644,5,0,4,5,1,1,1,1,1783472052
2026-07-08T00:54:24Z,645,6,0,15,1,1,1,1,1,1783471808
2026-07-08T00:54:24Z,646,12,1,4,3,0,1,1,1,1783471104
2026-07-08T00:54:24Z,647,23,3,7,1,0,1,1,1,1783471597
2026-07-08T00:54:24Z,648,14,1,2,3,0,1,1,1,1783471612
2026-07-08T00:54:24Z,649,2,2,27,2,0,1,1,1,1783471405
2026-07-08T00:54:24Z,650,6,2,9,1,0,1,1,1,1783471549
2026-07-08T00:54:24Z,651,1,0,21,1,0,1,1,1,1783471175
2026-07-08T00:54:24Z,652,1,0,19,3,0,1,1,1,1783471880
2026-07-08T00:54:24Z,653,10,2,5,4,0,1,1,1,1783472013
2026-07-08T00:54:24Z,654,3,1,11,1,0,1,1,1,1783471345
2026-07-08T00:54:24Z,655,7,1,7,0,0,1,1,1,1783467692
2026-07-08T00:54:24Z,656,19,1,0,0,0,1,1,1,1783471388
2026-07-08T00:54:24Z,657,10,3,6,1,0,1,1,1,1783468142
2026-07-08T00:54:24Z,658,1,0,22,0,0,1,1,1,1783470048
2026-07-08T00:54:24Z,659,2,1,13,0,0,1,1,1,1783468742
2026-07-08T00:54:24Z,660,21,1,9,1,0,1,1,1,1783471773
2026-07-08T00:54:24Z,661,0,0,16,3,0,1,1,1,1783471873
2026-07-08T00:54:24Z,662,3,0,19,1,0,1,1,1,1783471190
2026-07-08T00:54:24Z,663,8,1,6,0,0,1,1,1,1783471993
2026-07-08T00:54:24Z,664,10,0,17,0,0,1,1,1,1783471875
2026-07-08T00:54:24Z,665,4,2,11,0,0,1,1,1,1783471891
2026-07-08T00:54:24Z,666,6,1,9,0,0,1,1,1,1783470228
2026-07-08T00:54:24Z,667,14,1,0,3,0,1,1,1,1783471811
2026-07-08T00:54:24Z,668,9,1,8,2,0,1,1,1,1783471739
2026-07-08T00:54:24Z,669,14,4,0,0,0,1,1,1,1783471190
2026-07-08T00:54:24Z,670,13,1,10,4,0,1,1,1,1783472038
2026-07-08T00:54:24Z,671,26,0,1,0,0,1,1,1,1783472019
2026-07-08T00:54:24Z,672,15,0,3,5,0,1,1,1,1783471921
2026-07-08T00:54:24Z,673,7,0,15,0,0,1,1,1,1783471450
2026-07-08T00:54:24Z,674,1,0,21,1,0,1,1,1,1783472033
2026-07-08T00:54:24Z,675,3,2,10,2,0,1,1,1,1783471971
2026-07-08T00:54:24Z,676,10,0,11,1,1,1,1,1,1783471554
2026-07-08T00:54:24Z,681,3,1,7,5,0,1,1,1,1783472038
2026-07-08T00:54:24Z,682,10,5,8,1,0,1,1,1,1783471712
2026-07-08T00:54:24Z,683,11,1,8,0,0,1,1,1,1783468133
2026-07-08T00:54:24Z,684,9,3,16,2,0,1,1,1,1783466614
2026-07-08T00:54:24Z,685,3,2,23,0,1,1,1,1,1783467432
2026-07-08T00:54:24Z,686,12,2,13,1,1,1,1,1,1783471893
2026-07-08T00:54:24Z,687,5,1,22,3,1,1,1,1,1783471746
2026-07-08T00:54:24Z,688,17,2,1,1,0,1,1,1,1783465995
2026-07-08T00:54:24Z,692,15,14,5,1,0,1,1,1,1783471373
2026-07-08T00:54:24Z,693,9,4,2,0,0,1,1,1,1783471858
2026-07-08T00:54:24Z,694,7,7,11,3,0,1,1,1,1783472042
2026-07-08T00:54:24Z,695,8,4,13,2,0,1,1,1,1783472038
2026-07-08T00:54:24Z,696,22,17,0,1,0,1,1,1,1783472010
2026-07-08T00:54:24Z,697,12,0,11,0,0,1,1,1,1783471811
2026-07-08T00:54:24Z,698,3,0,23,1,0,1,1,1,1783472007
2026-07-08T00:54:24Z,699,3,1,10,2,0,1,1,1,1783471988
2026-07-08T00:54:24Z,700,13,1,6,0,0,1,1,1,1783471868
2026-07-08T00:54:24Z,701,2,0,17,0,0,1,1,1,1783471360
2026-07-08T00:54:24Z,702,1,0,21,1,0,1,1,1,1783471723
2026-07-08T00:54:24Z,703,11,2,12,0,0,1,1,1,1783460353
2026-07-08T00:54:24Z,704,8,0,7,0,0,1,1,1,1783471174
2026-07-08T00:54:24Z,705,0,0,11,4,0,1,1,1,1783471986
2026-07-08T00:54:24Z,706,3,1,11,1,0,1,1,1,1783472055
2026-07-08T00:54:24Z,707,11,3,3,1,0,1,1,1,1783472054
2026-07-08T00:54:24Z,708,3,0,16,0,0,1,1,1,1783472056
2026-07-08T00:54:24Z,709,14,2,0,1,0,1,1,1,1783471600
2026-07-08T00:54:24Z,710,10,2,9,0,0,1,1,1,1783471372
2026-07-08T00:54:24Z,711,7,4,7,5,0,1,1,1,1783471688
2026-07-08T00:54:24Z,712,13,3,1,1,0,1,1,1,1783472041
2026-07-08T00:54:24Z,713,20,9,0,3,0,1,1,1,1783471871
2026-07-08T00:54:24Z,716,3,0,12,0,0,1,1,1,1783472048
2026-07-08T00:54:24Z,717,1,1,17,7,0,1,1,1,1783470363
2026-07-08T00:54:24Z,718,1,1,14,0,0,1,1,1,1783471908
2026-07-08T00:54:24Z,719,17,1,12,0,0,1,1,1,1783470334
2026-07-08T00:54:24Z,720,0,0,17,2,0,1,1,1,1783471985
2026-07-08T00:54:24Z,721,8,1,14,1,0,1,1,1,1783471798
2026-07-08T00:54:24Z,722,14,1,0,1,0,1,1,1,1783470260
2026-07-08T00:54:24Z,723,2,2,16,5,0,1,1,1,1783470350
2026-07-08T00:54:24Z,724,6,2,17,0,0,1,1,1,1783470333
2026-07-08T00:54:24Z,725,21,0,2,0,0,1,1,1,1783471381
2026-07-08T00:54:24Z,726,7,1,10,2,0,1,1,1,1783471552
2026-07-08T00:54:24Z,727,10,0,12,1,0,1,1,1,1783470315
2026-07-08T00:54:24Z,728,5,0,6,4,0,1,1,1,1783471976
2026-07-08T00:54:24Z,729,9,0,10,0,0,1,1,1,1783471625
2026-07-08T00:54:24Z,730,5,0,10,0,0,1,1,1,1783471953
2026-07-08T00:54:24Z,731,1,1,14,0,0,1,1,1,1783472043
2026-07-08T00:54:24Z,732,6,1,9,0,0,1,1,1,1783471999
2026-07-08T00:54:24Z,733,18,1,8,1,0,1,1,1,1783471991
2026-07-08T00:54:24Z,734,7,1,7,0,0,1,1,1,1783471897
2026-07-08T00:54:24Z,735,1,1,26,0,0,1,1,1,1783471547
2026-07-08T00:54:24Z,736,6,5,12,1,0,1,1,1,1783472031
2026-07-08T00:54:24Z,737,3,2,11,1,0,1,1,1,1783471994
2026-07-08T00:54:24Z,738,9,0,9,1,0,1,1,1,1783470261
2026-07-08T00:54:24Z,739,8,3,15,4,0,1,1,1,1783470448
2026-07-08T00:54:24Z,741,10,2,11,2,0,1,1,1,1783470327
2026-07-08T00:54:24Z,742,7,3,29,3,0,1,1,1,1783471851
2026-07-08T00:54:24Z,743,9,4,10,0,0,1,1,1,1783470771
2026-07-08T00:54:24Z,744,4,2,10,1,0,1,1,1,1783471589
2026-07-08T00:54:24Z,745,12,4,6,1,0,1,1,1,1783470507
2026-07-08T00:54:24Z,746,16,3,6,1,0,1,1,1,1783472008
2026-07-08T00:54:24Z,747,0,0,19,0,0,0,1,1,1783446606
2026-07-08T00:54:24Z,748,13,3,9,1,0,1,1,1,1783470379
2026-07-08T00:54:24Z,749,11,0,12,0,0,1,1,1,1783472040
2026-07-08T00:54:24Z,750,2,0,6,3,0,1,1,1,1783471873
2026-07-08T00:54:24Z,751,0,0,23,0,0,1,1,1,1783471982
2026-07-08T00:54:24Z,752,1,1,14,2,0,1,1,1,1783472049
2026-07-08T00:54:24Z,753,5,0,8,2,0,1,1,1,1783471947
2026-07-08T00:54:24Z,754,4,3,10,1,0,1,1,1,1783471902
2026-07-08T00:54:24Z,755,2,0,15,2,0,1,1,1,1783472025
2026-07-08T00:54:24Z,756,1,0,35,1,0,1,1,1,1783471943
2026-07-08T00:54:24Z,757,0,0,19,0,0,1,1,1,1783472052
2026-07-08T00:54:24Z,758,2,2,21,0,0,1,1,1,1783471977
2026-07-08T00:54:24Z,759,1,0,13,1,0,1,1,1,1783472022
2026-07-08T00:54:24Z,760,6,1,12,1,0,1,1,1,1783472040
2026-07-08T00:54:24Z,761,7,2,15,1,0,1,1,1,1783471807
2026-07-08T00:54:24Z,762,5,4,7,3,0,1,1,1,1783470337
2026-07-08T00:54:24Z,768,7,0,8,4,0,1,1,1,1783472015
2026-07-08T00:54:24Z,769,17,7,0,1,0,1,1,1,1783472013
2026-07-08T00:54:24Z,770,4,0,15,0,0,1,1,1,1783470078
2026-07-08T00:54:24Z,771,10,0,5,0,0,1,1,1,1783471940
2026-07-08T00:54:24Z,772,8,3,7,0,0,1,1,1,1783471955
2026-07-08T00:54:24Z,773,12,3,6,1,0,1,1,1,1783471747
2026-07-08T00:54:24Z,774,2,0,11,2,0,1,1,1,1783471673
2026-07-08T00:54:24Z,775,12,3,4,3,0,1,1,1,1783471335
2026-07-08T00:54:24Z,776,5,0,15,1,0,1,1,1,1783472020
2026-07-08T00:54:24Z,777,7,1,8,0,0,1,1,1,1783471967
2026-07-08T00:54:24Z,778,10,0,7,2,0,1,1,1,1783471654
2026-07-08T00:54:24Z,779,12,3,6,1,0,1,1,1,1783471534
2026-07-08T00:54:24Z,780,15,3,2,2,0,1,1,1,1783472044
2026-07-08T00:54:24Z,781,2,0,5,4,0,1,1,1,1783471850
2026-07-08T00:54:24Z,782,2,0,15,2,0,1,1,1,1783471322
2026-07-08T00:54:24Z,783,9,5,8,2,0,1,1,1,1783472020
2026-07-08T00:54:24Z,784,15,1,3,1,0,1,1,1,1783471932
2026-07-08T00:54:24Z,785,10,6,4,4,0,1,1,1,1783471134
2026-07-08T00:54:24Z,786,5,1,12,2,0,1,1,1,1783470291
2026-07-08T00:54:24Z,787,4,1,10,1,0,1,1,1,1783471935
2026-07-08T00:54:24Z,788,6,0,9,0,0,1,1,1,1783471973
2026-07-08T00:54:24Z,789,11,0,1,3,0,1,1,1,1783472040
2026-07-08T00:54:24Z,790,1,0,21,1,0,1,1,1,1783471628
2026-07-08T00:54:24Z,791,8,0,11,0,0,1,1,1,1783472049
2026-07-08T00:54:24Z,793,9,2,3,3,0,1,1,1,1783471312
2026-07-08T00:54:24Z,794,0,0,29,0,0,1,1,1,1783471245
2026-07-08T00:54:24Z,796,0,0,16,3,0,1,1,1,1783471809
2026-07-08T00:54:24Z,797,5,0,9,1,0,1,1,1,1783471946
2026-07-08T00:54:24Z,798,1,0,23,1,0,1,1,1,1783471973
2026-07-08T00:54:24Z,799,3,0,15,1,0,1,1,1,1783472036
2026-07-08T00:54:24Z,800,11,0,10,0,0,1,1,1,1783471531
2026-07-08T00:54:24Z,801,0,0,21,0,0,1,1,1,1783470304
2026-07-08T00:54:24Z,802,1,0,29,1,0,1,1,1,1783471204
2026-07-08T00:54:24Z,803,2,2,13,0,0,1,1,1,1783472001
2026-07-08T00:54:24Z,806,2,2,9,4,0,1,1,1,1783471990
2026-07-08T00:54:24Z,807,2,2,23,0,0,1,1,1,1783471351
2026-07-08T00:54:24Z,808,1,1,22,2,0,1,1,1,1783469208
2026-07-08T00:54:24Z,809,4,1,18,1,0,1,1,1,1783470348
2026-07-08T00:54:24Z,810,3,2,13,3,0,1,1,1,1783472045
2026-07-08T00:54:24Z,815,6,2,8,1,0,1,1,1,1783471861
2026-07-08T00:54:24Z,817,4,0,1,10,0,1,1,1,1783471983
2026-07-08T00:54:24Z,818,5,1,17,1,0,1,1,1,1783470339
2026-07-08T00:54:24Z,819,2,2,10,3,0,1,1,1,1783471961
2026-07-08T00:54:24Z,820,8,0,8,1,0,1,1,1,1783471956
2026-07-08T00:54:24Z,821,9,6,4,2,0,1,1,1,1783472010
2026-07-08T00:54:24Z,822,3,1,20,0,0,1,1,1,1783472047
2026-07-08T00:54:24Z,823,12,0,2,1,0,1,1,1,1783472024
2026-07-08T00:54:24Z,824,5,3,6,8,0,1,1,1,1783472055
2026-07-08T00:54:24Z,825,7,0,8,0,0,1,1,1,1783471951
2026-07-08T00:54:24Z,826,7,0,11,1,0,1,1,1,1783471961
2026-07-08T00:54:24Z,827,7,0,12,2,0,1,1,1,1783472002
2026-07-08T00:54:24Z,828,3,3,14,1,0,1,1,1,1783471733
2026-07-08T00:54:24Z,829,7,2,18,2,0,1,1,1,1783470366
2026-07-08T00:54:24Z,830,12,0,10,1,0,1,1,1,1783471511
2026-07-08T00:54:24Z,831,2,1,13,0,0,1,1,1,1783471891
2026-07-08T00:54:24Z,832,15,3,1,2,0,1,1,1,1783472027
2026-07-08T00:54:24Z,833,6,3,11,2,0,1,1,1,1783471986
2026-07-08T00:54:24Z,834,21,0,0,3,0,1,1,1,1783472049
2026-07-08T00:54:24Z,835,9,0,9,0,0,1,1,1,1783472043
2026-07-08T00:54:24Z,837,7,1,1,7,0,1,1,1,1783471934
2026-07-08T00:54:24Z,838,2,0,11,2,0,1,1,1,1783471957
2026-07-08T00:54:24Z,839,18,2,11,0,0,1,1,1,1783471936
2026-07-08T00:54:24Z,840,10,5,18,1,0,1,1,1,1783471321
2026-07-08T00:54:24Z,841,8,4,7,0,0,1,1,1,1783471768
2026-07-08T00:54:24Z,842,3,2,19,0,0,1,1,1,1783470315
2026-07-08T00:54:24Z,843,6,0,23,2,0,1,1,1,1783470431
2026-07-08T00:54:24Z,844,12,2,10,1,0,1,1,1,1783470725
2026-07-08T00:54:24Z,845,3,0,15,1,0,1,1,1,1783472030
2026-07-08T00:54:24Z,846,1,0,15,2,0,1,1,1,1783472042
2026-07-08T00:54:24Z,847,3,0,24,0,0,1,1,1,1783471870
2026-07-08T00:54:24Z,848,2,1,17,0,0,1,1,1,1783472053
2026-07-08T00:54:24Z,849,1,1,10,3,0,1,1,1,1783471465
2026-07-08T00:54:24Z,850,4,0,5,2,0,1,1,1,1783471885
2026-07-08T00:54:24Z,851,3,2,33,1,0,1,1,1,1783470557
2026-07-08T00:54:24Z,852,6,2,13,0,0,1,1,1,1783471636
2026-07-08T00:54:24Z,853,12,2,10,1,0,1,1,1,1783470339
2026-07-08T00:54:24Z,854,3,1,12,0,0,1,1,1,1783472049
2026-07-08T00:54:24Z,855,10,1,16,1,0,1,1,1,1783471161
2026-07-08T00:54:24Z,857,1,1,16,2,0,1,1,1,1783471991
2026-07-08T00:54:24Z,858,1,0,16,2,0,1,1,1,1783472029
2026-07-08T00:54:24Z,859,4,0,14,3,0,1,1,1,1783472049
2026-07-08T00:54:24Z,861,1,0,9,1,0,1,1,1,1783471892
2026-07-08T00:54:24Z,862,3,1,12,0,0,1,1,1,1783471915
2026-07-08T00:54:24Z,863,9,3,9,1,0,1,1,1,1783470265
2026-07-08T00:54:24Z,866,7,0,12,0,0,1,1,1,1783472047
2026-07-08T00:54:24Z,867,13,0,1,1,0,1,1,1,1783471889
2026-07-08T00:54:24Z,868,15,4,0,0,0,1,1,1,1783471958
2026-07-08T00:54:24Z,870,11,3,4,0,0,1,1,1,1783471958
2026-07-08T00:54:24Z,871,1,0,9,1,0,1,1,1,1783471891
2026-07-08T00:54:24Z,872,9,2,4,2,0,1,1,1,1783471984
2026-07-08T00:54:24Z,873,0,0,31,2,0,1,1,1,1783470646
2026-07-08T00:54:24Z,874,2,0,12,1,0,1,1,1,1783471920
2026-07-08T00:54:24Z,875,8,3,7,0,0,1,1,1,1783472047
2026-07-08T00:54:24Z,877,5,4,12,2,0,1,1,1,1783470244
2026-07-08T00:54:24Z,878,8,0,11,0,0,1,1,1,1783470255
2026-07-08T00:54:24Z,879,5,1,12,2,0,1,1,1,1783470250
2026-07-08T00:54:24Z,880,12,2,11,0,0,1,1,1,1783470345
2026-07-08T00:54:24Z,881,2,0,13,4,0,1,1,1,1783471883
2026-07-08T00:54:24Z,882,12,4,6,1,0,1,1,1,1783472036
2026-07-08T00:54:24Z,883,11,5,8,0,0,1,1,1,1783471995
2026-07-08T00:54:24Z,884,6,5,14,1,0,1,1,1,1783470307
2026-07-08T00:54:24Z,885,19,1,0,0,0,1,1,1,1783471992
2026-07-08T00:54:24Z,886,8,6,19,2,0,1,1,1,1783471892
2026-07-08T00:54:24Z,887,1,0,15,1,0,1,1,1,1783471938
2026-07-08T00:54:24Z,888,6,0,35,0,0,1,1,1,1783471884
2026-07-08T00:54:24Z,889,17,0,1,1,0,1,1,1,1783471986
2026-07-08T00:54:24Z,890,1,1,14,0,0,1,1,1,1783472001
2026-07-08T00:54:24Z,891,11,1,9,3,0,1,1,1,1783470295
2026-07-08T00:54:24Z,892,14,2,0,1,0,1,1,1,1783472024
2026-07-08T00:54:24Z,895,10,1,9,0,0,1,1,1,1783471981
2026-07-08T00:54:24Z,896,19,1,16,0,0,1,1,1,1783471954
2026-07-08T00:54:24Z,897,10,1,10,1,0,1,1,1,1783470291
2026-07-08T00:54:24Z,898,13,0,6,0,0,1,1,1,1783472024
2026-07-08T00:54:24Z,899,17,0,2,0,0,1,1,1,1783472024
2026-07-08T00:54:24Z,900,11,1,16,0,0,1,1,1,1783472052
2026-07-08T00:54:24Z,901,11,0,8,0,0,1,1,1,1783470996
2026-07-08T00:54:24Z,902,4,1,9,2,0,1,1,1,1783471954
2026-07-08T00:54:24Z,903,3,0,16,0,0,1,1,1,1783472016
2026-07-08T00:54:24Z,904,9,0,7,3,0,1,1,1,1783472040
2026-07-08T00:54:24Z,905,1,0,25,1,0,1,1,1,1783472047
2026-07-08T00:54:24Z,906,11,9,14,2,0,1,1,1,1783472044
2026-07-08T00:54:24Z,907,11,0,19,1,0,1,1,1,1783471734
2026-07-08T00:54:24Z,908,9,4,13,1,0,1,1,1,1783472007
2026-07-08T00:54:24Z,909,19,2,3,1,0,1,1,1,1783471947
2026-07-08T00:54:24Z,910,24,4,6,1,0,1,1,1,1783471975
2026-07-08T00:54:24Z,911,11,0,6,2,0,1,1,1,1783472030
2026-07-08T00:54:24Z,912,20,4,0,3,0,1,1,1,1783471897
2026-07-08T00:54:24Z,913,7,2,12,0,0,1,1,1,1783472000
2026-07-08T00:54:24Z,914,2,0,16,1,0,1,1,1,1783471658
2026-07-08T00:54:24Z,915,19,0,3,1,0,1,1,1,1783472019
2026-07-08T00:54:24Z,916,22,2,1,0,0,1,1,1,1783471698
2026-07-08T00:54:24Z,917,5,0,30,0,0,1,1,1,1783471785
2026-07-08T00:54:24Z,918,10,2,8,1,0,1,1,1,1783472029
2026-07-08T00:54:24Z,919,2,0,36,1,0,1,1,1,1783472022
2026-07-08T00:54:24Z,920,9,4,9,1,0,1,1,1,1783472014
2026-07-08T00:54:24Z,921,18,0,1,2,0,1,1,1,1783472015
2026-07-08T00:54:24Z,922,9,0,12,0,0,1,1,1,1783471834
2026-07-08T00:54:24Z,923,4,0,14,1,0,1,1,1,1783472024
2026-07-08T00:54:24Z,924,6,1,14,1,0,1,1,1,1783470251
2026-07-08T00:54:24Z,925,4,0,15,2,0,1,1,1,1783471836
2026-07-08T00:54:24Z,926,2,0,18,1,0,1,1,1,1783471770
2026-07-08T00:54:24Z,927,0,0,34,0,0,1,1,1,1783470461
2026-07-08T00:54:24Z,928,8,1,11,0,0,1,1,1,1783471924
2026-07-08T00:54:24Z,929,0,0,23,0,0,1,1,1,1783470307
2026-07-08T00:54:24Z,930,20,0,9,2,0,1,1,1,1783471060
2026-07-08T00:54:24Z,931,8,8,15,0,0,1,1,1,1783471987
2026-07-08T00:54:24Z,932,2,0,17,0,0,1,1,1,1783472023
2026-07-08T00:54:24Z,933,15,0,7,1,0,1,1,1,1783471576
2026-07-08T00:54:24Z,934,0,0,31,0,0,1,1,1,1783471239
2026-07-08T00:54:24Z,935,15,2,2,2,0,1,1,1,1783471992
2026-07-08T00:54:24Z,936,0,0,19,0,0,1,1,1,1783472035
2026-07-08T00:54:24Z,940,9,0,2,0,0,1,1,1,1783471410
2026-07-08T00:54:24Z,941,14,2,11,0,0,1,1,1,1783471223
2026-07-08T00:54:24Z,942,2,1,19,0,0,1,1,1,1783472055
2026-07-08T00:54:24Z,943,4,4,10,1,0,1,1,1,1783471906
2026-07-08T00:54:24Z,944,7,7,7,1,0,1,1,1,1783471960
2026-07-08T00:54:24Z,945,6,3,8,1,0,1,1,1,1783471951
2026-07-08T00:54:24Z,946,10,7,9,0,0,1,1,1,1783471988
2026-07-08T00:54:24Z,947,8,6,9,0,0,1,1,1,1783471944
2026-07-08T00:54:24Z,948,4,4,26,1,0,1,1,1,1783471753
2026-07-08T00:54:24Z,949,1,1,13,1,0,1,1,1,1783472040
2026-07-08T00:54:24Z,950,3,1,13,1,0,1,1,1,1783471959
2026-07-08T00:54:24Z,951,7,2,15,1,0,1,1,1,1783471944
2026-07-08T00:54:24Z,952,23,0,25,7,0,1,1,1,1783471964
2026-07-08T00:54:24Z,953,12,0,2,1,0,1,1,1,1783471954
2026-07-08T00:54:24Z,954,15,2,4,0,0,1,1,1,1783472025
2026-07-08T00:54:24Z,955,5,4,17,5,0,1,1,1,1783471927
2026-07-08T00:54:24Z,956,15,2,2,2,0,1,1,1,1783471862
2026-07-08T00:54:24Z,957,26,2,3,0,0,1,1,1,1783472049
2026-07-08T00:54:24Z,958,24,0,4,3,0,1,1,1,1783471814
2026-07-08T00:54:24Z,959,15,6,7,1,0,1,1,1,1783472036
2026-07-08T00:54:24Z,960,22,2,0,1,0,1,1,1,1783472031
2026-07-08T00:54:24Z,961,1,0,18,4,0,1,1,1,1783472053
2026-07-08T00:54:24Z,962,7,5,21,7,0,1,1,1,1783472029
2026-07-08T00:54:24Z,963,16,0,7,0,0,1,1,1,1783471536
2026-07-08T00:54:24Z,964,14,10,8,1,0,1,1,1,1783471670
2026-07-08T00:54:24Z,965,5,1,20,2,0,1,1,1,1783471464
2026-07-08T00:54:24Z,966,22,0,8,1,0,1,1,1,1783472025
2026-07-08T00:54:24Z,967,14,0,4,3,0,1,1,1,1783472049
2026-07-08T00:54:24Z,968,13,0,6,0,0,1,1,1,1783471705
2026-07-08T00:54:24Z,969,18,7,7,2,0,1,1,1,1783470964
2026-07-08T00:54:24Z,970,14,6,4,1,0,1,1,1,1783472040
2026-07-08T00:54:24Z,971,21,1,0,2,0,1,1,1,1783470461
2026-07-08T00:54:24Z,972,19,1,4,0,0,1,1,1,1783471651
2026-07-08T00:54:24Z,973,0,0,22,1,0,1,1,1,1783471899
2026-07-08T00:54:24Z,974,3,0,23,1,0,1,1,1,1783471982
2026-07-08T00:54:24Z,977,0,0,19,2,0,1,1,1,1783472027
2026-07-08T00:54:24Z,978,10,3,13,0,0,1,1,1,1783471932
2026-07-08T00:54:24Z,979,1,0,13,3,0,1,1,1,1783471922
2026-07-08T00:54:24Z,980,2,1,19,0,0,1,1,1,1783471425
2026-07-08T00:54:24Z,981,17,0,3,1,0,1,1,1,1783472053
2026-07-08T00:54:24Z,982,4,1,15,0,0,1,1,1,1783472023
2026-07-08T00:54:24Z,983,0,0,23,0,0,1,1,1,1783470342
2026-07-08T00:54:24Z,984,20,8,0,3,0,1,1,1,1783470348
2026-07-08T00:54:24Z,985,15,0,15,1,0,1,1,1,1783472045
2026-07-08T00:54:24Z,986,9,8,10,0,0,1,1,1,1783472052
2026-07-08T00:54:24Z,987,3,0,19,1,0,1,1,1,1783470311
2026-07-08T00:54:24Z,988,5,0,12,2,0,1,1,1,1783472039
2026-07-08T00:54:24Z,989,14,10,3,2,0,1,1,1,1783470271
2026-07-08T00:54:24Z,990,6,1,8,1,0,1,1,1,1783471964
2026-07-08T00:54:24Z,991,16,9,3,0,0,1,1,1,1783471054
2026-07-08T00:54:24Z,992,4,2,18,1,0,1,1,1,1783470385
2026-07-08T00:54:24Z,993,1,0,24,2,0,1,1,1,1783472000
2026-07-08T00:54:24Z,994,2,0,17,2,0,1,1,1,1783471061
2026-07-08T00:54:24Z,995,0,0,27,0,0,1,1,1,1783470332
2026-07-08T00:54:24Z,996,9,4,12,2,0,1,1,1,1783470363
2026-07-08T00:54:24Z,997,6,2,12,5,0,1,1,1,1783472011
2026-07-08T00:54:24Z,998,5,1,18,0,0,1,1,1,1783471674
2026-07-08T00:54:24Z,999,7,2,12,1,1,1,1,1,1783470313
2026-07-08T00:54:24Z,1000,5,0,15,1,0,1,1,1,1783470253
2026-07-08T00:54:24Z,1001,1,0,26,0,0,1,1,1,1783471152
2026-07-08T00:54:24Z,1002,0,0,31,0,0,1,1,1,1783470387
2026-07-08T00:54:24Z,1003,0,0,23,0,0,1,1,1,1783470298
2026-07-08T00:54:24Z,1004,6,0,17,0,0,1,1,1,1783470956
2026-07-08T00:54:24Z,1005,5,2,17,1,0,1,1,1,1783470303
2026-07-08T00:54:24Z,1006,10,1,9,0,0,1,1,1,1783472040
2026-07-08T00:54:24Z,1007,2,0,18,1,0,1,1,1,1783471001
2026-07-08T00:54:24Z,1008,18,8,5,0,0,1,1,1,1783470335
2026-07-08T00:54:24Z,1009,5,1,24,2,0,1,1,1,1783470463
2026-07-08T00:54:24Z,1010,9,8,18,0,0,1,1,1,1783470375
2026-07-08T00:54:24Z,1011,2,1,15,2,0,1,1,1,1783472033
2026-07-08T00:54:24Z,1012,1,0,21,1,0,1,1,1,1783470310
2026-07-08T00:54:24Z,1013,4,2,18,1,0,1,1,1,1783470323
2026-07-08T00:54:24Z,1014,6,1,15,2,0,1,1,1,1783470297
2026-07-08T00:54:24Z,1015,8,3,23,0,0,1,1,1,1783470403
2026-07-08T00:54:24Z,1016,17,6,13,1,0,1,1,1,1783471298
2026-07-08T00:54:24Z,1017,8,0,12,1,0,1,1,1,1783470273
2026-07-08T00:54:24Z,1018,3,2,13,5,0,1,1,1,1783470304
2026-07-08T00:54:24Z,1019,13,1,1,1,0,1,1,1,1783471971
2026-07-08T00:54:24Z,1020,14,2,7,0,0,1,1,1,1783470269
2026-07-08T00:54:24Z,1021,12,6,3,0,0,1,1,1,1783471986
2026-07-08T00:54:24Z,1022,12,1,15,0,0,1,1,1,1783470741
2026-07-08T00:54:24Z,1023,13,0,10,0,0,1,1,1,1783470358
2026-07-08T00:54:24Z,1024,3,0,16,0,0,1,1,1,1783472026
2026-07-08T00:54:24Z,1025,15,1,4,0,0,1,1,1,1783472039
2026-07-08T00:54:24Z,1026,12,7,18,1,0,1,1,1,1783471852
2026-07-08T00:54:24Z,1028,16,4,7,0,0,1,1,1,1783470340
2026-07-08T00:54:24Z,1029,10,8,2,3,0,1,1,1,1783471984
2026-07-08T00:54:24Z,1030,17,5,6,0,0,1,1,1,1783470362
2026-07-08T00:54:24Z,1031,2,2,16,1,0,1,1,1,1783472040
2026-07-08T00:54:24Z,1032,9,3,10,0,0,1,1,1,1783472045
2026-07-08T00:54:24Z,1033,18,8,0,1,0,1,1,1,1783472037
2026-07-08T00:54:24Z,1034,8,0,7,0,0,1,1,1,1783471970
2026-07-08T00:54:24Z,1035,4,0,14,1,0,1,1,1,1783472024
2026-07-08T00:54:24Z,1036,14,4,1,0,0,1,1,1,1783471984
2026-07-08T00:54:24Z,1037,0,0,19,0,0,1,1,1,1783472030
2026-07-08T00:54:24Z,1038,0,0,15,0,0,1,1,1,1783471959
2026-07-08T00:54:24Z,1039,12,6,7,0,0,1,1,1,1783472053
2026-07-08T00:54:24Z,1040,0,0,18,1,0,1,1,1,1783472050
2026-07-08T00:54:24Z,1041,3,2,16,0,0,1,1,1,1783472028
2026-07-08T00:54:24Z,1042,9,2,6,0,0,1,1,1,1783471967
2026-07-08T00:54:24Z,1043,9,6,10,0,0,1,1,1,1783472050
2026-07-08T00:54:24Z,1044,0,0,15,0,0,1,1,1,1783471957
2026-07-08T00:54:24Z,1045,2,1,17,0,0,1,1,1,1783472038
2026-07-08T00:54:24Z,1046,6,0,6,3,0,1,1,1,1783471959
2026-07-08T00:54:24Z,1047,1,1,19,1,0,1,1,1,1783470243
2026-07-08T00:54:24Z,1048,14,1,5,0,0,1,1,1,1783472020
2026-07-08T00:54:24Z,1049,11,2,10,0,0,1,1,1,1783470280
2026-07-08T00:54:24Z,1050,16,1,3,2,0,1,1,1,1783470502
2026-07-08T00:54:24Z,1051,15,2,5,1,0,1,1,1,1783470285
2026-07-08T00:54:24Z,1052,12,1,10,0,0,1,1,1,1783470316
2026-07-08T00:54:24Z,1053,6,0,9,0,0,1,1,1,1783471974
2026-07-08T00:54:24Z,1054,10,3,5,0,0,1,1,1,1783471971
2026-07-08T00:54:24Z,1055,8,0,11,0,0,1,1,1,1783472036
2026-07-08T00:54:24Z,1057,6,0,13,0,0,1,1,1,1783471954
2026-07-08T00:54:24Z,1058,1,1,54,1,0,1,1,1,1783472055
2026-07-08T00:54:24Z,1059,5,2,14,0,0,1,1,1,1783472014
2026-07-08T00:54:24Z,1060,34,13,3,0,0,1,1,1,1783471949
2026-07-08T00:54:24Z,1061,0,0,37,0,0,1,1,1,1783471484
2026-07-08T00:54:24Z,1062,6,0,11,0,0,1,1,1,1783471925
2026-07-08T00:54:24Z,1063,13,3,4,2,0,1,1,1,1783472034
2026-07-08T00:54:24Z,1064,10,2,13,0,0,1,1,1,1783470296
2026-07-08T00:54:24Z,1065,10,2,11,2,0,1,1,1,1783470341
2026-07-08T00:54:24Z,1066,14,3,7,2,0,1,1,1,1783470361
2026-07-08T00:54:24Z,1067,7,0,13,3,0,1,1,1,1783470314
2026-07-08T00:54:24Z,1068,13,1,9,1,0,1,1,1,1783470306
2026-07-08T00:54:24Z,1069,3,0,19,1,0,1,1,1,1783470336
2026-07-08T00:54:24Z,1070,7,4,15,1,0,1,1,1,1783470313
2026-07-08T00:54:24Z,1071,0,0,22,1,0,1,1,1,1783470301
2026-07-08T00:54:24Z,1072,13,2,8,2,0,1,1,1,1783470346
2026-07-08T00:54:24Z,1073,0,0,26,1,0,1,1,1,1783471545
2026-07-08T00:54:24Z,1074,44,1,5,4,0,1,1,1,1783471936
2026-07-08T00:54:24Z,1075,10,9,11,0,0,1,1,1,1783470278
2026-07-08T00:54:24Z,1076,16,12,5,0,0,1,1,1,1783471927
2026-07-08T00:54:24Z,1077,10,9,11,0,0,1,1,1,1783470274
2026-07-08T00:54:24Z,1078,2,0,19,0,0,1,1,1,1783471790
2026-07-08T00:54:24Z,1079,10,8,11,0,0,1,1,1,1783470266
2026-07-08T00:54:24Z,1080,9,7,12,0,0,1,1,1,1783471843
2026-07-08T00:54:24Z,1081,14,10,5,0,0,1,1,1,1783472010
2026-07-08T00:54:24Z,1082,11,9,12,0,0,1,1,1,1783472036
2026-07-08T00:54:24Z,1083,11,8,10,0,0,1,1,1,1783470283
2026-07-08T00:54:24Z,1084,9,7,12,0,0,1,1,1,1783470347
2026-07-08T00:54:24Z,1085,10,9,11,0,0,1,1,1,1783470361
2026-07-08T00:54:24Z,1086,8,6,13,0,0,1,1,1,1783471275
2026-07-08T00:54:24Z,1087,9,9,6,0,0,1,1,1,1783471997
2026-07-08T00:54:24Z,1088,6,4,9,0,0,1,1,1,1783472010
2026-07-08T00:54:24Z,1089,11,9,4,0,0,1,1,1,1783471977
2026-07-08T00:54:24Z,1090,8,7,7,0,0,1,1,1,1783471978
2026-07-08T00:54:24Z,1091,10,8,5,0,0,1,1,1,1783471982
2026-07-08T00:54:24Z,1092,7,6,8,0,0,1,1,1,1783472015
2026-07-08T00:54:24Z,1093,9,7,6,0,0,1,1,1,1783471988
2026-07-08T00:54:24Z,1094,12,9,7,0,0,1,1,1,1783472020
2026-07-08T00:54:24Z,1095,8,6,7,0,0,1,1,1,1783471918
2026-07-08T00:54:24Z,1096,10,7,9,0,0,1,1,1,1783470256
2026-07-08T00:54:24Z,1097,9,9,6,0,0,1,1,1,1783472000
2026-07-08T00:54:24Z,1098,8,6,11,0,0,1,1,1,1783472047
2026-07-08T00:54:24Z,1099,10,8,5,0,0,1,1,1,1783471983
2026-07-08T00:54:24Z,1100,9,5,18,2,0,1,1,1,1783470404
2026-07-08T00:54:24Z,1101,12,7,8,1,0,1,1,1,1783470295
2026-07-08T00:54:24Z,1102,9,4,4,0,0,1,1,1,1783472039
2026-07-08T00:54:24Z,1103,10,5,9,2,0,1,1,1,1783470279
2026-07-08T00:54:24Z,1104,9,5,12,0,0,1,1,1,1783470293
2026-07-08T00:54:24Z,1105,6,2,5,2,0,1,1,1,1783471915
2026-07-08T00:54:24Z,1106,10,5,10,1,0,1,1,1,1783470276
2026-07-08T00:54:24Z,1107,9,4,5,1,0,1,1,1,1783471962
2026-07-08T00:54:24Z,1108,4,2,19,4,0,1,1,1,1783471924
2026-07-08T00:54:24Z,1109,10,5,5,0,0,1,1,1,1783471965
2026-07-08T00:54:24Z,1110,12,1,9,0,0,1,1,1,1783470806
2026-07-08T00:54:24Z,1111,4,0,17,0,0,1,1,1,1783471528
2026-07-08T00:54:24Z,1112,3,0,50,0,0,1,1,1,1783471996
2026-07-08T00:54:24Z,1113,2,2,19,0,0,1,1,1,1783472007
2026-07-08T00:54:24Z,1115,9,0,12,2,0,1,1,1,1783470559
2026-07-08T00:54:24Z,1116,1,0,18,0,0,1,1,1,1783472029
2026-07-08T00:54:24Z,1117,3,2,20,0,0,1,1,1,1783471704
2026-07-08T00:54:24Z,1118,16,1,5,0,0,1,1,1,1783471975
2026-07-08T00:54:24Z,1119,4,1,12,1,0,1,1,1,1783472008
2026-07-08T00:54:24Z,1120,14,1,2,3,0,1,1,1,1783472024
2026-07-08T00:54:24Z,1121,7,1,14,0,0,1,1,1,1783471932
2026-07-08T00:54:24Z,1122,7,3,13,1,0,1,1,1,1783471716
2026-07-08T00:54:24Z,1123,3,0,18,2,0,1,1,1,1783471200
2026-07-08T00:54:24Z,1124,9,0,5,1,0,1,1,1,1783471934
2026-07-08T00:54:24Z,1125,16,0,7,0,0,1,1,1,1783471091
2026-07-08T00:54:24Z,1126,6,1,14,1,0,1,1,1,1783472052
2026-07-08T00:54:24Z,1127,13,1,5,1,0,1,1,1,1783472026
2026-07-08T00:54:24Z,1128,13,2,1,1,0,1,1,1,1783471963
2026-07-08T00:54:24Z,1129,7,2,14,0,0,1,1,1,1783472009
2026-07-08T00:54:24Z,1130,11,0,3,1,0,1,1,1,1783471957
2026-07-08T00:54:24Z,1131,0,0,49,0,0,1,1,1,1783470717
2026-07-08T00:54:24Z,1132,11,0,8,2,0,1,1,1,1783470247
2026-07-08T00:54:24Z,1133,6,3,14,1,0,1,1,1,1783472018
2026-07-08T00:54:24Z,1134,10,4,8,1,0,1,1,1,1783471217
2026-07-08T00:54:24Z,1135,13,7,8,0,0,1,1,1,1783470270
2026-07-08T00:54:24Z,1136,20,0,2,1,0,1,1,1,1783471907
2026-07-08T00:54:24Z,1137,0,0,15,0,0,1,1,1,1783471951
2026-07-08T00:54:24Z,1138,19,0,0,0,0,1,1,1,1783470249
2026-07-08T00:54:24Z,1139,10,0,11,0,0,1,1,1,1783470663
2026-07-08T00:54:24Z,1140,13,1,8,2,0,1,1,1,1783472047
2026-07-08T00:54:24Z,1141,7,2,13,1,0,1,1,1,1783472043
2026-07-08T00:54:24Z,1142,5,0,16,0,0,1,1,1,1783470278
2026-07-08T00:54:24Z,1143,14,0,14,1,0,1,1,1,1783472030
2026-07-08T00:54:24Z,1144,3,1,17,1,0,1,1,1,1783400779
2026-07-08T00:54:24Z,1145,6,2,11,3,0,1,1,1,1783471020
2026-07-08T00:54:24Z,1146,4,1,15,0,0,1,1,1,1783472051
2026-07-08T00:54:24Z,1147,10,2,9,0,0,1,1,1,1783472027
2026-07-08T00:54:24Z,1148,9,1,21,1,0,1,1,1,1783471673
2026-07-08T00:54:24Z,1149,2,2,22,1,0,1,1,1,1783471964
2026-07-08T00:54:24Z,1150,18,1,0,1,0,1,1,1,1783471727
2026-07-08T00:54:24Z,1151,1,0,19,1,0,1,1,1,1783472049
2026-07-08T00:54:24Z,1152,11,0,16,2,0,1,1,1,1783470364
2026-07-08T00:54:24Z,1153,15,1,7,1,0,1,1,1,1783472051
2026-07-08T00:54:24Z,1154,2,0,15,2,0,1,1,1,1783472000
2026-07-08T00:54:24Z,1155,13,2,6,2,0,1,1,1,1783471973
2026-07-08T00:54:24Z,1158,9,0,10,0,0,1,1,1,1783472033
2026-07-08T00:54:24Z,1159,7,5,12,0,0,1,1,1,1783472054
2026-07-08T00:54:24Z,1160,12,2,6,1,0,1,1,1,1783470958
2026-07-08T00:54:24Z,1161,8,2,11,0,0,1,1,1,1783470250
2026-07-08T00:54:24Z,1162,12,4,6,1,0,1,1,1,1783472050
2026-07-08T00:54:24Z,1163,2,2,17,0,0,1,1,1,1783472015
2026-07-08T00:54:24Z,1164,8,0,11,0,0,1,1,1,1783472019
2026-07-08T00:54:24Z,1165,3,1,17,1,0,1,1,1,1783470244
2026-07-08T00:54:24Z,1166,2,0,18,0,0,1,1,1,1783472050
2026-07-08T00:54:24Z,1167,12,2,3,0,0,1,1,1,1783471954
2026-07-08T00:54:24Z,1168,1,1,22,0,0,1,1,1,1783470353
2026-07-08T00:54:24Z,1169,3,2,15,1,0,1,1,1,1783472031
2026-07-08T00:54:24Z,1170,8,5,13,0,0,1,1,1,1783471583
2026-07-08T00:54:24Z,1171,16,14,6,1,0,1,1,1,1783470345
2026-07-08T00:54:24Z,1172,9,3,4,2,0,1,1,1,1783471972
2026-07-08T00:54:24Z,1173,1,1,17,1,0,1,1,1,1783472035
2026-07-08T00:54:24Z,1174,3,1,11,1,0,1,1,1,1783471958
2026-07-08T00:54:24Z,1175,6,0,13,0,0,1,1,1,1783472010
2026-07-08T00:54:24Z,1176,19,5,2,0,0,1,1,1,1783470254
2026-07-08T00:54:24Z,1177,11,2,10,0,0,1,1,1,1783470246
2026-07-08T00:54:24Z,1178,5,0,9,1,0,1,1,1,1783471885
2026-07-08T00:54:24Z,1181,13,1,2,0,0,1,1,1,1783471903
2026-07-08T00:54:24Z,1182,2,0,18,0,0,1,1,1,1783472031
2026-07-08T00:54:24Z,1183,0,0,35,2,0,1,1,1,1783471047
2026-07-08T00:54:24Z,1184,16,6,3,2,0,1,1,1,1783471881
2026-07-08T00:54:24Z,1185,13,6,8,0,0,1,1,1,1783470276
2026-07-08T00:54:24Z,1186,9,5,9,1,0,1,1,1,1783472028
2026-07-08T00:54:24Z,1188,8,4,7,0,0,1,1,1,1783471500
2026-07-08T00:54:24Z,1189,10,5,9,0,0,1,1,1,1783471577
2026-07-08T00:54:24Z,1190,9,5,12,0,0,1,1,1,1783470249
2026-07-08T00:54:24Z,1191,8,4,6,1,0,1,1,1,1783470288
2026-07-08T00:54:24Z,1192,8,4,12,1,0,1,1,1,1783470302
2026-07-08T00:54:24Z,1193,3,1,9,1,0,1,1,1,1783471905
2026-07-08T00:54:24Z,1197,13,3,3,1,0,1,1,1,1783471936
2026-07-08T00:54:24Z,1198,15,9,6,0,0,1,1,1,1783470265
2026-07-08T00:54:24Z,1199,3,3,16,0,0,1,1,1,1783472015
2026-07-08T00:54:24Z,1200,11,4,4,0,0,1,1,1,1783471797
2026-07-08T00:54:24Z,1201,8,4,6,1,0,1,1,1,1783471821
2026-07-08T00:54:24Z,1202,9,5,6,0,0,1,1,1,1783471787
2026-07-08T00:54:24Z,1203,8,4,7,0,0,1,1,1,1783471792
2026-07-08T00:54:24Z,1218,7,4,14,0,0,1,1,1,1783470295
2026-07-08T00:54:24Z,1224,0,0,3,0,0,0,1,1,1781869449
2026-07-08T00:54:24Z,1225,0,0,3,0,0,0,1,1,1781868919
2026-07-08T00:54:24Z,1226,0,0,3,0,0,0,1,1,1781868931
2026-07-08T00:59:24Z,1,0,0,23,0,0,1,1,1,1783470556
2026-07-08T00:59:24Z,2,13,0,13,1,0,1,1,1,1783471961
2026-07-08T00:59:24Z,3,2,0,15,1,0,1,1,1,1783472290
2026-07-08T00:59:24Z,4,0,0,23,0,0,1,1,1,1783472283
2026-07-08T00:59:24Z,5,9,6,11,3,0,1,1,1,1783472303
2026-07-08T00:59:24Z,6,5,0,10,0,0,1,1,1,1783471519
2026-07-08T00:59:24Z,7,17,0,6,0,0,1,1,1,1783472174
2026-07-08T00:59:24Z,8,42,0,0,1,0,1,1,1,1783472165
2026-07-08T00:59:24Z,9,1,0,21,1,0,1,1,1,1783471968
2026-07-08T00:59:24Z,10,8,3,15,0,0,1,1,1,1783471067
2026-07-08T00:59:24Z,11,0,0,19,0,0,1,1,1,1783471838
2026-07-08T00:59:24Z,12,0,0,23,0,0,1,1,1,1783472217
2026-07-08T00:59:24Z,13,28,0,2,0,0,1,1,1,1783472043
2026-07-08T00:59:24Z,14,33,0,10,0,0,1,1,1,1783472357
2026-07-08T00:59:24Z,15,14,0,0,1,0,1,1,1,1783471834
2026-07-08T00:59:24Z,16,3,2,24,0,0,1,1,1,1783472168
2026-07-08T00:59:24Z,17,20,0,5,2,0,1,1,1,1783472317
2026-07-08T00:59:24Z,18,19,0,0,0,0,1,1,1,1783471262
2026-07-08T00:59:24Z,19,13,0,14,0,0,1,1,1,1783472357
2026-07-08T00:59:24Z,20,17,1,10,0,0,1,1,1,1783472079
2026-07-08T00:59:24Z,21,18,0,0,1,0,1,1,1,1783472352
2026-07-08T00:59:24Z,22,1,0,65,1,0,1,1,1,1783472308
2026-07-08T00:59:24Z,23,9,0,22,0,0,1,1,1,1783472100
2026-07-08T00:59:24Z,24,3,2,7,1,0,1,1,1,1783472352
2026-07-08T00:59:24Z,25,35,1,41,5,0,1,1,1,1783472356
2026-07-08T00:59:24Z,26,0,0,27,0,0,1,1,1,1783472222
2026-07-08T00:59:24Z,28,13,3,2,0,0,1,1,1,1783471859
2026-07-08T00:59:24Z,30,11,1,16,0,0,1,1,1,1783471107
2026-07-08T00:59:24Z,31,0,0,19,0,0,1,1,1,1783472357
2026-07-08T00:59:24Z,32,26,2,1,0,0,1,1,1,1783472306
2026-07-08T00:59:24Z,34,27,1,10,0,0,1,1,1,1783472268
2026-07-08T00:59:24Z,35,2,1,44,1,0,1,1,1,1783472282
2026-07-08T00:59:24Z,36,0,0,0,0,0,0,1,1,86400
2026-07-08T00:59:24Z,37,5,0,17,1,0,1,1,1,1783472020
2026-07-08T00:59:24Z,38,2,1,21,0,0,1,1,1,1783471873
2026-07-08T00:59:24Z,39,25,4,6,0,0,1,1,1,1783472350
2026-07-08T00:59:24Z,40,0,0,21,0,0,1,1,1,1783469847
2026-07-08T00:59:24Z,41,3,0,22,2,0,1,1,1,1783471818
2026-07-08T00:59:24Z,42,8,2,22,1,0,1,1,1,1783472176
2026-07-08T00:59:24Z,43,16,1,7,0,0,1,1,1,1783472114
2026-07-08T00:59:24Z,45,1,1,27,3,0,1,1,1,1783472264
2026-07-08T00:59:24Z,46,15,1,14,1,1,1,1,1,1783472303
2026-07-08T00:59:24Z,47,4,1,11,0,0,1,1,1,1783471814
2026-07-08T00:59:24Z,48,2,1,25,0,0,1,1,1,1783472347
2026-07-08T00:59:24Z,49,2,0,18,3,0,1,1,1,1783472355
2026-07-08T00:59:24Z,50,4,2,15,0,0,1,1,1,1783471542
2026-07-08T00:59:24Z,51,0,0,78,0,0,1,1,1,1783470549
2026-07-08T00:59:24Z,52,1,0,24,2,0,1,1,1,1783472240
2026-07-08T00:59:24Z,55,0,0,21,0,1,1,1,1,1783471961
2026-07-08T00:59:24Z,57,1,0,26,0,0,1,1,1,1783472166
2026-07-08T00:59:24Z,58,3,1,25,0,0,1,1,1,1783471810
2026-07-08T00:59:24Z,59,0,0,25,2,0,1,1,1,1783472084
2026-07-08T00:59:24Z,61,0,0,37,2,0,1,1,1,1783471871
2026-07-08T00:59:24Z,62,2,0,45,2,0,1,1,1,1783472141
2026-07-08T00:59:24Z,63,0,0,19,0,0,1,1,1,1783468347
2026-07-08T00:59:24Z,64,16,1,2,1,0,1,1,1,1783471802
2026-07-08T00:59:24Z,65,4,1,13,2,0,1,1,1,1783472255
2026-07-08T00:59:24Z,67,2,0,37,0,0,1,1,1,1783472250
2026-07-08T00:59:24Z,68,1,1,36,0,0,1,1,1,1783472222
2026-07-08T00:59:24Z,69,14,2,1,0,0,1,1,1,1783468047
2026-07-08T00:59:24Z,71,4,1,23,0,0,1,1,1,1783472308
2026-07-08T00:59:24Z,72,2,1,29,0,0,1,1,1,1783472246
2026-07-08T00:59:24Z,73,0,0,23,0,0,1,1,1,1783470373
2026-07-08T00:59:24Z,74,6,2,13,0,0,1,1,1,1783471037
2026-07-08T00:59:24Z,75,0,0,34,1,0,1,1,1,1783468816
2026-07-08T00:59:24Z,76,2,0,17,0,0,1,1,1,1783471742
2026-07-08T00:59:24Z,77,6,0,17,4,0,1,1,1,1783472345
2026-07-08T00:59:24Z,78,0,0,23,0,0,1,1,1,1783472252
2026-07-08T00:59:24Z,79,4,0,13,0,0,1,1,1,1783472050
2026-07-08T00:59:24Z,80,17,1,4,2,0,1,1,1,1783472266
2026-07-08T00:59:24Z,81,5,0,12,14,0,1,1,1,1783472295
2026-07-08T00:59:24Z,82,1,1,20,2,0,1,1,1,1783472299
2026-07-08T00:59:24Z,83,4,1,27,3,0,1,1,1,1783472327
2026-07-08T00:59:24Z,84,20,0,5,2,0,1,1,1,1783472063
2026-07-08T00:59:24Z,85,1,0,12,1,0,1,1,1,1783472357
2026-07-08T00:59:24Z,86,5,3,21,1,0,1,1,1,1783472168
2026-07-08T00:59:24Z,87,0,0,19,0,0,1,1,1,1783464851
2026-07-08T00:59:24Z,88,25,1,6,0,0,1,1,1,1783472219
2026-07-08T00:59:24Z,89,13,1,22,0,0,1,1,1,1783472327
2026-07-08T00:59:24Z,90,9,0,9,1,0,1,1,1,1783472263
2026-07-08T00:59:24Z,91,6,1,11,0,0,1,1,1,1783471819
2026-07-08T00:59:24Z,92,17,1,0,2,0,1,1,1,1783472237
2026-07-08T00:59:24Z,93,22,1,1,0,0,1,1,1,1783472338
2026-07-08T00:59:24Z,94,1,1,18,0,0,1,1,1,1783468543
2026-07-08T00:59:24Z,95,1,0,31,2,1,1,1,1,1783472350
2026-07-08T00:59:24Z,96,9,1,20,2,0,1,1,1,1783471856
2026-07-08T00:59:24Z,97,9,0,6,0,0,1,1,1,1783472208
2026-07-08T00:59:24Z,98,17,0,16,2,0,1,1,1,1783471786
2026-07-08T00:59:24Z,99,7,0,7,0,0,1,1,1,1783471792
2026-07-08T00:59:24Z,100,18,0,8,1,0,1,1,1,1783471865
2026-07-08T00:59:24Z,101,4,0,9,2,0,1,1,1,1783472314
2026-07-08T00:59:24Z,102,11,1,12,0,0,1,1,1,1783472317
2026-07-08T00:59:24Z,103,12,0,16,4,0,1,1,1,1783472167
2026-07-08T00:59:24Z,104,3,2,22,2,0,1,1,1,1783472121
2026-07-08T00:59:24Z,105,11,0,8,0,0,1,1,1,1783471474
2026-07-08T00:59:24Z,106,0,0,21,0,0,1,1,1,1783471878
2026-07-08T00:59:24Z,107,35,1,2,0,0,1,1,1,1783472354
2026-07-08T00:59:24Z,108,13,0,20,2,0,1,1,1,1783472340
2026-07-08T00:59:24Z,109,5,0,18,0,0,1,1,1,1783472108
2026-07-08T00:59:24Z,110,6,0,17,0,0,1,1,1,1783472165
2026-07-08T00:59:24Z,111,0,0,35,1,0,1,1,1,1783472085
2026-07-08T00:59:24Z,112,17,0,1,1,0,1,1,1,1783472322
2026-07-08T00:59:24Z,113,1,1,18,0,0,1,1,1,1783471953
2026-07-08T00:59:24Z,114,6,3,20,5,0,1,1,1,1783472348
2026-07-08T00:59:24Z,115,0,0,24,2,0,1,1,1,1783471769
2026-07-08T00:59:24Z,116,3,1,24,0,0,1,1,1,1783472356
2026-07-08T00:59:24Z,118,9,5,10,4,0,1,1,1,1783472349
2026-07-08T00:59:24Z,119,18,2,18,2,0,1,1,1,1783472317
2026-07-08T00:59:24Z,120,5,1,20,2,0,1,1,1,1783472330
2026-07-08T00:59:24Z,121,10,0,9,0,0,1,1,1,1783471817
2026-07-08T00:59:24Z,122,14,0,7,0,0,1,1,1,1783472149
2026-07-08T00:59:24Z,123,11,1,36,0,0,1,1,1,1783472188
2026-07-08T00:59:24Z,124,5,0,22,0,0,1,1,1,1783472358
2026-07-08T00:59:24Z,125,1,0,22,0,0,1,1,1,1783472323
2026-07-08T00:59:24Z,126,3,0,28,0,0,1,1,1,1783471685
2026-07-08T00:59:24Z,127,0,0,22,0,0,1,1,1,1783472357
2026-07-08T00:59:24Z,128,3,3,16,0,0,1,1,1,1783471762
2026-07-08T00:59:24Z,129,15,5,0,4,0,1,1,1,1783471919
2026-07-08T00:59:24Z,130,8,0,9,0,0,1,1,1,1783472348
2026-07-08T00:59:24Z,131,1,1,8,2,0,1,1,1,1783472024
2026-07-08T00:59:24Z,132,0,0,14,0,1,1,1,1,1783468552
2026-07-08T00:59:24Z,133,1,0,22,0,0,1,1,1,1783471845
2026-07-08T00:59:24Z,134,8,4,15,0,0,1,1,1,1783472353
2026-07-08T00:59:24Z,135,13,2,5,1,0,1,1,1,1783471830
2026-07-08T00:59:24Z,136,14,2,8,0,0,1,1,1,1783471885
2026-07-08T00:59:24Z,137,4,3,14,1,0,1,1,1,1783472042
2026-07-08T00:59:24Z,138,36,1,0,1,0,1,1,1,1783472128
2026-07-08T00:59:24Z,139,19,2,0,0,0,1,1,1,1783472192
2026-07-08T00:59:24Z,140,18,3,3,2,0,1,1,1,1783472355
2026-07-08T00:59:24Z,141,22,1,1,2,0,1,1,1,1783472089
2026-07-08T00:59:24Z,142,0,0,19,0,0,0,1,1,1782498468
2026-07-08T00:59:24Z,143,28,0,0,3,0,1,1,1,1783472276
2026-07-08T00:59:24Z,144,19,2,7,1,0,1,1,1,1783472285
2026-07-08T00:59:24Z,145,26,0,4,1,0,1,1,1,1783472358
2026-07-08T00:59:24Z,146,21,3,0,2,0,1,1,1,1783472358
2026-07-08T00:59:24Z,147,9,0,9,1,0,1,1,1,1783472226
2026-07-08T00:59:24Z,148,22,3,5,0,0,1,1,1,1783472158
2026-07-08T00:59:24Z,149,1,0,18,0,0,1,1,1,1783471707
2026-07-08T00:59:24Z,150,30,0,4,1,0,1,1,1,1783472074
2026-07-08T00:59:24Z,151,17,1,5,1,0,1,1,1,1783472018
2026-07-08T00:59:24Z,152,18,1,7,1,0,1,1,1,1783472148
2026-07-08T00:59:24Z,153,17,3,4,2,0,1,1,1,1783471907
2026-07-08T00:59:24Z,154,13,2,6,4,0,1,1,1,1783472275
2026-07-08T00:59:24Z,155,4,1,6,4,0,1,1,1,1783472043
2026-07-08T00:59:24Z,156,15,3,4,0,0,1,1,1,1783472061
2026-07-08T00:59:24Z,157,23,3,2,2,0,1,1,1,1783472249
2026-07-08T00:59:24Z,158,12,3,7,0,0,1,1,1,1783472269
2026-07-08T00:59:24Z,159,8,2,11,0,0,1,1,1,1783472059
2026-07-08T00:59:24Z,160,18,1,0,1,0,1,1,1,1783472313
2026-07-08T00:59:24Z,161,15,1,7,1,0,1,1,1,1783472351
2026-07-08T00:59:24Z,162,14,10,12,1,0,1,1,1,1783472176
2026-07-08T00:59:24Z,163,26,5,5,0,0,1,1,1,1783472322
2026-07-08T00:59:24Z,164,17,0,10,0,0,1,1,1,1783472237
2026-07-08T00:59:24Z,165,9,7,18,3,0,1,1,1,1783472356
2026-07-08T00:59:24Z,166,20,6,17,1,0,1,1,1,1783472300
2026-07-08T00:59:24Z,167,11,6,9,3,0,1,1,1,1783472244
2026-07-08T00:59:24Z,168,0,0,26,1,0,1,1,1,1783472200
2026-07-08T00:59:24Z,169,18,4,3,2,0,1,1,1,1783472357
2026-07-08T00:59:24Z,170,14,7,4,1,0,1,1,1,1783472097
2026-07-08T00:59:24Z,171,5,1,5,3,0,1,1,1,1783472255
2026-07-08T00:59:24Z,173,36,0,1,0,0,1,1,1,1783472211
2026-07-08T00:59:24Z,174,12,4,12,1,0,1,1,1,1783472346
2026-07-08T00:59:24Z,175,19,1,10,2,0,1,1,1,1783472316
2026-07-08T00:59:24Z,176,13,5,0,2,0,1,1,1,1783471760
2026-07-08T00:59:24Z,177,22,2,1,4,0,1,1,1,1783472273
2026-07-08T00:59:24Z,178,15,0,0,0,0,1,1,1,1783468640
2026-07-08T00:59:24Z,179,12,2,1,2,0,1,1,1,1783472293
2026-07-08T00:59:24Z,180,1,0,28,1,0,1,1,1,1783472284
2026-07-08T00:59:24Z,181,8,2,7,0,0,1,1,1,1783472354
2026-07-08T00:59:24Z,182,8,6,10,1,0,1,1,1,1783472280
2026-07-08T00:59:24Z,183,18,1,3,2,0,1,1,1,1783472186
2026-07-08T00:59:24Z,184,9,3,12,2,0,1,1,1,1783472293
2026-07-08T00:59:24Z,185,5,1,7,2,1,1,1,1,1783468783
2026-07-08T00:59:24Z,186,4,3,14,1,0,1,1,1,1783472335
2026-07-08T00:59:24Z,187,6,0,21,2,0,1,1,1,1783472269
2026-07-08T00:59:24Z,188,17,2,0,10,0,1,1,1,1783472356
2026-07-08T00:59:24Z,189,7,1,8,0,0,1,1,1,1783472227
2026-07-08T00:59:24Z,190,3,2,20,0,0,1,1,1,1783472266
2026-07-08T00:59:24Z,191,4,4,32,3,0,1,1,1,1783472093
2026-07-08T00:59:24Z,192,13,12,18,0,0,1,1,1,1783472037
2026-07-08T00:59:24Z,193,6,4,8,1,0,1,1,1,1783472185
2026-07-08T00:59:24Z,194,0,0,15,0,0,1,1,1,1783472356
2026-07-08T00:59:24Z,195,0,0,19,0,0,1,1,1,1783472292
2026-07-08T00:59:24Z,196,4,2,22,1,0,1,1,1,1783472221
2026-07-08T00:59:24Z,197,6,1,12,0,1,1,1,1,1783472255
2026-07-08T00:59:24Z,198,0,0,23,0,0,1,1,1,1783471041
2026-07-08T00:59:24Z,199,0,0,12,3,0,1,1,1,1783472312
2026-07-08T00:59:24Z,200,2,2,24,0,0,1,1,1,1783471094
2026-07-08T00:59:24Z,201,2,2,21,0,0,1,1,1,1783471825
2026-07-08T00:59:24Z,202,0,0,21,0,0,0,1,1,1783093344
2026-07-08T00:59:24Z,203,0,0,31,0,0,1,1,1,1783469636
2026-07-08T00:59:24Z,204,31,1,4,0,0,1,1,1,1783472332
2026-07-08T00:59:24Z,205,6,0,20,1,0,1,1,1,1783472359
2026-07-08T00:59:24Z,206,10,2,3,2,0,1,1,1,1783471244
2026-07-08T00:59:24Z,207,5,0,16,0,0,1,1,1,1783472341
2026-07-08T00:59:24Z,208,2,0,25,2,0,1,1,1,1783472341
2026-07-08T00:59:24Z,209,24,0,6,1,0,1,1,1,1783472262
2026-07-08T00:59:24Z,210,3,2,23,1,0,1,1,1,1783471964
2026-07-08T00:59:24Z,211,10,2,13,0,0,1,1,1,1783472040
2026-07-08T00:59:24Z,212,13,1,22,0,0,1,1,1,1783472172
2026-07-08T00:59:24Z,213,20,0,2,1,0,1,1,1,1783471590
2026-07-08T00:59:24Z,214,31,12,13,3,0,1,1,1,1783472305
2026-07-08T00:59:24Z,215,2,2,21,0,0,1,1,1,1783472256
2026-07-08T00:59:24Z,216,15,1,4,0,0,1,1,1,1783471883
2026-07-08T00:59:24Z,217,28,5,0,1,0,1,1,1,1783472230
2026-07-08T00:59:24Z,218,31,4,2,6,0,1,1,1,1783472284
2026-07-08T00:59:24Z,219,0,0,3,0,0,0,1,1,1783102064
2026-07-08T00:59:24Z,220,32,3,10,1,0,1,1,1,1783472230
2026-07-08T00:59:24Z,221,14,9,0,0,0,1,1,1,1783471569
2026-07-08T00:59:24Z,222,15,10,3,1,0,1,1,1,1783472228
2026-07-08T00:59:24Z,223,1,0,30,4,0,1,1,1,1783472081
2026-07-08T00:59:24Z,224,1,1,20,1,0,1,1,1,1783471989
2026-07-08T00:59:24Z,225,1,1,14,4,0,1,1,1,1783471222
2026-07-08T00:59:24Z,226,3,0,27,1,0,1,1,1,1783472102
2026-07-08T00:59:24Z,227,11,7,15,1,0,1,1,1,1783472288
2026-07-08T00:59:24Z,228,7,5,12,0,0,1,1,1,1783472229
2026-07-08T00:59:24Z,230,19,2,4,0,0,1,1,1,1783470870
2026-07-08T00:59:24Z,232,15,3,3,1,0,1,1,1,1783471959
2026-07-08T00:59:24Z,233,16,2,14,1,0,1,1,1,1783472252
2026-07-08T00:59:24Z,234,6,3,9,3,1,1,1,1,1783472029
2026-07-08T00:59:24Z,236,2,1,16,1,0,1,1,1,1783471686
2026-07-08T00:59:24Z,237,8,1,13,2,0,1,1,1,1783472328
2026-07-08T00:59:24Z,239,4,2,21,2,0,1,1,1,1783472108
2026-07-08T00:59:24Z,241,12,6,9,2,0,1,1,1,1783472340
2026-07-08T00:59:24Z,242,3,0,17,3,0,1,1,1,1783472338
2026-07-08T00:59:24Z,243,11,3,16,4,0,1,1,1,1783472207
2026-07-08T00:59:24Z,244,4,2,22,1,0,1,1,1,1783472306
2026-07-08T00:59:24Z,245,5,2,18,0,0,1,1,1,1783472059
2026-07-08T00:59:24Z,246,0,0,23,0,0,1,1,1,1783470557
2026-07-08T00:59:24Z,247,2,2,19,2,0,1,1,1,1783472176
2026-07-08T00:59:24Z,248,4,2,15,4,0,1,1,1,1783472350
2026-07-08T00:59:24Z,249,6,0,12,1,0,1,1,1,1783472272
2026-07-08T00:59:24Z,250,2,1,24,1,0,1,1,1,1783472343
2026-07-08T00:59:24Z,251,4,2,23,0,0,1,1,1,1783472341
2026-07-08T00:59:24Z,253,5,2,14,0,0,1,1,1,1783472260
2026-07-08T00:59:24Z,254,9,1,26,8,0,1,1,1,1783472129
2026-07-08T00:59:24Z,255,14,2,9,0,0,1,1,1,1783472245
2026-07-08T00:59:24Z,256,19,12,4,0,0,1,1,1,1783472125
2026-07-08T00:59:24Z,257,15,7,4,0,0,1,1,1,1783472242
2026-07-08T00:59:24Z,258,3,2,14,2,0,1,1,1,1783472334
2026-07-08T00:59:24Z,259,5,5,17,1,0,1,1,1,1783472103
2026-07-08T00:59:24Z,260,5,3,13,1,0,1,1,1,1783472063
2026-07-08T00:59:24Z,261,17,3,1,1,0,1,1,1,1783472180
2026-07-08T00:59:24Z,262,16,9,5,2,0,1,1,1,1783472347
2026-07-08T00:59:24Z,263,9,2,6,0,0,1,1,1,1783472288
2026-07-08T00:59:24Z,264,13,5,6,0,0,1,1,1,1783472198
2026-07-08T00:59:24Z,265,2,2,13,0,0,1,1,1,1783472127
2026-07-08T00:59:24Z,266,8,2,8,3,0,1,1,1,1783472339
2026-07-08T00:59:24Z,267,9,1,5,1,0,1,1,1,1783459155
2026-07-08T00:59:24Z,268,4,2,18,1,0,1,1,1,1783470936
2026-07-08T00:59:24Z,269,3,2,20,0,0,1,1,1,1783472203
2026-07-08T00:59:24Z,270,20,7,7,0,0,1,1,1,1783472291
2026-07-08T00:59:24Z,271,1,0,16,2,0,1,1,1,1783471967
2026-07-08T00:59:24Z,272,9,4,14,0,0,1,1,1,1783472080
2026-07-08T00:59:24Z,273,7,4,8,0,0,1,1,1,1783470924
2026-07-08T00:59:24Z,274,1,1,17,1,0,1,1,1,1783472144
2026-07-08T00:59:24Z,275,4,1,19,0,0,1,1,1,1783472090
2026-07-08T00:59:24Z,276,9,1,17,0,1,1,1,1,1783471456
2026-07-08T00:59:24Z,277,1,0,20,2,0,1,1,1,1783471771
2026-07-08T00:59:24Z,278,3,1,27,0,1,1,1,1,1783472146
2026-07-08T00:59:24Z,279,0,0,19,0,0,1,1,1,1783472216
2026-07-08T00:59:24Z,280,8,1,20,3,0,1,1,1,1783472120
2026-07-08T00:59:24Z,281,7,0,15,1,0,1,1,1,1783471944
2026-07-08T00:59:24Z,282,14,5,2,0,0,1,1,1,1783471888
2026-07-08T00:59:24Z,283,3,1,32,0,0,1,1,1,1783472092
2026-07-08T00:59:24Z,284,18,3,15,2,0,1,1,1,1783472076
2026-07-08T00:59:24Z,285,1,0,21,1,0,1,1,1,1783472266
2026-07-08T00:59:24Z,286,5,3,16,2,0,1,1,1,1783471816
2026-07-08T00:59:24Z,287,20,6,1,2,0,1,1,1,1783472108
2026-07-08T00:59:24Z,288,7,1,11,1,0,1,1,1,1783472020
2026-07-08T00:59:24Z,289,1,1,24,2,0,1,1,1,1783472344
2026-07-08T00:59:24Z,290,5,0,32,2,0,1,1,1,1783472172
2026-07-08T00:59:24Z,291,18,0,5,0,0,1,1,1,1783472314
2026-07-08T00:59:24Z,292,3,1,20,0,0,1,1,1,1783472246
2026-07-08T00:59:24Z,293,10,4,11,2,0,1,1,1,1783472318
2026-07-08T00:59:24Z,294,0,0,20,2,0,1,1,1,1783472157
2026-07-08T00:59:24Z,297,10,3,7,2,0,1,1,1,1783472198
2026-07-08T00:59:24Z,301,17,1,1,1,0,1,1,1,1783472171
2026-07-08T00:59:24Z,302,18,3,3,2,0,1,1,1,1783472292
2026-07-08T00:59:24Z,303,13,0,5,1,0,1,1,1,1783472191
2026-07-08T00:59:24Z,304,0,0,0,0,0,0,1,1,86400
2026-07-08T00:59:24Z,305,18,0,0,1,0,1,1,1,1783471633
2026-07-08T00:59:24Z,306,15,0,17,0,0,1,1,1,1783472312
2026-07-08T00:59:24Z,307,22,1,0,1,0,1,1,1,1783471661
2026-07-08T00:59:24Z,308,14,0,4,1,0,1,1,1,1783471896
2026-07-08T00:59:24Z,309,7,0,5,1,0,1,1,1,1783472077
2026-07-08T00:59:24Z,311,4,0,10,1,0,1,1,1,1783472146
2026-07-08T00:59:24Z,312,10,4,9,3,1,1,1,1,1783471656
2026-07-08T00:59:24Z,313,4,0,11,0,0,1,1,1,1783470709
2026-07-08T00:59:24Z,314,14,2,4,1,0,1,1,1,1783471390
2026-07-08T00:59:24Z,315,0,0,31,0,0,0,1,1,1783017696
2026-07-08T00:59:24Z,316,13,0,1,1,0,1,1,1,1783472128
2026-07-08T00:59:24Z,317,10,3,17,3,1,1,1,1,1783472311
2026-07-08T00:59:24Z,318,11,5,5,1,0,1,1,1,1783471971
2026-07-08T00:59:24Z,319,16,11,10,1,0,1,1,1,1783472270
2026-07-08T00:59:24Z,320,8,3,11,0,0,1,1,1,1783472268
2026-07-08T00:59:24Z,321,8,0,9,2,0,1,1,1,1783472130
2026-07-08T00:59:24Z,322,12,0,17,0,0,1,1,1,1783472334
2026-07-08T00:59:24Z,323,11,0,8,0,0,1,1,1,1783472125
2026-07-08T00:59:24Z,324,0,0,26,1,0,1,1,1,1783471648
2026-07-08T00:59:24Z,325,2,0,23,2,0,1,1,1,1783471635
2026-07-08T00:59:24Z,327,1,0,23,1,2,1,1,1,1783472315
2026-07-08T00:59:24Z,328,10,2,13,0,0,1,1,1,1783471876
2026-07-08T00:59:24Z,329,8,2,10,1,0,1,1,1,1783472076
2026-07-08T00:59:24Z,330,2,0,20,0,0,1,1,1,1783471949
2026-07-08T00:59:24Z,331,4,0,19,0,0,1,1,1,1783472180
2026-07-08T00:59:24Z,332,7,5,10,2,0,1,1,1,1783471259
2026-07-08T00:59:24Z,333,13,3,8,2,0,1,1,1,1783471278
2026-07-08T00:59:24Z,334,11,2,12,0,0,1,1,1,1783472350
2026-07-08T00:59:24Z,335,8,4,15,0,0,1,1,1,1783471240
2026-07-08T00:59:24Z,336,10,0,9,0,0,1,1,1,1783472303
2026-07-08T00:59:24Z,337,5,1,16,2,0,1,1,1,1783472079
2026-07-08T00:59:24Z,338,6,0,13,0,0,1,1,1,1783471809
2026-07-08T00:59:24Z,339,4,4,18,1,0,1,1,1,1783472195
2026-07-08T00:59:24Z,340,9,3,5,1,0,1,1,1,1783472227
2026-07-08T00:59:24Z,341,12,6,7,0,0,1,1,1,1783472213
2026-07-08T00:59:24Z,342,15,1,0,0,0,1,1,1,1783470216
2026-07-08T00:59:24Z,343,1,0,20,2,0,1,1,1,1783472296
2026-07-08T00:59:24Z,344,3,3,19,1,0,1,1,1,1783471629
2026-07-08T00:59:24Z,345,8,0,10,1,0,1,1,1,1783471960
2026-07-08T00:59:24Z,346,0,0,23,0,0,1,1,1,1783470936
2026-07-08T00:59:24Z,347,21,3,24,2,0,1,1,1,1783472338
2026-07-08T00:59:24Z,348,6,1,15,2,0,1,1,1,1783472162
2026-07-08T00:59:24Z,349,0,0,16,3,0,1,1,1,1783472330
2026-07-08T00:59:24Z,350,22,1,2,2,1,1,1,1,1783471751
2026-07-08T00:59:24Z,351,21,1,1,1,0,1,1,1,1783472348
2026-07-08T00:59:24Z,355,8,0,12,3,0,1,1,1,1783472198
2026-07-08T00:59:24Z,356,4,0,15,0,0,1,1,1,1783471874
2026-07-08T00:59:24Z,357,17,5,1,1,0,1,1,1,1783471976
2026-07-08T00:59:24Z,358,0,0,7,5,13,0,1,1,1782961435
2026-07-08T00:59:24Z,359,23,1,3,1,0,1,1,1,1783471751
2026-07-08T00:59:24Z,360,5,1,14,0,0,1,1,1,1783471797
2026-07-08T00:59:24Z,362,15,2,2,1,0,1,1,1,1783471801
2026-07-08T00:59:24Z,363,20,1,7,0,0,1,1,1,1783471505
2026-07-08T00:59:24Z,364,6,0,11,1,1,1,1,1,1783472356
2026-07-08T00:59:24Z,365,11,4,11,1,0,1,1,1,1783472065
2026-07-08T00:59:24Z,366,10,9,10,3,0,1,1,1,1783472150
2026-07-08T00:59:24Z,367,9,1,10,0,0,1,1,1,1783472224
2026-07-08T00:59:24Z,368,9,1,14,0,0,1,1,1,1783472254
2026-07-08T00:59:24Z,370,10,8,16,1,0,1,1,1,1783471408
2026-07-08T00:59:24Z,371,5,1,12,2,0,1,1,1,1783472310
2026-07-08T00:59:24Z,372,9,1,5,1,0,1,1,1,1783471905
2026-07-08T00:59:24Z,373,13,3,9,4,0,1,1,1,1783471946
2026-07-08T00:59:24Z,374,10,3,7,1,0,1,1,1,1783472093
2026-07-08T00:59:24Z,375,4,2,23,0,0,1,1,1,1783472355
2026-07-08T00:59:24Z,376,20,10,18,1,0,1,1,1,1783472179
2026-07-08T00:59:24Z,377,9,5,16,2,0,1,1,1,1783472226
2026-07-08T00:59:24Z,378,18,1,6,0,0,1,1,1,1783471947
2026-07-08T00:59:24Z,379,27,0,0,0,0,1,1,1,1783472305
2026-07-08T00:59:24Z,380,10,2,13,0,0,1,1,1,1783472279
2026-07-08T00:59:24Z,381,21,0,2,0,0,1,1,1,1783472290
2026-07-08T00:59:24Z,383,3,0,12,0,0,1,1,1,1783471437
2026-07-08T00:59:24Z,384,3,0,15,1,0,1,1,1,1783471673
2026-07-08T00:59:24Z,385,8,2,9,1,0,1,1,1,1783472356
2026-07-08T00:59:24Z,387,1,0,22,0,0,1,1,1,1783470816
2026-07-08T00:59:24Z,388,3,0,44,2,0,1,1,1,1783472342
2026-07-08T00:59:24Z,389,4,2,10,1,0,1,1,1,1783472347
2026-07-08T00:59:24Z,390,7,0,19,1,0,1,1,1,1783472063
2026-07-08T00:59:24Z,391,5,4,9,1,0,1,1,1,1783471983
2026-07-08T00:59:24Z,392,4,3,15,0,0,1,1,1,1783470223
2026-07-08T00:59:24Z,393,3,1,8,0,0,1,1,1,1783472334
2026-07-08T00:59:24Z,394,6,2,8,0,1,1,1,1,1783472146
2026-07-08T00:59:24Z,396,0,0,40,2,0,1,1,1,1783472194
2026-07-08T00:59:24Z,397,3,0,28,0,0,1,1,1,1783470843
2026-07-08T00:59:24Z,399,3,0,14,0,0,1,1,1,1783471962
2026-07-08T00:59:24Z,400,4,2,16,3,0,1,1,1,1783472180
2026-07-08T00:59:24Z,401,10,0,21,0,0,1,1,1,1783472007
2026-07-08T00:59:24Z,403,8,0,21,2,0,1,1,1,1783472167
2026-07-08T00:59:24Z,404,19,1,4,0,0,1,1,1,1783472266
2026-07-08T00:59:24Z,406,30,1,4,1,0,1,1,1,1783472237
2026-07-08T00:59:24Z,407,1,0,31,2,0,1,1,1,1783471111
2026-07-08T00:59:24Z,408,0,0,31,2,0,1,1,1,1783472135
2026-07-08T00:59:24Z,409,0,0,23,0,0,1,1,1,1783470308
2026-07-08T00:59:24Z,413,18,5,4,1,0,1,1,1,1783472143
2026-07-08T00:59:24Z,414,4,0,10,1,0,1,1,1,1783471544
2026-07-08T00:59:24Z,417,4,0,15,0,0,1,1,1,1783470896
2026-07-08T00:59:24Z,418,1,0,14,0,0,1,1,1,1783468792
2026-07-08T00:59:24Z,419,6,2,16,1,0,1,1,1,1783472129
2026-07-08T00:59:24Z,421,17,1,2,0,0,1,1,1,1783472256
2026-07-08T00:59:24Z,422,3,0,21,3,0,1,1,1,1783472241
2026-07-08T00:59:24Z,423,9,0,14,0,0,1,1,1,1783471855
2026-07-08T00:59:24Z,424,3,1,10,2,0,1,1,1,1783472350
2026-07-08T00:59:24Z,425,9,0,13,0,0,1,1,1,1783472255
2026-07-08T00:59:24Z,426,1,0,34,2,0,1,1,1,1783470575
2026-07-08T00:59:24Z,427,9,1,5,0,1,1,1,1,1783472264
2026-07-08T00:59:24Z,428,15,1,3,1,0,1,1,1,1783472007
2026-07-08T00:59:24Z,429,2,1,18,3,0,1,1,1,1783472089
2026-07-08T00:59:24Z,430,23,0,8,0,0,1,1,1,1783472336
2026-07-08T00:59:24Z,431,22,0,5,4,2,1,1,1,1783471655
2026-07-08T00:59:24Z,432,12,1,19,0,0,1,1,1,1783472252
2026-07-08T00:59:24Z,433,10,1,11,2,0,1,1,1,1783472083
2026-07-08T00:59:24Z,437,0,0,18,2,0,1,1,1,1783472213
2026-07-08T00:59:24Z,438,6,1,11,2,0,1,1,1,1783472334
2026-07-08T00:59:24Z,439,6,1,9,0,0,1,1,1,1783472134
2026-07-08T00:59:24Z,440,0,0,13,2,0,1,1,1,1783472317
2026-07-08T00:59:24Z,441,1,1,14,0,0,1,1,1,1783471951
2026-07-08T00:59:24Z,442,6,4,12,1,0,1,1,1,1783472293
2026-07-08T00:59:24Z,443,6,0,21,0,0,1,1,1,1783448962
2026-07-08T00:59:24Z,444,5,3,17,1,0,1,1,1,1783468032
2026-07-08T00:59:24Z,445,6,5,15,2,0,1,1,1,1783471829
2026-07-08T00:59:24Z,446,0,0,23,0,0,1,1,1,1783470582
2026-07-08T00:59:24Z,447,6,2,15,2,0,1,1,1,1783471325
2026-07-08T00:59:24Z,448,7,2,5,2,1,1,1,1,1783471953
2026-07-08T00:59:24Z,452,16,2,2,1,0,1,1,1,1783471727
2026-07-08T00:59:24Z,453,5,2,9,1,0,1,1,1,1783472210
2026-07-08T00:59:24Z,454,16,0,1,2,0,1,1,1,1783472326
2026-07-08T00:59:24Z,455,0,0,38,0,0,1,1,1,1783468143
2026-07-08T00:59:24Z,456,11,2,10,2,0,1,1,1,1783472356
2026-07-08T00:59:24Z,457,2,0,24,1,0,1,1,1,1783471798
2026-07-08T00:59:24Z,458,7,6,15,1,0,1,1,1,1783472278
2026-07-08T00:59:24Z,459,4,3,11,0,0,1,1,1,1783472335
2026-07-08T00:59:24Z,460,22,3,1,0,0,1,1,1,1783471938
2026-07-08T00:59:24Z,461,7,1,11,1,0,1,1,1,1783472311
2026-07-08T00:59:24Z,462,13,0,6,2,0,1,1,1,1783472293
2026-07-08T00:59:24Z,463,9,3,10,0,0,1,1,1,1783471878
2026-07-08T00:59:24Z,464,3,2,9,2,0,1,1,1,1783472315
2026-07-08T00:59:24Z,465,1,1,14,0,0,1,1,1,1783470436
2026-07-08T00:59:24Z,466,4,0,10,1,0,1,1,1,1783472180
2026-07-08T00:59:24Z,467,3,0,12,0,0,1,1,1,1783471817
2026-07-08T00:59:24Z,468,1,0,17,1,0,1,1,1,1783470660
2026-07-08T00:59:24Z,469,0,0,22,0,1,1,1,1,1783470986
2026-07-08T00:59:24Z,470,13,3,2,0,0,1,1,1,1783471923
2026-07-08T00:59:24Z,471,23,1,4,0,0,1,1,1,1783471709
2026-07-08T00:59:24Z,472,11,1,7,1,0,1,1,1,1783471573
2026-07-08T00:59:24Z,473,10,2,9,0,0,1,1,1,1783472263
2026-07-08T00:59:24Z,474,7,0,12,0,0,1,1,1,1783472091
2026-07-08T00:59:24Z,475,6,1,12,1,0,1,1,1,1783471513
2026-07-08T00:59:24Z,476,17,0,5,1,0,1,1,1,1783472188
2026-07-08T00:59:24Z,477,5,2,9,1,0,1,1,1,1783472255
2026-07-08T00:59:24Z,478,16,1,12,3,0,1,1,1,1783472299
2026-07-08T00:59:24Z,479,4,2,21,2,0,1,1,1,1783472233
2026-07-08T00:59:24Z,480,11,3,2,2,0,1,1,1,1783471459
2026-07-08T00:59:24Z,481,27,0,8,0,0,1,1,1,1783472246
2026-07-08T00:59:24Z,482,2,0,17,0,0,1,1,1,1783470082
2026-07-08T00:59:24Z,483,21,0,6,0,0,1,1,1,1783472256
2026-07-08T00:59:24Z,484,1,0,18,0,0,1,1,1,1783471556
2026-07-08T00:59:24Z,485,18,7,0,1,0,1,1,1,1783472083
2026-07-08T00:59:24Z,486,10,2,17,0,0,1,1,1,1783472296
2026-07-08T00:59:24Z,487,7,7,10,2,0,1,1,1,1783472187
2026-07-08T00:59:24Z,489,7,2,6,2,0,1,1,1,1783471832
2026-07-08T00:59:24Z,490,1,0,15,0,0,1,1,1,1783471462
2026-07-08T00:59:24Z,491,11,0,9,1,0,1,1,1,1783472351
2026-07-08T00:59:24Z,492,6,1,2,3,0,1,1,1,1783469274
2026-07-08T00:59:24Z,493,1,0,25,1,0,1,1,1,1783471975
2026-07-08T00:59:24Z,495,2,1,12,1,0,1,1,1,1783472327
2026-07-08T00:59:24Z,496,18,1,8,1,0,1,1,1,1783471687
2026-07-08T00:59:24Z,497,13,0,6,0,0,1,1,1,1783472042
2026-07-08T00:59:24Z,498,7,2,16,0,0,1,1,1,1783472308
2026-07-08T00:59:24Z,499,5,2,13,1,0,1,1,1,1783469288
2026-07-08T00:59:24Z,500,1,0,13,1,0,1,1,1,1783471848
2026-07-08T00:59:24Z,501,11,2,8,2,0,1,1,1,1783472066
2026-07-08T00:59:24Z,502,2,1,17,0,0,1,1,1,1783472269
2026-07-08T00:59:24Z,503,24,1,6,1,0,1,1,1,1783471858
2026-07-08T00:59:24Z,504,2,0,37,0,0,1,1,1,1783472237
2026-07-08T00:59:24Z,505,12,2,5,1,0,1,1,1,1783472358
2026-07-08T00:59:24Z,511,0,0,23,0,0,1,1,1,1783471874
2026-07-08T00:59:24Z,512,14,3,5,0,0,1,1,1,1783471078
2026-07-08T00:59:24Z,514,4,0,5,2,0,1,1,1,1783472193
2026-07-08T00:59:24Z,515,5,1,14,0,0,1,1,1,1783471647
2026-07-08T00:59:24Z,516,0,0,27,0,0,1,1,1,1783469752
2026-07-08T00:59:24Z,517,12,0,9,2,0,1,1,1,1783471298
2026-07-08T00:59:24Z,518,15,1,0,0,0,1,1,1,1783471543
2026-07-08T00:59:24Z,519,9,1,9,1,0,1,1,1,1783472288
2026-07-08T00:59:24Z,520,17,1,8,1,1,1,1,1,1783472288
2026-07-08T00:59:24Z,521,13,6,10,0,0,1,1,1,1783472186
2026-07-08T00:59:24Z,522,20,0,2,1,0,1,1,1,1783472167
2026-07-08T00:59:24Z,523,6,1,16,1,0,1,1,1,1783472346
2026-07-08T00:59:24Z,524,12,1,11,0,0,1,1,1,1783472309
2026-07-08T00:59:24Z,525,9,0,10,0,0,1,1,1,1783470243
2026-07-08T00:59:24Z,526,7,1,6,2,0,1,1,1,1783471595
2026-07-08T00:59:24Z,527,3,3,22,1,0,1,1,1,1783472018
2026-07-08T00:59:24Z,528,4,1,18,1,0,1,1,1,1783471781
2026-07-08T00:59:24Z,529,6,4,6,7,0,1,1,1,1783472332
2026-07-08T00:59:24Z,530,20,2,0,1,0,1,1,1,1783472176
2026-07-08T00:59:24Z,531,15,1,6,1,1,1,1,1,1783472182
2026-07-08T00:59:24Z,532,3,2,27,1,0,1,1,1,1783470646
2026-07-08T00:59:24Z,533,8,0,9,2,0,1,1,1,1783471826
2026-07-08T00:59:24Z,534,0,0,21,2,0,1,1,1,1783470487
2026-07-08T00:59:24Z,535,3,1,11,1,0,1,1,1,1783472276
2026-07-08T00:59:24Z,536,10,2,13,0,0,1,1,1,1783472077
2026-07-08T00:59:24Z,537,0,0,21,0,0,1,1,1,1783472278
2026-07-08T00:59:24Z,538,10,4,9,0,0,1,1,1,1783471291
2026-07-08T00:59:24Z,539,8,7,22,1,0,1,1,1,1783472296
2026-07-08T00:59:24Z,540,0,0,19,0,0,1,1,1,1783472226
2026-07-08T00:59:24Z,541,12,2,15,0,0,1,1,1,1783472349
2026-07-08T00:59:24Z,542,4,4,19,0,0,1,1,1,1783471093
2026-07-08T00:59:24Z,543,13,0,5,1,0,1,1,1,1783472319
2026-07-08T00:59:24Z,544,16,1,5,1,0,1,1,1,1783472320
2026-07-08T00:59:24Z,545,6,0,7,6,0,1,1,1,1783472253
2026-07-08T00:59:24Z,546,2,2,16,1,0,1,1,1,1783472151
2026-07-08T00:59:24Z,547,1,1,20,2,0,1,1,1,1783472274
2026-07-08T00:59:24Z,548,13,0,8,2,0,1,1,1,1783472359
2026-07-08T00:59:24Z,549,8,0,13,0,0,1,1,1,1783472264
2026-07-08T00:59:24Z,550,2,1,17,0,0,1,1,1,1783472213
2026-07-08T00:59:24Z,551,19,5,4,0,0,1,1,1,1783470946
2026-07-08T00:59:24Z,552,22,2,5,0,0,1,1,1,1783471946
2026-07-08T00:59:24Z,553,9,2,12,2,0,1,1,1,1783472292
2026-07-08T00:59:24Z,554,0,0,19,0,0,1,1,1,1783468615
2026-07-08T00:59:24Z,555,10,3,4,1,0,1,1,1,1783472104
2026-07-08T00:59:24Z,556,3,1,19,1,0,1,1,1,1783472315
2026-07-08T00:59:24Z,557,4,1,17,2,0,1,1,1,1783472145
2026-07-08T00:59:24Z,558,3,1,32,2,0,1,1,1,1783472335
2026-07-08T00:59:24Z,559,0,0,18,1,0,1,1,1,1783471718
2026-07-08T00:59:24Z,560,14,0,12,1,0,1,1,1,1783472356
2026-07-08T00:59:24Z,561,12,1,10,1,0,1,1,1,1783472023
2026-07-08T00:59:24Z,562,22,3,12,1,0,1,1,1,1783471720
2026-07-08T00:59:24Z,563,3,0,10,1,0,1,1,1,1783471505
2026-07-08T00:59:24Z,564,14,1,5,0,0,1,1,1,1783470196
2026-07-08T00:59:24Z,565,7,0,12,0,0,1,1,1,1783472238
2026-07-08T00:59:24Z,566,18,0,0,1,0,1,1,1,1783472331
2026-07-08T00:59:24Z,567,25,1,1,1,0,1,1,1,1783472337
2026-07-08T00:59:24Z,568,17,1,1,1,0,1,1,1,1783471439
2026-07-08T00:59:24Z,569,13,1,6,0,0,1,1,1,1783471426
2026-07-08T00:59:24Z,570,12,1,7,0,0,1,1,1,1783471769
2026-07-08T00:59:24Z,571,12,0,11,0,0,1,1,1,1783471941
2026-07-08T00:59:24Z,572,7,2,12,0,0,1,1,1,1783472323
2026-07-08T00:59:24Z,573,6,0,8,1,0,1,1,1,1783472285
2026-07-08T00:59:24Z,574,1,0,13,1,0,1,1,1,1783471728
2026-07-08T00:59:24Z,575,3,0,17,1,0,1,1,1,1783472343
2026-07-08T00:59:24Z,576,0,0,19,0,0,1,1,1,1783472106
2026-07-08T00:59:24Z,577,14,0,17,0,0,1,1,1,1783472256
2026-07-08T00:59:24Z,578,5,3,18,0,0,1,1,1,1783471931
2026-07-08T00:59:24Z,579,41,1,2,0,0,1,1,1,1783472105
2026-07-08T00:59:24Z,580,0,0,30,1,0,1,1,1,1783472081
2026-07-08T00:59:24Z,581,2,0,16,1,0,1,1,1,1783472290
2026-07-08T00:59:24Z,582,2,0,56,2,0,1,1,1,1783472354
2026-07-08T00:59:24Z,583,20,0,2,1,0,1,1,1,1783471740
2026-07-08T00:59:24Z,584,2,2,13,4,0,1,1,1,1783471488
2026-07-08T00:59:24Z,585,18,2,8,0,0,1,1,1,1783472135
2026-07-08T00:59:24Z,586,2,0,32,1,0,1,1,1,1783472252
2026-07-08T00:59:24Z,587,8,1,16,1,0,1,1,1,1783472180
2026-07-08T00:59:24Z,588,1,0,18,0,0,1,1,1,1783467544
2026-07-08T00:59:24Z,589,20,11,3,0,0,1,1,1,1783472131
2026-07-08T00:59:24Z,590,2,0,28,1,0,1,1,1,1783472238
2026-07-08T00:59:24Z,591,1,0,19,2,0,1,1,1,1783471017
2026-07-08T00:59:24Z,592,2,0,21,0,0,1,1,1,1783472147
2026-07-08T00:59:24Z,593,0,0,39,0,0,1,1,1,1783470824
2026-07-08T00:59:24Z,594,2,0,18,1,0,1,1,1,1783471712
2026-07-08T00:59:24Z,595,0,0,3,0,0,0,1,1,1779985765
2026-07-08T00:59:24Z,605,0,0,3,0,0,0,1,1,1780413752
2026-07-08T00:59:24Z,606,0,0,0,0,0,0,1,1,86400
2026-07-08T00:59:24Z,607,6,0,27,0,0,1,1,1,1783472019
2026-07-08T00:59:24Z,608,1,0,50,1,0,1,1,1,1783472337
2026-07-08T00:59:24Z,609,0,0,23,0,0,1,1,1,1783471920
2026-07-08T00:59:24Z,610,0,0,35,0,0,1,1,1,1783470498
2026-07-08T00:59:24Z,611,0,0,25,2,0,1,1,1,1783470923
2026-07-08T00:59:24Z,612,1,0,14,0,0,1,1,1,1783469410
2026-07-08T00:59:24Z,613,12,3,2,1,0,1,1,1,1783466858
2026-07-08T00:59:24Z,614,1,1,24,1,1,1,1,1,1783470402
2026-07-08T00:59:24Z,617,9,0,4,2,0,1,1,1,1783472336
2026-07-08T00:59:24Z,618,16,4,1,2,0,1,1,1,1783472152
2026-07-08T00:59:24Z,619,9,1,10,0,0,1,1,1,1783472162
2026-07-08T00:59:24Z,620,0,0,22,1,0,1,1,1,1783471543
2026-07-08T00:59:24Z,621,3,0,20,0,0,1,1,1,1783472279
2026-07-08T00:59:24Z,622,4,3,18,1,0,1,1,1,1783472075
2026-07-08T00:59:24Z,623,6,2,22,1,1,1,1,1,1783472328
2026-07-08T00:59:24Z,624,7,0,7,0,1,1,1,1,1783471721
2026-07-08T00:59:24Z,625,2,0,16,3,0,1,1,1,1783471934
2026-07-08T00:59:24Z,626,0,0,44,0,2,1,1,1,1783471913
2026-07-08T00:59:24Z,627,4,1,13,0,0,1,1,1,1783471302
2026-07-08T00:59:24Z,628,0,0,18,0,1,1,1,1,1783472015
2026-07-08T00:59:24Z,629,10,6,0,1,0,1,1,1,1783472065
2026-07-08T00:59:24Z,630,19,0,5,3,0,1,1,1,1783472230
2026-07-08T00:59:24Z,631,0,0,23,0,0,1,1,1,1783471027
2026-07-08T00:59:24Z,632,21,0,0,2,0,1,1,1,1783472124
2026-07-08T00:59:24Z,633,11,0,1,2,1,1,1,1,1783471984
2026-07-08T00:59:24Z,634,11,0,7,1,0,1,1,1,1783471604
2026-07-08T00:59:24Z,635,12,1,6,1,0,1,1,1,1783472321
2026-07-08T00:59:24Z,636,6,0,9,0,0,1,1,1,1783470196
2026-07-08T00:59:24Z,637,11,4,7,1,0,1,1,1,1783470739
2026-07-08T00:59:24Z,638,1,1,16,2,0,1,1,1,1783470510
2026-07-08T00:59:24Z,639,0,0,0,3,16,0,1,1,1782287204
2026-07-08T00:59:24Z,640,0,0,22,1,0,1,1,1,1783467951
2026-07-08T00:59:24Z,641,17,2,10,0,0,1,1,1,1783472152
2026-07-08T00:59:24Z,642,4,1,13,2,0,1,1,1,1783471332
2026-07-08T00:59:24Z,643,0,0,27,0,0,1,1,1,1783468938
2026-07-08T00:59:24Z,644,4,0,5,5,1,1,1,1,1783472314
2026-07-08T00:59:24Z,645,6,0,15,1,1,1,1,1,1783471808
2026-07-08T00:59:24Z,646,12,1,4,3,0,1,1,1,1783471104
2026-07-08T00:59:24Z,647,22,2,8,1,0,1,1,1,1783472335
2026-07-08T00:59:24Z,648,14,1,2,3,0,1,1,1,1783471612
2026-07-08T00:59:24Z,649,2,2,27,2,0,1,1,1,1783471405
2026-07-08T00:59:24Z,650,6,2,9,1,0,1,1,1,1783471549
2026-07-08T00:59:24Z,651,2,0,20,1,0,1,1,1,1783472301
2026-07-08T00:59:24Z,652,1,0,19,3,0,1,1,1,1783472195
2026-07-08T00:59:24Z,653,10,1,5,4,0,1,1,1,1783472188
2026-07-08T00:59:24Z,654,3,1,11,1,0,1,1,1,1783471345
2026-07-08T00:59:24Z,655,7,1,7,0,0,1,1,1,1783467692
2026-07-08T00:59:24Z,656,17,1,2,0,0,1,1,1,1783472356
2026-07-08T00:59:24Z,657,10,3,6,1,0,1,1,1,1783468142
2026-07-08T00:59:24Z,658,1,0,22,0,0,1,1,1,1783470048
2026-07-08T00:59:24Z,659,2,1,13,0,0,1,1,1,1783468742
2026-07-08T00:59:24Z,660,20,1,10,1,0,1,1,1,1783472262
2026-07-08T00:59:24Z,661,1,0,15,3,0,1,1,1,1783472357
2026-07-08T00:59:24Z,662,3,0,19,1,0,1,1,1,1783471190
2026-07-08T00:59:24Z,663,8,1,6,0,0,1,1,1,1783471993
2026-07-08T00:59:24Z,664,9,0,18,0,0,1,1,1,1783472333
2026-07-08T00:59:24Z,665,5,3,10,0,0,1,1,1,1783472314
2026-07-08T00:59:24Z,666,6,1,9,0,0,1,1,1,1783470228
2026-07-08T00:59:24Z,667,14,1,0,3,0,1,1,1,1783472305
2026-07-08T00:59:24Z,668,10,1,7,2,0,1,1,1,1783472293
2026-07-08T00:59:24Z,669,14,4,0,0,0,1,1,1,1783471190
2026-07-08T00:59:24Z,670,12,1,11,4,0,1,1,1,1783472318
2026-07-08T00:59:24Z,671,26,0,1,0,0,1,1,1,1783472019
2026-07-08T00:59:24Z,672,15,0,3,5,0,1,1,1,1783471921
2026-07-08T00:59:24Z,673,7,0,15,0,0,1,1,1,1783471450
2026-07-08T00:59:24Z,674,3,1,19,1,0,1,1,1,1783472354
2026-07-08T00:59:24Z,675,3,2,10,2,0,1,1,1,1783472286
2026-07-08T00:59:24Z,676,10,0,11,1,1,1,1,1,1783471554
2026-07-08T00:59:24Z,681,2,1,9,4,0,1,1,1,1783472347
2026-07-08T00:59:24Z,682,10,5,8,1,0,1,1,1,1783471712
2026-07-08T00:59:24Z,683,12,1,7,0,0,1,1,1,1783472147
2026-07-08T00:59:24Z,684,9,3,16,2,0,1,1,1,1783466614
2026-07-08T00:59:24Z,685,3,2,23,0,1,1,1,1,1783467432
2026-07-08T00:59:24Z,686,12,2,13,1,1,1,1,1,1783472209
2026-07-08T00:59:24Z,687,5,1,22,3,1,1,1,1,1783472062
2026-07-08T00:59:24Z,688,17,2,1,1,0,1,1,1,1783465995
2026-07-08T00:59:24Z,692,13,12,6,2,0,1,1,1,1783472153
2026-07-08T00:59:24Z,693,9,4,2,0,0,1,1,1,1783471858
2026-07-08T00:59:24Z,694,7,7,11,3,0,1,1,1,1783472042
2026-07-08T00:59:24Z,695,8,4,13,2,0,1,1,1,1783472038
2026-07-08T00:59:24Z,696,22,17,0,1,0,1,1,1,1783472356
2026-07-08T00:59:24Z,697,12,0,11,0,0,1,1,1,1783472086
2026-07-08T00:59:24Z,698,5,0,21,1,0,1,1,1,1783472212
2026-07-08T00:59:24Z,699,4,1,9,2,0,1,1,1,1783472170
2026-07-08T00:59:24Z,700,13,1,6,0,0,1,1,1,1783472073
2026-07-08T00:59:24Z,701,1,0,18,0,0,1,1,1,1783472194
2026-07-08T00:59:24Z,702,0,0,22,1,0,1,1,1,1783472188
2026-07-08T00:59:24Z,703,11,2,12,0,0,1,1,1,1783460353
2026-07-08T00:59:24Z,704,8,0,7,0,0,1,1,1,1783471174
2026-07-08T00:59:24Z,705,0,0,11,4,0,1,1,1,1783471986
2026-07-08T00:59:24Z,706,4,1,10,1,0,1,1,1,1783472348
2026-07-08T00:59:24Z,707,10,3,3,2,0,1,1,1,1783472059
2026-07-08T00:59:24Z,708,3,0,16,0,0,1,1,1,1783472057
2026-07-08T00:59:24Z,709,13,2,1,1,0,1,1,1,1783472308
2026-07-08T00:59:24Z,710,8,2,11,0,0,1,1,1,1783472261
2026-07-08T00:59:24Z,711,7,4,7,5,0,1,1,1,1783472078
2026-07-08T00:59:24Z,712,14,3,0,1,0,1,1,1,1783472061
2026-07-08T00:59:24Z,713,20,9,0,3,0,1,1,1,1783472210
2026-07-08T00:59:24Z,716,3,0,12,0,0,1,1,1,1783472048
2026-07-08T00:59:24Z,717,1,1,17,7,0,1,1,1,1783472182
2026-07-08T00:59:24Z,718,1,1,14,0,0,1,1,1,1783471908
2026-07-08T00:59:24Z,719,16,1,13,0,0,1,1,1,1783472349
2026-07-08T00:59:24Z,720,0,0,17,2,0,1,1,1,1783471985
2026-07-08T00:59:24Z,721,7,1,15,1,0,1,1,1,1783472342
2026-07-08T00:59:24Z,722,14,1,0,1,0,1,1,1,1783472076
2026-07-08T00:59:24Z,723,2,2,16,5,0,1,1,1,1783472168
2026-07-08T00:59:24Z,724,5,2,18,0,0,1,1,1,1783472307
2026-07-08T00:59:24Z,725,21,0,2,0,0,1,1,1,1783472216
2026-07-08T00:59:24Z,726,9,1,8,2,0,1,1,1,1783472319
2026-07-08T00:59:24Z,727,10,0,12,1,0,1,1,1,1783472133
2026-07-08T00:59:24Z,728,5,0,6,4,0,1,1,1,1783471976
2026-07-08T00:59:24Z,729,10,0,9,0,0,1,1,1,1783472221
2026-07-08T00:59:24Z,730,5,0,10,0,0,1,1,1,1783471953
2026-07-08T00:59:24Z,731,1,1,14,0,0,1,1,1,1783472043
2026-07-08T00:59:24Z,732,6,1,9,0,0,1,1,1,1783471999
2026-07-08T00:59:24Z,733,3,0,24,0,0,1,1,1,1783472314
2026-07-08T00:59:24Z,734,7,1,7,0,0,1,1,1,1783471897
2026-07-08T00:59:24Z,735,1,1,26,0,0,1,1,1,1783471547
2026-07-08T00:59:24Z,736,6,5,12,1,0,1,1,1,1783472031
2026-07-08T00:59:24Z,737,3,2,11,1,0,1,1,1,1783471994
2026-07-08T00:59:24Z,738,9,0,9,1,0,1,1,1,1783472077
2026-07-08T00:59:24Z,739,9,3,15,3,0,1,1,1,1783472319
2026-07-08T00:59:24Z,741,10,2,11,2,0,1,1,1,1783472144
2026-07-08T00:59:24Z,742,6,3,30,3,0,1,1,1,1783472341
2026-07-08T00:59:24Z,743,9,4,10,0,0,1,1,1,1783472079
2026-07-08T00:59:24Z,744,4,2,10,1,0,1,1,1,1783472060
2026-07-08T00:59:24Z,745,11,4,7,1,0,1,1,1,1783472108
2026-07-08T00:59:24Z,746,17,3,5,1,0,1,1,1,1783472310
2026-07-08T00:59:24Z,747,0,0,19,0,0,0,1,1,1783446606
2026-07-08T00:59:24Z,748,13,3,9,1,0,1,1,1,1783472200
2026-07-08T00:59:24Z,749,11,0,12,0,0,1,1,1,1783472040
2026-07-08T00:59:24Z,750,2,0,6,3,0,1,1,1,1783471873
2026-07-08T00:59:24Z,751,1,0,22,0,0,1,1,1,1783472193
2026-07-08T00:59:24Z,752,1,1,14,2,0,1,1,1,1783472049
2026-07-08T00:59:24Z,753,6,0,7,2,0,1,1,1,1783472251
2026-07-08T00:59:24Z,754,4,3,10,1,0,1,1,1,1783471902
2026-07-08T00:59:24Z,755,3,1,14,2,0,1,1,1,1783472164
2026-07-08T00:59:24Z,756,0,0,36,1,0,1,1,1,1783472234
2026-07-08T00:59:24Z,757,0,0,19,0,0,1,1,1,1783472052
2026-07-08T00:59:24Z,758,2,2,21,0,0,1,1,1,1783472162
2026-07-08T00:59:24Z,759,1,0,13,1,0,1,1,1,1783472022
2026-07-08T00:59:24Z,760,6,1,12,1,0,1,1,1,1783472040
2026-07-08T00:59:24Z,761,8,2,15,0,0,1,1,1,1783472162
2026-07-08T00:59:24Z,762,5,4,7,3,0,1,1,1,1783472152
2026-07-08T00:59:24Z,768,7,0,8,4,0,1,1,1,1783472015
2026-07-08T00:59:24Z,769,17,7,0,1,0,1,1,1,1783472013
2026-07-08T00:59:24Z,770,4,0,15,0,0,1,1,1,1783470078
2026-07-08T00:59:24Z,771,10,0,5,0,0,1,1,1,1783471940
2026-07-08T00:59:24Z,772,8,3,7,0,0,1,1,1,1783471955
2026-07-08T00:59:24Z,773,12,3,6,1,0,1,1,1,1783472179
2026-07-08T00:59:24Z,774,2,0,11,2,0,1,1,1,1783472071
2026-07-08T00:59:24Z,775,12,3,4,3,0,1,1,1,1783471335
2026-07-08T00:59:24Z,776,5,0,15,1,0,1,1,1,1783472159
2026-07-08T00:59:24Z,777,5,0,9,1,0,1,1,1,1783472170
2026-07-08T00:59:24Z,778,11,0,6,2,0,1,1,1,1783472264
2026-07-08T00:59:24Z,779,12,3,6,1,0,1,1,1,1783472348
2026-07-08T00:59:24Z,780,15,3,2,2,0,1,1,1,1783472232
2026-07-08T00:59:24Z,781,2,0,5,4,0,1,1,1,1783471850
2026-07-08T00:59:24Z,782,2,0,15,2,0,1,1,1,1783472071
2026-07-08T00:59:24Z,783,9,5,8,2,0,1,1,1,1783472020
2026-07-08T00:59:24Z,784,17,3,1,1,0,1,1,1,1783472305
2026-07-08T00:59:24Z,785,10,6,4,4,0,1,1,1,1783472190
2026-07-08T00:59:24Z,786,5,1,12,2,0,1,1,1,1783472114
2026-07-08T00:59:24Z,787,4,1,10,1,0,1,1,1,1783471935
2026-07-08T00:59:24Z,788,6,0,9,0,0,1,1,1,1783471973
2026-07-08T00:59:24Z,789,11,0,1,3,0,1,1,1,1783472040
2026-07-08T00:59:24Z,790,1,0,21,1,0,1,1,1,1783472136
2026-07-08T00:59:24Z,791,7,0,12,0,0,1,1,1,1783472299
2026-07-08T00:59:24Z,793,8,2,4,3,0,1,1,1,1783472262
2026-07-08T00:59:24Z,794,0,0,29,0,0,1,1,1,1783472187
2026-07-08T00:59:24Z,796,0,0,16,3,0,1,1,1,1783472072
2026-07-08T00:59:24Z,797,5,0,9,1,0,1,1,1,1783471946
2026-07-08T00:59:24Z,798,0,0,24,1,0,1,1,1,1783472296
2026-07-08T00:59:24Z,799,3,0,15,1,0,1,1,1,1783472036
2026-07-08T00:59:24Z,800,11,0,10,0,0,1,1,1,1783472071
2026-07-08T00:59:24Z,801,0,0,21,0,0,1,1,1,1783472122
2026-07-08T00:59:24Z,802,1,0,29,1,0,1,1,1,1783472223
2026-07-08T00:59:24Z,803,2,2,13,0,0,1,1,1,1783472356
2026-07-08T00:59:24Z,806,2,2,9,4,0,1,1,1,1783471990
2026-07-08T00:59:24Z,807,2,2,23,0,0,1,1,1,1783472165
2026-07-08T00:59:24Z,808,1,1,22,2,0,1,1,1,1783469208
2026-07-08T00:59:24Z,809,4,1,18,1,0,1,1,1,1783472168
2026-07-08T00:59:24Z,810,3,2,13,3,0,1,1,1,1783472045
2026-07-08T00:59:24Z,815,5,2,9,1,0,1,1,1,1783472132
2026-07-08T00:59:24Z,817,3,0,2,10,0,1,1,1,1783472171
2026-07-08T00:59:24Z,818,5,1,17,1,0,1,1,1,1783472158
2026-07-08T00:59:24Z,819,2,2,10,3,0,1,1,1,1783471961
2026-07-08T00:59:24Z,820,8,0,8,1,0,1,1,1,1783471956
2026-07-08T00:59:24Z,821,9,6,4,2,0,1,1,1,1783472010
2026-07-08T00:59:24Z,822,5,3,18,0,0,1,1,1,1783472310
2026-07-08T00:59:24Z,823,13,0,1,1,0,1,1,1,1783472230
2026-07-08T00:59:24Z,824,5,3,6,8,0,1,1,1,1783472056
2026-07-08T00:59:24Z,825,7,0,8,0,0,1,1,1,1783471951
2026-07-08T00:59:24Z,826,7,0,11,1,0,1,1,1,1783471961
2026-07-08T00:59:24Z,827,7,0,12,2,0,1,1,1,1783472151
2026-07-08T00:59:24Z,828,3,3,14,1,0,1,1,1,1783472142
2026-07-08T00:59:24Z,829,7,2,18,2,0,1,1,1,1783472186
2026-07-08T00:59:24Z,830,13,0,9,1,0,1,1,1,1783472179
2026-07-08T00:59:24Z,831,2,1,13,0,0,1,1,1,1783471891
2026-07-08T00:59:24Z,832,15,3,1,2,0,1,1,1,1783472027
2026-07-08T00:59:24Z,833,6,3,11,2,0,1,1,1,1783471986
2026-07-08T00:59:24Z,834,21,0,0,3,0,1,1,1,1783472074
2026-07-08T00:59:24Z,835,10,0,8,0,0,1,1,1,1783472150
2026-07-08T00:59:24Z,837,7,1,1,7,0,1,1,1,1783471934
2026-07-08T00:59:24Z,838,3,1,10,2,0,1,1,1,1783472297
2026-07-08T00:59:24Z,839,18,2,11,0,0,1,1,1,1783472247
2026-07-08T00:59:24Z,840,10,5,18,1,0,1,1,1,1783472192
2026-07-08T00:59:24Z,841,8,4,7,0,0,1,1,1,1783471768
2026-07-08T00:59:24Z,842,3,2,19,0,0,1,1,1,1783472132
2026-07-08T00:59:24Z,843,6,0,23,2,0,1,1,1,1783472252
2026-07-08T00:59:24Z,844,12,2,10,1,0,1,1,1,1783472357
2026-07-08T00:59:24Z,845,3,0,15,1,0,1,1,1,1783472030
2026-07-08T00:59:24Z,846,1,0,15,2,0,1,1,1,1783472042
2026-07-08T00:59:24Z,847,3,0,24,0,0,1,1,1,1783472207
2026-07-08T00:59:24Z,848,1,0,17,1,0,1,1,1,1783472312
2026-07-08T00:59:24Z,849,1,1,10,3,0,1,1,1,1783471465
2026-07-08T00:59:24Z,850,4,0,5,2,0,1,1,1,1783471885
2026-07-08T00:59:24Z,851,3,2,33,1,0,1,1,1,1783470557
2026-07-08T00:59:24Z,852,6,2,13,0,0,1,1,1,1783471636
2026-07-08T00:59:24Z,853,12,2,10,1,0,1,1,1,1783472158
2026-07-08T00:59:24Z,854,3,1,12,0,0,1,1,1,1783472049
2026-07-08T00:59:24Z,855,10,1,16,1,0,1,1,1,1783471161
2026-07-08T00:59:24Z,857,1,1,16,2,0,1,1,1,1783471991
2026-07-08T00:59:24Z,858,1,0,16,2,0,1,1,1,1783472029
2026-07-08T00:59:24Z,859,4,0,14,3,0,1,1,1,1783472049
2026-07-08T00:59:24Z,861,1,0,9,1,0,1,1,1,1783471892
2026-07-08T00:59:24Z,862,3,1,12,0,0,1,1,1,1783471915
2026-07-08T00:59:24Z,863,9,3,9,1,0,1,1,1,1783472082
2026-07-08T00:59:24Z,866,6,0,13,0,0,1,1,1,1783472308
2026-07-08T00:59:24Z,867,13,0,1,1,0,1,1,1,1783471889
2026-07-08T00:59:24Z,868,15,4,0,0,0,1,1,1,1783471958
2026-07-08T00:59:24Z,870,11,3,4,0,0,1,1,1,1783471958
2026-07-08T00:59:24Z,871,1,0,9,1,0,1,1,1,1783471891
2026-07-08T00:59:24Z,872,9,2,4,2,0,1,1,1,1783471984
2026-07-08T00:59:24Z,873,0,0,31,2,0,1,1,1,1783472298
2026-07-08T00:59:24Z,874,2,0,12,1,0,1,1,1,1783471920
2026-07-08T00:59:24Z,875,8,3,7,0,0,1,1,1,1783472047
2026-07-08T00:59:24Z,877,5,4,12,2,0,1,1,1,1783472060
2026-07-08T00:59:24Z,878,8,0,11,0,0,1,1,1,1783472073
2026-07-08T00:59:24Z,879,5,1,12,2,0,1,1,1,1783472065
2026-07-08T00:59:24Z,880,12,2,11,0,0,1,1,1,1783472162
2026-07-08T00:59:24Z,881,2,0,14,3,0,1,1,1,1783472247
2026-07-08T00:59:24Z,882,12,4,6,1,0,1,1,1,1783472036
2026-07-08T00:59:24Z,883,11,5,8,0,0,1,1,1,1783471995
2026-07-08T00:59:24Z,884,6,5,14,1,0,1,1,1,1783472125
2026-07-08T00:59:24Z,885,19,1,0,0,0,1,1,1,1783471992
2026-07-08T00:59:24Z,886,8,6,19,2,0,1,1,1,1783472234
2026-07-08T00:59:24Z,887,1,0,15,1,0,1,1,1,1783471938
2026-07-08T00:59:24Z,888,6,0,35,0,0,1,1,1,1783471884
2026-07-08T00:59:24Z,889,18,0,0,1,0,1,1,1,1783472108
2026-07-08T00:59:24Z,890,1,1,14,0,0,1,1,1,1783472001
2026-07-08T00:59:24Z,891,11,1,9,3,0,1,1,1,1783472113
2026-07-08T00:59:24Z,892,14,2,0,1,0,1,1,1,1783472024
2026-07-08T00:59:24Z,895,10,1,9,0,0,1,1,1,1783471981
2026-07-08T00:59:24Z,896,19,1,16,0,0,1,1,1,1783472352
2026-07-08T00:59:24Z,897,10,1,10,1,0,1,1,1,1783472110
2026-07-08T00:59:24Z,898,13,0,6,0,0,1,1,1,1783472024
2026-07-08T00:59:24Z,899,17,0,2,0,0,1,1,1,1783472024
2026-07-08T00:59:24Z,900,11,1,16,0,0,1,1,1,1783472202
2026-07-08T00:59:24Z,901,11,0,8,0,0,1,1,1,1783472224
2026-07-08T00:59:24Z,902,4,1,9,2,0,1,1,1,1783471954
2026-07-08T00:59:24Z,903,3,0,16,0,0,1,1,1,1783472016
2026-07-08T00:59:24Z,904,9,0,7,3,0,1,1,1,1783472040
2026-07-08T00:59:24Z,905,1,0,25,1,0,1,1,1,1783472234
2026-07-08T00:59:24Z,906,12,9,13,2,0,1,1,1,1783472207
2026-07-08T00:59:24Z,907,10,0,20,1,0,1,1,1,1783472222
2026-07-08T00:59:24Z,908,9,4,13,1,0,1,1,1,1783472105
2026-07-08T00:59:24Z,909,19,1,3,1,0,1,1,1,1783472332
2026-07-08T00:59:24Z,910,26,4,4,1,0,1,1,1,1783472348
2026-07-08T00:59:24Z,911,11,0,6,2,0,1,1,1,1783472030
2026-07-08T00:59:24Z,912,21,4,0,2,0,1,1,1,1783472124
2026-07-08T00:59:24Z,913,7,2,12,0,0,1,1,1,1783472000
2026-07-08T00:59:24Z,914,3,0,14,2,0,1,1,1,1783472174
2026-07-08T00:59:24Z,915,19,0,3,1,0,1,1,1,1783472281
2026-07-08T00:59:24Z,916,19,2,4,0,0,1,1,1,1783472176
2026-07-08T00:59:24Z,917,5,0,30,0,0,1,1,1,1783472292
2026-07-08T00:59:24Z,918,9,1,9,1,0,1,1,1,1783472100
2026-07-08T00:59:24Z,919,4,0,34,1,0,1,1,1,1783472351
2026-07-08T00:59:24Z,920,9,4,9,1,0,1,1,1,1783472014
2026-07-08T00:59:24Z,921,18,0,1,2,0,1,1,1,1783472086
2026-07-08T00:59:24Z,922,10,0,11,0,0,1,1,1,1783472339
2026-07-08T00:59:24Z,923,1,0,17,1,0,1,1,1,1783472276
2026-07-08T00:59:24Z,924,6,1,14,1,0,1,1,1,1783472067
2026-07-08T00:59:24Z,925,6,0,13,2,0,1,1,1,1783472062
2026-07-08T00:59:24Z,926,2,0,18,1,0,1,1,1,1783471770
2026-07-08T00:59:24Z,927,0,0,34,0,0,1,1,1,1783472282
2026-07-08T00:59:24Z,928,8,0,11,0,0,1,1,1,1783472154
2026-07-08T00:59:24Z,929,1,0,22,0,0,1,1,1,1783472189
2026-07-08T00:59:24Z,930,21,0,8,2,0,1,1,1,1783472247
2026-07-08T00:59:24Z,931,4,4,19,0,0,1,1,1,1783472355
2026-07-08T00:59:24Z,932,2,0,17,0,0,1,1,1,1783472023
2026-07-08T00:59:24Z,933,17,0,5,1,0,1,1,1,1783472236
2026-07-08T00:59:24Z,934,0,0,31,0,0,1,1,1,1783472215
2026-07-08T00:59:24Z,935,14,2,2,3,0,1,1,1,1783472070
2026-07-08T00:59:24Z,936,0,0,19,0,0,1,1,1,1783472035
2026-07-08T00:59:24Z,940,9,0,2,0,0,1,1,1,1783471410
2026-07-08T00:59:24Z,941,14,2,11,0,0,1,1,1,1783472065
2026-07-08T00:59:24Z,942,2,1,19,0,0,1,1,1,1783472055
2026-07-08T00:59:24Z,943,4,4,10,1,0,1,1,1,1783471906
2026-07-08T00:59:24Z,944,7,7,7,1,0,1,1,1,1783471960
2026-07-08T00:59:24Z,945,6,3,8,1,0,1,1,1,1783471951
2026-07-08T00:59:24Z,946,10,7,9,0,0,1,1,1,1783471988
2026-07-08T00:59:24Z,947,8,6,9,0,0,1,1,1,1783471944
2026-07-08T00:59:24Z,948,4,4,26,1,0,1,1,1,1783472251
2026-07-08T00:59:24Z,949,1,1,13,1,0,1,1,1,1783472040
2026-07-08T00:59:24Z,950,3,1,13,1,0,1,1,1,1783471959
2026-07-08T00:59:24Z,951,7,2,15,1,0,1,1,1,1783472113
2026-07-08T00:59:24Z,952,25,0,23,7,0,1,1,1,1783472333
2026-07-08T00:59:24Z,953,12,0,2,1,0,1,1,1,1783471954
2026-07-08T00:59:24Z,954,15,2,4,0,0,1,1,1,1783472025
2026-07-08T00:59:24Z,955,5,3,16,6,0,1,1,1,1783472282
2026-07-08T00:59:24Z,956,14,2,3,2,0,1,1,1,1783472342
2026-07-08T00:59:24Z,957,28,3,1,0,0,1,1,1,1783472309
2026-07-08T00:59:24Z,958,16,0,13,2,0,1,1,1,1783472343
2026-07-08T00:59:24Z,959,15,6,7,1,0,1,1,1,1783472237
2026-07-08T00:59:24Z,960,22,2,0,1,0,1,1,1,1783472130
2026-07-08T00:59:24Z,961,2,0,17,4,0,1,1,1,1783472345
2026-07-08T00:59:24Z,962,3,3,25,7,0,1,1,1,1783472290
2026-07-08T00:59:24Z,963,15,0,8,0,0,1,1,1,1783472349
2026-07-08T00:59:24Z,964,14,10,8,1,0,1,1,1,1783472138
2026-07-08T00:59:24Z,965,6,1,19,2,0,1,1,1,1783472254
2026-07-08T00:59:24Z,966,23,1,7,1,0,1,1,1,1783472228
2026-07-08T00:59:24Z,967,14,0,4,3,0,1,1,1,1783472049
2026-07-08T00:59:24Z,968,14,0,5,0,0,1,1,1,1783472307
2026-07-08T00:59:24Z,969,18,7,7,2,0,1,1,1,1783472173
2026-07-08T00:59:24Z,970,13,5,5,1,0,1,1,1,1783472270
2026-07-08T00:59:24Z,971,21,1,0,2,0,1,1,1,1783472256
2026-07-08T00:59:24Z,972,19,1,4,0,0,1,1,1,1783472139
2026-07-08T00:59:24Z,973,0,0,22,1,0,1,1,1,1783472121
2026-07-08T00:59:24Z,974,4,0,22,1,0,1,1,1,1783472275
2026-07-08T00:59:24Z,977,1,1,18,2,0,1,1,1,1783472208
2026-07-08T00:59:24Z,978,10,3,13,0,0,1,1,1,1783472109
2026-07-08T00:59:24Z,979,1,0,13,3,0,1,1,1,1783471922
2026-07-08T00:59:24Z,980,1,1,20,0,0,1,1,1,1783472278
2026-07-08T00:59:24Z,981,17,0,3,1,0,1,1,1,1783472118
2026-07-08T00:59:24Z,982,4,1,15,0,0,1,1,1,1783472023
2026-07-08T00:59:24Z,983,0,0,23,0,0,1,1,1,1783472160
2026-07-08T00:59:24Z,984,20,8,0,3,0,1,1,1,1783472168
2026-07-08T00:59:24Z,985,8,0,22,1,0,1,1,1,1783472285
2026-07-08T00:59:24Z,986,9,8,10,0,0,1,1,1,1783472052
2026-07-08T00:59:24Z,987,3,0,19,1,0,1,1,1,1783472128
2026-07-08T00:59:24Z,988,5,0,12,2,0,1,1,1,1783472039
2026-07-08T00:59:24Z,989,14,10,3,2,0,1,1,1,1783472088
2026-07-08T00:59:24Z,990,6,1,8,1,0,1,1,1,1783471964
2026-07-08T00:59:24Z,991,16,9,3,0,0,1,1,1,1783472115
2026-07-08T00:59:24Z,992,4,2,18,1,0,1,1,1,1783472203
2026-07-08T00:59:24Z,993,0,0,25,2,0,1,1,1,1783472190
2026-07-08T00:59:24Z,994,1,0,18,2,0,1,1,1,1783472310
2026-07-08T00:59:24Z,995,0,0,27,0,0,1,1,1,1783472151
2026-07-08T00:59:24Z,996,9,4,12,2,0,1,1,1,1783472181
2026-07-08T00:59:24Z,997,6,2,12,5,0,1,1,1,1783472319
2026-07-08T00:59:24Z,998,5,1,18,0,0,1,1,1,1783472142
2026-07-08T00:59:24Z,999,7,2,12,1,1,1,1,1,1783472115
2026-07-08T00:59:24Z,1000,5,0,15,1,0,1,1,1,1783472070
2026-07-08T00:59:24Z,1001,1,0,26,0,0,1,1,1,1783472150
2026-07-08T00:59:24Z,1002,0,0,31,0,0,1,1,1,1783472207
2026-07-08T00:59:24Z,1003,0,0,23,0,0,1,1,1,1783472116
2026-07-08T00:59:24Z,1004,6,0,17,0,0,1,1,1,1783470956
2026-07-08T00:59:24Z,1005,5,2,17,1,0,1,1,1,1783472120
2026-07-08T00:59:24Z,1006,10,1,9,0,0,1,1,1,1783472040
2026-07-08T00:59:24Z,1007,2,0,18,1,0,1,1,1,1783472066
2026-07-08T00:59:24Z,1008,18,8,5,0,0,1,1,1,1783472155
2026-07-08T00:59:24Z,1009,5,1,24,2,0,1,1,1,1783472287
2026-07-08T00:59:24Z,1010,9,8,18,0,0,1,1,1,1783472194
2026-07-08T00:59:24Z,1011,2,1,15,2,0,1,1,1,1783472033
2026-07-08T00:59:24Z,1012,1,0,21,1,0,1,1,1,1783472127
2026-07-08T00:59:24Z,1013,4,2,18,1,0,1,1,1,1783472140
2026-07-08T00:59:24Z,1014,6,1,15,2,0,1,1,1,1783472115
2026-07-08T00:59:24Z,1015,8,3,23,0,0,1,1,1,1783472224
2026-07-08T00:59:24Z,1016,17,6,13,1,0,1,1,1,1783472246
2026-07-08T00:59:24Z,1017,8,0,12,1,0,1,1,1,1783472089
2026-07-08T00:59:24Z,1018,3,2,13,5,0,1,1,1,1783472123
2026-07-08T00:59:24Z,1019,13,1,1,1,0,1,1,1,1783471971
2026-07-08T00:59:24Z,1020,14,2,7,0,0,1,1,1,1783472085
2026-07-08T00:59:24Z,1021,12,6,3,0,0,1,1,1,1783471986
2026-07-08T00:59:24Z,1022,12,1,15,0,0,1,1,1,1783472162
2026-07-08T00:59:24Z,1023,13,0,10,0,0,1,1,1,1783472179
2026-07-08T00:59:24Z,1024,3,0,16,0,0,1,1,1,1783472026
2026-07-08T00:59:24Z,1025,15,1,4,0,0,1,1,1,1783472039
2026-07-08T00:59:24Z,1026,12,7,18,1,0,1,1,1,1783472240
2026-07-08T00:59:24Z,1028,16,4,7,0,0,1,1,1,1783472159
2026-07-08T00:59:24Z,1029,10,8,2,3,0,1,1,1,1783471984
2026-07-08T00:59:24Z,1030,17,5,6,0,0,1,1,1,1783472182
2026-07-08T00:59:24Z,1031,2,2,16,1,0,1,1,1,1783472040
2026-07-08T00:59:24Z,1032,9,3,10,0,0,1,1,1,1783472045
2026-07-08T00:59:24Z,1033,18,8,0,1,0,1,1,1,1783472086
2026-07-08T00:59:24Z,1034,8,0,7,0,0,1,1,1,1783471970
2026-07-08T00:59:24Z,1035,3,0,15,1,0,1,1,1,1783472339
2026-07-08T00:59:24Z,1036,14,4,1,0,0,1,1,1,1783471984
2026-07-08T00:59:24Z,1037,0,0,19,0,0,1,1,1,1783472030
2026-07-08T00:59:24Z,1038,1,0,14,0,0,1,1,1,1783472350
2026-07-08T00:59:24Z,1039,12,6,7,0,0,1,1,1,1783472053
2026-07-08T00:59:24Z,1040,0,0,18,1,0,1,1,1,1783472050
2026-07-08T00:59:24Z,1041,3,2,16,0,0,1,1,1,1783472028
2026-07-08T00:59:24Z,1042,9,2,6,0,0,1,1,1,1783471967
2026-07-08T00:59:24Z,1043,9,6,10,0,0,1,1,1,1783472050
2026-07-08T00:59:24Z,1044,0,0,15,0,0,1,1,1,1783471957
2026-07-08T00:59:24Z,1045,2,1,17,0,0,1,1,1,1783472038
2026-07-08T00:59:24Z,1046,7,0,5,3,0,1,1,1,1783472282
2026-07-08T00:59:24Z,1047,1,1,19,1,0,1,1,1,1783472059
2026-07-08T00:59:24Z,1048,15,1,4,0,0,1,1,1,1783472157
2026-07-08T00:59:24Z,1049,11,2,10,0,0,1,1,1,1783472096
2026-07-08T00:59:24Z,1050,14,1,5,2,0,1,1,1,1783472123
2026-07-08T00:59:24Z,1051,15,2,5,1,0,1,1,1,1783472102
2026-07-08T00:59:24Z,1052,12,1,10,0,0,1,1,1,1783472133
2026-07-08T00:59:24Z,1053,6,0,9,0,0,1,1,1,1783471974
2026-07-08T00:59:24Z,1054,10,3,5,0,0,1,1,1,1783471971
2026-07-08T00:59:24Z,1055,8,0,11,0,0,1,1,1,1783472036
2026-07-08T00:59:24Z,1057,6,0,13,0,0,1,1,1,1783471954
2026-07-08T00:59:24Z,1058,1,1,55,0,0,1,1,1,1783472348
2026-07-08T00:59:24Z,1059,5,2,14,0,0,1,1,1,1783472014
2026-07-08T00:59:24Z,1060,33,13,4,0,0,1,1,1,1783472349
2026-07-08T00:59:24Z,1061,0,0,37,0,0,1,1,1,1783472331
2026-07-08T00:59:24Z,1062,6,0,11,0,0,1,1,1,1783471925
2026-07-08T00:59:24Z,1063,13,3,4,2,0,1,1,1,1783472034
2026-07-08T00:59:24Z,1064,10,2,13,0,0,1,1,1,1783472114
2026-07-08T00:59:24Z,1065,10,2,11,2,0,1,1,1,1783472158
2026-07-08T00:59:24Z,1066,14,3,7,2,0,1,1,1,1783472180
2026-07-08T00:59:24Z,1067,7,0,13,3,0,1,1,1,1783472132
2026-07-08T00:59:24Z,1068,13,1,9,1,0,1,1,1,1783472123
2026-07-08T00:59:24Z,1069,3,0,19,1,0,1,1,1,1783472153
2026-07-08T00:59:24Z,1070,7,4,15,1,0,1,1,1,1783472131
2026-07-08T00:59:24Z,1071,0,0,22,1,0,1,1,1,1783472119
2026-07-08T00:59:24Z,1072,13,2,8,2,0,1,1,1,1783472165
2026-07-08T00:59:24Z,1073,0,0,26,1,0,1,1,1,1783472206
2026-07-08T00:59:24Z,1074,44,1,5,4,0,1,1,1,1783471936
2026-07-08T00:59:24Z,1075,10,9,11,0,0,1,1,1,1783472096
2026-07-08T00:59:24Z,1076,16,12,5,0,0,1,1,1,1783472083
2026-07-08T00:59:24Z,1077,10,9,11,0,0,1,1,1,1783472091
2026-07-08T00:59:24Z,1078,2,0,19,0,0,1,1,1,1783471790
2026-07-08T00:59:24Z,1079,10,8,11,0,0,1,1,1,1783472082
2026-07-08T00:59:24Z,1080,9,7,12,0,0,1,1,1,1783472113
2026-07-08T00:59:24Z,1081,14,10,5,0,0,1,1,1,1783472010
2026-07-08T00:59:24Z,1082,11,9,12,0,0,1,1,1,1783472065
2026-07-08T00:59:24Z,1083,11,8,10,0,0,1,1,1,1783472101
2026-07-08T00:59:24Z,1084,9,7,12,0,0,1,1,1,1783472167
2026-07-08T00:59:24Z,1085,10,9,11,0,0,1,1,1,1783472182
2026-07-08T00:59:24Z,1086,5,5,16,0,0,1,1,1,1783472287
2026-07-08T00:59:24Z,1087,9,9,6,0,0,1,1,1,1783471997
2026-07-08T00:59:24Z,1088,6,4,9,0,0,1,1,1,1783472358
2026-07-08T00:59:24Z,1089,11,9,4,0,0,1,1,1,1783471977
2026-07-08T00:59:24Z,1090,8,7,7,0,0,1,1,1,1783471978
2026-07-08T00:59:24Z,1091,10,8,5,0,0,1,1,1,1783471982
2026-07-08T00:59:24Z,1092,7,6,8,0,0,1,1,1,1783472015
2026-07-08T00:59:24Z,1093,9,7,6,0,0,1,1,1,1783471988
2026-07-08T00:59:24Z,1094,12,9,7,0,0,1,1,1,1783472020
2026-07-08T00:59:24Z,1095,8,6,7,0,0,1,1,1,1783471918
2026-07-08T00:59:24Z,1096,10,7,9,0,0,1,1,1,1783472072
2026-07-08T00:59:24Z,1097,9,9,6,0,0,1,1,1,1783472000
2026-07-08T00:59:24Z,1098,8,6,11,0,0,1,1,1,1783472047
2026-07-08T00:59:24Z,1099,10,8,5,0,0,1,1,1,1783471983
2026-07-08T00:59:24Z,1100,9,5,18,2,0,1,1,1,1783472225
2026-07-08T00:59:24Z,1101,12,7,8,1,0,1,1,1,1783472115
2026-07-08T00:59:24Z,1102,9,4,4,0,0,1,1,1,1783472263
2026-07-08T00:59:24Z,1103,10,5,9,2,0,1,1,1,1783472096
2026-07-08T00:59:24Z,1104,9,5,12,0,0,1,1,1,1783472083
2026-07-08T00:59:24Z,1105,6,2,5,2,0,1,1,1,1783471915
2026-07-08T00:59:24Z,1106,10,5,10,1,0,1,1,1,1783472093
2026-07-08T00:59:24Z,1107,9,4,5,1,0,1,1,1,1783471962
2026-07-08T00:59:24Z,1108,4,2,19,4,0,1,1,1,1783472166
2026-07-08T00:59:24Z,1109,10,5,5,0,0,1,1,1,1783471965
2026-07-08T00:59:24Z,1110,12,1,9,0,0,1,1,1,1783472081
2026-07-08T00:59:24Z,1111,4,0,17,0,0,1,1,1,1783472080
2026-07-08T00:59:24Z,1112,3,0,50,0,0,1,1,1,1783471996
2026-07-08T00:59:24Z,1113,2,2,19,0,0,1,1,1,1783472007
2026-07-08T00:59:24Z,1115,10,1,12,1,0,1,1,1,1783472164
2026-07-08T00:59:24Z,1116,1,0,18,0,0,1,1,1,1783472029
2026-07-08T00:59:24Z,1117,3,2,20,0,0,1,1,1,1783472107
2026-07-08T00:59:24Z,1118,16,1,5,0,0,1,1,1,1783472110
2026-07-08T00:59:24Z,1119,4,1,12,1,0,1,1,1,1783472008
2026-07-08T00:59:24Z,1120,13,1,3,3,0,1,1,1,1783472253
2026-07-08T00:59:24Z,1121,7,1,14,0,0,1,1,1,1783472089
2026-07-08T00:59:24Z,1122,7,3,13,1,0,1,1,1,1783471716
2026-07-08T00:59:24Z,1123,3,0,18,2,0,1,1,1,1783471200
2026-07-08T00:59:24Z,1124,9,0,5,1,0,1,1,1,1783471934
2026-07-08T00:59:24Z,1125,16,0,7,0,0,1,1,1,1783472130
2026-07-08T00:59:24Z,1126,6,1,14,1,0,1,1,1,1783472052
2026-07-08T00:59:24Z,1127,13,1,5,1,0,1,1,1,1783472026
2026-07-08T00:59:24Z,1128,13,2,1,1,0,1,1,1,1783471963
2026-07-08T00:59:24Z,1129,7,2,14,0,0,1,1,1,1783472009
2026-07-08T00:59:24Z,1130,10,0,4,1,0,1,1,1,1783472097
2026-07-08T00:59:24Z,1131,0,0,49,0,0,1,1,1,1783470717
2026-07-08T00:59:24Z,1132,10,0,9,2,0,1,1,1,1783472294
2026-07-08T00:59:24Z,1133,6,3,14,1,0,1,1,1,1783472018
2026-07-08T00:59:24Z,1134,10,4,8,1,0,1,1,1,1783472154
2026-07-08T00:59:24Z,1135,13,7,8,0,0,1,1,1,1783472087
2026-07-08T00:59:24Z,1136,20,0,2,1,0,1,1,1,1783472135
2026-07-08T00:59:24Z,1137,0,0,15,0,0,1,1,1,1783471951
2026-07-08T00:59:24Z,1138,19,0,0,0,0,1,1,1,1783472065
2026-07-08T00:59:24Z,1139,10,0,11,0,0,1,1,1,1783472098
2026-07-08T00:59:24Z,1140,13,1,9,1,0,1,1,1,1783472202
2026-07-08T00:59:24Z,1141,3,2,17,1,0,1,1,1,1783472320
2026-07-08T00:59:24Z,1142,5,0,16,0,0,1,1,1,1783472096
2026-07-08T00:59:24Z,1143,14,0,14,1,0,1,1,1,1783472263
2026-07-08T00:59:24Z,1144,3,1,17,1,0,1,1,1,1783400779
2026-07-08T00:59:24Z,1145,6,2,11,3,0,1,1,1,1783471020
2026-07-08T00:59:24Z,1146,1,0,18,0,0,1,1,1,1783472328
2026-07-08T00:59:24Z,1147,10,2,9,0,0,1,1,1,1783472027
2026-07-08T00:59:24Z,1148,10,2,20,1,0,1,1,1,1783472330
2026-07-08T00:59:24Z,1149,2,2,22,1,0,1,1,1,1783472227
2026-07-08T00:59:24Z,1150,18,1,0,1,0,1,1,1,1783472080
2026-07-08T00:59:24Z,1151,1,0,19,1,0,1,1,1,1783472049
2026-07-08T00:59:24Z,1152,11,0,16,2,0,1,1,1,1783472183
2026-07-08T00:59:24Z,1153,16,1,6,1,0,1,1,1,1783472077
2026-07-08T00:59:24Z,1154,2,0,15,2,0,1,1,1,1783472000
2026-07-08T00:59:24Z,1155,12,2,7,2,0,1,1,1,1783472356
2026-07-08T00:59:24Z,1158,9,0,10,0,0,1,1,1,1783472033
2026-07-08T00:59:24Z,1159,7,5,12,0,0,1,1,1,1783472054
2026-07-08T00:59:24Z,1160,12,2,6,1,0,1,1,1,1783470958
2026-07-08T00:59:24Z,1161,8,2,11,0,0,1,1,1,1783472066
2026-07-08T00:59:24Z,1162,12,4,6,1,0,1,1,1,1783472050
2026-07-08T00:59:24Z,1163,2,2,17,0,0,1,1,1,1783472015
2026-07-08T00:59:24Z,1164,8,0,11,0,0,1,1,1,1783472019
2026-07-08T00:59:24Z,1165,3,1,17,1,0,1,1,1,1783472060
2026-07-08T00:59:24Z,1166,2,0,18,0,0,1,1,1,1783472050
2026-07-08T00:59:24Z,1167,12,2,3,0,0,1,1,1,1783471954
2026-07-08T00:59:24Z,1168,1,1,22,0,0,1,1,1,1783472172
2026-07-08T00:59:24Z,1169,3,2,15,1,0,1,1,1,1783472031
2026-07-08T00:59:24Z,1170,8,5,13,0,0,1,1,1,1783472092
2026-07-08T00:59:24Z,1171,16,14,6,1,0,1,1,1,1783472164
2026-07-08T00:59:24Z,1172,9,3,4,2,0,1,1,1,1783471972
2026-07-08T00:59:24Z,1173,1,1,17,1,0,1,1,1,1783472035
2026-07-08T00:59:24Z,1174,3,1,11,1,0,1,1,1,1783471958
2026-07-08T00:59:24Z,1175,6,0,13,0,0,1,1,1,1783472010
2026-07-08T00:59:24Z,1176,19,5,2,0,0,1,1,1,1783472073
2026-07-08T00:59:24Z,1177,11,2,10,0,0,1,1,1,1783472065
2026-07-08T00:59:24Z,1178,4,0,9,2,0,1,1,1,1783472088
2026-07-08T00:59:24Z,1181,13,1,2,0,0,1,1,1,1783472335
2026-07-08T00:59:24Z,1182,3,1,17,0,0,1,1,1,1783472266
2026-07-08T00:59:24Z,1183,0,0,35,2,0,1,1,1,1783472325
2026-07-08T00:59:24Z,1184,16,6,3,2,0,1,1,1,1783472068
2026-07-08T00:59:24Z,1185,13,6,8,0,0,1,1,1,1783472093
2026-07-08T00:59:24Z,1186,9,5,9,1,0,1,1,1,1783472028
2026-07-08T00:59:24Z,1188,7,4,8,0,0,1,1,1,1783472290
2026-07-08T00:59:24Z,1189,10,5,9,0,0,1,1,1,1783471577
2026-07-08T00:59:24Z,1190,9,5,12,0,0,1,1,1,1783472066
2026-07-08T00:59:24Z,1191,8,4,6,1,0,1,1,1,1783472096
2026-07-08T00:59:24Z,1192,8,4,12,1,0,1,1,1,1783472119
2026-07-08T00:59:24Z,1193,3,1,9,1,0,1,1,1,1783471905
2026-07-08T00:59:24Z,1197,13,3,3,1,0,1,1,1,1783471936
2026-07-08T00:59:24Z,1198,15,9,6,0,0,1,1,1,1783472083
2026-07-08T00:59:24Z,1199,3,3,16,0,0,1,1,1,1783472015
2026-07-08T00:59:24Z,1200,11,4,4,0,0,1,1,1,1783471797
2026-07-08T00:59:24Z,1201,8,4,6,1,0,1,1,1,1783471821
2026-07-08T00:59:24Z,1202,9,5,6,0,0,1,1,1,1783471787
2026-07-08T00:59:24Z,1203,8,4,7,0,0,1,1,1,1783471792
2026-07-08T00:59:24Z,1218,7,4,14,0,0,1,1,1,1783472111
2026-07-08T00:59:24Z,1224,0,0,3,0,0,0,1,1,1781869449
2026-07-08T00:59:24Z,1225,0,0,3,0,0,0,1,1,1781868919
2026-07-08T00:59:24Z,1226,0,0,3,0,0,0,1,1,1781868931
2026-07-08T01:04:24Z,1,0,0,23,0,0,1,1,1,1783470556
2026-07-08T01:04:24Z,2,14,0,12,1,0,1,1,1,1783472565
2026-07-08T01:04:24Z,3,3,0,14,1,0,1,1,1,1783472391
2026-07-08T01:04:24Z,4,0,0,23,0,0,1,1,1,1783472283
2026-07-08T01:04:24Z,5,9,6,11,3,0,1,1,1,1783472618
2026-07-08T01:04:24Z,6,5,0,10,0,0,1,1,1,1783471519
2026-07-08T01:04:24Z,7,17,0,6,0,0,1,1,1,1783472174
2026-07-08T01:04:24Z,8,42,0,0,1,0,1,1,1,1783472165
2026-07-08T01:04:24Z,9,0,0,22,1,0,1,1,1,1783472385
2026-07-08T01:04:24Z,10,8,3,15,0,0,1,1,1,1783471067
2026-07-08T01:04:24Z,11,0,0,19,0,0,1,1,1,1783471838
2026-07-08T01:04:24Z,12,0,0,23,0,0,1,1,1,1783472217
2026-07-08T01:04:24Z,13,29,0,1,0,0,1,1,1,1783472435
2026-07-08T01:04:24Z,14,23,0,20,0,0,1,1,1,1783472633
2026-07-08T01:04:24Z,15,13,0,1,1,0,1,1,1,1783472552
2026-07-08T01:04:24Z,16,3,2,24,0,0,1,1,1,1783472562
2026-07-08T01:04:24Z,17,19,0,7,1,0,1,1,1,1783472511
2026-07-08T01:04:24Z,18,7,0,12,0,0,1,1,1,1783472651
2026-07-08T01:04:24Z,19,13,0,14,0,0,1,1,1,1783472418
2026-07-08T01:04:24Z,20,18,1,9,0,0,1,1,1,1783472645
2026-07-08T01:04:24Z,21,18,0,0,1,0,1,1,1,1783472382
2026-07-08T01:04:24Z,22,2,1,65,0,0,1,1,1,1783472605
2026-07-08T01:04:24Z,23,7,0,24,0,0,1,1,1,1783472567
2026-07-08T01:04:24Z,24,3,2,7,1,0,1,1,1,1783472653
2026-07-08T01:04:24Z,25,32,1,44,5,0,1,1,1,1783472653
2026-07-08T01:04:24Z,26,0,0,27,0,0,1,1,1,1783472222
2026-07-08T01:04:24Z,28,13,3,2,0,0,1,1,1,1783471859
2026-07-08T01:04:24Z,30,9,1,18,0,0,1,1,1,1783472448
2026-07-08T01:04:24Z,31,0,0,19,0,0,1,1,1,1783472357
2026-07-08T01:04:24Z,32,26,2,1,0,0,1,1,1,1783472306
2026-07-08T01:04:24Z,34,26,1,11,0,0,1,1,1,1783472658
2026-07-08T01:04:24Z,35,6,1,40,1,0,1,1,1,1783472598
2026-07-08T01:04:24Z,36,0,0,0,0,0,0,1,1,86400
2026-07-08T01:04:24Z,37,4,0,18,1,0,1,1,1,1783472376
2026-07-08T01:04:24Z,38,3,1,20,0,0,1,1,1,1783472575
2026-07-08T01:04:24Z,39,26,4,5,0,0,1,1,1,1783472660
2026-07-08T01:04:24Z,40,0,0,21,0,0,1,1,1,1783469847
2026-07-08T01:04:24Z,41,3,0,22,2,0,1,1,1,1783471818
2026-07-08T01:04:24Z,42,8,2,22,1,0,1,1,1,1783472176
2026-07-08T01:04:24Z,43,17,2,6,0,0,1,1,1,1783472413
2026-07-08T01:04:24Z,45,1,1,27,3,0,1,1,1,1783472580
2026-07-08T01:04:24Z,46,14,1,15,1,1,1,1,1,1783472647
2026-07-08T01:04:24Z,47,4,1,11,0,0,1,1,1,1783471814
2026-07-08T01:04:24Z,48,2,1,25,0,0,1,1,1,1783472347
2026-07-08T01:04:24Z,49,2,0,18,3,0,1,1,1,1783472658
2026-07-08T01:04:24Z,50,3,2,16,0,0,1,1,1,1783472586
2026-07-08T01:04:24Z,51,0,0,78,0,0,1,1,1,1783470549
2026-07-08T01:04:24Z,52,0,0,25,2,0,1,1,1,1783472594
2026-07-08T01:04:24Z,55,0,0,21,0,1,1,1,1,1783471961
2026-07-08T01:04:24Z,57,1,0,26,0,0,1,1,1,1783472166
2026-07-08T01:04:24Z,58,1,0,27,0,0,1,1,1,1783472597
2026-07-08T01:04:24Z,59,0,0,25,2,0,1,1,1,1783472084
2026-07-08T01:04:24Z,61,0,0,37,2,0,1,1,1,1783471871
2026-07-08T01:04:24Z,62,2,0,44,3,0,1,1,1,1783472649
2026-07-08T01:04:24Z,63,0,0,19,0,0,1,1,1,1783468347
2026-07-08T01:04:24Z,64,16,1,2,1,0,1,1,1,1783472646
2026-07-08T01:04:24Z,65,4,1,13,2,0,1,1,1,1783472255
2026-07-08T01:04:24Z,67,3,0,36,0,0,1,1,1,1783472585
2026-07-08T01:04:24Z,68,0,0,37,0,0,1,1,1,1783472440
2026-07-08T01:04:24Z,69,14,2,1,0,0,1,1,1,1783468047
2026-07-08T01:04:24Z,71,5,0,22,0,0,1,1,1,1783472495
2026-07-08T01:04:24Z,72,2,1,27,2,0,1,1,1,1783472660
2026-07-08T01:04:24Z,73,0,0,23,0,0,1,1,1,1783470373
2026-07-08T01:04:24Z,74,6,2,13,0,0,1,1,1,1783471037
2026-07-08T01:04:24Z,75,0,0,34,1,0,1,1,1,1783468816
2026-07-08T01:04:24Z,76,2,0,17,0,0,1,1,1,1783471742
2026-07-08T01:04:24Z,77,6,0,17,4,0,1,1,1,1783472345
2026-07-08T01:04:24Z,78,0,0,23,0,0,1,1,1,1783472252
2026-07-08T01:04:24Z,79,4,0,13,0,0,1,1,1,1783472050
2026-07-08T01:04:24Z,80,16,1,5,2,0,1,1,1,1783472612
2026-07-08T01:04:24Z,81,5,0,12,14,0,1,1,1,1783472523
2026-07-08T01:04:24Z,82,1,1,20,2,0,1,1,1,1783472299
2026-07-08T01:04:24Z,83,2,1,29,3,0,1,1,1,1783472438
2026-07-08T01:04:24Z,84,20,0,5,2,0,1,1,1,1783472063
2026-07-08T01:04:24Z,85,1,0,13,0,0,1,1,1,1783472466
2026-07-08T01:04:24Z,86,5,2,21,1,0,1,1,1,1783472577
2026-07-08T01:04:24Z,87,0,0,19,0,0,1,1,1,1783464851
2026-07-08T01:04:24Z,88,27,1,4,0,0,1,1,1,1783472432
2026-07-08T01:04:24Z,89,11,1,24,0,0,1,1,1,1783472570
2026-07-08T01:04:24Z,90,8,0,10,1,0,1,1,1,1783472417
2026-07-08T01:04:24Z,91,5,1,12,0,0,1,1,1,1783472544
2026-07-08T01:04:24Z,92,16,1,1,2,0,1,1,1,1783472622
2026-07-08T01:04:24Z,93,22,1,1,0,0,1,1,1,1783472338
2026-07-08T01:04:24Z,94,2,1,17,0,0,1,1,1,1783472589
2026-07-08T01:04:24Z,95,1,0,31,2,1,1,1,1,1783472660
2026-07-08T01:04:24Z,96,7,1,22,2,0,1,1,1,1783472478
2026-07-08T01:04:24Z,97,9,0,6,0,0,1,1,1,1783472208
2026-07-08T01:04:24Z,98,17,0,16,2,0,1,1,1,1783471786
2026-07-08T01:04:24Z,99,8,0,6,0,0,1,1,1,1783472619
2026-07-08T01:04:24Z,100,18,0,8,1,0,1,1,1,1783471865
2026-07-08T01:04:24Z,101,5,0,8,2,0,1,1,1,1783472407
2026-07-08T01:04:24Z,102,10,1,13,0,0,1,1,1,1783472660
2026-07-08T01:04:24Z,103,11,0,17,4,0,1,1,1,1783472591
2026-07-08T01:04:24Z,104,4,2,21,2,0,1,1,1,1783472648
2026-07-08T01:04:24Z,105,12,0,6,0,1,1,1,1,1783472562
2026-07-08T01:04:24Z,106,0,0,21,0,0,1,1,1,1783471878
2026-07-08T01:04:24Z,107,34,1,3,0,0,1,1,1,1783472523
2026-07-08T01:04:24Z,108,14,0,19,2,0,1,1,1,1783472539
2026-07-08T01:04:24Z,109,5,0,18,0,0,1,1,1,1783472569
2026-07-08T01:04:24Z,110,7,0,16,0,0,1,1,1,1783472585
2026-07-08T01:04:24Z,111,0,0,35,1,0,1,1,1,1783472085
2026-07-08T01:04:24Z,112,17,0,0,2,0,1,1,1,1783472590
2026-07-08T01:04:24Z,113,2,1,17,0,0,1,1,1,1783472548
2026-07-08T01:04:24Z,114,6,3,20,5,0,1,1,1,1783472404
2026-07-08T01:04:24Z,115,0,0,24,2,0,1,1,1,1783471769
2026-07-08T01:04:24Z,116,4,1,23,0,0,1,1,1,1783472564
2026-07-08T01:04:24Z,118,9,5,10,4,0,1,1,1,1783472349
2026-07-08T01:04:24Z,119,13,2,23,2,0,1,1,1,1783472591
2026-07-08T01:04:24Z,120,5,1,20,2,0,1,1,1,1783472330
2026-07-08T01:04:24Z,121,12,0,7,0,0,1,1,1,1783472592
2026-07-08T01:04:24Z,122,6,0,15,0,0,1,1,1,1783472644
2026-07-08T01:04:24Z,123,10,0,37,0,0,1,1,1,1783472613
2026-07-08T01:04:24Z,124,3,0,24,0,0,1,1,1,1783472659
2026-07-08T01:04:24Z,125,3,1,20,0,0,1,1,1,1783472569
2026-07-08T01:04:24Z,126,3,0,28,0,0,1,1,1,1783471685
2026-07-08T01:04:24Z,127,1,0,21,0,0,1,1,1,1783472479
2026-07-08T01:04:24Z,128,2,2,17,0,0,1,1,1,1783472374
2026-07-08T01:04:24Z,129,16,6,0,3,0,1,1,1,1783472660
2026-07-08T01:04:24Z,130,8,0,9,0,0,1,1,1,1783472348
2026-07-08T01:04:24Z,131,2,1,7,2,0,1,1,1,1783472365
2026-07-08T01:04:24Z,132,0,0,14,0,1,1,1,1,1783468552
2026-07-08T01:04:24Z,133,2,0,21,0,0,1,1,1,1783472577
2026-07-08T01:04:24Z,134,9,5,14,0,0,1,1,1,1783472658
2026-07-08T01:04:24Z,135,13,2,5,1,0,1,1,1,1783471830
2026-07-08T01:04:24Z,136,15,2,7,0,0,1,1,1,1783472458
2026-07-08T01:04:24Z,137,3,2,14,2,0,1,1,1,1783472656
2026-07-08T01:04:24Z,138,36,1,0,1,0,1,1,1,1783472621
2026-07-08T01:04:24Z,139,19,2,0,0,0,1,1,1,1783472192
2026-07-08T01:04:24Z,140,17,4,4,2,0,1,1,1,1783472658
2026-07-08T01:04:24Z,141,23,2,0,2,0,1,1,1,1783472599
2026-07-08T01:04:24Z,142,0,0,19,0,0,0,1,1,1782498468
2026-07-08T01:04:24Z,143,28,0,0,3,0,1,1,1,1783472661
2026-07-08T01:04:24Z,144,20,2,6,1,0,1,1,1,1783472534
2026-07-08T01:04:24Z,145,27,0,3,1,0,1,1,1,1783472430
2026-07-08T01:04:24Z,146,21,3,0,2,0,1,1,1,1783472653
2026-07-08T01:04:24Z,147,10,0,8,1,0,1,1,1,1783472589
2026-07-08T01:04:24Z,148,23,3,4,0,0,1,1,1,1783472572
2026-07-08T01:04:24Z,149,1,0,18,0,0,1,1,1,1783471707
2026-07-08T01:04:24Z,150,30,0,4,1,0,1,1,1,1783472474
2026-07-08T01:04:24Z,151,17,1,5,1,0,1,1,1,1783472567
2026-07-08T01:04:24Z,152,18,1,7,1,0,1,1,1,1783472548
2026-07-08T01:04:24Z,153,18,3,3,2,0,1,1,1,1783472579
2026-07-08T01:04:24Z,154,16,2,3,4,0,1,1,1,1783472621
2026-07-08T01:04:24Z,155,4,2,6,4,0,1,1,1,1783472469
2026-07-08T01:04:24Z,156,15,3,4,0,0,1,1,1,1783472061
2026-07-08T01:04:24Z,157,19,3,6,2,0,1,1,1,1783472651
2026-07-08T01:04:24Z,158,12,3,7,0,0,1,1,1,1783472269
2026-07-08T01:04:24Z,159,9,2,10,0,0,1,1,1,1783472393
2026-07-08T01:04:24Z,160,18,1,0,1,0,1,1,1,1783472628
2026-07-08T01:04:24Z,161,18,3,4,1,0,1,1,1,1783472662
2026-07-08T01:04:24Z,162,14,10,12,1,0,1,1,1,1783472176
2026-07-08T01:04:24Z,163,27,5,4,0,0,1,1,1,1783472505
2026-07-08T01:04:24Z,164,15,0,12,0,0,1,1,1,1783472594
2026-07-08T01:04:24Z,165,10,6,17,3,0,1,1,1,1783472660
2026-07-08T01:04:24Z,166,19,6,18,1,0,1,1,1,1783472599
2026-07-08T01:04:24Z,167,10,6,10,3,0,1,1,1,1783472623
2026-07-08T01:04:24Z,168,1,0,25,1,0,1,1,1,1783472515
2026-07-08T01:04:24Z,169,18,4,3,2,0,1,1,1,1783472357
2026-07-08T01:04:24Z,170,14,8,4,1,0,1,1,1,1783472547
2026-07-08T01:04:24Z,171,5,1,5,3,0,1,1,1,1783472376
2026-07-08T01:04:24Z,173,36,0,1,0,0,1,1,1,1783472633
2026-07-08T01:04:24Z,174,14,4,10,1,0,1,1,1,1783472582
2026-07-08T01:04:24Z,175,16,1,13,2,0,1,1,1,1783472529
2026-07-08T01:04:24Z,176,7,5,6,2,0,1,1,1,1783472650
2026-07-08T01:04:24Z,177,21,1,1,5,0,1,1,1,1783472653
2026-07-08T01:04:24Z,178,15,0,0,0,0,1,1,1,1783468640
2026-07-08T01:04:24Z,179,12,2,1,2,0,1,1,1,1783472655
2026-07-08T01:04:24Z,180,1,0,28,1,0,1,1,1,1783472284
2026-07-08T01:04:24Z,181,7,1,8,0,0,1,1,1,1783472549
2026-07-08T01:04:24Z,182,8,6,10,1,0,1,1,1,1783472280
2026-07-08T01:04:24Z,183,19,1,2,2,0,1,1,1,1783472407
2026-07-08T01:04:24Z,184,9,3,12,2,0,1,1,1,1783472293
2026-07-08T01:04:24Z,185,5,1,7,2,1,1,1,1,1783468783
2026-07-08T01:04:24Z,186,4,3,14,1,0,1,1,1,1783472335
2026-07-08T01:04:24Z,187,4,0,23,2,0,1,1,1,1783472592
2026-07-08T01:04:24Z,188,17,2,0,10,0,1,1,1,1783472661
2026-07-08T01:04:24Z,189,7,1,8,0,0,1,1,1,1783472227
2026-07-08T01:04:24Z,190,2,1,21,0,0,1,1,1,1783472643
2026-07-08T01:04:24Z,191,4,4,32,3,0,1,1,1,1783472409
2026-07-08T01:04:24Z,192,12,11,19,0,0,1,1,1,1783472655
2026-07-08T01:04:24Z,193,4,4,10,1,0,1,1,1,1783472576
2026-07-08T01:04:24Z,194,0,0,15,0,0,1,1,1,1783472356
2026-07-08T01:04:24Z,195,2,0,17,0,0,1,1,1,1783472610
2026-07-08T01:04:24Z,196,2,2,25,0,0,1,1,1,1783472537
2026-07-08T01:04:24Z,197,7,1,11,0,1,1,1,1,1783472387
2026-07-08T01:04:24Z,198,0,0,23,0,0,1,1,1,1783471041
2026-07-08T01:04:24Z,199,0,0,12,3,0,1,1,1,1783472312
2026-07-08T01:04:24Z,200,1,1,25,0,0,1,1,1,1783472590
2026-07-08T01:04:24Z,201,2,2,21,0,0,1,1,1,1783471825
2026-07-08T01:04:24Z,202,0,0,21,0,0,0,1,1,1783093344
2026-07-08T01:04:24Z,203,3,0,28,0,0,1,1,1,1783472607
2026-07-08T01:04:24Z,204,34,1,1,0,0,1,1,1,1783472591
2026-07-08T01:04:24Z,205,0,0,7,7,13,1,1,1,1783472662
2026-07-08T01:04:24Z,206,10,2,3,2,0,1,1,1,1783472645
2026-07-08T01:04:24Z,207,4,0,17,0,0,1,1,1,1783472651
2026-07-08T01:04:24Z,208,2,0,25,2,0,1,1,1,1783472341
2026-07-08T01:04:24Z,209,24,0,6,1,0,1,1,1,1783472262
2026-07-08T01:04:24Z,210,5,3,21,1,0,1,1,1,1783472530
2026-07-08T01:04:24Z,211,9,2,14,0,0,1,1,1,1783472615
2026-07-08T01:04:24Z,212,14,1,21,0,0,1,1,1,1783472477
2026-07-08T01:04:24Z,213,20,0,2,1,0,1,1,1,1783472662
2026-07-08T01:04:24Z,214,30,13,14,3,0,1,1,1,1783472461
2026-07-08T01:04:24Z,215,4,3,19,0,0,1,1,1,1783472442
2026-07-08T01:04:24Z,216,16,1,3,0,0,1,1,1,1783472428
2026-07-08T01:04:24Z,217,27,5,1,1,0,1,1,1,1783472646
2026-07-08T01:04:24Z,218,31,4,2,6,0,1,1,1,1783472603
2026-07-08T01:04:24Z,219,0,0,3,0,0,0,1,1,1783102064
2026-07-08T01:04:24Z,220,28,2,14,1,0,1,1,1,1783472442
2026-07-08T01:04:24Z,221,13,8,1,0,0,1,1,1,1783472429
2026-07-08T01:04:24Z,222,17,10,1,1,0,1,1,1,1783472510
2026-07-08T01:04:24Z,223,1,0,30,4,0,1,1,1,1783472397
2026-07-08T01:04:24Z,224,2,2,19,1,0,1,1,1,1783472571
2026-07-08T01:04:24Z,225,2,1,13,4,0,1,1,1,1783472605
2026-07-08T01:04:24Z,226,3,0,27,1,0,1,1,1,1783472619
2026-07-08T01:04:24Z,227,11,7,15,1,0,1,1,1,1783472288
2026-07-08T01:04:24Z,228,6,5,13,0,0,1,1,1,1783472535
2026-07-08T01:04:24Z,230,20,2,3,0,0,1,1,1,1783472547
2026-07-08T01:04:24Z,232,15,3,3,1,0,1,1,1,1783471959
2026-07-08T01:04:24Z,233,16,2,14,1,0,1,1,1,1783472252
2026-07-08T01:04:24Z,234,7,4,8,3,1,1,1,1,1783472573
2026-07-08T01:04:24Z,236,2,1,16,1,0,1,1,1,1783471686
2026-07-08T01:04:24Z,237,8,1,13,2,0,1,1,1,1783472497
2026-07-08T01:04:24Z,239,3,1,22,2,0,1,1,1,1783472632
2026-07-08T01:04:24Z,241,12,6,9,2,0,1,1,1,1783472340
2026-07-08T01:04:24Z,242,3,0,17,3,0,1,1,1,1783472338
2026-07-08T01:04:24Z,243,10,4,17,4,0,1,1,1,1783472617
2026-07-08T01:04:24Z,244,6,2,20,1,0,1,1,1,1783472582
2026-07-08T01:04:24Z,245,5,2,17,1,0,1,1,1,1783472494
2026-07-08T01:04:24Z,246,0,0,23,0,0,1,1,1,1783470557
2026-07-08T01:04:24Z,247,1,1,20,2,0,1,1,1,1783472384
2026-07-08T01:04:24Z,248,4,2,15,4,0,1,1,1,1783472350
2026-07-08T01:04:24Z,249,6,0,12,1,0,1,1,1,1783472544
2026-07-08T01:04:24Z,250,1,1,25,1,0,1,1,1,1783472363
2026-07-08T01:04:24Z,251,4,2,23,0,0,1,1,1,1783472499
2026-07-08T01:04:24Z,253,5,2,14,0,0,1,1,1,1783472260
2026-07-08T01:04:24Z,254,9,1,26,8,0,1,1,1,1783472447
2026-07-08T01:04:24Z,255,10,0,13,0,0,1,1,1,1783472571
2026-07-08T01:04:24Z,256,20,12,3,0,0,1,1,1,1783472524
2026-07-08T01:04:24Z,257,14,6,5,0,0,1,1,1,1783472579
2026-07-08T01:04:24Z,258,2,2,15,2,0,1,1,1,1783472499
2026-07-08T01:04:24Z,259,5,5,17,1,0,1,1,1,1783472103
2026-07-08T01:04:24Z,260,6,3,12,1,0,1,1,1,1783472394
2026-07-08T01:04:24Z,261,18,3,0,1,0,1,1,1,1783472522
2026-07-08T01:04:24Z,262,17,10,4,2,0,1,1,1,1783472662
2026-07-08T01:04:24Z,263,10,2,5,0,0,1,1,1,1783472440
2026-07-08T01:04:24Z,264,15,5,4,0,0,1,1,1,1783472601
2026-07-08T01:04:24Z,265,2,2,13,0,0,1,1,1,1783472127
2026-07-08T01:04:24Z,266,8,2,8,3,0,1,1,1,1783472339
2026-07-08T01:04:24Z,267,9,1,5,1,0,1,1,1,1783459155
2026-07-08T01:04:24Z,268,4,2,18,1,0,1,1,1,1783470936
2026-07-08T01:04:24Z,269,3,2,20,0,0,1,1,1,1783472203
2026-07-08T01:04:24Z,270,20,7,7,0,0,1,1,1,1783472291
2026-07-08T01:04:24Z,271,3,0,14,2,0,1,1,1,1783472551
2026-07-08T01:04:24Z,272,9,4,14,0,0,1,1,1,1783472080
2026-07-08T01:04:24Z,273,8,4,7,0,0,1,1,1,1783472492
2026-07-08T01:04:24Z,274,1,1,17,1,0,1,1,1,1783472144
2026-07-08T01:04:24Z,275,4,1,19,0,0,1,1,1,1783472090
2026-07-08T01:04:24Z,276,9,1,17,0,1,1,1,1,1783471456
2026-07-08T01:04:24Z,277,0,0,21,2,0,1,1,1,1783472441
2026-07-08T01:04:24Z,278,4,1,25,1,1,1,1,1,1783472632
2026-07-08T01:04:24Z,279,1,0,18,0,0,1,1,1,1783472619
2026-07-08T01:04:24Z,280,9,1,19,3,0,1,1,1,1783472631
2026-07-08T01:04:24Z,281,6,0,17,0,0,1,1,1,1783472593
2026-07-08T01:04:24Z,282,14,5,2,0,0,1,1,1,1783471888
2026-07-08T01:04:24Z,283,4,1,31,0,0,1,1,1,1783472450
2026-07-08T01:04:24Z,284,19,3,14,2,0,1,1,1,1783472452
2026-07-08T01:04:24Z,285,1,0,21,1,0,1,1,1,1783472266
2026-07-08T01:04:24Z,286,6,4,15,2,0,1,1,1,1783472549
2026-07-08T01:04:24Z,287,20,6,1,2,0,1,1,1,1783472108
2026-07-08T01:04:24Z,288,7,1,11,1,0,1,1,1,1783472020
2026-07-08T01:04:24Z,289,1,1,24,2,0,1,1,1,1783472619
2026-07-08T01:04:24Z,290,7,0,30,2,0,1,1,1,1783472611
2026-07-08T01:04:24Z,291,18,0,5,0,0,1,1,1,1783472613
2026-07-08T01:04:24Z,292,3,1,20,0,0,1,1,1,1783472246
2026-07-08T01:04:24Z,293,10,4,11,2,0,1,1,1,1783472611
2026-07-08T01:04:24Z,294,1,1,20,1,0,1,1,1,1783472618
2026-07-08T01:04:24Z,297,10,3,7,2,0,1,1,1,1783472444
2026-07-08T01:04:24Z,301,17,1,1,1,0,1,1,1,1783472171
2026-07-08T01:04:24Z,302,21,4,0,2,0,1,1,1,1783472617
2026-07-08T01:04:24Z,303,12,0,6,1,0,1,1,1,1783472526
2026-07-08T01:04:24Z,304,0,0,0,0,0,0,1,1,86400
2026-07-08T01:04:24Z,305,18,0,0,1,0,1,1,1,1783471633
2026-07-08T01:04:24Z,306,15,0,17,0,0,1,1,1,1783472312
2026-07-08T01:04:24Z,307,22,0,0,1,0,1,1,1,1783472622
2026-07-08T01:04:24Z,308,14,0,4,1,0,1,1,1,1783471896
2026-07-08T01:04:24Z,309,7,0,5,1,0,1,1,1,1783472077
2026-07-08T01:04:24Z,311,4,0,10,1,0,1,1,1,1783472146
2026-07-08T01:04:24Z,312,10,4,9,3,1,1,1,1,1783471656
2026-07-08T01:04:24Z,313,4,0,11,0,0,1,1,1,1783470709
2026-07-08T01:04:24Z,314,14,2,4,1,0,1,1,1,1783471390
2026-07-08T01:04:24Z,315,0,0,31,0,0,0,1,1,1783017696
2026-07-08T01:04:24Z,316,13,0,1,1,0,1,1,1,1783472128
2026-07-08T01:04:24Z,317,4,2,23,4,0,1,1,1,1783472578
2026-07-08T01:04:24Z,318,11,5,5,1,0,1,1,1,1783471971
2026-07-08T01:04:24Z,319,15,10,11,1,0,1,1,1,1783472468
2026-07-08T01:04:24Z,320,8,3,11,0,0,1,1,1,1783472268
2026-07-08T01:04:24Z,321,8,0,9,2,0,1,1,1,1783472130
2026-07-08T01:04:24Z,322,13,0,16,0,0,1,1,1,1783472574
2026-07-08T01:04:24Z,323,11,0,8,0,0,1,1,1,1783472125
2026-07-08T01:04:24Z,324,1,0,25,1,0,1,1,1,1783472609
2026-07-08T01:04:24Z,325,2,0,23,2,0,1,1,1,1783471635
2026-07-08T01:04:24Z,327,1,0,23,1,2,1,1,1,1783472315
2026-07-08T01:04:24Z,328,11,2,12,0,0,1,1,1,1783472622
2026-07-08T01:04:24Z,329,8,2,10,1,0,1,1,1,1783472076
2026-07-08T01:04:24Z,330,2,0,20,0,0,1,1,1,1783471949
2026-07-08T01:04:24Z,331,5,0,18,0,0,1,1,1,1783472599
2026-07-08T01:04:24Z,332,7,5,10,2,0,1,1,1,1783471259
2026-07-08T01:04:24Z,333,15,3,6,2,0,1,1,1,1783472451
2026-07-08T01:04:24Z,334,11,2,12,0,0,1,1,1,1783472350
2026-07-08T01:04:24Z,335,8,4,15,0,0,1,1,1,1783471240
2026-07-08T01:04:24Z,336,10,0,9,0,0,1,1,1,1783472303
2026-07-08T01:04:24Z,337,6,1,15,2,0,1,1,1,1783472471
2026-07-08T01:04:24Z,338,6,0,13,0,0,1,1,1,1783471809
2026-07-08T01:04:24Z,339,3,3,19,1,0,1,1,1,1783472659
2026-07-08T01:04:24Z,340,8,3,6,1,0,1,1,1,1783472426
2026-07-08T01:04:24Z,341,12,7,7,0,0,1,1,1,1783472582
2026-07-08T01:04:24Z,342,15,1,0,0,0,1,1,1,1783470216
2026-07-08T01:04:24Z,343,0,0,21,2,0,1,1,1,1783472600
2026-07-08T01:04:24Z,344,5,3,17,1,0,1,1,1,1783472556
2026-07-08T01:04:24Z,345,9,0,9,1,0,1,1,1,1783472602
2026-07-08T01:04:24Z,346,0,0,23,0,0,1,1,1,1783470936
2026-07-08T01:04:24Z,347,18,2,28,1,0,1,1,1,1783472641
2026-07-08T01:04:24Z,348,6,1,15,2,0,1,1,1,1783472162
2026-07-08T01:04:24Z,349,1,0,15,3,0,1,1,1,1783472644
2026-07-08T01:04:24Z,350,22,1,2,2,1,1,1,1,1783472655
2026-07-08T01:04:24Z,351,22,1,0,1,0,1,1,1,1783472434
2026-07-08T01:04:24Z,355,8,0,12,3,0,1,1,1,1783472198
2026-07-08T01:04:24Z,356,3,0,16,0,0,1,1,1,1783472505
2026-07-08T01:04:24Z,357,17,5,1,1,0,1,1,1,1783471976
2026-07-08T01:04:24Z,358,0,0,7,5,13,0,1,1,1782961435
2026-07-08T01:04:24Z,359,24,1,2,1,0,1,1,1,1783472362
2026-07-08T01:04:24Z,360,5,1,14,0,0,1,1,1,1783471797
2026-07-08T01:04:24Z,362,15,2,2,1,0,1,1,1,1783471801
2026-07-08T01:04:24Z,363,18,1,9,0,0,1,1,1,1783472662
2026-07-08T01:04:24Z,364,8,0,9,1,1,1,1,1,1783472659
2026-07-08T01:04:24Z,365,11,4,11,1,0,1,1,1,1783472065
2026-07-08T01:04:24Z,366,10,9,10,3,0,1,1,1,1783472643
2026-07-08T01:04:24Z,367,9,1,10,0,0,1,1,1,1783472224
2026-07-08T01:04:24Z,368,10,1,13,0,0,1,1,1,1783472661
2026-07-08T01:04:24Z,370,9,8,17,1,0,1,1,1,1783472560
2026-07-08T01:04:24Z,371,5,1,12,2,0,1,1,1,1783472310
2026-07-08T01:04:24Z,372,8,1,6,1,0,1,1,1,1783472514
2026-07-08T01:04:24Z,373,13,3,9,4,0,1,1,1,1783471946
2026-07-08T01:04:24Z,374,10,3,7,1,0,1,1,1,1783472093
2026-07-08T01:04:24Z,375,3,2,24,0,0,1,1,1,1783472371
2026-07-08T01:04:24Z,376,23,10,15,1,0,1,1,1,1783472651
2026-07-08T01:04:24Z,377,9,5,16,2,0,1,1,1,1783472226
2026-07-08T01:04:24Z,378,19,1,5,0,0,1,1,1,1783472385
2026-07-08T01:04:24Z,379,26,0,1,0,0,1,1,1,1783472556
2026-07-08T01:04:24Z,380,10,2,13,0,0,1,1,1,1783472279
2026-07-08T01:04:24Z,381,19,0,4,0,0,1,1,1,1783472568
2026-07-08T01:04:24Z,383,3,0,12,0,0,1,1,1,1783471437
2026-07-08T01:04:24Z,384,2,0,16,1,0,1,1,1,1783472574
2026-07-08T01:04:24Z,385,8,2,9,1,0,1,1,1,1783472356
2026-07-08T01:04:24Z,387,3,0,20,0,0,1,1,1,1783472615
2026-07-08T01:04:24Z,388,3,0,44,2,0,1,1,1,1783472342
2026-07-08T01:04:24Z,389,1,1,13,1,0,1,1,1,1783472657
2026-07-08T01:04:24Z,390,7,0,19,1,0,1,1,1,1783472063
2026-07-08T01:04:24Z,391,5,4,9,1,0,1,1,1,1783471983
2026-07-08T01:04:24Z,392,4,3,15,0,0,1,1,1,1783470223
2026-07-08T01:04:24Z,393,1,1,10,0,0,1,1,1,1783472555
2026-07-08T01:04:24Z,394,6,2,8,0,1,1,1,1,1783472146
2026-07-08T01:04:24Z,396,2,0,38,2,0,1,1,1,1783472658
2026-07-08T01:04:24Z,397,3,0,28,0,0,1,1,1,1783470843
2026-07-08T01:04:24Z,399,7,1,10,0,0,1,1,1,1783472528
2026-07-08T01:04:24Z,400,4,2,16,3,0,1,1,1,1783472180
2026-07-08T01:04:24Z,401,10,0,21,0,0,1,1,1,1783472007
2026-07-08T01:04:24Z,403,9,0,20,2,0,1,1,1,1783472644
2026-07-08T01:04:24Z,404,17,0,6,0,0,1,1,1,1783472609
2026-07-08T01:04:24Z,406,30,1,4,1,0,1,1,1,1783472237
2026-07-08T01:04:24Z,407,1,0,31,2,0,1,1,1,1783471111
2026-07-08T01:04:24Z,408,0,0,31,2,0,1,1,1,1783472528
2026-07-08T01:04:24Z,409,0,0,23,0,0,1,1,1,1783470308
2026-07-08T01:04:24Z,413,18,5,4,1,0,1,1,1,1783472467
2026-07-08T01:04:24Z,414,3,0,11,1,0,1,1,1,1783472470
2026-07-08T01:04:24Z,417,4,0,15,0,0,1,1,1,1783470896
2026-07-08T01:04:24Z,418,1,0,14,0,0,1,1,1,1783468792
2026-07-08T01:04:24Z,419,6,2,16,1,0,1,1,1,1783472129
2026-07-08T01:04:24Z,421,18,1,1,0,0,1,1,1,1783472598
2026-07-08T01:04:24Z,422,4,1,20,3,0,1,1,1,1783472470
2026-07-08T01:04:24Z,423,8,0,15,0,0,1,1,1,1783472579
2026-07-08T01:04:24Z,424,3,1,10,2,0,1,1,1,1783472569
2026-07-08T01:04:24Z,425,9,0,13,0,0,1,1,1,1783472255
2026-07-08T01:04:24Z,426,1,0,34,2,0,1,1,1,1783470575
2026-07-08T01:04:24Z,427,9,1,5,0,1,1,1,1,1783472264
2026-07-08T01:04:24Z,428,15,0,3,1,0,1,1,1,1783472413
2026-07-08T01:04:24Z,429,3,1,17,3,0,1,1,1,1783472640
2026-07-08T01:04:24Z,430,22,0,9,0,0,1,1,1,1783472646
2026-07-08T01:04:24Z,431,22,0,5,4,2,1,1,1,1783471655
2026-07-08T01:04:24Z,432,21,1,10,0,0,1,1,1,1783472655
2026-07-08T01:04:24Z,433,10,1,11,2,0,1,1,1,1783472083
2026-07-08T01:04:24Z,437,1,1,17,2,0,1,1,1,1783472652
2026-07-08T01:04:24Z,438,6,1,11,2,0,1,1,1,1783472649
2026-07-08T01:04:24Z,439,6,1,9,0,0,1,1,1,1783472134
2026-07-08T01:04:24Z,440,0,0,13,2,0,1,1,1,1783472317
2026-07-08T01:04:24Z,441,0,0,15,0,0,1,1,1,1783472609
2026-07-08T01:04:24Z,442,6,4,13,0,0,1,1,1,1783472633
2026-07-08T01:04:24Z,443,6,0,21,0,0,1,1,1,1783448962
2026-07-08T01:04:24Z,444,5,3,17,1,0,1,1,1,1783468032
2026-07-08T01:04:24Z,445,6,5,15,2,0,1,1,1,1783471829
2026-07-08T01:04:24Z,446,0,0,23,0,0,1,1,1,1783470582
2026-07-08T01:04:24Z,447,6,2,15,2,0,1,1,1,1783471325
2026-07-08T01:04:24Z,448,8,2,4,2,1,1,1,1,1783472457
2026-07-08T01:04:24Z,452,15,1,3,1,0,1,1,1,1783472648
2026-07-08T01:04:24Z,453,6,2,8,1,0,1,1,1,1783472410
2026-07-08T01:04:24Z,454,16,0,1,2,0,1,1,1,1783472549
2026-07-08T01:04:24Z,455,1,0,37,0,0,1,1,1,1783472557
2026-07-08T01:04:24Z,456,10,2,11,2,0,1,1,1,1783472657
2026-07-08T01:04:24Z,457,2,0,24,1,0,1,1,1,1783471798
2026-07-08T01:04:24Z,458,7,6,15,1,0,1,1,1,1783472278
2026-07-08T01:04:24Z,459,5,3,10,0,0,1,1,1,1783472395
2026-07-08T01:04:24Z,460,22,3,1,0,0,1,1,1,1783471938
2026-07-08T01:04:24Z,461,6,1,13,0,0,1,1,1,1783472516
2026-07-08T01:04:24Z,462,13,0,6,2,0,1,1,1,1783472293
2026-07-08T01:04:24Z,463,9,3,10,0,0,1,1,1,1783471878
2026-07-08T01:04:24Z,464,3,2,9,2,0,1,1,1,1783472630
2026-07-08T01:04:24Z,465,1,1,14,0,0,1,1,1,1783470436
2026-07-08T01:04:24Z,466,4,0,10,1,0,1,1,1,1783472180
2026-07-08T01:04:24Z,467,4,0,11,0,0,1,1,1,1783472497
2026-07-08T01:04:24Z,468,1,0,17,1,0,1,1,1,1783470660
2026-07-08T01:04:24Z,469,0,0,22,0,1,1,1,1,1783470986
2026-07-08T01:04:24Z,470,13,3,2,0,0,1,1,1,1783471923
2026-07-08T01:04:24Z,471,21,0,6,0,0,1,1,1,1783472539
2026-07-08T01:04:24Z,472,11,1,7,1,0,1,1,1,1783471573
2026-07-08T01:04:24Z,473,9,2,10,0,0,1,1,1,1783472622
2026-07-08T01:04:24Z,474,9,0,10,0,0,1,1,1,1783472568
2026-07-08T01:04:24Z,475,6,1,12,1,0,1,1,1,1783472651
2026-07-08T01:04:24Z,476,16,0,6,1,0,1,1,1,1783472600
2026-07-08T01:04:24Z,477,2,2,12,1,0,1,1,1,1783472639
2026-07-08T01:04:24Z,478,15,1,13,3,0,1,1,1,1783472429
2026-07-08T01:04:24Z,479,4,2,21,2,0,1,1,1,1783472549
2026-07-08T01:04:24Z,480,11,3,2,2,0,1,1,1,1783471459
2026-07-08T01:04:24Z,481,28,0,7,0,0,1,1,1,1783472385
2026-07-08T01:04:24Z,482,2,0,17,0,0,1,1,1,1783470082
2026-07-08T01:04:24Z,483,22,0,5,0,0,1,1,1,1783472657
2026-07-08T01:04:24Z,484,1,0,18,0,0,1,1,1,1783471556
2026-07-08T01:04:24Z,485,18,7,0,1,0,1,1,1,1783472398
2026-07-08T01:04:24Z,486,9,1,18,0,0,1,1,1,1783472470
2026-07-08T01:04:24Z,487,7,7,10,2,0,1,1,1,1783472502
2026-07-08T01:04:24Z,489,7,2,6,2,0,1,1,1,1783471832
2026-07-08T01:04:24Z,490,1,0,15,0,0,1,1,1,1783471462
2026-07-08T01:04:24Z,491,12,0,8,1,0,1,1,1,1783472418
2026-07-08T01:04:24Z,492,6,1,2,3,0,1,1,1,1783469274
2026-07-08T01:04:24Z,493,1,0,25,1,0,1,1,1,1783471975
2026-07-08T01:04:24Z,495,2,1,12,1,0,1,1,1,1783472642
2026-07-08T01:04:24Z,496,20,1,6,1,0,1,1,1,1783472623
2026-07-08T01:04:24Z,497,13,0,6,0,0,1,1,1,1783472042
2026-07-08T01:04:24Z,498,9,4,13,1,0,1,1,1,1783472605
2026-07-08T01:04:24Z,499,6,2,12,1,0,1,1,1,1783472572
2026-07-08T01:04:24Z,500,2,1,13,0,0,1,1,1,1783472475
2026-07-08T01:04:24Z,501,11,1,8,2,0,1,1,1,1783472577
2026-07-08T01:04:24Z,502,2,1,17,0,0,1,1,1,1783472269
2026-07-08T01:04:24Z,503,23,1,7,1,0,1,1,1,1783472458
2026-07-08T01:04:24Z,504,0,0,39,0,0,1,1,1,1783472619
2026-07-08T01:04:24Z,505,13,2,4,1,0,1,1,1,1783472653
2026-07-08T01:04:24Z,511,1,0,22,0,0,1,1,1,1783472392
2026-07-08T01:04:24Z,512,14,3,5,0,0,1,1,1,1783471078
2026-07-08T01:04:24Z,514,4,0,5,2,0,1,1,1,1783472193
2026-07-08T01:04:24Z,515,5,1,14,0,0,1,1,1,1783471647
2026-07-08T01:04:24Z,516,0,0,27,0,0,1,1,1,1783469752
2026-07-08T01:04:24Z,517,14,2,7,2,0,1,1,1,1783472420
2026-07-08T01:04:24Z,518,15,1,0,0,0,1,1,1,1783471543
2026-07-08T01:04:24Z,519,9,1,9,1,0,1,1,1,1783472288
2026-07-08T01:04:24Z,520,19,1,6,1,1,1,1,1,1783472431
2026-07-08T01:04:24Z,521,15,7,8,0,0,1,1,1,1783472592
2026-07-08T01:04:24Z,522,20,0,2,1,0,1,1,1,1783472167
2026-07-08T01:04:24Z,523,6,1,16,1,0,1,1,1,1783472346
2026-07-08T01:04:24Z,524,12,1,11,0,0,1,1,1,1783472566
2026-07-08T01:04:24Z,525,11,0,8,0,0,1,1,1,1783472612
2026-07-08T01:04:24Z,526,7,1,6,2,0,1,1,1,1783471595
2026-07-08T01:04:24Z,527,3,3,22,1,0,1,1,1,1783472018
2026-07-08T01:04:24Z,528,4,1,17,2,0,1,1,1,1783472420
2026-07-08T01:04:24Z,529,6,4,6,7,0,1,1,1,1783472648
2026-07-08T01:04:24Z,530,20,2,1,0,0,1,1,1,1783472391
2026-07-08T01:04:24Z,531,15,1,6,1,1,1,1,1,1783472182
2026-07-08T01:04:24Z,532,3,2,27,1,0,1,1,1,1783470646
2026-07-08T01:04:24Z,533,9,1,9,1,0,1,1,1,1783472541
2026-07-08T01:04:24Z,534,0,0,21,2,0,1,1,1,1783470487
2026-07-08T01:04:24Z,535,3,1,11,1,0,1,1,1,1783472276
2026-07-08T01:04:24Z,536,10,2,13,0,0,1,1,1,1783472077
2026-07-08T01:04:24Z,537,1,0,20,0,0,1,1,1,1783472656
2026-07-08T01:04:24Z,538,10,4,9,0,0,1,1,1,1783471291
2026-07-08T01:04:24Z,539,7,7,23,1,0,1,1,1,1783472490
2026-07-08T01:04:24Z,540,0,0,19,0,0,1,1,1,1783472226
2026-07-08T01:04:24Z,541,12,2,15,0,0,1,1,1,1783472349
2026-07-08T01:04:24Z,542,4,4,19,0,0,1,1,1,1783471093
2026-07-08T01:04:24Z,543,13,0,5,1,0,1,1,1,1783472319
2026-07-08T01:04:24Z,544,14,1,7,1,0,1,1,1,1783472642
2026-07-08T01:04:24Z,545,7,0,6,6,0,1,1,1,1783472455
2026-07-08T01:04:24Z,546,2,2,16,1,0,1,1,1,1783472151
2026-07-08T01:04:24Z,547,2,2,19,2,0,1,1,1,1783472589
2026-07-08T01:04:24Z,548,14,1,8,1,0,1,1,1,1783472605
2026-07-08T01:04:24Z,549,9,0,12,0,0,1,1,1,1783472640
2026-07-08T01:04:24Z,550,2,1,17,0,0,1,1,1,1783472213
2026-07-08T01:04:24Z,551,19,5,4,0,0,1,1,1,1783470946
2026-07-08T01:04:24Z,552,21,2,6,0,0,1,1,1,1783472656
2026-07-08T01:04:24Z,553,10,2,11,2,0,1,1,1,1783472471
2026-07-08T01:04:24Z,554,0,0,19,0,0,1,1,1,1783468615
2026-07-08T01:04:24Z,555,10,3,4,1,0,1,1,1,1783472104
2026-07-08T01:04:24Z,556,3,1,19,1,0,1,1,1,1783472315
2026-07-08T01:04:24Z,557,3,1,18,2,0,1,1,1,1783472637
2026-07-08T01:04:24Z,558,7,1,28,2,0,1,1,1,1783472531
2026-07-08T01:04:24Z,559,0,0,18,1,0,1,1,1,1783471718
2026-07-08T01:04:24Z,560,8,0,18,1,0,1,1,1,1783472575
2026-07-08T01:04:24Z,561,14,1,8,1,0,1,1,1,1783472446
2026-07-08T01:04:24Z,562,21,3,13,1,0,1,1,1,1783472646
2026-07-08T01:04:24Z,563,3,0,10,1,0,1,1,1,1783471505
2026-07-08T01:04:24Z,564,14,1,5,0,0,1,1,1,1783470196
2026-07-08T01:04:24Z,565,8,0,11,0,0,1,1,1,1783472639
2026-07-08T01:04:24Z,566,18,0,0,1,0,1,1,1,1783472661
2026-07-08T01:04:24Z,567,25,1,1,1,0,1,1,1,1783472337
2026-07-08T01:04:24Z,568,17,1,1,1,0,1,1,1,1783471439
2026-07-08T01:04:24Z,569,14,1,5,0,0,1,1,1,1783472440
2026-07-08T01:04:24Z,570,12,1,7,0,0,1,1,1,1783471769
2026-07-08T01:04:24Z,571,11,1,12,0,0,1,1,1,1783472475
2026-07-08T01:04:24Z,572,6,1,12,1,0,1,1,1,1783472547
2026-07-08T01:04:24Z,573,8,1,6,1,0,1,1,1,1783472506
2026-07-08T01:04:24Z,574,2,1,12,1,0,1,1,1,1783472396
2026-07-08T01:04:24Z,575,3,0,17,1,0,1,1,1,1783472343
2026-07-08T01:04:24Z,576,0,0,19,0,0,1,1,1,1783472106
2026-07-08T01:04:24Z,577,14,0,17,0,0,1,1,1,1783472256
2026-07-08T01:04:24Z,578,5,3,18,0,0,1,1,1,1783471931
2026-07-08T01:04:24Z,579,41,1,2,0,0,1,1,1,1783472105
2026-07-08T01:04:24Z,580,0,0,30,1,0,1,1,1,1783472396
2026-07-08T01:04:24Z,581,1,0,17,1,0,1,1,1,1783472617
2026-07-08T01:04:24Z,582,2,0,56,2,0,1,1,1,1783472377
2026-07-08T01:04:24Z,583,18,0,3,2,0,1,1,1,1783472564
2026-07-08T01:04:24Z,584,2,2,13,4,0,1,1,1,1783471488
2026-07-08T01:04:24Z,585,21,3,5,0,0,1,1,1,1783472457
2026-07-08T01:04:24Z,586,9,0,25,1,0,1,1,1,1783472642
2026-07-08T01:04:24Z,587,8,1,16,1,0,1,1,1,1783472180
2026-07-08T01:04:24Z,588,1,0,18,0,0,1,1,1,1783467544
2026-07-08T01:04:24Z,589,15,9,8,0,0,1,1,1,1783472637
2026-07-08T01:04:24Z,590,3,0,27,1,0,1,1,1,1783472485
2026-07-08T01:04:24Z,591,1,0,19,2,0,1,1,1,1783471017
2026-07-08T01:04:24Z,592,2,0,21,0,0,1,1,1,1783472147
2026-07-08T01:04:24Z,593,0,0,39,0,0,1,1,1,1783470824
2026-07-08T01:04:24Z,594,3,0,17,1,0,1,1,1,1783472521
2026-07-08T01:04:24Z,595,0,0,3,0,0,0,1,1,1779985765
2026-07-08T01:04:24Z,605,0,0,3,0,0,0,1,1,1780413752
2026-07-08T01:04:24Z,606,0,0,0,0,0,0,1,1,86400
2026-07-08T01:04:24Z,607,7,0,26,0,0,1,1,1,1783472390
2026-07-08T01:04:24Z,608,0,0,51,1,0,1,1,1,1783472550
2026-07-08T01:04:24Z,609,1,0,22,0,0,1,1,1,1783472552
2026-07-08T01:04:24Z,610,0,0,35,0,0,1,1,1,1783470498
2026-07-08T01:04:24Z,611,0,0,25,2,0,1,1,1,1783470923
2026-07-08T01:04:24Z,612,1,0,14,0,0,1,1,1,1783469410
2026-07-08T01:04:24Z,613,12,3,2,1,0,1,1,1,1783466858
2026-07-08T01:04:24Z,614,1,1,24,1,1,1,1,1,1783470402
2026-07-08T01:04:24Z,617,9,0,4,2,0,1,1,1,1783472336
2026-07-08T01:04:24Z,618,16,4,1,2,0,1,1,1,1783472152
2026-07-08T01:04:24Z,619,8,1,11,0,0,1,1,1,1783472399
2026-07-08T01:04:24Z,620,0,0,22,1,0,1,1,1,1783471543
2026-07-08T01:04:24Z,621,4,0,19,0,0,1,1,1,1783472504
2026-07-08T01:04:24Z,622,4,3,18,1,0,1,1,1,1783472390
2026-07-08T01:04:24Z,623,5,2,23,1,1,1,1,1,1783472482
2026-07-08T01:04:24Z,624,6,0,8,0,1,1,1,1,1783472600
2026-07-08T01:04:24Z,625,2,0,16,3,0,1,1,1,1783471934
2026-07-08T01:04:24Z,626,2,0,42,0,2,1,1,1,1783472579
2026-07-08T01:04:24Z,627,4,1,13,0,0,1,1,1,1783471302
2026-07-08T01:04:24Z,628,0,0,18,0,1,1,1,1,1783472015
2026-07-08T01:04:24Z,629,10,6,0,1,0,1,1,1,1783472065
2026-07-08T01:04:24Z,630,20,0,4,3,0,1,1,1,1783472610
2026-07-08T01:04:24Z,631,0,0,23,0,0,1,1,1,1783471027
2026-07-08T01:04:24Z,632,21,0,0,2,0,1,1,1,1783472124
2026-07-08T01:04:24Z,633,11,0,1,2,1,1,1,1,1783471984
2026-07-08T01:04:24Z,634,11,0,7,1,0,1,1,1,1783471604
2026-07-08T01:04:24Z,635,15,1,3,1,0,1,1,1,1783472636
2026-07-08T01:04:24Z,636,6,0,9,0,0,1,1,1,1783470196
2026-07-08T01:04:24Z,637,11,4,7,1,0,1,1,1,1783470739
2026-07-08T01:04:24Z,638,3,1,14,2,0,1,1,1,1783472520
2026-07-08T01:04:24Z,639,0,0,0,3,16,0,1,1,1782287204
2026-07-08T01:04:24Z,640,0,0,22,1,0,1,1,1,1783467951
2026-07-08T01:04:24Z,641,17,2,10,0,0,1,1,1,1783472152
2026-07-08T01:04:24Z,642,3,1,14,2,0,1,1,1,1783472605
2026-07-08T01:04:24Z,643,0,0,27,0,0,1,1,1,1783468938
2026-07-08T01:04:24Z,644,4,0,5,5,1,1,1,1,1783472629
2026-07-08T01:04:24Z,645,6,0,15,1,1,1,1,1,1783471808
2026-07-08T01:04:24Z,646,11,1,6,2,0,1,1,1,1783472564
2026-07-08T01:04:24Z,647,19,0,11,1,0,1,1,1,1783472545
2026-07-08T01:04:24Z,648,14,1,2,3,0,1,1,1,1783471612
2026-07-08T01:04:24Z,649,2,2,27,2,0,1,1,1,1783471405
2026-07-08T01:04:24Z,650,6,2,9,1,0,1,1,1,1783471549
2026-07-08T01:04:24Z,651,2,0,20,1,0,1,1,1,1783472301
2026-07-08T01:04:24Z,652,1,0,19,3,0,1,1,1,1783472510
2026-07-08T01:04:24Z,653,10,1,5,4,0,1,1,1,1783472435
2026-07-08T01:04:24Z,654,3,1,11,1,0,1,1,1,1783471345
2026-07-08T01:04:24Z,655,7,1,7,0,0,1,1,1,1783467692
2026-07-08T01:04:24Z,656,16,1,3,0,0,1,1,1,1783472595
2026-07-08T01:04:24Z,657,10,3,6,1,0,1,1,1,1783468142
2026-07-08T01:04:24Z,658,1,0,22,0,0,1,1,1,1783470048
2026-07-08T01:04:24Z,659,2,1,13,0,0,1,1,1,1783468742
2026-07-08T01:04:24Z,660,20,1,10,1,0,1,1,1,1783472262
2026-07-08T01:04:24Z,661,0,0,16,3,0,1,1,1,1783472385
2026-07-08T01:04:24Z,662,3,0,19,1,0,1,1,1,1783471190
2026-07-08T01:04:24Z,663,8,1,6,0,0,1,1,1,1783471993
2026-07-08T01:04:24Z,664,9,0,18,0,0,1,1,1,1783472333
2026-07-08T01:04:24Z,665,5,3,10,0,0,1,1,1,1783472314
2026-07-08T01:04:24Z,666,6,1,9,0,0,1,1,1,1783470228
2026-07-08T01:04:24Z,667,14,1,0,3,0,1,1,1,1783472540
2026-07-08T01:04:24Z,668,10,1,8,1,0,1,1,1,1783472515
2026-07-08T01:04:24Z,669,14,4,0,0,0,1,1,1,1783471190
2026-07-08T01:04:24Z,670,11,1,12,4,0,1,1,1,1783472376
2026-07-08T01:04:24Z,671,25,0,2,0,0,1,1,1,1783472628
2026-07-08T01:04:24Z,672,17,0,1,5,0,1,1,1,1783472585
2026-07-08T01:04:24Z,673,7,0,15,0,0,1,1,1,1783471450
2026-07-08T01:04:24Z,674,2,0,20,1,0,1,1,1,1783472616
2026-07-08T01:04:24Z,675,2,2,11,2,0,1,1,1,1783472601
2026-07-08T01:04:24Z,676,9,0,12,1,1,1,1,1,1783472623
2026-07-08T01:04:24Z,681,3,3,8,4,0,1,1,1,1783472638
2026-07-08T01:04:24Z,682,10,5,8,1,0,1,1,1,1783471712
2026-07-08T01:04:24Z,683,12,1,7,0,0,1,1,1,1783472147
2026-07-08T01:04:24Z,684,9,3,16,2,0,1,1,1,1783466614
2026-07-08T01:04:24Z,685,3,2,23,0,1,1,1,1,1783467432
2026-07-08T01:04:24Z,686,12,2,13,1,1,1,1,1,1783472524
2026-07-08T01:04:24Z,687,5,1,22,3,1,1,1,1,1783472377
2026-07-08T01:04:24Z,688,17,2,1,1,0,1,1,1,1783465995
2026-07-08T01:04:24Z,692,13,12,6,2,0,1,1,1,1783472153
2026-07-08T01:04:24Z,693,9,4,2,0,0,1,1,1,1783471858
2026-07-08T01:04:24Z,694,7,7,11,3,0,1,1,1,1783472042
2026-07-08T01:04:24Z,695,7,4,14,2,0,1,1,1,1783472588
2026-07-08T01:04:24Z,696,19,17,3,1,0,1,1,1,1783472623
2026-07-08T01:04:24Z,697,11,0,12,0,0,1,1,1,1783472564
2026-07-08T01:04:24Z,698,5,0,21,1,0,1,1,1,1783472212
2026-07-08T01:04:24Z,699,4,1,9,2,0,1,1,1,1783472170
2026-07-08T01:04:24Z,700,14,1,5,0,0,1,1,1,1783472437
2026-07-08T01:04:24Z,701,3,0,16,0,0,1,1,1,1783472459
2026-07-08T01:04:24Z,702,0,0,22,1,0,1,1,1,1783472188
2026-07-08T01:04:24Z,703,11,2,12,0,0,1,1,1,1783460353
2026-07-08T01:04:24Z,704,7,0,8,0,0,1,1,1,1783472501
2026-07-08T01:04:24Z,705,0,0,11,4,0,1,1,1,1783471986
2026-07-08T01:04:24Z,706,4,1,10,1,0,1,1,1,1783472348
2026-07-08T01:04:24Z,707,10,3,3,2,0,1,1,1,1783472059
2026-07-08T01:04:24Z,708,3,0,16,0,0,1,1,1,1783472057
2026-07-08T01:04:24Z,709,13,2,1,1,0,1,1,1,1783472308
2026-07-08T01:04:24Z,710,9,2,10,0,0,1,1,1,1783472410
2026-07-08T01:04:24Z,711,6,4,8,5,0,1,1,1,1783472554
2026-07-08T01:04:24Z,712,14,3,0,1,0,1,1,1,1783472061
2026-07-08T01:04:24Z,713,20,9,0,3,0,1,1,1,1783472530
2026-07-08T01:04:24Z,716,3,0,12,0,0,1,1,1,1783472048
2026-07-08T01:04:24Z,717,1,1,17,7,0,1,1,1,1783472182
2026-07-08T01:04:24Z,718,1,1,14,0,0,1,1,1,1783471908
2026-07-08T01:04:24Z,719,14,0,15,0,0,1,1,1,1783472553
2026-07-08T01:04:24Z,720,0,0,17,2,0,1,1,1,1783471985
2026-07-08T01:04:24Z,721,7,1,15,1,0,1,1,1,1783472647
2026-07-08T01:04:24Z,722,14,1,0,1,0,1,1,1,1783472076
2026-07-08T01:04:24Z,723,2,2,16,5,0,1,1,1,1783472168
2026-07-08T01:04:24Z,724,5,2,18,0,0,1,1,1,1783472307
2026-07-08T01:04:24Z,725,21,0,2,0,0,1,1,1,1783472646
2026-07-08T01:04:24Z,726,9,1,8,2,0,1,1,1,1783472319
2026-07-08T01:04:24Z,727,9,0,13,1,0,1,1,1,1783472585
2026-07-08T01:04:24Z,728,5,0,6,4,0,1,1,1,1783471976
2026-07-08T01:04:24Z,729,8,0,10,1,0,1,1,1,1783472661
2026-07-08T01:04:24Z,730,4,0,11,0,0,1,1,1,1783472522
2026-07-08T01:04:24Z,731,1,0,14,0,0,1,1,1,1783472450
2026-07-08T01:04:24Z,732,6,1,9,0,0,1,1,1,1783471999
2026-07-08T01:04:24Z,733,3,0,24,0,0,1,1,1,1783472314
2026-07-08T01:04:24Z,734,7,1,7,0,0,1,1,1,1783471897
2026-07-08T01:04:24Z,735,1,1,26,0,0,1,1,1,1783471547
2026-07-08T01:04:24Z,736,6,5,12,1,0,1,1,1,1783472031
2026-07-08T01:04:24Z,737,3,2,11,1,0,1,1,1,1783471994
2026-07-08T01:04:24Z,738,9,0,9,1,0,1,1,1,1783472077
2026-07-08T01:04:24Z,739,9,3,15,3,0,1,1,1,1783472319
2026-07-08T01:04:24Z,741,10,2,11,2,0,1,1,1,1783472144
2026-07-08T01:04:24Z,742,5,3,31,3,0,1,1,1,1783472394
2026-07-08T01:04:24Z,743,9,4,10,0,0,1,1,1,1783472079
2026-07-08T01:04:24Z,744,4,2,10,1,0,1,1,1,1783472060
2026-07-08T01:04:24Z,745,11,4,7,1,0,1,1,1,1783472108
2026-07-08T01:04:24Z,746,17,3,5,1,0,1,1,1,1783472310
2026-07-08T01:04:24Z,747,0,0,19,0,0,0,1,1,1783446606
2026-07-08T01:04:24Z,748,13,3,9,1,0,1,1,1,1783472200
2026-07-08T01:04:24Z,749,11,0,12,0,0,1,1,1,1783472040
2026-07-08T01:04:24Z,750,3,0,5,3,0,1,1,1,1783472656
2026-07-08T01:04:24Z,751,0,0,23,0,0,1,1,1,1783472372
2026-07-08T01:04:24Z,752,3,2,13,1,0,1,1,1,1783472434
2026-07-08T01:04:24Z,753,6,0,7,2,0,1,1,1,1783472251
2026-07-08T01:04:24Z,754,4,3,10,1,0,1,1,1,1783471902
2026-07-08T01:04:24Z,755,4,2,13,2,0,1,1,1,1783472627
2026-07-08T01:04:24Z,756,0,0,36,1,0,1,1,1,1783472424
2026-07-08T01:04:24Z,757,0,0,19,0,0,1,1,1,1783472588
2026-07-08T01:04:24Z,758,2,2,21,0,0,1,1,1,1783472162
2026-07-08T01:04:24Z,759,1,0,13,1,0,1,1,1,1783472022
2026-07-08T01:04:24Z,760,6,1,12,1,0,1,1,1,1783472040
2026-07-08T01:04:24Z,761,8,2,15,0,0,1,1,1,1783472162
2026-07-08T01:04:24Z,762,5,4,7,3,0,1,1,1,1783472152
2026-07-08T01:04:24Z,768,7,0,8,4,0,1,1,1,1783472015
2026-07-08T01:04:24Z,769,17,7,0,1,0,1,1,1,1783472013
2026-07-08T01:04:24Z,770,4,0,15,0,0,1,1,1,1783470078
2026-07-08T01:04:24Z,771,10,0,5,0,0,1,1,1,1783471940
2026-07-08T01:04:24Z,772,8,3,7,0,0,1,1,1,1783471955
2026-07-08T01:04:24Z,773,12,3,6,1,0,1,1,1,1783472179
2026-07-08T01:04:24Z,774,2,0,11,2,0,1,1,1,1783472071
2026-07-08T01:04:24Z,775,12,3,4,3,0,1,1,1,1783471335
2026-07-08T01:04:24Z,776,5,0,15,1,0,1,1,1,1783472159
2026-07-08T01:04:24Z,777,4,0,10,1,0,1,1,1,1783472634
2026-07-08T01:04:24Z,778,11,0,6,2,0,1,1,1,1783472264
2026-07-08T01:04:24Z,779,11,3,7,1,0,1,1,1,1783472523
2026-07-08T01:04:24Z,780,17,4,0,2,0,1,1,1,1783472552
2026-07-08T01:04:24Z,781,2,0,5,4,0,1,1,1,1783471850
2026-07-08T01:04:24Z,782,2,0,15,2,0,1,1,1,1783472071
2026-07-08T01:04:24Z,783,9,5,8,2,0,1,1,1,1783472020
2026-07-08T01:04:24Z,784,17,3,1,1,0,1,1,1,1783472305
2026-07-08T01:04:24Z,785,10,6,4,4,0,1,1,1,1783472190
2026-07-08T01:04:24Z,786,5,1,12,2,0,1,1,1,1783472114
2026-07-08T01:04:24Z,787,4,1,10,1,0,1,1,1,1783471935
2026-07-08T01:04:24Z,788,6,0,9,0,0,1,1,1,1783471973
2026-07-08T01:04:24Z,789,11,0,1,3,0,1,1,1,1783472040
2026-07-08T01:04:24Z,790,1,0,21,1,0,1,1,1,1783472136
2026-07-08T01:04:24Z,791,7,0,12,0,0,1,1,1,1783472299
2026-07-08T01:04:24Z,793,8,2,4,3,0,1,1,1,1783472262
2026-07-08T01:04:24Z,794,0,0,29,0,0,1,1,1,1783472187
2026-07-08T01:04:24Z,796,0,0,16,3,0,1,1,1,1783472072
2026-07-08T01:04:24Z,797,6,1,8,1,0,1,1,1,1783472530
2026-07-08T01:04:24Z,798,0,0,24,1,0,1,1,1,1783472296
2026-07-08T01:04:24Z,799,3,0,15,1,0,1,1,1,1783472036
2026-07-08T01:04:24Z,800,11,0,10,0,0,1,1,1,1783472071
2026-07-08T01:04:24Z,801,0,0,21,0,0,1,1,1,1783472122
2026-07-08T01:04:24Z,802,1,0,29,1,0,1,1,1,1783472223
2026-07-08T01:04:24Z,803,2,2,13,0,0,1,1,1,1783472356
2026-07-08T01:04:24Z,806,2,2,9,4,0,1,1,1,1783472600
2026-07-08T01:04:24Z,807,2,2,23,0,0,1,1,1,1783472165
2026-07-08T01:04:24Z,808,1,1,22,2,0,1,1,1,1783469208
2026-07-08T01:04:24Z,809,4,1,18,1,0,1,1,1,1783472168
2026-07-08T01:04:24Z,810,3,2,13,3,0,1,1,1,1783472045
2026-07-08T01:04:24Z,815,5,2,9,1,0,1,1,1,1783472132
2026-07-08T01:04:24Z,817,3,0,2,10,0,1,1,1,1783472171
2026-07-08T01:04:24Z,818,5,1,17,1,0,1,1,1,1783472158
2026-07-08T01:04:24Z,819,2,2,10,3,0,1,1,1,1783471961
2026-07-08T01:04:24Z,820,8,0,8,1,0,1,1,1,1783471956
2026-07-08T01:04:24Z,821,9,6,4,2,0,1,1,1,1783472010
2026-07-08T01:04:24Z,822,3,2,20,0,0,1,1,1,1783472659
2026-07-08T01:04:24Z,823,13,0,0,2,0,1,1,1,1783472436
2026-07-08T01:04:24Z,824,6,2,5,8,0,1,1,1,1783472517
2026-07-08T01:04:24Z,825,7,0,8,0,0,1,1,1,1783471951
2026-07-08T01:04:24Z,826,7,0,11,1,0,1,1,1,1783471961
2026-07-08T01:04:24Z,827,7,0,12,2,0,1,1,1,1783472151
2026-07-08T01:04:24Z,828,3,3,14,1,0,1,1,1,1783472142
2026-07-08T01:04:24Z,829,7,2,18,2,0,1,1,1,1783472186
2026-07-08T01:04:24Z,830,13,0,9,1,0,1,1,1,1783472179
2026-07-08T01:04:24Z,831,2,1,13,0,0,1,1,1,1783471891
2026-07-08T01:04:24Z,832,15,3,1,2,0,1,1,1,1783472027
2026-07-08T01:04:24Z,833,6,3,11,2,0,1,1,1,1783471986
2026-07-08T01:04:24Z,834,21,0,0,3,0,1,1,1,1783472565
2026-07-08T01:04:24Z,835,10,0,8,0,0,1,1,1,1783472150
2026-07-08T01:04:24Z,837,7,1,1,7,0,1,1,1,1783471934
2026-07-08T01:04:24Z,838,3,1,10,2,0,1,1,1,1783472297
2026-07-08T01:04:24Z,839,19,3,10,0,0,1,1,1,1783472361
2026-07-08T01:04:24Z,840,11,5,17,1,0,1,1,1,1783472520
2026-07-08T01:04:24Z,841,8,4,7,0,0,1,1,1,1783471768
2026-07-08T01:04:24Z,842,3,2,19,0,0,1,1,1,1783472132
2026-07-08T01:04:24Z,843,6,0,23,2,0,1,1,1,1783472252
2026-07-08T01:04:24Z,844,12,2,10,1,0,1,1,1,1783472357
2026-07-08T01:04:24Z,845,3,0,15,1,0,1,1,1,1783472030
2026-07-08T01:04:24Z,846,1,0,15,2,0,1,1,1,1783472042
2026-07-08T01:04:24Z,847,3,0,24,0,0,1,1,1,1783472207
2026-07-08T01:04:24Z,848,0,0,18,1,0,1,1,1,1783472426
2026-07-08T01:04:24Z,849,1,1,10,3,0,1,1,1,1783471465
2026-07-08T01:04:24Z,850,4,0,5,2,0,1,1,1,1783471885
2026-07-08T01:04:24Z,851,3,2,33,1,0,1,1,1,1783472381
2026-07-08T01:04:24Z,852,8,2,11,0,0,1,1,1,1783472437
2026-07-08T01:04:24Z,853,12,2,10,1,0,1,1,1,1783472158
2026-07-08T01:04:24Z,854,3,1,12,0,0,1,1,1,1783472049
2026-07-08T01:04:24Z,855,10,1,16,1,0,1,1,1,1783472611
2026-07-08T01:04:24Z,857,1,1,16,2,0,1,1,1,1783471991
2026-07-08T01:04:24Z,858,1,0,16,2,0,1,1,1,1783472029
2026-07-08T01:04:24Z,859,4,0,14,3,0,1,1,1,1783472049
2026-07-08T01:04:24Z,861,1,0,9,1,0,1,1,1,1783471892
2026-07-08T01:04:24Z,862,3,1,12,0,0,1,1,1,1783471915
2026-07-08T01:04:24Z,863,9,3,9,1,0,1,1,1,1783472082
2026-07-08T01:04:24Z,866,6,0,13,0,0,1,1,1,1783472308
2026-07-08T01:04:24Z,867,13,0,1,1,0,1,1,1,1783471889
2026-07-08T01:04:24Z,868,15,4,0,0,0,1,1,1,1783471958
2026-07-08T01:04:24Z,870,11,3,4,0,0,1,1,1,1783471958
2026-07-08T01:04:24Z,871,1,0,9,1,0,1,1,1,1783471891
2026-07-08T01:04:24Z,872,9,2,4,2,0,1,1,1,1783471984
2026-07-08T01:04:24Z,873,0,0,31,2,0,1,1,1,1783472298
2026-07-08T01:04:24Z,874,1,0,13,1,0,1,1,1,1783472542
2026-07-08T01:04:24Z,875,8,3,7,0,0,1,1,1,1783472047
2026-07-08T01:04:24Z,877,5,4,12,2,0,1,1,1,1783472060
2026-07-08T01:04:24Z,878,8,0,11,0,0,1,1,1,1783472073
2026-07-08T01:04:24Z,879,5,1,12,2,0,1,1,1,1783472065
2026-07-08T01:04:24Z,880,12,2,11,0,0,1,1,1,1783472162
2026-07-08T01:04:24Z,881,2,0,14,3,0,1,1,1,1783472247
2026-07-08T01:04:24Z,882,12,4,6,1,0,1,1,1,1783472036
2026-07-08T01:04:24Z,883,11,5,8,0,0,1,1,1,1783471995
2026-07-08T01:04:24Z,884,6,5,14,1,0,1,1,1,1783472125
2026-07-08T01:04:24Z,885,19,1,0,0,0,1,1,1,1783471992
2026-07-08T01:04:24Z,886,8,6,19,2,0,1,1,1,1783472234
2026-07-08T01:04:24Z,887,2,0,14,1,0,1,1,1,1783472514
2026-07-08T01:04:24Z,888,4,0,37,0,0,1,1,1,1783472578
2026-07-08T01:04:24Z,889,18,0,0,1,0,1,1,1,1783472108
2026-07-08T01:04:24Z,890,1,1,14,0,0,1,1,1,1783472001
2026-07-08T01:04:24Z,891,11,1,9,3,0,1,1,1,1783472113
2026-07-08T01:04:24Z,892,14,2,0,1,0,1,1,1,1783472024
2026-07-08T01:04:24Z,895,10,1,9,0,0,1,1,1,1783471981
2026-07-08T01:04:24Z,896,17,0,17,1,0,1,1,1,1783472604
2026-07-08T01:04:24Z,897,10,1,10,1,0,1,1,1,1783472110
2026-07-08T01:04:24Z,898,13,0,6,0,0,1,1,1,1783472024
2026-07-08T01:04:24Z,899,16,0,3,0,0,1,1,1,1783472574
2026-07-08T01:04:24Z,900,12,1,15,0,0,1,1,1,1783472497
2026-07-08T01:04:24Z,901,11,0,8,0,0,1,1,1,1783472224
2026-07-08T01:04:24Z,902,4,1,9,2,0,1,1,1,1783471954
2026-07-08T01:04:24Z,903,3,0,16,0,0,1,1,1,1783472016
2026-07-08T01:04:24Z,904,9,0,7,3,0,1,1,1,1783472040
2026-07-08T01:04:24Z,905,1,0,25,1,0,1,1,1,1783472234
2026-07-08T01:04:24Z,906,12,9,13,2,0,1,1,1,1783472207
2026-07-08T01:04:24Z,907,14,0,16,1,0,1,1,1,1783472484
2026-07-08T01:04:24Z,908,8,4,14,1,0,1,1,1,1783472368
2026-07-08T01:04:24Z,909,15,2,7,1,0,1,1,1,1783472601
2026-07-08T01:04:24Z,910,25,3,5,1,0,1,1,1,1783472620
2026-07-08T01:04:24Z,911,11,0,6,2,0,1,1,1,1783472030
2026-07-08T01:04:24Z,912,21,4,0,2,0,1,1,1,1783472124
2026-07-08T01:04:24Z,913,7,2,12,0,0,1,1,1,1783472000
2026-07-08T01:04:24Z,914,2,0,15,2,0,1,1,1,1783472620
2026-07-08T01:04:24Z,915,20,0,2,1,0,1,1,1,1783472412
2026-07-08T01:04:24Z,916,19,2,4,0,0,1,1,1,1783472487
2026-07-08T01:04:24Z,917,6,0,29,0,0,1,1,1,1783472505
2026-07-08T01:04:24Z,918,8,1,11,0,0,1,1,1,1783472660
2026-07-08T01:04:24Z,919,5,0,33,1,0,1,1,1,1783472576
2026-07-08T01:04:24Z,920,9,4,9,1,0,1,1,1,1783472014
2026-07-08T01:04:24Z,921,17,0,2,2,0,1,1,1,1783472493
2026-07-08T01:04:24Z,922,10,0,11,0,0,1,1,1,1783472339
2026-07-08T01:04:24Z,923,0,0,18,1,0,1,1,1,1783472381
2026-07-08T01:04:24Z,924,6,1,14,1,0,1,1,1,1783472067
2026-07-08T01:04:24Z,925,6,0,13,2,0,1,1,1,1783472062
2026-07-08T01:04:24Z,926,2,0,18,1,0,1,1,1,1783471770
2026-07-08T01:04:24Z,927,0,0,34,0,0,1,1,1,1783472282
2026-07-08T01:04:24Z,928,7,0,12,0,0,1,1,1,1783472390
2026-07-08T01:04:24Z,929,0,0,23,0,0,1,1,1,1783472632
2026-07-08T01:04:24Z,930,21,1,8,2,0,1,1,1,1783472655
2026-07-08T01:04:24Z,931,2,2,21,0,0,1,1,1,1783472382
2026-07-08T01:04:24Z,932,2,0,17,0,0,1,1,1,1783472023
2026-07-08T01:04:24Z,933,17,0,5,1,0,1,1,1,1783472508
2026-07-08T01:04:24Z,934,0,0,31,0,0,1,1,1,1783472215
2026-07-08T01:04:24Z,935,14,2,2,3,0,1,1,1,1783472540
2026-07-08T01:04:24Z,936,1,0,18,0,0,1,1,1,1783472568
2026-07-08T01:04:24Z,940,9,0,2,0,0,1,1,1,1783471410
2026-07-08T01:04:24Z,941,14,2,11,0,0,1,1,1,1783472065
2026-07-08T01:04:24Z,942,1,0,20,0,0,1,1,1,1783472543
2026-07-08T01:04:24Z,943,4,4,10,1,0,1,1,1,1783471906
2026-07-08T01:04:24Z,944,7,7,7,1,0,1,1,1,1783471960
2026-07-08T01:04:24Z,945,6,3,8,1,0,1,1,1,1783471951
2026-07-08T01:04:24Z,946,10,7,9,0,0,1,1,1,1783471988
2026-07-08T01:04:24Z,947,8,6,9,0,0,1,1,1,1783471944
2026-07-08T01:04:24Z,948,4,4,26,1,0,1,1,1,1783472251
2026-07-08T01:04:24Z,949,0,0,14,1,0,1,1,1,1783472386
2026-07-08T01:04:24Z,950,4,1,12,1,0,1,1,1,1783472547
2026-07-08T01:04:24Z,951,7,2,15,1,0,1,1,1,1783472113
2026-07-08T01:04:24Z,952,19,0,29,7,0,1,1,1,1783472653
2026-07-08T01:04:24Z,953,13,0,1,1,0,1,1,1,1783472564
2026-07-08T01:04:24Z,954,16,3,3,0,0,1,1,1,1783472586
2026-07-08T01:04:24Z,955,4,3,17,6,0,1,1,1,1783472456
2026-07-08T01:04:24Z,956,14,2,3,2,0,1,1,1,1783472342
2026-07-08T01:04:24Z,957,29,5,0,0,0,1,1,1,1783472558
2026-07-08T01:04:24Z,958,13,0,16,2,0,1,1,1,1783472512
2026-07-08T01:04:24Z,959,16,6,6,1,0,1,1,1,1783472480
2026-07-08T01:04:24Z,960,21,1,1,1,0,1,1,1,1783472598
2026-07-08T01:04:24Z,961,3,0,16,4,0,1,1,1,1783472445
2026-07-08T01:04:24Z,962,2,2,26,7,0,1,1,1,1783472433
2026-07-08T01:04:24Z,963,16,0,7,0,0,1,1,1,1783472473
2026-07-08T01:04:24Z,964,17,10,5,1,0,1,1,1,1783472637
2026-07-08T01:04:24Z,965,8,1,17,2,0,1,1,1,1783472409
2026-07-08T01:04:24Z,966,24,1,6,1,0,1,1,1,1783472549
2026-07-08T01:04:24Z,967,16,0,2,3,0,1,1,1,1783472562
2026-07-08T01:04:24Z,968,14,0,5,0,0,1,1,1,1783472307
2026-07-08T01:04:24Z,969,18,7,7,2,0,1,1,1,1783472173
2026-07-08T01:04:24Z,970,13,5,5,1,0,1,1,1,1783472270
2026-07-08T01:04:24Z,971,21,1,0,2,0,1,1,1,1783472256
2026-07-08T01:04:24Z,972,19,1,4,0,0,1,1,1,1783472139
2026-07-08T01:04:24Z,973,1,0,21,1,0,1,1,1,1783472600
2026-07-08T01:04:24Z,974,2,0,24,1,0,1,1,1,1783472578
2026-07-08T01:04:24Z,977,1,1,18,2,0,1,1,1,1783472208
2026-07-08T01:04:24Z,978,10,3,13,0,0,1,1,1,1783472109
2026-07-08T01:04:24Z,979,1,0,13,3,0,1,1,1,1783471922
2026-07-08T01:04:24Z,980,1,1,20,0,0,1,1,1,1783472278
2026-07-08T01:04:24Z,981,18,0,2,1,0,1,1,1,1783472363
2026-07-08T01:04:24Z,982,4,1,15,0,0,1,1,1,1783472023
2026-07-08T01:04:24Z,983,0,0,23,0,0,1,1,1,1783472160
2026-07-08T01:04:24Z,984,20,8,0,3,0,1,1,1,1783472168
2026-07-08T01:04:24Z,985,7,0,23,1,0,1,1,1,1783472397
2026-07-08T01:04:24Z,986,9,8,10,0,0,1,1,1,1783472052
2026-07-08T01:04:24Z,987,3,0,19,1,0,1,1,1,1783472128
2026-07-08T01:04:24Z,988,5,0,12,2,0,1,1,1,1783472039
2026-07-08T01:04:24Z,989,14,10,3,2,0,1,1,1,1783472088
2026-07-08T01:04:24Z,990,6,1,8,1,0,1,1,1,1783471964
2026-07-08T01:04:24Z,991,16,9,3,0,0,1,1,1,1783472115
2026-07-08T01:04:24Z,992,4,2,18,1,0,1,1,1,1783472203
2026-07-08T01:04:24Z,993,0,0,25,2,0,1,1,1,1783472190
2026-07-08T01:04:24Z,994,1,0,18,2,0,1,1,1,1783472310
2026-07-08T01:04:24Z,995,0,0,27,0,0,1,1,1,1783472151
2026-07-08T01:04:24Z,996,9,4,12,2,0,1,1,1,1783472181
2026-07-08T01:04:24Z,997,6,2,12,5,0,1,1,1,1783472626
2026-07-08T01:04:24Z,998,5,1,18,0,0,1,1,1,1783472142
2026-07-08T01:04:24Z,999,7,2,12,1,1,1,1,1,1783472115
2026-07-08T01:04:24Z,1000,5,0,15,1,0,1,1,1,1783472070
2026-07-08T01:04:24Z,1001,1,0,26,0,0,1,1,1,1783472150
2026-07-08T01:04:24Z,1002,0,0,31,0,0,1,1,1,1783472207
2026-07-08T01:04:24Z,1003,0,0,23,0,0,1,1,1,1783472116
2026-07-08T01:04:24Z,1004,7,0,16,0,0,1,1,1,1783472366
2026-07-08T01:04:24Z,1005,5,2,17,1,0,1,1,1,1783472120
2026-07-08T01:04:24Z,1006,10,1,9,0,0,1,1,1,1783472040
2026-07-08T01:04:24Z,1007,2,0,18,1,0,1,1,1,1783472066
2026-07-08T01:04:24Z,1008,18,8,5,0,0,1,1,1,1783472155
2026-07-08T01:04:24Z,1009,5,1,24,2,0,1,1,1,1783472287
2026-07-08T01:04:24Z,1010,9,8,18,0,0,1,1,1,1783472194
2026-07-08T01:04:24Z,1011,2,1,15,2,0,1,1,1,1783472033
2026-07-08T01:04:24Z,1012,1,0,21,1,0,1,1,1,1783472127
2026-07-08T01:04:24Z,1013,4,2,18,1,0,1,1,1,1783472140
2026-07-08T01:04:24Z,1014,6,1,15,2,0,1,1,1,1783472115
2026-07-08T01:04:24Z,1015,8,3,23,0,0,1,1,1,1783472224
2026-07-08T01:04:24Z,1016,17,6,13,1,0,1,1,1,1783472246
2026-07-08T01:04:24Z,1017,8,0,12,1,0,1,1,1,1783472089
2026-07-08T01:04:24Z,1018,3,2,13,5,0,1,1,1,1783472123
2026-07-08T01:04:24Z,1019,13,1,1,1,0,1,1,1,1783471971
2026-07-08T01:04:24Z,1020,14,2,7,0,0,1,1,1,1783472085
2026-07-08T01:04:24Z,1021,12,6,3,0,0,1,1,1,1783471986
2026-07-08T01:04:24Z,1022,12,1,15,0,0,1,1,1,1783472162
2026-07-08T01:04:24Z,1023,13,0,10,0,0,1,1,1,1783472179
2026-07-08T01:04:24Z,1024,3,0,16,0,0,1,1,1,1783472026
2026-07-08T01:04:24Z,1025,15,1,4,0,0,1,1,1,1783472039
2026-07-08T01:04:24Z,1026,12,7,18,1,0,1,1,1,1783472240
2026-07-08T01:04:24Z,1028,16,4,7,0,0,1,1,1,1783472159
2026-07-08T01:04:24Z,1029,10,8,2,3,0,1,1,1,1783471984
2026-07-08T01:04:24Z,1030,17,5,6,0,0,1,1,1,1783472182
2026-07-08T01:04:24Z,1031,2,2,16,1,0,1,1,1,1783472040
2026-07-08T01:04:24Z,1032,9,3,10,0,0,1,1,1,1783472045
2026-07-08T01:04:24Z,1033,18,8,0,1,0,1,1,1,1783472086
2026-07-08T01:04:24Z,1034,8,0,7,0,0,1,1,1,1783471970
2026-07-08T01:04:24Z,1035,3,0,15,1,0,1,1,1,1783472339
2026-07-08T01:04:24Z,1036,14,4,1,0,0,1,1,1,1783471984
2026-07-08T01:04:24Z,1037,0,0,19,0,0,1,1,1,1783472030
2026-07-08T01:04:24Z,1038,1,0,14,0,0,1,1,1,1783472350
2026-07-08T01:04:24Z,1039,12,6,7,0,0,1,1,1,1783472053
2026-07-08T01:04:24Z,1040,0,0,18,1,0,1,1,1,1783472050
2026-07-08T01:04:24Z,1041,3,2,16,0,0,1,1,1,1783472028
2026-07-08T01:04:24Z,1042,9,2,6,0,0,1,1,1,1783471967
2026-07-08T01:04:24Z,1043,9,6,10,0,0,1,1,1,1783472050
2026-07-08T01:04:24Z,1044,0,0,15,0,0,1,1,1,1783471957
2026-07-08T01:04:24Z,1045,1,1,18,0,0,1,1,1,1783472422
2026-07-08T01:04:24Z,1046,7,0,5,3,0,1,1,1,1783472282
2026-07-08T01:04:24Z,1047,1,1,19,1,0,1,1,1,1783472059
2026-07-08T01:04:24Z,1048,15,1,4,0,0,1,1,1,1783472157
2026-07-08T01:04:24Z,1049,11,2,10,0,0,1,1,1,1783472096
2026-07-08T01:04:24Z,1050,14,1,5,2,0,1,1,1,1783472123
2026-07-08T01:04:24Z,1051,15,2,5,1,0,1,1,1,1783472102
2026-07-08T01:04:24Z,1052,12,1,10,0,0,1,1,1,1783472133
2026-07-08T01:04:24Z,1053,6,0,9,0,0,1,1,1,1783471974
2026-07-08T01:04:24Z,1054,11,3,4,0,0,1,1,1,1783472564
2026-07-08T01:04:24Z,1055,8,0,11,0,0,1,1,1,1783472036
2026-07-08T01:04:24Z,1057,5,0,14,0,0,1,1,1,1783472428
2026-07-08T01:04:24Z,1058,0,0,56,0,0,1,1,1,1783472627
2026-07-08T01:04:24Z,1059,5,2,14,0,0,1,1,1,1783472014
2026-07-08T01:04:24Z,1060,32,13,5,0,0,1,1,1,1783472446
2026-07-08T01:04:24Z,1061,0,0,37,0,0,1,1,1,1783472331
2026-07-08T01:04:24Z,1062,6,0,11,0,0,1,1,1,1783471925
2026-07-08T01:04:24Z,1063,13,3,4,2,0,1,1,1,1783472034
2026-07-08T01:04:24Z,1064,10,2,13,0,0,1,1,1,1783472114
2026-07-08T01:04:24Z,1065,10,2,11,2,0,1,1,1,1783472158
2026-07-08T01:04:24Z,1066,14,3,7,2,0,1,1,1,1783472180
2026-07-08T01:04:24Z,1067,7,0,13,3,0,1,1,1,1783472132
2026-07-08T01:04:24Z,1068,13,1,9,1,0,1,1,1,1783472123
2026-07-08T01:04:24Z,1069,3,0,19,1,0,1,1,1,1783472153
2026-07-08T01:04:24Z,1070,7,4,15,1,0,1,1,1,1783472131
2026-07-08T01:04:24Z,1071,0,0,22,1,0,1,1,1,1783472119
2026-07-08T01:04:24Z,1072,13,2,8,2,0,1,1,1,1783472165
2026-07-08T01:04:24Z,1073,0,0,26,1,0,1,1,1,1783472206
2026-07-08T01:04:24Z,1074,44,0,6,3,0,1,1,1,1783472659
2026-07-08T01:04:24Z,1075,10,9,11,0,0,1,1,1,1783472096
2026-07-08T01:04:24Z,1076,16,12,5,0,0,1,1,1,1783472083
2026-07-08T01:04:24Z,1077,10,9,11,0,0,1,1,1,1783472091
2026-07-08T01:04:24Z,1078,2,0,19,0,0,1,1,1,1783471790
2026-07-08T01:04:24Z,1079,10,8,11,0,0,1,1,1,1783472082
2026-07-08T01:04:24Z,1080,9,7,12,0,0,1,1,1,1783472113
2026-07-08T01:04:24Z,1081,14,10,5,0,0,1,1,1,1783472010
2026-07-08T01:04:24Z,1082,11,9,12,0,0,1,1,1,1783472065
2026-07-08T01:04:24Z,1083,11,8,10,0,0,1,1,1,1783472101
2026-07-08T01:04:24Z,1084,9,7,12,0,0,1,1,1,1783472167
2026-07-08T01:04:24Z,1085,10,9,11,0,0,1,1,1,1783472182
2026-07-08T01:04:24Z,1086,5,5,16,0,0,1,1,1,1783472287
2026-07-08T01:04:24Z,1087,11,10,4,0,0,1,1,1,1783472532
2026-07-08T01:04:24Z,1088,5,4,10,0,0,1,1,1,1783472397
2026-07-08T01:04:24Z,1089,11,9,4,0,0,1,1,1,1783471977
2026-07-08T01:04:24Z,1090,8,7,7,0,0,1,1,1,1783471978
2026-07-08T01:04:24Z,1091,10,8,5,0,0,1,1,1,1783471982
2026-07-08T01:04:24Z,1092,7,6,8,0,0,1,1,1,1783472015
2026-07-08T01:04:24Z,1093,9,7,6,0,0,1,1,1,1783471988
2026-07-08T01:04:24Z,1094,12,9,7,0,0,1,1,1,1783472020
2026-07-08T01:04:24Z,1095,8,6,7,0,0,1,1,1,1783471918
2026-07-08T01:04:24Z,1096,10,7,9,0,0,1,1,1,1783472072
2026-07-08T01:04:24Z,1097,9,9,6,0,0,1,1,1,1783472000
2026-07-08T01:04:24Z,1098,9,7,10,0,0,1,1,1,1783472430
2026-07-08T01:04:24Z,1099,10,8,5,0,0,1,1,1,1783471983
2026-07-08T01:04:24Z,1100,9,5,18,2,0,1,1,1,1783472225
2026-07-08T01:04:24Z,1101,12,7,8,1,0,1,1,1,1783472115
2026-07-08T01:04:24Z,1102,9,4,4,0,0,1,1,1,1783472263
2026-07-08T01:04:24Z,1103,10,5,9,2,0,1,1,1,1783472096
2026-07-08T01:04:24Z,1104,9,5,12,0,0,1,1,1,1783472083
2026-07-08T01:04:24Z,1105,6,2,5,2,0,1,1,1,1783471915
2026-07-08T01:04:24Z,1106,10,5,10,1,0,1,1,1,1783472093
2026-07-08T01:04:24Z,1107,9,4,5,1,0,1,1,1,1783471962
2026-07-08T01:04:24Z,1108,4,2,19,4,0,1,1,1,1783472166
2026-07-08T01:04:24Z,1109,10,5,5,0,0,1,1,1,1783471965
2026-07-08T01:04:24Z,1110,12,1,9,0,0,1,1,1,1783472081
2026-07-08T01:04:24Z,1111,4,0,17,0,0,1,1,1,1783472080
2026-07-08T01:04:24Z,1112,1,0,52,0,0,1,1,1,1783472552
2026-07-08T01:04:24Z,1113,2,2,19,0,0,1,1,1,1783472007
2026-07-08T01:04:24Z,1115,9,0,12,2,0,1,1,1,1783472454
2026-07-08T01:04:24Z,1116,1,0,18,0,0,1,1,1,1783472029
2026-07-08T01:04:24Z,1117,3,2,20,0,0,1,1,1,1783472107
2026-07-08T01:04:24Z,1118,17,1,4,0,0,1,1,1,1783472552
2026-07-08T01:04:24Z,1119,4,1,12,1,0,1,1,1,1783472008
2026-07-08T01:04:24Z,1120,15,1,1,3,0,1,1,1,1783472590
2026-07-08T01:04:24Z,1121,6,0,15,0,0,1,1,1,1783472659
2026-07-08T01:04:24Z,1122,9,3,11,1,0,1,1,1,1783472610
2026-07-08T01:04:24Z,1123,3,0,18,2,0,1,1,1,1783471200
2026-07-08T01:04:24Z,1124,8,0,6,1,0,1,1,1,1783472592
2026-07-08T01:04:24Z,1125,16,0,7,0,0,1,1,1,1783472130
2026-07-08T01:04:24Z,1126,6,1,14,1,0,1,1,1,1783472052
2026-07-08T01:04:24Z,1127,13,1,5,1,0,1,1,1,1783472026
2026-07-08T01:04:24Z,1128,13,2,1,1,0,1,1,1,1783471963
2026-07-08T01:04:24Z,1129,8,2,13,0,0,1,1,1,1783472641
2026-07-08T01:04:24Z,1130,9,0,5,1,0,1,1,1,1783472417
2026-07-08T01:04:24Z,1131,0,0,49,0,0,1,1,1,1783472546
2026-07-08T01:04:24Z,1132,10,0,9,2,0,1,1,1,1783472294
2026-07-08T01:04:24Z,1133,5,3,15,1,0,1,1,1,1783472559
2026-07-08T01:04:24Z,1134,10,4,8,1,0,1,1,1,1783472154
2026-07-08T01:04:24Z,1135,14,7,7,0,0,1,1,1,1783472614
2026-07-08T01:04:24Z,1136,19,0,3,1,0,1,1,1,1783472547
2026-07-08T01:04:24Z,1137,0,0,15,0,0,1,1,1,1783471951
2026-07-08T01:04:24Z,1138,15,0,4,0,0,1,1,1,1783472644
2026-07-08T01:04:24Z,1139,10,0,11,0,0,1,1,1,1783472098
2026-07-08T01:04:24Z,1140,12,1,9,2,0,1,1,1,1783472638
2026-07-08T01:04:24Z,1141,2,2,18,1,0,1,1,1,1783472643
2026-07-08T01:04:24Z,1142,5,0,16,0,0,1,1,1,1783472096
2026-07-08T01:04:24Z,1143,15,0,13,1,0,1,1,1,1783472555
2026-07-08T01:04:24Z,1144,3,1,17,1,0,1,1,1,1783400779
2026-07-08T01:04:24Z,1145,6,2,11,3,0,1,1,1,1783471020
2026-07-08T01:04:24Z,1146,0,0,19,0,0,1,1,1,1783472496
2026-07-08T01:04:24Z,1147,9,2,10,0,0,1,1,1,1783472578
2026-07-08T01:04:24Z,1148,10,2,20,1,0,1,1,1,1783472510
2026-07-08T01:04:24Z,1149,4,4,20,1,0,1,1,1,1783472594
2026-07-08T01:04:24Z,1150,18,1,0,1,0,1,1,1,1783472080
2026-07-08T01:04:24Z,1151,1,0,19,1,0,1,1,1,1783472049
2026-07-08T01:04:24Z,1152,10,0,17,2,0,1,1,1,1783472611
2026-07-08T01:04:24Z,1153,16,1,6,1,0,1,1,1,1783472077
2026-07-08T01:04:24Z,1154,2,0,15,2,0,1,1,1,1783472000
2026-07-08T01:04:24Z,1155,13,3,6,2,0,1,1,1,1783472659
2026-07-08T01:04:24Z,1158,9,0,10,0,0,1,1,1,1783472033
2026-07-08T01:04:24Z,1159,6,5,13,0,0,1,1,1,1783472655
2026-07-08T01:04:24Z,1160,12,2,6,1,0,1,1,1,1783470958
2026-07-08T01:04:24Z,1161,8,2,11,0,0,1,1,1,1783472066
2026-07-08T01:04:24Z,1162,12,4,6,1,0,1,1,1,1783472050
2026-07-08T01:04:24Z,1163,2,2,17,0,0,1,1,1,1783472015
2026-07-08T01:04:24Z,1164,8,0,11,0,0,1,1,1,1783472019
2026-07-08T01:04:24Z,1165,3,1,17,1,0,1,1,1,1783472585
2026-07-08T01:04:24Z,1166,2,0,18,0,0,1,1,1,1783472050
2026-07-08T01:04:24Z,1167,12,2,3,0,0,1,1,1,1783471954
2026-07-08T01:04:24Z,1168,1,1,22,0,0,1,1,1,1783472172
2026-07-08T01:04:24Z,1169,3,2,15,1,0,1,1,1,1783472031
2026-07-08T01:04:24Z,1170,8,5,13,0,0,1,1,1,1783472092
2026-07-08T01:04:24Z,1171,16,14,6,1,0,1,1,1,1783472164
2026-07-08T01:04:24Z,1172,9,3,4,2,0,1,1,1,1783471972
2026-07-08T01:04:24Z,1173,1,1,17,1,0,1,1,1,1783472035
2026-07-08T01:04:24Z,1174,2,0,12,1,0,1,1,1,1783472595
2026-07-08T01:04:24Z,1175,6,0,13,0,0,1,1,1,1783472010
2026-07-08T01:04:24Z,1176,19,5,2,0,0,1,1,1,1783472073
2026-07-08T01:04:24Z,1177,11,2,10,0,0,1,1,1,1783472065
2026-07-08T01:04:24Z,1178,4,0,9,2,0,1,1,1,1783472088
2026-07-08T01:04:24Z,1181,13,1,2,0,0,1,1,1,1783472335
2026-07-08T01:04:24Z,1182,4,1,16,0,0,1,1,1,1783472571
2026-07-08T01:04:24Z,1183,0,0,35,2,0,1,1,1,1783472325
2026-07-08T01:04:24Z,1184,16,6,3,2,0,1,1,1,1783472648
2026-07-08T01:04:24Z,1185,13,6,8,0,0,1,1,1,1783472093
2026-07-08T01:04:24Z,1186,9,5,9,1,0,1,1,1,1783472028
2026-07-08T01:04:24Z,1188,7,4,8,0,0,1,1,1,1783472290
2026-07-08T01:04:24Z,1189,10,5,9,0,0,1,1,1,1783471577
2026-07-08T01:04:24Z,1190,9,5,12,0,0,1,1,1,1783472066
2026-07-08T01:04:24Z,1191,8,4,6,1,0,1,1,1,1783472096
2026-07-08T01:04:24Z,1192,8,4,12,1,0,1,1,1,1783472119
2026-07-08T01:04:24Z,1193,3,1,9,1,0,1,1,1,1783471905
2026-07-08T01:04:24Z,1197,13,3,3,1,0,1,1,1,1783471936
2026-07-08T01:04:24Z,1198,15,9,6,0,0,1,1,1,1783472083
2026-07-08T01:04:24Z,1199,3,3,16,0,0,1,1,1,1783472015
2026-07-08T01:04:24Z,1200,11,4,4,0,0,1,1,1,1783471797
2026-07-08T01:04:24Z,1201,8,4,6,1,0,1,1,1,1783471821
2026-07-08T01:04:24Z,1202,9,5,6,0,0,1,1,1,1783471787
2026-07-08T01:04:24Z,1203,8,4,7,0,0,1,1,1,1783471792
2026-07-08T01:04:24Z,1218,7,4,14,0,0,1,1,1,1783472111
2026-07-08T01:04:24Z,1224,0,0,3,0,0,0,1,1,1781869449
2026-07-08T01:04:24Z,1225,0,0,3,0,0,0,1,1,1781868919
2026-07-08T01:04:24Z,1226,0,0,3,0,0,0,1,1,1781868931
2026-07-08T01:09:24Z,1,0,0,23,0,0,1,1,1,1783470556
2026-07-08T01:09:24Z,2,15,0,11,1,0,1,1,1,1783472679
2026-07-08T01:09:24Z,3,3,0,15,0,0,1,1,1,1783472922
2026-07-08T01:09:24Z,4,0,0,23,0,0,1,1,1,1783472283
2026-07-08T01:09:24Z,5,9,6,11,3,0,1,1,1,1783472933
2026-07-08T01:09:24Z,6,5,0,10,0,0,1,1,1,1783471519
2026-07-08T01:09:24Z,7,18,0,5,0,0,1,1,1,1783472728
2026-07-08T01:09:24Z,8,43,1,0,0,0,1,1,1,1783472904
2026-07-08T01:09:24Z,9,0,0,22,1,0,1,1,1,1783472385
2026-07-08T01:09:24Z,10,8,3,15,0,0,1,1,1,1783471067
2026-07-08T01:09:24Z,11,0,0,19,0,0,1,1,1,1783471838
2026-07-08T01:09:24Z,12,0,0,23,0,0,1,1,1,1783472217
2026-07-08T01:09:24Z,13,29,0,1,0,0,1,1,1,1783472435
2026-07-08T01:09:24Z,14,13,0,30,0,0,1,1,1,1783472951
2026-07-08T01:09:24Z,15,13,0,1,1,0,1,1,1,1783472552
2026-07-08T01:09:24Z,16,2,2,25,0,0,1,1,1,1783472700
2026-07-08T01:09:24Z,17,21,0,5,1,0,1,1,1,1783472872
2026-07-08T01:09:24Z,18,5,0,14,0,0,1,1,1,1783472708
2026-07-08T01:09:24Z,19,13,0,14,0,0,1,1,1,1783472854
2026-07-08T01:09:24Z,20,19,1,8,0,0,1,1,1,1783472922
2026-07-08T01:09:24Z,21,18,0,0,1,0,1,1,1,1783472921
2026-07-08T01:09:24Z,22,1,1,66,0,0,1,1,1,1783472846
2026-07-08T01:09:24Z,23,4,0,27,0,0,1,1,1,1783472934
2026-07-08T01:09:24Z,24,4,2,6,1,0,1,1,1,1783472953
2026-07-08T01:09:24Z,25,34,0,42,5,0,1,1,1,1783472929
2026-07-08T01:09:24Z,26,0,0,27,0,0,1,1,1,1783472222
2026-07-08T01:09:24Z,28,13,3,2,0,0,1,1,1,1783471859
2026-07-08T01:09:24Z,30,11,1,16,0,0,1,1,1,1783472858
2026-07-08T01:09:24Z,31,0,0,19,0,0,1,1,1,1783472357
2026-07-08T01:09:24Z,32,27,2,0,0,0,1,1,1,1783472719
2026-07-08T01:09:24Z,34,24,1,13,0,0,1,1,1,1783472770
2026-07-08T01:09:24Z,35,4,1,42,1,0,1,1,1,1783472836
2026-07-08T01:09:24Z,36,0,0,0,0,0,0,1,1,86400
2026-07-08T01:09:24Z,37,5,2,17,1,0,1,1,1,1783472850
2026-07-08T01:09:24Z,38,3,1,20,0,0,1,1,1,1783472575
2026-07-08T01:09:24Z,39,24,3,7,0,0,1,1,1,1783472815
2026-07-08T01:09:24Z,40,0,0,21,0,0,1,1,1,1783469847
2026-07-08T01:09:24Z,41,2,0,23,2,0,1,1,1,1783472770
2026-07-08T01:09:24Z,42,6,2,24,1,0,1,1,1,1783472744
2026-07-08T01:09:24Z,43,16,1,7,0,0,1,1,1,1783472669
2026-07-08T01:09:24Z,45,1,1,27,3,0,1,1,1,1783472897
2026-07-08T01:09:24Z,46,13,0,16,1,1,1,1,1,1783472931
2026-07-08T01:09:24Z,47,4,1,11,0,0,1,1,1,1783471814
2026-07-08T01:09:24Z,48,1,1,26,0,0,1,1,1,1783472832
2026-07-08T01:09:24Z,49,2,0,18,3,0,1,1,1,1783472946
2026-07-08T01:09:24Z,50,3,2,16,0,0,1,1,1,1783472586
2026-07-08T01:09:24Z,51,0,0,78,0,0,1,1,1,1783470549
2026-07-08T01:09:24Z,52,1,0,24,2,0,1,1,1,1783472935
2026-07-08T01:09:24Z,55,0,0,21,0,1,1,1,1,1783471961
2026-07-08T01:09:24Z,57,0,0,27,0,0,1,1,1,1783472823
2026-07-08T01:09:24Z,58,2,0,26,0,0,1,1,1,1783472732
2026-07-08T01:09:24Z,59,0,0,25,2,0,1,1,1,1783472084
2026-07-08T01:09:24Z,61,0,0,37,2,0,1,1,1,1783471871
2026-07-08T01:09:24Z,62,3,0,43,3,0,1,1,1,1783472824
2026-07-08T01:09:24Z,63,4,0,15,0,0,1,1,1,1783472949
2026-07-08T01:09:24Z,64,15,0,3,1,0,1,1,1,1783472849
2026-07-08T01:09:24Z,65,4,1,13,2,0,1,1,1,1783472255
2026-07-08T01:09:24Z,67,1,0,38,0,0,1,1,1,1783472934
2026-07-08T01:09:24Z,68,0,0,37,0,0,1,1,1,1783472440
2026-07-08T01:09:24Z,69,14,1,1,0,0,1,1,1,1783472913
2026-07-08T01:09:24Z,71,1,0,26,0,0,1,1,1,1783472883
2026-07-08T01:09:24Z,72,3,1,27,1,0,1,1,1,1783472671
2026-07-08T01:09:24Z,73,0,0,23,0,0,1,1,1,1783470373
2026-07-08T01:09:24Z,74,6,2,13,0,0,1,1,1,1783471037
2026-07-08T01:09:24Z,75,0,0,34,1,0,1,1,1,1783468816
2026-07-08T01:09:24Z,76,1,0,18,0,0,1,1,1,1783472868
2026-07-08T01:09:24Z,77,8,1,16,3,0,1,1,1,1783472940
2026-07-08T01:09:24Z,78,0,0,23,0,0,1,1,1,1783472252
2026-07-08T01:09:24Z,79,4,0,13,0,0,1,1,1,1783472050
2026-07-08T01:09:24Z,80,14,0,7,2,0,1,1,1,1783472918
2026-07-08T01:09:24Z,81,5,0,13,13,0,1,1,1,1783472948
2026-07-08T01:09:24Z,82,0,0,21,2,0,1,1,1,1783472757
2026-07-08T01:09:24Z,83,0,0,31,3,0,1,1,1,1783472892
2026-07-08T01:09:24Z,84,21,0,4,2,0,1,1,1,1783472783
2026-07-08T01:09:24Z,85,0,0,14,0,0,1,1,1,1783472951
2026-07-08T01:09:24Z,86,5,3,21,1,0,1,1,1,1783472892
2026-07-08T01:09:24Z,87,0,0,19,0,0,1,1,1,1783464851
2026-07-08T01:09:24Z,88,26,1,5,0,0,1,1,1,1783472879
2026-07-08T01:09:24Z,89,8,0,27,0,0,1,1,1,1783472881
2026-07-08T01:09:24Z,90,9,0,9,1,0,1,1,1,1783472830
2026-07-08T01:09:24Z,91,5,1,12,0,0,1,1,1,1783472544
2026-07-08T01:09:24Z,92,17,1,0,2,0,1,1,1,1783472869
2026-07-08T01:09:24Z,93,21,0,2,0,0,1,1,1,1783472718
2026-07-08T01:09:24Z,94,1,1,18,0,0,1,1,1,1783472736
2026-07-08T01:09:24Z,95,4,0,28,2,1,1,1,1,1783472950
2026-07-08T01:09:24Z,96,9,1,20,2,0,1,1,1,1783472842
2026-07-08T01:09:24Z,97,9,0,6,0,0,1,1,1,1783472208
2026-07-08T01:09:24Z,98,16,0,16,3,0,1,1,1,1783472943
2026-07-08T01:09:24Z,99,9,0,5,0,0,1,1,1,1783472763
2026-07-08T01:09:24Z,100,18,0,8,1,0,1,1,1,1783471865
2026-07-08T01:09:24Z,101,7,0,6,2,0,1,1,1,1783472859
2026-07-08T01:09:24Z,102,9,1,14,0,0,1,1,1,1783472666
2026-07-08T01:09:24Z,103,11,0,17,4,0,1,1,1,1783472765
2026-07-08T01:09:24Z,104,3,1,22,2,0,1,1,1,1783472835
2026-07-08T01:09:24Z,105,12,0,6,0,1,1,1,1,1783472707
2026-07-08T01:09:24Z,106,0,0,21,0,0,1,1,1,1783471878
2026-07-08T01:09:24Z,107,34,1,3,0,0,1,1,1,1783472523
2026-07-08T01:09:24Z,108,15,0,18,2,0,1,1,1,1783472726
2026-07-08T01:09:24Z,109,5,0,18,0,0,1,1,1,1783472875
2026-07-08T01:09:24Z,110,6,0,17,0,0,1,1,1,1783472928
2026-07-08T01:09:24Z,111,0,0,35,1,0,1,1,1,1783472085
2026-07-08T01:09:24Z,112,17,0,0,2,0,1,1,1,1783472909
2026-07-08T01:09:24Z,113,3,1,16,0,0,1,1,1,1783472834
2026-07-08T01:09:24Z,114,6,3,20,5,0,1,1,1,1783472719
2026-07-08T01:09:24Z,115,0,0,24,2,0,1,1,1,1783471769
2026-07-08T01:09:24Z,116,3,1,24,0,0,1,1,1,1783472808
2026-07-08T01:09:24Z,118,9,5,10,4,0,1,1,1,1783472349
2026-07-08T01:09:24Z,119,12,2,24,2,0,1,1,1,1783472877
2026-07-08T01:09:24Z,120,5,1,20,2,0,1,1,1,1783472330
2026-07-08T01:09:24Z,121,13,0,6,0,0,1,1,1,1783472944
2026-07-08T01:09:24Z,122,3,0,18,0,0,1,1,1,1783472871
2026-07-08T01:09:24Z,123,9,0,38,0,0,1,1,1,1783472727
2026-07-08T01:09:24Z,124,5,0,22,0,0,1,1,1,1783472894
2026-07-08T01:09:24Z,125,1,0,22,0,0,1,1,1,1783472854
2026-07-08T01:09:24Z,126,3,0,28,0,0,1,1,1,1783471685
2026-07-08T01:09:24Z,127,1,0,21,0,0,1,1,1,1783472479
2026-07-08T01:09:24Z,128,3,3,16,0,0,1,1,1,1783472841
2026-07-08T01:09:24Z,129,13,3,2,4,0,1,1,1,1783472948
2026-07-08T01:09:24Z,130,8,0,9,0,0,1,1,1,1783472348
2026-07-08T01:09:24Z,131,2,1,7,2,0,1,1,1,1783472365
2026-07-08T01:09:24Z,132,1,0,13,0,1,1,1,1,1783472931
2026-07-08T01:09:24Z,133,3,1,20,0,0,1,1,1,1783472724
2026-07-08T01:09:24Z,134,11,5,12,0,0,1,1,1,1783472875
2026-07-08T01:09:24Z,135,13,2,5,1,0,1,1,1,1783471830
2026-07-08T01:09:24Z,136,15,2,7,0,0,1,1,1,1783472458
2026-07-08T01:09:24Z,137,3,2,14,2,0,1,1,1,1783472731
2026-07-08T01:09:24Z,138,36,1,0,1,0,1,1,1,1783472621
2026-07-08T01:09:24Z,139,18,2,1,0,0,1,1,1,1783472713
2026-07-08T01:09:24Z,140,15,4,5,3,0,1,1,1,1783472954
2026-07-08T01:09:24Z,141,21,2,2,2,0,1,1,1,1783472916
2026-07-08T01:09:24Z,142,0,0,19,0,0,0,1,1,1782498468
2026-07-08T01:09:24Z,143,27,0,1,3,0,1,1,1,1783472946
2026-07-08T01:09:24Z,144,19,2,7,1,0,1,1,1,1783472875
2026-07-08T01:09:24Z,145,27,0,3,1,0,1,1,1,1783472950
2026-07-08T01:09:24Z,146,21,3,0,2,0,1,1,1,1783472948
2026-07-08T01:09:24Z,147,12,1,6,1,0,1,1,1,1783472779
2026-07-08T01:09:24Z,148,22,3,5,0,0,1,1,1,1783472819
2026-07-08T01:09:24Z,149,1,0,18,0,0,1,1,1,1783471707
2026-07-08T01:09:24Z,150,32,1,2,1,0,1,1,1,1783472897
2026-07-08T01:09:24Z,151,15,1,7,1,0,1,1,1,1783472750
2026-07-08T01:09:24Z,152,19,1,6,1,0,1,1,1,1783472856
2026-07-08T01:09:24Z,153,19,3,2,2,0,1,1,1,1783472695
2026-07-08T01:09:24Z,154,14,2,5,4,0,1,1,1,1783472918
2026-07-08T01:09:24Z,155,3,2,7,4,0,1,1,1,1783472948
2026-07-08T01:09:24Z,156,16,4,3,0,0,1,1,1,1783472846
2026-07-08T01:09:24Z,157,21,3,4,2,0,1,1,1,1783472855
2026-07-08T01:09:24Z,158,12,3,7,0,0,1,1,1,1783472269
2026-07-08T01:09:24Z,159,8,2,11,0,0,1,1,1,1783472904
2026-07-08T01:09:24Z,160,18,1,0,1,0,1,1,1,1783472944
2026-07-08T01:09:24Z,161,16,3,6,1,0,1,1,1,1783472942
2026-07-08T01:09:24Z,162,15,10,11,1,0,1,1,1,1783472867
2026-07-08T01:09:24Z,163,27,5,4,0,0,1,1,1,1783472505
2026-07-08T01:09:24Z,164,15,0,12,0,0,1,1,1,1783472594
2026-07-08T01:09:24Z,165,9,5,18,3,0,1,1,1,1783472952
2026-07-08T01:09:24Z,166,18,6,19,1,0,1,1,1,1783472941
2026-07-08T01:09:24Z,167,12,6,8,3,0,1,1,1,1783472943
2026-07-08T01:09:24Z,168,1,0,25,1,0,1,1,1,1783472838
2026-07-08T01:09:24Z,169,18,4,3,2,0,1,1,1,1783472357
2026-07-08T01:09:24Z,170,15,8,3,1,0,1,1,1,1783472706
2026-07-08T01:09:24Z,171,5,1,5,3,0,1,1,1,1783472691
2026-07-08T01:09:24Z,173,34,0,3,0,0,1,1,1,1783472882
2026-07-08T01:09:24Z,174,13,4,10,2,0,1,1,1,1783472932
2026-07-08T01:09:24Z,175,16,0,14,1,0,1,1,1,1783472937
2026-07-08T01:09:24Z,176,8,6,6,0,1,1,1,1,1783472931
2026-07-08T01:09:24Z,177,21,1,2,4,0,1,1,1,1783472828
2026-07-08T01:09:24Z,178,14,0,1,0,0,1,1,1,1783472899
2026-07-08T01:09:24Z,179,9,1,4,2,0,1,1,1,1783472922
2026-07-08T01:09:24Z,180,0,0,29,1,0,1,1,1,1783472920
2026-07-08T01:09:24Z,181,7,1,8,0,0,1,1,1,1783472549
2026-07-08T01:09:24Z,182,8,6,10,1,0,1,1,1,1783472280
2026-07-08T01:09:24Z,183,19,1,2,2,0,1,1,1,1783472776
2026-07-08T01:09:24Z,184,10,3,11,2,0,1,1,1,1783472879
2026-07-08T01:09:24Z,185,6,1,6,2,1,1,1,1,1783472895
2026-07-08T01:09:24Z,186,4,3,14,1,0,1,1,1,1783472335
2026-07-08T01:09:24Z,187,2,0,25,2,0,1,1,1,1783472870
2026-07-08T01:09:24Z,188,16,1,1,10,0,1,1,1,1783472945
2026-07-08T01:09:24Z,189,6,1,9,0,0,1,1,1,1783472728
2026-07-08T01:09:24Z,190,2,1,21,0,0,1,1,1,1783472643
2026-07-08T01:09:24Z,191,4,4,32,3,0,1,1,1,1783472724
2026-07-08T01:09:24Z,192,12,11,19,0,0,1,1,1,1783472655
2026-07-08T01:09:24Z,193,5,4,9,1,0,1,1,1,1783472722
2026-07-08T01:09:24Z,194,1,0,14,0,0,1,1,1,1783472760
2026-07-08T01:09:24Z,195,3,2,16,0,0,1,1,1,1783472938
2026-07-08T01:09:24Z,196,2,1,25,0,0,1,1,1,1783472939
2026-07-08T01:09:24Z,197,7,1,11,0,1,1,1,1,1783472387
2026-07-08T01:09:24Z,198,0,0,23,0,0,1,1,1,1783471041
2026-07-08T01:09:24Z,199,6,2,7,2,0,1,1,1,1783472953
2026-07-08T01:09:24Z,200,0,0,26,0,0,1,1,1,1783472686
2026-07-08T01:09:24Z,201,2,2,21,0,0,1,1,1,1783471825
2026-07-08T01:09:24Z,202,0,0,21,0,0,0,1,1,1783093344
2026-07-08T01:09:24Z,203,3,0,28,0,0,1,1,1,1783472888
2026-07-08T01:09:24Z,204,32,0,3,0,0,1,1,1,1783472947
2026-07-08T01:09:24Z,205,0,0,0,7,20,1,1,1,1783472796
2026-07-08T01:09:24Z,206,11,3,1,3,0,1,1,1,1783472952
2026-07-08T01:09:24Z,207,3,0,18,0,0,1,1,1,1783472758
2026-07-08T01:09:24Z,208,2,0,25,2,0,1,1,1,1783472341
2026-07-08T01:09:24Z,209,25,3,5,1,0,1,1,1,1783472926
2026-07-08T01:09:24Z,210,6,4,20,1,0,1,1,1,1783472885
2026-07-08T01:09:24Z,211,9,2,14,0,0,1,1,1,1783472615
2026-07-08T01:09:24Z,212,12,1,23,0,0,1,1,1,1783472739
2026-07-08T01:09:24Z,213,18,0,4,1,0,1,1,1,1783472784
2026-07-08T01:09:24Z,214,28,13,16,3,0,1,1,1,1783472944
2026-07-08T01:09:24Z,215,1,1,22,0,0,1,1,1,1783472938
2026-07-08T01:09:24Z,216,16,1,3,0,0,1,1,1,1783472428
2026-07-08T01:09:24Z,217,28,5,0,1,0,1,1,1,1783472828
2026-07-08T01:09:24Z,218,27,2,6,6,0,1,1,1,1783472882
2026-07-08T01:09:24Z,219,0,0,3,0,0,0,1,1,1783102064
2026-07-08T01:09:24Z,220,29,2,13,1,0,1,1,1,1783472894
2026-07-08T01:09:24Z,221,13,8,1,0,0,1,1,1,1783472429
2026-07-08T01:09:24Z,222,15,8,2,2,0,1,1,1,1783472879
2026-07-08T01:09:24Z,223,1,0,30,4,0,1,1,1,1783472712
2026-07-08T01:09:24Z,224,3,3,18,1,0,1,1,1,1783472879
2026-07-08T01:09:24Z,225,2,1,13,4,0,1,1,1,1783472863
2026-07-08T01:09:24Z,226,3,0,28,0,0,1,1,1,1783472767
2026-07-08T01:09:24Z,227,6,6,19,2,0,1,1,1,1783472948
2026-07-08T01:09:24Z,228,7,6,12,0,0,1,1,1,1783472828
2026-07-08T01:09:24Z,230,22,3,1,0,0,1,1,1,1783472953
2026-07-08T01:09:24Z,232,14,3,4,1,0,1,1,1,1783472775
2026-07-08T01:09:24Z,233,15,2,15,1,0,1,1,1,1783472845
2026-07-08T01:09:24Z,234,7,4,8,3,1,1,1,1,1783472573
2026-07-08T01:09:24Z,236,1,0,17,1,0,1,1,1,1783472912
2026-07-08T01:09:24Z,237,9,1,12,2,0,1,1,1,1783472673
2026-07-08T01:09:24Z,239,7,2,19,1,0,1,1,1,1783472951
2026-07-08T01:09:24Z,241,12,6,9,2,0,1,1,1,1783472340
2026-07-08T01:09:24Z,242,2,0,18,3,0,1,1,1,1783472731
2026-07-08T01:09:24Z,243,12,6,15,4,0,1,1,1,1783472835
2026-07-08T01:09:24Z,244,8,2,18,1,0,1,1,1,1783472907
2026-07-08T01:09:24Z,245,6,2,16,1,0,1,1,1,1783472802
2026-07-08T01:09:24Z,246,1,0,22,0,0,1,1,1,1783472916
2026-07-08T01:09:24Z,247,3,2,18,2,0,1,1,1,1783472752
2026-07-08T01:09:24Z,248,4,2,15,4,0,1,1,1,1783472350
2026-07-08T01:09:24Z,249,5,0,13,1,0,1,1,1,1783472672
2026-07-08T01:09:24Z,250,1,1,25,1,0,1,1,1,1783472363
2026-07-08T01:09:24Z,251,3,2,24,0,0,1,1,1,1783472900
2026-07-08T01:09:24Z,253,4,2,15,0,0,1,1,1,1783472915
2026-07-08T01:09:24Z,254,9,1,26,8,0,1,1,1,1783472760
2026-07-08T01:09:24Z,255,10,0,13,0,0,1,1,1,1783472571
2026-07-08T01:09:24Z,256,20,12,3,0,0,1,1,1,1783472947
2026-07-08T01:09:24Z,257,13,6,6,0,0,1,1,1,1783472776
2026-07-08T01:09:24Z,258,0,0,17,2,0,1,1,1,1783472941
2026-07-08T01:09:24Z,259,5,5,17,1,0,1,1,1,1783472103
2026-07-08T01:09:24Z,260,7,3,12,0,0,1,1,1,1783472906
2026-07-08T01:09:24Z,261,18,3,0,1,0,1,1,1,1783472522
2026-07-08T01:09:24Z,262,19,10,2,2,0,1,1,1,1783472745
2026-07-08T01:09:24Z,263,10,2,5,0,0,1,1,1,1783472440
2026-07-08T01:09:24Z,264,15,5,4,0,0,1,1,1,1783472601
2026-07-08T01:09:24Z,265,2,2,13,0,0,1,1,1,1783472127
2026-07-08T01:09:24Z,266,12,2,4,3,0,1,1,1,1783472942
2026-07-08T01:09:24Z,267,9,1,5,1,0,1,1,1,1783459155
2026-07-08T01:09:24Z,268,4,2,18,1,0,1,1,1,1783470936
2026-07-08T01:09:24Z,269,3,2,20,0,0,1,1,1,1783472203
2026-07-08T01:09:24Z,270,20,7,7,0,0,1,1,1,1783472291
2026-07-08T01:09:24Z,271,2,0,15,2,0,1,1,1,1783472778
2026-07-08T01:09:24Z,272,9,4,14,0,0,1,1,1,1783472080
2026-07-08T01:09:24Z,273,9,4,6,0,0,1,1,1,1783472676
2026-07-08T01:09:24Z,274,1,1,17,1,0,1,1,1,1783472827
2026-07-08T01:09:24Z,275,4,1,19,0,0,1,1,1,1783472954
2026-07-08T01:09:24Z,276,9,2,17,0,1,1,1,1,1783472948
2026-07-08T01:09:24Z,277,0,0,21,2,0,1,1,1,1783472441
2026-07-08T01:09:24Z,278,3,0,26,1,1,1,1,1,1783472780
2026-07-08T01:09:24Z,279,1,0,18,0,0,1,1,1,1783472619
2026-07-08T01:09:24Z,280,12,3,16,3,0,1,1,1,1783472800
2026-07-08T01:09:24Z,281,6,0,17,0,0,1,1,1,1783472828
2026-07-08T01:09:24Z,282,15,5,1,0,0,1,1,1,1783472949
2026-07-08T01:09:24Z,283,6,1,29,0,0,1,1,1,1783472722
2026-07-08T01:09:24Z,284,19,3,14,2,0,1,1,1,1783472452
2026-07-08T01:09:24Z,285,1,0,21,1,0,1,1,1,1783472266
2026-07-08T01:09:24Z,286,7,5,14,2,0,1,1,1,1783472883
2026-07-08T01:09:24Z,287,19,6,2,2,0,1,1,1,1783472947
2026-07-08T01:09:24Z,288,5,0,13,1,0,1,1,1,1783472716
2026-07-08T01:09:24Z,289,2,0,23,2,0,1,1,1,1783472924
2026-07-08T01:09:24Z,290,7,0,30,2,0,1,1,1,1783472611
2026-07-08T01:09:24Z,291,19,0,4,0,0,1,1,1,1783472803
2026-07-08T01:09:24Z,292,4,1,19,0,0,1,1,1,1783472773
2026-07-08T01:09:24Z,293,10,4,11,2,0,1,1,1,1783472611
2026-07-08T01:09:24Z,294,8,0,13,1,0,1,1,1,1783472953
2026-07-08T01:09:24Z,297,12,3,5,2,0,1,1,1,1783472851
2026-07-08T01:09:24Z,301,17,1,1,1,0,1,1,1,1783472171
2026-07-08T01:09:24Z,302,18,2,3,2,0,1,1,1,1783472922
2026-07-08T01:09:24Z,303,11,0,7,1,0,1,1,1,1783472894
2026-07-08T01:09:24Z,304,0,0,0,0,0,0,1,1,86400
2026-07-08T01:09:24Z,305,18,0,0,1,0,1,1,1,1783471633
2026-07-08T01:09:24Z,306,14,0,18,0,0,1,1,1,1783472901
2026-07-08T01:09:24Z,307,21,0,1,1,0,1,1,1,1783472921
2026-07-08T01:09:24Z,308,14,0,4,1,0,1,1,1,1783471896
2026-07-08T01:09:24Z,309,7,0,5,1,0,1,1,1,1783472077
2026-07-08T01:09:24Z,311,4,0,10,1,0,1,1,1,1783472146
2026-07-08T01:09:24Z,312,10,4,9,3,1,1,1,1,1783472937
2026-07-08T01:09:24Z,313,4,0,11,0,0,1,1,1,1783470709
2026-07-08T01:09:24Z,314,15,3,3,1,0,1,1,1,1783472766
2026-07-08T01:09:24Z,315,0,0,31,0,0,0,1,1,1783017696
2026-07-08T01:09:24Z,316,13,0,1,1,0,1,1,1,1783472128
2026-07-08T01:09:24Z,317,1,1,27,3,0,1,1,1,1783472914
2026-07-08T01:09:24Z,318,11,5,5,1,0,1,1,1,1783471971
2026-07-08T01:09:24Z,319,15,10,11,1,0,1,1,1,1783472468
2026-07-08T01:09:24Z,320,8,3,11,0,0,1,1,1,1783472268
2026-07-08T01:09:24Z,321,8,0,9,2,0,1,1,1,1783472130
2026-07-08T01:09:24Z,322,13,0,16,0,0,1,1,1,1783472574
2026-07-08T01:09:24Z,323,11,0,8,0,0,1,1,1,1783472125
2026-07-08T01:09:24Z,324,2,1,24,1,0,1,1,1,1783472884
2026-07-08T01:09:24Z,325,2,0,23,2,0,1,1,1,1783471635
2026-07-08T01:09:24Z,327,2,0,22,1,2,1,1,1,1783472811
2026-07-08T01:09:24Z,328,13,2,10,0,0,1,1,1,1783472846
2026-07-08T01:09:24Z,329,8,2,10,1,0,1,1,1,1783472076
2026-07-08T01:09:24Z,330,2,0,20,0,0,1,1,1,1783471949
2026-07-08T01:09:24Z,331,5,0,18,0,0,1,1,1,1783472951
2026-07-08T01:09:24Z,332,6,5,11,2,0,1,1,1,1783472877
2026-07-08T01:09:24Z,333,15,3,6,2,0,1,1,1,1783472451
2026-07-08T01:09:24Z,334,10,2,13,0,0,1,1,1,1783472767
2026-07-08T01:09:24Z,335,8,4,15,0,0,1,1,1,1783472827
2026-07-08T01:09:24Z,336,11,0,8,0,0,1,1,1,1783472786
2026-07-08T01:09:24Z,337,7,2,14,2,0,1,1,1,1783472766
2026-07-08T01:09:24Z,338,5,1,14,0,0,1,1,1,1783472823
2026-07-08T01:09:24Z,339,1,1,21,1,0,1,1,1,1783472827
2026-07-08T01:09:24Z,340,9,3,5,1,0,1,1,1,1783472778
2026-07-08T01:09:24Z,341,12,7,7,0,0,1,1,1,1783472582
2026-07-08T01:09:24Z,342,15,1,0,0,0,1,1,1,1783470216
2026-07-08T01:09:24Z,343,1,1,20,2,0,1,1,1,1783472792
2026-07-08T01:09:24Z,344,5,3,17,1,0,1,1,1,1783472556
2026-07-08T01:09:24Z,345,10,0,8,1,0,1,1,1,1783472893
2026-07-08T01:09:24Z,346,0,0,23,0,0,1,1,1,1783470936
2026-07-08T01:09:24Z,347,21,2,25,1,0,1,1,1,1783472936
2026-07-08T01:09:24Z,348,6,1,15,2,0,1,1,1,1783472873
2026-07-08T01:09:24Z,349,1,0,15,3,0,1,1,1,1783472644
2026-07-08T01:09:24Z,350,24,2,1,1,1,1,1,1,1783472952
2026-07-08T01:09:24Z,351,22,1,0,1,0,1,1,1,1783472663
2026-07-08T01:09:24Z,355,6,0,14,3,0,1,1,1,1783472768
2026-07-08T01:09:24Z,356,3,0,16,0,0,1,1,1,1783472505
2026-07-08T01:09:24Z,357,17,5,1,1,0,1,1,1,1783471976
2026-07-08T01:09:24Z,358,0,0,7,5,13,0,1,1,1782961435
2026-07-08T01:09:24Z,359,25,1,1,1,0,1,1,1,1783472697
2026-07-08T01:09:24Z,360,6,2,13,0,0,1,1,1,1783472794
2026-07-08T01:09:24Z,362,17,3,0,1,0,1,1,1,1783472923
2026-07-08T01:09:24Z,363,17,0,10,0,0,1,1,1,1783472710
2026-07-08T01:09:24Z,364,9,0,8,1,1,1,1,1,1783472951
2026-07-08T01:09:24Z,365,11,4,11,1,0,1,1,1,1783472065
2026-07-08T01:09:24Z,366,12,9,8,3,0,1,1,1,1783472707
2026-07-08T01:09:24Z,367,9,1,10,0,0,1,1,1,1783472224
2026-07-08T01:09:24Z,368,8,0,15,0,0,1,1,1,1783472847
2026-07-08T01:09:24Z,370,9,8,17,1,0,1,1,1,1783472560
2026-07-08T01:09:24Z,371,5,1,12,2,0,1,1,1,1783472310
2026-07-08T01:09:24Z,372,7,1,7,1,0,1,1,1,1783472912
2026-07-08T01:09:24Z,373,12,3,10,4,0,1,1,1,1783472933
2026-07-08T01:09:24Z,374,10,3,7,1,0,1,1,1,1783472093
2026-07-08T01:09:24Z,375,3,2,24,0,0,1,1,1,1783472371
2026-07-08T01:09:24Z,376,26,11,12,1,0,1,1,1,1783472818
2026-07-08T01:09:24Z,377,10,5,15,2,0,1,1,1,1783472910
2026-07-08T01:09:24Z,378,20,2,4,0,0,1,1,1,1783472795
2026-07-08T01:09:24Z,379,25,0,1,1,0,1,1,1,1783472946
2026-07-08T01:09:24Z,380,9,2,14,0,0,1,1,1,1783472953
2026-07-08T01:09:24Z,381,10,0,13,0,0,1,1,1,1783472948
2026-07-08T01:09:24Z,383,4,0,11,0,0,1,1,1,1783472754
2026-07-08T01:09:24Z,384,2,0,16,1,0,1,1,1,1783472574
2026-07-08T01:09:24Z,385,8,2,9,1,0,1,1,1,1783472356
2026-07-08T01:09:24Z,387,2,0,21,0,0,1,1,1,1783472773
2026-07-08T01:09:24Z,388,3,0,44,2,0,1,1,1,1783472342
2026-07-08T01:09:24Z,389,1,1,13,1,0,1,1,1,1783472657
2026-07-08T01:09:24Z,390,6,0,20,1,0,1,1,1,1783472823
2026-07-08T01:09:24Z,391,5,4,9,1,0,1,1,1,1783471983
2026-07-08T01:09:24Z,392,3,3,16,0,0,1,1,1,1783472847
2026-07-08T01:09:24Z,393,1,1,10,0,0,1,1,1,1783472555
2026-07-08T01:09:24Z,394,6,2,8,0,1,1,1,1,1783472146
2026-07-08T01:09:24Z,396,3,1,37,2,0,1,1,1,1783472784
2026-07-08T01:09:24Z,397,2,0,29,0,0,1,1,1,1783472874
2026-07-08T01:09:24Z,399,8,1,9,0,0,1,1,1,1783472790
2026-07-08T01:09:24Z,400,4,2,16,3,0,1,1,1,1783472180
2026-07-08T01:09:24Z,401,11,0,20,0,0,1,1,1,1783472679
2026-07-08T01:09:24Z,403,10,1,18,3,0,1,1,1,1783472885
2026-07-08T01:09:24Z,404,15,0,8,0,0,1,1,1,1783472739
2026-07-08T01:09:24Z,406,29,1,5,1,0,1,1,1,1783472906
2026-07-08T01:09:24Z,407,1,0,31,2,0,1,1,1,1783471111
2026-07-08T01:09:24Z,408,0,0,31,2,0,1,1,1,1783472528
2026-07-08T01:09:24Z,409,0,0,23,0,0,1,1,1,1783470308
2026-07-08T01:09:24Z,413,18,5,4,1,0,1,1,1,1783472467
2026-07-08T01:09:24Z,414,5,0,9,1,0,1,1,1,1783472726
2026-07-08T01:09:24Z,417,4,1,15,0,0,1,1,1,1783472904
2026-07-08T01:09:24Z,418,1,0,14,0,0,1,1,1,1783468792
2026-07-08T01:09:24Z,419,6,2,16,1,0,1,1,1,1783472129
2026-07-08T01:09:24Z,421,18,1,1,0,0,1,1,1,1783472598
2026-07-08T01:09:24Z,422,4,1,20,3,0,1,1,1,1783472470
2026-07-08T01:09:24Z,423,8,0,15,0,0,1,1,1,1783472579
2026-07-08T01:09:24Z,424,3,1,10,2,0,1,1,1,1783472569
2026-07-08T01:09:24Z,425,10,0,12,0,0,1,1,1,1783472749
2026-07-08T01:09:24Z,426,1,0,34,2,0,1,1,1,1783470575
2026-07-08T01:09:24Z,427,9,1,5,0,1,1,1,1,1783472264
2026-07-08T01:09:24Z,428,17,0,1,1,0,1,1,1,1783472759
2026-07-08T01:09:24Z,429,3,1,17,3,0,1,1,1,1783472640
2026-07-08T01:09:24Z,430,22,0,9,0,0,1,1,1,1783472813
2026-07-08T01:09:24Z,431,22,1,5,4,2,1,1,1,1783472839
2026-07-08T01:09:24Z,432,28,0,3,0,0,1,1,1,1783472918
2026-07-08T01:09:24Z,433,9,1,12,2,0,1,1,1,1783472768
2026-07-08T01:09:24Z,437,2,1,16,1,0,1,1,1,1783472872
2026-07-08T01:09:24Z,438,6,1,11,2,0,1,1,1,1783472649
2026-07-08T01:09:24Z,439,6,1,9,0,0,1,1,1,1783472134
2026-07-08T01:09:24Z,440,1,0,12,2,0,1,1,1,1783472662
2026-07-08T01:09:24Z,441,0,0,15,0,0,1,1,1,1783472609
2026-07-08T01:09:24Z,442,8,4,11,0,0,1,1,1,1783472824
2026-07-08T01:09:24Z,443,6,0,21,0,0,1,1,1,1783448962
2026-07-08T01:09:24Z,444,5,3,17,1,0,1,1,1,1783468032
2026-07-08T01:09:24Z,445,6,5,15,2,0,1,1,1,1783471829
2026-07-08T01:09:24Z,446,0,0,23,0,0,1,1,1,1783470582
2026-07-08T01:09:24Z,447,6,2,15,2,0,1,1,1,1783471325
2026-07-08T01:09:24Z,448,9,2,3,2,1,1,1,1,1783472937
2026-07-08T01:09:24Z,452,15,1,3,1,0,1,1,1,1783472648
2026-07-08T01:09:24Z,453,6,2,8,1,0,1,1,1,1783472410
2026-07-08T01:09:24Z,454,16,0,1,2,0,1,1,1,1783472549
2026-07-08T01:09:24Z,455,0,0,38,0,0,1,1,1,1783472851
2026-07-08T01:09:24Z,456,10,2,11,2,0,1,1,1,1783472947
2026-07-08T01:09:24Z,457,2,0,24,1,0,1,1,1,1783471798
2026-07-08T01:09:24Z,458,7,6,15,1,0,1,1,1,1783472278
2026-07-08T01:09:24Z,459,6,3,9,0,0,1,1,1,1783472891
2026-07-08T01:09:24Z,460,22,3,0,1,0,1,1,1,1783472809
2026-07-08T01:09:24Z,461,4,0,15,0,0,1,1,1,1783472917
2026-07-08T01:09:24Z,462,13,0,6,2,0,1,1,1,1783472906
2026-07-08T01:09:24Z,463,10,3,9,0,0,1,1,1,1783472850
2026-07-08T01:09:24Z,464,3,2,9,2,0,1,1,1,1783472947
2026-07-08T01:09:24Z,465,1,1,14,0,0,1,1,1,1783470436
2026-07-08T01:09:24Z,466,6,0,8,1,0,1,1,1,1783472884
2026-07-08T01:09:24Z,467,5,0,10,0,0,1,1,1,1783472722
2026-07-08T01:09:24Z,468,1,0,17,1,0,1,1,1,1783470660
2026-07-08T01:09:24Z,469,2,0,20,0,1,1,1,1,1783472865
2026-07-08T01:09:24Z,470,14,4,1,0,0,1,1,1,1783472768
2026-07-08T01:09:24Z,471,19,0,7,1,0,1,1,1,1783472712
2026-07-08T01:09:24Z,472,11,0,7,1,0,1,1,1,1783472877
2026-07-08T01:09:24Z,473,9,2,10,0,0,1,1,1,1783472622
2026-07-08T01:09:24Z,474,9,0,10,0,0,1,1,1,1783472568
2026-07-08T01:09:24Z,475,7,1,11,1,0,1,1,1,1783472746
2026-07-08T01:09:24Z,476,16,0,6,1,0,1,1,1,1783472600
2026-07-08T01:09:24Z,477,2,2,12,1,0,1,1,1,1783472639
2026-07-08T01:09:24Z,478,14,0,14,3,0,1,1,1,1783472827
2026-07-08T01:09:24Z,479,2,2,23,2,0,1,1,1,1783472865
2026-07-08T01:09:24Z,480,11,3,2,2,0,1,1,1,1783471459
2026-07-08T01:09:24Z,481,28,0,7,0,0,1,1,1,1783472385
2026-07-08T01:09:24Z,482,1,0,18,0,0,1,1,1,1783472756
2026-07-08T01:09:24Z,483,17,0,8,2,0,1,1,1,1783472717
2026-07-08T01:09:24Z,484,2,1,17,0,0,1,1,1,1783472919
2026-07-08T01:09:24Z,485,18,7,0,1,0,1,1,1,1783472713
2026-07-08T01:09:24Z,486,9,1,18,0,0,1,1,1,1783472470
2026-07-08T01:09:24Z,487,7,7,10,2,0,1,1,1,1783472817
2026-07-08T01:09:24Z,489,7,2,6,2,0,1,1,1,1783471832
2026-07-08T01:09:24Z,490,3,1,13,0,0,1,1,1,1783472906
2026-07-08T01:09:24Z,491,12,0,8,1,0,1,1,1,1783472418
2026-07-08T01:09:24Z,492,6,1,2,3,0,1,1,1,1783469274
2026-07-08T01:09:24Z,493,1,0,25,1,0,1,1,1,1783471975
2026-07-08T01:09:24Z,495,2,0,12,1,0,1,1,1,1783472944
2026-07-08T01:09:24Z,496,20,1,6,1,0,1,1,1,1783472623
2026-07-08T01:09:24Z,497,11,0,8,0,0,1,1,1,1783472866
2026-07-08T01:09:24Z,498,10,4,12,1,0,1,1,1,1783472699
2026-07-08T01:09:24Z,499,7,3,11,1,0,1,1,1,1783472802
2026-07-08T01:09:24Z,500,3,2,12,0,0,1,1,1,1783472895
2026-07-08T01:09:24Z,501,11,1,8,2,0,1,1,1,1783472577
2026-07-08T01:09:24Z,502,2,1,17,0,0,1,1,1,1783472269
2026-07-08T01:09:24Z,503,22,0,8,1,0,1,1,1,1783472920
2026-07-08T01:09:24Z,504,0,0,39,0,0,1,1,1,1783472619
2026-07-08T01:09:24Z,505,13,2,4,1,0,1,1,1,1783472949
2026-07-08T01:09:24Z,511,0,0,23,0,0,1,1,1,1783472771
2026-07-08T01:09:24Z,512,14,3,5,0,0,1,1,1,1783471078
2026-07-08T01:09:24Z,514,6,2,4,1,0,1,1,1,1783472913
2026-07-08T01:09:24Z,515,5,1,14,0,0,1,1,1,1783471647
2026-07-08T01:09:24Z,516,0,0,27,0,0,1,1,1,1783469752
2026-07-08T01:09:24Z,517,14,2,7,2,0,1,1,1,1783472420
2026-07-08T01:09:24Z,518,15,1,0,0,0,1,1,1,1783471543
2026-07-08T01:09:24Z,519,10,1,8,1,0,1,1,1,1783472941
2026-07-08T01:09:24Z,520,17,0,8,1,1,1,1,1,1783472837
2026-07-08T01:09:24Z,521,15,7,8,0,0,1,1,1,1783472592
2026-07-08T01:09:24Z,522,20,0,2,1,0,1,1,1,1783472790
2026-07-08T01:09:24Z,523,6,1,16,1,0,1,1,1,1783472346
2026-07-08T01:09:24Z,524,13,1,10,0,0,1,1,1,1783472873
2026-07-08T01:09:24Z,525,11,0,8,0,0,1,1,1,1783472612
2026-07-08T01:09:24Z,526,10,3,3,2,0,1,1,1,1783472843
2026-07-08T01:09:24Z,527,3,3,22,1,0,1,1,1,1783472018
2026-07-08T01:09:24Z,528,4,1,17,2,0,1,1,1,1783472420
2026-07-08T01:09:24Z,529,7,4,5,7,0,1,1,1,1783472889
2026-07-08T01:09:24Z,530,20,2,0,1,0,1,1,1,1783472951
2026-07-08T01:09:24Z,531,15,0,6,1,1,1,1,1,1783472763
2026-07-08T01:09:24Z,532,2,1,28,1,0,1,1,1,1783472688
2026-07-08T01:09:24Z,533,9,1,9,1,0,1,1,1,1783472541
2026-07-08T01:09:24Z,534,2,0,19,2,0,1,1,1,1783472812
2026-07-08T01:09:24Z,535,3,1,11,1,0,1,1,1,1783472276
2026-07-08T01:09:24Z,536,9,1,14,0,0,1,1,1,1783472734
2026-07-08T01:09:24Z,537,0,0,21,0,0,1,1,1,1783472725
2026-07-08T01:09:24Z,538,10,4,9,0,0,1,1,1,1783471291
2026-07-08T01:09:24Z,539,7,7,23,1,0,1,1,1,1783472490
2026-07-08T01:09:24Z,540,0,0,19,0,0,1,1,1,1783472226
2026-07-08T01:09:24Z,541,16,2,10,1,0,1,1,1,1783472865
2026-07-08T01:09:24Z,542,4,4,19,0,0,1,1,1,1783471093
2026-07-08T01:09:24Z,543,13,0,5,1,0,1,1,1,1783472319
2026-07-08T01:09:24Z,544,13,1,8,1,0,1,1,1,1783472815
2026-07-08T01:09:24Z,545,7,0,6,6,0,1,1,1,1783472939
2026-07-08T01:09:24Z,546,2,2,16,1,0,1,1,1,1783472151
2026-07-08T01:09:24Z,547,2,2,19,2,0,1,1,1,1783472904
2026-07-08T01:09:24Z,548,14,1,8,1,0,1,1,1,1783472673
2026-07-08T01:09:24Z,549,8,0,13,0,0,1,1,1,1783472699
2026-07-08T01:09:24Z,550,2,1,17,0,0,1,1,1,1783472851
2026-07-08T01:09:24Z,551,19,5,4,0,0,1,1,1,1783470946
2026-07-08T01:09:24Z,552,21,2,6,0,0,1,1,1,1783472656
2026-07-08T01:09:24Z,553,10,2,11,2,0,1,1,1,1783472471
2026-07-08T01:09:24Z,554,0,0,19,0,0,1,1,1,1783468615
2026-07-08T01:09:24Z,555,10,3,3,2,0,1,1,1,1783472932
2026-07-08T01:09:24Z,556,4,1,18,1,0,1,1,1,1783472744
2026-07-08T01:09:24Z,557,1,0,21,1,0,1,1,1,1783472917
2026-07-08T01:09:24Z,558,3,1,32,2,0,1,1,1,1783472935
2026-07-08T01:09:24Z,559,0,0,18,1,0,1,1,1,1783471718
2026-07-08T01:09:24Z,560,8,0,18,1,0,1,1,1,1783472575
2026-07-08T01:09:24Z,561,16,2,6,1,0,1,1,1,1783472924
2026-07-08T01:09:24Z,562,21,3,13,1,0,1,1,1,1783472881
2026-07-08T01:09:24Z,563,2,0,11,1,0,1,1,1,1783472904
2026-07-08T01:09:24Z,564,14,1,5,0,0,1,1,1,1783470196
2026-07-08T01:09:24Z,565,10,1,9,0,0,1,1,1,1783472795
2026-07-08T01:09:24Z,566,18,0,1,0,0,1,1,1,1783472852
2026-07-08T01:09:24Z,567,24,1,2,1,0,1,1,1,1783472920
2026-07-08T01:09:24Z,568,17,1,2,0,0,1,1,1,1783472863
2026-07-08T01:09:24Z,569,14,1,5,0,0,1,1,1,1783472440
2026-07-08T01:09:24Z,570,10,0,9,0,0,1,1,1,1783472948
2026-07-08T01:09:24Z,571,12,1,11,0,0,1,1,1,1783472815
2026-07-08T01:09:24Z,572,6,1,12,1,0,1,1,1,1783472937
2026-07-08T01:09:24Z,573,12,1,3,0,0,1,1,1,1783472751
2026-07-08T01:09:24Z,574,1,1,13,1,0,1,1,1,1783472892
2026-07-08T01:09:24Z,575,3,0,17,1,0,1,1,1,1783472942
2026-07-08T01:09:24Z,576,0,0,19,0,0,1,1,1,1783472106
2026-07-08T01:09:24Z,577,15,0,16,0,0,1,1,1,1783472914
2026-07-08T01:09:24Z,578,5,3,18,0,0,1,1,1,1783471931
2026-07-08T01:09:24Z,579,41,1,2,0,0,1,1,1,1783472779
2026-07-08T01:09:24Z,580,0,0,30,1,0,1,1,1,1783472711
2026-07-08T01:09:24Z,581,1,0,17,1,0,1,1,1,1783472617
2026-07-08T01:09:24Z,582,3,0,55,2,0,1,1,1,1783472819
2026-07-08T01:09:24Z,583,19,0,2,2,0,1,1,1,1783472856
2026-07-08T01:09:24Z,584,2,2,13,4,0,1,1,1,1783471488
2026-07-08T01:09:24Z,585,21,3,5,0,0,1,1,1,1783472457
2026-07-08T01:09:24Z,586,20,0,14,1,0,1,1,1,1783472953
2026-07-08T01:09:24Z,587,12,1,12,1,0,1,1,1,1783472953
2026-07-08T01:09:24Z,588,1,0,18,0,0,1,1,1,1783467544
2026-07-08T01:09:24Z,589,16,9,7,0,0,1,1,1,1783472848
2026-07-08T01:09:24Z,590,2,0,28,1,0,1,1,1,1783472837
2026-07-08T01:09:24Z,591,1,0,19,2,0,1,1,1,1783471017
2026-07-08T01:09:24Z,592,2,0,21,0,0,1,1,1,1783472147
2026-07-08T01:09:24Z,593,0,0,39,0,0,1,1,1,1783470824
2026-07-08T01:09:24Z,594,1,0,19,1,0,1,1,1,1783472900
2026-07-08T01:09:24Z,595,0,0,3,0,0,0,1,1,1779985765
2026-07-08T01:09:24Z,605,0,0,3,0,0,0,1,1,1780413752
2026-07-08T01:09:24Z,606,0,0,0,0,0,0,1,1,86400
2026-07-08T01:09:24Z,607,3,0,29,1,0,1,1,1,1783472914
2026-07-08T01:09:24Z,608,3,0,48,1,0,1,1,1,1783472899
2026-07-08T01:09:24Z,609,1,0,22,0,0,1,1,1,1783472552
2026-07-08T01:09:24Z,610,0,0,35,0,0,1,1,1,1783470498
2026-07-08T01:09:24Z,611,0,0,25,2,0,1,1,1,1783470923
2026-07-08T01:09:24Z,612,1,0,14,0,0,1,1,1,1783469410
2026-07-08T01:09:24Z,613,12,3,2,1,0,1,1,1,1783466858
2026-07-08T01:09:24Z,614,2,1,23,1,1,1,1,1,1783472722
2026-07-08T01:09:24Z,617,9,0,4,2,0,1,1,1,1783472336
2026-07-08T01:09:24Z,618,16,4,1,2,0,1,1,1,1783472152
2026-07-08T01:09:24Z,619,9,0,10,0,0,1,1,1,1783472874
2026-07-08T01:09:24Z,620,0,0,22,1,0,1,1,1,1783471543
2026-07-08T01:09:24Z,621,3,0,20,0,0,1,1,1,1783472895
2026-07-08T01:09:24Z,622,4,3,18,1,0,1,1,1,1783472705
2026-07-08T01:09:24Z,623,6,2,22,1,1,1,1,1,1783472869
2026-07-08T01:09:24Z,624,6,0,8,0,1,1,1,1,1783472600
2026-07-08T01:09:24Z,625,4,0,14,3,0,1,1,1,1783472756
2026-07-08T01:09:24Z,626,0,0,44,0,2,1,1,1,1783472867
2026-07-08T01:09:24Z,627,4,1,13,0,0,1,1,1,1783471302
2026-07-08T01:09:24Z,628,0,0,18,0,1,1,1,1,1783472015
2026-07-08T01:09:24Z,629,10,6,0,1,0,1,1,1,1783472065
2026-07-08T01:09:24Z,630,20,0,5,2,0,1,1,1,1783472762
2026-07-08T01:09:24Z,631,0,0,23,0,0,1,1,1,1783471027
2026-07-08T01:09:24Z,632,21,0,0,2,0,1,1,1,1783472124
2026-07-08T01:09:24Z,633,11,0,1,2,1,1,1,1,1783471984
2026-07-08T01:09:24Z,634,11,0,7,1,0,1,1,1,1783471604
2026-07-08T01:09:24Z,635,15,1,3,1,0,1,1,1,1783472951
2026-07-08T01:09:24Z,636,6,0,9,0,0,1,1,1,1783470196
2026-07-08T01:09:24Z,637,11,4,7,1,0,1,1,1,1783470739
2026-07-08T01:09:24Z,638,3,1,14,2,0,1,1,1,1783472520
2026-07-08T01:09:24Z,639,0,0,0,3,16,0,1,1,1782287204
2026-07-08T01:09:24Z,640,0,0,22,1,0,1,1,1,1783467951
2026-07-08T01:09:24Z,641,16,2,11,0,0,1,1,1,1783472887
2026-07-08T01:09:24Z,642,2,1,15,2,0,1,1,1,1783472680
2026-07-08T01:09:24Z,643,0,0,27,0,0,1,1,1,1783468938
2026-07-08T01:09:24Z,644,4,0,5,5,1,1,1,1,1783472943
2026-07-08T01:09:24Z,645,5,0,16,1,1,1,1,1,1783472915
2026-07-08T01:09:24Z,646,12,1,5,2,0,1,1,1,1783472832
2026-07-08T01:09:24Z,647,18,0,12,1,0,1,1,1,1783472926
2026-07-08T01:09:24Z,648,14,1,2,3,0,1,1,1,1783471612
2026-07-08T01:09:24Z,649,2,2,27,2,0,1,1,1,1783471405
2026-07-08T01:09:24Z,650,6,2,9,1,0,1,1,1,1783471549
2026-07-08T01:09:24Z,651,2,0,20,1,0,1,1,1,1783472301
2026-07-08T01:09:24Z,652,0,0,20,3,0,1,1,1,1783472824
2026-07-08T01:09:24Z,653,10,1,5,4,0,1,1,1,1783472749
2026-07-08T01:09:24Z,654,3,1,11,1,0,1,1,1,1783472788
2026-07-08T01:09:24Z,655,7,1,7,0,0,1,1,1,1783467692
2026-07-08T01:09:24Z,656,17,1,2,0,0,1,1,1,1783472947
2026-07-08T01:09:24Z,657,10,3,6,1,0,1,1,1,1783468142
2026-07-08T01:09:24Z,658,1,0,22,0,0,1,1,1,1783470048
2026-07-08T01:09:24Z,659,2,1,13,0,0,1,1,1,1783468742
2026-07-08T01:09:24Z,660,18,1,12,1,0,1,1,1,1783472822
2026-07-08T01:09:24Z,661,1,0,15,3,0,1,1,1,1783472854
2026-07-08T01:09:24Z,662,3,0,19,1,0,1,1,1,1783472938
2026-07-08T01:09:24Z,663,7,0,7,0,0,1,1,1,1783472909
2026-07-08T01:09:24Z,664,9,0,18,0,0,1,1,1,1783472333
2026-07-08T01:09:24Z,665,7,5,8,0,0,1,1,1,1783472766
2026-07-08T01:09:24Z,666,7,1,8,0,0,1,1,1,1783472868
2026-07-08T01:09:24Z,667,14,1,0,3,0,1,1,1,1783472953
2026-07-08T01:09:24Z,668,11,1,7,1,0,1,1,1,1783472853
2026-07-08T01:09:24Z,669,14,4,0,0,0,1,1,1,1783471190
2026-07-08T01:09:24Z,670,10,1,13,4,0,1,1,1,1783472780
2026-07-08T01:09:24Z,671,24,0,3,0,0,1,1,1,1783472929
2026-07-08T01:09:24Z,672,17,0,1,5,0,1,1,1,1783472585
2026-07-08T01:09:24Z,673,6,0,16,0,0,1,1,1,1783472678
2026-07-08T01:09:24Z,674,0,0,22,1,0,1,1,1,1783472850
2026-07-08T01:09:24Z,675,2,2,11,2,0,1,1,1,1783472915
2026-07-08T01:09:24Z,676,9,0,12,1,1,1,1,1,1783472623
2026-07-08T01:09:24Z,681,4,3,7,4,0,1,1,1,1783472916
2026-07-08T01:09:24Z,682,10,5,8,1,0,1,1,1,1783471712
2026-07-08T01:09:24Z,683,12,1,7,0,0,1,1,1,1783472147
2026-07-08T01:09:24Z,684,9,3,16,2,0,1,1,1,1783466614
2026-07-08T01:09:24Z,685,4,2,22,0,1,1,1,1,1783472707
2026-07-08T01:09:24Z,686,12,2,13,1,1,1,1,1,1783472839
2026-07-08T01:09:24Z,687,5,1,22,3,1,1,1,1,1783472692
2026-07-08T01:09:24Z,688,17,2,1,1,0,1,1,1,1783465995
2026-07-08T01:09:24Z,692,13,12,6,2,0,1,1,1,1783472153
2026-07-08T01:09:24Z,693,9,4,2,0,0,1,1,1,1783471858
2026-07-08T01:09:24Z,694,7,7,11,3,0,1,1,1,1783472042
2026-07-08T01:09:24Z,695,6,4,15,2,0,1,1,1,1783472830
2026-07-08T01:09:24Z,696,19,17,3,1,0,1,1,1,1783472623
2026-07-08T01:09:24Z,697,10,0,13,0,0,1,1,1,1783472795
2026-07-08T01:09:24Z,698,7,0,19,1,0,1,1,1,1783472920
2026-07-08T01:09:24Z,699,4,1,9,2,0,1,1,1,1783472170
2026-07-08T01:09:24Z,700,13,1,6,0,0,1,1,1,1783472893
2026-07-08T01:09:24Z,701,4,0,15,0,0,1,1,1,1783472900
2026-07-08T01:09:24Z,702,0,0,22,1,0,1,1,1,1783472188
2026-07-08T01:09:24Z,703,11,2,12,0,0,1,1,1,1783460353
2026-07-08T01:09:24Z,704,7,0,8,0,0,1,1,1,1783472501
2026-07-08T01:09:24Z,705,0,0,11,4,0,1,1,1,1783471986
2026-07-08T01:09:24Z,706,4,1,10,1,0,1,1,1,1783472348
2026-07-08T01:09:24Z,707,10,3,3,2,0,1,1,1,1783472059
2026-07-08T01:09:24Z,708,5,0,14,0,0,1,1,1,1783472756
2026-07-08T01:09:24Z,709,14,2,0,1,0,1,1,1,1783472912
2026-07-08T01:09:24Z,710,9,2,10,0,0,1,1,1,1783472410
2026-07-08T01:09:24Z,711,7,4,7,5,0,1,1,1,1783472787
2026-07-08T01:09:24Z,712,14,3,0,1,0,1,1,1,1783472061
2026-07-08T01:09:24Z,713,20,9,0,3,0,1,1,1,1783472530
2026-07-08T01:09:24Z,716,3,0,12,0,0,1,1,1,1783472048
2026-07-08T01:09:24Z,717,1,1,17,7,0,1,1,1,1783472182
2026-07-08T01:09:24Z,718,1,1,14,0,0,1,1,1,1783471908
2026-07-08T01:09:24Z,719,14,0,15,0,0,1,1,1,1783472553
2026-07-08T01:09:24Z,720,0,0,17,2,0,1,1,1,1783471985
2026-07-08T01:09:24Z,721,6,1,16,1,0,1,1,1,1783472766
2026-07-08T01:09:24Z,722,14,1,0,1,0,1,1,1,1783472076
2026-07-08T01:09:24Z,723,2,2,16,5,0,1,1,1,1783472168
2026-07-08T01:09:24Z,724,4,2,19,0,0,1,1,1,1783472900
2026-07-08T01:09:24Z,725,22,0,1,0,0,1,1,1,1783472806
2026-07-08T01:09:24Z,726,9,1,8,2,0,1,1,1,1783472319
2026-07-08T01:09:24Z,727,9,0,13,1,0,1,1,1,1783472585
2026-07-08T01:09:24Z,728,5,0,6,4,0,1,1,1,1783471976
2026-07-08T01:09:24Z,729,10,0,8,1,0,1,1,1,1783472908
2026-07-08T01:09:24Z,730,4,0,11,0,0,1,1,1,1783472522
2026-07-08T01:09:24Z,731,1,0,14,0,0,1,1,1,1783472450
2026-07-08T01:09:24Z,732,5,1,10,0,0,1,1,1,1783472784
2026-07-08T01:09:24Z,733,2,0,25,0,0,1,1,1,1783472938
2026-07-08T01:09:24Z,734,7,1,7,0,0,1,1,1,1783471897
2026-07-08T01:09:24Z,735,1,1,26,0,0,1,1,1,1783471547
2026-07-08T01:09:24Z,736,7,5,11,1,0,1,1,1,1783472739
2026-07-08T01:09:24Z,737,3,2,11,1,0,1,1,1,1783471994
2026-07-08T01:09:24Z,738,8,0,10,1,0,1,1,1,1783472881
2026-07-08T01:09:24Z,739,9,3,15,3,0,1,1,1,1783472319
2026-07-08T01:09:24Z,741,9,1,12,2,0,1,1,1,1783472755
2026-07-08T01:09:24Z,742,4,3,32,3,0,1,1,1,1783472702
2026-07-08T01:09:24Z,743,9,4,10,0,0,1,1,1,1783472079
2026-07-08T01:09:24Z,744,4,2,10,1,0,1,1,1,1783472060
2026-07-08T01:09:24Z,745,11,4,7,1,0,1,1,1,1783472108
2026-07-08T01:09:24Z,746,17,3,5,1,0,1,1,1,1783472310
2026-07-08T01:09:24Z,747,0,0,19,0,0,0,1,1,1783446606
2026-07-08T01:09:24Z,748,13,3,9,1,0,1,1,1,1783472200
2026-07-08T01:09:24Z,749,11,0,12,0,0,1,1,1,1783472040
2026-07-08T01:09:24Z,750,2,0,6,3,0,1,1,1,1783472729
2026-07-08T01:09:24Z,751,0,0,23,0,0,1,1,1,1783472372
2026-07-08T01:09:24Z,752,4,2,12,1,0,1,1,1,1783472843
2026-07-08T01:09:24Z,753,6,0,7,2,0,1,1,1,1783472251
2026-07-08T01:09:24Z,754,4,3,10,1,0,1,1,1,1783471902
2026-07-08T01:09:24Z,755,6,2,11,2,0,1,1,1,1783472711
2026-07-08T01:09:24Z,756,0,0,36,1,0,1,1,1,1783472424
2026-07-08T01:09:24Z,757,0,0,19,0,0,1,1,1,1783472588
2026-07-08T01:09:24Z,758,4,1,19,0,0,1,1,1,1783472914
2026-07-08T01:09:24Z,759,1,0,13,1,0,1,1,1,1783472022
2026-07-08T01:09:24Z,760,6,1,12,1,0,1,1,1,1783472040
2026-07-08T01:09:24Z,761,8,2,15,0,0,1,1,1,1783472162
2026-07-08T01:09:24Z,762,5,4,7,3,0,1,1,1,1783472152
2026-07-08T01:09:24Z,768,7,0,8,4,0,1,1,1,1783472015
2026-07-08T01:09:24Z,769,17,7,0,1,0,1,1,1,1783472013
2026-07-08T01:09:24Z,770,4,0,15,0,0,1,1,1,1783470078
2026-07-08T01:09:24Z,771,10,0,5,0,0,1,1,1,1783471940
2026-07-08T01:09:24Z,772,8,3,7,0,0,1,1,1,1783471955
2026-07-08T01:09:24Z,773,12,3,6,1,0,1,1,1,1783472179
2026-07-08T01:09:24Z,774,2,0,11,2,0,1,1,1,1783472071
2026-07-08T01:09:24Z,775,13,4,3,3,0,1,1,1,1783472910
2026-07-08T01:09:24Z,776,5,0,15,1,0,1,1,1,1783472159
2026-07-08T01:09:24Z,777,4,0,10,2,0,1,1,1,1783472854
2026-07-08T01:09:24Z,778,11,0,6,2,0,1,1,1,1783472264
2026-07-08T01:09:24Z,779,12,3,6,1,0,1,1,1,1783472828
2026-07-08T01:09:24Z,780,17,4,0,2,0,1,1,1,1783472552
2026-07-08T01:09:24Z,781,2,0,5,4,0,1,1,1,1783471850
2026-07-08T01:09:24Z,782,2,0,15,2,0,1,1,1,1783472071
2026-07-08T01:09:24Z,783,9,5,8,2,0,1,1,1,1783472020
2026-07-08T01:09:24Z,784,17,3,1,1,0,1,1,1,1783472305
2026-07-08T01:09:24Z,785,10,6,4,4,0,1,1,1,1783472190
2026-07-08T01:09:24Z,786,5,1,12,2,0,1,1,1,1783472114
2026-07-08T01:09:24Z,787,4,1,10,1,0,1,1,1,1783471935
2026-07-08T01:09:24Z,788,6,0,9,0,0,1,1,1,1783471973
2026-07-08T01:09:24Z,789,10,0,2,3,0,1,1,1,1783472796
2026-07-08T01:09:24Z,790,1,0,21,1,0,1,1,1,1783472136
2026-07-08T01:09:24Z,791,7,0,12,0,0,1,1,1,1783472299
2026-07-08T01:09:24Z,793,8,2,4,3,0,1,1,1,1783472262
2026-07-08T01:09:24Z,794,0,0,29,0,0,1,1,1,1783472187
2026-07-08T01:09:24Z,796,0,0,16,3,0,1,1,1,1783472072
2026-07-08T01:09:24Z,797,6,1,8,1,0,1,1,1,1783472530
2026-07-08T01:09:24Z,798,0,0,24,1,0,1,1,1,1783472296
2026-07-08T01:09:24Z,799,3,0,15,1,0,1,1,1,1783472036
2026-07-08T01:09:24Z,800,11,0,10,0,0,1,1,1,1783472071
2026-07-08T01:09:24Z,801,0,0,21,0,0,1,1,1,1783472122
2026-07-08T01:09:24Z,802,1,0,29,1,0,1,1,1,1783472223
2026-07-08T01:09:24Z,803,2,2,13,0,0,1,1,1,1783472356
2026-07-08T01:09:24Z,806,3,2,8,4,0,1,1,1,1783472716
2026-07-08T01:09:24Z,807,2,2,23,0,0,1,1,1,1783472165
2026-07-08T01:09:24Z,808,2,1,21,2,0,1,1,1,1783472824
2026-07-08T01:09:24Z,809,4,1,18,1,0,1,1,1,1783472168
2026-07-08T01:09:24Z,810,3,2,13,3,0,1,1,1,1783472045
2026-07-08T01:09:24Z,815,6,2,8,1,0,1,1,1,1783472686
2026-07-08T01:09:24Z,817,3,0,2,10,0,1,1,1,1783472171
2026-07-08T01:09:24Z,818,5,1,17,1,0,1,1,1,1783472158
2026-07-08T01:09:24Z,819,2,2,10,3,0,1,1,1,1783471961
2026-07-08T01:09:24Z,820,8,0,8,1,0,1,1,1,1783471956
2026-07-08T01:09:24Z,821,9,6,4,2,0,1,1,1,1783472010
2026-07-08T01:09:24Z,822,4,2,19,0,0,1,1,1,1783472905
2026-07-08T01:09:24Z,823,13,0,0,2,0,1,1,1,1783472436
2026-07-08T01:09:24Z,824,4,2,7,8,0,1,1,1,1783472775
2026-07-08T01:09:24Z,825,7,0,8,0,0,1,1,1,1783471951
2026-07-08T01:09:24Z,826,7,0,11,1,0,1,1,1,1783471961
2026-07-08T01:09:24Z,827,8,0,11,2,0,1,1,1,1783472871
2026-07-08T01:09:24Z,828,3,3,14,1,0,1,1,1,1783472142
2026-07-08T01:09:24Z,829,7,2,18,2,0,1,1,1,1783472186
2026-07-08T01:09:24Z,830,13,0,9,1,0,1,1,1,1783472179
2026-07-08T01:09:24Z,831,2,1,13,0,0,1,1,1,1783471891
2026-07-08T01:09:24Z,832,15,3,1,2,0,1,1,1,1783472027
2026-07-08T01:09:24Z,833,4,3,13,2,0,1,1,1,1783472872
2026-07-08T01:09:24Z,834,21,0,0,3,0,1,1,1,1783472565
2026-07-08T01:09:24Z,835,10,0,8,0,0,1,1,1,1783472150
2026-07-08T01:09:24Z,837,7,1,1,7,0,1,1,1,1783471934
2026-07-08T01:09:24Z,838,4,2,9,2,0,1,1,1,1783472912
2026-07-08T01:09:24Z,839,20,4,9,0,0,1,1,1,1783472878
2026-07-08T01:09:24Z,840,11,5,17,1,0,1,1,1,1783472520
2026-07-08T01:09:24Z,841,9,5,6,0,0,1,1,1,1783472950
2026-07-08T01:09:24Z,842,3,2,19,0,0,1,1,1,1783472132
2026-07-08T01:09:24Z,843,6,0,23,2,0,1,1,1,1783472252
2026-07-08T01:09:24Z,844,11,2,11,1,0,1,1,1,1783472685
2026-07-08T01:09:24Z,845,3,0,15,1,0,1,1,1,1783472030
2026-07-08T01:09:24Z,846,1,0,15,2,0,1,1,1,1783472042
2026-07-08T01:09:24Z,847,3,0,24,0,0,1,1,1,1783472207
2026-07-08T01:09:24Z,848,1,0,17,1,0,1,1,1,1783472774
2026-07-08T01:09:24Z,849,1,1,10,3,0,1,1,1,1783471465
2026-07-08T01:09:24Z,850,4,0,5,2,0,1,1,1,1783471885
2026-07-08T01:09:24Z,851,3,2,33,1,0,1,1,1,1783472381
2026-07-08T01:09:24Z,852,8,2,11,0,0,1,1,1,1783472437
2026-07-08T01:09:24Z,853,12,2,10,1,0,1,1,1,1783472158
2026-07-08T01:09:24Z,854,3,1,12,0,0,1,1,1,1783472049
2026-07-08T01:09:24Z,855,10,1,16,1,0,1,1,1,1783472611
2026-07-08T01:09:24Z,857,1,1,16,2,0,1,1,1,1783471991
2026-07-08T01:09:24Z,858,1,0,16,2,0,1,1,1,1783472029
2026-07-08T01:09:24Z,859,4,0,14,3,0,1,1,1,1783472049
2026-07-08T01:09:24Z,861,1,0,9,1,0,1,1,1,1783471892
2026-07-08T01:09:24Z,862,3,1,12,0,0,1,1,1,1783471915
2026-07-08T01:09:24Z,863,9,3,9,1,0,1,1,1,1783472082
2026-07-08T01:09:24Z,866,6,0,13,0,0,1,1,1,1783472308
2026-07-08T01:09:24Z,867,13,0,1,1,0,1,1,1,1783471889
2026-07-08T01:09:24Z,868,15,4,0,0,0,1,1,1,1783471958
2026-07-08T01:09:24Z,870,11,3,4,0,0,1,1,1,1783471958
2026-07-08T01:09:24Z,871,1,0,9,1,0,1,1,1,1783471891
2026-07-08T01:09:24Z,872,9,2,4,2,0,1,1,1,1783471984
2026-07-08T01:09:24Z,873,0,0,31,2,0,1,1,1,1783472298
2026-07-08T01:09:24Z,874,2,0,12,1,0,1,1,1,1783472708
2026-07-08T01:09:24Z,875,8,3,7,0,0,1,1,1,1783472047
2026-07-08T01:09:24Z,877,5,4,12,2,0,1,1,1,1783472060
2026-07-08T01:09:24Z,878,8,0,11,0,0,1,1,1,1783472073
2026-07-08T01:09:24Z,879,5,1,12,2,0,1,1,1,1783472065
2026-07-08T01:09:24Z,880,12,2,11,0,0,1,1,1,1783472162
2026-07-08T01:09:24Z,881,2,0,14,3,0,1,1,1,1783472247
2026-07-08T01:09:24Z,882,12,4,6,1,0,1,1,1,1783472036
2026-07-08T01:09:24Z,883,11,5,8,0,0,1,1,1,1783471995
2026-07-08T01:09:24Z,884,6,5,14,1,0,1,1,1,1783472125
2026-07-08T01:09:24Z,885,19,1,0,0,0,1,1,1,1783471992
2026-07-08T01:09:24Z,886,7,6,19,3,0,1,1,1,1783472678
2026-07-08T01:09:24Z,887,2,0,14,1,0,1,1,1,1783472514
2026-07-08T01:09:24Z,888,8,0,33,0,0,1,1,1,1783472888
2026-07-08T01:09:24Z,889,17,0,1,1,0,1,1,1,1783472849
2026-07-08T01:09:24Z,890,1,1,14,0,0,1,1,1,1783472001
2026-07-08T01:09:24Z,891,11,1,9,3,0,1,1,1,1783472113
2026-07-08T01:09:24Z,892,14,2,0,1,0,1,1,1,1783472024
2026-07-08T01:09:24Z,895,11,1,8,0,0,1,1,1,1783472929
2026-07-08T01:09:24Z,896,18,0,16,1,0,1,1,1,1783472776
2026-07-08T01:09:24Z,897,10,1,10,1,0,1,1,1,1783472110
2026-07-08T01:09:24Z,898,13,0,6,0,0,1,1,1,1783472024
2026-07-08T01:09:24Z,899,16,0,3,0,0,1,1,1,1783472818
2026-07-08T01:09:24Z,900,13,1,14,0,0,1,1,1,1783472787
2026-07-08T01:09:24Z,901,12,0,7,0,0,1,1,1,1783472899
2026-07-08T01:09:24Z,902,4,1,9,2,0,1,1,1,1783471954
2026-07-08T01:09:24Z,903,3,0,16,0,0,1,1,1,1783472016
2026-07-08T01:09:24Z,904,9,0,7,3,0,1,1,1,1783472040
2026-07-08T01:09:24Z,905,1,0,25,1,0,1,1,1,1783472234
2026-07-08T01:09:24Z,906,13,9,12,2,0,1,1,1,1783472883
2026-07-08T01:09:24Z,907,16,0,14,1,0,1,1,1,1783472919
2026-07-08T01:09:24Z,908,8,4,14,1,0,1,1,1,1783472368
2026-07-08T01:09:24Z,909,14,2,8,1,0,1,1,1,1783472876
2026-07-08T01:09:24Z,910,22,1,7,2,0,1,1,1,1783472779
2026-07-08T01:09:24Z,911,11,0,6,2,0,1,1,1,1783472030
2026-07-08T01:09:24Z,912,17,2,4,2,0,1,1,1,1783472918
2026-07-08T01:09:24Z,913,7,2,12,0,0,1,1,1,1783472000
2026-07-08T01:09:24Z,914,4,0,13,2,0,1,1,1,1783472951
2026-07-08T01:09:24Z,915,19,0,3,1,0,1,1,1,1783472881
2026-07-08T01:09:24Z,916,20,3,3,0,0,1,1,1,1783472701
2026-07-08T01:09:24Z,917,5,0,30,0,0,1,1,1,1783472685
2026-07-08T01:09:24Z,918,9,1,10,0,0,1,1,1,1783472731
2026-07-08T01:09:24Z,919,5,0,33,1,0,1,1,1,1783472853
2026-07-08T01:09:24Z,920,9,4,9,1,0,1,1,1,1783472014
2026-07-08T01:09:24Z,921,18,0,1,2,0,1,1,1,1783472911
2026-07-08T01:09:24Z,922,10,0,11,0,0,1,1,1,1783472339
2026-07-08T01:09:24Z,923,0,0,18,1,0,1,1,1,1783472381
2026-07-08T01:09:24Z,924,6,1,14,1,0,1,1,1,1783472067
2026-07-08T01:09:24Z,925,6,0,13,2,0,1,1,1,1783472062
2026-07-08T01:09:24Z,926,2,0,18,1,0,1,1,1,1783471770
2026-07-08T01:09:24Z,927,0,0,34,0,0,1,1,1,1783472282
2026-07-08T01:09:24Z,928,7,0,12,0,0,1,1,1,1783472390
2026-07-08T01:09:24Z,929,0,0,23,0,0,1,1,1,1783472632
2026-07-08T01:09:24Z,930,21,1,8,2,0,1,1,1,1783472655
2026-07-08T01:09:24Z,931,4,4,19,0,0,1,1,1,1783472674
2026-07-08T01:09:24Z,932,1,0,18,0,0,1,1,1,1783472679
2026-07-08T01:09:24Z,933,19,0,3,1,0,1,1,1,1783472803
2026-07-08T01:09:24Z,934,0,0,31,0,0,1,1,1,1783472215
2026-07-08T01:09:24Z,935,14,2,2,3,0,1,1,1,1783472540
2026-07-08T01:09:24Z,936,1,0,18,0,0,1,1,1,1783472568
2026-07-08T01:09:24Z,940,9,0,2,0,0,1,1,1,1783471410
2026-07-08T01:09:24Z,941,17,2,8,0,0,1,1,1,1783472842
2026-07-08T01:09:24Z,942,1,0,20,0,0,1,1,1,1783472543
2026-07-08T01:09:24Z,943,4,4,10,1,0,1,1,1,1783471906
2026-07-08T01:09:24Z,944,7,7,7,1,0,1,1,1,1783471960
2026-07-08T01:09:24Z,945,6,3,8,1,0,1,1,1,1783471951
2026-07-08T01:09:24Z,946,10,7,9,0,0,1,1,1,1783471988
2026-07-08T01:09:24Z,947,8,6,9,0,0,1,1,1,1783471944
2026-07-08T01:09:24Z,948,4,4,26,1,0,1,1,1,1783472251
2026-07-08T01:09:24Z,949,0,0,14,1,0,1,1,1,1783472386
2026-07-08T01:09:24Z,950,3,1,13,1,0,1,1,1,1783472852
2026-07-08T01:09:24Z,951,7,2,15,1,0,1,1,1,1783472113
2026-07-08T01:09:24Z,952,19,0,29,7,0,1,1,1,1783472771
2026-07-08T01:09:24Z,953,14,0,0,1,0,1,1,1,1783472704
2026-07-08T01:09:24Z,954,17,3,2,0,0,1,1,1,1783472933
2026-07-08T01:09:24Z,955,4,3,17,6,0,1,1,1,1783472456
2026-07-08T01:09:24Z,956,14,2,3,2,0,1,1,1,1783472342
2026-07-08T01:09:24Z,957,29,5,0,0,0,1,1,1,1783472915
2026-07-08T01:09:24Z,958,19,0,10,2,0,1,1,1,1783472920
2026-07-08T01:09:24Z,959,17,5,5,1,0,1,1,1,1783472883
2026-07-08T01:09:24Z,960,19,0,2,2,0,1,1,1,1783472937
2026-07-08T01:09:24Z,961,3,0,16,4,0,1,1,1,1783472445
2026-07-08T01:09:24Z,962,2,2,26,7,0,1,1,1,1783472780
2026-07-08T01:09:24Z,963,16,0,7,0,0,1,1,1,1783472473
2026-07-08T01:09:24Z,964,17,10,5,1,0,1,1,1,1783472637
2026-07-08T01:09:24Z,965,8,2,17,2,0,1,1,1,1783472858
2026-07-08T01:09:24Z,966,25,2,5,1,0,1,1,1,1783472680
2026-07-08T01:09:24Z,967,16,0,2,3,0,1,1,1,1783472718
2026-07-08T01:09:24Z,968,14,0,5,0,0,1,1,1,1783472307
2026-07-08T01:09:24Z,969,18,7,7,2,0,1,1,1,1783472173
2026-07-08T01:09:24Z,970,13,5,5,1,0,1,1,1,1783472270
2026-07-08T01:09:24Z,971,21,1,0,2,0,1,1,1,1783472256
2026-07-08T01:09:24Z,972,19,1,4,0,0,1,1,1,1783472139
2026-07-08T01:09:24Z,973,2,1,20,1,0,1,1,1,1783472914
2026-07-08T01:09:24Z,974,1,0,25,1,0,1,1,1,1783472922
2026-07-08T01:09:24Z,977,1,1,18,2,0,1,1,1,1783472208
2026-07-08T01:09:24Z,978,9,2,14,0,0,1,1,1,1783472805
2026-07-08T01:09:24Z,979,2,0,12,3,0,1,1,1,1783472680
2026-07-08T01:09:24Z,980,0,0,21,0,0,1,1,1,1783472742
2026-07-08T01:09:24Z,981,19,0,1,1,0,1,1,1,1783472903
2026-07-08T01:09:24Z,982,4,1,15,0,0,1,1,1,1783472023
2026-07-08T01:09:24Z,983,0,0,23,0,0,1,1,1,1783472160
2026-07-08T01:09:24Z,984,20,8,0,3,0,1,1,1,1783472168
2026-07-08T01:09:24Z,985,5,0,26,0,0,1,1,1,1783472746
2026-07-08T01:09:24Z,986,9,8,10,0,0,1,1,1,1783472052
2026-07-08T01:09:24Z,987,3,0,19,1,0,1,1,1,1783472128
2026-07-08T01:09:24Z,988,5,0,12,2,0,1,1,1,1783472039
2026-07-08T01:09:24Z,989,14,10,3,2,0,1,1,1,1783472088
2026-07-08T01:09:24Z,990,5,0,9,1,0,1,1,1,1783472923
2026-07-08T01:09:24Z,991,16,9,3,0,0,1,1,1,1783472115
2026-07-08T01:09:24Z,992,4,2,18,1,0,1,1,1,1783472203
2026-07-08T01:09:24Z,993,0,0,25,2,0,1,1,1,1783472190
2026-07-08T01:09:24Z,994,1,0,18,2,0,1,1,1,1783472310
2026-07-08T01:09:24Z,995,0,0,27,0,0,1,1,1,1783472151
2026-07-08T01:09:24Z,996,9,4,12,2,0,1,1,1,1783472181
2026-07-08T01:09:24Z,997,7,2,12,4,0,1,1,1,1783472744
2026-07-08T01:09:24Z,998,5,1,18,0,0,1,1,1,1783472142
2026-07-08T01:09:24Z,999,7,2,12,1,1,1,1,1,1783472115
2026-07-08T01:09:24Z,1000,5,0,15,1,0,1,1,1,1783472070
2026-07-08T01:09:24Z,1001,1,0,26,0,0,1,1,1,1783472150
2026-07-08T01:09:24Z,1002,0,0,31,0,0,1,1,1,1783472207
2026-07-08T01:09:24Z,1003,0,0,23,0,0,1,1,1,1783472116
2026-07-08T01:09:24Z,1004,7,0,16,0,0,1,1,1,1783472773
2026-07-08T01:09:24Z,1005,5,2,17,1,0,1,1,1,1783472120
2026-07-08T01:09:24Z,1006,10,1,9,0,0,1,1,1,1783472040
2026-07-08T01:09:24Z,1007,2,0,18,1,0,1,1,1,1783472066
2026-07-08T01:09:24Z,1008,18,8,5,0,0,1,1,1,1783472155
2026-07-08T01:09:24Z,1009,5,1,24,2,0,1,1,1,1783472287
2026-07-08T01:09:24Z,1010,9,8,18,0,0,1,1,1,1783472194
2026-07-08T01:09:24Z,1011,2,1,15,2,0,1,1,1,1783472033
2026-07-08T01:09:24Z,1012,1,0,21,1,0,1,1,1,1783472127
2026-07-08T01:09:24Z,1013,4,2,18,1,0,1,1,1,1783472140
2026-07-08T01:09:24Z,1014,6,1,15,2,0,1,1,1,1783472115
2026-07-08T01:09:24Z,1015,8,3,23,0,0,1,1,1,1783472224
2026-07-08T01:09:24Z,1016,17,6,13,1,0,1,1,1,1783472246
2026-07-08T01:09:24Z,1017,8,0,12,1,0,1,1,1,1783472089
2026-07-08T01:09:24Z,1018,3,2,13,5,0,1,1,1,1783472123
2026-07-08T01:09:24Z,1019,13,1,1,1,0,1,1,1,1783471971
2026-07-08T01:09:24Z,1020,14,2,7,0,0,1,1,1,1783472085
2026-07-08T01:09:24Z,1021,12,6,3,0,0,1,1,1,1783471986
2026-07-08T01:09:24Z,1022,12,1,15,0,0,1,1,1,1783472162
2026-07-08T01:09:24Z,1023,13,0,10,0,0,1,1,1,1783472179
2026-07-08T01:09:24Z,1024,3,0,16,0,0,1,1,1,1783472026
2026-07-08T01:09:24Z,1025,15,1,4,0,0,1,1,1,1783472039
2026-07-08T01:09:24Z,1026,12,7,18,1,0,1,1,1,1783472240
2026-07-08T01:09:24Z,1028,16,4,7,0,0,1,1,1,1783472159
2026-07-08T01:09:24Z,1029,10,8,2,3,0,1,1,1,1783471984
2026-07-08T01:09:24Z,1030,17,5,6,0,0,1,1,1,1783472182
2026-07-08T01:09:24Z,1031,2,2,16,1,0,1,1,1,1783472040
2026-07-08T01:09:24Z,1032,10,3,9,0,0,1,1,1,1783472937
2026-07-08T01:09:24Z,1033,18,8,0,1,0,1,1,1,1783472086
2026-07-08T01:09:24Z,1034,8,0,7,0,0,1,1,1,1783471970
2026-07-08T01:09:24Z,1035,3,0,15,1,0,1,1,1,1783472339
2026-07-08T01:09:24Z,1036,14,4,1,0,0,1,1,1,1783471984
2026-07-08T01:09:24Z,1037,0,0,19,0,0,1,1,1,1783472030
2026-07-08T01:09:24Z,1038,1,0,14,0,0,1,1,1,1783472350
2026-07-08T01:09:24Z,1039,12,6,7,0,0,1,1,1,1783472053
2026-07-08T01:09:24Z,1040,1,0,17,1,0,1,1,1,1783472699
2026-07-08T01:09:24Z,1041,3,2,16,0,0,1,1,1,1783472028
2026-07-08T01:09:24Z,1042,9,2,6,0,0,1,1,1,1783471967
2026-07-08T01:09:24Z,1043,9,6,10,0,0,1,1,1,1783472050
2026-07-08T01:09:24Z,1044,0,0,15,0,0,1,1,1,1783471957
2026-07-08T01:09:24Z,1045,1,1,18,0,0,1,1,1,1783472422
2026-07-08T01:09:24Z,1046,7,0,5,3,0,1,1,1,1783472282
2026-07-08T01:09:24Z,1047,1,1,19,1,0,1,1,1,1783472059
2026-07-08T01:09:24Z,1048,15,1,4,0,0,1,1,1,1783472157
2026-07-08T01:09:24Z,1049,11,2,10,0,0,1,1,1,1783472096
2026-07-08T01:09:24Z,1050,14,1,5,2,0,1,1,1,1783472123
2026-07-08T01:09:24Z,1051,15,2,5,1,0,1,1,1,1783472102
2026-07-08T01:09:24Z,1052,12,1,10,0,0,1,1,1,1783472133
2026-07-08T01:09:24Z,1053,6,0,9,0,0,1,1,1,1783471974
2026-07-08T01:09:24Z,1054,11,3,4,0,0,1,1,1,1783472564
2026-07-08T01:09:24Z,1055,8,0,11,0,0,1,1,1,1783472036
2026-07-08T01:09:24Z,1057,6,0,13,0,0,1,1,1,1783472884
2026-07-08T01:09:24Z,1058,3,1,53,0,0,1,1,1,1783472840
2026-07-08T01:09:24Z,1059,5,2,14,0,0,1,1,1,1783472014
2026-07-08T01:09:24Z,1060,32,13,5,0,0,1,1,1,1783472446
2026-07-08T01:09:24Z,1061,0,0,37,0,0,1,1,1,1783472331
2026-07-08T01:09:24Z,1062,6,0,11,0,0,1,1,1,1783471925
2026-07-08T01:09:24Z,1063,13,3,4,2,0,1,1,1,1783472034
2026-07-08T01:09:24Z,1064,10,2,13,0,0,1,1,1,1783472114
2026-07-08T01:09:24Z,1065,10,2,11,2,0,1,1,1,1783472158
2026-07-08T01:09:24Z,1066,14,3,7,2,0,1,1,1,1783472180
2026-07-08T01:09:24Z,1067,7,0,13,3,0,1,1,1,1783472132
2026-07-08T01:09:24Z,1068,13,1,9,1,0,1,1,1,1783472123
2026-07-08T01:09:24Z,1069,3,0,19,1,0,1,1,1,1783472153
2026-07-08T01:09:24Z,1070,7,4,15,1,0,1,1,1,1783472131
2026-07-08T01:09:24Z,1071,0,0,22,1,0,1,1,1,1783472119
2026-07-08T01:09:24Z,1072,13,2,8,2,0,1,1,1,1783472165
2026-07-08T01:09:24Z,1073,1,0,25,1,0,1,1,1,1783472913
2026-07-08T01:09:24Z,1074,43,0,7,3,0,1,1,1,1783472738
2026-07-08T01:09:24Z,1075,10,9,11,0,0,1,1,1,1783472096
2026-07-08T01:09:24Z,1076,16,12,5,0,0,1,1,1,1783472083
2026-07-08T01:09:24Z,1077,10,9,11,0,0,1,1,1,1783472091
2026-07-08T01:09:24Z,1078,2,0,19,0,0,1,1,1,1783471790
2026-07-08T01:09:24Z,1079,10,8,11,0,0,1,1,1,1783472082
2026-07-08T01:09:24Z,1080,9,7,12,0,0,1,1,1,1783472113
2026-07-08T01:09:24Z,1081,13,9,6,0,0,1,1,1,1783472875
2026-07-08T01:09:24Z,1082,13,11,10,0,0,1,1,1,1783472820
2026-07-08T01:09:24Z,1083,11,8,10,0,0,1,1,1,1783472101
2026-07-08T01:09:24Z,1084,11,8,10,0,0,1,1,1,1783472910
2026-07-08T01:09:24Z,1085,10,9,11,0,0,1,1,1,1783472182
2026-07-08T01:09:24Z,1086,5,5,16,0,0,1,1,1,1783472287
2026-07-08T01:09:24Z,1087,11,10,4,0,0,1,1,1,1783472532
2026-07-08T01:09:24Z,1088,5,4,10,0,0,1,1,1,1783472397
2026-07-08T01:09:24Z,1089,11,9,4,0,0,1,1,1,1783471977
2026-07-08T01:09:24Z,1090,8,7,7,0,0,1,1,1,1783471978
2026-07-08T01:09:24Z,1091,10,8,5,0,0,1,1,1,1783471982
2026-07-08T01:09:24Z,1092,7,6,8,0,0,1,1,1,1783472015
2026-07-08T01:09:24Z,1093,9,7,6,0,0,1,1,1,1783471988
2026-07-08T01:09:24Z,1094,12,9,7,0,0,1,1,1,1783472020
2026-07-08T01:09:24Z,1095,8,6,7,0,0,1,1,1,1783471918
2026-07-08T01:09:24Z,1096,10,7,9,0,0,1,1,1,1783472072
2026-07-08T01:09:24Z,1097,9,9,6,0,0,1,1,1,1783472000
2026-07-08T01:09:24Z,1098,9,7,10,0,0,1,1,1,1783472430
2026-07-08T01:09:24Z,1099,10,8,5,0,0,1,1,1,1783471983
2026-07-08T01:09:24Z,1100,9,5,18,2,0,1,1,1,1783472225
2026-07-08T01:09:24Z,1101,12,7,8,1,0,1,1,1,1783472115
2026-07-08T01:09:24Z,1102,9,4,4,0,0,1,1,1,1783472263
2026-07-08T01:09:24Z,1103,10,5,9,2,0,1,1,1,1783472096
2026-07-08T01:09:24Z,1104,9,5,12,0,0,1,1,1,1783472083
2026-07-08T01:09:24Z,1105,6,2,5,2,0,1,1,1,1783471915
2026-07-08T01:09:24Z,1106,10,5,10,1,0,1,1,1,1783472093
2026-07-08T01:09:24Z,1107,9,4,5,1,0,1,1,1,1783471962
2026-07-08T01:09:24Z,1108,4,2,19,4,0,1,1,1,1783472166
2026-07-08T01:09:24Z,1109,10,5,5,0,0,1,1,1,1783471965
2026-07-08T01:09:24Z,1110,12,1,9,0,0,1,1,1,1783472081
2026-07-08T01:09:24Z,1111,4,0,17,0,0,1,1,1,1783472080
2026-07-08T01:09:24Z,1112,0,0,53,0,0,1,1,1,1783472857
2026-07-08T01:09:24Z,1113,2,2,19,0,0,1,1,1,1783472007
2026-07-08T01:09:24Z,1115,9,0,12,2,0,1,1,1,1783472454
2026-07-08T01:09:24Z,1116,1,0,18,0,0,1,1,1,1783472029
2026-07-08T01:09:24Z,1117,4,2,19,0,0,1,1,1,1783472841
2026-07-08T01:09:24Z,1118,16,1,5,0,0,1,1,1,1783472731
2026-07-08T01:09:24Z,1119,4,1,12,1,0,1,1,1,1783472008
2026-07-08T01:09:24Z,1120,12,1,4,3,0,1,1,1,1783472927
2026-07-08T01:09:24Z,1121,8,0,13,0,0,1,1,1,1783472940
2026-07-08T01:09:24Z,1122,10,3,10,1,0,1,1,1,1783472934
2026-07-08T01:09:24Z,1123,3,0,18,2,0,1,1,1,1783472782
2026-07-08T01:09:24Z,1124,7,0,7,1,0,1,1,1,1783472739
2026-07-08T01:09:24Z,1125,16,0,7,0,0,1,1,1,1783472130
2026-07-08T01:09:24Z,1126,7,1,13,1,0,1,1,1,1783472921
2026-07-08T01:09:24Z,1127,12,0,6,1,0,1,1,1,1783472951
2026-07-08T01:09:24Z,1128,13,2,1,1,0,1,1,1,1783471963
2026-07-08T01:09:24Z,1129,7,2,14,0,0,1,1,1,1783472736
2026-07-08T01:09:24Z,1130,9,0,5,1,0,1,1,1,1783472417
2026-07-08T01:09:24Z,1131,0,0,49,0,0,1,1,1,1783472546
2026-07-08T01:09:24Z,1132,10,0,9,2,0,1,1,1,1783472294
2026-07-08T01:09:24Z,1133,5,3,15,1,0,1,1,1,1783472559
2026-07-08T01:09:24Z,1134,10,4,8,1,0,1,1,1,1783472154
2026-07-08T01:09:24Z,1135,14,7,7,0,0,1,1,1,1783472614
2026-07-08T01:09:24Z,1136,19,0,3,1,0,1,1,1,1783472547
2026-07-08T01:09:24Z,1137,1,0,14,0,0,1,1,1,1783472707
2026-07-08T01:09:24Z,1138,7,0,12,0,0,1,1,1,1783472784
2026-07-08T01:09:24Z,1139,13,0,8,0,0,1,1,1,1783472745
2026-07-08T01:09:24Z,1140,14,1,7,2,0,1,1,1,1783472944
2026-07-08T01:09:24Z,1141,1,1,19,1,0,1,1,1,1783472788
2026-07-08T01:09:24Z,1142,5,0,16,0,0,1,1,1,1783472096
2026-07-08T01:09:24Z,1143,18,0,10,1,0,1,1,1,1783472948
2026-07-08T01:09:24Z,1144,3,1,17,1,0,1,1,1,1783400779
2026-07-08T01:09:24Z,1145,6,2,11,3,0,1,1,1,1783472837
2026-07-08T01:09:24Z,1146,2,1,17,0,0,1,1,1,1783472873
2026-07-08T01:09:24Z,1147,10,1,8,1,0,1,1,1,1783472947
2026-07-08T01:09:24Z,1148,11,2,19,1,0,1,1,1,1783472820
2026-07-08T01:09:24Z,1149,4,4,20,1,0,1,1,1,1783472594
2026-07-08T01:09:24Z,1150,18,1,0,1,0,1,1,1,1783472080
2026-07-08T01:09:24Z,1151,1,0,19,1,0,1,1,1,1783472049
2026-07-08T01:09:24Z,1152,10,0,17,2,0,1,1,1,1783472611
2026-07-08T01:09:24Z,1153,16,1,6,1,0,1,1,1,1783472077
2026-07-08T01:09:24Z,1154,2,0,15,2,0,1,1,1,1783472000
2026-07-08T01:09:24Z,1155,14,2,5,2,0,1,1,1,1783472832
2026-07-08T01:09:24Z,1158,6,0,13,0,0,1,1,1,1783472800
2026-07-08T01:09:24Z,1159,5,5,14,0,0,1,1,1,1783472670
2026-07-08T01:09:24Z,1160,12,2,6,1,0,1,1,1,1783472830
2026-07-08T01:09:24Z,1161,8,2,11,0,0,1,1,1,1783472066
2026-07-08T01:09:24Z,1162,12,4,6,1,0,1,1,1,1783472050
2026-07-08T01:09:24Z,1163,2,2,17,0,0,1,1,1,1783472015
2026-07-08T01:09:24Z,1164,8,0,11,0,0,1,1,1,1783472019
2026-07-08T01:09:24Z,1165,3,1,17,1,0,1,1,1,1783472585
2026-07-08T01:09:24Z,1166,1,0,19,0,0,1,1,1,1783472748
2026-07-08T01:09:24Z,1167,12,2,3,0,0,1,1,1,1783471954
2026-07-08T01:09:24Z,1168,1,1,22,0,0,1,1,1,1783472172
2026-07-08T01:09:24Z,1169,3,2,15,1,0,1,1,1,1783472031
2026-07-08T01:09:24Z,1170,8,5,13,0,0,1,1,1,1783472092
2026-07-08T01:09:24Z,1171,16,14,6,1,0,1,1,1,1783472164
2026-07-08T01:09:24Z,1172,9,3,4,2,0,1,1,1,1783471972
2026-07-08T01:09:24Z,1173,1,1,17,1,0,1,1,1,1783472035
2026-07-08T01:09:24Z,1174,2,0,12,1,0,1,1,1,1783472595
2026-07-08T01:09:24Z,1175,6,0,13,0,0,1,1,1,1783472010
2026-07-08T01:09:24Z,1176,19,5,2,0,0,1,1,1,1783472073
2026-07-08T01:09:24Z,1177,11,2,10,0,0,1,1,1,1783472065
2026-07-08T01:09:24Z,1178,4,0,9,2,0,1,1,1,1783472088
2026-07-08T01:09:24Z,1181,13,1,2,0,0,1,1,1,1783472335
2026-07-08T01:09:24Z,1182,3,0,17,0,0,1,1,1,1783472711
2026-07-08T01:09:24Z,1183,0,0,35,2,0,1,1,1,1783472325
2026-07-08T01:09:24Z,1184,14,6,5,2,0,1,1,1,1783472930
2026-07-08T01:09:24Z,1185,13,6,8,0,0,1,1,1,1783472093
2026-07-08T01:09:24Z,1186,9,5,9,1,0,1,1,1,1783472028
2026-07-08T01:09:24Z,1188,7,4,8,0,0,1,1,1,1783472290
2026-07-08T01:09:24Z,1189,10,5,9,0,0,1,1,1,1783471577
2026-07-08T01:09:24Z,1190,9,5,12,0,0,1,1,1,1783472066
2026-07-08T01:09:24Z,1191,8,4,6,1,0,1,1,1,1783472096
2026-07-08T01:09:24Z,1192,8,4,12,1,0,1,1,1,1783472119
2026-07-08T01:09:24Z,1193,3,1,9,1,0,1,1,1,1783471905
2026-07-08T01:09:24Z,1197,13,3,3,1,0,1,1,1,1783471936
2026-07-08T01:09:24Z,1198,15,9,6,0,0,1,1,1,1783472083
2026-07-08T01:09:24Z,1199,3,3,16,0,0,1,1,1,1783472015
2026-07-08T01:09:24Z,1200,11,4,4,0,0,1,1,1,1783471797
2026-07-08T01:09:24Z,1201,8,4,6,1,0,1,1,1,1783471821
2026-07-08T01:09:24Z,1202,9,5,6,0,0,1,1,1,1783471787
2026-07-08T01:09:24Z,1203,9,5,6,0,0,1,1,1,1783472685
2026-07-08T01:09:24Z,1218,7,4,14,0,0,1,1,1,1783472111
2026-07-08T01:09:24Z,1224,0,0,3,0,0,0,1,1,1781869449
2026-07-08T01:09:24Z,1225,0,0,3,0,0,0,1,1,1781868919
2026-07-08T01:09:24Z,1226,0,0,3,0,0,0,1,1,1781868931
2026-07-08T01:14:24Z,1,0,0,23,0,0,1,1,1,1783470556
2026-07-08T01:14:24Z,2,15,0,11,1,0,1,1,1,1783472679
2026-07-08T01:14:24Z,3,3,0,15,0,0,1,1,1,1783472922
2026-07-08T01:14:24Z,4,0,0,23,0,0,1,1,1,1783472283
2026-07-08T01:14:24Z,5,9,6,11,3,0,1,1,1,1783473248
2026-07-08T01:14:24Z,6,5,0,10,0,0,1,1,1,1783471519
2026-07-08T01:14:24Z,7,18,0,5,0,0,1,1,1,1783472728
2026-07-08T01:14:24Z,8,43,1,0,0,0,1,1,1,1783473107
2026-07-08T01:14:24Z,9,0,0,22,1,0,1,1,1,1783472385
2026-07-08T01:14:24Z,10,8,3,15,0,0,1,1,1,1783471067
2026-07-08T01:14:24Z,11,1,0,18,0,0,1,1,1,1783473229
2026-07-08T01:14:24Z,12,0,0,23,0,0,1,1,1,1783472217
2026-07-08T01:14:24Z,13,29,0,1,0,0,1,1,1,1783472435
2026-07-08T01:14:24Z,14,6,0,37,0,0,1,1,1,1783473256
2026-07-08T01:14:24Z,15,13,0,1,1,0,1,1,1,1783472552
2026-07-08T01:14:24Z,16,3,2,24,0,0,1,1,1,1783473160
2026-07-08T01:14:24Z,17,21,0,5,1,0,1,1,1,1783473146
2026-07-08T01:14:24Z,18,4,0,15,0,0,1,1,1,1783473092
2026-07-08T01:14:24Z,19,11,0,14,2,0,1,1,1,1783473205
2026-07-08T01:14:24Z,20,21,1,6,0,0,1,1,1,1783473051
2026-07-08T01:14:24Z,21,17,0,1,1,0,1,1,1,1783473012
2026-07-08T01:14:24Z,22,1,1,66,0,0,1,1,1,1783472846
2026-07-08T01:14:24Z,23,2,0,29,0,0,1,1,1,1783473054
2026-07-08T01:14:24Z,24,4,2,6,1,0,1,1,1,1783473253
2026-07-08T01:14:24Z,25,30,0,46,5,0,1,1,1,1783473255
2026-07-08T01:14:24Z,26,0,0,27,0,0,1,1,1,1783472222
2026-07-08T01:14:24Z,28,13,3,2,0,0,1,1,1,1783471859
2026-07-08T01:14:24Z,30,9,0,18,0,0,1,1,1,1783473218
2026-07-08T01:14:24Z,31,0,0,19,0,0,1,1,1,1783472357
2026-07-08T01:14:24Z,32,27,2,0,0,0,1,1,1,1783472719
2026-07-08T01:14:24Z,34,26,1,11,0,0,1,1,1,1783473188
2026-07-08T01:14:24Z,35,1,0,45,1,0,1,1,1,1783473153
2026-07-08T01:14:24Z,36,0,0,0,0,0,0,1,1,86400
2026-07-08T01:14:24Z,37,7,4,15,1,0,1,1,1,1783473170
2026-07-08T01:14:24Z,38,3,1,20,0,0,1,1,1,1783472575
2026-07-08T01:14:24Z,39,24,2,7,0,0,1,1,1,1783473255
2026-07-08T01:14:24Z,40,0,0,21,0,0,1,1,1,1783469847
2026-07-08T01:14:24Z,41,1,0,24,2,0,1,1,1,1783473148
2026-07-08T01:14:24Z,42,6,2,25,0,0,1,1,1,1783473182
2026-07-08T01:14:24Z,43,16,1,7,0,0,1,1,1,1783472669
2026-07-08T01:14:24Z,45,0,0,28,3,0,1,1,1,1783473232
2026-07-08T01:14:24Z,46,12,0,17,1,1,1,1,1,1783473176
2026-07-08T01:14:24Z,47,5,1,10,0,0,1,1,1,1783473035
2026-07-08T01:14:24Z,48,1,1,26,0,0,1,1,1,1783472832
2026-07-08T01:14:24Z,49,2,0,18,3,0,1,1,1,1783473256
2026-07-08T01:14:24Z,50,3,2,16,0,0,1,1,1,1783472586
2026-07-08T01:14:24Z,51,0,0,78,0,0,1,1,1,1783470549
2026-07-08T01:14:24Z,52,0,0,25,2,0,1,1,1,1783473107
2026-07-08T01:14:24Z,55,0,0,21,0,1,1,1,1,1783471961
2026-07-08T01:14:24Z,57,0,0,27,0,0,1,1,1,1783472823
2026-07-08T01:14:24Z,58,1,0,27,0,0,1,1,1,1783473146
2026-07-08T01:14:24Z,59,0,0,25,2,0,1,1,1,1783472084
2026-07-08T01:14:24Z,61,0,0,37,2,0,1,1,1,1783471871
2026-07-08T01:14:24Z,62,2,0,45,2,0,1,1,1,1783473161
2026-07-08T01:14:24Z,63,12,0,7,0,0,1,1,1,1783473142
2026-07-08T01:14:24Z,64,15,0,3,1,0,1,1,1,1783472849
2026-07-08T01:14:24Z,65,5,2,12,2,0,1,1,1,1783473253
2026-07-08T01:14:24Z,67,1,0,38,0,0,1,1,1,1783473148
2026-07-08T01:14:24Z,68,0,0,37,0,0,1,1,1,1783472440
2026-07-08T01:14:24Z,69,14,1,1,0,0,1,1,1,1783472913
2026-07-08T01:14:24Z,71,0,0,27,0,0,1,1,1,1783473056
2026-07-08T01:14:24Z,72,4,1,26,1,0,1,1,1,1783472993
2026-07-08T01:14:24Z,73,0,0,23,0,0,1,1,1,1783470373
2026-07-08T01:14:24Z,74,6,2,13,0,0,1,1,1,1783471037
2026-07-08T01:14:24Z,75,0,0,34,1,0,1,1,1,1783468816
2026-07-08T01:14:24Z,76,1,0,18,0,0,1,1,1,1783472868
2026-07-08T01:14:24Z,77,10,2,15,2,0,1,1,1,1783473236
2026-07-08T01:14:24Z,78,0,0,23,0,0,1,1,1,1783472252
2026-07-08T01:14:24Z,79,5,0,12,0,0,1,1,1,1783473156
2026-07-08T01:14:24Z,80,12,0,9,2,0,1,1,1,1783473216
2026-07-08T01:14:24Z,81,4,0,16,10,1,1,1,1,1783473239
2026-07-08T01:14:24Z,82,0,0,21,2,0,1,1,1,1783473196
2026-07-08T01:14:24Z,83,0,0,31,3,0,1,1,1,1783472892
2026-07-08T01:14:24Z,84,20,0,4,3,0,1,1,1,1783473252
2026-07-08T01:14:24Z,85,1,1,13,0,0,1,1,1,1783472983
2026-07-08T01:14:24Z,86,3,1,23,1,0,1,1,1,1783473208
2026-07-08T01:14:24Z,87,0,0,19,0,0,1,1,1,1783464851
2026-07-08T01:14:24Z,88,25,0,6,0,0,1,1,1,1783473242
2026-07-08T01:14:24Z,89,8,0,27,0,0,1,1,1,1783472881
2026-07-08T01:14:24Z,90,8,0,10,1,0,1,1,1,1783473233
2026-07-08T01:14:24Z,91,5,1,12,0,0,1,1,1,1783472544
2026-07-08T01:14:24Z,92,17,1,0,2,0,1,1,1,1783473032
2026-07-08T01:14:24Z,93,21,0,2,0,0,1,1,1,1783472718
2026-07-08T01:14:24Z,94,1,1,18,0,0,1,1,1,1783472736
2026-07-08T01:14:24Z,95,5,0,27,2,1,1,1,1,1783473251
2026-07-08T01:14:24Z,96,11,1,18,2,0,1,1,1,1783473153
2026-07-08T01:14:24Z,97,11,0,4,0,0,1,1,1,1783473178
2026-07-08T01:14:24Z,98,16,0,17,2,0,1,1,1,1783473127
2026-07-08T01:14:24Z,99,7,0,7,0,0,1,1,1,1783473234
2026-07-08T01:14:24Z,100,20,0,6,1,0,1,1,1,1783473246
2026-07-08T01:14:24Z,101,6,0,7,2,0,1,1,1,1783473068
2026-07-08T01:14:24Z,102,9,1,14,0,0,1,1,1,1783472666
2026-07-08T01:14:24Z,103,9,0,19,4,0,1,1,1,1783473242
2026-07-08T01:14:24Z,104,3,1,22,2,0,1,1,1,1783473065
2026-07-08T01:14:24Z,105,12,0,6,0,1,1,1,1,1783473023
2026-07-08T01:14:24Z,106,0,0,21,0,0,1,1,1,1783471878
2026-07-08T01:14:24Z,107,34,1,3,0,0,1,1,1,1783472523
2026-07-08T01:14:24Z,108,12,0,21,2,0,1,1,1,1783473203
2026-07-08T01:14:24Z,109,4,0,19,0,0,1,1,1,1783473184
2026-07-08T01:14:24Z,110,8,1,15,0,0,1,1,1,1783473196
2026-07-08T01:14:24Z,111,0,0,35,1,0,1,1,1,1783472085
2026-07-08T01:14:24Z,112,17,0,0,2,0,1,1,1,1783472909
2026-07-08T01:14:24Z,113,0,0,19,0,0,1,1,1,1783473256
2026-07-08T01:14:24Z,114,6,3,20,5,0,1,1,1,1783473034
2026-07-08T01:14:24Z,115,0,0,24,2,0,1,1,1,1783471769
2026-07-08T01:14:24Z,116,4,1,23,0,0,1,1,1,1783473038
2026-07-08T01:14:24Z,118,9,5,10,4,0,1,1,1,1783472349
2026-07-08T01:14:24Z,119,12,2,24,2,0,1,1,1,1783472877
2026-07-08T01:14:24Z,120,5,1,20,2,0,1,1,1,1783472330
2026-07-08T01:14:24Z,121,12,0,7,0,0,1,1,1,1783473129
2026-07-08T01:14:24Z,122,2,0,18,1,0,1,1,1,1783473090
2026-07-08T01:14:24Z,123,6,0,41,0,0,1,1,1,1783473247
2026-07-08T01:14:24Z,124,14,0,13,0,0,1,1,1,1783473165
2026-07-08T01:14:24Z,125,3,0,20,0,0,1,1,1,1783473206
2026-07-08T01:14:24Z,126,1,0,30,0,0,1,1,1,1783473152
2026-07-08T01:14:24Z,127,1,0,21,0,0,1,1,1,1783472479
2026-07-08T01:14:24Z,128,4,3,15,0,0,1,1,1,1783473030
2026-07-08T01:14:24Z,129,13,3,2,4,0,1,1,1,1783472948
2026-07-08T01:14:24Z,130,8,0,9,0,0,1,1,1,1783472348
2026-07-08T01:14:24Z,131,1,1,8,2,0,1,1,1,1783472959
2026-07-08T01:14:24Z,132,2,0,12,0,1,1,1,1,1783473088
2026-07-08T01:14:24Z,133,2,1,21,0,0,1,1,1,1783473056
2026-07-08T01:14:24Z,134,10,5,13,0,0,1,1,1,1783473065
2026-07-08T01:14:24Z,135,13,2,5,1,0,1,1,1,1783473208
2026-07-08T01:14:24Z,136,15,2,7,0,0,1,1,1,1783473054
2026-07-08T01:14:24Z,137,1,0,15,3,0,1,1,1,1783473252
2026-07-08T01:14:24Z,138,36,2,0,1,0,1,1,1,1783473042
2026-07-08T01:14:24Z,139,18,2,1,0,0,1,1,1,1783473044
2026-07-08T01:14:24Z,140,15,4,5,2,1,1,1,1,1783473254
2026-07-08T01:14:24Z,141,22,1,1,2,0,1,1,1,1783473211
2026-07-08T01:14:24Z,142,0,0,19,0,0,0,1,1,1782498468
2026-07-08T01:14:24Z,143,23,0,5,3,0,1,1,1,1783473251
2026-07-08T01:14:24Z,144,20,2,6,1,0,1,1,1,1783473175
2026-07-08T01:14:24Z,145,27,0,3,1,0,1,1,1,1783473147
2026-07-08T01:14:24Z,146,21,3,0,2,0,1,1,1,1783473257
2026-07-08T01:14:24Z,147,12,1,6,1,0,1,1,1,1783472779
2026-07-08T01:14:24Z,148,19,3,8,0,0,1,1,1,1783473255
2026-07-08T01:14:24Z,149,1,0,18,0,0,1,1,1,1783471707
2026-07-08T01:14:24Z,150,32,1,2,1,0,1,1,1,1783473161
2026-07-08T01:14:24Z,151,14,0,8,1,0,1,1,1,1783473204
2026-07-08T01:14:24Z,152,16,1,9,1,0,1,1,1,1783473228
2026-07-08T01:14:24Z,153,20,3,1,2,0,1,1,1,1783473223
2026-07-08T01:14:24Z,154,14,2,5,4,0,1,1,1,1783473220
2026-07-08T01:14:24Z,155,1,1,9,4,0,1,1,1,1783473125
2026-07-08T01:14:24Z,156,16,4,3,0,0,1,1,1,1783472846
2026-07-08T01:14:24Z,157,19,3,6,2,0,1,1,1,1783473248
2026-07-08T01:14:24Z,158,13,3,6,0,0,1,1,1,1783473118
2026-07-08T01:14:24Z,159,9,3,10,0,0,1,1,1,1783472992
2026-07-08T01:14:24Z,160,17,1,1,1,0,1,1,1,1783473244
2026-07-08T01:14:24Z,161,18,3,5,0,0,1,1,1,1783473080
2026-07-08T01:14:24Z,162,16,10,10,1,0,1,1,1,1783473149
2026-07-08T01:14:24Z,163,29,5,2,0,0,1,1,1,1783473204
2026-07-08T01:14:24Z,164,17,1,10,0,0,1,1,1,1783473109
2026-07-08T01:14:24Z,165,5,5,22,3,0,1,1,1,1783473252
2026-07-08T01:14:24Z,166,18,6,19,1,0,1,1,1,1783472941
2026-07-08T01:14:24Z,167,12,6,8,3,0,1,1,1,1783472943
2026-07-08T01:14:24Z,168,0,0,26,1,0,1,1,1,1783473223
2026-07-08T01:14:24Z,169,18,4,3,3,0,1,1,1,1783473252
2026-07-08T01:14:24Z,170,12,7,6,1,0,1,1,1,1783473195
2026-07-08T01:14:24Z,171,6,1,4,3,0,1,1,1,1783473043
2026-07-08T01:14:24Z,173,31,0,6,0,0,1,1,1,1783473135
2026-07-08T01:14:24Z,174,15,4,9,1,0,1,1,1,1783473254
2026-07-08T01:14:24Z,175,16,0,14,1,0,1,1,1,1783473208
2026-07-08T01:14:24Z,176,10,7,3,1,1,1,1,1,1783473249
2026-07-08T01:14:24Z,177,21,1,2,4,0,1,1,1,1783473035
2026-07-08T01:14:24Z,178,15,0,0,0,0,1,1,1,1783473063
2026-07-08T01:14:24Z,179,11,1,2,2,0,1,1,1,1783473237
2026-07-08T01:14:24Z,180,0,0,29,1,0,1,1,1,1783472920
2026-07-08T01:14:24Z,181,9,1,6,0,0,1,1,1,1783473253
2026-07-08T01:14:24Z,182,9,7,9,1,0,1,1,1,1783473108
2026-07-08T01:14:24Z,183,20,2,1,2,0,1,1,1,1783473213
2026-07-08T01:14:24Z,184,10,3,11,2,0,1,1,1,1783473184
2026-07-08T01:14:24Z,185,6,1,6,2,1,1,1,1,1783472895
2026-07-08T01:14:24Z,186,6,3,12,1,0,1,1,1,1783473001
2026-07-08T01:14:24Z,187,2,0,25,2,0,1,1,1,1783473185
2026-07-08T01:14:24Z,188,15,1,2,10,0,1,1,1,1783473256
2026-07-08T01:14:24Z,189,6,1,9,0,0,1,1,1,1783472728
2026-07-08T01:14:24Z,190,3,1,20,0,0,1,1,1,1783473064
2026-07-08T01:14:24Z,191,4,4,32,3,0,1,1,1,1783473039
2026-07-08T01:14:24Z,192,13,12,18,0,0,1,1,1,1783473135
2026-07-08T01:14:24Z,193,4,3,10,1,0,1,1,1,1783473243
2026-07-08T01:14:24Z,194,1,0,14,0,0,1,1,1,1783472760
2026-07-08T01:14:24Z,195,2,2,17,0,0,1,1,1,1783472978
2026-07-08T01:14:24Z,196,2,2,25,0,0,1,1,1,1783473172
2026-07-08T01:14:24Z,197,7,1,11,0,1,1,1,1,1783472387
2026-07-08T01:14:24Z,198,1,0,22,0,0,1,1,1,1783473052
2026-07-08T01:14:24Z,199,8,3,5,2,0,1,1,1,1783473091
2026-07-08T01:14:24Z,200,0,0,26,0,0,1,1,1,1783472686
2026-07-08T01:14:24Z,201,5,2,18,0,0,1,1,1,1783473190
2026-07-08T01:14:24Z,202,0,0,21,0,0,0,1,1,1783093344
2026-07-08T01:14:24Z,203,12,0,19,0,0,1,1,1,1783473233
2026-07-08T01:14:24Z,204,32,0,3,0,0,1,1,1,1783473217
2026-07-08T01:14:24Z,205,0,0,0,7,20,1,1,1,1783473058
2026-07-08T01:14:24Z,206,12,3,0,3,0,1,1,1,1783473226
2026-07-08T01:14:24Z,207,3,0,18,0,0,1,1,1,1783472758
2026-07-08T01:14:24Z,208,2,0,25,2,0,1,1,1,1783472341
2026-07-08T01:14:24Z,209,21,3,9,1,0,1,1,1,1783473122
2026-07-08T01:14:24Z,210,21,4,5,1,0,1,1,1,1783473214
2026-07-08T01:14:24Z,211,8,2,15,0,0,1,1,1,1783473204
2026-07-08T01:14:24Z,212,12,1,23,0,0,1,1,1,1783472739
2026-07-08T01:14:24Z,213,17,0,5,1,0,1,1,1,1783473230
2026-07-08T01:14:24Z,214,24,13,19,4,0,1,1,1,1783473251
2026-07-08T01:14:24Z,215,1,1,22,0,0,1,1,1,1783472938
2026-07-08T01:14:24Z,216,16,1,3,0,0,1,1,1,1783472428
2026-07-08T01:14:24Z,217,28,5,0,1,0,1,1,1,1783472828
2026-07-08T01:14:24Z,218,24,2,10,5,0,1,1,1,1783473256
2026-07-08T01:14:24Z,219,0,0,3,0,0,0,1,1,1783102064
2026-07-08T01:14:24Z,220,28,2,14,1,0,1,1,1,1783473053
2026-07-08T01:14:24Z,221,14,9,0,0,0,1,1,1,1783473012
2026-07-08T01:14:24Z,222,14,7,3,2,0,1,1,1,1783473079
2026-07-08T01:14:24Z,223,0,0,31,4,0,1,1,1,1783473178
2026-07-08T01:14:24Z,224,2,2,19,1,0,1,1,1,1783473231
2026-07-08T01:14:24Z,225,1,1,14,4,0,1,1,1,1783473041
2026-07-08T01:14:24Z,226,4,0,27,0,0,1,1,1,1783473132
2026-07-08T01:14:24Z,227,5,5,20,2,0,1,1,1,1783473234
2026-07-08T01:14:24Z,228,7,6,12,0,0,1,1,1,1783472828
2026-07-08T01:14:24Z,230,23,3,0,0,0,1,1,1,1783472961
2026-07-08T01:14:24Z,232,15,3,3,1,0,1,1,1,1783473212
2026-07-08T01:14:24Z,233,14,2,15,2,0,1,1,1,1783473070
2026-07-08T01:14:24Z,234,6,4,9,3,1,1,1,1,1783472962
2026-07-08T01:14:24Z,236,1,0,17,1,0,1,1,1,1783472912
2026-07-08T01:14:24Z,237,9,1,12,2,0,1,1,1,1783472673
2026-07-08T01:14:24Z,239,4,2,22,1,0,1,1,1,1783473230
2026-07-08T01:14:24Z,241,12,6,9,2,0,1,1,1,1783472340
2026-07-08T01:14:24Z,242,3,0,17,3,0,1,1,1,1783473120
2026-07-08T01:14:24Z,243,15,6,12,4,0,1,1,1,1783473219
2026-07-08T01:14:24Z,244,4,1,22,1,0,1,1,1,1783473212
2026-07-08T01:14:24Z,245,3,2,19,1,0,1,1,1,1783473249
2026-07-08T01:14:24Z,246,1,0,22,0,0,1,1,1,1783472916
2026-07-08T01:14:24Z,247,5,4,16,2,0,1,1,1,1783473225
2026-07-08T01:14:24Z,248,3,1,17,3,0,1,1,1,1783473246
2026-07-08T01:14:24Z,249,8,1,10,1,0,1,1,1,1783473013
2026-07-08T01:14:24Z,250,2,1,24,1,0,1,1,1,1783472976
2026-07-08T01:14:24Z,251,1,1,26,0,0,1,1,1,1783473194
2026-07-08T01:14:24Z,253,3,1,16,0,0,1,1,1,1783473004
2026-07-08T01:14:24Z,254,10,2,25,8,0,1,1,1,1783473210
2026-07-08T01:14:24Z,255,9,0,14,0,0,1,1,1,1783473192
2026-07-08T01:14:24Z,256,19,11,4,0,0,1,1,1,1783473174
2026-07-08T01:14:24Z,257,14,7,5,0,0,1,1,1,1783473169
2026-07-08T01:14:24Z,258,0,0,17,2,0,1,1,1,1783472941
2026-07-08T01:14:24Z,259,5,5,17,1,0,1,1,1,1783472103
2026-07-08T01:14:24Z,260,7,3,12,0,0,1,1,1,1783472906
2026-07-08T01:14:24Z,261,18,3,0,1,0,1,1,1,1783472522
2026-07-08T01:14:24Z,262,18,9,3,2,0,1,1,1,1783473228
2026-07-08T01:14:24Z,263,10,2,5,0,0,1,1,1,1783472440
2026-07-08T01:14:24Z,264,15,5,4,0,0,1,1,1,1783472601
2026-07-08T01:14:24Z,265,1,1,14,0,0,1,1,1,1783473114
2026-07-08T01:14:24Z,266,11,2,4,4,0,1,1,1,1783473060
2026-07-08T01:14:24Z,267,9,1,5,1,0,1,1,1,1783459155
2026-07-08T01:14:24Z,268,4,2,18,1,0,1,1,1,1783470936
2026-07-08T01:14:24Z,269,3,2,20,0,0,1,1,1,1783472203
2026-07-08T01:14:24Z,270,19,7,8,0,0,1,1,1,1783472995
2026-07-08T01:14:24Z,271,2,0,15,2,0,1,1,1,1783472778
2026-07-08T01:14:24Z,272,10,4,13,0,0,1,1,1,1783473230
2026-07-08T01:14:24Z,273,10,4,5,0,0,1,1,1,1783473044
2026-07-08T01:14:24Z,274,1,1,17,1,0,1,1,1,1783472827
2026-07-08T01:14:24Z,275,2,1,21,0,0,1,1,1,1783472966
2026-07-08T01:14:24Z,276,7,2,19,0,1,1,1,1,1783472988
2026-07-08T01:14:24Z,277,0,0,21,2,0,1,1,1,1783472441
2026-07-08T01:14:24Z,278,3,0,26,1,1,1,1,1,1783472780
2026-07-08T01:14:24Z,279,3,1,16,0,0,1,1,1,1783473189
2026-07-08T01:14:24Z,280,12,3,16,3,0,1,1,1,1783473032
2026-07-08T01:14:24Z,281,7,0,16,0,0,1,1,1,1783473082
2026-07-08T01:14:24Z,282,13,5,3,0,0,1,1,1,1783472963
2026-07-08T01:14:24Z,283,7,2,27,1,0,1,1,1,1783473127
2026-07-08T01:14:24Z,284,19,3,15,1,0,1,1,1,1783473256
2026-07-08T01:14:24Z,285,1,0,21,1,0,1,1,1,1783472266
2026-07-08T01:14:24Z,286,8,6,13,2,0,1,1,1,1783473193
2026-07-08T01:14:24Z,287,18,6,3,2,0,1,1,1,1783473200
2026-07-08T01:14:24Z,288,5,0,13,1,0,1,1,1,1783472716
2026-07-08T01:14:24Z,289,3,1,22,2,0,1,1,1,1783473070
2026-07-08T01:14:24Z,290,7,0,30,2,0,1,1,1,1783473006
2026-07-08T01:14:24Z,291,15,0,8,0,0,1,1,1,1783473233
2026-07-08T01:14:24Z,292,3,1,20,0,0,1,1,1,1783473191
2026-07-08T01:14:24Z,293,10,4,11,2,0,1,1,1,1783472611
2026-07-08T01:14:24Z,294,10,0,11,1,0,1,1,1,1783473127
2026-07-08T01:14:24Z,297,14,5,3,2,0,1,1,1,1783473239
2026-07-08T01:14:24Z,301,16,0,3,0,0,1,1,1,1783473180
2026-07-08T01:14:24Z,302,17,2,4,2,0,1,1,1,1783472961
2026-07-08T01:14:24Z,303,13,0,5,1,0,1,1,1,1783473147
2026-07-08T01:14:24Z,304,0,0,0,0,0,0,1,1,86400
2026-07-08T01:14:24Z,305,13,0,5,1,0,1,1,1,1783473155
2026-07-08T01:14:24Z,306,14,0,18,0,0,1,1,1,1783472901
2026-07-08T01:14:24Z,307,21,0,1,1,0,1,1,1,1783473253
2026-07-08T01:14:24Z,308,15,0,3,1,0,1,1,1,1783473044
2026-07-08T01:14:24Z,309,7,0,5,1,0,1,1,1,1783472077
2026-07-08T01:14:24Z,311,3,0,11,1,0,1,1,1,1783473244
2026-07-08T01:14:24Z,312,11,4,8,3,1,1,1,1,1783473174
2026-07-08T01:14:24Z,313,4,0,11,0,0,1,1,1,1783470709
2026-07-08T01:14:24Z,314,14,1,4,1,0,1,1,1,1783473218
2026-07-08T01:14:24Z,315,0,0,31,0,0,0,1,1,1783017696
2026-07-08T01:14:24Z,316,13,0,1,1,0,1,1,1,1783472128
2026-07-08T01:14:24Z,317,1,1,27,3,0,1,1,1,1783473175
2026-07-08T01:14:24Z,318,11,5,5,1,0,1,1,1,1783471971
2026-07-08T01:14:24Z,319,13,9,12,2,0,1,1,1,1783473244
2026-07-08T01:14:24Z,320,6,3,13,0,0,1,1,1,1783473231
2026-07-08T01:14:24Z,321,8,0,9,2,0,1,1,1,1783472130
2026-07-08T01:14:24Z,322,13,0,16,0,0,1,1,1,1783473006
2026-07-08T01:14:24Z,323,11,0,8,0,0,1,1,1,1783472125
2026-07-08T01:14:24Z,324,6,2,21,0,0,1,1,1,1783473210
2026-07-08T01:14:24Z,325,2,0,23,2,0,1,1,1,1783473202
2026-07-08T01:14:24Z,327,1,0,23,1,2,1,1,1,1783472988
2026-07-08T01:14:24Z,328,13,2,10,0,0,1,1,1,1783472846
2026-07-08T01:14:24Z,329,9,2,9,1,0,1,1,1,1783472997
2026-07-08T01:14:24Z,330,3,0,19,0,0,1,1,1,1783473129
2026-07-08T01:14:24Z,331,6,0,17,0,0,1,1,1,1783473172
2026-07-08T01:14:24Z,332,6,5,11,2,0,1,1,1,1783472877
2026-07-08T01:14:24Z,333,14,3,7,2,0,1,1,1,1783473054
2026-07-08T01:14:24Z,334,10,2,13,0,0,1,1,1,1783472767
2026-07-08T01:14:24Z,335,9,4,14,0,0,1,1,1,1783473112
2026-07-08T01:14:24Z,336,10,0,9,0,0,1,1,1,1783472988
2026-07-08T01:14:24Z,337,7,2,14,2,0,1,1,1,1783473247
2026-07-08T01:14:24Z,338,5,1,14,0,0,1,1,1,1783472823
2026-07-08T01:14:24Z,339,1,0,21,1,0,1,1,1,1783473186
2026-07-08T01:14:24Z,340,9,3,5,1,0,1,1,1,1783472778
2026-07-08T01:14:24Z,341,11,7,8,0,0,1,1,1,1783473234
2026-07-08T01:14:24Z,342,15,1,0,0,0,1,1,1,1783470216
2026-07-08T01:14:24Z,343,1,1,20,2,0,1,1,1,1783472792
2026-07-08T01:14:24Z,344,5,3,17,1,0,1,1,1,1783472556
2026-07-08T01:14:24Z,345,9,0,9,1,0,1,1,1,1783473015
2026-07-08T01:14:24Z,346,0,0,23,0,0,1,1,1,1783470936
2026-07-08T01:14:24Z,347,15,2,31,1,0,1,1,1,1783473254
2026-07-08T01:14:24Z,348,6,1,15,2,0,1,1,1,1783472873
2026-07-08T01:14:24Z,349,0,0,16,3,0,1,1,1,1783473064
2026-07-08T01:14:24Z,350,24,2,1,1,1,1,1,1,1783473148
2026-07-08T01:14:24Z,351,21,1,1,1,0,1,1,1,1783473089
2026-07-08T01:14:24Z,355,6,0,14,3,0,1,1,1,1783472768
2026-07-08T01:14:24Z,356,3,0,16,0,0,1,1,1,1783472505
2026-07-08T01:14:24Z,357,18,5,0,1,0,1,1,1,1783473133
2026-07-08T01:14:24Z,358,0,0,7,5,13,0,1,1,1782961435
2026-07-08T01:14:24Z,359,25,1,1,1,0,1,1,1,1783472697
2026-07-08T01:14:24Z,360,8,4,11,0,0,1,1,1,1783473148
2026-07-08T01:14:24Z,362,15,3,2,1,0,1,1,1,1783473101
2026-07-08T01:14:24Z,363,16,0,11,0,0,1,1,1,1783473141
2026-07-08T01:14:24Z,364,8,0,9,1,1,1,1,1,1783473254
2026-07-08T01:14:24Z,365,11,4,11,1,0,1,1,1,1783472065
2026-07-08T01:14:24Z,366,9,7,11,3,0,1,1,1,1783473251
2026-07-08T01:14:24Z,367,10,1,9,0,0,1,1,1,1783472967
2026-07-08T01:14:24Z,368,8,0,15,0,0,1,1,1,1783472847
2026-07-08T01:14:24Z,370,9,8,17,1,0,1,1,1,1783472560
2026-07-08T01:14:24Z,371,5,1,12,2,0,1,1,1,1783472310
2026-07-08T01:14:24Z,372,8,1,6,1,0,1,1,1,1783473241
2026-07-08T01:14:24Z,373,12,3,11,3,0,1,1,1,1783473043
2026-07-08T01:14:24Z,374,10,3,7,1,0,1,1,1,1783472093
2026-07-08T01:14:24Z,375,4,1,22,1,0,1,1,1,1783473170
2026-07-08T01:14:24Z,376,29,13,9,1,0,1,1,1,1783473146
2026-07-08T01:14:24Z,377,10,5,15,2,0,1,1,1,1783472910
2026-07-08T01:14:24Z,378,20,2,4,0,0,1,1,1,1783473254
2026-07-08T01:14:24Z,379,23,0,3,1,0,1,1,1,1783473067
2026-07-08T01:14:24Z,380,9,2,14,0,0,1,1,1,1783472953
2026-07-08T01:14:24Z,381,8,0,14,1,0,1,1,1,1783473137
2026-07-08T01:14:24Z,383,4,0,11,0,0,1,1,1,1783472754
2026-07-08T01:14:24Z,384,2,0,16,1,0,1,1,1,1783472574
2026-07-08T01:14:24Z,385,7,1,10,1,0,1,1,1,1783473134
2026-07-08T01:14:24Z,387,3,0,20,0,0,1,1,1,1783473131
2026-07-08T01:14:24Z,388,4,0,43,2,0,1,1,1,1783473036
2026-07-08T01:14:24Z,389,2,2,12,1,0,1,1,1,1783473165
2026-07-08T01:14:24Z,390,6,0,20,1,0,1,1,1,1783472823
2026-07-08T01:14:24Z,391,5,4,9,1,0,1,1,1,1783471983
2026-07-08T01:14:24Z,392,4,3,15,0,0,1,1,1,1783473196
2026-07-08T01:14:24Z,393,1,1,10,0,0,1,1,1,1783472555
2026-07-08T01:14:24Z,394,6,2,8,0,1,1,1,1,1783472146
2026-07-08T01:14:24Z,396,3,1,37,2,0,1,1,1,1783472784
2026-07-08T01:14:24Z,397,1,0,30,0,0,1,1,1,1783472999
2026-07-08T01:14:24Z,399,10,1,7,0,0,1,1,1,1783473219
2026-07-08T01:14:24Z,400,4,2,16,3,0,1,1,1,1783472180
2026-07-08T01:14:24Z,401,10,0,21,0,0,1,1,1,1783472987
2026-07-08T01:14:24Z,403,10,0,18,3,0,1,1,1,1783473112
2026-07-08T01:14:24Z,404,14,0,9,0,0,1,1,1,1783473012
2026-07-08T01:14:24Z,406,29,1,5,1,0,1,1,1,1783472906
2026-07-08T01:14:24Z,407,1,0,31,2,0,1,1,1,1783471111
2026-07-08T01:14:24Z,408,0,0,31,2,0,1,1,1,1783472528
2026-07-08T01:14:24Z,409,0,0,23,0,0,1,1,1,1783470308
2026-07-08T01:14:24Z,413,18,5,4,1,0,1,1,1,1783472467
2026-07-08T01:14:24Z,414,5,0,9,1,0,1,1,1,1783472726
2026-07-08T01:14:24Z,417,4,1,15,0,0,1,1,1,1783472904
2026-07-08T01:14:24Z,418,1,0,14,0,0,1,1,1,1783468792
2026-07-08T01:14:24Z,419,6,2,16,1,0,1,1,1,1783472129
2026-07-08T01:14:24Z,421,17,0,2,0,0,1,1,1,1783473166
2026-07-08T01:14:24Z,422,4,1,20,3,0,1,1,1,1783472470
2026-07-08T01:14:24Z,423,8,0,15,0,0,1,1,1,1783472579
2026-07-08T01:14:24Z,424,4,1,9,2,0,1,1,1,1783473063
2026-07-08T01:14:24Z,425,12,0,10,0,0,1,1,1,1783473037
2026-07-08T01:14:24Z,426,1,0,35,1,0,1,1,1,1783473203
2026-07-08T01:14:24Z,427,9,1,5,0,1,1,1,1,1783472264
2026-07-08T01:14:24Z,428,16,0,2,1,0,1,1,1,1783473103
2026-07-08T01:14:24Z,429,3,1,16,4,0,1,1,1,1783473251
2026-07-08T01:14:24Z,430,21,0,10,0,0,1,1,1,1783473101
2026-07-08T01:14:24Z,431,25,1,1,5,2,1,1,1,1783473148
2026-07-08T01:14:24Z,432,28,0,3,0,0,1,1,1,1783472918
2026-07-08T01:14:24Z,433,10,1,11,2,0,1,1,1,1783473181
2026-07-08T01:14:24Z,437,1,1,17,1,0,1,1,1,1783473222
2026-07-08T01:14:24Z,438,5,1,12,2,0,1,1,1,1783472985
2026-07-08T01:14:24Z,439,6,1,9,0,0,1,1,1,1783472134
2026-07-08T01:14:24Z,440,2,0,11,2,0,1,1,1,1783473170
2026-07-08T01:14:24Z,441,0,0,15,0,0,1,1,1,1783472609
2026-07-08T01:14:24Z,442,9,4,10,0,0,1,1,1,1783473019
2026-07-08T01:14:24Z,443,6,0,21,0,0,1,1,1,1783448962
2026-07-08T01:14:24Z,444,2,0,20,1,0,1,1,1,1783473224
2026-07-08T01:14:24Z,445,6,5,15,2,0,1,1,1,1783471829
2026-07-08T01:14:24Z,446,3,1,20,0,0,1,1,1,1783473203
2026-07-08T01:14:24Z,447,6,2,15,2,0,1,1,1,1783471325
2026-07-08T01:14:24Z,448,9,2,3,2,1,1,1,1,1783472937
2026-07-08T01:14:24Z,452,17,1,1,1,0,1,1,1,1783473115
2026-07-08T01:14:24Z,453,6,2,8,1,0,1,1,1,1783472410
2026-07-08T01:14:24Z,454,16,0,1,2,0,1,1,1,1783472549
2026-07-08T01:14:24Z,455,0,0,38,0,0,1,1,1,1783472851
2026-07-08T01:14:24Z,456,8,1,13,2,0,1,1,1,1783473247
2026-07-08T01:14:24Z,457,1,0,25,1,0,1,1,1,1783473073
2026-07-08T01:14:24Z,458,5,5,17,1,0,1,1,1,1783473117
2026-07-08T01:14:24Z,459,6,3,9,0,0,1,1,1,1783472891
2026-07-08T01:14:24Z,460,22,3,1,0,0,1,1,1,1783473052
2026-07-08T01:14:24Z,461,1,0,18,0,0,1,1,1,1783473216
2026-07-08T01:14:24Z,462,14,0,5,2,0,1,1,1,1783473181
2026-07-08T01:14:24Z,463,11,3,8,0,0,1,1,1,1783473111
2026-07-08T01:14:24Z,464,2,2,10,2,0,1,1,1,1783472963
2026-07-08T01:14:24Z,465,1,1,14,0,0,1,1,1,1783470436
2026-07-08T01:14:24Z,466,6,0,8,1,0,1,1,1,1783472884
2026-07-08T01:14:24Z,467,5,0,10,0,0,1,1,1,1783472722
2026-07-08T01:14:24Z,468,1,0,17,1,0,1,1,1,1783470660
2026-07-08T01:14:24Z,469,3,0,19,0,1,1,1,1,1783473254
2026-07-08T01:14:24Z,470,14,4,1,0,0,1,1,1,1783472768
2026-07-08T01:14:24Z,471,19,0,8,0,0,1,1,1,1783473043
2026-07-08T01:14:24Z,472,10,0,8,1,0,1,1,1,1783473241
2026-07-08T01:14:24Z,473,9,2,10,0,0,1,1,1,1783472622
2026-07-08T01:14:24Z,474,10,0,9,0,0,1,1,1,1783473242
2026-07-08T01:14:24Z,475,8,1,10,1,0,1,1,1,1783473187
2026-07-08T01:14:24Z,476,16,0,6,1,0,1,1,1,1783472600
2026-07-08T01:14:24Z,477,2,2,12,1,0,1,1,1,1783472639
2026-07-08T01:14:24Z,478,13,0,15,3,0,1,1,1,1783473170
2026-07-08T01:14:24Z,479,3,2,22,2,0,1,1,1,1783473180
2026-07-08T01:14:24Z,480,11,3,2,2,0,1,1,1,1783471459
2026-07-08T01:14:24Z,481,28,0,7,0,0,1,1,1,1783472385
2026-07-08T01:14:24Z,482,2,0,17,0,0,1,1,1,1783473099
2026-07-08T01:14:24Z,483,16,0,9,2,0,1,1,1,1783473252
2026-07-08T01:14:24Z,484,1,1,18,0,0,1,1,1,1783473255
2026-07-08T01:14:24Z,485,18,7,0,1,0,1,1,1,1783473028
2026-07-08T01:14:24Z,486,8,1,19,0,0,1,1,1,1783473136
2026-07-08T01:14:24Z,487,7,7,10,2,0,1,1,1,1783473254
2026-07-08T01:14:24Z,489,7,2,6,2,0,1,1,1,1783471832
2026-07-08T01:14:24Z,490,4,1,12,0,0,1,1,1,1783473194
2026-07-08T01:14:24Z,491,11,0,9,1,0,1,1,1,1783473008
2026-07-08T01:14:24Z,492,6,1,2,3,0,1,1,1,1783469274
2026-07-08T01:14:24Z,493,3,2,23,1,0,1,1,1,1783472999
2026-07-08T01:14:24Z,495,2,0,12,1,0,1,1,1,1783472957
2026-07-08T01:14:24Z,496,20,1,6,1,0,1,1,1,1783472623
2026-07-08T01:14:24Z,497,13,1,6,0,0,1,1,1,1783473112
2026-07-08T01:14:24Z,498,10,4,12,1,0,1,1,1,1783472699
2026-07-08T01:14:24Z,499,7,3,11,1,0,1,1,1,1783472802
2026-07-08T01:14:24Z,500,3,2,12,0,0,1,1,1,1783472895
2026-07-08T01:14:24Z,501,12,1,7,2,0,1,1,1,1783473048
2026-07-08T01:14:24Z,502,2,1,17,0,0,1,1,1,1783472269
2026-07-08T01:14:24Z,503,21,0,9,1,0,1,1,1,1783473081
2026-07-08T01:14:24Z,504,0,0,39,0,0,1,1,1,1783473054
2026-07-08T01:14:24Z,505,12,1,5,1,0,1,1,1,1783473244
2026-07-08T01:14:24Z,511,0,0,23,0,0,1,1,1,1783472771
2026-07-08T01:14:24Z,512,13,3,6,0,0,1,1,1,1783472966
2026-07-08T01:14:24Z,514,6,2,4,1,0,1,1,1,1783472913
2026-07-08T01:14:24Z,515,5,1,14,0,0,1,1,1,1783471647
2026-07-08T01:14:24Z,516,0,0,27,0,0,1,1,1,1783469752
2026-07-08T01:14:24Z,517,14,2,7,2,0,1,1,1,1783472420
2026-07-08T01:14:24Z,518,15,1,0,0,0,1,1,1,1783471543
2026-07-08T01:14:24Z,519,10,1,8,1,0,1,1,1,1783472941
2026-07-08T01:14:24Z,520,18,0,7,1,1,1,1,1,1783473154
2026-07-08T01:14:24Z,521,15,7,8,0,0,1,1,1,1783472592
2026-07-08T01:14:24Z,522,22,0,0,1,0,1,1,1,1783473199
2026-07-08T01:14:24Z,523,6,1,16,1,0,1,1,1,1783472346
2026-07-08T01:14:24Z,524,12,1,11,0,0,1,1,1,1783473181
2026-07-08T01:14:24Z,525,11,0,8,0,0,1,1,1,1783472612
2026-07-08T01:14:24Z,526,10,3,3,2,0,1,1,1,1783472843
2026-07-08T01:14:24Z,527,3,3,22,1,0,1,1,1,1783472018
2026-07-08T01:14:24Z,528,4,1,17,2,0,1,1,1,1783472420
2026-07-08T01:14:24Z,529,7,4,5,7,0,1,1,1,1783472963
2026-07-08T01:14:24Z,530,18,0,2,1,0,1,1,1,1783473136
2026-07-08T01:14:24Z,531,16,1,5,1,1,1,1,1,1783472978
2026-07-08T01:14:24Z,532,2,1,28,1,0,1,1,1,1783472688
2026-07-08T01:14:24Z,533,10,1,8,1,0,1,1,1,1783472957
2026-07-08T01:14:24Z,534,1,0,20,2,0,1,1,1,1783473024
2026-07-08T01:14:24Z,535,4,2,10,1,0,1,1,1,1783473206
2026-07-08T01:14:24Z,536,9,1,14,0,0,1,1,1,1783472734
2026-07-08T01:14:24Z,537,0,0,21,0,0,1,1,1,1783473224
2026-07-08T01:14:24Z,538,10,4,9,0,0,1,1,1,1783471291
2026-07-08T01:14:24Z,539,6,6,23,2,0,1,1,1,1783473034
2026-07-08T01:14:24Z,540,2,0,17,0,0,1,1,1,1783473255
2026-07-08T01:14:24Z,541,14,1,12,1,0,1,1,1,1783473170
2026-07-08T01:14:24Z,542,4,4,19,0,0,1,1,1,1783471093
2026-07-08T01:14:24Z,543,16,1,2,1,0,1,1,1,1783473189
2026-07-08T01:14:24Z,544,12,1,9,1,0,1,1,1,1783473029
2026-07-08T01:14:24Z,545,7,0,8,4,0,1,1,1,1783473222
2026-07-08T01:14:24Z,546,2,2,16,1,0,1,1,1,1783472151
2026-07-08T01:14:24Z,547,2,2,20,1,0,1,1,1,1783473219
2026-07-08T01:14:24Z,548,14,1,8,1,0,1,1,1,1783472988
2026-07-08T01:14:24Z,549,6,0,15,0,0,1,1,1,1783473158
2026-07-08T01:14:24Z,550,2,1,17,0,0,1,1,1,1783472851
2026-07-08T01:14:24Z,551,18,5,5,0,0,1,1,1,1783473231
2026-07-08T01:14:24Z,552,21,2,6,0,0,1,1,1,1783472656
2026-07-08T01:14:24Z,553,7,1,14,2,0,1,1,1,1783473169
2026-07-08T01:14:24Z,554,0,0,19,0,0,1,1,1,1783468615
2026-07-08T01:14:24Z,555,11,3,2,2,0,1,1,1,1783473038
2026-07-08T01:14:24Z,556,4,1,19,0,0,1,1,1,1783473103
2026-07-08T01:14:24Z,557,0,0,22,1,0,1,1,1,1783473048
2026-07-08T01:14:24Z,558,2,1,34,1,0,1,1,1,1783473192
2026-07-08T01:14:24Z,559,0,0,18,1,0,1,1,1,1783471718
2026-07-08T01:14:24Z,560,8,0,18,1,0,1,1,1,1783472575
2026-07-08T01:14:24Z,561,16,2,6,1,0,1,1,1,1783472924
2026-07-08T01:14:24Z,562,16,2,18,1,0,1,1,1,1783473252
2026-07-08T01:14:24Z,563,3,0,10,1,0,1,1,1,1783473090
2026-07-08T01:14:24Z,564,14,1,5,0,0,1,1,1,1783470196
2026-07-08T01:14:24Z,565,10,1,9,0,0,1,1,1,1783472795
2026-07-08T01:14:24Z,566,17,0,2,0,0,1,1,1,1783473240
2026-07-08T01:14:24Z,567,22,1,4,1,0,1,1,1,1783473133
2026-07-08T01:14:24Z,568,16,0,2,1,0,1,1,1,1783473110
2026-07-08T01:14:24Z,569,17,1,2,0,0,1,1,1,1783473173
2026-07-08T01:14:24Z,570,12,0,7,0,0,1,1,1,1783473079
2026-07-08T01:14:24Z,571,11,1,12,0,0,1,1,1,1783473235
2026-07-08T01:14:24Z,572,6,1,12,1,0,1,1,1,1783472937
2026-07-08T01:14:24Z,573,13,1,2,0,0,1,1,1,1783473214
2026-07-08T01:14:24Z,574,1,1,13,1,0,1,1,1,1783472892
2026-07-08T01:14:24Z,575,3,0,17,1,0,1,1,1,1783473135
2026-07-08T01:14:24Z,576,0,0,19,0,0,1,1,1,1783472106
2026-07-08T01:14:24Z,577,15,0,16,0,0,1,1,1,1783472914
2026-07-08T01:14:24Z,578,5,3,18,0,0,1,1,1,1783471931
2026-07-08T01:14:24Z,579,41,1,2,0,0,1,1,1,1783472779
2026-07-08T01:14:24Z,580,1,0,29,1,0,1,1,1,1783473143
2026-07-08T01:14:24Z,581,1,0,17,1,0,1,1,1,1783473252
2026-07-08T01:14:24Z,582,3,0,55,2,0,1,1,1,1783472819
2026-07-08T01:14:24Z,583,19,0,3,1,0,1,1,1,1783473229
2026-07-08T01:14:24Z,584,3,2,12,4,0,1,1,1,1783473225
2026-07-08T01:14:24Z,585,23,4,3,0,0,1,1,1,1783473253
2026-07-08T01:14:24Z,586,18,0,16,1,0,1,1,1,1783473249
2026-07-08T01:14:24Z,587,15,1,9,1,0,1,1,1,1783473145
2026-07-08T01:14:24Z,588,3,0,16,0,0,1,1,1,1783473224
2026-07-08T01:14:24Z,589,14,9,9,0,0,1,1,1,1783473127
2026-07-08T01:14:24Z,590,4,0,25,2,0,1,1,1,1783473194
2026-07-08T01:14:24Z,591,1,0,19,2,0,1,1,1,1783471017
2026-07-08T01:14:24Z,592,2,0,21,0,0,1,1,1,1783472147
2026-07-08T01:14:24Z,593,0,0,39,0,0,1,1,1,1783470824
2026-07-08T01:14:24Z,594,1,0,19,1,0,1,1,1,1783472900
2026-07-08T01:14:24Z,595,0,0,3,0,0,0,1,1,1779985765
2026-07-08T01:14:24Z,605,0,0,3,0,0,0,1,1,1780413752
2026-07-08T01:14:24Z,606,0,0,0,0,0,0,1,1,86400
2026-07-08T01:14:24Z,607,4,0,28,1,0,1,1,1,1783473147
2026-07-08T01:14:24Z,608,3,0,48,1,0,1,1,1,1783473249
2026-07-08T01:14:24Z,609,2,0,21,0,0,1,1,1,1783473107
2026-07-08T01:14:24Z,610,0,0,35,0,0,1,1,1,1783470498
2026-07-08T01:14:24Z,611,2,0,23,2,0,1,1,1,1783473229
2026-07-08T01:14:24Z,612,1,0,14,0,0,1,1,1,1783469410
2026-07-08T01:14:24Z,613,12,3,2,1,0,1,1,1,1783466858
2026-07-08T01:14:24Z,614,2,1,23,1,1,1,1,1,1783472722
2026-07-08T01:14:24Z,617,10,1,3,2,0,1,1,1,1783473217
2026-07-08T01:14:24Z,618,16,4,1,2,0,1,1,1,1783472152
2026-07-08T01:14:24Z,619,11,0,8,0,0,1,1,1,1783473125
2026-07-08T01:14:24Z,620,0,0,22,1,0,1,1,1,1783471543
2026-07-08T01:14:24Z,621,2,0,21,0,0,1,1,1,1783473144
2026-07-08T01:14:24Z,622,4,3,18,1,0,1,1,1,1783473019
2026-07-08T01:14:24Z,623,6,2,22,1,1,1,1,1,1783473109
2026-07-08T01:14:24Z,624,6,0,8,0,1,1,1,1,1783472600
2026-07-08T01:14:24Z,625,3,0,15,3,0,1,1,1,1783473007
2026-07-08T01:14:24Z,626,0,0,44,0,2,1,1,1,1783472867
2026-07-08T01:14:24Z,627,4,1,13,0,0,1,1,1,1783471302
2026-07-08T01:14:24Z,628,0,0,18,0,1,1,1,1,1783472015
2026-07-08T01:14:24Z,629,10,6,0,1,0,1,1,1,1783472065
2026-07-08T01:14:24Z,630,20,0,5,2,0,1,1,1,1783472762
2026-07-08T01:14:24Z,631,0,0,23,0,0,1,1,1,1783471027
2026-07-08T01:14:24Z,632,21,0,0,2,0,1,1,1,1783472124
2026-07-08T01:14:24Z,633,11,0,1,2,1,1,1,1,1783471984
2026-07-08T01:14:24Z,634,13,0,5,1,0,1,1,1,1783472965
2026-07-08T01:14:24Z,635,16,1,2,1,0,1,1,1,1783473256
2026-07-08T01:14:24Z,636,6,0,9,0,0,1,1,1,1783470196
2026-07-08T01:14:24Z,637,11,4,7,1,0,1,1,1,1783470739
2026-07-08T01:14:24Z,638,3,1,14,2,0,1,1,1,1783472520
2026-07-08T01:14:24Z,639,0,0,0,3,16,0,1,1,1782287204
2026-07-08T01:14:24Z,640,0,0,22,1,0,1,1,1,1783467951
2026-07-08T01:14:24Z,641,18,3,9,0,0,1,1,1,1783473231
2026-07-08T01:14:24Z,642,1,1,16,2,0,1,1,1,1783473037
2026-07-08T01:14:24Z,643,0,0,27,0,0,1,1,1,1783468938
2026-07-08T01:14:24Z,644,4,0,5,5,1,1,1,1,1783472943
2026-07-08T01:14:24Z,645,5,0,16,1,1,1,1,1,1783472915
2026-07-08T01:14:24Z,646,12,1,5,2,0,1,1,1,1783472832
2026-07-08T01:14:24Z,647,18,0,12,1,0,1,1,1,1783472926
2026-07-08T01:14:24Z,648,14,1,2,3,0,1,1,1,1783471612
2026-07-08T01:14:24Z,649,1,1,28,2,0,1,1,1,1783472990
2026-07-08T01:14:24Z,650,6,2,9,1,0,1,1,1,1783471549
2026-07-08T01:14:24Z,651,2,0,20,1,0,1,1,1,1783472301
2026-07-08T01:14:24Z,652,0,0,20,3,0,1,1,1,1783473139
2026-07-08T01:14:24Z,653,10,1,5,4,0,1,1,1,1783473065
2026-07-08T01:14:24Z,654,3,1,11,1,0,1,1,1,1783472788
2026-07-08T01:14:24Z,655,7,1,7,0,0,1,1,1,1783467692
2026-07-08T01:14:24Z,656,17,1,2,0,0,1,1,1,1783472947
2026-07-08T01:14:24Z,657,10,3,6,1,0,1,1,1,1783468142
2026-07-08T01:14:24Z,658,1,0,22,0,0,1,1,1,1783470048
2026-07-08T01:14:24Z,659,2,1,13,0,0,1,1,1,1783468742
2026-07-08T01:14:24Z,660,19,2,11,1,0,1,1,1,1783473228
2026-07-08T01:14:24Z,661,1,0,15,3,0,1,1,1,1783473230
2026-07-08T01:14:24Z,662,3,0,19,1,0,1,1,1,1783472938
2026-07-08T01:14:24Z,663,8,1,6,0,0,1,1,1,1783473226
2026-07-08T01:14:24Z,664,9,0,18,0,0,1,1,1,1783472333
2026-07-08T01:14:24Z,665,7,5,8,0,0,1,1,1,1783472766
2026-07-08T01:14:24Z,666,7,1,8,0,0,1,1,1,1783472868
2026-07-08T01:14:24Z,667,12,1,2,3,0,1,1,1,1783473152
2026-07-08T01:14:24Z,668,11,1,7,1,0,1,1,1,1783472853
2026-07-08T01:14:24Z,669,14,4,0,0,0,1,1,1,1783471190
2026-07-08T01:14:24Z,670,9,1,14,4,0,1,1,1,1783473254
2026-07-08T01:14:24Z,671,25,0,2,0,0,1,1,1,1783473254
2026-07-08T01:14:24Z,672,17,0,1,5,0,1,1,1,1783472585
2026-07-08T01:14:24Z,673,6,0,16,0,0,1,1,1,1783472678
2026-07-08T01:14:24Z,674,0,0,22,1,0,1,1,1,1783472997
2026-07-08T01:14:24Z,675,2,2,11,2,0,1,1,1,1783473230
2026-07-08T01:14:24Z,676,9,0,12,1,1,1,1,1,1783472623
2026-07-08T01:14:24Z,681,3,3,8,4,0,1,1,1,1783473030
2026-07-08T01:14:24Z,682,10,5,8,1,0,1,1,1,1783471712
2026-07-08T01:14:24Z,683,12,1,7,0,0,1,1,1,1783472147
2026-07-08T01:14:24Z,684,9,3,16,2,0,1,1,1,1783466614
2026-07-08T01:14:24Z,685,4,2,22,0,1,1,1,1,1783472707
2026-07-08T01:14:24Z,686,12,2,13,1,1,1,1,1,1783473154
2026-07-08T01:14:24Z,687,5,1,22,3,1,1,1,1,1783473007
2026-07-08T01:14:24Z,688,17,2,1,1,0,1,1,1,1783465995
2026-07-08T01:14:24Z,692,13,12,6,2,0,1,1,1,1783472989
2026-07-08T01:14:24Z,693,9,4,2,0,0,1,1,1,1783471858
2026-07-08T01:14:24Z,694,7,7,11,3,0,1,1,1,1783472042
2026-07-08T01:14:24Z,695,7,5,14,2,0,1,1,1,1783472970
2026-07-08T01:14:24Z,696,20,17,2,1,0,1,1,1,1783473145
2026-07-08T01:14:24Z,697,10,0,13,0,0,1,1,1,1783472795
2026-07-08T01:14:24Z,698,8,0,18,1,0,1,1,1,1783473163
2026-07-08T01:14:24Z,699,4,1,9,2,0,1,1,1,1783472170
2026-07-08T01:14:24Z,700,13,1,6,0,0,1,1,1,1783472893
2026-07-08T01:14:24Z,701,4,0,15,0,0,1,1,1,1783472900
2026-07-08T01:14:24Z,702,0,0,22,1,0,1,1,1,1783472188
2026-07-08T01:14:24Z,703,11,2,12,0,0,1,1,1,1783460353
2026-07-08T01:14:24Z,704,8,0,7,0,0,1,1,1,1783473241
2026-07-08T01:14:24Z,705,0,0,11,4,0,1,1,1,1783471986
2026-07-08T01:14:24Z,706,4,1,10,1,0,1,1,1,1783472348
2026-07-08T01:14:24Z,707,10,3,3,2,0,1,1,1,1783472059
2026-07-08T01:14:24Z,708,4,0,15,0,0,1,1,1,1783473099
2026-07-08T01:14:24Z,709,13,2,1,1,0,1,1,1,1783473256
2026-07-08T01:14:24Z,710,10,2,9,0,0,1,1,1,1783473097
2026-07-08T01:14:24Z,711,7,4,7,5,0,1,1,1,1783472787
2026-07-08T01:14:24Z,712,14,3,0,1,0,1,1,1,1783472061
2026-07-08T01:14:24Z,713,20,9,1,2,0,1,1,1,1783473215
2026-07-08T01:14:24Z,716,3,0,12,0,0,1,1,1,1783472048
2026-07-08T01:14:24Z,717,1,1,17,7,0,1,1,1,1783472182
2026-07-08T01:14:24Z,718,0,0,15,0,0,1,1,1,1783473101
2026-07-08T01:14:24Z,719,13,0,16,0,0,1,1,1,1783473098
2026-07-08T01:14:24Z,720,0,0,17,2,0,1,1,1,1783471985
2026-07-08T01:14:24Z,721,9,1,13,1,0,1,1,1,1783473161
2026-07-08T01:14:24Z,722,14,1,0,1,0,1,1,1,1783472076
2026-07-08T01:14:24Z,723,2,2,16,5,0,1,1,1,1783472168
2026-07-08T01:14:24Z,724,4,2,19,0,0,1,1,1,1783472900
2026-07-08T01:14:24Z,725,22,0,1,0,0,1,1,1,1783473224
2026-07-08T01:14:24Z,726,10,1,7,2,0,1,1,1,1783473248
2026-07-08T01:14:24Z,727,10,0,12,1,0,1,1,1,1783473049
2026-07-08T01:14:24Z,728,5,0,6,4,0,1,1,1,1783471976
2026-07-08T01:14:24Z,729,11,0,7,1,0,1,1,1,1783473044
2026-07-08T01:14:24Z,730,4,0,11,0,0,1,1,1,1783472522
2026-07-08T01:14:24Z,731,0,0,15,0,0,1,1,1,1783473181
2026-07-08T01:14:24Z,732,6,2,9,0,0,1,1,1,1783473007
2026-07-08T01:14:24Z,733,2,0,25,0,0,1,1,1,1783472938
2026-07-08T01:14:24Z,734,7,1,7,0,0,1,1,1,1783471897
2026-07-08T01:14:24Z,735,1,1,26,0,0,1,1,1,1783471547
2026-07-08T01:14:24Z,736,8,5,10,1,0,1,1,1,1783473083
2026-07-08T01:14:24Z,737,3,2,11,1,0,1,1,1,1783471994
2026-07-08T01:14:24Z,738,9,0,9,1,0,1,1,1,1783473240
2026-07-08T01:14:24Z,739,9,3,15,3,0,1,1,1,1783472319
2026-07-08T01:14:24Z,741,9,1,12,2,0,1,1,1,1783472755
2026-07-08T01:14:24Z,742,5,3,31,3,0,1,1,1,1783473063
2026-07-08T01:14:24Z,743,9,4,10,0,0,1,1,1,1783472079
2026-07-08T01:14:24Z,744,4,2,10,1,0,1,1,1,1783472060
2026-07-08T01:14:24Z,745,11,4,7,1,0,1,1,1,1783472108
2026-07-08T01:14:24Z,746,17,3,5,1,0,1,1,1,1783473129
2026-07-08T01:14:24Z,747,0,0,19,0,0,0,1,1,1783446606
2026-07-08T01:14:24Z,748,13,3,9,1,0,1,1,1,1783472200
2026-07-08T01:14:24Z,749,10,0,13,0,0,1,1,1,1783473191
2026-07-08T01:14:24Z,750,3,0,5,3,0,1,1,1,1783473173
2026-07-08T01:14:24Z,751,0,0,22,1,0,1,1,1,1783473167
2026-07-08T01:14:24Z,752,4,2,12,1,0,1,1,1,1783472843
2026-07-08T01:14:24Z,753,8,0,5,2,0,1,1,1,1783473130
2026-07-08T01:14:24Z,754,4,3,10,1,0,1,1,1,1783473198
2026-07-08T01:14:24Z,755,5,1,12,2,0,1,1,1,1783473206
2026-07-08T01:14:24Z,756,0,0,36,1,0,1,1,1,1783472424
2026-07-08T01:14:24Z,757,1,1,17,1,0,1,1,1,1783473022
2026-07-08T01:14:24Z,758,4,1,19,0,0,1,1,1,1783472914
2026-07-08T01:14:24Z,759,1,0,13,1,0,1,1,1,1783472022
2026-07-08T01:14:24Z,760,6,1,12,1,0,1,1,1,1783472040
2026-07-08T01:14:24Z,761,7,1,16,0,0,1,1,1,1783472962
2026-07-08T01:14:24Z,762,5,4,7,3,0,1,1,1,1783472152
2026-07-08T01:14:24Z,768,7,0,8,4,0,1,1,1,1783472015
2026-07-08T01:14:24Z,769,16,7,1,1,0,1,1,1,1783473010
2026-07-08T01:14:24Z,770,4,0,15,0,0,1,1,1,1783470078
2026-07-08T01:14:24Z,771,10,0,5,0,0,1,1,1,1783471940
2026-07-08T01:14:24Z,772,8,3,7,0,0,1,1,1,1783471955
2026-07-08T01:14:24Z,773,12,3,6,1,0,1,1,1,1783472179
2026-07-08T01:14:24Z,774,2,0,11,2,0,1,1,1,1783472071
2026-07-08T01:14:24Z,775,13,4,3,3,0,1,1,1,1783473154
2026-07-08T01:14:24Z,776,5,0,15,1,0,1,1,1,1783472159
2026-07-08T01:14:24Z,777,3,0,11,1,0,1,1,1,1783473058
2026-07-08T01:14:24Z,778,11,0,6,2,0,1,1,1,1783472264
2026-07-08T01:14:24Z,779,12,3,6,1,0,1,1,1,1783472828
2026-07-08T01:14:24Z,780,16,5,1,2,0,1,1,1,1783473166
2026-07-08T01:14:24Z,781,3,0,4,4,0,1,1,1,1783473108
2026-07-08T01:14:24Z,782,2,0,15,2,0,1,1,1,1783472071
2026-07-08T01:14:24Z,783,9,5,8,2,0,1,1,1,1783472020
2026-07-08T01:14:24Z,784,17,3,1,1,0,1,1,1,1783472305
2026-07-08T01:14:24Z,785,10,6,4,4,0,1,1,1,1783472190
2026-07-08T01:14:24Z,786,5,1,12,2,0,1,1,1,1783472114
2026-07-08T01:14:24Z,787,5,1,9,1,0,1,1,1,1783472979
2026-07-08T01:14:24Z,788,6,0,9,0,0,1,1,1,1783471973
2026-07-08T01:14:24Z,789,10,0,2,3,0,1,1,1,1783472796
2026-07-08T01:14:24Z,790,1,0,21,1,0,1,1,1,1783472136
2026-07-08T01:14:24Z,791,7,0,12,0,0,1,1,1,1783472299
2026-07-08T01:14:24Z,793,8,2,4,3,0,1,1,1,1783473129
2026-07-08T01:14:24Z,794,0,0,29,0,0,1,1,1,1783472187
2026-07-08T01:14:24Z,796,0,0,16,3,0,1,1,1,1783472072
2026-07-08T01:14:24Z,797,8,2,6,1,0,1,1,1,1783473238
2026-07-08T01:14:24Z,798,0,0,24,1,0,1,1,1,1783472296
2026-07-08T01:14:24Z,799,3,0,15,1,0,1,1,1,1783472036
2026-07-08T01:14:24Z,800,11,0,10,0,0,1,1,1,1783472071
2026-07-08T01:14:24Z,801,0,0,21,0,0,1,1,1,1783472122
2026-07-08T01:14:24Z,802,1,0,29,1,0,1,1,1,1783472223
2026-07-08T01:14:24Z,803,2,2,13,0,0,1,1,1,1783472356
2026-07-08T01:14:24Z,806,1,1,10,4,0,1,1,1,1783473049
2026-07-08T01:14:24Z,807,2,2,23,0,0,1,1,1,1783473065
2026-07-08T01:14:24Z,808,3,2,20,2,0,1,1,1,1783473234
2026-07-08T01:14:24Z,809,4,1,18,1,0,1,1,1,1783472168
2026-07-08T01:14:24Z,810,3,2,13,3,0,1,1,1,1783472045
2026-07-08T01:14:24Z,815,7,2,7,1,0,1,1,1,1783473084
2026-07-08T01:14:24Z,817,3,0,2,10,0,1,1,1,1783472171
2026-07-08T01:14:24Z,818,5,1,17,1,0,1,1,1,1783472158
2026-07-08T01:14:24Z,819,2,2,10,3,0,1,1,1,1783471961
2026-07-08T01:14:24Z,820,8,0,8,1,0,1,1,1,1783471956
2026-07-08T01:14:24Z,821,9,6,4,2,0,1,1,1,1783472010
2026-07-08T01:14:24Z,822,4,1,19,0,0,1,1,1,1783473187
2026-07-08T01:14:24Z,823,13,0,0,2,0,1,1,1,1783472436
2026-07-08T01:14:24Z,824,9,5,2,8,0,1,1,1,1783473250
2026-07-08T01:14:24Z,825,7,0,8,0,0,1,1,1,1783471951
2026-07-08T01:14:24Z,826,7,0,11,1,0,1,1,1,1783471961
2026-07-08T01:14:24Z,827,6,0,13,2,0,1,1,1,1783473015
2026-07-08T01:14:24Z,828,3,3,14,1,0,1,1,1,1783472142
2026-07-08T01:14:24Z,829,7,2,18,2,0,1,1,1,1783472186
2026-07-08T01:14:24Z,830,12,0,10,1,0,1,1,1,1783473233
2026-07-08T01:14:24Z,831,2,1,13,0,0,1,1,1,1783471891
2026-07-08T01:14:24Z,832,15,3,1,2,0,1,1,1,1783472027
2026-07-08T01:14:24Z,833,4,3,13,2,0,1,1,1,1783472872
2026-07-08T01:14:24Z,834,20,0,1,3,0,1,1,1,1783473167
2026-07-08T01:14:24Z,835,10,0,8,0,0,1,1,1,1783472150
2026-07-08T01:14:24Z,837,7,1,1,7,0,1,1,1,1783471934
2026-07-08T01:14:24Z,838,4,3,9,2,0,1,1,1,1783472994
2026-07-08T01:14:24Z,839,20,4,9,0,0,1,1,1,1783473211
2026-07-08T01:14:24Z,840,13,5,15,1,0,1,1,1,1783473215
2026-07-08T01:14:24Z,841,8,4,6,1,0,1,1,1,1783472984
2026-07-08T01:14:24Z,842,2,1,20,0,0,1,1,1,1783473002
2026-07-08T01:14:24Z,843,6,0,23,2,0,1,1,1,1783472252
2026-07-08T01:14:24Z,844,11,2,11,1,0,1,1,1,1783472685
2026-07-08T01:14:24Z,845,3,0,15,1,0,1,1,1,1783472030
2026-07-08T01:14:24Z,846,1,0,15,2,0,1,1,1,1783473240
2026-07-08T01:14:24Z,847,3,0,24,0,0,1,1,1,1783472207
2026-07-08T01:14:24Z,848,1,0,17,1,0,1,1,1,1783472774
2026-07-08T01:14:24Z,849,1,1,10,3,0,1,1,1,1783471465
2026-07-08T01:14:24Z,850,4,0,5,2,0,1,1,1,1783473149
2026-07-08T01:14:24Z,851,3,2,33,1,0,1,1,1,1783472381
2026-07-08T01:14:24Z,852,8,2,11,0,0,1,1,1,1783472437
2026-07-08T01:14:24Z,853,12,2,10,1,0,1,1,1,1783472158
2026-07-08T01:14:24Z,854,3,1,12,0,0,1,1,1,1783472049
2026-07-08T01:14:24Z,855,9,1,17,1,0,1,1,1,1783473249
2026-07-08T01:14:24Z,857,1,1,16,2,0,1,1,1,1783471991
2026-07-08T01:14:24Z,858,1,0,16,2,0,1,1,1,1783472029
2026-07-08T01:14:24Z,859,4,0,14,3,0,1,1,1,1783472049
2026-07-08T01:14:24Z,861,1,0,9,1,0,1,1,1,1783471892
2026-07-08T01:14:24Z,862,3,1,12,0,0,1,1,1,1783471915
2026-07-08T01:14:24Z,863,9,3,9,1,0,1,1,1,1783472082
2026-07-08T01:14:24Z,866,6,0,13,0,0,1,1,1,1783472308
2026-07-08T01:14:24Z,867,13,0,1,1,0,1,1,1,1783471889
2026-07-08T01:14:24Z,868,15,4,0,0,0,1,1,1,1783471958
2026-07-08T01:14:24Z,870,11,3,4,0,0,1,1,1,1783471958
2026-07-08T01:14:24Z,871,1,0,9,1,0,1,1,1,1783471891
2026-07-08T01:14:24Z,872,9,2,4,2,0,1,1,1,1783471984
2026-07-08T01:14:24Z,873,0,0,31,2,0,1,1,1,1783472298
2026-07-08T01:14:24Z,874,2,0,12,1,0,1,1,1,1783472708
2026-07-08T01:14:24Z,875,8,3,7,0,0,1,1,1,1783472047
2026-07-08T01:14:24Z,877,5,4,12,2,0,1,1,1,1783472060
2026-07-08T01:14:24Z,878,8,0,11,0,0,1,1,1,1783472073
2026-07-08T01:14:24Z,879,5,1,12,2,0,1,1,1,1783472065
2026-07-08T01:14:24Z,880,12,2,11,0,0,1,1,1,1783472162
2026-07-08T01:14:24Z,881,2,0,14,3,0,1,1,1,1783472247
2026-07-08T01:14:24Z,882,12,4,6,1,0,1,1,1,1783472036
2026-07-08T01:14:24Z,883,11,5,8,0,0,1,1,1,1783471995
2026-07-08T01:14:24Z,884,6,5,14,1,0,1,1,1,1783472125
2026-07-08T01:14:24Z,885,19,1,0,0,0,1,1,1,1783471992
2026-07-08T01:14:24Z,886,5,4,21,3,0,1,1,1,1783473181
2026-07-08T01:14:24Z,887,1,0,15,1,0,1,1,1,1783473009
2026-07-08T01:14:24Z,888,9,1,32,0,0,1,1,1,1783473237
2026-07-08T01:14:24Z,889,16,0,2,1,0,1,1,1,1783473239
2026-07-08T01:14:24Z,890,1,1,14,0,0,1,1,1,1783472001
2026-07-08T01:14:24Z,891,11,1,9,3,0,1,1,1,1783472113
2026-07-08T01:14:24Z,892,13,2,1,1,0,1,1,1,1783473228
2026-07-08T01:14:24Z,895,11,1,8,0,0,1,1,1,1783472929
2026-07-08T01:14:24Z,896,18,0,16,1,0,1,1,1,1783472776
2026-07-08T01:14:24Z,897,10,1,10,1,0,1,1,1,1783472110
2026-07-08T01:14:24Z,898,13,0,6,0,0,1,1,1,1783472024
2026-07-08T01:14:24Z,899,16,0,3,0,0,1,1,1,1783472818
2026-07-08T01:14:24Z,900,14,2,13,0,0,1,1,1,1783473184
2026-07-08T01:14:24Z,901,12,0,7,0,0,1,1,1,1783472899
2026-07-08T01:14:24Z,902,4,1,9,2,0,1,1,1,1783471954
2026-07-08T01:14:24Z,903,3,0,16,0,0,1,1,1,1783472016
2026-07-08T01:14:24Z,904,12,0,4,3,0,1,1,1,1783473168
2026-07-08T01:14:24Z,905,2,1,24,1,0,1,1,1,1783472974
2026-07-08T01:14:24Z,906,12,9,13,2,0,1,1,1,1783473128
2026-07-08T01:14:24Z,907,18,0,12,1,0,1,1,1,1783473067
2026-07-08T01:14:24Z,908,8,4,14,1,0,1,1,1,1783472368
2026-07-08T01:14:24Z,909,12,1,10,1,0,1,1,1,1783473189
2026-07-08T01:14:24Z,910,21,1,8,2,0,1,1,1,1783473184
2026-07-08T01:14:24Z,911,10,0,7,2,0,1,1,1,1783473130
2026-07-08T01:14:24Z,912,17,2,4,2,0,1,1,1,1783473226
2026-07-08T01:14:24Z,913,7,2,12,0,0,1,1,1,1783472000
2026-07-08T01:14:24Z,914,5,0,12,2,0,1,1,1,1783473123
2026-07-08T01:14:24Z,915,18,0,4,1,0,1,1,1,1783472979
2026-07-08T01:14:24Z,916,20,3,3,0,0,1,1,1,1783472701
2026-07-08T01:14:24Z,917,4,0,31,0,0,1,1,1,1783473054
2026-07-08T01:14:24Z,918,8,1,11,0,0,1,1,1,1783473160
2026-07-08T01:14:24Z,919,7,1,31,1,0,1,1,1,1783473181
2026-07-08T01:14:24Z,920,9,4,9,1,0,1,1,1,1783472014
2026-07-08T01:14:24Z,921,17,0,2,2,0,1,1,1,1783473019
2026-07-08T01:14:24Z,922,10,0,11,0,0,1,1,1,1783472339
2026-07-08T01:14:24Z,923,0,0,18,1,0,1,1,1,1783472381
2026-07-08T01:14:24Z,924,6,1,14,1,0,1,1,1,1783472067
2026-07-08T01:14:24Z,925,6,0,13,2,0,1,1,1,1783472062
2026-07-08T01:14:24Z,926,2,0,18,1,0,1,1,1,1783471770
2026-07-08T01:14:24Z,927,0,0,34,0,0,1,1,1,1783472282
2026-07-08T01:14:24Z,928,10,0,9,0,0,1,1,1,1783473013
2026-07-08T01:14:24Z,929,0,0,23,0,0,1,1,1,1783472632
2026-07-08T01:14:24Z,930,21,1,8,2,0,1,1,1,1783472655
2026-07-08T01:14:24Z,931,5,5,17,1,0,1,1,1,1783473191
2026-07-08T01:14:24Z,932,2,0,17,0,0,1,1,1,1783473253
2026-07-08T01:14:24Z,933,21,0,1,1,0,1,1,1,1783473040
2026-07-08T01:14:24Z,934,0,0,31,0,0,1,1,1,1783472215
2026-07-08T01:14:24Z,935,13,2,3,3,0,1,1,1,1783473147
2026-07-08T01:14:24Z,936,1,0,18,0,0,1,1,1,1783472568
2026-07-08T01:14:24Z,940,10,0,1,0,0,1,1,1,1783473235
2026-07-08T01:14:24Z,941,17,2,8,0,0,1,1,1,1783472842
2026-07-08T01:14:24Z,942,1,0,20,0,0,1,1,1,1783472543
2026-07-08T01:14:24Z,943,4,4,10,1,0,1,1,1,1783471906
2026-07-08T01:14:24Z,944,7,7,7,1,0,1,1,1,1783471960
2026-07-08T01:14:24Z,945,6,3,8,1,0,1,1,1,1783471951
2026-07-08T01:14:24Z,946,10,7,9,0,0,1,1,1,1783471988
2026-07-08T01:14:24Z,947,8,6,9,0,0,1,1,1,1783471944
2026-07-08T01:14:24Z,948,6,5,24,1,0,1,1,1,1783473252
2026-07-08T01:14:24Z,949,1,1,13,1,0,1,1,1,1783473158
2026-07-08T01:14:24Z,950,3,1,13,1,0,1,1,1,1783472852
2026-07-08T01:14:24Z,951,9,2,13,1,0,1,1,1,1783473247
2026-07-08T01:14:24Z,952,17,0,31,7,0,1,1,1,1783473041
2026-07-08T01:14:24Z,953,14,0,0,1,0,1,1,1,1783472704
2026-07-08T01:14:24Z,954,15,3,4,0,0,1,1,1,1783473255
2026-07-08T01:14:24Z,955,3,3,18,6,0,1,1,1,1783473050
2026-07-08T01:14:24Z,956,15,2,2,2,0,1,1,1,1783473237
2026-07-08T01:14:24Z,957,28,5,1,0,0,1,1,1,1783473208
2026-07-08T01:14:24Z,958,17,0,11,3,0,1,1,1,1783473108
2026-07-08T01:14:24Z,959,17,6,5,1,0,1,1,1,1783473147
2026-07-08T01:14:24Z,960,19,0,2,2,0,1,1,1,1783473010
2026-07-08T01:14:24Z,961,3,0,16,4,0,1,1,1,1783472445
2026-07-08T01:14:24Z,962,2,2,26,7,0,1,1,1,1783472780
2026-07-08T01:14:24Z,963,17,0,6,0,0,1,1,1,1783472995
2026-07-08T01:14:24Z,964,18,10,4,1,0,1,1,1,1783473197
2026-07-08T01:14:24Z,965,8,2,17,2,0,1,1,1,1783472858
2026-07-08T01:14:24Z,966,24,2,6,1,0,1,1,1,1783473193
2026-07-08T01:14:24Z,967,15,0,3,3,0,1,1,1,1783472989
2026-07-08T01:14:24Z,968,17,1,2,0,0,1,1,1,1783473032
2026-07-08T01:14:24Z,969,18,7,7,2,0,1,1,1,1783472173
2026-07-08T01:14:24Z,970,14,5,4,1,0,1,1,1,1783473067
2026-07-08T01:14:24Z,971,20,1,1,2,0,1,1,1,1783472968
2026-07-08T01:14:24Z,972,19,1,4,0,0,1,1,1,1783472139
2026-07-08T01:14:24Z,973,1,1,21,1,0,1,1,1,1783473088
2026-07-08T01:14:24Z,974,0,0,26,1,0,1,1,1,1783473220
2026-07-08T01:14:24Z,977,1,1,18,2,0,1,1,1,1783472208
2026-07-08T01:14:24Z,978,7,1,16,0,0,1,1,1,1783473129
2026-07-08T01:14:24Z,979,1,1,14,2,0,1,1,1,1783473194
2026-07-08T01:14:24Z,980,0,0,21,0,0,1,1,1,1783472742
2026-07-08T01:14:24Z,981,18,0,2,1,0,1,1,1,1783472975
2026-07-08T01:14:24Z,982,4,1,15,0,0,1,1,1,1783472023
2026-07-08T01:14:24Z,983,0,0,23,0,0,1,1,1,1783472160
2026-07-08T01:14:24Z,984,20,8,0,3,0,1,1,1,1783472168
2026-07-08T01:14:24Z,985,6,0,25,0,0,1,1,1,1783473163
2026-07-08T01:14:24Z,986,9,8,10,0,0,1,1,1,1783472052
2026-07-08T01:14:24Z,987,3,0,19,1,0,1,1,1,1783472128
2026-07-08T01:14:24Z,988,5,0,12,2,0,1,1,1,1783472039
2026-07-08T01:14:24Z,989,14,10,3,2,0,1,1,1,1783472088
2026-07-08T01:14:24Z,990,5,0,9,1,0,1,1,1,1783472923
2026-07-08T01:14:24Z,991,16,9,3,0,0,1,1,1,1783472115
2026-07-08T01:14:24Z,992,4,2,18,1,0,1,1,1,1783472203
2026-07-08T01:14:24Z,993,0,0,25,2,0,1,1,1,1783472190
2026-07-08T01:14:24Z,994,1,0,18,2,0,1,1,1,1783472310
2026-07-08T01:14:24Z,995,0,0,27,0,0,1,1,1,1783472151
2026-07-08T01:14:24Z,996,9,4,12,2,0,1,1,1,1783472181
2026-07-08T01:14:24Z,997,7,2,11,5,0,1,1,1,1783473194
2026-07-08T01:14:24Z,998,5,1,18,0,0,1,1,1,1783473250
2026-07-08T01:14:24Z,999,7,2,12,1,1,1,1,1,1783472115
2026-07-08T01:14:24Z,1000,5,0,15,1,0,1,1,1,1783472070
2026-07-08T01:14:24Z,1001,1,0,26,0,0,1,1,1,1783472150
2026-07-08T01:14:24Z,1002,0,0,31,0,0,1,1,1,1783472207
2026-07-08T01:14:24Z,1003,0,0,23,0,0,1,1,1,1783472116
2026-07-08T01:14:24Z,1004,7,0,16,0,0,1,1,1,1783472773
2026-07-08T01:14:24Z,1005,5,2,17,1,0,1,1,1,1783472120
2026-07-08T01:14:24Z,1006,10,1,9,0,0,1,1,1,1783472040
2026-07-08T01:14:24Z,1007,2,0,18,1,0,1,1,1,1783472066
2026-07-08T01:14:24Z,1008,18,8,5,0,0,1,1,1,1783472155
2026-07-08T01:14:24Z,1009,5,1,24,2,0,1,1,1,1783472287
2026-07-08T01:14:24Z,1010,9,8,18,0,0,1,1,1,1783472194
2026-07-08T01:14:24Z,1011,2,1,15,2,0,1,1,1,1783472033
2026-07-08T01:14:24Z,1012,1,0,21,1,0,1,1,1,1783472127
2026-07-08T01:14:24Z,1013,4,2,18,1,0,1,1,1,1783472140
2026-07-08T01:14:24Z,1014,6,1,15,2,0,1,1,1,1783472115
2026-07-08T01:14:24Z,1015,8,3,23,0,0,1,1,1,1783472224
2026-07-08T01:14:24Z,1016,17,6,13,1,0,1,1,1,1783472246
2026-07-08T01:14:24Z,1017,8,0,12,1,0,1,1,1,1783472089
2026-07-08T01:14:24Z,1018,3,2,13,5,0,1,1,1,1783473256
2026-07-08T01:14:24Z,1019,13,1,1,1,0,1,1,1,1783471971
2026-07-08T01:14:24Z,1020,14,2,7,0,0,1,1,1,1783472085
2026-07-08T01:14:24Z,1021,12,6,3,0,0,1,1,1,1783471986
2026-07-08T01:14:24Z,1022,12,1,15,0,0,1,1,1,1783472162
2026-07-08T01:14:24Z,1023,13,0,10,0,0,1,1,1,1783472179
2026-07-08T01:14:24Z,1024,3,0,16,0,0,1,1,1,1783472026
2026-07-08T01:14:24Z,1025,15,1,4,0,0,1,1,1,1783472039
2026-07-08T01:14:24Z,1026,12,7,18,1,0,1,1,1,1783472240
2026-07-08T01:14:24Z,1028,14,4,9,0,0,1,1,1,1783473255
2026-07-08T01:14:24Z,1029,10,8,2,3,0,1,1,1,1783471984
2026-07-08T01:14:24Z,1030,17,5,6,0,0,1,1,1,1783472182
2026-07-08T01:14:24Z,1031,2,2,16,1,0,1,1,1,1783472040
2026-07-08T01:14:24Z,1032,10,3,9,0,0,1,1,1,1783472937
2026-07-08T01:14:24Z,1033,18,8,0,1,0,1,1,1,1783472086
2026-07-08T01:14:24Z,1034,8,0,7,0,0,1,1,1,1783471970
2026-07-08T01:14:24Z,1035,3,0,15,1,0,1,1,1,1783472339
2026-07-08T01:14:24Z,1036,14,4,1,0,0,1,1,1,1783471984
2026-07-08T01:14:24Z,1037,0,0,19,0,0,1,1,1,1783472030
2026-07-08T01:14:24Z,1038,1,0,14,0,0,1,1,1,1783472350
2026-07-08T01:14:24Z,1039,13,7,6,0,0,1,1,1,1783473055
2026-07-08T01:14:24Z,1040,1,0,17,1,0,1,1,1,1783472699
2026-07-08T01:14:24Z,1041,3,2,16,0,0,1,1,1,1783472028
2026-07-08T01:14:24Z,1042,9,2,6,0,0,1,1,1,1783471967
2026-07-08T01:14:24Z,1043,9,6,10,0,0,1,1,1,1783472050
2026-07-08T01:14:24Z,1044,0,0,15,0,0,1,1,1,1783471957
2026-07-08T01:14:24Z,1045,2,2,17,0,0,1,1,1,1783472984
2026-07-08T01:14:24Z,1046,7,0,5,3,0,1,1,1,1783472282
2026-07-08T01:14:24Z,1047,1,1,19,1,0,1,1,1,1783472059
2026-07-08T01:14:24Z,1048,15,0,4,0,0,1,1,1,1783473119
2026-07-08T01:14:24Z,1049,11,2,10,0,0,1,1,1,1783472096
2026-07-08T01:14:24Z,1050,14,1,5,2,0,1,1,1,1783472123
2026-07-08T01:14:24Z,1051,15,2,5,1,0,1,1,1,1783472102
2026-07-08T01:14:24Z,1052,12,1,10,0,0,1,1,1,1783472133
2026-07-08T01:14:24Z,1053,6,0,9,0,0,1,1,1,1783471974
2026-07-08T01:14:24Z,1054,11,3,4,0,0,1,1,1,1783472564
2026-07-08T01:14:24Z,1055,8,0,11,0,0,1,1,1,1783472036
2026-07-08T01:14:24Z,1057,7,0,12,0,0,1,1,1,1783473027
2026-07-08T01:14:24Z,1058,3,1,53,0,0,1,1,1,1783473243
2026-07-08T01:14:24Z,1059,5,2,14,0,0,1,1,1,1783472014
2026-07-08T01:14:24Z,1060,32,13,5,0,0,1,1,1,1783472446
2026-07-08T01:14:24Z,1061,0,0,37,0,0,1,1,1,1783472331
2026-07-08T01:14:24Z,1062,6,0,11,0,0,1,1,1,1783471925
2026-07-08T01:14:24Z,1063,13,3,4,2,0,1,1,1,1783472034
2026-07-08T01:14:24Z,1064,10,2,13,0,0,1,1,1,1783473199
2026-07-08T01:14:24Z,1065,10,2,11,2,0,1,1,1,1783472158
2026-07-08T01:14:24Z,1066,14,3,7,2,0,1,1,1,1783472180
2026-07-08T01:14:24Z,1067,7,0,13,3,0,1,1,1,1783472132
2026-07-08T01:14:24Z,1068,13,1,9,1,0,1,1,1,1783472123
2026-07-08T01:14:24Z,1069,3,0,19,1,0,1,1,1,1783472153
2026-07-08T01:14:24Z,1070,7,4,15,1,0,1,1,1,1783472131
2026-07-08T01:14:24Z,1071,0,0,22,1,0,1,1,1,1783472119
2026-07-08T01:14:24Z,1072,13,2,8,2,0,1,1,1,1783472165
2026-07-08T01:14:24Z,1073,1,0,25,1,0,1,1,1,1783472913
2026-07-08T01:14:24Z,1074,46,1,4,3,0,1,1,1,1783473095
2026-07-08T01:14:24Z,1075,10,9,11,0,0,1,1,1,1783472096
2026-07-08T01:14:24Z,1076,16,12,5,0,0,1,1,1,1783472083
2026-07-08T01:14:24Z,1077,10,9,11,0,0,1,1,1,1783472091
2026-07-08T01:14:24Z,1078,2,0,19,0,0,1,1,1,1783471790
2026-07-08T01:14:24Z,1079,10,8,11,0,0,1,1,1,1783472082
2026-07-08T01:14:24Z,1080,9,7,12,0,0,1,1,1,1783472113
2026-07-08T01:14:24Z,1081,13,9,6,0,0,1,1,1,1783472875
2026-07-08T01:14:24Z,1082,13,11,10,0,0,1,1,1,1783472820
2026-07-08T01:14:24Z,1083,11,8,10,0,0,1,1,1,1783472101
2026-07-08T01:14:24Z,1084,11,8,10,0,0,1,1,1,1783472910
2026-07-08T01:14:24Z,1085,10,9,11,0,0,1,1,1,1783472182
2026-07-08T01:14:24Z,1086,5,5,16,0,0,1,1,1,1783473095
2026-07-08T01:14:24Z,1087,11,10,4,0,0,1,1,1,1783472532
2026-07-08T01:14:24Z,1088,5,4,10,0,0,1,1,1,1783472397
2026-07-08T01:14:24Z,1089,11,9,4,0,0,1,1,1,1783471977
2026-07-08T01:14:24Z,1090,8,7,7,0,0,1,1,1,1783471978
2026-07-08T01:14:24Z,1091,10,8,5,0,0,1,1,1,1783471982
2026-07-08T01:14:24Z,1092,8,7,7,0,0,1,1,1,1783473223
2026-07-08T01:14:24Z,1093,9,7,6,0,0,1,1,1,1783471988
2026-07-08T01:14:24Z,1094,12,9,7,0,0,1,1,1,1783472020
2026-07-08T01:14:24Z,1095,8,6,7,0,0,1,1,1,1783471918
2026-07-08T01:14:24Z,1096,10,7,9,0,0,1,1,1,1783472072
2026-07-08T01:14:24Z,1097,9,9,6,0,0,1,1,1,1783472000
2026-07-08T01:14:24Z,1098,9,7,10,0,0,1,1,1,1783472430
2026-07-08T01:14:24Z,1099,10,8,5,0,0,1,1,1,1783473146
2026-07-08T01:14:24Z,1100,9,5,18,2,0,1,1,1,1783472225
2026-07-08T01:14:24Z,1101,12,7,8,1,0,1,1,1,1783472115
2026-07-08T01:14:24Z,1102,9,4,4,0,0,1,1,1,1783472263
2026-07-08T01:14:24Z,1103,10,5,9,2,0,1,1,1,1783472096
2026-07-08T01:14:24Z,1104,9,5,12,0,0,1,1,1,1783472083
2026-07-08T01:14:24Z,1105,6,2,5,2,0,1,1,1,1783471915
2026-07-08T01:14:24Z,1106,10,5,10,1,0,1,1,1,1783472093
2026-07-08T01:14:24Z,1107,9,4,5,1,0,1,1,1,1783471962
2026-07-08T01:14:24Z,1108,4,2,19,4,0,1,1,1,1783472166
2026-07-08T01:14:24Z,1109,10,5,5,0,0,1,1,1,1783471965
2026-07-08T01:14:24Z,1110,12,1,9,0,0,1,1,1,1783472081
2026-07-08T01:14:24Z,1111,4,0,17,0,0,1,1,1,1783472080
2026-07-08T01:14:24Z,1112,0,0,53,0,0,1,1,1,1783472857
2026-07-08T01:14:24Z,1113,2,2,19,0,0,1,1,1,1783472007
2026-07-08T01:14:24Z,1115,9,0,12,2,0,1,1,1,1783472454
2026-07-08T01:14:24Z,1116,1,0,18,0,0,1,1,1,1783472029
2026-07-08T01:14:24Z,1117,4,2,19,0,0,1,1,1,1783472841
2026-07-08T01:14:24Z,1118,14,0,7,0,0,1,1,1,1783473143
2026-07-08T01:14:24Z,1119,4,1,12,1,0,1,1,1,1783472008
2026-07-08T01:14:24Z,1120,12,1,4,3,0,1,1,1,1783472927
2026-07-08T01:14:24Z,1121,9,0,12,0,0,1,1,1,1783472954
2026-07-08T01:14:24Z,1122,10,3,8,3,0,1,1,1,1783473252
2026-07-08T01:14:24Z,1123,5,0,16,2,0,1,1,1,1783473182
2026-07-08T01:14:24Z,1124,8,0,6,1,0,1,1,1,1783473247
2026-07-08T01:14:24Z,1125,16,0,7,0,0,1,1,1,1783472130
2026-07-08T01:14:24Z,1126,2,0,18,1,0,1,1,1,1783473248
2026-07-08T01:14:24Z,1127,9,0,9,1,0,1,1,1,1783473150
2026-07-08T01:14:24Z,1128,13,2,1,1,0,1,1,1,1783471963
2026-07-08T01:14:24Z,1129,7,2,14,0,0,1,1,1,1783472736
2026-07-08T01:14:24Z,1130,9,0,5,1,0,1,1,1,1783472417
2026-07-08T01:14:24Z,1131,0,0,49,0,0,1,1,1,1783472546
2026-07-08T01:14:24Z,1132,10,0,9,2,0,1,1,1,1783472294
2026-07-08T01:14:24Z,1133,5,3,15,1,0,1,1,1,1783472559
2026-07-08T01:14:24Z,1134,10,4,8,1,0,1,1,1,1783472154
2026-07-08T01:14:24Z,1135,14,7,7,0,0,1,1,1,1783472614
2026-07-08T01:14:24Z,1136,19,0,3,1,0,1,1,1,1783472547
2026-07-08T01:14:24Z,1137,1,0,14,0,0,1,1,1,1783473057
2026-07-08T01:14:24Z,1138,8,1,11,0,0,1,1,1,1783473247
2026-07-08T01:14:24Z,1139,14,0,7,0,0,1,1,1,1783473068
2026-07-08T01:14:24Z,1140,14,1,7,2,0,1,1,1,1783472944
2026-07-08T01:14:24Z,1141,4,2,16,1,0,1,1,1,1783473094
2026-07-08T01:14:24Z,1142,5,0,16,0,0,1,1,1,1783472096
2026-07-08T01:14:24Z,1143,18,0,10,1,0,1,1,1,1783472948
2026-07-08T01:14:24Z,1144,3,1,17,1,0,1,1,1,1783400779
2026-07-08T01:14:24Z,1145,6,2,11,3,0,1,1,1,1783472837
2026-07-08T01:14:24Z,1146,3,1,16,0,0,1,1,1,1783473230
2026-07-08T01:14:24Z,1147,10,1,8,1,0,1,1,1,1783472947
2026-07-08T01:14:24Z,1148,12,2,18,1,0,1,1,1,1783473103
2026-07-08T01:14:24Z,1149,3,2,21,1,0,1,1,1,1783473163
2026-07-08T01:14:24Z,1150,18,1,0,1,0,1,1,1,1783472080
2026-07-08T01:14:24Z,1151,1,0,19,1,0,1,1,1,1783472049
2026-07-08T01:14:24Z,1152,10,0,17,2,0,1,1,1,1783472611
2026-07-08T01:14:24Z,1153,17,1,5,1,0,1,1,1,1783473006
2026-07-08T01:14:24Z,1154,2,0,15,2,0,1,1,1,1783472000
2026-07-08T01:14:24Z,1155,12,2,7,2,0,1,1,1,1783473218
2026-07-08T01:14:24Z,1158,6,0,13,0,0,1,1,1,1783472800
2026-07-08T01:14:24Z,1159,5,5,14,0,0,1,1,1,1783472670
2026-07-08T01:14:24Z,1160,12,2,6,1,0,1,1,1,1783472830
2026-07-08T01:14:24Z,1161,8,2,11,0,0,1,1,1,1783472066
2026-07-08T01:14:24Z,1162,12,4,6,1,0,1,1,1,1783472050
2026-07-08T01:14:24Z,1163,2,2,17,0,0,1,1,1,1783472015
2026-07-08T01:14:24Z,1164,8,0,11,0,0,1,1,1,1783472019
2026-07-08T01:14:24Z,1165,5,1,15,1,0,1,1,1,1783473243
2026-07-08T01:14:24Z,1166,1,0,19,0,0,1,1,1,1783472748
2026-07-08T01:14:24Z,1167,12,2,3,0,0,1,1,1,1783471954
2026-07-08T01:14:24Z,1168,1,1,22,0,0,1,1,1,1783472172
2026-07-08T01:14:24Z,1169,3,2,15,1,0,1,1,1,1783472031
2026-07-08T01:14:24Z,1170,8,5,13,0,0,1,1,1,1783472092
2026-07-08T01:14:24Z,1171,16,14,6,1,0,1,1,1,1783472164
2026-07-08T01:14:24Z,1172,9,3,4,2,0,1,1,1,1783471972
2026-07-08T01:14:24Z,1173,1,1,17,1,0,1,1,1,1783472035
2026-07-08T01:14:24Z,1174,2,0,12,1,0,1,1,1,1783472595
2026-07-08T01:14:24Z,1175,6,0,13,0,0,1,1,1,1783472010
2026-07-08T01:14:24Z,1176,19,5,2,0,0,1,1,1,1783472073
2026-07-08T01:14:24Z,1177,11,2,10,0,0,1,1,1,1783472065
2026-07-08T01:14:24Z,1178,4,0,9,2,0,1,1,1,1783472088
2026-07-08T01:14:24Z,1181,7,0,8,0,0,1,1,1,1783473156
2026-07-08T01:14:24Z,1182,2,0,18,0,0,1,1,1,1783473160
2026-07-08T01:14:24Z,1183,1,1,34,2,0,1,1,1,1783473131
2026-07-08T01:14:24Z,1184,13,6,6,2,0,1,1,1,1783472992
2026-07-08T01:14:24Z,1185,13,6,8,0,0,1,1,1,1783472093
2026-07-08T01:14:24Z,1186,9,5,9,1,0,1,1,1,1783472028
2026-07-08T01:14:24Z,1188,7,4,8,0,0,1,1,1,1783472290
2026-07-08T01:14:24Z,1189,10,5,9,0,0,1,1,1,1783471577
2026-07-08T01:14:24Z,1190,9,5,12,0,0,1,1,1,1783472066
2026-07-08T01:14:24Z,1191,8,4,6,1,0,1,1,1,1783472096
2026-07-08T01:14:24Z,1192,8,4,12,1,0,1,1,1,1783472119
2026-07-08T01:14:24Z,1193,4,2,8,1,0,1,1,1,1783473256
2026-07-08T01:14:24Z,1197,13,3,3,1,0,1,1,1,1783471936
2026-07-08T01:14:24Z,1198,15,9,6,0,0,1,1,1,1783472083
2026-07-08T01:14:24Z,1199,3,3,16,0,0,1,1,1,1783472015
2026-07-08T01:14:24Z,1200,11,4,4,0,0,1,1,1,1783471797
2026-07-08T01:14:24Z,1201,8,4,6,1,0,1,1,1,1783471821
2026-07-08T01:14:24Z,1202,9,5,6,0,0,1,1,1,1783471787
2026-07-08T01:14:24Z,1203,9,5,6,0,0,1,1,1,1783472685
2026-07-08T01:14:24Z,1218,7,4,14,0,0,1,1,1,1783472111
2026-07-08T01:14:24Z,1224,0,0,3,0,0,0,1,1,1781869449
2026-07-08T01:14:24Z,1225,0,0,3,0,0,0,1,1,1781868919
2026-07-08T01:14:24Z,1226,0,0,3,0,0,0,1,1,1781868931
